2016.04.22 15:00:00.295,2.09875,2.09936,1.75,1.75
2016.04.22 15:00:00.397,2.09889,2.09944,1.12,1.50
2016.04.22 15:00:00.499,2.09892,2.09951,1.50,1.00
2016.04.22 15:00:00.601,2.09896,2.09952,1.37,1.00
2016.04.22 15:00:00.704,2.09896,2.09955,1.12,1.00
2016.04.22 15:00:00.807,2.09898,2.09955,1.00,1.00
2016.04.22 15:00:00.908,2.09894,2.09955,1.75,1.75
2016.04.22 15:00:01.082,2.09892,2.09955,1.50,1.50
2016.04.22 15:00:01.133,2.09891,2.09947,1.37,1.37
2016.04.22 15:00:01.693,2.09884,2.09946,1.00,1.75
2016.04.22 15:00:01.744,2.09884,2.09946,1.37,1.75
2016.04.22 15:00:02.052,2.0988,2.09941,1.00,1.75
2016.04.22 15:00:02.558,2.0988,2.09937,1.00,1.00
2016.04.22 15:00:02.863,2.0988,2.09941,1.75,1.50
2016.04.22 15:00:03.268,2.0988,2.09941,2.25,1.37
2016.04.22 15:00:03.319,2.09884,2.09946,1.75,1.50
2016.04.22 15:00:03.399,2.0989,2.09947,1.00,1.75
2016.04.22 15:00:03.552,2.09895,2.09958,1.12,1.75
2016.04.22 15:00:03.772,2.09895,2.09958,1.75,1.75
2016.04.22 15:00:03.873,2.09895,2.09958,1.37,1.75
2016.04.22 15:00:03.974,2.09895,2.0995,1.00,1.00
2016.04.22 15:00:04.278,2.09895,2.0995,1.00,1.50
2016.04.22 15:00:04.719,2.09895,2.0995,1.00,1.75
2016.04.22 15:00:04.821,2.09891,2.0995,1.00,1.75
2016.04.22 15:00:04.973,2.09887,2.09946,1.00,1.12
2016.04.22 15:00:05.024,2.09884,2.09946,2.25,1.37
2016.04.22 15:00:05.075,2.09884,2.09942,1.87,1.37
2016.04.22 15:00:05.428,2.09884,2.09941,1.00,1.87
2016.04.22 15:00:05.566,2.09878,2.09941,1.37,2.25
2016.04.22 15:00:05.617,2.09878,2.09941,1.37,2.25
2016.04.22 15:00:05.668,2.09878,2.09941,1.75,1.50
2016.04.22 15:00:05.769,2.09878,2.09941,1.75,1.50
2016.04.22 15:00:05.820,2.09878,2.09941,1.75,1.87
2016.04.22 15:00:05.871,2.09878,2.09941,1.75,1.37
2016.04.22 15:00:05.922,2.09878,2.09941,1.75,1.00
2016.04.22 15:00:06.225,2.09883,2.09941,1.50,1.75
2016.04.22 15:00:06.327,2.09875,2.09936,1.12,1.12
2016.04.22 15:00:06.428,2.09875,2.09937,1.75,1.75
2016.04.22 15:00:06.651,2.09875,2.09935,1.37,1.37
2016.04.22 15:00:06.954,2.0987,2.09931,1.00,1.12
2016.04.22 15:00:07.056,2.0987,2.09931,1.00,1.12
2016.04.22 15:00:07.157,2.0987,2.09928,1.37,1.37
2016.04.22 15:00:07.259,2.0987,2.09931,1.37,1.12
2016.04.22 15:00:07.544,2.0987,2.09932,1.37,1.75
2016.04.22 15:00:07.595,2.0987,2.09932,1.37,1.37
2016.04.22 15:00:07.646,2.0987,2.09932,1.37,1.50
2016.04.22 15:00:07.747,2.0987,2.09932,1.50,1.37
2016.04.22 15:00:07.798,2.0987,2.09932,1.12,1.75
2016.04.22 15:00:07.849,2.0987,2.09932,1.12,1.75
2016.04.22 15:00:08.474,2.0987,2.09932,1.37,1.75
2016.04.22 15:00:08.778,2.0987,2.09932,1.75,1.12
2016.04.22 15:00:08.879,2.0987,2.09932,1.75,1.12
2016.04.22 15:00:08.980,2.0987,2.09932,1.75,1.12
2016.04.22 15:00:09.082,2.0987,2.09932,1.75,1.00
2016.04.22 15:00:09.133,2.09875,2.09934,1.50,1.00
2016.04.22 15:00:09.184,2.09875,2.09936,1.75,1.00
2016.04.22 15:00:09.663,2.09875,2.09936,1.75,1.12
2016.04.22 15:00:09.765,2.09875,2.09936,1.50,1.50
2016.04.22 15:00:10.068,2.0987,2.09929,1.00,1.12
2016.04.22 15:00:10.272,2.0987,2.09932,1.12,1.87
2016.04.22 15:00:10.758,2.0987,2.09928,1.37,1.00
2016.04.22 15:00:10.961,2.0987,2.09932,1.12,2.25
2016.04.22 15:00:11.063,2.0987,2.09932,1.50,1.87
2016.04.22 15:00:11.391,2.09874,2.09937,1.75,1.37
2016.04.22 15:00:11.593,2.09875,2.09937,1.75,1.37
2016.04.22 15:00:12.305,2.09879,2.0994,1.75,1.37
2016.04.22 15:00:12.407,2.09878,2.0994,1.87,1.12
2016.04.22 15:00:12.458,2.09878,2.09936,1.00,1.37
2016.04.22 15:00:12.508,2.09876,2.09936,1.00,1.50
2016.04.22 15:00:12.559,2.0987,2.09932,1.50,1.37
2016.04.22 15:00:12.610,2.09869,2.09932,1.37,1.75
2016.04.22 15:00:12.863,2.09866,2.09926,1.12,1.37
2016.04.22 15:00:13.313,2.09862,2.09921,1.50,1.00
2016.04.22 15:00:13.415,2.09857,2.09919,1.75,1.00
2016.04.22 15:00:13.466,2.09861,2.09923,1.75,1.37
2016.04.22 15:00:13.567,2.09861,2.09922,1.75,1.37
2016.04.22 15:00:14.101,2.09867,2.09928,1.75,1.75
2016.04.22 15:00:14.310,2.09869,2.09928,1.00,1.12
2016.04.22 15:00:14.412,2.09867,2.09929,1.75,1.87
2016.04.22 15:00:14.513,2.09867,2.09928,1.75,1.75
2016.04.22 15:00:14.614,2.09867,2.09923,1.00,1.12
2016.04.22 15:00:14.716,2.09862,2.09921,1.50,1.37
2016.04.22 15:00:15.050,2.09862,2.09921,1.50,1.37
2016.04.22 15:00:15.203,2.09862,2.09922,1.87,1.00
2016.04.22 15:00:15.406,2.09862,2.09924,1.87,1.50
2016.04.22 15:00:15.507,2.09866,2.09926,1.37,1.12
2016.04.22 15:00:15.632,2.09869,2.09928,1.75,1.84
2016.04.22 15:00:15.734,2.09866,2.09925,1.75,1.00
2016.04.22 15:00:15.885,2.09862,2.09923,1.12,1.37
2016.04.22 15:00:15.987,2.09862,2.09923,1.12,1.37
2016.04.22 15:00:16.088,2.09862,2.09923,1.12,1.50
2016.04.22 15:00:16.510,2.09858,2.09918,1.12,1.75
2016.04.22 15:00:16.715,2.09849,2.09913,1.75,1.75
2016.04.22 15:00:17.019,2.09844,2.09906,1.87,1.75
2016.04.22 15:00:17.071,2.09844,2.09905,1.12,1.75
2016.04.22 15:00:17.459,2.09844,2.09905,1.00,1.75
2016.04.22 15:00:17.814,2.09844,2.09905,1.00,1.75
2016.04.22 15:00:18.118,2.09844,2.09901,1.12,1.00
2016.04.22 15:00:18.219,2.09844,2.09901,1.37,1.00
2016.04.22 15:00:18.561,2.09857,2.09907,1.37,1.00
2016.04.22 15:00:18.612,2.09857,2.09911,1.75,1.00
2016.04.22 15:00:18.815,2.09863,2.0992,1.75,1.09
2016.04.22 15:00:19.119,2.09869,2.09931,1.75,2.25
2016.04.22 15:00:19.333,2.09875,2.09932,1.12,1.37
2016.04.22 15:00:19.385,2.09875,2.09934,1.37,1.50
2016.04.22 15:00:19.689,2.09875,2.09937,1.75,2.25
2016.04.22 15:00:19.993,2.09875,2.09937,1.75,1.50
2016.04.22 15:00:20.385,2.0988,2.09944,1.75,1.75
2016.04.22 15:00:20.439,2.0988,2.09942,1.75,1.12
2016.04.22 15:00:20.541,2.0988,2.09937,1.75,1.12
2016.04.22 15:00:20.642,2.09879,2.09937,1.50,1.87
2016.04.22 15:00:20.693,2.09879,2.09937,1.50,1.87
2016.04.22 15:00:21.048,2.09872,2.09933,1.75,1.50
2016.04.22 15:00:21.149,2.09872,2.09933,1.75,1.75
2016.04.22 15:00:21.467,2.09864,2.09926,1.75,1.50
2016.04.22 15:00:21.771,2.09857,2.09917,1.75,1.12
2016.04.22 15:00:22.074,2.09857,2.09916,1.50,1.12
2016.04.22 15:00:22.304,2.09852,2.09914,2.25,1.75
2016.04.22 15:00:22.457,2.09852,2.0991,1.75,1.37
2016.04.22 15:00:22.709,2.09846,2.0991,1.75,1.37
2016.04.22 15:00:22.811,2.09855,2.09914,1.00,1.75
2016.04.22 15:00:22.862,2.09872,2.09914,1.50,1.75
2016.04.22 15:00:23.218,2.09878,2.09931,1.75,2.25
2016.04.22 15:00:23.270,2.09878,2.09942,1.75,1.37
2016.04.22 15:00:23.421,2.09878,2.0994,1.50,1.12
2016.04.22 15:00:23.523,2.09878,2.09937,1.12,1.12
2016.04.22 15:00:23.625,2.09873,2.09935,1.37,1.37
2016.04.22 15:00:23.726,2.09868,2.09929,1.50,1.75
2016.04.22 15:00:23.828,2.09867,2.09929,1.37,2.25
2016.04.22 15:00:24.031,2.09867,2.09929,1.75,1.87
2016.04.22 15:00:24.320,2.09867,2.09927,1.00,1.12
2016.04.22 15:00:24.523,2.09867,2.09927,1.37,1.37
2016.04.22 15:00:24.826,2.09867,2.09927,1.75,1.00
2016.04.22 15:00:25.201,2.09867,2.09929,1.75,1.00
2016.04.22 15:00:25.308,2.09867,2.09929,1.75,1.87
2016.04.22 15:00:25.410,2.09867,2.09929,1.75,1.50
2016.04.22 15:00:25.511,2.09867,2.09928,1.37,1.00
2016.04.22 15:00:25.612,2.09867,2.09929,1.75,1.37
2016.04.22 15:00:25.815,2.09867,2.09929,1.75,1.50
2016.04.22 15:00:25.916,2.09867,2.09929,1.75,1.87
2016.04.22 15:00:26.154,2.09867,2.09929,1.75,2.25
2016.04.22 15:00:26.205,2.09862,2.09924,1.75,1.00
2016.04.22 15:00:26.256,2.0987,2.09929,1.50,1.37
2016.04.22 15:00:26.307,2.0987,2.09929,1.75,1.00
2016.04.22 15:00:26.611,2.09877,2.09931,1.75,1.00
2016.04.22 15:00:26.778,2.09877,2.09939,1.75,1.00
2016.04.22 15:00:27.253,2.09882,2.09942,1.75,1.37
2016.04.22 15:00:27.658,2.09886,2.09948,1.75,1.75
2016.04.22 15:00:27.760,2.09892,2.09946,1.37,1.12
2016.04.22 15:00:27.861,2.09897,2.0995,1.50,1.75
2016.04.22 15:00:28.043,2.09904,2.09963,1.75,1.12
2016.04.22 15:00:28.144,2.09904,2.09963,1.75,1.12
2016.04.22 15:00:28.246,2.09904,2.09963,1.00,1.12
2016.04.22 15:00:28.348,2.09899,2.09957,1.50,1.12
2016.04.22 15:00:28.449,2.09899,2.0996,2.25,1.12
2016.04.22 15:00:28.551,2.09899,2.09957,1.75,1.12
2016.04.22 15:00:28.654,2.09899,2.09956,1.12,1.12
2016.04.22 15:00:29.274,2.09899,2.09961,1.12,1.75
2016.04.22 15:00:29.375,2.09899,2.09961,2.25,1.37
2016.04.22 15:00:29.679,2.099,2.09964,1.75,1.46
2016.04.22 15:00:29.885,2.09903,2.09964,1.75,1.00
2016.04.22 15:00:29.936,2.09907,2.0997,1.75,1.37
2016.04.22 15:00:29.987,2.09907,2.09971,1.75,1.87
2016.04.22 15:00:30.291,2.09907,2.0997,1.75,1.00
2016.04.22 15:00:30.495,2.09909,2.09971,1.75,1.87
2016.04.22 15:00:30.597,2.09907,2.09971,1.75,1.50
2016.04.22 15:00:30.822,2.09907,2.0997,1.75,1.00
2016.04.22 15:00:31.126,2.09913,2.09975,1.75,1.75
2016.04.22 15:00:31.177,2.09913,2.09975,1.75,1.75
2016.04.22 15:00:31.278,2.09913,2.09975,1.75,1.37
2016.04.22 15:00:31.380,2.09914,2.09975,1.00,1.37
2016.04.22 15:00:31.531,2.0991,2.0997,1.75,1.00
2016.04.22 15:00:31.875,2.09902,2.0996,1.37,1.00
2016.04.22 15:00:32.028,2.09897,2.0996,1.75,1.75
2016.04.22 15:00:32.079,2.09897,2.0996,1.00,1.75
2016.04.22 15:00:32.180,2.09897,2.0996,1.75,1.50
2016.04.22 15:00:32.231,2.09892,2.09955,2.25,1.00
2016.04.22 15:00:32.534,2.09891,2.09949,1.75,1.37
2016.04.22 15:00:32.585,2.09893,2.09949,1.00,1.50
2016.04.22 15:00:32.810,2.09885,2.09949,1.75,1.75
2016.04.22 15:00:32.962,2.09885,2.09949,1.75,1.75
2016.04.22 15:00:33.063,2.09892,2.09951,1.75,1.00
2016.04.22 15:00:33.165,2.09892,2.09954,1.75,1.87
2016.04.22 15:00:33.266,2.09892,2.09954,1.37,1.87
2016.04.22 15:00:33.368,2.09892,2.09954,1.12,1.87
2016.04.22 15:00:33.621,2.09871,2.09929,1.37,1.12
2016.04.22 15:00:33.800,2.09871,2.09931,1.75,1.12
2016.04.22 15:00:34.305,2.09864,2.09922,1.75,1.37
2016.04.22 15:00:34.356,2.09863,2.09922,1.37,1.84
2016.04.22 15:00:34.407,2.09863,2.09918,1.00,1.12
2016.04.22 15:00:34.458,2.0986,2.09913,1.00,1.75
2016.04.22 15:00:34.510,2.0986,2.09913,1.00,1.75
2016.04.22 15:00:34.612,2.09853,2.09913,1.75,1.12
2016.04.22 15:00:34.777,2.09858,2.09913,1.12,1.00
2016.04.22 15:00:34.878,2.09858,2.09914,1.75,1.00
2016.04.22 15:00:34.980,2.09858,2.09922,1.75,2.25
2016.04.22 15:00:35.031,2.09866,2.09922,1.12,1.00
2016.04.22 15:00:35.082,2.09866,2.09924,1.37,1.37
2016.04.22 15:00:35.386,2.09868,2.09924,1.12,1.00
2016.04.22 15:00:35.893,2.09869,2.09923,1.12,1.00
2016.04.22 15:00:36.196,2.09872,2.09923,1.50,1.00
2016.04.22 15:00:36.298,2.09872,2.09931,1.37,1.00
2016.04.22 15:00:36.400,2.09872,2.09935,1.37,2.25
2016.04.22 15:00:36.635,2.09872,2.09935,1.75,1.87
2016.04.22 15:00:36.789,2.09882,2.09935,1.37,1.00
2016.04.22 15:00:37.093,2.09882,2.09936,1.87,1.00
2016.04.22 15:00:37.744,2.09878,2.09936,1.87,1.12
2016.04.22 15:00:37.795,2.09878,2.09936,1.37,1.50
2016.04.22 15:00:37.897,2.09883,2.0994,1.12,1.12
2016.04.22 15:00:38.428,2.09883,2.0994,1.12,1.00
2016.04.22 15:00:38.529,2.09883,2.0994,1.37,1.00
2016.04.22 15:00:38.862,2.09893,2.09942,1.37,1.12
2016.04.22 15:00:38.913,2.09893,2.09952,1.75,1.37
2016.04.22 15:00:39.017,2.09896,2.09957,1.12,1.09
2016.04.22 15:00:39.067,2.09896,2.09951,1.12,1.00
2016.04.22 15:00:39.371,2.09878,2.09942,2.25,1.75
2016.04.22 15:00:39.422,2.09878,2.09939,1.00,1.75
2016.04.22 15:00:39.523,2.09877,2.09939,1.75,1.50
2016.04.22 15:00:39.785,2.09876,2.0994,1.75,1.12
2016.04.22 15:00:39.836,2.09883,2.0994,1.37,1.37
2016.04.22 15:00:40.040,2.09877,2.09939,1.75,1.00
2016.04.22 15:00:40.142,2.09877,2.09939,1.75,1.37
2016.04.22 15:00:40.193,2.09877,2.09939,1.75,1.75
2016.04.22 15:00:40.346,2.09877,2.09939,1.75,1.37
2016.04.22 15:00:40.717,2.09872,2.09935,1.75,1.00
2016.04.22 15:00:40.920,2.09882,2.0994,1.75,1.00
2016.04.22 15:00:41.438,2.09882,2.09939,1.75,1.00
2016.04.22 15:00:41.715,2.09882,2.09939,1.75,1.00
2016.04.22 15:00:41.816,2.09882,2.0994,1.75,1.12
2016.04.22 15:00:42.140,2.09881,2.0994,1.00,1.37
2016.04.22 15:00:42.191,2.09892,2.0994,1.00,1.37
2016.04.22 15:00:42.614,2.09892,2.0994,1.00,1.37
2016.04.22 15:00:42.762,2.09879,2.0994,1.50,1.50
2016.04.22 15:00:43.042,2.09879,2.0994,1.12,1.75
2016.04.22 15:00:43.143,2.09879,2.0994,1.50,1.75
2016.04.22 15:00:43.244,2.09879,2.09939,1.12,1.75
2016.04.22 15:00:43.649,2.09879,2.0994,1.37,1.75
2016.04.22 15:00:43.876,2.09881,2.09939,1.00,1.50
2016.04.22 15:00:43.928,2.09879,2.09939,1.37,1.84
2016.04.22 15:00:44.232,2.09869,2.09915,1.00,1.12
2016.04.22 15:00:44.333,2.09868,2.09913,1.00,1.00
2016.04.22 15:00:44.446,2.09854,2.0991,1.12,1.12
2016.04.22 15:00:45.349,2.09854,2.0991,1.37,1.37
2016.04.22 15:00:45.653,2.09854,2.0991,1.50,1.00
2016.04.22 15:00:45.962,2.09854,2.0991,1.50,1.12
2016.04.22 15:00:46.652,2.09854,2.0991,1.50,1.00
2016.04.22 15:00:46.957,2.09854,2.09911,1.37,1.00
2016.04.22 15:00:47.138,2.09862,2.09916,1.00,1.12
2016.04.22 15:00:47.858,2.09862,2.09916,1.00,1.37
2016.04.22 15:00:48.231,2.09861,2.09916,1.00,1.12
2016.04.22 15:00:48.283,2.09861,2.09916,1.00,1.37
2016.04.22 15:00:48.334,2.09854,2.09916,1.75,1.75
2016.04.22 15:00:48.661,2.09861,2.09916,1.12,1.75
2016.04.22 15:00:49.162,2.09861,2.09917,1.00,1.09
2016.04.22 15:00:49.480,2.09861,2.0992,1.75,1.12
2016.04.22 15:00:49.531,2.09872,2.0992,1.00,1.12
2016.04.22 15:00:49.683,2.09862,2.0992,2.25,1.00
2016.04.22 15:00:49.784,2.09871,2.0992,1.00,1.00
2016.04.22 15:00:49.886,2.09865,2.0992,1.00,1.37
2016.04.22 15:00:50.089,2.09862,2.09919,1.75,1.00
2016.04.22 15:00:50.424,2.09872,2.09926,1.00,1.75
2016.04.22 15:00:50.880,2.09872,2.09926,1.00,1.75
2016.04.22 15:00:51.438,2.09871,2.0993,1.00,1.75
2016.04.22 15:00:51.590,2.09863,2.09927,1.75,1.75
2016.04.22 15:00:51.692,2.09863,2.09921,1.75,1.00
2016.04.22 15:00:51.793,2.09863,2.09923,1.75,1.00
2016.04.22 15:00:51.996,2.09863,2.09927,1.75,1.75
2016.04.22 15:00:52.098,2.09863,2.09927,1.75,1.75
2016.04.22 15:00:52.415,2.09864,2.09927,1.00,1.75
2016.04.22 15:00:52.518,2.09863,2.09927,1.00,1.75
2016.04.22 15:00:52.722,2.09863,2.09927,1.37,1.75
2016.04.22 15:00:52.874,2.09871,2.09927,1.00,1.75
2016.04.22 15:00:53.311,2.09859,2.09916,1.75,1.12
2016.04.22 15:00:53.540,2.09854,2.09916,2.25,1.75
2016.04.22 15:00:53.692,2.09848,2.0991,1.75,1.37
2016.04.22 15:00:53.794,2.09848,2.0991,1.75,1.75
2016.04.22 15:00:54.116,2.09848,2.0991,1.75,1.75
2016.04.22 15:00:54.418,2.09852,2.09908,1.37,1.00
2016.04.22 15:00:54.722,2.09851,2.09912,2.25,1.12
2016.04.22 15:00:55.127,2.09857,2.09916,1.75,1.75
2016.04.22 15:00:55.433,2.09862,2.0992,1.50,1.50
2016.04.22 15:00:55.535,2.09862,2.0992,1.12,1.75
2016.04.22 15:00:55.840,2.09857,2.09918,1.00,1.75
2016.04.22 15:00:56.043,2.09857,2.09919,1.00,1.75
2016.04.22 15:00:56.559,2.09857,2.0992,1.75,1.75
2016.04.22 15:00:57.038,2.09857,2.09919,1.75,1.75
2016.04.22 15:00:57.291,2.09857,2.09917,2.25,1.00
2016.04.22 15:00:57.570,2.09857,2.09921,2.25,1.87
2016.04.22 15:00:57.722,2.09862,2.0992,1.50,1.12
2016.04.22 15:00:57.823,2.0986,2.09917,1.00,1.12
2016.04.22 15:00:57.925,2.09857,2.09917,1.50,1.12
2016.04.22 15:00:58.027,2.09852,2.09915,2.25,1.75
2016.04.22 15:00:58.426,2.09852,2.09915,1.75,1.37
2016.04.22 15:00:58.621,2.09863,2.09918,1.00,1.50
2016.04.22 15:00:58.724,2.09863,2.09919,1.37,1.37
2016.04.22 15:00:59.027,2.09853,2.09914,1.12,1.09
2016.04.22 15:00:59.078,2.09853,2.09909,1.12,1.00
2016.04.22 15:00:59.281,2.09836,2.099,1.87,2.25
2016.04.22 15:00:59.332,2.09836,2.099,1.50,2.25
2016.04.22 15:00:59.499,2.09836,2.099,1.75,1.87
2016.04.22 15:00:59.830,2.09841,2.09898,1.75,1.00
2016.04.22 15:01:00.134,2.09836,2.099,1.75,1.84
2016.04.22 15:01:00.336,2.09843,2.09901,1.37,1.37
2016.04.22 15:01:00.387,2.09843,2.09901,1.75,1.00
2016.04.22 15:01:00.438,2.09843,2.09901,1.75,1.00
2016.04.22 15:01:00.613,2.09852,2.0991,1.37,1.75
2016.04.22 15:01:00.664,2.09851,2.0991,1.37,1.50
2016.04.22 15:01:00.816,2.09848,2.0991,1.12,1.50
2016.04.22 15:01:00.968,2.09851,2.0991,1.12,1.50
2016.04.22 15:01:01.220,2.09844,2.09906,1.12,1.75
2016.04.22 15:01:01.271,2.09842,2.099,1.12,1.37
2016.04.22 15:01:01.322,2.09842,2.099,1.12,1.75
2016.04.22 15:01:01.506,2.09842,2.099,1.12,1.75
2016.04.22 15:01:01.557,2.09841,2.09897,1.37,1.00
2016.04.22 15:01:01.659,2.09842,2.099,1.00,1.75
2016.04.22 15:01:01.862,2.09837,2.099,1.50,1.75
2016.04.22 15:01:01.963,2.09831,2.09891,1.75,1.37
2016.04.22 15:01:02.318,2.09816,2.09872,1.37,1.12
2016.04.22 15:01:02.369,2.09826,2.09873,1.37,1.09
2016.04.22 15:01:02.980,2.09826,2.09886,1.37,1.09
2016.04.22 15:01:03.380,2.09826,2.09888,1.37,1.75
2016.04.22 15:01:03.431,2.09826,2.09888,1.75,1.75
2016.04.22 15:01:03.482,2.09826,2.09888,1.12,1.75
2016.04.22 15:01:03.786,2.09826,2.09888,1.00,1.75
2016.04.22 15:01:03.988,2.09826,2.09888,1.12,1.75
2016.04.22 15:01:04.095,2.09826,2.09888,1.50,1.75
2016.04.22 15:01:04.420,2.09832,2.09888,1.12,1.75
2016.04.22 15:01:04.723,2.09826,2.09884,1.12,1.12
2016.04.22 15:01:04.875,2.09826,2.09884,1.12,1.12
2016.04.22 15:01:05.269,2.09826,2.09883,1.00,1.08
2016.04.22 15:01:05.320,2.09822,2.09879,1.87,1.37
2016.04.22 15:01:05.371,2.09822,2.09879,1.50,1.12
2016.04.22 15:01:05.575,2.09822,2.09879,1.87,1.37
2016.04.22 15:01:05.777,2.09822,2.09879,1.87,1.12
2016.04.22 15:01:06.303,2.09822,2.09878,1.87,1.82
2016.04.22 15:01:06.610,2.09816,2.09874,1.37,1.07
2016.04.22 15:01:06.921,2.09821,2.09874,1.00,1.09
2016.04.22 15:01:07.022,2.09816,2.09874,1.12,1.09
2016.04.22 15:01:07.191,2.09821,2.09874,1.00,1.09
2016.04.22 15:01:07.242,2.09821,2.09874,1.00,1.09
2016.04.22 15:01:07.293,2.09821,2.09874,1.12,1.09
2016.04.22 15:01:07.446,2.09822,2.09871,1.00,1.00
2016.04.22 15:01:07.598,2.09812,2.09872,1.00,1.75
2016.04.22 15:01:07.856,2.0981,2.09871,1.00,1.75
2016.04.22 15:01:08.285,2.09804,2.09867,1.75,1.75
2016.04.22 15:01:08.387,2.09804,2.09867,1.75,1.75
2016.04.22 15:01:08.591,2.0981,2.09872,1.12,2.25
2016.04.22 15:01:08.693,2.0981,2.09872,1.00,2.25
2016.04.22 15:01:08.795,2.0981,2.09871,1.37,1.75
2016.04.22 15:01:08.846,2.0981,2.09871,1.50,1.75
2016.04.22 15:01:08.897,2.0981,2.09871,1.50,1.75
2016.04.22 15:01:09.226,2.0981,2.09872,1.37,2.25
2016.04.22 15:01:09.529,2.0981,2.09871,1.50,1.87
2016.04.22 15:01:09.732,2.0981,2.09871,1.12,1.12
2016.04.22 15:01:10.329,2.0981,2.09871,1.37,1.12
2016.04.22 15:01:10.533,2.0981,2.09871,1.00,1.37
2016.04.22 15:01:10.634,2.0981,2.09871,1.37,1.00
2016.04.22 15:01:11.333,2.0981,2.09871,1.75,1.87
2016.04.22 15:01:11.657,2.09815,2.09874,1.75,1.50
2016.04.22 15:01:12.147,2.09815,2.09871,1.50,1.00
2016.04.22 15:01:12.688,2.09815,2.09875,1.50,1.09
2016.04.22 15:01:13.140,2.09815,2.09875,1.75,1.09
2016.04.22 15:01:13.332,2.09815,2.09875,1.00,1.09
2016.04.22 15:01:13.844,2.09811,2.09872,1.75,1.75
2016.04.22 15:01:13.946,2.09811,2.09872,1.75,1.37
2016.04.22 15:01:14.565,2.09822,2.09872,1.00,1.50
2016.04.22 15:01:14.667,2.09822,2.09872,1.00,1.50
2016.04.22 15:01:15.172,2.09821,2.09872,1.00,1.00
2016.04.22 15:01:15.377,2.09822,2.09872,1.00,1.75
2016.04.22 15:01:15.748,2.09822,2.09872,1.00,1.50
2016.04.22 15:01:15.850,2.09825,2.09873,1.00,1.12
2016.04.22 15:01:15.952,2.09825,2.0988,1.50,1.37
2016.04.22 15:01:16.003,2.09832,2.09881,1.00,1.46
2016.04.22 15:01:16.380,2.09835,2.0989,1.00,1.12
2016.04.22 15:01:16.432,2.09832,2.09893,1.75,1.37
2016.04.22 15:01:17.006,2.09826,2.0989,2.62,1.00
2016.04.22 15:01:17.158,2.09826,2.0989,1.87,1.37
2016.04.22 15:01:17.472,2.09826,2.0989,1.37,1.75
2016.04.22 15:01:17.574,2.09827,2.09886,1.37,1.09
2016.04.22 15:01:17.777,2.09827,2.09886,1.50,1.09
2016.04.22 15:01:17.878,2.09827,2.09886,1.37,1.09
2016.04.22 15:01:18.424,2.09827,2.09886,1.37,1.09
2016.04.22 15:01:18.576,2.09827,2.09887,1.75,1.34
2016.04.22 15:01:18.678,2.09827,2.09887,1.75,1.46
2016.04.22 15:01:19.163,2.09827,2.09887,1.75,2.21
2016.04.22 15:01:19.265,2.09827,2.09888,1.75,2.25
2016.04.22 15:01:19.453,2.09827,2.09888,1.75,2.25
2016.04.22 15:01:19.757,2.09832,2.09888,1.87,1.50
2016.04.22 15:01:19.859,2.09832,2.09887,1.00,1.12
2016.04.22 15:01:20.064,2.09832,2.09888,1.37,1.12
2016.04.22 15:01:20.165,2.09835,2.09896,1.37,1.84
2016.04.22 15:01:20.495,2.09843,2.09896,1.00,1.12
2016.04.22 15:01:20.596,2.09843,2.09896,1.00,1.12
2016.04.22 15:01:20.698,2.09843,2.09898,1.50,1.09
2016.04.22 15:01:21.000,2.09843,2.09898,1.50,1.46
2016.04.22 15:01:21.526,2.09843,2.09898,1.12,1.09
2016.04.22 15:01:21.577,2.09843,2.09898,1.37,1.09
2016.04.22 15:01:21.678,2.09837,2.099,1.75,2.25
2016.04.22 15:01:21.779,2.09837,2.099,1.50,1.50
2016.04.22 15:01:22.082,2.09834,2.09897,1.75,1.50
2016.04.22 15:01:22.256,2.09834,2.09894,1.75,1.00
2016.04.22 15:01:22.307,2.09834,2.09897,1.75,1.75
2016.04.22 15:01:22.620,2.09834,2.09892,1.75,1.12
2016.04.22 15:01:22.924,2.09834,2.09893,1.75,1.12
2016.04.22 15:01:23.328,2.09834,2.09897,1.75,1.87
2016.04.22 15:01:23.379,2.09834,2.09897,1.75,1.87
2016.04.22 15:01:23.581,2.09835,2.09897,1.75,1.75
2016.04.22 15:01:23.682,2.09835,2.09897,1.75,1.87
2016.04.22 15:01:24.177,2.09834,2.09897,1.75,1.75
2016.04.22 15:01:24.409,2.09834,2.09897,1.75,1.00
2016.04.22 15:01:24.510,2.09837,2.09897,1.75,1.50
2016.04.22 15:01:24.612,2.09834,2.09897,2.25,1.75
2016.04.22 15:01:25.281,2.09834,2.09897,1.75,1.50
2016.04.22 15:01:25.619,2.09834,2.09897,1.75,1.75
2016.04.22 15:01:25.980,2.09834,2.09897,1.75,1.75
2016.04.22 15:01:26.284,2.0983,2.09892,1.75,1.75
2016.04.22 15:01:26.707,2.0983,2.09892,1.75,1.87
2016.04.22 15:01:26.910,2.0983,2.09891,1.75,1.12
2016.04.22 15:01:27.113,2.09829,2.09888,1.87,1.12
2016.04.22 15:01:27.215,2.09829,2.09889,1.87,1.12
2016.04.22 15:01:27.317,2.09829,2.09889,2.25,1.12
2016.04.22 15:01:27.519,2.0983,2.0989,1.75,1.12
2016.04.22 15:01:27.621,2.09829,2.09892,2.25,1.37
2016.04.22 15:01:27.815,2.0983,2.09891,1.75,1.12
2016.04.22 15:01:28.017,2.09829,2.09888,2.25,1.37
2016.04.22 15:01:28.119,2.09829,2.09888,1.50,1.12
2016.04.22 15:01:28.426,2.09837,2.09888,1.00,1.12
2016.04.22 15:01:28.527,2.09839,2.09893,1.00,1.12
2016.04.22 15:01:28.629,2.09839,2.09898,1.37,1.12
2016.04.22 15:01:28.759,2.09839,2.09898,1.50,1.37
2016.04.22 15:01:29.063,2.09835,2.09897,2.25,1.75
2016.04.22 15:01:29.113,2.09835,2.09897,1.87,1.75
2016.04.22 15:01:29.215,2.0983,2.0989,1.12,1.50
2016.04.22 15:01:29.266,2.09829,2.09887,1.75,1.00
2016.04.22 15:01:29.569,2.09825,2.09886,1.75,2.25
2016.04.22 15:01:29.620,2.09825,2.09885,1.75,1.12
2016.04.22 15:01:29.722,2.09823,2.09886,1.75,2.25
2016.04.22 15:01:29.836,2.09833,2.09886,1.00,1.75
2016.04.22 15:01:30.140,2.09828,2.09886,1.75,1.87
2016.04.22 15:01:30.544,2.09828,2.09889,1.75,1.09
2016.04.22 15:01:30.646,2.09829,2.09891,1.75,1.00
2016.04.22 15:01:30.867,2.09828,2.09891,1.50,1.75
2016.04.22 15:01:31.044,2.09828,2.09891,1.75,1.75
2016.04.22 15:01:31.146,2.09828,2.09891,1.75,1.37
2016.04.22 15:01:31.247,2.09829,2.09891,1.75,1.00
2016.04.22 15:01:31.349,2.09832,2.09891,1.75,1.00
2016.04.22 15:01:31.450,2.09832,2.09891,1.75,1.00
2016.04.22 15:01:31.753,2.09832,2.09891,1.75,1.00
2016.04.22 15:01:32.263,2.09836,2.09896,1.75,1.37
2016.04.22 15:01:32.466,2.0984,2.09898,1.75,1.12
2016.04.22 15:01:32.567,2.0984,2.09902,1.75,1.12
2016.04.22 15:01:32.668,2.09847,2.09903,1.37,1.37
2016.04.22 15:01:32.969,2.09859,2.09917,1.75,1.37
2016.04.22 15:01:33.020,2.09859,2.09921,1.75,1.34
2016.04.22 15:01:33.121,2.09859,2.09921,1.75,1.34
2016.04.22 15:01:33.172,2.09859,2.09921,1.75,1.71
2016.04.22 15:01:33.273,2.09859,2.09921,1.37,1.71
2016.04.22 15:01:33.627,2.09859,2.0992,1.50,1.09
2016.04.22 15:01:33.930,2.09855,2.09916,1.75,2.25
2016.04.22 15:01:34.055,2.09855,2.09916,1.75,1.87
2016.04.22 15:01:34.470,2.09855,2.09916,1.75,1.87
2016.04.22 15:01:34.571,2.09855,2.09916,1.75,1.50
2016.04.22 15:01:34.874,2.09855,2.09915,1.75,1.37
2016.04.22 15:01:35.076,2.09855,2.09916,1.37,2.25
2016.04.22 15:01:35.181,2.09855,2.09916,1.75,2.25
2016.04.22 15:01:35.285,2.0986,2.09916,1.50,1.00
2016.04.22 15:01:35.792,2.0986,2.09915,1.75,1.00
2016.04.22 15:01:36.117,2.0986,2.09915,1.75,1.00
2016.04.22 15:01:36.421,2.0986,2.0992,1.75,1.00
2016.04.22 15:01:36.472,2.0986,2.0992,1.75,1.12
2016.04.22 15:01:36.573,2.0986,2.0992,1.75,1.12
2016.04.22 15:01:36.675,2.0986,2.0992,1.75,1.00
2016.04.22 15:01:37.007,2.09866,2.09929,1.50,3.00
2016.04.22 15:01:37.058,2.09868,2.09926,1.00,1.46
2016.04.22 15:01:37.109,2.09863,2.09922,1.12,1.50
2016.04.22 15:01:37.160,2.09859,2.09922,1.87,1.37
2016.04.22 15:01:37.463,2.09856,2.09907,1.00,1.12
2016.04.22 15:01:37.745,2.09853,2.09907,1.12,1.12
2016.04.22 15:01:37.998,2.09854,2.09911,1.50,1.75
2016.04.22 15:01:38.049,2.09858,2.09917,1.00,1.75
2016.04.22 15:01:38.201,2.09858,2.09919,1.00,1.09
2016.04.22 15:01:38.252,2.09858,2.09918,1.75,1.50
2016.04.22 15:01:38.354,2.09858,2.09919,1.75,1.09
2016.04.22 15:01:38.667,2.09857,2.09914,1.00,1.37
2016.04.22 15:01:38.769,2.09854,2.09914,1.75,1.37
2016.04.22 15:01:39.073,2.09854,2.09914,1.50,1.75
2016.04.22 15:01:39.175,2.09854,2.09914,1.37,1.75
2016.04.22 15:01:39.505,2.09857,2.09915,1.37,1.09
2016.04.22 15:01:39.759,2.09857,2.09914,1.50,1.00
2016.04.22 15:01:40.295,2.09857,2.09916,1.87,1.34
2016.04.22 15:01:40.528,2.09858,2.09919,1.12,1.09
2016.04.22 15:01:40.832,2.09846,2.09901,1.37,1.37
2016.04.22 15:01:40.883,2.09846,2.09901,1.37,1.37
2016.04.22 15:01:40.985,2.0984,2.09895,1.12,1.00
2016.04.22 15:01:41.087,2.09838,2.09895,1.87,1.50
2016.04.22 15:01:41.423,2.09844,2.09903,1.75,1.12
2016.04.22 15:01:41.474,2.09844,2.09903,1.75,1.12
2016.04.22 15:01:41.576,2.09845,2.09902,1.00,1.12
2016.04.22 15:01:41.678,2.09844,2.09902,1.37,1.12
2016.04.22 15:01:41.780,2.09845,2.09902,1.00,1.12
2016.04.22 15:01:41.883,2.09844,2.09906,1.50,1.75
2016.04.22 15:01:41.985,2.09844,2.09906,1.50,1.75
2016.04.22 15:01:42.300,2.09839,2.09901,1.75,1.50
2016.04.22 15:01:42.502,2.09839,2.099,1.75,1.00
2016.04.22 15:01:42.604,2.09839,2.09901,1.37,1.87
2016.04.22 15:01:42.655,2.09834,2.09893,1.12,1.00
2016.04.22 15:01:42.756,2.09833,2.09892,1.00,1.50
2016.04.22 15:01:42.807,2.09833,2.09892,1.12,1.50
2016.04.22 15:01:42.981,2.09833,2.09892,1.37,1.75
2016.04.22 15:01:43.286,2.09833,2.09893,1.75,1.75
2016.04.22 15:01:43.691,2.09833,2.09893,1.12,1.75
2016.04.22 15:01:43.909,2.09829,2.0989,1.00,1.75
2016.04.22 15:01:44.163,2.09825,2.09884,1.75,1.50
2016.04.22 15:01:44.315,2.09825,2.09884,1.75,1.75
2016.04.22 15:01:44.618,2.09825,2.09885,1.00,2.25
2016.04.22 15:01:44.842,2.0982,2.0988,1.50,1.37
2016.04.22 15:01:44.994,2.09814,2.09877,1.75,2.25
2016.04.22 15:01:45.197,2.09814,2.09877,1.50,2.25
2016.04.22 15:01:45.500,2.09821,2.09876,1.75,1.12
2016.04.22 15:01:45.828,2.09821,2.09881,1.50,1.75
2016.04.22 15:01:45.929,2.09821,2.09881,1.75,1.75
2016.04.22 15:01:46.030,2.09821,2.09881,1.50,1.75
2016.04.22 15:01:46.132,2.09821,2.09881,1.37,1.75
2016.04.22 15:01:46.233,2.09822,2.09878,1.00,1.00
2016.04.22 15:01:46.620,2.09821,2.09881,1.12,1.75
2016.04.22 15:01:47.251,2.09821,2.09881,1.37,1.50
2016.04.22 15:01:47.605,2.09821,2.09876,1.50,1.37
2016.04.22 15:01:47.664,2.09821,2.09877,1.12,1.12
2016.04.22 15:01:48.140,2.09821,2.09876,1.12,1.75
2016.04.22 15:01:48.542,2.09821,2.09881,1.50,1.75
2016.04.22 15:01:48.796,2.09826,2.09886,1.00,2.62
2016.04.22 15:01:48.846,2.09826,2.09886,1.12,1.87
2016.04.22 15:01:48.897,2.09826,2.09886,1.12,1.87
2016.04.22 15:01:49.049,2.09826,2.09883,1.37,1.00
2016.04.22 15:01:49.440,2.09834,2.09887,1.00,1.37
2016.04.22 15:01:49.793,2.09834,2.09891,1.75,1.12
2016.04.22 15:01:50.495,2.09834,2.09892,1.50,1.00
2016.04.22 15:01:50.546,2.09834,2.09894,1.75,1.00
2016.04.22 15:01:50.972,2.09838,2.09895,1.00,1.37
2016.04.22 15:01:51.297,2.09834,2.09894,1.75,1.12
2016.04.22 15:01:52.166,2.09834,2.09894,1.75,1.37
2016.04.22 15:01:52.267,2.09834,2.09894,1.75,1.00
2016.04.22 15:01:52.551,2.09834,2.09895,1.75,1.37
2016.04.22 15:01:52.602,2.09834,2.09894,1.75,1.75
2016.04.22 15:01:52.825,2.09834,2.09894,1.75,1.75
2016.04.22 15:01:53.079,2.09834,2.09895,1.50,1.50
2016.04.22 15:01:53.383,2.09847,2.099,1.00,1.37
2016.04.22 15:01:53.811,2.09847,2.09902,1.12,1.50
2016.04.22 15:01:53.963,2.09856,2.09905,1.12,1.12
2016.04.22 15:01:54.167,2.09856,2.09919,1.50,1.75
2016.04.22 15:01:54.270,2.09863,2.0992,1.00,1.12
2016.04.22 15:01:54.372,2.09863,2.0992,1.00,1.12
2016.04.22 15:01:54.808,2.09863,2.0992,1.00,1.12
2016.04.22 15:01:55.263,2.09863,2.0992,1.00,1.12
2016.04.22 15:01:55.465,2.09863,2.0992,1.00,1.12
2016.04.22 15:01:55.566,2.09863,2.0992,1.37,1.12
2016.04.22 15:01:56.054,2.09863,2.0992,1.00,1.87
2016.04.22 15:01:56.357,2.09867,2.0992,1.00,1.50
2016.04.22 15:01:56.408,2.09867,2.09921,1.00,1.37
2016.04.22 15:01:56.889,2.09867,2.09921,1.00,1.37
2016.04.22 15:01:57.092,2.09863,2.0992,1.12,1.75
2016.04.22 15:01:57.193,2.09863,2.0992,1.00,1.75
2016.04.22 15:01:57.446,2.09863,2.09921,1.37,1.75
2016.04.22 15:01:57.548,2.09863,2.0992,1.75,1.00
2016.04.22 15:01:57.872,2.09857,2.09917,1.50,1.75
2016.04.22 15:01:58.225,2.0985,2.09909,2.25,1.37
2016.04.22 15:01:58.326,2.0985,2.09908,1.75,1.00
2016.04.22 15:01:58.529,2.0985,2.09909,1.75,1.00
2016.04.22 15:01:58.630,2.0985,2.09909,1.75,1.12
2016.04.22 15:01:58.880,2.09848,2.09909,1.75,1.37
2016.04.22 15:01:58.932,2.09847,2.09909,1.50,1.75
2016.04.22 15:01:59.152,2.09847,2.09909,1.75,1.75
2016.04.22 15:01:59.519,2.09854,2.09908,1.12,1.00
2016.04.22 15:01:59.883,2.09854,2.0991,1.00,1.75
2016.04.22 15:02:00.136,2.09854,2.0991,1.00,1.75
2016.04.22 15:02:00.237,2.09854,2.0991,1.50,1.50
2016.04.22 15:02:00.338,2.09854,2.09911,1.00,1.75
2016.04.22 15:02:00.592,2.09842,2.09902,1.37,1.37
2016.04.22 15:02:00.643,2.09842,2.09898,1.00,1.75
2016.04.22 15:02:01.165,2.09842,2.09899,1.12,1.50
2016.04.22 15:02:01.674,2.09842,2.09898,1.37,1.50
2016.04.22 15:02:01.996,2.09832,2.09893,1.75,1.37
2016.04.22 15:02:02.149,2.09826,2.09883,1.37,1.09
2016.04.22 15:02:02.250,2.09826,2.09883,1.00,1.09
2016.04.22 15:02:02.515,2.0982,2.09873,1.00,1.12
2016.04.22 15:02:02.666,2.0982,2.09872,1.00,1.12
2016.04.22 15:02:02.993,2.09825,2.09872,1.00,1.00
2016.04.22 15:02:03.355,2.09825,2.09877,1.37,1.75
2016.04.22 15:02:03.457,2.09825,2.09877,1.12,1.87
2016.04.22 15:02:04.090,2.09815,2.09875,1.75,1.37
2016.04.22 15:02:04.141,2.0982,2.09875,1.00,1.12
2016.04.22 15:02:04.344,2.0982,2.09872,1.00,1.12
2016.04.22 15:02:04.445,2.0982,2.09872,1.00,1.12
2016.04.22 15:02:04.647,2.0982,2.09872,1.00,1.12
2016.04.22 15:02:05.286,2.0982,2.0987,1.00,1.48
2016.04.22 15:02:05.791,2.0982,2.0987,1.00,1.36
2016.04.22 15:02:06.261,2.0982,2.0987,1.37,1.00
2016.04.22 15:02:06.363,2.0982,2.0987,1.00,1.00
2016.04.22 15:02:06.413,2.09825,2.0987,1.00,1.00
2016.04.22 15:02:06.718,2.0983,2.09876,1.00,1.00
2016.04.22 15:02:06.870,2.09827,2.09886,1.00,2.25
2016.04.22 15:02:06.921,2.09836,2.09886,1.00,1.75
2016.04.22 15:02:06.972,2.09832,2.09887,1.00,1.75
2016.04.22 15:02:07.113,2.09832,2.09887,1.00,1.75
2016.04.22 15:02:07.164,2.09834,2.09885,1.00,1.00
2016.04.22 15:02:07.470,2.09844,2.09887,1.00,1.00
2016.04.22 15:02:07.846,2.0984,2.09887,1.37,1.00
2016.04.22 15:02:07.897,2.09831,2.09887,2.25,1.00
2016.04.22 15:02:07.948,2.09832,2.09882,1.37,1.71
2016.04.22 15:02:08.000,2.09832,2.09881,1.00,1.09
2016.04.22 15:02:08.191,2.09822,2.09881,1.00,1.09
2016.04.22 15:02:08.364,2.09822,2.09878,1.50,1.75
2016.04.22 15:02:08.788,2.09817,2.0987,1.00,1.00
2016.04.22 15:02:08.839,2.09817,2.0987,1.00,1.37
2016.04.22 15:02:08.991,2.09817,2.0987,1.00,1.37
2016.04.22 15:02:09.199,2.09817,2.0987,1.37,1.00
2016.04.22 15:02:09.677,2.09821,2.09874,1.37,1.75
2016.04.22 15:02:10.231,2.09822,2.09874,1.00,1.87
2016.04.22 15:02:11.081,2.09822,2.09873,1.50,1.00
2016.04.22 15:02:11.630,2.09822,2.09874,1.12,1.00
2016.04.22 15:02:11.783,2.09822,2.09877,1.37,1.12
2016.04.22 15:02:12.417,2.09822,2.09878,1.50,1.75
2016.04.22 15:02:12.518,2.09822,2.09879,1.75,1.12
2016.04.22 15:02:12.785,2.09822,2.09879,1.75,1.12
2016.04.22 15:02:13.004,2.09822,2.09879,1.75,1.12
2016.04.22 15:02:13.105,2.09822,2.09879,1.75,1.12
2016.04.22 15:02:13.648,2.09822,2.0988,1.75,1.12
2016.04.22 15:02:13.699,2.09822,2.0988,1.75,1.37
2016.04.22 15:02:14.109,2.09822,2.09878,1.75,1.12
2016.04.22 15:02:14.612,2.09822,2.09882,1.75,1.87
2016.04.22 15:02:14.843,2.09826,2.09882,1.37,1.12
2016.04.22 15:02:15.046,2.09826,2.09881,1.00,1.00
2016.04.22 15:02:15.097,2.09826,2.09881,1.37,1.37
2016.04.22 15:02:15.400,2.0983,2.09882,1.00,1.37
2016.04.22 15:02:15.603,2.09832,2.09882,1.00,1.00
2016.04.22 15:02:15.768,2.09832,2.09885,1.00,1.09
2016.04.22 15:02:16.122,2.09832,2.09888,1.00,1.09
2016.04.22 15:02:16.426,2.09831,2.09884,1.00,1.09
2016.04.22 15:02:16.970,2.0983,2.09882,1.00,1.75
2016.04.22 15:02:17.122,2.0983,2.09882,1.00,1.75
2016.04.22 15:02:17.223,2.0983,2.09882,1.00,1.75
2016.04.22 15:02:17.527,2.09824,2.09881,1.00,1.75
2016.04.22 15:02:17.976,2.09824,2.09882,1.00,1.75
2016.04.22 15:02:18.522,2.09824,2.09882,1.00,1.75
2016.04.22 15:02:18.624,2.09824,2.09882,1.12,1.75
2016.04.22 15:02:18.826,2.09824,2.09882,1.00,1.75
2016.04.22 15:02:19.005,2.09824,2.09881,1.75,1.50
2016.04.22 15:02:19.056,2.09824,2.09881,1.75,1.50
2016.04.22 15:02:19.360,2.09832,2.0989,1.75,1.00
2016.04.22 15:02:19.663,2.09838,2.0989,1.75,1.00
2016.04.22 15:02:19.925,2.09838,2.09899,1.75,1.09
2016.04.22 15:02:20.129,2.09838,2.099,1.75,1.71
2016.04.22 15:02:20.635,2.09845,2.09902,1.37,1.46
2016.04.22 15:02:21.145,2.09845,2.09901,1.75,1.71
2016.04.22 15:02:21.665,2.09845,2.09901,1.75,1.34
2016.04.22 15:02:22.080,2.09845,2.09902,1.75,1.34
2016.04.22 15:02:22.484,2.09845,2.09902,1.75,1.71
2016.04.22 15:02:23.033,2.09845,2.09902,1.37,1.71
2016.04.22 15:02:23.535,2.09845,2.09902,1.87,1.84
2016.04.22 15:02:23.636,2.09845,2.09899,1.50,1.09
2016.04.22 15:02:23.788,2.09845,2.09899,1.87,1.09
2016.04.22 15:02:23.889,2.09845,2.09902,2.25,1.09
2016.04.22 15:02:23.991,2.09845,2.09902,2.25,1.09
2016.04.22 15:02:24.193,2.09845,2.09901,1.87,1.34
2016.04.22 15:02:24.560,2.09845,2.09901,1.50,1.09
2016.04.22 15:02:24.712,2.09845,2.09896,1.00,1.00
2016.04.22 15:02:24.763,2.0984,2.09896,1.50,1.00
2016.04.22 15:02:24.814,2.0984,2.09897,1.12,1.12
2016.04.22 15:02:24.865,2.0984,2.09897,1.37,1.37
2016.04.22 15:02:25.067,2.0984,2.09896,1.12,1.00
2016.04.22 15:02:25.168,2.0984,2.09896,1.37,1.00
2016.04.22 15:02:25.380,2.0984,2.09897,1.50,1.37
2016.04.22 15:02:25.533,2.09835,2.09897,1.75,1.87
2016.04.22 15:02:25.584,2.09835,2.09897,1.75,1.87
2016.04.22 15:02:25.888,2.09835,2.09897,1.50,3.00
2016.04.22 15:02:26.410,2.0983,2.09892,1.75,1.37
2016.04.22 15:02:26.943,2.09838,2.09892,1.00,1.12
2016.04.22 15:02:27.246,2.0983,2.09892,1.50,1.75
2016.04.22 15:02:27.297,2.0983,2.09892,1.50,1.75
2016.04.22 15:02:27.454,2.0983,2.09892,1.50,1.75
2016.04.22 15:02:27.505,2.09826,2.09882,1.37,1.37
2016.04.22 15:02:27.556,2.09824,2.09877,1.37,1.00
2016.04.22 15:02:27.708,2.09824,2.09877,1.00,1.37
2016.04.22 15:02:27.809,2.09824,2.09876,1.00,1.75
2016.04.22 15:02:27.860,2.09824,2.09877,1.00,1.75
2016.04.22 15:02:28.012,2.09824,2.09876,1.00,1.12
2016.04.22 15:02:28.215,2.09824,2.09877,1.00,1.75
2016.04.22 15:02:28.266,2.0982,2.09877,1.12,1.75
2016.04.22 15:02:28.367,2.09826,2.09881,1.00,1.12
2016.04.22 15:02:28.536,2.09826,2.09885,1.37,1.75
2016.04.22 15:02:28.587,2.09826,2.09886,1.37,1.75
2016.04.22 15:02:29.103,2.09826,2.09886,1.50,2.25
2016.04.22 15:02:29.306,2.09826,2.09886,1.00,2.25
2016.04.22 15:02:29.407,2.09826,2.09886,1.87,2.25
2016.04.22 15:02:29.737,2.09832,2.09886,1.50,1.00
2016.04.22 15:02:30.041,2.09832,2.09886,1.75,1.00
2016.04.22 15:02:30.762,2.09832,2.09888,1.75,1.00
2016.04.22 15:02:33.186,2.09834,2.09888,1.12,1.37
2016.04.22 15:02:33.513,2.09822,2.09879,1.50,1.75
2016.04.22 15:02:33.665,2.0983,2.09879,1.00,1.37
2016.04.22 15:02:33.716,2.0983,2.09879,1.00,1.00
2016.04.22 15:02:33.767,2.0983,2.0989,1.00,1.12
2016.04.22 15:02:33.818,2.0983,2.0989,1.37,1.12
2016.04.22 15:02:33.919,2.0983,2.09889,1.37,1.00
2016.04.22 15:02:34.021,2.0983,2.09892,1.50,1.75
2016.04.22 15:02:34.395,2.0983,2.09892,1.75,1.75
2016.04.22 15:02:34.699,2.09841,2.09893,1.12,1.12
2016.04.22 15:02:35.206,2.09841,2.09897,1.37,1.00
2016.04.22 15:02:35.635,2.09845,2.099,1.37,1.50
2016.04.22 15:02:35.686,2.09845,2.09907,1.50,1.75
2016.04.22 15:02:35.737,2.0985,2.0991,1.00,1.75
2016.04.22 15:02:35.939,2.0985,2.09903,1.12,1.00
2016.04.22 15:02:36.142,2.0985,2.09911,1.00,1.75
2016.04.22 15:02:36.243,2.0985,2.09911,1.00,1.75
2016.04.22 15:02:36.294,2.0985,2.0991,1.00,1.75
2016.04.22 15:02:36.637,2.09845,2.09907,1.87,1.75
2016.04.22 15:02:36.940,2.09845,2.09907,1.75,1.75
2016.04.22 15:02:37.345,2.09847,2.09907,1.37,2.25
2016.04.22 15:02:37.910,2.09847,2.09907,1.12,1.50
2016.04.22 15:02:38.472,2.09847,2.09907,1.75,1.00
2016.04.22 15:02:38.872,2.0985,2.0991,1.75,1.75
2016.04.22 15:02:39.075,2.0985,2.0991,1.50,1.75
2016.04.22 15:02:39.214,2.0985,2.0991,1.50,1.75
2016.04.22 15:02:39.517,2.0985,2.09911,1.00,1.75
2016.04.22 15:02:39.721,2.0985,2.09911,1.00,1.75
2016.04.22 15:02:40.236,2.0985,2.09911,1.00,1.75
2016.04.22 15:02:40.446,2.0985,2.09911,1.37,1.75
2016.04.22 15:02:40.498,2.0985,2.09911,1.75,1.75
2016.04.22 15:02:41.224,2.0985,2.09911,1.75,1.75
2016.04.22 15:02:41.326,2.09844,2.09899,1.75,1.37
2016.04.22 15:02:41.377,2.09842,2.09899,1.50,1.37
2016.04.22 15:02:41.478,2.09842,2.09902,1.12,1.75
2016.04.22 15:02:41.529,2.09842,2.09902,1.37,1.75
2016.04.22 15:02:41.631,2.09842,2.09902,1.12,1.75
2016.04.22 15:02:42.057,2.09842,2.09902,1.75,1.75
2016.04.22 15:02:42.533,2.09842,2.09901,1.75,1.50
2016.04.22 15:02:42.976,2.09845,2.09902,1.00,1.37
2016.04.22 15:02:43.507,2.09842,2.09904,1.75,1.75
2016.04.22 15:02:43.659,2.09842,2.09904,1.50,1.75
2016.04.22 15:02:43.833,2.09842,2.09904,1.37,1.75
2016.04.22 15:02:44.136,2.09842,2.09904,1.00,1.75
2016.04.22 15:02:44.519,2.09842,2.09904,1.37,1.75
2016.04.22 15:02:45.544,2.09842,2.09904,1.37,1.37
2016.04.22 15:02:45.596,2.09857,2.09908,1.00,1.12
2016.04.22 15:02:45.647,2.09857,2.0991,1.37,1.37
2016.04.22 15:02:45.749,2.09853,2.09913,1.75,1.84
2016.04.22 15:02:45.800,2.09851,2.09913,1.75,1.84
2016.04.22 15:02:46.054,2.09851,2.09913,1.75,1.75
2016.04.22 15:02:46.156,2.09851,2.09913,1.75,1.37
2016.04.22 15:02:46.258,2.09851,2.09913,1.75,1.50
2016.04.22 15:02:46.659,2.09851,2.09913,1.75,1.00
2016.04.22 15:02:46.727,2.09852,2.09913,1.75,1.00
2016.04.22 15:02:46.879,2.09863,2.09916,1.37,1.00
2016.04.22 15:02:47.234,2.09868,2.09926,1.00,1.75
2016.04.22 15:02:47.335,2.09868,2.09927,1.37,1.75
2016.04.22 15:02:47.499,2.09868,2.09928,1.75,1.00
2016.04.22 15:02:47.845,2.09868,2.09928,1.75,1.37
2016.04.22 15:02:47.997,2.09868,2.09924,1.12,1.00
2016.04.22 15:02:48.099,2.09868,2.09928,1.12,1.75
2016.04.22 15:02:48.200,2.09862,2.09921,1.50,1.00
2016.04.22 15:02:48.303,2.09862,2.09921,1.12,1.00
2016.04.22 15:02:48.867,2.09862,2.09922,1.37,1.00
2016.04.22 15:02:48.917,2.09862,2.09921,1.37,1.37
2016.04.22 15:02:49.221,2.09867,2.09921,1.37,1.37
2016.04.22 15:02:49.323,2.09867,2.09929,1.75,1.75
2016.04.22 15:02:49.809,2.09867,2.09929,1.75,1.75
2016.04.22 15:02:50.112,2.09867,2.09929,1.75,1.50
2016.04.22 15:02:50.926,2.09873,2.09929,1.00,1.37
2016.04.22 15:02:51.526,2.09868,2.09929,1.50,1.75
2016.04.22 15:02:51.627,2.09869,2.09926,1.75,1.00
2016.04.22 15:02:51.829,2.09869,2.09929,1.50,1.75
2016.04.22 15:02:52.018,2.09869,2.09929,1.50,1.75
2016.04.22 15:02:52.367,2.09867,2.09929,1.37,1.75
2016.04.22 15:02:52.799,2.09867,2.09925,1.37,1.00
2016.04.22 15:02:52.951,2.09867,2.09929,1.75,1.75
2016.04.22 15:02:53.052,2.09867,2.09929,1.75,1.12
2016.04.22 15:02:53.222,2.09867,2.09929,1.75,1.75
2016.04.22 15:02:53.526,2.09867,2.09929,1.00,1.75
2016.04.22 15:02:53.829,2.09867,2.09929,1.50,1.75
2016.04.22 15:02:53.931,2.09867,2.09929,1.00,1.75
2016.04.22 15:02:54.452,2.09867,2.09929,1.00,2.25
2016.04.22 15:02:54.899,2.09865,2.09927,1.00,1.75
2016.04.22 15:02:55.303,2.09865,2.09927,1.00,1.75
2016.04.22 15:02:55.940,2.09859,2.09913,1.37,1.00
2016.04.22 15:02:56.245,2.09853,2.09901,1.00,1.75
2016.04.22 15:02:56.297,2.09835,2.09895,1.37,1.75
2016.04.22 15:02:56.759,2.09835,2.09895,1.00,2.25
2016.04.22 15:02:56.912,2.09835,2.09895,1.00,2.25
2016.04.22 15:02:57.233,2.09835,2.09895,1.75,1.50
2016.04.22 15:02:57.774,2.09835,2.09895,1.75,1.00
2016.04.22 15:02:58.146,2.09839,2.09901,1.75,1.12
2016.04.22 15:02:58.348,2.09839,2.09901,1.50,1.37
2016.04.22 15:02:58.449,2.09835,2.09896,1.75,1.37
2016.04.22 15:02:58.551,2.09833,2.09892,1.75,1.00
2016.04.22 15:02:58.972,2.09844,2.09899,1.12,1.37
2016.04.22 15:02:59.275,2.09849,2.09907,1.00,1.75
2016.04.22 15:02:59.326,2.09849,2.099,1.00,1.00
2016.04.22 15:02:59.428,2.09849,2.09907,1.37,1.50
2016.04.22 15:02:59.529,2.09849,2.09907,1.75,1.00
2016.04.22 15:02:59.731,2.09849,2.09909,1.75,1.00
2016.04.22 15:03:00.108,2.09853,2.09914,1.75,1.50
2016.04.22 15:03:00.159,2.09853,2.09914,1.75,1.00
2016.04.22 15:03:00.260,2.09858,2.09917,1.50,1.37
2016.04.22 15:03:00.804,2.09858,2.09916,1.00,1.75
2016.04.22 15:03:01.145,2.09858,2.09916,1.12,1.37
2016.04.22 15:03:01.246,2.09858,2.09918,2.25,1.37
2016.04.22 15:03:01.755,2.09858,2.09918,2.25,1.12
2016.04.22 15:03:02.059,2.09858,2.09918,2.25,1.00
2016.04.22 15:03:03.329,2.09858,2.09918,1.75,1.00
2016.04.22 15:03:04.055,2.09862,2.09923,1.75,1.34
2016.04.22 15:03:04.258,2.09862,2.09923,1.75,1.34
2016.04.22 15:03:04.359,2.09862,2.09923,1.75,1.34
2016.04.22 15:03:04.410,2.09862,2.09923,1.75,1.00
2016.04.22 15:03:04.940,2.09862,2.09923,1.75,1.00
2016.04.22 15:03:05.255,2.09871,2.09927,1.37,1.12
2016.04.22 15:03:05.558,2.09871,2.0993,1.12,1.75
2016.04.22 15:03:05.952,2.09871,2.09931,1.37,1.37
2016.04.22 15:03:06.054,2.09871,2.09931,1.12,1.75
2016.04.22 15:03:06.743,2.09871,2.09931,1.00,1.75
2016.04.22 15:03:06.987,2.09868,2.09927,1.50,1.50
2016.04.22 15:03:07.291,2.09866,2.09927,1.37,1.75
2016.04.22 15:03:07.802,2.09866,2.09927,1.00,1.75
2016.04.22 15:03:08.116,2.09866,2.09927,1.12,1.75
2016.04.22 15:03:08.167,2.09866,2.09927,1.37,1.75
2016.04.22 15:03:08.388,2.09866,2.09927,1.12,1.75
2016.04.22 15:03:08.490,2.09866,2.09927,1.00,1.75
2016.04.22 15:03:08.979,2.09866,2.09927,1.00,1.75
2016.04.22 15:03:09.081,2.09866,2.09927,1.00,1.75
2016.04.22 15:03:09.283,2.09866,2.09927,1.12,1.75
2016.04.22 15:03:09.788,2.09866,2.09927,1.00,1.75
2016.04.22 15:03:10.283,2.09866,2.09927,1.00,1.75
2016.04.22 15:03:10.805,2.09866,2.09927,1.00,1.75
2016.04.22 15:03:11.007,2.09866,2.09927,1.00,1.75
2016.04.22 15:03:11.210,2.09866,2.09927,1.12,1.75
2016.04.22 15:03:11.311,2.09866,2.09927,1.50,1.75
2016.04.22 15:03:12.478,2.09866,2.09925,1.00,1.75
2016.04.22 15:03:12.580,2.09863,2.09925,1.75,1.50
2016.04.22 15:03:13.111,2.09863,2.09925,1.75,1.50
2016.04.22 15:03:13.516,2.09863,2.09925,1.75,1.75
2016.04.22 15:03:13.766,2.09863,2.09925,1.37,1.75
2016.04.22 15:03:13.817,2.09863,2.09925,1.37,1.75
2016.04.22 15:03:15.534,2.09863,2.09925,1.00,1.75
2016.04.22 15:03:16.701,2.09863,2.09925,1.37,1.75
2016.04.22 15:03:17.283,2.09863,2.09925,1.50,1.75
2016.04.22 15:03:17.494,2.0986,2.09921,1.75,1.50
2016.04.22 15:03:17.596,2.0986,2.09921,1.75,1.75
2016.04.22 15:03:17.749,2.0986,2.09921,1.75,1.37
2016.04.22 15:03:17.907,2.09862,2.09921,1.00,1.37
2016.04.22 15:03:18.210,2.0986,2.09921,1.37,2.25
2016.04.22 15:03:18.718,2.0986,2.09921,1.50,2.25
2016.04.22 15:03:19.311,2.0986,2.0992,1.75,1.75
2016.04.22 15:03:19.412,2.0986,2.0992,1.50,1.75
2016.04.22 15:03:19.762,2.0986,2.09921,1.75,1.00
2016.04.22 15:03:19.916,2.09864,2.09926,1.75,1.00
2016.04.22 15:03:20.961,2.09867,2.09926,1.87,1.37
2016.04.22 15:03:21.062,2.09866,2.09926,1.50,1.75
2016.04.22 15:03:21.164,2.09864,2.09926,1.12,1.75
2016.04.22 15:03:21.265,2.09859,2.09922,1.50,1.75
2016.04.22 15:03:21.316,2.09859,2.09922,1.50,1.75
2016.04.22 15:03:21.367,2.09859,2.09922,1.50,1.75
2016.04.22 15:03:21.468,2.09863,2.09922,1.00,1.75
2016.04.22 15:03:21.845,2.09859,2.09922,1.75,1.75
2016.04.22 15:03:22.324,2.09859,2.09922,1.75,1.75
2016.04.22 15:03:22.628,2.09859,2.09922,1.75,1.50
2016.04.22 15:03:23.056,2.09859,2.09922,1.75,1.50
2016.04.22 15:03:23.366,2.09859,2.09922,1.12,1.75
2016.04.22 15:03:24.063,2.09859,2.09922,1.37,1.75
2016.04.22 15:03:24.165,2.09859,2.09922,1.75,1.75
2016.04.22 15:03:24.425,2.09862,2.09922,1.37,1.75
2016.04.22 15:03:24.476,2.09865,2.09925,1.50,1.75
2016.04.22 15:03:24.577,2.09865,2.09925,1.50,1.50
2016.04.22 15:03:24.628,2.09868,2.09931,1.50,1.75
2016.04.22 15:03:24.907,2.09872,2.09931,1.00,1.75
2016.04.22 15:03:25.272,2.09872,2.09931,1.00,1.37
2016.04.22 15:03:25.773,2.09872,2.09925,1.00,1.00
2016.04.22 15:03:25.875,2.09873,2.09936,1.37,2.25
2016.04.22 15:03:25.977,2.0988,2.09938,1.37,1.87
2016.04.22 15:03:26.078,2.09879,2.09935,1.75,1.00
2016.04.22 15:03:26.180,2.09879,2.09935,1.50,1.50
2016.04.22 15:03:26.282,2.09874,2.09935,1.75,1.37
2016.04.22 15:03:26.333,2.09874,2.09935,1.75,1.75
2016.04.22 15:03:26.508,2.09871,2.09929,1.50,1.37
2016.04.22 15:03:26.559,2.0987,2.09929,1.37,1.75
2016.04.22 15:03:26.871,2.0987,2.09929,1.00,1.75
2016.04.22 15:03:27.023,2.0987,2.09929,1.37,1.75
2016.04.22 15:03:27.124,2.09878,2.09933,1.00,1.09
2016.04.22 15:03:27.226,2.09884,2.09937,1.00,1.09
2016.04.22 15:03:27.276,2.09881,2.09939,1.75,1.71
2016.04.22 15:03:27.460,2.09881,2.09939,1.75,1.50
2016.04.22 15:03:27.764,2.09881,2.09939,1.37,1.00
2016.04.22 15:03:28.470,2.09881,2.09939,1.12,1.00
2016.04.22 15:03:29.064,2.09881,2.09939,1.12,1.37
2016.04.22 15:03:29.579,2.09881,2.09939,1.00,1.75
2016.04.22 15:03:29.882,2.09881,2.09934,1.00,1.12
2016.04.22 15:03:29.983,2.0987,2.0993,1.37,1.50
2016.04.22 15:03:30.185,2.09867,2.09928,1.50,1.37
2016.04.22 15:03:30.236,2.09867,2.09927,1.12,1.09
2016.04.22 15:03:30.338,2.09867,2.09927,1.00,1.09
2016.04.22 15:03:32.293,2.09867,2.09926,1.00,1.12
2016.04.22 15:03:32.445,2.09867,2.09926,1.00,1.12
2016.04.22 15:03:32.888,2.09867,2.09926,1.50,1.12
2016.04.22 15:03:33.090,2.09867,2.09926,1.00,1.12
2016.04.22 15:03:33.394,2.09865,2.09924,1.00,1.75
2016.04.22 15:03:33.495,2.09865,2.09924,1.00,1.75
2016.04.22 15:03:33.597,2.09867,2.09926,1.00,1.37
2016.04.22 15:03:33.648,2.09867,2.09926,1.00,1.00
2016.04.22 15:03:33.985,2.09867,2.09926,1.00,1.12
2016.04.22 15:03:34.036,2.09861,2.09924,1.00,1.50
2016.04.22 15:03:34.087,2.09861,2.09924,1.00,1.50
2016.04.22 15:03:34.695,2.09861,2.09924,1.00,1.75
2016.04.22 15:03:35.032,2.09859,2.09918,1.00,1.37
2016.04.22 15:03:35.083,2.09857,2.09918,1.00,1.75
2016.04.22 15:03:35.589,2.09856,2.09914,1.00,1.75
2016.04.22 15:03:36.131,2.09857,2.09914,1.00,1.75
2016.04.22 15:03:36.182,2.09852,2.09911,1.37,1.00
2016.04.22 15:03:36.234,2.09858,2.09916,1.00,1.75
2016.04.22 15:03:36.285,2.09858,2.09916,1.00,1.37
2016.04.22 15:03:36.387,2.09858,2.09919,1.00,1.50
2016.04.22 15:03:36.438,2.09858,2.09919,1.00,1.50
2016.04.22 15:03:36.744,2.09858,2.09919,1.00,1.75
2016.04.22 15:03:37.075,2.09858,2.09919,1.00,1.75
2016.04.22 15:03:37.378,2.09852,2.09916,1.00,1.75
2016.04.22 15:03:37.429,2.09852,2.09916,1.00,1.75
2016.04.22 15:03:37.732,2.09852,2.09916,1.75,1.75
2016.04.22 15:03:37.834,2.09852,2.09913,1.37,1.00
2016.04.22 15:03:37.935,2.09853,2.09916,1.00,1.75
2016.04.22 15:03:38.263,2.09852,2.09916,1.00,1.75
2016.04.22 15:03:38.314,2.09848,2.09911,1.00,1.75
2016.04.22 15:03:38.829,2.09847,2.09911,1.00,1.75
2016.04.22 15:03:39.449,2.09847,2.09911,1.00,1.75
2016.04.22 15:03:39.601,2.09847,2.09911,1.12,2.25
2016.04.22 15:03:39.702,2.09847,2.09911,1.12,2.25
2016.04.22 15:03:40.254,2.09847,2.09911,1.50,2.25
2016.04.22 15:03:40.523,2.09847,2.09911,1.50,2.25
2016.04.22 15:03:40.725,2.09847,2.09911,1.37,2.25
2016.04.22 15:03:41.274,2.09847,2.09911,1.12,1.75
2016.04.22 15:03:41.324,2.09847,2.09911,1.00,1.75
2016.04.22 15:03:41.440,2.09847,2.09911,1.12,1.75
2016.04.22 15:03:41.744,2.09847,2.09911,1.12,1.75
2016.04.22 15:03:41.845,2.09852,2.09912,1.37,1.75
2016.04.22 15:03:41.997,2.09852,2.09916,1.37,1.50
2016.04.22 15:03:42.250,2.09852,2.09916,1.00,1.75
2016.04.22 15:03:42.796,2.09852,2.09916,1.00,1.75
2016.04.22 15:03:43.158,2.09852,2.09916,1.00,1.75
2016.04.22 15:03:43.311,2.09852,2.09916,1.00,1.75
2016.04.22 15:03:43.853,2.09852,2.09916,1.00,1.75
2016.04.22 15:03:44.056,2.09852,2.09916,1.50,1.75
2016.04.22 15:03:44.159,2.09852,2.09916,1.75,1.75
2016.04.22 15:03:44.463,2.09848,2.09906,1.00,1.50
2016.04.22 15:03:44.514,2.09844,2.09906,1.37,1.75
2016.04.22 15:03:44.565,2.09841,2.099,1.37,1.37
2016.04.22 15:03:45.263,2.09842,2.099,1.00,1.50
2016.04.22 15:03:45.768,2.09841,2.099,1.37,1.12
2016.04.22 15:03:46.671,2.09839,2.099,1.12,1.12
2016.04.22 15:03:46.747,2.09839,2.099,1.37,1.00
2016.04.22 15:03:47.263,2.09839,2.099,1.50,1.12
2016.04.22 15:03:47.802,2.09839,2.099,1.37,1.37
2016.04.22 15:03:48.322,2.09839,2.099,1.75,1.00
2016.04.22 15:03:48.690,2.09839,2.099,1.00,1.37
2016.04.22 15:03:48.741,2.09834,2.09896,1.50,1.00
2016.04.22 15:03:48.792,2.09834,2.09895,1.75,1.00
2016.04.22 15:03:49.097,2.09834,2.09893,1.00,1.37
2016.04.22 15:03:49.401,2.09834,2.09892,1.00,1.75
2016.04.22 15:03:49.619,2.09834,2.09892,1.37,1.37
2016.04.22 15:03:49.771,2.09834,2.09894,1.37,1.00
2016.04.22 15:03:50.175,2.09834,2.09896,1.00,1.50
2016.04.22 15:03:50.469,2.09834,2.09896,1.37,1.37
2016.04.22 15:03:50.778,2.09834,2.09896,1.37,1.12
2016.04.22 15:03:50.880,2.09834,2.09896,1.75,1.00
2016.04.22 15:03:51.486,2.09838,2.09901,1.37,1.00
2016.04.22 15:03:51.681,2.09831,2.09895,2.25,1.00
2016.04.22 15:03:51.732,2.09841,2.099,1.00,1.50
2016.04.22 15:03:51.784,2.09852,2.099,1.00,1.12
2016.04.22 15:03:51.936,2.09846,2.09908,2.25,1.75
2016.04.22 15:03:51.987,2.09846,2.09908,2.25,1.75
2016.04.22 15:03:52.291,2.09846,2.09904,1.37,1.37
2016.04.22 15:03:52.342,2.0984,2.09904,1.75,1.75
2016.04.22 15:03:52.393,2.0984,2.09904,1.75,1.75
2016.04.22 15:03:52.815,2.09837,2.09899,1.75,1.12
2016.04.22 15:03:52.917,2.09837,2.09899,1.75,1.12
2016.04.22 15:03:53.119,2.09837,2.09899,1.37,1.12
2016.04.22 15:03:53.170,2.09841,2.09905,1.00,1.75
2016.04.22 15:03:53.729,2.09836,2.09899,1.37,1.12
2016.04.22 15:03:53.982,2.09844,2.09899,1.00,1.00
2016.04.22 15:03:54.134,2.09845,2.09906,1.00,1.75
2016.04.22 15:03:54.235,2.09845,2.09906,1.37,1.37
2016.04.22 15:03:54.387,2.0985,2.09913,1.50,1.37
2016.04.22 15:03:54.438,2.0985,2.09912,1.75,1.00
2016.04.22 15:03:54.628,2.0985,2.09913,1.50,1.75
2016.04.22 15:03:54.940,2.0985,2.09913,1.12,1.75
2016.04.22 15:03:55.497,2.0985,2.09913,1.00,1.75
2016.04.22 15:03:55.717,2.0985,2.09913,1.50,1.75
2016.04.22 15:03:56.021,2.0985,2.09913,1.00,1.75
2016.04.22 15:03:56.341,2.0985,2.09913,1.00,1.75
2016.04.22 15:03:57.325,2.0985,2.09913,1.00,2.25
2016.04.22 15:03:57.630,2.0985,2.09912,1.00,1.75
2016.04.22 15:03:57.831,2.09845,2.09907,1.00,1.75
2016.04.22 15:03:57.882,2.09845,2.09907,1.00,1.75
2016.04.22 15:03:57.984,2.09845,2.09907,1.37,1.75
2016.04.22 15:03:58.138,2.09845,2.09907,1.37,2.25
2016.04.22 15:03:58.240,2.09845,2.09907,1.75,1.37
2016.04.22 15:03:58.543,2.09851,2.09913,1.50,1.50
2016.04.22 15:03:58.868,2.09851,2.09913,1.37,1.75
2016.04.22 15:03:58.969,2.09851,2.09913,1.12,1.75
2016.04.22 15:03:59.020,2.09851,2.09913,1.00,1.75
2016.04.22 15:03:59.324,2.09847,2.09908,1.00,1.75
2016.04.22 15:03:59.656,2.09844,2.09908,1.37,1.75
2016.04.22 15:03:59.858,2.09839,2.099,1.50,1.75
2016.04.22 15:04:00.262,2.09839,2.09901,1.00,1.75
2016.04.22 15:04:00.465,2.09839,2.09901,1.12,1.75
2016.04.22 15:04:00.566,2.09839,2.09901,1.37,1.50
2016.04.22 15:04:00.743,2.09839,2.09901,1.75,1.12
2016.04.22 15:04:00.794,2.09845,2.09901,1.00,1.37
2016.04.22 15:04:01.103,2.09844,2.09907,1.75,1.75
2016.04.22 15:04:01.432,2.09837,2.09899,1.75,1.50
2016.04.22 15:04:01.483,2.09837,2.09899,1.75,1.50
2016.04.22 15:04:01.534,2.09837,2.099,1.37,1.75
2016.04.22 15:04:02.040,2.09837,2.09899,1.12,1.75
2016.04.22 15:04:02.583,2.09837,2.09899,1.00,1.75
2016.04.22 15:04:02.858,2.09837,2.09898,1.12,1.75
2016.04.22 15:04:03.385,2.09837,2.09899,1.12,1.75
2016.04.22 15:04:03.912,2.09837,2.09899,1.00,1.75
2016.04.22 15:04:04.283,2.09837,2.09899,1.00,2.25
2016.04.22 15:04:04.335,2.09837,2.09899,1.00,2.25
2016.04.22 15:04:04.667,2.09837,2.09899,1.37,2.25
2016.04.22 15:04:04.769,2.09837,2.09895,1.50,1.00
2016.04.22 15:04:04.871,2.09844,2.09899,1.12,1.12
2016.04.22 15:04:04.972,2.09844,2.09899,1.37,1.00
2016.04.22 15:04:05.073,2.09844,2.09906,1.75,1.37
2016.04.22 15:04:05.377,2.09842,2.09907,1.75,1.75
2016.04.22 15:04:05.479,2.09842,2.09907,1.00,1.75
2016.04.22 15:04:05.532,2.0984,2.09901,1.12,1.75
2016.04.22 15:04:05.587,2.09841,2.09901,1.00,1.75
2016.04.22 15:04:05.689,2.09837,2.09901,1.37,3.00
2016.04.22 15:04:05.790,2.09837,2.09901,1.75,2.25
2016.04.22 15:04:05.891,2.09837,2.09901,1.75,1.75
2016.04.22 15:04:06.192,2.09837,2.09901,1.75,2.25
2016.04.22 15:04:06.471,2.09837,2.09901,1.75,1.87
2016.04.22 15:04:06.918,2.09837,2.09901,1.75,1.37
2016.04.22 15:04:07.221,2.09843,2.09906,1.75,1.87
2016.04.22 15:04:07.424,2.09843,2.09906,1.75,1.75
2016.04.22 15:04:07.963,2.09843,2.09906,1.75,1.75
2016.04.22 15:04:08.426,2.09848,2.09912,1.50,2.25
2016.04.22 15:04:08.527,2.09848,2.09912,1.00,3.00
2016.04.22 15:04:09.070,2.09843,2.09907,1.75,1.75
2016.04.22 15:04:09.525,2.09843,2.09905,1.75,1.00
2016.04.22 15:04:09.626,2.09843,2.09907,1.75,1.50
2016.04.22 15:04:10.824,2.09843,2.09907,1.75,1.75
2016.04.22 15:04:11.161,2.09843,2.09907,1.37,1.75
2016.04.22 15:04:11.364,2.09843,2.09907,1.75,1.75
2016.04.22 15:04:11.414,2.09843,2.09907,1.75,1.75
2016.04.22 15:04:11.516,2.09843,2.09907,1.75,1.75
2016.04.22 15:04:11.567,2.09843,2.09907,1.75,1.75
2016.04.22 15:04:11.618,2.09843,2.09907,1.75,1.75
2016.04.22 15:04:11.966,2.09843,2.09907,1.75,1.37
2016.04.22 15:04:12.017,2.09843,2.09907,1.75,1.75
2016.04.22 15:04:12.119,2.09843,2.09907,1.75,1.75
2016.04.22 15:04:12.422,2.09845,2.09907,1.00,1.75
2016.04.22 15:04:12.827,2.09843,2.09903,1.75,1.00
2016.04.22 15:04:12.928,2.09843,2.09907,1.75,1.75
2016.04.22 15:04:13.073,2.09843,2.09907,1.75,1.75
2016.04.22 15:04:13.530,2.09843,2.09904,1.37,1.50
2016.04.22 15:04:13.581,2.09838,2.09903,1.75,1.75
2016.04.22 15:04:13.632,2.09839,2.09903,1.00,1.75
2016.04.22 15:04:13.834,2.09838,2.09903,1.75,1.75
2016.04.22 15:04:13.935,2.09838,2.09903,1.75,1.75
2016.04.22 15:04:14.074,2.09838,2.09903,1.75,1.75
2016.04.22 15:04:14.125,2.09846,2.09908,1.37,1.75
2016.04.22 15:04:14.227,2.09846,2.09908,1.75,1.75
2016.04.22 15:04:14.278,2.09846,2.09908,1.75,1.37
2016.04.22 15:04:14.329,2.09846,2.09908,1.75,1.12
2016.04.22 15:04:14.481,2.09846,2.09908,1.75,1.50
2016.04.22 15:04:14.532,2.09846,2.09906,1.75,1.00
2016.04.22 15:04:14.937,2.09846,2.09908,1.75,1.75
2016.04.22 15:04:15.338,2.09846,2.09908,1.37,1.75
2016.04.22 15:04:15.870,2.09846,2.09908,1.37,1.75
2016.04.22 15:04:16.413,2.09846,2.09908,1.37,1.75
2016.04.22 15:04:16.464,2.09846,2.09908,1.37,1.75
2016.04.22 15:04:16.616,2.09846,2.09908,1.50,1.75
2016.04.22 15:04:16.768,2.09846,2.09908,1.37,1.75
2016.04.22 15:04:16.970,2.09846,2.09905,1.50,1.00
2016.04.22 15:04:17.173,2.09846,2.09908,1.50,1.75
2016.04.22 15:04:17.561,2.09846,2.09904,1.50,1.00
2016.04.22 15:04:18.067,2.09846,2.09908,1.75,1.75
2016.04.22 15:04:18.336,2.09848,2.09908,1.00,1.75
2016.04.22 15:04:18.673,2.09846,2.09908,1.12,1.75
2016.04.22 15:04:19.083,2.09846,2.09908,1.75,1.75
2016.04.22 15:04:19.488,2.09843,2.09905,1.75,1.75
2016.04.22 15:04:19.862,2.09843,2.09906,2.25,1.75
2016.04.22 15:04:19.964,2.09845,2.09906,1.12,1.37
2016.04.22 15:04:20.166,2.09848,2.09906,1.00,1.75
2016.04.22 15:04:20.601,2.09844,2.09906,1.37,1.75
2016.04.22 15:04:21.056,2.09844,2.099,1.12,1.00
2016.04.22 15:04:21.157,2.09844,2.09902,1.75,1.00
2016.04.22 15:04:21.465,2.09845,2.09906,1.12,1.75
2016.04.22 15:04:21.638,2.09844,2.09906,1.75,1.75
2016.04.22 15:04:22.248,2.09844,2.09906,1.75,1.75
2016.04.22 15:04:23.497,2.09845,2.09906,1.12,1.75
2016.04.22 15:04:23.598,2.09845,2.09906,1.12,1.50
2016.04.22 15:04:24.122,2.09849,2.09907,1.12,1.75
2016.04.22 15:04:24.425,2.09849,2.09912,1.75,1.75
2016.04.22 15:04:24.907,2.09849,2.09912,1.75,1.75
2016.04.22 15:04:25.008,2.09849,2.09912,1.50,1.75
2016.04.22 15:04:25.110,2.09849,2.09912,1.75,1.75
2016.04.22 15:04:25.413,2.09849,2.09912,1.75,1.75
2016.04.22 15:04:25.716,2.09849,2.09912,1.12,1.75
2016.04.22 15:04:26.039,2.09849,2.09912,1.75,1.37
2016.04.22 15:04:26.291,2.09849,2.09912,1.75,1.37
2016.04.22 15:04:26.342,2.09847,2.09906,1.87,1.00
2016.04.22 15:04:26.444,2.09846,2.09906,1.75,1.50
2016.04.22 15:04:26.696,2.09846,2.09906,1.75,1.75
2016.04.22 15:04:26.798,2.09846,2.09906,1.50,1.75
2016.04.22 15:04:27.084,2.09846,2.09906,1.12,1.75
2016.04.22 15:04:27.785,2.09846,2.09906,1.00,1.75
2016.04.22 15:04:28.333,2.09846,2.09906,1.00,1.75
2016.04.22 15:04:28.588,2.09841,2.09906,1.75,1.75
2016.04.22 15:04:28.691,2.09847,2.0991,1.37,1.75
2016.04.22 15:04:28.845,2.09847,2.09909,1.75,1.37
2016.04.22 15:04:29.129,2.09845,2.09905,1.00,1.75
2016.04.22 15:04:29.231,2.0984,2.09905,1.12,1.75
2016.04.22 15:04:29.282,2.0984,2.09905,1.37,1.75
2016.04.22 15:04:29.333,2.0984,2.09905,1.75,1.75
2016.04.22 15:04:29.384,2.0984,2.099,1.75,1.00
2016.04.22 15:04:29.791,2.0984,2.09901,1.75,1.00
2016.04.22 15:04:29.996,2.09846,2.09905,1.00,1.75
2016.04.22 15:04:30.735,2.0984,2.09905,1.75,1.75
2016.04.22 15:04:31.539,2.0984,2.09905,1.75,1.75
2016.04.22 15:04:32.043,2.0984,2.09905,1.75,1.75
2016.04.22 15:04:32.346,2.0984,2.09905,1.75,1.75
2016.04.22 15:04:32.712,2.09841,2.09905,1.75,1.75
2016.04.22 15:04:33.915,2.09846,2.0991,1.37,1.75
2016.04.22 15:04:34.403,2.09846,2.09909,1.37,1.75
2016.04.22 15:04:34.950,2.09846,2.09909,1.75,1.75
2016.04.22 15:04:35.051,2.09846,2.0991,1.12,1.75
2016.04.22 15:04:35.153,2.09846,2.09909,1.00,1.75
2016.04.22 15:04:35.643,2.09846,2.0991,1.00,1.75
2016.04.22 15:04:35.707,2.09846,2.0991,1.37,1.75
2016.04.22 15:04:35.910,2.09846,2.09909,1.12,1.75
2016.04.22 15:04:36.011,2.09846,2.0991,1.37,1.75
2016.04.22 15:04:36.534,2.09846,2.09909,1.75,1.75
2016.04.22 15:04:37.039,2.09849,2.09911,1.75,1.75
2016.04.22 15:04:37.140,2.09849,2.09911,1.75,1.75
2016.04.22 15:04:37.242,2.09852,2.09911,1.00,1.75
2016.04.22 15:04:37.548,2.09846,2.09911,1.75,1.75
2016.04.22 15:04:37.650,2.09848,2.09911,1.75,1.75
2016.04.22 15:04:37.752,2.09848,2.09911,1.75,1.37
2016.04.22 15:04:38.055,2.09851,2.09914,1.75,1.75
2016.04.22 15:04:38.922,2.09851,2.09914,1.75,1.75
2016.04.22 15:04:39.241,2.09852,2.09914,1.00,1.75
2016.04.22 15:04:39.567,2.09864,2.09919,1.37,1.37
2016.04.22 15:04:39.669,2.09864,2.09927,1.75,1.75
2016.04.22 15:04:39.770,2.09864,2.09927,1.75,1.37
2016.04.22 15:04:39.973,2.09869,2.09931,1.75,1.75
2016.04.22 15:04:40.075,2.09871,2.09931,1.50,1.75
2016.04.22 15:04:40.318,2.09877,2.09933,1.37,1.00
2016.04.22 15:04:40.370,2.09882,2.0994,1.37,1.75
2016.04.22 15:04:40.674,2.09883,2.09946,1.75,1.75
2016.04.22 15:04:40.961,2.09883,2.09944,1.75,1.00
2016.04.22 15:04:41.166,2.09891,2.09946,1.00,1.37
2016.04.22 15:04:41.268,2.09888,2.09948,1.75,1.09
2016.04.22 15:04:41.776,2.09887,2.09949,2.25,1.09
2016.04.22 15:04:42.180,2.09889,2.09947,1.00,1.09
2016.04.22 15:04:42.282,2.09887,2.09947,1.12,1.09
2016.04.22 15:04:42.383,2.09887,2.09947,1.75,1.09
2016.04.22 15:04:42.484,2.09887,2.09947,1.37,1.09
2016.04.22 15:04:42.794,2.09882,2.09947,1.75,1.84
2016.04.22 15:04:42.896,2.09878,2.0994,2.25,1.75
2016.04.22 15:04:42.998,2.09871,2.09936,2.25,1.75
2016.04.22 15:04:43.150,2.0987,2.09928,1.37,1.75
2016.04.22 15:04:43.352,2.09859,2.0992,1.12,1.75
2016.04.22 15:04:43.403,2.09859,2.0992,1.00,1.75
2016.04.22 15:04:43.595,2.09863,2.09916,1.00,1.00
2016.04.22 15:04:43.698,2.09861,2.09916,1.00,1.37
2016.04.22 15:04:44.002,2.09867,2.09926,1.37,1.37
2016.04.22 15:04:44.053,2.09867,2.09927,1.75,1.00
2016.04.22 15:04:44.593,2.09871,2.09927,1.75,1.12
2016.04.22 15:04:45.091,2.09871,2.09927,1.75,1.00
2016.04.22 15:04:45.431,2.09871,2.09927,1.75,1.00
2016.04.22 15:04:45.592,2.09871,2.09936,1.75,1.75
2016.04.22 15:04:45.795,2.09871,2.09936,2.25,1.00
2016.04.22 15:04:45.997,2.09871,2.09937,2.25,1.75
2016.04.22 15:04:46.098,2.09871,2.09937,1.12,2.25
2016.04.22 15:04:46.432,2.09871,2.09936,1.00,1.75
2016.04.22 15:04:46.483,2.09871,2.09936,1.00,1.75
2016.04.22 15:04:46.795,2.0988,2.09936,1.75,1.75
2016.04.22 15:04:46.897,2.0989,2.09944,1.37,1.00
2016.04.22 15:04:47.000,2.0988,2.09944,1.75,1.75
2016.04.22 15:04:47.101,2.09882,2.09938,1.12,1.75
2016.04.22 15:04:47.202,2.09879,2.09938,1.12,1.75
2016.04.22 15:04:47.516,2.09874,2.09938,1.37,2.25
2016.04.22 15:04:47.793,2.09869,2.09932,1.50,1.75
2016.04.22 15:04:47.894,2.09868,2.09923,1.50,1.75
2016.04.22 15:04:47.995,2.09866,2.09924,1.12,1.75
2016.04.22 15:04:48.097,2.09868,2.09924,1.37,1.75
2016.04.22 15:04:48.198,2.09869,2.09932,1.12,2.25
2016.04.22 15:04:48.722,2.09869,2.09932,1.12,1.75
2016.04.22 15:04:48.940,2.09869,2.09932,1.12,1.75
2016.04.22 15:04:48.991,2.09869,2.09932,1.12,1.75
2016.04.22 15:04:49.193,2.09869,2.09932,1.12,2.25
2016.04.22 15:04:49.506,2.09869,2.09932,1.12,2.25
2016.04.22 15:04:49.608,2.09869,2.09932,1.12,2.25
2016.04.22 15:04:50.101,2.09871,2.09932,1.00,2.25
2016.04.22 15:04:50.508,2.09874,2.09932,1.12,1.75
2016.04.22 15:04:50.814,2.09874,2.09937,1.75,1.37
2016.04.22 15:04:51.319,2.09874,2.09937,1.75,1.37
2016.04.22 15:04:51.824,2.09874,2.09937,1.75,1.50
2016.04.22 15:04:51.925,2.09874,2.09937,1.75,1.50
2016.04.22 15:04:52.027,2.09874,2.09933,1.37,1.75
2016.04.22 15:04:52.450,2.09871,2.09932,1.12,1.37
2016.04.22 15:04:52.958,2.09871,2.09932,1.12,1.00
2016.04.22 15:04:53.111,2.09874,2.09933,1.75,1.37
2016.04.22 15:04:53.314,2.09874,2.09936,1.75,1.00
2016.04.22 15:04:53.563,2.09881,2.0994,1.50,1.37
2016.04.22 15:04:53.716,2.09881,2.09942,1.75,1.00
2016.04.22 15:04:54.322,2.09881,2.09942,1.75,1.00
2016.04.22 15:04:54.544,2.09881,2.09945,1.75,1.37
2016.04.22 15:04:54.596,2.09888,2.09948,1.75,1.00
2016.04.22 15:04:54.647,2.09888,2.09952,1.75,1.75
2016.04.22 15:04:54.952,2.09888,2.09952,1.50,1.75
2016.04.22 15:04:55.003,2.09888,2.09952,1.12,1.75
2016.04.22 15:04:55.054,2.09888,2.09952,1.00,1.75
2016.04.22 15:04:55.665,2.09888,2.09952,1.12,1.75
2016.04.22 15:04:55.716,2.09888,2.09952,1.12,1.75
2016.04.22 15:04:55.767,2.09888,2.09952,1.00,1.75
2016.04.22 15:04:56.071,2.09887,2.09945,1.00,1.75
2016.04.22 15:04:56.397,2.09864,2.09926,1.12,1.75
2016.04.22 15:04:56.448,2.09868,2.09926,1.75,1.37
2016.04.22 15:04:56.499,2.09868,2.09925,1.75,1.00
2016.04.22 15:04:56.550,2.09868,2.09925,1.75,1.00
2016.04.22 15:04:56.600,2.09869,2.09934,1.75,1.37
2016.04.22 15:04:56.651,2.09869,2.09934,1.75,1.37
2016.04.22 15:04:57.156,2.09879,2.09934,1.00,1.00
2016.04.22 15:04:57.498,2.09868,2.09934,2.25,1.12
2016.04.22 15:04:57.549,2.09868,2.09934,2.25,1.37
2016.04.22 15:04:57.853,2.09872,2.09934,1.00,1.50
2016.04.22 15:04:58.196,2.09868,2.0993,1.75,1.00
2016.04.22 15:04:58.724,2.09868,2.09929,1.75,1.00
2016.04.22 15:04:58.825,2.09868,2.0993,1.75,1.00
2016.04.22 15:04:59.443,2.09868,2.09934,2.25,1.75
2016.04.22 15:04:59.544,2.09868,2.09934,2.25,1.75
2016.04.22 15:04:59.595,2.09868,2.09934,2.25,1.50
2016.04.22 15:04:59.646,2.09868,2.09934,1.75,1.12
2016.04.22 15:04:59.799,2.09868,2.09934,2.25,1.37
2016.04.22 15:04:59.850,2.09868,2.09934,2.25,1.75
2016.04.22 15:04:59.901,2.09871,2.09934,1.00,1.75
2016.04.22 15:05:00.003,2.09868,2.09934,1.75,1.75
2016.04.22 15:05:00.206,2.09868,2.09934,1.75,1.75
2016.04.22 15:05:00.435,2.09868,2.09934,2.25,1.75
2016.04.22 15:05:00.739,2.09871,2.09934,1.75,1.12
2016.04.22 15:05:01.246,2.09875,2.09938,1.37,1.75
2016.04.22 15:05:01.410,2.09875,2.09938,1.37,1.75
2016.04.22 15:05:01.841,2.09875,2.09938,1.37,1.75
2016.04.22 15:05:02.193,2.09875,2.09938,1.37,1.75
2016.04.22 15:05:02.723,2.09875,2.09935,1.37,1.00
2016.04.22 15:05:03.251,2.09875,2.09938,1.75,2.25
2016.04.22 15:05:03.690,2.09874,2.09933,1.12,1.00
2016.04.22 15:05:03.853,2.09869,2.09933,1.75,1.75
2016.04.22 15:05:04.006,2.09869,2.09933,1.75,1.75
2016.04.22 15:05:04.309,2.09869,2.09933,1.50,1.50
2016.04.22 15:05:04.650,2.09869,2.09933,1.75,1.75
2016.04.22 15:05:04.853,2.09869,2.09933,1.75,1.75
2016.04.22 15:05:05.066,2.09869,2.0993,1.37,1.75
2016.04.22 15:05:05.370,2.09869,2.09933,1.75,1.50
2016.04.22 15:05:05.421,2.09869,2.09933,1.75,1.12
2016.04.22 15:05:05.574,2.09869,2.09933,1.75,1.75
2016.04.22 15:05:05.726,2.09869,2.09933,1.75,1.75
2016.04.22 15:05:05.777,2.09869,2.0993,1.37,1.50
2016.04.22 15:05:05.827,2.09864,2.09928,1.37,1.37
2016.04.22 15:05:05.950,2.09862,2.09921,1.00,1.75
2016.04.22 15:05:06.152,2.09862,2.09921,1.50,1.00
2016.04.22 15:05:07.038,2.09862,2.09921,1.75,1.00
2016.04.22 15:05:07.256,2.09862,2.09922,1.37,1.37
2016.04.22 15:05:07.358,2.09862,2.09921,1.75,1.00
2016.04.22 15:05:07.661,2.09864,2.09928,1.75,1.75
2016.04.22 15:05:07.764,2.09864,2.09928,1.75,1.12
2016.04.22 15:05:07.976,2.09864,2.09928,1.75,1.37
2016.04.22 15:05:08.281,2.09864,2.09928,1.75,1.00
2016.04.22 15:05:08.433,2.09868,2.0993,1.75,1.12
2016.04.22 15:05:08.534,2.09868,2.09931,1.75,1.00
2016.04.22 15:05:09.069,2.09868,2.0993,1.75,1.00
2016.04.22 15:05:09.457,2.09868,2.0993,1.75,1.00
2016.04.22 15:05:09.659,2.09873,2.0993,1.00,1.37
2016.04.22 15:05:09.761,2.09863,2.09929,3.00,1.37
2016.04.22 15:05:09.862,2.09863,2.09929,1.75,1.37
2016.04.22 15:05:09.964,2.09863,2.09929,1.75,1.12
2016.04.22 15:05:10.286,2.09869,2.0993,1.75,1.00
2016.04.22 15:05:10.589,2.09869,2.09931,1.12,1.75
2016.04.22 15:05:10.792,2.09857,2.09923,1.75,2.25
2016.04.22 15:05:10.842,2.09857,2.09923,1.75,2.25
2016.04.22 15:05:11.145,2.09857,2.09917,1.50,1.00
2016.04.22 15:05:11.549,2.09857,2.09923,1.75,2.25
2016.04.22 15:05:11.650,2.09857,2.09923,1.75,2.25
2016.04.22 15:05:11.852,2.09857,2.09922,1.75,1.75
2016.04.22 15:05:12.270,2.09857,2.09922,1.75,1.75
2016.04.22 15:05:12.472,2.09857,2.09923,1.75,2.25
2016.04.22 15:05:12.574,2.09861,2.09923,1.00,2.25
2016.04.22 15:05:12.675,2.09857,2.09922,2.25,1.50
2016.04.22 15:05:12.776,2.09857,2.09923,1.75,2.25
2016.04.22 15:05:13.254,2.09857,2.09923,1.37,2.25
2016.04.22 15:05:13.356,2.09863,2.09923,1.75,1.37
2016.04.22 15:05:13.457,2.09863,2.09929,1.50,1.75
2016.04.22 15:05:13.559,2.09863,2.09924,1.00,1.75
2016.04.22 15:05:13.963,2.09863,2.09929,1.50,2.25
2016.04.22 15:05:14.089,2.09863,2.09929,1.00,2.25
2016.04.22 15:05:14.455,2.09863,2.09927,1.12,1.75
2016.04.22 15:05:14.989,2.09863,2.09924,1.00,1.75
2016.04.22 15:05:15.192,2.09858,2.09923,1.75,1.75
2016.04.22 15:05:15.495,2.09859,2.09923,1.00,1.75
2016.04.22 15:05:15.827,2.09858,2.09923,1.12,2.25
2016.04.22 15:05:16.144,2.09863,2.09923,1.00,2.25
2016.04.22 15:05:16.195,2.09863,2.09918,1.00,1.00
2016.04.22 15:05:16.297,2.09863,2.09924,1.12,1.12
2016.04.22 15:05:16.398,2.09863,2.09928,1.37,1.12
2016.04.22 15:05:16.701,2.09863,2.09926,1.50,1.75
2016.04.22 15:05:17.207,2.09863,2.09929,1.75,2.25
2016.04.22 15:05:17.510,2.09863,2.09929,1.50,2.25
2016.04.22 15:05:18.086,2.09863,2.09929,1.50,1.75
2016.04.22 15:05:18.305,2.09863,2.09929,1.00,1.75
2016.04.22 15:05:18.835,2.09863,2.09927,1.37,1.75
2016.04.22 15:05:19.368,2.09863,2.09928,1.50,1.75
2016.04.22 15:05:19.688,2.09863,2.09918,1.37,1.00
2016.04.22 15:05:19.993,2.09857,2.09923,1.75,2.25
2016.04.22 15:05:20.525,2.09852,2.09916,2.25,1.75
2016.04.22 15:05:20.627,2.09856,2.09916,1.00,1.75
2016.04.22 15:05:21.092,2.09865,2.09919,1.00,1.75
2016.04.22 15:05:21.462,2.09872,2.09934,1.75,1.12
2016.04.22 15:05:21.513,2.09872,2.09937,1.75,1.75
2016.04.22 15:05:21.817,2.09872,2.09937,1.75,1.75
2016.04.22 15:05:22.338,2.09872,2.09937,1.75,1.75
2016.04.22 15:05:22.710,2.09875,2.09937,1.00,1.75
2016.04.22 15:05:23.212,2.09872,2.09937,1.75,1.75
2016.04.22 15:05:23.848,2.09873,2.09937,1.75,1.75
2016.04.22 15:05:24.017,2.09873,2.09937,1.75,1.75
2016.04.22 15:05:24.822,2.09873,2.09937,1.75,1.75
2016.04.22 15:05:25.198,2.09873,2.09934,1.75,1.00
2016.04.22 15:05:25.400,2.09879,2.09937,1.00,1.75
2016.04.22 15:05:26.000,2.09873,2.09937,1.75,1.75
2016.04.22 15:05:26.101,2.09872,2.09937,2.25,1.75
2016.04.22 15:05:26.551,2.09872,2.09937,2.25,1.75
2016.04.22 15:05:27.208,2.0988,2.09943,1.00,2.25
2016.04.22 15:05:27.310,2.09887,2.09943,1.12,1.12
2016.04.22 15:05:27.411,2.09887,2.09949,1.00,1.12
2016.04.22 15:05:27.613,2.09881,2.09947,1.87,1.75
2016.04.22 15:05:27.794,2.09886,2.09951,1.00,1.75
2016.04.22 15:05:27.845,2.09886,2.09951,1.50,1.75
2016.04.22 15:05:28.325,2.09886,2.09951,1.50,1.75
2016.04.22 15:05:28.861,2.09886,2.09952,1.75,2.25
2016.04.22 15:05:28.963,2.09886,2.09952,1.50,2.25
2016.04.22 15:05:29.248,2.09886,2.09952,1.75,2.25
2016.04.22 15:05:29.349,2.09886,2.09952,1.37,2.25
2016.04.22 15:05:29.653,2.09886,2.09952,1.37,2.25
2016.04.22 15:05:30.239,2.09886,2.09951,1.37,1.75
2016.04.22 15:05:30.291,2.09886,2.09951,1.37,1.75
2016.04.22 15:05:30.443,2.09887,2.09945,1.00,1.00
2016.04.22 15:05:30.546,2.09886,2.09951,1.50,1.75
2016.04.22 15:05:30.850,2.09886,2.09951,1.50,2.25
2016.04.22 15:05:31.377,2.09886,2.09951,1.50,1.75
2016.04.22 15:05:31.478,2.09886,2.09947,1.00,1.75
2016.04.22 15:05:31.580,2.09881,2.09947,1.75,1.75
2016.04.22 15:05:31.631,2.0988,2.09941,1.50,1.37
2016.04.22 15:05:31.733,2.0988,2.09941,1.75,1.37
2016.04.22 15:05:32.045,2.09875,2.09941,1.12,3.00
2016.04.22 15:05:32.198,2.0987,2.09934,1.75,1.75
2016.04.22 15:05:32.249,2.09863,2.09929,1.75,1.37
2016.04.22 15:05:32.550,2.09863,2.09929,1.75,1.75
2016.04.22 15:05:32.652,2.09863,2.09929,1.50,1.75
2016.04.22 15:05:32.753,2.09863,2.09929,1.12,1.75
2016.04.22 15:05:32.855,2.09863,2.09929,1.00,1.75
2016.04.22 15:05:33.057,2.09863,2.09929,1.75,1.50
2016.04.22 15:05:33.588,2.09863,2.09929,1.75,1.37
2016.04.22 15:05:33.902,2.09863,2.09929,1.75,1.75
2016.04.22 15:05:34.539,2.09863,2.09929,1.75,1.75
2016.04.22 15:05:35.118,2.09863,2.09929,1.75,1.75
2016.04.22 15:05:35.421,2.09864,2.09929,1.75,1.75
2016.04.22 15:05:35.472,2.09864,2.09929,1.75,1.75
2016.04.22 15:05:35.675,2.09863,2.09929,1.75,1.75
2016.04.22 15:05:35.727,2.09863,2.09929,1.75,1.75
2016.04.22 15:05:35.778,2.09863,2.09929,1.75,1.75
2016.04.22 15:05:36.357,2.09863,2.09929,1.75,1.75
2016.04.22 15:05:36.759,2.09863,2.09929,1.75,1.75
2016.04.22 15:05:36.860,2.09863,2.09929,1.75,1.50
2016.04.22 15:05:37.079,2.09863,2.09929,1.75,1.00
2016.04.22 15:05:37.255,2.09872,2.09929,1.00,1.37
2016.04.22 15:05:37.778,2.09867,2.09929,1.75,1.37
2016.04.22 15:05:38.426,2.09868,2.09932,1.75,2.25
2016.04.22 15:05:38.562,2.09868,2.09932,1.75,1.37
2016.04.22 15:05:38.613,2.09868,2.09932,1.75,1.37
2016.04.22 15:05:38.665,2.09868,2.09932,1.75,1.00
2016.04.22 15:05:38.766,2.09878,2.09932,1.00,1.37
2016.04.22 15:05:39.510,2.09875,2.09932,1.00,1.37
2016.04.22 15:05:40.051,2.09869,2.09932,1.75,1.00
2016.04.22 15:05:40.153,2.0987,2.09932,1.75,1.37
2016.04.22 15:05:40.318,2.09869,2.09932,1.75,1.37
2016.04.22 15:05:40.582,2.0987,2.09932,1.75,1.37
2016.04.22 15:05:41.922,2.09868,2.09932,3.00,1.37
2016.04.22 15:05:42.615,2.09868,2.09932,2.25,1.25
2016.04.22 15:05:43.414,2.09872,2.09936,1.75,1.51
2016.04.22 15:05:43.933,2.09872,2.09936,1.75,1.50
2016.04.22 15:05:44.429,2.09872,2.09936,1.75,1.37
2016.04.22 15:05:44.530,2.09872,2.09936,1.75,1.75
2016.04.22 15:05:44.733,2.09873,2.09932,1.00,1.50
2016.04.22 15:05:45.099,2.09865,2.09928,1.75,1.50
2016.04.22 15:05:45.150,2.09865,2.09927,1.75,1.75
2016.04.22 15:05:45.302,2.09865,2.09928,1.75,1.37
2016.04.22 15:05:45.652,2.09872,2.09928,1.00,1.37
2016.04.22 15:05:45.955,2.09878,2.09937,1.75,1.12
2016.04.22 15:05:46.006,2.09878,2.09937,1.75,1.12
2016.04.22 15:05:46.511,2.09878,2.09937,1.75,1.37
2016.04.22 15:05:46.663,2.09878,2.09936,1.37,1.75
2016.04.22 15:05:46.967,2.09878,2.09936,1.00,1.75
2016.04.22 15:05:47.437,2.09875,2.09937,1.00,2.25
2016.04.22 15:05:47.741,2.09874,2.09936,1.12,1.75
2016.04.22 15:05:49.144,2.09873,2.09936,1.75,1.75
2016.04.22 15:05:49.649,2.09873,2.09937,1.87,1.75
2016.04.22 15:05:50.166,2.09874,2.09937,1.12,1.75
2016.04.22 15:05:51.884,2.09873,2.09937,2.25,1.50
2016.04.22 15:05:51.935,2.09873,2.09937,2.25,1.50
2016.04.22 15:05:52.719,2.09873,2.09937,2.25,1.50
2016.04.22 15:05:53.225,2.09873,2.09939,2.25,1.75
2016.04.22 15:05:53.730,2.09877,2.09939,1.00,1.75
2016.04.22 15:05:54.049,2.09874,2.09939,1.75,1.75
2016.04.22 15:05:54.150,2.09878,2.09939,1.00,1.75
2016.04.22 15:05:54.353,2.09875,2.09939,1.00,1.75
2016.04.22 15:05:54.657,2.09873,2.09939,2.25,1.75
2016.04.22 15:05:54.965,2.09874,2.09939,1.75,1.75
2016.04.22 15:05:55.020,2.09873,2.09939,2.25,1.75
2016.04.22 15:05:55.071,2.09873,2.09931,2.25,1.00
2016.04.22 15:05:56.491,2.09873,2.09939,2.25,1.75
2016.04.22 15:05:56.541,2.09873,2.09939,2.25,1.75
2016.04.22 15:05:57.161,2.09873,2.09939,2.25,1.75
2016.04.22 15:05:57.363,2.09873,2.09935,1.75,1.37
2016.04.22 15:05:57.414,2.09873,2.09935,1.75,1.75
2016.04.22 15:05:57.844,2.09868,2.09933,1.75,1.75
2016.04.22 15:05:57.895,2.09868,2.09933,1.75,1.50
2016.04.22 15:05:57.946,2.09875,2.09933,1.00,1.50
2016.04.22 15:05:58.249,2.0987,2.09933,1.00,1.75
2016.04.22 15:05:58.451,2.09868,2.09933,1.12,2.25
2016.04.22 15:05:58.769,2.09866,2.09928,1.00,1.75
2016.04.22 15:05:59.279,2.09865,2.09928,1.50,1.75
2016.04.22 15:05:59.804,2.09865,2.09928,1.50,1.75
2016.04.22 15:06:00.081,2.09865,2.09928,1.12,1.75
2016.04.22 15:06:00.586,2.09864,2.09928,1.00,1.75
2016.04.22 15:06:00.941,2.09862,2.09927,1.00,1.75
2016.04.22 15:06:01.147,2.09862,2.09927,1.75,1.75
2016.04.22 15:06:01.400,2.09867,2.09926,1.75,1.37
2016.04.22 15:06:01.451,2.09867,2.09927,1.75,1.12
2016.04.22 15:06:01.502,2.09864,2.09925,1.75,1.00
2016.04.22 15:06:01.654,2.09861,2.09925,1.37,1.75
2016.04.22 15:06:01.826,2.09861,2.09925,1.37,1.75
2016.04.22 15:06:02.595,2.09862,2.09925,1.00,1.75
2016.04.22 15:06:02.696,2.09861,2.09925,1.00,1.75
2016.04.22 15:06:02.797,2.09859,2.09925,1.75,1.75
2016.04.22 15:06:02.954,2.09861,2.09925,1.12,1.75
2016.04.22 15:06:03.459,2.0986,2.09925,1.12,1.75
2016.04.22 15:06:03.764,2.09859,2.09925,1.00,1.75
2016.04.22 15:06:04.187,2.09859,2.09925,1.00,1.75
2016.04.22 15:06:04.243,2.09859,2.09925,1.50,1.75
2016.04.22 15:06:04.294,2.09859,2.09925,1.50,1.75
2016.04.22 15:06:04.395,2.09859,2.09925,1.50,1.75
2016.04.22 15:06:04.497,2.09858,2.0992,1.50,1.75
2016.04.22 15:06:04.771,2.09853,2.09917,1.75,1.75
2016.04.22 15:06:04.872,2.09853,2.09917,1.75,1.75
2016.04.22 15:06:04.974,2.09853,2.09917,1.12,1.75
2016.04.22 15:06:05.227,2.09853,2.09917,1.37,1.50
2016.04.22 15:06:05.279,2.09853,2.09917,1.75,1.12
2016.04.22 15:06:06.176,2.09853,2.09917,1.75,1.00
2016.04.22 15:06:06.411,2.09853,2.09917,1.75,1.12
2016.04.22 15:06:07.882,2.09853,2.09917,1.75,1.37
2016.04.22 15:06:09.307,2.09859,2.09917,1.00,1.37
2016.04.22 15:06:09.813,2.09856,2.09917,1.75,1.00
2016.04.22 15:06:10.123,2.09856,2.09919,1.75,1.37
2016.04.22 15:06:10.716,2.09856,2.09919,1.75,1.12
2016.04.22 15:06:10.818,2.09856,2.09919,1.50,1.87
2016.04.22 15:06:11.122,2.09856,2.0992,1.75,1.75
2016.04.22 15:06:11.262,2.09856,2.09919,1.75,1.50
2016.04.22 15:06:11.569,2.09856,2.09922,1.75,1.75
2016.04.22 15:06:12.475,2.09856,2.09916,1.75,1.00
2016.04.22 15:06:12.627,2.09856,2.09922,1.75,1.75
2016.04.22 15:06:12.728,2.09856,2.09922,1.75,1.75
2016.04.22 15:06:12.938,2.09856,2.09922,2.25,1.75
2016.04.22 15:06:13.241,2.09856,2.09922,1.87,1.75
2016.04.22 15:06:13.607,2.0985,2.09916,1.75,1.75
2016.04.22 15:06:13.658,2.09849,2.09916,1.87,1.75
2016.04.22 15:06:13.709,2.09849,2.09916,1.87,1.75
2016.04.22 15:06:13.760,2.09849,2.09913,1.75,1.75
2016.04.22 15:06:13.810,2.09849,2.09913,1.75,1.75
2016.04.22 15:06:13.912,2.09849,2.09913,1.75,1.75
2016.04.22 15:06:14.114,2.09849,2.09913,1.75,1.75
2016.04.22 15:06:14.326,2.09849,2.09912,1.75,1.75
2016.04.22 15:06:14.551,2.09849,2.09912,1.75,1.75
2016.04.22 15:06:15.211,2.09849,2.09912,1.75,1.75
2016.04.22 15:06:15.313,2.09853,2.09916,1.50,1.75
2016.04.22 15:06:15.465,2.09853,2.09916,1.37,1.75
2016.04.22 15:06:15.892,2.09849,2.0991,1.75,1.00
2016.04.22 15:06:16.095,2.09844,2.09909,1.75,1.75
2016.04.22 15:06:16.147,2.09844,2.09909,1.37,1.75
2016.04.22 15:06:16.197,2.09844,2.09909,1.00,1.75
2016.04.22 15:06:16.350,2.09844,2.09909,1.00,1.75
2016.04.22 15:06:16.675,2.0985,2.09915,1.75,1.75
2016.04.22 15:06:16.776,2.0985,2.09915,1.75,1.75
2016.04.22 15:06:16.827,2.0985,2.09915,1.75,1.75
2016.04.22 15:06:17.334,2.0985,2.09915,1.75,1.50
2016.04.22 15:06:18.225,2.09856,2.09915,1.00,1.37
2016.04.22 15:06:19.548,2.0985,2.09915,1.75,1.75
2016.04.22 15:06:19.649,2.0985,2.09911,1.50,1.00
2016.04.22 15:06:19.953,2.0985,2.09915,1.50,1.75
2016.04.22 15:06:20.227,2.0985,2.09915,1.75,1.75
2016.04.22 15:06:20.278,2.0985,2.09915,2.25,1.12
2016.04.22 15:06:20.379,2.09856,2.09921,1.50,2.25
2016.04.22 15:06:20.481,2.09856,2.09921,1.75,2.25
2016.04.22 15:06:20.785,2.09856,2.09921,1.37,2.25
2016.04.22 15:06:21.096,2.09856,2.09921,1.00,2.25
2016.04.22 15:06:21.598,2.09856,2.09921,1.00,2.25
2016.04.22 15:06:21.901,2.0985,2.09915,2.25,1.75
2016.04.22 15:06:22.003,2.0985,2.09913,1.75,1.37
2016.04.22 15:06:22.054,2.0985,2.09913,1.75,1.37
2016.04.22 15:06:22.372,2.09863,2.09927,1.00,1.75
2016.04.22 15:06:22.675,2.09868,2.09929,1.75,1.75
2016.04.22 15:06:22.953,2.09868,2.09929,1.75,1.75
2016.04.22 15:06:23.055,2.09865,2.09929,1.12,1.75
2016.04.22 15:06:23.207,2.09865,2.09929,1.37,1.75
2016.04.22 15:06:23.683,2.09865,2.09929,1.00,3.00
2016.04.22 15:06:23.785,2.09863,2.09927,1.75,1.75
2016.04.22 15:06:24.088,2.09863,2.09926,1.50,1.75
2016.04.22 15:06:24.189,2.09859,2.09924,1.75,1.75
2016.04.22 15:06:24.290,2.0986,2.09924,1.75,1.75
2016.04.22 15:06:24.523,2.0986,2.09924,1.00,1.75
2016.04.22 15:06:24.575,2.0986,2.09924,1.12,1.75
2016.04.22 15:06:24.677,2.0986,2.09924,1.50,1.75
2016.04.22 15:06:24.778,2.0986,2.09924,1.75,1.75
2016.04.22 15:06:24.880,2.09859,2.09924,1.75,1.75
2016.04.22 15:06:24.981,2.0986,2.09924,1.75,1.75
2016.04.22 15:06:25.285,2.0986,2.09923,1.12,1.75
2016.04.22 15:06:25.437,2.0986,2.09908,1.12,1.00
2016.04.22 15:06:25.538,2.09832,2.09897,2.25,1.75
2016.04.22 15:06:25.590,2.09839,2.09897,1.37,1.50
2016.04.22 15:06:25.641,2.09839,2.09903,1.75,1.75
2016.04.22 15:06:25.692,2.09839,2.09903,1.75,1.75
2016.04.22 15:06:25.793,2.09842,2.09906,1.75,1.75
2016.04.22 15:06:26.062,2.09842,2.09906,1.75,1.75
2016.04.22 15:06:26.476,2.09841,2.09906,1.75,1.75
2016.04.22 15:06:26.578,2.09841,2.09906,1.75,1.50
2016.04.22 15:06:26.882,2.09841,2.09906,1.75,1.75
2016.04.22 15:06:26.983,2.09846,2.09912,1.75,1.75
2016.04.22 15:06:27.135,2.09846,2.09912,1.75,1.75
2016.04.22 15:06:27.186,2.09846,2.09912,1.75,1.75
2016.04.22 15:06:27.407,2.09846,2.09912,1.75,1.75
2016.04.22 15:06:27.509,2.09846,2.09912,1.75,1.75
2016.04.22 15:06:27.610,2.09842,2.09908,1.75,1.75
2016.04.22 15:06:27.712,2.09842,2.09908,1.75,1.75
2016.04.22 15:06:27.914,2.09842,2.09908,1.75,1.75
2016.04.22 15:06:28.072,2.09842,2.09908,1.75,1.75
2016.04.22 15:06:28.513,2.09842,2.09908,1.75,1.50
2016.04.22 15:06:28.721,2.09842,2.09908,1.75,1.75
2016.04.22 15:06:28.822,2.09841,2.09908,1.75,1.37
2016.04.22 15:06:29.126,2.09841,2.09908,1.75,1.75
2016.04.22 15:06:29.381,2.09846,2.09908,1.00,1.75
2016.04.22 15:06:29.556,2.09842,2.09908,1.75,1.75
2016.04.22 15:06:29.607,2.09842,2.09908,1.75,1.75
2016.04.22 15:06:29.923,2.09842,2.09908,1.75,2.25
2016.04.22 15:06:30.281,2.09846,2.09908,1.00,2.25
2016.04.22 15:06:30.710,2.09842,2.09908,1.75,2.25
2016.04.22 15:06:31.026,2.09836,2.09901,1.75,1.75
2016.04.22 15:06:31.329,2.09844,2.09901,1.75,1.00
2016.04.22 15:06:31.481,2.09844,2.09908,1.75,1.75
2016.04.22 15:06:31.813,2.09844,2.09908,1.75,1.75
2016.04.22 15:06:33.150,2.09845,2.09908,1.75,1.75
2016.04.22 15:06:33.391,2.09845,2.09908,1.75,1.75
2016.04.22 15:06:33.442,2.09845,2.09908,1.75,1.75
2016.04.22 15:06:34.215,2.09845,2.09907,1.75,1.00
2016.04.22 15:06:34.368,2.09853,2.09908,1.00,1.37
2016.04.22 15:06:34.419,2.09847,2.09912,1.75,1.12
2016.04.22 15:06:36.245,2.09847,2.09913,1.75,1.84
2016.04.22 15:06:36.848,2.09847,2.09913,1.75,1.84
2016.04.22 15:06:37.363,2.09847,2.09913,1.75,1.84
2016.04.22 15:06:37.666,2.09847,2.09913,1.50,1.84
2016.04.22 15:06:37.981,2.09844,2.09907,1.75,1.75
2016.04.22 15:06:38.312,2.09835,2.09901,2.25,1.12
2016.04.22 15:06:38.526,2.09841,2.09901,1.00,1.12
2016.04.22 15:06:38.855,2.09836,2.09901,1.75,1.12
2016.04.22 15:06:39.959,2.09836,2.09901,1.75,1.12
2016.04.22 15:06:40.116,2.09836,2.09901,1.75,1.12
2016.04.22 15:06:40.167,2.09837,2.09901,1.00,1.12
2016.04.22 15:06:40.686,2.09836,2.09897,1.12,1.75
2016.04.22 15:06:41.341,2.0984,2.09899,1.87,1.37
2016.04.22 15:06:41.391,2.0984,2.09899,2.25,1.00
2016.04.22 15:06:41.442,2.09849,2.09908,1.75,1.12
2016.04.22 15:06:41.785,2.09852,2.09912,1.75,1.12
2016.04.22 15:06:41.988,2.09852,2.09918,1.75,1.75
2016.04.22 15:06:43.291,2.09852,2.09918,1.75,1.75
2016.04.22 15:06:43.875,2.09852,2.09918,1.75,1.75
2016.04.22 15:06:44.209,2.09852,2.09912,1.00,1.75
2016.04.22 15:06:44.462,2.09844,2.09907,1.12,1.75
2016.04.22 15:06:44.563,2.09839,2.09907,2.25,2.25
2016.04.22 15:06:44.903,2.09839,2.09907,2.25,2.25
2016.04.22 15:06:45.787,2.09839,2.09907,2.25,1.75
2016.04.22 15:06:46.466,2.09839,2.09902,1.75,1.75
2016.04.22 15:06:46.668,2.09839,2.09902,1.75,1.75
2016.04.22 15:06:46.971,2.09841,2.09907,1.75,1.75
2016.04.22 15:06:47.275,2.09841,2.09903,1.00,1.75
2016.04.22 15:06:47.701,2.09835,2.09901,1.37,1.75
2016.04.22 15:06:48.207,2.09834,2.09901,1.50,2.25
2016.04.22 15:06:48.562,2.09834,2.09901,1.50,2.25
2016.04.22 15:06:48.968,2.09834,2.09895,1.50,1.75
2016.04.22 15:06:49.069,2.09828,2.09888,1.75,1.00
2016.04.22 15:06:49.271,2.09856,2.09895,1.00,1.00
2016.04.22 15:06:49.373,2.09862,2.09906,1.00,1.00
2016.04.22 15:06:49.474,2.09862,2.09923,1.00,1.87
2016.04.22 15:06:49.640,2.09856,2.0992,1.12,1.75
2016.04.22 15:06:49.691,2.09851,2.09916,1.50,1.75
2016.04.22 15:06:49.894,2.09851,2.09916,1.00,2.25
2016.04.22 15:06:50.407,2.09851,2.09916,1.00,1.75
2016.04.22 15:06:50.924,2.09851,2.09916,1.37,1.75
2016.04.22 15:06:51.497,2.09851,2.09916,1.50,1.75
2016.04.22 15:06:51.855,2.09851,2.09916,1.75,1.75
2016.04.22 15:06:52.383,2.09851,2.09916,1.75,1.75
2016.04.22 15:06:53.083,2.09851,2.09916,1.75,1.75
2016.04.22 15:06:53.487,2.09858,2.09918,1.12,1.75
2016.04.22 15:06:53.588,2.09858,2.09918,1.37,1.75
2016.04.22 15:06:53.791,2.09858,2.09923,1.75,1.50
2016.04.22 15:06:54.011,2.09864,2.09923,1.37,1.75
2016.04.22 15:06:54.214,2.09858,2.09923,1.75,1.75
2016.04.22 15:06:54.606,2.09858,2.09923,1.75,1.75
2016.04.22 15:06:54.998,2.09858,2.09923,1.75,1.75
2016.04.22 15:06:55.049,2.09857,2.09915,2.25,1.00
2016.04.22 15:06:55.099,2.09861,2.09923,1.00,1.75
2016.04.22 15:06:55.402,2.09857,2.09921,1.37,1.75
2016.04.22 15:06:55.605,2.09857,2.0992,1.12,1.75
2016.04.22 15:06:56.726,2.09855,2.09919,1.00,1.75
2016.04.22 15:06:57.052,2.09852,2.09918,1.50,1.75
2016.04.22 15:06:57.306,2.09846,2.0991,1.75,1.75
2016.04.22 15:06:57.407,2.09846,2.0991,1.75,1.75
2016.04.22 15:06:57.508,2.09846,2.0991,1.75,1.50
2016.04.22 15:06:58.117,2.09847,2.09912,1.37,1.75
2016.04.22 15:06:58.342,2.09848,2.09912,1.50,1.75
2016.04.22 15:06:58.648,2.09847,2.09911,1.00,1.75
2016.04.22 15:06:58.800,2.09841,2.09906,1.37,1.75
2016.04.22 15:06:59.121,2.09841,2.099,1.37,1.00
2016.04.22 15:06:59.629,2.09841,2.09906,1.37,1.75
2016.04.22 15:07:00.132,2.09841,2.09906,1.75,1.75
2016.04.22 15:07:00.868,2.09841,2.09901,1.75,1.50
2016.04.22 15:07:01.177,2.09848,2.09901,1.37,1.00
2016.04.22 15:07:01.228,2.09848,2.09907,1.50,1.12
2016.04.22 15:07:01.531,2.09848,2.09907,1.37,1.12
2016.04.22 15:07:02.135,2.09848,2.09907,1.75,1.12
2016.04.22 15:07:02.672,2.09848,2.09907,1.37,1.12
2016.04.22 15:07:02.944,2.09848,2.09907,1.75,1.12
2016.04.22 15:07:03.926,2.09848,2.09907,1.50,1.12
2016.04.22 15:07:03.977,2.09858,2.09907,1.00,1.12
2016.04.22 15:07:04.027,2.09858,2.09915,1.75,1.37
2016.04.22 15:07:04.336,2.09862,2.09925,1.75,1.12
2016.04.22 15:07:04.539,2.09862,2.09925,1.75,1.12
2016.04.22 15:07:04.944,2.09862,2.09925,1.50,1.12
2016.04.22 15:07:05.045,2.09862,2.09925,1.50,1.12
2016.04.22 15:07:05.478,2.09862,2.09925,1.50,1.12
2016.04.22 15:07:05.681,2.09857,2.0992,1.75,1.75
2016.04.22 15:07:05.783,2.09857,2.0992,1.37,1.75
2016.04.22 15:07:06.090,2.09851,2.09919,1.75,1.75
2016.04.22 15:07:06.141,2.09851,2.09919,1.75,1.75
2016.04.22 15:07:06.839,2.09852,2.09916,1.00,1.75
2016.04.22 15:07:06.959,2.09851,2.09917,1.12,1.75
2016.04.22 15:07:07.061,2.09851,2.09917,1.50,1.75
2016.04.22 15:07:07.442,2.09851,2.09917,1.00,1.75
2016.04.22 15:07:08.151,2.09851,2.09907,1.50,1.00
2016.04.22 15:07:08.354,2.09851,2.09917,1.50,1.75
2016.04.22 15:07:08.456,2.09851,2.09914,1.75,2.25
2016.04.22 15:07:08.557,2.09852,2.09917,1.75,1.75
2016.04.22 15:07:08.659,2.09852,2.09919,1.50,1.75
2016.04.22 15:07:08.984,2.09851,2.09919,2.25,1.75
2016.04.22 15:07:09.751,2.09851,2.09919,2.25,1.75
2016.04.22 15:07:10.332,2.09852,2.09919,1.75,1.75
2016.04.22 15:07:11.240,2.09854,2.09919,1.50,1.75
2016.04.22 15:07:11.291,2.09854,2.09919,1.50,1.75
2016.04.22 15:07:11.860,2.09856,2.09919,1.00,1.75
2016.04.22 15:07:11.911,2.09854,2.09919,1.50,1.75
2016.04.22 15:07:12.062,2.09854,2.09919,1.75,1.75
2016.04.22 15:07:12.164,2.09859,2.09921,1.75,1.00
2016.04.22 15:07:12.500,2.09859,2.09923,1.75,1.00
2016.04.22 15:07:13.006,2.09859,2.09922,1.75,1.37
2016.04.22 15:07:13.474,2.09865,2.09922,1.75,1.00
2016.04.22 15:07:13.739,2.09865,2.09923,1.37,1.37
2016.04.22 15:07:14.970,2.09865,2.09923,1.12,1.37
2016.04.22 15:07:15.270,2.09865,2.09923,1.12,1.50
2016.04.22 15:07:16.118,2.09858,2.09923,1.75,1.75
2016.04.22 15:07:16.220,2.09858,2.09922,1.50,1.75
2016.04.22 15:07:16.612,2.09858,2.09922,1.37,1.75
2016.04.22 15:07:17.326,2.09858,2.09915,1.37,1.00
2016.04.22 15:07:17.477,2.09858,2.09922,1.50,1.75
2016.04.22 15:07:18.091,2.09858,2.09922,1.00,1.75
2016.04.22 15:07:18.680,2.09858,2.09923,1.00,1.75
2016.04.22 15:07:19.493,2.09858,2.0991,1.00,1.00
2016.04.22 15:07:19.746,2.09853,2.09914,1.12,1.75
2016.04.22 15:07:19.797,2.09853,2.09914,1.12,1.75
2016.04.22 15:07:20.935,2.09853,2.09914,1.00,1.75
2016.04.22 15:07:22.499,2.09853,2.09907,1.00,1.00
2016.04.22 15:07:22.752,2.09853,2.09915,1.37,1.87
2016.04.22 15:07:22.802,2.09853,2.09915,1.00,1.87
2016.04.22 15:07:22.853,2.09851,2.09914,1.00,1.75
2016.04.22 15:07:23.070,2.09848,2.09913,1.37,1.75
2016.04.22 15:07:23.123,2.09848,2.09913,1.00,1.75
2016.04.22 15:07:23.641,2.09848,2.09914,1.00,3.00
2016.04.22 15:07:23.944,2.09848,2.09908,1.00,1.75
2016.04.22 15:07:25.045,2.09842,2.09907,1.50,1.75
2016.04.22 15:07:25.146,2.09856,2.09908,1.00,1.75
2016.04.22 15:07:25.393,2.09863,2.09919,1.37,1.37
2016.04.22 15:07:25.446,2.09868,2.09926,1.37,1.71
2016.04.22 15:07:25.549,2.09868,2.09927,1.75,1.00
2016.04.22 15:07:25.650,2.09868,2.09936,1.75,1.75
2016.04.22 15:07:25.752,2.09868,2.09936,1.75,1.37
2016.04.22 15:07:25.954,2.09868,2.09936,1.75,1.75
2016.04.22 15:07:26.508,2.09868,2.09936,1.75,1.50
2016.04.22 15:07:26.610,2.09875,2.09936,1.00,1.75
2016.04.22 15:07:26.948,2.09868,2.09936,1.75,1.75
2016.04.22 15:07:27.150,2.09868,2.09936,1.75,1.75
2016.04.22 15:07:27.251,2.09868,2.09936,1.75,1.75
2016.04.22 15:07:27.353,2.09868,2.09936,1.75,1.75
2016.04.22 15:07:27.684,2.09872,2.09936,1.00,1.75
2016.04.22 15:07:27.735,2.09868,2.09936,1.75,1.75
2016.04.22 15:07:28.039,2.09868,2.09936,1.75,1.12
2016.04.22 15:07:28.342,2.09869,2.09935,1.12,2.25
2016.04.22 15:07:28.755,2.09869,2.09925,1.00,1.75
2016.04.22 15:07:29.361,2.09869,2.09925,1.00,1.75
2016.04.22 15:07:29.463,2.09869,2.09926,1.00,1.75
2016.04.22 15:07:29.947,2.09862,2.09926,1.37,1.75
2016.04.22 15:07:29.999,2.09861,2.09925,1.37,1.75
2016.04.22 15:07:30.152,2.09856,2.09922,1.00,1.75
2016.04.22 15:07:30.254,2.09856,2.09922,1.00,1.75
2016.04.22 15:07:30.557,2.09862,2.09918,1.00,1.50
2016.04.22 15:07:31.095,2.09862,2.09926,1.00,1.12
2016.04.22 15:07:31.146,2.09862,2.09926,1.00,1.12
2016.04.22 15:07:31.450,2.09862,2.09927,1.00,1.75
2016.04.22 15:07:31.602,2.09858,2.09924,1.37,1.75
2016.04.22 15:07:31.653,2.09858,2.09916,1.37,1.00
2016.04.22 15:07:31.754,2.09857,2.09921,1.50,1.75
2016.04.22 15:07:31.956,2.09857,2.09921,1.75,1.50
2016.04.22 15:07:32.057,2.09857,2.09921,1.75,1.37
2016.04.22 15:07:32.403,2.09857,2.0992,1.75,1.75
2016.04.22 15:07:32.555,2.09857,2.09918,1.75,1.00
2016.04.22 15:07:32.656,2.09857,2.09921,1.50,1.50
2016.04.22 15:07:32.707,2.09857,2.09921,1.12,1.75
2016.04.22 15:07:32.859,2.09857,2.0992,1.37,1.75
2016.04.22 15:07:32.961,2.09852,2.09918,1.50,1.37
2016.04.22 15:07:33.062,2.09849,2.09912,1.37,1.37
2016.04.22 15:07:33.290,2.09846,2.09912,1.00,2.25
2016.04.22 15:07:33.442,2.09846,2.09901,1.37,1.00
2016.04.22 15:07:33.544,2.0984,2.09905,2.25,1.75
2016.04.22 15:07:33.595,2.0984,2.09904,1.87,1.12
2016.04.22 15:07:33.646,2.0984,2.09904,1.87,1.12
2016.04.22 15:07:33.697,2.0984,2.09901,1.75,1.37
2016.04.22 15:07:33.748,2.0984,2.09901,1.75,1.37
2016.04.22 15:07:33.849,2.09841,2.09901,1.00,1.50
2016.04.22 15:07:33.950,2.0984,2.09901,1.37,1.00
2016.04.22 15:07:34.280,2.0984,2.099,1.50,1.75
2016.04.22 15:07:34.483,2.0984,2.09901,1.12,1.75
2016.04.22 15:07:34.585,2.0984,2.099,1.50,1.75
2016.04.22 15:07:34.927,2.0984,2.099,1.00,1.75
2016.04.22 15:07:35.492,2.09828,2.09891,1.00,1.75
2016.04.22 15:07:35.997,2.09828,2.09891,1.37,1.75
2016.04.22 15:07:36.098,2.09828,2.09891,1.75,1.75
2016.04.22 15:07:36.456,2.09828,2.09891,1.50,1.75
2016.04.22 15:07:36.596,2.09828,2.09891,1.50,1.75
2016.04.22 15:07:36.900,2.09823,2.09888,1.00,1.87
2016.04.22 15:07:37.002,2.09816,2.09883,1.75,1.75
2016.04.22 15:07:37.305,2.09816,2.09882,1.37,1.75
2016.04.22 15:07:37.609,2.09821,2.09883,1.00,1.75
2016.04.22 15:07:37.815,2.09816,2.09882,1.75,1.75
2016.04.22 15:07:37.867,2.09812,2.09878,1.75,2.25
2016.04.22 15:07:37.918,2.09811,2.09874,1.75,1.12
2016.04.22 15:07:37.968,2.09811,2.09874,1.37,1.12
2016.04.22 15:07:38.070,2.09811,2.09874,1.75,1.12
2016.04.22 15:07:38.121,2.09812,2.09875,1.37,1.09
2016.04.22 15:07:38.323,2.09816,2.09877,1.75,1.34
2016.04.22 15:07:38.374,2.09816,2.09879,1.75,1.87
2016.04.22 15:07:38.617,2.09816,2.09878,1.75,1.75
2016.04.22 15:07:38.719,2.09816,2.09879,1.37,1.87
2016.04.22 15:07:38.770,2.09816,2.09879,1.12,1.87
2016.04.22 15:07:38.871,2.09816,2.09878,1.00,1.75
2016.04.22 15:07:38.972,2.09816,2.09878,1.00,1.75
2016.04.22 15:07:39.278,2.09816,2.09879,1.00,1.87
2016.04.22 15:07:39.329,2.0981,2.09878,1.75,2.25
2016.04.22 15:07:39.582,2.0981,2.09878,1.75,2.25
2016.04.22 15:07:39.817,2.09804,2.09868,1.75,1.50
2016.04.22 15:07:39.868,2.09804,2.09868,1.75,2.25
2016.04.22 15:07:39.919,2.09799,2.09861,1.75,1.12
2016.04.22 15:07:39.971,2.09799,2.09861,1.75,1.37
2016.04.22 15:07:40.226,2.09797,2.09865,1.50,1.75
2016.04.22 15:07:40.277,2.09797,2.09865,1.50,2.25
2016.04.22 15:07:40.379,2.09797,2.09865,1.50,1.75
2016.04.22 15:07:40.480,2.09797,2.09865,1.37,1.75
2016.04.22 15:07:40.533,2.09797,2.09865,1.00,1.75
2016.04.22 15:07:40.584,2.09793,2.09865,1.00,1.75
2016.04.22 15:07:40.703,2.09792,2.09865,1.75,2.25
2016.04.22 15:07:41.007,2.09793,2.09855,1.00,1.75
2016.04.22 15:07:41.412,2.09793,2.09854,1.00,1.75
2016.04.22 15:07:41.733,2.09787,2.09853,1.50,1.75
2016.04.22 15:07:41.784,2.09787,2.09853,1.75,1.75
2016.04.22 15:07:41.986,2.09782,2.09847,1.75,1.37
2016.04.22 15:07:42.037,2.09782,2.09847,1.75,1.75
2016.04.22 15:07:42.088,2.09783,2.09847,1.00,1.75
2016.04.22 15:07:42.139,2.09782,2.09847,1.75,2.25
2016.04.22 15:07:42.292,2.09782,2.09843,1.00,1.37
2016.04.22 15:07:42.820,2.09782,2.09843,1.12,1.37
2016.04.22 15:07:43.025,2.09782,2.09847,1.75,1.75
2016.04.22 15:07:43.328,2.09782,2.09847,1.75,1.75
2016.04.22 15:07:43.636,2.09786,2.09851,1.75,1.75
2016.04.22 15:07:44.154,2.09786,2.09852,1.37,1.75
2016.04.22 15:07:44.205,2.09786,2.09852,1.37,1.75
2016.04.22 15:07:44.307,2.09786,2.09852,1.37,1.75
2016.04.22 15:07:44.459,2.09793,2.09851,1.00,1.75
2016.04.22 15:07:44.561,2.09793,2.09857,1.37,1.87
2016.04.22 15:07:44.612,2.09793,2.0986,1.37,1.87
2016.04.22 15:07:44.663,2.09793,2.09859,1.75,1.37
2016.04.22 15:07:44.764,2.09801,2.0986,1.37,1.12
2016.04.22 15:07:44.815,2.09801,2.0986,1.37,1.50
2016.04.22 15:07:44.917,2.09801,2.09861,1.12,1.12
2016.04.22 15:07:45.057,2.09801,2.09861,1.50,1.75
2016.04.22 15:07:45.722,2.09802,2.09861,1.00,1.37
2016.04.22 15:07:47.125,2.09801,2.09861,1.00,1.37
2016.04.22 15:07:47.302,2.09801,2.09861,1.37,1.37
2016.04.22 15:07:47.749,2.09796,2.09858,1.75,1.12
2016.04.22 15:07:48.053,2.09796,2.09852,1.00,1.12
2016.04.22 15:07:48.205,2.0979,2.09852,1.50,1.12
2016.04.22 15:07:48.256,2.0979,2.09852,1.75,1.37
2016.04.22 15:07:48.486,2.0979,2.09855,1.75,1.12
2016.04.22 15:07:48.740,2.09792,2.09855,1.50,1.12
2016.04.22 15:07:48.943,2.09791,2.09852,1.75,1.00
2016.04.22 15:07:49.246,2.09813,2.09876,1.37,1.37
2016.04.22 15:07:49.490,2.09814,2.09878,1.75,1.37
2016.04.22 15:07:49.541,2.09814,2.09878,1.75,1.12
2016.04.22 15:07:49.642,2.09813,2.09876,1.00,1.75
2016.04.22 15:07:49.693,2.09809,2.09876,1.50,1.75
2016.04.22 15:07:49.744,2.09809,2.09872,1.00,1.75
2016.04.22 15:07:49.845,2.09805,2.0987,1.00,1.75
2016.04.22 15:07:49.896,2.09798,2.09865,2.25,1.50
2016.04.22 15:07:49.947,2.09798,2.09861,1.50,1.00
2016.04.22 15:07:50.250,2.09798,2.09861,1.00,1.87
2016.04.22 15:07:50.301,2.09794,2.09859,1.00,1.75
2016.04.22 15:07:50.456,2.09794,2.09853,1.00,1.37
2016.04.22 15:07:50.507,2.09785,2.09853,1.50,2.25
2016.04.22 15:07:50.558,2.09785,2.09853,1.50,2.25
2016.04.22 15:07:50.862,2.09785,2.09843,1.00,1.00
2016.04.22 15:07:51.439,2.09786,2.09853,1.00,1.75
2016.04.22 15:07:51.490,2.09791,2.09854,1.75,1.50
2016.04.22 15:07:51.945,2.09791,2.09858,1.12,1.75
2016.04.22 15:07:52.097,2.09798,2.09861,1.00,1.75
2016.04.22 15:07:52.148,2.09798,2.09861,1.00,1.75
2016.04.22 15:07:52.743,2.09798,2.09861,1.00,1.75
2016.04.22 15:07:53.149,2.09798,2.09861,1.00,1.75
2016.04.22 15:07:53.453,2.09798,2.09861,1.00,1.75
2016.04.22 15:07:53.554,2.09798,2.09861,1.75,1.75
2016.04.22 15:07:54.093,2.09798,2.09861,1.75,1.75
2016.04.22 15:07:54.397,2.09791,2.09852,1.37,1.37
2016.04.22 15:07:54.499,2.09779,2.09841,1.87,1.00
2016.04.22 15:07:54.741,2.09786,2.09849,1.12,1.75
2016.04.22 15:07:54.792,2.09786,2.09849,1.75,1.75
2016.04.22 15:07:55.097,2.09816,2.09857,1.37,1.00
2016.04.22 15:07:55.401,2.09816,2.09857,1.75,1.00
2016.04.22 15:07:55.684,2.0981,2.09857,1.87,1.00
2016.04.22 15:07:55.785,2.09795,2.09857,1.75,1.37
2016.04.22 15:07:55.887,2.09795,2.0986,1.00,1.75
2016.04.22 15:07:55.988,2.09789,2.09854,1.00,1.75
2016.04.22 15:07:56.191,2.09789,2.09854,1.50,2.25
2016.04.22 15:07:56.494,2.09789,2.09854,1.75,1.75
2016.04.22 15:07:56.687,2.09789,2.09853,1.50,1.75
2016.04.22 15:07:56.993,2.09789,2.09851,1.12,1.75
2016.04.22 15:07:57.246,2.09784,2.09847,1.00,1.75
2016.04.22 15:07:57.398,2.09781,2.09843,1.00,1.50
2016.04.22 15:07:57.500,2.09778,2.09835,1.37,1.00
2016.04.22 15:07:57.708,2.09778,2.0984,1.12,1.12
2016.04.22 15:07:58.116,2.09784,2.09834,1.00,1.00
2016.04.22 15:07:58.748,2.09784,2.09844,1.00,1.75
2016.04.22 15:07:59.249,2.09784,2.09843,1.00,1.75
2016.04.22 15:07:59.401,2.09784,2.09844,1.00,1.75
2016.04.22 15:07:59.552,2.09804,2.09844,1.00,1.75
2016.04.22 15:07:59.603,2.098,2.09844,1.37,1.00
2016.04.22 15:07:59.831,2.09802,2.09866,1.75,1.50
2016.04.22 15:07:59.882,2.098,2.09864,1.37,1.50
2016.04.22 15:07:59.933,2.098,2.09864,1.37,1.75
2016.04.22 15:08:00.035,2.098,2.09864,1.12,1.75
2016.04.22 15:08:00.086,2.09797,2.09859,1.00,1.75
2016.04.22 15:08:00.137,2.09793,2.09853,1.37,1.37
2016.04.22 15:08:00.188,2.09793,2.09853,1.00,1.75
2016.04.22 15:08:00.239,2.09793,2.09848,1.00,1.37
2016.04.22 15:08:00.663,2.09783,2.09841,1.00,1.75
2016.04.22 15:08:00.716,2.09783,2.09842,1.00,1.75
2016.04.22 15:08:00.818,2.09783,2.09841,1.37,1.37
2016.04.22 15:08:00.869,2.09798,2.09841,1.00,1.37
2016.04.22 15:08:01.021,2.09798,2.09848,1.00,1.00
2016.04.22 15:08:01.122,2.09798,2.09858,1.37,1.75
2016.04.22 15:08:01.224,2.09798,2.09858,1.12,1.75
2016.04.22 15:08:01.326,2.09798,2.09859,1.37,1.75
2016.04.22 15:08:01.935,2.09798,2.09859,1.12,1.75
2016.04.22 15:08:02.440,2.09798,2.09859,1.12,1.75
2016.04.22 15:08:02.780,2.09798,2.09859,1.00,1.75
2016.04.22 15:08:02.831,2.09798,2.09859,1.00,1.75
2016.04.22 15:08:02.933,2.09798,2.09858,1.00,1.75
2016.04.22 15:08:03.354,2.09798,2.09857,1.00,1.75
2016.04.22 15:08:03.456,2.09798,2.09859,1.37,1.75
2016.04.22 15:08:03.506,2.09804,2.09858,1.00,1.12
2016.04.22 15:08:04.095,2.09804,2.09859,1.12,1.12
2016.04.22 15:08:04.399,2.09804,2.09859,1.00,1.37
2016.04.22 15:08:04.703,2.09804,2.09858,1.50,1.12
2016.04.22 15:08:04.978,2.09795,2.09858,1.37,1.75
2016.04.22 15:08:05.029,2.09794,2.09857,1.75,1.50
2016.04.22 15:08:05.535,2.09794,2.09859,1.50,2.25
2016.04.22 15:08:05.838,2.09794,2.09857,1.12,1.75
2016.04.22 15:08:06.676,2.09794,2.09856,1.50,1.75
2016.04.22 15:08:07.127,2.09794,2.09856,1.12,1.75
2016.04.22 15:08:07.527,2.09794,2.09856,1.75,1.37
2016.04.22 15:08:08.179,2.09794,2.09857,1.75,1.50
2016.04.22 15:08:08.382,2.09801,2.09857,1.00,1.12
2016.04.22 15:08:09.438,2.09794,2.09857,1.75,1.37
2016.04.22 15:08:09.641,2.09792,2.0985,1.00,1.37
2016.04.22 15:08:09.786,2.09788,2.0985,1.75,1.37
2016.04.22 15:08:10.092,2.09782,2.09848,1.75,1.75
2016.04.22 15:08:10.143,2.09782,2.09844,1.75,1.00
2016.04.22 15:08:10.244,2.0979,2.09849,1.50,1.37
2016.04.22 15:08:10.547,2.09792,2.0985,1.75,1.00
2016.04.22 15:08:10.909,2.09798,2.0986,1.75,1.00
2016.04.22 15:08:11.061,2.09798,2.09859,1.75,1.00
2016.04.22 15:08:11.163,2.09798,2.09859,1.75,1.00
2016.04.22 15:08:11.784,2.09798,2.09859,1.75,1.00
2016.04.22 15:08:12.611,2.09798,2.0986,1.75,1.00
2016.04.22 15:08:13.070,2.09798,2.0986,1.50,1.37
2016.04.22 15:08:13.318,2.09798,2.0986,1.00,1.50
2016.04.22 15:08:13.369,2.09798,2.0986,1.37,1.12
2016.04.22 15:08:13.875,2.09798,2.09859,1.75,1.00
2016.04.22 15:08:14.232,2.09791,2.09849,1.75,1.37
2016.04.22 15:08:14.285,2.09783,2.09846,1.75,1.12
2016.04.22 15:08:14.438,2.09781,2.09842,1.75,1.00
2016.04.22 15:08:14.591,2.09781,2.09842,1.75,1.75
2016.04.22 15:08:14.693,2.09781,2.09842,1.75,1.75
2016.04.22 15:08:14.947,2.09776,2.0984,1.75,1.75
2016.04.22 15:08:15.507,2.09776,2.0984,1.75,1.75
2016.04.22 15:08:15.609,2.09776,2.0984,1.75,1.75
2016.04.22 15:08:15.811,2.09776,2.0984,1.75,1.75
2016.04.22 15:08:16.346,2.0978,2.0984,1.00,1.75
2016.04.22 15:08:16.951,2.09776,2.0984,1.75,1.75
2016.04.22 15:08:17.576,2.09776,2.0984,1.75,1.50
2016.04.22 15:08:17.879,2.09776,2.0984,1.75,1.75
2016.04.22 15:08:18.305,2.09777,2.0984,1.00,1.75
2016.04.22 15:08:18.643,2.09776,2.09835,1.50,1.37
2016.04.22 15:08:18.806,2.09776,2.09835,1.50,1.37
2016.04.22 15:08:19.362,2.09768,2.09827,1.75,1.00
2016.04.22 15:08:19.413,2.09769,2.09831,1.75,1.12
2016.04.22 15:08:19.515,2.09769,2.09832,1.75,1.37
2016.04.22 15:08:20.504,2.09769,2.09832,1.75,1.75
2016.04.22 15:08:21.212,2.09769,2.09832,1.75,1.50
2016.04.22 15:08:21.465,2.09769,2.09832,1.75,1.75
2016.04.22 15:08:22.455,2.09769,2.09832,1.50,1.75
2016.04.22 15:08:22.506,2.09769,2.09832,1.12,1.75
2016.04.22 15:08:22.663,2.09775,2.09833,1.00,1.87
2016.04.22 15:08:22.815,2.09773,2.09836,1.50,1.75
2016.04.22 15:08:22.866,2.09773,2.09836,1.50,1.75
2016.04.22 15:08:23.018,2.09783,2.09832,1.12,1.37
2016.04.22 15:08:23.069,2.09783,2.09833,1.12,1.00
2016.04.22 15:08:23.170,2.09775,2.0984,1.75,1.75
2016.04.22 15:08:23.221,2.09775,2.0984,1.50,1.75
2016.04.22 15:08:23.272,2.09775,2.0984,1.12,1.75
2016.04.22 15:08:23.424,2.09773,2.09831,1.00,1.75
2016.04.22 15:08:23.580,2.09766,2.09831,1.50,1.87
2016.04.22 15:08:23.631,2.0976,2.09825,1.75,1.75
2016.04.22 15:08:23.682,2.0976,2.09825,1.75,1.37
2016.04.22 15:08:24.036,2.0976,2.09825,1.75,1.75
2016.04.22 15:08:24.289,2.09775,2.09833,1.00,1.75
2016.04.22 15:08:24.340,2.09774,2.09833,1.75,1.00
2016.04.22 15:08:24.442,2.09774,2.09837,1.75,1.87
2016.04.22 15:08:24.643,2.09774,2.09836,1.75,1.00
2016.04.22 15:08:24.745,2.09774,2.09836,1.75,1.12
2016.04.22 15:08:24.796,2.09774,2.09836,1.75,1.12
2016.04.22 15:08:24.847,2.09774,2.09836,1.75,1.12
2016.04.22 15:08:25.252,2.09774,2.09837,1.75,1.87
2016.04.22 15:08:25.404,2.09774,2.09836,1.75,1.37
2016.04.22 15:08:25.505,2.09779,2.09836,1.00,1.37
2016.04.22 15:08:25.744,2.09774,2.09837,1.50,2.25
2016.04.22 15:08:25.847,2.09774,2.09831,1.12,1.00
2016.04.22 15:08:25.949,2.09774,2.09836,1.00,1.75
2016.04.22 15:08:26.101,2.09774,2.09837,1.00,2.25
2016.04.22 15:08:26.203,2.09768,2.09831,1.50,1.50
2016.04.22 15:08:26.355,2.09768,2.09831,1.50,1.75
2016.04.22 15:08:26.889,2.09768,2.09831,1.50,1.75
2016.04.22 15:08:27.041,2.09768,2.09831,1.50,1.75
2016.04.22 15:08:27.193,2.09768,2.09831,1.75,1.75
2016.04.22 15:08:27.244,2.09768,2.09831,1.75,1.75
2016.04.22 15:08:27.547,2.09797,2.09834,1.00,1.00
2016.04.22 15:08:27.673,2.09797,2.09837,1.00,1.00
2016.04.22 15:08:27.724,2.09797,2.09854,1.00,1.75
2016.04.22 15:08:28.229,2.09797,2.09855,1.00,1.75
2016.04.22 15:08:28.482,2.0979,2.09855,1.12,1.75
2016.04.22 15:08:28.533,2.0979,2.09855,1.37,1.75
2016.04.22 15:08:28.834,2.0979,2.09851,1.00,1.75
2016.04.22 15:08:29.037,2.09784,2.09847,2.62,1.75
2016.04.22 15:08:29.138,2.09784,2.09841,1.00,1.50
2016.04.22 15:08:29.240,2.09776,2.09841,1.37,1.37
2016.04.22 15:08:29.573,2.09776,2.09841,1.37,1.75
2016.04.22 15:08:29.965,2.09775,2.09833,1.50,1.75
2016.04.22 15:08:30.017,2.0977,2.09833,1.12,1.75
2016.04.22 15:08:30.067,2.09767,2.09827,1.37,1.75
2016.04.22 15:08:30.169,2.09766,2.09827,1.12,1.75
2016.04.22 15:08:30.321,2.09764,2.09827,1.87,2.25
2016.04.22 15:08:30.849,2.09764,2.09827,1.75,3.00
2016.04.22 15:08:31.159,2.09764,2.09827,1.75,2.25
2016.04.22 15:08:31.260,2.09762,2.09818,1.12,1.37
2016.04.22 15:08:31.311,2.09757,2.09818,1.37,1.75
2016.04.22 15:08:31.413,2.09755,2.09815,1.00,1.75
2016.04.22 15:08:31.464,2.09749,2.09813,1.00,1.75
2016.04.22 15:08:31.717,2.09744,2.09805,2.25,1.00
2016.04.22 15:08:31.768,2.09744,2.09807,2.25,1.75
2016.04.22 15:08:32.317,2.09745,2.09807,1.12,1.75
2016.04.22 15:08:32.642,2.09745,2.09804,1.12,1.00
2016.04.22 15:08:33.182,2.09745,2.09807,1.12,1.75
2016.04.22 15:08:33.507,2.09745,2.09807,1.00,1.75
2016.04.22 15:08:33.558,2.09745,2.09807,1.00,1.50
2016.04.22 15:08:33.660,2.09745,2.09807,1.00,1.50
2016.04.22 15:08:33.710,2.09742,2.09803,1.37,1.50
2016.04.22 15:08:33.862,2.09742,2.09803,1.37,1.50
2016.04.22 15:08:34.208,2.09761,2.09823,1.00,1.87
2016.04.22 15:08:34.310,2.09756,2.09813,1.37,1.00
2016.04.22 15:08:34.360,2.09756,2.09818,1.12,1.75
2016.04.22 15:08:34.669,2.09756,2.09818,1.00,1.75
2016.04.22 15:08:34.720,2.09756,2.09818,1.00,1.75
2016.04.22 15:08:35.082,2.09756,2.09818,1.12,1.75
2016.04.22 15:08:35.133,2.09756,2.09818,1.12,1.75
2016.04.22 15:08:35.285,2.09756,2.09818,1.50,1.50
2016.04.22 15:08:35.813,2.09756,2.09818,1.37,1.37
2016.04.22 15:08:36.116,2.09756,2.09818,1.37,1.75
2016.04.22 15:08:36.624,2.09756,2.09818,1.00,1.75
2016.04.22 15:08:36.726,2.09756,2.09818,1.75,1.75
2016.04.22 15:08:37.479,2.09757,2.09818,1.00,1.75
2016.04.22 15:08:38.018,2.09752,2.09814,1.75,1.50
2016.04.22 15:08:38.069,2.09755,2.0982,1.37,2.25
2016.04.22 15:08:38.372,2.09762,2.09825,1.75,1.84
2016.04.22 15:08:38.474,2.09762,2.09823,1.75,1.12
2016.04.22 15:08:39.003,2.09762,2.09823,1.50,1.12
2016.04.22 15:08:39.054,2.09762,2.0982,1.12,1.37
2016.04.22 15:08:39.206,2.09762,2.09825,1.50,1.75
2016.04.22 15:08:39.697,2.09762,2.09825,1.12,1.75
2016.04.22 15:08:40.041,2.09762,2.09825,1.00,2.25
2016.04.22 15:08:40.192,2.09762,2.09823,1.00,1.75
2016.04.22 15:08:40.500,2.09762,2.09823,1.00,1.75
2016.04.22 15:08:40.773,2.09762,2.09823,1.00,1.75
2016.04.22 15:08:40.871,2.09762,2.09823,1.00,1.75
2016.04.22 15:08:41.089,2.09756,2.09814,1.37,1.00
2016.04.22 15:08:41.197,2.09756,2.09819,1.50,1.75
2016.04.22 15:08:41.399,2.09756,2.09819,1.50,1.75
2016.04.22 15:08:41.602,2.09761,2.09823,1.37,2.25
2016.04.22 15:08:41.653,2.09761,2.09822,1.75,1.75
2016.04.22 15:08:41.704,2.09761,2.09819,1.75,1.00
2016.04.22 15:08:42.220,2.09761,2.09826,2.25,1.75
2016.04.22 15:08:42.423,2.09767,2.09826,1.00,1.75
2016.04.22 15:08:42.957,2.09761,2.09826,1.75,1.75
2016.04.22 15:08:43.303,2.09761,2.09826,1.75,1.75
2016.04.22 15:08:43.507,2.09761,2.09826,1.75,1.75
2016.04.22 15:08:44.084,2.09761,2.09826,1.75,1.50
2016.04.22 15:08:44.615,2.09761,2.09826,1.75,1.75
2016.04.22 15:08:44.911,2.09761,2.09826,2.25,1.12
2016.04.22 15:08:45.152,2.09776,2.09832,1.00,1.75
2016.04.22 15:08:45.203,2.09776,2.09832,1.37,1.50
2016.04.22 15:08:45.305,2.09776,2.09838,1.50,1.09
2016.04.22 15:08:45.355,2.09776,2.09838,1.75,1.09
2016.04.22 15:08:45.406,2.09776,2.09838,1.75,1.09
2016.04.22 15:08:45.558,2.09764,2.09821,1.50,1.00
2016.04.22 15:08:45.610,2.09764,2.09824,1.00,1.75
2016.04.22 15:08:45.803,2.09761,2.09824,1.75,1.87
2016.04.22 15:08:45.905,2.09761,2.09824,1.75,1.87
2016.04.22 15:08:46.006,2.09764,2.09824,1.00,2.25
2016.04.22 15:08:46.208,2.09761,2.09824,1.75,1.37
2016.04.22 15:08:46.259,2.09761,2.09824,1.37,1.75
2016.04.22 15:08:46.310,2.09761,2.09824,1.37,1.50
2016.04.22 15:08:46.361,2.09761,2.09824,1.75,1.12
2016.04.22 15:08:46.513,2.09761,2.09824,2.25,1.37
2016.04.22 15:08:46.564,2.09761,2.09824,1.75,1.50
2016.04.22 15:08:47.099,2.09761,2.09824,1.75,1.50
2016.04.22 15:08:47.201,2.09764,2.09824,1.00,1.50
2016.04.22 15:08:47.729,2.09761,2.09824,1.75,1.75
2016.04.22 15:08:48.020,2.09761,2.09824,1.75,1.75
2016.04.22 15:08:48.328,2.09761,2.09824,1.50,1.75
2016.04.22 15:08:48.480,2.09761,2.09824,1.50,1.75
2016.04.22 15:08:48.531,2.09761,2.09824,1.50,1.75
2016.04.22 15:08:48.835,2.09753,2.09818,1.75,1.37
2016.04.22 15:08:49.052,2.09758,2.09818,1.00,1.75
2016.04.22 15:08:49.153,2.09759,2.09823,1.37,3.00
2016.04.22 15:08:49.255,2.09759,2.09823,1.75,2.25
2016.04.22 15:08:49.779,2.09759,2.09823,1.75,1.87
2016.04.22 15:08:49.829,2.09759,2.09823,1.75,1.87
2016.04.22 15:08:50.092,2.0977,2.09834,1.75,2.59
2016.04.22 15:08:50.144,2.0977,2.09834,2.25,2.25
2016.04.22 15:08:50.447,2.0977,2.09834,1.75,2.25
2016.04.22 15:08:50.793,2.0977,2.09834,1.75,1.75
2016.04.22 15:08:50.945,2.0977,2.09834,1.50,2.25
2016.04.22 15:08:51.134,2.09765,2.09828,1.37,1.87
2016.04.22 15:08:51.192,2.0976,2.09822,1.37,1.75
2016.04.22 15:08:51.243,2.0976,2.09822,1.37,1.75
2016.04.22 15:08:51.345,2.0976,2.09822,1.37,1.75
2016.04.22 15:08:51.446,2.0976,2.09822,1.37,1.75
2016.04.22 15:08:51.699,2.09766,2.09828,1.12,2.25
2016.04.22 15:08:51.750,2.09766,2.09828,1.37,2.25
2016.04.22 15:08:51.801,2.09766,2.09828,1.75,1.87
2016.04.22 15:08:51.953,2.09766,2.09828,1.75,1.87
2016.04.22 15:08:52.526,2.09766,2.09827,1.50,1.75
2016.04.22 15:08:52.837,2.09766,2.09827,1.00,1.75
2016.04.22 15:08:53.360,2.09766,2.09819,1.00,1.00
2016.04.22 15:08:53.903,2.09766,2.09827,1.00,1.75
2016.04.22 15:08:56.145,2.09766,2.09827,1.00,1.75
2016.04.22 15:08:56.646,2.09766,2.09828,1.00,3.00
2016.04.22 15:08:56.799,2.09762,2.09824,1.50,1.75
2016.04.22 15:08:56.900,2.09762,2.09824,1.00,1.75
2016.04.22 15:08:57.354,2.09762,2.09824,1.50,1.50
2016.04.22 15:08:57.923,2.09762,2.09824,1.50,1.75
2016.04.22 15:08:58.244,2.09762,2.09824,1.12,1.75
2016.04.22 15:08:58.659,2.09757,2.09819,1.75,1.50
2016.04.22 15:08:59.408,2.09756,2.09819,1.75,1.50
2016.04.22 15:08:59.911,2.09759,2.09819,1.00,1.50
2016.04.22 15:09:00.114,2.09756,2.09819,1.75,1.50
2016.04.22 15:09:00.418,2.09756,2.09819,1.75,1.37
2016.04.22 15:09:00.669,2.0976,2.09819,1.00,1.37
2016.04.22 15:09:01.213,2.09761,2.09823,1.75,2.25
2016.04.22 15:09:01.517,2.09761,2.09823,1.50,1.87
2016.04.22 15:09:01.675,2.09761,2.09823,1.50,1.37
2016.04.22 15:09:01.914,2.09761,2.09823,1.75,1.75
2016.04.22 15:09:02.015,2.09761,2.09823,1.75,1.50
2016.04.22 15:09:02.565,2.09761,2.09823,1.75,1.87
2016.04.22 15:09:02.616,2.09761,2.09823,1.75,2.25
2016.04.22 15:09:03.523,2.09761,2.09823,1.75,1.12
2016.04.22 15:09:03.857,2.09761,2.09823,1.75,1.75
2016.04.22 15:09:03.908,2.09761,2.09823,1.12,1.75
2016.04.22 15:09:04.009,2.09761,2.0982,1.37,1.00
2016.04.22 15:09:04.323,2.09761,2.09823,1.75,1.00
2016.04.22 15:09:04.424,2.09761,2.09823,1.75,1.50
2016.04.22 15:09:04.481,2.09761,2.09823,1.75,1.50
2016.04.22 15:09:05.724,2.09761,2.09823,1.50,1.37
2016.04.22 15:09:05.825,2.09761,2.09823,1.75,1.75
2016.04.22 15:09:06.030,2.09761,2.09823,1.50,1.75
2016.04.22 15:09:06.397,2.0976,2.09822,1.75,1.75
2016.04.22 15:09:06.448,2.0976,2.09822,1.75,1.37
2016.04.22 15:09:06.726,2.0976,2.09822,1.00,1.75
2016.04.22 15:09:07.031,2.0976,2.09822,1.75,1.37
2016.04.22 15:09:07.377,2.09775,2.09827,1.00,2.62
2016.04.22 15:09:07.633,2.09781,2.09844,1.75,1.75
2016.04.22 15:09:07.735,2.09781,2.09844,1.50,1.75
2016.04.22 15:09:08.339,2.0979,2.09844,1.00,1.75
2016.04.22 15:09:08.440,2.0979,2.09847,1.50,1.00
2016.04.22 15:09:08.542,2.0979,2.09853,1.75,1.00
2016.04.22 15:09:09.069,2.09795,2.09855,1.37,1.50
2016.04.22 15:09:09.355,2.09798,2.09856,1.37,1.12
2016.04.22 15:09:09.658,2.09798,2.09855,1.75,1.00
2016.04.22 15:09:10.205,2.09798,2.09856,1.75,1.00
2016.04.22 15:09:10.525,2.09802,2.09865,1.37,1.75
2016.04.22 15:09:10.735,2.09798,2.09858,1.75,1.75
2016.04.22 15:09:11.038,2.0979,2.09852,1.75,1.50
2016.04.22 15:09:11.570,2.0979,2.09852,1.75,1.50
2016.04.22 15:09:11.740,2.0979,2.09852,1.75,1.50
2016.04.22 15:09:12.043,2.09797,2.09858,1.12,1.50
2016.04.22 15:09:12.296,2.09795,2.09858,1.87,1.75
2016.04.22 15:09:12.767,2.09795,2.09858,2.25,1.75
2016.04.22 15:09:12.969,2.09805,2.09861,1.12,1.00
2016.04.22 15:09:13.070,2.09805,2.09863,1.50,1.00
2016.04.22 15:09:13.171,2.09805,2.09866,1.75,1.00
2016.04.22 15:09:13.273,2.09805,2.09866,1.75,1.12
2016.04.22 15:09:13.570,2.09805,2.09868,2.25,1.75
2016.04.22 15:09:13.671,2.09805,2.09868,2.25,1.75
2016.04.22 15:09:13.874,2.09806,2.09868,1.12,1.75
2016.04.22 15:09:14.044,2.0981,2.09867,1.12,1.00
2016.04.22 15:09:14.779,2.0981,2.09874,1.12,1.75
2016.04.22 15:09:15.321,2.0981,2.09874,1.00,1.75
2016.04.22 15:09:15.372,2.0981,2.09874,1.37,1.75
2016.04.22 15:09:15.474,2.0981,2.09874,1.75,1.37
2016.04.22 15:09:15.575,2.09816,2.09876,1.37,1.75
2016.04.22 15:09:15.784,2.09823,2.09885,1.75,1.75
2016.04.22 15:09:15.986,2.09826,2.09885,1.37,1.00
2016.04.22 15:09:16.189,2.09827,2.09892,2.25,1.75
2016.04.22 15:09:16.291,2.09827,2.09892,1.75,1.75
2016.04.22 15:09:17.264,2.09827,2.09892,1.75,1.75
2016.04.22 15:09:18.178,2.09827,2.09892,2.25,1.75
2016.04.22 15:09:18.452,2.09827,2.09892,2.25,1.75
2016.04.22 15:09:18.553,2.09827,2.09892,1.75,1.75
2016.04.22 15:09:18.898,2.09826,2.09885,1.75,1.37
2016.04.22 15:09:18.999,2.09826,2.09885,1.50,1.12
2016.04.22 15:09:19.101,2.09826,2.09885,1.50,1.37
2016.04.22 15:09:19.257,2.09826,2.09885,1.50,1.37
2016.04.22 15:09:20.703,2.09826,2.09885,1.75,1.37
2016.04.22 15:09:21.158,2.09827,2.09884,1.00,1.00
2016.04.22 15:09:21.688,2.09826,2.09885,1.00,1.75
2016.04.22 15:09:22.086,2.09826,2.09885,1.00,1.75
2016.04.22 15:09:22.288,2.09826,2.09885,1.12,1.75
2016.04.22 15:09:22.591,2.09826,2.09885,1.00,1.75
2016.04.22 15:09:22.966,2.09827,2.09885,1.12,1.75
2016.04.22 15:09:23.760,2.09827,2.09885,1.50,1.37
2016.04.22 15:09:23.811,2.09827,2.09885,1.75,1.37
2016.04.22 15:09:24.775,2.09827,2.09888,1.75,1.75
2016.04.22 15:09:25.187,2.09833,2.09895,1.37,1.75
2016.04.22 15:09:25.421,2.09845,2.09906,1.75,1.75
2016.04.22 15:09:25.676,2.09846,2.099,1.00,1.00
2016.04.22 15:09:25.777,2.09846,2.09902,1.00,1.12
2016.04.22 15:09:25.981,2.09837,2.09896,1.37,1.75
2016.04.22 15:09:26.083,2.09834,2.09896,1.00,1.75
2016.04.22 15:09:26.184,2.09834,2.09896,1.37,1.50
2016.04.22 15:09:26.495,2.09834,2.09896,1.12,1.50
2016.04.22 15:09:26.697,2.09834,2.09896,1.00,1.75
2016.04.22 15:09:27.000,2.09834,2.09896,1.50,1.50
2016.04.22 15:09:27.305,2.09834,2.09896,1.00,1.75
2016.04.22 15:09:27.407,2.09834,2.09896,1.37,1.37
2016.04.22 15:09:27.509,2.09834,2.09896,1.37,1.37
2016.04.22 15:09:27.610,2.09834,2.09896,1.50,1.50
2016.04.22 15:09:27.712,2.09834,2.09896,1.12,1.50
2016.04.22 15:09:28.015,2.0983,2.09888,1.50,1.00
2016.04.22 15:09:28.542,2.09826,2.09888,1.75,1.00
2016.04.22 15:09:29.064,2.09826,2.09888,1.75,1.12
2016.04.22 15:09:29.574,2.09826,2.09888,1.75,1.00
2016.04.22 15:09:29.885,2.09829,2.09888,1.75,1.00
2016.04.22 15:09:30.240,2.09829,2.09888,1.50,1.12
2016.04.22 15:09:30.342,2.09829,2.09888,1.00,1.37
2016.04.22 15:09:30.523,2.09826,2.09888,1.12,1.75
2016.04.22 15:09:30.928,2.09826,2.09888,1.75,1.50
2016.04.22 15:09:31.234,2.0983,2.09895,2.25,1.00
2016.04.22 15:09:31.336,2.0983,2.09895,2.25,1.37
2016.04.22 15:09:31.550,2.09831,2.09879,1.00,1.37
2016.04.22 15:09:31.601,2.09821,2.09879,1.87,1.75
2016.04.22 15:09:31.652,2.09821,2.09873,1.50,1.37
2016.04.22 15:09:31.804,2.0981,2.09867,1.12,1.00
2016.04.22 15:09:31.855,2.09805,2.09867,1.75,1.00
2016.04.22 15:09:31.956,2.09805,2.09867,1.75,1.00
2016.04.22 15:09:32.057,2.09805,2.09867,1.75,1.00
2016.04.22 15:09:32.595,2.09805,2.09867,1.75,1.00
2016.04.22 15:09:33.025,2.09805,2.09867,1.75,1.00
2016.04.22 15:09:33.429,2.09807,2.09867,1.75,1.00
2016.04.22 15:09:33.747,2.09807,2.09867,1.75,1.00
2016.04.22 15:09:33.798,2.09807,2.09867,1.75,1.00
2016.04.22 15:09:34.101,2.09809,2.09874,1.75,1.37
2016.04.22 15:09:34.152,2.09809,2.09874,1.75,1.37
2016.04.22 15:09:34.456,2.09809,2.09874,1.75,1.00
2016.04.22 15:09:34.872,2.09809,2.09874,1.75,1.37
2016.04.22 15:09:34.923,2.09809,2.09874,1.75,1.37
2016.04.22 15:09:34.974,2.09809,2.09874,1.75,1.00
2016.04.22 15:09:35.280,2.09809,2.09874,1.75,1.00
2016.04.22 15:09:36.133,2.09809,2.09874,1.75,1.00
2016.04.22 15:09:36.931,2.09809,2.09874,1.75,1.00
2016.04.22 15:09:37.275,2.09817,2.09879,1.75,1.00
2016.04.22 15:09:37.376,2.09824,2.09879,1.00,1.00
2016.04.22 15:09:37.528,2.09823,2.09885,1.37,1.37
2016.04.22 15:09:37.986,2.09823,2.09885,1.37,1.00
2016.04.22 15:09:38.490,2.09827,2.09886,1.00,1.75
2016.04.22 15:09:38.642,2.09818,2.0988,1.37,1.50
2016.04.22 15:09:38.743,2.09813,2.09875,1.00,1.37
2016.04.22 15:09:39.248,2.09812,2.09875,1.00,1.75
2016.04.22 15:09:39.592,2.09807,2.09869,1.50,1.37
2016.04.22 15:09:39.643,2.09807,2.09869,1.12,1.75
2016.04.22 15:09:39.948,2.09806,2.09868,1.50,1.75
2016.04.22 15:09:40.283,2.09806,2.09869,1.37,2.25
2016.04.22 15:09:40.668,2.098,2.09864,1.50,1.75
2016.04.22 15:09:40.719,2.098,2.09864,1.12,1.75
2016.04.22 15:09:40.973,2.098,2.09864,1.00,1.75
2016.04.22 15:09:41.250,2.098,2.09864,1.00,1.75
2016.04.22 15:09:41.352,2.098,2.09864,1.00,1.75
2016.04.22 15:09:41.795,2.098,2.09864,1.37,1.75
2016.04.22 15:09:42.003,2.098,2.09864,1.50,1.75
2016.04.22 15:09:42.055,2.098,2.09864,1.00,1.75
2016.04.22 15:09:42.359,2.098,2.09864,1.00,1.75
2016.04.22 15:09:42.777,2.09801,2.0986,1.50,1.75
2016.04.22 15:09:42.879,2.09801,2.09864,2.25,1.12
2016.04.22 15:09:43.182,2.09801,2.0986,1.00,1.75
2016.04.22 15:09:43.284,2.09795,2.09854,1.12,1.00
2016.04.22 15:09:43.486,2.09795,2.09859,1.12,1.75
2016.04.22 15:09:43.812,2.09795,2.09856,1.75,1.00
2016.04.22 15:09:44.065,2.09795,2.09859,1.50,1.75
2016.04.22 15:09:44.513,2.09795,2.09859,1.50,1.75
2016.04.22 15:09:45.075,2.09795,2.09859,1.75,1.75
2016.04.22 15:09:45.177,2.09795,2.0986,1.00,2.25
2016.04.22 15:09:45.278,2.09788,2.09847,1.37,1.37
2016.04.22 15:09:45.379,2.09782,2.09847,1.75,1.75
2016.04.22 15:09:45.582,2.09782,2.09847,1.75,1.75
2016.04.22 15:09:45.904,2.09805,2.09862,1.37,1.37
2016.04.22 15:09:45.955,2.09805,2.09868,1.75,1.87
2016.04.22 15:09:46.107,2.09806,2.09868,1.00,1.50
2016.04.22 15:09:46.209,2.09805,2.09868,1.00,1.75
2016.04.22 15:09:46.721,2.09805,2.09868,1.12,1.75
2016.04.22 15:09:47.024,2.09805,2.09868,1.12,1.75
2016.04.22 15:09:47.125,2.09805,2.09862,1.37,1.00
2016.04.22 15:09:47.227,2.09805,2.09868,1.00,1.75
2016.04.22 15:09:47.582,2.09799,2.09862,1.12,1.75
2016.04.22 15:09:47.995,2.09796,2.09857,1.12,1.75
2016.04.22 15:09:48.047,2.09796,2.09857,1.75,1.75
2016.04.22 15:09:48.098,2.09796,2.09857,1.12,1.75
2016.04.22 15:09:48.199,2.09796,2.09857,1.75,1.50
2016.04.22 15:09:48.401,2.09798,2.09857,1.50,1.00
2016.04.22 15:09:48.705,2.09798,2.09856,1.50,1.37
2016.04.22 15:09:48.806,2.09798,2.09856,1.12,1.50
2016.04.22 15:09:49.008,2.09798,2.09856,1.37,1.50
2016.04.22 15:09:49.609,2.09798,2.09856,1.75,1.00
2016.04.22 15:09:49.913,2.09798,2.09856,1.00,1.75
2016.04.22 15:09:50.115,2.09798,2.09856,1.00,1.75
2016.04.22 15:09:50.367,2.09798,2.09856,1.00,1.75
2016.04.22 15:09:50.418,2.09795,2.09854,1.00,1.37
2016.04.22 15:09:50.519,2.09785,2.09848,2.25,1.37
2016.04.22 15:09:50.570,2.09785,2.09848,1.75,1.75
2016.04.22 15:09:50.932,2.09785,2.09848,1.75,1.75
2016.04.22 15:09:51.232,2.09785,2.09848,1.50,1.75
2016.04.22 15:09:51.283,2.09805,2.09849,1.00,1.37
2016.04.22 15:09:51.334,2.09805,2.09849,1.12,1.00
2016.04.22 15:09:51.385,2.09805,2.09864,1.50,1.12
2016.04.22 15:09:51.562,2.09805,2.09867,1.37,1.12
2016.04.22 15:09:51.613,2.09799,2.09862,1.12,1.75
2016.04.22 15:09:51.765,2.09799,2.09862,1.75,1.75
2016.04.22 15:09:51.867,2.09799,2.09862,1.75,1.50
2016.04.22 15:09:52.069,2.09804,2.09869,1.37,2.25
2016.04.22 15:09:52.120,2.09808,2.09868,1.00,1.75
2016.04.22 15:09:52.424,2.09804,2.09869,1.75,2.25
2016.04.22 15:09:52.750,2.09804,2.09868,1.75,1.75
2016.04.22 15:09:52.902,2.09804,2.09869,1.75,2.25
2016.04.22 15:09:53.054,2.09804,2.09869,1.75,2.25
2016.04.22 15:09:53.156,2.09808,2.09869,1.00,2.25
2016.04.22 15:09:53.257,2.09804,2.09869,1.75,2.25
2016.04.22 15:09:53.776,2.09804,2.09869,1.75,2.25
2016.04.22 15:09:54.080,2.09811,2.09869,1.00,1.75
2016.04.22 15:09:54.235,2.09811,2.09865,1.00,1.00
2016.04.22 15:09:54.540,2.09811,2.09868,1.00,1.75
2016.04.22 15:09:54.642,2.09805,2.09868,1.37,1.75
2016.04.22 15:09:54.856,2.09799,2.0986,1.37,1.09
2016.04.22 15:09:54.907,2.09798,2.09847,1.00,1.75
2016.04.22 15:09:54.958,2.09798,2.09847,1.00,1.75
2016.04.22 15:09:55.009,2.09785,2.09847,1.00,1.75
2016.04.22 15:09:55.060,2.09778,2.09843,1.50,1.75
2016.04.22 15:09:55.111,2.09778,2.09843,1.87,1.75
2016.04.22 15:09:55.162,2.09778,2.09843,1.50,1.75
2016.04.22 15:09:55.263,2.09778,2.09843,1.12,1.75
2016.04.22 15:09:55.768,2.09778,2.09843,1.50,1.75
2016.04.22 15:09:56.298,2.09778,2.09843,1.00,1.75
2016.04.22 15:09:57.048,2.09778,2.09843,1.37,1.75
2016.04.22 15:09:57.237,2.09778,2.09843,2.25,1.75
2016.04.22 15:09:57.288,2.09778,2.09843,1.50,1.75
2016.04.22 15:09:57.597,2.09778,2.09843,1.12,1.75
2016.04.22 15:09:58.151,2.09778,2.09843,1.12,1.75
2016.04.22 15:09:58.585,2.09777,2.09837,1.00,1.75
2016.04.22 15:09:58.737,2.09773,2.09837,1.00,1.75
2016.04.22 15:09:58.990,2.09773,2.09837,1.00,1.75
2016.04.22 15:09:59.193,2.09773,2.09837,1.75,1.12
2016.04.22 15:09:59.499,2.09773,2.09837,1.75,1.37
2016.04.22 15:09:59.805,2.09773,2.09837,1.00,1.75
2016.04.22 15:09:59.856,2.09773,2.09833,1.12,1.00
2016.04.22 15:09:59.958,2.09773,2.09837,1.37,1.75
2016.04.22 15:10:00.364,2.09775,2.09837,1.12,1.75
2016.04.22 15:10:00.682,2.09775,2.09837,1.37,1.50
2016.04.22 15:10:00.834,2.09773,2.09837,1.00,2.25
2016.04.22 15:10:01.087,2.09773,2.09834,1.37,1.00
2016.04.22 15:10:01.188,2.09773,2.09837,1.50,1.87
2016.04.22 15:10:01.290,2.09778,2.09841,1.00,1.75
2016.04.22 15:10:01.729,2.09778,2.09841,1.37,1.12
2016.04.22 15:10:02.031,2.09778,2.09841,1.37,1.75
2016.04.22 15:10:02.334,2.09778,2.09841,1.00,1.75
2016.04.22 15:10:02.486,2.09778,2.09841,1.12,1.75
2016.04.22 15:10:02.900,2.09774,2.09835,1.00,1.00
2016.04.22 15:10:02.951,2.09774,2.09827,1.00,1.00
2016.04.22 15:10:03.154,2.09764,2.09827,1.75,1.75
2016.04.22 15:10:03.205,2.09764,2.09827,2.25,1.75
2016.04.22 15:10:03.306,2.09764,2.09827,2.25,1.75
2016.04.22 15:10:03.613,2.09764,2.09824,1.37,1.75
2016.04.22 15:10:03.995,2.09764,2.09824,1.50,1.37
2016.04.22 15:10:04.046,2.09768,2.09827,1.75,1.00
2016.04.22 15:10:04.198,2.09768,2.09827,1.75,1.00
2016.04.22 15:10:04.249,2.09769,2.09827,1.12,1.00
2016.04.22 15:10:04.300,2.09769,2.09827,1.00,1.37
2016.04.22 15:10:04.351,2.09764,2.09827,1.75,1.75
2016.04.22 15:10:04.514,2.09764,2.09827,1.75,1.12
2016.04.22 15:10:04.970,2.09764,2.09827,1.75,1.75
2016.04.22 15:10:05.223,2.09771,2.09833,1.37,1.50
2016.04.22 15:10:05.425,2.09771,2.09833,1.37,1.50
2016.04.22 15:10:05.966,2.09771,2.09833,1.75,1.75
2016.04.22 15:10:06.203,2.09772,2.09833,1.00,1.75
2016.04.22 15:10:06.607,2.09771,2.09833,1.75,1.75
2016.04.22 15:10:07.024,2.09783,2.09839,1.00,1.75
2016.04.22 15:10:07.075,2.09783,2.09833,1.00,1.00
2016.04.22 15:10:07.242,2.09783,2.09842,2.25,1.00
2016.04.22 15:10:07.294,2.09783,2.09848,2.25,1.37
2016.04.22 15:10:07.345,2.09783,2.09845,1.87,1.00
2016.04.22 15:10:07.396,2.09783,2.09848,1.87,1.75
2016.04.22 15:10:07.750,2.09783,2.09847,1.00,1.75
2016.04.22 15:10:08.142,2.09783,2.09847,1.37,1.75
2016.04.22 15:10:08.445,2.09783,2.09846,1.75,1.75
2016.04.22 15:10:08.749,2.09783,2.09847,1.37,1.75
2016.04.22 15:10:09.104,2.09783,2.09844,1.00,1.75
2016.04.22 15:10:09.330,2.09783,2.09847,1.00,1.75
2016.04.22 15:10:09.533,2.09783,2.09839,1.12,1.00
2016.04.22 15:10:09.735,2.09783,2.09847,1.00,1.75
2016.04.22 15:10:10.633,2.09783,2.09846,1.12,1.75
2016.04.22 15:10:10.835,2.09783,2.0984,1.37,1.00
2016.04.22 15:10:11.240,2.09777,2.09842,1.75,1.37
2016.04.22 15:10:11.292,2.09777,2.09842,1.50,1.75
2016.04.22 15:10:11.462,2.0978,2.09842,1.37,1.37
2016.04.22 15:10:11.513,2.09783,2.09846,1.75,1.50
2016.04.22 15:10:11.615,2.09789,2.09846,1.12,1.75
2016.04.22 15:10:11.716,2.09789,2.09847,1.37,1.50
2016.04.22 15:10:11.768,2.09789,2.09851,1.75,1.12
2016.04.22 15:10:11.819,2.09789,2.09851,1.75,1.12
2016.04.22 15:10:12.123,2.09794,2.09859,1.75,1.75
2016.04.22 15:10:12.450,2.09794,2.09859,1.75,1.75
2016.04.22 15:10:13.039,2.09801,2.0986,1.37,1.12
2016.04.22 15:10:13.140,2.09801,2.09859,1.75,1.00
2016.04.22 15:10:13.342,2.09801,2.09863,1.75,1.75
2016.04.22 15:10:13.491,2.09801,2.09862,1.75,1.50
2016.04.22 15:10:13.745,2.09801,2.09863,1.50,1.75
2016.04.22 15:10:14.270,2.09801,2.09864,1.00,2.25
2016.04.22 15:10:14.692,2.09801,2.09863,1.00,1.75
2016.04.22 15:10:15.272,2.09801,2.09863,1.00,1.75
2016.04.22 15:10:15.927,2.09801,2.09864,1.00,3.00
2016.04.22 15:10:16.621,2.09801,2.09864,1.00,2.25
2016.04.22 15:10:16.672,2.09794,2.09854,1.50,1.00
2016.04.22 15:10:16.773,2.09794,2.09859,1.50,1.75
2016.04.22 15:10:17.201,2.09794,2.09857,1.00,1.75
2016.04.22 15:10:19.676,2.09794,2.09859,2.25,1.12
2016.04.22 15:10:19.980,2.09801,2.09863,1.00,1.75
2016.04.22 15:10:20.081,2.09805,2.09863,1.00,1.75
2016.04.22 15:10:20.183,2.09804,2.09863,1.50,1.00
2016.04.22 15:10:20.284,2.09805,2.09868,1.50,1.75
2016.04.22 15:10:20.656,2.09804,2.09861,1.00,1.75
2016.04.22 15:10:20.707,2.09799,2.09861,1.00,1.75
2016.04.22 15:10:21.209,2.09799,2.09861,1.50,1.75
2016.04.22 15:10:21.513,2.09799,2.09861,1.00,1.75
2016.04.22 15:10:21.842,2.09796,2.09855,1.00,1.50
2016.04.22 15:10:21.894,2.09797,2.09855,1.00,1.75
2016.04.22 15:10:22.426,2.09796,2.09855,1.00,1.75
2016.04.22 15:10:22.968,2.09796,2.09855,1.00,1.75
2016.04.22 15:10:23.196,2.09793,2.09855,1.00,1.75
2016.04.22 15:10:24.082,2.09793,2.0985,1.00,1.00
2016.04.22 15:10:25.113,2.0979,2.09848,1.12,1.37
2016.04.22 15:10:25.215,2.09786,2.09844,1.00,1.00
2016.04.22 15:10:25.417,2.09786,2.09844,1.00,1.50
2016.04.22 15:10:25.597,2.09778,2.09841,1.00,1.75
2016.04.22 15:10:26.111,2.09778,2.09841,1.00,1.75
2016.04.22 15:10:26.625,2.09778,2.09841,1.00,1.75
2016.04.22 15:10:28.935,2.09778,2.09841,1.00,1.75
2016.04.22 15:10:29.322,2.09778,2.09841,1.00,1.75
2016.04.22 15:10:29.423,2.09778,2.09837,1.37,1.00
2016.04.22 15:10:29.625,2.09778,2.09841,1.75,1.75
2016.04.22 15:10:30.821,2.09778,2.09842,1.50,1.75
2016.04.22 15:10:31.124,2.09778,2.09842,1.50,1.50
2016.04.22 15:10:31.226,2.09778,2.09842,1.75,1.12
2016.04.22 15:10:31.821,2.09778,2.09842,1.75,1.37
2016.04.22 15:10:31.872,2.09778,2.09842,1.37,1.75
2016.04.22 15:10:31.922,2.09778,2.09842,1.75,1.75
2016.04.22 15:10:32.226,2.09778,2.09842,1.12,1.75
2016.04.22 15:10:32.529,2.09774,2.09836,1.00,1.75
2016.04.22 15:10:32.630,2.09772,2.09832,1.12,1.75
2016.04.22 15:10:32.937,2.09775,2.09838,1.00,1.12
2016.04.22 15:10:33.039,2.09775,2.09838,1.00,1.12
2016.04.22 15:10:33.140,2.09775,2.09838,1.37,1.12
2016.04.22 15:10:33.241,2.09775,2.09838,1.75,1.12
2016.04.22 15:10:33.744,2.09775,2.09839,1.75,1.37
2016.04.22 15:10:33.846,2.09781,2.09843,1.50,1.75
2016.04.22 15:10:34.031,2.09781,2.09843,2.25,1.50
2016.04.22 15:10:34.550,2.09781,2.09843,2.25,1.50
2016.04.22 15:10:34.943,2.09786,2.09849,1.00,1.75
2016.04.22 15:10:35.333,2.09786,2.09849,1.50,1.50
2016.04.22 15:10:35.435,2.09786,2.09849,1.75,1.37
2016.04.22 15:10:35.738,2.09786,2.09849,1.00,1.75
2016.04.22 15:10:35.840,2.09786,2.09849,1.00,1.75
2016.04.22 15:10:35.941,2.09786,2.09849,1.37,1.75
2016.04.22 15:10:36.321,2.09781,2.09844,1.75,1.37
2016.04.22 15:10:36.625,2.0978,2.09842,1.00,1.75
2016.04.22 15:10:36.878,2.0978,2.09842,1.37,1.75
2016.04.22 15:10:37.082,2.0978,2.09841,1.00,1.75
2016.04.22 15:10:37.368,2.0978,2.09844,1.37,1.75
2016.04.22 15:10:37.473,2.09777,2.09839,1.75,1.37
2016.04.22 15:10:37.524,2.09781,2.09844,1.00,1.75
2016.04.22 15:10:37.575,2.09781,2.09841,1.12,1.75
2016.04.22 15:10:37.626,2.09781,2.09844,1.50,1.37
2016.04.22 15:10:37.929,2.09781,2.09844,1.75,1.00
2016.04.22 15:10:38.182,2.09781,2.09844,1.75,1.00
2016.04.22 15:10:38.283,2.09781,2.09844,1.50,1.50
2016.04.22 15:10:38.571,2.09781,2.09844,1.50,1.50
2016.04.22 15:10:38.875,2.09781,2.09844,1.00,1.75
2016.04.22 15:10:39.381,2.09781,2.09844,1.00,1.75
2016.04.22 15:10:40.551,2.09781,2.09844,1.00,1.75
2016.04.22 15:10:40.860,2.09778,2.09839,1.00,1.75
2016.04.22 15:10:41.266,2.09778,2.09839,1.12,1.75
2016.04.22 15:10:41.368,2.09778,2.09839,1.12,1.75
2016.04.22 15:10:41.553,2.09778,2.09839,1.00,1.75
2016.04.22 15:10:41.826,2.09777,2.09839,1.37,1.75
2016.04.22 15:10:41.877,2.09777,2.09839,1.50,1.12
2016.04.22 15:10:42.080,2.09777,2.09839,1.50,1.37
2016.04.22 15:10:42.383,2.09777,2.09839,1.12,1.37
2016.04.22 15:10:42.485,2.09775,2.09839,1.50,2.25
2016.04.22 15:10:42.586,2.09775,2.09835,1.37,1.00
2016.04.22 15:10:43.020,2.09782,2.09839,1.37,1.37
2016.04.22 15:10:43.173,2.09789,2.09852,1.50,1.75
2016.04.22 15:10:43.376,2.09789,2.09852,1.50,1.37
2016.04.22 15:10:43.478,2.09789,2.09852,1.75,1.00
2016.04.22 15:10:43.885,2.09789,2.09852,1.75,1.50
2016.04.22 15:10:43.987,2.0979,2.09852,1.00,1.50
2016.04.22 15:10:44.477,2.09789,2.09852,1.50,1.12
2016.04.22 15:10:44.787,2.09789,2.09852,1.12,1.75
2016.04.22 15:10:45.090,2.09789,2.09852,1.00,1.75
2016.04.22 15:10:45.455,2.09789,2.09852,1.12,1.75
2016.04.22 15:10:45.506,2.09789,2.09852,1.50,1.75
2016.04.22 15:10:45.607,2.09791,2.09852,1.00,1.37
2016.04.22 15:10:45.809,2.09789,2.09852,1.75,1.37
2016.04.22 15:10:46.123,2.09789,2.09852,1.00,1.75
2016.04.22 15:10:46.655,2.09789,2.09852,1.37,1.75
2016.04.22 15:10:46.908,2.09789,2.09852,1.12,1.75
2016.04.22 15:10:47.413,2.09789,2.0985,1.12,1.00
2016.04.22 15:10:47.595,2.09789,2.09852,1.00,1.75
2016.04.22 15:10:47.899,2.09789,2.09852,1.00,1.75
2016.04.22 15:10:48.350,2.09787,2.09849,1.00,1.75
2016.04.22 15:10:48.875,2.09787,2.09849,1.37,1.75
2016.04.22 15:10:49.302,2.09787,2.09849,1.37,1.50
2016.04.22 15:10:49.978,2.09787,2.09849,1.37,1.12
2016.04.22 15:10:50.315,2.09787,2.09849,1.12,1.50
2016.04.22 15:10:51.214,2.09787,2.09849,1.37,1.50
2016.04.22 15:10:51.615,2.09787,2.09849,1.75,1.37
2016.04.22 15:10:51.919,2.09787,2.09849,1.12,1.75
2016.04.22 15:10:52.539,2.09787,2.09849,1.00,1.75
2016.04.22 15:10:52.869,2.09787,2.09849,1.00,1.75
2016.04.22 15:10:53.410,2.09783,2.09848,1.00,1.75
2016.04.22 15:10:53.822,2.09783,2.09848,1.37,1.75
2016.04.22 15:10:54.108,2.09783,2.09848,1.50,1.75
2016.04.22 15:10:54.210,2.09783,2.09848,1.75,1.50
2016.04.22 15:10:54.616,2.09789,2.09851,1.37,1.75
2016.04.22 15:10:55.125,2.09789,2.09851,1.12,1.75
2016.04.22 15:10:55.346,2.09789,2.09851,1.00,1.75
2016.04.22 15:10:55.548,2.09789,2.09851,1.37,1.12
2016.04.22 15:10:55.599,2.09789,2.0985,1.75,1.00
2016.04.22 15:10:56.127,2.09789,2.0985,1.50,1.12
2016.04.22 15:10:56.446,2.09789,2.0985,1.50,1.37
2016.04.22 15:10:56.704,2.09789,2.09853,1.50,1.50
2016.04.22 15:10:56.756,2.09795,2.09858,1.37,1.75
2016.04.22 15:10:56.959,2.09786,2.09845,1.87,1.12
2016.04.22 15:10:57.061,2.09787,2.09845,1.00,1.75
2016.04.22 15:10:57.112,2.0978,2.09845,1.75,1.75
2016.04.22 15:10:57.163,2.09782,2.09838,1.00,1.00
2016.04.22 15:10:57.383,2.09776,2.09838,1.12,2.25
2016.04.22 15:10:57.436,2.09768,2.09829,1.12,1.12
2016.04.22 15:10:57.639,2.09764,2.09827,1.75,1.00
2016.04.22 15:10:57.740,2.09764,2.09827,1.75,1.00
2016.04.22 15:10:57.842,2.09766,2.09829,1.75,1.00
2016.04.22 15:10:57.893,2.09771,2.09832,1.00,1.00
2016.04.22 15:10:57.944,2.09771,2.09834,1.37,1.12
2016.04.22 15:10:58.251,2.09771,2.09834,1.75,1.12
2016.04.22 15:10:58.575,2.09789,2.09848,1.37,1.87
2016.04.22 15:10:58.677,2.09789,2.09854,1.87,1.75
2016.04.22 15:10:58.828,2.0979,2.0985,1.37,1.00
2016.04.22 15:10:59.479,2.09789,2.09854,2.25,1.75
2016.04.22 15:10:59.783,2.0979,2.09854,1.75,1.75
2016.04.22 15:11:00.155,2.0979,2.09854,1.75,1.75
2016.04.22 15:11:01.062,2.0979,2.09854,1.50,1.75
2016.04.22 15:11:01.113,2.09789,2.09854,1.87,1.75
2016.04.22 15:11:01.164,2.09789,2.09854,1.50,1.75
2016.04.22 15:11:01.266,2.09789,2.09849,1.50,1.00
2016.04.22 15:11:01.317,2.09789,2.09846,1.00,1.00
2016.04.22 15:11:01.570,2.09782,2.09846,1.00,1.75
2016.04.22 15:11:02.058,2.09782,2.09846,1.37,1.75
2016.04.22 15:11:02.361,2.09785,2.09846,1.75,1.37
2016.04.22 15:11:02.614,2.09789,2.09849,1.75,1.50
2016.04.22 15:11:02.665,2.09789,2.09849,1.75,1.00
2016.04.22 15:11:02.817,2.09789,2.09848,1.37,1.75
2016.04.22 15:11:02.969,2.09789,2.09848,1.00,1.75
2016.04.22 15:11:03.147,2.09782,2.09847,1.75,1.75
2016.04.22 15:11:03.469,2.09782,2.09847,1.75,1.75
2016.04.22 15:11:03.520,2.09782,2.09847,1.75,2.25
2016.04.22 15:11:03.570,2.09782,2.09847,1.75,2.25
2016.04.22 15:11:03.672,2.09782,2.09847,1.75,1.75
2016.04.22 15:11:03.722,2.09782,2.09847,1.75,2.25
2016.04.22 15:11:03.773,2.09782,2.09847,1.75,2.25
2016.04.22 15:11:03.824,2.09777,2.0984,1.75,1.75
2016.04.22 15:11:03.925,2.09775,2.09839,1.12,1.75
2016.04.22 15:11:04.106,2.09769,2.09834,1.75,1.75
2016.04.22 15:11:04.157,2.09769,2.09834,1.75,1.50
2016.04.22 15:11:04.662,2.09769,2.09834,1.75,1.12
2016.04.22 15:11:05.059,2.09777,2.09838,1.37,1.50
2016.04.22 15:11:05.267,2.09777,2.09838,1.75,1.37
2016.04.22 15:11:05.373,2.09777,2.09837,1.75,1.00
2016.04.22 15:11:05.474,2.09779,2.09838,1.00,1.37
2016.04.22 15:11:06.161,2.09777,2.09838,1.75,1.75
2016.04.22 15:11:06.520,2.09777,2.09838,1.75,1.75
2016.04.22 15:11:07.187,2.09777,2.09839,1.75,1.75
2016.04.22 15:11:07.674,2.09777,2.09838,1.75,1.50
2016.04.22 15:11:07.896,2.09777,2.09839,1.75,1.37
2016.04.22 15:11:09.040,2.09777,2.09839,1.75,1.75
2016.04.22 15:11:09.387,2.09785,2.09849,1.75,1.50
2016.04.22 15:11:09.489,2.0979,2.09855,1.75,2.25
2016.04.22 15:11:09.792,2.09796,2.09861,1.75,1.75
2016.04.22 15:11:09.995,2.09796,2.09861,1.75,1.75
2016.04.22 15:11:10.211,2.09796,2.09861,1.75,1.75
2016.04.22 15:11:10.880,2.09802,2.09866,1.00,1.75
2016.04.22 15:11:11.587,2.09802,2.09866,1.37,1.75
2016.04.22 15:11:11.922,2.09802,2.09866,1.75,1.75
2016.04.22 15:11:11.973,2.09795,2.0986,2.25,1.75
2016.04.22 15:11:12.024,2.09801,2.0986,1.00,1.75
2016.04.22 15:11:12.125,2.09795,2.09857,2.25,1.00
2016.04.22 15:11:12.479,2.09795,2.0986,2.25,1.75
2016.04.22 15:11:13.329,2.09795,2.0986,2.25,1.75
2016.04.22 15:11:13.531,2.09801,2.09866,1.37,1.75
2016.04.22 15:11:13.834,2.09811,2.09873,1.75,1.50
2016.04.22 15:11:14.017,2.09812,2.09873,1.75,1.12
2016.04.22 15:11:14.119,2.09811,2.09873,1.75,1.50
2016.04.22 15:11:14.327,2.09814,2.09873,1.00,1.37
2016.04.22 15:11:15.531,2.09812,2.09873,1.75,1.50
2016.04.22 15:11:15.718,2.09812,2.09873,1.00,1.75
2016.04.22 15:11:16.021,2.0981,2.09872,1.37,1.75
2016.04.22 15:11:16.072,2.0981,2.09873,1.75,2.25
2016.04.22 15:11:16.431,2.0981,2.09873,2.25,1.75
2016.04.22 15:11:16.539,2.09812,2.09873,1.00,1.75
2016.04.22 15:11:16.894,2.0981,2.09873,1.87,1.75
2016.04.22 15:11:17.198,2.09818,2.09882,1.37,1.75
2016.04.22 15:11:17.425,2.09822,2.09881,1.75,1.50
2016.04.22 15:11:17.836,2.09823,2.09882,1.00,1.50
2016.04.22 15:11:18.173,2.09822,2.09882,1.00,1.75
2016.04.22 15:11:18.460,2.09822,2.09876,1.00,1.00
2016.04.22 15:11:18.994,2.09818,2.09882,1.75,1.75
2016.04.22 15:11:19.146,2.09819,2.09882,1.00,1.75
2016.04.22 15:11:19.247,2.09818,2.09881,1.50,1.75
2016.04.22 15:11:19.298,2.09818,2.09882,1.75,1.75
2016.04.22 15:11:19.349,2.0982,2.09882,1.00,1.75
2016.04.22 15:11:19.506,2.09821,2.09883,1.75,1.87
2016.04.22 15:11:19.810,2.09821,2.09883,1.12,1.87
2016.04.22 15:11:19.962,2.09821,2.09883,1.00,1.87
2016.04.22 15:11:20.013,2.09818,2.09881,1.50,1.75
2016.04.22 15:11:20.578,2.09811,2.09875,2.25,1.75
2016.04.22 15:11:20.630,2.09811,2.09872,1.37,1.12
2016.04.22 15:11:20.681,2.0981,2.0987,1.75,1.00
2016.04.22 15:11:20.984,2.0982,2.09879,1.00,1.37
2016.04.22 15:11:21.186,2.09824,2.09888,1.00,1.75
2016.04.22 15:11:21.464,2.09824,2.09884,1.37,1.00
2016.04.22 15:11:21.767,2.09821,2.09882,1.00,1.37
2016.04.22 15:11:22.071,2.0982,2.09882,1.00,1.50
2016.04.22 15:11:22.575,2.09821,2.09882,1.00,1.75
2016.04.22 15:11:22.880,2.09821,2.09882,1.00,1.75
2016.04.22 15:11:23.184,2.09819,2.09882,1.00,2.25
2016.04.22 15:11:23.569,2.09819,2.09877,1.00,1.00
2016.04.22 15:11:24.134,2.09819,2.09882,1.12,2.25
2016.04.22 15:11:25.058,2.09819,2.09878,1.37,1.00
2016.04.22 15:11:25.160,2.09819,2.09882,1.37,1.75
2016.04.22 15:11:25.858,2.09819,2.09882,1.50,1.75
2016.04.22 15:11:26.010,2.09819,2.09882,1.75,1.50
2016.04.22 15:11:26.373,2.09823,2.09889,1.75,1.75
2016.04.22 15:11:26.677,2.09823,2.09889,1.75,1.75
2016.04.22 15:11:26.879,2.09823,2.09889,1.12,1.75
2016.04.22 15:11:27.082,2.09823,2.09889,1.12,2.25
2016.04.22 15:11:27.457,2.09823,2.09887,1.00,1.75
2016.04.22 15:11:27.985,2.09823,2.09889,1.00,2.25
2016.04.22 15:11:28.570,2.09823,2.09877,1.37,1.00
2016.04.22 15:11:28.899,2.09823,2.09889,1.12,1.75
2016.04.22 15:11:31.214,2.09823,2.09889,1.12,1.75
2016.04.22 15:11:31.316,2.09824,2.09887,1.37,1.75
2016.04.22 15:11:31.865,2.09824,2.09887,1.50,1.75
2016.04.22 15:11:32.411,2.09824,2.09887,1.50,1.75
2016.04.22 15:11:33.575,2.0983,2.09892,1.00,1.75
2016.04.22 15:11:33.727,2.09834,2.09891,1.37,1.12
2016.04.22 15:11:33.930,2.09834,2.09897,2.25,1.75
2016.04.22 15:11:34.108,2.09834,2.09897,1.87,1.75
2016.04.22 15:11:34.412,2.09825,2.09885,1.00,1.75
2016.04.22 15:11:34.665,2.09816,2.09879,1.00,1.75
2016.04.22 15:11:34.716,2.0981,2.09873,1.37,1.50
2016.04.22 15:11:34.768,2.09806,2.09867,1.00,1.75
2016.04.22 15:11:35.318,2.09805,2.09867,1.00,1.75
2016.04.22 15:11:35.913,2.09809,2.09873,1.00,2.25
2016.04.22 15:11:35.964,2.09809,2.09873,1.37,1.75
2016.04.22 15:11:36.066,2.09809,2.09874,1.75,1.00
2016.04.22 15:11:36.522,2.09815,2.0988,1.75,1.75
2016.04.22 15:11:36.725,2.09815,2.09873,1.50,1.00
2016.04.22 15:11:36.827,2.09815,2.0988,1.50,1.75
2016.04.22 15:11:37.131,2.09815,2.0988,1.75,1.75
2016.04.22 15:11:37.333,2.09815,2.0988,1.75,1.75
2016.04.22 15:11:38.044,2.09815,2.0988,1.75,1.50
2016.04.22 15:11:38.174,2.09815,2.0988,1.75,1.75
2016.04.22 15:11:38.747,2.09815,2.0988,1.75,1.75
2016.04.22 15:11:39.174,2.09822,2.09885,1.37,1.75
2016.04.22 15:11:39.699,2.09822,2.09885,1.37,1.75
2016.04.22 15:11:40.082,2.09822,2.09885,1.75,1.75
2016.04.22 15:11:40.184,2.09822,2.09885,1.75,1.37
2016.04.22 15:11:40.488,2.09841,2.09904,1.75,1.00
2016.04.22 15:11:40.791,2.09852,2.09904,1.50,1.00
2016.04.22 15:11:40.893,2.09852,2.09904,1.50,1.00
2016.04.22 15:11:41.228,2.09841,2.09904,1.75,1.75
2016.04.22 15:11:41.279,2.09841,2.09904,1.75,1.75
2016.04.22 15:11:41.481,2.09841,2.09904,1.75,1.75
2016.04.22 15:11:41.554,2.09847,2.09904,1.00,1.75
2016.04.22 15:11:41.655,2.09842,2.09904,1.75,1.75
2016.04.22 15:11:41.756,2.09842,2.09904,1.37,1.75
2016.04.22 15:11:42.163,2.09852,2.09904,1.00,1.75
2016.04.22 15:11:42.265,2.09841,2.09904,1.12,1.75
2016.04.22 15:11:42.367,2.09842,2.09904,1.37,1.75
2016.04.22 15:11:42.468,2.09842,2.09904,1.12,1.75
2016.04.22 15:11:42.671,2.09842,2.09904,1.12,1.75
2016.04.22 15:11:42.772,2.09842,2.09904,1.37,1.75
2016.04.22 15:11:43.098,2.09839,2.09904,1.75,1.37
2016.04.22 15:11:43.301,2.09863,2.09917,2.25,1.37
2016.04.22 15:11:43.351,2.09871,2.09917,1.00,1.37
2016.04.22 15:11:43.705,2.09859,2.09917,1.00,1.37
2016.04.22 15:11:43.807,2.09862,2.09917,1.00,2.25
2016.04.22 15:11:44.042,2.09852,2.09916,1.37,1.75
2016.04.22 15:11:44.193,2.09852,2.09916,1.50,1.75
2016.04.22 15:11:44.396,2.09852,2.09916,1.00,1.75
2016.04.22 15:11:44.917,2.09851,2.09916,2.25,1.75
2016.04.22 15:11:45.018,2.09851,2.09916,2.25,1.75
2016.04.22 15:11:45.407,2.09851,2.09907,2.25,1.00
2016.04.22 15:11:45.508,2.09852,2.09916,1.00,1.75
2016.04.22 15:11:45.761,2.09845,2.09906,1.37,1.75
2016.04.22 15:11:45.812,2.09845,2.09906,1.00,1.75
2016.04.22 15:11:46.142,2.09836,2.09898,1.37,1.75
2016.04.22 15:11:46.193,2.09835,2.09898,1.00,1.75
2016.04.22 15:11:46.295,2.09836,2.09898,1.12,1.75
2016.04.22 15:11:46.396,2.09836,2.09898,1.12,1.75
2016.04.22 15:11:46.499,2.09839,2.09904,1.37,1.75
2016.04.22 15:11:46.600,2.09841,2.09904,1.12,1.75
2016.04.22 15:11:46.904,2.09841,2.09904,1.37,1.75
2016.04.22 15:11:47.234,2.09841,2.09904,1.00,1.75
2016.04.22 15:11:47.537,2.09839,2.09896,1.00,1.75
2016.04.22 15:11:47.588,2.09839,2.09896,1.00,1.75
2016.04.22 15:11:47.639,2.09834,2.09896,1.37,1.75
2016.04.22 15:11:47.690,2.09834,2.09896,1.00,1.75
2016.04.22 15:11:48.038,2.09834,2.09896,1.00,1.75
2016.04.22 15:11:48.292,2.09834,2.09895,1.00,1.75
2016.04.22 15:11:48.545,2.09842,2.09895,1.00,1.75
2016.04.22 15:11:49.333,2.09842,2.09896,1.00,1.75
2016.04.22 15:11:49.435,2.09842,2.09901,1.00,1.75
2016.04.22 15:11:49.587,2.09842,2.09902,1.00,1.75
2016.04.22 15:11:49.637,2.09845,2.09904,1.00,1.75
2016.04.22 15:11:49.941,2.09845,2.09904,1.00,1.75
2016.04.22 15:11:50.117,2.09845,2.09905,1.00,1.75
2016.04.22 15:11:50.514,2.09842,2.09902,1.00,1.75
2016.04.22 15:11:50.616,2.09832,2.09897,1.50,1.75
2016.04.22 15:11:50.717,2.09842,2.0989,1.00,1.75
2016.04.22 15:11:50.819,2.09827,2.0989,1.00,1.75
2016.04.22 15:11:50.920,2.09827,2.09887,1.00,1.75
2016.04.22 15:11:51.143,2.09827,2.09887,1.00,1.75
2016.04.22 15:11:51.194,2.09827,2.0989,1.00,2.25
2016.04.22 15:11:51.245,2.09827,2.0989,1.00,2.25
2016.04.22 15:11:51.346,2.09827,2.09888,1.00,1.75
2016.04.22 15:11:51.700,2.09831,2.0989,1.00,1.75
2016.04.22 15:11:51.952,2.09827,2.0989,1.12,1.75
2016.04.22 15:11:52.003,2.09827,2.0989,1.12,1.75
2016.04.22 15:11:52.216,2.09827,2.0989,1.37,1.75
2016.04.22 15:11:52.318,2.09827,2.0989,1.75,1.75
2016.04.22 15:11:52.673,2.09841,2.09895,1.00,1.50
2016.04.22 15:11:52.826,2.09845,2.09895,1.12,1.00
2016.04.22 15:11:52.927,2.09845,2.0991,1.37,1.75
2016.04.22 15:11:52.978,2.09845,2.09906,1.00,1.75
2016.04.22 15:11:53.080,2.09842,2.09904,1.12,1.75
2016.04.22 15:11:53.248,2.09841,2.09895,1.00,1.75
2016.04.22 15:11:53.665,2.09842,2.09892,1.00,1.75
2016.04.22 15:11:53.767,2.09842,2.09892,1.00,1.75
2016.04.22 15:11:53.818,2.09842,2.09883,1.00,1.00
2016.04.22 15:11:54.350,2.09841,2.09891,1.00,1.75
2016.04.22 15:11:54.452,2.09841,2.09891,1.00,1.75
2016.04.22 15:11:54.755,2.09841,2.09891,1.00,1.75
2016.04.22 15:11:55.008,2.09842,2.09891,1.00,1.50
2016.04.22 15:11:55.059,2.09842,2.09891,1.00,1.50
2016.04.22 15:11:55.496,2.09842,2.09895,1.00,1.75
2016.04.22 15:11:56.056,2.09842,2.09895,1.00,1.75
2016.04.22 15:11:56.555,2.09851,2.09895,1.00,1.75
2016.04.22 15:11:56.930,2.09851,2.09895,1.00,1.75
2016.04.22 15:11:57.081,2.09841,2.09895,1.00,1.75
2016.04.22 15:11:57.133,2.09841,2.09895,1.00,1.75
2016.04.22 15:11:57.234,2.09841,2.09895,1.00,1.75
2016.04.22 15:11:57.336,2.09841,2.09895,1.00,1.75
2016.04.22 15:11:57.650,2.09851,2.099,1.00,1.75
2016.04.22 15:11:57.701,2.09851,2.09901,1.00,1.75
2016.04.22 15:11:57.854,2.09851,2.09901,1.00,1.75
2016.04.22 15:11:57.955,2.09851,2.09901,1.00,1.75
2016.04.22 15:11:58.209,2.09842,2.09893,1.00,1.12
2016.04.22 15:11:58.310,2.09852,2.099,1.00,1.75
2016.04.22 15:11:58.529,2.09862,2.09912,1.00,1.87
2016.04.22 15:11:58.985,2.09862,2.09914,1.00,1.12
2016.04.22 15:11:59.086,2.09853,2.09914,1.75,1.12
2016.04.22 15:11:59.187,2.09853,2.09914,1.37,1.12
2016.04.22 15:11:59.238,2.09853,2.09912,1.00,1.12
2016.04.22 15:11:59.461,2.09853,2.09912,1.00,1.12
2016.04.22 15:11:59.764,2.09852,2.09903,1.00,1.75
2016.04.22 15:12:00.270,2.09851,2.09909,1.00,1.75
2016.04.22 15:12:00.372,2.09851,2.09909,1.00,1.75
2016.04.22 15:12:00.791,2.09852,2.09909,1.00,1.75
2016.04.22 15:12:00.943,2.09841,2.09903,1.50,1.50
2016.04.22 15:12:00.994,2.09846,2.09909,1.00,1.75
2016.04.22 15:12:01.297,2.09851,2.09909,1.00,1.75
2016.04.22 15:12:01.399,2.09851,2.09909,1.00,1.75
2016.04.22 15:12:01.777,2.09851,2.09909,1.00,1.75
2016.04.22 15:12:02.209,2.09862,2.09909,1.00,1.75
2016.04.22 15:12:02.373,2.09851,2.09909,1.00,1.75
2016.04.22 15:12:02.423,2.09851,2.09909,1.00,2.25
2016.04.22 15:12:02.714,2.09851,2.099,1.00,1.00
2016.04.22 15:12:03.036,2.09852,2.09909,1.00,1.75
2016.04.22 15:12:03.088,2.09852,2.09909,1.00,1.75
2016.04.22 15:12:03.191,2.09852,2.09909,1.00,1.75
2016.04.22 15:12:03.729,2.09852,2.09909,1.00,1.75
2016.04.22 15:12:03.931,2.09852,2.09909,1.00,1.75
2016.04.22 15:12:04.339,2.09851,2.09905,1.00,1.75
2016.04.22 15:12:04.642,2.09851,2.09905,1.00,1.75
2016.04.22 15:12:05.024,2.09851,2.09905,1.00,2.25
2016.04.22 15:12:05.235,2.09852,2.09894,1.00,1.00
2016.04.22 15:12:05.337,2.09852,2.09896,1.00,1.00
2016.04.22 15:12:05.493,2.09851,2.09905,1.00,1.75
2016.04.22 15:12:05.544,2.09851,2.09906,1.00,1.75
2016.04.22 15:12:05.595,2.09851,2.09906,1.00,1.50
2016.04.22 15:12:05.696,2.09862,2.09909,1.00,1.75
2016.04.22 15:12:05.867,2.09852,2.09909,1.00,1.75
2016.04.22 15:12:05.918,2.09852,2.09905,1.00,1.00
2016.04.22 15:12:06.019,2.09852,2.09909,1.00,1.75
2016.04.22 15:12:06.222,2.09844,2.09909,1.50,1.75
2016.04.22 15:12:06.424,2.09844,2.09909,1.37,1.75
2016.04.22 15:12:06.526,2.09852,2.09915,1.00,2.25
2016.04.22 15:12:06.790,2.09844,2.09909,1.37,1.75
2016.04.22 15:12:06.842,2.09844,2.09909,1.00,1.75
2016.04.22 15:12:07.045,2.09844,2.09905,1.37,1.50
2016.04.22 15:12:07.146,2.0985,2.09909,1.00,1.75
2016.04.22 15:12:07.449,2.09852,2.09906,1.00,1.00
2016.04.22 15:12:07.705,2.09851,2.09912,1.50,1.75
2016.04.22 15:12:07.756,2.09851,2.09915,1.75,1.75
2016.04.22 15:12:07.857,2.09851,2.09915,1.50,1.75
2016.04.22 15:12:07.908,2.09852,2.09908,1.00,1.75
2016.04.22 15:12:08.212,2.09852,2.09908,1.00,1.75
2016.04.22 15:12:08.313,2.09851,2.09908,1.00,1.75
2016.04.22 15:12:08.542,2.09851,2.09908,1.00,1.75
2016.04.22 15:12:08.646,2.09845,2.09908,1.00,1.75
2016.04.22 15:12:08.748,2.09841,2.09902,2.25,1.75
2016.04.22 15:12:08.849,2.09841,2.09897,1.00,1.75
2016.04.22 15:12:09.253,2.09841,2.09897,1.00,1.75
2016.04.22 15:12:09.354,2.09841,2.09897,1.00,1.75
2016.04.22 15:12:09.723,2.09841,2.09897,1.00,2.25
2016.04.22 15:12:09.774,2.09833,2.09897,1.37,2.25
2016.04.22 15:12:09.976,2.09842,2.09897,1.00,2.25
2016.04.22 15:12:10.317,2.09842,2.0989,1.00,1.75
2016.04.22 15:12:10.368,2.09842,2.0989,1.00,1.75
2016.04.22 15:12:10.419,2.09832,2.0989,1.00,1.75
2016.04.22 15:12:10.470,2.09832,2.09886,1.00,1.37
2016.04.22 15:12:10.797,2.09821,2.09875,1.00,1.75
2016.04.22 15:12:10.848,2.09811,2.09874,1.00,1.75
2016.04.22 15:12:10.949,2.09821,2.09869,1.00,1.75
2016.04.22 15:12:11.202,2.09812,2.09869,1.00,1.75
2016.04.22 15:12:11.706,2.09812,2.09869,1.00,3.00
2016.04.22 15:12:11.934,2.09812,2.09859,1.00,1.00
2016.04.22 15:12:12.274,2.09811,2.09862,1.00,1.75
2016.04.22 15:12:12.527,2.09802,2.09861,1.00,1.75
2016.04.22 15:12:12.651,2.09802,2.09857,1.00,1.75
2016.04.22 15:12:12.960,2.09801,2.09857,1.00,1.75
2016.04.22 15:12:13.162,2.09802,2.09857,1.00,1.75
2016.04.22 15:12:13.264,2.09802,2.09857,1.00,1.75
2016.04.22 15:12:13.786,2.09801,2.09857,1.00,1.50
2016.04.22 15:12:14.089,2.09801,2.09857,1.00,1.75
2016.04.22 15:12:14.140,2.09792,2.09857,1.75,1.75
2016.04.22 15:12:14.191,2.09792,2.09857,1.75,1.75
2016.04.22 15:12:14.394,2.09792,2.09857,1.87,1.75
2016.04.22 15:12:14.918,2.09802,2.09857,1.00,1.75
2016.04.22 15:12:15.468,2.09802,2.09857,1.00,1.75
2016.04.22 15:12:15.570,2.09792,2.09857,2.25,1.75
2016.04.22 15:12:15.867,2.09792,2.09857,2.25,1.75
2016.04.22 15:12:15.969,2.09792,2.09857,1.12,1.75
2016.04.22 15:12:16.195,2.09792,2.09857,1.87,1.75
2016.04.22 15:12:16.670,2.09792,2.09857,2.25,1.75
2016.04.22 15:12:17.083,2.09792,2.09857,2.25,1.75
2016.04.22 15:12:17.236,2.09801,2.09857,1.00,1.75
2016.04.22 15:12:17.742,2.09801,2.09853,1.00,1.00
2016.04.22 15:12:17.793,2.09792,2.09853,1.12,1.00
2016.04.22 15:12:17.960,2.09801,2.09853,1.00,1.00
2016.04.22 15:12:18.012,2.09792,2.09853,1.12,1.00
2016.04.22 15:12:18.063,2.09792,2.09853,1.12,1.12
2016.04.22 15:12:18.367,2.09801,2.09853,1.00,1.00
2016.04.22 15:12:18.418,2.09792,2.09853,1.12,1.00
2016.04.22 15:12:18.571,2.09801,2.09853,1.00,1.00
2016.04.22 15:12:18.900,2.09796,2.09859,1.50,1.75
2016.04.22 15:12:19.002,2.09802,2.09859,1.00,1.75
2016.04.22 15:12:19.104,2.09796,2.09859,1.37,1.75
2016.04.22 15:12:19.307,2.09792,2.09853,1.87,1.75
2016.04.22 15:12:19.612,2.09802,2.09848,1.00,1.75
2016.04.22 15:12:19.783,2.09792,2.09848,1.00,1.75
2016.04.22 15:12:19.885,2.09792,2.09843,1.00,1.75
2016.04.22 15:12:19.986,2.09792,2.09843,1.00,1.75
2016.04.22 15:12:20.109,2.09792,2.09842,1.00,1.75
2016.04.22 15:12:20.413,2.09792,2.09843,1.00,2.25
2016.04.22 15:12:20.862,2.09801,2.0984,1.00,1.75
2016.04.22 15:12:20.964,2.09791,2.0984,1.00,1.75
2016.04.22 15:12:21.015,2.09791,2.0984,1.00,1.37
2016.04.22 15:12:21.116,2.09791,2.09849,1.00,1.12
2016.04.22 15:12:21.167,2.09788,2.09849,1.00,1.12
2016.04.22 15:12:21.218,2.09788,2.09851,1.75,1.75
2016.04.22 15:12:21.607,2.09792,2.09852,1.00,1.75
2016.04.22 15:12:21.911,2.09791,2.09852,1.00,1.75
2016.04.22 15:12:22.416,2.09791,2.09847,1.00,1.75
2016.04.22 15:12:22.714,2.09791,2.09838,1.00,1.00
2016.04.22 15:12:22.815,2.09791,2.09847,1.00,1.75
2016.04.22 15:12:22.866,2.09802,2.09847,1.00,1.75
2016.04.22 15:12:22.968,2.09792,2.09847,1.00,1.75
2016.04.22 15:12:23.019,2.09792,2.09847,1.00,1.75
2016.04.22 15:12:23.524,2.09791,2.09847,1.00,1.75
2016.04.22 15:12:23.814,2.09782,2.09842,1.00,1.75
2016.04.22 15:12:23.966,2.09791,2.09842,1.00,2.25
2016.04.22 15:12:24.169,2.09781,2.09837,1.00,1.75
2016.04.22 15:12:24.221,2.09781,2.09837,1.00,1.75
2016.04.22 15:12:24.772,2.09781,2.09836,1.00,1.75
2016.04.22 15:12:25.150,2.09781,2.09836,1.00,1.37
2016.04.22 15:12:25.605,2.09791,2.09833,1.00,1.12
2016.04.22 15:12:26.173,2.09791,2.09833,1.00,1.12
2016.04.22 15:12:26.725,2.09791,2.09833,1.00,1.12
2016.04.22 15:12:26.934,2.09781,2.09832,1.00,1.75
2016.04.22 15:12:27.317,2.09781,2.09833,1.00,1.87
2016.04.22 15:12:27.418,2.09781,2.09832,1.00,1.75
2016.04.22 15:12:27.952,2.09782,2.09832,1.00,1.75
2016.04.22 15:12:28.554,2.09782,2.09832,1.00,1.75
2016.04.22 15:12:29.118,2.09782,2.09831,1.00,1.75
2016.04.22 15:12:31.521,2.09782,2.0983,1.00,1.75
2016.04.22 15:12:31.862,2.09782,2.09829,1.00,1.75
2016.04.22 15:12:32.174,2.09782,2.09828,1.00,1.75
2016.04.22 15:12:32.225,2.09782,2.0982,1.00,1.00
2016.04.22 15:12:32.427,2.09782,2.09831,1.00,1.75
2016.04.22 15:12:32.746,2.09782,2.09829,1.00,1.75
2016.04.22 15:12:33.095,2.09782,2.09826,1.00,1.37
2016.04.22 15:12:33.146,2.09782,2.09826,1.00,1.75
2016.04.22 15:12:33.449,2.09781,2.09826,1.00,1.75
2016.04.22 15:12:33.818,2.09772,2.09819,1.00,1.12
2016.04.22 15:12:34.537,2.09772,2.09819,1.00,1.50
2016.04.22 15:12:34.739,2.09772,2.09819,1.00,1.75
2016.04.22 15:12:35.240,2.09771,2.09817,1.00,1.12
2016.04.22 15:12:35.543,2.09772,2.09817,1.00,1.12
2016.04.22 15:12:35.645,2.09772,2.09817,1.00,1.12
2016.04.22 15:12:35.746,2.09772,2.09817,1.00,1.12
2016.04.22 15:12:36.191,2.09772,2.09817,1.00,1.12
2016.04.22 15:12:36.696,2.09772,2.09817,1.00,1.12
2016.04.22 15:12:38.130,2.09771,2.09818,1.00,1.12
2016.04.22 15:12:38.652,2.09772,2.09818,1.00,1.12
2016.04.22 15:12:38.854,2.09772,2.09815,1.00,1.00
2016.04.22 15:12:39.065,2.09772,2.09818,1.00,1.00
2016.04.22 15:12:39.644,2.09771,2.09821,1.00,1.50
2016.04.22 15:12:39.695,2.09782,2.09821,1.00,1.50
2016.04.22 15:12:40.018,2.09771,2.09821,1.00,1.75
2016.04.22 15:12:40.546,2.09781,2.09823,1.00,1.75
2016.04.22 15:12:40.772,2.09771,2.09822,1.00,1.75
2016.04.22 15:12:40.974,2.09761,2.09822,1.50,1.75
2016.04.22 15:12:41.076,2.09761,2.09823,1.50,1.75
2016.04.22 15:12:41.177,2.09761,2.09819,1.00,1.75
2016.04.22 15:12:41.279,2.09761,2.09819,1.00,1.75
2016.04.22 15:12:41.330,2.09772,2.09819,1.00,1.75
2016.04.22 15:12:41.380,2.09772,2.09819,1.00,1.00
2016.04.22 15:12:41.590,2.09772,2.09819,1.00,1.37
2016.04.22 15:12:41.992,2.09761,2.09819,1.00,1.75
2016.04.22 15:12:42.520,2.09762,2.09819,1.00,1.75
2016.04.22 15:12:42.782,2.09762,2.09819,1.00,1.50
2016.04.22 15:12:42.833,2.09762,2.09819,1.00,1.50
2016.04.22 15:12:43.338,2.09762,2.09819,1.00,1.37
2016.04.22 15:12:43.979,2.09762,2.09819,1.00,1.75
2016.04.22 15:12:44.283,2.09762,2.09824,1.50,1.37
2016.04.22 15:12:44.587,2.09762,2.09824,1.00,1.75
2016.04.22 15:12:44.689,2.09762,2.09824,1.00,1.75
2016.04.22 15:12:44.791,2.09761,2.09825,3.00,1.75
2016.04.22 15:12:45.110,2.09761,2.09817,2.62,1.00
2016.04.22 15:12:45.211,2.09761,2.09825,2.62,1.75
2016.04.22 15:12:45.313,2.09761,2.09825,2.25,1.75
2016.04.22 15:12:45.515,2.09761,2.09825,1.50,1.75
2016.04.22 15:12:45.717,2.09755,2.09819,1.00,2.25
2016.04.22 15:12:45.819,2.09755,2.09819,1.00,1.75
2016.04.22 15:12:46.038,2.09755,2.09819,1.37,1.75
2016.04.22 15:12:46.089,2.09755,2.09819,1.75,1.75
2016.04.22 15:12:46.140,2.09761,2.09819,1.00,1.75
2016.04.22 15:12:46.343,2.09761,2.09821,1.00,1.75
2016.04.22 15:12:46.394,2.09761,2.09821,1.00,1.75
2016.04.22 15:12:46.708,2.09761,2.09821,1.00,1.75
2016.04.22 15:12:47.086,2.09761,2.09822,1.00,1.75
2016.04.22 15:12:47.137,2.09761,2.09822,1.00,1.75
2016.04.22 15:12:47.311,2.09761,2.09822,1.00,1.75
2016.04.22 15:12:47.514,2.09761,2.09821,1.50,1.75
2016.04.22 15:12:47.817,2.09761,2.09825,1.00,1.75
2016.04.22 15:12:47.918,2.09761,2.09825,1.50,1.75
2016.04.22 15:12:48.092,2.0976,2.09825,1.37,1.75
2016.04.22 15:12:48.245,2.09761,2.09825,1.37,1.75
2016.04.22 15:12:48.548,2.09762,2.09825,1.00,1.75
2016.04.22 15:12:48.851,2.09762,2.09819,1.00,1.75
2016.04.22 15:12:49.058,2.09755,2.09819,1.37,1.75
2016.04.22 15:12:49.362,2.09755,2.09819,1.12,1.75
2016.04.22 15:12:49.465,2.09762,2.09819,1.00,1.75
2016.04.22 15:12:50.737,2.09762,2.09819,1.00,1.75
2016.04.22 15:12:50.788,2.09755,2.09819,1.37,1.75
2016.04.22 15:12:50.839,2.09755,2.09819,1.12,1.75
2016.04.22 15:12:50.941,2.09755,2.09819,1.12,1.75
2016.04.22 15:12:51.487,2.09755,2.09819,1.12,1.75
2016.04.22 15:12:51.538,2.09763,2.09821,1.37,1.37
2016.04.22 15:12:51.842,2.09782,2.09826,1.00,1.37
2016.04.22 15:12:52.095,2.09772,2.09826,1.00,1.37
2016.04.22 15:12:52.273,2.09764,2.09824,1.37,1.00
2016.04.22 15:12:52.332,2.09765,2.09826,1.75,1.12
2016.04.22 15:12:52.855,2.09764,2.09826,1.00,1.75
2016.04.22 15:12:53.058,2.09764,2.09826,1.37,1.50
2016.04.22 15:12:53.687,2.09764,2.09829,1.12,1.75
2016.04.22 15:12:54.074,2.09765,2.09829,1.00,1.75
2016.04.22 15:12:54.276,2.09756,2.09822,1.50,1.75
2016.04.22 15:12:54.378,2.09757,2.09822,1.00,1.75
2016.04.22 15:12:54.479,2.09757,2.09822,1.00,1.75
2016.04.22 15:12:54.740,2.09761,2.09822,1.00,1.75
2016.04.22 15:12:54.791,2.09761,2.09822,1.12,1.75
2016.04.22 15:12:55.165,2.09761,2.09822,1.00,1.75
2016.04.22 15:12:55.266,2.09757,2.09822,1.00,1.75
2016.04.22 15:12:55.519,2.09756,2.09822,1.87,1.75
2016.04.22 15:12:56.196,2.09756,2.09822,1.87,1.75
2016.04.22 15:12:56.297,2.09761,2.09822,1.12,1.75
2016.04.22 15:12:56.736,2.09761,2.09822,1.12,1.75
2016.04.22 15:12:57.045,2.09762,2.09822,1.00,1.75
2016.04.22 15:12:57.097,2.09762,2.09822,1.00,1.75
2016.04.22 15:12:57.198,2.09761,2.09822,1.00,1.75
2016.04.22 15:12:57.301,2.09762,2.09822,1.12,1.75
2016.04.22 15:12:57.702,2.09772,2.09827,1.00,1.75
2016.04.22 15:12:57.978,2.09781,2.09836,1.00,1.00
2016.04.22 15:12:58.033,2.09784,2.09836,1.00,1.00
2016.04.22 15:12:58.084,2.09784,2.09848,1.00,1.75
2016.04.22 15:12:58.185,2.09784,2.09848,1.00,1.75
2016.04.22 15:12:58.497,2.09781,2.09842,1.00,1.75
2016.04.22 15:12:58.599,2.09781,2.09842,1.00,1.75
2016.04.22 15:12:58.700,2.09782,2.09842,1.00,1.75
2016.04.22 15:12:58.801,2.09778,2.09842,1.00,2.25
2016.04.22 15:12:58.903,2.09778,2.09842,1.00,2.25
2016.04.22 15:12:59.048,2.09778,2.09842,1.00,2.25
2016.04.22 15:12:59.099,2.09778,2.09842,1.00,2.25
2016.04.22 15:12:59.504,2.09778,2.09841,1.00,1.75
2016.04.22 15:12:59.837,2.09778,2.09841,1.00,1.75
2016.04.22 15:12:59.893,2.09772,2.09836,1.12,1.75
2016.04.22 15:13:00.136,2.09781,2.09836,1.00,1.75
2016.04.22 15:13:00.187,2.09781,2.09836,1.00,1.50
2016.04.22 15:13:00.592,2.09772,2.09836,1.75,1.37
2016.04.22 15:13:00.845,2.09777,2.09841,1.75,1.75
2016.04.22 15:13:00.896,2.09777,2.09841,1.75,1.75
2016.04.22 15:13:01.219,2.09802,2.09849,1.00,1.37
2016.04.22 15:13:01.270,2.09802,2.0985,1.00,1.00
2016.04.22 15:13:01.371,2.09812,2.09852,1.00,1.37
2016.04.22 15:13:01.473,2.09802,2.09852,1.37,1.00
2016.04.22 15:13:01.911,2.09796,2.09852,1.75,1.00
2016.04.22 15:13:02.063,2.09796,2.09852,1.75,1.00
2016.04.22 15:13:02.114,2.09796,2.09852,1.37,1.37
2016.04.22 15:13:02.215,2.09796,2.09852,1.00,1.75
2016.04.22 15:13:02.423,2.09796,2.09852,1.37,1.00
2016.04.22 15:13:02.650,2.09796,2.09852,1.50,1.37
2016.04.22 15:13:02.702,2.09801,2.09852,1.00,1.37
2016.04.22 15:13:02.803,2.09796,2.09852,1.00,1.37
2016.04.22 15:13:03.309,2.09796,2.09852,1.37,1.37
2016.04.22 15:13:03.793,2.09796,2.0986,1.00,1.87
2016.04.22 15:13:04.298,2.09796,2.0986,1.00,1.87
2016.04.22 15:13:04.917,2.09796,2.09857,1.37,1.75
2016.04.22 15:13:05.018,2.09801,2.09857,1.00,1.37
2016.04.22 15:13:05.170,2.09791,2.09855,1.00,1.75
2016.04.22 15:13:05.220,2.09801,2.09855,1.00,1.75
2016.04.22 15:13:05.322,2.09791,2.09855,1.00,1.75
2016.04.22 15:13:05.791,2.09795,2.09856,1.00,1.75
2016.04.22 15:13:05.842,2.09795,2.09856,1.00,1.75
2016.04.22 15:13:05.893,2.09795,2.09856,1.00,1.75
2016.04.22 15:13:05.945,2.09795,2.09856,1.37,1.75
2016.04.22 15:13:05.995,2.09802,2.09857,1.00,1.50
2016.04.22 15:13:06.198,2.09801,2.09867,1.87,1.75
2016.04.22 15:13:06.249,2.09804,2.09867,1.00,1.75
2016.04.22 15:13:06.350,2.09801,2.09867,2.25,1.75
2016.04.22 15:13:06.502,2.09801,2.09867,1.87,1.75
2016.04.22 15:13:06.553,2.09801,2.09867,1.37,1.75
2016.04.22 15:13:06.869,2.09802,2.09867,1.37,2.25
2016.04.22 15:13:06.920,2.09802,2.09859,1.00,1.00
2016.04.22 15:13:07.224,2.09802,2.09867,1.50,1.75
2016.04.22 15:13:07.326,2.09802,2.09863,1.75,1.00
2016.04.22 15:13:07.528,2.09801,2.09867,2.25,1.75
2016.04.22 15:13:07.811,2.09801,2.09867,2.25,1.75
2016.04.22 15:13:07.912,2.09802,2.09861,1.00,1.75
2016.04.22 15:13:08.175,2.09796,2.09859,1.00,1.75
2016.04.22 15:13:08.327,2.09801,2.09858,1.00,1.75
2016.04.22 15:13:08.866,2.09802,2.09859,1.00,1.75
2016.04.22 15:13:09.169,2.09822,2.0987,1.00,1.50
2016.04.22 15:13:09.220,2.09822,2.09871,1.00,1.37
2016.04.22 15:13:09.372,2.09822,2.0987,1.00,1.37
2016.04.22 15:13:09.692,2.09821,2.0987,1.00,1.75
2016.04.22 15:13:09.743,2.09812,2.0987,1.00,1.75
2016.04.22 15:13:10.068,2.09812,2.0987,1.00,1.75
2016.04.22 15:13:10.472,2.09811,2.0987,1.00,2.25
2016.04.22 15:13:10.689,2.09799,2.09857,1.00,1.75
2016.04.22 15:13:10.741,2.09793,2.09857,1.12,1.75
2016.04.22 15:13:10.842,2.09793,2.09857,1.00,1.75
2016.04.22 15:13:10.944,2.09793,2.09848,1.37,1.00
2016.04.22 15:13:11.349,2.09792,2.09853,1.00,1.75
2016.04.22 15:13:11.654,2.09792,2.09853,1.00,1.75
2016.04.22 15:13:11.958,2.09792,2.09853,1.00,2.25
2016.04.22 15:13:12.373,2.09791,2.09848,1.00,1.75
2016.04.22 15:13:12.596,2.09802,2.09858,1.00,1.75
2016.04.22 15:13:12.850,2.09801,2.09861,1.37,1.75
2016.04.22 15:13:12.902,2.09801,2.09865,1.75,1.75
2016.04.22 15:13:13.055,2.09811,2.09865,1.00,1.75
2016.04.22 15:13:13.157,2.09801,2.09865,1.37,1.75
2016.04.22 15:13:13.359,2.09801,2.09865,1.00,1.75
2016.04.22 15:13:13.690,2.09802,2.09865,1.00,1.75
2016.04.22 15:13:14.095,2.09801,2.09865,1.37,1.75
2016.04.22 15:13:14.198,2.09801,2.09865,1.12,1.75
2016.04.22 15:13:14.504,2.09801,2.09865,1.50,1.75
2016.04.22 15:13:14.805,2.09799,2.09865,1.37,1.75
2016.04.22 15:13:14.856,2.09798,2.09859,1.00,1.75
2016.04.22 15:13:14.907,2.09793,2.09853,1.12,1.75
2016.04.22 15:13:14.958,2.09793,2.09853,1.00,1.75
2016.04.22 15:13:15.262,2.09792,2.09848,1.00,2.25
2016.04.22 15:13:15.892,2.09784,2.0984,1.12,1.00
2016.04.22 15:13:15.994,2.09783,2.0984,1.12,1.37
2016.04.22 15:13:16.146,2.09772,2.09833,1.00,1.75
2016.04.22 15:13:16.197,2.09772,2.09833,1.00,1.75
2016.04.22 15:13:17.021,2.09771,2.09824,1.00,1.00
2016.04.22 15:13:17.072,2.09771,2.09833,1.00,1.75
2016.04.22 15:13:17.275,2.09771,2.09832,1.75,1.75
2016.04.22 15:13:17.325,2.09775,2.09832,1.00,1.75
2016.04.22 15:13:17.629,2.09781,2.09839,1.12,1.75
2016.04.22 15:13:17.882,2.09781,2.09839,1.37,1.12
2016.04.22 15:13:18.007,2.09781,2.09839,1.12,1.50
2016.04.22 15:13:18.312,2.09781,2.09839,1.00,1.75
2016.04.22 15:13:18.817,2.09782,2.09839,1.00,1.75
2016.04.22 15:13:19.154,2.09782,2.09839,1.00,1.75
2016.04.22 15:13:19.306,2.09782,2.09839,1.00,1.75
2016.04.22 15:13:19.509,2.09782,2.09839,1.00,1.75
2016.04.22 15:13:20.333,2.09775,2.09826,1.12,1.75
2016.04.22 15:13:20.385,2.09772,2.09818,1.00,1.75
2016.04.22 15:13:20.436,2.09754,2.09813,1.37,1.37
2016.04.22 15:13:20.487,2.09752,2.09809,1.12,1.37
2016.04.22 15:13:20.589,2.09752,2.09802,1.00,1.37
2016.04.22 15:13:20.640,2.09742,2.09799,1.75,1.00
2016.04.22 15:13:20.691,2.09742,2.09794,1.37,1.00
2016.04.22 15:13:20.742,2.09733,2.09794,1.75,1.00
2016.04.22 15:13:20.795,2.09735,2.09801,1.75,1.75
2016.04.22 15:13:20.947,2.09735,2.09801,1.75,1.37
2016.04.22 15:13:20.998,2.09735,2.09801,1.75,1.37
2016.04.22 15:13:21.169,2.09751,2.09801,1.00,1.50
2016.04.22 15:13:21.422,2.09751,2.0981,1.00,1.75
2016.04.22 15:13:21.625,2.09751,2.09804,1.00,1.75
2016.04.22 15:13:21.929,2.09751,2.09804,1.00,1.75
2016.04.22 15:13:22.030,2.09751,2.09804,1.00,1.75
2016.04.22 15:13:22.572,2.09752,2.09804,1.00,1.75
2016.04.22 15:13:22.724,2.09752,2.09804,1.00,1.12
2016.04.22 15:13:22.826,2.09751,2.09804,1.00,1.12
2016.04.22 15:13:22.877,2.09751,2.09804,1.00,1.12
2016.04.22 15:13:22.978,2.09752,2.09804,1.00,1.12
2016.04.22 15:13:23.029,2.09752,2.09804,1.00,1.12
2016.04.22 15:13:23.080,2.09752,2.09804,1.00,1.12
2016.04.22 15:13:23.410,2.09752,2.09804,1.00,1.12
2016.04.22 15:13:23.713,2.09741,2.09798,1.00,1.75
2016.04.22 15:13:23.916,2.09742,2.09792,1.00,1.75
2016.04.22 15:13:23.967,2.09732,2.09784,1.00,1.75
2016.04.22 15:13:24.019,2.09732,2.09784,1.00,1.75
2016.04.22 15:13:24.070,2.09741,2.09784,1.00,1.50
2016.04.22 15:13:24.735,2.09732,2.09784,1.00,1.12
2016.04.22 15:13:24.937,2.09742,2.09784,1.00,1.37
2016.04.22 15:13:25.139,2.09741,2.09792,1.00,1.75
2016.04.22 15:13:25.256,2.09741,2.09792,1.00,1.75
2016.04.22 15:13:25.509,2.09726,2.09792,1.75,1.75
2016.04.22 15:13:25.913,2.09732,2.09786,1.37,1.00
2016.04.22 15:13:26.015,2.09732,2.09792,1.37,1.50
2016.04.22 15:13:26.066,2.09731,2.09795,2.25,1.50
2016.04.22 15:13:26.167,2.09734,2.09798,1.75,1.50
2016.04.22 15:13:26.352,2.09734,2.09798,1.75,1.50
2016.04.22 15:13:26.656,2.09731,2.09796,2.25,1.75
2016.04.22 15:13:26.758,2.09731,2.09796,2.25,1.75
2016.04.22 15:13:26.961,2.09734,2.09796,1.00,1.75
2016.04.22 15:13:27.265,2.09741,2.09803,1.00,1.75
2016.04.22 15:13:27.494,2.09737,2.09801,1.12,1.75
2016.04.22 15:13:27.831,2.09737,2.09803,1.00,2.25
2016.04.22 15:13:28.236,2.09737,2.09801,1.00,1.75
2016.04.22 15:13:28.763,2.09737,2.09803,1.00,1.75
2016.04.22 15:13:29.444,2.09737,2.09803,1.00,1.75
2016.04.22 15:13:29.546,2.09737,2.09803,1.37,1.75
2016.04.22 15:13:29.597,2.09737,2.09803,1.37,1.75
2016.04.22 15:13:29.648,2.09737,2.09803,1.00,1.75
2016.04.22 15:13:29.873,2.09734,2.09797,1.37,1.75
2016.04.22 15:13:30.127,2.0974,2.09795,1.00,1.75
2016.04.22 15:13:30.178,2.0974,2.09799,1.00,1.75
2016.04.22 15:13:30.230,2.09752,2.09805,1.00,1.75
2016.04.22 15:13:30.282,2.09752,2.09804,1.00,1.75
2016.04.22 15:13:30.434,2.09742,2.098,1.00,1.75
2016.04.22 15:13:30.485,2.09742,2.098,1.00,1.75
2016.04.22 15:13:30.887,2.09742,2.09793,1.00,1.87
2016.04.22 15:13:31.041,2.09742,2.09793,1.00,1.87
2016.04.22 15:13:31.092,2.09731,2.09793,1.00,1.87
2016.04.22 15:13:31.449,2.09736,2.09795,1.37,1.87
2016.04.22 15:13:31.501,2.09736,2.09795,1.37,1.87
2016.04.22 15:13:31.603,2.09736,2.09793,1.37,1.12
2016.04.22 15:13:31.931,2.09741,2.09793,1.00,1.37
2016.04.22 15:13:31.984,2.09741,2.09797,1.00,1.12
2016.04.22 15:13:32.186,2.09742,2.09793,1.00,1.37
2016.04.22 15:13:32.692,2.09742,2.09799,1.37,1.12
2016.04.22 15:13:32.969,2.09752,2.09798,1.00,1.12
2016.04.22 15:13:33.224,2.09752,2.09809,1.37,1.37
2016.04.22 15:13:33.275,2.09752,2.09811,1.75,1.37
2016.04.22 15:13:33.376,2.09751,2.09811,2.25,1.12
2016.04.22 15:13:33.579,2.09752,2.09809,1.00,1.12
2016.04.22 15:13:33.905,2.09752,2.09807,1.00,1.75
2016.04.22 15:13:33.956,2.09747,2.09807,1.00,1.75
2016.04.22 15:13:34.861,2.09751,2.09807,1.37,1.37
2016.04.22 15:13:34.996,2.09751,2.09809,1.75,1.37
2016.04.22 15:13:35.097,2.09752,2.09813,1.75,2.25
2016.04.22 15:13:35.199,2.09754,2.09815,1.75,1.12
2016.04.22 15:13:35.402,2.09754,2.09814,1.75,1.00
2016.04.22 15:13:35.714,2.09754,2.09815,1.75,1.50
2016.04.22 15:13:35.816,2.09751,2.09813,1.50,1.75
2016.04.22 15:13:35.867,2.09751,2.09813,1.37,1.75
2016.04.22 15:13:35.918,2.09747,2.09813,1.37,1.75
2016.04.22 15:13:36.284,2.09748,2.09813,1.00,1.75
2016.04.22 15:13:36.690,2.09747,2.09812,1.75,1.75
2016.04.22 15:13:36.893,2.09747,2.09813,1.75,1.75
2016.04.22 15:13:37.197,2.09747,2.09813,1.75,1.75
2016.04.22 15:13:37.299,2.09747,2.09813,1.12,1.75
2016.04.22 15:13:37.603,2.09747,2.09811,1.00,1.75
2016.04.22 15:13:37.704,2.09747,2.09811,1.12,1.75
2016.04.22 15:13:38.110,2.09748,2.09807,1.00,1.50
2016.04.22 15:13:38.442,2.09747,2.09806,1.75,1.75
2016.04.22 15:13:38.493,2.09747,2.09806,1.75,1.75
2016.04.22 15:13:38.998,2.09747,2.09806,1.75,1.50
2016.04.22 15:13:39.100,2.09747,2.09806,1.75,1.75
2016.04.22 15:13:39.435,2.09747,2.09807,1.37,1.75
2016.04.22 15:13:39.486,2.09747,2.09807,1.37,1.75
2016.04.22 15:13:39.639,2.09742,2.09806,2.25,2.25
2016.04.22 15:13:39.690,2.09742,2.09806,1.37,3.00
2016.04.22 15:13:39.842,2.09742,2.09805,1.50,1.75
2016.04.22 15:13:39.893,2.09742,2.098,1.00,1.50
2016.04.22 15:13:40.298,2.09736,2.09797,1.50,1.75
2016.04.22 15:13:40.433,2.09736,2.09797,1.12,1.75
2016.04.22 15:13:40.838,2.09736,2.09798,1.00,1.75
2016.04.22 15:13:41.439,2.09736,2.09797,1.37,1.75
2016.04.22 15:13:41.544,2.09738,2.098,1.75,1.75
2016.04.22 15:13:41.595,2.09738,2.098,1.50,1.75
2016.04.22 15:13:41.697,2.09737,2.098,1.37,1.75
2016.04.22 15:13:41.749,2.09741,2.098,1.00,1.75
2016.04.22 15:13:42.104,2.09737,2.098,1.12,1.75
2016.04.22 15:13:42.306,2.09738,2.098,1.00,1.75
2016.04.22 15:13:42.608,2.09726,2.09791,1.50,1.75
2016.04.22 15:13:42.711,2.09726,2.09791,1.12,1.75
2016.04.22 15:13:43.318,2.09722,2.09786,1.50,1.75
2016.04.22 15:13:43.719,2.09722,2.0978,1.50,1.00
2016.04.22 15:13:43.820,2.09721,2.09786,1.75,1.75
2016.04.22 15:13:44.392,2.09721,2.09786,1.75,1.75
2016.04.22 15:13:44.696,2.09721,2.09786,1.75,1.50
2016.04.22 15:13:44.938,2.09727,2.09789,1.75,1.75
2016.04.22 15:13:45.039,2.09727,2.09788,1.75,1.75
2016.04.22 15:13:45.241,2.09731,2.09792,1.75,1.75
2016.04.22 15:13:45.343,2.09732,2.09792,1.75,1.50
2016.04.22 15:13:45.889,2.09732,2.09792,1.75,1.00
2016.04.22 15:13:46.140,2.09739,2.09794,1.12,1.00
2016.04.22 15:13:46.191,2.09751,2.09794,1.00,1.00
2016.04.22 15:13:46.242,2.09751,2.09806,1.00,2.25
2016.04.22 15:13:46.344,2.09751,2.09806,1.12,1.50
2016.04.22 15:13:46.445,2.09752,2.09806,1.00,1.12
2016.04.22 15:13:46.598,2.09762,2.09806,1.00,1.50
2016.04.22 15:13:46.847,2.09752,2.0981,1.00,1.75
2016.04.22 15:13:46.952,2.09752,2.0981,1.00,1.75
2016.04.22 15:13:47.155,2.09751,2.09807,1.00,1.75
2016.04.22 15:13:47.358,2.09744,2.09807,1.00,1.75
2016.04.22 15:13:47.409,2.09742,2.09803,1.00,1.75
2016.04.22 15:13:47.460,2.09742,2.09803,1.00,1.75
2016.04.22 15:13:47.824,2.09741,2.09798,1.00,1.75
2016.04.22 15:13:47.931,2.09732,2.09798,1.50,1.75
2016.04.22 15:13:48.234,2.09732,2.09788,1.00,1.00
2016.04.22 15:13:48.336,2.09732,2.0979,1.37,1.00
2016.04.22 15:13:48.883,2.09732,2.09798,1.75,1.75
2016.04.22 15:13:49.186,2.09732,2.09798,2.25,1.75
2016.04.22 15:13:49.628,2.09732,2.09798,1.87,1.75
2016.04.22 15:13:50.159,2.09732,2.09798,1.87,1.75
2016.04.22 15:13:50.563,2.09732,2.09798,2.25,1.75
2016.04.22 15:13:50.664,2.09732,2.09793,2.25,1.00
2016.04.22 15:13:50.766,2.09732,2.09798,2.25,1.75
2016.04.22 15:13:51.025,2.09741,2.09798,1.00,1.75
2016.04.22 15:13:51.203,2.09732,2.09798,1.75,1.75
2016.04.22 15:13:51.254,2.09732,2.09798,1.37,1.75
2016.04.22 15:13:51.356,2.09732,2.09798,1.00,2.25
2016.04.22 15:13:51.639,2.09732,2.09797,1.75,1.75
2016.04.22 15:13:52.275,2.09732,2.09792,1.87,1.75
2016.04.22 15:13:52.377,2.09738,2.09791,1.00,1.75
2016.04.22 15:13:52.479,2.09741,2.09791,1.00,1.12
2016.04.22 15:13:52.580,2.09741,2.09799,1.00,1.75
2016.04.22 15:13:52.985,2.09741,2.09799,1.12,1.50
2016.04.22 15:13:53.196,2.09751,2.09799,1.00,1.50
2016.04.22 15:13:53.550,2.09752,2.09809,1.00,1.75
2016.04.22 15:13:53.769,2.09752,2.09809,1.50,1.75
2016.04.22 15:13:54.173,2.09752,2.09809,1.00,1.75
2016.04.22 15:13:54.720,2.09752,2.09813,1.87,1.75
2016.04.22 15:13:55.075,2.09752,2.09813,1.87,1.75
2016.04.22 15:13:55.176,2.09752,2.09812,1.50,1.75
2016.04.22 15:13:55.505,2.09746,2.09804,1.00,1.75
2016.04.22 15:13:55.557,2.09746,2.09804,1.00,1.75
2016.04.22 15:13:55.662,2.09741,2.09804,1.00,3.00
2016.04.22 15:13:56.077,2.09751,2.09804,1.00,2.25
2016.04.22 15:13:56.179,2.09752,2.09808,1.00,1.12
2016.04.22 15:13:56.280,2.09752,2.09812,1.00,1.75
2016.04.22 15:13:56.640,2.09751,2.09812,1.37,1.75
2016.04.22 15:13:56.691,2.09751,2.09812,1.00,2.25
2016.04.22 15:13:57.095,2.09751,2.09812,1.00,3.00
2016.04.22 15:13:57.600,2.09752,2.09812,1.00,3.00
2016.04.22 15:13:57.845,2.09746,2.09811,1.00,1.75
2016.04.22 15:13:58.149,2.09751,2.0981,1.00,1.75
2016.04.22 15:13:58.454,2.09751,2.09812,1.00,2.25
2016.04.22 15:13:58.935,2.09752,2.09812,1.00,3.00
2016.04.22 15:13:59.036,2.09742,2.09795,1.75,1.00
2016.04.22 15:13:59.087,2.09741,2.09795,1.50,1.37
2016.04.22 15:13:59.404,2.09731,2.09795,2.25,2.25
2016.04.22 15:13:59.984,2.09731,2.09795,2.62,2.25
2016.04.22 15:14:00.085,2.09731,2.09787,1.87,1.00
2016.04.22 15:14:00.136,2.09742,2.09787,1.00,1.00
2016.04.22 15:14:00.440,2.09741,2.09795,1.00,2.25
2016.04.22 15:14:00.491,2.09732,2.09794,1.12,1.75
2016.04.22 15:14:00.593,2.09732,2.09795,1.00,2.25
2016.04.22 15:14:01.191,2.09732,2.09795,1.00,2.25
2016.04.22 15:14:01.292,2.09732,2.09795,1.00,2.25
2016.04.22 15:14:01.394,2.09731,2.09789,1.00,1.75
2016.04.22 15:14:01.917,2.09732,2.09782,1.00,1.75
2016.04.22 15:14:02.169,2.09721,2.09782,1.37,1.75
2016.04.22 15:14:02.220,2.09721,2.09776,1.00,1.75
2016.04.22 15:14:02.474,2.09711,2.0977,1.00,1.75
2016.04.22 15:14:02.576,2.09722,2.09762,1.00,1.75
2016.04.22 15:14:02.728,2.09722,2.09758,1.00,1.00
2016.04.22 15:14:02.931,2.09722,2.09762,1.00,1.12
2016.04.22 15:14:03.153,2.09721,2.09765,1.00,1.00
2016.04.22 15:14:03.305,2.09722,2.09772,1.00,1.75
2016.04.22 15:14:03.457,2.09711,2.09771,1.87,1.75
2016.04.22 15:14:03.558,2.09722,2.09771,1.00,1.75
2016.04.22 15:14:03.710,2.09721,2.09771,1.00,1.75
2016.04.22 15:14:03.812,2.09721,2.09771,1.00,1.75
2016.04.22 15:14:04.378,2.09722,2.09771,1.00,1.75
2016.04.22 15:14:04.844,2.09721,2.09772,1.00,1.75
2016.04.22 15:14:05.752,2.09722,2.09772,1.00,1.75
2016.04.22 15:14:05.973,2.09711,2.09772,1.50,1.75
2016.04.22 15:14:06.369,2.09712,2.09771,1.12,1.75
2016.04.22 15:14:06.421,2.09712,2.09771,1.37,1.37
2016.04.22 15:14:06.624,2.09712,2.09771,1.12,1.75
2016.04.22 15:14:07.130,2.09711,2.09772,1.87,1.75
2016.04.22 15:14:07.348,2.09711,2.09771,1.50,1.75
2016.04.22 15:14:07.754,2.09712,2.09771,1.00,1.75
2016.04.22 15:14:08.266,2.09711,2.09771,1.00,1.75
2016.04.22 15:14:08.579,2.09711,2.09771,1.00,2.25
2016.04.22 15:14:08.630,2.09711,2.09771,1.00,2.25
2016.04.22 15:14:08.731,2.09712,2.09771,1.00,1.75
2016.04.22 15:14:08.833,2.09712,2.09771,1.12,1.75
2016.04.22 15:14:08.936,2.09711,2.09771,1.00,2.25
2016.04.22 15:14:09.515,2.09712,2.0977,1.00,1.75
2016.04.22 15:14:09.769,2.09702,2.09766,1.00,1.75
2016.04.22 15:14:09.934,2.09702,2.09766,1.12,1.75
2016.04.22 15:14:10.536,2.09702,2.09766,1.00,1.75
2016.04.22 15:14:10.670,2.09702,2.09766,1.00,1.75
2016.04.22 15:14:10.975,2.09711,2.09763,1.00,1.50
2016.04.22 15:14:11.077,2.09701,2.09762,1.12,1.75
2016.04.22 15:14:11.178,2.09702,2.09763,1.00,1.75
2016.04.22 15:14:11.384,2.09702,2.09763,1.00,1.75
2016.04.22 15:14:11.486,2.09702,2.09763,1.00,1.75
2016.04.22 15:14:11.831,2.09711,2.09763,1.00,1.75
2016.04.22 15:14:12.153,2.09711,2.09763,1.00,1.75
2016.04.22 15:14:12.356,2.09711,2.09763,1.00,1.37
2016.04.22 15:14:13.248,2.09711,2.09762,1.00,1.75
2016.04.22 15:14:13.299,2.09707,2.09762,1.00,1.75
2016.04.22 15:14:13.637,2.09711,2.09762,1.00,1.75
2016.04.22 15:14:13.738,2.09707,2.09762,1.00,1.75
2016.04.22 15:14:13.961,2.09712,2.09763,1.00,1.75
2016.04.22 15:14:14.012,2.09712,2.09763,1.00,1.37
2016.04.22 15:14:14.554,2.09712,2.09774,1.50,1.87
2016.04.22 15:14:14.655,2.09712,2.09774,1.37,1.75
2016.04.22 15:14:14.757,2.09712,2.09775,1.75,1.75
2016.04.22 15:14:14.858,2.09712,2.09775,1.75,1.75
2016.04.22 15:14:14.959,2.09712,2.09775,1.12,1.75
2016.04.22 15:14:15.292,2.09729,2.09792,1.00,1.75
2016.04.22 15:14:15.343,2.09722,2.09788,1.87,1.75
2016.04.22 15:14:15.444,2.09723,2.09788,1.50,1.75
2016.04.22 15:14:15.496,2.09731,2.09783,1.00,1.00
2016.04.22 15:14:16.032,2.09732,2.09788,1.00,1.75
2016.04.22 15:14:16.387,2.09725,2.09788,1.00,1.75
2016.04.22 15:14:16.489,2.09723,2.09788,1.87,1.75
2016.04.22 15:14:16.794,2.09734,2.09794,1.00,1.75
2016.04.22 15:14:17.060,2.09723,2.09786,2.62,1.50
2016.04.22 15:14:17.111,2.09723,2.09786,1.87,1.50
2016.04.22 15:14:17.162,2.09722,2.09781,1.00,1.75
2016.04.22 15:14:17.264,2.09731,2.09781,1.00,2.25
2016.04.22 15:14:17.365,2.09722,2.09781,1.00,2.25
2016.04.22 15:14:17.416,2.09722,2.09781,1.00,2.25
2016.04.22 15:14:17.720,2.09731,2.0978,1.00,1.75
2016.04.22 15:14:18.028,2.09731,2.0978,1.00,1.75
2016.04.22 15:14:18.079,2.09731,2.0978,1.00,1.75
2016.04.22 15:14:18.588,2.09731,2.0978,1.00,1.75
2016.04.22 15:14:19.012,2.09722,2.09773,1.00,1.00
2016.04.22 15:14:19.168,2.09731,2.09781,1.00,2.25
2016.04.22 15:14:19.319,2.09731,2.0978,1.00,1.75
2016.04.22 15:14:19.781,2.09721,2.09781,1.00,2.25
2016.04.22 15:14:19.882,2.09722,2.0978,1.00,1.75
2016.04.22 15:14:20.212,2.09722,2.09771,1.00,1.75
2016.04.22 15:14:20.784,2.09722,2.09772,1.00,1.75
2016.04.22 15:14:20.886,2.09721,2.09771,1.00,1.75
2016.04.22 15:14:20.937,2.09712,2.09771,1.12,1.75
2016.04.22 15:14:21.038,2.09722,2.09772,1.00,1.75
2016.04.22 15:14:21.313,2.09712,2.09766,1.50,1.00
2016.04.22 15:14:21.364,2.09712,2.09772,1.50,1.75
2016.04.22 15:14:22.240,2.09712,2.09772,1.50,1.75
2016.04.22 15:14:22.512,2.09712,2.09771,1.87,1.75
2016.04.22 15:14:22.563,2.09712,2.09771,1.75,1.37
2016.04.22 15:14:23.123,2.09712,2.09772,2.25,1.37
2016.04.22 15:14:23.999,2.09712,2.09771,2.25,1.37
2016.04.22 15:14:25.323,2.09712,2.09772,1.87,1.75
2016.04.22 15:14:25.547,2.09712,2.09767,1.37,1.00
2016.04.22 15:14:25.799,2.09703,2.09761,1.00,1.50
2016.04.22 15:14:26.305,2.09703,2.09767,1.12,1.75
2016.04.22 15:14:26.650,2.09703,2.09767,1.00,1.75
2016.04.22 15:14:27.178,2.09703,2.09767,1.00,1.75
2016.04.22 15:14:27.279,2.09703,2.09767,1.00,1.75
2016.04.22 15:14:27.630,2.09703,2.09767,1.00,2.25
2016.04.22 15:14:27.955,2.09703,2.09767,1.00,2.25
2016.04.22 15:14:28.107,2.09701,2.0976,1.00,1.75
2016.04.22 15:14:28.158,2.09701,2.0976,1.00,1.75
2016.04.22 15:14:28.475,2.09702,2.09753,1.00,1.12
2016.04.22 15:14:28.526,2.09692,2.09749,1.00,1.75
2016.04.22 15:14:28.628,2.09702,2.09744,1.00,1.75
2016.04.22 15:14:28.731,2.09702,2.09733,1.00,1.00
2016.04.22 15:14:28.832,2.09692,2.09738,1.00,1.75
2016.04.22 15:14:28.883,2.09692,2.09737,1.00,1.00
2016.04.22 15:14:29.035,2.09691,2.09744,1.00,1.75
2016.04.22 15:14:29.338,2.09692,2.09735,1.00,1.75
2016.04.22 15:14:29.771,2.09691,2.09736,1.00,1.75
2016.04.22 15:14:29.872,2.09691,2.09736,1.00,1.75
2016.04.22 15:14:29.923,2.09691,2.09735,1.00,1.00
2016.04.22 15:14:30.226,2.09691,2.09744,1.00,1.75
2016.04.22 15:14:30.327,2.09691,2.09744,1.00,1.75
2016.04.22 15:14:30.496,2.09702,2.09745,1.00,1.75
2016.04.22 15:14:30.651,2.09691,2.09745,1.00,1.75
2016.04.22 15:14:31.199,2.09691,2.0975,1.00,2.62
2016.04.22 15:14:31.636,2.09684,2.0975,1.00,2.62
2016.04.22 15:14:31.738,2.09684,2.0975,1.37,2.62
2016.04.22 15:14:32.190,2.09692,2.0975,1.00,2.62
2016.04.22 15:14:32.240,2.09692,2.09742,1.00,1.00
2016.04.22 15:14:32.798,2.09692,2.0975,1.00,1.87
2016.04.22 15:14:33.082,2.09692,2.0975,1.00,1.87
2016.04.22 15:14:33.133,2.09692,2.0975,1.00,1.87
2016.04.22 15:14:33.436,2.09691,2.09743,1.00,1.37
2016.04.22 15:14:33.588,2.09692,2.09742,1.00,1.37
2016.04.22 15:14:33.690,2.09684,2.09742,1.50,1.37
2016.04.22 15:14:33.968,2.09691,2.09742,1.00,1.37
2016.04.22 15:14:34.069,2.09691,2.09743,1.00,1.50
2016.04.22 15:14:34.171,2.09684,2.09742,1.50,1.00
2016.04.22 15:14:34.222,2.09684,2.0975,1.75,1.75
2016.04.22 15:14:34.274,2.09691,2.0975,1.00,1.75
2016.04.22 15:14:34.591,2.09691,2.0975,1.00,1.75
2016.04.22 15:14:35.137,2.09691,2.0975,1.00,1.75
2016.04.22 15:14:35.757,2.09691,2.09745,1.00,1.75
2016.04.22 15:14:36.360,2.09683,2.09745,1.12,1.75
2016.04.22 15:14:36.710,2.09683,2.09745,1.75,1.75
2016.04.22 15:14:36.861,2.09684,2.09745,1.00,1.75
2016.04.22 15:14:37.064,2.09682,2.09745,2.62,1.75
2016.04.22 15:14:37.367,2.09692,2.09745,1.00,1.75
2016.04.22 15:14:37.468,2.09692,2.09745,1.00,1.75
2016.04.22 15:14:37.676,2.09683,2.09745,1.37,1.75
2016.04.22 15:14:37.753,2.09691,2.09745,1.00,1.75
2016.04.22 15:14:38.056,2.09702,2.09745,1.00,1.75
2016.04.22 15:14:38.309,2.09692,2.09745,1.00,1.75
2016.04.22 15:14:38.461,2.09691,2.09745,1.00,1.75
2016.04.22 15:14:38.963,2.09701,2.09745,1.00,1.75
2016.04.22 15:14:39.015,2.09701,2.09745,1.00,1.75
2016.04.22 15:14:39.319,2.09702,2.09745,1.00,1.75
2016.04.22 15:14:39.420,2.09702,2.09745,1.00,1.75
2016.04.22 15:14:39.724,2.09701,2.09745,1.00,1.75
2016.04.22 15:14:40.420,2.09701,2.09745,1.00,1.75
2016.04.22 15:14:41.188,2.09701,2.0975,1.00,1.75
2016.04.22 15:14:41.239,2.09701,2.0975,1.00,1.75
2016.04.22 15:14:41.616,2.09701,2.09751,1.00,1.75
2016.04.22 15:14:41.793,2.09701,2.09742,1.00,1.00
2016.04.22 15:14:42.001,2.09701,2.0975,1.00,1.75
2016.04.22 15:14:42.052,2.09701,2.0975,1.00,1.50
2016.04.22 15:14:42.204,2.09711,2.09751,1.00,1.37
2016.04.22 15:14:42.305,2.09701,2.09751,1.00,1.37
2016.04.22 15:14:42.887,2.09712,2.09751,1.00,1.37
2016.04.22 15:14:43.089,2.09711,2.09751,1.00,1.00
2016.04.22 15:14:43.192,2.09712,2.09753,1.00,1.12
2016.04.22 15:14:43.345,2.09711,2.09768,1.37,1.37
2016.04.22 15:14:43.396,2.09709,2.09768,1.00,1.37
2016.04.22 15:14:43.567,2.09702,2.09768,1.75,1.75
2016.04.22 15:14:43.871,2.09702,2.09768,1.75,1.37
2016.04.22 15:14:44.400,2.09712,2.0977,1.37,1.37
2016.04.22 15:14:44.560,2.09714,2.09778,1.50,1.87
2016.04.22 15:14:44.611,2.09721,2.09781,1.50,1.50
2016.04.22 15:14:44.663,2.09726,2.09783,1.00,1.75
2016.04.22 15:14:44.714,2.09726,2.09783,1.37,1.12
2016.04.22 15:14:44.766,2.09726,2.09788,1.50,1.75
2016.04.22 15:14:44.919,2.09726,2.09787,1.50,1.75
2016.04.22 15:14:45.172,2.09722,2.09785,1.75,1.75
2016.04.22 15:14:45.223,2.09722,2.09785,1.37,1.75
2016.04.22 15:14:45.541,2.09722,2.09785,1.00,2.25
2016.04.22 15:14:45.697,2.09722,2.09774,1.00,1.00
2016.04.22 15:14:46.201,2.09721,2.09785,1.00,1.75
2016.04.22 15:14:46.338,2.09721,2.09785,1.00,1.75
2016.04.22 15:14:47.207,2.09721,2.09783,1.37,1.75
2016.04.22 15:14:47.259,2.09732,2.09783,1.00,1.75
2016.04.22 15:14:47.310,2.09732,2.09785,1.00,1.75
2016.04.22 15:14:47.361,2.09732,2.09785,1.00,1.75
2016.04.22 15:14:47.463,2.09732,2.09785,1.00,1.50
2016.04.22 15:14:47.514,2.09732,2.09785,1.00,1.50
2016.04.22 15:14:48.136,2.09732,2.09785,1.00,1.75
2016.04.22 15:14:48.440,2.09732,2.09785,1.00,1.75
2016.04.22 15:14:48.647,2.09732,2.09785,1.00,1.75
2016.04.22 15:14:48.950,2.09731,2.09785,1.00,1.50
2016.04.22 15:14:49.350,2.09741,2.09785,1.00,1.50
2016.04.22 15:14:49.451,2.09731,2.09785,1.00,1.50
2016.04.22 15:14:49.801,2.09741,2.09785,1.00,1.50
2016.04.22 15:14:49.902,2.09731,2.09785,1.00,1.50
2016.04.22 15:14:50.054,2.09731,2.09785,1.00,1.75
2016.04.22 15:14:50.689,2.09732,2.09787,1.00,2.25
2016.04.22 15:14:50.993,2.09731,2.09783,1.00,1.75
2016.04.22 15:14:51.613,2.09731,2.0977,1.00,1.00
2016.04.22 15:14:51.954,2.09692,2.09748,1.75,1.75
2016.04.22 15:14:52.005,2.09692,2.09748,1.00,1.75
2016.04.22 15:14:52.056,2.09692,2.09753,1.37,1.75
2016.04.22 15:14:52.107,2.09702,2.09757,1.00,1.75
2016.04.22 15:14:52.158,2.09702,2.09757,1.00,1.37
2016.04.22 15:14:52.259,2.09702,2.09757,1.00,1.50
2016.04.22 15:14:52.360,2.09702,2.09757,1.00,1.50
2016.04.22 15:14:52.862,2.09711,2.09757,1.00,1.12
2016.04.22 15:14:53.173,2.09711,2.09757,1.00,1.75
2016.04.22 15:14:53.224,2.09701,2.09757,1.00,1.75
2016.04.22 15:14:53.275,2.09701,2.09757,1.00,1.75
2016.04.22 15:14:53.629,2.09694,2.09754,1.00,1.75
2016.04.22 15:14:53.907,2.09694,2.09757,1.50,1.75
2016.04.22 15:14:54.764,2.09694,2.09757,1.00,1.75
2016.04.22 15:14:55.258,2.09694,2.09749,1.00,1.00
2016.04.22 15:14:56.685,2.09694,2.09758,1.50,1.75
2016.04.22 15:14:56.939,2.09702,2.09764,1.37,1.12
2016.04.22 15:14:57.395,2.09711,2.09765,1.00,1.75
2016.04.22 15:14:57.837,2.09701,2.09765,1.75,1.75
2016.04.22 15:14:58.681,2.09701,2.09765,1.75,1.75
2016.04.22 15:14:59.196,2.09701,2.09765,1.50,1.75
2016.04.22 15:14:59.357,2.09712,2.09765,1.00,1.75
2016.04.22 15:15:00.068,2.09712,2.09765,1.00,1.75
2016.04.22 15:15:00.220,2.09712,2.09767,1.00,1.75
2016.04.22 15:15:00.486,2.09711,2.09768,1.00,1.75
2016.04.22 15:15:00.700,2.09721,2.09768,1.00,1.75
2016.04.22 15:15:01.206,2.09722,2.09778,1.00,1.75
2016.04.22 15:15:01.884,2.09722,2.09778,1.00,1.75
2016.04.22 15:15:02.578,2.09712,2.09778,1.12,1.75
2016.04.22 15:15:02.629,2.09712,2.09778,1.00,1.75
2016.04.22 15:15:02.971,2.09711,2.09768,1.00,1.75
2016.04.22 15:15:03.386,2.09711,2.09769,1.00,1.75
2016.04.22 15:15:03.487,2.09711,2.09763,1.00,1.00
2016.04.22 15:15:03.589,2.09711,2.09768,1.00,1.75
2016.04.22 15:15:03.791,2.09712,2.09768,1.00,1.75
2016.04.22 15:15:04.112,2.09711,2.09765,1.00,1.00
2016.04.22 15:15:04.365,2.09712,2.09766,1.00,1.75
2016.04.22 15:15:04.670,2.09712,2.09766,1.00,1.75
2016.04.22 15:15:04.973,2.09712,2.09766,1.00,1.75
2016.04.22 15:15:06.094,2.09712,2.09766,1.00,1.75
2016.04.22 15:15:06.196,2.09702,2.09761,1.00,1.75
2016.04.22 15:15:06.297,2.09702,2.09762,1.00,1.75
2016.04.22 15:15:06.838,2.09701,2.0976,1.00,1.75
2016.04.22 15:15:06.940,2.09711,2.0976,1.00,1.75
2016.04.22 15:15:07.699,2.09711,2.09758,1.00,1.00
2016.04.22 15:15:07.850,2.09711,2.0976,1.00,1.75
2016.04.22 15:15:07.952,2.09701,2.0976,1.00,1.75
2016.04.22 15:15:08.105,2.09701,2.0976,1.37,1.75
2016.04.22 15:15:08.206,2.09701,2.0976,1.37,1.75
2016.04.22 15:15:08.257,2.09711,2.0976,1.00,1.37
2016.04.22 15:15:09.420,2.09711,2.0976,1.00,1.37
2016.04.22 15:15:09.521,2.09712,2.09762,1.00,1.50
2016.04.22 15:15:09.623,2.09712,2.09766,1.12,1.37
2016.04.22 15:15:09.674,2.09712,2.09766,1.12,1.00
2016.04.22 15:15:09.921,2.09711,2.09766,1.00,1.37
2016.04.22 15:15:10.043,2.09712,2.09766,1.00,1.37
2016.04.22 15:15:10.583,2.09711,2.09772,1.00,1.75
2016.04.22 15:15:10.723,2.09711,2.09772,1.00,1.75
2016.04.22 15:15:11.026,2.09712,2.09765,1.00,1.75
2016.04.22 15:15:11.282,2.09712,2.09765,1.00,1.75
2016.04.22 15:15:11.857,2.09712,2.09765,1.00,1.50
2016.04.22 15:15:12.663,2.09711,2.09765,1.00,1.75
2016.04.22 15:15:13.094,2.09711,2.09765,1.00,1.12
2016.04.22 15:15:13.230,2.09712,2.09765,1.00,1.37
2016.04.22 15:15:13.613,2.09711,2.09763,1.00,1.75
2016.04.22 15:15:13.920,2.09691,2.09742,1.00,1.75
2016.04.22 15:15:14.022,2.09681,2.09741,1.12,1.75
2016.04.22 15:15:14.073,2.09681,2.09733,1.12,1.00
2016.04.22 15:15:14.123,2.09692,2.09733,1.00,1.00
2016.04.22 15:15:14.174,2.09692,2.09742,1.00,1.75
2016.04.22 15:15:14.535,2.09691,2.09742,1.00,1.50
2016.04.22 15:15:14.715,2.09692,2.09747,1.00,1.12
2016.04.22 15:15:14.766,2.09692,2.09746,1.00,1.12
2016.04.22 15:15:14.868,2.09692,2.09745,1.00,1.12
2016.04.22 15:15:15.628,2.09692,2.09749,1.00,1.75
2016.04.22 15:15:16.155,2.09691,2.09748,1.00,1.75
2016.04.22 15:15:16.458,2.09691,2.09749,1.00,1.75
2016.04.22 15:15:16.987,2.09692,2.09749,1.00,1.75
2016.04.22 15:15:17.355,2.09692,2.09743,1.00,1.75
2016.04.22 15:15:17.406,2.09682,2.09743,1.00,1.75
2016.04.22 15:15:17.457,2.09682,2.09743,1.00,1.75
2016.04.22 15:15:17.862,2.09681,2.09741,1.12,1.75
2016.04.22 15:15:18.145,2.09681,2.09741,1.00,1.75
2016.04.22 15:15:18.837,2.09682,2.09742,1.00,1.75
2016.04.22 15:15:20.046,2.09691,2.09741,1.00,1.37
2016.04.22 15:15:20.097,2.09691,2.09741,1.00,1.00
2016.04.22 15:15:20.602,2.09692,2.09751,1.50,1.75
2016.04.22 15:15:21.030,2.09691,2.09749,1.00,1.75
2016.04.22 15:15:21.081,2.09691,2.09749,1.00,1.75
2016.04.22 15:15:21.183,2.09691,2.09745,1.00,1.00
2016.04.22 15:15:21.722,2.09691,2.09749,1.00,1.75
2016.04.22 15:15:22.054,2.09691,2.09749,1.00,1.75
2016.04.22 15:15:22.560,2.09692,2.09752,1.00,1.75
2016.04.22 15:15:22.813,2.09685,2.09742,1.00,1.75
2016.04.22 15:15:23.076,2.09681,2.09742,1.00,1.75
2016.04.22 15:15:23.599,2.09681,2.09742,1.00,1.75
2016.04.22 15:15:23.903,2.09691,2.09742,1.00,2.25
2016.04.22 15:15:23.985,2.09682,2.09742,1.00,2.25
2016.04.22 15:15:24.157,2.09684,2.09742,1.00,1.75
2016.04.22 15:15:24.464,2.09691,2.09742,1.00,1.00
2016.04.22 15:15:25.085,2.09692,2.09742,1.00,1.00
2016.04.22 15:15:25.186,2.09692,2.09747,1.00,1.12
2016.04.22 15:15:25.287,2.09695,2.09752,1.12,1.75
2016.04.22 15:15:25.338,2.09702,2.09752,1.00,1.75
2016.04.22 15:15:25.389,2.09702,2.09753,1.00,1.37
2016.04.22 15:15:25.914,2.09701,2.0976,1.00,1.75
2016.04.22 15:15:26.422,2.09701,2.0976,1.00,1.75
2016.04.22 15:15:26.473,2.09701,2.0976,1.00,1.75
2016.04.22 15:15:27.370,2.09701,2.0976,1.00,1.75
2016.04.22 15:15:27.875,2.09702,2.0976,1.00,1.75
2016.04.22 15:15:28.304,2.09687,2.0975,1.00,1.75
2016.04.22 15:15:28.355,2.09682,2.09746,1.37,1.75
2016.04.22 15:15:28.406,2.09682,2.09746,1.37,1.75
2016.04.22 15:15:29.102,2.09681,2.0974,1.87,1.50
2016.04.22 15:15:29.204,2.09691,2.09739,1.00,1.75
2016.04.22 15:15:29.745,2.09692,2.09739,1.00,1.50
2016.04.22 15:15:31.425,2.09692,2.0974,1.00,1.37
2016.04.22 15:15:31.933,2.09691,2.0974,1.00,1.37
2016.04.22 15:15:32.125,2.09682,2.09739,1.00,1.00
2016.04.22 15:15:32.656,2.09682,2.09745,1.00,1.12
2016.04.22 15:15:33.316,2.09684,2.09745,1.00,1.12
2016.04.22 15:15:33.655,2.09684,2.09748,1.00,1.75
2016.04.22 15:15:34.022,2.09684,2.09738,1.00,1.00
2016.04.22 15:15:34.123,2.09691,2.09748,1.00,1.75
2016.04.22 15:15:34.224,2.09692,2.09748,1.00,1.75
2016.04.22 15:15:34.326,2.09691,2.09747,1.00,1.75
2016.04.22 15:15:34.528,2.09691,2.09747,1.00,1.37
2016.04.22 15:15:34.579,2.09684,2.09747,1.37,1.37
2016.04.22 15:15:34.751,2.09684,2.09748,1.00,1.75
2016.04.22 15:15:34.852,2.09684,2.09748,1.00,1.75
2016.04.22 15:15:34.903,2.09692,2.09748,1.00,1.75
2016.04.22 15:15:35.005,2.09684,2.09748,1.00,1.75
2016.04.22 15:15:35.157,2.09684,2.09748,1.00,1.75
2016.04.22 15:15:35.532,2.09692,2.09748,1.00,1.75
2016.04.22 15:15:35.583,2.09684,2.09748,1.00,1.75
2016.04.22 15:15:35.748,2.09684,2.09742,1.00,1.00
2016.04.22 15:15:35.979,2.09684,2.09748,1.00,1.75
2016.04.22 15:15:36.283,2.09682,2.09743,1.00,1.75
2016.04.22 15:15:36.435,2.09682,2.09743,1.00,1.75
2016.04.22 15:15:36.650,2.09692,2.09743,1.00,1.75
2016.04.22 15:15:36.753,2.09692,2.09743,1.00,1.75
2016.04.22 15:15:36.957,2.09692,2.09743,1.00,1.75
2016.04.22 15:15:37.008,2.09682,2.09743,1.00,1.75
2016.04.22 15:15:37.536,2.09681,2.09739,1.00,1.75
2016.04.22 15:15:38.153,2.09682,2.0974,1.00,1.75
2016.04.22 15:15:38.977,2.09682,2.0974,1.00,1.75
2016.04.22 15:15:39.028,2.09682,2.09739,1.00,1.75
2016.04.22 15:15:39.584,2.09682,2.09739,1.00,1.75
2016.04.22 15:15:40.121,2.09681,2.09743,1.37,1.75
2016.04.22 15:15:40.273,2.09681,2.09743,1.12,1.75
2016.04.22 15:15:40.475,2.09681,2.09743,1.00,1.75
2016.04.22 15:15:41.019,2.09682,2.0974,1.00,1.75
2016.04.22 15:15:41.323,2.09682,2.0974,1.00,2.25
2016.04.22 15:15:41.526,2.09671,2.09735,1.00,1.75
2016.04.22 15:15:41.578,2.09671,2.09726,1.00,1.75
2016.04.22 15:15:41.629,2.09662,2.09726,1.12,1.75
2016.04.22 15:15:41.731,2.09661,2.09726,2.25,1.75
2016.04.22 15:15:41.867,2.09672,2.09726,1.00,1.75
2016.04.22 15:15:42.173,2.09672,2.09726,1.00,1.75
2016.04.22 15:15:42.870,2.09672,2.09726,1.00,1.75
2016.04.22 15:15:43.273,2.09691,2.09729,1.00,2.25
2016.04.22 15:15:43.374,2.09691,2.0973,1.00,1.87
2016.04.22 15:15:43.476,2.09691,2.09736,1.00,1.12
2016.04.22 15:15:43.577,2.09691,2.09737,1.00,1.37
2016.04.22 15:15:43.678,2.09691,2.09747,1.00,1.75
2016.04.22 15:15:43.729,2.09701,2.09748,1.00,1.12
2016.04.22 15:15:43.831,2.09691,2.09748,1.00,1.12
2016.04.22 15:15:43.983,2.09691,2.09742,1.00,1.75
2016.04.22 15:15:44.503,2.09692,2.09742,1.00,1.75
2016.04.22 15:15:44.808,2.09701,2.09743,1.00,1.75
2016.04.22 15:15:44.859,2.09701,2.09743,1.00,1.75
2016.04.22 15:15:44.910,2.09691,2.09743,1.00,1.75
2016.04.22 15:15:44.964,2.09691,2.09742,1.00,1.00
2016.04.22 15:15:45.704,2.09691,2.09742,1.00,1.37
2016.04.22 15:15:45.856,2.09692,2.09743,1.00,1.00
2016.04.22 15:15:45.907,2.09702,2.09743,1.00,1.00
2016.04.22 15:15:45.958,2.09702,2.09745,1.00,1.00
2016.04.22 15:15:46.009,2.09692,2.09751,1.00,1.75
2016.04.22 15:15:46.111,2.09691,2.09751,1.00,1.75
2016.04.22 15:15:46.585,2.09692,2.09744,1.00,1.75
2016.04.22 15:15:47.097,2.09701,2.09745,1.00,1.75
2016.04.22 15:15:47.369,2.09692,2.09745,1.00,1.50
2016.04.22 15:15:47.622,2.09692,2.09745,1.00,1.75
2016.04.22 15:15:48.616,2.09692,2.09745,1.00,1.75
2016.04.22 15:15:49.424,2.09692,2.09744,1.00,1.75
2016.04.22 15:15:49.780,2.09691,2.09744,1.00,2.25
2016.04.22 15:15:50.305,2.09691,2.09744,1.00,1.75
2016.04.22 15:15:50.407,2.09692,2.09744,1.00,1.75
2016.04.22 15:15:51.005,2.09696,2.09749,1.00,1.12
2016.04.22 15:15:51.106,2.09696,2.09752,1.00,1.75
2016.04.22 15:15:51.208,2.09702,2.09753,1.00,2.25
2016.04.22 15:15:51.742,2.09701,2.09753,1.00,1.75
2016.04.22 15:15:51.792,2.09701,2.09747,1.00,1.00
2016.04.22 15:15:52.221,2.09702,2.09753,1.00,1.75
2016.04.22 15:15:52.323,2.09696,2.09753,1.00,1.75
2016.04.22 15:15:52.424,2.09701,2.09753,1.00,1.75
2016.04.22 15:15:52.925,2.09702,2.09752,1.00,1.75
2016.04.22 15:15:54.917,2.09702,2.09752,1.00,1.75
2016.04.22 15:15:55.221,2.09701,2.09752,1.00,1.75
2016.04.22 15:15:55.680,2.09712,2.09752,1.00,1.75
2016.04.22 15:15:55.868,2.09701,2.09752,1.00,1.75
2016.04.22 15:15:55.920,2.09712,2.09752,1.00,1.75
2016.04.22 15:15:55.971,2.09712,2.09752,1.00,1.75
2016.04.22 15:15:56.022,2.09712,2.09752,1.00,1.75
2016.04.22 15:15:56.477,2.09701,2.09745,1.00,1.50
2016.04.22 15:15:56.833,2.09701,2.09745,1.00,1.50
2016.04.22 15:15:57.345,2.09701,2.09745,1.00,1.75
2016.04.22 15:15:57.873,2.09702,2.09746,1.00,1.75
2016.04.22 15:15:58.249,2.09694,2.09746,1.00,1.75
2016.04.22 15:15:58.300,2.09692,2.09745,1.00,1.75
2016.04.22 15:15:58.351,2.09687,2.09745,1.37,1.75
2016.04.22 15:15:58.603,2.09674,2.09734,1.00,1.75
2016.04.22 15:15:58.654,2.09674,2.09734,1.00,1.75
2016.04.22 15:15:58.958,2.09682,2.09735,1.00,1.75
2016.04.22 15:15:59.138,2.09674,2.09734,1.75,1.50
2016.04.22 15:15:59.441,2.09682,2.09734,1.00,1.50
2016.04.22 15:15:59.801,2.09682,2.09734,1.00,1.75
2016.04.22 15:15:59.902,2.09672,2.09735,1.00,1.75
2016.04.22 15:15:59.953,2.09672,2.09733,1.00,1.75
2016.04.22 15:16:00.279,2.09672,2.09726,1.00,1.50
2016.04.22 15:16:00.439,2.09672,2.09726,1.00,1.50
2016.04.22 15:16:00.844,2.09672,2.09726,1.00,1.75
2016.04.22 15:16:00.946,2.09672,2.09727,1.00,1.75
2016.04.22 15:16:01.149,2.09672,2.09726,1.00,1.75
2016.04.22 15:16:01.421,2.09671,2.09726,1.00,1.75
2016.04.22 15:16:01.882,2.09672,2.09726,1.00,1.75
2016.04.22 15:16:02.850,2.09672,2.09727,1.00,1.75
2016.04.22 15:16:03.154,2.09682,2.09726,1.00,1.00
2016.04.22 15:16:03.205,2.09671,2.09733,1.50,1.75
2016.04.22 15:16:03.357,2.09671,2.09733,1.50,1.75
2016.04.22 15:16:03.509,2.09681,2.09733,1.00,1.75
2016.04.22 15:16:03.675,2.09681,2.09733,1.00,1.50
2016.04.22 15:16:04.191,2.09681,2.09733,1.00,1.50
2016.04.22 15:16:04.697,2.09681,2.09738,1.00,1.75
2016.04.22 15:16:05.596,2.09681,2.09738,1.00,1.75
2016.04.22 15:16:05.899,2.09682,2.09738,1.00,1.75
2016.04.22 15:16:06.446,2.09681,2.09733,1.00,1.75
2016.04.22 15:16:06.598,2.09681,2.09738,1.00,1.75
2016.04.22 15:16:06.649,2.09681,2.09738,1.00,1.75
2016.04.22 15:16:08.306,2.09681,2.09739,1.00,2.25
2016.04.22 15:16:08.719,2.09681,2.09739,1.00,2.25
2016.04.22 15:16:11.006,2.09682,2.09739,1.00,2.25
2016.04.22 15:16:11.107,2.09692,2.09739,1.00,2.25
2016.04.22 15:16:11.294,2.09682,2.09739,1.00,2.25
2016.04.22 15:16:11.759,2.09691,2.09739,1.00,1.75
2016.04.22 15:16:11.945,2.09691,2.09739,1.00,1.75
2016.04.22 15:16:11.996,2.09681,2.09739,1.00,1.75
2016.04.22 15:16:12.118,2.09681,2.0974,1.00,1.75
2016.04.22 15:16:12.511,2.09681,2.0974,1.00,1.75
2016.04.22 15:16:12.816,2.09681,2.0974,1.00,1.75
2016.04.22 15:16:13.211,2.09691,2.0974,1.00,1.75
2016.04.22 15:16:13.739,2.09681,2.09739,1.00,1.75
2016.04.22 15:16:14.236,2.09681,2.09736,1.00,1.75
2016.04.22 15:16:14.574,2.09681,2.09736,1.00,1.75
2016.04.22 15:16:14.625,2.09674,2.09736,1.37,1.75
2016.04.22 15:16:15.266,2.09674,2.09736,1.50,1.75
2016.04.22 15:16:15.556,2.09672,2.09728,1.00,1.75
2016.04.22 15:16:15.607,2.09672,2.09728,1.00,1.75
2016.04.22 15:16:15.708,2.09668,2.09728,1.00,1.50
2016.04.22 15:16:15.809,2.09668,2.09728,1.37,1.12
2016.04.22 15:16:15.911,2.09668,2.09728,1.37,1.12
2016.04.22 15:16:16.268,2.09672,2.09735,1.12,1.75
2016.04.22 15:16:16.319,2.09672,2.09734,1.37,1.75
2016.04.22 15:16:16.657,2.09681,2.09734,1.00,1.50
2016.04.22 15:16:16.708,2.09672,2.09734,1.87,1.50
2016.04.22 15:16:16.759,2.09672,2.09734,1.87,1.75
2016.04.22 15:16:16.911,2.09672,2.09734,1.87,1.75
2016.04.22 15:16:16.962,2.09672,2.09734,1.87,1.50
2016.04.22 15:16:17.121,2.09672,2.09734,1.87,1.50
2016.04.22 15:16:17.504,2.09672,2.09734,1.12,1.75
2016.04.22 15:16:17.806,2.09671,2.09734,2.62,1.75
2016.04.22 15:16:17.857,2.09672,2.09734,1.12,1.75
2016.04.22 15:16:17.908,2.09672,2.09734,1.12,1.75
2016.04.22 15:16:18.010,2.09692,2.09731,1.00,1.00
2016.04.22 15:16:18.326,2.09691,2.09739,1.00,1.75
2016.04.22 15:16:18.377,2.09676,2.09739,1.50,1.75
2016.04.22 15:16:18.858,2.09692,2.0974,1.00,1.75
2016.04.22 15:16:19.010,2.09681,2.09739,1.00,1.75
2016.04.22 15:16:19.111,2.09671,2.09732,1.75,1.37
2016.04.22 15:16:19.162,2.09671,2.09732,1.00,1.75
2016.04.22 15:16:19.415,2.09672,2.09729,1.00,1.75
2016.04.22 15:16:20.027,2.09672,2.09729,1.37,1.75
2016.04.22 15:16:20.078,2.09672,2.09729,1.37,1.75
2016.04.22 15:16:20.129,2.09682,2.09729,1.00,1.75
2016.04.22 15:16:20.230,2.09672,2.09732,1.00,1.75
2016.04.22 15:16:20.332,2.09668,2.09727,1.00,1.75
2016.04.22 15:16:20.484,2.09665,2.09727,1.00,1.75
2016.04.22 15:16:20.736,2.09665,2.09727,1.00,1.75
2016.04.22 15:16:20.787,2.09672,2.09732,1.00,1.75
2016.04.22 15:16:21.110,2.09681,2.09733,1.00,1.75
2016.04.22 15:16:21.262,2.09681,2.09733,1.00,1.75
2016.04.22 15:16:21.414,2.09671,2.09733,1.00,1.75
2016.04.22 15:16:21.465,2.09671,2.09733,1.00,1.75
2016.04.22 15:16:21.834,2.09671,2.09726,1.00,1.50
2016.04.22 15:16:22.232,2.09662,2.09726,2.25,1.75
2016.04.22 15:16:22.294,2.09672,2.09726,1.00,1.75
2016.04.22 15:16:22.345,2.09672,2.09726,1.00,1.75
2016.04.22 15:16:22.735,2.09672,2.09726,1.00,1.75
2016.04.22 15:16:23.150,2.09672,2.09726,1.00,1.75
2016.04.22 15:16:23.200,2.09662,2.09726,1.50,1.75
2016.04.22 15:16:23.251,2.09662,2.09726,1.00,1.75
2016.04.22 15:16:23.789,2.09662,2.09726,1.00,1.75
2016.04.22 15:16:24.092,2.09662,2.09726,1.50,1.75
2016.04.22 15:16:24.471,2.09662,2.09726,1.12,1.75
2016.04.22 15:16:24.976,2.09662,2.09726,1.50,1.75
2016.04.22 15:16:25.346,2.09662,2.09726,1.50,1.75
2016.04.22 15:16:25.649,2.09671,2.09726,1.00,1.50
2016.04.22 15:16:26.179,2.09671,2.09726,1.00,1.75
2016.04.22 15:16:27.282,2.09671,2.09729,1.00,1.75
2016.04.22 15:16:27.383,2.09671,2.09729,1.37,1.75
2016.04.22 15:16:27.788,2.09671,2.09729,1.37,1.50
2016.04.22 15:16:27.839,2.09682,2.09729,1.00,1.50
2016.04.22 15:16:28.142,2.09671,2.09729,1.00,1.75
2016.04.22 15:16:28.601,2.09664,2.09729,1.75,1.75
2016.04.22 15:16:28.703,2.09672,2.09729,1.37,1.50
2016.04.22 15:16:28.804,2.09672,2.09729,1.37,1.37
2016.04.22 15:16:28.906,2.09682,2.0973,1.00,1.12
2016.04.22 15:16:29.008,2.09682,2.0974,1.00,1.75
2016.04.22 15:16:29.210,2.09681,2.0974,1.37,1.50
2016.04.22 15:16:29.578,2.09682,2.0974,1.00,1.75
2016.04.22 15:16:29.883,2.09681,2.09736,1.12,1.75
2016.04.22 15:16:29.984,2.09681,2.09736,1.12,1.37
2016.04.22 15:16:30.606,2.09681,2.09736,1.00,1.12
2016.04.22 15:16:30.808,2.09682,2.09736,1.00,1.37
2016.04.22 15:16:31.111,2.09681,2.09732,1.00,1.00
2016.04.22 15:16:31.872,2.09674,2.09736,1.75,1.75
2016.04.22 15:16:31.923,2.09674,2.09736,1.12,1.75
2016.04.22 15:16:31.974,2.09674,2.09734,1.00,1.75
2016.04.22 15:16:32.075,2.09671,2.09732,1.00,1.75
2016.04.22 15:16:33.113,2.09671,2.09732,1.00,1.75
2016.04.22 15:16:33.215,2.09671,2.09732,1.12,1.75
2016.04.22 15:16:33.317,2.09681,2.09732,1.00,1.50
2016.04.22 15:16:33.520,2.09681,2.09734,1.00,1.37
2016.04.22 15:16:33.830,2.09681,2.09742,1.00,1.75
2016.04.22 15:16:33.881,2.09691,2.09742,1.00,1.75
2016.04.22 15:16:34.107,2.09681,2.09742,1.00,1.75
2016.04.22 15:16:35.484,2.09681,2.09742,1.37,1.75
2016.04.22 15:16:35.585,2.09681,2.09742,1.75,1.37
2016.04.22 15:16:36.209,2.09682,2.09742,1.50,1.37
2016.04.22 15:16:36.718,2.09682,2.09742,1.75,1.75
2016.04.22 15:16:37.228,2.09682,2.09746,2.25,1.75
2016.04.22 15:16:37.532,2.09682,2.09746,1.75,1.75
2016.04.22 15:16:37.823,2.09681,2.09741,1.50,1.75
2016.04.22 15:16:38.128,2.09682,2.09733,1.00,1.75
2016.04.22 15:16:38.229,2.09682,2.09733,1.00,1.37
2016.04.22 15:16:38.280,2.09691,2.09733,1.00,1.37
2016.04.22 15:16:38.332,2.09691,2.09742,1.00,1.12
2016.04.22 15:16:38.383,2.09681,2.09742,1.75,1.12
2016.04.22 15:16:38.434,2.09685,2.09748,1.75,1.75
2016.04.22 15:16:38.485,2.09702,2.09748,1.00,1.75
2016.04.22 15:16:38.829,2.09691,2.09748,1.37,1.75
2016.04.22 15:16:38.930,2.09692,2.09753,1.12,1.12
2016.04.22 15:16:38.981,2.09698,2.09753,1.00,1.12
2016.04.22 15:16:39.285,2.09711,2.09757,1.00,1.00
2016.04.22 15:16:39.816,2.09712,2.0976,1.00,1.75
2016.04.22 15:16:40.019,2.09701,2.0976,1.00,1.75
2016.04.22 15:16:40.172,2.09692,2.09756,1.75,1.75
2016.04.22 15:16:40.223,2.09692,2.09756,1.75,1.12
2016.04.22 15:16:40.324,2.09699,2.09756,1.00,1.37
2016.04.22 15:16:40.426,2.09695,2.09756,1.00,1.75
2016.04.22 15:16:40.705,2.09695,2.09756,1.12,1.75
2016.04.22 15:16:40.958,2.09695,2.09756,1.75,1.75
2016.04.22 15:16:41.311,2.09692,2.09756,1.00,1.75
2016.04.22 15:16:41.625,2.09692,2.09756,1.00,1.87
2016.04.22 15:16:41.936,2.09692,2.09756,1.37,1.87
2016.04.22 15:16:42.138,2.09692,2.09756,1.37,1.87
2016.04.22 15:16:42.239,2.09691,2.09756,1.50,1.87
2016.04.22 15:16:42.341,2.09691,2.09749,1.00,1.75
2016.04.22 15:16:42.443,2.09691,2.09749,1.37,1.50
2016.04.22 15:16:42.676,2.09692,2.09749,1.12,1.50
2016.04.22 15:16:42.727,2.09692,2.09749,1.50,1.37
2016.04.22 15:16:43.239,2.09692,2.09749,1.00,1.75
2016.04.22 15:16:43.543,2.09712,2.09749,1.00,1.00
2016.04.22 15:16:43.594,2.09712,2.09754,1.00,1.50
2016.04.22 15:16:43.814,2.09692,2.09754,2.62,1.75
2016.04.22 15:16:43.865,2.09692,2.09754,2.62,1.75
2016.04.22 15:16:44.169,2.09702,2.09754,1.00,1.75
2016.04.22 15:16:44.472,2.09701,2.09754,1.00,1.50
2016.04.22 15:16:44.873,2.09701,2.09754,1.00,1.75
2016.04.22 15:16:44.975,2.09701,2.09754,1.00,1.75
2016.04.22 15:16:45.026,2.09711,2.09754,1.00,1.37
2016.04.22 15:16:45.532,2.09711,2.09754,1.00,1.00
2016.04.22 15:16:46.348,2.09712,2.09754,1.00,1.00
2016.04.22 15:16:46.555,2.09711,2.09764,1.00,1.09
2016.04.22 15:16:46.657,2.09712,2.09766,1.50,1.00
2016.04.22 15:16:46.758,2.09722,2.09771,1.00,1.12
2016.04.22 15:16:47.034,2.09712,2.09771,1.00,1.12
2016.04.22 15:16:47.449,2.09711,2.09771,1.12,1.12
2016.04.22 15:16:47.753,2.09711,2.09771,1.00,1.87
2016.04.22 15:16:48.133,2.09708,2.0977,1.12,1.75
2016.04.22 15:16:48.186,2.09712,2.09769,1.00,1.75
2016.04.22 15:16:48.439,2.09702,2.09767,1.87,1.75
2016.04.22 15:16:48.944,2.09702,2.09767,1.87,1.75
2016.04.22 15:16:49.606,2.09702,2.09767,1.50,2.25
2016.04.22 15:16:50.111,2.09702,2.09767,1.00,2.25
2016.04.22 15:16:50.500,2.09702,2.09765,1.00,1.75
2016.04.22 15:16:51.259,2.09712,2.09765,1.00,1.75
2016.04.22 15:16:51.310,2.09712,2.09765,1.00,1.75
2016.04.22 15:16:51.723,2.09722,2.09767,1.00,1.75
2016.04.22 15:16:51.775,2.09722,2.09767,1.00,1.75
2016.04.22 15:16:51.927,2.09722,2.09767,1.00,1.75
2016.04.22 15:16:52.382,2.09712,2.09767,1.00,1.75
2016.04.22 15:16:52.908,2.09712,2.09767,1.00,1.75
2016.04.22 15:16:53.412,2.09711,2.09763,1.00,1.75
2016.04.22 15:16:53.757,2.09711,2.09763,1.00,1.75
2016.04.22 15:16:54.267,2.09711,2.09763,1.00,1.75
2016.04.22 15:16:54.738,2.09712,2.09758,1.00,1.75
2016.04.22 15:16:54.940,2.09712,2.09755,1.00,1.00
2016.04.22 15:16:55.259,2.09711,2.09758,1.00,1.75
2016.04.22 15:16:55.765,2.09711,2.09758,1.00,1.75
2016.04.22 15:16:56.465,2.09712,2.09758,1.00,1.75
2016.04.22 15:16:56.768,2.09712,2.09758,1.00,2.25
2016.04.22 15:16:57.022,2.09712,2.09761,1.00,1.75
2016.04.22 15:16:57.325,2.09712,2.09761,1.00,1.75
2016.04.22 15:16:57.853,2.09722,2.09761,1.00,1.75
2016.04.22 15:16:58.202,2.09721,2.09747,1.00,1.37
2016.04.22 15:16:58.304,2.09702,2.09747,1.00,1.75
2016.04.22 15:16:58.506,2.09702,2.09744,1.00,1.09
2016.04.22 15:16:58.708,2.09702,2.09744,1.00,1.09
2016.04.22 15:16:59.211,2.09702,2.09744,1.00,1.09
2016.04.22 15:16:59.312,2.09701,2.09747,1.00,1.75
2016.04.22 15:16:59.414,2.09711,2.09748,1.00,1.50
2016.04.22 15:16:59.718,2.09722,2.09749,1.00,1.00
2016.04.22 15:16:59.899,2.09721,2.0976,1.00,1.12
2016.04.22 15:17:00.268,2.09721,2.09762,1.00,1.84
2016.04.22 15:17:00.420,2.09721,2.09762,1.00,1.84
2016.04.22 15:17:00.622,2.09711,2.09761,1.00,1.75
2016.04.22 15:17:00.824,2.09712,2.09761,1.00,1.75
2016.04.22 15:17:01.335,2.09711,2.09762,1.00,1.75
2016.04.22 15:17:01.637,2.09711,2.09762,1.00,1.75
2016.04.22 15:17:02.547,2.09711,2.09759,1.00,1.75
2016.04.22 15:17:03.092,2.09711,2.09759,1.00,1.75
2016.04.22 15:17:03.396,2.09722,2.09759,1.00,1.75
2016.04.22 15:17:03.497,2.09711,2.09759,1.00,1.75
2016.04.22 15:17:04.047,2.09711,2.09761,1.00,1.75
2016.04.22 15:17:04.259,2.09711,2.09761,1.00,1.75
2016.04.22 15:17:04.361,2.09711,2.09761,1.00,1.75
2016.04.22 15:17:04.462,2.09712,2.09763,1.00,1.75
2016.04.22 15:17:04.513,2.09722,2.09763,1.00,1.75
2016.04.22 15:17:05.045,2.09711,2.09769,1.00,1.75
2016.04.22 15:17:05.655,2.09711,2.09769,1.00,1.75
2016.04.22 15:17:06.156,2.09711,2.09769,1.00,2.25
2016.04.22 15:17:06.358,2.09721,2.09769,1.00,2.25
2016.04.22 15:17:06.459,2.09721,2.09769,1.00,1.75
2016.04.22 15:17:06.611,2.09711,2.09769,1.00,2.25
2016.04.22 15:17:07.152,2.09712,2.09769,1.00,1.75
2016.04.22 15:17:08.164,2.09712,2.09769,1.00,2.25
2016.04.22 15:17:08.568,2.09712,2.09769,1.00,2.25
2016.04.22 15:17:08.670,2.09711,2.09769,1.00,1.75
2016.04.22 15:17:08.721,2.09711,2.09769,1.00,1.75
2016.04.22 15:17:09.075,2.09712,2.09769,1.00,1.75
2016.04.22 15:17:09.468,2.09702,2.09761,1.37,1.75
2016.04.22 15:17:09.773,2.09711,2.09761,1.00,1.75
2016.04.22 15:17:10.279,2.09711,2.09761,1.00,2.25
2016.04.22 15:17:10.690,2.09701,2.09761,1.00,2.25
2016.04.22 15:17:10.791,2.09712,2.09754,1.00,1.00
2016.04.22 15:17:10.994,2.09712,2.09761,1.00,1.75
2016.04.22 15:17:11.095,2.09712,2.09761,1.00,2.25
2016.04.22 15:17:11.248,2.09712,2.09761,1.00,2.25
2016.04.22 15:17:11.349,2.09712,2.09761,1.00,2.25
2016.04.22 15:17:11.751,2.09721,2.09767,1.37,1.12
2016.04.22 15:17:11.852,2.09731,2.09787,1.00,1.75
2016.04.22 15:17:11.904,2.09741,2.09784,1.00,1.00
2016.04.22 15:17:11.955,2.09741,2.0979,1.00,1.75
2016.04.22 15:17:12.157,2.09735,2.09793,1.37,1.75
2016.04.22 15:17:12.208,2.09742,2.09793,1.00,1.75
2016.04.22 15:17:12.259,2.09742,2.09793,1.75,1.00
2016.04.22 15:17:12.361,2.09742,2.09798,1.50,1.00
2016.04.22 15:17:12.412,2.09752,2.09798,1.00,1.00
2016.04.22 15:17:12.996,2.09752,2.09802,1.00,1.12
2016.04.22 15:17:13.048,2.09752,2.09805,1.00,1.87
2016.04.22 15:17:13.200,2.09741,2.09803,2.25,1.12
2016.04.22 15:17:13.251,2.09741,2.098,1.37,1.12
2016.04.22 15:17:13.302,2.09741,2.098,1.12,1.37
2016.04.22 15:17:13.635,2.09751,2.09805,1.00,1.75
2016.04.22 15:17:13.787,2.09751,2.09805,1.00,1.50
2016.04.22 15:17:13.989,2.09752,2.09805,1.00,1.50
2016.04.22 15:17:14.344,2.09751,2.09805,1.00,1.75
2016.04.22 15:17:14.522,2.09751,2.09805,1.00,1.00
2016.04.22 15:17:14.877,2.09751,2.09805,1.00,1.37
2016.04.22 15:17:15.080,2.09751,2.09805,1.00,1.50
2016.04.22 15:17:15.872,2.09751,2.09805,1.00,1.37
2016.04.22 15:17:16.175,2.09744,2.09801,1.00,1.00
2016.04.22 15:17:16.277,2.09741,2.09803,2.25,1.12
2016.04.22 15:17:16.479,2.09751,2.09808,1.12,1.12
2016.04.22 15:17:16.653,2.09761,2.09808,1.00,1.12
2016.04.22 15:17:16.705,2.09761,2.09815,1.00,1.00
2016.04.22 15:17:16.756,2.09761,2.0982,1.37,1.37
2016.04.22 15:17:16.908,2.09761,2.0982,1.75,1.00
2016.04.22 15:17:16.959,2.09771,2.0982,1.00,1.00
2016.04.22 15:17:17.010,2.09771,2.09827,1.00,2.25
2016.04.22 15:17:17.112,2.09772,2.09828,1.50,1.00
2016.04.22 15:17:17.163,2.09772,2.09832,1.50,1.37
2016.04.22 15:17:17.214,2.09782,2.09832,1.00,1.37
2016.04.22 15:17:17.632,2.09792,2.09835,1.00,1.37
2016.04.22 15:17:17.683,2.09792,2.09842,1.00,1.00
2016.04.22 15:17:17.734,2.09795,2.09842,1.00,1.00
2016.04.22 15:17:18.038,2.09832,2.09877,1.37,1.37
2016.04.22 15:17:18.089,2.09842,2.09878,1.00,1.00
2016.04.22 15:17:18.190,2.09828,2.09888,1.12,1.37
2016.04.22 15:17:18.374,2.09832,2.09888,1.37,1.37
2016.04.22 15:17:18.425,2.09832,2.09894,1.00,1.75
2016.04.22 15:17:18.477,2.09826,2.09893,1.12,1.75
2016.04.22 15:17:18.528,2.09824,2.0989,1.37,1.75
2016.04.22 15:17:18.887,2.09824,2.09889,1.12,1.75
2016.04.22 15:17:19.141,2.09821,2.09888,1.00,1.75
2016.04.22 15:17:19.291,2.09822,2.09888,1.00,1.75
2016.04.22 15:17:19.344,2.09819,2.09883,1.12,1.75
2016.04.22 15:17:19.497,2.09819,2.09883,1.00,1.75
2016.04.22 15:17:19.649,2.09812,2.09882,1.12,1.75
2016.04.22 15:17:19.800,2.09812,2.09882,1.37,1.75
2016.04.22 15:17:20.192,2.09822,2.09882,1.00,1.75
2016.04.22 15:17:20.547,2.09821,2.09883,1.00,1.75
2016.04.22 15:17:21.130,2.09821,2.09883,1.00,1.75
2016.04.22 15:17:21.231,2.09821,2.09882,1.00,1.75
2016.04.22 15:17:21.282,2.09832,2.09882,1.00,1.75
2016.04.22 15:17:21.586,2.09832,2.09882,1.00,1.75
2016.04.22 15:17:21.840,2.09832,2.09883,1.00,1.75
2016.04.22 15:17:21.941,2.09831,2.09882,1.00,2.25
2016.04.22 15:17:22.161,2.09822,2.09883,1.00,1.75
2016.04.22 15:17:22.266,2.09831,2.09882,1.00,1.75
2016.04.22 15:17:22.571,2.09832,2.0988,1.00,1.75
2016.04.22 15:17:22.975,2.09831,2.09881,1.00,1.75
2016.04.22 15:17:23.279,2.09832,2.09882,1.00,1.75
2016.04.22 15:17:23.482,2.09832,2.09883,1.00,1.75
2016.04.22 15:17:23.846,2.09831,2.09882,1.00,1.75
2016.04.22 15:17:23.998,2.09821,2.09881,1.00,1.75
2016.04.22 15:17:24.332,2.09821,2.09873,1.00,1.00
2016.04.22 15:17:24.484,2.09821,2.09874,1.00,1.75
2016.04.22 15:17:24.838,2.09822,2.09874,1.00,1.75
2016.04.22 15:17:24.939,2.09822,2.09872,1.00,1.00
2016.04.22 15:17:25.425,2.09812,2.09874,1.50,1.75
2016.04.22 15:17:25.476,2.09812,2.09873,1.00,1.75
2016.04.22 15:17:25.578,2.09812,2.09874,1.12,1.75
2016.04.22 15:17:25.634,2.09821,2.09874,1.00,1.75
2016.04.22 15:17:25.886,2.09811,2.09873,1.50,1.75
2016.04.22 15:17:26.395,2.09811,2.09873,1.87,1.75
2016.04.22 15:17:26.548,2.09822,2.09874,1.00,1.75
2016.04.22 15:17:26.649,2.09812,2.09874,1.00,1.75
2016.04.22 15:17:27.192,2.09811,2.09873,1.87,1.75
2016.04.22 15:17:27.248,2.09811,2.09873,1.50,1.75
2016.04.22 15:17:27.552,2.09811,2.09874,1.50,1.75
2016.04.22 15:17:28.526,2.09811,2.09873,1.50,1.75
2016.04.22 15:17:28.628,2.09822,2.09873,1.00,1.75
2016.04.22 15:17:28.823,2.09811,2.09873,1.50,1.75
2016.04.22 15:17:28.953,2.09811,2.09873,1.50,1.75
2016.04.22 15:17:29.257,2.09814,2.09872,1.00,1.75
2016.04.22 15:17:29.308,2.09814,2.09878,1.00,1.12
2016.04.22 15:17:29.359,2.09814,2.09878,1.00,1.12
2016.04.22 15:17:29.537,2.09811,2.09875,1.00,1.75
2016.04.22 15:17:30.063,2.09812,2.0987,1.00,1.75
2016.04.22 15:17:30.165,2.09811,2.09869,1.00,1.75
2016.04.22 15:17:30.511,2.09801,2.09849,1.00,1.00
2016.04.22 15:17:30.613,2.09793,2.09857,1.00,1.84
2016.04.22 15:17:30.714,2.09793,2.09845,1.00,1.75
2016.04.22 15:17:30.815,2.09793,2.09845,1.00,1.75
2016.04.22 15:17:30.917,2.09793,2.09845,1.00,1.75
2016.04.22 15:17:31.069,2.09782,2.09845,1.37,1.75
2016.04.22 15:17:31.171,2.09783,2.09853,1.75,1.75
2016.04.22 15:17:31.489,2.09782,2.09854,3.00,2.25
2016.04.22 15:17:31.711,2.09782,2.09854,2.62,1.75
2016.04.22 15:17:31.812,2.09792,2.09854,1.00,1.75
2016.04.22 15:17:32.241,2.09793,2.09856,1.12,1.75
2016.04.22 15:17:32.292,2.09793,2.09856,1.00,1.75
2016.04.22 15:17:32.595,2.09792,2.09856,1.75,1.75
2016.04.22 15:17:32.646,2.09792,2.09856,1.37,1.75
2016.04.22 15:17:32.697,2.09782,2.09852,1.75,1.75
2016.04.22 15:17:32.748,2.09782,2.09852,1.75,1.75
2016.04.22 15:17:33.168,2.09782,2.09852,1.75,1.75
2016.04.22 15:17:33.219,2.09782,2.09852,1.75,1.75
2016.04.22 15:17:33.422,2.09782,2.09853,1.87,1.75
2016.04.22 15:17:33.624,2.09782,2.09852,1.00,1.75
2016.04.22 15:17:33.725,2.09781,2.0985,1.75,1.75
2016.04.22 15:17:34.246,2.09776,2.09844,1.12,1.75
2016.04.22 15:17:34.623,2.09776,2.09844,1.12,1.75
2016.04.22 15:17:34.927,2.09781,2.09837,1.37,1.37
2016.04.22 15:17:35.095,2.09791,2.09836,1.00,1.00
2016.04.22 15:17:35.148,2.09792,2.0985,1.00,1.75
2016.04.22 15:17:35.452,2.09792,2.09851,1.00,1.75
2016.04.22 15:17:35.554,2.09791,2.09851,1.00,1.75
2016.04.22 15:17:35.656,2.09791,2.09851,1.00,1.75
2016.04.22 15:17:35.988,2.09773,2.09842,1.00,1.75
2016.04.22 15:17:36.442,2.09772,2.0984,1.00,1.75
2016.04.22 15:17:36.602,2.09772,2.0984,1.00,1.75
2016.04.22 15:17:36.653,2.09772,2.0984,1.12,1.75
2016.04.22 15:17:36.704,2.09781,2.0984,1.00,1.75
2016.04.22 15:17:37.029,2.09772,2.09828,1.37,1.00
2016.04.22 15:17:37.233,2.09771,2.09837,1.87,1.75
2016.04.22 15:17:37.872,2.09772,2.09834,1.00,1.50
2016.04.22 15:17:37.924,2.09782,2.09839,1.00,1.37
2016.04.22 15:17:37.975,2.09782,2.09842,1.00,1.75
2016.04.22 15:17:38.179,2.09782,2.09842,1.00,1.75
2016.04.22 15:17:38.483,2.09771,2.09822,1.00,1.00
2016.04.22 15:17:38.803,2.09792,2.09825,1.50,1.00
2016.04.22 15:17:38.854,2.09792,2.09843,1.87,1.37
2016.04.22 15:17:38.956,2.09792,2.09843,1.87,1.00
2016.04.22 15:17:39.057,2.09792,2.09854,2.25,1.50
2016.04.22 15:17:39.159,2.09792,2.09854,1.50,1.75
2016.04.22 15:17:39.496,2.09812,2.09853,1.00,1.87
2016.04.22 15:17:39.548,2.09812,2.09856,1.00,1.75
2016.04.22 15:17:39.599,2.09811,2.09856,1.00,1.00
2016.04.22 15:17:39.852,2.09811,2.09869,1.00,1.75
2016.04.22 15:17:39.904,2.09807,2.09869,1.12,1.75
2016.04.22 15:17:39.955,2.09807,2.09869,1.00,1.75
2016.04.22 15:17:40.259,2.09807,2.09869,1.00,1.75
2016.04.22 15:17:40.434,2.09801,2.09863,1.50,1.75
2016.04.22 15:17:40.485,2.09801,2.09863,1.50,1.75
2016.04.22 15:17:40.839,2.09807,2.09861,1.00,1.75
2016.04.22 15:17:40.890,2.09807,2.09861,1.00,1.75
2016.04.22 15:17:40.941,2.09807,2.09861,1.00,1.37
2016.04.22 15:17:41.043,2.09807,2.09866,1.00,1.12
2016.04.22 15:17:41.094,2.09807,2.0987,1.00,1.75
2016.04.22 15:17:41.522,2.09803,2.09865,1.12,1.75
2016.04.22 15:17:41.573,2.09803,2.09865,1.00,1.75
2016.04.22 15:17:41.674,2.09803,2.09865,1.00,1.75
2016.04.22 15:17:42.008,2.09808,2.0987,1.00,2.25
2016.04.22 15:17:42.364,2.09801,2.09854,1.00,1.50
2016.04.22 15:17:42.670,2.09802,2.09843,1.00,1.75
2016.04.22 15:17:42.771,2.09792,2.09842,1.00,1.75
2016.04.22 15:17:42.873,2.09783,2.09838,1.00,1.00
2016.04.22 15:17:42.974,2.09781,2.09843,1.00,1.75
2016.04.22 15:17:43.076,2.09774,2.09842,1.00,1.12
2016.04.22 15:17:43.177,2.09774,2.09834,1.00,1.75
2016.04.22 15:17:43.320,2.09782,2.09834,1.00,1.75
2016.04.22 15:17:43.370,2.09782,2.09845,1.00,2.25
2016.04.22 15:17:43.573,2.09782,2.09845,1.00,2.25
2016.04.22 15:17:43.624,2.09791,2.09845,1.00,2.25
2016.04.22 15:17:43.827,2.09792,2.09846,1.00,1.75
2016.04.22 15:17:43.879,2.09791,2.09846,1.00,1.75
2016.04.22 15:17:43.930,2.09791,2.09851,1.00,1.12
2016.04.22 15:17:43.981,2.09783,2.09851,1.37,1.12
2016.04.22 15:17:44.082,2.09792,2.09848,1.00,1.75
2016.04.22 15:17:44.208,2.09783,2.09848,1.87,1.75
2016.04.22 15:17:44.261,2.09789,2.09857,1.00,1.75
2016.04.22 15:17:44.313,2.09789,2.09857,1.37,1.75
2016.04.22 15:17:44.415,2.09791,2.09859,1.00,1.75
2016.04.22 15:17:44.567,2.09791,2.09857,1.00,1.12
2016.04.22 15:17:44.618,2.09791,2.09857,1.00,1.12
2016.04.22 15:17:44.923,2.09814,2.09873,1.12,1.75
2016.04.22 15:17:45.194,2.09812,2.09869,1.00,1.00
2016.04.22 15:17:45.295,2.09805,2.09872,1.00,1.75
2016.04.22 15:17:45.396,2.09811,2.09873,1.00,1.75
2016.04.22 15:17:45.801,2.09811,2.09872,1.00,1.75
2016.04.22 15:17:45.851,2.09822,2.09873,1.00,1.75
2016.04.22 15:17:45.902,2.09822,2.09873,1.00,1.50
2016.04.22 15:17:45.953,2.09814,2.09873,1.00,1.12
2016.04.22 15:17:46.248,2.09822,2.09879,1.37,1.37
2016.04.22 15:17:46.300,2.09822,2.09882,1.37,1.50
2016.04.22 15:17:46.401,2.09822,2.09882,1.12,1.50
2016.04.22 15:17:47.400,2.09822,2.09881,1.00,1.50
2016.04.22 15:17:47.705,2.09813,2.09881,1.50,1.75
2016.04.22 15:17:47.958,2.09805,2.09868,1.50,1.75
2016.04.22 15:17:48.009,2.09805,2.09868,1.12,1.75
2016.04.22 15:17:48.502,2.09802,2.09859,1.00,1.75
2016.04.22 15:17:48.704,2.09802,2.0986,1.00,1.75
2016.04.22 15:17:49.317,2.09802,2.09859,1.00,2.25
2016.04.22 15:17:49.718,2.09801,2.09848,1.00,1.00
2016.04.22 15:17:49.819,2.09801,2.09859,1.00,2.25
2016.04.22 15:17:50.022,2.09801,2.0986,1.00,1.75
2016.04.22 15:17:50.224,2.09801,2.09859,1.00,1.75
2016.04.22 15:17:50.663,2.09801,2.0986,1.00,1.75
2016.04.22 15:17:50.815,2.09801,2.09859,1.00,1.75
2016.04.22 15:17:51.017,2.09791,2.09859,2.25,1.75
2016.04.22 15:17:51.368,2.09802,2.0986,1.00,1.75
2016.04.22 15:17:51.571,2.09792,2.0986,1.37,1.75
2016.04.22 15:17:51.730,2.09801,2.09859,1.00,1.75
2016.04.22 15:17:51.934,2.09789,2.09855,1.37,1.75
2016.04.22 15:17:51.985,2.09788,2.09854,1.00,1.75
2016.04.22 15:17:52.036,2.09791,2.09854,1.00,1.75
2016.04.22 15:17:52.289,2.09793,2.09859,1.00,1.75
2016.04.22 15:17:52.340,2.09793,2.09859,1.00,1.75
2016.04.22 15:17:52.441,2.09793,2.09859,1.00,1.75
2016.04.22 15:17:52.492,2.09792,2.09861,2.62,1.75
2016.04.22 15:17:52.543,2.09792,2.09861,1.87,1.75
2016.04.22 15:17:52.704,2.09793,2.09863,1.75,1.75
2016.04.22 15:17:52.755,2.09793,2.09846,1.37,1.87
2016.04.22 15:17:52.857,2.09772,2.09833,1.00,1.75
2016.04.22 15:17:52.958,2.09772,2.09824,1.00,1.75
2016.04.22 15:17:53.009,2.09757,2.09824,1.00,1.75
2016.04.22 15:17:53.111,2.09752,2.09815,1.75,1.75
2016.04.22 15:17:53.415,2.09744,2.09815,1.75,1.75
2016.04.22 15:17:53.611,2.09756,2.09819,1.12,1.12
2016.04.22 15:17:53.662,2.09756,2.09819,1.37,1.12
2016.04.22 15:17:53.867,2.09777,2.09848,2.25,1.75
2016.04.22 15:17:53.918,2.09777,2.09848,2.25,1.37
2016.04.22 15:17:53.969,2.09777,2.09849,2.25,1.00
2016.04.22 15:17:54.020,2.09781,2.09849,1.75,1.00
2016.04.22 15:17:54.072,2.09787,2.09851,1.75,1.00
2016.04.22 15:17:54.123,2.09787,2.09852,1.75,1.75
2016.04.22 15:17:54.776,2.09787,2.09852,1.75,1.75
2016.04.22 15:17:55.080,2.09808,2.09865,1.37,1.37
2016.04.22 15:17:55.181,2.09808,2.09874,1.75,1.50
2016.04.22 15:17:55.283,2.09809,2.09879,1.75,1.75
2016.04.22 15:17:55.334,2.09812,2.09879,1.75,1.75
2016.04.22 15:17:55.708,2.09808,2.0988,1.75,1.75
2016.04.22 15:17:55.868,2.09809,2.09879,1.75,1.75
2016.04.22 15:17:56.172,2.09822,2.09879,1.00,1.75
2016.04.22 15:17:56.274,2.09822,2.09879,1.00,1.75
2016.04.22 15:17:56.376,2.09822,2.09879,1.00,1.75
2016.04.22 15:17:56.427,2.09811,2.09879,1.75,1.75
2016.04.22 15:17:56.478,2.09811,2.0988,1.75,1.75
2016.04.22 15:17:56.670,2.09811,2.09879,1.75,1.75
2016.04.22 15:17:56.894,2.09811,2.09879,1.75,1.75
2016.04.22 15:17:57.046,2.09809,2.09874,1.75,1.00
2016.04.22 15:17:57.148,2.09808,2.0988,1.75,2.25
2016.04.22 15:17:57.350,2.09808,2.09876,1.75,1.00
2016.04.22 15:17:57.553,2.09816,2.09879,1.00,1.75
2016.04.22 15:17:57.810,2.09817,2.09882,1.75,2.25
2016.04.22 15:17:57.963,2.09817,2.09885,1.75,1.75
2016.04.22 15:17:58.175,2.09817,2.09884,1.12,1.75
2016.04.22 15:17:58.277,2.09818,2.09884,1.75,1.75
2016.04.22 15:17:58.782,2.09818,2.09887,1.75,1.75
2016.04.22 15:17:59.349,2.09817,2.09887,1.75,1.75
2016.04.22 15:18:00.182,2.09817,2.09888,1.12,1.75
2016.04.22 15:18:00.512,2.09822,2.09885,1.00,1.75
2016.04.22 15:18:00.733,2.09817,2.09885,1.37,1.75
2016.04.22 15:18:01.036,2.09822,2.09885,1.00,1.75
2016.04.22 15:18:01.087,2.09822,2.09885,1.00,1.75
2016.04.22 15:18:01.138,2.09822,2.09874,1.00,1.09
2016.04.22 15:18:01.378,2.09793,2.09859,1.00,1.75
2016.04.22 15:18:01.479,2.09786,2.09859,1.50,1.75
2016.04.22 15:18:01.581,2.09786,2.09858,2.25,1.75
2016.04.22 15:18:01.682,2.09802,2.09853,1.00,1.00
2016.04.22 15:18:01.733,2.09802,2.09862,1.50,1.87
2016.04.22 15:18:01.784,2.09802,2.09862,1.87,1.12
2016.04.22 15:18:01.885,2.09802,2.09869,2.25,1.09
2016.04.22 15:18:02.237,2.09803,2.09869,1.75,1.09
2016.04.22 15:18:02.390,2.09806,2.09869,1.50,1.09
2016.04.22 15:18:02.611,2.09806,2.09869,1.12,1.09
2016.04.22 15:18:02.864,2.09802,2.09864,1.50,1.37
2016.04.22 15:18:02.965,2.09802,2.09864,1.00,1.75
2016.04.22 15:18:03.378,2.09802,2.09864,1.00,1.75
2016.04.22 15:18:03.430,2.09796,2.09858,1.00,1.75
2016.04.22 15:18:03.683,2.09796,2.09857,1.00,1.75
2016.04.22 15:18:03.886,2.09796,2.09857,1.00,1.75
2016.04.22 15:18:04.089,2.09801,2.09862,1.00,2.25
2016.04.22 15:18:04.318,2.09801,2.09862,1.00,1.75
2016.04.22 15:18:04.470,2.09795,2.09859,1.87,1.75
2016.04.22 15:18:04.522,2.09804,2.09859,1.00,1.75
2016.04.22 15:18:04.623,2.09795,2.09859,1.00,1.75
2016.04.22 15:18:04.775,2.09802,2.09859,1.00,1.75
2016.04.22 15:18:04.877,2.09802,2.09859,1.00,1.75
2016.04.22 15:18:04.928,2.09795,2.09859,1.75,1.75
2016.04.22 15:18:04.978,2.09795,2.09859,1.37,1.75
2016.04.22 15:18:05.344,2.09795,2.09859,1.50,1.75
2016.04.22 15:18:05.497,2.09795,2.09859,1.00,1.75
2016.04.22 15:18:05.599,2.09795,2.09859,1.12,1.75
2016.04.22 15:18:05.701,2.09795,2.09859,1.00,1.75
2016.04.22 15:18:06.004,2.09795,2.09859,1.00,1.75
2016.04.22 15:18:06.339,2.09811,2.09859,1.00,1.75
2016.04.22 15:18:06.444,2.09814,2.09875,1.50,1.75
2016.04.22 15:18:06.495,2.09814,2.09877,1.75,1.75
2016.04.22 15:18:06.698,2.09818,2.09886,1.75,1.75
2016.04.22 15:18:07.337,2.09818,2.09888,1.50,1.75
2016.04.22 15:18:07.603,2.09819,2.09888,1.75,1.75
2016.04.22 15:18:08.363,2.09818,2.09888,1.75,1.75
2016.04.22 15:18:09.069,2.09831,2.09888,1.00,1.75
2016.04.22 15:18:09.120,2.09831,2.09888,1.00,1.75
2016.04.22 15:18:09.322,2.09831,2.09888,1.00,1.75
2016.04.22 15:18:09.638,2.09821,2.09888,1.37,1.75
2016.04.22 15:18:09.740,2.09831,2.09888,1.00,1.75
2016.04.22 15:18:09.841,2.09822,2.09888,1.00,2.25
2016.04.22 15:18:09.943,2.09832,2.09885,1.00,1.75
2016.04.22 15:18:10.196,2.09821,2.09883,1.00,1.75
2016.04.22 15:18:10.724,2.09821,2.09883,1.00,1.75
2016.04.22 15:18:11.328,2.09821,2.09886,1.00,1.75
2016.04.22 15:18:11.651,2.09822,2.09883,1.00,1.75
2016.04.22 15:18:11.965,2.09822,2.09882,1.00,1.75
2016.04.22 15:18:12.117,2.09822,2.09882,1.00,1.75
2016.04.22 15:18:12.630,2.09822,2.09882,1.00,1.75
2016.04.22 15:18:13.153,2.09821,2.09889,1.00,1.75
2016.04.22 15:18:13.936,2.09821,2.09887,1.00,1.75
2016.04.22 15:18:14.349,2.09818,2.09878,1.00,1.75
2016.04.22 15:18:14.450,2.09811,2.09878,1.75,1.75
2016.04.22 15:18:14.502,2.09821,2.09878,1.00,1.75
2016.04.22 15:18:14.755,2.09821,2.09879,1.00,1.75
2016.04.22 15:18:15.368,2.09813,2.09879,1.75,1.75
2016.04.22 15:18:15.890,2.09821,2.09879,1.00,1.75
2016.04.22 15:18:16.343,2.09821,2.09879,1.00,1.75
2016.04.22 15:18:16.878,2.09821,2.09879,1.00,1.75
2016.04.22 15:18:17.194,2.09821,2.0988,1.00,1.84
2016.04.22 15:18:17.695,2.09821,2.09879,1.00,1.75
2016.04.22 15:18:18.234,2.09821,2.09879,1.00,1.75
2016.04.22 15:18:18.537,2.09822,2.09879,1.00,2.25
2016.04.22 15:18:18.762,2.09821,2.09879,1.00,2.25
2016.04.22 15:18:18.935,2.09821,2.09873,1.00,1.00
2016.04.22 15:18:19.036,2.09821,2.09879,1.00,1.75
2016.04.22 15:18:19.188,2.09812,2.09879,1.00,1.75
2016.04.22 15:18:19.239,2.09812,2.0988,1.00,1.84
2016.04.22 15:18:19.542,2.09788,2.09859,1.37,1.75
2016.04.22 15:18:19.593,2.09788,2.09855,1.00,1.75
2016.04.22 15:18:19.808,2.09791,2.09839,1.00,1.00
2016.04.22 15:18:19.859,2.09781,2.09846,1.75,1.75
2016.04.22 15:18:19.960,2.09786,2.09847,1.00,1.12
2016.04.22 15:18:20.062,2.09785,2.09853,1.00,1.75
2016.04.22 15:18:20.264,2.09785,2.09853,1.00,1.75
2016.04.22 15:18:20.467,2.09785,2.09856,1.87,1.75
2016.04.22 15:18:20.771,2.09785,2.09856,1.87,1.75
2016.04.22 15:18:20.872,2.09786,2.09856,1.75,1.75
2016.04.22 15:18:21.075,2.09792,2.09856,1.00,1.75
2016.04.22 15:18:21.379,2.09786,2.09857,1.00,2.25
2016.04.22 15:18:21.907,2.09785,2.09854,1.50,1.75
2016.04.22 15:18:22.459,2.09785,2.09854,1.50,1.75
2016.04.22 15:18:23.029,2.09785,2.09853,1.50,1.75
2016.04.22 15:18:23.186,2.09785,2.09853,1.50,1.75
2016.04.22 15:18:23.287,2.09796,2.09856,1.00,1.75
2016.04.22 15:18:23.490,2.09811,2.09866,1.00,1.00
2016.04.22 15:18:23.541,2.09811,2.09877,1.00,2.25
2016.04.22 15:18:23.592,2.09811,2.09877,1.37,2.25
2016.04.22 15:18:23.693,2.09811,2.09876,1.75,1.50
2016.04.22 15:18:23.795,2.09811,2.09877,1.00,2.25
2016.04.22 15:18:23.846,2.09805,2.09877,1.75,2.25
2016.04.22 15:18:23.896,2.09806,2.09876,1.75,1.75
2016.04.22 15:18:24.093,2.09806,2.09876,1.75,1.75
2016.04.22 15:18:24.561,2.09806,2.09876,1.75,1.75
2016.04.22 15:18:24.867,2.09811,2.09876,1.50,1.75
2016.04.22 15:18:25.217,2.09816,2.09882,1.00,1.87
2016.04.22 15:18:25.521,2.09815,2.0988,1.00,1.75
2016.04.22 15:18:25.572,2.09815,2.0988,1.00,1.75
2016.04.22 15:18:25.868,2.09816,2.0988,1.00,1.75
2016.04.22 15:18:26.020,2.09808,2.09876,1.00,1.75
2016.04.22 15:18:26.199,2.09804,2.09876,1.37,1.75
2016.04.22 15:18:26.452,2.09735,2.09793,1.00,1.50
2016.04.22 15:18:26.554,2.09711,2.09785,1.87,1.37
2016.04.22 15:18:26.605,2.09719,2.09782,1.50,1.12
2016.04.22 15:18:26.945,2.09695,2.0976,1.75,1.37
2016.04.22 15:18:27.097,2.09691,2.09751,1.00,1.37
2016.04.22 15:18:27.148,2.09685,2.09751,1.00,1.37
2016.04.22 15:18:27.199,2.09691,2.09756,1.00,1.37
2016.04.22 15:18:27.301,2.09697,2.09763,1.00,1.37
2016.04.22 15:18:27.402,2.09692,2.09762,1.87,1.37
2016.04.22 15:18:27.453,2.09684,2.0975,1.37,1.00
2016.04.22 15:18:27.744,2.09684,2.09751,1.12,1.75
2016.04.22 15:18:27.800,2.09684,2.09751,1.37,1.75
2016.04.22 15:18:28.104,2.09685,2.0975,1.00,1.75
2016.04.22 15:18:28.205,2.0969,2.09757,1.00,1.75
2016.04.22 15:18:28.256,2.09685,2.09751,1.12,1.37
2016.04.22 15:18:28.545,2.09685,2.09751,1.00,1.75
2016.04.22 15:18:28.697,2.09685,2.09751,1.75,1.00
2016.04.22 15:18:28.748,2.09681,2.09742,1.75,1.00
2016.04.22 15:18:29.051,2.09682,2.09735,1.00,1.75
2016.04.22 15:18:29.203,2.09682,2.09735,1.00,1.50
2016.04.22 15:18:29.427,2.09671,2.09735,1.75,1.00
2016.04.22 15:18:29.680,2.09675,2.09737,1.00,1.00
2016.04.22 15:18:29.731,2.09675,2.09741,1.00,1.75
2016.04.22 15:18:30.035,2.09682,2.09741,1.00,1.75
2016.04.22 15:18:30.237,2.09682,2.09741,1.00,1.50
2016.04.22 15:18:30.402,2.09692,2.09741,1.00,1.12
2016.04.22 15:18:30.452,2.09691,2.09747,1.00,1.87
2016.04.22 15:18:30.604,2.09692,2.09747,1.00,1.87
2016.04.22 15:18:30.705,2.09692,2.09747,1.00,1.50
2016.04.22 15:18:30.807,2.09692,2.09747,1.00,1.87
2016.04.22 15:18:30.858,2.09681,2.09747,1.00,1.87
2016.04.22 15:18:31.010,2.09682,2.09747,1.37,1.50
2016.04.22 15:18:31.389,2.09686,2.0975,1.37,1.00
2016.04.22 15:18:31.694,2.09663,2.09721,1.00,1.75
2016.04.22 15:18:32.240,2.09652,2.09719,1.50,1.37
2016.04.22 15:18:32.398,2.09652,2.09719,1.50,1.37
2016.04.22 15:18:32.718,2.09659,2.09719,1.00,1.50
2016.04.22 15:18:33.033,2.09659,2.09723,1.50,1.75
2016.04.22 15:18:33.084,2.09661,2.09723,1.00,1.75
2016.04.22 15:18:33.236,2.09663,2.09727,1.37,1.00
2016.04.22 15:18:33.287,2.09672,2.09727,1.00,1.00
2016.04.22 15:18:33.615,2.09681,2.09738,1.00,1.00
2016.04.22 15:18:33.716,2.09681,2.0974,1.00,1.00
2016.04.22 15:18:33.767,2.09681,2.0974,1.37,1.00
2016.04.22 15:18:33.818,2.09682,2.09746,1.50,1.00
2016.04.22 15:18:33.869,2.09682,2.09746,1.50,1.00
2016.04.22 15:18:33.971,2.09686,2.09751,1.12,1.37
2016.04.22 15:18:34.072,2.09686,2.09751,1.75,1.00
2016.04.22 15:18:34.528,2.09686,2.09751,1.50,1.00
2016.04.22 15:18:34.831,2.09686,2.09751,1.50,1.00
2016.04.22 15:18:35.235,2.09686,2.09751,1.75,1.00
2016.04.22 15:18:35.402,2.09686,2.09751,1.75,1.00
2016.04.22 15:18:35.558,2.0969,2.09751,1.37,1.00
2016.04.22 15:18:35.761,2.09692,2.09757,1.12,1.00
2016.04.22 15:18:35.863,2.09691,2.09758,2.62,1.00
2016.04.22 15:18:36.016,2.09698,2.09762,1.37,1.12
2016.04.22 15:18:36.067,2.09702,2.09762,1.00,1.00
2016.04.22 15:18:37.051,2.09701,2.09762,1.12,1.00
2016.04.22 15:18:37.460,2.09701,2.09763,1.50,1.00
2016.04.22 15:18:37.562,2.09703,2.0977,1.75,1.00
2016.04.22 15:18:37.613,2.09711,2.09771,1.00,1.00
2016.04.22 15:18:37.866,2.09716,2.09783,2.25,1.00
2016.04.22 15:18:37.917,2.09722,2.09783,1.00,1.00
2016.04.22 15:18:38.221,2.09716,2.09783,1.87,1.00
2016.04.22 15:18:38.804,2.09716,2.09783,1.87,1.12
2016.04.22 15:18:39.107,2.09717,2.09783,1.37,1.12
2016.04.22 15:18:39.210,2.09716,2.09783,2.25,1.37
2016.04.22 15:18:39.725,2.09721,2.09783,1.00,1.12
2016.04.22 15:18:40.028,2.09731,2.09797,1.37,1.50
2016.04.22 15:18:40.079,2.09731,2.09797,1.37,1.50
2016.04.22 15:18:40.181,2.09732,2.09797,1.50,1.37
2016.04.22 15:18:40.484,2.09732,2.09791,1.00,1.75
2016.04.22 15:18:40.802,2.09728,2.0979,1.00,1.00
2016.04.22 15:18:40.904,2.09728,2.09791,1.00,1.50
2016.04.22 15:18:41.412,2.09728,2.09791,1.00,1.75
2016.04.22 15:18:41.961,2.09731,2.09791,1.00,1.75
2016.04.22 15:18:42.063,2.09731,2.09791,1.00,1.75
2016.04.22 15:18:42.367,2.09737,2.09798,1.00,1.50
2016.04.22 15:18:42.653,2.09737,2.09798,1.00,1.75
2016.04.22 15:18:43.117,2.09737,2.09798,1.00,1.75
2016.04.22 15:18:43.515,2.09737,2.09798,1.00,1.75
2016.04.22 15:18:43.680,2.09738,2.09798,1.00,1.50
2016.04.22 15:18:43.732,2.09738,2.09798,1.00,1.75
2016.04.22 15:18:44.270,2.09738,2.09798,1.00,1.75
2016.04.22 15:18:44.731,2.09737,2.09798,1.00,1.37
2016.04.22 15:18:44.782,2.09732,2.09798,1.87,1.00
2016.04.22 15:18:44.934,2.09741,2.09801,1.00,1.00
2016.04.22 15:18:45.473,2.09742,2.09802,1.00,1.00
2016.04.22 15:18:45.772,2.09742,2.09808,1.87,1.75
2016.04.22 15:18:45.823,2.09748,2.0981,1.00,1.37
2016.04.22 15:18:45.874,2.09748,2.09811,1.00,1.12
2016.04.22 15:18:45.925,2.09752,2.09811,1.00,1.00
2016.04.22 15:18:45.976,2.09752,2.09813,1.00,1.12
2016.04.22 15:18:47.025,2.09752,2.0982,1.12,2.25
2016.04.22 15:18:47.127,2.09752,2.0982,1.37,2.25
2016.04.22 15:18:47.178,2.09756,2.0982,1.12,1.12
2016.04.22 15:18:47.516,2.09756,2.0982,1.37,1.37
2016.04.22 15:18:47.820,2.09756,2.0982,1.00,1.75
2016.04.22 15:18:47.870,2.09756,2.0982,1.00,1.75
2016.04.22 15:18:48.381,2.09757,2.0982,1.00,1.75
2016.04.22 15:18:49.131,2.09757,2.09818,1.00,1.00
2016.04.22 15:18:49.542,2.09757,2.0982,1.12,1.12
2016.04.22 15:18:50.033,2.09757,2.0982,1.00,1.37
2016.04.22 15:18:50.472,2.09759,2.09824,1.00,1.75
2016.04.22 15:18:50.573,2.09763,2.09825,1.00,1.00
2016.04.22 15:18:50.877,2.09765,2.09831,1.00,1.75
2016.04.22 15:18:51.037,2.09765,2.09827,1.00,1.00
2016.04.22 15:18:51.341,2.09769,2.09833,1.00,1.09
2016.04.22 15:18:51.473,2.09769,2.09831,1.00,1.00
2016.04.22 15:18:51.524,2.09775,2.09833,1.00,1.00
2016.04.22 15:18:51.677,2.09775,2.09835,1.00,1.00
2016.04.22 15:18:52.081,2.09775,2.09841,1.00,1.75
2016.04.22 15:18:52.234,2.09775,2.09841,1.00,1.75
2016.04.22 15:18:52.540,2.09775,2.09841,1.00,1.75
2016.04.22 15:18:52.591,2.09775,2.09841,1.00,1.75
2016.04.22 15:18:53.126,2.09775,2.09841,1.00,1.75
2016.04.22 15:18:53.327,2.09775,2.09841,1.00,1.75
2016.04.22 15:18:53.959,2.09775,2.09841,1.00,1.75
2016.04.22 15:18:54.129,2.09775,2.09835,1.00,1.00
2016.04.22 15:18:54.330,2.09775,2.09841,1.12,1.75
2016.04.22 15:18:54.832,2.09775,2.0984,1.37,1.00
2016.04.22 15:18:55.279,2.09775,2.09841,1.50,1.75
2016.04.22 15:18:55.583,2.09775,2.09841,1.12,1.75
2016.04.22 15:18:55.684,2.09775,2.09841,1.12,1.75
2016.04.22 15:18:56.449,2.09774,2.09841,1.75,1.75
2016.04.22 15:18:56.550,2.09774,2.09841,1.12,1.50
2016.04.22 15:18:56.602,2.09775,2.09826,1.12,1.00
2016.04.22 15:18:56.754,2.09774,2.09826,1.00,1.50
2016.04.22 15:18:56.906,2.09765,2.09826,1.12,1.75
2016.04.22 15:18:56.957,2.09765,2.09826,1.12,1.37
2016.04.22 15:18:57.159,2.09768,2.09834,1.00,1.12
2016.04.22 15:18:57.324,2.09773,2.09835,1.00,1.00
2016.04.22 15:18:57.375,2.09773,2.09841,1.87,1.00
2016.04.22 15:18:57.425,2.0978,2.09845,1.00,1.00
2016.04.22 15:18:57.779,2.09784,2.09841,1.00,1.00
2016.04.22 15:18:57.981,2.09775,2.09841,1.12,1.00
2016.04.22 15:18:58.420,2.09774,2.09833,1.50,1.00
2016.04.22 15:18:58.774,2.09768,2.09833,1.00,1.00
2016.04.22 15:18:59.687,2.09773,2.09837,1.00,1.37
2016.04.22 15:18:59.889,2.09777,2.09841,1.00,1.00
2016.04.22 15:19:00.092,2.09779,2.09846,1.00,1.84
2016.04.22 15:19:00.194,2.09779,2.09846,1.00,1.46
2016.04.22 15:19:00.729,2.09779,2.09846,1.00,1.09
2016.04.22 15:19:00.932,2.09777,2.0984,1.00,1.00
2016.04.22 15:19:01.236,2.09779,2.09846,1.00,1.09
2016.04.22 15:19:01.338,2.09786,2.09852,1.00,1.37
2016.04.22 15:19:01.389,2.09786,2.09833,1.00,1.00
2016.04.22 15:19:01.673,2.09771,2.09827,1.00,1.50
2016.04.22 15:19:01.826,2.09764,2.09822,1.00,1.12
2016.04.22 15:19:02.519,2.09763,2.09822,1.00,1.50
2016.04.22 15:19:02.851,2.09755,2.09806,1.00,1.12
2016.04.22 15:19:02.902,2.09751,2.09806,1.00,1.12
2016.04.22 15:19:03.004,2.09752,2.09817,1.50,1.00
2016.04.22 15:19:03.105,2.09756,2.09821,1.12,1.12
2016.04.22 15:19:03.206,2.09756,2.09821,1.37,1.00
2016.04.22 15:19:03.527,2.09752,2.09814,1.00,1.00
2016.04.22 15:19:03.831,2.0976,2.09821,1.00,1.00
2016.04.22 15:19:04.135,2.09759,2.09821,1.00,1.50
2016.04.22 15:19:04.338,2.0976,2.09821,1.00,1.12
2016.04.22 15:19:04.606,2.0976,2.09826,1.12,1.00
2016.04.22 15:19:04.808,2.09759,2.09826,1.50,1.37
2016.04.22 15:19:05.112,2.0976,2.09819,1.00,1.37
2016.04.22 15:19:05.213,2.0976,2.09819,1.00,1.50
2016.04.22 15:19:05.825,2.09759,2.09819,1.00,1.00
2016.04.22 15:19:06.027,2.09761,2.09816,1.00,1.00
2016.04.22 15:19:06.230,2.09752,2.09815,1.37,1.09
2016.04.22 15:19:06.281,2.09752,2.09815,1.00,1.09
2016.04.22 15:19:06.434,2.09761,2.09816,1.00,1.50
2016.04.22 15:19:06.767,2.09751,2.09811,1.37,1.00
2016.04.22 15:19:06.817,2.09751,2.09811,1.00,1.37
2016.04.22 15:19:07.121,2.09752,2.09811,1.00,1.75
2016.04.22 15:19:07.690,2.09751,2.09811,1.00,1.75
2016.04.22 15:19:07.741,2.09744,2.09811,1.12,1.75
2016.04.22 15:19:07.893,2.09752,2.09811,1.00,1.75
2016.04.22 15:19:07.944,2.09752,2.09811,1.00,1.75
2016.04.22 15:19:07.995,2.09744,2.09811,1.12,1.75
2016.04.22 15:19:08.046,2.09744,2.09804,1.00,1.37
2016.04.22 15:19:08.198,2.09731,2.09791,1.37,1.00
2016.04.22 15:19:08.401,2.0973,2.09792,1.00,1.37
2016.04.22 15:19:08.599,2.0973,2.09792,1.37,1.00
2016.04.22 15:19:08.651,2.09742,2.09801,1.00,1.00
2016.04.22 15:19:08.752,2.09739,2.09791,1.37,1.00
2016.04.22 15:19:09.056,2.09731,2.09786,1.00,1.75
2016.04.22 15:19:09.213,2.09724,2.0978,1.37,1.37
2016.04.22 15:19:09.264,2.09726,2.0978,1.00,1.00
2016.04.22 15:19:09.315,2.09727,2.09791,1.00,1.87
2016.04.22 15:19:09.416,2.09727,2.09791,1.12,1.00
2016.04.22 15:19:09.467,2.09727,2.09791,1.12,1.37
2016.04.22 15:19:09.790,2.09727,2.09791,1.37,1.00
2016.04.22 15:19:10.093,2.09731,2.09791,1.75,1.00
2016.04.22 15:19:10.244,2.09731,2.09791,1.00,1.00
2016.04.22 15:19:10.295,2.09727,2.09791,1.37,1.00
2016.04.22 15:19:10.447,2.09727,2.09791,1.00,1.37
2016.04.22 15:19:10.549,2.09727,2.09791,1.00,1.50
2016.04.22 15:19:10.650,2.0972,2.09785,1.12,1.37
2016.04.22 15:19:10.970,2.09714,2.09774,1.00,1.75
2016.04.22 15:19:11.073,2.09711,2.09773,1.00,1.75
2016.04.22 15:19:11.174,2.09712,2.09773,1.00,1.12
2016.04.22 15:19:11.652,2.09712,2.09773,1.00,1.37
2016.04.22 15:19:11.704,2.09707,2.09773,1.00,1.75
2016.04.22 15:19:11.939,2.09707,2.09773,1.37,1.75
2016.04.22 15:19:12.242,2.09712,2.09773,1.50,1.00
2016.04.22 15:19:12.596,2.09722,2.09779,1.00,1.37
2016.04.22 15:19:12.936,2.09722,2.09779,1.00,1.50
2016.04.22 15:19:12.987,2.09716,2.09779,1.00,1.50
2016.04.22 15:19:14.771,2.09716,2.09779,1.00,1.75
2016.04.22 15:19:14.966,2.09713,2.09779,1.00,2.25
2016.04.22 15:19:15.017,2.09711,2.09773,1.00,1.50
2016.04.22 15:19:15.068,2.09711,2.09773,1.00,1.75
2016.04.22 15:19:15.372,2.09712,2.09779,1.87,1.75
2016.04.22 15:19:15.474,2.09717,2.0978,1.00,1.75
2016.04.22 15:19:15.999,2.09718,2.09785,1.87,1.75
2016.04.22 15:19:16.050,2.09722,2.09785,1.00,1.75
2016.04.22 15:19:16.556,2.09721,2.09778,1.00,1.12
2016.04.22 15:19:17.911,2.09722,2.09778,1.00,1.00
2016.04.22 15:19:18.428,2.09722,2.09778,1.00,1.50
2016.04.22 15:19:19.028,2.09722,2.09778,1.00,1.50
2016.04.22 15:19:19.480,2.09722,2.09778,1.00,1.37
2016.04.22 15:19:20.082,2.09722,2.09777,1.00,1.12
2016.04.22 15:19:20.234,2.09718,2.09777,1.00,1.12
2016.04.22 15:19:20.568,2.09718,2.09778,1.00,1.50
2016.04.22 15:19:20.771,2.09722,2.09778,1.00,1.37
2016.04.22 15:19:21.126,2.09731,2.09784,1.00,1.50
2016.04.22 15:19:21.228,2.09727,2.09784,1.00,1.00
2016.04.22 15:19:21.279,2.09727,2.09792,1.37,1.37
2016.04.22 15:19:21.381,2.09732,2.09796,1.12,1.34
2016.04.22 15:19:21.931,2.0973,2.09797,1.37,1.37
2016.04.22 15:19:21.982,2.0973,2.09797,1.00,1.50
2016.04.22 15:19:22.285,2.0973,2.09797,1.37,1.12
2016.04.22 15:19:22.387,2.0973,2.09797,1.75,1.12
2016.04.22 15:19:22.890,2.0973,2.09797,1.75,1.87
2016.04.22 15:19:23.447,2.0973,2.09797,1.75,1.37
2016.04.22 15:19:23.608,2.09731,2.09797,1.00,1.37
2016.04.22 15:19:23.912,2.0973,2.09797,1.12,2.25
2016.04.22 15:19:24.212,2.0973,2.09797,1.37,1.50
2016.04.22 15:19:24.313,2.0973,2.09797,1.37,1.50
2016.04.22 15:19:24.515,2.0973,2.09797,1.50,1.75
2016.04.22 15:19:24.819,2.09732,2.09797,1.37,1.75
2016.04.22 15:19:25.350,2.09732,2.09797,1.37,1.87
2016.04.22 15:19:25.884,2.09732,2.09797,1.00,1.75
2016.04.22 15:19:26.456,2.09732,2.09797,1.00,2.25
2016.04.22 15:19:26.832,2.09721,2.09789,1.87,2.25
2016.04.22 15:19:26.984,2.09718,2.09778,1.37,1.00
2016.04.22 15:19:27.187,2.09717,2.09783,1.12,1.75
2016.04.22 15:19:27.238,2.09717,2.09777,1.00,1.37
2016.04.22 15:19:27.491,2.09712,2.09777,1.12,1.75
2016.04.22 15:19:27.542,2.09712,2.09777,1.37,1.75
2016.04.22 15:19:27.863,2.09711,2.09777,1.75,1.50
2016.04.22 15:19:27.926,2.09711,2.09777,1.75,1.12
2016.04.22 15:19:28.229,2.09723,2.09786,1.00,1.09
2016.04.22 15:19:28.381,2.09723,2.09788,1.37,1.00
2016.04.22 15:19:28.666,2.09723,2.09787,2.25,1.37
2016.04.22 15:19:28.868,2.09723,2.09787,2.25,1.50
2016.04.22 15:19:28.970,2.09723,2.09788,2.25,1.37
2016.04.22 15:19:29.290,2.09723,2.09788,2.25,1.12
2016.04.22 15:19:29.781,2.09723,2.09788,1.75,1.00
2016.04.22 15:19:30.287,2.09726,2.09789,1.75,1.00
2016.04.22 15:19:30.641,2.09732,2.09789,1.37,1.00
2016.04.22 15:19:30.908,2.09731,2.09794,1.75,1.00
2016.04.22 15:19:31.576,2.09731,2.09794,1.75,1.00
2016.04.22 15:19:32.145,2.09731,2.09794,1.75,1.00
2016.04.22 15:19:32.448,2.09736,2.09794,1.00,1.00
2016.04.22 15:19:32.549,2.09731,2.09794,1.75,1.00
2016.04.22 15:19:33.192,2.09731,2.09794,1.75,1.00
2016.04.22 15:19:33.294,2.09731,2.09794,1.37,1.37
2016.04.22 15:19:33.761,2.09731,2.09794,1.37,1.00
2016.04.22 15:19:34.369,2.09731,2.09794,1.75,1.12
2016.04.22 15:19:34.521,2.09731,2.09794,1.12,1.75
2016.04.22 15:19:34.893,2.09729,2.09794,1.12,1.75
2016.04.22 15:19:35.911,2.09726,2.09791,1.37,1.75
2016.04.22 15:19:35.962,2.09726,2.0979,1.12,1.09
2016.04.22 15:19:36.013,2.09732,2.09789,1.00,1.09
2016.04.22 15:19:36.904,2.09732,2.09786,1.00,1.09
2016.04.22 15:19:38.575,2.09732,2.09787,1.00,1.34
2016.04.22 15:19:39.491,2.09732,2.09787,1.00,1.09
2016.04.22 15:19:40.159,2.09731,2.09786,1.12,1.09
2016.04.22 15:19:40.940,2.09731,2.09786,1.12,1.09
2016.04.22 15:19:40.994,2.09719,2.09773,1.75,1.50
2016.04.22 15:19:41.500,2.09713,2.09772,1.12,1.46
2016.04.22 15:19:41.927,2.09705,2.09771,1.75,1.37
2016.04.22 15:19:42.312,2.09711,2.09771,1.50,1.00
2016.04.22 15:19:42.831,2.09705,2.09772,1.75,1.46
2016.04.22 15:19:43.147,2.09705,2.09772,1.75,1.46
2016.04.22 15:19:43.197,2.09705,2.09772,1.75,1.09
2016.04.22 15:19:43.733,2.09711,2.09771,1.00,1.12
2016.04.22 15:19:44.087,2.09711,2.09772,1.37,1.09
2016.04.22 15:19:45.092,2.09711,2.09772,1.37,1.09
2016.04.22 15:19:45.244,2.09711,2.09773,1.75,1.34
2016.04.22 15:19:45.497,2.09712,2.09773,1.50,1.71
2016.04.22 15:19:45.726,2.09711,2.09772,1.37,1.09
2016.04.22 15:19:46.124,2.09711,2.09769,1.37,1.00
2016.04.22 15:19:46.701,2.09711,2.09769,1.37,1.00
2016.04.22 15:19:47.145,2.09711,2.09769,1.00,1.00
2016.04.22 15:19:47.601,2.09712,2.09769,1.00,1.37
2016.04.22 15:19:48.339,2.09712,2.09769,1.00,1.75
2016.04.22 15:19:48.696,2.09711,2.09764,1.00,1.50
2016.04.22 15:19:49.099,2.09711,2.09764,1.00,1.75
2016.04.22 15:19:49.203,2.09711,2.09762,1.00,1.00
2016.04.22 15:19:49.411,2.09711,2.09764,1.00,1.75
2016.04.22 15:19:49.837,2.09711,2.09764,1.00,1.75
2016.04.22 15:19:50.440,2.09711,2.09763,1.00,1.00
2016.04.22 15:19:50.810,2.09722,2.09771,1.00,2.21
2016.04.22 15:19:51.349,2.09721,2.09777,1.00,1.84
2016.04.22 15:19:51.930,2.09722,2.09773,1.00,1.09
2016.04.22 15:19:52.511,2.09732,2.09773,1.00,1.09
2016.04.22 15:19:52.612,2.09722,2.0977,1.00,1.34
2016.04.22 15:19:53.033,2.09721,2.09766,1.00,1.09
2016.04.22 15:19:53.519,2.09721,2.09766,1.00,1.09
2016.04.22 15:19:54.066,2.09721,2.09768,1.00,1.09
2016.04.22 15:19:54.900,2.09711,2.09768,1.00,1.09
2016.04.22 15:19:55.346,2.09711,2.09766,1.00,1.09
2016.04.22 15:19:55.772,2.09712,2.09766,1.00,1.09
2016.04.22 15:19:56.293,2.09712,2.09764,1.00,1.12
2016.04.22 15:19:56.344,2.09709,2.09764,1.37,1.37
2016.04.22 15:19:56.653,2.09699,2.09758,1.12,1.00
2016.04.22 15:19:56.956,2.09694,2.09754,1.75,1.75
2016.04.22 15:19:57.360,2.09694,2.09754,1.00,1.50
2016.04.22 15:19:57.595,2.09686,2.09754,1.75,1.75
2016.04.22 15:19:57.645,2.09687,2.09754,1.00,1.75
2016.04.22 15:19:57.948,2.09686,2.09754,1.75,2.25
2016.04.22 15:19:58.252,2.09684,2.09748,1.87,1.75
2016.04.22 15:19:58.675,2.09683,2.09748,2.25,1.75
2016.04.22 15:19:58.878,2.09683,2.09748,1.50,1.75
2016.04.22 15:19:59.565,2.09681,2.09744,2.25,1.75
2016.04.22 15:19:59.903,2.09682,2.09742,1.00,1.75
2016.04.22 15:20:00.055,2.09682,2.09742,1.00,1.75
2016.04.22 15:20:00.157,2.09681,2.09742,1.00,1.75
2016.04.22 15:20:00.460,2.09682,2.09737,1.00,1.75
2016.04.22 15:20:00.512,2.09672,2.09737,1.50,1.75
2016.04.22 15:20:00.770,2.09671,2.09725,1.00,1.37
2016.04.22 15:20:00.973,2.09659,2.09725,1.37,2.25
2016.04.22 15:20:01.075,2.09653,2.09717,2.25,1.75
2016.04.22 15:20:01.278,2.09653,2.09718,1.75,1.75
2016.04.22 15:20:01.991,2.09653,2.09717,1.75,1.75
2016.04.22 15:20:02.092,2.09657,2.09718,1.12,1.75
2016.04.22 15:20:02.511,2.09662,2.09718,1.00,1.75
2016.04.22 15:20:02.903,2.09673,2.09724,1.37,1.00
2016.04.22 15:20:03.005,2.09682,2.0974,1.00,1.50
2016.04.22 15:20:03.106,2.09674,2.09735,1.87,1.00
2016.04.22 15:20:03.157,2.09681,2.09735,1.00,1.00
2016.04.22 15:20:03.208,2.09681,2.09743,1.37,1.50
2016.04.22 15:20:03.309,2.09681,2.09743,1.00,1.75
2016.04.22 15:20:03.512,2.09683,2.09744,1.00,1.50
2016.04.22 15:20:03.563,2.09683,2.09745,1.00,1.75
2016.04.22 15:20:03.899,2.09681,2.09738,1.00,1.00
2016.04.22 15:20:04.203,2.09691,2.0975,1.00,1.75
2016.04.22 15:20:04.608,2.09682,2.0975,1.12,1.75
2016.04.22 15:20:04.924,2.09682,2.09742,1.00,1.75
2016.04.22 15:20:05.026,2.09673,2.09738,1.87,1.75
2016.04.22 15:20:06.205,2.09673,2.09738,1.75,1.75
2016.04.22 15:20:06.357,2.09681,2.09738,1.00,1.50
2016.04.22 15:20:06.662,2.09681,2.09738,1.00,1.75
2016.04.22 15:20:06.814,2.09674,2.09738,1.12,1.75
2016.04.22 15:20:07.526,2.09673,2.09738,1.75,1.75
2016.04.22 15:20:08.085,2.09673,2.09738,1.37,1.75
2016.04.22 15:20:08.388,2.09674,2.09738,1.00,1.75
2016.04.22 15:20:08.716,2.09672,2.09732,1.00,1.75
2016.04.22 15:20:09.240,2.09671,2.09732,1.00,1.75
2016.04.22 15:20:09.695,2.09664,2.09732,1.75,1.75
2016.04.22 15:20:09.869,2.09671,2.09732,1.00,1.75
2016.04.22 15:20:10.021,2.09664,2.09731,1.00,1.75
2016.04.22 15:20:10.072,2.09662,2.09726,1.12,1.75
2016.04.22 15:20:10.123,2.09672,2.09724,1.00,1.75
2016.04.22 15:20:10.428,2.09672,2.09723,1.00,1.75
2016.04.22 15:20:10.735,2.09671,2.09718,1.00,1.00
2016.04.22 15:20:10.909,2.09661,2.09718,1.00,1.00
2016.04.22 15:20:10.960,2.09661,2.0972,1.00,1.75
2016.04.22 15:20:11.213,2.09648,2.09714,1.37,2.25
2016.04.22 15:20:11.415,2.09648,2.09713,1.37,1.75
2016.04.22 15:20:11.517,2.09648,2.09714,1.75,2.25
2016.04.22 15:20:11.568,2.09663,2.09714,1.00,1.75
2016.04.22 15:20:11.619,2.09656,2.09714,1.75,1.00
2016.04.22 15:20:11.720,2.0966,2.09722,1.00,1.12
2016.04.22 15:20:11.821,2.09661,2.09724,1.00,1.75
2016.04.22 15:20:11.923,2.09661,2.09724,1.00,1.75
2016.04.22 15:20:12.247,2.0966,2.09724,1.12,1.75
2016.04.22 15:20:12.554,2.0966,2.09724,1.37,1.75
2016.04.22 15:20:12.807,2.09661,2.09721,1.12,1.00
2016.04.22 15:20:13.110,2.09661,2.09723,1.37,1.00
2016.04.22 15:20:13.415,2.09682,2.09729,1.00,1.37
2016.04.22 15:20:13.518,2.09682,2.09733,1.00,1.00
2016.04.22 15:20:13.619,2.09682,2.09737,1.00,1.00
2016.04.22 15:20:13.922,2.09682,2.09738,1.00,1.50
2016.04.22 15:20:14.082,2.09674,2.09739,1.12,1.75
2016.04.22 15:20:14.690,2.09674,2.09739,1.00,1.75
2016.04.22 15:20:14.741,2.09674,2.09739,1.37,1.75
2016.04.22 15:20:14.944,2.09674,2.09738,1.00,1.75
2016.04.22 15:20:15.249,2.09674,2.09738,1.00,1.75
2016.04.22 15:20:15.756,2.09674,2.09738,1.00,1.75
2016.04.22 15:20:16.131,2.09674,2.09739,1.00,1.75
2016.04.22 15:20:16.435,2.09667,2.09733,1.87,1.50
2016.04.22 15:20:16.683,2.09662,2.09727,1.00,1.75
2016.04.22 15:20:16.734,2.09661,2.09726,1.12,1.75
2016.04.22 15:20:16.835,2.09661,2.09722,1.00,1.50
2016.04.22 15:20:17.151,2.09661,2.09715,1.00,1.75
2016.04.22 15:20:17.353,2.09652,2.09711,1.00,1.75
2016.04.22 15:20:17.455,2.09652,2.09711,1.00,1.75
2016.04.22 15:20:17.506,2.09645,2.09711,1.00,1.75
2016.04.22 15:20:17.608,2.09642,2.09703,1.87,1.75
2016.04.22 15:20:18.332,2.09642,2.09704,2.25,1.75
2016.04.22 15:20:18.433,2.09642,2.09704,2.25,1.50
2016.04.22 15:20:18.846,2.09642,2.09704,1.87,1.37
2016.04.22 15:20:19.353,2.09642,2.09704,1.37,1.50
2016.04.22 15:20:19.859,2.09642,2.09704,1.37,1.00
2016.04.22 15:20:19.910,2.09651,2.09704,1.00,1.00
2016.04.22 15:20:19.961,2.09651,2.09709,1.00,1.12
2016.04.22 15:20:20.162,2.09652,2.09709,1.00,1.12
2016.04.22 15:20:20.213,2.09643,2.09709,1.00,1.12
2016.04.22 15:20:20.465,2.09643,2.09707,1.00,1.00
2016.04.22 15:20:20.567,2.09643,2.09709,1.12,1.12
2016.04.22 15:20:20.870,2.09643,2.09706,1.12,1.00
2016.04.22 15:20:21.284,2.09643,2.0971,1.00,1.75
2016.04.22 15:20:22.069,2.09643,2.0971,1.37,1.37
2016.04.22 15:20:22.120,2.09643,2.0971,1.75,1.00
2016.04.22 15:20:22.283,2.09643,2.0971,1.75,1.12
2016.04.22 15:20:22.761,2.09643,2.0971,1.75,1.37
2016.04.22 15:20:22.863,2.09643,2.0971,1.50,1.75
2016.04.22 15:20:23.166,2.09641,2.09694,1.00,1.37
2016.04.22 15:20:23.507,2.09641,2.09693,1.00,1.50
2016.04.22 15:20:23.558,2.09631,2.09694,1.87,1.37
2016.04.22 15:20:23.873,2.09631,2.09693,1.87,1.37
2016.04.22 15:20:24.177,2.09631,2.09694,2.25,1.00
2016.04.22 15:20:24.480,2.09642,2.09693,1.00,1.00
2016.04.22 15:20:24.531,2.09643,2.09707,1.50,1.84
2016.04.22 15:20:24.582,2.09645,2.09708,1.37,1.09
2016.04.22 15:20:24.632,2.09645,2.09711,1.37,1.75
2016.04.22 15:20:24.683,2.09645,2.09711,1.75,1.50
2016.04.22 15:20:24.734,2.09662,2.09711,1.00,1.50
2016.04.22 15:20:25.290,2.09662,2.09711,1.00,1.12
2016.04.22 15:20:25.392,2.09652,2.09711,1.00,1.37
2016.04.22 15:20:25.678,2.09651,2.09711,1.00,1.50
2016.04.22 15:20:25.830,2.09662,2.09711,1.00,1.37
2016.04.22 15:20:25.932,2.09661,2.09712,1.00,1.00
2016.04.22 15:20:26.236,2.09661,2.09715,1.00,1.37
2016.04.22 15:20:26.287,2.09661,2.0972,1.00,1.12
2016.04.22 15:20:26.389,2.09662,2.09722,1.00,1.12
2016.04.22 15:20:26.611,2.09662,2.09722,1.00,1.37
2016.04.22 15:20:26.813,2.09654,2.09717,1.00,1.75
2016.04.22 15:20:26.864,2.09651,2.09713,1.00,1.37
2016.04.22 15:20:26.915,2.09651,2.09713,1.37,1.00
2016.04.22 15:20:26.966,2.09651,2.09717,1.75,1.37
2016.04.22 15:20:27.017,2.09651,2.09717,1.75,1.00
2016.04.22 15:20:27.169,2.09655,2.09722,1.00,2.25
2016.04.22 15:20:27.506,2.09655,2.09722,1.75,2.25
2016.04.22 15:20:27.612,2.09655,2.09721,1.75,1.37
2016.04.22 15:20:27.662,2.09655,2.09722,1.37,2.25
2016.04.22 15:20:27.967,2.09661,2.09716,1.00,1.00
2016.04.22 15:20:28.068,2.09655,2.09722,1.00,2.25
2016.04.22 15:20:28.170,2.09651,2.09714,1.00,1.00
2016.04.22 15:20:28.221,2.09651,2.09717,1.00,1.87
2016.04.22 15:20:28.529,2.09651,2.09713,1.00,1.50
2016.04.22 15:20:29.034,2.09649,2.09713,1.37,1.37
2016.04.22 15:20:29.314,2.09651,2.09712,1.37,1.00
2016.04.22 15:20:29.416,2.09652,2.09713,1.00,1.12
2016.04.22 15:20:29.828,2.09652,2.09712,1.12,1.37
2016.04.22 15:20:30.172,2.09651,2.09712,1.75,1.00
2016.04.22 15:20:30.710,2.09651,2.09713,1.75,1.00
2016.04.22 15:20:30.793,2.09651,2.09713,1.75,1.00
2016.04.22 15:20:31.396,2.09654,2.09712,1.00,1.00
2016.04.22 15:20:31.447,2.09671,2.09712,1.00,1.00
2016.04.22 15:20:31.613,2.09672,2.09733,1.37,1.01
2016.04.22 15:20:31.664,2.09677,2.09736,1.37,1.30
2016.04.22 15:20:31.716,2.09677,2.09736,1.75,1.30
2016.04.22 15:20:31.868,2.09677,2.09742,1.75,1.00
2016.04.22 15:20:31.969,2.09677,2.09743,1.50,1.00
2016.04.22 15:20:32.020,2.09682,2.09743,1.00,1.37
2016.04.22 15:20:32.172,2.09672,2.09737,1.00,1.75
2016.04.22 15:20:32.274,2.09672,2.09731,1.00,1.00
2016.04.22 15:20:32.324,2.09669,2.09731,1.00,1.00
2016.04.22 15:20:32.426,2.09672,2.09731,1.00,1.00
2016.04.22 15:20:32.952,2.09671,2.09722,1.00,1.00
2016.04.22 15:20:33.255,2.09662,2.09717,1.00,1.75
2016.04.22 15:20:33.559,2.09662,2.09713,1.00,1.75
2016.04.22 15:20:33.660,2.09648,2.09712,1.37,1.75
2016.04.22 15:20:33.837,2.09648,2.09712,1.37,1.75
2016.04.22 15:20:33.939,2.09652,2.09712,1.12,1.50
2016.04.22 15:20:33.990,2.09652,2.09712,1.12,1.12
2016.04.22 15:20:34.778,2.09648,2.09712,1.00,1.50
2016.04.22 15:20:34.829,2.09648,2.09712,1.00,1.75
2016.04.22 15:20:35.169,2.09648,2.09713,1.00,1.75
2016.04.22 15:20:35.748,2.09652,2.09713,1.00,1.75
2016.04.22 15:20:35.850,2.09648,2.09713,1.00,1.75
2016.04.22 15:20:36.026,2.09648,2.09713,1.37,1.50
2016.04.22 15:20:36.369,2.09648,2.09713,1.37,1.50
2016.04.22 15:20:36.422,2.09648,2.09713,1.75,1.37
2016.04.22 15:20:36.729,2.09648,2.09712,1.50,1.75
2016.04.22 15:20:37.330,2.09648,2.09712,1.00,1.75
2016.04.22 15:20:37.666,2.09648,2.09713,1.12,1.75
2016.04.22 15:20:37.767,2.09648,2.09713,1.00,1.75
2016.04.22 15:20:38.041,2.09648,2.09712,1.75,1.75
2016.04.22 15:20:38.359,2.09658,2.09712,1.00,1.37
2016.04.22 15:20:38.410,2.09658,2.0972,1.00,1.37
2016.04.22 15:20:38.461,2.09658,2.09722,1.37,1.50
2016.04.22 15:20:38.512,2.09662,2.09721,1.00,1.00
2016.04.22 15:20:38.861,2.09662,2.09722,1.00,1.75
2016.04.22 15:20:39.457,2.09661,2.09722,1.00,1.75
2016.04.22 15:20:39.957,2.09661,2.09719,1.00,1.75
2016.04.22 15:20:40.060,2.09651,2.09713,1.00,1.50
2016.04.22 15:20:40.161,2.09662,2.09709,1.00,1.50
2016.04.22 15:20:40.710,2.09651,2.09708,1.00,1.75
2016.04.22 15:20:40.923,2.09651,2.09709,1.00,1.75
2016.04.22 15:20:41.126,2.09646,2.09709,1.00,1.75
2016.04.22 15:20:41.228,2.09651,2.09708,1.00,1.75
2016.04.22 15:20:41.380,2.09652,2.09704,1.00,1.00
2016.04.22 15:20:42.165,2.09652,2.09709,1.00,1.75
2016.04.22 15:20:43.254,2.09652,2.09709,1.00,1.75
2016.04.22 15:20:43.782,2.09651,2.09708,1.00,1.75
2016.04.22 15:20:44.325,2.09652,2.09708,1.00,1.75
2016.04.22 15:20:44.876,2.09652,2.09708,1.00,1.73
2016.04.22 15:20:45.352,2.09652,2.09708,1.00,1.73
2016.04.22 15:20:45.865,2.09652,2.09709,1.00,1.00
2016.04.22 15:20:46.277,2.09651,2.09709,1.00,1.75
2016.04.22 15:20:47.058,2.09651,2.09709,1.00,1.75
2016.04.22 15:20:47.361,2.09652,2.09709,1.00,1.50
2016.04.22 15:20:47.513,2.09639,2.09704,1.00,1.75
2016.04.22 15:20:47.614,2.09635,2.09697,1.00,1.00
2016.04.22 15:20:47.665,2.09632,2.09697,1.37,1.12
2016.04.22 15:20:47.867,2.09632,2.09696,1.12,1.00
2016.04.22 15:20:48.020,2.09632,2.09696,1.87,1.50
2016.04.22 15:20:48.189,2.09632,2.09697,1.75,1.50
2016.04.22 15:20:48.341,2.09632,2.09696,1.75,1.50
2016.04.22 15:20:48.543,2.09632,2.09696,1.12,1.75
2016.04.22 15:20:48.783,2.09631,2.09696,1.50,1.37
2016.04.22 15:20:48.834,2.09631,2.09697,1.75,1.00
2016.04.22 15:20:49.456,2.09631,2.09697,1.75,1.37
2016.04.22 15:20:49.712,2.09631,2.09696,1.75,1.00
2016.04.22 15:20:50.406,2.09631,2.09697,1.75,1.00
2016.04.22 15:20:50.508,2.09631,2.09697,1.75,1.37
2016.04.22 15:20:50.800,2.09631,2.09696,1.75,1.12
2016.04.22 15:20:50.901,2.09633,2.09696,1.00,1.37
2016.04.22 15:20:51.205,2.09632,2.09686,1.00,1.75
2016.04.22 15:20:51.256,2.09621,2.09685,1.00,1.75
2016.04.22 15:20:51.307,2.09621,2.09684,1.37,1.00
2016.04.22 15:20:51.459,2.09613,2.09679,2.62,1.12
2016.04.22 15:20:51.510,2.09616,2.09679,1.00,1.37
2016.04.22 15:20:51.832,2.09614,2.09677,1.00,1.50
2016.04.22 15:20:51.883,2.09613,2.09677,1.12,1.50
2016.04.22 15:20:51.984,2.09613,2.09677,1.12,1.50
2016.04.22 15:20:52.085,2.09614,2.09676,1.00,1.12
2016.04.22 15:20:52.339,2.09622,2.09673,1.00,1.00
2016.04.22 15:20:52.712,2.09621,2.09673,1.00,1.75
2016.04.22 15:20:53.618,2.09621,2.09673,1.00,1.75
2016.04.22 15:20:54.107,2.09621,2.09673,1.00,1.12
2016.04.22 15:20:54.209,2.09621,2.09685,1.37,1.09
2016.04.22 15:20:54.260,2.09621,2.09685,1.75,1.46
2016.04.22 15:20:54.613,2.09621,2.09685,1.75,1.34
2016.04.22 15:20:54.920,2.09631,2.09685,1.00,1.34
2016.04.22 15:20:55.345,2.09632,2.09689,1.00,1.00
2016.04.22 15:20:55.396,2.09632,2.09691,1.00,1.00
2016.04.22 15:20:55.548,2.09642,2.09694,1.00,1.00
2016.04.22 15:20:55.649,2.09638,2.09698,1.00,1.12
2016.04.22 15:20:55.700,2.09638,2.09698,1.00,1.37
2016.04.22 15:20:55.902,2.09631,2.09689,1.00,1.00
2016.04.22 15:20:56.004,2.09627,2.09689,1.37,1.00
2016.04.22 15:20:56.525,2.09626,2.09689,1.50,1.00
2016.04.22 15:20:56.837,2.09627,2.09689,1.00,1.50
2016.04.22 15:20:56.938,2.09622,2.09689,1.87,1.37
2016.04.22 15:20:57.039,2.09622,2.09689,2.25,2.25
2016.04.22 15:20:57.341,2.09622,2.09684,1.00,1.75
2016.04.22 15:20:57.543,2.09621,2.09684,1.00,1.75
2016.04.22 15:20:58.050,2.09622,2.09684,1.00,1.75
2016.04.22 15:20:58.350,2.09622,2.09684,1.00,1.50
2016.04.22 15:20:59.086,2.09621,2.09684,1.00,1.50
2016.04.22 15:20:59.137,2.09621,2.09684,1.00,1.50
2016.04.22 15:20:59.640,2.09622,2.09684,1.00,1.75
2016.04.22 15:20:59.943,2.09616,2.09679,1.00,1.75
2016.04.22 15:21:00.146,2.09622,2.09679,1.00,1.75
2016.04.22 15:21:00.666,2.09622,2.09679,1.00,1.12
2016.04.22 15:21:00.818,2.09622,2.09679,1.00,1.87
2016.04.22 15:21:01.122,2.09612,2.0967,1.75,1.00
2016.04.22 15:21:01.330,2.09612,2.0967,1.37,1.12
2016.04.22 15:21:01.381,2.09621,2.0967,1.00,1.12
2016.04.22 15:21:01.690,2.09611,2.09667,1.00,1.12
2016.04.22 15:21:01.816,2.09622,2.09667,1.00,1.12
2016.04.22 15:21:01.867,2.09622,2.09671,1.00,1.12
2016.04.22 15:21:01.918,2.09612,2.09671,1.00,1.37
2016.04.22 15:21:02.272,2.09622,2.09668,1.00,1.00
2016.04.22 15:21:02.424,2.09621,2.09675,1.00,1.09
2016.04.22 15:21:02.525,2.09622,2.0968,1.00,2.21
2016.04.22 15:21:02.627,2.09622,2.0968,1.12,1.50
2016.04.22 15:21:03.057,2.09622,2.0968,1.50,1.00
2016.04.22 15:21:03.360,2.09622,2.0968,1.00,1.50
2016.04.22 15:21:03.411,2.09622,2.0968,1.00,1.87
2016.04.22 15:21:03.462,2.09631,2.0968,1.00,1.50
2016.04.22 15:21:03.989,2.09631,2.09686,1.00,1.84
2016.04.22 15:21:04.242,2.09631,2.09686,1.00,1.46
2016.04.22 15:21:04.555,2.09641,2.09686,1.00,1.46
2016.04.22 15:21:05.534,2.09642,2.09686,1.00,1.34
2016.04.22 15:21:05.635,2.09642,2.09689,1.00,1.00
2016.04.22 15:21:05.686,2.09631,2.09689,1.37,1.00
2016.04.22 15:21:05.737,2.09631,2.09697,1.75,1.50
2016.04.22 15:21:05.838,2.09632,2.09697,1.75,1.00
2016.04.22 15:21:05.889,2.09642,2.09697,1.00,1.00
2016.04.22 15:21:06.107,2.09632,2.09697,1.75,1.75
2016.04.22 15:21:06.463,2.09632,2.09695,1.75,1.00
2016.04.22 15:21:06.869,2.09631,2.09697,1.50,1.75
2016.04.22 15:21:06.920,2.09631,2.09697,1.12,1.75
2016.04.22 15:21:06.971,2.09631,2.09697,1.00,1.75
2016.04.22 15:21:07.140,2.09632,2.09698,1.00,2.25
2016.04.22 15:21:07.479,2.09632,2.09697,1.37,1.37
2016.04.22 15:21:07.530,2.09632,2.09697,1.75,1.00
2016.04.22 15:21:07.631,2.09631,2.09697,1.75,1.12
2016.04.22 15:21:07.682,2.09631,2.09697,1.75,1.37
2016.04.22 15:21:07.783,2.09633,2.09697,1.00,1.75
2016.04.22 15:21:08.321,2.09631,2.09698,1.75,2.25
2016.04.22 15:21:08.554,2.09631,2.09697,1.75,1.37
2016.04.22 15:21:08.998,2.09636,2.09698,1.75,1.00
2016.04.22 15:21:09.150,2.09635,2.09698,1.75,1.00
2016.04.22 15:21:09.252,2.09636,2.09698,1.00,1.50
2016.04.22 15:21:09.460,2.09631,2.09698,1.75,1.75
2016.04.22 15:21:09.511,2.09631,2.09698,1.50,1.75
2016.04.22 15:21:09.970,2.09631,2.09693,1.50,1.00
2016.04.22 15:21:10.287,2.09631,2.09691,1.50,1.37
2016.04.22 15:21:10.489,2.09625,2.0969,1.50,1.75
2016.04.22 15:21:10.590,2.09632,2.0969,1.12,1.37
2016.04.22 15:21:10.855,2.09632,2.09691,1.50,1.00
2016.04.22 15:21:10.958,2.09631,2.09691,1.50,1.00
2016.04.22 15:21:11.476,2.09631,2.09691,1.75,1.00
2016.04.22 15:21:11.856,2.09642,2.09691,1.00,1.00
2016.04.22 15:21:12.102,2.09631,2.09691,1.75,1.00
2016.04.22 15:21:12.608,2.09632,2.09691,1.00,1.00
2016.04.22 15:21:13.037,2.09628,2.09691,1.00,1.00
2016.04.22 15:21:13.087,2.09628,2.09691,1.37,1.00
2016.04.22 15:21:13.189,2.09629,2.09691,1.00,1.00
2016.04.22 15:21:13.489,2.09632,2.09691,1.37,1.00
2016.04.22 15:21:13.591,2.09633,2.09691,1.00,1.00
2016.04.22 15:21:13.693,2.09631,2.09691,1.12,1.00
2016.04.22 15:21:13.794,2.09631,2.09691,1.00,1.37
2016.04.22 15:21:13.845,2.09624,2.0969,1.37,1.75
2016.04.22 15:21:13.896,2.09624,2.0969,1.12,1.75
2016.04.22 15:21:13.997,2.09624,2.09691,1.75,2.25
2016.04.22 15:21:14.446,2.09621,2.09685,1.75,1.00
2016.04.22 15:21:14.678,2.09622,2.09685,1.50,1.12
2016.04.22 15:21:14.880,2.09624,2.09685,1.00,1.37
2016.04.22 15:21:14.982,2.09622,2.09685,1.50,1.00
2016.04.22 15:21:16.195,2.09622,2.09685,1.37,1.37
2016.04.22 15:21:16.246,2.09622,2.09679,1.00,1.12
2016.04.22 15:21:16.701,2.09622,2.09678,1.00,1.37
2016.04.22 15:21:17.034,2.09621,2.09679,1.00,1.50
2016.04.22 15:21:17.569,2.09622,2.09679,1.00,1.87
2016.04.22 15:21:18.103,2.09621,2.09679,1.00,1.87
2016.04.22 15:21:18.491,2.09621,2.09679,1.00,1.87
2016.04.22 15:21:19.037,2.09621,2.09679,1.00,2.25
2016.04.22 15:21:19.583,2.09621,2.09678,1.00,1.50
2016.04.22 15:21:20.527,2.09621,2.09673,1.00,1.00
2016.04.22 15:21:21.052,2.09622,2.09673,1.00,1.00
2016.04.22 15:21:21.204,2.09612,2.09673,1.37,1.50
2016.04.22 15:21:21.838,2.09611,2.09673,1.12,1.37
2016.04.22 15:21:22.142,2.09611,2.09673,1.50,1.37
2016.04.22 15:21:23.635,2.09611,2.09673,1.12,1.00
2016.04.22 15:21:23.907,2.09622,2.09673,1.00,1.00
2016.04.22 15:21:23.958,2.09611,2.09673,1.37,1.37
2016.04.22 15:21:24.009,2.09611,2.09668,1.37,1.00
2016.04.22 15:21:24.061,2.09612,2.09668,1.00,1.00
2016.04.22 15:21:24.316,2.09612,2.09668,1.00,1.50
2016.04.22 15:21:24.620,2.09612,2.09668,1.00,1.75
2016.04.22 15:21:24.897,2.09612,2.09664,1.00,1.00
2016.04.22 15:21:25.049,2.09612,2.09668,1.00,1.50
2016.04.22 15:21:25.826,2.09611,2.09668,1.00,1.37
2016.04.22 15:21:26.335,2.09612,2.09668,1.00,1.37
2016.04.22 15:21:26.847,2.09612,2.09668,1.00,1.37
2016.04.22 15:21:27.129,2.09612,2.09668,1.00,1.37
2016.04.22 15:21:27.448,2.09611,2.09661,1.00,1.37
2016.04.22 15:21:27.832,2.09611,2.09661,1.00,1.75
2016.04.22 15:21:27.933,2.09599,2.0966,1.00,1.50
2016.04.22 15:21:27.984,2.09595,2.09655,1.37,1.75
2016.04.22 15:21:28.085,2.09595,2.09655,1.75,1.00
2016.04.22 15:21:28.136,2.09595,2.09655,1.75,1.00
2016.04.22 15:21:28.552,2.09595,2.09656,1.75,1.00
2016.04.22 15:21:28.603,2.09596,2.09661,1.75,1.75
2016.04.22 15:21:28.828,2.09596,2.0966,1.75,1.00
2016.04.22 15:21:30.060,2.09601,2.09661,1.00,1.12
2016.04.22 15:21:30.162,2.09597,2.09661,1.75,1.00
2016.04.22 15:21:30.467,2.09602,2.09661,1.75,1.00
2016.04.22 15:21:30.518,2.09602,2.09668,1.75,1.87
2016.04.22 15:21:30.670,2.09602,2.09667,1.75,1.00
2016.04.22 15:21:32.143,2.09601,2.09667,1.75,1.37
2016.04.22 15:21:32.479,2.09622,2.09676,1.50,1.00
2016.04.22 15:21:32.530,2.09616,2.09681,1.75,1.00
2016.04.22 15:21:32.885,2.09615,2.09681,2.25,1.37
2016.04.22 15:21:32.942,2.09615,2.09681,1.87,1.37
2016.04.22 15:21:33.483,2.09615,2.09678,1.37,1.00
2016.04.22 15:21:33.534,2.09612,2.09676,1.75,1.00
2016.04.22 15:21:33.636,2.09607,2.0967,1.50,1.00
2016.04.22 15:21:33.687,2.09603,2.09668,1.75,1.12
2016.04.22 15:21:33.990,2.09602,2.09658,1.00,1.50
2016.04.22 15:21:34.509,2.09602,2.09658,1.00,1.75
2016.04.22 15:21:34.827,2.09602,2.09657,1.00,1.75
2016.04.22 15:21:34.878,2.09602,2.09659,1.00,1.12
2016.04.22 15:21:35.753,2.09601,2.09659,1.00,1.00
2016.04.22 15:21:35.855,2.09602,2.09654,1.00,1.00
2016.04.22 15:21:36.158,2.09591,2.09643,1.00,1.37
2016.04.22 15:21:36.536,2.09592,2.09648,1.00,1.12
2016.04.22 15:21:37.257,2.09591,2.09648,1.12,1.00
2016.04.22 15:21:37.308,2.09591,2.09648,1.50,1.00
2016.04.22 15:21:37.359,2.09591,2.09653,1.50,1.84
2016.04.22 15:21:38.009,2.09591,2.09652,1.12,1.46
2016.04.22 15:21:38.363,2.09602,2.09653,1.00,1.71
2016.04.22 15:21:38.464,2.09592,2.09653,1.37,1.71
2016.04.22 15:21:39.169,2.09592,2.09652,1.50,1.09
2016.04.22 15:21:39.374,2.09602,2.09652,1.00,1.09
2016.04.22 15:21:39.447,2.09592,2.09652,1.50,1.09
2016.04.22 15:21:39.497,2.09592,2.09653,1.50,1.34
2016.04.22 15:21:39.801,2.09607,2.09664,1.12,1.50
2016.04.22 15:21:40.064,2.09612,2.09678,1.75,1.00
2016.04.22 15:21:40.115,2.09612,2.09678,1.75,1.87
2016.04.22 15:21:40.166,2.09612,2.09672,1.75,1.00
2016.04.22 15:21:40.217,2.09612,2.09672,1.50,1.00
2016.04.22 15:21:40.723,2.09612,2.09672,1.00,1.00
2016.04.22 15:21:40.897,2.09611,2.09672,1.00,1.37
2016.04.22 15:21:41.202,2.09612,2.09672,1.00,1.12
2016.04.22 15:21:41.253,2.09607,2.09672,1.87,1.12
2016.04.22 15:21:41.354,2.09612,2.09672,1.00,1.12
2016.04.22 15:21:41.993,2.09612,2.09672,1.00,1.37
2016.04.22 15:21:42.494,2.09611,2.09672,1.00,1.75
2016.04.22 15:21:43.124,2.09611,2.09672,1.00,1.75
2016.04.22 15:21:43.635,2.09612,2.09672,1.37,1.37
2016.04.22 15:21:44.114,2.09616,2.09672,1.00,1.37
2016.04.22 15:21:44.443,2.09612,2.09672,1.00,1.75
2016.04.22 15:21:44.806,2.09612,2.09672,1.00,1.75
2016.04.22 15:21:45.697,2.09612,2.09668,1.00,1.75
2016.04.22 15:21:46.313,2.09612,2.09668,1.00,1.75
2016.04.22 15:21:46.999,2.09612,2.09668,1.00,1.75
2016.04.22 15:21:47.503,2.09611,2.09668,1.00,1.75
2016.04.22 15:21:48.141,2.09611,2.09668,1.00,1.75
2016.04.22 15:21:48.657,2.09611,2.09668,1.00,1.75
2016.04.22 15:21:48.860,2.09611,2.09675,1.37,1.75
2016.04.22 15:21:48.911,2.09622,2.09679,1.00,1.75
2016.04.22 15:21:48.961,2.09622,2.09678,1.00,1.75
2016.04.22 15:21:49.012,2.09622,2.09678,1.37,1.37
2016.04.22 15:21:49.063,2.09632,2.09687,1.00,1.37
2016.04.22 15:21:49.114,2.09632,2.09687,1.37,1.00
2016.04.22 15:21:49.452,2.09631,2.09687,1.50,1.00
2016.04.22 15:21:49.694,2.09631,2.09694,1.50,1.87
2016.04.22 15:21:49.847,2.09632,2.09694,1.50,1.87
2016.04.22 15:21:50.363,2.09632,2.09694,1.50,1.50
2016.04.22 15:21:50.706,2.09631,2.09694,1.75,1.12
2016.04.22 15:21:51.215,2.09632,2.09695,2.25,1.00
2016.04.22 15:21:51.266,2.09642,2.09698,1.00,1.12
2016.04.22 15:21:51.785,2.09641,2.09698,1.75,1.00
2016.04.22 15:21:52.144,2.09636,2.09698,1.75,1.12
2016.04.22 15:21:52.245,2.09636,2.09698,1.75,1.12
2016.04.22 15:21:52.663,2.09632,2.09694,1.75,1.00
2016.04.22 15:21:53.072,2.09632,2.09695,1.75,1.00
2016.04.22 15:21:53.402,2.09632,2.09695,1.75,1.37
2016.04.22 15:21:53.857,2.09631,2.09693,1.75,1.37
2016.04.22 15:21:53.959,2.09631,2.09693,1.75,1.00
2016.04.22 15:21:54.263,2.09631,2.09693,1.75,1.00
2016.04.22 15:21:54.667,2.09631,2.09693,1.75,1.00
2016.04.22 15:21:54.850,2.09631,2.09693,1.75,1.37
2016.04.22 15:21:54.902,2.09635,2.09687,1.00,1.00
2016.04.22 15:21:54.953,2.09632,2.09694,1.37,1.37
2016.04.22 15:21:55.156,2.09634,2.09695,1.75,1.00
2016.04.22 15:21:55.359,2.09637,2.09701,1.75,1.50
2016.04.22 15:21:55.460,2.0964,2.09706,1.75,1.50
2016.04.22 15:21:55.562,2.0964,2.09706,1.75,1.50
2016.04.22 15:21:55.947,2.09642,2.09706,1.37,1.37
2016.04.22 15:21:55.999,2.09642,2.09701,1.00,1.75
2016.04.22 15:21:56.050,2.09642,2.09701,1.00,1.75
2016.04.22 15:21:56.303,2.09634,2.09699,1.75,1.75
2016.04.22 15:21:56.354,2.09634,2.097,1.50,1.75
2016.04.22 15:21:56.455,2.09631,2.09695,1.87,1.75
2016.04.22 15:21:56.988,2.09631,2.09695,1.87,1.00
2016.04.22 15:21:57.291,2.09631,2.09695,1.87,1.00
2016.04.22 15:21:57.837,2.09642,2.09695,1.00,1.00
2016.04.22 15:21:57.888,2.09642,2.09699,1.00,1.50
2016.04.22 15:21:58.178,2.09632,2.09696,1.75,1.37
2016.04.22 15:21:58.380,2.09628,2.09685,1.37,1.00
2016.04.22 15:21:58.583,2.09623,2.0969,1.75,1.75
2016.04.22 15:21:58.886,2.09623,2.0969,1.75,1.75
2016.04.22 15:21:59.072,2.09623,2.0969,1.75,1.75
2016.04.22 15:21:59.454,2.09623,2.0969,1.75,2.25
2016.04.22 15:22:00.001,2.09631,2.0969,1.75,1.00
2016.04.22 15:22:00.506,2.09632,2.0969,1.75,1.00
2016.04.22 15:22:01.301,2.09628,2.0969,1.75,1.37
2016.04.22 15:22:01.814,2.09628,2.0969,1.75,1.12
2016.04.22 15:22:02.665,2.09629,2.0969,1.75,1.00
2016.04.22 15:22:02.821,2.09628,2.09696,2.25,1.75
2016.04.22 15:22:02.874,2.09628,2.09696,2.25,1.37
2016.04.22 15:22:02.976,2.09633,2.09699,1.12,1.75
2016.04.22 15:22:03.178,2.09639,2.097,1.12,1.00
2016.04.22 15:22:03.511,2.09642,2.09707,2.25,1.00
2016.04.22 15:22:03.931,2.09642,2.09707,1.75,1.00
2016.04.22 15:22:03.982,2.09642,2.09707,1.75,1.00
2016.04.22 15:22:04.408,2.09642,2.09707,1.75,1.12
2016.04.22 15:22:04.611,2.09642,2.09707,2.25,1.12
2016.04.22 15:22:04.712,2.09642,2.09707,1.12,1.50
2016.04.22 15:22:04.814,2.09642,2.09707,1.50,1.75
2016.04.22 15:22:06.613,2.09641,2.09707,1.87,1.50
2016.04.22 15:22:07.095,2.09651,2.09713,1.00,2.25
2016.04.22 15:22:07.196,2.09651,2.09712,1.00,1.50
2016.04.22 15:22:07.247,2.09651,2.09705,1.00,1.00
2016.04.22 15:22:07.651,2.09641,2.09705,1.75,1.12
2016.04.22 15:22:07.702,2.09642,2.09705,1.00,1.75
2016.04.22 15:22:08.241,2.09638,2.09705,2.25,1.75
2016.04.22 15:22:08.544,2.09651,2.0971,1.37,1.12
2016.04.22 15:22:08.696,2.09654,2.09709,1.00,1.00
2016.04.22 15:22:08.747,2.09652,2.09715,1.50,1.12
2016.04.22 15:22:08.798,2.09652,2.09714,1.50,1.00
2016.04.22 15:22:08.939,2.09652,2.09717,1.75,1.37
2016.04.22 15:22:09.269,2.09662,2.09717,1.00,1.37
2016.04.22 15:22:09.775,2.09662,2.09722,1.00,1.75
2016.04.22 15:22:10.028,2.09662,2.09722,1.00,1.12
2016.04.22 15:22:10.651,2.09662,2.09722,1.75,1.00
2016.04.22 15:22:11.057,2.09661,2.09722,1.75,1.12
2016.04.22 15:22:11.158,2.09661,2.09722,1.50,1.00
2016.04.22 15:22:11.509,2.09661,2.09722,1.50,1.50
2016.04.22 15:22:11.727,2.09661,2.09722,1.50,1.50
2016.04.22 15:22:11.929,2.09661,2.09716,1.00,1.00
2016.04.22 15:22:11.980,2.09655,2.09716,1.00,1.00
2016.04.22 15:22:12.031,2.09651,2.09716,1.50,1.75
2016.04.22 15:22:12.233,2.09649,2.09716,1.75,1.75
2016.04.22 15:22:12.335,2.09649,2.09716,1.50,1.75
2016.04.22 15:22:12.658,2.09649,2.09716,1.00,1.75
2016.04.22 15:22:12.710,2.09648,2.09705,1.37,1.50
2016.04.22 15:22:12.811,2.09642,2.09704,1.00,1.75
2016.04.22 15:22:12.862,2.09642,2.09704,1.00,1.75
2016.04.22 15:22:13.165,2.09636,2.09704,1.37,1.75
2016.04.22 15:22:13.216,2.09636,2.09703,1.75,1.75
2016.04.22 15:22:13.790,2.09636,2.09703,1.50,1.75
2016.04.22 15:22:13.841,2.09636,2.09704,1.75,1.75
2016.04.22 15:22:13.942,2.09636,2.09704,1.75,1.75
2016.04.22 15:22:14.044,2.09641,2.09704,1.37,1.37
2016.04.22 15:22:14.247,2.09642,2.09711,2.25,1.50
2016.04.22 15:22:14.885,2.09642,2.09711,3.00,1.75
2016.04.22 15:22:14.936,2.09642,2.09711,1.75,1.50
2016.04.22 15:22:15.487,2.09642,2.09711,3.00,1.75
2016.04.22 15:22:15.860,2.09642,2.09711,2.25,1.75
2016.04.22 15:22:16.477,2.09642,2.09711,2.25,1.75
2016.04.22 15:22:16.629,2.09646,2.09711,1.00,1.75
2016.04.22 15:22:16.731,2.09642,2.09711,1.87,1.75
2016.04.22 15:22:16.832,2.09642,2.09703,1.00,1.75
2016.04.22 15:22:17.035,2.09634,2.09699,1.00,1.75
2016.04.22 15:22:17.136,2.09634,2.09699,1.37,1.75
2016.04.22 15:22:17.462,2.09633,2.09699,1.12,1.75
2016.04.22 15:22:17.564,2.09633,2.09699,1.37,1.75
2016.04.22 15:22:17.665,2.09633,2.09695,1.37,1.00
2016.04.22 15:22:17.767,2.09632,2.09695,1.50,1.00
2016.04.22 15:22:17.969,2.09633,2.09699,1.37,1.75
2016.04.22 15:22:18.397,2.09632,2.09699,1.75,1.75
2016.04.22 15:22:19.269,2.09632,2.09699,1.87,1.75
2016.04.22 15:22:19.661,2.09633,2.09692,1.50,1.00
2016.04.22 15:22:19.715,2.09633,2.09699,1.12,1.75
2016.04.22 15:22:19.867,2.09633,2.09699,1.37,1.75
2016.04.22 15:22:19.969,2.09632,2.09699,1.50,1.75
2016.04.22 15:22:20.171,2.09633,2.09692,1.50,1.00
2016.04.22 15:22:20.480,2.09633,2.09699,1.37,1.75
2016.04.22 15:22:20.857,2.09633,2.09692,1.00,1.75
2016.04.22 15:22:20.908,2.09623,2.09691,1.75,1.75
2016.04.22 15:22:21.060,2.09623,2.09691,1.75,1.75
2016.04.22 15:22:21.354,2.09623,2.09692,1.75,2.25
2016.04.22 15:22:22.234,2.09623,2.09692,1.75,2.25
2016.04.22 15:22:22.588,2.09629,2.09691,1.75,1.12
2016.04.22 15:22:22.893,2.09629,2.09698,2.25,1.75
2016.04.22 15:22:22.994,2.0963,2.09692,1.75,1.75
2016.04.22 15:22:23.287,2.09623,2.09692,1.75,2.25
2016.04.22 15:22:23.440,2.09623,2.09692,1.75,2.25
2016.04.22 15:22:23.542,2.09623,2.09692,1.75,2.25
2016.04.22 15:22:23.643,2.09631,2.09691,1.37,1.75
2016.04.22 15:22:23.694,2.09631,2.09692,1.50,1.75
2016.04.22 15:22:24.057,2.09632,2.09697,1.00,1.75
2016.04.22 15:22:24.353,2.09631,2.09697,1.37,1.75
2016.04.22 15:22:24.876,2.0963,2.09697,1.50,1.75
2016.04.22 15:22:25.055,2.0963,2.09697,1.50,1.75
2016.04.22 15:22:25.665,2.09629,2.09697,2.25,1.75
2016.04.22 15:22:25.837,2.09632,2.09691,1.50,1.00
2016.04.22 15:22:25.939,2.09632,2.09697,1.00,1.75
2016.04.22 15:22:26.444,2.09632,2.09689,1.37,1.00
2016.04.22 15:22:26.991,2.09631,2.09697,1.50,1.75
2016.04.22 15:22:27.041,2.09631,2.09697,1.12,1.75
2016.04.22 15:22:27.358,2.09631,2.09697,1.00,1.75
2016.04.22 15:22:27.460,2.09632,2.09697,1.12,1.75
2016.04.22 15:22:28.151,2.09629,2.09691,1.12,1.75
2016.04.22 15:22:28.674,2.09623,2.09691,1.75,2.25
2016.04.22 15:22:28.775,2.09623,2.09691,1.75,1.75
2016.04.22 15:22:29.271,2.09623,2.09691,1.75,2.25
2016.04.22 15:22:29.677,2.09623,2.09691,1.75,2.25
2016.04.22 15:22:29.980,2.09623,2.09691,1.75,1.87
2016.04.22 15:22:30.552,2.09623,2.09691,1.75,1.87
2016.04.22 15:22:31.302,2.09623,2.09691,1.75,1.12
2016.04.22 15:22:31.511,2.09623,2.09691,1.75,2.25
2016.04.22 15:22:32.037,2.09623,2.09691,1.75,1.50
2016.04.22 15:22:32.842,2.09623,2.09691,1.75,1.50
2016.04.22 15:22:32.893,2.09623,2.09691,1.50,2.25
2016.04.22 15:22:33.308,2.09623,2.09691,1.12,1.75
2016.04.22 15:22:33.806,2.09622,2.09689,2.25,1.12
2016.04.22 15:22:34.133,2.09637,2.09691,1.37,1.00
2016.04.22 15:22:34.437,2.0965,2.0971,1.37,1.37
2016.04.22 15:22:34.740,2.09651,2.0971,1.12,1.50
2016.04.22 15:22:34.892,2.0965,2.0971,1.37,1.37
2016.04.22 15:22:35.043,2.09651,2.0971,1.37,1.00
2016.04.22 15:22:35.094,2.09651,2.0971,1.50,1.37
2016.04.22 15:22:35.399,2.09651,2.0971,1.50,1.75
2016.04.22 15:22:35.501,2.09643,2.0971,2.25,1.75
2016.04.22 15:22:35.705,2.09643,2.09705,1.00,1.75
2016.04.22 15:22:36.246,2.09642,2.09705,1.87,1.75
2016.04.22 15:22:36.525,2.09647,2.09713,1.00,1.87
2016.04.22 15:22:36.626,2.09647,2.09713,1.75,1.12
2016.04.22 15:22:36.677,2.09647,2.09711,1.75,1.00
2016.04.22 15:22:36.779,2.09647,2.09713,1.75,1.00
2016.04.22 15:22:36.881,2.09652,2.09714,1.50,1.37
2016.04.22 15:22:37.083,2.09652,2.09716,1.37,1.50
2016.04.22 15:22:37.479,2.09661,2.09716,1.00,1.75
2016.04.22 15:22:37.580,2.09651,2.09716,2.25,1.75
2016.04.22 15:22:37.902,2.09652,2.09716,1.75,1.75
2016.04.22 15:22:38.786,2.09661,2.09716,1.00,1.75
2016.04.22 15:22:39.030,2.09661,2.09722,1.12,1.87
2016.04.22 15:22:39.911,2.09661,2.09722,1.37,1.87
2016.04.22 15:22:40.287,2.09661,2.09722,1.00,2.62
2016.04.22 15:22:40.339,2.09651,2.09715,2.25,2.25
2016.04.22 15:22:40.492,2.09654,2.09715,1.00,1.87
2016.04.22 15:22:40.795,2.09651,2.09714,1.50,1.75
2016.04.22 15:22:41.116,2.09651,2.09714,1.00,1.75
2016.04.22 15:22:41.536,2.09652,2.0971,1.00,1.75
2016.04.22 15:22:41.638,2.09652,2.0971,1.00,1.75
2016.04.22 15:22:42.020,2.09651,2.0971,1.00,1.75
2016.04.22 15:22:42.122,2.09651,2.0971,1.00,1.75
2016.04.22 15:22:42.496,2.09651,2.0971,1.37,1.75
2016.04.22 15:22:42.897,2.09651,2.09709,1.50,1.00
2016.04.22 15:22:43.125,2.09651,2.0971,1.37,1.37
2016.04.22 15:22:43.897,2.09651,2.0971,1.37,1.37
2016.04.22 15:22:43.948,2.09651,2.0971,1.37,1.37
2016.04.22 15:22:44.220,2.09652,2.0971,1.75,1.00
2016.04.22 15:22:44.504,2.09653,2.0971,1.00,1.37
2016.04.22 15:22:45.080,2.09651,2.0971,1.12,1.75
2016.04.22 15:22:45.586,2.09652,2.0971,1.00,1.37
2016.04.22 15:22:45.839,2.09651,2.0971,1.00,1.37
2016.04.22 15:22:47.168,2.09643,2.0971,1.75,1.75
2016.04.22 15:22:47.472,2.09651,2.09709,1.00,1.75
2016.04.22 15:22:47.996,2.09651,2.09709,1.37,1.75
2016.04.22 15:22:48.400,2.09643,2.09709,1.75,1.50
2016.04.22 15:22:48.451,2.09644,2.09706,1.75,1.00
2016.04.22 15:22:48.552,2.09647,2.09709,1.00,1.75
2016.04.22 15:22:48.888,2.09642,2.09702,1.37,1.50
2016.04.22 15:22:49.199,2.09642,2.09701,1.75,1.12
2016.04.22 15:22:49.849,2.09642,2.09702,1.75,1.12
2016.04.22 15:22:50.441,2.09642,2.09702,1.75,1.12
2016.04.22 15:22:50.854,2.09642,2.09702,1.37,1.37
2016.04.22 15:22:51.280,2.09642,2.09702,1.37,1.37
2016.04.22 15:22:51.980,2.09642,2.09701,1.75,1.12
2016.04.22 15:22:52.307,2.09642,2.09701,1.75,1.37
2016.04.22 15:22:52.788,2.09642,2.09701,1.37,1.75
2016.04.22 15:22:53.563,2.09642,2.09701,1.00,1.75
2016.04.22 15:22:53.664,2.09639,2.09701,1.75,1.75
2016.04.22 15:22:53.915,2.09642,2.09707,1.37,1.75
2016.04.22 15:22:54.067,2.09642,2.09707,1.12,1.75
2016.04.22 15:22:54.174,2.09639,2.09706,1.50,1.75
2016.04.22 15:22:54.395,2.09639,2.09698,1.50,1.00
2016.04.22 15:22:54.814,2.09642,2.09702,1.00,1.75
2016.04.22 15:22:54.865,2.09634,2.09702,1.37,1.75
2016.04.22 15:22:54.967,2.09633,2.09696,1.50,1.75
2016.04.22 15:22:55.378,2.09634,2.09702,1.75,1.75
2016.04.22 15:22:55.681,2.09634,2.09702,1.50,1.75
2016.04.22 15:22:55.902,2.09634,2.09694,1.50,1.00
2016.04.22 15:22:56.003,2.09633,2.09702,1.50,1.75
2016.04.22 15:22:56.313,2.09633,2.09702,1.75,1.75
2016.04.22 15:22:56.776,2.09633,2.09702,1.75,1.75
2016.04.22 15:22:57.096,2.09642,2.09696,1.00,1.75
2016.04.22 15:22:57.197,2.09633,2.09696,1.00,1.75
2016.04.22 15:22:57.298,2.09631,2.09689,1.00,1.75
2016.04.22 15:22:57.400,2.09631,2.09689,1.00,1.75
2016.04.22 15:22:57.888,2.09632,2.09689,1.00,1.75
2016.04.22 15:22:58.301,2.09631,2.09689,1.50,1.00
2016.04.22 15:22:58.804,2.09632,2.09689,1.12,1.37
2016.04.22 15:22:59.332,2.09632,2.09689,1.37,1.12
2016.04.22 15:23:00.402,2.09632,2.09694,1.37,1.75
2016.04.22 15:23:00.706,2.09642,2.09694,1.00,1.00
2016.04.22 15:23:01.237,2.09641,2.09693,1.00,1.12
2016.04.22 15:23:01.739,2.09642,2.09693,1.00,1.50
2016.04.22 15:23:02.365,2.09642,2.09693,1.00,1.00
2016.04.22 15:23:02.793,2.09642,2.09695,1.00,1.12
2016.04.22 15:23:02.894,2.09642,2.09695,1.00,1.37
2016.04.22 15:23:03.198,2.09632,2.09683,1.00,1.75
2016.04.22 15:23:03.450,2.09632,2.09683,1.00,1.75
2016.04.22 15:23:03.501,2.09621,2.09683,1.50,1.50
2016.04.22 15:23:03.712,2.09621,2.09687,1.50,1.09
2016.04.22 15:23:03.813,2.09621,2.09687,1.75,1.09
2016.04.22 15:23:03.915,2.09621,2.09687,1.75,1.09
2016.04.22 15:23:04.221,2.09622,2.09687,1.75,1.09
2016.04.22 15:23:04.271,2.09621,2.09688,1.75,1.09
2016.04.22 15:23:04.373,2.09632,2.09688,1.00,1.09
2016.04.22 15:23:04.695,2.09632,2.09691,1.37,1.71
2016.04.22 15:23:04.999,2.09661,2.09715,1.00,1.87
2016.04.22 15:23:05.050,2.09661,2.09715,1.00,1.50
2016.04.22 15:23:05.403,2.09661,2.09715,1.00,1.37
2016.04.22 15:23:05.454,2.09655,2.09715,1.75,1.37
2016.04.22 15:23:05.505,2.09652,2.09715,2.25,1.75
2016.04.22 15:23:05.807,2.09652,2.09715,1.12,2.25
2016.04.22 15:23:06.009,2.09644,2.09713,1.75,1.75
2016.04.22 15:23:06.111,2.09644,2.09713,1.75,1.75
2016.04.22 15:23:06.415,2.09675,2.09723,1.75,1.75
2016.04.22 15:23:06.517,2.09675,2.09741,1.75,1.37
2016.04.22 15:23:06.884,2.09683,2.09748,1.75,1.75
2016.04.22 15:23:07.147,2.09682,2.09742,1.37,1.75
2016.04.22 15:23:07.450,2.09681,2.09742,1.00,1.75
2016.04.22 15:23:07.754,2.09673,2.09742,1.37,1.75
2016.04.22 15:23:07.914,2.09681,2.09742,1.00,1.75
2016.04.22 15:23:08.016,2.09673,2.09742,1.75,1.75
2016.04.22 15:23:08.168,2.0969,2.09745,1.75,1.75
2016.04.22 15:23:08.219,2.09732,2.09751,1.00,1.00
2016.04.22 15:23:08.270,2.09732,2.09756,1.00,1.37
2016.04.22 15:23:08.321,2.09721,2.09757,1.75,1.00
2016.04.22 15:23:08.423,2.09722,2.09779,1.75,1.00
2016.04.22 15:23:08.835,2.09722,2.09779,1.12,1.00
2016.04.22 15:23:09.038,2.09722,2.09779,1.00,1.50
2016.04.22 15:23:09.313,2.09717,2.09776,1.37,1.00
2016.04.22 15:23:09.524,2.09713,2.09779,1.75,2.25
2016.04.22 15:23:10.415,2.09713,2.09779,1.75,1.87
2016.04.22 15:23:10.830,2.09719,2.09779,1.00,1.37
2016.04.22 15:23:11.138,2.09713,2.09778,1.75,1.75
2016.04.22 15:23:11.723,2.09722,2.09778,1.00,1.37
2016.04.22 15:23:11.774,2.09722,2.09778,1.37,1.00
2016.04.22 15:23:11.825,2.09731,2.09786,1.00,1.00
2016.04.22 15:23:11.927,2.09732,2.09788,1.00,1.00
2016.04.22 15:23:12.080,2.09741,2.09788,1.00,1.00
2016.04.22 15:23:12.182,2.09732,2.09787,1.12,1.12
2016.04.22 15:23:12.435,2.09731,2.09787,1.37,1.00
2016.04.22 15:23:12.910,2.09731,2.09787,1.12,1.37
2016.04.22 15:23:13.061,2.09731,2.09787,1.37,1.37
2016.04.22 15:23:13.366,2.09742,2.09786,1.00,1.00
2016.04.22 15:23:13.468,2.09732,2.09788,1.00,1.37
2016.04.22 15:23:13.620,2.09731,2.09784,1.00,1.75
2016.04.22 15:23:14.170,2.09731,2.09779,1.00,1.12
2016.04.22 15:23:14.675,2.09732,2.09778,1.00,1.12
2016.04.22 15:23:15.122,2.09731,2.0978,1.00,1.00
2016.04.22 15:23:15.226,2.09722,2.09785,1.37,1.87
2016.04.22 15:23:15.277,2.09722,2.0978,1.37,1.00
2016.04.22 15:23:15.430,2.09721,2.09779,1.00,1.00
2016.04.22 15:23:16.104,2.09722,2.09778,1.00,1.00
2016.04.22 15:23:16.733,2.09722,2.09779,1.00,1.12
2016.04.22 15:23:17.335,2.09731,2.09779,1.00,1.12
2016.04.22 15:23:17.554,2.09722,2.09778,1.00,1.00
2016.04.22 15:23:18.042,2.09728,2.09778,1.00,1.00
2016.04.22 15:23:18.245,2.09742,2.09799,1.00,1.00
2016.04.22 15:23:18.347,2.09738,2.09799,1.12,1.00
2016.04.22 15:23:18.549,2.09738,2.09799,1.37,1.00
2016.04.22 15:23:18.651,2.09738,2.098,1.75,1.00
2016.04.22 15:23:18.865,2.09751,2.09799,1.37,1.00
2016.04.22 15:23:18.916,2.09753,2.09811,1.00,1.75
2016.04.22 15:23:18.967,2.09753,2.09811,1.37,1.75
2016.04.22 15:23:19.068,2.09752,2.09811,1.75,1.00
2016.04.22 15:23:19.171,2.09752,2.09811,1.37,1.12
2016.04.22 15:23:19.390,2.09751,2.09811,1.00,1.12
2016.04.22 15:23:20.058,2.09752,2.09811,1.00,1.75
2016.04.22 15:23:20.109,2.09749,2.0981,1.00,1.00
2016.04.22 15:23:20.211,2.09743,2.09811,2.25,1.37
2016.04.22 15:23:20.312,2.09743,2.09811,1.87,1.75
2016.04.22 15:23:20.817,2.09744,2.09805,1.37,1.00
2016.04.22 15:23:21.138,2.09742,2.09806,1.12,2.25
2016.04.22 15:23:21.239,2.09742,2.09787,1.50,1.00
2016.04.22 15:23:21.290,2.09733,2.09792,1.37,1.37
2016.04.22 15:23:21.341,2.09733,2.09792,1.37,1.37
2016.04.22 15:23:21.695,2.09732,2.09792,1.00,1.12
2016.04.22 15:23:22.052,2.09726,2.09792,1.75,1.00
2016.04.22 15:23:22.102,2.09731,2.09796,1.50,1.12
2016.04.22 15:23:22.305,2.09731,2.09795,1.75,1.37
2016.04.22 15:23:22.901,2.09732,2.09795,1.50,1.50
2016.04.22 15:23:23.435,2.09732,2.09795,1.12,1.75
2016.04.22 15:23:23.486,2.09731,2.0979,1.37,1.37
2016.04.22 15:23:23.796,2.09731,2.09784,1.00,1.75
2016.04.22 15:23:23.948,2.09731,2.09784,1.00,1.37
2016.04.22 15:23:24.151,2.09741,2.09787,1.00,1.12
2016.04.22 15:23:24.336,2.09741,2.09791,1.00,1.00
2016.04.22 15:23:24.952,2.09742,2.09791,1.00,1.12
2016.04.22 15:23:25.161,2.09732,2.09791,1.00,1.12
2016.04.22 15:23:25.604,2.09742,2.09791,1.00,1.00
2016.04.22 15:23:26.116,2.09741,2.09791,1.00,1.12
2016.04.22 15:23:27.105,2.09742,2.09791,1.00,1.00
2016.04.22 15:23:27.491,2.09742,2.09791,1.00,1.37
2016.04.22 15:23:27.792,2.09742,2.09791,1.00,1.50
2016.04.22 15:23:28.224,2.09742,2.09795,1.00,1.75
2016.04.22 15:23:28.326,2.09742,2.09796,1.00,1.50
2016.04.22 15:23:28.428,2.09752,2.09795,1.00,1.00
2016.04.22 15:23:28.479,2.09752,2.09802,1.00,1.71
2016.04.22 15:23:29.052,2.09752,2.09803,1.00,1.84
2016.04.22 15:23:30.361,2.09741,2.09802,2.25,1.34
2016.04.22 15:23:30.716,2.09741,2.09803,1.87,1.71
2016.04.22 15:23:30.767,2.09752,2.09803,1.00,1.71
2016.04.22 15:23:30.969,2.09741,2.09802,2.25,1.46
2016.04.22 15:23:31.122,2.09743,2.09802,1.00,1.71
2016.04.22 15:23:31.806,2.09742,2.09802,1.00,1.71
2016.04.22 15:23:32.157,2.09742,2.09802,1.50,1.71
2016.04.22 15:23:32.467,2.09741,2.09801,1.37,1.09
2016.04.22 15:23:32.796,2.09752,2.09801,1.00,1.09
2016.04.22 15:23:32.847,2.09741,2.09801,1.00,1.09
2016.04.22 15:23:33.082,2.09781,2.09802,1.00,1.75
2016.04.22 15:23:33.183,2.09785,2.09816,1.37,1.00
2016.04.22 15:23:33.234,2.09785,2.09827,1.37,1.00
2016.04.22 15:23:33.285,2.09785,2.09843,1.75,1.00
2016.04.22 15:23:33.336,2.09793,2.09843,1.37,1.00
2016.04.22 15:23:33.387,2.09793,2.09854,1.75,1.00
2016.04.22 15:23:33.539,2.09793,2.09854,1.50,1.12
2016.04.22 15:23:33.640,2.09793,2.09855,1.00,1.50
2016.04.22 15:23:33.691,2.09786,2.09855,1.75,1.75
2016.04.22 15:23:33.744,2.09786,2.09855,1.75,1.75
2016.04.22 15:23:33.845,2.09791,2.09855,1.00,2.25
2016.04.22 15:23:34.337,2.09785,2.09849,1.37,1.37
2016.04.22 15:23:34.388,2.09784,2.09847,1.12,1.75
2016.04.22 15:23:34.580,2.09781,2.09848,2.25,1.75
2016.04.22 15:23:34.752,2.09781,2.09846,2.25,1.00
2016.04.22 15:23:34.803,2.09781,2.09844,1.75,1.00
2016.04.22 15:23:34.955,2.09782,2.09841,1.00,1.00
2016.04.22 15:23:35.120,2.09782,2.09844,1.37,1.75
2016.04.22 15:23:35.432,2.09782,2.09844,1.00,1.75
2016.04.22 15:23:35.742,2.09775,2.09836,1.75,1.00
2016.04.22 15:23:35.793,2.09772,2.09835,1.75,1.00
2016.04.22 15:23:35.843,2.09771,2.09828,1.75,1.00
2016.04.22 15:23:35.894,2.09771,2.09833,1.75,1.75
2016.04.22 15:23:35.945,2.09772,2.09833,1.00,1.75
2016.04.22 15:23:35.996,2.09771,2.09833,1.37,1.75
2016.04.22 15:23:36.300,2.09767,2.09827,1.00,1.75
2016.04.22 15:23:36.696,2.0976,2.09827,1.12,1.75
2016.04.22 15:23:36.751,2.09756,2.09822,1.75,1.75
2016.04.22 15:23:36.802,2.09753,2.0982,1.75,1.12
2016.04.22 15:23:37.230,2.09753,2.0982,1.75,1.37
2016.04.22 15:23:37.433,2.09753,2.0982,1.75,1.00
2016.04.22 15:23:37.783,2.09759,2.0982,1.75,1.00
2016.04.22 15:23:37.885,2.0976,2.09827,1.75,1.50
2016.04.22 15:23:38.385,2.09762,2.09827,1.75,1.50
2016.04.22 15:23:38.435,2.09762,2.09827,1.75,1.50
2016.04.22 15:23:38.537,2.09761,2.09827,1.37,1.75
2016.04.22 15:23:38.588,2.09759,2.09822,1.37,1.75
2016.04.22 15:23:39.124,2.09759,2.09821,1.37,1.75
2016.04.22 15:23:40.073,2.09754,2.09821,1.75,2.25
2016.04.22 15:23:40.233,2.09762,2.09821,1.00,1.75
2016.04.22 15:23:40.286,2.09762,2.09827,1.75,1.46
2016.04.22 15:23:40.690,2.09766,2.09823,1.00,1.09
2016.04.22 15:23:41.145,2.09761,2.09827,1.75,1.09
2016.04.22 15:23:41.469,2.09772,2.0983,1.37,1.84
2016.04.22 15:23:41.570,2.09772,2.0983,1.37,1.00
2016.04.22 15:23:41.774,2.09775,2.09831,1.00,1.37
2016.04.22 15:23:41.976,2.09772,2.09831,1.12,1.50
2016.04.22 15:23:42.078,2.09771,2.09831,1.00,1.75
2016.04.22 15:23:42.398,2.09771,2.0983,1.00,1.75
2016.04.22 15:23:42.499,2.09771,2.0983,1.00,1.75
2016.04.22 15:23:43.096,2.09771,2.0983,1.00,1.75
2016.04.22 15:23:43.459,2.09772,2.09831,1.00,1.75
2016.04.22 15:23:43.639,2.09772,2.0983,1.00,1.75
2016.04.22 15:23:43.799,2.09772,2.0983,1.00,1.75
2016.04.22 15:23:44.001,2.09772,2.09831,1.00,1.75
2016.04.22 15:23:44.103,2.09772,2.09831,1.37,1.37
2016.04.22 15:23:44.305,2.09772,2.0983,1.00,1.75
2016.04.22 15:23:44.799,2.09771,2.09831,1.00,1.75
2016.04.22 15:23:45.102,2.09782,2.09822,1.00,1.00
2016.04.22 15:23:45.305,2.09772,2.09823,1.00,1.00
2016.04.22 15:23:45.457,2.09771,2.09833,1.12,2.25
2016.04.22 15:23:45.508,2.09771,2.09833,1.50,2.25
2016.04.22 15:23:45.877,2.09772,2.09833,1.00,2.25
2016.04.22 15:23:46.495,2.09776,2.09834,1.37,1.37
2016.04.22 15:23:46.546,2.09775,2.09838,1.75,2.21
2016.04.22 15:23:46.597,2.09775,2.09838,1.50,2.21
2016.04.22 15:23:46.647,2.09775,2.09833,1.00,1.37
2016.04.22 15:23:46.698,2.09772,2.09833,2.25,1.12
2016.04.22 15:23:46.901,2.09772,2.09833,2.25,1.75
2016.04.22 15:23:47.227,2.09772,2.09834,1.00,1.75
2016.04.22 15:23:47.805,2.09772,2.09834,1.00,2.25
2016.04.22 15:23:49.223,2.09772,2.09834,1.37,2.25
2016.04.22 15:23:49.384,2.09772,2.09834,1.37,2.25
2016.04.22 15:23:49.760,2.09772,2.09834,1.50,2.25
2016.04.22 15:23:50.013,2.09771,2.09833,1.75,1.12
2016.04.22 15:23:50.211,2.09771,2.09834,1.75,1.87
2016.04.22 15:23:50.516,2.09771,2.09834,1.12,2.25
2016.04.22 15:23:50.854,2.09772,2.09827,1.00,1.75
2016.04.22 15:23:50.905,2.09765,2.09827,1.00,1.75
2016.04.22 15:23:51.213,2.09763,2.09822,1.50,1.00
2016.04.22 15:23:51.769,2.09772,2.09825,1.00,1.75
2016.04.22 15:23:52.305,2.09772,2.09825,1.00,1.75
2016.04.22 15:23:52.799,2.09772,2.09822,1.00,1.84
2016.04.22 15:23:52.900,2.09762,2.09818,1.00,1.09
2016.04.22 15:23:53.406,2.09761,2.09819,1.37,1.09
2016.04.22 15:23:53.709,2.09762,2.09819,1.00,1.09
2016.04.22 15:23:54.262,2.09761,2.09818,1.12,1.09
2016.04.22 15:23:54.414,2.09761,2.09819,1.37,1.09
2016.04.22 15:23:54.465,2.09778,2.0982,1.00,1.09
2016.04.22 15:23:54.516,2.09778,2.09826,1.12,1.37
2016.04.22 15:23:54.618,2.09772,2.09825,1.75,1.37
2016.04.22 15:23:54.668,2.09775,2.09826,1.37,1.00
2016.04.22 15:23:54.770,2.0978,2.09836,1.12,1.09
2016.04.22 15:23:54.921,2.09781,2.09834,1.37,1.09
2016.04.22 15:23:55.765,2.09781,2.09836,1.37,1.09
2016.04.22 15:23:56.666,2.09781,2.09835,1.87,1.09
2016.04.22 15:23:56.767,2.09781,2.09841,1.87,1.09
2016.04.22 15:23:56.869,2.09782,2.09845,1.37,1.75
2016.04.22 15:23:57.071,2.09789,2.09849,1.00,1.09
2016.04.22 15:23:57.394,2.09781,2.09845,1.37,1.75
2016.04.22 15:23:57.445,2.09781,2.09839,1.00,1.75
2016.04.22 15:23:57.547,2.0978,2.09832,1.00,1.50
2016.04.22 15:23:57.598,2.09766,2.09832,1.50,1.75
2016.04.22 15:23:57.649,2.09766,2.09832,1.50,1.75
2016.04.22 15:23:57.854,2.09767,2.0983,1.00,1.09
2016.04.22 15:23:58.167,2.09767,2.09827,1.00,1.75
2016.04.22 15:23:58.545,2.09766,2.09827,1.00,1.87
2016.04.22 15:23:59.173,2.09767,2.09827,1.00,1.87
2016.04.22 15:23:59.380,2.09772,2.09827,1.00,1.50
2016.04.22 15:23:59.588,2.09772,2.09831,1.00,1.75
2016.04.22 15:23:59.639,2.09772,2.09831,1.00,1.75
2016.04.22 15:23:59.740,2.09771,2.09831,1.00,1.75
2016.04.22 15:24:00.289,2.09771,2.09831,1.00,1.75
2016.04.22 15:24:00.340,2.09772,2.09831,1.00,1.75
2016.04.22 15:24:00.689,2.09772,2.09831,1.00,1.75
2016.04.22 15:24:01.093,2.09771,2.09831,1.00,1.75
2016.04.22 15:24:01.144,2.09772,2.09831,1.00,1.75
2016.04.22 15:24:01.532,2.09791,2.0984,1.00,1.12
2016.04.22 15:24:01.583,2.09781,2.09845,2.25,1.09
2016.04.22 15:24:01.684,2.09781,2.0984,1.12,1.75
2016.04.22 15:24:01.987,2.09782,2.09835,1.00,1.75
2016.04.22 15:24:02.297,2.09772,2.09836,2.25,1.75
2016.04.22 15:24:02.474,2.09772,2.09836,1.12,1.75
2016.04.22 15:24:02.576,2.09782,2.09836,1.00,1.75
2016.04.22 15:24:03.084,2.09781,2.09836,1.00,1.75
2016.04.22 15:24:03.412,2.09781,2.09836,1.00,1.75
2016.04.22 15:24:03.871,2.09792,2.09842,1.00,1.75
2016.04.22 15:24:03.972,2.09782,2.09849,1.75,1.75
2016.04.22 15:24:04.074,2.09781,2.09841,1.12,1.12
2016.04.22 15:24:04.176,2.09781,2.09841,1.12,1.50
2016.04.22 15:24:04.484,2.09782,2.09841,1.00,2.25
2016.04.22 15:24:04.990,2.09781,2.09841,1.00,1.75
2016.04.22 15:24:05.193,2.09781,2.09841,1.00,1.37
2016.04.22 15:24:05.505,2.09782,2.09841,1.00,2.25
2016.04.22 15:24:05.808,2.09791,2.09842,1.00,1.75
2016.04.22 15:24:05.859,2.09782,2.09844,1.00,1.75
2016.04.22 15:24:05.910,2.09782,2.09844,1.75,1.50
2016.04.22 15:24:06.062,2.0979,2.09846,1.00,1.12
2016.04.22 15:24:06.113,2.0979,2.09849,1.37,1.87
2016.04.22 15:24:06.164,2.0979,2.09849,1.50,1.12
2016.04.22 15:24:06.217,2.09793,2.09858,1.75,1.12
2016.04.22 15:24:06.405,2.09793,2.09858,1.75,1.37
2016.04.22 15:24:06.507,2.09794,2.09857,1.50,1.09
2016.04.22 15:24:06.609,2.09793,2.09857,1.75,1.09
2016.04.22 15:24:06.811,2.09793,2.09858,1.75,1.84
2016.04.22 15:24:06.913,2.09794,2.09857,1.50,1.09
2016.04.22 15:24:07.425,2.09794,2.09857,1.75,1.09
2016.04.22 15:24:07.578,2.09794,2.09857,1.50,1.09
2016.04.22 15:24:07.882,2.09786,2.09851,1.75,1.37
2016.04.22 15:24:08.408,2.09786,2.09851,1.75,1.12
2016.04.22 15:24:08.610,2.09786,2.09851,1.75,1.00
2016.04.22 15:24:09.155,2.09785,2.09845,1.75,1.00
2016.04.22 15:24:09.206,2.09785,2.09845,1.75,1.00
2016.04.22 15:24:09.308,2.09787,2.09845,1.00,1.00
2016.04.22 15:24:09.616,2.0978,2.09845,1.87,1.00
2016.04.22 15:24:09.718,2.0978,2.09845,1.87,1.00
2016.04.22 15:24:10.021,2.0978,2.0984,1.37,1.00
2016.04.22 15:24:10.123,2.09772,2.09839,1.75,1.37
2016.04.22 15:24:10.224,2.09772,2.09839,1.75,2.25
2016.04.22 15:24:10.325,2.09772,2.09839,1.75,1.12
2016.04.22 15:24:10.493,2.09772,2.09839,1.75,2.25
2016.04.22 15:24:10.544,2.09774,2.09839,1.00,2.25
2016.04.22 15:24:10.848,2.09777,2.09845,2.25,1.50
2016.04.22 15:24:11.052,2.09777,2.09845,1.75,1.00
2016.04.22 15:24:11.305,2.09777,2.09845,1.75,1.00
2016.04.22 15:24:11.606,2.09777,2.09845,1.75,1.00
2016.04.22 15:24:11.945,2.09783,2.09845,1.00,1.12
2016.04.22 15:24:12.047,2.09777,2.09845,2.25,1.37
2016.04.22 15:24:12.779,2.09777,2.09845,2.25,1.75
2016.04.22 15:24:13.032,2.09772,2.09837,2.25,1.75
2016.04.22 15:24:13.437,2.09776,2.09839,1.50,1.37
2016.04.22 15:24:13.884,2.09775,2.09839,1.75,1.00
2016.04.22 15:24:14.100,2.09776,2.09839,1.12,1.00
2016.04.22 15:24:14.670,2.0978,2.09846,1.12,1.75
2016.04.22 15:24:14.721,2.0978,2.09846,1.75,2.25
2016.04.22 15:24:15.057,2.0978,2.09846,1.75,1.50
2016.04.22 15:24:15.369,2.09786,2.09846,1.75,1.00
2016.04.22 15:24:15.471,2.09785,2.09846,1.75,1.00
2016.04.22 15:24:15.522,2.09785,2.09846,1.75,1.00
2016.04.22 15:24:15.623,2.09781,2.09846,1.75,1.00
2016.04.22 15:24:16.159,2.0978,2.09846,1.75,1.00
2016.04.22 15:24:16.260,2.0978,2.09846,1.75,1.12
2016.04.22 15:24:16.361,2.0978,2.09846,1.75,1.00
2016.04.22 15:24:16.665,2.0978,2.09846,1.75,1.37
2016.04.22 15:24:16.766,2.0978,2.09846,1.50,1.50
2016.04.22 15:24:16.968,2.0978,2.09846,1.37,1.50
2016.04.22 15:24:17.070,2.0978,2.09846,1.75,1.50
2016.04.22 15:24:17.382,2.0978,2.09846,1.37,1.75
2016.04.22 15:24:17.644,2.09778,2.09841,1.37,1.12
2016.04.22 15:24:18.175,2.09778,2.09841,1.00,1.37
2016.04.22 15:24:18.686,2.09778,2.09841,1.00,1.75
2016.04.22 15:24:18.737,2.09777,2.09841,1.00,1.50
2016.04.22 15:24:19.329,2.09777,2.09841,1.37,1.37
2016.04.22 15:24:19.380,2.09777,2.09841,1.12,1.00
2016.04.22 15:24:19.945,2.09777,2.09841,1.00,1.37
2016.04.22 15:24:20.046,2.09774,2.0984,1.00,1.37
2016.04.22 15:24:20.350,2.09774,2.09838,1.00,1.12
2016.04.22 15:24:20.653,2.09769,2.09835,1.12,1.37
2016.04.22 15:24:20.755,2.09769,2.09835,1.00,1.75
2016.04.22 15:24:20.945,2.09767,2.09829,1.12,1.12
2016.04.22 15:24:20.996,2.09767,2.09829,1.00,1.37
2016.04.22 15:24:21.047,2.09764,2.09829,1.37,1.37
2016.04.22 15:24:21.554,2.09764,2.09829,1.37,1.12
2016.04.22 15:24:21.655,2.09764,2.09829,1.75,1.12
2016.04.22 15:24:21.959,2.09768,2.09829,1.75,1.00
2016.04.22 15:24:22.505,2.09768,2.09829,1.75,1.00
2016.04.22 15:24:23.010,2.09769,2.09835,2.25,1.50
2016.04.22 15:24:23.062,2.09769,2.09835,1.50,1.00
2016.04.22 15:24:23.372,2.09777,2.09842,1.37,1.46
2016.04.22 15:24:23.879,2.09774,2.09838,1.00,1.09
2016.04.22 15:24:24.082,2.0977,2.09835,1.50,1.75
2016.04.22 15:24:24.411,2.0977,2.09835,1.87,1.37
2016.04.22 15:24:24.462,2.0977,2.09835,1.75,1.00
2016.04.22 15:24:24.767,2.0977,2.09835,1.75,1.37
2016.04.22 15:24:26.196,2.0977,2.09831,1.37,1.75
2016.04.22 15:24:26.247,2.0977,2.09828,1.00,1.00
2016.04.22 15:24:26.348,2.09763,2.09828,1.75,1.50
2016.04.22 15:24:26.399,2.09771,2.09828,1.37,1.12
2016.04.22 15:24:26.695,2.09772,2.09837,2.25,1.00
2016.04.22 15:24:26.898,2.09772,2.09837,1.75,1.37
2016.04.22 15:24:26.949,2.09772,2.09837,1.87,1.50
2016.04.22 15:24:27.000,2.09772,2.09837,1.87,1.50
2016.04.22 15:24:27.310,2.09772,2.09837,1.75,1.00
2016.04.22 15:24:27.676,2.09771,2.09837,2.25,1.00
2016.04.22 15:24:27.777,2.09771,2.09837,2.25,1.50
2016.04.22 15:24:27.879,2.09764,2.09832,1.75,1.00
2016.04.22 15:24:28.946,2.09764,2.09832,2.25,1.00
2016.04.22 15:24:29.098,2.09764,2.09832,1.75,1.00
2016.04.22 15:24:29.150,2.09764,2.09832,2.25,1.00
2016.04.22 15:24:29.505,2.09765,2.09832,1.75,1.00
2016.04.22 15:24:29.717,2.09765,2.09832,1.75,1.00
2016.04.22 15:24:30.219,2.09764,2.09832,1.75,1.00
2016.04.22 15:24:30.388,2.09764,2.09832,2.25,1.00
2016.04.22 15:24:30.814,2.09764,2.09832,2.25,1.00
2016.04.22 15:24:30.915,2.09772,2.09832,1.00,1.12
2016.04.22 15:24:31.436,2.09764,2.09832,2.25,1.00
2016.04.22 15:24:31.487,2.09764,2.09832,2.25,1.00
2016.04.22 15:24:31.639,2.09764,2.09833,1.75,1.37
2016.04.22 15:24:31.740,2.09764,2.09833,2.25,1.75
2016.04.22 15:24:31.841,2.09764,2.09832,2.25,1.00
2016.04.22 15:24:32.144,2.09764,2.09833,1.75,1.00
2016.04.22 15:24:32.601,2.09764,2.09833,1.75,1.37
2016.04.22 15:24:32.703,2.09764,2.09833,1.75,1.50
2016.04.22 15:24:33.006,2.09769,2.09833,1.00,1.12
2016.04.22 15:24:33.467,2.09764,2.09833,2.25,1.37
2016.04.22 15:24:33.790,2.09763,2.09826,1.50,1.50
2016.04.22 15:24:34.293,2.09763,2.09826,1.50,1.50
2016.04.22 15:24:34.344,2.09763,2.09826,1.50,1.50
2016.04.22 15:24:34.856,2.09763,2.09826,1.50,1.87
2016.04.22 15:24:35.307,2.09764,2.09826,1.00,2.25
2016.04.22 15:24:35.610,2.09763,2.09826,1.00,1.75
2016.04.22 15:24:35.711,2.09764,2.09826,1.00,1.75
2016.04.22 15:24:35.813,2.09764,2.09826,1.00,1.75
2016.04.22 15:24:36.122,2.0976,2.09824,1.00,1.75
2016.04.22 15:24:36.527,2.09754,2.09819,1.75,1.00
2016.04.22 15:24:36.629,2.09756,2.09821,1.00,1.50
2016.04.22 15:24:36.932,2.09754,2.09821,1.75,1.75
2016.04.22 15:24:37.362,2.09754,2.0982,1.75,1.00
2016.04.22 15:24:37.465,2.09754,2.09821,1.75,1.37
2016.04.22 15:24:37.768,2.09755,2.09821,1.00,1.75
2016.04.22 15:24:37.870,2.09761,2.09821,1.00,1.75
2016.04.22 15:24:38.024,2.09753,2.09821,2.25,1.75
2016.04.22 15:24:38.126,2.09756,2.09821,1.00,1.75
2016.04.22 15:24:38.354,2.09753,2.09821,2.25,1.50
2016.04.22 15:24:38.856,2.09753,2.09821,2.25,1.00
2016.04.22 15:24:38.957,2.09754,2.09821,1.75,1.37
2016.04.22 15:24:39.501,2.09761,2.09821,1.37,1.37
2016.04.22 15:24:40.159,2.0976,2.09812,1.00,1.00
2016.04.22 15:24:40.210,2.09753,2.09812,1.00,1.00
2016.04.22 15:24:40.362,2.0975,2.09812,1.75,1.00
2016.04.22 15:24:40.464,2.09752,2.09812,1.50,1.00
2016.04.22 15:24:40.625,2.09752,2.09812,1.75,1.00
2016.04.22 15:24:40.728,2.09753,2.09819,1.75,1.00
2016.04.22 15:24:40.779,2.09753,2.09819,1.75,1.00
2016.04.22 15:24:40.880,2.09758,2.09825,2.25,1.09
2016.04.22 15:24:40.982,2.0976,2.09826,1.12,1.00
2016.04.22 15:24:41.640,2.09762,2.09826,1.75,1.00
2016.04.22 15:24:42.364,2.09762,2.09826,1.75,1.12
2016.04.22 15:24:42.465,2.09762,2.09826,1.75,1.00
2016.04.22 15:24:42.988,2.09761,2.09826,1.75,1.00
2016.04.22 15:24:43.190,2.09764,2.0983,1.75,1.37
2016.04.22 15:24:43.291,2.09764,2.0983,1.75,1.37
2016.04.22 15:24:43.727,2.09769,2.09838,1.75,1.71
2016.04.22 15:24:43.831,2.09769,2.09838,1.75,1.37
2016.04.22 15:24:43.882,2.09776,2.09839,1.37,1.00
2016.04.22 15:24:43.985,2.09774,2.09837,1.00,1.00
2016.04.22 15:24:44.087,2.0977,2.09837,1.37,1.37
2016.04.22 15:24:44.138,2.0977,2.09837,1.00,1.75
2016.04.22 15:24:44.239,2.09768,2.09832,1.12,1.00
2016.04.22 15:24:44.391,2.09768,2.09832,1.37,1.37
2016.04.22 15:24:44.607,2.09767,2.09832,1.12,1.50
2016.04.22 15:24:44.659,2.09767,2.09832,1.12,1.50
2016.04.22 15:24:44.967,2.09764,2.09829,1.75,1.00
2016.04.22 15:24:45.169,2.09764,2.09828,1.50,1.37
2016.04.22 15:24:45.473,2.09775,2.0984,1.37,1.50
2016.04.22 15:24:45.737,2.09775,2.09841,1.75,1.50
2016.04.22 15:24:46.360,2.09775,2.09841,1.75,1.50
2016.04.22 15:24:46.776,2.09775,2.0984,1.50,1.37
2016.04.22 15:24:47.282,2.09775,2.0984,1.12,1.75
2016.04.22 15:24:48.078,2.09775,2.0984,1.37,1.75
2016.04.22 15:24:48.407,2.0977,2.09835,1.37,1.37
2016.04.22 15:24:48.458,2.09769,2.09832,1.00,1.75
2016.04.22 15:24:48.559,2.09772,2.09832,1.00,1.75
2016.04.22 15:24:48.812,2.09772,2.09832,1.00,1.50
2016.04.22 15:24:49.331,2.09771,2.09832,1.00,1.12
2016.04.22 15:24:49.871,2.09771,2.09832,1.12,1.37
2016.04.22 15:24:50.388,2.09771,2.09831,1.00,1.37
2016.04.22 15:24:50.914,2.09772,2.09831,1.00,1.37
2016.04.22 15:24:51.234,2.09772,2.09832,1.00,1.00
2016.04.22 15:24:51.284,2.09771,2.09832,1.50,1.00
2016.04.22 15:24:51.336,2.09771,2.09835,1.75,1.12
2016.04.22 15:24:51.387,2.09771,2.09835,1.75,1.12
2016.04.22 15:24:51.538,2.09771,2.09835,1.75,1.00
2016.04.22 15:24:51.690,2.09771,2.09835,1.37,1.37
2016.04.22 15:24:51.741,2.09771,2.09835,1.00,1.75
2016.04.22 15:24:51.907,2.09771,2.09835,1.00,1.75
2016.04.22 15:24:52.653,2.09781,2.09835,1.00,1.75
2016.04.22 15:24:52.705,2.09781,2.09835,1.00,1.50
2016.04.22 15:24:52.806,2.09781,2.09835,1.00,1.00
2016.04.22 15:24:52.988,2.09782,2.0984,1.00,1.50
2016.04.22 15:24:53.394,2.09782,2.0984,1.00,1.12
2016.04.22 15:24:53.798,2.09782,2.09839,1.37,1.00
2016.04.22 15:24:53.925,2.09782,2.09839,1.00,1.00
2016.04.22 15:24:54.179,2.09791,2.0984,1.00,1.00
2016.04.22 15:24:54.707,2.09782,2.0984,1.00,1.37
2016.04.22 15:24:54.859,2.09782,2.0984,1.00,1.00
2016.04.22 15:24:55.074,2.09792,2.0984,1.00,1.00
2016.04.22 15:24:55.277,2.09782,2.0984,1.37,1.37
2016.04.22 15:24:55.695,2.09792,2.0984,1.00,1.00
2016.04.22 15:24:55.746,2.09792,2.09849,1.00,1.75
2016.04.22 15:24:55.847,2.09792,2.09852,1.00,2.25
2016.04.22 15:24:56.362,2.09792,2.09851,1.00,1.75
2016.04.22 15:24:56.900,2.09792,2.09851,1.00,1.75
2016.04.22 15:24:57.599,2.09792,2.09852,1.00,2.25
2016.04.22 15:24:58.106,2.09786,2.09852,1.12,2.25
2016.04.22 15:24:58.507,2.09786,2.09852,1.00,2.25
2016.04.22 15:24:59.105,2.09786,2.09851,1.37,1.75
2016.04.22 15:24:59.207,2.09786,2.09851,1.12,1.75
2016.04.22 15:25:00.028,2.09789,2.09852,1.00,1.75
2016.04.22 15:25:00.331,2.09779,2.09842,1.00,1.09
2016.04.22 15:25:00.534,2.09781,2.09841,1.00,1.09
2016.04.22 15:25:00.821,2.09781,2.09839,1.00,1.50
2016.04.22 15:25:01.126,2.09782,2.09834,1.00,1.75
2016.04.22 15:25:01.329,2.09772,2.09833,1.00,1.00
2016.04.22 15:25:01.632,2.09772,2.09835,1.00,1.50
2016.04.22 15:25:02.169,2.09772,2.09834,1.00,1.75
2016.04.22 15:25:02.540,2.09782,2.09835,1.37,1.37
2016.04.22 15:25:02.591,2.09782,2.09834,1.75,1.00
2016.04.22 15:25:02.641,2.09792,2.09834,1.00,1.00
2016.04.22 15:25:02.692,2.09792,2.09851,1.00,1.75
2016.04.22 15:25:02.744,2.09792,2.09856,1.00,1.75
2016.04.22 15:25:02.894,2.09789,2.09856,1.00,1.75
2016.04.22 15:25:02.944,2.09789,2.09856,1.00,1.75
2016.04.22 15:25:02.995,2.09784,2.09852,1.37,1.75
2016.04.22 15:25:03.046,2.09784,2.09852,1.00,1.75
2016.04.22 15:25:03.147,2.09784,2.09852,1.50,1.75
2016.04.22 15:25:03.451,2.09784,2.09847,1.12,1.75
2016.04.22 15:25:04.391,2.09784,2.09847,1.00,1.75
2016.04.22 15:25:04.593,2.09785,2.09852,1.50,1.75
2016.04.22 15:25:04.897,2.09791,2.09852,1.00,1.75
2016.04.22 15:25:05.434,2.09792,2.09852,1.00,1.75
2016.04.22 15:25:05.693,2.09792,2.09852,1.00,1.75
2016.04.22 15:25:05.895,2.09792,2.09849,1.00,1.75
2016.04.22 15:25:06.255,2.09792,2.09849,1.00,1.75
2016.04.22 15:25:06.753,2.09801,2.09849,1.00,1.75
2016.04.22 15:25:06.804,2.09801,2.09849,1.00,1.75
2016.04.22 15:25:06.855,2.09784,2.09849,1.75,1.75
2016.04.22 15:25:06.906,2.09784,2.0985,1.75,1.50
2016.04.22 15:25:07.248,2.09792,2.09849,1.00,1.75
2016.04.22 15:25:07.299,2.09792,2.0985,1.00,1.50
2016.04.22 15:25:07.690,2.09792,2.09852,1.12,1.87
2016.04.22 15:25:07.741,2.09801,2.09852,1.00,1.87
2016.04.22 15:25:07.903,2.09802,2.09852,1.00,1.12
2016.04.22 15:25:08.105,2.09802,2.09852,1.00,1.37
2016.04.22 15:25:08.257,2.09792,2.09852,1.50,1.37
2016.04.22 15:25:08.308,2.09792,2.09852,1.37,1.50
2016.04.22 15:25:08.894,2.09792,2.09856,1.50,1.75
2016.04.22 15:25:09.159,2.09791,2.09856,1.50,1.75
2016.04.22 15:25:09.412,2.09789,2.09856,1.00,1.75
2016.04.22 15:25:09.463,2.09791,2.09856,1.00,1.75
2016.04.22 15:25:10.096,2.09791,2.09849,1.00,1.00
2016.04.22 15:25:10.400,2.09799,2.09857,1.00,1.75
2016.04.22 15:25:10.502,2.09801,2.09857,1.00,1.12
2016.04.22 15:25:10.603,2.09802,2.09856,1.00,1.50
2016.04.22 15:25:10.704,2.09801,2.0986,1.00,1.09
2016.04.22 15:25:10.806,2.09802,2.09863,1.00,1.09
2016.04.22 15:25:10.857,2.09802,2.09864,1.00,1.87
2016.04.22 15:25:10.907,2.09812,2.09864,1.00,1.50
2016.04.22 15:25:11.230,2.09812,2.09865,1.00,1.75
2016.04.22 15:25:11.685,2.09812,2.09864,1.00,1.75
2016.04.22 15:25:11.837,2.09802,2.09864,1.00,1.75
2016.04.22 15:25:11.888,2.09802,2.09864,1.00,1.75
2016.04.22 15:25:11.939,2.09799,2.09864,1.00,1.75
2016.04.22 15:25:11.990,2.09799,2.09864,1.00,1.75
2016.04.22 15:25:12.324,2.09792,2.09849,1.00,1.37
2016.04.22 15:25:12.577,2.09781,2.09849,1.87,1.75
2016.04.22 15:25:12.712,2.09782,2.09849,1.75,1.75
2016.04.22 15:25:13.023,2.09791,2.09845,1.00,1.75
2016.04.22 15:25:13.270,2.09782,2.09845,1.12,1.75
2016.04.22 15:25:13.775,2.09781,2.09844,1.00,1.75
2016.04.22 15:25:13.826,2.09781,2.09844,1.00,1.75
2016.04.22 15:25:14.417,2.09781,2.09845,1.37,1.75
2016.04.22 15:25:14.468,2.09791,2.09845,1.00,1.75
2016.04.22 15:25:14.973,2.09792,2.09844,1.00,1.75
2016.04.22 15:25:15.024,2.09792,2.09844,1.00,1.50
2016.04.22 15:25:15.125,2.09792,2.09845,1.00,1.12
2016.04.22 15:25:15.293,2.09792,2.09844,1.00,1.37
2016.04.22 15:25:15.577,2.09781,2.09844,1.75,1.50
2016.04.22 15:25:15.728,2.09783,2.09844,1.00,1.50
2016.04.22 15:25:16.096,2.09781,2.09844,1.37,1.00
2016.04.22 15:25:16.409,2.09782,2.09849,1.75,1.75
2016.04.22 15:25:16.662,2.09792,2.09854,1.00,1.75
2016.04.22 15:25:16.823,2.09801,2.0986,1.00,1.75
2016.04.22 15:25:16.874,2.09801,2.0986,1.00,1.75
2016.04.22 15:25:16.925,2.09801,2.09861,1.37,1.75
2016.04.22 15:25:17.027,2.09803,2.09866,1.37,1.37
2016.04.22 15:25:17.078,2.09809,2.09866,1.00,1.37
2016.04.22 15:25:17.129,2.09809,2.09872,1.50,1.12
2016.04.22 15:25:17.331,2.09822,2.09875,1.00,1.00
2016.04.22 15:25:17.433,2.09812,2.09875,1.75,1.00
2016.04.22 15:25:17.535,2.09812,2.09875,1.75,1.37
2016.04.22 15:25:17.637,2.09809,2.09875,2.25,1.50
2016.04.22 15:25:17.789,2.09812,2.09874,1.12,1.75
2016.04.22 15:25:18.096,2.09812,2.09871,1.00,1.75
2016.04.22 15:25:18.598,2.09812,2.09871,1.00,1.75
2016.04.22 15:25:19.342,2.09812,2.09871,1.00,1.75
2016.04.22 15:25:19.847,2.09812,2.09865,1.00,1.75
2016.04.22 15:25:20.381,2.09812,2.09865,1.00,1.37
2016.04.22 15:25:21.055,2.09811,2.09865,1.00,1.37
2016.04.22 15:25:21.157,2.09811,2.09865,1.00,1.12
2016.04.22 15:25:21.519,2.09811,2.09865,1.00,1.37
2016.04.22 15:25:21.823,2.09811,2.09865,1.00,1.75
2016.04.22 15:25:23.037,2.09811,2.09865,1.00,1.75
2016.04.22 15:25:23.258,2.09811,2.09865,1.00,1.75
2016.04.22 15:25:24.340,2.09812,2.09862,1.00,1.00
2016.04.22 15:25:24.441,2.09812,2.09865,1.00,1.87
2016.04.22 15:25:24.593,2.09802,2.0986,1.00,1.75
2016.04.22 15:25:24.644,2.09802,2.09861,1.37,1.37
2016.04.22 15:25:25.282,2.09812,2.09861,1.00,1.00
2016.04.22 15:25:25.383,2.09802,2.09861,1.00,1.37
2016.04.22 15:25:25.434,2.09802,2.09861,1.37,1.37
2016.04.22 15:25:25.586,2.09812,2.09864,1.00,1.37
2016.04.22 15:25:26.236,2.09812,2.09864,1.00,1.12
2016.04.22 15:25:26.601,2.09812,2.09864,1.00,1.75
2016.04.22 15:25:27.017,2.09801,2.09864,1.00,1.75
2016.04.22 15:25:27.169,2.09802,2.09869,1.75,1.75
2016.04.22 15:25:27.506,2.09811,2.0987,1.12,1.50
2016.04.22 15:25:27.860,2.09811,2.09874,1.50,1.37
2016.04.22 15:25:28.164,2.09822,2.09876,1.00,1.37
2016.04.22 15:25:28.470,2.09822,2.0987,1.00,1.37
2016.04.22 15:25:28.666,2.09812,2.0987,1.37,1.75
2016.04.22 15:25:28.717,2.09812,2.09863,1.00,1.12
2016.04.22 15:25:29.172,2.09812,2.09863,1.00,1.75
2016.04.22 15:25:29.375,2.09812,2.09863,1.00,1.00
2016.04.22 15:25:29.906,2.09811,2.09863,1.00,1.12
2016.04.22 15:25:30.578,2.09811,2.09863,1.00,1.37
2016.04.22 15:25:31.290,2.09811,2.09863,1.00,1.75
2016.04.22 15:25:31.690,2.09811,2.09864,1.00,1.00
2016.04.22 15:25:32.230,2.09811,2.09863,1.00,1.00
2016.04.22 15:25:33.920,2.09801,2.09856,1.37,1.37
2016.04.22 15:25:33.971,2.09801,2.09856,1.00,1.75
2016.04.22 15:25:34.072,2.09791,2.09853,1.75,1.37
2016.04.22 15:25:34.173,2.09801,2.09852,1.00,1.12
2016.04.22 15:25:34.678,2.09802,2.09862,1.37,1.71
2016.04.22 15:25:34.729,2.09802,2.09862,1.75,1.34
2016.04.22 15:25:34.925,2.09802,2.09862,1.75,1.46
2016.04.22 15:25:35.335,2.09801,2.09862,1.37,1.46
2016.04.22 15:25:35.487,2.09811,2.09862,1.00,1.46
2016.04.22 15:25:35.690,2.09801,2.09862,1.37,1.46
2016.04.22 15:25:35.895,2.09812,2.09862,1.00,1.46
2016.04.22 15:25:36.125,2.09802,2.09862,1.12,1.84
2016.04.22 15:25:36.971,2.09802,2.09864,1.12,1.75
2016.04.22 15:25:37.023,2.09812,2.09864,1.00,1.75
2016.04.22 15:25:37.410,2.09812,2.09872,1.00,1.09
2016.04.22 15:25:37.461,2.09802,2.09864,1.50,1.37
2016.04.22 15:25:37.512,2.09802,2.09864,1.37,1.75
2016.04.22 15:25:37.866,2.09802,2.09866,1.50,1.75
2016.04.22 15:25:37.917,2.09811,2.09866,1.00,1.75
2016.04.22 15:25:38.019,2.09811,2.09871,1.12,1.12
2016.04.22 15:25:38.121,2.09811,2.09872,1.12,1.09
2016.04.22 15:25:38.222,2.098,2.09863,1.50,1.75
2016.04.22 15:25:38.500,2.09782,2.09847,1.00,1.75
2016.04.22 15:25:38.753,2.09782,2.09847,1.12,1.75
2016.04.22 15:25:38.955,2.09782,2.09847,1.00,1.75
2016.04.22 15:25:39.107,2.09781,2.09847,1.75,1.75
2016.04.22 15:25:40.157,2.09787,2.0985,1.00,1.75
2016.04.22 15:25:40.258,2.09787,2.09843,1.00,1.00
2016.04.22 15:25:40.309,2.09791,2.09843,1.00,1.00
2016.04.22 15:25:40.411,2.09779,2.09843,1.75,1.37
2016.04.22 15:25:40.528,2.09777,2.09835,1.00,1.75
2016.04.22 15:25:40.579,2.0977,2.09835,1.50,1.75
2016.04.22 15:25:40.832,2.09773,2.09838,1.75,1.50
2016.04.22 15:25:41.035,2.09776,2.09841,1.50,1.12
2016.04.22 15:25:41.136,2.09776,2.09843,1.50,1.75
2016.04.22 15:25:41.467,2.09776,2.09843,1.00,1.75
2016.04.22 15:25:41.519,2.09772,2.09837,1.87,1.75
2016.04.22 15:25:41.620,2.09772,2.09837,1.00,1.75
2016.04.22 15:25:41.823,2.09772,2.09837,1.37,1.75
2016.04.22 15:25:42.481,2.09772,2.09814,1.37,1.00
2016.04.22 15:25:42.634,2.09742,2.09804,1.00,1.75
2016.04.22 15:25:42.735,2.09742,2.09798,1.00,1.37
2016.04.22 15:25:42.836,2.09736,2.09798,1.37,1.75
2016.04.22 15:25:43.039,2.09743,2.09797,1.37,1.00
2016.04.22 15:25:43.429,2.09822,2.09858,1.37,1.75
2016.04.22 15:25:43.480,2.09823,2.09858,1.75,1.00
2016.04.22 15:25:43.531,2.09836,2.09887,1.37,1.00
2016.04.22 15:25:43.633,2.09842,2.09886,1.37,1.00
2016.04.22 15:25:43.735,2.09841,2.09901,1.75,1.00
2016.04.22 15:25:43.836,2.09843,2.09906,1.50,1.75
2016.04.22 15:25:43.937,2.09843,2.09897,1.75,1.00
2016.04.22 15:25:44.039,2.09852,2.09905,1.00,1.87
2016.04.22 15:25:44.358,2.09852,2.09905,1.00,1.00
2016.04.22 15:25:44.872,2.09852,2.09904,1.00,1.00
2016.04.22 15:25:44.923,2.09843,2.09905,1.75,1.00
2016.04.22 15:25:45.024,2.09851,2.09905,1.00,1.00
2016.04.22 15:25:45.614,2.09843,2.09904,1.75,1.00
2016.04.22 15:25:45.818,2.09843,2.09904,1.75,1.00
2016.04.22 15:25:46.267,2.09846,2.09904,1.00,1.12
2016.04.22 15:25:46.368,2.09843,2.09904,1.75,1.00
2016.04.22 15:25:46.844,2.09842,2.09904,1.37,1.37
2016.04.22 15:25:46.947,2.09842,2.09905,1.37,2.25
2016.04.22 15:25:47.048,2.09842,2.09905,1.37,2.25
2016.04.22 15:25:47.351,2.09832,2.09884,1.12,1.00
2016.04.22 15:25:47.687,2.09832,2.09884,1.00,1.50
2016.04.22 15:25:47.889,2.09831,2.09884,1.00,1.09
2016.04.22 15:25:48.041,2.09831,2.09888,1.37,1.12
2016.04.22 15:25:48.092,2.09831,2.09888,1.37,1.00
2016.04.22 15:25:48.193,2.09833,2.09888,1.00,1.00
2016.04.22 15:25:48.975,2.09832,2.09888,1.50,1.12
2016.04.22 15:25:50.379,2.09832,2.09888,1.37,1.00
2016.04.22 15:25:50.998,2.09831,2.09893,1.75,1.12
2016.04.22 15:25:51.099,2.09831,2.09892,1.75,1.12
2016.04.22 15:25:51.150,2.09831,2.09893,1.75,1.37
2016.04.22 15:25:51.807,2.09831,2.09892,1.75,1.00
2016.04.22 15:25:52.009,2.09838,2.09892,1.00,1.00
2016.04.22 15:25:53.095,2.09832,2.09892,1.75,1.12
2016.04.22 15:25:53.146,2.09834,2.09893,1.00,1.37
2016.04.22 15:25:53.197,2.09831,2.09893,1.75,1.12
2016.04.22 15:25:53.612,2.09831,2.09892,1.75,1.37
2016.04.22 15:25:53.886,2.09831,2.09893,1.75,1.50
2016.04.22 15:25:54.038,2.09831,2.09893,1.75,1.37
2016.04.22 15:25:54.342,2.09842,2.09894,1.00,1.00
2016.04.22 15:25:54.719,2.09832,2.09894,1.75,1.12
2016.04.22 15:25:54.820,2.09832,2.09894,1.75,1.37
2016.04.22 15:25:55.352,2.09832,2.09894,1.75,1.37
2016.04.22 15:25:55.403,2.09834,2.09894,1.00,1.37
2016.04.22 15:25:56.250,2.09832,2.09892,1.75,1.12
2016.04.22 15:25:56.403,2.09832,2.09893,1.50,1.87
2016.04.22 15:25:56.505,2.09832,2.09892,1.50,1.75
2016.04.22 15:25:56.606,2.09832,2.0989,1.12,1.00
2016.04.22 15:25:56.708,2.09832,2.09892,1.00,1.75
2016.04.22 15:25:56.860,2.09832,2.09893,1.75,1.87
2016.04.22 15:25:56.911,2.09831,2.09893,1.75,1.50
2016.04.22 15:25:57.012,2.09831,2.09892,1.75,1.37
2016.04.22 15:25:57.555,2.09832,2.09893,1.37,2.25
2016.04.22 15:25:57.606,2.09832,2.09893,1.12,2.25
2016.04.22 15:25:57.910,2.09832,2.09891,1.37,1.00
2016.04.22 15:25:58.315,2.09831,2.09883,1.37,1.37
2016.04.22 15:25:58.494,2.09822,2.09883,1.75,1.50
2016.04.22 15:25:58.545,2.09822,2.09878,1.50,1.00
2016.04.22 15:25:59.063,2.09821,2.09878,1.75,1.00
2016.04.22 15:25:59.165,2.09823,2.09882,1.75,1.00
2016.04.22 15:25:59.216,2.09831,2.09888,1.12,1.71
2016.04.22 15:25:59.418,2.09831,2.09891,1.75,1.12
2016.04.22 15:25:59.622,2.09842,2.0989,1.00,1.00
2016.04.22 15:25:59.673,2.09842,2.09895,1.00,1.00
2016.04.22 15:25:59.774,2.09831,2.09895,1.75,1.37
2016.04.22 15:25:59.926,2.09841,2.09895,1.37,1.00
2016.04.22 15:26:00.230,2.09841,2.09895,1.00,1.75
2016.04.22 15:26:00.432,2.09833,2.09895,1.00,1.75
2016.04.22 15:26:00.534,2.09831,2.09895,1.50,1.75
2016.04.22 15:26:00.860,2.09841,2.09902,1.00,2.59
2016.04.22 15:26:00.911,2.09841,2.09895,1.00,1.00
2016.04.22 15:26:00.963,2.09844,2.09902,1.00,1.75
2016.04.22 15:26:01.013,2.09844,2.09902,1.37,1.37
2016.04.22 15:26:01.064,2.09844,2.09902,1.50,1.00
2016.04.22 15:26:01.116,2.09851,2.09902,1.00,1.00
2016.04.22 15:26:01.167,2.09851,2.09908,1.00,1.09
2016.04.22 15:26:01.520,2.09851,2.09908,1.00,1.09
2016.04.22 15:26:02.912,2.09851,2.09908,1.00,1.09
2016.04.22 15:26:03.215,2.09851,2.09908,1.00,1.09
2016.04.22 15:26:03.725,2.09852,2.09909,1.00,1.00
2016.04.22 15:26:03.928,2.09852,2.09909,1.00,1.37
2016.04.22 15:26:03.979,2.09844,2.09909,1.37,1.75
2016.04.22 15:26:04.030,2.09844,2.09909,1.12,1.75
2016.04.22 15:26:04.526,2.09851,2.09909,1.00,1.50
2016.04.22 15:26:04.578,2.09851,2.09909,1.00,1.50
2016.04.22 15:26:04.833,2.09852,2.09909,1.00,1.75
2016.04.22 15:26:05.035,2.09852,2.09905,1.00,1.00
2016.04.22 15:26:05.671,2.09851,2.09909,1.00,1.75
2016.04.22 15:26:06.037,2.09851,2.09909,1.00,1.75
2016.04.22 15:26:07.042,2.09851,2.09908,1.00,1.75
2016.04.22 15:26:07.586,2.09851,2.09908,1.00,1.75
2016.04.22 15:26:09.576,2.09851,2.09908,1.00,1.75
2016.04.22 15:26:09.732,2.09851,2.099,1.00,1.00
2016.04.22 15:26:10.276,2.09852,2.09908,1.00,1.75
2016.04.22 15:26:10.377,2.09852,2.09908,1.00,1.75
2016.04.22 15:26:10.479,2.09852,2.09908,1.00,1.75
2016.04.22 15:26:11.770,2.09841,2.09907,1.37,1.75
2016.04.22 15:26:11.879,2.09841,2.09907,1.12,1.75
2016.04.22 15:26:11.981,2.09851,2.09907,1.00,1.75
2016.04.22 15:26:12.533,2.09852,2.09907,1.00,1.75
2016.04.22 15:26:12.902,2.09842,2.09907,1.12,1.75
2016.04.22 15:26:13.363,2.09841,2.09907,1.00,1.75
2016.04.22 15:26:13.740,2.09851,2.09907,1.00,1.75
2016.04.22 15:26:13.791,2.09851,2.09907,1.00,1.75
2016.04.22 15:26:14.376,2.09851,2.09907,1.00,1.75
2016.04.22 15:26:14.795,2.09851,2.09907,1.00,1.50
2016.04.22 15:26:15.297,2.09852,2.09907,1.00,1.50
2016.04.22 15:26:16.501,2.09852,2.09907,1.00,1.75
2016.04.22 15:26:17.659,2.09852,2.09907,1.00,1.75
2016.04.22 15:26:18.207,2.09851,2.09907,1.00,1.75
2016.04.22 15:26:18.882,2.09852,2.09906,1.00,1.75
2016.04.22 15:26:19.188,2.09852,2.09906,1.00,1.75
2016.04.22 15:26:19.721,2.09852,2.09905,1.00,1.75
2016.04.22 15:26:20.121,2.09851,2.09896,1.00,1.00
2016.04.22 15:26:20.173,2.09852,2.09905,1.00,1.50
2016.04.22 15:26:20.224,2.09852,2.09908,1.00,1.84
2016.04.22 15:26:20.376,2.09852,2.09908,1.12,1.00
2016.04.22 15:26:20.477,2.09852,2.09908,1.00,1.37
2016.04.22 15:26:20.680,2.09852,2.09908,1.12,1.00
2016.04.22 15:26:20.781,2.09851,2.09907,1.50,1.37
2016.04.22 15:26:21.112,2.09851,2.09904,1.00,1.12
2016.04.22 15:26:21.415,2.09841,2.09904,1.75,1.87
2016.04.22 15:26:21.618,2.09842,2.09904,1.75,1.87
2016.04.22 15:26:22.289,2.09842,2.09904,1.75,1.50
2016.04.22 15:26:22.900,2.09841,2.09904,1.75,1.37
2016.04.22 15:26:23.542,2.09852,2.09904,1.00,1.37
2016.04.22 15:26:24.119,2.09841,2.09904,1.75,1.37
2016.04.22 15:26:24.283,2.09851,2.09904,1.12,1.12
2016.04.22 15:26:25.723,2.09841,2.09904,1.75,1.12
2016.04.22 15:26:25.783,2.09841,2.09904,1.75,1.50
2016.04.22 15:26:25.834,2.09841,2.09904,1.75,1.87
2016.04.22 15:26:26.311,2.09842,2.09904,1.75,1.37
2016.04.22 15:26:26.361,2.09842,2.09904,1.37,1.12
2016.04.22 15:26:26.412,2.09842,2.09904,1.37,1.12
2016.04.22 15:26:26.993,2.09842,2.09904,1.75,1.37
2016.04.22 15:26:27.126,2.09842,2.09905,1.75,1.37
2016.04.22 15:26:27.329,2.09841,2.09897,1.50,1.00
2016.04.22 15:26:27.430,2.09841,2.09897,1.12,1.00
2016.04.22 15:26:27.803,2.09836,2.09892,1.00,1.37
2016.04.22 15:26:27.857,2.09832,2.09888,1.00,1.00
2016.04.22 15:26:28.009,2.09831,2.09888,1.00,1.37
2016.04.22 15:26:28.211,2.09826,2.09888,1.37,1.75
2016.04.22 15:26:28.262,2.09831,2.09888,1.00,1.75
2016.04.22 15:26:28.364,2.09826,2.09888,1.00,1.75
2016.04.22 15:26:28.516,2.09831,2.09888,1.00,1.75
2016.04.22 15:26:28.630,2.09831,2.09888,1.00,1.75
2016.04.22 15:26:28.854,2.09831,2.09889,1.00,1.75
2016.04.22 15:26:28.905,2.09831,2.09889,1.00,1.75
2016.04.22 15:26:29.196,2.09831,2.09888,1.00,1.75
2016.04.22 15:26:29.298,2.09831,2.09884,1.00,1.00
2016.04.22 15:26:29.399,2.09826,2.09889,1.12,1.75
2016.04.22 15:26:29.602,2.09826,2.09889,1.12,1.75
2016.04.22 15:26:29.706,2.09826,2.09889,1.37,1.75
2016.04.22 15:26:30.233,2.09831,2.09889,1.00,1.75
2016.04.22 15:26:30.783,2.09832,2.09889,1.00,1.75
2016.04.22 15:26:31.113,2.09831,2.09888,1.12,1.75
2016.04.22 15:26:31.214,2.09831,2.09888,1.87,1.50
2016.04.22 15:26:31.538,2.09832,2.09889,1.12,1.00
2016.04.22 15:26:31.639,2.09832,2.09892,1.75,1.50
2016.04.22 15:26:31.741,2.09831,2.09892,1.87,1.37
2016.04.22 15:26:32.044,2.09832,2.09892,1.12,1.75
2016.04.22 15:26:32.247,2.09832,2.09892,1.50,1.50
2016.04.22 15:26:32.348,2.09831,2.09892,1.50,1.50
2016.04.22 15:26:32.449,2.09832,2.09892,1.12,1.75
2016.04.22 15:26:32.762,2.09832,2.09892,1.12,1.75
2016.04.22 15:26:33.143,2.09832,2.09892,1.50,1.50
2016.04.22 15:26:33.245,2.09841,2.09892,1.00,1.00
2016.04.22 15:26:33.549,2.09832,2.09898,1.12,2.25
2016.04.22 15:26:33.651,2.09832,2.09892,1.00,1.75
2016.04.22 15:26:33.992,2.09832,2.09887,1.00,1.75
2016.04.22 15:26:34.500,2.09831,2.09885,1.12,1.50
2016.04.22 15:26:34.551,2.09831,2.09885,1.12,1.50
2016.04.22 15:26:34.878,2.09831,2.09885,1.12,1.75
2016.04.22 15:26:35.202,2.09831,2.09885,1.00,1.75
2016.04.22 15:26:35.353,2.09832,2.09885,1.00,1.75
2016.04.22 15:26:35.555,2.09832,2.09885,1.00,1.75
2016.04.22 15:26:35.657,2.09832,2.09885,1.00,1.75
2016.04.22 15:26:35.758,2.09821,2.09885,1.75,1.75
2016.04.22 15:26:35.859,2.09822,2.09874,1.00,1.00
2016.04.22 15:26:36.185,2.09822,2.09867,1.00,1.00
2016.04.22 15:26:36.707,2.09821,2.09868,1.00,1.00
2016.04.22 15:26:37.341,2.09822,2.09868,1.00,1.00
2016.04.22 15:26:37.748,2.09811,2.09868,1.75,1.00
2016.04.22 15:26:40.567,2.09812,2.09868,1.00,1.00
2016.04.22 15:26:40.786,2.09811,2.09867,1.37,1.00
2016.04.22 15:26:40.837,2.09812,2.09867,1.00,1.37
2016.04.22 15:26:40.939,2.09812,2.09867,1.00,1.50
2016.04.22 15:26:41.242,2.09812,2.09867,1.00,1.75
2016.04.22 15:26:41.774,2.09812,2.09868,1.00,2.59
2016.04.22 15:26:42.391,2.09811,2.09868,1.00,2.59
2016.04.22 15:26:43.813,2.09812,2.09868,1.00,2.59
2016.04.22 15:26:43.914,2.09812,2.09857,1.00,1.00
2016.04.22 15:26:44.016,2.09798,2.09857,1.37,1.37
2016.04.22 15:26:44.067,2.09796,2.09851,1.37,1.37
2016.04.22 15:26:44.117,2.09792,2.09848,1.00,2.25
2016.04.22 15:26:44.219,2.09792,2.09842,1.00,1.00
2016.04.22 15:26:44.320,2.09781,2.09838,1.00,1.12
2016.04.22 15:26:44.371,2.09783,2.09838,1.37,1.00
2016.04.22 15:26:44.735,2.09792,2.09839,1.00,1.00
2016.04.22 15:26:44.887,2.09783,2.09839,1.50,1.00
2016.04.22 15:26:45.106,2.09792,2.09839,1.00,1.00
2016.04.22 15:26:45.441,2.09783,2.09839,1.75,1.00
2016.04.22 15:26:45.633,2.09792,2.09839,1.00,1.00
2016.04.22 15:26:45.963,2.09783,2.09839,1.75,1.00
2016.04.22 15:26:46.225,2.09791,2.09839,1.00,1.00
2016.04.22 15:26:46.327,2.09783,2.09839,1.50,1.00
2016.04.22 15:26:46.583,2.09783,2.09839,1.75,1.00
2016.04.22 15:26:46.953,2.09792,2.09838,1.00,1.00
2016.04.22 15:26:47.362,2.09783,2.09838,1.75,1.00
2016.04.22 15:26:47.413,2.09792,2.09838,1.00,1.00
2016.04.22 15:26:47.752,2.09783,2.09839,1.75,1.00
2016.04.22 15:26:48.137,2.09783,2.09846,1.75,1.12
2016.04.22 15:26:49.171,2.09811,2.09847,1.00,1.75
2016.04.22 15:26:49.222,2.09811,2.09848,1.00,1.00
2016.04.22 15:26:49.324,2.09811,2.09858,1.00,1.84
2016.04.22 15:26:49.375,2.09794,2.09856,1.37,1.09
2016.04.22 15:26:49.426,2.09794,2.09856,1.00,1.09
2016.04.22 15:26:49.812,2.09791,2.09852,1.50,1.75
2016.04.22 15:26:50.104,2.09791,2.09852,1.37,1.75
2016.04.22 15:26:50.357,2.09788,2.09848,1.37,1.37
2016.04.22 15:26:50.408,2.09792,2.09848,1.00,1.12
2016.04.22 15:26:50.610,2.09792,2.09848,1.00,1.12
2016.04.22 15:26:50.661,2.09807,2.09848,1.00,1.12
2016.04.22 15:26:50.979,2.09812,2.09865,1.75,1.75
2016.04.22 15:26:51.143,2.09812,2.09865,1.75,1.00
2016.04.22 15:26:51.194,2.09812,2.09867,1.75,1.00
2016.04.22 15:26:51.408,2.09812,2.09867,1.75,1.00
2016.04.22 15:26:51.711,2.09812,2.09868,1.75,1.00
2016.04.22 15:26:52.273,2.09812,2.09868,1.75,1.00
2016.04.22 15:26:52.547,2.09812,2.09857,1.75,1.00
2016.04.22 15:26:52.699,2.09794,2.09839,1.37,1.71
2016.04.22 15:26:52.804,2.09775,2.09834,1.37,1.12
2016.04.22 15:26:52.905,2.09775,2.09833,1.75,1.00
2016.04.22 15:26:53.216,2.09775,2.09833,1.75,1.00
2016.04.22 15:26:53.699,2.09787,2.09834,1.37,1.00
2016.04.22 15:26:54.003,2.09804,2.09861,1.75,1.75
2016.04.22 15:26:54.104,2.098,2.09861,1.75,1.87
2016.04.22 15:26:54.225,2.09801,2.09861,1.75,1.75
2016.04.22 15:26:54.734,2.09801,2.09861,1.75,1.75
2016.04.22 15:26:55.038,2.09801,2.09861,1.75,1.75
2016.04.22 15:26:55.368,2.09801,2.09861,1.75,1.75
2016.04.22 15:26:55.572,2.09811,2.09861,1.00,1.75
2016.04.22 15:26:55.673,2.09801,2.09861,1.75,1.75
2016.04.22 15:26:56.015,2.09811,2.09862,1.00,1.09
2016.04.22 15:26:56.116,2.09803,2.09862,1.75,1.09
2016.04.22 15:26:56.365,2.09811,2.09862,1.00,2.21
2016.04.22 15:26:57.022,2.09804,2.09864,1.75,1.71
2016.04.22 15:26:57.350,2.09823,2.09872,1.00,1.87
2016.04.22 15:26:57.401,2.09813,2.09871,1.75,1.12
2016.04.22 15:26:57.503,2.09813,2.09873,1.50,2.25
2016.04.22 15:26:57.756,2.09832,2.0989,1.37,1.12
2016.04.22 15:26:57.807,2.09832,2.09891,1.37,1.37
2016.04.22 15:26:57.858,2.09833,2.09895,1.75,1.00
2016.04.22 15:26:58.009,2.09833,2.09895,1.75,1.37
2016.04.22 15:26:58.060,2.09832,2.0989,1.37,1.12
2016.04.22 15:26:58.577,2.09831,2.0989,1.75,1.12
2016.04.22 15:26:58.628,2.09831,2.09894,2.25,1.75
2016.04.22 15:26:58.944,2.09837,2.09895,1.75,1.00
2016.04.22 15:26:59.045,2.09832,2.09895,1.75,1.00
2016.04.22 15:26:59.147,2.09841,2.09894,1.00,1.50
2016.04.22 15:26:59.198,2.09832,2.09894,1.75,1.50
2016.04.22 15:26:59.386,2.09832,2.0989,1.75,1.00
2016.04.22 15:26:59.689,2.09832,2.09887,1.75,1.00
2016.04.22 15:26:59.740,2.09832,2.09886,1.75,1.00
2016.04.22 15:26:59.943,2.09831,2.09886,1.75,1.00
2016.04.22 15:27:00.437,2.09825,2.09887,1.50,1.75
2016.04.22 15:27:00.488,2.09825,2.09887,1.50,1.75
2016.04.22 15:27:00.538,2.09825,2.09887,1.00,1.75
2016.04.22 15:27:01.018,2.09821,2.09884,1.75,1.50
2016.04.22 15:27:01.699,2.09821,2.09884,1.75,1.12
2016.04.22 15:27:01.750,2.09821,2.09884,1.75,1.50
2016.04.22 15:27:02.054,2.09821,2.09879,1.75,1.00
2016.04.22 15:27:02.422,2.09821,2.0988,1.37,1.37
2016.04.22 15:27:02.523,2.09821,2.0988,1.00,1.75
2016.04.22 15:27:02.625,2.09821,2.0988,1.12,1.75
2016.04.22 15:27:02.925,2.09822,2.09879,1.12,1.12
2016.04.22 15:27:03.229,2.09822,2.09879,1.37,1.12
2016.04.22 15:27:04.138,2.09821,2.09879,1.75,1.00
2016.04.22 15:27:04.832,2.09821,2.09879,1.75,1.12
2016.04.22 15:27:05.259,2.09822,2.09873,1.00,1.00
2016.04.22 15:27:05.310,2.0981,2.09873,1.87,1.00
2016.04.22 15:27:05.361,2.0981,2.09873,2.25,1.37
2016.04.22 15:27:05.462,2.09811,2.09873,1.75,1.37
2016.04.22 15:27:05.665,2.09816,2.09875,1.37,1.00
2016.04.22 15:27:05.766,2.09816,2.09878,1.75,1.12
2016.04.22 15:27:06.092,2.09791,2.09845,1.00,1.37
2016.04.22 15:27:06.395,2.09784,2.09845,1.00,1.75
2016.04.22 15:27:06.446,2.09784,2.09845,1.00,1.75
2016.04.22 15:27:06.548,2.09784,2.09845,1.00,1.75
2016.04.22 15:27:06.851,2.09792,2.09845,1.00,1.75
2016.04.22 15:27:07.158,2.09792,2.09845,1.00,1.75
2016.04.22 15:27:07.260,2.09802,2.09845,1.00,1.00
2016.04.22 15:27:07.462,2.09802,2.0985,1.00,1.00
2016.04.22 15:27:07.513,2.09791,2.0985,1.75,1.00
2016.04.22 15:27:08.197,2.09792,2.09852,1.50,1.37
2016.04.22 15:27:08.790,2.09791,2.09852,1.75,1.12
2016.04.22 15:27:08.891,2.09791,2.09853,1.00,1.75
2016.04.22 15:27:09.392,2.09791,2.09853,1.37,1.75
2016.04.22 15:27:09.594,2.09792,2.09853,1.37,1.75
2016.04.22 15:27:10.202,2.09792,2.09854,1.12,2.25
2016.04.22 15:27:10.537,2.09802,2.09853,1.00,1.75
2016.04.22 15:27:10.897,2.09791,2.09854,1.37,2.25
2016.04.22 15:27:10.999,2.09791,2.09853,1.75,1.00
2016.04.22 15:27:11.101,2.09791,2.09853,1.75,1.12
2016.04.22 15:27:11.202,2.09791,2.09853,1.75,1.12
2016.04.22 15:27:11.253,2.09802,2.09853,1.00,1.12
2016.04.22 15:27:11.476,2.09802,2.09863,1.75,1.50
2016.04.22 15:27:11.629,2.09802,2.09863,1.75,1.00
2016.04.22 15:27:11.983,2.09802,2.09864,1.87,2.25
2016.04.22 15:27:12.085,2.09802,2.09864,1.75,1.50
2016.04.22 15:27:12.186,2.09802,2.09864,1.87,1.00
2016.04.22 15:27:12.702,2.09803,2.09864,1.12,1.00
2016.04.22 15:27:13.016,2.09803,2.09864,1.37,1.37
2016.04.22 15:27:13.117,2.09797,2.0986,1.00,1.37
2016.04.22 15:27:13.219,2.09791,2.09852,1.12,1.37
2016.04.22 15:27:13.385,2.09791,2.09852,1.50,1.12
2016.04.22 15:27:13.441,2.09798,2.09852,1.00,1.12
2016.04.22 15:27:13.646,2.09798,2.0986,1.75,1.00
2016.04.22 15:27:14.151,2.098,2.09861,1.37,1.00
2016.04.22 15:27:14.658,2.098,2.09855,1.37,1.00
2016.04.22 15:27:14.860,2.09792,2.09855,1.00,1.75
2016.04.22 15:27:14.911,2.09792,2.09851,1.00,1.75
2016.04.22 15:27:15.215,2.09791,2.09851,1.00,1.75
2016.04.22 15:27:15.633,2.09792,2.09851,1.00,1.75
2016.04.22 15:27:16.117,2.09792,2.09851,1.00,1.75
2016.04.22 15:27:16.219,2.09792,2.09851,1.00,1.50
2016.04.22 15:27:16.320,2.09792,2.09851,1.50,1.00
2016.04.22 15:27:16.522,2.09792,2.09851,1.12,1.37
2016.04.22 15:27:16.923,2.09792,2.0985,1.00,1.37
2016.04.22 15:27:17.227,2.09792,2.09851,1.00,1.75
2016.04.22 15:27:17.379,2.0979,2.09851,1.00,1.75
2016.04.22 15:27:17.430,2.0979,2.0985,1.00,1.75
2016.04.22 15:27:17.481,2.09792,2.0985,1.00,1.75
2016.04.22 15:27:17.532,2.09792,2.0985,1.00,1.00
2016.04.22 15:27:17.723,2.0979,2.0985,1.00,1.75
2016.04.22 15:27:17.926,2.0979,2.09851,1.37,1.75
2016.04.22 15:27:18.028,2.09796,2.09856,1.37,1.37
2016.04.22 15:27:18.130,2.09796,2.09856,1.75,1.00
2016.04.22 15:27:18.232,2.09799,2.09861,1.00,1.84
2016.04.22 15:27:18.333,2.09796,2.0986,1.75,1.00
2016.04.22 15:27:18.486,2.09796,2.09861,1.37,1.75
2016.04.22 15:27:18.537,2.09796,2.09861,1.12,1.75
2016.04.22 15:27:18.765,2.09796,2.09861,1.00,1.75
2016.04.22 15:27:18.816,2.09796,2.09861,1.00,1.75
2016.04.22 15:27:19.020,2.09796,2.09861,1.75,1.75
2016.04.22 15:27:19.122,2.09796,2.09858,1.50,1.00
2016.04.22 15:27:19.223,2.09793,2.09855,1.75,1.37
2016.04.22 15:27:19.426,2.09792,2.09855,1.87,1.75
2016.04.22 15:27:19.657,2.09792,2.09855,1.00,1.75
2016.04.22 15:27:19.960,2.09795,2.09846,1.37,1.00
2016.04.22 15:27:20.011,2.09802,2.09858,1.75,1.75
2016.04.22 15:27:20.062,2.09802,2.09858,1.75,1.00
2016.04.22 15:27:20.113,2.09809,2.09858,1.00,1.00
2016.04.22 15:27:20.164,2.09809,2.09864,1.00,1.12
2016.04.22 15:27:20.215,2.09803,2.09864,1.75,1.75
2016.04.22 15:27:20.518,2.09811,2.09864,1.00,1.75
2016.04.22 15:27:21.989,2.09812,2.09864,1.00,1.75
2016.04.22 15:27:22.712,2.09812,2.09864,1.00,1.37
2016.04.22 15:27:22.813,2.09812,2.09865,1.00,1.12
2016.04.22 15:27:23.252,2.09811,2.09864,1.00,1.84
2016.04.22 15:27:23.829,2.0981,2.09867,1.00,1.12
2016.04.22 15:27:23.931,2.09804,2.09865,1.75,1.12
2016.04.22 15:27:23.982,2.09804,2.09868,1.75,1.50
2016.04.22 15:27:24.236,2.09804,2.09868,1.75,1.75
2016.04.22 15:27:24.565,2.09809,2.09874,1.00,2.62
2016.04.22 15:27:24.936,2.09809,2.09874,1.37,2.62
2016.04.22 15:27:25.391,2.09808,2.09867,1.00,1.75
2016.04.22 15:27:25.442,2.09804,2.09867,1.37,2.25
2016.04.22 15:27:25.614,2.09804,2.09866,1.00,1.75
2016.04.22 15:27:25.716,2.09804,2.09867,1.75,2.25
2016.04.22 15:27:25.869,2.09804,2.09867,1.75,1.87
2016.04.22 15:27:26.038,2.09804,2.09867,1.37,2.25
2016.04.22 15:27:26.342,2.09802,2.09859,1.00,1.37
2016.04.22 15:27:26.948,2.09796,2.09859,2.25,1.75
2016.04.22 15:27:27.049,2.09796,2.09859,1.75,1.75
2016.04.22 15:27:27.100,2.09801,2.09866,1.00,1.87
2016.04.22 15:27:27.353,2.09801,2.09866,1.12,2.25
2016.04.22 15:27:27.900,2.09802,2.09866,1.00,2.25
2016.04.22 15:27:28.742,2.09795,2.09848,1.75,1.00
2016.04.22 15:27:28.978,2.09786,2.09848,1.50,1.75
2016.04.22 15:27:29.080,2.09786,2.09848,1.50,1.75
2016.04.22 15:27:29.181,2.09786,2.09848,1.50,1.75
2016.04.22 15:27:29.283,2.09786,2.09848,1.75,1.75
2016.04.22 15:27:29.751,2.09786,2.09848,1.75,1.50
2016.04.22 15:27:29.852,2.09783,2.09848,1.75,1.87
2016.04.22 15:27:29.903,2.09791,2.09848,1.00,1.87
2016.04.22 15:27:30.451,2.09791,2.09847,1.50,1.00
2016.04.22 15:27:30.855,2.09791,2.09847,1.00,1.50
2016.04.22 15:27:31.158,2.09791,2.09847,1.50,1.12
2016.04.22 15:27:31.452,2.09792,2.09856,1.75,1.09
2016.04.22 15:27:31.816,2.09802,2.09856,1.00,1.09
2016.04.22 15:27:32.019,2.09791,2.09851,1.50,1.37
2016.04.22 15:27:32.070,2.09791,2.09846,1.00,1.37
2016.04.22 15:27:32.221,2.09781,2.09845,1.00,1.75
2016.04.22 15:27:32.373,2.09781,2.09845,1.00,1.75
2016.04.22 15:27:32.661,2.09781,2.09844,1.87,1.50
2016.04.22 15:27:32.712,2.09781,2.09844,2.25,1.50
2016.04.22 15:27:33.225,2.09781,2.09844,2.25,1.00
2016.04.22 15:27:33.377,2.0979,2.09844,1.37,1.00
2016.04.22 15:27:33.674,2.09802,2.09867,1.75,1.67
2016.04.22 15:27:33.725,2.09802,2.09867,1.75,1.37
2016.04.22 15:27:33.776,2.09802,2.09867,2.25,1.37
2016.04.22 15:27:33.980,2.09802,2.09868,2.25,1.87
2016.04.22 15:27:34.086,2.09802,2.09867,2.25,1.12
2016.04.22 15:27:34.237,2.09818,2.0986,1.00,1.00
2016.04.22 15:27:34.440,2.09824,2.09878,1.00,1.37
2016.04.22 15:27:34.541,2.09824,2.09881,1.37,1.12
2016.04.22 15:27:34.755,2.09831,2.09885,1.00,1.37
2016.04.22 15:27:34.856,2.09828,2.09887,1.12,1.12
2016.04.22 15:27:35.109,2.09832,2.09886,1.00,1.12
2016.04.22 15:27:35.210,2.09832,2.0989,1.00,1.09
2016.04.22 15:27:35.717,2.09832,2.0989,1.00,1.09
2016.04.22 15:27:36.253,2.09831,2.09887,1.00,1.75
2016.04.22 15:27:36.304,2.09831,2.09887,1.00,1.75
2016.04.22 15:27:36.607,2.09831,2.09887,1.00,1.75
2016.04.22 15:27:37.027,2.09831,2.09881,1.00,1.75
2016.04.22 15:27:37.209,2.09821,2.09881,1.00,1.75
2016.04.22 15:27:37.311,2.0982,2.09877,1.00,1.75
2016.04.22 15:27:37.362,2.09817,2.09876,1.00,1.37
2016.04.22 15:27:37.413,2.09812,2.09876,1.87,1.12
2016.04.22 15:27:37.514,2.09812,2.09876,1.12,1.37
2016.04.22 15:27:37.565,2.09811,2.09869,1.87,1.12
2016.04.22 15:27:37.616,2.09811,2.09869,1.50,1.37
2016.04.22 15:27:37.717,2.09811,2.09864,1.00,1.00
2016.04.22 15:27:38.233,2.09811,2.09869,1.00,2.25
2016.04.22 15:27:38.284,2.09812,2.09869,1.00,1.50
2016.04.22 15:27:38.335,2.09812,2.09869,1.37,1.12
2016.04.22 15:27:38.489,2.09812,2.09876,1.75,1.50
2016.04.22 15:27:38.997,2.09812,2.09876,1.75,1.75
2016.04.22 15:27:39.833,2.09812,2.09876,1.75,1.75
2016.04.22 15:27:40.338,2.09812,2.09873,1.75,1.12
2016.04.22 15:27:40.830,2.09812,2.09875,1.75,1.12
2016.04.22 15:27:41.134,2.09818,2.09877,1.75,1.37
2016.04.22 15:27:41.184,2.09818,2.09877,1.50,1.37
2016.04.22 15:27:41.235,2.09818,2.09877,1.12,1.12
2016.04.22 15:27:41.286,2.09818,2.09881,1.37,1.37
2016.04.22 15:27:41.337,2.09818,2.09881,1.75,1.00
2016.04.22 15:27:41.439,2.09819,2.09881,1.50,1.50
2016.04.22 15:27:41.540,2.0982,2.09881,1.37,1.75
2016.04.22 15:27:41.591,2.09819,2.09881,1.75,1.50
2016.04.22 15:27:41.876,2.0982,2.09881,1.75,1.12
2016.04.22 15:27:42.415,2.0982,2.09881,1.75,1.00
2016.04.22 15:27:43.284,2.0982,2.09881,1.75,1.00
2016.04.22 15:27:43.440,2.09826,2.09881,1.00,1.00
2016.04.22 15:27:43.988,2.09822,2.09881,1.75,1.00
2016.04.22 15:27:44.513,2.09822,2.09881,1.75,1.00
2016.04.22 15:27:44.564,2.09823,2.09886,1.75,1.09
2016.04.22 15:27:44.615,2.09823,2.09886,1.75,1.09
2016.04.22 15:27:46.361,2.09823,2.09886,1.75,1.09
2016.04.22 15:27:46.957,2.09823,2.09886,1.75,1.09
2016.04.22 15:27:47.433,2.09823,2.09886,1.75,1.09
2016.04.22 15:27:47.686,2.09829,2.09891,1.75,1.12
2016.04.22 15:27:47.737,2.09842,2.09891,1.00,1.12
2016.04.22 15:27:47.788,2.09842,2.09893,1.00,1.00
2016.04.22 15:27:47.889,2.09841,2.09898,1.00,1.50
2016.04.22 15:27:48.406,2.09842,2.09898,1.12,1.00
2016.04.22 15:27:48.557,2.09842,2.09898,1.00,1.37
2016.04.22 15:27:48.608,2.09835,2.09898,1.50,1.75
2016.04.22 15:27:48.659,2.09835,2.09892,1.00,1.37
2016.04.22 15:27:48.710,2.09832,2.09892,1.00,1.75
2016.04.22 15:27:48.862,2.09832,2.09892,1.00,1.50
2016.04.22 15:27:49.368,2.09832,2.09892,1.12,1.50
2016.04.22 15:27:49.674,2.09832,2.09892,1.37,1.37
2016.04.22 15:27:49.725,2.09831,2.09892,1.75,1.12
2016.04.22 15:27:50.271,2.09841,2.09892,1.00,1.37
2016.04.22 15:27:50.698,2.09841,2.09894,1.00,1.00
2016.04.22 15:27:50.850,2.09835,2.09894,1.37,1.00
2016.04.22 15:27:51.459,2.09835,2.09894,1.50,1.00
2016.04.22 15:27:51.669,2.09835,2.09894,1.12,1.12
2016.04.22 15:27:51.771,2.09835,2.09894,1.37,1.00
2016.04.22 15:27:51.822,2.09835,2.09898,1.50,1.50
2016.04.22 15:27:51.872,2.09835,2.09898,1.50,1.50
2016.04.22 15:27:52.190,2.09835,2.09898,1.37,1.87
2016.04.22 15:27:52.443,2.09835,2.09898,1.37,1.87
2016.04.22 15:27:52.755,2.09835,2.09898,1.00,1.87
2016.04.22 15:27:52.858,2.09835,2.09898,1.37,1.50
2016.04.22 15:27:52.909,2.09835,2.09898,1.75,1.12
2016.04.22 15:27:52.960,2.09835,2.09898,1.75,1.12
2016.04.22 15:27:53.520,2.09842,2.09898,1.37,1.12
2016.04.22 15:27:53.773,2.0984,2.09904,1.12,1.75
2016.04.22 15:27:53.874,2.0984,2.09904,1.00,1.75
2016.04.22 15:27:54.076,2.09841,2.09895,1.00,1.00
2016.04.22 15:27:54.177,2.09833,2.09897,2.25,1.75
2016.04.22 15:27:54.228,2.09833,2.09891,2.25,1.00
2016.04.22 15:27:54.330,2.09832,2.09891,1.12,1.37
2016.04.22 15:27:54.583,2.09833,2.09893,1.00,1.75
2016.04.22 15:27:54.762,2.09833,2.09892,1.00,1.75
2016.04.22 15:27:54.813,2.09833,2.09892,1.00,1.75
2016.04.22 15:27:54.864,2.09833,2.09892,1.37,1.50
2016.04.22 15:27:54.915,2.09833,2.09893,1.37,1.37
2016.04.22 15:27:55.067,2.09833,2.09893,1.37,1.37
2016.04.22 15:27:55.218,2.09833,2.09896,1.75,1.12
2016.04.22 15:27:55.755,2.09841,2.09901,1.00,1.75
2016.04.22 15:27:56.301,2.09841,2.09899,1.00,1.12
2016.04.22 15:27:56.796,2.09841,2.09896,1.00,1.00
2016.04.22 15:27:57.303,2.09841,2.09899,1.12,1.12
2016.04.22 15:27:58.104,2.09841,2.09899,1.00,1.12
2016.04.22 15:27:58.619,2.09841,2.09899,1.12,1.37
2016.04.22 15:27:58.670,2.09841,2.09899,1.00,1.37
2016.04.22 15:27:59.191,2.09838,2.09899,1.50,1.37
2016.04.22 15:27:59.270,2.09838,2.09899,1.50,1.37
2016.04.22 15:27:59.574,2.09842,2.09903,1.75,1.37
2016.04.22 15:28:00.309,2.09842,2.09904,1.75,1.12
2016.04.22 15:28:00.411,2.09842,2.09902,1.50,1.12
2016.04.22 15:28:00.512,2.09842,2.09899,1.37,1.37
2016.04.22 15:28:00.714,2.09842,2.099,1.37,1.12
2016.04.22 15:28:00.816,2.09842,2.09899,1.00,1.12
2016.04.22 15:28:01.112,2.09838,2.09899,1.00,1.87
2016.04.22 15:28:01.214,2.0983,2.09893,1.00,1.75
2016.04.22 15:28:01.517,2.09823,2.09884,1.75,1.00
2016.04.22 15:28:01.619,2.09823,2.09888,1.75,1.12
2016.04.22 15:28:02.315,2.09832,2.09889,1.50,1.00
2016.04.22 15:28:02.619,2.09832,2.09894,2.25,1.50
2016.04.22 15:28:02.821,2.09832,2.09894,1.12,1.75
2016.04.22 15:28:03.125,2.09823,2.09881,1.37,1.37
2016.04.22 15:28:03.176,2.09818,2.09881,1.75,1.75
2016.04.22 15:28:03.227,2.09818,2.09881,1.50,1.75
2016.04.22 15:28:03.530,2.09837,2.09887,1.75,1.00
2016.04.22 15:28:03.682,2.09841,2.09901,1.75,1.37
2016.04.22 15:28:03.733,2.09842,2.09901,1.75,1.37
2016.04.22 15:28:04.189,2.09844,2.09907,1.75,1.50
2016.04.22 15:28:04.343,2.09844,2.09907,1.75,1.37
2016.04.22 15:28:04.595,2.09844,2.09907,1.75,1.37
2016.04.22 15:28:04.748,2.09844,2.09907,1.75,1.50
2016.04.22 15:28:04.799,2.09844,2.09907,1.75,1.75
2016.04.22 15:28:05.336,2.09844,2.09907,1.75,1.37
2016.04.22 15:28:05.540,2.09844,2.09907,1.75,1.37
2016.04.22 15:28:05.642,2.09844,2.09907,1.75,1.00
2016.04.22 15:28:05.743,2.09844,2.09907,1.75,1.12
2016.04.22 15:28:05.947,2.09844,2.09907,1.75,1.12
2016.04.22 15:28:06.322,2.09842,2.099,1.75,1.00
2016.04.22 15:28:06.373,2.09837,2.099,2.25,1.00
2016.04.22 15:28:06.424,2.09837,2.099,2.25,1.37
2016.04.22 15:28:06.525,2.09837,2.099,2.25,1.50
2016.04.22 15:28:06.728,2.09837,2.099,2.25,1.00
2016.04.22 15:28:06.829,2.09843,2.09906,1.75,2.25
2016.04.22 15:28:07.133,2.09843,2.09906,1.75,1.00
2016.04.22 15:28:07.411,2.09851,2.09906,1.00,1.37
2016.04.22 15:28:07.512,2.09849,2.09906,1.00,1.50
2016.04.22 15:28:07.614,2.09843,2.09906,1.50,1.75
2016.04.22 15:28:08.185,2.09843,2.09906,1.00,1.75
2016.04.22 15:28:08.725,2.09843,2.09902,1.37,1.37
2016.04.22 15:28:09.241,2.09843,2.09902,1.00,1.12
2016.04.22 15:28:09.342,2.09843,2.09898,1.00,1.50
2016.04.22 15:28:09.393,2.09836,2.09898,1.75,1.50
2016.04.22 15:28:09.444,2.09836,2.09899,1.75,1.12
2016.04.22 15:28:09.779,2.09836,2.09898,1.50,1.75
2016.04.22 15:28:10.155,2.09837,2.09901,1.75,1.75
2016.04.22 15:28:10.256,2.09837,2.09901,1.12,1.75
2016.04.22 15:28:10.716,2.09836,2.09901,2.25,1.75
2016.04.22 15:28:11.120,2.09841,2.09901,1.37,1.75
2016.04.22 15:28:11.544,2.09843,2.09901,1.00,1.87
2016.04.22 15:28:11.714,2.09841,2.09901,1.12,1.87
2016.04.22 15:28:11.765,2.09841,2.09901,1.50,1.87
2016.04.22 15:28:12.270,2.09836,2.09901,2.25,1.87
2016.04.22 15:28:12.573,2.09837,2.09901,1.75,1.87
2016.04.22 15:28:12.948,2.09836,2.09901,2.25,1.87
2016.04.22 15:28:13.049,2.09836,2.09901,2.25,1.87
2016.04.22 15:28:13.151,2.09836,2.09899,2.25,1.00
2016.04.22 15:28:13.252,2.09837,2.09901,1.75,1.87
2016.04.22 15:28:13.455,2.09836,2.09901,2.25,1.87
2016.04.22 15:28:13.860,2.09837,2.09901,1.50,1.87
2016.04.22 15:28:13.961,2.09837,2.09901,1.75,1.87
2016.04.22 15:28:14.156,2.09837,2.09901,1.75,1.87
2016.04.22 15:28:14.257,2.09841,2.09901,1.00,1.87
2016.04.22 15:28:14.602,2.09835,2.09897,1.75,1.37
2016.04.22 15:28:14.653,2.09835,2.09897,1.75,1.00
2016.04.22 15:28:14.990,2.09818,2.09881,1.75,1.75
2016.04.22 15:28:15.367,2.09818,2.09881,1.75,1.37
2016.04.22 15:28:15.671,2.09832,2.09881,1.00,1.00
2016.04.22 15:28:15.823,2.09821,2.09877,1.00,1.12
2016.04.22 15:28:16.142,2.09832,2.09874,1.00,1.12
2016.04.22 15:28:16.294,2.09821,2.09872,1.00,1.00
2016.04.22 15:28:16.486,2.09831,2.09872,1.00,1.00
2016.04.22 15:28:16.808,2.09822,2.09872,1.00,1.37
2016.04.22 15:28:16.960,2.09822,2.09872,1.00,1.37
2016.04.22 15:28:17.537,2.09821,2.09872,1.00,1.12
2016.04.22 15:28:17.588,2.09822,2.09872,1.00,1.37
2016.04.22 15:28:17.790,2.09822,2.09875,1.00,1.12
2016.04.22 15:28:17.892,2.09822,2.09872,1.00,1.37
2016.04.22 15:28:18.210,2.09822,2.09879,1.37,1.75
2016.04.22 15:28:18.514,2.09842,2.09888,1.00,2.25
2016.04.22 15:28:19.054,2.09842,2.09888,1.00,1.75
2016.04.22 15:28:19.155,2.09842,2.09888,1.00,1.75
2016.04.22 15:28:19.206,2.09842,2.09888,1.00,1.75
2016.04.22 15:28:19.730,2.09842,2.09888,1.00,1.75
2016.04.22 15:28:20.059,2.09832,2.09888,1.00,1.75
2016.04.22 15:28:20.474,2.09832,2.09888,1.00,1.75
2016.04.22 15:28:20.575,2.09832,2.09888,1.00,1.75
2016.04.22 15:28:20.777,2.09832,2.09888,1.00,1.75
2016.04.22 15:28:21.232,2.09831,2.09882,1.00,1.12
2016.04.22 15:28:22.458,2.09832,2.09883,1.00,1.87
2016.04.22 15:28:23.023,2.09831,2.09883,1.00,1.37
2016.04.22 15:28:23.226,2.09831,2.09887,1.00,1.75
2016.04.22 15:28:23.478,2.09831,2.09888,1.00,2.25
2016.04.22 15:28:23.981,2.09831,2.09887,1.00,1.75
2016.04.22 15:28:24.112,2.09831,2.09888,1.00,2.25
2016.04.22 15:28:24.973,2.09831,2.09888,1.00,2.25
2016.04.22 15:28:25.132,2.09831,2.09887,1.00,1.75
2016.04.22 15:28:25.284,2.09832,2.09888,1.00,1.87
2016.04.22 15:28:25.538,2.09842,2.09887,1.00,1.12
2016.04.22 15:28:25.842,2.09861,2.09901,1.00,1.75
2016.04.22 15:28:25.893,2.09861,2.09916,1.12,1.87
2016.04.22 15:28:25.944,2.09876,2.09916,1.00,1.00
2016.04.22 15:28:26.110,2.09871,2.0993,1.87,1.75
2016.04.22 15:28:26.212,2.09871,2.09931,1.00,1.87
2016.04.22 15:28:26.720,2.09871,2.09931,1.00,1.75
2016.04.22 15:28:27.120,2.09871,2.0993,1.37,1.75
2016.04.22 15:28:27.322,2.09871,2.0993,1.00,1.75
2016.04.22 15:28:27.423,2.09871,2.09931,1.75,1.37
2016.04.22 15:28:27.525,2.09871,2.09933,1.12,1.75
2016.04.22 15:28:28.116,2.09871,2.09933,1.00,1.75
2016.04.22 15:28:28.421,2.09871,2.09933,1.00,1.75
2016.04.22 15:28:28.725,2.09871,2.09925,1.00,1.00
2016.04.22 15:28:29.254,2.09871,2.09933,1.50,1.75
2016.04.22 15:28:29.406,2.09871,2.09933,1.12,1.75
2016.04.22 15:28:29.507,2.09871,2.09933,1.00,1.75
2016.04.22 15:28:30.012,2.09871,2.0993,1.00,1.75
2016.04.22 15:28:30.501,2.09871,2.0993,1.12,1.37
2016.04.22 15:28:30.602,2.09871,2.0993,1.37,1.37
2016.04.22 15:28:30.653,2.09871,2.09933,1.75,1.12
2016.04.22 15:28:30.704,2.09872,2.09933,1.00,1.37
2016.04.22 15:28:31.007,2.09871,2.09933,1.00,1.75
2016.04.22 15:28:31.327,2.09854,2.09918,1.75,1.37
2016.04.22 15:28:31.378,2.09854,2.09918,1.00,1.75
2016.04.22 15:28:31.530,2.09854,2.09918,1.00,1.84
2016.04.22 15:28:32.035,2.09854,2.09916,1.00,1.75
2016.04.22 15:28:32.238,2.09854,2.09914,1.00,1.75
2016.04.22 15:28:32.561,2.09849,2.09914,1.50,1.75
2016.04.22 15:28:32.662,2.09849,2.09914,1.50,1.75
2016.04.22 15:28:33.210,2.09849,2.09914,1.00,3.00
2016.04.22 15:28:33.960,2.09849,2.09914,1.00,2.25
2016.04.22 15:28:34.314,2.09849,2.09904,1.00,1.00
2016.04.22 15:28:34.718,2.09849,2.09912,1.00,1.75
2016.04.22 15:28:34.945,2.09844,2.09908,2.25,1.75
2016.04.22 15:28:35.147,2.09844,2.09908,1.00,2.25
2016.04.22 15:28:35.350,2.09838,2.09901,1.00,1.75
2016.04.22 15:28:36.044,2.09838,2.09901,1.00,1.75
2016.04.22 15:28:36.870,2.09838,2.09902,1.00,1.75
2016.04.22 15:28:36.971,2.09838,2.09901,1.12,1.75
2016.04.22 15:28:37.297,2.09838,2.09902,1.00,2.25
2016.04.22 15:28:37.621,2.09838,2.09888,1.00,1.00
2016.04.22 15:28:38.250,2.09838,2.09899,1.00,1.75
2016.04.22 15:28:40.064,2.09838,2.09899,1.00,1.75
2016.04.22 15:28:41.076,2.09833,2.09897,1.00,2.25
2016.04.22 15:28:41.615,2.09833,2.09895,1.00,1.75
2016.04.22 15:28:41.666,2.09833,2.09894,1.00,1.75
2016.04.22 15:28:41.970,2.09833,2.0989,1.00,1.75
2016.04.22 15:28:42.021,2.09827,2.0989,1.00,1.75
2016.04.22 15:28:42.072,2.09827,2.09889,1.00,1.75
2016.04.22 15:28:42.173,2.09827,2.09889,1.00,1.75
2016.04.22 15:28:42.275,2.09827,2.09892,1.00,1.75
2016.04.22 15:28:42.426,2.09827,2.09892,1.00,1.75
2016.04.22 15:28:42.681,2.09822,2.09886,1.50,1.75
2016.04.22 15:28:42.884,2.09823,2.0988,1.00,1.75
2016.04.22 15:28:42.985,2.09816,2.0988,1.75,1.75
2016.04.22 15:28:43.086,2.09816,2.0988,1.37,1.75
2016.04.22 15:28:43.276,2.09816,2.0988,1.00,1.75
2016.04.22 15:28:43.781,2.09816,2.0988,1.00,1.75
2016.04.22 15:28:44.419,2.09816,2.0988,1.00,1.75
2016.04.22 15:28:44.875,2.09816,2.0988,1.37,1.75
2016.04.22 15:28:44.926,2.09816,2.0988,1.50,1.75
2016.04.22 15:28:44.977,2.09816,2.0988,1.50,1.75
2016.04.22 15:28:45.078,2.09822,2.09883,1.12,1.50
2016.04.22 15:28:45.668,2.09822,2.09883,1.37,1.50
2016.04.22 15:28:45.972,2.09822,2.09882,1.00,1.75
2016.04.22 15:28:46.124,2.09822,2.09883,1.00,1.75
2016.04.22 15:28:46.175,2.09822,2.09883,1.00,1.75
2016.04.22 15:28:46.377,2.09822,2.09878,1.00,1.00
2016.04.22 15:28:46.606,2.09822,2.09884,1.12,1.75
2016.04.22 15:28:46.808,2.09817,2.09879,1.75,1.12
2016.04.22 15:28:46.859,2.09817,2.09879,1.75,1.00
2016.04.22 15:28:46.961,2.09817,2.09879,1.75,1.37
2016.04.22 15:28:47.012,2.09817,2.09879,1.75,1.50
2016.04.22 15:28:47.516,2.09822,2.09884,1.37,1.75
2016.04.22 15:28:47.686,2.09822,2.09884,1.50,1.75
2016.04.22 15:28:48.200,2.09822,2.09884,1.50,2.25
2016.04.22 15:28:48.402,2.09822,2.09884,1.00,1.75
2016.04.22 15:28:48.706,2.09822,2.09884,1.00,2.25
2016.04.22 15:28:49.015,2.09817,2.09877,1.00,1.75
2016.04.22 15:28:49.574,2.09817,2.09876,1.00,1.75
2016.04.22 15:28:50.202,2.09817,2.09869,1.00,1.00
2016.04.22 15:28:50.609,2.09817,2.09877,1.00,1.75
2016.04.22 15:28:50.890,2.09809,2.09871,1.12,1.09
2016.04.22 15:28:50.992,2.09806,2.09867,1.12,1.75
2016.04.22 15:28:51.311,2.09818,2.0988,1.12,2.25
2016.04.22 15:28:51.413,2.09818,2.0988,1.37,1.75
2016.04.22 15:28:51.615,2.09818,2.0988,1.75,1.75
2016.04.22 15:28:51.818,2.09824,2.09886,1.50,1.75
2016.04.22 15:28:52.131,2.09824,2.09886,1.37,1.75
2016.04.22 15:28:52.613,2.09824,2.09886,1.12,1.75
2016.04.22 15:28:52.816,2.09824,2.09886,1.37,1.75
2016.04.22 15:28:53.121,2.09829,2.09888,1.75,1.00
2016.04.22 15:28:53.223,2.09829,2.09889,1.37,1.50
2016.04.22 15:28:53.760,2.09829,2.09889,1.37,2.59
2016.04.22 15:28:53.811,2.09829,2.09889,1.00,1.84
2016.04.22 15:28:54.215,2.09829,2.09889,1.00,1.84
2016.04.22 15:28:54.485,2.09823,2.09881,1.75,1.37
2016.04.22 15:28:54.738,2.0983,2.0988,1.00,1.00
2016.04.22 15:28:55.602,2.0983,2.09881,1.37,1.00
2016.04.22 15:28:55.653,2.0983,2.09887,1.37,1.09
2016.04.22 15:28:55.908,2.09832,2.09889,1.37,1.34
2016.04.22 15:28:56.011,2.09833,2.09891,1.00,1.84
2016.04.22 15:28:56.113,2.09841,2.09892,1.00,2.59
2016.04.22 15:28:56.456,2.0983,2.09892,2.25,1.34
2016.04.22 15:28:56.509,2.0983,2.09892,1.75,1.71
2016.04.22 15:28:56.713,2.0983,2.0989,1.37,1.71
2016.04.22 15:28:56.916,2.0983,2.09887,1.00,1.09
2016.04.22 15:28:57.018,2.0983,2.09882,1.00,1.00
2016.04.22 15:28:57.233,2.0983,2.09887,1.12,1.09
2016.04.22 15:28:57.395,2.0983,2.09888,1.12,1.09
2016.04.22 15:28:57.920,2.0983,2.09888,1.37,1.09
2016.04.22 15:28:58.022,2.0983,2.09888,1.12,1.09
2016.04.22 15:28:58.310,2.0983,2.09889,1.37,1.09
2016.04.22 15:28:58.720,2.0983,2.09887,1.00,1.09
2016.04.22 15:28:58.821,2.0983,2.09884,1.00,1.00
2016.04.22 15:28:58.923,2.0983,2.09886,1.12,1.00
2016.04.22 15:28:59.496,2.0983,2.09887,1.37,1.09
2016.04.22 15:29:00.015,2.0983,2.09887,1.00,1.09
2016.04.22 15:29:00.116,2.09829,2.09888,1.00,1.09
2016.04.22 15:29:00.470,2.09824,2.09886,1.37,1.75
2016.04.22 15:29:00.521,2.09818,2.09881,1.37,1.37
2016.04.22 15:29:00.834,2.09811,2.09871,1.00,1.09
2016.04.22 15:29:01.020,2.09811,2.09871,1.00,1.09
2016.04.22 15:29:01.297,2.09804,2.09866,1.12,1.75
2016.04.22 15:29:01.347,2.09804,2.09864,1.00,1.84
2016.04.22 15:29:01.449,2.09798,2.0986,1.00,1.75
2016.04.22 15:29:01.651,2.09798,2.0986,1.00,1.75
2016.04.22 15:29:01.752,2.09798,2.0986,1.00,1.75
2016.04.22 15:29:01.973,2.09798,2.0986,1.00,1.75
2016.04.22 15:29:02.860,2.09798,2.0986,1.37,1.75
2016.04.22 15:29:03.856,2.09798,2.0986,1.50,1.75
2016.04.22 15:29:05.271,2.09798,2.0986,1.37,1.75
2016.04.22 15:29:05.662,2.09798,2.0986,1.12,1.75
2016.04.22 15:29:05.822,2.09792,2.09856,1.87,2.25
2016.04.22 15:29:05.975,2.09792,2.09855,1.12,1.75
2016.04.22 15:29:06.177,2.09799,2.09857,1.50,1.00
2016.04.22 15:29:06.279,2.09799,2.09861,1.50,1.75
2016.04.22 15:29:06.582,2.09799,2.09861,1.75,1.50
2016.04.22 15:29:06.683,2.09799,2.09861,1.00,1.75
2016.04.22 15:29:06.915,2.09799,2.09861,1.12,1.75
2016.04.22 15:29:07.387,2.09799,2.09861,1.12,1.75
2016.04.22 15:29:07.691,2.09799,2.09861,1.50,1.50
2016.04.22 15:29:07.792,2.09799,2.09861,1.50,1.37
2016.04.22 15:29:07.843,2.09805,2.09865,1.00,1.75
2016.04.22 15:29:08.121,2.09805,2.09867,1.00,1.75
2016.04.22 15:29:08.485,2.09802,2.09862,1.00,1.75
2016.04.22 15:29:08.587,2.09794,2.09856,1.00,1.75
2016.04.22 15:29:08.638,2.09789,2.09851,1.37,1.37
2016.04.22 15:29:08.689,2.09787,2.09851,1.00,1.75
2016.04.22 15:29:08.790,2.09787,2.09851,1.00,1.75
2016.04.22 15:29:08.993,2.09787,2.09851,1.75,2.25
2016.04.22 15:29:09.364,2.09794,2.09856,1.37,1.75
2016.04.22 15:29:09.567,2.09794,2.09856,1.00,1.75
2016.04.22 15:29:09.668,2.09794,2.09856,1.12,1.75
2016.04.22 15:29:09.871,2.09794,2.09856,1.00,1.75
2016.04.22 15:29:10.509,2.09794,2.09856,1.00,1.75
2016.04.22 15:29:11.136,2.09794,2.09856,1.00,1.75
2016.04.22 15:29:12.817,2.09794,2.09856,1.37,1.75
2016.04.22 15:29:13.121,2.09794,2.09853,1.12,1.00
2016.04.22 15:29:13.223,2.09794,2.09856,1.75,1.75
2016.04.22 15:29:13.425,2.09794,2.09856,1.75,1.37
2016.04.22 15:29:13.779,2.09794,2.09856,1.75,1.37
2016.04.22 15:29:14.012,2.098,2.0986,1.37,1.75
2016.04.22 15:29:14.113,2.098,2.0986,1.00,1.75
2016.04.22 15:29:14.315,2.098,2.09857,1.37,1.00
2016.04.22 15:29:14.417,2.098,2.09862,1.75,1.75
2016.04.22 15:29:14.518,2.098,2.09861,1.75,1.00
2016.04.22 15:29:15.240,2.098,2.09862,1.75,1.75
2016.04.22 15:29:17.221,2.09803,2.09868,1.50,1.75
2016.04.22 15:29:17.323,2.09803,2.09868,1.50,1.75
2016.04.22 15:29:17.424,2.09803,2.09868,1.50,1.75
2016.04.22 15:29:17.875,2.09803,2.09868,1.50,1.75
2016.04.22 15:29:19.208,2.09803,2.09868,1.50,1.75
2016.04.22 15:29:19.612,2.09803,2.09868,1.37,1.75
2016.04.22 15:29:19.714,2.09803,2.09868,1.50,1.75
2016.04.22 15:29:19.916,2.09803,2.09867,1.75,1.00
2016.04.22 15:29:20.129,2.09808,2.09868,1.12,1.37
2016.04.22 15:29:20.433,2.09803,2.09868,1.37,1.75
2016.04.22 15:29:20.737,2.09804,2.09868,1.00,1.75
2016.04.22 15:29:20.838,2.09804,2.09869,1.75,1.75
2016.04.22 15:29:21.153,2.09808,2.09869,1.50,1.37
2016.04.22 15:29:21.204,2.09804,2.09869,1.75,1.75
2016.04.22 15:29:21.457,2.09804,2.09869,1.75,1.75
2016.04.22 15:29:21.558,2.09804,2.09869,1.75,1.75
2016.04.22 15:29:21.710,2.09804,2.09869,1.75,1.75
2016.04.22 15:29:22.024,2.09808,2.09869,1.00,1.75
2016.04.22 15:29:22.457,2.09804,2.09869,1.75,1.75
2016.04.22 15:29:22.711,2.09815,2.09877,1.75,1.37
2016.04.22 15:29:22.762,2.09822,2.09885,1.00,1.75
2016.04.22 15:29:22.865,2.09822,2.09885,1.37,1.37
2016.04.22 15:29:23.135,2.09822,2.09885,1.12,1.50
2016.04.22 15:29:23.237,2.0982,2.0988,1.00,1.50
2016.04.22 15:29:23.541,2.09821,2.09885,1.00,1.75
2016.04.22 15:29:23.643,2.09821,2.09884,1.37,1.75
2016.04.22 15:29:24.161,2.0982,2.09873,1.00,1.12
2016.04.22 15:29:24.312,2.09807,2.09863,1.00,1.37
2016.04.22 15:29:24.363,2.09801,2.09863,1.75,1.00
2016.04.22 15:29:24.667,2.09801,2.09862,1.75,1.00
2016.04.22 15:29:24.981,2.09804,2.09869,1.75,1.37
2016.04.22 15:29:25.150,2.09804,2.09869,1.75,1.37
2016.04.22 15:29:25.201,2.09804,2.09869,1.75,1.00
2016.04.22 15:29:25.252,2.09804,2.09869,1.75,1.87
2016.04.22 15:29:25.353,2.09804,2.09869,1.75,1.37
2016.04.22 15:29:25.636,2.09804,2.09869,1.75,1.12
2016.04.22 15:29:25.737,2.09804,2.09869,1.75,1.37
2016.04.22 15:29:25.889,2.09804,2.09868,1.75,1.00
2016.04.22 15:29:26.257,2.09804,2.09869,1.75,1.37
2016.04.22 15:29:26.359,2.09804,2.09869,1.75,1.12
2016.04.22 15:29:26.561,2.09804,2.09869,1.75,1.00
2016.04.22 15:29:27.068,2.09807,2.09869,1.75,1.37
2016.04.22 15:29:27.488,2.09807,2.09869,1.75,1.37
2016.04.22 15:29:27.589,2.09808,2.09869,1.75,1.75
2016.04.22 15:29:27.893,2.09807,2.09869,1.50,1.75
2016.04.22 15:29:28.560,2.09804,2.09869,1.75,1.75
2016.04.22 15:29:28.763,2.0981,2.09871,1.37,1.37
2016.04.22 15:29:28.864,2.09816,2.09872,1.75,1.00
2016.04.22 15:29:28.915,2.09823,2.09872,1.12,1.00
2016.04.22 15:29:28.966,2.09823,2.09885,1.87,1.00
2016.04.22 15:29:29.536,2.09825,2.09886,1.75,1.00
2016.04.22 15:29:30.199,2.09825,2.09886,1.75,1.00
2016.04.22 15:29:30.250,2.09824,2.09886,1.75,1.00
2016.04.22 15:29:30.605,2.09824,2.09886,1.75,1.00
2016.04.22 15:29:31.129,2.09825,2.09886,1.75,1.00
2016.04.22 15:29:31.180,2.09824,2.09886,1.75,1.37
2016.04.22 15:29:31.395,2.09834,2.09896,1.00,1.75
2016.04.22 15:29:31.496,2.09838,2.09895,1.50,1.00
2016.04.22 15:29:31.547,2.09843,2.09902,1.00,1.75
2016.04.22 15:29:31.597,2.0984,2.09902,1.75,1.12
2016.04.22 15:29:31.699,2.09839,2.09903,1.75,1.37
2016.04.22 15:29:31.960,2.0984,2.09903,1.37,1.37
2016.04.22 15:29:32.062,2.09826,2.09886,1.75,1.00
2016.04.22 15:29:32.113,2.09827,2.09888,1.00,1.75
2016.04.22 15:29:32.416,2.09826,2.09888,1.87,1.75
2016.04.22 15:29:32.467,2.09826,2.09888,1.87,1.75
2016.04.22 15:29:32.821,2.09826,2.09888,1.87,1.75
2016.04.22 15:29:33.135,2.09826,2.09888,1.37,1.75
2016.04.22 15:29:33.337,2.09827,2.09888,1.00,1.75
2016.04.22 15:29:33.438,2.09826,2.09888,1.87,1.75
2016.04.22 15:29:33.641,2.09832,2.09892,1.75,1.12
2016.04.22 15:29:33.692,2.09832,2.09897,2.25,1.87
2016.04.22 15:29:33.743,2.09832,2.09897,2.25,1.50
2016.04.22 15:29:33.794,2.09832,2.09897,2.25,1.00
2016.04.22 15:29:33.845,2.09839,2.09901,1.75,1.00
2016.04.22 15:29:33.896,2.09844,2.09902,1.37,1.00
2016.04.22 15:29:33.948,2.09844,2.09908,1.75,1.37
2016.04.22 15:29:34.131,2.09844,2.09902,1.37,1.00
2016.04.22 15:29:34.182,2.09845,2.09907,1.75,1.00
2016.04.22 15:29:34.334,2.09845,2.09907,1.75,1.00
2016.04.22 15:29:34.537,2.09845,2.09907,1.75,1.00
2016.04.22 15:29:34.639,2.09845,2.09907,1.50,1.12
2016.04.22 15:29:34.943,2.09845,2.09907,1.50,1.37
2016.04.22 15:29:35.430,2.09845,2.09907,1.00,1.50
2016.04.22 15:29:35.531,2.09845,2.09906,1.00,1.00
2016.04.22 15:29:35.633,2.09843,2.09903,1.37,1.37
2016.04.22 15:29:35.684,2.0984,2.09903,1.12,1.75
2016.04.22 15:29:35.938,2.0984,2.09903,1.00,1.75
2016.04.22 15:29:36.532,2.09834,2.09897,1.75,1.00
2016.04.22 15:29:36.825,2.09838,2.09897,1.00,1.37
2016.04.22 15:29:37.331,2.0984,2.09904,1.37,1.50
2016.04.22 15:29:37.500,2.09834,2.09897,2.25,1.37
2016.04.22 15:29:37.959,2.09834,2.09897,2.25,1.00
2016.04.22 15:29:38.010,2.09839,2.09903,1.50,1.00
2016.04.22 15:29:38.061,2.09839,2.09903,1.75,1.00
2016.04.22 15:29:39.030,2.09839,2.09903,1.75,1.00
2016.04.22 15:29:39.516,2.09839,2.09903,1.75,1.00
2016.04.22 15:29:40.034,2.09839,2.09903,1.75,1.00
2016.04.22 15:29:40.204,2.09839,2.09903,1.75,1.00
2016.04.22 15:29:40.255,2.09839,2.09903,1.75,1.00
2016.04.22 15:29:40.608,2.09847,2.09906,1.00,1.37
2016.04.22 15:29:41.172,2.09844,2.09906,1.12,1.00
2016.04.22 15:29:42.042,2.09844,2.09906,1.37,1.12
2016.04.22 15:29:42.548,2.09844,2.09905,1.50,1.00
2016.04.22 15:29:43.398,2.09844,2.09905,1.50,1.00
2016.04.22 15:29:43.765,2.09844,2.09906,1.75,1.00
2016.04.22 15:29:44.301,2.09844,2.09906,1.75,1.00
2016.04.22 15:29:44.605,2.09832,2.09895,1.75,1.37
2016.04.22 15:29:44.656,2.09835,2.09895,1.00,1.00
2016.04.22 15:29:44.906,2.09832,2.09895,1.75,1.37
2016.04.22 15:29:45.361,2.09832,2.09895,1.50,1.37
2016.04.22 15:29:45.513,2.09833,2.09895,1.00,1.75
2016.04.22 15:29:46.104,2.09833,2.09895,1.00,1.75
2016.04.22 15:29:46.623,2.09833,2.09895,1.00,1.75
2016.04.22 15:29:46.828,2.09833,2.09895,1.75,1.75
2016.04.22 15:29:47.830,2.09833,2.09895,1.00,1.75
2016.04.22 15:29:48.089,2.09827,2.0989,1.00,1.75
2016.04.22 15:29:48.218,2.09827,2.0989,1.00,1.75
2016.04.22 15:29:48.319,2.09827,2.0989,1.00,1.75
2016.04.22 15:29:48.580,2.09827,2.0989,1.37,1.12
2016.04.22 15:29:48.682,2.09827,2.0989,1.75,1.37
2016.04.22 15:29:49.231,2.09827,2.0989,1.75,1.50
2016.04.22 15:29:49.504,2.09827,2.0989,1.37,1.50
2016.04.22 15:29:49.874,2.09827,2.0989,1.00,1.75
2016.04.22 15:29:50.400,2.09827,2.0989,1.00,1.75
2016.04.22 15:29:50.719,2.09827,2.0989,1.75,1.00
2016.04.22 15:29:51.035,2.09827,2.0989,1.75,1.00
2016.04.22 15:29:51.587,2.09827,2.0989,1.75,1.00
2016.04.22 15:29:51.739,2.09827,2.0989,1.75,1.37
2016.04.22 15:29:51.790,2.09827,2.0989,1.75,1.37
2016.04.22 15:29:51.934,2.09824,2.09882,1.75,1.00
2016.04.22 15:29:52.036,2.09819,2.09882,1.75,1.12
2016.04.22 15:29:52.541,2.09819,2.09882,1.75,1.37
2016.04.22 15:29:53.016,2.09819,2.09882,1.75,1.00
2016.04.22 15:29:53.288,2.09819,2.09882,1.75,1.00
2016.04.22 15:29:53.695,2.09819,2.09882,1.75,1.00
2016.04.22 15:29:53.998,2.09823,2.09882,1.00,1.00
2016.04.22 15:29:54.316,2.09821,2.09882,1.50,1.00
2016.04.22 15:29:54.619,2.09814,2.09875,1.75,1.37
2016.04.22 15:29:55.144,2.09806,2.0987,1.75,1.00
2016.04.22 15:29:55.682,2.09806,2.0987,1.75,1.00
2016.04.22 15:29:56.640,2.09811,2.0987,1.75,1.00
2016.04.22 15:29:56.849,2.09806,2.0987,1.75,1.00
2016.04.22 15:29:56.950,2.09812,2.09872,1.75,1.00
2016.04.22 15:29:57.254,2.09819,2.09873,1.50,1.00
2016.04.22 15:29:57.470,2.09823,2.09883,1.00,1.12
2016.04.22 15:29:57.522,2.09823,2.09885,1.12,1.37
2016.04.22 15:29:57.724,2.09823,2.09886,1.00,1.50
2016.04.22 15:29:58.258,2.09823,2.09885,1.00,1.75
2016.04.22 15:29:58.808,2.09823,2.09882,1.00,1.00
2016.04.22 15:29:59.359,2.09823,2.09885,1.00,1.37
2016.04.22 15:29:59.512,2.09823,2.09885,1.12,1.50
2016.04.22 15:29:59.614,2.09823,2.09886,1.00,1.37
2016.04.22 15:29:59.913,2.09823,2.09886,1.12,1.75
2016.04.22 15:30:00.167,2.09823,2.09886,1.37,1.12
2016.04.22 15:30:00.601,2.09831,2.09886,1.00,1.12
2016.04.22 15:30:00.914,2.09824,2.09887,1.75,1.37
2016.04.22 15:30:01.066,2.09824,2.09887,1.50,1.75
2016.04.22 15:30:01.558,2.09824,2.09886,1.00,1.75
2016.04.22 15:30:01.663,2.09824,2.09885,1.00,1.50
2016.04.22 15:30:01.934,2.09824,2.09886,1.37,1.00
2016.04.22 15:30:02.354,2.09824,2.09885,1.75,1.00
2016.04.22 15:30:02.681,2.09824,2.09885,1.50,1.00
2016.04.22 15:30:02.732,2.09824,2.09885,1.50,1.00
2016.04.22 15:30:02.981,2.09824,2.09885,1.37,1.37
2016.04.22 15:30:03.184,2.09824,2.09885,1.75,1.12
2016.04.22 15:30:03.286,2.09824,2.09885,1.75,1.37
2016.04.22 15:30:03.589,2.09824,2.09886,1.37,1.12
2016.04.22 15:30:03.691,2.09824,2.09886,1.50,1.00
2016.04.22 15:30:03.843,2.09829,2.09893,1.75,1.12
2016.04.22 15:30:04.014,2.09829,2.09893,1.75,1.00
2016.04.22 15:30:04.320,2.09829,2.09893,1.75,1.00
2016.04.22 15:30:04.850,2.09829,2.09893,1.75,1.00
2016.04.22 15:30:05.271,2.09829,2.09893,1.75,1.00
2016.04.22 15:30:05.373,2.09832,2.09893,1.75,1.00
2016.04.22 15:30:05.424,2.09836,2.09898,1.75,2.25
2016.04.22 15:30:05.475,2.09836,2.09898,1.75,1.00
2016.04.22 15:30:05.779,2.09843,2.09898,1.00,1.50
2016.04.22 15:30:06.202,2.09836,2.09898,1.75,1.50
2016.04.22 15:30:06.304,2.09842,2.09898,1.00,1.00
2016.04.22 15:30:06.507,2.0984,2.09905,1.75,1.50
2016.04.22 15:30:06.659,2.0984,2.09905,2.25,1.37
2016.04.22 15:30:06.760,2.0984,2.09905,2.25,1.00
2016.04.22 15:30:07.403,2.09847,2.0991,1.37,2.25
2016.04.22 15:30:07.706,2.09857,2.09922,1.75,1.00
2016.04.22 15:30:07.807,2.09861,2.09922,1.75,1.00
2016.04.22 15:30:08.126,2.09862,2.09922,1.75,1.00
2016.04.22 15:30:08.605,2.09857,2.09922,1.75,1.50
2016.04.22 15:30:09.009,2.09857,2.09922,1.75,1.75
2016.04.22 15:30:09.114,2.09857,2.09922,1.75,1.12
2016.04.22 15:30:09.338,2.09857,2.09922,1.75,1.37
2016.04.22 15:30:09.708,2.09857,2.09922,1.75,1.75
2016.04.22 15:30:10.011,2.09852,2.09915,2.25,1.00
2016.04.22 15:30:10.214,2.09855,2.09915,1.00,1.00
2016.04.22 15:30:10.434,2.09853,2.09915,1.75,1.00
2016.04.22 15:30:10.737,2.09853,2.09915,1.75,1.00
2016.04.22 15:30:10.788,2.09853,2.09915,1.75,1.12
2016.04.22 15:30:10.991,2.09852,2.09915,2.25,1.00
2016.04.22 15:30:12.218,2.09853,2.09915,1.75,1.00
2016.04.22 15:30:12.320,2.09852,2.09915,2.25,1.00
2016.04.22 15:30:12.522,2.09852,2.09915,2.25,1.12
2016.04.22 15:30:13.134,2.09852,2.09909,1.00,1.12
2016.04.22 15:30:13.438,2.09848,2.09903,1.00,1.00
2016.04.22 15:30:13.926,2.0984,2.09903,2.25,1.00
2016.04.22 15:30:14.535,2.0984,2.09903,2.25,1.00
2016.04.22 15:30:15.066,2.09841,2.09903,1.75,1.00
2016.04.22 15:30:15.117,2.0984,2.09903,2.25,1.00
2016.04.22 15:30:15.346,2.09846,2.09908,1.37,1.50
2016.04.22 15:30:15.397,2.09846,2.09908,1.37,1.50
2016.04.22 15:30:15.700,2.0983,2.09894,1.87,1.37
2016.04.22 15:30:15.953,2.0983,2.09892,1.75,1.50
2016.04.22 15:30:16.601,2.09831,2.09892,1.00,1.50
2016.04.22 15:30:16.905,2.0983,2.0989,1.00,1.09
2016.04.22 15:30:17.169,2.09824,2.09889,1.75,1.75
2016.04.22 15:30:17.422,2.09824,2.09889,1.75,1.75
2016.04.22 15:30:17.729,2.09824,2.09889,1.75,1.50
2016.04.22 15:30:18.107,2.09827,2.09889,1.00,1.50
2016.04.22 15:30:18.511,2.09824,2.09887,1.50,1.00
2016.04.22 15:30:18.673,2.09824,2.09889,1.75,1.00
2016.04.22 15:30:18.909,2.09824,2.09889,1.75,1.00
2016.04.22 15:30:19.213,2.09824,2.09889,1.75,1.00
2016.04.22 15:30:19.535,2.09824,2.09889,1.75,1.00
2016.04.22 15:30:20.040,2.09832,2.09889,1.75,1.00
2016.04.22 15:30:20.242,2.09847,2.09906,1.37,1.46
2016.04.22 15:30:20.343,2.09847,2.0991,1.75,1.00
2016.04.22 15:30:20.647,2.09853,2.09911,1.00,1.37
2016.04.22 15:30:20.959,2.09847,2.09911,1.75,1.00
2016.04.22 15:30:21.221,2.09847,2.09911,1.75,1.37
2016.04.22 15:30:21.539,2.09844,2.09907,1.75,1.00
2016.04.22 15:30:21.972,2.09842,2.09907,1.75,1.12
2016.04.22 15:30:22.024,2.09842,2.09907,1.75,1.00
2016.04.22 15:30:22.176,2.09842,2.09907,2.25,1.00
2016.04.22 15:30:22.542,2.09842,2.09907,1.75,1.37
2016.04.22 15:30:22.644,2.09842,2.09907,1.75,1.12
2016.04.22 15:30:22.978,2.09832,2.09888,1.00,1.37
2016.04.22 15:30:23.332,2.09832,2.09888,1.00,1.75
2016.04.22 15:30:23.485,2.09832,2.09888,1.00,1.37
2016.04.22 15:30:24.016,2.09832,2.09888,1.12,1.00
2016.04.22 15:30:24.177,2.09832,2.09888,1.75,1.00
2016.04.22 15:30:24.284,2.09838,2.09892,1.12,1.00
2016.04.22 15:30:24.385,2.09838,2.099,1.75,1.00
2016.04.22 15:30:24.436,2.09838,2.09903,1.75,1.50
2016.04.22 15:30:24.588,2.09841,2.09903,1.50,1.37
2016.04.22 15:30:24.689,2.0984,2.09903,1.37,1.50
2016.04.22 15:30:25.248,2.09838,2.09902,1.37,1.75
2016.04.22 15:30:25.451,2.09838,2.09903,1.37,2.25
2016.04.22 15:30:25.552,2.09838,2.09902,1.37,1.50
2016.04.22 15:30:25.855,2.09834,2.09896,1.75,1.00
2016.04.22 15:30:26.050,2.09834,2.09896,1.75,1.12
2016.04.22 15:30:26.354,2.09834,2.09896,1.75,1.37
2016.04.22 15:30:26.455,2.09834,2.09896,1.37,1.75
2016.04.22 15:30:27.081,2.09834,2.09896,1.75,1.37
2016.04.22 15:30:27.284,2.09841,2.09903,2.25,1.12
2016.04.22 15:30:27.487,2.09841,2.09903,2.25,1.37
2016.04.22 15:30:27.790,2.09841,2.09903,2.25,1.12
2016.04.22 15:30:27.854,2.09841,2.09903,2.25,1.00
2016.04.22 15:30:28.275,2.09841,2.09903,1.50,1.50
2016.04.22 15:30:28.776,2.09841,2.09903,1.00,1.75
2016.04.22 15:30:29.145,2.09841,2.09903,1.00,1.75
2016.04.22 15:30:29.298,2.09834,2.09896,1.50,1.50
2016.04.22 15:30:29.812,2.09834,2.09894,1.50,1.50
2016.04.22 15:30:29.964,2.09834,2.09894,1.12,1.50
2016.04.22 15:30:30.167,2.09834,2.09895,1.37,1.12
2016.04.22 15:30:30.218,2.09838,2.09895,1.00,1.12
2016.04.22 15:30:30.471,2.09845,2.09907,1.75,1.37
2016.04.22 15:30:30.688,2.09845,2.09907,1.75,1.37
2016.04.22 15:30:31.193,2.09845,2.09907,1.75,1.00
2016.04.22 15:30:31.345,2.0985,2.09912,1.50,1.37
2016.04.22 15:30:31.396,2.0985,2.09913,1.50,2.25
2016.04.22 15:30:31.497,2.09842,2.09905,1.75,1.00
2016.04.22 15:30:31.599,2.09841,2.09905,1.75,1.87
2016.04.22 15:30:31.771,2.09842,2.09903,1.00,1.00
2016.04.22 15:30:31.875,2.09841,2.09905,1.75,2.25
2016.04.22 15:30:32.180,2.09836,2.09901,1.75,1.00
2016.04.22 15:30:32.434,2.09842,2.09903,1.50,1.00
2016.04.22 15:30:33.091,2.09842,2.09905,1.50,1.75
2016.04.22 15:30:33.193,2.09842,2.09905,1.75,1.00
2016.04.22 15:30:33.496,2.09848,2.09911,1.75,1.00
2016.04.22 15:30:33.765,2.09853,2.09916,1.75,1.09
2016.04.22 15:30:34.736,2.09853,2.09916,1.75,1.09
2016.04.22 15:30:34.908,2.09853,2.09915,1.00,1.09
2016.04.22 15:30:35.427,2.09853,2.09915,1.50,1.09
2016.04.22 15:30:35.529,2.09853,2.09915,1.50,1.09
2016.04.22 15:30:35.630,2.09853,2.09915,1.12,1.09
2016.04.22 15:30:35.782,2.09853,2.09915,1.50,1.09
2016.04.22 15:30:35.934,2.09853,2.09917,1.75,1.84
2016.04.22 15:30:36.137,2.09853,2.09915,1.75,1.09
2016.04.22 15:30:36.188,2.09853,2.09915,1.37,1.09
2016.04.22 15:30:36.239,2.09853,2.09917,1.00,2.25
2016.04.22 15:30:36.341,2.09853,2.09917,1.00,2.25
2016.04.22 15:30:36.544,2.09853,2.09917,1.75,2.25
2016.04.22 15:30:36.847,2.09853,2.09917,1.75,2.25
2016.04.22 15:30:37.378,2.09853,2.09917,1.37,2.25
2016.04.22 15:30:37.429,2.09853,2.09917,1.12,1.75
2016.04.22 15:30:37.983,2.09853,2.09917,1.12,1.75
2016.04.22 15:30:38.034,2.09853,2.09917,1.37,1.75
2016.04.22 15:30:39.121,2.09852,2.09917,1.12,1.75
2016.04.22 15:30:39.460,2.09859,2.09918,1.00,1.75
2016.04.22 15:30:39.511,2.09859,2.09917,1.50,1.00
2016.04.22 15:30:39.612,2.09859,2.0992,1.75,1.00
2016.04.22 15:30:39.858,2.09859,2.09923,1.50,1.75
2016.04.22 15:30:40.162,2.09859,2.09923,1.75,1.50
2016.04.22 15:30:40.263,2.09861,2.09914,1.00,1.00
2016.04.22 15:30:40.314,2.09857,2.09914,1.50,1.00
2016.04.22 15:30:40.416,2.09854,2.09914,1.00,1.50
2016.04.22 15:30:40.619,2.09852,2.09914,1.00,1.50
2016.04.22 15:30:40.720,2.09852,2.09914,1.37,1.50
2016.04.22 15:30:41.917,2.09851,2.09914,1.50,1.37
2016.04.22 15:30:42.093,2.09851,2.09914,1.50,1.75
2016.04.22 15:30:42.841,2.09851,2.09914,1.50,1.75
2016.04.22 15:30:42.943,2.09851,2.09914,1.00,1.75
2016.04.22 15:30:43.250,2.09851,2.09914,1.00,1.75
2016.04.22 15:30:43.616,2.09851,2.09914,1.00,1.75
2016.04.22 15:30:44.143,2.09851,2.09914,1.00,2.25
2016.04.22 15:30:44.245,2.09851,2.09905,1.00,1.00
2016.04.22 15:30:45.438,2.09847,2.09911,1.37,1.37
2016.04.22 15:30:45.745,2.09847,2.09911,1.75,1.50
2016.04.22 15:30:46.287,2.09847,2.09911,1.75,1.75
2016.04.22 15:30:46.660,2.09847,2.09911,1.75,1.75
2016.04.22 15:30:47.643,2.09847,2.09908,1.37,1.00
2016.04.22 15:30:48.546,2.09847,2.09911,1.75,1.75
2016.04.22 15:30:48.827,2.09847,2.09911,1.37,1.50
2016.04.22 15:30:49.483,2.09847,2.09908,1.37,1.37
2016.04.22 15:30:49.762,2.09847,2.09909,1.50,1.37
2016.04.22 15:30:50.520,2.09846,2.09909,2.25,2.25
2016.04.22 15:30:50.571,2.09846,2.09909,2.25,2.25
2016.04.22 15:30:51.082,2.09846,2.09909,2.25,2.25
2016.04.22 15:30:52.056,2.09846,2.09909,2.25,1.12
2016.04.22 15:30:52.371,2.09846,2.09909,2.25,1.37
2016.04.22 15:30:52.422,2.09846,2.09909,1.75,1.87
2016.04.22 15:30:52.558,2.09846,2.09909,1.75,1.87
2016.04.22 15:30:52.825,2.09846,2.09908,1.12,1.75
2016.04.22 15:30:52.977,2.09846,2.09909,1.50,1.75
2016.04.22 15:30:53.474,2.09846,2.09909,1.87,1.75
2016.04.22 15:30:53.996,2.09846,2.09908,1.50,1.75
2016.04.22 15:30:54.249,2.0984,2.09903,1.75,1.09
2016.04.22 15:30:54.897,2.0984,2.09902,1.12,1.09
2016.04.22 15:30:55.052,2.09834,2.09893,1.75,1.00
2016.04.22 15:30:55.105,2.09835,2.09899,1.50,1.37
2016.04.22 15:30:55.848,2.09835,2.09898,1.75,1.12
2016.04.22 15:30:56.102,2.09835,2.09898,1.75,1.00
2016.04.22 15:30:56.623,2.09835,2.09898,1.75,1.00
2016.04.22 15:30:56.950,2.09848,2.09908,1.75,1.75
2016.04.22 15:30:57.103,2.0985,2.09914,1.75,1.75
2016.04.22 15:30:57.206,2.0985,2.09914,1.75,1.37
2016.04.22 15:30:57.610,2.0985,2.09914,1.75,1.75
2016.04.22 15:30:57.662,2.0985,2.09914,1.37,1.50
2016.04.22 15:30:58.204,2.0985,2.09914,1.50,1.50
2016.04.22 15:30:58.507,2.09846,2.09908,1.75,1.46
2016.04.22 15:30:58.558,2.09845,2.09907,1.50,1.75
2016.04.22 15:30:58.811,2.09845,2.09905,1.50,1.00
2016.04.22 15:30:58.912,2.09845,2.09908,1.50,2.59
2016.04.22 15:30:59.090,2.09845,2.09907,1.12,1.50
2016.04.22 15:30:59.192,2.09845,2.09907,1.75,1.12
2016.04.22 15:30:59.504,2.09845,2.09907,1.37,1.50
2016.04.22 15:31:01.143,2.09845,2.09907,1.00,1.50
2016.04.22 15:31:01.446,2.09845,2.09907,1.75,1.50
2016.04.22 15:31:01.818,2.09845,2.09907,1.75,1.37
2016.04.22 15:31:02.121,2.09845,2.09908,1.50,2.25
2016.04.22 15:31:02.716,2.09845,2.09907,1.75,1.50
2016.04.22 15:31:03.004,2.09845,2.09908,1.75,1.87
2016.04.22 15:31:03.445,2.09848,2.09908,1.37,1.37
2016.04.22 15:31:03.958,2.09848,2.09907,1.50,1.37
2016.04.22 15:31:04.605,2.09848,2.09907,1.50,1.37
2016.04.22 15:31:05.407,2.09848,2.09908,1.00,1.75
2016.04.22 15:31:05.509,2.09846,2.09906,1.00,1.75
2016.04.22 15:31:05.610,2.09843,2.09906,1.50,1.50
2016.04.22 15:31:05.963,2.09843,2.09906,1.75,1.75
2016.04.22 15:31:06.261,2.09843,2.09906,1.50,1.84
2016.04.22 15:31:06.881,2.09843,2.09906,1.75,1.75
2016.04.22 15:31:06.933,2.09843,2.09906,1.75,1.75
2016.04.22 15:31:07.460,2.09843,2.09906,1.37,1.75
2016.04.22 15:31:08.157,2.09843,2.09906,1.37,1.75
2016.04.22 15:31:08.461,2.09837,2.09899,2.25,1.00
2016.04.22 15:31:08.613,2.09836,2.09894,1.50,1.12
2016.04.22 15:31:08.664,2.09836,2.09894,1.50,1.37
2016.04.22 15:31:08.766,2.09833,2.09894,1.00,1.75
2016.04.22 15:31:09.156,2.09831,2.09894,1.75,1.12
2016.04.22 15:31:09.415,2.09837,2.09899,1.75,1.46
2016.04.22 15:31:09.865,2.09837,2.09899,1.75,1.12
2016.04.22 15:31:10.265,2.09842,2.09903,1.75,1.75
2016.04.22 15:31:10.568,2.09842,2.09904,1.75,1.37
2016.04.22 15:31:10.669,2.09842,2.09904,1.75,1.00
2016.04.22 15:31:10.872,2.09847,2.09911,1.75,1.87
2016.04.22 15:31:11.248,2.09847,2.09911,1.75,1.50
2016.04.22 15:31:11.601,2.09851,2.09916,1.75,1.46
2016.04.22 15:31:11.955,2.09851,2.09916,1.75,1.34
2016.04.22 15:31:12.287,2.09851,2.09916,1.75,1.34
2016.04.22 15:31:13.871,2.09851,2.09916,1.75,1.34
2016.04.22 15:31:14.474,2.09851,2.09916,2.25,1.34
2016.04.22 15:31:14.680,2.09851,2.09916,2.25,1.46
2016.04.22 15:31:14.832,2.09851,2.09916,1.75,1.46
2016.04.22 15:31:15.344,2.09851,2.09916,1.75,1.46
2016.04.22 15:31:15.395,2.09851,2.09916,1.75,1.34
2016.04.22 15:31:16.298,2.09851,2.09916,1.75,1.34
2016.04.22 15:31:17.096,2.09855,2.09917,1.75,1.71
2016.04.22 15:31:17.698,2.09855,2.09917,1.37,1.84
2016.04.22 15:31:18.265,2.09855,2.09913,1.50,1.09
2016.04.22 15:31:18.568,2.09855,2.09917,1.75,1.84
2016.04.22 15:31:19.534,2.09855,2.09917,1.75,1.84
2016.04.22 15:31:19.687,2.09855,2.09914,1.00,2.21
2016.04.22 15:31:19.991,2.09853,2.09913,1.00,1.84
2016.04.22 15:31:20.092,2.09849,2.09913,1.75,1.09
2016.04.22 15:31:20.295,2.09852,2.09913,1.00,1.09
2016.04.22 15:31:20.811,2.09849,2.09913,1.75,1.09
2016.04.22 15:31:21.064,2.09849,2.09913,1.75,1.09
2016.04.22 15:31:21.414,2.09849,2.09913,1.75,1.09
2016.04.22 15:31:21.849,2.09849,2.09913,1.75,1.84
2016.04.22 15:31:22.322,2.09849,2.09913,1.75,1.09
2016.04.22 15:31:23.076,2.09849,2.09913,1.75,1.09
2016.04.22 15:31:23.244,2.09851,2.09913,1.75,1.09
2016.04.22 15:31:23.497,2.09853,2.09913,1.00,1.84
2016.04.22 15:31:24.120,2.09849,2.09913,1.75,1.09
2016.04.22 15:31:24.345,2.09849,2.09914,2.25,1.71
2016.04.22 15:31:25.224,2.09849,2.09914,2.25,1.37
2016.04.22 15:31:25.457,2.09849,2.09914,2.25,1.50
2016.04.22 15:31:25.927,2.09852,2.09915,1.75,1.75
2016.04.22 15:31:26.330,2.09852,2.09915,1.75,1.50
2016.04.22 15:31:26.660,2.09856,2.09919,1.75,1.00
2016.04.22 15:31:28.396,2.09862,2.09921,1.75,1.50
2016.04.22 15:31:28.497,2.09862,2.09921,1.50,1.37
2016.04.22 15:31:28.806,2.09862,2.09921,1.75,1.00
2016.04.22 15:31:29.151,2.09862,2.09921,1.75,1.50
2016.04.22 15:31:29.538,2.09862,2.09921,1.75,1.00
2016.04.22 15:31:29.741,2.09864,2.09926,1.75,1.37
2016.04.22 15:31:29.943,2.09868,2.0993,1.75,1.09
2016.04.22 15:31:30.145,2.09868,2.09932,1.75,1.84
2016.04.22 15:31:30.366,2.09868,2.09932,1.75,1.84
2016.04.22 15:31:30.417,2.09868,2.09932,1.75,1.84
2016.04.22 15:31:30.519,2.09868,2.09932,1.75,1.84
2016.04.22 15:31:31.673,2.09868,2.09932,1.75,1.50
2016.04.22 15:31:31.774,2.09868,2.09932,1.75,1.50
2016.04.22 15:31:31.825,2.09868,2.09932,1.75,1.50
2016.04.22 15:31:32.129,2.09868,2.09932,1.75,1.00
2016.04.22 15:31:32.331,2.09868,2.09932,1.75,1.37
2016.04.22 15:31:32.432,2.09868,2.09932,1.75,1.37
2016.04.22 15:31:33.313,2.09868,2.09932,1.75,1.50
2016.04.22 15:31:33.415,2.09868,2.09932,1.75,1.75
2016.04.22 15:31:33.667,2.09861,2.09921,1.50,1.37
2016.04.22 15:31:33.718,2.09861,2.09921,1.50,1.37
2016.04.22 15:31:33.946,2.09859,2.09921,1.50,1.37
2016.04.22 15:31:34.751,2.09859,2.09918,1.75,1.00
2016.04.22 15:31:34.990,2.09859,2.09921,1.50,1.75
2016.04.22 15:31:35.259,2.09859,2.09921,1.50,1.75
2016.04.22 15:31:35.361,2.09859,2.09921,1.50,1.75
2016.04.22 15:31:35.563,2.09859,2.09921,1.75,1.50
2016.04.22 15:31:35.724,2.09859,2.09921,1.50,1.50
2016.04.22 15:31:36.079,2.09859,2.09917,1.12,1.75
2016.04.22 15:31:36.383,2.09859,2.09918,1.75,1.00
2016.04.22 15:31:36.687,2.09862,2.09921,1.75,1.00
2016.04.22 15:31:36.838,2.09864,2.09921,1.00,1.00
2016.04.22 15:31:37.108,2.09859,2.09921,1.12,1.75
2016.04.22 15:31:37.311,2.09859,2.09921,1.75,1.75
2016.04.22 15:31:37.564,2.09859,2.09921,1.75,1.00
2016.04.22 15:31:38.618,2.09862,2.09925,1.75,1.37
2016.04.22 15:31:39.038,2.09862,2.09925,1.75,1.37
2016.04.22 15:31:39.171,2.09862,2.09925,1.75,1.75
2016.04.22 15:31:39.756,2.09862,2.09925,1.75,1.75
2016.04.22 15:31:39.858,2.09856,2.09917,1.75,1.00
2016.04.22 15:31:40.262,2.09857,2.09917,1.75,1.37
2016.04.22 15:31:41.251,2.09856,2.09918,1.37,1.75
2016.04.22 15:31:41.601,2.09851,2.0991,1.00,1.75
2016.04.22 15:31:41.969,2.09842,2.09889,1.37,1.37
2016.04.22 15:31:42.020,2.09839,2.09889,1.00,1.71
2016.04.22 15:31:42.072,2.09839,2.09888,1.00,1.09
2016.04.22 15:31:42.123,2.0982,2.09881,1.00,1.75
2016.04.22 15:31:42.174,2.09813,2.09877,1.00,1.75
2016.04.22 15:31:42.225,2.09813,2.09877,1.00,1.75
2016.04.22 15:31:42.276,2.09809,2.09871,2.25,1.75
2016.04.22 15:31:42.497,2.09817,2.09881,1.75,1.50
2016.04.22 15:31:42.599,2.09828,2.09888,1.50,1.84
2016.04.22 15:31:42.902,2.09828,2.0989,1.75,1.09
2016.04.22 15:31:43.244,2.09828,2.09891,1.75,1.09
2016.04.22 15:31:43.526,2.09828,2.09892,1.75,1.00
2016.04.22 15:31:43.577,2.09834,2.09897,1.75,1.37
2016.04.22 15:31:43.894,2.09834,2.09897,1.75,1.75
2016.04.22 15:31:44.221,2.09844,2.09906,1.75,1.00
2016.04.22 15:31:44.322,2.0985,2.09911,1.75,1.37
2016.04.22 15:31:44.373,2.09851,2.09914,1.50,1.87
2016.04.22 15:31:44.424,2.09851,2.09914,1.75,1.12
2016.04.22 15:31:45.381,2.09855,2.09917,1.75,1.50
2016.04.22 15:31:45.583,2.09852,2.09914,1.75,1.12
2016.04.22 15:31:45.685,2.0985,2.09914,1.75,1.75
2016.04.22 15:31:45.812,2.0985,2.09914,1.00,2.25
2016.04.22 15:31:45.863,2.09845,2.09902,1.00,1.75
2016.04.22 15:31:45.914,2.09843,2.09896,1.00,1.37
2016.04.22 15:31:46.117,2.09827,2.09891,1.75,1.37
2016.04.22 15:31:46.168,2.09824,2.09887,2.25,1.37
2016.04.22 15:31:46.219,2.09823,2.09887,1.75,1.75
2016.04.22 15:31:46.270,2.09823,2.09887,1.50,1.75
2016.04.22 15:31:46.422,2.09822,2.09885,1.00,1.75
2016.04.22 15:31:46.775,2.09822,2.09885,1.37,1.75
2016.04.22 15:31:46.877,2.09822,2.09885,1.50,1.75
2016.04.22 15:31:47.117,2.09822,2.09886,1.75,1.75
2016.04.22 15:31:47.218,2.09822,2.09885,1.75,1.75
2016.04.22 15:31:47.774,2.09822,2.09885,1.50,1.84
2016.04.22 15:31:47.875,2.09822,2.09882,2.25,1.00
2016.04.22 15:31:48.296,2.09828,2.09885,1.50,1.09
2016.04.22 15:31:48.599,2.09828,2.09888,1.75,1.09
2016.04.22 15:31:48.903,2.09844,2.09901,1.37,1.00
2016.04.22 15:31:49.004,2.09837,2.099,1.75,1.75
2016.04.22 15:31:49.105,2.09836,2.09895,1.50,1.75
2016.04.22 15:31:49.440,2.09832,2.09893,2.25,1.75
2016.04.22 15:31:49.592,2.09832,2.09893,2.25,1.75
2016.04.22 15:31:49.694,2.09832,2.09893,2.25,1.37
2016.04.22 15:31:50.109,2.09832,2.09893,1.75,1.12
2016.04.22 15:31:50.713,2.09832,2.09893,1.75,1.37
2016.04.22 15:31:51.035,2.09827,2.09889,1.75,1.75
2016.04.22 15:31:51.339,2.0982,2.09881,1.50,1.75
2016.04.22 15:31:51.390,2.0982,2.09881,1.50,1.75
2016.04.22 15:31:51.694,2.09816,2.09878,1.75,1.00
2016.04.22 15:31:52.014,2.0982,2.0988,1.75,1.00
2016.04.22 15:31:52.116,2.0982,2.0988,1.75,1.00
2016.04.22 15:31:52.217,2.09822,2.09884,1.75,1.00
2016.04.22 15:31:52.319,2.09831,2.09884,1.00,1.00
2016.04.22 15:31:52.421,2.09821,2.09884,1.75,1.75
2016.04.22 15:31:52.522,2.09816,2.09878,1.87,1.75
2016.04.22 15:31:52.624,2.09816,2.09878,1.75,1.75
2016.04.22 15:31:53.000,2.0982,2.09882,1.50,1.75
2016.04.22 15:31:53.051,2.0982,2.09884,2.25,1.75
2016.04.22 15:31:53.102,2.09825,2.09884,1.00,1.75
2016.04.22 15:31:53.203,2.0982,2.09884,2.25,1.75
2016.04.22 15:31:53.721,2.0982,2.09884,1.75,1.75
2016.04.22 15:31:54.051,2.09819,2.09873,1.75,1.00
2016.04.22 15:31:54.154,2.09818,2.09878,1.37,1.09
2016.04.22 15:31:54.205,2.09818,2.09878,1.75,1.09
2016.04.22 15:31:54.260,2.09818,2.09882,1.37,2.25
2016.04.22 15:31:54.311,2.09818,2.09882,1.75,2.25
2016.04.22 15:31:54.514,2.0982,2.09882,1.75,1.75
2016.04.22 15:31:54.615,2.0982,2.09882,1.75,1.75
2016.04.22 15:31:55.036,2.09822,2.09882,1.50,1.75
2016.04.22 15:31:55.087,2.0982,2.09882,1.75,1.50
2016.04.22 15:31:55.239,2.09825,2.09887,1.75,1.75
2016.04.22 15:31:55.340,2.09825,2.09887,1.75,1.50
2016.04.22 15:31:56.036,2.09825,2.09887,1.75,1.75
2016.04.22 15:31:56.267,2.09825,2.09887,1.75,1.50
2016.04.22 15:31:56.319,2.09825,2.09887,1.75,1.75
2016.04.22 15:31:56.622,2.09826,2.09887,1.00,1.75
2016.04.22 15:31:56.925,2.09825,2.09887,1.75,1.50
2016.04.22 15:31:57.275,2.09825,2.09887,1.75,1.75
2016.04.22 15:31:57.579,2.09825,2.09887,1.75,1.75
2016.04.22 15:31:58.080,2.09825,2.09887,1.75,1.50
2016.04.22 15:31:58.589,2.09832,2.09887,1.37,1.37
2016.04.22 15:31:58.942,2.0983,2.09892,1.00,1.75
2016.04.22 15:31:59.044,2.0983,2.09891,1.00,1.75
2016.04.22 15:31:59.246,2.09831,2.09892,1.12,2.25
2016.04.22 15:31:59.530,2.09831,2.09887,1.00,1.09
2016.04.22 15:31:59.581,2.0982,2.09876,1.37,1.37
2016.04.22 15:31:59.632,2.0982,2.09876,1.37,1.71
2016.04.22 15:31:59.785,2.09814,2.0987,1.75,1.50
2016.04.22 15:31:59.836,2.09814,2.0987,1.00,1.50
2016.04.22 15:32:00.348,2.09811,2.0987,1.50,1.75
2016.04.22 15:32:00.550,2.09811,2.0987,1.00,1.75
2016.04.22 15:32:00.802,2.09811,2.0987,1.00,1.75
2016.04.22 15:32:00.854,2.09811,2.0987,1.50,1.75
2016.04.22 15:32:00.955,2.09811,2.0987,1.12,1.75
2016.04.22 15:32:01.157,2.09811,2.0987,1.37,1.75
2016.04.22 15:32:01.479,2.09811,2.0987,1.37,1.75
2016.04.22 15:32:01.580,2.09808,2.0987,1.75,1.00
2016.04.22 15:32:01.632,2.09808,2.0987,1.75,1.12
2016.04.22 15:32:01.733,2.09808,2.0987,1.75,1.00
2016.04.22 15:32:01.835,2.09815,2.09876,1.00,1.75
2016.04.22 15:32:02.067,2.09812,2.09876,1.75,1.75
2016.04.22 15:32:02.380,2.09812,2.09876,1.75,1.50
2016.04.22 15:32:02.583,2.09819,2.09878,1.50,1.37
2016.04.22 15:32:02.886,2.09819,2.0988,1.75,1.00
2016.04.22 15:32:02.937,2.09822,2.09886,1.75,1.46
2016.04.22 15:32:03.089,2.09822,2.09886,1.75,1.50
2016.04.22 15:32:03.144,2.09822,2.09886,1.75,1.87
2016.04.22 15:32:03.762,2.09822,2.09886,1.75,1.87
2016.04.22 15:32:04.479,2.09828,2.09889,1.50,1.75
2016.04.22 15:32:04.580,2.09828,2.09889,1.75,1.75
2016.04.22 15:32:05.086,2.09824,2.09884,1.75,1.00
2016.04.22 15:32:05.389,2.09825,2.09884,1.12,1.75
2016.04.22 15:32:05.707,2.09824,2.09884,1.75,1.50
2016.04.22 15:32:05.758,2.09824,2.09884,1.75,1.12
2016.04.22 15:32:05.860,2.09821,2.09884,1.75,1.37
2016.04.22 15:32:05.911,2.09821,2.09884,1.75,1.75
2016.04.22 15:32:06.163,2.09821,2.09884,1.75,1.75
2016.04.22 15:32:07.298,2.09822,2.09884,1.75,1.75
2016.04.22 15:32:07.399,2.09822,2.09884,1.75,1.50
2016.04.22 15:32:07.703,2.09821,2.09884,1.75,1.50
2016.04.22 15:32:08.204,2.09821,2.09884,1.75,1.50
2016.04.22 15:32:08.596,2.09821,2.09884,1.75,1.75
2016.04.22 15:32:08.698,2.09822,2.09884,1.75,1.75
2016.04.22 15:32:08.856,2.09822,2.09884,1.75,1.75
2016.04.22 15:32:09.207,2.09822,2.09884,1.75,1.75
2016.04.22 15:32:10.491,2.09821,2.09882,1.50,1.75
2016.04.22 15:32:11.756,2.09815,2.09875,1.75,1.34
2016.04.22 15:32:12.060,2.09807,2.09868,1.50,1.09
2016.04.22 15:32:12.222,2.09807,2.09869,1.75,1.84
2016.04.22 15:32:12.273,2.09811,2.09869,1.00,1.84
2016.04.22 15:32:12.844,2.09807,2.09868,1.75,1.09
2016.04.22 15:32:13.669,2.09804,2.0985,1.37,1.00
2016.04.22 15:32:13.720,2.09799,2.09857,1.12,1.34
2016.04.22 15:32:13.772,2.09797,2.09858,1.75,1.71
2016.04.22 15:32:13.823,2.09797,2.09859,1.00,1.75
2016.04.22 15:32:13.874,2.09796,2.09848,1.12,1.12
2016.04.22 15:32:13.975,2.09796,2.09859,1.00,1.84
2016.04.22 15:32:14.076,2.09796,2.09859,1.00,1.84
2016.04.22 15:32:14.127,2.09796,2.09859,1.00,1.84
2016.04.22 15:32:14.448,2.09801,2.09858,1.00,1.09
2016.04.22 15:32:14.499,2.09801,2.09858,1.12,1.09
2016.04.22 15:32:14.822,2.09801,2.09859,1.50,1.84
2016.04.22 15:32:15.060,2.09801,2.09858,1.00,1.09
2016.04.22 15:32:15.363,2.09802,2.09858,1.00,1.09
2016.04.22 15:32:15.465,2.09793,2.09854,1.12,1.75
2016.04.22 15:32:15.566,2.09791,2.09848,1.50,1.37
2016.04.22 15:32:15.617,2.09791,2.09846,1.12,1.50
2016.04.22 15:32:15.668,2.09791,2.09846,1.00,1.50
2016.04.22 15:32:15.769,2.09787,2.09848,1.00,1.75
2016.04.22 15:32:15.820,2.09785,2.09843,1.00,1.84
2016.04.22 15:32:15.994,2.09782,2.09843,1.12,2.59
2016.04.22 15:32:16.504,2.09782,2.09843,1.00,1.84
2016.04.22 15:32:16.807,2.09782,2.09843,1.00,2.59
2016.04.22 15:32:17.148,2.09781,2.09839,1.00,1.75
2016.04.22 15:32:17.658,2.09782,2.09839,1.00,1.75
2016.04.22 15:32:17.861,2.09776,2.09839,1.75,1.75
2016.04.22 15:32:17.982,2.09776,2.09839,1.50,1.75
2016.04.22 15:32:18.174,2.09776,2.09839,1.12,1.75
2016.04.22 15:32:18.681,2.09776,2.09839,1.12,1.75
2016.04.22 15:32:18.933,2.09791,2.09847,1.00,1.46
2016.04.22 15:32:18.984,2.09791,2.09847,1.00,1.71
2016.04.22 15:32:19.035,2.09784,2.09846,1.37,1.09
2016.04.22 15:32:19.369,2.09784,2.09847,1.12,1.75
2016.04.22 15:32:19.971,2.09784,2.09839,1.37,1.00
2016.04.22 15:32:20.799,2.09784,2.09842,1.37,1.75
2016.04.22 15:32:20.901,2.0979,2.09848,1.12,1.12
2016.04.22 15:32:20.952,2.0979,2.09848,1.12,1.12
2016.04.22 15:32:21.104,2.0979,2.0985,1.00,1.75
2016.04.22 15:32:21.306,2.0979,2.09843,1.00,1.00
2016.04.22 15:32:21.408,2.09791,2.09845,1.00,1.00
2016.04.22 15:32:21.701,2.0979,2.09851,1.00,2.25
2016.04.22 15:32:22.268,2.0979,2.0985,1.12,1.75
2016.04.22 15:32:22.573,2.09802,2.09854,1.00,1.75
2016.04.22 15:32:22.675,2.09797,2.09857,1.50,1.75
2016.04.22 15:32:22.845,2.09792,2.09853,1.00,1.84
2016.04.22 15:32:23.304,2.09792,2.09853,1.37,1.84
2016.04.22 15:32:23.355,2.09796,2.09853,1.00,1.84
2016.04.22 15:32:23.507,2.09796,2.09853,1.00,1.09
2016.04.22 15:32:24.054,2.09796,2.09853,1.00,1.09
2016.04.22 15:32:24.628,2.09796,2.09853,1.00,1.84
2016.04.22 15:32:26.095,2.09796,2.09848,1.00,1.00
2016.04.22 15:32:26.312,2.09796,2.09853,1.00,1.09
2016.04.22 15:32:26.626,2.09796,2.09849,1.37,1.00
2016.04.22 15:32:26.727,2.09796,2.09853,1.00,1.09
2016.04.22 15:32:26.929,2.0979,2.09851,1.00,1.75
2016.04.22 15:32:26.980,2.09788,2.09851,1.12,1.75
2016.04.22 15:32:27.031,2.09785,2.09845,1.87,1.75
2016.04.22 15:32:27.082,2.09783,2.09842,1.75,1.75
2016.04.22 15:32:27.133,2.09783,2.09842,1.00,1.75
2016.04.22 15:32:27.184,2.09779,2.09837,1.37,1.00
2016.04.22 15:32:27.235,2.09779,2.09842,1.12,1.75
2016.04.22 15:32:28.218,2.09776,2.09836,1.75,1.50
2016.04.22 15:32:28.906,2.09784,2.09845,1.75,2.25
2016.04.22 15:32:29.210,2.09794,2.09853,1.50,1.00
2016.04.22 15:32:29.521,2.09791,2.09852,1.75,1.84
2016.04.22 15:32:29.775,2.09768,2.09829,1.12,1.75
2016.04.22 15:32:29.826,2.09768,2.09825,1.37,1.00
2016.04.22 15:32:30.155,2.09764,2.09824,1.75,1.75
2016.04.22 15:32:30.408,2.09764,2.09824,1.12,1.75
2016.04.22 15:32:30.560,2.09764,2.09824,1.75,1.75
2016.04.22 15:32:32.447,2.09768,2.0983,1.75,1.00
2016.04.22 15:32:32.498,2.09772,2.09834,1.75,1.37
2016.04.22 15:32:32.550,2.09772,2.09834,1.75,1.37
2016.04.22 15:32:32.601,2.09772,2.09833,1.75,1.75
2016.04.22 15:32:32.753,2.09772,2.09833,1.75,1.75
2016.04.22 15:32:32.804,2.09772,2.09834,1.75,1.50
2016.04.22 15:32:32.956,2.09772,2.09833,1.75,1.37
2016.04.22 15:32:33.273,2.09772,2.09835,1.75,1.37
2016.04.22 15:32:33.583,2.09772,2.09835,1.75,1.75
2016.04.22 15:32:33.786,2.09772,2.09835,1.75,1.12
2016.04.22 15:32:34.952,2.09778,2.09839,1.75,1.75
2016.04.22 15:32:38.059,2.09778,2.09839,1.50,1.75
2016.04.22 15:32:38.259,2.09778,2.09839,1.37,1.75
2016.04.22 15:32:38.512,2.09778,2.09839,1.75,1.50
2016.04.22 15:32:38.865,2.09778,2.09839,1.75,1.12
2016.04.22 15:32:39.162,2.09778,2.09839,1.75,1.12
2016.04.22 15:32:39.530,2.0978,2.09836,1.75,1.00
2016.04.22 15:32:39.732,2.09776,2.09836,1.75,1.50
2016.04.22 15:32:39.884,2.09776,2.09833,1.75,1.37
2016.04.22 15:32:39.935,2.09776,2.09833,1.50,1.87
2016.04.22 15:32:40.087,2.09776,2.09833,1.12,1.87
2016.04.22 15:32:40.189,2.09776,2.09833,1.50,1.37
2016.04.22 15:32:40.316,2.09785,2.09833,1.00,1.37
2016.04.22 15:32:40.621,2.09814,2.09866,1.00,1.50
2016.04.22 15:32:40.672,2.09809,2.09866,1.37,1.50
2016.04.22 15:32:40.722,2.09809,2.09866,1.00,1.87
2016.04.22 15:32:40.773,2.09805,2.09864,1.75,1.00
2016.04.22 15:32:41.077,2.09812,2.09866,1.00,1.12
2016.04.22 15:32:41.179,2.09812,2.0986,1.00,1.00
2016.04.22 15:32:41.357,2.09812,2.09866,1.00,1.87
2016.04.22 15:32:41.408,2.098,2.0986,1.00,1.75
2016.04.22 15:32:41.611,2.09794,2.09854,1.87,1.75
2016.04.22 15:32:41.713,2.09789,2.09852,1.12,1.75
2016.04.22 15:32:42.016,2.09789,2.0985,1.00,1.75
2016.04.22 15:32:42.244,2.09789,2.0985,1.75,1.50
2016.04.22 15:32:42.295,2.09789,2.09849,1.37,1.37
2016.04.22 15:32:42.346,2.09789,2.09849,1.00,1.75
2016.04.22 15:32:42.397,2.09789,2.0985,1.12,1.75
2016.04.22 15:32:42.448,2.09789,2.09843,1.12,1.37
2016.04.22 15:32:42.549,2.09789,2.09844,1.37,1.50
2016.04.22 15:32:42.600,2.09789,2.09844,1.37,1.50
2016.04.22 15:32:42.903,2.09789,2.09844,1.12,1.37
2016.04.22 15:32:43.139,2.09789,2.09843,1.75,1.00
2016.04.22 15:32:43.443,2.09797,2.09851,1.75,1.00
2016.04.22 15:32:43.494,2.09797,2.09851,1.75,1.00
2016.04.22 15:32:43.898,2.09794,2.09851,1.75,1.87
2016.04.22 15:32:44.113,2.098,2.09851,1.37,1.00
2016.04.22 15:32:44.267,2.098,2.09857,1.75,1.00
2016.04.22 15:32:44.318,2.098,2.09857,1.75,1.00
2016.04.22 15:32:44.800,2.098,2.09857,1.37,1.37
2016.04.22 15:32:44.901,2.09797,2.0985,1.37,1.37
2016.04.22 15:32:44.952,2.09791,2.0985,1.00,1.75
2016.04.22 15:32:45.003,2.09791,2.0985,1.00,1.75
2016.04.22 15:32:45.342,2.09789,2.09848,1.75,1.75
2016.04.22 15:32:45.645,2.0977,2.09828,1.12,1.75
2016.04.22 15:32:45.847,2.09765,2.09825,1.12,1.75
2016.04.22 15:32:46.132,2.09765,2.0982,1.37,1.37
2016.04.22 15:32:46.630,2.09765,2.0982,1.12,1.50
2016.04.22 15:32:47.117,2.09765,2.0982,1.37,1.00
2016.04.22 15:32:47.420,2.09772,2.09825,1.00,1.37
2016.04.22 15:32:47.723,2.09782,2.09829,1.37,1.00
2016.04.22 15:32:47.774,2.09782,2.09834,1.37,1.00
2016.04.22 15:32:47.825,2.09782,2.09834,1.37,1.00
2016.04.22 15:32:47.927,2.09781,2.09832,1.00,1.00
2016.04.22 15:32:48.084,2.09788,2.09841,1.00,1.00
2016.04.22 15:32:48.137,2.09783,2.09834,1.75,1.00
2016.04.22 15:32:48.188,2.09788,2.0984,1.75,1.00
2016.04.22 15:32:48.290,2.09793,2.09846,1.00,1.12
2016.04.22 15:32:48.391,2.09793,2.09848,1.00,1.12
2016.04.22 15:32:48.442,2.09793,2.09848,1.75,1.00
2016.04.22 15:32:48.543,2.09795,2.09848,1.00,1.00
2016.04.22 15:32:48.594,2.09797,2.09848,1.00,1.00
2016.04.22 15:32:49.028,2.09803,2.09848,1.00,1.00
2016.04.22 15:32:49.079,2.09803,2.09856,1.12,1.00
2016.04.22 15:32:49.231,2.09798,2.09857,1.37,1.87
2016.04.22 15:32:49.383,2.0979,2.09847,2.25,1.12
2016.04.22 15:32:49.434,2.09795,2.09847,1.00,1.37
2016.04.22 15:32:49.535,2.09795,2.09847,1.00,1.12
2016.04.22 15:32:50.059,2.09795,2.09848,1.00,1.75
2016.04.22 15:32:50.362,2.09795,2.09847,1.75,1.00
2016.04.22 15:32:50.565,2.09803,2.09855,1.75,1.00
2016.04.22 15:32:50.767,2.09803,2.09862,1.75,1.00
2016.04.22 15:32:50.869,2.09803,2.09862,1.75,1.50
2016.04.22 15:32:51.393,2.0981,2.09863,1.50,1.00
2016.04.22 15:32:51.444,2.09802,2.09862,1.75,1.50
2016.04.22 15:32:51.545,2.09803,2.0986,1.00,1.37
2016.04.22 15:32:51.646,2.09797,2.0986,1.50,1.75
2016.04.22 15:32:51.747,2.09797,2.09857,1.50,1.37
2016.04.22 15:32:52.313,2.09797,2.09854,1.00,1.75
2016.04.22 15:32:52.364,2.09797,2.09854,1.00,1.37
2016.04.22 15:32:52.465,2.09797,2.09854,1.00,1.75
2016.04.22 15:32:53.752,2.09797,2.09854,1.00,1.75
2016.04.22 15:32:54.076,2.09808,2.09854,1.37,1.00
2016.04.22 15:32:54.178,2.09808,2.09863,1.37,1.12
2016.04.22 15:32:54.707,2.09803,2.09864,1.50,1.50
2016.04.22 15:32:55.069,2.09803,2.09864,1.50,1.50
2016.04.22 15:32:55.279,2.09798,2.0986,2.25,1.37
2016.04.22 15:32:55.482,2.09792,2.09855,1.50,1.75
2016.04.22 15:32:55.751,2.09792,2.09855,1.12,1.75
2016.04.22 15:32:55.852,2.09792,2.09855,1.37,1.75
2016.04.22 15:32:56.384,2.09792,2.09852,1.12,1.12
2016.04.22 15:32:56.868,2.09792,2.09847,1.00,1.75
2016.04.22 15:32:57.041,2.09788,2.09848,1.00,1.75
2016.04.22 15:32:57.092,2.09788,2.09847,1.00,1.75
2016.04.22 15:32:58.060,2.09788,2.09845,1.37,1.00
2016.04.22 15:32:58.416,2.09793,2.09847,1.12,1.12
2016.04.22 15:32:58.961,2.09793,2.09848,1.50,1.00
2016.04.22 15:32:59.192,2.09793,2.09848,1.12,1.00
2016.04.22 15:32:59.294,2.09789,2.09848,1.00,1.75
2016.04.22 15:32:59.571,2.09783,2.09843,1.37,1.75
2016.04.22 15:32:59.875,2.09778,2.09836,1.37,1.37
2016.04.22 15:33:00.180,2.09779,2.09838,1.37,1.37
2016.04.22 15:33:00.430,2.09781,2.09842,1.75,1.75
2016.04.22 15:33:00.482,2.09781,2.09839,1.50,1.00
2016.04.22 15:33:00.583,2.09781,2.09842,1.75,1.37
2016.04.22 15:33:00.886,2.09787,2.09843,1.75,1.00
2016.04.22 15:33:00.989,2.09787,2.09847,1.75,1.50
2016.04.22 15:33:01.286,2.09791,2.09852,1.75,1.46
2016.04.22 15:33:01.337,2.09791,2.09852,1.75,1.12
2016.04.22 15:33:01.489,2.09791,2.09852,1.75,1.00
2016.04.22 15:33:01.970,2.09798,2.09852,1.00,1.00
2016.04.22 15:33:02.379,2.09796,2.09857,1.12,2.25
2016.04.22 15:33:02.922,2.09796,2.09857,1.37,1.75
2016.04.22 15:33:03.023,2.09796,2.09857,1.75,1.50
2016.04.22 15:33:03.333,2.09796,2.09857,1.75,1.00
2016.04.22 15:33:04.014,2.09796,2.09857,1.75,1.37
2016.04.22 15:33:04.492,2.09796,2.09857,1.75,1.00
2016.04.22 15:33:04.646,2.09801,2.09861,1.75,1.12
2016.04.22 15:33:04.697,2.09801,2.09861,1.75,1.00
2016.04.22 15:33:05.204,2.09802,2.09862,1.75,1.87
2016.04.22 15:33:05.539,2.09806,2.09862,1.00,1.87
2016.04.22 15:33:05.843,2.09796,2.09858,1.75,1.00
2016.04.22 15:33:06.119,2.098,2.09861,1.50,1.75
2016.04.22 15:33:06.220,2.09801,2.09861,1.75,1.00
2016.04.22 15:33:06.322,2.098,2.09863,2.25,1.00
2016.04.22 15:33:06.423,2.09807,2.09863,1.00,1.00
2016.04.22 15:33:06.532,2.098,2.09863,2.25,1.00
2016.04.22 15:33:06.748,2.09801,2.09863,1.75,1.00
2016.04.22 15:33:06.900,2.09801,2.09863,1.75,1.00
2016.04.22 15:33:07.238,2.098,2.09863,1.75,1.00
2016.04.22 15:33:07.339,2.09805,2.09863,1.75,1.00
2016.04.22 15:33:07.541,2.0981,2.09872,1.75,1.50
2016.04.22 15:33:07.643,2.09815,2.09872,1.75,1.00
2016.04.22 15:33:07.956,2.09812,2.09872,1.75,1.00
2016.04.22 15:33:08.481,2.0981,2.09872,1.75,1.00
2016.04.22 15:33:09.007,2.0981,2.09872,1.75,1.00
2016.04.22 15:33:09.658,2.0981,2.09872,1.75,1.00
2016.04.22 15:33:09.760,2.09806,2.09867,1.75,1.00
2016.04.22 15:33:10.277,2.09806,2.09867,1.75,1.00
2016.04.22 15:33:10.827,2.09806,2.09867,1.75,1.00
2016.04.22 15:33:10.929,2.09806,2.09867,1.75,1.00
2016.04.22 15:33:11.030,2.09806,2.09867,1.75,1.12
2016.04.22 15:33:11.648,2.09806,2.09867,1.75,1.37
2016.04.22 15:33:11.850,2.09806,2.09867,1.75,1.37
2016.04.22 15:33:12.951,2.09806,2.09867,1.75,1.75
2016.04.22 15:33:13.458,2.09811,2.09867,1.50,1.00
2016.04.22 15:33:14.165,2.09806,2.09867,1.75,1.00
2016.04.22 15:33:14.570,2.09812,2.09869,1.75,1.00
2016.04.22 15:33:14.620,2.09818,2.09874,1.00,1.12
2016.04.22 15:33:14.956,2.09811,2.09874,2.25,1.00
2016.04.22 15:33:15.008,2.09816,2.09877,1.75,1.00
2016.04.22 15:33:15.059,2.09816,2.09876,1.75,1.00
2016.04.22 15:33:15.560,2.09816,2.09876,1.75,1.00
2016.04.22 15:33:15.863,2.09816,2.09877,1.75,1.37
2016.04.22 15:33:16.297,2.09822,2.09877,1.37,1.00
2016.04.22 15:33:16.450,2.09821,2.09877,1.00,1.37
2016.04.22 15:33:16.561,2.09816,2.09876,1.75,1.75
2016.04.22 15:33:17.366,2.09817,2.09876,1.00,1.75
2016.04.22 15:33:17.746,2.09816,2.09876,1.12,1.75
2016.04.22 15:33:17.847,2.09816,2.09876,1.12,1.87
2016.04.22 15:33:17.948,2.09816,2.09876,1.37,1.75
2016.04.22 15:33:18.266,2.09816,2.09876,1.50,1.50
2016.04.22 15:33:18.367,2.09816,2.09877,1.75,1.37
2016.04.22 15:33:18.568,2.09816,2.09877,1.75,1.50
2016.04.22 15:33:18.796,2.09816,2.09876,1.75,1.12
2016.04.22 15:33:18.897,2.09816,2.09876,1.75,1.12
2016.04.22 15:33:19.268,2.09812,2.09871,1.75,1.00
2016.04.22 15:33:19.370,2.09814,2.09871,1.75,1.12
2016.04.22 15:33:19.690,2.09812,2.09871,1.37,1.37
2016.04.22 15:33:19.747,2.09812,2.09871,1.50,1.37
2016.04.22 15:33:19.849,2.09816,2.09875,1.00,1.75
2016.04.22 15:33:20.102,2.09818,2.09875,1.00,1.37
2016.04.22 15:33:20.203,2.09816,2.09876,1.50,1.87
2016.04.22 15:33:20.700,2.09819,2.09882,1.75,1.37
2016.04.22 15:33:20.752,2.09816,2.09876,1.75,1.00
2016.04.22 15:33:20.803,2.09816,2.09876,1.75,1.12
2016.04.22 15:33:20.904,2.09816,2.09876,1.75,1.37
2016.04.22 15:33:21.276,2.09816,2.09876,1.50,1.75
2016.04.22 15:33:21.797,2.09816,2.09876,1.75,1.75
2016.04.22 15:33:21.898,2.09816,2.09876,1.75,1.50
2016.04.22 15:33:22.000,2.09816,2.09876,1.75,1.37
2016.04.22 15:33:22.252,2.09816,2.09876,1.50,1.75
2016.04.22 15:33:22.303,2.09816,2.09876,1.50,1.75
2016.04.22 15:33:22.607,2.09811,2.09872,1.75,1.37
2016.04.22 15:33:22.657,2.09816,2.09872,1.00,1.50
2016.04.22 15:33:23.016,2.09807,2.09867,1.75,1.12
2016.04.22 15:33:23.067,2.09807,2.09867,1.50,1.75
2016.04.22 15:33:23.169,2.09801,2.0986,1.75,1.00
2016.04.22 15:33:23.472,2.09791,2.09853,1.00,1.75
2016.04.22 15:33:23.523,2.09785,2.09848,1.75,1.75
2016.04.22 15:33:23.783,2.09785,2.09848,1.12,1.75
2016.04.22 15:33:24.040,2.0978,2.09841,1.37,1.75
2016.04.22 15:33:24.197,2.0978,2.09841,1.75,1.12
2016.04.22 15:33:24.778,2.09785,2.09841,1.00,1.37
2016.04.22 15:33:25.436,2.0978,2.09841,1.75,1.00
2016.04.22 15:33:25.588,2.0978,2.09841,1.75,1.37
2016.04.22 15:33:25.892,2.0978,2.09841,1.75,1.50
2016.04.22 15:33:26.195,2.0978,2.09841,1.75,1.75
2016.04.22 15:33:26.783,2.0978,2.09841,1.75,1.50
2016.04.22 15:33:26.933,2.09775,2.09836,1.75,1.00
2016.04.22 15:33:27.293,2.09775,2.09836,1.75,1.50
2016.04.22 15:33:27.461,2.09772,2.09831,1.75,1.12
2016.04.22 15:33:27.512,2.09772,2.09831,1.75,1.12
2016.04.22 15:33:27.714,2.09772,2.09831,1.75,1.00
2016.04.22 15:33:28.045,2.09771,2.09831,1.75,1.00
2016.04.22 15:33:28.702,2.0977,2.09831,1.75,1.12
2016.04.22 15:33:28.803,2.09773,2.09835,1.75,1.00
2016.04.22 15:33:29.257,2.09773,2.09836,1.75,1.75
2016.04.22 15:33:29.575,2.09773,2.09836,1.75,1.75
2016.04.22 15:33:30.099,2.09773,2.09835,1.75,1.75
2016.04.22 15:33:30.636,2.09773,2.09836,1.75,1.75
2016.04.22 15:33:31.152,2.09773,2.09835,1.75,1.75
2016.04.22 15:33:31.733,2.09773,2.09836,1.75,1.75
2016.04.22 15:33:32.036,2.09773,2.09837,1.75,1.00
2016.04.22 15:33:32.087,2.09779,2.09842,1.75,1.50
2016.04.22 15:33:32.138,2.09779,2.09842,1.75,1.50
2016.04.22 15:33:32.500,2.09782,2.09842,1.75,1.00
2016.04.22 15:33:32.603,2.09805,2.09859,1.37,1.12
2016.04.22 15:33:32.654,2.09794,2.09853,1.75,1.00
2016.04.22 15:33:32.755,2.09793,2.09853,1.75,1.00
2016.04.22 15:33:32.806,2.09793,2.09853,1.75,1.00
2016.04.22 15:33:32.857,2.09793,2.09853,1.75,1.00
2016.04.22 15:33:33.110,2.09794,2.09853,1.75,1.75
2016.04.22 15:33:33.161,2.09794,2.09853,1.75,1.75
2016.04.22 15:33:33.364,2.09792,2.09852,1.75,1.50
2016.04.22 15:33:33.611,2.09786,2.09849,1.75,1.12
2016.04.22 15:33:34.062,2.09786,2.09849,1.75,1.00
2016.04.22 15:33:34.315,2.09782,2.09843,2.25,1.12
2016.04.22 15:33:34.416,2.09782,2.09841,1.75,1.00
2016.04.22 15:33:34.467,2.09787,2.09841,1.00,1.00
2016.04.22 15:33:34.655,2.09781,2.0984,1.75,1.37
2016.04.22 15:33:34.706,2.09782,2.0984,1.75,1.75
2016.04.22 15:33:34.808,2.09776,2.0984,1.75,1.50
2016.04.22 15:33:34.859,2.09776,2.0984,1.75,1.50
2016.04.22 15:33:35.389,2.09776,2.0984,1.75,1.75
2016.04.22 15:33:35.490,2.09776,2.0984,1.75,1.75
2016.04.22 15:33:35.991,2.09776,2.0984,1.75,1.75
2016.04.22 15:33:36.968,2.09776,2.0984,1.75,1.75
2016.04.22 15:33:37.070,2.09771,2.09832,3.00,1.12
2016.04.22 15:33:37.121,2.09771,2.09828,1.75,1.00
2016.04.22 15:33:37.294,2.09762,2.09823,1.75,1.12
2016.04.22 15:33:37.395,2.09761,2.09823,1.75,1.87
2016.04.22 15:33:37.497,2.09761,2.09823,1.75,1.87
2016.04.22 15:33:37.770,2.09762,2.09823,1.75,1.50
2016.04.22 15:33:37.872,2.09762,2.09823,1.75,1.50
2016.04.22 15:33:37.973,2.09769,2.09823,1.00,1.12
2016.04.22 15:33:38.226,2.09762,2.09823,1.75,1.12
2016.04.22 15:33:38.497,2.09755,2.09819,1.75,1.75
2016.04.22 15:33:38.599,2.09755,2.09814,1.75,1.00
2016.04.22 15:33:38.700,2.09755,2.09814,1.12,1.50
2016.04.22 15:33:38.987,2.09755,2.09814,1.37,1.50
2016.04.22 15:33:39.088,2.09763,2.09814,1.00,1.00
2016.04.22 15:33:39.139,2.09763,2.09823,1.00,1.12
2016.04.22 15:33:39.474,2.09763,2.09825,1.37,1.50
2016.04.22 15:33:39.524,2.09763,2.09825,1.75,1.12
2016.04.22 15:33:40.076,2.09763,2.09825,1.37,1.37
2016.04.22 15:33:40.127,2.09763,2.09826,1.00,1.75
2016.04.22 15:33:40.178,2.09763,2.09825,1.37,1.00
2016.04.22 15:33:40.330,2.09763,2.09825,1.50,1.00
2016.04.22 15:33:40.381,2.09763,2.09825,1.50,1.00
2016.04.22 15:33:40.720,2.09763,2.09826,1.37,1.00
2016.04.22 15:33:40.949,2.09763,2.09825,1.75,1.00
2016.04.22 15:33:41.070,2.09763,2.09825,1.75,1.00
2016.04.22 15:33:41.171,2.09763,2.09824,1.75,1.00
2016.04.22 15:33:41.679,2.09763,2.09825,1.75,1.00
2016.04.22 15:33:42.204,2.09763,2.09824,1.75,1.00
2016.04.22 15:33:42.305,2.09763,2.09824,1.75,1.00
2016.04.22 15:33:42.509,2.09763,2.09827,1.50,1.00
2016.04.22 15:33:42.983,2.09763,2.09827,1.00,1.00
2016.04.22 15:33:43.186,2.09762,2.09822,1.00,1.00
2016.04.22 15:33:43.356,2.09763,2.09824,1.12,1.00
2016.04.22 15:33:43.407,2.09763,2.09824,1.37,1.00
2016.04.22 15:33:43.711,2.09774,2.09824,1.00,1.00
2016.04.22 15:33:43.812,2.09763,2.09825,1.75,1.00
2016.04.22 15:33:43.863,2.09763,2.09825,1.75,1.00
2016.04.22 15:33:43.914,2.09762,2.09821,1.75,1.00
2016.04.22 15:33:44.282,2.09764,2.09825,1.75,1.75
2016.04.22 15:33:44.513,2.09764,2.09824,1.75,1.00
2016.04.22 15:33:44.614,2.09764,2.09825,2.25,1.50
2016.04.22 15:33:44.784,2.0977,2.09825,1.00,1.37
2016.04.22 15:33:45.392,2.09764,2.09824,1.75,1.37
2016.04.22 15:33:45.443,2.09764,2.09824,1.75,1.75
2016.04.22 15:33:45.494,2.09761,2.09822,1.75,1.50
2016.04.22 15:33:45.657,2.09761,2.09822,1.75,1.75
2016.04.22 15:33:45.808,2.09761,2.09817,1.50,1.37
2016.04.22 15:33:47.297,2.09758,2.09817,1.00,1.75
2016.04.22 15:33:47.499,2.09755,2.09817,1.50,1.75
2016.04.22 15:33:48.183,2.09752,2.09811,1.75,1.75
2016.04.22 15:33:48.799,2.09753,2.09811,1.00,1.75
2016.04.22 15:33:48.951,2.09751,2.09811,1.37,1.75
2016.04.22 15:33:49.261,2.09751,2.09811,1.12,1.75
2016.04.22 15:33:49.800,2.09752,2.09811,1.00,1.75
2016.04.22 15:33:50.601,2.09752,2.09811,1.00,1.75
2016.04.22 15:33:50.975,2.09752,2.09811,1.00,1.75
2016.04.22 15:33:51.588,2.09751,2.09811,1.12,1.75
2016.04.22 15:33:51.639,2.09744,2.09803,1.87,1.75
2016.04.22 15:33:51.841,2.09737,2.09795,1.37,1.75
2016.04.22 15:33:51.942,2.09726,2.09788,1.75,1.37
2016.04.22 15:33:52.197,2.0973,2.09788,1.00,1.50
2016.04.22 15:33:52.349,2.09731,2.09792,1.75,1.75
2016.04.22 15:33:52.653,2.09731,2.09792,1.75,1.00
2016.04.22 15:33:52.808,2.09736,2.09798,1.75,2.25
2016.04.22 15:33:52.859,2.09736,2.09797,1.75,1.50
2016.04.22 15:33:53.239,2.09736,2.09798,1.75,1.87
2016.04.22 15:33:53.898,2.09736,2.09797,1.75,1.37
2016.04.22 15:33:54.410,2.09736,2.09797,1.75,1.12
2016.04.22 15:33:55.036,2.09742,2.09797,1.00,1.37
2016.04.22 15:33:56.101,2.09736,2.09797,1.75,1.75
2016.04.22 15:33:56.152,2.09736,2.09798,1.75,1.87
2016.04.22 15:33:56.608,2.09736,2.09798,1.75,2.25
2016.04.22 15:33:57.556,2.0974,2.09798,1.00,2.25
2016.04.22 15:33:57.657,2.09736,2.09797,1.50,1.75
2016.04.22 15:33:57.758,2.09736,2.09798,1.00,2.25
2016.04.22 15:33:57.860,2.09732,2.09793,1.50,1.75
2016.04.22 15:33:58.062,2.09731,2.09793,1.75,1.12
2016.04.22 15:33:58.320,2.09742,2.09793,1.00,1.12
2016.04.22 15:33:58.657,2.09742,2.09793,1.00,1.37
2016.04.22 15:33:59.036,2.09742,2.09787,1.00,1.00
2016.04.22 15:33:59.189,2.09731,2.09787,1.75,1.00
2016.04.22 15:33:59.341,2.09731,2.09787,1.50,1.37
2016.04.22 15:33:59.705,2.09732,2.09787,1.12,1.87
2016.04.22 15:33:59.756,2.09731,2.09787,1.50,1.87
2016.04.22 15:34:00.429,2.09725,2.09787,1.75,2.25
2016.04.22 15:34:00.838,2.09725,2.09783,1.75,1.00
2016.04.22 15:34:01.051,2.09728,2.09787,1.00,1.75
2016.04.22 15:34:01.203,2.09731,2.09787,1.00,2.25
2016.04.22 15:34:01.941,2.09722,2.09783,1.75,1.50
2016.04.22 15:34:02.101,2.09721,2.09781,1.37,1.75
2016.04.22 15:34:02.152,2.09721,2.09776,1.00,1.37
2016.04.22 15:34:02.204,2.09714,2.09776,1.75,1.75
2016.04.22 15:34:02.305,2.09721,2.09776,1.00,1.50
2016.04.22 15:34:02.406,2.09714,2.09776,1.75,1.37
2016.04.22 15:34:03.043,2.09716,2.09776,1.00,1.37
2016.04.22 15:34:03.368,2.09712,2.09769,1.75,1.50
2016.04.22 15:34:03.587,2.09713,2.0977,1.50,1.37
2016.04.22 15:34:03.689,2.09713,2.09775,1.75,1.12
2016.04.22 15:34:03.790,2.09717,2.09778,1.75,1.12
2016.04.22 15:34:04.093,2.09722,2.0978,1.00,1.75
2016.04.22 15:34:04.626,2.09711,2.09773,1.75,1.00
2016.04.22 15:34:04.677,2.09711,2.09773,1.75,1.12
2016.04.22 15:34:04.779,2.09711,2.09769,1.75,1.37
2016.04.22 15:34:04.880,2.09709,2.0977,1.75,1.75
2016.04.22 15:34:05.082,2.09705,2.09767,1.75,1.50
2016.04.22 15:34:05.428,2.09705,2.09767,1.50,1.75
2016.04.22 15:34:05.804,2.09705,2.09767,1.50,1.87
2016.04.22 15:34:05.905,2.09698,2.09757,1.75,1.00
2016.04.22 15:34:06.006,2.09698,2.09761,1.37,1.75
2016.04.22 15:34:06.435,2.09698,2.0976,1.75,1.75
2016.04.22 15:34:06.587,2.09698,2.0976,1.12,1.75
2016.04.22 15:34:06.898,2.09694,2.09756,1.75,1.75
2016.04.22 15:34:07.201,2.09694,2.09756,1.50,1.75
2016.04.22 15:34:07.634,2.09687,2.09752,1.75,3.00
2016.04.22 15:34:07.786,2.09687,2.09752,1.12,3.00
2016.04.22 15:34:07.888,2.09683,2.09745,1.75,1.75
2016.04.22 15:34:08.091,2.09683,2.09745,1.75,1.75
2016.04.22 15:34:08.601,2.09683,2.09745,1.50,1.75
2016.04.22 15:34:09.281,2.09683,2.09745,1.50,1.75
2016.04.22 15:34:09.897,2.09683,2.09745,1.75,1.75
2016.04.22 15:34:10.188,2.09683,2.09745,1.75,1.75
2016.04.22 15:34:10.405,2.09683,2.09745,1.75,1.75
2016.04.22 15:34:10.607,2.09683,2.09745,1.75,1.37
2016.04.22 15:34:11.209,2.09688,2.09745,1.00,1.37
2016.04.22 15:34:11.378,2.09683,2.09745,1.75,1.75
2016.04.22 15:34:11.430,2.09683,2.09745,1.75,1.75
2016.04.22 15:34:11.634,2.09683,2.09745,1.75,1.37
2016.04.22 15:34:11.786,2.0969,2.09751,1.75,1.50
2016.04.22 15:34:11.837,2.0969,2.09751,1.75,1.00
2016.04.22 15:34:12.089,2.09693,2.09755,1.75,1.00
2016.04.22 15:34:12.438,2.09693,2.09755,1.75,1.50
2016.04.22 15:34:12.489,2.09689,2.09751,1.75,1.00
2016.04.22 15:34:12.642,2.09689,2.09746,1.00,1.00
2016.04.22 15:34:12.693,2.09689,2.09739,1.00,1.00
2016.04.22 15:34:12.744,2.09676,2.09739,2.25,1.00
2016.04.22 15:34:12.896,2.09688,2.09748,1.00,1.75
2016.04.22 15:34:12.946,2.09692,2.09748,1.37,1.12
2016.04.22 15:34:13.048,2.09691,2.09752,1.75,1.00
2016.04.22 15:34:13.266,2.09693,2.09758,1.75,1.37
2016.04.22 15:34:13.419,2.09693,2.09758,1.75,1.50
2016.04.22 15:34:13.813,2.09693,2.09758,1.75,1.75
2016.04.22 15:34:14.356,2.09693,2.09758,1.75,1.75
2016.04.22 15:34:14.666,2.09688,2.09752,1.87,1.75
2016.04.22 15:34:15.121,2.09688,2.09752,1.37,2.25
2016.04.22 15:34:15.445,2.09702,2.09752,1.00,1.75
2016.04.22 15:34:15.546,2.09702,2.09752,1.00,1.75
2016.04.22 15:34:15.597,2.09693,2.09752,1.75,1.75
2016.04.22 15:34:15.718,2.09693,2.09752,1.75,1.75
2016.04.22 15:34:16.029,2.09693,2.09752,1.75,1.75
2016.04.22 15:34:16.448,2.09693,2.09753,1.75,1.37
2016.04.22 15:34:16.970,2.09693,2.09758,1.75,1.75
2016.04.22 15:34:17.122,2.09693,2.09758,1.75,1.75
2016.04.22 15:34:17.223,2.09693,2.09758,1.75,1.75
2016.04.22 15:34:17.923,2.09701,2.09758,1.12,1.75
2016.04.22 15:34:18.226,2.09701,2.09758,1.00,1.75
2016.04.22 15:34:18.660,2.09701,2.09758,1.37,1.75
2016.04.22 15:34:19.170,2.09702,2.09758,1.12,1.75
2016.04.22 15:34:19.677,2.09702,2.09758,1.00,1.75
2016.04.22 15:34:19.778,2.09702,2.09758,1.50,1.00
2016.04.22 15:34:19.930,2.09702,2.09758,1.37,1.37
2016.04.22 15:34:20.032,2.09693,2.09749,2.25,1.00
2016.04.22 15:34:20.436,2.09692,2.0975,1.75,1.00
2016.04.22 15:34:20.672,2.09696,2.09758,1.75,1.87
2016.04.22 15:34:20.874,2.09696,2.09758,1.75,1.50
2016.04.22 15:34:21.128,2.0969,2.09754,1.75,1.87
2016.04.22 15:34:21.179,2.0969,2.09754,1.75,1.87
2016.04.22 15:34:21.281,2.0969,2.09754,1.75,1.75
2016.04.22 15:34:21.332,2.09686,2.09748,1.75,1.75
2016.04.22 15:34:21.597,2.09686,2.09748,1.75,1.50
2016.04.22 15:34:21.910,2.09689,2.09754,1.75,2.25
2016.04.22 15:34:22.542,2.0969,2.09754,1.00,2.25
2016.04.22 15:34:22.644,2.09689,2.09754,1.50,2.25
2016.04.22 15:34:23.146,2.09689,2.09748,1.00,1.75
2016.04.22 15:34:23.940,2.09685,2.09747,1.75,2.25
2016.04.22 15:34:24.501,2.09685,2.09747,1.50,1.75
2016.04.22 15:34:25.092,2.09685,2.09747,1.75,1.75
2016.04.22 15:34:25.194,2.09685,2.09747,1.75,1.50
2016.04.22 15:34:25.487,2.09689,2.09747,1.75,1.37
2016.04.22 15:34:25.855,2.09682,2.09743,1.75,1.00
2016.04.22 15:34:25.906,2.09682,2.09747,1.75,1.75
2016.04.22 15:34:26.058,2.09682,2.09747,1.12,1.75
2016.04.22 15:34:26.998,2.09682,2.09746,1.12,1.75
2016.04.22 15:34:27.504,2.09682,2.09747,1.37,2.25
2016.04.22 15:34:27.606,2.09682,2.09747,1.75,2.25
2016.04.22 15:34:27.657,2.09682,2.09747,1.37,2.25
2016.04.22 15:34:27.809,2.09677,2.09741,1.75,1.75
2016.04.22 15:34:28.000,2.09672,2.09732,1.00,1.75
2016.04.22 15:34:28.255,2.09667,2.09723,1.50,1.50
2016.04.22 15:34:28.508,2.09667,2.09723,1.50,1.50
2016.04.22 15:34:28.559,2.09671,2.09724,1.00,1.37
2016.04.22 15:34:28.661,2.09671,2.0973,1.75,1.37
2016.04.22 15:34:28.712,2.09672,2.0973,1.75,1.37
2016.04.22 15:34:29.269,2.09672,2.0973,1.75,1.37
2016.04.22 15:34:30.301,2.09671,2.0973,1.37,1.37
2016.04.22 15:34:30.403,2.09671,2.09724,1.00,1.37
2016.04.22 15:34:30.454,2.09662,2.09724,1.75,1.37
2016.04.22 15:34:30.908,2.09662,2.09722,1.75,1.00
2016.04.22 15:34:31.284,2.09662,2.09722,1.75,1.00
2016.04.22 15:34:31.688,2.09662,2.09722,1.75,1.00
2016.04.22 15:34:31.891,2.09677,2.09736,1.00,1.75
2016.04.22 15:34:31.942,2.09677,2.09736,1.00,1.37
2016.04.22 15:34:32.286,2.09671,2.09736,2.25,1.75
2016.04.22 15:34:32.693,2.09672,2.09736,1.75,1.75
2016.04.22 15:34:32.795,2.09672,2.09736,1.75,1.75
2016.04.22 15:34:33.099,2.09671,2.09736,2.25,1.50
2016.04.22 15:34:33.336,2.09678,2.09736,1.00,1.75
2016.04.22 15:34:33.740,2.09671,2.09733,1.75,1.37
2016.04.22 15:34:33.842,2.09665,2.0973,1.75,1.12
2016.04.22 15:34:33.943,2.09665,2.0973,1.75,1.12
2016.04.22 15:34:34.537,2.09674,2.0973,1.00,1.12
2016.04.22 15:34:34.639,2.09672,2.0973,1.00,1.37
2016.04.22 15:34:35.144,2.09665,2.0973,1.75,1.37
2016.04.22 15:34:35.670,2.09672,2.0973,1.50,1.12
2016.04.22 15:34:36.233,2.09665,2.0973,1.75,1.00
2016.04.22 15:34:36.538,2.09672,2.09732,1.75,1.12
2016.04.22 15:34:36.640,2.09672,2.09732,1.75,1.00
2016.04.22 15:34:36.741,2.09672,2.09732,1.75,1.00
2016.04.22 15:34:36.843,2.09671,2.09731,1.75,1.12
2016.04.22 15:34:36.894,2.09671,2.09731,1.75,1.12
2016.04.22 15:34:36.945,2.09666,2.09731,1.37,1.37
2016.04.22 15:34:36.996,2.09663,2.09724,1.50,1.75
2016.04.22 15:34:37.049,2.09662,2.09724,1.37,1.75
2016.04.22 15:34:37.152,2.09667,2.09723,1.37,1.37
2016.04.22 15:34:37.203,2.09667,2.09724,1.75,1.00
2016.04.22 15:34:37.457,2.09667,2.0973,1.75,1.75
2016.04.22 15:34:37.559,2.09667,2.0973,1.50,1.75
2016.04.22 15:34:37.610,2.09667,2.0973,1.12,1.75
2016.04.22 15:34:37.661,2.09667,2.0973,1.37,1.75
2016.04.22 15:34:37.935,2.09667,2.0973,1.75,1.75
2016.04.22 15:34:38.036,2.09667,2.0973,1.75,1.50
2016.04.22 15:34:38.138,2.09673,2.09732,1.50,1.75
2016.04.22 15:34:38.239,2.09673,2.09733,1.50,1.50
2016.04.22 15:34:38.642,2.09673,2.09732,1.75,1.37
2016.04.22 15:34:38.946,2.09673,2.09732,1.00,1.75
2016.04.22 15:34:39.249,2.09674,2.09732,1.00,1.50
2016.04.22 15:34:39.350,2.09673,2.09733,1.37,1.75
2016.04.22 15:34:39.653,2.09673,2.09732,1.75,1.00
2016.04.22 15:34:39.817,2.09673,2.09733,1.50,1.50
2016.04.22 15:34:39.869,2.09673,2.09733,1.12,1.50
2016.04.22 15:34:40.122,2.09667,2.09731,1.75,1.75
2016.04.22 15:34:40.783,2.09669,2.09731,1.00,1.75
2016.04.22 15:34:41.270,2.09672,2.09731,1.00,1.75
2016.04.22 15:34:41.322,2.09667,2.09731,1.37,1.75
2016.04.22 15:34:41.373,2.09667,2.09731,1.37,1.75
2016.04.22 15:34:41.474,2.09667,2.09731,1.75,1.75
2016.04.22 15:34:41.989,2.09667,2.09731,1.37,1.75
2016.04.22 15:34:42.473,2.09667,2.09731,1.12,1.75
2016.04.22 15:34:42.575,2.09662,2.09725,2.25,1.75
2016.04.22 15:34:42.678,2.09662,2.09725,2.25,1.50
2016.04.22 15:34:42.880,2.09662,2.09725,3.00,1.00
2016.04.22 15:34:43.427,2.09662,2.09725,3.00,1.00
2016.04.22 15:34:44.227,2.09672,2.09725,1.00,1.00
2016.04.22 15:34:44.698,2.09672,2.09732,1.12,1.87
2016.04.22 15:34:44.874,2.09672,2.09732,1.50,2.62
2016.04.22 15:34:45.420,2.09672,2.09732,1.75,2.62
2016.04.22 15:34:45.724,2.09671,2.09732,1.75,2.25
2016.04.22 15:34:46.337,2.09672,2.09732,1.75,1.50
2016.04.22 15:34:46.856,2.09667,2.09732,1.75,1.50
2016.04.22 15:34:47.290,2.09667,2.09732,1.75,1.37
2016.04.22 15:34:47.593,2.09669,2.09732,1.75,1.00
2016.04.22 15:34:47.644,2.09673,2.09738,1.75,1.75
2016.04.22 15:34:47.696,2.09673,2.09738,1.75,1.50
2016.04.22 15:34:47.797,2.09673,2.09738,1.75,1.50
2016.04.22 15:34:48.308,2.09673,2.09738,1.75,1.37
2016.04.22 15:34:48.710,2.09673,2.09738,1.75,1.37
2016.04.22 15:34:48.913,2.09673,2.09738,1.75,1.12
2016.04.22 15:34:49.014,2.09673,2.09738,1.75,1.50
2016.04.22 15:34:49.317,2.09673,2.09738,1.75,1.75
2016.04.22 15:34:49.520,2.09673,2.09738,1.75,1.75
2016.04.22 15:34:49.891,2.09673,2.09738,1.75,1.75
2016.04.22 15:34:50.413,2.09673,2.09738,1.75,1.50
2016.04.22 15:34:50.815,2.09673,2.09738,1.75,1.50
2016.04.22 15:34:51.189,2.09677,2.09738,1.75,1.12
2016.04.22 15:34:51.291,2.09679,2.0974,1.75,1.00
2016.04.22 15:34:51.695,2.09679,2.09744,1.75,1.75
2016.04.22 15:34:52.277,2.09679,2.09744,1.75,1.75
2016.04.22 15:34:52.490,2.09679,2.09744,1.75,1.75
2016.04.22 15:34:52.591,2.09679,2.09744,1.75,1.50
2016.04.22 15:34:53.099,2.09687,2.09744,1.00,1.37
2016.04.22 15:34:53.799,2.09682,2.09744,1.75,1.75
2016.04.22 15:34:54.002,2.09679,2.09744,1.75,1.75
2016.04.22 15:34:54.573,2.09679,2.09744,1.75,1.75
2016.04.22 15:34:55.035,2.09679,2.09744,1.50,1.75
2016.04.22 15:34:55.526,2.09679,2.09744,1.50,1.75
2016.04.22 15:34:55.902,2.09679,2.09744,1.75,1.37
2016.04.22 15:34:56.104,2.09679,2.09744,1.75,1.37
2016.04.22 15:34:56.629,2.09679,2.09744,1.75,1.75
2016.04.22 15:34:56.730,2.09682,2.09747,1.75,1.50
2016.04.22 15:34:56.781,2.09682,2.09747,1.75,1.12
2016.04.22 15:34:57.034,2.09682,2.09747,1.75,1.75
2016.04.22 15:34:57.337,2.09682,2.09747,2.25,1.75
2016.04.22 15:34:57.645,2.09682,2.09743,2.25,1.00
2016.04.22 15:34:58.186,2.09682,2.09746,2.25,1.00
2016.04.22 15:34:58.489,2.09682,2.09747,2.25,1.00
2016.04.22 15:34:58.894,2.09683,2.09747,1.75,1.37
2016.04.22 15:34:59.400,2.09692,2.09749,1.37,1.50
2016.04.22 15:34:59.703,2.09692,2.09749,1.37,1.00
2016.04.22 15:35:00.128,2.09688,2.09739,1.37,1.00
2016.04.22 15:35:00.280,2.09674,2.09734,1.12,1.00
2016.04.22 15:35:00.331,2.09676,2.09729,1.00,1.00
2016.04.22 15:35:00.635,2.09667,2.09729,1.75,1.00
2016.04.22 15:35:00.787,2.09672,2.09729,1.75,1.00
2016.04.22 15:35:00.939,2.09672,2.09729,1.37,1.50
2016.04.22 15:35:01.058,2.09666,2.09729,1.75,1.50
2016.04.22 15:35:01.160,2.09666,2.09729,1.75,1.75
2016.04.22 15:35:01.312,2.09666,2.09729,1.75,1.75
2016.04.22 15:35:01.515,2.09666,2.09729,2.25,1.75
2016.04.22 15:35:01.566,2.09666,2.09729,2.25,1.75
2016.04.22 15:35:01.718,2.09666,2.09729,2.25,1.75
2016.04.22 15:35:01.769,2.09666,2.09729,2.25,1.75
2016.04.22 15:35:01.819,2.09666,2.09729,2.25,1.75
2016.04.22 15:35:02.422,2.09666,2.09729,1.75,1.75
2016.04.22 15:35:02.524,2.09665,2.09723,1.75,1.12
2016.04.22 15:35:02.727,2.0966,2.09723,1.75,1.75
2016.04.22 15:35:03.133,2.0966,2.09723,1.75,1.50
2016.04.22 15:35:03.618,2.0966,2.09723,1.75,1.87
2016.04.22 15:35:03.720,2.0966,2.09723,1.75,2.25
2016.04.22 15:35:04.253,2.0966,2.09723,1.75,2.25
2016.04.22 15:35:04.951,2.0966,2.09723,1.75,2.25
2016.04.22 15:35:05.153,2.0966,2.09723,1.12,1.75
2016.04.22 15:35:05.615,2.09655,2.09717,1.75,1.50
2016.04.22 15:35:05.717,2.09658,2.09715,1.00,1.00
2016.04.22 15:35:05.819,2.09655,2.09717,1.75,1.50
2016.04.22 15:35:05.920,2.09652,2.09713,1.75,1.00
2016.04.22 15:35:06.092,2.09653,2.09713,1.75,1.37
2016.04.22 15:35:06.144,2.09648,2.09713,1.87,1.75
2016.04.22 15:35:06.447,2.09648,2.09713,1.87,1.75
2016.04.22 15:35:06.548,2.09648,2.09713,1.87,1.75
2016.04.22 15:35:07.070,2.09648,2.09713,1.87,1.75
2016.04.22 15:35:07.621,2.09648,2.09713,1.87,1.75
2016.04.22 15:35:07.824,2.09645,2.09706,1.75,1.75
2016.04.22 15:35:09.228,2.09644,2.09706,1.75,1.87
2016.04.22 15:35:09.730,2.09644,2.09706,1.75,1.50
2016.04.22 15:35:10.080,2.09644,2.09706,1.75,1.87
2016.04.22 15:35:10.131,2.09644,2.09706,1.75,1.87
2016.04.22 15:35:10.652,2.09644,2.09706,1.75,2.25
2016.04.22 15:35:10.703,2.09644,2.09706,1.75,1.75
2016.04.22 15:35:10.754,2.09644,2.09706,1.75,1.75
2016.04.22 15:35:11.331,2.09644,2.09706,1.75,1.75
2016.04.22 15:35:11.656,2.09644,2.09706,1.12,1.75
2016.04.22 15:35:11.707,2.09644,2.09706,1.75,2.25
2016.04.22 15:35:11.859,2.09644,2.09706,1.75,2.25
2016.04.22 15:35:12.062,2.09644,2.09703,1.75,1.00
2016.04.22 15:35:12.635,2.09644,2.09706,1.75,2.25
2016.04.22 15:35:12.852,2.09651,2.09707,1.75,1.37
2016.04.22 15:35:12.910,2.09651,2.09707,1.75,1.00
2016.04.22 15:35:13.439,2.09653,2.09707,1.00,1.00
2016.04.22 15:35:13.540,2.09645,2.09709,1.75,1.12
2016.04.22 15:35:13.743,2.09652,2.09708,1.50,1.37
2016.04.22 15:35:14.048,2.09652,2.09709,1.37,2.25
2016.04.22 15:35:15.047,2.09652,2.09708,1.50,1.50
2016.04.22 15:35:15.365,2.0965,2.09708,1.75,1.00
2016.04.22 15:35:15.467,2.0965,2.09708,1.75,1.00
2016.04.22 15:35:15.681,2.0965,2.09708,1.75,1.37
2016.04.22 15:35:15.782,2.09653,2.09708,1.00,1.37
2016.04.22 15:35:15.833,2.0965,2.09709,1.75,1.37
2016.04.22 15:35:16.334,2.09651,2.09715,1.75,1.75
2016.04.22 15:35:16.385,2.09651,2.09715,1.75,1.75
2016.04.22 15:35:16.537,2.09651,2.09715,1.37,1.75
2016.04.22 15:35:16.840,2.09651,2.09715,1.75,1.75
2016.04.22 15:35:17.452,2.09651,2.09715,2.25,1.75
2016.04.22 15:35:17.589,2.09651,2.09715,1.75,1.75
2016.04.22 15:35:17.690,2.09651,2.09715,1.75,1.50
2016.04.22 15:35:17.741,2.09651,2.09715,1.75,1.75
2016.04.22 15:35:17.956,2.09651,2.09715,1.75,1.75
2016.04.22 15:35:18.158,2.09651,2.09715,1.75,1.75
2016.04.22 15:35:18.260,2.09651,2.09715,1.75,1.75
2016.04.22 15:35:18.791,2.09652,2.09715,1.50,1.75
2016.04.22 15:35:18.892,2.09652,2.09715,1.75,1.75
2016.04.22 15:35:19.095,2.09651,2.09715,1.75,1.75
2016.04.22 15:35:19.197,2.09651,2.09715,1.75,1.75
2016.04.22 15:35:19.298,2.09651,2.0971,1.75,1.37
2016.04.22 15:35:19.637,2.09652,2.0971,1.00,1.75
2016.04.22 15:35:19.790,2.09647,2.0971,1.37,1.75
2016.04.22 15:35:19.993,2.09647,2.0971,1.50,1.75
2016.04.22 15:35:20.095,2.09645,2.09703,1.75,1.37
2016.04.22 15:35:20.197,2.09645,2.09703,1.00,1.75
2016.04.22 15:35:20.299,2.09642,2.09703,1.75,1.75
2016.04.22 15:35:20.471,2.09645,2.09708,1.75,1.75
2016.04.22 15:35:20.688,2.09645,2.09708,1.50,1.75
2016.04.22 15:35:21.390,2.09645,2.09707,1.50,1.75
2016.04.22 15:35:21.592,2.09645,2.09707,1.50,1.75
2016.04.22 15:35:21.791,2.09645,2.09706,1.75,1.00
2016.04.22 15:35:23.378,2.09645,2.09708,1.75,1.50
2016.04.22 15:35:23.896,2.09645,2.09707,1.75,1.00
2016.04.22 15:35:24.423,2.09645,2.09708,1.75,1.37
2016.04.22 15:35:25.184,2.09645,2.09708,1.75,1.12
2016.04.22 15:35:26.132,2.09649,2.09708,1.37,1.00
2016.04.22 15:35:26.234,2.09649,2.09708,1.75,1.37
2016.04.22 15:35:26.739,2.09649,2.09712,1.75,1.75
2016.04.22 15:35:27.365,2.09649,2.09712,1.75,1.75
2016.04.22 15:35:27.521,2.09649,2.09712,1.75,1.75
2016.04.22 15:35:27.896,2.09652,2.09712,1.12,1.75
2016.04.22 15:35:28.202,2.09652,2.09712,1.12,1.75
2016.04.22 15:35:28.609,2.09652,2.09712,1.37,1.75
2016.04.22 15:35:28.912,2.09652,2.09712,1.50,1.75
2016.04.22 15:35:29.468,2.09655,2.09717,1.00,2.25
2016.04.22 15:35:29.570,2.09661,2.0972,1.37,1.12
2016.04.22 15:35:29.722,2.09661,2.09724,1.37,1.75
2016.04.22 15:35:29.824,2.09667,2.09725,1.00,1.75
2016.04.22 15:35:30.431,2.09667,2.09725,1.37,1.75
2016.04.22 15:35:30.482,2.09667,2.09726,1.50,1.75
2016.04.22 15:35:30.647,2.09662,2.09724,1.75,1.50
2016.04.22 15:35:30.751,2.09655,2.09718,2.25,1.37
2016.04.22 15:35:30.904,2.09655,2.09712,1.50,1.00
2016.04.22 15:35:31.056,2.09655,2.09717,1.50,1.75
2016.04.22 15:35:31.107,2.09655,2.09717,1.75,1.75
2016.04.22 15:35:31.158,2.09655,2.09717,1.75,1.75
2016.04.22 15:35:31.259,2.09655,2.09718,1.75,1.87
2016.04.22 15:35:31.513,2.09655,2.09717,1.50,1.75
2016.04.22 15:35:31.818,2.09655,2.09718,1.50,2.25
2016.04.22 15:35:32.121,2.09655,2.09718,1.75,2.25
2016.04.22 15:35:32.638,2.09655,2.09718,1.50,2.25
2016.04.22 15:35:33.151,2.09655,2.09718,1.37,2.25
2016.04.22 15:35:33.670,2.09655,2.09718,1.75,2.25
2016.04.22 15:35:34.064,2.09655,2.09717,1.75,1.75
2016.04.22 15:35:34.475,2.09655,2.09717,1.75,1.75
2016.04.22 15:35:34.829,2.09655,2.09717,1.75,1.75
2016.04.22 15:35:35.858,2.09654,2.09716,1.75,1.12
2016.04.22 15:35:35.959,2.09661,2.09716,1.37,1.37
2016.04.22 15:35:36.382,2.09662,2.09717,1.12,1.12
2016.04.22 15:35:36.483,2.09662,2.09718,1.37,1.00
2016.04.22 15:35:36.786,2.09662,2.09717,1.75,1.00
2016.04.22 15:35:37.039,2.09662,2.09722,1.75,1.75
2016.04.22 15:35:37.566,2.09662,2.09722,1.00,1.75
2016.04.22 15:35:38.072,2.09662,2.09717,1.12,1.00
2016.04.22 15:35:38.377,2.09659,2.09722,1.75,1.75
2016.04.22 15:35:38.711,2.09652,2.0971,1.00,1.87
2016.04.22 15:35:38.762,2.09642,2.09704,1.50,1.75
2016.04.22 15:35:38.864,2.09642,2.097,2.25,1.00
2016.04.22 15:35:39.319,2.09646,2.09704,1.75,1.50
2016.04.22 15:35:39.370,2.09646,2.09704,1.75,1.12
2016.04.22 15:35:40.059,2.09646,2.09704,1.75,1.37
2016.04.22 15:35:40.262,2.09646,2.09704,1.00,1.75
2016.04.22 15:35:40.363,2.09646,2.09705,1.37,1.75
2016.04.22 15:35:40.667,2.09646,2.09705,1.00,1.75
2016.04.22 15:35:41.249,2.09642,2.09705,1.50,2.25
2016.04.22 15:35:41.300,2.09642,2.09704,1.00,1.75
2016.04.22 15:35:41.531,2.09642,2.09703,1.00,1.75
2016.04.22 15:35:42.157,2.09642,2.09694,1.37,1.00
2016.04.22 15:35:42.360,2.09642,2.09704,1.75,1.37
2016.04.22 15:35:42.608,2.09642,2.09704,1.75,1.37
2016.04.22 15:35:42.659,2.09642,2.09704,1.50,1.75
2016.04.22 15:35:43.075,2.09642,2.09704,1.37,1.75
2016.04.22 15:35:43.176,2.09636,2.09698,1.37,1.37
2016.04.22 15:35:43.227,2.09636,2.09692,1.00,1.75
2016.04.22 15:35:43.278,2.09636,2.09692,1.37,1.50
2016.04.22 15:35:43.599,2.09643,2.097,1.37,1.00
2016.04.22 15:35:44.004,2.09638,2.09696,1.37,1.37
2016.04.22 15:35:44.056,2.09632,2.09693,1.75,1.37
2016.04.22 15:35:44.106,2.09632,2.09693,2.25,1.37
2016.04.22 15:35:44.309,2.09633,2.09692,1.00,1.75
2016.04.22 15:35:44.512,2.09632,2.09693,1.00,1.75
2016.04.22 15:35:45.030,2.09632,2.09692,1.00,1.75
2016.04.22 15:35:46.132,2.09639,2.09692,1.00,1.75
2016.04.22 15:35:46.450,2.09683,2.09743,1.75,1.37
2016.04.22 15:35:46.551,2.09678,2.0974,1.75,1.00
2016.04.22 15:35:46.603,2.09685,2.0974,1.00,1.37
2016.04.22 15:35:46.907,2.09677,2.09735,1.75,1.00
2016.04.22 15:35:47.783,2.09676,2.09735,1.75,1.00
2016.04.22 15:35:48.136,2.09676,2.09735,1.75,1.00
2016.04.22 15:35:48.892,2.09676,2.09735,1.75,1.00
2016.04.22 15:35:49.196,2.09676,2.09735,1.75,1.00
2016.04.22 15:35:49.730,2.09676,2.09735,1.75,1.00
2016.04.22 15:35:50.001,2.09676,2.09735,1.75,1.00
2016.04.22 15:35:50.204,2.09671,2.09735,1.87,1.00
2016.04.22 15:35:50.407,2.09671,2.09735,1.75,1.00
2016.04.22 15:35:50.508,2.09671,2.09735,1.75,1.12
2016.04.22 15:35:50.913,2.09679,2.09735,1.00,1.37
2016.04.22 15:35:51.257,2.09671,2.09735,1.75,1.00
2016.04.22 15:35:51.612,2.09682,2.09735,1.00,1.00
2016.04.22 15:35:52.118,2.09677,2.09738,1.75,1.00
2016.04.22 15:35:52.389,2.0968,2.09742,1.75,1.00
2016.04.22 15:35:52.542,2.0968,2.09742,1.75,1.00
2016.04.22 15:35:52.745,2.09677,2.09737,1.37,1.00
2016.04.22 15:35:52.897,2.0968,2.09742,1.12,1.75
2016.04.22 15:35:53.150,2.09681,2.09742,1.75,1.12
2016.04.22 15:35:53.201,2.09681,2.09742,1.75,1.00
2016.04.22 15:35:53.252,2.09684,2.09746,1.50,1.12
2016.04.22 15:35:53.793,2.09684,2.09746,1.75,1.12
2016.04.22 15:35:54.256,2.09684,2.09746,1.75,1.75
2016.04.22 15:35:54.358,2.09684,2.09746,1.75,1.75
2016.04.22 15:35:54.460,2.09686,2.09744,1.00,1.00
2016.04.22 15:35:54.561,2.09684,2.09746,1.75,1.50
2016.04.22 15:35:54.914,2.09684,2.09747,1.75,1.75
2016.04.22 15:35:55.761,2.09684,2.09746,1.37,1.75
2016.04.22 15:35:56.096,2.09675,2.09737,1.75,2.25
2016.04.22 15:35:56.147,2.09675,2.09734,1.75,1.00
2016.04.22 15:35:56.249,2.09695,2.09738,1.00,1.37
2016.04.22 15:35:56.299,2.09695,2.09745,1.00,1.87
2016.04.22 15:35:56.350,2.09695,2.09745,1.37,1.75
2016.04.22 15:35:56.402,2.09702,2.09756,1.75,1.00
2016.04.22 15:35:56.453,2.09702,2.09756,2.25,1.00
2016.04.22 15:35:56.554,2.09709,2.0976,1.75,1.00
2016.04.22 15:35:56.656,2.09709,2.09769,1.75,1.12
2016.04.22 15:35:56.757,2.09712,2.09769,1.75,1.00
2016.04.22 15:35:57.093,2.09723,2.09785,1.75,2.25
2016.04.22 15:35:57.144,2.09723,2.09785,1.75,2.25
2016.04.22 15:35:57.368,2.09723,2.09784,1.75,1.12
2016.04.22 15:35:57.671,2.09723,2.09785,1.75,1.87
2016.04.22 15:35:57.722,2.09723,2.09784,1.37,1.75
2016.04.22 15:35:58.087,2.09723,2.09785,1.37,2.25
2016.04.22 15:35:58.340,2.09723,2.09785,1.37,2.25
2016.04.22 15:35:58.645,2.09723,2.09785,1.75,1.50
2016.04.22 15:35:58.949,2.09729,2.09785,1.75,1.00
2016.04.22 15:35:59.123,2.09732,2.09784,1.75,1.00
2016.04.22 15:35:59.276,2.09732,2.09784,1.50,1.00
2016.04.22 15:35:59.479,2.09729,2.09785,1.50,1.00
2016.04.22 15:35:59.999,2.09729,2.09784,1.37,1.00
2016.04.22 15:36:00.214,2.09729,2.09784,1.75,1.00
2016.04.22 15:36:00.467,2.09729,2.09784,1.50,1.37
2016.04.22 15:36:00.770,2.09731,2.09785,1.75,1.00
2016.04.22 15:36:01.073,2.09732,2.09784,1.75,1.00
2016.04.22 15:36:01.246,2.09732,2.09791,1.75,1.50
2016.04.22 15:36:01.878,2.09732,2.09791,1.75,1.50
2016.04.22 15:36:02.081,2.09729,2.0979,1.75,1.12
2016.04.22 15:36:02.182,2.09731,2.0979,1.12,1.12
2016.04.22 15:36:02.941,2.09732,2.0979,1.00,1.12
2016.04.22 15:36:03.449,2.09732,2.0979,1.00,1.12
2016.04.22 15:36:03.984,2.09732,2.09787,1.00,1.75
2016.04.22 15:36:04.035,2.09725,2.09787,1.37,1.75
2016.04.22 15:36:04.187,2.09725,2.09787,1.75,1.37
2016.04.22 15:36:04.986,2.09725,2.09787,1.75,1.12
2016.04.22 15:36:05.304,2.09735,2.0979,1.00,1.12
2016.04.22 15:36:05.607,2.0974,2.09802,1.75,2.25
2016.04.22 15:36:05.809,2.09742,2.09802,1.00,2.25
2016.04.22 15:36:06.012,2.09733,2.09795,1.75,1.00
2016.04.22 15:36:06.063,2.09731,2.0979,1.75,1.00
2016.04.22 15:36:06.214,2.09725,2.09784,1.75,1.00
2016.04.22 15:36:06.393,2.09722,2.09784,1.37,1.87
2016.04.22 15:36:06.494,2.09722,2.09784,1.00,1.87
2016.04.22 15:36:06.696,2.09722,2.09783,1.75,1.00
2016.04.22 15:36:06.798,2.09726,2.09783,1.00,1.00
2016.04.22 15:36:07.000,2.09722,2.09784,1.00,1.50
2016.04.22 15:36:07.345,2.09729,2.09784,1.00,1.00
2016.04.22 15:36:07.396,2.09734,2.09792,1.37,1.50
2016.04.22 15:36:07.547,2.09742,2.09791,1.37,1.00
2016.04.22 15:36:07.598,2.09745,2.09806,1.75,1.37
2016.04.22 15:36:07.649,2.09751,2.09806,1.50,1.00
2016.04.22 15:36:07.700,2.09751,2.09807,1.75,1.00
2016.04.22 15:36:08.105,2.09752,2.09807,1.12,1.12
2016.04.22 15:36:08.207,2.09752,2.09807,1.00,1.75
2016.04.22 15:36:08.308,2.09745,2.09804,1.75,1.00
2016.04.22 15:36:08.409,2.09745,2.09807,1.75,1.50
2016.04.22 15:36:08.511,2.09745,2.09807,1.75,1.50
2016.04.22 15:36:08.733,2.09745,2.09807,1.75,1.00
2016.04.22 15:36:08.834,2.09745,2.09807,1.75,1.37
2016.04.22 15:36:08.936,2.09749,2.09807,1.00,1.50
2016.04.22 15:36:09.432,2.09745,2.09807,1.75,1.75
2016.04.22 15:36:09.825,2.09745,2.09807,1.75,1.37
2016.04.22 15:36:10.028,2.09745,2.09807,1.75,1.37
2016.04.22 15:36:10.230,2.09745,2.09807,1.50,1.75
2016.04.22 15:36:10.434,2.09745,2.09807,1.50,1.75
2016.04.22 15:36:10.962,2.09751,2.09807,1.00,1.50
2016.04.22 15:36:11.174,2.09751,2.09807,1.37,1.12
2016.04.22 15:36:11.427,2.09745,2.09806,1.37,1.50
2016.04.22 15:36:11.528,2.09745,2.09806,1.75,1.12
2016.04.22 15:36:11.731,2.09745,2.09807,1.75,1.50
2016.04.22 15:36:11.832,2.09748,2.09806,1.00,1.37
2016.04.22 15:36:11.933,2.09745,2.09807,1.75,1.50
2016.04.22 15:36:12.259,2.09751,2.09807,1.50,1.00
2016.04.22 15:36:12.565,2.09751,2.09807,1.75,1.00
2016.04.22 15:36:13.068,2.09751,2.09807,1.75,1.00
2016.04.22 15:36:13.220,2.09751,2.09807,1.50,1.00
2016.04.22 15:36:13.492,2.09751,2.09806,1.75,1.00
2016.04.22 15:36:13.745,2.09751,2.09806,1.75,1.00
2016.04.22 15:36:14.062,2.09751,2.09806,1.75,1.00
2016.04.22 15:36:14.347,2.09757,2.09814,1.37,1.37
2016.04.22 15:36:14.449,2.09757,2.09817,1.75,1.00
2016.04.22 15:36:14.550,2.09757,2.09816,1.75,1.00
2016.04.22 15:36:14.747,2.09763,2.09816,1.00,1.00
2016.04.22 15:36:15.121,2.09763,2.09816,1.75,1.00
2016.04.22 15:36:15.624,2.09763,2.09824,1.75,1.12
2016.04.22 15:36:15.675,2.09763,2.09825,1.75,2.25
2016.04.22 15:36:15.777,2.09763,2.09825,1.50,1.75
2016.04.22 15:36:16.324,2.09763,2.09825,1.12,1.75
2016.04.22 15:36:16.577,2.09763,2.09825,1.37,1.75
2016.04.22 15:36:16.779,2.09763,2.09825,1.50,1.75
2016.04.22 15:36:17.778,2.09763,2.09821,1.75,1.00
2016.04.22 15:36:18.321,2.09763,2.09825,1.75,1.75
2016.04.22 15:36:19.031,2.09767,2.09825,1.50,1.75
2016.04.22 15:36:19.364,2.09767,2.09826,1.50,1.50
2016.04.22 15:36:20.377,2.09767,2.09826,1.50,1.50
2016.04.22 15:36:20.529,2.09767,2.09825,1.75,1.12
2016.04.22 15:36:20.580,2.09767,2.09825,1.75,1.37
2016.04.22 15:36:20.883,2.09781,2.09841,1.37,1.75
2016.04.22 15:36:20.934,2.09787,2.09845,1.00,1.75
2016.04.22 15:36:20.985,2.09787,2.09851,1.37,2.25
2016.04.22 15:36:21.319,2.09791,2.09851,1.75,1.00
2016.04.22 15:36:21.572,2.09793,2.09852,1.75,1.00
2016.04.22 15:36:22.078,2.09793,2.09851,1.75,1.00
2016.04.22 15:36:22.991,2.09793,2.09851,1.75,1.00
2016.04.22 15:36:23.194,2.09793,2.09852,1.75,1.00
2016.04.22 15:36:23.295,2.09793,2.09852,1.75,1.00
2016.04.22 15:36:23.837,2.09793,2.09851,1.75,1.00
2016.04.22 15:36:24.009,2.09793,2.09851,1.75,1.00
2016.04.22 15:36:24.877,2.09793,2.09851,1.75,1.00
2016.04.22 15:36:24.979,2.09793,2.09851,1.75,1.00
2016.04.22 15:36:25.550,2.09793,2.09852,1.37,1.37
2016.04.22 15:36:25.602,2.09793,2.09852,1.75,1.00
2016.04.22 15:36:25.703,2.09793,2.09851,1.75,1.00
2016.04.22 15:36:26.208,2.09793,2.09852,1.75,1.00
2016.04.22 15:36:26.714,2.09794,2.09851,1.75,1.00
2016.04.22 15:36:26.863,2.09794,2.09857,1.75,1.37
2016.04.22 15:36:27.116,2.09794,2.09858,1.75,1.37
2016.04.22 15:36:27.652,2.09795,2.09858,1.75,1.12
2016.04.22 15:36:28.405,2.09795,2.09858,1.75,1.00
2016.04.22 15:36:28.955,2.09795,2.09858,1.75,1.00
2016.04.22 15:36:29.395,2.09795,2.09858,1.75,1.12
2016.04.22 15:36:29.808,2.09794,2.09858,1.75,1.00
2016.04.22 15:36:30.307,2.09803,2.09858,1.00,1.37
2016.04.22 15:36:30.641,2.09794,2.09858,1.75,1.50
2016.04.22 15:36:30.692,2.09794,2.09852,1.50,1.37
2016.04.22 15:36:31.698,2.09794,2.09852,1.50,1.00
2016.04.22 15:36:31.901,2.09793,2.09852,1.75,1.12
2016.04.22 15:36:32.466,2.09793,2.09851,1.75,1.00
2016.04.22 15:36:32.969,2.09793,2.09852,1.75,1.00
2016.04.22 15:36:33.736,2.09793,2.09852,1.75,1.37
2016.04.22 15:36:33.837,2.09793,2.09852,1.75,1.12
2016.04.22 15:36:34.339,2.09793,2.09851,1.75,1.00
2016.04.22 15:36:35.513,2.09793,2.09851,1.75,1.00
2016.04.22 15:36:35.817,2.09799,2.09852,1.50,1.00
2016.04.22 15:36:35.918,2.09799,2.09861,1.50,2.25
2016.04.22 15:36:36.120,2.09799,2.09861,1.50,2.25
2016.04.22 15:36:36.708,2.09802,2.09861,1.37,2.25
2016.04.22 15:36:37.023,2.09799,2.0986,1.75,1.75
2016.04.22 15:36:37.327,2.09799,2.09861,1.75,2.25
2016.04.22 15:36:37.855,2.09799,2.09861,1.75,2.25
2016.04.22 15:36:38.386,2.09799,2.09861,1.50,2.25
2016.04.22 15:36:38.645,2.09799,2.0986,1.50,1.75
2016.04.22 15:36:38.746,2.09799,2.09861,1.37,2.25
2016.04.22 15:36:39.820,2.09786,2.0985,2.25,1.37
2016.04.22 15:36:39.871,2.09786,2.0985,1.75,1.75
2016.04.22 15:36:39.922,2.09785,2.09837,1.12,1.00
2016.04.22 15:36:39.973,2.09785,2.09837,1.37,1.12
2016.04.22 15:36:40.074,2.09775,2.09837,1.75,1.37
2016.04.22 15:36:40.125,2.09775,2.09838,1.75,1.75
2016.04.22 15:36:40.176,2.09775,2.09838,1.75,1.75
2016.04.22 15:36:40.391,2.09775,2.09838,1.75,1.75
2016.04.22 15:36:40.846,2.09775,2.09837,1.75,1.75
2016.04.22 15:36:40.897,2.09782,2.09837,1.00,1.75
2016.04.22 15:36:41.202,2.09782,2.09837,1.37,1.37
2016.04.22 15:36:41.551,2.09782,2.09838,1.00,1.75
2016.04.22 15:36:41.855,2.09782,2.09838,1.00,1.75
2016.04.22 15:36:42.057,2.09782,2.09838,1.37,1.12
2016.04.22 15:36:42.482,2.09782,2.09838,1.75,1.00
2016.04.22 15:36:42.991,2.09782,2.09837,1.75,1.00
2016.04.22 15:36:43.871,2.09782,2.09838,1.75,1.00
2016.04.22 15:36:44.251,2.09786,2.09838,1.00,1.00
2016.04.22 15:36:45.022,2.09787,2.09838,1.00,1.00
2016.04.22 15:36:45.334,2.09775,2.09837,2.25,1.50
2016.04.22 15:36:45.385,2.09776,2.09837,1.00,1.75
2016.04.22 15:36:45.487,2.09769,2.09828,1.12,2.25
2016.04.22 15:36:45.538,2.09759,2.09822,1.75,1.00
2016.04.22 15:36:45.589,2.09759,2.09822,1.75,1.87
2016.04.22 15:36:45.792,2.09758,2.09817,1.37,1.75
2016.04.22 15:36:46.223,2.09758,2.09817,1.75,1.12
2016.04.22 15:36:46.274,2.09758,2.09817,1.75,1.12
2016.04.22 15:36:46.812,2.09758,2.09817,1.75,1.12
2016.04.22 15:36:46.863,2.09753,2.09815,1.75,1.00
2016.04.22 15:36:47.391,2.09753,2.09815,1.75,1.50
2016.04.22 15:36:47.694,2.09753,2.09815,1.75,1.12
2016.04.22 15:36:47.998,2.09753,2.09815,1.75,1.00
2016.04.22 15:36:48.315,2.09757,2.09817,1.75,1.00
2016.04.22 15:36:48.631,2.09757,2.09817,1.75,1.00
2016.04.22 15:36:49.165,2.09764,2.09823,1.75,1.37
2016.04.22 15:36:49.471,2.09779,2.09843,1.75,2.25
2016.04.22 15:36:49.522,2.09779,2.09843,1.75,1.50
2016.04.22 15:36:49.573,2.09779,2.09842,1.75,1.12
2016.04.22 15:36:49.775,2.09779,2.09843,1.75,2.25
2016.04.22 15:36:49.993,2.09779,2.09843,1.75,1.87
2016.04.22 15:36:50.498,2.09779,2.09843,1.75,1.87
2016.04.22 15:36:50.600,2.09779,2.09842,1.75,1.75
2016.04.22 15:36:50.701,2.09779,2.09839,1.75,1.00
2016.04.22 15:36:50.803,2.09789,2.09842,1.00,1.00
2016.04.22 15:36:50.905,2.09779,2.09843,1.75,2.25
2016.04.22 15:36:51.088,2.09779,2.09842,1.75,1.75
2016.04.22 15:36:51.391,2.09779,2.09843,1.75,2.25
2016.04.22 15:36:51.493,2.09774,2.09829,1.12,1.00
2016.04.22 15:36:51.595,2.09774,2.09838,1.75,1.75
2016.04.22 15:36:52.380,2.09775,2.09838,1.00,1.75
2016.04.22 15:36:52.481,2.09773,2.09831,1.00,1.75
2016.04.22 15:36:52.583,2.09771,2.09831,1.37,1.37
2016.04.22 15:36:52.634,2.0977,2.09827,1.00,1.37
2016.04.22 15:36:52.686,2.09759,2.09821,1.75,1.37
2016.04.22 15:36:52.787,2.09759,2.09821,1.75,1.75
2016.04.22 15:36:53.292,2.09759,2.09821,1.75,1.75
2016.04.22 15:36:53.820,2.09759,2.09821,1.75,1.00
2016.04.22 15:36:53.922,2.09759,2.09821,1.75,1.00
2016.04.22 15:36:54.125,2.09759,2.09818,1.75,1.00
2016.04.22 15:36:54.227,2.09759,2.09818,1.75,1.00
2016.04.22 15:36:54.329,2.09759,2.09821,2.25,1.00
2016.04.22 15:36:54.643,2.0976,2.09821,1.75,1.00
2016.04.22 15:36:54.904,2.09759,2.09821,3.00,1.12
2016.04.22 15:36:55.410,2.09759,2.09821,2.25,1.37
2016.04.22 15:36:56.030,2.0976,2.09821,1.75,1.75
2016.04.22 15:36:56.337,2.0976,2.09821,1.50,1.75
2016.04.22 15:36:56.438,2.09759,2.09818,1.50,1.75
2016.04.22 15:36:56.910,2.09759,2.09819,1.37,1.75
2016.04.22 15:36:57.257,2.09756,2.09809,1.00,1.00
2016.04.22 15:36:57.308,2.09747,2.09809,3.00,1.00
2016.04.22 15:36:57.410,2.09748,2.09804,1.75,1.00
2016.04.22 15:36:57.511,2.09747,2.09804,1.12,1.00
2016.04.22 15:36:57.835,2.0974,2.09804,1.75,1.00
2016.04.22 15:36:58.290,2.09741,2.09804,1.75,1.37
2016.04.22 15:36:58.341,2.09735,2.09799,1.75,1.00
2016.04.22 15:36:58.863,2.09736,2.09799,1.75,1.00
2016.04.22 15:36:59.015,2.09735,2.09799,2.25,1.37
2016.04.22 15:36:59.319,2.09735,2.09799,1.75,1.00
2016.04.22 15:37:00.153,2.09741,2.09799,1.75,1.00
2016.04.22 15:37:00.520,2.0974,2.09804,1.75,1.50
2016.04.22 15:37:00.571,2.0974,2.09804,1.75,1.00
2016.04.22 15:37:00.918,2.09747,2.09809,1.75,1.00
2016.04.22 15:37:01.587,2.09747,2.09809,1.75,1.00
2016.04.22 15:37:01.993,2.09747,2.09809,1.75,1.00
2016.04.22 15:37:02.125,2.09747,2.09809,1.75,1.00
2016.04.22 15:37:02.646,2.09751,2.09814,1.75,1.75
2016.04.22 15:37:03.445,2.09751,2.09813,1.75,1.50
2016.04.22 15:37:03.648,2.09751,2.09814,1.75,1.00
2016.04.22 15:37:04.179,2.09751,2.09815,1.75,1.00
2016.04.22 15:37:04.350,2.09751,2.09815,1.75,1.12
2016.04.22 15:37:05.082,2.09752,2.09815,1.75,1.00
2016.04.22 15:37:05.854,2.09751,2.09815,1.75,1.75
2016.04.22 15:37:06.566,2.09751,2.09815,1.75,1.75
2016.04.22 15:37:07.071,2.09751,2.09813,1.75,1.75
2016.04.22 15:37:07.614,2.09747,2.09809,1.75,1.12
2016.04.22 15:37:07.664,2.09747,2.09807,1.75,1.00
2016.04.22 15:37:07.969,2.09753,2.09805,1.00,1.12
2016.04.22 15:37:08.070,2.09748,2.09811,1.12,1.75
2016.04.22 15:37:08.121,2.09748,2.09802,1.12,1.00
2016.04.22 15:37:08.424,2.09734,2.09791,1.00,1.75
2016.04.22 15:37:08.475,2.09734,2.09788,1.00,1.37
2016.04.22 15:37:08.616,2.09729,2.09788,1.50,1.37
2016.04.22 15:37:08.669,2.09729,2.09787,1.37,1.00
2016.04.22 15:37:08.973,2.09729,2.09788,1.75,1.00
2016.04.22 15:37:09.448,2.09729,2.09788,1.75,1.00
2016.04.22 15:37:09.549,2.09735,2.09788,1.00,1.00
2016.04.22 15:37:10.086,2.09729,2.09788,1.75,1.00
2016.04.22 15:37:11.267,2.09729,2.09788,1.75,1.00
2016.04.22 15:37:11.581,2.09729,2.09789,1.75,1.00
2016.04.22 15:37:11.632,2.09731,2.09788,1.75,1.00
2016.04.22 15:37:12.001,2.09731,2.09789,1.75,1.00
2016.04.22 15:37:12.205,2.09735,2.09796,1.75,1.00
2016.04.22 15:37:12.256,2.09735,2.09798,1.75,1.50
2016.04.22 15:37:12.458,2.09739,2.09798,1.75,1.12
2016.04.22 15:37:13.026,2.09739,2.09797,1.75,1.00
2016.04.22 15:37:13.608,2.09739,2.09797,1.75,1.37
2016.04.22 15:37:13.810,2.09742,2.09804,1.00,1.75
2016.04.22 15:37:14.037,2.09742,2.09803,1.37,1.75
2016.04.22 15:37:14.088,2.09742,2.09802,1.12,1.75
2016.04.22 15:37:14.189,2.09742,2.09801,1.37,1.00
2016.04.22 15:37:14.391,2.09742,2.09804,1.75,1.12
2016.04.22 15:37:14.493,2.09742,2.09806,1.37,1.75
2016.04.22 15:37:14.827,2.09732,2.09794,1.75,1.75
2016.04.22 15:37:14.878,2.09732,2.09794,1.50,1.75
2016.04.22 15:37:15.092,2.09732,2.09794,1.12,1.75
2016.04.22 15:37:15.194,2.09728,2.0979,1.75,1.12
2016.04.22 15:37:15.497,2.09725,2.09789,1.75,1.75
2016.04.22 15:37:15.802,2.0972,2.0978,1.75,1.00
2016.04.22 15:37:16.016,2.0972,2.09782,1.75,1.12
2016.04.22 15:37:16.623,2.0972,2.09782,1.75,1.12
2016.04.22 15:37:16.927,2.09744,2.098,1.75,1.00
2016.04.22 15:37:17.107,2.09744,2.098,1.75,1.12
2016.04.22 15:37:17.209,2.09741,2.09799,1.50,1.00
2016.04.22 15:37:17.310,2.09751,2.098,1.00,1.00
2016.04.22 15:37:17.617,2.09742,2.09799,2.25,1.00
2016.04.22 15:37:17.719,2.09742,2.098,2.25,1.00
2016.04.22 15:37:18.022,2.09741,2.098,1.87,1.50
2016.04.22 15:37:18.339,2.09741,2.098,2.25,1.00
2016.04.22 15:37:18.670,2.09741,2.098,2.25,1.00
2016.04.22 15:37:18.822,2.09742,2.09799,1.50,1.12
2016.04.22 15:37:18.923,2.09739,2.09799,1.37,1.75
2016.04.22 15:37:19.025,2.09739,2.09799,1.50,1.00
2016.04.22 15:37:19.429,2.09739,2.09799,1.75,1.00
2016.04.22 15:37:19.920,2.09738,2.09798,1.75,1.12
2016.04.22 15:37:20.425,2.09738,2.09798,1.75,1.50
2016.04.22 15:37:20.527,2.0974,2.09798,1.00,1.50
2016.04.22 15:37:20.981,2.0974,2.098,1.37,1.75
2016.04.22 15:37:21.234,2.09741,2.09805,1.75,1.50
2016.04.22 15:37:21.795,2.09741,2.09805,1.75,1.00
2016.04.22 15:37:22.412,2.09747,2.09807,1.50,1.37
2016.04.22 15:37:22.715,2.09742,2.09805,1.50,1.37
2016.04.22 15:37:22.816,2.09746,2.09805,1.00,1.37
2016.04.22 15:37:23.220,2.09741,2.09805,1.75,1.00
2016.04.22 15:37:23.639,2.09741,2.09805,1.75,1.37
2016.04.22 15:37:24.203,2.09741,2.09805,1.75,1.00
2016.04.22 15:37:24.506,2.09742,2.09805,1.75,1.00
2016.04.22 15:37:24.883,2.09741,2.09805,3.00,1.37
2016.04.22 15:37:25.399,2.09746,2.09807,1.00,1.75
2016.04.22 15:37:25.508,2.09746,2.09807,1.37,1.37
2016.04.22 15:37:25.812,2.09751,2.0981,1.75,1.12
2016.04.22 15:37:25.863,2.09751,2.0981,1.75,1.12
2016.04.22 15:37:26.212,2.09748,2.0981,1.75,1.50
2016.04.22 15:37:26.626,2.09748,2.0981,1.75,1.75
2016.04.22 15:37:26.944,2.09746,2.09808,1.50,1.75
2016.04.22 15:37:27.271,2.09741,2.09803,2.25,1.00
2016.04.22 15:37:27.323,2.09745,2.09808,1.75,1.00
2016.04.22 15:37:27.424,2.09746,2.09808,1.75,1.00
2016.04.22 15:37:27.475,2.09746,2.0981,1.75,1.00
2016.04.22 15:37:27.526,2.09746,2.0981,1.75,1.00
2016.04.22 15:37:27.728,2.09758,2.0981,1.00,1.00
2016.04.22 15:37:28.341,2.09747,2.0981,1.75,1.00
2016.04.22 15:37:28.392,2.09747,2.0981,1.75,1.75
2016.04.22 15:37:28.752,2.09747,2.09808,1.75,1.00
2016.04.22 15:37:29.635,2.09747,2.0981,1.75,1.75
2016.04.22 15:37:29.837,2.0974,2.09803,1.75,1.75
2016.04.22 15:37:30.049,2.09735,2.09798,2.25,1.37
2016.04.22 15:37:30.251,2.09725,2.09784,1.00,1.75
2016.04.22 15:37:30.353,2.09719,2.09784,1.75,1.75
2016.04.22 15:37:30.454,2.09716,2.09778,1.75,1.50
2016.04.22 15:37:30.556,2.09717,2.09778,1.75,1.75
2016.04.22 15:37:31.076,2.09713,2.09778,1.75,1.75
2016.04.22 15:37:31.947,2.09713,2.09778,1.75,1.75
2016.04.22 15:37:32.169,2.09713,2.09777,1.75,2.25
2016.04.22 15:37:32.675,2.09713,2.09777,1.50,2.25
2016.04.22 15:37:33.508,2.09711,2.09772,1.75,1.12
2016.04.22 15:37:33.559,2.09711,2.09772,1.75,1.00
2016.04.22 15:37:33.863,2.09711,2.09772,1.75,1.00
2016.04.22 15:37:34.069,2.09722,2.09772,1.00,1.00
2016.04.22 15:37:35.342,2.09722,2.09777,1.00,1.50
2016.04.22 15:37:35.695,2.09719,2.09778,1.00,3.00
2016.04.22 15:37:36.292,2.09713,2.09778,1.75,2.25
2016.04.22 15:37:37.953,2.09713,2.09776,1.75,1.00
2016.04.22 15:37:38.483,2.09721,2.09778,1.00,2.25
2016.04.22 15:37:39.006,2.09713,2.09778,1.75,1.37
2016.04.22 15:37:39.663,2.09722,2.09778,1.00,2.25
2016.04.22 15:37:39.785,2.09713,2.09778,1.75,2.25
2016.04.22 15:37:40.067,2.09713,2.09778,1.75,2.25
2016.04.22 15:37:40.588,2.09713,2.09778,1.75,1.37
2016.04.22 15:37:41.205,2.09717,2.09778,1.12,1.75
2016.04.22 15:37:41.415,2.09717,2.09779,1.75,1.12
2016.04.22 15:37:41.516,2.09717,2.09779,1.75,1.12
2016.04.22 15:37:41.819,2.09717,2.09779,1.75,1.75
2016.04.22 15:37:42.193,2.09717,2.09779,1.37,1.75
2016.04.22 15:37:42.883,2.09717,2.09779,1.75,1.00
2016.04.22 15:37:43.085,2.09717,2.09779,1.75,1.00
2016.04.22 15:37:43.323,2.09721,2.09784,1.75,1.50
2016.04.22 15:37:43.374,2.09721,2.09783,1.50,1.12
2016.04.22 15:37:43.687,2.09722,2.09783,1.75,1.37
2016.04.22 15:37:44.093,2.09721,2.09784,1.75,1.50
2016.04.22 15:37:44.296,2.09721,2.09783,1.75,1.75
2016.04.22 15:37:44.397,2.09716,2.0978,2.25,1.50
2016.04.22 15:37:44.700,2.09716,2.0978,2.25,1.75
2016.04.22 15:37:45.107,2.09716,2.0978,2.25,1.75
2016.04.22 15:37:45.612,2.09716,2.09778,2.25,1.00
2016.04.22 15:37:46.340,2.09721,2.0978,1.50,1.50
2016.04.22 15:37:46.442,2.09716,2.0978,2.25,1.75
2016.04.22 15:37:46.493,2.09716,2.0978,1.75,1.50
2016.04.22 15:37:46.595,2.09716,2.0978,1.75,1.50
2016.04.22 15:37:46.696,2.09716,2.0978,1.75,1.12
2016.04.22 15:37:46.999,2.09716,2.0978,1.75,1.37
2016.04.22 15:37:47.330,2.09711,2.09775,1.75,1.50
2016.04.22 15:37:48.013,2.09715,2.09775,1.00,1.50
2016.04.22 15:37:48.350,2.09712,2.09775,1.75,1.37
2016.04.22 15:37:48.401,2.09715,2.09777,1.75,1.75
2016.04.22 15:37:48.503,2.09715,2.0978,2.25,1.75
2016.04.22 15:37:48.705,2.09721,2.09785,1.00,1.75
2016.04.22 15:37:48.822,2.09721,2.09785,1.50,1.75
2016.04.22 15:37:48.923,2.09721,2.0978,1.50,1.00
2016.04.22 15:37:49.126,2.09721,2.09785,1.12,1.75
2016.04.22 15:37:49.545,2.09721,2.09785,1.50,1.75
2016.04.22 15:37:49.707,2.09721,2.09785,1.50,1.75
2016.04.22 15:37:50.107,2.09721,2.09785,1.37,2.25
2016.04.22 15:37:50.423,2.09721,2.09785,1.75,2.25
2016.04.22 15:37:50.834,2.09721,2.09785,1.75,1.87
2016.04.22 15:37:51.527,2.09721,2.09785,1.75,1.37
2016.04.22 15:37:51.629,2.09721,2.09785,1.37,1.75
2016.04.22 15:37:51.932,2.09721,2.09785,1.75,1.75
2016.04.22 15:37:52.478,2.09721,2.09785,1.75,1.75
2016.04.22 15:37:52.984,2.09724,2.09785,1.00,1.75
2016.04.22 15:37:53.135,2.09724,2.09785,1.37,1.75
2016.04.22 15:37:53.659,2.09723,2.09785,1.37,1.75
2016.04.22 15:37:55.358,2.09724,2.09786,1.00,1.75
2016.04.22 15:37:56.487,2.09724,2.09786,1.75,1.75
2016.04.22 15:37:56.538,2.09724,2.09786,1.75,1.50
2016.04.22 15:37:56.640,2.09723,2.09786,1.37,1.50
2016.04.22 15:37:56.742,2.09719,2.09781,1.37,1.50
2016.04.22 15:37:56.843,2.09717,2.09766,1.00,1.37
2016.04.22 15:37:56.945,2.09704,2.09766,1.75,1.50
2016.04.22 15:37:57.047,2.09704,2.09766,1.50,1.75
2016.04.22 15:37:57.148,2.09704,2.09766,1.75,1.00
2016.04.22 15:37:57.636,2.09707,2.09766,1.12,1.00
2016.04.22 15:37:58.215,2.09706,2.09766,1.50,1.00
2016.04.22 15:37:58.650,2.09707,2.09766,1.75,1.00
2016.04.22 15:37:59.271,2.09707,2.09766,1.75,1.00
2016.04.22 15:37:59.372,2.09707,2.09766,1.75,1.00
2016.04.22 15:37:59.474,2.09707,2.09766,1.75,1.00
2016.04.22 15:37:59.575,2.09708,2.09773,1.75,1.75
2016.04.22 15:37:59.677,2.09708,2.09773,1.75,1.50
2016.04.22 15:37:59.727,2.09707,2.09765,1.75,1.00
2016.04.22 15:37:59.894,2.09707,2.09765,1.50,1.37
2016.04.22 15:37:59.945,2.09701,2.09765,1.37,1.75
2016.04.22 15:38:00.046,2.09701,2.09765,1.00,1.75
2016.04.22 15:38:00.249,2.09701,2.09765,1.37,1.75
2016.04.22 15:38:00.451,2.09701,2.09765,1.37,1.75
2016.04.22 15:38:00.653,2.09701,2.09765,1.50,1.37
2016.04.22 15:38:00.755,2.09701,2.09765,1.75,1.75
2016.04.22 15:38:00.987,2.09698,2.09759,1.75,1.50
2016.04.22 15:38:01.088,2.09698,2.09759,1.75,1.00
2016.04.22 15:38:01.561,2.09697,2.09759,1.75,1.00
2016.04.22 15:38:01.865,2.09698,2.09759,1.75,1.00
2016.04.22 15:38:02.399,2.09697,2.09759,1.75,1.37
2016.04.22 15:38:03.051,2.09698,2.09759,1.75,1.00
2016.04.22 15:38:03.152,2.09697,2.09759,1.75,1.00
2016.04.22 15:38:03.815,2.09698,2.09759,1.75,1.00
2016.04.22 15:38:04.701,2.09698,2.09759,1.75,1.00
2016.04.22 15:38:05.120,2.09703,2.09759,1.00,1.00
2016.04.22 15:38:05.221,2.09696,2.09759,1.75,1.50
2016.04.22 15:38:05.323,2.09696,2.09759,1.37,1.37
2016.04.22 15:38:05.827,2.09696,2.09759,1.75,1.12
2016.04.22 15:38:05.930,2.09698,2.0976,1.75,1.37
2016.04.22 15:38:06.233,2.09699,2.09762,1.75,1.00
2016.04.22 15:38:06.335,2.09703,2.09766,1.75,1.37
2016.04.22 15:38:06.537,2.09703,2.09766,1.75,1.75
2016.04.22 15:38:06.998,2.09706,2.09766,1.00,1.75
2016.04.22 15:38:07.301,2.09703,2.09766,1.50,1.75
2016.04.22 15:38:07.842,2.09703,2.09766,1.50,1.75
2016.04.22 15:38:08.093,2.09703,2.09766,1.50,1.75
2016.04.22 15:38:08.200,2.09703,2.09766,1.12,1.75
2016.04.22 15:38:08.997,2.09703,2.09765,1.75,1.00
2016.04.22 15:38:09.752,2.09703,2.09766,1.75,1.50
2016.04.22 15:38:10.132,2.09703,2.09766,1.75,1.75
2016.04.22 15:38:10.537,2.09703,2.09766,1.75,1.75
2016.04.22 15:38:10.639,2.09709,2.09766,1.00,1.50
2016.04.22 15:38:10.741,2.09698,2.0976,2.25,1.37
2016.04.22 15:38:10.792,2.09698,2.0976,1.75,1.75
2016.04.22 15:38:10.950,2.09698,2.0976,1.50,2.25
2016.04.22 15:38:11.001,2.09698,2.0976,1.75,2.25
2016.04.22 15:38:11.052,2.09698,2.0976,1.75,2.25
2016.04.22 15:38:11.437,2.09698,2.0976,1.75,2.25
2016.04.22 15:38:11.538,2.09698,2.0976,1.75,1.37
2016.04.22 15:38:12.061,2.09698,2.0976,1.75,1.87
2016.04.22 15:38:12.339,2.097,2.0976,1.00,2.25
2016.04.22 15:38:12.642,2.09698,2.0976,1.12,1.75
2016.04.22 15:38:12.845,2.09698,2.09757,1.37,1.00
2016.04.22 15:38:13.174,2.09691,2.09755,1.75,1.37
2016.04.22 15:38:13.487,2.09691,2.09752,1.75,1.00
2016.04.22 15:38:13.997,2.09697,2.09753,1.37,1.12
2016.04.22 15:38:14.048,2.09697,2.09753,1.12,1.00
2016.04.22 15:38:14.099,2.09697,2.0976,1.12,1.75
2016.04.22 15:38:14.150,2.09697,2.0976,1.37,1.50
2016.04.22 15:38:14.556,2.09697,2.0976,1.75,1.00
2016.04.22 15:38:14.658,2.09701,2.0976,1.75,1.37
2016.04.22 15:38:14.961,2.09701,2.0976,1.12,1.50
2016.04.22 15:38:15.297,2.09702,2.0976,1.37,1.75
2016.04.22 15:38:15.348,2.09702,2.09759,1.37,1.00
2016.04.22 15:38:16.252,2.09702,2.0976,1.50,1.37
2016.04.22 15:38:16.461,2.09702,2.0976,1.50,1.37
2016.04.22 15:38:17.128,2.09702,2.0976,1.12,1.12
2016.04.22 15:38:17.452,2.09702,2.0976,1.00,1.50
2016.04.22 15:38:18.643,2.09702,2.0976,1.12,1.12
2016.04.22 15:38:18.777,2.09702,2.0976,1.00,1.50
2016.04.22 15:38:18.929,2.09697,2.0976,1.75,1.12
2016.04.22 15:38:18.980,2.09697,2.0976,1.75,1.37
2016.04.22 15:38:19.236,2.09698,2.09754,1.00,1.00
2016.04.22 15:38:19.337,2.09699,2.09754,1.37,1.00
2016.04.22 15:38:19.540,2.09701,2.09763,1.75,1.12
2016.04.22 15:38:19.591,2.09712,2.09763,1.00,1.12
2016.04.22 15:38:19.760,2.09712,2.09768,1.37,1.37
2016.04.22 15:38:21.262,2.09712,2.09768,1.12,1.00
2016.04.22 15:38:21.867,2.09712,2.09769,1.12,1.12
2016.04.22 15:38:22.145,2.09712,2.09769,1.37,1.00
2016.04.22 15:38:22.574,2.09711,2.09769,1.75,1.00
2016.04.22 15:38:22.748,2.09716,2.09769,1.00,1.00
2016.04.22 15:38:22.952,2.09717,2.09781,1.75,1.50
2016.04.22 15:38:23.053,2.09724,2.09781,1.37,1.12
2016.04.22 15:38:23.154,2.09724,2.09788,1.75,1.37
2016.04.22 15:38:23.571,2.09724,2.09788,1.75,1.75
2016.04.22 15:38:24.280,2.09724,2.09788,1.75,1.75
2016.04.22 15:38:25.280,2.09731,2.09791,1.37,1.75
2016.04.22 15:38:25.433,2.09721,2.09783,1.75,1.00
2016.04.22 15:38:25.484,2.09721,2.09783,1.75,1.37
2016.04.22 15:38:25.535,2.09721,2.09783,1.50,2.25
2016.04.22 15:38:25.586,2.09721,2.09783,1.50,2.25
2016.04.22 15:38:25.687,2.09721,2.09783,1.50,2.25
2016.04.22 15:38:25.817,2.09719,2.09783,1.75,2.25
2016.04.22 15:38:25.868,2.09719,2.09782,1.75,1.75
2016.04.22 15:38:25.970,2.09719,2.09782,1.75,1.50
2016.04.22 15:38:26.274,2.09723,2.09782,1.00,1.75
2016.04.22 15:38:27.765,2.09722,2.09782,1.00,1.75
2016.04.22 15:38:28.304,2.09719,2.09782,1.75,1.75
2016.04.22 15:38:28.813,2.09719,2.09783,1.75,1.87
2016.04.22 15:38:29.116,2.09724,2.09783,1.75,1.00
2016.04.22 15:38:29.440,2.09724,2.09783,1.75,1.00
2016.04.22 15:38:29.491,2.09728,2.09783,1.00,1.37
2016.04.22 15:38:29.996,2.09724,2.09783,1.75,1.12
2016.04.22 15:38:30.199,2.09724,2.09783,1.75,1.37
2016.04.22 15:38:30.707,2.09718,2.09782,1.75,1.50
2016.04.22 15:38:30.999,2.09718,2.09782,1.75,1.75
2016.04.22 15:38:31.302,2.09718,2.09783,1.75,2.25
2016.04.22 15:38:31.651,2.09718,2.09783,1.75,2.25
2016.04.22 15:38:31.916,2.09718,2.0978,1.75,1.00
2016.04.22 15:38:32.082,2.09718,2.09783,1.75,2.25
2016.04.22 15:38:32.391,2.09718,2.09782,1.75,1.12
2016.04.22 15:38:32.930,2.09718,2.09783,1.75,1.50
2016.04.22 15:38:33.102,2.09718,2.09782,1.75,1.12
2016.04.22 15:38:33.304,2.09718,2.09783,1.75,1.87
2016.04.22 15:38:33.607,2.09718,2.09783,1.75,2.25
2016.04.22 15:38:33.814,2.09718,2.09783,1.75,1.87
2016.04.22 15:38:34.309,2.09718,2.09782,1.75,1.50
2016.04.22 15:38:34.366,2.09718,2.09782,1.75,1.75
2016.04.22 15:38:34.609,2.09718,2.09783,1.75,2.25
2016.04.22 15:38:34.912,2.09718,2.09782,1.75,1.75
2016.04.22 15:38:35.316,2.09718,2.09782,1.75,1.75
2016.04.22 15:38:36.026,2.09719,2.09782,1.75,1.75
2016.04.22 15:38:36.251,2.09719,2.09783,1.75,1.50
2016.04.22 15:38:36.500,2.09723,2.09783,1.00,1.50
2016.04.22 15:38:37.202,2.09719,2.09782,1.75,1.75
2016.04.22 15:38:37.541,2.09723,2.09782,1.00,1.75
2016.04.22 15:38:37.744,2.09719,2.09782,1.75,1.50
2016.04.22 15:38:38.219,2.09719,2.09782,1.75,1.50
2016.04.22 15:38:38.321,2.09719,2.09783,1.75,1.12
2016.04.22 15:38:39.778,2.09719,2.09783,1.75,1.50
2016.04.22 15:38:39.829,2.09714,2.09777,1.75,1.00
2016.04.22 15:38:39.881,2.09712,2.09769,1.75,1.00
2016.04.22 15:38:40.164,2.09698,2.09758,1.50,1.75
2016.04.22 15:38:40.315,2.09692,2.09757,1.75,1.50
2016.04.22 15:38:40.862,2.09692,2.09757,2.25,1.50
2016.04.22 15:38:41.165,2.09692,2.09757,2.25,1.00
2016.04.22 15:38:41.450,2.09701,2.09757,1.00,1.12
2016.04.22 15:38:41.977,2.09692,2.09757,2.25,1.50
2016.04.22 15:38:42.725,2.09692,2.09757,2.25,1.75
2016.04.22 15:38:42.777,2.09692,2.09757,2.25,1.75
2016.04.22 15:38:43.083,2.09698,2.09758,1.00,1.75
2016.04.22 15:38:43.235,2.09698,2.09758,1.75,1.75
2016.04.22 15:38:43.438,2.09698,2.09759,1.75,1.50
2016.04.22 15:38:43.761,2.09699,2.09759,1.00,1.50
2016.04.22 15:38:44.171,2.09693,2.09756,1.75,1.00
2016.04.22 15:38:44.474,2.09693,2.0975,1.75,1.37
2016.04.22 15:38:44.525,2.09693,2.09751,1.37,1.50
2016.04.22 15:38:44.627,2.09693,2.09751,1.37,1.50
2016.04.22 15:38:45.142,2.09693,2.0975,1.75,1.00
2016.04.22 15:38:46.930,2.09693,2.0975,1.37,1.37
2016.04.22 15:38:47.450,2.09693,2.09751,1.00,1.50
2016.04.22 15:38:49.762,2.09691,2.0975,1.50,1.50
2016.04.22 15:38:51.741,2.09691,2.0975,1.50,1.12
2016.04.22 15:38:52.367,2.09691,2.09751,1.75,1.12
2016.04.22 15:38:54.063,2.09695,2.09751,1.00,1.37
2016.04.22 15:38:54.576,2.09695,2.0975,1.12,1.00
2016.04.22 15:38:55.205,2.09695,2.0975,1.50,1.00
2016.04.22 15:38:56.556,2.09695,2.09751,1.12,1.00
2016.04.22 15:38:56.876,2.09695,2.0975,1.50,1.00
2016.04.22 15:38:57.188,2.0969,2.0975,1.75,1.37
2016.04.22 15:38:57.239,2.0969,2.0975,1.75,1.50
2016.04.22 15:38:58.035,2.0969,2.0975,1.75,1.12
2016.04.22 15:38:58.239,2.0969,2.09753,1.75,1.75
2016.04.22 15:38:58.290,2.0969,2.09753,1.75,1.75
2016.04.22 15:38:58.391,2.0969,2.09752,1.00,1.12
2016.04.22 15:38:58.796,2.09684,2.09747,1.75,2.25
2016.04.22 15:38:59.024,2.09684,2.09747,1.00,2.25
2016.04.22 15:38:59.076,2.09678,2.09741,1.75,1.75
2016.04.22 15:38:59.177,2.09678,2.09741,1.37,1.75
2016.04.22 15:38:59.480,2.09678,2.09741,1.75,1.50
2016.04.22 15:38:59.784,2.09678,2.09741,1.75,1.00
2016.04.22 15:38:59.936,2.09678,2.09741,1.75,1.75
2016.04.22 15:39:00.037,2.09678,2.09741,1.75,1.12
2016.04.22 15:39:00.323,2.09685,2.09747,1.00,1.75
2016.04.22 15:39:00.374,2.09685,2.09748,1.00,1.75
2016.04.22 15:39:00.475,2.09685,2.09748,1.00,1.50
2016.04.22 15:39:01.000,2.09685,2.09747,1.12,1.00
2016.04.22 15:39:01.633,2.09685,2.09746,1.50,1.00
2016.04.22 15:39:01.953,2.09685,2.09748,1.75,1.50
2016.04.22 15:39:02.004,2.09688,2.09748,1.00,1.50
2016.04.22 15:39:02.207,2.09681,2.09744,1.75,1.37
2016.04.22 15:39:02.258,2.09681,2.09744,1.50,1.75
2016.04.22 15:39:02.309,2.09681,2.09742,1.50,1.12
2016.04.22 15:39:02.540,2.09681,2.09742,1.12,1.12
2016.04.22 15:39:02.894,2.09681,2.09742,1.00,1.12
2016.04.22 15:39:03.198,2.09674,2.0974,2.25,1.75
2016.04.22 15:39:04.134,2.09674,2.09735,2.25,1.00
2016.04.22 15:39:04.414,2.09674,2.0974,2.25,1.75
2016.04.22 15:39:04.566,2.09674,2.0974,1.75,1.00
2016.04.22 15:39:04.617,2.09674,2.0974,1.75,1.37
2016.04.22 15:39:05.127,2.09674,2.0974,2.25,1.75
2016.04.22 15:39:05.711,2.09674,2.0974,2.25,1.50
2016.04.22 15:39:06.353,2.09674,2.0974,3.00,1.37
2016.04.22 15:39:06.505,2.09674,2.0974,2.25,1.37
2016.04.22 15:39:09.616,2.09679,2.09745,1.75,2.25
2016.04.22 15:39:10.406,2.09679,2.09741,1.75,1.00
2016.04.22 15:39:10.507,2.09679,2.09745,1.75,2.25
2016.04.22 15:39:10.608,2.09679,2.09745,1.50,2.25
2016.04.22 15:39:10.709,2.09679,2.09745,1.50,2.25
2016.04.22 15:39:10.850,2.09679,2.09742,1.75,1.00
2016.04.22 15:39:11.157,2.09688,2.09745,1.50,1.00
2016.04.22 15:39:11.359,2.09688,2.09753,1.75,1.75
2016.04.22 15:39:11.410,2.09688,2.09753,1.75,1.75
2016.04.22 15:39:11.892,2.09692,2.09753,1.00,1.75
2016.04.22 15:39:12.246,2.09683,2.09748,1.37,1.37
2016.04.22 15:39:12.297,2.09683,2.09741,1.00,1.37
2016.04.22 15:39:12.347,2.09683,2.09741,1.00,1.37
2016.04.22 15:39:12.398,2.09678,2.09741,1.12,1.75
2016.04.22 15:39:12.550,2.09671,2.09737,2.25,1.75
2016.04.22 15:39:12.652,2.09672,2.09737,1.75,1.75
2016.04.22 15:39:12.703,2.09672,2.09737,1.75,1.50
2016.04.22 15:39:12.754,2.09672,2.09737,1.75,1.50
2016.04.22 15:39:13.128,2.09671,2.09737,2.25,1.50
2016.04.22 15:39:13.229,2.09671,2.09736,2.25,1.00
2016.04.22 15:39:13.919,2.09671,2.09737,2.25,1.12
2016.04.22 15:39:14.171,2.09672,2.09737,1.75,1.37
2016.04.22 15:39:14.222,2.09671,2.09737,2.25,1.75
2016.04.22 15:39:14.457,2.09671,2.09734,1.75,1.37
2016.04.22 15:39:14.990,2.09671,2.09734,1.75,2.25
2016.04.22 15:39:15.344,2.09671,2.09734,1.75,1.37
2016.04.22 15:39:15.445,2.09671,2.09737,1.75,1.75
2016.04.22 15:39:15.546,2.09671,2.09733,1.75,1.75
2016.04.22 15:39:15.777,2.09671,2.09734,1.37,1.75
2016.04.22 15:39:15.828,2.09671,2.09734,1.75,1.37
2016.04.22 15:39:15.930,2.09671,2.09737,2.25,1.75
2016.04.22 15:39:16.031,2.09671,2.09737,1.75,1.50
2016.04.22 15:39:16.244,2.09671,2.09737,1.75,1.12
2016.04.22 15:39:16.557,2.09671,2.09737,2.25,1.50
2016.04.22 15:39:17.243,2.09671,2.09737,1.75,1.75
2016.04.22 15:39:17.344,2.09676,2.09737,1.00,1.50
2016.04.22 15:39:17.395,2.09678,2.09738,1.00,1.12
2016.04.22 15:39:17.446,2.09678,2.09738,1.00,1.00
2016.04.22 15:39:17.547,2.09684,2.09741,1.00,1.00
2016.04.22 15:39:17.700,2.09684,2.09748,1.75,1.00
2016.04.22 15:39:17.751,2.09684,2.09748,1.75,1.00
2016.04.22 15:39:18.054,2.09684,2.09748,1.75,1.00
2016.04.22 15:39:18.334,2.0969,2.09753,1.75,2.25
2016.04.22 15:39:18.385,2.0969,2.09753,1.75,2.25
2016.04.22 15:39:18.436,2.0969,2.09753,1.75,1.50
2016.04.22 15:39:18.537,2.0969,2.09753,1.75,2.25
2016.04.22 15:39:19.041,2.09695,2.09754,1.37,1.37
2016.04.22 15:39:19.469,2.09695,2.09759,1.37,1.75
2016.04.22 15:39:19.773,2.09695,2.09755,1.00,1.75
2016.04.22 15:39:20.442,2.09695,2.09754,1.00,1.75
2016.04.22 15:39:20.997,2.09695,2.09754,1.00,1.75
2016.04.22 15:39:22.056,2.09695,2.09754,1.00,1.75
2016.04.22 15:39:22.239,2.09695,2.09754,1.00,1.50
2016.04.22 15:39:23.144,2.09686,2.09752,1.75,1.00
2016.04.22 15:39:23.195,2.09686,2.09752,1.75,1.37
2016.04.22 15:39:23.246,2.09686,2.09752,1.50,1.75
2016.04.22 15:39:23.419,2.09686,2.0975,1.00,1.75
2016.04.22 15:39:23.471,2.09682,2.09746,1.37,1.50
2016.04.22 15:39:23.572,2.09682,2.09746,1.75,1.87
2016.04.22 15:39:23.674,2.09681,2.09745,1.50,1.75
2016.04.22 15:39:23.776,2.09681,2.09743,1.75,1.37
2016.04.22 15:39:24.165,2.09681,2.09743,1.50,1.12
2016.04.22 15:39:24.266,2.09681,2.09743,1.37,1.37
2016.04.22 15:39:24.512,2.09674,2.09733,1.00,1.37
2016.04.22 15:39:24.716,2.09667,2.09733,1.75,1.12
2016.04.22 15:39:25.471,2.09667,2.09733,1.75,1.50
2016.04.22 15:39:27.012,2.09674,2.09733,1.12,1.00
2016.04.22 15:39:27.218,2.09674,2.09737,1.37,2.25
2016.04.22 15:39:27.270,2.09674,2.09736,1.50,1.00
2016.04.22 15:39:27.321,2.09674,2.09737,1.12,2.25
2016.04.22 15:39:27.473,2.09674,2.09737,1.75,1.75
2016.04.22 15:39:27.525,2.09674,2.09736,1.75,1.00
2016.04.22 15:39:27.828,2.09678,2.09742,1.75,1.87
2016.04.22 15:39:27.879,2.09678,2.09742,1.75,1.87
2016.04.22 15:39:28.082,2.09678,2.09743,1.75,1.75
2016.04.22 15:39:28.183,2.09678,2.09742,1.50,1.87
2016.04.22 15:39:28.502,2.09678,2.09742,1.00,2.62
2016.04.22 15:39:29.626,2.09678,2.09742,1.37,1.75
2016.04.22 15:39:29.789,2.09678,2.09742,1.75,1.75
2016.04.22 15:39:30.342,2.09678,2.09743,1.37,1.75
2016.04.22 15:39:30.443,2.09678,2.09743,1.75,1.75
2016.04.22 15:39:30.595,2.09678,2.09742,1.12,1.75
2016.04.22 15:39:30.797,2.09678,2.09743,1.37,1.75
2016.04.22 15:39:31.255,2.09678,2.09742,1.50,1.75
2016.04.22 15:39:31.691,2.09678,2.09742,1.50,1.75
2016.04.22 15:39:31.994,2.09678,2.09743,1.50,1.75
2016.04.22 15:39:32.095,2.09678,2.09743,1.50,1.75
2016.04.22 15:39:32.399,2.09678,2.09741,1.75,1.00
2016.04.22 15:39:32.591,2.09678,2.09743,1.37,1.75
2016.04.22 15:39:32.895,2.09665,2.0973,1.75,2.25
2016.04.22 15:39:32.996,2.09665,2.09727,1.75,1.00
2016.04.22 15:39:33.299,2.09665,2.0973,1.75,2.25
2016.04.22 15:39:34.132,2.09667,2.09729,1.00,1.75
2016.04.22 15:39:34.664,2.09665,2.0973,1.37,2.25
2016.04.22 15:39:34.845,2.09665,2.09727,1.37,1.00
2016.04.22 15:39:35.405,2.09665,2.0973,1.12,2.25
2016.04.22 15:39:35.532,2.09665,2.0973,1.50,2.25
2016.04.22 15:39:35.836,2.09665,2.0973,1.75,2.25
2016.04.22 15:39:36.301,2.09665,2.0973,1.75,2.25
2016.04.22 15:39:36.641,2.09665,2.09729,1.75,1.50
2016.04.22 15:39:37.604,2.09665,2.09729,1.75,1.12
2016.04.22 15:39:37.808,2.09665,2.09729,1.75,1.37
2016.04.22 15:39:38.010,2.09668,2.09729,1.75,1.12
2016.04.22 15:39:38.515,2.09668,2.0973,1.50,1.50
2016.04.22 15:39:39.276,2.09668,2.0973,1.75,1.37
2016.04.22 15:39:39.327,2.09668,2.0973,1.75,1.00
2016.04.22 15:39:39.604,2.09668,2.0973,1.75,1.00
2016.04.22 15:39:40.208,2.09668,2.09729,1.75,1.00
2016.04.22 15:39:40.912,2.09668,2.09729,1.37,1.37
2016.04.22 15:39:41.015,2.09668,2.09729,1.00,1.50
2016.04.22 15:39:41.207,2.09668,2.09729,1.00,1.50
2016.04.22 15:39:41.644,2.09662,2.09726,1.37,1.75
2016.04.22 15:39:41.846,2.09662,2.09726,1.12,1.75
2016.04.22 15:39:42.195,2.09655,2.09711,1.00,1.50
2016.04.22 15:39:42.808,2.09655,2.0971,1.00,1.50
2016.04.22 15:39:43.691,2.09655,2.09711,1.00,1.75
2016.04.22 15:39:43.743,2.09655,2.09715,1.00,1.37
2016.04.22 15:39:43.794,2.09655,2.09717,1.00,1.75
2016.04.22 15:39:43.946,2.09655,2.09717,1.00,1.87
2016.04.22 15:39:44.148,2.09648,2.0971,1.00,1.50
2016.04.22 15:39:44.250,2.09642,2.09706,1.12,1.37
2016.04.22 15:39:44.300,2.09642,2.09699,1.12,1.00
2016.04.22 15:39:44.837,2.09642,2.097,1.37,1.00
2016.04.22 15:39:45.384,2.09642,2.097,1.50,1.00
2016.04.22 15:39:47.328,2.09642,2.097,1.50,1.00
2016.04.22 15:39:47.837,2.09642,2.09699,1.75,1.00
2016.04.22 15:39:48.213,2.09642,2.09699,1.75,1.00
2016.04.22 15:39:48.314,2.09635,2.09699,1.75,1.00
2016.04.22 15:39:48.365,2.09635,2.09699,1.75,1.00
2016.04.22 15:39:48.466,2.09642,2.097,1.00,1.00
2016.04.22 15:39:48.669,2.09642,2.09699,1.75,1.00
2016.04.22 15:39:48.720,2.09642,2.09705,1.50,1.12
2016.04.22 15:39:48.871,2.09642,2.09705,1.00,1.50
2016.04.22 15:39:49.078,2.09649,2.09707,1.00,1.12
2016.04.22 15:39:49.129,2.09642,2.09706,1.37,1.50
2016.04.22 15:39:49.180,2.09642,2.09706,1.37,1.50
2016.04.22 15:39:49.356,2.09634,2.097,1.75,1.87
2016.04.22 15:39:49.457,2.09634,2.097,1.75,1.87
2016.04.22 15:39:49.861,2.09634,2.097,1.75,1.50
2016.04.22 15:39:49.962,2.09634,2.097,1.75,1.87
2016.04.22 15:39:50.014,2.09634,2.097,1.75,1.00
2016.04.22 15:39:50.266,2.09634,2.097,1.75,1.00
2016.04.22 15:39:50.891,2.09634,2.097,1.75,1.00
2016.04.22 15:39:51.043,2.09642,2.097,1.00,1.50
2016.04.22 15:39:52.345,2.09634,2.097,1.75,1.87
2016.04.22 15:39:53.078,2.09634,2.097,1.75,1.50
2016.04.22 15:39:53.649,2.09634,2.097,1.75,2.25
2016.04.22 15:39:53.953,2.0964,2.09706,1.75,1.87
2016.04.22 15:39:54.055,2.0964,2.09706,1.75,1.00
2016.04.22 15:39:54.156,2.0964,2.09706,1.75,1.00
2016.04.22 15:39:54.482,2.0964,2.09706,1.75,1.00
2016.04.22 15:39:54.685,2.09643,2.09706,1.00,1.00
2016.04.22 15:39:54.736,2.09639,2.097,1.50,1.00
2016.04.22 15:39:54.787,2.09639,2.097,1.50,1.00
2016.04.22 15:39:54.890,2.09639,2.097,1.12,1.00
2016.04.22 15:39:54.941,2.09634,2.09698,1.50,1.00
2016.04.22 15:39:55.406,2.09634,2.09697,1.75,1.00
2016.04.22 15:39:55.507,2.09634,2.09698,1.75,1.00
2016.04.22 15:39:55.723,2.09634,2.09697,1.75,1.00
2016.04.22 15:39:56.356,2.09643,2.09697,1.00,1.00
2016.04.22 15:39:56.560,2.09655,2.0971,1.00,1.00
2016.04.22 15:39:56.612,2.09655,2.0971,1.50,1.00
2016.04.22 15:39:56.713,2.09655,2.0972,1.50,1.50
2016.04.22 15:39:57.123,2.09655,2.09719,1.75,1.50
2016.04.22 15:39:57.426,2.09656,2.09719,1.75,1.75
2016.04.22 15:39:57.528,2.09661,2.09727,1.75,1.50
2016.04.22 15:39:57.579,2.09661,2.09727,1.75,1.50
2016.04.22 15:39:57.937,2.09661,2.09727,1.75,1.75
2016.04.22 15:39:58.468,2.09661,2.09727,1.75,1.75
2016.04.22 15:39:59.421,2.09661,2.09727,1.50,1.75
2016.04.22 15:39:59.825,2.09656,2.0972,1.37,1.75
2016.04.22 15:39:59.876,2.09656,2.0972,1.37,1.75
2016.04.22 15:40:00.028,2.09656,2.0972,1.75,1.75
2016.04.22 15:40:00.079,2.09656,2.09717,1.75,1.00
2016.04.22 15:40:00.320,2.09656,2.0972,1.75,2.25
2016.04.22 15:40:00.573,2.09656,2.0972,1.75,1.75
2016.04.22 15:40:00.625,2.09656,2.0972,1.75,1.75
2016.04.22 15:40:01.020,2.09656,2.0972,1.75,2.25
2016.04.22 15:40:01.226,2.0966,2.0972,1.00,2.25
2016.04.22 15:40:01.381,2.09656,2.0972,1.50,1.75
2016.04.22 15:40:01.737,2.09656,2.0972,1.00,2.25
2016.04.22 15:40:01.788,2.09656,2.0972,1.37,2.25
2016.04.22 15:40:02.290,2.09656,2.0972,1.37,2.25
2016.04.22 15:40:02.341,2.09656,2.0972,1.75,2.25
2016.04.22 15:40:02.392,2.09656,2.0972,1.75,2.25
2016.04.22 15:40:02.892,2.09656,2.0972,1.50,1.75
2016.04.22 15:40:03.395,2.09656,2.0972,1.75,2.25
2016.04.22 15:40:03.922,2.09656,2.0972,1.75,1.75
2016.04.22 15:40:04.124,2.09656,2.0972,1.75,1.75
2016.04.22 15:40:04.427,2.09663,2.0972,1.75,1.12
2016.04.22 15:40:04.966,2.09663,2.0972,1.50,1.00
2016.04.22 15:40:05.218,2.09663,2.0972,1.37,1.37
2016.04.22 15:40:05.621,2.09663,2.09721,1.37,1.75
2016.04.22 15:40:05.942,2.09663,2.09721,1.75,1.12
2016.04.22 15:40:06.447,2.09663,2.0972,1.75,1.12
2016.04.22 15:40:07.151,2.09663,2.0972,1.75,1.00
2016.04.22 15:40:07.254,2.09668,2.09722,1.37,1.00
2016.04.22 15:40:07.356,2.09668,2.0972,1.00,1.00
2016.04.22 15:40:07.572,2.09663,2.09728,1.12,1.75
2016.04.22 15:40:07.864,2.09663,2.09724,1.00,1.75
2016.04.22 15:40:08.303,2.09663,2.09723,1.37,1.75
2016.04.22 15:40:08.354,2.09663,2.09723,1.00,1.75
2016.04.22 15:40:08.862,2.09663,2.09724,1.00,1.75
2016.04.22 15:40:09.167,2.09663,2.09723,1.00,1.75
2016.04.22 15:40:09.269,2.09663,2.09724,1.50,1.75
2016.04.22 15:40:10.479,2.09663,2.09723,1.37,1.12
2016.04.22 15:40:10.944,2.09663,2.09723,1.00,1.37
2016.04.22 15:40:11.248,2.09657,2.09723,1.00,2.25
2016.04.22 15:40:11.551,2.09657,2.09723,1.00,2.25
2016.04.22 15:40:11.926,2.09657,2.09723,1.50,3.00
2016.04.22 15:40:13.762,2.09657,2.09723,1.50,3.00
2016.04.22 15:40:14.280,2.09657,2.09723,1.50,2.25
2016.04.22 15:40:15.450,2.09657,2.09723,1.50,2.25
2016.04.22 15:40:15.501,2.09657,2.09723,1.75,2.25
2016.04.22 15:40:15.552,2.09657,2.09723,1.75,2.25
2016.04.22 15:40:15.754,2.09658,2.09723,1.00,1.75
2016.04.22 15:40:16.871,2.09657,2.09723,1.37,2.25
2016.04.22 15:40:17.379,2.09657,2.09723,1.75,2.25
2016.04.22 15:40:17.685,2.09658,2.09723,1.75,2.25
2016.04.22 15:40:17.903,2.09658,2.09723,1.75,1.75
2016.04.22 15:40:18.905,2.09658,2.09723,1.75,1.75
2016.04.22 15:40:19.007,2.09658,2.09723,1.75,2.25
2016.04.22 15:40:19.177,2.09658,2.09723,1.50,2.25
2016.04.22 15:40:19.583,2.09658,2.09723,1.50,2.25
2016.04.22 15:40:20.161,2.09658,2.09723,1.37,1.75
2016.04.22 15:40:20.975,2.09658,2.09723,1.50,1.75
2016.04.22 15:40:21.682,2.09658,2.09718,1.50,1.00
2016.04.22 15:40:21.834,2.09658,2.09723,1.37,1.75
2016.04.22 15:40:22.180,2.09658,2.09723,1.00,1.75
2016.04.22 15:40:22.567,2.09658,2.09723,1.00,1.75
2016.04.22 15:40:22.982,2.09658,2.09723,1.37,2.25
2016.04.22 15:40:23.033,2.09658,2.09723,1.37,1.75
2016.04.22 15:40:24.672,2.09658,2.09723,1.00,1.75
2016.04.22 15:40:25.651,2.09656,2.09721,1.37,1.75
2016.04.22 15:40:26.005,2.09656,2.09721,1.00,1.75
2016.04.22 15:40:26.271,2.09656,2.09721,1.75,1.75
2016.04.22 15:40:26.322,2.09656,2.09721,1.75,1.75
2016.04.22 15:40:27.084,2.09663,2.09723,1.37,2.25
2016.04.22 15:40:27.135,2.09663,2.09726,1.37,1.12
2016.04.22 15:40:27.186,2.09663,2.09723,1.37,1.00
2016.04.22 15:40:27.555,2.09651,2.09717,1.87,1.75
2016.04.22 15:40:27.607,2.09651,2.09711,1.00,1.37
2016.04.22 15:40:27.709,2.09647,2.09708,1.00,1.75
2016.04.22 15:40:28.184,2.09645,2.09707,1.00,1.75
2016.04.22 15:40:28.235,2.09643,2.09707,1.50,1.37
2016.04.22 15:40:29.022,2.09643,2.09708,1.75,1.75
2016.04.22 15:40:29.124,2.09643,2.09708,1.75,1.37
2016.04.22 15:40:29.328,2.09643,2.09708,1.37,1.75
2016.04.22 15:40:29.884,2.09643,2.09708,1.00,1.75
2016.04.22 15:40:30.207,2.09636,2.09701,1.75,1.75
2016.04.22 15:40:31.057,2.09637,2.09701,1.75,1.75
2016.04.22 15:40:31.682,2.09636,2.09701,1.75,1.75
2016.04.22 15:40:31.733,2.09636,2.09701,1.75,1.12
2016.04.22 15:40:31.834,2.09637,2.09701,1.75,1.75
2016.04.22 15:40:32.359,2.09637,2.09701,1.75,1.75
2016.04.22 15:40:33.521,2.0964,2.09701,1.00,1.75
2016.04.22 15:40:35.112,2.09637,2.09701,2.25,1.75
2016.04.22 15:40:35.213,2.0964,2.09701,1.00,1.75
2016.04.22 15:40:36.444,2.09637,2.09698,1.37,1.50
2016.04.22 15:40:36.652,2.09637,2.09697,1.00,1.75
2016.04.22 15:40:37.381,2.09637,2.09697,1.12,1.75
2016.04.22 15:40:37.483,2.09637,2.09697,1.50,1.75
2016.04.22 15:40:37.534,2.09637,2.09697,1.50,1.75
2016.04.22 15:40:37.787,2.09637,2.09698,1.37,1.50
2016.04.22 15:40:37.888,2.09637,2.09698,1.50,1.00
2016.04.22 15:40:38.141,2.09637,2.09697,1.75,1.00
2016.04.22 15:40:38.701,2.09637,2.09698,1.75,1.12
2016.04.22 15:40:39.366,2.09637,2.09698,1.75,1.37
2016.04.22 15:40:39.467,2.09637,2.09698,1.75,1.00
2016.04.22 15:40:39.569,2.09637,2.09698,1.75,1.37
2016.04.22 15:40:40.085,2.09636,2.09698,1.75,1.50
2016.04.22 15:40:40.388,2.09636,2.09697,1.50,1.75
2016.04.22 15:40:40.691,2.09636,2.09697,1.37,1.75
2016.04.22 15:40:41.071,2.0963,2.09696,1.75,1.75
2016.04.22 15:40:41.174,2.09626,2.09688,1.37,1.75
2016.04.22 15:40:41.680,2.09626,2.09688,1.37,1.37
2016.04.22 15:40:41.781,2.09619,2.09679,1.75,1.00
2016.04.22 15:40:42.328,2.09619,2.09679,1.75,1.00
2016.04.22 15:40:42.581,2.09619,2.0968,1.75,1.00
2016.04.22 15:40:42.986,2.09619,2.0968,1.75,1.00
2016.04.22 15:40:43.940,2.09619,2.0968,1.75,1.00
2016.04.22 15:40:44.193,2.09621,2.09685,2.25,1.12
2016.04.22 15:40:44.648,2.09621,2.09685,1.75,1.37
2016.04.22 15:40:45.181,2.09624,2.09685,1.00,1.75
2016.04.22 15:40:45.282,2.09621,2.09685,2.25,1.75
2016.04.22 15:40:45.995,2.09621,2.09685,2.25,1.75
2016.04.22 15:40:46.282,2.09621,2.09685,2.25,1.75
2016.04.22 15:40:47.387,2.09621,2.09685,1.75,1.75
2016.04.22 15:40:47.589,2.09622,2.09685,1.37,1.75
2016.04.22 15:40:47.886,2.09621,2.09685,1.75,1.75
2016.04.22 15:40:47.987,2.09621,2.09685,2.25,1.37
2016.04.22 15:40:48.690,2.09621,2.09685,1.75,1.00
2016.04.22 15:40:48.897,2.09626,2.09692,1.37,3.37
2016.04.22 15:40:48.999,2.09626,2.09691,1.50,1.87
2016.04.22 15:40:49.100,2.09626,2.09692,1.50,2.62
2016.04.22 15:40:49.202,2.09626,2.09691,1.75,1.87
2016.04.22 15:40:49.708,2.09626,2.09691,1.75,1.87
2016.04.22 15:40:50.474,2.09626,2.09691,1.75,1.87
2016.04.22 15:40:50.575,2.09626,2.09691,1.12,1.12
2016.04.22 15:40:50.677,2.09626,2.09691,1.75,1.87
2016.04.22 15:40:50.980,2.09626,2.09691,1.75,1.87
2016.04.22 15:40:51.031,2.09636,2.09691,1.00,1.87
2016.04.22 15:40:51.223,2.09655,2.09713,1.75,1.75
2016.04.22 15:40:51.376,2.09655,2.09714,1.50,1.75
2016.04.22 15:40:51.679,2.09655,2.09718,1.75,1.75
2016.04.22 15:40:51.899,2.09659,2.09719,1.75,1.12
2016.04.22 15:40:52.203,2.09659,2.09715,1.00,1.12
2016.04.22 15:40:52.305,2.09659,2.09715,1.00,1.37
2016.04.22 15:40:52.620,2.09654,2.09716,1.00,1.50
2016.04.22 15:40:52.670,2.09655,2.09716,1.00,1.50
2016.04.22 15:40:53.497,2.09655,2.09713,1.37,1.00
2016.04.22 15:40:53.548,2.09655,2.09716,1.37,1.00
2016.04.22 15:40:53.773,2.09655,2.09715,1.50,1.37
2016.04.22 15:40:53.875,2.09655,2.09717,1.50,1.00
2016.04.22 15:40:53.926,2.09662,2.09724,1.00,1.12
2016.04.22 15:40:54.229,2.09678,2.09741,1.75,1.75
2016.04.22 15:40:54.338,2.09673,2.09735,1.75,1.37
2016.04.22 15:40:54.515,2.09684,2.09747,1.75,1.12
2016.04.22 15:40:54.616,2.0969,2.09755,1.37,1.12
2016.04.22 15:40:54.718,2.0969,2.09756,1.50,1.75
2016.04.22 15:40:54.820,2.09692,2.09756,1.50,1.75
2016.04.22 15:40:55.123,2.0969,2.09756,1.75,1.37
2016.04.22 15:40:55.225,2.0969,2.09756,1.75,1.75
2016.04.22 15:40:55.757,2.0969,2.09756,1.75,1.75
2016.04.22 15:40:55.923,2.0969,2.09756,1.75,1.75
2016.04.22 15:40:56.325,2.0969,2.09756,1.75,1.50
2016.04.22 15:40:57.421,2.0969,2.09756,1.75,1.50
2016.04.22 15:40:57.623,2.0969,2.09756,1.75,1.75
2016.04.22 15:40:58.031,2.0969,2.09756,1.75,1.75
2016.04.22 15:40:59.135,2.0969,2.09756,1.75,1.75
2016.04.22 15:40:59.391,2.0969,2.09756,1.75,1.75
2016.04.22 15:40:59.492,2.0969,2.09753,1.75,1.00
2016.04.22 15:41:01.094,2.09693,2.09756,1.75,1.75
2016.04.22 15:41:01.234,2.09689,2.09752,1.75,1.37
2016.04.22 15:41:01.335,2.09686,2.09752,1.75,2.25
2016.04.22 15:41:01.538,2.09691,2.09752,1.75,1.37
2016.04.22 15:41:01.741,2.09692,2.09753,2.25,1.12
2016.04.22 15:41:02.199,2.09692,2.09753,1.75,1.00
2016.04.22 15:41:02.507,2.09692,2.09753,1.75,1.00
2016.04.22 15:41:02.609,2.09698,2.09753,1.00,1.00
2016.04.22 15:41:02.812,2.09692,2.09752,1.75,1.00
2016.04.22 15:41:03.378,2.09692,2.09752,1.75,1.37
2016.04.22 15:41:03.429,2.09692,2.09753,1.37,1.37
2016.04.22 15:41:04.635,2.09692,2.09752,1.50,1.50
2016.04.22 15:41:04.907,2.09692,2.09752,1.12,1.75
2016.04.22 15:41:04.958,2.09692,2.09752,1.12,1.75
2016.04.22 15:41:05.504,2.09692,2.09752,1.00,1.75
2016.04.22 15:41:05.927,2.09692,2.09749,1.37,1.00
2016.04.22 15:41:06.438,2.09692,2.09753,1.00,1.50
2016.04.22 15:41:06.640,2.09692,2.09753,1.00,1.75
2016.04.22 15:41:06.947,2.09692,2.09753,1.87,1.50
2016.04.22 15:41:07.681,2.09692,2.09753,1.87,1.75
2016.04.22 15:41:08.215,2.09692,2.09753,1.00,1.75
2016.04.22 15:41:08.620,2.09692,2.09752,1.37,1.50
2016.04.22 15:41:08.765,2.09692,2.09753,1.50,1.37
2016.04.22 15:41:08.867,2.0969,2.09753,1.37,1.75
2016.04.22 15:41:09.170,2.09695,2.09752,1.50,1.00
2016.04.22 15:41:09.671,2.09695,2.09752,1.00,1.12
2016.04.22 15:41:10.219,2.09695,2.09752,1.12,1.37
2016.04.22 15:41:10.526,2.09695,2.09753,1.50,1.00
2016.04.22 15:41:11.072,2.09695,2.09752,1.75,1.00
2016.04.22 15:41:11.697,2.09695,2.09752,1.75,1.00
2016.04.22 15:41:11.799,2.09695,2.0976,1.75,1.37
2016.04.22 15:41:12.476,2.09695,2.0976,1.75,1.37
2016.04.22 15:41:12.578,2.09695,2.0976,1.50,1.75
2016.04.22 15:41:12.901,2.09695,2.0976,1.75,1.75
2016.04.22 15:41:13.443,2.09695,2.0976,1.75,1.75
2016.04.22 15:41:13.640,2.09695,2.0976,1.50,1.75
2016.04.22 15:41:15.058,2.09695,2.09759,1.37,1.75
2016.04.22 15:41:15.960,2.09695,2.09759,1.50,1.75
2016.04.22 15:41:16.461,2.09695,2.09759,1.00,1.75
2016.04.22 15:41:16.613,2.09689,2.09753,1.37,1.75
2016.04.22 15:41:17.193,2.09689,2.09753,1.00,1.75
2016.04.22 15:41:17.762,2.09689,2.09753,1.37,1.75
2016.04.22 15:41:18.165,2.09689,2.09753,1.75,1.75
2016.04.22 15:41:18.538,2.09692,2.09753,1.50,1.37
2016.04.22 15:41:19.567,2.09692,2.09753,1.12,1.50
2016.04.22 15:41:20.393,2.09691,2.09753,1.50,1.50
2016.04.22 15:41:20.564,2.09692,2.09753,1.37,1.37
2016.04.22 15:41:20.867,2.09689,2.09747,1.37,1.00
2016.04.22 15:41:21.019,2.09689,2.09753,1.75,1.75
2016.04.22 15:41:21.223,2.09689,2.09753,1.75,1.50
2016.04.22 15:41:21.748,2.09694,2.09755,1.00,1.75
2016.04.22 15:41:22.074,2.09694,2.09756,1.37,1.75
2016.04.22 15:41:22.176,2.09694,2.09756,1.75,1.00
2016.04.22 15:41:23.411,2.09694,2.09756,1.75,1.37
2016.04.22 15:41:23.513,2.09694,2.09755,1.75,1.00
2016.04.22 15:41:24.028,2.09694,2.09755,1.75,1.00
2016.04.22 15:41:24.284,2.097,2.09764,1.37,1.75
2016.04.22 15:41:24.386,2.097,2.09764,1.75,2.25
2016.04.22 15:41:24.487,2.097,2.09764,1.75,1.37
2016.04.22 15:41:24.710,2.097,2.09764,1.75,1.50
2016.04.22 15:41:25.047,2.09694,2.09759,1.75,1.50
2016.04.22 15:41:25.098,2.09694,2.09759,1.75,1.75
2016.04.22 15:41:25.200,2.09694,2.09759,1.87,1.75
2016.04.22 15:41:26.175,2.09694,2.09759,1.75,1.50
2016.04.22 15:41:26.428,2.09694,2.09759,1.75,1.50
2016.04.22 15:41:26.631,2.09694,2.09759,1.75,1.50
2016.04.22 15:41:26.732,2.09694,2.09759,1.75,1.75
2016.04.22 15:41:27.938,2.09694,2.09759,1.37,1.50
2016.04.22 15:41:28.623,2.09694,2.09758,1.75,1.37
2016.04.22 15:41:28.972,2.09694,2.09757,1.37,1.75
2016.04.22 15:41:30.244,2.09694,2.09758,1.50,1.75
2016.04.22 15:41:30.573,2.09695,2.09757,1.12,1.75
2016.04.22 15:41:31.082,2.09695,2.09758,1.12,1.75
2016.04.22 15:41:33.211,2.0969,2.09754,1.50,1.75
2016.04.22 15:41:35.647,2.0969,2.09754,1.00,1.75
2016.04.22 15:41:35.951,2.09691,2.09754,1.75,1.75
2016.04.22 15:41:36.816,2.09691,2.09754,1.75,1.75
2016.04.22 15:41:37.811,2.09691,2.09754,1.75,1.75
2016.04.22 15:41:38.212,2.09691,2.09754,1.50,1.75
2016.04.22 15:41:39.213,2.09691,2.09754,1.75,1.75
2016.04.22 15:41:39.315,2.09694,2.09757,1.00,2.25
2016.04.22 15:41:39.417,2.09691,2.09757,1.75,1.75
2016.04.22 15:41:39.519,2.09691,2.09757,1.75,2.25
2016.04.22 15:41:40.251,2.09691,2.09757,1.75,2.25
2016.04.22 15:41:40.853,2.09691,2.09757,1.75,1.75
2016.04.22 15:41:41.559,2.09691,2.09757,1.75,1.75
2016.04.22 15:41:42.449,2.09691,2.09757,1.75,2.25
2016.04.22 15:41:42.652,2.09691,2.09757,1.75,1.75
2016.04.22 15:41:43.170,2.09691,2.09757,1.75,1.75
2016.04.22 15:41:43.474,2.09697,2.09757,1.75,1.12
2016.04.22 15:41:43.796,2.09702,2.09768,2.25,2.25
2016.04.22 15:41:43.847,2.09702,2.09768,2.25,2.25
2016.04.22 15:41:44.151,2.09696,2.09763,2.25,1.75
2016.04.22 15:41:44.362,2.09698,2.09763,1.00,1.75
2016.04.22 15:41:44.892,2.09697,2.09763,1.00,2.25
2016.04.22 15:41:45.439,2.09696,2.09763,1.87,1.75
2016.04.22 15:41:45.793,2.09702,2.09763,1.00,1.75
2016.04.22 15:41:46.236,2.09696,2.09757,1.12,1.75
2016.04.22 15:41:46.971,2.09696,2.09758,1.37,1.75
2016.04.22 15:41:48.384,2.09696,2.09758,1.50,1.37
2016.04.22 15:41:48.930,2.09696,2.09763,1.50,1.75
2016.04.22 15:41:49.757,2.09696,2.09763,1.50,1.75
2016.04.22 15:41:50.247,2.09695,2.0976,1.75,1.75
2016.04.22 15:41:50.349,2.09695,2.0976,1.75,1.75
2016.04.22 15:41:50.584,2.09696,2.0976,1.37,1.75
2016.04.22 15:41:50.890,2.09689,2.09753,1.75,1.75
2016.04.22 15:41:51.292,2.09689,2.0975,1.75,1.00
2016.04.22 15:41:51.393,2.09689,2.09753,1.75,1.00
2016.04.22 15:41:51.495,2.09691,2.09753,1.75,1.37
2016.04.22 15:41:51.812,2.09691,2.09753,1.75,1.00
2016.04.22 15:41:51.863,2.09694,2.09759,1.75,1.50
2016.04.22 15:41:52.377,2.09694,2.09759,1.75,1.37
2016.04.22 15:41:53.114,2.09694,2.09759,1.75,1.37
2016.04.22 15:41:53.413,2.09694,2.09759,1.75,1.37
2016.04.22 15:41:53.723,2.09694,2.09759,1.75,1.50
2016.04.22 15:41:53.775,2.09694,2.09759,1.75,1.75
2016.04.22 15:41:54.419,2.09694,2.09757,1.75,1.00
2016.04.22 15:41:54.677,2.09694,2.09759,1.75,1.12
2016.04.22 15:41:54.879,2.09694,2.09759,1.75,1.12
2016.04.22 15:41:56.982,2.09694,2.0976,2.25,1.37
2016.04.22 15:41:57.343,2.09697,2.0976,1.75,1.37
2016.04.22 15:41:58.085,2.09697,2.0976,1.75,1.37
2016.04.22 15:41:58.748,2.09697,2.0976,1.75,1.75
2016.04.22 15:42:00.294,2.09697,2.0976,1.50,1.37
2016.04.22 15:42:00.450,2.09697,2.09757,1.00,1.75
2016.04.22 15:42:00.501,2.09692,2.09757,1.87,2.25
2016.04.22 15:42:00.817,2.09692,2.09757,1.37,1.75
2016.04.22 15:42:01.396,2.09692,2.09757,1.50,2.25
2016.04.22 15:42:01.761,2.09692,2.09757,2.25,2.25
2016.04.22 15:42:01.812,2.09692,2.09757,2.25,1.75
2016.04.22 15:42:01.971,2.09692,2.09757,2.25,2.25
2016.04.22 15:42:02.697,2.09692,2.09757,2.25,1.75
2016.04.22 15:42:02.802,2.09697,2.09757,1.00,1.75
2016.04.22 15:42:03.147,2.09692,2.09757,2.25,1.75
2016.04.22 15:42:03.248,2.09692,2.09757,1.75,1.75
2016.04.22 15:42:03.400,2.09692,2.09757,2.25,1.75
2016.04.22 15:42:03.501,2.09692,2.09757,2.25,1.75
2016.04.22 15:42:03.700,2.09692,2.09751,2.25,1.00
2016.04.22 15:42:04.528,2.09692,2.09757,1.75,2.25
2016.04.22 15:42:04.781,2.09692,2.09757,1.75,2.25
2016.04.22 15:42:04.933,2.09692,2.09757,1.75,1.12
2016.04.22 15:42:05.034,2.09692,2.09757,2.25,1.87
2016.04.22 15:42:05.351,2.09713,2.09765,1.00,1.50
2016.04.22 15:42:05.554,2.09705,2.09765,1.75,1.12
2016.04.22 15:42:05.605,2.09705,2.09764,1.75,1.37
2016.04.22 15:42:05.858,2.09705,2.09767,1.75,1.12
2016.04.22 15:42:06.269,2.09705,2.09768,1.75,1.12
2016.04.22 15:42:06.320,2.09713,2.09765,1.00,1.37
2016.04.22 15:42:06.846,2.09705,2.09764,1.75,1.00
2016.04.22 15:42:07.259,2.09705,2.09766,1.75,1.00
2016.04.22 15:42:07.552,2.0971,2.09771,1.00,1.12
2016.04.22 15:42:07.654,2.09708,2.09766,1.00,1.50
2016.04.22 15:42:07.755,2.09704,2.09766,1.75,1.12
2016.04.22 15:42:08.059,2.09704,2.09766,1.75,1.12
2016.04.22 15:42:08.160,2.09704,2.09766,1.75,1.37
2016.04.22 15:42:08.211,2.09703,2.09766,1.75,1.37
2016.04.22 15:42:08.363,2.09703,2.09766,1.75,1.37
2016.04.22 15:42:08.585,2.09707,2.09771,1.75,1.37
2016.04.22 15:42:08.636,2.09707,2.09771,1.75,1.37
2016.04.22 15:42:08.738,2.09712,2.09771,1.37,1.75
2016.04.22 15:42:08.941,2.09707,2.09771,1.75,1.75
2016.04.22 15:42:09.251,2.09707,2.09771,1.50,1.75
2016.04.22 15:42:09.353,2.09707,2.09771,1.00,1.75
2016.04.22 15:42:09.574,2.09703,2.0976,1.12,1.75
2016.04.22 15:42:09.676,2.09704,2.0976,1.00,1.50
2016.04.22 15:42:09.730,2.09704,2.0976,1.00,1.50
2016.04.22 15:42:09.838,2.09704,2.0976,1.12,1.50
2016.04.22 15:42:10.040,2.09703,2.0976,1.37,1.50
2016.04.22 15:42:10.651,2.09703,2.0976,1.00,1.37
2016.04.22 15:42:12.235,2.09703,2.0976,1.37,1.37
2016.04.22 15:42:12.337,2.09704,2.0976,1.12,1.12
2016.04.22 15:42:12.960,2.09704,2.0976,1.00,1.37
2016.04.22 15:42:13.062,2.09704,2.0976,1.00,1.37
2016.04.22 15:42:13.113,2.09696,2.0976,1.75,1.75
2016.04.22 15:42:13.660,2.09696,2.0976,1.75,1.75
2016.04.22 15:42:13.762,2.09696,2.0976,1.75,1.75
2016.04.22 15:42:14.280,2.09696,2.0976,1.75,1.75
2016.04.22 15:42:14.381,2.09696,2.09757,1.75,1.00
2016.04.22 15:42:14.781,2.09695,2.09761,1.75,1.50
2016.04.22 15:42:14.832,2.09696,2.09761,1.75,1.12
2016.04.22 15:42:15.034,2.097,2.09766,1.75,2.25
2016.04.22 15:42:15.565,2.097,2.09766,1.75,1.75
2016.04.22 15:42:16.367,2.097,2.09766,1.75,1.50
2016.04.22 15:42:16.679,2.09703,2.09766,1.75,1.12
2016.04.22 15:42:17.656,2.09703,2.09766,1.75,1.12
2016.04.22 15:42:18.633,2.09704,2.09766,1.75,1.50
2016.04.22 15:42:18.684,2.09704,2.09766,1.75,1.75
2016.04.22 15:42:19.204,2.09704,2.09766,1.75,1.75
2016.04.22 15:42:19.305,2.09708,2.09764,1.37,1.00
2016.04.22 15:42:19.457,2.09708,2.09772,1.75,1.75
2016.04.22 15:42:19.508,2.09708,2.09772,1.75,1.75
2016.04.22 15:42:19.834,2.0971,2.09772,1.75,1.75
2016.04.22 15:42:20.518,2.0971,2.09772,1.75,1.75
2016.04.22 15:42:20.670,2.09711,2.09772,1.37,1.75
2016.04.22 15:42:20.772,2.0971,2.09772,1.75,1.37
2016.04.22 15:42:21.312,2.0971,2.09772,1.75,1.37
2016.04.22 15:42:21.414,2.0971,2.09772,1.75,1.37
2016.04.22 15:42:21.635,2.09713,2.09778,1.75,1.50
2016.04.22 15:42:22.190,2.09713,2.09778,1.75,1.75
2016.04.22 15:42:22.828,2.09713,2.09778,1.75,1.75
2016.04.22 15:42:23.343,2.09713,2.09778,1.75,1.75
2016.04.22 15:42:23.495,2.09713,2.09778,1.75,1.75
2016.04.22 15:42:23.546,2.09713,2.09778,1.75,1.75
2016.04.22 15:42:24.678,2.09713,2.09772,1.75,1.00
2016.04.22 15:42:24.992,2.09713,2.09778,1.75,1.75
2016.04.22 15:42:25.780,2.09713,2.09778,1.75,1.75
2016.04.22 15:42:26.095,2.09713,2.09778,1.75,1.75
2016.04.22 15:42:26.500,2.09713,2.09778,1.75,1.12
2016.04.22 15:42:27.013,2.09723,2.09781,1.00,1.75
2016.04.22 15:42:27.474,2.09716,2.09781,1.37,1.75
2016.04.22 15:42:27.525,2.09716,2.09781,1.37,1.75
2016.04.22 15:42:27.728,2.09716,2.09774,1.75,1.00
2016.04.22 15:42:27.930,2.09718,2.09781,1.00,1.75
2016.04.22 15:42:28.301,2.09716,2.09781,1.75,1.75
2016.04.22 15:42:28.904,2.09716,2.09781,1.50,1.75
2016.04.22 15:42:29.107,2.09716,2.09781,1.50,1.75
2016.04.22 15:42:29.500,2.09716,2.09773,1.37,1.00
2016.04.22 15:42:30.094,2.09718,2.09781,1.00,1.75
2016.04.22 15:42:30.195,2.09712,2.09774,1.75,1.75
2016.04.22 15:42:30.508,2.0971,2.09775,1.75,1.75
2016.04.22 15:42:30.809,2.0971,2.09775,1.75,1.75
2016.04.22 15:42:31.315,2.09711,2.09774,1.75,1.75
2016.04.22 15:42:31.875,2.09711,2.09774,1.75,1.75
2016.04.22 15:42:32.481,2.09712,2.09774,1.75,1.75
2016.04.22 15:42:32.940,2.09712,2.09774,1.75,1.75
2016.04.22 15:42:32.991,2.09712,2.09774,1.75,1.75
2016.04.22 15:42:33.304,2.09712,2.09774,1.75,1.50
2016.04.22 15:42:33.406,2.09712,2.09776,2.25,1.50
2016.04.22 15:42:33.933,2.09712,2.09776,1.75,1.75
2016.04.22 15:42:34.034,2.09712,2.09776,1.75,1.75
2016.04.22 15:42:34.729,2.09712,2.09776,1.75,1.75
2016.04.22 15:42:35.161,2.09712,2.09776,1.75,1.75
2016.04.22 15:42:35.312,2.09715,2.09776,1.00,1.75
2016.04.22 15:42:35.646,2.09712,2.09773,1.50,1.75
2016.04.22 15:42:35.748,2.09713,2.09768,1.00,1.00
2016.04.22 15:42:35.849,2.09708,2.09773,1.75,1.75
2016.04.22 15:42:36.139,2.09708,2.09773,1.75,1.37
2016.04.22 15:42:36.882,2.09708,2.09773,1.75,1.75
2016.04.22 15:42:37.160,2.09704,2.09768,1.75,1.37
2016.04.22 15:42:37.211,2.09703,2.09768,2.25,1.75
2016.04.22 15:42:37.262,2.09703,2.09768,1.37,1.75
2016.04.22 15:42:37.313,2.09702,2.09761,1.12,1.75
2016.04.22 15:42:38.040,2.09696,2.09761,1.75,1.75
2016.04.22 15:42:38.142,2.09696,2.09762,1.75,1.50
2016.04.22 15:42:38.493,2.09699,2.09763,1.75,1.00
2016.04.22 15:42:38.544,2.09699,2.09763,1.75,1.37
2016.04.22 15:42:38.595,2.09699,2.09763,1.75,1.37
2016.04.22 15:42:39.124,2.09705,2.09763,1.00,1.50
2016.04.22 15:42:39.443,2.097,2.09761,1.75,1.00
2016.04.22 15:42:39.768,2.09708,2.0977,1.75,1.75
2016.04.22 15:42:39.818,2.09708,2.09774,2.25,1.75
2016.04.22 15:42:40.914,2.09708,2.09774,2.25,1.50
2016.04.22 15:42:40.966,2.09714,2.09779,1.75,1.75
2016.04.22 15:42:41.067,2.09718,2.09779,1.37,1.75
2016.04.22 15:42:41.118,2.0972,2.09785,1.75,1.75
2016.04.22 15:42:41.169,2.0972,2.0978,1.75,1.00
2016.04.22 15:42:41.480,2.09727,2.09785,1.75,1.50
2016.04.22 15:42:41.582,2.09726,2.0979,1.75,1.12
2016.04.22 15:42:41.972,2.09727,2.0979,1.75,1.12
2016.04.22 15:42:42.377,2.09726,2.09787,1.75,1.00
2016.04.22 15:42:42.479,2.09727,2.0979,1.75,1.12
2016.04.22 15:42:42.854,2.09732,2.09791,1.75,1.87
2016.04.22 15:42:43.056,2.09727,2.09791,1.75,1.87
2016.04.22 15:42:43.366,2.09726,2.09784,1.75,1.12
2016.04.22 15:42:43.468,2.09726,2.09782,1.37,1.12
2016.04.22 15:42:43.740,2.09726,2.09783,1.37,1.12
2016.04.22 15:42:43.841,2.09727,2.09782,1.12,1.12
2016.04.22 15:42:44.410,2.09726,2.0978,1.12,1.12
2016.04.22 15:42:44.461,2.09726,2.0978,1.37,1.12
2016.04.22 15:42:44.817,2.09726,2.0978,1.75,1.12
2016.04.22 15:42:45.333,2.09721,2.09782,1.12,1.12
2016.04.22 15:42:45.861,2.0972,2.0978,1.75,1.12
2016.04.22 15:42:45.962,2.0972,2.09785,1.75,1.12
2016.04.22 15:42:46.165,2.09719,2.09785,2.25,1.12
2016.04.22 15:42:46.266,2.09722,2.09785,1.75,1.12
2016.04.22 15:42:46.367,2.09722,2.09785,1.75,1.12
2016.04.22 15:42:46.693,2.09719,2.09782,2.25,1.00
2016.04.22 15:42:46.996,2.09719,2.09785,2.25,1.12
2016.04.22 15:42:47.608,2.09719,2.09783,2.25,1.00
2016.04.22 15:42:48.269,2.09719,2.09785,2.25,1.37
2016.04.22 15:42:48.947,2.09719,2.09783,2.25,1.75
2016.04.22 15:42:52.686,2.09722,2.09783,1.75,1.37
2016.04.22 15:42:52.830,2.09722,2.09783,1.75,1.50
2016.04.22 15:42:52.884,2.09722,2.09784,1.75,1.87
2016.04.22 15:42:53.411,2.09722,2.09783,1.75,1.12
2016.04.22 15:42:53.462,2.0972,2.09783,2.25,1.12
2016.04.22 15:42:54.973,2.0972,2.09782,1.75,1.12
2016.04.22 15:42:55.525,2.09721,2.09783,1.75,1.12
2016.04.22 15:42:55.830,2.09721,2.09786,2.25,1.87
2016.04.22 15:42:55.932,2.09721,2.09784,2.25,1.12
2016.04.22 15:42:56.287,2.09721,2.09785,2.25,1.12
2016.04.22 15:42:56.779,2.09729,2.09787,1.75,1.12
2016.04.22 15:42:57.069,2.09728,2.09792,1.75,1.37
2016.04.22 15:42:57.600,2.09728,2.09792,1.75,1.37
2016.04.22 15:42:57.903,2.09728,2.09792,1.75,1.37
2016.04.22 15:42:58.158,2.09728,2.09792,1.75,1.75
2016.04.22 15:42:58.309,2.09728,2.09792,1.75,1.75
2016.04.22 15:42:58.411,2.09728,2.09792,1.75,1.75
2016.04.22 15:42:58.714,2.09732,2.09792,1.75,1.00
2016.04.22 15:42:58.815,2.09732,2.09792,1.75,1.12
2016.04.22 15:43:01.735,2.09729,2.09795,2.25,1.50
2016.04.22 15:43:01.786,2.09729,2.09795,1.75,1.75
2016.04.22 15:43:01.837,2.09729,2.09795,1.75,1.75
2016.04.22 15:43:01.939,2.09729,2.09795,1.75,1.75
2016.04.22 15:43:02.090,2.09729,2.09795,1.75,1.37
2016.04.22 15:43:02.141,2.09738,2.09795,1.00,1.37
2016.04.22 15:43:02.471,2.09729,2.09795,2.25,1.50
2016.04.22 15:43:02.779,2.09735,2.09798,1.75,1.12
2016.04.22 15:43:03.164,2.09735,2.09798,1.75,1.12
2016.04.22 15:43:03.823,2.09737,2.09798,1.75,1.37
2016.04.22 15:43:04.239,2.09738,2.09799,1.75,1.37
2016.04.22 15:43:04.351,2.09741,2.09804,1.75,1.12
2016.04.22 15:43:04.724,2.09741,2.09801,1.75,1.00
2016.04.22 15:43:04.876,2.09741,2.09801,1.37,1.37
2016.04.22 15:43:06.530,2.09741,2.09801,1.37,1.12
2016.04.22 15:43:07.061,2.09741,2.09802,1.75,1.37
2016.04.22 15:43:07.213,2.09741,2.09805,1.75,1.50
2016.04.22 15:43:07.264,2.09741,2.09805,1.75,1.50
2016.04.22 15:43:07.778,2.09741,2.09805,1.50,1.75
2016.04.22 15:43:08.335,2.09741,2.09805,1.50,1.75
2016.04.22 15:43:08.538,2.09741,2.09804,1.75,1.00
2016.04.22 15:43:08.769,2.09741,2.09805,1.75,1.37
2016.04.22 15:43:08.871,2.09741,2.09805,2.25,1.37
2016.04.22 15:43:08.972,2.09741,2.09805,1.75,1.50
2016.04.22 15:43:09.275,2.09741,2.09805,1.50,1.75
2016.04.22 15:43:09.858,2.09738,2.09801,1.75,1.75
2016.04.22 15:43:10.186,2.09737,2.09801,1.75,1.75
2016.04.22 15:43:10.291,2.09739,2.09801,1.00,1.75
2016.04.22 15:43:10.392,2.09737,2.09801,1.50,1.75
2016.04.22 15:43:10.695,2.09738,2.09801,1.75,1.75
2016.04.22 15:43:11.754,2.09738,2.09801,1.75,1.75
2016.04.22 15:43:12.425,2.09737,2.09801,1.75,1.75
2016.04.22 15:43:13.956,2.09737,2.09801,1.75,1.75
2016.04.22 15:43:14.259,2.09737,2.09801,1.75,1.75
2016.04.22 15:43:14.564,2.09741,2.09801,1.75,1.00
2016.04.22 15:43:14.665,2.09741,2.09803,2.25,1.00
2016.04.22 15:43:14.767,2.09741,2.09805,1.75,1.12
2016.04.22 15:43:15.103,2.09747,2.09808,1.12,1.87
2016.04.22 15:43:15.614,2.09746,2.09808,1.50,1.75
2016.04.22 15:43:16.039,2.09747,2.09808,1.37,1.50
2016.04.22 15:43:17.065,2.09747,2.09808,1.37,1.50
2016.04.22 15:43:19.172,2.09746,2.09808,1.75,1.37
2016.04.22 15:43:19.274,2.09747,2.09808,1.00,1.50
2016.04.22 15:43:19.375,2.09747,2.09808,1.12,1.75
2016.04.22 15:43:19.578,2.09741,2.09804,1.12,1.75
2016.04.22 15:43:19.680,2.09741,2.09804,1.12,1.75
2016.04.22 15:43:19.781,2.09741,2.09804,1.37,1.75
2016.04.22 15:43:20.100,2.09741,2.09799,2.25,1.00
2016.04.22 15:43:20.404,2.09742,2.09804,1.75,1.75
2016.04.22 15:43:20.915,2.09741,2.09805,1.75,1.75
2016.04.22 15:43:21.017,2.09741,2.09805,1.75,1.75
2016.04.22 15:43:21.247,2.09746,2.09808,1.37,1.12
2016.04.22 15:43:21.298,2.09746,2.0981,1.75,1.12
2016.04.22 15:43:22.418,2.09746,2.09812,1.75,1.75
2016.04.22 15:43:22.653,2.09746,2.09811,1.75,1.75
2016.04.22 15:43:22.806,2.09741,2.09806,1.50,1.37
2016.04.22 15:43:22.857,2.09741,2.09806,1.50,1.75
2016.04.22 15:43:22.909,2.09739,2.09799,1.75,1.37
2016.04.22 15:43:22.960,2.0974,2.09799,1.50,1.75
2016.04.22 15:43:23.114,2.09739,2.09799,1.00,1.75
2016.04.22 15:43:23.165,2.09735,2.09798,1.00,1.75
2016.04.22 15:43:23.216,2.09735,2.09789,1.12,1.00
2016.04.22 15:43:23.536,2.09735,2.09799,2.25,1.75
2016.04.22 15:43:23.638,2.09735,2.09799,2.25,1.75
2016.04.22 15:43:23.739,2.09735,2.09799,2.25,1.75
2016.04.22 15:43:24.042,2.09735,2.09799,1.75,1.75
2016.04.22 15:43:24.094,2.09735,2.09796,1.75,1.00
2016.04.22 15:43:24.629,2.09735,2.09799,1.75,1.75
2016.04.22 15:43:24.941,2.09735,2.09799,1.50,1.75
2016.04.22 15:43:25.144,2.09735,2.09799,2.25,1.75
2016.04.22 15:43:25.347,2.09735,2.09799,2.25,1.75
2016.04.22 15:43:25.449,2.09735,2.09799,1.75,1.75
2016.04.22 15:43:25.500,2.09735,2.09799,1.75,1.75
2016.04.22 15:43:25.603,2.09735,2.09799,2.25,1.75
2016.04.22 15:43:25.827,2.09735,2.09799,1.75,1.75
2016.04.22 15:43:26.144,2.09735,2.09799,1.75,1.75
2016.04.22 15:43:26.750,2.09735,2.09799,1.75,1.75
2016.04.22 15:43:27.166,2.09735,2.09799,2.25,1.75
2016.04.22 15:43:27.709,2.09735,2.09798,1.50,1.75
2016.04.22 15:43:27.810,2.09735,2.09798,1.50,1.75
2016.04.22 15:43:28.113,2.09732,2.09796,1.50,1.75
2016.04.22 15:43:29.656,2.09732,2.09796,1.12,1.75
2016.04.22 15:43:29.929,2.09732,2.09787,1.37,1.00
2016.04.22 15:43:30.030,2.09732,2.09796,1.37,1.75
2016.04.22 15:43:30.413,2.09734,2.09796,1.12,1.75
2016.04.22 15:43:30.818,2.09735,2.09796,1.00,1.75
2016.04.22 15:43:31.162,2.09732,2.09796,1.00,1.75
2016.04.22 15:43:31.695,2.09732,2.09796,1.37,2.25
2016.04.22 15:43:31.864,2.09732,2.09796,1.37,1.75
2016.04.22 15:43:32.168,2.09732,2.09796,1.00,2.25
2016.04.22 15:43:32.269,2.09732,2.09796,1.75,2.25
2016.04.22 15:43:32.641,2.09732,2.09796,1.37,1.75
2016.04.22 15:43:32.945,2.09726,2.09791,2.25,1.75
2016.04.22 15:43:33.148,2.09726,2.09791,1.87,1.75
2016.04.22 15:43:33.770,2.09726,2.09791,1.00,1.75
2016.04.22 15:43:33.821,2.09726,2.09791,1.50,1.75
2016.04.22 15:43:34.228,2.09726,2.09791,1.00,1.75
2016.04.22 15:43:34.675,2.09726,2.0979,1.00,1.75
2016.04.22 15:43:35.477,2.09726,2.09791,1.00,1.75
2016.04.22 15:43:35.680,2.09726,2.09784,2.25,1.00
2016.04.22 15:43:36.004,2.09726,2.09791,1.12,2.25
2016.04.22 15:43:36.308,2.09726,2.0979,1.00,1.75
2016.04.22 15:43:37.548,2.09726,2.0979,1.00,1.75
2016.04.22 15:43:38.049,2.09726,2.0979,1.50,1.75
2016.04.22 15:43:40.513,2.09723,2.09788,1.12,2.25
2016.04.22 15:43:40.665,2.09723,2.0978,1.37,1.00
2016.04.22 15:43:41.060,2.09723,2.09788,1.50,2.25
2016.04.22 15:43:42.559,2.09723,2.0978,1.75,1.00
2016.04.22 15:43:42.807,2.09723,2.09788,1.75,2.25
2016.04.22 15:43:43.485,2.09723,2.09784,1.75,1.00
2016.04.22 15:43:43.586,2.09726,2.09788,1.50,1.75
2016.04.22 15:43:43.890,2.09723,2.09783,1.37,1.75
2016.04.22 15:43:44.727,2.09717,2.09782,1.75,1.75
2016.04.22 15:43:44.778,2.09717,2.09782,1.75,1.75
2016.04.22 15:43:45.053,2.09717,2.09782,1.75,1.75
2016.04.22 15:43:45.205,2.09718,2.09782,1.00,1.75
2016.04.22 15:43:45.918,2.09717,2.09782,1.75,2.25
2016.04.22 15:43:46.706,2.09717,2.09782,1.75,1.75
2016.04.22 15:43:47.497,2.09712,2.09768,1.37,1.37
2016.04.22 15:43:47.548,2.09709,2.09761,1.00,1.00
2016.04.22 15:43:47.600,2.09703,2.09761,1.50,1.37
2016.04.22 15:43:47.652,2.09699,2.09757,1.12,1.37
2016.04.22 15:43:47.703,2.09694,2.09757,1.75,1.12
2016.04.22 15:43:48.006,2.09694,2.09758,1.75,1.00
2016.04.22 15:43:48.158,2.09694,2.09758,1.75,1.00
2016.04.22 15:43:48.590,2.09702,2.09758,1.00,1.37
2016.04.22 15:43:48.943,2.09697,2.09761,1.75,1.50
2016.04.22 15:43:49.095,2.09698,2.09761,1.75,1.75
2016.04.22 15:43:49.665,2.09697,2.09761,1.75,1.50
2016.04.22 15:43:50.208,2.09697,2.09761,1.75,1.50
2016.04.22 15:43:51.083,2.097,2.09761,1.00,1.50
2016.04.22 15:43:51.286,2.09698,2.09761,1.37,1.75
2016.04.22 15:43:51.336,2.09697,2.09761,1.00,1.75
2016.04.22 15:43:53.093,2.09697,2.09761,1.00,1.75
2016.04.22 15:43:53.245,2.09697,2.09762,1.75,1.75
2016.04.22 15:43:53.532,2.09697,2.09762,1.75,1.75
2016.04.22 15:43:54.127,2.09697,2.09762,1.75,1.75
2016.04.22 15:43:54.342,2.09697,2.09761,1.75,1.50
2016.04.22 15:43:55.031,2.09697,2.09761,1.75,1.12
2016.04.22 15:43:55.082,2.09702,2.09764,1.75,1.00
2016.04.22 15:43:55.133,2.09704,2.09764,1.00,1.37
2016.04.22 15:43:55.682,2.09703,2.09764,1.00,1.75
2016.04.22 15:43:58.599,2.09703,2.09764,1.00,1.75
2016.04.22 15:43:58.902,2.09702,2.09764,1.00,1.75
2016.04.22 15:43:59.494,2.09702,2.09764,1.00,1.75
2016.04.22 15:43:59.902,2.09702,2.09764,1.00,1.75
2016.04.22 15:44:00.627,2.09703,2.09764,1.00,1.75
2016.04.22 15:44:01.048,2.09703,2.09764,1.00,1.75
2016.04.22 15:44:01.149,2.09702,2.09762,1.00,1.75
2016.04.22 15:44:01.251,2.09697,2.09757,1.37,1.00
2016.04.22 15:44:01.453,2.09697,2.09762,1.12,2.25
2016.04.22 15:44:02.931,2.09697,2.09758,1.37,1.00
2016.04.22 15:44:03.255,2.09697,2.09761,1.37,1.75
2016.04.22 15:44:03.559,2.09697,2.09762,1.75,2.25
2016.04.22 15:44:04.060,2.09697,2.09762,1.75,2.25
2016.04.22 15:44:04.460,2.09697,2.09761,1.75,1.75
2016.04.22 15:44:04.562,2.09692,2.09758,1.75,1.37
2016.04.22 15:44:04.815,2.09709,2.09761,1.37,1.37
2016.04.22 15:44:04.866,2.09709,2.09762,1.37,1.00
2016.04.22 15:44:04.967,2.09712,2.09766,1.37,1.00
2016.04.22 15:44:05.093,2.09712,2.09766,1.37,1.00
2016.04.22 15:44:05.144,2.09711,2.09774,1.75,1.00
2016.04.22 15:44:05.195,2.09715,2.0978,1.75,2.25
2016.04.22 15:44:05.347,2.09715,2.0978,1.75,1.75
2016.04.22 15:44:05.449,2.09716,2.0978,1.00,1.37
2016.04.22 15:44:05.853,2.09715,2.09775,1.37,1.00
2016.04.22 15:44:07.566,2.09715,2.0978,1.75,2.25
2016.04.22 15:44:07.845,2.09715,2.09778,1.75,1.00
2016.04.22 15:44:08.166,2.09722,2.09778,1.00,1.12
2016.04.22 15:44:08.718,2.09722,2.09778,1.00,1.12
2016.04.22 15:44:08.971,2.09722,2.09778,1.00,1.37
2016.04.22 15:44:09.608,2.09721,2.09778,1.00,1.37
2016.04.22 15:44:09.659,2.09721,2.09778,1.00,1.12
2016.04.22 15:44:09.761,2.09715,2.09778,1.75,1.00
2016.04.22 15:44:09.869,2.09722,2.09778,1.00,1.00
2016.04.22 15:44:10.263,2.09716,2.0978,1.50,1.50
2016.04.22 15:44:10.516,2.09703,2.09766,1.12,1.50
2016.04.22 15:44:10.567,2.09703,2.09761,1.00,1.00
2016.04.22 15:44:10.873,2.09702,2.09766,1.75,1.75
2016.04.22 15:44:10.974,2.09702,2.09763,1.37,1.12
2016.04.22 15:44:11.026,2.09711,2.09763,1.00,1.12
2016.04.22 15:44:11.294,2.09725,2.09783,1.75,1.00
2016.04.22 15:44:11.347,2.09725,2.09787,1.75,1.00
2016.04.22 15:44:11.397,2.09732,2.09787,1.00,1.00
2016.04.22 15:44:11.499,2.09725,2.09787,1.75,1.00
2016.04.22 15:44:12.140,2.09725,2.09788,1.75,1.87
2016.04.22 15:44:12.677,2.09724,2.09788,1.37,1.75
2016.04.22 15:44:12.779,2.09723,2.09786,1.12,1.75
2016.04.22 15:44:12.881,2.09723,2.09786,1.75,1.37
2016.04.22 15:44:15.045,2.09723,2.09785,1.37,1.12
2016.04.22 15:44:15.551,2.09723,2.09785,1.12,1.12
2016.04.22 15:44:15.966,2.09716,2.09782,2.25,1.37
2016.04.22 15:44:16.017,2.09716,2.09782,1.37,1.75
2016.04.22 15:44:16.169,2.09716,2.09782,1.50,1.75
2016.04.22 15:44:16.602,2.09716,2.0978,1.87,1.12
2016.04.22 15:44:16.704,2.09716,2.0978,1.50,1.12
2016.04.22 15:44:17.244,2.09716,2.0978,1.00,1.12
2016.04.22 15:44:17.601,2.09715,2.09776,1.37,1.50
2016.04.22 15:44:18.006,2.09716,2.09776,1.50,1.12
2016.04.22 15:44:18.337,2.09722,2.09776,1.00,1.00
2016.04.22 15:44:20.103,2.09722,2.09781,1.00,1.12
2016.04.22 15:44:20.651,2.09722,2.09781,1.00,1.12
2016.04.22 15:44:21.252,2.09722,2.09775,1.00,1.00
2016.04.22 15:44:21.454,2.0971,2.09775,1.00,2.25
2016.04.22 15:44:21.988,2.0971,2.09767,1.37,1.00
2016.04.22 15:44:22.504,2.0971,2.09775,1.00,2.25
2016.04.22 15:44:23.022,2.0971,2.09774,1.00,1.75
2016.04.22 15:44:23.325,2.09704,2.09769,1.50,1.75
2016.04.22 15:44:23.919,2.09704,2.09769,1.50,1.75
2016.04.22 15:44:24.184,2.09706,2.09769,1.00,1.75
2016.04.22 15:44:24.622,2.09704,2.09766,1.12,1.37
2016.04.22 15:44:25.129,2.09701,2.09763,1.50,1.75
2016.04.22 15:44:25.230,2.09701,2.09763,1.75,1.37
2016.04.22 15:44:25.735,2.09701,2.09763,1.12,1.75
2016.04.22 15:44:26.403,2.09701,2.09763,1.37,1.75
2016.04.22 15:44:26.978,2.09701,2.09763,1.75,1.75
2016.04.22 15:44:27.507,2.09702,2.09763,1.00,1.75
2016.04.22 15:44:28.030,2.09701,2.09763,1.37,1.75
2016.04.22 15:44:28.775,2.09701,2.09763,1.75,1.50
2016.04.22 15:44:29.190,2.09701,2.09763,1.50,1.75
2016.04.22 15:44:29.242,2.09699,2.09763,1.75,1.75
2016.04.22 15:44:29.405,2.09699,2.09762,1.75,1.00
2016.04.22 15:44:29.744,2.09703,2.09765,1.75,1.37
2016.04.22 15:44:30.047,2.09703,2.09766,1.50,1.75
2016.04.22 15:44:30.609,2.09703,2.09766,1.50,1.75
2016.04.22 15:44:30.761,2.09703,2.09765,1.75,1.75
2016.04.22 15:44:32.726,2.09703,2.09764,1.75,1.00
2016.04.22 15:44:34.160,2.09703,2.09766,1.75,1.75
2016.04.22 15:44:34.684,2.09703,2.09765,1.75,1.75
2016.04.22 15:44:35.349,2.09705,2.09764,1.75,1.00
2016.04.22 15:44:35.460,2.09705,2.09766,1.75,1.00
2016.04.22 15:44:35.763,2.09705,2.09766,1.75,1.50
2016.04.22 15:44:36.235,2.09707,2.0977,1.00,1.75
2016.04.22 15:44:36.337,2.09705,2.0977,1.50,1.75
2016.04.22 15:44:36.640,2.09705,2.0977,1.75,1.75
2016.04.22 15:44:36.691,2.09705,2.0977,1.75,1.37
2016.04.22 15:44:37.221,2.09705,2.0977,1.75,1.50
2016.04.22 15:44:37.272,2.09705,2.0977,1.75,1.37
2016.04.22 15:44:37.575,2.09711,2.0977,1.37,1.37
2016.04.22 15:44:37.677,2.09711,2.09776,2.25,1.75
2016.04.22 15:44:37.981,2.09712,2.09776,1.75,1.37
2016.04.22 15:44:38.174,2.09712,2.09776,1.75,1.37
2016.04.22 15:44:38.722,2.09712,2.09774,1.75,1.12
2016.04.22 15:44:39.368,2.09712,2.09774,1.75,1.12
2016.04.22 15:44:39.876,2.09712,2.09775,1.75,1.37
2016.04.22 15:44:40.144,2.09715,2.09775,1.00,1.37
2016.04.22 15:44:40.246,2.09713,2.09776,1.50,1.75
2016.04.22 15:44:40.797,2.09713,2.09776,1.75,1.75
2016.04.22 15:44:41.298,2.09713,2.09776,1.75,1.75
2016.04.22 15:44:41.729,2.09714,2.09776,1.50,1.75
2016.04.22 15:44:41.983,2.09716,2.09775,1.37,1.50
2016.04.22 15:44:42.084,2.09716,2.09781,1.75,1.12
2016.04.22 15:44:42.185,2.09716,2.09781,1.75,1.12
2016.04.22 15:44:42.287,2.09716,2.09783,1.75,1.75
2016.04.22 15:44:42.388,2.09716,2.09783,1.75,2.25
2016.04.22 15:44:42.490,2.09716,2.09783,1.75,2.25
2016.04.22 15:44:42.591,2.09716,2.09783,1.75,2.25
2016.04.22 15:44:43.055,2.09716,2.09783,1.75,2.25
2016.04.22 15:44:43.490,2.09716,2.09783,1.75,2.25
2016.04.22 15:44:43.591,2.09719,2.09783,1.37,1.75
2016.04.22 15:44:43.693,2.09719,2.09783,1.50,1.50
2016.04.22 15:44:43.996,2.09722,2.09788,1.37,1.75
2016.04.22 15:44:44.462,2.0972,2.09782,1.50,1.75
2016.04.22 15:44:44.766,2.09717,2.09781,1.75,1.75
2016.04.22 15:44:44.817,2.09722,2.09781,1.50,1.50
2016.04.22 15:44:44.868,2.09722,2.09781,1.50,1.12
2016.04.22 15:44:45.037,2.09722,2.09783,1.75,1.00
2016.04.22 15:44:45.089,2.09719,2.09783,1.37,1.75
2016.04.22 15:44:45.190,2.09718,2.09783,1.00,1.75
2016.04.22 15:44:45.292,2.09716,2.09779,1.12,1.75
2016.04.22 15:44:45.999,2.09716,2.0978,1.50,1.75
2016.04.22 15:44:47.498,2.09716,2.09773,1.50,1.00
2016.04.22 15:44:48.028,2.09716,2.09779,1.50,1.75
2016.04.22 15:44:48.485,2.09716,2.09779,1.50,1.75
2016.04.22 15:44:48.536,2.09716,2.09779,1.75,1.50
2016.04.22 15:44:48.725,2.09717,2.09783,1.50,1.75
2016.04.22 15:44:49.480,2.09717,2.09783,1.50,1.75
2016.04.22 15:44:49.864,2.09724,2.09779,1.00,1.37
2016.04.22 15:44:50.067,2.09733,2.09799,1.37,1.75
2016.04.22 15:44:50.219,2.09733,2.09799,1.75,2.25
2016.04.22 15:44:50.532,2.09741,2.09799,1.00,1.75
2016.04.22 15:44:50.734,2.09741,2.09804,1.50,1.37
2016.04.22 15:44:51.270,2.09741,2.09808,1.37,1.75
2016.04.22 15:44:51.321,2.09734,2.09801,1.75,1.75
2016.04.22 15:44:51.423,2.09734,2.09801,1.37,1.75
2016.04.22 15:44:51.763,2.09755,2.09805,1.00,1.75
2016.04.22 15:44:51.865,2.09767,2.09814,1.00,1.75
2016.04.22 15:44:51.916,2.09767,2.09814,1.50,1.00
2016.04.22 15:44:51.967,2.09767,2.09832,1.50,1.75
2016.04.22 15:44:52.236,2.09771,2.09832,1.00,1.75
2016.04.22 15:44:52.438,2.09767,2.09832,1.00,1.75
2016.04.22 15:44:52.741,2.09767,2.09832,1.50,1.75
2016.04.22 15:44:52.843,2.09767,2.09832,1.00,1.75
2016.04.22 15:44:53.442,2.09773,2.09837,1.37,1.75
2016.04.22 15:44:53.492,2.09773,2.09837,1.37,1.75
2016.04.22 15:44:53.847,2.09773,2.09837,1.00,1.75
2016.04.22 15:44:54.469,2.09773,2.09837,1.00,1.75
2016.04.22 15:44:55.000,2.09773,2.09837,1.12,1.75
2016.04.22 15:44:55.627,2.09773,2.09837,1.00,2.25
2016.04.22 15:44:57.236,2.09773,2.09836,1.00,1.12
2016.04.22 15:44:57.436,2.09773,2.09836,1.00,1.12
2016.04.22 15:44:57.488,2.09773,2.09836,1.00,1.12
2016.04.22 15:44:57.539,2.09767,2.09832,1.75,1.75
2016.04.22 15:44:58.810,2.09767,2.09832,1.75,1.75
2016.04.22 15:44:59.078,2.09767,2.09832,1.75,1.75
2016.04.22 15:44:59.130,2.09766,2.09821,1.37,1.12
2016.04.22 15:44:59.181,2.09761,2.09821,1.12,1.12
2016.04.22 15:44:59.233,2.09756,2.09821,1.87,1.37
2016.04.22 15:44:59.284,2.09756,2.09821,1.87,1.75
2016.04.22 15:44:59.633,2.09756,2.09821,1.87,1.75
2016.04.22 15:44:59.684,2.09756,2.09821,1.50,1.75
2016.04.22 15:45:00.232,2.09756,2.09821,1.50,1.75
2016.04.22 15:45:00.715,2.09756,2.09821,1.87,1.75
2016.04.22 15:45:00.968,2.09756,2.09821,1.75,1.75
2016.04.22 15:45:01.633,2.09756,2.09818,1.75,1.00
2016.04.22 15:45:01.734,2.09756,2.09821,1.75,1.75
2016.04.22 15:45:01.785,2.09752,2.09814,1.75,1.00
2016.04.22 15:45:01.887,2.09746,2.09809,1.87,1.50
2016.04.22 15:45:01.989,2.09744,2.09801,1.75,1.00
2016.04.22 15:45:02.090,2.09742,2.09809,1.87,1.75
2016.04.22 15:45:02.141,2.09747,2.09809,1.00,1.75
2016.04.22 15:45:02.243,2.09742,2.09809,1.87,1.75
2016.04.22 15:45:02.294,2.09742,2.09809,1.87,1.75
2016.04.22 15:45:02.521,2.09748,2.09812,1.37,1.75
2016.04.22 15:45:02.571,2.09748,2.09812,1.75,1.75
2016.04.22 15:45:02.673,2.09748,2.09811,1.75,1.12
2016.04.22 15:45:02.895,2.09748,2.09812,1.75,1.50
2016.04.22 15:45:03.246,2.09748,2.09812,1.75,1.50
2016.04.22 15:45:03.667,2.09752,2.09812,1.37,1.75
2016.04.22 15:45:03.769,2.09752,2.09809,1.00,1.75
2016.04.22 15:45:04.072,2.09753,2.09811,1.75,1.00
2016.04.22 15:45:04.174,2.09753,2.09817,1.75,1.75
2016.04.22 15:45:04.412,2.09753,2.09817,1.50,1.75
2016.04.22 15:45:04.564,2.09748,2.09813,1.75,1.75
2016.04.22 15:45:04.665,2.09748,2.09813,1.75,1.50
2016.04.22 15:45:04.806,2.09749,2.09813,1.75,1.50
2016.04.22 15:45:05.152,2.09749,2.09813,1.75,1.75
2016.04.22 15:45:05.203,2.09749,2.09813,1.75,1.50
2016.04.22 15:45:05.304,2.09746,2.09809,1.75,1.12
2016.04.22 15:45:05.435,2.09746,2.09813,1.75,1.37
2016.04.22 15:45:05.699,2.09746,2.09812,1.75,1.12
2016.04.22 15:45:05.750,2.09741,2.09807,1.75,1.00
2016.04.22 15:45:05.800,2.09741,2.09807,1.75,1.00
2016.04.22 15:45:06.104,2.09741,2.09807,1.75,1.00
2016.04.22 15:45:06.574,2.09746,2.09813,1.75,1.37
2016.04.22 15:45:06.675,2.09746,2.09813,1.75,1.75
2016.04.22 15:45:06.776,2.09746,2.09812,1.75,1.12
2016.04.22 15:45:06.878,2.09746,2.09813,1.75,1.87
2016.04.22 15:45:07.206,2.09746,2.09812,1.75,1.12
2016.04.22 15:45:07.307,2.09746,2.09813,1.75,1.50
2016.04.22 15:45:07.882,2.09746,2.09811,1.75,1.12
2016.04.22 15:45:07.984,2.09746,2.09813,1.75,1.87
2016.04.22 15:45:08.085,2.0975,2.09813,1.00,1.87
2016.04.22 15:45:08.596,2.09746,2.09812,1.75,1.12
2016.04.22 15:45:08.810,2.09746,2.09812,1.75,1.12
2016.04.22 15:45:09.812,2.09746,2.09812,1.75,1.12
2016.04.22 15:45:10.324,2.09746,2.09813,1.75,1.50
2016.04.22 15:45:11.080,2.09746,2.09813,1.75,1.50
2016.04.22 15:45:11.723,2.09743,2.09807,1.75,1.00
2016.04.22 15:45:12.084,2.09743,2.09807,1.75,1.00
2016.04.22 15:45:12.185,2.09743,2.09807,1.75,1.00
2016.04.22 15:45:12.388,2.09743,2.09807,1.75,1.00
2016.04.22 15:45:12.490,2.09746,2.09803,1.00,1.00
2016.04.22 15:45:12.541,2.09746,2.09803,1.00,1.37
2016.04.22 15:45:12.845,2.09763,2.0983,1.75,1.75
2016.04.22 15:45:12.896,2.09763,2.0983,1.75,1.50
2016.04.22 15:45:13.099,2.09763,2.0983,1.75,1.75
2016.04.22 15:45:13.201,2.09763,2.0983,1.75,1.75
2016.04.22 15:45:13.403,2.09763,2.0983,1.75,1.12
2016.04.22 15:45:13.505,2.09763,2.0983,1.75,1.75
2016.04.22 15:45:13.839,2.09763,2.0983,1.75,1.00
2016.04.22 15:45:14.147,2.09763,2.0983,1.75,1.00
2016.04.22 15:45:14.476,2.09763,2.0983,1.75,1.37
2016.04.22 15:45:14.928,2.09765,2.0983,1.75,1.12
2016.04.22 15:45:15.306,2.09764,2.0983,1.75,1.50
2016.04.22 15:45:15.508,2.09764,2.0983,1.75,1.50
2016.04.22 15:45:15.710,2.09764,2.0983,1.75,1.75
2016.04.22 15:45:16.014,2.09769,2.09833,1.75,1.75
2016.04.22 15:45:16.485,2.09769,2.09833,1.75,1.75
2016.04.22 15:45:16.987,2.09769,2.09834,1.75,1.75
2016.04.22 15:45:17.291,2.09769,2.09833,1.75,1.75
2016.04.22 15:45:17.342,2.09769,2.09834,1.75,1.75
2016.04.22 15:45:17.846,2.09764,2.09828,1.75,1.00
2016.04.22 15:45:17.947,2.09764,2.09829,1.37,1.75
2016.04.22 15:45:17.999,2.09762,2.09822,1.75,1.37
2016.04.22 15:45:18.050,2.09762,2.09822,1.37,1.37
2016.04.22 15:45:18.101,2.09757,2.09822,1.75,1.75
2016.04.22 15:45:18.152,2.09757,2.09822,1.75,1.75
2016.04.22 15:45:18.559,2.09763,2.09822,1.00,1.75
2016.04.22 15:45:19.090,2.09757,2.09822,1.75,1.50
2016.04.22 15:45:20.059,2.09757,2.09822,1.75,1.37
2016.04.22 15:45:20.161,2.09757,2.09822,1.75,1.37
2016.04.22 15:45:20.464,2.09757,2.09822,1.75,1.75
2016.04.22 15:45:20.720,2.09757,2.09822,1.75,1.00
2016.04.22 15:45:21.022,2.09757,2.09822,1.75,1.50
2016.04.22 15:45:21.424,2.09757,2.09822,1.75,1.12
2016.04.22 15:45:21.729,2.09762,2.09824,1.75,1.00
2016.04.22 15:45:22.033,2.0974,2.09793,1.00,1.12
2016.04.22 15:45:22.383,2.09734,2.09799,2.25,1.75
2016.04.22 15:45:22.434,2.09741,2.098,1.00,1.12
2016.04.22 15:45:22.485,2.09744,2.098,1.00,1.12
2016.04.22 15:45:22.737,2.09744,2.09806,1.75,1.50
2016.04.22 15:45:22.839,2.09744,2.09806,1.75,1.50
2016.04.22 15:45:22.944,2.09747,2.09805,1.00,1.37
2016.04.22 15:45:23.248,2.09744,2.09805,1.75,1.50
2016.04.22 15:45:23.575,2.09744,2.09806,1.75,1.00
2016.04.22 15:45:23.930,2.09744,2.09805,1.75,1.37
2016.04.22 15:45:24.031,2.09744,2.09805,1.50,1.75
2016.04.22 15:45:24.133,2.09744,2.0981,1.75,1.12
2016.04.22 15:45:24.234,2.09744,2.09811,1.75,1.75
2016.04.22 15:45:24.581,2.09751,2.09812,1.75,1.75
2016.04.22 15:45:24.853,2.09751,2.09812,1.75,1.50
2016.04.22 15:45:25.055,2.09751,2.09813,1.50,1.75
2016.04.22 15:45:25.359,2.09756,2.09812,1.37,1.00
2016.04.22 15:45:25.461,2.09761,2.09824,1.75,1.12
2016.04.22 15:45:25.512,2.09761,2.09828,1.75,2.25
2016.04.22 15:45:25.563,2.09763,2.09828,1.00,1.75
2016.04.22 15:45:25.837,2.09768,2.09829,1.37,1.37
2016.04.22 15:45:25.888,2.09768,2.09829,1.37,1.37
2016.04.22 15:45:25.939,2.09768,2.09828,1.37,1.00
2016.04.22 15:45:26.444,2.09768,2.09828,1.50,1.12
2016.04.22 15:45:26.748,2.09768,2.09828,1.50,1.00
2016.04.22 15:45:27.086,2.09775,2.09828,1.00,1.00
2016.04.22 15:45:27.137,2.09772,2.09836,1.37,1.12
2016.04.22 15:45:27.188,2.09772,2.09837,1.12,1.75
2016.04.22 15:45:27.289,2.09772,2.09838,1.50,1.50
2016.04.22 15:45:27.973,2.09772,2.09837,1.50,1.50
2016.04.22 15:45:28.533,2.09772,2.09838,1.37,1.50
2016.04.22 15:45:28.762,2.09772,2.09838,1.75,1.00
2016.04.22 15:45:29.554,2.09772,2.09838,1.75,1.00
2016.04.22 15:45:29.657,2.09772,2.09837,1.75,1.37
2016.04.22 15:45:29.971,2.09772,2.09837,1.75,1.37
2016.04.22 15:45:30.479,2.09772,2.09837,1.75,1.75
2016.04.22 15:45:31.553,2.09772,2.09837,1.75,1.75
2016.04.22 15:45:31.755,2.09772,2.09838,1.75,1.75
2016.04.22 15:45:32.273,2.09772,2.09837,1.75,1.75
2016.04.22 15:45:32.425,2.09779,2.09837,1.00,1.75
2016.04.22 15:45:32.476,2.09779,2.09837,1.12,1.75
2016.04.22 15:45:32.781,2.09779,2.09837,1.37,1.37
2016.04.22 15:45:32.884,2.09779,2.09843,1.75,1.87
2016.04.22 15:45:32.985,2.09787,2.09846,1.00,1.50
2016.04.22 15:45:33.036,2.09782,2.09843,1.37,1.00
2016.04.22 15:45:33.197,2.09778,2.09836,1.00,1.37
2016.04.22 15:45:33.500,2.09778,2.09835,1.50,1.00
2016.04.22 15:45:33.803,2.09778,2.09836,1.75,1.00
2016.04.22 15:45:34.224,2.0979,2.09854,1.75,1.87
2016.04.22 15:45:34.275,2.0979,2.09851,1.75,1.37
2016.04.22 15:45:34.377,2.09789,2.09851,1.37,1.75
2016.04.22 15:45:34.680,2.0979,2.09846,1.37,1.00
2016.04.22 15:45:34.781,2.0979,2.09851,1.75,1.75
2016.04.22 15:45:34.984,2.09789,2.09851,1.12,1.75
2016.04.22 15:45:35.086,2.09789,2.09851,1.37,1.75
2016.04.22 15:45:35.620,2.09792,2.09856,1.00,2.25
2016.04.22 15:45:35.923,2.09792,2.09856,1.00,2.25
2016.04.22 15:45:35.974,2.09792,2.09856,1.00,2.25
2016.04.22 15:45:36.288,2.09792,2.09856,1.00,2.25
2016.04.22 15:45:36.403,2.09792,2.09856,1.00,2.25
2016.04.22 15:45:36.909,2.09792,2.09856,1.00,2.25
2016.04.22 15:45:37.314,2.0979,2.09848,1.00,1.75
2016.04.22 15:45:37.365,2.09785,2.09848,1.00,1.75
2016.04.22 15:45:37.520,2.09789,2.09852,1.00,1.75
2016.04.22 15:45:37.571,2.09782,2.0984,1.37,1.00
2016.04.22 15:45:37.622,2.09782,2.0984,1.00,1.37
2016.04.22 15:45:37.673,2.09777,2.09841,1.37,2.25
2016.04.22 15:45:37.826,2.09781,2.09841,1.00,1.37
2016.04.22 15:45:38.129,2.09781,2.09846,1.00,1.12
2016.04.22 15:45:38.196,2.09781,2.09837,1.00,1.00
2016.04.22 15:45:38.536,2.09781,2.0984,1.00,1.00
2016.04.22 15:45:38.637,2.09781,2.09842,1.37,1.00
2016.04.22 15:45:38.950,2.09781,2.09846,1.12,1.12
2016.04.22 15:45:39.253,2.09788,2.09842,1.00,1.00
2016.04.22 15:45:39.474,2.09788,2.09848,1.37,1.50
2016.04.22 15:45:39.651,2.09788,2.09848,1.37,1.50
2016.04.22 15:45:40.354,2.09789,2.09848,1.00,1.75
2016.04.22 15:45:40.584,2.09793,2.09848,1.00,1.75
2016.04.22 15:45:40.635,2.09793,2.09848,1.00,1.75
2016.04.22 15:45:40.911,2.09793,2.09857,1.00,1.75
2016.04.22 15:45:41.013,2.09793,2.09857,1.37,1.50
2016.04.22 15:45:41.065,2.09793,2.09857,1.37,1.50
2016.04.22 15:45:41.167,2.09798,2.09856,1.00,1.75
2016.04.22 15:45:41.470,2.09798,2.09856,1.00,1.75
2016.04.22 15:45:41.622,2.09795,2.09858,1.00,1.87
2016.04.22 15:45:41.801,2.09794,2.09854,1.12,1.75
2016.04.22 15:45:42.314,2.09794,2.09854,1.00,1.75
2016.04.22 15:45:43.142,2.09794,2.09853,1.50,1.75
2016.04.22 15:45:43.667,2.09794,2.09853,1.50,1.75
2016.04.22 15:45:44.067,2.09794,2.09853,1.50,1.75
2016.04.22 15:45:44.401,2.09787,2.09853,1.12,1.75
2016.04.22 15:45:44.452,2.09787,2.09853,1.37,1.75
2016.04.22 15:45:44.553,2.09788,2.09853,1.00,2.25
2016.04.22 15:45:45.057,2.09787,2.09853,1.00,1.75
2016.04.22 15:45:45.446,2.09783,2.09836,1.12,1.37
2016.04.22 15:45:45.498,2.09772,2.09831,1.12,1.75
2016.04.22 15:45:45.550,2.0977,2.09831,1.12,1.75
2016.04.22 15:45:45.602,2.09765,2.09829,1.12,1.75
2016.04.22 15:45:45.654,2.09765,2.09829,1.00,1.75
2016.04.22 15:45:45.756,2.09765,2.09829,1.00,1.75
2016.04.22 15:45:45.959,2.09765,2.09823,1.37,1.00
2016.04.22 15:45:46.061,2.09765,2.09829,1.50,1.75
2016.04.22 15:45:46.163,2.09765,2.09829,1.75,1.75
2016.04.22 15:45:46.583,2.09765,2.09829,1.75,1.75
2016.04.22 15:45:46.785,2.09765,2.09829,1.75,1.12
2016.04.22 15:45:47.277,2.09765,2.09829,1.75,1.37
2016.04.22 15:45:47.766,2.09765,2.09829,1.75,1.75
2016.04.22 15:45:47.918,2.0977,2.09832,1.50,1.50
2016.04.22 15:45:48.070,2.0977,2.09835,1.50,1.75
2016.04.22 15:45:48.373,2.0977,2.09836,1.37,1.87
2016.04.22 15:45:48.526,2.0977,2.09836,1.75,1.75
2016.04.22 15:45:48.909,2.0977,2.09836,1.75,1.37
2016.04.22 15:45:49.958,2.0977,2.09836,1.75,1.37
2016.04.22 15:45:50.262,2.09765,2.09827,1.12,1.75
2016.04.22 15:45:50.514,2.09765,2.09828,1.00,1.75
2016.04.22 15:45:50.666,2.09765,2.09828,1.37,1.75
2016.04.22 15:45:50.868,2.09765,2.09828,1.12,1.75
2016.04.22 15:45:51.098,2.09765,2.0983,2.25,1.75
2016.04.22 15:45:51.516,2.09765,2.0983,2.25,1.75
2016.04.22 15:45:51.668,2.09765,2.0983,1.87,1.75
2016.04.22 15:45:51.971,2.09765,2.09827,1.50,1.75
2016.04.22 15:45:52.072,2.09765,2.09819,1.00,1.00
2016.04.22 15:45:52.574,2.09765,2.09823,1.37,1.75
2016.04.22 15:45:52.777,2.09765,2.09823,1.00,1.75
2016.04.22 15:45:53.029,2.09765,2.09823,1.37,1.75
2016.04.22 15:45:53.080,2.09765,2.09823,1.00,1.75
2016.04.22 15:45:53.496,2.09765,2.0982,1.12,1.00
2016.04.22 15:45:54.274,2.09765,2.09824,1.37,1.37
2016.04.22 15:45:54.798,2.09765,2.09824,1.37,1.75
2016.04.22 15:45:55.278,2.09765,2.09823,1.37,1.00
2016.04.22 15:45:55.700,2.09763,2.09828,1.75,1.75
2016.04.22 15:45:56.541,2.09763,2.09828,1.75,1.75
2016.04.22 15:45:57.193,2.09763,2.09825,1.75,1.00
2016.04.22 15:45:57.503,2.09763,2.09828,1.75,1.75
2016.04.22 15:45:57.742,2.09768,2.09834,1.00,2.25
2016.04.22 15:45:57.794,2.09768,2.09834,1.00,3.00
2016.04.22 15:45:58.105,2.09768,2.09832,1.00,1.75
2016.04.22 15:45:58.307,2.09768,2.09818,1.00,1.00
2016.04.22 15:45:58.729,2.09762,2.09829,1.87,1.75
2016.04.22 15:45:58.831,2.09762,2.09829,2.25,1.75
2016.04.22 15:45:59.188,2.09762,2.09822,2.25,1.00
2016.04.22 15:45:59.289,2.09762,2.09829,2.25,1.75
2016.04.22 15:45:59.504,2.09762,2.09829,2.25,1.75
2016.04.22 15:45:59.987,2.09762,2.09829,1.75,1.75
2016.04.22 15:46:00.311,2.09763,2.09829,1.00,1.75
2016.04.22 15:46:00.730,2.09762,2.09829,1.75,1.75
2016.04.22 15:46:01.031,2.09762,2.09829,1.75,1.75
2016.04.22 15:46:02.435,2.09762,2.09829,1.75,1.75
2016.04.22 15:46:02.733,2.09762,2.09829,1.75,1.75
2016.04.22 15:46:03.449,2.09762,2.09829,2.25,1.75
2016.04.22 15:46:03.678,2.09762,2.09829,2.25,1.75
2016.04.22 15:46:03.931,2.09762,2.09826,2.25,1.75
2016.04.22 15:46:04.536,2.09762,2.09826,1.87,1.75
2016.04.22 15:46:04.886,2.09762,2.09826,1.00,1.75
2016.04.22 15:46:05.036,2.09762,2.09826,1.00,1.75
2016.04.22 15:46:05.441,2.09762,2.09823,1.00,1.75
2016.04.22 15:46:05.745,2.09762,2.09823,1.37,1.75
2016.04.22 15:46:05.974,2.09762,2.09823,1.37,1.75
2016.04.22 15:46:06.075,2.09762,2.09818,1.37,1.00
2016.04.22 15:46:06.585,2.09762,2.09826,1.37,1.75
2016.04.22 15:46:07.592,2.09762,2.09826,1.00,1.75
2016.04.22 15:46:07.775,2.09762,2.09826,1.00,1.75
2016.04.22 15:46:09.487,2.09761,2.09826,1.12,1.75
2016.04.22 15:46:09.790,2.09761,2.09825,1.00,1.75
2016.04.22 15:46:09.892,2.09761,2.09825,1.37,1.75
2016.04.22 15:46:10.169,2.09761,2.09826,1.75,1.75
2016.04.22 15:46:10.271,2.09767,2.09831,1.50,2.25
2016.04.22 15:46:10.555,2.09767,2.09831,1.00,1.75
2016.04.22 15:46:10.878,2.0978,2.09831,1.00,1.75
2016.04.22 15:46:11.314,2.0978,2.09831,1.00,2.25
2016.04.22 15:46:11.467,2.0978,2.09831,1.00,2.25
2016.04.22 15:46:12.406,2.0978,2.09831,1.00,2.25
2016.04.22 15:46:12.723,2.0978,2.09832,1.00,1.75
2016.04.22 15:46:12.875,2.0978,2.09832,1.00,1.75
2016.04.22 15:46:13.178,2.0978,2.09832,1.00,1.75
2016.04.22 15:46:13.511,2.0978,2.09831,1.00,1.75
2016.04.22 15:46:13.714,2.0977,2.09831,2.25,2.25
2016.04.22 15:46:13.891,2.0977,2.09831,2.25,1.75
2016.04.22 15:46:14.401,2.0977,2.09831,2.25,1.75
2016.04.22 15:46:14.503,2.0977,2.09831,2.25,1.75
2016.04.22 15:46:15.005,2.0977,2.09832,2.25,2.25
2016.04.22 15:46:15.512,2.0977,2.09832,2.62,2.25
2016.04.22 15:46:15.893,2.0977,2.09831,2.25,1.75
2016.04.22 15:46:16.325,2.0977,2.09831,2.25,1.75
2016.04.22 15:46:16.376,2.0977,2.09832,2.25,2.25
2016.04.22 15:46:16.478,2.0977,2.09831,2.25,1.75
2016.04.22 15:46:16.680,2.09771,2.09831,1.50,1.75
2016.04.22 15:46:16.731,2.09775,2.09831,1.00,1.75
2016.04.22 15:46:17.236,2.09775,2.09831,1.00,1.75
2016.04.22 15:46:17.563,2.09775,2.09831,1.00,1.75
2016.04.22 15:46:17.715,2.09775,2.09825,1.00,1.00
2016.04.22 15:46:18.120,2.09775,2.09831,1.00,1.75
2016.04.22 15:46:18.222,2.09775,2.09831,1.00,1.75
2016.04.22 15:46:18.443,2.09775,2.09832,1.00,1.75
2016.04.22 15:46:19.326,2.09775,2.09832,1.00,1.75
2016.04.22 15:46:19.647,2.09775,2.09832,1.00,1.75
2016.04.22 15:46:19.958,2.09784,2.09831,1.00,1.75
2016.04.22 15:46:20.009,2.09784,2.09832,1.00,1.75
2016.04.22 15:46:20.312,2.09784,2.09832,1.00,1.50
2016.04.22 15:46:20.842,2.09784,2.09831,1.00,1.50
2016.04.22 15:46:21.728,2.09784,2.09831,1.00,1.50
2016.04.22 15:46:21.999,2.09784,2.09831,1.00,1.75
2016.04.22 15:46:22.171,2.09764,2.09821,1.87,1.00
2016.04.22 15:46:22.223,2.09764,2.09821,1.00,1.37
2016.04.22 15:46:22.528,2.09763,2.09811,2.25,1.00
2016.04.22 15:46:22.832,2.09764,2.09822,1.00,1.12
2016.04.22 15:46:22.934,2.09769,2.09829,1.37,1.75
2016.04.22 15:46:23.253,2.09769,2.09829,1.00,1.75
2016.04.22 15:46:23.657,2.09769,2.09829,1.00,1.75
2016.04.22 15:46:24.349,2.09777,2.09829,1.00,1.75
2016.04.22 15:46:24.860,2.09777,2.09829,1.00,1.75
2016.04.22 15:46:24.911,2.09777,2.09829,1.00,1.75
2016.04.22 15:46:24.962,2.09777,2.09829,1.00,1.75
2016.04.22 15:46:25.114,2.09777,2.0983,1.00,1.87
2016.04.22 15:46:25.215,2.09777,2.0983,1.00,1.87
2016.04.22 15:46:25.316,2.09777,2.0983,1.00,1.87
2016.04.22 15:46:25.849,2.09777,2.09829,1.00,1.75
2016.04.22 15:46:27.156,2.09777,2.09829,1.00,1.75
2016.04.22 15:46:27.658,2.09777,2.09822,1.00,1.00
2016.04.22 15:46:28.339,2.09777,2.09829,1.00,1.75
2016.04.22 15:46:29.461,2.09777,2.09827,1.00,1.75
2016.04.22 15:46:29.765,2.09777,2.09822,1.00,1.75
2016.04.22 15:46:29.917,2.09763,2.09821,1.00,1.75
2016.04.22 15:46:30.421,2.09763,2.09822,1.00,1.75
2016.04.22 15:46:30.674,2.09763,2.09822,1.00,1.75
2016.04.22 15:46:30.775,2.09763,2.09822,1.00,1.75
2016.04.22 15:46:30.826,2.09763,2.09822,1.00,1.75
2016.04.22 15:46:30.979,2.09763,2.09821,1.00,1.37
2016.04.22 15:46:31.131,2.09763,2.09822,1.00,1.75
2016.04.22 15:46:31.771,2.09763,2.09813,1.00,1.00
2016.04.22 15:46:32.321,2.09763,2.09822,1.00,1.75
2016.04.22 15:46:32.372,2.09763,2.09821,1.00,1.75
2016.04.22 15:46:33.273,2.09761,2.09821,1.75,1.75
2016.04.22 15:46:34.276,2.09761,2.09822,1.75,1.75
2016.04.22 15:46:34.377,2.09761,2.09822,1.75,1.75
2016.04.22 15:46:34.884,2.0976,2.09821,1.75,1.12
2016.04.22 15:46:35.901,2.0976,2.09821,1.75,1.12
2016.04.22 15:46:37.003,2.0976,2.09821,1.75,1.12
2016.04.22 15:46:37.205,2.0976,2.09821,1.75,1.50
2016.04.22 15:46:37.457,2.0976,2.09822,1.75,1.75
2016.04.22 15:46:37.989,2.0976,2.09822,1.75,1.87
2016.04.22 15:46:38.329,2.0976,2.09821,1.75,1.12
2016.04.22 15:46:38.903,2.0976,2.09821,1.75,1.87
2016.04.22 15:46:39.005,2.09766,2.09821,1.00,1.00
2016.04.22 15:46:39.308,2.09766,2.09829,1.00,1.75
2016.04.22 15:46:39.649,2.09772,2.09829,1.00,1.75
2016.04.22 15:46:39.700,2.09772,2.09829,1.00,1.75
2016.04.22 15:46:39.802,2.09765,2.09822,1.37,1.00
2016.04.22 15:46:39.904,2.0976,2.09819,1.87,1.75
2016.04.22 15:46:40.420,2.0976,2.09819,1.87,1.75
2016.04.22 15:46:40.730,2.09764,2.09818,1.00,1.75
2016.04.22 15:46:41.097,2.09764,2.09818,1.00,1.00
2016.04.22 15:46:41.198,2.09764,2.09818,1.00,1.50
2016.04.22 15:46:41.810,2.09774,2.09819,2.25,1.50
2016.04.22 15:46:42.334,2.09774,2.09818,2.25,1.00
2016.04.22 15:46:42.889,2.09774,2.09818,2.25,1.75
2016.04.22 15:46:43.173,2.09764,2.09818,1.37,1.75
2016.04.22 15:46:43.224,2.09764,2.09819,1.37,1.37
2016.04.22 15:46:43.527,2.09762,2.09819,1.12,1.12
2016.04.22 15:46:43.628,2.09759,2.09819,1.75,1.50
2016.04.22 15:46:43.932,2.09765,2.09819,1.00,1.00
2016.04.22 15:46:44.033,2.09764,2.09825,1.37,1.75
2016.04.22 15:46:44.215,2.09768,2.09826,1.00,1.37
2016.04.22 15:46:44.519,2.09778,2.09829,1.00,1.37
2016.04.22 15:46:44.721,2.09777,2.09828,1.00,1.12
2016.04.22 15:46:45.026,2.09778,2.09831,1.00,1.00
2016.04.22 15:46:45.128,2.09778,2.09832,1.00,1.12
2016.04.22 15:46:45.474,2.09778,2.09835,1.00,2.25
2016.04.22 15:46:45.988,2.09778,2.09835,1.00,2.25
2016.04.22 15:46:46.566,2.09777,2.09835,1.00,2.25
2016.04.22 15:46:46.802,2.09778,2.09835,1.00,1.75
2016.04.22 15:46:47.114,2.09777,2.09835,1.00,1.75
2016.04.22 15:46:47.814,2.09778,2.09835,1.00,1.75
2016.04.22 15:46:48.597,2.09778,2.09835,1.00,1.75
2016.04.22 15:46:48.917,2.09778,2.09835,1.00,1.75
2016.04.22 15:46:49.322,2.09777,2.09824,1.00,1.75
2016.04.22 15:46:49.492,2.0977,2.09824,1.50,1.75
2016.04.22 15:46:50.623,2.09766,2.09822,2.25,1.75
2016.04.22 15:46:50.726,2.09761,2.09822,1.00,1.75
2016.04.22 15:46:51.049,2.09762,2.09822,1.00,1.75
2016.04.22 15:46:51.251,2.09765,2.09814,1.00,1.37
2016.04.22 15:46:51.352,2.09763,2.09815,1.12,1.00
2016.04.22 15:46:51.454,2.09778,2.09825,1.00,1.75
2016.04.22 15:46:51.555,2.09778,2.09826,1.00,1.75
2016.04.22 15:46:51.963,2.09778,2.09826,1.00,1.75
2016.04.22 15:46:52.115,2.09778,2.09826,1.00,1.50
2016.04.22 15:46:52.216,2.09778,2.09825,1.00,1.75
2016.04.22 15:46:52.419,2.09778,2.0982,1.00,1.00
2016.04.22 15:46:52.521,2.09778,2.09825,1.00,1.75
2016.04.22 15:46:52.622,2.09778,2.09825,1.00,1.75
2016.04.22 15:46:52.724,2.09778,2.09826,1.00,1.75
2016.04.22 15:46:53.015,2.09778,2.09826,1.00,1.50
2016.04.22 15:46:53.318,2.09778,2.09826,1.00,1.37
2016.04.22 15:46:53.733,2.09778,2.09826,1.00,1.75
2016.04.22 15:46:54.108,2.09778,2.09814,1.00,1.75
2016.04.22 15:46:54.159,2.09778,2.09822,1.00,1.12
2016.04.22 15:46:54.211,2.09778,2.09824,1.00,1.12
2016.04.22 15:46:54.262,2.09778,2.09825,1.00,1.50
2016.04.22 15:46:54.423,2.09771,2.09825,1.12,1.12
2016.04.22 15:46:54.958,2.0977,2.09825,3.00,1.37
2016.04.22 15:46:55.859,2.0977,2.09825,3.00,1.75
2016.04.22 15:46:56.426,2.09771,2.09825,1.12,1.37
2016.04.22 15:46:56.943,2.09772,2.09825,1.75,1.00
2016.04.22 15:46:58.170,2.09771,2.09826,1.75,1.00
2016.04.22 15:46:58.951,2.09773,2.09831,1.75,1.12
2016.04.22 15:46:59.053,2.0978,2.09835,1.75,1.75
2016.04.22 15:46:59.155,2.09781,2.09835,1.75,1.00
2016.04.22 15:46:59.506,2.09781,2.09842,1.75,1.75
2016.04.22 15:47:00.011,2.0978,2.09843,2.62,1.75
2016.04.22 15:47:00.062,2.09781,2.09843,1.75,1.75
2016.04.22 15:47:00.265,2.09789,2.09841,1.37,1.75
2016.04.22 15:47:01.059,2.09773,2.09837,1.12,1.75
2016.04.22 15:47:01.642,2.09773,2.0983,1.75,1.37
2016.04.22 15:47:02.030,2.09781,2.0983,1.00,1.75
2016.04.22 15:47:02.893,2.09781,2.09829,1.00,1.00
2016.04.22 15:47:04.567,2.09781,2.0983,1.00,1.00
2016.04.22 15:47:04.979,2.09792,2.09838,1.00,1.37
2016.04.22 15:47:05.282,2.09792,2.09838,1.00,1.75
2016.04.22 15:47:05.585,2.09792,2.09839,1.00,1.75
2016.04.22 15:47:06.014,2.09792,2.09838,1.00,1.75
2016.04.22 15:47:06.317,2.09792,2.09839,1.00,1.75
2016.04.22 15:47:06.876,2.09792,2.09838,1.00,1.75
2016.04.22 15:47:08.010,2.09792,2.09838,1.00,1.75
2016.04.22 15:47:08.111,2.09792,2.09838,1.00,1.50
2016.04.22 15:47:08.314,2.09793,2.09839,1.00,1.00
2016.04.22 15:47:08.446,2.09793,2.09848,1.00,2.25
2016.04.22 15:47:08.800,2.09792,2.09848,1.50,2.25
2016.04.22 15:47:09.103,2.09793,2.09848,1.00,2.25
2016.04.22 15:47:09.204,2.09792,2.09848,1.50,2.25
2016.04.22 15:47:09.635,2.09843,2.09859,1.00,1.75
2016.04.22 15:47:09.736,2.09846,2.09878,1.37,1.37
2016.04.22 15:47:09.789,2.09852,2.09899,1.75,1.00
2016.04.22 15:47:09.890,2.09852,2.09915,1.75,1.00
2016.04.22 15:47:09.991,2.09852,2.09915,2.25,1.37
2016.04.22 15:47:10.094,2.09852,2.09915,1.12,1.75
2016.04.22 15:47:10.197,2.09852,2.09915,2.25,1.50
2016.04.22 15:47:10.400,2.09855,2.09915,1.00,1.75
2016.04.22 15:47:10.630,2.09852,2.09911,1.75,1.37
2016.04.22 15:47:10.732,2.09852,2.0991,2.25,1.00
2016.04.22 15:47:10.834,2.09852,2.0991,2.25,1.50
2016.04.22 15:47:10.935,2.09853,2.0991,1.00,1.50
2016.04.22 15:47:11.087,2.09853,2.0991,1.75,1.37
2016.04.22 15:47:11.138,2.09857,2.0991,1.12,1.00
2016.04.22 15:47:11.723,2.09853,2.09906,1.75,1.00
2016.04.22 15:47:12.027,2.09843,2.09898,1.12,1.87
2016.04.22 15:47:12.078,2.09843,2.09898,1.12,1.87
2016.04.22 15:47:12.129,2.09842,2.09898,1.12,1.87
2016.04.22 15:47:12.230,2.09841,2.09898,1.12,1.50
2016.04.22 15:47:12.382,2.09841,2.09905,1.75,1.75
2016.04.22 15:47:12.433,2.09841,2.09905,1.75,1.37
2016.04.22 15:47:12.535,2.09841,2.09905,1.75,1.00
2016.04.22 15:47:13.048,2.09846,2.09906,1.75,1.12
2016.04.22 15:47:13.250,2.09846,2.09907,1.50,1.50
2016.04.22 15:47:14.751,2.09846,2.09907,1.75,1.50
2016.04.22 15:47:14.852,2.09846,2.09907,1.75,1.50
2016.04.22 15:47:15.216,2.09846,2.09906,1.75,1.00
2016.04.22 15:47:15.737,2.09846,2.09907,1.75,1.00
2016.04.22 15:47:16.802,2.09846,2.09907,1.75,1.00
2016.04.22 15:47:17.122,2.09855,2.09907,1.00,1.00
2016.04.22 15:47:17.224,2.0985,2.09906,1.75,1.12
2016.04.22 15:47:17.325,2.0985,2.09907,1.37,1.00
2016.04.22 15:47:17.628,2.09859,2.09919,1.37,1.50
2016.04.22 15:47:17.847,2.0986,2.09919,1.12,1.00
2016.04.22 15:47:17.949,2.09861,2.09921,1.75,1.00
2016.04.22 15:47:18.457,2.09861,2.09924,1.75,1.46
2016.04.22 15:47:18.760,2.09861,2.09924,1.75,1.00
2016.04.22 15:47:19.064,2.09861,2.09924,1.75,1.00
2016.04.22 15:47:19.605,2.09861,2.09924,1.75,1.00
2016.04.22 15:47:20.034,2.09861,2.09924,1.75,1.37
2016.04.22 15:47:20.135,2.09861,2.09924,1.75,1.12
2016.04.22 15:47:20.236,2.09861,2.09924,1.75,1.00
2016.04.22 15:47:20.540,2.09861,2.09924,1.75,1.00
2016.04.22 15:47:20.862,2.09861,2.09924,1.87,1.50
2016.04.22 15:47:21.115,2.09865,2.09928,1.12,1.75
2016.04.22 15:47:21.165,2.09865,2.09928,1.37,1.75
2016.04.22 15:47:21.468,2.09865,2.09927,1.75,1.50
2016.04.22 15:47:21.519,2.09865,2.09927,1.75,1.12
2016.04.22 15:47:21.772,2.09865,2.09928,1.75,1.00
2016.04.22 15:47:22.042,2.09869,2.09928,1.75,1.12
2016.04.22 15:47:22.570,2.09869,2.09927,1.75,1.00
2016.04.22 15:47:22.671,2.09869,2.09927,1.75,1.12
2016.04.22 15:47:23.166,2.09868,2.09927,1.75,1.50
2016.04.22 15:47:23.444,2.09869,2.09927,1.50,1.12
2016.04.22 15:47:23.994,2.09869,2.09928,1.75,1.12
2016.04.22 15:47:24.275,2.09871,2.09928,1.00,1.12
2016.04.22 15:47:24.477,2.09872,2.09927,1.37,1.00
2016.04.22 15:47:24.755,2.09873,2.09935,1.75,1.12
2016.04.22 15:47:24.856,2.09877,2.09937,1.50,1.50
2016.04.22 15:47:25.160,2.09877,2.09937,1.87,1.75
2016.04.22 15:47:25.261,2.09877,2.09938,2.25,1.37
2016.04.22 15:47:26.764,2.09878,2.09938,1.00,1.37
2016.04.22 15:47:27.179,2.09877,2.09937,1.50,1.75
2016.04.22 15:47:27.716,2.09876,2.09935,1.12,1.75
2016.04.22 15:47:28.075,2.09876,2.09935,1.00,1.75
2016.04.22 15:47:28.470,2.09876,2.09935,1.75,1.00
2016.04.22 15:47:28.571,2.09877,2.09938,1.75,1.50
2016.04.22 15:47:28.622,2.09877,2.09938,1.75,1.50
2016.04.22 15:47:29.163,2.09877,2.09937,1.75,1.00
2016.04.22 15:47:29.678,2.09877,2.09937,2.25,1.00
2016.04.22 15:47:30.120,2.09877,2.09937,2.25,1.00
2016.04.22 15:47:30.272,2.09878,2.09941,1.75,1.00
2016.04.22 15:47:30.990,2.09881,2.09941,1.12,1.12
2016.04.22 15:47:31.546,2.09881,2.09941,1.12,1.12
2016.04.22 15:47:31.902,2.09881,2.09941,1.37,1.37
2016.04.22 15:47:32.447,2.09881,2.09941,1.37,1.37
2016.04.22 15:47:32.781,2.09883,2.09946,1.50,2.25
2016.04.22 15:47:32.832,2.09883,2.09946,1.75,2.25
2016.04.22 15:47:33.098,2.09883,2.09946,1.50,1.75
2016.04.22 15:47:33.603,2.09883,2.09946,1.75,1.37
2016.04.22 15:47:33.901,2.09883,2.09946,1.75,1.87
2016.04.22 15:47:34.234,2.09896,2.09955,1.75,1.50
2016.04.22 15:47:34.336,2.09896,2.0996,1.75,1.75
2016.04.22 15:47:34.693,2.09896,2.0996,1.75,1.50
2016.04.22 15:47:35.125,2.09896,2.0996,1.75,1.75
2016.04.22 15:47:35.327,2.09896,2.0996,1.75,1.75
2016.04.22 15:47:35.855,2.09896,2.09957,1.75,1.00
2016.04.22 15:47:36.158,2.099,2.0996,1.00,1.37
2016.04.22 15:47:36.319,2.09897,2.0996,1.12,1.75
2016.04.22 15:47:36.622,2.09894,2.0995,1.87,1.37
2016.04.22 15:47:37.078,2.0989,2.09949,1.12,1.12
2016.04.22 15:47:37.299,2.0989,2.09948,1.12,1.37
2016.04.22 15:47:37.976,2.09884,2.09949,1.75,1.37
2016.04.22 15:47:38.419,2.09884,2.09949,1.75,1.00
2016.04.22 15:47:38.963,2.09884,2.09948,1.75,1.00
2016.04.22 15:47:39.321,2.09884,2.09949,1.75,1.00
2016.04.22 15:47:39.625,2.09884,2.0995,2.25,1.00
2016.04.22 15:47:39.993,2.09897,2.0995,1.12,1.00
2016.04.22 15:47:40.044,2.09897,2.09955,1.12,1.87
2016.04.22 15:47:40.715,2.09899,2.09955,1.12,1.50
2016.04.22 15:47:40.867,2.09901,2.09957,1.12,1.00
2016.04.22 15:47:40.918,2.09903,2.09965,1.75,1.75
2016.04.22 15:47:40.969,2.09903,2.09963,1.75,1.00
2016.04.22 15:47:41.291,2.09903,2.09967,1.75,1.87
2016.04.22 15:47:41.745,2.09903,2.09967,1.75,1.75
2016.04.22 15:47:41.897,2.09905,2.09967,1.00,1.75
2016.04.22 15:47:41.998,2.09901,2.09961,1.87,1.37
2016.04.22 15:47:42.262,2.09898,2.09956,1.12,1.00
2016.04.22 15:47:42.568,2.09892,2.09953,1.12,1.37
2016.04.22 15:47:43.118,2.09894,2.09953,1.12,1.75
2016.04.22 15:47:43.458,2.09891,2.09952,1.87,1.75
2016.04.22 15:47:43.784,2.0989,2.09944,1.12,1.37
2016.04.22 15:47:44.344,2.09892,2.09944,1.12,1.00
2016.04.22 15:47:44.944,2.0989,2.09943,1.37,1.00
2016.04.22 15:47:45.449,2.0989,2.09944,1.12,1.00
2016.04.22 15:47:45.753,2.09886,2.09944,3.00,1.75
2016.04.22 15:47:46.056,2.09888,2.09944,1.12,1.75
2016.04.22 15:47:46.495,2.09886,2.09944,3.00,1.75
2016.04.22 15:47:47.474,2.09887,2.09943,1.12,1.37
2016.04.22 15:47:48.193,2.09886,2.09944,1.75,1.75
2016.04.22 15:47:50.409,2.09888,2.09943,1.12,1.37
2016.04.22 15:47:50.510,2.09885,2.09944,1.12,1.75
2016.04.22 15:47:51.035,2.09887,2.09944,1.12,1.75
2016.04.22 15:47:51.087,2.09886,2.09943,1.12,1.37
2016.04.22 15:47:51.391,2.09884,2.09943,1.87,1.50
2016.04.22 15:47:51.594,2.09886,2.09948,1.12,1.75
2016.04.22 15:47:51.696,2.09887,2.09948,1.12,1.75
2016.04.22 15:47:51.999,2.09884,2.09948,1.87,1.75
2016.04.22 15:47:52.817,2.09885,2.09948,1.12,1.75
2016.04.22 15:47:53.183,2.0989,2.09954,1.12,1.87
2016.04.22 15:47:53.234,2.0989,2.09953,1.12,1.75
2016.04.22 15:47:53.548,2.09892,2.09953,1.12,1.12
2016.04.22 15:47:54.524,2.09889,2.09953,1.87,1.50
2016.04.22 15:47:54.575,2.09889,2.09953,1.87,1.75
2016.04.22 15:47:54.676,2.09897,2.0996,1.00,1.75
2016.04.22 15:47:54.727,2.09901,2.09964,1.00,1.87
2016.04.22 15:47:54.779,2.09901,2.09964,1.00,1.87
2016.04.22 15:47:54.880,2.09901,2.09967,1.00,1.75
2016.04.22 15:47:55.021,2.09901,2.09967,1.37,1.75
2016.04.22 15:47:55.324,2.09901,2.09967,1.37,1.75
2016.04.22 15:47:55.578,2.09901,2.09967,1.87,1.50
2016.04.22 15:47:55.881,2.099,2.0995,1.00,1.37
2016.04.22 15:47:55.932,2.09889,2.0995,1.37,1.75
2016.04.22 15:47:56.073,2.09889,2.0995,1.00,1.75
2016.04.22 15:47:56.124,2.09889,2.0995,1.00,1.75
2016.04.22 15:47:56.225,2.09885,2.09948,1.12,1.75
2016.04.22 15:47:56.327,2.09885,2.09949,1.37,1.75
2016.04.22 15:47:56.630,2.09885,2.09949,1.75,1.75
2016.04.22 15:47:57.262,2.09885,2.09949,1.75,1.75
2016.04.22 15:47:57.831,2.09885,2.09949,1.75,1.75
2016.04.22 15:47:58.098,2.09885,2.09948,1.75,1.50
2016.04.22 15:47:58.149,2.09885,2.09949,1.50,1.75
2016.04.22 15:47:58.622,2.0989,2.09949,1.12,1.75
2016.04.22 15:47:59.135,2.09888,2.0995,1.12,1.75
2016.04.22 15:48:00.204,2.09886,2.09949,1.75,1.75
2016.04.22 15:48:00.608,2.09885,2.09948,1.75,1.75
2016.04.22 15:48:00.710,2.09887,2.09948,1.12,1.75
2016.04.22 15:48:00.811,2.09888,2.09948,1.12,1.75
2016.04.22 15:48:00.913,2.09891,2.09948,1.12,1.75
2016.04.22 15:48:01.117,2.09888,2.09949,1.75,2.25
2016.04.22 15:48:01.647,2.09885,2.09949,1.50,2.25
2016.04.22 15:48:02.193,2.09885,2.09948,1.87,1.75
2016.04.22 15:48:02.244,2.09885,2.09949,1.50,2.25
2016.04.22 15:48:02.839,2.09885,2.09949,1.12,2.25
2016.04.22 15:48:02.901,2.09885,2.09949,1.12,2.25
2016.04.22 15:48:03.503,2.09885,2.09948,1.12,1.75
2016.04.22 15:48:03.908,2.09885,2.09949,1.12,3.00
2016.04.22 15:48:04.331,2.09885,2.09949,1.12,2.25
2016.04.22 15:48:04.534,2.09879,2.09941,1.00,1.75
2016.04.22 15:48:04.635,2.09878,2.09933,1.00,1.50
2016.04.22 15:48:04.687,2.09871,2.09933,1.37,1.75
2016.04.22 15:48:04.738,2.09864,2.0992,1.75,1.50
2016.04.22 15:48:05.107,2.0986,2.0992,1.12,1.75
2016.04.22 15:48:05.158,2.0986,2.0992,1.12,1.75
2016.04.22 15:48:05.612,2.09864,2.0992,1.12,1.50
2016.04.22 15:48:05.714,2.09868,2.09923,1.12,1.37
2016.04.22 15:48:05.816,2.09871,2.09923,1.00,1.37
2016.04.22 15:48:05.918,2.09864,2.09918,2.25,1.37
2016.04.22 15:48:05.969,2.09861,2.09918,1.37,1.75
2016.04.22 15:48:06.020,2.09861,2.09918,1.37,1.75
2016.04.22 15:48:06.284,2.09855,2.09918,2.25,1.75
2016.04.22 15:48:06.335,2.09855,2.09913,2.25,1.00
2016.04.22 15:48:06.638,2.09856,2.09917,1.12,1.00
2016.04.22 15:48:07.568,2.0986,2.09926,1.37,2.25
2016.04.22 15:48:07.770,2.0986,2.09926,1.37,2.25
2016.04.22 15:48:08.267,2.0986,2.09926,1.37,1.75
2016.04.22 15:48:08.369,2.0986,2.09926,1.37,1.75
2016.04.22 15:48:08.423,2.0986,2.09921,1.75,1.00
2016.04.22 15:48:08.524,2.09867,2.09926,1.00,1.75
2016.04.22 15:48:08.888,2.09867,2.09926,1.75,1.00
2016.04.22 15:48:09.061,2.09867,2.09931,1.87,1.50
2016.04.22 15:48:09.584,2.09873,2.09932,1.00,1.00
2016.04.22 15:48:09.635,2.09873,2.09937,1.37,1.75
2016.04.22 15:48:10.199,2.09873,2.09938,1.12,2.25
2016.04.22 15:48:10.974,2.09873,2.09937,1.75,1.75
2016.04.22 15:48:11.919,2.09874,2.09938,2.25,1.75
2016.04.22 15:48:12.270,2.09879,2.09943,1.37,1.87
2016.04.22 15:48:12.371,2.09879,2.09943,1.75,1.50
2016.04.22 15:48:12.778,2.09879,2.09943,1.50,1.37
2016.04.22 15:48:13.322,2.09879,2.09943,1.12,1.75
2016.04.22 15:48:13.692,2.09879,2.09943,1.00,1.75
2016.04.22 15:48:14.025,2.09873,2.09938,2.25,1.75
2016.04.22 15:48:14.531,2.09873,2.09938,2.25,2.25
2016.04.22 15:48:14.582,2.09873,2.09937,1.75,1.75
2016.04.22 15:48:15.005,2.09873,2.09937,1.00,1.75
2016.04.22 15:48:15.880,2.09873,2.09936,1.50,1.75
2016.04.22 15:48:16.424,2.09873,2.09936,1.12,1.75
2016.04.22 15:48:17.086,2.09873,2.09936,1.50,1.75
2016.04.22 15:48:17.303,2.09873,2.09936,1.50,1.75
2016.04.22 15:48:17.813,2.09873,2.09936,1.00,1.75
2016.04.22 15:48:17.914,2.09873,2.09936,1.50,1.75
2016.04.22 15:48:18.218,2.09879,2.09937,1.00,1.75
2016.04.22 15:48:18.269,2.09879,2.09937,1.00,1.75
2016.04.22 15:48:18.320,2.09879,2.09937,1.00,1.37
2016.04.22 15:48:18.840,2.09879,2.09936,1.00,1.12
2016.04.22 15:48:19.893,2.09879,2.09943,1.12,1.75
2016.04.22 15:48:20.596,2.09879,2.09943,1.00,1.75
2016.04.22 15:48:21.424,2.09879,2.09943,1.00,1.75
2016.04.22 15:48:23.785,2.09879,2.09943,1.00,1.75
2016.04.22 15:48:23.995,2.09877,2.09941,1.00,1.75
2016.04.22 15:48:24.104,2.09877,2.09941,1.00,1.75
2016.04.22 15:48:25.530,2.09877,2.09941,1.12,1.75
2016.04.22 15:48:25.782,2.09877,2.09941,1.37,1.75
2016.04.22 15:48:26.613,2.09877,2.09941,1.00,1.75
2016.04.22 15:48:27.013,2.09877,2.09941,1.00,1.75
2016.04.22 15:48:27.664,2.09877,2.09941,1.00,1.75
2016.04.22 15:48:27.788,2.09877,2.09941,1.00,1.75
2016.04.22 15:48:28.216,2.09877,2.09941,1.00,1.75
2016.04.22 15:48:28.522,2.09874,2.09937,1.12,1.37
2016.04.22 15:48:28.624,2.09873,2.09937,1.50,2.25
2016.04.22 15:48:28.727,2.09873,2.09937,1.37,1.75
2016.04.22 15:48:28.829,2.09873,2.09937,1.12,2.25
2016.04.22 15:48:28.939,2.09873,2.09937,1.37,2.25
2016.04.22 15:48:29.264,2.09873,2.09937,1.00,2.25
2016.04.22 15:48:29.366,2.0987,2.09937,1.50,2.25
2016.04.22 15:48:29.996,2.0987,2.09937,1.87,2.25
2016.04.22 15:48:30.097,2.09876,2.09937,1.12,1.75
2016.04.22 15:48:30.148,2.09876,2.09937,1.12,1.75
2016.04.22 15:48:30.199,2.09876,2.09937,1.37,1.50
2016.04.22 15:48:30.250,2.09877,2.09942,1.75,1.75
2016.04.22 15:48:30.728,2.09877,2.09942,1.75,1.75
2016.04.22 15:48:30.830,2.09881,2.09948,1.75,1.75
2016.04.22 15:48:31.134,2.09888,2.09948,1.12,1.75
2016.04.22 15:48:32.328,2.09888,2.09948,1.00,1.75
2016.04.22 15:48:32.703,2.09888,2.09948,1.00,1.75
2016.04.22 15:48:33.206,2.09888,2.09948,1.00,2.25
2016.04.22 15:48:33.528,2.09888,2.09948,1.75,1.50
2016.04.22 15:48:33.630,2.09888,2.09953,1.12,1.87
2016.04.22 15:48:33.985,2.09888,2.09953,1.12,1.87
2016.04.22 15:48:35.323,2.09888,2.09953,1.37,1.87
2016.04.22 15:48:36.657,2.09888,2.09953,1.12,1.87
2016.04.22 15:48:36.941,2.09889,2.09953,1.37,1.87
2016.04.22 15:48:37.254,2.09887,2.09949,1.75,1.75
2016.04.22 15:48:37.557,2.09868,2.09928,1.12,1.75
2016.04.22 15:48:37.962,2.09862,2.09927,1.37,1.75
2016.04.22 15:48:38.185,2.09862,2.09928,1.12,1.75
2016.04.22 15:48:38.726,2.09862,2.09927,1.50,1.75
2016.04.22 15:48:39.049,2.09864,2.0992,1.37,1.00
2016.04.22 15:48:39.366,2.09863,2.09929,1.50,1.75
2016.04.22 15:48:39.568,2.09864,2.09929,1.75,1.75
2016.04.22 15:48:40.168,2.09868,2.09929,1.12,1.75
2016.04.22 15:48:40.370,2.09871,2.09929,1.12,1.50
2016.04.22 15:48:40.687,2.09868,2.09934,1.87,1.75
2016.04.22 15:48:40.739,2.09873,2.09934,1.37,1.75
2016.04.22 15:48:40.841,2.09868,2.09934,1.75,1.75
2016.04.22 15:48:40.945,2.09868,2.09922,1.75,1.00
2016.04.22 15:48:41.357,2.09868,2.09932,1.75,1.75
2016.04.22 15:48:41.633,2.09868,2.09931,1.75,1.75
2016.04.22 15:48:41.800,2.09868,2.09934,1.75,2.25
2016.04.22 15:48:41.953,2.09868,2.09926,1.75,1.75
2016.04.22 15:48:42.260,2.09865,2.0992,1.12,1.00
2016.04.22 15:48:42.961,2.09865,2.09926,1.12,2.25
2016.04.22 15:48:43.172,2.09865,2.09926,1.00,1.75
2016.04.22 15:48:43.374,2.09865,2.09926,1.12,1.37
2016.04.22 15:48:44.712,2.09865,2.09926,1.12,1.00
2016.04.22 15:48:44.763,2.09868,2.09932,1.75,1.50
2016.04.22 15:48:44.814,2.09868,2.09932,1.75,1.00
2016.04.22 15:48:45.120,2.09877,2.09932,1.12,1.37
2016.04.22 15:48:45.821,2.09876,2.09938,1.12,2.25
2016.04.22 15:48:46.276,2.0987,2.09933,1.12,1.75
2016.04.22 15:48:46.378,2.09873,2.09939,1.87,2.62
2016.04.22 15:48:46.720,2.09872,2.09932,1.12,1.50
2016.04.22 15:48:46.872,2.09872,2.0993,1.75,1.75
2016.04.22 15:48:46.923,2.09872,2.0993,1.37,1.75
2016.04.22 15:48:47.025,2.09869,2.0993,1.75,1.75
2016.04.22 15:48:47.126,2.09871,2.09928,1.12,1.00
2016.04.22 15:48:48.228,2.0987,2.0993,1.12,1.75
2016.04.22 15:48:48.591,2.0987,2.0993,1.12,1.75
2016.04.22 15:48:49.086,2.09868,2.0993,1.75,1.75
2016.04.22 15:48:49.591,2.09862,2.09926,1.50,1.75
2016.04.22 15:48:50.488,2.09862,2.09926,1.75,1.75
2016.04.22 15:48:50.802,2.09862,2.09922,1.75,1.00
2016.04.22 15:48:51.004,2.09862,2.09926,1.75,1.00
2016.04.22 15:48:51.207,2.09862,2.09926,1.75,1.37
2016.04.22 15:48:51.822,2.09862,2.09926,1.75,1.37
2016.04.22 15:48:52.844,2.09866,2.09926,1.37,1.37
2016.04.22 15:48:53.221,2.09873,2.09932,1.00,1.37
2016.04.22 15:48:53.272,2.09872,2.09939,1.75,1.75
2016.04.22 15:48:53.707,2.09872,2.09939,1.75,1.75
2016.04.22 15:48:53.808,2.09872,2.09939,1.75,1.75
2016.04.22 15:48:54.111,2.09872,2.09939,1.75,1.75
2016.04.22 15:48:54.213,2.09872,2.09939,1.75,1.75
2016.04.22 15:48:54.758,2.09872,2.09939,1.75,1.75
2016.04.22 15:48:55.302,2.09878,2.09939,1.00,1.75
2016.04.22 15:48:55.552,2.09878,2.09939,1.12,1.75
2016.04.22 15:48:55.653,2.09878,2.09939,1.12,1.75
2016.04.22 15:48:55.897,2.09878,2.09939,1.12,1.75
2016.04.22 15:48:55.953,2.09879,2.09935,1.00,1.00
2016.04.22 15:48:56.055,2.09879,2.09939,1.00,1.75
2016.04.22 15:48:56.156,2.09878,2.09939,1.12,1.75
2016.04.22 15:48:56.463,2.09878,2.09944,1.87,1.75
2016.04.22 15:48:56.565,2.09879,2.09944,1.50,1.75
2016.04.22 15:48:56.616,2.09879,2.09944,1.75,1.75
2016.04.22 15:48:56.818,2.09878,2.09944,2.25,1.75
2016.04.22 15:48:57.256,2.09878,2.09944,2.25,1.75
2016.04.22 15:48:57.418,2.09878,2.09944,2.25,1.75
2016.04.22 15:48:57.469,2.09884,2.09949,1.00,1.75
2016.04.22 15:48:57.772,2.09884,2.0995,1.37,2.25
2016.04.22 15:48:58.197,2.0988,2.09943,2.25,1.75
2016.04.22 15:48:58.501,2.0988,2.09936,2.25,2.25
2016.04.22 15:48:58.552,2.0988,2.09936,2.25,2.25
2016.04.22 15:48:58.703,2.0988,2.09936,2.25,2.25
2016.04.22 15:48:59.212,2.09872,2.09935,1.00,1.75
2016.04.22 15:49:00.217,2.09869,2.09932,1.37,1.75
2016.04.22 15:49:00.268,2.09869,2.09932,1.00,1.75
2016.04.22 15:49:00.773,2.09868,2.09932,1.00,1.75
2016.04.22 15:49:01.369,2.09868,2.09932,1.00,2.25
2016.04.22 15:49:01.913,2.09869,2.09932,1.00,2.25
2016.04.22 15:49:02.064,2.09869,2.09932,1.00,1.75
2016.04.22 15:49:02.191,2.09869,2.09932,1.75,1.75
2016.04.22 15:49:02.747,2.09868,2.09925,1.75,1.00
2016.04.22 15:49:03.051,2.09868,2.09932,1.75,1.75
2016.04.22 15:49:03.577,2.09868,2.09932,1.87,1.75
2016.04.22 15:49:03.679,2.09869,2.09932,1.87,1.75
2016.04.22 15:49:03.781,2.09866,2.09932,2.25,2.25
2016.04.22 15:49:03.882,2.09868,2.09932,1.12,2.25
2016.04.22 15:49:03.983,2.09868,2.09932,1.12,2.25
2016.04.22 15:49:04.368,2.09866,2.09932,1.87,2.25
2016.04.22 15:49:04.469,2.09866,2.09932,1.50,2.25
2016.04.22 15:49:04.801,2.09861,2.09924,1.37,1.75
2016.04.22 15:49:04.852,2.09861,2.09921,1.37,1.75
2016.04.22 15:49:05.055,2.09861,2.09924,1.37,1.75
2016.04.22 15:49:06.146,2.0986,2.09923,1.75,1.75
2016.04.22 15:49:06.344,2.0986,2.09918,1.75,1.00
2016.04.22 15:49:06.659,2.0986,2.09925,1.75,1.75
2016.04.22 15:49:07.014,2.09861,2.09916,1.12,1.00
2016.04.22 15:49:07.064,2.0986,2.09925,1.75,1.75
2016.04.22 15:49:07.167,2.09862,2.09925,1.00,1.75
2016.04.22 15:49:07.509,2.09865,2.09931,1.00,2.25
2016.04.22 15:49:07.560,2.09865,2.09931,1.00,2.25
2016.04.22 15:49:07.889,2.09865,2.09923,1.37,1.00
2016.04.22 15:49:07.990,2.09865,2.09931,1.75,1.75
2016.04.22 15:49:08.192,2.09866,2.09931,1.12,1.75
2016.04.22 15:49:08.516,2.09866,2.09931,1.12,1.75
2016.04.22 15:49:09.655,2.09865,2.09931,1.87,1.75
2016.04.22 15:49:09.825,2.09865,2.09928,1.12,1.12
2016.04.22 15:49:09.876,2.0986,2.09923,1.37,1.75
2016.04.22 15:49:10.280,2.0986,2.0992,1.37,1.75
2016.04.22 15:49:10.381,2.0986,2.0992,1.37,1.75
2016.04.22 15:49:10.584,2.0986,2.09923,1.37,1.75
2016.04.22 15:49:10.635,2.0986,2.09923,1.50,1.75
2016.04.22 15:49:10.888,2.0986,2.09923,1.37,1.75
2016.04.22 15:49:11.066,2.0986,2.09923,1.37,1.75
2016.04.22 15:49:11.370,2.09854,2.09918,1.37,2.25
2016.04.22 15:49:12.406,2.09854,2.09918,1.37,2.25
2016.04.22 15:49:12.507,2.09854,2.09918,1.37,2.25
2016.04.22 15:49:12.811,2.09854,2.09918,1.75,2.25
2016.04.22 15:49:13.597,2.09854,2.09918,1.75,1.75
2016.04.22 15:49:13.649,2.09854,2.09918,1.75,2.25
2016.04.22 15:49:13.802,2.09854,2.09915,1.75,1.00
2016.04.22 15:49:13.853,2.09854,2.09918,1.75,1.75
2016.04.22 15:49:14.212,2.09857,2.09918,1.12,1.75
2016.04.22 15:49:14.516,2.09856,2.09918,1.12,1.75
2016.04.22 15:49:14.840,2.0986,2.09921,1.75,1.12
2016.04.22 15:49:14.891,2.0986,2.09915,1.75,1.00
2016.04.22 15:49:15.967,2.0986,2.09924,2.25,1.75
2016.04.22 15:49:16.354,2.0986,2.09924,1.75,2.25
2016.04.22 15:49:16.607,2.0986,2.09924,1.75,1.75
2016.04.22 15:49:17.266,2.09866,2.09928,1.00,1.75
2016.04.22 15:49:17.317,2.09863,2.09924,1.12,1.75
2016.04.22 15:49:17.723,2.09862,2.09924,1.75,1.75
2016.04.22 15:49:18.026,2.0986,2.09921,2.25,1.75
2016.04.22 15:49:18.178,2.0986,2.09924,1.75,1.75
2016.04.22 15:49:18.423,2.0986,2.09924,2.25,1.75
2016.04.22 15:49:18.524,2.0986,2.09924,2.25,1.75
2016.04.22 15:49:18.575,2.0986,2.09918,1.75,1.00
2016.04.22 15:49:18.626,2.0986,2.09924,1.75,1.75
2016.04.22 15:49:18.976,2.09859,2.09912,1.75,1.12
2016.04.22 15:49:19.228,2.09849,2.09912,1.12,1.75
2016.04.22 15:49:20.028,2.09849,2.09903,1.12,1.00
2016.04.22 15:49:20.231,2.09851,2.09911,1.12,1.75
2016.04.22 15:49:20.843,2.09848,2.09912,1.75,2.25
2016.04.22 15:49:21.349,2.09848,2.09912,1.87,2.25
2016.04.22 15:49:21.653,2.09848,2.09908,1.75,1.75
2016.04.22 15:49:22.021,2.09848,2.09908,1.75,1.75
2016.04.22 15:49:22.220,2.09848,2.09911,1.37,1.75
2016.04.22 15:49:23.538,2.09848,2.09911,1.37,1.12
2016.04.22 15:49:24.811,2.09848,2.09911,1.37,1.12
2016.04.22 15:49:25.114,2.09845,2.09908,1.87,1.75
2016.04.22 15:49:25.233,2.09845,2.09908,1.87,1.75
2016.04.22 15:49:25.764,2.09845,2.09908,1.37,1.75
2016.04.22 15:49:25.916,2.09845,2.09908,1.75,1.75
2016.04.22 15:49:26.118,2.09845,2.09908,1.87,1.75
2016.04.22 15:49:26.321,2.09845,2.09905,1.87,1.00
2016.04.22 15:49:26.868,2.09849,2.09908,1.12,1.75
2016.04.22 15:49:27.964,2.0985,2.09908,1.12,1.75
2016.04.22 15:49:28.555,2.09854,2.09911,1.12,1.75
2016.04.22 15:49:28.606,2.09855,2.09915,1.37,1.75
2016.04.22 15:49:28.657,2.09856,2.09917,1.75,1.75
2016.04.22 15:49:28.758,2.09856,2.0992,1.87,1.75
2016.04.22 15:49:29.165,2.09859,2.0992,1.37,1.75
2016.04.22 15:49:29.317,2.09859,2.0992,1.12,1.50
2016.04.22 15:49:29.368,2.09865,2.0992,1.00,1.50
2016.04.22 15:49:29.571,2.09862,2.0992,1.37,1.37
2016.04.22 15:49:29.672,2.09859,2.0992,1.12,1.50
2016.04.22 15:49:30.260,2.09863,2.0992,1.12,1.12
2016.04.22 15:49:30.565,2.0986,2.0992,1.12,1.37
2016.04.22 15:49:30.818,2.09859,2.0992,1.12,1.50
2016.04.22 15:49:30.919,2.09858,2.0992,1.87,1.50
2016.04.22 15:49:31.632,2.09858,2.0992,1.87,1.50
2016.04.22 15:49:32.085,2.09862,2.09928,1.00,1.75
2016.04.22 15:49:32.389,2.09862,2.09928,1.75,1.75
2016.04.22 15:49:32.867,2.09865,2.09928,1.00,1.75
2016.04.22 15:49:33.185,2.09862,2.09928,1.50,1.75
2016.04.22 15:49:33.388,2.09862,2.09918,1.37,1.00
2016.04.22 15:49:33.640,2.09862,2.09921,1.50,1.00
2016.04.22 15:49:33.842,2.09864,2.09928,1.00,1.75
2016.04.22 15:49:34.361,2.09863,2.09928,1.12,1.75
2016.04.22 15:49:34.692,2.09865,2.09928,1.00,1.75
2016.04.22 15:49:35.210,2.09859,2.09922,2.25,1.75
2016.04.22 15:49:35.261,2.09862,2.09922,1.12,1.75
2016.04.22 15:49:35.312,2.09862,2.09922,1.75,1.50
2016.04.22 15:49:35.483,2.09859,2.09922,2.25,1.75
2016.04.22 15:49:35.637,2.09862,2.09922,1.75,1.75
2016.04.22 15:49:35.688,2.09862,2.09922,1.37,1.75
2016.04.22 15:49:35.943,2.09851,2.09911,1.12,1.75
2016.04.22 15:49:36.524,2.0985,2.09911,1.37,1.75
2016.04.22 15:49:36.827,2.0985,2.09911,1.37,1.75
2016.04.22 15:49:37.580,2.09844,2.0991,1.37,1.75
2016.04.22 15:49:38.261,2.09844,2.09898,1.37,1.00
2016.04.22 15:49:38.514,2.09841,2.09903,1.37,1.75
2016.04.22 15:49:38.666,2.09839,2.09901,1.87,1.75
2016.04.22 15:49:38.767,2.09839,2.09901,1.87,1.75
2016.04.22 15:49:39.070,2.09839,2.09901,1.37,2.25
2016.04.22 15:49:39.386,2.09833,2.09898,1.75,1.75
2016.04.22 15:49:39.588,2.09833,2.09898,1.75,1.75
2016.04.22 15:49:39.740,2.09833,2.09898,1.37,1.75
2016.04.22 15:49:39.993,2.09833,2.09896,1.37,1.75
2016.04.22 15:49:40.245,2.09833,2.09892,1.37,1.75
2016.04.22 15:49:40.386,2.09833,2.09895,1.37,1.75
2016.04.22 15:49:40.866,2.09833,2.09887,1.37,1.00
2016.04.22 15:49:41.681,2.09833,2.09898,1.37,2.25
2016.04.22 15:49:42.249,2.09833,2.09897,1.37,1.75
2016.04.22 15:49:42.518,2.09833,2.09898,1.37,2.25
2016.04.22 15:49:43.024,2.09833,2.09895,1.37,1.75
2016.04.22 15:49:44.217,2.09833,2.09886,1.37,1.00
2016.04.22 15:49:44.734,2.09836,2.09899,1.37,2.25
2016.04.22 15:49:44.936,2.0984,2.099,1.37,1.75
2016.04.22 15:49:44.987,2.0984,2.099,1.37,1.75
2016.04.22 15:49:45.764,2.0984,2.099,1.37,1.75
2016.04.22 15:49:46.134,2.0984,2.0989,1.37,1.00
2016.04.22 15:49:47.219,2.0984,2.099,1.00,1.75
2016.04.22 15:49:47.851,2.0984,2.09901,1.00,2.25
2016.04.22 15:49:49.029,2.0984,2.09901,1.00,2.25
2016.04.22 15:49:49.825,2.0984,2.09898,1.37,1.75
2016.04.22 15:49:49.958,2.09845,2.09901,1.00,1.37
2016.04.22 15:49:50.059,2.09845,2.09908,1.50,1.75
2016.04.22 15:49:50.262,2.09843,2.09903,1.12,1.75
2016.04.22 15:49:50.678,2.09841,2.09903,1.37,1.75
2016.04.22 15:49:50.779,2.09841,2.09903,1.75,1.75
2016.04.22 15:49:51.172,2.09843,2.09903,1.12,1.75
2016.04.22 15:49:51.223,2.09843,2.09903,1.12,1.75
2016.04.22 15:49:51.376,2.09845,2.09903,1.12,1.00
2016.04.22 15:49:52.202,2.09845,2.09909,1.87,1.75
2016.04.22 15:49:52.410,2.0986,2.09912,1.37,1.00
2016.04.22 15:49:52.461,2.09862,2.09912,1.00,1.00
2016.04.22 15:49:52.562,2.09863,2.09915,1.00,1.00
2016.04.22 15:49:52.613,2.09865,2.09915,1.00,1.00
2016.04.22 15:49:52.916,2.09871,2.0993,1.37,1.75
2016.04.22 15:49:53.220,2.09865,2.0993,1.75,1.75
2016.04.22 15:49:53.537,2.09865,2.0993,1.37,1.75
2016.04.22 15:49:53.589,2.09865,2.0993,1.12,1.75
2016.04.22 15:49:53.792,2.09865,2.09928,1.00,1.75
2016.04.22 15:49:54.548,2.09865,2.09919,1.00,1.00
2016.04.22 15:49:54.599,2.09865,2.09927,1.37,1.75
2016.04.22 15:49:55.148,2.09865,2.09927,1.37,1.75
2016.04.22 15:49:55.749,2.09865,2.09928,1.37,1.75
2016.04.22 15:49:56.053,2.09865,2.09927,1.37,1.75
2016.04.22 15:49:56.205,2.09865,2.09928,1.37,1.75
2016.04.22 15:49:56.754,2.09865,2.09927,1.37,1.75
2016.04.22 15:49:57.305,2.09865,2.09928,1.37,1.75
2016.04.22 15:49:57.356,2.09865,2.09928,1.37,1.75
2016.04.22 15:49:57.407,2.09859,2.09925,1.50,1.75
2016.04.22 15:49:57.965,2.09865,2.09927,1.37,1.75
2016.04.22 15:49:58.015,2.09865,2.09928,1.37,1.75
2016.04.22 15:49:58.241,2.09865,2.09927,1.37,2.25
2016.04.22 15:49:58.559,2.09865,2.09927,1.37,1.75
2016.04.22 15:49:58.610,2.09865,2.09927,1.37,1.75
2016.04.22 15:49:59.257,2.09865,2.0992,1.37,1.75
2016.04.22 15:50:00.332,2.09865,2.0992,1.00,1.75
2016.04.22 15:50:00.383,2.09865,2.0992,1.00,1.75
2016.04.22 15:50:00.513,2.09865,2.0992,1.00,1.75
2016.04.22 15:50:00.766,2.0986,2.09919,1.00,1.75
2016.04.22 15:50:00.817,2.0986,2.09919,1.00,1.75
2016.04.22 15:50:01.316,2.0986,2.09918,1.00,1.75
2016.04.22 15:50:02.282,2.0986,2.0991,1.00,1.00
2016.04.22 15:50:02.586,2.0986,2.09919,1.37,1.75
2016.04.22 15:50:05.089,2.0986,2.09919,1.37,1.75
2016.04.22 15:50:05.665,2.0986,2.0992,1.37,1.75
2016.04.22 15:50:07.402,2.0986,2.09911,1.37,1.00
2016.04.22 15:50:08.114,2.09857,2.09914,1.37,1.00
2016.04.22 15:50:08.308,2.09857,2.09917,1.00,1.75
2016.04.22 15:50:09.106,2.09857,2.09917,1.37,1.50
2016.04.22 15:50:09.410,2.09858,2.09922,1.00,1.75
2016.04.22 15:50:09.727,2.09859,2.09922,1.12,1.75
2016.04.22 15:50:09.846,2.09859,2.09915,1.00,1.00
2016.04.22 15:50:09.948,2.09853,2.09915,1.12,1.75
2016.04.22 15:50:10.049,2.09853,2.09915,1.00,1.75
2016.04.22 15:50:10.151,2.09852,2.09915,1.87,1.75
2016.04.22 15:50:10.454,2.09852,2.09915,1.00,1.75
2016.04.22 15:50:10.764,2.09852,2.09915,1.00,2.25
2016.04.22 15:50:10.936,2.09852,2.09915,1.12,2.25
2016.04.22 15:50:11.575,2.09852,2.09914,1.00,1.75
2016.04.22 15:50:12.162,2.09852,2.09913,1.00,1.75
2016.04.22 15:50:13.145,2.09852,2.09902,1.00,1.00
2016.04.22 15:50:13.795,2.09852,2.09914,1.00,2.25
2016.04.22 15:50:13.985,2.09852,2.09914,1.00,2.25
2016.04.22 15:50:14.187,2.09852,2.09914,1.00,1.75
2016.04.22 15:50:14.239,2.09858,2.09915,1.00,1.75
2016.04.22 15:50:14.290,2.09858,2.09915,1.00,1.75
2016.04.22 15:50:14.392,2.09858,2.09914,1.00,1.75
2016.04.22 15:50:15.057,2.09858,2.09921,1.00,1.75
2016.04.22 15:50:15.159,2.09858,2.09921,1.00,1.75
2016.04.22 15:50:15.687,2.09858,2.09921,1.50,1.75
2016.04.22 15:50:15.789,2.09858,2.09921,1.75,1.75
2016.04.22 15:50:16.500,2.09858,2.09921,1.75,1.75
2016.04.22 15:50:17.253,2.0986,2.09921,1.00,1.75
2016.04.22 15:50:17.974,2.09852,2.09916,2.25,1.75
2016.04.22 15:50:18.092,2.09852,2.0991,1.37,1.00
2016.04.22 15:50:18.148,2.09852,2.09912,1.12,1.75
2016.04.22 15:50:18.657,2.09851,2.0991,1.37,1.50
2016.04.22 15:50:19.120,2.09848,2.0991,1.87,1.75
2016.04.22 15:50:19.648,2.09851,2.0991,1.00,1.75
2016.04.22 15:50:20.489,2.09848,2.0991,1.87,1.75
2016.04.22 15:50:21.004,2.09848,2.0991,1.50,1.75
2016.04.22 15:50:21.307,2.09848,2.0991,1.37,1.75
2016.04.22 15:50:21.611,2.09843,2.09905,1.12,1.75
2016.04.22 15:50:23.600,2.09844,2.09905,1.12,1.75
2016.04.22 15:50:23.701,2.09844,2.09905,1.00,1.75
2016.04.22 15:50:23.803,2.09844,2.09905,1.00,1.75
2016.04.22 15:50:24.113,2.09842,2.09905,2.25,1.75
2016.04.22 15:50:24.377,2.09844,2.099,1.00,1.00
2016.04.22 15:50:24.717,2.09842,2.09905,2.25,1.75
2016.04.22 15:50:25.244,2.09844,2.09905,1.37,1.75
2016.04.22 15:50:25.515,2.09842,2.09905,2.25,1.12
2016.04.22 15:50:25.728,2.09842,2.09905,2.25,1.00
2016.04.22 15:50:25.779,2.09853,2.09912,1.00,1.00
2016.04.22 15:50:25.830,2.09853,2.09919,1.00,1.50
2016.04.22 15:50:25.932,2.09853,2.09919,1.75,1.75
2016.04.22 15:50:25.983,2.09853,2.09919,1.75,1.50
2016.04.22 15:50:26.085,2.09853,2.09919,1.75,1.75
2016.04.22 15:50:26.186,2.09853,2.09919,1.75,1.75
2016.04.22 15:50:26.407,2.09853,2.09919,1.75,1.12
2016.04.22 15:50:26.711,2.09853,2.09919,1.75,1.75
2016.04.22 15:50:26.940,2.09853,2.09919,1.75,1.75
2016.04.22 15:50:27.409,2.09853,2.09919,1.75,1.75
2016.04.22 15:50:27.510,2.09853,2.09919,1.75,1.75
2016.04.22 15:50:27.612,2.09853,2.09919,1.75,1.75
2016.04.22 15:50:27.906,2.09853,2.09919,1.50,1.75
2016.04.22 15:50:28.535,2.09853,2.09919,1.12,1.75
2016.04.22 15:50:29.123,2.09853,2.09919,1.12,1.75
2016.04.22 15:50:29.604,2.09853,2.09919,1.12,1.75
2016.04.22 15:50:29.917,2.09853,2.09919,1.12,1.75
2016.04.22 15:50:30.580,2.09853,2.09919,1.00,2.25
2016.04.22 15:50:31.308,2.0985,2.09913,1.12,1.75
2016.04.22 15:50:31.795,2.09848,2.09913,1.00,1.75
2016.04.22 15:50:32.610,2.09848,2.09911,1.00,1.75
2016.04.22 15:50:32.827,2.09844,2.09908,1.50,2.25
2016.04.22 15:50:33.236,2.09842,2.09906,1.37,1.75
2016.04.22 15:50:33.337,2.09848,2.09905,1.75,1.00
2016.04.22 15:50:33.843,2.09848,2.09913,1.37,1.75
2016.04.22 15:50:34.202,2.09848,2.0991,1.12,1.75
2016.04.22 15:50:34.405,2.09848,2.09901,1.00,1.00
2016.04.22 15:50:34.456,2.09843,2.09908,1.12,1.75
2016.04.22 15:50:34.507,2.09844,2.09908,1.00,1.75
2016.04.22 15:50:35.141,2.09842,2.09908,1.37,1.75
2016.04.22 15:50:35.242,2.09842,2.09908,1.37,1.50
2016.04.22 15:50:35.470,2.09842,2.09908,1.75,1.75
2016.04.22 15:50:35.824,2.09842,2.09908,1.75,1.75
2016.04.22 15:50:36.128,2.09842,2.09907,1.00,1.75
2016.04.22 15:50:36.229,2.0984,2.09895,1.00,1.00
2016.04.22 15:50:36.640,2.09836,2.09902,1.75,1.75
2016.04.22 15:50:37.129,2.09843,2.09903,1.50,1.50
2016.04.22 15:50:37.331,2.09847,2.09903,1.37,1.00
2016.04.22 15:50:37.432,2.09847,2.0991,1.37,1.75
2016.04.22 15:50:37.856,2.09847,2.0991,1.00,1.75
2016.04.22 15:50:38.251,2.09847,2.0991,1.00,2.25
2016.04.22 15:50:38.952,2.09847,2.0991,1.00,2.25
2016.04.22 15:50:39.105,2.09841,2.09907,1.50,1.75
2016.04.22 15:50:39.459,2.09841,2.09907,1.75,1.75
2016.04.22 15:50:39.560,2.09841,2.09907,1.00,1.75
2016.04.22 15:50:39.611,2.09839,2.099,1.12,1.75
2016.04.22 15:50:39.662,2.09835,2.09897,1.37,1.75
2016.04.22 15:50:39.763,2.09835,2.09898,1.12,1.75
2016.04.22 15:50:39.865,2.09835,2.09897,1.12,1.75
2016.04.22 15:50:39.966,2.09835,2.09897,1.12,1.75
2016.04.22 15:50:40.068,2.09835,2.09895,1.12,1.75
2016.04.22 15:50:40.643,2.09828,2.09894,1.87,1.75
2016.04.22 15:50:40.946,2.09828,2.09894,1.75,2.25
2016.04.22 15:50:41.047,2.09831,2.09894,1.12,2.25
2016.04.22 15:50:42.680,2.09831,2.09894,1.12,2.25
2016.04.22 15:50:43.472,2.09831,2.09894,1.37,1.75
2016.04.22 15:50:43.674,2.09832,2.09894,1.12,1.75
2016.04.22 15:50:44.083,2.09836,2.09897,1.12,1.75
2016.04.22 15:50:44.185,2.09838,2.09897,1.12,1.50
2016.04.22 15:50:44.456,2.09838,2.09899,1.00,1.75
2016.04.22 15:50:44.768,2.09834,2.09899,1.87,1.75
2016.04.22 15:50:45.175,2.09834,2.09896,1.37,1.75
2016.04.22 15:50:45.226,2.09834,2.09895,1.00,1.75
2016.04.22 15:50:45.669,2.09829,2.09894,1.37,1.75
2016.04.22 15:50:46.193,2.09828,2.09894,1.75,1.75
2016.04.22 15:50:46.799,2.09829,2.09894,1.12,1.75
2016.04.22 15:50:47.214,2.0983,2.09894,1.37,1.75
2016.04.22 15:50:47.929,2.09825,2.09888,1.75,1.75
2016.04.22 15:50:48.210,2.09825,2.09888,1.75,1.75
2016.04.22 15:50:48.312,2.09824,2.09888,1.50,1.75
2016.04.22 15:50:48.619,2.09825,2.09888,1.75,1.75
2016.04.22 15:50:48.930,2.09824,2.09888,1.75,1.50
2016.04.22 15:50:50.803,2.09825,2.09888,1.75,1.75
2016.04.22 15:50:51.613,2.09828,2.09894,1.75,1.75
2016.04.22 15:50:52.411,2.09828,2.09894,1.50,1.75
2016.04.22 15:50:53.013,2.09828,2.09894,1.50,1.75
2016.04.22 15:50:53.114,2.09828,2.09894,1.75,1.75
2016.04.22 15:50:53.352,2.09828,2.09894,1.75,1.37
2016.04.22 15:50:53.504,2.09828,2.09894,1.75,1.50
2016.04.22 15:50:53.706,2.09834,2.09894,1.00,1.50
2016.04.22 15:50:54.111,2.09828,2.09894,1.75,1.37
2016.04.22 15:50:54.445,2.09828,2.09894,1.75,1.75
2016.04.22 15:50:54.802,2.09828,2.09894,1.75,1.75
2016.04.22 15:50:54.904,2.09828,2.09894,1.75,1.75
2016.04.22 15:50:55.107,2.09828,2.09894,1.75,1.75
2016.04.22 15:50:55.645,2.09828,2.09894,1.75,1.75
2016.04.22 15:50:55.803,2.09828,2.09894,1.75,1.75
2016.04.22 15:50:59.213,2.09831,2.09896,1.50,2.25
2016.04.22 15:50:59.315,2.09831,2.09896,1.00,2.25
2016.04.22 15:50:59.518,2.09831,2.09896,1.50,2.25
2016.04.22 15:50:59.767,2.09831,2.09895,1.75,1.75
2016.04.22 15:51:00.082,2.09827,2.09888,1.00,1.50
2016.04.22 15:51:00.385,2.09832,2.09892,1.75,1.00
2016.04.22 15:51:00.538,2.09834,2.09896,1.75,1.00
2016.04.22 15:51:00.589,2.09834,2.09896,1.75,1.37
2016.04.22 15:51:00.641,2.09834,2.09896,1.75,1.37
2016.04.22 15:51:00.743,2.09835,2.09896,1.37,1.37
2016.04.22 15:51:00.946,2.09838,2.09901,1.37,1.75
2016.04.22 15:51:01.048,2.09838,2.09901,1.37,1.50
2016.04.22 15:51:01.368,2.09838,2.09901,1.75,1.00
2016.04.22 15:51:01.622,2.09845,2.09907,1.75,1.00
2016.04.22 15:51:01.724,2.09846,2.09907,1.50,1.00
2016.04.22 15:51:02.027,2.09846,2.09907,1.00,1.37
2016.04.22 15:51:02.128,2.09839,2.09901,1.50,1.00
2016.04.22 15:51:02.397,2.09838,2.09901,1.87,1.00
2016.04.22 15:51:02.549,2.09838,2.09901,1.50,1.37
2016.04.22 15:51:03.062,2.09839,2.09901,1.00,1.75
2016.04.22 15:51:03.265,2.09838,2.09901,1.50,1.50
2016.04.22 15:51:03.717,2.09844,2.09906,1.00,1.75
2016.04.22 15:51:03.768,2.09844,2.09909,1.00,2.25
2016.04.22 15:51:03.819,2.09844,2.09909,1.00,1.75
2016.04.22 15:51:03.870,2.09844,2.09909,1.37,1.37
2016.04.22 15:51:03.921,2.09844,2.09909,1.37,1.50
2016.04.22 15:51:03.972,2.09842,2.09903,1.75,1.00
2016.04.22 15:51:04.073,2.09846,2.09909,1.00,1.87
2016.04.22 15:51:04.536,2.09846,2.09909,1.00,2.25
2016.04.22 15:51:04.840,2.09851,2.0991,1.37,1.00
2016.04.22 15:51:05.043,2.09851,2.09917,2.25,1.00
2016.04.22 15:51:05.144,2.09851,2.09917,2.25,1.00
2016.04.22 15:51:05.317,2.09857,2.0992,1.75,1.12
2016.04.22 15:51:05.440,2.09857,2.0992,1.75,1.00
2016.04.22 15:51:05.541,2.09857,2.09921,1.75,1.00
2016.04.22 15:51:05.982,2.09857,2.09921,1.75,1.37
2016.04.22 15:51:06.084,2.09857,2.09921,1.75,1.50
2016.04.22 15:51:06.283,2.09857,2.09921,1.50,1.12
2016.04.22 15:51:06.334,2.09858,2.09923,1.37,1.12
2016.04.22 15:51:06.385,2.09858,2.09923,1.75,1.37
2016.04.22 15:51:06.572,2.09857,2.09917,1.00,1.00
2016.04.22 15:51:06.727,2.09851,2.09917,1.87,1.87
2016.04.22 15:51:06.778,2.09858,2.09917,1.00,1.00
2016.04.22 15:51:06.829,2.09858,2.09921,1.37,1.12
2016.04.22 15:51:06.982,2.09858,2.09921,1.50,1.12
2016.04.22 15:51:07.286,2.09865,2.09929,1.37,2.25
2016.04.22 15:51:07.796,2.09865,2.09929,1.00,1.75
2016.04.22 15:51:08.099,2.09865,2.09929,1.37,1.75
2016.04.22 15:51:08.200,2.09865,2.09924,1.00,1.00
2016.04.22 15:51:08.746,2.09865,2.09929,1.37,2.25
2016.04.22 15:51:08.797,2.09865,2.09929,1.75,2.25
2016.04.22 15:51:09.992,2.09865,2.09929,1.50,2.25
2016.04.22 15:51:10.505,2.09865,2.09929,1.00,2.25
2016.04.22 15:51:10.904,2.09865,2.09929,1.00,2.25
2016.04.22 15:51:11.271,2.09868,2.09929,1.00,1.75
2016.04.22 15:51:11.322,2.09868,2.09929,1.00,1.75
2016.04.22 15:51:11.373,2.0987,2.09935,1.00,1.75
2016.04.22 15:51:11.677,2.09856,2.09922,1.75,1.75
2016.04.22 15:51:11.728,2.09856,2.09922,1.12,1.75
2016.04.22 15:51:12.032,2.09856,2.09922,1.37,1.75
2016.04.22 15:51:12.266,2.09856,2.09922,1.75,1.75
2016.04.22 15:51:12.859,2.09856,2.09922,1.75,1.75
2016.04.22 15:51:13.645,2.09856,2.09922,1.75,1.75
2016.04.22 15:51:14.116,2.09856,2.09917,1.75,1.00
2016.04.22 15:51:14.217,2.09856,2.09919,1.37,1.00
2016.04.22 15:51:14.739,2.09856,2.09922,1.50,1.75
2016.04.22 15:51:15.042,2.09856,2.09922,1.00,1.75
2016.04.22 15:51:15.093,2.09852,2.09915,1.00,1.75
2016.04.22 15:51:15.144,2.09852,2.09915,1.00,1.75
2016.04.22 15:51:15.548,2.09851,2.09915,1.00,2.25
2016.04.22 15:51:15.877,2.09857,2.09915,1.00,1.75
2016.04.22 15:51:16.421,2.09857,2.09915,1.00,1.50
2016.04.22 15:51:17.065,2.09857,2.09915,1.00,1.50
2016.04.22 15:51:17.116,2.09857,2.09915,1.00,1.50
2016.04.22 15:51:17.217,2.09857,2.09914,1.00,1.37
2016.04.22 15:51:17.572,2.09857,2.09915,1.00,1.50
2016.04.22 15:51:18.654,2.09851,2.09915,1.12,2.25
2016.04.22 15:51:18.705,2.09851,2.09914,1.00,1.75
2016.04.22 15:51:19.224,2.09851,2.09914,1.37,1.75
2016.04.22 15:51:19.547,2.09858,2.09915,1.00,1.37
2016.04.22 15:51:20.633,2.09858,2.09918,1.00,1.75
2016.04.22 15:51:21.067,2.09858,2.09918,1.00,1.75
2016.04.22 15:51:21.168,2.09858,2.09918,1.00,1.75
2016.04.22 15:51:22.041,2.09858,2.09918,1.00,1.75
2016.04.22 15:51:22.200,2.09858,2.09918,1.00,1.75
2016.04.22 15:51:22.252,2.09864,2.09918,1.00,1.37
2016.04.22 15:51:22.303,2.09864,2.09927,1.00,1.75
2016.04.22 15:51:22.404,2.09864,2.09927,1.50,1.75
2016.04.22 15:51:22.455,2.09869,2.09931,1.12,1.12
2016.04.22 15:51:23.074,2.09869,2.09931,1.00,1.12
2016.04.22 15:51:23.232,2.09869,2.09931,1.00,1.12
2016.04.22 15:51:23.485,2.09869,2.09932,1.00,1.75
2016.04.22 15:51:23.980,2.09869,2.09927,1.37,1.00
2016.04.22 15:51:24.081,2.09869,2.09933,1.00,2.25
2016.04.22 15:51:24.390,2.09875,2.09938,1.00,1.75
2016.04.22 15:51:24.662,2.09875,2.09938,1.00,1.75
2016.04.22 15:51:24.713,2.09875,2.09938,1.00,1.75
2016.04.22 15:51:24.934,2.0987,2.09931,1.37,1.37
2016.04.22 15:51:24.985,2.0987,2.09931,1.00,1.75
2016.04.22 15:51:25.187,2.09867,2.09931,1.00,1.75
2016.04.22 15:51:25.244,2.09867,2.09921,1.00,1.00
2016.04.22 15:51:25.414,2.09867,2.09928,1.00,1.75
2016.04.22 15:51:25.516,2.09845,2.09906,1.37,1.75
2016.04.22 15:51:25.567,2.09843,2.09906,1.37,1.75
2016.04.22 15:51:25.618,2.09843,2.09906,1.50,1.75
2016.04.22 15:51:25.669,2.09843,2.09906,1.50,1.75
2016.04.22 15:51:25.972,2.09844,2.09906,1.00,1.75
2016.04.22 15:51:26.074,2.09843,2.09901,1.87,1.00
2016.04.22 15:51:26.634,2.09843,2.09906,2.25,1.75
2016.04.22 15:51:26.856,2.09843,2.09906,1.87,1.75
2016.04.22 15:51:27.008,2.09844,2.09906,1.75,1.75
2016.04.22 15:51:27.261,2.09844,2.09906,1.37,1.75
2016.04.22 15:51:27.311,2.09843,2.09906,1.50,1.75
2016.04.22 15:51:27.362,2.09843,2.09906,1.50,1.75
2016.04.22 15:51:27.971,2.09837,2.09901,3.00,1.75
2016.04.22 15:51:28.072,2.0984,2.09901,1.00,1.75
2016.04.22 15:51:28.173,2.09837,2.09901,1.50,1.75
2016.04.22 15:51:28.376,2.09836,2.09896,1.00,1.50
2016.04.22 15:51:28.427,2.09831,2.09896,1.50,1.75
2016.04.22 15:51:28.478,2.09831,2.09896,1.50,1.75
2016.04.22 15:51:28.858,2.09831,2.09896,1.50,1.75
2016.04.22 15:51:29.363,2.09831,2.09896,1.12,1.75
2016.04.22 15:51:29.465,2.09831,2.09896,1.12,1.75
2016.04.22 15:51:30.129,2.09829,2.09888,1.00,1.75
2016.04.22 15:51:30.180,2.09827,2.09888,1.00,1.75
2016.04.22 15:51:30.231,2.09823,2.09888,1.50,1.75
2016.04.22 15:51:30.282,2.09823,2.09888,1.00,1.75
2016.04.22 15:51:30.713,2.09823,2.09888,1.37,1.75
2016.04.22 15:51:31.385,2.09823,2.0988,1.37,1.00
2016.04.22 15:51:31.488,2.09823,2.09888,1.00,1.75
2016.04.22 15:51:31.774,2.09823,2.09888,1.37,1.75
2016.04.22 15:51:32.077,2.09829,2.0989,1.00,1.75
2016.04.22 15:51:32.483,2.09829,2.0989,1.00,1.75
2016.04.22 15:51:33.607,2.09829,2.09889,1.00,1.75
2016.04.22 15:51:34.030,2.09829,2.09893,1.50,1.75
2016.04.22 15:51:34.434,2.09829,2.09893,1.75,1.75
2016.04.22 15:51:35.066,2.09835,2.09899,1.00,2.25
2016.04.22 15:51:35.117,2.09835,2.09898,1.50,1.75
2016.04.22 15:51:35.396,2.09835,2.09898,1.12,1.75
2016.04.22 15:51:36.106,2.09835,2.09899,1.00,1.75
2016.04.22 15:51:36.410,2.09835,2.09898,1.00,1.75
2016.04.22 15:51:37.742,2.09835,2.09898,1.00,2.25
2016.04.22 15:51:37.793,2.09829,2.09893,1.50,1.75
2016.04.22 15:51:37.845,2.09829,2.09893,1.50,1.75
2016.04.22 15:51:38.148,2.09829,2.09893,1.37,1.75
2016.04.22 15:51:38.654,2.09829,2.09893,1.12,1.75
2016.04.22 15:51:39.149,2.09829,2.09893,1.00,1.75
2016.04.22 15:51:39.250,2.09829,2.09893,1.00,2.25
2016.04.22 15:51:39.577,2.09829,2.09893,1.00,1.75
2016.04.22 15:51:40.653,2.09829,2.09889,1.00,1.75
2016.04.22 15:51:41.155,2.09829,2.09889,1.00,1.75
2016.04.22 15:51:42.430,2.09829,2.09888,1.00,1.75
2016.04.22 15:51:42.970,2.09826,2.09888,1.12,1.75
2016.04.22 15:51:43.273,2.09821,2.09885,1.50,1.75
2016.04.22 15:51:43.639,2.09826,2.09888,1.00,1.75
2016.04.22 15:51:43.842,2.09826,2.09888,1.50,1.75
2016.04.22 15:51:43.943,2.09826,2.09888,1.75,1.50
2016.04.22 15:51:44.246,2.09826,2.09889,1.00,1.75
2016.04.22 15:51:44.680,2.09826,2.09888,1.00,1.75
2016.04.22 15:51:44.882,2.09826,2.09887,1.12,1.00
2016.04.22 15:51:44.984,2.09826,2.09888,1.37,1.37
2016.04.22 15:51:45.085,2.09826,2.09888,1.00,1.75
2016.04.22 15:51:45.136,2.0982,2.09885,1.37,1.37
2016.04.22 15:51:45.188,2.0982,2.09875,1.00,1.00
2016.04.22 15:51:45.340,2.0982,2.09885,1.37,2.25
2016.04.22 15:51:45.441,2.0982,2.09885,1.75,2.25
2016.04.22 15:51:45.576,2.0982,2.09885,1.75,2.25
2016.04.22 15:51:46.073,2.0982,2.09885,1.75,2.25
2016.04.22 15:51:46.175,2.09824,2.09885,1.75,1.75
2016.04.22 15:51:46.277,2.09824,2.09885,1.50,1.75
2016.04.22 15:51:46.581,2.0982,2.09885,1.12,1.87
2016.04.22 15:51:46.814,2.09814,2.09877,1.75,1.37
2016.04.22 15:51:46.966,2.09814,2.09878,1.00,1.75
2016.04.22 15:51:47.270,2.09815,2.09879,1.50,1.50
2016.04.22 15:51:47.372,2.09815,2.09879,1.50,1.75
2016.04.22 15:51:47.574,2.09815,2.09879,1.50,1.75
2016.04.22 15:51:47.839,2.09816,2.09879,1.50,1.75
2016.04.22 15:51:47.991,2.09816,2.09879,1.00,1.75
2016.04.22 15:51:48.092,2.09816,2.09879,1.00,1.75
2016.04.22 15:51:48.366,2.09816,2.09879,1.00,1.75
2016.04.22 15:51:48.908,2.09815,2.09879,1.00,1.75
2016.04.22 15:51:49.223,2.09821,2.09884,1.00,1.75
2016.04.22 15:51:49.970,2.09821,2.09884,1.37,1.75
2016.04.22 15:51:50.575,2.09821,2.0988,1.37,1.00
2016.04.22 15:51:51.214,2.09826,2.09886,1.00,1.75
2016.04.22 15:51:51.383,2.09826,2.09886,1.50,1.75
2016.04.22 15:51:51.484,2.09826,2.09887,1.00,1.75
2016.04.22 15:51:51.997,2.09826,2.09887,1.00,1.75
2016.04.22 15:51:52.419,2.09826,2.09887,1.12,1.75
2016.04.22 15:51:52.622,2.09826,2.09891,1.50,1.75
2016.04.22 15:51:53.302,2.09826,2.0988,1.87,1.00
2016.04.22 15:51:53.808,2.09826,2.0989,1.00,1.75
2016.04.22 15:51:54.505,2.09826,2.09889,1.00,1.75
2016.04.22 15:51:56.140,2.09826,2.09889,1.00,2.25
2016.04.22 15:51:56.815,2.09826,2.0988,1.00,1.00
2016.04.22 15:51:56.866,2.09828,2.0988,1.00,1.00
2016.04.22 15:51:56.916,2.09828,2.09889,1.00,1.75
2016.04.22 15:51:59.635,2.09828,2.0989,1.00,1.75
2016.04.22 15:52:00.446,2.09828,2.0989,1.00,2.25
2016.04.22 15:52:01.451,2.09828,2.0989,1.00,1.75
2016.04.22 15:52:01.880,2.09826,2.0989,1.00,1.75
2016.04.22 15:52:02.425,2.09826,2.0989,1.00,1.75
2016.04.22 15:52:02.737,2.0982,2.0988,1.00,1.75
2016.04.22 15:52:02.839,2.0982,2.0988,1.12,1.75
2016.04.22 15:52:03.932,2.09827,2.0988,1.00,1.75
2016.04.22 15:52:04.134,2.09827,2.09888,1.12,1.87
2016.04.22 15:52:05.033,2.09827,2.0989,1.37,1.75
2016.04.22 15:52:05.135,2.09827,2.0989,1.75,1.75
2016.04.22 15:52:05.286,2.09831,2.0989,1.00,1.37
2016.04.22 15:52:05.337,2.09832,2.09894,1.50,1.75
2016.04.22 15:52:05.742,2.09832,2.09896,1.37,1.75
2016.04.22 15:52:05.945,2.09832,2.0989,1.37,1.00
2016.04.22 15:52:06.486,2.09832,2.09896,1.37,1.75
2016.04.22 15:52:07.015,2.09832,2.09896,1.37,1.75
2016.04.22 15:52:07.659,2.09832,2.09896,2.25,1.75
2016.04.22 15:52:08.152,2.09832,2.09896,1.87,1.75
2016.04.22 15:52:08.897,2.09832,2.09896,1.50,1.75
2016.04.22 15:52:09.494,2.09832,2.09896,1.00,1.75
2016.04.22 15:52:10.008,2.09832,2.09894,1.50,1.75
2016.04.22 15:52:10.363,2.09832,2.09893,1.00,1.75
2016.04.22 15:52:10.414,2.09828,2.09892,1.00,1.75
2016.04.22 15:52:11.307,2.09828,2.09892,1.00,2.25
2016.04.22 15:52:11.362,2.09828,2.09892,1.00,2.25
2016.04.22 15:52:11.565,2.09828,2.09892,1.00,2.25
2016.04.22 15:52:12.166,2.09828,2.09892,1.00,2.25
2016.04.22 15:52:12.512,2.09828,2.09892,1.00,2.25
2016.04.22 15:52:13.098,2.09828,2.09892,1.00,1.75
2016.04.22 15:52:13.692,2.09828,2.09881,1.00,1.00
2016.04.22 15:52:15.076,2.09828,2.09892,1.00,1.75
2016.04.22 15:52:15.127,2.09822,2.09885,2.25,1.75
2016.04.22 15:52:16.128,2.09822,2.09882,1.37,1.75
2016.04.22 15:52:16.389,2.09822,2.09882,1.00,1.75
2016.04.22 15:52:16.592,2.09822,2.09878,1.00,1.00
2016.04.22 15:52:16.693,2.09822,2.09882,1.00,1.75
2016.04.22 15:52:17.092,2.09822,2.09882,1.00,1.75
2016.04.22 15:52:17.143,2.09815,2.0988,1.00,1.75
2016.04.22 15:52:17.295,2.09815,2.09867,1.00,1.00
2016.04.22 15:52:18.934,2.09815,2.09881,1.00,1.75
2016.04.22 15:52:19.035,2.09815,2.09881,1.12,1.75
2016.04.22 15:52:19.137,2.09815,2.09881,1.12,1.75
2016.04.22 15:52:19.606,2.09815,2.09877,1.00,1.75
2016.04.22 15:52:19.909,2.09815,2.09875,1.00,1.75
2016.04.22 15:52:20.439,2.09815,2.09864,1.00,1.00
2016.04.22 15:52:22.209,2.09812,2.09876,1.00,2.25
2016.04.22 15:52:22.311,2.09812,2.09876,1.00,1.75
2016.04.22 15:52:22.674,2.09806,2.09871,1.87,1.75
2016.04.22 15:52:22.725,2.09806,2.09871,1.87,1.75
2016.04.22 15:52:23.028,2.09806,2.09871,1.00,1.75
2016.04.22 15:52:23.754,2.09812,2.09874,1.00,2.25
2016.04.22 15:52:24.340,2.09812,2.09873,1.00,1.75
2016.04.22 15:52:24.392,2.09804,2.0987,1.50,1.75
2016.04.22 15:52:24.443,2.09804,2.0987,1.12,1.75
2016.04.22 15:52:24.746,2.09803,2.09863,1.00,1.75
2016.04.22 15:52:25.260,2.09803,2.09863,1.00,2.25
2016.04.22 15:52:25.613,2.09803,2.0986,1.00,1.75
2016.04.22 15:52:26.181,2.09803,2.0986,1.00,1.75
2016.04.22 15:52:26.845,2.09802,2.0986,1.00,1.75
2016.04.22 15:52:27.215,2.09802,2.0986,1.00,1.75
2016.04.22 15:52:27.723,2.09802,2.09863,1.00,1.75
2016.04.22 15:52:28.241,2.09803,2.09863,1.00,2.25
2016.04.22 15:52:28.544,2.09803,2.09857,1.00,1.75
2016.04.22 15:52:29.029,2.09803,2.09857,1.00,1.75
2016.04.22 15:52:29.130,2.09802,2.09857,1.00,1.75
2016.04.22 15:52:29.181,2.09802,2.09857,1.00,1.75
2016.04.22 15:52:30.150,2.09802,2.09863,1.00,1.75
2016.04.22 15:52:30.201,2.098,2.09863,1.00,1.75
2016.04.22 15:52:30.303,2.098,2.09863,1.37,1.75
2016.04.22 15:52:30.859,2.098,2.09863,1.37,1.75
2016.04.22 15:52:31.703,2.098,2.09861,1.00,1.75
2016.04.22 15:52:33.751,2.098,2.0986,1.00,1.75
2016.04.22 15:52:34.171,2.09793,2.09859,1.87,1.75
2016.04.22 15:52:34.496,2.09793,2.09859,1.87,1.75
2016.04.22 15:52:35.137,2.09793,2.09857,1.87,1.75
2016.04.22 15:52:35.680,2.09794,2.09857,1.12,1.75
2016.04.22 15:52:36.191,2.09794,2.09857,1.12,1.75
2016.04.22 15:52:37.561,2.09794,2.09846,1.12,1.00
2016.04.22 15:52:38.076,2.09793,2.09857,1.50,1.75
2016.04.22 15:52:38.777,2.09794,2.09857,1.00,1.75
2016.04.22 15:52:39.180,2.09794,2.09857,1.12,1.75
2016.04.22 15:52:39.282,2.09794,2.09858,1.50,1.75
2016.04.22 15:52:39.333,2.09805,2.09864,1.12,1.75
2016.04.22 15:52:39.384,2.09805,2.09864,1.50,1.37
2016.04.22 15:52:39.434,2.09805,2.09864,1.87,1.00
2016.04.22 15:52:39.486,2.09805,2.09864,1.87,1.00
2016.04.22 15:52:39.537,2.09807,2.09869,1.75,1.00
2016.04.22 15:52:39.689,2.09811,2.09874,1.75,1.75
2016.04.22 15:52:39.790,2.09815,2.09874,1.00,1.37
2016.04.22 15:52:39.841,2.09817,2.09879,1.00,1.75
2016.04.22 15:52:40.121,2.09819,2.09881,1.12,1.12
2016.04.22 15:52:40.172,2.09819,2.09881,1.37,1.12
2016.04.22 15:52:40.954,2.09818,2.09881,1.50,1.12
2016.04.22 15:52:41.461,2.09819,2.09883,1.75,1.75
2016.04.22 15:52:41.512,2.09818,2.09883,1.50,1.75
2016.04.22 15:52:41.663,2.09818,2.09883,1.50,1.75
2016.04.22 15:52:41.986,2.09819,2.09883,1.00,1.75
2016.04.22 15:52:42.294,2.09817,2.09882,1.00,1.75
2016.04.22 15:52:43.381,2.09817,2.09882,1.00,1.75
2016.04.22 15:52:43.432,2.09812,2.09873,1.00,1.75
2016.04.22 15:52:43.483,2.09812,2.09873,1.00,1.75
2016.04.22 15:52:43.637,2.09812,2.09873,1.00,1.75
2016.04.22 15:52:44.168,2.09812,2.09872,1.00,1.75
2016.04.22 15:52:44.272,2.09812,2.09872,1.00,1.75
2016.04.22 15:52:44.330,2.09806,2.0987,1.00,1.75
2016.04.22 15:52:44.591,2.09806,2.0987,1.00,1.75
2016.04.22 15:52:45.154,2.09806,2.0987,1.00,1.75
2016.04.22 15:52:45.306,2.09806,2.09864,1.00,1.00
2016.04.22 15:52:45.408,2.09806,2.0987,1.37,1.75
2016.04.22 15:52:45.714,2.09812,2.09873,1.37,1.75
2016.04.22 15:52:45.766,2.09812,2.09875,1.75,1.75
2016.04.22 15:52:45.818,2.09812,2.09875,1.75,1.75
2016.04.22 15:52:46.292,2.09815,2.09875,1.00,1.50
2016.04.22 15:52:46.647,2.09812,2.09875,1.37,1.75
2016.04.22 15:52:46.698,2.09812,2.09875,1.00,1.75
2016.04.22 15:52:46.799,2.09812,2.09875,1.00,1.75
2016.04.22 15:52:47.331,2.09812,2.09875,1.00,1.75
2016.04.22 15:52:48.602,2.09812,2.09873,1.00,1.75
2016.04.22 15:52:48.704,2.09812,2.09873,1.00,1.75
2016.04.22 15:52:49.906,2.09812,2.09873,1.00,1.75
2016.04.22 15:52:49.957,2.09812,2.09873,1.00,1.75
2016.04.22 15:52:50.228,2.09812,2.09873,1.12,1.75
2016.04.22 15:52:50.501,2.09812,2.09873,1.12,1.75
2016.04.22 15:52:51.040,2.09812,2.09873,1.00,1.75
2016.04.22 15:52:51.091,2.09812,2.09876,1.50,1.87
2016.04.22 15:52:51.321,2.09812,2.09876,1.50,1.75
2016.04.22 15:52:51.423,2.09812,2.09876,1.50,1.75
2016.04.22 15:52:51.952,2.09812,2.09876,1.00,1.75
2016.04.22 15:52:52.208,2.09812,2.09876,1.00,1.75
2016.04.22 15:52:52.540,2.09812,2.0987,1.50,1.00
2016.04.22 15:52:53.416,2.09812,2.09874,1.00,1.75
2016.04.22 15:52:53.907,2.09812,2.09874,1.00,1.75
2016.04.22 15:52:53.958,2.09806,2.09869,1.00,1.75
2016.04.22 15:52:54.211,2.09806,2.09869,1.00,1.75
2016.04.22 15:52:54.413,2.09811,2.09875,1.00,1.75
2016.04.22 15:52:55.702,2.09811,2.09874,1.37,1.75
2016.04.22 15:52:55.804,2.09811,2.09874,1.75,1.50
2016.04.22 15:52:55.905,2.09811,2.09875,1.75,1.50
2016.04.22 15:52:56.302,2.09814,2.09868,1.00,1.00
2016.04.22 15:52:56.630,2.09814,2.09877,1.00,2.25
2016.04.22 15:52:56.898,2.09807,2.0987,1.50,1.75
2016.04.22 15:52:56.949,2.09807,2.0987,1.50,1.75
2016.04.22 15:52:57.000,2.09815,2.09872,1.00,1.75
2016.04.22 15:52:57.051,2.09815,2.09872,1.00,1.37
2016.04.22 15:52:57.102,2.09815,2.09878,1.00,1.12
2016.04.22 15:52:57.153,2.09815,2.09878,1.12,1.12
2016.04.22 15:52:57.254,2.09815,2.09876,1.75,1.12
2016.04.22 15:52:57.826,2.09815,2.09877,1.75,1.12
2016.04.22 15:52:58.129,2.09815,2.09878,1.75,1.12
2016.04.22 15:52:58.231,2.09815,2.09875,1.75,1.00
2016.04.22 15:52:58.745,2.09815,2.09875,1.75,1.00
2016.04.22 15:52:59.561,2.09815,2.09877,1.75,1.12
2016.04.22 15:52:59.828,2.09815,2.0988,1.75,1.75
2016.04.22 15:53:00.126,2.09823,2.09882,1.50,1.12
2016.04.22 15:53:00.431,2.09823,2.09885,1.75,1.37
2016.04.22 15:53:01.222,2.09823,2.09885,1.75,1.75
2016.04.22 15:53:01.621,2.09823,2.09884,1.75,1.50
2016.04.22 15:53:02.023,2.09823,2.09884,1.75,1.37
2016.04.22 15:53:02.124,2.09827,2.09891,1.75,1.75
2016.04.22 15:53:02.226,2.09833,2.09892,1.75,1.12
2016.04.22 15:53:02.328,2.09833,2.09895,1.50,1.12
2016.04.22 15:53:02.852,2.09833,2.09896,1.75,1.12
2016.04.22 15:53:03.156,2.09833,2.09892,1.00,1.12
2016.04.22 15:53:03.636,2.09829,2.09892,1.00,1.87
2016.04.22 15:53:03.737,2.09829,2.09892,1.00,1.87
2016.04.22 15:53:04.054,2.0983,2.09892,1.00,1.87
2016.04.22 15:53:04.462,2.09829,2.09892,1.00,1.75
2016.04.22 15:53:04.563,2.09828,2.09891,1.00,1.75
2016.04.22 15:53:04.968,2.09828,2.09891,1.00,1.75
2016.04.22 15:53:05.142,2.09828,2.09891,1.00,1.75
2016.04.22 15:53:05.653,2.09828,2.09891,1.00,1.75
2016.04.22 15:53:05.754,2.09828,2.09891,1.00,1.75
2016.04.22 15:53:05.855,2.09833,2.09891,1.00,1.75
2016.04.22 15:53:05.957,2.0984,2.09903,1.00,1.75
2016.04.22 15:53:06.058,2.0984,2.09903,1.00,1.37
2016.04.22 15:53:06.159,2.0984,2.09903,1.00,1.00
2016.04.22 15:53:06.463,2.09846,2.09904,1.00,1.00
2016.04.22 15:53:06.651,2.09846,2.09911,1.00,1.37
2016.04.22 15:53:06.954,2.09846,2.09911,1.87,1.50
2016.04.22 15:53:07.258,2.09852,2.09916,1.00,2.25
2016.04.22 15:53:07.562,2.09852,2.09916,1.00,1.75
2016.04.22 15:53:08.037,2.09852,2.09916,1.00,2.25
2016.04.22 15:53:08.685,2.09852,2.09908,1.12,1.00
2016.04.22 15:53:08.786,2.09852,2.09916,1.12,2.25
2016.04.22 15:53:08.888,2.09852,2.09916,1.00,1.75
2016.04.22 15:53:08.939,2.09846,2.0991,1.75,1.75
2016.04.22 15:53:08.990,2.09846,2.0991,1.37,1.75
2016.04.22 15:53:09.169,2.09838,2.09904,1.75,1.75
2016.04.22 15:53:09.271,2.09845,2.09907,1.12,1.75
2016.04.22 15:53:09.382,2.09845,2.09908,1.00,2.25
2016.04.22 15:53:09.483,2.09845,2.09907,1.00,1.75
2016.04.22 15:53:09.786,2.09845,2.09908,1.00,2.25
2016.04.22 15:53:10.236,2.09838,2.09904,1.00,1.75
2016.04.22 15:53:12.060,2.09833,2.09894,1.50,1.37
2016.04.22 15:53:12.162,2.09833,2.09895,1.37,1.50
2016.04.22 15:53:12.263,2.09825,2.09891,1.12,1.37
2016.04.22 15:53:12.568,2.09825,2.09883,1.00,1.75
2016.04.22 15:53:12.669,2.09825,2.09883,1.00,1.37
2016.04.22 15:53:13.457,2.09825,2.09883,1.00,1.00
2016.04.22 15:53:13.884,2.09825,2.09891,1.12,1.75
2016.04.22 15:53:13.985,2.09825,2.09891,1.50,1.75
2016.04.22 15:53:14.500,2.09825,2.09891,1.75,1.75
2016.04.22 15:53:15.160,2.09825,2.09891,1.50,1.75
2016.04.22 15:53:16.389,2.09825,2.09891,1.50,1.75
2016.04.22 15:53:16.929,2.09825,2.0989,1.00,1.12
2016.04.22 15:53:17.081,2.09825,2.09886,1.37,1.75
2016.04.22 15:53:17.284,2.09825,2.09886,1.37,1.50
2016.04.22 15:53:17.594,2.09827,2.09886,1.00,1.75
2016.04.22 15:53:18.121,2.09827,2.09886,1.00,1.75
2016.04.22 15:53:18.222,2.09827,2.09885,1.50,1.50
2016.04.22 15:53:18.424,2.09827,2.09886,1.12,1.00
2016.04.22 15:53:18.475,2.09827,2.0989,1.12,1.37
2016.04.22 15:53:18.526,2.09827,2.0989,1.00,1.37
2016.04.22 15:53:18.678,2.09827,2.0989,1.00,1.12
2016.04.22 15:53:19.097,2.09827,2.0989,1.00,1.12
2016.04.22 15:53:19.412,2.09822,2.09886,1.00,1.75
2016.04.22 15:53:19.463,2.0982,2.09885,1.12,1.75
2016.04.22 15:53:19.902,2.0982,2.09886,1.00,2.25
2016.04.22 15:53:20.235,2.09829,2.09886,1.00,1.75
2016.04.22 15:53:20.337,2.09835,2.0989,1.37,1.37
2016.04.22 15:53:20.388,2.09842,2.09901,1.00,1.75
2016.04.22 15:53:20.439,2.09835,2.09901,1.37,2.25
2016.04.22 15:53:20.885,2.09835,2.09901,1.12,2.25
2016.04.22 15:53:21.038,2.09835,2.09901,1.12,2.25
2016.04.22 15:53:21.544,2.09835,2.09901,1.00,1.75
2016.04.22 15:53:22.119,2.09835,2.09901,1.00,1.75
2016.04.22 15:53:22.222,2.0983,2.09895,1.50,1.75
2016.04.22 15:53:22.272,2.09831,2.09895,1.75,1.75
2016.04.22 15:53:22.525,2.0983,2.09895,1.75,1.37
2016.04.22 15:53:22.627,2.09831,2.09895,1.75,1.75
2016.04.22 15:53:22.930,2.09834,2.09901,1.37,1.75
2016.04.22 15:53:22.981,2.09834,2.09901,1.75,1.75
2016.04.22 15:53:23.257,2.09834,2.09901,1.75,1.75
2016.04.22 15:53:23.411,2.0984,2.09902,1.37,1.75
2016.04.22 15:53:23.714,2.0984,2.09901,1.50,1.50
2016.04.22 15:53:24.018,2.0984,2.09901,1.12,1.75
2016.04.22 15:53:24.119,2.09833,2.099,1.75,1.75
2016.04.22 15:53:24.221,2.09833,2.099,1.75,1.75
2016.04.22 15:53:24.441,2.09833,2.099,1.37,1.75
2016.04.22 15:53:24.492,2.09833,2.099,1.00,1.75
2016.04.22 15:53:24.543,2.09833,2.099,1.00,1.75
2016.04.22 15:53:25.048,2.09833,2.099,1.00,1.75
2016.04.22 15:53:25.351,2.09828,2.09891,1.00,1.75
2016.04.22 15:53:25.777,2.09828,2.09891,1.50,1.37
2016.04.22 15:53:26.030,2.09828,2.09891,1.12,1.37
2016.04.22 15:53:26.232,2.09828,2.09891,1.00,1.37
2016.04.22 15:53:27.666,2.09828,2.09891,1.37,1.75
2016.04.22 15:53:27.717,2.09828,2.09891,1.50,1.75
2016.04.22 15:53:28.996,2.09828,2.09892,1.37,1.75
2016.04.22 15:53:29.563,2.09828,2.09891,1.50,1.75
2016.04.22 15:53:30.253,2.09828,2.09891,1.50,1.37
2016.04.22 15:53:30.304,2.09832,2.09894,1.75,1.37
2016.04.22 15:53:30.456,2.09835,2.09901,1.37,1.75
2016.04.22 15:53:30.861,2.09835,2.09901,1.50,1.75
2016.04.22 15:53:31.239,2.09835,2.09901,1.50,1.75
2016.04.22 15:53:31.290,2.09835,2.09901,1.75,1.75
2016.04.22 15:53:31.594,2.09835,2.09901,1.75,1.75
2016.04.22 15:53:31.696,2.09835,2.09901,1.37,1.75
2016.04.22 15:53:32.000,2.09835,2.09895,1.37,1.00
2016.04.22 15:53:32.307,2.0985,2.09911,1.00,1.75
2016.04.22 15:53:32.359,2.09858,2.09919,1.75,1.00
2016.04.22 15:53:32.460,2.09863,2.09922,1.75,1.00
2016.04.22 15:53:32.511,2.09863,2.09929,2.25,1.75
2016.04.22 15:53:32.562,2.09863,2.09929,2.25,1.75
2016.04.22 15:53:32.663,2.09863,2.09929,1.12,1.75
2016.04.22 15:53:32.765,2.09863,2.09929,1.87,1.75
2016.04.22 15:53:32.968,2.09857,2.09923,1.00,1.75
2016.04.22 15:53:33.363,2.09857,2.09923,1.50,1.75
2016.04.22 15:53:33.667,2.09857,2.09923,1.75,1.75
2016.04.22 15:53:33.979,2.09863,2.09925,1.75,1.37
2016.04.22 15:53:34.366,2.09867,2.09929,1.37,1.75
2016.04.22 15:53:34.468,2.09869,2.09934,1.50,1.75
2016.04.22 15:53:34.569,2.09869,2.09934,1.37,1.75
2016.04.22 15:53:34.672,2.09867,2.09928,1.00,1.75
2016.04.22 15:53:34.975,2.09864,2.09919,1.00,1.00
2016.04.22 15:53:35.247,2.09864,2.09921,1.37,1.00
2016.04.22 15:53:35.604,2.09864,2.09928,1.50,1.75
2016.04.22 15:53:36.009,2.09864,2.09926,1.50,1.00
2016.04.22 15:53:36.110,2.09864,2.09928,1.75,1.50
2016.04.22 15:53:36.338,2.09868,2.0993,1.37,1.37
2016.04.22 15:53:36.389,2.09868,2.09935,1.50,1.87
2016.04.22 15:53:36.719,2.09868,2.09935,1.50,1.87
2016.04.22 15:53:36.921,2.09868,2.09928,1.50,1.00
2016.04.22 15:53:37.680,2.09868,2.09935,1.75,1.87
2016.04.22 15:53:38.081,2.09868,2.09935,1.00,1.87
2016.04.22 15:53:38.283,2.09866,2.09928,1.37,1.75
2016.04.22 15:53:38.654,2.09866,2.09928,1.37,1.75
2016.04.22 15:53:38.756,2.09864,2.09928,1.75,1.50
2016.04.22 15:53:39.012,2.09864,2.09928,1.75,1.50
2016.04.22 15:53:39.323,2.09864,2.09928,1.75,1.37
2016.04.22 15:53:39.525,2.09869,2.0993,1.75,1.37
2016.04.22 15:53:39.897,2.09869,2.09934,1.75,1.37
2016.04.22 15:53:40.100,2.09875,2.09939,1.75,2.25
2016.04.22 15:53:40.201,2.09875,2.09939,2.25,1.50
2016.04.22 15:53:40.718,2.09875,2.09939,2.25,1.75
2016.04.22 15:53:41.327,2.09875,2.09939,2.25,1.75
2016.04.22 15:53:41.378,2.09875,2.09939,1.12,1.75
2016.04.22 15:53:41.430,2.09875,2.09939,1.00,1.75
2016.04.22 15:53:41.596,2.09875,2.09939,2.25,1.75
2016.04.22 15:53:41.848,2.09875,2.09937,2.25,1.00
2016.04.22 15:53:42.357,2.09875,2.09939,2.25,1.50
2016.04.22 15:53:42.560,2.09875,2.09939,1.75,1.75
2016.04.22 15:53:42.949,2.0988,2.09945,1.37,1.87
2016.04.22 15:53:43.101,2.0988,2.09945,1.75,2.25
2016.04.22 15:53:43.151,2.0988,2.09945,1.75,2.25
2016.04.22 15:53:44.380,2.0988,2.09945,1.75,1.50
2016.04.22 15:53:44.640,2.0988,2.09945,1.75,1.75
2016.04.22 15:53:44.842,2.0988,2.09941,1.75,1.00
2016.04.22 15:53:45.257,2.0988,2.09945,1.75,2.25
2016.04.22 15:53:45.851,2.0988,2.09945,1.75,1.50
2016.04.22 15:53:47.645,2.0988,2.09945,1.75,1.50
2016.04.22 15:53:47.797,2.0988,2.09945,1.50,1.75
2016.04.22 15:53:47.848,2.0988,2.09945,1.12,1.75
2016.04.22 15:53:48.089,2.0988,2.09945,1.75,1.75
2016.04.22 15:53:48.190,2.0988,2.09946,1.12,2.25
2016.04.22 15:53:48.249,2.0988,2.09939,1.37,1.00
2016.04.22 15:53:48.655,2.0988,2.09946,1.50,2.25
2016.04.22 15:53:48.807,2.09885,2.0995,1.50,1.75
2016.04.22 15:53:49.008,2.09892,2.09952,1.50,1.75
2016.04.22 15:53:49.110,2.09891,2.09952,1.12,1.75
2016.04.22 15:53:49.262,2.09891,2.09952,1.37,1.75
2016.04.22 15:53:49.464,2.09891,2.09958,1.87,1.75
2016.04.22 15:53:49.566,2.09891,2.09958,1.87,1.75
2016.04.22 15:53:49.768,2.09892,2.09958,1.50,1.75
2016.04.22 15:53:49.869,2.09891,2.09958,1.87,1.75
2016.04.22 15:53:50.245,2.09892,2.09958,1.37,1.75
2016.04.22 15:53:50.296,2.09892,2.09958,1.12,1.75
2016.04.22 15:53:50.456,2.09892,2.09958,1.12,1.75
2016.04.22 15:53:50.760,2.09894,2.09955,1.00,1.75
2016.04.22 15:53:51.209,2.09891,2.09956,1.00,1.75
2016.04.22 15:53:51.666,2.09891,2.09956,1.00,1.75
2016.04.22 15:53:51.768,2.09891,2.09956,1.00,1.75
2016.04.22 15:53:51.971,2.09891,2.09946,1.12,1.00
2016.04.22 15:53:52.072,2.09891,2.09955,1.50,1.75
2016.04.22 15:53:52.173,2.09886,2.09951,1.75,1.75
2016.04.22 15:53:52.477,2.09886,2.09951,1.12,1.75
2016.04.22 15:53:52.792,2.09886,2.09951,1.75,1.75
2016.04.22 15:53:52.893,2.09886,2.09951,1.75,1.75
2016.04.22 15:53:52.995,2.09894,2.09958,1.12,2.25
2016.04.22 15:53:53.096,2.09893,2.09958,1.50,1.00
2016.04.22 15:53:53.197,2.09897,2.09964,1.00,1.50
2016.04.22 15:53:53.299,2.09897,2.09964,1.12,1.12
2016.04.22 15:53:53.553,2.09904,2.09965,1.00,1.37
2016.04.22 15:53:53.886,2.09911,2.09969,1.00,1.00
2016.04.22 15:53:54.038,2.09911,2.09974,1.00,1.50
2016.04.22 15:53:54.976,2.09911,2.09975,1.00,1.50
2016.04.22 15:53:55.215,2.09911,2.09975,1.00,1.75
2016.04.22 15:53:55.526,2.09911,2.09974,1.00,1.75
2016.04.22 15:53:55.577,2.09903,2.0997,1.87,1.50
2016.04.22 15:53:55.679,2.09903,2.0997,1.87,1.50
2016.04.22 15:53:55.982,2.09902,2.09963,1.00,1.75
2016.04.22 15:53:56.083,2.09902,2.09963,1.00,1.75
2016.04.22 15:53:56.387,2.09903,2.09963,1.00,1.75
2016.04.22 15:53:57.005,2.09902,2.09963,1.00,1.75
2016.04.22 15:53:57.535,2.09898,2.09963,1.00,1.75
2016.04.22 15:53:57.788,2.09893,2.09958,1.00,1.75
2016.04.22 15:53:58.130,2.09893,2.09958,1.37,1.75
2016.04.22 15:53:58.387,2.09893,2.09958,1.12,1.75
2016.04.22 15:53:59.423,2.09893,2.09958,1.37,1.75
2016.04.22 15:53:59.589,2.09893,2.09958,1.37,1.75
2016.04.22 15:54:00.030,2.09894,2.09958,1.12,1.75
2016.04.22 15:54:00.391,2.09893,2.09958,1.37,1.75
2016.04.22 15:54:00.898,2.09894,2.09957,1.00,1.75
2016.04.22 15:54:00.950,2.09891,2.09944,1.00,1.00
2016.04.22 15:54:01.002,2.09891,2.09955,1.00,1.75
2016.04.22 15:54:01.154,2.09886,2.09951,2.62,1.75
2016.04.22 15:54:01.407,2.09886,2.09951,2.25,1.75
2016.04.22 15:54:01.458,2.09886,2.09951,2.62,1.75
2016.04.22 15:54:01.509,2.09891,2.09956,1.37,1.75
2016.04.22 15:54:01.611,2.09891,2.09956,1.75,1.75
2016.04.22 15:54:01.910,2.09892,2.09957,1.75,1.75
2016.04.22 15:54:02.012,2.09892,2.09957,1.50,1.75
2016.04.22 15:54:02.316,2.09893,2.09957,1.12,1.75
2016.04.22 15:54:02.367,2.09891,2.09954,1.00,1.75
2016.04.22 15:54:02.468,2.09891,2.09955,1.12,1.75
2016.04.22 15:54:02.519,2.09891,2.09955,1.00,1.75
2016.04.22 15:54:02.621,2.09891,2.09954,1.37,1.75
2016.04.22 15:54:03.051,2.09891,2.09954,1.00,1.75
2016.04.22 15:54:03.560,2.09891,2.09955,1.37,1.75
2016.04.22 15:54:03.763,2.09891,2.09954,1.12,1.75
2016.04.22 15:54:04.066,2.09891,2.09954,1.00,1.50
2016.04.22 15:54:04.468,2.09891,2.09955,1.00,1.12
2016.04.22 15:54:05.166,2.09891,2.09954,1.00,1.00
2016.04.22 15:54:05.968,2.09891,2.09955,1.00,1.00
2016.04.22 15:54:06.070,2.09891,2.09955,1.00,1.37
2016.04.22 15:54:06.593,2.09885,2.09952,1.37,1.00
2016.04.22 15:54:07.355,2.09885,2.09952,1.37,1.50
2016.04.22 15:54:07.472,2.09885,2.09952,1.37,1.00
2016.04.22 15:54:08.668,2.09885,2.09952,1.00,1.37
2016.04.22 15:54:08.769,2.09885,2.09952,1.00,1.75
2016.04.22 15:54:11.252,2.09885,2.09952,1.00,1.75
2016.04.22 15:54:11.576,2.09885,2.09951,1.00,1.75
2016.04.22 15:54:11.832,2.0989,2.09954,1.00,1.12
2016.04.22 15:54:11.884,2.09892,2.09957,1.00,1.75
2016.04.22 15:54:12.187,2.09892,2.09957,1.75,1.75
2016.04.22 15:54:12.289,2.09891,2.09957,1.75,1.50
2016.04.22 15:54:12.492,2.09892,2.09957,1.75,1.75
2016.04.22 15:54:12.596,2.09891,2.09957,1.50,1.50
2016.04.22 15:54:12.698,2.09892,2.09957,1.50,1.75
2016.04.22 15:54:13.020,2.09891,2.09957,1.75,1.75
2016.04.22 15:54:13.684,2.09891,2.09957,1.75,1.75
2016.04.22 15:54:13.785,2.09892,2.09957,1.12,1.75
2016.04.22 15:54:14.365,2.09892,2.09957,1.37,1.75
2016.04.22 15:54:14.899,2.0989,2.09956,1.75,1.75
2016.04.22 15:54:15.510,2.0989,2.09956,1.75,1.75
2016.04.22 15:54:15.611,2.0989,2.09955,1.75,1.50
2016.04.22 15:54:15.914,2.0989,2.09955,1.75,1.37
2016.04.22 15:54:16.103,2.0989,2.09955,1.75,1.75
2016.04.22 15:54:16.394,2.0989,2.09955,1.75,1.75
2016.04.22 15:54:17.304,2.09887,2.09953,1.87,1.75
2016.04.22 15:54:18.213,2.09887,2.09953,1.75,1.75
2016.04.22 15:54:18.770,2.09887,2.09953,1.75,1.00
2016.04.22 15:54:19.108,2.09891,2.09953,1.00,1.50
2016.04.22 15:54:19.450,2.09884,2.09946,1.00,1.75
2016.04.22 15:54:19.501,2.09878,2.09945,1.75,1.75
2016.04.22 15:54:19.602,2.09878,2.09946,1.00,2.25
2016.04.22 15:54:19.703,2.09878,2.09935,1.00,1.00
2016.04.22 15:54:19.807,2.09878,2.09945,1.00,1.75
2016.04.22 15:54:19.908,2.09878,2.09946,1.37,2.25
2016.04.22 15:54:20.706,2.09878,2.09945,1.50,2.25
2016.04.22 15:54:20.807,2.09878,2.09945,1.75,2.25
2016.04.22 15:54:21.113,2.09878,2.09946,1.75,2.25
2016.04.22 15:54:21.628,2.09878,2.09946,1.75,2.25
2016.04.22 15:54:22.167,2.09878,2.09945,1.75,1.75
2016.04.22 15:54:22.719,2.09884,2.09946,1.75,1.75
2016.04.22 15:54:23.297,2.09883,2.09946,1.50,1.75
2016.04.22 15:54:23.601,2.09883,2.09946,1.75,1.12
2016.04.22 15:54:24.209,2.09884,2.09951,2.25,1.75
2016.04.22 15:54:24.723,2.09884,2.09951,1.37,1.75
2016.04.22 15:54:25.224,2.09884,2.09951,1.87,2.25
2016.04.22 15:54:25.618,2.09884,2.09951,1.00,2.25
2016.04.22 15:54:26.725,2.09884,2.09951,1.50,1.75
2016.04.22 15:54:26.826,2.09884,2.0995,1.00,1.75
2016.04.22 15:54:26.928,2.09884,2.09951,2.25,1.75
2016.04.22 15:54:27.049,2.09884,2.09951,1.75,1.75
2016.04.22 15:54:27.415,2.09895,2.09957,1.00,1.75
2016.04.22 15:54:27.668,2.09892,2.09957,1.00,1.75
2016.04.22 15:54:27.719,2.09891,2.09956,1.00,1.75
2016.04.22 15:54:27.820,2.09891,2.09956,1.00,1.75
2016.04.22 15:54:27.927,2.09891,2.09956,1.00,1.75
2016.04.22 15:54:28.509,2.09891,2.09955,1.37,1.75
2016.04.22 15:54:29.029,2.09891,2.09949,1.12,1.00
2016.04.22 15:54:29.332,2.09891,2.09956,1.00,1.75
2016.04.22 15:54:29.846,2.09891,2.09955,1.12,1.75
2016.04.22 15:54:30.231,2.09885,2.0995,1.87,1.00
2016.04.22 15:54:30.382,2.09885,2.09952,1.87,1.75
2016.04.22 15:54:30.887,2.09885,2.09952,1.12,1.75
2016.04.22 15:54:31.039,2.09885,2.09952,1.12,1.75
2016.04.22 15:54:31.141,2.09885,2.09947,1.87,1.00
2016.04.22 15:54:31.433,2.09885,2.09952,1.12,1.75
2016.04.22 15:54:31.534,2.09885,2.09952,1.12,1.75
2016.04.22 15:54:31.743,2.09885,2.09952,1.87,1.75
2016.04.22 15:54:32.354,2.09885,2.09952,1.12,1.75
2016.04.22 15:54:32.924,2.09885,2.09952,1.12,1.75
2016.04.22 15:54:33.227,2.09885,2.09952,1.87,1.75
2016.04.22 15:54:33.587,2.09885,2.09952,1.12,1.75
2016.04.22 15:54:33.902,2.09884,2.09952,2.62,1.75
2016.04.22 15:54:33.953,2.09885,2.09952,1.87,1.75
2016.04.22 15:54:34.054,2.09885,2.09952,1.87,1.75
2016.04.22 15:54:34.559,2.09885,2.09952,1.00,1.75
2016.04.22 15:54:34.886,2.09894,2.09952,1.12,1.12
2016.04.22 15:54:35.189,2.09901,2.09958,1.00,1.75
2016.04.22 15:54:35.467,2.099,2.09958,1.00,1.75
2016.04.22 15:54:35.770,2.099,2.09958,1.00,1.75
2016.04.22 15:54:36.210,2.09901,2.09963,1.00,1.75
2016.04.22 15:54:36.261,2.09901,2.09963,1.00,1.75
2016.04.22 15:54:36.566,2.09897,2.09963,1.00,3.00
2016.04.22 15:54:37.069,2.09897,2.09962,1.00,1.75
2016.04.22 15:54:37.266,2.09891,2.09957,2.62,1.75
2016.04.22 15:54:38.639,2.09892,2.09957,1.50,1.75
2016.04.22 15:54:39.293,2.09892,2.0995,1.87,1.00
2016.04.22 15:54:39.664,2.09892,2.09957,1.50,1.75
2016.04.22 15:54:39.816,2.09892,2.09951,1.12,1.00
2016.04.22 15:54:40.015,2.099,2.09957,1.00,1.75
2016.04.22 15:54:40.116,2.09892,2.09957,1.12,1.75
2016.04.22 15:54:40.218,2.09897,2.09963,1.00,1.75
2016.04.22 15:54:43.835,2.09894,2.09958,1.37,1.75
2016.04.22 15:54:43.889,2.09892,2.09958,1.75,1.75
2016.04.22 15:54:43.991,2.09894,2.09958,1.37,1.75
2016.04.22 15:54:44.092,2.09894,2.09958,1.37,1.75
2016.04.22 15:54:44.418,2.09892,2.09958,1.37,1.75
2016.04.22 15:54:44.807,2.09897,2.09961,1.00,1.75
2016.04.22 15:54:45.033,2.09897,2.09963,1.00,2.25
2016.04.22 15:54:45.134,2.09897,2.09963,1.50,1.75
2016.04.22 15:54:45.236,2.09897,2.09963,1.12,2.25
2016.04.22 15:54:45.741,2.09897,2.09963,1.00,2.25
2016.04.22 15:54:46.116,2.09897,2.09963,1.00,1.75
2016.04.22 15:54:46.636,2.09897,2.09962,1.00,1.75
2016.04.22 15:54:47.493,2.09892,2.09957,1.12,1.75
2016.04.22 15:54:47.632,2.09892,2.09957,1.50,1.75
2016.04.22 15:54:47.786,2.09892,2.09957,1.12,1.75
2016.04.22 15:54:48.039,2.09892,2.09957,1.00,1.75
2016.04.22 15:54:48.571,2.09892,2.09957,1.37,1.75
2016.04.22 15:54:48.622,2.09891,2.09957,1.87,1.75
2016.04.22 15:54:49.028,2.09891,2.09957,2.25,1.75
2016.04.22 15:54:49.376,2.09892,2.09957,1.75,1.75
2016.04.22 15:54:49.427,2.09892,2.09957,1.37,1.75
2016.04.22 15:54:49.529,2.09891,2.09957,2.25,1.75
2016.04.22 15:54:49.832,2.09891,2.09957,2.25,1.75
2016.04.22 15:54:50.556,2.09892,2.09957,1.75,1.75
2016.04.22 15:54:50.957,2.09891,2.09957,2.25,1.75
2016.04.22 15:54:51.326,2.09892,2.09957,1.00,1.75
2016.04.22 15:54:51.428,2.09892,2.09957,1.12,1.75
2016.04.22 15:54:52.520,2.09892,2.09957,1.00,1.75
2016.04.22 15:54:52.786,2.09892,2.09957,1.50,1.75
2016.04.22 15:54:53.141,2.09892,2.09957,1.50,1.75
2016.04.22 15:54:53.720,2.09892,2.09957,1.50,1.75
2016.04.22 15:54:54.240,2.09892,2.09957,1.37,1.75
2016.04.22 15:54:54.771,2.09892,2.09957,1.87,1.75
2016.04.22 15:54:55.110,2.09901,2.09963,1.37,1.75
2016.04.22 15:54:55.269,2.09901,2.09968,1.37,1.75
2016.04.22 15:54:55.774,2.09901,2.09969,2.25,2.25
2016.04.22 15:54:56.176,2.09902,2.09968,1.00,1.75
2016.04.22 15:54:56.731,2.09901,2.09968,2.25,1.75
2016.04.22 15:54:57.829,2.09901,2.09968,1.12,1.75
2016.04.22 15:54:58.879,2.09901,2.09956,1.00,1.00
2016.04.22 15:54:59.433,2.09901,2.09968,1.12,1.75
2016.04.22 15:54:59.967,2.09901,2.09969,1.87,1.75
2016.04.22 15:55:00.135,2.09901,2.09969,1.87,1.75
2016.04.22 15:55:00.640,2.09902,2.09969,1.37,1.75
2016.04.22 15:55:00.944,2.09902,2.09969,1.50,1.75
2016.04.22 15:55:01.177,2.09902,2.09969,1.00,2.62
2016.04.22 15:55:01.229,2.099,2.09958,1.12,1.75
2016.04.22 15:55:01.381,2.09901,2.09957,1.00,1.75
2016.04.22 15:55:01.483,2.09901,2.09957,1.00,1.75
2016.04.22 15:55:01.688,2.09901,2.09957,1.00,1.75
2016.04.22 15:55:01.789,2.099,2.09957,1.00,1.75
2016.04.22 15:55:01.891,2.099,2.09957,1.00,1.75
2016.04.22 15:55:02.415,2.099,2.09957,1.00,1.75
2016.04.22 15:55:03.398,2.099,2.09962,1.00,1.75
2016.04.22 15:55:03.710,2.09901,2.09962,1.00,1.75
2016.04.22 15:55:03.761,2.09901,2.09962,1.00,1.75
2016.04.22 15:55:03.863,2.09901,2.09962,1.00,1.75
2016.04.22 15:55:04.379,2.099,2.09962,1.00,1.75
2016.04.22 15:55:04.699,2.09901,2.09966,1.87,1.75
2016.04.22 15:55:04.964,2.09901,2.09961,2.25,1.00
2016.04.22 15:55:05.066,2.09901,2.09966,2.25,1.75
2016.04.22 15:55:05.705,2.09901,2.09966,2.25,1.75
2016.04.22 15:55:05.807,2.09901,2.09966,1.00,1.75
2016.04.22 15:55:05.858,2.09901,2.09966,1.00,1.75
2016.04.22 15:55:06.296,2.09901,2.09966,1.00,1.75
2016.04.22 15:55:06.669,2.09901,2.09965,1.00,1.75
2016.04.22 15:55:07.209,2.099,2.09959,1.00,1.75
2016.04.22 15:55:07.547,2.09883,2.09945,1.75,1.75
2016.04.22 15:55:07.598,2.09878,2.09937,1.00,1.75
2016.04.22 15:55:08.114,2.09878,2.09937,1.00,1.75
2016.04.22 15:55:08.216,2.09878,2.09938,1.00,1.75
2016.04.22 15:55:08.635,2.09878,2.09944,1.00,1.12
2016.04.22 15:55:08.940,2.09869,2.09933,1.12,1.75
2016.04.22 15:55:08.991,2.09865,2.09931,1.00,1.75
2016.04.22 15:55:09.315,2.09865,2.09929,1.00,1.75
2016.04.22 15:55:09.417,2.09862,2.09926,1.12,1.75
2016.04.22 15:55:09.518,2.0986,2.09926,1.12,1.75
2016.04.22 15:55:10.027,2.0986,2.09926,1.00,1.75
2016.04.22 15:55:12.609,2.0986,2.09925,1.00,1.75
2016.04.22 15:55:12.811,2.09851,2.09919,1.00,3.00
2016.04.22 15:55:12.913,2.09847,2.09913,1.37,1.75
2016.04.22 15:55:13.014,2.09848,2.09913,1.37,1.75
2016.04.22 15:55:13.116,2.09849,2.09913,1.00,1.75
2016.04.22 15:55:13.217,2.09847,2.09913,1.75,1.75
2016.04.22 15:55:13.319,2.09852,2.09918,1.75,1.75
2016.04.22 15:55:13.420,2.09852,2.09918,1.75,1.75
2016.04.22 15:55:13.521,2.09852,2.09918,1.75,1.75
2016.04.22 15:55:13.715,2.09852,2.09919,1.75,1.75
2016.04.22 15:55:14.331,2.09852,2.09918,1.75,1.75
2016.04.22 15:55:14.533,2.09847,2.09914,2.25,1.75
2016.04.22 15:55:14.635,2.09848,2.09914,1.75,1.75
2016.04.22 15:55:16.407,2.09848,2.09912,1.75,1.00
2016.04.22 15:55:16.508,2.09852,2.09918,1.37,1.75
2016.04.22 15:55:16.812,2.09865,2.09932,1.00,1.75
2016.04.22 15:55:16.913,2.09871,2.09939,1.75,1.75
2016.04.22 15:55:17.015,2.09878,2.09939,1.75,1.00
2016.04.22 15:55:17.116,2.09877,2.09945,2.25,1.75
2016.04.22 15:55:17.243,2.09877,2.09936,1.00,1.75
2016.04.22 15:55:17.294,2.09864,2.09929,1.75,1.37
2016.04.22 15:55:17.345,2.09864,2.09929,1.75,1.75
2016.04.22 15:55:17.396,2.09864,2.09929,1.75,1.75
2016.04.22 15:55:17.740,2.09871,2.09929,1.75,1.00
2016.04.22 15:55:18.093,2.09872,2.09929,1.50,1.00
2016.04.22 15:55:18.642,2.09872,2.09929,1.12,1.00
2016.04.22 15:55:19.320,2.09872,2.09929,1.37,1.37
2016.04.22 15:55:19.834,2.09872,2.09929,1.12,1.00
2016.04.22 15:55:19.986,2.09871,2.09929,1.00,1.37
2016.04.22 15:55:20.138,2.09864,2.09929,1.75,1.75
2016.04.22 15:55:20.189,2.09864,2.09929,1.50,1.75
2016.04.22 15:55:20.291,2.09861,2.09922,1.75,1.37
2016.04.22 15:55:20.594,2.09861,2.09914,1.00,1.00
2016.04.22 15:55:20.801,2.09854,2.0992,1.50,1.75
2016.04.22 15:55:20.903,2.09861,2.0992,1.37,1.50
2016.04.22 15:55:20.954,2.09861,2.0992,1.50,1.00
2016.04.22 15:55:21.005,2.09861,2.09927,1.50,1.50
2016.04.22 15:55:21.056,2.09866,2.09929,1.37,1.87
2016.04.22 15:55:21.108,2.09866,2.09929,1.37,1.50
2016.04.22 15:55:21.159,2.09869,2.09934,1.75,1.75
2016.04.22 15:55:21.210,2.09872,2.09935,1.75,1.12
2016.04.22 15:55:21.312,2.09872,2.09937,1.75,1.12
2016.04.22 15:55:21.363,2.09872,2.09939,1.50,1.12
2016.04.22 15:55:21.596,2.09872,2.09932,1.37,1.12
2016.04.22 15:55:22.034,2.09872,2.09936,1.00,1.12
2016.04.22 15:55:22.136,2.09872,2.0994,1.37,1.75
2016.04.22 15:55:22.188,2.09872,2.0994,1.37,1.37
2016.04.22 15:55:22.240,2.09869,2.0993,1.37,1.00
2016.04.22 15:55:22.442,2.09864,2.09929,1.00,1.75
2016.04.22 15:55:22.544,2.09858,2.09922,1.75,1.00
2016.04.22 15:55:22.883,2.0985,2.09916,1.87,1.75
2016.04.22 15:55:22.943,2.0985,2.09916,1.37,1.75
2016.04.22 15:55:23.463,2.09849,2.09916,1.87,1.75
2016.04.22 15:55:23.970,2.09849,2.09916,1.87,2.25
2016.04.22 15:55:24.224,2.09849,2.09916,1.87,1.75
2016.04.22 15:55:24.603,2.0985,2.09907,1.37,1.00
2016.04.22 15:55:24.654,2.0985,2.09916,1.75,1.75
2016.04.22 15:55:24.705,2.0985,2.09916,1.75,1.75
2016.04.22 15:55:24.908,2.09849,2.09916,2.25,1.00
2016.04.22 15:55:25.010,2.09857,2.09922,1.75,1.75
2016.04.22 15:55:26.947,2.09857,2.09922,1.75,1.75
2016.04.22 15:55:27.522,2.09857,2.09922,1.75,1.75
2016.04.22 15:55:27.573,2.09857,2.09922,1.50,1.75
2016.04.22 15:55:28.212,2.09857,2.09922,1.12,1.75
2016.04.22 15:55:28.516,2.09856,2.09922,1.00,1.75
2016.04.22 15:55:29.147,2.09857,2.09922,1.00,1.75
2016.04.22 15:55:29.249,2.09854,2.0992,1.00,1.75
2016.04.22 15:55:29.351,2.09849,2.09915,1.75,1.75
2016.04.22 15:55:29.452,2.09849,2.09915,1.00,1.75
2016.04.22 15:55:29.978,2.09849,2.09915,1.00,1.75
2016.04.22 15:55:30.159,2.09849,2.09915,1.12,1.75
2016.04.22 15:55:30.260,2.09849,2.09915,1.37,1.75
2016.04.22 15:55:30.411,2.09849,2.09915,1.12,1.75
2016.04.22 15:55:30.462,2.09849,2.09915,1.37,1.75
2016.04.22 15:55:30.749,2.09849,2.09915,1.00,1.75
2016.04.22 15:55:30.850,2.09849,2.09915,1.12,1.75
2016.04.22 15:55:30.952,2.09849,2.09915,1.37,1.75
2016.04.22 15:55:31.118,2.09849,2.09915,1.00,1.75
2016.04.22 15:55:31.419,2.09849,2.09915,1.50,1.75
2016.04.22 15:55:31.732,2.09849,2.09915,1.75,1.75
2016.04.22 15:55:32.535,2.09849,2.09915,1.75,1.75
2016.04.22 15:55:32.838,2.09849,2.09909,1.37,1.00
2016.04.22 15:55:33.966,2.09849,2.09915,1.50,1.75
2016.04.22 15:55:34.866,2.09849,2.09913,1.37,1.75
2016.04.22 15:55:35.119,2.0984,2.09907,1.37,2.25
2016.04.22 15:55:35.271,2.09839,2.09907,1.12,2.25
2016.04.22 15:55:35.372,2.09839,2.09907,1.37,3.00
2016.04.22 15:55:35.474,2.09839,2.09906,1.50,1.75
2016.04.22 15:55:35.977,2.09839,2.09906,1.50,1.75
2016.04.22 15:55:36.281,2.09847,2.09911,1.50,1.75
2016.04.22 15:55:36.659,2.09847,2.09911,1.12,1.75
2016.04.22 15:55:36.770,2.09847,2.09911,1.50,1.75
2016.04.22 15:55:36.873,2.09846,2.09911,1.87,1.75
2016.04.22 15:55:37.162,2.09846,2.09911,1.87,1.75
2016.04.22 15:55:37.789,2.09846,2.09911,2.25,1.75
2016.04.22 15:55:38.239,2.09847,2.09911,1.37,1.75
2016.04.22 15:55:38.289,2.09846,2.09911,1.87,1.75
2016.04.22 15:55:38.340,2.09846,2.09911,1.87,1.75
2016.04.22 15:55:38.543,2.09846,2.09911,2.25,1.75
2016.04.22 15:55:38.644,2.09846,2.09911,2.25,1.75
2016.04.22 15:55:38.745,2.09846,2.09911,1.87,1.75
2016.04.22 15:55:39.090,2.09847,2.09911,1.12,1.75
2016.04.22 15:55:39.439,2.09847,2.09911,1.75,1.75
2016.04.22 15:55:39.490,2.09847,2.09911,1.12,1.75
2016.04.22 15:55:39.591,2.09847,2.09911,1.75,1.75
2016.04.22 15:55:39.893,2.09847,2.09911,1.12,1.75
2016.04.22 15:55:40.238,2.09847,2.09911,1.75,1.75
2016.04.22 15:55:40.720,2.09846,2.09911,1.87,1.75
2016.04.22 15:55:40.771,2.09846,2.09911,1.50,1.75
2016.04.22 15:55:41.219,2.09846,2.0991,1.12,1.37
2016.04.22 15:55:41.270,2.09849,2.09917,1.00,1.75
2016.04.22 15:55:41.422,2.09855,2.09918,1.12,1.00
2016.04.22 15:55:41.474,2.09855,2.09918,1.37,1.00
2016.04.22 15:55:41.807,2.09862,2.09923,1.00,1.12
2016.04.22 15:55:41.858,2.09862,2.09927,1.50,1.37
2016.04.22 15:55:41.960,2.09863,2.09927,1.00,1.75
2016.04.22 15:55:42.420,2.09863,2.09927,1.00,1.75
2016.04.22 15:55:43.473,2.09863,2.09924,1.00,1.00
2016.04.22 15:55:44.119,2.09862,2.09927,1.50,1.50
2016.04.22 15:55:44.976,2.09862,2.09927,1.87,1.12
2016.04.22 15:55:45.280,2.09862,2.09927,1.87,1.37
2016.04.22 15:55:45.583,2.09862,2.09927,1.50,1.37
2016.04.22 15:55:45.684,2.09863,2.09927,1.12,1.75
2016.04.22 15:55:46.272,2.09862,2.09927,1.50,1.75
2016.04.22 15:55:46.373,2.09862,2.09925,1.87,1.00
2016.04.22 15:55:46.660,2.09862,2.09927,1.50,1.50
2016.04.22 15:55:47.205,2.09863,2.09927,1.00,1.75
2016.04.22 15:55:47.709,2.09863,2.09931,1.50,1.75
2016.04.22 15:55:47.907,2.09863,2.09931,1.50,1.75
2016.04.22 15:55:48.210,2.09862,2.09924,1.00,1.75
2016.04.22 15:55:48.514,2.09858,2.09922,1.00,1.75
2016.04.22 15:55:48.717,2.09858,2.09921,1.00,1.75
2016.04.22 15:55:48.819,2.09858,2.09921,1.00,1.50
2016.04.22 15:55:49.040,2.09858,2.09922,1.37,1.12
2016.04.22 15:55:49.091,2.09858,2.09922,1.37,1.00
2016.04.22 15:55:49.243,2.09861,2.09924,1.75,1.00
2016.04.22 15:55:49.294,2.09863,2.09931,1.37,1.75
2016.04.22 15:55:49.395,2.09863,2.09931,1.37,1.75
2016.04.22 15:55:49.737,2.09863,2.09931,1.75,1.50
2016.04.22 15:55:50.089,2.09863,2.09931,1.75,1.50
2016.04.22 15:55:50.331,2.09863,2.09931,1.75,1.37
2016.04.22 15:55:50.590,2.09864,2.09931,1.00,1.37
2016.04.22 15:55:50.691,2.09863,2.09931,1.00,1.75
2016.04.22 15:55:51.096,2.09863,2.09931,1.37,1.75
2016.04.22 15:55:51.349,2.09863,2.09931,1.00,1.75
2016.04.22 15:55:51.400,2.09863,2.09931,1.00,1.75
2016.04.22 15:55:51.725,2.09861,2.09923,1.00,1.75
2016.04.22 15:55:51.826,2.0986,2.09923,1.00,1.12
2016.04.22 15:55:52.416,2.0986,2.09923,1.00,1.37
2016.04.22 15:55:52.618,2.0986,2.09923,1.00,1.75
2016.04.22 15:55:53.097,2.0986,2.09914,1.00,1.00
2016.04.22 15:55:53.149,2.09849,2.09914,1.00,1.75
2016.04.22 15:55:53.250,2.09849,2.09914,1.00,1.75
2016.04.22 15:55:53.352,2.09847,2.0991,1.00,1.50
2016.04.22 15:55:54.535,2.09843,2.09908,1.12,1.12
2016.04.22 15:55:56.370,2.09844,2.09908,1.12,1.00
2016.04.22 15:55:58.364,2.09842,2.09905,1.37,1.00
2016.04.22 15:55:58.465,2.09844,2.09908,1.00,1.37
2016.04.22 15:55:58.869,2.09845,2.0991,1.37,2.25
2016.04.22 15:56:00.985,2.09845,2.0991,1.37,1.50
2016.04.22 15:56:02.206,2.09845,2.0991,1.37,1.50
2016.04.22 15:56:04.681,2.09842,2.09908,1.87,1.37
2016.04.22 15:56:04.783,2.09847,2.09908,1.50,1.00
2016.04.22 15:56:04.885,2.09848,2.09914,2.25,1.00
2016.04.22 15:56:04.936,2.0986,2.09917,1.00,1.75
2016.04.22 15:56:04.987,2.09856,2.09915,1.37,1.00
2016.04.22 15:56:05.038,2.09856,2.09918,1.37,1.37
2016.04.22 15:56:05.224,2.09856,2.09914,1.37,1.00
2016.04.22 15:56:05.577,2.09856,2.0992,1.00,1.75
2016.04.22 15:56:05.965,2.09856,2.0992,1.00,1.75
2016.04.22 15:56:06.375,2.09856,2.0992,1.00,1.12
2016.04.22 15:56:06.476,2.09855,2.0992,2.25,1.00
2016.04.22 15:56:06.982,2.0986,2.09926,1.00,1.75
2016.04.22 15:56:07.285,2.0986,2.09926,1.00,2.25
2016.04.22 15:56:07.466,2.0986,2.09926,1.00,1.75
2016.04.22 15:56:07.517,2.0986,2.09926,1.00,1.75
2016.04.22 15:56:07.619,2.0986,2.09926,1.00,1.75
2016.04.22 15:56:07.720,2.0986,2.09926,1.00,1.75
2016.04.22 15:56:08.095,2.0986,2.09924,1.00,1.00
2016.04.22 15:56:08.381,2.0986,2.09926,1.00,1.75
2016.04.22 15:56:08.912,2.0986,2.09926,1.00,1.75
2016.04.22 15:56:09.114,2.0986,2.09926,1.00,1.75
2016.04.22 15:56:09.216,2.0986,2.09926,1.00,2.25
2016.04.22 15:56:09.385,2.0986,2.09926,1.00,2.25
2016.04.22 15:56:10.405,2.09856,2.09921,1.12,1.50
2016.04.22 15:56:11.283,2.09855,2.09921,1.50,1.37
2016.04.22 15:56:11.888,2.09862,2.09926,1.00,1.75
2016.04.22 15:56:11.989,2.09862,2.09923,1.00,1.00
2016.04.22 15:56:12.142,2.09862,2.09927,1.00,1.00
2016.04.22 15:56:12.193,2.09862,2.09927,1.00,1.37
2016.04.22 15:56:12.244,2.09858,2.09923,1.00,1.75
2016.04.22 15:56:12.754,2.09858,2.09923,1.00,1.75
2016.04.22 15:56:12.998,2.09858,2.09923,1.37,1.75
2016.04.22 15:56:14.419,2.09855,2.09912,1.00,1.75
2016.04.22 15:56:14.823,2.09855,2.09912,1.00,1.50
2016.04.22 15:56:15.231,2.09856,2.09912,1.00,1.75
2016.04.22 15:56:15.638,2.09847,2.09912,2.25,1.75
2016.04.22 15:56:16.685,2.09847,2.0991,2.62,1.00
2016.04.22 15:56:17.471,2.09848,2.09912,1.37,1.50
2016.04.22 15:56:17.573,2.09848,2.09912,1.37,1.75
2016.04.22 15:56:18.115,2.09848,2.09912,1.37,1.75
2016.04.22 15:56:19.569,2.09848,2.09909,1.37,1.00
2016.04.22 15:56:20.761,2.09849,2.09914,1.12,1.75
2016.04.22 15:56:22.303,2.09849,2.09913,1.00,1.00
2016.04.22 15:56:23.396,2.09849,2.09914,1.37,1.37
2016.04.22 15:56:23.692,2.09849,2.09914,1.37,1.00
2016.04.22 15:56:23.956,2.09849,2.09914,1.75,1.00
2016.04.22 15:56:24.436,2.09849,2.09914,1.37,1.37
2016.04.22 15:56:24.789,2.09849,2.09914,1.00,1.37
2016.04.22 15:56:25.113,2.09852,2.09917,1.00,1.75
2016.04.22 15:56:27.587,2.09852,2.09917,1.00,1.75
2016.04.22 15:56:27.739,2.09852,2.09917,1.00,1.75
2016.04.22 15:56:28.056,2.09848,2.09913,1.00,1.75
2016.04.22 15:56:28.208,2.09848,2.09913,1.00,1.75
2016.04.22 15:56:28.462,2.0985,2.09917,1.12,1.50
2016.04.22 15:56:28.513,2.0985,2.09917,1.00,1.50
2016.04.22 15:56:28.715,2.0985,2.09917,1.50,1.50
2016.04.22 15:56:28.816,2.09857,2.0992,1.00,1.75
2016.04.22 15:56:29.034,2.09863,2.09927,1.00,1.12
2016.04.22 15:56:29.135,2.09867,2.09926,1.00,1.12
2016.04.22 15:56:29.287,2.09867,2.09926,1.00,1.37
2016.04.22 15:56:29.344,2.09867,2.09926,1.00,1.00
2016.04.22 15:56:29.495,2.09869,2.09934,1.00,1.87
2016.04.22 15:56:29.597,2.09869,2.09934,1.00,1.87
2016.04.22 15:56:30.078,2.09869,2.09934,1.00,1.87
2016.04.22 15:56:30.129,2.09866,2.09928,1.00,1.37
2016.04.22 15:56:30.281,2.09866,2.09926,1.00,1.00
2016.04.22 15:56:30.332,2.09863,2.09926,1.00,1.12
2016.04.22 15:56:30.383,2.09863,2.09926,1.00,1.37
2016.04.22 15:56:30.434,2.09857,2.09922,1.00,1.75
2016.04.22 15:56:30.485,2.09857,2.09922,1.00,1.75
2016.04.22 15:56:30.789,2.09857,2.09917,1.00,1.75
2016.04.22 15:56:31.041,2.09852,2.09916,1.00,1.75
2016.04.22 15:56:31.222,2.09852,2.09916,1.00,1.75
2016.04.22 15:56:31.429,2.09851,2.09916,1.00,1.75
2016.04.22 15:56:31.732,2.09851,2.0991,1.00,1.75
2016.04.22 15:56:32.066,2.09851,2.0991,1.00,1.75
2016.04.22 15:56:32.268,2.09845,2.0991,1.50,1.75
2016.04.22 15:56:32.404,2.09845,2.0991,1.50,1.75
2016.04.22 15:56:32.455,2.09846,2.0991,1.37,1.75
2016.04.22 15:56:32.808,2.09851,2.0991,1.00,1.75
2016.04.22 15:56:33.321,2.09845,2.0991,1.87,1.75
2016.04.22 15:56:33.635,2.09845,2.0991,1.87,1.75
2016.04.22 15:56:33.938,2.09845,2.09904,1.87,1.00
2016.04.22 15:56:34.115,2.09846,2.0991,1.00,1.75
2016.04.22 15:56:35.097,2.09846,2.0991,1.00,1.75
2016.04.22 15:56:36.716,2.09846,2.0991,1.00,1.75
2016.04.22 15:56:37.020,2.09846,2.0991,1.00,1.75
2016.04.22 15:56:37.553,2.09845,2.09907,1.00,1.75
2016.04.22 15:56:37.741,2.09846,2.09907,1.00,1.50
2016.04.22 15:56:38.246,2.09845,2.09907,1.00,1.37
2016.04.22 15:56:38.499,2.09847,2.09913,1.00,1.75
2016.04.22 15:56:38.550,2.09847,2.09908,1.12,1.00
2016.04.22 15:56:38.601,2.09847,2.09913,1.12,1.75
2016.04.22 15:56:39.136,2.09847,2.09913,1.00,1.75
2016.04.22 15:56:39.707,2.09847,2.09913,1.00,1.75
2016.04.22 15:56:39.758,2.09847,2.09913,1.00,1.75
2016.04.22 15:56:40.847,2.09853,2.09917,1.12,1.75
2016.04.22 15:56:40.898,2.09853,2.09916,1.12,1.12
2016.04.22 15:56:40.949,2.09859,2.09916,1.00,1.12
2016.04.22 15:56:41.050,2.09865,2.09925,1.00,1.00
2016.04.22 15:56:41.101,2.09865,2.09931,1.37,1.75
2016.04.22 15:56:41.152,2.09865,2.09931,1.75,1.37
2016.04.22 15:56:41.253,2.09866,2.09931,1.12,1.37
2016.04.22 15:56:41.380,2.09866,2.09931,1.12,1.37
2016.04.22 15:56:41.431,2.09871,2.09931,1.00,1.37
2016.04.22 15:56:41.633,2.0987,2.09931,1.00,1.00
2016.04.22 15:56:42.160,2.09871,2.09931,1.00,1.00
2016.04.22 15:56:42.538,2.09865,2.09931,1.37,1.00
2016.04.22 15:56:44.607,2.0987,2.09935,1.00,1.00
2016.04.22 15:56:44.911,2.09877,2.09944,1.00,1.00
2016.04.22 15:56:45.234,2.09877,2.09944,1.00,1.75
2016.04.22 15:56:45.538,2.09874,2.09931,1.00,1.00
2016.04.22 15:56:46.031,2.09866,2.09931,1.50,1.00
2016.04.22 15:56:46.582,2.09866,2.0993,1.00,1.00
2016.04.22 15:56:47.542,2.09866,2.09929,1.00,1.00
2016.04.22 15:56:48.222,2.09866,2.0993,1.00,1.00
2016.04.22 15:56:48.806,2.09866,2.09929,1.00,1.00
2016.04.22 15:56:49.330,2.09866,2.0993,1.00,1.00
2016.04.22 15:56:50.229,2.09866,2.09929,1.00,1.00
2016.04.22 15:56:51.154,2.09861,2.09927,1.00,1.00
2016.04.22 15:56:52.824,2.09861,2.09927,1.00,1.75
2016.04.22 15:56:53.128,2.09861,2.09927,1.00,1.75
2016.04.22 15:56:54.537,2.09861,2.09927,1.00,1.75
2016.04.22 15:56:55.083,2.09861,2.09927,1.00,1.75
2016.04.22 15:56:55.235,2.09858,2.09921,1.00,1.75
2016.04.22 15:56:55.336,2.09857,2.09921,1.12,1.75
2016.04.22 15:56:55.930,2.09857,2.09921,1.12,1.75
2016.04.22 15:56:58.527,2.09857,2.09921,1.12,1.75
2016.04.22 15:56:59.735,2.09858,2.09921,1.00,1.50
2016.04.22 15:57:00.278,2.09857,2.09921,1.50,1.37
2016.04.22 15:57:00.329,2.09858,2.09926,1.37,1.75
2016.04.22 15:57:00.380,2.09858,2.09926,1.37,1.37
2016.04.22 15:57:00.582,2.09865,2.09929,1.00,1.75
2016.04.22 15:57:00.734,2.09866,2.09933,1.00,1.75
2016.04.22 15:57:00.836,2.09865,2.09933,1.50,1.75
2016.04.22 15:57:01.157,2.09865,2.09933,1.50,1.75
2016.04.22 15:57:01.692,2.09871,2.09937,1.00,1.87
2016.04.22 15:57:01.743,2.09871,2.09936,1.00,1.75
2016.04.22 15:57:01.845,2.09871,2.09936,1.00,1.75
2016.04.22 15:57:02.455,2.09866,2.09932,1.00,1.75
2016.04.22 15:57:02.557,2.09864,2.09928,1.00,1.75
2016.04.22 15:57:02.776,2.09864,2.09928,1.00,1.50
2016.04.22 15:57:03.232,2.09864,2.09929,1.00,1.00
2016.04.22 15:57:03.333,2.09871,2.09928,1.00,1.00
2016.04.22 15:57:03.384,2.09871,2.09937,1.00,1.50
2016.04.22 15:57:03.738,2.09871,2.09937,1.12,1.37
2016.04.22 15:57:04.138,2.09871,2.09937,1.00,1.50
2016.04.22 15:57:04.442,2.09871,2.09937,1.00,1.75
2016.04.22 15:57:04.767,2.09871,2.09937,1.00,2.25
2016.04.22 15:57:04.954,2.09871,2.09937,1.00,1.00
2016.04.22 15:57:05.947,2.09871,2.09937,1.12,2.25
2016.04.22 15:57:06.522,2.09871,2.09937,1.00,2.25
2016.04.22 15:57:06.948,2.09871,2.09937,1.00,1.75
2016.04.22 15:57:07.475,2.09871,2.09937,1.00,2.25
2016.04.22 15:57:07.526,2.09867,2.09931,1.00,1.12
2016.04.22 15:57:08.971,2.09866,2.09931,1.00,1.00
2016.04.22 15:57:11.884,2.09867,2.09931,1.00,1.00
2016.04.22 15:57:13.006,2.09866,2.09931,1.00,1.00
2016.04.22 15:57:13.532,2.09867,2.09931,1.00,1.00
2016.04.22 15:57:16.288,2.09867,2.09931,1.00,1.37
2016.04.22 15:57:16.389,2.09863,2.09926,1.50,1.00
2016.04.22 15:57:16.491,2.09863,2.09926,1.00,1.00
2016.04.22 15:57:16.743,2.09857,2.09925,1.00,1.12
2016.04.22 15:57:17.394,2.09857,2.09925,1.00,1.37
2016.04.22 15:57:17.557,2.09854,2.09919,1.00,1.00
2016.04.22 15:57:17.608,2.09851,2.09917,1.00,1.00
2016.04.22 15:57:17.760,2.09851,2.09917,1.00,1.37
2016.04.22 15:57:17.811,2.09846,2.09914,1.75,1.50
2016.04.22 15:57:17.863,2.09847,2.09914,1.00,1.50
2016.04.22 15:57:18.167,2.09855,2.09916,1.37,1.00
2016.04.22 15:57:18.390,2.09856,2.09923,1.75,1.12
2016.04.22 15:57:18.855,2.09856,2.09923,1.75,1.00
2016.04.22 15:57:19.370,2.09857,2.09923,1.50,1.37
2016.04.22 15:57:19.988,2.09857,2.09923,1.00,1.75
2016.04.22 15:57:20.459,2.09857,2.09923,1.00,1.75
2016.04.22 15:57:21.381,2.09857,2.09923,1.00,1.75
2016.04.22 15:57:21.891,2.09856,2.09923,1.00,1.75
2016.04.22 15:57:22.463,2.09856,2.09923,1.00,1.75
2016.04.22 15:57:23.401,2.09857,2.09925,1.00,1.75
2016.04.22 15:57:23.985,2.09857,2.09925,1.00,1.75
2016.04.22 15:57:24.566,2.09857,2.09925,1.00,1.75
2016.04.22 15:57:24.787,2.09857,2.09919,1.37,1.00
2016.04.22 15:57:24.890,2.09857,2.09921,1.87,1.00
2016.04.22 15:57:24.992,2.09857,2.09925,1.50,1.75
2016.04.22 15:57:25.497,2.09857,2.09925,1.00,1.75
2016.04.22 15:57:25.599,2.09857,2.09916,1.00,1.00
2016.04.22 15:57:25.902,2.09857,2.09925,1.50,1.75
2016.04.22 15:57:26.104,2.09857,2.09925,1.50,1.75
2016.04.22 15:57:26.326,2.09857,2.09925,1.50,1.75
2016.04.22 15:57:28.217,2.09857,2.09925,1.50,1.75
2016.04.22 15:57:28.918,2.09857,2.09924,1.50,1.75
2016.04.22 15:57:29.198,2.09857,2.09924,1.00,1.75
2016.04.22 15:57:30.195,2.09857,2.09924,1.00,1.75
2016.04.22 15:57:30.347,2.0985,2.09917,2.25,1.75
2016.04.22 15:57:30.398,2.0985,2.09917,1.87,1.75
2016.04.22 15:57:30.907,2.0985,2.09916,1.00,1.75
2016.04.22 15:57:31.236,2.09847,2.09912,1.00,1.75
2016.04.22 15:57:31.287,2.09847,2.09912,1.00,1.75
2016.04.22 15:57:32.773,2.09847,2.09912,1.00,1.75
2016.04.22 15:57:33.076,2.09844,2.09908,1.00,1.75
2016.04.22 15:57:33.481,2.09844,2.09908,1.00,1.75
2016.04.22 15:57:33.582,2.09844,2.09909,1.00,1.50
2016.04.22 15:57:33.734,2.09844,2.09909,1.37,1.50
2016.04.22 15:57:33.973,2.09844,2.09909,1.12,1.12
2016.04.22 15:57:34.074,2.09844,2.09908,1.00,1.75
2016.04.22 15:57:35.056,2.09844,2.09908,1.37,1.50
2016.04.22 15:57:36.826,2.09847,2.09908,1.00,1.00
2016.04.22 15:57:36.877,2.09847,2.09914,1.50,1.37
2016.04.22 15:57:36.979,2.09855,2.09914,1.00,1.37
2016.04.22 15:57:37.080,2.09855,2.09916,1.00,1.00
2016.04.22 15:57:37.182,2.09855,2.09923,1.00,1.75
2016.04.22 15:57:37.384,2.09855,2.09923,1.00,1.75
2016.04.22 15:57:37.435,2.09855,2.09923,1.12,1.75
2016.04.22 15:57:37.637,2.09855,2.09923,1.00,1.75
2016.04.22 15:57:38.221,2.09855,2.09923,1.00,1.75
2016.04.22 15:57:38.373,2.09844,2.0991,1.87,1.37
2016.04.22 15:57:38.677,2.09844,2.0991,1.00,1.75
2016.04.22 15:57:39.195,2.09844,2.0991,1.87,1.75
2016.04.22 15:57:40.178,2.09844,2.0991,1.87,1.75
2016.04.22 15:57:40.746,2.09844,2.0991,1.50,1.75
2016.04.22 15:57:41.081,2.09844,2.0991,1.12,1.50
2016.04.22 15:57:41.145,2.09844,2.0991,1.37,1.50
2016.04.22 15:57:43.379,2.09843,2.0991,1.12,1.75
2016.04.22 15:57:43.701,2.09843,2.09906,1.50,1.00
2016.04.22 15:57:44.005,2.09856,2.09915,1.75,1.00
2016.04.22 15:57:44.056,2.09856,2.09921,1.37,1.37
2016.04.22 15:57:44.157,2.09858,2.09921,1.00,1.12
2016.04.22 15:57:44.460,2.09857,2.09921,1.00,1.37
2016.04.22 15:57:44.643,2.09853,2.09918,1.50,1.37
2016.04.22 15:57:46.165,2.09853,2.09918,1.50,1.37
2016.04.22 15:57:46.713,2.09853,2.09919,1.37,1.50
2016.04.22 15:57:47.250,2.09853,2.09918,1.75,1.12
2016.04.22 15:57:47.832,2.09853,2.09919,1.50,1.00
2016.04.22 15:57:47.883,2.09853,2.09919,1.50,1.00
2016.04.22 15:57:48.187,2.0985,2.09912,1.12,1.00
2016.04.22 15:57:48.238,2.0985,2.09912,1.37,1.00
2016.04.22 15:57:48.289,2.09846,2.0991,1.50,1.75
2016.04.22 15:57:48.391,2.09846,2.09911,1.50,1.37
2016.04.22 15:57:48.905,2.09847,2.0991,1.12,1.12
2016.04.22 15:57:49.407,2.09846,2.0991,1.37,1.12
2016.04.22 15:57:49.844,2.09851,2.0991,1.00,1.12
2016.04.22 15:57:50.384,2.09851,2.09911,1.00,1.12
2016.04.22 15:57:50.687,2.09852,2.09911,1.37,1.00
2016.04.22 15:57:50.738,2.09852,2.09917,1.37,1.50
2016.04.22 15:57:50.789,2.09852,2.09915,1.12,1.00
2016.04.22 15:57:51.297,2.09852,2.09917,1.50,1.50
2016.04.22 15:57:51.803,2.09857,2.0992,1.00,1.75
2016.04.22 15:57:52.428,2.09857,2.09921,1.00,1.75
2016.04.22 15:57:52.917,2.09857,2.09921,1.00,1.75
2016.04.22 15:57:53.317,2.09857,2.0992,1.00,1.00
2016.04.22 15:57:53.708,2.09857,2.09921,1.37,1.50
2016.04.22 15:57:54.328,2.09857,2.09921,1.37,1.12
2016.04.22 15:57:54.430,2.09868,2.09927,1.00,1.12
2016.04.22 15:57:54.646,2.09873,2.09934,1.00,1.00
2016.04.22 15:57:54.697,2.09873,2.09934,1.00,1.37
2016.04.22 15:57:54.798,2.09873,2.09941,1.00,1.75
2016.04.22 15:57:55.224,2.09873,2.09941,1.87,1.75
2016.04.22 15:57:55.735,2.09873,2.09941,1.00,1.75
2016.04.22 15:57:55.786,2.09873,2.09941,1.00,1.75
2016.04.22 15:57:55.837,2.09873,2.09941,1.50,1.75
2016.04.22 15:57:56.040,2.09873,2.09941,1.00,1.75
2016.04.22 15:57:56.727,2.09873,2.09941,1.00,1.75
2016.04.22 15:57:56.970,2.09873,2.09941,1.00,1.75
2016.04.22 15:57:57.021,2.09873,2.09941,1.12,1.75
2016.04.22 15:57:57.529,2.09873,2.09941,1.87,1.75
2016.04.22 15:57:58.034,2.09873,2.09941,1.50,1.75
2016.04.22 15:57:58.605,2.09873,2.09941,1.50,1.75
2016.04.22 15:57:58.959,2.09873,2.09937,1.00,1.12
2016.04.22 15:57:59.224,2.09873,2.09937,1.37,1.00
2016.04.22 15:57:59.908,2.09877,2.09937,1.00,1.00
2016.04.22 15:58:00.412,2.09874,2.09939,1.00,1.37
2016.04.22 15:58:01.141,2.09875,2.09939,1.00,1.75
2016.04.22 15:58:01.447,2.09867,2.09932,1.12,1.75
2016.04.22 15:58:01.548,2.09862,2.09928,1.37,1.75
2016.04.22 15:58:01.852,2.0986,2.09921,1.50,1.75
2016.04.22 15:58:01.953,2.0986,2.09921,1.50,1.37
2016.04.22 15:58:02.175,2.09857,2.0992,1.12,2.25
2016.04.22 15:58:02.377,2.09854,2.0992,1.50,1.37
2016.04.22 15:58:02.630,2.09859,2.0992,1.75,1.00
2016.04.22 15:58:02.731,2.09866,2.09927,1.00,1.12
2016.04.22 15:58:03.035,2.09866,2.09928,1.12,1.87
2016.04.22 15:58:03.253,2.09866,2.09929,1.00,1.00
2016.04.22 15:58:03.758,2.09866,2.09928,1.00,1.12
2016.04.22 15:58:03.859,2.09871,2.09929,1.00,1.37
2016.04.22 15:58:03.961,2.09871,2.09929,1.12,1.00
2016.04.22 15:58:04.472,2.09871,2.09936,1.00,1.09
2016.04.22 15:58:04.674,2.09871,2.09932,1.00,1.75
2016.04.22 15:58:04.775,2.09864,2.09932,1.00,2.62
2016.04.22 15:58:05.080,2.09864,2.09932,1.00,2.62
2016.04.22 15:58:05.181,2.09864,2.09932,1.00,2.62
2016.04.22 15:58:05.283,2.09864,2.09932,1.00,2.62
2016.04.22 15:58:05.333,2.09871,2.09932,1.00,1.87
2016.04.22 15:58:05.559,2.09871,2.09939,1.87,1.75
2016.04.22 15:58:05.660,2.09871,2.09939,1.50,1.75
2016.04.22 15:58:05.863,2.09871,2.09939,1.87,1.50
2016.04.22 15:58:05.964,2.09872,2.09939,1.75,1.00
2016.04.22 15:58:06.331,2.09871,2.09939,2.25,1.50
2016.04.22 15:58:06.680,2.09879,2.09943,1.00,1.75
2016.04.22 15:58:06.852,2.09883,2.09943,1.00,1.00
2016.04.22 15:58:06.954,2.09883,2.0995,1.00,1.75
2016.04.22 15:58:07.159,2.09883,2.09951,1.00,2.25
2016.04.22 15:58:07.210,2.09878,2.09945,1.50,1.37
2016.04.22 15:58:07.261,2.09878,2.09945,1.00,1.75
2016.04.22 15:58:08.243,2.09878,2.09945,1.00,1.75
2016.04.22 15:58:08.344,2.09878,2.09945,1.00,1.75
2016.04.22 15:58:09.070,2.09877,2.09942,1.00,1.50
2016.04.22 15:58:09.389,2.09877,2.09943,1.00,1.75
2016.04.22 15:58:11.053,2.09877,2.09941,1.37,1.00
2016.04.22 15:58:12.076,2.09877,2.09942,1.37,1.12
2016.04.22 15:58:12.257,2.09877,2.09942,1.12,1.12
2016.04.22 15:58:12.396,2.09877,2.09942,1.75,1.00
2016.04.22 15:58:12.900,2.09877,2.09943,1.37,1.37
2016.04.22 15:58:13.445,2.09877,2.09943,1.12,1.50
2016.04.22 15:58:15.803,2.09877,2.09942,1.00,1.50
2016.04.22 15:58:16.602,2.09877,2.09942,1.12,1.50
2016.04.22 15:58:16.795,2.09877,2.09942,1.00,1.00
2016.04.22 15:58:17.543,2.09879,2.09942,1.00,1.00
2016.04.22 15:58:18.843,2.09873,2.09934,1.37,1.00
2016.04.22 15:58:19.265,2.09872,2.09934,1.00,1.75
2016.04.22 15:58:19.316,2.09872,2.09934,1.00,1.12
2016.04.22 15:58:19.468,2.09876,2.09941,1.00,1.87
2016.04.22 15:58:19.518,2.09876,2.09941,1.00,1.50
2016.04.22 15:58:20.044,2.09876,2.09941,1.00,1.12
2016.04.22 15:58:20.147,2.09881,2.09942,1.00,1.00
2016.04.22 15:58:20.409,2.09881,2.09947,1.37,1.37
2016.04.22 15:58:20.460,2.09881,2.09947,1.75,1.00
2016.04.22 15:58:20.897,2.09881,2.09947,1.50,1.37
2016.04.22 15:58:20.999,2.09881,2.09947,1.00,1.75
2016.04.22 15:58:21.302,2.09881,2.09942,1.00,1.50
2016.04.22 15:58:21.505,2.09875,2.09941,1.00,1.75
2016.04.22 15:58:23.286,2.09875,2.09941,1.00,2.25
2016.04.22 15:58:23.337,2.09875,2.09941,1.00,2.25
2016.04.22 15:58:23.908,2.09875,2.09941,1.00,1.75
2016.04.22 15:58:24.111,2.09875,2.09941,1.00,2.25
2016.04.22 15:58:24.212,2.09875,2.09939,1.37,1.00
2016.04.22 15:58:24.339,2.09875,2.09941,1.75,1.87
2016.04.22 15:58:24.649,2.09881,2.09941,1.00,1.75
2016.04.22 15:58:24.750,2.09881,2.09942,1.00,1.37
2016.04.22 15:58:24.953,2.09882,2.09942,1.37,1.00
2016.04.22 15:58:25.055,2.09881,2.09942,1.00,1.37
2016.04.22 15:58:25.249,2.09881,2.09946,1.50,1.75
2016.04.22 15:58:25.653,2.09881,2.09943,1.00,1.75
2016.04.22 15:58:25.755,2.09886,2.09944,1.00,1.37
2016.04.22 15:58:25.906,2.09886,2.09952,1.00,1.75
2016.04.22 15:58:26.434,2.09886,2.09952,1.00,1.75
2016.04.22 15:58:26.925,2.09886,2.09952,1.00,1.75
2016.04.22 15:58:27.026,2.09886,2.09952,1.50,1.75
2016.04.22 15:58:27.573,2.09886,2.09952,1.00,1.75
2016.04.22 15:58:27.674,2.09893,2.09957,1.00,1.75
2016.04.22 15:58:27.776,2.09893,2.09956,1.00,1.50
2016.04.22 15:58:27.827,2.09895,2.09959,1.00,1.75
2016.04.22 15:58:28.332,2.09894,2.09959,1.00,1.75
2016.04.22 15:58:28.866,2.09895,2.09959,1.00,1.75
2016.04.22 15:58:29.417,2.09894,2.09959,1.00,1.75
2016.04.22 15:58:29.952,2.09895,2.09959,1.00,1.75
2016.04.22 15:58:30.487,2.09894,2.09958,1.00,1.00
2016.04.22 15:58:30.538,2.09894,2.09959,1.00,1.37
2016.04.22 15:58:31.064,2.09885,2.09952,1.37,1.37
2016.04.22 15:58:31.369,2.09877,2.09943,1.12,1.75
2016.04.22 15:58:31.572,2.09877,2.09943,1.37,1.75
2016.04.22 15:58:31.782,2.09877,2.09943,1.00,1.75
2016.04.22 15:58:32.046,2.09877,2.09943,1.12,1.75
2016.04.22 15:58:32.109,2.09886,2.09946,1.00,1.75
2016.04.22 15:58:32.413,2.09879,2.09946,1.00,1.75
2016.04.22 15:58:32.464,2.09879,2.09946,1.00,1.75
2016.04.22 15:58:32.675,2.09879,2.09946,1.00,1.75
2016.04.22 15:58:33.213,2.09879,2.09947,1.00,2.25
2016.04.22 15:58:33.265,2.09879,2.09947,1.00,2.25
2016.04.22 15:58:33.978,2.09879,2.09947,1.00,2.25
2016.04.22 15:58:34.029,2.09879,2.09946,1.00,1.75
2016.04.22 15:58:36.758,2.09879,2.09946,1.00,1.75
2016.04.22 15:58:37.273,2.09879,2.09946,1.00,1.75
2016.04.22 15:58:37.585,2.09891,2.09946,1.00,1.00
2016.04.22 15:58:37.740,2.09897,2.09962,1.00,1.75
2016.04.22 15:58:37.791,2.09897,2.09962,1.00,1.75
2016.04.22 15:58:37.994,2.09897,2.09962,1.12,1.75
2016.04.22 15:58:38.095,2.09897,2.09962,1.12,1.50
2016.04.22 15:58:38.697,2.09897,2.09962,1.37,1.75
2016.04.22 15:58:38.849,2.09897,2.09962,1.75,1.12
2016.04.22 15:58:38.900,2.09897,2.09962,1.75,1.00
2016.04.22 15:58:39.309,2.09897,2.09962,1.75,1.00
2016.04.22 15:58:39.411,2.09897,2.09962,1.75,1.00
2016.04.22 15:58:39.684,2.09897,2.09962,1.75,1.00
2016.04.22 15:58:39.878,2.09897,2.09962,1.37,1.75
2016.04.22 15:58:40.876,2.09897,2.09962,1.37,1.12
2016.04.22 15:58:41.766,2.09904,2.09965,1.00,1.50
2016.04.22 15:58:41.918,2.09904,2.09966,1.50,1.00
2016.04.22 15:58:41.969,2.09904,2.09971,1.12,1.12
2016.04.22 15:58:42.120,2.09904,2.09971,1.37,1.37
2016.04.22 15:58:42.444,2.09903,2.0996,1.12,1.00
2016.04.22 15:58:42.496,2.09895,2.0996,2.25,1.50
2016.04.22 15:58:42.547,2.09895,2.0996,1.50,1.12
2016.04.22 15:58:42.699,2.09895,2.0996,1.75,1.00
2016.04.22 15:58:43.272,2.099,2.09966,1.00,2.25
2016.04.22 15:58:43.424,2.099,2.09966,1.75,1.87
2016.04.22 15:58:43.525,2.09901,2.09966,1.00,1.87
2016.04.22 15:58:44.076,2.099,2.09966,1.37,2.25
2016.04.22 15:58:44.224,2.099,2.09966,1.00,2.25
2016.04.22 15:58:44.527,2.099,2.09963,1.37,1.00
2016.04.22 15:58:45.231,2.099,2.09966,1.12,2.25
2016.04.22 15:58:45.624,2.099,2.09966,1.12,2.25
2016.04.22 15:58:46.257,2.099,2.09965,1.00,1.75
2016.04.22 15:58:47.040,2.099,2.09966,1.00,2.25
2016.04.22 15:58:47.192,2.099,2.09966,1.75,1.87
2016.04.22 15:58:47.344,2.099,2.09966,1.75,1.50
2016.04.22 15:58:47.550,2.09904,2.09965,1.00,1.00
2016.04.22 15:58:48.055,2.09895,2.09961,1.75,1.00
2016.04.22 15:58:48.157,2.09893,2.09957,1.50,1.00
2016.04.22 15:58:48.258,2.09893,2.09958,1.37,1.50
2016.04.22 15:58:48.309,2.09889,2.09954,1.37,1.37
2016.04.22 15:58:48.411,2.09888,2.09954,1.12,1.75
2016.04.22 15:58:48.462,2.09886,2.09947,1.00,1.37
2016.04.22 15:58:48.627,2.09882,2.09946,1.00,1.75
2016.04.22 15:58:49.031,2.09882,2.09946,1.37,1.75
2016.04.22 15:58:49.082,2.09882,2.09945,1.50,1.12
2016.04.22 15:58:49.234,2.09876,2.09942,1.75,1.00
2016.04.22 15:58:49.386,2.09876,2.09942,1.12,1.37
2016.04.22 15:58:49.437,2.09876,2.09942,1.50,1.12
2016.04.22 15:58:49.589,2.09876,2.09942,1.37,1.75
2016.04.22 15:58:50.092,2.09876,2.09942,1.12,1.75
2016.04.22 15:58:51.265,2.09876,2.09942,1.50,1.50
2016.04.22 15:58:52.027,2.09876,2.09942,1.50,1.12
2016.04.22 15:58:52.431,2.09876,2.09942,1.75,1.00
2016.04.22 15:58:52.533,2.09884,2.09942,1.00,1.00
2016.04.22 15:58:53.030,2.09876,2.09942,1.75,1.00
2016.04.22 15:58:53.596,2.09881,2.09946,1.75,1.00
2016.04.22 15:58:53.647,2.09881,2.09946,1.75,1.00
2016.04.22 15:58:53.698,2.09883,2.09948,1.75,1.00
2016.04.22 15:58:53.749,2.09883,2.09948,1.75,1.37
2016.04.22 15:58:53.951,2.09883,2.09948,1.37,1.50
2016.04.22 15:58:54.154,2.09883,2.09948,1.00,1.75
2016.04.22 15:58:54.472,2.09883,2.09948,1.00,1.75
2016.04.22 15:58:54.573,2.09884,2.09942,1.00,1.00
2016.04.22 15:58:54.776,2.09884,2.09948,1.00,1.75
2016.04.22 15:58:54.877,2.09883,2.09948,1.37,1.37
2016.04.22 15:58:55.175,2.09883,2.09948,1.12,1.37
2016.04.22 15:58:55.906,2.09884,2.09948,1.00,1.75
2016.04.22 15:58:56.830,2.09883,2.09948,1.00,1.50
2016.04.22 15:58:56.881,2.09883,2.09948,1.37,1.50
2016.04.22 15:58:57.121,2.09881,2.09946,1.00,1.50
2016.04.22 15:58:57.172,2.09881,2.09946,1.37,1.50
2016.04.22 15:58:57.476,2.09881,2.09947,1.00,1.75
2016.04.22 15:58:57.527,2.09876,2.09941,1.12,1.75
2016.04.22 15:58:57.578,2.09882,2.09947,1.00,1.75
2016.04.22 15:58:57.629,2.09882,2.09946,1.00,1.75
2016.04.22 15:58:57.680,2.09882,2.09946,1.37,1.50
2016.04.22 15:58:57.731,2.09882,2.09946,1.75,1.12
2016.04.22 15:58:57.782,2.09882,2.09946,1.50,1.37
2016.04.22 15:58:58.127,2.09882,2.09947,1.00,1.75
2016.04.22 15:58:59.273,2.09882,2.09947,1.00,1.75
2016.04.22 15:58:59.793,2.09882,2.09946,1.00,1.75
2016.04.22 15:59:00.342,2.09882,2.09947,1.00,1.50
2016.04.22 15:59:00.493,2.09882,2.09947,1.37,1.50
2016.04.22 15:59:01.014,2.09884,2.09948,1.12,1.00
2016.04.22 15:59:01.318,2.09883,2.09948,1.75,1.00
2016.04.22 15:59:01.672,2.09884,2.09948,1.50,1.37
2016.04.22 15:59:01.723,2.09883,2.09948,1.37,1.50
2016.04.22 15:59:01.824,2.09892,2.09955,1.00,1.75
2016.04.22 15:59:01.875,2.09892,2.09955,1.12,1.75
2016.04.22 15:59:01.926,2.09892,2.09954,1.12,1.12
2016.04.22 15:59:02.150,2.09896,2.0996,1.00,1.37
2016.04.22 15:59:02.655,2.09895,2.0996,1.00,1.00
2016.04.22 15:59:03.358,2.09896,2.0996,1.00,1.00
2016.04.22 15:59:03.919,2.09895,2.0996,1.00,1.00
2016.04.22 15:59:04.352,2.09898,2.09965,1.00,1.00
2016.04.22 15:59:05.156,2.09902,2.09965,1.00,1.00
2016.04.22 15:59:05.460,2.09898,2.09965,1.50,1.50
2016.04.22 15:59:05.511,2.09898,2.09965,1.12,1.50
2016.04.22 15:59:05.684,2.09908,2.09965,1.00,1.00
2016.04.22 15:59:05.735,2.09906,2.09969,1.00,1.37
2016.04.22 15:59:05.786,2.09908,2.09973,1.00,1.50
2016.04.22 15:59:05.837,2.09908,2.09973,1.00,1.12
2016.04.22 15:59:05.888,2.09908,2.09973,1.00,1.37
2016.04.22 15:59:06.192,2.09908,2.09966,1.00,1.12
2016.04.22 15:59:06.243,2.09901,2.09967,1.00,1.87
2016.04.22 15:59:06.395,2.09901,2.09966,1.00,1.50
2016.04.22 15:59:06.811,2.09901,2.09967,1.00,2.25
2016.04.22 15:59:07.513,2.09901,2.09966,1.00,1.75
2016.04.22 15:59:07.917,2.09901,2.09967,1.00,2.25
2016.04.22 15:59:07.968,2.09896,2.09961,1.00,1.50
2016.04.22 15:59:08.502,2.09895,2.09961,1.50,1.37
2016.04.22 15:59:08.603,2.09896,2.09961,1.00,1.50
2016.04.22 15:59:09.118,2.09895,2.09961,1.50,1.50
2016.04.22 15:59:09.644,2.09895,2.09961,1.50,1.37
2016.04.22 15:59:09.999,2.09895,2.09961,1.50,1.00
2016.04.22 15:59:10.201,2.09895,2.09961,1.87,1.37
2016.04.22 15:59:10.726,2.09895,2.09961,1.50,1.75
2016.04.22 15:59:10.929,2.09896,2.09961,1.12,1.37
2016.04.22 15:59:11.209,2.09896,2.09961,1.50,1.37
2016.04.22 15:59:11.729,2.09899,2.09961,1.00,1.00
2016.04.22 15:59:12.032,2.09896,2.09961,1.75,1.00
2016.04.22 15:59:12.639,2.09895,2.09961,2.25,1.00
2016.04.22 15:59:13.082,2.099,2.09967,1.50,1.50
2016.04.22 15:59:13.132,2.099,2.09967,1.50,1.50
2016.04.22 15:59:13.696,2.099,2.09967,1.75,1.50
2016.04.22 15:59:14.025,2.099,2.09966,1.75,1.50
2016.04.22 15:59:14.487,2.099,2.09967,1.75,1.12
2016.04.22 15:59:14.989,2.099,2.09966,1.75,1.00
2016.04.22 15:59:15.457,2.099,2.09966,1.75,1.12
2016.04.22 15:59:15.508,2.099,2.09966,1.75,1.37
2016.04.22 15:59:15.811,2.099,2.09966,1.50,1.75
2016.04.22 15:59:16.115,2.099,2.09967,1.75,1.75
2016.04.22 15:59:16.779,2.099,2.09966,1.75,1.75
2016.04.22 15:59:17.083,2.099,2.09967,1.37,1.75
2016.04.22 15:59:18.237,2.09895,2.09961,2.25,1.50
2016.04.22 15:59:18.652,2.09895,2.09961,2.25,1.50
2016.04.22 15:59:20.022,2.09896,2.09961,1.75,1.75
2016.04.22 15:59:20.586,2.09896,2.09961,1.75,1.75
2016.04.22 15:59:20.725,2.09896,2.09958,1.37,1.00
2016.04.22 15:59:20.776,2.09895,2.09961,1.87,1.50
2016.04.22 15:59:20.929,2.09895,2.09961,1.87,1.50
2016.04.22 15:59:21.252,2.09895,2.09961,1.00,2.25
2016.04.22 15:59:21.303,2.0989,2.09957,1.50,1.75
2016.04.22 15:59:21.406,2.0989,2.09957,1.37,1.75
2016.04.22 15:59:21.709,2.09889,2.09957,1.37,1.75
2016.04.22 15:59:21.861,2.09889,2.09957,1.37,1.75
2016.04.22 15:59:21.912,2.0989,2.09957,1.75,1.75
2016.04.22 15:59:22.437,2.0989,2.09957,1.75,1.75
2016.04.22 15:59:22.985,2.09889,2.09957,1.75,1.75
2016.04.22 15:59:23.667,2.09889,2.09957,1.75,1.75
2016.04.22 15:59:23.859,2.09889,2.09957,1.75,1.75
2016.04.22 15:59:24.179,2.09889,2.09957,1.75,1.75
2016.04.22 15:59:25.158,2.09889,2.09957,1.75,1.75
2016.04.22 15:59:25.361,2.09889,2.09957,1.75,1.75
2016.04.22 15:59:25.567,2.09889,2.09957,1.75,1.75
2016.04.22 15:59:26.393,2.09889,2.09957,1.75,1.75
2016.04.22 15:59:26.905,2.09889,2.09958,2.25,1.75
2016.04.22 15:59:27.108,2.09895,2.09961,1.12,1.75
2016.04.22 15:59:27.209,2.0989,2.09957,1.00,1.75
2016.04.22 15:59:27.411,2.0989,2.09957,1.00,1.75
2016.04.22 15:59:27.462,2.0989,2.09957,1.00,1.75
2016.04.22 15:59:27.807,2.09889,2.09957,1.87,1.75
2016.04.22 15:59:27.981,2.09889,2.09957,1.87,1.75
2016.04.22 15:59:28.487,2.09889,2.09957,1.87,1.75
2016.04.22 15:59:29.707,2.09889,2.09952,1.00,1.75
2016.04.22 15:59:29.808,2.09889,2.09952,1.00,1.75
2016.04.22 15:59:30.011,2.0989,2.09955,1.37,1.75
2016.04.22 15:59:30.112,2.09889,2.09957,2.25,1.75
2016.04.22 15:59:30.163,2.09922,2.09961,1.00,1.75
2016.04.22 15:59:30.413,2.09928,2.09987,1.37,1.75
2016.04.22 15:59:30.790,2.09921,2.09987,1.37,1.75
2016.04.22 15:59:30.993,2.09917,2.09981,1.75,1.37
2016.04.22 15:59:31.044,2.09917,2.09981,1.37,1.75
2016.04.22 15:59:31.591,2.09918,2.09981,1.00,1.75
2016.04.22 15:59:32.112,2.09918,2.09981,1.00,1.75
2016.04.22 15:59:32.315,2.09917,2.09981,1.12,1.75
2016.04.22 15:59:32.932,2.09918,2.09981,1.00,1.75
2016.04.22 15:59:33.782,2.09918,2.09981,1.00,1.75
2016.04.22 15:59:34.439,2.09928,2.09989,1.00,1.50
2016.04.22 15:59:34.490,2.09928,2.09989,1.00,1.50
2016.04.22 15:59:34.793,2.09919,2.09987,1.75,1.75
2016.04.22 15:59:35.205,2.09917,2.09981,1.50,1.50
2016.04.22 15:59:35.257,2.09914,2.09979,1.75,1.75
2016.04.22 15:59:35.307,2.09914,2.09979,1.75,1.75
2016.04.22 15:59:35.647,2.09914,2.0998,1.75,1.75
2016.04.22 15:59:36.405,2.09915,2.0998,1.00,1.75
2016.04.22 15:59:36.964,2.09914,2.0998,1.37,1.75
2016.04.22 15:59:37.092,2.09914,2.0998,1.12,1.75
2016.04.22 15:59:37.194,2.09914,2.0998,1.37,1.75
2016.04.22 15:59:37.512,2.09914,2.09979,1.75,1.50
2016.04.22 15:59:37.715,2.09914,2.0998,1.12,1.75
2016.04.22 15:59:37.816,2.09914,2.09979,1.50,1.75
2016.04.22 15:59:38.498,2.09914,2.09979,1.50,1.75
2016.04.22 15:59:38.798,2.09919,2.0998,1.00,1.37
2016.04.22 15:59:38.900,2.09914,2.0998,1.75,1.37
2016.04.22 15:59:40.303,2.09914,2.0998,1.75,1.12
2016.04.22 15:59:40.854,2.09917,2.09984,2.25,1.75
2016.04.22 15:59:41.133,2.09922,2.0999,1.75,2.25
2016.04.22 15:59:41.335,2.09922,2.09989,1.75,1.75
2016.04.22 15:59:41.538,2.09926,2.0999,1.50,1.75
2016.04.22 15:59:41.849,2.09928,2.09996,1.37,1.75
2016.04.22 15:59:42.123,2.09927,2.09991,1.00,1.75
2016.04.22 15:59:42.629,2.09926,2.09991,1.12,1.75
2016.04.22 15:59:42.813,2.09926,2.09987,1.12,1.00
2016.04.22 15:59:43.343,2.09927,2.09991,1.00,1.75
2016.04.22 15:59:44.118,2.09926,2.09991,1.37,1.75
2016.04.22 15:59:44.632,2.09927,2.09991,1.00,1.75
2016.04.22 15:59:45.357,2.09922,2.0999,1.87,1.75
2016.04.22 15:59:45.458,2.09922,2.0999,1.12,1.75
2016.04.22 15:59:45.677,2.09922,2.0999,1.12,1.75
2016.04.22 15:59:46.208,2.09922,2.0999,1.37,1.75
2016.04.22 15:59:46.738,2.09922,2.0999,1.50,1.75
2016.04.22 15:59:47.169,2.09919,2.09988,1.75,1.75
2016.04.22 15:59:47.271,2.09919,2.09988,1.75,1.50
2016.04.22 15:59:47.373,2.09919,2.09988,1.75,1.75
2016.04.22 15:59:47.576,2.09917,2.09981,1.50,1.50
2016.04.22 15:59:47.831,2.09917,2.09981,1.50,1.50
2016.04.22 15:59:47.983,2.09915,2.09979,1.00,1.75
2016.04.22 15:59:48.189,2.09915,2.09978,1.00,1.75
2016.04.22 15:59:50.438,2.09915,2.09978,1.00,1.75
2016.04.22 15:59:50.590,2.09915,2.09978,1.00,1.75
2016.04.22 15:59:50.642,2.09915,2.09978,1.00,1.75
2016.04.22 15:59:50.743,2.09909,2.09975,1.75,1.75
2016.04.22 15:59:51.173,2.09909,2.09975,1.37,1.75
2016.04.22 15:59:51.275,2.09909,2.09975,1.50,1.75
2016.04.22 15:59:51.348,2.09909,2.09975,1.50,1.75
2016.04.22 15:59:51.752,2.09909,2.09969,1.37,1.00
2016.04.22 15:59:52.144,2.09909,2.09975,1.50,1.75
2016.04.22 15:59:52.426,2.09909,2.09975,1.12,1.75
2016.04.22 15:59:52.781,2.09909,2.0997,1.37,1.37
2016.04.22 15:59:52.883,2.09915,2.09981,1.37,1.75
2016.04.22 15:59:52.984,2.0992,2.09981,1.12,1.50
2016.04.22 15:59:53.287,2.09921,2.09989,1.50,1.87
2016.04.22 15:59:53.558,2.09921,2.09989,1.12,1.87
2016.04.22 15:59:53.870,2.09921,2.09989,1.00,1.75
2016.04.22 15:59:53.972,2.09916,2.09981,1.37,1.75
2016.04.22 15:59:54.275,2.09919,2.09982,1.37,1.75
2016.04.22 15:59:54.477,2.09918,2.09982,1.50,1.00
2016.04.22 15:59:54.683,2.09918,2.09982,1.12,1.00
2016.04.22 15:59:54.735,2.09922,2.09989,1.00,1.75
2016.04.22 15:59:54.887,2.09922,2.09989,1.00,1.75
2016.04.22 15:59:55.357,2.09922,2.09989,1.37,1.12
2016.04.22 15:59:55.560,2.09927,2.0999,1.00,1.00
2016.04.22 15:59:55.611,2.09928,2.09995,1.00,1.50
2016.04.22 15:59:56.408,2.09928,2.09995,1.00,1.50
2016.04.22 15:59:56.510,2.0993,2.09995,1.00,1.37
2016.04.22 15:59:56.819,2.09933,2.09999,1.00,1.75
2016.04.22 15:59:57.184,2.09939,2.10001,1.00,1.37
2016.04.22 15:59:57.487,2.09939,2.10001,1.00,1.50
2016.04.22 15:59:57.998,2.0994,2.1,1.37,1.00
2016.04.22 15:59:58.340,2.09939,2.10001,1.12,1.75
2016.04.22 15:59:58.492,2.09934,2.10001,1.00,1.75
2016.04.22 15:59:58.593,2.09933,2.10001,1.12,1.75
2016.04.22 15:59:58.694,2.0993,2.09995,1.50,1.75
2016.04.22 15:59:58.796,2.0993,2.09995,1.12,1.75
2016.04.22 15:59:59.200,2.0993,2.09995,1.12,2.25
2016.04.22 15:59:59.526,2.09927,2.09991,1.00,1.75
2016.04.22 15:59:59.931,2.09927,2.09991,1.00,1.75
2016.04.22 15:59:59.982,2.09921,2.0999,1.50,1.75
