2012.02.03 05:00:00.865,1.90254,1.90316,1.50,2.25
2012.02.03 05:00:01.083,1.90254,1.90316,2.25,1.50
2012.02.03 05:00:01.552,1.90254,1.90316,2.25,1.50
2012.02.03 05:00:01.840,1.90254,1.90316,2.25,1.50
2012.02.03 05:00:05.148,1.90254,1.90316,2.25,1.50
2012.02.03 05:00:05.400,1.90254,1.90316,2.25,1.50
2012.02.03 05:00:14.374,1.90254,1.90316,2.25,1.50
2012.02.03 05:00:17.280,1.90254,1.90316,1.50,2.25
2012.02.03 05:00:18.708,1.90244,1.90306,2.25,1.50
2012.02.03 05:00:21.397,1.90244,1.90306,2.25,1.50
2012.02.03 05:00:21.678,1.90244,1.90306,2.25,1.50
2012.02.03 05:00:21.869,1.90244,1.90306,2.25,1.50
2012.02.03 05:00:22.179,1.90244,1.90306,2.25,1.50
2012.02.03 05:00:28.220,1.90244,1.90306,2.25,1.50
2012.02.03 05:00:29.097,1.90244,1.90306,2.25,1.50
2012.02.03 05:00:31.077,1.90244,1.90306,2.25,1.50
2012.02.03 05:00:36.200,1.90254,1.90314,2.25,1.20
2012.02.03 05:00:36.267,1.90254,1.90316,2.25,1.50
2012.02.03 05:00:36.649,1.9024,1.9032,2.25,1.20
2012.02.03 05:00:37.099,1.9025,1.90332,1.95,1.20
2012.02.03 05:00:37.235,1.9025,1.90332,1.95,1.95
2012.02.03 05:00:39.887,1.90259,1.90332,1.09,1.20
2012.02.03 05:00:39.956,1.90262,1.90343,1.95,1.95
2012.02.03 05:00:40.269,1.90262,1.90343,1.95,1.20
2012.02.03 05:00:41.417,1.90262,1.90343,1.95,2.10
2012.02.03 05:00:41.740,1.9025,1.90332,2.18,2.29
2012.02.03 05:00:43.836,1.9025,1.90332,1.95,1.54
2012.02.03 05:00:47.879,1.90265,1.90332,1.09,1.20
2012.02.03 05:00:48.131,1.90285,1.90345,1.20,1.09
2012.02.03 05:00:48.256,1.90261,1.90344,2.18,1.54
2012.02.03 05:00:53.659,1.90261,1.90344,1.95,2.29
2012.02.03 05:00:53.967,1.90251,1.90331,1.95,1.54
2012.02.03 05:00:56.464,1.90262,1.90343,1.95,1.54
2012.02.03 05:00:56.757,1.90275,1.90339,2.25,1.50
2012.02.03 05:00:57.146,1.90276,1.90338,1.50,2.25
2012.02.03 05:00:57.397,1.90262,1.90326,3.45,1.50
2012.02.03 05:01:05.417,1.90271,1.90332,2.25,1.20
2012.02.03 05:01:05.570,1.90271,1.90335,2.25,1.50
2012.02.03 05:01:11.701,1.90271,1.90335,2.25,1.50
2012.02.03 05:01:11.909,1.90282,1.90344,2.25,1.50
2012.02.03 05:01:12.656,1.90282,1.90344,1.50,2.25
2012.02.03 05:01:16.562,1.90282,1.90344,2.25,1.50
2012.02.03 05:01:17.379,1.90272,1.90334,2.25,1.50
2012.02.03 05:01:17.449,1.90272,1.90334,2.25,1.50
2012.02.03 05:01:25.964,1.90272,1.90334,1.50,1.50
2012.02.03 05:01:34.986,1.90272,1.90334,2.25,1.50
2012.02.03 05:01:42.094,1.90272,1.90334,1.50,1.50
2012.02.03 05:01:42.219,1.90272,1.90334,2.25,1.50
2012.02.03 05:01:44.618,1.90284,1.90338,1.50,1.20
2012.02.03 05:01:44.752,1.90284,1.90346,2.25,2.10
2012.02.03 05:01:45.297,1.90284,1.90346,2.25,2.10
2012.02.03 05:01:45.838,1.90284,1.90344,1.50,1.20
2012.02.03 05:01:46.228,1.90284,1.90337,1.50,1.20
2012.02.03 05:01:46.468,1.9027,1.90334,2.25,1.50
2012.02.03 05:01:46.619,1.9027,1.90334,2.25,1.50
2012.02.03 05:01:53.866,1.9027,1.90334,2.25,1.50
2012.02.03 05:02:00.461,1.9027,1.90331,1.50,1.20
2012.02.03 05:02:00.739,1.9027,1.90331,2.25,1.20
2012.02.03 05:02:01.048,1.9027,1.90334,2.25,1.50
2012.02.03 05:02:12.322,1.9027,1.90334,2.25,1.50
2012.02.03 05:02:16.083,1.9027,1.90334,2.25,1.50
2012.02.03 05:02:25.122,1.9027,1.90334,1.50,2.25
2012.02.03 05:02:34.053,1.9027,1.90327,1.50,1.35
2012.02.03 05:02:39.230,1.9027,1.90322,1.50,1.05
2012.02.03 05:02:39.404,1.90256,1.90318,1.20,2.25
2012.02.03 05:02:39.472,1.90254,1.90318,1.50,2.25
2012.02.03 05:02:39.729,1.90246,1.90308,2.25,1.50
2012.02.03 05:02:48.202,1.90246,1.90308,2.25,1.50
2012.02.03 05:02:48.325,1.90246,1.90308,1.50,1.50
2012.02.03 05:02:51.334,1.90254,1.90315,1.50,1.05
2012.02.03 05:02:52.835,1.90254,1.90318,2.25,1.95
2012.02.03 05:02:56.430,1.90254,1.90318,2.25,1.65
2012.02.03 05:02:56.498,1.90254,1.90318,2.25,1.50
2012.02.03 05:03:35.343,1.90254,1.90318,1.50,2.25
2012.02.03 05:03:35.674,1.90254,1.90318,2.25,1.50
2012.02.03 05:03:41.228,1.90265,1.90327,2.25,2.70
2012.02.03 05:03:41.810,1.90256,1.90338,1.95,1.95
2012.02.03 05:03:43.155,1.90256,1.90338,1.95,1.95
2012.02.03 05:03:43.672,1.90256,1.90338,2.29,1.95
2012.02.03 05:03:46.139,1.90264,1.90338,1.09,1.20
2012.02.03 05:03:46.438,1.90268,1.90349,1.95,1.54
2012.02.03 05:03:46.898,1.90264,1.90338,1.09,1.20
2012.02.03 05:03:47.112,1.90256,1.90338,2.52,1.95
2012.02.03 05:03:51.623,1.90264,1.90338,1.09,1.95
2012.02.03 05:03:52.301,1.90256,1.90334,1.95,1.09
2012.02.03 05:03:58.428,1.90256,1.90331,1.95,1.09
2012.02.03 05:03:58.562,1.90256,1.90334,1.95,1.09
2012.02.03 05:03:58.629,1.90256,1.90331,1.95,1.09
2012.02.03 05:03:58.701,1.90263,1.90331,1.20,1.09
2012.02.03 05:04:08.452,1.90263,1.90334,1.95,1.09
2012.02.03 05:04:08.898,1.90263,1.90331,1.20,1.09
2012.02.03 05:04:09.148,1.90256,1.90334,1.95,1.09
2012.02.03 05:04:09.341,1.90263,1.90331,1.20,1.09
2012.02.03 05:04:09.950,1.90256,1.90331,1.95,1.09
2012.02.03 05:04:15.249,1.90272,1.90331,1.50,1.09
2012.02.03 05:04:22.923,1.90272,1.90336,2.25,1.84
2012.02.03 05:04:29.121,1.90272,1.90331,1.50,1.09
2012.02.03 05:04:32.335,1.90272,1.90335,1.50,1.09
2012.02.03 05:04:33.756,1.90272,1.90331,1.50,1.09
2012.02.03 05:04:33.974,1.90272,1.90335,1.50,1.09
2012.02.03 05:04:36.411,1.90272,1.90336,2.25,1.84
2012.02.03 05:04:36.614,1.90272,1.90335,1.50,1.09
2012.02.03 05:04:36.836,1.90272,1.90331,1.50,1.09
2012.02.03 05:04:43.980,1.90272,1.90335,1.50,1.09
2012.02.03 05:04:44.128,1.90259,1.90323,2.25,1.84
2012.02.03 05:04:46.623,1.90259,1.90323,2.25,1.84
2012.02.03 05:04:46.693,1.90259,1.90323,2.25,1.50
2012.02.03 05:04:47.895,1.90259,1.90323,2.25,1.50
2012.02.03 05:04:47.966,1.90257,1.90337,1.95,2.14
2012.02.03 05:04:48.383,1.90257,1.90337,1.95,2.14
2012.02.03 05:04:49.703,1.90257,1.90335,1.95,1.54
2012.02.03 05:04:59.422,1.90257,1.9033,1.20,1.09
2012.02.03 05:04:59.490,1.90272,1.9033,1.50,1.09
2012.02.03 05:05:01.201,1.90272,1.90334,1.50,2.59
2012.02.03 05:05:06.428,1.90272,1.9033,1.50,1.09
2012.02.03 05:05:06.499,1.90262,1.90326,1.50,2.25
2012.02.03 05:05:11.072,1.90262,1.90326,2.25,1.50
2012.02.03 05:05:19.587,1.90256,1.90315,1.95,1.50
2012.02.03 05:05:19.828,1.90263,1.90325,2.25,1.50
2012.02.03 05:05:24.225,1.90263,1.90325,1.50,2.25
2012.02.03 05:05:26.119,1.90263,1.90325,1.50,2.25
2012.02.03 05:05:26.501,1.90263,1.90325,2.25,1.50
2012.02.03 05:05:30.656,1.90263,1.90325,1.50,2.25
2012.02.03 05:05:44.310,1.90263,1.90325,1.50,2.25
2012.02.03 05:06:05.891,1.90263,1.90325,2.25,1.50
2012.02.03 05:06:21.150,1.90251,1.90334,1.95,1.20
2012.02.03 05:06:28.328,1.90251,1.90334,1.95,1.95
2012.02.03 05:06:30.999,1.90253,1.90315,2.25,1.50
2012.02.03 05:06:33.047,1.90262,1.90324,1.50,1.50
2012.02.03 05:06:41.527,1.90262,1.90324,1.50,2.25
2012.02.03 05:06:41.640,1.90262,1.90324,1.50,1.50
2012.02.03 05:06:46.421,1.90252,1.90316,2.25,1.50
2012.02.03 05:07:17.258,1.90262,1.90324,1.50,1.84
2012.02.03 05:07:29.770,1.90262,1.90321,1.50,1.09
2012.02.03 05:07:29.929,1.90262,1.90324,1.50,1.84
2012.02.03 05:07:34.978,1.90262,1.90324,2.25,1.84
2012.02.03 05:07:36.954,1.90262,1.90324,1.50,2.59
2012.02.03 05:07:39.200,1.90262,1.90324,2.25,1.84
2012.02.03 05:07:39.421,1.90262,1.90324,1.50,1.84
2012.02.03 05:07:43.478,1.90253,1.90315,2.25,1.50
2012.02.03 05:07:58.380,1.90253,1.90315,1.50,2.25
2012.02.03 05:08:11.568,1.90253,1.90315,2.25,1.50
2012.02.03 05:08:25.640,1.90255,1.90315,1.09,1.50
2012.02.03 05:08:30.154,1.90264,1.90326,1.50,2.25
2012.02.03 05:08:38.110,1.90264,1.90326,1.50,2.25
2012.02.03 05:08:38.715,1.90264,1.90326,1.50,2.25
2012.02.03 05:08:39.312,1.90264,1.90326,1.50,2.25
2012.02.03 05:08:39.379,1.90264,1.90326,1.50,2.25
2012.02.03 05:08:39.491,1.90264,1.90326,1.50,2.25
2012.02.03 05:08:39.706,1.90264,1.90326,1.50,2.25
2012.02.03 05:08:39.881,1.90264,1.90326,1.50,2.25
2012.02.03 05:08:40.088,1.90264,1.90326,1.50,2.25
2012.02.03 05:08:47.901,1.90264,1.90326,2.25,1.50
2012.02.03 05:08:49.281,1.90264,1.90326,1.50,2.25
2012.02.03 05:08:50.388,1.90265,1.90326,1.09,1.50
2012.02.03 05:08:50.713,1.90269,1.90326,1.09,1.50
2012.02.03 05:08:51.457,1.90264,1.90326,2.25,1.50
2012.02.03 05:08:53.401,1.90264,1.90326,2.25,1.50
2012.02.03 05:08:54.607,1.90264,1.90326,2.25,1.50
2012.02.03 05:08:56.435,1.90264,1.90326,2.25,1.50
2012.02.03 05:09:00.328,1.90264,1.90326,2.25,1.50
2012.02.03 05:09:00.548,1.90264,1.90326,2.25,1.50
2012.02.03 05:09:02.858,1.90264,1.90326,2.25,1.50
2012.02.03 05:09:11.766,1.90264,1.90326,2.25,1.50
2012.02.03 05:09:12.669,1.90264,1.90326,2.25,1.50
2012.02.03 05:09:12.918,1.90264,1.90326,2.25,1.50
2012.02.03 05:09:17.489,1.90264,1.90326,2.25,1.50
2012.02.03 05:09:21.120,1.90264,1.90326,2.25,1.50
2012.02.03 05:09:23.317,1.90264,1.90326,2.25,1.50
2012.02.03 05:09:23.647,1.90264,1.90326,2.25,1.50
2012.02.03 05:09:24.421,1.90264,1.90326,2.25,1.50
2012.02.03 05:09:30.775,1.90248,1.90327,1.09,1.20
2012.02.03 05:09:32.906,1.90248,1.90327,1.09,1.20
2012.02.03 05:09:37.635,1.90248,1.90327,1.09,1.20
2012.02.03 05:09:38.189,1.90248,1.90327,1.09,1.20
2012.02.03 05:09:40.278,1.90248,1.90327,1.09,1.20
2012.02.03 05:09:42.585,1.90248,1.90327,1.09,1.20
2012.02.03 05:09:44.150,1.90248,1.90327,1.09,1.20
2012.02.03 05:09:44.708,1.9027,1.90327,1.09,1.20
2012.02.03 05:09:44.900,1.90274,1.90336,2.25,1.50
2012.02.03 05:09:45.686,1.90274,1.90336,2.25,1.50
2012.02.03 05:10:01.184,1.90274,1.90336,2.25,1.50
2012.02.03 05:10:01.303,1.90274,1.90336,2.25,1.50
2012.02.03 05:10:01.381,1.90284,1.90339,2.25,1.20
2012.02.03 05:10:06.402,1.90284,1.90339,1.50,1.20
2012.02.03 05:10:07.690,1.90284,1.90339,2.25,1.20
2012.02.03 05:10:08.298,1.90284,1.90339,2.25,1.20
2012.02.03 05:10:09.510,1.90284,1.90339,1.50,1.20
2012.02.03 05:10:15.389,1.90284,1.90339,2.25,1.20
2012.02.03 05:10:15.468,1.90284,1.90345,2.25,1.20
2012.02.03 05:10:23.972,1.90284,1.90345,2.25,1.20
2012.02.03 05:10:25.170,1.90284,1.90346,2.25,1.50
2012.02.03 05:10:25.238,1.90293,1.90355,2.25,1.50
2012.02.03 05:10:32.488,1.90303,1.90364,1.50,1.09
2012.02.03 05:10:33.097,1.90303,1.90367,1.50,2.25
2012.02.03 05:10:33.941,1.90303,1.90367,2.25,1.50
2012.02.03 05:10:36.083,1.90303,1.90367,2.25,1.50
2012.02.03 05:10:36.524,1.90306,1.90367,1.09,1.50
2012.02.03 05:10:36.605,1.90316,1.90378,1.50,2.25
2012.02.03 05:10:37.676,1.90316,1.90378,1.50,1.50
2012.02.03 05:10:37.843,1.90316,1.90378,2.25,1.50
2012.02.03 05:10:38.224,1.90316,1.90378,2.25,1.50
2012.02.03 05:10:38.300,1.90326,1.90384,2.25,1.54
2012.02.03 05:10:38.914,1.90314,1.90394,1.95,1.39
2012.02.03 05:10:39.173,1.90314,1.90384,1.95,1.09
2012.02.03 05:10:39.422,1.90314,1.90395,1.20,1.95
2012.02.03 05:10:39.632,1.90314,1.90395,1.95,1.95
2012.02.03 05:10:40.935,1.90314,1.90395,1.20,1.95
2012.02.03 05:10:41.632,1.90314,1.90395,1.95,1.95
2012.02.03 05:10:45.809,1.90312,1.90392,1.20,1.95
2012.02.03 05:10:45.881,1.90314,1.90395,1.95,1.95
2012.02.03 05:10:47.838,1.90322,1.90395,1.84,1.95
2012.02.03 05:10:47.913,1.90335,1.90395,1.09,1.20
2012.02.03 05:10:47.982,1.90336,1.90406,1.20,1.50
2012.02.03 05:10:48.109,1.90336,1.90405,1.20,1.09
2012.02.03 05:10:48.242,1.90316,1.90394,1.32,1.09
2012.02.03 05:10:48.311,1.90334,1.90394,1.50,1.09
2012.02.03 05:10:50.377,1.90334,1.90395,1.50,1.95
2012.02.03 05:10:51.750,1.90334,1.90395,1.50,1.95
2012.02.03 05:10:52.138,1.90334,1.90395,1.50,1.95
2012.02.03 05:10:52.357,1.90334,1.90395,1.50,1.95
2012.02.03 05:10:56.156,1.90334,1.90396,1.50,3.45
2012.02.03 05:10:56.649,1.90334,1.90396,1.50,3.45
2012.02.03 05:10:58.641,1.90334,1.90396,1.50,3.45
2012.02.03 05:10:59.020,1.90353,1.90396,1.50,1.95
2012.02.03 05:10:59.273,1.90341,1.90395,1.50,1.95
2012.02.03 05:10:59.840,1.90341,1.90395,1.50,1.95
2012.02.03 05:11:00.557,1.90341,1.90395,1.50,1.95
2012.02.03 05:11:00.625,1.90341,1.90395,1.50,1.95
2012.02.03 05:11:00.816,1.9033,1.90384,1.50,1.09
2012.02.03 05:11:00.941,1.90315,1.90377,1.50,2.25
2012.02.03 05:11:01.011,1.90315,1.90377,2.25,1.50
2012.02.03 05:11:01.205,1.90312,1.90365,1.95,1.50
2012.02.03 05:11:01.511,1.90312,1.90365,1.95,1.50
2012.02.03 05:11:01.630,1.90312,1.90384,1.95,1.09
2012.02.03 05:11:02.186,1.90292,1.90364,2.25,1.20
2012.02.03 05:11:02.399,1.90292,1.9037,2.25,1.20
2012.02.03 05:11:05.343,1.90292,1.9037,2.25,1.20
2012.02.03 05:11:07.160,1.9031,1.9037,1.50,1.20
2012.02.03 05:11:07.435,1.9031,1.9037,2.25,1.20
2012.02.03 05:11:07.701,1.9031,1.9037,2.25,1.20
2012.02.03 05:11:09.903,1.9031,1.9037,2.25,1.20
2012.02.03 05:11:13.901,1.9031,1.9037,2.25,1.20
2012.02.03 05:11:13.972,1.9031,1.9037,2.25,1.20
2012.02.03 05:11:14.155,1.9031,1.9037,2.25,1.20
2012.02.03 05:11:15.516,1.9031,1.9037,2.25,1.20
2012.02.03 05:11:15.624,1.9031,1.9037,2.25,1.20
2012.02.03 05:11:15.809,1.9031,1.9037,2.25,1.20
2012.02.03 05:11:17.396,1.9031,1.9037,1.50,1.20
2012.02.03 05:11:29.080,1.9031,1.9037,2.25,1.20
2012.02.03 05:11:33.616,1.9031,1.90372,1.50,1.50
2012.02.03 05:11:36.277,1.9031,1.90372,1.50,2.25
2012.02.03 05:11:36.826,1.9031,1.90372,1.50,2.25
2012.02.03 05:11:37.532,1.9031,1.90372,1.50,2.25
2012.02.03 05:11:37.839,1.90299,1.90361,1.50,2.25
2012.02.03 05:11:37.912,1.90299,1.90361,1.50,1.50
2012.02.03 05:11:38.161,1.90309,1.90371,1.50,2.25
2012.02.03 05:11:38.349,1.90291,1.90374,1.95,2.29
2012.02.03 05:11:39.228,1.90291,1.90374,1.95,2.29
2012.02.03 05:11:39.587,1.90288,1.90362,2.25,1.20
2012.02.03 05:11:39.655,1.90292,1.90373,1.95,1.95
2012.02.03 05:11:48.196,1.90292,1.90373,1.20,1.95
2012.02.03 05:11:49.958,1.90292,1.90373,1.95,1.95
2012.02.03 05:11:50.242,1.90292,1.90373,1.20,1.95
2012.02.03 05:11:50.455,1.90292,1.90373,1.20,1.95
2012.02.03 05:11:52.829,1.90297,1.9038,1.20,1.95
2012.02.03 05:11:53.160,1.90292,1.90374,1.20,1.95
2012.02.03 05:11:53.232,1.90292,1.90374,1.95,1.95
2012.02.03 05:11:53.359,1.90292,1.90374,1.20,1.95
2012.02.03 05:11:53.431,1.90292,1.90374,1.95,1.20
2012.02.03 05:11:53.499,1.90306,1.9037,1.50,1.50
2012.02.03 05:11:55.952,1.90306,1.9037,1.50,2.25
2012.02.03 05:11:56.263,1.90306,1.9037,1.50,2.25
2012.02.03 05:11:56.954,1.90306,1.9037,1.50,2.25
2012.02.03 05:11:57.750,1.90316,1.90378,1.50,2.25
2012.02.03 05:12:06.344,1.90316,1.90378,1.50,2.25
2012.02.03 05:12:08.279,1.90316,1.90378,1.50,2.25
2012.02.03 05:12:16.836,1.90316,1.90364,1.50,1.09
2012.02.03 05:12:17.139,1.90302,1.90359,1.50,1.09
2012.02.03 05:12:20.646,1.90302,1.90364,1.50,1.50
2012.02.03 05:12:22.311,1.90302,1.90364,1.50,2.25
2012.02.03 05:12:22.674,1.90302,1.90364,1.50,2.25
2012.02.03 05:12:27.951,1.90302,1.90364,1.50,2.25
2012.02.03 05:12:29.932,1.90302,1.90364,1.50,2.25
2012.02.03 05:12:37.204,1.90302,1.90364,1.50,1.50
2012.02.03 05:12:39.565,1.90302,1.90364,1.50,2.25
2012.02.03 05:12:53.647,1.90302,1.90364,1.50,2.25
2012.02.03 05:12:54.137,1.90302,1.90364,1.50,2.25
2012.02.03 05:13:02.128,1.90302,1.90364,1.50,2.25
2012.02.03 05:13:17.897,1.90276,1.90366,1.95,1.20
2012.02.03 05:13:19.100,1.90276,1.90366,1.95,1.95
2012.02.03 05:13:21.645,1.90276,1.90366,1.95,1.20
2012.02.03 05:13:22.388,1.90272,1.90363,1.95,1.20
2012.02.03 05:13:26.912,1.90272,1.90363,1.95,1.20
2012.02.03 05:13:29.368,1.90272,1.90363,1.95,1.95
2012.02.03 05:13:46.161,1.90264,1.90354,1.95,1.20
2012.02.03 05:13:46.231,1.90273,1.90362,1.95,1.20
2012.02.03 05:14:22.391,1.90277,1.90365,1.95,1.95
2012.02.03 05:14:22.872,1.90277,1.90365,1.20,1.95
2012.02.03 05:14:24.632,1.90277,1.90365,1.20,1.95
2012.02.03 05:14:26.170,1.90288,1.9035,1.50,2.25
2012.02.03 05:14:26.480,1.90288,1.9035,1.50,2.25
2012.02.03 05:14:29.913,1.90288,1.9035,1.50,2.25
2012.02.03 05:14:31.263,1.90288,1.9035,1.50,2.25
2012.02.03 05:14:31.349,1.90288,1.9035,1.50,2.25
2012.02.03 05:14:54.981,1.90288,1.9035,1.50,2.25
2012.02.03 05:15:05.310,1.90288,1.9035,1.50,2.25
2012.02.03 05:15:06.652,1.90297,1.90357,1.50,1.95
2012.02.03 05:15:12.574,1.90297,1.90361,1.50,2.25
2012.02.03 05:15:15.663,1.90297,1.90361,1.50,2.25
2012.02.03 05:15:51.169,1.90297,1.90361,1.50,2.25
2012.02.03 05:16:00.205,1.90297,1.90361,1.50,2.25
2012.02.03 05:16:06.839,1.90276,1.90358,2.29,1.95
2012.02.03 05:16:10.739,1.90283,1.90358,1.09,1.95
2012.02.03 05:16:11.249,1.90287,1.9037,1.20,1.95
2012.02.03 05:16:11.501,1.90309,1.9037,1.50,1.95
2012.02.03 05:16:12.094,1.90309,1.90373,1.50,1.50
2012.02.03 05:16:13.368,1.90309,1.90373,1.50,2.25
2012.02.03 05:16:16.918,1.90309,1.90373,1.50,2.25
2012.02.03 05:16:17.138,1.90309,1.90373,1.50,1.50
2012.02.03 05:16:17.329,1.90309,1.90373,1.50,2.25
2012.02.03 05:16:17.459,1.90309,1.90373,1.50,1.50
2012.02.03 05:16:17.678,1.90309,1.90373,1.50,2.25
2012.02.03 05:16:51.161,1.90309,1.90373,1.50,2.25
2012.02.03 05:16:51.872,1.903,1.90362,1.50,2.25
2012.02.03 05:16:52.292,1.903,1.9036,1.50,1.95
2012.02.03 05:16:53.081,1.90289,1.90353,1.50,2.25
2012.02.03 05:16:53.152,1.90289,1.90353,2.25,1.50
2012.02.03 05:16:53.220,1.90299,1.90363,1.50,1.50
2012.02.03 05:16:59.519,1.90299,1.90363,1.50,2.25
2012.02.03 05:17:04.618,1.90299,1.90363,1.50,1.50
2012.02.03 05:17:04.919,1.90299,1.90363,1.50,2.25
2012.02.03 05:17:21.239,1.90309,1.90368,1.50,1.20
2012.02.03 05:17:21.429,1.90309,1.90371,1.50,2.25
2012.02.03 05:17:26.579,1.90309,1.90371,1.50,2.25
2012.02.03 05:17:27.754,1.90288,1.90352,1.50,2.25
2012.02.03 05:17:27.820,1.9028,1.90342,1.50,1.50
2012.02.03 05:17:28.187,1.90289,1.90353,1.50,2.25
2012.02.03 05:17:29.330,1.90289,1.90353,1.50,1.50
2012.02.03 05:17:31.089,1.90289,1.90353,2.25,1.50
2012.02.03 05:17:31.221,1.90299,1.90357,2.25,1.20
2012.02.03 05:17:31.312,1.90299,1.90357,1.50,1.95
2012.02.03 05:17:31.678,1.90289,1.90353,1.50,1.50
2012.02.03 05:17:35.520,1.90289,1.90353,2.25,1.50
2012.02.03 05:17:35.650,1.90289,1.90353,1.50,1.50
2012.02.03 05:17:37.619,1.90289,1.90353,1.84,1.50
2012.02.03 05:17:39.984,1.90299,1.90361,1.50,2.25
2012.02.03 05:17:40.170,1.90299,1.90361,1.50,1.50
2012.02.03 05:17:40.303,1.90299,1.90361,1.50,2.25
2012.02.03 05:17:44.792,1.90299,1.90361,1.50,1.50
2012.02.03 05:17:45.516,1.90299,1.90361,1.50,2.25
2012.02.03 05:17:45.635,1.90299,1.90361,1.50,1.50
2012.02.03 05:17:46.206,1.9031,1.9037,1.50,1.39
2012.02.03 05:17:51.192,1.9031,1.90372,2.22,2.25
2012.02.03 05:17:51.262,1.90325,1.90386,1.50,1.95
2012.02.03 05:17:51.391,1.90327,1.90389,1.20,2.25
2012.02.03 05:17:51.589,1.90317,1.90379,1.50,2.25
2012.02.03 05:17:51.660,1.90317,1.90387,1.84,1.95
2012.02.03 05:17:51.910,1.90328,1.90408,1.54,1.09
2012.02.03 05:17:51.977,1.9034,1.90408,1.20,1.09
2012.02.03 05:17:52.289,1.90328,1.90408,1.54,1.09
2012.02.03 05:17:52.364,1.90328,1.90393,1.20,1.09
2012.02.03 05:17:52.610,1.90316,1.9039,1.20,1.05
2012.02.03 05:17:53.187,1.90316,1.90395,1.54,1.05
2012.02.03 05:17:53.254,1.90334,1.90404,1.20,1.09
2012.02.03 05:17:58.450,1.90334,1.90404,1.20,1.09
2012.02.03 05:17:58.641,1.90323,1.90403,1.54,1.95
2012.02.03 05:17:58.850,1.90323,1.90389,1.20,1.09
2012.02.03 05:17:59.314,1.90323,1.90389,1.35,1.09
2012.02.03 05:17:59.381,1.90323,1.90389,1.35,1.09
2012.02.03 05:18:00.142,1.90333,1.90392,1.54,2.25
2012.02.03 05:18:00.451,1.90356,1.90387,1.20,2.25
2012.02.03 05:18:00.523,1.90329,1.90387,1.05,2.25
2012.02.03 05:18:00.589,1.90323,1.90387,2.70,2.25
2012.02.03 05:18:01.064,1.90314,1.90376,2.25,1.84
2012.02.03 05:18:03.711,1.90314,1.90376,1.50,2.25
2012.02.03 05:18:04.700,1.90314,1.90376,2.25,1.50
2012.02.03 05:18:17.128,1.90314,1.90376,1.50,2.25
2012.02.03 05:18:17.437,1.90298,1.90381,1.95,1.95
2012.02.03 05:18:21.948,1.90298,1.90381,1.20,1.95
2012.02.03 05:18:22.197,1.90295,1.90368,1.09,1.95
2012.02.03 05:18:24.369,1.90298,1.90362,1.50,1.50
2012.02.03 05:18:25.585,1.90298,1.90362,1.50,2.25
2012.02.03 05:18:25.870,1.90298,1.90362,1.50,1.50
2012.02.03 05:18:29.451,1.90298,1.90362,3.45,1.50
2012.02.03 05:18:30.178,1.90298,1.90362,3.45,1.50
2012.02.03 05:18:30.501,1.90298,1.90362,2.70,2.25
2012.02.03 05:18:33.150,1.90282,1.90346,1.50,2.25
2012.02.03 05:18:33.370,1.90282,1.90346,1.50,2.25
2012.02.03 05:18:34.339,1.90282,1.90346,2.25,1.50
2012.02.03 05:18:34.410,1.90293,1.90355,1.50,2.25
2012.02.03 05:18:34.717,1.90293,1.90355,1.50,2.25
2012.02.03 05:18:35.719,1.90293,1.90355,1.50,2.25
2012.02.03 05:18:35.909,1.90293,1.90355,2.25,1.50
2012.02.03 05:18:36.238,1.90305,1.90369,1.50,2.25
2012.02.03 05:18:42.424,1.90305,1.90369,1.50,2.25
2012.02.03 05:18:44.790,1.90305,1.90369,1.50,2.25
2012.02.03 05:18:47.648,1.90305,1.90369,1.50,2.25
2012.02.03 05:18:48.687,1.90305,1.90369,1.50,2.25
2012.02.03 05:18:50.949,1.90305,1.90369,1.50,2.25
2012.02.03 05:18:56.001,1.90305,1.90369,1.50,2.25
2012.02.03 05:18:58.269,1.90298,1.90381,1.20,1.95
2012.02.03 05:19:05.194,1.90298,1.90381,1.20,1.95
2012.02.03 05:19:05.644,1.90298,1.90381,1.95,1.95
2012.02.03 05:19:06.669,1.90298,1.90381,1.20,1.95
2012.02.03 05:19:06.738,1.90293,1.90374,1.95,1.95
2012.02.03 05:19:08.695,1.90287,1.90368,1.20,1.95
2012.02.03 05:19:15.200,1.90287,1.90368,1.20,1.95
2012.02.03 05:19:17.795,1.90287,1.90368,1.20,1.95
2012.02.03 05:19:18.220,1.90287,1.90368,1.20,1.95
2012.02.03 05:19:18.403,1.90287,1.90368,1.20,1.95
2012.02.03 05:19:19.120,1.90287,1.90368,1.20,1.95
2012.02.03 05:19:19.217,1.90287,1.90368,1.20,1.95
2012.02.03 05:19:20.055,1.90287,1.90368,1.95,1.95
2012.02.03 05:19:22.471,1.90287,1.90368,1.20,1.95
2012.02.03 05:19:26.991,1.90287,1.90368,1.20,1.95
2012.02.03 05:19:27.077,1.90287,1.90368,1.20,1.95
2012.02.03 05:19:48.315,1.903,1.90362,1.50,2.25
2012.02.03 05:19:48.545,1.903,1.90362,1.50,2.25
2012.02.03 05:19:48.913,1.903,1.90362,1.50,2.25
2012.02.03 05:19:49.204,1.903,1.90362,1.50,2.25
2012.02.03 05:19:51.481,1.903,1.90362,1.50,2.25
2012.02.03 05:19:55.241,1.90288,1.90352,1.50,2.25
2012.02.03 05:19:56.613,1.90288,1.90352,1.50,2.25
2012.02.03 05:19:57.438,1.90288,1.90352,1.50,2.25
2012.02.03 05:19:58.098,1.90288,1.90352,1.50,2.25
2012.02.03 05:19:59.350,1.90288,1.90325,1.50,1.09
2012.02.03 05:19:59.600,1.90258,1.90322,1.50,3.45
2012.02.03 05:19:59.672,1.90258,1.90322,1.50,2.25
2012.02.03 05:19:59.921,1.90258,1.90322,1.50,2.25
2012.02.03 05:19:59.992,1.90271,1.90333,1.50,2.25
2012.02.03 05:20:00.327,1.9028,1.90338,1.50,1.09
2012.02.03 05:20:00.452,1.9028,1.90344,1.50,2.25
2012.02.03 05:20:03.217,1.9028,1.90344,1.50,2.25
2012.02.03 05:20:04.199,1.90271,1.90333,1.20,1.50
2012.02.03 05:20:04.272,1.90271,1.90333,1.20,2.25
2012.02.03 05:20:04.401,1.90259,1.90321,1.50,1.50
2012.02.03 05:20:05.488,1.90271,1.90328,1.50,1.95
2012.02.03 05:20:07.140,1.90263,1.90325,1.50,2.25
2012.02.03 05:20:07.686,1.90263,1.90325,1.50,2.25
2012.02.03 05:20:09.316,1.90263,1.90325,1.50,2.25
2012.02.03 05:20:11.615,1.90271,1.90331,1.50,1.09
2012.02.03 05:20:11.681,1.90271,1.90331,1.50,1.09
2012.02.03 05:20:11.872,1.90271,1.90331,1.50,1.09
2012.02.03 05:20:13.795,1.90271,1.90331,1.50,1.09
2012.02.03 05:20:14.368,1.90263,1.90314,1.50,1.09
2012.02.03 05:20:16.951,1.90252,1.90316,1.50,2.25
2012.02.03 05:20:18.720,1.90273,1.90323,1.50,1.95
2012.02.03 05:20:19.050,1.90263,1.90325,1.50,2.25
2012.02.03 05:20:23.860,1.90263,1.90325,1.50,2.25
2012.02.03 05:20:24.212,1.90263,1.90325,1.50,2.25
2012.02.03 05:20:25.277,1.90263,1.90325,1.50,2.25
2012.02.03 05:20:28.790,1.90263,1.90325,1.50,2.25
2012.02.03 05:20:29.585,1.90263,1.90325,1.50,2.25
2012.02.03 05:20:30.070,1.90263,1.90325,1.50,2.25
2012.02.03 05:20:30.949,1.90272,1.90334,1.50,2.25
2012.02.03 05:20:33.636,1.90272,1.90334,1.84,2.25
2012.02.03 05:20:33.880,1.90281,1.90345,1.50,2.25
2012.02.03 05:20:40.761,1.90281,1.90345,1.50,2.25
2012.02.03 05:20:40.899,1.90281,1.90345,1.50,2.25
2012.02.03 05:20:42.232,1.90281,1.90345,1.50,2.25
2012.02.03 05:20:42.672,1.90281,1.90345,1.50,2.25
2012.02.03 05:20:43.223,1.90281,1.90345,1.50,2.25
2012.02.03 05:20:43.322,1.90281,1.90345,1.50,2.25
2012.02.03 05:20:50.151,1.90281,1.90345,1.50,2.25
2012.02.03 05:20:51.951,1.90281,1.90345,1.50,2.25
2012.02.03 05:20:56.424,1.90281,1.90345,1.50,2.25
2012.02.03 05:20:56.671,1.90281,1.90345,1.50,2.25
2012.02.03 05:21:04.877,1.90281,1.90345,1.50,2.25
2012.02.03 05:21:07.186,1.90281,1.90345,1.50,2.25
2012.02.03 05:21:10.048,1.90281,1.90345,1.50,2.25
2012.02.03 05:21:10.722,1.90281,1.90345,1.50,2.25
2012.02.03 05:21:11.159,1.90281,1.90345,1.50,2.25
2012.02.03 05:21:11.275,1.90281,1.90345,1.50,2.25
2012.02.03 05:21:12.445,1.90276,1.90346,1.20,1.09
2012.02.03 05:21:13.230,1.90276,1.90359,1.95,1.95
2012.02.03 05:21:13.391,1.90283,1.9036,1.20,1.09
2012.02.03 05:21:22.197,1.90283,1.9036,1.20,1.09
2012.02.03 05:21:22.603,1.90283,1.9036,1.20,1.09
2012.02.03 05:21:22.713,1.90283,1.9036,1.20,1.09
2012.02.03 05:21:22.821,1.90283,1.9036,1.20,1.09
2012.02.03 05:21:24.015,1.90272,1.90352,1.54,1.95
2012.02.03 05:21:24.082,1.90283,1.9036,1.20,1.09
2012.02.03 05:21:26.245,1.90271,1.90337,1.20,1.09
2012.02.03 05:21:26.317,1.90271,1.90337,1.20,1.09
2012.02.03 05:21:26.708,1.90271,1.90337,1.20,1.09
2012.02.03 05:21:29.669,1.90259,1.90342,1.20,1.95
2012.02.03 05:21:29.800,1.90271,1.90353,1.20,2.70
2012.02.03 05:21:30.898,1.90271,1.90353,1.20,1.95
2012.02.03 05:21:31.692,1.90273,1.90353,1.20,1.95
2012.02.03 05:21:32.004,1.90282,1.90346,1.50,2.25
2012.02.03 05:21:36.465,1.90282,1.90346,1.50,2.25
2012.02.03 05:21:37.260,1.90282,1.90346,1.50,2.25
2012.02.03 05:21:37.325,1.90273,1.90335,1.50,2.25
2012.02.03 05:21:41.790,1.90273,1.90335,1.50,2.25
2012.02.03 05:21:41.897,1.90273,1.90335,1.50,2.25
2012.02.03 05:21:43.584,1.90273,1.90335,1.50,2.25
2012.02.03 05:22:03.158,1.90273,1.90335,1.50,2.25
2012.02.03 05:22:05.436,1.90273,1.90331,1.50,1.95
2012.02.03 05:22:05.661,1.90273,1.90331,1.50,1.95
2012.02.03 05:22:10.014,1.90263,1.90325,1.50,2.25
2012.02.03 05:22:11.224,1.90263,1.90325,1.50,2.25
2012.02.03 05:22:12.291,1.90249,1.90327,1.09,1.09
2012.02.03 05:22:12.363,1.90246,1.90325,1.09,1.95
2012.02.03 05:22:20.630,1.90242,1.90317,1.54,1.13
2012.02.03 05:22:20.701,1.90242,1.90317,1.20,1.13
2012.02.03 05:22:20.767,1.90214,1.90305,2.18,1.95
2012.02.03 05:22:24.124,1.90232,1.90312,1.95,1.20
2012.02.03 05:22:24.359,1.90237,1.90319,1.95,1.95
2012.02.03 05:22:25.697,1.90248,1.90329,1.20,1.50
2012.02.03 05:22:26.866,1.90248,1.90347,1.20,1.09
2012.02.03 05:22:26.938,1.90241,1.90347,1.95,1.95
2012.02.03 05:22:37.193,1.90241,1.90347,1.20,1.95
2012.02.03 05:22:37.443,1.90241,1.90347,1.95,1.95
2012.02.03 05:22:37.771,1.90247,1.90336,1.20,2.25
2012.02.03 05:22:38.242,1.90256,1.9032,1.50,2.25
2012.02.03 05:22:54.102,1.90256,1.9032,1.50,2.25
2012.02.03 05:22:54.646,1.90256,1.9032,1.50,2.25
2012.02.03 05:22:55.085,1.90256,1.9032,1.50,2.25
2012.02.03 05:22:55.591,1.90256,1.9032,1.50,2.25
2012.02.03 05:23:02.982,1.90256,1.9032,1.50,2.25
2012.02.03 05:23:03.112,1.90246,1.9031,1.50,2.25
2012.02.03 05:23:03.340,1.90246,1.9031,1.50,2.25
2012.02.03 05:23:04.390,1.90246,1.9031,1.50,2.25
2012.02.03 05:23:13.212,1.90246,1.9031,1.50,2.25
2012.02.03 05:23:13.339,1.90236,1.903,1.50,2.25
2012.02.03 05:23:18.202,1.90236,1.903,1.50,2.25
2012.02.03 05:23:19.832,1.90236,1.903,1.50,2.25
2012.02.03 05:23:28.390,1.90236,1.903,1.84,2.25
2012.02.03 05:23:28.462,1.90236,1.903,1.84,2.25
2012.02.03 05:23:35.764,1.90236,1.903,1.84,1.50
2012.02.03 05:23:39.406,1.90237,1.903,1.09,1.50
2012.02.03 05:23:39.615,1.90236,1.903,1.84,1.50
2012.02.03 05:23:59.446,1.90237,1.903,1.09,1.50
2012.02.03 05:23:59.667,1.90236,1.903,1.84,1.50
2012.02.03 05:24:01.087,1.90236,1.903,1.84,2.25
2012.02.03 05:24:01.757,1.90236,1.903,1.50,2.25
2012.02.03 05:24:02.082,1.90236,1.903,1.50,2.25
2012.02.03 05:24:09.943,1.90236,1.903,1.50,2.25
2012.02.03 05:24:11.978,1.90246,1.9031,1.50,2.25
2012.02.03 05:24:39.381,1.90246,1.9031,1.50,2.25
2012.02.03 05:24:43.338,1.90246,1.9031,1.50,2.25
2012.02.03 05:24:45.890,1.90246,1.9031,1.50,2.25
2012.02.03 05:25:03.169,1.90246,1.9031,1.50,2.25
2012.02.03 05:25:12.803,1.90232,1.90321,1.20,1.95
2012.02.03 05:25:18.352,1.90232,1.90321,1.95,1.95
2012.02.03 05:25:18.991,1.90232,1.90321,1.95,1.95
2012.02.03 05:25:19.507,1.90235,1.90337,1.95,1.09
2012.02.03 05:25:22.641,1.90235,1.90337,1.95,1.09
2012.02.03 05:25:24.684,1.90235,1.90341,1.95,1.95
2012.02.03 05:25:24.748,1.90235,1.90341,1.95,1.95
2012.02.03 05:25:29.621,1.90235,1.90341,1.95,1.95
2012.02.03 05:25:33.879,1.90235,1.90341,1.95,1.95
2012.02.03 05:25:40.497,1.90235,1.90341,1.95,1.95
2012.02.03 05:25:43.980,1.90235,1.90341,1.95,1.95
2012.02.03 05:25:44.726,1.90235,1.90341,1.95,1.95
2012.02.03 05:25:45.714,1.90235,1.90341,1.95,1.95
2012.02.03 05:25:46.311,1.90235,1.90341,1.95,1.95
2012.02.03 05:25:52.186,1.90235,1.90341,1.95,1.95
2012.02.03 05:25:58.464,1.90235,1.90341,1.95,1.95
2012.02.03 05:25:58.832,1.90235,1.90341,1.95,1.95
2012.02.03 05:26:00.370,1.90235,1.90341,1.95,1.95
2012.02.03 05:26:00.965,1.90257,1.90319,1.50,2.25
2012.02.03 05:26:06.471,1.90257,1.90319,1.50,1.50
2012.02.03 05:26:14.399,1.90257,1.90319,1.50,2.25
2012.02.03 05:26:14.899,1.90257,1.90319,1.50,1.50
2012.02.03 05:26:15.160,1.90267,1.90329,1.50,2.25
2012.02.03 05:26:16.666,1.90267,1.90329,1.50,1.50
2012.02.03 05:26:35.801,1.90267,1.90329,1.50,2.25
2012.02.03 05:26:38.671,1.90267,1.90329,1.50,2.25
2012.02.03 05:26:38.840,1.90267,1.90329,1.50,2.25
2012.02.03 05:26:38.910,1.90267,1.90329,1.50,1.50
2012.02.03 05:26:39.578,1.90267,1.90329,1.50,2.25
2012.02.03 05:26:39.654,1.90267,1.90329,1.50,1.50
2012.02.03 05:26:45.832,1.90267,1.90329,2.25,1.50
2012.02.03 05:26:45.913,1.90267,1.90329,1.50,1.50
2012.02.03 05:26:51.974,1.90267,1.90329,2.25,1.50
2012.02.03 05:26:56.704,1.90267,1.90329,1.50,1.50
2012.02.03 05:26:57.131,1.90267,1.90329,2.25,1.50
2012.02.03 05:26:57.361,1.90267,1.90329,1.50,1.50
2012.02.03 05:26:57.569,1.90267,1.90329,2.25,1.50
2012.02.03 05:26:59.224,1.90267,1.90329,1.50,1.50
2012.02.03 05:26:59.292,1.90267,1.90329,1.50,2.25
2012.02.03 05:26:59.500,1.90267,1.90329,1.50,1.50
2012.02.03 05:27:16.006,1.90247,1.90353,1.95,1.95
2012.02.03 05:27:18.819,1.90256,1.90345,1.95,1.95
2012.02.03 05:27:24.643,1.9026,1.90364,1.95,1.95
2012.02.03 05:27:49.313,1.90255,1.90346,1.95,1.95
2012.02.03 05:27:55.097,1.90255,1.90346,1.95,1.95
2012.02.03 05:27:55.318,1.90255,1.90346,1.95,1.95
2012.02.03 05:28:01.629,1.90255,1.90346,1.95,1.95
2012.02.03 05:28:05.329,1.90255,1.90346,1.95,1.95
2012.02.03 05:28:06.710,1.90275,1.90339,1.50,2.25
2012.02.03 05:28:29.487,1.90275,1.90339,2.25,1.50
2012.02.03 05:28:30.967,1.90275,1.90339,2.25,1.50
2012.02.03 05:28:42.192,1.90275,1.90339,1.50,2.25
2012.02.03 05:28:42.287,1.90275,1.90339,2.25,1.50
2012.02.03 05:28:42.480,1.90266,1.9033,2.25,1.50
2012.02.03 05:28:50.573,1.90266,1.9033,2.25,1.50
2012.02.03 05:28:50.642,1.90275,1.90339,2.25,1.50
2012.02.03 05:28:56.347,1.90275,1.90339,2.25,1.50
2012.02.03 05:28:58.354,1.90275,1.90339,2.25,1.50
2012.02.03 05:29:25.456,1.90275,1.90339,2.25,1.50
2012.02.03 05:29:27.913,1.90285,1.90349,2.25,1.50
2012.02.03 05:29:27.992,1.90285,1.90349,2.25,1.50
2012.02.03 05:29:31.398,1.90285,1.90349,2.25,1.50
2012.02.03 05:29:32.515,1.90285,1.90349,2.25,1.50
2012.02.03 05:29:33.573,1.90285,1.90349,2.25,1.50
2012.02.03 05:29:33.649,1.90285,1.90349,2.25,1.50
2012.02.03 05:29:35.689,1.90285,1.90349,2.25,1.50
2012.02.03 05:29:36.020,1.90285,1.90349,2.25,1.50
2012.02.03 05:29:36.136,1.90285,1.90349,2.25,1.50
2012.02.03 05:29:36.225,1.90276,1.9034,2.25,1.50
2012.02.03 05:29:37.140,1.90276,1.9034,2.25,1.50
2012.02.03 05:29:46.360,1.90276,1.9034,2.25,1.50
2012.02.03 05:29:59.337,1.90276,1.9034,2.25,1.50
2012.02.03 05:30:00.671,1.90276,1.9034,2.25,1.50
2012.02.03 05:30:06.953,1.90276,1.9034,2.25,1.50
2012.02.03 05:30:07.171,1.90276,1.9034,2.25,1.50
2012.02.03 05:30:07.425,1.90276,1.9034,2.25,1.50
2012.02.03 05:30:08.592,1.90276,1.9034,2.25,1.50
2012.02.03 05:30:10.130,1.90276,1.9034,2.25,1.50
2012.02.03 05:30:10.231,1.90276,1.9034,2.25,1.50
2012.02.03 05:30:22.672,1.90276,1.9034,1.50,1.50
2012.02.03 05:30:23.822,1.90276,1.9034,2.25,1.50
2012.02.03 05:30:25.847,1.90276,1.9034,2.25,1.50
2012.02.03 05:30:26.586,1.90276,1.9034,2.25,1.50
2012.02.03 05:30:33.698,1.90276,1.9034,1.50,1.50
2012.02.03 05:30:33.768,1.90276,1.9034,2.25,1.50
2012.02.03 05:30:33.832,1.90276,1.9034,2.25,1.50
2012.02.03 05:30:36.766,1.9026,1.90364,1.95,1.95
2012.02.03 05:30:41.150,1.9026,1.90364,1.95,1.95
2012.02.03 05:30:41.360,1.9026,1.90364,1.95,1.95
2012.02.03 05:30:41.958,1.9026,1.90364,1.95,1.95
2012.02.03 05:30:42.270,1.9026,1.90364,1.95,1.95
2012.02.03 05:30:44.482,1.9026,1.90364,1.95,1.95
2012.02.03 05:30:45.252,1.9026,1.90364,1.95,1.95
2012.02.03 05:30:49.438,1.90267,1.90375,1.20,1.50
2012.02.03 05:30:49.503,1.90267,1.90403,1.20,1.95
2012.02.03 05:30:49.637,1.90267,1.90403,1.95,1.95
2012.02.03 05:30:52.606,1.90265,1.90384,1.09,1.95
2012.02.03 05:30:52.985,1.90283,1.90351,2.25,1.50
2012.02.03 05:30:53.506,1.90286,1.90348,1.50,1.50
2012.02.03 05:30:54.250,1.90286,1.90348,2.25,1.50
2012.02.03 05:30:54.380,1.90286,1.90348,1.50,1.50
2012.02.03 05:31:01.758,1.90286,1.90348,2.25,1.50
2012.02.03 05:31:07.260,1.90286,1.90348,1.50,1.50
2012.02.03 05:31:17.553,1.90286,1.90348,2.25,1.50
2012.02.03 05:31:18.763,1.90295,1.90359,2.25,1.50
2012.02.03 05:31:20.658,1.90295,1.90359,1.50,1.50
2012.02.03 05:31:21.152,1.90295,1.90353,1.50,1.50
2012.02.03 05:31:21.224,1.90287,1.90349,1.50,1.50
2012.02.03 05:31:25.385,1.90287,1.90349,2.25,1.50
2012.02.03 05:31:32.793,1.90287,1.90349,1.50,1.50
2012.02.03 05:31:34.790,1.90287,1.90349,2.25,1.50
2012.02.03 05:31:45.679,1.90287,1.90349,2.25,1.50
2012.02.03 05:31:46.331,1.90295,1.90359,2.25,1.50
2012.02.03 05:31:48.031,1.90318,1.9038,1.50,1.50
2012.02.03 05:31:51.210,1.90318,1.9038,2.25,1.50
2012.02.03 05:31:51.905,1.90314,1.90384,2.25,1.50
2012.02.03 05:31:51.973,1.90307,1.90398,1.95,1.95
2012.02.03 05:31:52.378,1.90311,1.90401,1.95,1.95
2012.02.03 05:31:53.072,1.9028,1.9036,1.05,1.20
2012.02.03 05:31:53.263,1.90308,1.90377,1.20,1.50
2012.02.03 05:31:53.573,1.9027,1.90388,1.28,1.05
2012.02.03 05:31:53.822,1.9029,1.90391,1.50,1.95
2012.02.03 05:31:55.284,1.9029,1.9039,2.25,1.95
2012.02.03 05:31:56.005,1.90313,1.90377,1.50,2.25
2012.02.03 05:31:56.887,1.90313,1.90377,2.25,1.50
2012.02.03 05:31:58.261,1.90313,1.90377,1.50,2.25
2012.02.03 05:31:58.739,1.9031,1.90342,1.50,1.50
2012.02.03 05:31:58.809,1.90307,1.90342,1.20,1.50
2012.02.03 05:31:58.872,1.90278,1.90342,2.25,1.50
2012.02.03 05:31:59.126,1.90278,1.90342,2.25,1.50
2012.02.03 05:31:59.191,1.90276,1.90344,2.25,1.50
2012.02.03 05:31:59.261,1.90269,1.90366,1.95,1.50
2012.02.03 05:31:59.691,1.90269,1.90369,1.95,1.50
2012.02.03 05:31:59.783,1.90269,1.90375,1.95,2.25
2012.02.03 05:32:00.423,1.90269,1.90375,1.95,2.25
2012.02.03 05:32:03.303,1.90269,1.90375,1.95,2.25
2012.02.03 05:32:15.644,1.90278,1.90387,2.25,2.25
2012.02.03 05:32:16.137,1.90278,1.90385,2.25,1.50
2012.02.03 05:32:16.209,1.90278,1.90371,2.25,1.20
2012.02.03 05:32:16.277,1.90278,1.90387,2.25,2.25
2012.02.03 05:32:21.857,1.90278,1.90387,2.25,2.25
2012.02.03 05:32:22.464,1.90278,1.90387,2.25,2.25
2012.02.03 05:32:38.369,1.90269,1.90376,3.45,1.50
2012.02.03 05:32:40.570,1.90269,1.90376,3.45,2.25
2012.02.03 05:32:41.029,1.90296,1.90358,1.50,1.50
2012.02.03 05:32:45.040,1.90296,1.90352,1.50,1.50
2012.02.03 05:32:45.112,1.90286,1.9035,2.25,1.50
2012.02.03 05:33:45.720,1.90263,1.90384,1.95,1.95
2012.02.03 05:33:48.202,1.90263,1.90384,1.95,1.95
2012.02.03 05:33:51.641,1.90269,1.9039,1.20,1.95
2012.02.03 05:34:00.633,1.90269,1.9039,1.95,1.95
2012.02.03 05:34:11.638,1.90269,1.9039,1.95,1.95
2012.02.03 05:34:11.950,1.90275,1.90396,1.95,1.95
2012.02.03 05:34:16.511,1.90268,1.90376,1.95,1.13
2012.02.03 05:34:20.393,1.90272,1.90342,2.25,1.50
2012.02.03 05:34:20.790,1.90275,1.90339,2.25,1.50
2012.02.03 05:34:23.242,1.90275,1.90339,2.25,1.50
2012.02.03 05:34:23.808,1.90275,1.90339,2.25,1.50
2012.02.03 05:34:24.196,1.90275,1.90339,2.25,1.50
2012.02.03 05:34:28.567,1.90292,1.90339,1.84,1.50
2012.02.03 05:34:28.752,1.90313,1.90368,1.20,1.50
2012.02.03 05:34:29.014,1.90304,1.90368,1.50,2.25
2012.02.03 05:34:29.801,1.90291,1.90355,1.50,1.50
2012.02.03 05:34:32.092,1.90289,1.90346,1.50,1.50
2012.02.03 05:34:32.223,1.90282,1.90346,2.25,1.50
2012.02.03 05:34:33.574,1.90285,1.90346,1.50,1.50
2012.02.03 05:34:33.702,1.90306,1.9037,2.25,2.70
2012.02.03 05:34:33.772,1.90312,1.9037,1.20,1.50
2012.02.03 05:34:33.961,1.90315,1.90379,1.50,2.25
2012.02.03 05:34:34.162,1.90312,1.90366,2.70,1.50
2012.02.03 05:34:34.491,1.90302,1.90366,2.07,1.50
2012.02.03 05:34:38.830,1.90302,1.90366,1.50,1.50
2012.02.03 05:34:39.723,1.90312,1.90376,1.50,2.25
2012.02.03 05:34:39.795,1.90312,1.90376,1.50,1.50
2012.02.03 05:34:39.984,1.90324,1.90405,1.20,2.25
2012.02.03 05:34:44.067,1.90324,1.90405,1.20,2.25
2012.02.03 05:34:44.195,1.9031,1.90392,1.58,1.95
2012.02.03 05:34:44.263,1.9031,1.90392,1.35,1.95
2012.02.03 05:34:44.331,1.9031,1.90392,1.20,1.95
2012.02.03 05:34:50.493,1.9031,1.90392,1.20,1.95
2012.02.03 05:34:50.682,1.90321,1.90404,1.20,1.95
2012.02.03 05:35:00.797,1.90321,1.90404,1.20,1.95
2012.02.03 05:35:00.923,1.90311,1.90391,1.20,1.95
2012.02.03 05:35:02.994,1.90316,1.90395,1.20,2.25
2012.02.03 05:35:03.067,1.90316,1.90398,1.20,1.95
2012.02.03 05:35:03.434,1.90327,1.90404,1.20,2.25
2012.02.03 05:35:03.928,1.90327,1.9041,1.20,1.95
2012.02.03 05:35:04.000,1.90332,1.90394,1.50,1.50
2012.02.03 05:35:06.022,1.90327,1.90382,1.20,1.50
2012.02.03 05:35:06.211,1.9032,1.90382,1.50,1.50
2012.02.03 05:35:09.174,1.90332,1.90394,1.50,1.50
2012.02.03 05:35:10.733,1.90321,1.90383,1.50,1.50
2012.02.03 05:35:27.073,1.90321,1.90383,2.25,1.50
2012.02.03 05:35:31.952,1.90322,1.90383,1.95,1.50
2012.02.03 05:35:34.982,1.90329,1.90393,2.25,1.50
2012.02.03 05:35:35.879,1.90329,1.90393,1.50,1.50
2012.02.03 05:35:36.011,1.90329,1.90393,2.25,1.50
2012.02.03 05:35:40.274,1.90329,1.90393,1.50,1.50
2012.02.03 05:35:44.919,1.90329,1.90393,2.25,1.50
2012.02.03 05:35:45.023,1.90329,1.90393,1.50,1.50
2012.02.03 05:35:45.227,1.90329,1.90393,2.25,1.50
2012.02.03 05:35:45.554,1.90329,1.90393,1.50,1.50
2012.02.03 05:35:46.437,1.90329,1.90393,2.25,1.50
2012.02.03 05:35:47.845,1.90327,1.90395,2.25,1.50
2012.02.03 05:35:47.915,1.90337,1.90413,1.20,1.50
2012.02.03 05:35:47.983,1.90341,1.90405,2.25,1.50
2012.02.03 05:35:48.416,1.90341,1.90405,1.50,1.50
2012.02.03 05:35:49.049,1.90341,1.90405,1.50,2.25
2012.02.03 05:35:49.309,1.90341,1.90405,2.25,1.50
2012.02.03 05:35:49.421,1.90341,1.90405,1.50,1.50
2012.02.03 05:35:49.933,1.90317,1.90397,2.18,1.20
2012.02.03 05:35:51.842,1.90317,1.90397,1.95,1.35
2012.02.03 05:35:52.035,1.90337,1.90421,1.09,1.69
2012.02.03 05:35:52.154,1.90337,1.90425,1.09,1.69
2012.02.03 05:35:52.224,1.90336,1.90415,1.54,1.09
2012.02.03 05:35:52.652,1.9034,1.9041,1.20,1.09
2012.02.03 05:35:52.781,1.90328,1.90409,1.20,1.95
2012.02.03 05:35:52.852,1.90328,1.90409,1.95,1.20
2012.02.03 05:35:53.191,1.90341,1.90403,2.25,1.50
2012.02.03 05:35:58.754,1.90341,1.90403,1.50,1.50
2012.02.03 05:35:59.981,1.90341,1.90403,2.25,1.50
2012.02.03 05:36:00.236,1.9035,1.90409,1.50,1.35
2012.02.03 05:36:00.954,1.9035,1.90412,1.50,2.44
2012.02.03 05:36:01.019,1.9035,1.90412,1.50,1.84
2012.02.03 05:36:05.573,1.9035,1.9041,1.50,1.09
2012.02.03 05:36:05.702,1.90337,1.90399,1.50,1.50
2012.02.03 05:36:10.433,1.90337,1.90394,1.50,1.50
2012.02.03 05:36:10.504,1.90328,1.9039,1.50,1.50
2012.02.03 05:36:13.085,1.90328,1.9039,1.50,1.84
2012.02.03 05:36:13.392,1.90317,1.90379,1.50,1.50
2012.02.03 05:36:13.662,1.90317,1.90372,1.50,1.50
2012.02.03 05:36:13.852,1.90321,1.90382,1.50,1.54
2012.02.03 05:36:14.169,1.90317,1.90373,1.50,1.50
2012.02.03 05:36:14.231,1.90311,1.90373,1.50,1.50
2012.02.03 05:36:14.363,1.90311,1.90373,2.25,1.50
2012.02.03 05:36:19.345,1.90311,1.90373,1.50,1.50
2012.02.03 05:36:19.473,1.90316,1.90373,1.50,1.50
2012.02.03 05:36:19.544,1.9032,1.90382,1.50,1.50
2012.02.03 05:36:19.615,1.9032,1.90376,1.50,1.50
2012.02.03 05:36:19.742,1.90319,1.90383,1.50,1.50
2012.02.03 05:36:21.628,1.90319,1.90377,1.50,1.50
2012.02.03 05:36:22.116,1.90313,1.90374,1.20,1.50
2012.02.03 05:36:22.197,1.903,1.90364,1.50,1.50
2012.02.03 05:36:22.266,1.903,1.90364,2.25,1.50
2012.02.03 05:36:22.646,1.9031,1.90374,1.50,1.50
2012.02.03 05:36:23.952,1.9031,1.90374,2.25,1.50
2012.02.03 05:36:24.143,1.9031,1.90374,1.50,1.50
2012.02.03 05:36:34.788,1.9031,1.90371,1.50,1.20
2012.02.03 05:36:34.862,1.903,1.90362,1.50,1.50
2012.02.03 05:37:15.785,1.90308,1.90366,1.50,1.50
2012.02.03 05:37:17.017,1.90308,1.90371,1.50,2.14
2012.02.03 05:37:24.641,1.90308,1.90371,1.50,2.14
2012.02.03 05:37:24.953,1.90308,1.90372,2.25,2.44
2012.02.03 05:37:25.081,1.90308,1.90372,2.25,2.14
2012.02.03 05:37:25.213,1.90308,1.90372,2.25,1.50
2012.02.03 05:37:25.463,1.90321,1.90385,2.25,1.50
2012.02.03 05:37:25.534,1.90332,1.90388,1.50,1.50
2012.02.03 05:37:26.014,1.90326,1.90407,1.95,1.54
2012.02.03 05:37:26.158,1.90328,1.90407,1.13,1.20
2012.02.03 05:37:26.223,1.90338,1.90419,1.95,2.25
2012.02.03 05:37:26.531,1.90341,1.90419,1.13,1.50
2012.02.03 05:37:26.780,1.90349,1.90432,1.95,1.20
2012.02.03 05:37:27.220,1.90356,1.90436,1.95,1.09
2012.02.03 05:37:29.131,1.90356,1.90436,1.20,1.09
2012.02.03 05:37:29.199,1.90343,1.90426,1.95,1.95
2012.02.03 05:37:38.702,1.90343,1.90426,1.20,1.95
2012.02.03 05:37:39.796,1.90349,1.90432,1.20,1.95
2012.02.03 05:37:39.923,1.90343,1.90426,1.95,1.95
2012.02.03 05:37:40.094,1.90343,1.90424,1.95,1.09
2012.02.03 05:37:40.223,1.90338,1.90419,1.20,1.95
2012.02.03 05:37:40.354,1.90338,1.90419,1.20,1.95
2012.02.03 05:37:40.702,1.90347,1.90409,1.50,2.25
2012.02.03 05:37:43.872,1.90347,1.90409,1.50,1.50
2012.02.03 05:38:03.851,1.90347,1.90409,1.50,2.25
2012.02.03 05:38:04.293,1.90347,1.90409,1.50,1.50
2012.02.03 05:38:05.611,1.90347,1.90409,1.50,2.25
2012.02.03 05:38:08.631,1.90347,1.90402,1.50,1.20
2012.02.03 05:38:08.762,1.90337,1.90401,1.50,1.50
2012.02.03 05:38:25.081,1.90337,1.90401,1.50,2.25
2012.02.03 05:38:25.532,1.90337,1.90401,1.50,2.70
2012.02.03 05:38:25.684,1.90337,1.90401,1.50,3.45
2012.02.03 05:38:26.260,1.90334,1.90396,1.50,1.95
2012.02.03 05:38:26.337,1.90325,1.90401,1.09,1.20
2012.02.03 05:38:34.712,1.90327,1.90401,1.09,1.20
2012.02.03 05:38:35.217,1.90332,1.90413,1.95,1.54
2012.02.03 05:38:37.904,1.90332,1.90402,1.20,1.09
2012.02.03 05:38:38.214,1.90326,1.90406,2.29,1.09
2012.02.03 05:38:38.644,1.90316,1.90385,1.13,1.20
2012.02.03 05:38:38.714,1.90313,1.90385,1.09,1.20
2012.02.03 05:38:39.875,1.90313,1.90379,1.09,1.20
2012.02.03 05:38:41.775,1.90313,1.90379,1.09,1.20
2012.02.03 05:38:42.182,1.9032,1.90402,1.09,1.20
2012.02.03 05:38:47.122,1.90319,1.90402,1.95,1.20
2012.02.03 05:38:49.948,1.90338,1.90402,1.50,2.70
2012.02.03 05:38:50.576,1.90349,1.90407,1.50,1.20
2012.02.03 05:38:50.702,1.90349,1.90411,1.50,1.50
2012.02.03 05:38:52.795,1.90349,1.90405,1.50,1.50
2012.02.03 05:38:53.378,1.90339,1.90401,2.25,1.50
2012.02.03 05:38:55.664,1.90339,1.90401,1.50,1.50
2012.02.03 05:38:55.853,1.90339,1.90396,1.50,1.20
2012.02.03 05:38:57.171,1.90339,1.90401,1.50,1.50
2012.02.03 05:38:57.524,1.90339,1.90395,1.50,1.20
2012.02.03 05:39:00.132,1.90335,1.90381,1.50,1.50
2012.02.03 05:39:00.204,1.90317,1.90372,1.50,1.20
2012.02.03 05:39:00.334,1.90317,1.90372,2.25,1.20
2012.02.03 05:39:00.522,1.90328,1.90392,1.50,2.40
2012.02.03 05:39:15.642,1.90315,1.90377,2.25,1.50
2012.02.03 05:39:15.978,1.90315,1.90373,2.25,1.20
2012.02.03 05:39:16.292,1.90327,1.90373,1.50,1.20
2012.02.03 05:39:16.362,1.90327,1.90389,1.50,1.50
2012.02.03 05:39:16.612,1.90327,1.90389,1.84,1.50
2012.02.03 05:39:16.685,1.90338,1.90396,1.50,1.20
2012.02.03 05:39:16.754,1.90338,1.904,1.50,1.50
2012.02.03 05:39:18.815,1.90338,1.904,1.50,1.88
2012.02.03 05:39:19.122,1.90313,1.90372,2.25,1.20
2012.02.03 05:39:20.712,1.90328,1.9039,1.50,2.25
2012.02.03 05:39:21.974,1.90325,1.90378,1.50,1.50
2012.02.03 05:39:22.046,1.90314,1.90372,2.25,1.20
2012.02.03 05:39:25.131,1.90315,1.90372,2.59,1.20
2012.02.03 05:39:25.197,1.90329,1.90391,1.50,1.50
2012.02.03 05:39:27.155,1.90319,1.90381,1.50,1.50
2012.02.03 05:39:27.601,1.90319,1.90381,2.25,1.50
2012.02.03 05:39:27.911,1.90331,1.90393,2.25,1.50
2012.02.03 05:39:27.984,1.90331,1.90393,1.50,1.50
2012.02.03 05:39:28.484,1.90331,1.90393,2.25,1.50
2012.02.03 05:39:29.197,1.90331,1.90393,2.25,1.50
2012.02.03 05:39:29.455,1.90331,1.90393,2.25,1.50
2012.02.03 05:39:31.372,1.90331,1.90393,2.25,1.50
2012.02.03 05:39:31.644,1.90331,1.90384,2.25,1.20
2012.02.03 05:39:31.871,1.90331,1.90384,1.50,1.20
2012.02.03 05:39:32.340,1.90331,1.90384,2.25,1.20
2012.02.03 05:39:32.406,1.90331,1.90384,1.50,1.20
2012.02.03 05:39:32.876,1.90331,1.90384,2.25,1.20
2012.02.03 05:39:33.080,1.90331,1.90384,1.50,1.20
2012.02.03 05:39:34.070,1.90331,1.90384,2.25,1.20
2012.02.03 05:39:34.840,1.90331,1.90384,1.50,1.20
2012.02.03 05:39:37.203,1.90331,1.90384,2.25,1.20
2012.02.03 05:39:38.581,1.90331,1.90384,1.50,1.20
2012.02.03 05:39:39.908,1.90327,1.90384,1.50,2.70
2012.02.03 05:39:39.973,1.9032,1.90384,1.84,2.70
2012.02.03 05:39:40.122,1.90321,1.90384,1.09,2.70
2012.02.03 05:39:42.922,1.9032,1.90384,1.84,2.70
2012.02.03 05:39:42.995,1.90321,1.90384,1.09,2.70
2012.02.03 05:39:44.410,1.9032,1.90384,1.84,2.70
2012.02.03 05:39:45.176,1.9032,1.90384,1.50,3.04
2012.02.03 05:39:46.825,1.9032,1.90383,1.50,1.20
2012.02.03 05:39:47.652,1.9032,1.90383,1.50,1.54
2012.02.03 05:39:48.238,1.9031,1.90372,1.50,1.84
2012.02.03 05:39:48.808,1.90299,1.90361,2.25,1.20
2012.02.03 05:39:48.932,1.90303,1.90363,1.09,1.50
2012.02.03 05:39:49.004,1.90307,1.90363,1.50,1.50
2012.02.03 05:39:49.072,1.90309,1.90372,1.50,1.95
2012.02.03 05:39:49.205,1.90309,1.90372,2.25,1.20
2012.02.03 05:39:52.887,1.90309,1.90372,1.50,1.20
2012.02.03 05:39:53.233,1.90309,1.90372,2.25,1.20
2012.02.03 05:39:53.436,1.90309,1.90372,1.50,1.20
2012.02.03 05:39:53.705,1.90309,1.90365,1.50,1.50
2012.02.03 05:39:54.060,1.90298,1.90361,2.25,1.20
2012.02.03 05:39:54.913,1.90313,1.90361,1.50,1.20
2012.02.03 05:39:55.107,1.90313,1.90373,2.25,1.20
2012.02.03 05:39:55.195,1.90313,1.90373,2.25,1.20
2012.02.03 05:39:55.857,1.90303,1.90367,2.25,1.50
2012.02.03 05:39:56.672,1.90303,1.90367,2.25,1.84
2012.02.03 05:39:56.981,1.90291,1.9035,2.25,1.20
2012.02.03 05:39:57.599,1.90291,1.9035,2.25,1.20
2012.02.03 05:39:57.664,1.90273,1.90335,2.25,1.84
2012.02.03 05:39:57.972,1.90273,1.90326,2.25,1.20
2012.02.03 05:39:58.371,1.90273,1.90326,2.25,1.20
2012.02.03 05:39:58.502,1.90289,1.90341,2.25,1.20
2012.02.03 05:39:58.726,1.90289,1.90349,2.25,1.54
2012.02.03 05:39:58.980,1.90279,1.90341,2.25,1.50
2012.02.03 05:40:02.902,1.90279,1.90341,2.25,1.50
2012.02.03 05:40:03.423,1.9029,1.90354,2.25,1.50
2012.02.03 05:40:03.502,1.9029,1.90354,1.50,1.50
2012.02.03 05:40:03.693,1.9029,1.90354,2.25,1.50
2012.02.03 05:40:04.127,1.9029,1.90354,2.25,1.50
2012.02.03 05:40:05.799,1.903,1.90357,2.25,1.50
2012.02.03 05:40:05.862,1.903,1.90364,2.25,1.50
2012.02.03 05:40:12.705,1.903,1.90364,1.50,1.50
2012.02.03 05:40:12.816,1.903,1.90364,2.25,1.50
2012.02.03 05:40:13.383,1.903,1.90364,2.25,1.50
2012.02.03 05:40:14.672,1.903,1.90364,2.25,1.50
2012.02.03 05:40:16.215,1.903,1.90364,2.25,1.50
2012.02.03 05:40:16.846,1.903,1.90364,2.25,1.50
2012.02.03 05:40:27.386,1.9031,1.90367,2.25,1.50
2012.02.03 05:40:27.453,1.9031,1.90374,2.25,1.50
2012.02.03 05:40:34.343,1.90319,1.90374,1.50,1.50
2012.02.03 05:40:34.471,1.90323,1.90385,1.50,1.50
2012.02.03 05:40:35.219,1.90323,1.90385,2.25,1.50
2012.02.03 05:40:35.380,1.90323,1.90385,1.50,1.50
2012.02.03 05:40:37.474,1.90323,1.90385,2.25,1.50
2012.02.03 05:40:37.604,1.90323,1.90385,1.50,1.50
2012.02.03 05:40:37.993,1.90313,1.90398,1.95,1.50
2012.02.03 05:40:38.063,1.90313,1.90402,1.95,1.95
2012.02.03 05:40:38.132,1.90313,1.90402,1.95,1.20
2012.02.03 05:40:39.110,1.90313,1.90402,1.95,1.54
2012.02.03 05:40:39.174,1.90295,1.90374,1.73,1.20
2012.02.03 05:40:39.960,1.90292,1.90374,1.95,1.95
2012.02.03 05:40:41.812,1.90305,1.90374,1.13,1.20
2012.02.03 05:40:41.882,1.90305,1.90374,1.13,1.20
2012.02.03 05:40:41.952,1.90313,1.90402,1.95,1.20
2012.02.03 05:40:43.434,1.90313,1.90402,1.95,1.95
2012.02.03 05:40:43.686,1.90303,1.90386,1.95,1.20
2012.02.03 05:40:45.600,1.90303,1.90386,1.95,1.54
2012.02.03 05:40:45.676,1.90303,1.90384,1.95,1.09
2012.02.03 05:40:45.862,1.90298,1.90363,1.09,1.20
2012.02.03 05:40:46.115,1.90304,1.90385,1.95,2.29
2012.02.03 05:40:46.184,1.90291,1.90362,2.48,1.20
2012.02.03 05:40:46.622,1.90291,1.90362,2.48,1.20
2012.02.03 05:40:46.702,1.90292,1.90374,1.95,1.20
2012.02.03 05:40:47.422,1.90304,1.90385,1.95,1.95
2012.02.03 05:40:47.672,1.90306,1.9037,2.25,1.50
2012.02.03 05:40:49.572,1.90306,1.9037,1.50,1.50
2012.02.03 05:40:49.782,1.90296,1.9036,2.25,1.50
2012.02.03 05:40:50.889,1.90296,1.9036,2.25,1.50
2012.02.03 05:40:51.272,1.9031,1.90372,2.25,1.50
2012.02.03 05:40:51.343,1.9031,1.90372,2.25,1.50
2012.02.03 05:40:54.642,1.9031,1.90372,2.25,1.50
2012.02.03 05:40:54.901,1.9031,1.90369,2.25,1.20
2012.02.03 05:40:55.840,1.903,1.90362,2.25,1.50
2012.02.03 05:40:56.570,1.90309,1.90366,2.25,1.50
2012.02.03 05:40:56.693,1.90309,1.90373,2.25,1.50
2012.02.03 05:41:03.797,1.90309,1.90373,2.25,1.50
2012.02.03 05:41:10.034,1.90309,1.90373,2.25,1.50
2012.02.03 05:41:10.168,1.90299,1.90348,1.95,1.50
2012.02.03 05:41:10.481,1.90286,1.90345,2.25,1.20
2012.02.03 05:41:10.932,1.90286,1.90348,2.25,1.50
2012.02.03 05:41:11.062,1.90286,1.90345,2.25,1.20
2012.02.03 05:41:11.373,1.90299,1.90361,2.25,1.50
2012.02.03 05:41:13.662,1.90299,1.90361,2.25,1.50
2012.02.03 05:41:13.736,1.90287,1.90348,1.95,1.50
2012.02.03 05:41:14.058,1.90284,1.90345,2.25,1.20
2012.02.03 05:41:14.368,1.90284,1.90339,2.25,1.20
2012.02.03 05:41:14.672,1.90259,1.90339,1.95,1.20
2012.02.03 05:41:15.189,1.90264,1.90346,1.95,1.20
2012.02.03 05:41:15.269,1.90274,1.90339,1.09,1.20
2012.02.03 05:41:15.454,1.90293,1.90345,1.09,1.20
2012.02.03 05:41:15.526,1.90293,1.90365,1.09,2.25
2012.02.03 05:41:15.655,1.90288,1.90368,2.29,1.20
2012.02.03 05:41:15.902,1.90288,1.90368,2.29,1.20
2012.02.03 05:41:17.872,1.90299,1.90361,2.25,1.50
2012.02.03 05:41:18.182,1.90288,1.90343,1.95,1.50
2012.02.03 05:41:18.494,1.90291,1.90353,2.25,1.50
2012.02.03 05:41:22.751,1.90291,1.90353,2.25,1.50
2012.02.03 05:41:23.396,1.90291,1.90353,2.25,1.50
2012.02.03 05:41:24.125,1.90291,1.90353,2.25,1.50
2012.02.03 05:41:24.445,1.90291,1.90353,2.25,1.50
2012.02.03 05:41:24.715,1.90291,1.90353,2.25,1.50
2012.02.03 05:41:25.156,1.90291,1.90353,2.25,1.50
2012.02.03 05:41:26.112,1.90291,1.90353,2.25,1.50
2012.02.03 05:41:26.184,1.90291,1.90353,2.25,1.50
2012.02.03 05:41:27.847,1.90291,1.90353,2.25,1.50
2012.02.03 05:41:38.688,1.90291,1.90353,2.25,1.50
2012.02.03 05:41:39.197,1.90291,1.90353,2.25,1.50
2012.02.03 05:41:40.019,1.90291,1.90353,2.25,1.50
2012.02.03 05:41:40.608,1.90291,1.90353,2.25,2.25
2012.02.03 05:41:41.215,1.90291,1.90353,2.25,2.25
2012.02.03 05:41:41.436,1.90291,1.90353,2.25,2.25
2012.02.03 05:41:42.151,1.90291,1.90353,2.25,2.25
2012.02.03 05:41:42.430,1.90291,1.90353,2.25,2.25
2012.02.03 05:41:42.914,1.90291,1.90353,2.25,2.25
2012.02.03 05:41:51.384,1.90291,1.90353,2.25,2.25
2012.02.03 05:41:51.632,1.90291,1.90353,2.25,2.25
2012.02.03 05:41:51.762,1.90291,1.90351,2.25,1.95
2012.02.03 05:41:52.393,1.90291,1.90351,2.25,1.95
2012.02.03 05:41:59.326,1.90291,1.90351,2.25,1.95
2012.02.03 05:41:59.468,1.90291,1.90351,2.25,1.95
2012.02.03 05:42:01.285,1.90291,1.90351,2.25,1.95
2012.02.03 05:42:01.904,1.90291,1.90351,2.25,1.95
2012.02.03 05:42:02.818,1.90291,1.90351,2.25,1.95
2012.02.03 05:42:09.097,1.90291,1.90351,1.50,1.95
2012.02.03 05:42:09.452,1.90291,1.90351,1.50,1.20
2012.02.03 05:42:11.689,1.90291,1.90351,2.25,1.20
2012.02.03 05:42:13.069,1.90291,1.90351,2.25,1.54
2012.02.03 05:42:13.433,1.90291,1.90351,2.25,1.54
2012.02.03 05:42:13.944,1.90291,1.90351,2.25,1.54
2012.02.03 05:42:14.205,1.90291,1.90351,2.25,1.54
2012.02.03 05:42:14.430,1.90291,1.90351,2.25,1.54
2012.02.03 05:42:14.651,1.90291,1.90351,2.25,1.54
2012.02.03 05:42:14.928,1.90291,1.90351,2.25,1.54
2012.02.03 05:42:15.166,1.90291,1.90351,2.25,1.54
2012.02.03 05:42:15.818,1.90291,1.90351,2.25,1.54
2012.02.03 05:42:15.885,1.90291,1.90351,2.25,1.54
2012.02.03 05:42:16.693,1.90291,1.90351,2.25,1.54
2012.02.03 05:42:17.184,1.90291,1.90351,2.25,1.54
2012.02.03 05:42:17.954,1.90291,1.90351,2.25,1.54
2012.02.03 05:42:18.134,1.90291,1.90351,2.25,1.54
2012.02.03 05:42:18.453,1.9027,1.90351,1.95,1.54
2012.02.03 05:42:18.723,1.9027,1.90351,1.95,1.54
2012.02.03 05:42:19.714,1.9027,1.90351,1.95,1.54
2012.02.03 05:42:20.216,1.9027,1.90351,1.95,1.54
2012.02.03 05:42:20.316,1.9027,1.90351,1.95,1.54
2012.02.03 05:42:20.696,1.9027,1.90351,1.95,1.54
2012.02.03 05:42:20.878,1.9027,1.90351,1.95,1.54
2012.02.03 05:42:21.091,1.9027,1.90351,1.95,1.54
2012.02.03 05:42:21.504,1.9027,1.90351,1.95,1.54
2012.02.03 05:42:21.649,1.9027,1.90351,1.95,1.54
2012.02.03 05:42:22.003,1.9027,1.90351,1.95,1.54
2012.02.03 05:42:22.131,1.9027,1.90351,1.95,1.54
2012.02.03 05:42:22.942,1.9027,1.90351,1.95,1.54
2012.02.03 05:42:23.250,1.9027,1.90351,1.95,1.54
2012.02.03 05:42:23.837,1.9027,1.90351,1.95,1.54
2012.02.03 05:42:24.071,1.90272,1.90351,1.09,1.54
2012.02.03 05:42:24.202,1.90278,1.90346,2.25,1.50
2012.02.03 05:42:24.562,1.90281,1.90343,2.25,1.50
2012.02.03 05:42:24.661,1.90281,1.90343,2.25,1.50
2012.02.03 05:42:25.177,1.90281,1.90343,2.25,1.50
2012.02.03 05:42:26.006,1.90281,1.90343,2.25,1.50
2012.02.03 05:42:26.784,1.90281,1.90343,2.25,1.50
2012.02.03 05:42:26.984,1.90281,1.90343,2.25,1.50
2012.02.03 05:42:31.092,1.90281,1.90339,2.25,1.20
2012.02.03 05:42:31.465,1.90278,1.90333,2.25,1.50
2012.02.03 05:42:31.715,1.90271,1.90328,2.25,1.20
2012.02.03 05:42:34.103,1.90271,1.9033,2.25,1.20
2012.02.03 05:42:35.258,1.90271,1.90333,2.25,1.50
2012.02.03 05:42:35.326,1.90271,1.90333,2.25,1.50
2012.02.03 05:42:35.454,1.90271,1.90333,2.25,1.50
2012.02.03 05:42:35.528,1.90271,1.90333,2.25,1.50
2012.02.03 05:42:51.381,1.90271,1.90333,2.25,2.70
2012.02.03 05:42:51.451,1.90271,1.90333,2.25,2.70
2012.02.03 05:42:51.518,1.90271,1.90327,2.25,1.20
2012.02.03 05:43:03.257,1.90271,1.90326,2.25,1.50
2012.02.03 05:43:03.589,1.9026,1.90324,2.25,1.50
2012.02.03 05:43:03.892,1.9027,1.90334,2.25,1.50
2012.02.03 05:43:19.828,1.9027,1.90334,2.25,1.50
2012.02.03 05:43:24.694,1.90275,1.90334,1.09,1.50
2012.02.03 05:43:27.390,1.90317,1.90336,1.50,1.50
2012.02.03 05:43:27.454,1.90314,1.90368,2.25,1.05
2012.02.03 05:43:27.524,1.90303,1.90384,1.95,1.95
2012.02.03 05:43:28.033,1.90291,1.90361,1.13,1.20
2012.02.03 05:43:28.264,1.9028,1.90361,1.95,1.20
2012.02.03 05:43:28.998,1.9028,1.90361,1.95,1.20
2012.02.03 05:43:29.118,1.9028,1.90361,1.95,1.20
2012.02.03 05:43:35.401,1.90269,1.9035,1.36,1.20
2012.02.03 05:43:36.213,1.90279,1.90362,1.95,1.20
2012.02.03 05:43:44.597,1.90279,1.90362,1.95,1.20
2012.02.03 05:43:45.417,1.90279,1.90362,1.95,1.20
2012.02.03 05:43:45.491,1.90279,1.90362,1.95,1.20
2012.02.03 05:43:47.772,1.90279,1.90362,1.95,1.20
2012.02.03 05:43:56.592,1.90292,1.90372,1.95,1.20
2012.02.03 05:43:57.177,1.9028,1.90361,1.95,1.20
2012.02.03 05:43:58.239,1.9028,1.90361,1.95,1.20
2012.02.03 05:43:59.376,1.9028,1.90361,1.95,1.20
2012.02.03 05:43:59.827,1.90268,1.9035,1.95,1.20
2012.02.03 05:44:00.432,1.90279,1.90362,1.95,1.20
2012.02.03 05:44:00.562,1.90269,1.90349,1.95,1.20
2012.02.03 05:44:00.735,1.90279,1.90362,1.95,1.20
2012.02.03 05:44:02.944,1.90279,1.90362,1.95,1.20
2012.02.03 05:44:03.079,1.90279,1.90362,1.95,1.20
2012.02.03 05:44:03.467,1.90279,1.90362,1.95,1.20
2012.02.03 05:44:03.935,1.90279,1.90362,1.95,1.20
2012.02.03 05:44:04.024,1.90281,1.90355,2.25,1.20
2012.02.03 05:44:04.340,1.90283,1.90347,2.25,1.50
2012.02.03 05:44:04.409,1.90283,1.90347,2.25,1.50
2012.02.03 05:44:04.777,1.90292,1.90356,2.25,2.70
2012.02.03 05:44:05.085,1.90282,1.90346,2.25,1.50
2012.02.03 05:44:05.680,1.90282,1.90346,2.25,1.50
2012.02.03 05:44:07.180,1.90282,1.90346,2.25,1.50
2012.02.03 05:44:16.244,1.90282,1.90346,1.50,1.50
2012.02.03 05:44:16.316,1.90279,1.90334,1.50,1.50
2012.02.03 05:44:16.383,1.90272,1.90334,2.25,1.50
2012.02.03 05:44:16.453,1.90262,1.90326,2.25,1.50
2012.02.03 05:44:16.862,1.90262,1.90326,2.25,1.50
2012.02.03 05:44:17.959,1.90259,1.90316,2.25,1.50
2012.02.03 05:44:20.622,1.90252,1.90316,2.25,1.50
2012.02.03 05:44:20.692,1.90242,1.90339,1.95,1.50
2012.02.03 05:44:21.135,1.90242,1.90339,1.95,1.50
2012.02.03 05:44:21.432,1.90237,1.90328,1.95,1.20
2012.02.03 05:44:22.922,1.90237,1.90328,1.95,1.20
2012.02.03 05:44:22.993,1.90224,1.90343,1.73,1.95
2012.02.03 05:44:23.063,1.90224,1.90343,1.50,1.20
2012.02.03 05:44:24.890,1.90222,1.90343,1.95,1.20
2012.02.03 05:44:24.954,1.90209,1.90332,2.18,1.20
2012.02.03 05:44:25.398,1.90234,1.90337,1.13,1.35
2012.02.03 05:44:25.466,1.90234,1.90337,1.13,1.35
2012.02.03 05:44:25.970,1.90235,1.90341,1.95,1.65
2012.02.03 05:44:26.717,1.90235,1.90341,1.95,1.50
2012.02.03 05:44:27.543,1.90235,1.90341,1.95,1.65
2012.02.03 05:44:27.862,1.90235,1.90341,1.95,2.03
2012.02.03 05:44:28.167,1.90232,1.90321,1.95,1.20
2012.02.03 05:44:28.415,1.90233,1.90321,2.25,1.20
2012.02.03 05:44:28.553,1.90249,1.90313,2.25,1.50
2012.02.03 05:44:36.705,1.90246,1.90303,2.25,1.50
2012.02.03 05:44:38.394,1.90229,1.90293,2.25,1.50
2012.02.03 05:44:38.642,1.90229,1.90293,2.25,1.50
2012.02.03 05:44:39.423,1.90229,1.90293,2.25,1.50
2012.02.03 05:44:39.577,1.90229,1.90293,2.25,1.50
2012.02.03 05:44:44.694,1.90229,1.90293,2.25,1.50
2012.02.03 05:44:46.510,1.90229,1.90293,2.25,1.50
2012.02.03 05:44:46.970,1.90229,1.90293,2.25,1.50
2012.02.03 05:44:47.226,1.90229,1.90293,2.25,1.50
2012.02.03 05:45:02.226,1.90229,1.90293,2.25,1.50
2012.02.03 05:45:02.780,1.90229,1.90293,2.25,1.50
2012.02.03 05:45:05.640,1.90229,1.90293,2.25,1.50
2012.02.03 05:45:05.768,1.90239,1.90303,2.25,1.50
2012.02.03 05:45:05.932,1.90239,1.90303,2.25,1.50
2012.02.03 05:45:06.196,1.90239,1.90303,2.25,1.50
2012.02.03 05:45:07.146,1.90239,1.90303,2.25,1.50
2012.02.03 05:45:08.885,1.90239,1.90303,2.25,1.50
2012.02.03 05:45:10.872,1.90239,1.90303,2.25,1.50
2012.02.03 05:45:16.353,1.90249,1.90313,2.25,1.50
2012.02.03 05:45:19.444,1.90246,1.90316,2.25,1.50
2012.02.03 05:45:19.514,1.90238,1.90327,1.95,1.95
2012.02.03 05:45:23.585,1.90238,1.90321,1.20,1.50
2012.02.03 05:45:27.101,1.90238,1.90327,1.95,1.95
2012.02.03 05:45:29.140,1.90238,1.90327,1.95,1.95
2012.02.03 05:45:29.682,1.90238,1.9032,1.95,1.50
2012.02.03 05:45:29.862,1.9023,1.9031,1.95,1.20
2012.02.03 05:45:30.180,1.9023,1.9031,1.95,1.95
2012.02.03 05:45:34.314,1.90218,1.90299,1.95,1.95
2012.02.03 05:45:35.632,1.90229,1.90311,1.95,1.95
2012.02.03 05:45:35.823,1.90222,1.903,1.09,1.95
2012.02.03 05:45:37.390,1.9023,1.9031,1.95,1.95
2012.02.03 05:45:41.300,1.9023,1.9031,1.95,1.95
2012.02.03 05:45:44.922,1.9023,1.9031,1.95,1.95
2012.02.03 05:45:44.992,1.9023,1.9031,1.95,1.95
2012.02.03 05:45:48.883,1.90223,1.90305,1.95,1.95
2012.02.03 05:45:49.451,1.90223,1.90305,1.95,1.95
2012.02.03 05:45:49.703,1.90223,1.90305,1.95,1.95
2012.02.03 05:45:50.471,1.90223,1.90305,1.95,1.95
2012.02.03 05:45:50.592,1.90223,1.90305,1.95,1.95
2012.02.03 05:45:51.048,1.90223,1.90305,1.95,1.95
2012.02.03 05:45:51.124,1.90211,1.90293,1.95,1.95
2012.02.03 05:45:54.382,1.90211,1.90293,1.95,1.95
2012.02.03 05:45:54.773,1.90211,1.90293,1.95,1.95
2012.02.03 05:45:55.078,1.90222,1.90284,2.25,2.25
2012.02.03 05:45:55.384,1.90222,1.90284,2.25,2.25
2012.02.03 05:45:56.396,1.9023,1.90294,2.25,2.25
2012.02.03 05:46:06.285,1.9023,1.90294,2.25,2.25
2012.02.03 05:46:06.786,1.9023,1.90294,2.25,2.25
2012.02.03 05:46:10.363,1.9023,1.90292,1.50,1.09
2012.02.03 05:46:10.436,1.90228,1.90282,1.50,2.25
2012.02.03 05:46:10.505,1.9022,1.90282,2.25,2.25
2012.02.03 05:46:10.695,1.90216,1.90272,2.25,1.50
2012.02.03 05:46:13.679,1.90222,1.90276,2.25,1.50
2012.02.03 05:46:13.813,1.90222,1.90284,2.25,1.50
2012.02.03 05:46:13.881,1.90222,1.90284,2.25,1.50
2012.02.03 05:46:16.604,1.90222,1.90284,2.25,1.50
2012.02.03 05:46:25.653,1.90222,1.90284,2.25,1.50
2012.02.03 05:46:25.977,1.90222,1.90284,2.25,2.25
2012.02.03 05:46:26.304,1.90222,1.90284,2.25,2.25
2012.02.03 05:46:26.534,1.90197,1.90287,1.95,1.95
2012.02.03 05:46:31.308,1.90191,1.90281,3.45,1.95
2012.02.03 05:46:31.772,1.90191,1.90281,3.45,1.95
2012.02.03 05:46:32.457,1.90213,1.90275,2.25,1.50
2012.02.03 05:46:34.314,1.90213,1.90275,2.25,1.50
2012.02.03 05:46:57.087,1.90213,1.90275,2.25,1.50
2012.02.03 05:46:57.306,1.90213,1.90275,2.25,1.50
2012.02.03 05:46:57.634,1.90213,1.90275,2.25,1.50
2012.02.03 05:46:57.743,1.90213,1.90275,2.25,1.50
2012.02.03 05:46:58.398,1.90213,1.90275,2.25,1.50
2012.02.03 05:46:58.469,1.90213,1.90275,2.25,1.50
2012.02.03 05:46:59.063,1.90213,1.90275,2.25,1.50
2012.02.03 05:47:03.706,1.90213,1.90275,2.25,1.50
2012.02.03 05:47:14.342,1.90213,1.90275,2.25,1.50
2012.02.03 05:47:14.673,1.90213,1.90275,2.25,1.50
2012.02.03 05:47:15.113,1.90213,1.90275,2.25,1.50
2012.02.03 05:47:21.013,1.90213,1.90275,2.25,1.50
2012.02.03 05:47:24.572,1.90213,1.90275,2.25,1.50
2012.02.03 05:47:25.292,1.9021,1.90278,2.25,1.50
2012.02.03 05:47:25.362,1.90202,1.90293,1.95,1.20
2012.02.03 05:47:26.423,1.90198,1.90286,1.95,1.20
2012.02.03 05:47:26.493,1.90198,1.90286,1.95,1.20
2012.02.03 05:47:26.563,1.90198,1.90286,1.95,1.20
2012.02.03 05:47:27.436,1.90198,1.90286,1.95,1.95
2012.02.03 05:47:30.953,1.90202,1.90288,1.95,1.50
2012.02.03 05:47:52.732,1.90202,1.90288,1.95,1.50
2012.02.03 05:47:59.616,1.90202,1.90288,1.95,1.50
2012.02.03 05:48:20.250,1.90202,1.90288,1.95,1.50
2012.02.03 05:48:20.694,1.90202,1.90288,1.95,1.50
2012.02.03 05:48:21.335,1.90208,1.90269,1.95,1.50
2012.02.03 05:48:22.426,1.90217,1.90273,2.25,1.50
2012.02.03 05:48:22.553,1.90217,1.90279,2.25,1.50
2012.02.03 05:48:23.786,1.90227,1.90282,2.25,1.50
2012.02.03 05:48:23.856,1.90233,1.90289,1.95,1.50
2012.02.03 05:48:23.924,1.90233,1.90289,1.95,1.50
2012.02.03 05:48:31.713,1.90239,1.90299,1.95,1.50
2012.02.03 05:48:32.574,1.9024,1.90299,1.95,1.50
2012.02.03 05:48:32.642,1.9024,1.90299,1.95,1.50
2012.02.03 05:48:32.714,1.9024,1.90319,1.95,1.09
2012.02.03 05:48:32.964,1.90245,1.90321,1.95,1.84
2012.02.03 05:48:33.122,1.90245,1.90319,1.95,1.09
2012.02.03 05:48:33.386,1.90239,1.90321,1.95,3.04
2012.02.03 05:48:33.736,1.90246,1.90319,1.20,1.09
2012.02.03 05:48:34.318,1.9024,1.9032,1.95,1.54
2012.02.03 05:48:34.455,1.9024,1.90319,1.95,1.09
2012.02.03 05:48:34.723,1.9024,1.90313,1.95,1.50
2012.02.03 05:48:35.090,1.90239,1.90299,1.95,1.50
2012.02.03 05:48:52.607,1.9024,1.90299,1.20,1.50
2012.02.03 05:48:53.582,1.9024,1.90299,1.95,1.50
2012.02.03 05:49:16.628,1.9024,1.90299,1.95,1.50
2012.02.03 05:49:16.695,1.90247,1.90302,2.25,1.50
2012.02.03 05:49:16.766,1.90247,1.90309,2.25,1.50
2012.02.03 05:49:16.954,1.90247,1.90309,1.50,1.50
2012.02.03 05:49:49.040,1.90247,1.90309,1.50,1.84
2012.02.03 05:49:49.343,1.90237,1.90299,2.25,1.50
2012.02.03 05:49:50.654,1.90234,1.90302,2.25,1.50
2012.02.03 05:49:50.722,1.90233,1.90315,1.95,2.89
2012.02.03 05:49:51.306,1.90239,1.90318,1.95,3.19
2012.02.03 05:50:09.194,1.90239,1.90315,1.95,1.69
2012.02.03 05:50:41.653,1.90246,1.90324,1.95,2.44
2012.02.03 05:50:41.726,1.90246,1.90324,1.95,1.39
2012.02.03 05:50:41.865,1.90246,1.90324,1.95,1.09
2012.02.03 05:50:42.641,1.90246,1.90323,1.20,1.09
2012.02.03 05:50:45.538,1.90246,1.90324,1.95,1.09
2012.02.03 05:51:02.667,1.90246,1.90323,1.95,1.09
2012.02.03 05:51:03.204,1.90252,1.90323,1.20,1.09
2012.02.03 05:51:13.819,1.90252,1.90332,1.95,2.14
2012.02.03 05:51:13.884,1.90252,1.90332,1.95,2.14
2012.02.03 05:51:14.415,1.90252,1.90326,1.20,1.05
2012.02.03 05:51:14.704,1.90252,1.90325,1.20,1.05
2012.02.03 05:51:14.809,1.90252,1.90325,1.20,2.89
2012.02.03 05:51:15.116,1.90252,1.90314,2.25,1.84
2012.02.03 05:51:40.327,1.90252,1.90314,2.25,1.50
2012.02.03 05:51:40.393,1.90252,1.90314,2.25,1.50
2012.02.03 05:51:41.492,1.90252,1.90314,2.25,1.50
2012.02.03 05:51:45.249,1.90252,1.90314,2.25,1.50
2012.02.03 05:51:45.375,1.90252,1.90314,2.25,1.50
2012.02.03 05:51:45.445,1.90252,1.90314,2.25,1.50
2012.02.03 05:51:45.928,1.90252,1.90314,2.25,1.50
2012.02.03 05:51:47.598,1.90252,1.90314,2.25,1.50
2012.02.03 05:51:56.894,1.90252,1.90314,2.25,1.50
2012.02.03 05:51:57.332,1.90258,1.90314,1.50,1.50
2012.02.03 05:51:57.408,1.90262,1.90324,1.50,1.50
2012.02.03 05:51:59.632,1.90262,1.90324,2.25,1.50
2012.02.03 05:51:59.739,1.90262,1.90324,1.50,1.50
2012.02.03 05:52:28.944,1.90262,1.90324,2.25,1.50
2012.02.03 05:52:29.247,1.90262,1.90324,2.25,1.50
2012.02.03 05:52:29.375,1.90262,1.90324,2.25,1.50
2012.02.03 05:52:29.684,1.90262,1.90324,2.25,1.84
2012.02.03 05:52:30.109,1.90253,1.90315,2.25,1.50
2012.02.03 05:52:35.978,1.90253,1.90315,2.25,1.50
2012.02.03 05:52:37.354,1.90253,1.90315,2.25,1.50
2012.02.03 05:52:45.598,1.90253,1.90315,2.25,1.50
2012.02.03 05:52:53.132,1.90253,1.90315,2.25,1.50
2012.02.03 05:52:53.262,1.90253,1.90315,2.25,1.80
2012.02.03 05:52:54.238,1.90253,1.90315,2.25,2.10
2012.02.03 05:52:54.863,1.90253,1.90315,2.25,1.95
2012.02.03 05:52:55.113,1.90253,1.90315,2.25,1.65
2012.02.03 05:52:55.186,1.90263,1.90321,1.50,2.14
2012.02.03 05:52:55.714,1.90251,1.90313,2.25,1.65
2012.02.03 05:53:12.678,1.90251,1.90313,2.25,1.65
2012.02.03 05:53:14.330,1.90251,1.90313,2.25,1.65
2012.02.03 05:53:15.883,1.90251,1.90313,2.25,1.65
2012.02.03 05:53:16.254,1.9026,1.90324,2.25,1.50
2012.02.03 05:53:16.424,1.9026,1.90324,2.70,1.50
2012.02.03 05:53:16.883,1.9026,1.90324,3.45,1.50
2012.02.03 05:53:18.837,1.9026,1.90324,1.50,1.50
2012.02.03 05:53:19.387,1.9026,1.90324,2.25,1.50
2012.02.03 05:53:26.752,1.90271,1.90326,1.50,1.50
2012.02.03 05:53:26.824,1.90271,1.90333,1.50,1.50
2012.02.03 05:53:30.532,1.90271,1.90333,1.50,2.25
2012.02.03 05:53:30.827,1.90271,1.90333,1.50,1.50
2012.02.03 05:53:38.706,1.90271,1.90333,2.25,1.50
2012.02.03 05:53:41.110,1.90271,1.90333,1.50,1.50
2012.02.03 05:53:41.413,1.90271,1.90333,2.25,1.50
2012.02.03 05:53:41.546,1.90271,1.90333,1.50,1.50
2012.02.03 05:53:43.301,1.90271,1.90333,2.25,1.50
2012.02.03 05:53:56.166,1.90271,1.90333,1.50,1.50
2012.02.03 05:53:56.390,1.90271,1.90333,2.25,1.50
2012.02.03 05:53:56.609,1.90271,1.90333,1.50,1.50
2012.02.03 05:53:56.878,1.90268,1.90323,1.50,1.50
2012.02.03 05:53:56.945,1.90261,1.90323,1.50,1.84
2012.02.03 05:53:57.209,1.90261,1.90323,2.25,1.84
2012.02.03 05:53:57.966,1.90261,1.90323,2.25,1.84
2012.02.03 05:54:02.129,1.90261,1.90323,1.50,1.84
2012.02.03 05:54:02.396,1.90261,1.90323,1.50,1.50
2012.02.03 05:54:02.798,1.90261,1.90323,2.25,1.50
2012.02.03 05:54:02.983,1.90261,1.90323,1.50,1.50
2012.02.03 05:54:03.056,1.90261,1.90323,1.50,1.95
2012.02.03 05:54:03.758,1.90259,1.90321,1.50,1.80
2012.02.03 05:54:04.696,1.90259,1.90321,1.50,1.65
2012.02.03 05:54:30.309,1.90259,1.90317,1.50,1.20
2012.02.03 05:54:30.821,1.90259,1.90321,1.50,1.50
2012.02.03 05:54:33.925,1.90259,1.90321,2.25,1.50
2012.02.03 05:54:34.393,1.90259,1.90321,1.50,1.50
2012.02.03 05:54:37.316,1.90259,1.90321,2.25,1.50
2012.02.03 05:54:37.837,1.90259,1.90321,1.50,1.50
2012.02.03 05:54:39.280,1.90259,1.90321,2.25,1.50
2012.02.03 05:54:39.770,1.90259,1.90321,2.25,1.84
2012.02.03 05:54:39.906,1.90259,1.90321,2.25,2.70
2012.02.03 05:54:39.975,1.90266,1.90321,2.25,2.70
2012.02.03 05:54:40.107,1.90269,1.90331,2.25,1.84
2012.02.03 05:54:40.308,1.90269,1.90331,1.50,1.84
2012.02.03 05:54:40.472,1.90269,1.90328,1.50,1.09
2012.02.03 05:54:40.802,1.90256,1.9032,1.50,1.50
2012.02.03 05:54:41.506,1.90267,1.90324,1.50,1.20
2012.02.03 05:54:43.771,1.90267,1.90328,1.50,1.09
2012.02.03 05:54:45.104,1.90258,1.9032,1.50,1.50
2012.02.03 05:55:02.060,1.90258,1.9032,2.25,1.50
2012.02.03 05:55:15.522,1.90258,1.9032,1.50,1.50
2012.02.03 05:55:16.016,1.90248,1.9031,2.25,1.50
2012.02.03 05:55:16.329,1.90257,1.90321,1.50,2.70
2012.02.03 05:55:16.441,1.90255,1.90312,2.25,1.50
2012.02.03 05:55:23.472,1.90248,1.90312,2.25,1.50
2012.02.03 05:55:29.078,1.90248,1.90312,1.50,1.50
2012.02.03 05:55:29.627,1.90248,1.90312,2.25,1.50
2012.02.03 05:55:38.707,1.90248,1.90312,2.25,1.50
2012.02.03 05:56:08.238,1.90248,1.90311,2.25,1.20
2012.02.03 05:56:08.555,1.90238,1.90302,2.25,1.50
2012.02.03 05:56:09.405,1.90238,1.90302,2.25,1.50
2012.02.03 05:56:10.643,1.90238,1.90302,2.25,1.50
2012.02.03 05:56:12.718,1.90238,1.90302,2.25,1.50
2012.02.03 05:56:13.239,1.90238,1.90302,2.25,1.50
2012.02.03 05:56:21.834,1.90238,1.90302,1.50,1.50
2012.02.03 05:56:23.013,1.90238,1.90302,2.25,1.50
2012.02.03 05:56:23.537,1.90238,1.903,2.25,1.20
2012.02.03 05:56:25.847,1.90238,1.90302,2.25,1.50
2012.02.03 05:56:26.493,1.90238,1.90302,1.50,1.50
2012.02.03 05:56:27.603,1.90248,1.9031,2.25,1.50
2012.02.03 05:56:27.734,1.90248,1.9031,1.50,1.50
2012.02.03 05:56:30.872,1.90238,1.903,1.50,1.20
2012.02.03 05:56:31.190,1.90238,1.90302,2.25,1.50
2012.02.03 05:56:32.198,1.90238,1.90302,1.50,1.50
2012.02.03 05:56:32.347,1.90238,1.90302,2.25,1.50
2012.02.03 05:56:32.486,1.90238,1.90302,1.50,1.50
2012.02.03 05:56:33.094,1.90239,1.90302,1.20,1.50
2012.02.03 05:56:33.167,1.90238,1.90302,2.25,1.50
2012.02.03 05:56:33.241,1.90238,1.90302,1.50,1.50
2012.02.03 05:56:33.310,1.90238,1.90295,1.50,1.20
2012.02.03 05:56:33.617,1.90248,1.9031,2.25,1.50
2012.02.03 05:56:33.747,1.90258,1.9032,1.50,1.50
2012.02.03 05:56:33.936,1.90258,1.9032,2.25,1.50
2012.02.03 05:56:34.875,1.90258,1.9032,2.25,1.50
2012.02.03 05:56:35.780,1.90258,1.9032,1.50,1.50
2012.02.03 05:56:35.848,1.90258,1.90307,1.50,1.20
2012.02.03 05:56:36.101,1.90244,1.90306,2.25,2.70
2012.02.03 05:56:36.837,1.90244,1.90305,2.25,1.20
2012.02.03 05:56:37.406,1.90244,1.90306,2.25,1.50
2012.02.03 05:56:37.664,1.90244,1.90306,2.25,1.50
2012.02.03 05:56:39.223,1.90244,1.90306,2.25,1.50
2012.02.03 05:56:39.300,1.90244,1.90306,2.25,1.50
2012.02.03 05:56:39.800,1.90231,1.90295,2.25,1.50
2012.02.03 05:56:40.247,1.90231,1.90293,2.25,1.20
2012.02.03 05:56:41.293,1.90231,1.90292,2.25,1.20
2012.02.03 05:56:43.616,1.90231,1.90295,2.25,1.50
2012.02.03 05:56:46.009,1.90231,1.90295,2.25,1.50
2012.02.03 05:56:46.119,1.90231,1.90295,2.25,1.50
2012.02.03 05:56:46.324,1.90231,1.90295,2.25,1.50
2012.02.03 05:56:59.007,1.90241,1.90304,2.25,1.20
2012.02.03 05:57:03.076,1.90241,1.90304,2.25,1.20
2012.02.03 05:57:03.975,1.90241,1.90304,2.25,1.20
2012.02.03 05:57:04.524,1.90241,1.90305,2.25,2.70
2012.02.03 05:57:04.596,1.90241,1.90305,2.25,2.70
2012.02.03 05:57:05.284,1.90241,1.90304,2.25,1.20
2012.02.03 05:57:06.227,1.90241,1.90304,2.25,1.20
2012.02.03 05:57:09.234,1.90241,1.90305,2.25,1.50
2012.02.03 05:57:10.294,1.90241,1.90305,2.25,1.50
2012.02.03 05:57:42.836,1.90241,1.90305,1.50,2.25
2012.02.03 05:57:44.479,1.90241,1.90305,2.25,1.50
2012.02.03 05:57:46.142,1.90246,1.90305,1.09,1.50
2012.02.03 05:57:46.520,1.90248,1.90305,1.09,1.50
2012.02.03 05:57:47.197,1.90253,1.90317,2.25,1.50
2012.02.03 05:57:48.413,1.90253,1.90317,1.50,2.25
2012.02.03 05:57:51.099,1.90253,1.90317,2.25,1.50
2012.02.03 05:57:52.190,1.90253,1.90317,1.50,2.25
2012.02.03 05:57:54.883,1.90253,1.90317,2.25,1.50
2012.02.03 05:58:04.365,1.90253,1.90317,2.25,1.50
2012.02.03 05:58:06.307,1.90255,1.90317,1.50,1.50
2012.02.03 05:58:06.666,1.90284,1.90346,1.84,2.25
2012.02.03 05:58:06.824,1.90284,1.90344,1.50,1.09
2012.02.03 05:58:06.954,1.90281,1.90334,1.20,1.50
2012.02.03 05:58:07.154,1.90272,1.90334,2.25,1.50
2012.02.03 05:58:09.416,1.90272,1.90334,2.25,1.50
2012.02.03 05:58:12.183,1.90272,1.90334,1.50,1.50
2012.02.03 05:58:12.749,1.90272,1.90334,2.25,1.50
2012.02.03 05:58:32.662,1.90282,1.90344,2.25,1.50
2012.02.03 05:58:56.134,1.90282,1.90338,1.50,1.09
2012.02.03 05:58:56.267,1.90279,1.90338,1.50,1.09
2012.02.03 05:58:56.335,1.90269,1.90338,1.20,1.09
2012.02.03 05:58:56.407,1.90257,1.90334,1.09,1.95
2012.02.03 05:58:59.003,1.90268,1.90332,1.50,1.50
2012.02.03 05:59:02.837,1.90268,1.90332,1.50,2.25
2012.02.03 05:59:03.344,1.90268,1.90332,1.50,2.25
2012.02.03 05:59:03.704,1.90268,1.90332,1.50,2.25
2012.02.03 05:59:03.834,1.90268,1.90332,1.50,2.25
2012.02.03 05:59:04.354,1.90268,1.90327,1.50,1.95
2012.02.03 05:59:05.886,1.90265,1.90319,1.50,1.50
2012.02.03 05:59:05.959,1.90257,1.90319,1.50,1.50
2012.02.03 05:59:06.503,1.90257,1.90315,1.50,1.20
2012.02.03 05:59:07.410,1.90253,1.90315,1.50,1.20
2012.02.03 05:59:07.475,1.90235,1.90315,1.95,1.20
2012.02.03 05:59:30.717,1.90235,1.90315,1.95,1.20
2012.02.03 05:59:31.911,1.9024,1.90322,1.95,1.54
2012.02.03 05:59:38.917,1.9024,1.90316,1.95,1.09
2012.02.03 05:59:44.749,1.9024,1.90321,1.20,1.09
2012.02.03 05:59:44.856,1.9024,1.90321,1.95,1.09
2012.02.03 05:59:45.067,1.9024,1.90321,1.20,1.09
2012.02.03 05:59:46.081,1.90232,1.90311,1.09,1.20
2012.02.03 05:59:46.664,1.90236,1.9031,2.25,1.20
2012.02.03 05:59:49.497,1.90258,1.9032,1.50,2.25
2012.02.03 05:59:49.991,1.90254,1.90311,1.50,1.50
2012.02.03 05:59:50.056,1.90249,1.90311,1.50,1.50
2012.02.03 05:59:53.786,1.90258,1.9032,1.50,1.50
2012.02.03 05:59:58.836,1.90258,1.90316,1.50,1.20
