2010.10.12 04:00:04.443,2.1212,2.12225,1.00,2.00
2010.10.12 04:00:04.786,2.1212,2.1221,1.60,1.00
2010.10.12 04:00:05.140,2.1212,2.12225,1.60,1.20
2010.10.12 04:00:05.532,2.1212,2.12215,1.60,1.00
2010.10.12 04:00:05.816,2.1212,2.12225,1.60,1.20
2010.10.12 04:00:06.092,2.1212,2.12225,1.00,2.00
2010.10.12 04:00:08.908,2.1212,2.12225,1.60,1.20
2010.10.12 04:00:09.904,2.1212,2.12215,1.00,1.00
2010.10.12 04:00:11.218,2.12115,2.12205,1.60,1.00
2010.10.12 04:00:11.563,2.1211,2.12205,1.60,1.00
2010.10.12 04:00:11.702,2.1211,2.12205,1.00,1.00
2010.10.12 04:00:11.842,2.12105,2.12205,1.60,1.00
2010.10.12 04:00:15.869,2.1212,2.12205,1.00,1.00
2010.10.12 04:00:15.964,2.1212,2.12215,1.00,1.00
2010.10.12 04:00:16.951,2.12125,2.12215,1.00,1.00
2010.10.12 04:00:17.580,2.1212,2.12215,1.00,1.00
2010.10.12 04:00:17.857,2.1212,2.12215,2.50,1.00
2010.10.12 04:00:18.448,2.1215,2.12255,1.00,2.00
2010.10.12 04:00:27.552,2.1215,2.1223,1.00,1.00
2010.10.12 04:00:27.734,2.12135,2.1223,1.20,1.00
2010.10.12 04:00:27.914,2.12135,2.12225,1.20,1.00
2010.10.12 04:00:28.093,2.12135,2.12225,1.00,1.00
2010.10.12 04:00:28.612,2.12135,2.1223,1.20,1.00
2010.10.12 04:00:31.131,2.12135,2.1223,1.00,1.00
2010.10.12 04:00:31.454,2.12135,2.1223,1.00,1.00
2010.10.12 04:00:31.786,2.1215,2.12255,1.00,2.00
2010.10.12 04:00:34.816,2.12135,2.1223,1.00,1.00
2010.10.12 04:00:36.734,2.12135,2.1223,1.60,1.00
2010.10.12 04:00:38.207,2.12135,2.12225,1.60,1.00
2010.10.12 04:00:38.623,2.1212,2.12225,2.00,1.20
2010.10.12 04:00:39.463,2.1213,2.1223,1.00,1.00
2010.10.12 04:00:39.648,2.12135,2.1224,1.00,1.60
2010.10.12 04:00:39.997,2.1214,2.12245,1.60,1.00
2010.10.12 04:00:40.683,2.1215,2.1225,1.00,1.00
2010.10.12 04:00:41.025,2.1215,2.1225,1.00,1.00
2010.10.12 04:00:42.153,2.12145,2.1224,1.60,1.00
2010.10.12 04:00:42.423,2.12145,2.1224,1.00,1.00
2010.10.12 04:00:42.868,2.12145,2.12245,1.00,1.00
2010.10.12 04:00:45.302,2.1215,2.12245,1.00,1.00
2010.10.12 04:00:46.331,2.12145,2.12245,1.00,1.00
2010.10.12 04:00:47.912,2.1215,2.12245,1.00,1.00
2010.10.12 04:00:47.956,2.12145,2.12245,1.00,1.00
2010.10.12 04:00:48.005,2.12155,2.12245,1.00,1.00
2010.10.12 04:00:48.082,2.12155,2.12245,1.60,1.00
2010.10.12 04:00:48.174,2.12155,2.1225,1.60,1.00
2010.10.12 04:00:49.452,2.12155,2.1226,1.60,1.20
2010.10.12 04:00:49.723,2.1216,2.1226,1.60,1.00
2010.10.12 04:00:49.993,2.12155,2.12255,1.60,1.00
2010.10.12 04:00:51.313,2.12155,2.1225,1.60,1.00
2010.10.12 04:00:51.851,2.12155,2.1225,1.00,1.00
2010.10.12 04:00:51.902,2.1215,2.1225,1.00,1.00
2010.10.12 04:00:52.002,2.1215,2.12255,1.00,2.00
2010.10.12 04:00:52.384,2.1215,2.12245,1.00,1.00
2010.10.12 04:00:54.722,2.12135,2.1224,1.00,1.60
2010.10.12 04:00:55.171,2.12135,2.12225,1.00,1.00
2010.10.12 04:00:56.112,2.12125,2.12225,1.60,1.00
2010.10.12 04:00:56.528,2.12125,2.12215,1.60,1.00
2010.10.12 04:00:56.708,2.1213,2.12225,1.00,1.00
2010.10.12 04:00:57.094,2.12125,2.12225,1.60,1.00
2010.10.12 04:01:16.441,2.12125,2.12225,1.60,1.00
2010.10.12 04:01:16.552,2.12125,2.12205,1.60,1.00
2010.10.12 04:01:16.663,2.12125,2.12205,1.00,1.00
2010.10.12 04:01:16.992,2.12115,2.12205,1.00,1.00
2010.10.12 04:01:18.765,2.121,2.1219,1.00,1.00
2010.10.12 04:01:19.643,2.12105,2.1219,1.00,1.00
2010.10.12 04:01:20.892,2.1211,2.1219,1.00,1.00
2010.10.12 04:01:21.112,2.12115,2.122,1.00,1.00
2010.10.12 04:01:21.524,2.12115,2.12205,1.00,1.00
2010.10.12 04:01:21.757,2.12125,2.1221,1.00,1.00
2010.10.12 04:01:21.988,2.12125,2.12215,1.00,1.00
2010.10.12 04:01:22.218,2.1213,2.12215,1.00,1.00
2010.10.12 04:01:22.616,2.1213,2.12235,1.00,2.00
2010.10.12 04:01:22.970,2.1215,2.12245,1.00,1.00
2010.10.12 04:01:23.314,2.1215,2.12255,1.00,2.00
2010.10.12 04:01:24.784,2.1215,2.1225,1.00,1.00
2010.10.12 04:01:24.937,2.1215,2.12255,1.00,2.00
2010.10.12 04:01:25.042,2.1215,2.1223,1.00,1.00
2010.10.12 04:01:25.520,2.12135,2.1223,1.00,1.00
2010.10.12 04:01:25.623,2.12135,2.1223,1.00,1.20
2010.10.12 04:01:25.733,2.12125,2.12225,1.00,1.00
2010.10.12 04:01:26.072,2.1212,2.12225,1.00,1.20
2010.10.12 04:01:32.652,2.1212,2.12225,1.60,1.20
2010.10.12 04:01:32.952,2.1212,2.12225,1.00,1.20
2010.10.12 04:01:34.383,2.1212,2.12225,1.60,1.20
2010.10.12 04:01:34.547,2.1212,2.12225,1.00,1.20
2010.10.12 04:01:38.497,2.1212,2.1222,1.00,1.00
2010.10.12 04:01:38.611,2.12115,2.1222,1.60,1.20
2010.10.12 04:01:38.722,2.12115,2.1222,1.00,2.00
2010.10.12 04:01:39.302,2.12115,2.1222,1.00,1.60
2010.10.12 04:01:39.656,2.12135,2.1223,1.00,1.00
2010.10.12 04:01:40.053,2.1215,2.1223,1.00,1.00
2010.10.12 04:01:40.554,2.12155,2.1224,1.00,1.00
2010.10.12 04:01:40.743,2.12165,2.12255,1.00,1.00
2010.10.12 04:01:42.113,2.12155,2.12255,1.60,1.00
2010.10.12 04:01:42.833,2.12165,2.1226,1.00,1.00
2010.10.12 04:01:43.434,2.1218,2.12265,1.00,1.00
2010.10.12 04:01:45.352,2.1217,2.1225,1.00,1.00
2010.10.12 04:01:45.613,2.1216,2.1225,1.00,1.00
2010.10.12 04:01:47.414,2.12155,2.12255,1.60,1.00
2010.10.12 04:01:48.629,2.1217,2.12255,1.00,1.00
2010.10.12 04:01:48.934,2.1217,2.12265,1.00,1.00
2010.10.12 04:01:49.531,2.1218,2.12265,1.00,1.00
2010.10.12 04:01:56.119,2.12175,2.12265,1.00,1.00
2010.10.12 04:02:03.605,2.1218,2.12265,1.00,1.00
2010.10.12 04:02:08.378,2.12175,2.1226,1.00,1.00
2010.10.12 04:02:08.785,2.12165,2.1225,1.00,1.00
2010.10.12 04:02:08.962,2.12175,2.12255,1.00,1.00
2010.10.12 04:02:09.483,2.12165,2.1225,1.00,1.00
2010.10.12 04:02:22.171,2.1217,2.1225,1.00,1.00
2010.10.12 04:02:22.441,2.1217,2.12255,1.00,1.00
2010.10.12 04:02:22.796,2.12175,2.12265,1.00,1.00
2010.10.12 04:02:23.374,2.1218,2.12265,1.00,1.00
2010.10.12 04:02:23.644,2.12175,2.12265,1.00,1.00
2010.10.12 04:02:23.875,2.1218,2.12265,1.00,1.00
2010.10.12 04:02:24.102,2.1218,2.1227,1.00,1.00
2010.10.12 04:02:24.332,2.1218,2.1227,1.00,1.00
2010.10.12 04:02:24.562,2.1218,2.1227,1.00,1.00
2010.10.12 04:02:38.348,2.1218,2.1227,1.00,1.00
2010.10.12 04:02:38.472,2.1218,2.1227,1.00,1.00
2010.10.12 04:02:38.827,2.12175,2.12265,1.00,1.00
2010.10.12 04:02:38.853,2.12175,2.12255,1.00,1.00
2010.10.12 04:02:38.875,2.1217,2.12255,1.00,1.00
2010.10.12 04:02:38.893,2.12165,2.12255,1.00,1.00
2010.10.12 04:02:53.996,2.12175,2.12255,1.00,1.00
2010.10.12 04:02:54.199,2.12175,2.12265,1.00,1.00
2010.10.12 04:02:55.572,2.12175,2.12265,1.00,1.00
2010.10.12 04:02:56.671,2.1218,2.12265,1.00,1.00
2010.10.12 04:03:00.422,2.12185,2.12265,1.00,1.00
2010.10.12 04:03:00.582,2.12185,2.1227,1.00,1.00
2010.10.12 04:03:00.926,2.12185,2.1227,1.00,1.00
2010.10.12 04:03:01.004,2.1218,2.12265,1.00,1.00
2010.10.12 04:03:02.704,2.12185,2.12265,1.00,1.00
2010.10.12 04:03:02.771,2.12185,2.1227,1.00,1.00
2010.10.12 04:03:03.301,2.12195,2.12275,1.00,1.00
2010.10.12 04:03:03.763,2.12185,2.12275,1.00,1.00
2010.10.12 04:03:03.992,2.12185,2.12275,1.60,1.00
2010.10.12 04:03:04.222,2.12185,2.12275,1.00,1.00
2010.10.12 04:03:04.451,2.12185,2.12275,1.60,1.00
2010.10.12 04:03:05.948,2.12185,2.12275,1.60,1.00
2010.10.12 04:03:07.275,2.12185,2.12275,1.00,1.00
2010.10.12 04:03:07.682,2.12185,2.12275,1.60,1.00
2010.10.12 04:03:09.101,2.12185,2.12275,1.00,1.00
2010.10.12 04:03:16.824,2.12185,2.12265,1.00,1.00
2010.10.12 04:03:16.940,2.1218,2.12265,1.00,1.00
2010.10.12 04:03:17.052,2.1217,2.12265,1.00,1.00
2010.10.12 04:03:17.622,2.12175,2.12265,1.00,1.00
2010.10.12 04:03:18.231,2.1217,2.12265,1.60,1.00
2010.10.12 04:03:18.519,2.1216,2.1224,1.00,1.00
2010.10.12 04:03:19.643,2.1214,2.1224,1.60,1.00
2010.10.12 04:03:20.563,2.12145,2.1225,1.00,2.10
2010.10.12 04:03:20.674,2.12145,2.1225,1.60,1.30
2010.10.12 04:03:20.783,2.12145,2.1224,1.00,1.00
2010.10.12 04:03:21.196,2.1214,2.1224,1.60,1.00
2010.10.12 04:03:21.314,2.12145,2.1225,1.00,2.10
2010.10.12 04:03:21.654,2.1215,2.1225,1.00,1.00
2010.10.12 04:03:22.615,2.1214,2.1224,1.60,1.00
2010.10.12 04:03:23.442,2.1214,2.1224,1.60,1.00
2010.10.12 04:03:26.482,2.1215,2.12245,1.00,1.00
2010.10.12 04:03:26.632,2.12155,2.1225,1.60,1.00
2010.10.12 04:03:26.783,2.12155,2.1225,1.60,1.00
2010.10.12 04:03:26.933,2.1214,2.1224,1.60,1.00
2010.10.12 04:03:28.133,2.1214,2.1224,1.60,1.00
2010.10.12 04:03:34.901,2.1214,2.1223,1.60,1.00
2010.10.12 04:03:35.102,2.1214,2.1222,1.60,1.00
2010.10.12 04:03:35.204,2.12135,2.1222,1.00,1.00
2010.10.12 04:03:35.402,2.1214,2.1222,1.60,1.00
2010.10.12 04:03:35.795,2.1214,2.1224,1.60,1.00
2010.10.12 04:03:36.136,2.1214,2.1224,1.60,1.00
2010.10.12 04:03:38.279,2.1214,2.1224,1.60,1.00
2010.10.12 04:03:42.252,2.12145,2.1224,1.00,1.00
2010.10.12 04:03:42.491,2.1214,2.1224,1.60,1.00
2010.10.12 04:03:50.912,2.1214,2.1224,1.60,1.00
2010.10.12 04:03:52.203,2.1214,2.1224,1.60,1.00
2010.10.12 04:03:56.853,2.1214,2.12235,1.60,1.00
2010.10.12 04:03:57.022,2.1214,2.1223,1.00,1.00
2010.10.12 04:03:57.414,2.1213,2.1223,1.00,1.00
2010.10.12 04:03:57.587,2.1213,2.1223,1.00,1.00
2010.10.12 04:03:58.613,2.1217,2.1225,1.00,1.10
2010.10.12 04:03:59.167,2.12165,2.12255,1.00,1.20
2010.10.12 04:03:59.317,2.1215,2.1223,1.00,1.00
2010.10.12 04:03:59.603,2.12135,2.1223,1.00,1.00
2010.10.12 04:04:01.202,2.12135,2.1223,1.00,1.00
2010.10.12 04:04:07.849,2.12135,2.1223,1.00,1.00
2010.10.12 04:04:08.002,2.1215,2.1224,1.00,2.00
2010.10.12 04:04:08.092,2.1215,2.1224,1.00,1.20
2010.10.12 04:04:08.183,2.1215,2.1224,1.00,1.00
2010.10.12 04:04:10.796,2.1215,2.1224,1.00,1.00
2010.10.12 04:04:12.523,2.12165,2.1226,1.00,1.00
2010.10.12 04:04:13.403,2.12165,2.1226,1.00,1.00
2010.10.12 04:04:13.533,2.12165,2.1226,1.00,1.00
2010.10.12 04:04:13.792,2.12165,2.1226,1.00,1.00
2010.10.12 04:04:14.157,2.12165,2.1226,1.00,1.00
2010.10.12 04:04:14.297,2.1216,2.1226,1.60,1.00
2010.10.12 04:04:15.455,2.12165,2.1226,1.00,1.00
2010.10.12 04:04:15.562,2.1216,2.1226,1.60,1.00
2010.10.12 04:04:16.326,2.1216,2.1225,1.60,1.00
2010.10.12 04:04:16.384,2.1216,2.1225,1.00,1.00
2010.10.12 04:04:16.443,2.1216,2.1226,1.00,1.00
2010.10.12 04:04:16.783,2.1216,2.12255,1.00,1.00
2010.10.12 04:04:17.123,2.12155,2.12255,1.60,1.00
2010.10.12 04:04:17.469,2.12155,2.12255,1.60,1.00
2010.10.12 04:04:18.432,2.12155,2.1225,1.60,1.00
2010.10.12 04:04:23.141,2.1216,2.1225,1.00,1.00
2010.10.12 04:04:23.172,2.1216,2.12255,1.00,1.00
2010.10.12 04:04:24.565,2.1216,2.1226,1.60,1.00
2010.10.12 04:04:24.673,2.1216,2.1226,1.60,1.00
2010.10.12 04:04:24.882,2.1216,2.12265,2.00,1.20
2010.10.12 04:04:24.993,2.1217,2.12265,1.00,1.00
2010.10.12 04:04:25.102,2.12165,2.1226,1.60,1.00
2010.10.12 04:04:25.212,2.12165,2.1226,1.00,1.00
2010.10.12 04:04:26.292,2.12165,2.1226,1.00,1.00
2010.10.12 04:04:26.582,2.1216,2.1224,1.00,1.00
2010.10.12 04:04:26.733,2.12165,2.1224,1.00,1.00
2010.10.12 04:04:27.372,2.12165,2.1226,1.00,1.00
2010.10.12 04:04:28.052,2.12165,2.1226,1.00,1.00
2010.10.12 04:04:29.872,2.12165,2.1226,1.00,1.00
2010.10.12 04:04:30.001,2.12165,2.1225,1.00,1.00
2010.10.12 04:04:30.126,2.1215,2.1224,1.00,1.00
2010.10.12 04:04:30.913,2.1215,2.1224,1.00,1.00
2010.10.12 04:04:31.222,2.1215,2.1224,1.00,1.00
2010.10.12 04:04:31.534,2.12165,2.1226,1.00,1.00
2010.10.12 04:04:31.846,2.12155,2.1225,1.00,1.00
2010.10.12 04:04:32.415,2.1215,2.1224,1.00,1.00
2010.10.12 04:04:33.231,2.1215,2.1224,1.00,1.00
2010.10.12 04:04:33.892,2.1215,2.1224,1.00,1.00
2010.10.12 04:04:34.207,2.1215,2.1224,1.00,1.00
2010.10.12 04:04:36.073,2.1215,2.1224,1.00,1.00
2010.10.12 04:04:36.145,2.1216,2.1224,1.00,1.00
2010.10.12 04:04:36.213,2.1216,2.1225,1.00,1.00
2010.10.12 04:04:36.901,2.12165,2.1226,1.00,1.00
2010.10.12 04:04:53.344,2.12165,2.1226,2.40,1.00
2010.10.12 04:04:53.420,2.1218,2.1226,1.00,1.00
2010.10.12 04:04:53.566,2.1218,2.1227,1.00,1.00
2010.10.12 04:04:54.099,2.12175,2.12255,1.00,1.00
2010.10.12 04:04:54.445,2.12155,2.12255,1.60,1.00
2010.10.12 04:04:55.376,2.12165,2.1226,1.00,1.00
2010.10.12 04:04:55.712,2.1216,2.1226,1.60,1.00
2010.10.12 04:04:56.392,2.12165,2.1226,1.00,1.00
2010.10.12 04:04:56.937,2.1216,2.1226,1.60,1.00
2010.10.12 04:04:57.194,2.12155,2.12255,1.60,1.00
2010.10.12 04:04:57.472,2.1216,2.1226,1.60,1.00
2010.10.12 04:04:58.705,2.1216,2.1226,1.60,1.00
2010.10.12 04:04:59.023,2.1216,2.1226,1.60,1.00
2010.10.12 04:05:00.484,2.12165,2.1226,1.00,1.00
2010.10.12 04:05:00.811,2.1216,2.1226,1.60,1.00
2010.10.12 04:05:04.533,2.12175,2.12265,1.00,1.00
2010.10.12 04:05:04.753,2.12175,2.1227,2.00,1.00
2010.10.12 04:05:06.082,2.12175,2.1227,2.00,1.00
2010.10.12 04:05:07.015,2.1218,2.1227,1.00,1.00
2010.10.12 04:05:07.532,2.12175,2.1227,2.00,1.00
2010.10.12 04:05:07.914,2.12175,2.1227,1.00,1.00
2010.10.12 04:05:07.998,2.12165,2.12255,1.00,1.00
2010.10.12 04:05:12.673,2.1217,2.12255,1.00,1.00
2010.10.12 04:05:13.040,2.1217,2.12255,1.00,1.00
2010.10.12 04:05:13.119,2.12175,2.12265,1.00,1.00
2010.10.12 04:05:13.192,2.12175,2.12265,2.00,1.00
2010.10.12 04:05:13.274,2.12175,2.1227,2.00,1.00
2010.10.12 04:05:13.575,2.1218,2.1227,1.00,1.00
2010.10.12 04:05:14.529,2.1218,2.1227,1.00,1.00
2010.10.12 04:05:16.329,2.1218,2.1227,1.00,1.00
2010.10.12 04:05:20.119,2.1218,2.1227,1.00,1.00
2010.10.12 04:05:26.854,2.1218,2.1227,1.00,1.00
2010.10.12 04:05:27.583,2.1218,2.1227,1.00,1.00
2010.10.12 04:05:30.343,2.1218,2.1227,1.00,1.00
2010.10.12 04:05:38.123,2.12185,2.1227,1.00,1.00
2010.10.12 04:05:38.451,2.12185,2.12275,1.00,1.00
2010.10.12 04:05:38.892,2.12185,2.12275,1.60,1.00
2010.10.12 04:05:43.127,2.12185,2.12275,1.00,1.00
2010.10.12 04:05:46.107,2.1218,2.1227,1.60,1.00
2010.10.12 04:05:46.732,2.12185,2.12275,1.60,1.00
2010.10.12 04:05:47.043,2.12185,2.12275,1.00,1.00
2010.10.12 04:05:47.357,2.1219,2.12285,1.00,1.00
2010.10.12 04:05:48.172,2.1219,2.12285,1.00,1.00
2010.10.12 04:05:49.539,2.12195,2.12285,1.00,1.00
2010.10.12 04:05:51.158,2.12185,2.12275,1.00,1.00
2010.10.12 04:05:51.328,2.1219,2.12275,1.00,1.00
2010.10.12 04:05:52.717,2.122,2.12275,1.00,1.00
2010.10.12 04:05:52.844,2.12195,2.12275,1.00,1.00
2010.10.12 04:05:54.957,2.12205,2.1229,1.00,1.00
2010.10.12 04:05:55.381,2.1221,2.1229,1.00,1.00
2010.10.12 04:06:01.808,2.12215,2.1229,1.00,1.00
2010.10.12 04:06:14.882,2.12215,2.1229,1.00,1.00
2010.10.12 04:06:14.946,2.122,2.1228,1.00,1.00
2010.10.12 04:06:15.002,2.122,2.1228,1.00,1.00
2010.10.12 04:06:15.112,2.122,2.12275,1.00,1.00
2010.10.12 04:06:15.172,2.12195,2.12275,1.00,1.00
2010.10.12 04:06:15.232,2.12195,2.12275,1.00,1.00
2010.10.12 04:06:24.782,2.12205,2.1229,1.00,1.70
2010.10.12 04:06:24.923,2.12215,2.1229,1.00,1.00
2010.10.12 04:06:25.424,2.12205,2.1229,1.00,1.00
2010.10.12 04:06:25.842,2.12215,2.1229,1.00,1.00
2010.10.12 04:06:25.992,2.1221,2.1229,1.00,1.00
2010.10.12 04:06:26.282,2.1221,2.1229,1.00,1.00
2010.10.12 04:06:27.276,2.12205,2.1229,1.00,1.00
2010.10.12 04:06:31.173,2.12215,2.1229,1.00,1.00
2010.10.12 04:06:31.236,2.12215,2.1229,1.00,1.00
2010.10.12 04:06:31.414,2.12215,2.1231,1.00,1.00
2010.10.12 04:06:31.477,2.12215,2.12305,1.00,1.00
2010.10.12 04:06:31.856,2.12215,2.12305,1.00,1.00
2010.10.12 04:06:31.972,2.12215,2.12305,1.00,1.00
2010.10.12 04:06:32.091,2.12215,2.12305,1.00,1.00
2010.10.12 04:06:32.433,2.12215,2.12305,1.00,1.00
2010.10.12 04:06:32.773,2.12215,2.12305,1.00,1.00
2010.10.12 04:06:33.115,2.12215,2.12305,1.00,1.00
2010.10.12 04:06:33.777,2.12205,2.12295,1.00,1.00
2010.10.12 04:06:34.111,2.12205,2.12295,1.00,1.00
2010.10.12 04:06:34.394,2.12205,2.1229,1.00,1.00
2010.10.12 04:06:34.672,2.12205,2.12295,1.00,1.00
2010.10.12 04:06:48.281,2.12205,2.12295,1.00,1.00
2010.10.12 04:06:48.381,2.12205,2.12295,1.00,1.00
2010.10.12 04:06:58.432,2.12205,2.1229,1.00,1.00
2010.10.12 04:06:58.532,2.12205,2.12285,1.00,1.00
2010.10.12 04:06:58.632,2.12195,2.12285,1.00,1.00
2010.10.12 04:06:59.517,2.12195,2.12285,1.00,1.00
2010.10.12 04:06:59.727,2.12195,2.1228,1.00,1.00
2010.10.12 04:06:59.935,2.12195,2.1229,1.00,1.00
2010.10.12 04:07:00.144,2.12195,2.1229,1.00,1.00
2010.10.12 04:07:00.353,2.1219,2.12285,1.00,1.00
2010.10.12 04:07:03.534,2.12195,2.12285,1.00,1.00
2010.10.12 04:07:08.989,2.1221,2.1229,1.00,1.00
2010.10.12 04:07:09.325,2.1221,2.12295,1.00,1.00
2010.10.12 04:07:13.161,2.12205,2.12295,1.00,1.00
2010.10.12 04:07:13.302,2.12205,2.1229,1.00,1.00
2010.10.12 04:07:13.613,2.12205,2.1229,1.00,1.00
2010.10.12 04:07:14.278,2.122,2.12285,1.00,1.00
2010.10.12 04:07:14.867,2.12195,2.12285,1.00,1.00
2010.10.12 04:07:30.970,2.122,2.12295,1.20,1.00
2010.10.12 04:07:31.014,2.12205,2.12295,1.00,1.00
2010.10.12 04:07:31.641,2.12205,2.12295,1.00,1.00
2010.10.12 04:07:33.622,2.12205,2.12295,1.60,1.00
2010.10.12 04:07:33.995,2.12205,2.12295,1.00,1.00
2010.10.12 04:07:34.925,2.12205,2.12285,1.00,1.00
2010.10.12 04:07:35.263,2.12195,2.12285,1.00,1.00
2010.10.12 04:07:56.344,2.122,2.12285,1.00,1.00
2010.10.12 04:08:13.530,2.1219,2.1228,1.60,1.00
2010.10.12 04:08:13.741,2.1218,2.1227,1.00,1.00
2010.10.12 04:08:14.343,2.1218,2.1227,1.00,1.00
2010.10.12 04:08:15.064,2.1218,2.1227,1.00,1.00
2010.10.12 04:08:15.263,2.12195,2.1228,1.00,1.00
2010.10.12 04:08:15.930,2.122,2.1229,1.00,1.00
2010.10.12 04:08:16.162,2.12215,2.1229,1.00,1.00
2010.10.12 04:08:16.213,2.12215,2.1229,1.00,1.00
2010.10.12 04:08:16.556,2.12215,2.123,1.00,1.00
2010.10.12 04:08:17.235,2.1221,2.1229,1.00,1.00
2010.10.12 04:08:17.382,2.12215,2.1229,1.00,1.00
2010.10.12 04:08:17.975,2.12215,2.123,1.00,1.00
2010.10.12 04:08:18.468,2.1221,2.123,1.00,1.00
2010.10.12 04:08:18.804,2.1221,2.1231,1.00,1.00
2010.10.12 04:08:20.125,2.1221,2.123,1.00,1.00
2010.10.12 04:08:23.276,2.1221,2.123,1.00,1.00
2010.10.12 04:08:25.746,2.1221,2.1231,1.00,1.00
2010.10.12 04:08:25.912,2.1221,2.123,1.00,1.00
2010.10.12 04:08:43.463,2.12195,2.1229,1.60,1.00
2010.10.12 04:08:52.414,2.1219,2.12285,1.00,1.00
2010.10.12 04:08:52.792,2.12185,2.12285,2.00,1.00
2010.10.12 04:08:52.982,2.1219,2.12285,1.00,1.00
2010.10.12 04:08:53.846,2.12205,2.12285,1.00,1.00
2010.10.12 04:08:54.153,2.12205,2.12295,1.00,1.20
2010.10.12 04:08:54.312,2.12205,2.12295,1.00,1.00
2010.10.12 04:08:55.474,2.12205,2.12285,1.00,1.00
2010.10.12 04:08:55.685,2.1219,2.12285,1.00,1.00
2010.10.12 04:08:55.896,2.12205,2.12295,1.00,1.20
2010.10.12 04:08:56.102,2.12205,2.12295,1.00,1.00
2010.10.12 04:08:57.017,2.12205,2.12295,1.00,1.00
2010.10.12 04:08:58.116,2.12205,2.12295,1.00,1.00
2010.10.12 04:09:09.031,2.12205,2.12295,1.00,1.00
2010.10.12 04:09:17.234,2.12205,2.12295,1.00,1.00
2010.10.12 04:09:17.372,2.122,2.12295,1.20,1.00
2010.10.12 04:09:17.502,2.12195,2.1229,1.60,1.00
2010.10.12 04:09:17.643,2.12205,2.1229,1.00,1.00
2010.10.12 04:09:18.324,2.12205,2.1229,1.00,1.00
2010.10.12 04:09:39.184,2.12205,2.1229,1.00,1.00
2010.10.12 04:09:39.318,2.1222,2.1229,1.00,1.00
2010.10.12 04:09:39.424,2.1222,2.123,1.00,1.00
2010.10.12 04:09:39.763,2.1222,2.12305,1.00,1.00
2010.10.12 04:09:40.396,2.1221,2.12305,1.00,1.00
2010.10.12 04:09:43.848,2.1221,2.123,1.00,1.00
2010.10.12 04:09:44.065,2.1221,2.123,1.00,1.00
2010.10.12 04:09:44.286,2.12205,2.12295,1.00,1.00
2010.10.12 04:09:44.504,2.12205,2.12295,1.60,1.00
2010.10.12 04:09:45.622,2.12205,2.12295,1.00,1.00
2010.10.12 04:09:46.088,2.12205,2.12295,1.00,1.00
2010.10.12 04:09:49.693,2.12205,2.1229,1.00,1.00
2010.10.12 04:09:50.533,2.12205,2.12295,1.00,1.00
2010.10.12 04:10:00.675,2.1225,2.12295,1.00,1.00
2010.10.12 04:10:01.365,2.12245,2.12295,1.00,1.00
2010.10.12 04:10:01.693,2.12205,2.12295,1.00,1.00
2010.10.12 04:10:14.503,2.1222,2.12295,1.00,1.00
2010.10.12 04:10:14.643,2.12215,2.12305,1.00,1.00
2010.10.12 04:10:15.190,2.12205,2.12295,1.00,1.00
2010.10.12 04:10:18.882,2.1222,2.12295,1.00,1.00
2010.10.12 04:10:19.523,2.1222,2.1231,1.00,1.20
2010.10.12 04:10:19.812,2.1222,2.1231,1.00,1.00
2010.10.12 04:10:19.953,2.12225,2.1231,1.00,1.00
2010.10.12 04:10:20.264,2.12225,2.1231,1.00,1.00
2010.10.12 04:10:36.066,2.12225,2.1231,1.00,1.00
2010.10.12 04:10:41.555,2.12225,2.12315,1.00,1.00
2010.10.12 04:10:42.217,2.12225,2.1231,1.00,1.00
2010.10.12 04:10:42.513,2.12225,2.123,1.00,1.00
2010.10.12 04:10:42.854,2.1223,2.1231,1.00,1.00
2010.10.12 04:10:43.693,2.12225,2.1231,1.00,1.00
2010.10.12 04:10:44.103,2.12235,2.1231,1.00,1.00
2010.10.12 04:10:44.514,2.12225,2.1231,1.00,1.00
2010.10.12 04:10:44.724,2.12225,2.1231,1.00,1.00
2010.10.12 04:10:46.025,2.12225,2.1231,1.00,1.00
2010.10.12 04:10:47.625,2.1222,2.12295,1.00,1.00
2010.10.12 04:10:47.969,2.12195,2.12255,1.00,1.00
2010.10.12 04:10:48.147,2.1217,2.1225,2.40,1.00
2010.10.12 04:10:48.542,2.12165,2.1225,1.00,1.20
2010.10.12 04:10:48.720,2.12195,2.1223,1.00,1.20
2010.10.12 04:10:48.898,2.12195,2.12235,1.00,1.00
2010.10.12 04:10:49.074,2.1216,2.12235,1.00,1.00
2010.10.12 04:10:49.709,2.12165,2.12245,1.00,1.00
2010.10.12 04:10:49.753,2.12165,2.1225,1.00,1.20
2010.10.12 04:10:50.375,2.1217,2.1225,1.00,1.20
2010.10.12 04:10:50.655,2.1217,2.1225,1.00,1.00
2010.10.12 04:10:51.589,2.12175,2.1225,1.00,1.00
2010.10.12 04:10:51.803,2.12175,2.12255,1.00,1.00
2010.10.12 04:10:52.895,2.1217,2.12255,1.00,1.00
2010.10.12 04:10:53.924,2.12175,2.1226,1.00,1.00
2010.10.12 04:10:54.249,2.12175,2.1227,1.00,1.00
2010.10.12 04:10:54.456,2.12175,2.1226,1.00,1.00
2010.10.12 04:10:54.664,2.1218,2.1227,1.00,1.00
2010.10.12 04:10:54.875,2.1218,2.1226,1.00,1.00
2010.10.12 04:10:55.976,2.1217,2.1226,1.00,1.00
2010.10.12 04:10:56.194,2.12165,2.1225,1.00,1.00
2010.10.12 04:10:56.738,2.12165,2.12255,1.00,1.00
2010.10.12 04:10:59.125,2.12165,2.12255,1.00,1.00
2010.10.12 04:11:00.055,2.1221,2.1227,1.00,1.00
2010.10.12 04:11:00.222,2.122,2.1229,1.00,1.60
2010.10.12 04:11:00.568,2.12185,2.12275,1.00,1.20
2010.10.12 04:11:01.175,2.12185,2.12275,1.60,1.00
2010.10.12 04:11:01.517,2.122,2.12285,1.00,1.00
2010.10.12 04:11:02.509,2.12195,2.12285,1.00,1.00
2010.10.12 04:11:05.504,2.12195,2.12255,1.00,1.00
2010.10.12 04:11:05.665,2.12175,2.12255,1.00,1.00
2010.10.12 04:11:05.776,2.12195,2.12255,1.00,1.00
2010.10.12 04:11:05.881,2.12195,2.1227,1.00,1.00
2010.10.12 04:11:05.902,2.12195,2.12275,1.00,1.00
2010.10.12 04:11:05.977,2.12185,2.12275,1.60,1.00
2010.10.12 04:11:06.297,2.12185,2.12275,1.00,1.00
2010.10.12 04:11:06.330,2.12195,2.12275,1.00,1.00
2010.10.12 04:11:06.767,2.12185,2.1227,1.00,1.00
2010.10.12 04:11:07.103,2.12185,2.1227,1.00,1.00
2010.10.12 04:11:08.848,2.12185,2.1227,1.00,1.00
2010.10.12 04:11:09.622,2.1218,2.1227,1.00,1.00
2010.10.12 04:11:09.933,2.1219,2.12275,1.00,1.00
2010.10.12 04:11:10.645,2.12185,2.12275,1.60,1.00
2010.10.12 04:11:11.562,2.12185,2.12275,1.60,1.00
2010.10.12 04:11:12.229,2.12185,2.1228,1.60,1.00
2010.10.12 04:11:22.463,2.1219,2.1228,1.00,1.00
2010.10.12 04:11:24.425,2.1219,2.12265,1.00,1.00
2010.10.12 04:11:24.693,2.1218,2.12265,1.00,1.00
2010.10.12 04:11:24.853,2.12175,2.12265,1.60,1.00
2010.10.12 04:11:26.123,2.12175,2.12265,1.00,1.00
2010.10.12 04:11:26.369,2.12165,2.1226,1.00,1.00
2010.10.12 04:11:27.003,2.12165,2.12245,1.00,1.00
2010.10.12 04:11:27.174,2.12155,2.12245,1.00,1.00
2010.10.12 04:11:28.765,2.12155,2.12245,1.00,1.00
2010.10.12 04:11:28.895,2.12155,2.12245,1.00,1.00
2010.10.12 04:11:53.298,2.12155,2.1224,1.00,1.00
2010.10.12 04:12:14.054,2.12155,2.12245,1.00,1.00
2010.10.12 04:12:14.539,2.1216,2.1225,1.00,1.00
2010.10.12 04:12:14.824,2.12155,2.1224,1.00,1.00
2010.10.12 04:12:15.104,2.1216,2.1225,1.00,1.00
2010.10.12 04:12:15.387,2.12155,2.1225,1.00,1.00
2010.10.12 04:12:15.713,2.1216,2.1225,1.00,1.00
2010.10.12 04:12:16.026,2.12155,2.1224,1.00,1.00
2010.10.12 04:12:16.335,2.1215,2.1224,1.00,1.00
2010.10.12 04:12:16.645,2.1216,2.1225,1.00,1.00
2010.10.12 04:12:16.955,2.1215,2.1224,1.00,1.00
2010.10.12 04:12:21.434,2.12155,2.1224,1.00,1.00
2010.10.12 04:12:22.173,2.1216,2.1224,1.00,1.00
2010.10.12 04:12:22.393,2.1216,2.1224,1.00,1.00
2010.10.12 04:12:22.734,2.1216,2.1225,1.00,1.00
2010.10.12 04:12:24.645,2.1216,2.1225,1.00,1.00
2010.10.12 04:12:30.673,2.12155,2.1225,1.60,1.00
2010.10.12 04:12:30.936,2.1215,2.1225,1.20,1.00
2010.10.12 04:12:31.513,2.12155,2.1225,1.60,1.00
2010.10.12 04:12:31.769,2.1215,2.1224,1.00,1.00
2010.10.12 04:12:35.052,2.12155,2.1224,1.00,1.00
2010.10.12 04:12:35.674,2.1216,2.1224,1.00,1.00
2010.10.12 04:12:35.914,2.1216,2.1226,1.00,1.60
2010.10.12 04:12:36.003,2.1216,2.1226,1.00,1.00
2010.10.12 04:12:41.761,2.1216,2.12255,1.00,1.00
2010.10.12 04:12:50.324,2.1216,2.1225,1.00,1.00
2010.10.12 04:12:50.385,2.1216,2.12255,1.00,1.00
2010.10.12 04:13:07.225,2.12155,2.1224,1.00,1.00
2010.10.12 04:13:07.475,2.1216,2.1225,1.00,1.00
2010.10.12 04:13:07.725,2.1215,2.1224,1.00,1.00
2010.10.12 04:13:11.374,2.12155,2.1224,1.00,1.00
2010.10.12 04:13:15.100,2.12165,2.1224,1.00,1.00
2010.10.12 04:13:15.319,2.12165,2.12255,1.00,1.00
2010.10.12 04:13:15.537,2.1218,2.12265,1.00,1.00
2010.10.12 04:13:16.189,2.1218,2.12265,1.00,1.00
2010.10.12 04:13:16.536,2.12175,2.1227,2.00,1.00
2010.10.12 04:13:16.694,2.1218,2.1227,1.00,1.00
2010.10.12 04:13:17.154,2.1218,2.1227,1.00,1.00
2010.10.12 04:13:32.164,2.12195,2.1227,1.00,1.00
2010.10.12 04:13:32.766,2.12195,2.12285,1.00,1.00
2010.10.12 04:13:42.243,2.122,2.12285,1.00,1.00
2010.10.12 04:13:44.520,2.12215,2.12285,1.00,1.00
2010.10.12 04:13:44.568,2.12215,2.123,1.00,1.00
2010.10.12 04:13:45.234,2.12215,2.123,1.00,1.00
2010.10.12 04:13:46.266,2.1221,2.12285,1.00,1.00
2010.10.12 04:13:46.617,2.1222,2.12285,1.00,1.00
2010.10.12 04:13:46.694,2.1222,2.12295,1.00,1.00
2010.10.12 04:13:47.183,2.12215,2.123,1.00,1.00
2010.10.12 04:13:54.109,2.1221,2.123,1.00,1.00
2010.10.12 04:14:00.223,2.1221,2.12285,1.00,1.00
2010.10.12 04:14:00.374,2.12205,2.12285,1.00,1.00
2010.10.12 04:14:00.424,2.12205,2.12285,1.00,1.00
2010.10.12 04:14:00.872,2.12205,2.12285,1.00,1.00
2010.10.12 04:14:00.927,2.12205,2.12285,1.00,1.00
2010.10.12 04:14:01.133,2.12195,2.12285,1.00,1.00
2010.10.12 04:14:01.283,2.12195,2.12285,1.60,1.00
2010.10.12 04:14:01.604,2.12195,2.12285,1.00,1.00
2010.10.12 04:14:03.077,2.1219,2.1228,1.00,1.00
2010.10.12 04:14:05.214,2.1219,2.1228,1.00,1.00
2010.10.12 04:14:12.503,2.12195,2.1228,1.00,1.00
2010.10.12 04:14:14.066,2.12205,2.1228,1.00,1.00
2010.10.12 04:14:14.104,2.12205,2.1228,1.00,1.00
2010.10.12 04:14:14.398,2.1221,2.12285,1.00,1.00
2010.10.12 04:14:14.978,2.1221,2.123,1.00,1.20
2010.10.12 04:14:15.156,2.1221,2.123,1.00,1.00
2010.10.12 04:14:17.380,2.1221,2.123,1.00,1.00
2010.10.12 04:14:32.557,2.1221,2.1229,1.00,1.00
2010.10.12 04:14:32.877,2.12195,2.12285,1.00,1.00
2010.10.12 04:14:40.243,2.1221,2.12285,1.00,1.00
2010.10.12 04:14:40.344,2.1221,2.123,1.00,2.00
2010.10.12 04:14:40.443,2.1221,2.123,1.00,1.00
2010.10.12 04:14:40.954,2.1221,2.123,1.00,1.00
2010.10.12 04:14:41.688,2.1221,2.123,1.00,1.00
2010.10.12 04:14:42.225,2.1221,2.123,1.00,1.00
2010.10.12 04:15:13.424,2.1221,2.12295,1.00,1.00
2010.10.12 04:15:13.955,2.122,2.12285,1.00,1.00
2010.10.12 04:15:14.115,2.12195,2.12285,1.00,1.00
2010.10.12 04:15:16.285,2.12195,2.12285,1.00,1.00
2010.10.12 04:15:16.504,2.12195,2.1228,1.00,1.00
2010.10.12 04:15:17.281,2.12195,2.1228,1.00,1.00
2010.10.12 04:15:18.334,2.12195,2.1228,1.00,1.00
2010.10.12 04:15:18.975,2.1219,2.1227,1.00,1.00
2010.10.12 04:15:19.296,2.1219,2.1227,1.00,1.00
2010.10.12 04:15:19.833,2.12185,2.1227,1.00,1.00
2010.10.12 04:15:20.181,2.1221,2.12295,1.00,1.00
2010.10.12 04:15:24.276,2.12225,2.12295,1.00,1.00
2010.10.12 04:15:24.556,2.12215,2.12295,1.00,1.00
2010.10.12 04:15:24.903,2.1223,2.12325,1.00,1.00
2010.10.12 04:15:25.246,2.1224,2.1233,1.00,1.00
2010.10.12 04:15:26.246,2.1224,2.1233,1.00,1.00
2010.10.12 04:15:26.576,2.1225,2.1233,1.00,1.00
2010.10.12 04:15:26.917,2.1228,2.1237,1.00,1.00
2010.10.12 04:15:27.618,2.1228,2.1237,1.00,1.00
2010.10.12 04:15:27.885,2.1228,2.12365,1.00,1.00
2010.10.12 04:15:28.156,2.12265,2.12355,1.00,1.00
2010.10.12 04:15:30.838,2.12265,2.1235,1.00,1.00
2010.10.12 04:15:31.366,2.12255,2.1234,1.00,1.00
2010.10.12 04:15:36.368,2.1225,2.1234,1.00,1.00
2010.10.12 04:15:36.949,2.1225,2.12335,1.00,1.00
2010.10.12 04:15:37.146,2.12245,2.1233,1.60,1.00
2010.10.12 04:15:37.316,2.12245,2.1233,1.00,1.00
2010.10.12 04:15:38.250,2.12245,2.1233,1.00,1.00
2010.10.12 04:15:41.350,2.1224,2.1233,1.00,1.00
2010.10.12 04:15:52.749,2.12245,2.12335,1.00,1.00
2010.10.12 04:15:53.402,2.1224,2.1233,1.60,1.00
2010.10.12 04:15:53.646,2.1224,2.1233,1.00,1.00
2010.10.12 04:15:54.125,2.1224,2.1233,1.00,1.00
2010.10.12 04:15:56.974,2.1224,2.1233,1.00,1.00
2010.10.12 04:15:57.494,2.1224,2.1233,1.00,1.00
2010.10.12 04:15:58.667,2.1225,2.12335,1.00,1.00
2010.10.12 04:15:58.976,2.1225,2.1234,1.00,1.00
2010.10.12 04:15:59.858,2.12255,2.1234,1.00,1.00
2010.10.12 04:16:00.154,2.1226,2.1235,1.00,1.00
2010.10.12 04:16:00.308,2.1226,2.1234,1.00,1.00
2010.10.12 04:16:00.662,2.1225,2.1234,1.00,1.00
2010.10.12 04:16:00.967,2.12255,2.1234,1.00,1.00
2010.10.12 04:16:07.533,2.1225,2.1234,1.00,1.00
2010.10.12 04:16:07.755,2.12255,2.12335,1.00,1.00
2010.10.12 04:16:07.974,2.1225,2.1234,1.00,1.00
2010.10.12 04:16:08.524,2.1225,2.12335,1.00,1.00
2010.10.12 04:16:11.274,2.1225,2.1233,1.00,1.00
2010.10.12 04:16:11.666,2.1224,2.1233,1.60,1.00
2010.10.12 04:16:11.833,2.12245,2.1233,1.00,1.00
2010.10.12 04:16:11.981,2.1224,2.1233,1.60,1.00
2010.10.12 04:16:12.175,2.1224,2.1233,1.60,1.00
2010.10.12 04:16:12.423,2.12245,2.1233,1.00,1.00
2010.10.12 04:16:12.604,2.12245,2.12335,1.00,1.00
2010.10.12 04:16:12.695,2.12245,2.1233,1.00,1.00
2010.10.12 04:16:13.035,2.1224,2.1233,1.60,1.00
2010.10.12 04:16:14.835,2.1224,2.1233,1.60,1.00
2010.10.12 04:16:16.074,2.1224,2.1233,1.00,1.00
2010.10.12 04:16:20.515,2.1224,2.1233,1.00,1.00
2010.10.12 04:16:21.339,2.1224,2.1232,1.00,1.00
2010.10.12 04:16:21.690,2.1221,2.1229,1.00,1.00
2010.10.12 04:16:22.302,2.1221,2.1229,1.00,1.00
2010.10.12 04:16:22.651,2.122,2.12295,1.00,1.00
2010.10.12 04:16:22.994,2.122,2.1229,1.00,1.00
2010.10.12 04:16:23.628,2.122,2.1229,1.00,1.00
2010.10.12 04:16:26.014,2.122,2.1229,1.00,1.00
2010.10.12 04:16:26.734,2.1221,2.1229,1.00,1.00
2010.10.12 04:16:27.104,2.1221,2.12295,1.00,1.00
2010.10.12 04:16:27.751,2.12205,2.12305,1.00,1.20
2010.10.12 04:16:28.096,2.12205,2.12305,1.00,1.20
2010.10.12 04:16:28.774,2.12205,2.123,1.00,1.00
2010.10.12 04:16:29.636,2.12205,2.123,1.00,1.00
2010.10.12 04:16:29.916,2.12205,2.12305,1.00,1.20
2010.10.12 04:16:31.654,2.122,2.12305,1.60,1.20
2010.10.12 04:16:35.438,2.122,2.123,1.60,1.00
2010.10.12 04:16:35.707,2.122,2.12295,1.00,1.00
2010.10.12 04:16:36.266,2.12195,2.12295,1.00,1.00
2010.10.12 04:16:36.947,2.12195,2.12295,1.60,1.00
2010.10.12 04:16:37.286,2.12195,2.123,1.20,1.60
2010.10.12 04:16:37.826,2.122,2.123,1.60,1.00
2010.10.12 04:16:38.168,2.12195,2.12295,1.60,1.00
2010.10.12 04:16:38.506,2.12195,2.12295,1.00,1.00
2010.10.12 04:16:43.513,2.12195,2.12295,1.60,1.00
2010.10.12 04:16:44.494,2.12195,2.12295,1.00,1.00
2010.10.12 04:16:45.457,2.12195,2.1229,1.00,1.00
2010.10.12 04:16:45.785,2.1219,2.1229,1.20,1.60
2010.10.12 04:16:46.113,2.1219,2.1229,1.20,1.00
2010.10.12 04:16:47.873,2.1219,2.1229,1.20,1.00
2010.10.12 04:16:48.075,2.1219,2.1229,1.00,1.00
2010.10.12 04:16:48.276,2.1219,2.1229,1.00,1.00
2010.10.12 04:16:48.776,2.1219,2.1229,1.00,1.00
2010.10.12 04:16:49.234,2.1219,2.12295,1.00,1.60
2010.10.12 04:16:50.182,2.1219,2.1229,1.00,1.00
2010.10.12 04:16:51.373,2.12185,2.1229,2.00,1.00
2010.10.12 04:16:51.823,2.12185,2.1229,1.20,1.60
2010.10.12 04:16:52.122,2.12185,2.1229,2.00,1.00
2010.10.12 04:16:59.086,2.1219,2.1229,1.20,1.00
2010.10.12 04:16:59.334,2.1219,2.1229,1.00,1.60
2010.10.12 04:16:59.465,2.1219,2.1229,1.20,1.60
2010.10.12 04:16:59.933,2.1219,2.12295,1.20,2.00
2010.10.12 04:17:00.923,2.122,2.12295,1.00,1.00
2010.10.12 04:17:17.248,2.12195,2.12295,1.60,1.00
2010.10.12 04:17:17.683,2.12195,2.12295,1.00,1.00
2010.10.12 04:17:17.933,2.12195,2.1229,1.00,1.00
2010.10.12 04:17:18.946,2.12195,2.1229,1.60,1.00
2010.10.12 04:17:19.175,2.12195,2.12295,1.60,1.00
2010.10.12 04:17:19.846,2.1219,2.12285,1.00,1.00
2010.10.12 04:17:20.215,2.1218,2.1228,1.60,1.00
2010.10.12 04:17:21.984,2.1218,2.12275,1.60,1.00
2010.10.12 04:17:29.934,2.12195,2.12275,1.00,1.00
2010.10.12 04:17:30.188,2.12195,2.12285,1.60,1.00
2010.10.12 04:17:30.726,2.12195,2.12285,1.60,1.00
2010.10.12 04:17:32.076,2.12195,2.12285,1.60,1.00
2010.10.12 04:17:32.304,2.12195,2.12275,1.60,1.00
2010.10.12 04:17:32.535,2.12195,2.12285,1.00,1.20
2010.10.12 04:17:32.878,2.12195,2.12285,1.60,1.00
2010.10.12 04:17:46.405,2.12195,2.12285,1.60,1.00
2010.10.12 04:17:46.504,2.12195,2.12275,1.60,1.00
2010.10.12 04:17:46.604,2.1218,2.12275,1.60,1.00
2010.10.12 04:17:46.705,2.12185,2.12275,1.00,1.00
2010.10.12 04:17:47.236,2.12195,2.12285,1.60,1.00
2010.10.12 04:17:47.854,2.12195,2.12285,1.60,1.00
2010.10.12 04:18:01.077,2.1222,2.123,1.00,1.00
2010.10.12 04:18:01.197,2.1222,2.123,1.00,1.00
2010.10.12 04:18:01.316,2.12225,2.12305,1.00,1.00
2010.10.12 04:18:01.945,2.12225,2.12305,1.00,1.00
2010.10.12 04:18:02.268,2.1221,2.12305,1.00,1.00
2010.10.12 04:18:02.590,2.122,2.123,1.00,1.00
2010.10.12 04:18:03.189,2.12205,2.123,1.00,1.20
2010.10.12 04:18:03.541,2.1221,2.12305,1.00,1.00
2010.10.12 04:18:10.337,2.12255,2.12305,1.00,1.00
2010.10.12 04:18:10.832,2.12265,2.1236,1.60,1.00
2010.10.12 04:18:12.284,2.12275,2.1236,1.00,1.00
2010.10.12 04:18:12.837,2.1227,2.1236,1.00,1.00
2010.10.12 04:18:15.012,2.1227,2.12335,1.00,1.00
2010.10.12 04:18:15.127,2.12265,2.12335,1.60,1.00
2010.10.12 04:18:15.523,2.12245,2.1233,1.00,1.00
2010.10.12 04:18:15.637,2.12225,2.1233,1.00,2.00
2010.10.12 04:18:15.759,2.12225,2.12305,1.00,1.00
2010.10.12 04:18:16.446,2.1221,2.123,1.00,1.00
2010.10.12 04:18:16.790,2.12195,2.123,1.60,1.20
2010.10.12 04:18:17.480,2.12205,2.12305,1.00,1.20
2010.10.12 04:18:17.828,2.1221,2.12305,1.00,1.00
2010.10.12 04:18:18.169,2.12215,2.1232,1.00,1.60
2010.10.12 04:18:18.517,2.12215,2.1232,1.60,1.00
2010.10.12 04:18:19.915,2.12215,2.1232,1.60,2.00
2010.10.12 04:18:20.174,2.122,2.12305,1.60,1.00
2010.10.12 04:18:21.384,2.122,2.123,1.60,1.00
2010.10.12 04:18:21.664,2.1219,2.1229,1.00,1.00
2010.10.12 04:18:22.354,2.1219,2.12295,1.60,1.00
2010.10.12 04:18:22.724,2.1219,2.12295,1.00,1.60
2010.10.12 04:18:22.914,2.12195,2.12295,1.00,1.00
2010.10.12 04:18:23.235,2.12195,2.1229,1.00,1.00
2010.10.12 04:18:24.258,2.12195,2.12285,1.00,1.00
2010.10.12 04:18:24.425,2.122,2.12285,1.00,1.00
2010.10.12 04:18:24.597,2.122,2.123,1.00,2.00
2010.10.12 04:18:24.766,2.1221,2.123,1.00,1.00
2010.10.12 04:18:24.935,2.1221,2.1229,1.00,1.00
2010.10.12 04:18:25.106,2.12205,2.123,1.00,1.00
2010.10.12 04:18:25.427,2.122,2.123,1.20,1.00
2010.10.12 04:18:25.616,2.122,2.1229,1.00,1.00
2010.10.12 04:18:25.779,2.12195,2.12285,1.00,1.00
2010.10.12 04:18:29.954,2.12195,2.12285,1.00,1.00
2010.10.12 04:18:35.003,2.12195,2.12285,1.00,1.00
2010.10.12 04:18:35.208,2.12195,2.12285,1.00,1.50
2010.10.12 04:18:35.709,2.12165,2.1227,2.00,1.20
2010.10.12 04:18:35.919,2.12165,2.1227,1.60,1.20
2010.10.12 04:18:36.886,2.12165,2.1227,1.60,1.30
2010.10.12 04:18:39.375,2.12165,2.1227,3.20,1.30
2010.10.12 04:18:39.668,2.12165,2.1227,1.60,1.30
2010.10.12 04:18:39.874,2.12165,2.1227,3.20,1.30
2010.10.12 04:18:40.234,2.1218,2.1227,1.00,1.00
2010.10.12 04:18:40.452,2.1218,2.1227,1.00,1.00
2010.10.12 04:18:41.394,2.1218,2.12275,1.00,1.00
2010.10.12 04:18:42.963,2.1218,2.1227,1.00,1.00
2010.10.12 04:18:43.035,2.1218,2.1227,1.00,1.00
2010.10.12 04:18:43.184,2.12165,2.1227,1.60,1.30
2010.10.12 04:18:46.780,2.1217,2.1227,1.00,1.00
2010.10.12 04:18:46.877,2.12175,2.1227,1.00,1.00
2010.10.12 04:18:47.373,2.12175,2.12275,1.00,1.20
2010.10.12 04:18:47.483,2.12165,2.1227,1.60,1.20
2010.10.12 04:18:48.393,2.12165,2.1227,1.60,1.20
2010.10.12 04:18:48.736,2.12165,2.1227,1.60,1.20
2010.10.12 04:18:49.199,2.12165,2.1227,1.60,1.30
2010.10.12 04:18:49.792,2.12165,2.1227,1.60,1.40
2010.10.12 04:18:49.884,2.12165,2.1227,1.60,1.30
2010.10.12 04:18:49.983,2.12165,2.12255,1.60,1.00
2010.10.12 04:18:50.447,2.12175,2.12255,2.00,1.00
2010.10.12 04:18:50.546,2.12185,2.1226,1.00,1.00
2010.10.12 04:18:50.645,2.12185,2.1227,1.60,1.00
2010.10.12 04:18:50.744,2.12185,2.1227,1.00,1.00
2010.10.12 04:18:50.844,2.1218,2.1227,1.00,1.00
2010.10.12 04:18:51.973,2.1218,2.12275,1.00,1.00
2010.10.12 04:18:52.379,2.1218,2.1228,1.00,1.00
2010.10.12 04:18:52.556,2.12185,2.1228,1.60,1.00
2010.10.12 04:18:52.647,2.12195,2.1229,1.00,1.00
2010.10.12 04:18:53.318,2.12195,2.1228,1.00,1.00
2010.10.12 04:18:53.666,2.1218,2.1228,1.00,1.00
2010.10.12 04:18:54.350,2.12175,2.12275,1.00,1.20
2010.10.12 04:18:54.554,2.1217,2.1227,1.00,1.20
2010.10.12 04:18:55.015,2.12165,2.1227,1.60,1.20
2010.10.12 04:18:56.158,2.12165,2.1227,1.60,1.20
2010.10.12 04:18:57.287,2.12165,2.12245,1.00,1.00
2010.10.12 04:18:57.378,2.1215,2.12245,1.60,1.00
2010.10.12 04:19:13.496,2.1216,2.12255,1.00,1.20
2010.10.12 04:19:13.636,2.12165,2.12255,1.00,1.00
2010.10.12 04:19:13.844,2.12165,2.12255,1.60,1.00
2010.10.12 04:19:14.687,2.1217,2.12255,1.00,1.00
2010.10.12 04:19:16.884,2.12165,2.12255,1.60,1.00
2010.10.12 04:19:27.844,2.12165,2.12255,1.60,1.00
2010.10.12 04:19:28.185,2.12165,2.12245,1.00,1.00
2010.10.12 04:19:28.394,2.1215,2.12245,1.60,1.00
2010.10.12 04:19:31.224,2.1215,2.12255,1.60,1.20
2010.10.12 04:19:31.353,2.12155,2.12255,1.00,1.20
2010.10.12 04:19:31.822,2.1216,2.12255,1.00,1.00
2010.10.12 04:19:45.835,2.1216,2.1225,1.00,1.00
2010.10.12 04:19:46.194,2.1216,2.12245,1.00,1.00
2010.10.12 04:19:46.886,2.1215,2.12245,1.60,1.00
2010.10.12 04:19:47.224,2.1215,2.12245,1.60,1.00
2010.10.12 04:19:58.425,2.1215,2.12245,1.00,1.00
2010.10.12 04:19:59.523,2.1215,2.12245,1.60,1.00
2010.10.12 04:20:00.435,2.1215,2.12245,1.60,1.00
2010.10.12 04:20:00.869,2.1215,2.1225,1.60,1.00
2010.10.12 04:20:00.958,2.12155,2.1226,1.60,1.00
2010.10.12 04:20:01.474,2.12155,2.1226,1.60,1.00
2010.10.12 04:20:02.296,2.12155,2.1226,1.60,1.00
2010.10.12 04:20:04.995,2.1216,2.1226,1.00,1.20
2010.10.12 04:20:05.144,2.1216,2.1226,1.60,1.00
2010.10.12 04:20:05.968,2.12165,2.1226,1.60,1.00
2010.10.12 04:20:06.305,2.1217,2.1226,1.00,1.00
2010.10.12 04:20:06.644,2.12165,2.1226,1.60,1.00
2010.10.12 04:20:07.618,2.12165,2.1226,1.60,1.00
2010.10.12 04:20:07.915,2.1217,2.1226,1.00,1.00
2010.10.12 04:20:08.004,2.12165,2.1226,1.60,1.00
2010.10.12 04:20:08.423,2.1217,2.1226,1.00,1.00
2010.10.12 04:20:08.673,2.12165,2.1226,1.60,1.00
2010.10.12 04:20:08.934,2.12165,2.1226,1.60,1.00
2010.10.12 04:20:09.756,2.1217,2.1226,1.00,1.00
2010.10.12 04:20:09.973,2.12165,2.1226,1.60,1.00
2010.10.12 04:20:11.127,2.12165,2.1226,1.60,1.00
2010.10.12 04:20:11.493,2.12165,2.1226,1.00,1.00
2010.10.12 04:20:11.852,2.1217,2.1226,1.00,1.00
2010.10.12 04:20:15.597,2.1217,2.1226,1.00,1.00
2010.10.12 04:20:16.237,2.1216,2.1226,1.60,1.00
2010.10.12 04:20:16.285,2.12165,2.1226,1.00,1.00
2010.10.12 04:20:19.365,2.12165,2.1226,1.60,1.00
2010.10.12 04:20:21.730,2.12165,2.1226,1.00,1.00
2010.10.12 04:20:22.784,2.12165,2.1226,1.00,1.00
2010.10.12 04:20:23.153,2.1217,2.1226,1.00,1.00
2010.10.12 04:20:23.336,2.1217,2.12265,1.60,1.00
2010.10.12 04:20:25.063,2.12175,2.12265,1.00,1.00
2010.10.12 04:20:25.634,2.1217,2.12265,1.60,1.00
2010.10.12 04:20:33.163,2.12175,2.12265,1.00,1.00
2010.10.12 04:20:33.313,2.1217,2.12265,1.60,1.00
2010.10.12 04:20:33.464,2.12175,2.12265,1.00,1.00
2010.10.12 04:20:37.543,2.12175,2.1227,1.00,1.00
2010.10.12 04:20:38.255,2.12175,2.12265,1.00,1.00
2010.10.12 04:20:46.714,2.12185,2.12275,1.60,1.00
2010.10.12 04:20:47.949,2.12185,2.12265,1.60,1.00
2010.10.12 04:20:48.255,2.12175,2.12265,1.00,1.00
2010.10.12 04:21:07.699,2.12165,2.1226,1.60,1.00
2010.10.12 04:21:07.755,2.12165,2.1226,1.00,1.00
2010.10.12 04:21:08.345,2.12175,2.12265,1.00,1.00
2010.10.12 04:21:08.685,2.1217,2.12265,1.60,1.00
2010.10.12 04:21:10.981,2.12165,2.1226,1.00,1.00
2010.10.12 04:21:11.064,2.12165,2.1226,1.60,1.00
2010.10.12 04:21:11.275,2.12165,2.1226,1.00,1.00
2010.10.12 04:21:11.583,2.1217,2.1226,1.00,1.00
2010.10.12 04:21:11.684,2.1217,2.1226,1.60,1.00
2010.10.12 04:21:11.794,2.1217,2.12265,1.60,1.00
2010.10.12 04:21:11.904,2.1217,2.12265,1.00,1.00
2010.10.12 04:21:12.015,2.12165,2.1226,1.60,1.00
2010.10.12 04:21:12.867,2.12165,2.1226,1.00,1.00
2010.10.12 04:21:13.153,2.12165,2.1226,1.60,1.00
2010.10.12 04:21:14.147,2.12175,2.1226,1.00,1.00
2010.10.12 04:21:14.487,2.1217,2.12265,1.60,1.00
2010.10.12 04:21:15.944,2.1217,2.1226,1.00,1.00
2010.10.12 04:21:16.035,2.12165,2.1226,1.00,1.00
2010.10.12 04:21:16.437,2.12165,2.1226,1.60,1.00
2010.10.12 04:21:17.063,2.12165,2.1226,1.00,1.00
2010.10.12 04:21:21.593,2.12165,2.1226,1.00,1.00
2010.10.12 04:21:26.343,2.12165,2.1226,1.00,1.00
2010.10.12 04:21:32.696,2.12165,2.12265,1.00,1.00
2010.10.12 04:21:33.036,2.1217,2.12265,1.60,1.00
2010.10.12 04:21:33.375,2.12165,2.1226,1.00,1.00
2010.10.12 04:21:35.124,2.12165,2.1226,1.60,1.00
2010.10.12 04:21:35.184,2.12165,2.1226,1.00,1.00
2010.10.12 04:21:35.572,2.12165,2.1226,1.60,1.00
2010.10.12 04:21:35.792,2.12165,2.1226,1.00,1.00
2010.10.12 04:21:36.011,2.12165,2.1226,1.60,1.00
2010.10.12 04:21:38.384,2.1217,2.12265,1.00,1.00
2010.10.12 04:21:38.514,2.12175,2.12265,1.00,1.00
2010.10.12 04:21:40.080,2.12185,2.1227,1.60,1.00
2010.10.12 04:21:40.418,2.12185,2.1227,1.00,1.00
2010.10.12 04:21:40.606,2.1218,2.1227,1.00,1.00
2010.10.12 04:21:41.670,2.1218,2.1227,1.00,1.00
2010.10.12 04:21:48.956,2.1218,2.1227,1.00,1.00
2010.10.12 04:21:49.295,2.1218,2.12265,1.00,1.00
2010.10.12 04:21:49.467,2.1218,2.1226,1.00,1.00
2010.10.12 04:21:49.636,2.1218,2.1226,1.00,1.00
2010.10.12 04:21:49.807,2.12175,2.12265,1.00,1.00
2010.10.12 04:21:49.975,2.12165,2.1226,1.60,1.00
2010.10.12 04:21:50.955,2.12165,2.1226,1.60,1.00
2010.10.12 04:21:51.185,2.12165,2.1226,1.60,1.00
2010.10.12 04:21:54.638,2.12165,2.1226,1.60,1.00
2010.10.12 04:21:56.664,2.12165,2.1226,1.60,1.00
2010.10.12 04:21:56.864,2.12175,2.12265,1.00,1.00
2010.10.12 04:21:57.648,2.1217,2.12265,1.60,1.00
2010.10.12 04:22:57.990,2.1216,2.12265,1.00,1.00
2010.10.12 04:23:03.664,2.1217,2.12265,1.00,1.00
2010.10.12 04:23:03.805,2.1217,2.1229,1.00,1.00
2010.10.12 04:23:03.914,2.12185,2.1229,1.60,1.30
2010.10.12 04:23:06.291,2.12185,2.1229,1.60,1.20
2010.10.12 04:23:06.567,2.1219,2.1229,1.00,1.00
2010.10.12 04:23:06.706,2.122,2.12295,1.00,1.00
2010.10.12 04:23:08.288,2.12215,2.1231,1.00,1.70
2010.10.12 04:23:08.579,2.12195,2.12295,1.00,1.00
2010.10.12 04:23:08.885,2.12195,2.123,1.00,1.60
2010.10.12 04:23:09.505,2.122,2.123,1.00,1.00
2010.10.12 04:23:15.602,2.122,2.123,1.00,1.00
2010.10.12 04:23:15.733,2.122,2.123,1.00,1.00
2010.10.12 04:23:15.865,2.12215,2.123,1.00,1.00
2010.10.12 04:23:16.283,2.12215,2.1231,1.00,1.00
2010.10.12 04:23:16.460,2.12205,2.123,1.00,1.00
2010.10.12 04:23:16.639,2.122,2.123,1.00,1.00
2010.10.12 04:23:16.811,2.122,2.12295,1.00,1.00
2010.10.12 04:23:17.287,2.122,2.123,1.00,1.00
2010.10.12 04:23:18.227,2.122,2.123,1.00,1.00
2010.10.12 04:23:25.884,2.122,2.12295,1.00,1.00
2010.10.12 04:23:26.227,2.12195,2.1228,1.00,1.00
2010.10.12 04:23:26.289,2.12185,2.1228,1.60,1.00
2010.10.12 04:23:26.346,2.12185,2.1227,1.60,1.00
2010.10.12 04:23:26.455,2.12185,2.1227,1.00,1.00
2010.10.12 04:23:26.594,2.12175,2.1227,1.00,1.00
2010.10.12 04:23:29.590,2.1218,2.1227,1.00,1.00
2010.10.12 04:23:31.260,2.12175,2.1227,1.00,1.00
2010.10.12 04:23:39.775,2.1217,2.1227,1.60,1.00
2010.10.12 04:23:39.865,2.12165,2.1227,1.60,1.20
2010.10.12 04:23:40.045,2.12165,2.12265,1.60,1.00
2010.10.12 04:23:40.134,2.1217,2.12265,1.00,1.00
2010.10.12 04:23:40.446,2.12175,2.12265,1.00,1.00
2010.10.12 04:23:41.036,2.1217,2.12265,1.60,1.00
2010.10.12 04:23:41.604,2.12175,2.12265,1.00,1.00
2010.10.12 04:23:41.874,2.1217,2.12265,1.60,1.00
2010.10.12 04:23:42.144,2.12175,2.12265,1.00,1.00
2010.10.12 04:23:44.703,2.12185,2.12265,1.00,1.00
2010.10.12 04:23:44.876,2.12185,2.12275,1.60,1.00
2010.10.12 04:24:07.082,2.12185,2.1227,1.00,1.00
2010.10.12 04:24:07.428,2.1218,2.1227,1.00,1.00
2010.10.12 04:24:07.767,2.12175,2.12265,1.00,1.00
2010.10.12 04:24:09.445,2.12175,2.12255,1.00,1.00
2010.10.12 04:24:09.585,2.1217,2.12255,1.00,1.00
2010.10.12 04:24:09.724,2.12165,2.12255,1.60,1.00
2010.10.12 04:24:09.865,2.1217,2.12255,1.00,1.00
2010.10.12 04:24:10.423,2.12165,2.12255,1.60,1.00
2010.10.12 04:24:11.323,2.12175,2.12255,1.00,1.00
2010.10.12 04:24:11.685,2.12185,2.1227,1.60,1.00
2010.10.12 04:24:11.776,2.1219,2.1228,1.00,1.00
2010.10.12 04:24:12.627,2.12185,2.1228,1.60,1.00
2010.10.12 04:24:12.854,2.12185,2.1228,1.60,1.00
2010.10.12 04:24:14.035,2.12185,2.1228,1.60,1.00
2010.10.12 04:24:19.942,2.12185,2.1227,1.60,1.00
2010.10.12 04:24:20.096,2.12185,2.1227,1.00,1.00
2010.10.12 04:24:20.246,2.1218,2.12265,1.00,1.00
2010.10.12 04:24:23.447,2.12175,2.12265,1.00,1.00
2010.10.12 04:24:24.674,2.12185,2.12265,1.00,1.00
2010.10.12 04:24:24.825,2.12185,2.1228,1.60,1.00
2010.10.12 04:24:27.248,2.12185,2.12275,1.60,1.00
2010.10.12 04:24:27.282,2.12185,2.12275,1.60,1.00
2010.10.12 04:24:27.345,2.12185,2.12275,1.60,1.00
2010.10.12 04:24:27.996,2.12185,2.1228,1.60,1.00
2010.10.12 04:24:28.635,2.12185,2.1228,1.60,1.00
2010.10.12 04:24:29.313,2.1221,2.12285,1.00,1.00
2010.10.12 04:24:29.618,2.1221,2.1229,1.00,1.00
2010.10.12 04:24:30.389,2.122,2.1228,1.00,1.00
2010.10.12 04:24:30.670,2.1219,2.1228,1.00,1.00
2010.10.12 04:24:31.606,2.12185,2.1228,1.60,1.00
2010.10.12 04:24:32.657,2.122,2.1228,1.00,1.00
2010.10.12 04:24:33.064,2.122,2.1229,1.00,1.00
2010.10.12 04:24:34.064,2.1221,2.1229,1.00,1.00
2010.10.12 04:24:42.483,2.12205,2.1229,1.00,1.00
2010.10.12 04:24:51.064,2.1221,2.1229,1.00,1.00
2010.10.12 04:24:54.746,2.1221,2.12295,1.00,1.00
2010.10.12 04:24:55.228,2.1221,2.1229,1.00,1.00
2010.10.12 04:24:56.846,2.1221,2.1229,1.00,1.20
2010.10.12 04:24:57.195,2.12195,2.1228,1.00,1.00
2010.10.12 04:24:57.480,2.1221,2.1228,1.00,1.00
2010.10.12 04:24:58.039,2.1221,2.1229,1.00,1.00
2010.10.12 04:25:05.715,2.1221,2.1228,1.00,1.00
2010.10.12 04:25:05.804,2.122,2.1228,1.00,1.00
2010.10.12 04:25:05.884,2.12195,2.1228,1.00,1.00
2010.10.12 04:25:08.568,2.12195,2.1228,1.00,1.00
2010.10.12 04:25:08.645,2.12185,2.1228,1.60,1.00
2010.10.12 04:25:14.874,2.12185,2.1228,1.60,1.00
2010.10.12 04:25:15.069,2.12185,2.12265,1.60,1.00
2010.10.12 04:25:15.450,2.12175,2.12265,1.00,1.00
2010.10.12 04:25:21.967,2.12175,2.12265,1.00,1.00
2010.10.12 04:25:27.401,2.12195,2.12265,1.00,1.00
2010.10.12 04:25:27.526,2.12195,2.12275,1.00,1.00
2010.10.12 04:25:27.989,2.12195,2.1228,1.00,1.00
2010.10.12 04:25:32.915,2.12185,2.1228,1.60,1.00
2010.10.12 04:25:33.349,2.12185,2.1228,1.60,1.00
2010.10.12 04:25:33.379,2.12185,2.1228,1.60,1.00
2010.10.12 04:25:33.572,2.12185,2.12265,1.60,1.00
2010.10.12 04:25:33.663,2.12175,2.12265,1.00,1.00
2010.10.12 04:25:34.376,2.1218,2.12265,1.00,1.00
2010.10.12 04:25:36.724,2.12175,2.12265,1.00,1.00
2010.10.12 04:25:36.935,2.12185,2.12265,1.00,1.00
2010.10.12 04:25:37.146,2.12185,2.1227,1.00,1.00
2010.10.12 04:25:38.038,2.1218,2.1227,1.00,1.00
2010.10.12 04:25:43.005,2.1218,2.12265,1.00,1.00
2010.10.12 04:25:43.125,2.1218,2.1226,1.00,1.00
2010.10.12 04:25:43.865,2.1218,2.1226,1.00,1.00
2010.10.12 04:25:44.537,2.12165,2.1226,1.00,1.00
2010.10.12 04:25:50.608,2.12175,2.1226,1.00,1.00
2010.10.12 04:25:50.706,2.12175,2.1226,1.00,1.00
2010.10.12 04:25:51.131,2.12185,2.1227,1.00,1.60
2010.10.12 04:25:51.435,2.12195,2.1229,1.00,1.00
2010.10.12 04:25:53.220,2.12195,2.1229,1.00,1.00
2010.10.12 04:25:57.469,2.12195,2.1228,1.00,1.20
2010.10.12 04:25:57.808,2.12165,2.1226,1.00,1.00
2010.10.12 04:26:01.984,2.12165,2.1226,1.00,1.00
2010.10.12 04:26:04.164,2.12165,2.1226,1.00,1.00
2010.10.12 04:26:04.964,2.12165,2.1226,1.00,1.00
2010.10.12 04:26:11.266,2.12165,2.1226,1.00,1.00
2010.10.12 04:26:11.454,2.12165,2.12265,1.00,1.00
2010.10.12 04:26:11.647,2.1217,2.12265,1.60,1.00
2010.10.12 04:26:13.005,2.1217,2.12265,1.60,1.00
2010.10.12 04:26:34.688,2.1217,2.1226,1.60,1.00
2010.10.12 04:26:46.674,2.1217,2.1226,1.60,1.00
2010.10.12 04:26:47.019,2.1217,2.1225,1.60,1.00
2010.10.12 04:26:47.361,2.1215,2.12225,1.00,1.00
2010.10.12 04:26:47.598,2.12135,2.12205,1.00,1.00
2010.10.12 04:26:48.154,2.12135,2.122,1.00,1.00
2010.10.12 04:26:48.416,2.12125,2.12195,1.10,1.00
2010.10.12 04:26:48.639,2.12125,2.122,1.10,1.00
2010.10.12 04:26:49.896,2.12125,2.122,1.10,1.00
2010.10.12 04:26:50.576,2.121,2.122,1.00,1.00
2010.10.12 04:26:57.905,2.121,2.1219,1.00,1.00
2010.10.12 04:26:58.204,2.121,2.122,1.00,1.00
2010.10.12 04:26:58.505,2.121,2.122,1.00,1.00
2010.10.12 04:27:38.890,2.121,2.12175,1.00,1.00
2010.10.12 04:27:39.240,2.12085,2.12175,1.60,1.00
2010.10.12 04:27:39.930,2.12085,2.12175,1.60,1.00
2010.10.12 04:27:47.267,2.12085,2.12175,1.60,1.00
2010.10.12 04:28:39.114,2.12085,2.12175,1.00,1.00
2010.10.12 04:28:39.944,2.12085,2.1218,1.00,1.00
2010.10.12 04:28:40.095,2.1209,2.1218,1.00,1.00
2010.10.12 04:28:40.177,2.12095,2.1218,1.00,1.00
2010.10.12 04:28:43.432,2.121,2.1219,1.00,1.00
2010.10.12 04:28:44.175,2.12095,2.1218,1.00,1.00
2010.10.12 04:29:02.096,2.12095,2.1219,1.60,1.00
2010.10.12 04:29:02.276,2.121,2.1219,1.00,1.00
2010.10.12 04:29:02.465,2.12095,2.1218,1.00,1.00
2010.10.12 04:29:02.949,2.121,2.1219,1.00,1.00
2010.10.12 04:29:20.034,2.121,2.12185,1.00,1.00
2010.10.12 04:29:49.088,2.121,2.1217,1.00,1.00
2010.10.12 04:29:49.267,2.1209,2.1217,1.60,1.00
2010.10.12 04:29:49.790,2.1208,2.12155,1.00,1.00
2010.10.12 04:29:50.136,2.1208,2.12165,1.00,1.00
2010.10.12 04:29:50.476,2.1208,2.12155,1.00,1.00
2010.10.12 04:29:50.817,2.12075,2.12155,1.60,1.00
2010.10.12 04:29:51.228,2.1208,2.12165,1.00,1.00
2010.10.12 04:29:52.185,2.12085,2.1217,1.60,1.00
2010.10.12 04:29:52.587,2.1208,2.12165,1.00,1.00
2010.10.12 04:29:57.387,2.12075,2.12155,1.00,1.00
2010.10.12 04:29:57.810,2.12075,2.12155,1.00,1.00
2010.10.12 04:29:59.653,2.1206,2.1215,1.00,1.00
2010.10.12 04:29:59.997,2.1206,2.12145,1.00,1.00
2010.10.12 04:30:00.167,2.12065,2.1215,1.60,1.00
2010.10.12 04:30:02.318,2.12065,2.12135,1.60,1.00
2010.10.12 04:30:03.008,2.12065,2.1215,1.60,1.00
2010.10.12 04:30:09.344,2.1207,2.1215,1.00,1.00
2010.10.12 04:30:09.852,2.12075,2.12155,1.00,1.00
2010.10.12 04:30:15.748,2.12085,2.12165,1.00,1.00
2010.10.12 04:30:16.055,2.12085,2.1217,1.60,1.00
2010.10.12 04:30:18.673,2.1209,2.12175,1.60,1.00
2010.10.12 04:30:32.204,2.12095,2.12175,1.00,1.00
2010.10.12 04:30:32.696,2.1209,2.12175,1.60,1.00
2010.10.12 04:30:36.811,2.12095,2.12175,1.00,1.00
2010.10.12 04:30:37.164,2.1209,2.12175,1.60,1.00
2010.10.12 04:30:44.045,2.12095,2.1218,1.00,1.00
2010.10.12 04:30:46.305,2.12095,2.12175,1.00,1.00
2010.10.12 04:30:46.425,2.1209,2.12175,1.60,1.00
2010.10.12 04:30:46.857,2.12095,2.12175,1.00,1.00
2010.10.12 04:30:46.977,2.12095,2.1218,1.00,1.00
2010.10.12 04:30:47.096,2.1209,2.12175,1.60,1.00
2010.10.12 04:30:47.475,2.1209,2.1218,1.60,1.00
2010.10.12 04:30:47.745,2.12095,2.1218,1.00,1.00
2010.10.12 04:30:47.888,2.1209,2.12175,1.60,1.00
2010.10.12 04:30:48.028,2.1209,2.12175,1.60,1.50
2010.10.12 04:30:48.168,2.1207,2.12165,1.00,1.00
2010.10.12 04:30:48.791,2.1207,2.12145,1.00,1.00
2010.10.12 04:30:49.047,2.1207,2.12155,1.00,1.00
2010.10.12 04:30:49.538,2.1207,2.12145,1.00,1.00
2010.10.12 04:30:53.803,2.12065,2.12145,1.00,1.00
2010.10.12 04:30:55.626,2.12065,2.12155,1.00,1.00
2010.10.12 04:30:56.857,2.1206,2.12145,1.00,1.00
2010.10.12 04:31:03.668,2.1205,2.12145,1.60,1.00
2010.10.12 04:31:03.981,2.1205,2.1214,1.60,1.00
2010.10.12 04:31:07.836,2.1205,2.1214,1.60,1.00
2010.10.12 04:31:07.886,2.1206,2.12145,1.00,1.00
2010.10.12 04:31:11.475,2.1206,2.1215,1.00,1.00
2010.10.12 04:31:12.153,2.1206,2.12155,1.00,1.00
2010.10.12 04:31:12.289,2.12065,2.12155,1.60,1.00
2010.10.12 04:31:12.639,2.12065,2.12155,1.00,1.00
2010.10.12 04:31:28.529,2.1206,2.12145,1.00,1.00
2010.10.12 04:31:29.182,2.12045,2.12135,1.00,1.00
2010.10.12 04:31:29.528,2.12045,2.12125,1.00,1.00
2010.10.12 04:31:30.165,2.1205,2.1214,1.60,1.00
2010.10.12 04:31:38.777,2.1205,2.12125,1.00,1.00
2010.10.12 04:31:38.957,2.1205,2.1214,1.60,1.00
2010.10.12 04:31:44.341,2.1205,2.1214,1.60,1.00
2010.10.12 04:31:44.668,2.1206,2.12145,1.00,1.00
2010.10.12 04:31:47.469,2.12075,2.1217,1.00,1.00
2010.10.12 04:31:47.806,2.12065,2.12165,1.60,1.00
2010.10.12 04:31:50.306,2.12065,2.1214,1.60,1.00
2010.10.12 04:31:50.548,2.1205,2.1214,1.60,1.00
2010.10.12 04:31:51.889,2.12055,2.1214,1.00,1.00
2010.10.12 04:31:52.133,2.1206,2.12145,1.00,1.00
2010.10.12 04:31:54.516,2.12055,2.12145,1.60,1.00
2010.10.12 04:31:55.291,2.1205,2.1214,1.60,1.00
2010.10.12 04:31:55.643,2.1205,2.12135,1.60,1.00
2010.10.12 04:31:55.798,2.1205,2.1214,1.60,1.00
2010.10.12 04:31:58.072,2.12095,2.1214,1.00,1.00
2010.10.12 04:31:58.193,2.12095,2.1214,1.60,1.00
2010.10.12 04:31:58.245,2.12095,2.12155,2.00,1.90
2010.10.12 04:31:58.345,2.12095,2.12155,2.00,1.00
2010.10.12 04:31:58.395,2.1211,2.1216,1.00,1.00
2010.10.12 04:31:58.446,2.1211,2.12185,1.00,1.10
2010.10.12 04:31:58.605,2.12105,2.12185,1.00,1.90
2010.10.12 04:31:58.947,2.1208,2.1217,1.00,1.00
2010.10.12 04:31:59.199,2.12065,2.12165,1.60,1.00
2010.10.12 04:32:03.740,2.12065,2.1217,1.60,1.00
2010.10.12 04:32:04.251,2.12065,2.1217,1.60,2.00
2010.10.12 04:32:04.378,2.12065,2.12165,1.00,1.20
2010.10.12 04:32:04.715,2.12065,2.12165,1.60,1.00
2010.10.12 04:32:06.061,2.12065,2.1214,1.60,1.00
2010.10.12 04:32:06.370,2.1205,2.1214,1.60,1.00
2010.10.12 04:32:08.306,2.1205,2.1215,1.60,1.00
2010.10.12 04:32:08.940,2.12045,2.1215,1.00,2.80
2010.10.12 04:32:09.428,2.12045,2.1214,1.00,1.00
2010.10.12 04:32:15.516,2.1204,2.1214,1.20,1.00
2010.10.12 04:32:15.736,2.12045,2.1214,1.00,1.00
2010.10.12 04:32:18.907,2.12045,2.1214,1.00,1.00
2010.10.12 04:32:19.104,2.1206,2.1214,1.00,1.00
2010.10.12 04:32:19.227,2.12055,2.1216,1.60,1.00
2010.10.12 04:32:19.567,2.12055,2.1216,1.00,1.70
2010.10.12 04:32:38.937,2.1204,2.12145,1.00,1.00
2010.10.12 04:32:39.506,2.1205,2.1215,1.00,1.00
2010.10.12 04:32:40.738,2.1205,2.1215,1.00,1.00
2010.10.12 04:32:40.919,2.1205,2.1215,1.00,1.00
2010.10.12 04:32:41.098,2.1205,2.1215,1.00,1.00
2010.10.12 04:32:41.276,2.1205,2.1215,1.60,1.00
2010.10.12 04:32:41.528,2.1205,2.1215,1.60,1.00
2010.10.12 04:32:41.777,2.12045,2.1214,1.00,1.00
2010.10.12 04:32:42.566,2.1206,2.1216,1.00,1.00
2010.10.12 04:32:47.114,2.12055,2.1215,1.00,1.00
2010.10.12 04:32:47.276,2.12045,2.1215,1.00,2.70
2010.10.12 04:32:48.156,2.12045,2.1215,1.00,2.80
2010.10.12 04:32:49.266,2.12045,2.1214,1.00,1.00
2010.10.12 04:32:50.684,2.12045,2.1215,1.00,2.80
2010.10.12 04:32:50.824,2.12045,2.1215,1.00,2.80
2010.10.12 04:32:51.229,2.12045,2.1215,1.00,1.70
2010.10.12 04:32:51.547,2.12045,2.12135,1.00,1.00
2010.10.12 04:32:51.747,2.1205,2.1214,1.60,1.00
2010.10.12 04:33:05.725,2.1205,2.12135,1.60,1.00
2010.10.12 04:33:05.894,2.1205,2.12135,1.00,1.00
2010.10.12 04:33:05.957,2.12045,2.12135,1.00,1.00
2010.10.12 04:33:19.852,2.12045,2.12145,1.20,1.00
2010.10.12 04:33:20.029,2.1206,2.12145,1.00,1.00
2010.10.12 04:33:28.885,2.12045,2.12135,1.00,1.00
2010.10.12 04:33:32.042,2.12045,2.1214,1.00,1.00
2010.10.12 04:33:32.145,2.1205,2.1214,1.00,1.00
2010.10.12 04:33:32.194,2.1205,2.1214,1.60,1.00
2010.10.12 04:33:37.406,2.1205,2.1214,1.70,1.00
2010.10.12 04:33:37.534,2.12055,2.1214,1.00,1.00
2010.10.12 04:33:37.665,2.12065,2.12155,1.00,1.90
2010.10.12 04:33:37.795,2.12065,2.12155,1.60,1.10
2010.10.12 04:33:37.925,2.1205,2.1214,1.60,1.00
2010.10.12 04:33:38.545,2.12055,2.12155,1.00,1.90
2010.10.12 04:33:39.001,2.12065,2.12165,1.60,1.00
2010.10.12 04:33:46.148,2.1207,2.1217,1.00,1.20
2010.10.12 04:33:46.356,2.1208,2.1217,1.00,1.00
2010.10.12 04:33:47.090,2.1208,2.1217,1.00,1.00
2010.10.12 04:33:47.208,2.1208,2.1217,1.00,1.00
2010.10.12 04:33:50.193,2.1208,2.1217,1.00,1.00
2010.10.12 04:34:06.390,2.1208,2.1217,1.00,1.00
2010.10.12 04:34:06.625,2.12075,2.1216,1.00,1.00
2010.10.12 04:34:23.438,2.1209,2.1217,1.00,1.00
2010.10.12 04:34:27.870,2.12075,2.1216,1.00,1.00
2010.10.12 04:34:29.036,2.1207,2.1216,1.60,1.00
2010.10.12 04:34:29.307,2.12075,2.1216,1.00,1.00
2010.10.12 04:34:38.318,2.1206,2.1216,1.00,1.00
2010.10.12 04:34:38.377,2.1206,2.12145,1.00,1.00
2010.10.12 04:34:48.240,2.12065,2.12145,1.00,1.00
2010.10.12 04:34:48.357,2.12075,2.12145,1.00,1.00
2010.10.12 04:34:48.467,2.1206,2.12145,1.00,1.00
2010.10.12 04:34:50.865,2.12095,2.1216,1.00,1.00
2010.10.12 04:34:50.987,2.12095,2.1218,1.00,2.80
2010.10.12 04:34:51.107,2.121,2.1218,1.60,1.20
2010.10.12 04:34:51.454,2.121,2.1218,1.60,1.00
2010.10.12 04:34:51.579,2.12085,2.1217,1.00,1.00
2010.10.12 04:34:51.699,2.1209,2.1217,1.00,1.00
2010.10.12 04:34:52.156,2.12075,2.1216,1.00,1.00
2010.10.12 04:34:58.327,2.1206,2.12145,1.00,1.00
2010.10.12 04:35:00.870,2.12065,2.12145,1.60,1.00
2010.10.12 04:35:01.066,2.12065,2.1215,1.60,1.00
2010.10.12 04:35:01.665,2.12065,2.1214,1.60,1.00
2010.10.12 04:35:01.775,2.12065,2.1214,1.00,1.00
2010.10.12 04:35:01.886,2.1205,2.1214,1.60,1.00
2010.10.12 04:35:09.197,2.1205,2.12155,1.60,1.90
2010.10.12 04:35:09.300,2.12065,2.1214,1.60,1.00
2010.10.12 04:35:09.529,2.1205,2.1214,1.60,1.00
2010.10.12 04:35:18.580,2.12055,2.1214,1.00,1.00
2010.10.12 04:35:19.077,2.12055,2.12155,1.00,1.90
2010.10.12 04:35:19.104,2.12065,2.12165,1.60,1.00
2010.10.12 04:35:21.797,2.1208,2.1217,1.00,1.00
2010.10.12 04:35:21.847,2.1209,2.1217,1.00,1.00
2010.10.12 04:35:21.945,2.12095,2.1218,1.00,1.00
2010.10.12 04:35:24.729,2.12095,2.1219,1.00,1.00
2010.10.12 04:35:25.530,2.12095,2.1219,1.00,1.00
2010.10.12 04:35:32.905,2.12095,2.12195,1.00,1.10
2010.10.12 04:35:32.995,2.12105,2.12195,1.00,1.10
2010.10.12 04:35:33.176,2.1211,2.122,1.00,1.00
2010.10.12 04:35:33.796,2.12115,2.122,1.00,1.00
2010.10.12 04:35:35.187,2.1211,2.12185,1.00,1.10
2010.10.12 04:35:35.337,2.12105,2.12185,1.00,1.10
2010.10.12 04:35:35.486,2.1208,2.12185,1.00,1.60
2010.10.12 04:35:35.687,2.12095,2.1219,1.00,1.00
2010.10.12 04:35:37.161,2.12095,2.1218,1.00,1.00
2010.10.12 04:35:38.589,2.12095,2.1219,1.00,1.00
2010.10.12 04:35:40.106,2.1211,2.122,1.00,1.00
2010.10.12 04:35:40.615,2.12115,2.122,1.00,1.00
2010.10.12 04:35:41.133,2.12115,2.12205,1.00,1.00
2010.10.12 04:35:41.514,2.12115,2.122,1.00,1.00
2010.10.12 04:36:07.548,2.12115,2.12195,1.00,1.00
2010.10.12 04:36:08.891,2.12115,2.12205,1.00,1.00
2010.10.12 04:36:09.858,2.12115,2.122,1.00,1.00
2010.10.12 04:36:10.361,2.1211,2.122,1.00,1.00
2010.10.12 04:36:10.709,2.1211,2.1219,1.00,1.00
2010.10.12 04:36:11.049,2.1211,2.122,1.00,1.00
2010.10.12 04:36:11.475,2.1211,2.122,1.00,1.00
2010.10.12 04:36:12.098,2.12115,2.122,1.00,1.00
2010.10.12 04:36:15.926,2.12115,2.1219,1.00,1.00
2010.10.12 04:36:16.036,2.1211,2.1219,1.00,1.00
2010.10.12 04:36:16.551,2.1211,2.1219,1.00,1.00
2010.10.12 04:36:16.670,2.12115,2.122,1.00,1.00
2010.10.12 04:36:17.356,2.12115,2.1219,1.00,1.00
2010.10.12 04:36:17.697,2.12115,2.122,1.00,1.00
2010.10.12 04:36:19.231,2.12115,2.122,1.00,1.00
2010.10.12 04:36:20.996,2.1211,2.1219,1.00,1.00
2010.10.12 04:36:21.136,2.12115,2.1219,1.00,1.00
2010.10.12 04:36:21.406,2.12115,2.122,1.00,1.00
2010.10.12 04:36:22.128,2.12115,2.1219,1.00,1.00
2010.10.12 04:36:25.036,2.1211,2.1219,1.00,1.00
2010.10.12 04:36:25.346,2.1211,2.1219,1.00,1.00
2010.10.12 04:36:25.535,2.1211,2.1219,1.00,1.00
2010.10.12 04:36:25.726,2.12115,2.122,1.00,1.00
2010.10.12 04:36:26.816,2.12115,2.1219,1.00,1.00
2010.10.12 04:36:28.243,2.1211,2.1219,1.00,1.00
2010.10.12 04:36:28.410,2.1213,2.1222,1.00,1.20
2010.10.12 04:36:28.720,2.12125,2.1221,1.00,1.00
2010.10.12 04:36:29.326,2.12125,2.122,1.00,1.00
2010.10.12 04:36:30.506,2.1212,2.122,1.00,1.00
2010.10.12 04:36:30.746,2.12115,2.122,1.60,1.00
2010.10.12 04:36:30.945,2.12115,2.122,1.60,1.00
2010.10.12 04:36:31.805,2.12125,2.1221,1.00,1.00
2010.10.12 04:36:32.148,2.12125,2.1221,1.00,1.00
2010.10.12 04:36:40.555,2.12125,2.122,1.00,1.00
2010.10.12 04:36:42.152,2.12125,2.1221,1.00,1.00
2010.10.12 04:36:42.576,2.12125,2.1221,1.00,1.00
2010.10.12 04:36:42.796,2.12125,2.1221,1.00,1.00
2010.10.12 04:36:45.473,2.12125,2.122,1.00,1.00
2010.10.12 04:36:46.606,2.12125,2.1221,1.00,1.00
2010.10.12 04:36:56.185,2.12125,2.1221,1.00,1.00
2010.10.12 04:36:56.285,2.12115,2.1221,1.60,1.00
2010.10.12 04:37:00.450,2.12115,2.122,1.60,1.00
2010.10.12 04:37:00.661,2.12115,2.122,1.00,1.00
2010.10.12 04:37:00.756,2.12105,2.12195,1.00,1.00
2010.10.12 04:37:01.695,2.121,2.12195,1.00,1.00
2010.10.12 04:37:01.865,2.1211,2.12195,1.00,1.00
2010.10.12 04:37:03.946,2.12105,2.12195,1.00,1.00
2010.10.12 04:37:08.360,2.121,2.12175,1.00,1.00
2010.10.12 04:37:08.598,2.1209,2.12175,1.00,1.00
2010.10.12 04:37:08.837,2.12085,2.12175,1.00,1.00
2010.10.12 04:37:08.957,2.12085,2.1217,1.00,1.00
2010.10.12 04:37:09.449,2.12085,2.12165,1.00,1.00
2010.10.12 04:37:09.646,2.12085,2.12175,1.00,1.00
2010.10.12 04:37:10.405,2.12085,2.12175,1.00,1.00
2010.10.12 04:37:16.395,2.12085,2.12175,1.00,1.00
2010.10.12 04:37:16.426,2.12085,2.12165,1.00,1.00
2010.10.12 04:37:16.866,2.1207,2.12165,1.00,1.00
2010.10.12 04:37:18.215,2.1207,2.1216,1.00,1.00
2010.10.12 04:37:19.159,2.1207,2.12165,1.00,1.00
2010.10.12 04:37:28.366,2.12055,2.1216,1.00,2.00
2010.10.12 04:37:28.506,2.1206,2.1216,1.00,1.60
2010.10.12 04:37:28.646,2.1207,2.12165,1.00,1.00
2010.10.12 04:37:37.994,2.1207,2.12155,1.00,1.00
2010.10.12 04:37:38.064,2.12065,2.12155,1.00,1.00
2010.10.12 04:37:38.146,2.1206,2.12155,1.60,1.00
2010.10.12 04:37:41.032,2.1206,2.12155,1.60,1.00
2010.10.12 04:37:46.017,2.12075,2.12165,1.00,1.20
2010.10.12 04:37:46.136,2.12075,2.12165,1.60,1.00
2010.10.12 04:37:47.745,2.12085,2.12165,1.00,1.00
2010.10.12 04:37:50.492,2.1208,2.12165,1.00,1.00
2010.10.12 04:37:57.768,2.12085,2.12165,1.00,1.00
2010.10.12 04:38:00.405,2.1209,2.12165,1.00,1.00
2010.10.12 04:38:00.966,2.1209,2.1217,1.00,1.00
2010.10.12 04:38:01.256,2.12085,2.1217,1.00,1.00
2010.10.12 04:38:01.407,2.12085,2.1217,1.00,1.00
2010.10.12 04:38:01.558,2.12085,2.1217,1.00,1.00
2010.10.12 04:38:01.708,2.12075,2.1216,1.00,1.00
2010.10.12 04:38:02.367,2.1207,2.1216,1.00,1.00
2010.10.12 04:38:04.177,2.1207,2.1216,1.00,1.00
2010.10.12 04:38:08.075,2.1207,2.1216,1.00,1.00
2010.10.12 04:38:08.166,2.1207,2.1216,1.00,1.00
2010.10.12 04:38:11.575,2.1207,2.1216,1.00,1.00
2010.10.12 04:38:17.833,2.1207,2.1216,1.00,1.00
2010.10.12 04:38:18.054,2.1207,2.1216,1.00,1.00
2010.10.12 04:38:18.136,2.1207,2.1216,1.00,1.00
2010.10.12 04:38:18.519,2.1207,2.12165,1.00,1.00
2010.10.12 04:38:34.642,2.12075,2.12165,1.00,1.00
2010.10.12 04:38:34.991,2.12055,2.12145,1.00,1.00
2010.10.12 04:38:36.716,2.12055,2.12145,1.00,1.00
2010.10.12 04:38:40.492,2.12055,2.12145,1.00,1.00
2010.10.12 04:38:40.648,2.1204,2.12135,1.20,1.00
2010.10.12 04:38:42.039,2.1204,2.12135,1.20,1.00
2010.10.12 04:38:47.268,2.1204,2.1213,1.00,1.00
2010.10.12 04:38:47.689,2.1204,2.12135,1.00,1.20
2010.10.12 04:38:48.369,2.12035,2.1213,1.00,1.00
2010.10.12 04:38:52.631,2.12035,2.1212,1.00,1.00
2010.10.12 04:38:53.035,2.12035,2.12125,1.00,1.00
2010.10.12 04:38:53.088,2.1202,2.12125,1.00,2.00
2010.10.12 04:38:53.110,2.12015,2.12115,1.60,1.00
2010.10.12 04:38:53.128,2.12015,2.12115,1.60,1.20
2010.10.12 04:38:53.150,2.12015,2.12115,1.00,1.20
2010.10.12 04:38:53.548,2.12015,2.12115,1.00,1.00
2010.10.12 04:38:53.889,2.1202,2.12125,1.00,2.00
2010.10.12 04:38:54.938,2.1202,2.1212,1.00,1.00
2010.10.12 04:39:15.528,2.1202,2.1211,1.00,1.00
2010.10.12 04:39:18.576,2.1202,2.1212,1.00,1.00
2010.10.12 04:39:22.115,2.1202,2.1212,1.00,1.00
2010.10.12 04:39:34.868,2.1202,2.1211,1.00,1.00
2010.10.12 04:39:35.064,2.1202,2.1212,1.00,1.00
2010.10.12 04:39:35.245,2.1202,2.1212,1.00,1.00
2010.10.12 04:39:41.648,2.1203,2.12125,1.00,1.20
2010.10.12 04:39:41.993,2.12035,2.12125,1.00,1.00
2010.10.12 04:39:54.586,2.12035,2.1212,1.00,1.00
2010.10.12 04:39:54.746,2.12035,2.12115,1.00,1.10
2010.10.12 04:39:54.907,2.12005,2.12095,1.20,1.00
2010.10.12 04:40:03.894,2.12005,2.12095,1.00,1.00
2010.10.12 04:40:07.809,2.12015,2.12095,1.00,1.00
2010.10.12 04:40:08.227,2.1202,2.1212,1.00,1.00
2010.10.12 04:40:08.919,2.1202,2.1212,1.00,1.00
2010.10.12 04:40:09.748,2.12025,2.1212,1.60,1.00
2010.10.12 04:40:11.147,2.12025,2.1212,1.60,1.00
2010.10.12 04:40:13.935,2.12025,2.12125,1.60,1.00
2010.10.12 04:40:14.007,2.12025,2.1212,1.60,1.00
2010.10.12 04:40:14.096,2.12025,2.1212,1.00,1.00
2010.10.12 04:40:14.420,2.1202,2.1212,1.00,1.00
2010.10.12 04:40:15.140,2.1202,2.1212,1.00,1.00
2010.10.12 04:40:35.736,2.12025,2.1212,1.00,1.00
2010.10.12 04:40:36.211,2.1202,2.1212,1.00,1.00
2010.10.12 04:40:39.189,2.12025,2.1212,1.00,1.00
2010.10.12 04:40:39.436,2.12025,2.1212,1.60,1.00
2010.10.12 04:40:39.805,2.12025,2.1212,1.00,1.00
2010.10.12 04:40:40.688,2.1202,2.1212,1.00,1.00
2010.10.12 04:40:40.971,2.1202,2.1212,2.40,1.00
2010.10.12 04:40:41.318,2.12035,2.12125,1.00,1.00
2010.10.12 04:40:41.663,2.1202,2.12105,1.00,1.00
2010.10.12 04:40:42.017,2.1202,2.1212,1.00,1.00
2010.10.12 04:40:43.246,2.1202,2.1212,2.40,1.00
2010.10.12 04:40:43.547,2.12035,2.12125,1.00,1.00
2010.10.12 04:40:43.847,2.12035,2.1214,1.00,1.60
2010.10.12 04:40:44.147,2.12035,2.1214,1.00,1.60
2010.10.12 04:40:44.346,2.12035,2.12125,1.00,1.00
2010.10.12 04:40:47.216,2.1205,2.1214,1.00,1.60
2010.10.12 04:40:47.448,2.12055,2.1214,1.00,1.00
2010.10.12 04:40:47.989,2.1204,2.1213,1.00,1.00
2010.10.12 04:41:03.226,2.12045,2.1213,1.00,1.00
2010.10.12 04:41:03.437,2.12055,2.1214,1.00,1.00
2010.10.12 04:41:06.296,2.12055,2.1214,1.00,1.00
2010.10.12 04:41:20.200,2.12055,2.1214,1.00,1.00
2010.10.12 04:41:20.538,2.1205,2.12135,1.00,1.00
2010.10.12 04:41:22.512,2.12055,2.12135,1.00,1.00
2010.10.12 04:41:48.167,2.1205,2.12135,1.00,1.00
2010.10.12 04:41:48.540,2.12055,2.12135,1.00,1.00
2010.10.12 04:41:48.661,2.12065,2.12145,1.00,1.00
2010.10.12 04:41:49.795,2.12055,2.12145,1.00,1.00
2010.10.12 04:41:51.590,2.12055,2.12145,1.00,1.00
2010.10.12 04:41:52.226,2.1207,2.12145,1.00,1.00
2010.10.12 04:41:52.272,2.1207,2.12155,1.00,1.00
2010.10.12 04:41:52.955,2.12075,2.12155,1.00,1.00
2010.10.12 04:41:53.458,2.1207,2.1215,1.00,1.00
2010.10.12 04:41:53.964,2.1206,2.12145,1.00,1.00
2010.10.12 04:41:54.289,2.1204,2.1214,1.00,1.00
2010.10.12 04:41:54.778,2.1204,2.1213,1.00,1.00
2010.10.12 04:41:55.421,2.12025,2.1211,1.00,1.00
2010.10.12 04:41:55.531,2.12015,2.1211,1.20,1.00
2010.10.12 04:41:57.152,2.12015,2.1211,1.20,1.00
2010.10.12 04:41:57.496,2.12015,2.1211,1.20,1.00
2010.10.12 04:41:59.346,2.12015,2.1211,1.00,1.00
2010.10.12 04:42:02.067,2.12025,2.1211,1.00,1.00
2010.10.12 04:42:02.276,2.12025,2.12115,1.60,1.00
2010.10.12 04:42:03.345,2.12025,2.12115,1.60,1.00
2010.10.12 04:42:03.810,2.12015,2.1211,1.00,1.20
2010.10.12 04:42:03.936,2.12005,2.12095,1.60,1.00
2010.10.12 04:42:04.068,2.1201,2.12095,1.00,1.00
2010.10.12 04:42:12.417,2.1201,2.12105,1.00,1.00
2010.10.12 04:42:12.486,2.1201,2.12105,1.60,1.00
2010.10.12 04:42:12.557,2.12015,2.12105,1.00,1.00
2010.10.12 04:42:24.314,2.1201,2.12105,1.60,1.00
2010.10.12 04:42:24.355,2.1201,2.12105,1.00,1.00
2010.10.12 04:42:24.555,2.1201,2.12095,1.00,1.00
2010.10.12 04:42:24.753,2.12005,2.12095,1.60,1.00
2010.10.12 04:42:25.776,2.1201,2.12095,1.00,1.00
2010.10.12 04:42:25.988,2.1202,2.1211,1.00,1.00
2010.10.12 04:43:11.519,2.12015,2.12105,1.00,1.00
2010.10.12 04:43:11.781,2.12005,2.12095,1.60,1.00
2010.10.12 04:43:19.635,2.12005,2.12085,1.60,1.00
2010.10.12 04:43:19.686,2.12005,2.12065,1.60,1.00
2010.10.12 04:43:19.787,2.12005,2.12065,1.00,1.00
2010.10.12 04:43:19.837,2.11985,2.12065,1.00,1.00
2010.10.12 04:43:19.888,2.11995,2.12065,1.00,1.00
2010.10.12 04:43:20.086,2.12005,2.12065,1.60,1.00
2010.10.12 04:43:20.138,2.12035,2.12085,1.00,1.00
2010.10.12 04:43:20.186,2.12035,2.12105,1.00,1.00
2010.10.12 04:43:20.744,2.12035,2.12095,1.00,1.00
2010.10.12 04:43:20.977,2.12035,2.12105,1.00,1.00
2010.10.12 04:43:21.216,2.1203,2.12105,1.00,1.00
2010.10.12 04:43:31.481,2.12035,2.12125,1.00,1.00
2010.10.12 04:43:32.761,2.12035,2.12125,1.00,1.00
2010.10.12 04:43:37.811,2.1204,2.12125,1.00,1.00
2010.10.12 04:43:37.989,2.1204,2.12125,1.00,1.00
2010.10.12 04:43:38.169,2.1204,2.12125,1.60,1.00
2010.10.12 04:43:38.524,2.1204,2.12125,1.00,1.00
2010.10.12 04:43:38.709,2.1204,2.1213,1.00,1.00
2010.10.12 04:43:39.455,2.1204,2.1213,1.00,1.00
2010.10.12 04:44:06.877,2.12035,2.12125,1.00,1.00
2010.10.12 04:44:07.327,2.1204,2.1213,1.60,1.00
2010.10.12 04:44:07.526,2.1204,2.12125,1.00,1.00
2010.10.12 04:44:07.726,2.1204,2.1213,1.00,1.00
2010.10.12 04:44:07.926,2.12035,2.1213,1.60,1.00
2010.10.12 04:44:08.310,2.12035,2.1213,1.00,1.00
2010.10.12 04:44:08.418,2.1204,2.12125,1.00,1.00
2010.10.12 04:44:08.716,2.12035,2.12125,1.00,1.00
2010.10.12 04:44:10.723,2.1204,2.12125,1.60,1.00
2010.10.12 04:44:10.940,2.1204,2.12125,1.00,1.00
2010.10.12 04:44:11.146,2.12035,2.12125,1.00,1.00
2010.10.12 04:44:22.406,2.1204,2.12125,1.00,1.00
2010.10.12 04:44:22.515,2.1204,2.1213,1.00,1.00
2010.10.12 04:44:23.026,2.1204,2.12125,1.60,1.00
2010.10.12 04:44:23.077,2.1204,2.12125,1.00,1.00
2010.10.12 04:44:23.526,2.12035,2.12125,1.00,1.00
2010.10.12 04:44:31.938,2.12055,2.12135,1.00,1.00
2010.10.12 04:44:43.076,2.1206,2.12135,1.00,1.00
2010.10.12 04:44:43.227,2.12065,2.12135,1.00,1.00
2010.10.12 04:44:43.836,2.12055,2.12135,1.00,1.00
2010.10.12 04:44:44.119,2.12055,2.12135,1.00,1.00
2010.10.12 04:44:47.587,2.12065,2.12135,1.00,1.00
2010.10.12 04:44:47.767,2.12065,2.1214,1.00,1.00
2010.10.12 04:44:48.892,2.12065,2.1214,1.00,1.00
2010.10.12 04:44:49.139,2.1206,2.1214,1.00,1.00
2010.10.12 04:44:50.875,2.1206,2.1214,1.00,1.00
2010.10.12 04:44:54.069,2.1207,2.1214,1.00,1.00
2010.10.12 04:44:54.649,2.1207,2.1215,1.00,1.00
2010.10.12 04:44:56.416,2.1207,2.1215,1.00,1.00
2010.10.12 04:44:56.566,2.1207,2.1215,1.00,1.00
2010.10.12 04:44:56.717,2.1207,2.1215,1.00,1.00
2010.10.12 04:44:58.007,2.1207,2.1215,1.00,1.00
2010.10.12 04:45:04.965,2.1207,2.12155,1.00,1.00
2010.10.12 04:45:05.098,2.12075,2.12155,1.00,1.00
2010.10.12 04:45:05.939,2.12085,2.12155,1.00,1.00
2010.10.12 04:45:06.099,2.12085,2.1216,1.00,1.00
2010.10.12 04:45:06.257,2.1209,2.1216,1.00,1.00
2010.10.12 04:45:06.417,2.1209,2.12165,1.00,1.00
2010.10.12 04:45:06.886,2.12085,2.12165,1.00,1.00
2010.10.12 04:45:07.883,2.12075,2.1216,1.00,1.00
2010.10.12 04:45:08.243,2.12075,2.1216,1.60,1.00
2010.10.12 04:45:10.718,2.12075,2.1216,1.60,1.00
2010.10.12 04:45:11.997,2.12075,2.1216,1.00,1.00
2010.10.12 04:45:12.242,2.12075,2.1216,1.60,1.00
2010.10.12 04:45:12.849,2.12075,2.1216,1.00,1.00
2010.10.12 04:45:13.405,2.12075,2.1216,1.60,1.00
2010.10.12 04:45:24.738,2.12075,2.1216,1.00,1.00
2010.10.12 04:45:25.268,2.12075,2.1216,1.60,1.00
2010.10.12 04:45:26.706,2.12075,2.1216,1.00,1.00
2010.10.12 04:45:27.346,2.12075,2.1216,1.60,1.00
2010.10.12 04:45:34.655,2.12075,2.1216,1.00,1.00
2010.10.12 04:45:35.296,2.12075,2.1216,1.60,1.00
2010.10.12 04:45:35.516,2.12075,2.12155,1.00,1.00
2010.10.12 04:45:35.545,2.12065,2.1215,1.00,1.00
2010.10.12 04:45:35.587,2.1205,2.12145,1.00,1.00
2010.10.12 04:45:35.687,2.1205,2.12145,1.20,1.00
2010.10.12 04:45:35.717,2.12055,2.12145,1.00,1.00
2010.10.12 04:45:35.847,2.1206,2.12145,1.00,1.00
2010.10.12 04:45:35.875,2.1206,2.12145,1.60,1.00
2010.10.12 04:45:36.887,2.1206,2.12145,1.00,1.00
2010.10.12 04:45:37.209,2.12075,2.1216,1.00,1.00
2010.10.12 04:45:37.527,2.12075,2.1216,1.60,1.00
2010.10.12 04:45:39.916,2.12075,2.12145,1.60,1.00
2010.10.12 04:45:40.045,2.12075,2.12145,1.00,1.00
2010.10.12 04:45:40.096,2.1206,2.12145,1.60,1.00
2010.10.12 04:45:46.331,2.12065,2.12155,1.00,1.00
2010.10.12 04:45:46.527,2.12065,2.12155,1.60,1.00
2010.10.12 04:45:47.246,2.1207,2.12155,1.00,1.00
2010.10.12 04:45:48.780,2.12075,2.12155,1.00,1.00
2010.10.12 04:46:01.989,2.12085,2.12155,1.00,1.00
2010.10.12 04:46:02.181,2.12085,2.1216,1.00,1.00
2010.10.12 04:46:03.301,2.1209,2.1216,1.00,1.00
2010.10.12 04:46:06.596,2.1209,2.1216,1.00,1.00
2010.10.12 04:46:06.927,2.1209,2.1216,1.00,1.00
2010.10.12 04:46:07.050,2.1209,2.1216,1.00,1.00
2010.10.12 04:46:07.167,2.1209,2.1216,1.00,1.00
2010.10.12 04:46:07.287,2.1209,2.1216,1.00,1.00
2010.10.12 04:46:09.173,2.1209,2.1216,1.00,1.00
2010.10.12 04:46:11.986,2.1209,2.1214,1.00,1.00
2010.10.12 04:46:12.503,2.1209,2.12145,1.00,1.00
2010.10.12 04:46:12.849,2.1209,2.1216,1.00,1.00
2010.10.12 04:46:13.188,2.1209,2.1216,1.00,1.00
2010.10.12 04:46:15.480,2.1209,2.1216,1.00,1.00
2010.10.12 04:46:16.837,2.12105,2.12175,1.00,1.00
2010.10.12 04:46:17.941,2.121,2.12175,1.00,1.00
2010.10.12 04:46:24.176,2.12095,2.12175,1.00,1.00
2010.10.12 04:46:24.669,2.121,2.1217,1.00,1.00
2010.10.12 04:46:24.846,2.121,2.12175,1.00,1.00
2010.10.12 04:46:26.195,2.12095,2.12175,1.00,1.00
2010.10.12 04:46:33.312,2.12095,2.1216,1.00,1.00
2010.10.12 04:46:34.407,2.1209,2.1216,1.00,1.00
2010.10.12 04:46:34.949,2.12085,2.1216,1.00,1.00
2010.10.12 04:46:35.232,2.1208,2.12175,1.00,1.00
2010.10.12 04:46:36.226,2.12085,2.1217,1.00,1.00
2010.10.12 04:46:36.397,2.12085,2.1217,1.00,1.00
2010.10.12 04:46:40.282,2.12085,2.12165,1.00,1.00
2010.10.12 04:46:41.373,2.12085,2.1217,1.00,1.00
2010.10.12 04:47:05.983,2.121,2.1217,1.00,1.00
2010.10.12 04:47:06.039,2.1209,2.1217,1.00,1.00
2010.10.12 04:47:06.681,2.12085,2.1217,1.00,1.00
2010.10.12 04:47:07.019,2.1207,2.12165,1.00,1.00
2010.10.12 04:47:09.259,2.1207,2.1216,1.00,1.00
2010.10.12 04:47:10.013,2.1207,2.12165,1.00,1.00
2010.10.12 04:47:11.316,2.1207,2.1217,1.00,1.00
2010.10.12 04:47:12.336,2.1207,2.12165,1.00,1.00
2010.10.12 04:47:12.566,2.1207,2.12165,1.00,1.00
2010.10.12 04:47:12.796,2.1207,2.1217,1.00,1.00
2010.10.12 04:47:13.213,2.12075,2.1217,1.00,1.00
2010.10.12 04:47:13.490,2.1207,2.1217,1.00,1.00
2010.10.12 04:47:13.769,2.1207,2.1217,1.00,1.00
2010.10.12 04:47:23.278,2.1207,2.1215,1.00,1.00
2010.10.12 04:47:23.859,2.12055,2.12145,1.60,1.00
2010.10.12 04:47:24.299,2.12065,2.1215,1.00,1.00
2010.10.12 04:47:24.858,2.12065,2.12145,1.00,1.00
2010.10.12 04:47:25.198,2.12055,2.12145,1.60,1.00
2010.10.12 04:47:25.898,2.12055,2.1215,2.00,1.00
2010.10.12 04:47:28.058,2.12055,2.1215,1.60,1.00
2010.10.12 04:47:28.430,2.12055,2.1215,1.60,1.00
2010.10.12 04:47:28.729,2.12055,2.1215,2.00,1.00
2010.10.12 04:47:29.037,2.12055,2.12145,1.60,1.00
2010.10.12 04:47:29.348,2.1206,2.12145,1.00,1.00
2010.10.12 04:47:29.993,2.12055,2.12145,1.60,1.00
2010.10.12 04:47:30.341,2.12055,2.1215,2.00,1.00
2010.10.12 04:47:30.521,2.12055,2.12145,1.60,1.00
2010.10.12 04:47:30.700,2.12055,2.12145,1.60,1.00
2010.10.12 04:47:31.058,2.12055,2.1215,2.00,1.00
2010.10.12 04:47:31.467,2.12055,2.12145,1.60,1.00
2010.10.12 04:47:31.752,2.12055,2.12145,1.60,1.00
2010.10.12 04:47:32.296,2.12065,2.1215,1.00,1.00
2010.10.12 04:47:34.436,2.12055,2.1215,2.00,1.00
2010.10.12 04:47:39.334,2.12055,2.1215,1.60,1.00
2010.10.12 04:47:39.519,2.12055,2.1215,1.60,1.00
2010.10.12 04:47:39.707,2.12055,2.1215,1.60,1.00
2010.10.12 04:47:39.886,2.12055,2.1215,1.60,1.00
2010.10.12 04:47:40.759,2.12055,2.1215,1.60,1.00
2010.10.12 04:47:41.688,2.12055,2.1215,1.60,1.00
2010.10.12 04:47:42.309,2.12065,2.1215,1.00,1.00
2010.10.12 04:47:42.558,2.12055,2.1215,2.00,1.00
2010.10.12 04:47:42.797,2.12065,2.1215,1.00,1.00
2010.10.12 04:47:44.562,2.1206,2.1215,1.00,1.00
2010.10.12 04:47:46.126,2.12055,2.1215,2.00,1.00
2010.10.12 04:47:49.496,2.12055,2.1215,2.00,1.00
2010.10.12 04:47:49.637,2.12055,2.12145,1.60,1.00
2010.10.12 04:47:51.444,2.12055,2.1215,1.60,1.00
2010.10.12 04:47:51.973,2.12055,2.1215,1.60,1.00
2010.10.12 04:48:06.223,2.12055,2.1215,3.20,1.00
2010.10.12 04:48:06.431,2.1207,2.1216,1.00,1.00
2010.10.12 04:48:07.038,2.12085,2.1218,1.00,1.20
2010.10.12 04:48:07.248,2.1207,2.12175,1.00,1.60
2010.10.12 04:48:08.160,2.1207,2.1216,1.00,1.00
2010.10.12 04:48:13.148,2.12065,2.1215,1.00,1.00
2010.10.12 04:48:13.278,2.12065,2.1214,1.00,1.00
2010.10.12 04:48:13.407,2.12045,2.1214,1.00,1.00
2010.10.12 04:48:14.159,2.12045,2.1214,1.00,1.00
2010.10.12 04:48:14.432,2.1205,2.1215,1.00,1.00
2010.10.12 04:48:19.517,2.12055,2.1215,1.00,1.00
2010.10.12 04:48:19.886,2.1205,2.1215,1.00,1.00
2010.10.12 04:48:20.136,2.12055,2.1215,1.00,1.00
2010.10.12 04:48:20.377,2.1205,2.1215,1.00,1.00
2010.10.12 04:48:24.548,2.1205,2.1215,1.00,1.00
2010.10.12 04:48:24.989,2.1206,2.1215,1.00,1.00
2010.10.12 04:48:25.197,2.1205,2.12155,1.00,1.60
2010.10.12 04:48:26.608,2.1205,2.1215,1.00,1.00
2010.10.12 04:48:27.107,2.1205,2.1214,1.00,1.00
2010.10.12 04:48:27.287,2.1205,2.1214,1.00,1.00
2010.10.12 04:48:27.570,2.1205,2.1214,1.00,1.00
2010.10.12 04:48:28.957,2.1205,2.1215,1.00,1.00
2010.10.12 04:48:29.757,2.12065,2.1215,1.00,1.00
2010.10.12 04:48:29.927,2.12065,2.1215,1.00,1.00
2010.10.12 04:48:30.428,2.12065,2.1216,1.00,1.00
2010.10.12 04:48:30.582,2.1205,2.1215,1.00,1.00
2010.10.12 04:48:30.738,2.12035,2.1214,2.00,1.00
2010.10.12 04:48:30.887,2.12045,2.1214,1.00,1.00
2010.10.12 04:48:31.648,2.12045,2.1214,1.00,1.00
2010.10.12 04:48:33.079,2.12045,2.1213,1.00,1.00
2010.10.12 04:48:33.198,2.12045,2.1213,1.00,1.00
2010.10.12 04:48:34.717,2.1205,2.1213,1.00,1.00
2010.10.12 04:48:34.927,2.1205,2.1214,1.00,1.00
2010.10.12 04:48:35.697,2.1205,2.1214,1.60,1.00
2010.10.12 04:48:35.837,2.12055,2.1214,1.00,1.00
2010.10.12 04:48:36.161,2.12055,2.1214,1.00,1.00
2010.10.12 04:48:36.327,2.1205,2.1214,1.00,1.00
2010.10.12 04:48:43.968,2.12065,2.1214,1.00,1.00
2010.10.12 04:48:44.090,2.12065,2.12155,1.00,1.60
2010.10.12 04:48:44.326,2.12065,2.12155,1.00,1.00
2010.10.12 04:48:44.446,2.12065,2.1216,1.00,1.00
2010.10.12 04:48:44.567,2.12065,2.1216,1.00,1.00
2010.10.12 04:48:45.557,2.12065,2.1216,1.60,1.00
2010.10.12 04:48:51.149,2.1208,2.1217,1.00,1.00
2010.10.12 04:48:52.671,2.1208,2.1217,1.00,1.00
2010.10.12 04:48:58.210,2.1208,2.1216,1.00,1.00
2010.10.12 04:48:58.447,2.1208,2.1216,1.00,1.00
2010.10.12 04:49:00.318,2.1208,2.1216,1.00,1.00
2010.10.12 04:49:00.509,2.1207,2.1215,1.60,1.00
2010.10.12 04:49:01.138,2.1206,2.1215,1.00,1.00
2010.10.12 04:49:01.361,2.1205,2.1214,1.60,1.00
2010.10.12 04:49:01.949,2.12055,2.1214,1.00,1.00
2010.10.12 04:49:02.185,2.12045,2.12135,1.00,1.00
2010.10.12 04:49:02.534,2.12045,2.12135,1.20,1.00
2010.10.12 04:49:03.418,2.12045,2.1214,1.20,1.00
2010.10.12 04:49:03.758,2.12045,2.12135,1.20,1.00
2010.10.12 04:49:04.097,2.12045,2.1214,1.60,1.00
2010.10.12 04:49:06.917,2.1205,2.1214,1.60,1.00
2010.10.12 04:49:16.430,2.1206,2.1215,1.00,1.00
2010.10.12 04:49:17.140,2.1206,2.1215,1.00,1.00
2010.10.12 04:49:17.447,2.1206,2.1215,1.00,1.00
2010.10.12 04:49:28.213,2.1205,2.1214,1.60,1.00
2010.10.12 04:49:28.917,2.1205,2.1214,1.60,1.00
2010.10.12 04:49:30.378,2.1205,2.1214,1.60,1.00
2010.10.12 04:49:50.617,2.1205,2.1214,1.60,1.00
2010.10.12 04:49:56.626,2.12055,2.12145,1.00,1.00
2010.10.12 04:49:56.868,2.1206,2.12145,1.00,1.00
2010.10.12 04:49:57.007,2.1206,2.1215,1.00,1.00
2010.10.12 04:49:57.147,2.1206,2.12155,1.00,1.00
2010.10.12 04:49:57.670,2.12065,2.1216,1.00,1.00
2010.10.12 04:50:03.168,2.12065,2.12145,1.00,1.00
2010.10.12 04:50:03.470,2.12035,2.1213,1.60,1.00
2010.10.12 04:50:03.738,2.12025,2.12115,1.00,1.00
2010.10.12 04:50:04.578,2.1203,2.12115,1.00,1.00
2010.10.12 04:50:06.472,2.1207,2.12115,1.00,1.00
2010.10.12 04:50:06.679,2.12085,2.12155,1.00,1.00
2010.10.12 04:50:06.968,2.1208,2.12155,1.00,1.00
2010.10.12 04:50:07.574,2.12065,2.12155,1.00,1.00
2010.10.12 04:50:08.037,2.12065,2.1216,1.20,1.00
2010.10.12 04:50:08.527,2.12065,2.1216,1.20,1.00
2010.10.12 04:50:09.488,2.12065,2.1216,1.20,1.00
2010.10.12 04:50:15.122,2.1211,2.1216,1.10,1.00
2010.10.12 04:50:15.162,2.1214,2.1217,1.00,1.00
2010.10.12 04:50:15.509,2.12145,2.1223,1.00,1.00
2010.10.12 04:50:15.849,2.1213,2.1222,1.00,1.00
2010.10.12 04:50:16.193,2.1212,2.1222,2.00,1.00
2010.10.12 04:50:16.347,2.1212,2.1222,1.60,1.00
2010.10.12 04:50:16.686,2.1212,2.1221,1.00,1.00
2010.10.12 04:50:16.842,2.12115,2.1221,1.00,1.00
2010.10.12 04:50:16.999,2.1212,2.1221,1.00,1.00
2010.10.12 04:50:17.158,2.1212,2.1222,1.60,1.00
2010.10.12 04:50:17.317,2.1212,2.1222,2.00,1.00
2010.10.12 04:50:19.405,2.1212,2.1222,2.00,1.00
2010.10.12 04:50:19.519,2.1212,2.1222,2.00,1.00
2010.10.12 04:50:26.187,2.1212,2.1221,2.00,1.00
2010.10.12 04:50:26.267,2.1212,2.1221,2.00,1.00
2010.10.12 04:50:26.348,2.1212,2.1221,1.00,1.00
2010.10.12 04:50:26.427,2.12115,2.12205,1.00,1.00
2010.10.12 04:50:28.116,2.12115,2.12205,1.00,1.00
2010.10.12 04:50:59.168,2.12115,2.12185,1.00,1.00
2010.10.12 04:50:59.286,2.1211,2.1218,1.00,1.00
2010.10.12 04:50:59.819,2.1211,2.12195,1.00,1.00
2010.10.12 04:51:00.066,2.1211,2.12195,1.00,1.00
2010.10.12 04:51:00.178,2.1211,2.122,1.00,1.00
2010.10.12 04:51:00.380,2.1212,2.1221,1.00,1.00
2010.10.12 04:51:00.577,2.1212,2.1221,1.00,1.00
2010.10.12 04:51:00.951,2.1212,2.1222,1.00,1.00
2010.10.12 04:51:01.153,2.12135,2.12225,1.00,1.00
2010.10.12 04:51:04.167,2.12185,2.12225,1.00,1.00
2010.10.12 04:51:04.349,2.12185,2.12235,1.00,1.00
2010.10.12 04:51:04.510,2.1219,2.1228,1.00,1.00
2010.10.12 04:51:04.747,2.1219,2.12285,1.00,1.00
2010.10.12 04:51:04.987,2.12195,2.12285,1.00,1.00
2010.10.12 04:51:05.442,2.122,2.1229,1.00,1.00
2010.10.12 04:51:05.617,2.122,2.1229,1.00,1.00
2010.10.12 04:51:06.157,2.12195,2.1227,1.00,1.00
2010.10.12 04:51:06.507,2.1219,2.1227,1.00,1.00
2010.10.12 04:51:06.757,2.1219,2.12265,1.00,1.60
2010.10.12 04:51:08.849,2.1218,2.12255,1.00,1.00
2010.10.12 04:51:09.447,2.12175,2.1226,1.00,1.00
2010.10.12 04:51:10.509,2.1219,2.1226,1.00,1.00
2010.10.12 04:51:10.931,2.12195,2.12275,1.00,1.00
2010.10.12 04:51:12.013,2.12195,2.1227,1.00,1.00
2010.10.12 04:51:13.529,2.12195,2.1226,1.00,1.00
2010.10.12 04:51:13.627,2.12195,2.1227,1.00,1.00
2010.10.12 04:51:13.928,2.1219,2.12285,1.00,1.00
2010.10.12 04:51:14.028,2.1219,2.1229,1.00,1.00
2010.10.12 04:51:14.368,2.12175,2.12275,2.00,1.00
2010.10.12 04:51:15.229,2.12175,2.12275,3.60,1.00
2010.10.12 04:51:15.408,2.1219,2.12275,1.00,1.00
2010.10.12 04:51:15.588,2.1219,2.1228,1.20,1.00
2010.10.12 04:51:16.388,2.1219,2.1227,1.20,1.00
2010.10.12 04:51:16.838,2.12175,2.1227,2.00,1.00
2010.10.12 04:51:17.568,2.12175,2.12265,1.00,1.00
2010.10.12 04:51:18.209,2.1218,2.12235,1.00,1.00
2010.10.12 04:51:18.252,2.12145,2.1223,1.00,1.00
2010.10.12 04:51:18.451,2.12145,2.12225,1.00,1.00
2010.10.12 04:51:18.648,2.12135,2.1221,1.00,1.00
2010.10.12 04:51:18.848,2.1213,2.12215,1.00,1.00
2010.10.12 04:51:20.280,2.12145,2.12215,1.00,1.00
2010.10.12 04:51:20.480,2.12135,2.12215,2.00,1.00
2010.10.12 04:51:20.852,2.12135,2.12215,1.20,1.00
2010.10.12 04:51:21.081,2.12125,2.12205,1.00,1.00
2010.10.12 04:51:21.297,2.1212,2.12205,1.00,1.00
2010.10.12 04:51:21.939,2.12105,2.1219,1.00,1.00
2010.10.12 04:51:22.283,2.1209,2.1219,1.60,1.00
2010.10.12 04:51:22.563,2.1209,2.1219,1.60,1.00
2010.10.12 04:51:22.839,2.1209,2.1219,1.60,1.00
2010.10.12 04:51:23.595,2.1209,2.12185,1.20,1.00
2010.10.12 04:51:23.852,2.1209,2.12185,1.00,1.20
2010.10.12 04:51:24.357,2.1209,2.1218,1.00,1.00
2010.10.12 04:51:24.827,2.1209,2.1218,1.20,1.00
2010.10.12 04:51:25.750,2.12095,2.1219,1.00,1.00
2010.10.12 04:51:25.877,2.12095,2.1219,1.20,1.00
2010.10.12 04:51:26.137,2.1211,2.122,1.00,2.00
2010.10.12 04:51:26.267,2.1211,2.122,1.00,1.00
2010.10.12 04:51:26.397,2.1211,2.12205,1.00,1.00
2010.10.12 04:51:28.949,2.1211,2.12205,1.00,1.00
2010.10.12 04:51:32.469,2.12125,2.12205,1.20,1.00
2010.10.12 04:51:34.359,2.12125,2.1222,1.20,1.00
2010.10.12 04:51:36.503,2.12125,2.12225,1.20,1.20
2010.10.12 04:51:37.111,2.12125,2.1222,1.00,1.00
2010.10.12 04:51:37.344,2.12125,2.1222,1.00,1.00
2010.10.12 04:51:37.569,2.1212,2.1222,1.00,1.30
2010.10.12 04:51:38.249,2.1213,2.1222,1.00,1.00
2010.10.12 04:51:38.590,2.1213,2.1222,1.20,1.00
2010.10.12 04:51:38.944,2.1213,2.12215,1.00,1.00
2010.10.12 04:51:39.076,2.1212,2.1222,1.00,1.20
2010.10.12 04:51:40.027,2.1212,2.1222,1.00,1.20
2010.10.12 04:51:40.770,2.12125,2.1222,1.00,1.00
2010.10.12 04:51:40.999,2.12125,2.1222,1.20,1.00
2010.10.12 04:51:42.589,2.12125,2.1222,1.20,1.00
2010.10.12 04:51:44.330,2.12125,2.12225,1.20,1.20
2010.10.12 04:51:44.552,2.1213,2.12225,1.00,1.00
2010.10.12 04:51:44.767,2.1213,2.1223,1.20,1.00
2010.10.12 04:51:45.480,2.12135,2.12225,1.00,1.20
2010.10.12 04:51:45.817,2.12145,2.12235,1.00,1.00
2010.10.12 04:51:46.498,2.12145,2.1223,1.00,1.00
2010.10.12 04:51:48.042,2.12145,2.1223,1.00,1.00
2010.10.12 04:51:51.646,2.12145,2.12235,1.00,1.00
2010.10.12 04:51:51.799,2.12155,2.1224,1.00,1.00
2010.10.12 04:51:51.949,2.12155,2.1224,1.00,1.00
2010.10.12 04:51:52.097,2.12155,2.1224,1.00,1.00
2010.10.12 04:51:52.297,2.12145,2.12235,1.00,1.00
2010.10.12 04:51:53.138,2.12145,2.1223,1.00,1.00
2010.10.12 04:51:53.568,2.12145,2.1223,1.00,1.00
2010.10.12 04:51:54.106,2.1216,2.1223,1.00,1.00
2010.10.12 04:51:54.172,2.1216,2.12235,1.00,1.00
2010.10.12 04:51:54.523,2.1215,2.12235,1.60,1.00
2010.10.12 04:51:54.870,2.12145,2.12235,1.00,1.00
2010.10.12 04:51:56.286,2.12145,2.1223,1.00,1.00
2010.10.12 04:51:56.908,2.12145,2.1223,1.00,1.00
2010.10.12 04:51:57.331,2.12145,2.1223,1.00,1.00
2010.10.12 04:51:57.609,2.12135,2.1222,1.60,1.00
2010.10.12 04:51:57.888,2.12125,2.12225,1.20,1.20
2010.10.12 04:51:58.926,2.12125,2.1222,1.20,1.00
2010.10.12 04:51:59.105,2.12115,2.12205,1.00,1.00
2010.10.12 04:52:01.175,2.12115,2.122,1.00,1.00
2010.10.12 04:52:03.447,2.12115,2.122,1.00,1.00
2010.10.12 04:52:04.142,2.12115,2.12205,1.00,1.00
2010.10.12 04:52:05.817,2.12115,2.122,1.00,1.00
2010.10.12 04:52:05.977,2.1211,2.122,1.00,1.00
2010.10.12 04:52:07.105,2.1211,2.122,1.00,1.00
2010.10.12 04:52:07.611,2.1211,2.12195,1.00,1.00
2010.10.12 04:52:08.850,2.1212,2.122,1.00,1.00
2010.10.12 04:52:09.311,2.12135,2.1221,1.00,1.00
2010.10.12 04:52:10.074,2.12135,2.1221,1.00,1.00
2010.10.12 04:52:10.167,2.12135,2.12195,1.00,1.00
2010.10.12 04:52:10.347,2.1212,2.12195,1.00,1.00
2010.10.12 04:52:10.437,2.1211,2.12195,1.00,1.00
2010.10.12 04:52:10.707,2.1211,2.1219,1.00,1.00
2010.10.12 04:52:11.200,2.121,2.1219,2.00,1.00
2010.10.12 04:52:11.420,2.121,2.12185,1.00,1.00
2010.10.12 04:52:11.639,2.121,2.1219,1.00,1.00
2010.10.12 04:52:12.298,2.121,2.1219,1.00,1.00
2010.10.12 04:52:13.268,2.121,2.1219,1.00,1.00
2010.10.12 04:52:18.137,2.12105,2.1219,1.00,1.00
2010.10.12 04:52:27.300,2.121,2.1219,1.00,1.00
2010.10.12 04:52:27.920,2.12095,2.12185,1.20,1.00
2010.10.12 04:52:27.998,2.121,2.12175,1.00,1.00
2010.10.12 04:52:28.077,2.1208,2.12175,2.00,1.00
2010.10.12 04:52:28.237,2.12095,2.12175,1.00,1.00
2010.10.12 04:52:28.468,2.12095,2.12185,1.00,1.00
2010.10.12 04:52:28.698,2.12095,2.12185,1.00,1.00
2010.10.12 04:52:28.928,2.1209,2.1218,1.00,1.00
2010.10.12 04:52:30.247,2.1209,2.1218,1.00,1.00
2010.10.12 04:52:32.372,2.1209,2.1218,1.00,1.00
2010.10.12 04:52:35.882,2.1209,2.12175,1.00,1.00
2010.10.12 04:52:39.847,2.12095,2.1218,1.00,1.00
2010.10.12 04:52:40.198,2.12095,2.12185,1.00,1.00
2010.10.12 04:52:44.167,2.12095,2.1218,1.00,1.00
2010.10.12 04:52:45.585,2.12095,2.12175,1.00,1.00
2010.10.12 04:52:45.849,2.1209,2.12175,1.20,1.00
2010.10.12 04:52:46.289,2.12085,2.1217,1.00,1.00
2010.10.12 04:52:47.307,2.12085,2.1217,1.00,1.00
2010.10.12 04:52:47.528,2.12075,2.12165,2.00,1.00
2010.10.12 04:52:47.748,2.12075,2.12165,1.00,1.00
2010.10.12 04:52:49.189,2.12075,2.12155,1.00,1.00
2010.10.12 04:52:49.522,2.1207,2.12155,1.00,1.00
2010.10.12 04:52:51.597,2.12065,2.1215,1.00,1.00
2010.10.12 04:52:51.939,2.1206,2.12145,1.00,1.00
2010.10.12 04:52:52.289,2.12075,2.12145,1.00,1.00
2010.10.12 04:52:52.462,2.1207,2.12155,1.00,1.00
2010.10.12 04:52:57.209,2.1207,2.1215,1.00,1.00
2010.10.12 04:52:57.398,2.12065,2.1215,1.00,1.00
2010.10.12 04:52:58.662,2.12065,2.1215,1.00,1.00
2010.10.12 04:53:00.152,2.1207,2.1215,1.00,1.00
2010.10.12 04:53:00.581,2.1207,2.12155,1.00,1.00
2010.10.12 04:53:00.689,2.12075,2.1216,1.00,1.00
2010.10.12 04:53:01.498,2.12075,2.12165,1.00,1.00
2010.10.12 04:53:04.150,2.12075,2.1216,1.00,1.00
2010.10.12 04:53:05.180,2.12085,2.1218,1.00,1.00
2010.10.12 04:53:06.188,2.12085,2.1218,1.00,1.00
2010.10.12 04:53:06.510,2.12085,2.1218,1.00,1.00
2010.10.12 04:53:07.520,2.12125,2.12185,1.00,1.00
2010.10.12 04:53:07.677,2.12125,2.1219,1.00,1.00
2010.10.12 04:53:11.418,2.12115,2.1219,1.00,1.00
2010.10.12 04:53:11.497,2.12115,2.1219,1.00,1.00
2010.10.12 04:53:11.646,2.12125,2.1219,1.00,1.00
2010.10.12 04:53:12.722,2.12115,2.1219,1.00,1.00
2010.10.12 04:53:12.998,2.1211,2.12185,1.00,1.00
2010.10.12 04:53:13.280,2.12105,2.1219,1.00,1.00
2010.10.12 04:53:13.558,2.12105,2.12185,1.00,1.00
2010.10.12 04:53:13.837,2.12085,2.12185,1.00,1.20
2010.10.12 04:53:15.118,2.12085,2.12185,1.00,1.20
2010.10.12 04:53:15.439,2.1209,2.1219,1.20,1.00
2010.10.12 04:53:16.188,2.1209,2.1219,1.20,1.00
2010.10.12 04:53:16.713,2.12105,2.1219,1.00,1.00
2010.10.12 04:53:16.818,2.1211,2.122,1.00,1.00
2010.10.12 04:53:18.771,2.12115,2.122,1.00,1.00
2010.10.12 04:53:19.517,2.12105,2.1219,2.00,1.00
2010.10.12 04:53:19.719,2.12105,2.12185,2.00,1.00
2010.10.12 04:53:20.324,2.121,2.12185,1.00,1.00
2010.10.12 04:53:20.668,2.121,2.1219,1.00,1.00
2010.10.12 04:53:21.350,2.121,2.1218,1.00,1.00
2010.10.12 04:53:22.218,2.12095,2.1218,1.20,1.00
2010.10.12 04:53:22.477,2.12095,2.1219,1.20,1.00
2010.10.12 04:53:22.737,2.12105,2.1219,1.00,1.00
2010.10.12 04:53:22.998,2.1211,2.1221,1.00,1.60
2010.10.12 04:53:23.578,2.1212,2.12215,1.00,1.00
2010.10.12 04:53:24.526,2.1212,2.1222,1.00,1.00
2010.10.12 04:53:27.331,2.12105,2.12205,1.20,1.00
2010.10.12 04:53:27.668,2.1211,2.12205,1.60,1.00
2010.10.12 04:53:28.617,2.1211,2.122,1.60,1.00
2010.10.12 04:53:29.427,2.1211,2.122,1.60,1.00
2010.10.12 04:53:30.109,2.1211,2.122,1.60,1.00
2010.10.12 04:53:30.447,2.1211,2.122,1.60,1.00
2010.10.12 04:53:31.738,2.1211,2.122,1.60,1.00
2010.10.12 04:53:31.967,2.121,2.122,1.60,1.00
2010.10.12 04:53:32.970,2.121,2.122,1.00,1.00
2010.10.12 04:53:33.272,2.121,2.1219,1.00,1.00
2010.10.12 04:53:33.577,2.121,2.1219,1.00,1.00
2010.10.12 04:53:37.947,2.121,2.122,1.00,1.40
2010.10.12 04:53:38.369,2.121,2.12195,1.00,1.00
2010.10.12 04:53:38.400,2.12095,2.12195,1.00,1.20
2010.10.12 04:53:38.492,2.1209,2.12195,2.00,1.20
2010.10.12 04:53:39.917,2.121,2.1219,1.00,1.00
2010.10.12 04:53:41.458,2.121,2.122,1.00,1.20
2010.10.12 04:53:43.331,2.121,2.1219,1.00,1.00
2010.10.12 04:53:44.076,2.121,2.122,1.00,1.30
2010.10.12 04:53:45.157,2.121,2.122,1.00,1.20
2010.10.12 04:53:45.247,2.1212,2.122,1.00,1.20
2010.10.12 04:53:45.417,2.12125,2.1221,1.00,1.00
2010.10.12 04:53:47.188,2.12125,2.1221,1.00,1.00
2010.10.12 04:53:48.556,2.12125,2.1221,1.00,2.10
2010.10.12 04:53:48.704,2.1211,2.1219,1.20,1.00
2010.10.12 04:53:48.849,2.1212,2.1221,1.00,1.00
2010.10.12 04:53:48.989,2.1212,2.1221,1.00,1.00
2010.10.12 04:53:49.129,2.1212,2.1221,1.20,1.00
2010.10.12 04:53:49.349,2.12125,2.1221,1.00,1.00
2010.10.12 04:53:50.030,2.12125,2.1221,1.00,1.00
2010.10.12 04:53:50.368,2.12125,2.1221,1.00,1.00
2010.10.12 04:53:51.036,2.12125,2.1221,1.00,1.00
2010.10.12 04:53:52.099,2.12125,2.12205,1.00,1.00
2010.10.12 04:53:55.678,2.12125,2.12195,1.00,1.00
2010.10.12 04:53:56.018,2.1211,2.12195,1.00,1.00
2010.10.12 04:53:56.362,2.1211,2.122,1.00,1.20
2010.10.12 04:53:56.712,2.1211,2.122,1.00,1.20
2010.10.12 04:53:58.206,2.1211,2.1219,1.00,1.00
2010.10.12 04:53:59.735,2.1211,2.122,1.20,1.00
2010.10.12 04:54:00.078,2.1211,2.122,2.00,1.00
2010.10.12 04:54:01.287,2.1211,2.122,1.20,1.00
2010.10.12 04:54:02.048,2.1211,2.122,2.00,1.00
2010.10.12 04:54:03.138,2.1211,2.122,1.20,1.00
2010.10.12 04:54:03.323,2.12125,2.12215,1.20,1.00
2010.10.12 04:54:03.500,2.12125,2.12215,2.00,1.00
2010.10.12 04:54:03.680,2.12135,2.12215,1.00,1.00
2010.10.12 04:54:04.301,2.1214,2.1222,1.00,1.00
2010.10.12 04:54:04.609,2.12125,2.12215,1.20,1.00
2010.10.12 04:54:04.919,2.12125,2.12215,2.00,1.00
2010.10.12 04:54:05.228,2.12125,2.1221,2.00,1.00
2010.10.12 04:54:05.540,2.12125,2.12205,1.00,1.00
2010.10.12 04:54:06.062,2.1211,2.12205,1.00,1.00
2010.10.12 04:54:06.258,2.1211,2.12205,1.20,1.00
2010.10.12 04:54:06.450,2.1211,2.122,1.00,1.00
2010.10.12 04:54:06.898,2.12105,2.122,1.00,1.00
2010.10.12 04:54:07.128,2.121,2.122,1.60,1.00
2010.10.12 04:54:07.629,2.121,2.122,1.60,1.00
2010.10.12 04:54:07.912,2.121,2.122,1.00,1.40
2010.10.12 04:54:08.189,2.121,2.1219,1.00,1.00
2010.10.12 04:54:09.358,2.12105,2.122,1.00,1.00
2010.10.12 04:54:10.137,2.121,2.122,1.60,1.00
2010.10.12 04:54:10.959,2.12105,2.122,1.00,1.00
2010.10.12 04:54:11.160,2.121,2.122,1.60,1.00
2010.10.12 04:54:11.360,2.12105,2.1219,1.00,1.00
2010.10.12 04:54:11.558,2.12105,2.1219,1.00,1.00
2010.10.12 04:54:12.809,2.121,2.1219,1.00,1.00
2010.10.12 04:54:13.100,2.12095,2.1219,1.60,1.00
2010.10.12 04:54:13.739,2.121,2.1219,1.00,1.00
2010.10.12 04:54:14.707,2.1209,2.1219,2.00,1.00
2010.10.12 04:54:14.907,2.12095,2.1219,1.00,1.00
2010.10.12 04:54:15.420,2.1209,2.1219,2.00,1.00
2010.10.12 04:54:17.776,2.12095,2.1219,1.00,1.00
2010.10.12 04:54:20.648,2.12095,2.12195,1.00,1.20
2010.10.12 04:54:20.707,2.12095,2.12195,1.00,1.00
2010.10.12 04:54:21.486,2.12105,2.122,1.20,1.00
2010.10.12 04:54:22.339,2.12105,2.122,1.20,1.00
2010.10.12 04:54:23.257,2.12105,2.12205,1.20,1.00
2010.10.12 04:54:24.839,2.12105,2.122,1.20,1.00
2010.10.12 04:54:24.956,2.12105,2.12205,1.20,1.00
2010.10.12 04:54:25.901,2.12105,2.122,1.20,1.00
2010.10.12 04:54:26.368,2.12105,2.122,1.00,1.00
2010.10.12 04:54:26.607,2.121,2.122,1.00,1.00
2010.10.12 04:54:28.149,2.12085,2.12175,1.00,1.00
2010.10.12 04:54:28.428,2.12085,2.1218,1.00,1.00
2010.10.12 04:54:28.889,2.12085,2.1219,1.60,1.30
2010.10.12 04:54:29.389,2.12095,2.1218,1.00,1.00
2010.10.12 04:54:30.711,2.1209,2.1218,1.00,1.00
2010.10.12 04:54:36.244,2.12085,2.1217,1.60,1.00
2010.10.12 04:54:36.300,2.12105,2.1217,1.00,1.00
2010.10.12 04:54:40.128,2.12105,2.12165,1.00,1.00
2010.10.12 04:54:40.419,2.12075,2.12165,1.00,1.00
2010.10.12 04:54:40.568,2.12075,2.12165,1.20,1.00
2010.10.12 04:54:40.970,2.1208,2.12165,1.00,1.00
2010.10.12 04:54:42.541,2.12085,2.1217,1.00,1.00
2010.10.12 04:54:42.768,2.12085,2.12175,1.00,1.00
2010.10.12 04:54:43.299,2.12085,2.1217,2.00,1.00
2010.10.12 04:54:43.538,2.12085,2.1217,1.20,1.00
2010.10.12 04:54:43.712,2.12085,2.1217,2.00,1.00
2010.10.12 04:54:44.219,2.12085,2.1217,1.20,1.00
2010.10.12 04:54:44.918,2.12085,2.1217,2.00,1.00
2010.10.12 04:54:45.237,2.12085,2.1217,1.20,1.00
2010.10.12 04:54:47.619,2.12085,2.12175,1.20,1.00
2010.10.12 04:54:47.778,2.12085,2.12175,2.00,1.00
2010.10.12 04:54:48.464,2.1209,2.1218,1.00,1.00
2010.10.12 04:54:49.119,2.1209,2.1218,1.00,1.00
2010.10.12 04:54:49.429,2.12085,2.12175,1.20,1.00
2010.10.12 04:54:49.737,2.1209,2.1218,1.00,1.00
2010.10.12 04:54:50.157,2.1209,2.1217,1.00,1.00
2010.10.12 04:54:50.472,2.1209,2.1218,1.00,1.00
2010.10.12 04:54:51.177,2.12095,2.1218,1.00,1.00
2010.10.12 04:54:51.428,2.12095,2.1218,1.00,1.00
2010.10.12 04:54:51.780,2.1209,2.1217,1.00,1.00
2010.10.12 04:54:52.018,2.12085,2.1217,1.00,1.00
2010.10.12 04:54:52.267,2.1208,2.1218,1.00,1.00
2010.10.12 04:54:53.390,2.1207,2.12165,1.00,1.20
2010.10.12 04:54:53.550,2.12075,2.12165,1.00,1.00
2010.10.12 04:54:53.710,2.12075,2.1217,1.00,1.00
2010.10.12 04:54:53.869,2.12075,2.1216,1.00,1.00
2010.10.12 04:54:54.458,2.12075,2.1216,1.00,1.00
2010.10.12 04:54:54.797,2.12075,2.12165,1.00,1.00
2010.10.12 04:54:57.030,2.12075,2.1215,1.00,1.00
2010.10.12 04:54:57.231,2.1206,2.12155,1.20,1.00
2010.10.12 04:54:57.584,2.1207,2.1216,1.20,1.00
2010.10.12 04:54:57.833,2.12075,2.1216,1.00,1.00
2010.10.12 04:54:58.798,2.1207,2.12155,1.20,1.00
2010.10.12 04:54:59.384,2.12065,2.1215,1.60,1.00
2010.10.12 04:54:59.664,2.12065,2.12145,1.00,1.00
2010.10.12 04:55:00.149,2.12075,2.1215,1.00,1.00
2010.10.12 04:55:00.390,2.12075,2.1215,1.00,1.00
2010.10.12 04:55:00.629,2.12075,2.12155,1.00,1.00
2010.10.12 04:55:01.340,2.1207,2.1215,1.20,1.00
2010.10.12 04:55:01.590,2.1207,2.12145,1.00,1.00
2010.10.12 04:55:02.090,2.1207,2.1215,1.00,1.00
2010.10.12 04:55:02.641,2.1206,2.12145,1.00,1.00
2010.10.12 04:55:02.883,2.1206,2.1213,1.20,1.00
2010.10.12 04:55:03.182,2.1206,2.12145,1.20,1.00
2010.10.12 04:55:03.478,2.1206,2.12145,1.00,1.00
2010.10.12 04:55:04.070,2.1206,2.12135,1.00,1.00
2010.10.12 04:55:05.842,2.12065,2.12145,1.00,1.00
2010.10.12 04:55:06.016,2.12065,2.1215,1.60,1.00
2010.10.12 04:55:06.360,2.1207,2.1215,1.00,1.00
2010.10.12 04:55:07.279,2.1207,2.1215,1.00,1.00
2010.10.12 04:55:08.500,2.12065,2.12145,1.60,1.00
2010.10.12 04:55:09.068,2.12065,2.12145,1.60,1.00
2010.10.12 04:55:09.270,2.12065,2.1215,1.60,1.00
2010.10.12 04:55:09.459,2.1207,2.1215,1.00,1.00
2010.10.12 04:55:09.647,2.12065,2.1215,1.60,1.00
2010.10.12 04:55:10.505,2.12065,2.12145,1.00,1.00
2010.10.12 04:55:10.848,2.1206,2.1214,1.00,1.00
2010.10.12 04:55:11.795,2.1206,2.1214,1.00,1.00
2010.10.12 04:55:12.828,2.1206,2.1214,1.00,1.00
2010.10.12 04:55:13.588,2.1206,2.12145,1.00,1.00
2010.10.12 04:55:16.299,2.1206,2.1213,1.00,1.00
2010.10.12 04:55:16.497,2.12055,2.1213,1.20,1.00
2010.10.12 04:55:17.249,2.12055,2.1213,1.00,1.00
2010.10.12 04:55:17.927,2.1205,2.1213,1.00,1.00
2010.10.12 04:55:19.980,2.12045,2.1213,1.60,1.00
2010.10.12 04:55:22.170,2.12055,2.12135,1.00,1.00
2010.10.12 04:55:23.487,2.12055,2.12135,1.60,1.00
2010.10.12 04:55:25.971,2.1206,2.12135,1.00,1.00
2010.10.12 04:55:27.788,2.1206,2.1213,1.00,1.00
2010.10.12 04:55:28.165,2.1205,2.1213,1.60,1.00
2010.10.12 04:55:29.952,2.1205,2.12135,1.60,1.00
2010.10.12 04:55:30.180,2.12055,2.12135,1.60,1.00
2010.10.12 04:55:33.469,2.1206,2.12135,1.00,1.00
2010.10.12 04:55:36.268,2.1205,2.12135,1.00,1.00
2010.10.12 04:55:36.518,2.12055,2.1215,1.00,1.20
2010.10.12 04:55:36.770,2.12065,2.12135,1.00,1.00
2010.10.12 04:55:37.020,2.1206,2.12135,1.00,1.00
2010.10.12 04:55:37.354,2.1204,2.12135,1.00,1.00
2010.10.12 04:55:37.692,2.12055,2.1215,1.60,1.00
2010.10.12 04:55:38.029,2.12055,2.12145,1.60,1.00
2010.10.12 04:55:38.570,2.12065,2.12145,1.00,1.00
2010.10.12 04:55:38.841,2.12065,2.1215,1.00,1.00
2010.10.12 04:55:40.637,2.1206,2.1213,1.00,1.00
2010.10.12 04:55:41.016,2.12055,2.1213,1.00,1.00
2010.10.12 04:55:41.398,2.12045,2.1213,1.00,1.00
2010.10.12 04:55:41.650,2.12045,2.1213,1.00,1.00
2010.10.12 04:55:45.676,2.1204,2.12125,1.00,1.00
2010.10.12 04:55:46.559,2.12045,2.1213,1.00,1.00
2010.10.12 04:55:46.738,2.1205,2.1213,1.00,1.00
2010.10.12 04:55:47.099,2.1205,2.12135,1.00,1.00
2010.10.12 04:55:48.042,2.1204,2.1213,1.60,1.00
2010.10.12 04:55:48.338,2.1204,2.1213,1.00,1.00
2010.10.12 04:55:48.981,2.1204,2.1213,1.00,1.00
2010.10.12 04:55:49.302,2.12045,2.1213,1.00,1.00
2010.10.12 04:55:49.609,2.1204,2.1213,1.60,1.00
2010.10.12 04:55:50.160,2.1204,2.1213,1.00,1.00
2010.10.12 04:55:51.062,2.1204,2.1213,1.00,1.00
2010.10.12 04:55:51.410,2.12035,2.12125,1.00,1.00
2010.10.12 04:55:53.188,2.12035,2.12125,1.00,1.00
2010.10.12 04:55:58.698,2.12035,2.12125,1.60,1.00
2010.10.12 04:56:00.410,2.12045,2.12125,1.00,1.00
2010.10.12 04:56:00.488,2.12045,2.1213,1.00,1.00
2010.10.12 04:56:00.728,2.1205,2.1213,1.00,1.00
2010.10.12 04:56:00.967,2.1205,2.12135,1.00,1.00
2010.10.12 04:56:04.399,2.1205,2.12135,1.00,1.00
2010.10.12 04:56:08.534,2.12055,2.12145,1.00,1.00
2010.10.12 04:56:09.473,2.12055,2.12135,1.00,1.00
2010.10.12 04:56:09.771,2.12055,2.12145,1.00,1.00
2010.10.12 04:56:10.109,2.1206,2.12145,1.00,1.00
2010.10.12 04:56:11.066,2.1207,2.12155,1.00,1.00
2010.10.12 04:56:11.334,2.12075,2.1216,1.00,1.00
2010.10.12 04:56:11.922,2.12085,2.12165,1.00,1.00
2010.10.12 04:56:12.599,2.1208,2.12165,1.00,1.00
2010.10.12 04:56:13.278,2.12075,2.12165,1.00,1.00
2010.10.12 04:56:13.974,2.12065,2.1215,1.00,1.00
2010.10.12 04:56:14.128,2.12065,2.1215,1.00,1.00
2010.10.12 04:56:14.279,2.1206,2.12155,2.00,1.00
2010.10.12 04:56:14.428,2.1206,2.1215,1.60,1.00
2010.10.12 04:56:14.577,2.1206,2.1215,1.00,1.00
2010.10.12 04:56:14.951,2.1206,2.1215,1.00,1.00
2010.10.12 04:56:17.348,2.1206,2.1215,1.00,1.00
2010.10.12 04:56:17.694,2.12045,2.12135,1.60,1.00
2010.10.12 04:56:18.379,2.1205,2.12135,1.00,1.00
2010.10.12 04:56:19.998,2.1205,2.1214,1.00,1.00
2010.10.12 04:56:21.167,2.1206,2.1216,1.60,1.00
2010.10.12 04:56:21.464,2.1206,2.1216,1.60,1.00
2010.10.12 04:56:22.098,2.1206,2.1216,1.00,1.00
2010.10.12 04:56:22.302,2.1206,2.1216,1.00,1.00
2010.10.12 04:56:24.010,2.1206,2.1216,1.00,1.00
2010.10.12 04:56:24.169,2.12065,2.12165,1.00,2.00
2010.10.12 04:56:24.329,2.12075,2.12165,1.00,1.00
2010.10.12 04:56:24.753,2.12075,2.1218,1.00,1.60
2010.10.12 04:56:25.053,2.12075,2.12165,1.00,1.00
2010.10.12 04:56:26.033,2.12075,2.1217,1.00,1.00
2010.10.12 04:56:26.390,2.12075,2.1217,1.60,1.00
2010.10.12 04:56:26.729,2.12075,2.1217,1.60,1.00
2010.10.12 04:56:28.222,2.12075,2.1217,1.60,1.00
2010.10.12 04:56:28.451,2.12075,2.1218,2.00,1.00
2010.10.12 04:56:28.681,2.1209,2.1219,1.00,1.00
2010.10.12 04:56:29.229,2.12075,2.1217,1.60,1.00
2010.10.12 04:56:31.437,2.12075,2.1217,1.60,1.00
2010.10.12 04:56:34.025,2.12075,2.1217,1.60,1.00
2010.10.12 04:56:34.154,2.12075,2.1217,1.60,1.00
2010.10.12 04:56:35.400,2.12075,2.1217,1.60,1.00
2010.10.12 04:56:37.028,2.1208,2.1218,1.00,1.30
2010.10.12 04:56:37.148,2.12085,2.1218,1.00,1.00
2010.10.12 04:56:38.582,2.12085,2.1218,1.20,1.00
2010.10.12 04:56:38.854,2.12085,2.12185,1.20,1.20
2010.10.12 04:56:39.118,2.12085,2.1218,1.00,1.00
2010.10.12 04:56:40.022,2.12085,2.1218,1.00,1.00
2010.10.12 04:56:42.587,2.12085,2.1218,1.00,1.00
2010.10.12 04:56:42.708,2.12085,2.1218,1.00,1.00
2010.10.12 04:56:43.260,2.1207,2.1217,1.00,1.00
2010.10.12 04:56:43.537,2.1206,2.12155,1.00,1.00
2010.10.12 04:56:43.817,2.12055,2.12155,1.20,1.00
2010.10.12 04:56:49.809,2.1206,2.12165,2.00,1.20
2010.10.12 04:56:50.297,2.12065,2.12165,1.00,1.20
2010.10.12 04:56:52.939,2.1206,2.12165,2.20,1.20
2010.10.12 04:56:53.131,2.1206,2.12155,1.60,1.00
2010.10.12 04:56:55.998,2.1206,2.1215,1.60,1.00
2010.10.12 04:56:56.219,2.12045,2.1215,2.00,1.00
2010.10.12 04:56:56.521,2.12055,2.1215,1.00,1.00
2010.10.12 04:56:57.170,2.1206,2.1215,1.60,1.00
2010.10.12 04:56:57.472,2.1206,2.12155,1.60,1.00
2010.10.12 04:56:57.730,2.1206,2.12155,1.60,1.00
2010.10.12 04:56:59.327,2.1206,2.12155,1.60,1.00
2010.10.12 04:57:00.672,2.12065,2.12155,1.00,1.00
2010.10.12 04:57:00.803,2.1207,2.1216,1.00,1.00
2010.10.12 04:57:06.251,2.1207,2.1216,1.00,1.00
2010.10.12 04:57:06.422,2.1207,2.1216,1.00,1.00
2010.10.12 04:57:06.954,2.1206,2.1215,1.00,1.00
2010.10.12 04:57:07.117,2.1206,2.12155,1.00,1.20
2010.10.12 04:57:07.288,2.1206,2.12155,1.60,1.00
2010.10.12 04:57:08.619,2.1206,2.1215,1.60,1.00
2010.10.12 04:57:09.344,2.1206,2.12145,1.00,1.00
2010.10.12 04:57:09.609,2.12045,2.12145,1.00,1.60
2010.10.12 04:57:09.871,2.1204,2.12145,1.00,1.60
2010.10.12 04:57:10.132,2.1204,2.1214,1.00,1.00
2010.10.12 04:57:10.395,2.12035,2.1213,1.00,1.00
2010.10.12 04:57:14.818,2.12045,2.1214,1.60,1.00
2010.10.12 04:57:26.727,2.12045,2.1215,1.60,1.00
2010.10.12 04:57:26.827,2.1204,2.12145,1.00,1.20
2010.10.12 04:57:28.007,2.1204,2.1214,1.00,1.00
2010.10.12 04:57:33.166,2.12045,2.1214,1.60,1.00
2010.10.12 04:57:34.647,2.12045,2.1214,1.60,1.00
2010.10.12 04:57:34.698,2.12045,2.1214,3.20,1.00
2010.10.12 04:57:34.758,2.12045,2.1215,3.20,1.00
2010.10.12 04:57:35.120,2.1205,2.1215,1.00,1.00
2010.10.12 04:57:35.184,2.12045,2.1215,1.60,1.00
2010.10.12 04:57:35.299,2.12045,2.1214,1.60,1.00
2010.10.12 04:57:35.359,2.12035,2.1214,1.00,2.00
2010.10.12 04:57:35.418,2.12035,2.1214,1.00,1.60
2010.10.12 04:57:35.943,2.12045,2.1215,1.60,1.00
2010.10.12 04:57:36.290,2.1204,2.12145,1.00,1.20
2010.10.12 04:57:37.189,2.1204,2.1214,1.00,1.00
2010.10.12 04:57:46.219,2.12025,2.1212,1.60,1.00
2010.10.12 04:57:46.417,2.12025,2.12115,1.00,1.00
2010.10.12 04:57:46.487,2.12015,2.12115,1.00,1.00
2010.10.12 04:57:47.229,2.12025,2.1213,1.60,1.00
2010.10.12 04:57:48.150,2.12025,2.1213,1.60,1.00
2010.10.12 04:57:54.017,2.12035,2.12135,1.00,1.00
2010.10.12 04:57:56.601,2.1204,2.12145,1.00,1.20
2010.10.12 04:57:58.308,2.1204,2.1214,1.00,1.00
2010.10.12 04:58:11.681,2.1204,2.12145,1.00,1.20
2010.10.12 04:58:11.777,2.1204,2.12145,1.00,1.00
2010.10.12 04:58:11.899,2.12045,2.12145,1.00,1.00
2010.10.12 04:58:11.940,2.12045,2.1215,1.60,1.00
2010.10.12 04:58:12.310,2.12045,2.1214,1.60,1.00
2010.10.12 04:58:12.648,2.12035,2.12135,1.00,1.00
2010.10.12 04:58:16.996,2.1203,2.12135,1.60,1.00
2010.10.12 04:58:17.597,2.12035,2.12135,1.00,1.00
2010.10.12 04:58:17.647,2.1203,2.12135,1.60,1.00
2010.10.12 04:58:18.208,2.12035,2.12115,1.00,1.00
2010.10.12 04:58:18.550,2.12,2.1207,1.00,1.00
2010.10.12 04:58:19.113,2.1202,2.1211,1.20,1.20
2010.10.12 04:58:19.402,2.12005,2.121,1.00,1.00
2010.10.12 04:58:20.399,2.1201,2.12105,1.60,1.00
2010.10.12 04:58:21.097,2.1201,2.12085,1.00,1.00
2010.10.12 04:58:21.273,2.12005,2.12085,1.00,1.00
2010.10.12 04:58:21.451,2.12,2.12075,1.20,1.00
2010.10.12 04:58:21.618,2.1202,2.121,1.00,1.00
2010.10.12 04:58:22.271,2.1202,2.121,1.00,1.00
2010.10.12 04:58:22.948,2.1201,2.121,1.60,1.00
2010.10.12 04:58:23.237,2.1201,2.12105,1.60,1.00
2010.10.12 04:58:23.905,2.1201,2.121,1.60,1.00
2010.10.12 04:58:24.204,2.1201,2.121,1.00,1.00
2010.10.12 04:58:24.931,2.1201,2.121,1.00,1.00
2010.10.12 04:58:25.268,2.1201,2.121,1.60,1.00
2010.10.12 04:58:26.401,2.1201,2.12105,1.60,1.00
2010.10.12 04:58:26.788,2.1201,2.12105,1.00,1.00
2010.10.12 04:58:27.843,2.12,2.12075,1.00,1.00
2010.10.12 04:58:28.181,2.11995,2.121,1.60,1.00
2010.10.12 04:58:28.503,2.11995,2.1209,1.60,1.00
2010.10.12 04:58:29.927,2.12,2.1209,1.00,1.00
2010.10.12 04:58:30.117,2.11995,2.1209,1.60,1.00
2010.10.12 04:58:30.298,2.11995,2.121,1.60,1.00
2010.10.12 04:58:30.635,2.11995,2.121,1.60,1.00
2010.10.12 04:58:33.477,2.12005,2.121,1.00,1.00
2010.10.12 04:58:33.792,2.1201,2.121,1.00,1.00
2010.10.12 04:58:34.099,2.1201,2.121,1.00,1.00
2010.10.12 04:58:34.410,2.12005,2.121,1.00,1.00
2010.10.12 04:58:35.009,2.12005,2.121,1.20,1.00
2010.10.12 04:58:35.259,2.11995,2.1209,1.00,1.00
2010.10.12 04:58:36.131,2.11995,2.1209,1.00,1.00
2010.10.12 04:58:36.671,2.11995,2.1209,1.00,2.10
2010.10.12 04:58:36.759,2.1199,2.1208,1.00,1.00
2010.10.12 04:58:37.472,2.11985,2.12075,1.20,1.00
2010.10.12 04:58:37.566,2.11985,2.12075,1.00,1.00
2010.10.12 04:58:38.068,2.11985,2.1207,1.00,1.00
2010.10.12 04:58:41.143,2.12005,2.12075,1.00,1.00
2010.10.12 04:58:41.422,2.12015,2.1211,1.00,1.00
2010.10.12 04:58:41.509,2.1202,2.1211,1.00,1.00
2010.10.12 04:58:41.912,2.12005,2.1211,1.60,1.00
2010.10.12 04:58:42.000,2.12005,2.1211,1.60,1.00
2010.10.12 04:58:44.355,2.12005,2.1211,3.20,1.00
2010.10.12 04:58:44.512,2.1202,2.1212,1.20,1.00
2010.10.12 04:58:44.738,2.12025,2.12125,1.00,1.60
2010.10.12 04:58:44.860,2.1203,2.12125,1.00,1.00
2010.10.12 04:58:44.979,2.12035,2.1213,1.00,1.00
2010.10.12 04:58:47.658,2.12035,2.1213,1.00,1.00
2010.10.12 04:58:47.859,2.1202,2.1212,1.20,1.00
2010.10.12 04:58:50.200,2.1202,2.1212,1.20,1.00
2010.10.12 04:58:50.562,2.1202,2.1211,1.20,1.00
2010.10.12 04:58:50.860,2.1202,2.1211,1.00,1.00
2010.10.12 04:58:51.158,2.1201,2.12105,1.00,1.00
2010.10.12 04:58:52.822,2.12015,2.12105,1.00,1.00
2010.10.12 04:58:56.018,2.1201,2.121,1.00,1.00
2010.10.12 04:58:56.365,2.1201,2.121,1.00,1.00
2010.10.12 04:58:57.360,2.12005,2.12085,2.00,1.00
2010.10.12 04:58:57.704,2.12005,2.12095,1.00,1.00
2010.10.12 04:58:58.287,2.12005,2.121,1.00,1.40
2010.10.12 04:58:58.616,2.12005,2.121,1.00,1.20
2010.10.12 04:58:58.915,2.1202,2.1211,1.00,1.00
2010.10.12 04:58:59.421,2.12035,2.1211,1.00,1.00
2010.10.12 04:58:59.671,2.12035,2.1212,1.00,1.00
2010.10.12 04:59:01.451,2.12035,2.1212,1.00,1.00
2010.10.12 04:59:01.650,2.1203,2.121,1.00,1.00
2010.10.12 04:59:02.160,2.12015,2.121,1.00,1.00
2010.10.12 04:59:02.503,2.1202,2.121,1.00,1.00
2010.10.12 04:59:02.671,2.1202,2.121,1.00,1.00
2010.10.12 04:59:03.129,2.12015,2.121,1.00,1.00
2010.10.12 04:59:03.470,2.12,2.121,1.00,1.20
2010.10.12 04:59:04.149,2.12,2.1209,1.00,1.00
2010.10.12 04:59:04.772,2.12,2.121,1.00,1.20
2010.10.12 04:59:05.808,2.12,2.1209,1.00,1.00
2010.10.12 04:59:07.278,2.12,2.121,1.00,1.20
2010.10.12 04:59:07.428,2.1202,2.121,1.00,1.00
2010.10.12 04:59:07.948,2.1202,2.1211,1.00,1.00
2010.10.12 04:59:08.599,2.1202,2.1211,1.00,1.00
2010.10.12 04:59:09.228,2.1202,2.1211,1.00,1.00
2010.10.12 04:59:09.983,2.1202,2.12105,1.00,1.00
2010.10.12 04:59:18.268,2.1202,2.12105,1.00,1.00
2010.10.12 04:59:28.278,2.12035,2.1211,1.00,1.00
2010.10.12 04:59:28.479,2.12035,2.1212,1.00,1.00
2010.10.12 04:59:28.878,2.12035,2.1212,1.00,1.00
2010.10.12 04:59:29.728,2.12035,2.12115,1.00,1.00
2010.10.12 04:59:29.993,2.12025,2.121,1.00,1.00
2010.10.12 04:59:30.778,2.12025,2.12105,1.00,1.00
2010.10.12 04:59:42.970,2.1203,2.12115,1.00,1.00
2010.10.12 04:59:43.890,2.12025,2.12115,1.00,1.00
2010.10.12 04:59:56.622,2.1207,2.12145,1.00,1.10
2010.10.12 04:59:56.961,2.1207,2.12155,1.00,1.00
2010.10.12 04:59:57.973,2.12075,2.1215,1.00,1.00
