2014.12.05 11:00:00.370,2.02053,2.02107,1.00,1.52
2014.12.05 11:00:00.471,2.02051,2.02107,1.00,1.27
2014.12.05 11:00:00.571,2.02053,2.02109,1.00,1.15
2014.12.05 11:00:00.873,2.02061,2.02106,1.00,1.15
2014.12.05 11:00:01.193,2.02071,2.02112,1.00,1.95
2014.12.05 11:00:01.444,2.02062,2.02112,1.00,2.32
2014.12.05 11:00:01.954,2.02061,2.02109,1.00,1.52
2014.12.05 11:00:02.861,2.02062,2.02107,1.00,1.52
2014.12.05 11:00:04.061,2.02061,2.02112,1.00,3.45
2014.12.05 11:00:04.615,2.02062,2.02109,1.00,1.52
2014.12.05 11:00:05.419,2.02052,2.02098,1.00,1.12
2014.12.05 11:00:05.519,2.02041,2.021,1.15,1.37
2014.12.05 11:00:05.620,2.02041,2.021,1.15,1.00
2014.12.05 11:00:05.762,2.02042,2.02097,1.17,1.50
2014.12.05 11:00:06.102,2.02042,2.02099,1.00,1.15
2014.12.05 11:00:06.413,2.02062,2.02101,1.00,1.27
2014.12.05 11:00:06.693,2.02061,2.02101,1.00,1.12
2014.12.05 11:00:07.198,2.02062,2.02112,1.00,1.52
2014.12.05 11:00:08.570,2.02053,2.02108,1.00,1.52
2014.12.05 11:00:09.116,2.02052,2.02107,1.00,1.15
2014.12.05 11:00:09.166,2.02061,2.02108,1.00,1.15
2014.12.05 11:00:09.670,2.02062,2.02108,1.00,1.52
2014.12.05 11:00:10.311,2.02062,2.02104,1.00,1.95
2014.12.05 11:00:10.512,2.02062,2.02108,1.00,1.52
2014.12.05 11:00:11.279,2.02061,2.02108,1.00,1.52
2014.12.05 11:00:11.881,2.02062,2.02109,1.00,1.52
2014.12.05 11:00:12.131,2.02071,2.02111,1.00,1.95
2014.12.05 11:00:12.232,2.02071,2.0212,1.00,2.70
2014.12.05 11:00:14.290,2.02072,2.0212,1.00,2.70
2014.12.05 11:00:14.852,2.02071,2.0212,1.00,2.70
2014.12.05 11:00:15.503,2.02072,2.02117,1.00,2.02
2014.12.05 11:00:15.610,2.02081,2.02117,1.00,2.02
2014.12.05 11:00:15.719,2.02072,2.02117,1.00,2.02
2014.12.05 11:00:16.380,2.02081,2.02117,1.00,2.02
2014.12.05 11:00:17.041,2.02082,2.02117,1.00,1.65
2014.12.05 11:00:17.825,2.02081,2.0212,1.00,2.32
2014.12.05 11:00:18.579,2.02082,2.0212,1.00,3.07
2014.12.05 11:00:19.144,2.02081,2.02119,1.00,1.52
2014.12.05 11:00:19.570,2.02071,2.02119,1.00,1.15
2014.12.05 11:00:19.789,2.02082,2.02117,1.00,1.15
2014.12.05 11:00:20.383,2.02064,2.0212,1.00,1.95
2014.12.05 11:00:20.434,2.02064,2.02126,1.00,1.65
2014.12.05 11:00:20.484,2.02062,2.02117,1.00,1.00
2014.12.05 11:00:20.787,2.02072,2.02116,1.00,1.00
2014.12.05 11:00:21.102,2.02072,2.02116,1.00,1.52
2014.12.05 11:00:21.152,2.02062,2.02116,1.00,1.52
2014.12.05 11:00:22.102,2.02053,2.02109,1.00,1.10
2014.12.05 11:00:22.320,2.02061,2.02109,1.00,1.10
2014.12.05 11:00:24.676,2.02062,2.02115,1.00,1.52
2014.12.05 11:00:24.828,2.02062,2.02115,1.00,1.37
2014.12.05 11:00:25.030,2.02061,2.02117,1.37,1.10
2014.12.05 11:00:25.232,2.02064,2.02126,2.32,1.00
2014.12.05 11:00:25.534,2.02081,2.02147,1.17,1.15
2014.12.05 11:00:25.635,2.02082,2.02147,1.15,1.00
2014.12.05 11:00:25.954,2.02091,2.02138,1.07,1.00
2014.12.05 11:00:26.004,2.02091,2.02141,1.07,1.00
2014.12.05 11:00:26.313,2.02081,2.02137,1.07,1.00
2014.12.05 11:00:26.660,2.02082,2.02146,1.07,1.90
2014.12.05 11:00:26.841,2.02091,2.02146,1.00,1.15
2014.12.05 11:00:27.379,2.02092,2.0214,1.00,1.10
2014.12.05 11:00:27.991,2.02091,2.02141,1.00,1.45
2014.12.05 11:00:28.293,2.02091,2.02131,1.00,1.00
2014.12.05 11:00:28.510,2.02081,2.0213,1.00,1.00
2014.12.05 11:00:28.612,2.02092,2.0213,1.00,1.00
2014.12.05 11:00:28.944,2.02091,2.02126,1.00,1.00
2014.12.05 11:00:29.359,2.02082,2.02126,1.00,1.00
2014.12.05 11:00:29.410,2.02082,2.02129,1.00,1.00
2014.12.05 11:00:29.821,2.02092,2.0213,1.00,1.12
2014.12.05 11:00:30.126,2.02092,2.02126,1.00,1.07
2014.12.05 11:00:30.177,2.02081,2.02126,1.00,1.15
2014.12.05 11:00:30.570,2.02072,2.02126,1.00,1.15
2014.12.05 11:00:30.940,2.02063,2.02125,1.27,1.17
2014.12.05 11:00:31.561,2.02072,2.02123,1.00,1.10
2014.12.05 11:00:31.780,2.02062,2.02123,1.15,1.20
2014.12.05 11:00:32.345,2.02072,2.02124,1.00,1.07
2014.12.05 11:00:32.553,2.02064,2.02124,1.07,1.07
2014.12.05 11:00:32.914,2.02072,2.02126,1.00,1.65
2014.12.05 11:00:33.439,2.02071,2.02127,1.00,1.15
2014.12.05 11:00:36.619,2.02072,2.02126,1.00,1.15
2014.12.05 11:00:41.349,2.02071,2.02127,1.00,1.15
2014.12.05 11:00:42.181,2.02071,2.02127,1.07,1.07
2014.12.05 11:00:42.333,2.02071,2.02131,1.15,1.37
2014.12.05 11:00:42.383,2.02071,2.02126,1.15,1.00
2014.12.05 11:00:47.913,2.02071,2.02133,1.15,1.37
2014.12.05 11:00:47.963,2.02071,2.02127,1.15,1.00
2014.12.05 11:00:48.590,2.02071,2.02127,1.07,1.07
2014.12.05 11:00:48.641,2.02071,2.02127,1.00,1.15
2014.12.05 11:00:48.692,2.02071,2.02127,1.37,1.15
2014.12.05 11:00:49.201,2.02074,2.0213,1.00,1.52
2014.12.05 11:00:51.460,2.02074,2.02136,1.07,1.52
2014.12.05 11:00:51.511,2.02074,2.02136,1.17,1.52
2014.12.05 11:00:52.681,2.02081,2.02136,1.00,1.52
2014.12.05 11:00:53.119,2.02073,2.02136,1.27,1.52
2014.12.05 11:00:53.231,2.02082,2.02136,1.00,1.52
2014.12.05 11:00:53.380,2.02073,2.02133,1.27,1.10
2014.12.05 11:00:53.559,2.02082,2.02136,1.00,1.52
2014.12.05 11:00:53.671,2.02073,2.02136,1.27,1.52
2014.12.05 11:00:54.109,2.02081,2.02136,1.00,1.52
2014.12.05 11:00:54.330,2.02073,2.02136,1.27,1.52
2014.12.05 11:00:54.639,2.02073,2.02134,1.07,1.45
2014.12.05 11:00:55.177,2.02073,2.0213,1.00,1.15
2014.12.05 11:00:57.449,2.02071,2.02131,1.00,1.52
2014.12.05 11:00:57.645,2.02074,2.02131,1.00,1.52
2014.12.05 11:00:58.169,2.02073,2.02133,1.00,1.52
2014.12.05 11:00:59.439,2.02072,2.02133,1.00,1.52
2014.12.05 11:01:00.079,2.02073,2.02133,1.00,1.52
2014.12.05 11:01:00.431,2.02071,2.02133,1.00,1.52
2014.12.05 11:01:00.651,2.02073,2.02133,1.00,1.52
2014.12.05 11:01:01.196,2.02071,2.02134,1.00,1.52
2014.12.05 11:01:01.711,2.02072,2.02131,1.00,1.52
2014.12.05 11:01:04.339,2.02071,2.02129,1.00,1.15
2014.12.05 11:01:05.149,2.02072,2.02133,1.00,1.52
2014.12.05 11:01:05.680,2.02071,2.02133,1.00,1.52
2014.12.05 11:01:05.952,2.02071,2.02136,1.37,3.07
2014.12.05 11:01:07.855,2.02073,2.02133,1.27,1.10
2014.12.05 11:01:09.840,2.02081,2.02137,1.00,2.02
2014.12.05 11:01:10.070,2.02073,2.02135,1.17,1.45
2014.12.05 11:01:10.279,2.02081,2.02135,1.00,1.45
2014.12.05 11:01:10.609,2.02073,2.02135,1.17,1.45
2014.12.05 11:01:11.379,2.02081,2.02135,1.00,1.45
2014.12.05 11:01:11.856,2.02073,2.02133,1.17,1.47
2014.12.05 11:01:12.164,2.02082,2.02135,1.00,1.07
2014.12.05 11:01:12.846,2.02081,2.02135,1.00,1.07
2014.12.05 11:01:13.620,2.02092,2.02137,1.00,1.07
2014.12.05 11:01:13.670,2.02092,2.0214,1.00,1.00
2014.12.05 11:01:13.721,2.02092,2.02143,1.00,1.10
2014.12.05 11:01:14.041,2.02092,2.02137,1.00,1.00
2014.12.05 11:01:15.558,2.02091,2.02137,1.00,1.00
2014.12.05 11:01:16.068,2.02092,2.02137,1.00,1.00
2014.12.05 11:01:16.119,2.02073,2.02137,1.52,1.00
2014.12.05 11:01:16.170,2.02073,2.02137,1.27,1.37
2014.12.05 11:01:16.869,2.02074,2.02136,1.52,1.00
2014.12.05 11:01:18.030,2.02092,2.02137,1.00,1.37
2014.12.05 11:01:18.131,2.02082,2.02137,1.07,1.37
2014.12.05 11:01:22.159,2.02091,2.02136,1.00,1.00
2014.12.05 11:01:22.415,2.02081,2.02137,1.17,1.00
2014.12.05 11:01:22.566,2.02081,2.02146,1.17,1.52
2014.12.05 11:01:22.718,2.02082,2.02137,1.45,1.00
2014.12.05 11:01:22.819,2.02082,2.02147,1.45,1.27
2014.12.05 11:01:22.869,2.02092,2.02147,1.00,1.15
2014.12.05 11:01:23.480,2.02091,2.02147,1.00,1.15
2014.12.05 11:01:24.379,2.02092,2.02146,1.00,1.15
2014.12.05 11:01:25.039,2.02091,2.02146,1.00,1.15
2014.12.05 11:01:26.799,2.02092,2.02146,1.00,1.15
2014.12.05 11:01:28.780,2.02091,2.02146,1.00,1.15
2014.12.05 11:01:29.032,2.02084,2.02139,1.00,1.37
2014.12.05 11:01:29.082,2.02082,2.02136,1.07,1.07
2014.12.05 11:01:29.384,2.02092,2.02141,1.00,1.15
2014.12.05 11:01:29.688,2.02092,2.02145,1.00,1.15
2014.12.05 11:01:30.249,2.02091,2.02145,1.00,1.15
2014.12.05 11:01:30.770,2.02092,2.02146,1.00,1.15
2014.12.05 11:01:31.859,2.02091,2.02147,1.00,1.15
2014.12.05 11:01:31.960,2.02091,2.02137,1.00,1.00
2014.12.05 11:01:32.131,2.02081,2.02137,1.20,1.00
2014.12.05 11:01:32.182,2.02081,2.02141,1.20,1.10
2014.12.05 11:01:32.333,2.02091,2.02142,1.00,1.07
2014.12.05 11:01:33.068,2.02092,2.02143,1.00,1.20
2014.12.05 11:01:37.160,2.02091,2.02146,1.00,1.52
2014.12.05 11:01:37.718,2.02092,2.02145,1.00,1.15
2014.12.05 11:01:38.304,2.02091,2.02145,1.00,1.15
2014.12.05 11:01:38.829,2.02092,2.02145,1.00,1.15
2014.12.05 11:01:39.302,2.02092,2.02137,1.00,1.00
2014.12.05 11:01:43.123,2.02091,2.02137,1.00,1.00
2014.12.05 11:01:45.208,2.02092,2.02137,1.00,1.07
2014.12.05 11:01:45.409,2.02081,2.02129,1.00,1.00
2014.12.05 11:01:45.460,2.02081,2.02129,1.00,1.37
2014.12.05 11:01:45.767,2.02082,2.02126,1.00,1.27
2014.12.05 11:01:46.048,2.02072,2.02126,1.00,1.27
2014.12.05 11:01:51.108,2.02071,2.02126,1.00,1.27
2014.12.05 11:01:53.310,2.02072,2.02126,1.00,1.27
2014.12.05 11:01:56.828,2.02081,2.02126,1.00,1.27
2014.12.05 11:01:57.394,2.02082,2.02126,1.00,1.17
2014.12.05 11:01:58.168,2.02071,2.02127,1.00,1.15
2014.12.05 11:01:58.401,2.02071,2.02127,1.52,1.00
2014.12.05 11:01:58.854,2.02081,2.02127,1.00,1.00
2014.12.05 11:01:59.006,2.02081,2.02136,1.00,1.15
2014.12.05 11:01:59.229,2.02084,2.02143,1.00,2.32
2014.12.05 11:01:59.330,2.02081,2.02136,1.00,1.15
2014.12.05 11:01:59.588,2.02092,2.02136,1.00,1.15
2014.12.05 11:02:00.608,2.02091,2.02137,1.00,2.02
2014.12.05 11:02:00.709,2.02081,2.02137,1.00,1.52
2014.12.05 11:02:00.810,2.02091,2.02133,1.00,1.07
2014.12.05 11:02:01.212,2.02092,2.02137,1.00,1.00
2014.12.05 11:02:01.328,2.02092,2.02147,1.00,1.52
2014.12.05 11:02:01.378,2.02102,2.02147,1.00,1.52
2014.12.05 11:02:01.890,2.02101,2.02147,1.00,1.15
2014.12.05 11:02:04.344,2.02091,2.02146,1.00,1.52
2014.12.05 11:02:04.445,2.02091,2.02146,1.00,1.90
2014.12.05 11:02:04.761,2.02101,2.02146,1.00,1.52
2014.12.05 11:02:04.858,2.02091,2.02146,1.00,1.52
2014.12.05 11:02:05.849,2.02092,2.02146,1.00,1.52
2014.12.05 11:02:06.561,2.02092,2.02146,1.00,1.52
2014.12.05 11:02:06.948,2.02081,2.02146,1.00,1.52
2014.12.05 11:02:08.318,2.02081,2.02136,1.00,1.00
2014.12.05 11:02:08.419,2.02074,2.02136,1.91,1.00
2014.12.05 11:02:08.471,2.02073,2.02136,1.41,1.37
2014.12.05 11:02:08.572,2.02071,2.02134,1.00,1.45
2014.12.05 11:02:09.036,2.02071,2.02134,1.00,1.20
2014.12.05 11:02:09.238,2.02071,2.02126,1.00,1.00
2014.12.05 11:02:09.308,2.02071,2.02136,1.00,2.02
2014.12.05 11:02:09.409,2.02081,2.02136,1.00,1.52
2014.12.05 11:02:09.573,2.02081,2.02137,1.00,1.12
2014.12.05 11:02:10.009,2.02084,2.02146,1.00,1.90
2014.12.05 11:02:10.336,2.02082,2.02137,1.00,1.00
2014.12.05 11:02:11.008,2.02082,2.02145,1.00,1.90
2014.12.05 11:02:11.109,2.02082,2.02136,1.00,1.00
2014.12.05 11:02:11.672,2.02081,2.02136,1.00,1.00
2014.12.05 11:02:13.597,2.02081,2.02137,1.00,1.00
2014.12.05 11:02:14.807,2.02081,2.02145,1.00,1.90
2014.12.05 11:02:14.858,2.02081,2.02146,1.00,1.52
2014.12.05 11:02:14.909,2.02092,2.02146,1.00,1.52
2014.12.05 11:02:16.372,2.02092,2.02147,1.00,1.37
2014.12.05 11:02:16.473,2.02092,2.02147,1.00,1.12
2014.12.05 11:02:16.981,2.02091,2.02147,1.00,1.12
2014.12.05 11:02:17.370,2.02094,2.02153,1.00,1.52
2014.12.05 11:02:17.778,2.02091,2.02146,1.00,1.00
2014.12.05 11:02:18.220,2.02094,2.02154,1.00,1.52
2014.12.05 11:02:18.468,2.02102,2.02167,1.00,1.52
2014.12.05 11:02:18.518,2.02112,2.02167,1.00,1.52
2014.12.05 11:02:18.871,2.02104,2.02166,1.00,1.37
2014.12.05 11:02:18.971,2.02102,2.02166,1.10,1.37
2014.12.05 11:02:19.022,2.02102,2.02156,1.10,1.37
2014.12.05 11:02:19.173,2.02102,2.02157,1.10,1.00
2014.12.05 11:02:19.692,2.02101,2.02156,1.17,1.00
2014.12.05 11:02:24.821,2.02102,2.02156,1.47,1.00
2014.12.05 11:02:24.922,2.02111,2.02156,1.00,1.00
2014.12.05 11:02:24.973,2.02111,2.02167,1.00,1.50
2014.12.05 11:02:25.074,2.02111,2.02167,1.00,1.37
2014.12.05 11:02:25.175,2.02111,2.02167,1.37,1.00
2014.12.05 11:02:25.225,2.02121,2.02167,1.00,1.00
2014.12.05 11:02:25.628,2.02121,2.02176,1.00,1.90
2014.12.05 11:02:26.176,2.02122,2.02177,1.00,1.52
2014.12.05 11:02:27.647,2.02122,2.02177,1.00,2.40
2014.12.05 11:02:27.913,2.02112,2.02167,1.00,1.00
2014.12.05 11:02:27.963,2.02122,2.02167,1.00,1.00
2014.12.05 11:02:28.117,2.02111,2.02167,1.00,1.12
2014.12.05 11:02:28.369,2.02113,2.02175,1.00,1.27
2014.12.05 11:02:28.470,2.02111,2.02174,1.12,1.15
2014.12.05 11:02:28.888,2.02113,2.02174,1.00,1.15
2014.12.05 11:02:29.364,2.02113,2.02177,1.00,2.40
2014.12.05 11:02:29.678,2.02121,2.02177,1.00,2.40
2014.12.05 11:02:29.729,2.02113,2.02177,1.47,1.12
2014.12.05 11:02:29.830,2.02115,2.02177,1.37,1.00
2014.12.05 11:02:30.271,2.02123,2.02187,1.00,1.90
2014.12.05 11:02:30.599,2.02122,2.02177,1.00,1.12
2014.12.05 11:02:31.064,2.02123,2.02187,1.00,1.90
2014.12.05 11:02:31.165,2.02123,2.02186,1.00,1.90
2014.12.05 11:02:31.266,2.02114,2.02186,1.00,2.40
2014.12.05 11:02:31.417,2.02121,2.02177,1.00,1.12
2014.12.05 11:02:32.004,2.02122,2.02177,1.00,1.12
2014.12.05 11:02:32.054,2.02113,2.02177,1.20,1.12
2014.12.05 11:02:32.157,2.02113,2.02177,1.10,1.37
2014.12.05 11:02:32.678,2.02114,2.02174,1.00,1.50
2014.12.05 11:02:33.311,2.02113,2.02177,1.00,2.40
2014.12.05 11:02:33.474,2.02113,2.02177,1.00,1.65
2014.12.05 11:02:33.727,2.02121,2.02177,1.00,1.65
2014.12.05 11:02:34.033,2.02122,2.02176,1.00,1.90
2014.12.05 11:02:34.134,2.02114,2.02176,1.00,1.65
2014.12.05 11:02:34.335,2.02113,2.02177,1.12,1.37
2014.12.05 11:02:34.939,2.02114,2.02179,1.00,1.45
2014.12.05 11:02:35.472,2.02113,2.02177,1.12,1.37
2014.12.05 11:02:36.049,2.02114,2.02176,1.00,1.37
2014.12.05 11:02:36.667,2.02113,2.02177,1.12,1.37
2014.12.05 11:02:37.173,2.02124,2.02186,1.00,1.90
2014.12.05 11:02:37.371,2.02123,2.02187,1.00,2.40
2014.12.05 11:02:37.933,2.02124,2.02186,1.00,1.90
2014.12.05 11:02:38.628,2.02123,2.02187,1.00,1.90
2014.12.05 11:02:39.233,2.02123,2.02187,1.37,1.52
2014.12.05 11:02:39.283,2.02129,2.02187,1.00,1.52
2014.12.05 11:02:39.334,2.02129,2.02187,1.00,1.37
2014.12.05 11:02:39.435,2.02131,2.02187,1.00,1.37
2014.12.05 11:02:39.737,2.02133,2.02194,1.00,1.65
2014.12.05 11:02:40.089,2.02141,2.02196,1.00,1.52
2014.12.05 11:02:40.240,2.02141,2.022,1.00,1.27
2014.12.05 11:02:40.442,2.02144,2.02197,1.00,1.45
2014.12.05 11:02:40.543,2.02142,2.02197,1.00,1.45
2014.12.05 11:02:40.846,2.02134,2.02196,1.00,1.47
2014.12.05 11:02:41.098,2.02142,2.02196,1.00,1.47
2014.12.05 11:02:41.553,2.02142,2.02186,1.00,1.00
2014.12.05 11:02:41.654,2.02142,2.02196,1.00,1.85
2014.12.05 11:02:42.277,2.02141,2.02196,1.00,1.85
2014.12.05 11:02:42.493,2.02142,2.02187,1.00,1.00
2014.12.05 11:02:42.637,2.02141,2.02194,1.00,1.37
2014.12.05 11:02:43.187,2.02142,2.02186,1.00,1.00
2014.12.05 11:02:43.358,2.02131,2.02186,1.00,1.00
2014.12.05 11:02:43.578,2.02142,2.02194,1.00,1.37
2014.12.05 11:02:44.169,2.02141,2.02194,1.00,1.37
2014.12.05 11:02:44.347,2.02132,2.02186,1.00,1.00
2014.12.05 11:02:44.568,2.02141,2.02187,1.00,1.00
2014.12.05 11:02:44.787,2.02132,2.02187,1.00,1.00
2014.12.05 11:02:44.897,2.02142,2.02187,1.00,1.00
2014.12.05 11:02:45.349,2.02131,2.02187,1.00,1.00
2014.12.05 11:02:46.117,2.02142,2.02187,1.00,1.00
2014.12.05 11:02:46.273,2.02131,2.02187,1.00,1.00
2014.12.05 11:02:46.922,2.02141,2.02187,1.00,1.00
2014.12.05 11:02:47.329,2.02132,2.02186,1.00,1.00
2014.12.05 11:02:47.536,2.02133,2.02197,1.00,1.45
2014.12.05 11:02:47.586,2.02133,2.02197,1.75,1.07
2014.12.05 11:02:47.738,2.02143,2.02207,1.00,1.55
2014.12.05 11:02:47.838,2.02143,2.02207,1.00,1.27
2014.12.05 11:02:47.889,2.02143,2.02207,1.37,1.17
2014.12.05 11:02:47.990,2.02143,2.02217,1.52,1.82
2014.12.05 11:02:48.041,2.02144,2.02206,1.52,1.00
2014.12.05 11:02:48.268,2.02153,2.02217,1.00,1.45
2014.12.05 11:02:48.369,2.02153,2.02217,1.37,1.20
2014.12.05 11:02:48.778,2.02161,2.02216,1.00,1.00
2014.12.05 11:02:48.867,2.02154,2.02216,1.52,1.00
2014.12.05 11:02:49.135,2.02161,2.02216,1.00,1.00
2014.12.05 11:02:49.637,2.02162,2.02216,1.00,1.00
2014.12.05 11:02:50.200,2.02161,2.02217,1.00,1.12
2014.12.05 11:02:51.617,2.02153,2.02217,1.52,1.12
2014.12.05 11:02:51.996,2.02161,2.02217,1.00,1.00
2014.12.05 11:02:52.302,2.02171,2.02226,1.00,1.27
2014.12.05 11:02:52.506,2.02164,2.02226,1.87,1.15
2014.12.05 11:02:52.761,2.02172,2.02227,1.00,1.15
2014.12.05 11:02:52.812,2.02172,2.02227,1.00,1.00
2014.12.05 11:02:53.117,2.02173,2.02237,1.00,1.90
2014.12.05 11:02:53.324,2.02171,2.02227,1.00,1.00
2014.12.05 11:02:54.634,2.02173,2.02237,1.00,1.90
2014.12.05 11:02:55.618,2.02171,2.02226,1.00,1.12
2014.12.05 11:02:55.945,2.02172,2.02226,1.00,1.37
2014.12.05 11:02:56.147,2.02163,2.02227,1.51,1.12
2014.12.05 11:02:56.738,2.02164,2.02226,2.29,1.00
2014.12.05 11:02:56.788,2.02171,2.02226,1.00,1.00
2014.12.05 11:02:57.147,2.02164,2.02226,2.29,1.00
2014.12.05 11:02:57.355,2.02171,2.02226,1.00,1.00
2014.12.05 11:02:57.597,2.02173,2.02237,1.00,2.40
2014.12.05 11:02:58.260,2.02174,2.02236,1.00,1.55
2014.12.05 11:02:58.461,2.02181,2.02236,1.00,1.55
2014.12.05 11:02:58.570,2.02173,2.02237,1.00,1.65
2014.12.05 11:02:59.247,2.02174,2.02236,1.00,1.55
2014.12.05 11:02:59.784,2.02173,2.02237,1.00,1.65
2014.12.05 11:03:01.275,2.02174,2.02236,1.00,1.55
2014.12.05 11:03:01.889,2.02173,2.02237,1.00,1.65
2014.12.05 11:03:02.547,2.02174,2.02236,1.00,1.55
2014.12.05 11:03:03.078,2.02173,2.02237,1.00,1.90
2014.12.05 11:03:03.380,2.02172,2.02216,1.00,1.00
2014.12.05 11:03:03.430,2.02162,2.02216,1.00,1.00
2014.12.05 11:03:03.581,2.02162,2.02226,1.00,1.45
2014.12.05 11:03:03.682,2.02162,2.02216,1.00,1.00
2014.12.05 11:03:03.985,2.02161,2.02216,1.00,1.75
2014.12.05 11:03:04.086,2.02154,2.02216,1.00,1.75
2014.12.05 11:03:04.186,2.02151,2.02206,1.00,1.00
2014.12.05 11:03:05.037,2.02144,2.02206,1.15,1.00
2014.12.05 11:03:05.188,2.02143,2.02207,1.07,1.82
2014.12.05 11:03:05.239,2.02143,2.02207,1.00,1.90
2014.12.05 11:03:05.339,2.02141,2.02197,1.12,1.00
2014.12.05 11:03:05.645,2.02152,2.02207,1.00,1.52
2014.12.05 11:03:05.847,2.02143,2.02207,1.65,1.37
2014.12.05 11:03:06.059,2.02152,2.02206,1.00,1.37
2014.12.05 11:03:06.717,2.02152,2.02206,1.00,1.00
2014.12.05 11:03:07.304,2.02151,2.02207,1.00,1.12
2014.12.05 11:03:07.567,2.02143,2.02207,2.02,1.12
2014.12.05 11:03:08.185,2.02144,2.02206,1.17,1.12
2014.12.05 11:03:08.885,2.02144,2.02206,1.17,1.37
2014.12.05 11:03:09.150,2.02141,2.02206,1.50,1.90
2014.12.05 11:03:09.200,2.02141,2.02206,1.00,1.90
2014.12.05 11:03:09.251,2.02134,2.02206,1.51,1.90
2014.12.05 11:03:09.657,2.02142,2.02197,1.00,1.12
2014.12.05 11:03:10.327,2.02142,2.02197,1.00,1.37
2014.12.05 11:03:11.207,2.02142,2.02196,1.00,1.00
2014.12.05 11:03:11.647,2.02137,2.02197,1.71,1.00
2014.12.05 11:03:11.816,2.02137,2.02206,1.71,1.52
2014.12.05 11:03:11.917,2.02144,2.02206,1.00,1.52
2014.12.05 11:03:13.458,2.02142,2.02207,1.00,1.52
2014.12.05 11:03:13.547,2.02144,2.02206,1.00,1.52
2014.12.05 11:03:14.127,2.02144,2.02206,1.00,1.52
2014.12.05 11:03:14.206,2.02142,2.02207,1.00,1.52
2014.12.05 11:03:14.327,2.02144,2.02206,1.00,1.52
2014.12.05 11:03:14.655,2.02136,2.02197,1.34,1.00
2014.12.05 11:03:14.981,2.02135,2.02196,1.44,1.37
2014.12.05 11:03:15.132,2.02133,2.02196,1.27,1.37
2014.12.05 11:03:15.548,2.02133,2.02196,1.12,1.45
2014.12.05 11:03:15.720,2.02132,2.02196,1.00,1.45
2014.12.05 11:03:16.051,2.02132,2.02187,1.00,1.07
2014.12.05 11:03:16.152,2.02125,2.02186,1.37,1.10
2014.12.05 11:03:16.271,2.02131,2.02186,1.00,1.10
2014.12.05 11:03:17.149,2.02126,2.02187,1.37,1.07
2014.12.05 11:03:17.250,2.02132,2.02187,1.00,1.07
2014.12.05 11:03:17.405,2.02124,2.02186,1.87,1.10
2014.12.05 11:03:18.510,2.02124,2.02186,2.25,1.10
2014.12.05 11:03:19.048,2.02127,2.02187,1.00,1.07
2014.12.05 11:03:19.849,2.02128,2.02186,1.00,1.10
2014.12.05 11:03:20.000,2.02131,2.02186,1.00,1.10
2014.12.05 11:03:21.978,2.02128,2.02186,1.00,1.10
2014.12.05 11:03:23.700,2.02125,2.02186,1.37,1.10
2014.12.05 11:03:24.717,2.02128,2.02186,1.00,1.10
2014.12.05 11:03:27.582,2.02128,2.02187,1.10,1.00
2014.12.05 11:03:28.934,2.02128,2.02187,1.47,1.00
2014.12.05 11:03:29.086,2.02133,2.02197,1.00,1.55
2014.12.05 11:03:31.279,2.02131,2.02196,1.00,1.45
2014.12.05 11:03:31.738,2.02133,2.02197,1.00,1.55
2014.12.05 11:03:32.056,2.02131,2.02196,1.00,1.45
2014.12.05 11:03:33.946,2.02129,2.02196,1.37,1.45
2014.12.05 11:03:35.747,2.02129,2.02196,1.00,1.57
2014.12.05 11:03:36.207,2.02125,2.02186,1.52,1.00
2014.12.05 11:03:51.173,2.02127,2.02186,1.00,1.00
2014.12.05 11:03:51.718,2.02128,2.02186,1.00,1.00
2014.12.05 11:03:52.058,2.0213,2.02196,1.00,1.52
2014.12.05 11:03:52.159,2.02133,2.02197,1.00,1.65
2014.12.05 11:03:52.698,2.02134,2.02196,1.00,1.52
2014.12.05 11:03:53.167,2.02135,2.02196,1.00,1.45
2014.12.05 11:03:53.697,2.02134,2.02206,1.20,1.90
2014.12.05 11:03:55.682,2.02134,2.02206,1.47,1.65
2014.12.05 11:03:57.408,2.02136,2.02207,1.37,1.52
2014.12.05 11:03:57.736,2.02143,2.02207,1.00,1.52
2014.12.05 11:03:58.037,2.02133,2.02201,1.07,1.85
2014.12.05 11:03:58.239,2.02134,2.02196,1.00,1.52
2014.12.05 11:03:58.346,2.02127,2.02197,1.37,1.52
2014.12.05 11:03:58.397,2.02132,2.02197,1.00,1.52
2014.12.05 11:04:01.425,2.02133,2.02197,1.00,1.52
2014.12.05 11:04:01.758,2.0214,2.02197,1.00,1.00
2014.12.05 11:04:01.959,2.02143,2.02207,1.12,1.15
2014.12.05 11:04:02.010,2.02143,2.02207,1.20,1.00
2014.12.05 11:04:02.399,2.02144,2.02206,1.10,1.37
2014.12.05 11:04:02.701,2.02143,2.02207,1.00,1.75
2014.12.05 11:04:02.802,2.02143,2.02202,1.00,1.00
2014.12.05 11:04:02.853,2.02133,2.02197,1.15,1.00
2014.12.05 11:04:03.155,2.02153,2.02198,1.00,1.00
2014.12.05 11:04:03.356,2.02153,2.02209,1.00,1.10
2014.12.05 11:04:03.508,2.02143,2.02207,1.00,1.00
2014.12.05 11:04:03.709,2.02153,2.02209,1.00,1.10
2014.12.05 11:04:03.810,2.02143,2.02207,1.00,1.00
2014.12.05 11:04:05.007,2.02143,2.02207,1.00,1.37
2014.12.05 11:04:05.906,2.02144,2.02206,1.00,1.37
2014.12.05 11:04:06.601,2.02143,2.02207,1.00,1.37
2014.12.05 11:04:07.511,2.02143,2.02207,1.00,1.12
2014.12.05 11:04:08.016,2.02144,2.02206,1.00,1.00
2014.12.05 11:04:09.624,2.02144,2.02206,1.00,1.75
2014.12.05 11:04:09.926,2.02134,2.02196,1.15,1.00
2014.12.05 11:04:09.977,2.02133,2.02197,1.12,1.12
2014.12.05 11:04:10.027,2.02133,2.02197,1.00,1.37
2014.12.05 11:04:10.530,2.02124,2.02196,2.02,1.37
2014.12.05 11:04:11.066,2.02133,2.02197,1.00,1.50
2014.12.05 11:04:11.598,2.02133,2.02197,1.00,1.37
2014.12.05 11:04:12.218,2.02134,2.02196,1.00,1.37
2014.12.05 11:04:15.356,2.02133,2.02197,1.00,1.37
2014.12.05 11:04:17.756,2.02133,2.02197,1.12,1.12
2014.12.05 11:04:17.869,2.02133,2.02197,1.37,1.00
2014.12.05 11:04:18.171,2.02144,2.02206,1.00,1.37
2014.12.05 11:04:18.648,2.02144,2.02206,1.00,1.75
2014.12.05 11:04:18.699,2.02134,2.02196,1.37,1.00
2014.12.05 11:04:18.851,2.02134,2.02196,1.37,1.00
2014.12.05 11:04:19.175,2.02144,2.02206,1.00,1.65
2014.12.05 11:04:21.876,2.02144,2.02206,1.00,1.90
2014.12.05 11:04:21.977,2.02134,2.02206,1.12,1.90
2014.12.05 11:04:22.178,2.02134,2.02196,1.12,1.00
2014.12.05 11:04:27.145,2.02133,2.02197,1.47,1.00
2014.12.05 11:04:28.189,2.02133,2.02197,1.85,1.00
2014.12.05 11:04:28.239,2.02134,2.02206,1.50,1.52
2014.12.05 11:04:28.290,2.02134,2.02206,1.57,1.45
2014.12.05 11:04:28.629,2.02144,2.02206,1.00,1.90
2014.12.05 11:04:28.972,2.02143,2.02201,1.00,1.65
2014.12.05 11:04:29.023,2.02133,2.02197,1.00,1.37
2014.12.05 11:04:29.174,2.02133,2.02197,1.37,1.00
2014.12.05 11:04:29.794,2.02133,2.02197,1.37,1.00
2014.12.05 11:04:30.116,2.02143,2.02205,1.00,1.90
2014.12.05 11:04:30.167,2.02143,2.02205,1.00,1.52
2014.12.05 11:04:30.590,2.02143,2.02198,1.00,1.00
2014.12.05 11:04:30.691,2.02133,2.02197,1.37,1.12
2014.12.05 11:04:31.206,2.02134,2.02196,1.12,1.00
2014.12.05 11:04:31.966,2.02133,2.02197,1.37,1.00
2014.12.05 11:04:32.017,2.02133,2.02197,1.00,1.37
2014.12.05 11:04:32.319,2.02133,2.02192,1.00,1.12
2014.12.05 11:04:32.621,2.02134,2.02193,1.00,1.37
2014.12.05 11:04:32.722,2.02124,2.02186,1.37,1.00
2014.12.05 11:04:32.773,2.02134,2.02196,1.00,1.90
2014.12.05 11:04:32.916,2.02134,2.02196,1.00,1.65
2014.12.05 11:04:33.736,2.02123,2.02187,1.85,1.00
2014.12.05 11:04:34.838,2.02133,2.02197,1.00,1.90
2014.12.05 11:04:35.186,2.02124,2.02186,1.50,1.00
2014.12.05 11:04:36.580,2.02124,2.02186,1.12,1.00
2014.12.05 11:04:38.684,2.02133,2.02197,1.00,1.90
2014.12.05 11:04:38.835,2.02124,2.02196,1.12,1.90
2014.12.05 11:04:39.074,2.02126,2.02196,1.00,1.90
2014.12.05 11:04:39.377,2.02123,2.02195,3.07,1.65
2014.12.05 11:04:40.545,2.02125,2.02187,1.37,1.00
2014.12.05 11:04:41.736,2.02123,2.02187,1.47,1.12
2014.12.05 11:04:41.916,2.02125,2.02197,1.37,1.90
2014.12.05 11:04:42.252,2.02133,2.02197,1.00,1.52
2014.12.05 11:04:42.554,2.02123,2.02197,2.32,1.27
2014.12.05 11:04:42.604,2.02126,2.02197,1.75,1.52
2014.12.05 11:04:42.655,2.02126,2.02187,1.75,1.00
2014.12.05 11:04:42.806,2.02123,2.02187,2.32,1.00
2014.12.05 11:04:43.325,2.02124,2.02186,1.87,1.00
2014.12.05 11:04:44.628,2.02124,2.02186,1.87,1.00
2014.12.05 11:04:44.936,2.02123,2.02187,1.47,1.37
2014.12.05 11:04:45.052,2.02124,2.02196,1.37,1.90
2014.12.05 11:04:46.391,2.02134,2.02196,1.00,1.90
2014.12.05 11:04:46.485,2.02124,2.02196,1.87,1.90
2014.12.05 11:04:46.816,2.02124,2.02196,1.00,1.90
2014.12.05 11:04:48.647,2.02124,2.02186,1.00,1.50
2014.12.05 11:04:48.798,2.02113,2.02177,1.47,1.00
2014.12.05 11:04:48.910,2.02113,2.02177,1.85,1.00
2014.12.05 11:04:49.612,2.02114,2.02177,1.37,1.00
2014.12.05 11:04:49.712,2.02124,2.02186,1.00,1.90
2014.12.05 11:04:49.784,2.02114,2.02186,1.87,1.90
2014.12.05 11:04:51.115,2.02114,2.02186,2.25,1.52
2014.12.05 11:04:51.427,2.02114,2.02186,1.75,1.15
2014.12.05 11:04:51.478,2.02116,2.02186,1.90,1.00
2014.12.05 11:04:51.995,2.02118,2.02187,1.65,1.12
2014.12.05 11:04:52.266,2.02114,2.02183,2.25,1.52
2014.12.05 11:04:52.586,2.02115,2.02184,1.00,1.90
2014.12.05 11:04:52.920,2.02124,2.0218,1.00,1.47
2014.12.05 11:04:53.021,2.02104,2.02176,1.15,1.50
2014.12.05 11:04:53.096,2.02103,2.02167,1.84,1.00
2014.12.05 11:04:53.197,2.02104,2.02176,1.00,1.15
2014.12.05 11:04:53.388,2.02103,2.02167,1.09,1.00
2014.12.05 11:04:53.900,2.02103,2.02167,1.46,1.37
2014.12.05 11:04:55.626,2.02103,2.02167,1.46,1.00
2014.12.05 11:05:01.039,2.02103,2.02167,1.46,1.12
2014.12.05 11:05:02.215,2.02104,2.02176,1.00,1.90
2014.12.05 11:05:05.735,2.02103,2.02167,1.46,1.12
2014.12.05 11:05:06.893,2.02103,2.02167,1.61,1.00
2014.12.05 11:05:07.591,2.02104,2.02176,1.90,1.52
2014.12.05 11:05:08.851,2.02104,2.02176,1.27,1.90
2014.12.05 11:05:11.053,2.02113,2.02177,1.00,1.90
2014.12.05 11:05:11.104,2.02113,2.02177,1.00,1.90
2014.12.05 11:05:11.670,2.02114,2.02176,1.00,1.52
2014.12.05 11:05:19.121,2.02114,2.02176,1.15,1.37
2014.12.05 11:05:22.684,2.02114,2.02176,1.52,1.00
2014.12.05 11:05:26.680,2.02123,2.02187,1.00,1.15
2014.12.05 11:05:26.982,2.02123,2.02187,1.50,1.15
2014.12.05 11:05:27.032,2.02123,2.02187,1.52,1.00
2014.12.05 11:05:27.133,2.02124,2.02189,1.52,1.10
2014.12.05 11:05:27.187,2.02134,2.02189,1.00,1.10
2014.12.05 11:05:27.748,2.02133,2.02189,1.00,1.10
2014.12.05 11:05:28.297,2.02124,2.02189,1.65,1.57
2014.12.05 11:05:28.789,2.02123,2.02187,1.90,1.00
2014.12.05 11:05:29.415,2.02123,2.02178,1.90,1.00
2014.12.05 11:05:29.846,2.02123,2.02187,1.90,1.00
2014.12.05 11:05:30.109,2.02123,2.02178,1.90,1.00
2014.12.05 11:05:30.310,2.02123,2.02188,1.90,1.00
2014.12.05 11:05:30.411,2.02124,2.02186,1.90,1.00
2014.12.05 11:05:30.714,2.02127,2.02186,1.90,1.00
2014.12.05 11:05:30.865,2.02133,2.02197,1.37,1.15
2014.12.05 11:05:31.016,2.02133,2.02197,1.52,1.00
2014.12.05 11:05:31.375,2.02143,2.02207,1.00,1.65
2014.12.05 11:05:31.678,2.02138,2.02206,2.32,1.20
2014.12.05 11:05:31.729,2.0214,2.02206,2.32,1.12
2014.12.05 11:05:31.930,2.0214,2.02197,1.95,1.00
2014.12.05 11:05:32.031,2.02143,2.02207,1.52,1.37
2014.12.05 11:05:32.244,2.02144,2.02214,1.52,1.52
2014.12.05 11:05:32.354,2.02145,2.02206,1.52,1.00
2014.12.05 11:05:35.585,2.02144,2.02206,1.20,1.07
2014.12.05 11:05:35.636,2.02144,2.02206,1.12,1.15
2014.12.05 11:05:37.416,2.02143,2.02207,1.00,2.02
2014.12.05 11:05:37.980,2.02144,2.02206,1.00,1.52
2014.12.05 11:05:39.593,2.02143,2.02213,1.95,3.45
2014.12.05 11:05:39.643,2.02153,2.02213,1.00,1.65
2014.12.05 11:05:40.385,2.02143,2.02217,2.02,1.90
2014.12.05 11:05:40.935,2.02153,2.02216,1.00,1.90
2014.12.05 11:05:41.925,2.02144,2.02206,1.07,1.45
2014.12.05 11:05:41.975,2.02144,2.02206,1.00,1.52
2014.12.05 11:05:42.076,2.02133,2.02197,1.90,1.00
2014.12.05 11:05:44.150,2.02134,2.02196,1.90,1.00
2014.12.05 11:05:44.913,2.02133,2.02197,1.15,1.37
2014.12.05 11:05:45.014,2.02133,2.02197,1.27,1.00
2014.12.05 11:05:46.394,2.02133,2.02197,1.15,1.37
2014.12.05 11:05:46.495,2.02133,2.02196,1.10,1.90
2014.12.05 11:05:46.546,2.02132,2.02187,1.07,1.00
2014.12.05 11:05:46.874,2.02125,2.02196,1.52,1.90
2014.12.05 11:05:48.964,2.02123,2.02187,2.02,1.00
2014.12.05 11:05:49.186,2.02124,2.02196,2.02,1.90
2014.12.05 11:05:50.633,2.02124,2.02196,2.02,1.90
2014.12.05 11:05:50.835,2.02133,2.02197,1.10,2.40
2014.12.05 11:05:50.986,2.02127,2.02186,1.15,1.00
2014.12.05 11:05:51.087,2.02134,2.02196,1.00,1.27
2014.12.05 11:05:51.413,2.02133,2.02197,1.47,1.15
2014.12.05 11:05:51.642,2.02133,2.02197,1.47,1.15
2014.12.05 11:05:51.743,2.02143,2.02202,1.00,1.27
2014.12.05 11:05:52.252,2.02144,2.02204,1.00,2.70
2014.12.05 11:05:52.814,2.02135,2.02196,1.12,1.15
2014.12.05 11:05:53.313,2.02133,2.02197,2.32,1.15
2014.12.05 11:05:53.414,2.02136,2.02197,1.12,1.15
2014.12.05 11:05:53.474,2.02144,2.02204,1.00,2.70
2014.12.05 11:05:53.844,2.02136,2.02196,1.12,1.15
2014.12.05 11:05:54.415,2.02133,2.02197,1.47,1.15
2014.12.05 11:05:54.466,2.02143,2.02203,1.00,1.27
2014.12.05 11:05:55.166,2.02134,2.02196,1.37,1.15
2014.12.05 11:05:55.793,2.02135,2.02196,1.27,1.00
2014.12.05 11:05:56.165,2.02133,2.02197,1.15,1.37
2014.12.05 11:05:56.266,2.02133,2.02197,1.07,1.65
2014.12.05 11:05:56.467,2.02143,2.02203,1.00,3.45
2014.12.05 11:06:00.301,2.02134,2.02196,1.47,1.15
2014.12.05 11:06:00.888,2.02144,2.02203,1.00,2.70
2014.12.05 11:06:00.988,2.02144,2.02206,1.00,1.65
2014.12.05 11:06:01.524,2.02143,2.02207,1.10,1.52
2014.12.05 11:06:02.872,2.02144,2.02206,1.00,1.52
2014.12.05 11:06:02.973,2.02137,2.02197,1.52,1.00
2014.12.05 11:06:03.174,2.02138,2.02207,1.52,1.65
2014.12.05 11:06:03.745,2.02142,2.02196,1.17,1.00
2014.12.05 11:06:04.271,2.02133,2.02207,1.90,1.52
2014.12.05 11:06:04.474,2.02143,2.02207,1.57,1.15
2014.12.05 11:06:04.684,2.02143,2.02207,1.10,1.52
2014.12.05 11:06:05.748,2.02143,2.02207,1.47,1.15
2014.12.05 11:06:07.268,2.02143,2.02207,2.02,1.07
2014.12.05 11:06:07.319,2.02143,2.02207,1.52,1.00
2014.12.05 11:06:07.493,2.02153,2.02209,1.00,1.37
2014.12.05 11:06:07.594,2.02143,2.02207,1.52,1.00
2014.12.05 11:06:07.695,2.02154,2.02216,1.00,1.90
2014.12.05 11:06:08.057,2.02154,2.02216,1.00,1.65
2014.12.05 11:06:08.580,2.02153,2.02216,1.00,1.65
2014.12.05 11:06:09.316,2.02154,2.02213,1.00,1.55
2014.12.05 11:06:09.878,2.02154,2.02208,1.00,1.00
2014.12.05 11:06:09.979,2.02144,2.02208,1.52,1.00
2014.12.05 11:06:10.308,2.02144,2.02206,1.52,1.00
2014.12.05 11:06:10.766,2.02144,2.02206,1.15,1.37
2014.12.05 11:06:10.876,2.02144,2.02206,1.27,1.12
2014.12.05 11:06:11.427,2.02144,2.02215,1.52,1.65
2014.12.05 11:06:11.974,2.02144,2.02209,1.52,1.00
2014.12.05 11:06:12.437,2.02143,2.02207,1.52,1.37
2014.12.05 11:06:13.965,2.02135,2.02206,1.90,1.27
2014.12.05 11:06:14.091,2.02135,2.02197,1.90,1.00
2014.12.05 11:06:14.393,2.02142,2.02205,1.20,1.15
2014.12.05 11:06:14.544,2.02143,2.02207,1.15,1.37
2014.12.05 11:06:15.432,2.02143,2.02207,1.90,1.00
2014.12.05 11:06:16.906,2.02144,2.02206,1.52,1.00
2014.12.05 11:06:17.682,2.02144,2.02213,1.52,1.52
2014.12.05 11:06:17.833,2.02143,2.02207,1.65,1.00
2014.12.05 11:06:19.363,2.02143,2.02217,2.40,1.90
2014.12.05 11:06:19.589,2.02145,2.02206,1.52,1.00
2014.12.05 11:06:19.690,2.02148,2.02216,1.90,1.15
2014.12.05 11:06:19.891,2.02146,2.02216,1.65,1.52
2014.12.05 11:06:20.093,2.02149,2.02206,1.52,1.00
2014.12.05 11:06:20.613,2.02149,2.02207,1.52,1.00
2014.12.05 11:06:20.765,2.02153,2.02217,1.00,1.52
2014.12.05 11:06:21.313,2.02154,2.02216,1.00,1.52
2014.12.05 11:06:21.874,2.02154,2.02216,1.52,1.00
2014.12.05 11:06:22.190,2.02165,2.02227,1.27,1.00
2014.12.05 11:06:22.291,2.02163,2.02227,2.40,1.00
2014.12.05 11:06:22.442,2.02174,2.02236,1.00,1.15
2014.12.05 11:06:23.624,2.02164,2.02226,1.15,1.12
2014.12.05 11:06:23.944,2.02174,2.02228,1.00,1.37
2014.12.05 11:06:24.045,2.02174,2.02228,1.00,1.00
2014.12.05 11:06:24.096,2.02164,2.02226,1.52,1.00
2014.12.05 11:06:24.197,2.02173,2.02226,1.00,1.00
2014.12.05 11:06:24.298,2.02173,2.02228,1.00,1.50
2014.12.05 11:06:24.579,2.02164,2.02226,1.52,1.00
2014.12.05 11:06:24.997,2.02174,2.02228,1.00,1.00
2014.12.05 11:06:25.104,2.02163,2.02227,1.61,1.00
2014.12.05 11:06:25.154,2.02163,2.02227,1.61,1.37
2014.12.05 11:06:25.361,2.02164,2.02228,1.52,1.00
2014.12.05 11:06:25.412,2.02163,2.02224,1.65,1.00
2014.12.05 11:06:25.462,2.02163,2.02224,1.00,1.27
2014.12.05 11:06:25.564,2.02153,2.02224,1.52,1.15
2014.12.05 11:06:25.664,2.02163,2.02227,1.12,1.15
2014.12.05 11:06:25.967,2.02153,2.02217,1.27,1.00
2014.12.05 11:06:26.168,2.02158,2.02217,3.04,1.00
2014.12.05 11:06:26.320,2.02173,2.02229,1.00,1.17
2014.12.05 11:06:30.402,2.02173,2.02237,1.15,1.47
2014.12.05 11:06:30.695,2.02174,2.02238,1.52,1.07
2014.12.05 11:06:30.796,2.02184,2.02238,1.00,1.07
2014.12.05 11:06:30.947,2.02174,2.02239,1.52,1.07
2014.12.05 11:06:31.678,2.02184,2.02239,1.00,1.07
2014.12.05 11:06:32.883,2.02183,2.02238,1.00,1.07
2014.12.05 11:06:33.216,2.02176,2.02236,1.52,1.00
2014.12.05 11:06:33.723,2.02175,2.02237,1.52,1.10
2014.12.05 11:06:40.642,2.02173,2.02237,1.15,1.85
2014.12.05 11:06:40.693,2.02173,2.02237,1.00,1.90
2014.12.05 11:06:40.794,2.02163,2.02228,1.52,1.00
2014.12.05 11:06:40.844,2.02164,2.02226,1.52,1.00
2014.12.05 11:06:40.945,2.02153,2.02227,1.52,1.90
2014.12.05 11:06:41.447,2.02155,2.02227,1.15,1.90
2014.12.05 11:06:42.352,2.02156,2.02219,1.15,1.55
2014.12.05 11:06:42.604,2.02149,2.02207,1.10,1.00
2014.12.05 11:06:42.654,2.02149,2.02207,1.85,1.00
2014.12.05 11:06:42.805,2.02154,2.02216,1.52,1.00
2014.12.05 11:06:43.339,2.02154,2.02226,1.15,1.90
2014.12.05 11:06:43.948,2.02154,2.02226,1.15,1.90
2014.12.05 11:06:44.760,2.02147,2.02216,2.66,1.37
2014.12.05 11:06:47.568,2.02154,2.02216,1.27,1.12
2014.12.05 11:06:47.670,2.02154,2.02216,1.15,1.37
2014.12.05 11:06:52.468,2.02153,2.02227,1.27,1.90
2014.12.05 11:06:52.793,2.02163,2.02227,1.00,1.90
2014.12.05 11:06:53.374,2.02163,2.02227,1.00,1.90
2014.12.05 11:06:53.885,2.02163,2.02225,1.00,1.90
2014.12.05 11:06:54.036,2.02153,2.02224,2.02,1.90
2014.12.05 11:06:54.993,2.02164,2.02225,1.00,1.90
2014.12.05 11:06:56.043,2.02154,2.02222,1.15,1.65
2014.12.05 11:06:56.211,2.02154,2.02222,1.15,1.90
2014.12.05 11:06:56.676,2.02153,2.02217,1.15,2.25
2014.12.05 11:06:56.777,2.02153,2.02217,1.00,2.40
2014.12.05 11:06:57.232,2.02153,2.02217,1.07,1.52
2014.12.05 11:06:57.283,2.02153,2.02217,1.90,1.07
2014.12.05 11:06:57.333,2.02164,2.02226,1.00,2.02
2014.12.05 11:06:57.485,2.02164,2.02226,1.15,1.10
2014.12.05 11:06:57.687,2.02164,2.02236,1.90,1.52
2014.12.05 11:06:57.779,2.02164,2.02236,1.52,1.90
2014.12.05 11:07:01.524,2.02163,2.02227,1.45,1.45
2014.12.05 11:07:01.575,2.02163,2.02227,1.37,1.52
2014.12.05 11:07:01.726,2.02156,2.02217,1.52,1.00
2014.12.05 11:07:02.916,2.02153,2.02217,1.15,1.50
2014.12.05 11:07:02.967,2.02153,2.02217,1.00,1.65
2014.12.05 11:07:03.488,2.02152,2.02216,1.00,1.90
2014.12.05 11:07:03.824,2.02154,2.02216,1.12,1.27
2014.12.05 11:07:04.131,2.02154,2.02216,1.50,1.15
2014.12.05 11:07:05.230,2.02154,2.02216,1.57,1.07
2014.12.05 11:07:05.280,2.02154,2.02216,1.65,1.00
2014.12.05 11:07:05.713,2.02154,2.02216,1.90,1.00
2014.12.05 11:07:05.814,2.02163,2.02218,1.00,1.10
2014.12.05 11:07:05.993,2.02153,2.02218,1.90,1.10
2014.12.05 11:07:08.455,2.02163,2.02227,1.07,1.82
2014.12.05 11:07:08.657,2.02164,2.02226,1.52,1.00
2014.12.05 11:07:08.758,2.02164,2.02228,1.52,1.10
2014.12.05 11:07:09.217,2.02174,2.02236,1.07,1.20
2014.12.05 11:07:09.267,2.02174,2.02236,1.15,1.12
2014.12.05 11:07:09.855,2.02174,2.02228,1.15,1.00
2014.12.05 11:07:10.543,2.02167,2.02229,2.32,1.00
2014.12.05 11:07:10.864,2.02164,2.02226,1.52,1.00
2014.12.05 11:07:11.375,2.02158,2.02227,1.90,1.10
2014.12.05 11:07:15.438,2.02157,2.02227,2.70,1.95
2014.12.05 11:07:15.740,2.02157,2.02216,1.95,1.00
2014.12.05 11:07:15.791,2.02157,2.02224,1.95,1.75
2014.12.05 11:07:15.842,2.02157,2.02226,2.70,1.00
2014.12.05 11:07:16.616,2.02164,2.02226,1.45,1.07
2014.12.05 11:07:16.667,2.02158,2.02226,1.55,1.52
2014.12.05 11:07:17.233,2.02153,2.02217,1.52,1.00
2014.12.05 11:07:19.872,2.02153,2.02216,1.52,1.00
2014.12.05 11:07:20.533,2.02153,2.02217,1.52,1.00
2014.12.05 11:07:21.141,2.02154,2.02216,1.15,1.12
2014.12.05 11:07:21.242,2.02154,2.02214,1.15,1.00
2014.12.05 11:07:21.345,2.02154,2.02216,1.15,1.00
2014.12.05 11:07:21.395,2.02154,2.02218,1.15,1.47
2014.12.05 11:07:21.496,2.02154,2.02219,1.15,1.45
2014.12.05 11:07:21.597,2.02153,2.02217,1.15,1.37
2014.12.05 11:07:21.698,2.02153,2.02217,1.52,1.12
2014.12.05 11:07:21.900,2.02149,2.02215,2.70,1.00
2014.12.05 11:07:22.221,2.02144,2.02214,1.90,1.15
2014.12.05 11:07:23.376,2.02163,2.02218,1.37,1.15
2014.12.05 11:07:23.678,2.02154,2.02216,1.75,1.15
2014.12.05 11:07:23.812,2.02164,2.02218,1.00,1.15
2014.12.05 11:07:23.913,2.02164,2.02223,1.12,1.15
2014.12.05 11:07:24.397,2.02153,2.02217,1.87,1.15
2014.12.05 11:07:25.385,2.02163,2.02219,1.00,1.27
2014.12.05 11:07:25.463,2.02153,2.02217,1.87,1.15
2014.12.05 11:07:26.012,2.02163,2.02219,1.00,1.27
2014.12.05 11:07:26.124,2.02153,2.02217,1.87,1.15
2014.12.05 11:07:27.055,2.02153,2.02217,2.21,1.15
2014.12.05 11:07:27.358,2.02177,2.02246,1.86,1.65
2014.12.05 11:07:27.409,2.02177,2.02246,1.86,1.52
2014.12.05 11:07:27.459,2.02193,2.02249,1.00,1.90
2014.12.05 11:07:27.580,2.02183,2.02247,1.65,1.52
2014.12.05 11:07:28.304,2.02173,2.02245,1.17,1.95
2014.12.05 11:07:28.657,2.02184,2.02245,1.00,1.95
2014.12.05 11:07:28.873,2.02174,2.02245,1.07,1.95
2014.12.05 11:07:29.444,2.02174,2.02244,1.07,1.90
2014.12.05 11:07:31.364,2.02174,2.02241,1.20,1.65
2014.12.05 11:07:31.415,2.02183,2.02241,1.00,1.65
2014.12.05 11:07:31.666,2.02174,2.02245,1.20,2.70
2014.12.05 11:07:32.294,2.02174,2.02245,1.07,3.45
2014.12.05 11:07:32.631,2.02173,2.02237,1.27,1.27
2014.12.05 11:07:32.722,2.02184,2.02245,1.00,3.45
2014.12.05 11:07:33.204,2.02174,2.02245,1.07,2.70
2014.12.05 11:07:33.822,2.02184,2.02245,1.00,2.70
2014.12.05 11:07:34.593,2.02183,2.02245,1.00,2.70
2014.12.05 11:07:35.593,2.02184,2.02245,1.00,2.70
2014.12.05 11:07:36.132,2.02174,2.02239,1.20,1.52
2014.12.05 11:07:36.716,2.02184,2.02235,1.00,1.07
2014.12.05 11:07:36.817,2.02174,2.02235,1.20,1.07
2014.12.05 11:07:36.917,2.02173,2.02235,1.37,1.15
2014.12.05 11:07:37.421,2.02174,2.02237,1.37,1.95
2014.12.05 11:07:37.522,2.02184,2.02239,1.00,1.15
2014.12.05 11:07:37.723,2.02183,2.02239,1.45,1.07
2014.12.05 11:07:37.875,2.02193,2.02248,1.00,1.55
2014.12.05 11:07:38.112,2.02183,2.02248,1.52,1.55
2014.12.05 11:07:41.119,2.02184,2.02246,1.15,1.45
2014.12.05 11:07:41.548,2.02193,2.02256,1.00,2.70
2014.12.05 11:07:43.198,2.02194,2.02256,1.00,3.45
2014.12.05 11:07:43.875,2.02193,2.02256,1.00,2.70
2014.12.05 11:07:44.027,2.02193,2.02257,1.15,1.90
2014.12.05 11:07:44.178,2.02194,2.02256,1.55,1.17
2014.12.05 11:07:44.866,2.02204,2.02266,1.00,3.07
2014.12.05 11:07:44.967,2.02194,2.02266,1.92,3.07
2014.12.05 11:07:45.168,2.02193,2.02257,1.15,1.52
2014.12.05 11:07:45.420,2.02204,2.02258,1.00,1.52
2014.12.05 11:07:45.521,2.02194,2.02256,1.17,1.27
2014.12.05 11:07:45.622,2.02204,2.02258,1.00,1.52
2014.12.05 11:07:45.856,2.02193,2.02257,1.15,1.90
2014.12.05 11:07:46.289,2.02204,2.02261,1.00,1.90
2014.12.05 11:07:46.592,2.02194,2.02256,1.17,1.65
2014.12.05 11:07:46.957,2.02193,2.02254,1.00,1.90
2014.12.05 11:07:47.158,2.02183,2.02247,1.15,1.45
2014.12.05 11:07:47.372,2.02193,2.02254,1.00,1.15
2014.12.05 11:07:47.473,2.02193,2.02257,1.55,1.65
2014.12.05 11:07:47.976,2.02185,2.02256,2.32,1.45
2014.12.05 11:07:48.026,2.02185,2.02246,2.32,1.00
2014.12.05 11:07:48.077,2.02184,2.02246,1.65,1.07
2014.12.05 11:07:48.598,2.02184,2.02246,1.52,1.07
2014.12.05 11:07:50.322,2.02177,2.02236,2.32,1.00
2014.12.05 11:07:50.475,2.02177,2.02246,2.32,1.45
2014.12.05 11:07:50.777,2.02193,2.02256,1.12,2.32
2014.12.05 11:07:50.978,2.02194,2.02266,1.52,1.90
2014.12.05 11:07:51.513,2.02193,2.02267,1.90,3.07
2014.12.05 11:07:51.614,2.02204,2.02276,1.15,1.90
2014.12.05 11:07:51.715,2.02206,2.02276,1.92,1.15
2014.12.05 11:07:51.917,2.02214,2.02278,1.17,1.15
2014.12.05 11:07:52.422,2.02213,2.02277,1.15,1.92
2014.12.05 11:07:53.120,2.02213,2.02277,1.15,1.92
2014.12.05 11:07:54.028,2.02213,2.02277,1.15,1.92
2014.12.05 11:07:54.430,2.02213,2.02277,1.52,1.17
2014.12.05 11:07:58.920,2.02224,2.02279,1.00,1.52
2014.12.05 11:07:59.721,2.02213,2.02278,1.52,1.27
2014.12.05 11:08:01.943,2.02214,2.02281,1.17,1.90
2014.12.05 11:08:02.044,2.02203,2.02277,1.15,2.40
2014.12.05 11:08:02.547,2.02204,2.02276,1.52,2.40
2014.12.05 11:08:05.932,2.02204,2.02272,1.15,1.90
2014.12.05 11:08:08.032,2.02213,2.02274,1.00,1.90
2014.12.05 11:08:08.083,2.02213,2.02274,1.00,1.52
2014.12.05 11:08:08.502,2.02213,2.02274,1.15,1.50
2014.12.05 11:08:08.603,2.02204,2.02274,1.45,3.45
2014.12.05 11:08:08.805,2.02213,2.02274,1.00,2.70
2014.12.05 11:08:09.346,2.02214,2.02268,1.00,1.52
2014.12.05 11:08:09.920,2.02223,2.02274,1.00,2.32
2014.12.05 11:08:10.424,2.02224,2.02274,1.00,1.95
2014.12.05 11:08:10.829,2.02223,2.02283,1.00,2.70
2014.12.05 11:08:11.336,2.02224,2.02278,1.00,1.15
2014.12.05 11:08:11.882,2.02223,2.02279,1.00,1.15
2014.12.05 11:08:12.445,2.02224,2.02282,1.00,1.52
2014.12.05 11:08:12.898,2.02234,2.02283,1.00,2.32
2014.12.05 11:08:13.113,2.02224,2.02283,1.00,2.32
2014.12.05 11:08:13.772,2.02223,2.02283,1.00,2.32
2014.12.05 11:08:14.091,2.02223,2.02286,1.10,2.70
2014.12.05 11:08:14.142,2.02223,2.02287,1.10,1.90
2014.12.05 11:08:15.323,2.02224,2.02288,1.00,1.90
2014.12.05 11:08:17.205,2.02223,2.02288,1.47,1.15
2014.12.05 11:08:17.306,2.02224,2.02286,1.00,1.52
2014.12.05 11:08:17.609,2.02234,2.02289,1.00,1.52
2014.12.05 11:08:17.961,2.02244,2.02291,1.00,1.95
2014.12.05 11:08:18.163,2.02233,2.02291,1.00,1.95
2014.12.05 11:08:18.671,2.02234,2.02291,1.00,2.70
2014.12.05 11:08:19.691,2.02224,2.02291,1.00,2.70
2014.12.05 11:08:19.833,2.02234,2.02291,1.00,2.70
2014.12.05 11:08:20.064,2.02223,2.02291,1.10,2.70
2014.12.05 11:08:20.266,2.02234,2.02284,1.00,1.52
2014.12.05 11:08:20.618,2.02223,2.02286,1.10,1.90
2014.12.05 11:08:20.669,2.02223,2.02283,1.00,2.32
2014.12.05 11:08:22.124,2.02224,2.02283,1.00,2.70
2014.12.05 11:08:26.841,2.02223,2.02279,1.00,1.52
2014.12.05 11:08:27.453,2.02213,2.02278,1.45,1.52
2014.12.05 11:08:30.683,2.02213,2.0228,1.07,1.90
2014.12.05 11:08:30.962,2.02214,2.02275,1.00,2.32
2014.12.05 11:08:31.355,2.02214,2.02275,1.37,1.95
2014.12.05 11:08:31.690,2.02224,2.02275,1.00,1.95
2014.12.05 11:08:32.031,2.02213,2.02275,1.00,1.95
2014.12.05 11:08:32.578,2.02214,2.02268,1.00,1.15
2014.12.05 11:08:33.390,2.02203,2.02268,1.79,1.52
2014.12.05 11:08:41.652,2.02214,2.02273,1.00,1.27
2014.12.05 11:08:41.872,2.02214,2.02274,1.00,1.15
2014.12.05 11:08:41.923,2.02214,2.02274,1.00,1.17
2014.12.05 11:08:42.993,2.02214,2.02279,1.37,2.02
2014.12.05 11:08:44.303,2.02214,2.02269,1.00,1.45
2014.12.05 11:08:44.934,2.02203,2.02266,1.00,1.52
2014.12.05 11:08:45.063,2.02203,2.02259,1.00,1.00
2014.12.05 11:08:45.567,2.02203,2.02258,1.00,1.00
2014.12.05 11:08:45.873,2.02193,2.02256,1.07,1.52
2014.12.05 11:08:46.136,2.02203,2.02258,1.00,1.52
2014.12.05 11:08:46.662,2.02193,2.02259,1.07,1.52
2014.12.05 11:08:46.712,2.02193,2.02253,1.07,1.82
2014.12.05 11:08:46.813,2.02193,2.02253,1.07,1.45
2014.12.05 11:08:46.864,2.02193,2.02239,1.07,1.00
2014.12.05 11:08:46.915,2.02186,2.02239,1.00,1.00
2014.12.05 11:08:47.066,2.02184,2.02248,1.41,1.52
2014.12.05 11:08:47.117,2.02184,2.02248,1.79,1.15
2014.12.05 11:08:47.419,2.02193,2.02249,1.00,1.15
2014.12.05 11:08:47.916,2.02204,2.02257,1.00,1.17
2014.12.05 11:08:48.017,2.02194,2.02256,1.17,1.07
2014.12.05 11:08:48.319,2.02203,2.02259,1.00,1.15
2014.12.05 11:08:48.571,2.02195,2.02259,1.07,1.15
2014.12.05 11:08:48.672,2.02203,2.02259,1.00,1.15
2014.12.05 11:08:49.343,2.02193,2.02257,1.15,1.55
2014.12.05 11:08:49.444,2.02203,2.02266,1.00,2.70
2014.12.05 11:08:50.212,2.02204,2.02266,1.00,3.07
2014.12.05 11:08:50.327,2.02203,2.02266,1.15,1.55
2014.12.05 11:08:50.428,2.02213,2.02267,1.00,1.52
2014.12.05 11:08:50.621,2.02204,2.02272,1.15,1.90
2014.12.05 11:08:50.776,2.02214,2.02272,1.00,1.90
2014.12.05 11:08:50.876,2.02204,2.02275,1.15,2.70
2014.12.05 11:08:51.085,2.02213,2.02275,1.00,2.32
2014.12.05 11:08:52.211,2.02213,2.02277,1.15,1.57
2014.12.05 11:08:52.805,2.02214,2.02286,1.15,2.40
2014.12.05 11:08:56.443,2.02214,2.0228,1.15,1.90
2014.12.05 11:08:56.648,2.02213,2.02277,1.52,1.20
2014.12.05 11:08:56.718,2.02213,2.02277,1.15,1.45
2014.12.05 11:08:57.020,2.02204,2.02269,1.52,1.45
2014.12.05 11:08:57.561,2.02201,2.02266,1.15,1.75
2014.12.05 11:08:57.863,2.02193,2.02257,1.00,1.90
2014.12.05 11:08:57.963,2.02193,2.02257,1.37,1.27
2014.12.05 11:08:58.266,2.02204,2.02266,1.00,2.02
2014.12.05 11:09:00.528,2.022,2.02267,1.45,1.17
2014.12.05 11:09:00.579,2.022,2.02267,1.52,1.10
2014.12.05 11:09:01.119,2.02204,2.02266,1.52,1.00
2014.12.05 11:09:01.351,2.02206,2.02266,1.65,1.00
2014.12.05 11:09:01.617,2.02213,2.02277,1.52,1.45
2014.12.05 11:09:01.943,2.02215,2.02277,2.25,1.00
2014.12.05 11:09:02.245,2.02215,2.02276,1.95,1.37
2014.12.05 11:09:02.672,2.02215,2.02276,1.95,1.00
2014.12.05 11:09:05.456,2.02215,2.02268,1.95,1.00
2014.12.05 11:09:05.851,2.02215,2.02276,1.95,1.00
2014.12.05 11:09:06.305,2.02215,2.02268,1.95,1.00
2014.12.05 11:09:07.031,2.02215,2.02269,1.95,1.00
2014.12.05 11:09:07.692,2.02215,2.02268,1.95,1.00
2014.12.05 11:09:08.352,2.02215,2.02269,1.95,1.00
2014.12.05 11:09:10.584,2.02215,2.02277,1.95,1.00
2014.12.05 11:09:11.067,2.02215,2.02268,1.95,1.00
2014.12.05 11:09:11.242,2.02215,2.02277,1.95,1.00
2014.12.05 11:09:11.902,2.02215,2.02268,1.95,1.00
2014.12.05 11:09:12.452,2.02215,2.02269,1.95,1.00
2014.12.05 11:09:13.110,2.02215,2.02277,1.95,1.00
2014.12.05 11:09:13.698,2.02215,2.02279,1.95,1.37
2014.12.05 11:09:17.943,2.02213,2.02283,1.45,2.70
2014.12.05 11:09:19.540,2.02213,2.02283,1.57,3.07
2014.12.05 11:09:19.902,2.02223,2.02283,1.00,3.07
2014.12.05 11:09:23.293,2.02214,2.02271,1.10,1.50
2014.12.05 11:09:23.343,2.02214,2.02268,1.10,1.45
2014.12.05 11:09:23.444,2.02203,2.02266,1.00,1.52
2014.12.05 11:09:24.005,2.02203,2.02264,1.00,1.52
2014.12.05 11:09:24.105,2.02203,2.0226,1.00,1.37
2014.12.05 11:09:24.408,2.02203,2.02254,1.00,1.15
2014.12.05 11:09:24.928,2.02204,2.02259,1.00,1.27
2014.12.05 11:09:28.163,2.02193,2.02259,1.95,1.52
2014.12.05 11:09:28.392,2.02203,2.02258,1.00,1.27
2014.12.05 11:09:28.570,2.02194,2.02258,1.37,1.27
2014.12.05 11:09:28.723,2.02204,2.02263,1.00,2.70
2014.12.05 11:09:28.900,2.02194,2.02263,1.37,2.70
2014.12.05 11:09:28.951,2.02194,2.02263,1.50,2.32
2014.12.05 11:09:29.253,2.02195,2.02261,1.15,1.57
2014.12.05 11:09:29.355,2.02195,2.02261,1.00,1.65
2014.12.05 11:09:29.711,2.02204,2.02261,1.00,1.65
2014.12.05 11:09:30.703,2.02203,2.02261,1.00,1.52
2014.12.05 11:09:36.820,2.02204,2.02258,1.00,1.52
2014.12.05 11:09:37.381,2.02193,2.02257,1.10,1.90
2014.12.05 11:09:37.482,2.02194,2.02256,1.00,1.90
2014.12.05 11:09:38.382,2.02194,2.02245,1.00,1.00
2014.12.05 11:09:38.685,2.02183,2.02239,1.00,2.32
2014.12.05 11:09:38.736,2.02174,2.02236,1.00,1.52
2014.12.05 11:09:38.837,2.02183,2.02239,1.00,3.07
2014.12.05 11:09:38.938,2.02173,2.02238,1.00,1.52
2014.12.05 11:09:39.040,2.02183,2.02239,1.00,3.82
2014.12.05 11:09:39.493,2.02184,2.02246,1.00,1.15
2014.12.05 11:09:39.594,2.02193,2.02249,1.00,1.52
2014.12.05 11:09:40.161,2.02194,2.02251,1.00,2.32
2014.12.05 11:09:40.662,2.02193,2.02251,1.00,2.32
2014.12.05 11:09:41.367,2.02194,2.02248,1.00,1.65
2014.12.05 11:09:41.689,2.02183,2.02247,1.00,1.52
2014.12.05 11:09:41.790,2.02193,2.02249,1.00,1.90
2014.12.05 11:09:42.810,2.02194,2.02251,1.00,2.70
2014.12.05 11:09:43.112,2.02204,2.02258,1.00,1.10
2014.12.05 11:09:43.214,2.02213,2.02268,1.00,1.90
2014.12.05 11:09:43.822,2.02214,2.02268,1.00,1.65
2014.12.05 11:09:45.513,2.02213,2.02268,1.00,1.65
2014.12.05 11:09:46.651,2.02214,2.02268,1.00,1.07
2014.12.05 11:09:46.701,2.02214,2.02269,1.00,1.17
2014.12.05 11:09:47.205,2.02213,2.02277,1.00,3.07
2014.12.05 11:09:47.456,2.02214,2.02277,1.07,2.32
2014.12.05 11:09:47.507,2.02223,2.02282,1.00,1.15
2014.12.05 11:09:47.660,2.02234,2.02294,1.00,1.90
2014.12.05 11:09:48.198,2.02233,2.02295,1.00,2.70
2014.12.05 11:09:51.631,2.02233,2.02295,1.37,1.95
2014.12.05 11:09:51.732,2.02233,2.02297,1.45,1.15
2014.12.05 11:09:52.137,2.02234,2.02296,1.85,1.15
2014.12.05 11:09:52.470,2.02244,2.02303,1.00,2.32
2014.12.05 11:09:57.403,2.02234,2.02296,1.10,1.27
2014.12.05 11:10:01.590,2.02233,2.0229,1.07,1.00
2014.12.05 11:10:01.923,2.02233,2.0229,1.00,1.15
2014.12.05 11:10:03.121,2.02234,2.02289,1.00,1.15
2014.12.05 11:10:03.625,2.02233,2.02295,1.00,3.07
2014.12.05 11:10:04.870,2.02234,2.02289,1.00,1.15
2014.12.05 11:10:05.875,2.02233,2.02289,1.00,1.15
2014.12.05 11:10:08.752,2.02233,2.02283,1.00,1.00
2014.12.05 11:10:08.961,2.02224,2.02283,1.55,1.00
2014.12.05 11:10:09.163,2.02233,2.02283,1.00,1.00
2014.12.05 11:10:09.694,2.02233,2.02286,1.00,1.15
2014.12.05 11:10:12.240,2.02234,2.02289,1.00,1.15
2014.12.05 11:10:12.931,2.02234,2.02282,1.00,1.00
2014.12.05 11:10:13.032,2.02224,2.02282,1.45,1.07
2014.12.05 11:10:13.472,2.02223,2.02282,1.00,1.15
2014.12.05 11:10:17.481,2.02223,2.02276,1.00,1.85
2014.12.05 11:10:17.531,2.02214,2.02276,1.07,2.40
2014.12.05 11:10:17.582,2.02214,2.02267,1.00,1.65
2014.12.05 11:10:17.783,2.02204,2.02264,1.07,1.45
2014.12.05 11:10:17.942,2.02204,2.02264,1.07,1.45
2014.12.05 11:10:18.496,2.02204,2.02261,1.07,1.45
2014.12.05 11:10:18.798,2.02204,2.02255,1.00,1.07
2014.12.05 11:10:20.309,2.02204,2.0225,1.00,1.00
2014.12.05 11:10:20.410,2.02194,2.02242,1.00,1.00
2014.12.05 11:10:20.611,2.02193,2.02238,1.50,1.00
2014.12.05 11:10:20.863,2.02185,2.02238,1.54,1.00
2014.12.05 11:10:20.964,2.02183,2.02238,1.17,1.00
2014.12.05 11:10:21.014,2.02183,2.02238,1.00,1.15
2014.12.05 11:10:21.321,2.02183,2.02229,1.15,1.00
2014.12.05 11:10:21.372,2.02183,2.02247,1.15,1.65
2014.12.05 11:10:21.523,2.02193,2.02249,1.00,1.65
2014.12.05 11:10:25.461,2.02194,2.02248,1.00,1.15
2014.12.05 11:10:26.430,2.02184,2.02246,1.55,1.07
2014.12.05 11:10:26.692,2.02193,2.02249,1.00,1.27
2014.12.05 11:10:26.896,2.02183,2.02247,1.52,1.17
2014.12.05 11:10:26.998,2.02194,2.02249,1.00,1.27
2014.12.05 11:10:27.122,2.02183,2.02238,1.52,1.00
2014.12.05 11:10:27.433,2.02184,2.02249,1.90,1.07
2014.12.05 11:10:27.484,2.02184,2.02249,3.45,1.00
2014.12.05 11:10:27.786,2.02185,2.02247,1.65,1.00
2014.12.05 11:10:27.887,2.02193,2.02257,1.55,1.15
2014.12.05 11:10:27.937,2.02193,2.02257,1.92,1.15
2014.12.05 11:10:28.189,2.02204,2.02258,1.07,1.00
2014.12.05 11:10:28.290,2.02204,2.02248,1.07,1.00
2014.12.05 11:10:28.391,2.02193,2.02248,1.90,1.00
2014.12.05 11:10:28.442,2.02193,2.02248,1.27,1.00
2014.12.05 11:10:29.712,2.02193,2.02249,1.27,1.00
2014.12.05 11:10:29.876,2.02193,2.02257,1.52,1.07
2014.12.05 11:10:30.178,2.02204,2.02266,1.00,1.65
2014.12.05 11:10:34.351,2.02203,2.02258,1.00,1.17
2014.12.05 11:10:35.152,2.02203,2.02254,1.00,1.00
2014.12.05 11:10:35.404,2.02203,2.02257,1.00,1.07
2014.12.05 11:10:36.041,2.02204,2.0226,1.00,1.52
2014.12.05 11:10:36.911,2.02203,2.0226,1.00,1.52
2014.12.05 11:10:37.540,2.02204,2.02264,1.00,1.65
2014.12.05 11:10:39.223,2.02204,2.0226,1.00,1.65
2014.12.05 11:10:39.374,2.02204,2.02256,1.00,2.32
2014.12.05 11:10:39.425,2.02193,2.02254,1.00,2.70
2014.12.05 11:10:39.677,2.02184,2.02246,1.07,1.27
2014.12.05 11:10:39.878,2.02183,2.0224,1.17,1.00
2014.12.05 11:10:40.186,2.02183,2.02238,1.07,1.07
2014.12.05 11:10:40.237,2.02183,2.02238,1.00,1.15
2014.12.05 11:10:41.573,2.02183,2.02235,1.00,1.15
2014.12.05 11:10:42.493,2.02174,2.02229,1.00,1.15
2014.12.05 11:10:44.030,2.02173,2.02233,1.00,1.52
2014.12.05 11:10:44.430,2.02173,2.02237,1.37,2.70
2014.12.05 11:10:44.531,2.02173,2.02237,1.12,2.70
2014.12.05 11:10:44.632,2.02173,2.02237,1.90,1.15
2014.12.05 11:10:44.935,2.02184,2.02241,1.00,1.15
2014.12.05 11:10:45.038,2.02174,2.02236,1.65,1.15
2014.12.05 11:10:45.139,2.02184,2.02244,1.00,2.70
2014.12.05 11:10:45.830,2.02173,2.02244,1.15,1.95
2014.12.05 11:10:50.223,2.02183,2.02242,1.00,1.52
2014.12.05 11:10:51.324,2.02174,2.0224,1.17,1.65
2014.12.05 11:10:52.982,2.02184,2.02244,1.00,2.32
2014.12.05 11:10:53.413,2.02173,2.02241,1.52,1.52
2014.12.05 11:10:53.943,2.02183,2.02244,1.00,2.70
2014.12.05 11:10:55.401,2.02183,2.02237,1.00,2.32
2014.12.05 11:10:55.703,2.02173,2.02237,1.09,2.70
2014.12.05 11:10:56.501,2.02174,2.02236,1.00,1.90
2014.12.05 11:10:57.812,2.02164,2.02225,1.52,1.00
2014.12.05 11:10:58.328,2.02164,2.02227,1.52,1.17
2014.12.05 11:10:59.559,2.02164,2.02225,1.52,1.00
2014.12.05 11:11:00.080,2.02164,2.02224,1.52,1.00
2014.12.05 11:11:00.361,2.02164,2.02229,1.65,1.15
2014.12.05 11:11:00.704,2.02173,2.02231,1.00,1.27
2014.12.05 11:11:02.951,2.02164,2.02227,1.65,1.17
2014.12.05 11:11:03.679,2.02164,2.02226,1.52,1.10
2014.12.05 11:11:04.320,2.02164,2.02225,1.52,1.00
2014.12.05 11:11:04.949,2.02164,2.02226,1.52,1.10
2014.12.05 11:11:10.422,2.02164,2.02226,1.07,1.27
2014.12.05 11:11:10.889,2.02164,2.02225,1.00,1.15
2014.12.05 11:11:16.591,2.02163,2.02226,1.00,1.52
2014.12.05 11:11:19.038,2.02164,2.0222,1.00,1.15
2014.12.05 11:11:19.189,2.02153,2.02215,1.00,1.52
2014.12.05 11:11:24.949,2.02147,2.02214,1.12,1.52
2014.12.05 11:11:25.100,2.02147,2.02206,1.12,1.00
2014.12.05 11:11:25.402,2.02154,2.02208,1.00,1.95
2014.12.05 11:11:25.709,2.02154,2.02205,1.00,1.15
2014.12.05 11:11:26.217,2.02153,2.02208,1.00,1.52
2014.12.05 11:11:27.112,2.02153,2.02208,1.00,1.55
2014.12.05 11:11:29.612,2.02143,2.02207,1.90,1.07
2014.12.05 11:11:29.663,2.02145,2.02207,1.45,1.15
2014.12.05 11:11:29.965,2.02163,2.02216,1.00,1.52
2014.12.05 11:11:30.559,2.02164,2.02217,1.00,1.52
2014.12.05 11:11:30.710,2.02153,2.02217,1.12,2.02
2014.12.05 11:11:31.041,2.02163,2.02217,1.00,1.52
2014.12.05 11:11:37.527,2.02163,2.02227,1.12,1.52
2014.12.05 11:11:37.751,2.02174,2.02229,1.00,2.32
2014.12.05 11:11:48.418,2.02164,2.02225,1.00,1.52
2014.12.05 11:11:48.881,2.02164,2.02219,1.00,1.45
2014.12.05 11:11:49.259,2.02159,2.02215,1.07,1.12
2014.12.05 11:11:49.478,2.02164,2.02215,1.00,1.12
2014.12.05 11:11:51.289,2.02164,2.02219,1.00,1.95
2014.12.05 11:11:51.791,2.02163,2.02219,1.00,1.20
2014.12.05 11:11:52.143,2.02173,2.02226,1.00,1.52
2014.12.05 11:11:52.720,2.02173,2.02228,1.00,1.00
2014.12.05 11:11:53.725,2.02173,2.02232,1.00,1.52
2014.12.05 11:11:53.776,2.02184,2.02232,1.00,1.52
2014.12.05 11:11:57.909,2.02184,2.02229,1.00,1.47
2014.12.05 11:11:57.960,2.02174,2.02229,1.00,1.47
2014.12.05 11:11:58.010,2.02174,2.02229,1.00,1.52
2014.12.05 11:11:58.061,2.02164,2.02226,1.00,1.52
2014.12.05 11:11:58.168,2.02174,2.02225,1.00,1.27
2014.12.05 11:11:58.509,2.02164,2.02224,1.00,1.52
2014.12.05 11:11:58.559,2.02164,2.0222,1.00,1.37
2014.12.05 11:11:58.928,2.02163,2.02216,1.00,1.15
2014.12.05 11:12:00.700,2.02164,2.02214,1.00,1.15
2014.12.05 11:12:04.341,2.02163,2.02217,1.00,1.15
2014.12.05 11:12:04.443,2.02164,2.0222,1.00,1.10
2014.12.05 11:12:04.946,2.02163,2.02223,1.12,1.15
2014.12.05 11:12:05.612,2.02164,2.02223,1.50,1.15
2014.12.05 11:12:11.947,2.02173,2.02224,1.00,1.15
2014.12.05 11:12:12.149,2.02164,2.0222,1.00,1.10
2014.12.05 11:12:12.300,2.02164,2.02219,1.00,1.37
2014.12.05 11:12:12.824,2.02163,2.02217,1.00,1.00
2014.12.05 11:12:13.418,2.02163,2.02215,1.00,1.00
2014.12.05 11:12:13.973,2.02163,2.02214,1.00,1.00
2014.12.05 11:12:14.558,2.02164,2.02213,1.00,1.00
2014.12.05 11:12:15.753,2.02164,2.02215,1.00,1.00
2014.12.05 11:12:18.949,2.02164,2.02216,1.00,1.12
2014.12.05 11:12:19.175,2.02164,2.02218,1.00,1.00
2014.12.05 11:12:19.840,2.02164,2.02217,1.00,1.00
2014.12.05 11:12:20.568,2.02164,2.02216,1.00,1.00
2014.12.05 11:12:21.238,2.02164,2.02217,1.00,1.00
2014.12.05 11:12:21.670,2.02164,2.02219,1.00,1.12
2014.12.05 11:12:21.822,2.02169,2.02219,1.34,1.00
2014.12.05 11:12:22.329,2.02174,2.02226,1.00,1.27
2014.12.05 11:12:22.429,2.02164,2.02219,1.00,1.00
2014.12.05 11:12:22.631,2.02164,2.0222,1.00,1.45
2014.12.05 11:12:26.668,2.02163,2.0222,1.00,1.27
2014.12.05 11:12:26.929,2.02163,2.02225,1.00,3.07
2014.12.05 11:12:26.980,2.02163,2.02227,1.37,1.15
2014.12.05 11:12:27.030,2.02174,2.02232,1.00,3.07
2014.12.05 11:12:27.617,2.02173,2.02232,1.00,3.07
2014.12.05 11:12:28.740,2.02173,2.02233,1.00,2.32
2014.12.05 11:12:29.042,2.02184,2.02238,1.00,1.65
2014.12.05 11:12:34.827,2.02184,2.02239,1.00,1.90
2014.12.05 11:12:34.928,2.02183,2.02235,1.00,1.52
2014.12.05 11:12:35.029,2.02173,2.02235,1.00,1.52
2014.12.05 11:12:35.130,2.02184,2.02237,1.00,1.65
2014.12.05 11:12:35.818,2.02183,2.0224,1.00,3.45
2014.12.05 11:12:35.969,2.02184,2.0224,1.00,1.45
2014.12.05 11:12:36.020,2.02173,2.0224,1.52,1.45
2014.12.05 11:12:36.272,2.02183,2.0224,1.00,1.07
2014.12.05 11:12:36.789,2.02184,2.02242,1.00,1.52
2014.12.05 11:12:38.391,2.02184,2.02244,1.37,1.15
2014.12.05 11:12:38.572,2.02194,2.02248,1.00,1.07
2014.12.05 11:12:38.773,2.02193,2.02256,1.65,1.10
2014.12.05 11:12:38.875,2.02203,2.02256,1.37,1.10
2014.12.05 11:12:39.247,2.02203,2.02267,1.45,2.02
2014.12.05 11:12:39.297,2.02203,2.02267,1.52,1.55
2014.12.05 11:12:39.560,2.02213,2.02268,1.00,1.52
2014.12.05 11:12:39.662,2.02204,2.02266,1.27,1.20
2014.12.05 11:12:39.712,2.02204,2.02265,1.15,1.47
2014.12.05 11:12:40.088,2.02204,2.02266,1.52,1.07
2014.12.05 11:12:40.189,2.02213,2.02266,1.00,1.07
2014.12.05 11:12:40.409,2.02204,2.02266,1.15,1.45
2014.12.05 11:12:40.522,2.02203,2.02265,1.52,1.10
2014.12.05 11:12:40.925,2.02204,2.02266,1.90,1.07
2014.12.05 11:12:40.976,2.02213,2.02277,1.15,1.52
2014.12.05 11:12:41.412,2.02214,2.02276,1.17,1.65
2014.12.05 11:12:41.913,2.02213,2.02277,1.27,2.02
2014.12.05 11:12:42.329,2.02214,2.02276,1.17,1.55
2014.12.05 11:12:42.635,2.02213,2.02285,1.15,2.70
2014.12.05 11:12:44.438,2.02213,2.02277,1.15,2.40
2014.12.05 11:12:44.775,2.02213,2.02267,1.00,1.07
2014.12.05 11:12:45.078,2.02204,2.02259,1.50,1.95
2014.12.05 11:12:45.178,2.02214,2.02267,1.00,1.90
2014.12.05 11:12:46.196,2.02214,2.02267,1.00,1.90
2014.12.05 11:12:48.703,2.02214,2.02268,1.00,1.90
2014.12.05 11:12:49.277,2.02213,2.02269,1.00,1.90
2014.12.05 11:12:50.549,2.02213,2.02259,1.00,1.00
2014.12.05 11:12:51.208,2.02213,2.02268,1.00,1.90
2014.12.05 11:12:51.968,2.02203,2.02266,1.00,1.65
2014.12.05 11:12:52.535,2.02204,2.02266,1.00,1.52
2014.12.05 11:12:52.841,2.02213,2.02268,1.00,1.52
2014.12.05 11:12:53.043,2.02213,2.02271,1.00,1.92
2014.12.05 11:12:53.350,2.02213,2.02271,1.00,1.55
2014.12.05 11:12:54.770,2.02213,2.0227,1.00,1.57
2014.12.05 11:12:55.405,2.02214,2.02268,1.00,1.37
2014.12.05 11:12:57.176,2.02214,2.02268,1.00,2.25
2014.12.05 11:12:57.377,2.02213,2.02266,1.00,1.00
2014.12.05 11:12:59.410,2.02213,2.02268,1.00,1.00
2014.12.05 11:13:00.077,2.02213,2.02257,1.00,1.00
2014.12.05 11:13:00.178,2.02213,2.02261,1.00,1.17
2014.12.05 11:13:00.229,2.02204,2.02261,1.12,1.17
2014.12.05 11:13:00.330,2.02214,2.02265,1.00,1.52
2014.12.05 11:13:00.538,2.02204,2.02265,1.00,1.27
2014.12.05 11:13:00.639,2.02204,2.02266,1.07,1.45
2014.12.05 11:13:01.016,2.02213,2.02268,1.00,1.47
2014.12.05 11:13:01.419,2.02213,2.02268,1.00,1.20
2014.12.05 11:13:10.548,2.02214,2.02274,1.00,1.27
2014.12.05 11:13:11.870,2.02213,2.02274,1.00,1.27
2014.12.05 11:13:12.760,2.02214,2.02274,1.00,1.52
2014.12.05 11:13:15.168,2.02213,2.02275,1.00,1.52
2014.12.05 11:13:17.304,2.02214,2.02276,1.00,1.52
2014.12.05 11:13:18.973,2.02214,2.02276,1.15,1.37
2014.12.05 11:13:19.124,2.02221,2.02276,1.00,1.00
2014.12.05 11:13:19.533,2.02224,2.02278,1.00,1.10
2014.12.05 11:13:21.134,2.02225,2.02279,1.00,1.07
2014.12.05 11:13:22.138,2.02224,2.02279,1.00,1.07
2014.12.05 11:13:24.421,2.02224,2.02279,1.00,1.45
2014.12.05 11:13:24.964,2.02224,2.0228,1.00,1.55
2014.12.05 11:13:25.276,2.02227,2.02281,1.00,1.52
2014.12.05 11:13:29.676,2.02224,2.02282,1.00,1.52
2014.12.05 11:13:34.506,2.02225,2.02282,1.00,1.52
2014.12.05 11:13:35.305,2.02227,2.02282,1.00,1.52
2014.12.05 11:13:39.227,2.02227,2.02284,1.00,1.65
2014.12.05 11:13:39.937,2.02235,2.02288,1.00,1.15
2014.12.05 11:13:40.139,2.02233,2.02288,1.00,1.52
2014.12.05 11:13:40.290,2.02225,2.02286,1.00,1.15
2014.12.05 11:13:41.171,2.02224,2.02286,3.00,1.52
2014.12.05 11:13:42.149,2.02225,2.02286,1.00,1.52
2014.12.05 11:13:43.187,2.02224,2.02283,1.00,1.52
2014.12.05 11:13:44.159,2.02225,2.02282,1.00,1.52
2014.12.05 11:13:47.877,2.02225,2.02282,1.00,1.90
2014.12.05 11:13:48.230,2.0222,2.02273,1.00,1.52
2014.12.05 11:13:48.331,2.02213,2.02273,1.00,1.52
2014.12.05 11:13:48.512,2.02213,2.02274,1.37,1.15
2014.12.05 11:13:48.977,2.02213,2.02277,1.00,1.90
2014.12.05 11:13:49.296,2.02213,2.02276,1.00,1.90
2014.12.05 11:13:49.627,2.02204,2.02267,1.52,1.12
2014.12.05 11:13:50.117,2.02208,2.02273,1.15,1.52
2014.12.05 11:13:50.168,2.02214,2.02276,1.00,1.65
2014.12.05 11:13:52.277,2.02214,2.02276,1.00,1.90
2014.12.05 11:13:52.990,2.02213,2.02275,1.00,1.90
2014.12.05 11:13:56.671,2.02214,2.02275,1.00,1.90
2014.12.05 11:13:57.096,2.02213,2.02272,1.00,2.70
2014.12.05 11:14:01.719,2.0221,2.02272,2.25,2.70
2014.12.05 11:14:01.819,2.02204,2.02272,1.71,2.70
2014.12.05 11:14:01.870,2.02204,2.02272,1.37,2.70
2014.12.05 11:14:02.819,2.02204,2.02266,1.00,1.52
2014.12.05 11:14:03.778,2.02203,2.02267,1.00,1.90
2014.12.05 11:14:03.979,2.02203,2.02265,1.00,2.32
2014.12.05 11:14:04.510,2.02203,2.02264,1.00,2.70
2014.12.05 11:14:05.940,2.02203,2.02264,1.37,1.95
2014.12.05 11:14:06.041,2.02204,2.02272,1.37,2.32
2014.12.05 11:14:06.092,2.02204,2.02272,1.45,2.25
2014.12.05 11:14:06.142,2.02204,2.02276,1.90,1.15
2014.12.05 11:14:06.193,2.02221,2.02276,1.00,1.15
2014.12.05 11:14:06.344,2.02223,2.02287,1.45,1.15
2014.12.05 11:14:06.445,2.02224,2.02286,1.47,1.15
2014.12.05 11:14:06.859,2.02214,2.02286,2.32,1.52
2014.12.05 11:14:06.910,2.02214,2.02285,1.95,2.32
2014.12.05 11:14:07.667,2.02214,2.02285,1.95,2.70
2014.12.05 11:14:08.114,2.02214,2.02284,2.32,1.52
2014.12.05 11:14:09.051,2.02216,2.02285,1.37,2.70
2014.12.05 11:14:09.539,2.02215,2.0228,1.00,1.52
2014.12.05 11:14:09.841,2.02215,2.02285,1.37,2.70
2014.12.05 11:14:10.143,2.02223,2.02287,1.45,1.15
2014.12.05 11:14:10.457,2.02233,2.02279,1.00,1.15
2014.12.05 11:14:10.559,2.02233,2.02292,1.00,1.52
2014.12.05 11:14:10.659,2.02224,2.02293,1.07,2.70
2014.12.05 11:14:10.710,2.02224,2.0228,1.07,1.07
2014.12.05 11:14:10.867,2.02221,2.0228,1.00,1.52
2014.12.05 11:14:10.936,2.02221,2.0228,1.50,1.15
2014.12.05 11:14:11.138,2.02224,2.02286,1.15,1.45
2014.12.05 11:14:12.619,2.02233,2.02296,1.00,2.70
2014.12.05 11:14:13.381,2.02234,2.02296,1.00,3.45
2014.12.05 11:14:14.016,2.02233,2.02296,1.00,2.70
2014.12.05 11:14:16.436,2.02234,2.02296,1.00,3.45
2014.12.05 11:14:17.040,2.02233,2.02296,1.00,2.32
2014.12.05 11:14:19.042,2.02233,2.02297,1.17,1.52
2014.12.05 11:14:20.476,2.02234,2.02296,1.07,1.65
2014.12.05 11:14:21.196,2.02234,2.02296,1.07,1.55
2014.12.05 11:14:28.780,2.02233,2.02296,1.17,1.92
2014.12.05 11:14:29.082,2.02239,2.02295,1.00,2.32
2014.12.05 11:14:29.878,2.02243,2.02295,1.00,2.32
2014.12.05 11:14:31.385,2.02242,2.02295,1.00,2.32
2014.12.05 11:14:33.706,2.02243,2.02295,1.00,2.32
2014.12.05 11:14:34.058,2.0224,2.02295,1.00,2.32
2014.12.05 11:14:34.411,2.02244,2.02295,1.00,2.32
2014.12.05 11:14:35.906,2.02243,2.02295,1.00,2.32
2014.12.05 11:14:36.708,2.02239,2.02289,1.00,1.52
2014.12.05 11:14:36.960,2.02234,2.02295,1.00,2.70
2014.12.05 11:14:37.271,2.02225,2.02295,1.07,2.70
2014.12.05 11:14:37.845,2.02237,2.02295,1.00,2.70
2014.12.05 11:14:38.252,2.02224,2.02286,1.07,1.45
2014.12.05 11:14:38.403,2.02224,2.02286,1.00,3.00
2014.12.05 11:14:38.814,2.02234,2.02296,1.00,3.45
2014.12.05 11:14:40.637,2.02233,2.02296,1.00,2.70
2014.12.05 11:14:42.107,2.02233,2.02296,1.37,1.95
2014.12.05 11:14:43.312,2.02233,2.02296,1.00,2.32
2014.12.05 11:14:43.465,2.02233,2.02288,1.37,1.17
2014.12.05 11:14:43.515,2.02234,2.02288,1.45,1.10
2014.12.05 11:14:43.616,2.02233,2.02306,1.92,2.32
2014.12.05 11:14:43.768,2.02243,2.02306,1.00,2.32
2014.12.05 11:14:44.177,2.02233,2.02306,1.65,2.70
2014.12.05 11:14:44.328,2.02233,2.02306,1.55,2.70
2014.12.05 11:14:44.851,2.02233,2.02297,1.17,1.55
2014.12.05 11:14:44.952,2.02244,2.02306,1.00,3.45
2014.12.05 11:14:45.483,2.02243,2.02306,1.00,2.70
2014.12.05 11:14:46.496,2.02244,2.02306,1.00,3.45
2014.12.05 11:14:47.030,2.02233,2.02305,1.55,1.90
2014.12.05 11:14:48.877,2.02234,2.02296,1.07,1.45
2014.12.05 11:14:49.695,2.02234,2.02296,1.07,1.45
2014.12.05 11:14:50.231,2.02244,2.02303,1.00,1.52
2014.12.05 11:14:50.433,2.02234,2.02296,1.07,1.45
2014.12.05 11:14:51.845,2.02233,2.02297,1.07,1.52
2014.12.05 11:14:51.946,2.02233,2.02297,1.00,3.07
2014.12.05 11:14:52.490,2.02234,2.02296,1.00,1.52
2014.12.05 11:14:54.528,2.02233,2.02297,1.00,3.07
2014.12.05 11:14:55.050,2.02234,2.02296,1.00,1.52
2014.12.05 11:14:56.496,2.02233,2.02297,1.00,3.45
2014.12.05 11:14:57.071,2.02234,2.02296,1.00,1.27
2014.12.05 11:14:57.582,2.02233,2.02297,1.00,3.07
2014.12.05 11:14:58.092,2.02234,2.02296,1.00,1.52
2014.12.05 11:14:58.797,2.02233,2.02292,1.00,1.52
2014.12.05 11:14:59.010,2.02224,2.02291,1.15,1.52
2014.12.05 11:14:59.162,2.02234,2.02293,1.00,1.90
2014.12.05 11:14:59.225,2.02224,2.02293,1.15,1.90
2014.12.05 11:14:59.377,2.02234,2.02294,1.00,1.90
2014.12.05 11:14:59.477,2.02224,2.02294,1.15,1.90
2014.12.05 11:14:59.556,2.02234,2.02294,1.00,1.90
2014.12.05 11:15:00.116,2.02224,2.02294,1.15,1.90
2014.12.05 11:15:00.960,2.02223,2.02287,1.15,1.55
2014.12.05 11:15:01.265,2.02223,2.02286,1.00,3.07
2014.12.05 11:15:01.892,2.02224,2.02286,1.00,3.07
2014.12.05 11:15:02.778,2.02224,2.02286,1.37,2.70
2014.12.05 11:15:03.544,2.02223,2.02286,1.00,2.32
2014.12.05 11:15:05.647,2.02224,2.02286,1.00,3.07
2014.12.05 11:15:06.160,2.02223,2.02286,1.00,2.32
2014.12.05 11:15:06.667,2.02224,2.02286,1.00,3.45
2014.12.05 11:15:07.187,2.02223,2.02286,1.00,2.32
2014.12.05 11:15:08.699,2.02224,2.02286,1.00,3.82
2014.12.05 11:15:09.318,2.02223,2.02286,1.00,2.32
2014.12.05 11:15:09.979,2.02224,2.02286,1.00,3.07
2014.12.05 11:15:10.546,2.02223,2.02286,1.00,2.32
2014.12.05 11:15:11.096,2.02224,2.02286,1.00,3.07
2014.12.05 11:15:11.629,2.02223,2.02286,1.00,2.32
2014.12.05 11:15:12.206,2.02224,2.02286,1.00,3.07
2014.12.05 11:15:12.858,2.02223,2.02286,1.12,2.32
2014.12.05 11:15:13.389,2.02223,2.02286,1.37,1.95
2014.12.05 11:15:13.509,2.02223,2.02286,1.12,2.32
2014.12.05 11:15:13.942,2.02223,2.02277,1.00,2.32
2014.12.05 11:15:13.992,2.02213,2.02277,1.00,3.07
2014.12.05 11:15:14.093,2.02213,2.0227,1.00,2.32
2014.12.05 11:15:14.319,2.02204,2.02267,1.00,2.32
2014.12.05 11:15:17.719,2.02203,2.02264,1.00,1.65
2014.12.05 11:15:18.406,2.02204,2.02264,1.00,1.65
2014.12.05 11:15:19.178,2.02203,2.02265,1.00,1.52
2014.12.05 11:15:19.683,2.02204,2.02267,1.00,3.45
2014.12.05 11:15:24.847,2.02207,2.02267,1.00,1.95
2014.12.05 11:15:24.999,2.02214,2.02268,1.00,1.15
2014.12.05 11:15:25.099,2.02223,2.02268,1.00,1.15
2014.12.05 11:15:25.882,2.02223,2.02259,1.00,1.00
2014.12.05 11:15:26.312,2.02214,2.02259,1.50,1.00
2014.12.05 11:15:27.415,2.02214,2.02248,1.00,1.00
2014.12.05 11:15:27.516,2.02204,2.02248,1.00,1.00
2014.12.05 11:15:27.617,2.02194,2.02248,1.07,1.00
2014.12.05 11:15:28.585,2.02194,2.02249,1.07,1.00
2014.12.05 11:15:29.183,2.02196,2.02249,1.00,1.00
2014.12.05 11:15:30.504,2.02204,2.02249,1.00,1.00
2014.12.05 11:15:31.129,2.02204,2.02248,1.00,1.00
2014.12.05 11:15:31.565,2.02204,2.02258,1.00,1.52
2014.12.05 11:15:32.086,2.02203,2.02258,1.00,1.15
2014.12.05 11:15:32.300,2.02204,2.02269,1.00,1.90
2014.12.05 11:15:32.351,2.02213,2.02258,1.00,1.00
2014.12.05 11:15:32.604,2.02214,2.02269,1.00,1.27
2014.12.05 11:15:33.108,2.02213,2.02269,1.50,1.15
2014.12.05 11:15:33.693,2.02215,2.02269,1.00,1.15
2014.12.05 11:15:34.194,2.02214,2.02269,1.00,1.15
2014.12.05 11:15:34.296,2.02214,2.02269,1.00,1.10
2014.12.05 11:15:34.347,2.02214,2.02269,2.25,1.10
2014.12.05 11:15:34.649,2.02223,2.02279,1.12,1.10
2014.12.05 11:15:34.700,2.02223,2.02279,1.27,1.00
2014.12.05 11:15:34.901,2.02234,2.02296,1.00,1.90
2014.12.05 11:15:38.518,2.02243,2.02297,1.00,1.52
2014.12.05 11:15:38.726,2.02233,2.02292,1.00,1.52
2014.12.05 11:15:39.330,2.02233,2.02286,1.00,1.00
2014.12.05 11:15:39.932,2.02234,2.02286,1.00,1.00
2014.12.05 11:15:40.436,2.02234,2.02292,1.00,1.15
2014.12.05 11:15:40.758,2.02233,2.02298,1.37,2.70
2014.12.05 11:15:41.060,2.02243,2.02297,1.00,1.15
2014.12.05 11:15:41.575,2.02234,2.02297,1.37,1.15
2014.12.05 11:15:41.827,2.02244,2.02298,1.00,1.95
2014.12.05 11:15:42.591,2.02234,2.02296,1.37,1.15
2014.12.05 11:15:44.032,2.02243,2.02295,1.00,1.15
2014.12.05 11:15:46.975,2.02234,2.02293,1.37,1.15
2014.12.05 11:15:47.185,2.02243,2.02292,1.00,1.15
2014.12.05 11:15:49.223,2.02243,2.02285,1.00,1.00
2014.12.05 11:15:49.564,2.02243,2.02283,1.00,1.00
2014.12.05 11:15:49.717,2.02233,2.02283,1.37,1.00
2014.12.05 11:15:50.226,2.02233,2.02284,1.37,1.00
2014.12.05 11:15:51.746,2.02233,2.02286,1.37,1.00
2014.12.05 11:15:51.966,2.02233,2.02284,1.37,1.00
2014.12.05 11:15:52.623,2.02233,2.02283,1.37,1.00
2014.12.05 11:15:54.106,2.02233,2.02283,1.00,1.00
2014.12.05 11:15:54.601,2.02233,2.0228,1.00,1.00
2014.12.05 11:15:54.752,2.02233,2.02283,1.00,1.00
2014.12.05 11:15:58.455,2.02233,2.02284,1.00,1.10
2014.12.05 11:15:58.981,2.02233,2.02284,1.00,1.47
2014.12.05 11:15:59.085,2.02233,2.02278,1.00,1.00
2014.12.05 11:15:59.186,2.02223,2.0227,1.00,1.12
2014.12.05 11:15:59.237,2.02223,2.02261,1.00,1.00
2014.12.05 11:15:59.438,2.02213,2.02263,1.00,1.10
2014.12.05 11:15:59.589,2.02213,2.02261,1.00,1.00
2014.12.05 11:16:00.105,2.02214,2.02257,1.00,1.00
2014.12.05 11:16:01.876,2.02214,2.02255,1.00,1.00
2014.12.05 11:16:02.220,2.02213,2.02253,1.00,1.00
2014.12.05 11:16:02.741,2.02213,2.02251,1.00,1.00
2014.12.05 11:16:02.893,2.02214,2.02257,1.00,1.00
2014.12.05 11:16:03.443,2.02215,2.02257,1.00,1.00
2014.12.05 11:16:03.745,2.02214,2.02254,1.00,1.00
2014.12.05 11:16:04.446,2.02216,2.02254,1.00,1.00
2014.12.05 11:16:05.115,2.02216,2.02255,1.00,1.00
2014.12.05 11:16:06.365,2.02216,2.02254,1.00,1.00
2014.12.05 11:16:06.415,2.02214,2.02254,1.50,1.00
2014.12.05 11:16:07.933,2.02214,2.02252,1.00,1.00
2014.12.05 11:16:08.455,2.02213,2.02252,1.00,1.00
2014.12.05 11:16:08.906,2.02213,2.02255,1.00,1.00
2014.12.05 11:16:09.007,2.02214,2.02257,1.00,1.00
2014.12.05 11:16:09.228,2.0221,2.02258,1.00,1.00
2014.12.05 11:16:09.329,2.02214,2.02261,1.00,1.00
2014.12.05 11:16:09.769,2.02214,2.02258,1.00,1.00
2014.12.05 11:16:09.870,2.02208,2.02253,1.00,1.00
2014.12.05 11:16:09.920,2.02208,2.0225,1.00,1.00
2014.12.05 11:16:10.235,2.02213,2.02254,1.00,1.00
2014.12.05 11:16:10.538,2.02213,2.02251,1.00,1.15
2014.12.05 11:16:10.853,2.02213,2.02252,1.00,1.00
2014.12.05 11:16:11.207,2.02209,2.02253,1.00,1.00
2014.12.05 11:16:11.828,2.02209,2.02252,1.00,1.00
2014.12.05 11:16:12.965,2.02209,2.0225,1.00,1.00
2014.12.05 11:16:14.340,2.02209,2.02251,1.00,1.00
2014.12.05 11:16:19.614,2.02209,2.0225,1.00,1.00
2014.12.05 11:16:19.665,2.02203,2.0225,1.00,1.00
2014.12.05 11:16:21.374,2.02203,2.02248,1.00,1.00
2014.12.05 11:16:21.715,2.02204,2.0225,1.00,1.00
2014.12.05 11:16:22.385,2.02203,2.0225,1.00,1.00
2014.12.05 11:16:23.475,2.02203,2.02248,1.00,1.00
2014.12.05 11:16:23.695,2.02203,2.0225,1.00,1.00
2014.12.05 11:16:24.702,2.02203,2.02249,1.00,1.00
2014.12.05 11:16:28.328,2.02203,2.02248,1.00,1.00
2014.12.05 11:16:28.479,2.02203,2.02251,1.00,1.00
2014.12.05 11:16:28.681,2.02203,2.02253,1.00,1.07
2014.12.05 11:16:28.883,2.02199,2.02247,1.00,1.00
2014.12.05 11:16:28.984,2.02194,2.02241,1.00,1.00
2014.12.05 11:16:29.514,2.02194,2.0224,1.00,1.00
2014.12.05 11:16:30.108,2.02193,2.0224,1.00,1.00
2014.12.05 11:16:30.504,2.02193,2.02242,1.00,1.00
2014.12.05 11:16:31.054,2.02193,2.0224,1.00,1.00
2014.12.05 11:16:31.274,2.02194,2.02242,1.00,1.00
2014.12.05 11:16:31.934,2.02194,2.02241,1.00,1.00
2014.12.05 11:16:32.490,2.02193,2.0224,1.00,1.00
2014.12.05 11:16:33.105,2.02194,2.0224,1.00,1.00
2014.12.05 11:16:33.934,2.02193,2.0224,1.00,1.00
2014.12.05 11:16:34.354,2.02193,2.02238,1.00,1.00
2014.12.05 11:16:34.506,2.02183,2.02233,1.37,1.00
2014.12.05 11:16:35.009,2.02183,2.02232,1.00,1.00
2014.12.05 11:16:36.468,2.02183,2.02233,1.00,1.00
2014.12.05 11:16:38.271,2.02184,2.02233,1.00,1.00
2014.12.05 11:16:38.864,2.02184,2.02231,1.00,1.00
2014.12.05 11:16:39.166,2.02184,2.02229,1.50,1.00
2014.12.05 11:16:39.544,2.02184,2.02227,1.00,1.00
2014.12.05 11:16:40.067,2.02183,2.02227,1.50,1.00
2014.12.05 11:16:40.636,2.02183,2.02228,1.00,1.00
2014.12.05 11:16:41.096,2.02183,2.02224,1.00,1.00
2014.12.05 11:16:41.197,2.02174,2.02222,1.34,1.00
2014.12.05 11:16:41.584,2.02173,2.02222,1.00,1.00
2014.12.05 11:16:41.635,2.02173,2.02226,1.00,1.00
2014.12.05 11:16:41.740,2.02173,2.02223,1.00,1.00
2014.12.05 11:16:42.111,2.02174,2.0222,1.00,1.00
2014.12.05 11:16:42.632,2.02174,2.02219,1.00,1.00
2014.12.05 11:16:43.166,2.02173,2.02219,1.00,1.00
2014.12.05 11:16:43.726,2.02173,2.02218,1.00,1.00
2014.12.05 11:16:44.071,2.02173,2.02215,1.00,1.00
2014.12.05 11:16:44.323,2.02168,2.02212,1.00,1.00
2014.12.05 11:16:44.423,2.02169,2.02217,1.00,1.00
2014.12.05 11:16:44.775,2.02163,2.02217,1.84,1.00
2014.12.05 11:16:44.876,2.02163,2.02211,1.84,1.00
2014.12.05 11:16:45.179,2.02163,2.02209,1.50,1.00
2014.12.05 11:16:45.229,2.02163,2.02221,1.87,1.10
2014.12.05 11:16:45.330,2.02164,2.02232,2.25,1.07
2014.12.05 11:16:45.431,2.02174,2.02238,1.82,2.40
2014.12.05 11:16:45.532,2.02183,2.02242,1.07,1.17
2014.12.05 11:16:45.836,2.02193,2.02252,1.50,1.15
2014.12.05 11:16:46.744,2.02194,2.0225,1.00,1.15
2014.12.05 11:16:47.936,2.0219,2.02246,1.00,1.15
2014.12.05 11:16:48.036,2.0219,2.02245,1.00,2.32
2014.12.05 11:16:48.188,2.02184,2.02237,1.00,1.15
2014.12.05 11:16:48.825,2.02183,2.02242,1.00,1.52
2014.12.05 11:16:48.925,2.02183,2.02232,1.00,1.00
2014.12.05 11:16:49.379,2.02183,2.02237,1.00,1.15
2014.12.05 11:16:49.914,2.02184,2.02232,1.00,1.00
2014.12.05 11:16:50.166,2.02183,2.0224,1.37,1.15
2014.12.05 11:16:50.216,2.02193,2.0224,1.00,1.15
2014.12.05 11:16:52.425,2.02184,2.02241,1.50,1.15
2014.12.05 11:16:52.526,2.02184,2.02236,1.00,1.17
2014.12.05 11:16:53.295,2.02183,2.02234,1.00,1.10
2014.12.05 11:16:53.576,2.02183,2.02231,1.00,1.00
2014.12.05 11:16:54.113,2.02173,2.02229,1.20,1.07
2014.12.05 11:16:54.164,2.02173,2.02229,1.00,1.15
2014.12.05 11:16:54.466,2.02174,2.02223,1.00,1.00
2014.12.05 11:16:54.517,2.02163,2.02223,1.90,1.00
2014.12.05 11:16:55.671,2.02163,2.02223,1.52,1.00
2014.12.05 11:16:56.226,2.02163,2.02221,1.52,1.00
2014.12.05 11:16:56.546,2.02173,2.02222,1.00,1.00
2014.12.05 11:16:56.704,2.02164,2.02222,1.55,1.00
2014.12.05 11:16:56.927,2.02174,2.02222,1.00,1.00
2014.12.05 11:16:56.977,2.02174,2.02227,1.00,1.17
2014.12.05 11:16:57.028,2.02174,2.02227,1.37,1.17
2014.12.05 11:16:57.229,2.02173,2.02234,1.90,1.10
2014.12.05 11:16:57.280,2.02184,2.02234,1.00,1.10
2014.12.05 11:16:57.743,2.02174,2.02228,1.17,1.00
2014.12.05 11:16:57.844,2.02174,2.02226,1.17,1.00
2014.12.05 11:16:57.996,2.02173,2.02228,1.15,1.00
2014.12.05 11:16:58.197,2.02173,2.02231,1.15,1.00
2014.12.05 11:16:58.743,2.02173,2.02232,1.15,1.00
2014.12.05 11:16:59.619,2.02173,2.02231,1.15,1.00
2014.12.05 11:17:02.894,2.02173,2.02233,1.15,1.00
2014.12.05 11:17:04.214,2.02173,2.02234,1.15,1.10
2014.12.05 11:17:10.182,2.02173,2.02233,1.15,1.00
2014.12.05 11:17:10.679,2.02184,2.02239,1.00,1.15
2014.12.05 11:17:11.284,2.02184,2.02236,1.07,1.07
2014.12.05 11:17:11.387,2.02184,2.02243,1.07,1.07
2014.12.05 11:17:11.589,2.02193,2.02248,1.00,1.15
2014.12.05 11:17:12.234,2.02194,2.02245,1.00,1.17
2014.12.05 11:17:12.285,2.02194,2.02245,1.00,1.10
2014.12.05 11:17:12.503,2.02194,2.02251,1.00,1.00
2014.12.05 11:17:12.899,2.02204,2.02251,1.00,1.00
2014.12.05 11:17:13.409,2.02204,2.02255,1.00,1.15
2014.12.05 11:17:13.753,2.02197,2.0225,1.00,1.00
2014.12.05 11:17:13.804,2.02197,2.02253,1.00,1.17
2014.12.05 11:17:13.855,2.02197,2.02253,1.07,1.10
2014.12.05 11:17:13.955,2.02204,2.02259,1.65,1.00
2014.12.05 11:17:14.006,2.02203,2.02267,1.52,1.15
2014.12.05 11:17:14.107,2.02213,2.02267,1.00,1.15
2014.12.05 11:17:14.574,2.02214,2.02275,1.07,1.15
2014.12.05 11:17:14.896,2.02223,2.02275,1.00,1.17
2014.12.05 11:17:16.890,2.02223,2.0227,1.00,1.00
2014.12.05 11:17:16.991,2.02213,2.0227,1.52,1.00
2014.12.05 11:17:17.092,2.02214,2.02274,1.55,1.07
2014.12.05 11:17:17.193,2.02224,2.02274,1.00,1.07
2014.12.05 11:17:17.836,2.02223,2.02279,1.00,1.15
2014.12.05 11:17:18.946,2.02213,2.02279,1.90,1.15
2014.12.05 11:17:19.147,2.02224,2.02274,1.00,1.07
2014.12.05 11:17:19.272,2.02214,2.02274,1.65,1.07
2014.12.05 11:17:19.498,2.02223,2.02274,1.00,1.07
2014.12.05 11:17:21.726,2.02224,2.02278,1.00,1.15
2014.12.05 11:17:21.927,2.02214,2.02279,1.92,1.15
2014.12.05 11:17:22.028,2.02224,2.02279,1.00,1.15
2014.12.05 11:17:22.146,2.02214,2.02283,1.92,1.15
2014.12.05 11:17:22.247,2.02224,2.02283,1.00,1.15
2014.12.05 11:17:22.500,2.02214,2.02283,1.92,1.15
2014.12.05 11:17:22.601,2.02223,2.02283,1.00,1.15
2014.12.05 11:17:27.309,2.02223,2.02286,1.20,1.15
2014.12.05 11:17:27.359,2.02223,2.02286,1.45,1.15
2014.12.05 11:17:31.176,2.02223,2.02281,1.07,1.45
2014.12.05 11:17:31.277,2.02214,2.02276,1.07,1.17
2014.12.05 11:17:31.339,2.02214,2.02276,1.07,1.92
2014.12.05 11:17:31.653,2.02213,2.02269,1.00,1.90
2014.12.05 11:17:31.704,2.02204,2.02269,1.17,1.90
2014.12.05 11:17:32.476,2.02204,2.02268,1.17,1.90
2014.12.05 11:17:32.576,2.02204,2.02266,1.55,1.07
2014.12.05 11:17:32.828,2.02213,2.02275,1.00,2.70
2014.12.05 11:17:33.093,2.02214,2.02276,1.10,1.65
2014.12.05 11:17:33.244,2.02224,2.02278,1.00,1.15
2014.12.05 11:17:33.694,2.02224,2.02286,1.10,1.52
2014.12.05 11:17:33.997,2.02234,2.02288,1.00,2.02
2014.12.05 11:17:34.674,2.02223,2.02287,1.45,1.15
2014.12.05 11:17:34.873,2.02233,2.02293,1.00,1.27
2014.12.05 11:17:42.944,2.02224,2.02291,1.47,1.52
2014.12.05 11:17:43.634,2.02224,2.02284,1.10,1.07
2014.12.05 11:17:43.735,2.02223,2.02279,1.07,1.00
2014.12.05 11:17:44.049,2.02214,2.02276,1.20,1.17
2014.12.05 11:17:44.595,2.02214,2.02273,1.20,1.00
2014.12.05 11:17:45.143,2.02214,2.02275,1.20,1.07
2014.12.05 11:17:47.880,2.02213,2.02277,1.65,1.15
2014.12.05 11:17:49.101,2.02223,2.02282,1.00,1.15
2014.12.05 11:17:49.846,2.02214,2.02282,1.45,1.52
2014.12.05 11:17:50.320,2.02224,2.02278,1.00,1.15
2014.12.05 11:17:50.853,2.02223,2.02279,1.00,1.15
2014.12.05 11:17:52.143,2.02224,2.02277,1.00,1.15
2014.12.05 11:17:59.514,2.02214,2.02274,1.45,1.10
2014.12.05 11:17:59.623,2.02224,2.02274,1.00,1.10
2014.12.05 11:18:00.755,2.02224,2.02272,1.00,1.52
2014.12.05 11:18:00.856,2.02213,2.02272,1.00,1.90
2014.12.05 11:18:00.907,2.02213,2.02261,1.00,1.00
2014.12.05 11:18:00.957,2.02203,2.02261,1.00,1.27
2014.12.05 11:18:01.159,2.02204,2.02257,1.00,1.55
2014.12.05 11:18:01.361,2.02204,2.02257,1.00,1.17
2014.12.05 11:18:01.682,2.02204,2.02259,1.00,1.65
2014.12.05 11:18:01.993,2.02204,2.02255,1.00,1.52
2014.12.05 11:18:02.195,2.02203,2.02248,1.00,1.00
2014.12.05 11:18:02.343,2.02203,2.02258,1.00,1.52
2014.12.05 11:18:03.300,2.02203,2.02265,1.00,1.90
2014.12.05 11:18:04.214,2.02203,2.02265,1.00,1.90
2014.12.05 11:18:04.467,2.02204,2.02263,1.00,1.90
2014.12.05 11:18:04.685,2.02203,2.02258,1.00,1.52
2014.12.05 11:18:05.145,2.022,2.02257,1.00,2.02
2014.12.05 11:18:05.195,2.022,2.02252,1.00,1.00
2014.12.05 11:18:05.497,2.022,2.02254,1.00,1.12
2014.12.05 11:18:05.598,2.02203,2.02254,1.00,1.00
2014.12.05 11:18:06.121,2.02204,2.02256,1.00,1.07
2014.12.05 11:18:07.064,2.02204,2.02253,1.00,1.00
2014.12.05 11:18:07.396,2.02204,2.02257,1.00,1.27
2014.12.05 11:18:09.553,2.022,2.02256,1.00,1.45
2014.12.05 11:18:10.138,2.02195,2.02254,1.17,1.37
2014.12.05 11:18:10.333,2.02195,2.02249,1.17,1.00
2014.12.05 11:18:10.877,2.02195,2.02248,1.17,1.00
2014.12.05 11:18:12.975,2.02195,2.02249,1.17,1.00
2014.12.05 11:18:13.112,2.02196,2.02254,1.07,1.37
2014.12.05 11:18:13.236,2.02196,2.02248,1.07,1.00
2014.12.05 11:18:13.553,2.02203,2.02249,1.00,1.00
2014.12.05 11:18:16.923,2.022,2.02249,1.00,1.00
2014.12.05 11:18:17.479,2.02199,2.02249,1.00,1.00
2014.12.05 11:18:17.599,2.02196,2.02249,1.07,1.00
2014.12.05 11:18:18.154,2.02204,2.02249,1.00,1.00
2014.12.05 11:18:18.213,2.02196,2.02249,1.07,1.00
2014.12.05 11:18:18.735,2.02194,2.02249,1.15,1.37
2014.12.05 11:18:18.936,2.02193,2.02249,1.00,1.52
2014.12.05 11:18:20.903,2.02194,2.02248,1.00,1.55
2014.12.05 11:18:21.413,2.02193,2.02249,1.00,1.52
2014.12.05 11:18:22.173,2.02194,2.02249,1.00,1.52
2014.12.05 11:18:22.761,2.02193,2.02248,1.00,1.55
2014.12.05 11:18:23.735,2.02194,2.02249,1.00,1.52
2014.12.05 11:18:24.263,2.02193,2.02248,1.00,1.55
2014.12.05 11:18:25.153,2.02194,2.02248,1.00,1.55
2014.12.05 11:18:25.405,2.02187,2.02248,1.17,1.27
2014.12.05 11:18:25.943,2.02187,2.02246,1.17,1.50
2014.12.05 11:18:27.789,2.02187,2.02247,1.17,1.10
2014.12.05 11:18:28.332,2.02187,2.02246,1.17,1.00
2014.12.05 11:18:28.881,2.02189,2.02246,2.25,1.00
2014.12.05 11:18:29.423,2.02189,2.02247,2.25,1.10
2014.12.05 11:18:30.050,2.02186,2.02247,1.15,1.47
2014.12.05 11:18:33.058,2.02187,2.02246,2.32,1.00
2014.12.05 11:18:33.209,2.02188,2.02257,1.15,1.55
2014.12.05 11:18:33.260,2.02188,2.02257,1.52,1.55
2014.12.05 11:18:39.703,2.02196,2.02256,1.52,1.07
2014.12.05 11:18:40.280,2.02196,2.02256,2.32,1.00
2014.12.05 11:18:40.817,2.02196,2.02257,2.32,1.00
2014.12.05 11:18:41.150,2.02209,2.02267,1.10,1.10
2014.12.05 11:18:43.732,2.02204,2.02266,1.15,1.00
2014.12.05 11:18:44.091,2.02213,2.02276,1.00,1.27
2014.12.05 11:18:44.444,2.02214,2.02276,1.07,1.20
2014.12.05 11:18:44.494,2.02214,2.02276,1.52,1.07
2014.12.05 11:18:45.997,2.02214,2.02276,1.15,1.45
2014.12.05 11:18:46.400,2.02213,2.02277,1.52,1.07
2014.12.05 11:18:46.602,2.02223,2.02278,1.00,1.17
2014.12.05 11:18:49.401,2.02223,2.02279,1.07,1.07
2014.12.05 11:18:49.603,2.02215,2.02283,2.32,1.37
2014.12.05 11:18:50.012,2.02215,2.02283,2.32,1.37
2014.12.05 11:18:52.170,2.02215,2.02286,2.32,1.95
2014.12.05 11:18:55.324,2.02216,2.02287,1.52,1.55
2014.12.05 11:18:58.797,2.02223,2.02287,1.17,1.92
2014.12.05 11:18:59.099,2.02224,2.02286,1.07,1.45
2014.12.05 11:18:59.355,2.02233,2.0229,1.00,1.90
2014.12.05 11:18:59.609,2.02224,2.02286,1.07,1.45
2014.12.05 11:18:59.710,2.02223,2.02287,1.17,1.92
2014.12.05 11:19:00.033,2.0222,2.02276,1.37,1.07
2014.12.05 11:19:00.094,2.0222,2.02276,1.00,1.07
2014.12.05 11:19:00.627,2.02219,2.02276,1.00,1.45
2014.12.05 11:19:01.132,2.0222,2.02276,1.00,1.45
2014.12.05 11:19:01.622,2.0222,2.02276,1.00,1.07
2014.12.05 11:19:02.123,2.02219,2.02277,1.00,1.45
2014.12.05 11:19:02.685,2.02217,2.02277,1.07,1.07
2014.12.05 11:19:03.658,2.02217,2.02282,1.45,1.52
2014.12.05 11:19:03.709,2.02224,2.02286,1.00,4.20
2014.12.05 11:19:03.961,2.02224,2.02286,1.65,1.55
2014.12.05 11:19:04.011,2.02234,2.02291,1.50,1.90
2014.12.05 11:19:04.565,2.02237,2.02287,1.00,2.02
2014.12.05 11:19:04.961,2.02234,2.02288,1.00,1.15
2014.12.05 11:19:05.957,2.02225,2.02285,1.17,1.47
2014.12.05 11:19:06.109,2.02225,2.02278,1.17,1.00
2014.12.05 11:19:06.447,2.02224,2.02278,1.00,1.07
2014.12.05 11:19:06.906,2.02223,2.02273,1.00,1.00
2014.12.05 11:19:07.177,2.02214,2.02269,1.00,1.17
2014.12.05 11:19:07.379,2.02218,2.02276,1.00,2.02
2014.12.05 11:19:08.193,2.02214,2.02276,1.00,1.90
2014.12.05 11:19:09.031,2.02203,2.02272,1.52,1.52
2014.12.05 11:19:09.082,2.02203,2.02272,1.15,1.90
2014.12.05 11:19:10.122,2.02203,2.02272,1.15,1.90
2014.12.05 11:19:10.727,2.02204,2.02266,1.07,1.45
2014.12.05 11:19:10.778,2.02204,2.02261,1.00,1.15
2014.12.05 11:19:11.547,2.02204,2.02257,1.00,1.00
2014.12.05 11:19:12.740,2.02204,2.02256,1.00,1.00
2014.12.05 11:19:12.791,2.02194,2.02256,1.15,1.00
2014.12.05 11:19:12.993,2.02194,2.02254,1.15,1.00
2014.12.05 11:19:13.319,2.02193,2.02254,1.00,1.27
2014.12.05 11:19:13.829,2.02193,2.02248,1.00,1.00
2014.12.05 11:19:14.362,2.02193,2.02253,1.00,1.15
2014.12.05 11:19:14.932,2.02194,2.02255,1.00,1.52
2014.12.05 11:19:16.621,2.02193,2.02251,1.00,1.17
2014.12.05 11:19:16.935,2.02194,2.02254,1.37,1.15
2014.12.05 11:19:17.344,2.02194,2.02254,1.57,1.07
2014.12.05 11:19:17.395,2.02204,2.02264,1.00,1.52
2014.12.05 11:19:17.901,2.02203,2.02269,1.00,2.32
2014.12.05 11:19:17.952,2.02203,2.02269,1.37,2.32
2014.12.05 11:19:18.109,2.02213,2.02273,1.00,1.52
2014.12.05 11:19:19.052,2.02213,2.02267,1.00,1.45
2014.12.05 11:19:19.153,2.02204,2.02261,1.00,1.17
2014.12.05 11:19:19.355,2.02204,2.02257,1.00,1.00
2014.12.05 11:19:19.522,2.02193,2.02248,1.00,1.12
2014.12.05 11:19:19.575,2.02193,2.02241,1.00,1.45
2014.12.05 11:19:19.727,2.02173,2.02229,1.37,1.00
2014.12.05 11:19:19.778,2.02173,2.02229,1.00,1.00
2014.12.05 11:19:20.080,2.02171,2.02218,1.10,1.00
2014.12.05 11:19:20.382,2.02174,2.02228,1.00,1.00
2014.12.05 11:19:20.642,2.02174,2.02232,1.00,1.17
2014.12.05 11:19:21.144,2.02173,2.02234,1.37,1.15
2014.12.05 11:19:21.678,2.02174,2.02229,1.37,1.00
2014.12.05 11:19:22.301,2.02174,2.02232,1.37,1.17
2014.12.05 11:19:22.825,2.02174,2.02232,1.45,1.07
2014.12.05 11:19:22.875,2.02174,2.02236,1.52,1.00
2014.12.05 11:19:22.926,2.02183,2.02238,1.00,1.10
2014.12.05 11:19:23.127,2.02173,2.02238,1.52,1.10
2014.12.05 11:19:23.228,2.02184,2.02245,1.00,1.52
2014.12.05 11:19:23.723,2.02184,2.02244,1.07,1.07
2014.12.05 11:19:23.924,2.02183,2.02246,1.15,1.37
2014.12.05 11:19:24.257,2.02185,2.02246,2.70,1.00
2014.12.05 11:19:24.308,2.02185,2.02249,2.70,1.00
2014.12.05 11:19:24.782,2.02194,2.02254,1.15,1.12
2014.12.05 11:19:25.445,2.02204,2.02249,1.00,1.00
2014.12.05 11:19:25.752,2.02203,2.02249,1.15,1.00
2014.12.05 11:19:25.903,2.02204,2.02259,1.15,1.00
2014.12.05 11:19:26.356,2.02203,2.02248,1.15,1.00
2014.12.05 11:19:26.457,2.02194,2.02249,1.52,1.00
2014.12.05 11:19:26.558,2.02193,2.02257,1.52,1.07
2014.12.05 11:19:26.659,2.02194,2.02256,1.90,1.10
2014.12.05 11:19:27.163,2.02203,2.02258,1.37,1.17
2014.12.05 11:19:27.730,2.02203,2.02258,1.00,1.17
2014.12.05 11:19:29.172,2.02203,2.02267,1.52,1.00
2014.12.05 11:19:29.324,2.02213,2.02277,1.00,1.65
2014.12.05 11:19:29.676,2.02213,2.02277,1.37,1.65
2014.12.05 11:19:30.137,2.02213,2.02277,1.37,1.52
2014.12.05 11:19:31.365,2.02213,2.02277,1.00,1.65
2014.12.05 11:19:34.243,2.02214,2.02273,1.00,1.52
2014.12.05 11:19:34.332,2.02203,2.02267,1.65,1.00
2014.12.05 11:19:34.836,2.02204,2.02276,1.52,1.52
2014.12.05 11:19:37.453,2.02214,2.02276,1.00,1.52
2014.12.05 11:19:39.941,2.02213,2.02277,1.00,1.65
2014.12.05 11:19:49.241,2.02213,2.02274,1.00,1.52
2014.12.05 11:19:53.691,2.02214,2.02274,1.00,1.90
2014.12.05 11:19:53.921,2.02203,2.02275,1.15,1.90
2014.12.05 11:19:54.123,2.02204,2.02272,1.17,1.90
2014.12.05 11:19:56.989,2.02203,2.02267,1.15,1.52
2014.12.05 11:19:57.407,2.02206,2.02276,1.37,2.32
2014.12.05 11:19:57.721,2.02213,2.02276,1.00,2.32
2014.12.05 11:19:58.893,2.02213,2.02277,1.07,3.07
2014.12.05 11:19:58.944,2.02213,2.02277,1.17,1.52
2014.12.05 11:20:05.912,2.02213,2.02277,1.55,1.15
2014.12.05 11:20:06.013,2.02217,2.02279,1.75,1.15
2014.12.05 11:20:06.114,2.02217,2.02278,1.90,1.00
2014.12.05 11:20:06.332,2.02223,2.02279,1.55,1.00
2014.12.05 11:20:06.852,2.02222,2.02278,1.65,1.00
2014.12.05 11:20:07.109,2.02225,2.02278,1.20,1.00
2014.12.05 11:20:07.883,2.02218,2.02279,1.52,1.00
2014.12.05 11:20:12.572,2.02214,2.02278,2.70,1.00
2014.12.05 11:20:13.202,2.02214,2.02279,2.70,1.00
2014.12.05 11:20:13.303,2.02213,2.02277,1.95,1.15
2014.12.05 11:20:13.653,2.02214,2.02276,1.10,1.52
2014.12.05 11:20:13.762,2.02214,2.02275,1.10,2.70
2014.12.05 11:20:13.862,2.02196,2.02256,1.90,1.00
2014.12.05 11:20:18.682,2.02203,2.02258,1.27,1.00
2014.12.05 11:20:18.884,2.02213,2.02274,1.00,1.52
2014.12.05 11:20:19.150,2.02214,2.02276,1.37,1.65
2014.12.05 11:20:19.352,2.02214,2.02278,1.90,1.00
2014.12.05 11:20:21.151,2.02215,2.02279,1.65,1.00
2014.12.05 11:20:21.362,2.02223,2.02279,1.37,1.00
2014.12.05 11:20:21.413,2.02223,2.02287,1.37,1.15
2014.12.05 11:20:21.572,2.02223,2.02287,1.50,1.15
2014.12.05 11:20:21.892,2.02224,2.02286,1.00,1.27
2014.12.05 11:20:25.378,2.02226,2.02286,1.00,1.27
2014.12.05 11:20:27.391,2.02225,2.02286,1.12,1.15
2014.12.05 11:20:28.402,2.02224,2.02286,1.00,1.27
2014.12.05 11:20:28.853,2.02222,2.02281,1.10,1.37
2014.12.05 11:20:29.458,2.02223,2.02287,1.00,1.52
2014.12.05 11:20:29.922,2.02224,2.02286,1.15,1.37
2014.12.05 11:20:31.144,2.02224,2.02286,1.00,1.52
2014.12.05 11:20:31.673,2.02223,2.02287,1.00,1.65
2014.12.05 11:20:32.072,2.02224,2.02283,1.00,1.55
2014.12.05 11:20:33.404,2.02223,2.02288,1.00,1.90
2014.12.05 11:20:33.941,2.02224,2.02286,1.00,1.90
2014.12.05 11:20:34.465,2.02223,2.02287,1.00,1.52
2014.12.05 11:20:36.672,2.02223,2.02287,1.00,2.40
2014.12.05 11:20:36.723,2.02219,2.02283,1.07,1.90
2014.12.05 11:20:38.078,2.02215,2.0228,1.15,1.82
2014.12.05 11:20:38.179,2.02224,2.0228,1.00,1.82
2014.12.05 11:20:38.582,2.02223,2.02283,1.00,1.52
2014.12.05 11:20:38.720,2.02215,2.02283,1.52,1.52
2014.12.05 11:20:38.821,2.02223,2.02284,1.00,1.65
2014.12.05 11:20:39.351,2.02224,2.02286,1.00,2.02
2014.12.05 11:20:40.071,2.02224,2.02286,1.00,1.90
2014.12.05 11:20:40.788,2.02225,2.02286,1.00,1.90
2014.12.05 11:20:41.694,2.02225,2.02286,1.00,1.52
2014.12.05 11:20:46.616,2.02234,2.0229,1.00,2.70
2014.12.05 11:20:46.730,2.02225,2.02286,1.00,1.52
2014.12.05 11:20:47.613,2.02233,2.0229,1.00,2.70
2014.12.05 11:20:47.815,2.02225,2.02287,1.00,1.15
2014.12.05 11:20:49.924,2.02223,2.02287,1.12,1.15
2014.12.05 11:20:52.670,2.02223,2.02287,1.20,1.07
2014.12.05 11:20:52.949,2.02223,2.02287,1.27,1.07
2014.12.05 11:21:02.691,2.02226,2.02286,1.07,1.45
2014.12.05 11:21:03.168,2.02224,2.02286,1.17,1.82
2014.12.05 11:21:03.473,2.02234,2.02295,1.00,1.90
2014.12.05 11:21:03.882,2.02243,2.02296,1.00,2.70
2014.12.05 11:21:03.933,2.02243,2.02297,1.00,1.90
2014.12.05 11:21:04.043,2.02243,2.02298,1.00,2.40
2014.12.05 11:21:04.229,2.02243,2.023,1.00,1.90
2014.12.05 11:21:05.080,2.02244,2.02302,1.00,1.90
2014.12.05 11:21:05.861,2.02243,2.02304,1.00,2.70
2014.12.05 11:21:06.402,2.02244,2.02301,1.00,1.90
2014.12.05 11:21:09.933,2.02243,2.02304,1.00,2.70
2014.12.05 11:21:15.360,2.02234,2.02296,1.07,1.55
2014.12.05 11:21:15.662,2.02243,2.02298,1.00,1.52
2014.12.05 11:21:16.520,2.02234,2.02298,1.07,1.52
2014.12.05 11:21:17.360,2.02234,2.02304,1.82,2.32
2014.12.05 11:21:17.461,2.02244,2.02306,1.07,1.17
2014.12.05 11:21:18.763,2.02244,2.02306,1.07,1.65
2014.12.05 11:21:18.914,2.02243,2.02306,1.55,1.17
2014.12.05 11:21:19.166,2.02244,2.02302,1.07,1.00
2014.12.05 11:21:19.368,2.02234,2.02296,2.02,1.17
2014.12.05 11:21:20.419,2.02244,2.023,1.00,1.27
2014.12.05 11:21:20.520,2.02233,2.023,1.52,1.27
2014.12.05 11:21:20.700,2.02244,2.023,1.00,1.27
2014.12.05 11:21:21.507,2.02234,2.02302,1.52,1.52
2014.12.05 11:21:25.440,2.02244,2.02296,1.00,1.27
2014.12.05 11:21:30.710,2.02243,2.02299,1.00,1.52
2014.12.05 11:21:32.493,2.02244,2.02297,1.00,1.27
2014.12.05 11:21:33.050,2.02244,2.02296,1.00,1.55
2014.12.05 11:21:33.246,2.02233,2.02293,1.07,1.82
2014.12.05 11:21:33.297,2.02233,2.02293,1.00,1.90
2014.12.05 11:21:33.798,2.02234,2.02288,1.00,1.52
2014.12.05 11:21:37.478,2.02234,2.02285,1.00,1.37
2014.12.05 11:21:38.265,2.02224,2.0228,1.15,1.00
2014.12.05 11:21:39.030,2.02224,2.02281,1.15,1.12
2014.12.05 11:21:39.195,2.02224,2.02279,1.15,1.00
2014.12.05 11:21:39.497,2.02223,2.02282,1.07,1.82
2014.12.05 11:21:39.548,2.02223,2.02282,1.00,1.90
2014.12.05 11:21:39.872,2.02223,2.02278,1.00,1.82
2014.12.05 11:21:39.973,2.02213,2.02277,1.15,1.57
2014.12.05 11:21:40.569,2.02214,2.02275,1.15,1.75
2014.12.05 11:21:40.779,2.02214,2.02275,1.15,1.37
2014.12.05 11:21:40.880,2.02214,2.02271,1.15,1.00
2014.12.05 11:21:41.181,2.02214,2.02273,1.15,1.12
2014.12.05 11:21:42.584,2.02213,2.02277,1.15,1.45
2014.12.05 11:21:42.735,2.02214,2.02272,1.15,1.00
2014.12.05 11:21:43.321,2.02213,2.02277,1.15,2.32
2014.12.05 11:21:49.805,2.02214,2.02273,1.07,1.57
2014.12.05 11:21:49.905,2.02204,2.02273,1.15,1.65
2014.12.05 11:21:50.006,2.02214,2.02273,1.00,1.52
2014.12.05 11:21:50.280,2.02213,2.02273,1.15,1.37
2014.12.05 11:21:58.475,2.02213,2.02277,1.15,1.37
2014.12.05 11:21:58.900,2.02224,2.02282,1.00,1.90
2014.12.05 11:21:59.834,2.02224,2.02282,1.00,1.90
2014.12.05 11:22:00.017,2.02214,2.02275,1.15,1.50
2014.12.05 11:22:00.336,2.02214,2.02275,1.15,1.37
2014.12.05 11:22:00.538,2.02213,2.0228,1.15,1.92
2014.12.05 11:22:01.042,2.02214,2.02275,1.15,1.37
2014.12.05 11:22:01.327,2.02223,2.02281,1.00,1.90
2014.12.05 11:22:01.428,2.02213,2.02276,1.15,1.75
2014.12.05 11:22:02.193,2.02213,2.02274,1.15,1.75
2014.12.05 11:22:02.243,2.02213,2.02274,1.00,1.90
2014.12.05 11:22:02.395,2.02203,2.02266,1.15,1.47
2014.12.05 11:22:02.496,2.02201,2.02266,1.15,1.85
2014.12.05 11:22:03.270,2.02203,2.02265,1.15,1.75
2014.12.05 11:22:03.371,2.02203,2.02265,1.00,1.90
2014.12.05 11:22:04.260,2.02202,2.02257,1.00,1.37
2014.12.05 11:22:04.367,2.02201,2.0226,1.00,1.52
2014.12.05 11:22:04.417,2.02198,2.02263,1.17,1.45
2014.12.05 11:22:04.726,2.02202,2.02266,1.52,1.10
2014.12.05 11:22:04.886,2.02203,2.02266,1.15,1.47
2014.12.05 11:22:07.187,2.02203,2.02267,1.15,1.20
2014.12.05 11:22:07.338,2.02205,2.02267,2.32,1.07
2014.12.05 11:22:07.389,2.02213,2.02276,1.15,1.45
2014.12.05 11:22:07.641,2.02214,2.02276,1.15,1.45
2014.12.05 11:22:08.030,2.02213,2.02277,1.15,1.92
2014.12.05 11:22:08.231,2.02203,2.02267,1.27,1.45
2014.12.05 11:22:08.697,2.02213,2.02273,1.00,1.90
2014.12.05 11:22:28.112,2.02213,2.02277,1.10,1.90
2014.12.05 11:22:28.163,2.02213,2.02277,1.10,1.90
2014.12.05 11:22:28.649,2.02213,2.02277,1.10,1.52
2014.12.05 11:22:29.023,2.02213,2.02276,1.10,1.90
2014.12.05 11:22:29.476,2.02208,2.02277,1.65,1.15
2014.12.05 11:22:29.736,2.02211,2.02277,1.07,1.90
2014.12.05 11:22:30.310,2.02214,2.02276,1.00,1.90
2014.12.05 11:22:32.670,2.02214,2.02276,1.00,1.90
2014.12.05 11:22:33.458,2.02213,2.02276,1.10,1.90
2014.12.05 11:22:33.730,2.02204,2.02266,1.50,1.65
2014.12.05 11:22:33.881,2.02203,2.02267,1.00,1.90
2014.12.05 11:22:37.920,2.02204,2.02266,1.00,1.90
2014.12.05 11:22:39.279,2.02204,2.02266,1.00,1.52
2014.12.05 11:22:39.697,2.02203,2.02267,2.25,1.15
2014.12.05 11:22:39.848,2.02214,2.02276,1.00,1.52
2014.12.05 11:22:42.579,2.02214,2.02263,1.00,1.00
2014.12.05 11:22:42.881,2.02194,2.02252,1.00,1.07
2014.12.05 11:22:42.932,2.02195,2.02256,1.37,1.15
2014.12.05 11:22:43.133,2.02207,2.02271,1.00,2.32
2014.12.05 11:22:43.382,2.02209,2.02271,1.00,2.32
2014.12.05 11:22:46.403,2.02203,2.02268,1.00,1.52
2014.12.05 11:22:46.964,2.02204,2.02266,1.00,1.27
2014.12.05 11:22:49.166,2.02203,2.02267,1.00,2.40
2014.12.05 11:22:53.077,2.02204,2.02266,1.00,1.90
2014.12.05 11:22:54.198,2.02203,2.02267,1.00,1.90
2014.12.05 11:22:56.405,2.02203,2.02261,1.00,1.92
2014.12.05 11:22:56.557,2.02193,2.02257,1.10,1.90
2014.12.05 11:22:57.089,2.02193,2.02257,1.10,2.40
2014.12.05 11:22:58.400,2.02194,2.02256,1.00,1.52
2014.12.05 11:22:58.675,2.02203,2.02258,1.00,1.90
2014.12.05 11:22:58.849,2.02196,2.02256,1.00,1.65
2014.12.05 11:22:58.900,2.02196,2.0225,1.00,1.47
2014.12.05 11:22:59.203,2.02197,2.02253,1.00,2.32
2014.12.05 11:22:59.405,2.02196,2.02256,1.00,1.52
2014.12.05 11:22:59.506,2.02194,2.02256,1.00,1.52
2014.12.05 11:22:59.707,2.02204,2.02258,1.00,1.52
2014.12.05 11:22:59.918,2.02194,2.02256,1.00,1.15
2014.12.05 11:23:00.019,2.02195,2.02256,1.37,1.15
2014.12.05 11:23:00.348,2.02204,2.02266,1.00,2.40
2014.12.05 11:23:00.449,2.02204,2.02265,1.00,1.52
2014.12.05 11:23:00.550,2.02203,2.02267,1.10,2.40
2014.12.05 11:23:00.651,2.02203,2.02267,1.10,2.40
2014.12.05 11:23:01.362,2.02204,2.02266,1.00,2.40
2014.12.05 11:23:04.720,2.02204,2.02266,1.12,1.15
2014.12.05 11:23:06.224,2.02203,2.02267,1.10,1.65
2014.12.05 11:23:07.085,2.02203,2.02267,1.10,2.40
2014.12.05 11:23:07.387,2.02206,2.02266,1.00,1.52
2014.12.05 11:23:07.851,2.02213,2.02273,1.00,2.32
2014.12.05 11:23:08.309,2.02208,2.02266,1.00,1.52
2014.12.05 11:23:08.868,2.02208,2.02266,1.00,1.65
2014.12.05 11:23:09.031,2.022,2.02266,1.15,1.65
2014.12.05 11:23:09.579,2.02204,2.02266,1.00,1.65
2014.12.05 11:23:09.809,2.022,2.02267,1.15,1.90
2014.12.05 11:23:10.279,2.022,2.02267,1.15,1.90
2014.12.05 11:23:10.600,2.02204,2.02266,1.00,1.90
2014.12.05 11:23:10.936,2.02203,2.02264,1.00,2.32
2014.12.05 11:23:11.037,2.022,2.02264,1.00,2.32
2014.12.05 11:23:11.138,2.02203,2.02264,1.00,2.32
2014.12.05 11:23:11.492,2.022,2.02264,1.00,2.32
2014.12.05 11:23:11.593,2.02204,2.02264,1.00,2.32
2014.12.05 11:23:12.167,2.02203,2.02264,1.00,2.32
2014.12.05 11:23:12.267,2.02199,2.02264,1.00,2.70
2014.12.05 11:23:12.614,2.02204,2.02264,1.00,2.70
2014.12.05 11:23:13.156,2.02203,2.02264,1.00,2.70
2014.12.05 11:23:13.257,2.02199,2.02264,1.00,3.45
2014.12.05 11:23:13.409,2.02193,2.02257,1.07,1.52
2014.12.05 11:23:19.650,2.02195,2.02257,1.47,1.15
2014.12.05 11:23:19.972,2.022,2.02264,1.00,3.07
2014.12.05 11:23:20.275,2.02203,2.02264,1.00,1.95
2014.12.05 11:23:20.325,2.02203,2.02267,1.07,2.70
2014.12.05 11:23:20.377,2.02203,2.02267,1.45,1.15
2014.12.05 11:23:20.698,2.02209,2.02267,1.00,1.15
2014.12.05 11:23:20.864,2.02209,2.02267,1.17,1.00
2014.12.05 11:23:21.420,2.02205,2.02266,1.52,1.00
2014.12.05 11:23:25.959,2.02209,2.02266,1.00,1.15
2014.12.05 11:23:26.999,2.02214,2.02272,1.00,1.95
2014.12.05 11:23:27.169,2.02203,2.02267,1.00,1.65
2014.12.05 11:23:27.679,2.02194,2.02266,2.40,1.52
2014.12.05 11:23:28.848,2.02204,2.02266,1.00,1.65
2014.12.05 11:23:29.429,2.02194,2.02267,1.52,2.40
2014.12.05 11:23:29.630,2.02204,2.02265,1.00,1.52
2014.12.05 11:23:30.140,2.02203,2.02267,1.00,1.52
2014.12.05 11:23:31.922,2.02203,2.02267,1.00,2.40
2014.12.05 11:23:34.284,2.02203,2.02267,1.00,2.40
2014.12.05 11:23:34.889,2.02203,2.02263,1.37,1.17
2014.12.05 11:23:35.292,2.02204,2.02266,1.00,1.90
2014.12.05 11:23:35.342,2.02193,2.02257,1.20,1.00
2014.12.05 11:23:35.393,2.02193,2.02257,1.45,1.00
2014.12.05 11:23:35.599,2.02193,2.02267,1.45,1.90
2014.12.05 11:23:35.700,2.02194,2.02266,1.10,1.90
2014.12.05 11:23:36.163,2.02201,2.02264,1.50,1.52
2014.12.05 11:23:36.465,2.02203,2.02267,1.00,1.90
2014.12.05 11:23:36.768,2.02201,2.02266,1.00,1.90
2014.12.05 11:23:37.143,2.02204,2.02266,1.00,1.52
2014.12.05 11:23:37.722,2.02204,2.02266,1.00,2.40
2014.12.05 11:23:38.136,2.02203,2.02256,1.00,1.37
2014.12.05 11:23:38.187,2.02194,2.02256,1.10,1.37
2014.12.05 11:23:39.130,2.02193,2.02257,1.07,1.50
2014.12.05 11:23:39.784,2.02193,2.02255,1.00,1.52
2014.12.05 11:23:40.288,2.02194,2.02256,1.00,1.52
2014.12.05 11:23:44.921,2.02184,2.02246,1.92,1.00
2014.12.05 11:23:45.223,2.02193,2.02238,1.00,1.00
2014.12.05 11:23:45.274,2.02174,2.02236,1.50,1.15
2014.12.05 11:23:45.425,2.02174,2.02236,1.00,2.02
2014.12.05 11:23:45.951,2.02173,2.02235,1.00,1.55
2014.12.05 11:23:47.929,2.02173,2.02237,1.00,1.90
2014.12.05 11:23:48.231,2.02173,2.02237,1.92,1.00
2014.12.05 11:23:48.332,2.02173,2.02237,1.92,1.00
2014.12.05 11:23:48.739,2.02174,2.02236,1.82,1.00
2014.12.05 11:23:48.941,2.02174,2.02236,1.45,1.00
2014.12.05 11:23:48.991,2.02184,2.02246,1.00,1.90
2014.12.05 11:23:49.314,2.02174,2.02236,1.45,1.00
2014.12.05 11:23:49.523,2.02174,2.02236,1.20,1.00
2014.12.05 11:23:49.624,2.02174,2.02236,1.07,1.37
2014.12.05 11:23:49.926,2.02174,2.02236,1.45,1.00
2014.12.05 11:23:50.439,2.02173,2.02237,1.55,1.00
2014.12.05 11:23:50.948,2.02174,2.02236,1.45,1.00
2014.12.05 11:23:51.508,2.02174,2.02235,1.45,1.00
2014.12.05 11:23:51.668,2.02173,2.02235,1.92,1.00
2014.12.05 11:23:51.898,2.02173,2.02237,1.92,1.00
2014.12.05 11:23:52.435,2.02174,2.02236,1.57,1.00
2014.12.05 11:23:53.157,2.02173,2.02237,1.92,1.00
2014.12.05 11:23:53.661,2.02174,2.02236,1.57,1.00
2014.12.05 11:23:54.211,2.02173,2.02237,1.92,1.00
2014.12.05 11:23:54.412,2.02184,2.02236,1.00,1.00
2014.12.05 11:23:54.589,2.02173,2.02237,1.92,1.00
2014.12.05 11:23:54.959,2.02184,2.02236,1.00,1.00
2014.12.05 11:23:55.059,2.02174,2.02236,1.82,1.00
2014.12.05 11:23:55.384,2.02174,2.02236,1.57,1.00
2014.12.05 11:23:55.907,2.02183,2.02237,1.00,1.00
2014.12.05 11:23:56.044,2.02174,2.02236,1.57,1.00
2014.12.05 11:23:57.777,2.02173,2.02237,1.92,1.00
2014.12.05 11:23:58.767,2.02174,2.02236,1.57,1.00
2014.12.05 11:23:59.289,2.02173,2.02237,1.92,1.50
2014.12.05 11:24:00.665,2.02174,2.02236,1.57,1.00
2014.12.05 11:24:01.440,2.02183,2.02237,1.00,1.00
2014.12.05 11:24:02.620,2.02184,2.02236,1.00,1.00
2014.12.05 11:24:03.507,2.02183,2.02237,1.12,1.00
2014.12.05 11:24:03.986,2.02184,2.02242,1.00,1.07
2014.12.05 11:24:04.298,2.02183,2.02246,1.37,1.15
2014.12.05 11:24:04.503,2.02183,2.02246,1.12,1.52
2014.12.05 11:24:05.636,2.02184,2.02244,1.00,1.15
2014.12.05 11:24:06.188,2.02183,2.02244,1.12,1.15
2014.12.05 11:24:06.602,2.02183,2.02247,1.37,1.65
2014.12.05 11:24:07.408,2.02184,2.02246,1.37,1.15
2014.12.05 11:24:07.559,2.02183,2.02247,1.57,1.00
2014.12.05 11:24:07.609,2.02193,2.02247,1.37,1.00
2014.12.05 11:24:07.710,2.02193,2.02257,1.37,1.27
2014.12.05 11:24:07.761,2.02193,2.02257,1.37,1.12
2014.12.05 11:24:08.301,2.02193,2.02257,1.37,1.00
2014.12.05 11:24:08.997,2.02194,2.02256,1.37,1.00
2014.12.05 11:24:09.048,2.02194,2.02256,1.00,1.37
2014.12.05 11:24:09.106,2.02194,2.02256,1.00,1.75
2014.12.05 11:24:09.257,2.02192,2.02246,1.00,1.37
2014.12.05 11:24:09.386,2.02188,2.02246,2.25,1.37
2014.12.05 11:24:09.488,2.02185,2.02247,1.00,1.37
2014.12.05 11:24:09.827,2.02185,2.02247,1.00,1.50
2014.12.05 11:24:13.555,2.02185,2.02246,1.00,1.50
2014.12.05 11:24:13.656,2.02194,2.02246,1.00,1.50
2014.12.05 11:24:13.858,2.02193,2.02257,1.00,1.65
2014.12.05 11:24:13.959,2.02194,2.02246,1.00,1.00
2014.12.05 11:24:14.607,2.02187,2.02246,1.00,1.00
2014.12.05 11:24:15.157,2.02194,2.02246,1.00,1.00
2014.12.05 11:24:15.708,2.02187,2.02247,1.00,1.00
2014.12.05 11:24:15.928,2.02193,2.02247,1.00,1.00
2014.12.05 11:24:16.587,2.02194,2.02254,1.00,1.90
2014.12.05 11:24:17.883,2.02194,2.02255,1.00,1.52
2014.12.05 11:24:18.660,2.02194,2.02253,1.00,1.65
2014.12.05 11:24:19.165,2.02193,2.02247,1.00,1.37
2014.12.05 11:24:25.504,2.02193,2.02245,1.00,1.75
2014.12.05 11:24:25.605,2.02193,2.02247,1.00,1.00
2014.12.05 11:24:25.656,2.02199,2.02246,1.00,1.00
2014.12.05 11:24:25.757,2.02199,2.02256,1.00,2.40
2014.12.05 11:24:25.857,2.02203,2.02257,1.00,1.90
2014.12.05 11:24:25.973,2.02203,2.02257,1.00,1.82
2014.12.05 11:24:26.090,2.02204,2.02259,1.00,1.82
2014.12.05 11:24:26.725,2.02203,2.02261,1.00,1.90
2014.12.05 11:24:27.477,2.02203,2.02265,1.00,1.90
2014.12.05 11:24:28.108,2.02205,2.02267,1.00,1.90
2014.12.05 11:24:28.768,2.02204,2.02267,1.00,1.65
2014.12.05 11:24:30.997,2.02204,2.02256,1.00,1.00
2014.12.05 11:24:34.769,2.02204,2.02257,1.00,1.00
2014.12.05 11:24:35.277,2.02204,2.02266,1.50,1.90
2014.12.05 11:24:36.181,2.02204,2.02262,1.50,1.90
2014.12.05 11:24:39.441,2.02204,2.0226,1.00,1.17
2014.12.05 11:24:39.696,2.02213,2.02264,1.00,1.52
2014.12.05 11:24:39.928,2.02203,2.02261,1.00,1.00
2014.12.05 11:24:40.029,2.02205,2.02264,1.00,1.37
2014.12.05 11:24:40.332,2.02205,2.02261,1.00,1.00
2014.12.05 11:24:40.836,2.02204,2.02265,1.00,1.37
2014.12.05 11:24:42.968,2.02204,2.02261,1.00,1.00
2014.12.05 11:24:43.538,2.02203,2.02262,1.00,1.12
2014.12.05 11:24:43.648,2.02203,2.02266,1.37,1.00
2014.12.05 11:24:44.158,2.02203,2.02267,1.37,1.00
2014.12.05 11:24:47.583,2.02203,2.02267,1.50,1.50
2014.12.05 11:24:47.885,2.02213,2.02277,1.00,1.85
2014.12.05 11:24:49.443,2.02213,2.02277,1.37,1.10
2014.12.05 11:24:49.494,2.02223,2.02277,1.00,1.10
2014.12.05 11:24:51.488,2.02214,2.02276,1.37,1.00
2014.12.05 11:24:51.707,2.02214,2.02276,1.12,1.00
2014.12.05 11:24:51.945,2.02207,2.02266,1.90,1.00
2014.12.05 11:24:52.148,2.02203,2.02267,1.82,1.00
2014.12.05 11:24:52.707,2.02204,2.02266,1.75,1.00
2014.12.05 11:24:53.461,2.02202,2.02256,1.00,1.00
2014.12.05 11:24:53.562,2.02194,2.02256,1.00,1.00
2014.12.05 11:24:53.813,2.02204,2.02266,1.00,2.40
2014.12.05 11:24:53.914,2.02193,2.02257,1.87,1.12
2014.12.05 11:24:54.017,2.02203,2.02267,1.00,1.90
2014.12.05 11:24:54.237,2.02193,2.02257,1.87,1.12
2014.12.05 11:24:54.627,2.02194,2.02257,1.00,1.37
2014.12.05 11:24:58.659,2.02194,2.02256,1.50,1.75
2014.12.05 11:25:03.699,2.02194,2.02256,1.00,1.37
2014.12.05 11:25:04.157,2.02194,2.02256,1.00,3.00
2014.12.05 11:25:04.747,2.02193,2.02247,2.25,1.27
2014.12.05 11:25:04.982,2.02193,2.02247,2.25,1.20
2014.12.05 11:25:05.495,2.02194,2.02256,1.00,1.92
2014.12.05 11:25:06.527,2.02194,2.02246,1.00,1.00
2014.12.05 11:25:06.920,2.02194,2.02256,1.00,1.92
2014.12.05 11:25:07.749,2.02194,2.02249,1.00,1.00
2014.12.05 11:25:07.800,2.02196,2.02249,1.00,1.00
2014.12.05 11:25:08.377,2.02196,2.02256,1.00,1.92
2014.12.05 11:25:08.745,2.02199,2.02256,1.00,1.92
2014.12.05 11:25:09.296,2.02199,2.02249,1.00,1.00
2014.12.05 11:25:09.471,2.02199,2.02256,1.00,2.02
2014.12.05 11:25:09.522,2.02194,2.02249,1.50,1.00
2014.12.05 11:25:09.622,2.02194,2.02257,1.00,1.52
2014.12.05 11:25:09.893,2.022,2.02256,1.00,1.55
2014.12.05 11:25:12.328,2.02204,2.02256,1.00,1.17
2014.12.05 11:25:14.079,2.02194,2.02256,1.50,1.17
2014.12.05 11:25:14.181,2.02194,2.02257,1.45,1.00
2014.12.05 11:25:14.704,2.02193,2.02257,2.02,1.00
2014.12.05 11:25:15.658,2.02193,2.02256,1.55,1.00
2014.12.05 11:25:16.189,2.02197,2.02257,1.20,1.00
2014.12.05 11:25:16.239,2.02204,2.02266,1.10,1.50
2014.12.05 11:25:17.098,2.02204,2.02259,1.10,1.00
2014.12.05 11:25:17.317,2.02204,2.02266,1.10,1.37
2014.12.05 11:25:17.812,2.02204,2.02258,1.10,1.00
2014.12.05 11:25:18.221,2.02204,2.02266,1.10,1.37
2014.12.05 11:25:21.499,2.02204,2.02258,1.10,1.00
2014.12.05 11:25:22.488,2.02204,2.02266,1.10,1.37
2014.12.05 11:25:33.607,2.02204,2.02266,1.47,1.00
2014.12.05 11:25:33.708,2.02214,2.02267,1.00,1.00
2014.12.05 11:25:34.691,2.02216,2.02267,2.25,1.00
2014.12.05 11:25:36.594,2.02219,2.02267,2.25,1.00
2014.12.05 11:25:37.137,2.0222,2.02267,2.25,1.00
2014.12.05 11:25:37.678,2.02221,2.02268,2.25,1.00
2014.12.05 11:25:38.617,2.02219,2.02268,2.25,1.00
2014.12.05 11:25:39.214,2.0222,2.02268,2.25,1.00
2014.12.05 11:25:39.645,2.02218,2.02267,1.00,1.00
2014.12.05 11:25:40.407,2.02218,2.02269,1.00,1.00
2014.12.05 11:25:40.558,2.02218,2.02277,1.00,1.65
2014.12.05 11:25:40.659,2.0222,2.02277,2.25,1.52
2014.12.05 11:25:42.285,2.02221,2.02277,2.25,1.65
2014.12.05 11:25:42.625,2.02221,2.02269,2.25,1.00
2014.12.05 11:25:43.167,2.0222,2.02268,2.25,1.00
2014.12.05 11:25:43.687,2.0222,2.02267,2.25,1.00
2014.12.05 11:25:44.456,2.02219,2.02267,2.25,1.00
2014.12.05 11:25:45.036,2.02218,2.02267,2.25,1.00
2014.12.05 11:25:45.438,2.02218,2.02267,2.25,1.15
2014.12.05 11:25:45.594,2.02215,2.02266,1.00,1.55
2014.12.05 11:25:46.104,2.02215,2.02266,1.00,1.55
2014.12.05 11:25:46.425,2.02214,2.02257,1.00,1.00
2014.12.05 11:25:46.576,2.02206,2.02267,2.32,1.90
2014.12.05 11:25:48.091,2.02206,2.02267,2.32,1.52
2014.12.05 11:25:49.838,2.02206,2.02265,2.32,1.57
2014.12.05 11:25:50.164,2.02207,2.02257,2.32,1.00
2014.12.05 11:25:51.936,2.02206,2.02257,2.25,1.10
2014.12.05 11:25:52.440,2.02206,2.02256,2.25,1.00
2014.12.05 11:25:52.607,2.02203,2.02256,2.25,1.00
2014.12.05 11:25:53.133,2.02203,2.02256,2.25,1.37
2014.12.05 11:25:53.793,2.02204,2.02256,2.25,1.37
2014.12.05 11:25:54.336,2.02205,2.02256,1.07,1.00
2014.12.05 11:25:54.885,2.02204,2.02256,2.77,1.00
2014.12.05 11:25:56.793,2.02205,2.02256,1.00,1.00
2014.12.05 11:25:57.324,2.02205,2.02264,2.25,1.90
2014.12.05 11:25:57.597,2.02205,2.02264,2.25,1.90
2014.12.05 11:25:57.920,2.02213,2.02267,1.00,1.52
2014.12.05 11:25:57.970,2.02213,2.02267,1.10,1.37
2014.12.05 11:25:58.172,2.02221,2.02266,1.00,1.00
2014.12.05 11:25:58.272,2.02223,2.02278,1.00,1.15
2014.12.05 11:25:58.373,2.02224,2.02279,1.07,1.00
2014.12.05 11:25:58.587,2.02224,2.02286,1.07,1.55
2014.12.05 11:26:00.065,2.02228,2.02286,1.00,1.55
2014.12.05 11:26:02.992,2.0223,2.02286,1.00,1.17
2014.12.05 11:26:03.354,2.02233,2.02287,1.00,1.15
2014.12.05 11:26:04.000,2.02234,2.02288,1.00,1.27
2014.12.05 11:26:04.540,2.02235,2.02286,1.00,1.17
2014.12.05 11:26:04.591,2.02235,2.02286,1.17,1.00
2014.12.05 11:26:04.641,2.02243,2.02289,1.00,1.00
2014.12.05 11:26:04.843,2.02243,2.02298,1.00,1.52
2014.12.05 11:26:06.007,2.02243,2.02298,1.17,1.00
2014.12.05 11:26:06.868,2.02243,2.02299,1.17,1.00
2014.12.05 11:26:07.327,2.0224,2.02297,1.52,1.00
2014.12.05 11:26:07.586,2.02244,2.02299,1.07,1.00
2014.12.05 11:26:08.136,2.02244,2.02298,1.07,1.00
2014.12.05 11:26:08.660,2.02243,2.02299,1.17,1.00
2014.12.05 11:26:09.566,2.02243,2.02298,1.17,1.00
2014.12.05 11:26:10.117,2.02244,2.02299,1.07,1.00
2014.12.05 11:26:10.629,2.02244,2.02298,1.07,1.00
2014.12.05 11:26:11.289,2.02247,2.02298,1.00,1.00
2014.12.05 11:26:11.791,2.02247,2.02299,1.00,1.00
2014.12.05 11:26:12.709,2.02249,2.02299,1.00,1.00
2014.12.05 11:26:13.003,2.02249,2.02306,1.00,1.17
2014.12.05 11:26:13.204,2.02253,2.02307,1.07,1.07
2014.12.05 11:26:13.305,2.02254,2.02309,1.10,1.00
2014.12.05 11:26:13.356,2.02254,2.02299,1.10,1.00
2014.12.05 11:26:13.547,2.02254,2.02308,1.10,1.00
2014.12.05 11:26:13.656,2.02254,2.02306,1.10,1.00
2014.12.05 11:26:15.760,2.02254,2.02309,1.10,1.00
2014.12.05 11:26:15.837,2.02254,2.02298,1.10,1.00
2014.12.05 11:26:16.104,2.02256,2.02306,1.00,1.00
2014.12.05 11:26:16.205,2.02256,2.02309,1.00,1.00
2014.12.05 11:26:16.516,2.02256,2.02307,1.00,1.00
2014.12.05 11:26:16.906,2.0225,2.02299,1.15,1.00
2014.12.05 11:26:17.577,2.02254,2.02298,1.10,1.00
2014.12.05 11:26:18.546,2.02254,2.02309,1.10,1.00
2014.12.05 11:26:19.317,2.02254,2.02308,1.10,1.00
2014.12.05 11:26:19.368,2.02254,2.02306,1.10,1.00
2014.12.05 11:26:20.137,2.02252,2.02307,1.17,1.00
2014.12.05 11:26:20.515,2.02249,2.02299,1.15,1.00
2014.12.05 11:26:21.076,2.02251,2.02307,1.15,1.00
2014.12.05 11:26:21.297,2.02253,2.02299,1.07,1.00
2014.12.05 11:26:21.629,2.02254,2.02306,1.10,1.00
2014.12.05 11:26:21.787,2.02254,2.02308,1.10,1.00
2014.12.05 11:26:21.887,2.02251,2.02306,1.15,1.00
2014.12.05 11:26:22.430,2.02253,2.02307,1.07,1.00
2014.12.05 11:26:22.956,2.02254,2.02308,1.10,1.00
2014.12.05 11:26:23.826,2.02254,2.02298,1.10,1.00
2014.12.05 11:26:27.118,2.02255,2.02298,1.00,1.00
2014.12.05 11:26:27.803,2.02255,2.02299,1.00,1.00
2014.12.05 11:26:29.056,2.02254,2.02299,1.10,1.00
2014.12.05 11:26:29.911,2.02246,2.02298,1.27,1.00
2014.12.05 11:26:30.891,2.02243,2.02307,3.45,1.37
2014.12.05 11:26:31.347,2.02254,2.02298,1.10,1.00
2014.12.05 11:26:31.918,2.02254,2.02299,1.10,1.00
2014.12.05 11:26:32.466,2.02245,2.02298,1.20,1.00
2014.12.05 11:26:32.896,2.02254,2.02299,1.00,1.00
2014.12.05 11:26:33.428,2.02254,2.02298,1.00,1.00
2014.12.05 11:26:34.351,2.02243,2.02298,1.15,1.00
2014.12.05 11:26:37.357,2.02244,2.02299,1.17,1.00
2014.12.05 11:26:38.127,2.02243,2.02298,1.15,1.00
2014.12.05 11:26:38.707,2.02243,2.02299,1.15,1.00
2014.12.05 11:26:39.018,2.02243,2.02289,1.15,1.00
2014.12.05 11:26:39.565,2.02244,2.02298,1.17,1.00
2014.12.05 11:26:39.822,2.02244,2.02288,1.17,1.00
2014.12.05 11:26:40.116,2.02244,2.02298,1.17,1.00
2014.12.05 11:26:40.227,2.02244,2.02289,1.17,1.00
2014.12.05 11:26:41.545,2.02244,2.02298,1.17,1.00
2014.12.05 11:26:43.085,2.02244,2.02299,1.17,1.00
2014.12.05 11:26:43.635,2.02244,2.02288,1.17,1.00
2014.12.05 11:26:43.859,2.02244,2.02298,1.17,1.00
2014.12.05 11:26:44.197,2.02243,2.02299,1.00,1.52
2014.12.05 11:26:45.039,2.02244,2.02299,1.00,1.15
2014.12.05 11:27:04.165,2.02244,2.02306,1.10,1.52
2014.12.05 11:27:04.218,2.02244,2.02306,1.10,1.52
2014.12.05 11:27:05.126,2.02244,2.02299,1.95,1.00
2014.12.05 11:27:05.446,2.02254,2.02308,1.00,1.00
2014.12.05 11:27:05.835,2.02253,2.02298,1.00,1.00
2014.12.05 11:27:05.885,2.02253,2.02309,1.00,1.00
2014.12.05 11:27:06.444,2.02254,2.02309,1.12,1.00
2014.12.05 11:27:06.680,2.02263,2.02309,1.00,1.00
2014.12.05 11:27:06.781,2.02254,2.02309,1.00,1.00
2014.12.05 11:27:07.219,2.02253,2.02298,1.00,1.00
2014.12.05 11:27:07.578,2.02244,2.02298,1.07,1.00
2014.12.05 11:27:07.679,2.02245,2.02298,1.82,1.00
2014.12.05 11:27:07.981,2.02253,2.02298,1.47,1.00
2014.12.05 11:27:08.082,2.02253,2.02308,1.47,1.00
2014.12.05 11:27:08.185,2.02263,2.02308,1.00,1.00
2014.12.05 11:27:08.827,2.02263,2.02309,1.00,1.00
2014.12.05 11:27:08.878,2.02253,2.02309,1.47,1.00
2014.12.05 11:27:09.196,2.02254,2.02306,1.00,1.00
2014.12.05 11:27:09.727,2.02253,2.02308,1.10,1.00
2014.12.05 11:27:10.217,2.02253,2.02309,1.07,1.00
2014.12.05 11:27:12.125,2.02253,2.02317,1.15,1.37
2014.12.05 11:27:17.295,2.02253,2.02309,1.15,1.00
2014.12.05 11:27:20.119,2.02253,2.02309,1.07,1.00
2014.12.05 11:27:20.220,2.02247,2.02307,1.27,1.00
2014.12.05 11:27:20.384,2.02243,2.02299,1.00,1.00
2014.12.05 11:27:20.815,2.02244,2.02299,1.00,1.20
2014.12.05 11:27:20.976,2.02234,2.02296,1.00,2.02
2014.12.05 11:27:21.249,2.02234,2.02296,1.50,1.65
2014.12.05 11:27:21.349,2.02244,2.02298,1.00,1.00
2014.12.05 11:27:22.028,2.02243,2.02307,1.37,1.15
2014.12.05 11:27:27.254,2.02243,2.02307,1.00,1.52
2014.12.05 11:27:27.775,2.02244,2.02304,1.00,1.52
2014.12.05 11:27:27.905,2.02235,2.02297,1.52,1.00
2014.12.05 11:27:28.867,2.02233,2.02297,1.95,1.15
2014.12.05 11:27:33.187,2.02234,2.02296,1.10,1.52
2014.12.05 11:27:33.406,2.02224,2.02286,1.15,1.37
2014.12.05 11:27:33.506,2.02221,2.02277,1.07,1.37
2014.12.05 11:27:33.607,2.02214,2.02276,1.00,2.02
2014.12.05 11:27:33.708,2.02211,2.02266,1.17,1.00
2014.12.05 11:27:39.125,2.02204,2.02266,1.90,1.00
2014.12.05 11:27:39.226,2.02213,2.02277,1.47,1.15
2014.12.05 11:27:39.427,2.02223,2.02277,1.00,1.15
2014.12.05 11:27:39.726,2.02224,2.02278,1.00,1.00
2014.12.05 11:27:40.285,2.02224,2.02279,1.00,1.00
2014.12.05 11:27:41.056,2.02224,2.02278,1.00,1.00
2014.12.05 11:27:43.144,2.02224,2.02279,1.00,1.00
2014.12.05 11:27:43.656,2.02223,2.02279,1.12,1.00
2014.12.05 11:27:45.650,2.02223,2.02279,1.37,1.00
2014.12.05 11:27:46.154,2.02214,2.0227,3.15,1.00
2014.12.05 11:27:46.255,2.02213,2.0227,1.00,1.00
2014.12.05 11:27:46.306,2.02213,2.0227,1.00,1.07
2014.12.05 11:27:46.612,2.02224,2.02278,1.00,1.15
2014.12.05 11:27:49.191,2.02224,2.02278,1.00,1.07
2014.12.05 11:27:49.241,2.02224,2.02278,1.00,1.00
2014.12.05 11:27:50.424,2.02223,2.02278,1.00,1.00
2014.12.05 11:27:51.174,2.02223,2.02278,1.37,1.00
2014.12.05 11:27:51.615,2.02223,2.02287,1.65,1.00
2014.12.05 11:27:57.584,2.02223,2.02278,1.90,1.00
2014.12.05 11:27:58.101,2.02223,2.02279,1.90,1.00
2014.12.05 11:27:58.152,2.02224,2.02287,1.90,1.00
2014.12.05 11:27:58.202,2.02224,2.02287,1.90,1.00
2014.12.05 11:27:58.253,2.02233,2.02289,1.50,1.10
2014.12.05 11:27:58.404,2.02233,2.02289,1.00,1.20
2014.12.05 11:27:58.525,2.02223,2.02287,1.95,1.07
2014.12.05 11:27:58.575,2.02224,2.02286,1.37,1.15
2014.12.05 11:27:58.676,2.02224,2.02278,1.37,1.00
2014.12.05 11:27:59.313,2.02224,2.02286,1.37,1.15
2014.12.05 11:28:01.199,2.02224,2.02278,1.37,1.00
2014.12.05 11:28:01.825,2.02224,2.02286,1.37,1.15
2014.12.05 11:28:02.395,2.02224,2.02279,1.37,1.00
2014.12.05 11:28:02.697,2.02234,2.02289,1.00,1.17
2014.12.05 11:28:02.748,2.02234,2.02289,1.00,1.10
2014.12.05 11:28:03.085,2.02228,2.02287,1.52,1.00
2014.12.05 11:28:03.555,2.02234,2.02286,1.00,1.00
2014.12.05 11:28:03.845,2.02233,2.02289,1.00,1.10
2014.12.05 11:28:07.604,2.02233,2.02297,1.07,1.45
2014.12.05 11:28:07.655,2.02233,2.02297,1.52,1.00
2014.12.05 11:28:08.158,2.02234,2.02296,2.02,1.00
2014.12.05 11:28:09.135,2.02237,2.02297,1.15,1.00
2014.12.05 11:28:09.653,2.02233,2.02297,1.90,1.00
2014.12.05 11:28:10.042,2.0224,2.02296,1.37,1.00
2014.12.05 11:28:10.093,2.02244,2.02306,1.12,1.15
2014.12.05 11:28:10.999,2.02243,2.02306,1.00,1.52
2014.12.05 11:28:11.544,2.02235,2.02296,1.52,1.00
2014.12.05 11:28:13.096,2.02243,2.02305,1.00,1.52
2014.12.05 11:28:13.524,2.02236,2.02297,1.52,1.00
2014.12.05 11:28:18.506,2.02234,2.02296,1.52,1.00
2014.12.05 11:28:18.625,2.02234,2.02296,1.45,1.07
2014.12.05 11:28:18.676,2.02234,2.02296,1.37,1.15
2014.12.05 11:28:18.726,2.02234,2.02286,1.00,1.00
2014.12.05 11:28:18.948,2.02227,2.02286,1.27,1.00
2014.12.05 11:28:19.701,2.02224,2.02286,1.90,1.00
2014.12.05 11:28:19.802,2.02233,2.02297,1.12,1.52
2014.12.05 11:28:32.234,2.02233,2.02297,1.37,1.15
2014.12.05 11:28:39.146,2.02233,2.02297,1.45,1.15
2014.12.05 11:28:39.197,2.02233,2.02297,1.52,1.17
2014.12.05 11:28:40.139,2.02236,2.02297,1.47,1.17
2014.12.05 11:28:51.866,2.02234,2.02296,2.40,1.10
2014.12.05 11:28:52.254,2.02244,2.02306,1.00,1.52
2014.12.05 11:28:52.883,2.02244,2.02298,1.00,1.90
2014.12.05 11:28:52.933,2.02235,2.02296,1.17,1.47
2014.12.05 11:28:52.984,2.02235,2.02296,1.17,1.85
2014.12.05 11:28:53.236,2.02233,2.02295,1.00,2.70
2014.12.05 11:28:53.387,2.02231,2.02287,1.00,1.52
2014.12.05 11:28:53.438,2.02231,2.02282,1.00,1.95
2014.12.05 11:28:53.488,2.02223,2.02281,1.00,1.15
2014.12.05 11:28:53.640,2.02224,2.02274,1.00,1.95
2014.12.05 11:28:53.690,2.02213,2.02274,1.37,1.95
2014.12.05 11:28:53.904,2.02213,2.02274,1.00,1.95
2014.12.05 11:28:54.584,2.02215,2.02274,1.00,1.95
2014.12.05 11:28:54.906,2.02213,2.02274,1.00,1.95
2014.12.05 11:28:57.843,2.02215,2.02274,1.00,1.95
2014.12.05 11:28:59.497,2.02222,2.02274,1.00,2.32
2014.12.05 11:28:59.713,2.02216,2.02274,1.00,2.32
2014.12.05 11:29:00.180,2.02213,2.02274,1.87,2.32
2014.12.05 11:29:00.445,2.02214,2.02276,1.00,2.70
2014.12.05 11:29:00.496,2.02214,2.02277,1.00,1.90
2014.12.05 11:29:01.250,2.02213,2.02277,1.20,1.90
2014.12.05 11:29:13.061,2.02213,2.02277,1.10,1.90
2014.12.05 11:29:13.765,2.02213,2.02277,1.10,1.65
2014.12.05 11:29:13.943,2.02215,2.02277,1.00,1.65
2014.12.05 11:29:26.668,2.02216,2.02277,1.00,1.65
2014.12.05 11:29:26.775,2.02213,2.02277,1.00,1.65
2014.12.05 11:29:30.399,2.02213,2.02277,1.00,1.90
2014.12.05 11:29:30.450,2.02216,2.02277,1.00,1.90
2014.12.05 11:29:33.263,2.02213,2.02277,1.00,1.90
2014.12.05 11:29:33.655,2.02213,2.02277,1.37,1.65
2014.12.05 11:29:34.017,2.02213,2.02277,1.37,1.15
2014.12.05 11:29:34.319,2.02224,2.02281,1.00,2.32
2014.12.05 11:29:34.370,2.02224,2.02286,1.34,1.65
2014.12.05 11:29:34.420,2.02233,2.02287,1.00,1.90
2014.12.05 11:29:34.930,2.02234,2.02286,1.00,1.52
2014.12.05 11:29:41.233,2.02233,2.02287,1.00,1.27
2014.12.05 11:29:44.583,2.02233,2.02287,1.00,1.00
2014.12.05 11:29:45.161,2.02234,2.02288,1.00,1.20
2014.12.05 11:29:49.882,2.02234,2.02296,1.37,1.52
2014.12.05 11:29:50.184,2.02242,2.02297,1.00,1.17
2014.12.05 11:29:50.285,2.02243,2.02297,1.00,1.10
2014.12.05 11:29:52.192,2.02246,2.02307,1.00,1.52
2014.12.05 11:29:52.833,2.02245,2.02307,1.00,1.52
2014.12.05 11:29:57.404,2.02248,2.02307,1.00,1.15
2014.12.05 11:29:57.972,2.02249,2.02307,1.00,1.15
2014.12.05 11:29:58.446,2.02251,2.02307,1.12,1.15
2014.12.05 11:30:04.572,2.02251,2.02307,1.37,1.15
2014.12.05 11:30:05.477,2.0225,2.02307,1.75,1.15
2014.12.05 11:30:05.688,2.02251,2.02307,1.75,1.07
2014.12.05 11:30:06.379,2.02249,2.02306,1.75,1.10
2014.12.05 11:30:06.776,2.02249,2.02307,1.75,1.07
2014.12.05 11:30:07.703,2.02249,2.02307,1.37,1.07
2014.12.05 11:30:08.068,2.02249,2.02297,1.37,1.00
2014.12.05 11:30:09.483,2.02247,2.02297,1.45,1.00
2014.12.05 11:30:13.349,2.02246,2.02306,1.55,1.10
2014.12.05 11:30:13.752,2.02246,2.02296,1.55,1.00
2014.12.05 11:30:14.283,2.02243,2.02297,1.90,1.00
2014.12.05 11:30:19.473,2.02244,2.02296,1.90,1.00
2014.12.05 11:30:19.804,2.02244,2.02296,1.90,1.00
2014.12.05 11:30:19.955,2.02243,2.02307,1.90,1.07
2014.12.05 11:30:20.207,2.02244,2.02307,1.90,1.07
2014.12.05 11:30:22.937,2.02243,2.02307,1.52,1.07
2014.12.05 11:30:23.267,2.02243,2.02303,1.52,1.00
2014.12.05 11:30:24.194,2.02243,2.02303,1.45,1.07
2014.12.05 11:30:24.245,2.02243,2.02303,1.00,1.27
2014.12.05 11:30:24.903,2.02243,2.02297,1.00,1.65
2014.12.05 11:30:25.512,2.02243,2.02297,1.00,1.50
2014.12.05 11:30:26.356,2.02243,2.02297,1.37,1.00
2014.12.05 11:30:26.893,2.02243,2.02301,1.37,1.15
2014.12.05 11:30:32.646,2.02244,2.02298,1.00,1.10
2014.12.05 11:30:32.797,2.02234,2.02296,1.52,1.00
2014.12.05 11:30:33.261,2.02234,2.02296,1.90,1.00
2014.12.05 11:30:33.577,2.02244,2.02296,1.52,1.00
2014.12.05 11:30:33.823,2.02244,2.02296,1.00,1.00
2014.12.05 11:30:34.342,2.02233,2.02297,1.90,1.00
2014.12.05 11:30:34.488,2.02233,2.02295,1.90,1.00
2014.12.05 11:30:35.353,2.02233,2.02295,1.90,1.00
2014.12.05 11:30:35.403,2.02237,2.02297,1.92,1.00
2014.12.05 11:30:35.605,2.02242,2.02297,3.45,1.00
2014.12.05 11:30:35.656,2.02244,2.02306,1.90,1.00
2014.12.05 11:30:35.706,2.0225,2.02306,1.90,1.00
2014.12.05 11:30:35.757,2.02254,2.02316,1.90,1.00
2014.12.05 11:30:35.858,2.0226,2.02316,2.70,1.00
2014.12.05 11:30:35.908,2.02264,2.02321,1.52,1.00
2014.12.05 11:30:36.018,2.02264,2.02316,1.52,1.00
2014.12.05 11:30:36.421,2.02253,2.02317,1.15,1.50
2014.12.05 11:30:36.673,2.02253,2.02307,1.15,1.00
2014.12.05 11:30:37.216,2.02249,2.02307,1.95,1.00
2014.12.05 11:30:37.352,2.02243,2.02307,1.15,1.00
2014.12.05 11:30:38.108,2.02242,2.02297,2.70,1.00
2014.12.05 11:30:39.972,2.02242,2.02296,1.95,1.00
2014.12.05 11:30:40.375,2.02243,2.02307,1.52,1.50
2014.12.05 11:30:40.862,2.02243,2.02304,1.52,1.00
2014.12.05 11:30:41.115,2.02244,2.02306,1.52,1.00
2014.12.05 11:30:42.064,2.02243,2.02307,1.52,1.12
2014.12.05 11:30:42.115,2.02243,2.02299,1.90,1.00
2014.12.05 11:30:42.216,2.02243,2.02307,1.90,1.00
2014.12.05 11:30:42.418,2.02245,2.02299,1.65,1.00
2014.12.05 11:30:42.674,2.02233,2.02297,2.40,1.00
2014.12.05 11:30:42.976,2.02233,2.02295,1.65,1.00
2014.12.05 11:30:43.608,2.02233,2.02296,1.65,1.00
2014.12.05 11:30:44.132,2.02233,2.02297,1.90,1.50
2014.12.05 11:30:44.492,2.02244,2.02296,1.00,1.00
2014.12.05 11:30:45.572,2.02234,2.02296,1.27,1.12
2014.12.05 11:30:45.622,2.02234,2.02288,1.27,1.00
2014.12.05 11:30:45.933,2.02234,2.02286,1.27,1.00
2014.12.05 11:30:46.465,2.02233,2.02289,1.52,1.00
2014.12.05 11:30:47.595,2.02234,2.02296,1.52,1.00
2014.12.05 11:30:47.806,2.02234,2.02288,1.52,1.00
2014.12.05 11:30:48.355,2.02234,2.02289,1.52,1.00
2014.12.05 11:30:48.815,2.02233,2.02297,1.90,1.00
2014.12.05 11:30:49.318,2.02244,2.02296,1.00,1.00
2014.12.05 11:30:49.620,2.02233,2.02297,1.65,1.00
2014.12.05 11:30:49.671,2.02233,2.02297,1.57,1.57
2014.12.05 11:30:49.721,2.02233,2.02297,1.50,1.65
2014.12.05 11:30:50.214,2.02234,2.02296,1.52,1.00
2014.12.05 11:30:50.552,2.02234,2.02288,1.52,1.00
2014.12.05 11:30:51.275,2.02233,2.02287,1.65,1.00
2014.12.05 11:30:51.605,2.02237,2.02287,2.32,1.00
2014.12.05 11:30:52.923,2.02237,2.02295,2.32,1.00
2014.12.05 11:30:53.732,2.02237,2.02296,2.32,1.00
2014.12.05 11:30:55.162,2.02237,2.02295,2.70,1.00
2014.12.05 11:30:56.276,2.02237,2.02296,2.32,1.00
2014.12.05 11:30:56.852,2.02237,2.02297,2.70,1.50
2014.12.05 11:30:57.755,2.02237,2.02296,2.32,1.00
2014.12.05 11:31:01.165,2.02237,2.02297,2.70,1.00
2014.12.05 11:31:01.760,2.02233,2.02297,1.90,1.00
2014.12.05 11:31:01.811,2.02233,2.02296,1.90,1.00
2014.12.05 11:31:01.912,2.02233,2.02292,1.90,1.00
2014.12.05 11:31:02.016,2.02233,2.02292,1.52,1.00
2014.12.05 11:31:02.449,2.02233,2.02295,1.65,1.00
2014.12.05 11:31:03.233,2.02234,2.02296,1.52,1.00
2014.12.05 11:31:03.590,2.0223,2.02286,2.70,1.00
2014.12.05 11:31:03.841,2.02223,2.02287,1.65,1.00
2014.12.05 11:31:04.363,2.02224,2.02286,1.52,1.00
2014.12.05 11:31:04.414,2.02224,2.02286,1.90,1.00
2014.12.05 11:31:04.716,2.02234,2.02296,1.52,1.00
2014.12.05 11:31:07.018,2.02234,2.02296,1.90,1.00
2014.12.05 11:31:08.109,2.02234,2.02296,1.90,1.00
2014.12.05 11:31:12.451,2.02234,2.02296,1.90,1.00
2014.12.05 11:31:12.654,2.02236,2.02297,1.90,1.00
2014.12.05 11:31:12.962,2.02244,2.02296,1.45,1.00
2014.12.05 11:31:13.481,2.02244,2.02306,1.90,1.00
2014.12.05 11:31:13.850,2.02254,2.02306,1.00,1.00
2014.12.05 11:31:13.927,2.02253,2.02309,1.00,1.00
2014.12.05 11:31:13.978,2.02253,2.02309,1.82,1.00
2014.12.05 11:31:14.280,2.02254,2.02306,1.52,1.00
2014.12.05 11:31:14.381,2.02254,2.02306,1.07,1.00
2014.12.05 11:31:14.432,2.02254,2.02306,1.00,1.00
2014.12.05 11:31:16.547,2.02254,2.02306,1.37,1.00
2014.12.05 11:31:16.799,2.02254,2.02316,1.90,1.00
2014.12.05 11:31:17.341,2.02253,2.02317,1.90,1.00
2014.12.05 11:31:17.863,2.02254,2.02317,1.52,1.00
2014.12.05 11:31:17.914,2.02254,2.02306,1.50,1.00
2014.12.05 11:31:18.138,2.02246,2.02307,1.00,1.15
2014.12.05 11:31:18.189,2.02243,2.02307,1.00,1.52
2014.12.05 11:31:18.340,2.02243,2.02297,1.00,1.00
2014.12.05 11:31:18.882,2.02244,2.02296,1.00,1.00
2014.12.05 11:31:18.983,2.02233,2.02297,2.40,1.00
2014.12.05 11:31:19.314,2.02233,2.02297,1.47,1.15
2014.12.05 11:31:21.834,2.02234,2.02296,1.37,1.15
2014.12.05 11:31:22.086,2.02233,2.02287,1.47,1.00
2014.12.05 11:31:22.137,2.02233,2.02287,1.10,1.00
2014.12.05 11:31:22.187,2.02232,2.02286,1.10,1.07
2014.12.05 11:31:22.490,2.02233,2.02286,1.00,2.32
2014.12.05 11:31:22.541,2.0223,2.02286,1.00,2.32
2014.12.05 11:31:22.692,2.02223,2.02286,1.00,3.07
2014.12.05 11:31:23.145,2.02223,2.02273,1.00,1.75
2014.12.05 11:31:23.345,2.02203,2.02257,1.00,1.15
2014.12.05 11:31:23.396,2.02204,2.02257,1.10,1.07
2014.12.05 11:31:23.497,2.02223,2.02269,1.00,1.15
2014.12.05 11:31:23.648,2.02223,2.02268,1.00,1.00
2014.12.05 11:31:23.698,2.02223,2.02268,1.00,1.07
2014.12.05 11:31:23.749,2.02203,2.02267,1.00,1.15
2014.12.05 11:31:24.323,2.02204,2.02265,1.00,1.15
2014.12.05 11:31:26.801,2.02204,2.02259,1.00,1.00
2014.12.05 11:31:26.901,2.02204,2.02256,1.00,1.00
2014.12.05 11:31:27.052,2.02194,2.02256,1.65,1.00
2014.12.05 11:31:27.492,2.02193,2.02247,1.52,1.00
2014.12.05 11:31:33.708,2.02193,2.02247,1.37,1.00
2014.12.05 11:31:34.368,2.02193,2.02247,1.00,1.00
2014.12.05 11:31:34.945,2.02183,2.02247,1.99,1.00
2014.12.05 11:31:39.884,2.02183,2.02237,1.65,1.00
2014.12.05 11:31:40.481,2.02184,2.02236,1.52,1.00
2014.12.05 11:31:42.242,2.02184,2.02236,1.37,1.00
2014.12.05 11:31:43.404,2.02184,2.02236,1.75,1.00
2014.12.05 11:31:43.626,2.02184,2.02245,1.75,1.15
2014.12.05 11:31:43.778,2.02192,2.02237,1.12,1.00
2014.12.05 11:31:44.081,2.02183,2.02237,1.91,1.00
2014.12.05 11:31:44.283,2.02183,2.02245,1.91,1.15
2014.12.05 11:31:49.659,2.02193,2.02247,1.37,1.00
2014.12.05 11:31:57.388,2.02183,2.02238,1.99,1.00
2014.12.05 11:31:58.263,2.02183,2.02247,1.99,1.00
2014.12.05 11:31:59.241,2.02184,2.02246,1.90,1.00
2014.12.05 11:31:59.341,2.02184,2.02246,1.52,1.00
2014.12.05 11:31:59.392,2.02184,2.02238,1.15,1.00
2014.12.05 11:31:59.493,2.02184,2.02238,1.00,1.07
2014.12.05 11:32:00.035,2.02183,2.02237,1.46,1.10
2014.12.05 11:32:00.204,2.02183,2.02229,1.09,1.00
2014.12.05 11:32:00.356,2.02174,2.02228,1.90,1.00
2014.12.05 11:32:00.608,2.02173,2.02228,1.90,1.00
2014.12.05 11:32:00.923,2.02183,2.02228,1.15,1.00
2014.12.05 11:32:01.551,2.02183,2.02229,1.15,1.00
2014.12.05 11:32:02.110,2.02183,2.02237,1.15,1.00
2014.12.05 11:32:02.331,2.02183,2.02229,1.15,1.00
2014.12.05 11:32:03.008,2.02183,2.02228,1.15,1.00
2014.12.05 11:32:04.090,2.02183,2.02237,1.15,1.00
2014.12.05 11:32:04.642,2.02183,2.02229,1.15,1.00
2014.12.05 11:32:04.862,2.02183,2.02237,1.15,1.00
2014.12.05 11:32:07.663,2.02183,2.02229,1.15,1.00
2014.12.05 11:32:08.380,2.02183,2.02237,1.15,1.00
2014.12.05 11:32:09.592,2.02183,2.02229,1.52,1.00
2014.12.05 11:32:09.743,2.02184,2.02229,1.00,1.00
2014.12.05 11:32:10.046,2.02184,2.02228,1.00,1.00
2014.12.05 11:32:10.147,2.02168,2.02227,2.70,1.00
2014.12.05 11:32:10.559,2.02173,2.02228,1.90,1.00
2014.12.05 11:32:10.610,2.02174,2.02236,1.90,1.00
2014.12.05 11:32:10.710,2.02174,2.02236,1.90,1.00
2014.12.05 11:32:10.761,2.02174,2.02236,1.90,1.00
2014.12.05 11:32:10.862,2.02174,2.02236,1.90,1.00
2014.12.05 11:32:11.336,2.02174,2.02236,1.90,1.00
2014.12.05 11:32:12.320,2.02177,2.02236,2.70,1.00
2014.12.05 11:32:14.381,2.02177,2.02236,2.70,1.00
2014.12.05 11:32:21.680,2.02183,2.02237,1.90,1.00
2014.12.05 11:32:26.421,2.02183,2.02237,1.52,1.00
2014.12.05 11:32:26.981,2.02177,2.02236,2.70,1.00
2014.12.05 11:32:29.766,2.02174,2.02236,1.65,1.00
2014.12.05 11:32:30.074,2.02173,2.02237,1.90,1.00
2014.12.05 11:32:30.125,2.02173,2.02237,1.90,1.00
2014.12.05 11:32:30.660,2.02183,2.02237,1.12,1.00
2014.12.05 11:32:32.653,2.02173,2.02237,1.90,1.00
2014.12.05 11:32:32.703,2.02173,2.02227,1.90,1.00
2014.12.05 11:32:37.005,2.02169,2.02216,1.95,1.00
2014.12.05 11:32:37.540,2.02169,2.02217,1.95,1.00
2014.12.05 11:32:38.950,2.02169,2.02216,1.95,1.00
2014.12.05 11:32:40.083,2.02169,2.02226,2.32,1.00
2014.12.05 11:32:40.284,2.02169,2.02217,2.32,1.00
2014.12.05 11:32:40.801,2.02169,2.02216,2.32,1.00
2014.12.05 11:32:41.325,2.02169,2.02217,2.32,1.00
2014.12.05 11:32:41.970,2.02169,2.02216,2.32,1.00
2014.12.05 11:32:42.071,2.02169,2.02227,2.32,1.00
2014.12.05 11:32:44.351,2.02169,2.02226,2.70,1.00
2014.12.05 11:32:45.857,2.02169,2.02218,2.70,1.00
2014.12.05 11:32:46.239,2.02169,2.02216,2.32,1.00
2014.12.05 11:32:46.477,2.02169,2.02226,2.32,1.00
2014.12.05 11:32:47.468,2.02169,2.02227,2.70,1.00
2014.12.05 11:32:50.014,2.02172,2.02227,2.32,1.00
2014.12.05 11:32:51.101,2.02172,2.02219,2.32,1.00
2014.12.05 11:32:51.583,2.02172,2.02227,2.32,1.00
2014.12.05 11:32:52.310,2.02172,2.02219,2.32,1.00
2014.12.05 11:32:52.653,2.02172,2.02227,2.32,1.00
2014.12.05 11:32:53.505,2.02172,2.02226,2.32,1.00
2014.12.05 11:32:53.741,2.02172,2.02218,2.32,1.00
2014.12.05 11:32:53.900,2.02164,2.02218,2.40,1.00
2014.12.05 11:32:54.102,2.02164,2.02209,1.65,1.00
2014.12.05 11:32:54.304,2.02163,2.02217,3.45,1.00
2014.12.05 11:32:54.433,2.02164,2.02219,1.65,1.00
2014.12.05 11:32:56.270,2.02164,2.02218,1.65,1.00
2014.12.05 11:33:01.120,2.02163,2.02227,3.45,1.00
2014.12.05 11:33:01.171,2.02174,2.02229,1.10,1.00
2014.12.05 11:33:01.641,2.02174,2.02227,1.10,1.00
2014.12.05 11:33:01.943,2.02163,2.02217,1.55,1.00
2014.12.05 11:33:06.330,2.02164,2.02218,1.07,1.00
2014.12.05 11:33:09.799,2.02164,2.02224,1.07,1.10
2014.12.05 11:33:10.349,2.02164,2.02219,1.07,1.00
2014.12.05 11:33:10.731,2.02164,2.02216,1.07,1.00
2014.12.05 11:33:10.949,2.02163,2.02224,1.17,1.47
2014.12.05 11:33:11.100,2.02164,2.02226,1.07,1.95
2014.12.05 11:33:11.407,2.02164,2.02226,1.07,2.32
2014.12.05 11:33:12.603,2.02164,2.02223,1.07,1.00
2014.12.05 11:33:12.709,2.02164,2.02216,1.07,1.00
2014.12.05 11:33:12.930,2.02163,2.02226,1.17,1.82
2014.12.05 11:33:14.808,2.02163,2.02226,1.17,1.45
2014.12.05 11:33:19.200,2.02163,2.02217,1.17,1.00
2014.12.05 11:33:20.882,2.02155,2.02216,2.70,1.00
2014.12.05 11:33:22.189,2.02155,2.02207,2.32,1.00
2014.12.05 11:33:22.291,2.02155,2.02217,2.32,1.00
2014.12.05 11:33:22.943,2.02155,2.02216,2.32,1.00
2014.12.05 11:33:23.160,2.02155,2.02207,2.32,1.00
2014.12.05 11:33:23.380,2.02155,2.02217,2.32,1.00
2014.12.05 11:33:31.601,2.02155,2.02209,2.32,1.00
2014.12.05 11:33:31.937,2.02155,2.02207,2.32,1.00
2014.12.05 11:33:36.694,2.02155,2.02217,2.32,1.00
2014.12.05 11:33:37.239,2.02155,2.02216,2.70,1.00
2014.12.05 11:33:40.979,2.02155,2.02206,2.70,1.00
2014.12.05 11:33:42.049,2.02154,2.02206,1.90,1.00
2014.12.05 11:33:42.556,2.02154,2.02206,1.90,1.00
2014.12.05 11:33:48.816,2.02153,2.02217,1.52,1.00
2014.12.05 11:33:51.289,2.02153,2.02209,1.90,1.00
2014.12.05 11:33:51.787,2.02153,2.02207,1.90,1.00
2014.12.05 11:34:02.102,2.02153,2.02207,1.90,1.00
2014.12.05 11:34:02.153,2.02153,2.02207,1.92,1.00
2014.12.05 11:34:03.780,2.02154,2.02209,1.57,1.00
2014.12.05 11:34:03.957,2.02154,2.02217,1.82,1.17
2014.12.05 11:34:04.834,2.02154,2.02217,3.45,1.00
2014.12.05 11:34:05.379,2.02154,2.02208,4.20,1.00
2014.12.05 11:34:05.588,2.02154,2.02217,4.20,1.00
2014.12.05 11:34:07.069,2.02154,2.02216,3.45,1.00
2014.12.05 11:34:10.660,2.02154,2.02209,3.45,1.00
2014.12.05 11:34:10.869,2.02154,2.02216,3.45,1.00
2014.12.05 11:34:13.779,2.02164,2.02216,1.65,1.00
2014.12.05 11:34:13.981,2.02166,2.02226,1.90,1.00
2014.12.05 11:34:14.081,2.02182,2.02226,1.00,1.00
2014.12.05 11:34:14.233,2.02182,2.02237,1.85,1.00
2014.12.05 11:34:14.334,2.02183,2.02238,1.00,1.00
2014.12.05 11:34:14.384,2.02183,2.02238,1.00,1.37
2014.12.05 11:34:14.535,2.02173,2.02227,1.00,1.00
2014.12.05 11:34:14.787,2.02173,2.02237,1.12,1.52
2014.12.05 11:34:14.837,2.02175,2.02237,1.00,1.52
2014.12.05 11:34:15.139,2.02178,2.02237,1.12,1.15
2014.12.05 11:34:15.252,2.02178,2.02237,1.27,1.00
2014.12.05 11:34:15.785,2.02183,2.02237,1.00,1.00
2014.12.05 11:34:17.278,2.02183,2.02237,1.07,1.00
2014.12.05 11:34:17.608,2.02183,2.02237,1.15,1.00
2014.12.05 11:34:18.600,2.02184,2.02227,1.07,1.00
2014.12.05 11:34:18.651,2.02184,2.02227,1.00,1.00
2014.12.05 11:34:18.752,2.02173,2.02227,2.02,1.00
2014.12.05 11:34:18.903,2.02171,2.02226,1.90,1.00
2014.12.05 11:34:19.054,2.02183,2.02237,1.27,1.00
2014.12.05 11:34:20.798,2.02184,2.02236,1.15,1.00
2014.12.05 11:34:23.768,2.02184,2.02236,1.00,1.00
2014.12.05 11:34:23.819,2.02174,2.02236,1.52,1.00
2014.12.05 11:34:24.144,2.02173,2.02227,1.52,1.00
2014.12.05 11:34:24.459,2.02173,2.02227,1.00,1.00
2014.12.05 11:34:24.891,2.02173,2.02231,1.00,1.15
2014.12.05 11:34:25.042,2.02174,2.02235,1.87,1.15
2014.12.05 11:34:25.143,2.02174,2.02235,2.02,1.00
2014.12.05 11:34:25.509,2.02174,2.02235,1.90,1.00
2014.12.05 11:34:25.560,2.02173,2.02237,2.40,1.00
2014.12.05 11:34:25.661,2.02183,2.02237,1.45,1.00
2014.12.05 11:34:25.978,2.02183,2.02237,1.52,1.00
2014.12.05 11:34:40.859,2.02184,2.02236,2.02,1.00
2014.12.05 11:34:43.160,2.02184,2.02237,1.52,1.00
2014.12.05 11:34:45.975,2.02183,2.02237,1.65,1.00
2014.12.05 11:34:46.565,2.02184,2.02246,1.90,1.00
2014.12.05 11:34:46.616,2.02193,2.02246,3.45,1.00
2014.12.05 11:34:46.666,2.02203,2.02257,1.07,1.00
2014.12.05 11:34:46.767,2.02203,2.02267,1.82,1.15
2014.12.05 11:34:46.818,2.02204,2.02267,2.70,1.00
2014.12.05 11:34:47.324,2.02204,2.02266,3.07,1.00
2014.12.05 11:34:47.626,2.02204,2.02257,1.95,1.00
2014.12.05 11:34:47.677,2.02204,2.02264,2.70,1.00
2014.12.05 11:34:48.195,2.02204,2.02265,1.07,1.07
2014.12.05 11:34:48.246,2.02204,2.02265,1.00,1.15
2014.12.05 11:34:48.409,2.02204,2.02256,1.00,1.00
2014.12.05 11:34:48.812,2.02194,2.02256,1.45,1.15
2014.12.05 11:34:49.114,2.02193,2.02247,1.55,1.00
2014.12.05 11:34:49.215,2.02184,2.02246,1.20,1.15
2014.12.05 11:34:49.624,2.02179,2.02236,1.52,1.00
2014.12.05 11:34:52.388,2.02177,2.02227,1.52,1.00
2014.12.05 11:34:54.499,2.02174,2.02237,1.52,1.00
2014.12.05 11:35:04.469,2.02174,2.02236,1.90,1.00
2014.12.05 11:35:05.451,2.02174,2.02228,1.27,1.00
2014.12.05 11:35:05.777,2.02165,2.02226,2.70,1.00
2014.12.05 11:35:06.575,2.02165,2.02227,2.32,1.00
2014.12.05 11:35:06.726,2.02165,2.02224,2.32,1.00
2014.12.05 11:35:06.776,2.02163,2.02224,1.52,1.00
2014.12.05 11:35:06.898,2.02154,2.02217,2.70,1.00
2014.12.05 11:35:07.240,2.02153,2.02207,1.61,1.00
2014.12.05 11:35:10.056,2.02153,2.02207,1.99,1.00
2014.12.05 11:35:10.207,2.02155,2.02216,1.24,1.00
2014.12.05 11:35:10.308,2.02164,2.02226,1.45,1.65
2014.12.05 11:35:10.511,2.02164,2.02218,1.45,1.00
2014.12.05 11:35:10.640,2.02164,2.02226,1.45,1.17
2014.12.05 11:35:11.100,2.02163,2.02227,1.92,1.15
2014.12.05 11:35:11.402,2.02186,2.02237,1.00,1.00
2014.12.05 11:35:11.453,2.02173,2.02237,1.90,1.00
2014.12.05 11:35:11.755,2.02174,2.02226,1.52,1.00
2014.12.05 11:35:11.893,2.02174,2.02226,1.47,1.00
2014.12.05 11:35:12.394,2.02174,2.02226,1.47,1.00
2014.12.05 11:35:12.476,2.02174,2.02226,1.10,1.00
2014.12.05 11:35:14.961,2.02164,2.02227,1.90,1.00
2014.12.05 11:35:15.263,2.02164,2.02217,1.90,1.00
2014.12.05 11:35:16.711,2.02164,2.02216,1.90,1.00
2014.12.05 11:35:19.341,2.02163,2.02217,2.32,1.00
2014.12.05 11:35:19.542,2.02163,2.02227,3.82,1.00
2014.12.05 11:35:19.643,2.02172,2.02227,1.65,1.00
2014.12.05 11:35:19.794,2.02173,2.02233,1.45,1.07
2014.12.05 11:35:19.946,2.02173,2.02235,1.82,1.15
2014.12.05 11:35:20.529,2.02164,2.02226,1.90,1.00
2014.12.05 11:35:20.680,2.02164,2.02226,1.65,1.00
2014.12.05 11:35:21.062,2.02164,2.02226,1.90,1.00
2014.12.05 11:35:21.458,2.02173,2.02227,1.52,1.00
2014.12.05 11:35:21.736,2.02173,2.02227,1.47,1.00
2014.12.05 11:35:22.272,2.02164,2.02226,1.90,1.00
2014.12.05 11:35:23.279,2.02163,2.02227,1.90,1.00
2014.12.05 11:35:23.389,2.02163,2.02227,1.90,1.00
2014.12.05 11:35:24.253,2.02163,2.02227,1.90,1.00
2014.12.05 11:35:24.790,2.02163,2.02227,1.90,1.00
2014.12.05 11:35:25.042,2.02173,2.02237,3.45,1.00
2014.12.05 11:35:28.229,2.02184,2.02246,1.47,1.15
2014.12.05 11:35:28.679,2.02184,2.02236,1.10,1.00
2014.12.05 11:35:29.336,2.02183,2.02237,1.27,1.00
2014.12.05 11:35:29.869,2.02184,2.02236,1.10,1.00
2014.12.05 11:35:30.411,2.02183,2.02237,1.55,1.00
2014.12.05 11:35:30.562,2.02183,2.02247,1.55,1.15
2014.12.05 11:35:30.664,2.02183,2.02247,1.92,1.15
2014.12.05 11:35:30.714,2.02188,2.02247,1.90,1.00
2014.12.05 11:35:31.235,2.02184,2.02246,1.90,1.00
2014.12.05 11:35:31.902,2.02193,2.02257,1.45,1.27
2014.12.05 11:35:32.003,2.02193,2.02257,1.57,1.15
2014.12.05 11:35:32.305,2.02203,2.02267,1.10,1.27
2014.12.05 11:35:32.406,2.02203,2.02267,1.47,1.15
2014.12.05 11:35:32.507,2.02204,2.02266,1.00,1.15
2014.12.05 11:35:32.557,2.02201,2.02256,1.17,1.00
2014.12.05 11:35:32.759,2.02183,2.02247,1.10,1.15
2014.12.05 11:35:33.171,2.02183,2.02243,1.10,1.90
2014.12.05 11:35:33.474,2.02184,2.02238,1.00,2.32
2014.12.05 11:35:33.524,2.02177,2.02236,1.00,1.15
2014.12.05 11:35:33.739,2.02174,2.02236,1.00,1.15
2014.12.05 11:35:33.890,2.02174,2.02236,1.45,1.07
2014.12.05 11:35:33.941,2.02174,2.02236,1.52,1.07
2014.12.05 11:35:34.092,2.02183,2.02242,1.00,1.27
2014.12.05 11:35:34.602,2.02184,2.0224,1.00,1.15
2014.12.05 11:35:34.955,2.02183,2.02247,1.52,1.07
2014.12.05 11:35:36.189,2.02194,2.02248,1.00,1.17
2014.12.05 11:35:36.401,2.02184,2.02246,1.52,1.10
2014.12.05 11:35:36.960,2.02184,2.02246,1.52,1.10
2014.12.05 11:35:41.018,2.02184,2.02246,1.52,1.10
2014.12.05 11:35:43.119,2.02183,2.02247,1.90,1.07
2014.12.05 11:35:43.598,2.02184,2.02248,1.52,1.17
2014.12.05 11:35:44.132,2.02184,2.02246,1.15,1.47
2014.12.05 11:35:45.311,2.02183,2.02247,1.15,1.82
2014.12.05 11:35:45.362,2.02183,2.02238,1.00,1.20
2014.12.05 11:35:45.463,2.02173,2.02237,1.00,1.52
2014.12.05 11:35:46.060,2.02174,2.02234,1.00,1.52
2014.12.05 11:35:46.276,2.02164,2.02226,1.99,1.00
2014.12.05 11:35:46.634,2.02173,2.02231,1.00,1.27
2014.12.05 11:35:46.735,2.02164,2.02226,1.65,1.00
2014.12.05 11:35:47.616,2.02174,2.02233,1.00,1.52
2014.12.05 11:35:47.717,2.02163,2.02227,1.90,1.00
2014.12.05 11:35:48.349,2.02164,2.02226,1.65,1.00
2014.12.05 11:35:49.057,2.02163,2.02227,1.90,1.00
2014.12.05 11:35:55.879,2.02164,2.02226,1.65,1.00
2014.12.05 11:35:56.420,2.02163,2.02227,1.52,1.00
2014.12.05 11:35:56.989,2.02164,2.02226,1.52,1.00
2014.12.05 11:35:57.548,2.02164,2.02224,1.52,1.00
2014.12.05 11:35:58.429,2.02164,2.02222,1.15,1.00
2014.12.05 11:35:58.630,2.02153,2.02221,1.90,1.17
2014.12.05 11:35:58.808,2.02153,2.02217,1.90,1.00
2014.12.05 11:35:59.908,2.02154,2.02216,1.52,1.00
2014.12.05 11:36:00.620,2.02153,2.02217,1.52,1.50
2014.12.05 11:36:01.360,2.02153,2.02217,1.90,1.00
2014.12.05 11:36:01.461,2.02164,2.02226,1.37,1.65
2014.12.05 11:36:01.562,2.02164,2.02226,1.45,1.07
2014.12.05 11:36:01.612,2.02164,2.02226,1.52,1.00
2014.12.05 11:36:03.413,2.02164,2.02226,2.40,1.00
2014.12.05 11:36:03.565,2.02173,2.02237,1.52,1.00
2014.12.05 11:36:03.716,2.02173,2.02237,1.90,1.00
2014.12.05 11:36:14.743,2.02181,2.02237,2.32,1.00
2014.12.05 11:36:14.894,2.02184,2.02246,1.15,1.12
2014.12.05 11:36:15.136,2.02183,2.02247,1.90,1.00
2014.12.05 11:36:15.237,2.02189,2.02256,3.45,1.12
2014.12.05 11:36:15.907,2.02193,2.02257,1.65,1.00
2014.12.05 11:36:16.449,2.02204,2.02266,1.00,1.15
2014.12.05 11:36:17.250,2.02204,2.02265,1.00,1.90
2014.12.05 11:36:17.618,2.02194,2.02257,1.52,1.00
2014.12.05 11:36:18.520,2.02204,2.02266,1.00,1.65
2014.12.05 11:36:19.378,2.02196,2.02257,1.52,1.00
2014.12.05 11:36:35.548,2.02194,2.02256,1.65,1.00
2014.12.05 11:36:35.658,2.02203,2.02267,1.00,1.47
2014.12.05 11:36:35.809,2.02204,2.02266,1.00,1.37
2014.12.05 11:36:35.910,2.02204,2.02266,1.00,1.50
2014.12.05 11:36:36.218,2.02204,2.02266,1.52,1.00
2014.12.05 11:36:36.370,2.02214,2.02276,1.00,1.45
2014.12.05 11:36:37.078,2.02213,2.02277,1.45,1.10
2014.12.05 11:36:37.380,2.02214,2.02276,2.40,1.00
2014.12.05 11:36:37.682,2.02224,2.02276,1.00,1.00
2014.12.05 11:36:37.783,2.02223,2.02287,1.00,1.27
2014.12.05 11:36:38.035,2.02224,2.02279,1.00,1.00
2014.12.05 11:36:38.085,2.02214,2.02276,1.92,1.00
2014.12.05 11:36:38.283,2.02214,2.02276,1.55,1.00
2014.12.05 11:36:38.867,2.02213,2.02277,1.27,1.37
2014.12.05 11:36:38.918,2.02213,2.02273,1.27,1.00
2014.12.05 11:36:39.567,2.02213,2.02276,1.27,1.37
2014.12.05 11:36:41.278,2.02213,2.02273,1.27,1.00
2014.12.05 11:36:41.615,2.02204,2.02266,2.02,1.00
2014.12.05 11:36:43.797,2.02203,2.02267,1.52,1.00
2014.12.05 11:36:47.123,2.02204,2.02266,1.27,1.00
2014.12.05 11:36:50.409,2.02203,2.02267,2.02,1.00
2014.12.05 11:36:53.082,2.02204,2.02267,1.90,1.00
2014.12.05 11:36:53.183,2.02204,2.02266,1.15,1.00
2014.12.05 11:36:53.284,2.02213,2.02274,1.00,1.37
2014.12.05 11:36:53.393,2.02203,2.02267,1.52,1.00
2014.12.05 11:36:54.688,2.02204,2.02266,1.15,1.00
2014.12.05 11:36:55.026,2.02204,2.02266,1.00,1.47
2014.12.05 11:36:55.127,2.02193,2.02267,1.90,1.95
2014.12.05 11:36:57.236,2.02193,2.02267,1.52,1.95
2014.12.05 11:36:57.337,2.02193,2.02267,1.90,1.95
2014.12.05 11:36:57.645,2.02193,2.02267,1.65,1.95
2014.12.05 11:36:58.503,2.02193,2.02267,1.90,1.95
2014.12.05 11:37:05.189,2.02196,2.02267,1.07,1.45
2014.12.05 11:37:05.247,2.02196,2.02257,1.07,1.00
2014.12.05 11:37:07.600,2.02193,2.02257,2.40,1.00
2014.12.05 11:37:07.802,2.02203,2.02267,1.00,1.45
2014.12.05 11:37:08.018,2.02203,2.02267,1.27,1.00
2014.12.05 11:37:08.730,2.02209,2.02267,1.37,1.00
2014.12.05 11:37:08.931,2.02214,2.02276,1.17,1.37
2014.12.05 11:37:10.920,2.02214,2.02275,1.17,1.37
2014.12.05 11:37:11.221,2.02214,2.02275,1.17,1.37
2014.12.05 11:37:12.195,2.02214,2.02275,1.17,1.75
2014.12.05 11:37:12.245,2.02214,2.02269,1.00,1.12
2014.12.05 11:37:12.296,2.02204,2.02266,1.07,1.00
2014.12.05 11:37:12.347,2.02204,2.02266,1.45,1.00
2014.12.05 11:37:12.448,2.02204,2.02266,1.07,1.00
2014.12.05 11:37:12.550,2.022,2.02256,1.52,1.00
2014.12.05 11:37:13.086,2.02194,2.02257,3.45,1.00
2014.12.05 11:37:14.377,2.02204,2.02266,1.07,1.00
2014.12.05 11:37:14.645,2.02204,2.02266,1.07,1.37
2014.12.05 11:37:14.947,2.02195,2.02266,1.90,1.00
2014.12.05 11:37:15.349,2.02195,2.02266,1.52,1.37
2014.12.05 11:37:16.154,2.02195,2.02266,1.15,1.50
2014.12.05 11:37:17.504,2.02204,2.02266,1.07,1.87
2014.12.05 11:37:21.876,2.02204,2.02266,1.07,1.75
2014.12.05 11:37:21.977,2.02193,2.02257,1.07,1.50
2014.12.05 11:37:22.239,2.02194,2.02256,1.00,1.90
2014.12.05 11:37:22.407,2.02184,2.02255,1.17,1.90
2014.12.05 11:37:23.587,2.02184,2.02246,1.17,1.00
2014.12.05 11:37:23.917,2.02184,2.02248,1.17,1.87
2014.12.05 11:37:24.381,2.02184,2.02248,1.17,1.87
2014.12.05 11:37:28.002,2.02184,2.02244,1.17,1.00
2014.12.05 11:37:28.688,2.02183,2.02243,1.15,1.00
2014.12.05 11:37:28.992,2.02183,2.02245,1.15,1.00
2014.12.05 11:37:30.407,2.02184,2.02246,1.17,1.87
2014.12.05 11:37:31.842,2.02184,2.02246,1.17,1.37
2014.12.05 11:37:32.154,2.02175,2.02237,2.32,1.00
2014.12.05 11:37:32.204,2.02184,2.02246,1.17,1.37
2014.12.05 11:37:32.255,2.02184,2.02246,1.17,1.00
2014.12.05 11:37:38.107,2.02184,2.02245,1.17,1.00
2014.12.05 11:37:38.327,2.02184,2.02243,1.17,1.00
2014.12.05 11:37:38.888,2.02184,2.02241,1.17,1.00
2014.12.05 11:37:40.416,2.02184,2.02243,1.17,1.00
2014.12.05 11:37:40.849,2.02184,2.02243,1.00,1.00
2014.12.05 11:37:40.899,2.02183,2.02243,1.00,1.37
2014.12.05 11:37:41.531,2.02184,2.02246,1.00,2.32
2014.12.05 11:37:41.918,2.02184,2.02243,1.00,1.00
2014.12.05 11:37:42.198,2.02183,2.02252,1.00,1.90
2014.12.05 11:37:42.248,2.02194,2.02252,1.00,1.52
2014.12.05 11:37:42.349,2.02184,2.02248,1.37,1.15
2014.12.05 11:37:42.411,2.02184,2.02248,1.00,1.52
2014.12.05 11:37:42.563,2.02183,2.02247,1.00,2.40
2014.12.05 11:37:43.087,2.02184,2.02244,1.00,1.37
2014.12.05 11:37:44.406,2.02183,2.02242,1.00,1.12
2014.12.05 11:37:44.752,2.02194,2.02253,1.00,1.47
2014.12.05 11:37:44.967,2.02194,2.02256,1.07,1.45
2014.12.05 11:37:45.428,2.02204,2.02266,1.00,1.90
2014.12.05 11:37:45.478,2.02204,2.02266,1.00,1.15
2014.12.05 11:37:45.680,2.02203,2.02267,1.07,1.20
2014.12.05 11:37:45.730,2.02203,2.02267,1.15,1.12
2014.12.05 11:37:46.183,2.02214,2.02276,1.00,1.55
2014.12.05 11:37:46.743,2.02214,2.02276,1.00,1.55
2014.12.05 11:37:50.370,2.02214,2.02276,1.00,1.55
2014.12.05 11:37:50.672,2.02213,2.02277,1.37,1.15
2014.12.05 11:37:51.281,2.02214,2.02276,1.75,1.17
2014.12.05 11:37:51.388,2.02214,2.02276,1.37,1.17
2014.12.05 11:37:51.719,2.02214,2.02276,1.00,1.17
2014.12.05 11:37:53.782,2.02214,2.02275,1.00,1.45
2014.12.05 11:37:53.983,2.02208,2.02267,1.00,1.00
2014.12.05 11:37:54.185,2.02203,2.02264,1.52,1.00
2014.12.05 11:37:54.508,2.02203,2.02262,1.15,1.00
2014.12.05 11:37:54.775,2.02203,2.02262,1.00,1.00
2014.12.05 11:37:56.697,2.02203,2.02263,1.00,1.00
2014.12.05 11:37:57.102,2.02203,2.02265,1.37,1.10
2014.12.05 11:37:57.203,2.02203,2.02265,1.00,1.47
2014.12.05 11:37:59.366,2.02204,2.02265,1.00,1.47
2014.12.05 11:38:04.724,2.02204,2.02265,1.37,1.10
2014.12.05 11:38:04.875,2.02206,2.02266,1.92,1.00
2014.12.05 11:38:05.026,2.02223,2.02283,1.12,1.00
2014.12.05 11:38:05.127,2.02223,2.02287,1.12,1.45
2014.12.05 11:38:05.630,2.02224,2.02286,1.12,1.10
2014.12.05 11:38:05.680,2.02223,2.02287,1.37,1.07
2014.12.05 11:38:06.129,2.02223,2.02283,1.37,1.00
2014.12.05 11:38:06.179,2.02223,2.02286,1.37,1.10
2014.12.05 11:38:06.343,2.02223,2.02286,1.00,1.47
2014.12.05 11:38:07.540,2.02224,2.02286,1.00,1.47
2014.12.05 11:38:08.590,2.02224,2.02286,1.75,1.10
2014.12.05 11:38:08.741,2.02224,2.02297,1.90,1.07
2014.12.05 11:38:08.792,2.02224,2.02297,1.65,1.45
2014.12.05 11:38:08.842,2.02223,2.02287,1.90,1.00
2014.12.05 11:38:09.057,2.02233,2.02297,1.37,1.07
2014.12.05 11:38:09.374,2.02233,2.02297,1.12,1.07
2014.12.05 11:38:09.576,2.02262,2.02296,1.00,1.00
2014.12.05 11:38:09.626,2.02262,2.02307,1.00,1.00
2014.12.05 11:38:09.727,2.02261,2.02318,1.00,1.00
2014.12.05 11:38:09.828,2.02265,2.02308,1.00,1.00
2014.12.05 11:38:09.929,2.02263,2.02308,1.00,1.00
2014.12.05 11:38:09.980,2.02252,2.02306,1.15,1.00
2014.12.05 11:38:10.218,2.02251,2.02307,1.00,1.07
2014.12.05 11:38:10.270,2.02253,2.02317,1.15,1.07
2014.12.05 11:38:10.371,2.02254,2.02316,1.00,1.00
2014.12.05 11:38:10.673,2.0225,2.02317,1.00,1.00
2014.12.05 11:38:10.777,2.02252,2.02317,1.00,1.00
2014.12.05 11:38:11.106,2.02251,2.02306,1.00,1.00
2014.12.05 11:38:11.464,2.02248,2.02306,1.00,1.00
2014.12.05 11:38:11.928,2.02244,2.02313,1.50,1.00
2014.12.05 11:38:12.029,2.02244,2.02307,1.12,1.00
2014.12.05 11:38:12.332,2.02244,2.02306,1.00,1.37
2014.12.05 11:38:12.857,2.02244,2.02306,1.00,1.37
2014.12.05 11:38:13.188,2.02244,2.02309,1.00,1.37
2014.12.05 11:38:13.339,2.02244,2.02298,1.00,1.00
2014.12.05 11:38:13.528,2.02244,2.02309,1.00,1.37
2014.12.05 11:38:13.680,2.02243,2.02306,1.00,2.32
2014.12.05 11:38:14.119,2.02254,2.02306,1.00,1.95
2014.12.05 11:38:14.169,2.02254,2.02308,1.00,1.15
2014.12.05 11:38:14.438,2.02253,2.02299,1.00,1.00
2014.12.05 11:38:14.590,2.02245,2.02299,1.17,1.00
2014.12.05 11:38:14.741,2.02253,2.02298,1.00,1.00
2014.12.05 11:38:14.892,2.02253,2.02317,1.84,3.07
2014.12.05 11:38:15.046,2.02253,2.02317,1.16,1.15
2014.12.05 11:38:15.197,2.02244,2.02308,1.07,1.52
2014.12.05 11:38:15.348,2.02247,2.02297,1.87,1.00
2014.12.05 11:38:15.449,2.02256,2.02308,1.55,1.00
2014.12.05 11:38:15.550,2.02263,2.02309,1.00,1.00
2014.12.05 11:38:15.650,2.02263,2.02318,1.00,1.15
2014.12.05 11:38:15.852,2.02264,2.02308,1.00,1.00
2014.12.05 11:38:15.903,2.02257,2.02308,1.07,1.00
2014.12.05 11:38:16.003,2.02253,2.02317,1.15,1.17
2014.12.05 11:38:16.865,2.02247,2.02309,1.95,1.00
2014.12.05 11:38:16.966,2.02247,2.02314,1.95,1.00
2014.12.05 11:38:17.017,2.02247,2.02307,1.95,1.00
2014.12.05 11:38:17.067,2.02245,2.02307,1.95,1.07
2014.12.05 11:38:17.118,2.02243,2.02308,1.15,1.07
2014.12.05 11:38:17.319,2.02253,2.02308,1.00,1.07
2014.12.05 11:38:17.675,2.02244,2.02313,1.15,1.15
2014.12.05 11:38:17.979,2.02246,2.02306,2.70,1.00
2014.12.05 11:38:18.287,2.02253,2.02319,1.15,1.15
2014.12.05 11:38:18.859,2.02272,2.02316,1.00,1.00
2014.12.05 11:38:18.960,2.02274,2.02335,1.00,1.15
2014.12.05 11:38:20.427,2.02294,2.02356,1.00,1.15
2014.12.05 11:38:20.528,2.02284,2.02356,1.15,1.15
2014.12.05 11:38:20.730,2.02278,2.02346,1.95,1.00
2014.12.05 11:38:20.831,2.02277,2.02346,1.17,1.15
2014.12.05 11:38:21.188,2.0228,2.02346,1.00,1.15
2014.12.05 11:38:21.666,2.02283,2.02346,1.00,1.15
2014.12.05 11:38:22.969,2.02277,2.02346,1.17,1.52
2014.12.05 11:38:23.097,2.02282,2.02346,1.00,1.52
2014.12.05 11:38:23.350,2.02276,2.02346,1.15,1.90
2014.12.05 11:38:24.930,2.02284,2.02346,1.00,1.15
2014.12.05 11:38:25.282,2.02286,2.02346,1.00,1.15
2014.12.05 11:38:25.592,2.02289,2.02347,1.00,1.15
2014.12.05 11:38:25.693,2.02291,2.02347,1.00,1.07
2014.12.05 11:38:26.117,2.02294,2.02347,1.00,1.07
2014.12.05 11:38:26.600,2.02293,2.02356,1.15,1.45
2014.12.05 11:38:26.650,2.02295,2.02356,2.70,1.07
2014.12.05 11:38:26.902,2.02311,2.02374,1.00,1.90
2014.12.05 11:38:27.154,2.02323,2.02376,1.00,2.62
2014.12.05 11:38:27.204,2.02323,2.02386,1.00,2.02
2014.12.05 11:38:27.664,2.02313,2.02387,1.65,3.45
2014.12.05 11:38:28.544,2.02315,2.02386,1.15,1.90
2014.12.05 11:38:28.948,2.02313,2.02387,1.65,4.20
2014.12.05 11:38:29.150,2.02313,2.02387,1.15,3.45
2014.12.05 11:38:29.561,2.02324,2.02387,1.00,2.70
2014.12.05 11:38:30.288,2.02322,2.02387,1.00,2.70
2014.12.05 11:38:30.441,2.02317,2.02387,1.07,3.45
2014.12.05 11:38:31.254,2.02314,2.02378,1.15,1.55
2014.12.05 11:38:32.188,2.02307,2.02376,1.95,1.85
2014.12.05 11:38:32.591,2.02314,2.02359,1.15,1.00
2014.12.05 11:38:32.641,2.02314,2.02359,1.00,1.00
2014.12.05 11:38:32.742,2.02298,2.02359,1.95,1.00
2014.12.05 11:38:32.843,2.02293,2.02359,1.52,1.10
2014.12.05 11:38:33.045,2.0229,2.02356,1.52,1.00
2014.12.05 11:38:33.349,2.02294,2.02359,1.15,1.10
2014.12.05 11:38:33.583,2.02293,2.02349,1.15,1.00
2014.12.05 11:38:34.086,2.02289,2.02348,2.32,1.00
2014.12.05 11:38:34.634,2.02289,2.02349,2.32,1.00
2014.12.05 11:38:34.836,2.02285,2.02349,1.52,1.00
2014.12.05 11:38:34.987,2.02282,2.02346,1.90,1.00
2014.12.05 11:38:35.999,2.02284,2.02356,1.27,2.02
2014.12.05 11:38:37.324,2.02283,2.02354,1.15,1.52
2014.12.05 11:38:37.425,2.02284,2.02348,1.52,1.00
2014.12.05 11:38:37.769,2.02292,2.02356,1.15,1.12
2014.12.05 11:38:38.197,2.02295,2.02366,1.52,1.15
2014.12.05 11:38:38.248,2.02301,2.02366,1.00,1.00
2014.12.05 11:38:38.705,2.02305,2.02375,1.37,1.15
2014.12.05 11:38:38.857,2.02305,2.02377,1.15,1.47
2014.12.05 11:38:38.958,2.0231,2.02377,1.00,1.10
2014.12.05 11:38:39.109,2.02311,2.02377,1.00,1.85
2014.12.05 11:38:39.329,2.02306,2.02377,1.15,1.85
2014.12.05 11:38:39.587,2.02303,2.02377,1.65,1.85
2014.12.05 11:38:39.688,2.02303,2.02377,1.50,1.90
2014.12.05 11:38:39.789,2.02301,2.02373,1.00,1.90
2014.12.05 11:38:40.091,2.02296,2.02367,1.15,2.25
2014.12.05 11:38:40.446,2.02293,2.02358,1.07,1.47
2014.12.05 11:38:40.497,2.02293,2.02358,1.00,1.47
2014.12.05 11:38:40.617,2.02293,2.02358,1.00,1.47
2014.12.05 11:38:40.718,2.02293,2.02358,1.00,1.47
2014.12.05 11:38:40.919,2.02292,2.02357,1.00,1.37
2014.12.05 11:38:41.121,2.02285,2.02357,1.90,1.00
2014.12.05 11:38:41.272,2.02294,2.02364,1.00,1.65
2014.12.05 11:38:41.628,2.02294,2.02365,1.00,1.90
2014.12.05 11:38:42.171,2.02291,2.02365,1.10,1.90
2014.12.05 11:38:42.222,2.02291,2.02365,1.10,1.90
2014.12.05 11:38:42.524,2.02286,2.02348,1.15,1.00
2014.12.05 11:38:44.096,2.02286,2.02349,1.15,1.00
2014.12.05 11:38:44.542,2.02277,2.02349,3.45,1.00
2014.12.05 11:38:44.593,2.02277,2.02349,1.90,1.00
2014.12.05 11:38:44.693,2.02283,2.02349,1.00,1.00
2014.12.05 11:38:44.794,2.02273,2.02349,2.02,1.75
2014.12.05 11:38:45.142,2.02275,2.02339,1.07,1.10
2014.12.05 11:38:45.394,2.02264,2.02338,1.34,1.90
2014.12.05 11:38:45.983,2.02272,2.02339,1.00,1.90
2014.12.05 11:38:46.134,2.02273,2.02338,1.00,1.95
2014.12.05 11:38:46.185,2.02273,2.02338,1.00,1.37
2014.12.05 11:38:46.695,2.02268,2.02338,1.86,1.12
2014.12.05 11:38:47.245,2.02273,2.02338,1.00,1.12
2014.12.05 11:38:47.836,2.02267,2.02338,1.24,1.12
2014.12.05 11:38:47.956,2.02274,2.02338,1.00,1.87
2014.12.05 11:38:48.633,2.02274,2.02338,1.00,1.37
2014.12.05 11:38:48.733,2.02267,2.02338,1.24,1.87
2014.12.05 11:38:49.866,2.02265,2.02337,1.52,1.75
2014.12.05 11:38:50.294,2.02265,2.02336,1.52,1.37
2014.12.05 11:38:50.399,2.02269,2.02329,1.55,1.00
2014.12.05 11:38:50.614,2.0227,2.02343,1.52,1.12
2014.12.05 11:38:51.079,2.02274,2.02346,1.15,1.50
2014.12.05 11:38:51.180,2.02274,2.02346,1.15,1.37
2014.12.05 11:38:53.019,2.02273,2.02347,1.52,1.47
2014.12.05 11:38:53.321,2.02273,2.02357,2.40,1.90
2014.12.05 11:38:53.712,2.02274,2.02356,1.65,1.90
2014.12.05 11:38:54.049,2.02274,2.02346,1.57,1.07
2014.12.05 11:38:54.099,2.02274,2.02346,1.37,1.52
2014.12.05 11:38:54.351,2.02264,2.02336,1.90,1.00
2014.12.05 11:38:54.402,2.02264,2.02336,1.90,1.00
2014.12.05 11:38:54.603,2.02263,2.02337,1.90,1.00
2014.12.05 11:38:55.082,2.02261,2.02337,1.90,1.07
2014.12.05 11:38:55.918,2.02258,2.02327,3.04,1.00
2014.12.05 11:38:56.022,2.02258,2.02336,3.04,1.52
2014.12.05 11:38:56.072,2.02277,2.02336,1.87,1.45
2014.12.05 11:38:56.122,2.02277,2.02337,1.95,1.00
2014.12.05 11:38:56.227,2.02277,2.02346,2.70,1.10
2014.12.05 11:38:57.444,2.02277,2.02347,2.32,1.15
2014.12.05 11:38:57.494,2.02273,2.02347,1.27,1.52
2014.12.05 11:38:57.746,2.02269,2.02327,2.32,1.00
2014.12.05 11:38:58.520,2.02269,2.02336,2.70,1.00
2014.12.05 11:38:58.997,2.02269,2.02327,2.70,1.00
2014.12.05 11:38:59.098,2.02269,2.02336,2.32,1.00
2014.12.05 11:39:00.312,2.02269,2.02337,2.32,1.10
2014.12.05 11:39:00.867,2.02269,2.02326,2.32,1.00
2014.12.05 11:39:00.968,2.02264,2.02326,1.90,1.00
2014.12.05 11:39:01.549,2.02259,2.02327,2.32,1.12
2014.12.05 11:39:01.955,2.02259,2.02316,2.32,1.00
2014.12.05 11:39:02.106,2.02254,2.02316,2.40,1.00
2014.12.05 11:39:03.508,2.02254,2.02318,1.90,1.00
2014.12.05 11:39:03.558,2.02254,2.02318,1.90,1.00
2014.12.05 11:39:03.786,2.02254,2.02327,1.90,1.15
2014.12.05 11:39:04.567,2.02254,2.02326,1.15,1.15
2014.12.05 11:39:04.689,2.02259,2.02317,1.95,1.00
2014.12.05 11:39:04.891,2.02249,2.02316,2.70,1.00
2014.12.05 11:39:05.411,2.02253,2.02317,1.52,1.00
2014.12.05 11:39:05.462,2.02253,2.02317,1.90,1.00
2014.12.05 11:39:05.776,2.02258,2.02319,2.70,1.10
2014.12.05 11:39:05.877,2.02259,2.02326,2.70,1.00
2014.12.05 11:39:07.165,2.02264,2.02326,1.07,1.57
2014.12.05 11:39:07.216,2.02253,2.02317,1.65,1.00
2014.12.05 11:39:07.941,2.02253,2.02317,1.90,1.00
2014.12.05 11:39:08.447,2.02254,2.02318,1.90,1.00
2014.12.05 11:39:08.631,2.02254,2.02318,1.90,1.00
2014.12.05 11:39:08.871,2.02254,2.02316,1.90,1.00
2014.12.05 11:39:09.438,2.02256,2.02318,1.90,1.00
2014.12.05 11:39:09.488,2.02256,2.02326,1.90,1.15
2014.12.05 11:39:09.643,2.02253,2.02317,1.90,1.00
2014.12.05 11:39:09.851,2.02253,2.02317,1.90,1.00
2014.12.05 11:39:10.363,2.02254,2.02316,1.52,1.00
2014.12.05 11:39:10.838,2.02254,2.02319,1.52,1.00
2014.12.05 11:39:11.383,2.02254,2.02318,1.52,1.00
2014.12.05 11:39:11.493,2.02254,2.02323,1.90,1.17
2014.12.05 11:39:11.926,2.02253,2.02318,1.90,1.00
2014.12.05 11:39:12.470,2.02254,2.02319,1.90,1.00
2014.12.05 11:39:12.675,2.02254,2.02326,1.90,1.15
2014.12.05 11:39:13.195,2.02254,2.02326,1.90,1.15
2014.12.05 11:39:13.451,2.02254,2.02326,1.90,1.15
2014.12.05 11:39:13.653,2.02264,2.02326,1.37,1.15
2014.12.05 11:39:13.703,2.02264,2.02326,1.52,1.00
2014.12.05 11:39:15.608,2.02263,2.02337,1.52,1.15
2014.12.05 11:39:15.708,2.02269,2.02336,2.32,1.00
2014.12.05 11:39:15.809,2.02263,2.02337,1.52,1.52
2014.12.05 11:39:15.910,2.02262,2.02326,1.65,1.00
2014.12.05 11:39:16.437,2.02262,2.02327,1.90,1.00
2014.12.05 11:39:16.588,2.02263,2.02336,1.90,1.52
2014.12.05 11:39:17.666,2.02264,2.02326,1.52,1.00
2014.12.05 11:39:17.875,2.02264,2.02336,1.52,1.52
2014.12.05 11:39:18.026,2.02264,2.02336,1.37,1.52
2014.12.05 11:39:18.136,2.02264,2.02326,1.37,1.00
2014.12.05 11:39:20.887,2.02263,2.02327,1.75,1.00
2014.12.05 11:39:21.189,2.02273,2.02337,1.75,1.00
2014.12.05 11:39:21.340,2.02274,2.02336,1.09,1.00
2014.12.05 11:39:21.542,2.02274,2.02346,1.99,1.00
2014.12.05 11:39:22.609,2.02281,2.02346,1.16,1.00
2014.12.05 11:39:23.609,2.02283,2.02346,1.52,1.00
2014.12.05 11:39:24.143,2.0229,2.02346,1.47,1.00
2014.12.05 11:39:24.727,2.02288,2.02347,1.27,1.00
2014.12.05 11:39:25.257,2.02288,2.02346,1.27,1.00
2014.12.05 11:39:25.587,2.02282,2.02336,1.90,1.00
2014.12.05 11:39:26.123,2.02277,2.02336,1.65,1.00
2014.12.05 11:39:26.674,2.02283,2.02336,1.00,1.00
2014.12.05 11:39:27.217,2.02278,2.02337,1.55,1.00
2014.12.05 11:39:28.915,2.02272,2.02336,2.40,1.00
2014.12.05 11:39:29.677,2.02272,2.02337,1.90,1.00
2014.12.05 11:39:29.779,2.02272,2.02327,1.52,1.00
2014.12.05 11:39:29.880,2.02272,2.02337,1.52,1.00
2014.12.05 11:39:29.931,2.02272,2.02337,1.37,1.00
2014.12.05 11:39:30.132,2.02272,2.02336,1.12,1.00
2014.12.05 11:39:31.842,2.02278,2.02336,1.00,1.00
2014.12.05 11:39:33.404,2.0228,2.02336,1.00,1.00
2014.12.05 11:39:34.174,2.02282,2.02336,1.00,1.00
2014.12.05 11:39:35.717,2.02274,2.02336,1.00,1.00
2014.12.05 11:39:35.934,2.02272,2.02336,1.12,1.00
2014.12.05 11:39:41.443,2.02271,2.02336,1.57,1.00
2014.12.05 11:39:41.746,2.02273,2.02336,1.52,1.00
2014.12.05 11:39:42.289,2.0227,2.02337,3.45,1.00
2014.12.05 11:39:43.768,2.02268,2.02337,3.45,1.00
2014.12.05 11:39:43.869,2.02268,2.02337,1.90,1.00
2014.12.05 11:39:45.005,2.02266,2.02337,1.99,1.00
2014.12.05 11:39:46.081,2.02266,2.02336,1.61,1.37
2014.12.05 11:39:46.383,2.02264,2.02326,1.34,1.00
2014.12.05 11:39:46.905,2.02263,2.02327,1.81,1.00
2014.12.05 11:39:47.275,2.02259,2.02326,1.16,1.57
2014.12.05 11:39:47.584,2.02257,2.02326,2.21,2.02
2014.12.05 11:39:47.836,2.02254,2.02326,1.85,1.27
2014.12.05 11:39:48.025,2.02253,2.02317,1.82,1.00
2014.12.05 11:39:48.126,2.02253,2.02317,1.45,1.00
2014.12.05 11:39:48.475,2.02253,2.02317,1.45,1.07
2014.12.05 11:39:48.779,2.02254,2.02316,1.37,1.15
2014.12.05 11:39:49.082,2.02252,2.02309,1.46,1.00
2014.12.05 11:39:49.406,2.02251,2.02308,1.51,1.00
2014.12.05 11:39:50.615,2.02247,2.02308,1.34,1.37
2014.12.05 11:39:50.716,2.02243,2.02298,1.79,1.00
2014.12.05 11:39:50.774,2.02243,2.02308,1.79,1.87
2014.12.05 11:39:51.142,2.02253,2.02315,1.12,1.27
2014.12.05 11:39:51.405,2.02253,2.02317,1.37,1.15
2014.12.05 11:39:51.506,2.02253,2.02317,1.45,1.00
2014.12.05 11:39:52.032,2.02254,2.02316,1.47,1.00
2014.12.05 11:39:52.632,2.02254,2.02316,1.85,1.00
2014.12.05 11:39:53.586,2.02255,2.02318,1.50,1.00
2014.12.05 11:39:53.747,2.02254,2.02318,1.95,1.00
2014.12.05 11:39:53.798,2.02255,2.02316,1.37,1.00
2014.12.05 11:39:54.151,2.02252,2.02306,1.16,1.00
2014.12.05 11:39:54.669,2.02252,2.02306,1.16,1.00
2014.12.05 11:39:55.255,2.02252,2.02316,1.91,1.00
2014.12.05 11:39:57.144,2.02249,2.02316,1.65,1.00
2014.12.05 11:39:57.195,2.02245,2.02307,1.90,1.00
2014.12.05 11:39:57.628,2.02245,2.02316,1.90,1.00
2014.12.05 11:39:58.084,2.02245,2.02306,1.90,1.00
2014.12.05 11:39:58.135,2.02245,2.02306,1.52,1.00
2014.12.05 11:39:58.236,2.02241,2.02307,1.55,1.12
2014.12.05 11:39:58.437,2.02234,2.02296,2.74,1.00
2014.12.05 11:39:58.739,2.02234,2.02296,1.09,1.00
2014.12.05 11:39:58.946,2.02226,2.02296,1.24,1.37
2014.12.05 11:39:59.153,2.02224,2.02296,1.99,1.12
2014.12.05 11:39:59.816,2.02227,2.02296,1.24,1.12
2014.12.05 11:40:00.374,2.02227,2.02287,1.24,1.00
2014.12.05 11:40:01.165,2.02227,2.02287,1.24,1.00
2014.12.05 11:40:02.323,2.02223,2.02287,2.74,1.00
2014.12.05 11:40:02.925,2.02227,2.02286,1.24,1.00
2014.12.05 11:40:03.146,2.02224,2.02283,1.34,1.00
2014.12.05 11:40:03.355,2.02223,2.02285,2.21,1.00
2014.12.05 11:40:03.895,2.02223,2.02287,2.21,1.00
2014.12.05 11:40:04.404,2.02223,2.02286,2.21,1.00
2014.12.05 11:40:06.116,2.02213,2.02286,1.90,1.00
2014.12.05 11:40:06.166,2.02213,2.02286,1.90,1.37
2014.12.05 11:40:06.468,2.02214,2.02276,1.65,1.00
2014.12.05 11:40:07.478,2.02214,2.02276,1.90,1.00
2014.12.05 11:40:07.529,2.02213,2.02287,2.40,1.00
2014.12.05 11:40:07.579,2.02213,2.02287,2.40,1.00
2014.12.05 11:40:07.896,2.02223,2.02287,1.75,1.00
2014.12.05 11:40:07.997,2.02223,2.02287,1.37,1.00
2014.12.05 11:40:08.296,2.02223,2.02287,1.00,1.87
2014.12.05 11:40:08.548,2.02213,2.02277,1.37,1.12
2014.12.05 11:40:08.699,2.02213,2.02272,1.37,1.00
2014.12.05 11:40:09.220,2.02214,2.02273,1.37,1.00
2014.12.05 11:40:09.465,2.02214,2.02276,1.37,1.50
2014.12.05 11:40:09.662,2.02223,2.02276,1.00,1.00
2014.12.05 11:40:09.813,2.02223,2.02278,1.00,1.00
2014.12.05 11:40:09.914,2.02213,2.02278,1.90,1.00
2014.12.05 11:40:10.137,2.02213,2.02284,1.90,1.37
2014.12.05 11:40:10.604,2.02213,2.02285,1.90,1.12
2014.12.05 11:40:12.734,2.02214,2.02276,1.52,1.00
2014.12.05 11:40:13.425,2.02213,2.02277,1.52,1.00
2014.12.05 11:40:13.916,2.02222,2.02276,1.00,1.00
2014.12.05 11:40:14.138,2.02222,2.02287,1.37,2.02
2014.12.05 11:40:14.189,2.02222,2.02287,1.45,1.95
2014.12.05 11:40:14.491,2.02228,2.02287,1.90,1.00
2014.12.05 11:40:14.592,2.0223,2.02297,1.99,1.00
2014.12.05 11:40:15.116,2.02234,2.02296,1.55,1.00
2014.12.05 11:40:16.015,2.02256,2.02316,1.52,1.00
2014.12.05 11:40:16.529,2.02253,2.02317,1.90,1.00
2014.12.05 11:40:16.680,2.02254,2.02326,1.90,1.12
2014.12.05 11:40:16.882,2.02253,2.02327,1.15,1.85
2014.12.05 11:40:17.218,2.02253,2.02317,1.52,1.00
2014.12.05 11:40:17.474,2.02254,2.02325,1.27,1.00
2014.12.05 11:40:17.575,2.02256,2.02327,1.52,1.10
2014.12.05 11:40:17.625,2.02253,2.02327,1.90,1.10
2014.12.05 11:40:18.007,2.02263,2.02327,1.90,1.00
2014.12.05 11:40:18.418,2.02264,2.02318,1.52,1.00
2014.12.05 11:40:18.536,2.02264,2.02326,1.52,1.00
2014.12.05 11:40:18.588,2.02264,2.02326,1.90,1.00
2014.12.05 11:40:19.254,2.02261,2.02326,1.20,1.37
2014.12.05 11:40:19.355,2.02255,2.02326,1.90,1.37
2014.12.05 11:40:19.405,2.02253,2.02327,1.90,1.57
2014.12.05 11:40:19.607,2.02254,2.02325,1.90,1.00
2014.12.05 11:40:19.708,2.02254,2.02325,1.90,1.12
2014.12.05 11:40:19.758,2.02263,2.02325,1.00,1.12
2014.12.05 11:40:20.090,2.02263,2.02322,1.00,1.12
2014.12.05 11:40:20.285,2.02254,2.02326,1.52,1.87
2014.12.05 11:40:20.335,2.02254,2.02326,1.07,2.32
2014.12.05 11:40:20.386,2.02254,2.02321,1.00,1.52
2014.12.05 11:40:20.638,2.02264,2.02322,1.00,1.27
2014.12.05 11:40:20.957,2.02264,2.02316,1.00,1.00
2014.12.05 11:40:21.406,2.02254,2.02316,1.00,1.00
2014.12.05 11:40:21.507,2.02254,2.02314,1.00,1.00
2014.12.05 11:40:21.809,2.02254,2.02309,1.00,1.00
2014.12.05 11:40:22.130,2.02253,2.02305,1.00,1.00
2014.12.05 11:40:22.181,2.02244,2.02305,1.15,1.00
2014.12.05 11:40:22.685,2.02243,2.02304,1.52,1.00
2014.12.05 11:40:22.836,2.02254,2.02304,1.00,1.00
2014.12.05 11:40:22.937,2.02243,2.02306,2.02,1.00
2014.12.05 11:40:23.038,2.02243,2.02304,2.02,1.00
2014.12.05 11:40:23.355,2.02243,2.02298,2.02,1.00
2014.12.05 11:40:23.506,2.02244,2.02299,1.00,1.00
2014.12.05 11:40:23.607,2.02244,2.02303,1.00,1.00
2014.12.05 11:40:23.708,2.02253,2.02312,1.37,1.15
2014.12.05 11:40:23.809,2.02254,2.02316,1.37,1.00
2014.12.05 11:40:24.061,2.02254,2.0232,1.15,1.00
2014.12.05 11:40:24.112,2.02254,2.02322,1.15,1.00
2014.12.05 11:40:24.266,2.02253,2.02317,1.15,1.00
2014.12.05 11:40:25.093,2.02253,2.02317,1.90,1.00
2014.12.05 11:40:25.143,2.02254,2.02326,1.90,1.57
2014.12.05 11:40:25.916,2.02263,2.02326,1.37,1.10
2014.12.05 11:40:26.218,2.02264,2.02328,1.37,1.07
2014.12.05 11:40:26.554,2.02273,2.02333,1.00,1.15
2014.12.05 11:40:27.008,2.02263,2.0233,1.71,1.15
2014.12.05 11:40:27.110,2.02264,2.0233,1.00,1.90
2014.12.05 11:40:27.621,2.02264,2.02322,1.00,1.00
2014.12.05 11:40:28.068,2.02264,2.02318,1.00,1.00
2014.12.05 11:40:28.321,2.02253,2.02318,1.00,1.47
2014.12.05 11:40:28.423,2.02253,2.02314,1.00,1.12
2014.12.05 11:40:28.725,2.02254,2.02314,1.00,1.37
2014.12.05 11:40:28.985,2.02243,2.02309,1.52,1.00
2014.12.05 11:40:29.495,2.02243,2.0231,1.52,1.00
2014.12.05 11:40:30.016,2.02244,2.0231,1.45,1.07
2014.12.05 11:40:30.067,2.02244,2.02308,1.37,1.10
2014.12.05 11:40:30.117,2.02253,2.02308,1.00,1.10
2014.12.05 11:40:30.718,2.02253,2.02308,1.00,1.47
2014.12.05 11:40:31.069,2.02244,2.02305,1.00,1.00
2014.12.05 11:40:31.580,2.02243,2.02306,1.00,1.00
2014.12.05 11:40:31.631,2.02253,2.02306,1.00,1.00
2014.12.05 11:40:31.986,2.02243,2.02308,1.00,1.95
2014.12.05 11:40:32.336,2.02243,2.02308,1.00,1.95
2014.12.05 11:40:32.638,2.02243,2.02305,1.37,1.00
2014.12.05 11:40:32.688,2.02243,2.02307,1.37,1.00
2014.12.05 11:40:33.155,2.02244,2.02309,1.00,1.95
2014.12.05 11:40:34.043,2.02244,2.02308,1.00,1.57
2014.12.05 11:40:34.677,2.02244,2.02295,1.00,1.00
2014.12.05 11:40:34.829,2.02233,2.02293,1.86,1.00
2014.12.05 11:40:35.075,2.02233,2.02293,1.52,1.00
2014.12.05 11:40:35.126,2.02233,2.02286,1.52,1.00
2014.12.05 11:40:35.675,2.02233,2.02289,1.52,1.00
2014.12.05 11:40:35.794,2.02233,2.02291,1.52,1.00
2014.12.05 11:40:36.296,2.02233,2.02292,1.52,1.00
2014.12.05 11:40:36.858,2.02233,2.02298,1.52,1.17
2014.12.05 11:40:37.097,2.02233,2.02293,1.52,1.00
2014.12.05 11:40:37.885,2.02233,2.0229,1.52,1.00
2014.12.05 11:40:38.187,2.02233,2.02287,1.52,1.00
2014.12.05 11:40:38.735,2.02227,2.02295,2.70,1.00
2014.12.05 11:40:39.075,2.02233,2.02293,1.27,1.00
2014.12.05 11:40:39.587,2.02233,2.02294,1.27,1.00
2014.12.05 11:40:40.155,2.02234,2.02296,1.15,1.57
2014.12.05 11:40:40.978,2.02227,2.02291,2.32,1.00
2014.12.05 11:40:41.186,2.02227,2.02293,2.70,1.00
2014.12.05 11:40:41.358,2.02233,2.02296,1.52,1.10
2014.12.05 11:40:41.560,2.02236,2.02298,2.70,1.00
2014.12.05 11:40:41.610,2.02236,2.02301,2.70,1.00
2014.12.05 11:40:41.711,2.02236,2.02304,2.70,1.10
2014.12.05 11:40:42.249,2.02243,2.02303,1.27,1.00
2014.12.05 11:40:42.788,2.02244,2.02304,1.52,1.10
2014.12.05 11:40:42.838,2.02244,2.02302,1.52,1.00
2014.12.05 11:40:43.149,2.02245,2.02308,2.70,1.00
2014.12.05 11:40:43.576,2.02254,2.02316,1.52,1.10
2014.12.05 11:40:46.596,2.02256,2.02319,1.87,1.95
2014.12.05 11:40:47.073,2.02253,2.02321,1.52,1.52
2014.12.05 11:40:47.224,2.02254,2.02314,1.52,1.00
2014.12.05 11:40:47.526,2.02244,2.02314,1.90,1.15
2014.12.05 11:40:48.015,2.02254,2.02314,1.57,1.07
2014.12.05 11:40:48.066,2.02254,2.02314,1.65,1.00
2014.12.05 11:40:48.574,2.02254,2.02315,1.65,1.10
2014.12.05 11:40:48.956,2.02253,2.02315,1.52,1.10
2014.12.05 11:40:49.007,2.02253,2.0231,1.52,1.00
2014.12.05 11:40:49.107,2.02254,2.02313,1.55,1.00
2014.12.05 11:40:49.208,2.02254,2.02315,1.55,1.10
2014.12.05 11:40:49.309,2.02253,2.0231,1.52,1.00
2014.12.05 11:40:49.631,2.02253,2.02308,1.15,1.00
2014.12.05 11:40:49.946,2.02253,2.02304,1.15,1.00
2014.12.05 11:40:49.997,2.02253,2.02304,1.07,1.00
2014.12.05 11:40:50.098,2.02243,2.02302,1.52,1.00
2014.12.05 11:40:50.299,2.02244,2.023,1.17,1.00
2014.12.05 11:40:51.154,2.02243,2.02298,1.15,1.00
2014.12.05 11:40:51.705,2.02243,2.02296,1.15,1.00
2014.12.05 11:40:52.166,2.02234,2.02293,1.52,1.00
2014.12.05 11:40:52.266,2.02234,2.02295,1.52,1.10
2014.12.05 11:40:52.635,2.02244,2.02298,1.00,1.15
2014.12.05 11:40:53.405,2.02233,2.02295,1.99,1.10
2014.12.05 11:40:53.505,2.02233,2.02292,1.99,1.00
2014.12.05 11:40:54.028,2.02233,2.02291,1.65,1.00
2014.12.05 11:40:54.811,2.02233,2.02292,1.65,1.00
2014.12.05 11:40:55.912,2.02234,2.0229,1.52,1.00
2014.12.05 11:40:56.104,2.02234,2.02292,1.52,1.00
2014.12.05 11:40:56.324,2.02234,2.02287,1.52,1.00
2014.12.05 11:40:57.094,2.02234,2.02284,1.52,1.00
2014.12.05 11:40:57.718,2.02227,2.02285,2.70,1.00
2014.12.05 11:40:57.933,2.02234,2.02284,1.12,1.00
2014.12.05 11:40:58.135,2.02233,2.02287,1.37,1.07
2014.12.05 11:40:58.236,2.02233,2.02288,1.50,1.17
2014.12.05 11:41:00.436,2.02234,2.02283,1.37,1.00
2014.12.05 11:41:00.746,2.02234,2.02281,1.00,1.00
2014.12.05 11:41:00.796,2.02223,2.02281,1.90,1.00
2014.12.05 11:41:01.115,2.02233,2.02282,1.00,1.00
2014.12.05 11:41:01.166,2.02233,2.02287,1.37,1.07
2014.12.05 11:41:01.715,2.02223,2.02284,1.90,1.00
2014.12.05 11:41:02.035,2.02223,2.02282,1.90,1.00
2014.12.05 11:41:02.546,2.02223,2.02283,1.90,1.00
2014.12.05 11:41:02.596,2.02223,2.02286,1.90,1.10
2014.12.05 11:41:04.244,2.02224,2.02283,1.90,1.00
2014.12.05 11:41:04.294,2.02224,2.02283,1.52,1.00
2014.12.05 11:41:04.496,2.02223,2.0228,1.15,1.00
2014.12.05 11:41:04.804,2.02218,2.02275,2.32,1.00
2014.12.05 11:41:05.257,2.02218,2.02279,2.32,1.00
2014.12.05 11:41:05.827,2.02218,2.02278,2.32,1.00
2014.12.05 11:41:06.336,2.02224,2.02279,1.15,1.00
2014.12.05 11:41:06.555,2.02224,2.02282,1.15,1.00
2014.12.05 11:41:08.062,2.02215,2.02273,1.52,1.00
2014.12.05 11:41:08.112,2.02215,2.0227,1.52,1.00
2014.12.05 11:41:08.685,2.02213,2.02271,1.52,1.00
2014.12.05 11:41:09.024,2.02213,2.02269,1.52,1.00
2014.12.05 11:41:09.743,2.02213,2.02267,1.52,1.00
2014.12.05 11:41:11.878,2.02213,2.02271,1.52,1.00
2014.12.05 11:41:13.923,2.02213,2.02268,1.90,1.00
2014.12.05 11:41:14.697,2.02213,2.02267,1.90,1.00
2014.12.05 11:41:15.249,2.02213,2.02266,1.90,1.00
2014.12.05 11:41:15.573,2.02213,2.02268,1.90,1.00
2014.12.05 11:41:15.725,2.02213,2.02264,1.90,1.00
2014.12.05 11:41:16.265,2.02214,2.02267,1.65,1.00
2014.12.05 11:41:16.366,2.02214,2.02264,1.65,1.00
2014.12.05 11:41:16.467,2.02214,2.02266,1.65,1.00
2014.12.05 11:41:16.838,2.02223,2.02266,1.00,1.00
2014.12.05 11:41:17.387,2.02214,2.02266,1.15,1.00
2014.12.05 11:41:17.908,2.02214,2.02267,1.15,1.00
2014.12.05 11:41:18.452,2.02214,2.02266,1.15,1.00
2014.12.05 11:41:19.105,2.02214,2.02265,1.15,1.00
2014.12.05 11:41:19.872,2.02214,2.02265,1.90,1.00
2014.12.05 11:41:20.023,2.02214,2.02267,1.90,1.00
2014.12.05 11:41:20.635,2.02214,2.02266,1.90,1.00
2014.12.05 11:41:20.787,2.02214,2.02262,1.52,1.00
2014.12.05 11:41:21.394,2.02214,2.02263,1.52,1.00
2014.12.05 11:41:22.506,2.02213,2.02262,1.52,1.00
2014.12.05 11:41:22.556,2.02213,2.02262,1.45,1.00
2014.12.05 11:41:22.607,2.02213,2.02262,1.75,1.00
2014.12.05 11:41:22.708,2.02214,2.02263,1.37,1.00
2014.12.05 11:41:22.759,2.02214,2.02267,1.37,1.00
2014.12.05 11:41:22.860,2.02213,2.02267,1.45,1.00
2014.12.05 11:41:23.061,2.02213,2.02273,1.52,1.00
2014.12.05 11:41:23.607,2.02213,2.02274,1.52,1.00
2014.12.05 11:41:23.658,2.02224,2.02274,1.00,1.00
2014.12.05 11:41:24.147,2.02224,2.02271,1.00,1.00
2014.12.05 11:41:26.720,2.02224,2.0227,1.00,1.00
2014.12.05 11:41:26.821,2.02214,2.0227,1.52,1.00
2014.12.05 11:41:27.029,2.02214,2.02267,1.52,1.00
2014.12.05 11:41:31.546,2.02214,2.02267,1.90,1.00
2014.12.05 11:41:32.148,2.02214,2.02267,1.52,1.00
2014.12.05 11:41:32.433,2.02214,2.0227,1.15,1.00
2014.12.05 11:41:32.985,2.02214,2.02265,1.15,1.00
2014.12.05 11:41:33.224,2.02213,2.02269,1.90,1.00
2014.12.05 11:41:33.425,2.02213,2.02266,1.52,1.00
2014.12.05 11:41:33.727,2.02213,2.02263,1.90,1.00
2014.12.05 11:41:34.185,2.02224,2.02263,1.00,1.00
2014.12.05 11:41:34.236,2.02224,2.02266,1.00,1.00
2014.12.05 11:41:34.413,2.02224,2.02262,1.00,1.00
2014.12.05 11:41:35.811,2.02224,2.02258,1.00,1.00
2014.12.05 11:41:35.862,2.02213,2.02255,1.37,1.00
2014.12.05 11:41:35.963,2.02203,2.02249,1.99,1.00
2014.12.05 11:41:36.215,2.02203,2.02253,1.52,1.00
2014.12.05 11:41:36.619,2.02204,2.02247,1.45,1.00
2014.12.05 11:41:36.670,2.02204,2.02247,1.37,1.00
2014.12.05 11:41:36.821,2.02203,2.02247,1.10,1.00
2014.12.05 11:41:37.458,2.02204,2.02246,1.00,1.00
2014.12.05 11:41:39.143,2.02193,2.02243,1.65,1.00
2014.12.05 11:41:39.539,2.02193,2.02245,1.65,1.00
2014.12.05 11:41:40.098,2.02193,2.02244,1.90,1.00
2014.12.05 11:41:40.235,2.02193,2.02248,1.90,1.00
2014.12.05 11:41:40.843,2.02193,2.02241,1.90,1.00
2014.12.05 11:41:40.944,2.02202,2.0225,1.95,1.00
2014.12.05 11:41:41.045,2.02194,2.02254,1.65,1.00
2014.12.05 11:41:41.146,2.02201,2.02259,1.92,1.00
2014.12.05 11:41:41.347,2.02204,2.02277,1.90,1.52
2014.12.05 11:41:41.398,2.02212,2.02277,1.87,1.45
2014.12.05 11:41:41.448,2.02214,2.02276,1.15,1.00
2014.12.05 11:41:41.751,2.02213,2.0227,1.15,1.00
2014.12.05 11:41:42.097,2.02213,2.02272,1.15,1.00
2014.12.05 11:41:42.198,2.02213,2.02278,1.15,1.00
2014.12.05 11:41:42.495,2.02213,2.02283,1.15,1.15
2014.12.05 11:41:42.713,2.02213,2.02278,1.15,1.00
2014.12.05 11:41:43.383,2.02213,2.02277,1.65,1.00
2014.12.05 11:41:43.730,2.02221,2.02284,2.32,1.00
2014.12.05 11:41:43.831,2.02221,2.02287,3.07,1.87
2014.12.05 11:41:43.982,2.02224,2.02289,1.52,1.00
2014.12.05 11:41:44.186,2.02234,2.02289,1.00,1.00
2014.12.05 11:41:44.680,2.02234,2.02285,1.00,1.00
2014.12.05 11:41:45.004,2.02223,2.02283,1.65,1.00
2014.12.05 11:41:45.621,2.02224,2.02281,1.52,1.00
2014.12.05 11:41:45.838,2.02223,2.02283,1.52,1.00
2014.12.05 11:41:45.938,2.02223,2.02281,1.52,1.00
2014.12.05 11:41:46.039,2.02223,2.02285,1.52,1.00
2014.12.05 11:41:46.140,2.02224,2.02287,1.52,1.00
2014.12.05 11:41:46.392,2.02223,2.02289,1.90,1.00
2014.12.05 11:41:46.453,2.02223,2.02282,1.90,1.00
2014.12.05 11:41:46.909,2.02223,2.0228,1.15,1.00
2014.12.05 11:41:47.419,2.02214,2.02279,1.90,1.00
2014.12.05 11:41:47.676,2.02214,2.02273,1.90,1.00
2014.12.05 11:41:47.885,2.02214,2.02275,1.90,1.00
2014.12.05 11:41:48.103,2.02213,2.02271,1.90,1.00
2014.12.05 11:41:48.654,2.02212,2.02266,1.95,1.00
2014.12.05 11:41:49.057,2.02212,2.02268,1.95,1.00
2014.12.05 11:41:49.593,2.02212,2.02269,1.95,1.50
2014.12.05 11:41:50.414,2.02212,2.0227,1.95,1.00
2014.12.05 11:41:50.665,2.02214,2.02266,1.15,1.00
2014.12.05 11:41:50.716,2.02213,2.02266,1.15,1.00
2014.12.05 11:41:50.863,2.02213,2.02269,1.07,1.00
2014.12.05 11:41:50.964,2.02213,2.02266,1.07,1.00
2014.12.05 11:41:51.517,2.02213,2.0226,1.07,1.00
2014.12.05 11:41:52.201,2.02213,2.02263,1.07,1.00
2014.12.05 11:41:52.740,2.02213,2.02264,1.07,1.00
2014.12.05 11:41:52.833,2.02213,2.02266,1.07,1.00
2014.12.05 11:41:52.985,2.02214,2.02268,1.47,1.00
2014.12.05 11:41:53.103,2.02213,2.02275,1.45,1.15
2014.12.05 11:41:53.259,2.02213,2.02271,1.52,1.10
2014.12.05 11:41:53.310,2.02213,2.02273,1.52,1.00
2014.12.05 11:41:53.525,2.02214,2.02276,1.65,1.00
2014.12.05 11:41:53.626,2.02214,2.02278,1.65,1.00
2014.12.05 11:41:54.873,2.02224,2.02278,1.00,1.00
2014.12.05 11:41:55.193,2.02213,2.02276,1.90,1.00
2014.12.05 11:41:55.294,2.02224,2.02274,1.00,1.00
2014.12.05 11:41:55.495,2.02224,2.02278,1.00,1.00
2014.12.05 11:41:55.716,2.02224,2.02282,1.00,1.17
2014.12.05 11:41:56.862,2.02223,2.02285,1.00,1.15
2014.12.05 11:41:57.063,2.02213,2.02287,1.65,1.90
2014.12.05 11:41:57.134,2.02213,2.02279,1.65,1.00
2014.12.05 11:41:58.013,2.02213,2.02287,1.65,1.90
2014.12.05 11:41:58.249,2.02213,2.02278,1.90,1.00
2014.12.05 11:41:58.350,2.02213,2.02287,1.90,1.52
2014.12.05 11:41:58.400,2.02218,2.02287,2.32,1.45
2014.12.05 11:41:58.451,2.0222,2.02287,2.32,1.37
2014.12.05 11:41:58.917,2.02227,2.02287,1.95,1.37
2014.12.05 11:41:59.069,2.02234,2.02296,1.15,1.00
2014.12.05 11:41:59.586,2.02234,2.02298,1.52,1.10
2014.12.05 11:42:00.033,2.02234,2.02296,1.15,1.37
2014.12.05 11:42:00.345,2.02234,2.02293,1.15,1.00
2014.12.05 11:42:00.446,2.02234,2.02295,1.15,1.12
2014.12.05 11:42:01.143,2.02234,2.02296,1.52,1.00
2014.12.05 11:42:01.378,2.02233,2.023,1.90,1.17
2014.12.05 11:42:03.614,2.02234,2.02296,1.90,1.00
2014.12.05 11:42:03.993,2.02243,2.02296,1.00,1.00
2014.12.05 11:42:04.295,2.02237,2.02292,1.95,1.00
2014.12.05 11:42:04.346,2.02234,2.02292,1.52,1.00
2014.12.05 11:42:04.715,2.02234,2.02289,1.52,1.00
2014.12.05 11:42:05.017,2.02233,2.02287,1.15,1.00
2014.12.05 11:42:05.068,2.02233,2.02289,1.15,1.00
2014.12.05 11:42:05.169,2.02233,2.02286,1.15,1.00
2014.12.05 11:42:05.270,2.02233,2.0229,1.00,1.07
2014.12.05 11:42:05.320,2.02233,2.0229,1.07,1.07
2014.12.05 11:42:05.522,2.02234,2.02295,1.52,1.00
2014.12.05 11:42:05.942,2.02234,2.02297,1.52,1.00
2014.12.05 11:42:06.043,2.02234,2.0229,1.27,1.00
2014.12.05 11:42:06.253,2.02233,2.02292,1.52,1.00
2014.12.05 11:42:06.707,2.02229,2.02289,2.32,1.00
2014.12.05 11:42:07.290,2.02229,2.02288,2.32,1.00
2014.12.05 11:42:07.946,2.02223,2.02288,1.90,1.00
2014.12.05 11:42:09.381,2.02223,2.02291,1.90,1.07
2014.12.05 11:42:09.639,2.02231,2.02291,2.32,1.00
2014.12.05 11:42:09.690,2.02231,2.02294,2.32,1.00
2014.12.05 11:42:09.996,2.02233,2.02292,1.15,1.00
2014.12.05 11:42:10.147,2.02234,2.02296,1.15,1.50
2014.12.05 11:42:10.527,2.02233,2.02296,1.15,1.37
2014.12.05 11:42:12.555,2.02233,2.02293,1.10,1.20
2014.12.05 11:42:15.652,2.02233,2.02295,1.10,2.40
2014.12.05 11:42:16.203,2.02223,2.02287,1.52,1.00
2014.12.05 11:42:16.896,2.02224,2.02286,1.15,1.00
2014.12.05 11:42:19.394,2.02223,2.02287,1.27,1.50
2014.12.05 11:42:19.545,2.02223,2.02285,1.27,1.17
2014.12.05 11:42:19.596,2.02223,2.0228,1.27,1.00
2014.12.05 11:42:20.140,2.02223,2.02285,1.27,1.17
2014.12.05 11:42:20.923,2.02223,2.02286,1.17,1.90
2014.12.05 11:42:21.081,2.02214,2.02286,3.45,2.02
2014.12.05 11:42:21.384,2.02214,2.02286,3.07,2.40
2014.12.05 11:42:21.926,2.02223,2.02287,1.17,1.65
2014.12.05 11:42:22.631,2.02223,2.02287,1.17,1.90
2014.12.05 11:42:23.401,2.02224,2.02286,1.82,1.15
2014.12.05 11:42:24.210,2.02243,2.02304,1.27,1.00
2014.12.05 11:42:24.529,2.02243,2.02302,1.15,1.00
2014.12.05 11:42:24.938,2.02243,2.023,1.15,1.00
2014.12.05 11:42:25.513,2.02236,2.023,2.32,1.57
2014.12.05 11:42:25.564,2.02234,2.023,1.52,1.07
2014.12.05 11:42:25.614,2.02234,2.02283,1.52,1.00
2014.12.05 11:42:25.715,2.02233,2.02283,1.45,1.00
2014.12.05 11:42:25.766,2.02234,2.02272,1.00,1.00
2014.12.05 11:42:26.018,2.02224,2.02269,1.12,1.00
2014.12.05 11:42:26.169,2.02224,2.02266,1.00,1.00
2014.12.05 11:42:26.475,2.02223,2.02261,1.00,1.00
2014.12.05 11:42:26.783,2.02224,2.02259,1.00,1.00
2014.12.05 11:42:26.935,2.02224,2.02261,1.00,1.00
2014.12.05 11:42:27.463,2.02223,2.02262,1.00,1.00
2014.12.05 11:42:28.150,2.02223,2.02263,1.00,1.00
2014.12.05 11:42:29.462,2.02223,2.02267,1.00,1.00
2014.12.05 11:42:29.902,2.02223,2.02264,1.00,1.00
2014.12.05 11:42:30.052,2.02213,2.02264,1.20,1.00
2014.12.05 11:42:31.884,2.02213,2.02263,1.10,1.00
2014.12.05 11:42:32.653,2.02213,2.02263,1.47,1.00
2014.12.05 11:42:32.980,2.02223,2.02263,1.00,1.00
2014.12.05 11:42:33.532,2.02224,2.02263,1.00,1.00
2014.12.05 11:42:33.689,2.02224,2.02268,1.00,1.00
2014.12.05 11:42:33.905,2.02224,2.02264,1.00,1.00
2014.12.05 11:42:34.422,2.02223,2.02261,1.00,1.00
2014.12.05 11:42:34.655,2.02224,2.02265,1.00,1.00
2014.12.05 11:42:35.622,2.02224,2.02267,1.00,1.00
2014.12.05 11:42:36.173,2.02224,2.02269,1.00,1.00
2014.12.05 11:42:36.324,2.02214,2.02271,1.52,1.00
2014.12.05 11:42:36.425,2.02214,2.02267,1.65,1.00
2014.12.05 11:42:36.743,2.02214,2.02271,1.65,1.00
2014.12.05 11:42:37.653,2.02214,2.02272,1.65,1.00
2014.12.05 11:42:38.155,2.02214,2.02269,1.65,1.00
2014.12.05 11:42:38.483,2.02224,2.02272,1.00,1.00
2014.12.05 11:42:38.863,2.02224,2.0227,1.00,1.00
2014.12.05 11:42:39.386,2.02224,2.02269,1.37,1.00
2014.12.05 11:42:40.170,2.02224,2.02269,1.00,1.00
2014.12.05 11:42:41.909,2.02224,2.02265,1.00,1.00
2014.12.05 11:42:41.960,2.02213,2.02265,1.65,1.00
2014.12.05 11:42:42.061,2.02213,2.02268,1.65,1.00
2014.12.05 11:42:42.553,2.02213,2.02266,1.65,1.00
2014.12.05 11:42:42.992,2.02213,2.02263,1.65,1.00
2014.12.05 11:42:44.423,2.02213,2.02264,1.65,1.00
2014.12.05 11:42:46.208,2.02213,2.02266,1.52,1.00
2014.12.05 11:42:46.744,2.02214,2.02265,1.52,1.00
2014.12.05 11:42:46.844,2.02213,2.02254,1.15,1.00
2014.12.05 11:42:46.895,2.02213,2.02254,1.00,1.00
2014.12.05 11:42:46.996,2.02203,2.02254,1.00,1.00
2014.12.05 11:42:47.197,2.02203,2.02248,1.00,1.00
2014.12.05 11:42:47.348,2.02193,2.02246,1.52,1.00
2014.12.05 11:42:47.623,2.02193,2.0224,1.15,1.00
2014.12.05 11:42:47.975,2.02193,2.02244,1.15,1.00
2014.12.05 11:42:49.311,2.02193,2.02242,1.00,1.00
2014.12.05 11:42:49.591,2.02193,2.0224,1.00,1.00
2014.12.05 11:42:49.702,2.02193,2.02242,1.00,1.00
2014.12.05 11:42:52.060,2.02193,2.02243,1.00,1.00
2014.12.05 11:42:52.110,2.02193,2.02243,1.37,1.00
2014.12.05 11:42:52.645,2.02193,2.02243,1.12,1.00
2014.12.05 11:42:52.696,2.02193,2.0224,1.12,1.00
2014.12.05 11:42:53.062,2.02194,2.02238,1.00,1.00
2014.12.05 11:42:53.697,2.02194,2.02239,1.00,1.00
2014.12.05 11:42:54.013,2.02194,2.02242,1.00,1.00
2014.12.05 11:42:54.222,2.02194,2.0224,1.00,1.00
2014.12.05 11:42:56.972,2.02194,2.02241,1.00,1.00
2014.12.05 11:42:57.323,2.02194,2.02239,1.00,1.00
2014.12.05 11:42:58.401,2.02194,2.02238,1.00,1.00
2014.12.05 11:42:58.731,2.02183,2.0223,1.52,1.00
2014.12.05 11:42:59.547,2.02183,2.02231,1.52,1.00
2014.12.05 11:43:00.202,2.02183,2.02229,1.52,1.00
2014.12.05 11:43:00.944,2.02183,2.02232,1.52,1.00
2014.12.05 11:43:01.163,2.02184,2.0223,1.90,1.00
2014.12.05 11:43:01.526,2.02194,2.0223,1.00,1.00
2014.12.05 11:43:02.045,2.02194,2.02229,1.00,1.00
2014.12.05 11:43:02.096,2.02184,2.02229,1.52,1.00
2014.12.05 11:43:02.147,2.02184,2.02227,1.52,1.00
2014.12.05 11:43:02.915,2.02183,2.02224,1.27,1.00
2014.12.05 11:43:03.557,2.02183,2.02224,1.20,1.00
2014.12.05 11:43:04.268,2.02183,2.02225,1.20,1.00
2014.12.05 11:43:05.222,2.02183,2.02224,1.20,1.00
2014.12.05 11:43:07.762,2.02183,2.02227,1.07,1.00
2014.12.05 11:43:08.277,2.02183,2.02226,1.07,1.00
2014.12.05 11:43:08.788,2.02183,2.02227,1.07,1.00
2014.12.05 11:43:12.310,2.02183,2.02223,1.07,1.00
2014.12.05 11:43:12.855,2.02183,2.02222,1.07,1.00
2014.12.05 11:43:13.381,2.02183,2.02223,1.07,1.00
2014.12.05 11:43:17.482,2.02183,2.02221,1.07,1.00
2014.12.05 11:43:17.784,2.02184,2.02217,1.00,1.00
2014.12.05 11:43:17.835,2.02174,2.02217,1.27,1.00
2014.12.05 11:43:18.251,2.02174,2.02215,1.17,1.00
2014.12.05 11:43:20.511,2.02174,2.02217,1.17,1.00
2014.12.05 11:43:22.505,2.02174,2.0222,1.17,1.00
2014.12.05 11:43:23.492,2.02173,2.02223,1.52,1.00
2014.12.05 11:43:27.551,2.02173,2.02227,1.52,1.00
2014.12.05 11:43:27.702,2.02173,2.02224,1.52,1.00
2014.12.05 11:43:28.413,2.02173,2.02224,1.65,1.00
2014.12.05 11:43:28.464,2.02173,2.02227,1.65,1.00
2014.12.05 11:43:28.615,2.02174,2.02227,2.32,1.00
2014.12.05 11:43:29.143,2.02184,2.02228,1.07,1.00
2014.12.05 11:43:29.446,2.02184,2.02225,1.07,1.00
2014.12.05 11:43:29.750,2.02184,2.02223,1.07,1.00
2014.12.05 11:43:30.208,2.02174,2.02225,2.32,1.00
2014.12.05 11:43:30.560,2.02174,2.02217,1.95,1.00
2014.12.05 11:43:30.897,2.02174,2.02223,3.07,1.00
2014.12.05 11:43:31.404,2.02184,2.02224,1.07,1.00
2014.12.05 11:43:31.512,2.02184,2.02227,1.07,1.00
2014.12.05 11:43:31.967,2.02184,2.02229,1.07,1.00
2014.12.05 11:43:32.324,2.02184,2.02233,1.07,1.00
2014.12.05 11:43:32.425,2.02184,2.02234,1.52,1.00
2014.12.05 11:43:32.626,2.02183,2.02238,1.65,1.00
2014.12.05 11:43:33.322,2.02186,2.02238,1.52,1.00
2014.12.05 11:43:34.372,2.02184,2.02239,1.52,1.00
2014.12.05 11:43:34.523,2.02194,2.02239,1.00,1.00
2014.12.05 11:43:34.592,2.02194,2.02244,1.00,1.00
2014.12.05 11:43:35.038,2.02194,2.02242,1.00,1.00
2014.12.05 11:43:35.348,2.02194,2.0224,1.00,1.00
2014.12.05 11:43:42.077,2.02194,2.02244,1.00,1.00
2014.12.05 11:43:42.299,2.02193,2.02244,1.37,1.00
2014.12.05 11:43:42.450,2.02193,2.02248,1.50,1.00
2014.12.05 11:43:42.652,2.02204,2.02249,1.00,1.00
2014.12.05 11:43:42.753,2.02204,2.02251,1.00,1.00
2014.12.05 11:43:42.971,2.02204,2.02248,1.00,1.00
2014.12.05 11:43:43.477,2.02203,2.02248,1.00,1.00
2014.12.05 11:43:44.417,2.02203,2.02239,1.00,1.00
2014.12.05 11:43:44.568,2.02193,2.02239,1.00,1.00
2014.12.05 11:43:44.719,2.02193,2.02232,1.00,1.00
2014.12.05 11:43:45.659,2.02194,2.02231,1.00,1.00
2014.12.05 11:43:45.709,2.02194,2.02233,1.00,1.00
2014.12.05 11:43:45.961,2.02194,2.0223,1.00,1.00
2014.12.05 11:43:46.213,2.02183,2.02228,1.00,1.00
2014.12.05 11:43:46.264,2.02183,2.02236,1.00,1.00
2014.12.05 11:43:46.365,2.02184,2.02229,1.00,1.00
2014.12.05 11:43:46.667,2.02194,2.02237,1.00,1.00
2014.12.05 11:43:46.821,2.02194,2.02239,1.00,1.00
2014.12.05 11:43:47.022,2.02194,2.02236,1.00,1.00
2014.12.05 11:43:47.517,2.02194,2.02234,1.00,1.00
2014.12.05 11:43:48.019,2.02194,2.02232,1.00,1.00
2014.12.05 11:43:48.591,2.02183,2.02232,1.37,1.00
2014.12.05 11:43:48.692,2.02183,2.02229,1.37,1.00
2014.12.05 11:43:48.994,2.02194,2.0223,1.00,1.00
2014.12.05 11:43:49.140,2.02183,2.0223,1.37,1.00
2014.12.05 11:43:50.462,2.02194,2.0223,1.00,1.00
2014.12.05 11:43:50.563,2.02194,2.02236,1.00,1.00
2014.12.05 11:43:50.664,2.02194,2.02234,1.00,1.00
2014.12.05 11:43:51.132,2.02185,2.02228,1.37,1.00
2014.12.05 11:43:51.233,2.02184,2.02228,1.00,1.00
2014.12.05 11:43:51.535,2.02184,2.02233,1.12,1.00
2014.12.05 11:43:53.431,2.02194,2.02233,1.00,1.00
2014.12.05 11:43:53.531,2.02194,2.02235,1.00,1.00
2014.12.05 11:43:54.319,2.02194,2.02236,1.00,1.00
2014.12.05 11:43:55.528,2.02185,2.02233,1.00,1.00
2014.12.05 11:43:55.629,2.02185,2.02225,1.00,1.00
2014.12.05 11:43:55.730,2.02184,2.02227,1.00,1.00
2014.12.05 11:43:55.830,2.02183,2.02224,1.00,1.00
2014.12.05 11:43:55.881,2.02173,2.02224,1.37,1.00
2014.12.05 11:43:55.932,2.02173,2.02228,1.37,1.00
2014.12.05 11:43:56.187,2.02173,2.02225,1.37,1.00
2014.12.05 11:43:56.514,2.02173,2.02219,1.00,1.00
2014.12.05 11:43:56.816,2.02173,2.02215,1.00,1.00
2014.12.05 11:43:57.119,2.02174,2.02212,1.00,1.00
2014.12.05 11:43:57.455,2.02174,2.02209,1.00,1.00
2014.12.05 11:43:57.763,2.02174,2.02205,1.00,1.00
2014.12.05 11:43:58.306,2.02174,2.02206,1.00,1.00
2014.12.05 11:43:58.912,2.02174,2.02208,1.00,1.00
2014.12.05 11:43:59.572,2.02174,2.02209,1.00,1.00
2014.12.05 11:43:59.673,2.02174,2.02206,1.00,1.00
2014.12.05 11:43:59.824,2.02163,2.02206,1.34,1.00
2014.12.05 11:43:59.925,2.02164,2.02208,1.09,1.00
2014.12.05 11:44:00.287,2.02164,2.02211,1.09,1.00
2014.12.05 11:44:00.338,2.02164,2.02214,1.09,1.00
2014.12.05 11:44:00.388,2.02173,2.02214,1.00,1.00
2014.12.05 11:44:00.490,2.02173,2.02219,1.00,1.00
2014.12.05 11:44:00.591,2.02173,2.02217,1.00,1.00
2014.12.05 11:44:00.859,2.02173,2.02219,1.00,1.00
2014.12.05 11:44:00.910,2.02173,2.02217,1.00,1.00
2014.12.05 11:44:01.139,2.02173,2.02219,1.00,1.00
2014.12.05 11:44:01.680,2.02174,2.02218,1.00,1.00
2014.12.05 11:44:02.035,2.02174,2.02209,1.00,1.00
2014.12.05 11:44:02.391,2.02174,2.02214,1.00,1.00
2014.12.05 11:44:02.805,2.02173,2.02208,1.00,1.00
2014.12.05 11:44:03.161,2.02173,2.02217,1.00,1.00
2014.12.05 11:44:03.615,2.02173,2.02209,1.00,1.00
2014.12.05 11:44:04.151,2.02173,2.02216,1.00,1.00
2014.12.05 11:44:04.254,2.02164,2.02216,1.46,1.00
2014.12.05 11:44:04.540,2.02173,2.02216,1.00,1.00
2014.12.05 11:44:04.994,2.02163,2.02212,1.71,1.00
2014.12.05 11:44:05.111,2.02163,2.02208,1.71,1.00
2014.12.05 11:44:05.419,2.02174,2.02219,1.00,1.00
2014.12.05 11:44:05.571,2.02174,2.02208,1.00,1.00
2014.12.05 11:44:06.211,2.02174,2.02219,1.00,1.00
2014.12.05 11:44:06.421,2.02166,2.02213,1.00,1.00
2014.12.05 11:44:06.724,2.02164,2.02218,1.46,1.00
2014.12.05 11:44:06.836,2.02164,2.0222,1.46,1.00
2014.12.05 11:44:07.357,2.02164,2.02219,1.46,1.00
2014.12.05 11:44:07.882,2.02163,2.02218,1.46,1.50
2014.12.05 11:44:08.036,2.02163,2.02216,1.46,1.00
2014.12.05 11:44:08.250,2.02163,2.02218,1.46,1.50
2014.12.05 11:44:08.513,2.02163,2.02215,1.46,1.00
2014.12.05 11:44:09.016,2.02163,2.02215,1.12,1.00
2014.12.05 11:44:09.167,2.02163,2.02218,1.12,1.50
2014.12.05 11:44:09.533,2.02164,2.02218,1.50,1.00
2014.12.05 11:44:09.857,2.02163,2.02216,1.75,1.00
2014.12.05 11:44:10.339,2.02163,2.02215,1.00,1.00
2014.12.05 11:44:10.844,2.02164,2.02216,1.00,1.00
2014.12.05 11:44:11.360,2.02163,2.02216,1.12,1.00
2014.12.05 11:44:11.681,2.02164,2.02214,1.00,1.00
2014.12.05 11:44:12.210,2.02164,2.02215,1.00,1.00
2014.12.05 11:44:12.530,2.02164,2.0222,1.90,1.00
2014.12.05 11:44:12.843,2.02174,2.02218,1.00,1.00
2014.12.05 11:44:13.389,2.02174,2.02219,1.00,1.00
2014.12.05 11:44:13.770,2.02174,2.02215,1.00,1.00
2014.12.05 11:44:13.922,2.02164,2.02215,1.37,1.00
2014.12.05 11:44:14.152,2.02164,2.02214,1.12,1.00
2014.12.05 11:44:14.712,2.02164,2.02213,1.12,1.00
2014.12.05 11:44:15.228,2.02164,2.02214,1.12,1.00
2014.12.05 11:44:15.530,2.02163,2.02211,1.37,1.00
2014.12.05 11:44:15.732,2.02163,2.02213,1.37,1.00
2014.12.05 11:44:18.940,2.02163,2.02215,1.37,1.00
2014.12.05 11:44:19.204,2.02163,2.02212,1.37,1.00
2014.12.05 11:44:19.881,2.02164,2.02212,1.37,1.00
2014.12.05 11:44:20.043,2.02164,2.02214,1.37,1.00
2014.12.05 11:44:20.391,2.02163,2.02215,1.75,1.00
2014.12.05 11:44:21.046,2.02164,2.02213,1.75,1.00
2014.12.05 11:44:21.361,2.02173,2.02213,1.00,1.00
2014.12.05 11:44:23.011,2.02173,2.02215,1.00,1.00
2014.12.05 11:44:23.670,2.02173,2.02217,1.00,1.00
2014.12.05 11:44:24.002,2.02173,2.02215,1.00,1.00
2014.12.05 11:44:25.448,2.02173,2.02218,1.00,1.00
2014.12.05 11:44:27.227,2.02173,2.02216,1.00,1.00
2014.12.05 11:44:28.882,2.02174,2.02218,1.00,1.00
2014.12.05 11:44:28.950,2.02174,2.02216,1.00,1.00
2014.12.05 11:44:29.550,2.02164,2.02216,1.37,1.00
2014.12.05 11:44:30.270,2.02164,2.02218,1.37,1.00
2014.12.05 11:44:31.150,2.02164,2.02217,1.37,1.00
2014.12.05 11:44:32.979,2.02164,2.02216,1.37,1.00
2014.12.05 11:44:33.130,2.02164,2.02216,1.12,1.00
2014.12.05 11:44:33.282,2.02163,2.02213,1.37,1.00
2014.12.05 11:44:33.832,2.02164,2.02212,1.12,1.00
2014.12.05 11:44:34.239,2.02164,2.0221,1.12,1.00
2014.12.05 11:44:34.592,2.02163,2.02207,1.00,1.00
2014.12.05 11:44:34.945,2.02154,2.02207,1.85,1.00
2014.12.05 11:44:35.045,2.02154,2.02207,1.47,1.00
2014.12.05 11:44:35.297,2.02154,2.02207,1.47,1.00
2014.12.05 11:44:35.550,2.02154,2.02201,1.47,1.00
2014.12.05 11:44:36.093,2.02153,2.02202,1.45,1.00
2014.12.05 11:44:36.432,2.02163,2.02212,1.00,1.00
2014.12.05 11:44:36.880,2.02163,2.02215,1.00,1.00
2014.12.05 11:44:37.396,2.02163,2.02215,1.37,1.00
2014.12.05 11:44:37.447,2.02163,2.02217,1.37,1.00
2014.12.05 11:44:37.497,2.02163,2.02217,1.75,1.00
2014.12.05 11:44:37.548,2.02174,2.02229,1.37,1.00
2014.12.05 11:44:37.599,2.02174,2.02236,1.37,1.15
2014.12.05 11:44:37.699,2.02184,2.0224,1.00,1.00
2014.12.05 11:44:38.190,2.02184,2.02235,1.00,1.00
2014.12.05 11:44:38.714,2.02184,2.02234,1.12,1.00
2014.12.05 11:44:38.765,2.02173,2.02244,1.92,1.17
2014.12.05 11:44:38.815,2.02173,2.02244,1.92,1.17
2014.12.05 11:44:39.117,2.02183,2.02244,1.90,1.00
2014.12.05 11:44:39.420,2.02184,2.02237,1.52,1.00
2014.12.05 11:44:39.761,2.02194,2.02242,1.00,1.00
2014.12.05 11:44:40.072,2.02183,2.02226,1.00,1.00
2014.12.05 11:44:40.223,2.02174,2.02226,1.00,1.00
2014.12.05 11:44:40.433,2.02174,2.02219,1.00,1.00
2014.12.05 11:44:40.761,2.02163,2.02212,1.50,1.00
2014.12.05 11:44:41.063,2.02163,2.02207,1.00,1.00
2014.12.05 11:44:41.214,2.02164,2.02209,1.00,1.00
2014.12.05 11:44:41.526,2.02163,2.02211,1.37,1.00
2014.12.05 11:44:41.731,2.02163,2.02205,1.00,1.00
2014.12.05 11:44:41.832,2.02154,2.02205,1.00,1.00
2014.12.05 11:44:41.932,2.02154,2.02203,1.00,1.00
2014.12.05 11:44:43.367,2.02154,2.02202,1.00,1.00
2014.12.05 11:44:43.985,2.02154,2.02201,1.00,1.00
2014.12.05 11:44:47.100,2.02154,2.02202,1.00,1.00
2014.12.05 11:44:48.230,2.02144,2.02197,1.12,1.00
2014.12.05 11:44:48.331,2.02144,2.02201,1.12,1.00
2014.12.05 11:44:48.839,2.02144,2.022,1.12,1.00
2014.12.05 11:44:48.890,2.02143,2.02196,1.37,1.00
2014.12.05 11:44:49.209,2.02143,2.02194,1.37,1.00
2014.12.05 11:44:49.580,2.02143,2.0219,1.37,1.00
2014.12.05 11:44:49.637,2.02143,2.02193,1.37,1.00
2014.12.05 11:44:49.738,2.02143,2.02193,1.75,1.00
2014.12.05 11:44:50.070,2.02144,2.02195,1.75,1.00
2014.12.05 11:44:50.136,2.02144,2.02195,1.37,1.00
2014.12.05 11:44:50.439,2.02144,2.02192,1.37,1.00
2014.12.05 11:44:50.637,2.02144,2.02192,1.00,1.00
2014.12.05 11:44:51.190,2.02144,2.02194,1.00,1.00
2014.12.05 11:44:51.810,2.02143,2.02194,1.00,1.00
2014.12.05 11:44:51.910,2.02144,2.02198,1.00,1.00
2014.12.05 11:44:51.961,2.02143,2.02194,1.00,1.00
2014.12.05 11:44:52.279,2.02143,2.02191,1.00,1.00
2014.12.05 11:44:53.196,2.02143,2.0219,1.00,1.00
2014.12.05 11:44:53.297,2.02134,2.0219,1.00,1.00
2014.12.05 11:44:56.458,2.02134,2.0219,1.37,1.00
2014.12.05 11:44:56.720,2.02143,2.02196,1.00,1.00
2014.12.05 11:44:56.922,2.02143,2.02198,1.00,1.00
2014.12.05 11:44:57.440,2.02144,2.02197,1.00,1.00
2014.12.05 11:44:57.591,2.02144,2.02192,1.00,1.00
2014.12.05 11:44:57.900,2.02144,2.02189,1.00,1.00
2014.12.05 11:44:58.445,2.02143,2.02189,1.07,1.00
2014.12.05 11:44:58.660,2.02143,2.02191,1.07,1.00
2014.12.05 11:45:00.248,2.02143,2.0219,1.07,1.00
2014.12.05 11:45:01.960,2.02143,2.02194,1.07,1.00
2014.12.05 11:45:02.112,2.02144,2.02192,1.07,1.00
2014.12.05 11:45:02.441,2.02143,2.02194,1.00,1.00
2014.12.05 11:45:02.975,2.02143,2.02193,1.00,1.00
2014.12.05 11:45:03.609,2.02143,2.02191,1.00,1.00
2014.12.05 11:45:03.939,2.02143,2.02193,1.00,1.00
2014.12.05 11:45:05.699,2.02143,2.02194,1.00,1.00
2014.12.05 11:45:08.273,2.02143,2.02195,1.00,1.00
2014.12.05 11:45:08.492,2.02143,2.02193,1.00,1.00
2014.12.05 11:45:08.830,2.02144,2.02187,1.00,1.00
2014.12.05 11:45:09.219,2.02144,2.02185,1.00,1.00
2014.12.05 11:45:09.772,2.02144,2.02184,1.00,1.00
2014.12.05 11:45:11.549,2.02144,2.02186,1.00,1.00
2014.12.05 11:45:11.899,2.02144,2.0219,1.00,1.00
2014.12.05 11:45:15.120,2.02144,2.02188,1.00,1.00
2014.12.05 11:45:15.759,2.02143,2.02191,1.00,1.00
2014.12.05 11:45:16.461,2.02143,2.02194,1.00,1.00
2014.12.05 11:45:16.562,2.02143,2.0219,1.00,1.00
2014.12.05 11:45:17.115,2.02143,2.02189,1.00,1.00
2014.12.05 11:45:17.629,2.02143,2.02192,1.00,1.00
2014.12.05 11:45:17.739,2.02143,2.0219,1.00,1.00
2014.12.05 11:45:18.179,2.02143,2.02188,1.00,1.00
2014.12.05 11:45:18.729,2.02143,2.0219,1.00,1.00
2014.12.05 11:45:18.981,2.02144,2.02185,1.00,1.00
2014.12.05 11:45:19.399,2.02144,2.02189,1.00,1.00
2014.12.05 11:45:19.559,2.02133,2.02189,1.89,1.00
2014.12.05 11:45:19.610,2.02133,2.02187,1.55,1.00
2014.12.05 11:45:19.912,2.02143,2.02187,1.00,1.00
2014.12.05 11:45:20.063,2.02144,2.02191,1.00,1.00
2014.12.05 11:45:20.164,2.02144,2.02186,1.00,1.00
2014.12.05 11:45:20.552,2.02143,2.02184,1.00,1.00
2014.12.05 11:45:20.603,2.02143,2.02188,1.00,1.00
2014.12.05 11:45:21.127,2.02143,2.02187,1.00,1.00
2014.12.05 11:45:21.737,2.02143,2.02188,1.00,1.00
2014.12.05 11:45:22.834,2.02143,2.0219,1.00,1.00
2014.12.05 11:45:24.204,2.02144,2.0219,1.00,1.00
2014.12.05 11:45:24.584,2.02143,2.02186,1.00,1.00
2014.12.05 11:45:24.705,2.02143,2.0219,1.00,1.00
2014.12.05 11:45:24.806,2.02143,2.02186,1.00,1.00
2014.12.05 11:45:24.907,2.02143,2.0219,1.00,1.00
2014.12.05 11:45:25.109,2.02143,2.02193,1.00,1.00
2014.12.05 11:45:25.805,2.02143,2.02194,1.00,1.00
2014.12.05 11:45:27.420,2.02143,2.02193,1.00,1.00
2014.12.05 11:45:27.660,2.02143,2.02191,1.00,1.00
2014.12.05 11:45:29.775,2.02143,2.02195,1.00,1.00
2014.12.05 11:45:30.161,2.02134,2.02178,1.55,1.00
2014.12.05 11:45:30.389,2.02134,2.02189,1.17,1.00
2014.12.05 11:45:30.593,2.02143,2.02191,1.00,1.00
2014.12.05 11:45:30.744,2.02143,2.02194,1.00,1.00
2014.12.05 11:45:31.329,2.02144,2.02194,1.00,1.00
2014.12.05 11:45:31.379,2.02144,2.02189,1.00,1.00
2014.12.05 11:45:31.480,2.02133,2.02189,1.15,1.00
2014.12.05 11:45:31.531,2.02133,2.02189,1.00,1.00
2014.12.05 11:45:31.732,2.02133,2.02183,1.37,1.00
2014.12.05 11:45:31.978,2.02133,2.02187,1.37,1.00
2014.12.05 11:45:32.838,2.02133,2.02187,1.52,1.00
2014.12.05 11:45:33.302,2.02133,2.0219,1.15,1.00
2014.12.05 11:45:33.403,2.02133,2.02192,1.15,1.00
2014.12.05 11:45:33.454,2.02133,2.02189,1.15,1.00
2014.12.05 11:45:33.757,2.02134,2.02183,1.27,1.00
2014.12.05 11:45:34.078,2.02134,2.02182,1.00,1.00
2014.12.05 11:45:34.365,2.02134,2.0218,1.00,1.00
2014.12.05 11:45:34.617,2.02134,2.02188,1.00,1.00
2014.12.05 11:45:35.010,2.02134,2.02179,1.00,1.00
2014.12.05 11:45:35.111,2.02124,2.02179,1.15,1.00
2014.12.05 11:45:35.162,2.02124,2.02179,1.00,1.00
2014.12.05 11:45:35.581,2.02124,2.02177,1.00,1.00
2014.12.05 11:45:36.134,2.02124,2.02178,1.00,1.00
2014.12.05 11:45:36.892,2.02124,2.02175,1.00,1.00
2014.12.05 11:45:37.240,2.02124,2.02177,1.00,1.00
2014.12.05 11:45:39.649,2.02124,2.02175,1.00,1.00
2014.12.05 11:45:41.392,2.02124,2.02174,1.00,1.00
2014.12.05 11:45:41.868,2.02123,2.02171,1.00,1.00
2014.12.05 11:45:42.534,2.02123,2.02168,1.00,1.00
2014.12.05 11:45:42.898,2.02123,2.02166,1.00,1.00
2014.12.05 11:45:45.505,2.02123,2.02168,1.00,1.50
2014.12.05 11:45:49.149,2.02123,2.02166,1.00,1.00
2014.12.05 11:45:49.501,2.02123,2.02162,1.00,1.00
2014.12.05 11:45:49.829,2.02123,2.02159,1.00,1.00
2014.12.05 11:45:49.918,2.02114,2.02159,1.00,1.00
2014.12.05 11:45:51.619,2.02114,2.02158,1.00,1.00
2014.12.05 11:45:51.669,2.02114,2.02158,1.37,1.00
2014.12.05 11:45:52.009,2.02124,2.02159,1.00,1.00
2014.12.05 11:45:52.160,2.02124,2.02169,1.00,1.50
2014.12.05 11:45:52.663,2.02123,2.0217,1.37,1.00
2014.12.05 11:45:52.998,2.02123,2.02172,1.37,1.00
2014.12.05 11:45:53.155,2.02123,2.02172,1.37,1.00
2014.12.05 11:45:54.079,2.02123,2.02174,1.37,1.00
2014.12.05 11:45:54.452,2.02123,2.02176,1.37,1.00
2014.12.05 11:45:56.168,2.02123,2.02174,1.37,1.00
2014.12.05 11:45:57.599,2.02123,2.02176,1.37,1.00
2014.12.05 11:45:57.852,2.02123,2.02174,1.37,1.00
2014.12.05 11:45:57.953,2.02123,2.02176,1.37,1.00
2014.12.05 11:45:58.258,2.02124,2.02168,1.00,1.00
2014.12.05 11:45:58.761,2.02124,2.02169,1.37,1.00
2014.12.05 11:45:58.927,2.02133,2.02179,1.00,1.50
2014.12.05 11:45:59.079,2.02133,2.02176,1.00,1.00
2014.12.05 11:45:59.399,2.02123,2.02169,1.37,1.00
2014.12.05 11:45:59.619,2.02123,2.02174,1.37,1.00
2014.12.05 11:45:59.840,2.02123,2.02169,1.37,1.00
2014.12.05 11:46:00.172,2.02123,2.02174,1.37,1.00
2014.12.05 11:46:00.752,2.02123,2.02174,1.00,1.00
2014.12.05 11:46:00.887,2.02123,2.02174,1.37,1.00
2014.12.05 11:46:01.202,2.02123,2.02174,1.12,1.00
2014.12.05 11:46:01.362,2.02123,2.02174,1.37,1.00
2014.12.05 11:46:02.370,2.02123,2.02169,1.37,1.00
2014.12.05 11:46:02.598,2.02124,2.02174,1.12,1.00
2014.12.05 11:46:03.098,2.02124,2.02171,1.12,1.00
2014.12.05 11:46:03.422,2.02124,2.02168,1.12,1.00
2014.12.05 11:46:03.589,2.02124,2.0217,1.12,1.00
2014.12.05 11:46:03.869,2.02124,2.02172,1.12,1.00
2014.12.05 11:46:06.398,2.02124,2.02175,1.12,1.00
2014.12.05 11:46:06.865,2.02123,2.02167,1.00,1.00
2014.12.05 11:46:07.017,2.02114,2.02164,1.27,1.00
2014.12.05 11:46:07.249,2.02114,2.02163,1.12,1.00
2014.12.05 11:46:07.968,2.02114,2.02162,1.12,1.00
2014.12.05 11:46:08.805,2.02121,2.02162,1.16,1.00
2014.12.05 11:46:08.876,2.02121,2.02176,1.24,1.00
2014.12.05 11:46:08.927,2.02128,2.02176,1.16,1.00
2014.12.05 11:46:08.978,2.02128,2.02186,3.04,1.50
2014.12.05 11:46:09.180,2.02143,2.02188,1.00,1.00
2014.12.05 11:46:09.331,2.02144,2.02192,1.00,1.00
2014.12.05 11:46:09.860,2.02144,2.02188,1.00,1.00
2014.12.05 11:46:10.660,2.02144,2.02189,1.00,1.00
2014.12.05 11:46:12.411,2.02144,2.0219,1.00,1.00
2014.12.05 11:46:12.512,2.02134,2.0219,1.15,1.00
2014.12.05 11:46:13.035,2.02133,2.02187,1.27,1.00
2014.12.05 11:46:13.358,2.02144,2.02188,1.00,1.00
2014.12.05 11:46:13.459,2.02144,2.02193,1.37,1.00
2014.12.05 11:46:13.509,2.02144,2.02193,1.37,1.00
2014.12.05 11:46:13.619,2.02143,2.02193,1.12,1.00
2014.12.05 11:46:13.688,2.02143,2.02193,1.37,1.00
2014.12.05 11:46:13.789,2.02143,2.02195,1.37,1.00
2014.12.05 11:46:14.090,2.02143,2.02195,1.37,1.00
2014.12.05 11:46:14.141,2.02143,2.02198,1.37,1.57
2014.12.05 11:46:14.191,2.02143,2.02198,1.50,1.57
2014.12.05 11:46:15.435,2.02143,2.02198,1.82,1.07
2014.12.05 11:46:15.587,2.02153,2.02214,1.52,1.00
2014.12.05 11:46:15.637,2.02153,2.02214,1.90,1.00
2014.12.05 11:46:15.789,2.02163,2.02219,1.27,1.00
2014.12.05 11:46:15.889,2.02163,2.02227,1.27,1.27
2014.12.05 11:46:15.990,2.02164,2.02218,1.15,1.00
2014.12.05 11:46:16.518,2.02164,2.02219,1.15,1.00
2014.12.05 11:46:17.028,2.02164,2.02218,1.15,1.00
2014.12.05 11:46:17.330,2.02144,2.02206,1.90,1.00
2014.12.05 11:46:17.431,2.02153,2.02209,1.00,1.57
2014.12.05 11:46:17.734,2.02153,2.02208,1.52,1.00
2014.12.05 11:46:18.036,2.02164,2.02213,1.00,1.00
2014.12.05 11:46:18.402,2.02164,2.02218,1.00,1.15
2014.12.05 11:46:18.924,2.02163,2.02214,1.37,1.00
2014.12.05 11:46:19.359,2.02163,2.02216,1.00,1.07
2014.12.05 11:46:19.510,2.02154,2.02205,1.90,1.00
2014.12.05 11:46:19.561,2.02154,2.02205,1.15,1.00
2014.12.05 11:46:19.611,2.02154,2.02193,1.07,1.00
2014.12.05 11:46:19.712,2.02144,2.02196,1.12,1.17
2014.12.05 11:46:19.763,2.02133,2.02196,1.52,1.17
2014.12.05 11:46:19.914,2.02133,2.02189,1.52,1.00
2014.12.05 11:46:20.217,2.02144,2.02198,1.17,1.00
2014.12.05 11:46:20.574,2.02143,2.02205,1.65,1.17
2014.12.05 11:46:20.624,2.02153,2.02205,1.00,1.17
2014.12.05 11:46:20.934,2.02153,2.02209,1.10,1.00
2014.12.05 11:46:21.102,2.02153,2.02212,1.10,1.00
2014.12.05 11:46:21.666,2.02153,2.02212,1.10,1.37
2014.12.05 11:46:22.181,2.02153,2.02208,1.10,1.00
2014.12.05 11:46:22.333,2.02153,2.02214,1.10,1.55
2014.12.05 11:46:22.383,2.02153,2.02214,1.47,1.17
2014.12.05 11:46:22.484,2.02153,2.02216,1.10,1.52
2014.12.05 11:46:24.679,2.02154,2.02213,1.00,1.10
2014.12.05 11:46:25.188,2.02154,2.02208,1.00,1.00
2014.12.05 11:46:25.725,2.02144,2.02207,1.52,1.00
2014.12.05 11:46:29.198,2.02164,2.02224,1.37,1.95
2014.12.05 11:46:29.249,2.02164,2.02226,1.37,1.15
2014.12.05 11:46:29.300,2.02169,2.02226,1.00,1.15
2014.12.05 11:46:29.551,2.02174,2.02236,1.07,1.52
2014.12.05 11:46:29.915,2.02173,2.02237,3.45,1.07
2014.12.05 11:46:29.966,2.02183,2.02247,1.07,1.90
2014.12.05 11:46:30.469,2.02184,2.02238,1.10,1.00
2014.12.05 11:46:30.779,2.02183,2.02247,1.07,1.90
2014.12.05 11:46:30.930,2.02183,2.02247,1.07,1.52
2014.12.05 11:46:31.830,2.02193,2.02252,1.00,2.70
2014.12.05 11:46:31.931,2.02193,2.02255,1.07,2.70
2014.12.05 11:46:32.032,2.02193,2.02262,1.07,2.70
2014.12.05 11:46:32.133,2.02193,2.02258,1.07,1.52
2014.12.05 11:46:32.183,2.02203,2.02258,1.00,1.52
2014.12.05 11:46:32.334,2.02203,2.02264,1.00,2.70
2014.12.05 11:46:32.385,2.02204,2.02266,1.00,1.90
2014.12.05 11:46:32.486,2.02204,2.02266,1.00,1.90
2014.12.05 11:46:32.536,2.02193,2.02257,1.15,1.00
2014.12.05 11:46:32.861,2.02204,2.02266,1.00,2.40
2014.12.05 11:46:33.368,2.02203,2.02267,1.00,1.52
2014.12.05 11:46:33.937,2.02204,2.02266,1.00,1.90
2014.12.05 11:46:34.636,2.02204,2.02266,1.00,1.65
2014.12.05 11:46:35.155,2.02203,2.02267,1.00,1.27
2014.12.05 11:46:35.558,2.02193,2.02267,1.65,1.90
2014.12.05 11:46:35.860,2.02204,2.02259,1.00,1.12
2014.12.05 11:46:36.213,2.02203,2.02263,1.00,1.52
2014.12.05 11:46:41.768,2.02193,2.02257,1.47,1.15
2014.12.05 11:46:41.869,2.02193,2.02257,1.10,1.52
2014.12.05 11:46:42.078,2.02194,2.02264,1.37,2.70
2014.12.05 11:46:42.431,2.02194,2.02256,1.00,1.90
2014.12.05 11:46:42.532,2.02194,2.02259,1.00,2.40
2014.12.05 11:46:42.638,2.02204,2.02259,1.00,1.90
2014.12.05 11:46:42.959,2.02204,2.02254,1.00,2.32
2014.12.05 11:46:43.010,2.02204,2.02256,1.00,2.32
2014.12.05 11:46:43.111,2.02203,2.02259,1.00,1.65
2014.12.05 11:46:43.417,2.02194,2.02256,1.07,1.82
2014.12.05 11:46:43.599,2.02194,2.02256,1.07,1.45
2014.12.05 11:46:43.750,2.02194,2.02256,1.07,1.75
2014.12.05 11:46:44.052,2.02203,2.02264,1.00,1.85
2014.12.05 11:46:45.811,2.02203,2.02266,1.00,1.92
2014.12.05 11:46:46.467,2.02203,2.02266,1.00,1.55
2014.12.05 11:46:47.954,2.02203,2.02266,1.12,1.17
2014.12.05 11:46:48.158,2.02204,2.02266,1.37,1.65
2014.12.05 11:46:48.460,2.02204,2.02266,1.47,1.00
2014.12.05 11:46:48.560,2.02214,2.02275,1.00,1.52
2014.12.05 11:46:48.927,2.02205,2.02266,1.37,1.00
2014.12.05 11:46:48.978,2.02204,2.02266,1.95,1.00
2014.12.05 11:46:49.079,2.02204,2.02266,2.32,1.00
2014.12.05 11:46:49.261,2.02213,2.02277,1.37,1.15
2014.12.05 11:46:49.462,2.02213,2.02277,1.85,1.00
2014.12.05 11:46:49.664,2.02223,2.02287,1.00,1.90
2014.12.05 11:46:50.067,2.02224,2.02286,1.50,1.07
2014.12.05 11:46:50.168,2.02224,2.02289,1.00,1.47
2014.12.05 11:46:50.369,2.02224,2.02286,1.87,1.00
2014.12.05 11:46:50.680,2.02234,2.02288,1.00,1.12
2014.12.05 11:46:51.211,2.02234,2.02289,1.00,1.10
2014.12.05 11:46:51.635,2.02226,2.02289,1.37,1.10
2014.12.05 11:46:51.735,2.02226,2.02289,1.12,1.47
2014.12.05 11:46:51.890,2.02223,2.02287,1.00,1.37
2014.12.05 11:46:51.941,2.02223,2.0228,1.00,1.00
2014.12.05 11:46:52.042,2.02214,2.02276,1.00,1.00
2014.12.05 11:46:52.193,2.02214,2.02276,1.00,1.50
2014.12.05 11:46:52.344,2.02204,2.02269,1.00,1.37
2014.12.05 11:46:52.867,2.02203,2.02267,1.00,1.00
2014.12.05 11:46:53.037,2.02203,2.02265,1.00,1.00
2014.12.05 11:46:53.377,2.02204,2.02265,1.00,1.75
2014.12.05 11:46:54.638,2.02203,2.02259,1.00,1.37
2014.12.05 11:46:55.088,2.02204,2.02266,1.00,1.37
2014.12.05 11:46:55.197,2.02203,2.02266,1.37,1.00
2014.12.05 11:46:55.787,2.02203,2.02268,1.37,1.87
2014.12.05 11:46:56.085,2.02203,2.02258,1.37,1.00
2014.12.05 11:46:56.608,2.02203,2.02268,1.37,1.87
2014.12.05 11:46:57.029,2.02214,2.02268,1.00,1.37
2014.12.05 11:46:57.080,2.02214,2.02269,1.00,1.00
2014.12.05 11:46:57.613,2.02204,2.02268,1.37,1.00
2014.12.05 11:46:58.670,2.02204,2.02268,1.12,1.00
2014.12.05 11:46:58.806,2.02204,2.02268,2.25,1.00
2014.12.05 11:46:58.857,2.02204,2.02276,2.25,1.52
2014.12.05 11:46:58.907,2.02213,2.02274,1.12,1.15
2014.12.05 11:46:59.226,2.02213,2.02268,1.00,1.00
2014.12.05 11:46:59.531,2.02214,2.02275,1.00,1.52
2014.12.05 11:46:59.732,2.02213,2.02268,1.00,1.37
2014.12.05 11:47:00.278,2.02213,2.02268,1.00,1.12
2014.12.05 11:47:00.581,2.02218,2.02268,1.37,1.00
2014.12.05 11:47:00.631,2.02219,2.02286,1.37,1.52
2014.12.05 11:47:00.682,2.02224,2.02286,1.00,1.37
2014.12.05 11:47:00.833,2.02224,2.02286,1.75,1.00
2014.12.05 11:47:00.884,2.02233,2.02292,1.00,1.15
2014.12.05 11:47:00.985,2.02233,2.02292,1.00,1.00
2014.12.05 11:47:01.448,2.02233,2.02291,1.00,1.37
2014.12.05 11:47:01.750,2.02223,2.02293,1.37,1.90
2014.12.05 11:47:02.440,2.02224,2.02286,1.00,1.37
2014.12.05 11:47:02.541,2.02224,2.02286,1.00,1.50
2014.12.05 11:47:02.945,2.02223,2.02287,1.00,1.87
2014.12.05 11:47:03.046,2.02223,2.02287,1.00,2.25
2014.12.05 11:47:03.147,2.02223,2.02287,1.00,1.37
2014.12.05 11:47:03.248,2.02223,2.02287,1.00,1.50
2014.12.05 11:47:03.449,2.02224,2.02286,1.00,1.37
2014.12.05 11:47:03.898,2.02223,2.02287,1.00,1.52
2014.12.05 11:47:04.838,2.02224,2.02286,1.00,1.27
2014.12.05 11:47:09.108,2.02224,2.02278,1.00,1.00
2014.12.05 11:47:09.158,2.02221,2.02278,1.00,1.00
2014.12.05 11:47:09.310,2.02221,2.02286,1.47,1.00
2014.12.05 11:47:09.461,2.02223,2.02287,1.75,1.00
2014.12.05 11:47:09.662,2.02235,2.02296,1.37,1.00
2014.12.05 11:47:09.713,2.02235,2.02299,1.37,1.45
2014.12.05 11:47:09.763,2.02236,2.02298,1.50,1.10
2014.12.05 11:47:10.065,2.02236,2.02299,1.37,1.07
2014.12.05 11:47:10.166,2.02238,2.02299,1.37,1.07
2014.12.05 11:47:10.502,2.02243,2.02299,1.37,1.00
2014.12.05 11:47:10.653,2.02244,2.02307,1.37,1.10
2014.12.05 11:47:10.877,2.02253,2.02309,1.00,1.07
2014.12.05 11:47:12.321,2.02254,2.02309,1.00,1.45
2014.12.05 11:47:12.671,2.02254,2.02298,1.00,1.00
2014.12.05 11:47:12.997,2.02244,2.02298,1.37,1.00
2014.12.05 11:47:13.048,2.02244,2.02309,1.37,1.95
2014.12.05 11:47:13.628,2.02243,2.02305,1.37,1.00
2014.12.05 11:47:14.178,2.02243,2.02307,1.37,1.95
2014.12.05 11:47:14.877,2.02244,2.02306,1.37,1.00
2014.12.05 11:47:15.607,2.02243,2.02309,1.37,1.95
2014.12.05 11:47:15.658,2.02243,2.02309,1.50,1.57
2014.12.05 11:47:17.065,2.02243,2.02308,1.37,1.07
2014.12.05 11:47:17.588,2.02243,2.02309,1.37,1.07
2014.12.05 11:47:18.056,2.02243,2.02312,1.75,1.27
2014.12.05 11:47:18.655,2.02244,2.02313,1.87,1.52
2014.12.05 11:47:18.706,2.02243,2.02303,1.37,1.00
2014.12.05 11:47:19.007,2.02244,2.02304,1.37,1.00
2014.12.05 11:47:19.058,2.02244,2.02307,1.37,1.10
2014.12.05 11:47:19.158,2.02244,2.02308,1.75,1.07
2014.12.05 11:47:19.457,2.02244,2.02308,1.37,1.07
2014.12.05 11:47:20.687,2.02243,2.02301,1.37,1.00
2014.12.05 11:47:20.992,2.02234,2.02293,1.37,1.00
2014.12.05 11:47:21.093,2.02234,2.02293,1.00,1.07
2014.12.05 11:47:21.143,2.02234,2.02292,1.00,1.15
2014.12.05 11:47:21.345,2.02232,2.02287,1.00,1.00
2014.12.05 11:47:21.396,2.02223,2.02287,1.37,1.00
2014.12.05 11:47:21.446,2.02224,2.02284,1.12,1.00
2014.12.05 11:47:21.753,2.02224,2.0228,1.00,1.07
2014.12.05 11:47:22.263,2.02224,2.02278,1.00,1.00
2014.12.05 11:47:22.572,2.02224,2.02275,1.00,1.00
2014.12.05 11:47:22.979,2.02224,2.02275,1.37,1.00
2014.12.05 11:47:23.029,2.02223,2.02287,1.37,1.65
2014.12.05 11:47:23.130,2.02224,2.02287,1.37,1.00
2014.12.05 11:47:23.317,2.02234,2.02283,1.00,1.00
2014.12.05 11:47:23.418,2.02234,2.02285,1.00,1.00
2014.12.05 11:47:25.992,2.02234,2.02283,1.00,1.07
2014.12.05 11:47:26.093,2.02223,2.02279,1.00,1.00
2014.12.05 11:47:26.609,2.02224,2.02283,1.00,1.15
2014.12.05 11:47:27.070,2.02223,2.02278,1.00,1.00
2014.12.05 11:47:27.598,2.02224,2.02279,1.00,1.37
2014.12.05 11:47:32.376,2.02224,2.02276,1.00,1.00
2014.12.05 11:47:32.477,2.02224,2.02278,1.00,1.00
2014.12.05 11:47:32.695,2.02224,2.02275,1.00,1.00
2014.12.05 11:47:32.879,2.02224,2.02279,1.00,1.00
2014.12.05 11:47:33.207,2.02224,2.02275,1.00,1.00
2014.12.05 11:47:33.867,2.02224,2.02276,1.00,1.00
2014.12.05 11:47:34.197,2.02224,2.02273,1.00,1.00
2014.12.05 11:47:35.644,2.02223,2.02273,1.00,1.00
2014.12.05 11:47:35.896,2.02224,2.02277,1.00,1.00
2014.12.05 11:47:35.997,2.02224,2.02286,1.00,1.27
2014.12.05 11:47:36.098,2.02234,2.02287,1.00,1.15
2014.12.05 11:47:36.400,2.02234,2.02277,1.00,1.00
2014.12.05 11:47:36.703,2.02234,2.02271,1.00,1.00
2014.12.05 11:47:36.753,2.02224,2.02272,1.00,1.00
2014.12.05 11:47:36.963,2.02224,2.02275,1.00,1.00
2014.12.05 11:47:37.478,2.02224,2.02276,1.00,1.00
2014.12.05 11:47:37.529,2.02224,2.02273,1.00,1.00
2014.12.05 11:47:37.861,2.02224,2.0227,1.00,1.07
2014.12.05 11:47:39.467,2.02224,2.02279,1.00,1.07
2014.12.05 11:47:39.517,2.02224,2.02275,1.00,1.00
2014.12.05 11:47:39.769,2.02223,2.02278,1.12,1.00
2014.12.05 11:47:39.870,2.02224,2.02286,1.00,1.37
2014.12.05 11:47:39.971,2.02223,2.02288,1.37,1.17
2014.12.05 11:47:40.323,2.02232,2.02286,1.00,1.00
2014.12.05 11:47:40.475,2.02233,2.02297,1.00,1.47
2014.12.05 11:47:40.810,2.02234,2.0229,1.00,1.00
2014.12.05 11:47:41.017,2.02234,2.02293,1.00,1.00
2014.12.05 11:47:41.178,2.02234,2.02293,1.00,1.07
2014.12.05 11:47:41.627,2.02234,2.02288,1.00,1.07
2014.12.05 11:47:42.068,2.02234,2.02283,1.00,1.00
2014.12.05 11:47:42.924,2.02234,2.02275,1.00,1.00
2014.12.05 11:47:43.025,2.02224,2.02275,1.00,1.00
2014.12.05 11:47:43.126,2.02223,2.02273,1.00,1.00
2014.12.05 11:47:43.428,2.02214,2.02272,1.00,1.07
2014.12.05 11:47:43.478,2.02214,2.02268,1.00,1.00
2014.12.05 11:47:43.883,2.02214,2.02263,1.00,1.00
2014.12.05 11:47:44.125,2.02213,2.02273,1.00,1.52
2014.12.05 11:47:44.226,2.02203,2.02273,1.12,1.52
2014.12.05 11:47:44.381,2.02203,2.02273,1.75,1.27
2014.12.05 11:47:44.683,2.02214,2.02263,1.00,1.00
2014.12.05 11:47:45.364,2.02214,2.02264,1.00,1.00
2014.12.05 11:47:46.090,2.02214,2.02267,1.12,1.00
2014.12.05 11:47:46.195,2.02204,2.02264,1.37,1.00
2014.12.05 11:47:46.245,2.02204,2.02264,1.75,1.00
2014.12.05 11:47:46.346,2.02204,2.02264,1.37,1.00
2014.12.05 11:47:46.447,2.02204,2.0226,1.37,1.00
2014.12.05 11:47:46.649,2.02203,2.02261,1.37,1.00
2014.12.05 11:47:46.850,2.02203,2.02259,1.37,1.00
2014.12.05 11:47:47.162,2.02203,2.02257,1.37,1.00
2014.12.05 11:47:47.473,2.02214,2.0226,1.00,1.00
2014.12.05 11:47:47.775,2.02213,2.02255,1.00,1.00
2014.12.05 11:47:48.588,2.02203,2.02259,1.37,1.00
2014.12.05 11:47:48.639,2.02213,2.02262,1.00,1.00
2014.12.05 11:47:48.870,2.02213,2.02264,1.00,1.00
2014.12.05 11:47:49.179,2.02214,2.02268,1.00,1.00
2014.12.05 11:47:49.637,2.02214,2.02265,1.00,1.00
2014.12.05 11:47:51.067,2.02214,2.02263,1.00,1.00
2014.12.05 11:47:51.176,2.02204,2.02263,1.37,1.00
2014.12.05 11:47:51.403,2.02204,2.02259,1.00,1.00
2014.12.05 11:47:51.727,2.02203,2.0225,1.00,1.00
2014.12.05 11:47:51.929,2.02203,2.02254,1.00,1.00
2014.12.05 11:47:52.457,2.02203,2.02253,1.37,1.00
2014.12.05 11:47:52.998,2.02203,2.02253,1.00,1.00
2014.12.05 11:47:53.226,2.02203,2.02251,1.00,1.00
2014.12.05 11:47:53.907,2.02203,2.0225,1.00,1.00
2014.12.05 11:47:54.140,2.02203,2.02253,1.00,1.00
2014.12.05 11:47:54.647,2.02203,2.02254,1.00,1.00
2014.12.05 11:47:55.128,2.02204,2.02256,1.00,1.00
2014.12.05 11:47:55.178,2.02204,2.02256,1.37,1.00
2014.12.05 11:47:55.229,2.02203,2.02258,1.37,1.10
2014.12.05 11:47:55.353,2.02203,2.02252,1.37,1.00
2014.12.05 11:47:55.454,2.02203,2.02257,1.37,1.00
2014.12.05 11:47:55.658,2.02204,2.02252,1.37,1.00
2014.12.05 11:47:55.897,2.02203,2.02255,1.50,1.00
2014.12.05 11:47:56.416,2.02203,2.02252,1.50,1.00
2014.12.05 11:47:56.679,2.02203,2.02251,1.37,1.00
2014.12.05 11:47:57.300,2.02203,2.02252,1.00,1.00
2014.12.05 11:47:57.849,2.02204,2.0225,1.00,1.00
2014.12.05 11:48:02.797,2.02203,2.0225,1.00,1.00
2014.12.05 11:48:03.100,2.02203,2.02246,1.00,1.00
2014.12.05 11:48:03.151,2.02204,2.02248,1.00,1.00
2014.12.05 11:48:03.251,2.02204,2.02245,1.00,1.00
2014.12.05 11:48:03.353,2.02204,2.02248,1.00,1.00
2014.12.05 11:48:03.437,2.02204,2.02246,1.00,1.00
2014.12.05 11:48:03.786,2.02204,2.02244,1.00,1.00
2014.12.05 11:48:04.648,2.02204,2.02246,1.00,1.00
2014.12.05 11:48:05.337,2.02194,2.02246,1.37,1.00
2014.12.05 11:48:05.405,2.02194,2.02246,1.75,1.00
2014.12.05 11:48:05.640,2.02194,2.02244,1.37,1.00
2014.12.05 11:48:07.297,2.02202,2.02244,1.00,1.00
2014.12.05 11:48:07.556,2.02194,2.02238,1.00,1.00
2014.12.05 11:48:07.657,2.02194,2.0224,1.00,1.00
2014.12.05 11:48:07.759,2.02194,2.02237,1.00,1.00
2014.12.05 11:48:07.860,2.02191,2.02237,1.00,1.00
2014.12.05 11:48:08.368,2.02191,2.02236,1.00,1.00
2014.12.05 11:48:08.623,2.02183,2.02236,1.12,1.00
2014.12.05 11:48:09.047,2.02183,2.02234,1.12,1.00
2014.12.05 11:48:09.606,2.02183,2.02233,1.12,1.00
2014.12.05 11:48:10.157,2.02183,2.02231,1.00,1.00
2014.12.05 11:48:10.476,2.02183,2.02228,1.00,1.00
2014.12.05 11:48:10.627,2.02181,2.02228,1.00,1.00
2014.12.05 11:48:10.834,2.02174,2.02228,1.37,1.00
2014.12.05 11:48:11.138,2.02174,2.02225,1.12,1.00
2014.12.05 11:48:11.473,2.02173,2.02221,1.00,1.00
2014.12.05 11:48:12.137,2.02174,2.02222,1.00,1.00
2014.12.05 11:48:12.460,2.02174,2.0222,1.37,1.00
2014.12.05 11:48:12.778,2.02183,2.0222,1.00,1.00
2014.12.05 11:48:13.055,2.02184,2.02225,1.00,1.00
2014.12.05 11:48:13.156,2.02173,2.02225,1.00,1.00
2014.12.05 11:48:13.358,2.02174,2.02227,1.00,1.00
2014.12.05 11:48:13.689,2.02183,2.02227,1.00,1.00
2014.12.05 11:48:13.790,2.02184,2.02233,1.00,1.10
2014.12.05 11:48:13.891,2.02184,2.02235,1.00,1.00
2014.12.05 11:48:14.106,2.02183,2.02227,1.00,1.00
2014.12.05 11:48:14.181,2.02173,2.02227,1.82,1.00
2014.12.05 11:48:14.232,2.02173,2.0223,1.82,1.00
2014.12.05 11:48:14.357,2.02183,2.0223,1.00,1.00
2014.12.05 11:48:14.436,2.02183,2.02234,1.00,1.00
2014.12.05 11:48:14.952,2.02183,2.02235,1.00,1.00
2014.12.05 11:48:15.002,2.02183,2.02232,1.00,1.00
2014.12.05 11:48:15.327,2.02183,2.02228,1.00,1.00
2014.12.05 11:48:15.431,2.02183,2.02232,1.00,1.00
2014.12.05 11:48:15.646,2.02183,2.02227,1.00,1.00
2014.12.05 11:48:15.696,2.02173,2.02227,1.37,1.00
2014.12.05 11:48:16.449,2.02174,2.02232,1.12,1.10
2014.12.05 11:48:16.858,2.02174,2.02223,1.12,1.00
2014.12.05 11:48:18.506,2.02174,2.02226,1.12,1.00
2014.12.05 11:48:18.836,2.02174,2.02231,1.12,1.00
2014.12.05 11:48:19.169,2.02173,2.02226,1.37,1.00
2014.12.05 11:48:19.472,2.02183,2.02225,1.00,1.00
2014.12.05 11:48:19.774,2.02183,2.02222,1.00,1.00
2014.12.05 11:48:19.987,2.02174,2.02217,1.00,1.00
2014.12.05 11:48:20.205,2.02174,2.0222,1.00,1.00
2014.12.05 11:48:20.606,2.02184,2.02221,1.00,1.00
2014.12.05 11:48:20.874,2.02174,2.02221,1.00,1.00
2014.12.05 11:48:21.187,2.02173,2.02218,1.00,1.00
2014.12.05 11:48:21.696,2.02173,2.02215,1.00,1.00
2014.12.05 11:48:23.126,2.02173,2.02213,1.00,1.00
2014.12.05 11:48:23.277,2.02173,2.02218,1.00,1.00
2014.12.05 11:48:23.378,2.02169,2.02222,1.00,1.00
2014.12.05 11:48:23.429,2.02163,2.02222,1.37,1.00
2014.12.05 11:48:23.479,2.02163,2.02216,1.37,1.00
2014.12.05 11:48:24.044,2.02163,2.0221,1.37,1.00
2014.12.05 11:48:24.886,2.02163,2.02212,1.37,1.00
2014.12.05 11:48:25.928,2.02163,2.02211,1.37,1.00
2014.12.05 11:48:26.031,2.02163,2.02213,1.37,1.00
2014.12.05 11:48:26.082,2.02163,2.02213,1.37,1.00
2014.12.05 11:48:26.183,2.02163,2.02213,1.37,1.00
2014.12.05 11:48:26.598,2.02163,2.02214,1.75,1.00
2014.12.05 11:48:26.757,2.02163,2.02216,1.75,1.00
2014.12.05 11:48:26.808,2.02163,2.02216,1.37,1.00
2014.12.05 11:48:26.868,2.02163,2.02218,1.37,1.00
2014.12.05 11:48:26.918,2.02173,2.02218,1.00,1.00
2014.12.05 11:48:27.221,2.02164,2.02217,1.20,1.00
2014.12.05 11:48:27.527,2.02163,2.02213,1.45,1.00
2014.12.05 11:48:28.991,2.02163,2.02211,1.37,1.00
2014.12.05 11:48:29.175,2.02163,2.02213,1.37,1.00
2014.12.05 11:48:29.717,2.02163,2.02214,1.00,1.00
2014.12.05 11:48:29.768,2.02163,2.0221,1.00,1.00
2014.12.05 11:48:29.969,2.02163,2.02214,1.37,1.00
2014.12.05 11:48:30.413,2.02174,2.02219,1.00,1.00
2014.12.05 11:48:30.630,2.02174,2.02221,1.00,1.00
2014.12.05 11:48:30.731,2.02174,2.02221,1.37,1.00
2014.12.05 11:48:30.783,2.02174,2.02227,1.37,1.00
2014.12.05 11:48:30.884,2.02174,2.02229,1.37,1.00
2014.12.05 11:48:33.858,2.02174,2.0223,1.37,1.00
2014.12.05 11:48:33.968,2.02174,2.02226,1.37,1.00
2014.12.05 11:48:34.180,2.02174,2.02225,1.00,1.00
2014.12.05 11:48:34.259,2.02174,2.02219,1.00,1.00
2014.12.05 11:48:34.611,2.02174,2.02223,1.00,1.00
2014.12.05 11:48:35.058,2.02174,2.02219,1.00,1.00
2014.12.05 11:48:35.159,2.02173,2.02224,1.00,1.00
2014.12.05 11:48:35.562,2.02174,2.02223,1.37,1.00
2014.12.05 11:48:35.814,2.02183,2.02232,1.00,1.10
2014.12.05 11:48:36.016,2.02194,2.02236,1.00,1.00
2014.12.05 11:48:36.066,2.02194,2.02238,1.00,1.50
2014.12.05 11:48:36.283,2.02193,2.02234,1.00,1.00
2014.12.05 11:48:36.687,2.02194,2.02236,1.00,1.00
2014.12.05 11:48:37.227,2.02194,2.02239,1.00,1.15
2014.12.05 11:48:39.216,2.02194,2.02236,1.00,1.00
2014.12.05 11:48:39.877,2.02194,2.02239,1.00,1.15
2014.12.05 11:48:40.636,2.02194,2.02243,1.00,1.00
2014.12.05 11:48:41.185,2.02194,2.02242,1.00,1.00
2014.12.05 11:48:41.891,2.02194,2.02244,1.00,1.00
2014.12.05 11:48:42.827,2.02193,2.02244,1.00,1.00
2014.12.05 11:48:42.878,2.02193,2.02242,1.00,1.00
2014.12.05 11:48:42.979,2.02193,2.02248,1.37,1.15
2014.12.05 11:48:43.215,2.02203,2.02245,1.00,1.10
2014.12.05 11:48:43.317,2.02204,2.0225,1.00,1.00
2014.12.05 11:48:43.418,2.02203,2.02252,1.00,1.00
2014.12.05 11:48:43.518,2.02203,2.02257,1.00,1.15
2014.12.05 11:48:44.147,2.02203,2.02255,1.37,1.10
2014.12.05 11:48:44.410,2.02203,2.02253,1.00,1.00
2014.12.05 11:48:44.720,2.02203,2.0225,1.00,1.00
2014.12.05 11:48:45.154,2.02203,2.02248,1.00,1.00
2014.12.05 11:48:45.457,2.02203,2.02246,1.00,1.00
2014.12.05 11:48:45.589,2.02203,2.02249,1.00,1.00
2014.12.05 11:48:46.099,2.02203,2.0225,1.00,1.00
2014.12.05 11:48:46.150,2.02203,2.02253,1.00,1.00
2014.12.05 11:48:46.475,2.02203,2.02251,1.00,1.00
2014.12.05 11:48:46.796,2.02203,2.02253,1.00,1.00
2014.12.05 11:48:48.787,2.02203,2.02247,1.00,1.00
2014.12.05 11:48:49.438,2.02203,2.02249,1.00,1.00
2014.12.05 11:48:50.017,2.02204,2.02259,1.00,1.00
2014.12.05 11:48:50.118,2.02204,2.02266,1.00,1.57
2014.12.05 11:48:50.585,2.02204,2.0226,1.00,1.00
2014.12.05 11:48:50.686,2.02203,2.02265,1.00,1.10
2014.12.05 11:48:50.997,2.02204,2.02262,1.00,1.00
2014.12.05 11:48:51.299,2.02203,2.02257,1.00,1.00
2014.12.05 11:48:51.822,2.02204,2.02257,1.00,1.00
2014.12.05 11:48:52.108,2.02194,2.02254,1.07,1.00
2014.12.05 11:48:52.159,2.02194,2.02254,1.00,1.00
2014.12.05 11:48:52.310,2.02194,2.02249,1.00,1.00
2014.12.05 11:48:52.813,2.02193,2.02248,1.00,1.00
2014.12.05 11:48:53.142,2.02183,2.02243,1.75,1.00
2014.12.05 11:48:53.444,2.02194,2.0224,1.00,1.00
2014.12.05 11:48:53.545,2.02183,2.0224,1.75,1.00
2014.12.05 11:48:53.645,2.02194,2.02238,1.00,1.00
2014.12.05 11:48:53.746,2.02183,2.02241,1.37,1.00
2014.12.05 11:48:53.797,2.02183,2.02241,1.50,1.00
2014.12.05 11:48:54.322,2.02183,2.0224,1.50,1.00
2014.12.05 11:48:54.423,2.02183,2.02243,1.37,1.00
2014.12.05 11:48:54.829,2.02184,2.0224,1.12,1.00
2014.12.05 11:48:55.131,2.02184,2.02233,1.00,1.00
2014.12.05 11:48:55.433,2.02173,2.02227,1.37,1.00
2014.12.05 11:48:55.596,2.02173,2.02229,1.37,1.00
2014.12.05 11:48:55.698,2.02184,2.02229,1.00,1.00
2014.12.05 11:48:55.748,2.02184,2.02235,1.37,1.00
2014.12.05 11:48:55.950,2.02183,2.02238,1.37,1.00
2014.12.05 11:48:56.151,2.02184,2.02241,1.37,1.00
2014.12.05 11:48:57.049,2.02184,2.02241,1.52,1.00
2014.12.05 11:48:57.496,2.02183,2.02239,1.45,1.00
2014.12.05 11:48:57.597,2.02184,2.02237,1.00,1.00
2014.12.05 11:48:57.798,2.02184,2.02228,1.00,1.00
2014.12.05 11:48:57.899,2.02174,2.02228,1.52,1.00
2014.12.05 11:48:58.236,2.02173,2.02224,1.52,1.00
2014.12.05 11:48:58.665,2.02183,2.02224,1.00,1.00
2014.12.05 11:48:58.786,2.02174,2.02224,1.52,1.00
2014.12.05 11:49:02.117,2.02183,2.02224,1.00,1.00
2014.12.05 11:49:02.297,2.02173,2.02225,1.90,1.00
2014.12.05 11:49:02.405,2.02183,2.02225,1.00,1.00
2014.12.05 11:49:02.627,2.02174,2.02225,1.65,1.00
2014.12.05 11:49:03.266,2.02174,2.02225,1.37,1.00
2014.12.05 11:49:03.775,2.02174,2.02226,1.37,1.00
2014.12.05 11:49:03.885,2.02173,2.02224,1.37,1.00
2014.12.05 11:49:04.226,2.02183,2.02231,1.00,1.00
2014.12.05 11:49:04.735,2.02183,2.02232,1.00,1.00
2014.12.05 11:49:05.716,2.02183,2.02234,1.00,1.00
2014.12.05 11:49:05.867,2.02184,2.02236,1.12,1.00
2014.12.05 11:49:06.283,2.02183,2.02234,1.00,1.00
2014.12.05 11:49:06.365,2.02174,2.02234,1.75,1.00
2014.12.05 11:49:06.516,2.02174,2.02228,1.75,1.00
2014.12.05 11:49:07.376,2.02173,2.02227,1.75,1.00
2014.12.05 11:49:07.637,2.02173,2.02223,1.37,1.00
2014.12.05 11:49:10.817,2.02173,2.02227,1.37,1.00
2014.12.05 11:49:11.018,2.02173,2.02225,1.37,1.00
2014.12.05 11:49:11.546,2.02173,2.02224,1.37,1.00
2014.12.05 11:49:13.345,2.02173,2.02226,1.37,1.00
2014.12.05 11:49:16.757,2.02173,2.02227,1.37,1.00
2014.12.05 11:49:16.945,2.02174,2.02225,1.37,1.00
2014.12.05 11:49:17.606,2.02173,2.02228,1.37,1.00
2014.12.05 11:49:18.585,2.02173,2.02225,1.37,1.00
2014.12.05 11:49:21.224,2.02173,2.02222,1.37,1.00
2014.12.05 11:49:22.109,2.02173,2.02222,1.37,1.00
2014.12.05 11:49:22.654,2.02173,2.02224,1.37,1.00
2014.12.05 11:49:24.194,2.02173,2.02223,1.37,1.00
2014.12.05 11:49:24.868,2.02173,2.02225,1.37,1.00
2014.12.05 11:49:25.385,2.02173,2.02225,1.00,1.00
2014.12.05 11:49:25.436,2.02164,2.02223,1.82,1.00
2014.12.05 11:49:25.738,2.02164,2.02215,1.45,1.00
2014.12.05 11:49:25.789,2.02164,2.02215,1.45,1.00
2014.12.05 11:49:25.890,2.02163,2.02219,1.55,1.00
2014.12.05 11:49:26.091,2.02163,2.02215,1.37,1.00
2014.12.05 11:49:26.396,2.02153,2.02212,1.90,1.00
2014.12.05 11:49:26.730,2.02153,2.02208,1.90,1.00
2014.12.05 11:49:26.881,2.02153,2.02215,1.90,1.00
2014.12.05 11:49:26.981,2.02154,2.02213,1.55,1.00
2014.12.05 11:49:27.107,2.02154,2.02213,1.47,1.00
2014.12.05 11:49:27.208,2.02154,2.02211,1.37,1.00
2014.12.05 11:49:27.616,2.02153,2.02216,1.37,1.07
2014.12.05 11:49:27.717,2.02153,2.0221,1.37,1.00
2014.12.05 11:49:27.956,2.02154,2.02213,1.37,1.00
2014.12.05 11:49:28.007,2.02154,2.02213,1.12,1.00
2014.12.05 11:49:30.034,2.02154,2.02212,1.12,1.00
2014.12.05 11:49:30.363,2.02154,2.02207,1.12,1.00
2014.12.05 11:49:30.666,2.02153,2.02203,1.00,1.00
2014.12.05 11:49:30.784,2.02143,2.02203,1.50,1.00
2014.12.05 11:49:30.915,2.02143,2.02207,1.50,1.10
2014.12.05 11:49:31.117,2.02154,2.02208,1.00,1.17
2014.12.05 11:49:31.633,2.02154,2.02204,1.00,1.00
2014.12.05 11:49:33.106,2.02154,2.02205,1.00,1.00
2014.12.05 11:49:33.436,2.02154,2.02207,1.00,1.10
2014.12.05 11:49:33.691,2.02154,2.02203,1.00,1.00
2014.12.05 11:49:33.806,2.02154,2.02206,1.00,1.00
2014.12.05 11:49:34.326,2.02143,2.02207,1.50,1.57
2014.12.05 11:49:34.427,2.02143,2.022,1.12,1.00
2014.12.05 11:49:34.729,2.02144,2.02196,1.37,1.00
2014.12.05 11:49:34.779,2.02144,2.02199,1.37,1.00
2014.12.05 11:49:34.880,2.02144,2.02201,1.37,1.00
2014.12.05 11:49:34.931,2.02144,2.02201,1.12,1.00
2014.12.05 11:49:35.585,2.02143,2.022,1.37,1.00
2014.12.05 11:49:35.856,2.02133,2.02197,1.52,1.00
2014.12.05 11:49:36.007,2.02134,2.02194,1.65,1.00
2014.12.05 11:49:36.334,2.02133,2.02195,1.90,1.00
2014.12.05 11:49:36.916,2.02133,2.02196,1.90,1.00
2014.12.05 11:49:37.299,2.02133,2.022,1.90,1.00
2014.12.05 11:49:37.856,2.02133,2.02199,1.90,1.00
2014.12.05 11:49:37.959,2.02133,2.02197,1.90,1.50
2014.12.05 11:49:38.555,2.02134,2.02196,1.75,1.50
2014.12.05 11:49:39.926,2.02134,2.02194,1.75,1.00
2014.12.05 11:49:40.465,2.02134,2.02193,1.37,1.00
2014.12.05 11:49:40.566,2.02134,2.02192,1.12,1.00
2014.12.05 11:49:40.817,2.02133,2.02189,1.37,1.00
2014.12.05 11:49:41.209,2.02124,2.02186,1.90,1.00
2014.12.05 11:49:42.376,2.02123,2.02187,1.90,1.00
2014.12.05 11:49:44.337,2.02123,2.02187,1.52,1.00
2014.12.05 11:49:44.438,2.02123,2.02181,1.52,1.00
2014.12.05 11:49:44.488,2.02123,2.02181,1.37,1.00
2014.12.05 11:49:45.016,2.02123,2.02185,1.37,1.00
2014.12.05 11:49:45.167,2.02123,2.02185,1.90,1.00
2014.12.05 11:49:45.318,2.02123,2.02187,1.90,1.00
2014.12.05 11:49:45.935,2.02123,2.02187,1.90,1.00
2014.12.05 11:49:47.539,2.02123,2.02187,1.90,1.50
2014.12.05 11:49:48.315,2.02134,2.02187,1.00,1.00
2014.12.05 11:49:48.516,2.02134,2.02191,1.37,1.00
2014.12.05 11:49:48.770,2.02134,2.02195,1.37,1.00
2014.12.05 11:49:48.975,2.02133,2.02191,1.37,1.00
2014.12.05 11:49:49.554,2.02133,2.02192,1.37,1.00
2014.12.05 11:49:50.395,2.02133,2.02187,1.37,1.00
2014.12.05 11:49:50.957,2.02133,2.0219,1.37,1.00
2014.12.05 11:49:51.474,2.02133,2.02192,1.37,1.00
2014.12.05 11:49:53.583,2.02134,2.02193,1.37,1.00
2014.12.05 11:49:53.895,2.02134,2.02191,1.37,1.00
2014.12.05 11:49:54.572,2.02134,2.02191,1.00,1.00
2014.12.05 11:49:55.177,2.02133,2.02192,1.37,1.00
2014.12.05 11:49:55.279,2.02134,2.02196,1.37,1.00
2014.12.05 11:49:55.329,2.02134,2.02196,1.75,1.00
2014.12.05 11:49:55.431,2.02144,2.02206,1.37,1.00
2014.12.05 11:49:55.683,2.02143,2.02207,1.82,1.00
2014.12.05 11:49:55.985,2.02164,2.02224,1.37,1.07
2014.12.05 11:49:56.036,2.02164,2.02224,1.37,1.00
2014.12.05 11:49:56.684,2.02163,2.02223,1.37,1.00
2014.12.05 11:49:56.984,2.02163,2.02223,1.37,1.07
2014.12.05 11:49:57.694,2.02164,2.02219,1.37,1.00
2014.12.05 11:49:57.923,2.02164,2.02221,1.37,1.10
2014.12.05 11:49:59.591,2.02164,2.02221,1.00,1.47
2014.12.05 11:49:59.642,2.02153,2.02217,1.47,1.00
2014.12.05 11:49:59.743,2.02164,2.02219,1.00,1.00
2014.12.05 11:50:00.045,2.02164,2.02215,1.00,1.00
2014.12.05 11:50:00.600,2.02163,2.02216,1.00,1.00
2014.12.05 11:50:00.902,2.02163,2.02209,1.00,1.00
2014.12.05 11:50:01.555,2.02163,2.02208,1.00,1.00
2014.12.05 11:50:02.162,2.02164,2.02209,1.00,1.00
2014.12.05 11:50:03.126,2.02154,2.02209,1.37,1.00
2014.12.05 11:50:03.358,2.02164,2.02209,1.00,1.00
2014.12.05 11:50:03.573,2.02153,2.02208,1.47,1.00
2014.12.05 11:50:03.624,2.02153,2.02208,1.10,1.00
2014.12.05 11:50:03.926,2.02144,2.02206,1.61,1.00
2014.12.05 11:50:08.186,2.02153,2.02208,1.10,1.00
2014.12.05 11:50:08.737,2.02144,2.02207,1.24,1.00
2014.12.05 11:50:08.939,2.02144,2.02206,1.16,1.37
2014.12.05 11:50:09.140,2.02146,2.02206,1.50,1.00
2014.12.05 11:50:09.191,2.02153,2.02209,1.00,1.00
2014.12.05 11:50:09.449,2.02154,2.02208,1.37,1.00
2014.12.05 11:50:09.661,2.02154,2.02209,1.00,1.00
2014.12.05 11:50:09.812,2.02154,2.02215,1.00,1.15
2014.12.05 11:50:10.141,2.02154,2.02216,1.50,1.65
2014.12.05 11:50:10.498,2.02154,2.02216,1.57,1.57
2014.12.05 11:50:10.549,2.02154,2.02216,1.57,1.00
2014.12.05 11:50:10.987,2.02154,2.02216,1.85,1.00
2014.12.05 11:50:11.197,2.02164,2.02219,1.00,1.00
2014.12.05 11:50:11.396,2.02155,2.02216,1.75,1.00
2014.12.05 11:50:11.916,2.02155,2.02217,1.75,1.00
2014.12.05 11:50:14.446,2.02155,2.02217,1.90,1.00
2014.12.05 11:50:14.497,2.02163,2.02223,1.65,1.00
2014.12.05 11:50:14.547,2.02163,2.02221,1.65,1.00
2014.12.05 11:50:14.648,2.02163,2.02227,3.49,1.00
2014.12.05 11:50:14.900,2.02174,2.02234,1.12,1.17
2014.12.05 11:50:15.000,2.02174,2.02228,1.12,1.00
2014.12.05 11:50:15.302,2.02174,2.02236,1.12,1.15
2014.12.05 11:50:15.950,2.02174,2.02236,1.37,1.15
2014.12.05 11:50:16.476,2.02174,2.02236,1.55,1.07
2014.12.05 11:50:19.399,2.02174,2.02236,1.17,1.20
2014.12.05 11:50:19.702,2.02174,2.02236,1.92,1.07
2014.12.05 11:50:19.856,2.02174,2.02236,1.55,1.07
2014.12.05 11:50:19.908,2.02173,2.02237,1.99,1.17
2014.12.05 11:50:20.846,2.02183,2.02239,1.00,1.15
2014.12.05 11:50:21.451,2.02184,2.02241,1.12,1.15
2014.12.05 11:50:22.969,2.02174,2.02241,1.92,1.15
2014.12.05 11:50:23.271,2.02183,2.02245,1.37,2.70
2014.12.05 11:50:23.956,2.02174,2.02236,1.92,1.07
2014.12.05 11:50:24.258,2.02173,2.02237,1.99,1.17
2014.12.05 11:50:24.561,2.02173,2.02237,1.61,1.65
2014.12.05 11:50:30.457,2.02177,2.02237,1.95,1.50
2014.12.05 11:50:31.856,2.02174,2.02237,2.32,1.07
2014.12.05 11:50:31.907,2.02173,2.02237,1.61,1.17
2014.12.05 11:50:35.137,2.02173,2.02237,1.24,2.02
2014.12.05 11:50:35.731,2.02174,2.02232,1.15,1.00
2014.12.05 11:50:36.249,2.02174,2.02234,1.15,1.37
2014.12.05 11:50:36.656,2.02174,2.02236,1.15,1.45
2014.12.05 11:50:36.706,2.02174,2.02218,1.00,1.00
2014.12.05 11:50:37.210,2.02174,2.02219,1.00,1.00
2014.12.05 11:50:37.567,2.02184,2.02229,1.00,1.00
2014.12.05 11:50:37.820,2.02184,2.02237,1.00,1.07
2014.12.05 11:50:39.003,2.02183,2.02238,1.00,1.17
2014.12.05 11:50:40.876,2.02193,2.02238,1.00,1.07
2014.12.05 11:50:40.927,2.02193,2.02238,1.00,1.00
2014.12.05 11:50:41.128,2.02194,2.02229,1.00,1.00
2014.12.05 11:50:41.325,2.02194,2.02239,1.07,1.00
2014.12.05 11:50:41.865,2.02194,2.02248,1.07,1.00
2014.12.05 11:50:42.430,2.02194,2.02249,1.07,1.00
2014.12.05 11:50:43.286,2.02194,2.02258,1.07,1.52
2014.12.05 11:50:43.866,2.02204,2.02258,1.00,1.27
2014.12.05 11:50:47.715,2.02204,2.02259,1.00,1.90
2014.12.05 11:50:47.816,2.02193,2.02257,1.17,1.52
2014.12.05 11:50:47.917,2.02193,2.02238,1.17,1.00
2014.12.05 11:50:48.260,2.02193,2.02238,1.00,1.00
2014.12.05 11:50:48.788,2.02193,2.02255,1.00,2.70
2014.12.05 11:50:49.688,2.02194,2.02255,1.00,1.95
2014.12.05 11:50:49.739,2.02194,2.02256,1.10,1.27
2014.12.05 11:50:50.548,2.02194,2.02248,1.20,1.00
2014.12.05 11:50:50.655,2.02194,2.02256,1.20,1.15
2014.12.05 11:50:50.756,2.02203,2.02258,1.00,1.15
2014.12.05 11:50:51.243,2.02194,2.02259,1.20,1.65
2014.12.05 11:50:52.066,2.02194,2.02258,1.54,1.15
2014.12.05 11:50:53.076,2.02194,2.02248,1.54,1.00
2014.12.05 11:50:53.843,2.02194,2.02248,1.81,1.00
2014.12.05 11:50:54.098,2.02194,2.02258,1.54,1.65
2014.12.05 11:50:54.199,2.02204,2.02258,1.00,1.15
2014.12.05 11:50:54.605,2.02194,2.02258,1.54,1.15
2014.12.05 11:50:54.656,2.02194,2.02248,1.54,1.00
2014.12.05 11:50:54.875,2.02194,2.02258,1.54,1.65
2014.12.05 11:50:55.155,2.02203,2.02258,1.00,1.15
2014.12.05 11:50:55.486,2.02193,2.02248,1.89,1.00
2014.12.05 11:50:56.045,2.02193,2.02249,1.89,1.00
2014.12.05 11:50:57.808,2.02193,2.02248,1.89,1.00
2014.12.05 11:50:58.337,2.02193,2.02248,1.89,1.00
2014.12.05 11:50:58.785,2.02203,2.02248,1.00,1.00
2014.12.05 11:50:59.126,2.02203,2.02258,1.00,1.15
2014.12.05 11:51:00.032,2.02203,2.02258,1.10,1.00
2014.12.05 11:51:01.104,2.02203,2.02259,1.10,1.00
2014.12.05 11:51:03.305,2.02203,2.02258,1.10,1.00
2014.12.05 11:51:03.855,2.02203,2.02259,1.10,1.00
2014.12.05 11:51:04.517,2.02194,2.02258,1.86,1.00
2014.12.05 11:51:04.949,2.02194,2.02256,1.86,1.00
2014.12.05 11:51:05.252,2.02193,2.02257,1.79,1.15
2014.12.05 11:51:05.353,2.02193,2.02257,1.07,1.52
2014.12.05 11:51:05.875,2.02194,2.02249,1.10,1.00
2014.12.05 11:51:06.378,2.02184,2.02248,1.65,1.00
2014.12.05 11:51:06.935,2.02183,2.02247,3.45,1.00
2014.12.05 11:51:07.236,2.02183,2.02248,1.55,1.15
2014.12.05 11:51:07.647,2.02184,2.02246,1.10,1.52
2014.12.05 11:51:07.964,2.02184,2.02239,1.10,1.00
2014.12.05 11:51:08.625,2.02184,2.02246,1.10,1.15
2014.12.05 11:51:09.359,2.02184,2.02239,1.10,1.00
2014.12.05 11:51:09.661,2.02194,2.02244,1.00,1.10
2014.12.05 11:51:09.812,2.02184,2.02246,1.10,1.52
2014.12.05 11:51:09.913,2.02184,2.02246,1.47,1.15
2014.12.05 11:51:10.265,2.02174,2.02243,1.17,1.15
2014.12.05 11:51:12.862,2.02166,2.02237,2.32,1.65
2014.12.05 11:51:15.169,2.02166,2.02231,2.32,1.00
2014.12.05 11:51:15.717,2.02173,2.02232,1.15,1.12
2014.12.05 11:51:16.108,2.02173,2.02232,1.00,1.27
2014.12.05 11:51:16.936,2.02174,2.02232,1.00,1.27
2014.12.05 11:51:17.441,2.02173,2.02235,1.00,1.27
2014.12.05 11:51:18.700,2.02164,2.02232,1.27,1.52
2014.12.05 11:51:18.966,2.02163,2.02225,1.15,1.00
2014.12.05 11:51:19.511,2.02163,2.02227,1.15,1.95
2014.12.05 11:51:20.190,2.02163,2.02227,1.52,1.10
2014.12.05 11:51:31.894,2.02164,2.02226,1.27,1.00
2014.12.05 11:51:32.562,2.02163,2.02227,1.52,1.10
2014.12.05 11:51:33.408,2.02163,2.02227,1.65,1.10
2014.12.05 11:51:33.956,2.02164,2.02226,1.52,1.00
2014.12.05 11:51:34.592,2.02164,2.02226,1.27,1.00
2014.12.05 11:51:35.167,2.02164,2.02226,1.90,1.00
2014.12.05 11:51:35.319,2.02184,2.02239,1.00,1.17
2014.12.05 11:51:35.521,2.02184,2.02246,1.20,1.07
2014.12.05 11:51:35.672,2.02183,2.02247,1.55,1.17
2014.12.05 11:51:35.924,2.02194,2.02256,1.00,1.45
2014.12.05 11:51:35.974,2.02193,2.02257,1.75,1.57
2014.12.05 11:51:36.429,2.02192,2.02248,1.75,1.00
2014.12.05 11:51:36.479,2.02184,2.02248,1.90,1.00
2014.12.05 11:51:36.681,2.02194,2.02249,1.46,1.07
2014.12.05 11:51:36.882,2.02203,2.02259,1.00,1.07
2014.12.05 11:51:37.084,2.02203,2.02249,1.00,1.00
2014.12.05 11:51:37.615,2.02204,2.02248,1.00,1.10
2014.12.05 11:51:37.826,2.02193,2.02248,1.37,1.10
2014.12.05 11:51:37.877,2.02193,2.02248,1.00,1.10
2014.12.05 11:51:38.079,2.02193,2.02256,1.00,1.37
2014.12.05 11:51:38.179,2.02193,2.02256,1.00,1.45
2014.12.05 11:51:38.381,2.02183,2.02249,1.37,1.87
2014.12.05 11:51:38.833,2.02194,2.02249,1.00,1.00
2014.12.05 11:51:39.113,2.02193,2.02259,1.37,1.07
2014.12.05 11:51:39.164,2.02193,2.02259,1.12,1.07
2014.12.05 11:51:40.307,2.02193,2.02259,1.37,1.57
2014.12.05 11:51:40.915,2.02193,2.02257,1.00,1.12
2014.12.05 11:51:41.115,2.02193,2.02257,1.37,1.00
2014.12.05 11:51:41.419,2.02203,2.02258,1.00,1.10
2014.12.05 11:51:41.620,2.02204,2.02266,1.37,1.00
2014.12.05 11:51:41.721,2.02204,2.02262,1.37,1.00
2014.12.05 11:51:42.023,2.02203,2.02267,1.00,1.47
2014.12.05 11:51:42.142,2.02204,2.02258,1.00,1.00
2014.12.05 11:51:42.242,2.02204,2.02266,1.00,1.87
2014.12.05 11:51:42.343,2.02203,2.02249,1.00,1.00
2014.12.05 11:51:42.444,2.02203,2.02259,1.12,1.00
2014.12.05 11:51:43.085,2.02203,2.02259,1.37,1.00
2014.12.05 11:51:44.075,2.02203,2.02259,1.75,1.00
2014.12.05 11:51:44.443,2.02214,2.02259,1.00,1.00
2014.12.05 11:51:44.695,2.02213,2.02268,1.00,1.00
2014.12.05 11:51:45.232,2.02214,2.02268,1.00,1.00
2014.12.05 11:51:45.784,2.02213,2.02269,1.00,1.00
2014.12.05 11:51:47.203,2.02213,2.02268,1.75,1.00
2014.12.05 11:51:47.505,2.02224,2.02268,1.00,1.00
2014.12.05 11:51:47.659,2.02224,2.02279,1.00,1.10
2014.12.05 11:51:49.418,2.02224,2.02286,1.00,1.12
2014.12.05 11:51:50.038,2.02224,2.02278,1.00,1.00
2014.12.05 11:51:50.291,2.02213,2.02279,1.00,1.47
2014.12.05 11:51:50.594,2.02213,2.02268,1.00,1.00
2014.12.05 11:51:50.904,2.02214,2.02268,1.37,1.00
2014.12.05 11:51:50.954,2.02214,2.02276,1.37,1.00
2014.12.05 11:51:52.273,2.02214,2.02278,1.37,1.00
2014.12.05 11:51:52.374,2.02223,2.02278,1.00,1.00
2014.12.05 11:51:52.575,2.02213,2.02279,1.12,1.20
2014.12.05 11:51:52.725,2.02213,2.02278,1.00,1.37
2014.12.05 11:51:53.052,2.02214,2.02275,1.00,1.37
2014.12.05 11:51:53.555,2.02214,2.02269,1.00,1.00
2014.12.05 11:51:53.794,2.02203,2.02267,1.37,1.00
2014.12.05 11:51:54.058,2.02204,2.02263,1.00,1.00
2014.12.05 11:51:54.360,2.02204,2.02253,1.00,1.00
2014.12.05 11:51:54.695,2.02194,2.02245,1.09,1.00
2014.12.05 11:51:55.513,2.02194,2.02247,1.09,1.00
2014.12.05 11:51:55.614,2.02194,2.0225,1.09,1.07
2014.12.05 11:51:56.335,2.02203,2.02255,1.00,1.00
2014.12.05 11:51:57.063,2.02203,2.0226,1.00,1.27
2014.12.05 11:51:57.726,2.02203,2.02265,1.37,1.15
2014.12.05 11:51:57.877,2.02203,2.0227,1.37,1.52
2014.12.05 11:51:58.103,2.02214,2.02269,1.00,1.27
2014.12.05 11:52:01.119,2.02214,2.02276,1.00,1.90
2014.12.05 11:52:01.170,2.02209,2.02266,1.00,1.12
2014.12.05 11:52:01.271,2.02205,2.02266,1.00,1.12
2014.12.05 11:52:01.542,2.02208,2.02268,1.00,1.45
2014.12.05 11:52:01.855,2.02205,2.02276,1.37,2.40
2014.12.05 11:52:06.152,2.02204,2.02274,1.75,1.52
2014.12.05 11:52:06.457,2.02203,2.02277,2.02,2.32
2014.12.05 11:52:06.575,2.02203,2.02267,1.52,1.00
2014.12.05 11:52:06.915,2.02204,2.02266,1.90,1.00
2014.12.05 11:52:07.308,2.02204,2.02266,1.65,1.00
2014.12.05 11:52:07.895,2.02203,2.02267,1.90,1.00
2014.12.05 11:52:08.640,2.02204,2.02266,1.65,1.00
2014.12.05 11:52:10.209,2.02204,2.02266,1.15,1.00
2014.12.05 11:52:10.742,2.02203,2.02267,1.15,1.37
2014.12.05 11:52:10.997,2.02203,2.02267,1.00,1.52
2014.12.05 11:52:12.585,2.02193,2.02267,1.90,1.52
2014.12.05 11:52:12.686,2.02198,2.02267,1.75,1.15
2014.12.05 11:52:12.787,2.02196,2.02266,1.90,1.00
2014.12.05 11:52:12.879,2.02196,2.02266,1.52,1.37
2014.12.05 11:52:13.560,2.02196,2.02266,1.37,1.52
2014.12.05 11:52:13.610,2.02196,2.02256,1.37,1.00
2014.12.05 11:52:13.711,2.02194,2.02256,1.45,1.00
2014.12.05 11:52:15.194,2.02194,2.02256,1.07,1.00
2014.12.05 11:52:15.706,2.02194,2.02256,1.45,1.00
2014.12.05 11:52:15.883,2.02194,2.02262,1.45,1.47
2014.12.05 11:52:16.558,2.02196,2.02266,1.00,1.90
2014.12.05 11:52:17.094,2.02193,2.02257,1.07,1.12
2014.12.05 11:52:17.346,2.02184,2.02256,1.95,1.52
2014.12.05 11:52:17.447,2.02186,2.02256,1.75,1.52
2014.12.05 11:52:17.749,2.02194,2.02256,1.07,1.17
2014.12.05 11:52:18.054,2.02184,2.02256,2.25,1.27
2014.12.05 11:52:18.104,2.02183,2.02255,1.45,1.95
2014.12.05 11:52:18.244,2.02184,2.02246,1.57,1.17
2014.12.05 11:52:18.547,2.02183,2.02238,1.00,1.15
2014.12.05 11:52:19.875,2.02174,2.02239,1.55,1.15
2014.12.05 11:52:21.233,2.02174,2.02245,2.40,1.52
2014.12.05 11:52:21.435,2.02184,2.02246,1.45,1.07
2014.12.05 11:52:21.653,2.02184,2.02253,1.45,1.27
2014.12.05 11:52:23.584,2.02194,2.02253,1.00,1.27
2014.12.05 11:52:23.685,2.02194,2.02253,1.07,1.10
2014.12.05 11:52:25.934,2.02194,2.02248,1.07,1.00
2014.12.05 11:52:26.266,2.02185,2.02241,1.95,1.12
2014.12.05 11:52:26.316,2.02183,2.02241,1.15,1.12
2014.12.05 11:52:26.417,2.02183,2.02231,1.00,1.00
2014.12.05 11:52:26.518,2.02184,2.02234,1.00,1.00
2014.12.05 11:52:27.035,2.02184,2.02229,1.00,1.00
2014.12.05 11:52:27.154,2.02184,2.02235,1.00,1.00
2014.12.05 11:52:27.658,2.02184,2.02241,1.00,1.15
2014.12.05 11:52:28.231,2.02184,2.02245,1.20,1.10
2014.12.05 11:52:29.052,2.02183,2.02246,1.07,1.52
2014.12.05 11:52:29.354,2.02183,2.02246,1.00,3.07
2014.12.05 11:52:29.633,2.02174,2.02236,1.52,1.07
2014.12.05 11:52:30.145,2.02173,2.02236,1.15,1.45
2014.12.05 11:52:30.754,2.02173,2.02237,1.15,1.20
2014.12.05 11:52:31.294,2.02174,2.02236,1.15,1.45
2014.12.05 11:52:32.197,2.02173,2.02237,1.27,1.45
2014.12.05 11:52:34.284,2.02175,2.02245,2.32,1.45
2014.12.05 11:52:34.335,2.02179,2.02246,1.15,1.50
2014.12.05 11:52:34.866,2.02183,2.02239,1.15,1.00
2014.12.05 11:52:35.234,2.02174,2.02239,1.52,1.65
2014.12.05 11:52:35.756,2.02174,2.02234,1.52,1.00
2014.12.05 11:52:35.907,2.02173,2.02234,1.00,1.15
2014.12.05 11:52:36.058,2.02173,2.02223,1.00,1.00
2014.12.05 11:52:36.168,2.02163,2.02223,1.86,1.00
2014.12.05 11:52:36.218,2.02163,2.02223,1.34,1.15
2014.12.05 11:52:37.254,2.02173,2.02222,1.00,1.15
2014.12.05 11:52:37.811,2.02174,2.02226,1.00,1.00
2014.12.05 11:52:38.179,2.02173,2.0223,1.00,1.07
2014.12.05 11:52:39.511,2.02173,2.02235,1.37,1.15
2014.12.05 11:52:39.612,2.02174,2.02235,1.37,1.15
2014.12.05 11:52:39.914,2.02183,2.02228,1.00,1.00
2014.12.05 11:52:40.555,2.02183,2.02238,1.00,1.15
2014.12.05 11:52:41.206,2.02183,2.02228,1.00,1.00
2014.12.05 11:52:45.659,2.02183,2.02236,1.00,1.15
2014.12.05 11:52:45.710,2.02173,2.02236,1.00,1.15
2014.12.05 11:52:45.911,2.02173,2.02237,1.07,1.20
2014.12.05 11:52:45.962,2.02184,2.02238,1.00,1.00
2014.12.05 11:52:50.125,2.02184,2.02244,1.00,1.52
2014.12.05 11:52:50.186,2.02184,2.02242,1.00,1.55
2014.12.05 11:52:50.237,2.02173,2.02242,1.15,1.92
2014.12.05 11:52:52.131,2.02173,2.02236,1.15,1.37
2014.12.05 11:52:53.063,2.02174,2.02236,1.15,2.25
2014.12.05 11:52:53.265,2.02173,2.02231,1.00,1.82
2014.12.05 11:52:53.466,2.02163,2.02228,1.15,1.75
2014.12.05 11:52:53.873,2.02164,2.02226,1.15,1.87
2014.12.05 11:52:55.143,2.02164,2.02226,1.15,1.87
2014.12.05 11:52:55.594,2.02164,2.02226,1.15,1.50
2014.12.05 11:52:56.215,2.02163,2.02227,1.15,1.87
2014.12.05 11:52:59.154,2.02163,2.02227,1.15,2.25
2014.12.05 11:52:59.873,2.02163,2.02225,1.10,1.52
2014.12.05 11:53:00.456,2.02164,2.02226,1.00,1.52
2014.12.05 11:53:01.095,2.02163,2.02227,1.10,2.02
2014.12.05 11:53:01.196,2.02163,2.02227,1.10,2.40
2014.12.05 11:53:01.412,2.02163,2.02226,1.10,1.52
2014.12.05 11:53:01.462,2.02163,2.02226,1.07,1.45
2014.12.05 11:53:01.513,2.02163,2.02226,1.15,1.37
2014.12.05 11:53:02.158,2.02163,2.02227,1.15,1.37
2014.12.05 11:53:02.380,2.02163,2.02231,1.52,1.45
2014.12.05 11:53:02.543,2.02174,2.02233,1.00,1.55
2014.12.05 11:53:03.104,2.02174,2.02236,1.00,1.90
2014.12.05 11:53:04.723,2.02163,2.02233,1.15,1.92
2014.12.05 11:53:05.041,2.02164,2.02226,1.15,1.37
2014.12.05 11:53:05.601,2.02164,2.02226,1.15,1.00
2014.12.05 11:53:10.177,2.02164,2.02226,1.15,1.87
2014.12.05 11:53:10.411,2.02164,2.02226,1.00,2.02
2014.12.05 11:53:13.763,2.02156,2.02226,1.52,2.02
2014.12.05 11:53:14.319,2.02164,2.02226,1.00,2.02
2014.12.05 11:53:14.369,2.02164,2.02218,1.00,1.12
2014.12.05 11:53:14.903,2.02153,2.02218,1.52,1.12
2014.12.05 11:53:15.282,2.02154,2.02216,1.27,1.00
2014.12.05 11:53:15.612,2.02153,2.02218,1.52,1.12
2014.12.05 11:53:16.497,2.02154,2.02216,1.27,1.00
2014.12.05 11:53:16.804,2.02144,2.02213,1.52,1.47
2014.12.05 11:53:16.905,2.02154,2.02213,1.10,1.57
2014.12.05 11:53:17.975,2.02154,2.02213,1.10,1.65
2014.12.05 11:53:18.176,2.02144,2.02206,1.07,1.45
2014.12.05 11:53:18.583,2.02154,2.02206,1.00,1.45
2014.12.05 11:53:18.802,2.02143,2.02207,1.17,1.55
2014.12.05 11:53:19.099,2.02143,2.02201,1.17,1.00
2014.12.05 11:53:19.429,2.02144,2.02206,1.07,1.45
2014.12.05 11:53:19.873,2.02144,2.02204,1.07,1.37
2014.12.05 11:53:20.208,2.02143,2.02198,1.17,1.00
2014.12.05 11:53:21.424,2.02144,2.022,1.07,1.00
2014.12.05 11:53:21.654,2.02144,2.02198,1.07,1.00
2014.12.05 11:53:23.176,2.02134,2.02199,3.07,1.12
2014.12.05 11:53:23.562,2.02134,2.02196,3.07,1.00
2014.12.05 11:53:24.852,2.02134,2.02196,3.07,1.00
2014.12.05 11:53:25.312,2.02134,2.02196,1.27,1.10
2014.12.05 11:53:25.363,2.02134,2.02196,1.27,1.10
2014.12.05 11:53:27.272,2.02143,2.022,1.00,1.52
2014.12.05 11:53:27.953,2.02134,2.022,1.55,1.52
2014.12.05 11:53:28.723,2.02144,2.02204,1.00,1.90
2014.12.05 11:53:28.922,2.02134,2.02204,1.55,1.90
2014.12.05 11:53:29.513,2.02144,2.02202,1.00,1.52
2014.12.05 11:53:29.933,2.02134,2.022,1.65,1.15
2014.12.05 11:53:30.499,2.02144,2.02202,1.00,1.15
2014.12.05 11:53:30.550,2.02144,2.02206,1.17,1.45
2014.12.05 11:53:33.052,2.02144,2.02206,1.10,3.00
2014.12.05 11:53:33.154,2.02134,2.02206,1.52,3.45
2014.12.05 11:53:33.673,2.02143,2.02204,1.00,1.65
2014.12.05 11:53:34.351,2.02133,2.022,1.52,1.52
2014.12.05 11:53:34.469,2.02144,2.02204,1.00,1.65
2014.12.05 11:53:34.894,2.02133,2.02206,1.90,2.32
2014.12.05 11:53:35.047,2.02135,2.02202,2.32,1.07
2014.12.05 11:53:35.097,2.02135,2.02202,2.32,1.00
2014.12.05 11:53:35.598,2.02144,2.02204,1.17,1.47
2014.12.05 11:53:36.250,2.02143,2.02202,1.15,1.00
2014.12.05 11:53:36.902,2.02144,2.02206,1.17,1.65
2014.12.05 11:53:38.456,2.02144,2.022,1.17,1.00
2014.12.05 11:53:38.608,2.02134,2.02196,1.52,1.07
2014.12.05 11:53:39.473,2.02133,2.02193,1.52,1.00
2014.12.05 11:53:39.775,2.02134,2.02188,1.15,1.00
2014.12.05 11:53:40.449,2.02133,2.0219,1.15,1.00
2014.12.05 11:53:40.652,2.02133,2.02192,1.15,1.00
2014.12.05 11:53:41.202,2.02127,2.02193,2.32,1.12
2014.12.05 11:53:41.462,2.02133,2.02197,1.52,1.95
2014.12.05 11:53:48.433,2.02133,2.02194,1.52,1.00
2014.12.05 11:53:48.485,2.02133,2.02193,1.07,1.07
2014.12.05 11:53:48.536,2.02133,2.02193,1.00,1.65
2014.12.05 11:53:48.637,2.02124,2.02191,1.37,1.15
2014.12.05 11:53:48.990,2.02124,2.02191,1.37,1.52
2014.12.05 11:53:53.205,2.02123,2.02186,1.20,1.27
2014.12.05 11:53:54.143,2.02124,2.02184,1.00,1.45
2014.12.05 11:53:54.734,2.02124,2.02182,1.00,1.00
2014.12.05 11:53:56.528,2.02124,2.02179,1.00,1.00
2014.12.05 11:53:56.579,2.02114,2.02176,1.55,1.15
2014.12.05 11:53:56.680,2.02114,2.02176,1.17,1.15
2014.12.05 11:53:56.832,2.02121,2.02179,1.00,1.15
2014.12.05 11:53:57.589,2.02122,2.02176,1.00,1.65
2014.12.05 11:53:58.123,2.02121,2.02175,1.00,1.55
2014.12.05 11:53:58.353,2.02114,2.02175,1.17,1.55
2014.12.05 11:53:58.873,2.02114,2.02176,1.07,2.02
2014.12.05 11:53:59.175,2.02123,2.02177,1.00,3.07
2014.12.05 11:53:59.326,2.02113,2.02177,1.12,2.32
2014.12.05 11:53:59.377,2.02113,2.02177,1.37,1.95
2014.12.05 11:53:59.679,2.02123,2.02172,1.00,1.15
2014.12.05 11:54:00.028,2.02123,2.02173,1.00,1.00
2014.12.05 11:54:00.556,2.02124,2.02173,1.00,1.00
2014.12.05 11:54:01.065,2.02123,2.02178,1.00,1.15
2014.12.05 11:54:01.166,2.02113,2.02176,1.27,1.20
2014.12.05 11:54:01.322,2.02113,2.0217,1.27,1.00
2014.12.05 11:54:01.812,2.02124,2.0217,1.00,1.00
2014.12.05 11:54:01.872,2.02124,2.02176,1.00,1.20
2014.12.05 11:54:02.072,2.02113,2.02176,1.27,1.20
2014.12.05 11:54:02.444,2.02113,2.02169,1.27,1.00
2014.12.05 11:54:02.773,2.02113,2.02166,1.17,1.00
2014.12.05 11:54:03.034,2.02113,2.02166,1.00,1.07
2014.12.05 11:54:03.186,2.02113,2.02165,1.00,1.55
2014.12.05 11:54:03.287,2.02104,2.02163,1.00,1.52
2014.12.05 11:54:04.144,2.02103,2.02163,1.00,1.52
2014.12.05 11:54:04.799,2.02104,2.02163,1.00,1.52
2014.12.05 11:54:05.263,2.02104,2.02163,1.00,1.90
2014.12.05 11:54:05.415,2.02094,2.02151,1.00,1.17
2014.12.05 11:54:06.162,2.02094,2.02145,1.00,1.00
2014.12.05 11:54:06.972,2.02094,2.02146,1.00,1.00
2014.12.05 11:54:07.643,2.02093,2.02146,1.00,1.00
2014.12.05 11:54:08.138,2.02093,2.02147,1.15,1.00
2014.12.05 11:54:08.441,2.02093,2.02144,1.15,1.00
2014.12.05 11:54:08.853,2.02093,2.02147,1.15,1.00
2014.12.05 11:54:09.178,2.02094,2.02149,1.15,1.00
2014.12.05 11:54:09.502,2.02094,2.02151,1.15,1.00
2014.12.05 11:54:09.613,2.02094,2.02153,1.15,1.00
2014.12.05 11:54:09.714,2.02098,2.02153,1.87,1.00
2014.12.05 11:54:09.764,2.02098,2.02157,1.87,1.00
2014.12.05 11:54:09.865,2.02104,2.02161,1.15,1.00
2014.12.05 11:54:10.017,2.02104,2.02158,1.15,1.00
2014.12.05 11:54:10.168,2.02104,2.02161,1.15,1.00
2014.12.05 11:54:10.319,2.02104,2.02165,1.27,1.34
2014.12.05 11:54:11.203,2.02104,2.02161,1.15,1.00
2014.12.05 11:54:11.882,2.02104,2.02162,1.15,1.00
2014.12.05 11:54:12.585,2.02104,2.02159,1.15,1.00
2014.12.05 11:54:13.049,2.02098,2.02156,2.32,1.00
2014.12.05 11:54:13.582,2.02103,2.0216,1.15,1.37
2014.12.05 11:54:13.683,2.02103,2.02161,1.15,1.00
2014.12.05 11:54:14.682,2.02098,2.02157,1.95,1.00
2014.12.05 11:54:15.243,2.02098,2.02156,1.95,1.00
2014.12.05 11:54:16.023,2.02098,2.02157,1.95,1.50
2014.12.05 11:54:16.635,2.02098,2.02156,1.95,1.00
2014.12.05 11:54:17.176,2.02098,2.02157,1.95,1.00
2014.12.05 11:54:17.905,2.02103,2.02162,1.15,1.12
2014.12.05 11:54:27.662,2.02103,2.02165,1.52,1.34
2014.12.05 11:54:28.391,2.02103,2.02163,1.15,1.46
2014.12.05 11:54:28.442,2.02105,2.0216,1.95,1.00
2014.12.05 11:54:28.952,2.02106,2.0216,1.95,1.00
2014.12.05 11:54:29.003,2.02106,2.02162,1.95,1.00
2014.12.05 11:54:29.511,2.02106,2.02161,1.95,1.00
2014.12.05 11:54:29.891,2.02106,2.02159,1.95,1.00
2014.12.05 11:54:29.992,2.02104,2.02159,1.15,1.00
2014.12.05 11:54:30.502,2.02098,2.02158,2.32,1.50
2014.12.05 11:54:30.552,2.02098,2.02156,2.32,1.00
2014.12.05 11:54:31.121,2.02103,2.02164,1.52,1.00
2014.12.05 11:54:31.172,2.02103,2.02167,1.52,1.20
2014.12.05 11:54:31.714,2.02103,2.02167,1.90,1.07
2014.12.05 11:54:32.662,2.02104,2.02167,2.70,1.07
2014.12.05 11:54:33.261,2.02105,2.02167,2.70,1.00
2014.12.05 11:54:33.971,2.02117,2.02177,2.70,1.00
2014.12.05 11:54:34.273,2.02129,2.02187,1.95,1.00
2014.12.05 11:54:34.814,2.02129,2.02196,2.32,1.12
2014.12.05 11:54:35.342,2.02129,2.02197,2.70,1.00
2014.12.05 11:54:35.393,2.02133,2.02192,1.52,1.00
2014.12.05 11:54:35.494,2.02133,2.02197,1.52,1.50
2014.12.05 11:54:35.796,2.02134,2.02196,1.90,1.00
2014.12.05 11:54:35.897,2.02144,2.02206,1.52,1.50
2014.12.05 11:54:35.998,2.02144,2.02207,3.15,1.00
2014.12.05 11:54:36.149,2.02155,2.02216,1.90,1.00
2014.12.05 11:54:36.259,2.02163,2.02218,1.10,1.00
2014.12.05 11:54:36.310,2.02163,2.02227,1.10,1.52
2014.12.05 11:54:36.881,2.02163,2.02218,1.10,1.00
2014.12.05 11:54:37.386,2.02163,2.02219,1.10,1.12
2014.12.05 11:54:37.697,2.02153,2.02214,1.52,1.00
2014.12.05 11:54:38.243,2.02154,2.02216,1.52,1.00
2014.12.05 11:54:38.541,2.02153,2.02218,1.52,1.00
2014.12.05 11:54:39.101,2.02153,2.02214,1.15,1.00
2014.12.05 11:54:39.416,2.02153,2.0221,1.15,1.00
2014.12.05 11:54:39.997,2.02154,2.02216,1.52,1.00
2014.12.05 11:54:45.724,2.02154,2.02212,1.15,1.00
2014.12.05 11:54:46.584,2.02154,2.02213,1.52,1.00
2014.12.05 11:54:46.901,2.02154,2.02216,1.52,1.50
2014.12.05 11:54:50.323,2.02154,2.02212,1.20,1.10
2014.12.05 11:54:50.474,2.02144,2.02207,2.70,1.00
2014.12.05 11:54:50.575,2.02153,2.02211,1.17,1.00
2014.12.05 11:54:50.625,2.02153,2.02208,1.17,1.00
2014.12.05 11:54:50.852,2.02153,2.0221,1.17,1.00
2014.12.05 11:54:51.112,2.02153,2.02208,1.17,1.00
2014.12.05 11:54:51.680,2.02153,2.02209,1.17,1.00
2014.12.05 11:54:53.061,2.02153,2.02211,1.17,1.00
2014.12.05 11:54:53.661,2.02153,2.0221,1.17,1.00
2014.12.05 11:54:54.172,2.02153,2.02211,1.17,1.00
2014.12.05 11:54:54.432,2.02153,2.02217,1.55,1.65
2014.12.05 11:54:54.734,2.02164,2.02219,1.10,1.00
2014.12.05 11:54:55.239,2.02164,2.0222,1.10,1.00
2014.12.05 11:54:55.523,2.02164,2.02223,1.10,1.47
2014.12.05 11:54:56.059,2.02164,2.02224,1.10,1.27
2014.12.05 11:54:56.692,2.02164,2.02221,1.10,1.00
2014.12.05 11:54:56.801,2.02164,2.02223,1.10,1.10
2014.12.05 11:54:56.921,2.02164,2.02221,1.10,1.00
2014.12.05 11:54:57.926,2.02164,2.02221,1.10,1.37
2014.12.05 11:54:58.505,2.02163,2.0222,1.17,1.37
2014.12.05 11:54:59.330,2.02163,2.02218,1.17,1.00
2014.12.05 11:54:59.651,2.02153,2.02218,1.17,2.02
2014.12.05 11:55:00.262,2.02153,2.02212,1.17,1.00
2014.12.05 11:55:00.433,2.02153,2.0221,1.17,1.00
2014.12.05 11:55:02.978,2.02153,2.02208,1.17,1.00
2014.12.05 11:55:03.291,2.02153,2.02205,1.17,1.00
2014.12.05 11:55:03.342,2.02153,2.02208,1.17,1.00
2014.12.05 11:55:03.623,2.02153,2.0221,1.17,1.00
2014.12.05 11:55:03.887,2.02153,2.0221,1.17,1.37
2014.12.05 11:55:04.139,2.02144,2.02203,1.15,1.00
2014.12.05 11:55:04.290,2.02143,2.02199,1.90,1.00
2014.12.05 11:55:04.406,2.02143,2.02205,1.90,1.00
2014.12.05 11:55:04.457,2.02144,2.02205,2.70,1.00
2014.12.05 11:55:04.758,2.02144,2.022,2.32,1.00
2014.12.05 11:55:04.859,2.02144,2.02202,2.32,1.00
2014.12.05 11:55:09.672,2.02144,2.02204,2.32,1.00
2014.12.05 11:55:10.222,2.02144,2.02203,2.32,1.00
2014.12.05 11:55:10.673,2.02144,2.02205,3.07,1.00
2014.12.05 11:55:11.221,2.02154,2.02206,1.07,1.00
2014.12.05 11:55:11.761,2.02154,2.02204,1.07,1.00
2014.12.05 11:55:12.093,2.02154,2.02207,1.07,1.00
2014.12.05 11:55:12.427,2.02154,2.02208,1.15,1.00
2014.12.05 11:55:13.072,2.02154,2.02212,1.52,1.00
2014.12.05 11:55:13.122,2.02164,2.02215,1.00,1.00
2014.12.05 11:55:13.223,2.02154,2.02213,1.52,1.00
2014.12.05 11:55:13.455,2.02154,2.0221,1.15,1.00
2014.12.05 11:55:13.808,2.02154,2.0221,1.00,1.00
2014.12.05 11:55:13.909,2.02144,2.02206,1.90,1.00
2014.12.05 11:55:15.414,2.02153,2.02209,1.00,1.00
2014.12.05 11:55:16.192,2.02153,2.02205,1.00,1.00
2014.12.05 11:55:16.322,2.02144,2.02205,1.52,1.00
2014.12.05 11:55:16.842,2.02144,2.02205,1.65,1.00
2014.12.05 11:55:17.163,2.02144,2.02205,1.15,1.37
2014.12.05 11:55:17.214,2.02144,2.02205,1.00,1.45
2014.12.05 11:55:17.265,2.02144,2.02193,1.00,1.00
2014.12.05 11:55:17.529,2.02143,2.02196,1.00,1.00
2014.12.05 11:55:17.731,2.02143,2.0219,1.00,1.00
2014.12.05 11:55:17.832,2.02139,2.02187,1.00,1.00
2014.12.05 11:55:17.976,2.02134,2.02188,1.00,1.00
2014.12.05 11:55:18.127,2.02133,2.02188,1.37,1.00
2014.12.05 11:55:18.178,2.02134,2.02196,1.37,1.91
2014.12.05 11:55:18.228,2.02134,2.02196,1.52,1.84
2014.12.05 11:55:18.732,2.02133,2.02197,1.15,1.00
2014.12.05 11:55:19.068,2.02143,2.02198,1.15,1.00
2014.12.05 11:55:19.169,2.02143,2.02206,1.15,1.00
2014.12.05 11:55:19.351,2.02143,2.02208,1.15,1.00
2014.12.05 11:55:19.590,2.02144,2.02206,1.15,1.00
2014.12.05 11:55:21.933,2.02154,2.02207,1.00,1.00
2014.12.05 11:55:22.041,2.02154,2.02209,1.00,1.00
2014.12.05 11:55:23.201,2.02154,2.0221,1.00,1.00
2014.12.05 11:55:24.155,2.0216,2.0221,1.00,1.00
2014.12.05 11:55:24.206,2.02164,2.02224,1.00,1.07
2014.12.05 11:55:24.318,2.02164,2.02224,1.00,1.00
2014.12.05 11:55:25.442,2.02153,2.02224,2.40,1.00
2014.12.05 11:55:25.721,2.02153,2.02224,2.02,1.37
2014.12.05 11:55:26.365,2.02153,2.02222,1.52,1.00
2014.12.05 11:55:27.025,2.02153,2.02223,1.52,1.12
2014.12.05 11:55:27.483,2.02153,2.02219,1.52,1.00
2014.12.05 11:55:28.592,2.02153,2.02218,1.52,1.00
2014.12.05 11:55:30.291,2.02154,2.02214,1.27,1.00
2014.12.05 11:55:30.594,2.02143,2.02208,1.52,1.00
2014.12.05 11:55:31.458,2.02143,2.02206,1.52,1.00
2014.12.05 11:55:33.981,2.02143,2.02204,1.15,1.00
2014.12.05 11:55:34.201,2.02143,2.02207,1.15,1.87
2014.12.05 11:55:34.301,2.02152,2.02207,1.00,1.87
2014.12.05 11:55:34.989,2.02153,2.02207,1.00,1.00
2014.12.05 11:55:35.531,2.02144,2.02207,1.52,1.00
2014.12.05 11:55:35.683,2.02144,2.02205,1.15,1.00
2014.12.05 11:55:35.985,2.02133,2.02198,1.52,1.00
2014.12.05 11:55:36.287,2.02144,2.02198,1.00,1.00
2014.12.05 11:55:36.438,2.02143,2.02201,1.00,1.00
2014.12.05 11:55:36.640,2.02144,2.02197,1.00,1.00
2014.12.05 11:55:36.943,2.02143,2.02194,1.00,1.12
2014.12.05 11:55:37.094,2.02134,2.02188,1.00,1.10
2014.12.05 11:55:37.195,2.02134,2.02184,1.00,1.00
2014.12.05 11:55:37.449,2.02123,2.02182,1.12,1.00
2014.12.05 11:55:37.611,2.02123,2.0218,1.12,1.00
2014.12.05 11:55:37.965,2.02123,2.02175,1.00,1.00
2014.12.05 11:55:38.476,2.02123,2.02176,1.00,1.00
2014.12.05 11:55:38.785,2.02124,2.02174,1.00,1.00
2014.12.05 11:55:39.098,2.02124,2.02172,1.00,1.00
2014.12.05 11:55:40.178,2.02124,2.02173,1.00,1.00
2014.12.05 11:55:44.101,2.02124,2.02174,1.00,1.00
2014.12.05 11:55:46.192,2.02124,2.02176,1.00,1.00
2014.12.05 11:55:47.731,2.02124,2.02179,1.00,1.37
2014.12.05 11:55:48.289,2.02123,2.02179,1.00,1.37
2014.12.05 11:55:48.782,2.02124,2.0218,1.00,1.10
2014.12.05 11:55:48.883,2.02124,2.0218,1.37,1.00
2014.12.05 11:55:48.983,2.02123,2.02184,1.47,1.00
2014.12.05 11:55:49.084,2.02123,2.02186,1.47,1.00
2014.12.05 11:55:49.305,2.02133,2.02193,1.37,1.17
2014.12.05 11:55:49.406,2.02134,2.02203,1.50,1.17
2014.12.05 11:55:49.507,2.02143,2.02205,1.00,1.27
2014.12.05 11:55:49.808,2.02134,2.02191,1.00,1.12
2014.12.05 11:55:49.858,2.02123,2.02191,1.65,1.12
2014.12.05 11:55:49.909,2.02123,2.02191,1.27,1.37
2014.12.05 11:55:50.010,2.02124,2.02186,1.00,1.00
2014.12.05 11:55:50.273,2.02124,2.02184,1.00,1.00
2014.12.05 11:55:50.775,2.02124,2.02184,1.00,1.37
2014.12.05 11:55:51.077,2.02112,2.02166,1.37,1.00
2014.12.05 11:55:51.178,2.02114,2.02176,1.37,1.00
2014.12.05 11:55:52.267,2.02114,2.02179,1.37,1.37
2014.12.05 11:55:52.317,2.02114,2.02179,1.37,1.00
2014.12.05 11:55:52.620,2.02133,2.02189,1.00,1.10
2014.12.05 11:55:53.315,2.02133,2.02188,1.00,1.00
2014.12.05 11:55:53.791,2.02123,2.02188,1.37,1.00
2014.12.05 11:55:54.784,2.02123,2.02187,1.37,1.00
2014.12.05 11:55:55.183,2.02123,2.02187,1.00,1.12
2014.12.05 11:55:55.357,2.02123,2.02181,1.00,1.00
2014.12.05 11:55:55.941,2.02124,2.02181,1.00,1.00
2014.12.05 11:55:56.131,2.02123,2.02183,1.00,1.00
2014.12.05 11:55:56.572,2.02123,2.02185,1.00,1.00
2014.12.05 11:55:56.622,2.02123,2.02185,1.37,1.00
2014.12.05 11:55:56.924,2.02133,2.02188,1.00,1.00
2014.12.05 11:55:57.241,2.02133,2.02189,1.37,1.00
2014.12.05 11:55:57.292,2.02133,2.02194,1.37,1.37
2014.12.05 11:55:57.342,2.02133,2.0219,1.37,1.00
2014.12.05 11:55:57.498,2.02133,2.0219,1.00,1.00
2014.12.05 11:55:59.498,2.02133,2.0219,1.37,1.00
2014.12.05 11:55:59.599,2.02133,2.02192,1.37,1.00
2014.12.05 11:55:59.649,2.02133,2.02188,1.37,1.00
2014.12.05 11:55:59.855,2.02133,2.0219,1.37,1.00
2014.12.05 11:55:59.955,2.02133,2.02192,1.37,1.00
2014.12.05 11:56:00.282,2.02134,2.02194,1.37,1.00
2014.12.05 11:56:00.433,2.02134,2.02192,1.37,1.00
2014.12.05 11:56:00.612,2.02134,2.02194,1.37,1.00
2014.12.05 11:56:01.710,2.02134,2.02196,1.37,1.47
2014.12.05 11:56:03.351,2.02134,2.02195,1.12,1.00
2014.12.05 11:56:03.471,2.02143,2.02195,1.00,1.00
2014.12.05 11:56:04.241,2.02143,2.02197,1.00,1.07
2014.12.05 11:56:04.493,2.02143,2.02202,1.00,1.00
2014.12.05 11:56:05.901,2.02143,2.02193,1.00,1.00
2014.12.05 11:56:06.002,2.02133,2.02193,1.00,1.00
2014.12.05 11:56:06.453,2.02133,2.02188,1.00,1.00
2014.12.05 11:56:06.553,2.02123,2.02188,1.15,1.00
2014.12.05 11:56:06.805,2.02124,2.02186,1.52,1.00
2014.12.05 11:56:08.719,2.02124,2.02186,1.90,1.00
2014.12.05 11:56:08.871,2.0213,2.02196,2.70,1.00
2014.12.05 11:56:08.921,2.0213,2.02196,2.70,1.00
2014.12.05 11:56:08.972,2.02143,2.02207,1.50,1.00
2014.12.05 11:56:09.123,2.02143,2.02207,1.12,1.12
2014.12.05 11:56:09.191,2.02143,2.02204,1.12,1.00
2014.12.05 11:56:09.493,2.02134,2.02198,1.65,1.00
2014.12.05 11:56:09.644,2.02133,2.02203,1.90,1.37
2014.12.05 11:56:09.788,2.02136,2.02207,1.65,1.87
2014.12.05 11:56:09.990,2.02143,2.02207,1.00,1.87
2014.12.05 11:56:16.942,2.02143,2.02207,1.12,1.00
2014.12.05 11:56:17.002,2.02143,2.02205,1.12,1.00
2014.12.05 11:56:17.143,2.02143,2.02207,1.12,1.00
2014.12.05 11:56:23.092,2.02143,2.02207,1.00,1.87
2014.12.05 11:56:23.398,2.02143,2.02207,1.15,1.37
2014.12.05 11:56:26.510,2.02143,2.02207,1.90,1.00
2014.12.05 11:56:26.561,2.02143,2.02214,1.90,1.37
2014.12.05 11:56:26.662,2.02154,2.02214,1.00,1.37
2014.12.05 11:56:26.712,2.02154,2.02214,1.00,1.12
2014.12.05 11:56:27.082,2.02154,2.02216,1.00,1.12
2014.12.05 11:56:27.183,2.02153,2.02217,1.75,1.00
2014.12.05 11:56:27.284,2.02162,2.02219,1.37,1.00
2014.12.05 11:56:27.385,2.02154,2.02226,1.00,2.40
2014.12.05 11:56:27.436,2.02153,2.02217,1.00,1.00
2014.12.05 11:56:27.762,2.02143,2.02217,1.85,1.65
2014.12.05 11:56:27.980,2.02153,2.02216,1.37,1.00
2014.12.05 11:56:28.302,2.02154,2.02226,1.37,2.40
2014.12.05 11:56:28.471,2.02154,2.02226,1.75,2.02
2014.12.05 11:56:30.191,2.02153,2.02227,1.90,1.87
2014.12.05 11:56:30.777,2.02153,2.02227,1.90,1.87
2014.12.05 11:56:35.201,2.02164,2.0223,1.75,1.47
2014.12.05 11:56:35.402,2.02164,2.0223,1.12,1.85
2014.12.05 11:56:35.632,2.02163,2.02228,1.00,2.25
2014.12.05 11:56:35.935,2.02153,2.02217,1.90,1.00
2014.12.05 11:56:36.464,2.02154,2.02223,1.65,1.50
2014.12.05 11:56:37.672,2.02163,2.02224,1.00,1.75
2014.12.05 11:56:38.333,2.02163,2.02222,1.00,1.00
2014.12.05 11:56:38.489,2.02163,2.02219,1.00,1.00
2014.12.05 11:56:38.811,2.02153,2.02209,1.00,1.00
2014.12.05 11:56:39.114,2.02143,2.02206,1.82,1.00
2014.12.05 11:56:39.416,2.02143,2.02205,1.45,1.37
2014.12.05 11:56:39.466,2.02143,2.02202,1.45,1.00
2014.12.05 11:56:39.802,2.02143,2.02198,1.07,1.00
2014.12.05 11:56:40.331,2.02144,2.02199,1.10,1.00
2014.12.05 11:56:44.297,2.02144,2.02197,1.10,1.00
2014.12.05 11:56:46.151,2.02144,2.02196,1.10,1.00
2014.12.05 11:56:46.306,2.02144,2.022,1.47,1.00
2014.12.05 11:56:46.637,2.02144,2.02206,1.20,1.87
2014.12.05 11:56:47.385,2.02144,2.02203,1.20,1.00
2014.12.05 11:56:47.734,2.02144,2.022,1.10,1.37
2014.12.05 11:56:47.986,2.02134,2.02197,1.45,1.00
2014.12.05 11:56:48.351,2.02142,2.02197,1.00,1.00
2014.12.05 11:56:48.510,2.02144,2.02201,1.17,1.00
2014.12.05 11:56:48.561,2.02143,2.02201,1.52,1.00
2014.12.05 11:56:48.662,2.02143,2.02201,1.52,1.00
2014.12.05 11:56:48.763,2.02143,2.02201,1.90,1.00
2014.12.05 11:56:48.813,2.02143,2.02203,1.90,1.00
2014.12.05 11:56:48.964,2.02143,2.02203,1.27,1.00
2014.12.05 11:56:49.357,2.02143,2.02206,1.27,1.37
2014.12.05 11:56:49.431,2.02143,2.02206,1.15,1.37
2014.12.05 11:56:49.683,2.02144,2.02206,1.55,1.00
2014.12.05 11:56:49.734,2.02144,2.02206,1.92,1.00
2014.12.05 11:56:49.886,2.02143,2.02217,1.90,2.40
2014.12.05 11:56:49.993,2.02154,2.02216,1.00,1.65
2014.12.05 11:56:50.502,2.02154,2.02214,1.07,1.37
2014.12.05 11:56:50.821,2.02152,2.02206,1.00,1.00
2014.12.05 11:56:51.123,2.02144,2.02195,1.00,1.00
2014.12.05 11:56:51.426,2.02143,2.02193,1.12,1.00
2014.12.05 11:56:51.476,2.02143,2.02199,1.12,1.00
2014.12.05 11:56:51.577,2.02143,2.02201,1.37,1.10
2014.12.05 11:56:51.921,2.02153,2.02204,1.00,1.00
2014.12.05 11:56:52.241,2.02153,2.02194,1.00,1.00
2014.12.05 11:56:52.393,2.02144,2.02194,1.00,1.00
2014.12.05 11:56:52.443,2.02144,2.02192,1.00,1.00
2014.12.05 11:56:52.750,2.02144,2.02189,1.00,1.00
2014.12.05 11:56:53.284,2.02143,2.02189,1.00,1.00
2014.12.05 11:56:53.335,2.02143,2.02198,1.00,1.00
2014.12.05 11:56:53.436,2.02143,2.02201,1.20,1.00
2014.12.05 11:56:53.486,2.02144,2.02201,1.45,1.00
2014.12.05 11:56:53.789,2.02144,2.02205,1.45,1.00
2014.12.05 11:56:53.890,2.02143,2.02208,1.82,1.00
2014.12.05 11:56:54.290,2.02153,2.0221,1.12,1.00
2014.12.05 11:56:54.813,2.02143,2.0221,3.45,1.00
2014.12.05 11:57:02.835,2.02144,2.02206,1.52,1.00
2014.12.05 11:57:03.370,2.02143,2.02207,3.45,1.00
2014.12.05 11:57:06.023,2.02152,2.02211,1.17,1.00
2014.12.05 11:57:06.339,2.02144,2.02206,1.65,1.00
2014.12.05 11:57:09.291,2.02144,2.02209,1.17,1.15
2014.12.05 11:57:09.391,2.02152,2.02207,1.00,1.15
2014.12.05 11:57:09.581,2.02143,2.02207,1.27,1.15
2014.12.05 11:57:11.162,2.02144,2.02206,1.15,1.50
2014.12.05 11:57:11.414,2.02154,2.0221,1.10,1.00
2014.12.05 11:57:11.465,2.02154,2.02213,1.10,1.10
2014.12.05 11:57:11.568,2.02154,2.0221,1.10,1.00
2014.12.05 11:57:11.719,2.02154,2.02212,1.10,1.00
2014.12.05 11:57:12.264,2.02153,2.02214,1.17,1.17
2014.12.05 11:57:13.236,2.02153,2.02212,1.17,1.00
2014.12.05 11:57:14.640,2.02153,2.02214,1.17,1.17
2014.12.05 11:57:17.710,2.02153,2.02214,1.17,1.55
2014.12.05 11:57:17.811,2.02153,2.02213,1.17,1.85
2014.12.05 11:57:17.911,2.02144,2.02205,1.07,1.27
2014.12.05 11:57:20.182,2.02134,2.02201,3.45,1.00
2014.12.05 11:57:21.080,2.02134,2.02197,2.70,1.00
2014.12.05 11:57:21.332,2.02134,2.02196,1.57,1.07
2014.12.05 11:57:21.433,2.02134,2.02195,1.07,1.07
2014.12.05 11:57:21.484,2.02134,2.02189,1.07,1.07
2014.12.05 11:57:21.793,2.02122,2.02176,1.00,1.07
2014.12.05 11:57:22.095,2.02124,2.02182,1.00,1.15
2014.12.05 11:57:22.610,2.02123,2.02183,1.00,1.15
2014.12.05 11:57:23.122,2.02124,2.02185,1.00,1.95
2014.12.05 11:57:23.223,2.02124,2.02186,1.10,1.17
2014.12.05 11:57:25.351,2.02124,2.02186,1.47,1.17
2014.12.05 11:57:25.553,2.02133,2.02195,1.17,1.52
2014.12.05 11:57:25.654,2.02134,2.02196,1.57,1.15
2014.12.05 11:57:26.318,2.02133,2.02203,1.90,1.07
2014.12.05 11:57:26.369,2.02133,2.02203,1.90,1.07
2014.12.05 11:57:26.882,2.02133,2.02206,1.65,1.90
2014.12.05 11:57:28.183,2.02133,2.02204,2.02,1.55
2014.12.05 11:57:28.712,2.02143,2.02204,1.00,1.55
2014.12.05 11:57:31.199,2.02133,2.02202,1.65,1.47
2014.12.05 11:57:31.566,2.02144,2.02204,1.00,1.55
2014.12.05 11:57:32.399,2.02144,2.02204,1.00,1.27
2014.12.05 11:57:32.890,2.02144,2.02201,1.00,1.37
2014.12.05 11:57:32.991,2.02134,2.02199,1.27,1.12
2014.12.05 11:57:33.042,2.02134,2.02195,1.27,1.00
2014.12.05 11:57:33.193,2.02133,2.02195,1.55,1.15
2014.12.05 11:57:33.796,2.02124,2.02191,3.45,1.00
2014.12.05 11:57:35.759,2.02124,2.02194,4.20,1.27
2014.12.05 11:57:37.065,2.02134,2.02195,1.57,1.15
2014.12.05 11:57:37.266,2.02134,2.02202,3.45,1.10
2014.12.05 11:57:41.369,2.02143,2.02199,1.07,1.00
2014.12.05 11:57:42.080,2.02134,2.02197,2.70,1.00
2014.12.05 11:57:42.620,2.02134,2.02195,1.07,1.10
2014.12.05 11:57:42.910,2.02134,2.02191,1.07,1.00
2014.12.05 11:57:43.232,2.02134,2.02194,1.45,1.00
2014.12.05 11:57:43.571,2.02143,2.02197,1.00,1.17
2014.12.05 11:57:43.840,2.02143,2.02202,1.17,1.00
2014.12.05 11:57:43.941,2.02144,2.02202,1.07,1.07
2014.12.05 11:57:44.092,2.02133,2.022,1.65,1.15
2014.12.05 11:57:45.077,2.02134,2.02195,1.00,1.15
2014.12.05 11:57:45.390,2.02124,2.02192,1.90,1.15
2014.12.05 11:57:45.547,2.02133,2.02197,1.07,1.45
2014.12.05 11:57:45.597,2.02133,2.02197,1.90,1.00
2014.12.05 11:57:45.648,2.02134,2.02199,1.90,1.10
2014.12.05 11:57:45.769,2.02134,2.02196,1.90,1.00
2014.12.05 11:57:45.920,2.02134,2.022,1.90,1.17
2014.12.05 11:57:46.649,2.02134,2.02199,1.52,1.10
2014.12.05 11:57:50.608,2.02144,2.02204,1.00,1.52
2014.12.05 11:57:50.951,2.02154,2.02216,1.00,1.15
2014.12.05 11:57:51.569,2.02144,2.02216,2.40,1.65
2014.12.05 11:57:51.671,2.02144,2.02206,1.90,1.00
2014.12.05 11:57:52.738,2.02144,2.02206,1.65,1.00
2014.12.05 11:57:53.239,2.02143,2.02207,1.52,1.00
2014.12.05 11:57:53.290,2.02143,2.02204,1.37,1.15
2014.12.05 11:57:53.870,2.02143,2.02204,1.00,1.15
2014.12.05 11:57:55.309,2.02133,2.02197,1.15,1.20
2014.12.05 11:57:55.368,2.02133,2.02197,1.07,1.20
2014.12.05 11:57:55.418,2.02133,2.02197,1.00,2.02
2014.12.05 11:57:55.469,2.02133,2.02188,1.00,1.07
2014.12.05 11:57:55.620,2.02124,2.02183,1.00,1.15
2014.12.05 11:57:55.771,2.02123,2.02181,1.00,1.95
2014.12.05 11:57:55.872,2.02113,2.02177,1.37,1.15
2014.12.05 11:57:55.973,2.02113,2.02175,1.00,1.15
2014.12.05 11:57:56.225,2.02114,2.02167,1.00,1.00
2014.12.05 11:57:56.549,2.02114,2.02169,1.00,1.00
2014.12.05 11:58:00.400,2.02104,2.02166,1.90,1.00
2014.12.05 11:58:03.835,2.02104,2.02162,1.52,1.00
2014.12.05 11:58:03.935,2.02104,2.02157,1.00,1.00
2014.12.05 11:58:04.137,2.02094,2.02156,1.52,1.00
2014.12.05 11:58:04.188,2.02094,2.02154,1.27,1.00
2014.12.05 11:58:04.696,2.02093,2.02153,1.52,1.00
2014.12.05 11:58:05.130,2.02093,2.02157,1.52,1.00
2014.12.05 11:58:05.679,2.02094,2.02156,1.52,1.00
2014.12.05 11:58:05.985,2.02093,2.02159,1.90,1.00
2014.12.05 11:58:06.754,2.02093,2.0216,1.90,1.10
2014.12.05 11:58:06.889,2.02093,2.02158,1.90,1.00
2014.12.05 11:58:08.650,2.02093,2.02159,1.90,1.00
2014.12.05 11:58:09.776,2.02093,2.02158,1.90,1.00
2014.12.05 11:58:10.298,2.02093,2.02156,1.52,1.00
2014.12.05 11:58:14.920,2.02093,2.02156,1.07,1.82
2014.12.05 11:58:14.970,2.02093,2.02144,1.10,1.37
2014.12.05 11:58:15.071,2.02093,2.02136,1.10,1.00
2014.12.05 11:58:15.172,2.02083,2.02147,1.10,1.15
2014.12.05 11:58:15.423,2.02094,2.02146,1.00,1.52
2014.12.05 11:58:22.261,2.02094,2.0215,1.00,1.10
2014.12.05 11:58:25.723,2.02094,2.02149,1.00,1.00
2014.12.05 11:58:25.874,2.02083,2.02148,1.90,1.00
2014.12.05 11:58:25.975,2.02083,2.02151,1.90,1.20
2014.12.05 11:58:26.025,2.02083,2.02151,1.90,1.07
2014.12.05 11:58:26.076,2.02092,2.02157,2.70,1.00
2014.12.05 11:58:26.126,2.02094,2.02156,1.90,1.00
2014.12.05 11:58:26.227,2.02103,2.02164,1.47,1.17
2014.12.05 11:58:26.530,2.02104,2.02166,1.75,1.65
2014.12.05 11:58:26.630,2.02104,2.02166,1.50,1.15
2014.12.05 11:58:26.781,2.02113,2.02175,1.00,1.52
2014.12.05 11:58:29.058,2.02104,2.02175,1.65,1.52
2014.12.05 11:58:29.159,2.02104,2.02166,1.27,1.00
2014.12.05 11:58:29.595,2.02104,2.02166,1.12,1.15
2014.12.05 11:58:29.847,2.02093,2.02161,1.90,1.17
2014.12.05 11:58:30.265,2.02093,2.02153,1.90,1.00
2014.12.05 11:58:30.595,2.02101,2.02155,1.07,1.00
2014.12.05 11:58:31.658,2.02093,2.02157,1.65,1.00
2014.12.05 11:58:37.842,2.02093,2.02155,1.65,1.00
2014.12.05 11:58:41.668,2.02093,2.02156,1.65,1.00
2014.12.05 11:58:43.869,2.02093,2.02157,1.65,1.50
2014.12.05 11:58:48.272,2.02093,2.02154,1.27,1.00
2014.12.05 11:58:48.777,2.02093,2.02155,1.15,1.12
2014.12.05 11:58:48.828,2.02093,2.02155,1.00,1.27
2014.12.05 11:58:48.979,2.02094,2.02159,1.37,1.15
2014.12.05 11:58:49.282,2.02104,2.02155,1.00,1.15
2014.12.05 11:58:49.332,2.02094,2.02155,1.00,1.15
2014.12.05 11:58:49.836,2.02093,2.02153,1.00,1.17
2014.12.05 11:58:50.479,2.02093,2.02146,1.00,1.00
2014.12.05 11:58:50.700,2.02084,2.02144,1.20,1.15
2014.12.05 11:58:52.126,2.02084,2.02139,1.10,1.00
2014.12.05 11:58:52.558,2.02083,2.02131,1.00,1.00
2014.12.05 11:58:52.911,2.02083,2.02128,1.00,1.00
2014.12.05 11:58:53.676,2.02083,2.02127,1.00,1.00
2014.12.05 11:58:54.427,2.02083,2.02129,1.00,1.00
2014.12.05 11:58:57.421,2.02083,2.0213,1.00,1.00
2014.12.05 11:58:59.608,2.02083,2.02128,1.00,1.00
2014.12.05 11:59:02.240,2.02083,2.02127,1.00,1.00
2014.12.05 11:59:02.793,2.02083,2.02126,1.00,1.00
2014.12.05 11:59:03.007,2.02083,2.02131,1.00,1.00
2014.12.05 11:59:06.984,2.02073,2.02128,1.00,1.00
2014.12.05 11:59:07.308,2.02073,2.02124,1.00,1.00
2014.12.05 11:59:07.610,2.02074,2.02121,1.00,1.00
2014.12.05 11:59:07.661,2.02064,2.02121,1.07,1.00
2014.12.05 11:59:07.761,2.02063,2.02115,1.07,1.00
2014.12.05 11:59:08.070,2.02054,2.02111,1.55,1.00
2014.12.05 11:59:08.225,2.02054,2.0211,1.10,1.07
2014.12.05 11:59:08.477,2.02054,2.02115,1.27,1.07
2014.12.05 11:59:08.527,2.02064,2.02117,1.00,1.15
2014.12.05 11:59:08.839,2.02063,2.02122,1.82,1.00
2014.12.05 11:59:09.168,2.02064,2.02122,1.45,1.00
2014.12.05 11:59:09.269,2.02064,2.02134,1.90,1.45
2014.12.05 11:59:10.056,2.02073,2.02137,1.57,1.15
2014.12.05 11:59:10.340,2.02073,2.02146,1.65,1.52
2014.12.05 11:59:12.900,2.02084,2.02146,1.00,1.52
2014.12.05 11:59:13.536,2.02083,2.02147,1.10,2.02
2014.12.05 11:59:13.737,2.02084,2.02151,1.37,2.32
2014.12.05 11:59:13.788,2.02084,2.02153,1.52,1.52
2014.12.05 11:59:13.889,2.02094,2.02153,1.00,1.52
2014.12.05 11:59:14.415,2.02094,2.02156,1.00,2.02
2014.12.05 11:59:16.030,2.02094,2.02156,1.75,1.15
2014.12.05 11:59:16.282,2.02114,2.02176,1.00,1.52
2014.12.05 11:59:16.801,2.02113,2.02177,1.12,1.15
2014.12.05 11:59:16.952,2.02111,2.02167,1.10,1.00
2014.12.05 11:59:17.103,2.02113,2.02177,1.00,1.15
2014.12.05 11:59:17.308,2.02103,2.02177,1.15,1.15
2014.12.05 11:59:19.173,2.02114,2.02176,1.00,2.02
2014.12.05 11:59:19.375,2.02113,2.02177,1.52,1.00
2014.12.05 11:59:19.925,2.02113,2.02177,1.15,1.37
2014.12.05 11:59:20.981,2.02113,2.02177,1.52,1.50
2014.12.05 11:59:21.091,2.02113,2.02173,1.52,1.00
2014.12.05 11:59:21.242,2.02113,2.02177,1.52,1.00
2014.12.05 11:59:22.044,2.02113,2.02177,1.12,1.27
2014.12.05 11:59:22.296,2.02114,2.0217,1.00,1.45
2014.12.05 11:59:25.150,2.02113,2.02175,1.00,1.52
2014.12.05 11:59:25.377,2.02113,2.02175,1.37,1.15
2014.12.05 11:59:25.639,2.02124,2.02183,1.00,1.52
2014.12.05 11:59:26.456,2.02118,2.02187,1.37,1.52
2014.12.05 11:59:26.686,2.02118,2.02187,1.37,1.27
2014.12.05 11:59:26.857,2.02124,2.02186,1.37,1.00
2014.12.05 11:59:26.908,2.02124,2.02186,1.37,1.00
2014.12.05 11:59:27.011,2.02124,2.02196,1.37,1.65
2014.12.05 11:59:27.215,2.02124,2.02186,1.12,1.00
2014.12.05 11:59:27.754,2.02123,2.02187,1.20,1.00
2014.12.05 11:59:28.109,2.02123,2.02187,1.85,1.00
2014.12.05 11:59:29.940,2.02123,2.02187,1.10,1.37
2014.12.05 11:59:30.142,2.02124,2.02186,1.00,2.40
2014.12.05 11:59:30.193,2.02114,2.02186,1.47,1.65
2014.12.05 11:59:32.087,2.02113,2.02183,1.07,1.45
2014.12.05 11:59:32.418,2.02114,2.02176,1.00,1.55
2014.12.05 11:59:33.361,2.02113,2.02182,1.12,1.52
2014.12.05 11:59:33.546,2.02113,2.02184,1.20,1.57
2014.12.05 11:59:34.609,2.02113,2.02177,1.07,1.37
2014.12.05 11:59:34.939,2.02113,2.02177,1.20,1.12
2014.12.05 11:59:35.401,2.02114,2.02176,1.07,1.75
2014.12.05 11:59:35.602,2.02106,2.02169,1.37,1.10
2014.12.05 11:59:35.703,2.02103,2.02149,1.37,1.00
2014.12.05 11:59:36.107,2.02104,2.02149,1.50,1.00
2014.12.05 11:59:36.304,2.02105,2.02149,1.00,1.00
2014.12.05 11:59:36.405,2.02109,2.02148,1.00,1.00
2014.12.05 11:59:36.506,2.02104,2.02148,1.00,1.00
2014.12.05 11:59:36.606,2.02104,2.02159,1.37,1.00
2014.12.05 11:59:36.707,2.02113,2.02159,1.00,1.00
2014.12.05 11:59:36.808,2.02103,2.02158,1.12,1.00
2014.12.05 11:59:37.910,2.02103,2.02159,1.12,1.00
2014.12.05 11:59:38.197,2.02095,2.02158,1.75,1.00
2014.12.05 11:59:38.611,2.02093,2.02158,1.47,1.00
2014.12.05 11:59:40.141,2.02093,2.02158,1.47,1.00
2014.12.05 11:59:40.439,2.02093,2.02157,1.10,1.45
2014.12.05 11:59:40.741,2.02094,2.02149,1.00,1.10
2014.12.05 11:59:41.261,2.02093,2.02149,1.00,1.10
2014.12.05 11:59:41.513,2.02083,2.02148,1.20,1.00
2014.12.05 11:59:41.664,2.02084,2.02148,1.37,1.00
2014.12.05 11:59:41.978,2.02094,2.02149,1.00,1.10
2014.12.05 11:59:42.368,2.02094,2.02148,1.37,1.00
2014.12.05 11:59:42.419,2.02093,2.02157,1.47,1.00
2014.12.05 11:59:42.469,2.02093,2.02157,1.85,1.00
2014.12.05 11:59:43.080,2.02094,2.02156,2.25,1.00
2014.12.05 11:59:43.359,2.02094,2.02156,1.50,1.00
2014.12.05 11:59:43.460,2.02094,2.02156,1.37,1.00
2014.12.05 11:59:43.961,2.0209,2.02157,1.90,1.00
2014.12.05 11:59:44.359,2.02087,2.02148,1.90,1.00
2014.12.05 11:59:44.862,2.02087,2.02148,1.90,1.00
2014.12.05 11:59:44.935,2.02087,2.02148,1.90,1.00
2014.12.05 11:59:45.036,2.0209,2.02148,1.90,1.00
2014.12.05 11:59:45.567,2.02085,2.02149,1.90,1.00
2014.12.05 11:59:45.668,2.02089,2.02156,1.90,1.00
2014.12.05 11:59:45.869,2.02093,2.02157,1.85,1.00
2014.12.05 11:59:45.920,2.02094,2.02159,1.75,1.00
2014.12.05 11:59:46.338,2.02094,2.02156,1.75,1.00
2014.12.05 11:59:46.388,2.02094,2.02156,1.37,1.00
2014.12.05 11:59:46.643,2.02094,2.02156,1.75,1.00
2014.12.05 11:59:47.055,2.02097,2.02156,1.00,1.00
2014.12.05 11:59:47.105,2.02097,2.02156,1.00,1.07
2014.12.05 11:59:47.206,2.02094,2.02155,1.00,1.52
2014.12.05 11:59:47.257,2.02083,2.02147,1.37,1.00
2014.12.05 11:59:47.358,2.02079,2.02147,1.92,1.00
2014.12.05 11:59:47.660,2.02084,2.02149,2.25,1.00
2014.12.05 11:59:48.206,2.02086,2.02148,1.50,1.00
2014.12.05 11:59:48.448,2.02086,2.02149,1.37,1.00
2014.12.05 11:59:49.003,2.02084,2.02148,1.50,1.00
2014.12.05 11:59:49.360,2.02084,2.02149,1.00,1.37
2014.12.05 11:59:49.562,2.02084,2.02145,1.00,1.90
2014.12.05 11:59:49.864,2.02084,2.02142,1.00,1.27
2014.12.05 11:59:49.914,2.02084,2.02139,1.00,1.00
2014.12.05 11:59:50.116,2.02073,2.02137,1.10,1.37
2014.12.05 11:59:50.217,2.02073,2.02128,1.20,1.00
2014.12.05 11:59:50.318,2.02073,2.02137,1.47,1.00
2014.12.05 11:59:50.469,2.02074,2.02134,1.00,1.00
2014.12.05 11:59:50.778,2.02073,2.02131,1.00,1.00
2014.12.05 11:59:51.287,2.02074,2.02136,1.00,1.27
2014.12.05 11:59:52.757,2.02073,2.02138,1.00,1.52
2014.12.05 11:59:53.059,2.02083,2.02139,1.00,1.27
2014.12.05 11:59:53.160,2.02083,2.02145,1.00,2.32
2014.12.05 11:59:53.260,2.02083,2.02147,1.37,1.15
2014.12.05 11:59:53.311,2.02083,2.02147,1.00,1.52
2014.12.05 11:59:53.412,2.02083,2.02139,1.00,1.12
2014.12.05 11:59:53.722,2.02084,2.02135,1.00,1.00
2014.12.05 11:59:53.823,2.02074,2.02135,1.00,1.00
2014.12.05 11:59:54.219,2.02073,2.02131,1.10,1.00
2014.12.05 11:59:54.801,2.02073,2.02134,1.47,1.00
2014.12.05 11:59:54.852,2.02074,2.02128,1.12,1.00
2014.12.05 11:59:55.079,2.02074,2.02131,1.12,1.00
2014.12.05 11:59:55.175,2.02074,2.02131,1.50,1.00
2014.12.05 11:59:55.457,2.02083,2.02138,1.00,1.00
2014.12.05 11:59:55.877,2.02084,2.02141,1.00,1.00
2014.12.05 11:59:56.378,2.02084,2.02144,1.00,1.27
2014.12.05 11:59:56.924,2.02083,2.02144,1.00,1.27
2014.12.05 11:59:57.093,2.02083,2.02144,1.37,1.17
2014.12.05 11:59:57.307,2.02083,2.02144,1.10,1.00
2014.12.05 11:59:57.408,2.02083,2.0214,1.10,1.00
2014.12.05 11:59:57.509,2.02083,2.02146,1.10,1.12
2014.12.05 11:59:57.885,2.02083,2.02145,1.10,1.37
2014.12.05 11:59:58.389,2.02084,2.02143,1.00,1.15
2014.12.05 11:59:58.691,2.02073,2.02135,1.10,1.37
2014.12.05 11:59:58.892,2.02083,2.02133,1.00,1.00
2014.12.05 11:59:58.942,2.02083,2.02139,1.00,1.12
2014.12.05 11:59:58.993,2.02073,2.02139,1.00,1.52
2014.12.05 11:59:59.121,2.02084,2.02139,1.00,1.52
2014.12.05 11:59:59.558,2.02074,2.02136,1.12,1.15
