2018.01.08 14:00:00.074,1.88706,1.88748,1.00,1.00
2018.01.08 14:00:00.382,1.88711,1.88754,1.37,1.50
2018.01.08 14:00:00.709,1.88719,1.8876,1.37,1.00
2018.01.08 14:00:00.863,1.88721,1.88765,1.87,1.50
2018.01.08 14:00:00.914,1.88722,1.88765,1.37,1.00
2018.01.08 14:00:00.965,1.88723,1.88766,1.00,1.50
2018.01.08 14:00:01.016,1.88723,1.88764,1.00,1.00
2018.01.08 14:00:01.457,1.88715,1.88755,1.00,1.00
2018.01.08 14:00:02.199,1.88717,1.88755,1.00,1.00
2018.01.08 14:00:02.251,1.88717,1.88757,1.00,1.00
2018.01.08 14:00:02.404,1.88719,1.88757,1.00,1.00
2018.01.08 14:00:02.557,1.88719,1.8876,1.00,1.50
2018.01.08 14:00:02.609,1.88717,1.88757,1.00,1.00
2018.01.08 14:00:02.711,1.88711,1.88754,1.00,1.50
2018.01.08 14:00:02.763,1.88714,1.88755,1.00,1.00
2018.01.08 14:00:02.815,1.88716,1.88758,1.00,1.00
2018.01.08 14:00:03.097,1.88718,1.8876,1.00,1.87
2018.01.08 14:00:03.413,1.88714,1.88757,1.00,1.87
2018.01.08 14:00:03.821,1.88714,1.88755,1.00,1.12
2018.01.08 14:00:03.874,1.88713,1.88755,1.00,1.37
2018.01.08 14:00:04.392,1.88716,1.88756,1.00,1.37
2018.01.08 14:00:04.601,1.88717,1.88756,1.00,1.00
2018.01.08 14:00:04.652,1.88716,1.88759,1.00,1.12
2018.01.08 14:00:04.704,1.88721,1.88761,1.00,1.00
2018.01.08 14:00:04.868,1.88724,1.88767,1.00,1.50
2018.01.08 14:00:04.921,1.88731,1.88771,1.00,1.00
2018.01.08 14:00:05.448,1.8873,1.88771,1.00,1.00
2018.01.08 14:00:06.018,1.8873,1.88772,1.00,1.12
2018.01.08 14:00:06.570,1.8873,1.88771,1.00,1.00
2018.01.08 14:00:06.913,1.88724,1.88764,1.00,1.00
2018.01.08 14:00:07.015,1.8872,1.88763,1.50,1.00
2018.01.08 14:00:07.277,1.88719,1.8876,1.50,1.00
2018.01.08 14:00:07.820,1.8872,1.8876,1.00,1.00
2018.01.08 14:00:10.110,1.88719,1.8876,1.00,1.00
2018.01.08 14:00:12.188,1.88728,1.8876,1.00,1.00
2018.01.08 14:00:12.239,1.8873,1.88771,1.00,1.00
2018.01.08 14:00:12.393,1.88728,1.88768,1.00,1.00
2018.01.08 14:00:12.918,1.88728,1.88767,1.00,1.00
2018.01.08 14:00:13.704,1.88726,1.88767,1.00,1.00
2018.01.08 14:00:14.359,1.88726,1.88766,1.00,1.00
2018.01.08 14:00:16.195,1.88727,1.88766,1.00,1.00
2018.01.08 14:00:16.852,1.88726,1.88766,1.00,1.00
2018.01.08 14:00:17.868,1.88726,1.88768,1.00,1.50
2018.01.08 14:00:19.729,1.88726,1.88766,1.00,1.00
2018.01.08 14:00:20.356,1.88719,1.88759,1.00,1.00
2018.01.08 14:00:20.459,1.88714,1.88755,1.00,1.50
2018.01.08 14:00:22.922,1.88712,1.88755,1.00,1.50
2018.01.08 14:00:23.423,1.88713,1.88754,1.00,1.00
2018.01.08 14:00:23.569,1.88715,1.88756,1.00,1.00
2018.01.08 14:00:23.929,1.88717,1.88756,1.00,1.00
2018.01.08 14:00:24.466,1.88717,1.88757,1.00,1.12
2018.01.08 14:00:25.039,1.88716,1.88757,1.00,1.50
2018.01.08 14:00:26.032,1.88716,1.88758,1.00,1.00
2018.01.08 14:00:26.339,1.88711,1.88751,1.00,1.00
2018.01.08 14:00:26.494,1.88702,1.88746,1.50,1.87
2018.01.08 14:00:27.143,1.88702,1.88745,1.50,1.87
2018.01.08 14:00:27.246,1.88708,1.88749,1.00,1.00
2018.01.08 14:00:27.501,1.88712,1.88754,1.00,1.12
2018.01.08 14:00:28.202,1.88712,1.88753,1.00,1.00
2018.01.08 14:00:29.336,1.88712,1.88755,1.00,1.00
2018.01.08 14:00:29.387,1.88714,1.88755,1.00,1.00
2018.01.08 14:00:29.943,1.88714,1.88755,1.00,1.37
2018.01.08 14:00:30.624,1.88714,1.88755,1.00,1.12
2018.01.08 14:00:30.947,1.8872,1.88757,1.00,1.00
2018.01.08 14:00:31.113,1.88717,1.88758,1.00,1.87
2018.01.08 14:00:31.172,1.88717,1.88756,1.00,1.00
2018.01.08 14:00:31.274,1.88715,1.88756,1.00,1.50
2018.01.08 14:00:31.992,1.88716,1.88757,1.50,1.50
2018.01.08 14:00:32.825,1.88715,1.88755,1.00,1.00
2018.01.08 14:00:33.600,1.88714,1.88755,1.00,1.00
2018.01.08 14:00:33.906,1.88717,1.88756,1.00,1.00
2018.01.08 14:00:33.957,1.88717,1.88758,1.00,1.00
2018.01.08 14:00:34.213,1.88719,1.88758,1.00,1.00
2018.01.08 14:00:34.969,1.88719,1.88759,1.00,1.00
2018.01.08 14:00:35.020,1.88717,1.88758,1.50,1.50
2018.01.08 14:00:37.003,1.88718,1.8876,1.00,1.00
2018.01.08 14:00:38.191,1.8872,1.88762,1.00,1.00
2018.01.08 14:00:38.243,1.88725,1.88766,1.00,1.12
2018.01.08 14:00:38.761,1.88724,1.88765,1.50,1.00
2018.01.08 14:00:39.262,1.88725,1.88766,1.50,1.00
2018.01.08 14:00:39.568,1.88723,1.88764,1.50,1.50
2018.01.08 14:00:40.087,1.88723,1.88765,1.50,1.12
2018.01.08 14:00:40.813,1.88724,1.88765,1.00,1.12
2018.01.08 14:00:41.695,1.88728,1.88766,1.00,1.00
2018.01.08 14:00:41.920,1.88728,1.88768,1.00,1.12
2018.01.08 14:00:42.248,1.8874,1.88778,1.00,1.50
2018.01.08 14:00:42.301,1.8874,1.8878,1.00,1.00
2018.01.08 14:00:42.406,1.8874,1.88778,1.00,1.00
2018.01.08 14:00:42.720,1.88731,1.8877,1.00,1.00
2018.01.08 14:00:44.069,1.88737,1.88773,1.00,1.00
2018.01.08 14:00:44.247,1.88734,1.88775,1.00,1.00
2018.01.08 14:00:44.299,1.88732,1.88772,1.00,1.00
2018.01.08 14:00:45.731,1.88733,1.88772,1.00,1.00
2018.01.08 14:00:46.293,1.88732,1.88772,1.00,1.00
2018.01.08 14:00:46.813,1.88731,1.88769,1.00,1.00
2018.01.08 14:00:47.133,1.88729,1.88769,1.00,1.00
2018.01.08 14:00:48.242,1.88731,1.88773,1.00,1.50
2018.01.08 14:00:48.587,1.8873,1.88769,1.00,1.00
2018.01.08 14:00:50.377,1.88728,1.88767,1.00,1.00
2018.01.08 14:00:52.627,1.88729,1.88767,1.00,1.00
2018.01.08 14:00:52.679,1.8873,1.88769,1.00,1.00
2018.01.08 14:00:57.159,1.88731,1.88769,1.00,1.00
2018.01.08 14:00:57.211,1.88735,1.8877,1.00,1.00
2018.01.08 14:00:57.358,1.8874,1.8878,1.00,1.00
2018.01.08 14:00:57.573,1.8874,1.88782,1.00,1.50
2018.01.08 14:00:58.151,1.8874,1.88782,1.00,1.87
2018.01.08 14:00:59.026,1.88739,1.88781,1.50,1.12
2018.01.08 14:00:59.710,1.88742,1.88781,1.00,1.00
2018.01.08 14:00:59.762,1.88742,1.88783,1.50,1.00
2018.01.08 14:00:59.813,1.88745,1.88785,1.00,1.00
2018.01.08 14:01:02.008,1.88745,1.88784,1.00,1.00
2018.01.08 14:01:03.314,1.88743,1.88784,1.00,1.50
2018.01.08 14:01:04.140,1.88741,1.88782,1.00,1.00
2018.01.08 14:01:04.694,1.8874,1.88781,1.00,1.00
2018.01.08 14:01:07.025,1.8874,1.88783,1.00,1.00
2018.01.08 14:01:07.310,1.88739,1.8878,1.00,1.00
2018.01.08 14:01:07.633,1.88736,1.88777,1.00,1.00
2018.01.08 14:01:08.192,1.88737,1.88777,1.00,1.00
2018.01.08 14:01:08.995,1.88735,1.88776,1.00,1.00
2018.01.08 14:01:09.499,1.88736,1.88776,1.00,1.00
2018.01.08 14:01:10.714,1.88742,1.88784,1.00,1.00
2018.01.08 14:01:10.970,1.88743,1.88786,1.50,1.00
2018.01.08 14:01:11.533,1.88744,1.88785,1.00,1.00
2018.01.08 14:01:12.062,1.88744,1.88782,1.00,1.00
2018.01.08 14:01:12.113,1.88745,1.88785,1.00,1.00
2018.01.08 14:01:12.216,1.88746,1.88787,1.00,1.00
2018.01.08 14:01:12.420,1.88748,1.88788,1.00,1.00
2018.01.08 14:01:12.522,1.88754,1.88795,1.00,1.00
2018.01.08 14:01:12.829,1.88751,1.88792,1.50,1.00
2018.01.08 14:01:13.367,1.8875,1.88792,1.00,1.50
2018.01.08 14:01:13.783,1.88753,1.88795,1.00,1.87
2018.01.08 14:01:14.277,1.88749,1.8879,1.00,1.00
2018.01.08 14:01:14.451,1.88746,1.88789,1.00,1.00
2018.01.08 14:01:14.954,1.88747,1.8879,1.50,1.50
2018.01.08 14:01:19.139,1.88749,1.8879,1.00,1.00
2018.01.08 14:01:19.569,1.8875,1.88792,1.00,1.00
2018.01.08 14:01:21.165,1.88755,1.88792,1.00,1.00
2018.01.08 14:01:21.217,1.88755,1.88795,1.00,1.00
2018.01.08 14:01:21.269,1.88755,1.88797,1.00,1.00
2018.01.08 14:01:21.752,1.88757,1.88798,1.00,1.37
2018.01.08 14:01:22.612,1.88753,1.88792,1.00,1.00
2018.01.08 14:01:23.158,1.88752,1.88792,1.00,1.00
2018.01.08 14:01:23.764,1.88753,1.88792,1.00,1.00
2018.01.08 14:01:24.462,1.88753,1.88793,1.00,1.00
2018.01.08 14:01:25.066,1.88752,1.88793,1.50,1.00
2018.01.08 14:01:25.372,1.8875,1.88788,1.00,1.00
2018.01.08 14:01:25.708,1.88753,1.88789,1.00,1.00
2018.01.08 14:01:26.025,1.88753,1.88791,1.00,1.00
2018.01.08 14:01:26.513,1.88753,1.88793,1.00,1.00
2018.01.08 14:01:27.116,1.88754,1.88793,1.00,1.00
2018.01.08 14:01:27.269,1.88758,1.88795,1.00,1.00
2018.01.08 14:01:27.321,1.88756,1.88795,1.00,1.00
2018.01.08 14:01:27.424,1.88755,1.88793,1.00,1.00
2018.01.08 14:01:27.731,1.88766,1.88805,1.00,1.50
2018.01.08 14:01:28.241,1.88766,1.88805,1.00,1.00
2018.01.08 14:01:28.587,1.88759,1.88797,1.00,1.00
2018.01.08 14:01:28.997,1.88757,1.88797,1.00,1.00
2018.01.08 14:01:29.713,1.88758,1.88796,1.00,1.00
2018.01.08 14:01:30.000,1.88757,1.88794,1.00,1.00
2018.01.08 14:01:30.568,1.88756,1.88794,1.00,1.00
2018.01.08 14:01:31.001,1.88754,1.88793,1.00,1.00
2018.01.08 14:01:31.105,1.88747,1.88788,1.00,1.00
2018.01.08 14:01:31.158,1.88749,1.88789,1.00,1.12
2018.01.08 14:01:31.461,1.88754,1.88795,1.00,1.37
2018.01.08 14:01:32.023,1.88754,1.88791,1.00,1.00
2018.01.08 14:01:32.455,1.88752,1.88789,1.00,1.00
2018.01.08 14:01:33.061,1.88751,1.88789,1.00,1.00
2018.01.08 14:01:33.841,1.88751,1.8879,1.00,1.12
2018.01.08 14:01:33.893,1.88749,1.8879,1.50,1.12
2018.01.08 14:01:34.420,1.8875,1.88788,1.00,1.00
2018.01.08 14:01:35.005,1.88751,1.88792,1.00,1.87
2018.01.08 14:01:35.056,1.88751,1.88792,1.00,1.87
2018.01.08 14:01:35.508,1.8875,1.88788,1.00,1.00
2018.01.08 14:01:36.173,1.88747,1.88788,1.50,1.00
2018.01.08 14:01:36.530,1.88747,1.88788,1.50,1.37
2018.01.08 14:01:37.067,1.88748,1.88789,1.00,1.37
2018.01.08 14:01:37.376,1.88749,1.8879,1.50,1.75
2018.01.08 14:01:37.997,1.88748,1.88789,1.00,1.12
2018.01.08 14:01:38.051,1.88748,1.88789,1.00,1.12
2018.01.08 14:01:38.624,1.88746,1.88788,1.50,1.37
2018.01.08 14:01:38.865,1.88736,1.88777,1.00,1.87
2018.01.08 14:01:38.917,1.88734,1.88774,1.00,1.37
2018.01.08 14:01:39.093,1.88727,1.8877,1.50,1.87
2018.01.08 14:01:40.470,1.8873,1.88768,1.00,1.37
2018.01.08 14:01:40.654,1.88727,1.88768,1.50,1.12
2018.01.08 14:01:41.273,1.88725,1.88768,1.50,1.00
2018.01.08 14:01:41.434,1.88725,1.88766,1.00,1.00
2018.01.08 14:01:41.963,1.88724,1.88765,1.00,1.00
2018.01.08 14:01:42.271,1.88725,1.88766,1.50,1.50
2018.01.08 14:01:42.551,1.88725,1.88766,1.00,1.00
2018.01.08 14:01:42.704,1.88729,1.8877,1.50,1.87
2018.01.08 14:01:42.807,1.88723,1.88765,1.00,1.00
2018.01.08 14:01:43.386,1.88724,1.88764,1.00,1.12
2018.01.08 14:01:43.437,1.88721,1.88764,1.50,1.87
2018.01.08 14:01:44.012,1.88721,1.88763,1.00,1.00
2018.01.08 14:01:44.526,1.88723,1.88764,1.00,1.00
2018.01.08 14:01:45.053,1.88724,1.88765,1.50,1.12
2018.01.08 14:01:45.570,1.88725,1.88766,1.50,1.50
2018.01.08 14:01:45.876,1.88728,1.88767,1.00,1.00
2018.01.08 14:01:46.400,1.88728,1.8877,1.00,1.37
2018.01.08 14:01:46.946,1.88729,1.8877,1.00,1.87
2018.01.08 14:01:46.997,1.88729,1.8877,1.00,1.87
2018.01.08 14:01:47.266,1.88726,1.88768,1.00,1.37
2018.01.08 14:01:47.831,1.88726,1.88768,1.00,1.12
2018.01.08 14:01:48.592,1.8872,1.88761,1.50,1.00
2018.01.08 14:01:48.963,1.88722,1.88762,1.00,1.00
2018.01.08 14:01:49.561,1.88719,1.88756,1.00,1.00
2018.01.08 14:01:49.613,1.88716,1.88755,1.34,1.00
2018.01.08 14:01:50.133,1.88716,1.88754,1.34,1.00
2018.01.08 14:01:50.238,1.88719,1.88756,1.00,1.00
2018.01.08 14:01:50.290,1.88719,1.88759,1.00,1.00
2018.01.08 14:01:50.920,1.88718,1.88759,1.50,1.00
2018.01.08 14:01:53.037,1.88718,1.88759,1.50,1.37
2018.01.08 14:01:53.088,1.88717,1.88756,1.00,1.00
2018.01.08 14:01:53.191,1.88715,1.88756,1.00,1.12
2018.01.08 14:01:53.367,1.88715,1.88753,1.00,1.00
2018.01.08 14:01:54.637,1.88715,1.88755,1.00,1.00
2018.01.08 14:01:55.172,1.88714,1.88755,1.00,1.00
2018.01.08 14:01:55.274,1.88713,1.88752,1.00,1.00
2018.01.08 14:01:55.629,1.88713,1.88754,1.50,1.00
2018.01.08 14:01:55.831,1.88713,1.88752,1.00,1.00
2018.01.08 14:01:56.513,1.8871,1.8875,1.00,1.12
2018.01.08 14:01:56.564,1.88707,1.88749,1.50,1.00
2018.01.08 14:01:56.713,1.88706,1.88745,1.00,1.37
2018.01.08 14:01:56.764,1.88701,1.8874,1.00,1.00
2018.01.08 14:01:56.968,1.88704,1.88744,1.00,1.00
2018.01.08 14:01:57.275,1.88705,1.88746,1.50,1.50
2018.01.08 14:01:57.809,1.88706,1.88747,1.50,1.12
2018.01.08 14:01:58.548,1.88706,1.88746,1.00,1.00
2018.01.08 14:02:00.325,1.88704,1.88746,1.00,1.00
2018.01.08 14:02:00.427,1.88707,1.88747,1.00,1.12
2018.01.08 14:02:00.946,1.88707,1.88748,1.00,1.12
2018.01.08 14:02:01.448,1.88708,1.88749,1.00,1.37
2018.01.08 14:02:01.855,1.88713,1.88753,1.00,1.37
2018.01.08 14:02:02.032,1.8872,1.8876,1.00,1.00
2018.01.08 14:02:02.084,1.88726,1.88766,1.00,1.37
2018.01.08 14:02:02.187,1.88724,1.88767,1.50,1.87
2018.01.08 14:02:02.238,1.88724,1.88767,1.50,1.87
2018.01.08 14:02:02.941,1.88726,1.88767,1.00,1.87
2018.01.08 14:02:04.225,1.88726,1.88767,1.00,1.37
2018.01.08 14:02:05.315,1.88726,1.88767,1.00,1.87
2018.01.08 14:02:05.366,1.88726,1.88766,1.00,1.37
2018.01.08 14:02:05.417,1.88724,1.88766,1.00,1.37
2018.01.08 14:02:05.572,1.88722,1.88763,1.00,1.00
2018.01.08 14:02:05.930,1.88724,1.88763,1.00,1.37
2018.01.08 14:02:07.253,1.88718,1.88758,1.00,1.37
2018.01.08 14:02:07.305,1.88722,1.88759,1.00,1.12
2018.01.08 14:02:07.407,1.88716,1.88757,2.25,1.37
2018.01.08 14:02:07.458,1.88715,1.88756,1.50,1.87
2018.01.08 14:02:07.857,1.88715,1.88756,1.00,1.37
2018.01.08 14:02:07.908,1.88717,1.88757,1.00,1.37
2018.01.08 14:02:07.960,1.88721,1.8876,1.00,1.37
2018.01.08 14:02:08.012,1.88721,1.88761,1.50,1.12
2018.01.08 14:02:08.289,1.88723,1.88762,1.00,1.00
2018.01.08 14:02:08.448,1.88723,1.88764,1.00,1.12
2018.01.08 14:02:08.550,1.88723,1.88764,1.00,1.37
2018.01.08 14:02:08.652,1.88723,1.88764,1.00,1.00
2018.01.08 14:02:08.755,1.88725,1.88766,1.00,1.12
2018.01.08 14:02:09.457,1.88726,1.88767,1.50,1.50
2018.01.08 14:02:09.808,1.88728,1.88768,1.00,1.12
2018.01.08 14:02:10.034,1.88726,1.88767,1.50,1.00
2018.01.08 14:02:10.387,1.88726,1.88767,1.50,1.37
2018.01.08 14:02:10.543,1.88713,1.88754,1.50,1.50
2018.01.08 14:02:10.748,1.88713,1.88754,1.00,1.87
2018.01.08 14:02:11.054,1.88707,1.88746,1.00,1.00
2018.01.08 14:02:11.215,1.88707,1.8875,1.50,1.87
2018.01.08 14:02:11.871,1.88707,1.8875,1.50,1.87
2018.01.08 14:02:12.245,1.88712,1.88752,1.00,1.37
2018.01.08 14:02:12.347,1.88715,1.88755,1.00,1.00
2018.01.08 14:02:12.398,1.88715,1.88753,1.00,1.12
2018.01.08 14:02:12.552,1.8871,1.88751,1.00,1.37
2018.01.08 14:02:13.121,1.88709,1.88749,1.00,1.12
2018.01.08 14:02:13.877,1.88709,1.88749,1.00,1.37
2018.01.08 14:02:14.257,1.88709,1.88749,1.00,1.37
2018.01.08 14:02:14.777,1.88709,1.88746,1.00,1.12
2018.01.08 14:02:14.829,1.88707,1.88746,1.00,1.12
2018.01.08 14:02:15.371,1.88706,1.88745,1.00,1.00
2018.01.08 14:02:16.069,1.88707,1.88745,1.00,1.00
2018.01.08 14:02:16.874,1.88706,1.88744,1.00,1.00
2018.01.08 14:02:19.263,1.88706,1.88747,1.00,1.00
2018.01.08 14:02:20.309,1.88705,1.88747,1.00,1.00
2018.01.08 14:02:21.627,1.88705,1.88746,1.00,1.00
2018.01.08 14:02:22.176,1.88706,1.88747,1.00,1.50
2018.01.08 14:02:23.592,1.88704,1.88746,1.00,1.00
2018.01.08 14:02:24.157,1.88704,1.88745,1.00,1.00
2018.01.08 14:02:26.217,1.88703,1.88742,1.00,1.00
2018.01.08 14:02:26.320,1.88703,1.88744,1.00,1.00
2018.01.08 14:02:26.371,1.88701,1.88742,1.00,1.00
2018.01.08 14:02:26.775,1.88698,1.88738,1.00,1.12
2018.01.08 14:02:27.333,1.88702,1.88742,1.00,1.00
2018.01.08 14:02:27.695,1.88705,1.88743,1.00,1.00
2018.01.08 14:02:27.747,1.88707,1.88747,1.00,1.50
2018.01.08 14:02:27.850,1.88713,1.88752,1.00,1.00
2018.01.08 14:02:28.178,1.88707,1.88745,1.00,1.00
2018.01.08 14:02:28.230,1.88707,1.88749,1.00,1.00
2018.01.08 14:02:28.332,1.88707,1.88747,1.00,1.00
2018.01.08 14:02:28.619,1.88701,1.88744,1.50,1.50
2018.01.08 14:02:28.750,1.88701,1.88742,1.00,1.00
2018.01.08 14:02:28.852,1.88699,1.88742,1.87,1.50
2018.01.08 14:02:28.904,1.88699,1.88742,1.87,1.50
2018.01.08 14:02:29.584,1.88699,1.88742,1.87,1.50
2018.01.08 14:02:30.116,1.88699,1.88742,1.87,1.50
2018.01.08 14:02:30.896,1.88699,1.8874,1.12,1.50
2018.01.08 14:02:30.998,1.88697,1.88739,1.12,1.00
2018.01.08 14:02:31.204,1.88699,1.8874,1.00,1.50
2018.01.08 14:02:31.984,1.88699,1.88739,1.00,1.00
2018.01.08 14:02:32.962,1.88698,1.88738,1.00,1.37
2018.01.08 14:02:33.014,1.88695,1.88734,1.00,1.00
2018.01.08 14:02:33.065,1.88693,1.88733,1.00,1.00
2018.01.08 14:02:33.116,1.8869,1.88731,1.50,1.00
2018.01.08 14:02:34.695,1.88691,1.88731,1.00,1.00
2018.01.08 14:02:35.222,1.88691,1.8873,1.00,1.00
2018.01.08 14:02:35.568,1.88689,1.8873,1.50,1.00
2018.01.08 14:02:36.082,1.8869,1.88731,1.00,1.00
2018.01.08 14:02:36.545,1.88688,1.8873,1.12,1.00
2018.01.08 14:02:37.519,1.88688,1.88728,1.00,1.00
2018.01.08 14:02:38.314,1.88688,1.88729,1.00,1.00
2018.01.08 14:02:39.091,1.88687,1.88727,1.00,1.37
2018.01.08 14:02:40.083,1.88687,1.88727,1.00,1.00
2018.01.08 14:02:40.368,1.88685,1.88726,1.50,1.50
2018.01.08 14:02:40.607,1.88687,1.88726,1.00,1.00
2018.01.08 14:02:40.659,1.88687,1.88728,1.00,1.50
2018.01.08 14:02:41.310,1.88687,1.88729,1.00,1.12
2018.01.08 14:02:41.819,1.88687,1.88728,1.00,1.00
2018.01.08 14:02:44.186,1.88688,1.88728,1.00,1.00
2018.01.08 14:02:44.288,1.88686,1.88729,1.00,1.87
2018.01.08 14:02:44.791,1.88687,1.88728,1.00,1.00
2018.01.08 14:02:45.953,1.88686,1.88728,1.00,1.00
2018.01.08 14:02:46.590,1.88687,1.88728,1.00,1.00
2018.01.08 14:02:47.483,1.88686,1.88728,1.00,1.00
2018.01.08 14:02:47.843,1.88688,1.88728,1.00,1.00
2018.01.08 14:02:48.490,1.88688,1.88729,1.50,1.00
2018.01.08 14:02:48.643,1.88684,1.88728,1.87,1.00
2018.01.08 14:02:48.956,1.88684,1.88728,1.87,1.00
2018.01.08 14:02:49.008,1.88687,1.88728,1.00,1.00
2018.01.08 14:02:49.314,1.8869,1.88732,1.00,1.50
2018.01.08 14:02:49.690,1.88685,1.88728,1.12,1.50
2018.01.08 14:02:50.047,1.88686,1.88726,1.00,1.00
2018.01.08 14:02:50.360,1.88684,1.88727,1.50,1.00
2018.01.08 14:02:50.411,1.88684,1.88725,1.00,1.00
2018.01.08 14:02:50.938,1.88684,1.88726,1.50,1.00
2018.01.08 14:02:51.454,1.88684,1.88727,1.50,1.50
2018.01.08 14:02:51.735,1.88685,1.88729,1.50,1.50
2018.01.08 14:02:51.837,1.88687,1.88728,1.00,1.00
2018.01.08 14:02:52.333,1.88685,1.88728,1.50,1.00
2018.01.08 14:02:53.661,1.88686,1.88729,1.00,1.50
2018.01.08 14:02:54.199,1.8869,1.88731,1.00,1.00
2018.01.08 14:02:54.751,1.88692,1.88733,1.00,1.00
2018.01.08 14:02:55.976,1.88692,1.88734,1.50,1.00
2018.01.08 14:02:56.410,1.88694,1.88736,1.00,1.00
2018.01.08 14:02:56.744,1.88695,1.88734,1.00,1.00
2018.01.08 14:02:56.796,1.88695,1.88737,1.00,1.50
2018.01.08 14:02:57.452,1.88696,1.88737,1.00,1.00
2018.01.08 14:02:58.090,1.88695,1.88737,1.00,1.50
2018.01.08 14:02:58.545,1.88695,1.88735,1.00,1.00
2018.01.08 14:02:58.875,1.88697,1.88735,1.00,1.00
2018.01.08 14:02:59.153,1.88695,1.88735,1.00,1.37
2018.01.08 14:02:59.717,1.88697,1.88735,1.00,1.00
2018.01.08 14:03:00.357,1.88694,1.88733,1.00,1.00
2018.01.08 14:03:01.084,1.88693,1.88733,1.00,1.00
2018.01.08 14:03:02.126,1.88693,1.88734,1.00,1.00
2018.01.08 14:03:02.642,1.88693,1.88733,1.00,1.00
2018.01.08 14:03:04.073,1.88693,1.88734,1.50,1.00
2018.01.08 14:03:04.632,1.88693,1.88733,1.00,1.00
2018.01.08 14:03:08.909,1.88694,1.88735,1.00,1.00
2018.01.08 14:03:10.472,1.88696,1.88736,1.00,1.00
2018.01.08 14:03:11.169,1.88696,1.88734,1.00,1.00
2018.01.08 14:03:11.620,1.88698,1.88734,1.00,1.00
2018.01.08 14:03:12.309,1.88697,1.88734,1.00,1.00
2018.01.08 14:03:12.835,1.88695,1.88734,1.00,1.00
2018.01.08 14:03:13.967,1.88697,1.88734,1.00,1.00
2018.01.08 14:03:14.235,1.887,1.8874,1.00,1.00
2018.01.08 14:03:14.287,1.88704,1.88745,1.00,1.00
2018.01.08 14:03:14.338,1.88706,1.88745,1.00,1.00
2018.01.08 14:03:14.440,1.88706,1.88748,1.00,1.00
2018.01.08 14:03:14.492,1.88705,1.8874,1.00,1.00
2018.01.08 14:03:14.543,1.88699,1.8874,1.00,1.00
2018.01.08 14:03:14.595,1.88699,1.88738,1.00,1.00
2018.01.08 14:03:15.263,1.887,1.88738,1.00,1.00
2018.01.08 14:03:15.551,1.88697,1.88738,1.00,1.87
2018.01.08 14:03:15.831,1.88695,1.88738,1.00,1.87
2018.01.08 14:03:16.382,1.88694,1.88736,1.00,1.50
2018.01.08 14:03:18.300,1.88693,1.88735,1.50,1.00
2018.01.08 14:03:18.685,1.88696,1.88736,1.00,1.00
2018.01.08 14:03:18.838,1.88693,1.88735,1.50,1.00
2018.01.08 14:03:19.586,1.88693,1.88736,1.00,1.50
2018.01.08 14:03:20.094,1.88696,1.88736,1.00,1.00
2018.01.08 14:03:20.345,1.88694,1.88735,1.00,1.00
2018.01.08 14:03:20.570,1.88692,1.88736,1.50,1.50
2018.01.08 14:03:20.965,1.88697,1.88736,1.00,1.00
2018.01.08 14:03:21.017,1.88696,1.88738,1.00,1.00
2018.01.08 14:03:21.274,1.88693,1.88735,1.00,1.00
2018.01.08 14:03:21.325,1.88691,1.88735,1.87,1.00
2018.01.08 14:03:21.837,1.88692,1.88736,1.00,1.00
2018.01.08 14:03:22.501,1.88693,1.88736,1.00,1.00
2018.01.08 14:03:23.863,1.88693,1.88737,1.50,1.50
2018.01.08 14:03:23.914,1.88695,1.88737,1.00,1.50
2018.01.08 14:03:32.574,1.88694,1.88736,1.00,1.00
2018.01.08 14:03:34.299,1.88694,1.88737,1.00,1.00
2018.01.08 14:03:35.107,1.88693,1.88737,1.00,1.00
2018.01.08 14:03:38.192,1.88692,1.88736,1.50,1.00
2018.01.08 14:03:42.303,1.88693,1.88736,1.00,1.00
2018.01.08 14:03:43.004,1.88692,1.88736,1.12,1.00
2018.01.08 14:03:43.413,1.88694,1.88736,1.00,1.00
2018.01.08 14:03:45.320,1.88693,1.88736,1.00,1.00
2018.01.08 14:03:45.747,1.8869,1.88734,1.12,1.00
2018.01.08 14:03:46.986,1.8869,1.88733,1.50,1.00
2018.01.08 14:03:48.162,1.8869,1.88734,1.00,1.00
2018.01.08 14:03:48.665,1.8869,1.88734,1.37,1.00
2018.01.08 14:03:50.180,1.88692,1.88736,1.50,1.00
2018.01.08 14:03:50.232,1.88697,1.88735,1.00,1.12
2018.01.08 14:03:50.283,1.88692,1.88734,1.50,1.00
2018.01.08 14:03:50.865,1.88696,1.88739,1.50,1.37
2018.01.08 14:03:50.917,1.88697,1.8874,1.00,1.00
2018.01.08 14:03:51.424,1.88696,1.88739,1.50,1.12
2018.01.08 14:03:52.960,1.88697,1.88739,1.00,1.00
2018.01.08 14:03:54.063,1.88697,1.8874,1.50,1.00
2018.01.08 14:03:54.114,1.88699,1.8874,1.00,1.00
2018.01.08 14:03:55.370,1.88699,1.88739,1.00,1.00
2018.01.08 14:03:56.107,1.88699,1.8874,1.00,1.00
2018.01.08 14:03:56.438,1.88704,1.88744,1.00,1.00
2018.01.08 14:03:57.152,1.88705,1.88745,1.00,1.00
2018.01.08 14:03:57.458,1.88703,1.88745,1.50,1.00
2018.01.08 14:03:57.981,1.88704,1.88746,1.00,1.00
2018.01.08 14:03:58.367,1.88703,1.88744,1.00,1.00
2018.01.08 14:03:58.520,1.88699,1.88743,1.00,1.50
2018.01.08 14:03:59.177,1.887,1.88742,1.00,1.50
2018.01.08 14:03:59.776,1.88698,1.8874,1.50,1.00
2018.01.08 14:04:00.309,1.887,1.88742,1.00,1.37
2018.01.08 14:04:00.411,1.88701,1.88744,1.00,1.87
2018.01.08 14:04:00.463,1.88701,1.88744,1.00,1.87
2018.01.08 14:04:00.984,1.88702,1.88744,1.00,1.12
2018.01.08 14:04:01.551,1.88703,1.88745,1.00,1.87
2018.01.08 14:04:01.602,1.88703,1.88745,1.00,1.87
2018.01.08 14:04:02.132,1.88702,1.88743,1.00,1.00
2018.01.08 14:04:02.876,1.88702,1.88742,1.00,1.00
2018.01.08 14:04:03.029,1.887,1.88742,1.00,1.00
2018.01.08 14:04:03.232,1.887,1.88741,1.00,1.37
2018.01.08 14:04:03.334,1.887,1.88742,1.00,1.00
2018.01.08 14:04:03.960,1.88702,1.88742,1.00,1.37
2018.01.08 14:04:04.308,1.88705,1.88743,1.00,1.37
2018.01.08 14:04:04.512,1.88703,1.88742,1.00,1.37
2018.01.08 14:04:04.642,1.887,1.88742,1.00,1.37
2018.01.08 14:04:04.694,1.88704,1.88742,1.00,1.37
2018.01.08 14:04:05.202,1.88704,1.88742,1.00,1.12
2018.01.08 14:04:05.802,1.88704,1.88743,1.00,1.12
2018.01.08 14:04:06.303,1.88703,1.88743,1.00,1.12
2018.01.08 14:04:06.893,1.88703,1.88742,1.00,1.00
2018.01.08 14:04:07.046,1.887,1.88742,1.00,1.00
2018.01.08 14:04:08.514,1.88699,1.88742,1.00,1.00
2018.01.08 14:04:10.885,1.88697,1.8874,1.00,1.00
2018.01.08 14:04:11.191,1.88697,1.88737,1.00,1.00
2018.01.08 14:04:11.242,1.88695,1.88737,1.00,1.00
2018.01.08 14:04:11.634,1.88694,1.88739,1.12,1.00
2018.01.08 14:04:12.429,1.88693,1.88738,1.00,1.12
2018.01.08 14:04:12.768,1.88696,1.88738,1.00,1.37
2018.01.08 14:04:12.870,1.88694,1.88738,1.00,1.37
2018.01.08 14:04:13.537,1.88694,1.88735,1.00,1.00
2018.01.08 14:04:13.639,1.88691,1.88735,1.50,1.00
2018.01.08 14:04:14.071,1.88693,1.88736,1.00,1.00
2018.01.08 14:04:14.924,1.88693,1.88735,1.50,1.00
2018.01.08 14:04:15.530,1.88694,1.88736,1.00,1.00
2018.01.08 14:04:16.063,1.88696,1.88737,1.00,1.00
2018.01.08 14:04:16.166,1.88696,1.8874,1.50,1.50
2018.01.08 14:04:16.713,1.88696,1.8874,1.87,1.00
2018.01.08 14:04:17.229,1.88696,1.8874,1.87,1.50
2018.01.08 14:04:17.331,1.88698,1.8874,1.00,1.00
2018.01.08 14:04:17.875,1.88697,1.88741,1.00,1.00
2018.01.08 14:04:18.894,1.88696,1.88741,1.50,1.00
2018.01.08 14:04:19.210,1.88696,1.88738,1.00,1.00
2018.01.08 14:04:19.464,1.88696,1.8874,1.00,1.00
2018.01.08 14:04:20.219,1.88695,1.88739,1.00,1.00
2018.01.08 14:04:21.407,1.88696,1.88739,1.00,1.00
2018.01.08 14:04:23.192,1.88695,1.88739,1.12,1.00
2018.01.08 14:04:24.630,1.88696,1.88739,1.00,1.00
2018.01.08 14:04:25.620,1.88695,1.88739,1.12,1.00
2018.01.08 14:04:27.615,1.88695,1.88737,1.00,1.00
2018.01.08 14:04:27.717,1.88693,1.88738,1.00,1.50
2018.01.08 14:04:30.356,1.88693,1.88737,1.00,1.00
2018.01.08 14:04:30.837,1.88691,1.88736,1.50,1.00
2018.01.08 14:04:33.045,1.8869,1.88734,1.50,1.12
2018.01.08 14:04:33.646,1.8869,1.88733,1.00,1.00
2018.01.08 14:04:34.298,1.88692,1.88736,1.00,1.00
2018.01.08 14:04:35.140,1.88692,1.88737,1.50,1.50
2018.01.08 14:04:35.956,1.88693,1.88737,1.00,1.00
2018.01.08 14:04:36.058,1.88695,1.88737,1.00,1.00
2018.01.08 14:04:36.574,1.88694,1.88737,1.00,1.00
2018.01.08 14:04:37.240,1.88694,1.88738,1.87,1.00
2018.01.08 14:04:38.032,1.88695,1.88738,1.00,1.00
2018.01.08 14:04:38.622,1.88696,1.88738,1.00,1.00
2018.01.08 14:04:38.775,1.88696,1.8874,1.00,1.09
2018.01.08 14:04:38.877,1.88698,1.8874,1.00,1.09
2018.01.08 14:04:39.720,1.88697,1.88741,1.00,1.46
2018.01.08 14:04:41.241,1.88698,1.8874,1.00,1.09
2018.01.08 14:04:41.888,1.88697,1.8874,1.00,1.09
2018.01.08 14:04:43.580,1.88697,1.88738,1.00,1.00
2018.01.08 14:04:43.845,1.88697,1.8874,1.00,1.09
2018.01.08 14:04:43.896,1.88695,1.88738,1.50,1.12
2018.01.08 14:04:44.202,1.88693,1.88734,1.00,1.00
2018.01.08 14:04:44.489,1.88691,1.88733,1.00,1.87
2018.01.08 14:04:45.025,1.8869,1.88733,1.00,1.12
2018.01.08 14:04:45.862,1.8869,1.88732,1.00,1.00
2018.01.08 14:04:46.470,1.88689,1.88733,1.00,1.87
2018.01.08 14:04:46.734,1.88689,1.88731,1.00,1.00
2018.01.08 14:04:47.274,1.88686,1.88727,1.00,1.00
2018.01.08 14:04:47.687,1.88686,1.88729,1.00,1.00
2018.01.08 14:04:48.232,1.88687,1.88729,1.00,1.00
2018.01.08 14:04:49.384,1.88687,1.88726,1.00,1.00
2018.01.08 14:04:49.897,1.88688,1.88729,1.00,1.00
2018.01.08 14:04:49.949,1.88692,1.8873,1.00,1.00
2018.01.08 14:04:50.000,1.88696,1.88737,1.00,1.37
2018.01.08 14:04:50.103,1.88702,1.8874,1.00,1.00
2018.01.08 14:04:50.155,1.88704,1.88746,1.00,1.00
2018.01.08 14:04:50.308,1.88704,1.88748,1.00,1.12
2018.01.08 14:04:50.665,1.88706,1.88749,1.50,1.12
2018.01.08 14:04:51.233,1.88707,1.8875,1.00,1.00
2018.01.08 14:04:52.346,1.88708,1.88751,1.00,1.87
2018.01.08 14:04:52.851,1.88709,1.88751,1.00,1.87
2018.01.08 14:04:53.399,1.88709,1.88751,1.00,1.50
2018.01.08 14:04:54.216,1.88709,1.88752,1.50,1.00
2018.01.08 14:04:55.254,1.88707,1.88748,1.00,1.00
2018.01.08 14:04:55.305,1.88707,1.88751,1.00,1.12
2018.01.08 14:04:55.357,1.88706,1.88749,1.00,1.00
2018.01.08 14:04:55.909,1.88707,1.88749,1.00,1.00
2018.01.08 14:04:56.477,1.88707,1.8875,1.50,1.00
2018.01.08 14:04:57.343,1.88707,1.88749,1.00,1.00
2018.01.08 14:04:58.063,1.88707,1.88751,1.00,1.00
2018.01.08 14:04:58.721,1.88708,1.88751,1.00,1.00
2018.01.08 14:04:59.956,1.88708,1.88752,1.00,1.00
2018.01.08 14:05:00.115,1.88708,1.8875,1.00,1.00
2018.01.08 14:05:01.250,1.88708,1.88751,1.00,1.00
2018.01.08 14:05:01.837,1.88711,1.88753,1.00,1.00
2018.01.08 14:05:02.359,1.88711,1.88754,1.50,1.00
2018.01.08 14:05:03.091,1.88713,1.88754,1.00,1.00
2018.01.08 14:05:03.783,1.88714,1.88757,1.00,1.00
2018.01.08 14:05:03.835,1.88724,1.88761,1.00,1.00
2018.01.08 14:05:03.993,1.88726,1.88769,1.00,1.00
2018.01.08 14:05:04.497,1.88726,1.8877,1.00,1.00
2018.01.08 14:05:04.650,1.88729,1.88772,1.00,1.00
2018.01.08 14:05:05.195,1.8873,1.88771,1.00,1.00
2018.01.08 14:05:05.714,1.8873,1.8877,1.00,1.00
2018.01.08 14:05:05.766,1.88727,1.8877,1.50,1.00
2018.01.08 14:05:06.031,1.88727,1.88768,1.12,1.00
2018.01.08 14:05:06.807,1.88728,1.88768,1.00,1.00
2018.01.08 14:05:07.532,1.88728,1.8877,1.00,1.00
2018.01.08 14:05:10.093,1.88732,1.8877,1.00,1.00
2018.01.08 14:05:11.833,1.88729,1.8877,1.00,1.00
2018.01.08 14:05:11.885,1.88731,1.88771,1.12,1.00
2018.01.08 14:05:12.213,1.8873,1.88769,1.00,1.00
2018.01.08 14:05:12.410,1.88728,1.88769,1.00,1.00
2018.01.08 14:05:12.666,1.88726,1.88769,1.00,1.50
2018.01.08 14:05:12.889,1.88726,1.88767,1.00,1.00
2018.01.08 14:05:13.420,1.88727,1.88768,1.00,1.50
2018.01.08 14:05:14.420,1.88725,1.88768,1.00,1.50
2018.01.08 14:05:16.329,1.88727,1.88768,1.00,1.50
2018.01.08 14:05:17.980,1.88726,1.88761,1.00,1.00
2018.01.08 14:05:18.082,1.88719,1.88759,1.00,1.12
2018.01.08 14:05:18.291,1.88715,1.88758,1.50,1.87
2018.01.08 14:05:18.342,1.88718,1.88758,1.00,1.37
2018.01.08 14:05:18.866,1.88717,1.88757,1.00,1.12
2018.01.08 14:05:18.918,1.88719,1.8876,1.00,1.00
2018.01.08 14:05:18.969,1.88718,1.88758,1.00,1.00
2018.01.08 14:05:19.502,1.88717,1.88758,1.00,1.87
2018.01.08 14:05:20.005,1.88717,1.88758,1.00,1.87
2018.01.08 14:05:20.585,1.88717,1.88758,1.00,1.37
2018.01.08 14:05:20.637,1.88715,1.88758,1.00,1.37
2018.01.08 14:05:21.163,1.88716,1.88756,1.00,1.12
2018.01.08 14:05:21.691,1.88716,1.88757,1.00,1.12
2018.01.08 14:05:21.864,1.88716,1.88755,1.00,1.00
2018.01.08 14:05:21.915,1.88712,1.88753,1.00,1.00
2018.01.08 14:05:22.068,1.88712,1.88755,1.50,1.00
2018.01.08 14:05:22.119,1.88717,1.88756,1.00,1.12
2018.01.08 14:05:22.740,1.88717,1.88753,1.00,1.00
2018.01.08 14:05:22.944,1.88717,1.88755,1.00,1.00
2018.01.08 14:05:23.451,1.88718,1.88756,1.00,1.12
2018.01.08 14:05:23.681,1.88715,1.88756,1.00,1.00
2018.01.08 14:05:24.335,1.88716,1.88756,1.00,1.00
2018.01.08 14:05:24.487,1.88714,1.88756,1.00,1.00
2018.01.08 14:05:25.021,1.88715,1.88757,1.00,1.50
2018.01.08 14:05:25.386,1.8872,1.88756,1.00,1.00
2018.01.08 14:05:27.136,1.8872,1.88757,1.00,1.00
2018.01.08 14:05:27.239,1.8872,1.8876,1.00,1.00
2018.01.08 14:05:27.290,1.88722,1.8876,1.00,1.00
2018.01.08 14:05:27.796,1.88721,1.88761,1.00,1.00
2018.01.08 14:05:28.143,1.88719,1.88761,1.00,1.00
2018.01.08 14:05:28.348,1.88721,1.88762,1.00,1.00
2018.01.08 14:05:28.490,1.88725,1.88767,1.00,1.00
2018.01.08 14:05:28.542,1.88728,1.88769,1.00,1.00
2018.01.08 14:05:29.064,1.88728,1.88763,1.00,1.00
2018.01.08 14:05:29.115,1.88725,1.88763,1.00,1.00
2018.01.08 14:05:29.217,1.88723,1.88762,1.00,1.00
2018.01.08 14:05:29.783,1.88723,1.88763,1.00,1.00
2018.01.08 14:05:30.190,1.88724,1.88765,1.00,1.00
2018.01.08 14:05:30.756,1.88725,1.88766,1.00,1.00
2018.01.08 14:05:31.410,1.88724,1.88766,1.00,1.00
2018.01.08 14:05:34.082,1.88727,1.88766,1.00,1.00
2018.01.08 14:05:34.243,1.88727,1.88768,1.00,1.50
2018.01.08 14:05:34.794,1.88726,1.88767,1.00,1.00
2018.01.08 14:05:35.568,1.88722,1.88763,1.00,1.00
2018.01.08 14:05:36.103,1.88722,1.88764,1.00,1.00
2018.01.08 14:05:38.158,1.88725,1.88765,1.00,1.00
2018.01.08 14:05:38.224,1.88726,1.88767,1.00,1.00
2018.01.08 14:05:38.276,1.8873,1.88771,1.00,1.12
2018.01.08 14:05:38.714,1.88732,1.88772,1.00,1.00
2018.01.08 14:05:39.100,1.88732,1.88774,1.00,1.00
2018.01.08 14:05:40.614,1.88732,1.88772,1.00,1.00
2018.01.08 14:05:41.354,1.88732,1.88773,1.00,1.50
2018.01.08 14:05:44.330,1.88732,1.88772,1.00,1.00
2018.01.08 14:05:44.911,1.88732,1.88773,1.00,1.50
2018.01.08 14:05:46.717,1.88732,1.88772,1.00,1.00
2018.01.08 14:05:46.769,1.88728,1.8877,1.00,1.00
2018.01.08 14:05:46.871,1.88728,1.88768,1.00,1.00
2018.01.08 14:05:46.922,1.88726,1.88768,1.00,1.50
2018.01.08 14:05:47.737,1.88729,1.8877,1.00,1.00
2018.01.08 14:05:48.335,1.88727,1.88769,1.00,1.00
2018.01.08 14:05:48.883,1.88726,1.88769,1.50,1.00
2018.01.08 14:05:50.044,1.88726,1.88767,1.50,1.00
2018.01.08 14:05:50.572,1.88727,1.88767,1.00,1.00
2018.01.08 14:05:50.761,1.88733,1.88775,1.50,1.00
2018.01.08 14:05:50.864,1.88737,1.88778,1.00,1.00
2018.01.08 14:05:50.967,1.88738,1.8878,1.00,1.50
2018.01.08 14:05:51.456,1.88738,1.88778,1.00,1.00
2018.01.08 14:05:51.508,1.88734,1.88775,1.00,1.50
2018.01.08 14:05:51.560,1.88734,1.88773,1.00,1.00
2018.01.08 14:05:51.827,1.88732,1.88773,1.00,1.00
2018.01.08 14:05:51.880,1.88732,1.88775,1.00,1.00
2018.01.08 14:05:52.176,1.88737,1.88776,1.00,1.37
2018.01.08 14:05:52.398,1.88734,1.88773,1.00,1.00
2018.01.08 14:05:52.449,1.88731,1.88772,1.00,1.50
2018.01.08 14:05:52.501,1.8873,1.8877,1.00,1.00
2018.01.08 14:05:52.705,1.8873,1.88772,1.00,1.50
2018.01.08 14:05:53.256,1.88731,1.88772,1.00,1.00
2018.01.08 14:05:53.835,1.8873,1.88771,1.50,1.00
2018.01.08 14:05:54.197,1.8873,1.88773,1.50,1.00
2018.01.08 14:05:54.300,1.88732,1.88775,1.00,1.50
2018.01.08 14:05:54.644,1.88735,1.88775,1.00,1.00
2018.01.08 14:05:54.949,1.88733,1.88774,1.00,1.00
2018.01.08 14:05:55.476,1.88734,1.88775,1.00,1.00
2018.01.08 14:05:56.614,1.88731,1.88772,1.00,1.00
2018.01.08 14:05:57.032,1.8873,1.88775,1.00,1.50
2018.01.08 14:05:57.684,1.88731,1.88773,1.00,1.00
2018.01.08 14:05:58.045,1.88729,1.88773,1.00,1.50
2018.01.08 14:05:58.592,1.88731,1.88776,1.50,1.00
2018.01.08 14:05:58.694,1.88732,1.88774,1.00,1.00
2018.01.08 14:05:58.796,1.8873,1.88775,1.50,1.50
2018.01.08 14:05:58.950,1.8873,1.88772,1.50,1.00
2018.01.08 14:05:59.493,1.8873,1.88773,1.00,1.00
2018.01.08 14:05:59.929,1.88729,1.88771,1.00,1.00
2018.01.08 14:06:00.388,1.88727,1.88771,1.00,1.00
2018.01.08 14:06:00.568,1.88727,1.88769,1.00,1.00
2018.01.08 14:06:00.908,1.88725,1.88769,1.50,1.00
2018.01.08 14:06:01.519,1.88724,1.88769,1.50,1.50
2018.01.08 14:06:01.569,1.88724,1.88767,1.50,1.00
2018.01.08 14:06:02.301,1.88725,1.88767,1.00,1.00
2018.01.08 14:06:03.806,1.88723,1.88765,1.00,1.00
2018.01.08 14:06:04.219,1.88721,1.88762,1.00,1.00
2018.01.08 14:06:04.373,1.88721,1.88764,1.00,1.00
2018.01.08 14:06:04.578,1.8872,1.88762,1.00,1.00
2018.01.08 14:06:04.629,1.8872,1.88764,1.00,1.50
2018.01.08 14:06:04.983,1.88719,1.8876,1.00,1.12
2018.01.08 14:06:05.187,1.88711,1.88753,1.00,1.00
2018.01.08 14:06:05.976,1.8871,1.88753,1.00,1.50
2018.01.08 14:06:06.266,1.8871,1.88751,1.00,1.00
2018.01.08 14:06:07.246,1.88711,1.88751,1.00,1.00
2018.01.08 14:06:07.530,1.88709,1.88751,1.50,1.00
2018.01.08 14:06:08.001,1.8871,1.88753,1.50,1.50
2018.01.08 14:06:08.611,1.88709,1.88752,2.25,1.00
2018.01.08 14:06:09.195,1.8871,1.88752,1.00,1.00
2018.01.08 14:06:11.188,1.88709,1.88751,1.00,1.00
2018.01.08 14:06:11.875,1.8871,1.88752,1.00,1.50
2018.01.08 14:06:14.423,1.8871,1.88754,1.00,1.50
2018.01.08 14:06:14.826,1.88712,1.88754,1.00,1.00
2018.01.08 14:06:15.346,1.88711,1.88753,1.00,1.00
2018.01.08 14:06:15.549,1.88711,1.88755,1.00,1.00
2018.01.08 14:06:16.525,1.88713,1.88755,1.00,1.00
2018.01.08 14:06:16.797,1.88711,1.88755,1.00,1.00
2018.01.08 14:06:19.266,1.8871,1.88754,1.00,1.00
2018.01.08 14:06:21.395,1.88713,1.88755,1.00,1.00
2018.01.08 14:06:21.446,1.88713,1.88757,1.00,1.50
2018.01.08 14:06:21.498,1.88713,1.88755,1.00,1.00
2018.01.08 14:06:21.816,1.8872,1.88762,1.00,1.00
2018.01.08 14:06:21.956,1.88721,1.88764,1.00,1.50
2018.01.08 14:06:22.009,1.88723,1.88765,1.00,1.00
2018.01.08 14:06:22.060,1.88719,1.88763,1.50,1.00
2018.01.08 14:06:22.112,1.88717,1.88759,1.50,1.00
2018.01.08 14:06:22.661,1.88716,1.8876,1.00,1.50
2018.01.08 14:06:23.039,1.88716,1.88753,1.00,1.00
2018.01.08 14:06:23.090,1.88716,1.88757,1.00,1.09
2018.01.08 14:06:23.327,1.8871,1.88752,1.50,1.00
2018.01.08 14:06:23.380,1.88712,1.88755,1.00,1.50
2018.01.08 14:06:23.886,1.88711,1.88755,1.00,1.37
2018.01.08 14:06:24.040,1.88709,1.88753,1.50,1.00
2018.01.08 14:06:24.091,1.88712,1.8875,1.00,1.00
2018.01.08 14:06:24.142,1.88712,1.88754,1.00,1.12
2018.01.08 14:06:24.673,1.88712,1.88753,1.00,1.00
2018.01.08 14:06:25.200,1.88712,1.88751,1.00,1.00
2018.01.08 14:06:25.252,1.88712,1.88754,1.00,1.00
2018.01.08 14:06:25.560,1.88712,1.88751,1.00,1.00
2018.01.08 14:06:25.814,1.88716,1.8876,1.00,1.46
2018.01.08 14:06:25.866,1.88714,1.88757,1.50,1.09
2018.01.08 14:06:25.996,1.88717,1.88759,1.00,1.34
2018.01.08 14:06:26.449,1.88722,1.88763,1.00,1.71
2018.01.08 14:06:26.551,1.88719,1.88763,1.00,2.21
2018.01.08 14:06:26.753,1.88722,1.88763,1.00,1.71
2018.01.08 14:06:27.068,1.8872,1.88762,1.00,1.46
2018.01.08 14:06:28.049,1.88721,1.88762,1.00,1.46
2018.01.08 14:06:28.950,1.88718,1.88761,1.00,1.34
2018.01.08 14:06:30.568,1.88714,1.88756,1.37,1.00
2018.01.08 14:06:30.620,1.88714,1.88758,1.87,1.50
2018.01.08 14:06:30.672,1.88716,1.88756,1.12,1.00
2018.01.08 14:06:30.723,1.88716,1.88758,1.00,1.00
2018.01.08 14:06:31.030,1.88714,1.88756,1.00,1.00
2018.01.08 14:06:31.223,1.88715,1.88758,1.00,1.00
2018.01.08 14:06:31.276,1.88705,1.88746,1.00,1.00
2018.01.08 14:06:31.772,1.88703,1.88745,1.00,1.00
2018.01.08 14:06:32.718,1.88704,1.88745,1.00,1.00
2018.01.08 14:06:32.769,1.88704,1.88747,1.00,1.00
2018.01.08 14:06:33.023,1.88706,1.88747,1.00,1.00
2018.01.08 14:06:33.633,1.88705,1.88748,1.00,1.00
2018.01.08 14:06:34.220,1.88704,1.88747,1.50,1.00
2018.01.08 14:06:35.018,1.88704,1.88746,1.00,1.00
2018.01.08 14:06:35.534,1.88703,1.88745,1.00,1.50
2018.01.08 14:06:35.778,1.88703,1.88747,2.25,1.50
2018.01.08 14:06:36.399,1.88703,1.88746,2.25,1.00
2018.01.08 14:06:38.500,1.88706,1.88747,1.00,1.50
2018.01.08 14:06:38.809,1.88706,1.88745,1.00,1.00
2018.01.08 14:06:39.348,1.88706,1.88746,1.00,1.00
2018.01.08 14:06:39.893,1.88705,1.88746,1.50,1.00
2018.01.08 14:06:44.233,1.88705,1.88744,1.00,1.00
2018.01.08 14:06:44.335,1.88703,1.88744,1.00,1.00
2018.01.08 14:06:45.103,1.88703,1.88745,1.00,1.00
2018.01.08 14:06:45.627,1.88704,1.88746,1.00,1.00
2018.01.08 14:06:46.525,1.88711,1.88747,1.00,1.00
2018.01.08 14:06:46.627,1.88712,1.88749,1.00,1.46
2018.01.08 14:06:46.678,1.8871,1.88749,1.00,1.46
2018.01.08 14:06:47.021,1.88709,1.88749,1.00,1.46
2018.01.08 14:06:47.322,1.88707,1.88746,1.00,1.37
2018.01.08 14:06:47.640,1.88717,1.88751,1.00,1.34
2018.01.08 14:06:47.953,1.88722,1.88752,1.00,1.34
2018.01.08 14:06:48.209,1.88719,1.88752,1.00,1.34
2018.01.08 14:06:48.262,1.88719,1.88748,1.00,1.34
2018.01.08 14:06:48.314,1.88718,1.8875,1.00,1.00
2018.01.08 14:06:48.365,1.8872,1.88751,1.00,1.00
2018.01.08 14:06:48.636,1.88722,1.88755,1.00,1.46
2018.01.08 14:06:48.840,1.88724,1.88755,1.00,1.46
2018.01.08 14:06:49.147,1.88724,1.88753,1.00,1.00
2018.01.08 14:06:49.346,1.88724,1.88756,1.00,1.50
2018.01.08 14:06:49.397,1.88726,1.88756,1.00,1.00
2018.01.08 14:06:49.551,1.88726,1.88759,1.00,1.00
2018.01.08 14:06:49.602,1.88727,1.88761,1.00,1.00
2018.01.08 14:06:49.705,1.88727,1.88759,1.00,1.00
2018.01.08 14:06:50.320,1.88728,1.88759,1.00,1.00
2018.01.08 14:06:50.422,1.88727,1.88762,1.00,1.87
2018.01.08 14:06:50.963,1.88728,1.8876,1.00,1.00
2018.01.08 14:06:51.285,1.88728,1.88762,1.00,1.87
2018.01.08 14:06:51.814,1.88729,1.88762,1.00,1.87
2018.01.08 14:06:52.326,1.8873,1.88762,1.00,1.12
2018.01.08 14:06:52.377,1.88728,1.88762,1.00,1.12
2018.01.08 14:06:53.320,1.88729,1.88762,1.00,1.12
2018.01.08 14:06:53.866,1.8873,1.88762,1.00,1.00
2018.01.08 14:06:54.269,1.88728,1.88762,1.00,1.00
2018.01.08 14:06:54.321,1.88729,1.88765,1.00,1.84
2018.01.08 14:06:54.503,1.88732,1.88766,1.00,1.09
2018.01.08 14:06:54.788,1.88728,1.88768,1.00,1.71
2018.01.08 14:06:54.841,1.88726,1.88767,1.00,1.46
2018.01.08 14:06:55.184,1.8873,1.88769,1.00,1.71
2018.01.08 14:06:55.650,1.8873,1.88771,1.00,1.37
2018.01.08 14:06:56.178,1.88729,1.8877,1.00,1.50
2018.01.08 14:06:56.771,1.88728,1.88771,1.00,1.37
2018.01.08 14:06:56.823,1.88726,1.88767,1.50,1.37
2018.01.08 14:06:57.353,1.88725,1.88766,1.00,1.50
2018.01.08 14:06:57.663,1.88727,1.88767,1.00,1.09
2018.01.08 14:06:58.278,1.88727,1.88768,1.00,1.84
2018.01.08 14:06:58.618,1.88727,1.88766,1.00,1.37
2018.01.08 14:06:59.126,1.88727,1.88767,1.00,1.84
2018.01.08 14:06:59.178,1.88727,1.88767,1.00,1.46
2018.01.08 14:06:59.358,1.88724,1.88766,1.00,1.00
2018.01.08 14:06:59.461,1.88721,1.88764,1.50,1.00
2018.01.08 14:06:59.882,1.88723,1.88765,1.00,1.00
2018.01.08 14:07:00.225,1.88726,1.88765,1.00,1.00
2018.01.08 14:07:00.378,1.88726,1.88768,1.00,2.21
2018.01.08 14:07:00.662,1.88726,1.88765,1.00,1.00
2018.01.08 14:07:00.818,1.88724,1.88764,1.00,1.00
2018.01.08 14:07:01.610,1.88724,1.88765,1.00,1.00
2018.01.08 14:07:01.849,1.88726,1.88767,1.50,1.12
2018.01.08 14:07:02.540,1.88728,1.88769,1.00,1.50
2018.01.08 14:07:03.345,1.88728,1.88768,1.00,1.00
2018.01.08 14:07:03.807,1.88728,1.8877,1.00,1.12
2018.01.08 14:07:03.858,1.8873,1.8877,1.00,1.12
2018.01.08 14:07:04.165,1.88731,1.88768,1.00,1.00
2018.01.08 14:07:05.012,1.88731,1.8877,1.00,1.00
2018.01.08 14:07:05.192,1.88729,1.88769,1.00,1.00
2018.01.08 14:07:05.499,1.88733,1.88772,1.00,1.00
2018.01.08 14:07:05.550,1.88733,1.88774,1.00,2.21
2018.01.08 14:07:05.652,1.88735,1.88774,1.00,1.46
2018.01.08 14:07:06.182,1.88734,1.88774,1.00,1.46
2018.01.08 14:07:06.725,1.88735,1.88774,1.00,1.46
2018.01.08 14:07:07.319,1.88735,1.88773,1.00,1.00
2018.01.08 14:07:08.009,1.88737,1.88773,1.00,1.00
2018.01.08 14:07:08.768,1.88737,1.88775,1.00,1.12
2018.01.08 14:07:09.072,1.88733,1.88775,1.00,1.12
2018.01.08 14:07:09.124,1.88733,1.88775,1.00,1.37
2018.01.08 14:07:09.429,1.88737,1.88772,1.00,1.12
2018.01.08 14:07:09.480,1.88734,1.88775,1.00,1.00
2018.01.08 14:07:09.582,1.88742,1.88784,1.50,1.37
2018.01.08 14:07:09.736,1.88737,1.8878,1.50,1.87
2018.01.08 14:07:09.842,1.88737,1.88778,1.00,1.00
2018.01.08 14:07:10.171,1.88739,1.88779,1.00,1.00
2018.01.08 14:07:11.160,1.88738,1.88779,1.50,1.50
2018.01.08 14:07:11.772,1.88738,1.88778,1.00,1.00
2018.01.08 14:07:11.874,1.88738,1.8878,1.00,1.12
2018.01.08 14:07:11.926,1.88738,1.88778,1.00,1.37
2018.01.08 14:07:12.028,1.88738,1.88779,1.00,1.00
2018.01.08 14:07:12.503,1.88738,1.88778,1.00,1.37
2018.01.08 14:07:13.159,1.88739,1.8878,1.00,1.87
2018.01.08 14:07:15.163,1.88734,1.88777,1.50,1.50
2018.01.08 14:07:15.720,1.88735,1.88777,1.00,1.00
2018.01.08 14:07:16.110,1.88734,1.88775,1.00,1.00
2018.01.08 14:07:16.784,1.88735,1.88775,1.00,1.00
2018.01.08 14:07:17.897,1.88735,1.88774,1.00,1.00
2018.01.08 14:07:18.041,1.88731,1.88774,1.50,1.50
2018.01.08 14:07:19.252,1.88733,1.88774,1.00,1.00
2018.01.08 14:07:22.365,1.88731,1.88774,1.50,1.50
2018.01.08 14:07:22.557,1.88735,1.88776,1.00,1.87
2018.01.08 14:07:22.865,1.88728,1.88765,1.00,1.00
2018.01.08 14:07:23.390,1.88728,1.88766,1.00,1.00
2018.01.08 14:07:24.161,1.88726,1.88766,1.00,1.00
2018.01.08 14:07:24.213,1.88724,1.88763,1.00,1.00
2018.01.08 14:07:24.265,1.88724,1.88766,1.00,1.00
2018.01.08 14:07:24.612,1.88726,1.88765,1.00,1.00
2018.01.08 14:07:25.117,1.88726,1.88766,1.00,1.00
2018.01.08 14:07:25.775,1.88723,1.88765,1.00,1.00
2018.01.08 14:07:26.053,1.88723,1.88762,1.00,1.00
2018.01.08 14:07:26.520,1.88723,1.8876,1.00,1.00
2018.01.08 14:07:26.892,1.88725,1.8876,1.00,1.00
2018.01.08 14:07:26.994,1.88722,1.8876,1.00,1.00
2018.01.08 14:07:27.528,1.88723,1.8876,1.00,1.00
2018.01.08 14:07:28.023,1.88723,1.88763,1.00,1.00
2018.01.08 14:07:30.489,1.88724,1.88763,1.00,1.00
2018.01.08 14:07:30.592,1.88725,1.88765,1.50,1.00
2018.01.08 14:07:31.030,1.8873,1.88767,1.00,1.00
2018.01.08 14:07:31.168,1.8873,1.88771,1.00,1.00
2018.01.08 14:07:31.220,1.88733,1.88773,1.00,1.00
2018.01.08 14:07:32.911,1.88732,1.88773,1.50,1.50
2018.01.08 14:07:33.520,1.88732,1.88772,1.00,1.00
2018.01.08 14:07:34.037,1.88733,1.88773,1.00,1.00
2018.01.08 14:07:34.365,1.88733,1.88771,1.00,1.00
2018.01.08 14:07:35.635,1.88733,1.8877,1.00,1.00
2018.01.08 14:07:35.686,1.88733,1.88773,1.00,1.00
2018.01.08 14:07:36.206,1.88732,1.88772,1.00,1.00
2018.01.08 14:07:36.808,1.88731,1.88771,1.00,1.00
2018.01.08 14:07:41.373,1.88731,1.8877,1.00,1.00
2018.01.08 14:07:41.877,1.8873,1.88771,1.50,1.00
2018.01.08 14:07:43.140,1.88728,1.88769,1.00,1.00
2018.01.08 14:07:43.454,1.88725,1.88764,1.00,1.00
2018.01.08 14:07:43.685,1.88723,1.88764,1.00,1.00
2018.01.08 14:07:44.233,1.88722,1.88763,1.00,1.00
2018.01.08 14:07:44.284,1.88725,1.88763,1.00,1.00
2018.01.08 14:07:44.847,1.88723,1.88763,1.00,1.00
2018.01.08 14:07:44.898,1.88724,1.8876,1.00,1.00
2018.01.08 14:07:45.126,1.88724,1.88762,1.00,1.00
2018.01.08 14:07:45.328,1.88724,1.88764,1.00,1.00
2018.01.08 14:07:45.770,1.88724,1.88762,1.00,1.00
2018.01.08 14:07:46.022,1.88724,1.88765,1.00,1.00
2018.01.08 14:07:46.390,1.88724,1.88762,1.00,1.00
2018.01.08 14:07:47.158,1.88724,1.88763,1.00,1.00
2018.01.08 14:07:49.396,1.88725,1.88763,1.00,1.00
2018.01.08 14:07:49.549,1.88723,1.88762,1.00,1.00
2018.01.08 14:07:50.786,1.88723,1.88764,1.00,1.50
2018.01.08 14:07:50.930,1.88723,1.88761,1.00,1.00
2018.01.08 14:07:52.614,1.88721,1.88761,1.00,1.00
2018.01.08 14:07:53.495,1.88723,1.88761,1.00,1.00
2018.01.08 14:07:53.547,1.88721,1.88761,1.00,1.00
2018.01.08 14:07:53.599,1.88721,1.88763,1.50,1.00
2018.01.08 14:07:53.803,1.88723,1.88762,1.00,1.00
2018.01.08 14:07:56.916,1.88721,1.88762,1.00,1.00
2018.01.08 14:07:56.968,1.88723,1.88762,1.00,1.00
2018.01.08 14:07:57.590,1.88723,1.88766,1.00,1.50
2018.01.08 14:07:57.939,1.88722,1.88763,1.00,1.00
2018.01.08 14:07:58.444,1.88723,1.88764,1.50,1.00
2018.01.08 14:08:00.761,1.88723,1.88765,1.00,1.00
2018.01.08 14:08:01.063,1.88725,1.88765,1.00,1.00
2018.01.08 14:08:01.627,1.88725,1.88766,1.50,1.00
2018.01.08 14:08:02.669,1.88724,1.88765,1.00,1.00
2018.01.08 14:08:03.198,1.88723,1.88764,1.00,1.00
2018.01.08 14:08:03.441,1.88724,1.88767,1.50,1.00
2018.01.08 14:08:03.948,1.88725,1.88767,1.00,1.00
2018.01.08 14:08:07.022,1.88725,1.88766,1.00,1.00
2018.01.08 14:08:07.580,1.88724,1.88766,1.00,1.50
2018.01.08 14:08:11.405,1.88725,1.88766,1.00,1.00
2018.01.08 14:08:15.127,1.88724,1.88766,1.50,1.00
2018.01.08 14:08:16.087,1.88722,1.88763,1.50,1.00
2018.01.08 14:08:16.138,1.88722,1.88766,1.50,1.50
2018.01.08 14:08:16.321,1.88722,1.88763,1.00,1.00
2018.01.08 14:08:16.677,1.88724,1.88766,1.00,1.00
2018.01.08 14:08:17.314,1.88723,1.88766,1.00,1.50
2018.01.08 14:08:19.156,1.88724,1.88766,1.00,1.00
2018.01.08 14:08:19.360,1.88722,1.88765,1.50,1.00
2018.01.08 14:08:20.131,1.88723,1.88766,1.00,1.00
2018.01.08 14:08:20.696,1.88724,1.88767,1.00,1.12
2018.01.08 14:08:21.388,1.88725,1.88767,1.00,1.00
2018.01.08 14:08:21.541,1.88725,1.88765,1.00,1.00
2018.01.08 14:08:21.698,1.88725,1.88767,1.00,1.00
2018.01.08 14:08:22.202,1.88724,1.88767,1.00,1.00
2018.01.08 14:08:23.600,1.88725,1.88767,1.00,1.00
2018.01.08 14:08:25.812,1.88723,1.88764,1.00,1.00
2018.01.08 14:08:26.466,1.88722,1.88763,1.00,1.00
2018.01.08 14:08:26.980,1.88722,1.88765,1.00,1.50
2018.01.08 14:08:28.112,1.8872,1.88762,1.00,1.00
2018.01.08 14:08:28.425,1.88718,1.88761,1.00,1.00
2018.01.08 14:08:29.931,1.88717,1.8876,1.00,1.00
2018.01.08 14:08:32.130,1.88716,1.88759,1.00,1.00
2018.01.08 14:08:34.797,1.88717,1.88759,1.00,1.00
2018.01.08 14:08:34.900,1.88712,1.88754,1.34,1.00
2018.01.08 14:08:35.105,1.88706,1.88749,1.34,1.00
2018.01.08 14:08:35.259,1.88705,1.88746,1.00,1.00
2018.01.08 14:08:35.515,1.887,1.88743,1.00,1.00
2018.01.08 14:08:35.943,1.88702,1.88743,1.00,1.00
2018.01.08 14:08:36.974,1.88703,1.88744,1.00,1.00
2018.01.08 14:08:37.242,1.88703,1.88746,1.00,1.50
2018.01.08 14:08:37.775,1.88704,1.88746,1.00,1.00
2018.01.08 14:08:40.462,1.88705,1.88747,1.00,1.00
2018.01.08 14:08:41.074,1.88705,1.88748,1.00,1.00
2018.01.08 14:08:41.561,1.88707,1.88748,1.00,1.00
2018.01.08 14:08:42.065,1.88707,1.88747,1.00,1.00
2018.01.08 14:08:48.691,1.88706,1.88749,1.00,1.00
2018.01.08 14:08:49.899,1.88705,1.88748,1.00,1.00
2018.01.08 14:08:49.951,1.88703,1.88746,1.00,1.50
2018.01.08 14:08:50.426,1.88702,1.88743,1.00,1.00
2018.01.08 14:08:50.989,1.88702,1.88742,1.00,1.00
2018.01.08 14:08:51.521,1.88702,1.88743,1.00,1.00
2018.01.08 14:08:53.374,1.88699,1.8874,1.09,1.00
2018.01.08 14:08:54.647,1.88698,1.88739,1.00,1.00
2018.01.08 14:08:54.984,1.88689,1.8873,1.00,1.00
2018.01.08 14:08:55.442,1.88689,1.88732,1.00,1.00
2018.01.08 14:08:56.525,1.88691,1.88732,1.00,1.00
2018.01.08 14:08:56.576,1.88689,1.88732,1.00,1.00
2018.01.08 14:08:57.702,1.88689,1.8873,1.00,1.00
2018.01.08 14:08:59.198,1.88689,1.88732,1.00,1.50
2018.01.08 14:08:59.970,1.88693,1.88735,1.00,1.00
2018.01.08 14:09:00.482,1.88693,1.88736,1.00,1.00
2018.01.08 14:09:01.162,1.88696,1.88737,1.00,1.00
2018.01.08 14:09:01.701,1.88695,1.88736,1.00,1.00
2018.01.08 14:09:02.270,1.88694,1.88735,1.00,1.00
2018.01.08 14:09:02.805,1.88695,1.88736,1.00,1.00
2018.01.08 14:09:03.205,1.88697,1.88738,1.00,1.00
2018.01.08 14:09:03.985,1.88697,1.88739,1.00,1.00
2018.01.08 14:09:04.814,1.88694,1.88737,1.00,1.00
2018.01.08 14:09:05.018,1.88698,1.88736,1.00,1.00
2018.01.08 14:09:05.171,1.88698,1.88738,1.00,1.00
2018.01.08 14:09:05.676,1.88698,1.88737,1.00,1.00
2018.01.08 14:09:05.728,1.88698,1.88739,1.00,1.50
2018.01.08 14:09:06.315,1.88696,1.88739,1.00,1.50
2018.01.08 14:09:07.188,1.88696,1.88738,1.00,1.00
2018.01.08 14:09:08.018,1.88694,1.88737,1.00,1.00
2018.01.08 14:09:08.070,1.88696,1.88737,1.00,1.00
2018.01.08 14:09:12.326,1.88698,1.88737,1.00,1.00
2018.01.08 14:09:12.529,1.88698,1.88739,1.00,1.50
2018.01.08 14:09:12.838,1.88699,1.88741,1.00,1.00
2018.01.08 14:09:13.474,1.88701,1.88742,1.00,1.50
2018.01.08 14:09:14.408,1.88702,1.88742,1.00,1.00
2018.01.08 14:09:14.685,1.88703,1.88744,1.00,1.00
2018.01.08 14:09:15.025,1.88704,1.88747,1.00,1.50
2018.01.08 14:09:16.094,1.88704,1.88745,1.00,1.00
2018.01.08 14:09:18.224,1.88704,1.88745,1.00,1.37
2018.01.08 14:09:19.148,1.88704,1.88745,1.00,1.00
2018.01.08 14:09:21.367,1.8871,1.88747,1.00,1.00
2018.01.08 14:09:21.418,1.88711,1.8875,1.00,1.00
2018.01.08 14:09:21.625,1.88707,1.88748,1.00,1.00
2018.01.08 14:09:22.027,1.8871,1.8875,1.00,1.00
2018.01.08 14:09:22.091,1.88708,1.8875,1.00,1.00
2018.01.08 14:09:22.417,1.88708,1.88748,1.00,1.00
2018.01.08 14:09:22.949,1.88707,1.88748,1.00,1.50
2018.01.08 14:09:23.468,1.88704,1.88746,1.50,1.00
2018.01.08 14:09:23.570,1.88706,1.88748,1.00,1.00
2018.01.08 14:09:23.877,1.88704,1.88745,1.00,1.00
2018.01.08 14:09:24.588,1.88705,1.88748,1.00,1.87
2018.01.08 14:09:25.050,1.88707,1.88748,1.00,1.50
2018.01.08 14:09:25.631,1.88704,1.88746,1.00,1.00
2018.01.08 14:09:25.682,1.88706,1.88748,1.00,1.00
2018.01.08 14:09:25.734,1.88704,1.88747,1.50,1.00
2018.01.08 14:09:25.787,1.88704,1.88745,1.50,1.00
2018.01.08 14:09:26.123,1.88701,1.88742,1.00,1.00
2018.01.08 14:09:27.689,1.88701,1.88736,1.00,1.00
2018.01.08 14:09:29.339,1.887,1.88736,1.00,1.00
2018.01.08 14:09:30.514,1.887,1.88737,1.00,1.00
2018.01.08 14:09:31.038,1.887,1.88736,1.00,1.00
2018.01.08 14:09:33.170,1.88699,1.88737,1.00,1.00
2018.01.08 14:09:34.251,1.88698,1.88737,1.50,1.00
2018.01.08 14:09:36.442,1.88698,1.88736,1.50,1.00
2018.01.08 14:09:41.445,1.887,1.88736,1.00,1.00
2018.01.08 14:09:42.100,1.887,1.88734,1.00,1.00
2018.01.08 14:09:43.214,1.887,1.88735,1.00,1.00
2018.01.08 14:09:44.044,1.887,1.88732,1.00,1.00
2018.01.08 14:09:44.215,1.88696,1.88732,1.00,1.00
2018.01.08 14:09:44.318,1.88696,1.88734,1.00,1.00
2018.01.08 14:09:44.729,1.88693,1.88731,1.00,1.00
2018.01.08 14:09:45.035,1.88696,1.88734,1.00,1.00
2018.01.08 14:09:45.463,1.88699,1.88734,1.00,1.00
2018.01.08 14:09:46.106,1.88699,1.88733,1.00,1.00
2018.01.08 14:09:46.158,1.88696,1.88733,1.00,1.00
2018.01.08 14:09:46.311,1.88694,1.88731,1.00,1.00
2018.01.08 14:09:46.644,1.88691,1.88725,1.00,1.00
2018.01.08 14:09:46.912,1.88691,1.88727,1.00,1.00
2018.01.08 14:09:47.112,1.88691,1.88724,1.00,1.00
2018.01.08 14:09:47.164,1.88686,1.88724,1.00,1.00
2018.01.08 14:09:47.317,1.88686,1.88721,1.00,1.00
2018.01.08 14:09:47.471,1.88682,1.88721,1.34,1.00
2018.01.08 14:09:47.635,1.88682,1.88719,1.34,1.00
2018.01.08 14:09:49.372,1.8868,1.88721,1.34,1.00
2018.01.08 14:09:50.711,1.8868,1.88719,1.34,1.00
2018.01.08 14:09:53.339,1.88682,1.88718,1.34,1.00
2018.01.08 14:09:54.211,1.88682,1.88717,1.34,1.00
2018.01.08 14:09:55.118,1.88679,1.88715,1.00,1.09
2018.01.08 14:09:55.221,1.88663,1.88701,1.00,1.00
2018.01.08 14:09:55.374,1.88666,1.88705,1.00,1.00
2018.01.08 14:09:55.580,1.88666,1.88707,1.00,1.00
2018.01.08 14:09:55.835,1.8867,1.88707,1.00,1.00
2018.01.08 14:09:57.121,1.88672,1.88706,1.00,1.00
2018.01.08 14:09:57.633,1.88672,1.88707,1.00,1.00
2018.01.08 14:09:58.693,1.88672,1.88709,1.00,1.00
2018.01.08 14:09:59.232,1.88671,1.88708,1.34,1.00
2018.01.08 14:09:59.912,1.88673,1.88708,1.00,1.00
2018.01.08 14:10:04.185,1.88673,1.88707,1.00,1.00
2018.01.08 14:10:06.963,1.88673,1.88708,1.00,1.00
2018.01.08 14:10:07.504,1.88674,1.88708,1.00,1.00
2018.01.08 14:10:07.767,1.88671,1.88708,1.34,1.00
2018.01.08 14:10:08.274,1.88671,1.88708,1.00,1.00
2018.01.08 14:10:09.574,1.88668,1.887,1.00,1.00
2018.01.08 14:10:09.625,1.88666,1.887,1.00,1.00
2018.01.08 14:10:09.677,1.88666,1.88697,1.00,1.00
2018.01.08 14:10:09.982,1.88662,1.88698,1.00,1.00
2018.01.08 14:10:10.739,1.88665,1.88702,1.00,1.00
2018.01.08 14:10:11.567,1.88666,1.88702,1.00,1.00
2018.01.08 14:10:12.202,1.88665,1.88702,1.00,1.00
2018.01.08 14:10:12.727,1.88666,1.88702,1.00,1.00
2018.01.08 14:10:13.308,1.88666,1.88701,1.00,1.00
2018.01.08 14:10:15.672,1.88667,1.88701,1.00,1.00
2018.01.08 14:10:17.366,1.88666,1.88701,1.00,1.00
2018.01.08 14:10:17.417,1.88667,1.8871,1.00,1.00
2018.01.08 14:10:17.519,1.88672,1.88709,1.00,1.00
2018.01.08 14:10:17.626,1.88672,1.88713,1.00,1.50
2018.01.08 14:10:17.677,1.88674,1.88713,1.00,1.00
2018.01.08 14:10:18.188,1.88674,1.88715,1.50,1.87
2018.01.08 14:10:18.341,1.88672,1.88714,1.00,1.00
2018.01.08 14:10:18.472,1.88671,1.88712,1.00,1.00
2018.01.08 14:10:18.804,1.88663,1.88704,1.50,1.87
2018.01.08 14:10:19.354,1.88664,1.88706,1.00,1.50
2018.01.08 14:10:20.005,1.88663,1.88705,1.50,1.00
2018.01.08 14:10:20.056,1.88661,1.88701,1.00,1.00
2018.01.08 14:10:20.437,1.88659,1.88702,1.09,1.50
2018.01.08 14:10:21.237,1.8866,1.88701,1.00,1.00
2018.01.08 14:10:21.872,1.88659,1.88702,1.09,1.50
2018.01.08 14:10:22.414,1.8866,1.88701,1.00,1.00
2018.01.08 14:10:28.068,1.88661,1.88702,1.00,1.00
2018.01.08 14:10:30.388,1.88659,1.88702,1.84,1.50
2018.01.08 14:10:31.945,1.88659,1.887,1.84,1.00
2018.01.08 14:10:32.411,1.88659,1.88696,1.00,1.00
2018.01.08 14:10:32.658,1.88661,1.88702,1.50,1.50
2018.01.08 14:10:32.709,1.88663,1.88702,1.00,1.00
2018.01.08 14:10:32.974,1.88663,1.88704,1.00,1.00
2018.01.08 14:10:33.528,1.88664,1.88705,1.00,1.00
2018.01.08 14:10:33.674,1.88666,1.88705,1.00,1.00
2018.01.08 14:10:35.276,1.88665,1.88705,1.00,1.00
2018.01.08 14:10:36.162,1.88669,1.88705,1.00,1.00
2018.01.08 14:10:36.213,1.8867,1.88709,1.00,1.00
2018.01.08 14:10:36.265,1.8867,1.88711,1.00,1.00
2018.01.08 14:10:36.785,1.8867,1.88712,1.00,1.50
2018.01.08 14:10:37.543,1.88671,1.88712,1.00,1.50
2018.01.08 14:10:38.350,1.8867,1.88712,1.00,1.50
2018.01.08 14:10:38.738,1.8867,1.8871,1.00,1.00
2018.01.08 14:10:39.661,1.8867,1.88711,1.00,1.00
2018.01.08 14:10:40.378,1.88671,1.88712,1.09,1.50
2018.01.08 14:10:42.784,1.88671,1.88713,1.09,1.00
2018.01.08 14:10:44.316,1.88661,1.88703,1.50,1.00
2018.01.08 14:10:44.822,1.8866,1.88702,1.00,1.00
2018.01.08 14:10:45.896,1.8866,1.88701,1.00,1.00
2018.01.08 14:10:46.481,1.88661,1.88704,1.50,1.00
2018.01.08 14:10:48.713,1.88663,1.88703,1.00,1.00
2018.01.08 14:10:48.917,1.8867,1.88711,1.50,1.00
2018.01.08 14:10:49.433,1.8867,1.8871,1.00,1.00
2018.01.08 14:10:49.981,1.88669,1.8871,1.50,1.00
2018.01.08 14:10:52.292,1.8867,1.8871,1.00,1.00
2018.01.08 14:10:52.979,1.88669,1.88709,1.00,1.00
2018.01.08 14:10:53.030,1.88669,1.88711,1.50,1.00
2018.01.08 14:10:53.357,1.88669,1.88709,1.00,1.00
2018.01.08 14:10:54.747,1.88658,1.88698,1.00,1.50
2018.01.08 14:10:54.851,1.88656,1.88697,1.00,1.37
2018.01.08 14:10:55.008,1.88657,1.88697,1.00,1.50
2018.01.08 14:10:58.877,1.88656,1.88699,1.00,1.50
2018.01.08 14:10:58.929,1.88658,1.88699,1.00,1.50
2018.01.08 14:10:59.238,1.8867,1.88711,1.00,1.37
2018.01.08 14:10:59.603,1.88668,1.88705,1.00,1.00
2018.01.08 14:10:59.711,1.88666,1.88705,1.00,1.00
2018.01.08 14:11:01.310,1.88667,1.88707,1.00,1.50
2018.01.08 14:11:01.613,1.88668,1.88709,1.00,1.00
2018.01.08 14:11:01.918,1.88667,1.88706,1.00,1.00
2018.01.08 14:11:03.352,1.88669,1.88706,1.00,1.00
2018.01.08 14:11:03.476,1.88667,1.88706,1.00,1.00
2018.01.08 14:11:03.990,1.88668,1.88705,1.00,1.00
2018.01.08 14:11:04.783,1.88668,1.88706,1.00,1.00
2018.01.08 14:11:06.026,1.88669,1.88706,1.00,1.00
2018.01.08 14:11:06.327,1.88671,1.8871,1.09,1.00
2018.01.08 14:11:06.429,1.88671,1.88712,1.09,1.50
2018.01.08 14:11:06.624,1.88674,1.88712,1.00,1.00
2018.01.08 14:11:07.260,1.88675,1.88712,1.00,1.00
2018.01.08 14:11:08.104,1.88676,1.88712,1.00,1.00
2018.01.08 14:11:08.913,1.88675,1.88712,1.00,1.00
2018.01.08 14:11:09.573,1.88676,1.88712,1.00,1.00
2018.01.08 14:11:10.223,1.88676,1.88713,1.00,1.00
2018.01.08 14:11:10.732,1.88675,1.88713,1.00,1.00
2018.01.08 14:11:15.890,1.88674,1.88713,1.00,1.00
2018.01.08 14:11:16.393,1.88673,1.88712,1.00,1.00
2018.01.08 14:11:16.858,1.88675,1.88712,1.00,1.00
2018.01.08 14:11:17.968,1.88675,1.88713,1.00,1.00
2018.01.08 14:11:21.898,1.88675,1.88708,1.00,1.00
2018.01.08 14:11:23.781,1.88675,1.88707,1.00,1.00
2018.01.08 14:11:23.935,1.88678,1.88711,1.00,1.00
2018.01.08 14:11:23.987,1.88678,1.88707,1.00,1.00
2018.01.08 14:11:24.193,1.8867,1.88702,1.00,1.00
2018.01.08 14:11:24.293,1.8867,1.88705,1.00,1.00
2018.01.08 14:11:24.345,1.88673,1.88711,1.00,1.00
2018.01.08 14:11:24.618,1.88673,1.88709,1.00,1.00
2018.01.08 14:11:24.669,1.88671,1.88709,1.00,1.00
2018.01.08 14:11:24.879,1.88673,1.88708,1.00,1.00
2018.01.08 14:11:25.414,1.88674,1.88709,1.00,1.00
2018.01.08 14:11:26.364,1.88674,1.88706,1.00,1.00
2018.01.08 14:11:26.607,1.88671,1.88706,1.00,1.00
2018.01.08 14:11:26.931,1.88671,1.88708,1.00,1.00
2018.01.08 14:11:26.982,1.88675,1.88709,1.00,1.00
2018.01.08 14:11:27.338,1.88678,1.88709,1.00,1.00
2018.01.08 14:11:30.133,1.88679,1.88709,1.00,1.00
2018.01.08 14:11:30.322,1.88677,1.88709,1.00,1.00
2018.01.08 14:11:30.629,1.88685,1.88713,1.00,1.00
2018.01.08 14:11:30.680,1.88687,1.88716,1.00,1.00
2018.01.08 14:11:31.839,1.88684,1.88716,1.00,1.00
2018.01.08 14:11:32.559,1.88684,1.88717,1.00,1.00
2018.01.08 14:11:32.755,1.88683,1.88715,1.00,1.00
2018.01.08 14:11:33.164,1.88681,1.88711,1.00,1.00
2018.01.08 14:11:34.056,1.88681,1.88712,1.00,1.00
2018.01.08 14:11:34.107,1.88681,1.88715,1.00,1.00
2018.01.08 14:11:34.656,1.88682,1.88715,1.00,1.00
2018.01.08 14:11:36.004,1.88685,1.88716,1.00,1.00
2018.01.08 14:11:36.928,1.88685,1.88717,1.00,1.00
2018.01.08 14:11:37.242,1.88687,1.88718,1.00,1.00
2018.01.08 14:11:37.293,1.88687,1.8872,1.00,1.00
2018.01.08 14:11:38.860,1.88687,1.8872,1.00,1.00
2018.01.08 14:11:39.612,1.88688,1.8872,1.00,1.00
2018.01.08 14:11:41.973,1.88687,1.8872,1.00,1.00
2018.01.08 14:11:42.783,1.88688,1.8872,1.00,1.00
2018.01.08 14:11:44.427,1.88688,1.88719,1.00,1.00
2018.01.08 14:11:44.715,1.88685,1.88717,1.00,1.00
2018.01.08 14:11:45.130,1.88688,1.88717,1.00,1.00
2018.01.08 14:11:45.682,1.88689,1.88718,1.00,1.00
2018.01.08 14:11:45.986,1.88689,1.8872,1.00,1.00
2018.01.08 14:11:54.363,1.88689,1.88719,1.00,1.00
2018.01.08 14:11:54.903,1.88688,1.88719,1.00,1.00
2018.01.08 14:11:55.405,1.88688,1.88718,1.00,1.00
2018.01.08 14:11:55.999,1.88688,1.8872,1.00,1.00
2018.01.08 14:11:56.101,1.88685,1.8872,1.00,1.00
2018.01.08 14:11:56.203,1.8868,1.88711,1.00,1.00
2018.01.08 14:11:56.254,1.88678,1.88711,1.00,1.00
2018.01.08 14:11:56.306,1.8868,1.88711,1.00,1.00
2018.01.08 14:11:56.621,1.88678,1.88711,1.00,1.00
2018.01.08 14:11:57.142,1.8868,1.88711,1.00,1.00
2018.01.08 14:11:58.806,1.8868,1.88707,1.00,1.00
2018.01.08 14:11:59.062,1.88676,1.88706,1.00,1.00
2018.01.08 14:11:59.186,1.88677,1.88708,1.00,1.00
2018.01.08 14:11:59.288,1.88679,1.88708,1.00,1.00
2018.01.08 14:11:59.942,1.88679,1.88707,1.00,1.00
2018.01.08 14:12:00.372,1.88676,1.88706,1.00,1.00
2018.01.08 14:12:00.424,1.88676,1.88704,1.00,1.00
2018.01.08 14:12:00.999,1.88676,1.88703,1.00,1.00
2018.01.08 14:12:01.415,1.88673,1.88704,1.09,1.00
2018.01.08 14:12:01.702,1.88675,1.88704,1.00,1.00
2018.01.08 14:12:01.899,1.88676,1.88706,1.00,1.00
2018.01.08 14:12:02.420,1.88677,1.88706,1.00,1.00
2018.01.08 14:12:02.942,1.88677,1.88706,1.34,1.00
2018.01.08 14:12:02.994,1.8868,1.88712,1.09,1.00
2018.01.08 14:12:03.046,1.8868,1.88714,1.34,1.00
2018.01.08 14:12:03.882,1.88683,1.88714,1.09,1.00
2018.01.08 14:12:03.934,1.88677,1.88709,1.46,1.00
2018.01.08 14:12:03.986,1.88674,1.88709,1.34,1.00
2018.01.08 14:12:04.038,1.88678,1.88709,1.00,1.00
2018.01.08 14:12:05.196,1.88678,1.88707,1.00,1.00
2018.01.08 14:12:05.248,1.88675,1.88707,1.34,1.00
2018.01.08 14:12:05.413,1.8867,1.88703,1.00,1.00
2018.01.08 14:12:05.466,1.88672,1.88702,1.00,1.00
2018.01.08 14:12:05.772,1.88669,1.88699,1.00,1.00
2018.01.08 14:12:05.955,1.88669,1.88701,1.00,1.00
2018.01.08 14:12:06.354,1.8867,1.88703,1.00,1.00
2018.01.08 14:12:06.705,1.88673,1.88704,1.00,1.00
2018.01.08 14:12:07.088,1.88673,1.88702,1.00,1.00
2018.01.08 14:12:07.140,1.88675,1.88705,1.00,1.00
2018.01.08 14:12:07.199,1.88675,1.88707,1.00,1.00
2018.01.08 14:12:07.302,1.88672,1.88704,1.00,1.00
2018.01.08 14:12:07.924,1.88674,1.88704,1.00,1.00
2018.01.08 14:12:08.371,1.88674,1.88702,1.00,1.00
2018.01.08 14:12:08.780,1.88674,1.88699,1.00,1.00
2018.01.08 14:12:08.884,1.88672,1.88699,1.00,1.00
2018.01.08 14:12:09.982,1.8867,1.88699,1.00,1.00
2018.01.08 14:12:10.532,1.8867,1.88702,1.00,1.00
2018.01.08 14:12:10.584,1.88673,1.88703,1.00,1.00
2018.01.08 14:12:13.045,1.88673,1.88704,1.00,1.00
2018.01.08 14:12:13.465,1.88674,1.88702,1.00,1.00
2018.01.08 14:12:13.961,1.88672,1.88702,1.00,1.00
2018.01.08 14:12:14.349,1.88675,1.88704,1.00,1.00
2018.01.08 14:12:14.511,1.88675,1.88706,1.00,1.00
2018.01.08 14:12:15.015,1.88674,1.88706,1.00,1.00
2018.01.08 14:12:16.060,1.88674,1.88707,1.00,1.00
2018.01.08 14:12:16.701,1.88674,1.88704,1.00,1.00
2018.01.08 14:12:16.854,1.88674,1.88706,1.00,1.00
2018.01.08 14:12:17.307,1.88673,1.88703,1.00,1.00
2018.01.08 14:12:17.866,1.88672,1.88704,1.00,1.00
2018.01.08 14:12:19.744,1.88672,1.88702,1.00,1.00
2018.01.08 14:12:20.953,1.88672,1.88705,1.00,1.00
2018.01.08 14:12:21.633,1.88674,1.88706,1.00,1.00
2018.01.08 14:12:26.174,1.88674,1.88707,1.00,1.00
2018.01.08 14:12:29.473,1.88674,1.88705,1.00,1.00
2018.01.08 14:12:29.804,1.88676,1.88711,1.00,1.00
2018.01.08 14:12:29.856,1.8868,1.88711,1.00,1.00
2018.01.08 14:12:30.177,1.88682,1.88712,1.00,1.00
2018.01.08 14:12:31.490,1.88684,1.88712,1.00,1.00
2018.01.08 14:12:32.530,1.88682,1.88712,1.00,1.00
2018.01.08 14:12:33.011,1.88679,1.88712,1.00,1.00
2018.01.08 14:12:34.436,1.88679,1.88714,1.00,1.00
2018.01.08 14:12:34.599,1.88681,1.88714,1.00,1.00
2018.01.08 14:12:35.119,1.88681,1.88715,1.00,1.00
2018.01.08 14:12:38.254,1.88683,1.88715,1.00,1.00
2018.01.08 14:12:39.052,1.88683,1.88716,1.00,1.00
2018.01.08 14:12:40.329,1.88683,1.88721,1.00,1.00
2018.01.08 14:12:43.598,1.88683,1.88722,1.00,1.00
2018.01.08 14:12:43.649,1.88683,1.88724,1.00,1.50
2018.01.08 14:12:44.286,1.88683,1.88723,1.00,1.00
2018.01.08 14:12:45.428,1.88682,1.88723,1.00,1.50
2018.01.08 14:12:45.936,1.88682,1.88722,1.00,1.00
2018.01.08 14:12:46.486,1.88682,1.88723,1.00,1.50
2018.01.08 14:12:50.041,1.88684,1.88723,1.00,1.00
2018.01.08 14:12:52.358,1.88684,1.88721,1.00,1.00
2018.01.08 14:12:52.708,1.88682,1.88719,1.00,1.00
2018.01.08 14:12:53.515,1.88682,1.88721,1.00,1.00
2018.01.08 14:12:54.431,1.88682,1.88722,1.00,1.00
2018.01.08 14:12:55.198,1.88683,1.88722,1.00,1.00
2018.01.08 14:12:59.686,1.88683,1.88724,1.00,1.00
2018.01.08 14:13:00.405,1.88684,1.88724,1.00,1.00
2018.01.08 14:13:00.456,1.88686,1.88725,1.00,1.00
2018.01.08 14:13:00.609,1.88688,1.88728,1.00,1.00
2018.01.08 14:13:00.764,1.88693,1.88728,1.00,1.00
2018.01.08 14:13:00.816,1.88693,1.88734,1.00,1.00
2018.01.08 14:13:01.006,1.88689,1.88727,1.00,1.00
2018.01.08 14:13:01.058,1.88685,1.88725,1.00,1.00
2018.01.08 14:13:01.109,1.88686,1.88727,1.00,1.00
2018.01.08 14:13:01.364,1.88688,1.88727,1.00,1.00
2018.01.08 14:13:01.954,1.88687,1.88727,1.00,1.00
2018.01.08 14:13:07.476,1.88686,1.88727,1.50,1.00
2018.01.08 14:13:09.918,1.88684,1.88725,1.50,1.00
2018.01.08 14:13:10.338,1.88686,1.88726,1.00,1.00
2018.01.08 14:13:12.839,1.88686,1.88727,1.00,1.50
2018.01.08 14:13:13.155,1.88684,1.88725,1.50,1.00
2018.01.08 14:13:13.724,1.88683,1.88726,1.50,1.50
2018.01.08 14:13:14.446,1.88684,1.88724,1.00,1.00
2018.01.08 14:13:15.248,1.88686,1.88724,1.00,1.00
2018.01.08 14:13:15.485,1.88684,1.88724,1.50,1.00
2018.01.08 14:13:16.014,1.88684,1.88725,1.00,1.50
2018.01.08 14:13:16.839,1.88685,1.88725,1.00,1.00
2018.01.08 14:13:17.668,1.88684,1.88725,1.00,1.50
2018.01.08 14:13:18.291,1.88685,1.88725,1.00,1.00
2018.01.08 14:13:23.584,1.88683,1.88725,1.50,1.00
2018.01.08 14:13:24.271,1.88683,1.88726,1.50,1.50
2018.01.08 14:13:24.791,1.88685,1.88726,1.00,1.00
2018.01.08 14:13:28.701,1.8869,1.88726,1.00,1.00
2018.01.08 14:13:28.754,1.8869,1.88728,1.00,1.00
2018.01.08 14:13:29.043,1.8869,1.8873,1.00,1.00
2018.01.08 14:13:29.095,1.88692,1.8873,1.00,1.00
2018.01.08 14:13:29.400,1.8869,1.88728,1.00,1.00
2018.01.08 14:13:30.042,1.88691,1.88728,1.00,1.00
2018.01.08 14:13:30.611,1.88691,1.88729,1.00,1.00
2018.01.08 14:13:31.279,1.88691,1.88727,1.00,1.00
2018.01.08 14:13:31.432,1.88689,1.88727,1.00,1.00
2018.01.08 14:13:31.484,1.88686,1.88727,1.00,1.00
2018.01.08 14:13:32.307,1.88685,1.88726,1.09,1.00
2018.01.08 14:13:32.804,1.88689,1.88728,1.00,1.00
2018.01.08 14:13:33.060,1.88689,1.8873,1.00,1.00
2018.01.08 14:13:33.618,1.8869,1.8873,1.00,1.00
2018.01.08 14:13:34.129,1.88688,1.8873,1.00,1.00
2018.01.08 14:13:34.290,1.88688,1.88727,1.00,1.00
2018.01.08 14:13:34.393,1.88684,1.88724,1.00,1.50
2018.01.08 14:13:35.125,1.88683,1.88724,1.50,1.50
2018.01.08 14:13:35.823,1.88684,1.88724,1.00,1.00
2018.01.08 14:13:43.851,1.88684,1.88726,1.00,1.09
2018.01.08 14:13:44.183,1.88684,1.88722,1.00,1.00
2018.01.08 14:13:44.234,1.88678,1.88718,1.00,1.00
2018.01.08 14:13:44.791,1.88677,1.88718,1.09,1.50
2018.01.08 14:13:45.449,1.88677,1.88717,1.09,1.00
2018.01.08 14:13:46.109,1.88677,1.88718,1.84,1.50
2018.01.08 14:13:46.774,1.88676,1.88715,1.34,1.00
2018.01.08 14:13:49.526,1.88674,1.88714,1.84,1.00
2018.01.08 14:13:50.075,1.88674,1.88715,1.34,1.00
2018.01.08 14:13:51.055,1.88675,1.88716,1.34,1.50
2018.01.08 14:13:52.051,1.88675,1.88716,1.00,1.84
2018.01.08 14:13:52.103,1.88669,1.88712,1.50,1.50
2018.01.08 14:13:52.158,1.88669,1.88707,1.00,1.00
2018.01.08 14:13:52.336,1.88666,1.88708,1.00,1.00
2018.01.08 14:13:52.387,1.88669,1.88708,1.00,1.00
2018.01.08 14:13:52.963,1.88669,1.88707,1.00,1.00
2018.01.08 14:13:53.915,1.88669,1.88709,1.00,1.00
2018.01.08 14:13:54.657,1.88668,1.88709,1.50,1.00
2018.01.08 14:13:57.375,1.88669,1.88709,1.00,1.00
2018.01.08 14:13:57.893,1.88668,1.88708,1.00,1.00
2018.01.08 14:13:59.452,1.88668,1.88703,1.00,1.00
2018.01.08 14:14:00.139,1.88668,1.88702,1.00,1.00
2018.01.08 14:14:00.191,1.88666,1.88701,1.00,1.00
2018.01.08 14:14:01.029,1.88666,1.88693,1.00,1.00
2018.01.08 14:14:01.084,1.8866,1.88699,1.00,1.00
2018.01.08 14:14:01.981,1.8866,1.887,1.00,1.00
2018.01.08 14:14:02.135,1.8866,1.88698,1.00,1.00
2018.01.08 14:14:02.595,1.8866,1.887,1.00,1.00
2018.01.08 14:14:03.307,1.8866,1.88699,1.00,1.00
2018.01.08 14:14:03.757,1.8866,1.88701,1.50,1.00
2018.01.08 14:14:03.988,1.88662,1.88701,1.00,1.00
2018.01.08 14:14:04.568,1.88663,1.88701,1.00,1.00
2018.01.08 14:14:05.084,1.88663,1.88702,1.00,1.00
2018.01.08 14:14:05.515,1.88663,1.887,1.00,1.00
2018.01.08 14:14:05.737,1.8866,1.887,1.00,1.00
2018.01.08 14:14:06.482,1.88662,1.887,1.00,1.00
2018.01.08 14:14:06.533,1.88659,1.887,1.50,1.00
2018.01.08 14:14:06.586,1.88659,1.88698,1.00,1.00
2018.01.08 14:14:06.908,1.88657,1.88696,1.00,1.00
2018.01.08 14:14:07.286,1.88657,1.88694,1.00,1.00
2018.01.08 14:14:07.617,1.88657,1.88691,1.00,1.00
2018.01.08 14:14:08.097,1.88657,1.88696,1.00,1.00
2018.01.08 14:14:08.515,1.8866,1.88699,1.34,1.00
2018.01.08 14:14:08.719,1.88663,1.88701,1.00,1.00
2018.01.08 14:14:08.838,1.88663,1.88699,1.00,1.00
2018.01.08 14:14:09.501,1.88663,1.887,1.00,1.00
2018.01.08 14:14:11.887,1.8866,1.88696,1.00,1.00
2018.01.08 14:14:12.040,1.88659,1.88698,1.00,1.00
2018.01.08 14:14:12.550,1.88668,1.88708,1.00,1.00
2018.01.08 14:14:12.816,1.88671,1.88708,1.00,1.00
2018.01.08 14:14:13.490,1.88671,1.8871,1.00,1.00
2018.01.08 14:14:14.062,1.88672,1.8871,1.00,1.00
2018.01.08 14:14:14.114,1.88672,1.88708,1.00,1.00
2018.01.08 14:14:16.374,1.88677,1.88716,1.00,1.00
2018.01.08 14:14:16.708,1.88675,1.88716,1.00,1.00
2018.01.08 14:14:17.853,1.88677,1.88716,1.00,1.00
2018.01.08 14:14:17.955,1.88677,1.88718,1.00,1.00
2018.01.08 14:14:22.352,1.88676,1.88717,1.00,1.00
2018.01.08 14:14:22.925,1.88676,1.88716,1.00,1.00
2018.01.08 14:14:23.946,1.88672,1.88713,1.50,1.00
2018.01.08 14:14:24.660,1.88675,1.88713,1.00,1.00
2018.01.08 14:14:24.711,1.88677,1.88716,1.00,1.50
2018.01.08 14:14:27.677,1.88677,1.88717,1.00,1.00
2018.01.08 14:14:29.694,1.88677,1.88718,1.00,1.00
2018.01.08 14:14:29.797,1.88679,1.88718,1.00,1.00
2018.01.08 14:14:29.950,1.88679,1.8872,1.00,1.50
2018.01.08 14:14:30.052,1.88679,1.88718,1.00,1.00
2018.01.08 14:14:30.186,1.88679,1.8872,1.00,1.50
2018.01.08 14:14:30.695,1.88681,1.88721,1.00,1.12
2018.01.08 14:14:31.001,1.88679,1.88717,1.00,1.00
2018.01.08 14:14:31.136,1.88679,1.88719,1.00,1.00
2018.01.08 14:14:31.651,1.88679,1.88718,1.00,1.00
2018.01.08 14:14:32.292,1.88679,1.88717,1.00,1.00
2018.01.08 14:14:32.761,1.88677,1.88715,1.00,1.00
2018.01.08 14:14:33.446,1.88679,1.88718,1.00,1.50
2018.01.08 14:14:34.464,1.88678,1.88718,1.00,1.50
2018.01.08 14:14:35.108,1.88677,1.88718,1.00,1.50
2018.01.08 14:14:35.542,1.88679,1.88718,1.00,1.00
2018.01.08 14:14:36.578,1.88677,1.88716,1.00,1.00
2018.01.08 14:14:36.630,1.88674,1.88715,1.50,1.00
2018.01.08 14:14:36.948,1.88672,1.88713,1.00,1.00
2018.01.08 14:14:37.319,1.88672,1.8871,1.00,1.00
2018.01.08 14:14:37.599,1.88672,1.88712,1.00,1.00
2018.01.08 14:14:39.031,1.88672,1.8871,1.00,1.00
2018.01.08 14:14:39.454,1.88674,1.88711,1.00,1.00
2018.01.08 14:14:39.641,1.88672,1.88711,1.00,1.00
2018.01.08 14:14:39.801,1.88671,1.88708,1.00,1.00
2018.01.08 14:14:40.001,1.88671,1.8871,1.00,1.00
2018.01.08 14:14:41.311,1.88671,1.88711,1.00,1.00
2018.01.08 14:14:41.836,1.88674,1.88713,1.00,1.00
2018.01.08 14:14:41.938,1.88678,1.88718,1.00,1.00
2018.01.08 14:14:42.216,1.88679,1.88716,1.00,1.00
2018.01.08 14:14:42.665,1.8868,1.88718,1.00,1.00
2018.01.08 14:14:42.919,1.88679,1.8872,1.00,1.50
2018.01.08 14:14:42.971,1.88681,1.8872,1.00,1.50
2018.01.08 14:14:43.233,1.88682,1.88722,1.00,1.50
2018.01.08 14:14:43.796,1.88683,1.88723,1.00,1.00
2018.01.08 14:14:44.362,1.88682,1.88723,1.00,1.00
2018.01.08 14:14:45.090,1.88683,1.88724,1.00,1.84
2018.01.08 14:14:45.782,1.88684,1.88724,1.00,1.84
2018.01.08 14:14:46.093,1.88686,1.88724,1.00,1.09
2018.01.08 14:14:46.401,1.88684,1.88724,1.00,1.09
2018.01.08 14:14:46.452,1.88684,1.88722,1.00,1.00
2018.01.08 14:14:46.980,1.88685,1.88723,1.00,1.00
2018.01.08 14:14:47.095,1.88679,1.88721,1.00,1.50
2018.01.08 14:14:47.150,1.88678,1.88718,1.00,1.00
2018.01.08 14:14:47.472,1.88678,1.88716,1.00,1.00
2018.01.08 14:14:49.201,1.88673,1.88713,1.00,1.37
2018.01.08 14:14:49.253,1.88669,1.8871,1.50,1.00
2018.01.08 14:14:49.356,1.88668,1.88708,1.00,1.00
2018.01.08 14:14:49.663,1.8867,1.88708,1.00,1.00
2018.01.08 14:14:50.346,1.8867,1.8871,1.00,1.00
2018.01.08 14:14:51.984,1.88671,1.8871,1.00,1.50
2018.01.08 14:14:52.036,1.88669,1.8871,1.50,1.50
2018.01.08 14:14:52.422,1.88672,1.88712,1.00,1.50
2018.01.08 14:14:52.964,1.88678,1.88717,1.00,1.00
2018.01.08 14:14:53.552,1.8868,1.88719,1.00,1.50
2018.01.08 14:14:54.228,1.88681,1.8872,1.00,1.00
2018.01.08 14:14:54.568,1.88678,1.88719,1.50,1.00
2018.01.08 14:14:57.056,1.8868,1.88719,1.00,1.00
2018.01.08 14:14:57.364,1.88699,1.88736,1.00,1.00
2018.01.08 14:14:57.996,1.88698,1.88736,1.00,1.00
2018.01.08 14:14:58.444,1.887,1.88736,1.00,1.00
2018.01.08 14:14:58.496,1.887,1.88738,1.00,1.00
2018.01.08 14:14:58.547,1.88693,1.8873,1.12,1.00
2018.01.08 14:14:58.649,1.88688,1.88727,1.00,1.00
2018.01.08 14:14:59.051,1.88693,1.88731,1.00,1.00
2018.01.08 14:14:59.623,1.88694,1.88733,1.00,1.46
2018.01.08 14:14:59.817,1.88694,1.88733,1.00,1.09
2018.01.08 14:15:01.228,1.88695,1.88736,1.50,1.09
2018.01.08 14:15:01.732,1.88696,1.88735,1.00,1.00
2018.01.08 14:15:01.936,1.88694,1.88733,1.00,1.00
2018.01.08 14:15:05.366,1.88694,1.88732,1.00,1.00
2018.01.08 14:15:06.273,1.88694,1.88731,1.00,1.00
2018.01.08 14:15:06.325,1.88692,1.88731,1.00,1.00
2018.01.08 14:15:06.671,1.88692,1.88733,1.00,1.50
2018.01.08 14:15:07.194,1.88692,1.88732,1.00,1.00
2018.01.08 14:15:07.743,1.88692,1.88731,1.00,1.00
2018.01.08 14:15:07.891,1.88694,1.88731,1.00,1.00
2018.01.08 14:15:07.943,1.88694,1.88733,1.00,1.00
2018.01.08 14:15:08.452,1.88693,1.88732,1.00,1.00
2018.01.08 14:15:09.105,1.88692,1.88731,1.00,1.00
2018.01.08 14:15:09.612,1.88691,1.8873,1.00,1.50
2018.01.08 14:15:09.714,1.88688,1.88727,1.00,1.00
2018.01.08 14:15:10.030,1.88688,1.88724,1.00,1.00
2018.01.08 14:15:10.774,1.88681,1.88721,1.00,1.00
2018.01.08 14:15:10.826,1.8868,1.88719,1.00,1.00
2018.01.08 14:15:11.168,1.88689,1.88726,1.00,1.00
2018.01.08 14:15:11.289,1.88686,1.88727,1.00,1.00
2018.01.08 14:15:11.340,1.88686,1.88725,1.00,1.00
2018.01.08 14:15:11.877,1.88685,1.88724,1.00,1.00
2018.01.08 14:15:12.416,1.88684,1.88723,1.00,1.00
2018.01.08 14:15:13.190,1.88683,1.88722,1.00,1.00
2018.01.08 14:15:15.520,1.88683,1.88724,1.00,1.00
2018.01.08 14:15:17.497,1.88682,1.8872,1.00,1.00
2018.01.08 14:15:17.548,1.8868,1.88719,1.00,1.00
2018.01.08 14:15:17.789,1.88677,1.88717,1.00,1.00
2018.01.08 14:15:18.147,1.8868,1.88718,1.00,1.00
2018.01.08 14:15:19.157,1.88677,1.88718,1.50,1.50
2018.01.08 14:15:19.714,1.88677,1.88717,1.00,1.00
2018.01.08 14:15:20.425,1.88677,1.88716,1.00,1.00
2018.01.08 14:15:20.589,1.8867,1.88707,1.00,1.00
2018.01.08 14:15:21.096,1.88669,1.88708,1.00,1.50
2018.01.08 14:15:21.873,1.88665,1.88705,1.00,1.37
2018.01.08 14:15:21.975,1.88663,1.88704,1.00,1.37
2018.01.08 14:15:22.254,1.88661,1.88702,1.00,1.46
2018.01.08 14:15:22.789,1.88661,1.887,1.00,1.00
2018.01.08 14:15:23.053,1.88657,1.88697,1.00,1.00
2018.01.08 14:15:23.156,1.88656,1.88695,1.00,1.00
2018.01.08 14:15:23.462,1.88656,1.88697,1.00,1.00
2018.01.08 14:15:23.943,1.88653,1.88694,1.00,1.00
2018.01.08 14:15:24.294,1.88655,1.88694,1.00,1.00
2018.01.08 14:15:25.251,1.88653,1.88694,1.50,1.50
2018.01.08 14:15:25.302,1.88655,1.88694,1.00,1.50
2018.01.08 14:15:25.608,1.88652,1.88693,1.00,1.87
2018.01.08 14:15:25.660,1.88651,1.8869,1.00,1.00
2018.01.08 14:15:25.988,1.88654,1.88692,1.00,1.00
2018.01.08 14:15:26.519,1.88653,1.88691,1.00,1.00
2018.01.08 14:15:26.673,1.88653,1.88693,1.00,1.00
2018.01.08 14:15:27.225,1.88654,1.88692,1.00,1.00
2018.01.08 14:15:27.946,1.88653,1.88691,1.00,1.00
2018.01.08 14:15:28.116,1.88651,1.88692,1.50,1.50
2018.01.08 14:15:28.767,1.88653,1.88692,1.00,1.00
2018.01.08 14:15:29.113,1.88655,1.88692,1.00,1.00
2018.01.08 14:15:29.616,1.88654,1.88693,1.00,1.00
2018.01.08 14:15:30.564,1.88654,1.88695,1.00,1.50
2018.01.08 14:15:31.114,1.88655,1.88695,1.00,1.00
2018.01.08 14:15:31.374,1.88653,1.88694,1.00,1.00
2018.01.08 14:15:31.476,1.88656,1.88695,1.00,1.50
2018.01.08 14:15:32.050,1.88657,1.88696,1.00,1.00
2018.01.08 14:15:32.495,1.88658,1.88693,1.00,1.00
2018.01.08 14:15:32.546,1.88653,1.88692,1.00,1.00
2018.01.08 14:15:32.741,1.88655,1.88694,1.00,1.50
2018.01.08 14:15:33.245,1.88656,1.88695,1.50,1.00
2018.01.08 14:15:33.647,1.88656,1.88693,1.00,1.00
2018.01.08 14:15:34.234,1.88656,1.88694,1.00,1.00
2018.01.08 14:15:34.336,1.8866,1.88699,1.00,1.00
2018.01.08 14:15:34.439,1.88661,1.88702,1.00,1.00
2018.01.08 14:15:36.431,1.88662,1.887,1.00,1.00
2018.01.08 14:15:36.799,1.88662,1.88702,1.00,1.00
2018.01.08 14:15:36.850,1.88666,1.88707,1.00,1.34
2018.01.08 14:15:37.362,1.88667,1.88705,1.00,1.00
2018.01.08 14:15:37.762,1.88669,1.88706,1.00,1.00
2018.01.08 14:15:40.298,1.88669,1.88707,1.00,1.00
2018.01.08 14:15:41.975,1.88666,1.88705,1.50,1.00
2018.01.08 14:15:42.027,1.88664,1.88705,1.50,1.00
2018.01.08 14:15:42.078,1.88664,1.88702,1.00,1.00
2018.01.08 14:15:44.512,1.88666,1.88702,1.00,1.00
2018.01.08 14:15:44.768,1.88662,1.88702,1.00,1.00
2018.01.08 14:15:45.785,1.88665,1.88702,1.00,1.00
2018.01.08 14:15:47.305,1.88665,1.88704,1.00,1.00
2018.01.08 14:15:47.820,1.88666,1.88703,1.00,1.00
2018.01.08 14:15:47.983,1.88666,1.88705,1.00,1.00
2018.01.08 14:15:48.252,1.88668,1.88705,1.00,1.00
2018.01.08 14:15:49.890,1.88669,1.88705,1.00,1.00
2018.01.08 14:15:50.177,1.88672,1.8871,1.00,1.00
2018.01.08 14:15:50.228,1.88673,1.88707,1.00,1.00
2018.01.08 14:15:50.279,1.88671,1.88708,1.00,1.00
2018.01.08 14:15:50.673,1.88673,1.88709,1.00,1.00
2018.01.08 14:15:51.425,1.88673,1.8871,1.00,1.00
2018.01.08 14:15:54.355,1.88673,1.88706,1.00,1.00
2018.01.08 14:15:54.457,1.88669,1.88704,1.00,1.00
2018.01.08 14:15:54.508,1.88669,1.88706,1.00,1.00
2018.01.08 14:15:54.698,1.88667,1.88705,1.00,1.00
2018.01.08 14:15:55.357,1.88666,1.88705,1.00,1.00
2018.01.08 14:15:55.664,1.88668,1.88707,1.00,1.00
2018.01.08 14:15:56.310,1.88667,1.88706,1.00,1.00
2018.01.08 14:15:57.098,1.88666,1.88706,1.00,1.00
2018.01.08 14:15:58.291,1.88666,1.88704,1.50,1.00
2018.01.08 14:15:58.600,1.88702,1.88716,1.00,1.00
2018.01.08 14:15:58.652,1.88702,1.88742,1.00,1.00
2018.01.08 14:15:58.703,1.88706,1.88747,1.00,1.00
2018.01.08 14:15:58.754,1.88705,1.88743,1.00,1.00
2018.01.08 14:15:58.806,1.88705,1.88745,1.50,1.00
2018.01.08 14:16:00.305,1.88705,1.88744,1.00,1.00
2018.01.08 14:16:04.098,1.88705,1.88745,1.00,1.00
2018.01.08 14:16:04.611,1.88705,1.88744,1.00,1.00
2018.01.08 14:16:05.334,1.88704,1.88743,1.00,1.00
2018.01.08 14:16:06.079,1.88703,1.88743,1.00,1.00
2018.01.08 14:16:11.941,1.887,1.8874,1.00,1.00
2018.01.08 14:16:12.145,1.88695,1.88737,1.50,1.00
2018.01.08 14:16:12.328,1.88695,1.88734,1.00,1.00
2018.01.08 14:16:12.743,1.88695,1.88736,1.50,1.00
2018.01.08 14:16:13.648,1.88695,1.88735,1.00,1.00
2018.01.08 14:16:14.287,1.88695,1.88736,1.00,1.00
2018.01.08 14:16:14.975,1.88695,1.88734,1.00,1.00
2018.01.08 14:16:15.563,1.88695,1.88736,1.50,1.50
2018.01.08 14:16:15.769,1.88695,1.88734,1.00,1.00
2018.01.08 14:16:17.845,1.88697,1.88736,1.00,1.00
2018.01.08 14:16:18.892,1.88697,1.88735,1.00,1.00
2018.01.08 14:16:19.415,1.88697,1.88736,1.00,1.00
2018.01.08 14:16:21.665,1.88696,1.88735,1.00,1.00
2018.01.08 14:16:22.617,1.88697,1.88735,1.00,1.00
2018.01.08 14:16:23.247,1.88697,1.88736,1.00,1.00
2018.01.08 14:16:25.822,1.88697,1.88734,1.00,1.00
2018.01.08 14:16:29.636,1.88695,1.88734,1.00,1.00
2018.01.08 14:16:30.335,1.88695,1.88733,1.00,1.00
2018.01.08 14:16:31.556,1.88695,1.88734,1.00,1.00
2018.01.08 14:16:32.185,1.88694,1.88734,1.00,1.00
2018.01.08 14:16:32.706,1.88694,1.88735,1.00,1.50
2018.01.08 14:16:34.291,1.88695,1.88735,1.00,1.00
2018.01.08 14:16:34.823,1.88694,1.88735,1.00,1.50
2018.01.08 14:16:35.351,1.88697,1.88738,1.50,1.50
2018.01.08 14:16:35.876,1.88698,1.88738,1.00,1.00
2018.01.08 14:16:37.492,1.887,1.88738,1.00,1.00
2018.01.08 14:16:37.849,1.887,1.8874,1.00,1.00
2018.01.08 14:16:37.951,1.88702,1.88741,1.00,1.09
2018.01.08 14:16:38.707,1.88702,1.88743,1.00,1.50
2018.01.08 14:16:39.427,1.88707,1.88746,1.50,1.00
2018.01.08 14:16:39.627,1.88705,1.88745,1.00,1.50
2018.01.08 14:16:39.780,1.88703,1.88744,1.50,1.50
2018.01.08 14:16:40.311,1.88705,1.88744,1.00,1.00
2018.01.08 14:16:40.794,1.88703,1.88744,1.50,1.00
2018.01.08 14:16:41.314,1.88704,1.88743,1.00,1.00
2018.01.08 14:16:41.954,1.88704,1.88744,1.00,1.00
2018.01.08 14:16:42.494,1.88705,1.88744,1.00,1.00
2018.01.08 14:16:42.894,1.88707,1.88746,1.50,1.00
2018.01.08 14:16:43.212,1.88705,1.88744,1.00,1.00
2018.01.08 14:16:43.638,1.887,1.88741,1.00,1.00
2018.01.08 14:16:44.001,1.88697,1.88734,1.00,1.00
2018.01.08 14:16:44.204,1.88697,1.88736,1.00,1.00
2018.01.08 14:16:45.085,1.88701,1.88738,1.00,1.00
2018.01.08 14:16:45.138,1.88702,1.88743,1.50,1.50
2018.01.08 14:16:45.189,1.88704,1.88743,1.00,1.50
2018.01.08 14:16:45.291,1.88704,1.88745,1.00,1.50
2018.01.08 14:16:45.343,1.88703,1.88742,1.00,1.75
2018.01.08 14:16:45.394,1.88699,1.88738,1.00,1.87
2018.01.08 14:16:45.446,1.88696,1.88737,1.00,1.00
2018.01.08 14:16:46.026,1.88697,1.88736,1.00,1.50
2018.01.08 14:16:46.607,1.88696,1.88735,1.00,1.00
2018.01.08 14:16:47.514,1.88696,1.88737,1.00,1.00
2018.01.08 14:16:47.566,1.88693,1.88733,1.00,1.00
2018.01.08 14:16:47.885,1.88695,1.88734,1.00,1.50
2018.01.08 14:16:49.759,1.88696,1.88735,1.00,1.00
2018.01.08 14:16:50.744,1.88697,1.88736,1.00,1.50
2018.01.08 14:16:50.950,1.88695,1.88736,1.00,1.00
2018.01.08 14:16:51.468,1.88696,1.88735,1.00,1.00
2018.01.08 14:16:51.547,1.88696,1.88737,1.00,1.00
2018.01.08 14:16:52.067,1.88698,1.88737,1.00,1.00
2018.01.08 14:16:52.406,1.88696,1.88737,1.00,1.00
2018.01.08 14:16:52.459,1.88699,1.88738,1.00,1.00
2018.01.08 14:16:52.510,1.88696,1.88737,1.50,1.00
2018.01.08 14:16:52.612,1.88699,1.88738,1.00,1.00
2018.01.08 14:16:52.665,1.88699,1.8874,1.00,1.00
2018.01.08 14:16:52.974,1.88701,1.88741,1.00,1.00
2018.01.08 14:16:53.077,1.88702,1.88743,1.00,1.50
2018.01.08 14:16:53.129,1.88704,1.88743,1.00,1.50
2018.01.08 14:16:53.444,1.88703,1.88741,1.00,1.00
2018.01.08 14:16:53.991,1.88703,1.88742,1.00,1.00
2018.01.08 14:16:54.627,1.88703,1.88742,1.00,1.34
2018.01.08 14:16:54.731,1.88691,1.88732,1.00,1.84
2018.01.08 14:16:54.834,1.88689,1.88731,1.50,1.00
2018.01.08 14:16:54.885,1.8869,1.88729,1.00,1.00
2018.01.08 14:16:56.116,1.88695,1.8873,1.00,1.00
2018.01.08 14:16:56.218,1.88689,1.8873,1.00,1.00
2018.01.08 14:16:56.270,1.88687,1.88727,1.00,1.00
2018.01.08 14:16:56.632,1.8869,1.88729,1.00,1.00
2018.01.08 14:16:56.957,1.8869,1.88726,1.00,1.00
2018.01.08 14:16:57.138,1.88688,1.88726,1.00,1.00
2018.01.08 14:16:57.457,1.88689,1.8873,1.00,1.50
2018.01.08 14:16:58.066,1.88691,1.8873,1.00,1.50
2018.01.08 14:16:58.321,1.88683,1.88725,1.50,1.00
2018.01.08 14:16:58.373,1.88683,1.88723,1.00,1.00
2018.01.08 14:16:58.903,1.88683,1.88724,1.00,1.00
2018.01.08 14:16:59.456,1.88683,1.88723,1.00,1.00
2018.01.08 14:17:00.337,1.88681,1.88722,1.00,1.00
2018.01.08 14:17:00.439,1.8868,1.88717,1.00,1.00
2018.01.08 14:17:00.584,1.88678,1.88716,1.00,1.00
2018.01.08 14:17:00.635,1.88676,1.88714,1.00,1.00
2018.01.08 14:17:02.007,1.88675,1.88714,1.00,1.50
2018.01.08 14:17:02.312,1.88675,1.88716,1.00,1.50
2018.01.08 14:17:02.649,1.88675,1.88713,1.00,1.00
2018.01.08 14:17:03.604,1.88675,1.88716,1.00,1.50
2018.01.08 14:17:03.655,1.88675,1.88714,1.00,1.00
2018.01.08 14:17:04.104,1.88675,1.88716,1.00,1.50
2018.01.08 14:17:07.455,1.88681,1.88719,1.00,1.00
2018.01.08 14:17:07.999,1.88679,1.8872,1.50,1.00
2018.01.08 14:17:08.101,1.88682,1.8872,1.00,1.00
2018.01.08 14:17:09.703,1.88683,1.8872,1.00,1.00
2018.01.08 14:17:09.836,1.88683,1.88722,1.00,1.00
2018.01.08 14:17:09.990,1.88685,1.88722,1.00,1.00
2018.01.08 14:17:10.210,1.88683,1.88722,1.00,1.00
2018.01.08 14:17:10.276,1.88683,1.8872,1.00,1.00
2018.01.08 14:17:10.379,1.88681,1.8872,1.00,1.00
2018.01.08 14:17:11.232,1.88683,1.88719,1.00,1.00
2018.01.08 14:17:11.438,1.8868,1.88719,1.50,1.00
2018.01.08 14:17:11.665,1.88682,1.88721,1.00,1.00
2018.01.08 14:17:11.719,1.8868,1.8872,1.00,1.00
2018.01.08 14:17:11.924,1.88679,1.88718,1.50,1.00
2018.01.08 14:17:12.470,1.88678,1.88717,1.00,1.00
2018.01.08 14:17:13.202,1.88677,1.88716,1.00,1.00
2018.01.08 14:17:14.844,1.88677,1.88718,1.50,1.00
2018.01.08 14:17:14.895,1.88679,1.88718,1.00,1.00
2018.01.08 14:17:17.040,1.88677,1.88718,1.50,1.00
2018.01.08 14:17:20.592,1.88678,1.88719,1.50,1.00
2018.01.08 14:17:21.870,1.88677,1.88717,1.00,1.00
2018.01.08 14:17:23.133,1.88677,1.88716,1.00,1.00
2018.01.08 14:17:23.747,1.88677,1.88717,1.00,1.00
2018.01.08 14:17:26.235,1.88678,1.88718,1.00,1.00
2018.01.08 14:17:26.558,1.88677,1.88716,1.00,1.00
2018.01.08 14:17:27.075,1.88676,1.88715,1.00,1.00
2018.01.08 14:17:29.104,1.88675,1.88714,1.00,1.00
2018.01.08 14:17:31.249,1.88675,1.88712,1.00,1.00
2018.01.08 14:17:32.157,1.88675,1.88714,1.00,1.00
2018.01.08 14:17:32.668,1.88677,1.88714,1.00,1.00
2018.01.08 14:17:32.866,1.88675,1.88714,1.00,1.00
2018.01.08 14:17:34.146,1.88678,1.88714,1.00,1.00
2018.01.08 14:17:34.300,1.88679,1.88719,1.00,1.00
2018.01.08 14:17:34.352,1.88683,1.88722,1.00,1.00
2018.01.08 14:17:34.676,1.88677,1.88713,1.00,1.00
2018.01.08 14:17:35.197,1.88675,1.88713,1.00,1.00
2018.01.08 14:17:35.715,1.88675,1.88714,1.00,1.00
2018.01.08 14:17:38.399,1.88674,1.88715,1.50,1.00
2018.01.08 14:17:38.450,1.88678,1.88716,1.00,1.00
2018.01.08 14:17:38.501,1.88678,1.88719,1.00,1.00
2018.01.08 14:17:39.078,1.88682,1.88719,1.00,1.00
2018.01.08 14:17:39.912,1.88682,1.88717,1.00,1.00
2018.01.08 14:17:39.964,1.88679,1.88717,1.00,1.00
2018.01.08 14:17:40.594,1.88678,1.88717,1.50,1.00
2018.01.08 14:17:42.991,1.88677,1.88716,1.00,1.00
2018.01.08 14:17:45.032,1.88676,1.88716,1.00,1.00
2018.01.08 14:17:45.083,1.88674,1.88714,1.00,1.00
2018.01.08 14:17:45.415,1.88673,1.88712,1.00,1.00
2018.01.08 14:17:45.931,1.88668,1.88706,1.00,1.00
2018.01.08 14:17:45.983,1.88666,1.88705,1.00,1.00
2018.01.08 14:17:46.085,1.88664,1.88704,1.00,1.00
2018.01.08 14:17:46.575,1.88665,1.88706,1.00,1.00
2018.01.08 14:17:46.627,1.88667,1.88707,1.00,1.09
2018.01.08 14:17:47.395,1.88667,1.88703,1.00,1.00
2018.01.08 14:17:47.673,1.88665,1.88703,1.00,1.00
2018.01.08 14:17:51.987,1.88668,1.88703,1.00,1.00
2018.01.08 14:17:52.180,1.88666,1.88703,1.00,1.00
2018.01.08 14:17:52.247,1.88664,1.88703,1.00,1.00
2018.01.08 14:17:52.860,1.88664,1.88702,1.00,1.00
2018.01.08 14:17:53.143,1.88664,1.88704,1.00,1.00
2018.01.08 14:17:53.324,1.88666,1.88703,1.00,1.00
2018.01.08 14:17:53.375,1.88666,1.88706,1.00,1.00
2018.01.08 14:17:54.895,1.88665,1.88704,1.00,1.00
2018.01.08 14:17:54.946,1.88663,1.88703,1.00,1.00
2018.01.08 14:17:57.146,1.88663,1.88701,1.00,1.00
2018.01.08 14:17:57.525,1.88661,1.887,1.50,1.00
2018.01.08 14:17:58.339,1.88661,1.88701,1.50,1.00
2018.01.08 14:17:58.852,1.88661,1.88702,1.50,1.00
2018.01.08 14:17:59.425,1.88661,1.88701,1.00,1.00
2018.01.08 14:17:59.806,1.8866,1.88697,1.00,1.00
2018.01.08 14:18:00.097,1.8866,1.88699,1.50,1.00
2018.01.08 14:18:00.149,1.8866,1.88701,1.50,1.00
2018.01.08 14:18:00.271,1.88664,1.88702,1.00,1.00
2018.01.08 14:18:00.324,1.88665,1.88704,1.00,1.00
2018.01.08 14:18:00.375,1.88668,1.88704,1.00,1.00
2018.01.08 14:18:01.723,1.88668,1.88702,1.00,1.00
2018.01.08 14:18:02.306,1.88668,1.88703,1.00,1.00
2018.01.08 14:18:03.254,1.88667,1.88704,1.00,1.00
2018.01.08 14:18:03.627,1.88669,1.88704,1.00,1.00
2018.01.08 14:18:08.684,1.88669,1.88703,1.00,1.00
2018.01.08 14:18:08.787,1.88664,1.88699,1.00,1.00
2018.01.08 14:18:09.357,1.88661,1.88699,1.00,1.00
2018.01.08 14:18:09.580,1.88664,1.88699,1.00,1.00
2018.01.08 14:18:11.358,1.88658,1.88694,1.00,1.00
2018.01.08 14:18:11.409,1.88658,1.88696,1.00,1.00
2018.01.08 14:18:11.461,1.88657,1.88689,1.00,1.00
2018.01.08 14:18:11.642,1.88664,1.88699,1.00,1.00
2018.01.08 14:18:11.693,1.88662,1.88699,1.00,1.00
2018.01.08 14:18:11.795,1.88665,1.88699,1.00,1.00
2018.01.08 14:18:12.885,1.88665,1.88697,1.00,1.00
2018.01.08 14:18:13.030,1.88662,1.88697,1.00,1.00
2018.01.08 14:18:13.883,1.88662,1.88697,1.37,1.00
2018.01.08 14:18:13.986,1.88662,1.88697,1.00,1.00
2018.01.08 14:18:15.401,1.88664,1.88697,1.00,1.00
2018.01.08 14:18:16.026,1.88664,1.88698,1.00,1.00
2018.01.08 14:18:16.352,1.88662,1.88694,1.00,1.00
2018.01.08 14:18:16.675,1.88658,1.88694,1.12,1.00
2018.01.08 14:18:17.018,1.88662,1.88694,1.00,1.00
2018.01.08 14:18:17.757,1.88662,1.88695,1.00,1.00
2018.01.08 14:18:18.416,1.88662,1.88696,1.00,1.00
2018.01.08 14:18:19.683,1.88662,1.88695,1.00,1.00
2018.01.08 14:18:19.888,1.8866,1.88695,1.00,1.00
2018.01.08 14:18:20.370,1.8866,1.88693,1.00,1.00
2018.01.08 14:18:20.525,1.88658,1.88693,1.00,1.00
2018.01.08 14:18:21.200,1.88656,1.88693,1.37,1.00
2018.01.08 14:18:21.252,1.88655,1.88686,1.00,1.00
2018.01.08 14:18:21.303,1.88649,1.88686,1.00,1.00
2018.01.08 14:18:21.405,1.88649,1.88683,1.00,1.00
2018.01.08 14:18:21.456,1.88645,1.88682,1.12,1.00
2018.01.08 14:18:21.559,1.88644,1.8868,1.00,1.00
2018.01.08 14:18:22.228,1.88645,1.8868,1.12,1.00
2018.01.08 14:18:24.567,1.88646,1.8868,1.00,1.00
2018.01.08 14:18:25.073,1.88646,1.88681,1.00,1.00
2018.01.08 14:18:25.359,1.88643,1.8868,1.00,1.00
2018.01.08 14:18:25.461,1.88647,1.88681,1.00,1.00
2018.01.08 14:18:26.013,1.88646,1.88681,1.00,1.00
2018.01.08 14:18:26.559,1.88646,1.88682,1.00,1.00
2018.01.08 14:18:27.165,1.88644,1.88682,1.00,1.00
2018.01.08 14:18:27.367,1.88647,1.88682,1.00,1.00
2018.01.08 14:18:28.784,1.88645,1.88682,1.00,1.00
2018.01.08 14:18:30.279,1.88647,1.88686,1.00,1.00
2018.01.08 14:18:30.658,1.8866,1.88697,1.00,1.00
2018.01.08 14:18:30.760,1.88662,1.88703,1.00,1.00
2018.01.08 14:18:30.938,1.8866,1.88702,1.00,1.00
2018.01.08 14:18:30.990,1.88659,1.88698,1.00,1.00
2018.01.08 14:18:31.307,1.88651,1.8869,1.00,1.00
2018.01.08 14:18:31.514,1.88647,1.88688,1.00,1.00
2018.01.08 14:18:31.685,1.88647,1.88686,1.00,1.00
2018.01.08 14:18:31.788,1.88645,1.88686,1.00,1.00
2018.01.08 14:18:31.993,1.88647,1.88687,1.00,1.00
2018.01.08 14:18:32.514,1.88646,1.88687,1.50,1.00
2018.01.08 14:18:32.889,1.88647,1.88689,1.00,1.00
2018.01.08 14:18:39.617,1.88649,1.88688,1.00,1.00
2018.01.08 14:18:44.242,1.88648,1.88688,1.00,1.00
2018.01.08 14:18:44.762,1.88647,1.88689,1.50,1.00
2018.01.08 14:18:45.285,1.88647,1.88688,1.50,1.00
2018.01.08 14:18:46.234,1.88648,1.88687,1.00,1.00
2018.01.08 14:18:48.296,1.88647,1.88687,1.50,1.00
2018.01.08 14:18:48.952,1.88646,1.88686,1.00,1.00
2018.01.08 14:18:49.200,1.88646,1.88688,1.00,1.00
2018.01.08 14:18:49.302,1.88648,1.8869,1.00,1.00
2018.01.08 14:18:49.656,1.88653,1.88692,1.00,1.00
2018.01.08 14:18:49.758,1.88653,1.88695,1.50,1.00
2018.01.08 14:18:50.013,1.88654,1.88693,1.00,1.00
2018.01.08 14:18:50.605,1.88653,1.88693,1.50,1.00
2018.01.08 14:18:51.824,1.88654,1.88694,1.00,1.00
2018.01.08 14:18:52.404,1.88656,1.88695,1.00,1.00
2018.01.08 14:18:55.878,1.88655,1.88697,1.50,1.00
2018.01.08 14:18:56.337,1.88654,1.88694,1.50,1.00
2018.01.08 14:18:56.642,1.88651,1.8869,1.50,1.00
2018.01.08 14:18:56.694,1.88652,1.88692,1.00,1.00
2018.01.08 14:18:56.745,1.88652,1.8869,1.00,1.00
2018.01.08 14:18:57.284,1.88652,1.88691,1.00,1.00
2018.01.08 14:18:57.906,1.88652,1.88693,1.00,1.00
2018.01.08 14:18:57.957,1.88652,1.88691,1.00,1.00
2018.01.08 14:18:58.009,1.8865,1.88691,1.50,1.00
2018.01.08 14:18:58.528,1.88651,1.88691,1.00,1.00
2018.01.08 14:18:59.325,1.88651,1.8869,1.00,1.00
2018.01.08 14:18:59.936,1.88653,1.88691,1.00,1.00
2018.01.08 14:18:59.987,1.88653,1.88693,1.00,1.00
2018.01.08 14:19:01.381,1.88653,1.88692,1.00,1.00
2018.01.08 14:19:02.197,1.88653,1.88691,1.00,1.00
2018.01.08 14:19:02.936,1.88653,1.88689,1.00,1.00
2018.01.08 14:19:02.988,1.88651,1.88689,1.00,1.00
2018.01.08 14:19:04.155,1.88652,1.8869,1.00,1.00
2018.01.08 14:19:04.280,1.88657,1.88693,1.00,1.00
2018.01.08 14:19:04.382,1.88658,1.88695,1.00,1.00
2018.01.08 14:19:04.538,1.88658,1.88693,1.00,1.00
2018.01.08 14:19:04.728,1.88658,1.88695,1.00,1.00
2018.01.08 14:19:04.950,1.88655,1.88695,1.00,1.00
2018.01.08 14:19:05.724,1.88655,1.88693,1.00,1.00
2018.01.08 14:19:06.281,1.88654,1.88693,1.00,1.00
2018.01.08 14:19:07.234,1.88652,1.88689,1.00,1.00
2018.01.08 14:19:07.286,1.8865,1.8869,1.00,1.00
2018.01.08 14:19:07.389,1.88649,1.88688,1.00,1.00
2018.01.08 14:19:07.593,1.88646,1.88687,1.87,1.00
2018.01.08 14:19:08.139,1.88646,1.88686,1.50,1.00
2018.01.08 14:19:09.828,1.88645,1.88684,1.00,1.00
2018.01.08 14:19:09.880,1.88643,1.88684,1.00,1.00
2018.01.08 14:19:10.545,1.88644,1.88684,1.00,1.00
2018.01.08 14:19:11.147,1.88642,1.88684,1.87,1.00
2018.01.08 14:19:11.332,1.88642,1.8868,1.37,1.00
2018.01.08 14:19:11.383,1.88642,1.88682,1.37,1.00
2018.01.08 14:19:12.138,1.88643,1.88683,1.12,1.00
2018.01.08 14:19:12.240,1.88646,1.88684,1.00,1.00
2018.01.08 14:19:12.968,1.88646,1.88685,1.00,1.00
2018.01.08 14:19:14.159,1.88645,1.88686,1.00,1.00
2018.01.08 14:19:14.702,1.88644,1.88686,1.50,1.00
2018.01.08 14:19:25.595,1.88644,1.88685,1.00,1.00
2018.01.08 14:19:26.998,1.88643,1.88684,1.50,1.00
2018.01.08 14:19:28.347,1.88644,1.88683,1.00,1.00
2018.01.08 14:19:29.217,1.88644,1.88684,1.50,1.00
2018.01.08 14:19:29.974,1.88644,1.88685,1.00,1.50
2018.01.08 14:19:30.404,1.88644,1.88685,1.37,1.50
2018.01.08 14:19:30.980,1.88644,1.88685,1.50,1.00
2018.01.08 14:19:32.776,1.88646,1.88685,1.00,1.50
2018.01.08 14:19:33.424,1.88645,1.88684,1.00,1.00
2018.01.08 14:19:33.865,1.88644,1.88686,1.00,1.50
2018.01.08 14:19:34.042,1.88646,1.88686,1.00,1.50
2018.01.08 14:19:34.444,1.88646,1.88684,1.00,1.00
2018.01.08 14:19:34.673,1.88645,1.88686,1.00,1.50
2018.01.08 14:19:35.540,1.88645,1.88684,1.00,1.00
2018.01.08 14:19:35.780,1.88645,1.88686,1.00,1.00
2018.01.08 14:19:37.820,1.88645,1.88684,1.00,1.00
2018.01.08 14:19:38.490,1.88645,1.88685,1.00,1.00
2018.01.08 14:19:39.091,1.88645,1.88684,1.00,1.00
2018.01.08 14:19:39.999,1.88645,1.88685,1.00,1.00
2018.01.08 14:19:40.338,1.88647,1.88686,1.00,1.00
2018.01.08 14:19:41.072,1.88647,1.88685,1.00,1.00
2018.01.08 14:19:41.490,1.88647,1.88687,1.00,1.00
2018.01.08 14:19:41.942,1.8865,1.88688,1.00,1.00
2018.01.08 14:19:42.113,1.88647,1.88688,1.50,1.00
2018.01.08 14:19:42.216,1.88647,1.88677,1.00,1.00
2018.01.08 14:19:42.268,1.88645,1.88681,1.00,1.00
2018.01.08 14:19:42.371,1.88646,1.88686,1.00,1.00
2018.01.08 14:19:42.959,1.88647,1.88686,1.00,1.00
2018.01.08 14:19:43.316,1.88645,1.88685,1.00,1.00
2018.01.08 14:19:43.471,1.88649,1.88686,1.00,1.00
2018.01.08 14:19:43.522,1.88647,1.88686,1.00,1.50
2018.01.08 14:19:44.062,1.88647,1.88685,1.00,1.00
2018.01.08 14:19:44.547,1.88644,1.88685,1.00,1.50
2018.01.08 14:19:44.670,1.88646,1.88685,1.00,1.00
2018.01.08 14:19:44.721,1.88644,1.88685,1.50,1.00
2018.01.08 14:19:45.054,1.88638,1.88676,1.00,1.00
2018.01.08 14:19:45.105,1.88639,1.88679,1.00,1.00
2018.01.08 14:19:45.894,1.88642,1.88681,1.00,1.50
2018.01.08 14:19:46.203,1.88642,1.88679,1.00,1.00
2018.01.08 14:19:47.724,1.88638,1.88679,1.00,1.00
2018.01.08 14:19:48.488,1.88636,1.88676,1.00,1.00
2018.01.08 14:19:50.223,1.88639,1.88679,1.00,1.50
2018.01.08 14:19:50.606,1.88636,1.88675,1.50,1.00
2018.01.08 14:19:50.657,1.88638,1.88678,1.00,1.00
2018.01.08 14:19:50.969,1.88636,1.88678,1.00,1.50
2018.01.08 14:19:51.123,1.88639,1.88678,1.00,1.00
2018.01.08 14:19:51.929,1.88636,1.88676,1.00,1.00
2018.01.08 14:19:56.594,1.88638,1.88677,1.50,1.00
2018.01.08 14:19:57.102,1.88639,1.88677,1.00,1.00
2018.01.08 14:19:57.614,1.88638,1.88677,1.00,1.00
2018.01.08 14:19:57.937,1.8864,1.88678,1.00,1.00
2018.01.08 14:19:58.318,1.88638,1.88678,1.00,1.00
2018.01.08 14:20:00.462,1.88637,1.88675,1.00,1.00
2018.01.08 14:20:00.625,1.88639,1.88678,1.00,1.00
2018.01.08 14:20:00.727,1.88639,1.8868,1.50,1.50
2018.01.08 14:20:00.829,1.88639,1.88675,1.00,1.00
2018.01.08 14:20:01.016,1.88639,1.88678,1.50,1.00
2018.01.08 14:20:02.171,1.88644,1.88685,1.00,1.87
2018.01.08 14:20:02.223,1.88648,1.88687,1.00,1.37
2018.01.08 14:20:02.994,1.88648,1.88688,1.00,1.00
2018.01.08 14:20:04.308,1.88649,1.88688,1.50,1.00
2018.01.08 14:20:04.827,1.8865,1.88688,1.00,1.00
2018.01.08 14:20:08.646,1.88648,1.88687,1.50,1.00
2018.01.08 14:20:09.015,1.88648,1.88679,1.00,1.00
2018.01.08 14:20:09.066,1.88646,1.88684,1.00,1.00
2018.01.08 14:20:09.220,1.88648,1.88685,1.00,1.00
2018.01.08 14:20:09.323,1.88648,1.88687,1.00,1.00
2018.01.08 14:20:09.837,1.88649,1.88687,1.00,1.00
2018.01.08 14:20:09.939,1.88647,1.88687,1.00,1.00
2018.01.08 14:20:10.711,1.88647,1.88688,1.00,1.00
2018.01.08 14:20:10.883,1.8865,1.88688,1.00,1.00
2018.01.08 14:20:11.233,1.88648,1.88687,1.00,1.00
2018.01.08 14:20:12.383,1.88651,1.88688,1.00,1.00
2018.01.08 14:20:12.613,1.88652,1.88691,1.00,1.00
2018.01.08 14:20:13.264,1.8865,1.8869,1.00,1.00
2018.01.08 14:20:13.613,1.8865,1.88688,1.00,1.00
2018.01.08 14:20:14.119,1.8865,1.88687,1.00,1.00
2018.01.08 14:20:14.450,1.88648,1.88684,1.00,1.00
2018.01.08 14:20:14.968,1.88647,1.88684,1.00,1.00
2018.01.08 14:20:17.175,1.88645,1.88681,1.00,1.00
2018.01.08 14:20:17.279,1.8864,1.88679,1.00,1.00
2018.01.08 14:20:17.451,1.88647,1.88686,1.00,1.00
2018.01.08 14:20:17.554,1.88647,1.88688,1.50,1.00
2018.01.08 14:20:17.656,1.88649,1.88688,1.00,1.00
2018.01.08 14:20:18.609,1.88648,1.88688,1.00,1.00
2018.01.08 14:20:19.155,1.88649,1.88688,1.00,1.50
2018.01.08 14:20:20.383,1.8865,1.88688,1.00,1.00
2018.01.08 14:20:20.486,1.8865,1.8869,1.00,1.50
2018.01.08 14:20:22.521,1.88649,1.88688,1.00,1.00
2018.01.08 14:20:22.572,1.88647,1.88688,1.00,1.00
2018.01.08 14:20:23.303,1.88647,1.88687,1.00,1.00
2018.01.08 14:20:30.206,1.88649,1.88687,1.00,1.00
2018.01.08 14:20:30.848,1.88649,1.88688,1.00,1.50
2018.01.08 14:20:31.499,1.88649,1.88689,1.00,1.00
2018.01.08 14:20:32.049,1.88648,1.8869,1.50,1.00
2018.01.08 14:20:33.485,1.8865,1.8869,1.00,1.00
2018.01.08 14:20:34.271,1.88649,1.8869,1.00,1.50
2018.01.08 14:20:35.312,1.88649,1.88689,1.00,1.00
2018.01.08 14:20:36.686,1.88648,1.88688,1.00,1.00
2018.01.08 14:20:37.242,1.88648,1.88689,1.50,1.00
2018.01.08 14:20:37.593,1.88648,1.88687,1.50,1.00
2018.01.08 14:20:39.199,1.8865,1.88688,1.00,1.00
2018.01.08 14:20:39.703,1.88649,1.88688,1.00,1.50
2018.01.08 14:20:40.573,1.88649,1.88687,1.00,1.00
2018.01.08 14:20:41.826,1.88658,1.88693,1.00,1.00
2018.01.08 14:20:42.078,1.88664,1.88703,1.00,1.50
2018.01.08 14:20:42.181,1.88662,1.88703,1.00,1.50
2018.01.08 14:20:42.232,1.88662,1.88699,1.00,1.00
2018.01.08 14:20:42.283,1.8866,1.88699,1.00,1.00
2018.01.08 14:20:42.488,1.88656,1.88692,1.37,1.00
2018.01.08 14:20:42.745,1.88645,1.88683,1.00,1.00
2018.01.08 14:20:42.796,1.88645,1.88681,1.00,1.00
2018.01.08 14:20:43.051,1.88645,1.88684,1.00,1.00
2018.01.08 14:20:43.580,1.88644,1.88682,1.00,1.00
2018.01.08 14:20:43.954,1.88639,1.88677,1.50,1.00
2018.01.08 14:20:44.671,1.8864,1.88679,1.00,1.50
2018.01.08 14:20:45.202,1.88639,1.88678,1.12,1.00
2018.01.08 14:20:45.482,1.88641,1.88681,1.00,1.00
2018.01.08 14:20:45.933,1.88645,1.88683,1.00,1.00
2018.01.08 14:20:46.240,1.88642,1.8868,1.00,1.00
2018.01.08 14:20:46.749,1.88643,1.8868,1.00,1.00
2018.01.08 14:20:46.800,1.8864,1.8868,1.00,1.00
2018.01.08 14:20:46.852,1.8865,1.88686,1.00,1.00
2018.01.08 14:20:47.018,1.88645,1.88685,1.00,1.00
2018.01.08 14:20:47.494,1.88647,1.88685,1.00,1.00
2018.01.08 14:20:47.995,1.88643,1.88684,1.75,1.50
2018.01.08 14:20:48.231,1.88642,1.88684,1.00,1.50
2018.01.08 14:20:48.282,1.88642,1.88682,1.00,1.00
2018.01.08 14:20:49.186,1.88644,1.88682,1.00,1.00
2018.01.08 14:20:49.714,1.8864,1.88679,1.00,1.00
2018.01.08 14:20:50.223,1.88638,1.88678,1.00,1.00
2018.01.08 14:20:50.737,1.8864,1.8868,1.50,1.00
2018.01.08 14:20:52.247,1.88639,1.8868,1.00,1.50
2018.01.08 14:20:52.897,1.8864,1.8868,1.00,1.50
2018.01.08 14:20:54.359,1.88647,1.88683,1.00,1.00
2018.01.08 14:20:54.410,1.88648,1.88687,1.00,1.00
2018.01.08 14:20:54.462,1.88649,1.88689,1.00,1.50
2018.01.08 14:20:54.564,1.88648,1.88687,1.00,1.00
2018.01.08 14:20:54.718,1.88642,1.88682,1.00,1.00
2018.01.08 14:20:54.769,1.88641,1.8868,1.00,1.00
2018.01.08 14:20:55.701,1.8864,1.88679,1.00,1.00
2018.01.08 14:20:56.992,1.8864,1.88681,1.00,1.00
2018.01.08 14:20:57.954,1.88643,1.88683,1.00,1.00
2018.01.08 14:20:58.302,1.88654,1.88693,1.50,1.00
2018.01.08 14:20:58.627,1.88656,1.88696,1.00,1.00
2018.01.08 14:20:59.190,1.88655,1.88696,1.00,1.50
2018.01.08 14:20:59.796,1.88656,1.88696,1.00,1.00
2018.01.08 14:20:59.953,1.88658,1.88697,1.00,1.00
2018.01.08 14:21:00.153,1.88658,1.88699,1.00,1.00
2018.01.08 14:21:00.503,1.88656,1.88697,1.50,1.00
2018.01.08 14:21:04.210,1.88657,1.88696,1.50,1.00
2018.01.08 14:21:07.538,1.88658,1.88696,1.00,1.00
2018.01.08 14:21:08.083,1.88658,1.88697,1.00,1.50
2018.01.08 14:21:08.651,1.88658,1.88696,1.00,1.00
2018.01.08 14:21:09.399,1.88658,1.88697,1.00,1.50
2018.01.08 14:21:09.786,1.88654,1.88692,1.00,1.00
2018.01.08 14:21:10.294,1.88654,1.88693,1.00,1.50
2018.01.08 14:21:11.012,1.88654,1.88692,1.00,1.00
2018.01.08 14:21:11.530,1.88654,1.88693,1.00,1.00
2018.01.08 14:21:12.174,1.88654,1.88694,1.00,1.50
2018.01.08 14:21:13.700,1.88654,1.88693,1.00,1.00
2018.01.08 14:21:15.518,1.88652,1.88693,1.00,1.00
2018.01.08 14:21:21.223,1.88651,1.88692,1.50,1.00
2018.01.08 14:21:21.440,1.88653,1.88692,1.00,1.50
2018.01.08 14:21:22.274,1.88653,1.88691,1.00,1.00
2018.01.08 14:21:22.782,1.88654,1.88691,1.00,1.00
2018.01.08 14:21:23.525,1.88652,1.88691,1.50,1.00
2018.01.08 14:21:26.952,1.88653,1.88691,1.00,1.00
2018.01.08 14:21:27.735,1.88652,1.88691,1.00,1.00
2018.01.08 14:21:29.382,1.88653,1.88692,1.00,1.00
2018.01.08 14:21:36.690,1.88652,1.88691,1.00,1.00
2018.01.08 14:21:36.741,1.88645,1.88682,1.00,1.00
2018.01.08 14:21:36.793,1.88642,1.8868,1.00,1.00
2018.01.08 14:21:36.845,1.8864,1.88679,1.00,1.00
2018.01.08 14:21:36.948,1.88638,1.88679,1.00,1.00
2018.01.08 14:21:36.999,1.88642,1.88682,1.00,1.00
2018.01.08 14:21:37.739,1.88642,1.88681,1.00,1.00
2018.01.08 14:21:39.965,1.88643,1.88682,1.00,1.00
2018.01.08 14:21:40.981,1.88642,1.88681,1.50,1.00
2018.01.08 14:21:43.576,1.88641,1.88681,1.00,1.00
2018.01.08 14:21:45.355,1.8864,1.88679,1.00,1.00
2018.01.08 14:21:46.103,1.8864,1.88678,1.00,1.00
2018.01.08 14:21:46.578,1.88637,1.88676,1.00,1.00
2018.01.08 14:21:47.096,1.88638,1.88677,1.50,1.00
2018.01.08 14:21:51.296,1.8864,1.88677,1.00,1.00
2018.01.08 14:21:51.658,1.88638,1.88677,1.00,1.00
2018.01.08 14:21:57.168,1.88639,1.88677,1.00,1.00
2018.01.08 14:21:57.698,1.88638,1.88677,1.50,1.00
2018.01.08 14:21:58.263,1.88639,1.88677,1.00,1.00
2018.01.08 14:21:58.790,1.88639,1.88678,1.50,1.00
2018.01.08 14:21:59.037,1.8864,1.8868,1.00,1.00
2018.01.08 14:21:59.088,1.88642,1.88681,1.50,1.00
2018.01.08 14:21:59.600,1.88643,1.88683,1.00,1.00
2018.01.08 14:22:00.186,1.88643,1.88684,1.50,1.50
2018.01.08 14:22:00.619,1.88642,1.88682,1.00,1.00
2018.01.08 14:22:02.473,1.88642,1.88683,1.50,1.50
2018.01.08 14:22:03.002,1.88644,1.88683,1.00,1.00
2018.01.08 14:22:03.371,1.88642,1.8868,1.00,1.00
2018.01.08 14:22:04.979,1.88641,1.8868,1.00,1.50
2018.01.08 14:22:05.326,1.8864,1.88678,1.00,1.00
2018.01.08 14:22:06.239,1.88638,1.88678,1.00,1.00
2018.01.08 14:22:07.511,1.88638,1.88679,1.50,1.00
2018.01.08 14:22:09.935,1.8864,1.88679,1.00,1.00
2018.01.08 14:22:12.319,1.88638,1.88677,1.00,1.00
2018.01.08 14:22:12.742,1.8864,1.88678,1.00,1.00
2018.01.08 14:22:13.054,1.88631,1.88667,1.00,1.00
2018.01.08 14:22:13.731,1.88629,1.88667,1.50,1.00
2018.01.08 14:22:14.558,1.88629,1.88668,1.00,1.00
2018.01.08 14:22:14.609,1.88627,1.88668,1.50,1.00
2018.01.08 14:22:14.865,1.88629,1.8867,1.00,1.00
2018.01.08 14:22:15.267,1.88633,1.88671,1.00,1.00
2018.01.08 14:22:15.893,1.88629,1.88669,1.00,1.00
2018.01.08 14:22:15.996,1.88631,1.8867,1.00,1.00
2018.01.08 14:22:16.372,1.88635,1.88673,1.00,1.00
2018.01.08 14:22:16.984,1.88635,1.88671,1.00,1.00
2018.01.08 14:22:17.432,1.88637,1.88671,1.00,1.00
2018.01.08 14:22:18.562,1.88636,1.88671,1.00,1.00
2018.01.08 14:22:18.664,1.88642,1.88682,1.00,2.25
2018.01.08 14:22:18.715,1.88644,1.88681,1.00,1.00
2018.01.08 14:22:18.767,1.8864,1.88678,1.00,1.00
2018.01.08 14:22:18.818,1.8864,1.88675,1.00,1.00
2018.01.08 14:22:19.332,1.88639,1.88675,1.00,1.00
2018.01.08 14:22:20.613,1.88637,1.88675,1.00,1.00
2018.01.08 14:22:20.664,1.88636,1.88673,1.00,1.00
2018.01.08 14:22:21.286,1.88636,1.88672,1.00,1.00
2018.01.08 14:22:21.337,1.88634,1.88672,1.00,1.00
2018.01.08 14:22:21.554,1.88632,1.88671,1.50,1.00
2018.01.08 14:22:21.605,1.88632,1.88669,1.00,1.00
2018.01.08 14:22:23.218,1.88632,1.88671,1.50,1.00
2018.01.08 14:22:23.944,1.88633,1.88671,1.00,1.00
2018.01.08 14:22:24.629,1.88633,1.8867,1.00,1.00
2018.01.08 14:22:25.425,1.88633,1.88672,1.00,1.00
2018.01.08 14:22:25.648,1.88644,1.8868,1.00,1.00
2018.01.08 14:22:25.699,1.88645,1.88684,1.50,1.00
2018.01.08 14:22:25.751,1.88645,1.88686,1.50,1.00
2018.01.08 14:22:25.956,1.88643,1.88678,1.00,1.00
2018.01.08 14:22:26.008,1.88641,1.88677,1.00,1.00
2018.01.08 14:22:26.059,1.88639,1.88678,1.00,1.00
2018.01.08 14:22:26.703,1.88639,1.88677,1.00,1.00
2018.01.08 14:22:27.274,1.88638,1.88677,1.00,1.00
2018.01.08 14:22:27.428,1.88632,1.8867,1.00,1.00
2018.01.08 14:22:27.531,1.88628,1.88667,1.00,1.00
2018.01.08 14:22:28.259,1.88629,1.88667,1.00,1.00
2018.01.08 14:22:29.238,1.88628,1.88667,1.00,1.00
2018.01.08 14:22:30.121,1.88628,1.88665,1.00,1.00
2018.01.08 14:22:30.172,1.88628,1.88668,1.00,1.50
2018.01.08 14:22:31.715,1.88631,1.88668,1.00,1.00
2018.01.08 14:22:32.044,1.88633,1.88669,1.00,1.00
2018.01.08 14:22:32.322,1.88629,1.88669,1.00,1.50
2018.01.08 14:22:33.364,1.88627,1.88666,1.00,1.00
2018.01.08 14:22:33.467,1.88625,1.88665,1.00,1.00
2018.01.08 14:22:33.681,1.88628,1.88666,1.00,1.50
2018.01.08 14:22:34.047,1.88637,1.88672,1.00,1.00
2018.01.08 14:22:34.098,1.88637,1.88674,1.00,1.00
2018.01.08 14:22:34.612,1.88637,1.88673,1.00,1.00
2018.01.08 14:22:36.988,1.88637,1.88672,1.00,1.00
2018.01.08 14:22:37.712,1.88636,1.88672,1.00,1.00
2018.01.08 14:22:37.763,1.88636,1.88675,1.00,1.00
2018.01.08 14:22:38.897,1.88635,1.88675,1.00,1.00
2018.01.08 14:22:39.531,1.88635,1.88673,1.00,1.00
2018.01.08 14:22:39.790,1.88633,1.88673,1.00,1.00
2018.01.08 14:22:40.104,1.88625,1.88665,1.00,1.50
2018.01.08 14:22:40.369,1.88622,1.88663,1.00,1.00
2018.01.08 14:22:40.877,1.88623,1.88664,1.00,1.00
2018.01.08 14:22:41.429,1.88622,1.88662,1.00,1.00
2018.01.08 14:22:41.778,1.88627,1.88667,1.00,1.00
2018.01.08 14:22:42.084,1.88629,1.88667,1.00,1.00
2018.01.08 14:22:42.491,1.88629,1.8867,1.00,1.50
2018.01.08 14:22:43.279,1.88631,1.88669,1.00,1.00
2018.01.08 14:22:43.808,1.88631,1.8867,1.00,1.00
2018.01.08 14:22:44.365,1.88632,1.88671,1.00,1.00
2018.01.08 14:22:45.305,1.88632,1.8867,1.00,1.00
2018.01.08 14:22:45.815,1.88632,1.88671,1.00,1.00
2018.01.08 14:22:46.328,1.88631,1.88671,1.50,1.00
2018.01.08 14:22:46.857,1.88631,1.88672,1.50,1.00
2018.01.08 14:22:47.987,1.88633,1.88672,1.00,1.00
2018.01.08 14:22:48.528,1.88634,1.88674,1.00,1.00
2018.01.08 14:22:50.089,1.88633,1.88674,1.00,1.50
2018.01.08 14:22:50.217,1.88634,1.88672,1.00,1.00
2018.01.08 14:22:50.966,1.88633,1.88671,1.00,1.00
2018.01.08 14:22:52.132,1.88632,1.8867,1.50,1.00
2018.01.08 14:22:53.163,1.88632,1.88672,1.00,1.00
2018.01.08 14:22:53.960,1.88633,1.88672,1.00,1.00
2018.01.08 14:22:54.855,1.88634,1.88672,1.00,1.00
2018.01.08 14:22:55.115,1.88633,1.88674,1.00,1.00
2018.01.08 14:22:58.403,1.88635,1.88674,1.00,1.00
2018.01.08 14:22:59.013,1.88634,1.88673,1.00,1.00
2018.01.08 14:23:00.543,1.88634,1.88674,1.00,1.00
2018.01.08 14:23:01.062,1.88633,1.88673,1.00,1.00
2018.01.08 14:23:02.171,1.88632,1.88673,1.00,1.00
2018.01.08 14:23:02.561,1.88627,1.88666,1.00,1.00
2018.01.08 14:23:02.726,1.8863,1.8867,1.00,1.50
2018.01.08 14:23:03.695,1.88631,1.8867,1.00,1.00
2018.01.08 14:23:03.952,1.88626,1.88667,1.50,1.00
2018.01.08 14:23:04.766,1.88626,1.88665,1.00,1.00
2018.01.08 14:23:04.919,1.88627,1.88667,1.00,1.00
2018.01.08 14:23:05.334,1.88626,1.88665,1.00,1.00
2018.01.08 14:23:05.857,1.88627,1.88666,1.00,1.00
2018.01.08 14:23:06.985,1.88627,1.88667,1.00,1.00
2018.01.08 14:23:07.037,1.88625,1.88666,1.00,1.00
2018.01.08 14:23:07.088,1.88628,1.88667,1.00,1.00
2018.01.08 14:23:07.343,1.88625,1.88666,1.00,1.00
2018.01.08 14:23:07.445,1.88624,1.88662,1.00,1.00
2018.01.08 14:23:07.985,1.88624,1.88663,1.00,1.00
2018.01.08 14:23:09.120,1.88623,1.88661,1.00,1.00
2018.01.08 14:23:09.534,1.88624,1.88663,1.00,1.50
2018.01.08 14:23:10.583,1.88625,1.88663,1.00,1.00
2018.01.08 14:23:11.084,1.88624,1.88663,1.00,1.50
2018.01.08 14:23:11.588,1.88625,1.88663,1.00,1.00
2018.01.08 14:23:12.157,1.88626,1.88665,1.00,1.00
2018.01.08 14:23:12.491,1.88628,1.88666,1.00,1.50
2018.01.08 14:23:13.787,1.88629,1.88666,1.00,1.00
2018.01.08 14:23:14.050,1.88633,1.88672,1.00,1.00
2018.01.08 14:23:15.080,1.88633,1.88673,1.00,1.00
2018.01.08 14:23:15.836,1.88631,1.8867,1.00,1.00
2018.01.08 14:23:16.346,1.8863,1.88671,1.00,1.50
2018.01.08 14:23:18.456,1.88632,1.88672,1.00,1.50
2018.01.08 14:23:22.552,1.88632,1.88671,1.00,1.00
2018.01.08 14:23:27.971,1.88633,1.88671,1.00,1.00
2018.01.08 14:23:28.023,1.88634,1.88673,1.00,1.00
2018.01.08 14:23:30.901,1.88634,1.88675,1.00,1.00
2018.01.08 14:23:34.102,1.88636,1.88675,1.00,1.00
2018.01.08 14:23:34.236,1.88637,1.88677,1.00,1.00
2018.01.08 14:23:34.288,1.88641,1.88679,1.00,1.00
2018.01.08 14:23:34.633,1.88644,1.88682,1.00,1.00
2018.01.08 14:23:34.735,1.88645,1.88684,1.00,1.09
2018.01.08 14:23:35.931,1.88646,1.88686,1.00,1.34
2018.01.08 14:23:38.651,1.88645,1.88684,1.00,1.09
2018.01.08 14:23:39.013,1.88648,1.88687,1.00,1.34
2018.01.08 14:23:41.604,1.88646,1.88687,1.00,1.34
2018.01.08 14:23:41.757,1.88645,1.88682,1.00,1.00
2018.01.08 14:23:42.032,1.88643,1.88682,1.00,1.00
2018.01.08 14:23:45.384,1.88642,1.88681,1.50,1.00
2018.01.08 14:23:46.015,1.88638,1.88679,1.50,1.00
2018.01.08 14:23:46.117,1.8864,1.88679,1.00,1.00
2018.01.08 14:23:46.903,1.8864,1.88677,1.00,1.00
2018.01.08 14:23:46.955,1.88633,1.88671,1.00,1.00
2018.01.08 14:23:47.008,1.88629,1.88669,1.00,1.00
2018.01.08 14:23:47.325,1.88627,1.88668,1.00,1.00
2018.01.08 14:23:47.967,1.88626,1.88668,1.00,1.00
2018.01.08 14:23:48.237,1.88625,1.88666,1.00,1.00
2018.01.08 14:23:50.743,1.88626,1.88668,1.00,1.00
2018.01.08 14:23:53.153,1.88626,1.88666,1.00,1.00
2018.01.08 14:23:53.767,1.88627,1.88666,1.00,1.00
2018.01.08 14:23:56.302,1.88627,1.88665,1.00,1.00
2018.01.08 14:23:56.757,1.88625,1.88665,1.00,1.00
2018.01.08 14:24:01.324,1.88624,1.88663,1.00,1.00
2018.01.08 14:24:01.866,1.88623,1.88662,1.00,1.50
2018.01.08 14:24:03.231,1.88617,1.88659,1.50,1.37
2018.01.08 14:24:03.283,1.88614,1.88654,1.00,1.00
2018.01.08 14:24:03.385,1.88613,1.88651,1.00,1.00
2018.01.08 14:24:03.641,1.88622,1.88661,1.00,1.00
2018.01.08 14:24:03.693,1.88625,1.88664,1.00,1.00
2018.01.08 14:24:04.094,1.88625,1.88666,1.00,1.00
2018.01.08 14:24:04.431,1.88627,1.88666,1.00,1.00
2018.01.08 14:24:05.966,1.88625,1.88667,1.00,1.00
2018.01.08 14:24:06.018,1.88623,1.88662,1.00,1.00
2018.01.08 14:24:06.120,1.88614,1.88655,1.00,1.00
2018.01.08 14:24:06.223,1.88615,1.88657,1.00,1.00
2018.01.08 14:24:06.771,1.88617,1.88657,1.00,1.00
2018.01.08 14:24:06.924,1.8862,1.88661,1.50,1.00
2018.01.08 14:24:07.442,1.8862,1.8866,1.00,1.00
2018.01.08 14:24:09.509,1.8862,1.88659,1.00,1.00
2018.01.08 14:24:09.710,1.88617,1.88653,1.00,1.00
2018.01.08 14:24:09.762,1.8861,1.88652,1.00,1.50
2018.01.08 14:24:10.024,1.88612,1.88652,1.00,1.00
2018.01.08 14:24:10.075,1.88614,1.88655,1.00,1.00
2018.01.08 14:24:10.424,1.88616,1.88655,1.00,1.00
2018.01.08 14:24:11.522,1.88614,1.88655,1.00,1.00
2018.01.08 14:24:11.574,1.88613,1.88652,1.00,1.00
2018.01.08 14:24:11.829,1.88613,1.88655,1.50,1.00
2018.01.08 14:24:11.931,1.88615,1.88656,1.00,1.50
2018.01.08 14:24:12.830,1.88617,1.88657,1.00,1.00
2018.01.08 14:24:15.224,1.88616,1.88657,1.00,1.00
2018.01.08 14:24:15.898,1.88612,1.88651,1.00,1.00
2018.01.08 14:24:16.220,1.8861,1.88651,1.00,1.00
2018.01.08 14:24:20.620,1.8861,1.88652,1.00,1.50
2018.01.08 14:24:21.121,1.8861,1.88651,1.00,1.00
2018.01.08 14:24:21.614,1.88613,1.88653,1.00,1.50
2018.01.08 14:24:21.918,1.88622,1.8866,1.00,1.00
2018.01.08 14:24:22.517,1.88621,1.8866,1.50,1.00
2018.01.08 14:24:23.150,1.88621,1.88662,1.00,1.00
2018.01.08 14:24:23.711,1.88622,1.88662,1.00,1.00
2018.01.08 14:24:24.017,1.88619,1.88661,1.50,1.50
2018.01.08 14:24:25.630,1.88619,1.88661,2.59,1.50
2018.01.08 14:24:25.880,1.88642,1.88681,1.00,1.00
2018.01.08 14:24:26.589,1.88642,1.88682,1.00,1.00
2018.01.08 14:24:27.137,1.88642,1.88683,1.00,1.00
2018.01.08 14:24:27.335,1.88645,1.88684,1.00,1.00
2018.01.08 14:24:28.013,1.88645,1.88686,1.00,1.00
2018.01.08 14:24:28.471,1.88647,1.88687,1.00,1.00
2018.01.08 14:24:28.813,1.88649,1.88689,1.00,1.00
2018.01.08 14:24:29.241,1.88647,1.88689,1.50,1.00
2018.01.08 14:24:29.757,1.88648,1.88689,1.00,1.00
2018.01.08 14:24:30.843,1.88648,1.8869,1.50,1.00
2018.01.08 14:24:30.947,1.8865,1.8869,1.00,1.00
2018.01.08 14:24:31.362,1.88654,1.88692,1.00,1.00
2018.01.08 14:24:31.883,1.88653,1.88692,1.00,1.00
2018.01.08 14:24:32.087,1.88646,1.88686,1.00,1.00
2018.01.08 14:24:32.730,1.88645,1.88686,1.50,1.50
2018.01.08 14:24:34.099,1.88647,1.88687,1.00,1.00
2018.01.08 14:24:34.710,1.88647,1.88686,1.00,1.00
2018.01.08 14:24:41.154,1.88647,1.88687,1.00,1.00
2018.01.08 14:24:41.698,1.88647,1.88686,1.00,1.00
2018.01.08 14:24:43.900,1.88649,1.88686,1.00,1.00
2018.01.08 14:24:44.002,1.88649,1.88688,1.00,1.00
2018.01.08 14:24:44.054,1.88649,1.88686,1.00,1.00
2018.01.08 14:24:44.983,1.88651,1.88686,1.00,1.00
2018.01.08 14:24:45.486,1.88648,1.88686,1.00,1.00
2018.01.08 14:24:45.594,1.88651,1.88686,1.00,1.00
2018.01.08 14:24:48.245,1.88648,1.88686,1.00,1.00
2018.01.08 14:24:49.050,1.8865,1.88686,1.00,1.00
2018.01.08 14:24:50.470,1.88652,1.8869,1.00,1.00
2018.01.08 14:24:52.701,1.88651,1.8869,1.00,1.00
2018.01.08 14:24:53.211,1.8865,1.8869,1.00,1.00
2018.01.08 14:24:53.713,1.88651,1.8869,1.00,1.00
2018.01.08 14:24:55.358,1.88648,1.88688,1.50,1.00
2018.01.08 14:24:55.460,1.88641,1.88681,1.00,1.00
2018.01.08 14:24:55.614,1.88634,1.88676,1.50,1.00
2018.01.08 14:24:57.515,1.88636,1.88676,1.00,1.00
2018.01.08 14:24:58.345,1.88635,1.88676,1.00,1.00
2018.01.08 14:24:59.206,1.88636,1.88676,1.00,1.00
2018.01.08 14:24:59.938,1.88637,1.88676,1.00,1.00
2018.01.08 14:25:00.540,1.88637,1.88678,1.00,1.00
2018.01.08 14:25:00.860,1.88634,1.88676,1.00,1.00
2018.01.08 14:25:01.454,1.88635,1.88676,1.00,1.00
2018.01.08 14:25:01.916,1.88637,1.88676,1.00,1.00
2018.01.08 14:25:02.018,1.88637,1.88678,1.00,1.00
2018.01.08 14:25:02.456,1.88637,1.8868,1.00,1.00
2018.01.08 14:25:02.508,1.88636,1.88682,1.00,1.50
2018.01.08 14:25:02.609,1.88638,1.88679,1.00,1.00
2018.01.08 14:25:03.240,1.88639,1.88679,1.00,1.00
2018.01.08 14:25:04.724,1.88645,1.88677,1.00,1.00
2018.01.08 14:25:04.776,1.88649,1.88689,1.00,1.00
2018.01.08 14:25:05.287,1.88663,1.88695,1.00,1.00
2018.01.08 14:25:05.338,1.88664,1.88697,1.00,1.00
2018.01.08 14:25:05.390,1.88657,1.88697,1.00,1.00
2018.01.08 14:25:05.441,1.88656,1.88694,1.00,1.00
2018.01.08 14:25:05.750,1.88668,1.88706,1.00,1.00
2018.01.08 14:25:06.293,1.88667,1.88706,1.00,1.00
2018.01.08 14:25:07.262,1.88666,1.88705,1.00,1.00
2018.01.08 14:25:07.313,1.88667,1.88707,1.00,1.00
2018.01.08 14:25:07.875,1.88668,1.88707,1.00,1.00
2018.01.08 14:25:08.552,1.8867,1.88708,1.00,1.00
2018.01.08 14:25:09.017,1.88671,1.88711,1.50,1.00
2018.01.08 14:25:10.323,1.88671,1.88709,1.50,1.00
2018.01.08 14:25:10.476,1.88672,1.88711,1.00,1.00
2018.01.08 14:25:10.670,1.88675,1.88716,1.00,1.50
2018.01.08 14:25:10.773,1.88678,1.88716,1.00,1.00
2018.01.08 14:25:12.926,1.88679,1.88717,1.00,1.00
2018.01.08 14:25:13.523,1.8868,1.88718,1.00,1.00
2018.01.08 14:25:14.036,1.88678,1.88711,1.00,1.00
2018.01.08 14:25:14.088,1.88674,1.88709,1.00,1.00
2018.01.08 14:25:14.139,1.88668,1.88708,1.34,1.00
2018.01.08 14:25:14.285,1.88668,1.88705,1.34,1.00
2018.01.08 14:25:14.591,1.88668,1.88708,1.34,1.50
2018.01.08 14:25:15.990,1.8867,1.88708,1.00,1.50
2018.01.08 14:25:16.599,1.88666,1.88708,1.46,1.00
2018.01.08 14:25:17.265,1.88667,1.88709,1.34,1.00
2018.01.08 14:25:17.693,1.88668,1.88711,1.84,1.00
2018.01.08 14:25:17.963,1.88669,1.88713,1.09,1.00
2018.01.08 14:25:21.860,1.8867,1.88713,1.00,1.00
2018.01.08 14:25:21.961,1.88678,1.88715,1.00,1.00
2018.01.08 14:25:24.856,1.8868,1.88717,1.00,1.00
2018.01.08 14:25:26.473,1.88679,1.88717,1.00,1.00
2018.01.08 14:25:27.216,1.8868,1.88717,1.00,1.00
2018.01.08 14:25:30.463,1.88681,1.88717,1.00,1.00
2018.01.08 14:25:31.069,1.8868,1.88716,1.00,1.00
2018.01.08 14:25:31.771,1.88681,1.88716,1.00,1.00
2018.01.08 14:25:32.030,1.88681,1.88718,1.00,1.00
2018.01.08 14:25:33.252,1.88682,1.88718,1.00,1.00
2018.01.08 14:25:34.660,1.8868,1.88718,1.00,1.00
2018.01.08 14:25:35.852,1.88681,1.88718,1.00,1.00
2018.01.08 14:25:36.386,1.88682,1.88718,1.00,1.00
2018.01.08 14:25:39.862,1.88687,1.88723,1.00,1.00
2018.01.08 14:25:40.168,1.88693,1.88728,1.00,1.00
2018.01.08 14:25:40.220,1.88689,1.88728,1.00,1.00
2018.01.08 14:25:40.271,1.88686,1.88724,1.00,1.00
2018.01.08 14:25:40.983,1.88686,1.88725,1.00,1.00
2018.01.08 14:25:45.106,1.88684,1.88723,1.09,1.00
2018.01.08 14:25:48.652,1.88699,1.88733,1.00,1.00
2018.01.08 14:25:49.197,1.88699,1.88734,1.00,1.00
2018.01.08 14:25:49.764,1.887,1.88734,1.00,1.00
2018.01.08 14:25:49.866,1.88703,1.88738,1.00,1.00
2018.01.08 14:25:50.370,1.88702,1.88738,1.00,1.00
2018.01.08 14:25:50.743,1.887,1.88738,1.00,1.00
2018.01.08 14:25:51.079,1.887,1.88735,1.00,1.00
2018.01.08 14:25:51.534,1.88701,1.88738,1.00,1.00
2018.01.08 14:25:51.687,1.88704,1.88741,1.00,1.00
2018.01.08 14:25:52.261,1.88704,1.88741,1.00,1.37
2018.01.08 14:25:52.576,1.88707,1.88743,1.00,1.00
2018.01.08 14:25:53.864,1.88706,1.88742,1.00,1.00
2018.01.08 14:25:55.162,1.88706,1.88737,1.00,1.87
2018.01.08 14:25:55.348,1.88694,1.88732,1.00,1.37
2018.01.08 14:25:55.399,1.88696,1.88732,1.00,1.37
2018.01.08 14:25:55.731,1.88693,1.88732,1.00,1.37
2018.01.08 14:25:56.426,1.88694,1.88732,1.00,1.37
2018.01.08 14:25:57.414,1.88695,1.88734,1.00,1.37
2018.01.08 14:25:57.968,1.88695,1.88734,1.00,1.37
2018.01.08 14:25:58.019,1.88699,1.88735,1.00,1.12
2018.01.08 14:25:58.616,1.88699,1.88734,1.00,1.00
2018.01.08 14:25:59.025,1.88699,1.88736,1.00,1.87
2018.01.08 14:25:59.077,1.88698,1.88737,1.00,1.37
2018.01.08 14:25:59.453,1.88696,1.88736,1.00,1.37
2018.01.08 14:25:59.505,1.88696,1.88733,1.00,1.12
2018.01.08 14:25:59.724,1.88688,1.88731,1.00,1.37
2018.01.08 14:25:59.776,1.88685,1.88724,1.00,1.12
2018.01.08 14:26:00.082,1.88683,1.88722,1.00,1.12
2018.01.08 14:26:00.427,1.88683,1.88719,1.00,1.00
2018.01.08 14:26:01.205,1.88683,1.88717,1.00,1.00
2018.01.08 14:26:01.423,1.88683,1.88719,1.00,1.00
2018.01.08 14:26:02.727,1.88685,1.88719,1.00,1.00
2018.01.08 14:26:03.186,1.88685,1.88723,1.00,1.12
2018.01.08 14:26:03.476,1.88687,1.88723,1.00,1.12
2018.01.08 14:26:03.630,1.88684,1.88722,1.00,1.00
2018.01.08 14:26:03.732,1.88683,1.88717,1.00,1.00
2018.01.08 14:26:04.356,1.88682,1.88719,1.00,1.00
2018.01.08 14:26:04.947,1.88684,1.88719,1.00,1.00
2018.01.08 14:26:06.209,1.88684,1.88717,1.00,1.00
2018.01.08 14:26:07.213,1.88684,1.88721,1.00,1.00
2018.01.08 14:26:10.023,1.88684,1.88724,1.00,1.37
2018.01.08 14:26:12.075,1.88684,1.88724,1.00,1.12
2018.01.08 14:26:12.825,1.88684,1.88721,1.00,1.00
2018.01.08 14:26:13.033,1.88684,1.88723,1.00,1.12
2018.01.08 14:26:13.571,1.88684,1.88722,1.00,1.00
2018.01.08 14:26:14.302,1.88686,1.88722,1.00,1.00
2018.01.08 14:26:14.698,1.88685,1.88722,1.34,1.00
2018.01.08 14:26:14.800,1.88695,1.8873,1.00,1.87
2018.01.08 14:26:15.360,1.88696,1.88733,1.00,1.37
2018.01.08 14:26:16.096,1.88696,1.88729,1.00,1.00
2018.01.08 14:26:16.984,1.88697,1.88729,1.00,1.00
2018.01.08 14:26:17.508,1.88697,1.88733,1.00,1.37
2018.01.08 14:26:22.001,1.88697,1.88733,1.00,1.12
2018.01.08 14:26:23.321,1.88697,1.88733,1.00,1.37
2018.01.08 14:26:23.918,1.88698,1.88733,1.00,1.37
2018.01.08 14:26:24.464,1.88698,1.88733,1.00,1.37
2018.01.08 14:26:24.785,1.88698,1.88733,1.00,1.37
2018.01.08 14:26:24.837,1.88696,1.88733,1.00,1.37
2018.01.08 14:26:28.623,1.88688,1.88725,1.00,1.00
2018.01.08 14:26:28.674,1.88698,1.88725,1.00,1.00
2018.01.08 14:26:28.726,1.88698,1.88733,1.00,1.00
2018.01.08 14:26:28.852,1.88696,1.88734,1.00,1.00
2018.01.08 14:26:28.903,1.8869,1.88725,1.00,1.00
2018.01.08 14:26:29.418,1.88691,1.88725,1.00,1.00
2018.01.08 14:26:30.126,1.88691,1.88728,1.00,1.00
2018.01.08 14:26:30.612,1.88689,1.88728,1.00,1.12
2018.01.08 14:26:31.223,1.88689,1.8873,1.00,1.50
2018.01.08 14:26:32.253,1.88689,1.8873,1.00,1.37
2018.01.08 14:26:33.118,1.88689,1.8873,1.00,1.37
2018.01.08 14:26:38.804,1.8869,1.88726,1.00,1.00
2018.01.08 14:26:39.697,1.88688,1.88726,1.00,1.00
2018.01.08 14:26:39.928,1.88688,1.88724,1.00,1.00
2018.01.08 14:26:44.891,1.88688,1.88725,1.00,1.00
2018.01.08 14:26:44.943,1.88688,1.88728,1.00,1.00
2018.01.08 14:26:44.994,1.88691,1.88728,1.00,1.00
2018.01.08 14:26:45.602,1.88691,1.88729,1.00,1.00
2018.01.08 14:26:45.767,1.88686,1.88729,1.00,1.50
2018.01.08 14:26:45.819,1.88685,1.88724,1.00,1.00
2018.01.08 14:26:46.127,1.88677,1.88715,1.00,1.00
2018.01.08 14:26:46.432,1.88675,1.88712,1.00,1.00
2018.01.08 14:26:47.090,1.88675,1.88711,1.00,1.00
2018.01.08 14:26:47.798,1.88675,1.88713,1.00,1.00
2018.01.08 14:26:48.195,1.88676,1.88715,1.00,1.00
2018.01.08 14:26:48.508,1.88678,1.88715,1.00,1.00
2018.01.08 14:26:48.621,1.88678,1.88717,1.00,1.50
2018.01.08 14:26:49.077,1.8868,1.88717,1.00,1.50
2018.01.08 14:26:50.874,1.88684,1.88718,1.00,1.00
2018.01.08 14:26:50.925,1.88684,1.8872,1.00,1.00
2018.01.08 14:26:50.976,1.88686,1.88721,1.00,1.00
2018.01.08 14:26:51.028,1.88686,1.88723,1.00,1.00
2018.01.08 14:26:51.575,1.88685,1.88723,1.00,1.00
2018.01.08 14:26:52.508,1.88685,1.88724,1.00,1.00
2018.01.08 14:26:53.403,1.88685,1.88723,1.00,1.00
2018.01.08 14:26:54.356,1.88685,1.88725,1.00,1.12
2018.01.08 14:26:58.181,1.88686,1.88725,1.00,1.12
2018.01.08 14:26:58.591,1.88686,1.88724,1.00,1.37
2018.01.08 14:26:59.094,1.88687,1.88724,1.00,1.37
2018.01.08 14:27:00.347,1.88687,1.88725,1.00,1.00
2018.01.08 14:27:00.612,1.88687,1.88723,1.00,1.00
2018.01.08 14:27:06.164,1.88688,1.88726,1.00,1.00
2018.01.08 14:27:06.469,1.88686,1.88722,1.00,1.00
2018.01.08 14:27:07.952,1.88687,1.88724,1.00,1.00
2018.01.08 14:27:08.054,1.88689,1.88724,1.00,1.00
2018.01.08 14:27:08.783,1.88685,1.88723,1.00,1.75
2018.01.08 14:27:08.834,1.88685,1.88723,1.00,1.00
2018.01.08 14:27:09.403,1.88686,1.88723,1.00,1.00
2018.01.08 14:27:10.586,1.88685,1.88723,1.00,1.00
2018.01.08 14:27:11.007,1.88693,1.88725,1.00,1.00
2018.01.08 14:27:11.213,1.88693,1.88728,1.00,1.00
2018.01.08 14:27:11.345,1.88689,1.88725,1.00,1.00
2018.01.08 14:27:11.398,1.88696,1.88731,1.00,1.00
2018.01.08 14:27:12.174,1.88697,1.88731,1.00,1.00
2018.01.08 14:27:12.506,1.88699,1.88733,1.00,1.00
2018.01.08 14:27:14.704,1.88698,1.88733,1.00,1.00
2018.01.08 14:27:23.036,1.88696,1.88732,1.00,1.00
2018.01.08 14:27:23.139,1.88689,1.88728,1.00,1.00
2018.01.08 14:27:23.190,1.88689,1.88722,1.00,1.00
2018.01.08 14:27:23.294,1.88682,1.88716,1.00,1.00
2018.01.08 14:27:23.397,1.88684,1.88716,1.00,1.00
2018.01.08 14:27:24.002,1.88685,1.88717,1.00,1.00
2018.01.08 14:27:24.348,1.88685,1.8872,1.00,1.00
2018.01.08 14:27:24.552,1.88687,1.8872,1.00,1.00
2018.01.08 14:27:25.098,1.88687,1.88721,1.00,1.00
2018.01.08 14:27:26.218,1.88687,1.88723,1.00,1.00
2018.01.08 14:27:26.321,1.88687,1.88726,1.00,1.00
2018.01.08 14:27:26.474,1.88687,1.88722,1.00,1.00
2018.01.08 14:27:26.686,1.88686,1.88724,1.00,1.00
2018.01.08 14:27:27.188,1.88687,1.88724,1.00,1.00
2018.01.08 14:27:30.264,1.88688,1.88724,1.00,1.00
2018.01.08 14:27:31.307,1.88686,1.88724,1.00,1.00
2018.01.08 14:27:31.544,1.88685,1.88722,1.00,1.00
2018.01.08 14:27:32.062,1.88684,1.88722,1.00,1.00
2018.01.08 14:27:32.384,1.88684,1.8872,1.00,1.00
2018.01.08 14:27:33.049,1.88683,1.8872,1.00,1.00
2018.01.08 14:27:34.311,1.88684,1.8872,1.00,1.00
2018.01.08 14:27:34.910,1.88684,1.88721,1.00,1.00
2018.01.08 14:27:35.465,1.88683,1.88721,1.00,1.00
2018.01.08 14:27:35.942,1.88683,1.88719,1.00,1.00
2018.01.08 14:27:39.263,1.88682,1.88719,1.00,1.00
2018.01.08 14:27:40.205,1.88684,1.88721,1.00,1.00
2018.01.08 14:27:41.345,1.88685,1.88721,1.00,1.00
2018.01.08 14:27:41.600,1.88683,1.8872,1.00,1.00
2018.01.08 14:27:41.866,1.88683,1.88718,1.00,1.00
2018.01.08 14:27:44.499,1.88683,1.88717,1.00,1.00
2018.01.08 14:27:47.968,1.8868,1.88717,1.00,1.00
2018.01.08 14:27:49.682,1.88682,1.88717,1.00,1.00
2018.01.08 14:27:54.278,1.88682,1.88718,1.00,1.00
2018.01.08 14:27:55.056,1.88683,1.88718,1.00,1.00
2018.01.08 14:27:55.718,1.88683,1.88719,1.00,1.00
2018.01.08 14:27:56.788,1.88681,1.88717,1.00,1.00
2018.01.08 14:27:56.891,1.88672,1.8871,1.00,1.00
2018.01.08 14:27:56.942,1.88678,1.8871,1.00,1.00
2018.01.08 14:27:57.045,1.88679,1.88714,1.00,1.00
2018.01.08 14:27:57.096,1.88681,1.88716,1.00,1.12
2018.01.08 14:27:57.693,1.88675,1.88708,1.00,1.00
2018.01.08 14:27:58.002,1.8868,1.88712,1.00,1.00
2018.01.08 14:27:58.509,1.88682,1.88716,1.00,1.00
2018.01.08 14:28:00.376,1.88682,1.88717,1.00,1.00
2018.01.08 14:28:00.580,1.88679,1.88717,1.00,1.00
2018.01.08 14:28:00.938,1.88683,1.88717,1.00,1.00
2018.01.08 14:28:01.041,1.88685,1.8872,1.00,1.00
2018.01.08 14:28:01.213,1.88685,1.88716,1.00,1.00
2018.01.08 14:28:01.659,1.88683,1.88716,1.00,1.00
2018.01.08 14:28:02.271,1.88685,1.88717,1.00,1.00
2018.01.08 14:28:04.374,1.88684,1.88717,1.00,1.00
2018.01.08 14:28:06.551,1.88685,1.88717,1.00,1.00
2018.01.08 14:28:06.704,1.88683,1.88716,1.00,1.00
2018.01.08 14:28:06.959,1.88683,1.88718,1.00,1.00
2018.01.08 14:28:07.010,1.88683,1.88716,1.00,1.00
2018.01.08 14:28:08.912,1.88684,1.8872,1.00,1.00
2018.01.08 14:28:09.438,1.88685,1.88721,1.00,1.00
2018.01.08 14:28:09.988,1.88685,1.88723,1.00,1.00
2018.01.08 14:28:10.778,1.88687,1.88723,1.00,1.00
2018.01.08 14:28:11.995,1.88687,1.88721,1.00,1.00
2018.01.08 14:28:12.510,1.88686,1.88721,1.00,1.00
2018.01.08 14:28:13.174,1.88688,1.88721,1.00,1.00
2018.01.08 14:28:13.516,1.88692,1.88724,1.00,1.00
2018.01.08 14:28:13.830,1.88692,1.88727,1.00,1.00
2018.01.08 14:28:15.399,1.88692,1.88724,1.00,1.00
2018.01.08 14:28:15.976,1.88691,1.88723,1.00,1.00
2018.01.08 14:28:18.451,1.88691,1.88725,1.00,1.00
2018.01.08 14:28:23.231,1.8869,1.88723,1.00,1.00
2018.01.08 14:28:23.537,1.88688,1.88721,1.00,1.00
2018.01.08 14:28:24.166,1.88689,1.88721,1.00,1.00
2018.01.08 14:28:25.331,1.88691,1.88721,1.00,1.00
2018.01.08 14:28:25.626,1.8869,1.88724,1.00,1.00
2018.01.08 14:28:26.516,1.88683,1.88724,1.00,1.00
2018.01.08 14:28:27.068,1.88681,1.88721,1.00,1.00
2018.01.08 14:28:27.120,1.88683,1.88724,1.00,1.00
2018.01.08 14:28:27.679,1.88683,1.88724,1.84,1.00
2018.01.08 14:28:28.164,1.88685,1.88727,1.00,1.00
2018.01.08 14:28:29.867,1.88683,1.88725,1.34,1.00
2018.01.08 14:28:30.394,1.88683,1.88726,1.84,1.00
2018.01.08 14:28:30.808,1.88687,1.88728,1.00,1.50
2018.01.08 14:28:31.162,1.88688,1.88729,1.87,1.00
2018.01.08 14:28:31.266,1.88697,1.8874,1.50,1.00
2018.01.08 14:28:31.317,1.887,1.8874,1.00,1.00
2018.01.08 14:28:31.369,1.8869,1.88731,1.00,1.50
2018.01.08 14:28:31.421,1.88686,1.88725,1.37,1.00
2018.01.08 14:28:31.583,1.88688,1.88729,1.37,1.00
2018.01.08 14:28:32.215,1.88689,1.88728,1.00,1.00
2018.01.08 14:28:32.587,1.88687,1.88728,1.00,1.00
2018.01.08 14:28:32.638,1.8869,1.88728,1.00,1.00
2018.01.08 14:28:32.994,1.88688,1.88729,1.00,1.00
2018.01.08 14:28:33.046,1.88686,1.88729,1.50,1.00
2018.01.08 14:28:33.167,1.88686,1.88729,1.84,1.00
2018.01.08 14:28:33.273,1.88695,1.88737,1.34,1.50
2018.01.08 14:28:33.529,1.88692,1.88731,1.00,1.00
2018.01.08 14:28:34.284,1.88692,1.88733,1.00,1.00
2018.01.08 14:28:34.437,1.88693,1.88736,1.00,1.00
2018.01.08 14:28:34.488,1.88695,1.88736,1.00,1.00
2018.01.08 14:28:34.692,1.88696,1.88738,1.00,1.00
2018.01.08 14:28:35.022,1.88695,1.88736,1.00,1.00
2018.01.08 14:28:35.337,1.88697,1.88738,1.09,1.00
2018.01.08 14:28:35.656,1.88701,1.88742,1.00,1.00
2018.01.08 14:28:36.271,1.88701,1.88743,1.00,1.00
2018.01.08 14:28:39.273,1.88701,1.88739,1.00,1.00
2018.01.08 14:28:39.776,1.88701,1.88738,1.00,1.00
2018.01.08 14:28:41.240,1.88701,1.88737,1.00,1.00
2018.01.08 14:28:41.443,1.88699,1.88737,1.00,1.00
2018.01.08 14:28:41.967,1.887,1.88737,1.00,1.00
2018.01.08 14:28:42.176,1.887,1.88739,1.00,1.00
2018.01.08 14:28:42.921,1.88699,1.88739,1.00,1.00
2018.01.08 14:28:43.406,1.88695,1.88737,1.34,1.00
2018.01.08 14:28:43.707,1.88695,1.88733,1.00,1.00
2018.01.08 14:28:44.227,1.88695,1.88732,1.00,1.00
2018.01.08 14:28:44.572,1.88699,1.88732,1.00,1.00
2018.01.08 14:28:44.780,1.88695,1.88732,1.00,1.00
2018.01.08 14:28:45.005,1.88695,1.88723,1.00,1.00
2018.01.08 14:28:45.208,1.88682,1.88722,1.00,1.00
2018.01.08 14:28:45.260,1.88677,1.88718,1.87,1.00
2018.01.08 14:28:45.311,1.88678,1.88716,1.00,1.00
2018.01.08 14:28:45.853,1.88678,1.88715,1.00,1.00
2018.01.08 14:28:46.822,1.88678,1.88716,1.00,1.00
2018.01.08 14:28:48.392,1.88678,1.88717,1.00,1.00
2018.01.08 14:28:49.576,1.88678,1.88708,1.00,1.00
2018.01.08 14:28:49.678,1.88676,1.88711,1.00,1.00
2018.01.08 14:28:50.185,1.88673,1.88709,1.00,1.00
2018.01.08 14:28:50.236,1.88671,1.88708,1.00,1.00
2018.01.08 14:28:50.287,1.88669,1.88705,1.00,1.00
2018.01.08 14:28:54.257,1.88667,1.88705,1.00,1.00
2018.01.08 14:28:57.336,1.88667,1.88707,1.00,1.00
2018.01.08 14:28:59.086,1.88667,1.88706,1.87,1.00
2018.01.08 14:29:01.048,1.88667,1.88707,1.12,1.00
2018.01.08 14:29:01.772,1.88667,1.88705,1.87,1.00
2018.01.08 14:29:02.358,1.88667,1.88703,1.50,1.00
2018.01.08 14:29:03.362,1.88667,1.88702,1.00,1.00
2018.01.08 14:29:03.967,1.88664,1.88702,1.00,1.00
2018.01.08 14:29:04.018,1.88664,1.88696,1.00,1.00
2018.01.08 14:29:04.070,1.88659,1.88694,1.00,1.00
2018.01.08 14:29:04.172,1.88656,1.88694,1.12,1.00
2018.01.08 14:29:04.223,1.88654,1.88691,1.50,1.00
2018.01.08 14:29:04.741,1.88655,1.88691,1.00,1.00
2018.01.08 14:29:05.747,1.88655,1.88692,1.00,1.00
2018.01.08 14:29:07.052,1.88655,1.88691,1.00,1.00
2018.01.08 14:29:07.380,1.88657,1.88691,1.00,1.00
2018.01.08 14:29:07.485,1.88652,1.88687,1.00,1.00
2018.01.08 14:29:07.536,1.88654,1.88689,1.00,1.00
2018.01.08 14:29:07.588,1.88654,1.88695,1.50,1.00
2018.01.08 14:29:07.640,1.88659,1.88696,1.00,1.00
2018.01.08 14:29:07.983,1.88654,1.88687,1.00,1.00
2018.01.08 14:29:08.035,1.88655,1.88691,1.00,1.00
2018.01.08 14:29:08.086,1.88655,1.88687,1.00,1.00
2018.01.08 14:29:09.222,1.88653,1.88686,1.00,1.00
2018.01.08 14:29:09.924,1.88652,1.88686,1.00,1.00
2018.01.08 14:29:10.029,1.8865,1.88686,1.00,1.00
2018.01.08 14:29:10.554,1.88651,1.88686,1.00,1.00
2018.01.08 14:29:10.605,1.88651,1.88684,1.00,1.00
2018.01.08 14:29:11.241,1.8865,1.88685,1.00,1.00
2018.01.08 14:29:12.062,1.8865,1.88687,1.00,1.00
2018.01.08 14:29:12.569,1.88653,1.88687,1.00,1.00
2018.01.08 14:29:13.172,1.88654,1.88684,1.00,1.00
2018.01.08 14:29:13.274,1.88652,1.88684,1.00,1.00
2018.01.08 14:29:16.139,1.8865,1.88679,1.00,1.00
2018.01.08 14:29:16.190,1.8865,1.88682,1.00,1.00
2018.01.08 14:29:16.394,1.88652,1.88685,1.00,1.00
2018.01.08 14:29:16.707,1.88652,1.88687,1.00,1.00
2018.01.08 14:29:16.759,1.88661,1.88687,1.00,1.00
2018.01.08 14:29:16.811,1.88662,1.88694,1.00,1.00
2018.01.08 14:29:16.914,1.88662,1.88696,1.00,1.00
2018.01.08 14:29:17.096,1.88664,1.88696,1.00,1.00
2018.01.08 14:29:18.045,1.88664,1.88697,1.00,1.00
2018.01.08 14:29:18.291,1.88654,1.88689,1.00,1.00
2018.01.08 14:29:18.799,1.88654,1.8869,1.00,1.00
2018.01.08 14:29:19.311,1.88654,1.88691,1.00,1.00
2018.01.08 14:29:19.738,1.88657,1.8869,1.00,1.00
2018.01.08 14:29:20.060,1.88655,1.8869,1.00,1.00
2018.01.08 14:29:24.997,1.88657,1.88691,1.00,1.00
2018.01.08 14:29:25.217,1.88655,1.88691,1.00,1.00
2018.01.08 14:29:25.368,1.88655,1.88693,1.00,1.00
2018.01.08 14:29:25.419,1.88657,1.88693,1.00,1.00
2018.01.08 14:29:28.739,1.88657,1.88692,1.00,1.00
2018.01.08 14:29:30.630,1.88657,1.88686,1.00,1.00
2018.01.08 14:29:30.682,1.88652,1.88685,1.00,1.00
2018.01.08 14:29:31.846,1.88652,1.88684,1.00,1.00
2018.01.08 14:29:32.081,1.88649,1.88682,1.37,1.00
2018.01.08 14:29:32.132,1.88649,1.88682,1.12,1.00
2018.01.08 14:29:32.370,1.88649,1.88682,1.37,1.00
2018.01.08 14:29:32.978,1.88649,1.88682,1.37,1.00
2018.01.08 14:29:33.329,1.88649,1.88686,1.00,1.00
2018.01.08 14:29:33.382,1.88654,1.88694,1.00,1.00
2018.01.08 14:29:33.436,1.88656,1.8869,1.00,1.00
2018.01.08 14:29:33.491,1.8865,1.88689,1.00,1.00
2018.01.08 14:29:33.542,1.88648,1.88687,1.00,1.00
2018.01.08 14:29:33.595,1.88644,1.88687,1.00,1.50
2018.01.08 14:29:33.646,1.88644,1.88684,1.00,1.00
2018.01.08 14:29:33.956,1.88643,1.88682,1.00,1.00
2018.01.08 14:29:34.487,1.88644,1.88682,1.00,1.00
2018.01.08 14:29:34.764,1.8864,1.88681,1.00,1.00
2018.01.08 14:29:35.535,1.88643,1.88683,1.00,1.00
2018.01.08 14:29:35.637,1.88646,1.88689,1.37,1.00
2018.01.08 14:29:36.019,1.88644,1.88687,1.87,1.00
2018.01.08 14:29:37.052,1.88647,1.88689,1.37,1.00
2018.01.08 14:29:37.659,1.88647,1.88689,1.00,1.00
2018.01.08 14:29:37.894,1.88651,1.88691,1.00,1.00
2018.01.08 14:29:38.926,1.88651,1.88692,1.00,1.00
2018.01.08 14:29:43.475,1.8866,1.887,1.00,1.00
2018.01.08 14:29:43.781,1.88652,1.88691,1.00,1.00
2018.01.08 14:29:43.832,1.8865,1.88691,1.00,1.00
2018.01.08 14:29:44.193,1.88648,1.8869,1.00,1.00
2018.01.08 14:29:44.244,1.88648,1.88688,1.00,1.00
2018.01.08 14:29:44.683,1.8865,1.8869,1.00,1.00
2018.01.08 14:29:45.042,1.88652,1.8869,1.00,1.00
2018.01.08 14:29:45.543,1.88651,1.8869,1.00,1.00
2018.01.08 14:29:45.967,1.8865,1.88688,1.00,1.00
2018.01.08 14:29:46.390,1.88649,1.88686,1.00,1.00
2018.01.08 14:29:46.661,1.88647,1.88686,1.00,1.00
2018.01.08 14:29:47.165,1.88648,1.88686,1.00,1.00
2018.01.08 14:29:47.573,1.88647,1.88681,1.00,1.00
2018.01.08 14:29:47.624,1.88643,1.88681,1.00,1.00
2018.01.08 14:29:47.676,1.8864,1.88682,1.00,1.00
2018.01.08 14:29:47.727,1.88647,1.88687,1.00,1.00
2018.01.08 14:29:48.076,1.88653,1.88689,1.00,1.00
2018.01.08 14:29:48.178,1.8865,1.88689,1.00,1.00
2018.01.08 14:29:49.131,1.8865,1.88688,1.00,1.00
2018.01.08 14:29:49.183,1.88647,1.88685,1.00,1.00
2018.01.08 14:29:49.524,1.88649,1.88687,1.00,1.00
2018.01.08 14:29:49.575,1.88646,1.88687,1.00,1.50
2018.01.08 14:29:50.048,1.88649,1.88686,1.00,1.00
2018.01.08 14:29:50.127,1.88646,1.88686,1.00,1.00
2018.01.08 14:29:50.316,1.8865,1.88686,1.00,1.00
2018.01.08 14:29:50.367,1.88646,1.88688,1.00,1.00
2018.01.08 14:29:50.418,1.88649,1.88692,1.87,1.00
2018.01.08 14:29:50.472,1.88654,1.88695,1.00,1.50
2018.01.08 14:29:50.876,1.88657,1.88696,1.00,1.00
2018.01.08 14:29:51.393,1.88656,1.88696,1.00,1.00
2018.01.08 14:29:52.084,1.88656,1.88695,1.00,1.00
2018.01.08 14:29:52.590,1.88657,1.88695,1.00,1.00
2018.01.08 14:29:52.780,1.88655,1.88695,1.00,1.00
2018.01.08 14:29:53.239,1.88654,1.88693,1.00,1.00
2018.01.08 14:29:53.548,1.88647,1.88688,1.00,1.00
2018.01.08 14:29:54.080,1.88641,1.88684,1.00,1.00
2018.01.08 14:29:54.183,1.88645,1.88686,1.00,1.50
2018.01.08 14:29:54.503,1.88647,1.88688,1.00,1.50
2018.01.08 14:29:54.872,1.88649,1.88688,1.00,1.00
2018.01.08 14:29:54.923,1.88646,1.88687,1.00,1.00
2018.01.08 14:29:55.792,1.88644,1.88688,1.50,1.50
2018.01.08 14:29:56.485,1.88645,1.88688,1.00,1.50
2018.01.08 14:29:56.588,1.88648,1.88689,1.00,1.00
2018.01.08 14:29:56.910,1.88645,1.88688,1.00,1.00
2018.01.08 14:29:57.064,1.8865,1.88691,1.12,1.00
2018.01.08 14:29:57.374,1.88655,1.88696,1.00,1.50
2018.01.08 14:29:57.892,1.88654,1.88696,1.00,1.00
2018.01.08 14:29:59.584,1.88652,1.88696,1.00,1.50
2018.01.08 14:29:59.818,1.88652,1.88694,1.00,1.00
2018.01.08 14:30:00.156,1.88651,1.88692,1.00,1.00
2018.01.08 14:30:00.309,1.88641,1.88685,1.50,1.50
2018.01.08 14:30:01.040,1.88641,1.88684,1.00,1.00
2018.01.08 14:30:01.227,1.88643,1.88687,1.00,1.00
2018.01.08 14:30:01.278,1.88643,1.88685,1.00,1.00
2018.01.08 14:30:01.580,1.88641,1.88684,1.00,1.00
2018.01.08 14:30:01.683,1.88643,1.88686,1.00,1.00
2018.01.08 14:30:01.998,1.88641,1.88686,1.00,1.00
2018.01.08 14:30:02.252,1.88644,1.88687,1.00,1.50
2018.01.08 14:30:02.922,1.88644,1.88686,1.00,1.00
2018.01.08 14:30:02.974,1.8864,1.88685,1.87,1.00
2018.01.08 14:30:03.025,1.88644,1.88687,1.50,1.00
2018.01.08 14:30:03.340,1.88649,1.88692,1.00,1.50
2018.01.08 14:30:03.536,1.88647,1.88692,1.00,1.50
2018.01.08 14:30:03.944,1.88646,1.88689,1.00,1.00
2018.01.08 14:30:04.452,1.8865,1.88689,1.00,1.00
2018.01.08 14:30:04.504,1.88652,1.88694,1.00,1.00
2018.01.08 14:30:04.759,1.88652,1.88696,1.00,1.00
2018.01.08 14:30:05.359,1.88656,1.88699,1.00,1.00
2018.01.08 14:30:05.901,1.88658,1.887,1.00,1.00
2018.01.08 14:30:06.011,1.88659,1.88702,1.00,1.50
2018.01.08 14:30:07.355,1.88661,1.88703,1.00,1.00
2018.01.08 14:30:07.559,1.88659,1.88702,1.00,1.50
2018.01.08 14:30:07.781,1.88656,1.88701,1.50,1.00
2018.01.08 14:30:09.016,1.88655,1.88695,1.00,1.50
2018.01.08 14:30:09.067,1.88649,1.88691,1.00,1.00
2018.01.08 14:30:09.287,1.88652,1.88693,1.00,1.00
2018.01.08 14:30:09.390,1.88656,1.88698,1.00,1.00
2018.01.08 14:30:09.493,1.88654,1.88698,1.50,1.00
2018.01.08 14:30:09.751,1.88657,1.88699,1.00,1.00
2018.01.08 14:30:10.040,1.88658,1.88702,1.00,2.25
2018.01.08 14:30:10.245,1.88657,1.88699,1.00,1.00
2018.01.08 14:30:10.999,1.88656,1.88698,1.00,1.37
2018.01.08 14:30:11.050,1.88653,1.88694,1.00,1.00
2018.01.08 14:30:11.551,1.88651,1.88694,1.00,1.00
2018.01.08 14:30:11.603,1.88653,1.88696,1.50,1.00
2018.01.08 14:30:11.928,1.88657,1.88699,1.00,1.00
2018.01.08 14:30:12.652,1.88657,1.887,1.00,1.50
2018.01.08 14:30:15.782,1.88657,1.88699,1.00,1.00
2018.01.08 14:30:17.049,1.88657,1.887,1.00,1.00
2018.01.08 14:30:17.524,1.88659,1.887,1.00,1.00
2018.01.08 14:30:17.866,1.88659,1.88702,1.00,2.25
2018.01.08 14:30:18.389,1.88659,1.88702,1.00,1.87
2018.01.08 14:30:18.911,1.88659,1.88702,1.00,1.50
2018.01.08 14:30:19.015,1.88661,1.88702,1.00,1.50
2018.01.08 14:30:19.108,1.88658,1.88701,1.00,1.00
2018.01.08 14:30:21.558,1.8866,1.88702,1.00,1.00
2018.01.08 14:30:24.128,1.8866,1.88701,1.00,1.00
2018.01.08 14:30:26.952,1.88657,1.887,1.00,1.00
2018.01.08 14:30:28.358,1.88655,1.88698,1.00,1.00
2018.01.08 14:30:28.846,1.88657,1.88698,1.00,1.00
2018.01.08 14:30:29.182,1.8866,1.88701,1.00,1.00
2018.01.08 14:30:29.624,1.88658,1.88699,1.00,1.00
2018.01.08 14:30:30.690,1.88656,1.88699,1.00,1.00
2018.01.08 14:30:31.403,1.88656,1.88697,1.37,1.00
2018.01.08 14:30:31.742,1.88655,1.88698,1.00,1.00
2018.01.08 14:30:31.794,1.88655,1.88696,1.50,1.00
2018.01.08 14:30:32.292,1.88655,1.88698,1.50,1.00
2018.01.08 14:30:32.852,1.88656,1.88699,1.00,1.00
2018.01.08 14:30:33.006,1.88663,1.88701,1.00,1.00
2018.01.08 14:30:33.058,1.88663,1.88704,1.00,1.00
2018.01.08 14:30:33.110,1.88665,1.88706,1.00,1.12
2018.01.08 14:30:33.443,1.88658,1.88701,1.00,1.00
2018.01.08 14:30:33.495,1.88661,1.88702,1.00,1.00
2018.01.08 14:30:33.844,1.8867,1.88711,1.00,1.50
2018.01.08 14:30:34.430,1.88671,1.88712,1.00,1.00
2018.01.08 14:30:34.961,1.8867,1.88712,1.00,1.00
2018.01.08 14:30:35.012,1.88668,1.88711,1.00,1.00
2018.01.08 14:30:35.392,1.88663,1.88705,1.00,1.00
2018.01.08 14:30:35.444,1.8866,1.88703,1.00,1.50
2018.01.08 14:30:35.496,1.88663,1.88703,1.00,1.00
2018.01.08 14:30:35.700,1.88662,1.88705,1.00,1.50
2018.01.08 14:30:36.137,1.8866,1.88703,1.00,1.00
2018.01.08 14:30:36.444,1.88662,1.88705,1.50,1.00
2018.01.08 14:30:36.807,1.88665,1.88708,1.00,1.00
2018.01.08 14:30:37.149,1.88667,1.8871,1.00,1.00
2018.01.08 14:30:37.485,1.8867,1.88711,1.00,1.00
2018.01.08 14:30:37.936,1.88663,1.88704,1.00,1.00
2018.01.08 14:30:38.164,1.88667,1.8871,1.00,1.87
2018.01.08 14:30:38.216,1.88669,1.88711,1.00,1.37
2018.01.08 14:30:38.493,1.88667,1.8871,1.00,1.37
2018.01.08 14:30:38.596,1.8867,1.88713,1.00,3.00
2018.01.08 14:30:38.912,1.88666,1.88709,1.00,1.12
2018.01.08 14:30:39.117,1.88667,1.88707,1.00,1.00
2018.01.08 14:30:39.168,1.88661,1.88702,1.00,1.00
2018.01.08 14:30:39.321,1.88663,1.88704,1.00,1.00
2018.01.08 14:30:40.785,1.88663,1.88699,1.00,1.00
2018.01.08 14:30:41.027,1.88666,1.88703,1.00,1.00
2018.01.08 14:30:41.216,1.88669,1.88704,1.00,1.00
2018.01.08 14:30:41.525,1.88667,1.88701,1.00,1.00
2018.01.08 14:30:41.576,1.88666,1.88704,1.00,1.00
2018.01.08 14:30:41.628,1.88666,1.88702,1.00,1.00
2018.01.08 14:30:42.186,1.88662,1.887,1.00,1.00
2018.01.08 14:30:43.609,1.88663,1.88697,1.00,1.00
2018.01.08 14:30:43.660,1.88663,1.887,1.00,1.00
2018.01.08 14:30:44.166,1.88662,1.88699,1.00,1.00
2018.01.08 14:30:44.217,1.88662,1.88696,1.00,1.00
2018.01.08 14:30:44.268,1.8866,1.88695,1.00,1.00
2018.01.08 14:30:44.370,1.88658,1.88695,1.00,1.00
2018.01.08 14:30:45.387,1.88651,1.88687,1.00,1.00
2018.01.08 14:30:45.439,1.8865,1.88689,1.00,1.00
2018.01.08 14:30:45.491,1.88651,1.88694,1.00,1.00
2018.01.08 14:30:45.594,1.88652,1.88691,1.00,1.00
2018.01.08 14:30:45.645,1.88652,1.88694,1.00,1.00
2018.01.08 14:30:46.178,1.88651,1.88694,1.00,1.50
2018.01.08 14:30:46.281,1.88651,1.88692,1.00,1.00
2018.01.08 14:30:46.588,1.88654,1.88694,1.00,1.00
2018.01.08 14:30:46.804,1.88658,1.88701,1.00,2.25
2018.01.08 14:30:46.855,1.88658,1.88697,1.00,1.00
2018.01.08 14:30:46.907,1.8866,1.887,1.00,1.00
2018.01.08 14:30:46.959,1.88659,1.88697,1.00,1.00
2018.01.08 14:30:47.113,1.88658,1.88699,1.00,1.00
2018.01.08 14:30:47.431,1.88654,1.88696,1.00,1.00
2018.01.08 14:30:47.483,1.88653,1.88694,1.00,1.50
2018.01.08 14:30:48.023,1.88652,1.88694,1.00,1.00
2018.01.08 14:30:48.819,1.88652,1.88695,1.00,1.50
2018.01.08 14:30:49.921,1.88651,1.88694,1.00,1.00
2018.01.08 14:30:51.131,1.88653,1.88694,1.00,1.00
2018.01.08 14:30:51.331,1.88651,1.88694,1.00,1.00
2018.01.08 14:30:51.436,1.88651,1.88692,1.00,1.00
2018.01.08 14:30:52.689,1.88648,1.88691,1.00,1.00
2018.01.08 14:30:53.423,1.8865,1.8869,1.00,1.00
2018.01.08 14:30:53.475,1.88645,1.88686,1.00,1.00
2018.01.08 14:30:55.051,1.88652,1.88689,1.00,1.00
2018.01.08 14:30:55.103,1.8865,1.88693,1.00,1.00
2018.01.08 14:30:55.155,1.88649,1.88691,1.50,1.00
2018.01.08 14:30:55.309,1.88647,1.8869,1.50,1.00
2018.01.08 14:30:55.832,1.88646,1.88689,1.00,1.00
2018.01.08 14:30:55.883,1.88646,1.88691,1.50,1.00
2018.01.08 14:30:56.200,1.88649,1.8869,1.00,1.00
2018.01.08 14:30:57.036,1.88648,1.88689,1.00,1.00
2018.01.08 14:30:57.433,1.88651,1.88692,1.00,1.00
2018.01.08 14:30:57.918,1.88653,1.88694,1.00,1.12
2018.01.08 14:30:58.820,1.8865,1.88693,1.00,1.00
2018.01.08 14:30:59.368,1.8865,1.88692,1.00,1.00
2018.01.08 14:31:01.149,1.8865,1.88693,1.00,1.50
2018.01.08 14:31:01.555,1.88644,1.88685,1.50,1.00
2018.01.08 14:31:01.760,1.88641,1.88684,1.00,1.00
2018.01.08 14:31:01.863,1.88644,1.88684,1.00,1.00
2018.01.08 14:31:02.009,1.88647,1.88688,1.00,1.00
2018.01.08 14:31:02.060,1.8865,1.88693,1.00,1.00
2018.01.08 14:31:02.112,1.88652,1.88693,1.00,1.00
2018.01.08 14:31:02.698,1.88651,1.88692,1.00,1.00
2018.01.08 14:31:03.205,1.88652,1.88693,1.00,1.00
2018.01.08 14:31:03.655,1.88654,1.88697,1.00,1.00
2018.01.08 14:31:03.902,1.88656,1.88697,1.00,1.00
2018.01.08 14:31:04.055,1.88654,1.88697,1.00,1.00
2018.01.08 14:31:04.780,1.88649,1.8869,1.00,1.00
2018.01.08 14:31:05.037,1.88653,1.88695,1.00,1.00
2018.01.08 14:31:05.088,1.88655,1.88698,1.00,1.00
2018.01.08 14:31:05.190,1.88655,1.88696,1.00,1.00
2018.01.08 14:31:05.442,1.88652,1.88695,1.00,1.00
2018.01.08 14:31:05.756,1.88655,1.88696,1.00,1.50
2018.01.08 14:31:05.808,1.88652,1.88695,1.00,1.00
2018.01.08 14:31:06.742,1.88651,1.88692,1.00,1.00
2018.01.08 14:31:07.104,1.88653,1.88694,1.00,1.00
2018.01.08 14:31:07.783,1.8865,1.88693,1.00,1.00
2018.01.08 14:31:09.247,1.8865,1.88692,1.00,1.00
2018.01.08 14:31:09.349,1.88653,1.88692,1.00,1.00
2018.01.08 14:31:09.562,1.8865,1.88692,1.00,1.00
2018.01.08 14:31:10.837,1.88648,1.88689,1.00,1.00
2018.01.08 14:31:10.889,1.88649,1.88691,1.00,1.00
2018.01.08 14:31:10.992,1.88647,1.88688,1.00,1.00
2018.01.08 14:31:11.147,1.88645,1.88687,1.00,1.00
2018.01.08 14:31:11.350,1.88645,1.88685,1.00,1.00
2018.01.08 14:31:11.946,1.88646,1.88685,1.00,1.00
2018.01.08 14:31:12.494,1.88645,1.88685,1.00,1.00
2018.01.08 14:31:15.599,1.88645,1.88686,1.50,1.00
2018.01.08 14:31:16.133,1.88644,1.88686,1.00,1.00
2018.01.08 14:31:16.685,1.88644,1.88685,1.00,1.00
2018.01.08 14:31:17.410,1.88645,1.88685,1.00,1.00
2018.01.08 14:31:17.726,1.88643,1.88683,1.00,1.00
2018.01.08 14:31:17.871,1.88644,1.88685,1.00,1.00
2018.01.08 14:31:18.416,1.88643,1.88685,1.00,1.00
2018.01.08 14:31:18.898,1.88643,1.8868,1.00,1.12
2018.01.08 14:31:18.949,1.88639,1.88679,1.00,1.12
2018.01.08 14:31:19.003,1.88635,1.88676,1.00,1.00
2018.01.08 14:31:19.055,1.88643,1.88682,1.00,1.00
2018.01.08 14:31:19.106,1.88641,1.88682,1.00,1.00
2018.01.08 14:31:19.158,1.88641,1.88678,1.00,1.00
2018.01.08 14:31:19.261,1.88638,1.88676,1.00,1.00
2018.01.08 14:31:19.312,1.88631,1.88672,1.00,1.00
2018.01.08 14:31:19.576,1.88628,1.88669,1.50,1.00
2018.01.08 14:31:20.855,1.88627,1.88669,1.00,1.00
2018.01.08 14:31:21.093,1.8863,1.88673,1.00,1.00
2018.01.08 14:31:21.711,1.88628,1.88669,1.50,1.00
2018.01.08 14:31:22.039,1.88625,1.88668,1.50,1.00
2018.01.08 14:31:22.397,1.88627,1.88668,1.00,1.00
2018.01.08 14:31:23.490,1.88626,1.88667,1.00,1.00
2018.01.08 14:31:23.905,1.88623,1.88666,1.00,1.00
2018.01.08 14:31:23.956,1.88623,1.88664,1.00,1.00
2018.01.08 14:31:25.453,1.88622,1.88663,1.00,1.00
2018.01.08 14:31:25.857,1.88619,1.8866,1.50,1.00
2018.01.08 14:31:26.293,1.8862,1.88658,1.00,1.00
2018.01.08 14:31:26.495,1.8862,1.8866,1.00,1.00
2018.01.08 14:31:26.959,1.8862,1.88662,1.00,1.00
2018.01.08 14:31:27.156,1.88621,1.88664,1.00,1.00
2018.01.08 14:31:27.792,1.88622,1.88665,1.00,1.00
2018.01.08 14:31:29.578,1.88622,1.88663,1.00,1.00
2018.01.08 14:31:30.214,1.88623,1.88664,1.00,1.00
2018.01.08 14:31:32.128,1.88624,1.88664,1.00,1.00
2018.01.08 14:31:32.634,1.88623,1.88663,1.00,1.00
2018.01.08 14:31:35.293,1.88623,1.88662,1.00,1.00
2018.01.08 14:31:36.335,1.88623,1.88663,1.00,1.00
2018.01.08 14:31:36.993,1.88623,1.88665,1.00,1.00
2018.01.08 14:31:37.531,1.88623,1.88664,1.00,1.00
2018.01.08 14:31:38.047,1.88624,1.88662,1.00,1.00
2018.01.08 14:31:38.698,1.88624,1.88663,1.00,1.00
2018.01.08 14:31:39.688,1.88626,1.88663,1.00,1.00
2018.01.08 14:31:39.790,1.88626,1.88666,1.00,1.00
2018.01.08 14:31:39.982,1.88626,1.88664,1.00,1.00
2018.01.08 14:31:40.336,1.88626,1.88667,1.50,1.00
2018.01.08 14:31:41.358,1.88626,1.88666,1.00,1.00
2018.01.08 14:31:41.812,1.88627,1.88669,1.00,1.00
2018.01.08 14:31:41.863,1.88623,1.88666,1.00,1.00
2018.01.08 14:31:42.393,1.88623,1.88665,1.00,1.00
2018.01.08 14:31:43.390,1.88625,1.88665,1.00,1.00
2018.01.08 14:31:43.695,1.88625,1.88662,1.00,1.00
2018.01.08 14:31:44.237,1.88624,1.88663,1.00,1.00
2018.01.08 14:31:44.288,1.88622,1.88663,1.00,1.00
2018.01.08 14:31:44.544,1.88618,1.88661,1.50,1.00
2018.01.08 14:31:44.646,1.8862,1.88661,1.00,1.00
2018.01.08 14:31:44.698,1.88623,1.88666,1.00,1.00
2018.01.08 14:31:44.922,1.88627,1.88668,1.00,1.00
2018.01.08 14:31:46.476,1.88626,1.88667,1.50,1.00
2018.01.08 14:31:47.378,1.8862,1.88662,1.00,1.00
2018.01.08 14:31:47.959,1.88619,1.88662,1.50,1.00
2018.01.08 14:31:48.982,1.88622,1.88663,1.00,1.00
2018.01.08 14:31:49.325,1.8862,1.88661,1.00,1.00
2018.01.08 14:31:49.721,1.88622,1.88663,1.00,1.00
2018.01.08 14:31:51.058,1.8862,1.88662,1.00,1.00
2018.01.08 14:31:51.748,1.88621,1.88662,1.00,1.00
2018.01.08 14:31:51.933,1.88621,1.88664,1.50,1.00
2018.01.08 14:31:52.098,1.8863,1.88671,1.00,1.00
2018.01.08 14:31:52.441,1.88652,1.88693,1.00,1.00
2018.01.08 14:31:52.748,1.88654,1.88695,1.00,1.00
2018.01.08 14:31:53.865,1.88651,1.88692,1.00,1.00
2018.01.08 14:31:54.423,1.8865,1.88691,1.00,1.00
2018.01.08 14:31:55.526,1.88651,1.88693,1.00,1.00
2018.01.08 14:31:55.706,1.88654,1.88695,1.00,1.00
2018.01.08 14:31:56.026,1.88651,1.88692,1.00,1.00
2018.01.08 14:31:56.710,1.8865,1.88692,1.00,1.00
2018.01.08 14:31:57.036,1.88651,1.88694,1.87,1.00
2018.01.08 14:31:57.540,1.88651,1.88694,1.37,1.00
2018.01.08 14:31:57.950,1.88653,1.88696,1.37,1.00
2018.01.08 14:31:58.367,1.88652,1.88693,1.12,1.00
2018.01.08 14:31:59.405,1.88651,1.88692,1.87,1.00
2018.01.08 14:32:00.504,1.88652,1.88693,1.12,1.00
2018.01.08 14:32:00.656,1.8865,1.88697,1.37,1.00
2018.01.08 14:32:03.432,1.88649,1.88697,1.00,2.25
2018.01.08 14:32:03.536,1.88648,1.88697,1.00,1.84
2018.01.08 14:32:03.704,1.88645,1.88693,1.50,1.00
2018.01.08 14:32:03.808,1.88647,1.88693,1.00,1.00
2018.01.08 14:32:04.572,1.88645,1.88694,1.00,1.50
2018.01.08 14:32:06.886,1.88645,1.88693,1.00,1.00
2018.01.08 14:32:07.263,1.88645,1.88693,1.37,1.00
2018.01.08 14:32:07.416,1.8865,1.88697,1.00,1.50
2018.01.08 14:32:07.636,1.88649,1.88697,1.37,1.00
2018.01.08 14:32:08.214,1.88651,1.88698,1.37,1.87
2018.01.08 14:32:08.808,1.88651,1.88697,1.37,1.00
2018.01.08 14:32:08.971,1.88644,1.88693,1.50,1.00
2018.01.08 14:32:09.023,1.88642,1.88688,1.50,1.00
2018.01.08 14:32:09.074,1.88642,1.8869,1.00,1.00
2018.01.08 14:32:09.176,1.88644,1.88691,1.00,1.00
2018.01.08 14:32:09.579,1.88652,1.88693,1.00,1.50
2018.01.08 14:32:10.599,1.88648,1.88691,1.00,1.00
2018.01.08 14:32:10.875,1.88653,1.88694,1.00,1.00
2018.01.08 14:32:11.415,1.88653,1.88695,1.00,1.00
2018.01.08 14:32:12.047,1.88651,1.88694,1.00,1.00
2018.01.08 14:32:12.148,1.8865,1.88691,1.00,1.00
2018.01.08 14:32:12.375,1.88652,1.88695,1.00,1.50
2018.01.08 14:32:13.023,1.88652,1.88694,1.00,1.00
2018.01.08 14:32:13.294,1.88658,1.88701,1.00,1.00
2018.01.08 14:32:13.398,1.88663,1.88705,1.00,1.00
2018.01.08 14:32:13.705,1.88665,1.88706,1.00,1.00
2018.01.08 14:32:14.855,1.88664,1.88705,1.00,1.00
2018.01.08 14:32:15.713,1.88666,1.88706,1.00,1.00
2018.01.08 14:32:16.683,1.88666,1.88707,1.00,1.50
2018.01.08 14:32:17.093,1.88666,1.88705,1.00,1.00
2018.01.08 14:32:17.745,1.88666,1.88706,1.00,1.00
2018.01.08 14:32:18.413,1.88663,1.88704,1.00,1.00
2018.01.08 14:32:19.244,1.88661,1.88704,1.00,1.00
2018.01.08 14:32:19.780,1.88662,1.88704,1.00,1.00
2018.01.08 14:32:19.982,1.88664,1.88705,1.00,1.00
2018.01.08 14:32:20.135,1.8866,1.88705,1.00,1.00
2018.01.08 14:32:20.622,1.88658,1.88703,1.00,1.00
2018.01.08 14:32:21.152,1.88657,1.88703,1.00,1.00
2018.01.08 14:32:21.499,1.88659,1.88703,1.00,1.00
2018.01.08 14:32:22.007,1.88659,1.88704,1.00,1.50
2018.01.08 14:32:22.314,1.88661,1.88704,1.00,1.00
2018.01.08 14:32:22.679,1.88656,1.88701,1.00,1.50
2018.01.08 14:32:23.117,1.88654,1.88699,1.00,1.50
2018.01.08 14:32:23.475,1.8866,1.88702,1.00,1.00
2018.01.08 14:32:23.624,1.8866,1.88705,1.50,1.00
2018.01.08 14:32:23.676,1.88662,1.88708,1.50,1.00
2018.01.08 14:32:24.247,1.88663,1.88709,1.00,1.00
2018.01.08 14:32:24.713,1.88656,1.887,1.00,1.87
2018.01.08 14:32:25.019,1.8866,1.88704,1.00,1.00
2018.01.08 14:32:27.346,1.8866,1.88703,1.00,1.00
2018.01.08 14:32:27.578,1.88663,1.88704,1.00,1.00
2018.01.08 14:32:27.759,1.8866,1.88704,1.00,1.00
2018.01.08 14:32:28.507,1.8866,1.88704,1.37,1.00
2018.01.08 14:32:28.559,1.88663,1.88707,1.00,1.00
2018.01.08 14:32:28.850,1.88666,1.88708,1.00,1.00
2018.01.08 14:32:29.910,1.8866,1.88702,1.00,1.00
2018.01.08 14:32:30.064,1.88663,1.88707,1.00,1.00
2018.01.08 14:32:30.115,1.88665,1.88709,1.00,1.50
2018.01.08 14:32:30.421,1.88666,1.88708,1.00,1.37
2018.01.08 14:32:30.523,1.88664,1.88708,1.00,1.37
2018.01.08 14:32:30.747,1.88664,1.88708,1.00,1.00
2018.01.08 14:32:31.007,1.88669,1.8871,1.00,1.50
2018.01.08 14:32:31.222,1.88667,1.8871,1.00,1.00
2018.01.08 14:32:32.086,1.88665,1.88708,1.00,1.00
2018.01.08 14:32:32.447,1.88658,1.88699,1.00,1.00
2018.01.08 14:32:33.489,1.88663,1.88704,1.00,1.00
2018.01.08 14:32:33.795,1.88665,1.88708,1.00,1.50
2018.01.08 14:32:34.367,1.88665,1.88707,1.00,1.00
2018.01.08 14:32:35.015,1.88665,1.88705,1.00,1.00
2018.01.08 14:32:35.066,1.8866,1.88702,1.00,1.00
2018.01.08 14:32:35.118,1.88658,1.88701,1.00,1.00
2018.01.08 14:32:35.380,1.88658,1.88699,1.00,1.00
2018.01.08 14:32:36.245,1.88658,1.88701,1.00,1.00
2018.01.08 14:32:36.511,1.88658,1.88699,1.00,1.00
2018.01.08 14:32:37.924,1.88658,1.88701,1.00,1.00
2018.01.08 14:32:38.079,1.88661,1.88704,1.00,1.50
2018.01.08 14:32:38.425,1.88666,1.88709,1.00,1.00
2018.01.08 14:32:40.277,1.88664,1.88707,1.00,1.00
2018.01.08 14:32:40.595,1.88666,1.88709,1.00,1.00
2018.01.08 14:32:40.698,1.88668,1.88712,1.50,1.00
2018.01.08 14:32:43.432,1.8867,1.88712,1.00,1.00
2018.01.08 14:32:43.585,1.88671,1.88715,1.00,1.00
2018.01.08 14:32:43.687,1.88673,1.88715,1.00,1.00
2018.01.08 14:32:44.031,1.88671,1.88716,1.00,1.50
2018.01.08 14:32:45.174,1.88675,1.88716,1.00,1.00
2018.01.08 14:32:45.473,1.88672,1.88716,1.00,1.00
2018.01.08 14:32:47.723,1.88673,1.88716,1.00,1.00
2018.01.08 14:32:48.426,1.88675,1.88717,1.00,1.00
2018.01.08 14:32:48.528,1.88675,1.88719,1.00,1.50
2018.01.08 14:32:49.295,1.88683,1.88718,1.00,1.00
2018.01.08 14:32:49.347,1.88686,1.8873,1.00,1.50
2018.01.08 14:32:49.854,1.88685,1.88729,1.00,1.00
2018.01.08 14:32:49.906,1.88683,1.88727,1.50,1.00
2018.01.08 14:32:50.315,1.88685,1.88726,1.37,1.00
2018.01.08 14:32:50.418,1.8869,1.88736,1.00,1.00
2018.01.08 14:32:50.469,1.8869,1.88734,1.00,1.00
2018.01.08 14:32:50.622,1.88683,1.88728,1.50,1.00
2018.01.08 14:32:50.830,1.88687,1.88731,1.00,1.00
2018.01.08 14:32:51.140,1.8869,1.88733,1.00,1.00
2018.01.08 14:32:52.326,1.88691,1.88734,1.00,1.00
2018.01.08 14:32:52.702,1.88689,1.88733,1.00,1.00
2018.01.08 14:32:52.804,1.88688,1.8873,1.50,1.00
2018.01.08 14:32:52.855,1.88689,1.88733,1.00,1.00
2018.01.08 14:32:53.093,1.88688,1.88731,1.00,1.00
2018.01.08 14:32:53.434,1.8869,1.88732,1.00,1.00
2018.01.08 14:32:53.971,1.8869,1.88733,1.00,1.00
2018.01.08 14:32:55.443,1.88691,1.88735,1.00,1.87
2018.01.08 14:32:55.534,1.88689,1.88733,1.00,1.00
2018.01.08 14:32:56.328,1.88688,1.8873,1.00,1.00
2018.01.08 14:32:56.532,1.88689,1.88733,1.00,1.00
2018.01.08 14:32:58.054,1.88687,1.8873,1.00,1.00
2018.01.08 14:32:58.376,1.8869,1.88731,1.00,1.00
2018.01.08 14:32:58.696,1.88687,1.88731,1.00,1.00
2018.01.08 14:32:58.939,1.88687,1.88729,1.50,1.00
2018.01.08 14:32:59.494,1.88686,1.88728,1.00,1.00
2018.01.08 14:33:00.186,1.88685,1.88731,1.00,1.00
2018.01.08 14:33:00.237,1.88685,1.88733,1.00,1.12
2018.01.08 14:33:00.289,1.88683,1.88732,1.50,1.00
2018.01.08 14:33:00.827,1.88684,1.88731,1.00,1.00
2018.01.08 14:33:00.957,1.88684,1.88733,1.00,2.62
2018.01.08 14:33:01.843,1.88684,1.88732,1.00,1.00
2018.01.08 14:33:02.482,1.88684,1.88731,1.00,1.00
2018.01.08 14:33:02.533,1.88684,1.88728,1.00,1.00
2018.01.08 14:33:02.584,1.88682,1.88728,1.12,1.00
2018.01.08 14:33:03.639,1.88683,1.88728,1.00,1.00
2018.01.08 14:33:03.694,1.88683,1.8873,1.12,1.00
2018.01.08 14:33:03.746,1.88685,1.88732,1.00,1.50
2018.01.08 14:33:04.278,1.88684,1.88731,1.50,1.00
2018.01.08 14:33:06.973,1.88686,1.88731,1.00,1.00
2018.01.08 14:33:07.498,1.88686,1.88733,1.00,1.50
2018.01.08 14:33:08.016,1.88686,1.88734,1.00,1.50
2018.01.08 14:33:11.396,1.88688,1.88737,1.00,1.50
2018.01.08 14:33:11.635,1.88692,1.88739,1.00,1.00
2018.01.08 14:33:11.839,1.88689,1.88738,1.09,1.50
2018.01.08 14:33:11.890,1.88687,1.88736,1.34,1.50
2018.01.08 14:33:12.414,1.88689,1.88734,1.09,1.00
2018.01.08 14:33:12.941,1.88689,1.88735,1.09,1.00
2018.01.08 14:33:15.914,1.88685,1.88734,1.34,1.00
2018.01.08 14:33:16.951,1.88687,1.88735,1.34,1.50
2018.01.08 14:33:17.129,1.88687,1.88735,1.00,1.00
2018.01.08 14:33:17.435,1.88686,1.88733,1.00,1.00
2018.01.08 14:33:18.066,1.88684,1.88731,1.50,1.00
2018.01.08 14:33:19.247,1.88682,1.88731,1.00,1.00
2018.01.08 14:33:19.942,1.88681,1.8873,1.12,1.00
2018.01.08 14:33:20.110,1.88678,1.88717,1.00,1.00
2018.01.08 14:33:20.162,1.8867,1.88717,1.00,1.00
2018.01.08 14:33:21.575,1.8867,1.88716,1.00,1.00
2018.01.08 14:33:21.983,1.88668,1.88715,1.12,1.00
2018.01.08 14:33:22.697,1.88667,1.88714,1.12,1.00
2018.01.08 14:33:23.246,1.88667,1.88713,1.12,1.00
2018.01.08 14:33:23.348,1.88665,1.88712,1.12,1.00
2018.01.08 14:33:23.593,1.88664,1.8871,1.37,1.00
2018.01.08 14:33:23.645,1.88662,1.8871,1.37,1.00
2018.01.08 14:33:24.152,1.88662,1.8871,1.37,1.00
2018.01.08 14:33:24.658,1.88665,1.8871,1.00,1.00
2018.01.08 14:33:24.761,1.88665,1.88712,1.37,1.00
2018.01.08 14:33:24.964,1.88665,1.8871,1.37,1.00
2018.01.08 14:33:25.248,1.88665,1.88712,1.71,1.50
2018.01.08 14:33:26.148,1.88665,1.88709,1.71,1.00
2018.01.08 14:33:29.100,1.88665,1.88706,1.46,1.00
2018.01.08 14:33:30.231,1.88665,1.88709,1.71,1.00
2018.01.08 14:33:30.334,1.88665,1.88712,1.71,1.00
2018.01.08 14:33:30.656,1.88665,1.88709,1.71,1.00
2018.01.08 14:33:31.548,1.88665,1.88709,1.37,1.00
2018.01.08 14:33:31.651,1.88664,1.88711,1.37,1.50
2018.01.08 14:33:31.702,1.88664,1.88713,1.37,1.00
2018.01.08 14:33:32.013,1.88667,1.88714,1.00,1.00
2018.01.08 14:33:32.065,1.88665,1.88714,1.00,1.00
2018.01.08 14:33:32.685,1.88665,1.88709,1.00,1.00
2018.01.08 14:33:33.210,1.88664,1.88709,1.00,1.00
2018.01.08 14:33:34.664,1.88664,1.88711,1.00,1.00
2018.01.08 14:33:35.091,1.88666,1.88712,1.00,1.00
2018.01.08 14:33:35.194,1.88666,1.88714,1.00,1.00
2018.01.08 14:33:35.646,1.88665,1.88708,1.00,1.00
2018.01.08 14:33:36.266,1.88665,1.88709,1.00,1.00
2018.01.08 14:33:36.600,1.88664,1.88706,1.12,1.00
2018.01.08 14:33:36.734,1.88664,1.88708,1.12,1.00
2018.01.08 14:33:37.397,1.88663,1.8871,1.37,1.00
2018.01.08 14:33:37.778,1.88663,1.88712,1.37,1.00
2018.01.08 14:33:37.932,1.88666,1.88713,1.00,1.50
2018.01.08 14:33:38.237,1.88666,1.88711,1.00,1.00
2018.01.08 14:33:39.837,1.88661,1.88708,2.62,1.00
2018.01.08 14:33:40.245,1.88662,1.88706,1.37,1.00
2018.01.08 14:33:41.951,1.88664,1.88705,1.37,1.00
2018.01.08 14:33:42.486,1.88662,1.88704,1.37,1.00
2018.01.08 14:33:43.480,1.88663,1.88704,1.37,1.00
2018.01.08 14:33:43.659,1.88663,1.88704,1.12,1.00
2018.01.08 14:33:43.800,1.88663,1.88704,1.37,1.00
2018.01.08 14:33:43.852,1.88663,1.88706,1.37,1.00
2018.01.08 14:33:43.903,1.88663,1.88697,1.00,1.00
2018.01.08 14:33:44.005,1.88654,1.88691,1.00,1.00
2018.01.08 14:33:44.057,1.88646,1.88687,1.87,1.00
2018.01.08 14:33:44.109,1.88638,1.88684,1.09,1.00
2018.01.08 14:33:44.160,1.88636,1.88681,1.75,1.00
2018.01.08 14:33:44.534,1.88636,1.88678,1.37,1.00
2018.01.08 14:33:44.586,1.88633,1.88678,1.37,1.00
2018.01.08 14:33:44.638,1.8864,1.88678,1.00,1.00
2018.01.08 14:33:44.986,1.88638,1.88678,1.00,1.00
2018.01.08 14:33:45.093,1.88636,1.88678,1.00,1.00
2018.01.08 14:33:45.638,1.88625,1.88665,1.12,1.00
2018.01.08 14:33:45.943,1.88628,1.88665,1.00,1.00
2018.01.08 14:33:46.480,1.88628,1.88666,1.00,1.00
2018.01.08 14:33:46.742,1.88627,1.88668,1.37,1.00
2018.01.08 14:33:47.370,1.88625,1.88667,1.37,1.00
2018.01.08 14:33:51.724,1.88625,1.88666,1.37,1.00
2018.01.08 14:33:52.404,1.88624,1.88666,1.37,1.00
2018.01.08 14:33:52.926,1.88622,1.88665,4.09,1.00
2018.01.08 14:33:53.879,1.88623,1.88665,1.46,1.00
2018.01.08 14:33:53.931,1.88622,1.88665,1.50,1.00
2018.01.08 14:33:54.371,1.88622,1.88664,1.75,1.00
2018.01.08 14:33:54.525,1.88622,1.88666,1.75,1.00
2018.01.08 14:33:55.085,1.88624,1.88667,1.50,1.00
2018.01.08 14:33:55.391,1.88624,1.88665,1.00,1.00
2018.01.08 14:33:55.713,1.88632,1.88674,1.75,1.00
2018.01.08 14:33:55.822,1.88632,1.88674,1.00,1.00
2018.01.08 14:33:55.874,1.88627,1.88669,1.12,1.00
2018.01.08 14:33:56.394,1.88626,1.88669,1.00,1.00
2018.01.08 14:33:56.800,1.88625,1.88667,1.37,1.00
2018.01.08 14:33:57.714,1.88625,1.88667,1.37,1.00
2018.01.08 14:33:58.584,1.88624,1.88667,1.00,1.00
2018.01.08 14:33:59.099,1.88623,1.88667,1.50,1.00
2018.01.08 14:34:00.017,1.88623,1.88665,1.50,1.00
2018.01.08 14:34:00.334,1.88617,1.88656,1.00,1.00
2018.01.08 14:34:01.374,1.88613,1.88654,1.09,1.00
2018.01.08 14:34:01.832,1.88615,1.88653,1.00,1.00
2018.01.08 14:34:02.024,1.88613,1.88653,1.00,1.00
2018.01.08 14:34:02.942,1.88614,1.88653,1.00,1.00
2018.01.08 14:34:03.264,1.88618,1.8866,1.37,1.00
2018.01.08 14:34:03.316,1.8862,1.88668,1.00,1.00
2018.01.08 14:34:04.585,1.88619,1.88668,1.12,1.00
2018.01.08 14:34:04.637,1.88617,1.88666,2.25,1.00
2018.01.08 14:34:05.045,1.88617,1.88663,1.00,1.00
2018.01.08 14:34:05.097,1.88615,1.88663,1.00,1.00
2018.01.08 14:34:05.149,1.88613,1.88661,1.50,1.00
2018.01.08 14:34:05.679,1.88614,1.88662,1.37,1.00
2018.01.08 14:34:06.018,1.88614,1.88662,1.71,1.00
2018.01.08 14:34:06.121,1.88615,1.88663,1.12,1.00
2018.01.08 14:34:06.376,1.88613,1.88661,1.00,1.00
2018.01.08 14:34:07.057,1.88614,1.88661,1.00,1.00
2018.01.08 14:34:07.391,1.88614,1.88663,1.87,1.00
2018.01.08 14:34:07.722,1.88614,1.88661,1.87,1.00
2018.01.08 14:34:08.103,1.88614,1.88661,1.00,1.00
2018.01.08 14:34:08.155,1.88612,1.88659,1.37,1.00
2018.01.08 14:34:09.177,1.88613,1.88659,1.50,1.00
2018.01.08 14:34:10.092,1.88613,1.88659,1.37,1.00
2018.01.08 14:34:10.196,1.88605,1.88652,3.00,1.00
2018.01.08 14:34:10.298,1.88611,1.88658,1.50,1.00
2018.01.08 14:34:10.459,1.88616,1.88665,1.50,1.00
2018.01.08 14:34:10.511,1.88616,1.88663,1.50,1.00
2018.01.08 14:34:10.562,1.88616,1.88665,1.50,1.00
2018.01.08 14:34:10.614,1.88618,1.88665,1.00,1.00
2018.01.08 14:34:13.881,1.88623,1.88672,1.00,1.50
2018.01.08 14:34:13.932,1.88626,1.88672,1.00,1.00
2018.01.08 14:34:14.035,1.88621,1.88668,1.00,1.00
2018.01.08 14:34:14.086,1.88619,1.88666,1.00,1.00
2018.01.08 14:34:14.425,1.88617,1.88664,1.00,1.00
2018.01.08 14:34:15.043,1.88619,1.88662,1.00,1.00
2018.01.08 14:34:16.155,1.88619,1.88663,1.00,1.00
2018.01.08 14:34:16.548,1.88619,1.88661,1.00,1.00
2018.01.08 14:34:16.926,1.88616,1.8866,1.00,1.00
2018.01.08 14:34:17.181,1.88618,1.88662,1.00,1.00
2018.01.08 14:34:17.532,1.88617,1.8866,1.00,1.00
2018.01.08 14:34:17.805,1.88618,1.88663,1.00,1.00
2018.01.08 14:34:18.891,1.88617,1.8866,1.50,1.00
2018.01.08 14:34:19.108,1.88618,1.88663,1.00,1.00
2018.01.08 14:34:20.214,1.8862,1.88663,1.00,1.00
2018.01.08 14:34:20.367,1.88625,1.88669,1.00,1.00
2018.01.08 14:34:20.557,1.88619,1.88665,1.00,1.00
2018.01.08 14:34:20.608,1.88617,1.88664,1.00,1.00
2018.01.08 14:34:20.659,1.88615,1.88663,1.00,1.00
2018.01.08 14:34:20.888,1.88617,1.88664,1.00,1.00
2018.01.08 14:34:21.194,1.8862,1.88666,1.00,1.00
2018.01.08 14:34:21.644,1.88624,1.88669,1.00,1.00
2018.01.08 14:34:21.696,1.88621,1.88667,1.00,1.00
2018.01.08 14:34:21.801,1.88619,1.88664,1.00,1.00
2018.01.08 14:34:22.184,1.88616,1.88664,1.50,1.00
2018.01.08 14:34:22.235,1.88616,1.88662,1.00,1.00
2018.01.08 14:34:22.748,1.88615,1.88662,1.12,1.00
2018.01.08 14:34:23.256,1.88616,1.88662,1.00,1.00
2018.01.08 14:34:23.547,1.88612,1.88661,1.87,1.00
2018.01.08 14:34:23.649,1.88612,1.88658,1.37,1.00
2018.01.08 14:34:28.241,1.88614,1.88657,1.00,1.00
2018.01.08 14:34:28.374,1.88614,1.8866,1.00,1.00
2018.01.08 14:34:29.845,1.88616,1.88663,1.00,1.50
2018.01.08 14:34:30.695,1.88615,1.88662,1.87,1.00
2018.01.08 14:34:31.198,1.88612,1.88654,1.00,1.00
2018.01.08 14:34:31.250,1.88607,1.88653,1.37,1.50
2018.01.08 14:34:31.404,1.88604,1.8865,1.12,1.00
2018.01.08 14:34:31.625,1.88604,1.88652,1.87,1.50
2018.01.08 14:34:32.050,1.88604,1.88652,1.87,1.50
2018.01.08 14:34:33.517,1.88607,1.88652,1.00,1.00
2018.01.08 14:34:33.890,1.88607,1.8865,1.00,1.00
2018.01.08 14:34:33.942,1.88611,1.88655,1.00,1.00
2018.01.08 14:34:33.993,1.88615,1.88658,1.00,1.00
2018.01.08 14:34:34.675,1.88613,1.88656,1.00,1.00
2018.01.08 14:34:34.983,1.88611,1.88655,1.00,1.00
2018.01.08 14:34:35.516,1.88611,1.88654,1.00,1.00
2018.01.08 14:34:36.191,1.88611,1.88656,1.00,1.00
2018.01.08 14:34:36.941,1.88612,1.88656,1.00,1.00
2018.01.08 14:34:37.043,1.88616,1.88661,1.00,1.00
2018.01.08 14:34:37.250,1.88619,1.88662,1.00,1.00
2018.01.08 14:34:37.814,1.88618,1.88663,1.00,1.50
2018.01.08 14:34:38.523,1.88618,1.88662,1.00,1.00
2018.01.08 14:34:39.082,1.88619,1.88661,1.00,1.00
2018.01.08 14:34:40.017,1.88616,1.8866,1.00,1.00
2018.01.08 14:34:40.344,1.88612,1.88656,1.00,1.87
2018.01.08 14:34:40.837,1.88606,1.8865,1.00,1.00
2018.01.08 14:34:41.475,1.88607,1.88649,1.00,1.00
2018.01.08 14:34:42.020,1.88606,1.88647,1.00,1.00
2018.01.08 14:34:42.515,1.88609,1.8865,1.00,1.00
2018.01.08 14:34:42.787,1.88608,1.88652,1.00,1.00
2018.01.08 14:34:43.982,1.88609,1.8865,1.00,1.00
2018.01.08 14:34:48.673,1.88606,1.88649,1.50,1.00
2018.01.08 14:34:49.663,1.88604,1.88646,1.00,1.00
2018.01.08 14:34:49.938,1.88605,1.88648,1.00,1.00
2018.01.08 14:34:51.411,1.88604,1.88646,1.12,1.00
2018.01.08 14:34:51.862,1.88608,1.88645,1.00,1.00
2018.01.08 14:34:51.914,1.88615,1.88658,1.50,1.00
2018.01.08 14:34:52.172,1.88614,1.88655,1.00,1.00
2018.01.08 14:34:52.934,1.8861,1.88651,1.84,1.00
2018.01.08 14:34:53.407,1.88608,1.88651,1.50,1.00
2018.01.08 14:34:54.687,1.88607,1.88648,1.00,1.00
2018.01.08 14:34:54.861,1.88609,1.88652,1.00,1.00
2018.01.08 14:34:55.407,1.88606,1.88649,1.50,1.00
2018.01.08 14:34:56.717,1.88609,1.8865,1.00,1.00
2018.01.08 14:34:56.930,1.88606,1.88649,1.50,1.00
2018.01.08 14:34:56.990,1.8861,1.88651,1.00,1.00
2018.01.08 14:34:59.179,1.88609,1.8865,1.00,1.00
2018.01.08 14:34:59.985,1.88609,1.88652,1.00,1.00
2018.01.08 14:35:01.012,1.88609,1.8865,1.00,1.00
2018.01.08 14:35:01.540,1.88608,1.88651,1.00,1.00
2018.01.08 14:35:01.890,1.8861,1.88651,1.00,1.00
2018.01.08 14:35:02.301,1.88613,1.88656,1.00,1.00
2018.01.08 14:35:02.352,1.88617,1.8866,1.00,1.00
2018.01.08 14:35:02.659,1.88623,1.88664,1.00,1.00
2018.01.08 14:35:03.236,1.88624,1.88665,1.00,1.00
2018.01.08 14:35:03.693,1.88622,1.88665,1.00,1.00
2018.01.08 14:35:03.850,1.8862,1.88663,1.00,1.00
2018.01.08 14:35:04.515,1.8862,1.88661,1.00,1.00
2018.01.08 14:35:04.825,1.88614,1.88655,1.50,1.00
2018.01.08 14:35:05.139,1.88606,1.88649,1.09,1.00
2018.01.08 14:35:05.345,1.88609,1.8865,1.00,1.00
2018.01.08 14:35:06.344,1.88606,1.88649,1.09,1.00
2018.01.08 14:35:06.537,1.8861,1.88651,1.00,1.00
2018.01.08 14:35:07.145,1.88612,1.88655,1.00,1.00
2018.01.08 14:35:07.909,1.8861,1.88653,1.00,1.00
2018.01.08 14:35:08.227,1.88608,1.8865,1.50,1.00
2018.01.08 14:35:08.824,1.88615,1.88656,1.00,1.00
2018.01.08 14:35:08.875,1.88617,1.8866,1.00,1.00
2018.01.08 14:35:08.927,1.88619,1.8866,1.12,1.00
2018.01.08 14:35:09.442,1.88617,1.88659,1.37,1.00
2018.01.08 14:35:09.642,1.8862,1.88661,1.00,1.00
2018.01.08 14:35:10.364,1.88622,1.88663,1.00,1.00
2018.01.08 14:35:10.466,1.8862,1.88663,1.00,1.00
2018.01.08 14:35:11.359,1.88622,1.88663,1.00,1.00
2018.01.08 14:35:12.416,1.88619,1.88662,1.00,1.00
2018.01.08 14:35:12.780,1.88617,1.8866,1.50,1.00
2018.01.08 14:35:13.553,1.88619,1.88662,1.00,1.00
2018.01.08 14:35:14.790,1.88617,1.8866,1.00,1.00
2018.01.08 14:35:15.907,1.88616,1.88659,1.00,1.00
2018.01.08 14:35:18.943,1.88614,1.88657,1.00,1.00
2018.01.08 14:35:19.374,1.88614,1.88655,1.00,1.00
2018.01.08 14:35:19.579,1.88617,1.8866,1.12,1.00
2018.01.08 14:35:19.630,1.8862,1.88661,1.00,1.00
2018.01.08 14:35:19.732,1.88621,1.88664,1.00,1.00
2018.01.08 14:35:19.784,1.88624,1.88665,1.00,1.00
2018.01.08 14:35:20.111,1.88634,1.88675,1.00,1.00
2018.01.08 14:35:20.754,1.88634,1.88676,1.00,1.00
2018.01.08 14:35:22.909,1.88634,1.88675,1.00,1.00
2018.01.08 14:35:23.504,1.88633,1.88675,1.00,1.00
2018.01.08 14:35:23.555,1.88631,1.88674,1.00,1.00
2018.01.08 14:35:23.846,1.88631,1.88672,1.00,1.00
2018.01.08 14:35:24.101,1.88628,1.88671,1.00,1.00
2018.01.08 14:35:24.679,1.88627,1.8867,1.00,1.00
2018.01.08 14:35:25.292,1.88629,1.8867,1.00,1.00
2018.01.08 14:35:25.837,1.88628,1.88669,1.00,1.00
2018.01.08 14:35:26.041,1.8863,1.88673,1.00,1.00
2018.01.08 14:35:26.246,1.88633,1.88676,1.00,2.25
2018.01.08 14:35:26.913,1.88632,1.88673,1.00,1.00
2018.01.08 14:35:27.220,1.88634,1.88675,1.00,1.00
2018.01.08 14:35:27.322,1.8863,1.88676,1.00,1.00
2018.01.08 14:35:27.373,1.88628,1.88676,1.00,1.00
2018.01.08 14:35:27.925,1.88628,1.88675,1.37,1.00
2018.01.08 14:35:28.174,1.88629,1.88677,1.87,1.00
2018.01.08 14:35:28.225,1.88629,1.88679,1.87,1.50
2018.01.08 14:35:28.725,1.88629,1.88679,2.25,1.00
2018.01.08 14:35:28.777,1.88633,1.88681,1.37,1.00
2018.01.08 14:35:28.829,1.88642,1.88686,1.00,1.00
2018.01.08 14:35:28.880,1.88643,1.8869,1.00,1.00
2018.01.08 14:35:28.932,1.88645,1.88693,1.00,1.00
2018.01.08 14:35:29.474,1.88647,1.88694,1.00,1.00
2018.01.08 14:35:29.526,1.88649,1.88697,1.50,1.00
2018.01.08 14:35:29.577,1.88653,1.88701,1.00,1.50
2018.01.08 14:35:29.884,1.88658,1.88706,1.00,1.84
2018.01.08 14:35:29.986,1.88656,1.88706,1.50,1.84
2018.01.08 14:35:30.038,1.88653,1.88698,1.50,1.00
2018.01.08 14:35:30.176,1.8865,1.88698,1.00,1.00
2018.01.08 14:35:30.229,1.88648,1.88696,1.00,1.00
2018.01.08 14:35:30.927,1.88647,1.88695,1.00,1.00
2018.01.08 14:35:31.357,1.88655,1.887,1.37,1.00
2018.01.08 14:35:31.410,1.88658,1.88706,1.00,1.00
2018.01.08 14:35:31.715,1.88656,1.88704,1.37,1.00
2018.01.08 14:35:31.868,1.88655,1.88703,1.50,1.00
2018.01.08 14:35:31.970,1.88653,1.887,1.00,1.00
2018.01.08 14:35:32.021,1.88649,1.88699,1.87,1.12
2018.01.08 14:35:32.124,1.88647,1.88695,1.50,1.00
2018.01.08 14:35:32.788,1.88647,1.88697,1.50,1.00
2018.01.08 14:35:32.840,1.88651,1.88699,1.00,1.12
2018.01.08 14:35:33.149,1.8866,1.88708,1.00,1.75
2018.01.08 14:35:33.383,1.8866,1.88708,1.00,1.00
2018.01.08 14:35:34.335,1.88658,1.88708,1.00,1.00
2018.01.08 14:35:35.182,1.88658,1.88707,1.00,1.00
2018.01.08 14:35:35.386,1.8866,1.88708,1.00,1.00
2018.01.08 14:35:35.750,1.88673,1.88721,1.84,1.00
2018.01.08 14:35:35.802,1.88673,1.88723,1.84,1.50
2018.01.08 14:35:36.011,1.88671,1.88714,1.00,1.00
2018.01.08 14:35:36.113,1.88663,1.88711,1.00,1.00
2018.01.08 14:35:36.668,1.88664,1.88712,1.00,1.50
2018.01.08 14:35:37.224,1.88662,1.88712,1.00,2.25
2018.01.08 14:35:37.794,1.88661,1.88711,1.00,1.50
2018.01.08 14:35:40.993,1.88661,1.8871,1.00,1.00
2018.01.08 14:35:42.330,1.88661,1.88709,1.00,1.00
2018.01.08 14:35:42.636,1.88657,1.887,1.00,1.00
2018.01.08 14:35:42.738,1.88647,1.88697,1.00,1.00
2018.01.08 14:35:42.841,1.88647,1.88695,1.00,1.00
2018.01.08 14:35:43.434,1.88656,1.887,1.00,1.00
2018.01.08 14:35:43.625,1.88657,1.88705,1.00,1.00
2018.01.08 14:35:43.676,1.88655,1.88705,1.00,1.00
2018.01.08 14:35:43.831,1.88655,1.88703,1.00,1.00
2018.01.08 14:35:44.037,1.88646,1.88697,2.21,1.12
2018.01.08 14:35:45.147,1.88646,1.88695,1.34,1.00
2018.01.08 14:35:45.757,1.88647,1.88696,1.09,1.00
2018.01.08 14:35:46.110,1.88647,1.88692,1.00,1.00
2018.01.08 14:35:46.161,1.88644,1.88693,1.00,1.00
2018.01.08 14:35:47.494,1.88644,1.88694,1.00,1.50
2018.01.08 14:35:47.999,1.88645,1.88695,1.09,1.00
2018.01.08 14:35:48.485,1.88648,1.88696,1.00,1.00
2018.01.08 14:35:49.027,1.88648,1.88697,1.00,1.00
2018.01.08 14:35:49.179,1.88649,1.88699,1.00,1.00
2018.01.08 14:35:50.324,1.88649,1.88697,1.00,1.00
2018.01.08 14:35:50.426,1.88647,1.88697,1.00,1.00
2018.01.08 14:35:50.564,1.88647,1.88695,1.00,1.00
2018.01.08 14:35:51.604,1.88645,1.88695,1.50,1.00
2018.01.08 14:35:51.800,1.88653,1.88697,1.00,1.00
2018.01.08 14:35:51.852,1.88653,1.88701,1.34,1.00
2018.01.08 14:35:52.231,1.88652,1.887,1.50,1.12
2018.01.08 14:35:52.282,1.88652,1.88695,1.00,1.00
2018.01.08 14:35:52.334,1.88649,1.88697,1.00,1.00
2018.01.08 14:35:52.385,1.88654,1.887,1.00,1.00
2018.01.08 14:35:52.436,1.8865,1.88699,1.50,1.00
2018.01.08 14:35:52.752,1.88653,1.88701,1.00,1.00
2018.01.08 14:35:53.007,1.88659,1.88708,1.46,1.00
2018.01.08 14:35:55.158,1.88659,1.88708,1.87,1.00
2018.01.08 14:35:55.686,1.88662,1.88712,1.12,1.00
2018.01.08 14:35:55.738,1.88665,1.88713,1.37,1.00
2018.01.08 14:35:55.985,1.88665,1.88715,1.87,1.00
2018.01.08 14:35:56.335,1.88663,1.88711,1.71,1.00
2018.01.08 14:35:56.387,1.88662,1.88709,1.09,1.00
2018.01.08 14:35:56.926,1.8866,1.88708,1.34,1.00
2018.01.08 14:35:57.421,1.8866,1.88708,1.00,1.00
2018.01.08 14:35:57.473,1.88666,1.88715,1.09,1.50
2018.01.08 14:35:57.524,1.88668,1.88716,1.00,1.50
2018.01.08 14:35:57.576,1.88665,1.88716,1.34,1.50
2018.01.08 14:35:58.677,1.88666,1.88714,1.09,1.00
2018.01.08 14:35:59.067,1.88666,1.88714,1.46,1.00
2018.01.08 14:35:59.500,1.88667,1.88717,1.37,1.00
2018.01.08 14:36:00.171,1.88669,1.88718,1.12,1.00
2018.01.08 14:36:00.658,1.8867,1.88718,1.09,1.00
2018.01.08 14:36:00.709,1.88671,1.8872,2.21,1.00
2018.01.08 14:36:00.761,1.88673,1.88723,2.96,1.00
2018.01.08 14:36:01.071,1.88685,1.88731,1.71,1.00
2018.01.08 14:36:01.175,1.88677,1.88723,1.00,1.00
2018.01.08 14:36:02.153,1.88674,1.88724,1.00,1.50
2018.01.08 14:36:02.771,1.88674,1.88723,1.00,1.00
2018.01.08 14:36:02.995,1.88672,1.88722,1.12,1.00
2018.01.08 14:36:03.498,1.88671,1.88722,1.00,1.00
2018.01.08 14:36:03.652,1.88681,1.88722,1.00,1.00
2018.01.08 14:36:03.703,1.88682,1.88727,1.00,1.00
2018.01.08 14:36:03.755,1.88682,1.88723,1.00,1.37
2018.01.08 14:36:03.806,1.88677,1.88723,1.00,1.87
2018.01.08 14:36:03.858,1.88672,1.88722,1.75,1.37
2018.01.08 14:36:05.164,1.88671,1.8872,1.00,1.00
2018.01.08 14:36:06.102,1.88671,1.88719,1.00,1.00
2018.01.08 14:36:06.286,1.88665,1.88714,2.25,1.00
2018.01.08 14:36:06.338,1.88665,1.88712,1.00,1.00
2018.01.08 14:36:06.845,1.88665,1.88713,1.00,1.00
2018.01.08 14:36:07.192,1.88669,1.88718,1.00,1.50
2018.01.08 14:36:07.655,1.88671,1.88719,1.00,1.00
2018.01.08 14:36:07.946,1.88673,1.88722,1.00,1.00
2018.01.08 14:36:08.308,1.88677,1.88723,1.09,1.00
2018.01.08 14:36:08.463,1.88683,1.88732,1.09,1.00
2018.01.08 14:36:08.514,1.88681,1.88726,1.00,1.00
2018.01.08 14:36:08.855,1.88677,1.88725,1.46,1.00
2018.01.08 14:36:08.958,1.88672,1.8872,2.96,1.75
2018.01.08 14:36:09.011,1.8867,1.88718,2.62,1.37
2018.01.08 14:36:09.116,1.8867,1.88718,1.00,1.37
2018.01.08 14:36:09.270,1.88665,1.88712,1.37,1.00
2018.01.08 14:36:09.322,1.88663,1.88709,1.12,1.00
2018.01.08 14:36:09.523,1.8867,1.88716,1.12,1.12
2018.01.08 14:36:09.728,1.88672,1.88719,1.12,1.00
2018.01.08 14:36:10.036,1.88674,1.88722,1.00,1.00
2018.01.08 14:36:10.536,1.88674,1.88719,1.00,1.00
2018.01.08 14:36:10.639,1.88674,1.88722,1.00,1.50
2018.01.08 14:36:10.845,1.88674,1.88719,1.00,1.00
2018.01.08 14:36:11.754,1.88673,1.88719,1.00,1.00
2018.01.08 14:36:12.261,1.88673,1.8872,1.37,1.00
2018.01.08 14:36:12.585,1.88673,1.88721,1.37,1.00
2018.01.08 14:36:13.132,1.88672,1.88722,1.37,1.00
2018.01.08 14:36:13.523,1.88672,1.8872,1.37,1.00
2018.01.08 14:36:13.830,1.88672,1.88723,1.37,1.00
2018.01.08 14:36:15.100,1.88673,1.88723,1.12,1.00
2018.01.08 14:36:15.151,1.88673,1.88721,1.00,1.00
2018.01.08 14:36:15.304,1.88666,1.88716,1.00,1.00
2018.01.08 14:36:15.356,1.88663,1.88713,1.00,1.00
2018.01.08 14:36:15.675,1.88662,1.8871,1.00,1.00
2018.01.08 14:36:15.957,1.88657,1.88707,1.00,1.00
2018.01.08 14:36:17.413,1.88657,1.88705,1.00,1.00
2018.01.08 14:36:18.483,1.88656,1.88704,1.37,1.00
2018.01.08 14:36:18.806,1.88656,1.88702,1.87,1.00
2018.01.08 14:36:20.279,1.88658,1.88703,1.00,1.00
2018.01.08 14:36:20.536,1.88659,1.88705,1.00,1.50
2018.01.08 14:36:20.588,1.88656,1.88702,1.37,1.00
2018.01.08 14:36:21.925,1.88658,1.88705,1.00,1.00
2018.01.08 14:36:22.285,1.88657,1.88702,1.12,1.00
2018.01.08 14:36:22.879,1.88656,1.88702,1.50,1.00
2018.01.08 14:36:23.278,1.88658,1.88702,1.00,1.00
2018.01.08 14:36:25.503,1.88657,1.88702,1.00,1.00
2018.01.08 14:36:25.783,1.88653,1.88701,1.50,1.00
2018.01.08 14:36:25.835,1.88651,1.88697,1.00,1.00
2018.01.08 14:36:26.138,1.88643,1.88688,1.00,1.50
2018.01.08 14:36:26.241,1.88638,1.88684,1.50,1.00
2018.01.08 14:36:26.343,1.88648,1.88687,1.00,1.00
2018.01.08 14:36:26.396,1.88649,1.88692,1.00,1.00
2018.01.08 14:36:26.447,1.88652,1.88695,1.00,1.00
2018.01.08 14:36:26.761,1.8865,1.88693,1.00,1.00
2018.01.08 14:36:28.158,1.8865,1.88695,1.50,1.00
2018.01.08 14:36:29.186,1.8865,1.88693,1.00,1.00
2018.01.08 14:36:29.694,1.88649,1.88693,1.00,1.00
2018.01.08 14:36:29.746,1.8865,1.88697,1.50,1.00
2018.01.08 14:36:30.297,1.8865,1.88696,1.00,1.00
2018.01.08 14:36:30.831,1.8865,1.88695,1.50,1.00
2018.01.08 14:36:31.714,1.88651,1.88697,1.00,1.00
2018.01.08 14:36:31.838,1.88647,1.88693,1.00,1.00
2018.01.08 14:36:32.158,1.88645,1.88691,1.00,1.00
2018.01.08 14:36:32.489,1.88647,1.88691,1.00,1.00
2018.01.08 14:36:32.869,1.88645,1.88689,1.00,1.00
2018.01.08 14:36:33.276,1.88648,1.88694,1.00,1.00
2018.01.08 14:36:33.378,1.8865,1.88697,1.50,1.00
2018.01.08 14:36:33.713,1.88649,1.88693,1.00,1.00
2018.01.08 14:36:34.380,1.88648,1.88693,1.00,1.00
2018.01.08 14:36:34.892,1.88647,1.88693,1.00,1.00
2018.01.08 14:36:35.105,1.88644,1.88691,1.12,1.00
2018.01.08 14:36:35.207,1.88656,1.88695,1.00,1.00
2018.01.08 14:36:35.258,1.88652,1.88697,1.00,1.37
2018.01.08 14:36:35.361,1.88649,1.88695,1.00,1.37
2018.01.08 14:36:35.607,1.88649,1.88695,1.00,1.00
2018.01.08 14:36:35.659,1.88656,1.88703,1.00,1.12
2018.01.08 14:36:36.346,1.88655,1.88701,1.00,1.37
2018.01.08 14:36:36.397,1.88653,1.88699,1.00,1.00
2018.01.08 14:36:36.449,1.88651,1.88699,1.50,1.00
2018.01.08 14:36:37.333,1.8865,1.88696,1.87,1.00
2018.01.08 14:36:37.717,1.88652,1.887,1.00,1.50
2018.01.08 14:36:38.160,1.88656,1.88701,1.00,1.00
2018.01.08 14:36:38.381,1.88654,1.88701,1.00,1.50
2018.01.08 14:36:39.043,1.88653,1.887,1.00,1.00
2018.01.08 14:36:39.568,1.88654,1.887,1.00,1.00
2018.01.08 14:36:40.107,1.88654,1.88701,1.00,2.25
2018.01.08 14:36:40.311,1.88657,1.88701,1.00,1.50
2018.01.08 14:36:40.929,1.88658,1.88702,1.00,1.50
2018.01.08 14:36:41.135,1.8866,1.88705,1.00,1.50
2018.01.08 14:36:41.653,1.8866,1.88704,1.00,1.00
2018.01.08 14:36:41.960,1.88662,1.88704,1.00,1.00
2018.01.08 14:36:42.012,1.88659,1.88703,1.00,1.00
2018.01.08 14:36:42.337,1.88657,1.88702,1.00,1.00
2018.01.08 14:36:42.389,1.88657,1.887,1.00,1.00
2018.01.08 14:36:42.546,1.88653,1.88699,1.00,1.50
2018.01.08 14:36:42.805,1.88657,1.88701,1.00,1.00
2018.01.08 14:36:43.139,1.8866,1.88704,1.00,1.50
2018.01.08 14:36:43.453,1.88658,1.88702,1.00,1.00
2018.01.08 14:36:47.345,1.88661,1.88704,1.00,1.50
2018.01.08 14:36:47.584,1.88659,1.88704,1.00,1.00
2018.01.08 14:36:48.383,1.88659,1.88702,1.00,1.00
2018.01.08 14:36:48.435,1.88656,1.88701,1.00,1.50
2018.01.08 14:36:48.487,1.88661,1.88704,1.00,1.00
2018.01.08 14:36:48.835,1.88665,1.88708,1.00,1.00
2018.01.08 14:36:50.161,1.88667,1.88709,1.00,1.00
2018.01.08 14:36:50.212,1.88669,1.88712,1.00,1.50
2018.01.08 14:36:50.264,1.88671,1.88715,1.00,1.00
2018.01.08 14:36:50.418,1.88673,1.88715,1.00,1.00
2018.01.08 14:36:50.470,1.8867,1.88714,1.00,1.00
2018.01.08 14:36:50.573,1.88673,1.88714,1.00,1.00
2018.01.08 14:36:50.810,1.88669,1.88713,1.00,1.00
2018.01.08 14:36:50.912,1.88672,1.88714,1.00,1.50
2018.01.08 14:36:51.211,1.88672,1.88716,1.00,1.50
2018.01.08 14:36:51.680,1.88671,1.88714,1.00,1.50
2018.01.08 14:36:51.732,1.88668,1.88712,1.00,1.00
2018.01.08 14:36:52.759,1.88672,1.88713,1.00,1.00
2018.01.08 14:36:53.284,1.88671,1.88714,1.00,2.25
2018.01.08 14:36:53.387,1.88667,1.88711,1.00,1.50
2018.01.08 14:36:53.694,1.8867,1.88712,1.00,1.00
2018.01.08 14:36:53.933,1.88668,1.88712,1.00,1.00
2018.01.08 14:36:54.492,1.8867,1.88712,1.00,1.00
2018.01.08 14:36:57.281,1.88669,1.8871,1.00,1.00
2018.01.08 14:36:57.383,1.8867,1.88712,1.00,1.00
2018.01.08 14:36:58.070,1.88669,1.88711,1.00,1.00
2018.01.08 14:36:58.619,1.88668,1.8871,1.00,1.00
2018.01.08 14:36:59.639,1.88669,1.88711,1.00,1.00
2018.01.08 14:37:00.601,1.88673,1.88715,1.00,1.12
2018.01.08 14:37:00.756,1.88671,1.88714,1.00,1.00
2018.01.08 14:37:00.966,1.88671,1.8871,1.00,1.00
2018.01.08 14:37:01.018,1.88666,1.88709,1.00,1.50
2018.01.08 14:37:01.171,1.88665,1.88706,1.00,1.00
2018.01.08 14:37:02.539,1.88666,1.88707,1.00,1.00
2018.01.08 14:37:03.222,1.88665,1.88706,1.00,1.00
2018.01.08 14:37:03.794,1.88666,1.88707,1.00,1.00
2018.01.08 14:37:04.033,1.88664,1.88707,1.00,1.00
2018.01.08 14:37:05.168,1.88666,1.88707,1.00,1.00
2018.01.08 14:37:05.843,1.88666,1.88709,1.00,1.50
2018.01.08 14:37:06.160,1.88666,1.88707,1.00,1.00
2018.01.08 14:37:06.467,1.88674,1.88715,1.00,1.00
2018.01.08 14:37:06.518,1.88678,1.88721,1.00,1.00
2018.01.08 14:37:06.812,1.88681,1.88722,1.00,1.00
2018.01.08 14:37:07.179,1.88681,1.88724,1.00,1.50
2018.01.08 14:37:07.230,1.88679,1.88722,1.00,1.00
2018.01.08 14:37:08.355,1.88682,1.88723,1.00,1.00
2018.01.08 14:37:08.680,1.88675,1.88715,1.00,1.00
2018.01.08 14:37:08.732,1.88673,1.88714,1.00,1.00
2018.01.08 14:37:08.784,1.8867,1.88713,1.00,1.50
2018.01.08 14:37:10.274,1.88672,1.88715,1.00,1.50
2018.01.08 14:37:10.634,1.8867,1.88713,1.00,1.00
2018.01.08 14:37:11.155,1.88669,1.88712,1.00,1.00
2018.01.08 14:37:12.042,1.88671,1.88712,1.00,1.00
2018.01.08 14:37:12.419,1.88673,1.88712,1.00,1.00
2018.01.08 14:37:12.470,1.88671,1.88712,1.50,1.00
2018.01.08 14:37:12.521,1.88673,1.88716,1.50,1.00
2018.01.08 14:37:12.885,1.88671,1.88712,1.00,1.00
2018.01.08 14:37:13.551,1.8867,1.88711,1.00,1.00
2018.01.08 14:37:14.997,1.8867,1.88713,1.00,1.00
2018.01.08 14:37:15.478,1.88674,1.88715,1.00,1.00
2018.01.08 14:37:16.003,1.88675,1.88716,1.00,1.00
2018.01.08 14:37:17.038,1.88672,1.88715,1.00,1.00
2018.01.08 14:37:23.224,1.88671,1.88713,1.00,1.00
2018.01.08 14:37:24.285,1.88671,1.88712,1.00,1.00
2018.01.08 14:37:25.742,1.8867,1.88714,1.00,1.00
2018.01.08 14:37:28.021,1.88669,1.88711,1.00,1.00
2018.01.08 14:37:28.588,1.8867,1.88712,1.00,1.00
2018.01.08 14:37:30.155,1.8867,1.88713,1.00,1.00
2018.01.08 14:37:30.257,1.88672,1.88716,1.50,1.00
2018.01.08 14:37:30.806,1.88672,1.88715,1.00,1.00
2018.01.08 14:37:31.365,1.88674,1.88717,1.00,1.00
2018.01.08 14:37:32.604,1.88673,1.88716,1.00,1.00
2018.01.08 14:37:33.033,1.88671,1.88715,1.00,1.00
2018.01.08 14:37:33.770,1.88672,1.88716,1.00,1.00
2018.01.08 14:37:35.132,1.88671,1.88715,1.00,1.00
2018.01.08 14:37:35.495,1.8867,1.88712,1.00,1.00
2018.01.08 14:37:35.829,1.88667,1.88709,1.00,1.00
2018.01.08 14:37:35.880,1.88669,1.88713,1.00,1.00
2018.01.08 14:37:36.422,1.88678,1.88719,1.00,1.12
2018.01.08 14:37:36.473,1.88669,1.88712,1.00,1.00
2018.01.08 14:37:36.627,1.88672,1.88715,1.00,1.50
2018.01.08 14:37:36.934,1.88669,1.88712,1.00,1.00
2018.01.08 14:37:37.982,1.88672,1.88712,1.00,1.00
2018.01.08 14:37:38.085,1.88674,1.88716,1.00,1.00
2018.01.08 14:37:38.136,1.88679,1.88721,1.00,1.00
2018.01.08 14:37:40.337,1.88681,1.88722,1.00,1.00
2018.01.08 14:37:40.648,1.88667,1.88709,1.00,1.00
2018.01.08 14:37:41.415,1.88669,1.8871,1.00,1.00
2018.01.08 14:37:42.297,1.88671,1.88712,1.00,1.00
2018.01.08 14:37:42.644,1.88676,1.88714,1.00,1.00
2018.01.08 14:37:42.695,1.88673,1.88714,1.50,1.00
2018.01.08 14:37:43.442,1.88674,1.88714,1.00,1.00
2018.01.08 14:37:43.698,1.88676,1.88714,1.00,1.00
2018.01.08 14:37:44.323,1.8867,1.88711,1.50,1.00
2018.01.08 14:37:44.374,1.88672,1.88711,1.00,1.00
2018.01.08 14:37:44.426,1.8867,1.88711,1.50,1.00
2018.01.08 14:37:45.313,1.88672,1.88715,1.00,1.00
2018.01.08 14:37:45.416,1.88675,1.88718,1.00,1.00
2018.01.08 14:37:46.457,1.88676,1.88719,1.00,1.50
2018.01.08 14:37:46.983,1.88678,1.88719,1.00,1.50
2018.01.08 14:37:47.307,1.8868,1.88721,1.00,1.00
2018.01.08 14:37:48.097,1.8868,1.88723,1.00,1.00
2018.01.08 14:37:48.671,1.88683,1.88724,1.00,1.00
2018.01.08 14:37:49.173,1.88681,1.88722,1.00,1.00
2018.01.08 14:37:49.225,1.88677,1.88721,1.00,1.00
2018.01.08 14:37:49.633,1.88677,1.88718,1.00,1.00
2018.01.08 14:37:49.940,1.88669,1.8871,1.00,1.00
2018.01.08 14:37:49.992,1.88665,1.88708,1.00,1.00
2018.01.08 14:37:50.640,1.88664,1.88707,1.50,1.00
2018.01.08 14:37:50.784,1.88666,1.88709,1.00,1.00
2018.01.08 14:37:52.448,1.88665,1.88708,1.00,1.00
2018.01.08 14:37:52.975,1.88664,1.88707,1.00,1.00
2018.01.08 14:37:53.282,1.88661,1.88703,1.00,1.00
2018.01.08 14:37:53.995,1.88659,1.88701,1.00,1.00
2018.01.08 14:37:54.304,1.88656,1.88697,1.00,1.00
2018.01.08 14:37:54.407,1.88651,1.88693,1.00,1.00
2018.01.08 14:37:54.620,1.88651,1.8869,1.00,1.00
2018.01.08 14:37:54.671,1.88649,1.8869,1.50,1.00
2018.01.08 14:37:58.538,1.88649,1.88689,1.00,1.00
2018.01.08 14:37:59.046,1.88649,1.8869,1.00,1.00
2018.01.08 14:37:59.563,1.88648,1.88689,1.50,1.00
2018.01.08 14:38:00.575,1.88648,1.88691,1.00,1.00
2018.01.08 14:38:00.769,1.88647,1.88688,2.25,1.00
2018.01.08 14:38:01.204,1.88649,1.8869,1.00,1.00
2018.01.08 14:38:01.848,1.88648,1.8869,1.00,1.00
2018.01.08 14:38:02.687,1.88648,1.88691,1.50,1.00
2018.01.08 14:38:04.295,1.88647,1.88688,1.00,1.00
2018.01.08 14:38:06.784,1.88649,1.8869,1.00,1.00
2018.01.08 14:38:07.143,1.88651,1.88692,1.00,1.00
2018.01.08 14:38:07.771,1.88647,1.8869,1.00,1.00
2018.01.08 14:38:09.377,1.88649,1.8869,1.00,1.00
2018.01.08 14:38:12.543,1.8865,1.88693,1.00,1.00
2018.01.08 14:38:12.766,1.88648,1.88691,1.00,1.00
2018.01.08 14:38:13.755,1.88651,1.88692,1.00,1.00
2018.01.08 14:38:15.492,1.88651,1.88694,1.00,1.00
2018.01.08 14:38:15.543,1.88649,1.8869,1.00,1.00
2018.01.08 14:38:17.844,1.88647,1.8869,1.00,1.00
2018.01.08 14:38:18.379,1.88648,1.88691,1.00,1.00
2018.01.08 14:38:19.397,1.88647,1.8869,1.00,1.00
2018.01.08 14:38:22.423,1.88649,1.8869,1.00,1.00
2018.01.08 14:38:23.061,1.88647,1.8869,1.00,1.00
2018.01.08 14:38:23.416,1.88649,1.8869,1.00,1.00
2018.01.08 14:38:24.872,1.8865,1.88693,1.00,1.00
2018.01.08 14:38:25.158,1.88648,1.88691,1.00,1.00
2018.01.08 14:38:25.644,1.88652,1.88693,1.00,1.50
2018.01.08 14:38:25.695,1.88654,1.88696,1.00,1.00
2018.01.08 14:38:25.951,1.88655,1.88698,1.00,1.00
2018.01.08 14:38:26.003,1.88651,1.88694,1.84,1.00
2018.01.08 14:38:26.356,1.88654,1.88697,1.00,1.00
2018.01.08 14:38:26.983,1.88655,1.88698,1.00,1.00
2018.01.08 14:38:27.294,1.88659,1.887,1.00,1.00
2018.01.08 14:38:27.820,1.88658,1.88699,1.00,1.00
2018.01.08 14:38:28.061,1.88658,1.88701,1.00,1.00
2018.01.08 14:38:29.328,1.88657,1.887,1.00,1.00
2018.01.08 14:38:29.710,1.88659,1.887,1.00,1.00
2018.01.08 14:38:32.090,1.88658,1.88699,1.00,1.00
2018.01.08 14:38:32.798,1.88659,1.887,1.00,1.00
2018.01.08 14:38:33.991,1.88661,1.88704,1.00,1.50
2018.01.08 14:38:34.539,1.8866,1.88701,1.00,1.00
2018.01.08 14:38:35.629,1.88658,1.887,1.00,1.00
2018.01.08 14:38:35.681,1.8866,1.88701,1.00,1.00
2018.01.08 14:38:36.192,1.88662,1.887,1.00,1.00
2018.01.08 14:38:36.434,1.88662,1.88703,1.00,1.00
2018.01.08 14:38:36.701,1.88663,1.88705,1.09,1.00
2018.01.08 14:38:36.752,1.88665,1.88705,1.00,1.00
2018.01.08 14:38:37.365,1.88665,1.88706,1.00,1.00
2018.01.08 14:38:37.518,1.88659,1.88702,1.00,1.00
2018.01.08 14:38:37.966,1.88659,1.887,1.00,1.00
2018.01.08 14:38:38.681,1.88659,1.88702,1.00,1.00
2018.01.08 14:38:38.733,1.88661,1.88704,1.00,1.00
2018.01.08 14:38:39.110,1.8866,1.88701,1.00,1.00
2018.01.08 14:38:39.546,1.88662,1.88703,1.00,1.00
2018.01.08 14:38:39.816,1.88659,1.88702,1.00,1.00
2018.01.08 14:38:41.017,1.88666,1.88707,1.00,1.00
2018.01.08 14:38:41.569,1.88667,1.88708,1.00,1.00
2018.01.08 14:38:47.225,1.88669,1.8871,1.00,1.00
2018.01.08 14:38:47.530,1.88673,1.88714,1.00,1.50
2018.01.08 14:38:47.846,1.88671,1.88712,1.00,1.00
2018.01.08 14:38:49.505,1.88673,1.88714,1.00,1.00
2018.01.08 14:38:49.998,1.88671,1.88712,1.00,1.00
2018.01.08 14:38:50.232,1.88672,1.88715,1.00,1.00
2018.01.08 14:38:50.746,1.88671,1.88712,1.00,1.00
2018.01.08 14:38:50.952,1.88672,1.88715,1.00,1.00
2018.01.08 14:38:53.230,1.8868,1.88721,1.00,1.00
2018.01.08 14:38:53.754,1.88681,1.88722,1.00,1.00
2018.01.08 14:38:54.289,1.88682,1.88724,1.00,1.00
2018.01.08 14:38:54.942,1.88682,1.88725,1.00,1.50
2018.01.08 14:38:55.407,1.88685,1.88726,1.00,1.50
2018.01.08 14:38:55.561,1.88686,1.88729,1.00,1.00
2018.01.08 14:38:55.613,1.88689,1.8873,1.00,1.00
2018.01.08 14:38:55.878,1.88697,1.8874,1.00,1.00
2018.01.08 14:38:56.488,1.88696,1.88737,1.00,1.00
2018.01.08 14:38:56.842,1.88698,1.88739,1.00,1.00
2018.01.08 14:38:58.220,1.88696,1.88737,1.00,1.00
2018.01.08 14:39:00.077,1.88694,1.88735,1.00,1.00
2018.01.08 14:39:00.356,1.88682,1.88725,1.00,1.00
2018.01.08 14:39:00.408,1.88679,1.88722,1.00,1.00
2018.01.08 14:39:01.472,1.88677,1.8872,1.00,1.00
2018.01.08 14:39:02.184,1.88676,1.88719,1.00,1.00
2018.01.08 14:39:04.668,1.88676,1.88717,1.00,1.00
2018.01.08 14:39:04.770,1.88672,1.88715,1.00,1.00
2018.01.08 14:39:05.307,1.88673,1.88716,1.00,1.00
2018.01.08 14:39:05.410,1.88676,1.88719,1.00,1.00
2018.01.08 14:39:05.886,1.88678,1.88719,1.00,1.00
2018.01.08 14:39:07.480,1.88679,1.88722,1.00,1.00
2018.01.08 14:39:08.052,1.8868,1.88723,1.00,1.00
2018.01.08 14:39:10.125,1.88683,1.88724,1.00,1.00
2018.01.08 14:39:10.642,1.88681,1.88718,1.00,1.00
2018.01.08 14:39:10.702,1.88674,1.88715,1.00,1.00
2018.01.08 14:39:10.754,1.88672,1.88715,1.00,1.50
2018.01.08 14:39:10.958,1.88675,1.88716,1.00,1.00
2018.01.08 14:39:11.482,1.88674,1.88717,1.00,1.50
2018.01.08 14:39:11.807,1.88681,1.88722,1.00,1.50
2018.01.08 14:39:11.858,1.88677,1.8872,1.00,1.00
2018.01.08 14:39:12.011,1.88681,1.88722,1.00,1.50
2018.01.08 14:39:12.266,1.88676,1.88719,1.00,1.50
2018.01.08 14:39:13.142,1.88676,1.88717,1.00,1.00
2018.01.08 14:39:13.244,1.88677,1.8872,1.00,1.50
2018.01.08 14:39:13.569,1.88677,1.88718,1.00,1.00
2018.01.08 14:39:14.064,1.88677,1.8872,1.00,1.00
2018.01.08 14:39:15.003,1.8868,1.88721,1.00,1.00
2018.01.08 14:39:15.375,1.88683,1.88723,1.00,1.00
2018.01.08 14:39:15.478,1.88687,1.8873,1.00,1.00
2018.01.08 14:39:15.530,1.88684,1.88727,1.00,1.50
2018.01.08 14:39:15.923,1.88688,1.88731,1.00,1.00
2018.01.08 14:39:16.383,1.88688,1.88729,1.00,1.75
2018.01.08 14:39:16.438,1.88683,1.88726,1.00,1.37
2018.01.08 14:39:16.723,1.88681,1.88724,1.00,1.00
2018.01.08 14:39:16.825,1.88684,1.88725,1.00,1.00
2018.01.08 14:39:16.876,1.8868,1.88723,1.00,1.00
2018.01.08 14:39:17.029,1.88677,1.88719,1.00,1.00
2018.01.08 14:39:17.561,1.88676,1.88719,1.00,1.00
2018.01.08 14:39:17.880,1.8868,1.88721,1.00,1.00
2018.01.08 14:39:18.297,1.88678,1.88719,1.00,1.00
2018.01.08 14:39:19.277,1.8868,1.88721,1.00,1.00
2018.01.08 14:39:19.594,1.88677,1.88718,1.00,1.00
2018.01.08 14:39:19.924,1.8868,1.88721,1.00,1.00
2018.01.08 14:39:20.260,1.88677,1.88718,1.87,1.00
2018.01.08 14:39:20.787,1.88677,1.88718,1.00,1.00
2018.01.08 14:39:21.924,1.88678,1.88719,1.00,1.00
2018.01.08 14:39:22.231,1.88681,1.88722,1.00,1.00
2018.01.08 14:39:22.719,1.88679,1.88722,1.00,1.00
2018.01.08 14:39:29.090,1.8868,1.88723,1.00,1.00
2018.01.08 14:39:29.678,1.88681,1.88724,1.00,1.00
2018.01.08 14:39:32.515,1.88684,1.88725,1.00,1.00
2018.01.08 14:39:33.819,1.88685,1.88726,1.00,1.00
2018.01.08 14:39:33.870,1.88687,1.88729,1.00,1.00
2018.01.08 14:39:34.401,1.88686,1.88728,1.00,1.00
2018.01.08 14:39:34.476,1.88688,1.88728,1.00,1.00
2018.01.08 14:39:34.679,1.88684,1.88727,1.00,1.00
2018.01.08 14:39:34.730,1.88686,1.88727,1.00,1.00
2018.01.08 14:39:34.833,1.88692,1.88735,1.00,1.00
2018.01.08 14:39:35.140,1.88696,1.88737,1.00,1.00
2018.01.08 14:39:35.476,1.88692,1.88735,1.34,1.00
2018.01.08 14:39:35.796,1.88702,1.88743,1.00,1.00
2018.01.08 14:39:36.105,1.88705,1.88746,1.00,1.00
2018.01.08 14:39:36.504,1.88705,1.88748,1.00,1.50
2018.01.08 14:39:36.855,1.88703,1.88743,1.00,1.00
2018.01.08 14:39:37.066,1.88701,1.88743,1.00,1.00
2018.01.08 14:39:38.753,1.88701,1.88744,1.00,1.00
2018.01.08 14:39:38.913,1.88701,1.88742,1.00,1.00
2018.01.08 14:39:39.185,1.88701,1.88744,1.00,1.00
2018.01.08 14:39:39.237,1.88703,1.88744,1.00,1.00
2018.01.08 14:39:39.886,1.88705,1.88746,1.00,1.50
2018.01.08 14:39:40.495,1.88706,1.88748,1.00,1.00
2018.01.08 14:39:41.291,1.88705,1.88748,1.00,1.50
2018.01.08 14:39:41.844,1.88706,1.88748,1.00,1.00
2018.01.08 14:39:43.973,1.88706,1.88749,1.00,2.25
2018.01.08 14:39:44.025,1.88709,1.88749,1.00,1.00
2018.01.08 14:39:44.978,1.88705,1.88747,1.00,1.00
2018.01.08 14:39:45.267,1.88703,1.88746,1.00,1.00
2018.01.08 14:39:45.876,1.88705,1.88746,1.46,1.00
2018.01.08 14:39:45.927,1.88716,1.88757,1.00,1.50
2018.01.08 14:39:46.080,1.88714,1.88755,1.00,1.00
2018.01.08 14:39:46.132,1.88712,1.88755,1.09,1.50
2018.01.08 14:39:46.644,1.88711,1.88754,1.34,1.00
2018.01.08 14:39:47.119,1.88706,1.88747,1.00,1.00
2018.01.08 14:39:47.984,1.88707,1.8875,1.00,1.50
2018.01.08 14:39:48.138,1.88706,1.88747,1.00,1.00
2018.01.08 14:39:48.346,1.88707,1.8875,1.00,1.50
2018.01.08 14:39:48.654,1.88706,1.88747,1.00,1.00
2018.01.08 14:39:48.756,1.88707,1.8875,1.00,1.50
2018.01.08 14:39:49.126,1.88707,1.88748,1.00,1.00
2018.01.08 14:39:49.453,1.88705,1.88746,1.00,1.00
2018.01.08 14:39:51.243,1.88702,1.88745,1.00,1.00
2018.01.08 14:39:51.726,1.88702,1.88743,1.00,1.00
2018.01.08 14:39:52.043,1.88702,1.88745,1.00,1.00
2018.01.08 14:39:52.145,1.88705,1.88748,1.00,1.50
2018.01.08 14:39:52.693,1.88706,1.88747,1.00,1.00
2018.01.08 14:39:53.327,1.88705,1.88746,1.00,1.00
2018.01.08 14:39:53.692,1.88706,1.88749,1.00,1.50
2018.01.08 14:39:54.486,1.88709,1.8875,1.00,1.50
2018.01.08 14:39:56.301,1.88706,1.88749,1.00,1.00
2018.01.08 14:39:56.680,1.88709,1.88748,1.00,1.00
2018.01.08 14:39:57.110,1.88705,1.88748,1.00,1.50
2018.01.08 14:40:00.074,1.88706,1.88747,1.00,1.00
2018.01.08 14:40:00.585,1.88704,1.88745,1.00,1.00
2018.01.08 14:40:01.091,1.88704,1.88744,1.00,1.00
2018.01.08 14:40:01.429,1.887,1.88742,1.00,1.00
2018.01.08 14:40:01.480,1.88703,1.88742,1.00,1.00
2018.01.08 14:40:02.096,1.88701,1.88741,1.00,1.00
2018.01.08 14:40:02.211,1.88704,1.88741,1.00,1.00
2018.01.08 14:40:03.388,1.88704,1.88742,1.00,1.00
2018.01.08 14:40:03.988,1.88703,1.88742,1.00,1.00
2018.01.08 14:40:04.392,1.88703,1.88744,1.00,1.00
2018.01.08 14:40:04.568,1.88706,1.88744,1.00,1.00
2018.01.08 14:40:07.520,1.88706,1.88743,1.00,1.00
2018.01.08 14:40:09.061,1.88704,1.88743,1.00,1.00
2018.01.08 14:40:09.113,1.88704,1.88741,1.00,1.00
2018.01.08 14:40:09.268,1.88702,1.88741,1.00,1.00
2018.01.08 14:40:10.837,1.88703,1.88741,1.00,1.00
2018.01.08 14:40:10.889,1.88703,1.88743,1.00,1.00
2018.01.08 14:40:11.399,1.88702,1.88743,1.00,1.50
2018.01.08 14:40:11.659,1.88703,1.88741,1.00,1.00
2018.01.08 14:40:11.711,1.88701,1.88741,1.00,1.00
2018.01.08 14:40:12.265,1.88701,1.88742,1.00,1.50
2018.01.08 14:40:12.638,1.88697,1.8874,1.00,1.00
2018.01.08 14:40:14.159,1.88701,1.88741,1.00,1.00
2018.01.08 14:40:16.013,1.88701,1.8874,1.00,1.00
2018.01.08 14:40:16.752,1.88701,1.88742,1.00,1.00
2018.01.08 14:40:16.942,1.88704,1.88744,1.00,1.00
2018.01.08 14:40:19.828,1.88704,1.88745,1.00,1.00
2018.01.08 14:40:20.363,1.88704,1.88744,1.00,1.00
2018.01.08 14:40:20.887,1.88702,1.88742,1.00,1.00
2018.01.08 14:40:21.326,1.88704,1.88742,1.00,1.00
2018.01.08 14:40:21.541,1.88702,1.88742,1.00,1.00
2018.01.08 14:40:22.362,1.88701,1.88742,1.00,1.00
2018.01.08 14:40:22.566,1.88701,1.88744,1.00,1.00
2018.01.08 14:40:22.733,1.88701,1.88742,1.00,1.00
2018.01.08 14:40:23.274,1.88699,1.88742,1.00,1.00
2018.01.08 14:40:24.233,1.88699,1.88741,1.00,1.00
2018.01.08 14:40:24.822,1.88699,1.88742,1.00,1.00
2018.01.08 14:40:26.176,1.887,1.88742,1.00,1.00
2018.01.08 14:40:26.728,1.887,1.88745,1.00,1.00
2018.01.08 14:40:26.917,1.88703,1.88745,1.00,1.00
2018.01.08 14:40:29.544,1.88702,1.88745,1.00,1.00
2018.01.08 14:40:29.939,1.88702,1.88747,1.00,1.00
2018.01.08 14:40:30.241,1.88711,1.88754,1.00,1.50
2018.01.08 14:40:30.547,1.88713,1.88754,1.00,1.00
2018.01.08 14:40:31.015,1.88719,1.88757,1.12,1.00
2018.01.08 14:40:31.067,1.88722,1.88763,1.00,1.00
2018.01.08 14:40:32.001,1.88722,1.88762,1.00,1.00
2018.01.08 14:40:32.535,1.88723,1.88763,1.00,1.00
2018.01.08 14:40:33.116,1.88723,1.88761,1.00,1.00
2018.01.08 14:40:33.650,1.88723,1.88763,1.00,1.00
2018.01.08 14:40:34.237,1.88723,1.88761,1.00,1.00
2018.01.08 14:40:34.288,1.88723,1.88765,1.00,1.00
2018.01.08 14:40:35.980,1.88722,1.88755,1.00,1.00
2018.01.08 14:40:36.031,1.88716,1.88756,1.00,1.00
2018.01.08 14:40:36.083,1.88716,1.88759,1.00,1.00
2018.01.08 14:40:36.239,1.88716,1.88761,1.34,1.00
2018.01.08 14:40:36.563,1.88727,1.88767,1.00,1.00
2018.01.08 14:40:37.503,1.88727,1.88768,1.00,1.50
2018.01.08 14:40:37.949,1.88722,1.88763,1.09,1.00
2018.01.08 14:40:38.297,1.88718,1.88759,1.00,1.00
2018.01.08 14:40:38.348,1.88716,1.88759,1.00,1.50
2018.01.08 14:40:38.615,1.8872,1.88761,1.00,1.00
2018.01.08 14:40:38.666,1.8872,1.88763,1.00,1.00
2018.01.08 14:40:38.881,1.88722,1.88763,1.00,1.00
2018.01.08 14:40:42.668,1.8872,1.88761,1.00,1.00
2018.01.08 14:40:43.174,1.88721,1.88762,1.00,1.00
2018.01.08 14:40:44.746,1.88728,1.8877,1.00,1.00
2018.01.08 14:40:44.797,1.88728,1.8877,1.34,1.00
2018.01.08 14:40:44.988,1.88739,1.8878,1.00,1.00
2018.01.08 14:40:45.090,1.88733,1.88776,1.00,1.00
2018.01.08 14:40:45.193,1.88735,1.88776,1.00,1.00
2018.01.08 14:40:45.498,1.88733,1.88774,1.00,1.00
2018.01.08 14:40:45.550,1.88729,1.88772,1.00,1.00
2018.01.08 14:40:45.652,1.88724,1.88765,1.00,1.00
2018.01.08 14:40:45.703,1.88722,1.88765,1.00,1.50
2018.01.08 14:40:45.755,1.88721,1.88763,1.00,1.00
2018.01.08 14:40:46.004,1.88719,1.88762,1.00,1.00
2018.01.08 14:40:47.891,1.88713,1.88756,1.34,1.00
2018.01.08 14:40:48.249,1.88713,1.88754,1.34,1.00
2018.01.08 14:40:48.921,1.88713,1.88754,1.00,1.00
2018.01.08 14:40:49.272,1.88703,1.88743,1.34,1.00
2018.01.08 14:40:49.374,1.88704,1.88747,1.09,1.00
2018.01.08 14:40:49.578,1.887,1.8874,1.00,1.00
2018.01.08 14:40:50.196,1.88702,1.88743,1.50,1.00
2018.01.08 14:40:51.769,1.88705,1.88746,1.00,1.00
2018.01.08 14:40:54.183,1.88707,1.88748,1.87,1.00
2018.01.08 14:40:54.691,1.88711,1.88752,1.00,1.00
2018.01.08 14:40:57.427,1.8871,1.88748,1.00,1.00
2018.01.08 14:40:57.630,1.88704,1.88746,1.71,1.00
2018.01.08 14:40:58.050,1.88704,1.88746,1.71,1.00
2018.01.08 14:41:00.140,1.88704,1.88746,1.71,1.00
2018.01.08 14:41:00.242,1.88706,1.88749,1.37,1.00
2018.01.08 14:41:01.720,1.88706,1.88749,1.37,1.00
2018.01.08 14:41:02.472,1.88706,1.88749,1.00,1.00
2018.01.08 14:41:03.038,1.88706,1.88749,1.37,1.00
2018.01.08 14:41:04.210,1.88706,1.88749,1.37,1.00
2018.01.08 14:41:05.098,1.88706,1.88749,1.37,1.00
2018.01.08 14:41:06.508,1.88706,1.88749,1.37,1.00
2018.01.08 14:41:08.633,1.88706,1.88749,1.12,1.00
2018.01.08 14:41:08.916,1.88706,1.88747,1.00,1.00
2018.01.08 14:41:09.326,1.88706,1.88747,1.37,1.00
2018.01.08 14:41:10.153,1.88706,1.88747,1.37,1.00
2018.01.08 14:41:10.263,1.88706,1.88747,1.12,1.00
2018.01.08 14:41:10.519,1.88704,1.88745,1.71,1.00
2018.01.08 14:41:11.062,1.88705,1.88748,1.09,1.00
2018.01.08 14:41:11.795,1.8871,1.88751,1.00,1.00
2018.01.08 14:41:12.130,1.88708,1.88749,1.37,1.00
2018.01.08 14:41:12.234,1.88707,1.88748,1.00,1.00
2018.01.08 14:41:15.829,1.88705,1.88748,1.84,1.00
2018.01.08 14:41:16.742,1.88707,1.88748,1.00,1.00
2018.01.08 14:41:17.938,1.88703,1.88746,1.34,1.00
2018.01.08 14:41:18.286,1.88705,1.88746,1.84,1.00
2018.01.08 14:41:18.997,1.88707,1.88746,1.75,1.00
2018.01.08 14:41:19.999,1.88708,1.88746,1.50,1.00
2018.01.08 14:41:20.152,1.88708,1.88748,1.50,1.00
2018.01.08 14:41:20.979,1.88707,1.88748,1.50,1.00
2018.01.08 14:41:21.971,1.88707,1.88748,1.37,1.00
2018.01.08 14:41:24.796,1.88708,1.88749,1.37,1.00
2018.01.08 14:41:25.602,1.88708,1.88749,1.37,1.00
2018.01.08 14:41:27.070,1.8871,1.88751,1.12,1.00
2018.01.08 14:41:27.172,1.88711,1.88749,1.00,1.00
2018.01.08 14:41:27.325,1.8871,1.88753,1.12,1.50
2018.01.08 14:41:27.529,1.88719,1.8876,1.00,1.00
2018.01.08 14:41:27.631,1.88722,1.88765,1.00,1.00
2018.01.08 14:41:28.323,1.88722,1.88763,1.00,1.00
2018.01.08 14:41:30.617,1.88725,1.88766,1.00,1.50
2018.01.08 14:41:30.818,1.88732,1.88775,1.00,1.00
2018.01.08 14:41:30.869,1.88738,1.8878,1.37,1.00
2018.01.08 14:41:31.203,1.88737,1.88778,1.50,1.00
2018.01.08 14:41:31.413,1.88737,1.88778,1.00,1.00
2018.01.08 14:41:32.550,1.8874,1.88781,1.00,1.50
2018.01.08 14:41:33.633,1.8874,1.8878,1.00,1.00
2018.01.08 14:41:33.736,1.88735,1.88778,1.00,1.00
2018.01.08 14:41:34.005,1.88735,1.88776,1.00,1.00
2018.01.08 14:41:34.333,1.88726,1.88765,1.00,1.00
2018.01.08 14:41:34.671,1.88718,1.88759,1.75,1.00
2018.01.08 14:41:35.241,1.8872,1.88763,1.37,1.00
2018.01.08 14:41:35.391,1.8872,1.88763,1.00,1.00
2018.01.08 14:41:35.939,1.88721,1.88764,1.50,1.00
2018.01.08 14:41:36.092,1.88725,1.88766,1.50,1.00
2018.01.08 14:41:36.144,1.88729,1.88772,1.00,1.00
2018.01.08 14:41:36.638,1.88731,1.88772,1.00,1.00
2018.01.08 14:41:37.314,1.88733,1.88775,1.00,1.00
2018.01.08 14:41:37.520,1.88735,1.88776,1.00,1.50
2018.01.08 14:41:37.850,1.88739,1.8878,1.00,1.00
2018.01.08 14:41:40.412,1.88738,1.88779,1.00,1.00
2018.01.08 14:41:40.589,1.88735,1.88782,1.00,1.00
2018.01.08 14:41:41.843,1.88738,1.88782,1.00,1.00
2018.01.08 14:41:42.378,1.88738,1.88783,1.00,1.00
2018.01.08 14:41:43.284,1.88737,1.88783,1.00,1.00
2018.01.08 14:41:46.627,1.88737,1.88781,1.00,1.00
2018.01.08 14:41:46.954,1.88735,1.88779,1.00,1.00
2018.01.08 14:41:47.731,1.88735,1.88777,1.00,1.00
2018.01.08 14:41:47.782,1.88732,1.88775,1.00,1.00
2018.01.08 14:41:48.295,1.88731,1.88775,1.00,1.00
2018.01.08 14:41:48.797,1.88731,1.88774,1.00,1.00
2018.01.08 14:41:49.612,1.88731,1.88773,1.00,1.00
2018.01.08 14:41:51.729,1.88728,1.88773,1.00,1.00
2018.01.08 14:41:55.357,1.88718,1.88763,1.00,1.00
2018.01.08 14:41:55.408,1.8872,1.88767,1.00,1.00
2018.01.08 14:41:55.459,1.88723,1.8877,1.00,1.00
2018.01.08 14:41:55.923,1.88725,1.8877,1.00,1.00
2018.01.08 14:41:56.273,1.88726,1.88772,1.00,1.00
2018.01.08 14:41:56.376,1.88728,1.88773,1.00,1.00
2018.01.08 14:41:56.609,1.88729,1.88775,1.00,1.00
2018.01.08 14:41:56.813,1.88733,1.88777,1.00,1.00
2018.01.08 14:41:56.944,1.88734,1.88781,1.00,1.00
2018.01.08 14:41:56.996,1.88739,1.88783,1.00,1.00
2018.01.08 14:41:57.047,1.88739,1.88785,1.00,1.00
2018.01.08 14:41:57.749,1.88742,1.88785,1.00,1.00
2018.01.08 14:41:58.020,1.88742,1.88787,1.00,1.50
2018.01.08 14:42:01.175,1.88742,1.88786,1.00,1.00
2018.01.08 14:42:06.185,1.8874,1.88786,1.00,1.00
2018.01.08 14:42:06.699,1.8874,1.88785,1.00,1.00
2018.01.08 14:42:07.484,1.88737,1.8878,1.00,1.00
2018.01.08 14:42:07.638,1.88731,1.88775,1.50,1.00
2018.01.08 14:42:07.741,1.88732,1.88778,1.00,1.00
2018.01.08 14:42:07.793,1.88734,1.88778,1.00,1.00
2018.01.08 14:42:07.844,1.88732,1.88779,1.00,1.50
2018.01.08 14:42:07.895,1.88732,1.88777,1.00,1.00
2018.01.08 14:42:08.436,1.88731,1.88777,1.00,1.50
2018.01.08 14:42:08.753,1.88729,1.88774,1.00,1.00
2018.01.08 14:42:09.060,1.88729,1.88776,1.00,1.00
2018.01.08 14:42:09.401,1.8873,1.88778,1.00,1.00
2018.01.08 14:42:09.698,1.88732,1.88778,1.00,1.00
2018.01.08 14:42:09.749,1.8873,1.88778,2.25,1.00
2018.01.08 14:42:10.118,1.88733,1.8878,1.00,1.00
2018.01.08 14:42:10.697,1.88735,1.8878,1.00,1.00
2018.01.08 14:42:11.061,1.88732,1.88778,1.50,1.00
2018.01.08 14:42:12.613,1.88733,1.88778,1.00,1.00
2018.01.08 14:42:14.387,1.88735,1.88779,1.00,1.00
2018.01.08 14:42:17.000,1.88734,1.88777,1.00,1.00
2018.01.08 14:42:18.263,1.88735,1.88779,1.00,1.00
2018.01.08 14:42:25.980,1.88735,1.88779,1.75,1.00
2018.01.08 14:42:26.517,1.88735,1.8878,1.75,1.00
2018.01.08 14:42:26.921,1.88731,1.88775,1.37,1.00
2018.01.08 14:42:27.292,1.88734,1.88776,1.00,1.00
2018.01.08 14:42:28.973,1.88735,1.88779,1.00,1.50
2018.01.08 14:42:29.583,1.88737,1.88779,1.00,1.00
2018.01.08 14:42:30.192,1.88737,1.8878,1.00,1.00
2018.01.08 14:42:31.330,1.8874,1.88784,1.00,1.00
2018.01.08 14:42:31.554,1.88742,1.88785,1.00,1.00
2018.01.08 14:42:31.860,1.88738,1.8878,1.00,1.00
2018.01.08 14:42:31.912,1.88742,1.88787,1.00,1.50
2018.01.08 14:42:32.177,1.88742,1.88785,1.00,1.00
2018.01.08 14:42:32.496,1.88744,1.88787,1.00,1.00
2018.01.08 14:42:36.773,1.88743,1.88785,1.00,1.00
2018.01.08 14:42:37.208,1.88745,1.88787,1.00,1.00
2018.01.08 14:42:39.848,1.88745,1.88786,1.00,1.00
2018.01.08 14:42:40.359,1.88744,1.88786,1.00,1.50
2018.01.08 14:42:41.534,1.88744,1.88785,1.00,1.00
2018.01.08 14:42:41.919,1.88742,1.88784,1.00,1.00
2018.01.08 14:42:42.468,1.88743,1.88785,1.00,1.00
2018.01.08 14:42:45.170,1.88743,1.88786,1.00,1.50
2018.01.08 14:42:45.702,1.88744,1.88787,1.00,1.00
2018.01.08 14:42:46.211,1.88745,1.88788,1.00,1.50
2018.01.08 14:42:46.359,1.88747,1.88788,1.00,1.00
2018.01.08 14:42:46.608,1.88745,1.88787,1.00,1.00
2018.01.08 14:42:47.557,1.88747,1.88787,1.00,1.00
2018.01.08 14:42:48.357,1.88744,1.88787,1.00,1.50
2018.01.08 14:42:48.992,1.88742,1.88785,1.00,1.00
2018.01.08 14:42:49.293,1.8874,1.88781,1.00,1.00
2018.01.08 14:42:49.697,1.88744,1.88782,1.00,1.00
2018.01.08 14:42:49.748,1.88745,1.88786,1.00,1.00
2018.01.08 14:42:49.952,1.88748,1.88789,1.00,1.00
2018.01.08 14:42:50.220,1.88731,1.88774,1.00,1.00
2018.01.08 14:42:50.887,1.8873,1.88771,1.00,1.00
2018.01.08 14:42:51.408,1.88731,1.88772,1.00,1.00
2018.01.08 14:42:51.744,1.88733,1.88774,1.00,1.00
2018.01.08 14:42:52.284,1.88734,1.88775,1.00,1.00
2018.01.08 14:42:52.437,1.88734,1.88777,1.00,1.00
2018.01.08 14:42:53.652,1.88737,1.88778,1.00,1.00
2018.01.08 14:42:54.698,1.88737,1.8878,1.00,1.50
2018.01.08 14:42:54.922,1.88737,1.88778,1.00,1.00
2018.01.08 14:42:55.418,1.88735,1.88776,1.00,1.00
2018.01.08 14:42:55.674,1.88733,1.88776,1.00,1.00
2018.01.08 14:42:56.984,1.88734,1.88777,1.00,1.50
2018.01.08 14:42:57.188,1.88733,1.88774,1.00,1.00
2018.01.08 14:42:57.725,1.88734,1.88775,1.00,1.00
2018.01.08 14:42:58.705,1.88732,1.88775,1.00,1.00
2018.01.08 14:43:00.849,1.88733,1.88776,1.00,1.00
2018.01.08 14:43:04.997,1.88731,1.88772,1.00,1.00
2018.01.08 14:43:07.215,1.88732,1.88775,1.00,1.00
2018.01.08 14:43:07.793,1.88731,1.88775,1.00,1.00
2018.01.08 14:43:07.992,1.88733,1.88774,1.00,1.00
2018.01.08 14:43:09.877,1.88733,1.88775,1.00,1.00
2018.01.08 14:43:10.625,1.8874,1.88782,1.00,1.00
2018.01.08 14:43:10.728,1.88738,1.88782,1.00,1.50
2018.01.08 14:43:10.831,1.88741,1.88787,1.00,1.50
2018.01.08 14:43:11.705,1.88737,1.8878,1.00,1.50
2018.01.08 14:43:11.858,1.88734,1.88778,1.12,1.00
2018.01.08 14:43:12.441,1.88734,1.88779,1.00,1.00
2018.01.08 14:43:12.786,1.88737,1.8878,1.00,1.00
2018.01.08 14:43:13.618,1.88738,1.88781,1.00,1.00
2018.01.08 14:43:14.188,1.88738,1.88782,1.00,1.00
2018.01.08 14:43:17.457,1.88738,1.88783,1.00,1.50
2018.01.08 14:43:17.796,1.88737,1.8878,1.00,1.00
2018.01.08 14:43:17.959,1.88739,1.88783,1.00,1.00
2018.01.08 14:43:18.024,1.8874,1.88781,1.00,1.00
2018.01.08 14:43:18.260,1.88738,1.88782,1.00,1.00
2018.01.08 14:43:18.790,1.88736,1.8878,1.00,1.00
2018.01.08 14:43:19.103,1.88741,1.88784,1.12,1.00
2018.01.08 14:43:19.205,1.88743,1.88787,1.50,1.00
2018.01.08 14:43:19.359,1.88745,1.88789,1.00,1.00
2018.01.08 14:43:19.411,1.88745,1.88787,1.00,1.00
2018.01.08 14:43:19.615,1.88741,1.88785,1.00,1.00
2018.01.08 14:43:19.845,1.88736,1.8878,1.09,1.00
2018.01.08 14:43:24.748,1.88736,1.88779,1.00,1.00
2018.01.08 14:43:25.057,1.88733,1.88774,1.00,1.00
2018.01.08 14:43:25.108,1.88734,1.88777,1.00,1.00
2018.01.08 14:43:25.261,1.88734,1.88775,1.00,1.00
2018.01.08 14:43:26.104,1.88732,1.88775,1.00,1.00
2018.01.08 14:43:27.193,1.88731,1.88772,1.00,1.00
2018.01.08 14:43:27.347,1.88721,1.88763,1.00,1.00
2018.01.08 14:43:27.500,1.88725,1.88763,1.00,1.00
2018.01.08 14:43:27.553,1.88724,1.88765,1.00,1.00
2018.01.08 14:43:27.706,1.88727,1.88768,1.00,1.00
2018.01.08 14:43:27.971,1.88725,1.88768,1.00,1.00
2018.01.08 14:43:28.353,1.88723,1.88764,1.00,1.00
2018.01.08 14:43:28.769,1.88723,1.88764,1.34,1.00
2018.01.08 14:43:28.821,1.88726,1.88767,1.37,1.00
2018.01.08 14:43:28.924,1.88726,1.88769,1.37,1.00
2018.01.08 14:43:29.078,1.88724,1.88766,1.50,1.00
2018.01.08 14:43:29.505,1.88722,1.88765,1.50,1.00
2018.01.08 14:43:29.811,1.88719,1.88762,1.50,1.00
2018.01.08 14:43:30.160,1.88719,1.8876,1.50,1.00
2018.01.08 14:43:30.503,1.88723,1.88764,1.00,1.00
2018.01.08 14:43:30.851,1.88721,1.88762,1.00,1.00
2018.01.08 14:43:31.392,1.88722,1.88765,1.00,1.00
2018.01.08 14:43:32.213,1.88722,1.88765,1.75,1.00
2018.01.08 14:43:32.688,1.88722,1.88765,1.37,1.00
2018.01.08 14:43:32.994,1.8872,1.88761,1.00,1.00
2018.01.08 14:43:33.356,1.8872,1.88763,1.00,1.00
2018.01.08 14:43:34.774,1.88719,1.8876,1.00,1.00
2018.01.08 14:43:35.617,1.88717,1.88759,1.00,1.00
2018.01.08 14:43:36.076,1.88716,1.88757,1.00,1.00
2018.01.08 14:43:37.501,1.88716,1.88759,1.00,1.00
2018.01.08 14:43:38.659,1.88715,1.88758,1.00,1.00
2018.01.08 14:43:38.890,1.88717,1.88758,1.00,1.00
2018.01.08 14:43:39.504,1.88716,1.88757,1.00,1.00
2018.01.08 14:43:41.761,1.88716,1.88759,1.00,1.00
2018.01.08 14:43:42.025,1.88718,1.88761,1.00,1.50
2018.01.08 14:43:45.817,1.88715,1.88764,1.00,1.00
2018.01.08 14:43:46.727,1.88715,1.88764,1.37,1.00
2018.01.08 14:43:46.829,1.88718,1.88761,1.00,1.00
2018.01.08 14:43:47.356,1.88717,1.88758,1.00,1.00
2018.01.08 14:43:47.658,1.8872,1.88761,1.00,1.00
2018.01.08 14:43:48.449,1.88719,1.88761,1.00,1.00
2018.01.08 14:43:52.165,1.88719,1.88763,1.50,1.00
2018.01.08 14:43:52.438,1.88719,1.88763,2.25,1.00
2018.01.08 14:43:52.490,1.88723,1.88765,1.00,1.00
2018.01.08 14:43:52.643,1.88719,1.88763,1.50,1.00
2018.01.08 14:43:52.869,1.88719,1.88763,1.00,1.00
2018.01.08 14:43:52.973,1.88718,1.8876,1.00,1.00
2018.01.08 14:43:53.761,1.88719,1.8876,1.00,1.00
2018.01.08 14:43:54.096,1.88718,1.88762,1.00,1.50
2018.01.08 14:43:54.992,1.88716,1.88758,1.00,1.00
2018.01.08 14:43:55.548,1.88716,1.88759,1.00,1.00
2018.01.08 14:43:55.696,1.88717,1.88761,1.00,1.00
2018.01.08 14:43:55.951,1.88716,1.88759,1.00,1.00
2018.01.08 14:43:56.737,1.88717,1.88761,1.00,1.00
2018.01.08 14:43:57.149,1.88716,1.88759,1.00,1.00
2018.01.08 14:44:01.812,1.88715,1.88758,1.50,1.00
2018.01.08 14:44:02.279,1.88718,1.88762,1.00,1.00
2018.01.08 14:44:02.382,1.88719,1.88764,1.50,1.00
2018.01.08 14:44:02.918,1.88722,1.88765,1.00,1.00
2018.01.08 14:44:03.227,1.8872,1.88762,1.00,1.00
2018.01.08 14:44:03.278,1.88719,1.88764,1.50,1.00
2018.01.08 14:44:03.380,1.88721,1.88764,1.00,1.00
2018.01.08 14:44:03.887,1.88722,1.88765,1.00,1.50
2018.01.08 14:44:04.176,1.88718,1.88763,1.00,1.00
2018.01.08 14:44:05.450,1.88718,1.88761,1.00,1.00
2018.01.08 14:44:06.744,1.88719,1.88762,1.00,1.00
2018.01.08 14:44:07.605,1.88718,1.8876,1.00,1.00
2018.01.08 14:44:08.184,1.88718,1.88761,1.00,1.00
2018.01.08 14:44:15.902,1.88716,1.88759,1.00,1.00
2018.01.08 14:44:16.055,1.88717,1.88763,1.00,1.00
2018.01.08 14:44:18.254,1.88718,1.88764,1.50,1.00
2018.01.08 14:44:19.216,1.88719,1.88764,1.00,1.00
2018.01.08 14:44:19.267,1.88721,1.88765,1.00,1.00
2018.01.08 14:44:19.785,1.88719,1.88762,1.50,1.00
2018.01.08 14:44:20.948,1.88725,1.88768,1.50,1.00
2018.01.08 14:44:20.999,1.88726,1.8877,1.00,1.00
2018.01.08 14:44:21.152,1.88728,1.88773,1.00,1.00
2018.01.08 14:44:21.690,1.88728,1.88772,1.00,1.50
2018.01.08 14:44:22.350,1.88728,1.88771,1.00,1.00
2018.01.08 14:44:23.610,1.88729,1.88773,1.00,1.00
2018.01.08 14:44:24.082,1.88731,1.88774,1.00,1.00
2018.01.08 14:44:24.585,1.8873,1.88774,1.00,1.50
2018.01.08 14:44:25.133,1.88733,1.88774,1.00,1.00
2018.01.08 14:44:25.489,1.88732,1.88777,1.00,1.50
2018.01.08 14:44:27.828,1.88733,1.88777,1.00,1.50
2018.01.08 14:44:30.885,1.88733,1.88769,1.00,1.00
2018.01.08 14:44:32.267,1.88732,1.88769,1.00,1.00
2018.01.08 14:44:33.381,1.88732,1.88768,1.00,1.00
2018.01.08 14:44:35.760,1.8873,1.88764,1.00,1.00
2018.01.08 14:44:35.862,1.88727,1.88765,1.00,1.00
2018.01.08 14:44:35.913,1.88728,1.88767,1.00,1.00
2018.01.08 14:44:36.015,1.88728,1.88765,1.00,1.00
2018.01.08 14:44:36.344,1.88731,1.88768,1.00,1.00
2018.01.08 14:44:36.692,1.88733,1.88769,1.00,1.00
2018.01.08 14:44:38.529,1.88735,1.88769,1.00,1.00
2018.01.08 14:44:38.614,1.88735,1.88772,1.00,1.00
2018.01.08 14:44:38.825,1.88731,1.88771,1.00,1.00
2018.01.08 14:44:42.600,1.88734,1.88772,1.00,1.00
2018.01.08 14:44:42.702,1.88734,1.88778,1.00,1.00
2018.01.08 14:44:42.753,1.88738,1.88772,1.00,1.00
2018.01.08 14:44:42.805,1.88736,1.88771,1.00,1.00
2018.01.08 14:44:42.856,1.88733,1.88772,1.00,1.00
2018.01.08 14:44:43.425,1.88734,1.88772,1.00,1.00
2018.01.08 14:44:43.807,1.88735,1.88774,1.00,1.00
2018.01.08 14:44:43.859,1.88738,1.88777,1.00,1.00
2018.01.08 14:44:44.429,1.88737,1.88776,1.37,1.00
2018.01.08 14:44:44.800,1.88737,1.88778,1.37,1.00
2018.01.08 14:44:45.367,1.88735,1.88778,1.37,1.00
2018.01.08 14:44:45.585,1.88734,1.88776,1.87,1.00
2018.01.08 14:44:45.894,1.88731,1.88769,1.75,1.00
2018.01.08 14:44:46.436,1.88731,1.88769,1.00,1.00
2018.01.08 14:44:47.047,1.88732,1.88772,1.00,1.00
2018.01.08 14:44:47.098,1.88735,1.88775,1.75,1.00
2018.01.08 14:44:47.443,1.8873,1.8877,1.00,1.00
2018.01.08 14:44:48.828,1.8873,1.88769,1.00,1.00
2018.01.08 14:44:49.462,1.88731,1.88769,1.00,1.00
2018.01.08 14:44:50.002,1.88729,1.88768,1.12,1.00
2018.01.08 14:44:53.962,1.88729,1.88766,1.00,1.00
2018.01.08 14:44:54.064,1.88726,1.88766,1.00,1.00
2018.01.08 14:44:54.115,1.88724,1.88766,1.00,1.00
2018.01.08 14:44:54.301,1.88721,1.88765,1.87,1.00
2018.01.08 14:44:54.353,1.88732,1.88764,1.00,1.00
2018.01.08 14:44:54.404,1.8873,1.88765,1.00,1.00
2018.01.08 14:44:54.455,1.88726,1.88765,1.00,1.00
2018.01.08 14:44:54.507,1.88726,1.88766,1.37,1.00
2018.01.08 14:44:54.559,1.88726,1.88766,1.09,1.00
2018.01.08 14:44:54.661,1.8873,1.88765,1.00,1.00
2018.01.08 14:44:55.202,1.88729,1.88765,1.00,1.00
2018.01.08 14:44:55.356,1.88725,1.88762,1.12,1.00
2018.01.08 14:44:55.901,1.88725,1.88763,1.12,1.00
2018.01.08 14:44:56.445,1.88725,1.88762,1.00,1.00
2018.01.08 14:44:56.998,1.88725,1.88761,1.00,1.00
2018.01.08 14:44:57.468,1.88724,1.88758,1.00,1.00
2018.01.08 14:44:57.621,1.88724,1.8876,1.00,1.00
2018.01.08 14:44:57.905,1.88722,1.8876,1.12,1.00
2018.01.08 14:44:59.541,1.88719,1.88755,1.00,1.00
2018.01.08 14:44:59.796,1.88719,1.88757,1.00,1.00
2018.01.08 14:44:59.849,1.88718,1.88755,1.00,1.00
2018.01.08 14:45:01.779,1.88718,1.88756,1.00,1.00
2018.01.08 14:45:02.183,1.88726,1.88759,1.00,1.00
2018.01.08 14:45:02.841,1.88724,1.88759,1.00,1.00
2018.01.08 14:45:03.049,1.88726,1.88759,1.00,1.00
2018.01.08 14:45:03.100,1.88726,1.88762,1.00,1.00
2018.01.08 14:45:03.152,1.88728,1.88763,1.00,1.00
2018.01.08 14:45:03.579,1.8873,1.88763,1.00,1.00
2018.01.08 14:45:04.303,1.88731,1.88765,1.00,1.00
2018.01.08 14:45:04.405,1.88733,1.88766,1.00,1.00
2018.01.08 14:45:04.929,1.88733,1.88767,1.00,1.00
2018.01.08 14:45:05.491,1.88734,1.88767,1.00,1.00
2018.01.08 14:45:07.343,1.88733,1.88768,1.00,1.00
2018.01.08 14:45:07.795,1.88733,1.88766,1.00,1.00
2018.01.08 14:45:07.868,1.88719,1.88766,1.71,1.00
2018.01.08 14:45:09.075,1.88718,1.88765,2.21,1.00
2018.01.08 14:45:09.373,1.8873,1.88765,1.00,1.00
2018.01.08 14:45:09.884,1.88729,1.88765,1.00,1.00
2018.01.08 14:45:10.411,1.88728,1.88764,1.00,1.00
2018.01.08 14:45:13.972,1.88728,1.88765,1.00,1.00
2018.01.08 14:45:15.081,1.88728,1.88766,1.00,1.00
2018.01.08 14:45:15.144,1.88726,1.88766,1.00,1.00
2018.01.08 14:45:17.273,1.88727,1.88765,1.00,1.00
2018.01.08 14:45:17.325,1.88727,1.88762,1.00,1.00
2018.01.08 14:45:17.501,1.88717,1.88761,1.37,1.00
2018.01.08 14:45:17.603,1.88717,1.8875,1.00,1.00
2018.01.08 14:45:17.654,1.88714,1.88749,1.00,1.00
2018.01.08 14:45:17.961,1.88712,1.88749,1.00,1.00
2018.01.08 14:45:18.711,1.88712,1.88748,1.00,1.00
2018.01.08 14:45:18.904,1.88712,1.88746,1.00,1.00
2018.01.08 14:45:20.076,1.88712,1.88745,1.00,1.00
2018.01.08 14:45:20.127,1.88708,1.88745,1.00,1.00
2018.01.08 14:45:21.326,1.88709,1.88745,1.00,1.00
2018.01.08 14:45:21.428,1.88711,1.88746,1.00,1.00
2018.01.08 14:45:21.658,1.88708,1.88746,1.00,1.00
2018.01.08 14:45:22.273,1.88707,1.88746,1.00,1.00
2018.01.08 14:45:22.632,1.8871,1.88747,1.00,1.00
2018.01.08 14:45:23.213,1.8871,1.88746,1.00,1.00
2018.01.08 14:45:23.695,1.88712,1.88746,1.00,1.00
2018.01.08 14:45:24.201,1.88709,1.88744,1.00,1.00
2018.01.08 14:45:24.252,1.88707,1.88743,1.00,1.00
2018.01.08 14:45:25.028,1.88709,1.88743,1.00,1.00
2018.01.08 14:45:25.130,1.88709,1.88745,1.00,1.00
2018.01.08 14:45:25.181,1.88707,1.88745,1.00,1.00
2018.01.08 14:45:26.452,1.88708,1.88745,1.00,1.00
2018.01.08 14:45:26.958,1.88708,1.88745,1.37,1.00
2018.01.08 14:45:27.112,1.88711,1.88745,1.00,1.00
2018.01.08 14:45:27.336,1.88708,1.88745,1.00,1.00
2018.01.08 14:45:27.865,1.88707,1.88745,1.00,1.00
2018.01.08 14:45:28.804,1.88705,1.88745,1.00,1.00
2018.01.08 14:45:29.325,1.88704,1.88744,1.00,1.00
2018.01.08 14:45:29.376,1.88706,1.88744,1.00,1.00
2018.01.08 14:45:29.598,1.88703,1.88744,1.00,1.00
2018.01.08 14:45:30.095,1.88705,1.88744,1.00,1.00
2018.01.08 14:45:32.373,1.88705,1.88743,1.00,1.00
2018.01.08 14:45:32.742,1.88704,1.88734,1.00,1.00
2018.01.08 14:45:32.794,1.88698,1.88737,1.00,1.00
2018.01.08 14:45:32.965,1.88699,1.8874,1.00,1.00
2018.01.08 14:45:33.016,1.88699,1.88738,1.00,1.00
2018.01.08 14:45:33.208,1.88702,1.88747,1.87,1.00
2018.01.08 14:45:33.312,1.88709,1.88749,1.00,1.00
2018.01.08 14:45:33.619,1.88712,1.88749,1.00,1.00
2018.01.08 14:45:33.896,1.88707,1.88746,1.00,1.00
2018.01.08 14:45:33.999,1.88703,1.88746,1.34,1.00
2018.01.08 14:45:34.050,1.88703,1.88746,1.00,1.00
2018.01.08 14:45:34.574,1.88703,1.88745,1.12,1.00
2018.01.08 14:45:35.125,1.88703,1.88743,1.00,1.00
2018.01.08 14:45:35.560,1.88708,1.88747,1.00,1.00
2018.01.08 14:45:36.214,1.88708,1.88748,1.00,1.00
2018.01.08 14:45:36.852,1.88711,1.88748,1.00,1.00
2018.01.08 14:45:37.411,1.88711,1.88749,1.00,1.00
2018.01.08 14:45:38.479,1.88711,1.88743,1.00,1.00
2018.01.08 14:45:38.531,1.88708,1.88743,1.00,1.00
2018.01.08 14:45:38.582,1.88705,1.88743,1.00,1.00
2018.01.08 14:45:39.263,1.88705,1.88742,1.00,1.00
2018.01.08 14:45:41.370,1.88699,1.88741,1.00,1.00
2018.01.08 14:45:41.574,1.88699,1.88739,1.00,1.00
2018.01.08 14:45:42.087,1.88699,1.88738,1.00,1.00
2018.01.08 14:45:42.703,1.88699,1.8874,1.00,1.00
2018.01.08 14:45:43.085,1.88703,1.8874,1.00,1.00
2018.01.08 14:45:43.403,1.88703,1.88738,1.00,1.00
2018.01.08 14:45:43.555,1.88704,1.88741,1.00,1.00
2018.01.08 14:45:44.066,1.88703,1.88741,1.00,1.00
2018.01.08 14:45:44.445,1.88703,1.88736,1.00,1.00
2018.01.08 14:45:44.496,1.88699,1.88733,1.00,1.00
2018.01.08 14:45:44.548,1.88697,1.88734,1.00,1.00
2018.01.08 14:45:45.519,1.88699,1.88734,1.00,1.00
2018.01.08 14:45:45.797,1.88696,1.88732,1.00,1.00
2018.01.08 14:45:46.352,1.88698,1.88732,1.00,1.00
2018.01.08 14:45:46.620,1.88692,1.88728,1.00,1.00
2018.01.08 14:45:46.671,1.88692,1.8873,1.00,1.00
2018.01.08 14:45:46.723,1.88692,1.88728,1.00,1.00
2018.01.08 14:45:46.775,1.88693,1.88731,1.00,1.00
2018.01.08 14:45:46.828,1.88693,1.88729,1.00,1.00
2018.01.08 14:45:47.084,1.88693,1.88731,1.00,1.00
2018.01.08 14:45:47.135,1.88695,1.88732,1.00,1.00
2018.01.08 14:45:47.522,1.88697,1.88733,1.00,1.00
2018.01.08 14:45:47.865,1.88699,1.88733,1.00,1.00
2018.01.08 14:45:48.099,1.88697,1.88733,1.00,1.00
2018.01.08 14:45:48.414,1.88701,1.88736,1.00,1.00
2018.01.08 14:45:48.734,1.88704,1.88736,1.00,1.00
2018.01.08 14:45:49.442,1.88704,1.88738,1.00,1.00
2018.01.08 14:45:50.102,1.88703,1.88738,1.00,1.00
2018.01.08 14:45:50.204,1.88703,1.88736,1.00,1.00
2018.01.08 14:45:50.710,1.88703,1.88734,1.00,1.00
2018.01.08 14:45:50.762,1.88701,1.88734,1.00,1.00
2018.01.08 14:45:50.945,1.88701,1.88737,1.00,1.00
2018.01.08 14:45:51.979,1.88702,1.88737,1.00,1.00
2018.01.08 14:45:52.219,1.887,1.88737,1.00,1.00
2018.01.08 14:45:52.773,1.887,1.88736,1.00,1.00
2018.01.08 14:45:53.223,1.88702,1.88736,1.00,1.00
2018.01.08 14:45:53.734,1.88702,1.88735,1.00,1.00
2018.01.08 14:45:54.319,1.88704,1.88735,1.00,1.00
2018.01.08 14:45:55.346,1.88702,1.88735,1.00,1.00
2018.01.08 14:45:55.649,1.88704,1.88735,1.00,1.00
2018.01.08 14:45:56.258,1.88705,1.88735,1.00,1.00
2018.01.08 14:45:58.013,1.88705,1.88734,1.00,1.00
2018.01.08 14:46:00.166,1.88704,1.88734,1.00,1.00
2018.01.08 14:46:00.272,1.88704,1.88737,1.00,1.00
2018.01.08 14:46:00.323,1.88701,1.88737,1.00,1.00
2018.01.08 14:46:00.493,1.88703,1.88737,1.00,1.00
2018.01.08 14:46:01.063,1.88705,1.88738,1.00,1.00
2018.01.08 14:46:02.059,1.88705,1.88739,1.00,1.00
2018.01.08 14:46:02.185,1.88707,1.88744,1.00,1.00
2018.01.08 14:46:02.237,1.88716,1.88747,1.00,1.00
2018.01.08 14:46:02.526,1.88712,1.88745,1.00,1.00
2018.01.08 14:46:02.578,1.88716,1.88745,1.00,1.00
2018.01.08 14:46:02.891,1.88716,1.88747,1.00,1.00
2018.01.08 14:46:04.138,1.88716,1.88748,1.00,1.00
2018.01.08 14:46:06.819,1.88715,1.88748,1.00,1.00
2018.01.08 14:46:07.634,1.88717,1.88748,1.00,1.00
2018.01.08 14:46:09.319,1.88715,1.88748,1.00,1.00
2018.01.08 14:46:11.304,1.88714,1.88742,1.00,1.00
2018.01.08 14:46:11.355,1.88708,1.8874,1.37,1.00
2018.01.08 14:46:11.407,1.88709,1.88744,1.37,1.00
2018.01.08 14:46:11.459,1.88706,1.88744,1.00,1.00
2018.01.08 14:46:11.610,1.88713,1.88744,1.00,1.00
2018.01.08 14:46:11.688,1.88707,1.88745,1.00,1.00
2018.01.08 14:46:11.846,1.88707,1.88747,1.75,1.00
2018.01.08 14:46:12.348,1.88707,1.88746,1.75,1.00
2018.01.08 14:46:12.852,1.8871,1.88746,1.00,1.00
2018.01.08 14:46:12.909,1.88708,1.88746,1.00,1.00
2018.01.08 14:46:13.374,1.88708,1.88744,1.00,1.00
2018.01.08 14:46:13.772,1.8871,1.88744,1.00,1.00
2018.01.08 14:46:14.720,1.88711,1.88744,1.00,1.00
2018.01.08 14:46:14.771,1.88711,1.88746,1.00,1.00
2018.01.08 14:46:15.440,1.88713,1.88746,1.00,1.00
2018.01.08 14:46:16.229,1.88714,1.88746,1.00,1.00
2018.01.08 14:46:16.775,1.88713,1.88746,1.00,1.00
2018.01.08 14:46:17.540,1.88714,1.88746,1.00,1.00
2018.01.08 14:46:17.788,1.88712,1.88745,1.00,1.00
2018.01.08 14:46:18.133,1.88716,1.88749,1.00,1.00
2018.01.08 14:46:18.235,1.88713,1.88749,1.00,1.00
2018.01.08 14:46:18.287,1.88711,1.88748,1.00,1.00
2018.01.08 14:46:18.541,1.88714,1.88748,1.00,1.00
2018.01.08 14:46:19.312,1.88716,1.88749,1.00,1.00
2018.01.08 14:46:19.664,1.88713,1.88749,1.00,1.00
2018.01.08 14:46:20.347,1.88711,1.88747,1.00,1.00
2018.01.08 14:46:20.860,1.88711,1.88748,1.37,1.00
2018.01.08 14:46:21.362,1.88712,1.88749,1.12,1.00
2018.01.08 14:46:22.262,1.88711,1.88749,1.00,1.00
2018.01.08 14:46:22.973,1.88711,1.8875,1.00,1.00
2018.01.08 14:46:23.275,1.88711,1.88747,1.00,1.00
2018.01.08 14:46:23.600,1.88713,1.88748,1.00,1.00
2018.01.08 14:46:23.804,1.88711,1.88748,1.00,1.00
2018.01.08 14:46:24.059,1.88714,1.88748,1.00,1.00
2018.01.08 14:46:24.288,1.88714,1.8875,1.00,1.00
2018.01.08 14:46:24.441,1.88716,1.8875,1.00,1.00
2018.01.08 14:46:24.492,1.88714,1.8875,1.00,1.00
2018.01.08 14:46:24.788,1.88712,1.88748,1.00,1.00
2018.01.08 14:46:25.592,1.88715,1.88746,1.00,1.00
2018.01.08 14:46:25.796,1.8871,1.88742,1.12,1.00
2018.01.08 14:46:26.139,1.88706,1.88742,1.37,1.00
2018.01.08 14:46:26.535,1.88706,1.88745,1.37,1.00
2018.01.08 14:46:26.811,1.88706,1.88747,1.37,1.00
2018.01.08 14:46:27.092,1.88711,1.88747,1.00,1.00
2018.01.08 14:46:27.418,1.88714,1.8875,1.00,1.00
2018.01.08 14:46:27.469,1.88712,1.8875,1.00,1.00
2018.01.08 14:46:28.133,1.88714,1.88751,1.00,1.00
2018.01.08 14:46:28.458,1.88714,1.88749,1.00,1.00
2018.01.08 14:46:29.035,1.88714,1.8875,1.00,1.00
2018.01.08 14:46:29.840,1.88714,1.88749,1.00,1.00
2018.01.08 14:46:29.891,1.88712,1.88749,1.00,1.00
2018.01.08 14:46:30.230,1.88714,1.88749,1.00,1.00
2018.01.08 14:46:31.114,1.88712,1.88749,1.00,1.00
2018.01.08 14:46:31.484,1.88712,1.88751,1.00,1.00
2018.01.08 14:46:31.953,1.8871,1.88751,1.00,1.00
2018.01.08 14:46:32.105,1.88713,1.88751,1.00,1.00
2018.01.08 14:46:32.782,1.88713,1.88754,1.00,1.00
2018.01.08 14:46:33.041,1.88713,1.88752,1.00,1.00
2018.01.08 14:46:33.346,1.88716,1.88753,1.00,1.00
2018.01.08 14:46:33.620,1.88714,1.88752,1.00,1.00
2018.01.08 14:46:33.858,1.88717,1.88752,1.00,1.00
2018.01.08 14:46:34.065,1.88713,1.88752,1.00,1.00
2018.01.08 14:46:34.167,1.88715,1.88752,1.00,1.00
2018.01.08 14:46:34.679,1.88715,1.88751,1.00,1.00
2018.01.08 14:46:35.844,1.88713,1.88751,1.00,1.00
2018.01.08 14:46:36.402,1.88713,1.8875,1.00,1.00
2018.01.08 14:46:37.049,1.88713,1.88741,1.00,1.00
2018.01.08 14:46:37.100,1.88708,1.88741,1.37,1.00
2018.01.08 14:46:37.152,1.88703,1.88743,2.25,1.00
2018.01.08 14:46:37.306,1.88705,1.88747,1.50,1.09
2018.01.08 14:46:37.837,1.8871,1.88748,1.00,1.00
2018.01.08 14:46:38.184,1.8871,1.8875,1.00,1.00
2018.01.08 14:46:38.586,1.88716,1.88754,1.00,1.00
2018.01.08 14:46:39.087,1.88716,1.88755,1.12,1.00
2018.01.08 14:46:39.392,1.8872,1.88755,1.00,1.00
2018.01.08 14:46:39.900,1.8872,1.88754,1.00,1.00
2018.01.08 14:46:40.085,1.88717,1.88753,1.00,1.00
2018.01.08 14:46:40.586,1.88717,1.88752,1.00,1.00
2018.01.08 14:46:40.914,1.88717,1.88754,1.00,1.00
2018.01.08 14:46:41.261,1.88716,1.8875,1.00,1.00
2018.01.08 14:46:41.313,1.88713,1.88749,1.00,1.00
2018.01.08 14:46:41.663,1.88711,1.88749,1.00,1.00
2018.01.08 14:46:42.164,1.88711,1.88748,1.00,1.00
2018.01.08 14:46:44.676,1.88711,1.8875,1.12,1.00
2018.01.08 14:46:45.221,1.88711,1.88749,1.00,1.00
2018.01.08 14:46:46.786,1.88711,1.88749,1.37,1.00
2018.01.08 14:46:47.635,1.88712,1.88743,1.00,1.00
2018.01.08 14:46:47.687,1.88707,1.88741,1.00,1.00
2018.01.08 14:46:47.739,1.88704,1.88741,1.50,1.00
2018.01.08 14:46:48.039,1.88704,1.88738,1.00,1.00
2018.01.08 14:46:48.455,1.88706,1.88743,1.37,1.00
2018.01.08 14:46:48.506,1.8871,1.88745,1.00,1.00
2018.01.08 14:46:48.852,1.88713,1.88745,1.00,1.00
2018.01.08 14:46:49.128,1.88709,1.88745,1.00,1.00
2018.01.08 14:46:49.409,1.88713,1.88745,1.00,1.00
2018.01.08 14:46:49.862,1.88715,1.88746,1.00,1.00
2018.01.08 14:46:52.346,1.88715,1.88747,1.00,1.00
2018.01.08 14:46:52.397,1.88715,1.88751,1.00,1.00
2018.01.08 14:46:52.448,1.88713,1.88751,1.00,1.00
2018.01.08 14:46:52.500,1.88713,1.88749,1.00,1.00
2018.01.08 14:46:52.811,1.88713,1.88747,1.00,1.00
2018.01.08 14:46:53.345,1.88713,1.88745,1.00,1.00
2018.01.08 14:46:53.449,1.88708,1.88743,1.00,1.00
2018.01.08 14:46:53.500,1.88708,1.88741,1.00,1.00
2018.01.08 14:46:53.724,1.88708,1.88744,1.00,1.00
2018.01.08 14:46:54.261,1.88709,1.88741,1.00,1.00
2018.01.08 14:46:54.421,1.88706,1.88741,1.00,1.00
2018.01.08 14:46:55.076,1.88706,1.8874,1.00,1.00
2018.01.08 14:46:57.032,1.88706,1.88739,1.00,1.00
2018.01.08 14:46:57.623,1.88705,1.88739,1.00,1.00
2018.01.08 14:46:58.169,1.88704,1.88739,1.00,1.00
2018.01.08 14:46:58.716,1.88705,1.88739,1.00,1.00
2018.01.08 14:46:59.974,1.88706,1.88739,1.00,1.00
2018.01.08 14:47:00.523,1.88706,1.88737,1.00,1.00
2018.01.08 14:47:01.765,1.88708,1.88744,1.00,1.00
2018.01.08 14:47:01.816,1.88708,1.88742,1.75,1.00
2018.01.08 14:47:02.122,1.88707,1.8874,1.75,1.00
2018.01.08 14:47:02.174,1.88707,1.8874,1.00,1.00
2018.01.08 14:47:02.687,1.88708,1.8874,1.00,1.00
2018.01.08 14:47:02.739,1.88708,1.88738,1.00,1.00
2018.01.08 14:47:02.790,1.88706,1.8874,1.00,1.00
2018.01.08 14:47:03.120,1.88704,1.8874,1.00,1.00
2018.01.08 14:47:03.578,1.88704,1.88738,1.00,1.00
2018.01.08 14:47:04.124,1.88704,1.88739,1.00,1.00
2018.01.08 14:47:04.760,1.88704,1.88738,1.00,1.00
2018.01.08 14:47:05.281,1.88704,1.88739,1.00,1.00
2018.01.08 14:47:05.790,1.88704,1.88736,1.00,1.00
2018.01.08 14:47:05.892,1.88704,1.88738,1.00,1.00
2018.01.08 14:47:06.171,1.88706,1.88739,1.00,1.00
2018.01.08 14:47:06.325,1.88704,1.88739,1.00,1.00
2018.01.08 14:47:06.497,1.88703,1.88737,1.00,1.00
2018.01.08 14:47:06.716,1.88703,1.8874,1.00,1.00
2018.01.08 14:47:06.819,1.88706,1.8874,1.00,1.00
2018.01.08 14:47:06.922,1.88709,1.88744,1.00,1.00
2018.01.08 14:47:07.184,1.88711,1.88744,1.00,1.00
2018.01.08 14:47:07.287,1.88711,1.88746,1.00,1.00
2018.01.08 14:47:07.422,1.88705,1.88743,1.00,1.00
2018.01.08 14:47:07.577,1.88705,1.88745,1.00,1.00
2018.01.08 14:47:07.629,1.88709,1.88745,1.00,1.00
2018.01.08 14:47:08.105,1.8871,1.88743,1.00,1.00
2018.01.08 14:47:08.278,1.88707,1.88742,1.00,1.00
2018.01.08 14:47:08.330,1.88707,1.88738,1.00,1.00
2018.01.08 14:47:10.494,1.88703,1.88738,1.00,1.00
2018.01.08 14:47:11.035,1.88703,1.88737,1.00,1.00
2018.01.08 14:47:11.393,1.88703,1.88739,1.00,1.00
2018.01.08 14:47:11.811,1.88706,1.88739,1.00,1.00
2018.01.08 14:47:11.913,1.88706,1.88741,1.00,1.00
2018.01.08 14:47:12.034,1.88706,1.88739,1.00,1.00
2018.01.08 14:47:12.187,1.88705,1.88741,1.00,1.00
2018.01.08 14:47:12.289,1.88705,1.88739,1.00,1.00
2018.01.08 14:47:12.340,1.88702,1.88739,1.00,1.00
2018.01.08 14:47:12.394,1.88704,1.88739,1.00,1.00
2018.01.08 14:47:13.038,1.88703,1.88738,1.00,1.00
2018.01.08 14:47:13.712,1.88703,1.88737,1.00,1.00
2018.01.08 14:47:14.263,1.88703,1.8874,1.00,1.00
2018.01.08 14:47:14.405,1.88705,1.88739,1.00,1.00
2018.01.08 14:47:15.400,1.88705,1.88737,1.00,1.00
2018.01.08 14:47:15.553,1.88702,1.88737,1.00,1.00
2018.01.08 14:47:15.738,1.88704,1.88738,1.00,1.00
2018.01.08 14:47:16.407,1.88705,1.88738,1.00,1.00
2018.01.08 14:47:16.914,1.88705,1.88737,1.00,1.00
2018.01.08 14:47:16.965,1.88704,1.88739,1.00,1.00
2018.01.08 14:47:17.266,1.88704,1.88737,1.00,1.00
2018.01.08 14:47:17.317,1.88701,1.88737,1.00,1.00
2018.01.08 14:47:17.588,1.88703,1.88738,1.00,1.00
2018.01.08 14:47:18.311,1.887,1.88736,1.00,1.00
2018.01.08 14:47:18.492,1.88703,1.88737,1.00,1.00
2018.01.08 14:47:19.042,1.88703,1.88739,1.00,1.00
2018.01.08 14:47:19.094,1.88706,1.88749,1.00,1.00
2018.01.08 14:47:19.145,1.88708,1.88749,1.34,1.00
2018.01.08 14:47:19.455,1.8872,1.88758,1.00,1.00
2018.01.08 14:47:20.037,1.88721,1.88757,1.00,1.00
2018.01.08 14:47:20.361,1.88725,1.88761,1.00,1.00
2018.01.08 14:47:20.944,1.88725,1.88758,1.00,1.00
2018.01.08 14:47:20.996,1.88725,1.8876,1.00,1.00
2018.01.08 14:47:21.252,1.88725,1.88757,1.00,1.00
2018.01.08 14:47:21.303,1.88725,1.88759,1.00,1.00
2018.01.08 14:47:21.354,1.88725,1.88757,1.00,1.00
2018.01.08 14:47:21.405,1.88723,1.88757,1.00,1.00
2018.01.08 14:47:21.899,1.88723,1.8876,1.00,1.00
2018.01.08 14:47:22.716,1.88723,1.88759,1.00,1.00
2018.01.08 14:47:23.483,1.88723,1.88757,1.00,1.00
2018.01.08 14:47:23.779,1.88723,1.88759,1.00,1.00
2018.01.08 14:47:25.792,1.88724,1.88759,1.00,1.00
2018.01.08 14:47:26.940,1.88723,1.88759,1.00,1.00
2018.01.08 14:47:28.902,1.88725,1.88759,1.00,1.00
2018.01.08 14:47:29.037,1.88722,1.88759,1.00,1.00
2018.01.08 14:47:30.602,1.88725,1.88759,1.00,1.00
2018.01.08 14:47:30.883,1.88723,1.88759,1.00,1.00
2018.01.08 14:47:39.091,1.88722,1.88759,1.00,1.00
2018.01.08 14:47:39.355,1.88722,1.88756,1.00,1.00
2018.01.08 14:47:39.462,1.8872,1.88756,1.50,1.00
2018.01.08 14:47:40.162,1.88721,1.88756,1.00,1.00
2018.01.08 14:47:42.583,1.88721,1.88759,1.00,1.00
2018.01.08 14:47:42.685,1.88723,1.88759,1.00,1.00
2018.01.08 14:47:44.280,1.88723,1.88761,1.00,1.00
2018.01.08 14:47:45.212,1.88723,1.8876,1.00,1.00
2018.01.08 14:47:46.652,1.88723,1.88759,1.00,1.00
2018.01.08 14:47:46.703,1.88723,1.88757,1.00,1.00
2018.01.08 14:47:46.755,1.88721,1.88757,1.00,1.00
2018.01.08 14:47:46.908,1.88717,1.88752,1.00,1.00
2018.01.08 14:47:47.245,1.88706,1.88741,1.00,1.00
2018.01.08 14:47:47.347,1.88703,1.88741,1.00,1.00
2018.01.08 14:47:47.520,1.88705,1.88741,1.00,1.00
2018.01.08 14:47:48.171,1.88703,1.8874,1.00,1.00
2018.01.08 14:47:48.657,1.88706,1.88742,1.00,1.00
2018.01.08 14:47:48.958,1.88708,1.88742,1.00,1.00
2018.01.08 14:47:49.171,1.88704,1.88742,1.00,1.00
2018.01.08 14:47:49.692,1.88705,1.88742,1.00,1.00
2018.01.08 14:47:50.066,1.88703,1.88742,1.00,1.00
2018.01.08 14:47:50.168,1.88703,1.8874,1.00,1.00
2018.01.08 14:47:50.821,1.88703,1.8874,1.34,1.00
2018.01.08 14:47:51.046,1.88715,1.88753,1.00,1.00
2018.01.08 14:47:51.760,1.88716,1.88753,1.00,1.00
2018.01.08 14:47:52.420,1.88713,1.8875,1.00,1.00
2018.01.08 14:47:52.475,1.88713,1.88752,1.00,1.00
2018.01.08 14:47:52.527,1.88711,1.8875,1.00,1.00
2018.01.08 14:47:53.132,1.88709,1.8875,1.00,1.00
2018.01.08 14:47:53.244,1.88713,1.88753,1.00,1.00
2018.01.08 14:47:53.592,1.88709,1.88744,1.00,1.00
2018.01.08 14:47:54.725,1.88709,1.88746,1.00,1.00
2018.01.08 14:47:55.493,1.88709,1.88745,1.00,1.00
2018.01.08 14:47:56.344,1.88709,1.88751,1.50,1.00
2018.01.08 14:47:56.446,1.8871,1.88753,1.00,1.50
2018.01.08 14:47:56.997,1.8871,1.88754,1.50,1.00
2018.01.08 14:47:57.049,1.88715,1.88755,1.00,1.00
2018.01.08 14:47:57.100,1.88715,1.88757,1.00,1.50
2018.01.08 14:47:57.701,1.88716,1.88757,1.00,1.00
2018.01.08 14:47:58.043,1.88727,1.88765,1.00,1.00
2018.01.08 14:47:58.146,1.88732,1.88772,1.00,1.00
2018.01.08 14:47:58.249,1.88728,1.8877,1.00,1.00
2018.01.08 14:47:58.300,1.88726,1.88767,1.00,1.00
2018.01.08 14:47:58.352,1.88728,1.88771,1.00,1.00
2018.01.08 14:47:58.455,1.88724,1.88767,1.00,1.00
2018.01.08 14:47:58.609,1.88726,1.8877,1.00,1.00
2018.01.08 14:47:58.986,1.88732,1.88773,1.00,1.00
2018.01.08 14:47:59.342,1.88732,1.88776,1.00,1.00
2018.01.08 14:47:59.954,1.88734,1.88775,1.00,1.00
2018.01.08 14:48:00.497,1.88733,1.88775,1.00,1.00
2018.01.08 14:48:01.108,1.88732,1.88774,1.00,1.00
2018.01.08 14:48:02.048,1.88732,1.88775,1.00,1.00
2018.01.08 14:48:02.612,1.88731,1.88774,1.00,1.50
2018.01.08 14:48:03.429,1.88732,1.88774,1.00,1.50
2018.01.08 14:48:03.973,1.88731,1.88774,1.00,1.50
2018.01.08 14:48:04.718,1.88731,1.88773,1.00,1.00
2018.01.08 14:48:05.055,1.88724,1.88766,1.00,1.00
2018.01.08 14:48:06.100,1.88724,1.88765,1.00,1.00
2018.01.08 14:48:06.614,1.88725,1.88766,1.00,1.00
2018.01.08 14:48:06.693,1.88724,1.88768,1.00,1.00
2018.01.08 14:48:07.020,1.88725,1.88766,1.00,1.00
2018.01.08 14:48:07.123,1.88723,1.88767,1.00,1.00
2018.01.08 14:48:07.422,1.88724,1.88765,1.00,1.00
2018.01.08 14:48:07.719,1.88725,1.88767,1.00,1.00
2018.01.08 14:48:08.237,1.88726,1.88768,1.00,1.00
2018.01.08 14:48:08.367,1.88724,1.88768,1.00,1.50
2018.01.08 14:48:08.418,1.88725,1.88766,1.00,1.00
2018.01.08 14:48:08.801,1.88723,1.88766,1.50,1.00
2018.01.08 14:48:09.191,1.88723,1.88764,1.00,1.00
2018.01.08 14:48:09.411,1.88721,1.88764,1.00,1.50
2018.01.08 14:48:09.792,1.88723,1.88762,1.00,1.00
2018.01.08 14:48:10.306,1.88722,1.88762,1.00,1.00
2018.01.08 14:48:10.581,1.88723,1.88765,1.00,1.00
2018.01.08 14:48:10.683,1.88725,1.88765,1.00,1.00
2018.01.08 14:48:11.276,1.88725,1.88766,1.00,1.50
2018.01.08 14:48:11.920,1.88725,1.88765,1.00,1.00
2018.01.08 14:48:12.472,1.88725,1.88766,1.00,1.50
2018.01.08 14:48:12.826,1.88728,1.88768,1.00,1.00
2018.01.08 14:48:13.319,1.88731,1.88768,1.00,1.00
2018.01.08 14:48:13.474,1.88729,1.88768,1.00,1.00
2018.01.08 14:48:13.627,1.88735,1.88776,1.00,1.50
2018.01.08 14:48:13.730,1.88738,1.88778,1.00,1.00
2018.01.08 14:48:13.832,1.88738,1.8878,1.00,1.00
2018.01.08 14:48:14.493,1.88737,1.88779,1.00,1.00
2018.01.08 14:48:15.157,1.88737,1.88778,1.00,1.00
2018.01.08 14:48:15.259,1.88737,1.88776,1.00,1.00
2018.01.08 14:48:15.310,1.88734,1.88776,1.50,1.00
2018.01.08 14:48:15.529,1.88736,1.88776,1.00,1.00
2018.01.08 14:48:16.114,1.88735,1.88776,1.00,1.50
2018.01.08 14:48:16.604,1.88732,1.88773,1.00,1.00
2018.01.08 14:48:16.769,1.8873,1.88772,1.50,1.00
2018.01.08 14:48:18.544,1.88729,1.8877,1.00,1.00
2018.01.08 14:48:18.595,1.88727,1.8877,1.50,1.00
2018.01.08 14:48:18.899,1.88727,1.88768,1.50,1.00
2018.01.08 14:48:19.204,1.88729,1.8877,1.00,1.00
2018.01.08 14:48:22.634,1.88733,1.88773,1.00,1.00
2018.01.08 14:48:22.787,1.88736,1.88777,1.00,1.50
2018.01.08 14:48:23.214,1.88734,1.88775,1.00,1.00
2018.01.08 14:48:23.265,1.88731,1.88774,1.50,1.00
2018.01.08 14:48:24.141,1.8873,1.8877,1.00,1.00
2018.01.08 14:48:24.308,1.88728,1.8877,1.00,1.00
2018.01.08 14:48:24.844,1.88727,1.8877,1.50,1.00
2018.01.08 14:48:24.898,1.8873,1.88771,1.00,1.50
2018.01.08 14:48:25.392,1.88727,1.8877,1.50,1.00
2018.01.08 14:48:27.074,1.88727,1.88768,1.00,1.00
2018.01.08 14:48:27.381,1.88724,1.88765,1.00,1.00
2018.01.08 14:48:27.534,1.88722,1.88766,1.50,1.00
2018.01.08 14:48:29.119,1.88722,1.88765,1.00,1.00
2018.01.08 14:48:30.633,1.88721,1.88765,1.50,1.00
2018.01.08 14:48:30.837,1.88723,1.88766,1.00,1.50
2018.01.08 14:48:32.430,1.88723,1.88765,1.00,1.00
2018.01.08 14:48:32.765,1.88722,1.88763,1.00,1.00
2018.01.08 14:48:33.332,1.8872,1.88763,1.00,1.50
2018.01.08 14:48:34.189,1.88722,1.88764,1.00,1.00
2018.01.08 14:48:37.465,1.88723,1.88764,1.00,1.00
2018.01.08 14:48:39.124,1.88723,1.88763,1.00,1.00
2018.01.08 14:48:39.291,1.88723,1.88766,1.00,1.50
2018.01.08 14:48:39.733,1.88725,1.88766,1.00,1.00
2018.01.08 14:48:41.257,1.88724,1.88765,1.00,1.00
2018.01.08 14:48:41.577,1.88728,1.8877,1.00,1.50
2018.01.08 14:48:41.629,1.88733,1.88775,1.50,1.00
2018.01.08 14:48:42.047,1.88733,1.88772,1.00,1.00
2018.01.08 14:48:42.201,1.88729,1.88771,1.00,1.00
2018.01.08 14:48:42.253,1.88729,1.88767,1.00,1.00
2018.01.08 14:48:42.356,1.88733,1.88773,1.00,1.00
2018.01.08 14:48:42.458,1.88735,1.88773,1.00,1.00
2018.01.08 14:48:42.510,1.88735,1.88775,1.00,1.00
2018.01.08 14:48:42.562,1.88735,1.88772,1.00,1.00
2018.01.08 14:48:42.716,1.88732,1.88772,1.00,1.00
2018.01.08 14:48:43.989,1.8873,1.88771,1.00,1.00
2018.01.08 14:48:44.700,1.8873,1.8877,1.00,1.00
2018.01.08 14:48:45.246,1.88729,1.88769,1.00,1.00
2018.01.08 14:48:45.400,1.88727,1.8877,1.50,1.50
2018.01.08 14:48:46.356,1.88727,1.88771,1.50,1.50
2018.01.08 14:48:46.407,1.88729,1.88771,1.00,1.50
2018.01.08 14:48:47.589,1.8873,1.88771,1.00,1.00
2018.01.08 14:48:48.091,1.8873,1.88772,1.00,1.00
2018.01.08 14:48:48.542,1.88732,1.88772,1.00,1.00
2018.01.08 14:48:48.594,1.88732,1.88774,1.50,1.00
2018.01.08 14:48:48.955,1.88733,1.88777,1.50,1.00
2018.01.08 14:48:51.691,1.88734,1.88775,1.00,1.00
2018.01.08 14:48:52.016,1.88732,1.88773,1.00,1.00
2018.01.08 14:48:53.264,1.8873,1.88772,1.00,1.00
2018.01.08 14:48:53.718,1.88735,1.88776,1.00,1.00
2018.01.08 14:48:54.024,1.88737,1.88776,1.00,1.00
2018.01.08 14:48:54.266,1.88738,1.88781,1.00,1.00
2018.01.08 14:48:54.317,1.88739,1.88783,1.50,1.50
2018.01.08 14:48:54.420,1.88739,1.88781,1.00,1.00
2018.01.08 14:48:54.953,1.88739,1.8878,1.00,1.00
2018.01.08 14:48:55.305,1.88748,1.88783,1.00,1.00
2018.01.08 14:48:55.356,1.88748,1.8879,1.50,1.00
2018.01.08 14:48:55.458,1.88744,1.88785,1.00,1.00
2018.01.08 14:48:55.510,1.8874,1.88784,1.00,1.50
2018.01.08 14:48:55.561,1.8874,1.88782,1.00,1.00
2018.01.08 14:48:56.087,1.8874,1.88784,1.00,1.50
2018.01.08 14:48:56.616,1.88741,1.88784,1.00,1.00
2018.01.08 14:48:57.367,1.88747,1.88786,1.00,1.00
2018.01.08 14:48:57.469,1.88747,1.88788,1.00,1.00
2018.01.08 14:48:57.521,1.88747,1.8879,1.00,1.00
2018.01.08 14:48:59.284,1.88746,1.88788,1.00,1.50
2018.01.08 14:48:59.722,1.88749,1.8879,1.50,1.00
2018.01.08 14:49:00.258,1.88752,1.88795,1.50,1.12
2018.01.08 14:49:00.412,1.88755,1.88794,1.00,1.00
2018.01.08 14:49:00.787,1.88752,1.88794,1.00,1.50
2018.01.08 14:49:02.036,1.88753,1.88794,1.00,1.87
2018.01.08 14:49:02.242,1.88751,1.88792,1.00,1.00
2018.01.08 14:49:02.461,1.88749,1.88791,1.50,1.00
2018.01.08 14:49:02.666,1.88752,1.88792,1.00,1.00
2018.01.08 14:49:03.071,1.88752,1.88795,1.50,1.00
2018.01.08 14:49:03.123,1.88755,1.88796,1.00,1.50
2018.01.08 14:49:05.252,1.88753,1.88794,1.37,1.00
2018.01.08 14:49:05.507,1.88752,1.88794,1.00,1.00
2018.01.08 14:49:06.194,1.88752,1.88795,1.50,1.00
2018.01.08 14:49:06.654,1.88752,1.88793,1.50,1.00
2018.01.08 14:49:07.445,1.88752,1.88795,1.50,1.00
2018.01.08 14:49:09.021,1.88752,1.88793,1.50,1.00
2018.01.08 14:49:09.569,1.88753,1.88793,1.00,1.00
2018.01.08 14:49:09.733,1.88752,1.88795,1.00,1.50
2018.01.08 14:49:10.498,1.88751,1.88794,1.00,1.50
2018.01.08 14:49:11.055,1.88752,1.88794,1.50,1.00
2018.01.08 14:49:13.880,1.88753,1.88794,1.00,1.50
2018.01.08 14:49:15.847,1.88752,1.88792,1.00,1.00
2018.01.08 14:49:16.194,1.88751,1.8879,1.00,1.00
2018.01.08 14:49:16.703,1.8875,1.8879,1.00,1.00
2018.01.08 14:49:16.855,1.8875,1.88793,1.50,1.00
2018.01.08 14:49:17.112,1.8875,1.88791,1.00,1.00
2018.01.08 14:49:18.386,1.88751,1.88791,1.00,1.00
2018.01.08 14:49:18.438,1.88751,1.88793,1.00,1.00
2018.01.08 14:49:20.747,1.88751,1.88794,1.00,1.50
2018.01.08 14:49:20.849,1.8875,1.8879,1.00,1.00
2018.01.08 14:49:23.451,1.88751,1.8879,1.00,1.00
2018.01.08 14:49:23.967,1.88751,1.88793,1.50,1.00
2018.01.08 14:49:26.352,1.88751,1.88794,1.50,1.50
2018.01.08 14:49:26.539,1.88751,1.8879,1.00,1.00
2018.01.08 14:49:27.933,1.88753,1.88794,1.00,1.00
2018.01.08 14:49:28.317,1.88755,1.88796,1.00,1.00
2018.01.08 14:49:33.412,1.88754,1.88795,1.00,1.00
2018.01.08 14:49:33.937,1.88754,1.88794,1.00,1.00
2018.01.08 14:49:37.856,1.88753,1.88794,1.00,1.00
2018.01.08 14:49:38.380,1.88752,1.88794,1.00,1.00
2018.01.08 14:49:40.047,1.88751,1.88794,1.50,1.00
2018.01.08 14:49:40.372,1.88753,1.88794,1.00,1.00
2018.01.08 14:49:40.955,1.88752,1.88792,1.00,1.00
2018.01.08 14:49:41.474,1.88751,1.88792,1.50,1.00
2018.01.08 14:49:42.647,1.88751,1.88794,1.50,1.00
2018.01.08 14:49:43.008,1.88753,1.88793,1.00,1.00
2018.01.08 14:49:43.734,1.88753,1.88794,1.50,1.00
2018.01.08 14:49:44.064,1.88755,1.88795,1.00,1.00
2018.01.08 14:49:44.689,1.88755,1.88796,1.00,1.00
2018.01.08 14:49:44.894,1.88752,1.88795,1.50,1.00
2018.01.08 14:49:45.057,1.88754,1.88797,1.00,1.87
2018.01.08 14:49:45.589,1.88756,1.88797,1.00,1.87
2018.01.08 14:49:48.065,1.88755,1.88796,1.00,1.00
2018.01.08 14:49:48.722,1.88755,1.88798,1.00,1.37
2018.01.08 14:49:49.282,1.88755,1.88798,1.50,1.00
2018.01.08 14:49:49.646,1.88758,1.88799,1.00,1.12
2018.01.08 14:49:50.694,1.88758,1.88799,1.00,1.37
2018.01.08 14:49:50.797,1.88756,1.88798,1.00,1.12
2018.01.08 14:49:51.423,1.88758,1.88799,1.00,1.00
2018.01.08 14:49:57.636,1.88758,1.88797,1.00,1.00
2018.01.08 14:49:58.749,1.88757,1.88797,1.00,1.00
2018.01.08 14:49:59.075,1.88753,1.88794,1.50,1.00
2018.01.08 14:49:59.658,1.88754,1.88794,1.00,1.00
2018.01.08 14:50:00.003,1.88754,1.88796,1.50,1.00
2018.01.08 14:50:01.475,1.88756,1.88796,1.00,1.00
2018.01.08 14:50:01.577,1.88763,1.88804,1.00,1.50
2018.01.08 14:50:01.681,1.88765,1.88806,1.00,1.00
2018.01.08 14:50:01.732,1.88765,1.88808,1.50,1.50
2018.01.08 14:50:02.222,1.88764,1.88803,1.00,1.00
2018.01.08 14:50:02.276,1.88771,1.88812,1.00,1.00
2018.01.08 14:50:02.587,1.88772,1.88815,1.50,1.50
2018.01.08 14:50:02.639,1.88772,1.88815,1.50,2.25
2018.01.08 14:50:04.088,1.8877,1.88813,1.50,1.37
2018.01.08 14:50:04.738,1.88771,1.8881,1.00,1.00
2018.01.08 14:50:04.790,1.88767,1.88806,1.00,1.00
2018.01.08 14:50:04.843,1.88763,1.88804,1.00,1.00
2018.01.08 14:50:05.112,1.88768,1.88808,1.00,1.37
2018.01.08 14:50:05.320,1.88765,1.88806,1.00,1.00
2018.01.08 14:50:06.392,1.88765,1.88803,1.00,1.00
2018.01.08 14:50:07.640,1.8877,1.88806,1.00,1.00
2018.01.08 14:50:07.955,1.88773,1.88806,1.00,1.00
2018.01.08 14:50:08.530,1.88771,1.88806,1.00,1.00
2018.01.08 14:50:11.213,1.8877,1.88806,1.00,1.00
2018.01.08 14:50:13.309,1.88769,1.88803,1.00,1.00
2018.01.08 14:50:14.294,1.88767,1.88803,1.00,1.00
2018.01.08 14:50:14.497,1.88767,1.88801,1.00,1.00
2018.01.08 14:50:15.300,1.88767,1.88802,1.00,1.00
2018.01.08 14:50:15.962,1.88767,1.88801,1.00,1.00
2018.01.08 14:50:18.323,1.88768,1.88801,1.00,1.00
2018.01.08 14:50:18.425,1.88768,1.88803,1.00,1.00
2018.01.08 14:50:18.706,1.88767,1.888,1.00,1.00
2018.01.08 14:50:20.150,1.88768,1.88804,1.00,1.00
2018.01.08 14:50:20.201,1.8877,1.88805,1.00,1.00
2018.01.08 14:50:20.523,1.88777,1.88812,1.00,1.12
2018.01.08 14:50:21.130,1.88777,1.88813,1.00,1.00
2018.01.08 14:50:21.621,1.88777,1.88816,1.00,1.12
2018.01.08 14:50:22.157,1.88778,1.88811,1.00,1.12
2018.01.08 14:50:22.585,1.88778,1.88809,1.00,1.00
2018.01.08 14:50:22.899,1.88778,1.88807,1.00,1.00
2018.01.08 14:50:22.951,1.88778,1.8881,1.00,1.00
2018.01.08 14:50:23.342,1.88776,1.8881,1.00,1.00
2018.01.08 14:50:23.394,1.88776,1.88808,1.00,1.00
2018.01.08 14:50:23.699,1.88776,1.88806,1.00,1.00
2018.01.08 14:50:24.170,1.88776,1.88808,1.00,1.00
2018.01.08 14:50:24.720,1.88776,1.8881,1.00,1.00
2018.01.08 14:50:25.639,1.88776,1.88808,1.00,1.00
2018.01.08 14:50:25.881,1.88776,1.8881,1.00,1.00
2018.01.08 14:50:27.333,1.88777,1.8881,1.00,1.00
2018.01.08 14:50:29.424,1.88776,1.8881,1.00,1.00
2018.01.08 14:50:29.770,1.88778,1.8881,1.00,1.00
2018.01.08 14:50:30.369,1.88777,1.8881,1.00,1.00
2018.01.08 14:50:32.199,1.88781,1.8881,1.00,1.00
2018.01.08 14:50:32.251,1.8878,1.88812,1.00,1.00
2018.01.08 14:50:32.782,1.88779,1.88813,1.00,1.00
2018.01.08 14:50:33.504,1.88781,1.88813,1.00,1.00
2018.01.08 14:50:33.714,1.88781,1.88815,1.00,1.00
2018.01.08 14:50:37.429,1.8878,1.88815,1.00,1.00
2018.01.08 14:50:39.809,1.8878,1.88812,1.00,1.00
2018.01.08 14:50:40.667,1.88771,1.88812,1.00,1.00
2018.01.08 14:50:41.249,1.8877,1.88811,1.50,1.00
2018.01.08 14:50:42.070,1.88771,1.88812,1.00,1.00
2018.01.08 14:50:45.800,1.88773,1.88812,1.00,1.00
2018.01.08 14:50:46.276,1.88773,1.88814,1.00,1.00
2018.01.08 14:50:48.060,1.88773,1.88815,1.00,1.00
2018.01.08 14:50:48.566,1.88772,1.88815,1.00,1.50
2018.01.08 14:50:51.365,1.88772,1.88814,1.00,1.00
2018.01.08 14:50:51.417,1.88771,1.88812,1.00,1.50
2018.01.08 14:50:52.151,1.88771,1.88811,1.00,1.00
2018.01.08 14:50:52.202,1.88769,1.8881,1.00,1.00
2018.01.08 14:50:53.882,1.88777,1.88815,1.00,1.00
2018.01.08 14:50:53.934,1.88779,1.8882,1.00,1.00
2018.01.08 14:50:53.986,1.88776,1.88818,1.00,1.00
2018.01.08 14:50:54.038,1.88779,1.8882,1.50,1.00
2018.01.08 14:50:54.089,1.88779,1.88822,2.25,1.00
2018.01.08 14:50:54.722,1.8878,1.88823,1.37,1.50
2018.01.08 14:50:54.882,1.8878,1.88823,1.00,1.50
2018.01.08 14:50:55.782,1.8878,1.88822,1.00,1.00
2018.01.08 14:50:56.471,1.8878,1.88823,1.12,1.50
2018.01.08 14:50:57.240,1.8878,1.88822,1.87,1.00
2018.01.08 14:50:57.790,1.8878,1.88823,1.12,1.00
2018.01.08 14:50:57.894,1.8878,1.8882,1.00,1.00
2018.01.08 14:50:58.111,1.88778,1.8882,1.00,1.00
2018.01.08 14:50:58.238,1.88776,1.88817,1.00,1.00
2018.01.08 14:51:01.610,1.88777,1.88818,1.00,1.00
2018.01.08 14:51:02.294,1.88776,1.88818,1.50,1.00
2018.01.08 14:51:02.644,1.88779,1.8882,1.00,1.00
2018.01.08 14:51:03.239,1.88778,1.88819,1.00,1.00
2018.01.08 14:51:03.763,1.88778,1.88818,1.00,1.00
2018.01.08 14:51:04.342,1.88779,1.88818,1.00,1.00
2018.01.08 14:51:04.875,1.88779,1.88822,1.50,1.00
2018.01.08 14:51:07.066,1.88782,1.88823,1.00,1.00
2018.01.08 14:51:08.324,1.8878,1.88823,1.00,1.50
2018.01.08 14:51:08.714,1.88779,1.8882,1.00,1.00
2018.01.08 14:51:08.818,1.88772,1.88815,1.12,1.50
2018.01.08 14:51:09.074,1.8877,1.88813,1.87,1.00
2018.01.08 14:51:09.418,1.88772,1.88814,1.00,1.00
2018.01.08 14:51:10.017,1.88773,1.88814,1.00,1.50
2018.01.08 14:51:10.347,1.88771,1.88812,1.00,1.00
2018.01.08 14:51:11.146,1.88768,1.8881,1.00,1.00
2018.01.08 14:51:12.031,1.88772,1.88813,1.00,1.00
2018.01.08 14:51:12.238,1.88773,1.88815,1.00,1.50
2018.01.08 14:51:12.784,1.8877,1.88813,1.00,1.50
2018.01.08 14:51:13.372,1.88769,1.88812,1.50,1.00
2018.01.08 14:51:13.546,1.88767,1.88808,1.00,1.00
2018.01.08 14:51:14.120,1.88766,1.88808,1.00,1.50
2018.01.08 14:51:15.003,1.88769,1.88809,1.00,1.00
2018.01.08 14:51:15.187,1.88771,1.88812,1.00,1.00
2018.01.08 14:51:15.666,1.88769,1.88811,1.00,1.00
2018.01.08 14:51:16.125,1.88768,1.88809,1.00,1.00
2018.01.08 14:51:16.432,1.88767,1.88807,1.00,1.00
2018.01.08 14:51:17.357,1.88766,1.88807,1.50,1.00
2018.01.08 14:51:18.380,1.88765,1.88807,2.25,1.00
2018.01.08 14:51:19.246,1.8876,1.88803,1.50,1.00
2018.01.08 14:51:19.552,1.88758,1.888,1.00,1.00
2018.01.08 14:51:20.089,1.88757,1.88799,1.00,1.00
2018.01.08 14:51:21.067,1.88756,1.88799,1.50,1.50
2018.01.08 14:51:22.676,1.88756,1.88797,1.50,1.00
2018.01.08 14:51:23.177,1.88756,1.88796,1.00,1.00
2018.01.08 14:51:23.279,1.88753,1.88795,1.00,1.00
2018.01.08 14:51:24.479,1.88755,1.88795,1.00,1.00
2018.01.08 14:51:25.790,1.88754,1.88795,1.00,1.00
2018.01.08 14:51:26.036,1.88754,1.88797,1.50,1.00
2018.01.08 14:51:26.558,1.88754,1.88793,1.00,1.00
2018.01.08 14:51:28.249,1.88753,1.88793,1.00,1.00
2018.01.08 14:51:28.351,1.88751,1.88793,1.00,1.00
2018.01.08 14:51:28.727,1.88753,1.88794,1.00,1.50
2018.01.08 14:51:29.564,1.88752,1.88794,1.00,1.50
2018.01.08 14:51:31.118,1.88751,1.88794,1.00,1.50
2018.01.08 14:51:31.927,1.88752,1.88794,1.50,1.50
2018.01.08 14:51:34.350,1.88753,1.88794,1.00,1.00
2018.01.08 14:51:34.544,1.88753,1.88796,1.00,1.00
2018.01.08 14:51:37.497,1.88758,1.88798,1.00,1.00
2018.01.08 14:51:37.549,1.88755,1.88798,1.00,1.00
2018.01.08 14:51:37.689,1.88755,1.88796,1.00,1.00
2018.01.08 14:51:38.177,1.88758,1.88799,1.00,1.00
2018.01.08 14:51:38.555,1.88761,1.88802,1.00,1.00
2018.01.08 14:51:38.852,1.88758,1.888,1.00,1.00
2018.01.08 14:51:39.898,1.88757,1.88798,1.00,1.00
2018.01.08 14:51:40.204,1.88754,1.88798,1.50,1.50
2018.01.08 14:51:41.107,1.88754,1.88798,2.25,1.50
2018.01.08 14:51:41.551,1.88754,1.88798,1.50,1.50
2018.01.08 14:51:41.603,1.88754,1.88795,1.50,1.50
2018.01.08 14:51:42.841,1.8876,1.88798,1.00,1.00
2018.01.08 14:51:42.892,1.88761,1.88802,1.00,1.50
2018.01.08 14:51:45.625,1.8876,1.888,1.00,1.00
2018.01.08 14:51:46.392,1.88759,1.888,1.00,1.00
2018.01.08 14:51:48.733,1.8876,1.88803,1.00,1.50
2018.01.08 14:51:49.656,1.88757,1.88796,1.00,1.00
2018.01.08 14:51:49.759,1.88754,1.88796,1.00,1.50
2018.01.08 14:51:50.671,1.88758,1.88799,1.00,1.00
2018.01.08 14:51:50.876,1.88761,1.88803,1.50,1.00
2018.01.08 14:51:51.171,1.88761,1.888,1.00,1.00
2018.01.08 14:51:51.488,1.88763,1.888,1.00,1.00
2018.01.08 14:51:51.591,1.88763,1.88803,1.37,1.00
2018.01.08 14:51:51.642,1.88765,1.88806,1.12,1.00
2018.01.08 14:51:51.956,1.88764,1.88804,1.37,1.00
2018.01.08 14:51:52.229,1.88763,1.88804,1.00,1.00
2018.01.08 14:51:52.280,1.88766,1.88806,1.00,1.00
2018.01.08 14:51:52.826,1.88764,1.88806,1.00,1.00
2018.01.08 14:51:53.078,1.88763,1.88804,1.00,1.50
2018.01.08 14:51:53.180,1.88761,1.88803,1.50,1.00
2018.01.08 14:51:53.454,1.88761,1.88801,1.00,1.00
2018.01.08 14:51:53.827,1.88762,1.88803,1.00,1.00
2018.01.08 14:51:54.438,1.88762,1.88802,1.00,1.00
2018.01.08 14:51:54.673,1.88759,1.88801,1.00,1.00
2018.01.08 14:51:54.776,1.88763,1.88804,1.00,1.50
2018.01.08 14:51:55.681,1.88761,1.88804,1.50,1.50
2018.01.08 14:51:55.783,1.88763,1.88804,1.00,1.00
2018.01.08 14:51:57.231,1.88764,1.88806,1.50,1.00
2018.01.08 14:51:57.425,1.88765,1.88808,1.00,1.50
2018.01.08 14:51:58.245,1.88766,1.88809,1.00,1.50
2018.01.08 14:51:58.762,1.88765,1.88808,1.50,1.00
2018.01.08 14:51:59.390,1.88764,1.88807,1.00,1.50
2018.01.08 14:51:59.857,1.88766,1.88807,1.00,1.50
2018.01.08 14:52:00.767,1.88768,1.88809,1.00,1.00
2018.01.08 14:52:01.058,1.88771,1.88814,1.50,1.50
2018.01.08 14:52:01.160,1.88771,1.88812,1.50,1.00
2018.01.08 14:52:01.518,1.88774,1.88813,1.00,1.00
2018.01.08 14:52:01.569,1.88774,1.88815,1.00,1.50
2018.01.08 14:52:02.082,1.88774,1.88814,1.00,1.00
2018.01.08 14:52:02.938,1.88774,1.88813,1.00,1.00
2018.01.08 14:52:03.173,1.88774,1.88811,1.00,1.00
2018.01.08 14:52:03.224,1.88771,1.88811,1.00,1.00
2018.01.08 14:52:03.752,1.88769,1.8881,1.00,1.00
2018.01.08 14:52:04.274,1.88769,1.88809,1.00,1.00
2018.01.08 14:52:05.056,1.88768,1.88809,1.00,1.50
2018.01.08 14:52:05.619,1.88766,1.88809,1.00,1.50
2018.01.08 14:52:06.789,1.88766,1.88808,1.00,1.00
2018.01.08 14:52:07.095,1.88774,1.88813,1.00,1.00
2018.01.08 14:52:07.147,1.8877,1.8881,1.00,1.00
2018.01.08 14:52:07.198,1.8877,1.88808,1.00,1.00
2018.01.08 14:52:07.300,1.88765,1.88807,1.00,1.00
2018.01.08 14:52:07.873,1.88765,1.88806,1.00,1.00
2018.01.08 14:52:08.825,1.88765,1.88804,1.00,1.00
2018.01.08 14:52:08.876,1.88765,1.88806,1.00,1.00
2018.01.08 14:52:10.192,1.88765,1.88804,1.00,1.00
2018.01.08 14:52:10.244,1.88763,1.88803,1.00,1.00
2018.01.08 14:52:10.784,1.88762,1.88803,1.00,1.00
2018.01.08 14:52:11.324,1.88762,1.88802,1.00,1.00
2018.01.08 14:52:11.749,1.88762,1.88799,1.00,1.00
2018.01.08 14:52:11.802,1.88758,1.88798,1.00,1.00
2018.01.08 14:52:12.422,1.88757,1.88798,1.00,1.00
2018.01.08 14:52:13.201,1.88757,1.88799,1.00,1.50
2018.01.08 14:52:13.572,1.88761,1.88799,1.00,1.00
2018.01.08 14:52:13.623,1.88765,1.88805,1.00,1.00
2018.01.08 14:52:14.137,1.88764,1.88805,1.00,1.00
2018.01.08 14:52:14.477,1.88766,1.88807,1.50,1.00
2018.01.08 14:52:14.782,1.88769,1.8881,1.50,1.00
2018.01.08 14:52:15.109,1.88765,1.88806,1.00,1.50
2018.01.08 14:52:15.656,1.88763,1.88806,1.50,1.00
2018.01.08 14:52:16.963,1.88765,1.88806,1.00,1.00
2018.01.08 14:52:17.028,1.88763,1.88807,1.50,1.50
2018.01.08 14:52:17.079,1.88762,1.88803,1.00,1.00
2018.01.08 14:52:17.425,1.8876,1.888,1.00,1.00
2018.01.08 14:52:17.579,1.88761,1.88802,1.00,1.00
2018.01.08 14:52:18.494,1.8876,1.888,1.00,1.00
2018.01.08 14:52:19.840,1.8876,1.88802,1.50,1.00
2018.01.08 14:52:21.228,1.8876,1.88801,1.50,1.00
2018.01.08 14:52:21.741,1.8876,1.888,1.00,1.00
2018.01.08 14:52:24.915,1.8876,1.88801,1.50,1.00
2018.01.08 14:52:26.389,1.88761,1.88801,1.00,1.00
2018.01.08 14:52:26.726,1.88761,1.88803,1.00,1.00
2018.01.08 14:52:28.434,1.8878,1.88804,1.00,1.00
2018.01.08 14:52:28.493,1.88775,1.88804,1.00,1.00
2018.01.08 14:52:28.544,1.88778,1.88817,1.00,1.00
2018.01.08 14:52:28.596,1.88776,1.88817,1.00,1.00
2018.01.08 14:52:28.647,1.88776,1.88813,1.00,1.00
2018.01.08 14:52:28.698,1.88771,1.8881,1.12,1.00
2018.01.08 14:52:28.800,1.88769,1.88809,1.00,1.00
2018.01.08 14:52:30.317,1.88769,1.88808,1.00,1.00
2018.01.08 14:52:30.368,1.8877,1.8881,1.00,1.00
2018.01.08 14:52:30.727,1.8877,1.88808,1.00,1.00
2018.01.08 14:52:31.269,1.8877,1.88807,1.00,1.00
2018.01.08 14:52:31.371,1.88767,1.88806,1.00,1.00
2018.01.08 14:52:34.089,1.88765,1.88806,1.00,1.00
2018.01.08 14:52:35.474,1.88771,1.88806,1.00,1.00
2018.01.08 14:52:35.525,1.88771,1.88811,1.00,1.00
2018.01.08 14:52:36.050,1.8877,1.8881,1.00,1.00
2018.01.08 14:52:36.393,1.88769,1.88808,1.00,1.00
2018.01.08 14:52:36.621,1.88767,1.88808,1.00,1.50
2018.01.08 14:52:36.760,1.88769,1.88808,1.00,1.00
2018.01.08 14:52:36.812,1.88766,1.88807,1.50,1.00
2018.01.08 14:52:38.361,1.88767,1.88807,1.00,1.00
2018.01.08 14:52:38.988,1.88766,1.88807,1.50,1.50
2018.01.08 14:52:39.608,1.88767,1.88807,1.00,1.00
2018.01.08 14:52:40.131,1.88766,1.88807,1.00,1.50
2018.01.08 14:52:40.721,1.88763,1.88804,1.00,1.50
2018.01.08 14:52:42.208,1.88764,1.88805,1.00,1.00
2018.01.08 14:52:43.712,1.88765,1.88803,1.00,1.00
2018.01.08 14:52:43.763,1.88763,1.88803,1.00,1.00
2018.01.08 14:52:44.380,1.88763,1.88804,1.00,1.00
2018.01.08 14:52:44.708,1.88761,1.88803,1.00,1.00
2018.01.08 14:52:44.759,1.88761,1.888,1.00,1.00
2018.01.08 14:52:45.131,1.88759,1.888,1.00,1.00
2018.01.08 14:52:45.966,1.88759,1.88802,2.25,1.00
2018.01.08 14:52:46.017,1.88768,1.88808,1.00,1.00
2018.01.08 14:52:46.068,1.88768,1.88805,1.00,1.00
2018.01.08 14:52:46.120,1.88769,1.8881,1.00,1.00
2018.01.08 14:52:46.172,1.88771,1.88813,1.00,1.00
2018.01.08 14:52:46.390,1.8877,1.8881,1.00,1.00
2018.01.08 14:52:46.911,1.88769,1.8881,1.50,1.00
2018.01.08 14:52:47.292,1.88791,1.88813,1.00,1.00
2018.01.08 14:52:47.431,1.88783,1.88822,1.00,1.00
2018.01.08 14:52:47.483,1.88785,1.88825,1.00,1.00
2018.01.08 14:52:47.833,1.88786,1.88827,1.00,1.00
2018.01.08 14:52:48.386,1.88787,1.88829,1.00,1.00
2018.01.08 14:52:48.437,1.88787,1.88826,1.00,1.00
2018.01.08 14:52:48.574,1.88788,1.88828,1.00,1.00
2018.01.08 14:52:48.760,1.88786,1.88828,1.00,1.00
2018.01.08 14:52:50.207,1.88788,1.88828,1.00,1.00
2018.01.08 14:52:50.651,1.88788,1.8883,1.00,1.00
2018.01.08 14:52:50.703,1.88792,1.88833,1.00,1.00
2018.01.08 14:52:51.020,1.88794,1.88835,1.00,1.50
2018.01.08 14:52:51.401,1.88792,1.88833,1.00,1.00
2018.01.08 14:52:52.294,1.88793,1.88834,1.00,1.50
2018.01.08 14:52:52.608,1.88798,1.88836,1.00,1.00
2018.01.08 14:52:52.711,1.88807,1.88846,1.09,1.00
2018.01.08 14:52:52.762,1.88809,1.8885,1.50,1.00
2018.01.08 14:52:52.814,1.88816,1.88852,1.00,1.00
2018.01.08 14:52:52.866,1.88813,1.88854,1.00,1.50
2018.01.08 14:52:52.917,1.88811,1.8885,1.84,1.00
2018.01.08 14:52:53.070,1.88812,1.88853,1.00,1.50
2018.01.08 14:52:53.380,1.88811,1.88851,1.00,1.00
2018.01.08 14:52:53.686,1.8881,1.88849,1.00,1.00
2018.01.08 14:52:54.207,1.88811,1.8885,1.00,1.00
2018.01.08 14:52:54.732,1.8881,1.88849,1.00,1.00
2018.01.08 14:52:54.835,1.88806,1.88846,1.00,1.00
2018.01.08 14:52:55.357,1.88805,1.88846,1.00,1.50
2018.01.08 14:52:55.664,1.88803,1.88846,1.50,1.50
2018.01.08 14:52:56.178,1.88803,1.88845,1.00,1.00
2018.01.08 14:52:56.384,1.88805,1.88846,1.00,1.00
2018.01.08 14:52:56.722,1.88804,1.88844,1.00,1.00
2018.01.08 14:52:57.241,1.88803,1.88843,1.00,1.00
2018.01.08 14:52:57.744,1.88803,1.88844,1.00,1.00
2018.01.08 14:52:58.050,1.888,1.88841,1.87,1.50
2018.01.08 14:52:58.358,1.88807,1.88846,1.00,1.00
2018.01.08 14:52:58.894,1.88807,1.88845,1.00,1.00
2018.01.08 14:52:58.996,1.88805,1.88845,1.00,1.00
2018.01.08 14:52:59.512,1.88804,1.88843,1.00,1.00
2018.01.08 14:52:59.563,1.88802,1.88843,1.87,1.00
2018.01.08 14:52:59.778,1.88805,1.88844,1.00,1.00
2018.01.08 14:53:01.113,1.88805,1.88845,1.37,1.00
2018.01.08 14:53:01.165,1.88809,1.8885,1.50,1.00
2018.01.08 14:53:01.216,1.88811,1.88851,1.50,1.00
2018.01.08 14:53:01.268,1.88809,1.8885,1.00,1.00
2018.01.08 14:53:01.319,1.88808,1.88847,1.00,1.00
2018.01.08 14:53:02.165,1.88808,1.88849,1.50,1.50
2018.01.08 14:53:03.014,1.88808,1.8885,1.50,1.00
2018.01.08 14:53:03.864,1.88809,1.8885,1.00,1.00
2018.01.08 14:53:06.855,1.8881,1.88851,1.00,1.50
2018.01.08 14:53:07.478,1.88811,1.88854,1.50,1.50
2018.01.08 14:53:08.000,1.88812,1.88854,1.00,1.00
2018.01.08 14:53:10.203,1.88815,1.88855,1.00,1.50
2018.01.08 14:53:10.832,1.88814,1.88855,1.00,1.00
2018.01.08 14:53:11.706,1.88814,1.88857,1.50,1.50
2018.01.08 14:53:11.809,1.88814,1.88855,1.50,1.00
2018.01.08 14:53:12.445,1.88813,1.88854,1.00,1.00
2018.01.08 14:53:12.942,1.88816,1.88853,1.00,1.00
2018.01.08 14:53:13.445,1.88816,1.88854,1.00,1.00
2018.01.08 14:53:13.611,1.88817,1.88857,1.00,1.00
2018.01.08 14:53:14.157,1.88817,1.88856,1.00,1.00
2018.01.08 14:53:14.361,1.8882,1.88859,1.00,1.00
2018.01.08 14:53:14.516,1.88831,1.88873,1.00,1.50
2018.01.08 14:53:15.086,1.88832,1.88873,1.00,1.50
2018.01.08 14:53:15.137,1.88832,1.88871,1.00,1.00
2018.01.08 14:53:15.515,1.8883,1.8887,1.00,1.00
2018.01.08 14:53:15.919,1.88829,1.88872,1.00,1.00
2018.01.08 14:53:16.688,1.88829,1.88871,1.00,1.00
2018.01.08 14:53:17.232,1.88828,1.88871,1.50,1.50
2018.01.08 14:53:17.888,1.8883,1.8887,1.00,1.00
2018.01.08 14:53:18.392,1.88829,1.8887,1.00,1.00
2018.01.08 14:53:19.015,1.88831,1.8887,1.00,1.00
2018.01.08 14:53:19.571,1.88831,1.88871,1.00,1.00
2018.01.08 14:53:20.807,1.88828,1.88869,1.50,1.50
2018.01.08 14:53:21.115,1.88832,1.88869,1.00,1.00
2018.01.08 14:53:21.167,1.88829,1.88869,1.00,1.00
2018.01.08 14:53:21.320,1.88829,1.88869,1.50,1.00
2018.01.08 14:53:21.576,1.88829,1.88872,2.25,1.50
2018.01.08 14:53:21.656,1.88829,1.8887,1.50,1.00
2018.01.08 14:53:22.361,1.88829,1.8887,1.37,1.00
2018.01.08 14:53:23.279,1.88829,1.8887,1.50,1.00
2018.01.08 14:53:24.633,1.88829,1.8887,1.50,1.50
2018.01.08 14:53:25.349,1.88827,1.88869,1.75,1.00
2018.01.08 14:53:25.503,1.88826,1.88864,1.00,1.00
2018.01.08 14:53:25.555,1.88818,1.88859,3.00,1.00
2018.01.08 14:53:25.893,1.88824,1.88866,1.00,1.00
2018.01.08 14:53:26.421,1.88825,1.88867,1.50,1.00
2018.01.08 14:53:26.938,1.88827,1.88868,1.00,1.50
2018.01.08 14:53:27.244,1.88833,1.88872,1.12,1.00
2018.01.08 14:53:27.509,1.88831,1.88872,1.00,1.00
2018.01.08 14:53:27.918,1.88831,1.88869,1.00,1.00
2018.01.08 14:53:28.768,1.88829,1.88869,1.37,1.00
2018.01.08 14:53:29.784,1.88829,1.8887,1.37,1.00
2018.01.08 14:53:31.239,1.88829,1.8887,1.12,1.00
2018.01.08 14:53:33.011,1.88831,1.88872,1.00,1.00
2018.01.08 14:53:33.343,1.88837,1.88876,1.00,1.00
2018.01.08 14:53:33.497,1.88836,1.88878,1.00,1.00
2018.01.08 14:53:35.727,1.88838,1.88878,1.00,1.00
2018.01.08 14:53:40.234,1.88838,1.88878,1.37,1.00
2018.01.08 14:53:40.836,1.88838,1.88878,1.00,1.00
2018.01.08 14:53:44.714,1.88838,1.88877,1.00,1.00
2018.01.08 14:53:45.346,1.88838,1.88878,1.00,1.00
2018.01.08 14:53:45.858,1.88838,1.88878,1.37,1.00
2018.01.08 14:53:47.652,1.88838,1.88878,1.75,1.00
2018.01.08 14:53:49.125,1.8884,1.88881,1.50,1.00
2018.01.08 14:53:49.460,1.8884,1.8888,1.00,1.00
2018.01.08 14:53:52.585,1.8884,1.88881,1.00,1.00
2018.01.08 14:53:53.098,1.8884,1.8888,1.00,1.00
2018.01.08 14:53:57.263,1.88842,1.8888,1.00,1.00
2018.01.08 14:53:57.693,1.88842,1.88877,1.00,1.00
2018.01.08 14:53:58.964,1.88842,1.88879,1.00,1.00
2018.01.08 14:53:59.730,1.88841,1.88879,1.00,1.00
2018.01.08 14:54:00.261,1.8884,1.88879,1.00,1.00
2018.01.08 14:54:00.385,1.88842,1.88879,1.00,1.00
2018.01.08 14:54:00.436,1.88842,1.88881,1.00,1.00
2018.01.08 14:54:00.989,1.88844,1.88881,1.00,1.00
2018.01.08 14:54:01.961,1.88844,1.88882,1.00,1.00
2018.01.08 14:54:02.424,1.88843,1.8888,1.00,1.00
2018.01.08 14:54:02.964,1.88842,1.8888,1.00,1.00
2018.01.08 14:54:03.612,1.88842,1.88877,1.00,1.00
2018.01.08 14:54:03.663,1.88842,1.8888,1.00,1.00
2018.01.08 14:54:05.027,1.88842,1.88877,1.00,1.00
2018.01.08 14:54:05.409,1.88842,1.88879,1.00,1.00
2018.01.08 14:54:06.158,1.88844,1.88879,1.00,1.00
2018.01.08 14:54:06.682,1.88844,1.88878,1.00,1.00
2018.01.08 14:54:08.067,1.88844,1.88879,1.00,1.00
2018.01.08 14:54:08.374,1.88845,1.88877,1.00,1.00
2018.01.08 14:54:08.425,1.88845,1.88879,1.00,1.00
2018.01.08 14:54:08.817,1.88845,1.88877,1.00,1.00
2018.01.08 14:54:08.919,1.88842,1.88877,1.00,1.00
2018.01.08 14:54:09.055,1.88842,1.8888,1.00,1.00
2018.01.08 14:54:09.316,1.88842,1.88877,1.00,1.00
2018.01.08 14:54:10.050,1.88842,1.8888,1.00,1.00
2018.01.08 14:54:10.371,1.88842,1.88876,1.00,1.00
2018.01.08 14:54:10.630,1.88842,1.88878,1.00,1.00
2018.01.08 14:54:10.681,1.88843,1.88878,2.25,1.00
2018.01.08 14:54:11.190,1.88843,1.88877,3.00,1.00
2018.01.08 14:54:11.577,1.88843,1.88875,2.25,1.00
2018.01.08 14:54:11.629,1.88843,1.88877,1.00,1.00
2018.01.08 14:54:12.585,1.88843,1.88872,1.00,1.00
2018.01.08 14:54:12.933,1.88846,1.88874,1.00,1.00
2018.01.08 14:54:13.477,1.88847,1.88874,1.00,1.00
2018.01.08 14:54:15.954,1.88848,1.88877,1.00,1.00
2018.01.08 14:54:17.705,1.88847,1.88877,1.00,1.00
2018.01.08 14:54:18.293,1.88845,1.88875,1.00,1.00
2018.01.08 14:54:18.746,1.88842,1.88867,1.75,1.00
2018.01.08 14:54:19.001,1.88847,1.88873,1.00,1.00
2018.01.08 14:54:19.547,1.88846,1.88874,1.00,1.00
2018.01.08 14:54:19.929,1.88847,1.88877,1.00,1.00
2018.01.08 14:54:19.982,1.88855,1.88881,1.00,1.00
2018.01.08 14:54:20.135,1.88856,1.88885,1.00,1.00
2018.01.08 14:54:20.553,1.88855,1.88882,1.00,1.00
2018.01.08 14:54:21.515,1.88849,1.88882,1.00,1.00
2018.01.08 14:54:21.567,1.88849,1.88873,1.00,1.00
2018.01.08 14:54:21.618,1.88849,1.88879,1.00,1.00
2018.01.08 14:54:22.152,1.88848,1.88876,1.00,1.00
2018.01.08 14:54:22.470,1.88852,1.88878,1.00,1.00
2018.01.08 14:54:22.521,1.88848,1.88878,1.00,1.00
2018.01.08 14:54:22.629,1.88852,1.88878,3.75,1.00
2018.01.08 14:54:22.731,1.88853,1.88881,1.00,1.00
2018.01.08 14:54:22.833,1.88856,1.88881,1.00,1.00
2018.01.08 14:54:23.442,1.88857,1.88881,1.00,1.00
2018.01.08 14:54:23.763,1.88857,1.88885,1.00,1.00
2018.01.08 14:54:24.358,1.88857,1.88886,1.00,1.00
2018.01.08 14:54:25.151,1.88858,1.88886,1.00,1.00
2018.01.08 14:54:25.797,1.88859,1.88886,1.00,1.00
2018.01.08 14:54:26.143,1.88856,1.88886,1.00,1.00
2018.01.08 14:54:26.295,1.88854,1.88886,1.00,1.00
2018.01.08 14:54:27.254,1.88855,1.88886,1.00,1.00
2018.01.08 14:54:27.816,1.88856,1.88886,1.00,1.00
2018.01.08 14:54:28.452,1.88855,1.88886,1.00,1.00
2018.01.08 14:54:30.240,1.88854,1.88886,1.00,1.00
2018.01.08 14:54:30.291,1.88856,1.88886,1.00,1.00
2018.01.08 14:54:32.753,1.88856,1.88887,1.00,1.00
2018.01.08 14:54:34.373,1.88856,1.88885,1.00,1.00
2018.01.08 14:54:36.929,1.88855,1.88884,1.00,1.00
2018.01.08 14:54:37.234,1.88858,1.88885,1.00,1.00
2018.01.08 14:54:39.368,1.88859,1.88886,1.00,1.00
2018.01.08 14:54:39.934,1.88858,1.88886,1.00,1.00
2018.01.08 14:54:40.453,1.88859,1.8889,1.00,1.00
2018.01.08 14:54:40.607,1.88857,1.88889,1.00,1.00
2018.01.08 14:54:40.710,1.88859,1.88889,1.00,1.00
2018.01.08 14:54:41.105,1.88857,1.88889,1.00,1.00
2018.01.08 14:54:42.312,1.88856,1.88889,1.00,1.00
2018.01.08 14:54:43.285,1.88851,1.88886,1.00,1.12
2018.01.08 14:54:43.454,1.88848,1.88886,1.00,1.12
2018.01.08 14:54:43.506,1.88851,1.88883,1.00,1.00
2018.01.08 14:54:44.039,1.88852,1.88884,1.00,1.00
2018.01.08 14:54:44.503,1.8885,1.88883,1.00,1.00
2018.01.08 14:54:44.555,1.88852,1.88883,1.00,1.00
2018.01.08 14:54:45.065,1.88851,1.88883,1.12,1.00
2018.01.08 14:54:45.116,1.88852,1.88885,1.00,1.00
2018.01.08 14:54:45.841,1.8885,1.88883,1.00,1.00
2018.01.08 14:54:46.430,1.88851,1.88883,1.00,1.00
2018.01.08 14:54:47.839,1.88854,1.88883,1.00,1.00
2018.01.08 14:54:48.184,1.88854,1.88886,1.00,1.00
2018.01.08 14:54:48.664,1.8885,1.88886,1.00,1.00
2018.01.08 14:54:48.716,1.88851,1.88884,1.00,1.00
2018.01.08 14:54:49.308,1.88852,1.88883,1.00,1.00
2018.01.08 14:54:49.818,1.88853,1.88885,1.00,1.00
2018.01.08 14:54:50.302,1.88859,1.88881,1.00,1.00
2018.01.08 14:54:50.353,1.88856,1.88885,1.50,1.00
2018.01.08 14:54:50.456,1.88858,1.88883,1.00,1.00
2018.01.08 14:54:50.832,1.88861,1.88884,1.00,1.00
2018.01.08 14:54:51.386,1.88861,1.88883,1.00,1.00
2018.01.08 14:54:51.985,1.88865,1.88883,1.00,1.00
2018.01.08 14:54:54.493,1.88866,1.88884,1.00,1.00
2018.01.08 14:54:55.258,1.88867,1.88884,1.00,1.00
2018.01.08 14:54:55.309,1.88867,1.88886,1.00,1.00
2018.01.08 14:54:55.465,1.88871,1.88889,1.00,1.00
2018.01.08 14:54:55.568,1.88882,1.88907,1.00,1.00
2018.01.08 14:54:55.620,1.88883,1.88904,1.00,1.00
2018.01.08 14:54:55.922,1.88882,1.88902,1.00,1.00
2018.01.08 14:54:56.425,1.88881,1.889,1.00,1.00
2018.01.08 14:54:56.528,1.88869,1.889,1.00,1.00
2018.01.08 14:54:56.580,1.88871,1.88893,1.00,1.00
2018.01.08 14:54:56.887,1.88879,1.88899,1.00,1.00
2018.01.08 14:54:57.142,1.88868,1.88899,1.00,1.00
2018.01.08 14:54:57.852,1.88867,1.88899,1.00,1.00
2018.01.08 14:54:58.108,1.88869,1.88899,1.00,1.00
2018.01.08 14:54:58.642,1.88868,1.88899,1.00,1.00
2018.01.08 14:54:59.093,1.88866,1.88899,1.12,1.00
2018.01.08 14:55:00.279,1.88867,1.88899,1.00,1.00
2018.01.08 14:55:00.988,1.88866,1.88899,1.12,1.00
2018.01.08 14:55:01.491,1.88864,1.88898,1.00,1.00
2018.01.08 14:55:02.004,1.88863,1.88898,1.00,1.00
2018.01.08 14:55:02.790,1.88864,1.889,1.00,1.00
2018.01.08 14:55:02.972,1.88866,1.88901,1.00,1.00
2018.01.08 14:55:04.159,1.88867,1.88901,1.00,1.00
2018.01.08 14:55:04.210,1.88868,1.88904,1.00,1.00
2018.01.08 14:55:04.470,1.88868,1.88901,1.00,1.00
2018.01.08 14:55:05.189,1.88867,1.88901,1.00,1.00
2018.01.08 14:55:05.744,1.88866,1.88901,1.00,1.00
2018.01.08 14:55:06.263,1.88867,1.88906,1.00,1.00
2018.01.08 14:55:06.315,1.88872,1.8891,1.00,1.00
2018.01.08 14:55:06.617,1.8887,1.88906,1.00,1.00
2018.01.08 14:55:07.107,1.88872,1.88909,1.00,1.00
2018.01.08 14:55:07.210,1.88876,1.88914,1.00,1.00
2018.01.08 14:55:07.754,1.88875,1.88913,1.75,1.00
2018.01.08 14:55:07.805,1.88875,1.88911,1.75,1.00
2018.01.08 14:55:08.766,1.88875,1.88911,1.00,1.00
2018.01.08 14:55:09.111,1.88874,1.88913,1.12,1.00
2018.01.08 14:55:09.317,1.88872,1.88909,1.75,1.00
2018.01.08 14:55:09.623,1.88868,1.88907,3.00,1.00
2018.01.08 14:55:09.674,1.88868,1.88907,1.00,1.00
2018.01.08 14:55:09.776,1.88868,1.88905,1.00,1.00
2018.01.08 14:55:10.114,1.88874,1.8891,2.25,1.00
2018.01.08 14:55:10.889,1.88872,1.8891,1.75,1.00
2018.01.08 14:55:12.146,1.88872,1.8891,1.75,1.00
2018.01.08 14:55:12.479,1.88871,1.88908,2.25,1.00
2018.01.08 14:55:12.921,1.8887,1.88908,1.46,1.00
2018.01.08 14:55:13.492,1.8887,1.8891,1.46,1.50
2018.01.08 14:55:13.595,1.88872,1.8891,1.00,1.00
2018.01.08 14:55:14.100,1.88871,1.88907,1.00,1.00
2018.01.08 14:55:14.382,1.88871,1.88909,1.00,1.00
2018.01.08 14:55:15.237,1.88872,1.88909,1.00,1.00
2018.01.08 14:55:15.697,1.88872,1.88909,1.50,1.00
2018.01.08 14:55:16.009,1.88864,1.88898,1.00,1.00
2018.01.08 14:55:16.319,1.88863,1.889,1.00,1.00
2018.01.08 14:55:16.899,1.88864,1.889,1.00,1.00
2018.01.08 14:55:17.330,1.88866,1.889,1.00,1.00
2018.01.08 14:55:17.867,1.88865,1.88901,1.00,1.00
2018.01.08 14:55:18.225,1.88866,1.88903,1.00,1.00
2018.01.08 14:55:18.737,1.88865,1.88904,1.00,1.00
2018.01.08 14:55:18.992,1.88865,1.88902,1.12,1.00
2018.01.08 14:55:19.538,1.88865,1.88903,1.12,1.00
2018.01.08 14:55:19.920,1.88871,1.88904,2.25,1.00
2018.01.08 14:55:20.126,1.88871,1.88907,2.25,1.00
2018.01.08 14:55:20.635,1.88871,1.88908,3.00,1.00
2018.01.08 14:55:20.830,1.88872,1.8891,2.25,1.00
2018.01.08 14:55:20.984,1.88872,1.88912,2.25,1.50
2018.01.08 14:55:21.572,1.88872,1.88911,2.25,1.00
2018.01.08 14:55:21.808,1.88871,1.88912,1.00,1.50
2018.01.08 14:55:22.360,1.8888,1.88915,2.25,1.00
2018.01.08 14:55:22.463,1.8888,1.88917,2.25,1.00
2018.01.08 14:55:22.643,1.8888,1.88919,2.25,1.00
2018.01.08 14:55:22.694,1.8888,1.88917,2.25,1.00
2018.01.08 14:55:22.950,1.8887,1.8891,1.75,1.00
2018.01.08 14:55:23.476,1.88869,1.88909,3.00,1.00
2018.01.08 14:55:23.923,1.88868,1.88909,1.37,1.50
2018.01.08 14:55:24.413,1.8887,1.88911,1.50,1.00
2018.01.08 14:55:24.516,1.88874,1.88911,2.25,1.00
2018.01.08 14:55:24.754,1.88874,1.88914,3.00,1.00
2018.01.08 14:55:25.126,1.88875,1.88916,1.37,1.00
2018.01.08 14:55:25.498,1.8888,1.88919,1.00,1.00
2018.01.08 14:55:25.965,1.8888,1.88921,1.12,1.50
2018.01.08 14:55:26.168,1.88884,1.88919,1.00,1.00
2018.01.08 14:55:26.220,1.88884,1.88924,1.00,1.50
2018.01.08 14:55:26.371,1.88886,1.88924,1.00,1.00
2018.01.08 14:55:26.525,1.88889,1.88928,1.00,1.50
2018.01.08 14:55:27.156,1.88886,1.88925,1.00,1.00
2018.01.08 14:55:27.207,1.88883,1.88923,1.00,1.00
2018.01.08 14:55:27.494,1.88883,1.88921,1.00,1.00
2018.01.08 14:55:27.809,1.88883,1.88921,1.37,1.00
2018.01.08 14:55:28.515,1.88883,1.88921,1.00,1.00
2018.01.08 14:55:29.437,1.88882,1.88921,1.46,1.50
2018.01.08 14:55:29.653,1.88887,1.88921,1.00,1.50
2018.01.08 14:55:30.175,1.88896,1.88923,1.00,1.00
2018.01.08 14:55:30.554,1.88899,1.88923,1.00,1.00
2018.01.08 14:55:30.841,1.88897,1.88923,1.00,1.00
2018.01.08 14:55:30.892,1.88902,1.88923,1.00,1.00
2018.01.08 14:55:30.944,1.88905,1.88929,1.00,1.00
2018.01.08 14:55:31.295,1.88907,1.88929,1.00,1.00
2018.01.08 14:55:31.801,1.88907,1.8893,1.00,1.00
2018.01.08 14:55:31.852,1.88904,1.88928,1.00,1.00
2018.01.08 14:55:31.904,1.88904,1.88925,1.00,1.00
2018.01.08 14:55:31.955,1.88886,1.88925,2.25,1.00
2018.01.08 14:55:32.010,1.88892,1.88922,1.37,1.00
2018.01.08 14:55:32.112,1.88891,1.88928,1.37,1.00
2018.01.08 14:55:32.471,1.88891,1.88924,1.37,1.00
2018.01.08 14:55:32.523,1.88891,1.88924,1.00,1.00
2018.01.08 14:55:32.960,1.889,1.88924,1.00,1.00
2018.01.08 14:55:33.293,1.88902,1.88924,1.00,1.00
2018.01.08 14:55:33.492,1.88897,1.88921,1.00,1.00
2018.01.08 14:55:33.716,1.88897,1.88919,1.00,1.00
2018.01.08 14:55:34.033,1.88895,1.88919,1.00,1.00
2018.01.08 14:55:34.136,1.88896,1.88917,1.00,1.00
2018.01.08 14:55:34.927,1.88896,1.88918,1.00,1.00
2018.01.08 14:55:35.519,1.88895,1.88918,1.00,1.00
2018.01.08 14:55:37.058,1.88905,1.88925,1.00,1.00
2018.01.08 14:55:37.211,1.88905,1.88927,1.00,1.00
2018.01.08 14:55:37.313,1.88905,1.8893,1.00,1.00
2018.01.08 14:55:38.915,1.88906,1.88931,1.00,1.00
2018.01.08 14:55:39.155,1.88908,1.88931,1.00,1.00
2018.01.08 14:55:40.067,1.88908,1.88932,1.00,1.00
2018.01.08 14:55:40.574,1.88909,1.88932,1.00,1.00
2018.01.08 14:55:40.676,1.88909,1.88934,1.00,1.00
2018.01.08 14:55:41.204,1.8891,1.88934,1.00,1.00
2018.01.08 14:55:41.357,1.88912,1.88934,1.00,1.00
2018.01.08 14:55:41.407,1.88912,1.88937,1.00,1.00
2018.01.08 14:55:41.936,1.88911,1.88937,1.00,1.00
2018.01.08 14:55:41.987,1.88909,1.88934,1.00,1.00
2018.01.08 14:55:42.316,1.88908,1.88931,1.00,1.00
2018.01.08 14:55:42.421,1.88901,1.88927,1.00,1.00
2018.01.08 14:55:42.526,1.88901,1.88923,1.00,1.00
2018.01.08 14:55:42.667,1.88899,1.88923,1.00,1.00
2018.01.08 14:55:42.973,1.88903,1.88924,1.00,1.00
2018.01.08 14:55:43.076,1.88904,1.88927,1.00,1.00
2018.01.08 14:55:43.465,1.88901,1.88926,1.00,1.00
2018.01.08 14:55:44.093,1.88902,1.88926,1.00,1.00
2018.01.08 14:55:44.308,1.88902,1.8893,1.00,1.50
2018.01.08 14:55:44.818,1.88902,1.88927,1.00,1.00
2018.01.08 14:55:45.221,1.88905,1.88927,1.00,1.00
2018.01.08 14:55:45.325,1.88906,1.88931,1.00,1.00
2018.01.08 14:55:45.929,1.88907,1.8893,1.00,1.00
2018.01.08 14:55:46.343,1.88906,1.88933,1.00,1.00
2018.01.08 14:55:46.730,1.88906,1.8893,1.00,1.00
2018.01.08 14:55:47.052,1.88909,1.88933,1.00,1.00
2018.01.08 14:55:47.829,1.88909,1.88934,1.00,1.00
2018.01.08 14:55:48.143,1.88911,1.88934,1.00,1.00
2018.01.08 14:55:48.466,1.88911,1.88937,1.00,1.00
2018.01.08 14:55:48.569,1.88915,1.88941,1.00,1.00
2018.01.08 14:55:49.250,1.88915,1.88942,1.00,1.50
2018.01.08 14:55:50.889,1.88912,1.8894,1.00,1.50
2018.01.08 14:55:51.180,1.88913,1.88938,1.00,1.00
2018.01.08 14:55:51.373,1.88913,1.8894,1.00,1.00
2018.01.08 14:55:51.951,1.88914,1.8894,1.00,1.00
2018.01.08 14:55:52.002,1.88916,1.88944,1.00,1.00
2018.01.08 14:55:52.105,1.88918,1.88946,1.00,1.50
2018.01.08 14:55:52.438,1.88918,1.88948,1.00,1.00
2018.01.08 14:55:53.214,1.88918,1.88946,1.00,1.00
2018.01.08 14:55:53.265,1.88918,1.88951,1.00,1.50
2018.01.08 14:55:53.316,1.88922,1.88951,1.00,1.50
2018.01.08 14:55:53.367,1.88917,1.88951,1.00,1.50
2018.01.08 14:55:53.596,1.88919,1.88948,1.00,1.00
2018.01.08 14:55:54.282,1.8892,1.88948,1.00,1.00
2018.01.08 14:55:54.930,1.8892,1.88945,1.00,1.00
2018.01.08 14:55:55.134,1.88919,1.88947,1.00,1.00
2018.01.08 14:55:56.933,1.8892,1.88947,1.00,1.00
2018.01.08 14:55:57.509,1.8892,1.88948,1.00,1.00
2018.01.08 14:55:58.047,1.88925,1.88951,1.00,1.50
2018.01.08 14:55:58.099,1.88926,1.88954,1.00,1.00
2018.01.08 14:56:00.650,1.88923,1.88954,1.00,1.00
2018.01.08 14:56:00.702,1.88922,1.88951,1.00,1.00
2018.01.08 14:56:01.230,1.88922,1.8895,1.00,1.00
2018.01.08 14:56:01.691,1.88922,1.88948,1.00,1.00
2018.01.08 14:56:02.072,1.88906,1.88944,1.50,1.00
2018.01.08 14:56:02.639,1.88906,1.88945,1.00,1.00
2018.01.08 14:56:03.389,1.88906,1.88945,1.50,1.00
2018.01.08 14:56:04.235,1.88907,1.88946,1.12,1.00
2018.01.08 14:56:04.761,1.88908,1.88946,1.12,1.00
2018.01.08 14:56:06.295,1.88908,1.88944,1.00,1.00
2018.01.08 14:56:06.347,1.88908,1.88946,1.00,1.00
2018.01.08 14:56:07.170,1.88907,1.88946,1.00,1.00
2018.01.08 14:56:07.596,1.88907,1.88947,1.75,1.00
2018.01.08 14:56:07.801,1.88909,1.88949,2.25,1.00
2018.01.08 14:56:08.011,1.88912,1.88951,1.12,1.00
2018.01.08 14:56:08.594,1.88912,1.8895,2.25,1.00
2018.01.08 14:56:09.096,1.88912,1.88951,2.25,1.50
2018.01.08 14:56:09.416,1.88912,1.88946,2.25,1.00
2018.01.08 14:56:09.662,1.88907,1.88946,2.25,1.00
2018.01.08 14:56:10.152,1.88909,1.88948,1.75,1.50
2018.01.08 14:56:10.548,1.88909,1.88948,1.12,1.50
2018.01.08 14:56:11.229,1.88909,1.88947,1.12,1.00
2018.01.08 14:56:12.193,1.88909,1.88947,1.75,1.50
2018.01.08 14:56:13.196,1.88907,1.88947,1.75,1.00
2018.01.08 14:56:13.982,1.88907,1.88945,1.75,1.00
2018.01.08 14:56:14.085,1.88904,1.88944,1.00,1.50
2018.01.08 14:56:15.069,1.88903,1.88944,1.75,1.50
2018.01.08 14:56:15.172,1.88911,1.88949,1.00,1.50
2018.01.08 14:56:15.275,1.88914,1.88952,1.00,1.00
2018.01.08 14:56:15.326,1.88913,1.88954,1.00,1.00
2018.01.08 14:56:15.519,1.88915,1.88953,1.00,1.00
2018.01.08 14:56:15.880,1.88915,1.88956,1.00,1.50
2018.01.08 14:56:16.163,1.88914,1.88954,1.00,1.00
2018.01.08 14:56:16.590,1.88912,1.88953,1.00,1.50
2018.01.08 14:56:16.641,1.88913,1.88951,1.00,1.00
2018.01.08 14:56:17.223,1.88912,1.88951,1.00,1.00
2018.01.08 14:56:17.616,1.88911,1.88949,1.00,1.00
2018.01.08 14:56:20.384,1.88911,1.88949,1.75,1.00
2018.01.08 14:56:20.436,1.88911,1.88951,1.75,1.50
2018.01.08 14:56:20.693,1.88913,1.88948,1.75,1.00
2018.01.08 14:56:21.081,1.88912,1.88948,1.00,1.00
2018.01.08 14:56:21.642,1.8891,1.88948,1.00,1.00
2018.01.08 14:56:23.448,1.8891,1.88948,1.37,1.00
2018.01.08 14:56:23.882,1.88912,1.88951,1.00,1.00
2018.01.08 14:56:24.388,1.88913,1.88951,1.00,1.50
2018.01.08 14:56:25.448,1.88913,1.88951,1.37,1.00
2018.01.08 14:56:27.263,1.8891,1.88948,1.37,1.00
2018.01.08 14:56:27.569,1.88909,1.88946,1.50,1.00
2018.01.08 14:56:27.776,1.88913,1.88948,1.00,1.00
2018.01.08 14:56:27.999,1.88913,1.88951,1.00,1.00
2018.01.08 14:56:28.650,1.88913,1.88951,1.37,1.00
2018.01.08 14:56:29.006,1.88915,1.88954,1.00,1.00
2018.01.08 14:56:29.161,1.88917,1.88955,1.00,1.50
2018.01.08 14:56:29.894,1.88918,1.88957,1.00,1.00
2018.01.08 14:56:29.996,1.88921,1.88958,1.00,1.00
2018.01.08 14:56:30.253,1.88921,1.8896,1.00,2.25
2018.01.08 14:56:30.764,1.8892,1.8896,1.00,1.50
2018.01.08 14:56:31.084,1.8892,1.88958,1.00,1.00
2018.01.08 14:56:31.418,1.8892,1.88956,1.00,1.00
2018.01.08 14:56:31.821,1.88917,1.88956,1.00,1.50
2018.01.08 14:56:31.989,1.88916,1.88956,1.75,1.50
2018.01.08 14:56:37.749,1.88916,1.88956,1.37,1.50
2018.01.08 14:56:37.901,1.88916,1.88954,1.37,1.00
2018.01.08 14:56:38.215,1.88912,1.8895,1.75,1.00
2018.01.08 14:56:38.620,1.88913,1.8895,1.00,1.00
2018.01.08 14:56:38.671,1.88915,1.8895,1.00,1.00
2018.01.08 14:56:39.191,1.88914,1.8895,1.00,1.00
2018.01.08 14:56:39.530,1.88914,1.88952,1.00,1.00
2018.01.08 14:56:39.940,1.88917,1.88952,1.00,1.00
2018.01.08 14:56:40.477,1.88917,1.88955,1.00,1.00
2018.01.08 14:56:41.054,1.88917,1.88954,1.00,1.00
2018.01.08 14:56:41.447,1.88917,1.88951,1.00,1.00
2018.01.08 14:56:42.051,1.88917,1.88953,1.00,1.00
2018.01.08 14:56:42.854,1.88917,1.88954,1.00,1.00
2018.01.08 14:56:44.764,1.88919,1.88956,1.00,1.00
2018.01.08 14:56:45.274,1.8892,1.88956,1.00,1.00
2018.01.08 14:56:45.326,1.88918,1.88956,1.00,1.00
2018.01.08 14:56:46.602,1.88918,1.88956,1.37,1.00
2018.01.08 14:56:47.592,1.88918,1.88956,1.12,1.00
2018.01.08 14:56:48.580,1.88917,1.88956,1.00,1.50
2018.01.08 14:56:49.946,1.88918,1.88956,1.00,1.00
2018.01.08 14:56:51.166,1.88919,1.88958,1.00,1.50
2018.01.08 14:56:51.217,1.88921,1.88958,1.00,1.00
2018.01.08 14:56:51.268,1.88919,1.88958,1.00,1.00
2018.01.08 14:56:51.799,1.88921,1.88958,2.25,1.00
2018.01.08 14:56:52.275,1.88918,1.88958,1.00,1.00
2018.01.08 14:56:53.053,1.88919,1.88958,1.00,1.00
2018.01.08 14:56:59.316,1.88919,1.88958,1.75,1.00
2018.01.08 14:57:00.315,1.88919,1.88958,1.75,1.00
2018.01.08 14:57:01.081,1.88921,1.8896,1.50,1.00
2018.01.08 14:57:01.269,1.88921,1.8896,1.75,1.00
2018.01.08 14:57:02.270,1.88921,1.8896,1.75,1.00
2018.01.08 14:57:03.143,1.88919,1.88959,1.00,1.00
2018.01.08 14:57:03.245,1.88919,1.88955,1.00,1.00
2018.01.08 14:57:03.296,1.88919,1.88957,1.00,1.00
2018.01.08 14:57:07.538,1.88919,1.88958,1.00,1.50
2018.01.08 14:57:08.491,1.88919,1.88957,1.00,1.00
2018.01.08 14:57:10.639,1.88919,1.88958,1.00,1.50
2018.01.08 14:57:12.346,1.88919,1.88958,1.50,1.50
2018.01.08 14:57:13.339,1.88919,1.88958,1.00,1.00
2018.01.08 14:57:13.446,1.88919,1.88956,1.00,1.00
2018.01.08 14:57:14.087,1.88919,1.88958,1.00,1.50
2018.01.08 14:57:14.248,1.88919,1.88955,1.00,1.00
2018.01.08 14:57:14.695,1.88917,1.88953,1.00,1.00
2018.01.08 14:57:15.253,1.88917,1.88954,1.00,1.00
2018.01.08 14:57:15.649,1.88917,1.88952,1.00,1.00
2018.01.08 14:57:15.983,1.88917,1.88955,1.00,1.00
2018.01.08 14:57:16.321,1.88917,1.88953,1.00,1.00
2018.01.08 14:57:18.076,1.88918,1.88953,1.00,1.00
2018.01.08 14:57:18.485,1.8892,1.88956,3.00,1.00
2018.01.08 14:57:19.138,1.8892,1.88957,3.00,1.00
2018.01.08 14:57:19.319,1.8892,1.88957,1.12,1.00
2018.01.08 14:57:20.069,1.8892,1.88955,1.12,1.00
2018.01.08 14:57:21.110,1.8892,1.88958,1.00,1.00
2018.01.08 14:57:21.347,1.88923,1.88958,1.00,1.00
2018.01.08 14:57:21.603,1.88922,1.8896,1.00,1.00
2018.01.08 14:57:22.403,1.8892,1.88958,1.37,1.00
2018.01.08 14:57:22.953,1.8892,1.88958,1.00,1.00
2018.01.08 14:57:24.822,1.8892,1.88957,1.00,1.00
2018.01.08 14:57:25.144,1.88926,1.8896,1.75,1.00
2018.01.08 14:57:25.247,1.88938,1.88971,1.00,1.00
2018.01.08 14:57:25.298,1.88941,1.88974,1.00,1.00
2018.01.08 14:57:25.821,1.8894,1.88975,1.00,1.00
2018.01.08 14:57:26.127,1.88939,1.88973,1.00,1.00
2018.01.08 14:57:26.690,1.88939,1.88971,1.00,1.00
2018.01.08 14:57:30.178,1.88939,1.88973,1.00,1.37
2018.01.08 14:57:30.700,1.88939,1.88973,1.00,1.37
2018.01.08 14:57:31.216,1.8894,1.88971,1.00,1.37
2018.01.08 14:57:31.369,1.88937,1.88976,1.00,1.37
2018.01.08 14:57:32.072,1.88937,1.88975,1.00,1.37
2018.01.08 14:57:32.440,1.88939,1.88971,1.00,1.37
2018.01.08 14:57:34.196,1.88938,1.88973,1.00,1.37
2018.01.08 14:57:35.097,1.88936,1.88973,1.00,1.37
2018.01.08 14:57:36.270,1.88937,1.88973,1.00,1.37
2018.01.08 14:57:36.983,1.88938,1.88973,1.00,1.37
2018.01.08 14:57:37.519,1.88938,1.88978,1.00,1.37
2018.01.08 14:57:37.707,1.88938,1.88978,1.00,1.37
2018.01.08 14:57:37.758,1.8894,1.88978,1.00,1.37
2018.01.08 14:57:40.553,1.88939,1.88978,1.00,1.37
2018.01.08 14:57:41.079,1.88941,1.88979,1.00,1.37
2018.01.08 14:57:42.324,1.8894,1.88979,1.00,1.87
2018.01.08 14:57:44.563,1.88959,1.88981,1.00,1.00
2018.01.08 14:57:44.615,1.8895,1.88987,1.00,1.37
2018.01.08 14:57:44.667,1.88951,1.88989,1.00,1.37
2018.01.08 14:57:44.720,1.88948,1.88989,1.00,1.87
2018.01.08 14:57:44.771,1.88945,1.88986,1.37,1.37
2018.01.08 14:57:45.097,1.88943,1.88979,2.25,1.37
2018.01.08 14:57:45.199,1.88941,1.8898,1.00,1.37
2018.01.08 14:57:53.996,1.88943,1.88982,1.00,1.37
2018.01.08 14:57:54.542,1.88943,1.88982,1.00,1.37
2018.01.08 14:57:54.763,1.88948,1.8899,1.00,1.87
2018.01.08 14:57:55.018,1.88945,1.88984,1.00,1.87
2018.01.08 14:57:55.069,1.88942,1.88981,1.37,1.37
2018.01.08 14:57:55.725,1.88947,1.88982,1.37,1.00
2018.01.08 14:57:55.777,1.88951,1.88989,1.00,1.37
2018.01.08 14:57:56.371,1.88952,1.8899,1.00,1.37
2018.01.08 14:57:56.924,1.88954,1.88993,1.00,1.37
2018.01.08 14:57:57.448,1.88953,1.88993,1.00,1.87
2018.01.08 14:57:57.587,1.88953,1.88993,1.00,1.87
2018.01.08 14:57:57.856,1.88952,1.88993,1.00,1.37
2018.01.08 14:57:58.111,1.88951,1.88993,1.50,1.37
2018.01.08 14:57:58.749,1.88952,1.88991,1.00,1.12
2018.01.08 14:57:59.485,1.88953,1.88992,1.00,1.37
2018.01.08 14:58:00.306,1.88953,1.88992,1.00,1.12
2018.01.08 14:58:00.357,1.8895,1.88989,1.00,1.00
2018.01.08 14:58:00.510,1.88948,1.88989,1.00,1.00
2018.01.08 14:58:00.613,1.88948,1.88988,1.00,1.37
2018.01.08 14:58:00.664,1.88946,1.88985,1.00,1.37
2018.01.08 14:58:00.715,1.88941,1.88982,1.37,1.00
2018.01.08 14:58:00.940,1.88948,1.88987,1.00,1.87
2018.01.08 14:58:01.474,1.88948,1.88987,1.00,1.87
2018.01.08 14:58:01.576,1.88942,1.88983,1.87,1.00
2018.01.08 14:58:01.628,1.88946,1.88985,1.00,1.12
2018.01.08 14:58:01.679,1.88941,1.88983,2.25,1.00
2018.01.08 14:58:01.849,1.88944,1.88983,1.00,1.50
2018.01.08 14:58:02.261,1.88941,1.88982,1.50,1.12
2018.01.08 14:58:02.815,1.88941,1.88982,1.00,1.12
2018.01.08 14:58:02.866,1.88941,1.8898,1.00,1.00
2018.01.08 14:58:03.272,1.88943,1.88981,1.00,1.37
2018.01.08 14:58:04.039,1.88942,1.88984,1.37,1.87
2018.01.08 14:58:04.091,1.88946,1.88987,1.00,1.37
2018.01.08 14:58:04.399,1.88943,1.88982,1.87,1.37
2018.01.08 14:58:04.916,1.88943,1.88983,1.00,1.37
2018.01.08 14:58:05.233,1.88945,1.88984,1.00,1.87
2018.01.08 14:58:07.624,1.88943,1.88984,1.00,1.37
2018.01.08 14:58:08.356,1.88942,1.88982,1.00,1.37
2018.01.08 14:58:08.863,1.88942,1.88983,1.00,1.37
2018.01.08 14:58:10.185,1.88942,1.88983,1.00,1.37
2018.01.08 14:58:10.708,1.88942,1.88983,1.00,1.37
2018.01.08 14:58:11.816,1.88942,1.88983,1.00,1.37
2018.01.08 14:58:11.868,1.8894,1.88981,1.00,1.37
2018.01.08 14:58:12.319,1.88939,1.8898,1.50,1.37
2018.01.08 14:58:12.732,1.88939,1.8898,1.00,1.37
2018.01.08 14:58:13.080,1.88935,1.88976,1.00,1.37
2018.01.08 14:58:13.150,1.88937,1.88977,1.00,1.37
2018.01.08 14:58:13.406,1.88935,1.88976,1.00,1.87
2018.01.08 14:58:14.116,1.8893,1.88968,1.37,1.37
2018.01.08 14:58:14.326,1.88934,1.88972,1.00,1.12
2018.01.08 14:58:14.429,1.88934,1.88976,1.00,1.87
2018.01.08 14:58:14.481,1.88935,1.88974,1.50,1.37
2018.01.08 14:58:15.824,1.88934,1.88975,1.50,1.37
2018.01.08 14:58:15.977,1.88931,1.8897,1.00,1.12
2018.01.08 14:58:16.028,1.88931,1.8897,1.50,1.37
2018.01.08 14:58:16.543,1.88929,1.88969,1.00,1.37
2018.01.08 14:58:16.647,1.88934,1.88969,1.00,1.00
2018.01.08 14:58:16.831,1.88936,1.88973,1.00,1.12
2018.01.08 14:58:16.985,1.88935,1.88975,1.00,1.37
2018.01.08 14:58:17.533,1.88934,1.88975,1.50,1.37
2018.01.08 14:58:21.049,1.88935,1.88975,1.00,1.37
2018.01.08 14:58:21.241,1.88935,1.88975,1.00,1.37
2018.01.08 14:58:21.404,1.88935,1.88976,1.00,1.37
2018.01.08 14:58:21.648,1.88937,1.88976,1.00,1.37
2018.01.08 14:58:24.739,1.88937,1.88976,1.00,1.87
2018.01.08 14:58:25.109,1.88938,1.88976,1.00,1.37
2018.01.08 14:58:25.216,1.88936,1.88975,1.00,1.37
2018.01.08 14:58:25.791,1.88936,1.88974,1.00,1.12
2018.01.08 14:58:26.304,1.88935,1.88974,1.00,1.37
2018.01.08 14:58:26.826,1.88935,1.88974,1.00,1.37
2018.01.08 14:58:27.117,1.88936,1.88975,1.00,1.00
2018.01.08 14:58:27.493,1.88934,1.88975,1.50,1.00
2018.01.08 14:58:27.814,1.88936,1.88975,1.00,1.00
2018.01.08 14:58:28.127,1.88936,1.88972,1.00,1.00
2018.01.08 14:58:28.178,1.88936,1.88974,1.00,1.00
2018.01.08 14:58:28.332,1.88934,1.88974,1.00,1.00
2018.01.08 14:58:28.847,1.88935,1.88976,1.50,1.50
2018.01.08 14:58:29.092,1.88935,1.88976,1.50,1.87
2018.01.08 14:58:29.437,1.88937,1.88977,1.00,1.37
2018.01.08 14:58:29.782,1.88935,1.88975,1.00,1.37
2018.01.08 14:58:30.119,1.88935,1.88975,1.00,1.00
2018.01.08 14:58:30.395,1.88938,1.88975,1.00,1.00
2018.01.08 14:58:31.095,1.88938,1.88975,1.00,1.37
2018.01.08 14:58:31.633,1.88938,1.88976,1.00,1.37
2018.01.08 14:58:32.343,1.88937,1.88976,1.00,1.37
2018.01.08 14:58:34.345,1.88936,1.88977,1.00,1.87
2018.01.08 14:58:34.697,1.88936,1.88977,1.00,1.87
2018.01.08 14:58:35.003,1.8893,1.88969,1.12,1.37
2018.01.08 14:58:35.212,1.88922,1.88962,1.00,1.37
2018.01.08 14:58:35.875,1.88923,1.88962,1.00,1.87
2018.01.08 14:58:36.215,1.88921,1.88961,1.00,1.37
2018.01.08 14:58:36.762,1.88922,1.88962,1.00,1.37
2018.01.08 14:58:37.154,1.88924,1.88962,1.00,1.37
2018.01.08 14:58:38.364,1.88925,1.88962,1.00,1.37
2018.01.08 14:58:41.193,1.88924,1.88962,1.00,1.37
2018.01.08 14:58:41.295,1.88921,1.88962,1.50,1.87
2018.01.08 14:58:42.140,1.88921,1.88962,1.00,1.37
2018.01.08 14:58:42.646,1.88922,1.88962,1.00,1.37
2018.01.08 14:58:42.986,1.8892,1.88958,1.00,1.12
2018.01.08 14:58:43.525,1.88921,1.88961,1.12,1.37
2018.01.08 14:58:44.175,1.8892,1.88958,1.75,1.12
2018.01.08 14:58:44.355,1.88923,1.88962,1.50,1.37
2018.01.08 14:58:45.085,1.88923,1.88962,1.50,1.12
2018.01.08 14:58:45.187,1.88922,1.88959,1.75,1.87
2018.01.08 14:58:45.523,1.88922,1.88958,1.75,1.37
2018.01.08 14:58:45.896,1.8892,1.88958,1.75,1.37
2018.01.08 14:58:46.100,1.88915,1.8895,1.00,1.37
2018.01.08 14:58:46.628,1.88912,1.88951,1.75,1.37
2018.01.08 14:58:47.546,1.88909,1.8895,1.75,1.37
2018.01.08 14:58:47.925,1.88909,1.88948,1.00,1.37
2018.01.08 14:58:48.626,1.88907,1.88947,1.00,1.87
2018.01.08 14:58:48.932,1.88908,1.88949,1.75,1.37
2018.01.08 14:58:49.459,1.88908,1.88949,1.75,1.87
2018.01.08 14:58:49.924,1.88908,1.88948,1.75,1.87
2018.01.08 14:58:50.231,1.88908,1.88948,1.75,1.87
2018.01.08 14:58:50.334,1.88903,1.88939,1.00,1.37
2018.01.08 14:58:50.386,1.88898,1.88938,1.00,1.37
2018.01.08 14:58:50.438,1.88896,1.88938,1.12,1.87
2018.01.08 14:58:51.063,1.88896,1.88936,1.12,1.87
2018.01.08 14:58:51.583,1.88897,1.88936,1.00,1.37
2018.01.08 14:58:52.010,1.88895,1.88936,1.12,1.37
2018.01.08 14:58:53.235,1.88894,1.88933,1.12,1.37
2018.01.08 14:58:53.822,1.88894,1.88933,1.00,1.37
2018.01.08 14:58:54.344,1.88894,1.88933,1.37,1.37
2018.01.08 14:58:55.311,1.88894,1.88933,1.12,1.37
2018.01.08 14:58:56.312,1.88894,1.88934,1.37,1.87
2018.01.08 14:58:57.140,1.88893,1.88933,1.37,1.37
2018.01.08 14:58:57.344,1.88893,1.88932,1.12,1.37
2018.01.08 14:58:57.756,1.88893,1.88932,1.12,1.37
2018.01.08 14:58:57.807,1.88896,1.88933,1.00,1.37
2018.01.08 14:58:57.956,1.88897,1.88937,1.00,1.50
2018.01.08 14:58:58.008,1.88899,1.8894,1.00,1.87
2018.01.08 14:58:59.396,1.88899,1.88938,1.00,1.37
2018.01.08 14:58:59.945,1.88897,1.88937,1.37,1.37
2018.01.08 14:59:00.358,1.88897,1.88938,1.84,1.87
2018.01.08 14:59:00.409,1.889,1.8894,1.00,1.12
2018.01.08 14:59:00.461,1.889,1.8894,1.00,1.37
2018.01.08 14:59:00.773,1.88896,1.88936,2.25,1.37
2018.01.08 14:59:01.286,1.88896,1.88934,1.75,1.00
2018.01.08 14:59:01.828,1.88896,1.88936,2.25,1.37
2018.01.08 14:59:02.341,1.88896,1.88934,1.00,1.37
2018.01.08 14:59:03.680,1.88895,1.88934,1.00,1.37
2018.01.08 14:59:04.342,1.88895,1.88934,1.50,1.37
2018.01.08 14:59:05.102,1.88895,1.88934,1.00,1.37
2018.01.08 14:59:05.403,1.88893,1.88934,1.50,1.12
2018.01.08 14:59:06.462,1.88893,1.88934,1.50,1.37
2018.01.08 14:59:06.657,1.88895,1.88935,1.00,1.37
2018.01.08 14:59:06.769,1.88895,1.88935,1.00,1.12
2018.01.08 14:59:07.393,1.88895,1.88935,1.00,1.37
2018.01.08 14:59:07.920,1.88895,1.88935,1.50,1.12
2018.01.08 14:59:11.158,1.88895,1.88935,1.87,1.00
2018.01.08 14:59:11.210,1.88895,1.88935,1.87,1.00
2018.01.08 14:59:11.313,1.88903,1.88945,2.25,1.00
2018.01.08 14:59:11.888,1.88906,1.88946,1.50,1.00
2018.01.08 14:59:12.041,1.88906,1.88947,2.25,1.00
2018.01.08 14:59:12.146,1.88912,1.88949,1.00,1.00
2018.01.08 14:59:12.300,1.8891,1.88947,1.12,1.00
2018.01.08 14:59:12.351,1.88912,1.88949,1.00,1.00
2018.01.08 14:59:12.403,1.88911,1.88952,1.37,1.50
2018.01.08 14:59:12.763,1.88912,1.8895,1.00,1.00
2018.01.08 14:59:13.288,1.88912,1.88951,1.00,1.00
2018.01.08 14:59:13.852,1.88912,1.88952,1.50,1.00
2018.01.08 14:59:14.689,1.88912,1.88952,1.12,1.00
2018.01.08 14:59:15.005,1.8892,1.88961,1.75,1.00
2018.01.08 14:59:17.444,1.88922,1.88961,1.12,1.00
2018.01.08 14:59:18.864,1.88922,1.88961,1.12,1.00
2018.01.08 14:59:19.218,1.88922,1.88963,1.12,1.50
2018.01.08 14:59:19.747,1.88922,1.88962,1.87,1.00
2018.01.08 14:59:20.090,1.88917,1.88953,2.62,1.00
2018.01.08 14:59:20.193,1.88913,1.88951,1.37,1.00
2018.01.08 14:59:20.244,1.88913,1.88953,1.12,1.00
2018.01.08 14:59:20.296,1.88913,1.88954,1.37,1.50
2018.01.08 14:59:20.398,1.88918,1.88959,1.37,1.00
2018.01.08 14:59:20.683,1.88921,1.88961,1.37,1.00
2018.01.08 14:59:20.735,1.88919,1.88959,1.87,1.00
2018.01.08 14:59:20.786,1.8892,1.88961,1.12,1.00
2018.01.08 14:59:20.890,1.8892,1.88958,1.12,1.00
2018.01.08 14:59:21.501,1.88918,1.88958,1.37,1.00
2018.01.08 14:59:22.431,1.88918,1.88958,1.37,1.00
2018.01.08 14:59:22.535,1.88918,1.88958,1.37,1.00
2018.01.08 14:59:22.595,1.88918,1.88958,1.37,1.00
2018.01.08 14:59:22.646,1.88916,1.88956,1.50,1.00
2018.01.08 14:59:23.411,1.88915,1.88955,1.87,1.00
2018.01.08 14:59:23.840,1.88916,1.88955,1.00,1.00
2018.01.08 14:59:23.892,1.88915,1.88955,1.12,1.00
2018.01.08 14:59:23.943,1.88916,1.88958,1.50,1.00
2018.01.08 14:59:24.457,1.88917,1.88959,1.37,1.00
2018.01.08 14:59:25.601,1.88917,1.88957,1.37,1.00
2018.01.08 14:59:26.145,1.88916,1.88956,1.37,1.00
2018.01.08 14:59:26.247,1.88914,1.88955,1.37,1.00
2018.01.08 14:59:26.395,1.88915,1.88957,1.37,1.00
2018.01.08 14:59:26.446,1.88915,1.88958,1.37,1.00
2018.01.08 14:59:27.042,1.88916,1.88959,1.37,1.00
2018.01.08 14:59:27.442,1.88917,1.88957,1.00,1.00
2018.01.08 14:59:27.494,1.88915,1.88957,1.37,1.00
2018.01.08 14:59:27.813,1.88919,1.88959,1.12,1.00
2018.01.08 14:59:27.865,1.88923,1.88961,1.00,1.00
2018.01.08 14:59:27.916,1.88923,1.88963,1.00,1.00
2018.01.08 14:59:28.253,1.88922,1.88963,1.12,1.00
2018.01.08 14:59:28.355,1.88932,1.88974,1.12,1.00
2018.01.08 14:59:28.458,1.88931,1.88971,1.37,1.00
2018.01.08 14:59:28.510,1.8893,1.8897,1.12,1.00
2018.01.08 14:59:28.665,1.88928,1.88971,1.37,1.00
2018.01.08 14:59:29.183,1.8893,1.88972,1.37,1.00
2018.01.08 14:59:29.285,1.88932,1.88974,1.12,1.00
2018.01.08 14:59:29.679,1.8893,1.88971,1.37,1.00
2018.01.08 14:59:29.855,1.88935,1.88976,1.00,1.09
2018.01.08 14:59:30.111,1.88937,1.88977,1.00,1.34
2018.01.08 14:59:31.422,1.88938,1.88978,1.00,1.34
2018.01.08 14:59:33.001,1.8894,1.8898,1.00,1.34
2018.01.08 14:59:33.797,1.8894,1.88979,1.00,1.00
2018.01.08 14:59:34.002,1.88942,1.88982,1.00,1.00
2018.01.08 14:59:34.612,1.88941,1.88983,1.00,1.50
2018.01.08 14:59:35.056,1.88944,1.88983,1.00,1.00
2018.01.08 14:59:35.273,1.88944,1.88985,1.50,1.00
2018.01.08 14:59:35.543,1.88945,1.88987,1.00,1.00
2018.01.08 14:59:35.645,1.88947,1.88987,1.00,1.50
2018.01.08 14:59:35.818,1.88945,1.88987,1.00,1.50
2018.01.08 14:59:35.923,1.88947,1.88987,1.00,1.50
2018.01.08 14:59:36.249,1.88939,1.8898,1.00,1.00
2018.01.08 14:59:37.141,1.88938,1.88979,1.00,1.50
2018.01.08 14:59:37.680,1.88942,1.88982,1.00,1.00
2018.01.08 14:59:37.833,1.88939,1.8898,1.50,1.00
2018.01.08 14:59:38.408,1.88939,1.88981,1.50,1.00
2018.01.08 14:59:38.510,1.88943,1.88984,1.00,1.00
2018.01.08 14:59:38.695,1.88944,1.88986,1.00,1.00
2018.01.08 14:59:38.802,1.8894,1.88979,1.00,1.00
2018.01.08 14:59:38.854,1.8894,1.88981,1.50,1.00
2018.01.08 14:59:39.450,1.88939,1.8898,1.00,1.00
2018.01.08 14:59:39.988,1.88938,1.88979,1.00,1.00
2018.01.08 14:59:40.531,1.88939,1.88978,1.00,1.00
2018.01.08 14:59:41.035,1.88938,1.88978,1.00,1.00
2018.01.08 14:59:41.305,1.88936,1.88976,1.00,1.00
2018.01.08 14:59:42.086,1.88937,1.88978,1.00,1.50
2018.01.08 14:59:42.138,1.88933,1.88974,1.00,1.00
2018.01.08 14:59:42.745,1.88931,1.88972,1.12,1.50
2018.01.08 14:59:43.052,1.88926,1.88966,1.00,1.00
2018.01.08 14:59:43.103,1.88923,1.88964,1.00,1.50
2018.01.08 14:59:43.154,1.8892,1.88961,1.12,1.50
2018.01.08 14:59:44.625,1.88922,1.88961,1.00,1.00
2018.01.08 14:59:45.257,1.88927,1.88964,1.00,1.00
2018.01.08 14:59:45.309,1.88923,1.88966,1.50,1.50
2018.01.08 14:59:45.360,1.88923,1.88964,1.00,1.00
2018.01.08 14:59:45.718,1.88927,1.88967,1.50,1.00
2018.01.08 14:59:45.922,1.88927,1.88969,1.50,1.00
2018.01.08 14:59:46.126,1.88929,1.88972,1.87,1.50
2018.01.08 14:59:46.449,1.88932,1.88972,1.00,1.00
2018.01.08 14:59:46.971,1.88932,1.88973,1.00,1.00
2018.01.08 14:59:48.402,1.88932,1.88974,1.50,1.50
2018.01.08 14:59:48.708,1.88936,1.88974,1.00,1.00
2018.01.08 14:59:49.388,1.88935,1.88975,1.00,1.00
2018.01.08 14:59:49.947,1.88936,1.88978,1.00,1.50
2018.01.08 14:59:50.049,1.88938,1.88978,1.00,1.50
2018.01.08 14:59:50.589,1.88938,1.88979,1.00,1.00
2018.01.08 14:59:50.946,1.88935,1.88977,1.37,1.00
2018.01.08 14:59:51.265,1.8894,1.88981,1.12,1.50
2018.01.08 14:59:51.622,1.88942,1.88982,1.00,1.00
2018.01.08 14:59:51.929,1.88943,1.8898,1.00,1.00
2018.01.08 14:59:51.980,1.8894,1.8898,1.00,1.00
2018.01.08 14:59:52.189,1.8894,1.88978,1.00,1.00
2018.01.08 14:59:52.292,1.88938,1.88978,1.00,1.00
2018.01.08 14:59:52.741,1.88937,1.88972,1.00,1.00
2018.01.08 14:59:52.844,1.88932,1.8897,1.00,1.00
2018.01.08 14:59:52.895,1.8893,1.8897,1.00,1.00
2018.01.08 14:59:52.997,1.88928,1.8897,1.00,1.00
2018.01.08 14:59:53.508,1.88929,1.8897,1.00,1.00
2018.01.08 14:59:53.898,1.88932,1.88969,1.00,1.00
2018.01.08 14:59:54.528,1.88932,1.88967,1.00,1.00
2018.01.08 14:59:54.579,1.88928,1.88967,1.00,1.00
2018.01.08 14:59:55.158,1.88928,1.88968,1.00,1.00
2018.01.08 14:59:55.818,1.88929,1.88968,1.00,1.00
2018.01.08 14:59:56.168,1.88926,1.88963,1.00,1.00
2018.01.08 14:59:56.373,1.88916,1.88955,1.00,1.00
2018.01.08 14:59:56.424,1.88911,1.88949,1.37,1.00
2018.01.08 14:59:56.527,1.88905,1.88946,1.50,1.00
2018.01.08 14:59:56.578,1.88905,1.88946,1.87,1.00
2018.01.08 14:59:56.783,1.88905,1.88945,1.00,1.00
2018.01.08 14:59:56.985,1.88901,1.88939,1.37,1.00
2018.01.08 14:59:57.037,1.88899,1.88941,1.87,1.50
2018.01.08 14:59:57.241,1.88902,1.88943,1.37,1.00
2018.01.08 14:59:57.293,1.88908,1.88946,1.00,1.00
2018.01.08 14:59:57.345,1.88906,1.88946,1.00,1.00
2018.01.08 14:59:57.397,1.88908,1.88949,1.50,1.00
2018.01.08 14:59:57.550,1.88906,1.88949,1.00,1.50
2018.01.08 14:59:57.752,1.88908,1.88949,1.00,1.00
2018.01.08 14:59:58.531,1.88909,1.88951,1.00,1.00
2018.01.08 14:59:58.726,1.88911,1.8895,1.00,1.00
2018.01.08 14:59:59.141,1.88913,1.88953,1.00,1.00
2018.01.08 14:59:59.374,1.88913,1.8895,1.00,1.00
