2011.12.07 21:00:00.559,2.0151,2.01573,1.13,1.13
2011.12.07 21:00:00.979,2.01501,2.01572,0.38,1.13
2011.12.07 21:00:01.097,2.015,2.01576,1.13,0.38
2011.12.07 21:00:01.210,2.01511,2.01583,1.13,0.38
2011.12.07 21:00:01.331,2.01511,2.01585,1.13,1.13
2011.12.07 21:00:01.450,2.01523,2.01586,1.13,1.13
2011.12.07 21:00:01.570,2.01505,2.01575,0.26,0.75
2011.12.07 21:00:01.689,2.015,2.01565,1.13,0.75
2011.12.07 21:00:01.802,2.015,2.01583,1.13,1.13
2011.12.07 21:00:01.921,2.0149,2.0157,1.50,1.13
2011.12.07 21:00:02.040,2.01479,2.01568,0.26,1.50
2011.12.07 21:00:02.158,2.01458,2.01574,1.13,1.50
2011.12.07 21:00:02.270,2.01449,2.01574,1.50,1.50
2011.12.07 21:00:02.397,2.01449,2.01555,1.50,1.13
2011.12.07 21:00:02.994,2.01436,2.01538,1.13,1.50
2011.12.07 21:00:03.329,2.01436,2.01521,1.13,0.60
2011.12.07 21:00:03.547,2.01436,2.0153,1.13,0.60
2011.12.07 21:00:04.327,2.01436,2.01543,1.88,0.60
2011.12.07 21:00:04.438,2.01436,2.01549,1.88,0.60
2011.12.07 21:00:04.547,2.01436,2.01556,1.88,0.60
2011.12.07 21:00:05.640,2.01436,2.01558,1.73,0.60
2011.12.07 21:00:06.548,2.01436,2.0155,1.13,0.60
2011.12.07 21:00:07.131,2.01547,2.01554,0.38,0.60
2011.12.07 21:00:07.468,2.01551,2.01605,1.13,0.75
2011.12.07 21:00:07.577,2.01551,2.01614,1.13,0.75
2011.12.07 21:00:09.707,2.01551,2.01623,1.13,1.13
2011.12.07 21:00:10.357,2.01551,2.01614,1.13,0.75
2011.12.07 21:00:10.687,2.01549,2.01614,1.13,0.75
2011.12.07 21:00:10.797,2.01551,2.01623,1.13,1.13
2011.12.07 21:00:11.057,2.01551,2.01615,1.13,0.75
2011.12.07 21:00:11.732,2.01547,2.01585,0.38,0.75
2011.12.07 21:00:11.958,2.01547,2.01594,0.38,1.13
2011.12.07 21:00:12.109,2.01547,2.01592,0.38,0.60
2011.12.07 21:00:12.218,2.01547,2.01594,0.38,1.13
2011.12.07 21:00:12.329,2.01506,2.01594,0.75,1.13
2011.12.07 21:00:13.749,2.01533,2.01594,0.38,1.13
2011.12.07 21:00:14.110,2.01538,2.016,1.13,0.60
2011.12.07 21:00:14.226,2.01538,2.0161,1.13,1.13
2011.12.07 21:00:26.594,2.01538,2.01594,1.13,0.75
2011.12.07 21:00:27.778,2.01535,2.01584,1.13,0.75
2011.12.07 21:00:27.887,2.01524,2.01584,1.13,0.75
2011.12.07 21:00:30.866,2.01533,2.01584,0.38,0.75
2011.12.07 21:00:30.977,2.01533,2.01594,0.38,0.75
2011.12.07 21:00:31.196,2.01537,2.01594,1.13,0.75
2011.12.07 21:00:37.481,2.01537,2.01605,1.13,0.75
2011.12.07 21:00:37.858,2.01537,2.01594,1.13,0.75
2011.12.07 21:00:40.987,2.01539,2.01605,0.38,0.75
2011.12.07 21:00:41.097,2.01548,2.01605,1.13,0.75
2011.12.07 21:00:41.471,2.01539,2.01584,0.38,0.75
2011.12.07 21:00:41.842,2.01548,2.01584,1.13,0.75
2011.12.07 21:00:42.148,2.01548,2.01595,1.13,0.75
2011.12.07 21:00:45.097,2.01548,2.01585,1.13,0.75
2011.12.07 21:00:45.208,2.01536,2.01585,1.13,0.75
2011.12.07 21:00:45.427,2.01536,2.01599,1.13,1.13
2011.12.07 21:00:46.048,2.01536,2.01584,1.13,0.75
2011.12.07 21:00:46.268,2.01536,2.01599,1.13,1.13
2011.12.07 21:00:46.431,2.01536,2.01585,1.13,0.75
2011.12.07 21:00:47.597,2.01536,2.01599,1.13,1.13
2011.12.07 21:00:48.994,2.01525,2.01594,1.13,0.75
2011.12.07 21:00:49.698,2.01525,2.01585,1.13,0.75
2011.12.07 21:00:50.409,2.01525,2.01595,1.13,0.75
2011.12.07 21:00:53.380,2.01526,2.01595,0.38,0.75
2011.12.07 21:00:53.498,2.01526,2.01597,0.38,1.13
2011.12.07 21:00:53.608,2.01535,2.016,1.13,1.13
2011.12.07 21:00:53.938,2.01527,2.01597,0.38,1.13
2011.12.07 21:00:54.048,2.01536,2.01599,1.13,1.13
2011.12.07 21:00:54.266,2.01525,2.01595,1.13,0.75
2011.12.07 21:00:54.487,2.01536,2.01599,1.13,1.13
2011.12.07 21:00:55.080,2.01535,2.01594,1.13,0.75
2011.12.07 21:00:55.417,2.01526,2.01597,0.38,1.13
2011.12.07 21:00:55.528,2.01535,2.016,1.13,1.13
2011.12.07 21:00:55.749,2.01525,2.01594,1.13,0.75
2011.12.07 21:00:55.858,2.01525,2.01597,1.13,1.13
2011.12.07 21:00:55.968,2.01535,2.016,1.13,1.13
2011.12.07 21:00:56.297,2.01524,2.01594,1.13,0.75
2011.12.07 21:00:56.406,2.01527,2.01594,0.38,0.75
2011.12.07 21:00:56.517,2.01527,2.01598,0.38,1.13
2011.12.07 21:00:56.626,2.01536,2.01599,1.13,1.13
2011.12.07 21:00:56.739,2.01524,2.01595,1.13,0.75
2011.12.07 21:00:57.182,2.01524,2.01598,1.13,1.13
2011.12.07 21:00:59.547,2.01524,2.01595,1.13,0.75
2011.12.07 21:01:00.393,2.01527,2.01595,0.38,0.75
2011.12.07 21:01:00.510,2.01527,2.01598,0.38,1.13
2011.12.07 21:01:00.628,2.01535,2.016,1.13,1.13
2011.12.07 21:01:02.680,2.01535,2.016,1.13,1.88
2011.12.07 21:01:02.911,2.01523,2.01586,1.13,1.13
2011.12.07 21:01:09.494,2.01523,2.01586,1.88,1.13
2011.12.07 21:01:09.934,2.01523,2.01586,1.13,1.13
2011.12.07 21:01:11.004,2.01523,2.01586,1.50,1.13
2011.12.07 21:01:11.124,2.01535,2.016,1.13,1.13
2011.12.07 21:01:11.358,2.01535,2.016,1.88,1.13
2011.12.07 21:01:11.693,2.01549,2.01612,1.13,1.13
2011.12.07 21:01:12.971,2.01551,2.01623,1.13,1.13
2011.12.07 21:01:14.172,2.01551,2.01623,1.50,1.13
2011.12.07 21:01:14.298,2.01562,2.01625,1.13,1.88
2011.12.07 21:01:14.944,2.01562,2.01614,1.13,1.50
2011.12.07 21:01:15.074,2.01562,2.01625,1.13,2.63
2011.12.07 21:01:15.193,2.01562,2.01625,1.13,1.88
2011.12.07 21:01:15.315,2.01562,2.01625,1.13,1.88
2011.12.07 21:01:15.840,2.01562,2.01625,1.13,1.88
2011.12.07 21:01:16.110,2.01562,2.01625,1.50,1.88
2011.12.07 21:01:16.455,2.01576,2.01634,1.13,1.13
2011.12.07 21:01:16.681,2.01562,2.01625,1.13,1.88
2011.12.07 21:01:17.240,2.01563,2.01637,1.13,1.88
2011.12.07 21:01:19.520,2.0155,2.01624,1.13,1.13
2011.12.07 21:01:21.451,2.0155,2.01624,1.13,2.25
2011.12.07 21:01:21.924,2.01548,2.01613,1.13,1.13
2011.12.07 21:01:22.984,2.01548,2.01613,1.88,1.13
2011.12.07 21:01:23.209,2.01562,2.01625,1.13,1.88
2011.12.07 21:01:27.939,2.01562,2.01625,1.13,1.13
2011.12.07 21:01:31.140,2.01562,2.01625,1.13,1.88
2011.12.07 21:01:33.441,2.01562,2.01625,1.13,1.88
2011.12.07 21:01:36.682,2.01548,2.01613,1.88,1.13
2011.12.07 21:01:36.910,2.01562,2.01625,1.13,1.88
2011.12.07 21:01:38.002,2.01562,2.01625,1.13,1.88
2011.12.07 21:01:38.232,2.01562,2.01625,1.13,1.13
2011.12.07 21:01:38.353,2.01556,2.01617,1.13,1.13
2011.12.07 21:01:49.242,2.01556,2.01617,1.62,1.13
2011.12.07 21:01:49.768,2.01573,2.01679,1.13,1.20
2011.12.07 21:01:49.891,2.01574,2.01702,1.20,1.35
2011.12.07 21:01:51.571,2.01574,2.01704,1.20,2.48
2011.12.07 21:01:51.825,2.01577,2.01704,1.20,2.48
2011.12.07 21:01:52.161,2.01582,2.01704,1.20,1.13
2011.12.07 21:01:53.010,2.01582,2.01704,1.20,1.13
2011.12.07 21:01:53.931,2.01586,2.01704,1.20,1.88
2011.12.07 21:01:54.492,2.01583,2.01699,1.20,1.13
2011.12.07 21:01:54.830,2.0159,2.01699,1.20,1.13
2011.12.07 21:01:55.171,2.0158,2.01685,1.20,1.13
2011.12.07 21:01:55.460,2.01577,2.01685,1.20,1.13
2011.12.07 21:01:56.135,2.01571,2.01685,1.20,1.13
2011.12.07 21:02:00.770,2.01564,2.01685,1.20,1.88
2011.12.07 21:02:01.336,2.01564,2.01688,1.20,1.88
2011.12.07 21:02:01.723,2.01577,2.01688,1.20,1.88
2011.12.07 21:02:02.099,2.01584,2.01692,1.13,1.88
2011.12.07 21:02:09.169,2.01584,2.01692,1.13,1.88
2011.12.07 21:02:09.597,2.01584,2.01692,1.13,1.88
2011.12.07 21:02:09.931,2.01584,2.01692,1.13,1.88
2011.12.07 21:02:20.212,2.01584,2.01692,1.73,1.88
2011.12.07 21:02:20.612,2.01604,2.01699,1.13,1.88
2011.12.07 21:02:20.842,2.01584,2.01692,1.73,1.88
2011.12.07 21:02:21.460,2.01584,2.01692,1.13,1.88
2011.12.07 21:02:21.928,2.01582,2.01681,1.13,1.88
2011.12.07 21:02:22.043,2.0157,2.0168,1.73,1.88
2011.12.07 21:02:22.164,2.0157,2.0168,1.73,1.88
2011.12.07 21:02:22.559,2.01578,2.0168,1.20,1.88
2011.12.07 21:02:22.670,2.01573,2.0168,1.20,1.88
2011.12.07 21:02:22.790,2.0157,2.0168,1.73,1.88
2011.12.07 21:02:23.192,2.0157,2.0168,1.73,1.88
2011.12.07 21:02:23.421,2.01581,2.01682,1.13,1.88
2011.12.07 21:02:23.760,2.01581,2.01682,1.13,1.88
2011.12.07 21:02:25.625,2.01582,2.01681,1.13,1.88
2011.12.07 21:02:25.739,2.0157,2.0168,1.13,1.88
2011.12.07 21:02:25.960,2.01582,2.01681,1.13,1.88
2011.12.07 21:02:26.411,2.0157,2.0168,1.13,1.88
2011.12.07 21:02:28.174,2.0157,2.0168,1.13,1.88
2011.12.07 21:02:29.073,2.0157,2.01673,1.13,1.35
2011.12.07 21:02:29.936,2.0157,2.01664,1.13,1.35
2011.12.07 21:02:30.101,2.0157,2.01662,1.13,1.35
2011.12.07 21:02:32.979,2.01549,2.01623,1.13,1.13
2011.12.07 21:02:33.752,2.0157,2.01668,1.13,1.35
2011.12.07 21:02:33.871,2.0157,2.01668,1.13,1.35
2011.12.07 21:02:34.103,2.0157,2.0168,1.13,1.88
2011.12.07 21:02:35.946,2.0157,2.01634,1.13,1.50
2011.12.07 21:02:36.281,2.01549,2.01623,1.13,1.13
2011.12.07 21:02:36.826,2.01549,2.01623,1.50,1.13
2011.12.07 21:02:37.162,2.01561,2.01624,1.13,1.13
2011.12.07 21:02:38.451,2.01578,2.01643,1.13,1.50
2011.12.07 21:02:38.682,2.01578,2.01659,1.13,1.88
2011.12.07 21:02:38.911,2.01578,2.01659,1.39,1.88
2011.12.07 21:02:39.144,2.01577,2.0166,1.13,1.88
2011.12.07 21:02:41.940,2.01577,2.01635,1.13,1.13
2011.12.07 21:02:42.171,2.01561,2.01624,1.13,1.13
2011.12.07 21:02:47.243,2.0156,2.01621,1.13,1.13
2011.12.07 21:02:47.600,2.01568,2.01626,1.13,1.13
2011.12.07 21:02:51.578,2.01568,2.01626,1.13,1.88
2011.12.07 21:02:52.016,2.01569,2.0163,1.13,1.13
2011.12.07 21:02:56.920,2.01569,2.0163,1.13,1.88
2011.12.07 21:02:57.040,2.01563,2.01623,1.13,1.13
2011.12.07 21:03:01.713,2.01563,2.01623,1.13,1.88
2011.12.07 21:03:02.251,2.0155,2.0161,1.13,1.13
2011.12.07 21:03:04.669,2.01557,2.01616,1.13,1.88
2011.12.07 21:03:07.501,2.01557,2.01616,1.13,1.88
2011.12.07 21:03:07.730,2.01534,2.01613,1.13,1.88
2011.12.07 21:03:07.961,2.01539,2.01615,1.13,1.13
2011.12.07 21:03:08.082,2.01539,2.01603,1.13,1.20
2011.12.07 21:03:08.201,2.01513,2.01594,1.88,1.13
2011.12.07 21:03:09.221,2.01513,2.01594,1.88,1.13
2011.12.07 21:03:15.381,2.01513,2.01594,1.88,1.13
2011.12.07 21:03:15.610,2.01522,2.01621,1.13,1.13
2011.12.07 21:03:17.460,2.0153,2.01627,1.13,1.13
2011.12.07 21:03:18.689,2.0153,2.01627,1.88,1.13
2011.12.07 21:03:19.021,2.01553,2.0163,1.13,1.13
2011.12.07 21:03:20.681,2.01588,2.01647,1.13,1.88
2011.12.07 21:03:21.450,2.01588,2.01647,1.13,1.88
2011.12.07 21:03:21.834,2.01574,2.01635,1.13,1.88
2011.12.07 21:03:22.932,2.01574,2.01635,1.13,1.88
2011.12.07 21:03:23.051,2.01578,2.01643,1.13,1.88
2011.12.07 21:03:23.607,2.01578,2.01643,1.13,1.88
2011.12.07 21:03:23.720,2.01575,2.01634,1.13,1.88
2011.12.07 21:03:24.750,2.01561,2.01622,1.13,1.88
2011.12.07 21:03:24.981,2.01561,2.01622,1.13,1.13
2011.12.07 21:03:25.101,2.0154,2.01617,1.13,1.13
2011.12.07 21:03:26.002,2.0154,2.01617,1.13,1.88
2011.12.07 21:03:36.460,2.0154,2.01617,1.13,1.13
2011.12.07 21:03:39.502,2.0154,2.01617,1.13,1.88
2011.12.07 21:03:39.683,2.0154,2.01617,1.13,1.13
2011.12.07 21:03:43.647,2.0154,2.01617,1.13,1.88
2011.12.07 21:03:51.108,2.0154,2.01617,1.13,1.13
2011.12.07 21:03:56.690,2.0154,2.01617,1.13,1.88
2011.12.07 21:03:56.921,2.01534,2.01611,1.13,1.13
2011.12.07 21:03:58.239,2.01539,2.01618,1.13,1.13
2011.12.07 21:04:03.090,2.01539,2.01618,1.13,1.88
2011.12.07 21:04:03.528,2.01539,2.01618,1.13,1.88
2011.12.07 21:04:04.544,2.01536,2.01596,1.13,1.88
2011.12.07 21:04:04.661,2.01536,2.01594,1.13,1.50
2011.12.07 21:04:04.783,2.01523,2.01583,1.13,1.13
2011.12.07 21:04:04.904,2.01523,2.01583,1.13,1.88
2011.12.07 21:04:05.132,2.01511,2.01569,1.13,1.13
2011.12.07 21:04:05.473,2.01511,2.01569,1.13,1.88
2011.12.07 21:04:05.679,2.01488,2.01566,1.88,1.88
2011.12.07 21:04:05.795,2.01488,2.01566,1.13,1.88
2011.12.07 21:04:06.023,2.01488,2.01566,1.88,1.88
2011.12.07 21:04:06.699,2.01489,2.01565,1.13,1.88
2011.12.07 21:04:06.814,2.01497,2.01609,1.13,1.88
2011.12.07 21:04:06.932,2.01497,2.01587,1.13,1.09
2011.12.07 21:04:07.277,2.01485,2.01543,1.13,1.13
2011.12.07 21:04:28.893,2.01498,2.01556,1.13,1.13
2011.12.07 21:04:29.233,2.01517,2.01594,1.13,1.35
2011.12.07 21:04:29.353,2.01517,2.01614,1.13,1.88
2011.12.07 21:04:30.607,2.01517,2.01614,1.13,1.88
2011.12.07 21:04:33.799,2.01517,2.01614,2.33,1.88
2011.12.07 21:04:34.126,2.01517,2.01614,2.33,1.13
2011.12.07 21:04:35.079,2.01525,2.01614,1.20,1.13
2011.12.07 21:04:36.163,2.01529,2.01614,1.20,1.13
2011.12.07 21:04:36.735,2.01532,2.01614,1.20,1.13
2011.12.07 21:04:37.440,2.0153,2.01614,1.20,1.88
2011.12.07 21:04:37.673,2.0153,2.01607,1.20,1.13
2011.12.07 21:04:38.120,2.01527,2.01607,1.20,1.13
2011.12.07 21:04:38.350,2.0152,2.01607,1.20,1.13
2011.12.07 21:04:38.781,2.01517,2.01607,1.20,1.13
2011.12.07 21:04:41.826,2.0152,2.01607,1.35,1.13
2011.12.07 21:04:42.160,2.01533,2.01612,1.88,1.13
2011.12.07 21:04:42.501,2.01534,2.01611,1.13,1.13
2011.12.07 21:04:42.731,2.01534,2.01611,1.88,1.13
2011.12.07 21:04:43.070,2.01562,2.01621,1.13,1.88
2011.12.07 21:04:43.423,2.01562,2.01621,1.13,1.13
2011.12.07 21:04:44.439,2.01568,2.01628,1.13,1.50
2011.12.07 21:04:48.818,2.01568,2.01628,1.13,1.88
2011.12.07 21:04:54.056,2.01568,2.01628,1.13,1.88
2011.12.07 21:04:54.420,2.01547,2.01624,2.48,1.88
2011.12.07 21:04:54.544,2.01525,2.0162,1.73,1.88
2011.12.07 21:04:54.655,2.01525,2.0162,1.13,1.88
2011.12.07 21:04:55.679,2.01531,2.0162,1.13,1.13
2011.12.07 21:04:55.909,2.01527,2.01604,1.13,1.13
2011.12.07 21:04:56.027,2.0153,2.01627,1.13,1.88
2011.12.07 21:04:56.258,2.0153,2.01627,1.13,1.88
2011.12.07 21:04:56.374,2.01535,2.01633,1.13,1.35
2011.12.07 21:05:01.133,2.01535,2.01628,1.13,1.13
2011.12.07 21:05:01.395,2.01531,2.01612,1.13,1.13
2011.12.07 21:05:01.985,2.01542,2.0162,1.13,1.13
2011.12.07 21:05:04.555,2.01542,2.0162,1.13,1.88
2011.12.07 21:05:17.410,2.01542,2.0162,1.13,1.13
2011.12.07 21:05:17.630,2.01523,2.01616,1.20,1.13
2011.12.07 21:05:18.058,2.01528,2.01616,1.35,1.13
2011.12.07 21:05:18.393,2.01565,2.01623,1.13,1.13
2011.12.07 21:05:21.221,2.0156,2.01618,1.13,1.88
2011.12.07 21:05:22.391,2.0156,2.01618,1.13,1.88
2011.12.07 21:05:22.987,2.01538,2.01614,1.13,1.88
2011.12.07 21:05:23.566,2.01538,2.01614,1.13,1.88
2011.12.07 21:05:23.901,2.01515,2.01611,1.13,1.13
2011.12.07 21:05:25.284,2.01515,2.01611,1.13,1.88
2011.12.07 21:05:27.141,2.01515,2.01611,1.13,1.88
2011.12.07 21:05:27.473,2.01515,2.01611,1.13,1.88
2011.12.07 21:05:27.691,2.01515,2.0161,1.13,1.35
2011.12.07 21:05:29.183,2.01515,2.0161,1.13,1.35
2011.12.07 21:05:30.606,2.01515,2.0161,1.13,1.35
2011.12.07 21:05:30.826,2.01515,2.0161,1.13,1.35
2011.12.07 21:05:41.824,2.01515,2.01611,1.13,1.13
2011.12.07 21:05:42.155,2.01519,2.01624,1.13,1.35
2011.12.07 21:05:47.391,2.01519,2.01626,1.13,1.35
2011.12.07 21:05:47.721,2.01505,2.01615,1.13,1.88
2011.12.07 21:05:49.162,2.01505,2.01615,1.13,1.88
2011.12.07 21:05:49.383,2.01492,2.01602,2.33,1.88
2011.12.07 21:05:49.493,2.01504,2.01603,1.13,1.88
2011.12.07 21:05:51.035,2.01505,2.01615,1.13,1.88
2011.12.07 21:05:51.652,2.01505,2.01605,1.13,1.35
2011.12.07 21:05:58.830,2.01505,2.01605,1.13,1.35
2011.12.07 21:06:02.180,2.01505,2.01605,1.13,1.35
2011.12.07 21:06:11.041,2.01505,2.01605,1.13,1.35
2011.12.07 21:06:16.013,2.01505,2.01613,1.13,1.20
2011.12.07 21:06:16.121,2.01505,2.01613,1.13,1.20
2011.12.07 21:06:24.472,2.01505,2.01613,1.13,1.35
2011.12.07 21:06:24.813,2.01507,2.01614,1.13,1.35
2011.12.07 21:06:25.996,2.01507,2.01615,1.13,1.35
2011.12.07 21:06:34.864,2.01507,2.01616,1.13,1.35
2011.12.07 21:06:34.981,2.01505,2.01615,1.13,1.88
2011.12.07 21:06:58.083,2.01505,2.01615,1.13,2.48
2011.12.07 21:06:58.560,2.01505,2.01615,1.13,1.88
2011.12.07 21:07:01.957,2.01505,2.01615,1.13,2.48
2011.12.07 21:07:02.609,2.01505,2.0161,1.13,1.35
2011.12.07 21:07:12.015,2.01505,2.01615,1.13,2.48
2011.12.07 21:07:12.351,2.01516,2.01615,1.13,1.35
2011.12.07 21:07:15.863,2.01516,2.01616,1.13,1.35
2011.12.07 21:07:16.191,2.01518,2.01617,1.13,1.35
2011.12.07 21:07:21.345,2.0151,2.01584,1.13,1.13
2011.12.07 21:07:23.338,2.01517,2.01584,1.13,1.13
2011.12.07 21:07:23.461,2.0151,2.01584,1.13,1.13
2011.12.07 21:07:25.222,2.01516,2.01585,1.13,1.13
2011.12.07 21:07:26.695,2.01521,2.01586,1.13,1.13
2011.12.07 21:07:37.852,2.0153,2.01588,1.13,1.13
2011.12.07 21:07:37.964,2.01522,2.01585,1.13,1.13
2011.12.07 21:07:38.644,2.01522,2.01585,1.13,1.88
2011.12.07 21:07:39.251,2.01522,2.01585,1.13,1.88
2011.12.07 21:07:40.293,2.01522,2.01585,1.13,1.88
2011.12.07 21:07:43.402,2.01522,2.01585,1.13,1.13
2011.12.07 21:07:43.825,2.01522,2.01585,1.13,1.88
2011.12.07 21:07:44.144,2.01522,2.01585,1.13,1.13
2011.12.07 21:07:44.583,2.01522,2.01585,1.13,1.50
2011.12.07 21:07:45.016,2.01511,2.01571,1.13,1.13
2011.12.07 21:07:45.244,2.01522,2.01585,1.13,1.88
2011.12.07 21:07:45.907,2.01522,2.01585,1.13,1.13
2011.12.07 21:07:46.882,2.01522,2.01585,1.13,1.50
2011.12.07 21:07:47.212,2.01512,2.0157,1.13,1.13
2011.12.07 21:07:47.642,2.01512,2.01573,1.13,1.13
2011.12.07 21:07:50.745,2.01512,2.0157,1.13,1.13
2011.12.07 21:07:51.353,2.01511,2.01571,1.13,1.13
2011.12.07 21:07:52.722,2.01512,2.0157,1.13,1.13
2011.12.07 21:08:01.347,2.01516,2.01576,1.13,1.88
2011.12.07 21:08:01.685,2.01512,2.0157,1.13,1.13
2011.12.07 21:08:02.393,2.01507,2.01567,1.13,1.13
2011.12.07 21:08:10.392,2.01507,2.01567,1.13,1.88
2011.12.07 21:08:23.932,2.01507,2.01565,1.13,1.50
2011.12.07 21:08:24.152,2.01482,2.01541,1.13,1.13
2011.12.07 21:08:28.002,2.01482,2.01541,1.88,1.13
2011.12.07 21:08:28.221,2.01507,2.01567,1.13,1.88
2011.12.07 21:08:33.184,2.01509,2.0157,1.13,1.88
2011.12.07 21:08:33.626,2.01513,2.01569,1.13,1.13
2011.12.07 21:08:36.184,2.01509,2.0157,1.13,1.88
2011.12.07 21:08:38.135,2.01511,2.01571,1.13,1.88
2011.12.07 21:08:40.724,2.01511,2.01571,1.13,1.88
2011.12.07 21:08:41.333,2.01486,2.01544,1.13,1.13
2011.12.07 21:08:41.442,2.0149,2.01564,1.13,1.50
2011.12.07 21:08:41.661,2.01486,2.01544,1.13,1.13
2011.12.07 21:08:43.992,2.01489,2.01564,1.13,1.50
2011.12.07 21:08:52.015,2.01489,2.01565,1.13,1.88
2011.12.07 21:08:52.247,2.01489,2.01565,1.88,1.13
2011.12.07 21:08:52.473,2.01488,2.01566,1.13,1.88
2011.12.07 21:08:52.693,2.01496,2.0159,1.13,1.50
2011.12.07 21:08:52.912,2.01496,2.01605,1.13,1.35
2011.12.07 21:08:53.241,2.0151,2.01605,1.13,1.35
2011.12.07 21:08:53.591,2.01516,2.01605,1.13,1.35
2011.12.07 21:08:54.321,2.01516,2.01614,1.13,1.20
2011.12.07 21:08:55.771,2.01516,2.01612,1.13,1.20
2011.12.07 21:08:57.175,2.01531,2.01612,1.13,1.20
2011.12.07 21:08:57.291,2.01531,2.01615,1.13,1.35
2011.12.07 21:08:57.403,2.01532,2.01609,1.13,1.20
2011.12.07 21:08:57.732,2.01526,2.01606,1.13,1.35
2011.12.07 21:08:57.845,2.01527,2.01613,1.13,1.35
2011.12.07 21:08:57.961,2.01535,2.01613,1.13,1.35
2011.12.07 21:08:58.292,2.01532,2.0161,1.13,1.35
2011.12.07 21:08:59.221,2.01532,2.01619,1.13,1.35
2011.12.07 21:08:59.663,2.01539,2.01619,1.13,1.35
2011.12.07 21:09:00.012,2.01539,2.01622,1.13,1.20
2011.12.07 21:09:00.123,2.01539,2.01622,1.13,1.20
2011.12.07 21:09:00.231,2.01539,2.01621,1.13,1.35
2011.12.07 21:09:01.583,2.01526,2.0162,1.13,1.88
2011.12.07 21:09:02.336,2.01526,2.0162,1.13,1.88
2011.12.07 21:09:02.562,2.01529,2.01624,1.13,1.35
2011.12.07 21:09:02.673,2.01529,2.01624,1.13,1.35
2011.12.07 21:09:02.783,2.01532,2.01624,1.13,1.35
2011.12.07 21:09:03.111,2.01529,2.0163,1.13,1.88
2011.12.07 21:09:10.451,2.01529,2.01614,1.13,1.35
2011.12.07 21:09:10.561,2.01532,2.01619,1.13,1.35
2011.12.07 21:09:12.453,2.01534,2.01621,1.13,1.35
2011.12.07 21:09:26.856,2.01534,2.01625,1.13,1.35
2011.12.07 21:09:26.973,2.01534,2.01621,1.13,1.35
2011.12.07 21:09:30.712,2.01536,2.01635,1.13,1.35
2011.12.07 21:09:35.924,2.01536,2.01638,1.13,1.35
2011.12.07 21:09:36.474,2.01536,2.01638,1.13,1.35
2011.12.07 21:09:37.072,2.01536,2.01635,1.13,1.35
2011.12.07 21:09:37.322,2.01533,2.01629,1.13,1.88
2011.12.07 21:09:42.113,2.01538,2.01634,1.13,1.88
2011.12.07 21:09:43.127,2.01541,2.01636,1.13,1.88
2011.12.07 21:09:46.376,2.01541,2.01636,1.13,1.88
2011.12.07 21:09:46.513,2.01538,2.01634,1.13,1.88
2011.12.07 21:09:46.622,2.01538,2.01634,1.13,1.88
2011.12.07 21:09:47.921,2.01538,2.01634,1.13,1.88
2011.12.07 21:09:56.983,2.01538,2.01634,1.13,1.88
2011.12.07 21:10:00.329,2.01538,2.01634,1.50,1.88
2011.12.07 21:10:00.662,2.0156,2.01638,1.13,1.88
2011.12.07 21:10:00.962,2.0156,2.01638,1.13,1.88
2011.12.07 21:10:02.143,2.0156,2.01638,1.13,1.88
2011.12.07 21:10:05.692,2.0156,2.01638,1.13,1.88
2011.12.07 21:10:06.132,2.0156,2.01638,1.13,1.88
2011.12.07 21:10:06.254,2.0156,2.01638,1.13,1.88
2011.12.07 21:10:11.891,2.01554,2.01634,1.13,1.88
2011.12.07 21:10:15.775,2.01554,2.01634,1.13,1.88
2011.12.07 21:10:15.943,2.01551,2.01632,1.13,1.88
2011.12.07 21:10:16.052,2.01554,2.01634,1.13,1.88
2011.12.07 21:10:17.874,2.01554,2.01634,1.13,1.88
2011.12.07 21:10:21.493,2.0156,2.01638,1.13,1.88
2011.12.07 21:10:28.962,2.0156,2.01638,1.13,1.13
2011.12.07 21:10:33.150,2.0156,2.01638,1.13,1.88
2011.12.07 21:10:43.392,2.0156,2.01638,1.13,1.88
2011.12.07 21:11:18.854,2.0156,2.01638,1.13,1.13
2011.12.07 21:11:18.971,2.0156,2.01638,1.13,1.88
2011.12.07 21:11:20.605,2.0156,2.01638,1.13,1.88
2011.12.07 21:11:20.725,2.01551,2.01632,1.88,1.13
2011.12.07 21:11:21.172,2.01551,2.01632,1.13,1.13
2011.12.07 21:11:21.284,2.01555,2.01654,1.13,1.88
2011.12.07 21:11:26.023,2.01555,2.01654,1.13,1.88
2011.12.07 21:11:26.242,2.01554,2.01653,1.13,1.13
2011.12.07 21:11:26.383,2.01554,2.01653,1.13,1.88
2011.12.07 21:11:27.919,2.01554,2.01655,1.13,1.88
2011.12.07 21:11:32.341,2.01554,2.01655,1.13,1.88
2011.12.07 21:11:33.151,2.01554,2.01655,1.13,1.88
2011.12.07 21:11:48.681,2.01554,2.01655,1.13,1.88
2011.12.07 21:11:48.901,2.01563,2.0166,1.13,1.88
2011.12.07 21:11:56.705,2.01563,2.0166,1.13,1.13
2011.12.07 21:11:56.931,2.01563,2.0166,1.13,1.88
2011.12.07 21:12:33.921,2.01563,2.0166,1.13,1.88
2011.12.07 21:12:35.205,2.01561,2.01637,1.13,1.88
2011.12.07 21:12:45.909,2.01561,2.01637,1.13,1.88
2011.12.07 21:12:46.144,2.01561,2.01637,1.13,1.88
2011.12.07 21:12:51.424,2.01561,2.01637,1.13,1.88
2011.12.07 21:13:02.190,2.01561,2.01637,1.13,1.88
2011.12.07 21:13:04.621,2.01561,2.01637,1.13,1.88
2011.12.07 21:13:04.828,2.01561,2.01637,1.13,1.13
2011.12.07 21:13:05.427,2.01522,2.0163,1.20,1.13
2011.12.07 21:13:05.652,2.01516,2.0163,1.88,1.13
2011.12.07 21:13:05.987,2.01516,2.0163,1.13,1.88
2011.12.07 21:13:07.252,2.01516,2.0163,1.73,1.88
2011.12.07 21:13:07.802,2.01517,2.0163,1.20,1.88
2011.12.07 21:13:12.231,2.01516,2.01621,1.73,1.35
2011.12.07 21:13:12.898,2.01516,2.01621,1.13,1.35
2011.12.07 21:13:20.481,2.0151,2.01623,1.13,1.88
2011.12.07 21:13:21.482,2.0151,2.01601,1.13,1.35
2011.12.07 21:13:21.984,2.0151,2.01606,1.13,1.20
2011.12.07 21:13:24.051,2.0151,2.0161,1.13,1.20
2011.12.07 21:13:24.791,2.0151,2.01607,1.13,1.20
2011.12.07 21:13:25.352,2.0151,2.01605,1.13,1.20
2011.12.07 21:13:25.981,2.01517,2.01605,1.13,1.20
2011.12.07 21:13:26.213,2.01517,2.01612,1.13,1.20
2011.12.07 21:13:29.661,2.01517,2.0161,1.13,1.20
2011.12.07 21:13:32.824,2.01514,2.0161,1.13,1.20
2011.12.07 21:13:46.421,2.01517,2.0161,1.13,1.20
2011.12.07 21:13:46.539,2.01517,2.01611,1.13,1.20
2011.12.07 21:13:49.247,2.01517,2.01611,1.13,1.20
2011.12.07 21:14:08.734,2.01517,2.01607,1.13,1.20
2011.12.07 21:14:08.877,2.01509,2.01607,1.13,1.20
2011.12.07 21:14:09.317,2.01509,2.01607,1.88,1.20
2011.12.07 21:14:09.542,2.01515,2.01624,1.50,1.88
2011.12.07 21:14:09.654,2.01553,2.01625,1.13,1.35
2011.12.07 21:14:12.693,2.01561,2.01621,1.13,1.35
2011.12.07 21:14:14.442,2.01517,2.01608,1.13,1.35
2011.12.07 21:14:16.430,2.01517,2.01614,1.13,1.35
2011.12.07 21:14:20.212,2.01513,2.01607,1.13,1.88
2011.12.07 21:14:21.214,2.01513,2.01607,1.13,1.88
2011.12.07 21:14:21.672,2.01509,2.01585,1.13,1.88
2011.12.07 21:14:23.172,2.01517,2.01606,1.13,1.20
2011.12.07 21:14:23.661,2.01513,2.01605,1.13,1.35
2011.12.07 21:14:23.771,2.01513,2.01607,1.13,1.88
2011.12.07 21:14:26.442,2.01515,2.01612,1.13,1.35
2011.12.07 21:14:41.816,2.01515,2.01609,1.88,1.20
2011.12.07 21:14:41.933,2.01519,2.01615,1.13,1.35
2011.12.07 21:14:42.043,2.01537,2.0162,1.13,1.88
2011.12.07 21:14:42.385,2.01537,2.0162,1.13,1.88
2011.12.07 21:14:42.502,2.01537,2.0162,1.13,1.88
2011.12.07 21:15:37.316,2.01537,2.0162,1.88,1.88
2011.12.07 21:15:37.792,2.0156,2.01623,1.13,1.88
2011.12.07 21:15:38.596,2.0156,2.01623,1.13,1.88
2011.12.07 21:15:39.223,2.0156,2.01623,1.13,1.88
2011.12.07 21:15:39.586,2.0156,2.01623,1.13,1.13
2011.12.07 21:15:39.702,2.0156,2.01623,1.13,1.88
2011.12.07 21:16:18.070,2.01557,2.01615,1.13,1.88
2011.12.07 21:16:19.657,2.01557,2.01615,1.13,1.88
2011.12.07 21:16:32.086,2.01557,2.01615,1.13,1.88
2011.12.07 21:16:35.585,2.01559,2.01624,1.13,1.88
2011.12.07 21:16:36.426,2.01556,2.01616,1.13,1.88
2011.12.07 21:16:36.774,2.0156,2.01623,1.13,1.88
2011.12.07 21:16:37.493,2.01557,2.01615,1.13,1.88
2011.12.07 21:16:38.463,2.01543,2.01603,1.13,1.88
2011.12.07 21:16:46.787,2.01543,2.01603,1.13,1.13
2011.12.07 21:16:56.805,2.01543,2.01603,1.13,1.88
2011.12.07 21:16:57.036,2.01524,2.01584,1.13,1.88
2011.12.07 21:16:57.373,2.01522,2.01583,1.13,1.13
2011.12.07 21:17:00.952,2.01522,2.01583,1.13,1.50
2011.12.07 21:17:01.173,2.0152,2.0158,1.13,1.13
2011.12.07 21:17:02.144,2.01516,2.01576,1.13,1.13
2011.12.07 21:17:02.369,2.01509,2.01573,1.13,1.13
2011.12.07 21:17:04.347,2.0151,2.01573,1.13,1.13
2011.12.07 21:17:04.835,2.0151,2.01573,1.50,1.13
2011.12.07 21:17:05.179,2.01523,2.01586,1.13,1.88
2011.12.07 21:17:05.819,2.01523,2.01586,1.13,1.13
2011.12.07 21:17:08.307,2.01523,2.01585,1.13,1.13
2011.12.07 21:17:08.863,2.01526,2.01608,1.13,1.88
2011.12.07 21:17:12.206,2.01526,2.01608,1.13,1.88
2011.12.07 21:17:12.542,2.01508,2.01592,1.20,1.88
2011.12.07 21:17:13.053,2.015,2.01581,1.13,1.88
2011.12.07 21:17:13.358,2.015,2.01581,1.73,1.88
2011.12.07 21:17:15.922,2.015,2.01581,1.73,1.88
2011.12.07 21:17:23.422,2.015,2.01581,1.88,1.13
2011.12.07 21:17:23.822,2.01521,2.01586,1.13,1.88
2011.12.07 21:17:24.153,2.01521,2.01586,1.13,1.88
2011.12.07 21:17:28.487,2.01521,2.01586,1.13,1.88
2011.12.07 21:17:30.895,2.01521,2.01586,1.13,1.88
2011.12.07 21:17:31.963,2.01499,2.01582,1.39,1.88
2011.12.07 21:17:32.182,2.01499,2.01582,1.13,1.88
2011.12.07 21:17:47.922,2.01508,2.01587,1.13,1.88
2011.12.07 21:17:48.142,2.01508,2.01587,1.13,1.13
2011.12.07 21:17:48.253,2.01513,2.01594,1.13,1.13
2011.12.07 21:17:48.583,2.01522,2.01599,1.13,1.88
2011.12.07 21:17:58.113,2.01512,2.01595,1.13,1.88
2011.12.07 21:18:01.963,2.01512,2.01595,1.88,1.13
2011.12.07 21:18:02.558,2.01515,2.01595,1.50,1.13
2011.12.07 21:18:03.046,2.01535,2.01598,1.13,1.13
2011.12.07 21:18:03.825,2.01543,2.01604,1.13,1.13
2011.12.07 21:18:04.203,2.01548,2.01611,1.13,1.13
2011.12.07 21:18:04.424,2.01552,2.01617,1.13,1.13
2011.12.07 21:18:08.983,2.01552,2.01617,1.50,1.13
2011.12.07 21:18:09.216,2.01565,2.0163,1.13,1.13
2011.12.07 21:18:10.194,2.01552,2.01617,1.50,1.13
2011.12.07 21:18:10.943,2.01552,2.01617,1.13,1.13
2011.12.07 21:18:37.373,2.01552,2.01617,1.13,1.88
2011.12.07 21:18:38.933,2.01552,2.01617,1.13,1.88
2011.12.07 21:18:39.044,2.0153,2.01613,1.39,1.13
2011.12.07 21:18:39.963,2.0153,2.01613,1.13,1.13
2011.12.07 21:18:57.457,2.0153,2.01613,1.88,1.13
2011.12.07 21:18:57.815,2.01552,2.01617,1.13,1.13
2011.12.07 21:18:59.435,2.01552,2.01617,1.13,1.88
2011.12.07 21:19:38.131,2.01552,2.01617,1.13,1.13
2011.12.07 21:19:45.346,2.01552,2.01617,1.13,1.88
2011.12.07 21:19:45.777,2.01535,2.01596,1.13,1.13
2011.12.07 21:19:45.898,2.01539,2.01604,1.13,1.13
2011.12.07 21:19:46.126,2.01549,2.01608,1.13,1.13
2011.12.07 21:19:46.248,2.01539,2.01604,1.13,1.13
2011.12.07 21:19:46.477,2.01549,2.01608,1.13,1.88
2011.12.07 21:19:46.815,2.01549,2.01608,1.13,1.88
2011.12.07 21:19:46.934,2.01518,2.01599,1.13,1.88
2011.12.07 21:19:47.044,2.01526,2.01605,1.88,1.13
2011.12.07 21:19:47.265,2.01525,2.01599,1.50,1.13
2011.12.07 21:19:47.385,2.01541,2.01615,1.13,1.50
2011.12.07 21:19:47.612,2.01541,2.01615,1.13,2.25
2011.12.07 21:19:47.833,2.01539,2.01604,1.13,1.88
2011.12.07 21:20:04.173,2.01517,2.016,1.13,1.13
2011.12.07 21:20:32.902,2.0152,2.0161,1.13,1.13
2011.12.07 21:20:34.774,2.0152,2.0161,1.13,1.88
2011.12.07 21:20:35.103,2.01506,2.01598,1.88,1.13
2011.12.07 21:20:51.464,2.01506,2.01598,1.13,1.88
2011.12.07 21:20:58.367,2.01527,2.01604,1.13,1.13
2011.12.07 21:20:58.763,2.0153,2.01606,1.13,1.88
2011.12.07 21:20:59.280,2.01537,2.01615,1.13,1.88
2011.12.07 21:21:02.962,2.0154,2.01618,1.13,1.88
2011.12.07 21:21:03.292,2.01537,2.01615,1.13,1.88
2011.12.07 21:21:06.084,2.01537,2.01615,1.13,1.88
2011.12.07 21:21:06.192,2.01535,2.01613,1.13,1.13
2011.12.07 21:21:11.140,2.01535,2.01613,1.13,1.88
2011.12.07 21:21:11.361,2.01535,2.01613,1.13,1.13
2011.12.07 21:21:13.945,2.01535,2.01613,1.88,1.13
2011.12.07 21:21:14.274,2.01556,2.01615,1.13,1.13
2011.12.07 21:21:15.142,2.01556,2.01618,1.13,1.88
2011.12.07 21:21:15.472,2.01534,2.01614,1.13,1.13
2011.12.07 21:21:56.661,2.01534,2.01614,1.88,1.13
2011.12.07 21:21:56.969,2.01545,2.01614,1.13,1.88
2011.12.07 21:22:13.649,2.01545,2.01608,1.13,1.13
2011.12.07 21:22:14.576,2.01545,2.01614,1.13,1.88
2011.12.07 21:22:21.960,2.01557,2.01622,1.13,1.13
2011.12.07 21:22:22.179,2.01557,2.01625,1.13,1.13
2011.12.07 21:22:23.890,2.01557,2.01625,1.13,1.50
2011.12.07 21:22:24.000,2.01544,2.01615,1.13,1.88
2011.12.07 21:22:28.469,2.01555,2.01616,1.13,1.88
2011.12.07 21:23:02.386,2.01555,2.01616,1.88,1.88
2011.12.07 21:23:03.155,2.01555,2.01616,1.13,1.88
2011.12.07 21:23:04.509,2.01557,2.01615,1.13,1.50
2011.12.07 21:23:09.420,2.01557,2.01617,1.13,1.88
2011.12.07 21:23:09.533,2.0157,2.01625,1.13,1.13
2011.12.07 21:23:11.092,2.01568,2.01625,1.13,1.13
2011.12.07 21:23:16.520,2.01568,2.01621,1.13,1.13
2011.12.07 21:23:17.233,2.01562,2.01621,1.13,1.13
2011.12.07 21:23:17.353,2.01568,2.01621,1.13,1.13
2011.12.07 21:23:17.471,2.01568,2.01625,1.13,1.13
2011.12.07 21:23:17.677,2.01568,2.01621,1.13,1.13
2011.12.07 21:23:19.110,2.01568,2.01624,1.13,1.13
2011.12.07 21:23:30.616,2.01563,2.01622,1.88,1.50
2011.12.07 21:23:31.478,2.01561,2.01619,1.88,1.13
2011.12.07 21:23:31.590,2.01561,2.01622,1.88,1.50
2011.12.07 21:23:34.588,2.01561,2.01622,1.88,1.13
2011.12.07 21:23:34.920,2.01579,2.01656,1.13,1.13
2011.12.07 21:23:35.412,2.01579,2.01656,1.13,1.88
2011.12.07 21:23:35.640,2.01577,2.0163,1.13,1.50
2011.12.07 21:23:35.750,2.01561,2.01619,1.88,1.13
2011.12.07 21:23:38.890,2.01574,2.01632,1.13,1.13
2011.12.07 21:23:43.610,2.01574,2.01635,1.13,1.50
2011.12.07 21:23:46.440,2.01587,2.01645,1.13,1.50
2011.12.07 21:23:46.598,2.01587,2.01647,1.13,1.13
2011.12.07 21:23:47.213,2.01587,2.01648,1.13,1.50
2011.12.07 21:23:48.633,2.01587,2.01648,1.13,1.88
2011.12.07 21:23:48.832,2.01575,2.01634,1.13,1.13
2011.12.07 21:23:51.800,2.01578,2.01643,1.13,1.50
2011.12.07 21:23:51.916,2.01574,2.01635,1.13,1.50
2011.12.07 21:23:53.890,2.01574,2.01635,1.88,1.50
2011.12.07 21:23:55.019,2.01574,2.01635,1.13,1.50
2011.12.07 21:23:57.959,2.01588,2.01647,1.13,2.25
2011.12.07 21:23:58.071,2.01588,2.01647,1.13,1.50
2011.12.07 21:24:05.855,2.01574,2.01635,1.13,1.13
2011.12.07 21:24:13.772,2.01576,2.01635,1.13,1.13
2011.12.07 21:24:21.440,2.01581,2.0164,1.13,1.13
2011.12.07 21:24:29.361,2.01581,2.0164,1.13,1.13
2011.12.07 21:24:29.693,2.01569,2.01625,1.13,1.50
2011.12.07 21:24:30.251,2.01568,2.01625,1.13,1.50
2011.12.07 21:24:35.411,2.01557,2.01616,1.13,1.13
2011.12.07 21:24:38.220,2.01557,2.01615,1.13,1.50
2011.12.07 21:24:38.551,2.01557,2.01607,1.13,1.13
2011.12.07 21:24:39.380,2.01557,2.01615,1.13,1.88
2011.12.07 21:24:39.600,2.01564,2.01615,1.13,1.13
2011.12.07 21:24:40.492,2.01564,2.01615,1.13,1.13
2011.12.07 21:24:40.613,2.0155,2.0161,1.13,1.88
2011.12.07 21:24:40.730,2.01549,2.01608,1.13,1.13
2011.12.07 21:24:41.650,2.01555,2.01615,1.13,1.88
2011.12.07 21:24:47.684,2.01555,2.01615,1.13,1.13
2011.12.07 21:25:02.359,2.01557,2.01616,1.13,1.13
2011.12.07 21:25:02.883,2.01557,2.01616,1.13,1.50
2011.12.07 21:25:03.667,2.01565,2.01622,1.13,1.50
2011.12.07 21:25:12.659,2.01565,2.01626,1.13,1.88
2011.12.07 21:25:12.880,2.01565,2.01626,1.13,1.13
2011.12.07 21:25:12.989,2.01574,2.01632,1.13,1.88
2011.12.07 21:25:30.920,2.01574,2.01632,1.13,1.13
2011.12.07 21:25:31.031,2.01577,2.01636,1.13,1.13
2011.12.07 21:25:58.330,2.01567,2.01634,1.13,1.13
2011.12.07 21:26:02.000,2.01577,2.01639,1.13,1.13
2011.12.07 21:26:08.912,2.01577,2.01642,1.13,1.50
2011.12.07 21:26:09.133,2.0159,2.01647,1.13,1.88
2011.12.07 21:26:09.472,2.01597,2.01647,1.13,1.13
2011.12.07 21:26:11.711,2.01586,2.01644,1.13,1.50
2011.12.07 21:26:14.103,2.01586,2.01639,1.13,1.13
2011.12.07 21:26:14.350,2.01586,2.01646,1.13,1.88
2011.12.07 21:26:14.460,2.01568,2.0164,1.13,1.50
2011.12.07 21:26:14.890,2.01568,2.0164,1.50,1.13
2011.12.07 21:26:15.112,2.01581,2.01653,1.13,1.50
2011.12.07 21:26:16.410,2.01605,2.0166,1.13,1.13
2011.12.07 21:26:16.851,2.01611,2.01665,1.13,1.50
2011.12.07 21:26:19.150,2.01609,2.01665,1.13,1.50
2011.12.07 21:26:21.932,2.01609,2.0166,1.13,1.13
2011.12.07 21:26:22.161,2.01597,2.01655,1.13,2.25
2011.12.07 21:26:22.702,2.01598,2.01657,1.13,1.88
2011.12.07 21:26:22.843,2.01598,2.01657,1.13,1.13
2011.12.07 21:26:23.181,2.01601,2.01668,1.13,2.63
2011.12.07 21:26:25.210,2.01601,2.01668,1.13,1.88
2011.12.07 21:26:25.430,2.01615,2.0168,1.13,2.63
2011.12.07 21:26:25.883,2.01615,2.0168,1.13,2.63
2011.12.07 21:26:26.001,2.01602,2.01667,1.13,1.88
2011.12.07 21:26:26.863,2.01602,2.01667,1.13,1.13
2011.12.07 21:26:27.090,2.01602,2.01667,1.13,1.88
2011.12.07 21:26:28.311,2.01601,2.01668,1.13,1.88
2011.12.07 21:26:29.410,2.01601,2.01668,1.13,1.13
2011.12.07 21:26:29.939,2.01615,2.01675,1.13,1.13
2011.12.07 21:26:31.892,2.01615,2.01675,1.13,1.50
2011.12.07 21:26:32.120,2.01602,2.01667,1.13,1.88
2011.12.07 21:26:39.070,2.01602,2.01665,1.13,1.50
2011.12.07 21:26:39.181,2.01588,2.01655,1.13,1.88
2011.12.07 21:26:41.353,2.01578,2.01652,1.13,1.50
2011.12.07 21:26:41.580,2.01578,2.01652,1.13,1.13
2011.12.07 21:26:49.082,2.01579,2.01653,1.13,1.13
2011.12.07 21:26:56.180,2.01583,2.01662,1.13,1.13
2011.12.07 21:27:01.402,2.01583,2.01662,1.13,1.88
2011.12.07 21:27:01.809,2.0158,2.0165,1.13,1.13
2011.12.07 21:27:04.230,2.01592,2.01664,1.13,1.88
2011.12.07 21:27:06.470,2.01605,2.01677,1.13,1.88
2011.12.07 21:27:07.813,2.01593,2.01663,1.13,1.88
2011.12.07 21:27:12.631,2.0159,2.01655,1.13,1.88
2011.12.07 21:27:12.961,2.01592,2.01655,1.13,1.50
2011.12.07 21:27:19.239,2.01592,2.01664,1.13,1.13
2011.12.07 21:27:23.419,2.01593,2.01665,1.13,1.13
2011.12.07 21:27:27.951,2.01594,2.01674,1.13,1.13
2011.12.07 21:27:28.170,2.01596,2.01673,1.13,1.13
2011.12.07 21:27:29.709,2.01594,2.01666,1.13,1.13
2011.12.07 21:27:30.587,2.01594,2.01666,1.13,1.88
2011.12.07 21:27:34.191,2.01593,2.01665,1.13,1.88
2011.12.07 21:27:37.925,2.01593,2.01665,1.13,1.13
2011.12.07 21:27:38.043,2.01595,2.01673,1.13,1.13
2011.12.07 21:27:56.900,2.01595,2.01673,1.13,1.88
2011.12.07 21:27:57.010,2.01593,2.01665,1.13,1.88
2011.12.07 21:28:22.161,2.01593,2.01665,1.13,1.13
2011.12.07 21:28:22.379,2.01593,2.01665,1.13,1.88
2011.12.07 21:28:22.919,2.01594,2.01666,1.13,1.88
2011.12.07 21:28:29.556,2.01592,2.01666,1.13,1.88
2011.12.07 21:28:51.910,2.01595,2.01668,1.13,1.88
2011.12.07 21:28:52.020,2.01608,2.01669,1.13,1.50
2011.12.07 21:28:57.670,2.01608,2.01675,1.13,1.50
2011.12.07 21:28:58.262,2.01595,2.01667,1.13,1.88
2011.12.07 21:28:59.700,2.01584,2.01665,1.13,1.88
2011.12.07 21:29:05.371,2.01584,2.01665,1.13,1.88
2011.12.07 21:29:05.481,2.01586,2.01675,1.13,1.50
2011.12.07 21:29:05.589,2.01586,2.01676,1.13,1.88
2011.12.07 21:29:09.481,2.01573,2.01663,1.13,1.13
2011.12.07 21:29:09.810,2.01575,2.01674,1.13,1.88
2011.12.07 21:29:10.252,2.01585,2.01677,1.13,1.88
2011.12.07 21:29:20.501,2.01584,2.01673,1.13,1.88
2011.12.07 21:29:20.721,2.01584,2.01673,1.13,1.13
2011.12.07 21:29:23.190,2.01571,2.0166,1.13,1.13
2011.12.07 21:29:23.669,2.01571,2.0166,1.13,1.88
2011.12.07 21:29:24.183,2.01571,2.0166,1.13,1.13
2011.12.07 21:29:24.902,2.01562,2.01658,1.13,1.13
2011.12.07 21:29:25.010,2.01571,2.0166,1.13,1.13
2011.12.07 21:29:27.441,2.01561,2.01659,1.13,1.13
2011.12.07 21:29:27.770,2.01572,2.01659,1.13,1.13
2011.12.07 21:29:34.881,2.01573,2.01663,1.13,1.13
2011.12.07 21:29:41.430,2.01575,2.01674,1.13,1.13
2011.12.07 21:29:45.079,2.01575,2.01674,1.13,1.88
2011.12.07 21:29:50.439,2.01575,2.01674,1.13,1.88
2011.12.07 21:29:52.670,2.01575,2.01674,1.13,1.13
2011.12.07 21:30:00.719,2.01586,2.01676,1.13,2.48
2011.12.07 21:30:01.591,2.01586,2.01676,1.13,1.88
2011.12.07 21:30:01.921,2.01607,2.01679,1.13,2.25
2011.12.07 21:30:03.120,2.01607,2.01679,1.13,2.25
2011.12.07 21:30:06.740,2.01607,2.01679,1.13,2.25
2011.12.07 21:30:07.681,2.01594,2.01666,1.13,1.50
2011.12.07 21:30:08.940,2.01594,2.01666,1.50,1.13
2011.12.07 21:30:09.944,2.01606,2.01678,1.13,1.13
2011.12.07 21:30:10.493,2.01606,2.01678,1.13,1.13
2011.12.07 21:30:51.379,2.01606,2.01678,1.13,1.13
2011.12.07 21:30:51.931,2.01585,2.01677,1.13,1.88
2011.12.07 21:30:53.003,2.01585,2.01677,1.13,1.88
2011.12.07 21:30:53.717,2.01585,2.01677,1.13,1.88
2011.12.07 21:30:53.909,2.01585,2.01677,1.13,1.88
2011.12.07 21:30:55.654,2.01585,2.01672,1.88,1.13
2011.12.07 21:30:56.161,2.01595,2.01672,1.13,1.13
2011.12.07 21:30:56.491,2.01595,2.01672,1.13,1.13
2011.12.07 21:30:56.771,2.01585,2.01677,1.13,1.88
2011.12.07 21:30:56.880,2.01585,2.01672,1.88,1.13
2011.12.07 21:30:57.212,2.01595,2.01672,1.13,1.13
2011.12.07 21:30:58.911,2.01595,2.01672,1.13,1.13
2011.12.07 21:30:59.023,2.01595,2.01672,1.13,1.13
2011.12.07 21:30:59.143,2.01595,2.01641,1.13,1.50
2011.12.07 21:30:59.262,2.01562,2.01661,1.13,1.88
2011.12.07 21:31:03.221,2.01562,2.01661,1.13,1.88
2011.12.07 21:31:03.329,2.01545,2.01654,1.20,1.88
2011.12.07 21:31:03.771,2.01524,2.01651,1.20,1.35
2011.12.07 21:31:05.019,2.01528,2.01651,1.20,1.35
2011.12.07 21:31:05.483,2.01532,2.01654,1.20,1.88
2011.12.07 21:31:06.288,2.01536,2.01654,1.20,1.88
2011.12.07 21:31:06.406,2.01542,2.01654,1.20,1.88
2011.12.07 21:31:06.850,2.01545,2.01654,1.20,1.88
2011.12.07 21:31:07.070,2.0154,2.01654,1.20,1.88
2011.12.07 21:31:07.180,2.01537,2.01654,1.20,1.88
2011.12.07 21:31:08.428,2.01537,2.01654,1.20,2.25
2011.12.07 21:31:08.763,2.01462,2.01593,1.20,2.33
2011.12.07 21:31:09.102,2.01459,2.01589,1.20,1.20
2011.12.07 21:31:09.430,2.01434,2.01567,1.20,2.33
2011.12.07 21:31:09.696,2.01434,2.01567,1.20,2.33
2011.12.07 21:31:10.540,2.01436,2.01567,1.20,1.73
2011.12.07 21:31:10.868,2.01436,2.01561,1.20,1.13
2011.12.07 21:31:10.980,2.01402,2.01535,1.20,1.20
2011.12.07 21:31:11.546,2.01391,2.01535,1.20,1.20
2011.12.07 21:31:11.659,2.01386,2.01519,1.20,1.20
2011.12.07 21:31:12.317,2.01386,2.01519,1.20,1.20
2011.12.07 21:31:12.866,2.0139,2.01534,1.20,1.20
2011.12.07 21:31:12.979,2.01407,2.01537,1.20,1.20
2011.12.07 21:31:14.735,2.01402,2.01537,1.20,1.20
2011.12.07 21:31:14.849,2.01399,2.0153,1.20,1.20
2011.12.07 21:31:19.664,2.01396,2.01528,1.20,1.20
2011.12.07 21:31:22.498,2.01399,2.01532,1.20,1.20
2011.12.07 21:31:22.943,2.01392,2.01528,1.20,1.20
2011.12.07 21:31:23.058,2.01392,2.01524,1.20,1.20
2011.12.07 21:31:23.480,2.01389,2.01522,1.20,1.20
2011.12.07 21:31:26.339,2.01389,2.01528,1.20,1.20
2011.12.07 21:31:26.602,2.01399,2.01532,1.20,1.20
2011.12.07 21:31:35.951,2.0139,2.01521,1.20,1.20
2011.12.07 21:31:36.279,2.01394,2.01525,1.20,1.20
2011.12.07 21:31:36.611,2.01404,2.01535,1.20,1.20
2011.12.07 21:31:37.467,2.01433,2.01563,1.20,1.20
2011.12.07 21:31:37.839,2.01433,2.01563,1.20,1.20
2011.12.07 21:31:38.060,2.01424,2.01556,1.20,1.20
2011.12.07 21:31:39.779,2.01424,2.01556,1.20,1.20
2011.12.07 21:31:41.879,2.01425,2.01555,1.20,1.20
2011.12.07 21:31:56.814,2.01425,2.01555,1.20,1.20
2011.12.07 21:31:59.818,2.01444,2.01577,1.20,1.20
2011.12.07 21:32:00.304,2.01444,2.01581,1.20,1.20
2011.12.07 21:32:00.419,2.01452,2.01585,1.20,1.20
2011.12.07 21:32:04.862,2.01452,2.01603,1.20,1.20
2011.12.07 21:32:04.978,2.01475,2.01608,1.20,1.20
2011.12.07 21:32:05.844,2.01475,2.01608,1.20,1.20
2011.12.07 21:32:06.199,2.01486,2.01619,1.20,1.20
2011.12.07 21:32:14.433,2.01466,2.01614,1.20,1.20
2011.12.07 21:32:14.549,2.01466,2.01597,1.20,1.20
2011.12.07 21:32:14.769,2.01463,2.01595,1.20,1.20
2011.12.07 21:32:15.729,2.01465,2.01598,1.20,1.20
2011.12.07 21:32:16.930,2.0147,2.01605,1.20,1.20
2011.12.07 21:32:17.040,2.01474,2.01605,1.20,1.20
2011.12.07 21:32:21.800,2.01502,2.01613,1.13,1.20
2011.12.07 21:32:22.480,2.01502,2.01608,1.13,1.20
2011.12.07 21:32:22.811,2.01502,2.01611,1.13,1.20
2011.12.07 21:32:29.800,2.01502,2.01611,1.13,1.20
2011.12.07 21:32:30.161,2.01481,2.01607,1.13,1.20
2011.12.07 21:32:30.380,2.01503,2.01609,1.13,1.20
2011.12.07 21:32:36.621,2.01503,2.01614,1.13,1.35
2011.12.07 21:32:37.166,2.01503,2.01614,1.13,1.35
2011.12.07 21:32:38.355,2.01503,2.0161,1.13,1.20
2011.12.07 21:32:38.469,2.01503,2.01614,1.13,1.35
2011.12.07 21:32:44.244,2.01525,2.01615,1.13,1.20
2011.12.07 21:32:45.100,2.01503,2.01625,1.13,1.35
2011.12.07 21:32:45.210,2.01525,2.01625,1.13,1.35
2011.12.07 21:32:45.905,2.01525,2.0163,1.13,1.35
2011.12.07 21:32:56.539,2.01524,2.01626,1.13,1.35
2011.12.07 21:32:56.953,2.01524,2.01623,1.13,1.20
2011.12.07 21:32:57.290,2.01503,2.01612,1.13,1.20
2011.12.07 21:32:57.891,2.01546,2.01612,1.13,1.20
2011.12.07 21:32:58.260,2.01546,2.01641,1.13,1.35
2011.12.07 21:32:58.920,2.01546,2.01641,1.13,1.35
2011.12.07 21:32:59.161,2.01544,2.01641,1.13,1.35
2011.12.07 21:33:00.314,2.01539,2.01638,1.13,1.35
2011.12.07 21:33:00.431,2.01539,2.01638,1.13,1.35
2011.12.07 21:33:00.650,2.01525,2.01641,1.20,1.88
2011.12.07 21:33:00.850,2.01496,2.01613,1.73,1.35
2011.12.07 21:33:00.960,2.01496,2.01613,1.13,1.35
2011.12.07 21:33:07.538,2.01524,2.01613,1.84,1.35
2011.12.07 21:33:07.995,2.01555,2.01641,1.61,1.73
2011.12.07 21:33:08.331,2.01501,2.0163,1.20,1.35
2011.12.07 21:33:08.908,2.01501,2.01626,1.20,1.35
2011.12.07 21:33:10.311,2.01495,2.01619,1.73,1.35
2011.12.07 21:33:10.990,2.01495,2.01617,1.13,1.35
2011.12.07 21:33:11.974,2.01495,2.01619,1.73,1.35
2011.12.07 21:33:14.199,2.01495,2.01619,1.73,1.35
2011.12.07 21:33:17.421,2.01492,2.01619,1.20,1.35
2011.12.07 21:33:17.641,2.01495,2.01619,1.73,1.35
2011.12.07 21:33:17.750,2.01489,2.01606,1.13,1.35
2011.12.07 21:33:18.596,2.01495,2.0162,1.20,1.88
2011.12.07 21:33:19.135,2.0149,2.01615,1.20,1.35
2011.12.07 21:33:19.250,2.01489,2.01615,1.73,1.35
2011.12.07 21:33:20.096,2.01489,2.01615,1.73,1.35
2011.12.07 21:33:20.444,2.01485,2.01599,1.73,1.88
2011.12.07 21:33:20.990,2.01485,2.01599,1.73,1.88
2011.12.07 21:33:32.649,2.01494,2.01605,1.13,1.35
2011.12.07 21:33:33.631,2.01493,2.01615,1.13,1.35
2011.12.07 21:33:35.471,2.01493,2.0162,1.13,1.20
2011.12.07 21:33:35.580,2.01493,2.01609,1.13,1.20
2011.12.07 21:33:35.799,2.01477,2.01605,1.20,1.35
2011.12.07 21:33:36.022,2.0147,2.01595,1.58,1.35
2011.12.07 21:33:36.129,2.01469,2.01595,1.35,1.35
2011.12.07 21:33:36.572,2.01488,2.01615,1.20,1.35
2011.12.07 21:33:41.299,2.0148,2.01608,1.20,1.35
2011.12.07 21:33:50.297,2.01483,2.01611,1.20,1.35
2011.12.07 21:33:52.456,2.01479,2.01607,1.20,1.35
2011.12.07 21:33:55.499,2.01479,2.01604,1.20,1.35
2011.12.07 21:33:56.040,2.01478,2.01604,1.35,1.35
2011.12.07 21:33:56.149,2.01483,2.01611,1.58,1.35
2011.12.07 21:34:00.674,2.01484,2.01612,1.20,1.35
2011.12.07 21:34:01.629,2.01487,2.01616,1.20,1.35
2011.12.07 21:34:03.289,2.01484,2.01613,1.20,1.35
2011.12.07 21:34:10.529,2.01483,2.01611,1.58,1.35
2011.12.07 21:34:11.100,2.01483,2.01612,1.58,1.35
2011.12.07 21:34:12.941,2.01484,2.01614,1.20,1.35
2011.12.07 21:34:16.491,2.01483,2.01611,1.20,1.35
2011.12.07 21:34:17.689,2.01481,2.01609,1.58,1.35
2011.12.07 21:34:20.679,2.01483,2.01609,1.35,1.35
2011.12.07 21:34:24.030,2.01485,2.01612,1.58,1.35
2011.12.07 21:34:40.421,2.01485,2.0161,1.58,1.35
2011.12.07 21:34:43.855,2.01483,2.0161,1.35,1.35
2011.12.07 21:34:44.818,2.01484,2.01612,1.58,1.35
2011.12.07 21:34:47.162,2.01487,2.01615,1.58,1.35
2011.12.07 21:34:48.142,2.01487,2.01613,1.58,1.35
2011.12.07 21:34:58.899,2.01484,2.01612,1.58,1.35
2011.12.07 21:35:11.250,2.01481,2.01605,1.35,1.35
2011.12.07 21:35:12.780,2.01488,2.01615,1.58,1.35
2011.12.07 21:35:13.142,2.01487,2.0161,1.58,1.35
2011.12.07 21:35:13.667,2.01482,2.01604,1.58,1.35
2011.12.07 21:35:13.785,2.01478,2.01604,1.58,1.35
2011.12.07 21:35:16.876,2.01475,2.01602,1.20,1.35
2011.12.07 21:35:16.990,2.01473,2.016,1.84,1.35
2011.12.07 21:35:17.099,2.01476,2.016,1.35,1.35
2011.12.07 21:35:20.670,2.01487,2.01615,1.20,1.35
2011.12.07 21:35:21.539,2.01478,2.01606,1.58,1.35
2011.12.07 21:35:26.451,2.01455,2.01583,1.84,1.35
2011.12.07 21:35:26.671,2.01455,2.01583,1.58,1.35
2011.12.07 21:35:26.980,2.01459,2.01585,1.20,1.35
2011.12.07 21:35:31.119,2.01459,2.01583,1.20,1.35
2011.12.07 21:35:31.982,2.01456,2.01585,1.20,1.35
2011.12.07 21:35:32.353,2.01458,2.01585,1.20,1.35
2011.12.07 21:35:32.861,2.01458,2.0159,1.20,1.35
2011.12.07 21:35:34.341,2.01465,2.0159,1.20,1.35
2011.12.07 21:35:35.329,2.01466,2.01594,1.20,1.35
2011.12.07 21:35:37.340,2.01471,2.01598,1.20,1.35
2011.12.07 21:35:37.959,2.01474,2.01601,1.20,1.35
2011.12.07 21:35:44.134,2.01474,2.01585,1.20,1.50
2011.12.07 21:35:44.510,2.01464,2.01575,1.58,1.13
2011.12.07 21:35:49.510,2.01464,2.01575,1.58,1.13
2011.12.07 21:35:50.394,2.01464,2.01575,1.58,1.13
2011.12.07 21:35:50.608,2.01467,2.01575,1.58,1.13
2011.12.07 21:35:51.054,2.0147,2.01575,1.20,1.13
2011.12.07 21:35:52.367,2.01468,2.01575,1.58,1.13
2011.12.07 21:35:52.480,2.01463,2.01575,1.95,1.13
2011.12.07 21:35:54.919,2.01463,2.01584,1.20,1.50
2011.12.07 21:35:55.030,2.01478,2.01606,1.20,1.35
2011.12.07 21:35:56.960,2.01477,2.01603,1.20,1.35
2011.12.07 21:35:59.304,2.01477,2.01607,1.20,1.95
2011.12.07 21:36:03.980,2.01476,2.01603,1.20,1.35
2011.12.07 21:36:04.869,2.01479,2.01606,1.20,1.35
2011.12.07 21:36:14.272,2.01483,2.01606,1.20,1.35
2011.12.07 21:36:14.997,2.01487,2.01615,1.20,1.35
2011.12.07 21:36:19.860,2.01488,2.01616,1.20,1.35
2011.12.07 21:36:22.393,2.01488,2.01616,1.20,1.35
2011.12.07 21:36:22.500,2.01488,2.01615,1.20,1.35
2011.12.07 21:36:22.720,2.01505,2.01615,1.13,1.35
2011.12.07 21:36:29.910,2.01505,2.01626,1.73,1.35
2011.12.07 21:36:31.780,2.01507,2.01631,1.20,1.88
2011.12.07 21:36:32.307,2.01509,2.01631,1.20,1.88
2011.12.07 21:36:36.330,2.01509,2.01631,1.20,1.88
2011.12.07 21:36:36.994,2.01511,2.01621,1.20,1.88
2011.12.07 21:36:37.506,2.01511,2.01621,1.20,1.88
2011.12.07 21:36:38.046,2.01509,2.01621,1.20,1.88
2011.12.07 21:36:41.981,2.01503,2.01621,2.33,1.88
2011.12.07 21:36:42.560,2.01503,2.01584,2.33,1.50
2011.12.07 21:36:42.891,2.01465,2.0153,1.88,1.13
2011.12.07 21:36:43.111,2.01502,2.01577,1.13,1.20
2011.12.07 21:36:43.346,2.01502,2.01584,1.73,1.35
2011.12.07 21:36:43.461,2.01502,2.01622,1.73,1.88
2011.12.07 21:36:54.951,2.01503,2.01622,1.20,1.88
2011.12.07 21:36:55.510,2.01502,2.01622,1.73,1.88
2011.12.07 21:36:56.210,2.01501,2.01606,1.20,1.88
2011.12.07 21:36:56.670,2.01501,2.01606,1.20,1.88
2011.12.07 21:36:57.361,2.01496,2.01606,1.20,1.88
2011.12.07 21:36:57.991,2.01496,2.01606,1.20,1.88
2011.12.07 21:36:58.951,2.01503,2.01621,1.13,1.88
2011.12.07 21:36:59.330,2.01503,2.01621,1.73,1.88
2011.12.07 21:37:04.510,2.01503,2.01612,1.20,1.88
2011.12.07 21:37:05.170,2.01497,2.01612,1.73,1.88
2011.12.07 21:37:05.820,2.01497,2.01612,1.73,1.88
2011.12.07 21:37:13.240,2.01497,2.01612,1.13,1.88
2011.12.07 21:37:20.339,2.01497,2.01612,1.13,1.88
2011.12.07 21:37:35.441,2.01497,2.01612,1.73,1.88
2011.12.07 21:37:36.291,2.01497,2.01612,1.13,1.88
2011.12.07 21:37:39.098,2.01497,2.01612,1.13,1.88
2011.12.07 21:37:39.302,2.01497,2.01612,1.13,1.88
2011.12.07 21:38:00.851,2.01497,2.01602,1.13,1.35
2011.12.07 21:38:00.973,2.01497,2.01602,1.13,1.35
2011.12.07 21:38:05.080,2.01497,2.01575,1.13,1.50
2011.12.07 21:38:05.412,2.01487,2.01545,1.13,1.88
2011.12.07 21:38:57.130,2.01491,2.01556,1.13,1.88
2011.12.07 21:39:04.700,2.01491,2.01556,1.13,2.25
2011.12.07 21:39:04.919,2.0148,2.01539,1.13,1.88
2011.12.07 21:39:14.438,2.0148,2.01539,1.13,1.88
2011.12.07 21:39:14.659,2.0148,2.01539,1.13,1.88
2011.12.07 21:39:30.443,2.01512,2.01564,1.13,1.50
2011.12.07 21:39:32.802,2.01512,2.01571,1.13,1.88
2011.12.07 21:39:35.153,2.01512,2.01571,1.13,1.88
2011.12.07 21:39:35.327,2.01512,2.01571,1.13,1.88
2011.12.07 21:39:35.443,2.01512,2.01571,1.13,1.13
2011.12.07 21:39:35.867,2.01512,2.01571,1.13,1.88
2011.12.07 21:39:38.399,2.01512,2.01571,1.13,1.13
2011.12.07 21:39:38.511,2.01517,2.0158,1.13,1.88
2011.12.07 21:39:39.091,2.01518,2.01592,1.13,1.88
2011.12.07 21:40:03.658,2.01506,2.01578,1.13,1.13
2011.12.07 21:40:03.817,2.01506,2.01578,1.13,1.88
2011.12.07 21:40:21.431,2.01506,2.01518,1.13,1.35
2011.12.07 21:40:21.538,2.01416,2.01514,1.01,1.13
2011.12.07 21:40:21.649,2.01395,2.01514,1.35,1.13
2011.12.07 21:40:23.544,2.0139,2.01514,1.35,1.35
2011.12.07 21:40:23.658,2.01386,2.01514,1.20,1.35
2011.12.07 21:40:23.991,2.01337,2.01466,1.35,1.20
2011.12.07 21:40:24.687,2.01348,2.01472,1.35,1.20
2011.12.07 21:40:24.798,2.01348,2.01476,1.35,1.20
2011.12.07 21:40:25.240,2.01348,2.01476,1.35,1.20
2011.12.07 21:40:25.729,2.01359,2.01492,1.20,1.20
2011.12.07 21:40:30.546,2.01363,2.01493,1.20,1.20
2011.12.07 21:40:32.485,2.01359,2.01493,1.20,1.20
2011.12.07 21:40:32.598,2.01355,2.01486,1.20,1.20
2011.12.07 21:40:35.398,2.01416,2.01486,1.13,1.20
2011.12.07 21:40:35.508,2.01416,2.01529,1.13,1.20
2011.12.07 21:40:36.035,2.01446,2.01554,1.35,1.35
2011.12.07 21:40:36.148,2.01446,2.0157,1.35,1.35
2011.12.07 21:40:37.628,2.01442,2.0157,1.20,1.35
2011.12.07 21:40:41.952,2.01446,2.0157,1.35,1.35
2011.12.07 21:40:42.357,2.01442,2.0157,1.20,1.35
2011.12.07 21:40:44.887,2.01446,2.0157,1.35,1.35
2011.12.07 21:40:45.325,2.01446,2.0157,1.35,1.35
2011.12.07 21:40:50.658,2.01442,2.0157,1.20,1.35
2011.12.07 21:40:50.768,2.01438,2.01566,1.20,1.35
2011.12.07 21:40:58.813,2.01432,2.01556,1.20,1.35
2011.12.07 21:40:58.928,2.01428,2.01556,1.20,1.35
2011.12.07 21:40:59.891,2.01425,2.01547,1.95,1.35
2011.12.07 21:40:59.999,2.01425,2.01547,1.35,1.35
2011.12.07 21:41:04.468,2.01435,2.01554,1.35,1.35
2011.12.07 21:41:04.577,2.01425,2.01551,1.35,1.35
2011.12.07 21:41:04.688,2.01494,2.01551,1.13,1.35
2011.12.07 21:41:04.799,2.01474,2.0156,1.13,1.35
2011.12.07 21:41:06.556,2.01474,2.01551,1.13,1.20
2011.12.07 21:41:06.677,2.015,2.01551,1.13,1.20
2011.12.07 21:41:06.791,2.015,2.01571,1.13,1.35
2011.12.07 21:41:06.901,2.015,2.01571,1.13,1.35
2011.12.07 21:41:07.377,2.01478,2.01564,1.13,1.35
2011.12.07 21:41:07.489,2.01477,2.01564,1.13,1.95
2011.12.07 21:41:09.288,2.01477,2.01559,1.13,1.20
2011.12.07 21:41:09.632,2.01473,2.01545,1.13,1.35
2011.12.07 21:41:09.969,2.01471,2.01549,1.13,1.35
2011.12.07 21:41:12.171,2.01487,2.01545,1.13,1.95
2011.12.07 21:41:12.502,2.01487,2.0154,1.13,1.35
2011.12.07 21:41:12.620,2.01471,2.0154,1.13,1.35
2011.12.07 21:41:13.802,2.01471,2.01554,1.88,1.35
2011.12.07 21:41:13.919,2.01515,2.01559,1.13,1.35
2011.12.07 21:41:19.657,2.01515,2.0158,1.13,1.88
2011.12.07 21:41:20.093,2.01467,2.0155,1.13,1.88
2011.12.07 21:41:20.209,2.01464,2.01527,1.13,1.88
2011.12.07 21:41:20.319,2.01464,2.01527,1.13,1.88
2011.12.07 21:41:20.431,2.01408,2.01509,1.46,1.13
2011.12.07 21:41:20.539,2.01408,2.01509,1.20,1.13
2011.12.07 21:41:20.929,2.01376,2.01506,1.20,1.20
2011.12.07 21:41:21.424,2.01376,2.01509,1.20,1.73
2011.12.07 21:41:21.538,2.01382,2.01509,1.20,1.13
2011.12.07 21:41:23.000,2.01386,2.01509,1.20,1.13
2011.12.07 21:41:29.562,2.01386,2.01509,1.20,1.13
2011.12.07 21:41:30.164,2.01388,2.01509,1.20,1.88
2011.12.07 21:41:30.282,2.01372,2.01504,1.20,1.35
2011.12.07 21:41:30.422,2.01372,2.01504,1.20,1.35
2011.12.07 21:41:33.974,2.01376,2.01502,1.20,1.35
2011.12.07 21:41:34.262,2.01368,2.01494,1.20,1.35
2011.12.07 21:41:34.836,2.01368,2.01494,1.20,1.35
2011.12.07 21:41:35.689,2.01356,2.01483,2.33,1.35
2011.12.07 21:41:36.210,2.01356,2.01487,1.20,1.35
2011.12.07 21:41:44.299,2.01358,2.01486,1.20,1.35
2011.12.07 21:41:48.698,2.01358,2.0149,1.20,1.35
2011.12.07 21:41:48.809,2.01368,2.01497,1.20,1.35
2011.12.07 21:41:50.052,2.01368,2.01497,1.20,1.35
2011.12.07 21:41:51.077,2.01368,2.01501,1.20,1.35
2011.12.07 21:41:54.606,2.01376,2.01503,1.20,1.35
2011.12.07 21:41:55.157,2.01377,2.01503,1.73,1.35
2011.12.07 21:41:55.391,2.01377,2.01503,1.73,1.35
2011.12.07 21:41:56.619,2.01377,2.01495,1.13,1.35
2011.12.07 21:42:08.228,2.01377,2.01501,1.73,1.35
2011.12.07 21:42:11.358,2.01377,2.01503,2.33,1.35
2011.12.07 21:42:11.470,2.01377,2.01503,2.33,1.35
2011.12.07 21:42:12.452,2.01377,2.01502,1.73,1.35
2011.12.07 21:42:14.539,2.01377,2.01503,2.33,1.35
2011.12.07 21:42:19.929,2.01377,2.01497,1.13,1.35
2011.12.07 21:42:24.708,2.01377,2.01503,1.73,1.35
2011.12.07 21:42:25.970,2.01377,2.01507,1.73,1.35
2011.12.07 21:42:38.714,2.01377,2.01504,2.33,1.35
2011.12.07 21:42:44.633,2.01377,2.01496,1.73,1.35
2011.12.07 21:42:44.749,2.01377,2.01496,1.13,1.35
2011.12.07 21:43:12.664,2.01377,2.01492,1.13,1.20
2011.12.07 21:43:27.961,2.01377,2.01492,1.13,1.20
2011.12.07 21:43:53.447,2.01377,2.01492,1.13,1.20
2011.12.07 21:43:59.668,2.01377,2.01489,1.13,1.20
2011.12.07 21:43:59.778,2.01359,2.01489,1.20,1.20
2011.12.07 21:44:00.276,2.01355,2.01486,2.33,1.20
2011.12.07 21:44:00.807,2.01358,2.01488,1.20,1.20
2011.12.07 21:44:01.470,2.01359,2.01492,1.20,1.20
2011.12.07 21:44:03.494,2.01359,2.01492,1.20,1.20
2011.12.07 21:44:24.499,2.01355,2.01483,1.73,1.20
2011.12.07 21:44:25.270,2.01364,2.01499,1.20,1.20
2011.12.07 21:44:25.378,2.01367,2.01499,1.20,1.20
2011.12.07 21:44:25.920,2.01363,2.01499,1.20,1.20
2011.12.07 21:44:26.029,2.01359,2.01492,1.20,1.20
2011.12.07 21:44:27.318,2.01359,2.01495,1.20,1.20
2011.12.07 21:44:27.429,2.01367,2.01499,1.20,1.20
2011.12.07 21:44:29.979,2.01369,2.01502,1.20,1.20
2011.12.07 21:44:31.318,2.01367,2.01502,1.20,1.20
2011.12.07 21:44:31.430,2.01363,2.01493,1.20,1.20
2011.12.07 21:44:34.126,2.01363,2.01493,1.20,1.20
2011.12.07 21:44:43.403,2.01364,2.01491,1.35,1.20
2011.12.07 21:44:48.254,2.01361,2.01491,1.35,1.20
2011.12.07 21:44:48.480,2.01357,2.01489,1.20,1.20
2011.12.07 21:44:48.631,2.01357,2.01472,1.20,1.13
2011.12.07 21:44:48.959,2.01341,2.01463,1.88,1.20
2011.12.07 21:44:50.010,2.01334,2.01461,2.48,1.20
2011.12.07 21:44:50.670,2.01336,2.01464,1.35,1.20
2011.12.07 21:44:51.262,2.01346,2.01479,1.20,1.20
2011.12.07 21:44:51.600,2.01346,2.01453,1.20,1.13
2011.12.07 21:44:51.929,2.01346,2.01446,1.20,1.13
2011.12.07 21:44:52.040,2.01322,2.01449,1.35,1.73
2011.12.07 21:44:52.432,2.0132,2.01449,1.35,1.73
2011.12.07 21:44:55.262,2.01315,2.01442,1.35,1.20
2011.12.07 21:44:57.310,2.01325,2.01449,1.35,1.73
2011.12.07 21:44:57.423,2.01328,2.01459,1.20,1.20
2011.12.07 21:44:57.781,2.01328,2.01459,1.20,1.20
2011.12.07 21:45:00.051,2.01335,2.01465,1.20,1.20
2011.12.07 21:45:00.809,2.01338,2.01469,1.20,1.20
2011.12.07 21:45:05.439,2.01342,2.01478,1.20,1.20
2011.12.07 21:45:05.549,2.01345,2.01478,1.20,1.20
2011.12.07 21:45:07.782,2.01343,2.01456,1.13,1.20
2011.12.07 21:45:07.901,2.01329,2.01456,1.35,1.20
2011.12.07 21:45:08.104,2.01329,2.01456,1.35,1.20
2011.12.07 21:45:08.330,2.01333,2.01459,1.35,1.73
2011.12.07 21:45:08.919,2.01346,2.01474,1.35,1.20
2011.12.07 21:45:10.512,2.01335,2.01459,1.35,1.73
2011.12.07 21:45:10.630,2.01328,2.01455,1.88,1.20
2011.12.07 21:45:19.614,2.01328,2.01455,1.13,1.20
2011.12.07 21:45:23.126,2.01328,2.01457,1.73,1.20
2011.12.07 21:45:23.240,2.01331,2.01459,1.20,1.73
2011.12.07 21:45:29.550,2.01346,2.01477,1.20,1.20
2011.12.07 21:45:31.920,2.01335,2.01477,1.20,1.20
2011.12.07 21:45:32.030,2.01332,2.01463,2.33,1.20
2011.12.07 21:45:32.422,2.0133,2.01463,1.20,2.33
2011.12.07 21:45:32.539,2.01327,2.01458,1.20,1.20
2011.12.07 21:45:33.400,2.01329,2.01461,1.20,1.20
2011.12.07 21:45:34.176,2.01333,2.01469,1.20,1.20
2011.12.07 21:45:34.289,2.01339,2.01469,1.20,1.20
2011.12.07 21:45:34.722,2.01333,2.01466,1.20,1.20
2011.12.07 21:45:35.072,2.01333,2.01464,1.20,1.20
2011.12.07 21:45:37.201,2.01355,2.01461,1.50,1.35
2011.12.07 21:45:37.529,2.01383,2.01481,1.13,1.35
2011.12.07 21:45:53.929,2.0137,2.0147,1.13,1.88
2011.12.07 21:45:54.332,2.0137,2.0147,1.13,1.88
2011.12.07 21:45:54.721,2.0137,2.0147,1.13,1.88
2011.12.07 21:45:58.649,2.0137,2.0147,1.13,1.88
2011.12.07 21:45:58.761,2.01336,2.01449,1.46,1.13
2011.12.07 21:45:59.210,2.01336,2.01449,1.20,1.13
2011.12.07 21:45:59.320,2.01314,2.01443,1.73,1.20
2011.12.07 21:46:11.233,2.01314,2.01443,1.73,1.20
2011.12.07 21:46:16.420,2.0132,2.01442,1.13,1.20
2011.12.07 21:46:16.531,2.0132,2.01446,1.13,1.20
2011.12.07 21:46:17.071,2.0132,2.0145,1.73,1.20
2011.12.07 21:46:19.419,2.0132,2.0145,1.13,1.20
2011.12.07 21:46:19.662,2.01313,2.01446,2.33,1.20
2011.12.07 21:46:19.960,2.01313,2.01446,2.33,1.20
2011.12.07 21:46:24.382,2.01313,2.01439,2.48,1.20
2011.12.07 21:46:24.489,2.01317,2.01447,1.20,1.20
2011.12.07 21:46:26.581,2.0132,2.01447,1.35,1.20
2011.12.07 21:46:26.689,2.01326,2.0145,1.35,1.73
2011.12.07 21:46:26.800,2.01326,2.0145,1.35,1.13
2011.12.07 21:46:27.419,2.01323,2.0145,1.35,1.73
2011.12.07 21:46:28.239,2.01326,2.0145,1.35,1.13
2011.12.07 21:46:29.598,2.01324,2.0145,1.35,1.73
2011.12.07 21:46:30.478,2.01326,2.0145,1.35,1.73
2011.12.07 21:46:30.589,2.01326,2.0145,1.35,1.13
2011.12.07 21:46:35.897,2.01324,2.0145,1.35,1.73
2011.12.07 21:46:42.199,2.01315,2.01445,1.35,1.20
2011.12.07 21:46:42.310,2.01316,2.01448,1.20,1.20
2011.12.07 21:46:43.319,2.01316,2.01448,1.20,1.20
2011.12.07 21:46:54.372,2.01315,2.01446,1.35,1.20
2011.12.07 21:47:03.079,2.01315,2.01446,1.35,1.20
2011.12.07 21:47:05.108,2.01316,2.01448,1.20,1.20
2011.12.07 21:47:11.158,2.01327,2.01449,1.20,1.13
2011.12.07 21:47:12.778,2.01327,2.01449,1.20,1.13
2011.12.07 21:47:19.250,2.01326,2.0145,1.35,1.13
2011.12.07 21:47:22.570,2.01327,2.0145,1.20,1.13
2011.12.07 21:47:26.255,2.01321,2.0145,1.20,1.73
2011.12.07 21:47:26.369,2.01316,2.01448,1.95,1.20
2011.12.07 21:47:28.693,2.01321,2.0145,1.20,1.73
2011.12.07 21:47:28.809,2.01332,2.0145,1.20,1.13
2011.12.07 21:47:29.423,2.01326,2.0145,1.20,1.73
2011.12.07 21:47:29.539,2.01322,2.0145,1.20,1.73
2011.12.07 21:47:30.299,2.01322,2.0145,1.20,1.73
2011.12.07 21:47:32.459,2.01322,2.0145,1.35,2.33
2011.12.07 21:47:32.899,2.01326,2.01453,2.48,1.20
2011.12.07 21:47:33.429,2.01327,2.01449,1.35,1.13
2011.12.07 21:47:33.649,2.01325,2.01449,1.35,1.73
2011.12.07 21:47:39.929,2.01322,2.01448,1.20,1.13
2011.12.07 21:47:44.364,2.01322,2.01448,1.20,1.13
2011.12.07 21:47:44.824,2.01332,2.01448,1.20,1.13
2011.12.07 21:47:45.989,2.01335,2.01448,1.20,1.13
2011.12.07 21:47:47.191,2.01327,2.01448,1.20,1.13
2011.12.07 21:47:47.849,2.01318,2.01448,1.20,1.73
2011.12.07 21:47:50.868,2.01323,2.01448,1.20,1.13
2011.12.07 21:47:53.030,2.01312,2.01438,1.20,1.73
2011.12.07 21:47:53.809,2.01312,2.01438,1.20,1.73
2011.12.07 21:47:56.331,2.01306,2.01437,1.20,1.20
2011.12.07 21:47:56.889,2.01304,2.01432,1.73,1.20
2011.12.07 21:48:03.927,2.01304,2.01432,1.73,1.20
2011.12.07 21:48:04.275,2.01317,2.01435,1.13,1.20
2011.12.07 21:48:04.730,2.01321,2.01435,1.13,1.20
2011.12.07 21:48:05.171,2.01321,2.01446,1.88,1.20
2011.12.07 21:48:05.808,2.01321,2.01446,1.13,1.20
2011.12.07 21:48:05.960,2.01315,2.01438,1.35,1.13
2011.12.07 21:48:06.459,2.01315,2.01441,1.35,1.73
2011.12.07 21:48:08.229,2.01315,2.01418,1.35,1.13
2011.12.07 21:48:12.491,2.01305,2.01418,2.33,1.13
2011.12.07 21:48:13.543,2.0131,2.01418,1.35,1.13
2011.12.07 21:48:14.102,2.01303,2.01397,1.35,1.13
2011.12.07 21:48:19.090,2.01303,2.01397,1.35,1.13
2011.12.07 21:48:19.201,2.01313,2.0141,1.88,1.88
2011.12.07 21:48:19.530,2.013,2.01397,1.88,1.88
2011.12.07 21:48:20.502,2.013,2.01397,1.88,1.88
2011.12.07 21:48:21.642,2.013,2.01397,1.88,1.88
2011.12.07 21:48:29.921,2.013,2.01397,2.85,1.88
2011.12.07 21:48:30.032,2.01308,2.01402,1.88,1.88
2011.12.07 21:48:31.292,2.01308,2.01402,1.88,1.88
2011.12.07 21:48:33.491,2.01308,2.01402,1.88,1.88
2011.12.07 21:48:33.712,2.01303,2.01399,1.88,1.88
2011.12.07 21:48:34.040,2.01303,2.01399,1.88,1.88
2011.12.07 21:48:37.725,2.01303,2.01399,1.88,1.88
2011.12.07 21:48:50.764,2.01303,2.01396,1.13,1.50
2011.12.07 21:48:58.131,2.01296,2.01385,1.01,1.88
2011.12.07 21:48:58.241,2.01291,2.01385,1.13,1.88
2011.12.07 21:49:01.370,2.01291,2.01385,1.13,1.88
2011.12.07 21:49:11.445,2.01291,2.01385,1.13,1.88
2011.12.07 21:49:15.113,2.01291,2.01385,1.88,1.88
2011.12.07 21:49:15.691,2.01291,2.01385,1.13,1.88
2011.12.07 21:49:18.806,2.01282,2.0138,1.35,1.88
2011.12.07 21:49:29.704,2.0129,2.01386,1.13,1.88
2011.12.07 21:49:29.822,2.0129,2.01386,1.88,1.88
2011.12.07 21:49:32.150,2.0129,2.01386,1.13,1.88
2011.12.07 21:49:32.372,2.0129,2.01386,1.88,1.88
2011.12.07 21:49:38.639,2.0129,2.01386,1.13,1.88
2011.12.07 21:49:44.335,2.01299,2.01402,1.13,1.88
2011.12.07 21:49:44.714,2.01299,2.01402,1.13,1.88
2011.12.07 21:49:46.475,2.01299,2.01402,1.13,1.88
2011.12.07 21:49:46.723,2.01291,2.01385,1.13,1.88
2011.12.07 21:49:55.239,2.01295,2.01392,1.73,1.88
2011.12.07 21:50:02.226,2.01295,2.01392,1.73,1.88
2011.12.07 21:50:02.453,2.01313,2.01392,1.35,1.13
2011.12.07 21:50:14.828,2.013,2.01393,1.35,1.13
2011.12.07 21:50:15.050,2.013,2.01393,1.35,1.13
2011.12.07 21:50:23.499,2.01302,2.01393,1.35,1.13
2011.12.07 21:50:23.909,2.01299,2.01393,1.73,1.88
2011.12.07 21:50:24.239,2.013,2.01394,1.35,1.13
2011.12.07 21:50:37.640,2.01298,2.01394,1.88,1.13
2011.12.07 21:50:37.970,2.01311,2.01406,1.88,1.13
2011.12.07 21:50:38.923,2.01311,2.01406,1.13,1.88
2011.12.07 21:50:42.533,2.01311,2.01406,1.88,1.13
2011.12.07 21:50:49.263,2.01305,2.01406,1.88,1.88
2011.12.07 21:50:50.801,2.01317,2.01413,1.13,1.88
2011.12.07 21:50:50.912,2.01306,2.01405,1.13,1.88
2011.12.07 21:50:54.134,2.01306,2.01405,1.13,1.88
2011.12.07 21:50:54.460,2.01301,2.01396,1.13,1.88
2011.12.07 21:50:56.307,2.01301,2.01396,1.88,1.88
2011.12.07 21:50:56.644,2.01307,2.01403,1.39,1.88
2011.12.07 21:50:56.762,2.01308,2.01402,1.39,1.88
2011.12.07 21:50:58.564,2.01312,2.01402,1.01,1.13
2011.12.07 21:50:59.004,2.0131,2.01407,1.39,1.88
2011.12.07 21:51:00.665,2.0131,2.01407,1.39,1.88
2011.12.07 21:51:14.312,2.01308,2.01402,1.39,1.88
2011.12.07 21:51:15.901,2.01308,2.01402,1.39,1.88
2011.12.07 21:51:18.931,2.01308,2.01402,1.39,1.88
2011.12.07 21:51:19.306,2.01308,2.01402,1.39,1.88
2011.12.07 21:51:21.672,2.01308,2.01402,1.39,1.88
2011.12.07 21:51:21.780,2.01308,2.0139,1.13,1.50
2011.12.07 21:51:21.890,2.01292,2.0139,1.01,1.50
2011.12.07 21:51:28.431,2.01295,2.01392,1.35,1.88
2011.12.07 21:51:28.652,2.01295,2.01423,2.48,1.20
2011.12.07 21:51:28.901,2.01298,2.01423,1.13,1.20
2011.12.07 21:51:29.011,2.0131,2.01441,1.20,1.20
2011.12.07 21:51:31.461,2.01308,2.01441,1.20,1.20
2011.12.07 21:51:31.571,2.01304,2.01437,1.20,1.20
2011.12.07 21:51:31.680,2.01304,2.01419,1.20,1.88
2011.12.07 21:51:32.281,2.01286,2.01392,1.13,1.35
2011.12.07 21:51:33.261,2.01286,2.01392,1.13,1.35
2011.12.07 21:51:33.374,2.01289,2.01419,1.20,1.73
2011.12.07 21:51:33.742,2.01298,2.01421,1.13,1.20
2011.12.07 21:51:34.134,2.01298,2.01425,1.13,1.20
2011.12.07 21:51:34.253,2.01298,2.01439,1.73,1.20
2011.12.07 21:51:34.369,2.01312,2.01444,1.20,1.20
2011.12.07 21:51:36.253,2.01304,2.01437,1.20,1.20
2011.12.07 21:51:36.513,2.0133,2.01437,1.13,1.20
2011.12.07 21:51:36.850,2.01331,2.01441,1.13,1.20
2011.12.07 21:51:38.231,2.01331,2.01444,1.13,1.35
2011.12.07 21:51:40.474,2.01332,2.01444,1.13,1.35
2011.12.07 21:51:40.817,2.01332,2.0144,1.13,1.35
2011.12.07 21:51:41.149,2.01263,2.01384,1.01,1.35
2011.12.07 21:51:41.529,2.01292,2.01419,1.20,1.35
2011.12.07 21:51:42.209,2.01278,2.01384,1.20,1.50
2011.12.07 21:51:42.323,2.01278,2.01388,1.20,1.13
2011.12.07 21:51:42.442,2.01278,2.01407,1.20,1.35
2011.12.07 21:51:42.659,2.01282,2.01407,1.20,1.35
2011.12.07 21:51:43.000,2.01288,2.01415,1.73,1.35
2011.12.07 21:51:43.570,2.0129,2.01418,1.20,1.35
2011.12.07 21:51:44.557,2.0129,2.01416,1.20,1.35
2011.12.07 21:51:45.162,2.01285,2.01364,1.35,1.13
2011.12.07 21:51:45.271,2.01276,2.01364,1.01,1.13
2011.12.07 21:51:45.380,2.01293,2.01389,1.13,1.20
2011.12.07 21:51:45.490,2.01277,2.01389,1.13,1.20
2011.12.07 21:51:45.720,2.01288,2.01415,1.73,1.35
2011.12.07 21:51:45.830,2.0129,2.01417,1.20,1.35
2011.12.07 21:51:46.569,2.01288,2.01416,1.73,1.35
2011.12.07 21:51:47.072,2.01287,2.01416,1.20,1.35
2011.12.07 21:51:47.400,2.0129,2.01418,1.20,1.35
2011.12.07 21:51:47.985,2.01288,2.01418,1.20,1.35
2011.12.07 21:51:48.101,2.01288,2.01416,1.20,1.35
2011.12.07 21:51:49.569,2.01288,2.01419,1.20,1.35
2011.12.07 21:51:50.551,2.01299,2.01424,1.20,1.88
2011.12.07 21:51:51.208,2.01299,2.01424,1.20,2.48
2011.12.07 21:51:51.724,2.01296,2.01424,1.20,2.48
2011.12.07 21:51:51.851,2.01299,2.01424,1.20,2.48
2011.12.07 21:51:52.387,2.013,2.01424,1.20,1.88
2011.12.07 21:51:52.499,2.013,2.01424,1.20,1.88
2011.12.07 21:51:54.790,2.013,2.01425,1.20,1.88
2011.12.07 21:51:55.437,2.01305,2.01425,1.20,1.88
2011.12.07 21:51:56.158,2.01309,2.01425,1.20,1.88
2011.12.07 21:51:56.741,2.013,2.01425,1.20,1.88
2011.12.07 21:51:57.200,2.01304,2.01425,1.20,1.88
2011.12.07 21:52:00.680,2.01302,2.01425,1.20,1.88
2011.12.07 21:52:02.932,2.01302,2.01425,1.20,1.88
2011.12.07 21:52:03.310,2.01307,2.0142,1.01,1.50
2011.12.07 21:52:06.740,2.01305,2.01396,1.46,1.88
2011.12.07 21:52:06.961,2.01301,2.01396,1.99,1.13
2011.12.07 21:52:07.181,2.01297,2.01414,1.99,1.13
2011.12.07 21:52:07.290,2.01297,2.01414,1.73,1.13
2011.12.07 21:52:07.705,2.01297,2.01414,1.73,1.13
2011.12.07 21:52:09.214,2.01297,2.01414,1.73,1.13
2011.12.07 21:52:10.315,2.01299,2.01414,1.20,1.13
2011.12.07 21:52:11.810,2.01299,2.01414,1.20,1.13
2011.12.07 21:52:12.810,2.01299,2.01414,1.20,1.13
2011.12.07 21:52:13.893,2.01302,2.01414,1.20,1.13
2011.12.07 21:52:14.167,2.01299,2.01414,1.20,1.88
2011.12.07 21:52:16.860,2.01299,2.01414,1.20,1.88
2011.12.07 21:52:17.515,2.01297,2.01414,1.73,1.88
2011.12.07 21:52:17.876,2.013,2.01414,1.20,1.88
2011.12.07 21:52:17.995,2.01315,2.01442,1.20,1.35
2011.12.07 21:52:21.280,2.01315,2.01442,1.20,1.35
2011.12.07 21:52:21.392,2.01315,2.01446,1.20,1.35
2011.12.07 21:52:22.482,2.01321,2.01445,1.20,1.35
2011.12.07 21:52:22.592,2.01318,2.01445,1.20,1.35
2011.12.07 21:52:22.704,2.01318,2.01448,1.20,1.20
2011.12.07 21:52:23.260,2.01331,2.01464,1.20,1.95
2011.12.07 21:52:23.729,2.01335,2.01464,1.20,1.35
2011.12.07 21:52:24.271,2.01335,2.01464,1.20,1.35
2011.12.07 21:52:25.891,2.01331,2.01464,1.20,1.95
2011.12.07 21:52:28.170,2.01328,2.01456,1.20,1.35
2011.12.07 21:52:28.500,2.01341,2.01462,1.13,1.35
2011.12.07 21:52:29.656,2.01341,2.01455,1.13,1.35
2011.12.07 21:52:29.880,2.01338,2.01452,1.13,1.35
2011.12.07 21:52:31.941,2.01338,2.01457,1.13,1.35
2011.12.07 21:52:33.181,2.01338,2.01463,1.73,1.35
2011.12.07 21:52:33.291,2.01351,2.01463,1.13,1.35
2011.12.07 21:52:33.511,2.01351,2.01464,1.13,1.35
2011.12.07 21:52:34.050,2.01351,2.01471,1.13,1.35
2011.12.07 21:52:35.056,2.01351,2.01471,1.13,1.35
2011.12.07 21:52:39.131,2.01351,2.0147,1.13,1.35
2011.12.07 21:52:40.116,2.01351,2.01473,1.13,1.35
2011.12.07 21:52:40.934,2.01351,2.01473,1.13,1.35
2011.12.07 21:52:41.306,2.01351,2.01477,1.73,1.35
2011.12.07 21:52:43.916,2.01353,2.01481,1.20,1.35
2011.12.07 21:52:48.265,2.01353,2.01479,1.20,1.35
2011.12.07 21:52:48.964,2.01351,2.01481,2.33,1.35
2011.12.07 21:52:49.560,2.01351,2.0147,1.13,1.35
2011.12.07 21:52:49.670,2.01343,2.0147,1.20,1.35
2011.12.07 21:52:50.000,2.01343,2.0147,1.20,1.35
2011.12.07 21:52:50.155,2.0134,2.01462,1.20,1.35
2011.12.07 21:52:50.271,2.01335,2.01462,1.20,1.35
2011.12.07 21:52:50.380,2.01335,2.01465,1.20,1.35
2011.12.07 21:52:57.430,2.01335,2.01462,1.20,1.35
2011.12.07 21:52:57.942,2.01352,2.0147,1.13,1.35
2011.12.07 21:52:58.800,2.01352,2.01478,1.73,1.35
2011.12.07 21:53:00.090,2.01352,2.01476,1.73,1.35
2011.12.07 21:53:00.373,2.01362,2.01476,1.13,1.35
2011.12.07 21:53:00.923,2.01362,2.0148,1.73,1.35
2011.12.07 21:53:01.040,2.01362,2.01489,2.33,1.35
2011.12.07 21:53:01.891,2.01362,2.0148,1.73,1.35
2011.12.07 21:53:02.000,2.01362,2.0148,1.13,1.35
2011.12.07 21:53:04.095,2.01362,2.01483,1.13,1.35
2011.12.07 21:53:04.213,2.01362,2.01488,1.73,1.35
2011.12.07 21:53:05.002,2.01375,2.01492,1.13,1.35
2011.12.07 21:53:05.551,2.01375,2.01497,1.73,1.35
2011.12.07 21:53:06.544,2.01375,2.01484,1.13,1.35
2011.12.07 21:53:06.659,2.01362,2.01484,1.73,1.35
2011.12.07 21:53:09.573,2.01362,2.0149,2.33,2.48
2011.12.07 21:53:12.349,2.01362,2.01485,1.13,1.35
2011.12.07 21:53:12.895,2.01362,2.01482,1.13,1.35
2011.12.07 21:53:13.450,2.01347,2.01473,1.20,1.13
2011.12.07 21:53:13.670,2.0134,2.01473,1.20,1.73
2011.12.07 21:53:13.780,2.0134,2.0147,1.20,1.20
2011.12.07 21:53:16.160,2.01344,2.01473,1.20,1.73
2011.12.07 21:53:16.270,2.01346,2.01473,1.95,1.13
2011.12.07 21:53:16.717,2.0135,2.01473,1.35,1.13
2011.12.07 21:53:16.832,2.01346,2.01473,1.95,1.13
2011.12.07 21:53:18.090,2.01349,2.01473,1.20,1.13
2011.12.07 21:53:18.729,2.01354,2.01473,1.35,1.13
2011.12.07 21:53:23.345,2.01349,2.01473,1.20,1.13
2011.12.07 21:53:23.759,2.01345,2.01473,1.35,1.73
2011.12.07 21:53:30.564,2.01345,2.01473,1.95,1.73
2011.12.07 21:53:32.280,2.0135,2.01473,1.20,1.13
2011.12.07 21:53:41.385,2.01354,2.01473,1.35,1.13
2011.12.07 21:53:42.602,2.0135,2.01473,1.20,1.13
2011.12.07 21:53:46.629,2.01347,2.01473,1.20,1.13
2011.12.07 21:53:46.873,2.0135,2.01473,1.20,1.13
2011.12.07 21:53:48.224,2.01356,2.01473,1.35,1.13
2011.12.07 21:53:49.382,2.01356,2.01473,1.35,1.13
2011.12.07 21:53:49.490,2.01347,2.01473,1.20,1.13
2011.12.07 21:53:50.609,2.01346,2.01473,1.35,1.73
2011.12.07 21:53:51.002,2.01343,2.0147,1.35,1.20
2011.12.07 21:53:51.259,2.01346,2.01473,1.35,1.73
2011.12.07 21:53:55.661,2.01349,2.01473,1.35,1.73
2011.12.07 21:53:55.769,2.01354,2.01473,1.35,1.13
2011.12.07 21:53:55.881,2.01362,2.01482,1.88,1.20
2011.12.07 21:53:56.750,2.01362,2.01488,1.88,1.20
2011.12.07 21:53:58.271,2.01365,2.0149,1.35,1.73
2011.12.07 21:53:58.380,2.01365,2.0149,1.95,1.13
2011.12.07 21:53:58.491,2.01376,2.01497,1.13,1.20
2011.12.07 21:54:00.204,2.01376,2.01497,1.88,1.20
2011.12.07 21:54:02.297,2.01376,2.01497,1.88,1.20
2011.12.07 21:54:04.241,2.01376,2.01492,1.88,1.20
2011.12.07 21:54:04.911,2.01376,2.01492,1.88,1.20
2011.12.07 21:54:05.136,2.01376,2.01492,1.88,1.20
2011.12.07 21:54:06.060,2.01376,2.01492,1.88,1.20
2011.12.07 21:54:09.223,2.01376,2.01487,1.13,1.20
2011.12.07 21:54:10.054,2.01376,2.01483,1.13,1.20
2011.12.07 21:54:11.501,2.01376,2.01487,1.13,1.20
2011.12.07 21:54:11.830,2.01376,2.01497,1.88,1.20
2011.12.07 21:54:12.250,2.01376,2.01495,1.88,1.20
2011.12.07 21:54:12.919,2.01376,2.0149,1.13,1.20
2011.12.07 21:54:13.278,2.01376,2.01486,1.13,1.20
2011.12.07 21:54:15.773,2.01376,2.01484,1.13,1.20
2011.12.07 21:54:22.070,2.01373,2.0148,1.50,1.35
2011.12.07 21:54:22.377,2.01373,2.0148,1.50,1.35
2011.12.07 21:54:24.395,2.01373,2.01484,1.50,1.95
2011.12.07 21:54:24.513,2.01373,2.01481,1.50,1.20
2011.12.07 21:54:25.800,2.01376,2.01492,1.13,1.73
2011.12.07 21:54:26.144,2.01375,2.01492,1.13,1.73
2011.12.07 21:54:26.365,2.01376,2.01492,1.13,1.73
2011.12.07 21:54:26.591,2.01375,2.01486,1.13,1.20
2011.12.07 21:54:26.930,2.01373,2.01485,1.13,1.35
2011.12.07 21:54:27.151,2.01362,2.01479,1.35,1.13
2011.12.07 21:54:27.490,2.0136,2.01479,1.88,1.73
2011.12.07 21:54:27.933,2.0136,2.01478,1.88,1.20
2011.12.07 21:54:28.522,2.0136,2.01479,1.88,1.13
2011.12.07 21:54:30.720,2.01375,2.01479,1.13,1.13
2011.12.07 21:54:31.217,2.01375,2.01492,1.13,1.73
2011.12.07 21:54:31.680,2.01375,2.01492,1.13,1.13
2011.12.07 21:54:34.410,2.01385,2.01492,1.50,1.13
2011.12.07 21:54:34.680,2.0139,2.01502,1.13,1.20
2011.12.07 21:54:34.960,2.0139,2.01504,1.13,1.73
2011.12.07 21:54:35.079,2.0139,2.01504,1.13,1.13
2011.12.07 21:54:35.630,2.0139,2.01504,1.13,1.73
2011.12.07 21:54:38.574,2.01395,2.01503,1.50,1.20
2011.12.07 21:54:39.022,2.01402,2.01503,1.13,1.20
2011.12.07 21:54:39.130,2.01402,2.01507,1.13,1.20
2011.12.07 21:54:39.343,2.01402,2.01518,1.13,1.73
2011.12.07 21:54:39.460,2.01402,2.01518,1.13,1.73
2011.12.07 21:54:39.600,2.01399,2.01515,1.50,1.35
2011.12.07 21:54:47.124,2.01402,2.01518,1.13,1.73
2011.12.07 21:54:55.344,2.01399,2.01515,1.50,1.35
2011.12.07 21:54:55.461,2.01399,2.01511,1.50,1.20
2011.12.07 21:54:56.335,2.01399,2.01507,1.50,1.35
2011.12.07 21:55:00.484,2.01399,2.01501,1.50,1.35
2011.12.07 21:55:00.982,2.01399,2.01498,1.50,1.35
2011.12.07 21:55:01.470,2.01399,2.01495,1.50,1.35
2011.12.07 21:55:02.263,2.01399,2.01496,1.50,1.35
2011.12.07 21:55:04.560,2.01399,2.01494,1.50,1.20
2011.12.07 21:55:05.221,2.01399,2.015,1.50,1.20
2011.12.07 21:55:05.330,2.01399,2.01504,1.50,1.35
2011.12.07 21:55:06.378,2.01399,2.01505,1.50,1.35
2011.12.07 21:55:12.654,2.01399,2.01505,1.13,1.35
2011.12.07 21:55:15.877,2.01399,2.01504,1.13,1.35
2011.12.07 21:55:24.698,2.01399,2.01506,1.13,1.35
2011.12.07 21:55:27.448,2.01399,2.01506,1.13,1.35
2011.12.07 21:55:28.101,2.01399,2.01504,1.13,1.20
2011.12.07 21:55:28.653,2.01399,2.01505,1.13,1.35
2011.12.07 21:55:30.583,2.01399,2.01509,1.13,1.35
2011.12.07 21:55:34.371,2.01399,2.01513,1.13,1.20
2011.12.07 21:55:34.797,2.01399,2.01518,1.13,2.48
2011.12.07 21:55:35.770,2.01399,2.01515,1.13,1.35
2011.12.07 21:55:36.320,2.01399,2.01515,1.13,1.35
2011.12.07 21:55:37.193,2.01399,2.01515,1.13,1.35
2011.12.07 21:55:37.834,2.01399,2.01518,1.88,1.73
2011.12.07 21:55:40.107,2.01399,2.01518,1.88,1.73
2011.12.07 21:55:48.018,2.01399,2.01518,1.88,1.73
2011.12.07 21:55:48.656,2.01399,2.01518,1.88,1.73
2011.12.07 21:55:54.938,2.01399,2.01517,1.88,1.20
2011.12.07 21:55:56.439,2.01399,2.01509,1.88,1.20
2011.12.07 21:56:00.997,2.01399,2.01506,1.88,1.20
2011.12.07 21:56:01.217,2.01387,2.015,1.13,1.20
2011.12.07 21:56:01.438,2.01373,2.01492,2.48,1.13
2011.12.07 21:56:01.604,2.01373,2.01492,1.88,1.73
2011.12.07 21:56:03.238,2.01373,2.01479,1.13,1.20
2011.12.07 21:56:10.513,2.01373,2.01465,1.13,1.20
2011.12.07 21:56:10.898,2.01336,2.01465,1.35,1.20
2011.12.07 21:56:11.008,2.01332,2.01465,1.20,1.20
2011.12.07 21:56:11.477,2.01332,2.01465,1.35,1.20
2011.12.07 21:56:12.923,2.01329,2.01442,1.13,1.20
2011.12.07 21:56:13.748,2.01329,2.01452,1.88,1.20
2011.12.07 21:56:14.937,2.01329,2.01449,1.88,1.20
2011.12.07 21:56:18.200,2.01329,2.01449,1.13,1.20
2011.12.07 21:56:18.308,2.01329,2.01442,1.13,1.20
2011.12.07 21:56:28.420,2.01329,2.01443,1.13,1.20
2011.12.07 21:56:28.828,2.01329,2.01447,1.13,1.20
2011.12.07 21:56:29.487,2.01329,2.01447,1.88,1.20
2011.12.07 21:56:30.008,2.0134,2.01451,1.13,1.20
2011.12.07 21:56:30.117,2.0134,2.01451,1.13,1.20
2011.12.07 21:56:31.128,2.0134,2.0146,1.13,1.20
2011.12.07 21:56:31.237,2.0134,2.01464,1.13,1.20
2011.12.07 21:56:31.349,2.0134,2.01464,1.13,1.20
2011.12.07 21:56:31.897,2.0134,2.01461,1.13,1.20
2011.12.07 21:56:32.439,2.0134,2.01464,1.13,1.20
2011.12.07 21:56:33.228,2.0134,2.01469,1.73,1.20
2011.12.07 21:56:33.338,2.0134,2.0147,2.33,1.20
2011.12.07 21:56:34.054,2.01344,2.0147,1.35,1.20
2011.12.07 21:56:36.142,2.0134,2.0147,1.73,1.20
2011.12.07 21:56:36.248,2.0134,2.01459,1.13,1.20
2011.12.07 21:56:37.119,2.0134,2.01459,1.88,1.20
2011.12.07 21:56:37.698,2.0134,2.01467,1.88,1.20
2011.12.07 21:56:38.617,2.0134,2.01465,1.88,1.20
2011.12.07 21:56:45.724,2.01342,2.01469,1.35,1.20
2011.12.07 21:56:46.473,2.0134,2.01469,2.48,1.20
2011.12.07 21:56:47.767,2.01342,2.0147,1.35,1.20
2011.12.07 21:56:50.827,2.0134,2.0147,1.88,1.20
2011.12.07 21:56:51.432,2.01354,2.01479,1.35,1.20
2011.12.07 21:56:51.538,2.01354,2.01482,1.35,1.20
2011.12.07 21:56:51.982,2.01352,2.01482,2.48,1.20
2011.12.07 21:56:53.381,2.01355,2.01479,1.35,1.20
2011.12.07 21:56:58.260,2.01352,2.01482,1.88,1.20
2011.12.07 21:57:08.707,2.01352,2.01478,1.73,1.20
2011.12.07 21:57:09.297,2.01346,2.01477,1.35,1.20
2011.12.07 21:57:09.408,2.0134,2.01466,2.48,1.20
2011.12.07 21:57:11.457,2.01344,2.01466,1.35,1.20
2011.12.07 21:57:12.028,2.01346,2.01471,1.35,1.20
2011.12.07 21:57:15.616,2.01345,2.01474,1.35,1.20
2011.12.07 21:57:18.966,2.01346,2.01472,1.35,1.20
2011.12.07 21:57:22.477,2.01344,2.01472,1.35,1.20
2011.12.07 21:57:22.926,2.01346,2.01474,1.35,1.20
2011.12.07 21:57:24.509,2.0134,2.01467,1.88,1.20
2011.12.07 21:57:35.108,2.0134,2.01465,1.88,1.20
2011.12.07 21:57:35.657,2.0134,2.01466,1.88,1.20
2011.12.07 21:57:38.718,2.0134,2.01465,1.88,1.20
2011.12.07 21:57:40.117,2.0134,2.01461,1.88,1.20
2011.12.07 21:57:40.530,2.0134,2.01461,1.88,1.20
2011.12.07 21:57:42.600,2.0134,2.0146,1.88,1.20
2011.12.07 21:57:44.237,2.0134,2.01462,1.88,1.20
2011.12.07 21:57:46.678,2.01338,2.01465,1.88,1.20
2011.12.07 21:57:46.788,2.01338,2.01465,2.48,1.20
2011.12.07 21:57:47.477,2.01338,2.01464,1.88,1.20
2011.12.07 21:57:49.690,2.01338,2.01464,1.88,1.20
2011.12.07 21:57:50.087,2.01338,2.0146,1.88,1.20
2011.12.07 21:57:50.692,2.01338,2.0146,1.88,1.20
2011.12.07 21:57:51.411,2.01338,2.0146,1.88,1.20
2011.12.07 21:57:56.347,2.01341,2.01464,1.35,1.20
2011.12.07 21:57:56.458,2.01382,2.01469,1.88,1.20
2011.12.07 21:57:56.688,2.01382,2.01469,1.13,1.20
2011.12.07 21:57:56.848,2.01382,2.01469,1.88,1.20
2011.12.07 21:57:57.006,2.01382,2.01475,1.88,1.20
2011.12.07 21:57:57.118,2.01382,2.01479,1.88,1.20
2011.12.07 21:57:58.057,2.01382,2.01475,1.13,1.35
2011.12.07 21:57:58.277,2.01382,2.01474,1.13,1.35
2011.12.07 21:57:58.497,2.01344,2.01471,1.35,1.20
2011.12.07 21:57:58.916,2.01339,2.01471,1.35,1.20
2011.12.07 21:57:59.445,2.01338,2.0146,1.88,1.20
2011.12.07 21:57:59.557,2.01338,2.01464,1.88,1.20
2011.12.07 21:58:02.189,2.01343,2.01467,1.35,1.20
2011.12.07 21:58:02.812,2.0136,2.0147,1.13,1.20
2011.12.07 21:58:03.338,2.0136,2.0147,1.88,1.20
2011.12.07 21:58:03.447,2.0136,2.01479,1.88,2.33
2011.12.07 21:58:05.807,2.0136,2.01479,1.88,2.33
2011.12.07 21:58:06.917,2.01382,2.01483,1.88,1.73
2011.12.07 21:58:08.289,2.01382,2.01483,1.88,1.73
2011.12.07 21:58:09.842,2.01382,2.01483,1.88,1.73
2011.12.07 21:58:10.218,2.01382,2.01483,1.88,1.13
2011.12.07 21:58:10.423,2.01395,2.01494,1.88,1.35
2011.12.07 21:58:11.412,2.01395,2.01495,1.88,1.35
2011.12.07 21:58:12.829,2.01395,2.01494,1.88,1.35
2011.12.07 21:58:12.943,2.01395,2.01494,1.88,1.35
2011.12.07 21:58:13.732,2.01395,2.01496,1.88,1.88
2011.12.07 21:58:13.838,2.01409,2.01501,1.13,1.35
2011.12.07 21:58:14.127,2.01409,2.01501,1.88,1.20
2011.12.07 21:58:17.952,2.01409,2.01501,1.88,1.20
2011.12.07 21:58:18.058,2.01409,2.01508,1.88,1.13
2011.12.07 21:58:18.167,2.01409,2.01508,1.88,1.88
2011.12.07 21:58:18.901,2.01409,2.01504,1.88,1.35
2011.12.07 21:58:21.438,2.01409,2.01484,1.13,1.35
2011.12.07 21:58:21.657,2.01382,2.01483,1.13,1.73
2011.12.07 21:58:21.767,2.01355,2.01475,1.95,1.13
2011.12.07 21:58:22.020,2.01355,2.01475,1.35,1.73
2011.12.07 21:58:22.851,2.01339,2.01466,2.48,1.20
2011.12.07 21:58:34.179,2.01339,2.01466,2.48,1.20
2011.12.07 21:58:35.539,2.01337,2.01463,1.88,1.20
2011.12.07 21:58:38.959,2.01337,2.01463,1.88,1.20
2011.12.07 21:58:40.397,2.01337,2.0146,1.88,1.20
2011.12.07 21:58:41.176,2.01337,2.0146,1.88,1.20
2011.12.07 21:58:45.447,2.01351,2.01474,1.35,1.73
2011.12.07 21:58:45.559,2.01395,2.01478,1.88,1.20
2011.12.07 21:58:45.924,2.01395,2.01483,1.88,1.20
2011.12.07 21:58:46.039,2.01395,2.01486,1.88,1.20
2011.12.07 21:58:46.354,2.01395,2.01486,1.88,1.20
2011.12.07 21:58:46.687,2.01395,2.01483,1.88,1.20
2011.12.07 21:58:46.907,2.01395,2.01483,1.88,1.20
2011.12.07 21:58:55.346,2.01383,2.0148,1.88,1.20
2011.12.07 21:59:00.409,2.01406,2.01476,0.75,0.60
2011.12.07 21:59:08.327,2.01395,2.01476,0.75,0.60
2011.12.07 21:59:12.398,2.01406,2.01476,0.75,0.60
2011.12.07 21:59:12.560,2.01406,2.0148,0.75,0.60
2011.12.07 21:59:12.668,2.01406,2.01484,0.75,0.60
2011.12.07 21:59:14.280,2.01406,2.01494,0.75,0.60
2011.12.07 21:59:14.392,2.01397,2.01485,1.13,0.75
2011.12.07 21:59:15.289,2.01397,2.01483,1.13,0.60
2011.12.07 21:59:15.946,2.01405,2.0149,0.75,0.60
2011.12.07 21:59:16.058,2.01405,2.01496,0.75,0.60
2011.12.07 21:59:16.487,2.01405,2.01499,0.75,0.60
2011.12.07 21:59:17.477,2.01405,2.01497,0.75,0.60
2011.12.07 21:59:19.626,2.01405,2.015,0.75,0.60
2011.12.07 21:59:27.535,2.01405,2.01486,0.75,0.60
2011.12.07 21:59:27.931,2.01405,2.01482,0.75,0.60
2011.12.07 21:59:28.408,2.01405,2.01497,0.75,0.60
2011.12.07 21:59:29.373,2.01405,2.01486,0.75,0.60
2011.12.07 21:59:30.233,2.01405,2.01482,0.75,0.60
2011.12.07 21:59:30.338,2.01405,2.01503,0.75,0.60
2011.12.07 21:59:30.659,2.01405,2.01501,0.75,0.60
2011.12.07 21:59:32.512,2.01405,2.01503,0.75,0.60
2011.12.07 21:59:39.485,2.01409,2.01505,1.13,0.75
2011.12.07 21:59:48.238,2.01409,2.01504,1.13,0.60
2011.12.07 21:59:49.427,2.0141,2.01504,1.13,0.60
2011.12.07 21:59:53.719,2.0141,2.01505,1.13,0.75
2011.12.07 21:59:54.210,2.01423,2.01505,1.13,0.75
2011.12.07 21:59:57.910,2.01423,2.01515,1.13,0.75
2011.12.07 21:59:59.329,2.01423,2.01505,1.13,0.60
