2014.01.17 21:00:00.324,1.98683,1.98751,0.10,0.15
2014.01.17 21:00:01.142,1.98684,1.9875,0.10,0.10
2014.01.17 21:00:03.969,1.9869,1.98756,0.10,0.10
2014.01.17 21:00:08.466,1.98684,1.98751,0.10,0.10
2014.01.17 21:00:28.522,1.98683,1.98749,0.10,0.10
2014.01.17 21:00:37.182,1.98692,1.98755,0.10,0.38
2014.01.17 21:00:37.334,1.987,1.98764,0.10,0.10
2014.01.17 21:00:41.347,1.98704,1.98771,0.10,0.10
2014.01.17 21:00:43.766,1.98711,1.98775,0.10,0.10
2014.01.17 21:00:46.142,1.98716,1.98782,0.10,0.10
2014.01.17 21:00:47.980,1.9872,1.98782,0.10,0.10
2014.01.17 21:00:48.030,1.98722,1.98787,0.10,0.10
2014.01.17 21:00:48.232,1.98728,1.98792,0.10,0.10
2014.01.17 21:00:58.155,1.98725,1.98787,0.10,0.10
2014.01.17 21:00:58.206,1.9872,1.98787,0.60,0.10
2014.01.17 21:01:00.813,1.98732,1.98796,0.10,0.10
2014.01.17 21:01:03.816,1.98733,1.98796,0.53,0.10
2014.01.17 21:01:04.067,1.98727,1.98793,0.10,0.10
2014.01.17 21:01:04.180,1.98735,1.98794,0.10,0.10
2014.01.17 21:01:04.280,1.98735,1.98802,0.10,0.10
2014.01.17 21:01:06.775,1.98745,1.98804,0.10,0.10
2014.01.17 21:01:06.826,1.98745,1.98811,0.10,0.45
2014.01.17 21:01:10.849,1.98745,1.98808,0.10,0.53
2014.01.17 21:01:10.962,1.98736,1.988,0.53,0.10
2014.01.17 21:01:11.069,1.9874,1.988,0.10,0.10
2014.01.17 21:01:11.373,1.98741,1.98807,0.10,0.10
2014.01.17 21:01:24.621,1.98741,1.98802,0.10,0.10
2014.01.17 21:01:24.672,1.98733,1.988,0.10,0.10
2014.01.17 21:01:24.729,1.98737,1.988,0.10,0.10
2014.01.17 21:01:24.779,1.98739,1.98805,0.10,0.10
2014.01.17 21:01:34.557,1.98733,1.98799,0.10,0.10
2014.01.17 21:01:35.101,1.98743,1.98799,0.10,0.10
2014.01.17 21:01:35.152,1.98745,1.98811,0.10,0.10
2014.01.17 21:01:35.202,1.98745,1.98806,0.10,0.53
2014.01.17 21:01:35.253,1.98733,1.98799,0.10,0.10
2014.01.17 21:01:35.358,1.98733,1.98797,0.10,0.53
2014.01.17 21:01:36.564,1.98736,1.988,0.10,0.10
2014.01.17 21:01:42.181,1.9874,1.98805,0.10,0.38
2014.01.17 21:01:42.279,1.9874,1.98807,0.10,0.10
2014.01.17 21:01:42.380,1.9874,1.98802,0.10,0.10
2014.01.17 21:01:42.431,1.98735,1.98801,0.10,0.10
2014.01.17 21:01:42.733,1.98742,1.98806,0.10,0.10
2014.01.17 21:01:42.884,1.98736,1.98801,0.10,0.10
2014.01.17 21:01:43.495,1.98745,1.98804,0.10,0.10
2014.01.17 21:01:43.596,1.98745,1.98809,0.10,0.53
2014.01.17 21:01:44.145,1.98745,1.9881,0.10,0.10
2014.01.17 21:01:44.196,1.98742,1.98805,0.10,0.10
2014.01.17 21:01:44.247,1.98739,1.98805,0.10,0.10
2014.01.17 21:01:44.952,1.98745,1.98806,0.10,0.10
2014.01.17 21:01:45.053,1.98745,1.9881,0.10,0.10
2014.01.17 21:01:45.143,1.98742,1.98804,0.10,0.10
2014.01.17 21:01:45.224,1.9874,1.98804,0.10,0.10
2014.01.17 21:01:46.134,1.98746,1.98806,0.10,0.10
2014.01.17 21:01:46.261,1.98746,1.9881,0.10,0.10
2014.01.17 21:01:48.454,1.98746,1.98813,0.10,0.15
2014.01.17 21:01:48.723,1.98746,1.98808,0.10,0.10
2014.01.17 21:01:48.774,1.98741,1.98806,0.10,0.10
2014.01.17 21:01:49.961,1.98745,1.98806,0.10,0.10
2014.01.17 21:01:50.012,1.98747,1.98812,0.10,0.10
2014.01.17 21:01:50.062,1.98747,1.98809,0.10,0.10
2014.01.17 21:01:50.113,1.98742,1.98806,0.10,0.10
2014.01.17 21:01:50.163,1.98747,1.98806,0.10,0.10
2014.01.17 21:01:50.214,1.98748,1.98814,0.10,0.10
2014.01.17 21:01:50.265,1.98748,1.98809,0.10,0.10
2014.01.17 21:01:50.315,1.98742,1.98806,0.10,0.10
2014.01.17 21:01:50.593,1.98744,1.98806,0.10,0.10
2014.01.17 21:01:50.643,1.98746,1.98813,0.10,0.10
2014.01.17 21:01:50.703,1.98746,1.98808,0.10,0.10
2014.01.17 21:01:50.753,1.98741,1.98807,0.10,0.10
2014.01.17 21:01:52.022,1.98745,1.98807,0.10,0.10
2014.01.17 21:01:52.073,1.98748,1.98812,0.10,0.10
2014.01.17 21:01:52.242,1.98748,1.98809,0.10,0.10
2014.01.17 21:01:52.292,1.98742,1.98806,0.10,0.10
2014.01.17 21:01:56.941,1.98742,1.98802,0.10,0.10
2014.01.17 21:01:56.991,1.98734,1.98801,0.10,0.10
2014.01.17 21:02:05.550,1.98735,1.98801,0.53,0.10
2014.01.17 21:02:05.601,1.98742,1.98802,0.10,0.10
2014.01.17 21:02:05.651,1.98742,1.98808,0.10,0.10
2014.01.17 21:02:05.924,1.98741,1.98801,0.10,0.10
2014.01.17 21:02:05.974,1.98737,1.98801,0.10,0.10
2014.01.17 21:02:06.119,1.98745,1.98803,0.10,0.10
2014.01.17 21:02:06.179,1.98745,1.98809,0.10,0.10
2014.01.17 21:02:06.229,1.98742,1.98803,0.10,0.10
2014.01.17 21:02:06.289,1.98737,1.98803,0.10,0.10
2014.01.17 21:02:06.339,1.98743,1.98804,0.10,0.10
2014.01.17 21:02:06.440,1.98743,1.98809,0.10,0.60
2014.01.17 21:02:06.682,1.98741,1.98803,0.10,0.10
2014.01.17 21:02:06.733,1.98738,1.98803,0.10,0.10
2014.01.17 21:02:06.934,1.98743,1.98805,0.10,0.10
2014.01.17 21:02:06.985,1.98743,1.98809,0.10,0.10
2014.01.17 21:02:07.219,1.98742,1.98802,0.10,0.10
2014.01.17 21:02:07.320,1.98738,1.98802,0.10,0.10
2014.01.17 21:02:07.370,1.98743,1.98805,0.10,0.10
2014.01.17 21:02:07.421,1.98743,1.98809,0.10,0.10
2014.01.17 21:02:07.592,1.98742,1.98803,0.10,0.10
2014.01.17 21:02:07.643,1.98737,1.98803,0.10,0.10
2014.01.17 21:02:07.768,1.98744,1.98804,0.10,0.10
2014.01.17 21:02:07.828,1.98744,1.98808,0.10,0.10
2014.01.17 21:02:08.351,1.98743,1.98807,0.10,0.10
2014.01.17 21:02:08.503,1.98743,1.98803,0.10,0.10
2014.01.17 21:02:08.554,1.98735,1.98802,0.10,0.10
2014.01.17 21:02:08.830,1.98739,1.98802,0.10,0.10
2014.01.17 21:02:08.881,1.98742,1.98806,0.10,0.45
2014.01.17 21:02:10.933,1.98742,1.98802,0.10,0.10
2014.01.17 21:02:10.984,1.98735,1.98799,0.10,0.10
2014.01.17 21:02:16.572,1.98741,1.98802,0.10,0.10
2014.01.17 21:02:16.623,1.98741,1.98804,0.10,0.38
2014.01.17 21:02:16.724,1.98741,1.98802,0.10,0.10
2014.01.17 21:02:17.011,1.98734,1.98801,0.10,0.10
2014.01.17 21:02:17.562,1.98734,1.988,0.10,0.38
2014.01.17 21:02:18.109,1.98734,1.98801,0.10,0.10
2014.01.17 21:02:18.160,1.98734,1.98794,0.10,0.38
2014.01.17 21:02:20.571,1.98734,1.98795,0.10,0.38
2014.01.17 21:02:20.621,1.9873,1.98794,0.10,0.10
2014.01.17 21:02:20.773,1.9873,1.9879,0.10,0.10
2014.01.17 21:02:20.873,1.98723,1.98789,0.10,0.10
2014.01.17 21:02:31.511,1.98728,1.9879,0.10,0.10
2014.01.17 21:02:31.628,1.98728,1.98795,0.10,0.45
2014.01.17 21:02:33.562,1.98735,1.98797,0.10,0.10
2014.01.17 21:02:33.663,1.98735,1.98801,0.10,0.45
2014.01.17 21:02:33.713,1.98733,1.98793,0.10,0.10
2014.01.17 21:02:33.814,1.98729,1.98793,0.10,0.10
2014.01.17 21:02:35.001,1.98735,1.98796,0.10,0.10
2014.01.17 21:02:35.210,1.98726,1.98791,0.10,0.10
2014.01.17 21:02:35.261,1.98732,1.98794,0.10,0.10
2014.01.17 21:02:35.312,1.98732,1.98798,0.10,0.10
2014.01.17 21:02:35.614,1.98732,1.98786,0.10,0.38
2014.01.17 21:02:35.665,1.9873,1.98786,0.10,0.38
2014.01.17 21:02:35.766,1.98727,1.98791,0.10,0.10
2014.01.17 21:02:37.229,1.98732,1.98794,0.10,0.10
2014.01.17 21:02:37.280,1.98732,1.98797,0.10,0.10
2014.01.17 21:02:37.330,1.9873,1.98792,0.10,0.10
2014.01.17 21:02:37.381,1.98726,1.98792,0.10,0.10
2014.01.17 21:02:37.534,1.98735,1.98793,0.10,0.10
2014.01.17 21:02:37.635,1.98733,1.98794,0.10,0.10
2014.01.17 21:02:37.711,1.98728,1.98794,0.10,0.10
2014.01.17 21:02:37.862,1.98734,1.98796,0.10,0.10
2014.01.17 21:02:38.064,1.98728,1.98792,0.10,0.10
2014.01.17 21:02:38.115,1.98726,1.98792,0.15,0.10
2014.01.17 21:02:38.316,1.98734,1.98793,0.10,0.10
2014.01.17 21:02:38.417,1.98732,1.98793,0.10,0.10
2014.01.17 21:02:38.518,1.98727,1.98793,0.10,0.10
2014.01.17 21:02:38.951,1.98732,1.98794,0.10,0.10
2014.01.17 21:02:39.052,1.98732,1.98798,0.10,0.38
2014.01.17 21:02:39.102,1.98731,1.98789,0.10,0.10
2014.01.17 21:02:39.153,1.98727,1.98789,0.53,0.10
2014.01.17 21:02:39.203,1.98734,1.98791,0.10,0.10
2014.01.17 21:02:39.254,1.98734,1.98797,0.10,0.38
2014.01.17 21:02:44.360,1.98727,1.98793,0.10,0.10
2014.01.17 21:02:44.562,1.98733,1.98797,0.10,0.38
2014.01.17 21:02:44.691,1.98726,1.98792,0.10,0.10
2014.01.17 21:02:44.792,1.98733,1.98797,0.10,0.45
2014.01.17 21:02:44.892,1.98726,1.98792,0.10,0.10
2014.01.17 21:02:45.149,1.98729,1.98792,0.10,0.10
2014.01.17 21:02:45.250,1.98731,1.98797,0.10,0.38
2014.01.17 21:02:45.350,1.98729,1.98791,0.10,0.10
2014.01.17 21:02:45.419,1.98725,1.98789,0.10,0.10
2014.01.17 21:02:45.779,1.9873,1.98789,0.10,0.10
2014.01.17 21:02:45.909,1.98726,1.98789,0.53,0.10
2014.01.17 21:02:46.009,1.98726,1.98793,0.10,0.10
2014.01.17 21:02:47.121,1.98733,1.98797,0.10,0.45
2014.01.17 21:02:47.319,1.98725,1.98792,0.10,0.10
2014.01.17 21:02:48.529,1.98719,1.98785,0.60,0.10
2014.01.17 21:02:54.849,1.98726,1.98792,0.10,0.60
2014.01.17 21:03:00.730,1.98726,1.9879,0.10,0.38
2014.01.17 21:03:03.538,1.98726,1.98792,0.10,0.10
2014.01.17 21:03:07.691,1.98728,1.98792,0.38,0.10
2014.01.17 21:03:08.257,1.98727,1.98792,0.53,0.10
2014.01.17 21:03:08.589,1.98734,1.98798,0.10,0.10
2014.01.17 21:03:08.690,1.98727,1.98793,0.10,0.10
2014.01.17 21:03:08.741,1.98733,1.98794,0.10,0.10
2014.01.17 21:03:08.942,1.98726,1.98792,0.10,0.10
2014.01.17 21:03:12.681,1.98725,1.98786,0.10,0.10
2014.01.17 21:03:12.731,1.98721,1.98786,0.10,0.10
2014.01.17 21:03:16.494,1.98721,1.98784,0.10,0.53
2014.01.17 21:03:17.058,1.98714,1.98777,0.38,0.10
2014.01.17 21:03:17.997,1.98713,1.98777,0.45,0.10
2014.01.17 21:03:18.598,1.98719,1.98783,0.10,0.10
2014.01.17 21:03:29.561,1.98723,1.9879,0.10,0.10
2014.01.17 21:03:33.179,1.98722,1.98784,0.10,0.10
2014.01.17 21:03:33.237,1.98718,1.98784,0.10,0.10
2014.01.17 21:03:33.503,1.98716,1.98777,0.10,0.10
2014.01.17 21:03:33.567,1.98713,1.98777,0.10,0.10
2014.01.17 21:03:44.433,1.98711,1.98772,0.10,0.10
2014.01.17 21:03:44.483,1.98707,1.98772,0.10,0.10
2014.01.17 21:03:44.633,1.98705,1.98767,0.10,0.10
2014.01.17 21:03:44.684,1.98701,1.98767,0.10,0.10
2014.01.17 21:03:46.610,1.98701,1.98762,0.10,0.10
2014.01.17 21:03:46.711,1.98696,1.9876,0.10,0.10
2014.01.17 21:03:46.761,1.98696,1.98757,0.10,0.10
2014.01.17 21:03:46.939,1.9869,1.98755,0.10,0.10
2014.01.17 21:03:48.419,1.98692,1.98755,0.38,0.10
2014.01.17 21:03:50.399,1.9869,1.98755,0.10,0.10
2014.01.17 21:03:57.537,1.98695,1.98755,0.38,0.10
2014.01.17 21:03:57.638,1.987,1.98766,0.10,0.10
2014.01.17 21:04:02.879,1.98685,1.98764,1.20,1.05
2014.01.17 21:04:02.980,1.98687,1.98769,1.13,1.28
2014.01.17 21:04:03.081,1.98689,1.98769,1.25,1.13
2014.01.17 21:04:12.658,1.98688,1.98766,1.17,1.13
2014.01.17 21:04:12.708,1.98682,1.98762,1.17,1.25
2014.01.17 21:04:21.740,1.98682,1.98766,1.17,1.05
2014.01.17 21:04:23.955,1.98688,1.98767,1.17,1.13
2014.01.17 21:04:24.006,1.98688,1.9877,1.17,1.28
2014.01.17 21:04:25.584,1.98688,1.98773,1.32,1.13
2014.01.17 21:04:25.634,1.98692,1.98775,1.13,1.28
2014.01.17 21:04:30.479,1.98686,1.98769,1.28,1.05
2014.01.17 21:04:30.529,1.98686,1.98769,1.13,1.35
2014.01.17 21:04:32.459,1.98683,1.98764,1.05,1.05
2014.01.17 21:04:32.661,1.98675,1.98757,1.05,1.05
2014.01.17 21:04:32.711,1.98673,1.98754,1.70,1.13
2014.01.17 21:04:32.762,1.98673,1.98754,1.25,1.43
2014.01.17 21:04:36.518,1.98667,1.98751,1.13,1.28
2014.01.17 21:04:36.619,1.98667,1.98745,1.25,1.13
2014.01.17 21:04:36.670,1.98667,1.98745,1.18,1.58
2014.01.17 21:04:36.770,1.98662,1.98729,1.00,1.55
2014.01.17 21:04:36.821,1.98647,1.98729,1.13,1.55
2014.01.17 21:04:43.709,1.98637,1.98722,1.13,1.05
2014.01.17 21:04:44.012,1.98627,1.98708,1.20,1.28
2014.01.17 21:04:44.408,1.98627,1.98708,1.20,1.28
2014.01.17 21:04:51.238,1.9863,1.98714,1.28,1.28
2014.01.17 21:04:51.339,1.98627,1.98707,1.35,1.13
2014.01.17 21:04:51.390,1.98627,1.98707,1.35,1.13
2014.01.17 21:04:51.490,1.98624,1.98704,1.35,1.20
2014.01.17 21:04:51.797,1.98612,1.98693,1.20,1.43
2014.01.17 21:04:52.253,1.9861,1.98688,1.05,1.13
2014.01.17 21:04:52.665,1.9861,1.98687,1.05,1.28
2014.01.17 21:04:53.218,1.98615,1.9869,1.13,1.13
2014.01.17 21:04:53.320,1.98615,1.98698,1.20,1.28
2014.01.17 21:04:53.448,1.98615,1.98698,1.20,1.28
2014.01.17 21:04:55.500,1.98616,1.98698,1.05,1.13
2014.01.17 21:04:56.907,1.98616,1.98702,1.50,1.28
2014.01.17 21:04:56.957,1.9862,1.98702,1.13,1.13
2014.01.17 21:04:58.029,1.98622,1.98702,1.25,1.13
2014.01.17 21:04:58.116,1.9862,1.98702,1.35,1.28
2014.01.17 21:04:58.217,1.9862,1.98698,1.05,1.28
2014.01.17 21:04:58.694,1.98613,1.98693,1.20,1.13
2014.01.17 21:04:58.946,1.98609,1.98689,1.13,1.35
2014.01.17 21:05:00.728,1.98609,1.98691,1.13,1.28
2014.01.17 21:05:01.781,1.98609,1.98691,1.13,1.28
2014.01.17 21:05:01.908,1.9861,1.98691,1.25,1.13
2014.01.17 21:05:11.031,1.98609,1.98691,1.13,1.28
2014.01.17 21:05:19.163,1.98606,1.9869,1.43,1.43
2014.01.17 21:05:19.827,1.98606,1.98687,1.43,1.25
2014.01.17 21:05:23.499,1.98606,1.9869,1.43,1.43
2014.01.17 21:05:23.668,1.98606,1.98687,1.43,1.25
2014.01.17 21:05:24.982,1.98606,1.9869,1.43,1.43
2014.01.17 21:05:25.162,1.98606,1.9869,1.28,1.43
2014.01.17 21:05:26.198,1.98603,1.98681,1.35,1.25
2014.01.17 21:05:36.310,1.98601,1.98683,1.28,1.28
2014.01.17 21:05:44.405,1.98613,1.98686,1.13,1.13
2014.01.17 21:05:44.456,1.98613,1.98693,1.20,1.25
2014.01.17 21:05:50.507,1.9862,1.98698,1.13,1.13
2014.01.17 21:05:50.558,1.98622,1.98704,1.20,1.43
2014.01.17 21:05:51.516,1.98622,1.98704,1.20,1.43
2014.01.17 21:06:05.006,1.98622,1.98704,1.35,1.28
2014.01.17 21:06:05.589,1.98622,1.98704,1.20,1.43
2014.01.17 21:06:06.731,1.98619,1.98704,2.08,1.28
2014.01.17 21:06:07.810,1.98619,1.98709,1.05,1.13
2014.01.17 21:06:28.055,1.98617,1.98711,1.20,1.28
2014.01.17 21:06:28.624,1.98617,1.98711,1.73,1.28
2014.01.17 21:06:35.438,1.98614,1.98708,1.28,1.25
2014.01.17 21:06:35.610,1.98617,1.98711,1.25,1.28
2014.01.17 21:06:48.078,1.98614,1.98711,1.75,1.28
2014.01.17 21:06:48.189,1.98614,1.98709,1.25,1.13
2014.01.17 21:07:02.456,1.98614,1.98709,1.63,1.13
2014.01.17 21:07:02.557,1.98619,1.98714,1.13,1.13
2014.01.17 21:07:03.423,1.98621,1.98714,1.05,1.13
2014.01.17 21:07:04.948,1.98615,1.98709,1.05,1.13
2014.01.17 21:07:05.676,1.98615,1.98709,1.05,1.13
2014.01.17 21:07:05.777,1.9861,1.98707,1.50,1.28
2014.01.17 21:07:05.828,1.9861,1.98703,1.05,1.13
2014.01.17 21:07:05.929,1.9861,1.98703,1.05,1.13
2014.01.17 21:07:11.688,1.98607,1.98703,1.13,1.13
2014.01.17 21:07:11.789,1.98607,1.98703,1.20,1.28
2014.01.17 21:07:11.942,1.98604,1.98697,1.20,1.13
2014.01.17 21:07:12.499,1.98604,1.98697,1.20,1.13
2014.01.17 21:07:15.656,1.98604,1.98697,1.20,1.13
2014.01.17 21:07:15.824,1.98604,1.98697,1.58,1.13
2014.01.17 21:07:16.001,1.98604,1.98697,1.73,1.13
2014.01.17 21:07:16.615,1.98604,1.98697,1.58,1.13
2014.01.17 21:07:16.837,1.98604,1.98697,1.20,1.13
2014.01.17 21:07:20.357,1.98609,1.98697,1.05,1.13
2014.01.17 21:07:20.407,1.98609,1.98697,1.05,1.13
2014.01.17 21:07:20.508,1.9861,1.98706,1.35,1.28
2014.01.17 21:07:21.405,1.9861,1.98706,1.43,1.58
2014.01.17 21:07:21.727,1.98606,1.987,1.20,1.28
2014.01.17 21:07:25.182,1.98604,1.987,1.05,1.28
2014.01.17 21:07:25.576,1.98597,1.98691,1.20,1.13
2014.01.17 21:07:27.771,1.98597,1.98691,1.20,1.13
2014.01.17 21:07:38.693,1.98601,1.98691,1.05,1.13
2014.01.17 21:07:38.906,1.98598,1.98691,1.05,1.13
2014.01.17 21:07:40.025,1.98597,1.98691,1.20,1.13
2014.01.17 21:07:45.219,1.98597,1.9869,1.20,1.13
2014.01.17 21:07:45.397,1.986,1.9869,1.18,1.13
2014.01.17 21:07:46.185,1.98595,1.9869,1.20,1.13
2014.01.17 21:07:52.018,1.98595,1.9869,1.20,1.28
2014.01.17 21:08:06.161,1.98594,1.98689,1.58,1.13
2014.01.17 21:08:08.945,1.98594,1.98689,1.58,1.13
2014.01.17 21:08:09.375,1.98594,1.98689,2.00,1.13
2014.01.17 21:08:12.717,1.98599,1.98689,1.05,1.13
2014.01.17 21:08:26.165,1.98599,1.98691,1.05,1.13
2014.01.17 21:08:27.708,1.98604,1.98693,1.83,1.28
2014.01.17 21:08:29.156,1.98604,1.98699,1.20,1.43
2014.01.17 21:08:32.925,1.98604,1.98699,1.63,1.28
2014.01.17 21:08:49.839,1.98604,1.98699,1.35,1.28
2014.01.17 21:08:51.204,1.98604,1.98699,1.35,1.28
2014.01.17 21:09:02.867,1.98604,1.98699,1.35,1.28
2014.01.17 21:09:03.944,1.98604,1.98699,1.35,1.28
2014.01.17 21:09:04.056,1.98604,1.98699,1.35,1.28
2014.01.17 21:09:09.393,1.98605,1.98699,1.20,1.43
2014.01.17 21:09:09.944,1.98605,1.98702,1.13,1.28
2014.01.17 21:09:10.544,1.98605,1.98702,1.13,1.13
2014.01.17 21:09:11.299,1.98607,1.98702,1.63,1.13
2014.01.17 21:09:12.196,1.98607,1.98702,1.63,1.13
2014.01.17 21:09:12.988,1.98607,1.98702,1.63,1.13
2014.01.17 21:09:13.404,1.98607,1.98702,1.63,1.13
2014.01.17 21:09:13.634,1.98607,1.98702,1.97,1.13
2014.01.17 21:09:13.735,1.98617,1.98708,1.28,1.13
2014.01.17 21:09:13.836,1.98621,1.98715,1.20,1.13
2014.01.17 21:09:13.954,1.98621,1.98715,1.20,1.13
2014.01.17 21:09:14.184,1.98621,1.98715,1.20,1.13
2014.01.17 21:09:14.728,1.98621,1.98715,1.20,1.13
2014.01.17 21:09:15.745,1.98627,1.98715,1.65,1.13
2014.01.17 21:09:16.069,1.98628,1.98722,1.73,1.28
2014.01.17 21:09:17.780,1.98633,1.98725,1.13,1.28
2014.01.17 21:09:18.082,1.98639,1.98733,1.05,1.13
2014.01.17 21:09:18.646,1.98639,1.98733,1.05,1.13
2014.01.17 21:09:18.964,1.98639,1.98733,1.05,1.13
2014.01.17 21:09:19.135,1.98639,1.98733,1.05,1.13
2014.01.17 21:09:19.772,1.98639,1.98733,1.05,1.13
2014.01.17 21:09:19.914,1.98639,1.98733,1.73,1.13
2014.01.17 21:09:19.969,1.98638,1.98733,1.63,1.13
2014.01.17 21:09:27.723,1.98634,1.9873,1.20,1.28
2014.01.17 21:09:28.254,1.98633,1.98725,1.28,1.13
2014.01.17 21:09:31.045,1.98633,1.98725,1.28,1.13
2014.01.17 21:09:39.077,1.98633,1.98708,1.28,1.13
2014.01.17 21:09:39.178,1.98633,1.98719,1.28,1.13
2014.01.17 21:09:39.472,1.98633,1.98719,1.13,1.13
2014.01.17 21:09:39.576,1.98633,1.98719,1.13,1.13
2014.01.17 21:09:42.635,1.98634,1.98725,1.05,1.28
2014.01.17 21:09:42.692,1.98638,1.98729,1.45,1.28
2014.01.17 21:09:42.844,1.98639,1.98729,1.68,1.13
2014.01.17 21:09:42.906,1.98634,1.98729,1.28,1.43
2014.01.17 21:09:43.258,1.98633,1.98718,1.50,1.28
2014.01.17 21:09:43.495,1.98632,1.98718,1.75,1.28
2014.01.17 21:09:44.441,1.98632,1.98718,1.75,1.28
2014.01.17 21:09:45.165,1.98626,1.98718,1.28,1.28
2014.01.17 21:09:48.414,1.98626,1.98718,1.28,1.28
2014.01.17 21:09:53.851,1.98629,1.98718,1.35,1.28
2014.01.17 21:10:08.357,1.98626,1.98724,1.28,1.28
2014.01.17 21:10:08.469,1.98626,1.98721,1.93,1.13
2014.01.17 21:10:08.671,1.98625,1.98712,1.13,1.13
2014.01.17 21:10:08.976,1.98622,1.98709,1.35,1.13
2014.01.17 21:10:09.382,1.98621,1.98709,1.43,1.13
2014.01.17 21:10:09.583,1.98619,1.98703,1.28,1.13
2014.01.17 21:10:09.634,1.98619,1.98703,1.28,1.13
2014.01.17 21:10:09.763,1.98614,1.98696,1.34,1.13
2014.01.17 21:10:10.015,1.98606,1.98696,1.01,1.13
2014.01.17 21:10:10.116,1.98607,1.98696,1.92,1.13
2014.01.17 21:10:10.720,1.98607,1.98701,2.09,1.13
2014.01.17 21:10:11.721,1.98609,1.98701,1.68,1.13
2014.01.17 21:10:12.749,1.98609,1.98701,1.68,1.13
2014.01.17 21:10:15.796,1.98609,1.98701,1.68,1.13
2014.01.17 21:10:18.628,1.98607,1.98701,2.02,1.13
2014.01.17 21:10:27.312,1.98613,1.98701,1.05,1.28
2014.01.17 21:10:27.413,1.98607,1.98701,2.15,1.13
2014.01.17 21:10:30.724,1.98609,1.98704,1.38,1.28
2014.01.17 21:10:31.518,1.98611,1.98704,1.78,1.13
2014.01.17 21:10:32.099,1.98611,1.98704,1.78,1.13
2014.01.17 21:10:35.449,1.98611,1.98704,1.78,1.13
2014.01.17 21:10:36.458,1.98611,1.98704,1.78,1.13
2014.01.17 21:10:37.875,1.98611,1.98704,1.78,1.88
2014.01.17 21:10:37.976,1.98616,1.98704,1.05,2.03
2014.01.17 21:10:38.060,1.9861,1.98704,2.00,1.13
2014.01.17 21:10:41.809,1.9861,1.98704,1.50,1.13
2014.01.17 21:10:44.374,1.9861,1.98701,1.43,1.28
2014.01.17 21:10:44.676,1.9861,1.98691,1.05,1.28
2014.01.17 21:10:44.727,1.98601,1.98681,1.05,1.05
2014.01.17 21:10:44.935,1.98602,1.98676,1.53,1.25
2014.01.17 21:10:45.938,1.986,1.98676,1.08,1.25
2014.01.17 21:10:46.090,1.98604,1.98684,1.15,1.28
2014.01.17 21:10:46.302,1.98604,1.98686,1.15,1.13
2014.01.17 21:10:47.822,1.98604,1.98694,1.33,1.28
2014.01.17 21:10:48.707,1.98607,1.98701,1.13,1.13
2014.01.17 21:10:48.808,1.98608,1.98701,1.40,1.13
2014.01.17 21:10:48.909,1.98606,1.98701,1.28,1.28
2014.01.17 21:10:49.010,1.9861,1.98704,1.05,1.05
2014.01.17 21:10:49.061,1.98614,1.98705,1.20,1.35
2014.01.17 21:10:49.111,1.98614,1.98708,1.63,1.43
2014.01.17 21:10:49.214,1.98614,1.98708,1.25,1.43
2014.01.17 21:10:49.446,1.98614,1.98708,1.63,1.43
2014.01.17 21:10:49.747,1.98614,1.98708,1.20,1.43
2014.01.17 21:10:49.872,1.98614,1.98708,1.20,1.43
2014.01.17 21:10:50.225,1.98619,1.98708,1.45,1.28
2014.01.17 21:10:50.862,1.98614,1.98705,1.20,1.25
2014.01.17 21:10:50.914,1.98614,1.98708,1.20,1.28
2014.01.17 21:10:54.713,1.98614,1.98708,1.20,1.28
2014.01.17 21:10:54.873,1.98614,1.98708,1.63,1.28
2014.01.17 21:10:55.702,1.98614,1.98708,1.63,1.28
2014.01.17 21:10:57.685,1.98614,1.98708,1.63,1.28
2014.01.17 21:10:57.924,1.98614,1.98705,1.63,1.13
2014.01.17 21:10:57.974,1.98611,1.987,1.13,1.13
2014.01.17 21:11:00.167,1.98605,1.987,1.20,1.13
2014.01.17 21:11:01.003,1.98605,1.987,1.20,1.13
2014.01.17 21:11:05.383,1.98605,1.987,1.20,1.13
2014.01.17 21:11:09.902,1.98605,1.987,1.20,1.13
2014.01.17 21:11:16.602,1.98605,1.987,1.20,1.13
2014.01.17 21:11:20.779,1.98606,1.98701,1.50,1.28
2014.01.17 21:11:23.534,1.98611,1.98701,1.07,1.28
2014.01.17 21:11:27.481,1.98607,1.98701,1.26,1.28
2014.01.17 21:11:27.531,1.98611,1.98701,1.34,1.43
2014.01.17 21:11:28.683,1.98614,1.98701,1.58,1.28
2014.01.17 21:11:28.858,1.98626,1.98708,1.53,1.13
2014.01.17 21:11:29.143,1.98626,1.98708,1.90,1.13
2014.01.17 21:11:29.577,1.98623,1.98708,1.20,1.13
2014.01.17 21:11:29.678,1.98622,1.98708,1.93,1.13
2014.01.17 21:11:29.778,1.98615,1.98708,1.28,1.13
2014.01.17 21:11:29.829,1.98614,1.98708,2.18,1.13
2014.01.17 21:11:29.880,1.98614,1.98708,1.35,1.43
2014.01.17 21:11:30.183,1.98614,1.98702,1.80,1.13
2014.01.17 21:11:31.892,1.98615,1.98702,1.23,1.13
2014.01.17 21:11:32.061,1.98615,1.98702,1.28,1.13
2014.01.17 21:11:32.669,1.98605,1.98696,1.62,1.13
2014.01.17 21:11:33.271,1.98605,1.98696,2.06,1.13
2014.01.17 21:11:33.874,1.98605,1.98696,2.10,1.13
2014.01.17 21:11:41.133,1.98606,1.98696,1.33,1.13
2014.01.17 21:11:41.811,1.98607,1.98696,1.23,1.13
2014.01.17 21:11:44.061,1.98609,1.98696,1.65,1.13
2014.01.17 21:11:45.972,1.98609,1.9869,1.53,1.28
2014.01.17 21:11:46.032,1.98609,1.98688,1.15,1.25
2014.01.17 21:11:46.294,1.9861,1.98696,1.15,1.13
2014.01.17 21:11:47.007,1.9861,1.98694,1.15,1.20
2014.01.17 21:11:47.782,1.98609,1.98694,1.25,1.20
2014.01.17 21:11:48.607,1.98608,1.98687,1.23,1.13
2014.01.17 21:11:48.809,1.98599,1.98687,1.28,1.28
2014.01.17 21:11:48.859,1.98592,1.98685,1.90,1.13
2014.01.17 21:11:48.910,1.98592,1.98685,1.45,1.20
2014.01.17 21:12:00.716,1.98591,1.98685,1.43,1.20
2014.01.17 21:12:08.830,1.98592,1.98686,1.28,1.20
2014.01.17 21:12:09.419,1.98595,1.98688,1.25,1.20
2014.01.17 21:12:12.660,1.98594,1.98688,1.28,1.20
2014.01.17 21:12:12.761,1.98594,1.98688,1.28,1.20
2014.01.17 21:12:13.853,1.98595,1.98688,1.25,1.20
2014.01.17 21:12:13.985,1.98594,1.98688,1.28,1.20
2014.01.17 21:12:17.891,1.98595,1.98695,1.98,2.08
2014.01.17 21:12:17.942,1.986,1.98695,1.13,1.63
2014.01.17 21:12:18.042,1.986,1.98695,1.13,1.20
2014.01.17 21:12:18.203,1.986,1.98696,1.13,1.13
2014.01.17 21:12:18.491,1.986,1.98696,1.13,1.28
2014.01.17 21:12:19.973,1.986,1.98694,1.13,1.05
2014.01.17 21:12:20.094,1.98601,1.98695,1.35,1.20
2014.01.17 21:12:21.947,1.98594,1.98688,3.00,1.05
2014.01.17 21:12:25.714,1.98596,1.98689,1.25,1.20
2014.01.17 21:12:25.815,1.98596,1.98684,1.25,1.18
2014.01.17 21:12:26.742,1.9859,1.98684,1.40,1.93
2014.01.17 21:12:29.232,1.98589,1.98684,1.13,1.93
2014.01.17 21:12:35.247,1.98587,1.98681,1.43,1.25
2014.01.17 21:12:38.355,1.98589,1.98684,1.13,1.93
2014.01.17 21:12:41.964,1.98587,1.98681,1.43,1.25
2014.01.17 21:12:44.173,1.98589,1.98684,1.13,1.93
2014.01.17 21:12:47.155,1.98593,1.98684,1.13,1.20
2014.01.17 21:12:50.007,1.98591,1.98686,1.05,1.20
2014.01.17 21:12:50.309,1.98588,1.9868,1.13,1.20
2014.01.17 21:12:50.390,1.98588,1.9868,1.40,1.20
2014.01.17 21:12:50.971,1.98586,1.98669,1.05,1.13
2014.01.17 21:12:51.022,1.98578,1.98669,1.46,1.20
2014.01.17 21:12:51.195,1.98578,1.98669,1.99,1.20
2014.01.17 21:12:52.831,1.98579,1.98669,1.88,1.20
2014.01.17 21:12:52.881,1.98586,1.98669,1.29,1.13
2014.01.17 21:12:52.932,1.98587,1.98678,1.14,1.20
2014.01.17 21:12:53.461,1.98587,1.98681,1.14,1.20
2014.01.17 21:12:59.268,1.9859,1.98684,1.22,1.43
2014.01.17 21:12:59.342,1.9859,1.98682,1.37,1.13
2014.01.17 21:12:59.404,1.98593,1.98682,1.19,1.13
2014.01.17 21:13:00.528,1.98592,1.98689,1.43,1.28
2014.01.17 21:13:00.628,1.98593,1.98681,1.43,1.13
2014.01.17 21:13:00.679,1.98595,1.98681,1.90,1.13
2014.01.17 21:13:00.831,1.98617,1.98712,1.25,1.88
2014.01.17 21:13:00.982,1.98617,1.98712,1.63,1.13
2014.01.17 21:13:01.611,1.98618,1.98712,1.35,1.13
2014.01.17 21:13:01.662,1.98615,1.98712,1.13,1.28
2014.01.17 21:13:01.814,1.98615,1.9871,1.13,1.13
2014.01.17 21:13:01.865,1.98604,1.98689,1.45,1.28
2014.01.17 21:13:01.916,1.98604,1.98689,1.45,1.28
2014.01.17 21:13:01.967,1.98594,1.98684,1.83,1.13
2014.01.17 21:13:02.820,1.98601,1.98695,1.43,1.13
2014.01.17 21:13:02.871,1.98601,1.98695,1.05,1.13
2014.01.17 21:13:03.613,1.986,1.98662,1.28,1.05
2014.01.17 21:13:03.715,1.98566,1.98657,1.20,1.25
2014.01.17 21:13:03.816,1.98581,1.98664,1.05,1.90
2014.01.17 21:13:03.916,1.98583,1.98661,1.90,1.90
2014.01.17 21:13:04.068,1.98585,1.9868,1.13,1.13
2014.01.17 21:13:04.190,1.98586,1.98676,1.13,1.13
2014.01.17 21:13:04.241,1.98587,1.98673,1.28,1.05
2014.01.17 21:13:04.292,1.98597,1.98691,1.63,1.13
2014.01.17 21:13:04.411,1.98598,1.98691,1.05,1.13
2014.01.17 21:13:11.040,1.98599,1.98698,1.35,2.00
2014.01.17 21:13:11.092,1.98602,1.987,1.28,1.13
2014.01.17 21:13:21.643,1.98599,1.98699,1.43,1.28
2014.01.17 21:13:21.693,1.98599,1.98692,1.35,1.13
2014.01.17 21:13:37.317,1.98597,1.9869,1.13,1.25
2014.01.17 21:13:37.518,1.98603,1.98697,1.28,1.25
2014.01.17 21:13:37.619,1.98598,1.98691,1.20,1.35
2014.01.17 21:13:37.770,1.98598,1.98696,1.83,1.05
2014.01.17 21:13:37.820,1.98598,1.98698,1.65,1.70
2014.01.17 21:13:37.871,1.98604,1.98702,1.13,1.05
2014.01.17 21:13:37.972,1.9861,1.98705,1.13,1.28
2014.01.17 21:13:38.177,1.98617,1.98714,1.28,1.43
2014.01.17 21:13:38.960,1.98617,1.98714,1.43,1.28
2014.01.17 21:13:42.697,1.98617,1.98711,1.13,1.28
2014.01.17 21:13:42.748,1.98611,1.98706,1.13,1.13
2014.01.17 21:13:54.635,1.98604,1.98702,1.50,1.05
2014.01.17 21:13:55.640,1.98604,1.98699,1.50,1.28
2014.01.17 21:13:56.502,1.986,1.98691,1.20,1.25
2014.01.17 21:13:57.831,1.98599,1.98694,1.35,1.28
2014.01.17 21:13:58.090,1.986,1.98691,1.20,1.25
2014.01.17 21:14:00.523,1.98602,1.98697,1.35,1.43
2014.01.17 21:14:00.573,1.98604,1.98699,1.13,1.28
2014.01.17 21:14:06.159,1.986,1.98697,1.50,1.28
2014.01.17 21:14:06.214,1.98602,1.98697,1.60,1.28
2014.01.17 21:14:06.315,1.98602,1.98693,1.15,1.13
2014.01.17 21:14:22.177,1.98605,1.98699,1.25,1.13
2014.01.17 21:14:39.841,1.98603,1.98705,1.58,1.70
2014.01.17 21:14:39.893,1.98609,1.98705,1.13,1.25
2014.01.17 21:14:39.944,1.98599,1.98695,1.28,1.05
2014.01.17 21:14:41.256,1.98598,1.98697,1.65,1.75
2014.01.17 21:14:41.389,1.98603,1.98697,1.28,1.25
2014.01.17 21:14:41.440,1.98605,1.98697,1.13,1.25
2014.01.17 21:14:41.501,1.98607,1.98703,1.35,1.13
2014.01.17 21:14:41.629,1.9861,1.98707,1.28,1.43
2014.01.17 21:14:42.118,1.98613,1.98707,1.20,1.43
2014.01.17 21:14:42.219,1.98613,1.98707,1.20,1.43
2014.01.17 21:14:52.546,1.9861,1.98704,1.28,1.25
2014.01.17 21:14:53.979,1.98616,1.98712,1.13,1.28
2014.01.17 21:15:00.178,1.98615,1.9871,1.13,1.28
2014.01.17 21:15:00.229,1.98611,1.98708,1.35,1.28
2014.01.17 21:15:04.129,1.98617,1.98716,1.43,1.28
2014.01.17 21:15:10.448,1.98613,1.987,1.28,1.05
2014.01.17 21:15:10.499,1.98604,1.98697,1.20,1.28
2014.01.17 21:15:12.630,1.98604,1.98695,1.63,1.25
2014.01.17 21:15:20.463,1.98611,1.987,1.28,1.05
2014.01.17 21:15:20.514,1.98618,1.98712,1.25,1.50
2014.01.17 21:15:20.564,1.98618,1.98712,1.25,1.55
2014.01.17 21:15:21.519,1.98604,1.98695,1.63,1.25
2014.01.17 21:15:24.563,1.98604,1.98698,1.20,1.43
2014.01.17 21:15:25.289,1.98604,1.98695,1.25,1.25
2014.01.17 21:15:30.169,1.98599,1.98694,1.05,1.05
2014.01.17 21:15:30.371,1.98604,1.98695,1.28,1.13
2014.01.17 21:15:30.422,1.98604,1.98699,1.13,1.28
2014.01.17 21:15:30.522,1.98598,1.98697,1.13,1.05
2014.01.17 21:15:36.389,1.98597,1.98694,1.28,1.43
2014.01.17 21:15:40.291,1.986,1.98694,1.25,1.28
2014.01.17 21:15:46.449,1.98587,1.98686,1.28,1.20
2014.01.17 21:15:46.499,1.98585,1.9868,1.13,1.13
2014.01.17 21:15:49.938,1.9859,1.98687,1.28,1.28
2014.01.17 21:15:50.578,1.98593,1.98682,1.61,1.15
2014.01.17 21:15:52.860,1.98596,1.98682,1.09,1.08
2014.01.17 21:15:52.910,1.98599,1.98682,1.24,1.00
2014.01.17 21:15:52.961,1.98602,1.98694,1.02,1.28
2014.01.17 21:15:54.428,1.98591,1.98686,1.13,1.13
2014.01.17 21:15:54.618,1.98598,1.98687,1.35,1.05
2014.01.17 21:15:54.920,1.98647,1.98715,1.35,1.05
2014.01.17 21:15:55.086,1.98647,1.98725,1.35,1.43
2014.01.17 21:15:56.249,1.98649,1.98725,1.38,1.43
2014.01.17 21:16:00.459,1.98659,1.98728,1.05,1.05
2014.01.17 21:16:00.610,1.98652,1.98724,1.10,1.28
2014.01.17 21:16:04.936,1.98642,1.98724,1.29,1.28
2014.01.17 21:16:06.929,1.98646,1.98722,1.05,1.25
2014.01.17 21:16:10.539,1.98636,1.98727,1.05,1.05
2014.01.17 21:16:10.639,1.98665,1.98758,1.25,1.28
2014.01.17 21:16:10.690,1.98661,1.98739,1.05,1.35
2014.01.17 21:16:10.740,1.98632,1.98725,1.20,1.28
2014.01.17 21:16:10.791,1.9863,1.98724,1.13,1.43
2014.01.17 21:16:11.621,1.98616,1.9871,1.20,1.28
2014.01.17 21:16:12.619,1.98616,1.9871,1.20,1.28
2014.01.17 21:16:12.722,1.98616,1.98709,1.20,1.25
2014.01.17 21:16:14.759,1.98615,1.98703,1.13,1.13
2014.01.17 21:16:14.809,1.98605,1.98701,1.20,1.05
2014.01.17 21:16:14.960,1.98605,1.98698,1.20,1.28
2014.01.17 21:16:18.451,1.98603,1.98698,1.13,1.28
2014.01.17 21:16:19.429,1.98603,1.98698,1.13,1.28
2014.01.17 21:16:20.158,1.98603,1.98696,1.13,1.28
2014.01.17 21:16:20.258,1.98586,1.98681,1.13,1.58
2014.01.17 21:16:20.309,1.98581,1.98675,1.28,1.13
2014.01.17 21:16:20.432,1.98579,1.98672,1.13,1.25
2014.01.17 21:16:20.533,1.98579,1.98675,1.28,1.28
2014.01.17 21:16:20.634,1.98594,1.98688,1.25,1.13
2014.01.17 21:16:20.684,1.98577,1.98677,1.28,1.05
2014.01.17 21:16:20.734,1.98577,1.98671,1.28,1.25
2014.01.17 21:16:22.689,1.98577,1.98678,1.28,1.28
2014.01.17 21:16:22.739,1.9858,1.98679,1.28,1.13
2014.01.17 21:16:22.790,1.98582,1.9868,1.28,1.55
2014.01.17 21:16:26.967,1.98589,1.98679,1.25,1.20
2014.01.17 21:16:27.068,1.98589,1.98683,1.55,1.20
2014.01.17 21:16:30.639,1.98593,1.98689,1.13,1.20
2014.01.17 21:16:31.158,1.98595,1.98689,1.28,1.13
2014.01.17 21:16:31.208,1.98613,1.98702,1.13,1.24
2014.01.17 21:16:34.399,1.98613,1.98703,1.13,1.02
2014.01.17 21:16:34.903,1.98613,1.98703,1.13,1.02
2014.01.17 21:16:35.213,1.98613,1.98709,1.13,1.28
2014.01.17 21:16:35.315,1.98613,1.98705,1.13,1.05
2014.01.17 21:16:35.365,1.98615,1.98705,1.17,1.05
2014.01.17 21:16:35.668,1.9862,1.98714,1.20,1.28
2014.01.17 21:16:35.777,1.9864,1.98735,1.13,1.25
2014.01.17 21:16:35.828,1.98642,1.98741,1.28,1.13
2014.01.17 21:16:35.879,1.98646,1.98741,1.13,1.25
2014.01.17 21:16:35.979,1.98652,1.98749,1.13,1.28
2014.01.17 21:16:36.421,1.98654,1.98749,1.25,1.13
2014.01.17 21:16:36.472,1.98653,1.98747,1.13,1.25
2014.01.17 21:16:36.522,1.98658,1.98754,1.28,1.28
2014.01.17 21:16:39.619,1.98661,1.98752,1.25,1.63
2014.01.17 21:16:39.670,1.98643,1.98737,1.28,1.28
2014.01.17 21:16:39.771,1.98632,1.98726,1.13,1.20
2014.01.17 21:16:40.035,1.98632,1.98725,1.13,1.05
2014.01.17 21:16:40.136,1.98632,1.98726,1.13,1.20
2014.01.17 21:16:40.187,1.98632,1.98726,1.13,1.20
2014.01.17 21:16:40.287,1.98625,1.98719,1.28,1.05
2014.01.17 21:16:42.367,1.98625,1.98718,1.43,1.05
2014.01.17 21:16:44.147,1.98625,1.98719,1.28,1.05
2014.01.17 21:16:44.488,1.98619,1.98714,1.13,1.20
2014.01.17 21:16:45.546,1.98625,1.98719,1.13,1.20
2014.01.17 21:16:45.887,1.98625,1.98719,1.13,1.20
2014.01.17 21:16:45.997,1.98625,1.98719,1.28,1.20
2014.01.17 21:16:46.202,1.98622,1.98714,1.13,1.20
2014.01.17 21:16:46.280,1.9862,1.98714,1.28,1.20
2014.01.17 21:16:46.648,1.98618,1.98712,1.20,1.35
2014.01.17 21:16:46.698,1.98604,1.98695,1.13,1.20
2014.01.17 21:16:46.753,1.98596,1.98689,1.58,1.13
2014.01.17 21:16:46.904,1.98594,1.98689,1.28,1.20
2014.01.17 21:16:46.972,1.98596,1.98689,1.25,1.20
2014.01.17 21:16:47.073,1.98594,1.98689,1.28,1.20
2014.01.17 21:16:47.224,1.98589,1.98683,1.28,1.13
2014.01.17 21:16:47.275,1.98587,1.98683,1.43,1.20
2014.01.17 21:16:47.325,1.98593,1.98685,1.13,1.20
2014.01.17 21:16:47.477,1.98594,1.98687,1.65,1.20
2014.01.17 21:16:47.678,1.98586,1.98681,1.28,1.25
2014.01.17 21:16:48.528,1.98591,1.98687,1.28,1.35
2014.01.17 21:16:48.579,1.98597,1.98691,1.13,1.20
2014.01.17 21:16:48.682,1.98597,1.98691,1.58,1.20
2014.01.17 21:16:48.733,1.98601,1.98692,1.13,1.20
2014.01.17 21:16:48.889,1.98596,1.98692,1.28,1.20
2014.01.17 21:16:49.093,1.98596,1.98692,1.13,1.20
2014.01.17 21:16:49.546,1.98594,1.98687,1.25,1.20
2014.01.17 21:16:49.752,1.986,1.98692,1.25,1.20
2014.01.17 21:16:50.995,1.98604,1.98697,1.28,1.20
2014.01.17 21:16:52.908,1.98609,1.98703,1.43,1.20
2014.01.17 21:16:53.678,1.98612,1.98699,1.05,1.09
2014.01.17 21:16:53.729,1.98618,1.987,1.25,1.09
2014.01.17 21:16:53.914,1.98615,1.987,1.28,1.09
2014.01.17 21:16:54.114,1.98615,1.98705,1.28,1.20
2014.01.17 21:16:54.265,1.98609,1.98706,1.28,1.43
2014.01.17 21:16:54.316,1.98605,1.98704,1.13,1.13
2014.01.17 21:16:54.410,1.986,1.98692,1.13,1.25
2014.01.17 21:16:54.462,1.98604,1.98701,1.43,1.43
2014.01.17 21:17:00.633,1.98608,1.98701,1.13,1.05
2014.01.17 21:17:00.684,1.98628,1.98719,1.25,1.25
2014.01.17 21:17:00.785,1.98623,1.98719,1.05,1.28
2014.01.17 21:17:01.009,1.98608,1.987,1.25,1.25
2014.01.17 21:17:10.610,1.98605,1.98706,1.43,1.05
2014.01.17 21:17:10.661,1.98619,1.98714,1.28,1.28
2014.01.17 21:17:10.762,1.98607,1.98705,1.28,1.05
2014.01.17 21:17:10.812,1.98609,1.987,1.25,1.25
2014.01.17 21:17:12.970,1.98603,1.987,1.13,1.43
2014.01.17 21:17:13.021,1.986,1.98697,1.65,1.28
2014.01.17 21:17:20.768,1.98614,1.98709,1.28,1.28
2014.01.17 21:17:21.091,1.98602,1.98695,1.25,1.25
2014.01.17 21:17:27.169,1.98602,1.98693,1.25,1.17
2014.01.17 21:17:27.499,1.98577,1.98671,1.13,1.35
2014.01.17 21:17:27.555,1.98579,1.9867,1.25,1.20
2014.01.17 21:17:27.655,1.98577,1.9867,1.13,1.20
2014.01.17 21:17:27.987,1.98577,1.9867,1.28,1.20
2014.01.17 21:17:28.509,1.98577,1.9867,1.28,1.20
2014.01.17 21:17:30.917,1.98578,1.98672,1.35,1.13
2014.01.17 21:17:31.119,1.98598,1.98695,1.28,1.13
2014.01.17 21:17:31.270,1.98599,1.98695,1.35,1.28
2014.01.17 21:17:40.709,1.98602,1.98698,1.50,1.05
2014.01.17 21:17:40.759,1.98609,1.98709,1.05,1.28
2014.01.17 21:17:40.810,1.98612,1.98709,1.28,1.28
2014.01.17 21:17:42.708,1.98609,1.98706,1.43,1.13
2014.01.17 21:17:42.759,1.98606,1.98706,2.08,1.43
2014.01.17 21:17:46.032,1.98602,1.98701,1.13,1.28
2014.01.17 21:17:46.083,1.986,1.98695,1.28,1.13
2014.01.17 21:17:46.305,1.98601,1.98695,1.25,1.13
2014.01.17 21:17:47.297,1.98601,1.98702,1.70,1.20
2014.01.17 21:17:47.348,1.98617,1.9871,1.25,1.80
2014.01.17 21:17:47.449,1.98609,1.98708,1.28,1.13
2014.01.17 21:17:47.500,1.98607,1.98705,1.28,1.43
2014.01.17 21:17:47.550,1.98615,1.9871,1.13,1.28
2014.01.17 21:17:47.651,1.98612,1.98711,1.28,1.35
2014.01.17 21:17:47.702,1.98611,1.98709,1.28,1.43
2014.01.17 21:17:47.752,1.98605,1.98703,1.28,1.35
2014.01.17 21:17:47.802,1.98605,1.98702,1.13,1.13
2014.01.17 21:17:47.853,1.98605,1.98702,1.13,1.13
2014.01.17 21:17:48.034,1.98605,1.987,1.28,1.20
2014.01.17 21:17:48.135,1.98605,1.98697,1.43,1.05
2014.01.17 21:17:48.236,1.98608,1.987,1.43,1.05
2014.01.17 21:17:48.337,1.98605,1.98698,1.13,1.05
2014.01.17 21:17:48.438,1.98605,1.98699,1.28,1.20
2014.01.17 21:17:48.542,1.98605,1.98701,1.13,1.13
2014.01.17 21:17:48.643,1.98605,1.98697,1.13,1.05
2014.01.17 21:17:49.387,1.98603,1.98699,1.13,1.35
2014.01.17 21:17:49.437,1.986,1.98695,1.25,1.50
2014.01.17 21:17:49.497,1.986,1.98695,1.13,1.20
2014.01.17 21:17:49.547,1.98605,1.98699,1.28,1.73
2014.01.17 21:17:49.651,1.98598,1.98692,1.28,1.25
2014.01.17 21:17:57.936,1.98598,1.98692,1.28,1.63
2014.01.17 21:17:58.476,1.98598,1.98695,1.28,1.28
2014.01.17 21:17:58.554,1.98598,1.98695,1.28,1.28
2014.01.17 21:18:01.222,1.98604,1.987,1.13,1.13
2014.01.17 21:18:01.278,1.98604,1.987,1.28,1.13
2014.01.17 21:18:01.481,1.98604,1.987,1.13,1.13
2014.01.17 21:18:01.717,1.98604,1.987,1.13,1.13
2014.01.17 21:18:01.985,1.98604,1.987,1.13,1.13
2014.01.17 21:18:02.287,1.98604,1.987,1.13,1.13
2014.01.17 21:18:02.388,1.98604,1.987,1.85,1.13
2014.01.17 21:18:02.488,1.98597,1.987,1.13,1.28
2014.01.17 21:18:02.539,1.98594,1.98691,1.28,1.13
2014.01.17 21:18:03.940,1.98596,1.98691,1.20,1.28
2014.01.17 21:18:04.041,1.98616,1.98709,1.25,1.28
2014.01.17 21:18:04.145,1.98607,1.98702,1.28,1.13
2014.01.17 21:18:06.313,1.98607,1.98702,1.28,1.13
2014.01.17 21:18:06.516,1.98609,1.98702,1.25,1.13
2014.01.17 21:18:10.930,1.98607,1.98702,1.28,1.13
2014.01.17 21:18:11.287,1.98607,1.98702,1.13,1.28
2014.01.17 21:18:11.388,1.98604,1.98702,1.05,1.43
2014.01.17 21:18:15.306,1.98613,1.98708,1.13,1.13
2014.01.17 21:18:15.407,1.98608,1.98702,1.65,1.13
2014.01.17 21:18:15.508,1.98611,1.98707,1.13,1.28
2014.01.17 21:18:15.659,1.98619,1.98712,1.28,1.05
2014.01.17 21:18:23.411,1.98616,1.98711,1.05,1.05
2014.01.17 21:18:23.461,1.98613,1.98708,1.28,1.20
2014.01.17 21:18:23.562,1.98608,1.98708,1.28,1.65
2014.01.17 21:18:23.613,1.98607,1.98702,1.13,1.28
2014.01.17 21:18:23.764,1.98614,1.98706,1.28,1.28
2014.01.17 21:18:23.814,1.98611,1.98706,1.28,1.28
2014.01.17 21:18:23.865,1.98605,1.98701,1.28,1.05
2014.01.17 21:18:23.915,1.98603,1.987,1.43,1.28
2014.01.17 21:18:23.968,1.98603,1.98703,1.58,1.13
2014.01.17 21:18:24.019,1.9861,1.98705,1.13,1.13
2014.01.17 21:18:24.120,1.9861,1.98705,1.55,1.13
2014.01.17 21:18:24.196,1.9861,1.98704,1.13,1.25
2014.01.17 21:18:24.336,1.98611,1.98705,1.25,1.13
2014.01.17 21:18:24.599,1.9861,1.98705,1.13,1.13
2014.01.17 21:18:25.709,1.98611,1.98705,1.25,1.13
2014.01.17 21:18:25.860,1.98611,1.98706,1.13,1.13
2014.01.17 21:18:25.985,1.98605,1.98704,1.28,1.28
2014.01.17 21:18:26.068,1.98605,1.98703,1.13,1.43
2014.01.17 21:18:26.205,1.98605,1.98703,1.28,1.28
2014.01.17 21:18:26.508,1.98605,1.98703,1.13,1.43
2014.01.17 21:18:26.749,1.9861,1.98707,1.43,1.13
2014.01.17 21:18:26.866,1.98605,1.98702,1.43,1.28
2014.01.17 21:18:27.167,1.98608,1.98704,1.28,1.13
2014.01.17 21:18:27.218,1.98612,1.98707,1.13,1.28
2014.01.17 21:18:27.278,1.98607,1.98704,1.28,1.13
2014.01.17 21:18:27.328,1.98605,1.98704,1.13,1.43
2014.01.17 21:18:27.429,1.98613,1.98708,1.28,1.35
2014.01.17 21:18:28.257,1.98608,1.98706,1.28,1.13
2014.01.17 21:18:28.307,1.98608,1.98704,1.13,1.28
2014.01.17 21:18:29.616,1.98608,1.98703,1.13,1.13
2014.01.17 21:18:30.661,1.98597,1.98694,1.43,1.20
2014.01.17 21:18:30.883,1.98603,1.98697,1.28,1.20
2014.01.17 21:18:30.984,1.98603,1.98697,1.43,1.20
2014.01.17 21:18:31.085,1.98597,1.98693,1.58,1.20
2014.01.17 21:18:32.439,1.98597,1.98695,1.58,1.13
2014.01.17 21:18:33.246,1.98599,1.98695,1.25,1.13
2014.01.17 21:18:34.056,1.98597,1.98695,1.13,1.13
2014.01.17 21:18:34.257,1.98599,1.98695,1.25,1.13
2014.01.17 21:18:35.281,1.98597,1.98695,1.28,1.13
2014.01.17 21:18:35.369,1.98599,1.98695,1.25,1.13
2014.01.17 21:18:36.421,1.98597,1.98695,1.58,1.13
2014.01.17 21:18:36.686,1.98597,1.98695,1.43,1.13
2014.01.17 21:18:36.787,1.98602,1.987,1.28,1.28
2014.01.17 21:18:36.887,1.98604,1.98702,1.28,1.13
2014.01.17 21:18:36.988,1.9861,1.98708,1.13,1.28
2014.01.17 21:18:37.290,1.98616,1.98711,1.28,1.13
2014.01.17 21:18:37.885,1.98613,1.98711,1.05,1.13
2014.01.17 21:18:37.986,1.9861,1.98705,1.28,1.13
2014.01.17 21:18:41.498,1.98612,1.98705,1.25,1.13
2014.01.17 21:18:41.746,1.98612,1.98703,1.25,1.25
2014.01.17 21:18:42.954,1.98603,1.98699,2.00,1.13
2014.01.17 21:18:43.054,1.98602,1.98698,1.28,1.28
2014.01.17 21:18:43.384,1.98603,1.98701,1.13,1.05
2014.01.17 21:18:43.484,1.98618,1.98713,1.25,1.28
2014.01.17 21:18:44.466,1.98618,1.98714,1.75,1.13
2014.01.17 21:18:44.517,1.98621,1.98719,1.45,1.43
2014.01.17 21:18:44.617,1.98635,1.98733,1.05,1.28
2014.01.17 21:18:44.668,1.98638,1.98733,1.28,1.28
2014.01.17 21:18:47.679,1.98632,1.98725,1.25,1.25
2014.01.17 21:18:48.086,1.98625,1.98716,1.25,1.25
2014.01.17 21:18:48.413,1.98617,1.98715,1.70,1.13
2014.01.17 21:18:48.649,1.98608,1.98703,1.28,1.28
2014.01.17 21:18:48.978,1.98609,1.98706,1.28,1.05
2014.01.17 21:18:49.103,1.9862,1.98714,1.43,1.25
2014.01.17 21:18:49.204,1.98615,1.98707,1.25,1.25
2014.01.17 21:18:51.055,1.98623,1.98721,1.05,1.28
2014.01.17 21:18:51.357,1.98651,1.98751,1.05,1.28
2014.01.17 21:18:51.407,1.98651,1.98751,1.05,1.28
2014.01.17 21:18:51.612,1.98646,1.98745,1.05,1.28
2014.01.17 21:18:51.668,1.98649,1.98745,1.28,1.28
2014.01.17 21:18:58.709,1.98651,1.98748,1.43,1.13
2014.01.17 21:18:58.867,1.98665,1.9876,1.13,1.43
2014.01.17 21:18:58.968,1.98665,1.98762,1.43,1.43
2014.01.17 21:19:01.053,1.98659,1.98752,1.25,1.25
2014.01.17 21:19:06.949,1.98662,1.98762,1.05,1.28
2014.01.17 21:19:07.668,1.98667,1.9876,1.70,1.18
2014.01.17 21:19:07.718,1.98673,1.98771,1.05,1.28
2014.01.17 21:19:07.769,1.98676,1.98771,1.28,1.28
2014.01.17 21:19:09.087,1.98677,1.98772,1.43,1.05
2014.01.17 21:19:09.137,1.98688,1.98781,1.25,1.25
2014.01.17 21:19:14.084,1.98674,1.98781,1.05,1.20
2014.01.17 21:19:14.135,1.98674,1.98778,1.05,1.05
2014.01.17 21:19:15.400,1.98667,1.98772,1.05,1.20
2014.01.17 21:19:15.450,1.98667,1.9877,1.05,1.05
2014.01.17 21:19:15.606,1.98661,1.98765,1.05,1.20
2014.01.17 21:19:15.657,1.98661,1.98764,1.05,1.05
2014.01.17 21:19:15.825,1.98664,1.98773,1.05,1.20
2014.01.17 21:19:15.876,1.98673,1.98776,1.05,1.05
2014.01.17 21:19:16.421,1.98667,1.98772,1.05,1.20
2014.01.17 21:19:16.473,1.98667,1.9877,1.05,1.05
2014.01.17 21:19:18.159,1.98673,1.98784,1.20,1.05
2014.01.17 21:19:18.209,1.9868,1.98784,1.05,1.05
2014.01.17 21:19:18.905,1.98682,1.98786,1.05,1.20
2014.01.17 21:19:18.955,1.98687,1.98786,1.05,1.05
2014.01.17 21:19:21.466,1.98688,1.98793,1.05,1.20
2014.01.17 21:19:21.835,1.98692,1.98795,1.05,1.05
2014.01.17 21:19:23.796,1.98708,1.98809,1.05,1.05
2014.01.17 21:19:24.154,1.98728,1.98829,1.05,1.05
2014.01.17 21:19:24.497,1.98722,1.9882,1.05,1.05
2014.01.17 21:19:25.303,1.98718,1.9882,1.05,1.20
2014.01.17 21:19:25.354,1.98721,1.9882,1.05,1.05
2014.01.17 21:19:25.454,1.98729,1.98827,1.05,1.05
2014.01.17 21:19:26.005,1.98723,1.98826,1.05,1.05
2014.01.17 21:19:27.297,1.98718,1.98817,1.05,1.05
2014.01.17 21:19:27.398,1.98687,1.9879,1.05,1.05
2014.01.17 21:19:31.015,1.98703,1.98801,1.05,1.05
2014.01.17 21:19:31.141,1.98708,1.9881,1.05,1.05
2014.01.17 21:19:32.435,1.98713,1.98816,1.05,1.05
2014.01.17 21:19:44.259,1.98708,1.98813,1.05,1.20
2014.01.17 21:19:44.309,1.98708,1.9881,1.05,1.05
2014.01.17 21:19:48.259,1.98705,1.98805,1.05,1.05
2014.01.17 21:19:48.736,1.98697,1.98798,1.05,1.05
2014.01.17 21:19:55.530,1.98702,1.98806,1.20,1.05
2014.01.17 21:19:55.581,1.98705,1.98806,1.05,1.05
2014.01.17 21:19:55.631,1.98698,1.98803,1.05,1.20
2014.01.17 21:19:55.682,1.98698,1.988,1.05,1.05
2014.01.17 21:19:55.732,1.98702,1.98808,1.20,1.05
2014.01.17 21:19:55.783,1.98705,1.98808,1.05,1.05
2014.01.17 21:19:55.883,1.98698,1.98801,1.05,1.05
2014.01.17 21:19:55.984,1.98695,1.98796,1.05,1.05
2014.01.17 21:19:56.055,1.98696,1.98803,1.20,1.20
2014.01.17 21:19:56.106,1.98701,1.98803,1.05,1.20
2014.01.17 21:20:06.173,1.98704,1.9881,1.05,1.35
2014.01.17 21:20:06.223,1.98707,1.9881,1.05,1.35
2014.01.17 21:20:08.112,1.98703,1.98807,1.20,1.05
2014.01.17 21:20:08.163,1.98703,1.98803,1.20,1.05
2014.01.17 21:20:12.715,1.98712,1.98812,1.13,1.28
2014.01.17 21:20:12.817,1.98714,1.98813,1.05,1.13
2014.01.17 21:20:13.341,1.98717,1.98813,1.28,1.13
2014.01.17 21:20:13.448,1.98707,1.98801,1.25,1.13
2014.01.17 21:20:22.374,1.98714,1.98812,1.05,1.13
2014.01.17 21:20:22.659,1.98722,1.98811,1.05,1.20
2014.01.17 21:20:23.804,1.98725,1.9882,1.28,1.13
2014.01.17 21:20:24.114,1.98719,1.98814,1.28,1.13
2014.01.17 21:20:24.462,1.98715,1.98806,1.25,1.25
2014.01.17 21:20:30.444,1.98706,1.98804,1.58,1.05
2014.01.17 21:20:36.045,1.98705,1.988,1.13,1.43
2014.01.17 21:20:36.096,1.98699,1.98797,1.28,1.05
2014.01.17 21:20:36.156,1.98703,1.988,1.13,1.13
2014.01.17 21:20:36.206,1.98706,1.98803,1.28,1.28
2014.01.17 21:20:56.223,1.98705,1.98803,1.05,1.28
2014.01.17 21:21:00.340,1.98702,1.98794,1.25,1.25
2014.01.17 21:21:08.239,1.98702,1.98794,2.00,1.18
2014.01.17 21:21:08.290,1.98706,1.98804,1.05,1.28
2014.01.17 21:21:08.893,1.98709,1.98804,1.28,1.28
2014.01.17 21:21:16.022,1.98706,1.98804,1.05,1.28
2014.01.17 21:21:16.122,1.98699,1.9879,1.63,1.25
2014.01.17 21:21:18.285,1.98699,1.9879,2.08,1.18
2014.01.17 21:21:18.386,1.98705,1.98803,1.28,1.28
2014.01.17 21:21:18.437,1.98708,1.98804,1.20,1.13
2014.01.17 21:21:18.538,1.98713,1.98811,1.05,1.28
2014.01.17 21:21:18.628,1.98716,1.98811,1.28,1.28
2014.01.17 21:21:18.727,1.98714,1.98809,1.13,1.13
2014.01.17 21:21:18.828,1.98708,1.98805,1.28,1.28
2014.01.17 21:21:18.878,1.98711,1.98809,1.13,1.13
2014.01.17 21:21:18.929,1.98715,1.98809,1.25,1.25
2014.01.17 21:21:19.385,1.98715,1.98809,1.18,1.70
2014.01.17 21:21:19.486,1.98706,1.98801,1.28,1.28
2014.01.17 21:21:19.537,1.9871,1.98806,1.13,1.13
2014.01.17 21:21:19.587,1.98715,1.98806,1.25,1.25
2014.01.17 21:21:19.637,1.98707,1.98803,1.70,1.13
2014.01.17 21:21:19.839,1.98714,1.98809,1.28,1.28
2014.01.17 21:21:20.143,1.98705,1.98799,1.28,1.05
2014.01.17 21:21:20.194,1.98703,1.98798,1.35,1.28
2014.01.17 21:21:20.245,1.98703,1.98801,1.50,1.13
2014.01.17 21:21:20.295,1.98707,1.98807,1.05,1.43
2014.01.17 21:21:20.800,1.98705,1.988,1.28,1.13
2014.01.17 21:21:20.851,1.98704,1.98799,1.35,1.28
2014.01.17 21:21:20.901,1.98705,1.98802,1.98,1.05
2014.01.17 21:21:20.951,1.98712,1.98807,1.28,1.28
2014.01.17 21:21:21.002,1.98709,1.98806,1.05,1.28
2014.01.17 21:21:21.053,1.98705,1.98802,1.35,1.05
2014.01.17 21:21:21.154,1.98713,1.98807,1.25,1.28
2014.01.17 21:21:21.615,1.98708,1.98799,1.25,1.25
2014.01.17 21:21:21.915,1.98709,1.98807,1.05,1.28
2014.01.17 21:21:22.583,1.98713,1.98805,1.25,1.25
2014.01.17 21:21:22.774,1.98707,1.98805,1.13,1.13
2014.01.17 21:21:22.825,1.98705,1.98801,1.05,1.05
2014.01.17 21:21:22.925,1.98711,1.98805,1.25,1.25
2014.01.17 21:21:23.037,1.98705,1.98802,1.05,1.05
2014.01.17 21:21:23.376,1.9871,1.98807,1.43,1.43
2014.01.17 21:21:23.647,1.98703,1.98796,1.35,1.25
2014.01.17 21:21:26.258,1.98703,1.98796,1.05,1.13
2014.01.17 21:21:26.309,1.98697,1.98792,1.35,1.28
2014.01.17 21:21:26.410,1.98705,1.98799,1.65,1.28
2014.01.17 21:21:28.095,1.98704,1.98802,1.28,1.05
2014.01.17 21:21:28.246,1.98715,1.98808,1.25,1.25
2014.01.17 21:21:28.799,1.9871,1.9881,1.05,1.28
2014.01.17 21:21:29.403,1.98711,1.98809,1.05,1.28
2014.01.17 21:21:29.787,1.98713,1.98806,1.38,1.13
2014.01.17 21:21:29.973,1.98706,1.98804,1.58,1.05
2014.01.17 21:21:30.133,1.98711,1.98806,1.13,1.13
2014.01.17 21:21:30.192,1.98713,1.98809,1.43,1.28
2014.01.17 21:21:33.791,1.98712,1.98803,1.13,1.25
2014.01.17 21:21:33.892,1.98708,1.98803,1.28,1.55
2014.01.17 21:21:35.431,1.98706,1.98803,1.13,1.43
2014.01.17 21:21:35.532,1.98703,1.98801,1.35,1.05
2014.01.17 21:21:36.121,1.98701,1.98798,1.28,1.43
2014.01.17 21:21:36.222,1.98696,1.98793,2.08,1.13
2014.01.17 21:21:36.322,1.98696,1.98787,1.63,1.25
2014.01.17 21:21:36.391,1.98696,1.98793,1.50,1.13
2014.01.17 21:21:36.650,1.98702,1.98795,1.63,1.25
2014.01.17 21:21:46.143,1.987,1.98797,1.13,1.28
2014.01.17 21:21:46.294,1.98695,1.98787,1.35,1.25
2014.01.17 21:21:46.445,1.98702,1.98795,1.35,1.28
2014.01.17 21:21:46.496,1.98703,1.98798,1.35,1.05
2014.01.17 21:21:46.546,1.98711,1.98804,1.25,1.25
2014.01.17 21:21:51.911,1.98705,1.98804,1.13,1.43
2014.01.17 21:21:51.961,1.98703,1.98798,2.08,1.25
2014.01.17 21:21:52.249,1.9871,1.98807,1.13,1.13
2014.01.17 21:21:52.300,1.98714,1.98807,1.25,1.25
2014.01.17 21:21:56.316,1.9871,1.98807,1.13,1.13
2014.01.17 21:21:56.367,1.98706,1.98803,1.28,1.05
2014.01.17 21:21:56.426,1.9871,1.98807,1.13,1.43
2014.01.17 21:21:56.476,1.98712,1.98807,1.28,1.55
2014.01.17 21:22:16.729,1.98713,1.98809,1.28,1.13
2014.01.17 21:22:16.780,1.98715,1.98809,1.28,1.25
2014.01.17 21:22:20.840,1.98718,1.98812,1.13,1.05
2014.01.17 21:22:20.941,1.98736,1.98831,1.25,1.13
2014.01.17 21:22:20.991,1.98736,1.98837,2.08,1.28
2014.01.17 21:22:21.042,1.98742,1.98839,1.28,1.05
2014.01.17 21:22:21.193,1.98748,1.98848,1.13,1.28
2014.01.17 21:22:21.250,1.98748,1.98848,1.58,1.13
2014.01.17 21:22:21.501,1.98751,1.98849,1.28,1.28
2014.01.17 21:22:21.602,1.98758,1.98856,1.13,1.28
2014.01.17 21:22:21.653,1.98758,1.98858,1.58,1.43
2014.01.17 21:22:22.362,1.98758,1.98858,1.13,1.28
2014.01.17 21:22:22.412,1.98756,1.98852,1.28,1.13
2014.01.17 21:22:23.411,1.98753,1.98852,1.05,1.28
2014.01.17 21:22:23.512,1.98742,1.98839,1.43,1.43
2014.01.17 21:22:23.563,1.98729,1.98817,1.05,1.05
2014.01.17 21:22:24.020,1.98713,1.98809,1.28,1.28
2014.01.17 21:22:24.209,1.98714,1.98812,1.13,1.13
2014.01.17 21:22:24.260,1.9872,1.98816,1.25,1.28
2014.01.17 21:22:26.626,1.98727,1.98818,1.18,1.55
2014.01.17 21:22:26.676,1.98727,1.98818,1.25,1.25
2014.01.17 21:22:28.118,1.98721,1.98818,1.13,1.13
2014.01.17 21:22:28.169,1.98717,1.98815,1.28,1.05
2014.01.17 21:22:29.052,1.98717,1.98812,1.28,1.28
2014.01.17 21:22:34.527,1.98714,1.98811,1.13,1.13
2014.01.17 21:22:34.657,1.9871,1.98807,1.28,1.28
2014.01.17 21:22:37.172,1.98705,1.98801,1.73,1.13
2014.01.17 21:22:37.273,1.98705,1.98799,1.25,1.28
2014.01.17 21:22:39.466,1.98701,1.98797,1.13,1.13
2014.01.17 21:22:39.566,1.98696,1.98793,1.43,1.43
2014.01.17 21:22:40.252,1.98697,1.98796,1.13,1.43
2014.01.17 21:22:40.302,1.98702,1.98796,1.28,1.25
2014.01.17 21:22:44.284,1.98703,1.98801,1.13,1.13
2014.01.17 21:22:44.385,1.98709,1.98804,1.28,1.28
2014.01.17 21:22:44.436,1.98711,1.98804,1.25,1.13
2014.01.17 21:22:51.286,1.98706,1.98804,1.05,1.43
2014.01.17 21:22:51.387,1.98702,1.98797,1.28,1.13
2014.01.17 21:22:56.262,1.98698,1.98794,1.13,1.13
2014.01.17 21:22:56.313,1.98693,1.98791,1.05,1.28
2014.01.17 21:22:56.363,1.98689,1.98786,1.13,1.13
2014.01.17 21:22:56.414,1.98688,1.98786,1.28,1.05
2014.01.17 21:22:56.464,1.98691,1.98788,1.13,1.13
2014.01.17 21:22:56.515,1.98695,1.98788,1.25,1.25
2014.01.17 21:23:03.962,1.98697,1.98796,1.13,1.28
2014.01.17 21:23:04.699,1.987,1.98796,1.28,1.13
2014.01.17 21:23:05.174,1.98756,1.98803,1.05,1.20
2014.01.17 21:23:05.476,1.98774,1.98868,1.55,1.28
2014.01.17 21:23:05.527,1.98774,1.98869,1.55,1.28
2014.01.17 21:23:06.463,1.98774,1.98869,1.55,1.13
2014.01.17 21:23:10.396,1.98774,1.98867,1.13,1.25
2014.01.17 21:23:10.704,1.98774,1.98869,1.28,1.28
2014.01.17 21:23:10.906,1.98774,1.98867,1.13,1.25
2014.01.17 21:23:15.087,1.98774,1.98872,1.70,1.13
2014.01.17 21:23:15.187,1.9878,1.98877,1.28,1.43
2014.01.17 21:23:15.288,1.98783,1.98877,1.40,1.28
2014.01.17 21:23:15.550,1.98783,1.98877,1.50,1.28
2014.01.17 21:23:17.972,1.98759,1.98853,1.43,1.25
2014.01.17 21:23:18.274,1.98705,1.98802,1.43,1.43
2014.01.17 21:23:18.425,1.98701,1.98795,1.25,1.25
2014.01.17 21:23:23.762,1.98701,1.98795,1.70,1.18
2014.01.17 21:23:23.813,1.98706,1.98803,1.28,1.28
2014.01.17 21:23:25.215,1.98712,1.98809,1.28,1.13
2014.01.17 21:23:28.093,1.98711,1.98807,1.13,1.28
2014.01.17 21:23:28.144,1.98707,1.98802,1.28,1.28
2014.01.17 21:23:31.946,1.98709,1.98804,1.13,1.13
2014.01.17 21:23:31.997,1.98716,1.9881,1.25,1.25
2014.01.17 21:23:32.047,1.98716,1.9881,1.70,1.18
2014.01.17 21:23:32.098,1.98724,1.98819,1.25,1.28
2014.01.17 21:23:38.470,1.98728,1.98827,1.05,1.13
2014.01.17 21:23:39.193,1.98731,1.98827,1.28,1.13
2014.01.17 21:23:48.138,1.9873,1.98825,1.05,1.28
2014.01.17 21:23:48.239,1.98724,1.98815,1.25,1.35
2014.01.17 21:23:53.601,1.98712,1.98809,1.43,1.28
2014.01.17 21:24:00.822,1.98715,1.98809,1.25,1.28
2014.01.17 21:24:02.005,1.98707,1.98802,1.28,1.13
2014.01.17 21:24:03.205,1.98707,1.98805,1.28,1.05
2014.01.17 21:24:03.274,1.98713,1.98807,1.13,1.13
2014.01.17 21:24:03.325,1.98714,1.98813,1.43,1.28
2014.01.17 21:24:03.519,1.98723,1.98819,1.55,1.65
2014.01.17 21:24:06.353,1.98715,1.98813,1.28,1.13
2014.01.17 21:24:06.404,1.98715,1.9881,1.13,1.28
2014.01.17 21:24:06.455,1.98714,1.98808,1.13,1.28
2014.01.17 21:24:06.804,1.98711,1.98803,1.25,1.25
2014.01.17 21:24:08.481,1.98711,1.98805,1.25,1.13
2014.01.17 21:24:08.637,1.98709,1.98805,1.28,1.28
2014.01.17 21:24:08.738,1.98711,1.98805,1.25,1.13
2014.01.17 21:24:08.880,1.98709,1.98805,1.28,1.28
2014.01.17 21:24:09.082,1.98709,1.98805,1.28,1.13
2014.01.17 21:24:11.293,1.98709,1.98805,1.28,1.28
2014.01.17 21:24:15.700,1.98706,1.98803,1.05,1.28
2014.01.17 21:24:15.801,1.98699,1.98796,1.28,1.05
2014.01.17 21:24:15.852,1.98704,1.98802,1.13,1.13
2014.01.17 21:24:15.902,1.98709,1.98802,1.25,1.25
2014.01.17 21:24:17.703,1.98707,1.98804,1.28,1.13
2014.01.17 21:24:17.805,1.98707,1.98804,1.28,1.28
2014.01.17 21:24:21.571,1.98709,1.98804,1.25,1.13
2014.01.17 21:24:29.691,1.98704,1.98804,1.05,1.13
2014.01.17 21:24:30.078,1.98698,1.98798,1.58,1.13
2014.01.17 21:24:34.401,1.98701,1.98798,1.13,1.13
2014.01.17 21:24:34.452,1.98701,1.98804,1.28,1.28
2014.01.17 21:24:34.502,1.98706,1.98805,1.05,1.13
2014.01.17 21:24:34.804,1.98714,1.98811,1.13,1.13
2014.01.17 21:24:35.151,1.98709,1.98807,1.05,1.13
2014.01.17 21:24:35.201,1.98712,1.98807,1.13,1.13
2014.01.17 21:24:35.286,1.98709,1.98807,1.05,1.13
2014.01.17 21:24:35.488,1.98703,1.98801,1.05,1.13
2014.01.17 21:24:35.538,1.98706,1.98807,1.28,1.28
2014.01.17 21:24:35.589,1.98713,1.98809,1.28,1.13
2014.01.17 21:24:37.501,1.98711,1.98809,1.05,1.28
2014.01.17 21:24:43.204,1.98711,1.988,1.05,1.02
2014.01.17 21:24:43.305,1.98699,1.98796,1.13,1.44
2014.01.17 21:24:49.484,1.9869,1.98787,2.10,1.49
2014.01.17 21:24:49.535,1.9869,1.98786,1.65,1.28
2014.01.17 21:24:53.632,1.98691,1.98786,1.13,1.28
2014.01.17 21:24:53.963,1.98719,1.98811,1.13,1.04
2014.01.17 21:24:54.265,1.98714,1.98808,1.13,1.28
2014.01.17 21:24:54.567,1.9874,1.98821,1.05,1.26
2014.01.17 21:24:54.668,1.98722,1.98813,1.28,1.11
2014.01.17 21:24:54.769,1.98717,1.98808,1.05,1.20
2014.01.17 21:24:54.869,1.98698,1.988,1.05,1.05
2014.01.17 21:24:55.021,1.98711,1.98813,1.05,1.05
2014.01.17 21:24:56.891,1.98719,1.98822,1.05,1.05
2014.01.17 21:25:01.450,1.98725,1.98826,1.05,1.55
2014.01.17 21:25:01.550,1.98732,1.98831,1.05,1.13
2014.01.17 21:25:01.651,1.98725,1.98822,1.28,1.13
2014.01.17 21:25:02.497,1.98724,1.98822,1.05,1.13
2014.01.17 21:25:02.660,1.98718,1.98815,1.55,1.28
2014.01.17 21:25:03.100,1.98723,1.98823,1.05,1.43
2014.01.17 21:25:03.520,1.98719,1.98826,1.05,1.05
2014.01.17 21:25:03.600,1.98717,1.98821,1.58,1.05
2014.01.17 21:25:14.244,1.98765,1.98863,1.05,1.13
2014.01.17 21:25:14.294,1.98765,1.98865,1.05,1.13
2014.01.17 21:25:14.395,1.98765,1.98865,1.05,1.13
2014.01.17 21:25:14.534,1.98767,1.98863,1.43,1.13
2014.01.17 21:25:14.939,1.9879,1.98881,1.05,1.28
2014.01.17 21:25:15.241,1.98776,1.98866,1.05,1.05
2014.01.17 21:25:15.291,1.9875,1.98855,1.05,1.28
2014.01.17 21:25:15.392,1.98747,1.9885,1.05,1.28
2014.01.17 21:25:15.493,1.98744,1.98845,1.05,1.28
2014.01.17 21:25:15.809,1.98744,1.98845,1.05,1.28
2014.01.17 21:25:15.910,1.98742,1.98845,1.05,1.28
2014.01.17 21:25:15.961,1.98739,1.98839,1.58,1.28
2014.01.17 21:25:16.255,1.98741,1.98839,1.28,1.28
2014.01.17 21:25:17.477,1.98742,1.98848,1.05,1.28
2014.01.17 21:25:17.578,1.98753,1.98851,1.13,1.05
2014.01.17 21:25:17.687,1.98756,1.98855,1.28,1.13
2014.01.17 21:25:22.573,1.98755,1.98855,1.05,1.13
2014.01.17 21:25:22.724,1.98752,1.98849,1.13,1.13
2014.01.17 21:25:31.443,1.98752,1.98853,1.28,1.28
2014.01.17 21:25:31.494,1.98753,1.98855,1.13,1.13
2014.01.17 21:25:35.732,1.98753,1.98855,1.13,1.13
2014.01.17 21:25:37.048,1.98749,1.98849,1.13,1.05
2014.01.17 21:25:37.112,1.98749,1.98854,1.28,1.28
2014.01.17 21:25:37.163,1.98757,1.98857,1.13,1.65
2014.01.17 21:25:42.963,1.98756,1.98856,1.28,1.35
2014.01.17 21:25:46.670,1.98745,1.98849,1.28,1.05
2014.01.17 21:25:46.821,1.98733,1.98834,1.28,1.05
2014.01.17 21:25:46.872,1.98731,1.98833,1.13,1.28
2014.01.17 21:25:50.340,1.98733,1.98842,1.28,1.43
2014.01.17 21:25:50.390,1.98742,1.98842,1.13,1.28
2014.01.17 21:25:50.441,1.98744,1.98844,1.28,1.02
2014.01.17 21:25:50.491,1.98754,1.98853,1.13,1.28
2014.01.17 21:25:50.596,1.98751,1.98856,1.05,1.05
2014.01.17 21:25:50.693,1.98754,1.98856,1.13,1.58
2014.01.17 21:25:50.794,1.98764,1.98857,1.13,1.20
2014.01.17 21:25:50.845,1.98764,1.9886,1.13,1.05
2014.01.17 21:25:51.147,1.98776,1.9888,1.43,1.28
2014.01.17 21:25:51.247,1.98768,1.98868,1.13,1.13
2014.01.17 21:25:51.300,1.98768,1.98868,1.28,1.13
2014.01.17 21:25:51.350,1.9877,1.98868,1.28,1.13
2014.01.17 21:25:51.408,1.98768,1.98868,1.28,1.13
2014.01.17 21:25:52.107,1.98768,1.98868,1.13,1.13
2014.01.17 21:25:55.320,1.98768,1.98868,1.13,1.13
2014.01.17 21:25:55.371,1.98773,1.98874,1.13,1.20
2014.01.17 21:25:55.473,1.98768,1.98866,1.28,1.20
2014.01.17 21:25:55.960,1.98768,1.98869,1.28,1.28
2014.01.17 21:25:56.061,1.98776,1.9887,1.13,1.05
2014.01.17 21:26:02.890,1.98781,1.98877,1.28,1.05
2014.01.17 21:26:02.941,1.98784,1.98879,1.28,1.28
2014.01.17 21:26:02.991,1.98794,1.98889,1.28,1.05
2014.01.17 21:26:03.438,1.98798,1.98893,1.35,1.20
2014.01.17 21:26:03.489,1.98798,1.98893,1.50,1.13
2014.01.17 21:26:04.349,1.98799,1.989,1.43,1.20
2014.01.17 21:26:04.500,1.98801,1.989,1.43,1.20
2014.01.17 21:26:05.949,1.98801,1.989,1.43,1.20
2014.01.17 21:26:05.999,1.98801,1.989,1.43,1.20
2014.01.17 21:26:06.201,1.98809,1.98898,1.28,1.00
2014.01.17 21:26:06.251,1.98812,1.98898,1.13,1.00
2014.01.17 21:26:06.503,1.98811,1.98908,1.25,1.20
2014.01.17 21:26:06.677,1.98803,1.98898,1.28,1.08
2014.01.17 21:26:06.728,1.98803,1.98898,1.28,1.15
2014.01.17 21:26:06.869,1.98803,1.98904,1.28,1.28
2014.01.17 21:26:06.920,1.98812,1.98909,1.13,1.20
2014.01.17 21:26:11.919,1.98809,1.98903,1.13,1.13
2014.01.17 21:26:12.020,1.98804,1.98903,1.28,1.20
2014.01.17 21:26:14.969,1.98804,1.98903,1.28,1.20
2014.01.17 21:26:15.979,1.98804,1.98903,1.28,1.20
2014.01.17 21:26:18.536,1.98801,1.98903,1.58,1.20
2014.01.17 21:26:18.588,1.98801,1.98897,1.75,1.13
2014.01.17 21:26:18.638,1.98796,1.98892,1.05,1.20
2014.01.17 21:26:18.689,1.98788,1.98885,1.70,1.13
2014.01.17 21:26:18.739,1.98786,1.98883,1.13,1.25
2014.01.17 21:26:18.790,1.98786,1.98885,1.28,1.35
2014.01.17 21:26:18.924,1.98793,1.9889,1.13,1.05
2014.01.17 21:26:38.794,1.98793,1.98892,1.13,1.13
2014.01.17 21:26:39.370,1.98797,1.98895,1.13,1.73
2014.01.17 21:26:40.467,1.98793,1.9889,1.28,1.35
2014.01.17 21:26:43.136,1.98793,1.98892,1.28,1.05
2014.01.17 21:26:43.186,1.988,1.98899,1.13,1.28
2014.01.17 21:26:43.237,1.988,1.989,1.13,1.13
2014.01.17 21:26:56.398,1.98808,1.98903,1.18,1.75
2014.01.17 21:26:56.449,1.98808,1.98903,1.25,1.25
2014.01.17 21:26:56.499,1.98813,1.98912,1.13,1.20
2014.01.17 21:26:56.550,1.98814,1.98913,1.28,1.55
2014.01.17 21:27:00.648,1.98811,1.98911,1.13,1.43
2014.01.17 21:27:00.712,1.98808,1.98908,1.28,1.28
2014.01.17 21:27:01.960,1.9881,1.98913,1.13,1.13
2014.01.17 21:27:02.105,1.98815,1.98913,1.25,1.25
2014.01.17 21:27:07.659,1.9881,1.98915,1.05,1.28
2014.01.17 21:27:07.760,1.98809,1.9891,1.13,1.13
2014.01.17 21:27:07.811,1.98807,1.98907,1.28,1.28
2014.01.17 21:27:12.524,1.9881,1.98913,1.05,1.28
2014.01.17 21:27:12.825,1.98811,1.9891,1.28,1.28
2014.01.17 21:27:13.398,1.98813,1.98913,1.50,1.13
2014.01.17 21:27:13.487,1.98815,1.98917,1.13,1.58
2014.01.17 21:27:13.538,1.98826,1.98925,1.05,1.05
2014.01.17 21:27:13.588,1.98828,1.98927,1.13,1.43
2014.01.17 21:27:13.639,1.98829,1.98928,1.55,1.28
2014.01.17 21:27:13.948,1.98829,1.98928,1.93,1.28
2014.01.17 21:27:16.704,1.98829,1.98926,1.13,1.28
2014.01.17 21:27:17.277,1.98827,1.98927,1.35,1.43
2014.01.17 21:27:18.459,1.98827,1.98927,1.35,1.43
2014.01.17 21:27:18.509,1.98839,1.98936,1.55,1.70
2014.01.17 21:27:18.610,1.98833,1.98929,1.28,1.18
2014.01.17 21:27:18.898,1.98832,1.98929,1.35,1.25
2014.01.17 21:27:18.949,1.98837,1.98935,1.50,1.13
2014.01.17 21:27:19.049,1.98841,1.98941,1.13,1.28
2014.01.17 21:27:21.871,1.9883,1.98935,1.35,1.20
2014.01.17 21:27:22.588,1.9882,1.98981,1.32,1.13
2014.01.17 21:27:22.638,1.9882,1.98981,1.32,1.13
2014.01.17 21:27:22.927,1.98873,1.99002,1.38,1.28
2014.01.17 21:27:22.977,1.98873,1.99002,1.38,1.28
2014.01.17 21:27:23.332,1.98859,1.99002,1.28,1.13
2014.01.17 21:27:25.747,1.9885,1.99017,1.05,1.20
2014.01.17 21:27:26.050,1.98873,1.99012,1.38,1.05
2014.01.17 21:27:26.698,1.98846,1.99011,1.31,1.28
2014.01.17 21:27:26.799,1.98879,1.99011,1.38,1.28
2014.01.17 21:27:26.899,1.98867,1.99011,1.19,1.13
2014.01.17 21:27:27.201,1.98869,1.99034,1.05,1.35
2014.01.17 21:27:27.302,1.98869,1.99032,1.05,1.05
2014.01.17 21:27:27.364,1.98869,1.99032,1.05,1.05
2014.01.17 21:27:27.565,1.98869,1.99032,1.05,1.05
2014.01.17 21:27:27.805,1.98884,1.99031,1.38,1.05
2014.01.17 21:27:27.906,1.98885,1.99031,1.38,1.05
2014.01.17 21:27:28.097,1.98867,1.99031,1.23,1.05
2014.01.17 21:27:28.305,1.98876,1.99036,1.05,1.20
2014.01.17 21:27:28.417,1.98876,1.99036,1.05,1.20
2014.01.17 21:27:28.688,1.98876,1.99036,1.05,1.20
2014.01.17 21:27:28.989,1.9887,1.99033,1.05,1.05
2014.01.17 21:27:29.087,1.9887,1.99033,1.05,1.05
2014.01.17 21:27:29.188,1.9887,1.99033,1.05,1.05
2014.01.17 21:27:29.289,1.9887,1.99033,1.05,1.05
2014.01.17 21:27:29.440,1.98872,1.99033,1.05,1.05
2014.01.17 21:27:29.592,1.98872,1.99033,1.05,1.05
2014.01.17 21:27:29.924,1.98868,1.99031,1.14,1.20
2014.01.17 21:27:30.219,1.98868,1.99031,1.14,1.20
2014.01.17 21:27:30.401,1.98867,1.98998,1.32,1.04
2014.01.17 21:27:30.603,1.98867,1.98998,1.32,1.04
2014.01.17 21:27:30.754,1.98867,1.98998,1.25,1.04
2014.01.17 21:27:30.905,1.98867,1.98998,1.25,1.04
2014.01.17 21:27:31.206,1.98867,1.98998,1.25,1.04
2014.01.17 21:27:31.307,1.98867,1.98998,1.25,1.04
2014.01.17 21:27:31.420,1.98867,1.98998,1.25,1.04
2014.01.17 21:27:31.508,1.98867,1.98998,1.25,1.04
2014.01.17 21:27:34.524,1.98867,1.98998,1.25,1.04
2014.01.17 21:27:35.398,1.98857,1.98988,1.16,1.23
2014.01.17 21:27:36.028,1.98857,1.98988,1.16,1.23
2014.01.17 21:27:36.930,1.98857,1.98988,1.16,1.23
2014.01.17 21:27:37.031,1.98857,1.98988,1.16,1.23
2014.01.17 21:27:37.182,1.98847,1.98987,1.32,4.28
2014.01.17 21:27:37.283,1.9884,1.98975,1.28,1.23
2014.01.17 21:27:37.434,1.98784,1.98958,1.28,1.28
2014.01.17 21:27:37.838,1.98783,1.98946,1.05,1.05
2014.01.17 21:27:37.889,1.98768,1.98941,1.13,1.28
2014.01.17 21:27:37.962,1.98768,1.98939,1.25,1.63
2014.01.17 21:27:39.238,1.98768,1.98939,1.25,1.97
2014.01.17 21:27:39.751,1.9876,1.98933,1.70,1.70
2014.01.17 21:27:39.851,1.9876,1.98933,1.25,1.78
2014.01.17 21:27:40.295,1.98758,1.98928,1.40,1.78
2014.01.17 21:27:41.427,1.98758,1.98928,1.40,1.78
2014.01.17 21:27:42.921,1.98755,1.98928,1.13,1.50
2014.01.17 21:27:43.897,1.98754,1.98927,1.40,1.78
2014.01.17 21:27:48.158,1.98754,1.98927,1.40,1.78
2014.01.17 21:27:48.208,1.98745,1.98914,1.94,1.05
2014.01.17 21:27:48.309,1.98745,1.98916,1.25,2.00
2014.01.17 21:27:48.726,1.9873,1.98903,1.28,1.43
2014.01.17 21:27:48.776,1.98729,1.98902,1.13,1.05
2014.01.17 21:27:49.731,1.98729,1.98904,1.28,1.80
2014.01.17 21:27:50.673,1.98731,1.98904,1.13,1.40
2014.01.17 21:27:50.723,1.98746,1.98919,1.58,1.20
2014.01.17 21:27:50.773,1.98746,1.98922,1.65,1.43
2014.01.17 21:27:50.926,1.98747,1.98922,1.38,1.43
2014.01.17 21:27:51.230,1.98749,1.98922,1.25,1.43
2014.01.17 21:27:51.399,1.98773,1.98946,1.25,1.25
2014.01.17 21:27:52.577,1.98773,1.98949,1.13,1.28
2014.01.17 21:27:52.628,1.98774,1.98951,1.28,1.28
2014.01.17 21:27:57.487,1.98773,1.98949,1.13,1.28
2014.01.17 21:27:57.538,1.98773,1.98946,1.25,1.25
2014.01.17 21:27:58.067,1.98775,1.9895,1.28,1.28
2014.01.17 21:27:59.578,1.98771,1.98944,1.25,1.25
2014.01.17 21:28:01.245,1.98768,1.98942,1.28,1.28
2014.01.17 21:28:01.767,1.98766,1.9894,1.13,1.28
2014.01.17 21:28:02.535,1.98766,1.98943,1.58,1.43
2014.01.17 21:28:03.876,1.98766,1.98941,1.13,1.43
2014.01.17 21:28:04.205,1.98764,1.98939,1.13,1.55
2014.01.17 21:28:04.536,1.98765,1.9894,1.70,1.28
2014.01.17 21:28:05.025,1.98762,1.98938,1.58,1.28
2014.01.17 21:28:05.696,1.98762,1.98937,1.13,1.43
2014.01.17 21:28:05.746,1.98759,1.98936,1.13,1.05
2014.01.17 21:28:06.029,1.98759,1.98935,1.58,1.13
2014.01.17 21:28:06.277,1.98763,1.98941,1.58,1.28
2014.01.17 21:28:06.428,1.98763,1.98935,1.58,1.05
2014.01.17 21:28:06.835,1.98763,1.98915,1.05,1.19
2014.01.17 21:28:06.936,1.9875,1.98915,1.13,1.19
2014.01.17 21:28:06.987,1.98749,1.98915,1.40,1.19
2014.01.17 21:28:11.318,1.98749,1.98916,1.28,1.27
2014.01.17 21:28:14.974,1.98751,1.98922,1.13,1.23
2014.01.17 21:28:15.479,1.98753,1.98926,1.40,2.03
2014.01.17 21:28:16.520,1.98752,1.98922,1.13,1.23
2014.01.17 21:28:16.876,1.98748,1.98921,1.40,2.03
2014.01.17 21:28:18.512,1.98748,1.98921,1.25,2.06
2014.01.17 21:28:19.052,1.98747,1.98918,1.25,1.80
2014.01.17 21:28:19.153,1.98743,1.98916,1.25,1.50
2014.01.17 21:28:20.518,1.9874,1.98913,1.13,1.20
2014.01.17 21:28:20.568,1.9874,1.98912,1.25,1.40
2014.01.17 21:28:21.021,1.9874,1.98912,1.25,1.70
2014.01.17 21:28:21.072,1.98735,1.98909,1.28,1.13
2014.01.17 21:28:27.695,1.98735,1.98908,1.28,1.07
2014.01.17 21:28:27.796,1.98732,1.98908,1.13,1.14
2014.01.17 21:28:28.777,1.98737,1.98908,1.25,1.64
2014.01.17 21:28:34.718,1.98737,1.98908,1.25,1.50
2014.01.17 21:28:35.106,1.98732,1.98908,1.28,1.80
2014.01.17 21:28:35.738,1.98736,1.98909,1.25,1.78
2014.01.17 21:28:41.483,1.98736,1.98909,1.25,1.72
2014.01.17 21:28:49.696,1.98733,1.98907,1.28,1.22
2014.01.17 21:28:50.258,1.98732,1.98904,1.43,1.08
2014.01.17 21:28:50.358,1.98729,1.98904,1.28,1.38
2014.01.17 21:28:50.688,1.98727,1.989,1.28,1.13
2014.01.17 21:28:50.789,1.98717,1.98894,1.43,1.58
2014.01.17 21:28:50.966,1.98717,1.98894,1.43,1.28
2014.01.17 21:28:51.297,1.98717,1.98887,1.25,1.04
2014.01.17 21:28:58.550,1.98714,1.98888,1.13,1.13
2014.01.17 21:29:01.487,1.98712,1.98888,1.43,1.13
2014.01.17 21:29:01.737,1.98724,1.98893,1.18,1.05
2014.01.17 21:29:02.391,1.98723,1.98894,1.13,1.22
2014.01.17 21:29:02.548,1.98713,1.98886,1.13,1.40
2014.01.17 21:29:13.466,1.98713,1.9889,1.28,1.05
2014.01.17 21:29:13.567,1.98721,1.98894,1.28,1.13
2014.01.17 21:29:13.879,1.98721,1.98893,1.13,1.40
2014.01.17 21:29:14.197,1.98727,1.98901,1.28,1.82
2014.01.17 21:29:14.743,1.9873,1.98904,1.28,1.02
2014.01.17 21:29:15.047,1.98733,1.98905,1.13,1.02
2014.01.17 21:29:15.544,1.98735,1.98908,1.28,1.02
2014.01.17 21:29:19.812,1.98735,1.98909,1.28,1.13
2014.01.17 21:29:26.405,1.98732,1.98908,1.43,1.05
2014.01.17 21:29:40.006,1.98736,1.98909,1.25,1.40
2014.01.17 21:29:42.058,1.98743,1.98914,1.18,1.76
2014.01.17 21:29:42.259,1.98743,1.98916,1.25,1.45
2014.01.17 21:29:42.360,1.98743,1.98916,1.57,1.25
2014.01.17 21:29:42.670,1.98779,1.9895,1.25,1.45
2014.01.17 21:29:43.073,1.98777,1.98953,1.28,1.05
2014.01.17 21:29:44.000,1.98798,1.98968,1.25,1.64
2014.01.17 21:29:44.485,1.98798,1.98971,1.28,1.16
2014.01.17 21:29:49.296,1.98783,1.98954,1.05,1.05
2014.01.17 21:29:49.879,1.98774,1.9895,1.13,1.05
2014.01.17 21:29:49.930,1.98774,1.98946,1.25,1.25
2014.01.17 21:30:00.236,1.98769,1.98946,1.43,1.43
2014.01.17 21:30:00.976,1.98772,1.98946,1.28,1.13
2014.01.17 21:30:01.027,1.98774,1.98946,1.25,1.25
2014.01.17 21:30:01.786,1.98772,1.98943,1.25,1.25
2014.01.17 21:30:02.297,1.98775,1.98952,1.13,1.28
2014.01.17 21:30:02.347,1.98778,1.98952,1.43,1.13
2014.01.17 21:30:13.634,1.98775,1.98952,1.43,1.13
2014.01.17 21:30:13.735,1.98774,1.98952,1.28,1.58
2014.01.17 21:30:17.537,1.98777,1.9895,1.25,1.25
2014.01.17 21:30:26.868,1.98774,1.98951,1.13,1.43
2014.01.17 21:30:27.348,1.98776,1.98949,1.25,1.55
2014.01.17 21:30:29.732,1.98774,1.98949,1.13,1.28
2014.01.17 21:30:30.133,1.98776,1.98949,1.25,1.55
2014.01.17 21:30:30.358,1.98774,1.98949,1.13,1.55
2014.01.17 21:30:30.735,1.98776,1.98949,1.25,1.55
2014.01.17 21:30:30.935,1.98774,1.98949,1.13,1.55
2014.01.17 21:30:31.461,1.98774,1.98949,1.28,1.28
2014.01.17 21:30:31.762,1.98774,1.98949,1.13,1.28
2014.01.17 21:30:31.941,1.98774,1.98949,1.28,1.28
2014.01.17 21:30:32.162,1.98774,1.98949,1.13,1.55
2014.01.17 21:30:32.342,1.98774,1.98949,1.28,1.28
2014.01.17 21:30:32.442,1.98774,1.98949,1.13,1.28
2014.01.17 21:30:32.643,1.98774,1.98949,1.28,1.28
2014.01.17 21:30:32.944,1.98774,1.98949,1.13,1.28
2014.01.17 21:30:33.376,1.98776,1.98949,1.25,1.55
2014.01.17 21:30:33.545,1.98774,1.98949,1.13,1.55
2014.01.17 21:30:34.065,1.98774,1.98949,1.28,1.28
2014.01.17 21:30:34.648,1.98774,1.98949,1.13,1.28
2014.01.17 21:30:35.167,1.98776,1.98949,1.25,1.55
2014.01.17 21:30:35.568,1.98774,1.98949,1.13,1.55
2014.01.17 21:30:35.757,1.98776,1.98949,1.25,1.55
2014.01.17 21:30:36.670,1.98774,1.98949,1.13,1.28
2014.01.17 21:30:36.854,1.98776,1.98949,1.25,1.55
2014.01.17 21:30:37.155,1.98774,1.98949,1.13,1.28
2014.01.17 21:30:37.371,1.98774,1.98949,1.28,1.28
2014.01.17 21:30:37.556,1.98774,1.98949,1.13,1.55
2014.01.17 21:30:37.957,1.98774,1.98949,1.28,1.28
2014.01.17 21:30:38.073,1.98774,1.98949,1.13,1.55
2014.01.17 21:30:38.458,1.98776,1.98949,1.25,1.55
2014.01.17 21:30:38.759,1.98774,1.98949,1.13,1.55
2014.01.17 21:30:38.959,1.98776,1.98949,1.25,1.55
2014.01.17 21:30:39.361,1.98774,1.98949,1.13,1.28
2014.01.17 21:30:39.461,1.98776,1.98949,1.25,1.55
2014.01.17 21:30:39.762,1.98774,1.98949,1.13,1.28
2014.01.17 21:30:39.977,1.98776,1.98949,1.25,1.55
2014.01.17 21:30:40.768,1.98774,1.98949,1.13,1.55
2014.01.17 21:30:40.964,1.98776,1.98949,1.25,1.55
2014.01.17 21:30:41.165,1.98774,1.98949,1.13,1.28
2014.01.17 21:30:41.465,1.98776,1.98949,1.25,1.55
2014.01.17 21:30:41.666,1.98774,1.98949,1.13,1.28
2014.01.17 21:30:42.268,1.98774,1.98949,1.13,1.55
2014.01.17 21:30:42.468,1.98776,1.98949,1.25,1.55
2014.01.17 21:30:42.769,1.98774,1.98949,1.13,1.55
2014.01.17 21:30:43.170,1.98774,1.98949,1.28,1.28
2014.01.17 21:30:43.571,1.98774,1.98949,1.13,1.28
2014.01.17 21:30:43.871,1.98776,1.98949,1.25,1.55
2014.01.17 21:30:44.272,1.98774,1.98949,1.13,1.28
2014.01.17 21:30:44.774,1.98774,1.98949,1.13,1.55
2014.01.17 21:30:45.175,1.98776,1.98949,1.25,1.55
2014.01.17 21:30:45.376,1.98774,1.98949,1.13,1.55
2014.01.17 21:30:45.579,1.98776,1.98949,1.25,1.55
2014.01.17 21:30:45.880,1.98774,1.98949,1.13,1.55
2014.01.17 21:30:46.081,1.98776,1.98949,1.25,1.55
2014.01.17 21:30:46.281,1.98774,1.98949,1.13,1.28
2014.01.17 21:30:46.582,1.98776,1.98949,1.25,1.55
2014.01.17 21:30:46.789,1.98774,1.98949,1.13,1.28
2014.01.17 21:30:47.480,1.98774,1.98951,1.28,1.43
2014.01.17 21:30:47.586,1.98777,1.98948,1.25,1.25
2014.01.17 21:30:47.687,1.98774,1.98948,1.28,1.25
2014.01.17 21:30:48.189,1.98777,1.98948,1.25,1.25
2014.01.17 21:30:48.290,1.98774,1.98951,1.28,1.43
2014.01.17 21:30:48.405,1.98777,1.98948,1.25,1.25
2014.01.17 21:30:48.491,1.98774,1.98951,1.28,1.43
2014.01.17 21:30:49.193,1.98777,1.98948,1.25,1.25
2014.01.17 21:30:49.594,1.98774,1.98948,1.28,1.25
2014.01.17 21:30:49.795,1.98777,1.98948,1.25,1.25
2014.01.17 21:30:58.935,1.98774,1.98948,1.28,1.05
2014.01.17 21:30:59.427,1.98777,1.9895,1.13,1.63
2014.01.17 21:30:59.633,1.98782,1.98955,1.25,1.93
2014.01.17 21:30:59.728,1.9878,1.98955,1.13,1.93
2014.01.17 21:31:00.230,1.9878,1.98954,1.28,1.35
2014.01.17 21:31:00.430,1.9878,1.98955,1.13,1.93
2014.01.17 21:31:00.630,1.9878,1.98954,1.28,1.35
2014.01.17 21:31:00.731,1.9878,1.98955,1.13,1.93
2014.01.17 21:31:01.032,1.98782,1.98955,1.25,1.93
2014.01.17 21:31:02.054,1.9878,1.98954,1.13,1.35
2014.01.17 21:31:02.775,1.98782,1.98955,1.25,1.93
2014.01.17 21:31:03.038,1.9878,1.98954,1.13,1.35
2014.01.17 21:31:03.639,1.9878,1.98954,1.28,1.35
2014.01.17 21:31:03.839,1.9878,1.98954,1.13,1.35
2014.01.17 21:31:04.341,1.9878,1.98954,1.28,1.35
2014.01.17 21:31:04.541,1.9878,1.98955,1.13,1.93
2014.01.17 21:31:04.742,1.9878,1.98954,1.28,1.35
2014.01.17 21:31:05.249,1.9878,1.98954,1.13,1.35
2014.01.17 21:31:05.443,1.9878,1.98954,1.28,1.35
2014.01.17 21:31:06.846,1.9878,1.98954,1.13,1.35
2014.01.17 21:31:07.057,1.98782,1.98955,1.25,1.93
2014.01.17 21:31:07.247,1.9878,1.98954,1.13,1.35
2014.01.17 21:31:08.327,1.9878,1.98955,1.13,1.93
2014.01.17 21:31:08.451,1.9878,1.98954,1.28,1.35
2014.01.17 21:31:08.652,1.9878,1.98954,1.13,1.35
2014.01.17 21:31:09.355,1.9878,1.98954,1.28,1.35
2014.01.17 21:31:09.957,1.9878,1.98954,1.13,1.35
2014.01.17 21:31:10.358,1.98782,1.98955,1.25,1.93
2014.01.17 21:31:10.701,1.98782,1.98957,1.13,1.93
2014.01.17 21:31:11.268,1.98782,1.98957,1.28,1.93
2014.01.17 21:31:13.656,1.98782,1.98957,1.28,1.93
2014.01.17 21:31:13.707,1.98676,1.9882,1.11,1.20
2014.01.17 21:31:13.915,1.98694,1.98814,1.33,1.43
2014.01.17 21:31:14.295,1.9871,1.9888,1.28,1.20
2014.01.17 21:31:14.519,1.98711,1.98882,1.05,1.55
2014.01.17 21:31:14.859,1.98704,1.98878,1.35,1.28
2014.01.17 21:31:20.677,1.9872,1.98892,1.05,1.28
2014.01.17 21:31:21.164,1.98713,1.98885,1.28,1.25
2014.01.17 21:31:22.010,1.98712,1.98885,1.05,1.55
2014.01.17 21:31:26.316,1.98715,1.98887,1.63,1.25
2014.01.17 21:31:28.255,1.98715,1.98891,1.50,1.13
2014.01.17 21:31:28.307,1.98723,1.98898,1.13,1.28
2014.01.17 21:31:28.434,1.98725,1.98898,1.05,1.28
2014.01.17 21:31:32.144,1.98725,1.98898,1.05,1.28
2014.01.17 21:31:32.475,1.98727,1.98899,1.63,1.25
2014.01.17 21:31:32.814,1.98741,1.98915,1.43,1.13
2014.01.17 21:31:32.864,1.98744,1.98919,1.28,1.28
2014.01.17 21:31:33.494,1.9875,1.98927,1.13,1.13
2014.01.17 21:31:33.545,1.98755,1.98927,1.25,1.25
2014.01.17 21:31:33.595,1.98736,1.98912,1.50,1.05
2014.01.17 21:31:33.646,1.98736,1.98909,1.05,1.28
2014.01.17 21:31:34.081,1.98741,1.98912,1.05,1.05
2014.01.17 21:31:34.182,1.9875,1.98925,1.43,1.28
2014.01.17 21:31:34.725,1.98753,1.98929,1.28,1.28
2014.01.17 21:31:35.245,1.98755,1.9893,1.28,1.13
2014.01.17 21:31:35.296,1.98756,1.98931,1.28,1.28
2014.01.17 21:31:35.663,1.98754,1.98929,1.05,1.13
2014.01.17 21:31:35.714,1.98745,1.98922,1.28,1.28
2014.01.17 21:31:36.223,1.98742,1.98922,1.05,1.28
2014.01.17 21:31:36.374,1.98727,1.989,1.05,1.28
2014.01.17 21:31:48.261,1.98735,1.98908,1.55,1.70
2014.01.17 21:31:48.311,1.98735,1.98908,1.63,1.25
2014.01.17 21:31:49.058,1.98733,1.9891,1.13,1.28
2014.01.17 21:31:49.820,1.98722,1.98896,1.05,1.28
2014.01.17 21:32:01.507,1.98725,1.98897,1.28,1.05
2014.01.17 21:32:01.557,1.98734,1.98905,1.63,1.25
2014.01.17 21:32:02.015,1.98732,1.98907,1.13,1.28
2014.01.17 21:32:02.387,1.98718,1.98891,1.63,1.25
2014.01.17 21:32:02.845,1.98716,1.98889,1.63,1.25
2014.01.17 21:32:08.242,1.98726,1.98899,1.35,1.28
2014.01.17 21:32:08.784,1.98725,1.98898,1.28,1.43
2014.01.17 21:32:09.355,1.98729,1.98902,1.05,1.28
2014.01.17 21:32:09.978,1.98712,1.98884,1.50,1.18
2014.01.17 21:32:10.405,1.98711,1.98889,1.50,1.43
2014.01.17 21:32:10.456,1.98716,1.98889,1.63,1.25
2014.01.17 21:32:18.929,1.98716,1.98889,1.63,1.25
2014.01.17 21:32:18.979,1.98724,1.98899,1.35,1.43
2014.01.17 21:32:19.466,1.98722,1.98899,1.43,1.43
2014.01.17 21:32:19.567,1.98719,1.98899,1.05,1.43
2014.01.17 21:32:19.811,1.98719,1.98896,1.05,1.28
2014.01.17 21:32:19.864,1.98682,1.98858,1.28,1.05
2014.01.17 21:32:20.068,1.98679,1.98855,1.20,1.43
2014.01.17 21:32:20.402,1.98676,1.98853,1.28,1.28
2014.01.17 21:32:23.336,1.98674,1.9885,1.28,1.43
2014.01.17 21:32:23.842,1.98665,1.98836,1.05,1.05
2014.01.17 21:32:23.893,1.98653,1.9883,1.43,1.43
2014.01.17 21:32:25.191,1.98649,1.98822,1.25,1.25
2014.01.17 21:32:28.291,1.98649,1.98824,1.13,1.28
2014.01.17 21:32:28.823,1.98648,1.98825,1.58,1.28
2014.01.17 21:32:29.157,1.98648,1.98819,1.63,1.63
2014.01.17 21:32:29.512,1.98623,1.98782,1.05,1.35
2014.01.17 21:32:29.671,1.9862,1.98791,1.20,1.05
2014.01.17 21:32:29.722,1.98617,1.98791,1.28,1.05
2014.01.17 21:32:30.243,1.98613,1.98779,1.23,1.25
2014.01.17 21:32:40.163,1.98618,1.98785,1.05,1.05
2014.01.17 21:32:40.265,1.98618,1.98791,1.20,1.28
2014.01.17 21:32:42.498,1.98622,1.98791,1.05,1.28
2014.01.17 21:32:45.164,1.98622,1.98796,1.35,1.28
2014.01.17 21:32:45.214,1.98625,1.98796,1.20,1.28
2014.01.17 21:32:45.516,1.9864,1.9881,1.20,1.19
2014.01.17 21:32:45.617,1.98657,1.98812,1.11,1.11
2014.01.17 21:32:48.736,1.98657,1.98813,1.11,1.19
2014.01.17 21:32:48.937,1.9864,1.98798,1.20,1.14
2014.01.17 21:32:49.282,1.98638,1.9878,1.28,1.28
2014.01.17 21:32:52.755,1.98617,1.98771,1.05,1.23
2014.01.17 21:32:56.431,1.98617,1.98776,1.05,1.31
2014.01.17 21:33:00.372,1.98617,1.98776,1.05,1.31
2014.01.17 21:33:03.673,1.98617,1.98777,1.05,1.01
2014.01.17 21:33:05.903,1.9861,1.98779,1.28,1.04
2014.01.17 21:33:06.004,1.98606,1.98778,1.49,1.41
2014.01.17 21:33:14.013,1.98606,1.98775,1.11,1.13
2014.01.17 21:33:14.113,1.98609,1.98771,1.04,1.07
2014.01.17 21:33:14.396,1.98608,1.98774,1.11,1.22
2014.01.17 21:33:32.755,1.98602,1.98775,1.84,1.82
2014.01.17 21:33:32.892,1.98606,1.98779,1.79,1.72
2014.01.17 21:33:37.192,1.98621,1.98779,1.04,1.25
2014.01.17 21:33:37.242,1.98626,1.98797,1.28,1.29
2014.01.17 21:33:37.343,1.98626,1.98797,2.08,1.57
2014.01.17 21:33:39.443,1.98637,1.9881,1.81,1.25
2014.01.17 21:33:39.543,1.98642,1.9881,1.04,1.25
2014.01.17 21:33:39.845,1.98688,1.9886,1.25,1.25
2014.01.17 21:33:40.534,1.98681,1.98858,1.43,1.75
2014.01.17 21:33:41.177,1.98683,1.9886,1.75,1.43
2014.01.17 21:33:41.514,1.98683,1.98856,1.75,1.74
2014.01.17 21:33:41.803,1.98636,1.98807,1.25,1.25
2014.01.17 21:33:47.145,1.98636,1.98807,1.63,1.25
2014.01.17 21:33:47.246,1.98662,1.98836,1.05,1.28
2014.01.17 21:33:47.799,1.9867,1.9884,1.63,1.25
2014.01.17 21:33:48.768,1.98672,1.98843,1.63,1.25
2014.01.17 21:33:49.831,1.98676,1.98851,1.28,1.28
2014.01.17 21:33:52.067,1.98678,1.98851,1.28,1.43
2014.01.17 21:33:52.681,1.98676,1.98848,1.05,1.43
2014.01.17 21:33:54.183,1.98676,1.98848,1.05,1.43
2014.01.17 21:33:54.284,1.98678,1.98851,1.05,1.58
2014.01.17 21:33:54.722,1.9867,1.98842,1.05,1.43
2014.01.17 21:33:54.823,1.9867,1.98842,1.63,1.25
2014.01.17 21:33:55.269,1.98668,1.98839,1.63,1.25
2014.01.17 21:33:55.749,1.98668,1.98839,1.63,1.35
2014.01.17 21:33:56.162,1.98668,1.98839,1.63,1.25
2014.01.17 21:33:56.263,1.98673,1.98849,1.28,1.98
2014.01.17 21:33:57.140,1.98677,1.9885,1.63,1.25
2014.01.17 21:33:57.461,1.98677,1.9885,1.25,1.25
2014.01.17 21:33:58.074,1.98676,1.98853,1.28,1.28
2014.01.17 21:33:58.751,1.98676,1.9885,1.55,1.13
2014.01.17 21:34:07.546,1.98676,1.9885,1.43,1.05
2014.01.17 21:34:07.597,1.98683,1.98856,1.25,1.25
2014.01.17 21:34:15.164,1.98681,1.98856,1.28,1.43
2014.01.17 21:34:16.874,1.98682,1.98852,1.25,1.73
2014.01.17 21:34:16.925,1.98676,1.98848,1.28,1.05
2014.01.17 21:34:17.102,1.9868,1.98852,1.13,1.73
2014.01.17 21:34:17.153,1.98683,1.98855,1.28,1.05
2014.01.17 21:34:28.454,1.98658,1.98829,1.28,1.05
2014.01.17 21:34:28.505,1.98658,1.98823,1.25,1.25
2014.01.17 21:34:42.086,1.98658,1.98823,1.55,1.25
2014.01.17 21:34:42.415,1.98665,1.98829,1.41,1.05
2014.01.17 21:34:42.616,1.98701,1.98872,1.28,1.28
2014.01.17 21:34:42.667,1.98701,1.98869,1.28,1.25
2014.01.17 21:34:48.244,1.98701,1.98872,1.70,1.05
2014.01.17 21:34:48.295,1.98708,1.98882,1.05,1.28
2014.01.17 21:34:48.496,1.98705,1.98876,1.05,1.13
2014.01.17 21:34:48.547,1.98703,1.98875,1.05,1.28
2014.01.17 21:34:52.438,1.98703,1.98875,1.13,1.28
2014.01.17 21:34:52.489,1.98701,1.98876,1.28,1.28
2014.01.17 21:34:56.277,1.98703,1.98878,1.28,1.28
2014.01.17 21:34:57.111,1.98704,1.98881,1.28,1.05
2014.01.17 21:34:57.162,1.9871,1.98887,1.28,1.28
2014.01.17 21:34:57.262,1.98709,1.98882,1.25,1.25
2014.01.17 21:34:57.674,1.98709,1.98882,2.00,1.18
2014.01.17 21:34:57.724,1.98716,1.9889,1.28,1.28
2014.01.17 21:35:01.390,1.98716,1.98893,1.28,1.28
2014.01.17 21:35:01.808,1.98713,1.98893,1.05,1.28
2014.01.17 21:35:01.960,1.98694,1.98871,1.28,1.28
2014.01.17 21:35:02.823,1.98693,1.98867,1.28,1.28
2014.01.17 21:35:08.508,1.9869,1.98865,1.28,1.28
2014.01.17 21:35:12.257,1.98691,1.98867,1.28,1.13
2014.01.17 21:35:12.308,1.98694,1.98866,1.25,1.25
2014.01.17 21:35:12.861,1.98691,1.98864,1.25,1.25
2014.01.17 21:35:13.611,1.98694,1.98866,1.25,1.25
2014.01.17 21:35:14.230,1.98691,1.98866,1.13,1.28
2014.01.17 21:35:14.867,1.98692,1.98863,1.25,1.25
2014.01.17 21:35:15.200,1.98691,1.98866,1.13,1.28
2014.01.17 21:35:16.080,1.98692,1.98868,1.28,1.28
2014.01.17 21:35:16.673,1.98689,1.98866,1.43,1.43
2014.01.17 21:35:17.020,1.98692,1.98868,1.28,1.28
2014.01.17 21:35:21.081,1.98698,1.98875,1.28,1.28
2014.01.17 21:35:21.511,1.987,1.98875,1.28,1.28
2014.01.17 21:35:21.561,1.98733,1.9891,1.43,1.43
2014.01.17 21:35:21.632,1.98736,1.98907,1.25,1.25
2014.01.17 21:35:30.564,1.98734,1.98904,1.25,1.25
2014.01.17 21:35:31.166,1.98731,1.9891,1.43,1.05
2014.01.17 21:35:31.216,1.98756,1.9893,1.28,1.28
2014.01.17 21:35:31.267,1.98756,1.9893,1.28,1.28
2014.01.17 21:35:31.424,1.98757,1.98934,1.43,1.43
2014.01.17 21:35:31.978,1.98763,1.98938,1.28,1.28
2014.01.17 21:35:33.286,1.98759,1.98936,1.43,1.43
2014.01.17 21:35:34.091,1.98759,1.98939,1.43,1.05
2014.01.17 21:35:34.142,1.9878,1.98955,1.28,1.28
2014.01.17 21:35:35.712,1.98777,1.98955,1.05,1.28
2014.01.17 21:35:35.813,1.98771,1.98946,1.28,1.28
2014.01.17 21:35:36.238,1.98768,1.98946,1.05,1.28
2014.01.17 21:35:36.338,1.98761,1.98934,1.25,1.25
2014.01.17 21:35:48.552,1.98759,1.98934,1.28,1.13
2014.01.17 21:36:14.436,1.9876,1.98931,1.18,2.00
2014.01.17 21:36:14.488,1.98749,1.98922,1.25,1.25
2014.01.17 21:36:14.945,1.98749,1.98922,1.18,1.70
2014.01.17 21:36:15.046,1.98741,1.98916,1.28,1.28
2014.01.17 21:36:20.576,1.98739,1.98915,1.43,1.28
2014.01.17 21:36:21.801,1.98739,1.98913,1.28,1.28
2014.01.17 21:36:23.120,1.98738,1.98912,1.13,1.28
2014.01.17 21:36:23.491,1.98736,1.98907,1.25,1.63
2014.01.17 21:36:23.834,1.98724,1.98895,1.25,1.25
2014.01.17 21:36:39.709,1.98721,1.98892,1.25,1.25
2014.01.17 21:36:40.568,1.9872,1.98895,1.13,1.25
2014.01.17 21:36:41.840,1.98722,1.98897,1.28,1.65
2014.01.17 21:36:45.576,1.98697,1.98903,1.20,1.20
2014.01.17 21:36:55.763,1.98697,1.98901,1.20,1.20
2014.01.17 21:36:56.163,1.98697,1.98901,1.20,1.20
2014.01.17 21:36:57.340,1.98697,1.98903,1.20,1.20
2014.01.17 21:36:58.544,1.98697,1.989,1.20,1.20
2014.01.17 21:37:07.567,1.98697,1.98903,1.20,1.20
2014.01.17 21:37:08.501,1.98697,1.98903,1.20,1.20
2014.01.17 21:37:17.836,1.98697,1.98901,1.20,1.20
2014.01.17 21:37:18.605,1.98697,1.98901,1.20,1.20
2014.01.17 21:37:24.524,1.9868,1.9893,1.20,1.20
2014.01.17 21:37:25.255,1.9868,1.9893,1.20,1.20
2014.01.17 21:37:30.889,1.9868,1.9893,1.20,1.20
2014.01.17 21:37:30.990,1.98675,1.98921,1.05,1.20
2014.01.17 21:37:32.165,1.98665,1.9894,1.18,1.45
2014.01.17 21:38:01.679,1.98662,1.98937,1.98,1.94
2014.01.17 21:38:05.991,1.98662,1.98937,1.68,1.94
2014.01.17 21:38:13.446,1.98661,1.98868,1.72,1.21
2014.01.17 21:38:13.748,1.9871,1.98872,1.42,1.72
2014.01.17 21:38:14.660,1.98734,1.98913,1.03,1.05
2014.01.17 21:38:14.811,1.98734,1.98927,1.03,1.20
2014.01.17 21:38:20.159,1.98721,1.98925,2.13,1.05
2014.01.17 21:38:20.547,1.98695,1.98902,1.45,1.45
2014.01.17 21:38:25.522,1.98695,1.98897,1.45,1.20
2014.01.17 21:38:26.729,1.98695,1.98897,1.45,1.20
2014.01.17 21:38:26.780,1.98729,1.98902,1.09,1.22
2014.01.17 21:38:30.398,1.98729,1.98912,1.09,1.11
2014.01.17 21:38:30.448,1.98773,1.98912,1.38,1.11
2014.01.17 21:38:30.499,1.98773,1.9896,1.38,1.05
2014.01.17 21:38:30.652,1.98774,1.98974,1.38,1.20
2014.01.17 21:38:36.759,1.98773,1.98974,1.38,1.05
2014.01.17 21:38:37.297,1.98774,1.98974,1.38,1.05
2014.01.17 21:38:37.561,1.98773,1.98974,1.38,1.20
2014.01.17 21:38:45.788,1.98774,1.98974,1.38,1.05
2014.01.17 21:38:46.332,1.98774,1.98974,1.38,1.20
2014.01.17 21:38:47.622,1.98774,1.98986,1.38,1.53
2014.01.17 21:38:49.130,1.98774,1.99001,1.38,1.20
2014.01.17 21:38:49.477,1.98785,1.99007,1.38,1.05
2014.01.17 21:38:49.794,1.98763,1.99007,1.29,1.05
2014.01.17 21:38:51.168,1.98763,1.99007,1.29,1.05
2014.01.17 21:38:51.507,1.98776,1.99007,1.38,1.05
2014.01.17 21:39:00.654,1.98776,1.98991,1.38,1.05
2014.01.17 21:39:10.972,1.98762,1.98996,1.72,1.05
2014.01.17 21:39:12.660,1.98752,1.98988,1.32,1.05
2014.01.17 21:39:12.963,1.98752,1.98977,1.32,1.05
2014.01.17 21:39:13.303,1.98753,1.98977,1.11,1.05
2014.01.17 21:39:13.404,1.98743,1.98983,1.14,1.35
2014.01.17 21:39:13.555,1.9874,1.98944,0.75,1.09
2014.01.17 21:39:13.655,1.98657,1.98944,0.83,1.24
2014.01.17 21:39:13.756,1.98647,1.98954,0.30,1.29
2014.01.17 21:39:13.861,1.98506,1.98889,1.30,1.30
2014.01.17 21:39:14.074,1.98506,1.98808,1.30,0.30
2014.01.17 21:39:14.381,1.98506,1.98889,1.30,1.30
2014.01.17 21:39:14.431,1.98506,1.98889,1.30,1.30
2014.01.17 21:39:14.532,1.98506,1.98889,1.30,1.30
2014.01.17 21:39:14.834,1.98506,1.98796,1.30,0.30
2014.01.17 21:39:14.984,1.98506,1.98805,1.30,0.30
2014.01.17 21:39:15.085,1.98506,1.98889,1.30,1.30
2014.01.17 21:39:15.185,1.98506,1.98889,1.30,1.30
2014.01.17 21:39:15.492,1.98466,1.98867,1.27,1.12
2014.01.17 21:39:15.593,1.98456,1.98775,1.36,0.30
2014.01.17 21:39:15.693,1.98456,1.98877,1.36,1.35
2014.01.17 21:39:15.794,1.98558,1.98877,0.30,1.35
2014.01.17 21:39:15.895,1.98558,1.98867,0.68,1.12
2014.01.17 21:39:16.196,1.98464,1.98776,1.35,0.68
2014.01.17 21:39:16.297,1.98557,1.98865,0.83,1.58
2014.01.17 21:39:16.398,1.98557,1.98865,0.68,1.43
2014.01.17 21:39:16.761,1.98557,1.98865,0.68,1.43
2014.01.17 21:39:20.693,1.98565,1.9882,0.30,1.55
2014.01.17 21:39:20.794,1.98575,1.9882,0.30,1.25
2014.01.17 21:39:20.895,1.98565,1.98817,0.30,1.68
2014.01.17 21:39:21.760,1.98565,1.98782,0.30,1.68
2014.01.17 21:39:22.116,1.98565,1.98782,0.83,1.68
2014.01.17 21:39:22.421,1.98565,1.98751,0.83,1.55
2014.01.17 21:39:25.187,1.98563,1.98751,0.53,1.93
2014.01.17 21:39:25.557,1.98563,1.98717,0.53,1.36
2014.01.17 21:39:26.062,1.98451,1.98699,1.20,1.72
2014.01.17 21:39:26.313,1.98558,1.98699,0.53,1.72
2014.01.17 21:39:26.514,1.98551,1.98699,0.53,1.72
2014.01.17 21:39:28.027,1.98559,1.9871,0.53,1.26
2014.01.17 21:39:28.078,1.98642,1.9871,0.38,1.26
2014.01.17 21:39:28.229,1.98642,1.98849,0.38,1.19
2014.01.17 21:39:28.380,1.98509,1.98849,1.54,1.19
2014.01.17 21:39:28.531,1.98463,1.98781,0.68,1.75
2014.01.17 21:39:28.581,1.98364,1.98781,1.28,1.75
2014.01.17 21:39:28.906,1.98546,1.98781,0.53,2.12
2014.01.17 21:39:29.346,1.98565,1.98707,0.53,1.84
2014.01.17 21:39:29.447,1.98565,1.98743,0.53,1.92
2014.01.17 21:39:29.602,1.98549,1.98743,0.53,1.92
2014.01.17 21:39:29.753,1.98564,1.98743,0.53,1.92
2014.01.17 21:39:30.560,1.98564,1.98706,0.53,1.92
2014.01.17 21:39:30.610,1.98552,1.98696,0.53,1.18
2014.01.17 21:39:30.936,1.98565,1.98696,0.53,1.18
2014.01.17 21:39:31.036,1.98565,1.98706,0.53,1.92
2014.01.17 21:39:31.087,1.98565,1.98755,0.53,1.05
2014.01.17 21:39:31.137,1.98592,1.98755,0.53,1.05
2014.01.17 21:39:31.238,1.98575,1.98755,0.53,1.05
2014.01.17 21:39:33.416,1.98575,1.98794,0.53,2.23
2014.01.17 21:39:39.757,1.98556,1.98785,0.53,1.68
2014.01.17 21:39:42.741,1.98557,1.98728,0.53,1.29
2014.01.17 21:39:43.087,1.98564,1.98738,0.53,1.66
2014.01.17 21:39:43.137,1.98564,1.98757,0.53,1.18
2014.01.17 21:39:43.187,1.98587,1.98757,0.53,1.18
2014.01.17 21:39:43.288,1.98445,1.98757,0.68,1.18
2014.01.17 21:39:44.871,1.98445,1.98723,1.20,1.83
2014.01.17 21:39:45.172,1.98587,1.98723,0.53,1.46
2014.01.17 21:39:45.273,1.98587,1.98766,0.53,1.43
2014.01.17 21:39:45.459,1.98446,1.98766,0.68,1.43
2014.01.17 21:39:48.266,1.98446,1.98756,1.20,1.28
2014.01.17 21:39:48.666,1.98563,1.98722,0.53,2.02
2014.01.17 21:39:55.622,1.98587,1.98712,0.53,1.05
2014.01.17 21:39:55.723,1.98587,1.98734,0.53,1.03
2014.01.17 21:39:55.936,1.98565,1.98734,0.53,1.03
2014.01.17 21:39:56.352,1.98565,1.98733,0.53,1.50
2014.01.17 21:39:56.688,1.98566,1.98723,0.53,1.33
2014.01.17 21:40:00.228,1.98377,1.98723,1.20,1.33
2014.01.17 21:40:01.446,1.98553,1.98723,0.53,1.33
2014.01.17 21:40:01.614,1.98553,1.98735,0.53,1.21
2014.01.17 21:40:01.715,1.98335,1.98735,1.88,1.21
2014.01.17 21:40:02.259,1.9853,1.98735,0.53,1.58
2014.01.17 21:40:04.123,1.98547,1.98715,0.53,1.05
2014.01.17 21:40:04.420,1.98527,1.98715,0.53,1.05
2014.01.17 21:40:06.825,1.98528,1.98715,0.53,1.05
2014.01.17 21:40:09.233,1.9854,1.98718,0.53,2.00
2014.01.17 21:40:09.283,1.9854,1.98745,0.53,1.47
2014.01.17 21:40:09.334,1.98582,1.98745,0.53,1.47
2014.01.17 21:40:09.636,1.98608,1.98745,0.53,1.47
2014.01.17 21:40:09.686,1.98608,1.98794,0.53,1.91
2014.01.17 21:40:15.043,1.98607,1.98785,0.53,1.05
2014.01.17 21:40:19.882,1.98607,1.98795,0.53,1.63
2014.01.17 21:40:22.786,1.98607,1.98793,0.53,2.23
2014.01.17 21:40:23.839,1.98608,1.98793,0.53,2.23
2014.01.17 21:40:24.868,1.98607,1.9881,0.53,2.31
2014.01.17 21:40:30.473,1.98454,1.9881,1.16,1.94
2014.01.17 21:40:30.573,1.98441,1.98809,1.30,1.83
2014.01.17 21:40:33.446,1.9842,1.98826,1.43,1.53
2014.01.17 21:40:33.747,1.9843,1.98855,1.05,1.56
2014.01.17 21:40:33.948,1.98474,1.98876,1.00,1.00
2014.01.17 21:40:34.641,1.98461,1.98892,1.54,1.22
2014.01.17 21:40:35.467,1.98431,1.98804,1.29,1.45
2014.01.17 21:40:35.726,1.98382,1.98794,1.10,1.00
2014.01.17 21:40:37.626,1.98379,1.98805,1.37,1.43
2014.01.17 21:40:38.335,1.98379,1.98804,1.39,1.46
2014.01.17 21:40:40.416,1.98389,1.98804,1.25,1.46
2014.01.17 21:40:40.720,1.98585,1.98804,0.53,2.18
2014.01.17 21:40:45.966,1.98574,1.98804,0.53,2.18
2014.01.17 21:40:46.268,1.98583,1.98762,0.53,1.20
2014.01.17 21:40:48.488,1.98566,1.98762,0.53,1.20
2014.01.17 21:40:56.220,1.98566,1.98757,0.53,1.09
2014.01.17 21:41:05.716,1.98566,1.98757,0.53,1.12
2014.01.17 21:41:06.618,1.98567,1.98757,0.53,1.12
2014.01.17 21:41:06.668,1.98567,1.98762,0.53,1.03
2014.01.17 21:41:08.956,1.98343,1.98772,1.49,1.93
2014.01.17 21:41:09.056,1.98512,1.98918,1.00,1.48
2014.01.17 21:41:15.266,1.98488,1.98908,1.55,1.15
2014.01.17 21:41:21.214,1.98499,1.98967,1.09,1.25
2014.01.17 21:41:21.315,1.98541,1.98972,1.13,1.32
2014.01.17 21:41:22.598,1.98552,1.98992,1.16,1.39
2014.01.17 21:41:27.166,1.98553,1.9896,1.15,1.25
2014.01.17 21:41:27.358,1.98519,1.9895,1.72,1.05
2014.01.17 21:41:30.671,1.98519,1.9895,1.72,1.42
2014.01.17 21:41:37.813,1.98508,1.98951,2.16,1.08
2014.01.17 21:41:40.928,1.98508,1.98961,2.16,1.21
2014.01.17 21:41:41.028,1.98519,1.98945,1.67,1.36
2014.01.17 21:41:41.934,1.98533,1.98955,1.00,1.33
2014.01.17 21:41:46.551,1.98517,1.98936,1.50,1.05
2014.01.17 21:41:48.617,1.98511,1.98946,1.14,1.40
2014.01.17 21:41:49.530,1.98509,1.98955,1.51,1.13
2014.01.17 21:41:50.945,1.98522,1.98946,1.76,1.08
2014.01.17 21:41:51.475,1.98504,1.98945,1.66,1.05
2014.01.17 21:41:53.681,1.98518,1.98955,1.66,1.19
2014.01.17 21:41:55.712,1.98513,1.98945,1.04,1.07
2014.01.17 21:41:59.023,1.98507,1.98945,1.55,1.11
2014.01.17 21:42:07.484,1.98506,1.98923,1.16,1.05
2014.01.17 21:42:12.173,1.98504,1.98923,1.63,1.11
2014.01.17 21:42:24.580,1.98505,1.98912,1.47,1.02
2014.01.17 21:42:26.490,1.98505,1.98923,1.45,1.22
2014.01.17 21:42:29.005,1.98492,1.98932,1.14,1.40
2014.01.17 21:42:38.133,1.98501,1.98923,1.18,1.16
2014.01.17 21:42:40.869,1.98508,1.98932,1.00,1.41
2014.01.17 21:42:45.730,1.98498,1.98923,1.11,1.04
2014.01.17 21:42:58.066,1.98496,1.98923,1.61,1.29
2014.01.17 21:43:15.732,1.98487,1.98932,1.15,1.14
2014.01.17 21:43:25.128,1.98493,1.98932,1.87,1.20
2014.01.17 21:43:29.703,1.98481,1.98922,1.23,1.16
2014.01.17 21:43:36.023,1.98478,1.98937,1.24,1.01
2014.01.17 21:43:53.020,1.98447,1.98937,1.48,1.08
2014.01.17 21:43:59.144,1.98438,1.98936,1.38,1.05
2014.01.17 21:44:04.459,1.98439,1.98936,1.13,1.19
2014.01.17 21:44:15.371,1.98444,1.98937,1.01,1.10
2014.01.17 21:44:19.191,1.98447,1.98946,1.65,1.05
2014.01.17 21:44:19.768,1.98456,1.98927,1.04,1.02
2014.01.17 21:44:21.179,1.98476,1.98916,1.00,1.14
2014.01.17 21:44:29.001,1.98459,1.98993,1.14,1.29
2014.01.17 21:44:30.862,1.9846,1.98927,1.22,1.32
2014.01.17 21:44:44.578,1.98434,1.98934,1.36,1.34
2014.01.17 21:44:45.195,1.98447,1.98924,1.44,1.11
2014.01.17 21:44:48.740,1.98455,1.98924,1.00,1.38
2014.01.17 21:44:52.469,1.98455,1.98918,1.00,1.05
2014.01.17 21:44:57.714,1.98455,1.98932,1.00,1.25
2014.01.17 21:44:58.328,1.98446,1.98923,1.26,1.10
2014.01.17 21:45:01.267,1.98445,1.98922,1.16,1.19
2014.01.17 21:45:03.509,1.98447,1.98932,1.18,1.13
2014.01.17 21:45:07.434,1.98433,1.98923,1.36,1.20
2014.01.17 21:45:12.176,1.98443,1.98919,1.09,1.02
2014.01.17 21:45:12.615,1.98446,1.98928,1.63,1.11
2014.01.17 21:45:17.319,1.98446,1.98916,1.21,1.01
2014.01.17 21:45:18.558,1.98454,1.98917,1.00,1.14
2014.01.17 21:45:22.784,1.98454,1.99,1.00,1.14
2014.01.17 21:45:23.690,1.98446,1.98917,1.70,1.11
2014.01.17 21:45:26.743,1.9845,1.98917,1.62,1.13
2014.01.17 21:45:28.632,1.98445,1.98918,1.74,1.02
2014.01.17 21:45:30.366,1.98443,1.98927,1.68,1.11
2014.01.17 21:45:32.176,1.98451,1.98924,1.75,1.17
2014.01.17 21:45:42.310,1.98449,1.98925,1.45,1.19
2014.01.17 21:45:48.936,1.9844,1.98927,2.04,1.01
2014.01.17 21:45:49.180,1.98455,1.98938,1.00,1.37
2014.01.17 21:45:53.979,1.98447,1.98928,1.23,1.26
2014.01.17 21:45:57.821,1.9845,1.98938,1.55,1.13
2014.01.17 21:46:00.262,1.98451,1.9894,1.05,1.32
2014.01.17 21:46:01.511,1.98448,1.9893,1.63,1.14
2014.01.17 21:46:03.083,1.98435,1.98931,1.06,1.26
2014.01.17 21:46:05.032,1.98428,1.98931,1.24,1.11
2014.01.17 21:46:11.589,1.98427,1.98924,1.58,1.25
2014.01.17 21:46:11.980,1.9841,1.98924,1.72,1.23
2014.01.17 21:46:13.460,1.98399,1.98923,1.12,1.40
2014.01.17 21:46:15.701,1.98413,1.98913,1.00,1.07
2014.01.17 21:46:18.710,1.98413,1.98913,1.38,1.07
2014.01.17 21:46:22.458,1.98405,1.98913,1.30,1.11
2014.01.17 21:46:24.819,1.98395,1.98924,1.04,1.26
2014.01.17 21:46:42.471,1.98423,1.98913,1.21,1.01
2014.01.17 21:46:42.929,1.98392,1.98913,2.10,1.11
2014.01.17 21:46:46.658,1.98414,1.98924,1.00,1.34
2014.01.17 21:46:48.790,1.98391,1.98904,1.80,1.08
2014.01.17 21:46:53.538,1.98436,1.98903,1.65,1.26
2014.01.17 21:46:53.990,1.98436,1.98911,1.02,1.29
2014.01.17 21:46:54.498,1.9843,1.98912,1.47,1.28
2014.01.17 21:46:57.765,1.98428,1.98912,1.36,1.16
2014.01.17 21:46:59.435,1.98436,1.98911,1.37,1.26
2014.01.17 21:47:02.456,1.98467,1.98911,1.91,1.37
2014.01.17 21:47:04.970,1.98477,1.9876,1.07,0.38
2014.01.17 21:47:18.910,1.98477,1.98741,1.66,0.38
2014.01.17 21:47:28.950,1.98476,1.98808,1.14,0.38
2014.01.17 21:48:06.224,1.98503,1.98725,1.16,0.38
2014.01.17 21:48:18.455,1.98494,1.98832,1.01,1.28
2014.01.17 21:49:21.489,1.98493,1.98872,1.13,1.32
2014.01.17 21:49:38.896,1.98682,1.98872,0.38,1.32
2014.01.17 21:49:39.198,1.98682,1.98721,0.38,0.38
2014.01.17 21:49:39.299,1.98682,1.98872,0.38,1.32
2014.01.17 21:49:39.802,1.98621,1.98852,0.75,1.19
2014.01.17 21:49:40.103,1.98682,1.98862,0.38,1.11
2014.01.17 21:49:40.410,1.98606,1.98852,0.75,1.08
2014.01.17 21:49:40.751,1.98682,1.98852,0.38,1.08
2014.01.17 21:49:40.852,1.98682,1.98862,0.38,1.11
2014.01.17 21:49:41.053,1.98682,1.98852,0.38,1.08
2014.01.17 21:49:41.254,1.98682,1.98862,0.38,1.11
2014.01.17 21:49:41.560,1.98617,1.98852,0.75,1.08
2014.01.17 21:49:41.861,1.98605,1.98852,0.75,1.08
2014.01.17 21:49:41.962,1.98682,1.98862,0.38,1.11
2014.01.17 21:49:42.164,1.98621,1.98852,0.75,1.08
2014.01.17 21:49:42.466,1.98605,1.98852,0.75,1.08
2014.01.17 21:49:42.568,1.98682,1.98862,0.38,1.11
2014.01.17 21:49:42.973,1.98625,1.98852,0.75,1.08
2014.01.17 21:49:43.275,1.98682,1.98862,0.38,1.11
2014.01.17 21:49:43.476,1.98682,1.98852,0.38,1.08
2014.01.17 21:49:43.578,1.98682,1.98861,0.38,1.07
2014.01.17 21:49:43.778,1.98535,1.98851,1.17,1.11
2014.01.17 21:49:43.981,1.98682,1.98861,0.38,1.07
2014.01.17 21:49:44.083,1.98535,1.98851,1.17,1.11
2014.01.17 21:49:44.286,1.98682,1.98861,0.38,1.07
2014.01.17 21:49:44.388,1.98532,1.98851,1.17,1.11
2014.01.17 21:49:44.488,1.98525,1.98861,1.20,1.07
2014.01.17 21:49:45.957,1.98497,1.98871,1.10,1.32
2014.01.17 21:49:50.230,1.98497,1.98706,1.10,0.38
2014.01.17 21:49:50.532,1.98507,1.98758,1.28,0.75
2014.01.17 21:49:51.190,1.98497,1.98706,1.10,0.38
2014.01.17 21:49:51.241,1.98497,1.98871,1.10,1.32
2014.01.17 21:49:51.907,1.98487,1.98753,1.10,0.38
2014.01.17 21:49:52.058,1.98436,1.98753,1.38,0.38
2014.01.17 21:49:54.898,1.98561,1.98753,0.38,0.38
2014.01.17 21:49:55.199,1.9867,1.98861,0.38,1.10
2014.01.17 21:49:55.652,1.98596,1.98851,0.75,1.17
2014.01.17 21:49:55.753,1.9867,1.98861,0.38,1.10
2014.01.17 21:49:55.914,1.98604,1.98851,0.75,1.17
2014.01.17 21:49:56.133,1.9867,1.98861,0.38,1.10
2014.01.17 21:49:56.635,1.98596,1.98851,0.75,1.17
2014.01.17 21:49:56.936,1.98602,1.98851,0.75,1.17
2014.01.17 21:49:57.037,1.9867,1.98851,0.38,1.17
2014.01.17 21:49:57.137,1.98599,1.98851,0.75,1.17
2014.01.17 21:49:57.439,1.9867,1.98703,0.38,0.38
2014.01.17 21:49:57.767,1.9867,1.98693,0.38,0.38
2014.01.17 21:49:57.869,1.9867,1.98853,0.38,1.20
2014.01.17 21:49:58.137,1.98682,1.98853,0.38,1.20
2014.01.17 21:49:59.135,1.98669,1.98852,0.38,1.37
2014.01.17 21:50:00.887,1.98676,1.98852,0.38,1.10
2014.01.17 21:50:02.877,1.9856,1.98843,1.60,1.07
2014.01.17 21:50:03.129,1.98676,1.98863,0.38,1.25
2014.01.17 21:50:03.284,1.9856,1.98843,1.60,1.07
2014.01.17 21:50:03.586,1.98601,1.98842,1.56,1.07
2014.01.17 21:50:03.686,1.98601,1.98842,1.56,1.07
2014.01.17 21:50:03.938,1.98622,1.98843,1.59,1.34
2014.01.17 21:50:04.140,1.98622,1.98843,1.59,1.34
2014.01.17 21:50:04.240,1.98622,1.98843,1.59,1.34
2014.01.17 21:50:04.341,1.98622,1.98843,1.59,1.34
2014.01.17 21:50:04.642,1.98635,1.98722,1.26,0.38
2014.01.17 21:50:04.962,1.9867,1.98716,1.12,0.38
2014.01.17 21:50:05.506,1.9867,1.98853,1.12,1.17
2014.01.17 21:50:05.959,1.98466,1.98853,1.56,1.28
2014.01.17 21:50:10.136,1.98422,1.98853,1.43,1.10
2014.01.17 21:50:15.628,1.9866,1.98853,0.38,1.10
2014.01.17 21:50:15.929,1.98605,1.98843,0.75,1.17
2014.01.17 21:50:16.230,1.98587,1.98712,0.75,0.38
2014.01.17 21:50:29.197,1.98637,1.98716,1.12,0.38
2014.01.17 21:50:31.717,1.98637,1.98712,1.12,0.38
2014.01.17 21:50:31.768,1.98637,1.9871,1.12,0.38
2014.01.17 21:50:33.038,1.98581,1.98705,0.38,0.38
2014.01.17 21:50:35.447,1.98332,1.98863,1.18,1.22
2014.01.17 21:50:37.976,1.98328,1.98854,1.47,1.22
2014.01.17 21:50:38.689,1.98323,1.98863,1.31,1.28
2014.01.17 21:50:39.261,1.98313,1.98863,1.32,1.28
2014.01.17 21:50:40.895,1.98323,1.98863,1.31,1.28
2014.01.17 21:50:43.557,1.9833,1.98854,1.07,1.05
2014.01.17 21:50:44.979,1.98376,1.98863,1.63,1.26
2014.01.17 21:50:55.012,1.984,1.98863,1.26,1.13
2014.01.17 21:50:59.942,1.9835,1.98863,1.17,1.07
2014.01.17 21:51:05.440,1.9836,1.98828,1.27,1.13
2014.01.17 21:51:06.983,1.98283,1.98827,1.04,1.22
2014.01.17 21:51:07.033,1.98574,1.98817,0.38,1.17
2014.01.17 21:51:07.335,1.98315,1.98768,1.20,1.07
2014.01.17 21:51:07.739,1.98315,1.98768,1.20,1.07
2014.01.17 21:51:07.839,1.98315,1.98838,1.03,1.22
2014.01.17 21:51:12.971,1.98341,1.98838,1.14,1.01
2014.01.17 21:51:18.038,1.98381,1.98838,1.05,1.11
2014.01.17 21:51:18.290,1.98381,1.98893,1.14,1.04
2014.01.17 21:51:20.465,1.98431,1.98894,1.16,1.13
2014.01.17 21:51:21.986,1.98472,1.98893,1.14,1.32
2014.01.17 21:51:27.027,1.98483,1.98904,1.13,1.01
2014.01.17 21:51:31.480,1.98529,1.98904,1.04,1.29
2014.01.17 21:51:41.876,1.9853,1.989,1.25,1.08
2014.01.17 21:51:41.977,1.98512,1.98882,1.04,1.07
2014.01.17 21:51:42.078,1.98458,1.98882,1.22,1.10
2014.01.17 21:52:00.184,1.98453,1.98882,1.31,1.11
2014.01.17 21:52:21.831,1.98496,1.98872,1.07,1.08
2014.01.17 21:52:22.261,1.98448,1.98882,1.04,1.05
2014.01.17 21:52:28.383,1.98467,1.98881,1.31,1.13
2014.01.17 21:52:31.097,1.98456,1.98915,1.28,1.19
2014.01.17 21:52:33.116,1.98504,1.98904,1.16,1.13
2014.01.17 21:52:35.526,1.98578,1.98914,1.05,0.99
2014.01.17 21:52:39.968,1.98511,1.98904,1.04,1.22
2014.01.17 21:52:40.119,1.98542,1.98904,1.25,1.16
2014.01.17 21:52:42.081,1.98494,1.98914,1.40,1.20
2014.01.17 21:52:44.502,1.98537,1.98904,1.10,1.05
2014.01.17 21:52:49.026,1.98491,1.98905,1.28,1.17
2014.01.17 21:52:49.267,1.98529,1.98905,1.35,1.13
2014.01.17 21:52:55.742,1.98499,1.98904,1.17,1.02
2014.01.17 21:53:05.083,1.98558,1.98905,1.01,1.01
2014.01.17 21:53:15.494,1.98525,1.98904,1.19,1.14
2014.01.17 21:53:21.245,1.98507,1.98905,1.04,1.05
2014.01.17 21:53:22.252,1.98518,1.98936,1.26,1.01
2014.01.17 21:53:28.253,1.9854,1.98973,1.23,1.25
2014.01.17 21:53:34.288,1.98528,1.98964,0.95,1.07
2014.01.17 21:53:44.015,1.98591,1.98964,1.11,1.13
2014.01.17 21:53:50.480,1.98586,1.98967,1.02,1.22
2014.01.17 21:53:56.258,1.98581,1.98977,1.04,1.04
2014.01.17 21:54:01.984,1.986,1.98977,1.02,1.08
2014.01.17 21:54:03.373,1.98559,1.98979,1.16,1.25
2014.01.17 21:54:11.283,1.98552,1.98967,1.02,1.28
2014.01.17 21:54:14.517,1.98598,1.98977,1.26,1.02
2014.01.17 21:54:21.985,1.98606,1.98973,1.04,0.95
2014.01.17 21:54:27.143,1.98612,1.98973,1.10,1.22
2014.01.17 21:54:36.806,1.98654,1.98972,1.11,1.07
2014.01.17 21:54:41.984,1.98664,1.98952,1.32,1.02
2014.01.17 21:54:45.791,1.9868,1.98952,1.31,1.10
2014.01.17 21:54:46.100,1.98698,1.98986,1.17,1.16
2014.01.17 21:54:48.494,1.98698,1.98996,1.17,1.11
2014.01.17 21:54:48.994,1.98698,1.99108,1.05,1.13
2014.01.17 21:54:49.689,1.98698,1.98977,1.05,0.38
2014.01.17 21:55:03.787,1.98698,1.99075,1.28,1.19
2014.01.17 21:55:08.716,1.98698,1.99075,1.28,1.19
2014.01.17 21:55:27.653,1.98698,1.98975,1.28,0.38
2014.01.17 21:55:28.418,1.9869,1.99067,1.07,1.19
2014.01.17 21:55:28.721,1.9869,1.99067,1.07,1.19
2014.01.17 21:55:29.022,1.98659,1.99033,1.17,1.04
2014.01.17 21:55:40.190,1.98649,1.99081,1.20,1.10
2014.01.17 21:55:40.240,1.9868,1.99081,1.19,1.23
2014.01.17 21:55:44.754,1.98632,1.99072,1.23,1.02
2014.01.17 21:55:44.905,1.98633,1.99053,1.10,1.10
2014.01.17 21:55:52.176,1.98643,1.99057,1.32,1.10
2014.01.17 21:55:58.134,1.98578,1.99097,1.28,1.04
2014.01.17 21:56:06.126,1.98578,1.99095,1.26,1.01
2014.01.17 21:56:12.202,1.98588,1.99132,1.17,1.32
2014.01.17 21:56:49.131,1.98699,1.98997,0.38,0.38
2014.01.17 21:56:49.282,1.987,1.99098,0.38,1.11
2014.01.17 21:56:51.682,1.98697,1.98993,0.38,0.38
2014.01.17 21:56:57.293,1.98599,1.98972,1.16,0.38
2014.01.17 21:58:03.392,1.98609,1.98976,1.01,0.38
2014.01.17 21:58:03.643,1.98708,1.99094,0.38,1.34
2014.01.17 21:58:19.215,1.98608,1.98984,1.02,0.38
2014.01.17 21:58:38.703,1.98708,1.99074,0.38,1.11
2014.01.17 21:58:44.420,1.98667,1.99069,1.25,1.16
2014.01.17 21:58:44.471,1.98621,1.9907,1.05,1.32
2014.01.17 21:58:45.739,1.98611,1.9908,1.05,1.31
2014.01.17 21:58:49.335,1.98612,1.99048,1.20,1.14
2014.01.17 21:58:50.232,1.98612,1.99171,1.07,1.29
2014.01.17 21:58:55.276,1.98611,1.99162,1.25,1.16
2014.01.17 21:59:00.406,1.98602,1.99168,1.26,1.35
