2012.09.02 23:00:00.051,1.98252,1.98334,1.09,1.50
2012.09.02 23:00:00.497,1.98252,1.98344,1.09,1.50
2012.09.02 23:00:00.697,1.98252,1.98334,1.09,1.50
2012.09.02 23:00:01.361,1.98252,1.98344,1.09,1.50
2012.09.02 23:00:01.487,1.98252,1.98334,1.09,1.50
2012.09.02 23:00:01.696,1.98252,1.98345,1.09,1.50
2012.09.02 23:00:06.411,1.98252,1.98334,1.09,1.50
2012.09.02 23:00:06.537,1.98252,1.98344,1.09,1.50
2012.09.02 23:00:07.101,1.98252,1.98345,1.09,1.50
2012.09.02 23:00:07.407,1.98235,1.98333,1.09,1.50
2012.09.02 23:00:07.767,1.98216,1.98311,1.09,1.50
2012.09.02 23:00:07.957,1.98197,1.98304,1.09,1.50
2012.09.02 23:00:08.077,1.98197,1.98303,1.09,1.50
2012.09.02 23:00:08.409,1.98208,1.98295,1.09,1.50
2012.09.02 23:00:09.063,1.98207,1.98295,1.09,1.50
2012.09.02 23:00:10.715,1.98208,1.98295,1.09,1.50
2012.09.02 23:00:13.120,1.98206,1.98288,1.09,1.50
2012.09.02 23:00:14.169,1.98208,1.98294,1.09,1.50
2012.09.02 23:00:14.557,1.98195,1.98288,1.31,1.50
2012.09.02 23:00:14.617,1.98182,1.98285,1.09,1.50
2012.09.02 23:00:14.887,1.98176,1.98274,1.31,1.50
2012.09.02 23:00:15.100,1.98169,1.98274,1.35,1.50
2012.09.02 23:00:20.131,1.98169,1.98274,1.13,1.50
2012.09.02 23:00:22.246,1.98169,1.98274,1.13,1.50
2012.09.02 23:00:23.397,1.98165,1.98265,1.50,1.50
2012.09.02 23:00:27.906,1.98162,1.98265,1.31,1.50
2012.09.02 23:00:28.467,1.98163,1.98265,1.31,1.50
2012.09.02 23:00:30.244,1.98164,1.98265,1.31,1.50
2012.09.02 23:00:32.857,1.98164,1.98264,1.31,1.50
2012.09.02 23:00:33.046,1.98144,1.98264,1.35,1.50
2012.09.02 23:00:34.527,1.98144,1.98254,1.35,1.50
2012.09.02 23:00:34.592,1.98144,1.98264,1.35,1.50
2012.09.02 23:00:39.347,1.98144,1.98254,1.35,1.50
2012.09.02 23:00:39.467,1.98152,1.98254,1.09,1.50
2012.09.02 23:00:40.261,1.98152,1.98255,1.09,1.50
2012.09.02 23:00:40.667,1.98152,1.98255,1.09,1.50
2012.09.02 23:00:40.906,1.98135,1.98255,1.31,1.50
2012.09.02 23:00:45.048,1.98135,1.98236,1.31,1.50
2012.09.02 23:00:52.980,1.98131,1.98235,1.31,1.50
2012.09.02 23:00:53.539,1.98131,1.98234,1.09,1.73
2012.09.02 23:01:00.886,1.98131,1.98244,1.31,1.73
2012.09.02 23:01:01.007,1.98129,1.98244,1.31,1.50
2012.09.02 23:01:03.300,1.98129,1.98235,1.31,1.50
2012.09.02 23:01:03.657,1.98128,1.98226,1.31,1.50
2012.09.02 23:01:03.917,1.98128,1.98235,1.31,1.73
2012.09.02 23:01:04.538,1.98128,1.98226,1.31,1.50
2012.09.02 23:01:05.058,1.98128,1.98234,1.31,1.50
2012.09.02 23:01:06.144,1.98114,1.98234,1.69,1.50
2012.09.02 23:01:06.657,1.98114,1.98233,1.35,1.50
2012.09.02 23:01:06.847,1.98114,1.98235,1.35,1.73
2012.09.02 23:01:09.136,1.98114,1.98233,1.35,1.50
2012.09.02 23:01:09.351,1.98114,1.98235,1.35,1.73
2012.09.02 23:01:09.947,1.9812,1.98235,1.31,1.50
2012.09.02 23:01:10.247,1.98119,1.98225,1.09,1.50
2012.09.02 23:01:10.368,1.9812,1.98234,1.31,1.50
2012.09.02 23:01:12.296,1.98119,1.98234,1.31,1.50
2012.09.02 23:01:13.097,1.98119,1.98235,1.31,1.73
2012.09.02 23:01:13.798,1.9812,1.98235,1.31,1.50
2012.09.02 23:01:14.337,1.9812,1.98224,1.31,1.50
2012.09.02 23:01:16.790,1.9812,1.98225,1.31,1.50
2012.09.02 23:01:17.307,1.98119,1.98235,1.31,1.50
2012.09.02 23:01:18.309,1.9812,1.98225,1.31,1.50
2012.09.02 23:01:19.938,1.98119,1.98235,1.31,1.50
2012.09.02 23:01:20.017,1.98132,1.98235,1.31,1.50
2012.09.02 23:01:22.471,1.98133,1.98235,1.31,1.50
2012.09.02 23:01:28.647,1.98132,1.98235,1.31,1.50
2012.09.02 23:01:30.490,1.98133,1.98235,1.31,1.50
2012.09.02 23:01:31.770,1.98133,1.98225,1.31,1.50
2012.09.02 23:01:32.519,1.98133,1.98234,1.09,1.50
2012.09.02 23:01:32.740,1.98133,1.98225,1.09,1.50
2012.09.02 23:01:38.489,1.98133,1.98235,1.09,1.73
2012.09.02 23:01:41.407,1.98133,1.98224,1.09,1.50
2012.09.02 23:01:41.479,1.98133,1.98234,1.09,1.50
2012.09.02 23:01:41.570,1.98133,1.98224,1.09,1.50
2012.09.02 23:01:41.946,1.98133,1.98235,1.09,1.73
2012.09.02 23:01:43.317,1.98125,1.98235,1.31,1.73
2012.09.02 23:01:53.519,1.98135,1.98235,1.09,1.73
2012.09.02 23:01:59.192,1.98134,1.98235,1.09,1.73
2012.09.02 23:02:02.687,1.98134,1.98226,1.09,1.50
2012.09.02 23:02:03.177,1.98134,1.98234,1.09,1.50
2012.09.02 23:02:03.297,1.98134,1.98226,1.09,1.50
2012.09.02 23:02:03.357,1.98134,1.98234,1.09,1.50
2012.09.02 23:02:14.810,1.98135,1.98234,1.09,1.50
2012.09.02 23:02:15.456,1.9813,1.98234,1.09,1.50
2012.09.02 23:02:23.077,1.98131,1.98234,1.09,1.50
2012.09.02 23:02:24.139,1.98131,1.98235,1.09,1.73
2012.09.02 23:02:24.708,1.9813,1.98235,1.31,1.50
2012.09.02 23:02:25.475,1.98137,1.98235,1.09,1.50
2012.09.02 23:02:34.982,1.98136,1.98235,1.31,1.50
2012.09.02 23:02:42.113,1.98141,1.98235,1.09,1.50
2012.09.02 23:02:44.927,1.9814,1.98235,1.09,1.50
2012.09.02 23:02:52.283,1.98133,1.98235,1.31,1.50
2012.09.02 23:02:55.167,1.98132,1.98235,1.31,1.50
2012.09.02 23:03:14.817,1.98143,1.98235,1.09,1.50
2012.09.02 23:03:20.086,1.98142,1.98235,1.09,1.50
2012.09.02 23:03:20.644,1.98142,1.98228,1.09,1.50
2012.09.02 23:03:23.171,1.98142,1.98234,1.09,1.50
2012.09.02 23:03:24.897,1.98148,1.98234,1.09,1.50
2012.09.02 23:03:31.451,1.98147,1.98234,1.09,1.50
2012.09.02 23:03:35.440,1.98141,1.98234,1.09,1.50
2012.09.02 23:03:45.027,1.98135,1.98234,1.31,1.50
2012.09.02 23:03:53.023,1.98136,1.98234,1.31,1.50
2012.09.02 23:03:54.938,1.98135,1.98234,1.31,1.50
2012.09.02 23:03:57.517,1.98134,1.98234,1.31,1.50
2012.09.02 23:03:57.818,1.98134,1.98245,1.31,1.50
2012.09.02 23:03:58.468,1.98134,1.98234,1.31,1.50
2012.09.02 23:03:59.027,1.98135,1.98234,1.31,1.50
2012.09.02 23:04:02.537,1.98135,1.98224,1.31,1.50
2012.09.02 23:04:02.707,1.98135,1.98234,1.31,1.50
2012.09.02 23:04:03.100,1.98135,1.98224,1.09,1.50
2012.09.02 23:04:04.889,1.98134,1.98224,1.09,1.50
2012.09.02 23:04:14.898,1.98133,1.98224,1.09,1.50
2012.09.02 23:04:34.913,1.98128,1.98224,1.31,1.50
2012.09.02 23:04:45.067,1.98134,1.98224,1.09,1.50
2012.09.02 23:04:48.927,1.98135,1.98224,1.09,1.50
2012.09.02 23:04:53.038,1.98134,1.9822,1.09,1.50
2012.09.02 23:04:53.288,1.98118,1.98214,1.09,1.50
2012.09.02 23:05:03.455,1.98116,1.98214,1.31,1.50
2012.09.02 23:05:24.957,1.98114,1.98214,1.31,1.50
2012.09.02 23:05:30.989,1.98115,1.98214,1.31,1.50
2012.09.02 23:05:31.347,1.98115,1.98213,1.31,1.50
2012.09.02 23:05:32.007,1.98095,1.98207,1.09,1.50
2012.09.02 23:05:32.877,1.98095,1.98207,1.09,1.50
2012.09.02 23:05:33.117,1.98095,1.98207,1.09,1.50
2012.09.02 23:05:45.037,1.981,1.98205,1.09,1.50
2012.09.02 23:05:46.957,1.98101,1.98205,1.09,1.50
2012.09.02 23:05:50.647,1.981,1.98201,1.09,1.73
2012.09.02 23:06:00.855,1.98106,1.98194,1.09,1.50
2012.09.02 23:06:01.157,1.98095,1.98184,1.31,1.50
2012.09.02 23:06:01.741,1.98094,1.98184,1.31,1.50
2012.09.02 23:06:07.679,1.98094,1.98176,1.09,1.50
2012.09.02 23:06:07.987,1.98076,1.98174,1.31,1.50
2012.09.02 23:06:08.116,1.98076,1.98165,1.31,1.50
2012.09.02 23:06:12.849,1.98076,1.98165,1.09,1.50
2012.09.02 23:06:16.036,1.98066,1.98165,1.31,1.50
2012.09.02 23:06:16.477,1.98054,1.98145,1.31,1.50
2012.09.02 23:06:20.927,1.98054,1.98155,1.31,1.50
2012.09.02 23:06:21.507,1.98053,1.98155,1.31,1.50
2012.09.02 23:06:30.177,1.98061,1.98155,1.31,1.50
2012.09.02 23:06:40.377,1.98075,1.98156,1.09,1.50
2012.09.02 23:06:54.988,1.98069,1.98165,1.09,1.50
2012.09.02 23:07:13.547,1.98068,1.98155,1.09,1.50
2012.09.02 23:07:20.473,1.98068,1.98164,1.31,1.50
2012.09.02 23:07:23.994,1.98068,1.98154,1.31,1.50
2012.09.02 23:07:25.127,1.98064,1.98156,1.31,1.50
2012.09.02 23:07:43.794,1.98063,1.98164,1.31,1.50
2012.09.02 23:07:43.971,1.98063,1.98156,1.31,1.50
2012.09.02 23:07:55.089,1.98064,1.98154,1.31,1.50
2012.09.02 23:08:05.187,1.98073,1.98155,1.09,1.50
2012.09.02 23:08:44.645,1.98034,1.98179,1.69,1.35
2012.09.02 23:08:46.809,1.98035,1.98179,1.69,1.35
2012.09.02 23:08:55.041,1.98035,1.98179,1.69,1.35
2012.09.02 23:09:01.977,1.98035,1.98179,1.69,1.35
2012.09.02 23:09:07.577,1.98046,1.98181,1.31,1.73
2012.09.02 23:09:07.669,1.98073,1.98166,1.09,1.50
2012.09.02 23:09:07.948,1.98073,1.98166,1.31,1.50
2012.09.02 23:09:08.148,1.98073,1.98166,1.09,1.50
2012.09.02 23:09:13.037,1.98085,1.98169,1.09,1.50
2012.09.02 23:09:18.400,1.98085,1.9817,1.09,1.50
2012.09.02 23:09:23.987,1.98081,1.98165,1.09,1.50
2012.09.02 23:09:35.087,1.98084,1.98165,1.09,1.50
2012.09.02 23:10:02.868,1.98084,1.98184,1.09,1.73
2012.09.02 23:10:03.169,1.98085,1.98166,1.09,1.50
2012.09.02 23:10:36.113,1.98093,1.98154,1.50,1.50
2012.09.02 23:10:40.999,1.98093,1.98154,2.25,1.50
2012.09.02 23:10:41.709,1.98096,1.98154,1.09,1.50
2012.09.02 23:10:41.890,1.98107,1.9817,1.50,1.50
2012.09.02 23:10:42.209,1.9812,1.98182,1.50,1.50
2012.09.02 23:10:44.060,1.9811,1.98172,1.50,1.50
2012.09.02 23:10:46.721,1.9812,1.98174,1.50,1.50
2012.09.02 23:10:46.789,1.9812,1.98182,1.50,1.50
2012.09.02 23:10:48.919,1.98107,1.9817,1.50,1.50
2012.09.02 23:11:08.905,1.9811,1.98172,1.50,1.50
2012.09.02 23:11:19.339,1.98097,1.9816,1.50,1.50
2012.09.02 23:11:39.048,1.98097,1.98157,1.50,1.50
2012.09.02 23:11:40.475,1.98093,1.98154,2.25,1.50
2012.09.02 23:11:48.849,1.98093,1.98154,1.50,1.50
2012.09.02 23:11:57.618,1.98093,1.98154,2.25,1.50
2012.09.02 23:11:58.438,1.98102,1.98165,2.25,1.50
2012.09.02 23:12:00.819,1.98102,1.98165,1.50,1.50
2012.09.02 23:12:00.879,1.98102,1.98157,1.50,1.50
2012.09.02 23:12:01.321,1.98096,1.98154,1.09,1.50
2012.09.02 23:12:03.531,1.98096,1.98154,1.09,1.50
2012.09.02 23:12:04.080,1.98096,1.98154,1.09,1.50
2012.09.02 23:12:08.460,1.98102,1.98165,2.25,1.50
2012.09.02 23:12:08.518,1.98102,1.98165,1.50,1.50
2012.09.02 23:12:19.550,1.98091,1.98154,1.84,1.50
2012.09.02 23:12:20.002,1.98085,1.98144,1.09,1.50
2012.09.02 23:12:25.106,1.98085,1.98144,1.09,1.50
2012.09.02 23:12:27.875,1.98081,1.98144,2.25,1.50
2012.09.02 23:12:39.802,1.9809,1.98146,1.50,1.50
2012.09.02 23:12:39.868,1.9809,1.9815,1.50,1.50
2012.09.02 23:12:58.330,1.9809,1.9815,2.25,1.50
2012.09.02 23:12:59.090,1.9809,1.9815,2.25,1.50
2012.09.02 23:12:59.149,1.9809,1.9815,1.50,1.50
2012.09.02 23:12:59.369,1.9809,1.9815,2.25,1.50
2012.09.02 23:12:59.489,1.9809,1.9815,1.50,1.50
2012.09.02 23:12:59.980,1.98092,1.98153,1.50,1.50
2012.09.02 23:13:00.471,1.98092,1.98153,2.25,1.50
2012.09.02 23:13:03.128,1.98092,1.98153,1.50,1.50
2012.09.02 23:13:03.549,1.98086,1.98141,1.09,1.50
2012.09.02 23:13:05.629,1.98086,1.98141,1.09,1.50
2012.09.02 23:13:08.419,1.98089,1.98141,1.09,1.50
2012.09.02 23:13:08.539,1.9809,1.98152,2.25,1.50
2012.09.02 23:13:15.762,1.9809,1.98152,1.50,1.50
2012.09.02 23:13:15.981,1.98098,1.98152,1.50,1.50
2012.09.02 23:13:16.050,1.981,1.98162,1.50,1.50
2012.09.02 23:13:21.542,1.981,1.98153,1.50,1.50
2012.09.02 23:13:21.610,1.98088,1.9815,1.50,1.50
2012.09.02 23:13:21.670,1.98088,1.9815,1.84,1.50
2012.09.02 23:13:21.849,1.98098,1.9816,1.50,1.50
2012.09.02 23:13:31.828,1.98098,1.9816,2.25,1.50
2012.09.02 23:13:32.540,1.98108,1.9817,1.50,1.50
2012.09.02 23:13:32.600,1.98108,1.9817,1.50,2.25
2012.09.02 23:13:32.730,1.98099,1.98159,2.06,1.50
2012.09.02 23:13:33.282,1.98099,1.98159,1.84,1.50
2012.09.02 23:13:41.668,1.98105,1.98159,1.50,1.50
2012.09.02 23:13:41.729,1.98108,1.9817,1.50,1.50
2012.09.02 23:13:54.709,1.98114,1.9817,1.50,1.50
2012.09.02 23:13:54.769,1.98118,1.98179,1.50,1.50
2012.09.02 23:14:07.593,1.98128,1.98179,1.50,1.50
2012.09.02 23:14:07.659,1.98131,1.98191,1.50,2.25
2012.09.02 23:14:15.349,1.98131,1.98191,1.50,1.50
2012.09.02 23:14:24.707,1.9812,1.98182,1.50,1.50
2012.09.02 23:14:38.442,1.98117,1.98172,1.50,1.50
2012.09.02 23:14:38.511,1.9811,1.98172,1.84,1.50
2012.09.02 23:14:45.318,1.9811,1.98172,1.50,1.50
2012.09.02 23:14:48.709,1.98121,1.98181,1.50,1.50
2012.09.02 23:14:50.049,1.9813,1.98192,1.50,2.25
2012.09.02 23:14:50.289,1.98117,1.9818,1.50,1.50
2012.09.02 23:15:10.236,1.9812,1.9818,1.50,1.50
2012.09.02 23:15:10.299,1.98122,1.98185,1.50,1.50
2012.09.02 23:15:23.819,1.98133,1.98194,1.50,1.50
2012.09.02 23:15:24.185,1.98123,1.98184,1.50,1.50
2012.09.02 23:15:29.269,1.98129,1.98184,1.50,1.50
2012.09.02 23:15:29.331,1.98132,1.98195,1.50,2.25
2012.09.02 23:15:29.459,1.98132,1.98188,1.50,1.50
2012.09.02 23:15:29.519,1.98123,1.98184,1.50,1.50
2012.09.02 23:15:54.639,1.98113,1.98174,1.50,1.50
2012.09.02 23:15:55.137,1.98122,1.98178,1.50,1.50
2012.09.02 23:15:55.200,1.98122,1.98185,1.50,1.50
2012.09.02 23:16:02.733,1.98122,1.98177,1.50,1.50
2012.09.02 23:16:02.799,1.98113,1.98174,1.84,1.50
2012.09.02 23:16:05.211,1.98113,1.98174,1.84,1.50
2012.09.02 23:16:12.651,1.98113,1.98174,1.50,1.50
2012.09.02 23:16:22.869,1.98115,1.98177,1.50,1.50
2012.09.02 23:16:42.842,1.98112,1.98175,3.00,1.50
2012.09.02 23:17:22.943,1.98112,1.9817,1.50,1.50
2012.09.02 23:17:23.009,1.98105,1.98167,1.50,1.50
2012.09.02 23:18:02.941,1.98115,1.98175,1.50,1.50
2012.09.02 23:18:04.444,1.98115,1.98169,1.50,1.50
2012.09.02 23:18:04.534,1.98105,1.98165,1.50,1.50
2012.09.02 23:18:24.650,1.98101,1.98163,1.50,1.50
2012.09.02 23:18:44.584,1.98103,1.98163,1.50,1.50
2012.09.02 23:18:44.650,1.98105,1.98167,1.50,1.50
2012.09.02 23:18:51.710,1.98115,1.98177,1.50,1.50
2012.09.02 23:19:11.756,1.98118,1.98179,1.50,1.50
2012.09.02 23:19:31.712,1.98121,1.98181,1.50,1.50
2012.09.02 23:19:37.341,1.98121,1.98174,1.50,1.50
2012.09.02 23:19:37.410,1.98111,1.98171,2.25,1.50
2012.09.02 23:19:47.800,1.9812,1.98182,1.50,1.50
2012.09.02 23:19:52.237,1.9813,1.98184,1.50,1.50
2012.09.02 23:19:52.300,1.9813,1.98192,1.50,1.50
2012.09.02 23:20:07.512,1.98141,1.98195,1.50,1.50
2012.09.02 23:20:07.581,1.98141,1.98203,1.50,2.25
2012.09.02 23:20:21.281,1.98131,1.98193,1.50,1.50
2012.09.02 23:20:22.434,1.98129,1.98183,1.50,1.50
2012.09.02 23:20:22.570,1.98121,1.98183,1.84,1.50
2012.09.02 23:20:34.130,1.98121,1.98183,1.50,1.50
2012.09.02 23:20:42.554,1.98124,1.98183,1.50,1.50
2012.09.02 23:20:42.620,1.98127,1.98187,1.50,1.50
2012.09.02 23:20:53.150,1.98127,1.9818,1.50,1.50
2012.09.02 23:20:53.221,1.98115,1.98178,1.09,1.50
2012.09.02 23:20:55.402,1.98113,1.98178,2.59,1.50
2012.09.02 23:21:02.150,1.98113,1.98178,1.84,1.50
2012.09.02 23:21:02.283,1.98105,1.98168,1.09,1.50
2012.09.02 23:21:05.342,1.98103,1.98168,2.25,1.50
2012.09.02 23:21:22.370,1.98103,1.98168,1.50,1.50
2012.09.02 23:21:42.311,1.98098,1.98163,1.50,1.50
2012.09.02 23:22:02.354,1.98096,1.98157,1.50,1.50
2012.09.02 23:22:03.151,1.98095,1.98157,1.50,1.50
2012.09.02 23:22:05.583,1.98095,1.98157,2.25,1.50
2012.09.02 23:22:11.632,1.98095,1.98157,1.50,1.50
2012.09.02 23:22:21.622,1.98095,1.98157,2.25,1.50
2012.09.02 23:22:22.142,1.98095,1.98157,1.50,1.50
2012.09.02 23:22:22.700,1.98095,1.98158,2.25,1.50
2012.09.02 23:22:23.372,1.98095,1.98158,1.50,1.50
2012.09.02 23:22:39.882,1.98095,1.98158,2.25,1.50
2012.09.02 23:22:40.600,1.98095,1.98158,1.50,1.50
2012.09.02 23:22:41.461,1.98095,1.98158,2.25,1.50
2012.09.02 23:22:42.011,1.98095,1.98158,1.50,1.50
2012.09.02 23:22:42.842,1.98097,1.98161,1.50,1.50
2012.09.02 23:23:02.500,1.98096,1.98159,2.25,1.50
2012.09.02 23:23:15.911,1.98096,1.98159,2.25,1.50
2012.09.02 23:23:22.355,1.98102,1.98163,2.25,1.50
2012.09.02 23:23:22.455,1.98102,1.98166,2.25,1.50
2012.09.02 23:23:42.581,1.98099,1.98164,2.25,1.50
2012.09.02 23:23:54.921,1.98099,1.98164,1.50,1.50
2012.09.02 23:23:54.992,1.98087,1.98152,2.06,1.50
2012.09.02 23:23:55.463,1.98087,1.98152,1.50,1.50
2012.09.02 23:24:10.758,1.98097,1.98152,1.50,1.50
2012.09.02 23:24:11.094,1.981,1.98163,1.50,2.25
2012.09.02 23:24:13.651,1.981,1.98163,2.25,2.25
2012.09.02 23:24:15.455,1.981,1.98163,2.25,1.50
2012.09.02 23:24:30.610,1.98106,1.98172,1.50,2.25
2012.09.02 23:24:35.363,1.98106,1.98172,1.50,2.25
2012.09.02 23:24:36.708,1.98106,1.98172,1.50,1.50
2012.09.02 23:24:42.340,1.98106,1.98172,2.25,1.50
2012.09.02 23:24:42.401,1.98117,1.98181,1.50,2.25
2012.09.02 23:24:43.106,1.98117,1.98181,1.50,2.25
2012.09.02 23:24:43.173,1.9813,1.98193,1.50,2.25
2012.09.02 23:24:43.360,1.9813,1.98193,1.50,2.25
2012.09.02 23:25:23.270,1.98126,1.98191,1.50,1.50
2012.09.02 23:25:25.110,1.98126,1.98191,1.50,2.25
2012.09.02 23:25:25.331,1.98126,1.98191,1.50,1.50
2012.09.02 23:25:29.634,1.98133,1.98191,1.50,1.50
2012.09.02 23:25:30.109,1.98136,1.98194,1.50,1.50
2012.09.02 23:25:30.865,1.98133,1.98188,1.50,1.50
2012.09.02 23:25:30.930,1.98125,1.98188,1.50,1.50
2012.09.02 23:25:51.380,1.98125,1.98187,1.50,1.50
2012.09.02 23:25:51.450,1.9812,1.98185,1.50,1.50
2012.09.02 23:26:10.964,1.98121,1.98185,1.50,1.50
2012.09.02 23:26:11.030,1.98124,1.98189,1.50,2.25
2012.09.02 23:26:31.769,1.98125,1.98187,1.50,1.50
2012.09.02 23:27:09.288,1.98125,1.98187,1.50,2.25
2012.09.02 23:27:11.099,1.98121,1.98183,1.50,1.50
2012.09.02 23:27:12.871,1.9812,1.98183,1.50,1.50
2012.09.02 23:27:50.667,1.9812,1.98183,2.25,1.50
2012.09.02 23:27:50.973,1.98131,1.98195,1.50,2.25
2012.09.02 23:27:55.561,1.98131,1.98195,1.50,1.50
2012.09.02 23:27:55.798,1.9814,1.98199,1.50,1.13
2012.09.02 23:28:10.361,1.9814,1.98199,1.50,1.13
2012.09.02 23:28:15.894,1.98132,1.98198,1.50,2.25
2012.09.02 23:28:23.316,1.98132,1.98198,1.84,1.50
2012.09.02 23:28:23.866,1.98132,1.98198,1.84,2.25
2012.09.02 23:28:24.086,1.98132,1.98198,1.84,1.50
2012.09.02 23:28:25.631,1.98132,1.98198,1.84,1.50
2012.09.02 23:28:26.064,1.98132,1.98198,1.84,2.25
2012.09.02 23:28:26.402,1.98122,1.98188,1.84,2.25
2012.09.02 23:28:35.604,1.98122,1.98188,1.50,2.25
2012.09.02 23:28:46.337,1.98121,1.98186,1.50,2.25
2012.09.02 23:29:06.721,1.98123,1.98189,1.50,3.75
2012.09.02 23:29:26.431,1.98123,1.98184,1.50,1.50
2012.09.02 23:29:26.492,1.98116,1.98181,1.50,1.50
2012.09.02 23:29:46.541,1.98116,1.98179,1.50,1.50
2012.09.02 23:29:46.601,1.98111,1.98176,1.88,1.50
2012.09.02 23:30:00.605,1.98111,1.98176,2.63,1.50
2012.09.02 23:30:00.936,1.98115,1.98176,1.09,1.50
2012.09.02 23:30:01.369,1.98122,1.98179,1.84,1.50
2012.09.02 23:30:01.706,1.98122,1.98188,1.84,1.50
2012.09.02 23:30:01.774,1.98132,1.98194,1.50,1.88
2012.09.02 23:30:03.853,1.98132,1.98194,1.50,1.50
2012.09.02 23:30:15.841,1.98132,1.98194,1.50,2.25
2012.09.02 23:30:16.152,1.9813,1.98182,1.50,1.50
2012.09.02 23:30:16.222,1.98122,1.98182,1.84,1.50
2012.09.02 23:30:18.535,1.98122,1.98182,2.59,1.50
2012.09.02 23:30:18.722,1.98133,1.98196,1.50,2.25
2012.09.02 23:30:31.533,1.98144,1.98204,1.50,1.50
2012.09.02 23:30:35.602,1.98144,1.98205,1.50,2.63
2012.09.02 23:30:51.476,1.98142,1.98202,1.50,1.50
2012.09.02 23:31:11.510,1.98147,1.98206,1.50,1.50
2012.09.02 23:31:12.837,1.98147,1.98207,1.50,1.50
2012.09.02 23:31:28.259,1.98154,1.98207,1.50,1.50
2012.09.02 23:31:28.325,1.98156,1.98218,1.50,2.25
2012.09.02 23:31:28.573,1.98146,1.98208,2.25,1.50
2012.09.02 23:31:35.365,1.98146,1.98208,1.50,2.25
2012.09.02 23:31:35.674,1.98137,1.9819,1.84,1.50
2012.09.02 23:31:35.744,1.98137,1.98197,1.84,1.50
2012.09.02 23:31:36.083,1.98138,1.98197,1.09,1.50
2012.09.02 23:31:36.273,1.98147,1.98207,1.50,1.50
2012.09.02 23:31:56.920,1.98143,1.98203,1.50,1.50
2012.09.02 23:31:56.982,1.98141,1.98203,1.50,1.50
2012.09.02 23:32:02.060,1.98141,1.98203,1.50,2.25
2012.09.02 23:32:02.633,1.98143,1.98203,1.13,1.50
2012.09.02 23:32:02.764,1.98157,1.98219,1.50,2.25
2012.09.02 23:32:02.953,1.98169,1.98231,1.50,1.50
2012.09.02 23:32:03.480,1.98169,1.98222,1.50,1.50
2012.09.02 23:32:03.542,1.98158,1.98218,1.50,1.50
2012.09.02 23:32:09.123,1.98158,1.98218,2.25,1.50
2012.09.02 23:32:09.373,1.98158,1.98218,1.50,1.50
2012.09.02 23:32:09.885,1.98158,1.98218,2.25,1.50
2012.09.02 23:32:09.952,1.98167,1.98222,1.50,1.50
2012.09.02 23:32:10.023,1.98167,1.98229,1.50,1.50
2012.09.02 23:32:10.154,1.98167,1.98229,1.50,2.25
2012.09.02 23:32:10.342,1.98167,1.98229,1.50,1.50
2012.09.02 23:32:10.593,1.98167,1.98229,1.50,2.25
2012.09.02 23:32:10.902,1.98154,1.98217,1.88,1.50
2012.09.02 23:32:11.095,1.98154,1.98217,2.63,1.50
2012.09.02 23:32:11.163,1.98167,1.9822,1.50,1.50
2012.09.02 23:32:11.233,1.98167,1.98229,1.50,1.50
2012.09.02 23:32:11.363,1.98167,1.98224,1.50,1.13
2012.09.02 23:32:12.132,1.98165,1.98216,1.50,1.50
2012.09.02 23:32:12.202,1.98155,1.98216,1.50,1.50
2012.09.02 23:32:12.454,1.98155,1.98216,2.63,1.50
2012.09.02 23:32:12.672,1.98155,1.98216,1.88,1.50
2012.09.02 23:32:12.863,1.98155,1.98216,2.63,1.50
2012.09.02 23:32:13.112,1.98155,1.98216,1.88,1.50
2012.09.02 23:32:13.684,1.98165,1.98219,2.25,1.50
2012.09.02 23:32:13.753,1.98165,1.98226,2.25,2.25
2012.09.02 23:32:25.593,1.98165,1.98226,1.50,1.50
2012.09.02 23:32:33.712,1.98167,1.98226,1.50,1.50
2012.09.02 23:32:33.782,1.9817,1.98231,1.50,1.50
2012.09.02 23:32:53.847,1.98168,1.98228,1.50,1.50
2012.09.02 23:33:02.453,1.98178,1.98238,1.50,2.25
2012.09.02 23:33:02.764,1.98178,1.98238,1.50,3.00
2012.09.02 23:33:04.531,1.98178,1.98238,1.50,2.25
2012.09.02 23:33:04.604,1.98178,1.98238,1.50,3.00
2012.09.02 23:33:04.673,1.98178,1.98238,1.50,2.25
2012.09.02 23:33:04.863,1.98178,1.98238,1.50,3.00
2012.09.02 23:33:05.173,1.98166,1.98227,1.13,1.50
2012.09.02 23:33:05.362,1.98164,1.98227,1.50,1.50
2012.09.02 23:33:06.083,1.98164,1.98227,2.25,1.50
2012.09.02 23:33:06.332,1.98178,1.98236,1.50,1.13
2012.09.02 23:33:06.643,1.98174,1.98227,1.50,1.50
2012.09.02 23:33:06.714,1.98164,1.98227,2.25,1.50
2012.09.02 23:33:06.853,1.98164,1.98227,1.50,1.50
2012.09.02 23:33:07.223,1.98164,1.98227,2.25,1.50
2012.09.02 23:33:07.413,1.98164,1.98227,1.50,1.50
2012.09.02 23:33:07.603,1.98164,1.98227,2.25,1.50
2012.09.02 23:33:07.813,1.98177,1.9823,1.50,1.50
2012.09.02 23:33:07.882,1.98177,1.98235,1.50,1.50
2012.09.02 23:33:08.194,1.98174,1.98226,2.25,1.50
2012.09.02 23:33:08.382,1.98165,1.98226,1.50,1.50
2012.09.02 23:33:08.633,1.98165,1.98226,2.25,1.50
2012.09.02 23:33:08.703,1.98174,1.98229,2.25,1.50
2012.09.02 23:33:08.774,1.98174,1.98236,2.25,2.63
2012.09.02 23:33:08.843,1.98174,1.98235,1.50,1.50
2012.09.02 23:33:09.184,1.98174,1.98236,2.25,2.63
2012.09.02 23:33:09.433,1.98174,1.98235,1.50,1.50
2012.09.02 23:33:10.004,1.98174,1.98236,2.25,2.63
2012.09.02 23:33:15.686,1.98174,1.98236,2.25,1.88
2012.09.02 23:33:18.133,1.98174,1.98236,1.50,1.50
2012.09.02 23:33:18.373,1.98174,1.98236,1.50,2.25
2012.09.02 23:33:18.791,1.98174,1.98228,1.50,1.50
2012.09.02 23:33:18.853,1.98164,1.98226,2.21,1.50
2012.09.02 23:33:19.923,1.98177,1.98228,1.50,1.50
2012.09.02 23:33:19.995,1.98177,1.98238,1.50,1.50
2012.09.02 23:33:20.122,1.98177,1.98238,2.25,1.50
2012.09.02 23:33:20.314,1.9819,1.9825,1.50,2.63
2012.09.02 23:33:40.353,1.98185,1.98245,2.25,1.50
2012.09.02 23:33:41.892,1.98185,1.98245,1.50,1.50
2012.09.02 23:33:49.663,1.98185,1.98245,2.25,2.25
2012.09.02 23:33:50.234,1.98185,1.98245,2.25,2.25
2012.09.02 23:33:59.330,1.98194,1.98249,1.50,2.25
2012.09.02 23:33:59.720,1.98194,1.98256,1.50,2.25
2012.09.02 23:34:00.044,1.98194,1.98256,2.25,2.25
2012.09.02 23:34:00.413,1.98194,1.98256,1.50,2.25
2012.09.02 23:34:08.073,1.98194,1.98256,2.25,2.25
2012.09.02 23:34:09.237,1.98194,1.98256,2.25,1.50
2012.09.02 23:34:09.302,1.98207,1.98259,1.50,1.50
2012.09.02 23:34:09.443,1.98207,1.98268,1.50,2.25
2012.09.02 23:34:17.132,1.98207,1.98245,1.50,1.13
2012.09.02 23:34:17.204,1.98204,1.98245,1.50,1.13
2012.09.02 23:34:17.273,1.98184,1.98245,1.84,1.13
2012.09.02 23:34:17.643,1.98195,1.98248,1.50,1.88
2012.09.02 23:34:20.587,1.98195,1.98255,1.50,2.25
2012.09.02 23:34:21.142,1.98195,1.98255,1.50,2.25
2012.09.02 23:34:25.484,1.98186,1.98245,1.13,1.50
2012.09.02 23:34:28.463,1.98195,1.98255,2.25,2.25
2012.09.02 23:34:29.064,1.98185,1.98245,3.00,1.50
2012.09.02 23:34:31.672,1.98195,1.98255,1.50,2.25
2012.09.02 23:34:32.112,1.98195,1.98255,2.25,1.50
2012.09.02 23:34:32.182,1.98206,1.98258,1.50,1.50
2012.09.02 23:34:32.904,1.98206,1.98269,1.50,2.25
2012.09.02 23:34:40.499,1.98203,1.98258,2.25,1.50
2012.09.02 23:34:41.372,1.98197,1.98258,1.50,1.50
2012.09.02 23:34:51.755,1.98193,1.98248,1.50,1.50
2012.09.02 23:34:51.883,1.98187,1.98248,1.84,1.50
2012.09.02 23:34:55.725,1.98187,1.98248,1.50,1.50
2012.09.02 23:35:03.382,1.98189,1.98248,1.13,1.50
2012.09.02 23:35:06.265,1.98197,1.98258,1.50,1.50
2012.09.02 23:35:17.352,1.98197,1.98258,1.88,1.50
2012.09.02 23:35:17.683,1.98201,1.98258,1.13,1.50
2012.09.02 23:35:17.814,1.98215,1.98277,2.25,1.50
2012.09.02 23:35:17.961,1.98215,1.98277,2.25,1.50
2012.09.02 23:35:18.315,1.98205,1.98267,2.48,1.50
2012.09.02 23:35:18.603,1.98217,1.9828,2.25,2.25
2012.09.02 23:35:20.494,1.98217,1.9828,1.50,2.25
2012.09.02 23:35:22.801,1.98217,1.9828,2.25,2.25
2012.09.02 23:35:23.571,1.98217,1.9828,1.50,2.25
2012.09.02 23:35:23.823,1.98208,1.98269,1.50,1.50
2012.09.02 23:35:28.808,1.98208,1.98269,2.25,1.50
2012.09.02 23:35:29.234,1.98217,1.9828,2.25,1.50
2012.09.02 23:35:29.364,1.98217,1.9828,1.50,1.50
2012.09.02 23:35:30.124,1.98228,1.98282,1.50,2.25
2012.09.02 23:35:30.718,1.98228,1.98285,1.50,1.50
2012.09.02 23:35:32.536,1.98228,1.98281,1.50,1.50
2012.09.02 23:35:32.605,1.98217,1.98277,1.50,1.50
2012.09.02 23:35:44.853,1.98228,1.98277,1.50,1.50
2012.09.02 23:35:45.295,1.98232,1.98292,1.50,2.25
2012.09.02 23:35:46.304,1.98221,1.98283,1.50,2.25
2012.09.02 23:35:51.853,1.98221,1.98283,2.25,2.25
2012.09.02 23:35:52.043,1.98231,1.98293,2.25,1.50
2012.09.02 23:35:52.113,1.98231,1.98293,1.50,1.50
2012.09.02 23:35:52.363,1.98231,1.98293,2.25,1.50
2012.09.02 23:35:52.715,1.98231,1.98293,1.50,1.50
2012.09.02 23:35:53.331,1.98241,1.98296,1.50,1.50
2012.09.02 23:35:53.404,1.98241,1.98303,1.50,2.25
2012.09.02 23:35:53.894,1.98241,1.98301,1.50,1.50
2012.09.02 23:35:54.024,1.98231,1.98293,1.50,1.50
2012.09.02 23:35:54.095,1.98221,1.98283,2.25,1.50
2012.09.02 23:35:54.414,1.98219,1.98268,1.09,1.50
2012.09.02 23:35:54.684,1.98216,1.98268,1.09,1.50
2012.09.02 23:35:56.384,1.98218,1.9827,1.84,1.50
2012.09.02 23:35:56.455,1.98218,1.98278,1.84,1.50
2012.09.02 23:35:56.655,1.98219,1.98278,1.09,1.50
2012.09.02 23:35:56.784,1.98231,1.98292,1.50,1.13
2012.09.02 23:35:57.562,1.98231,1.98293,1.50,2.25
2012.09.02 23:35:57.634,1.98238,1.98293,1.50,2.25
2012.09.02 23:35:57.954,1.98241,1.98303,1.50,2.25
2012.09.02 23:35:58.313,1.98241,1.98303,1.50,1.50
2012.09.02 23:35:58.623,1.98247,1.98303,1.50,1.50
2012.09.02 23:35:58.933,1.98251,1.98312,1.50,2.25
2012.09.02 23:35:59.505,1.98242,1.98302,2.25,1.50
2012.09.02 23:35:59.911,1.98242,1.98295,2.25,1.50
2012.09.02 23:36:01.423,1.9824,1.98292,1.50,1.50
2012.09.02 23:36:03.132,1.98242,1.98295,2.25,1.50
2012.09.02 23:36:03.203,1.98242,1.98304,2.25,1.50
2012.09.02 23:36:10.813,1.9824,1.98288,3.00,1.50
2012.09.02 23:36:12.878,1.9824,1.98291,1.50,1.50
2012.09.02 23:36:12.943,1.9824,1.98298,1.50,1.50
2012.09.02 23:36:21.356,1.98239,1.98298,1.13,1.50
2012.09.02 23:36:21.423,1.98242,1.98298,1.13,1.50
2012.09.02 23:36:21.553,1.98247,1.98307,1.50,2.25
2012.09.02 23:36:26.652,1.98247,1.98307,2.25,2.25
2012.09.02 23:36:27.023,1.98256,1.98317,1.50,1.50
2012.09.02 23:36:27.273,1.98253,1.98308,1.88,1.50
2012.09.02 23:36:43.262,1.98246,1.98308,1.50,1.50
2012.09.02 23:36:47.277,1.98246,1.98303,1.50,1.50
2012.09.02 23:36:57.974,1.98246,1.98303,1.50,1.50
2012.09.02 23:37:02.505,1.98241,1.98303,2.25,1.50
2012.09.02 23:37:02.980,1.98241,1.98303,1.50,1.50
2012.09.02 23:37:03.723,1.98232,1.98292,1.84,1.50
2012.09.02 23:37:07.234,1.98232,1.98292,1.84,1.50
2012.09.02 23:37:09.764,1.98232,1.98292,1.50,1.50
2012.09.02 23:37:09.983,1.98222,1.98282,1.88,1.50
2012.09.02 23:37:10.053,1.98222,1.98282,1.50,1.50
2012.09.02 23:37:22.409,1.98222,1.98282,1.73,1.50
2012.09.02 23:37:22.474,1.98226,1.98282,1.13,1.50
2012.09.02 23:37:22.604,1.98232,1.98292,2.25,1.50
2012.09.02 23:37:25.550,1.98235,1.98292,1.50,1.50
2012.09.02 23:37:25.883,1.98243,1.98305,2.25,2.25
2012.09.02 23:37:30.992,1.98243,1.98305,2.25,1.50
2012.09.02 23:37:39.423,1.98243,1.98305,1.50,2.25
2012.09.02 23:37:45.684,1.98243,1.98302,1.50,1.50
2012.09.02 23:37:45.753,1.98238,1.98298,1.50,1.50
2012.09.02 23:37:57.552,1.98238,1.98298,1.88,1.50
2012.09.02 23:37:58.034,1.9824,1.98298,1.13,1.50
2012.09.02 23:38:02.824,1.98238,1.98298,1.88,1.50
2012.09.02 23:38:03.334,1.9824,1.98298,1.13,1.50
2012.09.02 23:38:05.803,1.98242,1.98302,2.25,3.00
2012.09.02 23:38:05.874,1.98242,1.98302,1.50,1.50
2012.09.02 23:38:05.943,1.98239,1.9829,1.50,1.50
2012.09.02 23:38:06.014,1.98236,1.9829,1.31,1.50
2012.09.02 23:38:06.084,1.98226,1.98271,1.50,1.50
2012.09.02 23:38:06.155,1.98215,1.98264,1.31,1.50
2012.09.02 23:38:06.668,1.98205,1.98264,1.09,1.50
2012.09.02 23:38:06.853,1.98226,1.98264,1.13,1.50
2012.09.02 23:38:06.924,1.98226,1.98268,1.13,1.50
2012.09.02 23:38:06.995,1.98226,1.98275,1.13,2.25
2012.09.02 23:38:07.123,1.98216,1.98275,1.73,2.25
2012.09.02 23:38:14.954,1.98211,1.98275,1.50,2.25
2012.09.02 23:38:15.144,1.98203,1.98257,1.13,1.50
2012.09.02 23:38:15.573,1.98198,1.98257,1.09,1.50
2012.09.02 23:38:16.206,1.98198,1.98248,1.09,1.50
2012.09.02 23:38:16.515,1.9819,1.98239,1.09,1.50
2012.09.02 23:38:16.824,1.98176,1.98239,2.59,1.50
2012.09.02 23:38:16.893,1.98179,1.98239,1.09,1.50
2012.09.02 23:38:19.404,1.9818,1.98239,1.09,1.50
2012.09.02 23:38:19.608,1.9818,1.98239,1.09,1.50
2012.09.02 23:38:20.875,1.98195,1.98239,1.13,1.50
2012.09.02 23:38:20.945,1.98195,1.98247,1.13,1.50
2012.09.02 23:38:21.264,1.98185,1.98239,1.50,1.50
2012.09.02 23:38:22.799,1.98195,1.98239,1.13,1.50
2012.09.02 23:38:22.888,1.98195,1.98242,1.13,1.50
2012.09.02 23:38:22.955,1.98195,1.98247,1.13,1.50
2012.09.02 23:38:23.023,1.98195,1.98247,1.13,1.50
2012.09.02 23:38:24.406,1.98187,1.98247,2.25,1.50
2012.09.02 23:38:24.475,1.98187,1.98242,2.25,1.50
2012.09.02 23:38:24.605,1.98179,1.98239,1.09,1.50
2012.09.02 23:38:24.914,1.98176,1.98239,1.84,1.50
2012.09.02 23:38:24.984,1.98173,1.98224,1.84,1.50
2012.09.02 23:38:25.054,1.98161,1.98224,2.59,1.50
2012.09.02 23:38:25.124,1.98161,1.98224,2.59,1.50
2012.09.02 23:38:26.319,1.98161,1.98224,2.81,1.50
2012.09.02 23:38:26.384,1.98184,1.98227,1.13,1.50
2012.09.02 23:38:26.454,1.98184,1.98235,1.13,1.50
2012.09.02 23:38:26.524,1.98184,1.98239,2.63,2.25
2012.09.02 23:38:27.827,1.98184,1.98246,2.63,2.25
2012.09.02 23:38:29.892,1.98195,1.98246,1.13,2.25
2012.09.02 23:38:29.967,1.98195,1.98246,1.13,1.50
2012.09.02 23:38:46.489,1.98195,1.98248,1.13,3.00
2012.09.02 23:38:48.868,1.98186,1.98248,2.63,1.50
2012.09.02 23:38:48.933,1.98186,1.98242,2.63,1.50
2012.09.02 23:38:49.005,1.98186,1.98242,1.88,1.50
2012.09.02 23:38:49.074,1.98185,1.98239,1.13,1.50
2012.09.02 23:39:09.913,1.98186,1.98239,1.09,1.50
2012.09.02 23:39:10.893,1.98186,1.98249,2.59,1.50
2012.09.02 23:39:14.877,1.98186,1.98249,1.84,2.25
2012.09.02 23:39:15.064,1.98176,1.98236,1.50,1.50
2012.09.02 23:39:15.133,1.98176,1.98236,2.25,1.50
2012.09.02 23:39:15.205,1.98185,1.98247,2.25,1.88
2012.09.02 23:39:30.543,1.98186,1.98247,1.46,1.50
2012.09.02 23:39:35.306,1.98188,1.98249,1.84,3.00
2012.09.02 23:39:45.003,1.98188,1.98249,1.50,1.50
2012.09.02 23:39:55.241,1.98188,1.98248,1.84,1.50
2012.09.02 23:39:55.321,1.98183,1.98244,1.84,1.50
2012.09.02 23:39:55.853,1.98183,1.98244,1.50,1.50
2012.09.02 23:40:15.289,1.98196,1.98248,1.50,1.50
2012.09.02 23:40:15.366,1.98196,1.98256,1.50,3.00
2012.09.02 23:40:15.903,1.98196,1.98256,2.25,1.50
2012.09.02 23:40:29.296,1.98196,1.98256,2.25,1.50
2012.09.02 23:40:29.423,1.98214,1.9826,1.13,1.50
2012.09.02 23:40:29.555,1.98221,1.98265,1.50,2.25
2012.09.02 23:40:29.684,1.98221,1.98281,1.50,1.50
2012.09.02 23:40:29.874,1.98217,1.9827,1.50,1.50
2012.09.02 23:40:29.944,1.98207,1.9827,2.59,1.50
2012.09.02 23:40:30.133,1.98207,1.9827,1.84,1.50
2012.09.02 23:40:31.445,1.98218,1.98278,1.50,1.50
2012.09.02 23:40:33.224,1.98218,1.98278,2.25,1.50
2012.09.02 23:40:33.367,1.98218,1.98278,1.50,1.50
2012.09.02 23:40:33.614,1.98218,1.98278,2.25,1.50
2012.09.02 23:40:33.806,1.98218,1.98278,1.50,1.50
2012.09.02 23:40:34.173,1.98218,1.98278,2.25,1.50
2012.09.02 23:40:34.363,1.98218,1.98278,1.50,1.50
2012.09.02 23:40:34.577,1.98218,1.98278,2.25,1.50
2012.09.02 23:40:35.353,1.98218,1.98278,2.25,1.50
2012.09.02 23:40:35.424,1.98228,1.98288,2.25,2.25
2012.09.02 23:40:36.118,1.98228,1.98288,1.50,2.25
2012.09.02 23:40:36.786,1.98228,1.98288,2.25,2.25
2012.09.02 23:40:37.113,1.98228,1.98288,1.50,2.25
2012.09.02 23:40:39.074,1.98228,1.98285,1.50,1.50
2012.09.02 23:40:39.877,1.98228,1.98284,1.50,1.13
2012.09.02 23:40:42.961,1.98228,1.98279,1.50,1.50
2012.09.02 23:40:43.024,1.98215,1.98277,1.50,1.50
2012.09.02 23:41:02.885,1.98215,1.98275,1.50,1.50
2012.09.02 23:41:03.839,1.98211,1.98271,1.50,1.50
2012.09.02 23:41:12.653,1.98211,1.98271,2.63,1.50
2012.09.02 23:41:12.724,1.9822,1.98282,1.50,2.25
2012.09.02 23:41:15.863,1.9822,1.98282,1.50,1.50
2012.09.02 23:41:16.313,1.98232,1.98291,1.50,1.13
2012.09.02 23:41:16.503,1.98232,1.98294,1.50,1.88
2012.09.02 23:41:17.114,1.98232,1.98291,2.25,1.13
2012.09.02 23:41:17.183,1.98232,1.98294,2.25,1.88
2012.09.02 23:41:17.254,1.98232,1.98294,2.25,1.50
2012.09.02 23:41:17.383,1.98232,1.98294,1.50,1.50
2012.09.02 23:41:17.784,1.98232,1.98286,1.50,1.50
2012.09.02 23:41:17.854,1.98225,1.98284,1.09,1.50
2012.09.02 23:41:19.235,1.98234,1.98286,1.50,1.50
2012.09.02 23:41:19.334,1.98234,1.98297,1.50,1.50
2012.09.02 23:41:19.846,1.98234,1.98297,2.25,1.50
2012.09.02 23:41:21.004,1.98247,1.98309,1.50,2.25
2012.09.02 23:41:25.524,1.98247,1.98309,1.50,1.50
2012.09.02 23:41:34.384,1.98247,1.98309,1.50,2.25
2012.09.02 23:41:34.575,1.98235,1.98296,1.84,1.50
2012.09.02 23:41:35.764,1.98235,1.98296,1.84,1.50
2012.09.02 23:41:37.088,1.98235,1.98296,1.50,1.50
2012.09.02 23:41:47.346,1.98235,1.98296,2.25,1.50
2012.09.02 23:41:47.754,1.98241,1.98296,1.50,1.50
2012.09.02 23:41:47.835,1.98245,1.98306,1.50,2.25
2012.09.02 23:41:55.912,1.98245,1.98306,1.50,2.25
2012.09.02 23:42:07.864,1.98247,1.98309,1.50,2.25
2012.09.02 23:42:14.653,1.98247,1.98306,1.50,1.50
2012.09.02 23:42:18.383,1.98247,1.98309,1.50,1.50
2012.09.02 23:42:18.594,1.98247,1.98309,1.50,2.25
2012.09.02 23:42:22.623,1.98247,1.98309,1.88,2.25
2012.09.02 23:42:22.934,1.98271,1.98331,1.50,1.13
2012.09.02 23:42:23.065,1.98271,1.98332,1.50,1.88
2012.09.02 23:42:23.679,1.98271,1.98332,1.50,1.50
2012.09.02 23:42:26.085,1.98277,1.98332,1.50,1.50
2012.09.02 23:42:26.394,1.98294,1.98345,1.50,1.50
2012.09.02 23:42:26.524,1.98284,1.98344,1.50,1.50
2012.09.02 23:42:26.725,1.98284,1.98344,2.25,1.50
2012.09.02 23:42:26.915,1.98294,1.98354,1.50,1.50
2012.09.02 23:42:27.474,1.98281,1.98342,1.50,1.50
2012.09.02 23:42:28.845,1.98281,1.98342,2.25,1.50
2012.09.02 23:42:28.915,1.98295,1.98357,2.25,1.50
2012.09.02 23:42:29.104,1.98295,1.98357,2.59,1.50
2012.09.02 23:42:29.413,1.98295,1.98357,1.84,2.25
2012.09.02 23:42:29.544,1.98285,1.98348,2.25,1.50
2012.09.02 23:42:31.366,1.98285,1.98348,2.25,1.88
2012.09.02 23:42:31.674,1.98274,1.98334,1.84,2.25
2012.09.02 23:42:32.113,1.98274,1.98334,1.50,1.50
2012.09.02 23:42:35.944,1.98274,1.98334,2.25,1.50
2012.09.02 23:42:36.074,1.98285,1.98348,2.25,2.25
2012.09.02 23:42:40.393,1.98285,1.98348,1.50,2.25
2012.09.02 23:42:43.804,1.98285,1.98348,2.25,2.25
2012.09.02 23:42:44.134,1.98285,1.98348,1.88,2.25
2012.09.02 23:42:45.093,1.98285,1.98348,1.88,1.50
2012.09.02 23:42:52.666,1.98286,1.98348,1.13,1.50
2012.09.02 23:42:53.376,1.98295,1.98357,2.25,1.50
2012.09.02 23:42:53.604,1.98295,1.98357,2.25,1.50
2012.09.02 23:42:53.745,1.98307,1.98369,1.50,1.13
2012.09.02 23:42:53.814,1.98307,1.9837,1.50,1.88
2012.09.02 23:42:54.264,1.98307,1.9836,1.50,1.50
2012.09.02 23:42:54.333,1.98296,1.98356,2.25,1.50
2012.09.02 23:42:54.600,1.98296,1.98356,2.25,1.50
2012.09.02 23:42:54.798,1.98307,1.9836,1.50,1.50
2012.09.02 23:42:54.864,1.98307,1.9837,1.50,1.88
2012.09.02 23:42:56.264,1.98295,1.98357,2.59,1.50
2012.09.02 23:42:56.575,1.98296,1.98357,1.13,1.50
2012.09.02 23:42:56.824,1.98307,1.9837,1.50,1.50
2012.09.02 23:43:05.943,1.98307,1.9837,1.50,2.25
2012.09.02 23:43:15.954,1.98307,1.9837,1.50,1.88
2012.09.02 23:43:16.655,1.98307,1.98367,1.50,1.50
2012.09.02 23:43:16.724,1.98303,1.98365,1.50,1.50
2012.09.02 23:43:16.965,1.98303,1.98365,2.25,1.50
2012.09.02 23:43:19.664,1.98303,1.98365,1.50,1.50
2012.09.02 23:43:21.117,1.98303,1.98365,1.50,2.25
2012.09.02 23:43:21.246,1.98303,1.98364,1.50,1.13
2012.09.02 23:43:21.333,1.98303,1.98365,1.50,1.88
2012.09.02 23:43:24.165,1.98301,1.98355,1.50,1.50
2012.09.02 23:43:24.234,1.98293,1.98355,1.50,1.50
2012.09.02 23:43:26.164,1.98293,1.98355,2.25,1.50
2012.09.02 23:43:26.355,1.98303,1.98364,1.50,1.50
2012.09.02 23:43:30.993,1.98303,1.98364,2.25,1.50
2012.09.02 23:43:31.324,1.98303,1.98364,1.50,1.50
2012.09.02 23:43:33.304,1.98303,1.98364,2.25,1.50
2012.09.02 23:43:35.292,1.98303,1.98364,1.50,2.25
2012.09.02 23:43:35.425,1.98303,1.98364,2.25,1.50
2012.09.02 23:43:35.686,1.98303,1.98364,1.50,2.63
2012.09.02 23:43:35.874,1.98303,1.98364,2.25,1.88
2012.09.02 23:43:36.064,1.98303,1.98364,1.50,1.88
2012.09.02 23:43:36.444,1.98303,1.98364,2.25,1.88
2012.09.02 23:43:36.635,1.98303,1.98364,1.50,2.25
2012.09.02 23:43:36.884,1.98303,1.98364,2.25,1.50
2012.09.02 23:43:37.074,1.98303,1.98364,1.50,2.25
2012.09.02 23:43:37.434,1.98303,1.98364,2.25,1.50
2012.09.02 23:43:37.624,1.98303,1.98364,1.50,2.25
2012.09.02 23:43:37.935,1.98303,1.98364,2.25,1.88
2012.09.02 23:43:38.194,1.98303,1.98364,1.50,2.63
2012.09.02 23:43:38.472,1.98303,1.98364,2.25,1.88
2012.09.02 23:43:38.604,1.98303,1.98364,1.50,1.88
2012.09.02 23:43:38.854,1.98303,1.98364,2.25,1.88
2012.09.02 23:43:38.986,1.98303,1.98364,1.50,1.88
2012.09.02 23:43:40.820,1.98303,1.98364,1.50,2.25
2012.09.02 23:43:41.005,1.98313,1.98374,1.50,1.50
2012.09.02 23:43:44.114,1.98313,1.98374,1.50,2.25
2012.09.02 23:43:45.814,1.98313,1.98373,1.50,1.50
2012.09.02 23:43:46.124,1.98289,1.98349,1.84,1.50
2012.09.02 23:43:46.255,1.983,1.98352,1.50,1.88
2012.09.02 23:43:46.584,1.983,1.98362,1.50,1.50
2012.09.02 23:43:57.425,1.983,1.98362,2.25,1.50
2012.09.02 23:43:57.746,1.98312,1.98375,1.50,2.25
2012.09.02 23:44:05.365,1.9831,1.98364,1.50,1.50
2012.09.02 23:44:05.463,1.98303,1.98364,2.25,1.50
2012.09.02 23:44:05.534,1.98303,1.98364,1.50,1.50
2012.09.02 23:44:11.839,1.98299,1.98351,1.50,1.50
2012.09.02 23:44:11.904,1.98291,1.98351,1.50,1.50
2012.09.02 23:44:15.704,1.98303,1.98354,1.50,1.50
2012.09.02 23:44:15.776,1.98303,1.98364,1.50,1.50
2012.09.02 23:44:35.693,1.98308,1.98367,1.50,1.50
2012.09.02 23:44:35.765,1.98308,1.98369,1.50,2.25
2012.09.02 23:44:48.766,1.98314,1.98369,1.50,1.50
2012.09.02 23:44:48.834,1.98318,1.98376,1.50,1.50
2012.09.02 23:44:49.335,1.98318,1.98379,1.50,2.25
2012.09.02 23:44:55.359,1.98318,1.98379,1.50,1.50
2012.09.02 23:44:59.654,1.98318,1.98373,1.50,1.50
2012.09.02 23:44:59.724,1.98308,1.98369,1.84,1.50
2012.09.02 23:45:00.194,1.98308,1.98361,1.84,1.50
2012.09.02 23:45:00.700,1.98296,1.98357,2.21,1.50
2012.09.02 23:45:01.925,1.98306,1.98367,1.09,1.50
2012.09.02 23:45:05.907,1.98305,1.98367,2.25,1.50
2012.09.02 23:45:21.984,1.98304,1.98364,1.84,1.50
2012.09.02 23:45:26.013,1.98304,1.98364,1.50,1.50
2012.09.02 23:45:26.842,1.98304,1.98364,2.25,1.50
2012.09.02 23:45:28.425,1.98304,1.98364,1.50,1.50
2012.09.02 23:45:41.976,1.98304,1.9836,1.50,1.50
2012.09.02 23:45:42.044,1.98296,1.98356,2.25,1.50
2012.09.02 23:45:47.454,1.98296,1.9835,1.50,1.50
2012.09.02 23:45:47.525,1.98286,1.98347,1.84,1.50
2012.09.02 23:45:48.072,1.98288,1.98347,1.09,1.50
2012.09.02 23:45:48.245,1.98296,1.98356,2.25,1.50
2012.09.02 23:46:00.933,1.98306,1.9836,1.50,1.88
2012.09.02 23:46:07.395,1.98317,1.98371,1.50,1.50
2012.09.02 23:46:07.466,1.98317,1.98375,1.50,1.50
2012.09.02 23:46:07.536,1.98317,1.9838,1.50,2.25
2012.09.02 23:46:07.606,1.98317,1.9838,1.50,1.50
2012.09.02 23:46:15.503,1.98327,1.98382,1.50,1.50
2012.09.02 23:46:15.579,1.98327,1.9839,1.50,2.25
2012.09.02 23:46:16.360,1.98327,1.9839,1.50,1.50
2012.09.02 23:46:17.998,1.98334,1.9839,1.50,1.50
2012.09.02 23:46:18.065,1.98338,1.98399,1.50,1.50
2012.09.02 23:46:21.048,1.98344,1.98399,1.50,1.50
2012.09.02 23:46:21.115,1.98347,1.98404,1.50,1.50
2012.09.02 23:46:35.949,1.98358,1.98404,1.50,1.50
2012.09.02 23:46:36.255,1.98358,1.98421,1.50,1.50
2012.09.02 23:46:36.736,1.98371,1.98426,1.50,1.13
2012.09.02 23:46:42.944,1.98371,1.98432,1.50,1.13
2012.09.02 23:46:43.124,1.98379,1.98426,1.50,1.50
2012.09.02 23:46:43.315,1.98381,1.9844,1.50,1.50
2012.09.02 23:46:43.393,1.98381,1.98432,1.50,1.13
2012.09.02 23:46:43.524,1.98372,1.98426,1.50,1.50
2012.09.02 23:46:43.714,1.98372,1.98432,1.50,2.63
2012.09.02 23:46:43.784,1.98372,1.98432,1.50,1.88
2012.09.02 23:46:44.051,1.98372,1.98432,2.25,1.88
2012.09.02 23:46:44.235,1.98384,1.98445,1.50,2.25
2012.09.02 23:46:44.304,1.98384,1.98441,1.50,1.50
2012.09.02 23:46:46.386,1.98384,1.98444,1.50,1.50
2012.09.02 23:46:46.794,1.98374,1.98435,1.50,2.25
2012.09.02 23:46:52.105,1.98374,1.98435,2.25,2.25
2012.09.02 23:46:52.415,1.98399,1.98453,1.50,1.13
2012.09.02 23:46:52.525,1.98408,1.9846,1.50,1.50
2012.09.02 23:46:52.594,1.98408,1.98453,1.50,1.13
2012.09.02 23:46:52.944,1.98394,1.98453,1.50,1.13
2012.09.02 23:46:53.015,1.98394,1.98454,1.50,2.63
2012.09.02 23:46:53.234,1.98394,1.98453,2.25,1.13
2012.09.02 23:46:53.646,1.98403,1.98453,1.50,1.13
2012.09.02 23:46:54.179,1.98403,1.98464,1.50,1.50
2012.09.02 23:46:54.857,1.98403,1.98465,1.50,2.25
2012.09.02 23:46:57.100,1.98403,1.98464,1.50,1.50
2012.09.02 23:46:57.406,1.98392,1.98452,1.84,2.25
2012.09.02 23:46:57.536,1.98381,1.98443,1.50,1.50
2012.09.02 23:47:00.099,1.98392,1.98446,1.50,1.50
2012.09.02 23:47:00.164,1.98392,1.98453,1.50,1.13
2012.09.02 23:47:02.559,1.98392,1.98448,1.50,1.50
2012.09.02 23:47:02.745,1.98389,1.98444,1.50,3.00
2012.09.02 23:47:02.874,1.98382,1.98444,1.50,3.00
2012.09.02 23:47:03.004,1.98393,1.98447,1.50,2.25
2012.09.02 23:47:05.433,1.98393,1.98451,1.88,1.50
2012.09.02 23:47:05.624,1.98393,1.98453,1.88,1.50
2012.09.02 23:47:05.875,1.98403,1.98463,1.50,1.50
2012.09.02 23:47:08.806,1.98399,1.98453,1.50,1.50
2012.09.02 23:47:08.896,1.98393,1.98453,1.50,1.50
2012.09.02 23:47:10.776,1.98402,1.98456,1.50,1.50
2012.09.02 23:47:10.844,1.98402,1.98464,1.50,1.50
2012.09.02 23:47:11.360,1.98402,1.98464,1.50,2.25
2012.09.02 23:47:11.484,1.98399,1.98453,1.50,1.88
2012.09.02 23:47:11.555,1.98393,1.98453,1.50,1.88
2012.09.02 23:47:14.595,1.98401,1.98453,1.50,1.50
2012.09.02 23:47:14.664,1.98405,1.98464,1.50,1.50
2012.09.02 23:47:16.225,1.98415,1.98466,1.50,2.25
2012.09.02 23:47:16.294,1.98417,1.98475,1.50,1.50
2012.09.02 23:47:16.853,1.98417,1.98465,1.50,1.50
2012.09.02 23:47:16.914,1.98415,1.98465,1.50,1.50
2012.09.02 23:47:16.984,1.98407,1.98465,1.50,1.50
2012.09.02 23:47:19.506,1.98404,1.98459,1.50,1.50
2012.09.02 23:47:19.574,1.98397,1.98459,1.50,1.50
2012.09.02 23:47:21.486,1.98408,1.98462,1.50,1.50
2012.09.02 23:47:21.554,1.98408,1.98465,1.50,1.50
2012.09.02 23:47:21.745,1.98418,1.98474,1.50,1.50
2012.09.02 23:47:22.636,1.98418,1.98465,1.50,1.50
2012.09.02 23:47:22.913,1.98414,1.98465,1.50,1.50
2012.09.02 23:47:22.974,1.98405,1.98465,1.50,1.50
2012.09.02 23:47:24.115,1.98417,1.98465,1.50,1.50
2012.09.02 23:47:24.544,1.98417,1.98479,1.50,1.88
2012.09.02 23:47:24.885,1.98426,1.98479,1.50,1.88
2012.09.02 23:47:24.958,1.98429,1.98485,1.50,1.50
2012.09.02 23:47:26.301,1.98429,1.98482,1.50,1.50
2012.09.02 23:47:26.364,1.98418,1.98478,1.50,1.50
2012.09.02 23:47:29.135,1.98418,1.98478,1.50,1.88
2012.09.02 23:47:29.206,1.98418,1.98477,1.50,1.13
2012.09.02 23:47:37.590,1.98418,1.98478,1.50,1.88
2012.09.02 23:47:38.086,1.98418,1.98478,2.25,1.50
2012.09.02 23:47:38.515,1.9843,1.9849,1.50,2.63
2012.09.02 23:47:38.955,1.98441,1.9849,1.50,1.13
2012.09.02 23:47:39.024,1.98441,1.98501,1.50,1.50
2012.09.02 23:47:39.131,1.98441,1.9849,1.50,1.13
2012.09.02 23:47:39.604,1.9842,1.98481,1.50,2.25
2012.09.02 23:47:43.423,1.9842,1.98481,1.84,2.25
2012.09.02 23:47:48.819,1.9842,1.98481,1.84,1.50
2012.09.02 23:47:51.196,1.98427,1.98481,1.50,1.50
2012.09.02 23:47:51.264,1.9843,1.9849,1.50,1.88
2012.09.02 23:47:52.543,1.98436,1.9849,1.50,1.50
2012.09.02 23:47:52.817,1.9844,1.985,1.50,2.25
2012.09.02 23:47:53.624,1.98449,1.985,1.50,1.50
2012.09.02 23:47:53.814,1.98452,1.98513,1.50,2.25
2012.09.02 23:47:54.124,1.98452,1.98513,1.50,1.50
2012.09.02 23:47:54.193,1.98452,1.98503,1.50,1.50
2012.09.02 23:47:54.264,1.9844,1.985,1.50,1.50
2012.09.02 23:47:58.814,1.98448,1.985,1.50,1.50
2012.09.02 23:47:58.884,1.98451,1.98514,1.50,3.00
2012.09.02 23:47:59.415,1.98451,1.98514,1.50,2.25
2012.09.02 23:48:05.952,1.98451,1.98514,1.50,2.25
2012.09.02 23:48:07.565,1.98441,1.98504,1.50,1.50
2012.09.02 23:48:15.768,1.98449,1.98504,1.50,1.50
2012.09.02 23:48:15.838,1.98452,1.98513,1.50,2.25
2012.09.02 23:48:28.295,1.98449,1.98503,1.50,1.50
2012.09.02 23:48:28.363,1.98442,1.98503,1.50,1.50
2012.09.02 23:48:29.496,1.98438,1.98493,1.84,1.50
2012.09.02 23:48:30.004,1.98432,1.98493,1.50,1.50
2012.09.02 23:48:49.984,1.9843,1.9849,1.50,1.50
2012.09.02 23:48:55.320,1.9843,1.9849,1.50,2.25
2012.09.02 23:48:55.624,1.98419,1.98479,1.50,1.50
2012.09.02 23:48:58.839,1.98419,1.98479,1.50,2.25
2012.09.02 23:48:59.174,1.98406,1.98467,1.84,1.50
2012.09.02 23:48:59.303,1.98406,1.98467,1.50,1.50
2012.09.02 23:48:59.504,1.98416,1.98471,1.50,1.50
2012.09.02 23:49:00.169,1.98416,1.98476,1.50,1.13
2012.09.02 23:49:01.299,1.98416,1.98477,1.88,2.25
2012.09.02 23:49:01.605,1.98425,1.98488,1.50,2.25
2012.09.02 23:49:02.504,1.98415,1.98478,2.63,2.25
2012.09.02 23:49:12.112,1.98415,1.98478,2.63,2.25
2012.09.02 23:49:23.063,1.98418,1.9848,1.88,1.50
2012.09.02 23:49:24.584,1.98418,1.9848,1.50,1.50
2012.09.02 23:49:30.066,1.98418,1.9848,2.25,1.50
2012.09.02 23:49:30.133,1.98418,1.9848,1.50,1.50
2012.09.02 23:49:42.034,1.98418,1.98478,1.50,1.50
2012.09.02 23:49:49.183,1.98428,1.98482,1.50,1.50
2012.09.02 23:49:49.291,1.98428,1.98488,1.50,2.25
2012.09.02 23:49:49.627,1.98424,1.98478,1.50,1.50
2012.09.02 23:49:49.694,1.98418,1.98478,1.50,1.50
2012.09.02 23:50:08.624,1.98431,1.98492,1.50,1.50
2012.09.02 23:50:11.773,1.98427,1.98478,1.50,1.50
2012.09.02 23:50:11.964,1.98418,1.98478,1.84,1.50
2012.09.02 23:50:12.177,1.9842,1.98478,1.09,1.50
2012.09.02 23:50:12.303,1.98418,1.98478,1.84,1.50
2012.09.02 23:50:14.786,1.98418,1.98478,1.50,1.50
2012.09.02 23:50:15.746,1.98425,1.98478,1.50,1.50
2012.09.02 23:50:15.814,1.98429,1.98489,1.50,1.50
2012.09.02 23:50:21.797,1.98425,1.98479,1.50,1.50
2012.09.02 23:50:21.863,1.98419,1.98479,1.50,1.50
2012.09.02 23:50:32.938,1.98419,1.98479,2.25,1.50
2012.09.02 23:50:33.139,1.98419,1.98479,1.50,1.50
2012.09.02 23:50:33.531,1.98426,1.98479,1.50,1.50
2012.09.02 23:50:33.889,1.9843,1.98491,1.50,2.25
2012.09.02 23:50:38.305,1.98416,1.98477,1.84,1.50
2012.09.02 23:50:38.436,1.98406,1.98468,1.09,1.50
2012.09.02 23:50:38.566,1.98406,1.98468,1.09,1.50
2012.09.02 23:50:39.115,1.98406,1.98468,1.09,2.25
2012.09.02 23:50:39.305,1.98396,1.98458,2.25,1.88
2012.09.02 23:50:39.724,1.98396,1.98458,1.50,1.88
2012.09.02 23:50:42.247,1.98396,1.98458,1.50,2.63
2012.09.02 23:50:42.466,1.98396,1.98458,1.50,1.88
2012.09.02 23:50:45.104,1.98396,1.98458,1.50,2.25
2012.09.02 23:50:49.989,1.98396,1.98458,1.50,1.50
2012.09.02 23:50:50.056,1.98385,1.98446,1.09,1.50
2012.09.02 23:50:50.185,1.98396,1.98458,1.50,1.50
2012.09.02 23:50:50.438,1.98396,1.98458,1.50,2.25
2012.09.02 23:50:50.895,1.98396,1.98446,1.50,1.13
2012.09.02 23:50:50.966,1.98383,1.98446,1.50,2.63
2012.09.02 23:50:51.154,1.98383,1.98446,1.50,2.63
2012.09.02 23:50:51.224,1.98369,1.9843,1.50,1.50
2012.09.02 23:50:53.355,1.98371,1.98431,1.50,1.50
2012.09.02 23:51:00.636,1.98371,1.98431,2.25,1.50
2012.09.02 23:51:00.798,1.98371,1.98431,1.50,1.50
2012.09.02 23:51:01.324,1.98371,1.98431,2.25,1.50
2012.09.02 23:51:02.779,1.98378,1.98431,1.50,1.50
2012.09.02 23:51:02.930,1.98381,1.98443,1.50,1.50
2012.09.02 23:51:06.083,1.98381,1.98443,1.50,2.25
2012.09.02 23:51:06.385,1.98359,1.98422,1.84,2.25
2012.09.02 23:51:06.455,1.98359,1.98416,1.50,1.50
2012.09.02 23:51:06.527,1.98349,1.98412,2.25,1.50
2012.09.02 23:51:07.193,1.98349,1.98412,2.25,1.50
2012.09.02 23:51:07.746,1.98346,1.98401,2.25,1.50
2012.09.02 23:51:07.974,1.98335,1.98398,2.25,1.50
2012.09.02 23:51:08.105,1.98335,1.98398,1.50,1.50
2012.09.02 23:51:20.447,1.98335,1.98398,2.25,1.50
2012.09.02 23:51:27.874,1.98337,1.98402,1.50,2.25
2012.09.02 23:51:39.476,1.98337,1.98402,1.50,2.25
2012.09.02 23:51:47.975,1.98335,1.98397,2.25,2.25
2012.09.02 23:52:06.094,1.98332,1.98397,2.25,2.25
2012.09.02 23:52:12.985,1.98332,1.98397,2.25,2.25
2012.09.02 23:52:15.796,1.98332,1.98397,1.50,2.25
2012.09.02 23:52:15.917,1.98332,1.98397,2.25,2.25
2012.09.02 23:52:16.896,1.98332,1.98397,1.50,2.25
2012.09.02 23:52:17.556,1.98332,1.98397,2.25,2.25
2012.09.02 23:52:18.326,1.98332,1.98397,1.50,2.25
2012.09.02 23:52:20.146,1.98332,1.98397,2.25,2.25
2012.09.02 23:52:27.185,1.98332,1.98397,1.50,2.25
2012.09.02 23:52:27.355,1.98332,1.98397,2.25,2.25
2012.09.02 23:52:27.697,1.98332,1.98397,1.50,2.25
2012.09.02 23:52:30.249,1.98333,1.98397,1.50,2.25
2012.09.02 23:52:36.115,1.98333,1.98397,1.50,2.25
2012.09.02 23:52:46.107,1.98333,1.98397,1.50,2.25
2012.09.02 23:52:46.757,1.98333,1.98397,2.25,2.25
2012.09.02 23:52:47.171,1.98344,1.98406,1.50,2.25
2012.09.02 23:52:48.701,1.98344,1.98406,1.50,2.25
2012.09.02 23:52:52.074,1.98344,1.98406,1.50,2.25
2012.09.02 23:52:56.153,1.98344,1.98406,1.50,2.25
2012.09.02 23:53:02.199,1.98344,1.98406,2.25,3.00
2012.09.02 23:53:03.474,1.98344,1.98406,2.25,2.25
2012.09.02 23:53:06.154,1.98344,1.98406,2.25,2.25
2012.09.02 23:53:06.286,1.98344,1.98406,2.25,1.50
2012.09.02 23:53:06.887,1.98349,1.98409,1.50,1.50
2012.09.02 23:53:06.977,1.98349,1.98414,1.50,2.25
2012.09.02 23:53:16.184,1.98349,1.98414,1.50,2.25
2012.09.02 23:53:42.259,1.98349,1.98414,2.25,1.50
2012.09.02 23:53:42.475,1.98349,1.98414,1.50,1.50
2012.09.02 23:53:44.956,1.98349,1.98406,1.50,1.50
2012.09.02 23:53:45.026,1.9834,1.98403,1.73,1.50
2012.09.02 23:53:45.095,1.9834,1.98382,1.73,1.13
2012.09.02 23:53:45.525,1.9834,1.98403,1.50,2.48
2012.09.02 23:53:45.656,1.9834,1.98382,1.50,1.13
2012.09.02 23:53:46.095,1.98321,1.98376,1.50,1.50
2012.09.02 23:53:46.225,1.98311,1.98372,1.50,1.50
2012.09.02 23:53:49.855,1.98311,1.98372,2.25,1.50
2012.09.02 23:53:49.925,1.98325,1.98375,2.25,2.25
2012.09.02 23:53:49.996,1.98325,1.98388,2.25,2.25
2012.09.02 23:53:50.125,1.98325,1.98381,1.50,1.50
2012.09.02 23:53:50.435,1.98325,1.98388,2.25,2.25
2012.09.02 23:53:50.565,1.98325,1.98388,2.25,1.50
2012.09.02 23:53:50.638,1.98325,1.98382,1.50,1.13
2012.09.02 23:53:51.055,1.98323,1.98375,1.50,2.25
2012.09.02 23:53:51.127,1.98328,1.98377,1.50,2.25
2012.09.02 23:53:51.256,1.98338,1.98393,1.50,1.50
2012.09.02 23:53:51.326,1.98338,1.984,1.50,3.00
2012.09.02 23:53:51.397,1.98335,1.98382,1.50,2.63
2012.09.02 23:53:51.465,1.98321,1.98375,1.50,1.50
2012.09.02 23:53:51.666,1.98321,1.98382,2.25,2.63
2012.09.02 23:53:51.976,1.9832,1.98376,1.84,1.50
2012.09.02 23:53:52.265,1.9832,1.98374,1.84,1.50
2012.09.02 23:53:56.125,1.9832,1.98383,2.25,2.25
2012.09.02 23:53:56.195,1.9832,1.98383,2.25,1.50
2012.09.02 23:53:56.385,1.9832,1.98383,1.84,1.50
2012.09.02 23:53:56.584,1.9832,1.98383,2.59,1.50
2012.09.02 23:53:56.937,1.98334,1.98394,1.50,1.88
2012.09.02 23:54:02.094,1.98334,1.98394,1.50,2.25
2012.09.02 23:54:03.575,1.98334,1.98394,1.50,2.25
2012.09.02 23:54:03.705,1.98323,1.98385,2.25,2.25
2012.09.02 23:54:04.134,1.98323,1.98385,1.50,2.25
2012.09.02 23:54:09.555,1.98323,1.98377,1.50,1.13
2012.09.02 23:54:09.745,1.98313,1.98374,1.50,1.50
2012.09.02 23:54:13.838,1.98311,1.98365,1.50,1.88
2012.09.02 23:54:13.906,1.98303,1.98365,1.50,3.00
2012.09.02 23:54:14.735,1.983,1.98354,1.84,1.88
2012.09.02 23:54:15.106,1.98294,1.98354,1.50,1.88
2012.09.02 23:54:29.400,1.98294,1.98354,1.50,1.88
2012.09.02 23:54:34.715,1.98299,1.98357,1.50,2.25
2012.09.02 23:54:46.887,1.98299,1.98359,1.50,1.88
2012.09.02 23:54:47.655,1.98299,1.98359,1.50,1.50
2012.09.02 23:54:47.730,1.98308,1.98363,1.50,1.50
2012.09.02 23:54:47.806,1.98308,1.98366,1.50,1.13
2012.09.02 23:54:48.135,1.98308,1.98364,1.50,1.50
2012.09.02 23:54:52.552,1.98308,1.98364,1.50,1.50
2012.09.02 23:54:52.985,1.98305,1.98354,1.50,1.50
2012.09.02 23:54:53.056,1.98297,1.98354,1.84,1.50
2012.09.02 23:54:55.524,1.98306,1.98361,1.50,1.50
2012.09.02 23:55:00.675,1.98296,1.98358,1.84,2.25
2012.09.02 23:55:00.745,1.98296,1.98358,1.84,1.88
2012.09.02 23:55:00.875,1.98296,1.98358,1.84,2.63
2012.09.02 23:55:01.571,1.98296,1.98354,1.50,1.88
2012.09.02 23:55:02.675,1.98296,1.98358,1.50,2.25
2012.09.02 23:55:11.256,1.98296,1.98358,1.50,1.50
2012.09.02 23:55:20.315,1.98296,1.98358,1.50,2.25
2012.09.02 23:55:20.697,1.98296,1.98352,1.50,1.50
2012.09.02 23:55:20.765,1.98289,1.98349,1.84,1.50
2012.09.02 23:55:22.089,1.98289,1.98349,1.50,1.50
2012.09.02 23:55:23.255,1.98295,1.98349,1.50,1.50
2012.09.02 23:55:23.595,1.98299,1.98355,1.50,1.13
2012.09.02 23:55:39.510,1.98299,1.98357,1.50,1.13
2012.09.02 23:55:51.644,1.98299,1.98359,1.50,1.50
2012.09.02 23:55:52.215,1.98308,1.98363,2.25,2.25
2012.09.02 23:55:56.235,1.98308,1.9837,2.25,1.50
2012.09.02 23:56:12.042,1.98308,1.9837,1.50,1.50
2012.09.02 23:56:12.316,1.98305,1.98365,1.84,1.50
2012.09.02 23:56:12.976,1.98303,1.98365,1.84,2.63
2012.09.02 23:56:15.680,1.98303,1.98365,1.84,2.63
2012.09.02 23:56:16.214,1.98303,1.98365,1.50,2.63
2012.09.02 23:56:18.594,1.98303,1.98365,1.50,2.25
2012.09.02 23:56:18.730,1.98303,1.98365,2.25,1.50
2012.09.02 23:56:19.107,1.98303,1.98365,2.25,1.50
2012.09.02 23:56:19.726,1.98314,1.98374,2.25,2.25
2012.09.02 23:56:26.274,1.98314,1.98374,2.25,1.50
2012.09.02 23:56:35.645,1.98314,1.98374,1.50,1.50
2012.09.02 23:56:35.965,1.98314,1.98366,1.50,1.50
2012.09.02 23:56:36.035,1.98301,1.98363,2.59,1.50
2012.09.02 23:56:37.559,1.98305,1.98363,1.13,1.50
2012.09.02 23:56:37.747,1.98311,1.98372,1.50,1.50
2012.09.02 23:56:38.266,1.98311,1.98372,2.25,1.50
2012.09.02 23:56:39.619,1.98321,1.98375,1.50,2.25
2012.09.02 23:56:40.935,1.98309,1.98369,1.50,1.50
2012.09.02 23:56:41.127,1.98309,1.9836,1.50,1.50
2012.09.02 23:56:41.196,1.98296,1.98358,2.06,1.50
2012.09.02 23:56:41.386,1.98296,1.98358,1.84,1.50
2012.09.02 23:56:41.456,1.98298,1.98358,1.09,1.50
2012.09.02 23:56:41.526,1.98309,1.98369,2.25,1.50
2012.09.02 23:56:41.656,1.98309,1.98369,1.50,2.25
2012.09.02 23:56:41.976,1.98309,1.98369,1.50,1.50
2012.09.02 23:56:42.405,1.98309,1.98364,1.50,1.13
2012.09.02 23:56:42.755,1.98297,1.98357,1.84,1.50
2012.09.02 23:56:44.256,1.98297,1.98357,1.84,1.50
2012.09.02 23:56:46.244,1.98297,1.98357,1.50,1.50
2012.09.02 23:56:46.606,1.98305,1.98357,1.88,1.50
2012.09.02 23:56:46.676,1.98309,1.98369,1.50,2.25
2012.09.02 23:56:46.747,1.98318,1.98369,1.50,2.25
2012.09.02 23:56:46.816,1.98321,1.98382,1.50,2.25
2012.09.02 23:56:46.891,1.98321,1.98365,1.50,1.13
2012.09.02 23:56:47.017,1.98311,1.98362,1.50,1.50
2012.09.02 23:56:47.145,1.98298,1.9836,2.25,1.50
2012.09.02 23:56:48.095,1.98307,1.9836,1.13,1.50
2012.09.02 23:56:48.226,1.98311,1.98372,2.25,2.25
2012.09.02 23:56:48.356,1.98321,1.98382,1.50,2.25
2012.09.02 23:56:48.525,1.98318,1.98372,1.50,2.25
2012.09.02 23:56:48.595,1.98311,1.98372,1.50,2.25
2012.09.02 23:56:48.743,1.98308,1.98363,1.50,1.50
2012.09.02 23:56:49.553,1.98305,1.98363,1.13,1.50
2012.09.02 23:56:49.866,1.98311,1.98372,1.50,1.50
2012.09.02 23:56:50.283,1.98307,1.98363,2.21,1.50
2012.09.02 23:56:50.612,1.9831,1.98363,1.09,1.50
2012.09.02 23:56:50.739,1.98313,1.98366,2.25,1.50
2012.09.02 23:56:50.805,1.98313,1.98375,2.25,1.50
2012.09.02 23:56:54.612,1.98316,1.98375,1.50,1.50
2012.09.02 23:56:54.795,1.98326,1.98387,1.50,2.25
2012.09.02 23:56:58.186,1.98326,1.98377,1.50,1.50
2012.09.02 23:56:58.316,1.98313,1.98375,2.25,1.50
2012.09.02 23:57:00.837,1.98313,1.98375,1.50,1.50
2012.09.02 23:57:00.907,1.98306,1.98363,1.09,1.50
2012.09.02 23:57:01.229,1.98306,1.98353,1.09,1.50
2012.09.02 23:57:02.985,1.98306,1.98366,1.09,1.50
2012.09.02 23:57:11.344,1.98305,1.98366,1.50,1.50
2012.09.02 23:57:20.725,1.98305,1.98366,2.25,1.50
2012.09.02 23:57:23.026,1.98305,1.98365,2.25,1.50
2012.09.02 23:57:23.095,1.983,1.98361,2.25,1.50
2012.09.02 23:57:40.139,1.98307,1.98361,1.50,1.50
2012.09.02 23:57:40.205,1.9831,1.98371,1.50,1.50
2012.09.02 23:57:40.345,1.9831,1.98371,2.25,1.50
2012.09.02 23:57:40.655,1.98323,1.98373,1.50,1.09
2012.09.02 23:57:40.726,1.98312,1.98373,2.25,1.09
2012.09.02 23:57:40.915,1.98312,1.98373,1.50,1.09
2012.09.02 23:57:42.996,1.98319,1.98374,1.50,2.59
2012.09.02 23:57:43.306,1.98335,1.98395,1.50,2.25
2012.09.02 23:57:43.376,1.98335,1.98395,1.50,2.25
2012.09.02 23:57:43.506,1.98335,1.98395,1.50,2.25
2012.09.02 23:57:43.756,1.98335,1.98395,1.50,2.25
2012.09.02 23:57:43.946,1.98324,1.98386,2.25,1.50
2012.09.02 23:57:48.368,1.98334,1.98386,1.50,1.50
2012.09.02 23:57:48.954,1.98336,1.98399,1.50,2.25
2012.09.02 23:57:49.419,1.98336,1.98399,1.50,1.50
2012.09.02 23:57:50.116,1.98336,1.98399,1.84,1.50
2012.09.02 23:57:57.095,1.98346,1.98401,1.50,1.50
2012.09.02 23:57:57.167,1.98346,1.98409,1.50,1.50
2012.09.02 23:57:57.776,1.98356,1.98415,1.50,1.13
2012.09.02 23:57:58.326,1.98356,1.98415,1.50,1.50
2012.09.02 23:57:58.635,1.98357,1.98412,2.25,1.50
2012.09.02 23:57:58.947,1.98354,1.98409,1.50,1.50
2012.09.02 23:57:59.015,1.98346,1.98409,2.10,1.50
2012.09.02 23:57:59.146,1.98346,1.98409,2.44,1.50
2012.09.02 23:58:09.239,1.98346,1.98409,1.88,1.50
2012.09.02 23:58:11.866,1.98335,1.98394,1.09,2.25
2012.09.02 23:58:12.375,1.98345,1.98397,1.84,2.25
2012.09.02 23:58:13.028,1.98332,1.98393,1.84,1.50
2012.09.02 23:58:13.766,1.98332,1.98393,1.50,1.50
2012.09.02 23:58:19.120,1.98332,1.98393,1.88,1.50
2012.09.02 23:58:19.246,1.98345,1.98405,1.50,2.25
2012.09.02 23:58:20.075,1.98331,1.98394,1.88,1.50
2012.09.02 23:58:22.064,1.98331,1.98394,1.50,1.50
2012.09.02 23:58:25.542,1.98331,1.98386,1.50,1.50
2012.09.02 23:58:25.606,1.98325,1.98383,1.80,1.50
2012.09.02 23:58:31.036,1.9833,1.98393,1.50,1.50
2012.09.02 23:58:34.075,1.98327,1.98382,1.84,1.50
2012.09.02 23:58:34.866,1.9833,1.98385,1.50,1.50
2012.09.02 23:58:35.176,1.98337,1.98382,1.50,1.50
2012.09.02 23:58:35.628,1.98321,1.98382,1.50,1.50
2012.09.02 23:58:42.410,1.98321,1.98382,2.25,1.50
2012.09.02 23:58:42.527,1.98321,1.98382,1.50,1.50
2012.09.02 23:58:46.156,1.98321,1.98382,1.73,1.50
2012.09.02 23:58:46.405,1.98343,1.98404,1.50,1.50
2012.09.02 23:58:46.801,1.98343,1.98404,1.50,2.25
2012.09.02 23:58:47.134,1.98318,1.9838,1.84,1.50
2012.09.02 23:58:47.208,1.98334,1.98389,1.09,1.50
2012.09.02 23:58:47.337,1.98337,1.984,1.50,1.84
2012.09.02 23:58:47.407,1.98337,1.98394,1.50,1.47
2012.09.02 23:58:47.966,1.98329,1.98389,1.84,1.50
2012.09.02 23:58:48.057,1.98325,1.9838,1.84,1.50
2012.09.02 23:58:48.245,1.98328,1.9839,1.84,1.88
2012.09.02 23:58:54.985,1.98328,1.9839,1.84,1.50
2012.09.02 23:58:55.115,1.98328,1.9839,1.84,1.84
2012.09.02 23:58:55.307,1.98328,1.98384,1.50,1.13
2012.09.02 23:58:56.322,1.98328,1.98386,1.50,1.09
2012.09.02 23:58:56.995,1.98328,1.9839,1.50,1.50
2012.09.02 23:59:00.420,1.98328,1.98381,1.50,1.50
2012.09.02 23:59:01.673,1.98316,1.98379,2.59,1.50
2012.09.02 23:59:03.705,1.98328,1.98379,1.50,1.50
2012.09.02 23:59:03.776,1.98331,1.98394,1.50,1.50
2012.09.02 23:59:03.845,1.98331,1.98394,2.25,1.50
2012.09.02 23:59:03.977,1.98341,1.98403,1.50,1.88
2012.09.02 23:59:04.046,1.98341,1.98403,1.50,2.63
2012.09.02 23:59:04.536,1.98341,1.98403,1.84,1.88
2012.09.02 23:59:04.606,1.98351,1.98413,1.50,2.25
2012.09.02 23:59:04.676,1.98351,1.98413,1.50,1.50
2012.09.02 23:59:09.555,1.98351,1.98413,2.25,1.50
2012.09.02 23:59:09.630,1.98364,1.98425,2.25,2.25
2012.09.02 23:59:09.876,1.98364,1.98425,2.25,1.50
2012.09.02 23:59:10.166,1.9836,1.98416,1.09,1.50
2012.09.02 23:59:10.898,1.98356,1.98416,1.09,1.50
2012.09.02 23:59:17.604,1.98356,1.98416,1.09,1.50
2012.09.02 23:59:17.825,1.98364,1.98425,1.50,1.50
2012.09.02 23:59:24.559,1.98364,1.98425,1.50,2.25
2012.09.02 23:59:32.156,1.98364,1.98425,1.50,1.50
2012.09.02 23:59:32.346,1.98374,1.98425,1.50,1.50
2012.09.02 23:59:32.417,1.98376,1.98438,1.50,2.25
2012.09.02 23:59:32.785,1.98385,1.98438,1.50,2.25
2012.09.02 23:59:32.856,1.98389,1.9845,1.50,1.50
2012.09.02 23:59:32.926,1.98389,1.9845,1.50,2.25
2012.09.02 23:59:33.176,1.98377,1.98437,1.50,1.50
2012.09.02 23:59:40.676,1.98377,1.98437,1.50,2.25
2012.09.02 23:59:40.826,1.98377,1.98437,1.50,1.50
2012.09.02 23:59:40.896,1.98377,1.98437,2.25,1.50
2012.09.02 23:59:41.147,1.98398,1.98452,1.50,1.50
2012.09.02 23:59:41.218,1.98401,1.98462,1.50,2.25
2012.09.02 23:59:41.286,1.98413,1.98465,1.50,2.25
2012.09.02 23:59:41.357,1.98413,1.98475,2.25,1.50
2012.09.02 23:59:41.547,1.98413,1.98475,2.25,2.25
2012.09.02 23:59:41.676,1.98413,1.98474,1.50,1.50
2012.09.02 23:59:41.749,1.98403,1.98465,1.50,1.50
2012.09.02 23:59:42.276,1.98403,1.98465,1.50,2.25
2012.09.02 23:59:42.451,1.984,1.98454,1.50,1.50
2012.09.02 23:59:42.516,1.98394,1.98454,1.84,1.50
2012.09.02 23:59:43.043,1.98394,1.98454,1.84,1.50
2012.09.02 23:59:47.389,1.98394,1.98454,1.84,1.50
2012.09.02 23:59:49.511,1.98394,1.98454,1.84,1.50
2012.09.02 23:59:57.343,1.98387,1.98464,1.84,1.50
2012.09.02 23:59:59.127,1.98398,1.98464,1.50,1.50
2012.09.02 23:59:59.375,1.98398,1.98473,1.50,1.50
2012.09.02 23:59:59.479,1.9841,1.98473,1.50,1.50
2012.09.02 23:59:59.726,1.9841,1.98475,1.50,1.50
2012.09.02 23:59:59.796,1.98407,1.98475,1.50,1.50
2012.09.02 23:59:59.866,1.98407,1.98477,2.25,1.13
