2010.09.23 04:00:00.543,2.1377,2.13835,1.10,1.00
2010.09.23 04:00:01.074,2.1378,2.13835,1.10,1.00
2010.09.23 04:00:01.427,2.13785,2.13835,1.60,1.00
2010.09.23 04:00:02.837,2.1377,2.13835,1.60,1.00
2010.09.23 04:00:03.100,2.13755,2.13855,2.00,1.60
2010.09.23 04:00:03.358,2.13755,2.13845,1.00,3.20
2010.09.23 04:00:04.918,2.1376,2.13845,1.00,3.20
2010.09.23 04:00:05.248,2.1376,2.1383,1.00,1.00
2010.09.23 04:00:05.348,2.1375,2.1383,1.00,1.00
2010.09.23 04:00:05.858,2.1374,2.1383,1.60,1.00
2010.09.23 04:00:05.959,2.1375,2.1383,1.00,1.00
2010.09.23 04:00:08.226,2.1373,2.1383,1.00,3.60
2010.09.23 04:00:08.387,2.1375,2.1383,1.00,3.60
2010.09.23 04:00:08.636,2.1375,2.1383,1.00,3.60
2010.09.23 04:00:09.523,2.13755,2.1383,2.70,1.00
2010.09.23 04:00:10.488,2.1376,2.1383,1.00,1.00
2010.09.23 04:00:11.319,2.1378,2.1383,1.00,1.00
2010.09.23 04:00:11.698,2.1379,2.1383,1.00,1.00
2010.09.23 04:00:12.697,2.1378,2.1383,1.00,1.00
2010.09.23 04:00:12.945,2.1378,2.1385,1.00,1.60
2010.09.23 04:00:17.081,2.1377,2.1385,1.00,1.60
2010.09.23 04:00:17.202,2.1377,2.1386,1.00,3.20
2010.09.23 04:00:17.549,2.1378,2.1386,1.00,3.20
2010.09.23 04:00:17.888,2.1378,2.1386,1.00,3.20
2010.09.23 04:00:18.227,2.1378,2.13865,1.00,2.00
2010.09.23 04:00:18.920,2.1376,2.1385,1.00,1.60
2010.09.23 04:00:19.549,2.1377,2.1385,1.00,1.60
2010.09.23 04:00:22.298,2.1376,2.1385,1.00,1.60
2010.09.23 04:00:26.959,2.1377,2.1385,1.00,1.60
2010.09.23 04:00:27.098,2.1377,2.13865,1.00,2.00
2010.09.23 04:00:27.237,2.1376,2.13865,1.60,2.00
2010.09.23 04:00:27.377,2.1376,2.1385,1.00,1.60
2010.09.23 04:00:28.448,2.1377,2.1385,1.00,1.60
2010.09.23 04:00:33.777,2.1377,2.13855,1.00,1.60
2010.09.23 04:00:33.878,2.1377,2.13865,1.00,1.60
2010.09.23 04:00:34.859,2.1378,2.1387,1.00,2.00
2010.09.23 04:00:35.809,2.1378,2.1387,1.00,2.00
2010.09.23 04:00:36.504,2.1378,2.1387,1.00,2.00
2010.09.23 04:00:38.073,2.1378,2.1387,1.00,1.60
2010.09.23 04:00:38.468,2.1377,2.1387,1.70,1.60
2010.09.23 04:00:38.658,2.1377,2.13845,1.70,1.60
2010.09.23 04:00:39.038,2.1377,2.13845,1.00,3.20
2010.09.23 04:00:39.854,2.1376,2.13845,1.00,3.20
2010.09.23 04:00:40.199,2.1375,2.13845,1.00,3.20
2010.09.23 04:00:40.540,2.1375,2.13845,1.00,3.20
2010.09.23 04:00:42.162,2.1375,2.1384,1.00,1.60
2010.09.23 04:00:42.354,2.1374,2.1382,1.00,1.60
2010.09.23 04:00:42.536,2.1374,2.1383,1.00,3.20
2010.09.23 04:00:43.495,2.1375,2.1383,1.00,3.20
2010.09.23 04:00:47.188,2.1375,2.1383,1.00,3.20
2010.09.23 04:00:47.497,2.1374,2.1383,1.10,3.20
2010.09.23 04:00:47.807,2.1375,2.13845,1.60,1.60
2010.09.23 04:00:48.118,2.1374,2.13845,1.60,3.20
2010.09.23 04:00:48.647,2.1375,2.13845,1.00,3.20
2010.09.23 04:00:49.432,2.1374,2.13845,1.60,3.20
2010.09.23 04:00:50.485,2.1374,2.1384,1.60,1.00
2010.09.23 04:00:51.165,2.1375,2.13845,1.00,3.20
2010.09.23 04:00:53.964,2.13755,2.13845,1.60,1.60
2010.09.23 04:00:54.038,2.13755,2.1386,1.60,3.20
2010.09.23 04:00:54.906,2.13755,2.1385,1.60,1.00
2010.09.23 04:00:55.096,2.1375,2.13845,1.00,3.20
2010.09.23 04:00:55.989,2.1375,2.13845,1.00,3.20
2010.09.23 04:01:01.968,2.1374,2.13845,1.70,3.20
2010.09.23 04:01:02.035,2.1374,2.13845,1.70,3.60
2010.09.23 04:01:02.208,2.1374,2.13845,1.60,3.60
2010.09.23 04:01:02.722,2.1374,2.13835,1.00,1.60
2010.09.23 04:01:03.070,2.1374,2.1383,1.00,3.20
2010.09.23 04:01:03.409,2.1373,2.1383,1.00,3.20
2010.09.23 04:01:03.749,2.1374,2.1383,1.00,3.20
2010.09.23 04:01:04.527,2.1374,2.13825,1.00,1.60
2010.09.23 04:01:04.838,2.1374,2.13825,1.00,3.20
2010.09.23 04:01:05.106,2.1374,2.13825,1.00,3.20
2010.09.23 04:01:05.497,2.13745,2.13825,1.60,1.60
2010.09.23 04:01:05.587,2.1375,2.1385,1.60,1.60
2010.09.23 04:01:07.496,2.1376,2.1385,1.00,1.60
2010.09.23 04:01:08.270,2.1376,2.1385,1.00,1.60
2010.09.23 04:01:09.553,2.1376,2.1385,1.00,1.60
2010.09.23 04:01:15.241,2.1376,2.1384,1.00,1.00
2010.09.23 04:01:15.349,2.1375,2.1384,1.00,2.00
2010.09.23 04:01:15.457,2.1375,2.1383,1.00,3.20
2010.09.23 04:01:15.667,2.1375,2.13825,1.00,1.60
2010.09.23 04:01:16.197,2.1375,2.13825,1.00,3.20
2010.09.23 04:01:16.764,2.1376,2.13825,1.00,3.20
2010.09.23 04:01:17.447,2.1375,2.13825,1.00,3.20
2010.09.23 04:01:18.566,2.1375,2.13825,1.00,3.20
2010.09.23 04:01:18.716,2.1376,2.13825,1.00,3.20
2010.09.23 04:01:19.337,2.1375,2.13825,1.00,3.20
2010.09.23 04:01:19.756,2.1374,2.13825,1.00,3.20
2010.09.23 04:01:20.206,2.1374,2.13835,1.00,1.60
2010.09.23 04:01:21.287,2.1375,2.13835,1.00,1.60
2010.09.23 04:01:22.258,2.1375,2.1383,1.00,1.60
2010.09.23 04:01:23.888,2.1376,2.1383,1.00,1.60
2010.09.23 04:01:24.754,2.1375,2.1382,1.00,3.20
2010.09.23 04:01:25.319,2.1375,2.13825,1.00,3.20
2010.09.23 04:01:26.158,2.1373,2.13825,1.00,3.20
2010.09.23 04:01:26.481,2.1374,2.13825,1.00,3.20
2010.09.23 04:01:27.287,2.1373,2.13825,1.00,3.20
2010.09.23 04:01:38.371,2.1374,2.13825,1.00,3.60
2010.09.23 04:01:41.339,2.1374,2.13825,1.00,3.20
2010.09.23 04:01:41.457,2.1373,2.13825,1.00,3.20
2010.09.23 04:01:42.328,2.1374,2.1383,1.00,3.60
2010.09.23 04:01:42.599,2.1374,2.13825,1.00,3.20
2010.09.23 04:01:42.840,2.1374,2.13825,1.00,3.20
2010.09.23 04:01:43.140,2.1374,2.13825,1.00,3.20
2010.09.23 04:01:45.545,2.1375,2.13825,1.00,3.20
2010.09.23 04:01:47.671,2.1374,2.13825,1.00,3.60
2010.09.23 04:01:47.790,2.1374,2.13825,1.00,3.60
2010.09.23 04:01:49.993,2.1375,2.1384,1.60,1.60
2010.09.23 04:01:50.087,2.1375,2.1385,1.60,2.00
2010.09.23 04:01:51.847,2.1375,2.1385,1.70,2.00
2010.09.23 04:01:52.568,2.1375,2.1385,1.70,1.60
2010.09.23 04:02:01.464,2.1374,2.13845,1.70,1.60
2010.09.23 04:02:01.629,2.1376,2.13845,1.00,1.60
2010.09.23 04:02:02.666,2.1376,2.1386,3.60,1.00
2010.09.23 04:02:04.573,2.1376,2.1386,3.70,1.00
2010.09.23 04:02:11.648,2.1376,2.1386,3.30,1.00
2010.09.23 04:02:11.761,2.1377,2.1386,1.00,1.00
2010.09.23 04:02:11.869,2.1377,2.13855,1.00,1.00
2010.09.23 04:02:12.536,2.1376,2.13855,3.20,1.00
2010.09.23 04:02:12.883,2.1376,2.1385,1.00,1.60
2010.09.23 04:02:14.849,2.1375,2.1385,1.60,1.60
2010.09.23 04:02:15.613,2.1376,2.1385,1.00,1.60
2010.09.23 04:02:31.699,2.1375,2.1385,1.60,1.60
2010.09.23 04:02:40.157,2.1376,2.1385,1.00,1.60
2010.09.23 04:02:40.327,2.1375,2.1385,1.70,1.60
2010.09.23 04:02:40.853,2.1376,2.1385,1.00,1.60
2010.09.23 04:02:41.100,2.1376,2.1386,1.00,3.60
2010.09.23 04:02:41.332,2.1377,2.1386,1.60,1.00
2010.09.23 04:02:41.796,2.1377,2.1386,1.00,3.60
2010.09.23 04:02:42.356,2.1377,2.13855,1.00,1.00
2010.09.23 04:02:42.624,2.1377,2.1385,1.00,1.60
2010.09.23 04:02:42.891,2.1377,2.1385,1.00,1.60
2010.09.23 04:02:43.149,2.1377,2.1386,1.00,3.60
2010.09.23 04:02:43.407,2.1377,2.1386,1.70,1.00
2010.09.23 04:02:45.448,2.1377,2.1386,1.60,1.00
2010.09.23 04:02:45.569,2.1377,2.1386,1.70,1.00
2010.09.23 04:02:50.885,2.1378,2.1386,1.00,1.00
2010.09.23 04:02:51.818,2.13785,2.13885,1.60,2.00
2010.09.23 04:02:51.996,2.1379,2.13885,1.60,1.00
2010.09.23 04:02:52.356,2.13785,2.13885,3.20,2.00
2010.09.23 04:02:52.537,2.13785,2.13885,1.60,2.00
2010.09.23 04:02:52.717,2.1379,2.13885,1.60,1.00
2010.09.23 04:02:52.988,2.13795,2.13885,3.60,1.00
2010.09.23 04:02:58.956,2.13795,2.13885,3.20,1.00
2010.09.23 04:02:59.126,2.1378,2.13885,3.60,2.00
2010.09.23 04:02:59.296,2.1379,2.13885,1.00,2.00
2010.09.23 04:03:00.571,2.1379,2.13885,1.00,2.00
2010.09.23 04:03:01.401,2.1379,2.13885,1.00,1.60
2010.09.23 04:03:12.398,2.138,2.13885,1.00,1.60
2010.09.23 04:03:12.516,2.138,2.139,1.00,2.00
2010.09.23 04:03:13.497,2.1381,2.139,1.00,2.00
2010.09.23 04:03:22.418,2.1381,2.139,1.00,1.60
2010.09.23 04:03:24.958,2.13795,2.139,3.60,1.60
2010.09.23 04:03:45.066,2.13795,2.139,3.60,1.70
2010.09.23 04:03:45.157,2.13785,2.13885,1.60,1.60
2010.09.23 04:03:46.206,2.1379,2.13885,1.00,1.60
2010.09.23 04:03:46.889,2.13795,2.139,3.60,1.60
2010.09.23 04:03:47.036,2.13795,2.13895,1.00,3.20
2010.09.23 04:03:47.086,2.1379,2.13895,1.70,3.60
2010.09.23 04:03:47.977,2.1379,2.13895,1.60,3.60
2010.09.23 04:03:51.185,2.1379,2.13895,1.70,3.60
2010.09.23 04:03:51.306,2.1379,2.1388,1.70,1.00
2010.09.23 04:03:51.819,2.1379,2.13875,1.00,1.60
2010.09.23 04:03:51.899,2.13785,2.13885,1.60,1.60
2010.09.23 04:03:52.716,2.1379,2.13885,1.00,1.60
2010.09.23 04:03:53.216,2.1379,2.13895,1.70,3.60
2010.09.23 04:03:53.376,2.1379,2.13895,1.60,3.60
2010.09.23 04:03:53.976,2.13795,2.13895,1.60,2.00
2010.09.23 04:03:54.139,2.1379,2.13895,1.70,3.60
2010.09.23 04:03:54.227,2.1379,2.13885,1.60,1.00
2010.09.23 04:03:54.407,2.1378,2.1388,1.00,1.60
2010.09.23 04:03:54.787,2.1378,2.1388,1.60,1.60
2010.09.23 04:03:54.876,2.13785,2.13885,1.60,1.60
2010.09.23 04:03:56.559,2.1379,2.13885,1.00,1.60
2010.09.23 04:04:05.755,2.1379,2.1388,1.00,1.60
2010.09.23 04:04:05.975,2.1379,2.13885,1.00,2.00
2010.09.23 04:04:13.573,2.13785,2.13875,1.60,1.60
2010.09.23 04:04:13.679,2.13785,2.13885,1.60,2.00
2010.09.23 04:04:14.496,2.1379,2.13885,1.00,3.60
2010.09.23 04:04:14.827,2.1379,2.1387,1.00,1.60
2010.09.23 04:04:15.977,2.1379,2.1387,1.00,1.60
2010.09.23 04:04:17.538,2.1378,2.1387,1.00,1.60
2010.09.23 04:04:17.666,2.1377,2.1387,1.70,1.60
2010.09.23 04:04:19.121,2.1378,2.13865,1.00,2.00
2010.09.23 04:04:19.397,2.1377,2.13865,1.00,2.00
2010.09.23 04:04:19.646,2.1377,2.1386,1.00,3.20
2010.09.23 04:04:20.524,2.1378,2.1386,1.00,3.20
2010.09.23 04:04:23.287,2.13755,2.1386,1.60,3.20
2010.09.23 04:04:23.470,2.13755,2.13845,1.60,1.60
2010.09.23 04:04:23.646,2.1375,2.13845,1.00,3.20
2010.09.23 04:04:24.730,2.1376,2.13845,1.00,3.20
2010.09.23 04:04:27.655,2.1376,2.1384,1.00,1.00
2010.09.23 04:04:28.439,2.1376,2.13835,1.00,1.60
2010.09.23 04:04:31.164,2.1375,2.13835,1.00,1.60
2010.09.23 04:04:31.386,2.1374,2.13835,1.00,1.60
2010.09.23 04:04:31.476,2.1374,2.13825,1.00,1.00
2010.09.23 04:04:31.657,2.1374,2.1382,1.00,1.60
2010.09.23 04:04:33.905,2.1375,2.1382,1.00,1.60
2010.09.23 04:04:39.668,2.1375,2.13825,1.00,1.60
2010.09.23 04:04:39.726,2.1375,2.1383,1.00,3.20
2010.09.23 04:04:42.492,2.1375,2.1383,1.00,3.60
2010.09.23 04:04:53.854,2.1374,2.1383,1.00,3.60
2010.09.23 04:04:53.998,2.1374,2.1383,1.00,1.00
2010.09.23 04:04:54.147,2.1374,2.13835,1.00,1.60
2010.09.23 04:04:54.437,2.1375,2.13835,1.00,1.60
2010.09.23 04:04:54.587,2.1375,2.1383,1.00,1.60
2010.09.23 04:04:54.737,2.1374,2.1383,1.00,3.60
2010.09.23 04:04:55.017,2.1374,2.13835,1.00,1.60
2010.09.23 04:04:56.358,2.1375,2.13835,1.00,1.60
2010.09.23 04:04:56.587,2.1374,2.13835,1.00,1.60
2010.09.23 04:04:56.687,2.1374,2.1383,1.00,3.20
2010.09.23 04:04:56.788,2.1374,2.13825,1.00,1.00
2010.09.23 04:04:56.886,2.1374,2.1382,1.00,1.60
2010.09.23 04:04:59.435,2.1374,2.1382,1.00,1.60
2010.09.23 04:05:00.351,2.1373,2.13835,1.70,1.60
2010.09.23 04:05:00.706,2.1375,2.1376,1.00,1.60
2010.09.23 04:05:01.786,2.1375,2.1384,1.00,1.00
2010.09.23 04:05:02.307,2.1376,2.1384,1.00,1.00
2010.09.23 04:05:03.115,2.1376,2.1384,1.00,1.00
2010.09.23 04:05:03.676,2.1376,2.138,1.00,1.60
2010.09.23 04:05:05.060,2.1377,2.138,1.00,1.60
2010.09.23 04:05:05.189,2.1376,2.138,1.00,3.20
2010.09.23 04:05:05.447,2.1376,2.13795,1.00,3.20
2010.09.23 04:05:06.008,2.1376,2.13785,1.00,1.60
2010.09.23 04:05:06.397,2.1376,2.13795,1.00,3.20
2010.09.23 04:05:07.219,2.1375,2.13805,1.00,1.60
2010.09.23 04:05:07.587,2.1377,2.13805,1.00,1.60
2010.09.23 04:05:08.144,2.1375,2.13805,1.00,1.60
2010.09.23 04:05:08.342,2.1376,2.13805,1.00,1.60
2010.09.23 04:05:10.429,2.1376,2.1385,1.00,3.60
2010.09.23 04:05:11.246,2.1377,2.1385,1.00,3.60
2010.09.23 04:05:25.510,2.1376,2.1385,1.00,3.60
2010.09.23 04:05:26.648,2.1377,2.1385,1.00,3.60
2010.09.23 04:05:30.286,2.1375,2.1383,1.00,2.00
2010.09.23 04:05:30.569,2.1374,2.1383,1.00,3.60
2010.09.23 04:05:30.850,2.1375,2.1383,1.00,3.60
2010.09.23 04:05:31.663,2.1375,2.1383,1.00,3.60
2010.09.23 04:05:32.000,2.1375,2.1383,1.00,3.60
2010.09.23 04:05:32.337,2.1375,2.1383,1.00,2.00
2010.09.23 04:05:32.677,2.1375,2.1383,1.00,2.00
2010.09.23 04:05:37.388,2.1376,2.1383,1.00,2.00
2010.09.23 04:05:37.967,2.1375,2.1383,1.00,2.00
2010.09.23 04:05:39.497,2.1376,2.1383,1.00,2.00
2010.09.23 04:05:41.458,2.1375,2.1383,1.00,2.00
2010.09.23 04:05:41.746,2.1375,2.1383,1.00,3.60
2010.09.23 04:05:51.237,2.1375,2.1383,1.00,3.20
2010.09.23 04:05:51.267,2.1374,2.1383,1.00,3.20
2010.09.23 04:05:51.589,2.1375,2.1383,1.00,3.20
2010.09.23 04:06:11.701,2.1374,2.1383,1.00,3.20
2010.09.23 04:06:11.784,2.1374,2.1383,1.00,3.60
2010.09.23 04:06:12.326,2.1374,2.1383,1.00,3.60
2010.09.23 04:06:26.016,2.1374,2.1382,1.00,1.60
2010.09.23 04:06:26.131,2.1373,2.1383,1.00,3.60
2010.09.23 04:06:26.939,2.1373,2.1383,1.00,3.20
2010.09.23 04:06:27.558,2.1374,2.1383,1.00,3.20
2010.09.23 04:06:28.484,2.1375,2.1383,1.00,3.20
2010.09.23 04:06:28.628,2.1374,2.1383,1.00,3.60
2010.09.23 04:06:29.314,2.1374,2.1383,1.00,3.20
2010.09.23 04:06:29.628,2.1375,2.1383,1.00,3.20
2010.09.23 04:06:29.949,2.1375,2.1383,1.00,3.20
2010.09.23 04:06:31.394,2.1375,2.1383,1.00,3.60
2010.09.23 04:06:31.903,2.1374,2.1383,1.00,3.60
2010.09.23 04:06:32.576,2.1374,2.1383,1.00,3.20
2010.09.23 04:06:33.446,2.1375,2.1383,1.00,3.20
2010.09.23 04:06:39.430,2.1375,2.1383,1.00,3.60
2010.09.23 04:06:40.057,2.1374,2.1383,1.00,3.60
2010.09.23 04:06:40.760,2.1375,2.1383,1.00,3.60
2010.09.23 04:06:41.740,2.1374,2.1383,1.00,3.60
2010.09.23 04:06:43.187,2.1375,2.1383,1.00,3.60
2010.09.23 04:06:43.568,2.1375,2.1383,1.00,3.20
2010.09.23 04:06:45.957,2.1375,2.1383,1.00,3.60
2010.09.23 04:06:46.077,2.1374,2.1383,1.00,3.60
2010.09.23 04:07:26.143,2.1374,2.1383,1.00,1.00
2010.09.23 04:07:46.853,2.1372,2.1383,1.00,1.00
2010.09.23 04:07:49.430,2.1373,2.1383,1.00,1.00
2010.09.23 04:07:49.647,2.1374,2.1383,1.00,1.00
2010.09.23 04:07:49.886,2.1373,2.1383,1.00,1.00
2010.09.23 04:07:50.903,2.1373,2.13815,1.00,3.60
2010.09.23 04:07:58.757,2.1372,2.13815,1.00,3.60
2010.09.23 04:07:58.918,2.1371,2.13815,1.60,3.60
2010.09.23 04:07:59.237,2.1372,2.13815,1.00,3.60
2010.09.23 04:08:00.456,2.1371,2.13815,1.70,3.60
2010.09.23 04:08:00.718,2.1371,2.1381,1.70,1.00
2010.09.23 04:08:00.977,2.1371,2.1381,1.00,3.60
2010.09.23 04:08:01.896,2.1371,2.1381,1.00,3.20
2010.09.23 04:08:01.956,2.1371,2.13815,1.70,3.60
2010.09.23 04:08:03.457,2.1373,2.13815,1.00,3.60
2010.09.23 04:08:21.169,2.1373,2.1383,1.00,3.60
2010.09.23 04:08:22.647,2.1374,2.1383,1.00,3.60
2010.09.23 04:08:25.227,2.13725,2.13785,1.60,1.00
2010.09.23 04:08:25.508,2.13715,2.13795,1.00,3.20
2010.09.23 04:08:26.118,2.13715,2.138,1.00,1.60
2010.09.23 04:08:26.264,2.1368,2.13775,1.00,2.00
2010.09.23 04:08:26.397,2.1368,2.13775,1.00,3.60
2010.09.23 04:08:26.537,2.1368,2.1377,1.00,1.60
2010.09.23 04:08:26.788,2.1368,2.1376,1.00,1.00
2010.09.23 04:08:27.287,2.1368,2.1376,1.00,1.00
2010.09.23 04:08:27.964,2.1367,2.13775,3.30,1.60
2010.09.23 04:08:28.494,2.1368,2.13775,1.00,1.60
2010.09.23 04:08:30.773,2.1368,2.13775,1.00,1.60
2010.09.23 04:08:30.887,2.1368,2.13785,1.70,2.00
2010.09.23 04:08:31.467,2.1369,2.13785,1.00,2.00
2010.09.23 04:08:32.536,2.137,2.13785,1.00,2.00
2010.09.23 04:08:37.587,2.1368,2.13785,1.70,2.00
2010.09.23 04:08:39.047,2.1368,2.13775,1.60,1.00
2010.09.23 04:08:39.298,2.13675,2.1377,1.60,1.60
2010.09.23 04:08:39.359,2.1367,2.1377,1.00,1.60
2010.09.23 04:08:39.417,2.1367,2.1376,1.00,1.00
2010.09.23 04:08:39.526,2.1367,2.1376,1.00,2.00
2010.09.23 04:08:39.627,2.1367,2.13755,1.00,1.60
2010.09.23 04:08:44.163,2.1365,2.13755,3.70,1.60
2010.09.23 04:08:44.394,2.1365,2.13745,3.20,1.00
2010.09.23 04:08:44.619,2.1365,2.1374,1.00,1.60
2010.09.23 04:08:45.547,2.1365,2.1374,1.00,1.60
2010.09.23 04:08:46.301,2.1365,2.1374,1.00,1.60
2010.09.23 04:08:50.656,2.1366,2.1374,1.00,1.60
2010.09.23 04:08:50.847,2.1366,2.13755,1.00,1.60
2010.09.23 04:08:52.696,2.1367,2.13755,1.00,1.60
2010.09.23 04:08:57.368,2.13665,2.1377,3.20,1.60
2010.09.23 04:09:00.751,2.1368,2.13775,1.60,1.60
2010.09.23 04:09:01.832,2.1368,2.13785,1.60,3.60
2010.09.23 04:09:02.432,2.1368,2.13785,1.70,3.60
2010.09.23 04:09:04.687,2.1368,2.1378,1.60,1.00
2010.09.23 04:09:05.137,2.1368,2.1378,1.60,1.60
2010.09.23 04:09:05.286,2.1368,2.13785,1.60,3.60
2010.09.23 04:09:07.500,2.1368,2.13785,1.70,3.60
2010.09.23 04:09:12.884,2.1368,2.1378,1.60,1.00
2010.09.23 04:09:13.128,2.13675,2.13775,3.20,1.60
2010.09.23 04:09:13.227,2.13675,2.13775,1.60,1.60
2010.09.23 04:09:13.964,2.1368,2.13775,1.00,1.60
2010.09.23 04:09:14.240,2.1368,2.13775,1.00,1.60
2010.09.23 04:09:22.430,2.13675,2.13775,1.60,1.60
2010.09.23 04:09:31.174,2.1368,2.13775,1.00,1.60
2010.09.23 04:09:32.121,2.13675,2.13775,1.60,1.60
2010.09.23 04:10:00.388,2.13675,2.1377,1.60,1.00
2010.09.23 04:10:00.477,2.13675,2.1377,1.60,1.00
2010.09.23 04:10:01.186,2.13675,2.1377,1.60,1.60
2010.09.23 04:10:01.378,2.1366,2.1376,1.60,1.60
2010.09.23 04:10:01.949,2.13675,2.13775,1.60,1.60
2010.09.23 04:10:02.824,2.1367,2.1377,1.60,1.60
2010.09.23 04:10:03.658,2.1367,2.1377,1.60,1.60
2010.09.23 04:10:04.647,2.13675,2.13775,1.60,1.60
2010.09.23 04:10:04.839,2.13675,2.1378,1.60,3.20
2010.09.23 04:10:05.207,2.1368,2.1378,1.00,3.20
2010.09.23 04:10:06.667,2.13675,2.1378,1.60,3.30
2010.09.23 04:10:09.809,2.13675,2.1378,1.60,3.20
2010.09.23 04:10:10.058,2.13675,2.1378,1.60,3.30
2010.09.23 04:10:10.665,2.13675,2.1378,1.60,3.20
2010.09.23 04:10:16.858,2.13675,2.1378,1.60,3.20
2010.09.23 04:10:18.315,2.13675,2.1378,1.60,3.20
2010.09.23 04:10:20.368,2.13675,2.1378,1.60,3.20
2010.09.23 04:10:21.390,2.1368,2.1378,1.00,3.20
2010.09.23 04:10:21.539,2.1368,2.1378,1.00,3.20
2010.09.23 04:10:22.400,2.13675,2.1378,1.60,3.20
2010.09.23 04:10:23.413,2.13675,2.1378,1.60,3.20
2010.09.23 04:10:25.300,2.13675,2.1377,1.60,1.00
2010.09.23 04:10:30.155,2.13675,2.1377,1.60,1.00
2010.09.23 04:10:30.999,2.13665,2.13765,1.60,1.60
2010.09.23 04:10:31.298,2.1366,2.13765,1.60,3.20
2010.09.23 04:10:32.138,2.13655,2.13755,1.60,1.60
2010.09.23 04:10:33.699,2.13645,2.1375,3.20,1.60
2010.09.23 04:10:33.957,2.1364,2.13745,1.60,3.20
2010.09.23 04:10:35.083,2.13655,2.13745,1.60,1.60
2010.09.23 04:10:35.242,2.13655,2.13755,1.60,1.60
2010.09.23 04:10:35.788,2.13655,2.13755,1.60,3.20
2010.09.23 04:10:35.881,2.13655,2.13755,1.60,1.60
2010.09.23 04:10:35.968,2.13655,2.13755,1.60,2.00
2010.09.23 04:10:36.925,2.13655,2.13755,1.60,3.60
2010.09.23 04:10:37.359,2.1365,2.1375,1.60,1.60
2010.09.23 04:10:37.561,2.1365,2.1375,1.70,1.60
2010.09.23 04:10:39.701,2.1365,2.1375,1.60,1.60
2010.09.23 04:10:40.387,2.1364,2.13745,1.70,3.20
2010.09.23 04:10:56.354,2.1364,2.13745,1.60,3.20
2010.09.23 04:10:56.718,2.13655,2.13755,1.60,1.60
2010.09.23 04:10:59.491,2.1366,2.13755,1.00,1.60
2010.09.23 04:11:08.166,2.1366,2.13755,1.00,2.00
2010.09.23 04:11:08.268,2.13655,2.13755,1.60,2.00
2010.09.23 04:11:08.577,2.13645,2.1375,1.60,3.20
2010.09.23 04:11:08.777,2.1364,2.13745,1.60,3.20
2010.09.23 04:11:13.168,2.1365,2.13745,1.00,3.20
2010.09.23 04:11:16.413,2.1364,2.13745,1.70,3.20
2010.09.23 04:11:17.558,2.1365,2.13745,1.00,3.20
2010.09.23 04:11:17.688,2.1364,2.13745,1.60,3.20
2010.09.23 04:11:17.938,2.1365,2.13745,1.60,1.60
2010.09.23 04:11:18.067,2.13655,2.13755,1.60,1.60
2010.09.23 04:11:20.472,2.1366,2.13755,1.00,1.60
2010.09.23 04:12:15.230,2.1366,2.13755,1.00,1.60
2010.09.23 04:12:18.353,2.1366,2.1376,1.00,1.00
2010.09.23 04:12:19.101,2.1365,2.1376,1.00,1.00
2010.09.23 04:12:20.431,2.1366,2.1376,1.00,1.00
2010.09.23 04:12:21.119,2.1365,2.1376,1.00,1.00
2010.09.23 04:12:21.316,2.1366,2.1376,1.00,1.00
2010.09.23 04:12:28.005,2.1365,2.1376,1.00,1.00
2010.09.23 04:12:28.037,2.1366,2.1376,1.00,1.00
2010.09.23 04:12:29.366,2.1365,2.1376,1.00,1.00
2010.09.23 04:12:30.268,2.1366,2.1376,1.00,1.00
2010.09.23 04:12:49.941,2.1365,2.1376,1.00,1.00
2010.09.23 04:12:50.601,2.1365,2.1376,1.00,1.00
2010.09.23 04:12:50.679,2.1365,2.1376,1.00,1.00
2010.09.23 04:12:54.658,2.1365,2.1376,1.00,1.00
2010.09.23 04:12:54.777,2.13665,2.1377,1.00,1.00
2010.09.23 04:12:54.898,2.13665,2.1377,3.60,1.70
2010.09.23 04:12:55.141,2.13665,2.13755,1.60,1.60
2010.09.23 04:12:55.852,2.1366,2.1376,1.60,1.00
2010.09.23 04:12:56.080,2.13655,2.13755,1.60,1.60
2010.09.23 04:12:56.848,2.1365,2.1375,1.60,1.60
2010.09.23 04:12:57.418,2.1365,2.1375,1.60,3.20
2010.09.23 04:12:57.651,2.1365,2.1375,1.70,1.60
2010.09.23 04:13:17.721,2.1365,2.1374,1.00,3.60
2010.09.23 04:13:18.779,2.1365,2.13745,1.00,3.60
2010.09.23 04:13:19.459,2.1364,2.13745,1.70,3.60
2010.09.23 04:13:19.723,2.1365,2.1374,1.00,2.00
2010.09.23 04:13:19.990,2.1364,2.1374,1.00,3.60
2010.09.23 04:13:20.179,2.1365,2.13745,1.00,3.60
2010.09.23 04:13:20.368,2.1365,2.1374,1.00,1.00
2010.09.23 04:13:20.966,2.1364,2.1374,1.70,1.00
2010.09.23 04:13:21.153,2.1365,2.1374,1.00,1.00
2010.09.23 04:13:21.338,2.1365,2.13745,1.00,3.60
2010.09.23 04:13:21.529,2.1364,2.1374,1.70,1.00
2010.09.23 04:13:21.719,2.1365,2.1374,1.00,3.20
2010.09.23 04:13:21.907,2.1364,2.1374,1.00,3.60
2010.09.23 04:13:22.097,2.1364,2.1374,1.00,3.20
2010.09.23 04:13:22.289,2.1365,2.13745,1.00,3.20
2010.09.23 04:13:22.979,2.1365,2.1375,1.00,1.60
2010.09.23 04:13:23.168,2.1365,2.1375,2.00,1.60
2010.09.23 04:13:23.358,2.13655,2.13755,1.60,2.00
2010.09.23 04:13:23.688,2.13655,2.13755,1.60,1.60
2010.09.23 04:13:24.359,2.1365,2.1375,1.60,1.60
2010.09.23 04:13:24.530,2.13655,2.13755,1.60,1.60
2010.09.23 04:13:24.701,2.13655,2.13755,1.60,3.60
2010.09.23 04:13:24.868,2.1365,2.1375,1.60,1.60
2010.09.23 04:13:25.209,2.13655,2.13755,1.60,2.00
2010.09.23 04:13:26.141,2.13665,2.1377,3.20,2.00
2010.09.23 04:13:26.421,2.13665,2.1375,1.60,1.60
2010.09.23 04:13:27.205,2.1365,2.1375,1.60,1.60
2010.09.23 04:13:27.788,2.1365,2.1375,1.60,3.60
2010.09.23 04:13:28.078,2.1364,2.13745,1.60,1.60
2010.09.23 04:13:31.721,2.1364,2.13745,1.70,1.60
2010.09.23 04:13:31.797,2.1364,2.1374,1.70,1.00
2010.09.23 04:13:31.878,2.1364,2.1374,1.70,2.00
2010.09.23 04:13:31.958,2.1364,2.1374,1.00,3.60
2010.09.23 04:13:32.037,2.1364,2.1374,1.00,3.20
2010.09.23 04:13:32.907,2.1364,2.1374,1.00,3.60
2010.09.23 04:13:33.218,2.1364,2.13745,1.60,3.60
2010.09.23 04:13:33.529,2.1364,2.1374,1.60,1.00
2010.09.23 04:13:33.868,2.1364,2.1374,1.00,3.60
2010.09.23 04:13:34.209,2.1364,2.1374,1.60,1.00
2010.09.23 04:13:34.718,2.1364,2.13745,1.60,3.60
2010.09.23 04:13:34.813,2.1364,2.1374,1.00,3.60
2010.09.23 04:13:34.901,2.13635,2.1374,1.60,3.60
2010.09.23 04:13:35.070,2.1364,2.13745,1.60,3.20
2010.09.23 04:13:35.698,2.1364,2.13745,1.60,3.60
2010.09.23 04:13:36.128,2.13635,2.1374,3.20,2.00
2010.09.23 04:13:36.467,2.13635,2.1374,3.60,1.60
2010.09.23 04:13:37.132,2.13635,2.1374,2.00,3.20
2010.09.23 04:13:37.470,2.13635,2.1374,1.60,3.60
2010.09.23 04:13:37.707,2.1365,2.1374,1.00,3.60
2010.09.23 04:13:38.613,2.1365,2.1374,1.00,1.00
2010.09.23 04:13:38.820,2.1365,2.13745,1.00,1.00
2010.09.23 04:13:39.505,2.1366,2.13745,1.00,1.00
2010.09.23 04:13:40.476,2.1366,2.13745,1.00,1.00
2010.09.23 04:13:45.253,2.1365,2.13745,1.00,3.60
2010.09.23 04:13:45.472,2.1365,2.13735,1.00,1.60
2010.09.23 04:13:45.689,2.1365,2.13745,1.00,3.60
2010.09.23 04:13:45.909,2.1365,2.13745,1.00,1.60
2010.09.23 04:13:46.529,2.1365,2.13745,1.00,1.00
2010.09.23 04:13:46.858,2.1365,2.13745,1.00,3.60
2010.09.23 04:13:46.977,2.1365,2.13745,1.00,3.20
2010.09.23 04:13:47.088,2.1365,2.13745,1.00,1.00
2010.09.23 04:13:47.207,2.1365,2.13745,1.00,3.60
2010.09.23 04:13:47.327,2.1365,2.13745,1.00,3.20
2010.09.23 04:13:47.438,2.1365,2.13745,1.00,1.60
2010.09.23 04:13:48.014,2.1365,2.13745,1.00,1.00
2010.09.23 04:13:48.260,2.1365,2.13745,1.00,3.60
2010.09.23 04:13:48.509,2.1365,2.13745,1.00,1.60
2010.09.23 04:13:48.758,2.1365,2.13745,1.00,3.20
2010.09.23 04:13:49.944,2.1365,2.1375,1.00,1.60
2010.09.23 04:13:50.273,2.1365,2.13745,1.00,3.60
2010.09.23 04:13:50.331,2.1365,2.13745,1.00,1.60
2010.09.23 04:13:50.378,2.1365,2.1375,1.00,1.60
2010.09.23 04:13:50.527,2.1365,2.13745,1.00,1.00
2010.09.23 04:13:50.677,2.1365,2.13745,1.00,3.60
2010.09.23 04:13:50.887,2.1365,2.13745,1.00,1.00
2010.09.23 04:13:50.987,2.1365,2.1375,1.00,1.60
2010.09.23 04:13:51.508,2.1365,2.13745,1.00,3.20
2010.09.23 04:13:51.769,2.1365,2.13745,1.00,3.60
2010.09.23 04:13:52.028,2.1365,2.13745,1.00,1.60
2010.09.23 04:13:52.289,2.1365,2.13745,1.00,2.00
2010.09.23 04:13:52.548,2.1365,2.13745,1.00,1.00
2010.09.23 04:13:52.697,2.1365,2.13745,1.00,3.60
2010.09.23 04:13:52.998,2.1365,2.1375,1.00,1.60
2010.09.23 04:13:53.651,2.1365,2.13745,1.00,2.00
2010.09.23 04:13:53.762,2.1365,2.13745,1.00,3.60
2010.09.23 04:13:54.087,2.1365,2.13745,1.00,3.20
2010.09.23 04:13:54.199,2.1365,2.1375,1.00,1.60
2010.09.23 04:13:54.309,2.1365,2.13745,1.00,1.00
2010.09.23 04:13:54.419,2.1365,2.13745,1.00,3.60
2010.09.23 04:13:54.527,2.1365,2.13745,1.00,1.00
2010.09.23 04:13:55.130,2.1366,2.1376,1.60,1.00
2010.09.23 04:13:55.418,2.1366,2.1376,1.60,1.00
2010.09.23 04:13:55.711,2.1365,2.1375,1.60,1.60
2010.09.23 04:13:56.000,2.13655,2.1376,1.60,3.20
2010.09.23 04:13:56.695,2.1366,2.1376,1.60,1.00
2010.09.23 04:13:56.968,2.13655,2.1376,3.20,1.60
2010.09.23 04:13:57.240,2.1366,2.13765,1.60,2.00
2010.09.23 04:13:59.841,2.1366,2.1376,1.60,1.00
2010.09.23 04:14:00.539,2.13645,2.1375,3.20,1.60
2010.09.23 04:14:00.828,2.13645,2.1375,3.20,2.00
2010.09.23 04:14:01.346,2.1364,2.1374,1.60,1.60
2010.09.23 04:14:01.495,2.13645,2.1375,3.20,1.60
2010.09.23 04:14:02.414,2.13645,2.1375,3.20,1.60
2010.09.23 04:14:02.677,2.13645,2.1375,3.20,1.60
2010.09.23 04:14:03.228,2.13655,2.13755,1.60,3.60
2010.09.23 04:14:03.413,2.1365,2.13745,1.00,1.60
2010.09.23 04:14:03.580,2.1365,2.1375,1.00,1.60
2010.09.23 04:14:03.888,2.1365,2.13745,1.00,3.20
2010.09.23 04:14:04.506,2.1365,2.13745,1.00,3.60
2010.09.23 04:14:04.819,2.1365,2.1375,1.00,1.60
2010.09.23 04:14:26.320,2.13645,2.1375,3.20,1.60
2010.09.23 04:14:27.553,2.1365,2.1375,1.00,1.60
2010.09.23 04:14:28.333,2.1366,2.1375,1.00,1.60
2010.09.23 04:14:32.663,2.1365,2.1375,1.00,1.60
2010.09.23 04:14:34.508,2.1365,2.1375,1.00,1.60
2010.09.23 04:15:00.766,2.1366,2.1375,1.00,1.60
2010.09.23 04:15:01.350,2.13645,2.1375,3.20,1.60
2010.09.23 04:15:01.720,2.13655,2.13755,1.60,1.60
2010.09.23 04:15:07.375,2.1366,2.13755,1.00,1.60
2010.09.23 04:15:16.601,2.13655,2.13755,1.60,1.60
2010.09.23 04:15:17.479,2.1365,2.13755,1.60,1.60
2010.09.23 04:15:19.208,2.1365,2.13755,1.60,3.20
2010.09.23 04:15:21.537,2.1365,2.13755,2.00,3.20
2010.09.23 04:15:21.659,2.1365,2.13755,3.60,1.60
2010.09.23 04:15:39.480,2.13645,2.1375,2.00,3.20
2010.09.23 04:15:40.141,2.13645,2.1375,2.00,3.20
2010.09.23 04:15:43.548,2.1365,2.1375,1.00,3.20
2010.09.23 04:15:47.835,2.13645,2.1375,2.00,3.30
2010.09.23 04:15:50.473,2.1365,2.1375,1.00,3.20
2010.09.23 04:15:51.905,2.13645,2.1375,2.00,3.30
2010.09.23 04:15:54.437,2.1365,2.1375,1.00,3.20
2010.09.23 04:15:57.953,2.13645,2.1375,2.00,3.20
2010.09.23 04:16:00.800,2.1365,2.1375,1.00,3.20
2010.09.23 04:16:01.866,2.13645,2.1375,2.00,3.30
2010.09.23 04:16:02.482,2.1364,2.1374,1.70,1.60
2010.09.23 04:16:06.030,2.1365,2.1374,1.00,1.60
2010.09.23 04:16:06.130,2.1365,2.1374,1.00,3.20
2010.09.23 04:16:10.171,2.1364,2.1374,1.60,1.60
2010.09.23 04:16:10.268,2.13645,2.13745,1.60,3.20
2010.09.23 04:16:10.347,2.13645,2.13745,1.60,1.60
2010.09.23 04:16:11.666,2.1364,2.1374,3.20,1.60
2010.09.23 04:16:12.197,2.1364,2.1374,1.60,1.60
2010.09.23 04:16:12.687,2.1364,2.1374,1.70,1.60
2010.09.23 04:16:13.628,2.1365,2.1374,1.00,1.60
2010.09.23 04:16:14.150,2.1365,2.1374,1.00,3.20
2010.09.23 04:16:30.455,2.1364,2.1374,1.00,3.20
2010.09.23 04:16:30.730,2.1364,2.13735,1.00,1.60
2010.09.23 04:16:30.806,2.1364,2.13735,1.00,3.20
2010.09.23 04:16:31.312,2.1365,2.13735,1.00,3.20
2010.09.23 04:16:31.558,2.1365,2.13735,1.00,3.20
2010.09.23 04:16:32.487,2.1365,2.1374,1.00,3.20
2010.09.23 04:16:36.736,2.13635,2.1374,2.00,3.20
2010.09.23 04:16:37.430,2.13645,2.13745,1.60,1.60
2010.09.23 04:16:38.668,2.13645,2.1375,1.60,3.20
2010.09.23 04:16:39.006,2.1365,2.1375,1.00,3.20
2010.09.23 04:16:41.197,2.1365,2.1375,1.00,3.20
2010.09.23 04:16:41.367,2.1365,2.13755,3.60,1.60
2010.09.23 04:16:44.587,2.1365,2.13755,3.70,1.60
2010.09.23 04:16:44.726,2.1367,2.13755,1.00,1.60
2010.09.23 04:16:44.868,2.13675,2.1378,1.60,4.80
2010.09.23 04:16:45.008,2.13675,2.1378,1.60,3.60
2010.09.23 04:16:45.639,2.1366,2.13755,1.00,1.60
2010.09.23 04:16:45.768,2.1365,2.13755,3.70,1.60
2010.09.23 04:16:46.217,2.13655,2.13755,1.60,1.60
2010.09.23 04:16:53.833,2.1366,2.13755,1.00,1.60
2010.09.23 04:16:55.243,2.13655,2.13755,1.60,1.60
2010.09.23 04:16:56.167,2.13655,2.1376,3.20,1.60
2010.09.23 04:16:56.986,2.13655,2.1376,3.20,1.70
2010.09.23 04:16:58.368,2.1366,2.1376,1.00,1.60
2010.09.23 04:16:59.626,2.13655,2.1376,3.20,1.70
2010.09.23 04:17:00.484,2.13655,2.1376,1.60,3.30
2010.09.23 04:17:00.617,2.1366,2.13755,1.00,1.60
2010.09.23 04:17:00.747,2.13655,2.13755,1.60,1.60
2010.09.23 04:17:02.301,2.1366,2.13755,1.00,1.60
2010.09.23 04:17:02.499,2.13655,2.13755,1.60,1.60
2010.09.23 04:17:04.077,2.1366,2.13755,1.00,1.60
2010.09.23 04:17:04.217,2.13655,2.13755,1.60,1.60
2010.09.23 04:17:04.885,2.13655,2.13755,3.20,1.60
2010.09.23 04:17:05.149,2.13655,2.1376,3.20,1.70
2010.09.23 04:17:06.644,2.1366,2.1376,1.00,1.60
2010.09.23 04:17:06.763,2.13655,2.1376,3.20,1.60
2010.09.23 04:17:07.455,2.1366,2.1376,1.00,1.60
2010.09.23 04:17:07.660,2.13655,2.1376,3.20,1.70
2010.09.23 04:17:11.150,2.13655,2.1376,3.20,1.60
2010.09.23 04:17:12.115,2.13655,2.13755,3.20,1.60
2010.09.23 04:17:12.290,2.13655,2.13755,1.60,1.60
2010.09.23 04:17:12.761,2.13655,2.13755,3.20,1.60
2010.09.23 04:17:13.166,2.13655,2.1376,3.20,1.70
2010.09.23 04:17:15.469,2.13655,2.1376,3.20,1.60
2010.09.23 04:17:18.651,2.1366,2.1376,1.00,1.60
2010.09.23 04:17:18.817,2.13655,2.1376,3.20,1.60
2010.09.23 04:17:19.511,2.13655,2.1376,3.20,2.00
2010.09.23 04:17:19.711,2.13655,2.13755,1.60,1.60
2010.09.23 04:17:21.127,2.13655,2.1376,3.20,2.00
2010.09.23 04:17:21.287,2.13655,2.13755,3.20,1.60
2010.09.23 04:17:21.841,2.13655,2.13755,1.60,1.60
2010.09.23 04:17:21.929,2.1365,2.1375,1.00,1.60
2010.09.23 04:17:24.043,2.13655,2.13755,1.60,1.60
2010.09.23 04:17:26.796,2.1366,2.13755,1.00,1.60
2010.09.23 04:17:26.830,2.13655,2.13755,1.60,1.60
2010.09.23 04:17:31.062,2.1365,2.13755,3.20,1.60
2010.09.23 04:17:31.397,2.1365,2.1375,1.00,1.60
2010.09.23 04:17:32.500,2.13655,2.13755,1.60,1.60
2010.09.23 04:17:33.118,2.13665,2.13755,1.00,1.60
2010.09.23 04:17:33.268,2.13665,2.13755,2.00,1.60
2010.09.23 04:17:34.140,2.1367,2.1377,2.00,1.00
2010.09.23 04:17:34.489,2.1367,2.1377,2.00,1.00
2010.09.23 04:17:35.623,2.1367,2.13775,2.00,3.20
2010.09.23 04:17:37.458,2.1367,2.1377,2.10,1.00
2010.09.23 04:17:39.719,2.1367,2.1377,2.00,1.00
2010.09.23 04:17:40.575,2.1367,2.13775,2.10,3.20
2010.09.23 04:17:41.277,2.1367,2.13775,2.00,3.20
2010.09.23 04:17:41.523,2.1366,2.1376,1.00,3.20
2010.09.23 04:17:42.528,2.1366,2.1376,1.00,3.20
2010.09.23 04:17:43.547,2.1366,2.1376,1.00,3.30
2010.09.23 04:17:44.669,2.1366,2.1376,1.00,3.20
2010.09.23 04:17:45.293,2.1366,2.13755,1.00,1.60
2010.09.23 04:17:45.619,2.1366,2.1376,1.00,3.20
2010.09.23 04:17:46.568,2.1366,2.1376,1.00,3.30
2010.09.23 04:18:01.466,2.1367,2.1376,1.00,3.20
2010.09.23 04:18:01.948,2.1366,2.1376,1.00,3.20
2010.09.23 04:18:02.869,2.1367,2.1376,1.00,3.20
2010.09.23 04:18:03.147,2.1367,2.1376,2.00,1.60
2010.09.23 04:18:03.417,2.1367,2.1377,2.00,1.00
2010.09.23 04:18:04.834,2.1367,2.1377,2.00,1.00
2010.09.23 04:18:07.086,2.1367,2.1377,2.00,1.60
2010.09.23 04:18:16.808,2.1367,2.1377,1.00,1.60
2010.09.23 04:18:16.881,2.1367,2.1377,1.00,3.20
2010.09.23 04:18:18.782,2.1366,2.1376,2.00,1.00
2010.09.23 04:18:22.190,2.1368,2.13765,1.00,3.20
2010.09.23 04:18:22.409,2.1366,2.1376,2.10,1.00
2010.09.23 04:18:23.180,2.1368,2.13765,1.00,3.20
2010.09.23 04:18:50.372,2.1367,2.13765,1.00,3.20
2010.09.23 04:18:50.541,2.1367,2.13765,1.00,3.20
2010.09.23 04:18:50.711,2.1366,2.13755,1.00,1.60
2010.09.23 04:18:50.819,2.1366,2.1375,1.00,3.20
2010.09.23 04:18:50.929,2.13655,2.1375,1.00,3.20
2010.09.23 04:18:51.150,2.13655,2.1374,1.00,1.60
2010.09.23 04:18:52.785,2.1365,2.1374,1.00,1.60
2010.09.23 04:18:56.384,2.1366,2.1374,1.00,1.60
2010.09.23 04:18:56.548,2.1366,2.13745,1.00,3.60
2010.09.23 04:18:56.738,2.1366,2.1374,1.00,1.60
2010.09.23 04:18:57.471,2.1365,2.1374,1.00,1.60
2010.09.23 04:19:00.620,2.1365,2.1374,1.00,3.20
2010.09.23 04:19:06.109,2.1365,2.1374,1.00,1.60
2010.09.23 04:19:06.376,2.1365,2.1374,1.00,3.20
2010.09.23 04:19:08.227,2.1364,2.1374,1.00,3.20
2010.09.23 04:19:08.437,2.1364,2.1374,1.60,1.60
2010.09.23 04:19:09.018,2.1365,2.1374,1.00,1.60
2010.09.23 04:19:28.676,2.1364,2.1374,1.60,1.60
2010.09.23 04:19:29.611,2.1365,2.1374,1.00,1.60
2010.09.23 04:19:29.929,2.1364,2.1374,1.60,1.60
2010.09.23 04:19:58.063,2.1364,2.1374,1.60,1.60
2010.09.23 04:19:59.500,2.1364,2.1374,1.60,1.60
2010.09.23 04:20:08.797,2.13635,2.13745,1.00,1.00
2010.09.23 04:20:08.887,2.1364,2.13745,1.00,1.00
2010.09.23 04:20:09.413,2.1364,2.13745,1.60,1.00
2010.09.23 04:20:09.510,2.13655,2.13755,1.60,2.00
2010.09.23 04:20:12.687,2.13655,2.13755,1.60,1.60
2010.09.23 04:20:21.185,2.13655,2.1376,1.60,3.70
2010.09.23 04:20:21.457,2.13655,2.1376,1.60,3.60
2010.09.23 04:20:22.528,2.1366,2.1376,1.00,3.60
2010.09.23 04:20:42.147,2.13655,2.1376,1.60,3.60
2010.09.23 04:20:42.259,2.13655,2.13745,1.60,1.60
2010.09.23 04:20:42.318,2.1365,2.13745,1.00,3.20
2010.09.23 04:20:42.357,2.1364,2.13745,1.60,3.60
2010.09.23 04:20:42.898,2.1364,2.1374,1.60,1.60
2010.09.23 04:20:42.942,2.1364,2.1374,1.70,1.60
2010.09.23 04:20:48.935,2.13635,2.13735,1.60,1.60
2010.09.23 04:20:49.288,2.1365,2.13735,1.00,1.60
2010.09.23 04:20:49.449,2.1364,2.13735,1.00,1.60
2010.09.23 04:20:49.608,2.1365,2.1374,1.60,2.00
2010.09.23 04:20:50.234,2.1365,2.1375,1.60,1.60
2010.09.23 04:20:50.519,2.1366,2.1375,1.00,1.60
2010.09.23 04:20:50.809,2.1366,2.13745,1.00,2.00
2010.09.23 04:20:51.612,2.1366,2.13745,1.00,2.00
2010.09.23 04:20:51.938,2.1366,2.1376,1.00,5.20
2010.09.23 04:20:52.260,2.1365,2.13745,1.00,2.00
2010.09.23 04:20:53.072,2.13655,2.1376,1.60,3.60
2010.09.23 04:20:53.609,2.1366,2.1376,1.00,3.60
2010.09.23 04:20:56.080,2.1367,2.1376,1.00,3.60
2010.09.23 04:20:56.379,2.1367,2.1376,1.00,3.60
2010.09.23 04:20:56.928,2.1367,2.13765,1.00,1.60
2010.09.23 04:20:57.490,2.1366,2.13765,3.70,1.60
2010.09.23 04:20:58.197,2.1366,2.1376,3.30,1.00
2010.09.23 04:20:58.348,2.1366,2.1376,1.00,3.60
2010.09.23 04:20:59.790,2.1366,2.1376,1.00,3.70
2010.09.23 04:21:09.291,2.1367,2.1376,1.00,3.60
2010.09.23 04:21:12.008,2.1366,2.1376,1.00,3.20
2010.09.23 04:21:12.138,2.1366,2.1376,2.10,1.60
2010.09.23 04:21:12.268,2.1366,2.13765,3.70,1.60
2010.09.23 04:21:15.198,2.1366,2.1376,1.00,3.60
2010.09.23 04:21:16.447,2.1366,2.1376,1.00,3.70
2010.09.23 04:21:17.768,2.13655,2.13745,1.60,1.00
2010.09.23 04:21:17.940,2.1365,2.13745,1.00,2.00
2010.09.23 04:21:18.109,2.1365,2.13745,2.00,1.60
2010.09.23 04:21:18.327,2.13655,2.1376,1.60,3.60
2010.09.23 04:21:19.405,2.1366,2.1376,1.00,3.60
2010.09.23 04:21:21.649,2.1367,2.1376,1.00,3.60
2010.09.23 04:21:22.310,2.1367,2.1376,1.00,1.60
2010.09.23 04:21:22.640,2.1367,2.13765,1.00,1.60
2010.09.23 04:21:22.969,2.1366,2.13765,3.60,1.60
2010.09.23 04:21:23.298,2.1366,2.13765,3.20,1.60
2010.09.23 04:21:23.629,2.1366,2.13765,3.60,1.60
2010.09.23 04:21:24.648,2.1367,2.13765,1.00,1.60
2010.09.23 04:21:25.442,2.1366,2.13765,3.70,1.60
2010.09.23 04:21:26.688,2.1366,2.13765,3.60,1.60
2010.09.23 04:21:26.830,2.1367,2.1377,1.60,2.00
2010.09.23 04:21:26.970,2.1367,2.1377,1.60,3.20
2010.09.23 04:21:27.110,2.1366,2.13765,3.70,1.60
2010.09.23 04:21:27.379,2.1367,2.1377,1.60,1.60
2010.09.23 04:21:28.740,2.1367,2.1377,1.70,1.60
2010.09.23 04:21:29.640,2.1367,2.1377,1.60,1.60
2010.09.23 04:21:29.949,2.1367,2.1377,1.60,1.70
2010.09.23 04:21:30.098,2.1367,2.1377,1.60,2.10
2010.09.23 04:21:30.249,2.1366,2.13765,3.60,1.60
2010.09.23 04:21:30.399,2.1366,2.13755,1.00,1.60
2010.09.23 04:21:30.548,2.1366,2.13755,1.00,1.60
2010.09.23 04:21:31.045,2.1367,2.1376,1.60,1.00
2010.09.23 04:21:31.214,2.1366,2.13765,3.60,1.60
2010.09.23 04:21:33.107,2.1366,2.13765,3.60,1.60
2010.09.23 04:21:41.331,2.1366,2.13765,3.60,1.60
2010.09.23 04:21:41.607,2.1366,2.1376,3.20,1.00
2010.09.23 04:21:42.192,2.1366,2.13765,3.60,1.60
2010.09.23 04:21:43.429,2.1366,2.13765,3.60,1.60
2010.09.23 04:21:44.218,2.1366,2.13765,3.60,1.60
2010.09.23 04:21:45.519,2.1366,2.13765,3.70,1.60
2010.09.23 04:21:54.928,2.13665,2.13765,1.00,1.60
2010.09.23 04:21:55.328,2.1367,2.1377,1.60,1.70
2010.09.23 04:21:55.488,2.1367,2.1377,1.60,1.00
2010.09.23 04:21:56.473,2.1367,2.1377,1.70,1.00
2010.09.23 04:21:58.398,2.1367,2.13775,2.80,3.60
2010.09.23 04:21:58.467,2.13675,2.13775,1.60,3.60
2010.09.23 04:21:58.609,2.13685,2.13775,1.00,3.20
2010.09.23 04:21:59.225,2.13685,2.1378,2.00,1.70
2010.09.23 04:21:59.404,2.13675,2.1378,1.60,3.20
2010.09.23 04:21:59.580,2.13675,2.1378,2.00,3.20
2010.09.23 04:21:59.839,2.13675,2.1378,1.60,3.20
2010.09.23 04:22:00.101,2.1367,2.1377,1.60,1.60
2010.09.23 04:22:00.360,2.1367,2.1377,1.60,1.60
2010.09.23 04:22:03.589,2.1367,2.1377,1.60,1.60
2010.09.23 04:22:03.824,2.1367,2.1377,1.60,2.00
2010.09.23 04:22:04.159,2.13665,2.13765,1.60,1.60
2010.09.23 04:22:04.178,2.1366,2.13765,3.70,1.60
2010.09.23 04:23:04.559,2.1367,2.1377,1.00,1.00
2010.09.23 04:23:35.261,2.1366,2.1377,1.00,1.00
2010.09.23 04:23:36.982,2.1368,2.1377,1.00,1.00
2010.09.23 04:23:53.948,2.1368,2.1376,1.00,1.00
2010.09.23 04:23:54.212,2.1368,2.1376,1.00,2.00
2010.09.23 04:23:54.242,2.1368,2.1376,1.00,3.60
2010.09.23 04:23:57.313,2.1368,2.1376,1.00,3.20
2010.09.23 04:23:57.420,2.1368,2.1376,1.00,1.60
2010.09.23 04:23:57.458,2.1368,2.13765,1.00,1.60
2010.09.23 04:24:35.923,2.1367,2.13765,1.00,1.60
2010.09.23 04:24:36.608,2.1368,2.13765,1.00,1.60
2010.09.23 04:24:43.088,2.1367,2.13765,1.00,1.60
2010.09.23 04:24:43.200,2.1367,2.13765,1.00,3.20
2010.09.23 04:24:43.239,2.1367,2.13765,1.00,3.20
2010.09.23 04:24:43.331,2.1368,2.13765,1.00,3.20
2010.09.23 04:24:44.105,2.1368,2.1376,1.00,1.60
2010.09.23 04:24:44.293,2.1368,2.1376,1.00,3.20
2010.09.23 04:24:54.209,2.1366,2.1376,1.00,3.20
2010.09.23 04:24:54.812,2.13685,2.1376,2.00,1.60
2010.09.23 04:24:54.894,2.13685,2.1378,2.00,1.00
2010.09.23 04:24:55.321,2.13685,2.1379,2.00,3.20
2010.09.23 04:24:56.693,2.1369,2.1379,1.00,3.20
2010.09.23 04:24:58.801,2.13685,2.1378,2.00,1.00
2010.09.23 04:24:58.940,2.13685,2.1379,2.00,3.30
2010.09.23 04:24:59.080,2.1369,2.1379,1.60,1.70
2010.09.23 04:24:59.875,2.13695,2.1379,1.00,1.00
2010.09.23 04:25:16.096,2.13695,2.1378,1.00,1.00
2010.09.23 04:25:16.198,2.13695,2.1379,1.00,1.00
2010.09.23 04:25:16.400,2.13695,2.1378,1.00,1.00
2010.09.23 04:25:17.582,2.1369,2.13785,1.00,1.60
2010.09.23 04:25:17.909,2.1369,2.1379,1.00,3.30
2010.09.23 04:25:18.939,2.13695,2.1379,1.00,3.20
2010.09.23 04:25:19.269,2.13695,2.13795,1.00,3.20
2010.09.23 04:25:20.589,2.13695,2.1379,1.00,1.00
2010.09.23 04:25:24.511,2.13695,2.1378,1.00,1.60
2010.09.23 04:25:24.888,2.1368,2.1378,1.00,1.60
2010.09.23 04:25:25.180,2.1368,2.1378,1.00,1.60
2010.09.23 04:25:25.859,2.13675,2.13765,1.00,1.60
2010.09.23 04:25:33.008,2.13665,2.13765,1.00,1.60
2010.09.23 04:25:38.070,2.1367,2.13765,1.00,1.60
2010.09.23 04:25:39.410,2.13665,2.13765,1.00,1.60
2010.09.23 04:25:57.001,2.1368,2.13765,1.00,1.60
2010.09.23 04:25:57.551,2.1368,2.13765,1.00,1.60
2010.09.23 04:25:57.712,2.1368,2.1378,1.00,1.60
2010.09.23 04:25:58.401,2.1368,2.1378,1.00,1.60
2010.09.23 04:26:21.862,2.1368,2.1378,1.00,1.60
2010.09.23 04:26:21.960,2.1368,2.13775,1.00,3.20
2010.09.23 04:26:22.928,2.13675,2.13775,1.00,3.20
2010.09.23 04:26:23.530,2.13675,2.1377,1.00,1.00
2010.09.23 04:26:24.479,2.13675,2.13775,1.00,3.20
2010.09.23 04:26:35.299,2.1369,2.13775,1.00,3.20
2010.09.23 04:26:43.585,2.1368,2.13775,1.00,3.20
2010.09.23 04:26:43.700,2.1368,2.13775,1.00,3.20
2010.09.23 04:26:45.140,2.1368,2.13775,1.00,3.60
2010.09.23 04:27:19.369,2.1367,2.1376,1.60,1.00
2010.09.23 04:27:20.286,2.13655,2.1376,1.60,5.20
2010.09.23 04:27:20.341,2.1365,2.13745,1.00,1.60
2010.09.23 04:27:20.551,2.1365,2.1374,1.00,1.60
2010.09.23 04:27:21.388,2.1365,2.1373,1.00,2.00
2010.09.23 04:27:21.732,2.1365,2.1372,1.00,3.20
2010.09.23 04:27:22.629,2.1365,2.13725,1.00,1.60
2010.09.23 04:27:24.639,2.1365,2.1373,1.00,1.60
2010.09.23 04:27:24.959,2.1365,2.13725,1.00,1.60
2010.09.23 04:27:25.759,2.1365,2.13735,1.00,1.60
2010.09.23 04:27:26.201,2.1365,2.13745,1.00,1.60
2010.09.23 04:27:31.658,2.1364,2.13745,3.30,1.60
2010.09.23 04:27:45.377,2.1364,2.1374,3.20,1.00
2010.09.23 04:27:45.538,2.1364,2.1373,1.60,1.60
2010.09.23 04:27:45.659,2.1363,2.1373,1.60,3.20
2010.09.23 04:27:45.755,2.1363,2.13725,1.60,1.60
2010.09.23 04:27:45.790,2.1363,2.13725,1.60,2.00
2010.09.23 04:27:46.319,2.13625,2.1371,1.00,3.20
2010.09.23 04:27:47.549,2.13645,2.1371,1.00,3.20
2010.09.23 04:27:47.649,2.13645,2.1371,1.00,1.60
2010.09.23 04:27:47.749,2.13635,2.1371,1.60,1.00
2010.09.23 04:27:47.849,2.1363,2.1371,1.60,1.00
2010.09.23 04:27:48.488,2.1363,2.1372,1.60,1.00
2010.09.23 04:27:48.692,2.13625,2.13725,1.00,3.60
2010.09.23 04:27:53.120,2.1362,2.13725,3.20,3.60
2010.09.23 04:27:57.523,2.1362,2.1372,3.20,1.00
2010.09.23 04:28:00.470,2.1363,2.1372,1.00,1.00
2010.09.23 04:28:00.651,2.13635,2.1374,1.60,3.70
2010.09.23 04:28:29.613,2.13635,2.1373,1.60,1.00
2010.09.23 04:28:30.194,2.13635,2.1372,1.60,1.00
2010.09.23 04:28:30.325,2.13635,2.1373,1.60,1.00
2010.09.23 04:28:33.269,2.13635,2.1374,1.60,3.60
2010.09.23 04:28:33.399,2.13635,2.1374,1.60,3.70
2010.09.23 04:28:34.011,2.13635,2.1373,1.60,1.00
2010.09.23 04:28:38.415,2.13635,2.1372,1.60,1.00
2010.09.23 04:28:43.981,2.1364,2.1374,1.00,3.70
2010.09.23 04:28:44.638,2.13635,2.1374,1.60,3.60
2010.09.23 04:28:44.708,2.13635,2.1374,1.60,3.70
2010.09.23 04:28:48.867,2.1364,2.1374,1.00,3.60
2010.09.23 04:28:54.365,2.13635,2.1374,1.60,3.70
2010.09.23 04:28:54.409,2.13635,2.1374,1.60,3.30
2010.09.23 04:28:54.942,2.13635,2.1373,1.60,1.00
2010.09.23 04:28:55.598,2.13635,2.1373,1.60,1.00
2010.09.23 04:28:56.504,2.1364,2.1374,1.00,3.60
2010.09.23 04:28:56.853,2.1364,2.1374,1.00,3.70
2010.09.23 04:28:57.430,2.1364,2.1374,1.70,1.70
2010.09.23 04:28:57.680,2.1364,2.1374,1.70,1.00
2010.09.23 04:29:44.168,2.1364,2.1374,1.60,1.00
2010.09.23 04:29:45.118,2.1364,2.1374,1.60,1.00
2010.09.23 04:29:59.194,2.1364,2.1374,1.00,1.00
2010.09.23 04:30:08.878,2.13635,2.1374,1.00,1.00
2010.09.23 04:30:08.917,2.13645,2.1374,1.00,1.00
2010.09.23 04:30:09.169,2.1365,2.1374,1.60,1.00
2010.09.23 04:30:09.293,2.13655,2.1374,1.60,1.00
2010.09.23 04:30:09.331,2.13655,2.1374,3.20,1.00
2010.09.23 04:30:09.830,2.13655,2.1376,3.60,2.10
2010.09.23 04:30:10.047,2.1366,2.1376,1.60,1.00
2010.09.23 04:30:10.261,2.1367,2.1376,1.60,1.00
2010.09.23 04:30:10.470,2.1366,2.1376,1.60,1.00
2010.09.23 04:30:13.314,2.1366,2.1376,1.60,1.00
2010.09.23 04:30:19.092,2.1366,2.13765,1.70,1.60
2010.09.23 04:30:19.229,2.1366,2.13765,1.60,1.60
2010.09.23 04:30:21.141,2.1366,2.1376,1.60,1.00
2010.09.23 04:30:21.309,2.1366,2.1376,1.60,1.00
2010.09.23 04:30:36.831,2.13655,2.1376,2.00,1.70
2010.09.23 04:30:36.918,2.13655,2.1376,1.00,1.70
2010.09.23 04:30:36.999,2.13655,2.13755,1.00,1.60
2010.09.23 04:30:42.941,2.13655,2.13755,2.00,1.60
2010.09.23 04:30:43.059,2.1366,2.1376,1.60,1.00
2010.09.23 04:30:44.120,2.1366,2.1376,1.60,1.70
2010.09.23 04:30:44.168,2.13655,2.1376,2.00,3.30
2010.09.23 04:30:47.330,2.1366,2.1376,1.60,1.00
2010.09.23 04:30:48.720,2.13655,2.1375,3.60,1.00
2010.09.23 04:30:48.881,2.13655,2.13745,1.00,1.60
2010.09.23 04:30:49.512,2.13655,2.1375,1.00,3.20
2010.09.23 04:30:49.611,2.13655,2.1375,1.00,1.60
2010.09.23 04:30:50.411,2.13655,2.13745,1.00,1.60
2010.09.23 04:30:51.392,2.13655,2.1375,1.00,1.60
2010.09.23 04:30:52.074,2.1366,2.13745,1.00,1.60
2010.09.23 04:30:52.912,2.13655,2.13745,1.00,1.60
2010.09.23 04:30:53.131,2.1366,2.13765,3.60,1.60
2010.09.23 04:30:53.350,2.13665,2.13765,1.00,1.60
2010.09.23 04:30:54.498,2.1367,2.13765,1.00,1.60
2010.09.23 04:30:55.133,2.1365,2.13745,1.00,1.60
2010.09.23 04:30:55.460,2.1365,2.13755,2.10,3.20
2010.09.23 04:30:56.396,2.13655,2.13755,1.60,1.60
2010.09.23 04:30:56.550,2.13655,2.1375,1.60,1.00
2010.09.23 04:31:02.953,2.1366,2.1376,3.60,1.00
2010.09.23 04:31:03.349,2.1366,2.1376,3.20,1.00
2010.09.23 04:31:03.589,2.13655,2.1376,1.60,3.60
2010.09.23 04:31:03.629,2.13655,2.1375,1.60,1.00
2010.09.23 04:31:04.060,2.1365,2.1375,1.70,1.00
2010.09.23 04:31:05.478,2.1365,2.13755,1.60,3.60
2010.09.23 04:31:06.062,2.13645,2.1373,2.00,1.60
2010.09.23 04:31:06.405,2.13645,2.13715,1.00,1.60
2010.09.23 04:31:06.750,2.13645,2.13725,1.00,1.60
2010.09.23 04:31:08.235,2.13645,2.1372,1.00,3.20
2010.09.23 04:31:15.790,2.1364,2.1372,1.00,3.20
2010.09.23 04:31:27.439,2.1362,2.1372,1.00,3.20
2010.09.23 04:31:30.199,2.1363,2.1372,1.00,3.20
2010.09.23 04:31:35.760,2.1362,2.1372,1.00,3.20
2010.09.23 04:31:37.039,2.1363,2.1372,1.00,3.20
2010.09.23 04:31:39.926,2.1362,2.1372,1.00,3.20
2010.09.23 04:31:41.603,2.1363,2.1372,1.00,3.20
2010.09.23 04:31:44.081,2.1362,2.1372,1.00,3.20
2010.09.23 04:31:44.980,2.1364,2.1372,1.00,3.20
2010.09.23 04:31:45.532,2.1362,2.1372,1.00,3.20
2010.09.23 04:31:47.170,2.1364,2.1372,1.00,3.20
2010.09.23 04:31:47.886,2.1362,2.1372,1.00,3.20
2010.09.23 04:31:48.013,2.1364,2.1372,1.00,3.20
2010.09.23 04:31:50.451,2.1362,2.1372,1.00,3.20
2010.09.23 04:31:53.157,2.1364,2.1372,1.00,3.20
2010.09.23 04:31:56.793,2.1363,2.13725,1.00,2.00
2010.09.23 04:31:57.130,2.1363,2.1372,1.00,1.60
2010.09.23 04:31:57.349,2.1362,2.1372,1.60,1.60
2010.09.23 04:31:58.316,2.1362,2.13725,1.60,1.60
2010.09.23 04:31:59.489,2.1363,2.1373,1.60,1.60
2010.09.23 04:32:00.571,2.1363,2.1373,1.60,1.60
2010.09.23 04:32:22.576,2.1365,2.1373,1.00,1.60
2010.09.23 04:32:23.680,2.1364,2.1373,1.00,1.60
2010.09.23 04:32:24.570,2.1365,2.1373,1.00,1.60
2010.09.23 04:32:42.148,2.1363,2.1373,1.60,1.60
2010.09.23 04:32:42.383,2.1365,2.1373,1.00,1.60
2010.09.23 04:32:43.399,2.1363,2.1373,1.60,1.60
2010.09.23 04:32:49.102,2.1365,2.1373,1.00,1.60
2010.09.23 04:32:50.639,2.1364,2.1373,1.00,1.60
2010.09.23 04:32:51.231,2.1363,2.1373,1.60,1.60
2010.09.23 04:33:00.889,2.1363,2.1373,1.00,1.00
2010.09.23 04:33:17.653,2.13625,2.1373,2.00,3.20
2010.09.23 04:33:17.983,2.13605,2.13705,1.00,3.60
2010.09.23 04:33:18.311,2.13615,2.13705,1.60,2.00
2010.09.23 04:33:18.823,2.1361,2.13705,1.00,3.60
2010.09.23 04:33:20.431,2.1361,2.13705,1.00,3.60
2010.09.23 04:33:32.934,2.1361,2.13705,1.00,4.00
2010.09.23 04:33:35.405,2.136,2.137,1.60,1.00
2010.09.23 04:33:53.831,2.1361,2.13705,1.00,3.60
2010.09.23 04:33:55.562,2.1361,2.13705,1.00,3.20
2010.09.23 04:33:55.772,2.13615,2.13715,1.60,1.60
2010.09.23 04:33:56.657,2.13615,2.1371,1.60,1.00
2010.09.23 04:34:29.519,2.13615,2.1371,1.60,1.00
2010.09.23 04:34:30.136,2.1361,2.13705,1.60,2.00
2010.09.23 04:34:30.460,2.136,2.13705,1.60,3.60
2010.09.23 04:34:30.790,2.136,2.137,1.60,1.00
2010.09.23 04:34:51.715,2.1362,2.13705,1.00,3.60
2010.09.23 04:34:53.097,2.136,2.137,1.60,1.00
2010.09.23 04:34:54.219,2.1362,2.13705,1.00,3.60
2010.09.23 04:34:55.555,2.1363,2.13705,1.00,3.60
2010.09.23 04:34:55.901,2.1363,2.13705,1.00,2.00
2010.09.23 04:34:56.140,2.1363,2.13705,1.00,1.00
2010.09.23 04:34:57.740,2.1363,2.1371,1.00,1.60
2010.09.23 04:34:57.910,2.1362,2.1371,1.00,1.60
2010.09.23 04:34:58.079,2.1362,2.13715,1.00,3.20
2010.09.23 04:34:58.733,2.1364,2.1373,1.00,1.00
2010.09.23 04:35:00.125,2.1365,2.1373,1.00,1.00
2010.09.23 04:35:01.141,2.1365,2.1372,1.00,1.00
2010.09.23 04:35:02.242,2.1363,2.1372,1.00,1.00
2010.09.23 04:35:02.487,2.1365,2.1372,1.00,1.00
2010.09.23 04:35:03.211,2.1363,2.1372,1.00,3.60
2010.09.23 04:35:03.412,2.1363,2.1372,1.00,2.00
2010.09.23 04:35:03.612,2.1363,2.1372,1.00,3.60
2010.09.23 04:35:03.813,2.1364,2.1372,1.00,3.60
2010.09.23 04:35:04.014,2.1364,2.1372,1.00,2.00
2010.09.23 04:35:04.561,2.1364,2.1372,1.00,1.00
2010.09.23 04:35:04.842,2.1365,2.1372,1.00,1.00
2010.09.23 04:35:05.121,2.1363,2.1372,1.00,1.00
2010.09.23 04:35:05.400,2.1363,2.1372,1.00,3.20
2010.09.23 04:35:06.233,2.1365,2.1372,1.00,2.00
2010.09.23 04:35:06.550,2.1363,2.1372,1.00,1.00
2010.09.23 04:35:07.426,2.1363,2.1372,1.00,2.00
2010.09.23 04:35:07.772,2.1363,2.1372,1.00,3.60
2010.09.23 04:35:12.151,2.1364,2.1372,1.00,3.60
2010.09.23 04:35:31.910,2.1362,2.1372,1.00,3.60
2010.09.23 04:35:31.991,2.1363,2.1372,1.60,2.00
2010.09.23 04:35:32.523,2.1363,2.1372,1.00,3.60
2010.09.23 04:35:32.860,2.1364,2.1372,1.00,3.60
2010.09.23 04:35:33.200,2.1364,2.1372,1.00,3.60
2010.09.23 04:35:52.291,2.1364,2.1372,1.00,3.20
2010.09.23 04:35:52.701,2.1364,2.13735,1.00,3.60
2010.09.23 04:35:54.574,2.1365,2.13735,1.00,3.60
2010.09.23 04:36:02.781,2.1365,2.13735,1.00,3.20
2010.09.23 04:36:03.022,2.1365,2.1375,2.00,1.00
2010.09.23 04:36:03.261,2.1365,2.1375,1.00,3.60
2010.09.23 04:36:03.381,2.1366,2.1376,1.60,1.60
2010.09.23 04:36:04.472,2.1366,2.1376,1.60,1.60
2010.09.23 04:36:05.459,2.1366,2.1376,1.70,1.70
2010.09.23 04:36:07.986,2.1367,2.1376,1.00,1.60
2010.09.23 04:36:08.123,2.1367,2.1376,1.00,1.60
2010.09.23 04:36:08.951,2.13685,2.1376,1.00,1.60
2010.09.23 04:36:09.171,2.13685,2.13775,3.60,1.00
2010.09.23 04:36:13.076,2.13685,2.1377,3.60,1.00
2010.09.23 04:36:14.629,2.13685,2.1379,3.60,1.60
2010.09.23 04:36:14.818,2.13685,2.1379,3.60,1.70
2010.09.23 04:36:14.860,2.137,2.1379,1.00,1.70
2010.09.23 04:36:15.081,2.137,2.1379,1.60,1.00
2010.09.23 04:36:15.159,2.13685,2.1379,3.60,1.70
2010.09.23 04:36:15.478,2.13685,2.1378,3.60,1.00
2010.09.23 04:36:16.799,2.13685,2.1377,3.60,1.00
2010.09.23 04:36:18.766,2.13675,2.1377,1.60,1.00
2010.09.23 04:36:19.480,2.13675,2.1376,1.60,1.00
2010.09.23 04:36:20.612,2.13675,2.1376,1.60,1.60
2010.09.23 04:36:20.912,2.1367,2.13735,1.00,1.00
2010.09.23 04:36:21.210,2.1367,2.13735,1.00,2.00
2010.09.23 04:36:21.510,2.1367,2.13735,1.00,3.60
2010.09.23 04:36:22.967,2.1366,2.13735,1.60,3.60
2010.09.23 04:36:23.399,2.1367,2.13735,1.00,3.60
2010.09.23 04:36:23.530,2.1366,2.13735,1.60,3.60
2010.09.23 04:36:24.187,2.1366,2.1373,1.60,1.00
2010.09.23 04:36:25.493,2.1366,2.13735,1.60,3.60
2010.09.23 04:36:32.966,2.1364,2.13735,1.00,3.60
2010.09.23 04:36:41.900,2.1364,2.13735,1.00,3.20
2010.09.23 04:37:04.132,2.13645,2.13735,1.00,3.20
2010.09.23 04:37:04.346,2.13645,2.13735,1.00,1.60
2010.09.23 04:37:04.399,2.13645,2.1375,2.00,3.20
2010.09.23 04:37:05.480,2.1365,2.1375,1.00,3.30
2010.09.23 04:37:41.892,2.1366,2.1375,1.00,3.20
2010.09.23 04:37:59.089,2.1365,2.1375,1.00,3.20
2010.09.23 04:37:59.326,2.1366,2.1375,1.00,3.20
2010.09.23 04:37:59.424,2.1366,2.1375,2.00,1.60
2010.09.23 04:37:59.440,2.1366,2.13755,2.00,1.00
2010.09.23 04:38:00.554,2.1366,2.13755,2.10,1.00
2010.09.23 04:38:03.404,2.1366,2.1376,2.10,1.70
2010.09.23 04:38:08.408,2.1366,2.1375,2.00,1.00
2010.09.23 04:38:08.988,2.1366,2.1375,1.60,1.00
2010.09.23 04:38:12.999,2.1366,2.1376,1.60,1.60
2010.09.23 04:38:13.069,2.1366,2.1376,2.00,1.60
2010.09.23 04:38:22.915,2.1368,2.1376,1.00,1.60
2010.09.23 04:38:23.220,2.1366,2.1376,2.00,1.60
2010.09.23 04:38:33.352,2.1366,2.1376,3.20,1.60
2010.09.23 04:38:33.439,2.1366,2.1376,1.70,1.60
2010.09.23 04:38:34.421,2.1367,2.1376,1.00,3.20
2010.09.23 04:38:34.762,2.1366,2.1375,1.00,3.20
2010.09.23 04:38:35.284,2.1366,2.1376,1.60,1.60
2010.09.23 04:38:35.748,2.1366,2.1376,2.00,1.60
2010.09.23 04:38:36.881,2.1366,2.1376,2.00,1.60
2010.09.23 04:38:59.511,2.1366,2.1376,2.10,1.70
2010.09.23 04:39:18.821,2.1367,2.1376,1.00,1.60
2010.09.23 04:39:36.016,2.1367,2.1377,1.00,1.00
2010.09.23 04:39:36.323,2.1366,2.1376,1.00,1.00
2010.09.23 04:39:43.290,2.1366,2.1376,1.00,1.00
2010.09.23 04:39:49.932,2.1366,2.1376,1.00,1.00
2010.09.23 04:40:02.939,2.1366,2.1377,1.00,1.00
2010.09.23 04:40:03.060,2.1366,2.1375,1.00,1.00
2010.09.23 04:40:03.193,2.1365,2.13735,1.00,1.60
2010.09.23 04:40:03.321,2.1365,2.13735,1.00,3.20
2010.09.23 04:40:04.711,2.1365,2.1373,1.00,2.00
2010.09.23 04:40:05.011,2.1364,2.1373,1.00,1.60
2010.09.23 04:40:05.160,2.1364,2.13735,1.00,3.20
2010.09.23 04:40:05.430,2.1364,2.1373,1.00,1.60
2010.09.23 04:40:05.570,2.1364,2.1373,1.00,1.60
2010.09.23 04:40:06.119,2.1364,2.13735,1.00,1.60
2010.09.23 04:40:06.284,2.1364,2.1374,1.00,1.60
2010.09.23 04:40:07.231,2.13655,2.1374,1.00,1.60
2010.09.23 04:40:07.451,2.13655,2.1375,1.00,1.00
2010.09.23 04:40:08.249,2.13655,2.1375,1.00,1.00
2010.09.23 04:40:09.006,2.1365,2.1375,2.00,1.00
2010.09.23 04:40:09.500,2.1365,2.1375,1.00,3.60
2010.09.23 04:40:13.289,2.1365,2.1375,1.00,3.20
2010.09.23 04:40:16.653,2.1365,2.1374,1.00,1.00
2010.09.23 04:40:16.692,2.1365,2.1375,1.00,3.30
2010.09.23 04:40:16.814,2.1365,2.1374,1.00,1.00
2010.09.23 04:40:17.134,2.1365,2.1374,1.00,1.00
2010.09.23 04:40:21.122,2.1365,2.1373,1.00,1.00
2010.09.23 04:40:21.299,2.1365,2.1374,1.00,1.00
2010.09.23 04:40:27.350,2.1365,2.1374,1.00,1.00
2010.09.23 04:40:27.509,2.13645,2.1374,2.00,1.00
2010.09.23 04:40:27.672,2.13645,2.1373,2.00,1.00
2010.09.23 04:40:29.062,2.13645,2.1374,2.00,1.00
2010.09.23 04:40:37.961,2.1366,2.1375,1.00,3.20
2010.09.23 04:40:38.141,2.1366,2.1375,2.00,1.00
2010.09.23 04:40:40.201,2.13675,2.1376,1.00,1.60
2010.09.23 04:40:40.431,2.13675,2.1376,2.00,1.00
2010.09.23 04:40:41.261,2.1368,2.1376,1.00,1.00
2010.09.23 04:40:42.113,2.1368,2.1376,1.00,1.00
2010.09.23 04:40:44.109,2.1368,2.13775,1.00,1.60
2010.09.23 04:40:44.210,2.1368,2.1376,1.00,1.60
2010.09.23 04:40:44.331,2.13675,2.1376,1.60,1.60
2010.09.23 04:40:44.361,2.13675,2.1375,1.60,1.60
2010.09.23 04:40:44.390,2.1365,2.1375,1.00,3.20
2010.09.23 04:40:45.753,2.1368,2.1375,1.00,3.20
2010.09.23 04:40:46.046,2.13665,2.1376,1.00,1.70
2010.09.23 04:40:46.092,2.1368,2.1377,1.00,1.60
2010.09.23 04:40:46.300,2.13675,2.1377,1.60,1.60
2010.09.23 04:40:46.522,2.1367,2.1376,1.60,1.60
2010.09.23 04:40:46.941,2.1367,2.1376,1.00,1.60
2010.09.23 04:40:48.162,2.1365,2.1375,1.00,3.20
2010.09.23 04:40:49.495,2.1365,2.1375,1.00,3.20
2010.09.23 04:40:50.141,2.1365,2.1375,1.00,3.20
2010.09.23 04:40:50.180,2.1365,2.13745,1.00,1.60
2010.09.23 04:40:50.221,2.1365,2.13745,1.00,1.60
2010.09.23 04:40:50.302,2.1365,2.13735,1.00,1.60
2010.09.23 04:40:50.830,2.1365,2.13735,1.00,3.20
2010.09.23 04:40:52.442,2.1365,2.13735,1.00,3.20
2010.09.23 04:40:57.501,2.1364,2.13735,1.00,3.20
2010.09.23 04:40:57.622,2.1364,2.13735,1.00,3.20
2010.09.23 04:41:05.040,2.13645,2.13735,1.60,1.60
2010.09.23 04:41:05.098,2.1365,2.13745,1.00,1.00
2010.09.23 04:41:06.450,2.1365,2.13745,1.00,1.00
2010.09.23 04:41:06.730,2.1365,2.13745,1.00,1.00
2010.09.23 04:41:06.872,2.13665,2.13745,1.00,1.00
2010.09.23 04:41:07.150,2.13675,2.13745,1.60,1.00
2010.09.23 04:41:07.290,2.1368,2.13745,1.00,1.00
2010.09.23 04:41:12.388,2.1368,2.13745,1.00,1.00
2010.09.23 04:41:13.176,2.1368,2.1376,1.00,1.60
2010.09.23 04:41:22.696,2.1368,2.1376,1.00,1.70
2010.09.23 04:41:22.732,2.1368,2.1376,1.00,1.60
2010.09.23 04:41:23.052,2.1368,2.13775,1.00,1.60
2010.09.23 04:41:23.389,2.1368,2.13775,1.00,2.00
2010.09.23 04:41:26.875,2.1368,2.13775,1.00,2.00
2010.09.23 04:41:26.920,2.1368,2.13775,1.00,2.00
2010.09.23 04:41:26.991,2.13685,2.13775,1.60,1.00
2010.09.23 04:41:27.101,2.1369,2.13775,1.00,1.00
2010.09.23 04:41:28.601,2.1369,2.13775,1.00,1.00
2010.09.23 04:41:40.336,2.1369,2.1378,1.00,1.00
2010.09.23 04:41:41.642,2.137,2.1378,1.00,1.00
2010.09.23 04:41:42.773,2.1369,2.1378,1.00,1.00
2010.09.23 04:41:46.935,2.1369,2.1378,1.00,1.00
2010.09.23 04:41:51.690,2.1368,2.1378,1.60,1.00
2010.09.23 04:41:52.205,2.1369,2.1378,1.00,1.00
2010.09.23 04:41:53.054,2.1369,2.13785,1.00,3.20
2010.09.23 04:41:57.920,2.1368,2.13785,1.60,3.20
2010.09.23 04:42:02.561,2.1369,2.13785,1.00,3.20
2010.09.23 04:42:08.830,2.1369,2.13785,1.00,3.20
2010.09.23 04:42:08.871,2.1369,2.13785,1.00,1.60
2010.09.23 04:42:08.942,2.137,2.1379,1.00,1.60
2010.09.23 04:42:09.082,2.137,2.13795,1.00,3.60
2010.09.23 04:42:09.636,2.137,2.1379,1.00,1.60
2010.09.23 04:42:36.950,2.1369,2.1379,1.00,1.60
2010.09.23 04:42:56.437,2.1369,2.1379,1.00,3.20
2010.09.23 04:42:56.540,2.1369,2.13775,1.00,1.60
2010.09.23 04:43:00.948,2.137,2.13775,1.00,1.60
2010.09.23 04:43:10.907,2.1368,2.13775,1.00,1.60
2010.09.23 04:43:15.241,2.1367,2.13775,3.30,1.60
2010.09.23 04:43:15.400,2.1367,2.1376,1.00,1.60
2010.09.23 04:43:16.751,2.13655,2.1376,3.20,1.60
2010.09.23 04:43:17.051,2.1367,2.1376,1.00,1.60
2010.09.23 04:43:27.638,2.1367,2.1376,1.00,1.60
2010.09.23 04:43:34.126,2.1366,2.1376,1.00,1.60
2010.09.23 04:43:34.812,2.1367,2.1376,1.00,1.60
2010.09.23 04:43:38.060,2.1366,2.1376,1.00,1.60
2010.09.23 04:43:48.662,2.1366,2.13755,1.00,3.20
2010.09.23 04:44:00.602,2.1366,2.13755,1.00,3.20
2010.09.23 04:44:11.637,2.13655,2.1375,1.00,1.00
2010.09.23 04:44:11.857,2.13655,2.13755,1.00,3.20
2010.09.23 04:44:11.960,2.13655,2.13755,1.00,4.80
2010.09.23 04:44:12.059,2.1365,2.13755,1.60,5.20
2010.09.23 04:44:12.161,2.1364,2.1374,1.00,1.60
2010.09.23 04:44:13.855,2.1364,2.1374,1.00,1.60
2010.09.23 04:44:14.906,2.1365,2.1374,1.00,1.60
2010.09.23 04:44:15.202,2.13635,2.1374,4.80,1.60
2010.09.23 04:44:15.492,2.1365,2.13755,2.70,3.20
2010.09.23 04:44:15.780,2.13665,2.1376,1.60,1.00
2010.09.23 04:44:16.071,2.13665,2.1377,1.60,3.20
2010.09.23 04:44:16.940,2.1367,2.1377,1.00,3.20
2010.09.23 04:44:17.714,2.1368,2.1377,1.00,3.20
2010.09.23 04:44:19.055,2.1368,2.13765,1.00,1.60
2010.09.23 04:44:19.304,2.1366,2.13755,1.00,3.20
2010.09.23 04:44:19.909,2.1366,2.13755,1.00,3.20
2010.09.23 04:44:25.481,2.1367,2.1376,1.00,2.00
2010.09.23 04:44:32.847,2.1366,2.1376,1.00,2.00
2010.09.23 04:44:34.051,2.1367,2.1376,1.00,2.00
2010.09.23 04:44:36.075,2.13645,2.13745,1.60,1.60
2010.09.23 04:44:36.221,2.1365,2.13755,1.60,3.20
2010.09.23 04:44:36.562,2.1365,2.1374,1.60,1.00
2010.09.23 04:44:37.392,2.1365,2.1375,1.60,1.00
2010.09.23 04:44:42.950,2.1366,2.13755,1.00,3.20
2010.09.23 04:44:43.230,2.1366,2.13755,1.00,3.20
2010.09.23 04:44:50.157,2.1365,2.13755,2.10,3.20
2010.09.23 04:44:50.301,2.1365,2.1375,1.60,1.00
2010.09.23 04:44:50.592,2.1365,2.1375,1.70,1.00
2010.09.23 04:44:50.740,2.1365,2.1375,1.60,1.00
2010.09.23 04:44:51.654,2.1366,2.13755,1.00,3.20
2010.09.23 04:44:51.982,2.1365,2.1375,1.60,1.00
2010.09.23 04:44:52.980,2.1366,2.13755,1.00,3.20
2010.09.23 04:44:54.693,2.1365,2.1375,1.70,1.00
2010.09.23 04:45:05.629,2.1365,2.1374,1.60,1.00
2010.09.23 04:45:05.695,2.1365,2.1375,1.60,1.00
2010.09.23 04:45:05.842,2.1365,2.1374,1.60,1.00
2010.09.23 04:45:06.672,2.1365,2.1375,1.70,1.00
2010.09.23 04:45:06.712,2.1365,2.1373,1.60,1.00
2010.09.23 04:45:07.056,2.1365,2.1374,1.60,1.00
2010.09.23 04:45:07.898,2.1365,2.1373,1.60,1.00
2010.09.23 04:45:08.150,2.1365,2.1373,1.60,1.00
2010.09.23 04:45:08.747,2.1365,2.1374,1.60,1.00
2010.09.23 04:45:08.944,2.1365,2.1373,1.60,1.00
2010.09.23 04:45:10.932,2.1365,2.1374,1.60,1.00
2010.09.23 04:45:11.062,2.1365,2.1374,1.60,1.00
2010.09.23 04:45:11.708,2.1365,2.1373,1.60,1.00
2010.09.23 04:45:13.531,2.1365,2.1372,1.60,1.00
2010.09.23 04:45:13.841,2.13635,2.1374,1.60,3.20
2010.09.23 04:45:13.951,2.13635,2.1374,1.60,3.20
2010.09.23 04:45:14.561,2.1363,2.13725,1.00,3.20
2010.09.23 04:45:16.873,2.1363,2.1372,1.00,1.00
2010.09.23 04:45:17.511,2.1363,2.1372,1.00,1.00
2010.09.23 04:45:19.132,2.13635,2.1374,1.60,3.20
2010.09.23 04:45:19.292,2.13635,2.1374,2.70,3.20
2010.09.23 04:45:19.360,2.13635,2.1374,4.30,3.20
2010.09.23 04:45:19.419,2.1365,2.1374,1.60,1.60
2010.09.23 04:45:20.402,2.1365,2.1375,1.60,1.00
2010.09.23 04:45:20.673,2.1365,2.1375,1.60,1.00
2010.09.23 04:45:21.420,2.1365,2.1375,1.70,1.00
2010.09.23 04:45:25.689,2.1365,2.13755,1.60,3.20
2010.09.23 04:45:25.775,2.13665,2.13765,1.60,1.00
2010.09.23 04:45:26.507,2.1367,2.13765,1.00,1.00
2010.09.23 04:45:26.614,2.13665,2.1376,1.60,1.00
2010.09.23 04:45:27.391,2.13665,2.1375,1.60,1.00
2010.09.23 04:45:30.934,2.1367,2.13765,1.00,1.00
2010.09.23 04:45:33.359,2.1367,2.1377,1.00,3.30
2010.09.23 04:45:36.951,2.1368,2.1377,1.00,3.20
2010.09.23 04:45:37.183,2.1367,2.1377,1.00,3.20
2010.09.23 04:45:37.871,2.1368,2.1377,1.00,3.20
2010.09.23 04:45:38.725,2.1369,2.1377,1.00,3.20
2010.09.23 04:45:39.669,2.1369,2.13785,1.00,1.60
2010.09.23 04:45:40.493,2.137,2.13785,1.00,1.60
2010.09.23 04:45:41.160,2.137,2.1378,1.00,1.60
2010.09.23 04:45:41.430,2.137,2.1377,1.00,3.20
2010.09.23 04:45:41.980,2.137,2.1377,1.00,3.60
2010.09.23 04:45:42.115,2.1367,2.13765,1.00,3.20
2010.09.23 04:45:43.744,2.1367,2.1376,1.00,1.00
2010.09.23 04:45:44.552,2.1368,2.1376,1.00,1.00
2010.09.23 04:45:45.012,2.1367,2.1376,1.00,2.00
2010.09.23 04:45:45.680,2.1367,2.1375,1.00,1.60
2010.09.23 04:45:45.824,2.1367,2.1376,1.00,1.00
2010.09.23 04:45:48.031,2.1367,2.1374,1.00,3.20
2010.09.23 04:45:48.550,2.1367,2.1374,1.00,3.20
2010.09.23 04:45:49.230,2.1365,2.13735,1.00,1.60
2010.09.23 04:45:49.461,2.1365,2.13725,1.00,3.20
2010.09.23 04:45:50.390,2.1365,2.13725,1.00,3.20
2010.09.23 04:45:50.531,2.1365,2.13725,1.00,3.20
2010.09.23 04:45:52.295,2.1366,2.13725,1.00,3.20
2010.09.23 04:45:55.521,2.1364,2.1374,1.00,3.60
2010.09.23 04:45:56.451,2.1365,2.1374,1.00,3.60
2010.09.23 04:45:56.575,2.1365,2.1374,1.00,3.60
2010.09.23 04:45:57.442,2.1366,2.1374,1.00,3.60
2010.09.23 04:45:57.921,2.1364,2.1374,1.00,3.60
2010.09.23 04:45:58.437,2.13645,2.1374,1.60,3.60
2010.09.23 04:45:58.636,2.13665,2.1374,1.60,1.00
2010.09.23 04:46:00.535,2.1367,2.1374,1.00,1.00
2010.09.23 04:46:03.053,2.1367,2.1374,1.00,1.00
2010.09.23 04:46:03.400,2.1366,2.1374,1.00,1.00
2010.09.23 04:46:03.500,2.1366,2.13755,1.00,3.20
2010.09.23 04:46:03.610,2.1366,2.1374,1.00,3.20
2010.09.23 04:46:05.654,2.1366,2.1374,1.00,3.20
2010.09.23 04:46:07.515,2.1366,2.1374,1.00,3.20
2010.09.23 04:46:09.594,2.1367,2.1374,1.00,3.20
2010.09.23 04:46:11.176,2.1365,2.1374,1.00,3.20
2010.09.23 04:46:11.514,2.1367,2.13755,1.00,3.60
2010.09.23 04:46:11.581,2.1367,2.1375,1.00,1.60
2010.09.23 04:46:11.651,2.1367,2.1374,1.00,1.60
2010.09.23 04:46:11.720,2.1367,2.1374,1.00,3.20
2010.09.23 04:46:18.068,2.1365,2.1374,1.00,3.20
2010.09.23 04:46:18.238,2.1367,2.1374,1.00,3.20
2010.09.23 04:46:21.732,2.1365,2.1374,1.10,3.20
2010.09.23 04:46:21.871,2.1366,2.1374,1.00,3.20
2010.09.23 04:46:22.404,2.1366,2.13745,1.60,1.00
2010.09.23 04:46:22.547,2.1367,2.13745,1.00,1.00
2010.09.23 04:46:22.660,2.1367,2.1374,1.00,1.60
2010.09.23 04:46:23.220,2.1367,2.1374,1.00,3.20
2010.09.23 04:46:23.971,2.1365,2.1374,1.00,3.20
2010.09.23 04:46:25.495,2.1365,2.1374,1.00,3.20
2010.09.23 04:46:25.675,2.1366,2.1374,1.00,3.20
2010.09.23 04:46:26.313,2.1365,2.1374,1.00,3.20
2010.09.23 04:46:26.366,2.1366,2.1374,1.00,3.20
2010.09.23 04:46:27.327,2.1367,2.1374,1.00,3.20
2010.09.23 04:46:42.190,2.1366,2.1374,1.00,3.20
2010.09.23 04:46:42.340,2.1366,2.1373,1.00,1.60
2010.09.23 04:46:46.142,2.1365,2.1373,1.00,1.60
2010.09.23 04:46:46.392,2.1365,2.13725,1.00,1.60
2010.09.23 04:46:47.491,2.1365,2.13725,1.00,1.60
2010.09.23 04:46:47.651,2.1366,2.13725,1.00,1.60
2010.09.23 04:46:47.811,2.1366,2.1374,1.00,3.20
2010.09.23 04:46:49.312,2.1367,2.1374,1.00,3.20
2010.09.23 04:46:53.634,2.1367,2.1374,1.00,3.60
2010.09.23 04:46:53.765,2.13645,2.1374,1.60,1.00
2010.09.23 04:46:54.203,2.1364,2.1373,1.00,1.60
2010.09.23 04:46:55.642,2.1365,2.1373,1.00,1.60
2010.09.23 04:46:58.067,2.1363,2.1373,1.00,1.60
2010.09.23 04:46:58.201,2.1363,2.13725,1.00,1.60
2010.09.23 04:46:58.350,2.13635,2.13725,1.00,1.60
2010.09.23 04:46:58.502,2.13635,2.1371,1.00,1.60
2010.09.23 04:46:58.651,2.1363,2.1373,1.00,1.60
2010.09.23 04:46:59.306,2.1364,2.1374,1.00,3.60
2010.09.23 04:47:00.417,2.1364,2.1374,1.00,3.60
2010.09.23 04:47:00.601,2.1364,2.1374,1.00,3.60
2010.09.23 04:47:05.211,2.1365,2.1374,1.00,3.60
2010.09.23 04:47:05.861,2.1365,2.1374,1.00,1.00
2010.09.23 04:47:06.682,2.1366,2.1374,1.00,1.00
2010.09.23 04:47:07.502,2.1367,2.1374,1.00,1.00
2010.09.23 04:47:08.033,2.1366,2.1374,1.00,1.00
2010.09.23 04:47:08.665,2.1366,2.1374,1.00,1.00
2010.09.23 04:47:11.356,2.1367,2.1374,1.00,1.00
2010.09.23 04:47:11.613,2.1367,2.1374,1.60,1.00
2010.09.23 04:47:11.702,2.1368,2.1374,1.00,1.00
2010.09.23 04:47:11.791,2.1368,2.1374,1.00,1.00
2010.09.23 04:47:12.664,2.13685,2.13785,2.00,1.60
2010.09.23 04:47:13.855,2.1369,2.13785,1.00,1.60
2010.09.23 04:47:14.482,2.1368,2.1378,1.00,1.60
2010.09.23 04:47:15.329,2.13675,2.1378,3.20,1.60
2010.09.23 04:47:15.598,2.1368,2.13775,1.00,3.20
2010.09.23 04:47:29.250,2.1367,2.13775,1.60,3.20
2010.09.23 04:47:29.980,2.1367,2.13775,3.20,3.20
2010.09.23 04:47:32.562,2.1368,2.13775,1.00,3.20
2010.09.23 04:47:37.411,2.1367,2.13755,1.60,1.60
2010.09.23 04:47:37.542,2.1367,2.13745,1.60,1.60
2010.09.23 04:47:37.580,2.1366,2.13745,1.00,3.20
2010.09.23 04:47:37.591,2.1366,2.13745,1.00,3.20
2010.09.23 04:47:39.600,2.1366,2.13745,1.00,3.20
2010.09.23 04:47:42.941,2.13645,2.13745,1.60,3.20
2010.09.23 04:47:43.061,2.13645,2.1374,1.60,1.60
2010.09.23 04:47:43.241,2.13645,2.1373,1.60,3.20
2010.09.23 04:47:45.561,2.13645,2.1373,1.60,1.60
2010.09.23 04:47:45.640,2.13645,2.13735,1.60,1.60
2010.09.23 04:47:46.041,2.1364,2.13735,1.00,1.60
2010.09.23 04:47:48.127,2.1365,2.13735,1.00,1.60
2010.09.23 04:47:49.460,2.1364,2.13735,1.00,1.60
2010.09.23 04:47:52.180,2.13645,2.1375,1.60,3.20
2010.09.23 04:47:53.503,2.1365,2.1375,1.00,3.20
2010.09.23 04:47:54.487,2.1366,2.1375,1.00,3.20
2010.09.23 04:47:56.944,2.1367,2.1375,1.00,3.20
2010.09.23 04:47:57.035,2.1367,2.1375,1.00,3.20
2010.09.23 04:47:59.325,2.1367,2.1375,1.00,1.60
2010.09.23 04:47:59.401,2.1367,2.1376,1.00,1.60
2010.09.23 04:48:00.487,2.1368,2.1376,1.00,1.60
2010.09.23 04:48:01.349,2.1369,2.1376,1.00,1.60
2010.09.23 04:48:02.060,2.1369,2.1376,1.00,3.20
2010.09.23 04:48:02.450,2.1368,2.1376,1.00,3.20
2010.09.23 04:48:05.666,2.1368,2.1376,1.00,3.20
2010.09.23 04:48:07.435,2.1367,2.1376,1.00,3.20
2010.09.23 04:48:07.710,2.1367,2.1376,1.00,3.20
2010.09.23 04:48:08.375,2.1367,2.13755,1.00,1.60
2010.09.23 04:48:08.602,2.1367,2.13755,1.00,1.60
2010.09.23 04:48:12.596,2.1368,2.13755,1.00,1.60
2010.09.23 04:48:12.977,2.1367,2.13755,1.00,1.60
2010.09.23 04:48:16.653,2.1368,2.13755,1.00,1.60
2010.09.23 04:48:17.227,2.1368,2.13755,1.00,1.60
2010.09.23 04:48:17.325,2.1368,2.1376,1.00,3.20
2010.09.23 04:48:22.110,2.1369,2.1376,1.00,3.20
2010.09.23 04:48:26.822,2.1369,2.1376,1.00,3.20
2010.09.23 04:48:29.633,2.1368,2.1376,1.00,3.20
2010.09.23 04:48:42.104,2.1369,2.13765,1.00,1.60
2010.09.23 04:49:02.131,2.1369,2.1376,1.00,3.20
2010.09.23 04:49:14.731,2.1369,2.13765,1.00,1.60
2010.09.23 04:49:16.231,2.1368,2.13765,1.00,1.60
2010.09.23 04:49:16.837,2.13685,2.1378,3.20,2.00
2010.09.23 04:49:16.884,2.1371,2.1378,1.00,1.00
2010.09.23 04:49:17.002,2.1371,2.13795,1.00,1.60
2010.09.23 04:49:17.140,2.1371,2.138,1.00,1.60
2010.09.23 04:49:18.490,2.1371,2.138,1.00,1.60
2010.09.23 04:49:19.479,2.1372,2.138,1.00,1.60
2010.09.23 04:49:20.160,2.1371,2.138,1.00,1.60
2010.09.23 04:49:21.913,2.1371,2.138,1.00,1.60
2010.09.23 04:49:22.032,2.1371,2.138,1.00,1.60
2010.09.23 04:49:23.600,2.1371,2.1381,1.00,3.20
2010.09.23 04:49:33.681,2.1371,2.138,1.00,1.60
2010.09.23 04:49:33.703,2.1372,2.138,1.00,1.60
2010.09.23 04:49:34.156,2.13725,2.1383,3.20,2.00
2010.09.23 04:49:34.519,2.13725,2.1383,3.20,2.00
2010.09.23 04:49:36.450,2.1373,2.1383,1.00,2.00
2010.09.23 04:49:43.530,2.1373,2.1383,1.00,1.60
2010.09.23 04:49:50.455,2.1374,2.1383,1.00,1.60
2010.09.23 04:50:08.024,2.1373,2.1383,1.00,1.60
2010.09.23 04:50:08.647,2.1374,2.1383,1.00,1.60
2010.09.23 04:50:08.997,2.13735,2.1383,1.60,1.00
2010.09.23 04:50:12.146,2.13735,2.1382,1.60,1.00
2010.09.23 04:50:12.421,2.13735,2.1383,1.60,1.00
2010.09.23 04:50:12.491,2.13735,2.13825,1.60,1.60
2010.09.23 04:50:12.561,2.13735,2.1381,1.60,1.00
2010.09.23 04:50:12.632,2.13735,2.1381,1.60,2.00
2010.09.23 04:50:12.701,2.1371,2.1381,1.00,3.60
2010.09.23 04:50:13.492,2.1371,2.1381,1.00,3.60
2010.09.23 04:50:14.459,2.1372,2.1381,1.00,3.60
2010.09.23 04:50:17.013,2.1372,2.1381,1.00,5.20
2010.09.23 04:50:17.131,2.137,2.13795,1.70,1.60
2010.09.23 04:50:17.162,2.137,2.13795,2.10,1.60
2010.09.23 04:50:17.302,2.137,2.13795,1.00,1.60
2010.09.23 04:50:17.372,2.13705,2.138,1.60,1.60
2010.09.23 04:50:17.413,2.13705,2.1381,1.60,3.70
2010.09.23 04:50:18.762,2.1371,2.1381,1.00,3.60
2010.09.23 04:50:27.089,2.13705,2.1381,1.60,3.60
2010.09.23 04:50:28.020,2.1371,2.1381,1.00,3.60
2010.09.23 04:50:28.520,2.1371,2.138,1.00,1.60
2010.09.23 04:50:30.107,2.137,2.138,2.00,1.60
2010.09.23 04:50:30.241,2.137,2.138,1.60,1.60
2010.09.23 04:51:12.073,2.137,2.138,1.60,1.60
2010.09.23 04:51:13.512,2.137,2.138,1.60,1.60
2010.09.23 04:51:14.521,2.1371,2.138,1.00,1.60
2010.09.23 04:51:14.852,2.13715,2.1381,1.00,1.60
2010.09.23 04:51:15.546,2.1372,2.13825,1.60,2.00
2010.09.23 04:51:16.532,2.1372,2.13825,1.70,2.00
2010.09.23 04:51:17.421,2.1372,2.1382,1.60,1.00
2010.09.23 04:52:02.151,2.1372,2.13825,1.70,3.60
2010.09.23 04:52:02.668,2.1372,2.13815,1.70,1.60
2010.09.23 04:52:02.782,2.1372,2.1381,1.00,1.60
2010.09.23 04:52:18.419,2.13705,2.1381,3.20,1.60
2010.09.23 04:52:50.102,2.13705,2.138,3.20,1.00
2010.09.23 04:52:50.351,2.13705,2.138,3.20,1.00
2010.09.23 04:52:50.601,2.13705,2.1381,3.20,1.70
2010.09.23 04:53:00.504,2.1371,2.1381,1.00,1.60
2010.09.23 04:53:03.344,2.1371,2.13815,1.00,1.00
2010.09.23 04:53:25.288,2.137,2.138,1.00,1.00
2010.09.23 04:53:35.180,2.1371,2.13815,1.00,1.00
2010.09.23 04:53:54.401,2.137,2.1381,1.00,1.00
2010.09.23 04:53:55.560,2.1371,2.13815,1.00,1.00
2010.09.23 04:53:55.747,2.137,2.1381,1.00,1.00
2010.09.23 04:53:55.872,2.137,2.1382,1.00,1.00
2010.09.23 04:53:56.519,2.1372,2.1382,1.60,1.00
2010.09.23 04:53:56.838,2.1372,2.13825,1.60,3.20
2010.09.23 04:53:57.656,2.1372,2.1382,1.60,1.00
2010.09.23 04:53:58.284,2.1372,2.1382,1.70,1.00
2010.09.23 04:54:04.862,2.1372,2.13825,1.60,3.20
2010.09.23 04:54:05.582,2.13725,2.1383,3.20,1.60
2010.09.23 04:54:07.045,2.1373,2.1383,1.00,1.70
2010.09.23 04:54:07.314,2.1373,2.1383,1.00,1.60
2010.09.23 04:54:07.873,2.13725,2.1383,3.20,1.60
2010.09.23 04:54:08.643,2.13715,2.1379,1.60,2.00
2010.09.23 04:54:08.946,2.137,2.13785,1.00,1.60
2010.09.23 04:54:11.424,2.137,2.13785,1.00,1.60
2010.09.23 04:54:11.894,2.137,2.13785,1.00,1.60
2010.09.23 04:54:13.297,2.1369,2.13785,1.00,1.60
2010.09.23 04:54:13.743,2.13685,2.13765,1.60,1.00
2010.09.23 04:54:14.083,2.1368,2.1375,1.00,1.00
2010.09.23 04:54:14.785,2.1368,2.13745,1.00,3.20
2010.09.23 04:54:16.925,2.1368,2.13745,1.00,1.60
2010.09.23 04:54:17.145,2.1368,2.1375,1.00,1.60
2010.09.23 04:54:23.042,2.1368,2.1376,1.00,1.00
2010.09.23 04:54:23.885,2.13665,2.13765,1.60,1.60
2010.09.23 04:54:24.432,2.13665,2.1377,1.60,5.20
2010.09.23 04:54:24.673,2.13665,2.1377,1.60,3.60
2010.09.23 04:54:25.627,2.1367,2.13775,1.60,3.20
2010.09.23 04:54:25.852,2.1367,2.13775,3.20,1.60
2010.09.23 04:54:26.515,2.137,2.1378,1.60,1.00
2010.09.23 04:54:27.253,2.13715,2.1382,1.60,3.20
2010.09.23 04:54:28.742,2.13715,2.1382,1.60,3.30
2010.09.23 04:54:29.435,2.13715,2.1381,1.60,1.00
2010.09.23 04:54:29.572,2.1371,2.1381,1.60,1.00
2010.09.23 04:54:29.952,2.1371,2.1381,1.60,1.20
2010.09.23 04:54:30.113,2.1371,2.13785,1.60,1.00
2010.09.23 04:54:30.273,2.1371,2.13785,1.60,1.60
2010.09.23 04:54:30.432,2.13695,2.138,3.20,2.00
2010.09.23 04:54:31.153,2.13695,2.138,3.20,1.60
2010.09.23 04:54:31.364,2.137,2.138,1.00,1.60
2010.09.23 04:54:31.683,2.137,2.138,1.00,3.20
2010.09.23 04:54:31.905,2.137,2.138,1.00,3.20
2010.09.23 04:54:32.491,2.137,2.138,1.00,1.60
2010.09.23 04:54:33.185,2.1369,2.13795,2.00,3.20
2010.09.23 04:54:33.469,2.1369,2.13795,1.60,3.20
2010.09.23 04:54:35.912,2.137,2.13795,1.00,3.20
2010.09.23 04:54:36.002,2.137,2.13795,1.00,3.20
2010.09.23 04:54:36.181,2.137,2.13805,3.60,1.60
2010.09.23 04:54:36.871,2.137,2.138,3.20,1.00
2010.09.23 04:54:37.554,2.1369,2.13795,1.60,3.20
2010.09.23 04:54:39.400,2.137,2.13795,1.00,3.20
2010.09.23 04:54:39.742,2.137,2.13795,1.00,3.20
2010.09.23 04:54:42.695,2.1369,2.13795,1.60,3.20
2010.09.23 04:54:42.849,2.1369,2.13795,1.60,3.60
2010.09.23 04:54:44.205,2.1369,2.1378,1.00,3.20
2010.09.23 04:54:45.002,2.13695,2.138,1.60,3.60
2010.09.23 04:54:45.223,2.1369,2.13795,1.60,3.60
2010.09.23 04:54:45.826,2.1369,2.13795,1.70,3.60
2010.09.23 04:54:47.286,2.1369,2.1378,1.00,3.20
2010.09.23 04:54:47.317,2.1368,2.1378,1.60,3.60
2010.09.23 04:54:47.345,2.1369,2.1378,1.00,3.20
2010.09.23 04:54:47.405,2.13695,2.1379,1.60,1.00
2010.09.23 04:54:48.152,2.1369,2.13795,1.60,3.20
2010.09.23 04:54:48.185,2.1369,2.13795,1.60,3.20
2010.09.23 04:54:50.080,2.137,2.13795,1.00,3.20
2010.09.23 04:54:50.616,2.137,2.13795,1.00,3.20
2010.09.23 04:54:52.063,2.1369,2.13795,1.70,3.20
2010.09.23 04:54:52.282,2.1369,2.13795,1.60,3.20
2010.09.23 04:54:52.909,2.137,2.13795,1.00,3.20
2010.09.23 04:54:55.313,2.1369,2.13785,1.00,1.60
2010.09.23 04:54:56.517,2.1369,2.13785,1.00,1.60
2010.09.23 04:55:06.401,2.1369,2.13745,1.00,1.00
2010.09.23 04:55:06.513,2.1368,2.13745,3.20,1.00
2010.09.23 04:55:06.623,2.1366,2.13745,1.00,1.00
2010.09.23 04:55:06.733,2.13655,2.1374,1.10,1.60
2010.09.23 04:55:06.843,2.1368,2.13755,3.60,2.00
2010.09.23 04:55:06.953,2.1368,2.13755,3.60,1.00
2010.09.23 04:55:07.062,2.1368,2.13755,3.20,1.00
2010.09.23 04:55:07.885,2.13665,2.13755,3.60,1.00
2010.09.23 04:55:08.171,2.1367,2.13755,1.00,1.00
2010.09.23 04:55:09.493,2.1368,2.13755,1.00,1.00
2010.09.23 04:55:13.280,2.13665,2.13755,2.00,1.00
2010.09.23 04:55:13.396,2.1366,2.13755,1.00,2.00
2010.09.23 04:55:15.282,2.13655,2.13755,1.60,2.00
2010.09.23 04:55:15.527,2.1366,2.13755,1.00,2.00
2010.09.23 04:55:20.182,2.1366,2.13755,1.60,1.00
2010.09.23 04:55:20.812,2.13665,2.1377,3.20,1.60
2010.09.23 04:55:20.912,2.13665,2.1376,3.20,1.00
2010.09.23 04:55:21.153,2.13665,2.1377,3.20,1.60
2010.09.23 04:55:22.073,2.13685,2.1378,3.20,1.00
2010.09.23 04:55:22.419,2.1369,2.13785,1.60,1.00
2010.09.23 04:55:23.279,2.13655,2.1376,3.60,1.60
2010.09.23 04:55:23.626,2.1366,2.1376,1.00,1.60
2010.09.23 04:55:23.963,2.13655,2.1376,3.60,1.60
2010.09.23 04:55:24.505,2.1367,2.1376,1.10,1.60
2010.09.23 04:55:24.847,2.137,2.13785,1.60,1.50
2010.09.23 04:55:25.175,2.1366,2.13755,1.00,1.60
2010.09.23 04:55:25.504,2.1367,2.1377,1.00,3.20
2010.09.23 04:55:26.482,2.1367,2.1377,1.00,3.60
2010.09.23 04:55:28.732,2.13665,2.1377,1.60,3.20
2010.09.23 04:55:30.511,2.1367,2.1377,1.00,3.20
2010.09.23 04:55:30.902,2.1367,2.1377,1.00,3.20
2010.09.23 04:55:31.092,2.1367,2.13765,1.00,1.00
2010.09.23 04:55:31.284,2.1367,2.1376,1.00,1.60
2010.09.23 04:55:31.804,2.1367,2.1376,1.00,2.00
2010.09.23 04:55:31.883,2.1367,2.13755,1.00,1.60
2010.09.23 04:55:32.060,2.1366,2.13755,1.00,1.60
2010.09.23 04:55:32.201,2.1366,2.13755,1.00,1.60
2010.09.23 04:55:32.922,2.1367,2.13755,1.00,1.60
2010.09.23 04:55:33.042,2.1367,2.1376,1.00,3.20
2010.09.23 04:55:33.163,2.1367,2.1376,1.00,1.60
2010.09.23 04:55:33.282,2.1367,2.1377,1.00,3.60
2010.09.23 04:55:37.191,2.1369,2.1377,1.00,3.60
2010.09.23 04:55:37.342,2.1369,2.1377,1.00,3.20
2010.09.23 04:55:37.915,2.13695,2.1377,1.60,1.60
2010.09.23 04:55:38.006,2.13695,2.138,1.60,3.30
2010.09.23 04:55:38.172,2.13695,2.1379,1.60,1.00
2010.09.23 04:55:38.261,2.1369,2.1379,1.60,1.60
2010.09.23 04:55:38.481,2.1369,2.1379,1.60,1.70
2010.09.23 04:55:39.537,2.1369,2.1378,1.60,1.00
2010.09.23 04:55:46.252,2.1369,2.13765,1.60,1.60
2010.09.23 04:55:46.514,2.1368,2.1376,1.00,1.60
2010.09.23 04:55:47.922,2.13685,2.13785,1.60,1.60
2010.09.23 04:55:48.092,2.13685,2.1379,3.20,1.60
2010.09.23 04:55:48.849,2.1369,2.1379,1.00,1.60
2010.09.23 04:55:49.130,2.1369,2.1379,1.60,1.00
2010.09.23 04:55:49.402,2.1369,2.1379,1.00,2.00
2010.09.23 04:55:49.686,2.137,2.138,1.60,1.00
2010.09.23 04:55:50.659,2.13695,2.13795,1.60,1.60
2010.09.23 04:55:51.172,2.13695,2.13785,1.60,1.00
2010.09.23 04:55:51.352,2.13685,2.1379,1.60,3.60
2010.09.23 04:55:52.265,2.13685,2.13785,3.20,1.00
2010.09.23 04:55:52.602,2.1368,2.13785,1.60,3.60
2010.09.23 04:55:53.775,2.1368,2.13785,1.70,3.60
2010.09.23 04:56:01.102,2.1368,2.13785,1.60,3.60
2010.09.23 04:56:01.443,2.1367,2.1377,1.00,3.60
2010.09.23 04:56:01.949,2.13675,2.1377,1.00,3.20
2010.09.23 04:56:02.295,2.1368,2.13785,1.60,3.60
2010.09.23 04:56:02.523,2.1368,2.1377,1.60,1.00
2010.09.23 04:56:02.643,2.1368,2.1377,1.60,2.00
2010.09.23 04:56:03.174,2.13665,2.1377,1.60,3.60
2010.09.23 04:56:03.298,2.13695,2.1379,1.60,1.00
2010.09.23 04:56:03.943,2.13695,2.138,1.60,3.60
2010.09.23 04:56:04.273,2.13695,2.1377,1.60,2.00
2010.09.23 04:56:04.605,2.13675,2.1377,2.00,1.60
2010.09.23 04:56:05.235,2.1368,2.13785,1.60,3.60
2010.09.23 04:56:05.560,2.1367,2.1377,1.70,3.60
2010.09.23 04:56:06.423,2.1368,2.1377,1.60,3.60
2010.09.23 04:56:07.029,2.1369,2.1377,1.00,3.20
2010.09.23 04:56:07.247,2.13695,2.138,1.60,3.70
2010.09.23 04:56:07.462,2.13695,2.138,1.60,3.60
2010.09.23 04:56:07.963,2.137,2.138,1.00,3.60
2010.09.23 04:56:08.422,2.13695,2.1379,1.60,1.00
2010.09.23 04:56:09.996,2.13695,2.138,1.60,3.60
2010.09.23 04:56:12.951,2.13695,2.138,1.60,3.60
2010.09.23 04:56:13.092,2.13695,2.1377,1.60,2.00
2010.09.23 04:56:13.731,2.1368,2.1377,1.60,2.00
2010.09.23 04:56:13.872,2.1367,2.1377,1.00,3.60
2010.09.23 04:56:14.484,2.1367,2.1377,1.00,3.60
2010.09.23 04:56:15.556,2.1367,2.1377,1.00,3.60
2010.09.23 04:56:16.004,2.13665,2.1377,1.60,3.60
2010.09.23 04:56:18.422,2.1367,2.1377,1.00,3.60
2010.09.23 04:56:22.410,2.13665,2.1377,1.60,3.60
2010.09.23 04:56:22.622,2.13665,2.1377,1.60,3.20
2010.09.23 04:56:22.893,2.1368,2.1377,1.00,3.20
2010.09.23 04:56:23.727,2.13695,2.1379,1.60,1.00
2010.09.23 04:56:24.448,2.13695,2.138,1.60,3.20
2010.09.23 04:56:25.243,2.137,2.138,1.00,3.20
2010.09.23 04:56:26.003,2.137,2.138,1.00,3.60
2010.09.23 04:56:29.072,2.13695,2.138,1.60,3.60
2010.09.23 04:56:31.721,2.13695,2.13795,1.60,1.00
2010.09.23 04:56:31.953,2.13685,2.1379,3.20,1.60
2010.09.23 04:56:32.054,2.13685,2.13785,1.60,1.60
2010.09.23 04:56:32.111,2.1368,2.13785,1.70,3.20
2010.09.23 04:56:33.182,2.1369,2.13785,1.00,3.20
2010.09.23 04:56:36.523,2.1368,2.13785,1.70,3.20
2010.09.23 04:56:38.012,2.1368,2.1377,1.60,1.60
2010.09.23 04:56:38.213,2.1367,2.1377,1.00,3.60
2010.09.23 04:56:52.851,2.13665,2.1377,1.60,3.60
2010.09.23 04:56:52.962,2.13665,2.1377,1.60,3.20
2010.09.23 04:56:54.036,2.1368,2.13785,1.60,3.20
2010.09.23 04:56:55.481,2.1368,2.13785,1.70,3.20
2010.09.23 04:56:56.595,2.1368,2.13785,1.70,3.60
2010.09.23 04:56:56.823,2.1368,2.13785,1.60,3.60
2010.09.23 04:56:59.566,2.1368,2.13785,1.60,3.60
2010.09.23 04:57:00.341,2.13675,2.13775,1.60,1.60
2010.09.23 04:57:01.112,2.1367,2.13765,1.00,3.20
2010.09.23 04:57:01.272,2.1367,2.13765,1.00,3.20
2010.09.23 04:57:01.432,2.1367,2.13755,1.00,1.60
2010.09.23 04:57:08.091,2.1366,2.13755,1.00,1.60
2010.09.23 04:57:08.193,2.1366,2.13755,1.00,2.00
2010.09.23 04:57:08.698,2.1366,2.1374,1.00,1.60
2010.09.23 04:57:08.765,2.1367,2.1374,1.00,1.60
2010.09.23 04:57:10.809,2.1367,2.1374,1.00,1.60
2010.09.23 04:57:11.423,2.1367,2.13755,1.00,1.00
2010.09.23 04:57:11.495,2.1366,2.13765,1.70,3.60
2010.09.23 04:57:11.562,2.1366,2.1376,1.70,1.60
2010.09.23 04:57:11.632,2.1366,2.13755,1.00,1.60
2010.09.23 04:57:12.485,2.1366,2.13755,1.00,1.60
2010.09.23 04:57:13.532,2.1367,2.13755,1.00,1.60
2010.09.23 04:57:26.974,2.1367,2.13765,1.00,3.20
2010.09.23 04:57:29.923,2.13665,2.13765,1.60,1.60
2010.09.23 04:57:30.417,2.13665,2.1377,3.20,1.60
2010.09.23 04:57:30.705,2.13675,2.13775,1.60,3.60
2010.09.23 04:57:30.993,2.13675,2.13775,1.60,1.60
2010.09.23 04:57:34.422,2.1368,2.13775,1.00,1.60
2010.09.23 04:57:34.512,2.13685,2.1379,3.60,1.70
2010.09.23 04:57:34.693,2.13685,2.1379,3.60,1.60
2010.09.23 04:57:35.325,2.1369,2.1379,1.60,1.60
2010.09.23 04:57:35.668,2.137,2.13795,1.60,1.00
2010.09.23 04:57:37.505,2.137,2.13795,1.70,1.00
2010.09.23 04:57:42.463,2.137,2.13795,1.60,1.00
2010.09.23 04:57:42.512,2.137,2.13795,3.20,1.00
2010.09.23 04:57:42.563,2.13715,2.13795,1.60,1.00
2010.09.23 04:57:42.662,2.13715,2.1382,1.60,3.60
2010.09.23 04:57:42.712,2.13715,2.1381,1.60,1.00
2010.09.23 04:57:42.763,2.13705,2.13805,1.00,3.60
2010.09.23 04:57:44.013,2.13705,2.138,1.00,1.00
2010.09.23 04:57:44.254,2.13705,2.13805,1.00,3.60
2010.09.23 04:57:44.496,2.13705,2.13775,1.00,3.20
2010.09.23 04:57:45.652,2.1365,2.13755,1.60,2.00
2010.09.23 04:57:46.163,2.13645,2.1375,2.00,3.20
2010.09.23 04:57:47.226,2.13645,2.1374,1.00,1.60
2010.09.23 04:57:47.604,2.13645,2.13735,1.00,3.20
2010.09.23 04:57:49.872,2.13645,2.13735,1.00,1.00
2010.09.23 04:57:50.012,2.13645,2.13725,1.00,1.60
2010.09.23 04:57:50.424,2.13645,2.1372,1.00,1.60
2010.09.23 04:57:53.297,2.1363,2.1372,1.00,1.60
2010.09.23 04:57:57.681,2.1362,2.1372,1.00,3.20
2010.09.23 04:57:58.033,2.1362,2.13705,1.00,1.60
2010.09.23 04:57:59.525,2.1362,2.13705,1.00,1.60
2010.09.23 04:58:03.803,2.1362,2.13705,1.00,2.00
2010.09.23 04:58:04.469,2.1362,2.13695,1.00,3.20
2010.09.23 04:58:09.072,2.1362,2.137,1.00,1.60
2010.09.23 04:58:10.481,2.1363,2.137,1.00,1.60
2010.09.23 04:58:12.535,2.1363,2.13705,1.00,1.60
2010.09.23 04:58:15.617,2.1361,2.13705,1.00,1.60
2010.09.23 04:58:15.707,2.1362,2.1371,1.00,1.00
2010.09.23 04:58:15.795,2.1362,2.1372,1.00,2.00
2010.09.23 04:58:15.884,2.1362,2.13705,1.00,1.60
2010.09.23 04:58:17.422,2.1363,2.13705,1.00,1.60
2010.09.23 04:58:20.682,2.13645,2.1372,3.20,1.00
2010.09.23 04:58:21.093,2.1363,2.1372,3.20,1.00
2010.09.23 04:58:21.422,2.1362,2.1372,1.00,2.00
2010.09.23 04:58:23.448,2.1362,2.1372,1.00,1.60
2010.09.23 04:58:23.552,2.1362,2.1372,1.00,1.70
2010.09.23 04:58:24.328,2.1363,2.1372,1.00,1.60
2010.09.23 04:58:25.863,2.1362,2.1372,1.00,3.20
2010.09.23 04:58:25.972,2.1362,2.13715,1.00,1.60
2010.09.23 04:58:26.181,2.1362,2.1372,1.00,3.20
2010.09.23 04:58:26.611,2.1362,2.1372,1.00,1.60
2010.09.23 04:58:28.574,2.1363,2.1373,1.00,3.20
2010.09.23 04:58:31.971,2.13625,2.1372,1.60,1.60
2010.09.23 04:58:32.134,2.1361,2.1371,1.00,3.20
2010.09.23 04:58:32.363,2.1362,2.1371,1.00,3.20
2010.09.23 04:58:32.503,2.1362,2.13715,1.00,1.60
2010.09.23 04:58:33.137,2.13615,2.1372,3.20,1.60
2010.09.23 04:58:33.841,2.1362,2.1372,1.00,1.70
2010.09.23 04:58:35.743,2.1362,2.1372,1.00,1.60
2010.09.23 04:58:36.650,2.13615,2.1372,3.20,1.60
2010.09.23 04:58:36.751,2.13615,2.13715,3.20,1.00
2010.09.23 04:58:36.952,2.1361,2.1371,1.00,3.20
2010.09.23 04:58:37.051,2.13615,2.1372,3.20,1.60
2010.09.23 04:58:37.491,2.13615,2.1372,1.60,3.20
2010.09.23 04:58:37.664,2.1362,2.1372,1.00,1.60
2010.09.23 04:58:38.291,2.13625,2.13725,1.60,1.00
2010.09.23 04:58:38.364,2.13625,2.1373,1.60,3.20
2010.09.23 04:58:38.849,2.1363,2.1373,1.00,3.20
2010.09.23 04:58:48.734,2.13625,2.1373,1.60,3.20
2010.09.23 04:58:52.026,2.1363,2.1373,1.00,3.20
2010.09.23 04:58:52.620,2.1363,2.13725,1.00,2.00
2010.09.23 04:58:52.653,2.13625,2.13725,1.60,2.00
2010.09.23 04:58:52.696,2.13625,2.13725,1.60,1.60
2010.09.23 04:58:53.039,2.1361,2.13715,1.60,3.20
2010.09.23 04:58:53.727,2.1362,2.13715,1.00,3.20
2010.09.23 04:58:53.885,2.13625,2.13715,1.60,1.60
2010.09.23 04:58:54.032,2.13625,2.1373,1.60,3.20
2010.09.23 04:58:56.467,2.1363,2.1373,1.00,3.20
2010.09.23 04:58:59.892,2.13625,2.1372,1.60,1.00
2010.09.23 04:59:00.671,2.1362,2.1372,1.60,1.00
2010.09.23 04:59:01.110,2.1363,2.13725,1.00,1.60
2010.09.23 04:59:01.676,2.1363,2.1373,1.00,3.20
2010.09.23 04:59:03.853,2.13625,2.1373,1.60,3.20
2010.09.23 04:59:04.426,2.13625,2.1373,1.60,3.30
2010.09.23 04:59:05.418,2.1363,2.1373,1.00,3.20
2010.09.23 04:59:06.086,2.13625,2.1373,1.60,3.20
2010.09.23 04:59:07.412,2.1363,2.1373,1.00,3.30
2010.09.23 04:59:07.518,2.1363,2.1373,1.00,3.20
2010.09.23 04:59:08.401,2.1364,2.1373,1.00,3.20
2010.09.23 04:59:09.293,2.1364,2.13735,1.00,1.60
2010.09.23 04:59:09.394,2.1363,2.1373,1.70,1.00
2010.09.23 04:59:09.904,2.1364,2.1374,1.70,2.00
2010.09.23 04:59:10.243,2.1364,2.1374,1.60,1.60
2010.09.23 04:59:11.494,2.1364,2.1374,1.60,1.60
2010.09.23 04:59:12.177,2.1364,2.1374,1.60,1.60
2010.09.23 04:59:15.462,2.1364,2.1374,1.70,1.60
2010.09.23 04:59:25.834,2.1364,2.1374,1.60,1.70
2010.09.23 04:59:36.173,2.1364,2.1374,1.60,1.60
2010.09.23 04:59:36.816,2.1364,2.1374,1.60,1.60
2010.09.23 04:59:44.736,2.1364,2.1374,1.60,1.60
2010.09.23 04:59:45.013,2.1365,2.1374,1.00,1.60
2010.09.23 04:59:45.900,2.13655,2.13755,1.60,1.60
2010.09.23 04:59:46.452,2.1364,2.1374,1.60,1.60
