2013.11.13 06:00:00.081,1.9297,1.93033,1.13,1.58
2013.11.13 06:00:00.557,1.9297,1.93036,2.70,1.28
2013.11.13 06:00:01.512,1.92977,1.93037,1.13,1.20
2013.11.13 06:00:01.632,1.92977,1.93043,1.20,1.58
2013.11.13 06:00:01.878,1.92978,1.93043,1.28,1.13
2013.11.13 06:00:02.233,1.92989,1.93049,1.13,1.20
2013.11.13 06:00:03.228,1.92989,1.93049,1.13,1.20
2013.11.13 06:00:06.233,1.92989,1.93051,1.13,1.50
2013.11.13 06:00:06.423,1.9299,1.93051,1.13,1.50
2013.11.13 06:00:07.175,1.9299,1.93051,1.13,1.50
2013.11.13 06:00:09.422,1.92986,1.93049,1.28,1.58
2013.11.13 06:00:13.122,1.92988,1.93049,1.13,1.20
2013.11.13 06:00:18.222,1.92982,1.93036,1.88,1.20
2013.11.13 06:00:18.343,1.92976,1.93034,1.28,1.28
2013.11.13 06:00:18.404,1.92976,1.93037,1.28,2.33
2013.11.13 06:00:18.523,1.92976,1.93037,1.28,2.33
2013.11.13 06:00:18.843,1.92978,1.93044,1.28,2.33
2013.11.13 06:00:19.475,1.92981,1.93044,1.20,1.58
2013.11.13 06:00:20.162,1.92982,1.93044,2.71,1.50
2013.11.13 06:00:20.223,1.92984,1.93048,2.71,1.28
2013.11.13 06:00:28.616,1.92984,1.9305,1.28,1.58
2013.11.13 06:00:28.744,1.92979,1.9304,1.58,1.28
2013.11.13 06:00:29.602,1.92979,1.93044,1.58,1.95
2013.11.13 06:00:29.814,1.92982,1.93044,3.38,1.20
2013.11.13 06:00:30.444,1.92982,1.93044,2.33,1.20
2013.11.13 06:00:32.352,1.92982,1.93042,2.33,1.13
2013.11.13 06:00:32.903,1.92982,1.93041,1.58,1.20
2013.11.13 06:00:32.963,1.92978,1.93041,1.65,1.28
2013.11.13 06:00:40.026,1.92978,1.93038,3.08,1.20
2013.11.13 06:00:40.431,1.9298,1.93038,2.63,1.13
2013.11.13 06:00:41.072,1.9298,1.93038,1.95,1.20
2013.11.13 06:00:43.233,1.92978,1.93037,2.03,1.28
2013.11.13 06:00:46.302,1.9298,1.9304,2.33,1.20
2013.11.13 06:00:46.787,1.9298,1.93045,2.33,1.28
2013.11.13 06:00:47.096,1.9298,1.9304,2.33,1.20
2013.11.13 06:00:47.213,1.92981,1.93044,1.20,1.28
2013.11.13 06:00:47.273,1.92981,1.93045,1.20,1.65
2013.11.13 06:00:53.193,1.92981,1.93047,1.28,1.58
2013.11.13 06:00:53.366,1.92981,1.93046,1.28,1.58
2013.11.13 06:00:57.872,1.92981,1.93045,1.28,1.28
2013.11.13 06:00:59.094,1.92981,1.93042,1.20,1.58
2013.11.13 06:00:59.759,1.92986,1.93042,1.13,2.25
2013.11.13 06:00:59.943,1.92985,1.93041,1.13,1.58
2013.11.13 06:01:00.823,1.92985,1.93041,1.13,1.58
2013.11.13 06:01:01.633,1.92985,1.93042,1.13,2.25
2013.11.13 06:01:02.403,1.92985,1.93041,1.13,1.58
2013.11.13 06:01:02.643,1.92985,1.93046,1.13,1.58
2013.11.13 06:01:07.173,1.92985,1.93046,1.13,1.58
2013.11.13 06:01:12.615,1.92996,1.93047,1.50,1.95
2013.11.13 06:01:12.793,1.92994,1.93051,1.13,1.20
2013.11.13 06:01:12.852,1.92994,1.93051,1.13,1.20
2013.11.13 06:01:12.913,1.92997,1.93063,1.58,1.50
2013.11.13 06:01:12.973,1.92997,1.93067,2.33,1.58
2013.11.13 06:01:13.213,1.93009,1.9307,1.20,1.65
2013.11.13 06:01:14.053,1.93009,1.93072,1.28,1.58
2013.11.13 06:01:16.233,1.9302,1.93074,1.13,2.25
2013.11.13 06:01:16.549,1.9302,1.93074,1.13,2.25
2013.11.13 06:01:16.613,1.9302,1.93079,1.13,1.92
2013.11.13 06:01:17.781,1.9302,1.93074,1.13,1.65
2013.11.13 06:01:19.813,1.93015,1.93074,1.28,1.65
2013.11.13 06:01:19.933,1.93015,1.93074,1.13,1.58
2013.11.13 06:01:20.053,1.93015,1.93074,1.20,1.58
2013.11.13 06:01:20.113,1.93015,1.93079,1.20,1.92
2013.11.13 06:01:22.053,1.93016,1.93083,2.63,1.24
2013.11.13 06:01:22.793,1.93016,1.93077,1.13,1.58
2013.11.13 06:01:30.573,1.93016,1.9307,1.13,2.33
2013.11.13 06:01:30.753,1.93016,1.93077,1.28,2.33
2013.11.13 06:01:30.983,1.93016,1.93079,1.20,1.24
2013.11.13 06:01:34.873,1.93016,1.93079,1.20,1.24
2013.11.13 06:01:35.243,1.93016,1.93069,1.13,1.58
2013.11.13 06:01:35.482,1.93016,1.93069,1.13,2.33
2013.11.13 06:01:35.871,1.93016,1.93069,1.13,2.33
2013.11.13 06:01:36.314,1.93016,1.9307,1.20,1.58
2013.11.13 06:01:36.643,1.93017,1.93078,1.13,1.58
2013.11.13 06:01:55.185,1.93015,1.93076,1.28,1.58
2013.11.13 06:01:56.215,1.93015,1.93076,2.70,1.50
2013.11.13 06:01:56.272,1.93015,1.93083,3.38,2.33
2013.11.13 06:02:01.463,1.93016,1.93083,2.63,1.58
2013.11.13 06:02:14.660,1.9302,1.93083,1.13,1.58
2013.11.13 06:02:14.783,1.9302,1.93084,1.13,1.50
2013.11.13 06:02:14.843,1.93021,1.93089,3.38,1.95
2013.11.13 06:02:14.903,1.93021,1.93089,3.38,1.20
2013.11.13 06:02:15.933,1.93023,1.93089,1.58,1.20
2013.11.13 06:02:15.993,1.93026,1.93094,2.63,1.20
2013.11.13 06:02:16.113,1.93028,1.93094,2.63,1.20
2013.11.13 06:02:16.233,1.9304,1.93109,1.95,1.58
2013.11.13 06:02:16.353,1.93046,1.93115,3.01,1.28
2013.11.13 06:02:16.413,1.93046,1.9311,2.70,1.20
2013.11.13 06:02:16.833,1.93046,1.9311,1.13,1.50
2013.11.13 06:02:19.083,1.93046,1.93108,1.28,1.58
2013.11.13 06:02:19.203,1.93046,1.93114,3.38,2.33
2013.11.13 06:02:19.323,1.93046,1.93106,1.13,1.58
2013.11.13 06:02:19.653,1.93046,1.93108,1.13,1.50
2013.11.13 06:02:19.714,1.93046,1.93112,1.20,1.50
2013.11.13 06:02:19.773,1.93046,1.93114,1.28,3.00
2013.11.13 06:02:28.083,1.93054,1.93114,1.13,2.25
2013.11.13 06:02:28.223,1.93054,1.93117,1.20,1.20
2013.11.13 06:02:28.283,1.93054,1.93118,1.20,1.20
2013.11.13 06:02:28.343,1.93054,1.93117,1.20,1.28
2013.11.13 06:02:28.463,1.93057,1.93118,1.13,1.58
2013.11.13 06:02:28.903,1.93057,1.93118,1.13,1.95
2013.11.13 06:02:29.213,1.93057,1.93114,1.20,1.58
2013.11.13 06:02:29.630,1.93057,1.93113,1.13,1.58
2013.11.13 06:02:29.943,1.93045,1.93105,1.28,1.58
2013.11.13 06:02:30.303,1.93073,1.93129,2.71,1.13
2013.11.13 06:02:30.363,1.93073,1.93129,2.71,1.50
2013.11.13 06:02:30.603,1.93057,1.93115,1.28,1.28
2013.11.13 06:02:30.920,1.93055,1.93115,1.28,1.28
2013.11.13 06:02:31.361,1.93055,1.93115,1.28,1.28
2013.11.13 06:02:32.374,1.93055,1.93115,1.28,2.03
2013.11.13 06:02:32.773,1.93046,1.93111,2.33,1.58
2013.11.13 06:02:32.833,1.93046,1.93113,1.65,1.88
2013.11.13 06:02:33.073,1.93046,1.93111,1.28,1.58
2013.11.13 06:02:33.133,1.93046,1.93111,1.28,1.58
2013.11.13 06:02:33.253,1.93054,1.93115,1.20,1.28
2013.11.13 06:02:34.162,1.93059,1.93121,1.13,2.63
2013.11.13 06:02:34.223,1.93059,1.93121,1.28,1.28
2013.11.13 06:02:35.344,1.93061,1.93121,1.13,1.65
2013.11.13 06:02:36.550,1.93061,1.93121,1.28,1.28
2013.11.13 06:02:38.328,1.93061,1.93119,1.28,1.28
2013.11.13 06:02:43.050,1.93061,1.93121,1.28,1.28
2013.11.13 06:02:53.070,1.93061,1.93121,1.13,1.65
2013.11.13 06:02:57.813,1.93061,1.93122,1.13,1.20
2013.11.13 06:02:57.963,1.93061,1.93124,1.28,2.03
2013.11.13 06:02:58.263,1.93067,1.93129,1.13,1.20
2013.11.13 06:02:58.323,1.93068,1.93135,2.63,1.95
2013.11.13 06:02:58.443,1.93073,1.93136,2.63,1.65
2013.11.13 06:02:58.768,1.93073,1.93138,2.63,1.28
2013.11.13 06:03:06.913,1.9307,1.93135,1.58,1.58
2013.11.13 06:03:08.153,1.9307,1.93125,1.58,1.13
2013.11.13 06:03:08.213,1.93065,1.93125,1.58,2.33
2013.11.13 06:03:08.273,1.93059,1.93125,2.33,2.33
2013.11.13 06:03:08.633,1.93058,1.93122,1.65,1.50
2013.11.13 06:03:08.693,1.93058,1.93126,3.38,1.28
2013.11.13 06:03:13.143,1.9306,1.93124,2.70,1.28
2013.11.13 06:03:13.323,1.9306,1.93127,2.70,1.20
2013.11.13 06:03:14.103,1.93063,1.93131,3.01,1.20
2013.11.13 06:03:14.851,1.93063,1.93124,3.01,1.20
2013.11.13 06:03:15.070,1.93063,1.93131,3.01,1.20
2013.11.13 06:03:18.133,1.93063,1.93129,1.50,1.20
2013.11.13 06:03:18.519,1.93063,1.93126,1.65,1.20
2013.11.13 06:03:21.344,1.93061,1.93123,1.58,1.28
2013.11.13 06:03:21.564,1.93061,1.93124,1.65,1.28
2013.11.13 06:03:23.333,1.93061,1.93124,1.58,1.20
2013.11.13 06:03:23.394,1.93061,1.93124,2.33,1.13
2013.11.13 06:03:25.725,1.93066,1.93124,3.01,1.13
2013.11.13 06:03:26.054,1.93067,1.93124,1.58,1.13
2013.11.13 06:03:33.473,1.93071,1.93124,2.63,1.13
2013.11.13 06:03:33.795,1.93072,1.93133,3.00,1.13
2013.11.13 06:03:33.853,1.93076,1.93143,2.63,1.20
2013.11.13 06:03:33.973,1.9308,1.93145,1.20,1.50
2013.11.13 06:03:34.033,1.9308,1.93148,1.28,1.95
2013.11.13 06:03:34.093,1.93088,1.93151,1.50,1.20
2013.11.13 06:03:34.153,1.93089,1.93151,2.71,1.13
2013.11.13 06:03:34.213,1.9309,1.9316,3.01,1.58
2013.11.13 06:03:34.323,1.93092,1.9316,3.01,1.58
2013.11.13 06:03:34.393,1.93092,1.93163,3.00,1.58
2013.11.13 06:03:51.903,1.93092,1.93163,1.58,1.58
2013.11.13 06:03:54.683,1.93092,1.93162,1.58,1.28
2013.11.13 06:03:56.093,1.93095,1.93164,3.01,1.95
2013.11.13 06:03:57.580,1.93095,1.93164,1.58,1.58
2013.11.13 06:03:57.799,1.93095,1.93165,3.01,1.58
2013.11.13 06:03:58.794,1.93095,1.93161,1.58,1.28
2013.11.13 06:03:59.339,1.93095,1.93164,1.58,1.58
2013.11.13 06:04:01.319,1.93095,1.9316,1.58,1.28
2013.11.13 06:04:01.872,1.93096,1.93164,2.71,2.33
2013.11.13 06:04:02.424,1.93096,1.93164,2.33,2.33
2013.11.13 06:04:05.794,1.93096,1.93164,1.95,2.33
2013.11.13 06:04:06.283,1.93096,1.93157,1.65,1.50
2013.11.13 06:04:06.343,1.93096,1.93157,1.65,1.58
2013.11.13 06:04:08.414,1.93096,1.9316,1.58,1.58
2013.11.13 06:04:08.654,1.93096,1.93164,2.33,2.70
2013.11.13 06:04:10.079,1.93096,1.93164,1.58,2.33
2013.11.13 06:04:10.451,1.93096,1.93164,2.33,2.33
2013.11.13 06:04:12.389,1.93096,1.9316,1.58,1.28
2013.11.13 06:04:13.863,1.93096,1.9316,2.33,1.28
2013.11.13 06:04:14.214,1.93092,1.93155,1.58,1.28
2013.11.13 06:04:23.143,1.93092,1.93155,1.28,1.28
2013.11.13 06:04:23.423,1.93094,1.93155,2.63,1.13
2013.11.13 06:04:23.973,1.93097,1.93155,3.01,1.13
2013.11.13 06:04:27.568,1.93097,1.93154,1.50,1.13
2013.11.13 06:04:27.803,1.93095,1.93153,1.65,1.20
2013.11.13 06:04:30.869,1.93095,1.93155,1.65,1.28
2013.11.13 06:04:31.088,1.93095,1.93153,1.65,1.20
2013.11.13 06:04:31.309,1.93095,1.93157,1.65,1.28
2013.11.13 06:04:33.069,1.93095,1.93157,1.65,1.28
2013.11.13 06:04:39.558,1.93094,1.93154,1.58,1.28
2013.11.13 06:04:42.858,1.93094,1.93151,1.58,1.13
2013.11.13 06:04:44.624,1.93094,1.93155,1.58,1.28
2013.11.13 06:04:44.873,1.93091,1.93154,1.65,1.20
2013.11.13 06:04:46.263,1.93091,1.9315,1.58,1.20
2013.11.13 06:04:46.383,1.9309,1.93145,1.13,1.58
2013.11.13 06:04:46.503,1.93085,1.93145,1.28,1.95
2013.11.13 06:04:47.038,1.93081,1.93145,1.95,1.20
2013.11.13 06:04:47.253,1.93086,1.93148,2.63,1.28
2013.11.13 06:04:51.218,1.9309,1.93154,1.13,1.58
2013.11.13 06:04:51.273,1.93092,1.93154,3.38,1.20
2013.11.13 06:04:51.513,1.93072,1.93136,1.95,1.58
2013.11.13 06:04:54.314,1.93072,1.93137,2.25,1.65
2013.11.13 06:04:56.103,1.93076,1.93143,3.01,1.20
2013.11.13 06:04:56.163,1.93076,1.93139,1.65,1.20
2013.11.13 06:04:56.283,1.93076,1.93134,1.65,1.28
2013.11.13 06:04:59.138,1.93071,1.93138,1.58,2.33
2013.11.13 06:04:59.358,1.93071,1.93138,2.33,2.33
2013.11.13 06:05:01.753,1.93071,1.93138,3.01,2.33
2013.11.13 06:05:01.814,1.93071,1.93138,2.25,1.65
2013.11.13 06:05:03.373,1.9308,1.93144,1.50,1.58
2013.11.13 06:05:05.163,1.93083,1.93148,3.00,1.28
2013.11.13 06:05:05.283,1.93087,1.93148,1.58,1.13
2013.11.13 06:05:10.123,1.93087,1.93148,1.58,1.13
2013.11.13 06:05:10.245,1.93076,1.93123,1.50,1.13
2013.11.13 06:05:10.304,1.93068,1.93131,1.58,1.28
2013.11.13 06:05:10.363,1.93068,1.93132,1.58,1.58
2013.11.13 06:05:10.483,1.9307,1.93135,1.58,2.25
2013.11.13 06:05:10.603,1.93075,1.93144,3.01,1.58
2013.11.13 06:05:10.783,1.93078,1.93144,1.58,1.88
2013.11.13 06:05:11.174,1.93079,1.93147,1.58,1.28
2013.11.13 06:05:14.193,1.93084,1.93147,1.58,1.20
2013.11.13 06:05:14.533,1.93085,1.93147,1.58,1.13
2013.11.13 06:05:14.873,1.93092,1.93147,1.50,1.13
2013.11.13 06:05:15.173,1.93092,1.93147,1.58,1.13
2013.11.13 06:05:19.233,1.93092,1.93147,1.58,1.13
2013.11.13 06:05:23.153,1.93092,1.93147,2.25,1.13
2013.11.13 06:05:23.554,1.93095,1.93162,1.58,1.95
2013.11.13 06:05:23.904,1.93098,1.93163,1.50,1.13
2013.11.13 06:05:27.894,1.93098,1.93154,1.58,1.13
2013.11.13 06:05:28.013,1.93097,1.93154,1.58,1.13
2013.11.13 06:05:37.024,1.93096,1.93155,2.25,1.13
2013.11.13 06:05:41.763,1.93096,1.93155,2.25,1.13
2013.11.13 06:05:41.973,1.93096,1.93159,2.25,1.20
2013.11.13 06:05:45.383,1.93096,1.93163,3.00,1.28
2013.11.13 06:05:45.597,1.93096,1.93156,1.58,1.13
2013.11.13 06:05:48.069,1.93096,1.93156,1.58,1.13
2013.11.13 06:05:48.123,1.93096,1.93156,2.25,1.13
2013.11.13 06:06:07.385,1.93096,1.93144,1.50,1.13
2013.11.13 06:06:07.443,1.93092,1.93144,1.50,1.13
2013.11.13 06:06:07.504,1.9309,1.93144,2.25,1.13
2013.11.13 06:06:07.623,1.9309,1.93144,2.25,1.13
2013.11.13 06:06:07.913,1.93083,1.93144,1.58,1.28
2013.11.13 06:06:11.557,1.93083,1.93145,2.33,1.28
2013.11.13 06:06:13.003,1.93085,1.93151,3.01,1.28
2013.11.13 06:06:13.123,1.93085,1.93149,1.58,1.58
2013.11.13 06:06:14.693,1.93085,1.93151,1.58,1.58
2013.11.13 06:06:15.113,1.93088,1.93155,3.01,2.03
2013.11.13 06:06:15.903,1.9309,1.93155,1.58,1.65
2013.11.13 06:06:16.625,1.9309,1.93155,2.33,1.20
2013.11.13 06:06:25.011,1.9309,1.93156,2.33,1.28
2013.11.13 06:06:36.043,1.9309,1.93156,2.33,1.28
2013.11.13 06:06:45.603,1.93093,1.93161,3.01,1.20
2013.11.13 06:06:46.867,1.93093,1.93159,1.58,1.28
2013.11.13 06:06:46.923,1.93086,1.93152,1.58,2.25
2013.11.13 06:06:46.983,1.93085,1.93152,3.08,2.33
2013.11.13 06:06:47.336,1.93085,1.93152,2.70,1.58
2013.11.13 06:06:47.693,1.9309,1.93155,1.50,1.58
2013.11.13 06:06:47.753,1.9309,1.93155,1.58,1.65
2013.11.13 06:06:47.873,1.93093,1.9316,3.38,1.95
2013.11.13 06:06:48.113,1.93093,1.93159,3.01,1.58
2013.11.13 06:06:57.583,1.93093,1.93157,3.01,1.28
2013.11.13 06:07:17.545,1.93095,1.93154,2.71,1.13
2013.11.13 06:07:18.036,1.93095,1.93154,2.71,1.13
2013.11.13 06:07:19.183,1.93095,1.93153,1.65,1.20
2013.11.13 06:07:39.131,1.93095,1.93152,1.58,1.13
2013.11.13 06:07:42.834,1.93095,1.93149,2.33,1.13
2013.11.13 06:07:42.894,1.93095,1.93149,1.65,1.13
2013.11.13 06:07:42.953,1.93095,1.93145,1.65,1.13
2013.11.13 06:07:43.343,1.93092,1.93145,1.65,1.13
2013.11.13 06:07:51.173,1.93092,1.93145,1.65,1.13
2013.11.13 06:08:02.015,1.93086,1.93145,2.03,1.28
2013.11.13 06:08:02.805,1.93086,1.93145,1.28,1.28
2013.11.13 06:08:09.793,1.93083,1.9314,1.20,1.95
2013.11.13 06:08:13.155,1.93078,1.93135,1.28,1.20
2013.11.13 06:08:13.513,1.9306,1.9312,1.13,2.70
2013.11.13 06:08:13.634,1.93055,1.9312,1.28,2.63
2013.11.13 06:08:14.263,1.93055,1.93113,1.20,1.58
2013.11.13 06:08:14.383,1.93051,1.93112,1.20,1.50
2013.11.13 06:08:15.844,1.93051,1.93112,1.13,1.50
2013.11.13 06:08:15.904,1.93051,1.93115,1.28,1.58
2013.11.13 06:08:16.024,1.93051,1.93115,1.28,1.58
2013.11.13 06:08:16.144,1.93051,1.93117,1.28,1.50
2013.11.13 06:08:16.444,1.93051,1.93117,1.28,1.50
2013.11.13 06:08:16.504,1.93051,1.93117,1.28,1.50
2013.11.13 06:08:16.864,1.93051,1.93122,3.01,1.58
2013.11.13 06:08:35.585,1.93054,1.93122,2.63,1.58
2013.11.13 06:08:35.705,1.93054,1.93117,1.28,1.50
2013.11.13 06:08:35.943,1.93051,1.93113,1.58,1.28
2013.11.13 06:08:36.554,1.93051,1.93113,1.50,1.58
2013.11.13 06:08:36.613,1.93045,1.93112,1.65,1.50
2013.11.13 06:08:41.363,1.93045,1.93106,1.65,1.50
2013.11.13 06:08:41.483,1.93045,1.93099,1.50,1.50
2013.11.13 06:08:42.114,1.93032,1.93092,1.50,1.50
2013.11.13 06:08:42.355,1.9303,1.93092,1.20,1.50
2013.11.13 06:08:44.134,1.9303,1.93095,1.58,1.65
2013.11.13 06:08:48.314,1.93029,1.93092,1.58,1.58
2013.11.13 06:08:49.086,1.93025,1.93092,2.33,1.58
2013.11.13 06:08:50.264,1.93026,1.93095,1.88,1.58
2013.11.13 06:08:50.323,1.93029,1.93097,3.38,1.58
2013.11.13 06:09:03.845,1.93029,1.93097,1.58,1.58
2013.11.13 06:09:06.344,1.93029,1.93095,1.58,1.28
2013.11.13 06:09:09.944,1.93029,1.93095,1.58,1.20
2013.11.13 06:09:10.003,1.93032,1.93095,1.58,1.20
2013.11.13 06:09:11.075,1.93032,1.93095,1.58,1.20
2013.11.13 06:09:14.375,1.93034,1.93104,3.01,2.70
2013.11.13 06:09:19.655,1.93034,1.93102,1.58,1.58
2013.11.13 06:09:20.153,1.93034,1.93104,2.33,1.58
2013.11.13 06:09:26.194,1.93031,1.93093,1.65,1.50
2013.11.13 06:09:26.374,1.93024,1.93092,2.25,1.58
2013.11.13 06:09:31.264,1.93024,1.93092,2.25,1.95
2013.11.13 06:09:31.866,1.93024,1.93092,3.01,1.20
2013.11.13 06:09:35.134,1.93025,1.93094,3.01,1.58
2013.11.13 06:09:35.195,1.93026,1.93096,3.01,1.28
2013.11.13 06:09:48.544,1.93031,1.93096,1.58,1.28
2013.11.13 06:09:48.604,1.93037,1.93101,3.01,1.65
2013.11.13 06:09:54.354,1.93037,1.93103,1.58,1.58
2013.11.13 06:09:58.054,1.93037,1.93104,1.58,1.95
2013.11.13 06:10:03.126,1.93039,1.93105,1.58,1.28
2013.11.13 06:10:04.424,1.93039,1.93105,1.58,1.28
2013.11.13 06:10:04.634,1.93035,1.93101,1.20,1.28
2013.11.13 06:10:05.284,1.93035,1.93102,1.50,1.58
2013.11.13 06:10:05.747,1.93036,1.93103,1.58,1.28
2013.11.13 06:10:06.223,1.93036,1.93094,1.58,1.13
2013.11.13 06:10:12.134,1.93036,1.93094,1.58,1.13
2013.11.13 06:10:25.533,1.93036,1.93094,2.25,1.13
2013.11.13 06:10:26.213,1.93036,1.93104,2.25,1.28
2013.11.13 06:10:27.733,1.93036,1.93104,2.25,1.28
2013.11.13 06:10:32.143,1.93036,1.93104,2.25,1.28
2013.11.13 06:10:33.895,1.93039,1.93107,3.01,1.95
2013.11.13 06:10:46.174,1.93039,1.93105,1.58,1.28
2013.11.13 06:10:56.714,1.93039,1.93103,1.50,1.28
2013.11.13 06:10:56.835,1.93036,1.93103,1.58,1.95
2013.11.13 06:10:57.074,1.9303,1.93094,1.58,1.28
2013.11.13 06:10:59.632,1.9303,1.93094,1.58,1.65
2013.11.13 06:11:03.153,1.9303,1.93094,1.58,1.28
2013.11.13 06:11:05.683,1.9303,1.93094,1.58,1.65
2013.11.13 06:11:09.533,1.9303,1.93094,1.58,1.65
2013.11.13 06:11:17.148,1.9303,1.93094,1.58,1.65
2013.11.13 06:11:17.864,1.9303,1.93094,1.58,1.95
2013.11.13 06:11:17.924,1.93029,1.93094,1.28,1.95
2013.11.13 06:11:33.664,1.93026,1.93092,1.58,1.58
2013.11.13 06:11:34.299,1.93026,1.93092,1.58,1.20
2013.11.13 06:11:38.173,1.93025,1.93091,2.33,1.20
2013.11.13 06:11:38.975,1.93024,1.93091,1.58,1.20
2013.11.13 06:11:55.223,1.93023,1.93089,2.63,1.28
2013.11.13 06:12:00.327,1.93025,1.93095,3.00,1.95
2013.11.13 06:12:01.619,1.93029,1.93095,1.58,1.28
2013.11.13 06:12:05.122,1.93029,1.93095,2.25,1.20
2013.11.13 06:12:06.674,1.93029,1.93095,2.25,1.20
2013.11.13 06:12:28.604,1.93029,1.93093,1.58,1.13
2013.11.13 06:12:28.784,1.93028,1.93093,2.25,1.28
2013.11.13 06:12:28.964,1.93028,1.9309,2.25,1.28
2013.11.13 06:12:29.154,1.93028,1.93085,2.25,1.13
2013.11.13 06:12:29.324,1.93028,1.93085,2.25,1.13
2013.11.13 06:12:33.861,1.93028,1.93081,2.25,1.13
2013.11.13 06:12:34.082,1.93028,1.93079,2.25,1.13
2013.11.13 06:12:34.344,1.93028,1.93085,2.25,1.13
2013.11.13 06:12:34.404,1.93028,1.93085,2.25,1.13
2013.11.13 06:12:35.246,1.93028,1.93085,2.25,1.13
2013.11.13 06:12:39.393,1.93028,1.93084,2.25,1.13
2013.11.13 06:12:42.881,1.93028,1.93084,2.25,1.13
2013.11.13 06:12:43.105,1.93028,1.93084,2.25,1.13
2013.11.13 06:12:43.172,1.93028,1.93084,2.25,1.13
2013.11.13 06:12:49.175,1.93028,1.93093,2.25,1.20
2013.11.13 06:12:54.494,1.93027,1.93088,1.58,1.20
2013.11.13 06:12:56.081,1.93027,1.93093,1.58,1.20
2013.11.13 06:12:59.051,1.93027,1.93088,1.58,1.20
2013.11.13 06:13:06.354,1.93027,1.93093,1.58,1.20
2013.11.13 06:13:09.360,1.93027,1.93096,1.58,2.25
2013.11.13 06:13:25.214,1.93029,1.93095,2.63,1.28
2013.11.13 06:13:25.454,1.93036,1.93103,3.38,1.58
2013.11.13 06:13:29.795,1.93037,1.93104,1.20,2.33
2013.11.13 06:13:29.854,1.93037,1.93109,1.95,2.33
2013.11.13 06:13:32.165,1.93037,1.93104,2.63,1.58
2013.11.13 06:13:32.225,1.93037,1.93104,1.28,2.25
2013.11.13 06:13:32.764,1.93037,1.93104,1.50,1.65
2013.11.13 06:13:33.674,1.93037,1.93107,2.25,1.58
2013.11.13 06:13:33.734,1.93035,1.931,1.95,1.58
2013.11.13 06:13:38.274,1.93039,1.93104,2.25,1.65
2013.11.13 06:13:38.624,1.93041,1.93107,2.70,1.50
2013.11.13 06:13:39.874,1.93041,1.93105,1.20,1.58
2013.11.13 06:13:39.934,1.93039,1.93105,1.50,1.58
2013.11.13 06:13:45.995,1.93041,1.93105,2.63,1.50
2013.11.13 06:13:46.115,1.93044,1.93112,3.01,1.58
2013.11.13 06:13:47.400,1.9305,1.93112,1.13,1.58
2013.11.13 06:13:47.501,1.9305,1.9311,1.13,1.58
2013.11.13 06:13:47.861,1.93046,1.93109,1.20,1.50
2013.11.13 06:13:48.045,1.93044,1.93109,1.65,1.50
2013.11.13 06:13:52.194,1.9304,1.93107,1.95,1.58
2013.11.13 06:13:52.625,1.9304,1.93109,2.70,1.50
2013.11.13 06:13:52.864,1.9304,1.93107,1.28,1.58
2013.11.13 06:13:55.574,1.9304,1.93107,1.95,1.58
2013.11.13 06:13:55.984,1.93033,1.931,1.58,1.58
2013.11.13 06:13:56.514,1.93034,1.93104,2.63,1.58
2013.11.13 06:13:56.574,1.93037,1.93105,3.01,2.25
2013.11.13 06:13:57.804,1.93037,1.931,1.20,1.50
2013.11.13 06:13:57.924,1.93037,1.93099,1.20,1.58
2013.11.13 06:14:08.295,1.93037,1.93104,1.58,1.58
2013.11.13 06:14:08.355,1.93037,1.93104,3.01,1.20
2013.11.13 06:14:09.904,1.93037,1.93104,3.01,1.20
2013.11.13 06:14:09.964,1.93037,1.93104,3.01,1.20
2013.11.13 06:14:10.300,1.93037,1.93104,3.01,1.20
2013.11.13 06:14:11.224,1.93037,1.93104,3.01,1.20
2013.11.13 06:14:11.917,1.93037,1.93104,1.58,1.20
2013.11.13 06:14:12.425,1.93035,1.93099,1.28,1.20
2013.11.13 06:14:17.784,1.93035,1.931,1.50,1.58
2013.11.13 06:14:17.844,1.93036,1.93105,2.63,1.58
2013.11.13 06:14:19.204,1.93036,1.93105,2.71,1.58
2013.11.13 06:14:23.316,1.93036,1.93105,1.20,2.25
2013.11.13 06:14:23.375,1.93037,1.93105,2.63,1.58
2013.11.13 06:14:32.959,1.93037,1.93105,2.63,1.58
2013.11.13 06:14:44.194,1.93037,1.93104,1.58,1.58
2013.11.13 06:15:04.183,1.93036,1.93101,1.28,1.58
2013.11.13 06:15:10.985,1.93035,1.93101,1.20,2.25
2013.11.13 06:15:11.104,1.93034,1.93097,1.20,1.50
2013.11.13 06:15:11.344,1.93028,1.93095,2.33,1.58
2013.11.13 06:15:19.669,1.93029,1.93095,1.20,1.58
2013.11.13 06:15:23.384,1.93035,1.93102,1.28,1.58
2013.11.13 06:15:24.965,1.93041,1.93102,1.13,1.58
2013.11.13 06:15:48.102,1.93035,1.93095,1.65,1.58
2013.11.13 06:15:48.624,1.93032,1.93095,1.28,1.58
2013.11.13 06:15:52.614,1.93032,1.93095,1.28,1.58
2013.11.13 06:15:57.686,1.93032,1.93095,1.20,1.58
2013.11.13 06:15:59.474,1.93029,1.93095,2.33,1.58
2013.11.13 06:16:12.205,1.93036,1.93101,1.20,1.58
2013.11.13 06:16:12.265,1.93036,1.93101,1.28,1.58
2013.11.13 06:16:12.324,1.93036,1.93101,1.28,1.58
2013.11.13 06:16:12.564,1.93039,1.93108,3.01,1.58
2013.11.13 06:16:13.178,1.9304,1.93108,3.01,1.58
2013.11.13 06:16:14.168,1.9304,1.93108,3.01,1.58
2013.11.13 06:16:15.928,1.9304,1.93108,3.01,1.58
2013.11.13 06:16:18.134,1.93041,1.93108,1.28,1.58
2013.11.13 06:16:22.308,1.93041,1.93108,1.58,1.58
2013.11.13 06:16:22.484,1.93039,1.93103,1.65,1.20
2013.11.13 06:16:33.244,1.93039,1.93104,1.65,1.50
2013.11.13 06:16:36.464,1.93039,1.93108,3.01,1.58
2013.11.13 06:16:46.894,1.93049,1.93108,1.13,1.58
2013.11.13 06:16:47.014,1.93049,1.93114,1.20,1.50
2013.11.13 06:16:48.404,1.93049,1.93114,1.65,1.50
2013.11.13 06:16:48.727,1.93048,1.93111,1.50,1.58
2013.11.13 06:16:49.086,1.93043,1.93108,1.65,1.50
2013.11.13 06:16:54.334,1.93049,1.93108,1.13,1.50
2013.11.13 06:16:54.395,1.93049,1.93112,1.20,1.58
2013.11.13 06:16:55.654,1.93049,1.93114,1.65,1.50
2013.11.13 06:16:55.714,1.93049,1.93108,1.50,1.50
2013.11.13 06:16:59.134,1.93044,1.93108,1.65,1.50
2013.11.13 06:16:59.194,1.93044,1.93114,3.01,1.58
2013.11.13 06:17:02.045,1.93049,1.93111,1.20,1.58
2013.11.13 06:17:02.106,1.93046,1.93108,1.28,1.58
2013.11.13 06:17:02.286,1.93038,1.93102,1.65,1.58
2013.11.13 06:17:02.345,1.93037,1.93102,1.28,1.58
2013.11.13 06:17:02.707,1.93015,1.9307,1.50,2.25
2013.11.13 06:17:02.895,1.93003,1.93069,1.50,1.50
2013.11.13 06:17:03.320,1.92998,1.93064,1.58,1.58
2013.11.13 06:17:05.620,1.92998,1.93064,1.58,1.58
2013.11.13 06:17:05.885,1.92998,1.93064,1.58,1.58
2013.11.13 06:17:06.784,1.92989,1.93056,2.33,1.58
2013.11.13 06:17:06.844,1.92988,1.93051,1.58,1.58
2013.11.13 06:17:07.204,1.92984,1.93051,1.58,2.25
2013.11.13 06:17:07.384,1.92984,1.93051,1.58,2.25
2013.11.13 06:17:08.587,1.92984,1.93051,1.58,2.25
2013.11.13 06:17:15.114,1.92984,1.93055,1.95,1.58
2013.11.13 06:17:15.354,1.92984,1.93055,2.33,1.20
2013.11.13 06:17:18.105,1.92989,1.93056,2.71,2.25
2013.11.13 06:17:25.422,1.92989,1.93056,2.71,2.25
2013.11.13 06:17:29.396,1.92989,1.93056,2.33,2.25
2013.11.13 06:17:35.125,1.92988,1.93051,1.58,1.58
2013.11.13 06:17:41.314,1.92988,1.93056,1.88,1.58
2013.11.13 06:17:41.375,1.9299,1.93057,3.38,1.95
2013.11.13 06:17:51.274,1.9299,1.93051,1.58,1.58
2013.11.13 06:17:58.994,1.9299,1.93057,1.58,1.28
2013.11.13 06:18:13.354,1.9299,1.93053,1.65,1.50
2013.11.13 06:18:20.704,1.9299,1.93058,1.58,1.58
2013.11.13 06:18:29.476,1.92989,1.93058,2.25,1.58
2013.11.13 06:18:32.777,1.92989,1.93058,2.63,1.58
2013.11.13 06:18:32.895,1.92989,1.93058,2.63,1.58
2013.11.13 06:18:40.794,1.92989,1.93058,1.95,1.58
2013.11.13 06:19:01.044,1.92989,1.93059,1.58,1.20
2013.11.13 06:19:13.175,1.92997,1.9306,1.50,1.88
2013.11.13 06:19:13.235,1.93003,1.9307,1.65,1.20
2013.11.13 06:19:13.295,1.93003,1.93071,2.70,2.63
2013.11.13 06:19:13.415,1.93006,1.9307,3.15,1.20
2013.11.13 06:19:13.654,1.92999,1.93062,1.28,1.58
2013.11.13 06:19:39.364,1.92999,1.93062,1.50,1.58
2013.11.13 06:19:39.424,1.92999,1.93064,1.58,1.28
2013.11.13 06:19:42.394,1.92998,1.93061,1.58,1.58
2013.11.13 06:19:48.164,1.92997,1.93061,1.28,1.58
2013.11.13 06:19:50.866,1.92997,1.93061,1.28,1.58
2013.11.13 06:20:00.615,1.92997,1.93065,1.58,1.95
2013.11.13 06:20:11.220,1.92997,1.93065,3.38,1.95
2013.11.13 06:20:11.844,1.92997,1.9306,1.50,1.58
2013.11.13 06:20:11.906,1.92997,1.9306,1.28,2.25
2013.11.13 06:20:17.966,1.92994,1.9306,1.28,2.25
2013.11.13 06:20:29.034,1.92994,1.9306,1.28,2.25
2013.11.13 06:20:32.101,1.92994,1.93061,1.95,2.25
2013.11.13 06:20:32.404,1.92996,1.93061,1.20,1.58
2013.11.13 06:20:40.314,1.92996,1.93064,1.50,1.20
2013.11.13 06:20:40.375,1.92999,1.93066,3.01,1.28
2013.11.13 06:21:00.396,1.92999,1.93065,2.25,1.28
2013.11.13 06:21:01.525,1.92999,1.93064,1.58,1.28
2013.11.13 06:21:03.613,1.92999,1.93065,1.58,1.28
2013.11.13 06:21:04.085,1.92996,1.93061,1.65,1.50
2013.11.13 06:21:05.594,1.92996,1.93061,1.65,1.50
2013.11.13 06:21:05.749,1.93,1.93061,1.13,1.50
2013.11.13 06:21:06.184,1.93,1.93061,1.13,1.50
2013.11.13 06:21:13.187,1.92994,1.9306,1.28,1.58
2013.11.13 06:21:16.376,1.92993,1.9306,1.58,1.58
2013.11.13 06:21:21.165,1.92993,1.9306,1.28,1.58
2013.11.13 06:21:23.959,1.92994,1.93059,1.20,1.58
2013.11.13 06:21:24.430,1.92994,1.93059,1.13,2.25
2013.11.13 06:21:33.615,1.92991,1.93057,1.95,1.58
2013.11.13 06:21:33.855,1.92991,1.93057,1.28,1.58
2013.11.13 06:21:40.874,1.92991,1.93057,1.58,1.58
2013.11.13 06:21:44.084,1.92991,1.93059,2.33,1.50
2013.11.13 06:21:47.806,1.92994,1.9306,3.38,1.58
2013.11.13 06:21:47.925,1.92994,1.93064,3.38,1.65
2013.11.13 06:21:54.034,1.92996,1.93064,3.01,1.28
2013.11.13 06:21:54.335,1.93008,1.93064,1.58,1.13
2013.11.13 06:21:54.696,1.93008,1.93064,1.58,1.13
2013.11.13 06:21:55.219,1.93008,1.93064,1.58,1.13
2013.11.13 06:21:55.955,1.93008,1.93069,1.58,1.13
2013.11.13 06:21:56.125,1.93008,1.93068,1.58,1.50
2013.11.13 06:21:56.671,1.93007,1.93068,1.58,1.58
2013.11.13 06:22:08.133,1.93007,1.93069,1.58,1.28
2013.11.13 06:22:11.826,1.93005,1.93069,1.58,1.58
2013.11.13 06:22:11.886,1.93002,1.93067,1.58,1.58
2013.11.13 06:22:14.116,1.93002,1.93071,3.00,1.20
2013.11.13 06:22:14.175,1.93002,1.93072,2.33,1.28
2013.11.13 06:22:14.735,1.93004,1.93073,3.01,1.20
2013.11.13 06:22:20.165,1.93004,1.93065,1.50,1.20
2013.11.13 06:22:20.225,1.92998,1.93065,2.25,1.58
2013.11.13 06:22:21.552,1.92998,1.93062,2.25,1.28
2013.11.13 06:22:21.882,1.92998,1.93064,2.25,1.20
2013.11.13 06:22:21.945,1.92998,1.93064,2.25,1.20
2013.11.13 06:22:32.127,1.92998,1.93064,2.25,1.20
2013.11.13 06:22:40.150,1.92998,1.93065,2.25,1.28
2013.11.13 06:22:42.132,1.92998,1.93065,1.58,1.65
2013.11.13 06:22:53.695,1.92994,1.93058,1.58,1.20
2013.11.13 06:23:00.915,1.92989,1.93052,1.28,1.58
2013.11.13 06:23:02.151,1.93,1.93052,1.13,1.58
2013.11.13 06:23:02.855,1.93,1.93053,1.13,1.58
2013.11.13 06:23:02.975,1.93,1.93058,1.13,1.28
2013.11.13 06:23:06.222,1.93,1.93059,1.13,1.20
2013.11.13 06:23:08.203,1.93,1.93057,1.13,1.20
2013.11.13 06:23:08.505,1.93,1.93065,2.70,1.20
2013.11.13 06:23:08.864,1.93004,1.93065,2.71,1.20
2013.11.13 06:23:13.595,1.93004,1.93071,3.38,1.58
2013.11.13 06:23:13.955,1.93016,1.93071,1.58,1.13
2013.11.13 06:23:14.135,1.9302,1.93084,3.38,1.28
2013.11.13 06:23:14.195,1.9302,1.93084,3.75,1.28
2013.11.13 06:23:14.375,1.93026,1.93093,3.01,1.54
2013.11.13 06:23:14.435,1.93028,1.93093,1.58,1.47
2013.11.13 06:23:14.745,1.93033,1.93095,3.01,1.28
2013.11.13 06:23:15.682,1.93033,1.93095,2.33,1.28
2013.11.13 06:23:19.861,1.93033,1.93095,2.70,1.28
2013.11.13 06:23:20.165,1.93035,1.93095,3.38,1.13
2013.11.13 06:23:23.686,1.93038,1.93095,2.25,1.13
2013.11.13 06:23:43.935,1.9304,1.93095,1.58,1.13
2013.11.13 06:23:45.645,1.9304,1.93104,1.58,1.20
2013.11.13 06:23:48.096,1.9304,1.93095,1.58,1.13
2013.11.13 06:23:48.155,1.9304,1.93094,1.58,1.13
2013.11.13 06:23:48.375,1.9304,1.93094,1.58,1.13
2013.11.13 06:23:49.556,1.9304,1.93094,1.58,1.13
2013.11.13 06:23:54.635,1.9304,1.93094,1.50,1.13
2013.11.13 06:23:54.695,1.93039,1.93094,1.58,1.13
2013.11.13 06:24:00.125,1.93039,1.93094,1.58,1.13
2013.11.13 06:24:00.247,1.93039,1.93094,1.58,1.13
2013.11.13 06:24:01.696,1.93037,1.93084,1.58,1.13
2013.11.13 06:24:01.755,1.93031,1.93084,1.58,1.13
2013.11.13 06:24:14.975,1.93031,1.93094,1.58,1.20
2013.11.13 06:24:15.545,1.93031,1.93094,1.58,1.13
2013.11.13 06:24:18.160,1.93031,1.93094,1.58,1.13
2013.11.13 06:24:21.135,1.93031,1.93085,1.58,1.13
2013.11.13 06:24:21.445,1.93031,1.93095,1.58,1.28
2013.11.13 06:24:30.553,1.93031,1.93095,1.58,1.28
2013.11.13 06:24:32.220,1.93031,1.93095,1.50,1.20
2013.11.13 06:24:34.017,1.93031,1.93095,1.50,1.20
2013.11.13 06:24:34.545,1.93031,1.93095,1.50,1.20
2013.11.13 06:24:42.676,1.93031,1.93095,1.58,1.20
2013.11.13 06:24:42.737,1.93029,1.93094,1.50,1.28
2013.11.13 06:24:43.360,1.93029,1.93094,1.50,2.03
2013.11.13 06:24:46.310,1.93032,1.93096,3.01,1.13
2013.11.13 06:24:46.400,1.93032,1.93096,3.01,1.13
2013.11.13 06:24:46.455,1.93032,1.93101,3.01,1.28
2013.11.13 06:24:46.847,1.93032,1.93101,3.01,1.28
2013.11.13 06:24:57.850,1.93032,1.93101,3.01,1.28
2013.11.13 06:24:57.965,1.93032,1.93094,1.58,1.28
2013.11.13 06:24:59.896,1.93032,1.93096,2.33,1.20
2013.11.13 06:24:59.956,1.93032,1.93088,1.50,1.13
2013.11.13 06:25:00.075,1.93031,1.93084,1.58,1.13
2013.11.13 06:25:00.434,1.93031,1.93095,1.58,2.70
2013.11.13 06:25:00.869,1.93031,1.93095,1.58,2.70
2013.11.13 06:25:01.105,1.93031,1.93091,1.20,1.28
2013.11.13 06:25:06.169,1.93031,1.93095,1.65,1.95
2013.11.13 06:25:06.286,1.93031,1.93084,1.58,1.13
2013.11.13 06:25:06.879,1.93031,1.93095,1.58,1.95
2013.11.13 06:25:07.195,1.93028,1.93085,1.50,1.13
2013.11.13 06:25:09.526,1.93028,1.93085,1.50,1.13
2013.11.13 06:25:10.970,1.93028,1.93085,1.50,1.13
2013.11.13 06:25:15.655,1.93028,1.93085,1.50,1.13
2013.11.13 06:25:20.045,1.93028,1.93085,1.50,1.13
2013.11.13 06:25:20.210,1.93028,1.93085,1.50,1.13
2013.11.13 06:25:24.370,1.93028,1.9308,1.50,1.13
2013.11.13 06:25:24.607,1.93028,1.93085,1.50,1.13
2013.11.13 06:25:24.665,1.93027,1.93085,1.58,1.20
2013.11.13 06:25:24.725,1.93025,1.93085,1.65,1.28
2013.11.13 06:25:24.785,1.93025,1.93085,1.58,1.20
2013.11.13 06:25:29.145,1.93034,1.93085,1.50,1.13
2013.11.13 06:25:29.707,1.93038,1.93095,1.58,1.13
2013.11.13 06:25:30.219,1.93041,1.93084,1.58,1.13
2013.11.13 06:25:30.660,1.93045,1.93084,1.50,1.13
2013.11.13 06:25:31.175,1.93045,1.93084,1.58,1.13
2013.11.13 06:25:33.190,1.93045,1.93084,1.58,1.13
2013.11.13 06:25:33.766,1.93045,1.93084,1.58,1.13
2013.11.13 06:25:35.496,1.93037,1.93084,1.58,1.13
2013.11.13 06:25:35.555,1.93037,1.93084,1.58,1.13
2013.11.13 06:25:35.927,1.93036,1.93095,1.50,1.13
2013.11.13 06:25:35.985,1.93036,1.93095,1.50,1.13
2013.11.13 06:25:36.827,1.93036,1.93095,1.50,1.13
2013.11.13 06:25:37.465,1.93036,1.93091,1.50,1.13
2013.11.13 06:25:37.585,1.93036,1.93095,1.50,1.13
2013.11.13 06:25:39.025,1.93036,1.93095,1.50,1.13
2013.11.13 06:25:39.346,1.9304,1.93094,3.01,1.13
2013.11.13 06:25:39.467,1.93041,1.93105,2.63,1.28
2013.11.13 06:25:40.575,1.93041,1.93099,1.20,1.13
2013.11.13 06:25:41.096,1.93041,1.93095,1.58,1.13
2013.11.13 06:25:42.351,1.93041,1.93099,1.20,1.13
2013.11.13 06:25:44.155,1.93041,1.93095,1.58,1.13
2013.11.13 06:25:45.540,1.93042,1.93107,1.28,1.28
2013.11.13 06:25:45.835,1.9305,1.93115,3.38,1.28
2013.11.13 06:25:45.895,1.93051,1.93115,2.63,1.20
2013.11.13 06:25:46.076,1.93051,1.93114,2.63,1.28
2013.11.13 06:25:46.135,1.93051,1.93117,2.63,1.20
2013.11.13 06:25:46.255,1.93052,1.93119,2.71,1.20
2013.11.13 06:25:46.375,1.93055,1.9312,3.01,1.28
2013.11.13 06:25:50.266,1.93055,1.93117,2.03,1.50
2013.11.13 06:25:50.325,1.93055,1.93117,2.03,1.58
2013.11.13 06:25:57.015,1.93054,1.93114,1.20,2.25
2013.11.13 06:26:00.126,1.93054,1.93112,1.13,1.58
2013.11.13 06:26:00.560,1.93054,1.93114,1.20,2.33
2013.11.13 06:26:00.675,1.93054,1.93118,1.28,2.70
2013.11.13 06:26:02.375,1.93051,1.93118,1.20,2.70
2013.11.13 06:26:02.610,1.9305,1.93111,1.28,1.50
2013.11.13 06:26:02.866,1.93047,1.93111,1.20,1.58
2013.11.13 06:26:06.955,1.93047,1.93111,1.20,1.58
2013.11.13 06:26:08.153,1.93047,1.93111,1.20,1.58
2013.11.13 06:26:12.105,1.93051,1.93116,2.63,1.28
2013.11.13 06:26:13.815,1.93057,1.93116,2.63,1.13
2013.11.13 06:26:18.155,1.93059,1.93117,1.50,1.13
2013.11.13 06:26:18.276,1.93063,1.93117,1.50,1.13
2013.11.13 06:26:18.395,1.93066,1.93124,3.01,1.13
2013.11.13 06:26:18.455,1.93066,1.93126,3.01,1.13
2013.11.13 06:26:18.515,1.93069,1.93126,1.50,1.13
2013.11.13 06:26:26.826,1.93076,1.9314,1.20,1.20
2013.11.13 06:26:31.867,1.93079,1.93143,2.63,1.28
2013.11.13 06:26:31.986,1.93079,1.93135,2.63,1.13
2013.11.13 06:26:32.227,1.9308,1.93135,1.28,1.13
2013.11.13 06:26:32.799,1.93081,1.93135,2.71,1.13
2013.11.13 06:26:33.195,1.93081,1.93137,2.71,1.13
2013.11.13 06:26:33.929,1.93081,1.93135,2.71,1.13
2013.11.13 06:26:42.179,1.93081,1.93135,2.71,1.13
2013.11.13 06:26:43.139,1.93081,1.9313,1.28,1.13
2013.11.13 06:26:46.869,1.93081,1.9313,1.58,1.13
2013.11.13 06:26:56.118,1.93083,1.93144,3.01,1.13
2013.11.13 06:27:04.945,1.93083,1.93144,1.65,1.28
2013.11.13 06:27:05.496,1.93083,1.93144,1.65,1.28
2013.11.13 06:27:06.128,1.93081,1.93128,1.58,1.13
2013.11.13 06:27:11.082,1.93081,1.93134,1.58,1.13
2013.11.13 06:27:11.205,1.93081,1.93134,1.58,1.13
2013.11.13 06:27:11.848,1.93081,1.93126,1.50,1.13
2013.11.13 06:27:15.465,1.93076,1.9313,1.20,1.13
2013.11.13 06:27:16.576,1.93078,1.9313,2.63,1.13
2013.11.13 06:27:16.695,1.93077,1.9313,1.95,1.13
2013.11.13 06:27:19.834,1.93071,1.93131,1.20,1.28
2013.11.13 06:27:20.057,1.93069,1.93125,2.25,1.13
2013.11.13 06:27:22.890,1.93064,1.93126,2.25,1.20
2013.11.13 06:27:22.945,1.93064,1.93126,1.58,1.28
2013.11.13 06:27:27.485,1.93064,1.93131,2.33,1.95
2013.11.13 06:27:29.138,1.93064,1.93131,2.33,1.95
2013.11.13 06:27:38.667,1.93064,1.93124,2.33,1.20
2013.11.13 06:27:38.726,1.93064,1.93124,2.33,1.20
2013.11.13 06:27:39.285,1.93064,1.93125,1.58,1.28
2013.11.13 06:27:41.838,1.93064,1.93125,1.58,1.28
2013.11.13 06:27:43.116,1.93064,1.93126,1.28,1.58
2013.11.13 06:27:53.437,1.93064,1.93126,1.28,1.58
2013.11.13 06:27:54.598,1.9306,1.93126,1.95,1.95
2013.11.13 06:27:54.865,1.9306,1.93124,1.58,1.28
2013.11.13 06:28:03.245,1.93062,1.93124,3.01,1.20
2013.11.13 06:28:04.833,1.93062,1.93122,2.25,1.13
2013.11.13 06:28:08.127,1.93062,1.93124,3.01,1.20
2013.11.13 06:28:08.927,1.93062,1.93124,3.01,1.20
2013.11.13 06:28:14.447,1.93062,1.93126,3.38,1.28
2013.11.13 06:28:14.776,1.93062,1.93124,3.01,1.20
2013.11.13 06:28:15.115,1.93062,1.93124,3.01,1.20
2013.11.13 06:28:23.245,1.93062,1.93125,1.95,1.28
2013.11.13 06:28:23.707,1.93062,1.93125,1.28,1.28
2013.11.13 06:28:25.126,1.93062,1.93125,1.65,1.28
2013.11.13 06:28:25.725,1.93062,1.93125,1.65,1.28
2013.11.13 06:28:26.115,1.93062,1.93128,1.65,1.20
2013.11.13 06:28:26.427,1.93066,1.9313,1.58,1.28
2013.11.13 06:28:26.983,1.93066,1.93124,2.25,1.13
2013.11.13 06:28:31.927,1.93066,1.93124,2.25,1.13
2013.11.13 06:28:32.166,1.93066,1.93124,1.58,1.20
2013.11.13 06:28:32.226,1.93066,1.93124,1.65,1.20
2013.11.13 06:28:33.693,1.93066,1.93124,1.65,1.20
2013.11.13 06:28:40.966,1.93064,1.93124,1.58,1.28
2013.11.13 06:28:41.026,1.9306,1.93124,1.58,1.95
2013.11.13 06:28:46.440,1.93061,1.93124,1.50,1.28
2013.11.13 06:28:46.495,1.93063,1.93124,3.01,1.20
2013.11.13 06:28:47.586,1.93063,1.9312,2.25,1.13
2013.11.13 06:28:47.925,1.93063,1.93124,3.01,1.20
2013.11.13 06:28:50.847,1.93063,1.93124,3.01,1.20
2013.11.13 06:29:01.006,1.93063,1.93124,3.01,1.20
2013.11.13 06:29:06.127,1.93063,1.93124,2.33,1.20
2013.11.13 06:29:06.435,1.93063,1.93124,2.25,1.13
2013.11.13 06:29:17.231,1.93063,1.93125,2.25,1.13
2013.11.13 06:29:19.008,1.93063,1.93125,1.58,1.20
2013.11.13 06:29:19.066,1.93063,1.93125,1.65,1.28
2013.11.13 06:29:19.213,1.93063,1.93125,1.58,1.28
2013.11.13 06:29:20.315,1.93063,1.93125,1.58,1.28
2013.11.13 06:29:20.397,1.93063,1.93116,1.58,1.13
2013.11.13 06:29:20.927,1.93063,1.93129,1.58,1.20
2013.11.13 06:29:22.258,1.93063,1.93125,1.58,1.28
2013.11.13 06:29:22.597,1.93063,1.93129,1.95,1.20
2013.11.13 06:29:23.386,1.93063,1.93129,1.58,1.20
2013.11.13 06:29:25.366,1.93063,1.93129,1.58,1.20
2013.11.13 06:29:27.241,1.93063,1.93129,1.95,1.20
2013.11.13 06:29:27.355,1.93063,1.93125,1.58,1.28
2013.11.13 06:29:28.517,1.93067,1.93125,3.01,1.13
2013.11.13 06:29:28.979,1.93067,1.93134,3.01,1.95
2013.11.13 06:29:30.216,1.93067,1.93134,3.01,1.95
2013.11.13 06:29:34.141,1.93067,1.93118,1.58,1.13
2013.11.13 06:29:38.455,1.93067,1.93124,3.01,1.13
2013.11.13 06:29:43.845,1.93067,1.93134,3.01,1.95
2013.11.13 06:29:49.275,1.93067,1.93133,3.01,1.20
2013.11.13 06:29:51.316,1.93073,1.93142,3.38,1.95
2013.11.13 06:29:51.406,1.93073,1.9314,3.38,1.58
2013.11.13 06:29:52.619,1.93073,1.9314,3.38,1.20
2013.11.13 06:29:54.157,1.93073,1.93135,3.38,1.20
2013.11.13 06:29:55.416,1.93073,1.9314,3.38,1.20
2013.11.13 06:29:55.815,1.93073,1.9314,3.38,1.58
2013.11.13 06:30:00.237,1.93073,1.93136,2.63,1.58
2013.11.13 06:30:01.655,1.93073,1.93136,1.28,1.58
2013.11.13 06:30:01.775,1.93082,1.93144,2.71,1.58
2013.11.13 06:30:01.895,1.93087,1.93145,1.13,1.50
2013.11.13 06:30:01.962,1.93087,1.93146,1.20,1.58
2013.11.13 06:30:02.015,1.93087,1.93148,1.28,1.58
2013.11.13 06:30:03.805,1.93087,1.93148,1.28,1.58
2013.11.13 06:30:03.995,1.93095,1.93154,1.20,1.58
2013.11.13 06:30:04.176,1.93095,1.93154,1.28,1.95
2013.11.13 06:30:04.738,1.93095,1.93155,1.65,1.20
2013.11.13 06:30:05.506,1.93095,1.93148,1.20,1.20
2013.11.13 06:30:07.896,1.93095,1.93154,1.13,1.50
2013.11.13 06:30:08.116,1.93095,1.93154,1.13,2.25
2013.11.13 06:30:08.180,1.93095,1.93154,1.13,2.25
2013.11.13 06:30:08.355,1.93085,1.93146,1.28,1.50
2013.11.13 06:30:08.536,1.93082,1.93144,1.20,1.20
2013.11.13 06:30:11.285,1.93082,1.93146,1.28,1.50
2013.11.13 06:30:11.516,1.93082,1.93153,1.95,1.50
2013.11.13 06:30:11.575,1.93082,1.93153,1.95,1.50
2013.11.13 06:30:13.635,1.9309,1.93149,1.13,1.20
2013.11.13 06:30:13.695,1.93093,1.93154,2.33,1.20
2013.11.13 06:30:13.815,1.93093,1.93158,2.63,1.28
2013.11.13 06:30:15.176,1.93095,1.9316,2.63,1.58
2013.11.13 06:30:18.857,1.93095,1.93157,3.75,1.20
2013.11.13 06:30:27.016,1.931,1.93165,1.20,1.65
2013.11.13 06:30:27.169,1.931,1.93165,1.20,1.65
2013.11.13 06:30:31.855,1.93099,1.93165,1.50,1.28
2013.11.13 06:30:34.866,1.93103,1.93165,2.25,1.65
2013.11.13 06:30:39.256,1.93103,1.93169,1.50,2.03
2013.11.13 06:30:47.065,1.93103,1.93164,1.50,1.20
2013.11.13 06:30:48.165,1.93103,1.93164,1.50,1.20
2013.11.13 06:30:52.679,1.93103,1.93164,1.50,1.20
2013.11.13 06:30:59.225,1.93103,1.93164,1.50,1.28
2013.11.13 06:31:14.224,1.93103,1.93164,1.13,1.58
2013.11.13 06:31:14.285,1.931,1.93163,1.20,1.50
2013.11.13 06:31:29.814,1.931,1.93163,1.20,1.88
2013.11.13 06:31:34.545,1.931,1.93163,1.20,1.88
2013.11.13 06:31:54.486,1.93105,1.93166,1.28,1.20
2013.11.13 06:31:54.546,1.93106,1.9317,1.20,1.28
2013.11.13 06:31:55.716,1.93111,1.93175,2.63,1.58
2013.11.13 06:31:55.777,1.93111,1.93175,2.63,1.28
2013.11.13 06:31:57.114,1.93111,1.93175,1.50,1.28
2013.11.13 06:31:57.664,1.93111,1.93175,1.50,1.28
2013.11.13 06:31:58.376,1.93111,1.93175,1.50,1.28
2013.11.13 06:31:59.204,1.93111,1.93175,1.50,1.28
2013.11.13 06:31:59.548,1.93111,1.93166,1.50,1.13
2013.11.13 06:32:04.615,1.93116,1.93175,2.25,1.28
2013.11.13 06:32:04.875,1.93118,1.93175,1.20,1.20
2013.11.13 06:32:04.935,1.93118,1.93175,1.20,1.13
2013.11.13 06:32:05.144,1.93121,1.93175,2.25,1.13
2013.11.13 06:32:07.825,1.93121,1.93164,1.20,1.13
2013.11.13 06:32:07.886,1.93116,1.93164,1.50,1.13
2013.11.13 06:32:07.946,1.93115,1.93164,1.65,1.13
2013.11.13 06:32:08.688,1.93112,1.93164,1.58,1.13
2013.11.13 06:32:11.071,1.93112,1.93164,1.20,1.13
2013.11.13 06:32:11.245,1.93106,1.93167,1.28,1.58
2013.11.13 06:32:13.779,1.93106,1.93164,1.13,1.20
2013.11.13 06:32:14.066,1.9311,1.93172,2.33,1.20
2013.11.13 06:32:16.306,1.93109,1.93165,1.20,1.13
2013.11.13 06:32:16.763,1.93106,1.93165,1.28,1.20
2013.11.13 06:32:18.126,1.93106,1.93165,1.28,1.20
2013.11.13 06:32:19.957,1.93105,1.93165,1.58,1.20
2013.11.13 06:32:21.616,1.93105,1.93165,1.58,1.20
2013.11.13 06:32:24.057,1.93105,1.93165,1.58,1.20
2013.11.13 06:32:25.784,1.93105,1.93165,1.58,1.20
2013.11.13 06:32:29.057,1.93111,1.93165,1.13,1.20
2013.11.13 06:32:29.116,1.93111,1.93168,1.20,1.20
2013.11.13 06:32:29.176,1.93111,1.93171,1.28,1.20
2013.11.13 06:32:34.186,1.93107,1.93171,1.13,1.20
2013.11.13 06:32:36.165,1.93106,1.93169,1.58,1.20
2013.11.13 06:32:36.225,1.93106,1.93169,1.28,1.50
2013.11.13 06:32:37.316,1.93106,1.93169,1.58,1.20
2013.11.13 06:32:37.376,1.93106,1.93174,2.63,1.20
2013.11.13 06:32:38.556,1.93109,1.93175,3.00,1.65
2013.11.13 06:32:38.616,1.93109,1.93175,3.00,1.65
2013.11.13 06:32:39.306,1.93119,1.93182,1.20,1.20
2013.11.13 06:32:39.486,1.93116,1.9318,1.50,1.20
2013.11.13 06:32:40.306,1.93116,1.9318,1.50,1.20
2013.11.13 06:32:42.465,1.93116,1.9317,1.13,1.13
2013.11.13 06:32:42.525,1.93108,1.9317,1.20,1.20
2013.11.13 06:32:42.646,1.93106,1.9317,1.50,1.20
2013.11.13 06:32:43.086,1.931,1.93163,1.20,1.20
2013.11.13 06:32:53.282,1.931,1.93163,1.20,1.20
2013.11.13 06:32:53.556,1.93092,1.93154,1.13,1.13
2013.11.13 06:32:53.616,1.93091,1.93154,1.13,1.20
2013.11.13 06:32:53.796,1.9309,1.93155,1.50,1.20
2013.11.13 06:32:56.607,1.93093,1.93159,1.50,1.28
2013.11.13 06:32:58.907,1.93094,1.93154,2.25,1.13
2013.11.13 06:32:58.966,1.93094,1.93154,1.65,1.20
2013.11.13 06:33:07.666,1.93091,1.93154,1.50,1.20
2013.11.13 06:33:16.506,1.93093,1.93155,1.50,1.28
2013.11.13 06:33:19.596,1.93094,1.93151,3.00,1.13
2013.11.13 06:33:22.515,1.93098,1.93159,1.50,1.13
2013.11.13 06:33:23.833,1.93098,1.93159,1.50,1.13
2013.11.13 06:33:24.076,1.93098,1.93159,1.50,1.13
2013.11.13 06:33:40.853,1.93099,1.93155,1.20,1.13
2013.11.13 06:33:41.402,1.93099,1.93156,1.20,1.13
2013.11.13 06:33:45.142,1.93099,1.93155,1.20,1.13
2013.11.13 06:33:45.699,1.93099,1.93152,1.20,1.13
2013.11.13 06:33:48.364,1.93099,1.93154,1.20,1.13
2013.11.13 06:33:48.583,1.93099,1.93153,1.20,1.13
2013.11.13 06:33:51.725,1.93099,1.93151,1.20,1.13
2013.11.13 06:33:51.786,1.93099,1.93151,1.20,1.13
2013.11.13 06:33:59.902,1.931,1.93152,1.20,1.13
2013.11.13 06:34:00.443,1.931,1.93152,1.50,1.13
2013.11.13 06:34:02.906,1.931,1.93155,1.50,1.13
2013.11.13 06:34:05.382,1.931,1.93155,1.50,1.13
2013.11.13 06:34:11.346,1.931,1.93155,1.50,1.13
2013.11.13 06:34:11.658,1.931,1.93155,1.50,1.13
2013.11.13 06:34:11.927,1.931,1.93155,1.50,1.13
2013.11.13 06:34:12.091,1.931,1.93155,1.50,1.13
2013.11.13 06:34:16.677,1.931,1.93151,1.50,1.13
2013.11.13 06:34:20.126,1.931,1.93152,1.50,1.13
2013.11.13 06:34:20.677,1.931,1.93152,1.20,1.13
2013.11.13 06:34:25.362,1.931,1.93155,1.20,1.13
2013.11.13 06:34:25.867,1.931,1.93155,1.20,1.13
2013.11.13 06:34:40.317,1.931,1.93155,1.50,1.13
2013.11.13 06:34:40.792,1.931,1.93151,1.50,1.13
2013.11.13 06:34:41.128,1.931,1.93151,1.50,1.13
2013.11.13 06:34:45.606,1.931,1.93151,1.50,1.13
2013.11.13 06:34:54.786,1.93099,1.93152,1.50,1.13
2013.11.13 06:35:05.776,1.93094,1.93152,1.88,1.28
2013.11.13 06:35:10.067,1.93094,1.93152,1.50,1.28
2013.11.13 06:35:15.217,1.93094,1.93152,1.50,1.28
2013.11.13 06:35:22.509,1.93094,1.93156,2.25,1.20
2013.11.13 06:35:26.948,1.93094,1.93153,1.88,1.28
2013.11.13 06:35:28.597,1.93094,1.93156,2.63,1.20
2013.11.13 06:35:28.811,1.93095,1.93158,1.28,1.50
2013.11.13 06:35:29.148,1.93095,1.93158,1.28,1.50
2013.11.13 06:35:29.699,1.93107,1.93158,1.13,1.50
2013.11.13 06:35:30.197,1.93106,1.93156,1.13,1.20
2013.11.13 06:35:30.358,1.93106,1.93158,1.13,1.50
2013.11.13 06:35:30.797,1.93109,1.93158,1.13,1.50
2013.11.13 06:35:31.188,1.93119,1.93168,1.13,1.95
2013.11.13 06:35:31.437,1.93119,1.93177,1.13,1.20
2013.11.13 06:35:31.966,1.93116,1.93179,1.28,1.50
2013.11.13 06:35:32.086,1.93118,1.93187,1.88,1.20
2013.11.13 06:35:36.833,1.93118,1.93187,3.38,1.20
2013.11.13 06:35:36.897,1.9312,1.93188,3.38,1.65
2013.11.13 06:35:40.528,1.93123,1.93188,1.20,1.20
2013.11.13 06:35:40.587,1.93123,1.93187,1.20,1.20
2013.11.13 06:35:48.876,1.93123,1.93188,1.20,1.20
2013.11.13 06:35:48.936,1.93123,1.93193,1.50,1.20
2013.11.13 06:35:50.996,1.93123,1.93188,1.58,1.20
2013.11.13 06:35:51.057,1.93123,1.93186,1.28,1.20
2013.11.13 06:35:52.356,1.93123,1.93188,1.88,1.95
2013.11.13 06:35:52.416,1.93124,1.93192,1.88,1.20
2013.11.13 06:35:52.812,1.93124,1.93192,3.38,1.13
2013.11.13 06:35:53.138,1.9313,1.93198,1.50,1.58
2013.11.13 06:35:57.006,1.93129,1.93192,1.50,1.20
2013.11.13 06:36:00.656,1.93132,1.93194,1.20,1.20
2013.11.13 06:36:04.060,1.93132,1.93199,1.50,1.20
2013.11.13 06:36:04.177,1.93132,1.9319,1.20,1.28
2013.11.13 06:36:08.826,1.93124,1.93188,1.50,1.20
2013.11.13 06:36:20.256,1.93124,1.93188,1.50,1.20
2013.11.13 06:36:24.316,1.93124,1.93188,1.50,1.20
2013.11.13 06:36:24.640,1.93125,1.93189,1.50,1.28
2013.11.13 06:36:28.044,1.93125,1.93189,1.50,1.28
2013.11.13 06:36:57.568,1.93125,1.93189,1.50,1.28
2013.11.13 06:36:57.638,1.93125,1.93189,1.50,1.28
2013.11.13 06:37:00.360,1.93125,1.93189,1.50,1.28
2013.11.13 06:37:00.596,1.93128,1.93193,1.20,1.58
2013.11.13 06:37:01.020,1.93131,1.93191,1.13,1.13
2013.11.13 06:37:05.126,1.93133,1.93195,1.28,1.28
2013.11.13 06:37:05.186,1.93133,1.932,1.28,1.20
2013.11.13 06:37:05.307,1.93133,1.932,1.58,1.20
2013.11.13 06:37:05.640,1.93137,1.93202,1.13,1.65
2013.11.13 06:37:12.156,1.93137,1.93204,1.13,1.20
2013.11.13 06:37:25.843,1.93138,1.93206,1.58,1.50
2013.11.13 06:37:39.137,1.93138,1.93206,1.50,1.20
2013.11.13 06:37:40.182,1.93138,1.93206,1.88,1.20
2013.11.13 06:37:42.717,1.93138,1.93206,1.88,1.20
2013.11.13 06:37:46.246,1.93138,1.93207,1.88,1.20
2013.11.13 06:37:50.418,1.93138,1.93207,1.50,1.20
2013.11.13 06:37:59.219,1.93138,1.93207,1.50,1.20
2013.11.13 06:37:59.550,1.93138,1.93207,1.50,1.20
2013.11.13 06:38:00.092,1.93138,1.93207,1.50,1.20
2013.11.13 06:38:00.966,1.93142,1.93207,1.20,1.20
2013.11.13 06:38:01.306,1.93144,1.93213,1.50,1.20
2013.11.13 06:38:01.626,1.93144,1.93213,1.50,1.20
2013.11.13 06:38:05.597,1.93149,1.93214,2.25,1.58
2013.11.13 06:38:06.344,1.93149,1.93212,1.50,1.28
2013.11.13 06:38:07.016,1.93147,1.93207,1.20,1.20
2013.11.13 06:38:08.099,1.93147,1.93207,1.20,1.20
2013.11.13 06:38:20.657,1.93147,1.93207,1.20,1.20
2013.11.13 06:38:23.958,1.93147,1.93214,1.50,1.95
2013.11.13 06:38:29.878,1.93147,1.9321,1.50,1.28
2013.11.13 06:38:30.057,1.93147,1.93204,1.20,1.28
2013.11.13 06:38:40.549,1.93147,1.93205,1.20,1.28
2013.11.13 06:38:50.096,1.93145,1.93205,2.25,1.28
2013.11.13 06:38:55.188,1.93145,1.93211,2.63,1.88
2013.11.13 06:38:58.570,1.93145,1.93211,2.33,1.88
2013.11.13 06:39:01.342,1.9314,1.93203,1.58,1.20
2013.11.13 06:39:01.558,1.93141,1.93204,1.28,1.58
2013.11.13 06:39:02.737,1.93141,1.93208,1.20,1.28
2013.11.13 06:39:10.706,1.93145,1.9321,2.33,1.88
2013.11.13 06:39:11.067,1.93133,1.93189,1.28,1.28
2013.11.13 06:39:11.508,1.93133,1.93187,1.13,1.20
2013.11.13 06:39:11.896,1.93133,1.93187,1.13,1.20
2013.11.13 06:39:20.641,1.93132,1.93187,1.28,1.20
2013.11.13 06:39:23.389,1.93132,1.93187,1.20,1.20
2013.11.13 06:39:39.391,1.93124,1.93174,1.20,1.13
2013.11.13 06:39:40.108,1.93124,1.93174,1.20,1.13
2013.11.13 06:39:44.897,1.93124,1.93176,1.20,1.13
2013.11.13 06:39:52.507,1.93124,1.93174,1.20,1.13
2013.11.13 06:40:00.197,1.93121,1.93175,1.28,1.20
2013.11.13 06:40:19.752,1.9312,1.93174,1.20,1.13
2013.11.13 06:40:19.868,1.9312,1.93174,1.20,1.13
2013.11.13 06:40:23.579,1.93118,1.93184,1.13,1.88
2013.11.13 06:40:23.867,1.93118,1.93184,1.20,1.88
2013.11.13 06:40:23.987,1.93124,1.93185,2.25,1.28
2013.11.13 06:40:24.326,1.93124,1.93189,2.25,1.20
2013.11.13 06:41:04.036,1.9313,1.93188,1.13,1.20
2013.11.13 06:41:04.228,1.9313,1.93189,1.28,1.65
2013.11.13 06:41:18.557,1.9313,1.93189,1.28,1.28
2013.11.13 06:41:21.157,1.93129,1.93188,1.20,1.13
2013.11.13 06:41:21.337,1.93127,1.93184,1.65,1.28
2013.11.13 06:41:21.497,1.93124,1.93185,1.20,1.58
2013.11.13 06:41:21.558,1.93124,1.93188,1.28,1.13
2013.11.13 06:41:21.881,1.93124,1.93186,1.13,1.13
2013.11.13 06:41:23.007,1.93124,1.93186,1.28,1.58
2013.11.13 06:41:23.777,1.93124,1.9318,1.13,1.20
2013.11.13 06:41:23.944,1.93124,1.93181,1.20,1.20
2013.11.13 06:41:24.007,1.93124,1.93186,1.28,1.20
2013.11.13 06:41:31.005,1.93124,1.93184,1.20,1.28
2013.11.13 06:41:33.737,1.93124,1.93184,1.20,1.20
2013.11.13 06:41:33.797,1.93124,1.93184,1.50,1.13
2013.11.13 06:41:36.747,1.93124,1.93184,1.20,1.28
2013.11.13 06:41:36.987,1.93118,1.93182,1.20,1.88
2013.11.13 06:41:37.520,1.93116,1.93176,2.63,1.28
2013.11.13 06:41:39.945,1.93116,1.93178,2.63,1.28
2013.11.13 06:41:42.497,1.93116,1.93174,1.88,1.95
2013.11.13 06:41:42.857,1.9311,1.93165,1.20,1.20
2013.11.13 06:41:42.977,1.93109,1.93165,1.50,1.20
2013.11.13 06:41:43.905,1.93109,1.93168,1.88,1.28
2013.11.13 06:41:45.127,1.93109,1.93164,1.50,1.13
2013.11.13 06:41:45.487,1.93109,1.93175,2.63,1.88
2013.11.13 06:41:46.477,1.93111,1.93167,1.13,1.50
2013.11.13 06:41:46.717,1.93111,1.93165,1.50,1.58
2013.11.13 06:41:47.098,1.93111,1.93165,1.13,1.58
2013.11.13 06:41:47.437,1.93111,1.93166,1.13,1.13
2013.11.13 06:41:47.657,1.93105,1.93165,2.25,1.20
2013.11.13 06:41:50.615,1.93105,1.93165,1.50,1.20
2013.11.13 06:41:51.329,1.93105,1.93166,2.63,1.28
2013.11.13 06:42:27.472,1.93105,1.93165,2.63,1.20
2013.11.13 06:42:27.977,1.93105,1.93165,2.25,1.28
2013.11.13 06:42:28.037,1.93105,1.93165,2.25,1.28
2013.11.13 06:42:28.348,1.93105,1.93167,1.88,1.20
2013.11.13 06:42:28.409,1.93107,1.93167,1.20,1.20
2013.11.13 06:42:28.887,1.93111,1.93174,2.63,1.20
2013.11.13 06:42:30.797,1.93116,1.93174,2.33,1.13
2013.11.13 06:42:30.918,1.93116,1.9318,2.63,1.20
2013.11.13 06:42:47.206,1.93116,1.9318,2.63,1.13
2013.11.13 06:42:47.578,1.93116,1.93182,2.63,1.28
2013.11.13 06:42:54.297,1.93117,1.93181,1.50,1.28
2013.11.13 06:43:01.888,1.93116,1.9318,1.50,1.13
2013.11.13 06:43:01.947,1.93116,1.9318,1.50,1.20
2013.11.13 06:43:02.208,1.93116,1.93181,1.50,2.03
2013.11.13 06:43:02.967,1.93113,1.93177,1.50,1.13
2013.11.13 06:43:03.027,1.93113,1.93177,1.50,1.20
2013.11.13 06:43:03.187,1.93113,1.93177,2.25,1.20
2013.11.13 06:43:14.147,1.93106,1.93171,1.20,1.50
2013.11.13 06:43:14.328,1.93101,1.93164,1.58,2.25
2013.11.13 06:43:14.867,1.93101,1.93164,1.58,1.13
2013.11.13 06:43:15.077,1.93101,1.93164,1.58,1.13
2013.11.13 06:43:20.306,1.93101,1.93163,1.50,1.13
2013.11.13 06:43:20.698,1.93101,1.93158,1.20,1.50
2013.11.13 06:43:22.320,1.93095,1.93155,1.58,1.20
2013.11.13 06:43:24.099,1.93096,1.93158,1.20,1.50
2013.11.13 06:43:24.398,1.93099,1.93163,2.33,1.20
2013.11.13 06:43:24.637,1.93099,1.93163,1.20,1.20
2013.11.13 06:43:26.223,1.93099,1.93163,1.20,1.50
2013.11.13 06:43:26.758,1.93099,1.93163,1.65,1.50
2013.11.13 06:43:28.167,1.93099,1.93163,1.65,1.50
2013.11.13 06:43:28.357,1.93099,1.93163,2.25,1.20
2013.11.13 06:43:28.417,1.93099,1.93163,1.20,1.20
2013.11.13 06:43:28.597,1.93081,1.93145,1.13,1.20
2013.11.13 06:43:28.779,1.93091,1.93159,1.50,1.28
2013.11.13 06:43:28.837,1.9309,1.93156,1.50,1.65
2013.11.13 06:43:28.897,1.93088,1.93154,1.20,1.50
2013.11.13 06:43:37.247,1.93083,1.93145,1.20,1.20
2013.11.13 06:43:47.318,1.93083,1.93146,1.20,1.20
2013.11.13 06:43:47.389,1.93083,1.93149,1.50,1.65
2013.11.13 06:43:53.947,1.93087,1.93155,3.00,1.58
2013.11.13 06:43:56.908,1.93087,1.93155,3.00,1.28
2013.11.13 06:43:58.127,1.93087,1.93155,3.00,1.28
2013.11.13 06:43:58.277,1.93087,1.93151,1.20,1.20
2013.11.13 06:43:59.148,1.93087,1.93155,1.50,1.28
2013.11.13 06:43:59.268,1.93087,1.9315,1.20,1.20
2013.11.13 06:44:03.814,1.93085,1.93145,1.20,1.20
2013.11.13 06:44:03.937,1.93081,1.93145,1.50,2.25
2013.11.13 06:44:04.603,1.93081,1.93143,1.50,1.20
2013.11.13 06:44:10.988,1.93081,1.93145,2.25,1.50
2013.11.13 06:44:21.939,1.93081,1.93145,1.20,2.25
2013.11.13 06:44:22.001,1.93077,1.93145,1.20,2.25
2013.11.13 06:44:38.533,1.93077,1.93139,1.20,1.50
2013.11.13 06:44:42.237,1.93077,1.9314,1.20,1.20
2013.11.13 06:44:58.467,1.93079,1.93141,1.20,1.20
2013.11.13 06:44:58.527,1.9308,1.93146,1.20,1.20
2013.11.13 06:45:12.633,1.9308,1.93146,1.50,1.20
2013.11.13 06:45:12.967,1.93079,1.93143,1.20,1.50
2013.11.13 06:45:13.127,1.9307,1.93135,1.50,1.95
2013.11.13 06:45:13.187,1.9307,1.93135,1.50,2.25
2013.11.13 06:45:13.307,1.9307,1.93133,1.50,1.20
2013.11.13 06:45:13.597,1.93063,1.93127,1.50,1.20
2013.11.13 06:45:13.657,1.93063,1.93129,2.63,1.50
2013.11.13 06:45:17.257,1.93067,1.93132,1.20,1.20
2013.11.13 06:45:17.447,1.93067,1.93125,1.28,1.50
2013.11.13 06:45:19.892,1.93067,1.93125,1.20,1.50
2013.11.13 06:45:19.948,1.93066,1.93116,1.13,1.65
2013.11.13 06:45:20.128,1.93051,1.93116,1.65,1.50
2013.11.13 06:45:20.333,1.93051,1.93114,1.65,1.50
2013.11.13 06:45:20.553,1.93057,1.93116,1.13,1.88
2013.11.13 06:45:20.727,1.93051,1.93116,1.65,1.50
2013.11.13 06:45:21.322,1.93049,1.93111,1.20,1.20
2013.11.13 06:45:22.667,1.93049,1.93111,1.20,1.20
2013.11.13 06:45:22.847,1.93051,1.93117,2.25,1.20
2013.11.13 06:45:25.613,1.93051,1.93117,2.25,1.20
2013.11.13 06:45:26.067,1.93051,1.93117,2.25,1.20
2013.11.13 06:45:27.857,1.93051,1.93117,2.25,1.20
2013.11.13 06:45:29.136,1.93051,1.93117,2.25,1.20
2013.11.13 06:45:31.886,1.93051,1.93117,2.25,1.20
2013.11.13 06:45:33.748,1.93056,1.93123,1.20,1.20
2013.11.13 06:45:34.392,1.9306,1.93128,1.95,1.13
2013.11.13 06:45:34.447,1.9306,1.93131,2.25,1.88
2013.11.13 06:45:45.852,1.93065,1.93131,2.25,1.50
2013.11.13 06:45:46.072,1.93065,1.93131,2.25,1.50
2013.11.13 06:45:49.757,1.93073,1.93135,2.25,1.28
2013.11.13 06:45:50.187,1.93075,1.93145,1.50,1.20
2013.11.13 06:45:50.567,1.9308,1.93146,2.25,1.50
2013.11.13 06:45:50.817,1.93085,1.9315,1.20,1.20
2013.11.13 06:45:51.519,1.93095,1.93159,2.63,1.20
2013.11.13 06:45:51.757,1.93095,1.93154,1.20,1.65
2013.11.13 06:45:51.817,1.93089,1.93148,1.28,1.20
2013.11.13 06:45:52.147,1.93088,1.93149,1.20,1.50
2013.11.13 06:45:52.267,1.93088,1.93149,1.58,1.20
2013.11.13 06:45:55.948,1.93088,1.93149,1.13,1.50
2013.11.13 06:45:56.319,1.93076,1.9314,1.95,1.50
2013.11.13 06:45:58.312,1.93076,1.9314,1.95,1.50
2013.11.13 06:46:16.147,1.93076,1.9314,2.63,1.20
2013.11.13 06:46:55.928,1.93076,1.93143,1.65,1.50
2013.11.13 06:46:58.618,1.93071,1.93137,1.88,1.50
2013.11.13 06:47:06.288,1.93073,1.93142,1.20,1.50
2013.11.13 06:47:06.347,1.93073,1.93142,1.20,1.20
2013.11.13 06:47:12.127,1.93072,1.93137,1.58,1.20
2013.11.13 06:47:12.187,1.93072,1.93136,1.58,1.20
2013.11.13 06:47:12.457,1.93072,1.93142,1.20,1.20
2013.11.13 06:47:12.517,1.93072,1.93142,1.50,1.20
2013.11.13 06:47:31.837,1.93073,1.93143,4.13,1.20
2013.11.13 06:47:31.897,1.93081,1.93152,1.50,1.50
2013.11.13 06:47:40.587,1.93086,1.93152,2.25,1.50
2013.11.13 06:47:42.977,1.93087,1.93152,1.20,1.20
2013.11.13 06:47:43.037,1.93089,1.93156,1.20,1.20
2013.11.13 06:47:43.224,1.93086,1.93152,1.50,1.65
2013.11.13 06:47:43.397,1.93086,1.93155,1.50,1.65
2013.11.13 06:47:44.668,1.93086,1.93152,1.50,1.65
2013.11.13 06:47:44.787,1.93086,1.93155,1.50,1.65
2013.11.13 06:47:47.678,1.93099,1.93165,1.13,1.65
2013.11.13 06:47:47.737,1.93099,1.93165,1.13,1.65
2013.11.13 06:47:47.857,1.93099,1.93163,1.50,1.65
2013.11.13 06:47:48.198,1.93099,1.93163,1.50,1.95
2013.11.13 06:47:56.819,1.93099,1.93155,1.20,1.13
2013.11.13 06:47:56.877,1.93095,1.93155,1.20,1.20
2013.11.13 06:47:58.467,1.93089,1.93154,1.50,1.95
2013.11.13 06:47:59.989,1.93091,1.93162,1.95,1.50
2013.11.13 06:48:00.227,1.93088,1.93154,1.50,1.50
2013.11.13 06:48:06.087,1.93091,1.9316,1.13,1.50
2013.11.13 06:48:06.147,1.93094,1.9316,2.25,1.20
2013.11.13 06:48:24.287,1.93099,1.93167,1.50,1.20
2013.11.13 06:48:24.608,1.93105,1.93173,1.50,1.20
2013.11.13 06:48:36.147,1.93105,1.93175,1.50,1.50
2013.11.13 06:48:36.359,1.93105,1.93173,1.50,1.20
2013.11.13 06:48:40.267,1.93105,1.93175,1.50,1.50
2013.11.13 06:48:44.777,1.93105,1.93175,2.25,1.50
2013.11.13 06:48:49.217,1.9311,1.93181,3.00,1.20
2013.11.13 06:48:49.577,1.9311,1.93175,1.50,1.20
2013.11.13 06:48:53.357,1.9311,1.93174,1.50,1.20
2013.11.13 06:48:53.538,1.93106,1.93169,1.50,1.20
2013.11.13 06:48:53.597,1.93106,1.9317,1.50,1.20
2013.11.13 06:48:53.657,1.93106,1.93171,1.50,1.65
2013.11.13 06:48:56.960,1.93106,1.93175,2.25,1.20
2013.11.13 06:49:06.490,1.93109,1.93177,3.00,1.95
2013.11.13 06:49:06.548,1.93109,1.93177,3.00,1.65
2013.11.13 06:49:27.154,1.93109,1.93176,3.00,1.65
2013.11.13 06:49:27.207,1.93109,1.93176,1.50,1.65
2013.11.13 06:49:32.298,1.93106,1.93172,2.25,1.20
2013.11.13 06:49:32.758,1.93107,1.93178,1.50,1.95
2013.11.13 06:49:33.673,1.93107,1.93174,1.20,1.20
2013.11.13 06:49:33.727,1.93107,1.93174,1.20,1.50
2013.11.13 06:49:35.758,1.93108,1.93174,1.20,1.20
2013.11.13 06:49:35.818,1.93108,1.93176,1.50,1.20
2013.11.13 06:49:38.128,1.93111,1.93176,1.20,1.20
2013.11.13 06:49:38.319,1.93111,1.93178,1.50,1.20
2013.11.13 06:49:38.562,1.93111,1.93176,1.20,1.20
2013.11.13 06:49:39.009,1.93114,1.93183,1.50,1.95
2013.11.13 06:49:39.128,1.93114,1.93183,1.50,1.20
2013.11.13 06:49:53.618,1.93114,1.93178,1.20,1.13
2013.11.13 06:49:53.693,1.93114,1.93178,1.20,1.20
2013.11.13 06:49:53.869,1.93115,1.93183,2.25,1.20
2013.11.13 06:49:53.928,1.93115,1.93184,1.50,1.65
2013.11.13 06:50:00.581,1.93115,1.93184,1.50,1.95
2013.11.13 06:50:00.638,1.93116,1.93184,2.25,2.25
2013.11.13 06:50:01.382,1.93112,1.93178,1.58,1.50
2013.11.13 06:50:05.146,1.93112,1.93172,1.13,1.20
2013.11.13 06:50:05.208,1.93112,1.93173,1.20,1.20
2013.11.13 06:50:11.218,1.93112,1.93178,1.20,1.20
2013.11.13 06:50:11.277,1.93112,1.93179,1.50,1.20
2013.11.13 06:50:18.365,1.93112,1.93174,1.13,1.20
2013.11.13 06:50:18.427,1.93107,1.93174,1.20,1.50
2013.11.13 06:50:18.938,1.93107,1.93176,1.65,1.50
2013.11.13 06:50:19.057,1.93112,1.93176,2.25,1.50
2013.11.13 06:50:19.368,1.93106,1.93171,1.50,1.50
2013.11.13 06:50:21.018,1.93101,1.93163,1.20,1.20
2013.11.13 06:50:21.357,1.93098,1.93158,1.28,1.50
2013.11.13 06:50:21.478,1.93098,1.9316,1.20,1.20
2013.11.13 06:50:22.008,1.93092,1.93158,1.95,1.50
2013.11.13 06:50:23.988,1.93092,1.9316,1.88,1.20
2013.11.13 06:50:24.500,1.93094,1.93165,1.65,1.50
2013.11.13 06:50:28.073,1.93097,1.93165,2.63,1.20
2013.11.13 06:50:28.127,1.93099,1.93165,2.25,1.20
2013.11.13 06:50:28.427,1.93103,1.93172,2.25,1.50
2013.11.13 06:50:28.488,1.93103,1.93172,1.50,1.50
2013.11.13 06:50:41.298,1.93105,1.93171,2.63,1.20
2013.11.13 06:50:41.358,1.93105,1.93176,4.13,1.20
2013.11.13 06:51:01.678,1.93111,1.93182,1.50,1.50
2013.11.13 06:51:13.108,1.93116,1.93182,2.63,1.50
2013.11.13 06:51:13.168,1.9312,1.93182,1.13,1.20
2013.11.13 06:51:13.228,1.93121,1.93184,1.28,1.65
2013.11.13 06:51:13.701,1.93122,1.93187,2.63,1.65
2013.11.13 06:51:13.759,1.93122,1.93187,2.63,1.65
2013.11.13 06:51:21.517,1.93126,1.93191,2.63,1.13
2013.11.13 06:51:21.848,1.93126,1.93195,4.13,1.65
2013.11.13 06:51:21.908,1.93131,1.932,1.95,1.50
2013.11.13 06:51:22.057,1.93131,1.932,2.25,1.20
2013.11.13 06:51:22.118,1.93131,1.93204,4.13,1.95
2013.11.13 06:51:31.568,1.93131,1.93195,1.88,1.20
2013.11.13 06:51:31.688,1.93131,1.93189,1.28,1.20
2013.11.13 06:51:31.808,1.9312,1.93184,1.58,1.50
2013.11.13 06:51:32.049,1.93121,1.93188,1.20,1.20
2013.11.13 06:51:40.658,1.93125,1.93188,2.25,1.20
2013.11.13 06:51:40.999,1.93125,1.93189,1.58,1.50
2013.11.13 06:51:41.648,1.93119,1.93177,1.20,1.28
2013.11.13 06:51:41.769,1.93118,1.93175,1.65,1.20
2013.11.13 06:51:42.089,1.93118,1.93182,2.33,1.20
2013.11.13 06:51:42.148,1.93118,1.93174,1.20,1.13
2013.11.13 06:51:42.470,1.93118,1.93175,1.65,1.20
2013.11.13 06:51:42.648,1.93113,1.93175,1.20,1.20
2013.11.13 06:51:43.089,1.93113,1.93175,1.20,1.20
2013.11.13 06:51:43.429,1.93115,1.93172,1.13,1.50
2013.11.13 06:51:44.047,1.93106,1.93166,1.58,1.20
2013.11.13 06:51:44.828,1.93111,1.93172,1.13,1.50
2013.11.13 06:51:44.948,1.93111,1.93172,1.13,1.50
2013.11.13 06:51:45.011,1.93111,1.93172,1.20,1.50
2013.11.13 06:51:45.069,1.93111,1.93172,1.20,1.50
2013.11.13 06:51:45.188,1.93115,1.93175,1.20,1.20
2013.11.13 06:51:45.488,1.93118,1.93185,1.28,2.25
2013.11.13 06:51:45.589,1.93118,1.93183,1.13,1.20
2013.11.13 06:51:45.818,1.93116,1.93178,1.28,1.20
2013.11.13 06:51:47.347,1.93116,1.93179,1.28,1.50
2013.11.13 06:51:47.648,1.93121,1.93185,2.63,1.20
2013.11.13 06:51:48.118,1.93121,1.93184,1.88,1.20
2013.11.13 06:51:48.478,1.93117,1.93178,1.58,1.20
2013.11.13 06:52:08.506,1.93115,1.93174,2.03,1.20
2013.11.13 06:52:18.081,1.93115,1.93174,1.58,1.20
2013.11.13 06:52:18.139,1.93115,1.93176,1.88,1.65
2013.11.13 06:52:20.143,1.93115,1.93175,2.33,1.20
2013.11.13 06:52:20.199,1.93115,1.93174,1.28,1.20
2013.11.13 06:52:20.929,1.93115,1.93175,1.28,1.50
2013.11.13 06:52:22.549,1.93115,1.93175,1.28,2.25
2013.11.13 06:52:33.970,1.93115,1.93175,1.28,1.50
2013.11.13 06:52:34.359,1.93118,1.93183,2.25,1.20
2013.11.13 06:52:34.539,1.93125,1.93183,1.13,1.20
2013.11.13 06:52:34.616,1.93125,1.93183,1.13,1.20
2013.11.13 06:52:34.859,1.93129,1.93192,1.20,1.50
2013.11.13 06:52:34.919,1.93129,1.93192,1.20,1.50
2013.11.13 06:52:35.168,1.93128,1.93192,1.20,1.50
2013.11.13 06:52:37.356,1.93128,1.93192,1.28,1.50
2013.11.13 06:52:47.278,1.9313,1.93198,1.13,1.50
2013.11.13 06:52:47.339,1.93132,1.93198,2.25,1.50
2013.11.13 06:52:55.139,1.93127,1.93191,1.13,1.20
2013.11.13 06:52:55.199,1.93125,1.93191,2.63,1.88
2013.11.13 06:52:55.259,1.93125,1.93186,2.03,1.13
2013.11.13 06:52:56.148,1.93115,1.93179,1.20,1.50
2013.11.13 06:52:58.439,1.93115,1.93179,1.50,1.28
2013.11.13 06:52:58.619,1.93115,1.93184,1.50,1.58
2013.11.13 06:52:58.739,1.93125,1.93191,2.25,1.50
2013.11.13 06:52:58.859,1.93127,1.93193,1.65,1.20
2013.11.13 06:52:58.919,1.93131,1.93194,2.25,1.95
2013.11.13 06:52:59.469,1.93131,1.93194,2.63,1.50
2013.11.13 06:52:59.528,1.93131,1.93194,1.88,1.20
2013.11.13 06:53:00.041,1.93132,1.93194,1.13,1.20
2013.11.13 06:53:00.686,1.93132,1.93194,1.13,1.20
2013.11.13 06:53:07.428,1.93136,1.93194,2.63,1.20
2013.11.13 06:53:08.030,1.93136,1.93194,1.50,1.20
2013.11.13 06:53:10.841,1.93136,1.93194,1.20,1.50
2013.11.13 06:53:10.899,1.93132,1.93194,1.20,1.58
2013.11.13 06:53:10.959,1.9313,1.93191,1.50,1.28
2013.11.13 06:53:11.959,1.9313,1.93195,1.13,1.28
2013.11.13 06:53:12.140,1.93136,1.93201,2.25,1.13
2013.11.13 06:53:12.258,1.9314,1.93205,1.95,1.58
2013.11.13 06:53:12.379,1.93145,1.93207,2.63,1.20
2013.11.13 06:53:12.789,1.93145,1.9321,2.25,1.50
2013.11.13 06:53:13.568,1.93145,1.9321,2.25,1.50
2013.11.13 06:53:14.078,1.93145,1.93207,1.95,1.20
2013.11.13 06:53:14.452,1.93145,1.9321,2.25,1.50
2013.11.13 06:53:15.636,1.93145,1.93207,2.25,1.20
2013.11.13 06:53:16.846,1.93145,1.93209,2.25,1.13
2013.11.13 06:53:20.920,1.93145,1.93207,2.25,1.20
2013.11.13 06:53:21.090,1.93145,1.93209,2.25,1.20
2013.11.13 06:53:21.208,1.93148,1.93213,1.95,1.20
2013.11.13 06:53:23.289,1.93153,1.93214,2.33,1.28
2013.11.13 06:53:23.569,1.93153,1.93213,1.58,1.95
2013.11.13 06:53:23.749,1.93153,1.93209,1.28,1.20
2013.11.13 06:53:23.809,1.93153,1.93209,1.20,1.20
2013.11.13 06:53:25.660,1.93148,1.93209,1.28,1.20
2013.11.13 06:53:28.849,1.93149,1.93211,1.13,1.13
2013.11.13 06:53:29.060,1.9315,1.93212,1.13,1.50
2013.11.13 06:53:31.270,1.9315,1.93211,1.13,1.13
2013.11.13 06:53:37.085,1.93148,1.93209,1.28,1.20
2013.11.13 06:53:37.306,1.93148,1.9321,1.65,1.13
2013.11.13 06:53:39.679,1.93151,1.93214,1.58,1.58
2013.11.13 06:53:39.739,1.93151,1.93214,1.95,1.28
2013.11.13 06:53:39.799,1.93156,1.93214,2.25,1.20
2013.11.13 06:53:40.143,1.93156,1.93214,1.50,1.13
2013.11.13 06:53:40.737,1.93156,1.93214,1.50,1.13
2013.11.13 06:53:41.142,1.93156,1.93214,1.50,1.13
2013.11.13 06:53:41.744,1.93156,1.93214,1.50,1.13
2013.11.13 06:53:45.399,1.93157,1.93215,1.20,1.13
2013.11.13 06:53:45.700,1.93157,1.93214,1.20,1.13
2013.11.13 06:53:46.002,1.93156,1.93215,2.63,1.13
2013.11.13 06:53:50.731,1.93158,1.93222,1.20,1.65
2013.11.13 06:53:50.849,1.93158,1.93216,1.20,1.20
2013.11.13 06:53:51.665,1.93158,1.93214,1.20,1.13
2013.11.13 06:53:57.889,1.93158,1.93225,1.50,1.28
2013.11.13 06:53:58.009,1.93158,1.93227,1.50,1.65
2013.11.13 06:53:58.219,1.93158,1.93225,1.20,1.58
2013.11.13 06:53:58.339,1.93158,1.93225,1.20,1.88
2013.11.13 06:54:00.491,1.93158,1.93225,3.00,1.58
2013.11.13 06:54:00.549,1.93158,1.93225,3.00,1.28
2013.11.13 06:54:00.669,1.93158,1.93222,3.00,1.13
2013.11.13 06:54:01.003,1.93164,1.93215,1.20,1.13
2013.11.13 06:54:01.570,1.93164,1.93215,1.20,1.13
2013.11.13 06:54:09.449,1.93164,1.93215,1.50,1.13
2013.11.13 06:54:09.659,1.93164,1.93215,1.50,1.13
2013.11.13 06:54:15.655,1.93164,1.93215,1.50,1.13
2013.11.13 06:54:18.295,1.93164,1.93216,1.50,1.13
2013.11.13 06:54:19.085,1.93165,1.93224,2.63,1.20
2013.11.13 06:54:20.773,1.93165,1.93224,1.50,1.13
2013.11.13 06:54:25.355,1.93165,1.93216,1.50,1.13
2013.11.13 06:54:25.669,1.93165,1.93214,1.50,1.13
2013.11.13 06:54:28.414,1.93165,1.93217,1.50,1.13
2013.11.13 06:54:35.599,1.9317,1.93221,1.50,1.13
2013.11.13 06:54:36.138,1.93169,1.93223,1.50,1.13
2013.11.13 06:54:38.604,1.93169,1.93224,1.50,1.13
2013.11.13 06:54:39.333,1.93169,1.93224,1.88,1.13
2013.11.13 06:54:43.389,1.93169,1.93224,1.88,1.13
2013.11.13 06:54:47.549,1.93169,1.93225,1.50,1.20
2013.11.13 06:54:47.729,1.93175,1.93235,2.25,1.65
2013.11.13 06:54:47.931,1.9317,1.93228,1.13,1.28
2013.11.13 06:54:48.110,1.9317,1.93234,1.20,1.58
2013.11.13 06:54:54.159,1.9317,1.93234,1.20,1.20
2013.11.13 06:54:54.519,1.93209,1.93265,4.50,1.13
2013.11.13 06:54:54.579,1.93209,1.93265,1.50,1.13
2013.11.13 06:54:54.699,1.93195,1.93256,1.28,1.65
2013.11.13 06:54:55.075,1.9319,1.93255,1.20,1.20
2013.11.13 06:54:55.129,1.9319,1.93254,1.20,1.20
2013.11.13 06:54:58.099,1.9319,1.93256,1.20,1.50
2013.11.13 06:54:58.219,1.93196,1.93256,1.20,1.20
2013.11.13 06:54:58.279,1.93196,1.93259,1.28,1.20
2013.11.13 06:54:59.169,1.93201,1.93264,1.13,2.25
2013.11.13 06:55:04.299,1.93196,1.93254,1.58,1.20
2013.11.13 06:55:04.839,1.932,1.93258,1.13,1.50
2013.11.13 06:55:04.959,1.932,1.93265,1.20,1.50
2013.11.13 06:55:05.139,1.93203,1.93265,3.83,1.13
2013.11.13 06:55:05.199,1.93207,1.93267,1.13,1.13
2013.11.13 06:55:09.530,1.9321,1.9327,1.20,1.58
2013.11.13 06:55:10.223,1.9321,1.9327,1.20,1.20
2013.11.13 06:55:18.540,1.93216,1.93272,1.13,1.88
2013.11.13 06:55:19.189,1.93216,1.93272,1.28,1.28
2013.11.13 06:55:20.294,1.93216,1.93264,1.28,1.13
2013.11.13 06:55:22.969,1.93216,1.93276,1.28,1.20
2013.11.13 06:55:23.099,1.93225,1.93285,1.58,1.20
2013.11.13 06:55:23.159,1.9323,1.93289,1.20,1.65
2013.11.13 06:55:23.399,1.9323,1.93289,1.88,1.50
2013.11.13 06:55:23.939,1.93231,1.93294,2.33,1.50
2013.11.13 06:55:24.169,1.93231,1.93295,2.63,1.65
2013.11.13 06:55:31.481,1.93234,1.93297,2.25,1.95
2013.11.13 06:55:35.829,1.93234,1.93297,2.25,1.95
2013.11.13 06:55:37.669,1.93234,1.93295,2.25,1.28
2013.11.13 06:55:40.909,1.93234,1.93297,1.58,2.33
2013.11.13 06:55:41.029,1.93234,1.93292,1.28,1.20
2013.11.13 06:55:45.364,1.93234,1.93292,1.28,1.20
2013.11.13 06:55:47.673,1.93234,1.93292,1.28,1.20
2013.11.13 06:55:47.890,1.93234,1.93292,1.28,1.20
2013.11.13 06:55:48.113,1.93234,1.9329,1.28,1.28
2013.11.13 06:55:48.409,1.93224,1.93287,1.20,1.20
2013.11.13 06:55:48.469,1.93224,1.93275,1.20,1.13
2013.11.13 06:55:53.337,1.93224,1.93287,2.33,1.58
2013.11.13 06:56:00.869,1.93224,1.93288,2.33,1.50
2013.11.13 06:56:03.199,1.93224,1.93285,2.33,1.28
2013.11.13 06:56:03.803,1.93224,1.93285,2.33,1.28
2013.11.13 06:56:04.259,1.93224,1.93285,2.63,1.20
2013.11.13 06:56:06.930,1.93224,1.93288,1.13,1.65
2013.11.13 06:56:08.130,1.93224,1.93291,2.63,1.20
2013.11.13 06:56:08.790,1.9323,1.93291,1.28,1.20
2013.11.13 06:56:09.024,1.9323,1.93291,1.28,1.20
2013.11.13 06:56:11.111,1.93231,1.93294,2.33,1.13
2013.11.13 06:56:11.259,1.93231,1.93295,2.33,1.88
2013.11.13 06:56:11.663,1.93231,1.93291,1.58,1.20
2013.11.13 06:56:14.418,1.93231,1.93294,1.20,1.88
2013.11.13 06:56:14.637,1.93231,1.93294,1.20,1.88
2013.11.13 06:56:14.853,1.93231,1.93284,1.20,1.20
2013.11.13 06:56:15.183,1.93228,1.93284,1.13,1.20
2013.11.13 06:56:15.299,1.93226,1.93284,1.28,1.58
2013.11.13 06:56:16.173,1.93226,1.93284,1.28,1.95
2013.11.13 06:56:16.785,1.93225,1.93282,1.58,1.20
2013.11.13 06:56:18.153,1.93225,1.93281,1.13,1.50
2013.11.13 06:56:19.693,1.93225,1.93281,1.13,1.50
2013.11.13 06:56:21.714,1.93225,1.93281,1.20,1.20
2013.11.13 06:56:21.769,1.93225,1.93284,1.28,1.20
2013.11.13 06:56:21.829,1.93225,1.93288,1.28,1.50
2013.11.13 06:56:22.154,1.93225,1.93288,1.28,1.50
2013.11.13 06:56:22.488,1.93225,1.93288,1.28,1.50
2013.11.13 06:56:22.969,1.93227,1.93293,2.63,1.50
2013.11.13 06:56:28.542,1.93227,1.93293,1.50,1.50
2013.11.13 06:56:29.046,1.93225,1.93285,1.28,1.58
2013.11.13 06:56:33.139,1.93225,1.93285,1.28,1.58
2013.11.13 06:56:33.200,1.93225,1.93285,2.63,1.20
2013.11.13 06:56:33.789,1.93226,1.93293,2.63,1.88
2013.11.13 06:56:34.509,1.93231,1.93293,1.20,1.50
2013.11.13 06:56:37.512,1.93231,1.93293,1.20,1.50
2013.11.13 06:56:50.589,1.93226,1.93293,1.95,1.88
2013.11.13 06:56:50.709,1.93223,1.93285,1.58,1.58
2013.11.13 06:56:55.399,1.93223,1.93285,1.58,1.58
2013.11.13 06:56:56.419,1.93221,1.93285,1.65,2.33
2013.11.13 06:56:56.600,1.93221,1.93277,1.28,1.20
2013.11.13 06:56:56.660,1.93221,1.93277,1.28,1.20
2013.11.13 06:56:56.973,1.93221,1.93277,1.28,1.20
2013.11.13 06:57:00.399,1.93221,1.93279,1.58,1.28
2013.11.13 06:57:00.979,1.93216,1.93278,1.20,1.20
2013.11.13 06:57:04.892,1.93221,1.93278,1.13,1.20
2013.11.13 06:57:06.069,1.93221,1.93274,1.13,1.50
2013.11.13 06:57:06.430,1.93204,1.93266,1.20,1.20
2013.11.13 06:57:06.609,1.93195,1.93255,1.20,1.20
2013.11.13 06:57:06.669,1.93193,1.93255,1.58,1.50
2013.11.13 06:57:06.909,1.93179,1.93244,1.13,1.20
2013.11.13 06:57:07.089,1.93178,1.93242,1.50,1.50
2013.11.13 06:57:08.220,1.9318,1.93244,1.20,1.20
2013.11.13 06:57:08.279,1.9318,1.93248,1.20,1.20
2013.11.13 06:57:09.120,1.93185,1.9325,1.20,1.20
2013.11.13 06:57:09.764,1.93185,1.93254,1.50,1.58
2013.11.13 06:57:10.169,1.93184,1.93248,1.50,1.95
2013.11.13 06:57:10.239,1.93184,1.93248,1.50,1.95
2013.11.13 06:57:13.409,1.93184,1.93244,1.50,1.28
2013.11.13 06:57:13.649,1.93184,1.93245,2.25,1.28
2013.11.13 06:57:13.839,1.93184,1.93244,2.25,1.28
2013.11.13 06:57:14.199,1.9319,1.93244,2.33,1.13
2013.11.13 06:57:14.771,1.93191,1.93244,1.28,1.13
2013.11.13 06:57:15.682,1.93191,1.93254,1.28,1.95
2013.11.13 06:57:15.799,1.93193,1.93254,1.20,1.20
2013.11.13 06:57:16.120,1.93199,1.93258,1.20,1.13
2013.11.13 06:57:16.179,1.93199,1.9326,1.20,1.88
2013.11.13 06:57:17.983,1.93199,1.9326,1.28,1.88
2013.11.13 06:57:22.826,1.93196,1.93258,1.88,1.20
2013.11.13 06:57:26.562,1.93196,1.93258,2.25,1.58
2013.11.13 06:57:27.101,1.93196,1.93244,2.25,1.13
2013.11.13 06:57:28.170,1.93192,1.93244,1.20,1.13
2013.11.13 06:57:29.740,1.93189,1.93244,1.58,1.20
2013.11.13 06:57:29.810,1.93189,1.93244,1.28,1.28
2013.11.13 06:57:29.993,1.9318,1.93242,1.28,1.95
2013.11.13 06:57:31.741,1.9318,1.93242,1.28,1.58
2013.11.13 06:57:49.989,1.93177,1.93239,1.20,1.58
2013.11.13 06:57:57.710,1.93176,1.93237,1.58,1.20
2013.11.13 06:57:57.919,1.93176,1.93239,1.28,1.58
2013.11.13 06:57:58.131,1.93175,1.93237,2.33,1.20
2013.11.13 06:58:02.369,1.93175,1.93237,2.33,1.20
2013.11.13 06:58:04.349,1.93178,1.93239,1.28,1.20
2013.11.13 06:58:04.409,1.93178,1.93243,1.28,1.20
2013.11.13 06:58:05.109,1.9318,1.93246,2.63,1.20
2013.11.13 06:58:05.170,1.93185,1.93251,2.63,1.13
2013.11.13 06:58:07.179,1.93185,1.93251,1.20,1.13
2013.11.13 06:58:07.239,1.93185,1.93251,1.65,1.13
2013.11.13 06:58:11.849,1.93185,1.93249,1.95,1.50
2013.11.13 06:58:11.909,1.93185,1.93249,2.25,1.20
2013.11.13 06:58:14.471,1.93186,1.93253,1.65,1.13
2013.11.13 06:58:20.219,1.93186,1.93255,1.65,1.58
2013.11.13 06:58:20.279,1.9319,1.93255,2.25,1.58
2013.11.13 06:58:24.343,1.93191,1.93255,2.25,1.20
2013.11.13 06:58:24.399,1.93191,1.9326,1.50,1.58
2013.11.13 06:58:24.819,1.93193,1.93262,3.38,1.28
2013.11.13 06:58:25.510,1.93198,1.93264,1.50,1.28
2013.11.13 06:58:34.780,1.93198,1.93265,1.50,1.65
2013.11.13 06:58:47.229,1.93202,1.93267,2.25,1.50
2013.11.13 06:59:05.350,1.93202,1.93268,2.25,1.20
2013.11.13 06:59:11.129,1.93202,1.93268,2.25,1.20
2013.11.13 06:59:13.669,1.93208,1.93271,2.33,1.58
2013.11.13 06:59:13.789,1.93208,1.93271,2.63,1.28
2013.11.13 06:59:13.849,1.93208,1.93271,2.63,1.28
2013.11.13 06:59:14.089,1.93208,1.93273,1.13,1.58
2013.11.13 06:59:14.210,1.9321,1.93274,2.63,1.20
2013.11.13 06:59:14.330,1.93214,1.93275,2.63,1.65
2013.11.13 06:59:14.929,1.93214,1.93275,2.63,1.65
2013.11.13 06:59:15.140,1.93215,1.93278,2.63,1.65
2013.11.13 06:59:17.161,1.93215,1.93269,1.20,1.20
2013.11.13 06:59:17.222,1.93211,1.93269,1.58,1.28
2013.11.13 06:59:17.399,1.93211,1.93269,1.58,1.28
2013.11.13 06:59:18.140,1.93211,1.93271,1.28,1.58
2013.11.13 06:59:18.260,1.93211,1.93274,2.33,1.50
2013.11.13 06:59:18.379,1.93211,1.93275,1.88,1.28
2013.11.13 06:59:18.500,1.93217,1.93278,1.28,2.03
2013.11.13 06:59:18.882,1.93217,1.93278,1.28,1.65
2013.11.13 06:59:21.219,1.93217,1.93278,1.28,2.03
2013.11.13 06:59:24.614,1.93216,1.93279,1.13,1.95
2013.11.13 06:59:25.421,1.93216,1.93275,1.28,1.28
2013.11.13 06:59:25.940,1.93221,1.93282,1.28,1.20
2013.11.13 06:59:26.000,1.93221,1.93283,1.28,1.28
2013.11.13 06:59:29.379,1.93224,1.93284,1.58,1.20
2013.11.13 06:59:29.439,1.93226,1.93284,2.63,1.13
2013.11.13 06:59:29.679,1.93231,1.93291,1.20,1.20
2013.11.13 06:59:40.680,1.93235,1.93295,2.25,1.28
2013.11.13 06:59:41.000,1.93236,1.93295,1.28,1.28
2013.11.13 06:59:41.119,1.93236,1.93291,1.58,1.13
2013.11.13 06:59:45.649,1.93235,1.93287,1.50,1.13
2013.11.13 06:59:46.270,1.93235,1.93288,1.50,1.13
2013.11.13 06:59:48.890,1.93237,1.9329,1.20,1.13
2013.11.13 06:59:50.311,1.93237,1.93295,1.20,1.13
2013.11.13 06:59:50.493,1.93237,1.93295,1.20,1.13
2013.11.13 06:59:50.679,1.93242,1.93295,1.20,1.13
2013.11.13 06:59:51.180,1.93245,1.93295,2.63,1.13
2013.11.13 06:59:53.100,1.93245,1.93295,1.50,1.13
2013.11.13 06:59:53.430,1.93245,1.93295,1.88,1.13
2013.11.13 06:59:54.420,1.93245,1.93295,2.25,1.13
2013.11.13 06:59:54.959,1.93245,1.93295,1.65,1.13
2013.11.13 06:59:55.720,1.93245,1.93295,2.03,1.13
2013.11.13 06:59:58.219,1.93245,1.93295,1.65,1.13
2013.11.13 06:59:59.110,1.93241,1.93297,1.13,1.20
2013.11.13 06:59:59.349,1.93241,1.93297,1.20,1.28
2013.11.13 06:59:59.483,1.93241,1.93298,1.20,1.20
