2010.11.16 10:00:00.373,2.07794,2.08021,1.50,4.50
2010.11.16 10:00:00.814,2.07794,2.07963,1.50,1.20
2010.11.16 10:00:01.264,2.07781,2.07963,1.50,1.20
2010.11.16 10:00:03.544,2.0778,2.08012,1.70,4.50
2010.11.16 10:00:03.928,2.0778,2.08012,1.70,4.50
2010.11.16 10:00:04.256,2.0778,2.08012,1.70,4.20
2010.11.16 10:00:04.364,2.0778,2.08012,4.60,4.60
2010.11.16 10:00:06.623,2.07807,2.08013,1.50,1.20
2010.11.16 10:00:07.414,2.07779,2.08021,1.50,1.50
2010.11.16 10:00:07.969,2.07792,2.08034,1.50,1.50
2010.11.16 10:00:09.396,2.07818,2.07994,1.20,1.50
2010.11.16 10:00:10.154,2.07794,2.08007,4.50,1.50
2010.11.16 10:00:10.352,2.07794,2.08007,4.50,1.50
2010.11.16 10:00:10.456,2.07794,2.08007,4.50,1.50
2010.11.16 10:00:11.074,2.07817,2.08007,1.20,1.50
2010.11.16 10:00:11.191,2.07794,2.08007,4.50,1.50
2010.11.16 10:00:11.539,2.078,2.08007,4.50,1.50
2010.11.16 10:00:11.643,2.07808,2.08007,1.20,1.50
2010.11.16 10:00:11.752,2.078,2.08007,1.50,1.50
2010.11.16 10:00:12.225,2.07815,2.0798,1.50,1.50
2010.11.16 10:00:12.925,2.07815,2.07953,1.50,1.50
2010.11.16 10:00:13.493,2.07802,2.07941,1.50,1.50
2010.11.16 10:00:14.046,2.07763,2.07967,4.50,1.50
2010.11.16 10:00:14.263,2.07789,2.07967,1.70,1.50
2010.11.16 10:00:14.813,2.07789,2.07967,4.20,1.50
2010.11.16 10:00:14.925,2.07789,2.07967,1.70,1.50
2010.11.16 10:00:15.035,2.07789,2.07967,4.60,1.50
2010.11.16 10:00:15.923,2.07789,2.07967,1.50,1.80
2010.11.16 10:00:16.241,2.0775,2.07967,1.80,1.80
2010.11.16 10:00:16.361,2.07737,2.07967,4.20,4.60
2010.11.16 10:00:16.472,2.07711,2.07967,1.50,1.50
2010.11.16 10:00:17.114,2.07711,2.07922,1.50,1.20
2010.11.16 10:00:17.599,2.07711,2.07967,1.50,4.50
2010.11.16 10:00:17.950,2.07711,2.07967,1.50,1.50
2010.11.16 10:00:18.519,2.07711,2.07953,1.50,1.10
2010.11.16 10:00:18.625,2.07711,2.07882,1.50,1.20
2010.11.16 10:00:19.496,2.07711,2.07948,1.50,1.70
2010.11.16 10:00:20.051,2.07711,2.07963,1.50,4.50
2010.11.16 10:00:20.273,2.0775,2.07958,1.50,4.50
2010.11.16 10:00:20.824,2.07737,2.07958,1.50,4.50
2010.11.16 10:00:20.934,2.07737,2.07958,1.50,1.50
2010.11.16 10:00:21.046,2.07737,2.07958,1.70,4.60
2010.11.16 10:00:21.697,2.07747,2.07967,1.20,1.70
2010.11.16 10:00:22.024,2.07821,2.07947,1.50,1.50
2010.11.16 10:00:22.343,2.07821,2.07934,1.50,1.50
2010.11.16 10:00:22.673,2.07823,2.07947,1.50,1.50
2010.11.16 10:00:23.077,2.07836,2.0796,1.50,1.50
2010.11.16 10:00:23.406,2.07822,2.0794,1.50,1.50
2010.11.16 10:00:23.697,2.07816,2.0794,1.50,1.50
2010.11.16 10:00:23.824,2.07829,2.07941,1.50,1.50
2010.11.16 10:00:23.935,2.07816,2.0794,1.50,1.50
2010.11.16 10:00:24.366,2.0781,2.07934,1.50,1.50
2010.11.16 10:00:24.805,2.07809,2.07928,1.50,1.50
2010.11.16 10:00:25.266,2.07805,2.07931,3.00,3.00
2010.11.16 10:00:25.705,2.07803,2.07916,1.50,1.50
2010.11.16 10:00:26.032,2.0779,2.07916,3.00,3.00
2010.11.16 10:00:26.152,2.0777,2.07896,3.00,3.00
2010.11.16 10:00:26.843,2.07761,2.07883,1.10,1.50
2010.11.16 10:00:27.448,2.07772,2.07896,1.10,3.00
2010.11.16 10:00:27.883,2.0778,2.07903,1.10,3.00
2010.11.16 10:00:28.232,2.0778,2.07895,1.10,1.50
2010.11.16 10:00:28.919,2.07784,2.07908,1.50,1.50
2010.11.16 10:00:29.868,2.0779,2.079,1.50,1.50
2010.11.16 10:00:29.975,2.0779,2.07914,1.50,1.50
2010.11.16 10:00:30.912,2.07789,2.07902,1.50,3.00
2010.11.16 10:00:31.027,2.07776,2.07902,4.50,4.50
2010.11.16 10:00:31.332,2.07776,2.07884,3.00,1.50
2010.11.16 10:00:31.775,2.07784,2.07884,1.10,1.50
2010.11.16 10:00:32.425,2.07788,2.07894,3.00,1.50
2010.11.16 10:00:32.534,2.07795,2.07894,1.10,1.50
2010.11.16 10:00:33.073,2.07798,2.079,1.10,1.50
2010.11.16 10:00:33.187,2.07825,2.07914,1.10,1.50
2010.11.16 10:00:33.295,2.0783,2.07927,1.10,3.00
2010.11.16 10:00:33.405,2.07825,2.07921,1.10,3.00
2010.11.16 10:00:35.410,2.0781,2.07909,1.50,1.10
2010.11.16 10:00:35.523,2.07811,2.07908,1.10,1.10
2010.11.16 10:00:36.806,2.07795,2.0789,1.10,1.10
2010.11.16 10:00:37.167,2.07783,2.07881,1.10,3.00
2010.11.16 10:00:37.276,2.0779,2.07881,1.10,3.00
2010.11.16 10:00:37.386,2.0778,2.07881,1.10,1.50
2010.11.16 10:00:37.725,2.07782,2.07888,1.10,1.50
2010.11.16 10:00:38.054,2.07785,2.07902,1.10,3.00
2010.11.16 10:00:38.550,2.07785,2.07895,1.10,1.50
2010.11.16 10:00:38.598,2.07782,2.07908,3.00,3.00
2010.11.16 10:00:38.715,2.07782,2.07888,1.50,1.50
2010.11.16 10:00:39.157,2.0776,2.0788,1.10,1.50
2010.11.16 10:00:39.536,2.07774,2.0788,1.10,1.50
2010.11.16 10:00:39.745,2.07763,2.0788,1.10,1.50
2010.11.16 10:00:39.854,2.07775,2.0788,1.10,1.50
2010.11.16 10:00:40.189,2.0778,2.07904,1.50,1.50
2010.11.16 10:00:40.295,2.0778,2.07891,1.50,1.50
2010.11.16 10:00:40.989,2.0784,2.07926,1.50,1.50
2010.11.16 10:00:41.094,2.07841,2.07938,1.50,1.10
2010.11.16 10:00:41.203,2.07841,2.07965,1.50,1.90
2010.11.16 10:00:41.864,2.07859,2.07952,1.10,1.10
2010.11.16 10:00:41.974,2.07847,2.07948,1.10,1.10
2010.11.16 10:00:42.083,2.07851,2.07955,1.10,1.50
2010.11.16 10:00:42.194,2.07851,2.0797,1.10,1.50
2010.11.16 10:00:42.582,2.07846,2.07949,1.10,1.10
2010.11.16 10:00:42.996,2.07846,2.07943,1.10,1.50
2010.11.16 10:00:43.105,2.07818,2.07942,1.50,1.50
2010.11.16 10:00:43.325,2.07847,2.07942,1.10,1.50
2010.11.16 10:00:43.765,2.07851,2.07969,1.10,3.00
2010.11.16 10:00:43.984,2.07847,2.07948,1.10,1.10
2010.11.16 10:00:44.315,2.07852,2.07957,1.10,1.50
2010.11.16 10:00:44.424,2.07864,2.07957,1.10,1.50
2010.11.16 10:00:44.894,2.07862,2.07962,1.10,4.50
2010.11.16 10:00:45.115,2.07866,2.07974,1.10,1.50
2010.11.16 10:00:45.224,2.07859,2.07964,1.10,1.10
2010.11.16 10:00:45.779,2.07873,2.07939,1.10,1.10
2010.11.16 10:00:46.108,2.07881,2.07985,1.10,1.10
2010.11.16 10:00:46.324,2.07878,2.07961,1.10,1.10
2010.11.16 10:00:46.661,2.07866,2.07954,1.10,1.10
2010.11.16 10:00:46.994,2.07865,2.0794,1.10,1.10
2010.11.16 10:00:47.433,2.07866,2.07948,1.10,1.10
2010.11.16 10:00:47.537,2.07877,2.07951,1.10,1.10
2010.11.16 10:00:47.865,2.07872,2.0793,1.10,1.10
2010.11.16 10:00:48.528,2.07888,2.07943,1.10,1.10
2010.11.16 10:00:48.636,2.07864,2.0794,1.10,1.10
2010.11.16 10:00:48.747,2.07841,2.07936,1.40,1.10
2010.11.16 10:00:48.854,2.07841,2.07936,1.10,1.10
2010.11.16 10:00:48.965,2.07856,2.07947,1.10,1.50
2010.11.16 10:00:49.320,2.07879,2.07953,1.10,1.10
2010.11.16 10:00:49.668,2.07853,2.07942,1.10,1.10
2010.11.16 10:00:49.776,2.07868,2.07944,1.10,1.10
2010.11.16 10:00:50.495,2.07854,2.07947,1.10,1.10
2010.11.16 10:00:50.936,2.07864,2.07947,1.10,1.10
2010.11.16 10:00:51.637,2.07851,2.07935,1.10,1.10
2010.11.16 10:00:52.213,2.07868,2.07948,1.10,1.10
2010.11.16 10:00:52.326,2.07864,2.0794,1.10,1.10
2010.11.16 10:00:52.545,2.07867,2.07949,1.10,1.10
2010.11.16 10:00:54.087,2.07855,2.07958,3.00,1.50
2010.11.16 10:00:54.196,2.07861,2.07937,1.10,1.10
2010.11.16 10:00:54.527,2.07855,2.07913,1.50,1.10
2010.11.16 10:00:54.635,2.07836,2.07913,1.10,1.10
2010.11.16 10:00:54.865,2.07849,2.07923,1.10,1.10
2010.11.16 10:00:54.977,2.07838,2.07921,1.10,1.10
2010.11.16 10:00:55.084,2.07836,2.07914,1.10,1.10
2010.11.16 10:00:55.819,2.07833,2.07899,1.10,1.10
2010.11.16 10:01:02.634,2.07843,2.079,1.10,1.10
2010.11.16 10:01:02.744,2.07834,2.07898,1.10,1.10
2010.11.16 10:01:03.415,2.07832,2.07887,1.10,1.10
2010.11.16 10:01:04.105,2.07843,2.079,1.10,1.10
2010.11.16 10:01:04.317,2.07834,2.07898,1.10,1.10
2010.11.16 10:01:04.984,2.0783,2.07887,1.10,1.10
2010.11.16 10:01:05.315,2.07833,2.07898,1.10,1.10
2010.11.16 10:01:06.356,2.07818,2.07875,1.10,1.10
2010.11.16 10:01:06.756,2.07834,2.07898,1.10,1.10
2010.11.16 10:01:07.746,2.07804,2.07892,1.90,1.10
2010.11.16 10:01:07.855,2.07804,2.07892,1.50,1.10
2010.11.16 10:01:07.966,2.0781,2.07884,1.10,1.10
2010.11.16 10:01:08.846,2.07819,2.07874,1.10,1.10
2010.11.16 10:01:09.424,2.07808,2.07873,1.10,1.10
2010.11.16 10:01:09.713,2.0781,2.07884,1.10,1.10
2010.11.16 10:01:10.156,2.0782,2.07886,1.10,1.10
2010.11.16 10:01:11.394,2.07817,2.07874,1.10,1.10
2010.11.16 10:01:15.514,2.07843,2.079,1.10,1.10
2010.11.16 10:01:15.835,2.07834,2.07897,1.10,1.10
2010.11.16 10:01:16.054,2.07831,2.07886,1.10,1.10
2010.11.16 10:01:17.024,2.07839,2.07894,1.10,1.10
2010.11.16 10:01:17.874,2.0782,2.07884,1.50,1.10
2010.11.16 10:01:20.216,2.07817,2.07874,1.10,1.10
2010.11.16 10:01:20.331,2.07806,2.07872,1.10,1.10
2010.11.16 10:01:20.445,2.07796,2.07869,1.50,1.10
2010.11.16 10:01:20.776,2.07815,2.07879,1.10,1.10
2010.11.16 10:01:21.266,2.07806,2.07872,1.10,1.10
2010.11.16 10:01:21.373,2.07795,2.0787,1.50,1.10
2010.11.16 10:01:21.904,2.07793,2.07859,1.10,1.10
2010.11.16 10:01:22.375,2.07811,2.07867,1.10,1.10
2010.11.16 10:01:22.783,2.07817,2.07874,1.10,1.10
2010.11.16 10:01:23.224,2.07824,2.0788,1.10,1.10
2010.11.16 10:01:23.775,2.07798,2.07872,1.10,1.10
2010.11.16 10:01:24.207,2.07797,2.07881,1.10,1.10
2010.11.16 10:01:24.318,2.07795,2.0787,1.10,1.10
2010.11.16 10:01:25.684,2.07824,2.0788,1.10,1.50
2010.11.16 10:01:25.795,2.07824,2.0788,1.10,1.10
2010.11.16 10:01:26.123,2.07807,2.07871,1.10,1.10
2010.11.16 10:01:26.234,2.07817,2.07874,1.10,1.10
2010.11.16 10:01:26.575,2.07806,2.07872,1.10,1.10
2010.11.16 10:01:30.220,2.07804,2.07861,1.10,1.10
2010.11.16 10:01:32.975,2.07807,2.07871,1.10,1.10
2010.11.16 10:01:33.303,2.07805,2.0786,1.10,1.10
2010.11.16 10:01:35.326,2.07779,2.07854,1.10,1.10
2010.11.16 10:01:35.545,2.07793,2.07852,1.10,1.10
2010.11.16 10:01:37.535,2.07794,2.07858,1.10,1.10
2010.11.16 10:01:37.754,2.07805,2.0786,1.10,1.10
2010.11.16 10:01:43.286,2.07818,2.07864,1.10,1.10
2010.11.16 10:01:43.955,2.07824,2.07882,1.10,1.50
2010.11.16 10:01:44.065,2.07824,2.07882,1.10,1.10
2010.11.16 10:01:45.505,2.07819,2.07874,1.10,1.10
2010.11.16 10:01:48.857,2.07818,2.07873,1.10,1.10
2010.11.16 10:01:48.966,2.07821,2.07894,1.10,1.10
2010.11.16 10:01:49.185,2.07819,2.07874,1.10,1.10
2010.11.16 10:01:49.736,2.0782,2.07886,1.10,1.10
2010.11.16 10:01:50.065,2.07818,2.07875,1.10,1.10
2010.11.16 10:01:50.174,2.07821,2.07885,1.10,1.10
2010.11.16 10:01:50.526,2.07818,2.07875,1.10,1.10
2010.11.16 10:01:50.902,2.07821,2.07885,1.10,1.10
2010.11.16 10:01:51.017,2.07838,2.07894,1.10,1.10
2010.11.16 10:01:53.994,2.07838,2.07894,1.10,2.00
2010.11.16 10:01:54.116,2.07825,2.07881,1.10,1.30
2010.11.16 10:01:54.913,2.07831,2.07888,1.10,2.00
2010.11.16 10:01:55.028,2.07831,2.07888,1.10,1.30
2010.11.16 10:01:55.678,2.07828,2.07886,1.10,2.00
2010.11.16 10:01:56.045,2.07843,2.0789,1.10,1.10
2010.11.16 10:01:56.265,2.07824,2.07879,1.10,1.10
2010.11.16 10:01:57.506,2.07843,2.0789,1.10,1.10
2010.11.16 10:01:57.725,2.07823,2.0788,1.50,1.10
2010.11.16 10:01:57.836,2.07823,2.0788,1.10,1.10
2010.11.16 10:01:57.944,2.07817,2.07874,1.10,1.10
2010.11.16 10:02:00.375,2.07807,2.07863,1.10,1.10
2010.11.16 10:02:02.579,2.07837,2.07885,1.10,1.10
2010.11.16 10:02:03.015,2.07829,2.07904,1.70,1.70
2010.11.16 10:02:03.344,2.07829,2.07904,1.30,1.10
2010.11.16 10:02:03.717,2.07829,2.07904,1.10,2.00
2010.11.16 10:02:04.047,2.07829,2.07904,1.10,1.10
2010.11.16 10:02:05.431,2.07835,2.07911,1.10,1.30
2010.11.16 10:02:06.447,2.07803,2.07881,1.30,1.10
2010.11.16 10:02:06.555,2.07822,2.07877,1.10,1.10
2010.11.16 10:02:06.665,2.0782,2.07886,1.10,1.10
2010.11.16 10:02:06.775,2.07818,2.07876,1.10,1.10
2010.11.16 10:02:07.107,2.0782,2.07886,1.10,1.10
2010.11.16 10:02:07.449,2.07819,2.07874,1.10,1.10
2010.11.16 10:02:07.557,2.07821,2.07885,1.10,1.10
2010.11.16 10:02:10.656,2.0782,2.07879,1.10,1.10
2010.11.16 10:02:12.146,2.07812,2.07862,1.10,1.10
2010.11.16 10:02:12.518,2.07792,2.07853,1.50,1.10
2010.11.16 10:02:13.405,2.07793,2.07859,1.10,1.10
2010.11.16 10:02:13.744,2.07805,2.0786,1.10,1.10
2010.11.16 10:02:14.485,2.07793,2.07859,1.10,1.10
2010.11.16 10:02:16.169,2.07805,2.0786,1.10,1.10
2010.11.16 10:02:17.409,2.07771,2.07839,1.30,1.10
2010.11.16 10:02:17.517,2.07791,2.07849,1.50,1.10
2010.11.16 10:02:17.976,2.07801,2.07849,1.10,1.10
2010.11.16 10:02:18.092,2.07812,2.07868,1.10,1.10
2010.11.16 10:02:18.651,2.07802,2.07868,1.10,2.00
2010.11.16 10:02:18.876,2.07858,2.07903,1.10,1.50
2010.11.16 10:02:19.538,2.07866,2.07904,1.10,1.50
2010.11.16 10:02:19.654,2.07878,2.07936,1.10,1.10
2010.11.16 10:02:20.087,2.07877,2.07941,1.10,1.10
2010.11.16 10:02:20.983,2.07885,2.07942,1.10,1.10
2010.11.16 10:02:21.962,2.07889,2.07965,1.10,1.50
2010.11.16 10:02:22.078,2.07889,2.07965,1.10,1.10
2010.11.16 10:02:22.221,2.07889,2.07965,1.10,2.00
2010.11.16 10:02:23.310,2.07884,2.0796,1.10,1.30
2010.11.16 10:02:23.419,2.07861,2.07929,1.70,1.10
2010.11.16 10:02:23.526,2.07866,2.07951,1.30,1.10
2010.11.16 10:02:23.978,2.07884,2.07943,1.10,1.30
2010.11.16 10:02:24.106,2.07876,2.0794,1.10,1.10
2010.11.16 10:02:25.535,2.07887,2.07942,1.10,1.10
2010.11.16 10:02:27.325,2.07879,2.07937,1.10,1.10
2010.11.16 10:02:27.886,2.07886,2.07943,1.10,1.10
2010.11.16 10:02:28.216,2.0789,2.07947,1.10,1.10
2010.11.16 10:02:28.324,2.07889,2.07953,1.10,1.10
2010.11.16 10:02:28.996,2.07892,2.07976,1.10,1.10
2010.11.16 10:02:30.664,2.07907,2.07978,1.10,1.10
2010.11.16 10:02:30.995,2.07916,2.07991,1.10,1.10
2010.11.16 10:02:32.037,2.07916,2.07984,1.10,1.10
2010.11.16 10:02:32.476,2.07907,2.07963,1.10,1.10
2010.11.16 10:02:32.586,2.07888,2.07956,1.10,1.10
2010.11.16 10:02:32.695,2.0789,2.07968,1.10,1.10
2010.11.16 10:02:33.485,2.07888,2.07956,1.10,1.10
2010.11.16 10:02:34.144,2.07891,2.07967,1.10,1.10
2010.11.16 10:02:34.479,2.07884,2.07959,1.50,1.10
2010.11.16 10:02:34.587,2.07865,2.07949,1.10,1.10
2010.11.16 10:02:34.888,2.07876,2.07951,1.10,1.10
2010.11.16 10:02:34.997,2.07881,2.0797,1.10,3.40
2010.11.16 10:02:35.330,2.07894,2.07954,1.10,1.10
2010.11.16 10:02:35.544,2.07883,2.07963,1.10,1.50
2010.11.16 10:02:35.765,2.07888,2.07952,1.10,1.10
2010.11.16 10:02:36.123,2.07891,2.07976,1.10,1.50
2010.11.16 10:02:36.344,2.07887,2.07953,1.10,1.10
2010.11.16 10:02:36.675,2.07872,2.07965,1.10,1.30
2010.11.16 10:02:37.003,2.07868,2.0795,1.10,1.30
2010.11.16 10:02:38.525,2.0787,2.07962,1.10,1.70
2010.11.16 10:02:38.638,2.0787,2.07962,1.10,1.30
2010.11.16 10:02:39.062,2.0787,2.07954,1.10,1.10
2010.11.16 10:02:40.165,2.07866,2.07954,1.10,1.30
2010.11.16 10:02:40.280,2.07863,2.07931,1.10,1.10
2010.11.16 10:02:42.475,2.07848,2.07908,1.80,1.10
2010.11.16 10:02:43.597,2.07848,2.07914,1.10,1.10
2010.11.16 10:02:45.495,2.07842,2.07897,1.10,1.10
2010.11.16 10:02:47.735,2.07842,2.07897,1.10,2.00
2010.11.16 10:02:47.991,2.07821,2.07876,1.50,1.10
2010.11.16 10:02:48.435,2.07809,2.07875,1.50,1.10
2010.11.16 10:02:48.765,2.07821,2.07876,1.10,1.10
2010.11.16 10:02:50.476,2.07828,2.07885,1.10,1.10
2010.11.16 10:02:50.926,2.07839,2.07897,1.10,1.10
2010.11.16 10:02:51.146,2.07823,2.07887,1.50,1.10
2010.11.16 10:02:51.254,2.07823,2.07887,1.10,1.10
2010.11.16 10:02:52.714,2.07837,2.07893,1.10,1.10
2010.11.16 10:02:53.226,2.07823,2.07891,1.10,1.10
2010.11.16 10:02:53.337,2.07838,2.07911,1.10,1.10
2010.11.16 10:02:54.146,2.07848,2.07903,1.10,1.10
2010.11.16 10:02:54.367,2.07837,2.07912,1.10,1.10
2010.11.16 10:02:55.174,2.07848,2.07914,1.10,1.10
2010.11.16 10:03:01.108,2.07859,2.07916,1.10,1.10
2010.11.16 10:03:01.657,2.07862,2.07926,1.10,1.10
2010.11.16 10:03:02.166,2.07863,2.07933,1.10,1.50
2010.11.16 10:03:02.827,2.07867,2.07956,1.10,1.20
2010.11.16 10:03:04.087,2.07878,2.07958,1.10,1.10
2010.11.16 10:03:05.669,2.07877,2.07956,1.10,1.10
2010.11.16 10:03:06.332,2.07902,2.07966,1.10,1.10
2010.11.16 10:03:16.116,2.07901,2.07965,1.10,1.10
2010.11.16 10:03:17.028,2.07898,2.07954,1.10,1.10
2010.11.16 10:03:17.246,2.07901,2.07967,1.10,1.10
2010.11.16 10:03:19.516,2.07924,2.0798,1.10,2.80
2010.11.16 10:03:19.847,2.07914,2.0798,1.10,1.10
2010.11.16 10:03:19.955,2.07903,2.07978,1.10,1.10
2010.11.16 10:03:20.450,2.07914,2.0798,1.10,1.10
2010.11.16 10:03:22.905,2.07944,2.0801,1.10,2.90
2010.11.16 10:03:23.031,2.07946,2.08002,1.10,1.10
2010.11.16 10:03:23.475,2.07953,2.08018,1.10,1.10
2010.11.16 10:03:23.899,2.0795,2.08008,1.10,1.10
2010.11.16 10:03:27.074,2.0794,2.07995,1.10,1.10
2010.11.16 10:03:27.294,2.07944,2.08001,1.10,1.10
2010.11.16 10:03:27.614,2.07951,2.08007,1.10,1.10
2010.11.16 10:03:28.718,2.07953,2.08018,1.10,1.10
2010.11.16 10:03:31.365,2.07965,2.08022,1.10,1.30
2010.11.16 10:03:32.023,2.07958,2.08014,1.10,2.00
2010.11.16 10:03:32.377,2.07941,2.08005,1.10,1.30
2010.11.16 10:03:32.705,2.07944,2.08015,1.10,1.30
2010.11.16 10:03:32.816,2.07953,2.08029,1.10,2.00
2010.11.16 10:03:33.165,2.07964,2.08031,1.10,1.10
2010.11.16 10:03:33.495,2.07962,2.0802,1.10,1.10
2010.11.16 10:03:34.058,2.07964,2.08031,1.10,1.30
2010.11.16 10:03:34.275,2.07962,2.0802,1.10,1.10
2010.11.16 10:03:34.495,2.07967,2.08039,1.10,1.40
2010.11.16 10:03:34.606,2.07963,2.08019,1.10,1.10
2010.11.16 10:03:35.141,2.07941,2.08017,1.10,1.30
2010.11.16 10:03:35.258,2.07965,2.08031,1.10,1.50
2010.11.16 10:03:35.584,2.07962,2.0802,1.10,1.10
2010.11.16 10:03:35.697,2.07965,2.0803,1.10,1.10
2010.11.16 10:03:35.808,2.07962,2.0802,1.10,1.10
2010.11.16 10:03:36.149,2.07958,2.08014,1.10,1.30
2010.11.16 10:03:36.366,2.07943,2.08,1.10,1.10
2010.11.16 10:03:36.695,2.0795,2.08006,1.10,1.10
2010.11.16 10:03:41.366,2.07958,2.08014,1.10,1.10
2010.11.16 10:03:42.516,2.0795,2.08006,1.10,1.10
2010.11.16 10:03:42.626,2.07957,2.08015,1.10,1.70
2010.11.16 10:03:42.755,2.07943,2.08,1.10,1.10
2010.11.16 10:03:43.355,2.07949,2.08007,1.10,1.10
2010.11.16 10:03:43.466,2.07943,2.08,1.10,1.10
2010.11.16 10:03:43.685,2.07949,2.08007,1.10,1.10
2010.11.16 10:03:44.128,2.07951,2.08018,1.10,1.10
2010.11.16 10:03:44.984,2.07931,2.07986,1.30,1.10
2010.11.16 10:03:45.234,2.07931,2.07986,1.10,1.10
2010.11.16 10:03:45.678,2.07939,2.08004,1.10,1.10
2010.11.16 10:03:46.447,2.07941,2.08015,1.10,1.30
2010.11.16 10:03:46.558,2.07939,2.08006,1.10,1.10
2010.11.16 10:03:47.984,2.0794,2.08016,1.10,1.10
2010.11.16 10:03:49.329,2.07952,2.08017,1.10,1.10
2010.11.16 10:03:49.655,2.07941,2.08015,1.10,1.10
2010.11.16 10:03:50.352,2.07952,2.08017,1.10,1.10
2010.11.16 10:03:50.685,2.07965,2.0803,1.10,1.50
2010.11.16 10:03:50.905,2.07976,2.08032,1.10,1.10
2010.11.16 10:03:51.344,2.07965,2.0802,1.10,1.10
2010.11.16 10:03:51.455,2.07976,2.08032,1.10,1.10
2010.11.16 10:03:51.969,2.07965,2.0803,1.10,1.10
2010.11.16 10:03:54.877,2.07958,2.08023,1.10,1.10
2010.11.16 10:03:54.990,2.0795,2.0801,1.10,1.10
2010.11.16 10:03:55.855,2.07941,2.08009,1.10,1.10
2010.11.16 10:03:57.220,2.07955,2.08012,1.10,1.10
2010.11.16 10:03:57.749,2.07957,2.08018,1.10,1.10
2010.11.16 10:03:59.626,2.07962,2.0802,1.10,1.10
2010.11.16 10:04:03.777,2.0796,2.08015,1.30,1.10
2010.11.16 10:04:03.887,2.07965,2.08037,1.30,1.10
2010.11.16 10:04:03.997,2.07979,2.08037,1.10,1.10
2010.11.16 10:04:06.347,2.07965,2.08037,1.30,1.10
2010.11.16 10:04:06.786,2.07965,2.08037,1.70,1.10
2010.11.16 10:04:07.219,2.07995,2.08052,1.10,1.10
2010.11.16 10:04:07.545,2.07977,2.08051,1.70,1.10
2010.11.16 10:04:07.985,2.07996,2.08051,1.10,1.10
2010.11.16 10:04:08.965,2.08001,2.08059,1.10,1.10
2010.11.16 10:04:09.076,2.08009,2.08064,1.10,1.10
2010.11.16 10:04:10.245,2.07992,2.08064,1.70,1.10
2010.11.16 10:04:10.786,2.08009,2.08064,1.10,1.10
2010.11.16 10:04:13.356,2.08002,2.08058,1.10,1.10
2010.11.16 10:04:16.996,2.07996,2.08051,1.10,1.10
2010.11.16 10:04:17.216,2.07988,2.08046,1.10,1.10
2010.11.16 10:04:24.330,2.07989,2.0805,1.10,1.10
2010.11.16 10:04:24.766,2.0799,2.08057,1.10,1.10
2010.11.16 10:04:26.425,2.08001,2.08059,1.10,1.10
2010.11.16 10:04:32.015,2.07991,2.08056,1.10,1.10
2010.11.16 10:04:32.345,2.07989,2.08045,1.10,1.10
2010.11.16 10:04:32.877,2.0799,2.08057,1.10,1.10
2010.11.16 10:04:36.215,2.07989,2.08045,1.10,1.10
2010.11.16 10:04:38.925,2.07989,2.08045,1.10,1.30
2010.11.16 10:04:39.277,2.07979,2.08025,1.10,1.10
2010.11.16 10:04:39.562,2.07988,2.08046,1.10,1.50
2010.11.16 10:04:39.679,2.07988,2.08046,1.10,1.10
2010.11.16 10:04:41.887,2.08003,2.0807,1.10,1.10
2010.11.16 10:04:41.997,2.08003,2.0807,1.10,1.30
2010.11.16 10:04:42.105,2.07982,2.08065,1.10,1.30
2010.11.16 10:04:42.216,2.08001,2.08059,1.10,1.10
2010.11.16 10:04:42.655,2.07982,2.08046,1.10,1.10
2010.11.16 10:04:43.154,2.0799,2.08057,1.10,1.10
2010.11.16 10:04:44.917,2.07993,2.08067,1.10,1.10
2010.11.16 10:04:45.245,2.07991,2.08056,1.10,1.10
2010.11.16 10:04:45.575,2.0799,2.08057,1.10,1.10
2010.11.16 10:04:47.055,2.0798,2.08053,1.10,1.10
2010.11.16 10:04:47.955,2.08011,2.08067,1.10,1.30
2010.11.16 10:04:48.175,2.08011,2.08067,1.10,1.10
2010.11.16 10:04:48.597,2.08017,2.08074,1.10,1.50
2010.11.16 10:04:48.707,2.08004,2.08069,1.10,1.10
2010.11.16 10:04:50.136,2.08021,2.08076,1.10,1.10
2010.11.16 10:04:50.780,2.08032,2.08108,1.10,1.70
2010.11.16 10:04:50.885,2.08022,2.08088,1.10,1.10
2010.11.16 10:04:53.595,2.08024,2.08095,1.10,1.10
2010.11.16 10:04:53.936,2.08022,2.08088,1.10,1.10
2010.11.16 10:04:54.705,2.0802,2.08072,1.10,1.10
2010.11.16 10:04:57.524,2.08022,2.08086,1.10,1.10
2010.11.16 10:05:04.146,2.0802,2.08077,1.10,1.10
2010.11.16 10:05:04.477,2.08023,2.08087,1.10,1.10
2010.11.16 10:05:04.919,2.08036,2.08101,1.10,1.10
2010.11.16 10:05:05.246,2.08029,2.08096,1.10,1.10
2010.11.16 10:05:05.466,2.08029,2.08096,1.10,2.00
2010.11.16 10:05:05.819,2.08013,2.0807,1.10,1.10
2010.11.16 10:05:05.926,2.08031,2.08077,1.10,1.10
2010.11.16 10:05:06.366,2.0804,2.08097,1.10,1.10
2010.11.16 10:05:06.680,2.08033,2.08095,1.10,1.30
2010.11.16 10:05:07.466,2.08029,2.08096,2.00,1.10
2010.11.16 10:05:07.810,2.08054,2.0811,1.40,1.10
2010.11.16 10:05:07.915,2.08067,2.08124,1.10,1.10
2010.11.16 10:05:08.027,2.08067,2.08124,1.10,1.50
2010.11.16 10:05:08.267,2.08047,2.08102,1.10,1.10
2010.11.16 10:05:09.809,2.08047,2.08102,2.00,1.10
2010.11.16 10:05:10.244,2.08063,2.08111,1.10,1.10
2010.11.16 10:05:12.235,2.08071,2.08117,1.10,1.10
2010.11.16 10:05:12.675,2.08063,2.08111,1.10,1.10
2010.11.16 10:05:13.226,2.08063,2.08111,1.30,1.10
2010.11.16 10:05:13.446,2.08074,2.08131,1.10,1.10
2010.11.16 10:05:24.235,2.08068,2.08123,1.30,1.10
2010.11.16 10:05:24.675,2.08057,2.08121,1.10,1.10
2010.11.16 10:05:25.837,2.08057,2.08121,1.30,1.10
2010.11.16 10:05:26.386,2.08057,2.08121,1.10,1.10
2010.11.16 10:05:27.063,2.08054,2.08111,1.10,1.10
2010.11.16 10:05:27.361,2.0806,2.08122,1.10,1.10
2010.11.16 10:05:29.301,2.08077,2.08135,1.10,1.10
2010.11.16 10:05:29.688,2.08075,2.08121,1.10,1.10
2010.11.16 10:05:30.217,2.0808,2.0813,1.10,1.10
2010.11.16 10:05:30.327,2.08107,2.08165,1.10,4.70
2010.11.16 10:05:30.656,2.08089,2.08138,1.10,1.10
2010.11.16 10:05:31.000,2.08076,2.08136,1.10,1.10
2010.11.16 10:05:31.436,2.08087,2.08154,1.10,1.10
2010.11.16 10:05:32.369,2.08076,2.08136,1.10,1.10
2010.11.16 10:05:33.370,2.08087,2.08154,1.10,1.10
2010.11.16 10:05:33.587,2.08099,2.08158,1.10,1.50
2010.11.16 10:05:33.916,2.08087,2.08154,1.10,1.10
2010.11.16 10:05:34.696,2.08078,2.08142,1.10,1.10
2010.11.16 10:05:34.915,2.08055,2.08139,1.50,1.10
2010.11.16 10:05:35.245,2.08053,2.08128,1.10,1.10
2010.11.16 10:05:35.790,2.08044,2.08108,2.00,1.10
2010.11.16 10:05:36.506,2.08044,2.08108,1.30,1.10
2010.11.16 10:05:36.615,2.08054,2.08127,1.10,1.10
2010.11.16 10:05:37.307,2.08052,2.08127,2.00,1.10
2010.11.16 10:05:37.601,2.08081,2.0815,2.00,1.80
2010.11.16 10:05:37.718,2.08081,2.0815,1.10,1.70
2010.11.16 10:05:37.936,2.08069,2.08124,1.10,1.10
2010.11.16 10:05:38.262,2.08076,2.08131,1.10,1.10
2010.11.16 10:05:38.368,2.0809,2.08156,1.10,1.10
2010.11.16 10:05:38.476,2.08089,2.08144,1.10,1.10
2010.11.16 10:05:38.806,2.08091,2.08151,1.10,3.00
2010.11.16 10:05:38.915,2.08089,2.08144,1.10,1.10
2010.11.16 10:05:39.465,2.08089,2.08144,1.10,1.10
2010.11.16 10:05:39.838,2.0809,2.0815,1.10,1.50
2010.11.16 10:05:39.945,2.0809,2.08144,1.10,1.50
2010.11.16 10:05:40.877,2.0809,2.08151,1.10,3.00
2010.11.16 10:05:41.875,2.08107,2.08164,1.10,1.10
2010.11.16 10:05:42.095,2.0809,2.08156,1.10,1.10
2010.11.16 10:05:42.876,2.08088,2.08145,1.10,1.10
2010.11.16 10:05:43.708,2.08107,2.08164,1.10,1.50
2010.11.16 10:05:43.926,2.08107,2.08164,1.10,1.10
2010.11.16 10:05:44.145,2.08088,2.08145,1.10,1.10
2010.11.16 10:05:44.257,2.08091,2.08155,1.10,1.50
2010.11.16 10:05:49.804,2.08089,2.08145,1.10,1.10
2010.11.16 10:05:51.965,2.08089,2.08144,1.10,1.10
2010.11.16 10:05:54.776,2.08091,2.08155,1.10,1.10
2010.11.16 10:05:56.269,2.08102,2.08157,1.10,1.10
2010.11.16 10:06:02.365,2.08108,2.08163,1.10,1.10
2010.11.16 10:06:02.808,2.08121,2.08176,1.10,1.10
2010.11.16 10:06:03.025,2.08117,2.08193,1.10,3.60
2010.11.16 10:06:03.402,2.08128,2.08195,1.10,1.80
2010.11.16 10:06:04.980,2.08129,2.08194,1.10,1.10
2010.11.16 10:06:08.466,2.08128,2.08193,1.10,1.10
2010.11.16 10:06:09.965,2.08131,2.08203,1.10,1.10
2010.11.16 10:06:10.187,2.08128,2.08195,1.10,1.10
2010.11.16 10:06:10.405,2.08131,2.08203,1.10,1.10
2010.11.16 10:06:12.116,2.0813,2.08206,1.10,1.70
2010.11.16 10:06:12.336,2.08128,2.08195,1.10,1.10
2010.11.16 10:06:12.445,2.0813,2.08206,1.10,1.50
2010.11.16 10:06:12.777,2.08128,2.08195,1.10,1.10
2010.11.16 10:06:12.885,2.0813,2.08206,1.10,1.50
2010.11.16 10:06:13.558,2.08129,2.08194,1.10,1.10
2010.11.16 10:06:13.665,2.08131,2.08205,1.10,1.50
2010.11.16 10:06:14.328,2.08128,2.08195,1.30,1.10
2010.11.16 10:06:14.680,2.0813,2.08206,1.10,1.10
2010.11.16 10:06:15.204,2.08127,2.08183,1.10,1.10
2010.11.16 10:06:18.125,2.08117,2.08163,1.10,1.10
2010.11.16 10:06:18.916,2.08126,2.08184,1.10,1.70
2010.11.16 10:06:20.247,2.08114,2.0817,1.10,1.10
2010.11.16 10:06:20.883,2.08116,2.08181,1.10,1.10
2010.11.16 10:06:22.094,2.08105,2.08179,1.10,1.10
2010.11.16 10:06:22.975,2.08102,2.08169,1.10,1.10
2010.11.16 10:06:24.058,2.08101,2.08158,1.10,1.10
2010.11.16 10:06:26.548,2.08108,2.08163,1.10,1.10
2010.11.16 10:06:26.876,2.08108,2.08178,1.10,1.10
2010.11.16 10:06:27.095,2.08121,2.08179,1.10,1.10
2010.11.16 10:06:27.431,2.08115,2.08172,1.10,1.10
2010.11.16 10:06:27.546,2.08103,2.08168,1.10,1.10
2010.11.16 10:06:30.474,2.0811,2.08169,1.10,1.10
2010.11.16 10:06:30.585,2.08102,2.08169,1.30,1.10
2010.11.16 10:06:30.696,2.08112,2.08169,1.10,1.10
2010.11.16 10:06:30.915,2.08095,2.08159,1.10,1.10
2010.11.16 10:06:31.317,2.08103,2.08162,1.10,1.50
2010.11.16 10:06:32.396,2.08116,2.08164,1.10,1.10
2010.11.16 10:06:32.506,2.08096,2.0816,1.10,1.10
2010.11.16 10:06:33.487,2.08094,2.08151,1.10,1.10
2010.11.16 10:06:34.477,2.08103,2.08168,1.10,1.50
2010.11.16 10:06:35.725,2.08083,2.08165,1.10,1.10
2010.11.16 10:06:35.836,2.08079,2.08141,3.00,1.10
2010.11.16 10:06:36.312,2.08079,2.08147,4.10,1.10
2010.11.16 10:06:37.294,2.08072,2.0812,1.10,1.10
2010.11.16 10:06:37.576,2.08075,2.08156,1.10,2.30
2010.11.16 10:06:37.691,2.08084,2.08144,1.10,1.10
2010.11.16 10:06:38.207,2.0806,2.08141,1.10,1.10
2010.11.16 10:06:38.316,2.08045,2.08137,1.50,1.10
2010.11.16 10:06:42.305,2.08049,2.08116,1.10,1.10
2010.11.16 10:06:42.525,2.0804,2.08115,1.10,1.10
2010.11.16 10:06:43.297,2.0804,2.08115,2.80,1.10
2010.11.16 10:06:43.900,2.08081,2.08138,1.10,1.10
2010.11.16 10:06:44.225,2.08071,2.08119,1.10,1.10
2010.11.16 10:06:44.448,2.08055,2.08118,1.10,1.10
2010.11.16 10:06:44.704,2.08055,2.08118,2.00,1.10
2010.11.16 10:06:44.821,2.08057,2.08117,1.50,1.10
2010.11.16 10:06:45.195,2.08064,2.0813,1.10,1.10
2010.11.16 10:06:45.307,2.08041,2.08114,1.30,1.30
2010.11.16 10:06:45.641,2.08076,2.08131,1.10,1.70
2010.11.16 10:06:46.763,2.08076,2.08131,1.10,1.10
2010.11.16 10:06:46.880,2.08082,2.08137,1.10,1.30
2010.11.16 10:06:46.985,2.08056,2.08118,1.10,1.10
2010.11.16 10:06:47.206,2.08046,2.08116,4.10,1.10
2010.11.16 10:06:47.319,2.08054,2.08116,1.50,1.10
2010.11.16 10:06:47.430,2.08041,2.08114,1.10,1.10
2010.11.16 10:06:47.536,2.08043,2.08125,1.10,1.50
2010.11.16 10:06:47.887,2.0804,2.08115,1.10,1.10
2010.11.16 10:06:51.296,2.08068,2.08125,1.10,1.50
2010.11.16 10:06:51.626,2.08038,2.08104,4.10,1.10
2010.11.16 10:06:52.197,2.0804,2.08115,1.10,1.10
2010.11.16 10:06:54.679,2.0804,2.08115,1.10,1.30
2010.11.16 10:06:54.798,2.0804,2.08097,1.10,1.10
2010.11.16 10:06:56.757,2.08025,2.08088,1.10,1.10
2010.11.16 10:06:58.457,2.08037,2.08092,1.10,1.10
2010.11.16 10:06:59.911,2.08042,2.081,1.10,1.10
2010.11.16 10:07:00.027,2.08037,2.08092,1.10,1.10
2010.11.16 10:07:00.356,2.08025,2.08091,1.10,1.10
2010.11.16 10:07:01.846,2.08028,2.08101,1.10,1.10
2010.11.16 10:07:03.055,2.08026,2.0809,1.10,1.10
2010.11.16 10:07:04.215,2.08028,2.08101,1.10,1.10
2010.11.16 10:07:04.545,2.08026,2.0809,1.10,1.10
2010.11.16 10:07:08.086,2.08035,2.08093,1.10,1.10
2010.11.16 10:07:09.461,2.08054,2.08111,1.10,1.10
2010.11.16 10:07:09.577,2.08039,2.08103,1.10,1.10
2010.11.16 10:07:09.797,2.08052,2.08116,1.10,1.10
2010.11.16 10:07:09.905,2.08039,2.08115,1.10,1.10
2010.11.16 10:07:12.495,2.0806,2.08118,1.10,1.10
2010.11.16 10:07:13.006,2.08051,2.08117,1.10,1.10
2010.11.16 10:07:14.845,2.08067,2.08124,1.10,1.10
2010.11.16 10:07:15.122,2.0805,2.08116,1.10,1.10
2010.11.16 10:07:15.455,2.08052,2.08126,1.10,1.10
2010.11.16 10:07:15.675,2.08051,2.08117,1.10,1.10
2010.11.16 10:07:17.855,2.08039,2.08115,1.10,1.10
2010.11.16 10:07:18.897,2.08038,2.08103,1.10,1.10
2010.11.16 10:07:20.205,2.08036,2.08092,1.10,1.10
2010.11.16 10:07:20.866,2.08025,2.08091,1.10,1.10
2010.11.16 10:07:20.976,2.08014,2.08089,1.10,1.10
2010.11.16 10:07:21.195,2.08022,2.0809,1.10,1.10
2010.11.16 10:07:24.335,2.08028,2.08101,1.10,1.10
2010.11.16 10:07:24.770,2.08025,2.08091,1.10,1.10
2010.11.16 10:07:25.094,2.08028,2.08101,1.10,1.10
2010.11.16 10:07:29.125,2.08026,2.0809,1.10,1.10
2010.11.16 10:07:29.431,2.08012,2.08078,1.10,1.10
2010.11.16 10:07:29.766,2.08008,2.08088,1.10,1.10
2010.11.16 10:07:30.428,2.08007,2.08076,1.10,1.10
2010.11.16 10:07:30.915,2.08006,2.08077,1.10,1.10
2010.11.16 10:07:32.798,2.0802,2.0808,1.10,1.10
2010.11.16 10:07:34.495,2.08021,2.08091,1.10,1.10
2010.11.16 10:07:42.936,2.08022,2.0809,1.10,1.10
2010.11.16 10:07:43.367,2.0802,2.0808,1.10,1.10
2010.11.16 10:07:47.406,2.08019,2.08077,1.10,1.10
2010.11.16 10:07:50.034,2.07989,2.08079,5.30,1.10
2010.11.16 10:07:50.656,2.07989,2.08078,2.50,1.10
2010.11.16 10:07:51.919,2.07998,2.0808,1.30,1.10
2010.11.16 10:07:54.929,2.08016,2.08074,1.70,1.10
2010.11.16 10:07:55.037,2.08047,2.08095,1.10,1.10
2010.11.16 10:07:55.457,2.08023,2.08109,1.70,1.50
2010.11.16 10:07:55.566,2.0805,2.08107,1.10,1.10
2010.11.16 10:07:55.787,2.08027,2.08091,1.10,1.10
2010.11.16 10:07:55.895,2.08008,2.08088,4.70,1.10
2010.11.16 10:07:56.172,2.08017,2.08073,1.50,1.10
2010.11.16 10:07:57.946,2.0804,2.08088,1.10,1.10
2010.11.16 10:07:58.705,2.08033,2.08081,1.30,1.10
2010.11.16 10:07:58.925,2.08043,2.08101,1.10,1.10
2010.11.16 10:07:59.586,2.08027,2.08091,1.10,1.10
2010.11.16 10:07:59.696,2.08047,2.08124,1.10,1.70
2010.11.16 10:07:59.807,2.08047,2.08124,1.10,1.10
2010.11.16 10:08:00.168,2.08043,2.08101,1.10,1.10
2010.11.16 10:08:00.386,2.08028,2.08103,1.70,1.10
2010.11.16 10:08:00.606,2.08027,2.08091,1.50,1.10
2010.11.16 10:08:02.768,2.08043,2.08101,1.10,1.10
2010.11.16 10:08:04.056,2.08026,2.08092,1.10,1.10
2010.11.16 10:08:04.389,2.08034,2.08091,1.10,1.10
2010.11.16 10:08:04.716,2.08016,2.08088,1.30,1.10
2010.11.16 10:08:04.827,2.08016,2.08088,1.10,1.10
2010.11.16 10:08:05.177,2.08013,2.08079,1.30,1.10
2010.11.16 10:08:08.714,2.08015,2.0809,1.10,1.50
2010.11.16 10:08:09.645,2.08026,2.08092,1.10,1.10
2010.11.16 10:08:10.193,2.08043,2.08101,1.10,1.10
2010.11.16 10:08:11.385,2.0805,2.08107,1.10,1.10
2010.11.16 10:08:11.825,2.08029,2.08102,1.10,1.10
2010.11.16 10:08:12.165,2.08027,2.08091,1.10,1.10
2010.11.16 10:08:15.444,2.08016,2.08089,1.10,1.10
2010.11.16 10:08:19.895,2.08013,2.08079,1.10,1.10
2010.11.16 10:08:21.925,2.08015,2.0809,1.10,1.50
2010.11.16 10:08:23.338,2.08027,2.08091,1.10,1.10
2010.11.16 10:08:28.936,2.08043,2.08101,1.10,1.10
2010.11.16 10:08:31.087,2.08043,2.08101,1.10,1.30
2010.11.16 10:08:31.199,2.08026,2.08092,1.10,1.10
2010.11.16 10:08:31.417,2.08016,2.08089,1.30,1.10
2010.11.16 10:08:31.526,2.08013,2.08079,1.50,1.10
2010.11.16 10:08:38.618,2.08003,2.08076,1.80,1.10
2010.11.16 10:08:39.401,2.08014,2.08091,1.10,1.30
2010.11.16 10:08:39.507,2.08012,2.08079,1.10,1.10
2010.11.16 10:08:42.998,2.08001,2.08074,1.10,1.10
2010.11.16 10:08:43.537,2.08011,2.08067,1.10,1.10
2010.11.16 10:08:44.205,2.08012,2.08079,1.10,1.10
2010.11.16 10:08:45.309,2.08002,2.08073,1.10,1.10
2010.11.16 10:08:45.527,2.08023,2.0808,1.10,1.10
2010.11.16 10:08:49.344,2.08024,2.08081,1.10,1.10
2010.11.16 10:08:50.186,2.08014,2.08062,1.10,1.10
2010.11.16 10:08:51.986,2.08014,2.08062,2.00,1.10
2010.11.16 10:08:52.207,2.08034,2.0808,1.30,1.10
2010.11.16 10:08:52.691,2.08034,2.0808,1.30,1.10
2010.11.16 10:08:52.906,2.08042,2.08095,1.10,1.10
2010.11.16 10:08:54.625,2.08037,2.08085,1.30,1.10
2010.11.16 10:08:57.628,2.08016,2.08073,1.50,1.10
2010.11.16 10:09:04.174,2.08024,2.08073,1.10,1.10
2010.11.16 10:09:04.636,2.08016,2.08073,1.10,1.10
2010.11.16 10:09:06.168,2.08022,2.08073,1.10,1.10
2010.11.16 10:09:08.352,2.08027,2.08091,1.10,1.50
2010.11.16 10:09:08.465,2.08016,2.08073,1.10,1.10
2010.11.16 10:09:13.718,2.0803,2.08076,1.10,1.10
2010.11.16 10:09:14.045,2.08017,2.08072,1.10,1.10
2010.11.16 10:09:37.836,2.08005,2.08071,1.10,1.10
2010.11.16 10:09:38.300,2.07991,2.08046,1.10,1.10
2010.11.16 10:09:41.696,2.08002,2.08048,1.10,1.10
2010.11.16 10:09:42.246,2.08004,2.08059,1.10,1.10
2010.11.16 10:09:43.506,2.08006,2.0807,1.10,1.10
2010.11.16 10:09:44.435,2.08003,2.0806,1.10,1.10
2010.11.16 10:09:46.945,2.08003,2.0806,1.30,1.10
2010.11.16 10:09:47.165,2.08006,2.0807,1.10,1.10
2010.11.16 10:09:47.435,2.08001,2.08049,1.30,1.10
2010.11.16 10:09:47.908,2.0799,2.08047,1.30,1.10
2010.11.16 10:09:48.236,2.08001,2.08049,1.10,1.10
2010.11.16 10:09:49.067,2.07987,2.08045,1.30,1.10
2010.11.16 10:09:52.534,2.07988,2.08043,1.30,1.10
2010.11.16 10:09:55.321,2.07988,2.08043,1.10,1.10
2010.11.16 10:09:56.677,2.07988,2.08043,2.00,1.10
2010.11.16 10:09:57.014,2.08001,2.08058,1.10,1.10
2010.11.16 10:10:00.415,2.08001,2.08058,1.10,1.30
2010.11.16 10:10:00.524,2.07988,2.08043,1.30,1.10
2010.11.16 10:10:06.564,2.07988,2.08043,1.30,1.10
2010.11.16 10:10:06.896,2.0799,2.08051,1.30,1.10
2010.11.16 10:10:16.445,2.07986,2.08039,1.30,1.10
2010.11.16 10:10:19.184,2.07991,2.08046,1.30,1.10
2010.11.16 10:10:21.435,2.07989,2.08041,1.30,1.10
2010.11.16 10:10:22.650,2.0799,2.08047,1.30,1.10
2010.11.16 10:10:51.951,2.07988,2.08036,1.30,1.10
2010.11.16 10:10:54.177,2.07982,2.08028,1.10,1.10
2010.11.16 10:10:54.285,2.07988,2.08036,1.10,1.10
2010.11.16 10:10:56.846,2.07981,2.08029,1.10,1.10
2010.11.16 10:10:57.545,2.07988,2.08036,1.10,1.10
2010.11.16 10:10:59.755,2.07998,2.08044,1.10,1.10
2010.11.16 10:11:00.123,2.07989,2.08035,1.10,1.10
2010.11.16 10:11:01.447,2.0799,2.08047,1.10,1.10
2010.11.16 10:11:04.885,2.0801,2.08055,1.10,1.10
2010.11.16 10:11:05.267,2.08001,2.08049,1.10,1.10
2010.11.16 10:11:06.035,2.0799,2.08047,1.30,1.10
2010.11.16 10:11:14.945,2.07996,2.08048,1.10,1.10
2010.11.16 10:11:15.265,2.08002,2.08048,1.10,1.10
2010.11.16 10:11:15.485,2.07996,2.08048,1.10,1.10
2010.11.16 10:11:15.985,2.08002,2.08048,1.10,1.10
2010.11.16 10:11:16.316,2.0799,2.08047,1.10,1.10
2010.11.16 10:11:31.136,2.07989,2.08035,1.10,1.10
2010.11.16 10:11:35.215,2.07998,2.08044,1.10,1.10
2010.11.16 10:11:35.684,2.07988,2.08036,1.10,1.10
2010.11.16 10:11:36.629,2.08015,2.08063,1.10,1.10
2010.11.16 10:11:36.845,2.07998,2.08055,1.30,1.10
2010.11.16 10:11:37.675,2.07992,2.08048,1.10,1.10
2010.11.16 10:11:38.227,2.08019,2.08075,1.30,1.10
2010.11.16 10:11:38.677,2.08019,2.08075,2.00,1.10
2010.11.16 10:11:38.786,2.08023,2.08098,2.00,1.10
2010.11.16 10:11:39.006,2.08023,2.08098,1.30,1.10
2010.11.16 10:11:39.335,2.08025,2.08082,1.10,1.10
2010.11.16 10:11:41.327,2.08018,2.08076,1.10,1.10
2010.11.16 10:11:42.255,2.08012,2.0807,1.30,1.10
2010.11.16 10:11:48.446,2.08015,2.08079,1.10,1.10
2010.11.16 10:11:52.188,2.08004,2.08077,1.10,1.10
2010.11.16 10:11:52.515,2.08023,2.08081,1.10,1.10
2010.11.16 10:11:53.458,2.08003,2.08078,1.10,1.10
2010.11.16 10:11:55.996,2.08003,2.08078,1.10,1.50
2010.11.16 10:11:56.326,2.07977,2.0805,1.80,1.10
2010.11.16 10:11:57.436,2.07995,2.08055,1.10,1.10
2010.11.16 10:11:58.761,2.07976,2.08051,1.80,1.10
2010.11.16 10:11:58.866,2.07976,2.08051,1.10,1.10
2010.11.16 10:12:00.875,2.07964,2.08037,1.10,1.10
2010.11.16 10:12:01.207,2.07962,2.08026,1.10,1.10
2010.11.16 10:12:01.876,2.0798,2.08035,1.10,1.10
2010.11.16 10:12:02.426,2.07986,2.08041,1.10,1.10
2010.11.16 10:12:03.086,2.08002,2.0805,1.10,1.10
2010.11.16 10:12:03.679,2.07989,2.08035,1.10,1.10
2010.11.16 10:12:04.116,2.07976,2.08022,1.10,1.10
2010.11.16 10:12:06.078,2.07978,2.08033,1.30,1.10
2010.11.16 10:12:09.676,2.07967,2.08031,1.30,1.10
2010.11.16 10:12:10.006,2.07978,2.08033,1.10,1.10
2010.11.16 10:12:10.225,2.07957,2.08029,1.70,1.10
2010.11.16 10:12:10.598,2.07967,2.08031,1.30,1.10
2010.11.16 10:12:14.246,2.0799,2.08036,1.10,1.10
2010.11.16 10:12:15.024,2.0799,2.08047,1.10,1.10
2010.11.16 10:12:16.216,2.07992,2.08058,1.30,1.10
2010.11.16 10:12:16.662,2.07991,2.08046,1.10,1.10
2010.11.16 10:12:17.108,2.07997,2.08047,1.10,1.10
2010.11.16 10:12:17.549,2.07999,2.08058,1.10,1.10
2010.11.16 10:12:17.658,2.08009,2.08061,1.10,1.10
2010.11.16 10:12:20.017,2.07984,2.08044,1.10,1.10
2010.11.16 10:12:21.485,2.07981,2.08034,1.10,1.10
2010.11.16 10:12:23.607,2.07976,2.08033,1.10,1.10
2010.11.16 10:12:24.156,2.07982,2.08033,1.10,1.10
2010.11.16 10:12:24.640,2.07968,2.0802,1.30,1.10
2010.11.16 10:12:26.390,2.07969,2.08032,1.10,1.10
2010.11.16 10:12:27.059,2.07982,2.08034,1.10,1.10
2010.11.16 10:12:27.167,2.07985,2.08044,1.10,1.10
2010.11.16 10:12:28.178,2.07982,2.08034,1.10,1.10
2010.11.16 10:12:29.100,2.07971,2.08032,1.10,1.10
2010.11.16 10:12:29.715,2.07992,2.08038,1.10,1.10
2010.11.16 10:12:29.936,2.07971,2.08032,1.10,1.10
2010.11.16 10:12:30.911,2.07994,2.0804,1.10,1.10
2010.11.16 10:12:31.356,2.07985,2.08044,1.10,1.10
2010.11.16 10:12:31.576,2.07983,2.08033,1.10,1.10
2010.11.16 10:12:32.660,2.0799,2.08045,1.10,1.10
2010.11.16 10:12:33.486,2.0799,2.08045,2.00,1.10
2010.11.16 10:12:34.067,2.0799,2.08045,2.00,1.10
2010.11.16 10:12:34.178,2.08006,2.08054,1.10,1.10
2010.11.16 10:12:34.616,2.08014,2.0806,1.10,1.10
2010.11.16 10:12:36.399,2.07987,2.08035,1.70,1.10
2010.11.16 10:12:36.616,2.07989,2.08046,1.70,1.10
2010.11.16 10:12:36.837,2.07989,2.08046,1.30,1.10
2010.11.16 10:12:36.946,2.07992,2.08056,1.30,1.10
2010.11.16 10:12:37.166,2.07989,2.08046,1.10,1.10
2010.11.16 10:12:46.392,2.07994,2.08047,1.10,1.10
2010.11.16 10:13:00.605,2.0798,2.08028,1.10,1.10
2010.11.16 10:13:02.977,2.07963,2.08009,1.50,1.10
2010.11.16 10:13:03.308,2.07956,2.08004,1.10,1.10
2010.11.16 10:13:03.820,2.07962,2.0801,1.10,1.10
2010.11.16 10:13:04.808,2.07951,2.08006,1.10,1.10
2010.11.16 10:13:04.917,2.07951,2.08006,1.10,2.00
2010.11.16 10:13:05.028,2.07941,2.07989,1.10,1.10
2010.11.16 10:13:05.397,2.07948,2.07996,1.10,1.10
2010.11.16 10:13:15.515,2.07949,2.08019,1.10,1.40
2010.11.16 10:13:17.865,2.07949,2.08017,1.10,2.80
2010.11.16 10:13:20.518,2.07948,2.07996,1.10,1.10
2010.11.16 10:13:23.198,2.07956,2.08004,1.10,1.10
2010.11.16 10:13:23.416,2.07949,2.07997,1.10,1.10
2010.11.16 10:13:27.776,2.07949,2.07997,1.10,1.10
2010.11.16 10:13:29.878,2.07986,2.08034,1.30,1.10
2010.11.16 10:13:30.207,2.07986,2.08063,2.00,1.10
2010.11.16 10:13:30.713,2.07986,2.08063,1.30,2.00
2010.11.16 10:13:30.830,2.07982,2.0804,1.10,1.10
2010.11.16 10:13:34.236,2.07985,2.08042,1.10,1.10
2010.11.16 10:13:35.726,2.07966,2.08038,1.40,1.10
2010.11.16 10:13:35.837,2.07962,2.08038,1.30,1.10
2010.11.16 10:13:36.056,2.07985,2.08042,1.10,1.10
2010.11.16 10:13:41.971,2.07962,2.08038,1.10,1.10
2010.11.16 10:13:51.996,2.07951,2.08036,1.30,1.10
2010.11.16 10:13:52.327,2.07951,2.08036,1.10,1.70
2010.11.16 10:13:52.436,2.07937,2.08011,1.50,1.10
2010.11.16 10:13:59.614,2.07937,2.08011,1.70,1.10
2010.11.16 10:14:00.732,2.07953,2.0801,1.10,1.10
2010.11.16 10:14:00.957,2.07932,2.08005,2.30,1.10
2010.11.16 10:14:01.067,2.07937,2.08011,1.50,1.10
2010.11.16 10:14:01.592,2.07954,2.08009,1.10,1.10
2010.11.16 10:14:03.668,2.07957,2.08013,1.10,1.10
2010.11.16 10:14:06.456,2.0795,2.08007,1.10,1.10
2010.11.16 10:14:07.117,2.07934,2.07998,1.30,1.10
2010.11.16 10:14:09.110,2.07931,2.07988,1.10,1.10
2010.11.16 10:14:10.772,2.07916,2.07974,3.60,1.10
2010.11.16 10:14:11.350,2.07911,2.07992,1.10,1.30
2010.11.16 10:14:11.786,2.079,2.0799,1.10,1.10
2010.11.16 10:14:12.356,2.0791,2.07993,1.10,1.10
2010.11.16 10:14:15.006,2.0791,2.07993,1.10,1.30
2010.11.16 10:14:15.445,2.07896,2.07972,1.30,1.10
2010.11.16 10:14:19.817,2.07881,2.07969,1.80,1.10
2010.11.16 10:14:24.340,2.07872,2.07957,1.10,1.10
2010.11.16 10:14:24.666,2.07863,2.0794,4.80,1.10
2010.11.16 10:14:25.328,2.07857,2.07933,1.80,1.10
2010.11.16 10:14:26.228,2.07898,2.07944,1.10,1.10
2010.11.16 10:14:26.446,2.07908,2.07963,1.30,1.10
2010.11.16 10:14:27.026,2.07896,2.07962,1.10,1.10
2010.11.16 10:14:27.560,2.07908,2.07963,1.10,1.10
2010.11.16 10:14:27.670,2.07896,2.07962,1.10,1.10
2010.11.16 10:14:27.777,2.07886,2.07959,1.10,1.10
2010.11.16 10:14:27.997,2.07896,2.07962,1.10,1.10
2010.11.16 10:14:28.326,2.07893,2.07949,1.10,1.10
2010.11.16 10:14:28.436,2.07897,2.07961,1.10,1.10
2010.11.16 10:14:31.579,2.07893,2.07949,1.30,1.10
2010.11.16 10:14:31.688,2.07903,2.07962,1.10,1.10
2010.11.16 10:14:31.909,2.07891,2.07946,1.30,1.10
2010.11.16 10:14:32.235,2.0791,2.07966,1.10,1.50
2010.11.16 10:14:32.347,2.0791,2.07966,1.10,1.10
2010.11.16 10:14:33.892,2.07908,2.07976,1.10,1.50
2010.11.16 10:14:34.437,2.07895,2.0795,1.10,1.10
2010.11.16 10:14:34.767,2.0791,2.07966,1.10,1.10
2010.11.16 10:14:35.096,2.07913,2.07989,1.10,1.50
2010.11.16 10:14:35.429,2.07925,2.0799,1.10,1.50
2010.11.16 10:14:35.796,2.07926,2.08002,1.10,1.10
2010.11.16 10:14:36.125,2.07932,2.08003,1.10,1.10
2010.11.16 10:14:38.549,2.07946,2.08004,1.10,1.10
2010.11.16 10:14:43.507,2.07946,2.08004,1.10,1.10
2010.11.16 10:14:45.476,2.07934,2.07989,1.30,1.10
2010.11.16 10:14:45.806,2.07949,2.08005,1.10,1.10
2010.11.16 10:14:46.026,2.07937,2.08004,1.30,1.10
2010.11.16 10:14:48.916,2.07953,2.08008,1.10,1.10
2010.11.16 10:14:49.577,2.07948,2.08006,1.10,1.10
2010.11.16 10:14:50.148,2.07926,2.08,1.50,1.10
2010.11.16 10:14:50.696,2.07903,2.07996,3.60,1.10
2010.11.16 10:14:50.806,2.07921,2.07979,1.10,1.10
2010.11.16 10:14:51.366,2.07929,2.07984,1.10,1.10
2010.11.16 10:14:51.586,2.07948,2.08003,1.10,1.10
2010.11.16 10:14:51.907,2.07938,2.08002,1.10,1.10
2010.11.16 10:14:52.236,2.07926,2.08,1.30,1.10
2010.11.16 10:14:52.345,2.07938,2.08002,1.10,1.10
2010.11.16 10:14:52.675,2.07938,2.08002,1.10,1.10
2010.11.16 10:14:52.896,2.07935,2.07991,1.10,1.10
2010.11.16 10:14:53.477,2.07941,2.07998,1.10,1.10
2010.11.16 10:14:53.805,2.07948,2.08003,1.10,1.10
2010.11.16 10:14:54.135,2.07949,2.08016,1.10,1.50
2010.11.16 10:14:54.356,2.07947,2.08004,1.10,1.10
2010.11.16 10:14:54.943,2.07938,2.08002,1.10,1.10
2010.11.16 10:14:55.386,2.07925,2.08001,1.30,1.10
2010.11.16 10:14:56.039,2.07925,2.08001,1.10,1.10
2010.11.16 10:14:59.996,2.07936,2.08003,1.10,1.10
2010.11.16 10:15:02.036,2.07936,2.08003,1.10,1.10
2010.11.16 10:15:05.485,2.07938,2.08002,1.10,1.10
2010.11.16 10:15:06.576,2.07938,2.08002,1.10,1.50
2010.11.16 10:15:10.667,2.07927,2.07982,1.10,1.10
2010.11.16 10:15:17.998,2.07926,2.07983,1.10,1.10
2010.11.16 10:15:20.316,2.07937,2.07985,1.10,1.10
2010.11.16 10:15:20.426,2.07927,2.07983,1.10,1.10
2010.11.16 10:15:25.095,2.07926,2.07983,1.10,1.10
2010.11.16 10:15:32.718,2.07918,2.07966,1.10,1.10
2010.11.16 10:15:32.936,2.07927,2.07982,1.30,1.50
2010.11.16 10:15:33.920,2.07925,2.07971,1.10,1.10
2010.11.16 10:15:34.035,2.07926,2.07983,1.10,1.10
2010.11.16 10:15:34.147,2.07915,2.07981,1.30,1.10
2010.11.16 10:15:34.257,2.07913,2.0797,2.00,1.10
2010.11.16 10:15:34.698,2.07913,2.07969,1.10,1.10
2010.11.16 10:15:36.957,2.07914,2.0797,1.10,1.10
2010.11.16 10:15:37.761,2.07891,2.07959,1.40,1.10
2010.11.16 10:15:37.874,2.07878,2.07959,1.70,1.10
2010.11.16 10:15:50.466,2.07885,2.07961,1.30,1.10
2010.11.16 10:15:53.012,2.07885,2.07961,1.10,1.10
2010.11.16 10:15:57.123,2.07883,2.0795,1.10,1.10
2010.11.16 10:15:57.237,2.07872,2.07948,1.10,1.10
2010.11.16 10:15:57.346,2.07883,2.0795,1.10,1.10
2010.11.16 10:16:00.405,2.07872,2.07948,1.10,1.10
2010.11.16 10:16:00.861,2.07883,2.0795,1.10,1.10
2010.11.16 10:16:01.506,2.07872,2.07948,1.10,1.10
2010.11.16 10:16:01.726,2.07883,2.0795,1.10,1.10
2010.11.16 10:16:02.408,2.07873,2.07947,1.10,1.10
2010.11.16 10:16:02.516,2.07883,2.0795,1.10,1.10
2010.11.16 10:16:03.067,2.07883,2.0795,1.10,1.50
2010.11.16 10:16:03.176,2.0787,2.07937,1.30,1.10
2010.11.16 10:16:03.567,2.07872,2.07948,1.10,1.10
2010.11.16 10:16:03.788,2.07871,2.07936,1.30,1.10
2010.11.16 10:16:04.007,2.07872,2.07948,1.10,1.10
2010.11.16 10:16:04.983,2.07871,2.07936,1.30,1.10
2010.11.16 10:16:10.076,2.07873,2.07947,1.10,1.10
2010.11.16 10:16:10.408,2.07871,2.07936,1.10,1.10
2010.11.16 10:16:10.517,2.07872,2.07948,1.10,1.50
2010.11.16 10:16:13.531,2.07883,2.0795,1.10,1.10
2010.11.16 10:16:13.978,2.07873,2.07947,1.10,1.10
2010.11.16 10:16:14.306,2.07884,2.07949,1.10,1.10
2010.11.16 10:16:18.818,2.07906,2.07961,1.10,1.10
2010.11.16 10:16:19.147,2.07909,2.07976,1.10,1.50
2010.11.16 10:16:19.598,2.0791,2.07982,1.10,1.10
2010.11.16 10:16:19.707,2.07901,2.07962,1.10,1.10
2010.11.16 10:16:21.499,2.07911,2.07957,1.10,1.10
2010.11.16 10:16:21.826,2.0792,2.07978,1.10,1.10
2010.11.16 10:16:23.828,2.07909,2.07976,1.30,1.10
2010.11.16 10:16:25.159,2.07899,2.07973,1.10,1.10
2010.11.16 10:16:25.596,2.0791,2.07975,1.10,1.50
2010.11.16 10:16:25.818,2.07888,2.07967,1.30,1.10
2010.11.16 10:16:25.926,2.07888,2.07967,1.10,1.10
2010.11.16 10:16:27.806,2.07904,2.07972,1.10,1.10
2010.11.16 10:16:29.647,2.07898,2.07956,1.10,1.10
2010.11.16 10:16:33.017,2.07892,2.07938,1.10,1.10
2010.11.16 10:16:33.956,2.07902,2.07948,1.10,1.10
2010.11.16 10:16:34.066,2.07913,2.07968,1.10,1.70
2010.11.16 10:16:34.176,2.07917,2.07986,1.10,2.10
2010.11.16 10:16:34.518,2.07913,2.07968,1.10,1.10
2010.11.16 10:16:38.755,2.07911,2.07967,1.10,1.10
2010.11.16 10:16:39.738,2.07904,2.07961,1.10,1.10
2010.11.16 10:16:40.426,2.07894,2.07958,1.50,1.10
2010.11.16 10:16:40.647,2.0791,2.07968,1.10,1.30
2010.11.16 10:16:40.757,2.07899,2.07956,1.10,1.10
2010.11.16 10:16:41.197,2.07906,2.07961,1.10,1.10
2010.11.16 10:16:43.656,2.07913,2.07968,1.10,1.30
2010.11.16 10:16:43.766,2.07895,2.07959,1.50,1.10
2010.11.16 10:16:43.876,2.07895,2.07959,1.10,1.10
2010.11.16 10:16:46.129,2.07883,2.07959,1.10,1.10
2010.11.16 10:16:46.459,2.07881,2.07948,1.10,1.10
2010.11.16 10:16:47.240,2.0788,2.07939,1.10,1.10
2010.11.16 10:16:47.567,2.07884,2.07962,1.10,1.30
2010.11.16 10:16:47.897,2.07878,2.07952,1.10,1.10
2010.11.16 10:16:48.266,2.07894,2.07949,1.10,1.10
2010.11.16 10:16:48.382,2.07883,2.07948,1.10,1.10
2010.11.16 10:16:48.489,2.07901,2.07956,1.10,1.10
2010.11.16 10:16:48.818,2.07891,2.07967,1.10,1.30
2010.11.16 10:16:49.168,2.07885,2.07959,1.10,1.10
2010.11.16 10:16:49.279,2.07881,2.07937,1.10,1.10
2010.11.16 10:16:49.499,2.07883,2.07948,1.10,1.30
2010.11.16 10:16:55.807,2.07885,2.07959,1.10,1.10
2010.11.16 10:16:58.146,2.07886,2.07963,1.10,1.10
2010.11.16 10:16:58.366,2.07886,2.07971,1.10,1.10
2010.11.16 10:17:00.467,2.07898,2.07972,1.10,1.50
2010.11.16 10:17:00.900,2.07886,2.07971,1.10,1.10
2010.11.16 10:17:03.206,2.07898,2.07972,1.10,1.50
2010.11.16 10:17:03.708,2.07893,2.07966,1.10,1.10
2010.11.16 10:17:04.366,2.07904,2.07968,1.10,1.10
2010.11.16 10:17:04.706,2.07915,2.0797,1.10,1.10
2010.11.16 10:17:06.836,2.0792,2.07977,1.10,1.10
2010.11.16 10:17:07.057,2.07914,2.07971,1.10,1.10
2010.11.16 10:17:12.726,2.07911,2.07987,1.10,1.70
2010.11.16 10:17:12.836,2.07911,2.07987,1.10,1.10
2010.11.16 10:17:12.946,2.07911,2.07987,1.10,1.30
2010.11.16 10:17:13.056,2.07896,2.07979,1.70,1.30
2010.11.16 10:17:14.287,2.07881,2.07962,1.10,1.10
2010.11.16 10:17:15.179,2.07908,2.07993,1.10,1.80
2010.11.16 10:17:15.920,2.07897,2.07991,1.50,2.00
2010.11.16 10:17:17.077,2.07894,2.07971,1.10,1.10
2010.11.16 10:17:17.720,2.07882,2.07967,1.10,1.10
2010.11.16 10:17:19.256,2.07881,2.07957,1.10,1.10
2010.11.16 10:17:19.366,2.07883,2.07966,1.10,1.10
2010.11.16 10:17:23.436,2.07887,2.07968,1.10,1.10
2010.11.16 10:17:24.467,2.07886,2.07955,1.10,1.10
2010.11.16 10:17:29.926,2.07877,2.07932,1.10,1.10
2010.11.16 10:17:30.257,2.07889,2.07946,1.10,1.10
2010.11.16 10:17:30.476,2.0788,2.07955,1.10,1.10
2010.11.16 10:17:31.148,2.07893,2.07968,1.10,1.30
2010.11.16 10:17:31.259,2.0788,2.07955,1.10,1.10
2010.11.16 10:17:31.477,2.07879,2.07943,1.10,1.10
2010.11.16 10:17:33.835,2.07863,2.07887,1.40,1.10
2010.11.16 10:17:33.947,2.07849,2.07887,1.90,1.10
2010.11.16 10:17:34.058,2.07849,2.07887,1.50,1.10
2010.11.16 10:17:34.440,2.07828,2.07901,1.10,1.40
2010.11.16 10:17:35.448,2.07828,2.07913,1.30,1.10
2010.11.16 10:17:35.926,2.07842,2.07925,1.30,1.50
2010.11.16 10:17:36.618,2.07851,2.07915,1.10,1.10
2010.11.16 10:17:37.167,2.07864,2.07928,1.10,1.10
2010.11.16 10:17:37.717,2.07853,2.07926,1.10,1.10
2010.11.16 10:17:38.103,2.0785,2.07916,1.10,1.10
2010.11.16 10:17:38.219,2.07855,2.07937,1.10,1.50
2010.11.16 10:17:38.329,2.07855,2.07937,1.10,1.10
2010.11.16 10:17:38.546,2.07852,2.07927,1.10,1.10
2010.11.16 10:17:41.666,2.07852,2.07926,1.10,1.10
2010.11.16 10:17:42.207,2.07838,2.07911,1.50,1.10
2010.11.16 10:17:42.539,2.07842,2.07925,1.10,1.30
2010.11.16 10:17:43.327,2.07836,2.07913,1.10,1.10
2010.11.16 10:17:43.876,2.0783,2.07904,1.10,1.10
2010.11.16 10:17:44.320,2.07837,2.07912,1.10,1.10
2010.11.16 10:17:46.168,2.07827,2.07922,1.30,1.10
2010.11.16 10:17:46.584,2.07827,2.07922,1.30,1.50
2010.11.16 10:17:46.699,2.07812,2.07928,1.40,1.80
2010.11.16 10:17:51.438,2.07812,2.07934,1.40,1.70
2010.11.16 10:17:52.862,2.07831,2.07941,1.10,1.70
2010.11.16 10:17:52.978,2.07837,2.07941,1.30,1.50
2010.11.16 10:17:56.123,2.07797,2.079,3.60,3.00
2010.11.16 10:17:56.370,2.07788,2.079,1.50,2.50
2010.11.16 10:17:57.101,2.07771,2.07881,4.70,2.00
2010.11.16 10:17:57.778,2.07768,2.07873,1.70,1.40
2010.11.16 10:17:58.649,2.07755,2.07866,1.30,3.50
2010.11.16 10:17:59.622,2.07762,2.07866,1.40,1.70
2010.11.16 10:17:59.848,2.07757,2.07868,1.30,2.00
2010.11.16 10:18:00.507,2.07757,2.07868,2.10,2.00
2010.11.16 10:18:02.259,2.07756,2.07867,1.30,1.40
2010.11.16 10:18:02.696,2.07757,2.07868,1.30,1.30
2010.11.16 10:18:04.768,2.07744,2.07855,1.70,2.00
2010.11.16 10:18:05.358,2.07757,2.07872,4.10,1.40
2010.11.16 10:18:05.686,2.07768,2.07872,1.10,1.40
2010.11.16 10:18:06.149,2.07758,2.07869,1.10,3.20
2010.11.16 10:18:07.991,2.0778,2.07873,1.10,1.40
2010.11.16 10:18:08.097,2.0778,2.07881,1.30,1.70
2010.11.16 10:18:08.646,2.07777,2.07892,1.10,3.60
2010.11.16 10:18:09.410,2.07783,2.079,1.50,2.00
2010.11.16 10:18:09.518,2.07788,2.07901,1.30,1.70
2010.11.16 10:18:09.628,2.07788,2.07901,2.00,1.50
2010.11.16 10:18:10.856,2.07802,2.07919,4.00,1.50
2010.11.16 10:18:12.184,2.0781,2.07906,1.70,1.70
2010.11.16 10:18:12.627,2.07803,2.07907,1.10,1.40
2010.11.16 10:18:13.120,2.07811,2.07907,2.00,1.90
2010.11.16 10:18:17.757,2.07821,2.07923,2.00,1.40
2010.11.16 10:18:18.528,2.07821,2.07928,2.00,1.30
2010.11.16 10:18:18.648,2.07826,2.07941,2.00,2.30
2010.11.16 10:18:19.286,2.07824,2.07939,2.00,2.30
2010.11.16 10:18:23.175,2.07824,2.07932,1.30,1.10
2010.11.16 10:18:23.396,2.07823,2.07927,1.40,1.10
2010.11.16 10:18:25.375,2.07855,2.07944,1.40,3.10
2010.11.16 10:18:25.480,2.07854,2.07952,3.00,1.10
2010.11.16 10:18:28.646,2.07836,2.07952,3.60,2.50
2010.11.16 10:18:28.977,2.07821,2.07944,1.40,1.70
2010.11.16 10:18:31.256,2.07825,2.07933,1.30,3.00
2010.11.16 10:18:32.306,2.07821,2.07928,1.40,1.30
2010.11.16 10:18:32.695,2.07808,2.07916,6.60,1.30
2010.11.16 10:18:33.988,2.07807,2.07928,1.40,3.50
2010.11.16 10:18:34.848,2.07817,2.07928,1.70,3.00
2010.11.16 10:18:35.799,2.07803,2.0792,1.10,3.20
2010.11.16 10:18:36.868,2.07822,2.0792,1.50,3.00
2010.11.16 10:18:39.626,2.07825,2.07921,1.10,3.00
2010.11.16 10:18:40.346,2.07808,2.0793,4.10,1.70
2010.11.16 10:18:40.456,2.07808,2.0792,4.10,1.50
2010.11.16 10:18:41.067,2.07808,2.07929,4.50,3.20
2010.11.16 10:18:41.436,2.07808,2.07927,1.70,1.70
2010.11.16 10:18:41.723,2.07823,2.07927,1.10,1.70
2010.11.16 10:18:42.439,2.07829,2.0793,1.10,1.40
2010.11.16 10:18:42.706,2.07829,2.07936,1.30,1.40
2010.11.16 10:18:43.326,2.07829,2.07933,2.00,1.40
2010.11.16 10:18:47.511,2.07835,2.0794,2.50,3.60
2010.11.16 10:18:47.836,2.07839,2.07943,2.00,3.60
2010.11.16 10:18:47.947,2.0784,2.07943,1.40,1.30
2010.11.16 10:18:48.167,2.07841,2.07953,3.50,1.10
2010.11.16 10:18:50.927,2.07853,2.07953,2.00,1.10
2010.11.16 10:18:51.875,2.07853,2.07953,2.00,1.10
2010.11.16 10:18:54.074,2.07854,2.07963,2.00,2.60
2010.11.16 10:18:55.488,2.07846,2.0795,2.00,2.00
2010.11.16 10:18:55.927,2.07842,2.07945,1.40,2.00
2010.11.16 10:18:56.746,2.07837,2.07945,1.70,2.00
2010.11.16 10:19:00.168,2.07842,2.07945,1.40,1.10
2010.11.16 10:19:00.276,2.07842,2.07953,1.40,2.90
2010.11.16 10:19:00.607,2.07848,2.07955,2.00,1.60
2010.11.16 10:19:00.718,2.0786,2.07969,2.50,1.70
2010.11.16 10:19:01.353,2.07872,2.07975,2.50,4.70
2010.11.16 10:19:01.604,2.07872,2.07978,2.50,1.30
2010.11.16 10:19:11.365,2.07877,2.07995,1.10,1.70
2010.11.16 10:19:14.077,2.07875,2.07996,4.00,3.40
2010.11.16 10:19:20.647,2.07874,2.07982,2.80,1.10
2010.11.16 10:19:21.446,2.07872,2.07979,1.70,2.00
2010.11.16 10:19:23.254,2.07867,2.07967,1.10,1.40
2010.11.16 10:19:23.697,2.07865,2.07962,1.40,1.10
2010.11.16 10:19:24.212,2.07865,2.07963,1.40,1.10
2010.11.16 10:19:24.757,2.07866,2.07962,1.40,2.00
2010.11.16 10:19:25.198,2.07868,2.07972,2.00,1.80
2010.11.16 10:19:25.552,2.07868,2.07972,1.30,1.10
2010.11.16 10:19:25.771,2.07855,2.07959,2.00,2.00
2010.11.16 10:19:26.029,2.07866,2.07952,1.40,1.30
2010.11.16 10:19:26.929,2.0786,2.07962,4.70,2.00
2010.11.16 10:19:27.147,2.07865,2.07963,1.40,1.10
2010.11.16 10:19:27.477,2.07863,2.07971,2.10,2.00
2010.11.16 10:19:27.807,2.07863,2.07945,1.50,2.00
2010.11.16 10:19:28.179,2.07847,2.07953,1.50,2.00
2010.11.16 10:19:28.516,2.07847,2.07953,2.50,2.00
2010.11.16 10:19:28.846,2.07869,2.07924,1.10,1.10
2010.11.16 10:19:31.277,2.0786,2.07908,1.10,1.10
2010.11.16 10:19:37.117,2.07865,2.07913,1.10,1.10
2010.11.16 10:19:38.456,2.07873,2.07918,1.10,1.10
2010.11.16 10:19:39.540,2.07883,2.07949,1.10,1.80
2010.11.16 10:19:39.648,2.07883,2.07943,1.10,1.40
2010.11.16 10:19:40.027,2.07894,2.07949,1.10,1.50
2010.11.16 10:19:40.137,2.07894,2.07949,1.10,1.10
2010.11.16 10:19:40.247,2.07883,2.07949,1.10,1.10
2010.11.16 10:19:42.018,2.0787,2.07936,1.10,1.10
2010.11.16 10:19:42.237,2.07868,2.07925,1.50,1.10
2010.11.16 10:19:42.912,2.07867,2.07916,1.10,1.10
2010.11.16 10:19:43.126,2.07868,2.07925,1.10,1.10
2010.11.16 10:19:57.218,2.07867,2.07913,1.10,1.10
2010.11.16 10:20:02.957,2.07855,2.07912,1.10,1.10
2010.11.16 10:20:03.286,2.07853,2.07901,1.10,1.10
2010.11.16 10:20:04.188,2.07848,2.07894,1.10,1.30
2010.11.16 10:20:07.136,2.07843,2.07891,1.10,1.10
2010.11.16 10:20:08.188,2.07837,2.07884,1.10,1.30
2010.11.16 10:20:08.956,2.07828,2.07875,1.10,1.10
2010.11.16 10:20:09.288,2.07818,2.07872,1.10,1.10
2010.11.16 10:20:09.507,2.07812,2.07871,1.10,1.10
2010.11.16 10:20:13.706,2.07817,2.07873,1.10,2.00
2010.11.16 10:20:13.927,2.07817,2.07873,1.10,1.30
2010.11.16 10:20:14.036,2.07799,2.07847,1.70,1.10
2010.11.16 10:20:14.489,2.07802,2.0787,1.10,1.10
2010.11.16 10:20:17.229,2.07802,2.0787,1.10,1.30
2010.11.16 10:20:17.557,2.07791,2.07848,1.10,1.10
2010.11.16 10:20:22.926,2.07771,2.07837,1.50,1.10
2010.11.16 10:20:23.146,2.07771,2.07837,1.10,2.00
2010.11.16 10:20:23.710,2.07745,2.0781,1.10,1.10
2010.11.16 10:20:25.726,2.07756,2.07811,1.10,1.10
2010.11.16 10:20:26.059,2.07762,2.07819,1.10,1.10
2010.11.16 10:20:26.621,2.07781,2.07838,1.10,1.50
2010.11.16 10:20:26.728,2.0777,2.07836,1.50,1.10
2010.11.16 10:20:30.087,2.07773,2.07836,1.10,1.10
2010.11.16 10:20:31.878,2.07764,2.07819,1.10,1.10
2010.11.16 10:20:32.098,2.07743,2.0781,1.10,1.10
2010.11.16 10:20:33.877,2.07735,2.07792,1.10,1.10
2010.11.16 10:20:34.456,2.07741,2.07799,1.10,1.10
2010.11.16 10:20:34.787,2.07735,2.07796,1.10,1.10
2010.11.16 10:20:36.966,2.07721,2.07794,1.10,1.10
2010.11.16 10:20:39.187,2.07735,2.07796,1.10,1.10
2010.11.16 10:20:39.906,2.0772,2.07795,1.10,1.10
2010.11.16 10:20:48.861,2.07734,2.07797,1.10,1.30
2010.11.16 10:20:48.970,2.07727,2.07779,1.10,1.10
2010.11.16 10:20:49.297,2.07734,2.07797,1.10,1.50
2010.11.16 10:20:49.407,2.07734,2.07797,1.10,1.10
2010.11.16 10:20:49.626,2.07744,2.07801,1.10,1.10
2010.11.16 10:20:49.956,2.07734,2.07797,1.10,1.10
2010.11.16 10:20:51.887,2.07745,2.078,1.10,1.10
2010.11.16 10:20:52.228,2.07734,2.07797,1.10,1.10
2010.11.16 10:20:57.708,2.07737,2.07797,1.10,1.10
2010.11.16 10:20:59.387,2.07745,2.07802,1.10,1.10
2010.11.16 10:21:00.261,2.07717,2.07784,1.10,1.10
2010.11.16 10:21:00.479,2.07734,2.07784,1.40,1.10
2010.11.16 10:21:00.587,2.07761,2.07814,1.10,1.50
2010.11.16 10:21:00.699,2.07736,2.07791,1.50,1.10
2010.11.16 10:21:00.808,2.07736,2.07791,1.10,1.10
2010.11.16 10:21:01.176,2.07742,2.07798,1.10,1.10
2010.11.16 10:21:01.296,2.07743,2.0781,1.10,1.10
2010.11.16 10:21:04.126,2.07744,2.07799,1.10,1.10
2010.11.16 10:21:05.499,2.07745,2.0781,1.10,1.10
2010.11.16 10:21:05.614,2.07737,2.07794,1.10,1.10
2010.11.16 10:21:06.627,2.07745,2.0781,1.10,1.10
2010.11.16 10:21:07.066,2.07738,2.07793,1.10,1.10
2010.11.16 10:21:10.206,2.07736,2.07782,1.10,1.10
2010.11.16 10:21:10.928,2.07738,2.07793,1.10,1.10
2010.11.16 10:21:11.258,2.07735,2.07783,1.10,1.10
2010.11.16 10:21:11.683,2.07737,2.07794,1.10,1.10
2010.11.16 10:21:13.429,2.07737,2.07794,1.10,1.50
2010.11.16 10:21:13.647,2.07608,2.07732,1.10,1.10
2010.11.16 10:21:13.977,2.07605,2.07727,1.40,1.40
2010.11.16 10:21:14.433,2.07599,2.07703,2.90,4.00
2010.11.16 10:21:14.658,2.07605,2.07686,1.40,1.50
2010.11.16 10:21:14.767,2.07605,2.07703,1.40,4.00
2010.11.16 10:21:18.281,2.07605,2.07702,1.40,4.00
2010.11.16 10:21:18.787,2.07628,2.07683,1.10,1.30
2010.11.16 10:21:20.456,2.07606,2.07679,1.70,1.10
2010.11.16 10:21:20.567,2.07606,2.07679,1.30,1.10
2010.11.16 10:21:21.437,2.07603,2.07669,1.50,1.10
2010.11.16 10:21:21.987,2.07605,2.0768,1.10,1.10
2010.11.16 10:21:22.538,2.07604,2.07669,1.10,1.10
2010.11.16 10:21:23.689,2.07604,2.07669,2.00,1.10
2010.11.16 10:21:23.797,2.07631,2.07679,1.10,1.10
2010.11.16 10:21:24.018,2.07619,2.07665,1.10,1.10
2010.11.16 10:21:24.506,2.07626,2.07672,1.10,1.10
2010.11.16 10:21:26.727,2.07627,2.07681,1.10,1.10
2010.11.16 10:21:28.287,2.07617,2.07681,1.10,1.10
2010.11.16 10:21:28.616,2.07628,2.07683,1.10,1.10
2010.11.16 10:21:38.977,2.07645,2.07691,1.10,1.30
2010.11.16 10:21:39.196,2.07628,2.07683,1.10,1.10
2010.11.16 10:21:44.937,2.07609,2.0768,1.40,1.10
2010.11.16 10:21:45.046,2.07605,2.0768,1.30,1.30
2010.11.16 10:21:45.343,2.07605,2.0768,1.10,1.30
2010.11.16 10:21:54.457,2.07604,2.07668,1.10,1.30
2010.11.16 10:21:54.676,2.07592,2.07658,1.10,1.10
2010.11.16 10:21:54.787,2.07603,2.07669,1.10,1.50
2010.11.16 10:21:56.347,2.07592,2.07658,1.50,1.10
2010.11.16 10:21:56.719,2.07603,2.07669,1.10,1.50
2010.11.16 10:21:58.596,2.07592,2.07658,1.10,1.10
2010.11.16 10:21:58.719,2.07604,2.07668,1.10,1.10
2010.11.16 10:22:00.186,2.07592,2.07658,1.10,1.10
2010.11.16 10:22:03.897,2.07592,2.07655,1.10,1.40
2010.11.16 10:22:04.820,2.07579,2.07645,1.10,1.10
2010.11.16 10:22:05.040,2.07579,2.07645,1.10,1.70
2010.11.16 10:22:05.259,2.07563,2.07646,1.40,1.10
2010.11.16 10:22:05.368,2.07579,2.07652,1.10,1.30
2010.11.16 10:22:05.691,2.07561,2.07646,1.50,1.30
2010.11.16 10:22:05.799,2.07578,2.07653,1.10,1.10
2010.11.16 10:22:07.667,2.07577,2.07641,1.10,1.10
2010.11.16 10:22:13.067,2.07577,2.07641,1.10,1.30
2010.11.16 10:22:13.399,2.07573,2.07619,1.10,1.10
2010.11.16 10:22:13.511,2.07576,2.07642,1.10,1.50
2010.11.16 10:22:13.617,2.07576,2.07642,1.10,1.10
2010.11.16 10:22:19.182,2.07575,2.0763,1.10,1.10
2010.11.16 10:22:25.337,2.07577,2.07641,1.10,1.10
2010.11.16 10:22:27.970,2.07576,2.07642,1.10,1.10
2010.11.16 10:22:30.076,2.07586,2.07643,1.10,1.10
2010.11.16 10:22:31.171,2.07604,2.0765,1.10,1.30
2010.11.16 10:22:31.496,2.07585,2.07644,1.10,1.10
2010.11.16 10:22:31.869,2.07596,2.07657,1.10,1.40
2010.11.16 10:22:32.088,2.07596,2.07662,1.10,1.10
2010.11.16 10:22:34.648,2.07586,2.07661,1.10,1.10
2010.11.16 10:22:35.339,2.07596,2.07662,1.10,1.10
2010.11.16 10:22:36.442,2.07608,2.07665,1.10,1.10
2010.11.16 10:22:36.633,2.07588,2.07661,1.10,1.10
2010.11.16 10:22:37.870,2.07585,2.07649,1.10,1.10
2010.11.16 10:22:41.567,2.07586,2.0765,1.10,1.10
2010.11.16 10:22:42.948,2.07599,2.07654,1.10,1.10
2010.11.16 10:22:44.779,2.07585,2.07651,1.10,1.10
2010.11.16 10:22:46.966,2.07586,2.0765,1.10,1.10
2010.11.16 10:22:49.556,2.07599,2.07654,1.10,1.10
2010.11.16 10:22:53.379,2.07585,2.07651,1.10,1.10
2010.11.16 10:22:55.066,2.07598,2.07655,1.10,1.10
2010.11.16 10:22:55.471,2.07586,2.0765,1.10,1.10
2010.11.16 10:22:59.206,2.07598,2.07655,1.10,1.10
2010.11.16 10:23:00.647,2.07606,2.07663,1.10,1.30
2010.11.16 10:23:00.756,2.07587,2.07651,1.10,1.10
2010.11.16 10:23:00.866,2.07598,2.07655,1.10,1.10
2010.11.16 10:23:01.102,2.07587,2.07651,1.10,1.10
2010.11.16 10:23:01.352,2.07599,2.07654,1.10,1.10
2010.11.16 10:23:02.707,2.07585,2.07651,1.10,1.10
2010.11.16 10:23:03.726,2.07578,2.07633,1.10,1.10
2010.11.16 10:23:04.166,2.07586,2.0765,1.10,1.10
2010.11.16 10:23:04.350,2.07572,2.07638,1.10,1.10
2010.11.16 10:23:04.459,2.07575,2.07648,1.10,1.50
2010.11.16 10:23:06.227,2.07565,2.07623,1.10,1.10
2010.11.16 10:23:06.879,2.07571,2.07637,1.10,1.10
2010.11.16 10:23:09.429,2.07565,2.07623,1.10,1.10
2010.11.16 10:23:10.439,2.0755,2.07607,1.10,1.10
2010.11.16 10:23:10.547,2.07549,2.07615,1.10,1.10
2010.11.16 10:23:10.813,2.07557,2.07617,1.10,1.10
2010.11.16 10:23:15.429,2.07565,2.0763,1.10,1.10
2010.11.16 10:23:15.648,2.07555,2.0761,1.10,1.10
2010.11.16 10:23:15.986,2.07559,2.07624,1.10,1.10
2010.11.16 10:23:16.197,2.07549,2.07634,1.30,1.10
2010.11.16 10:23:16.528,2.07561,2.07635,1.10,1.10
2010.11.16 10:23:20.007,2.07556,2.07614,1.10,1.10
2010.11.16 10:23:23.647,2.07564,2.07619,1.10,1.10
2010.11.16 10:23:24.198,2.07571,2.07631,1.10,1.10
2010.11.16 10:23:28.918,2.07586,2.07634,1.10,1.10
2010.11.16 10:23:30.632,2.07587,2.07633,1.10,1.10
2010.11.16 10:23:31.206,2.07575,2.07632,1.10,1.10
2010.11.16 10:23:46.586,2.07575,2.07632,1.10,1.30
2010.11.16 10:23:46.698,2.07559,2.07624,1.50,1.10
2010.11.16 10:23:46.809,2.07559,2.07624,1.10,1.10
2010.11.16 10:23:49.485,2.07559,2.07624,1.30,1.10
2010.11.16 10:23:49.598,2.07575,2.07632,1.10,1.10
2010.11.16 10:23:50.638,2.07589,2.07636,1.10,1.10
2010.11.16 10:23:53.068,2.07583,2.07631,1.10,1.10
2010.11.16 10:23:53.177,2.0759,2.07635,1.10,1.10
2010.11.16 10:23:53.617,2.07583,2.07629,1.10,1.10
2010.11.16 10:23:56.338,2.07582,2.0763,1.10,1.10
2010.11.16 10:23:57.238,2.07603,2.07651,1.10,1.50
2010.11.16 10:23:57.569,2.07593,2.0764,1.10,1.10
2010.11.16 10:23:57.682,2.07599,2.07647,1.10,1.10
2010.11.16 10:23:58.019,2.07601,2.07658,1.10,1.10
2010.11.16 10:23:58.440,2.07598,2.07646,1.30,1.10
2010.11.16 10:24:00.127,2.0759,2.07638,1.30,1.10
2010.11.16 10:24:03.616,2.07598,2.07646,1.10,1.10
2010.11.16 10:24:08.367,2.07598,2.07646,1.30,1.10
2010.11.16 10:24:10.868,2.07601,2.07657,1.10,1.10
2010.11.16 10:24:11.456,2.07587,2.0766,1.30,1.10
2010.11.16 10:24:12.516,2.07595,2.07652,1.10,1.10
2010.11.16 10:24:15.207,2.07585,2.07649,1.10,1.10
2010.11.16 10:24:16.157,2.07582,2.07639,1.10,1.10
2010.11.16 10:24:21.821,2.07599,2.07645,1.10,1.10
2010.11.16 10:24:22.148,2.07581,2.07626,1.10,1.10
2010.11.16 10:24:22.257,2.07586,2.07634,1.10,1.10
2010.11.16 10:24:22.589,2.07574,2.07628,1.10,1.10
2010.11.16 10:24:24.796,2.07576,2.0764,1.10,1.10
2010.11.16 10:24:25.127,2.07576,2.07631,1.10,1.10
2010.11.16 10:24:27.430,2.07584,2.07632,1.10,1.10
2010.11.16 10:24:29.601,2.07576,2.07631,1.10,1.10
2010.11.16 10:24:30.318,2.07559,2.07624,1.10,1.10
2010.11.16 10:24:31.746,2.07558,2.07614,1.10,1.10
2010.11.16 10:24:32.539,2.07559,2.07624,1.10,1.10
2010.11.16 10:24:33.374,2.07572,2.07638,1.10,1.10
2010.11.16 10:24:33.481,2.07584,2.07641,1.10,1.10
2010.11.16 10:24:33.588,2.07573,2.07637,1.10,1.10
2010.11.16 10:24:33.917,2.07582,2.07639,1.10,1.10
2010.11.16 10:24:34.508,2.0757,2.07625,1.10,1.10
2010.11.16 10:24:34.726,2.07559,2.07624,1.10,1.10
2010.11.16 10:24:36.647,2.07547,2.07623,1.10,1.10
2010.11.16 10:24:36.977,2.07558,2.07625,1.10,1.10
2010.11.16 10:24:37.896,2.07561,2.07635,1.10,1.50
2010.11.16 10:24:38.668,2.07561,2.07635,1.30,1.10
2010.11.16 10:24:38.997,2.07583,2.07638,1.10,1.10
2010.11.16 10:24:39.727,2.07571,2.07637,1.10,1.10
2010.11.16 10:24:40.057,2.07559,2.07624,1.80,1.10
2010.11.16 10:24:41.537,2.07559,2.07624,1.10,1.10
2010.11.16 10:24:44.348,2.0756,2.07636,1.10,1.70
2010.11.16 10:24:47.478,2.0756,2.07636,1.70,1.10
2010.11.16 10:24:47.911,2.07561,2.07635,1.10,1.10
2010.11.16 10:24:48.018,2.07558,2.07625,1.10,1.10
2010.11.16 10:24:48.347,2.07575,2.07632,1.10,1.10
2010.11.16 10:24:48.567,2.07559,2.07624,1.50,1.10
2010.11.16 10:24:48.677,2.07576,2.07631,1.10,1.10
2010.11.16 10:24:49.129,2.07558,2.07625,1.10,1.10
2010.11.16 10:24:55.948,2.07558,2.07625,1.30,1.10
2010.11.16 10:24:56.166,2.07575,2.07632,1.10,1.10
2010.11.16 10:24:58.177,2.07586,2.07634,1.10,1.10
2010.11.16 10:25:00.267,2.07589,2.07645,1.10,1.10
2010.11.16 10:25:00.928,2.07606,2.07652,1.10,1.30
2010.11.16 10:25:01.037,2.07589,2.07645,1.10,1.10
2010.11.16 10:25:05.328,2.07586,2.07634,1.10,1.10
2010.11.16 10:25:06.017,2.07576,2.07631,1.10,1.10
2010.11.16 10:25:07.186,2.07567,2.07629,1.10,1.10
2010.11.16 10:25:10.896,2.07565,2.07629,1.10,1.10
2010.11.16 10:25:12.978,2.0757,2.07631,1.10,1.10
2010.11.16 10:25:16.996,2.07575,2.07623,1.10,1.10
2010.11.16 10:25:18.448,2.07576,2.07631,1.10,1.10
2010.11.16 10:25:19.226,2.07575,2.07623,1.10,1.10
2010.11.16 10:25:19.447,2.07562,2.07619,1.10,1.10
2010.11.16 10:25:19.667,2.07562,2.07619,1.10,1.70
2010.11.16 10:25:19.976,2.07554,2.07602,1.10,1.10
2010.11.16 10:25:20.598,2.07541,2.07594,1.50,1.10
2010.11.16 10:25:20.927,2.07537,2.07585,1.10,1.10
2010.11.16 10:25:22.120,2.07541,2.07594,1.10,1.10
2010.11.16 10:25:24.950,2.07538,2.07592,1.10,1.10
2010.11.16 10:25:27.278,2.07541,2.07594,1.10,1.10
2010.11.16 10:25:27.997,2.07548,2.07594,1.10,1.10
2010.11.16 10:25:28.328,2.07549,2.07606,1.10,1.10
2010.11.16 10:25:28.767,2.07542,2.07588,1.10,1.10
2010.11.16 10:25:28.987,2.07543,2.07605,1.10,1.50
2010.11.16 10:25:29.207,2.07542,2.07588,1.10,1.10
2010.11.16 10:25:29.534,2.0755,2.07605,1.10,1.30
2010.11.16 10:25:29.638,2.0755,2.07605,1.10,1.10
2010.11.16 10:25:30.458,2.07541,2.07589,1.10,1.10
2010.11.16 10:25:30.677,2.07549,2.07606,1.10,1.50
2010.11.16 10:25:32.107,2.07542,2.07588,1.30,1.10
2010.11.16 10:25:32.438,2.07549,2.07603,1.10,1.40
2010.11.16 10:25:32.657,2.07549,2.07606,1.10,1.10
2010.11.16 10:25:33.256,2.0755,2.07605,1.10,1.10
2010.11.16 10:25:33.477,2.07552,2.07616,1.10,1.10
2010.11.16 10:25:36.309,2.0755,2.07605,1.10,1.10
2010.11.16 10:25:45.090,2.07549,2.07606,1.10,1.10
2010.11.16 10:25:50.598,2.07549,2.07606,1.10,1.30
2010.11.16 10:25:50.927,2.07541,2.07589,1.30,1.10
2010.11.16 10:25:51.147,2.07561,2.07607,1.10,1.10
2010.11.16 10:25:53.458,2.07555,2.07601,1.10,1.10
2010.11.16 10:25:55.167,2.07561,2.07607,1.10,1.10
2010.11.16 10:25:58.519,2.07561,2.07607,1.30,1.10
2010.11.16 10:25:58.631,2.07571,2.07626,1.10,1.10
2010.11.16 10:26:01.098,2.07577,2.07634,1.10,1.10
2010.11.16 10:26:01.538,2.07585,2.07645,1.10,1.50
2010.11.16 10:26:02.677,2.07573,2.07644,1.10,1.10
2010.11.16 10:26:03.007,2.07584,2.07646,1.10,1.10
2010.11.16 10:26:03.454,2.07573,2.07637,1.10,1.10
2010.11.16 10:26:05.657,2.07573,2.07644,1.10,1.10
2010.11.16 10:26:05.987,2.07584,2.07646,1.10,1.10
2010.11.16 10:26:06.977,2.07582,2.07637,1.10,1.10
2010.11.16 10:26:07.306,2.07585,2.07645,1.10,1.10
2010.11.16 10:26:07.527,2.0758,2.07636,1.10,1.10
2010.11.16 10:26:11.616,2.07584,2.07646,1.10,1.10
2010.11.16 10:26:11.947,2.07588,2.07658,1.10,1.10
2010.11.16 10:26:12.718,2.07587,2.07642,1.10,1.10
2010.11.16 10:26:13.047,2.07586,2.07634,1.10,1.10
2010.11.16 10:26:13.590,2.07588,2.07645,1.10,1.10
2010.11.16 10:26:17.718,2.07587,2.07642,1.10,1.10
2010.11.16 10:26:19.130,2.07598,2.07661,1.10,1.30
2010.11.16 10:26:19.239,2.07588,2.07641,1.30,1.10
2010.11.16 10:26:20.030,2.07599,2.07663,1.10,1.10
2010.11.16 10:26:20.987,2.07596,2.07653,1.10,1.10
2010.11.16 10:26:22.528,2.07599,2.0766,1.10,1.10
2010.11.16 10:26:23.438,2.07588,2.07658,1.10,1.10
2010.11.16 10:26:23.766,2.07596,2.07653,1.10,1.10
2010.11.16 10:26:24.258,2.07599,2.0766,1.10,1.10
2010.11.16 10:26:26.878,2.07596,2.07653,1.10,1.10
2010.11.16 10:26:28.941,2.07594,2.07651,1.10,1.10
2010.11.16 10:26:29.048,2.07584,2.07646,1.10,1.10
2010.11.16 10:26:29.157,2.07591,2.07646,1.10,1.10
2010.11.16 10:26:29.579,2.07585,2.07645,1.10,1.10
2010.11.16 10:26:30.081,2.07584,2.07639,1.10,1.10
2010.11.16 10:26:31.038,2.07585,2.07645,1.10,1.10
2010.11.16 10:26:31.491,2.0758,2.07636,1.10,1.10
2010.11.16 10:26:33.708,2.07585,2.07645,1.10,1.10
2010.11.16 10:26:35.957,2.07582,2.07637,1.10,1.10
2010.11.16 10:26:36.517,2.07585,2.07649,1.10,1.10
2010.11.16 10:26:36.957,2.07583,2.0764,1.10,1.10
2010.11.16 10:26:39.158,2.07586,2.07648,1.10,1.10
2010.11.16 10:26:39.766,2.07582,2.07637,1.10,1.10
2010.11.16 10:26:40.717,2.07563,2.07631,1.70,1.10
2010.11.16 10:26:41.169,2.07582,2.07637,1.10,1.10
2010.11.16 10:26:41.279,2.07571,2.07634,1.10,1.10
2010.11.16 10:26:41.608,2.07561,2.07615,1.10,1.10
2010.11.16 10:26:44.968,2.07573,2.0763,1.30,1.10
2010.11.16 10:26:45.078,2.07576,2.0764,1.10,1.10
2010.11.16 10:26:45.481,2.07575,2.0761,1.10,1.40
2010.11.16 10:26:45.589,2.07535,2.07592,1.80,1.10
2010.11.16 10:26:45.697,2.07533,2.07605,1.80,1.70
2010.11.16 10:26:49.167,2.07533,2.07609,1.80,1.30
2010.11.16 10:26:49.282,2.0753,2.07586,1.10,1.10
2010.11.16 10:26:49.607,2.07534,2.07608,1.10,1.50
2010.11.16 10:26:49.891,2.07534,2.07608,1.10,1.10
2010.11.16 10:26:50.327,2.07533,2.07609,1.10,1.10
2010.11.16 10:26:51.488,2.0755,2.07616,1.10,1.10
2010.11.16 10:26:52.231,2.0756,2.07629,1.10,1.80
2010.11.16 10:26:54.338,2.07561,2.07635,1.10,1.10
2010.11.16 10:26:54.887,2.07559,2.07624,1.10,1.10
2010.11.16 10:27:01.167,2.07557,2.07613,1.10,1.10
2010.11.16 10:27:02.988,2.07552,2.07607,1.10,1.10
2010.11.16 10:27:08.206,2.07533,2.07588,1.10,1.10
2010.11.16 10:27:08.634,2.0753,2.07603,1.30,1.10
2010.11.16 10:27:08.748,2.07541,2.07605,1.10,1.10
2010.11.16 10:27:12.857,2.07535,2.0759,1.30,1.10
2010.11.16 10:27:18.831,2.07539,2.07602,1.10,1.10
2010.11.16 10:27:19.377,2.07531,2.07586,1.30,1.10
2010.11.16 10:27:19.597,2.07537,2.07594,1.10,1.10
2010.11.16 10:27:19.939,2.07531,2.07586,1.30,1.10
2010.11.16 10:27:20.268,2.07525,2.0758,1.30,1.10
2010.11.16 10:27:20.379,2.07525,2.0758,1.10,1.10
2010.11.16 10:27:26.456,2.07524,2.07581,1.10,1.10
2010.11.16 10:27:27.958,2.07517,2.07572,1.30,1.10
2010.11.16 10:27:28.397,2.07525,2.0758,1.10,1.10
2010.11.16 10:27:28.671,2.07516,2.07573,1.10,1.10
2010.11.16 10:27:28.781,2.07524,2.07581,1.10,1.10
2010.11.16 10:27:29.967,2.07506,2.07573,1.30,1.10
2010.11.16 10:27:30.282,2.07507,2.07562,1.10,1.10
2010.11.16 10:27:30.500,2.07512,2.07569,1.10,1.10
2010.11.16 10:27:30.718,2.07506,2.07563,1.10,1.10
2010.11.16 10:27:32.679,2.0752,2.07575,1.10,1.50
2010.11.16 10:27:33.378,2.07513,2.07568,1.10,1.10
2010.11.16 10:27:35.078,2.07514,2.07577,1.10,1.10
2010.11.16 10:27:35.627,2.07511,2.07566,1.10,1.10
2010.11.16 10:27:37.088,2.07515,2.07572,1.10,1.10
2010.11.16 10:27:38.537,2.07507,2.07564,1.10,1.10
2010.11.16 10:27:39.207,2.07496,2.07552,1.30,1.10
2010.11.16 10:27:39.567,2.07502,2.07559,1.10,1.10
2010.11.16 10:27:39.789,2.07494,2.07549,1.10,1.10
2010.11.16 10:27:41.939,2.07501,2.07561,1.10,1.10
2010.11.16 10:27:45.966,2.07512,2.07569,1.10,1.10
2010.11.16 10:27:46.450,2.07514,2.0758,1.10,1.10
2010.11.16 10:27:52.407,2.07513,2.07568,1.10,1.10
2010.11.16 10:27:57.748,2.07513,2.07568,1.30,1.10
2010.11.16 10:27:58.196,2.0755,2.07576,1.40,1.10
2010.11.16 10:27:58.315,2.07576,2.0765,1.30,2.00
2010.11.16 10:27:58.540,2.07599,2.07654,1.10,1.30
2010.11.16 10:27:58.981,2.07603,2.07677,1.30,2.00
2010.11.16 10:27:59.198,2.07603,2.07677,1.10,1.10
2010.11.16 10:28:00.415,2.07683,2.07702,1.10,3.40
2010.11.16 10:28:00.530,2.07683,2.07702,1.10,3.00
2010.11.16 10:28:00.751,2.07683,2.07729,1.30,1.10
2010.11.16 10:28:00.858,2.07706,2.07763,1.10,1.10
2010.11.16 10:28:03.047,2.07699,2.07756,1.10,1.10
2010.11.16 10:28:03.600,2.0769,2.07766,1.10,1.10
2010.11.16 10:28:03.930,2.0772,2.07777,1.10,1.10
2010.11.16 10:28:04.148,2.07699,2.07773,1.40,1.10
2010.11.16 10:28:04.373,2.07697,2.07773,1.10,1.10
2010.11.16 10:28:04.698,2.0769,2.07764,1.30,1.10
2010.11.16 10:28:05.140,2.07698,2.07772,1.10,1.10
2010.11.16 10:28:05.577,2.07694,2.07749,1.10,1.10
2010.11.16 10:28:07.720,2.07691,2.07746,1.10,1.10
2010.11.16 10:28:08.281,2.07695,2.07761,1.10,1.10
2010.11.16 10:28:09.854,2.07698,2.07771,1.10,1.10
2010.11.16 10:28:10.307,2.07698,2.07771,1.10,2.00
2010.11.16 10:28:10.967,2.07695,2.07761,1.10,1.10
2010.11.16 10:28:11.077,2.07697,2.07772,1.10,1.70
2010.11.16 10:28:12.009,2.07696,2.0776,1.10,1.10
2010.11.16 10:28:12.455,2.07712,2.07769,1.10,1.10
2010.11.16 10:28:15.898,2.07705,2.07761,2.00,1.10
2010.11.16 10:28:16.118,2.07735,2.07783,1.10,1.10
2010.11.16 10:28:16.459,2.07695,2.07741,1.10,1.10
2010.11.16 10:28:17.228,2.07689,2.07737,2.00,1.10
2010.11.16 10:28:17.449,2.077,2.07755,1.10,1.50
2010.11.16 10:28:17.887,2.077,2.07755,1.10,1.10
2010.11.16 10:28:18.437,2.0773,2.07776,1.10,1.50
2010.11.16 10:28:18.547,2.0773,2.07776,1.10,1.10
2010.11.16 10:28:18.767,2.0773,2.07776,1.10,2.00
2010.11.16 10:28:18.878,2.07703,2.07779,1.30,2.00
2010.11.16 10:28:19.147,2.07713,2.07779,1.40,1.10
2010.11.16 10:28:19.479,2.07727,2.07782,1.10,1.30
2010.11.16 10:28:19.588,2.0772,2.07777,1.10,1.30
2010.11.16 10:28:23.528,2.07718,2.07773,1.10,1.10
2010.11.16 10:28:24.703,2.07735,2.07781,1.10,1.10
2010.11.16 10:28:25.029,2.07744,2.07801,1.10,1.10
2010.11.16 10:28:26.494,2.07728,2.07783,1.10,1.10
2010.11.16 10:28:26.926,2.07707,2.07764,1.90,1.10
2010.11.16 10:28:27.087,2.0773,2.07805,1.10,2.30
2010.11.16 10:28:27.745,2.0773,2.07805,1.10,1.50
2010.11.16 10:28:27.847,2.07728,2.07821,1.10,1.10
2010.11.16 10:28:27.958,2.07726,2.0781,1.10,1.10
2010.11.16 10:28:30.039,2.07714,2.07809,1.80,1.10
2010.11.16 10:28:31.383,2.07713,2.07802,1.80,1.10
2010.11.16 10:28:31.500,2.07715,2.07808,1.80,1.10
2010.11.16 10:28:35.089,2.07713,2.07802,1.80,1.10
2010.11.16 10:28:35.397,2.07711,2.07789,1.80,1.10
2010.11.16 10:28:35.874,2.077,2.07784,2.60,1.10
2010.11.16 10:28:36.211,2.07698,2.07773,1.10,1.10
2010.11.16 10:28:39.960,2.07698,2.07773,1.30,1.10
2010.11.16 10:28:40.287,2.0772,2.07778,1.10,1.10
2010.11.16 10:28:43.332,2.07722,2.07779,1.10,1.10
2010.11.16 10:28:46.559,2.07722,2.07779,2.00,1.10
2010.11.16 10:28:46.670,2.0773,2.07825,1.30,3.60
2010.11.16 10:28:46.778,2.07727,2.07801,1.10,1.10
2010.11.16 10:28:50.158,2.07726,2.07805,1.10,1.10
2010.11.16 10:28:54.579,2.07721,2.07796,1.10,1.10
2010.11.16 10:28:57.869,2.07725,2.07806,1.10,1.10
2010.11.16 10:28:58.938,2.07721,2.07796,1.10,1.10
2010.11.16 10:29:02.142,2.07721,2.07796,1.10,1.10
2010.11.16 10:29:03.249,2.07715,2.07791,1.10,1.50
2010.11.16 10:29:03.359,2.07693,2.07778,1.50,1.10
2010.11.16 10:29:03.577,2.07672,2.07776,1.10,1.10
2010.11.16 10:29:03.927,2.0767,2.07766,1.50,1.10
2010.11.16 10:29:04.480,2.07648,2.0775,3.00,1.10
2010.11.16 10:29:05.142,2.07653,2.07717,1.10,1.10
2010.11.16 10:29:05.248,2.07642,2.07716,1.10,1.10
2010.11.16 10:29:05.468,2.0764,2.07705,1.10,1.10
2010.11.16 10:29:05.938,2.07632,2.07703,1.50,1.10
2010.11.16 10:29:06.697,2.0762,2.0768,1.80,1.10
2010.11.16 10:29:07.172,2.07618,2.07689,1.10,1.50
2010.11.16 10:29:07.278,2.07618,2.07671,1.10,1.10
2010.11.16 10:29:07.984,2.07607,2.07671,1.10,1.10
2010.11.16 10:29:08.569,2.07603,2.07648,1.10,1.10
2010.11.16 10:29:08.910,2.0762,2.07668,1.10,1.10
2010.11.16 10:29:09.018,2.07614,2.0766,1.10,1.10
2010.11.16 10:29:09.457,2.07608,2.0767,1.30,1.10
2010.11.16 10:29:09.832,2.07608,2.0767,2.00,1.10
2010.11.16 10:29:09.940,2.07609,2.07682,2.00,1.10
2010.11.16 10:29:10.973,2.07624,2.07694,1.10,1.10
2010.11.16 10:29:11.187,2.07621,2.07684,1.10,1.10
2010.11.16 10:29:11.407,2.0761,2.07681,1.10,1.10
2010.11.16 10:29:12.172,2.07621,2.07684,1.10,1.10
2010.11.16 10:29:12.393,2.0762,2.07668,1.10,1.10
2010.11.16 10:29:12.839,2.07639,2.07687,1.10,1.10
2010.11.16 10:29:12.947,2.07642,2.07697,1.10,1.10
2010.11.16 10:29:13.968,2.07652,2.077,1.10,1.10
2010.11.16 10:29:14.719,2.07655,2.0771,1.30,1.10
2010.11.16 10:29:15.263,2.07653,2.07701,1.30,1.10
2010.11.16 10:29:15.490,2.07654,2.07711,1.30,1.10
2010.11.16 10:29:15.707,2.07652,2.077,1.30,1.10
2010.11.16 10:29:15.818,2.07652,2.077,1.10,1.10
2010.11.16 10:29:17.258,2.07641,2.07698,1.30,1.10
2010.11.16 10:29:18.080,2.07631,2.07695,1.30,1.10
2010.11.16 10:29:19.028,2.07629,2.07684,1.30,1.10
2010.11.16 10:29:19.478,2.07631,2.07695,1.30,1.10
2010.11.16 10:29:21.482,2.07629,2.07682,1.30,1.10
2010.11.16 10:29:21.809,2.07631,2.07694,1.30,1.10
2010.11.16 10:29:24.128,2.07641,2.07697,1.10,1.10
2010.11.16 10:29:24.788,2.07657,2.07705,1.10,1.10
2010.11.16 10:29:25.369,2.07651,2.07709,1.10,1.10
2010.11.16 10:29:25.930,2.07643,2.07709,1.10,1.10
2010.11.16 10:29:28.929,2.07665,2.07713,1.10,1.10
2010.11.16 10:29:29.433,2.07668,2.07721,1.10,1.10
2010.11.16 10:29:29.656,2.07665,2.07713,1.10,1.10
2010.11.16 10:29:29.948,2.07654,2.07711,1.10,1.10
2010.11.16 10:29:30.379,2.07665,2.07713,1.10,1.10
2010.11.16 10:29:33.039,2.07667,2.07724,1.30,1.10
2010.11.16 10:29:33.369,2.07666,2.07712,1.10,1.10
2010.11.16 10:29:40.429,2.07667,2.07724,1.10,1.10
2010.11.16 10:29:40.538,2.07669,2.07732,1.30,1.10
2010.11.16 10:29:41.337,2.0768,2.07736,1.10,1.10
2010.11.16 10:29:42.931,2.07666,2.07722,1.10,1.10
2010.11.16 10:29:43.038,2.0764,2.07724,1.50,1.30
2010.11.16 10:29:43.148,2.0764,2.07724,1.10,1.30
2010.11.16 10:29:43.257,2.07635,2.07702,1.50,1.10
2010.11.16 10:29:43.478,2.07613,2.07697,1.50,1.10
2010.11.16 10:29:43.697,2.07635,2.07702,1.10,1.10
2010.11.16 10:29:45.814,2.07647,2.07704,1.10,1.10
2010.11.16 10:29:46.838,2.07642,2.07697,1.10,1.10
2010.11.16 10:29:47.671,2.07635,2.0769,1.10,1.10
2010.11.16 10:29:51.240,2.07638,2.07714,2.00,1.10
2010.11.16 10:29:53.478,2.07661,2.07717,1.10,1.10
2010.11.16 10:29:57.707,2.07662,2.07717,1.30,1.10
2010.11.16 10:29:57.818,2.0767,2.07759,1.10,1.90
2010.11.16 10:29:57.928,2.07663,2.07758,1.30,1.10
2010.11.16 10:29:58.039,2.07663,2.07758,1.10,1.10
2010.11.16 10:29:58.344,2.07663,2.07758,1.10,1.50
2010.11.16 10:30:00.648,2.07666,2.0774,1.10,1.10
2010.11.16 10:30:03.658,2.07655,2.07738,1.10,1.10
2010.11.16 10:30:08.179,2.07653,2.07727,1.10,1.10
2010.11.16 10:30:11.708,2.07654,2.0773,1.10,1.10
2010.11.16 10:30:12.058,2.07655,2.07738,1.10,1.10
2010.11.16 10:30:13.308,2.07657,2.07749,1.30,1.10
2010.11.16 10:30:13.419,2.07667,2.07752,1.10,1.10
2010.11.16 10:30:14.696,2.07679,2.07753,1.10,1.10
2010.11.16 10:30:21.937,2.07678,2.07754,1.10,1.10
2010.11.16 10:30:24.799,2.07672,2.07748,1.10,1.10
2010.11.16 10:30:26.768,2.07673,2.07752,1.10,1.50
2010.11.16 10:30:27.847,2.07679,2.07753,1.10,1.10
2010.11.16 10:30:34.099,2.07673,2.07747,1.10,1.10
2010.11.16 10:30:34.428,2.07673,2.07752,1.10,1.10
2010.11.16 10:30:34.648,2.07667,2.07752,1.10,1.10
2010.11.16 10:30:35.571,2.07665,2.07741,1.10,1.10
2010.11.16 10:30:36.228,2.0766,2.07734,1.30,1.10
2010.11.16 10:30:36.618,2.07666,2.0774,1.10,1.10
2010.11.16 10:30:36.947,2.07649,2.07734,1.40,1.10
2010.11.16 10:30:37.058,2.07643,2.07734,4.70,1.10
2010.11.16 10:30:37.167,2.07643,2.07734,4.70,1.50
2010.11.16 10:30:37.279,2.07639,2.07734,4.70,1.10
2010.11.16 10:30:37.387,2.07652,2.07728,1.10,1.10
2010.11.16 10:30:37.715,2.07647,2.07721,1.50,1.10
2010.11.16 10:30:37.939,2.07641,2.07726,3.60,1.10
2010.11.16 10:30:38.488,2.07644,2.07736,3.60,1.10
2010.11.16 10:30:39.258,2.07644,2.07736,1.10,1.50
2010.11.16 10:30:42.049,2.0763,2.07704,1.10,1.10
2010.11.16 10:30:42.158,2.07639,2.07715,1.10,1.10
2010.11.16 10:30:49.633,2.07648,2.07722,1.10,1.10
2010.11.16 10:30:50.637,2.07652,2.07728,1.10,1.50
2010.11.16 10:30:52.592,2.07634,2.07723,1.30,1.10
2010.11.16 10:30:53.100,2.07647,2.07723,1.10,1.10
2010.11.16 10:30:56.197,2.07655,2.07729,1.10,1.10
2010.11.16 10:30:56.748,2.07657,2.07739,1.10,1.50
2010.11.16 10:30:57.508,2.07665,2.07741,1.10,1.50
2010.11.16 10:30:57.846,2.07657,2.07739,1.10,1.10
2010.11.16 10:31:00.931,2.07657,2.07739,1.30,1.10
2010.11.16 10:31:01.148,2.07679,2.07744,1.10,1.10
2010.11.16 10:31:05.320,2.07679,2.07744,1.10,1.50
2010.11.16 10:31:05.649,2.07688,2.07745,1.10,1.10
2010.11.16 10:31:06.988,2.07676,2.07732,1.30,1.10
2010.11.16 10:31:07.099,2.0768,2.07743,1.10,1.10
2010.11.16 10:31:09.787,2.07692,2.07747,1.10,1.10
2010.11.16 10:31:09.897,2.07679,2.07744,1.10,1.10
2010.11.16 10:31:12.207,2.07696,2.07753,1.10,1.50
2010.11.16 10:31:12.427,2.0768,2.07743,1.10,1.10
2010.11.16 10:31:14.778,2.0768,2.07743,1.10,1.50
2010.11.16 10:31:14.997,2.07669,2.07724,1.10,1.10
2010.11.16 10:31:16.387,2.07671,2.07735,1.10,1.10
2010.11.16 10:31:16.717,2.0767,2.07723,1.10,1.10
2010.11.16 10:31:23.289,2.07681,2.07728,1.10,1.10
2010.11.16 10:31:24.678,2.07687,2.07748,1.10,1.50
2010.11.16 10:31:24.899,2.07687,2.07748,1.10,1.10
2010.11.16 10:31:25.010,2.07674,2.07745,1.30,1.10
2010.11.16 10:31:25.228,2.07684,2.07738,1.10,1.10
2010.11.16 10:31:26.061,2.07698,2.07744,1.10,1.10
2010.11.16 10:31:26.280,2.07685,2.07737,1.10,1.10
2010.11.16 10:31:26.389,2.07691,2.07739,1.10,1.10
2010.11.16 10:31:26.718,2.07684,2.07738,1.10,1.10
2010.11.16 10:31:29.527,2.0767,2.07734,1.30,1.10
2010.11.16 10:31:31.188,2.07669,2.07726,1.30,1.10
2010.11.16 10:31:31.298,2.07669,2.07735,1.30,1.10
2010.11.16 10:31:32.828,2.07684,2.07738,1.10,1.10
2010.11.16 10:31:33.436,2.07669,2.07735,1.30,1.10
2010.11.16 10:31:36.027,2.07669,2.07726,1.30,1.10
2010.11.16 10:31:36.248,2.07674,2.07736,1.10,1.10
2010.11.16 10:31:38.361,2.07658,2.07728,1.10,1.10
2010.11.16 10:31:38.578,2.07635,2.07724,1.30,1.30
2010.11.16 10:31:38.689,2.07647,2.07727,1.10,1.10
2010.11.16 10:31:42.027,2.07647,2.07704,1.10,1.10
2010.11.16 10:31:42.864,2.07649,2.07715,1.10,1.50
2010.11.16 10:31:43.307,2.07648,2.07703,1.10,1.10
2010.11.16 10:31:44.782,2.07657,2.07723,1.10,1.10
2010.11.16 10:31:44.999,2.0765,2.07714,1.10,1.10
2010.11.16 10:31:45.329,2.07663,2.07727,1.10,1.10
2010.11.16 10:31:45.823,2.07673,2.07741,1.10,1.10
2010.11.16 10:31:46.259,2.07664,2.07737,1.10,1.10
2010.11.16 10:31:46.799,2.07681,2.07744,1.10,1.10
2010.11.16 10:31:47.239,2.07681,2.07744,1.30,1.10
2010.11.16 10:31:47.457,2.07692,2.07763,1.10,1.10
2010.11.16 10:31:48.528,2.07702,2.07766,1.10,1.10
2010.11.16 10:31:50.288,2.07701,2.07759,1.10,1.10
2010.11.16 10:31:53.439,2.077,2.07755,1.10,1.10
2010.11.16 10:31:58.448,2.07703,2.0777,1.10,1.50
2010.11.16 10:31:59.785,2.07706,2.0778,1.10,1.50
2010.11.16 10:32:00.010,2.07716,2.07783,1.10,1.10
2010.11.16 10:32:03.167,2.07693,2.07779,2.00,1.10
2010.11.16 10:32:03.499,2.07684,2.07723,3.00,1.10
2010.11.16 10:32:03.837,2.07671,2.07723,2.50,1.10
2010.11.16 10:32:03.959,2.07693,2.0775,1.10,1.30
2010.11.16 10:32:04.068,2.0768,2.07735,1.10,1.10
2010.11.16 10:32:04.288,2.07663,2.07728,1.30,1.10
2010.11.16 10:32:04.511,2.07679,2.07736,1.10,1.10
2010.11.16 10:32:04.933,2.07671,2.07719,1.10,1.10
2010.11.16 10:32:05.054,2.0768,2.07735,1.10,1.10
2010.11.16 10:32:07.078,2.07691,2.07737,1.10,1.10
2010.11.16 10:32:08.627,2.0769,2.07738,2.00,1.10
2010.11.16 10:32:08.739,2.07709,2.07755,1.10,1.10
2010.11.16 10:32:09.359,2.07695,2.07743,1.10,1.10
2010.11.16 10:32:09.473,2.07689,2.07737,1.10,1.10
2010.11.16 10:32:09.907,2.07689,2.07737,1.10,1.10
2010.11.16 10:32:12.759,2.07689,2.07737,2.00,1.10
2010.11.16 10:32:12.868,2.07697,2.07755,1.10,1.10
2010.11.16 10:32:12.978,2.07695,2.07743,1.10,1.10
2010.11.16 10:32:17.209,2.07689,2.07737,1.30,1.10
2010.11.16 10:32:17.538,2.07695,2.07743,1.10,1.50
2010.11.16 10:32:20.690,2.0769,2.07736,1.10,1.10
2010.11.16 10:32:23.506,2.07673,2.07728,1.30,1.10
2010.11.16 10:32:26.961,2.07644,2.07723,2.80,1.10
2010.11.16 10:32:27.070,2.07635,2.07694,2.00,1.10
2010.11.16 10:32:27.425,2.0763,2.07722,1.30,1.30
2010.11.16 10:32:27.543,2.076,2.07706,2.30,1.10
2010.11.16 10:32:27.760,2.07613,2.07698,1.50,1.10
2010.11.16 10:32:27.979,2.076,2.07674,3.00,1.10
2010.11.16 10:32:28.600,2.0761,2.07676,1.10,1.10
2010.11.16 10:32:29.040,2.07609,2.07666,1.10,1.10
2010.11.16 10:32:29.370,2.07597,2.07665,1.10,1.10
2010.11.16 10:32:29.589,2.07589,2.07663,1.10,1.10
2010.11.16 10:32:29.808,2.07597,2.07665,1.10,1.10
2010.11.16 10:32:32.218,2.07627,2.07686,1.10,1.10
2010.11.16 10:32:32.549,2.07642,2.07698,1.10,1.80
2010.11.16 10:32:35.403,2.07654,2.07709,1.10,1.80
2010.11.16 10:32:36.057,2.07656,2.0772,1.10,1.10
2010.11.16 10:32:36.498,2.07669,2.07733,1.10,1.80
2010.11.16 10:32:37.891,2.0766,2.07706,1.30,1.10
2010.11.16 10:32:38.329,2.0766,2.07706,1.10,1.10
2010.11.16 10:32:38.438,2.07652,2.07701,1.10,1.10
2010.11.16 10:32:38.548,2.07653,2.0771,1.10,1.10
2010.11.16 10:32:38.769,2.07655,2.07721,1.10,1.10
2010.11.16 10:32:38.989,2.07654,2.07709,1.10,1.10
2010.11.16 10:32:39.678,2.07654,2.07709,2.00,1.10
2010.11.16 10:32:40.009,2.07639,2.07688,2.10,1.10
2010.11.16 10:32:40.119,2.07638,2.07688,1.30,1.10
2010.11.16 10:32:41.090,2.07652,2.07701,1.30,1.10
2010.11.16 10:32:41.990,2.07652,2.07701,2.00,1.10
2010.11.16 10:32:42.097,2.07659,2.07707,1.30,1.10
2010.11.16 10:32:43.068,2.07668,2.07734,1.10,1.50
2010.11.16 10:32:43.179,2.07668,2.07734,1.10,1.10
2010.11.16 10:32:43.288,2.07667,2.07722,1.30,1.10
2010.11.16 10:32:43.398,2.07669,2.07733,1.10,1.10
2010.11.16 10:32:43.730,2.07682,2.07747,1.10,2.90
2010.11.16 10:32:44.620,2.07669,2.07733,1.30,1.10
2010.11.16 10:32:45.238,2.07666,2.07714,1.10,1.10
2010.11.16 10:32:46.278,2.07666,2.07723,1.10,1.10
2010.11.16 10:32:46.850,2.07688,2.07735,1.10,1.10
2010.11.16 10:32:47.809,2.07679,2.0773,1.30,1.10
2010.11.16 10:32:47.924,2.07653,2.07708,2.00,1.10
2010.11.16 10:32:48.260,2.07675,2.07723,1.10,1.10
2010.11.16 10:32:48.625,2.07666,2.0772,1.10,1.10
2010.11.16 10:32:49.613,2.07668,2.07731,1.10,1.10
2010.11.16 10:32:50.478,2.07679,2.07733,1.10,1.10
2010.11.16 10:32:50.808,2.07668,2.07731,1.30,1.10
2010.11.16 10:32:51.579,2.07668,2.07731,1.10,1.70
2010.11.16 10:32:52.231,2.07665,2.07719,1.10,1.10
2010.11.16 10:32:52.448,2.07664,2.0771,1.10,1.10
2010.11.16 10:32:53.598,2.07664,2.0771,2.00,1.10
2010.11.16 10:32:53.818,2.07666,2.07718,1.30,1.10
2010.11.16 10:33:00.628,2.07648,2.07711,1.70,1.10
2010.11.16 10:33:00.959,2.07637,2.07707,1.70,1.10
2010.11.16 10:33:01.179,2.07625,2.07707,1.30,1.10
2010.11.16 10:33:04.040,2.07635,2.07711,1.10,1.10
2010.11.16 10:33:04.369,2.07619,2.07709,1.90,1.10
2010.11.16 10:33:04.479,2.07637,2.07713,1.10,1.10
2010.11.16 10:33:05.017,2.07639,2.07724,1.10,1.50
2010.11.16 10:33:08.100,2.07639,2.07724,1.30,1.10
2010.11.16 10:33:08.649,2.0767,2.07729,1.10,1.10
2010.11.16 10:33:09.377,2.07685,2.07743,1.10,1.80
2010.11.16 10:33:11.793,2.07685,2.07743,1.10,1.10
2010.11.16 10:33:13.957,2.07672,2.0773,1.30,1.10
2010.11.16 10:33:14.618,2.07663,2.07734,1.10,1.10
2010.11.16 10:33:14.730,2.07676,2.07734,1.10,1.10
2010.11.16 10:33:14.840,2.07661,2.07728,1.10,1.10
2010.11.16 10:33:15.388,2.07651,2.07725,1.10,1.10
2010.11.16 10:33:15.829,2.07662,2.07727,1.10,1.10
2010.11.16 10:33:16.235,2.07659,2.07717,1.10,1.10
2010.11.16 10:33:17.890,2.07648,2.07715,1.30,1.10
2010.11.16 10:33:17.998,2.0766,2.07716,1.10,1.10
2010.11.16 10:33:18.219,2.07648,2.07715,1.10,1.10
2010.11.16 10:33:18.438,2.0766,2.07716,1.10,1.10
2010.11.16 10:33:18.658,2.07648,2.07715,1.10,1.10
2010.11.16 10:33:18.965,2.07659,2.07717,1.10,1.10
2010.11.16 10:33:19.739,2.07662,2.07727,1.10,1.50
2010.11.16 10:33:19.958,2.07663,2.07739,1.10,1.50
2010.11.16 10:33:20.387,2.07645,2.07734,2.90,1.10
2010.11.16 10:33:20.499,2.07641,2.07734,1.30,1.10
2010.11.16 10:33:20.719,2.07664,2.07738,1.10,1.10
2010.11.16 10:33:22.267,2.07648,2.07735,3.00,1.10
2010.11.16 10:33:22.489,2.07674,2.07741,1.10,1.50
2010.11.16 10:33:23.168,2.07664,2.07738,1.10,1.10
2010.11.16 10:33:23.938,2.07661,2.07728,1.10,1.10
2010.11.16 10:33:26.208,2.07657,2.07727,1.10,1.10
2010.11.16 10:33:27.458,2.07658,2.07726,1.10,1.10
2010.11.16 10:33:28.789,2.07649,2.07714,1.10,1.10
2010.11.16 10:33:29.703,2.07662,2.07719,1.10,1.10
2010.11.16 10:33:30.178,2.07662,2.07727,1.10,1.10
2010.11.16 10:33:32.708,2.07671,2.07728,1.10,1.10
2010.11.16 10:33:33.038,2.07662,2.07727,1.10,1.10
2010.11.16 10:33:33.768,2.07673,2.07729,1.10,1.10
2010.11.16 10:33:38.967,2.07675,2.0774,1.10,1.10
2010.11.16 10:33:39.603,2.07685,2.07741,1.10,1.10
2010.11.16 10:33:39.828,2.07674,2.07741,1.10,1.10
2010.11.16 10:33:44.208,2.0767,2.07729,1.10,1.10
2010.11.16 10:33:47.507,2.07662,2.07727,1.30,1.10
2010.11.16 10:33:49.300,2.0769,2.07745,1.10,1.50
2010.11.16 10:33:49.706,2.0769,2.07745,1.10,1.10
2010.11.16 10:33:49.824,2.07661,2.07728,1.10,1.10
2010.11.16 10:33:51.877,2.07661,2.0772,1.10,1.10
2010.11.16 10:33:52.099,2.07661,2.07728,1.10,1.10
2010.11.16 10:33:56.728,2.07664,2.07738,1.10,1.50
2010.11.16 10:33:57.039,2.07672,2.0774,1.10,1.50
2010.11.16 10:33:59.129,2.07664,2.07738,1.10,1.10
2010.11.16 10:34:01.139,2.07661,2.07728,1.10,1.10
2010.11.16 10:34:01.378,2.07663,2.07739,1.10,1.50
2010.11.16 10:34:01.951,2.07662,2.07727,1.10,1.10
2010.11.16 10:34:06.115,2.07661,2.07728,1.30,1.10
2010.11.16 10:34:07.240,2.07663,2.07737,1.10,1.50
2010.11.16 10:34:07.678,2.07674,2.07741,1.10,1.10
2010.11.16 10:34:10.079,2.07675,2.0774,1.10,1.10
2010.11.16 10:34:15.419,2.07675,2.0774,1.10,1.30
2010.11.16 10:34:15.638,2.07644,2.07718,2.80,1.10
2010.11.16 10:34:15.749,2.07652,2.07736,1.30,1.50
2010.11.16 10:34:15.858,2.07675,2.0774,1.10,1.50
2010.11.16 10:34:15.967,2.07675,2.0774,1.10,1.10
2010.11.16 10:34:22.588,2.07686,2.07742,1.10,1.10
2010.11.16 10:34:23.715,2.07662,2.07739,1.30,1.10
2010.11.16 10:34:23.828,2.07686,2.07742,1.10,1.10
2010.11.16 10:34:26.253,2.07667,2.07722,1.70,1.10
2010.11.16 10:34:26.369,2.07686,2.07742,1.10,1.10
2010.11.16 10:34:26.479,2.07674,2.07741,1.30,1.10
2010.11.16 10:34:32.541,2.07672,2.07727,1.30,1.10
2010.11.16 10:34:33.268,2.07675,2.0774,1.10,1.10
2010.11.16 10:34:33.968,2.07652,2.07736,1.70,1.10
2010.11.16 10:34:36.178,2.07652,2.07736,1.30,1.10
2010.11.16 10:34:42.948,2.07692,2.07749,1.10,1.10
2010.11.16 10:34:45.228,2.07686,2.07742,1.10,1.10
2010.11.16 10:34:47.570,2.07686,2.07742,1.30,1.10
2010.11.16 10:34:47.678,2.07698,2.07756,1.10,1.50
2010.11.16 10:34:48.008,2.07693,2.07748,1.10,1.10
2010.11.16 10:34:49.330,2.07693,2.07748,1.10,1.10
2010.11.16 10:34:49.548,2.07675,2.07742,1.30,1.10
2010.11.16 10:34:50.540,2.07675,2.07742,1.10,1.10
2010.11.16 10:34:51.218,2.07676,2.07752,1.10,1.10
2010.11.16 10:35:02.378,2.07668,2.07723,1.10,1.10
2010.11.16 10:35:02.708,2.07675,2.0774,1.10,1.50
2010.11.16 10:35:02.929,2.07663,2.07739,1.10,1.50
2010.11.16 10:35:03.369,2.07675,2.0774,1.10,1.10
2010.11.16 10:35:03.874,2.07652,2.07738,3.60,1.10
2010.11.16 10:35:03.989,2.0765,2.0771,2.30,1.10
2010.11.16 10:35:04.103,2.0765,2.0771,1.50,1.10
2010.11.16 10:35:04.538,2.07626,2.07709,1.10,1.10
2010.11.16 10:35:05.440,2.07626,2.07709,1.30,1.10
2010.11.16 10:35:05.549,2.07642,2.07718,1.10,1.10
2010.11.16 10:35:05.767,2.07637,2.07712,1.10,1.10
2010.11.16 10:35:06.550,2.07626,2.07709,1.10,1.10
2010.11.16 10:35:09.288,2.07625,2.07711,1.30,1.10
2010.11.16 10:35:18.389,2.07617,2.07691,1.30,1.10
2010.11.16 10:35:18.497,2.07625,2.0771,1.10,1.50
2010.11.16 10:35:18.609,2.07625,2.0771,1.10,1.10
2010.11.16 10:35:18.718,2.07625,2.0771,1.30,1.10
2010.11.16 10:35:22.347,2.07642,2.07718,1.10,1.10
2010.11.16 10:35:22.569,2.07637,2.07711,1.10,1.10
2010.11.16 10:35:22.679,2.07625,2.0771,1.10,1.10
2010.11.16 10:35:25.087,2.07622,2.07696,1.10,1.10
2010.11.16 10:35:25.198,2.07612,2.07695,1.30,1.10
2010.11.16 10:35:25.762,2.07615,2.07707,1.10,1.50
2010.11.16 10:35:26.089,2.07612,2.07697,1.30,1.10
2010.11.16 10:35:26.978,2.07601,2.07695,1.10,1.10
2010.11.16 10:35:27.518,2.07613,2.07696,1.10,1.10
2010.11.16 10:35:29.653,2.07612,2.07697,1.10,1.10
2010.11.16 10:35:29.869,2.07601,2.07695,1.50,1.10
2010.11.16 10:35:30.571,2.07599,2.07684,1.50,1.10
2010.11.16 10:35:31.008,2.07597,2.07673,1.50,1.10
2010.11.16 10:35:31.564,2.0761,2.07674,1.10,1.10
2010.11.16 10:35:32.420,2.07643,2.07691,1.10,1.10
2010.11.16 10:35:33.751,2.07636,2.07684,1.30,1.10
2010.11.16 10:35:35.147,2.07639,2.07687,1.30,1.10
2010.11.16 10:35:35.258,2.07641,2.07698,1.30,1.10
2010.11.16 10:35:37.050,2.07624,2.0769,1.30,1.10
2010.11.16 10:35:41.257,2.07635,2.07692,1.10,1.10
2010.11.16 10:35:44.687,2.07636,2.07691,1.10,1.10
2010.11.16 10:35:59.967,2.0763,2.07685,1.10,1.10
2010.11.16 10:36:01.743,2.07652,2.077,1.10,1.10
2010.11.16 10:36:05.422,2.07657,2.07696,1.50,1.10
2010.11.16 10:36:05.639,2.07681,2.07728,1.30,1.10
2010.11.16 10:36:05.858,2.07657,2.0773,1.90,1.10
2010.11.16 10:36:06.253,2.07696,2.0778,2.50,1.10
2010.11.16 10:36:06.470,2.07709,2.07783,2.00,1.10
2010.11.16 10:36:06.689,2.07694,2.07762,1.40,1.50
2010.11.16 10:36:07.436,2.07701,2.07757,1.10,1.10
2010.11.16 10:36:09.541,2.07701,2.07757,1.70,1.10
2010.11.16 10:36:09.759,2.07717,2.07765,1.10,1.10
2010.11.16 10:36:12.310,2.07721,2.07767,1.30,1.10
2010.11.16 10:36:12.802,2.0773,2.07778,1.30,1.10
2010.11.16 10:36:15.228,2.07733,2.07781,1.10,1.10
2010.11.16 10:36:17.657,2.07733,2.07781,1.30,1.10
2010.11.16 10:36:17.990,2.07738,2.0779,1.30,1.10
2010.11.16 10:36:31.105,2.07732,2.07789,1.10,1.10
2010.11.16 10:36:31.234,2.07732,2.07781,1.10,1.10
2010.11.16 10:36:33.310,2.07732,2.07781,1.30,1.10
2010.11.16 10:36:35.748,2.07719,2.07776,1.30,1.10
2010.11.16 10:36:41.134,2.0772,2.0778,1.30,1.10
2010.11.16 10:36:43.678,2.07719,2.07776,1.30,1.10
2010.11.16 10:36:43.898,2.07731,2.07777,1.10,1.10
2010.11.16 10:36:45.440,2.0772,2.07775,1.10,1.10
2010.11.16 10:36:45.791,2.07717,2.07767,1.30,1.10
2010.11.16 10:36:46.549,2.07704,2.07752,1.10,1.10
2010.11.16 10:36:46.768,2.07693,2.0775,1.70,1.10
2010.11.16 10:36:47.829,2.0769,2.07738,2.00,1.10
2010.11.16 10:36:48.049,2.07717,2.07765,1.10,1.10
2010.11.16 10:36:48.601,2.07693,2.0775,1.50,1.10
2010.11.16 10:36:48.929,2.07695,2.07749,1.40,1.10
2010.11.16 10:36:49.149,2.07707,2.07762,1.10,1.10
2010.11.16 10:37:00.917,2.07711,2.07768,1.10,1.10
2010.11.16 10:37:04.908,2.07722,2.07769,1.10,1.10
2010.11.16 10:37:05.908,2.07715,2.0777,1.10,1.10
2010.11.16 10:37:06.369,2.07724,2.07773,1.10,1.10
2010.11.16 10:37:07.999,2.07732,2.07779,1.10,1.10
2010.11.16 10:37:08.329,2.07739,2.07785,1.10,1.10
2010.11.16 10:37:09.489,2.07727,2.07784,1.70,1.10
2010.11.16 10:37:09.708,2.07739,2.07785,1.10,1.10
2010.11.16 10:37:10.148,2.07741,2.07796,1.10,1.10
2010.11.16 10:37:13.788,2.07736,2.07791,1.10,1.10
2010.11.16 10:37:17.138,2.07733,2.07781,1.10,1.10
2010.11.16 10:37:22.930,2.07735,2.07792,1.10,1.10
2010.11.16 10:37:23.309,2.07746,2.07793,1.10,1.10
2010.11.16 10:37:30.922,2.0773,2.07785,1.50,1.10
2010.11.16 10:37:32.169,2.0773,2.07785,1.10,2.00
2010.11.16 10:37:33.492,2.07712,2.0776,1.30,1.10
2010.11.16 10:37:37.549,2.0772,2.07766,1.10,1.10
2010.11.16 10:37:39.519,2.0772,2.07766,2.00,1.10
2010.11.16 10:37:39.628,2.0773,2.07785,1.10,1.10
2010.11.16 10:37:40.250,2.07707,2.07781,1.10,1.10
2010.11.16 10:37:40.469,2.0773,2.07785,1.10,1.10
2010.11.16 10:37:45.355,2.07727,2.07782,1.10,1.10
2010.11.16 10:37:51.817,2.07727,2.07782,1.30,1.10
2010.11.16 10:37:52.259,2.07743,2.07791,1.10,1.10
2010.11.16 10:37:52.900,2.07736,2.07782,1.10,1.10
2010.11.16 10:37:54.898,2.07736,2.07782,2.00,1.10
2010.11.16 10:37:56.810,2.07733,2.078,2.00,1.10
2010.11.16 10:37:59.077,2.0775,2.07796,1.10,1.10
2010.11.16 10:38:00.429,2.0775,2.07796,1.30,1.10
2010.11.16 10:38:01.458,2.07743,2.07791,1.30,1.10
2010.11.16 10:38:01.678,2.07743,2.07791,1.30,1.10
2010.11.16 10:38:02.590,2.07736,2.07782,2.00,1.10
2010.11.16 10:38:02.918,2.07743,2.07791,1.30,1.10
2010.11.16 10:38:03.239,2.07739,2.07785,1.30,1.10
2010.11.16 10:38:03.348,2.07743,2.07791,1.30,1.10
2010.11.16 10:38:03.689,2.07736,2.07782,2.00,1.10
2010.11.16 10:38:07.478,2.07744,2.0779,1.10,1.10
2010.11.16 10:38:09.479,2.07741,2.07787,1.30,1.10
2010.11.16 10:38:11.618,2.07741,2.07787,1.10,1.10
2010.11.16 10:38:12.388,2.07723,2.07782,1.10,2.00
2010.11.16 10:38:12.801,2.07712,2.07757,1.10,1.10
2010.11.16 10:38:27.967,2.0772,2.07775,1.30,1.50
2010.11.16 10:38:28.078,2.07718,2.07764,1.30,1.10
2010.11.16 10:38:28.508,2.07721,2.07787,2.00,1.10
2010.11.16 10:38:28.619,2.0773,2.07778,1.10,1.10
2010.11.16 10:38:28.842,2.07713,2.07771,1.30,1.10
2010.11.16 10:38:29.151,2.07713,2.07771,1.10,1.10
2010.11.16 10:38:29.265,2.07675,2.07751,1.40,1.10
2010.11.16 10:38:29.380,2.07654,2.07747,4.00,1.10
2010.11.16 10:38:29.712,2.07649,2.07747,1.70,1.10
2010.11.16 10:38:33.417,2.07643,2.07747,1.10,1.50
2010.11.16 10:38:34.239,2.07666,2.07751,1.10,1.50
2010.11.16 10:38:37.231,2.07666,2.07751,1.10,1.50
2010.11.16 10:38:38.793,2.07676,2.07724,1.10,1.10
2010.11.16 10:38:39.008,2.07679,2.07734,1.10,1.10
2010.11.16 10:38:39.710,2.07689,2.07753,1.30,1.20
2010.11.16 10:38:41.379,2.07674,2.07741,1.30,1.10
2010.11.16 10:38:42.219,2.07665,2.07739,1.10,1.10
2010.11.16 10:38:44.229,2.07668,2.07739,1.10,1.10
2010.11.16 10:38:44.618,2.07663,2.07728,1.30,1.10
2010.11.16 10:38:46.541,2.0766,2.07718,1.10,1.10
2010.11.16 10:38:47.318,2.07648,2.07706,1.30,1.10
2010.11.16 10:38:47.429,2.07649,2.07716,1.10,1.10
2010.11.16 10:38:47.731,2.07648,2.07706,1.10,1.10
2010.11.16 10:38:49.388,2.07648,2.07704,1.30,1.10
2010.11.16 10:38:49.608,2.07653,2.07727,1.30,1.10
2010.11.16 10:38:49.718,2.07653,2.07727,2.00,1.10
2010.11.16 10:38:50.170,2.07649,2.07705,1.50,1.10
2010.11.16 10:38:50.280,2.07649,2.07705,1.10,1.10
2010.11.16 10:38:50.901,2.07638,2.07703,1.10,1.10
2010.11.16 10:38:51.141,2.0764,2.07714,1.10,1.50
2010.11.16 10:38:51.530,2.07637,2.07704,1.30,1.10
2010.11.16 10:38:51.858,2.0764,2.07714,1.30,1.10
2010.11.16 10:38:53.509,2.07641,2.07726,1.10,1.10
2010.11.16 10:38:55.699,2.07632,2.07705,1.30,1.10
2010.11.16 10:38:55.814,2.07632,2.07705,1.10,1.10
2010.11.16 10:38:55.919,2.07614,2.07699,1.50,1.10
2010.11.16 10:39:00.148,2.07614,2.07699,1.50,1.10
2010.11.16 10:39:00.258,2.07625,2.07701,1.10,1.10
2010.11.16 10:39:00.588,2.07637,2.07702,1.10,1.10
2010.11.16 10:39:02.968,2.07639,2.07713,1.10,1.10
2010.11.16 10:39:05.388,2.07636,2.07703,1.10,1.10
2010.11.16 10:39:06.439,2.07721,2.07735,1.10,1.90
2010.11.16 10:39:06.551,2.07721,2.07736,1.10,1.50
2010.11.16 10:39:06.659,2.07727,2.07782,1.10,1.10
2010.11.16 10:39:06.771,2.07697,2.07761,1.10,1.10
2010.11.16 10:39:06.878,2.07686,2.07742,1.80,1.10
2010.11.16 10:39:07.262,2.07666,2.07739,1.70,1.10
2010.11.16 10:39:07.480,2.07646,2.0772,1.90,1.10
2010.11.16 10:39:07.590,2.07645,2.0772,1.30,1.10
2010.11.16 10:39:07.919,2.0765,2.07742,1.10,1.50
2010.11.16 10:39:08.139,2.0765,2.07742,2.00,1.50
2010.11.16 10:39:08.491,2.07673,2.07746,1.10,1.10
2010.11.16 10:39:09.559,2.0767,2.07736,1.10,1.10
2010.11.16 10:39:09.779,2.07672,2.07747,1.10,1.10
2010.11.16 10:39:10.112,2.07627,2.07739,2.90,1.30
2010.11.16 10:39:10.219,2.07646,2.07719,1.10,1.10
2010.11.16 10:39:10.439,2.07627,2.07715,2.90,1.10
2010.11.16 10:39:11.399,2.07645,2.0772,1.10,1.30
2010.11.16 10:39:12.429,2.07622,2.07716,1.80,1.10
2010.11.16 10:39:14.819,2.07622,2.07716,1.70,1.10
2010.11.16 10:39:15.128,2.07645,2.0772,1.10,1.10
2010.11.16 10:39:20.991,2.07654,2.07743,1.30,1.50
2010.11.16 10:39:21.408,2.07654,2.07745,1.10,3.40
2010.11.16 10:39:21.524,2.07673,2.07743,1.10,1.50
2010.11.16 10:39:22.188,2.07671,2.07735,1.10,1.10
2010.11.16 10:39:22.519,2.07673,2.07746,1.10,1.50
2010.11.16 10:39:29.451,2.07649,2.07743,1.30,1.10
2010.11.16 10:39:29.559,2.07673,2.07746,1.10,1.10
2010.11.16 10:39:29.888,2.07649,2.07743,1.70,1.10
2010.11.16 10:39:29.999,2.07649,2.07743,1.10,1.10
2010.11.16 10:39:30.219,2.07673,2.07746,1.10,1.10
2010.11.16 10:39:30.929,2.07649,2.07743,1.30,1.10
2010.11.16 10:39:31.149,2.07672,2.07747,1.10,1.10
2010.11.16 10:39:37.820,2.07671,2.07735,1.10,1.10
2010.11.16 10:39:38.039,2.0766,2.07733,1.10,1.10
2010.11.16 10:39:38.480,2.07657,2.07723,1.10,1.10
2010.11.16 10:39:45.665,2.07656,2.07721,1.10,1.10
2010.11.16 10:39:47.568,2.0766,2.07733,1.10,1.10
2010.11.16 10:39:48.176,2.07656,2.07721,1.10,1.10
2010.11.16 10:39:48.284,2.07658,2.07729,1.10,1.10
2010.11.16 10:39:48.398,2.07656,2.07719,1.10,1.10
2010.11.16 10:39:48.594,2.07645,2.07709,1.10,1.10
2010.11.16 10:39:49.699,2.07646,2.07721,1.10,1.50
2010.11.16 10:39:50.713,2.07643,2.077,1.10,1.10
2010.11.16 10:39:50.928,2.07658,2.07722,1.10,1.10
2010.11.16 10:39:52.519,2.0766,2.07733,1.10,1.10
2010.11.16 10:39:53.259,2.07657,2.07724,1.10,1.10
2010.11.16 10:39:56.349,2.07657,2.07723,2.00,1.10
2010.11.16 10:39:56.774,2.0769,2.07754,1.10,2.90
2010.11.16 10:39:56.894,2.07703,2.07767,1.10,1.10
2010.11.16 10:39:57.109,2.07714,2.07783,1.10,1.50
2010.11.16 10:39:57.329,2.07711,2.07778,1.10,1.10
2010.11.16 10:40:00.179,2.07708,2.07764,1.10,1.10
2010.11.16 10:40:00.289,2.07698,2.07762,1.10,1.10
2010.11.16 10:40:00.509,2.07707,2.07765,1.10,1.10
2010.11.16 10:40:00.729,2.07697,2.07763,1.10,1.10
2010.11.16 10:40:01.869,2.07708,2.07764,1.10,1.10
2010.11.16 10:40:01.982,2.07698,2.07762,1.10,1.10
2010.11.16 10:40:04.672,2.07697,2.07763,1.10,1.20
2010.11.16 10:40:06.799,2.07694,2.07752,1.10,1.10
2010.11.16 10:40:07.960,2.07694,2.07752,1.30,1.10
2010.11.16 10:40:08.563,2.07722,2.07778,1.10,1.10
2010.11.16 10:40:08.780,2.07714,2.07771,1.30,1.10
2010.11.16 10:40:10.040,2.07707,2.07764,1.10,1.10
2010.11.16 10:40:10.803,2.07712,2.07774,1.10,1.10
2010.11.16 10:40:11.660,2.07708,2.07763,1.10,1.10
2010.11.16 10:40:17.064,2.07707,2.07764,1.10,1.10
2010.11.16 10:40:17.169,2.07698,2.0776,1.10,1.10
2010.11.16 10:40:19.789,2.077,2.07773,1.10,1.10
2010.11.16 10:40:21.239,2.07712,2.07774,1.10,1.10
2010.11.16 10:40:21.826,2.07712,2.07774,1.10,1.10
2010.11.16 10:40:21.939,2.07701,2.07772,1.10,1.10
2010.11.16 10:40:22.380,2.07711,2.07775,1.10,1.10
2010.11.16 10:40:26.850,2.07703,2.0776,1.10,1.10
2010.11.16 10:40:29.419,2.0769,2.07748,1.10,1.10
2010.11.16 10:40:29.747,2.07685,2.0774,1.10,1.10
2010.11.16 10:40:37.980,2.07677,2.07735,1.10,1.10
2010.11.16 10:40:38.641,2.07672,2.07727,1.10,1.10
2010.11.16 10:40:39.079,2.07658,2.07715,1.10,1.10
2010.11.16 10:40:43.918,2.07665,2.07721,1.10,1.50
2010.11.16 10:40:44.689,2.07659,2.07714,1.10,1.10
2010.11.16 10:40:45.361,2.07645,2.07702,1.10,1.10
2010.11.16 10:40:47.582,2.07639,2.07695,1.10,1.10
2010.11.16 10:40:50.368,2.07621,2.07687,1.10,1.10
2010.11.16 10:40:50.699,2.0762,2.07675,1.10,1.10
2010.11.16 10:40:51.139,2.07612,2.0767,1.10,1.10
2010.11.16 10:40:52.189,2.07612,2.0767,1.10,2.00
2010.11.16 10:40:52.412,2.07593,2.07649,1.10,1.30
2010.11.16 10:40:52.520,2.07586,2.07642,1.10,1.10
2010.11.16 10:40:53.179,2.07579,2.07636,1.10,1.10
2010.11.16 10:40:53.289,2.07585,2.07643,1.10,1.10
2010.11.16 10:40:53.509,2.07592,2.07649,1.10,1.10
2010.11.16 10:40:54.918,2.07595,2.07659,1.10,1.10
2010.11.16 10:40:55.832,2.07618,2.07675,1.10,1.80
2010.11.16 10:40:56.346,2.07618,2.07675,1.10,1.10
2010.11.16 10:40:57.009,2.07621,2.07685,1.10,1.10
2010.11.16 10:40:57.340,2.07632,2.07688,1.10,1.10
2010.11.16 10:40:57.809,2.07625,2.0768,1.10,1.10
2010.11.16 10:40:58.139,2.07632,2.07687,1.10,1.10
2010.11.16 10:40:58.469,2.07624,2.07679,1.30,1.10
2010.11.16 10:40:58.897,2.07631,2.07689,1.10,1.10
2010.11.16 10:40:59.011,2.07617,2.07673,1.10,1.10
2010.11.16 10:40:59.229,2.07623,2.0768,1.10,1.10
2010.11.16 10:40:59.449,2.07617,2.07673,1.10,1.10
2010.11.16 10:41:01.712,2.07596,2.07669,1.10,1.10
2010.11.16 10:41:01.930,2.07595,2.07659,2.00,1.10
2010.11.16 10:41:02.150,2.07623,2.0768,1.10,1.10
2010.11.16 10:41:02.610,2.07596,2.07669,1.10,1.10
2010.11.16 10:41:02.719,2.07595,2.07659,1.30,1.10
2010.11.16 10:41:03.870,2.07595,2.07659,2.00,1.10
2010.11.16 10:41:04.090,2.07616,2.07674,1.10,1.10
2010.11.16 10:41:05.982,2.07594,2.07666,1.30,1.10
2010.11.16 10:41:06.873,2.07665,2.07686,1.10,1.50
2010.11.16 10:41:06.980,2.07648,2.07686,1.50,1.50
2010.11.16 10:41:07.089,2.07648,2.07714,1.10,1.10
2010.11.16 10:41:07.198,2.07648,2.07714,1.50,1.10
2010.11.16 10:41:07.690,2.07674,2.07741,1.10,1.10
2010.11.16 10:41:07.804,2.07653,2.07736,1.50,1.10
2010.11.16 10:41:07.909,2.07653,2.07736,1.10,1.10
2010.11.16 10:41:08.020,2.07653,2.07736,2.00,1.10
2010.11.16 10:41:13.350,2.07652,2.07737,1.30,1.10
2010.11.16 10:41:13.460,2.07648,2.07714,1.10,1.10
2010.11.16 10:41:13.680,2.07632,2.07709,1.10,1.10
2010.11.16 10:41:13.899,2.07643,2.07717,1.10,1.10
2010.11.16 10:41:14.484,2.07625,2.0771,1.10,1.10
2010.11.16 10:41:14.699,2.07649,2.07713,1.10,1.10
2010.11.16 10:41:16.149,2.07626,2.07709,1.50,1.10
2010.11.16 10:41:16.651,2.07626,2.07709,1.10,1.10
2010.11.16 10:41:18.500,2.07614,2.07669,1.10,1.10
2010.11.16 10:41:18.870,2.07595,2.07659,1.80,1.10
2010.11.16 10:41:18.978,2.07595,2.07659,1.10,1.10
2010.11.16 10:41:28.978,2.07595,2.07659,1.50,1.10
2010.11.16 10:41:29.397,2.07624,2.07698,1.10,1.80
2010.11.16 10:41:29.512,2.0763,2.07704,1.50,1.10
2010.11.16 10:41:29.730,2.07652,2.07709,1.10,1.10
2010.11.16 10:41:30.383,2.07626,2.07709,1.10,1.10
2010.11.16 10:41:30.489,2.07648,2.07714,1.10,1.10
2010.11.16 10:41:36.299,2.07625,2.0771,1.30,1.10
2010.11.16 10:41:36.949,2.07625,2.0771,1.50,1.10
2010.11.16 10:41:37.368,2.07649,2.07713,1.10,1.10
2010.11.16 10:41:44.590,2.0765,2.07714,1.10,1.10
2010.11.16 10:41:48.112,2.07661,2.07716,1.10,1.10
2010.11.16 10:41:54.648,2.07667,2.07723,1.10,1.10
2010.11.16 10:41:55.058,2.07661,2.07718,1.10,1.10
2010.11.16 10:41:55.168,2.07668,2.07725,1.10,1.10
2010.11.16 10:41:56.095,2.07674,2.07729,1.10,1.10
2010.11.16 10:41:56.958,2.07686,2.07743,1.10,1.10
2010.11.16 10:41:58.629,2.07688,2.07754,1.30,1.10
2010.11.16 10:41:58.740,2.077,2.07755,1.10,1.10
2010.11.16 10:41:59.069,2.07702,2.07766,1.10,1.50
2010.11.16 10:41:59.399,2.07703,2.07778,1.10,1.50
2010.11.16 10:42:00.079,2.07702,2.07766,1.10,1.10
2010.11.16 10:42:00.299,2.07702,2.07777,1.10,1.10
2010.11.16 10:42:00.930,2.07692,2.0775,1.10,1.10
2010.11.16 10:42:01.369,2.07701,2.07767,1.10,1.10
2010.11.16 10:42:02.299,2.07701,2.07767,1.10,1.50
2010.11.16 10:42:02.408,2.07701,2.07767,1.10,1.10
2010.11.16 10:42:02.519,2.07692,2.0775,1.30,1.10
2010.11.16 10:42:02.628,2.07701,2.07767,1.10,1.10
2010.11.16 10:42:03.929,2.07679,2.07762,1.50,1.10
2010.11.16 10:42:04.039,2.07679,2.07762,1.10,1.10
2010.11.16 10:42:08.645,2.07679,2.07762,1.70,1.10
2010.11.16 10:42:08.970,2.07701,2.07767,1.10,1.10
2010.11.16 10:42:10.246,2.077,2.07755,1.10,1.10
2010.11.16 10:42:10.692,2.07692,2.0775,1.10,1.10
2010.11.16 10:42:11.296,2.077,2.07755,1.10,1.10
2010.11.16 10:42:12.929,2.07694,2.07751,1.10,1.10
2010.11.16 10:42:13.911,2.077,2.07755,1.10,1.10
2010.11.16 10:42:18.788,2.07694,2.07751,1.10,1.10
2010.11.16 10:42:20.499,2.07699,2.07756,2.00,1.10
2010.11.16 10:42:20.612,2.07707,2.07789,2.00,1.90
2010.11.16 10:42:20.719,2.07704,2.07778,1.10,1.10
2010.11.16 10:42:21.092,2.07707,2.07802,1.10,1.10
2010.11.16 10:42:24.108,2.077,2.07795,1.30,1.10
2010.11.16 10:42:25.210,2.07695,2.07788,1.10,1.10
2010.11.16 10:42:26.165,2.07687,2.07782,1.70,1.10
2010.11.16 10:42:27.249,2.07694,2.07789,1.10,1.10
2010.11.16 10:42:27.358,2.07697,2.07799,1.10,1.10
2010.11.16 10:42:27.798,2.07695,2.07788,1.10,1.10
2010.11.16 10:42:30.399,2.07696,2.078,1.10,1.10
2010.11.16 10:42:38.043,2.07692,2.07777,1.10,1.10
2010.11.16 10:42:43.023,2.07691,2.07765,1.50,1.10
2010.11.16 10:42:46.069,2.07695,2.07769,1.10,1.10
2010.11.16 10:43:18.340,2.07683,2.07759,1.10,1.10
2010.11.16 10:43:22.199,2.07677,2.07753,1.10,1.10
2010.11.16 10:43:22.999,2.0767,2.07747,1.10,1.10
2010.11.16 10:43:25.809,2.07658,2.07733,1.10,1.10
2010.11.16 10:43:26.139,2.07658,2.07733,1.10,1.10
2010.11.16 10:43:26.470,2.07651,2.07727,1.10,1.10
2010.11.16 10:43:26.690,2.07641,2.07724,1.10,1.10
2010.11.16 10:43:27.020,2.07652,2.07726,1.10,1.10
2010.11.16 10:43:27.569,2.07654,2.07737,1.10,1.10
2010.11.16 10:43:28.041,2.07654,2.07737,1.10,1.50
2010.11.16 10:43:28.369,2.07665,2.07739,1.10,1.50
2010.11.16 10:43:28.757,2.07654,2.07737,1.10,1.10
2010.11.16 10:43:30.048,2.07651,2.07727,1.10,1.10
2010.11.16 10:43:31.109,2.07641,2.07724,1.10,1.10
2010.11.16 10:43:32.038,2.07639,2.07713,1.10,1.10
2010.11.16 10:43:32.479,2.07641,2.07724,1.10,1.10
2010.11.16 10:43:35.409,2.07631,2.07708,1.10,1.10
2010.11.16 10:43:35.910,2.07639,2.07713,1.10,1.10
2010.11.16 10:43:36.238,2.0764,2.07725,1.10,1.10
2010.11.16 10:43:38.189,2.07629,2.07723,1.30,1.10
2010.11.16 10:43:38.519,2.07638,2.07714,1.10,1.10
2010.11.16 10:43:38.890,2.07627,2.07712,1.10,1.10
2010.11.16 10:43:39.658,2.0763,2.07722,1.10,1.10
2010.11.16 10:43:40.039,2.0763,2.07722,1.10,1.50
2010.11.16 10:43:40.258,2.07628,2.07711,1.10,1.10
2010.11.16 10:43:44.128,2.07613,2.07705,1.30,1.10
2010.11.16 10:43:46.158,2.07611,2.07694,1.10,1.10
2010.11.16 10:43:49.460,2.07603,2.07677,1.10,1.10
2010.11.16 10:43:51.009,2.07608,2.07684,1.10,1.10
2010.11.16 10:43:52.060,2.07603,2.07677,1.10,1.10
2010.11.16 10:43:58.389,2.07602,2.07678,1.10,1.10
2010.11.16 10:43:58.830,2.0759,2.07664,1.10,1.10
2010.11.16 10:43:59.049,2.07582,2.07658,1.10,1.10
2010.11.16 10:43:59.489,2.07576,2.07652,1.10,1.10
2010.11.16 10:43:59.849,2.07569,2.07645,1.10,1.10
2010.11.16 10:44:01.876,2.07558,2.07643,1.10,1.10
2010.11.16 10:44:02.321,2.0757,2.07644,1.10,1.10
2010.11.16 10:44:02.996,2.07556,2.07632,1.10,1.10
2010.11.16 10:44:03.785,2.07565,2.07639,1.10,1.10
2010.11.16 10:44:03.912,2.07559,2.07644,1.10,1.10
2010.11.16 10:44:04.131,2.0757,2.07644,1.10,1.10
2010.11.16 10:44:04.628,2.07559,2.07644,1.10,1.10
2010.11.16 10:44:04.849,2.07569,2.07645,1.10,1.10
2010.11.16 10:44:05.810,2.07559,2.07644,1.10,1.10
2010.11.16 10:44:06.928,2.0755,2.07626,1.30,1.10
2010.11.16 10:44:07.698,2.07558,2.07634,1.10,1.10
2010.11.16 10:44:08.040,2.07559,2.07642,1.10,1.10
2010.11.16 10:44:08.259,2.07556,2.07632,1.10,1.10
2010.11.16 10:44:10.130,2.07559,2.07642,1.10,1.10
2010.11.16 10:44:10.239,2.07569,2.07645,1.10,1.10
2010.11.16 10:44:10.689,2.07572,2.07655,1.10,1.10
2010.11.16 10:44:15.559,2.07571,2.07654,1.10,1.10
2010.11.16 10:44:15.670,2.07561,2.07653,1.10,1.10
2010.11.16 10:44:15.888,2.07559,2.07642,1.30,1.10
2010.11.16 10:44:19.470,2.07551,2.07625,1.10,1.10
2010.11.16 10:44:20.019,2.07557,2.07631,1.10,1.10
2010.11.16 10:44:20.239,2.0755,2.07626,1.10,1.10
2010.11.16 10:44:20.459,2.07543,2.07619,1.50,1.10
2010.11.16 10:44:20.680,2.07549,2.07648,1.10,1.70
2010.11.16 10:44:20.902,2.07549,2.07648,1.10,1.30
2010.11.16 10:44:21.230,2.07545,2.0763,1.10,1.10
2010.11.16 10:44:21.601,2.07545,2.0763,1.10,1.10
2010.11.16 10:44:21.709,2.07557,2.07631,1.10,1.10
2010.11.16 10:44:25.919,2.07558,2.07643,1.10,1.10
2010.11.16 10:44:26.470,2.0756,2.07652,1.10,1.50
2010.11.16 10:44:26.841,2.07558,2.07643,1.10,1.10
2010.11.16 10:44:29.169,2.07559,2.07639,1.10,1.10
2010.11.16 10:44:29.528,2.07547,2.07638,1.10,1.10
2010.11.16 10:44:29.749,2.07558,2.07643,1.10,1.10
2010.11.16 10:44:31.873,2.07562,2.07645,1.10,1.10
2010.11.16 10:44:36.330,2.07559,2.07635,1.10,1.10
2010.11.16 10:44:39.820,2.07549,2.07632,1.10,1.10
2010.11.16 10:44:40.429,2.0755,2.07644,1.10,1.10
2010.11.16 10:44:41.230,2.0756,2.07645,1.10,1.10
2010.11.16 10:44:42.219,2.07571,2.07647,1.10,1.10
2010.11.16 10:44:44.789,2.0755,2.07644,1.10,1.10
2010.11.16 10:44:45.009,2.07573,2.07647,1.10,1.10
2010.11.16 10:44:45.341,2.07546,2.0762,1.10,1.10
2010.11.16 10:44:45.669,2.07562,2.07645,1.10,1.50
2010.11.16 10:44:45.999,2.07551,2.07643,1.10,1.10
2010.11.16 10:44:47.380,2.07562,2.07646,1.10,1.10
2010.11.16 10:44:47.929,2.07563,2.07645,1.50,1.10
2010.11.16 10:44:48.285,2.07591,2.07667,1.10,1.80
2010.11.16 10:44:49.269,2.07598,2.07674,1.10,1.10
2010.11.16 10:44:52.339,2.07605,2.07679,1.10,1.10
2010.11.16 10:44:52.770,2.07612,2.07686,1.10,1.10
2010.11.16 10:44:53.099,2.07612,2.07697,1.10,1.50
2010.11.16 10:44:53.319,2.07611,2.07687,1.10,1.10
2010.11.16 10:44:54.229,2.07601,2.07684,1.10,1.10
2010.11.16 10:44:55.988,2.07591,2.07683,1.10,1.10
2010.11.16 10:44:56.429,2.0759,2.07682,1.30,1.50
2010.11.16 10:44:57.449,2.07565,2.07656,1.50,1.10
2010.11.16 10:44:57.559,2.07574,2.07659,1.10,1.10
2010.11.16 10:44:57.669,2.07564,2.07657,1.50,1.10
2010.11.16 10:44:57.889,2.07575,2.07658,1.10,1.10
2010.11.16 10:44:58.486,2.07565,2.07656,1.50,1.10
2010.11.16 10:44:58.709,2.07575,2.07658,1.10,1.10
2010.11.16 10:44:59.259,2.07563,2.07645,1.50,1.10
2010.11.16 10:45:00.459,2.07573,2.07649,1.10,1.10
2010.11.16 10:45:01.036,2.07563,2.07645,1.50,1.10
2010.11.16 10:45:01.260,2.07577,2.0766,1.10,1.10
2010.11.16 10:45:01.590,2.07585,2.07661,1.10,1.10
2010.11.16 10:45:29.255,2.07585,2.07661,1.10,1.30
2010.11.16 10:45:29.480,2.07568,2.07642,1.30,1.10
2010.11.16 10:45:29.590,2.07579,2.07653,1.10,1.10
2010.11.16 10:45:29.699,2.07578,2.07659,1.10,1.10
2010.11.16 10:45:33.189,2.076,2.07664,1.10,1.10
2010.11.16 10:45:36.858,2.07609,2.07664,1.10,1.10
2010.11.16 10:45:37.990,2.07601,2.07663,1.10,1.10
2010.11.16 10:45:38.749,2.07609,2.07664,1.10,1.10
2010.11.16 10:45:39.889,2.076,2.07664,1.30,1.10
2010.11.16 10:45:39.999,2.07608,2.07665,1.10,1.10
2010.11.16 10:45:55.991,2.07611,2.07675,1.10,1.10
2010.11.16 10:45:56.430,2.07628,2.07683,1.10,1.10
2010.11.16 10:45:56.759,2.07622,2.07677,1.10,1.10
2010.11.16 10:45:57.939,2.07627,2.07684,1.10,1.10
2010.11.16 10:45:58.049,2.07621,2.07678,1.10,1.10
2010.11.16 10:46:05.649,2.07621,2.07678,1.10,1.30
2010.11.16 10:46:05.760,2.07609,2.07664,1.10,1.10
2010.11.16 10:46:06.207,2.07601,2.07663,1.10,1.10
2010.11.16 10:46:10.684,2.07582,2.07639,1.50,1.10
2010.11.16 10:46:11.011,2.07591,2.07646,1.10,1.10
2010.11.16 10:46:11.529,2.07583,2.07638,1.10,1.10
2010.11.16 10:46:19.609,2.07571,2.07637,1.10,1.10
2010.11.16 10:46:24.839,2.07561,2.07618,1.10,1.10
2010.11.16 10:46:31.068,2.07562,2.07617,1.30,1.10
2010.11.16 10:46:31.179,2.07563,2.07629,1.30,1.10
2010.11.16 10:46:31.872,2.07561,2.07618,1.10,1.10
2010.11.16 10:46:36.580,2.0758,2.07626,1.10,1.10
2010.11.16 10:46:36.798,2.07562,2.07617,1.10,1.10
2010.11.16 10:46:39.887,2.07561,2.07618,1.10,1.10
2010.11.16 10:46:43.741,2.07568,2.07618,1.10,1.10
2010.11.16 10:46:44.068,2.07561,2.07618,1.10,1.10
2010.11.16 10:46:44.180,2.07568,2.07618,1.10,1.10
2010.11.16 10:46:44.612,2.07544,2.0761,1.50,1.10
2010.11.16 10:46:44.940,2.07534,2.07591,1.10,1.10
2010.11.16 10:46:45.269,2.07544,2.0761,1.10,1.10
2010.11.16 10:46:45.489,2.07535,2.0759,1.10,1.10
2010.11.16 10:46:47.369,2.07533,2.07579,1.10,1.10
2010.11.16 10:46:48.734,2.07534,2.07591,2.00,1.10
2010.11.16 10:46:48.843,2.07565,2.07611,1.10,1.50
2010.11.16 10:46:48.951,2.0754,2.07613,1.40,1.30
2010.11.16 10:46:49.062,2.07538,2.07613,2.00,1.30
2010.11.16 10:46:49.170,2.07544,2.07612,1.40,1.10
2010.11.16 10:46:53.138,2.07549,2.07604,1.10,1.10
2010.11.16 10:46:53.883,2.07535,2.07592,1.10,1.10
2010.11.16 10:46:54.429,2.07535,2.07592,1.30,1.10
2010.11.16 10:46:54.649,2.07543,2.07615,1.10,1.10
2010.11.16 10:46:54.759,2.07549,2.07604,1.10,1.10
2010.11.16 10:46:54.980,2.0755,2.07616,1.10,1.10
2010.11.16 10:46:55.723,2.07548,2.07605,1.10,1.10
2010.11.16 10:46:56.709,2.07573,2.07619,1.10,1.10
2010.11.16 10:46:57.947,2.07574,2.07631,1.10,1.10
2010.11.16 10:46:58.069,2.07573,2.07619,1.10,1.10
2010.11.16 10:46:58.379,2.07573,2.07619,2.00,1.10
2010.11.16 10:46:58.490,2.07591,2.07639,1.10,1.50
2010.11.16 10:46:58.599,2.07591,2.07639,1.10,1.50
2010.11.16 10:46:58.819,2.07585,2.07633,1.10,1.10
2010.11.16 10:46:59.202,2.07574,2.07631,1.50,1.10
2010.11.16 10:46:59.639,2.07572,2.0762,1.30,1.10
2010.11.16 10:47:00.909,2.07574,2.07631,1.10,1.10
2010.11.16 10:47:01.131,2.07572,2.0762,1.10,1.10
2010.11.16 10:47:03.554,2.07562,2.07619,1.10,1.10
2010.11.16 10:47:03.661,2.07549,2.07606,1.50,1.10
2010.11.16 10:47:03.879,2.07527,2.07601,3.50,1.10
2010.11.16 10:47:03.990,2.07533,2.07607,1.30,1.30
2010.11.16 10:47:07.674,2.07532,2.07606,1.10,1.10
2010.11.16 10:47:07.798,2.07499,2.07603,1.70,1.10
2010.11.16 10:47:08.131,2.07499,2.07603,1.50,2.00
2010.11.16 10:47:10.359,2.0751,2.07565,1.10,1.10
2010.11.16 10:47:10.921,2.07487,2.07561,1.80,1.10
2010.11.16 10:47:11.139,2.07487,2.07561,1.10,1.10
2010.11.16 10:47:13.249,2.07493,2.07568,1.10,1.10
2010.11.16 10:47:17.939,2.07493,2.07568,1.30,1.10
2010.11.16 10:47:18.050,2.07493,2.07568,1.70,1.10
2010.11.16 10:47:18.853,2.07519,2.07595,1.10,1.50
2010.11.16 10:47:18.961,2.07516,2.07572,1.10,1.10
2010.11.16 10:47:19.400,2.07497,2.07552,1.50,1.10
2010.11.16 10:47:20.589,2.07502,2.0756,1.10,1.10
2010.11.16 10:47:21.170,2.07509,2.07566,1.10,1.10
2010.11.16 10:47:21.500,2.07516,2.07572,1.10,1.10
2010.11.16 10:47:23.912,2.07498,2.07553,1.30,1.10
2010.11.16 10:47:24.579,2.07506,2.07561,1.10,1.10
2010.11.16 10:47:25.580,2.07512,2.07568,1.10,1.10
2010.11.16 10:47:25.690,2.07518,2.07575,1.10,1.10
2010.11.16 10:47:30.919,2.07525,2.07581,1.10,1.10
2010.11.16 10:47:31.669,2.07518,2.07575,1.10,1.10
2010.11.16 10:47:32.001,2.07511,2.07569,1.10,1.10
2010.11.16 10:47:37.433,2.075,2.07574,1.50,1.10
2010.11.16 10:47:37.564,2.07525,2.07587,1.10,1.10
2010.11.16 10:47:37.890,2.07526,2.07586,1.10,1.10
2010.11.16 10:47:39.220,2.07515,2.07573,1.10,1.10
2010.11.16 10:47:39.550,2.07525,2.07587,1.10,1.50
2010.11.16 10:47:39.659,2.07525,2.07587,1.10,1.10
2010.11.16 10:47:39.769,2.07531,2.07588,1.10,1.10
2010.11.16 10:47:39.989,2.07525,2.07587,1.10,1.10
2010.11.16 10:47:41.379,2.07512,2.07568,1.10,1.10
2010.11.16 10:47:42.006,2.07537,2.07595,1.10,1.50
2010.11.16 10:47:42.230,2.07521,2.07585,1.10,1.10
2010.11.16 10:47:44.131,2.07511,2.07569,1.10,1.10
2010.11.16 10:47:44.351,2.0752,2.07586,1.10,1.10
2010.11.16 10:47:48.491,2.0752,2.07586,1.10,1.70
2010.11.16 10:47:48.710,2.0752,2.07586,1.10,1.10
2010.11.16 10:47:50.490,2.07511,2.07569,1.10,1.10
2010.11.16 10:47:51.428,2.07519,2.07574,1.10,1.10
2010.11.16 10:47:51.758,2.07521,2.07585,1.10,1.10
2010.11.16 10:47:54.660,2.07511,2.07569,1.10,1.10
2010.11.16 10:47:58.909,2.07524,2.07582,1.10,1.50
2010.11.16 10:47:59.238,2.07532,2.07587,1.10,1.10
2010.11.16 10:47:59.460,2.07537,2.07595,1.10,1.10
2010.11.16 10:47:59.681,2.07532,2.07587,1.10,1.10
2010.11.16 10:48:04.960,2.07533,2.07599,1.10,1.30
2010.11.16 10:48:05.269,2.07531,2.07588,1.10,1.10
2010.11.16 10:48:10.711,2.07546,2.07612,1.10,1.50
2010.11.16 10:48:11.219,2.07545,2.076,1.10,1.10
2010.11.16 10:48:17.020,2.07534,2.07598,1.10,1.10
2010.11.16 10:48:20.000,2.07531,2.07588,1.10,1.10
2010.11.16 10:48:23.089,2.07525,2.07581,1.10,1.10
2010.11.16 10:48:24.219,2.07532,2.07587,1.10,1.10
2010.11.16 10:48:24.999,2.07525,2.07581,1.10,1.10
2010.11.16 10:48:26.279,2.07519,2.07574,1.10,1.10
2010.11.16 10:48:26.389,2.07511,2.07569,1.50,1.10
2010.11.16 10:48:26.720,2.07518,2.07575,1.10,1.10
2010.11.16 10:48:28.381,2.07524,2.07582,1.10,1.10
2010.11.16 10:48:28.490,2.07532,2.07587,1.10,1.10
2010.11.16 10:48:28.841,2.0752,2.07586,1.10,1.10
2010.11.16 10:48:48.159,2.07531,2.07588,1.10,1.10
2010.11.16 10:48:52.881,2.07526,2.07586,1.10,1.10
2010.11.16 10:48:55.353,2.07531,2.07588,1.10,1.10
2010.11.16 10:48:57.469,2.07533,2.07599,1.10,1.50
2010.11.16 10:48:58.508,2.07527,2.07598,1.10,1.10
2010.11.16 10:48:58.839,2.07534,2.07598,1.10,1.10
2010.11.16 10:49:04.178,2.07527,2.07598,1.10,1.10
2010.11.16 10:49:12.361,2.07523,2.07596,1.10,1.10
2010.11.16 10:49:12.710,2.07545,2.076,1.10,1.10
2010.11.16 10:49:13.150,2.07527,2.07598,1.10,1.50
2010.11.16 10:49:13.262,2.07526,2.07586,1.10,1.10
2010.11.16 10:49:13.641,2.07528,2.07597,1.10,1.10
2010.11.16 10:49:15.562,2.07522,2.07597,1.10,1.10
2010.11.16 10:49:24.669,2.07533,2.07599,1.10,1.10
2010.11.16 10:49:25.229,2.07525,2.07598,1.10,1.10
2010.11.16 10:49:25.449,2.07533,2.07599,1.10,1.10
2010.11.16 10:49:26.681,2.07522,2.07597,1.10,1.10
2010.11.16 10:49:27.016,2.07534,2.07598,1.10,1.10
2010.11.16 10:49:34.250,2.07534,2.07598,1.70,1.10
2010.11.16 10:49:34.579,2.07558,2.07613,1.10,1.10
2010.11.16 10:49:36.152,2.07552,2.07609,1.10,1.10
2010.11.16 10:49:41.099,2.07558,2.07613,1.10,1.10
2010.11.16 10:49:45.300,2.07559,2.07614,1.10,1.10
2010.11.16 10:50:17.378,2.07549,2.07606,1.10,1.10
2010.11.16 10:50:17.489,2.07557,2.07614,1.10,1.10
2010.11.16 10:50:19.919,2.07556,2.07613,1.10,1.10
2010.11.16 10:50:21.238,2.07547,2.07611,1.10,1.10
2010.11.16 10:50:26.339,2.07547,2.07611,1.10,1.80
2010.11.16 10:50:32.430,2.07547,2.07611,1.10,1.50
2010.11.16 10:50:36.859,2.07541,2.07606,1.10,1.10
2010.11.16 10:50:39.736,2.07553,2.0761,1.10,1.10
2010.11.16 10:50:40.290,2.07546,2.07603,1.10,1.10
2010.11.16 10:50:47.450,2.07519,2.07604,1.30,2.00
2010.11.16 10:50:47.785,2.0752,2.07589,1.10,1.10
2010.11.16 10:50:47.890,2.07515,2.07572,1.10,1.10
2010.11.16 10:50:48.110,2.07518,2.07581,1.10,1.10
2010.11.16 10:50:48.441,2.07511,2.07566,1.10,1.10
2010.11.16 10:50:49.429,2.07524,2.07579,1.10,1.80
2010.11.16 10:50:50.260,2.07514,2.07589,1.10,1.80
2010.11.16 10:50:50.702,2.07524,2.0758,1.10,1.80
2010.11.16 10:50:52.469,2.07526,2.0759,1.10,1.10
2010.11.16 10:50:52.699,2.07526,2.0759,1.10,1.30
2010.11.16 10:50:52.922,2.07513,2.07577,1.10,1.50
2010.11.16 10:50:53.272,2.07513,2.07577,1.10,1.10
2010.11.16 10:50:53.599,2.07514,2.07589,1.10,1.10
2010.11.16 10:50:53.930,2.07513,2.07577,1.10,1.10
2010.11.16 10:50:55.327,2.07503,2.07561,1.30,1.10
2010.11.16 10:50:56.919,2.07497,2.07554,1.30,1.10
2010.11.16 10:50:59.120,2.07504,2.0756,1.10,1.10
2010.11.16 10:50:59.449,2.07498,2.07553,1.10,1.10
2010.11.16 10:51:05.300,2.07504,2.0756,1.10,1.10
2010.11.16 10:51:05.819,2.07497,2.07554,1.30,1.10
2010.11.16 10:51:08.094,2.07499,2.07565,1.10,1.50
2010.11.16 10:51:10.499,2.07505,2.07576,1.10,1.80
2010.11.16 10:51:10.610,2.07513,2.07577,1.10,1.80
2010.11.16 10:51:11.210,2.07491,2.07547,1.50,1.10
2010.11.16 10:51:11.541,2.075,2.07564,1.10,1.50
2010.11.16 10:51:11.760,2.075,2.07564,1.10,1.10
2010.11.16 10:51:12.091,2.07517,2.07573,1.10,1.80
2010.11.16 10:51:12.199,2.07501,2.07576,1.30,1.80
2010.11.16 10:51:12.310,2.07501,2.07576,1.30,1.80
2010.11.16 10:51:12.639,2.07501,2.07576,1.30,1.10
2010.11.16 10:51:13.410,2.07513,2.07577,1.10,1.10
2010.11.16 10:51:21.122,2.0749,2.07573,1.10,1.10
2010.11.16 10:51:21.573,2.07486,2.0755,1.10,1.10
2010.11.16 10:51:21.901,2.07462,2.07547,1.10,1.70
2010.11.16 10:51:22.014,2.07444,2.0752,1.50,1.10
2010.11.16 10:51:22.122,2.07435,2.0752,1.10,1.10
2010.11.16 10:51:22.231,2.07435,2.0752,1.10,1.30
2010.11.16 10:51:29.127,2.07424,2.07481,1.10,1.10
2010.11.16 10:51:31.910,2.07425,2.0748,1.30,1.10
2010.11.16 10:51:33.220,2.07431,2.07486,1.10,1.70
2010.11.16 10:51:33.330,2.07408,2.07454,1.10,1.10
2010.11.16 10:51:33.744,2.0742,2.07468,1.30,1.10
2010.11.16 10:51:33.856,2.0743,2.07487,1.30,1.80
2010.11.16 10:51:36.080,2.07424,2.07481,1.10,1.50
2010.11.16 10:51:38.460,2.07425,2.0748,1.10,1.50
2010.11.16 10:51:45.449,2.07425,2.0748,1.10,1.10
2010.11.16 10:51:47.863,2.07431,2.07486,1.10,1.10
2010.11.16 10:52:00.689,2.07431,2.07486,1.10,1.50
2010.11.16 10:52:01.022,2.0743,2.07487,1.10,1.50
2010.11.16 10:52:03.710,2.07435,2.0751,1.10,1.80
2010.11.16 10:52:08.871,2.07423,2.07479,1.10,1.10
2010.11.16 10:52:11.089,2.07435,2.07481,1.10,1.10
2010.11.16 10:52:11.311,2.07423,2.07484,1.10,1.10
2010.11.16 10:52:15.489,2.07422,2.07485,1.10,1.50
2010.11.16 10:52:18.251,2.07427,2.07472,1.10,1.10
2010.11.16 10:52:18.580,2.0742,2.07466,1.30,1.10
2010.11.16 10:52:19.472,2.07412,2.07465,1.10,1.10
2010.11.16 10:52:22.459,2.07412,2.0747,1.30,1.50
2010.11.16 10:52:24.155,2.07413,2.07461,1.10,1.10
2010.11.16 10:52:24.491,2.07414,2.07475,1.10,1.80
2010.11.16 10:52:26.680,2.07414,2.07475,1.10,1.80
2010.11.16 10:52:26.901,2.07401,2.07461,1.10,1.10
2010.11.16 10:52:27.920,2.07403,2.07467,1.10,1.50
2010.11.16 10:52:28.029,2.07401,2.07456,1.10,1.10
2010.11.16 10:52:29.770,2.07392,2.07446,1.10,1.10
2010.11.16 10:52:30.309,2.07394,2.07457,1.10,1.10
2010.11.16 10:52:30.420,2.07391,2.07447,1.10,1.10
2010.11.16 10:52:32.692,2.07402,2.07448,1.10,1.50
2010.11.16 10:52:35.900,2.07394,2.07457,1.10,3.60
2010.11.16 10:52:36.273,2.07384,2.07432,1.10,1.10
2010.11.16 10:52:36.490,2.07391,2.07447,1.10,1.50
2010.11.16 10:52:37.946,2.07405,2.07459,1.10,1.80
2010.11.16 10:52:41.187,2.07422,2.07467,1.10,3.60
2010.11.16 10:52:41.519,2.07415,2.07464,1.10,1.80
2010.11.16 10:52:41.740,2.07409,2.07455,1.10,1.80
2010.11.16 10:52:42.180,2.07404,2.0746,1.10,1.80
2010.11.16 10:52:42.404,2.07404,2.0746,1.10,1.10
2010.11.16 10:52:50.302,2.07416,2.07462,1.10,1.30
2010.11.16 10:52:52.400,2.0742,2.07473,1.10,3.60
2010.11.16 10:52:53.741,2.07406,2.0746,1.10,1.10
2010.11.16 10:53:00.521,2.07406,2.0746,1.10,1.10
2010.11.16 10:53:00.742,2.07393,2.07458,1.30,1.10
2010.11.16 10:53:04.718,2.07393,2.07458,1.30,1.50
2010.11.16 10:53:05.050,2.07406,2.0746,1.10,1.50
2010.11.16 10:53:11.049,2.07406,2.0746,1.10,1.70
2010.11.16 10:53:11.270,2.07376,2.07439,1.10,1.30
2010.11.16 10:53:11.492,2.07376,2.07439,1.10,3.60
2010.11.16 10:53:11.601,2.07353,2.07435,1.10,5.50
2010.11.16 10:53:12.068,2.07387,2.07445,1.10,3.60
2010.11.16 10:53:12.400,2.07387,2.07445,1.10,1.80
2010.11.16 10:53:22.062,2.07388,2.07438,1.10,1.40
2010.11.16 10:53:22.169,2.07365,2.07411,1.30,1.30
2010.11.16 10:53:22.389,2.07365,2.07411,1.10,1.30
2010.11.16 10:53:22.610,2.07334,2.07391,1.10,2.00
2010.11.16 10:53:22.720,2.07351,2.07397,1.10,2.00
2010.11.16 10:53:23.020,2.07351,2.07397,1.10,1.30
2010.11.16 10:53:26.796,2.07358,2.07406,1.10,2.00
2010.11.16 10:53:26.912,2.07358,2.07406,1.10,1.30
2010.11.16 10:53:27.299,2.07365,2.07412,1.10,1.30
2010.11.16 10:53:27.630,2.07371,2.07417,1.10,1.30
2010.11.16 10:53:27.849,2.07365,2.07412,1.10,1.10
2010.11.16 10:53:30.181,2.07366,2.07411,1.10,1.10
2010.11.16 10:53:30.292,2.07349,2.07404,1.10,1.30
2010.11.16 10:53:30.510,2.07325,2.07401,1.30,2.00
2010.11.16 10:53:30.620,2.07325,2.07401,1.10,2.00
2010.11.16 10:53:30.731,2.07349,2.07404,1.10,1.10
2010.11.16 10:53:32.719,2.07325,2.07371,1.30,1.30
2010.11.16 10:53:32.939,2.07325,2.07371,1.10,1.30
2010.11.16 10:53:34.159,2.07322,2.07377,1.10,1.10
2010.11.16 10:53:35.530,2.07327,2.07396,1.10,1.70
2010.11.16 10:53:35.639,2.07327,2.07396,1.10,1.30
2010.11.16 10:53:36.356,2.07341,2.07398,1.10,1.10
2010.11.16 10:53:40.111,2.07342,2.07399,1.10,1.10
2010.11.16 10:53:40.221,2.07345,2.07408,1.10,1.50
2010.11.16 10:53:40.550,2.07342,2.07399,1.10,1.10
2010.11.16 10:53:47.674,2.07341,2.07398,1.10,1.10
2010.11.16 10:53:50.481,2.07348,2.07405,1.10,1.80
2010.11.16 10:53:51.680,2.07351,2.07408,1.10,3.60
2010.11.16 10:53:52.011,2.07343,2.074,1.10,1.50
2010.11.16 10:53:52.121,2.07333,2.07396,1.10,1.10
2010.11.16 10:53:53.390,2.07341,2.07397,1.10,1.10
2010.11.16 10:53:53.872,2.0733,2.07394,1.10,1.10
2010.11.16 10:53:56.080,2.0734,2.07395,1.10,1.10
2010.11.16 10:53:57.868,2.0735,2.07407,1.10,1.80
2010.11.16 10:53:58.016,2.07365,2.0742,1.10,1.70
2010.11.16 10:53:58.206,2.07343,2.07389,1.10,1.10
2010.11.16 10:53:58.685,2.07332,2.07388,1.50,1.10
2010.11.16 10:53:58.912,2.07331,2.07377,1.10,1.10
2010.11.16 10:54:03.237,2.07316,2.07363,1.10,1.10
2010.11.16 10:54:03.352,2.07344,2.07389,1.10,1.10
2010.11.16 10:54:03.461,2.07339,2.07396,1.10,1.10
2010.11.16 10:54:04.642,2.07334,2.07389,1.10,1.10
2010.11.16 10:54:05.665,2.0731,2.07381,1.10,1.10
2010.11.16 10:54:05.780,2.07314,2.07369,1.10,1.10
2010.11.16 10:54:06.111,2.07308,2.0737,1.10,1.10
2010.11.16 10:54:06.441,2.07305,2.07379,1.10,1.10
2010.11.16 10:54:06.872,2.0731,2.07381,1.10,1.10
2010.11.16 10:54:08.861,2.07304,2.0738,1.10,1.10
2010.11.16 10:54:09.079,2.07311,2.0738,1.10,1.10
2010.11.16 10:54:11.331,2.07305,2.07379,1.10,1.10
2010.11.16 10:54:11.550,2.07305,2.07379,1.10,2.00
2010.11.16 10:54:11.770,2.0728,2.0737,1.40,1.10
2010.11.16 10:54:12.152,2.07304,2.0738,1.10,1.10
2010.11.16 10:54:12.700,2.07303,2.07372,1.10,1.10
2010.11.16 10:54:15.626,2.07311,2.0738,1.10,1.10
2010.11.16 10:54:22.207,2.07333,2.0739,1.10,1.10
2010.11.16 10:54:22.542,2.07313,2.0737,1.10,1.10
2010.11.16 10:54:22.878,2.07316,2.0738,1.10,1.10
2010.11.16 10:54:30.391,2.07305,2.07362,1.10,1.10
2010.11.16 10:54:42.591,2.07305,2.07362,1.10,2.00
2010.11.16 10:54:42.700,2.07292,2.07349,1.10,1.10
2010.11.16 10:54:45.390,2.07288,2.07348,1.10,1.30
2010.11.16 10:54:45.502,2.07302,2.07361,1.10,2.00
2010.11.16 10:54:45.874,2.07302,2.07361,1.10,1.30
2010.11.16 10:54:46.170,2.07286,2.07353,1.10,1.10
2010.11.16 10:54:46.610,2.07262,2.0735,1.10,1.30
2010.11.16 10:54:49.639,2.07262,2.0735,1.10,2.00
2010.11.16 10:54:50.080,2.07232,2.07299,1.10,1.10
2010.11.16 10:54:50.190,2.07248,2.07308,1.10,1.10
2010.11.16 10:54:50.614,2.07267,2.0735,1.10,1.10
2010.11.16 10:54:53.589,2.07267,2.0735,1.30,1.10
2010.11.16 10:54:53.699,2.07284,2.07358,1.10,1.10
2010.11.16 10:54:54.141,2.07267,2.0735,1.10,2.00
2010.11.16 10:54:54.359,2.07238,2.07295,1.10,1.10
2010.11.16 10:54:54.469,2.07238,2.07295,2.00,1.10
2010.11.16 10:54:54.923,2.07262,2.07328,2.00,1.10
2010.11.16 10:54:55.030,2.07267,2.0735,1.30,1.70
2010.11.16 10:54:55.141,2.07267,2.0735,1.10,2.00
2010.11.16 10:54:55.250,2.07257,2.07333,1.30,1.10
2010.11.16 10:54:56.260,2.07264,2.0734,1.10,1.10
2010.11.16 10:55:00.599,2.07261,2.07316,1.10,1.30
2010.11.16 10:55:01.691,2.07247,2.07296,1.10,1.30
2010.11.16 10:55:01.912,2.0723,2.07289,1.10,1.10
2010.11.16 10:55:02.021,2.0724,2.07295,1.10,1.30
2010.11.16 10:55:02.541,2.07239,2.07296,1.10,1.10
2010.11.16 10:55:03.543,2.07244,2.07317,1.10,2.10
2010.11.16 10:55:03.654,2.07244,2.07318,1.10,1.30
2010.11.16 10:55:06.140,2.07244,2.07318,1.10,2.00
2010.11.16 10:55:06.951,2.0724,2.07295,1.10,1.70
2010.11.16 10:55:08.609,2.07223,2.07287,1.10,1.10
2010.11.16 10:55:08.939,2.07212,2.07286,1.10,1.10
2010.11.16 10:55:09.380,2.07209,2.07275,1.10,1.10
2010.11.16 10:55:13.420,2.07209,2.07275,1.30,1.10
2010.11.16 10:55:13.749,2.07227,2.07281,1.10,1.10
2010.11.16 10:55:13.970,2.07214,2.07297,1.50,1.50
2010.11.16 10:55:14.191,2.07214,2.07297,1.50,1.10
2010.11.16 10:55:17.070,2.07214,2.07269,1.40,1.10
2010.11.16 10:55:17.185,2.07213,2.07298,1.10,1.50
2010.11.16 10:55:17.296,2.07213,2.07298,1.10,1.10
2010.11.16 10:55:17.412,2.07236,2.07302,1.10,1.10
2010.11.16 10:55:24.190,2.07214,2.07297,2.00,1.10
2010.11.16 10:55:24.619,2.07237,2.07301,1.10,1.10
2010.11.16 10:55:25.991,2.07237,2.07299,1.10,1.40
2010.11.16 10:55:26.382,2.07209,2.07275,1.70,1.10
2010.11.16 10:55:26.490,2.07227,2.07281,1.10,1.10
2010.11.16 10:55:26.710,2.07209,2.07275,1.70,1.10
2010.11.16 10:55:26.933,2.07209,2.07275,2.00,1.10
2010.11.16 10:55:27.149,2.07234,2.07293,1.10,1.10
2010.11.16 10:55:37.231,2.07225,2.07273,1.10,1.10
2010.11.16 10:55:37.670,2.07235,2.07292,1.10,1.10
2010.11.16 10:55:40.459,2.07239,2.07302,1.10,1.10
2010.11.16 10:55:40.789,2.07234,2.07293,1.10,1.10
2010.11.16 10:55:41.283,2.07237,2.07301,1.10,1.10
2010.11.16 10:55:42.959,2.07234,2.07293,1.10,1.10
2010.11.16 10:55:43.582,2.07237,2.07301,1.10,1.10
2010.11.16 10:55:46.763,2.07242,2.07302,1.10,1.10
2010.11.16 10:55:47.190,2.07248,2.07303,1.10,1.10
2010.11.16 10:55:47.566,2.07265,2.07322,1.10,3.60
2010.11.16 10:55:48.011,2.07255,2.07315,1.10,1.50
2010.11.16 10:55:53.329,2.07265,2.07322,1.10,1.80
2010.11.16 10:55:56.688,2.07255,2.07315,1.10,1.50
2010.11.16 10:55:56.802,2.07266,2.07321,1.10,1.80
2010.11.16 10:55:57.860,2.07269,2.07329,1.10,1.10
2010.11.16 10:55:58.300,2.07258,2.07327,1.10,1.10
2010.11.16 10:56:00.321,2.07258,2.07327,1.10,1.30
2010.11.16 10:56:00.430,2.07249,2.07307,1.10,1.10
2010.11.16 10:56:00.861,2.07258,2.07327,1.10,1.10
2010.11.16 10:56:02.260,2.07251,2.07326,1.10,1.10
2010.11.16 10:56:06.541,2.07269,2.07329,1.10,1.10
2010.11.16 10:56:06.702,2.07257,2.07326,1.10,1.10
2010.11.16 10:56:08.420,2.07255,2.07315,1.10,1.10
2010.11.16 10:56:09.732,2.07247,2.07308,1.10,1.10
2010.11.16 10:56:10.441,2.07241,2.07306,1.10,1.10
2010.11.16 10:56:13.190,2.0725,2.07309,1.10,1.10
2010.11.16 10:56:13.850,2.07261,2.07318,1.10,1.10
2010.11.16 10:56:15.201,2.07265,2.07327,1.10,1.10
2010.11.16 10:56:15.640,2.07265,2.07327,1.10,2.00
2010.11.16 10:56:16.111,2.07255,2.07308,1.10,1.10
2010.11.16 10:56:18.022,2.07269,2.07317,1.10,1.10
2010.11.16 10:56:18.460,2.07254,2.07309,1.10,1.10
2010.11.16 10:56:18.572,2.07263,2.0731,1.10,1.10
2010.11.16 10:56:19.115,2.07246,2.07303,1.50,1.10
2010.11.16 10:56:23.730,2.07248,2.07314,1.10,1.50
2010.11.16 10:56:24.060,2.0725,2.07325,1.10,1.30
2010.11.16 10:56:24.281,2.07249,2.07313,1.10,1.10
2010.11.16 10:56:27.337,2.07239,2.07312,1.10,1.10
2010.11.16 10:56:28.880,2.07227,2.07309,1.10,1.10
2010.11.16 10:56:32.698,2.07238,2.07311,1.10,1.10
2010.11.16 10:56:32.910,2.07227,2.07309,1.10,1.10
2010.11.16 10:56:33.021,2.07237,2.07312,1.10,1.10
2010.11.16 10:56:33.350,2.07226,2.0731,1.10,1.10
2010.11.16 10:56:35.159,2.07238,2.07311,1.10,1.10
2010.11.16 10:56:35.489,2.07226,2.0731,1.10,1.10
2010.11.16 10:56:36.116,2.07223,2.07297,1.10,1.10
2010.11.16 10:56:36.490,2.07278,2.07329,1.10,3.40
2010.11.16 10:56:36.936,2.07249,2.07323,1.50,1.10
2010.11.16 10:56:37.042,2.07246,2.07313,1.50,1.10
2010.11.16 10:56:40.145,2.07249,2.07323,1.50,1.50
2010.11.16 10:56:40.351,2.07213,2.07268,1.30,1.10
2010.11.16 10:56:40.493,2.07213,2.07268,1.10,1.10
2010.11.16 10:56:41.921,2.07219,2.07276,1.10,1.10
2010.11.16 10:56:42.251,2.07226,2.07281,1.10,1.10
2010.11.16 10:56:42.472,2.07233,2.073,1.10,1.50
2010.11.16 10:56:42.802,2.07245,2.07301,1.10,1.10
2010.11.16 10:56:44.221,2.07233,2.073,1.10,1.10
2010.11.16 10:56:47.959,2.07251,2.07308,1.10,1.10
2010.11.16 10:56:48.291,2.07232,2.07289,1.10,1.10
2010.11.16 10:56:49.155,2.07251,2.07308,1.10,1.10
2010.11.16 10:56:49.733,2.07263,2.07343,2.00,1.90
2010.11.16 10:56:49.954,2.07279,2.07344,1.10,1.50
2010.11.16 10:56:50.342,2.07272,2.07336,1.10,1.10
2010.11.16 10:56:50.451,2.07262,2.07333,1.30,1.10
2010.11.16 10:56:52.282,2.07272,2.07336,1.10,1.10
2010.11.16 10:56:54.351,2.07272,2.07338,1.10,1.10
2010.11.16 10:56:54.461,2.07261,2.07337,1.50,1.10
2010.11.16 10:56:54.791,2.07272,2.07338,1.10,1.10
2010.11.16 10:56:56.312,2.07272,2.07338,1.70,1.10
2010.11.16 10:56:58.333,2.0729,2.07347,1.10,1.10
2010.11.16 10:56:59.212,2.0729,2.07343,1.10,2.50
2010.11.16 10:56:59.323,2.07254,2.07318,1.80,1.10
2010.11.16 10:56:59.826,2.07271,2.07326,1.10,1.10
2010.11.16 10:56:59.941,2.07261,2.07337,1.10,1.10
2010.11.16 10:57:00.161,2.07259,2.07326,1.30,1.10
2010.11.16 10:57:05.481,2.0726,2.07325,1.10,1.10
2010.11.16 10:57:06.392,2.0727,2.07325,1.10,1.10
2010.11.16 10:57:06.833,2.0726,2.07321,1.10,1.10
2010.11.16 10:57:10.152,2.07246,2.07303,1.30,1.10
2010.11.16 10:57:10.260,2.07255,2.07312,1.10,1.10
2010.11.16 10:57:10.481,2.0725,2.07327,1.10,1.30
2010.11.16 10:57:10.923,2.07241,2.07316,1.10,1.30
2010.11.16 10:57:11.032,2.07225,2.07308,1.50,1.10
2010.11.16 10:57:11.142,2.07222,2.07298,1.80,1.10
2010.11.16 10:57:11.472,2.07223,2.07297,1.80,1.10
2010.11.16 10:57:12.015,2.07222,2.07286,1.80,1.10
2010.11.16 10:57:12.121,2.07222,2.07286,1.10,1.10
2010.11.16 10:57:12.451,2.07237,2.07294,1.10,1.10
2010.11.16 10:57:12.864,2.0723,2.07282,1.10,1.10
2010.11.16 10:57:13.522,2.0723,2.07282,1.70,1.10
2010.11.16 10:57:13.631,2.07255,2.07303,1.10,1.10
2010.11.16 10:57:13.742,2.0723,2.07282,1.50,1.10
2010.11.16 10:57:13.964,2.07237,2.07294,1.10,1.10
2010.11.16 10:57:14.473,2.07244,2.07294,1.10,1.10
2010.11.16 10:57:18.751,2.07255,2.07295,1.40,1.10
2010.11.16 10:57:18.971,2.07268,2.07315,1.10,1.10
2010.11.16 10:57:19.080,2.07252,2.07318,1.30,1.10
2010.11.16 10:57:19.191,2.0725,2.07307,1.10,1.10
2010.11.16 10:57:19.588,2.07234,2.07299,2.00,1.10
2010.11.16 10:57:19.702,2.07251,2.07306,1.10,1.10
2010.11.16 10:57:21.692,2.07249,2.07295,1.10,1.10
2010.11.16 10:57:23.644,2.07232,2.07289,1.50,1.10
2010.11.16 10:57:23.750,2.07232,2.07289,1.10,1.10
2010.11.16 10:57:35.541,2.07232,2.07289,1.10,2.00
2010.11.16 10:57:35.874,2.07232,2.07284,1.10,1.40
2010.11.16 10:57:35.982,2.07206,2.07261,1.50,1.10
2010.11.16 10:57:36.200,2.07195,2.07259,1.10,1.10
2010.11.16 10:57:36.421,2.07211,2.07268,1.10,1.10
2010.11.16 10:57:44.308,2.07211,2.07268,1.10,1.30
2010.11.16 10:57:44.640,2.07193,2.07248,1.50,1.10
2010.11.16 10:57:44.751,2.07182,2.07246,1.50,1.10
2010.11.16 10:57:45.242,2.07192,2.07249,1.10,1.10
2010.11.16 10:57:45.363,2.07181,2.07247,1.50,1.10
2010.11.16 10:57:52.426,2.07181,2.07247,1.10,1.10
2010.11.16 10:57:53.993,2.07186,2.07269,1.10,1.10
2010.11.16 10:57:55.052,2.07186,2.07269,1.70,1.10
2010.11.16 10:57:55.447,2.07209,2.07273,1.10,1.10
2010.11.16 10:57:59.541,2.07186,2.07269,1.50,1.10
2010.11.16 10:57:59.650,2.07186,2.07269,1.10,1.10
2010.11.16 10:58:07.420,2.07195,2.0727,1.10,1.10
2010.11.16 10:58:08.492,2.07189,2.07265,1.10,1.10
2010.11.16 10:58:10.900,2.07184,2.07258,1.10,1.10
2010.11.16 10:58:12.423,2.0719,2.07264,1.10,1.10
2010.11.16 10:58:12.861,2.07193,2.07248,1.10,1.10
2010.11.16 10:58:13.413,2.07197,2.07271,1.10,1.10
2010.11.16 10:58:16.587,2.07198,2.07283,1.10,1.80
2010.11.16 10:58:18.490,2.07196,2.07272,1.10,1.10
2010.11.16 10:58:20.509,2.07185,2.0727,1.10,1.10
2010.11.16 10:58:22.478,2.07209,2.07273,1.10,1.10
2010.11.16 10:58:23.584,2.07207,2.07262,1.10,1.10
2010.11.16 10:58:25.870,2.07203,2.0726,1.10,1.10
2010.11.16 10:58:25.980,2.0721,2.07281,1.30,1.10
2010.11.16 10:58:26.565,2.07203,2.0726,1.10,1.10
2010.11.16 10:58:26.781,2.07209,2.07273,1.10,1.10
2010.11.16 10:58:26.891,2.07206,2.07263,1.10,1.10
2010.11.16 10:58:27.110,2.07209,2.07273,1.10,1.10
2010.11.16 10:58:27.221,2.07207,2.07262,1.10,1.10
2010.11.16 10:58:27.550,2.07208,2.07274,1.10,1.10
2010.11.16 10:58:29.172,2.07212,2.07267,1.10,1.10
2010.11.16 10:58:29.522,2.07206,2.07263,1.10,1.10
2010.11.16 10:58:29.741,2.07208,2.07274,1.10,1.10
2010.11.16 10:58:30.990,2.0722,2.07275,1.10,1.10
2010.11.16 10:58:32.441,2.07212,2.07269,1.10,1.10
2010.11.16 10:58:32.772,2.07219,2.07276,1.10,1.10
2010.11.16 10:58:33.211,2.07196,2.07242,1.10,1.10
2010.11.16 10:58:33.586,2.07236,2.07282,1.10,1.10
2010.11.16 10:58:33.802,2.07219,2.07276,1.10,1.10
2010.11.16 10:58:34.353,2.07227,2.07282,1.10,1.10
2010.11.16 10:58:35.013,2.07239,2.07294,1.10,1.10
2010.11.16 10:58:35.230,2.07233,2.0729,1.10,1.10
2010.11.16 10:58:36.057,2.07244,2.07302,1.10,1.10
2010.11.16 10:58:36.164,2.07246,2.07313,1.10,1.10
2010.11.16 10:58:37.374,2.07239,2.07294,1.10,1.10
2010.11.16 10:58:41.450,2.07238,2.07295,1.10,1.30
2010.11.16 10:58:41.924,2.0721,2.07286,1.10,1.50
2010.11.16 10:58:42.034,2.07207,2.07262,1.10,1.10
2010.11.16 10:58:42.363,2.07205,2.07278,1.10,1.10
2010.11.16 10:58:42.471,2.07211,2.07268,1.10,1.10
2010.11.16 10:58:43.007,2.0721,2.07286,1.10,1.10
2010.11.16 10:58:44.150,2.07219,2.07293,1.10,1.10
2010.11.16 10:58:44.694,2.07211,2.07285,1.10,1.10
2010.11.16 10:58:45.701,2.07214,2.07295,1.10,1.10
2010.11.16 10:58:46.251,2.07222,2.07298,1.10,1.10
2010.11.16 10:58:46.590,2.07214,2.07295,1.10,1.10
2010.11.16 10:58:47.361,2.07198,2.07279,3.00,1.10
2010.11.16 10:58:47.580,2.07191,2.07279,1.10,1.10
2010.11.16 10:58:47.801,2.07191,2.07267,1.10,1.10
2010.11.16 10:58:48.214,2.07185,2.07261,1.10,1.10
2010.11.16 10:58:48.750,2.0719,2.07281,1.10,1.50
2010.11.16 10:58:48.860,2.0719,2.07281,1.10,1.10
2010.11.16 10:58:49.079,2.07196,2.07272,1.10,1.10
2010.11.16 10:58:49.301,2.072,2.07294,1.10,1.10
2010.11.16 10:58:49.410,2.07198,2.07286,1.10,1.10
2010.11.16 10:58:51.970,2.07197,2.07271,1.10,1.10
2010.11.16 10:58:52.410,2.07188,2.0727,1.10,1.10
2010.11.16 10:58:52.519,2.07197,2.07271,1.10,1.10
2010.11.16 10:58:54.416,2.07208,2.07265,1.10,1.10
2010.11.16 10:58:56.580,2.07207,2.07262,1.10,1.10
2010.11.16 10:58:58.233,2.07209,2.07273,1.10,1.50
2010.11.16 10:58:58.981,2.0722,2.07275,1.10,1.10
2010.11.16 10:59:04.562,2.07213,2.07268,1.10,1.10
2010.11.16 10:59:21.381,2.07219,2.07276,1.10,1.10
2010.11.16 10:59:21.601,2.07225,2.07282,1.10,1.10
2010.11.16 10:59:21.963,2.07209,2.07256,1.10,1.10
2010.11.16 10:59:23.291,2.07203,2.07249,1.10,1.10
2010.11.16 10:59:26.932,2.072,2.07246,1.10,1.10
2010.11.16 10:59:27.420,2.07194,2.0724,1.10,1.10
2010.11.16 10:59:33.640,2.07194,2.0724,1.70,1.10
2010.11.16 10:59:34.146,2.07217,2.07263,1.10,1.30
2010.11.16 10:59:34.250,2.07204,2.0725,1.50,1.10
2010.11.16 10:59:39.231,2.07209,2.07257,1.10,1.10
2010.11.16 10:59:39.560,2.07213,2.07276,1.10,1.30
2010.11.16 10:59:39.781,2.0721,2.07256,1.10,1.10
2010.11.16 10:59:42.430,2.07203,2.07251,1.10,1.10
2010.11.16 10:59:44.435,2.07216,2.07264,1.10,1.70
2010.11.16 10:59:44.962,2.07231,2.07277,2.00,1.10
2010.11.16 10:59:45.074,2.07241,2.07296,1.10,1.10
2010.11.16 10:59:46.035,2.07233,2.07291,1.10,1.10
2010.11.16 10:59:46.251,2.07227,2.07284,1.10,1.10
2010.11.16 10:59:47.803,2.07234,2.0729,1.10,1.10
2010.11.16 10:59:48.021,2.07236,2.07301,1.10,1.10
2010.11.16 10:59:48.241,2.07244,2.07302,1.10,1.10
2010.11.16 10:59:48.351,2.07235,2.07302,1.10,1.10
2010.11.16 10:59:49.460,2.07234,2.0729,1.10,1.10
2010.11.16 10:59:50.711,2.0724,2.07297,1.10,1.10
2010.11.16 10:59:51.761,2.0725,2.07298,1.10,1.10
2010.11.16 10:59:51.982,2.07261,2.07316,1.70,1.10
2010.11.16 10:59:52.092,2.07277,2.07325,1.10,1.10
2010.11.16 10:59:52.201,2.07288,2.07343,1.10,1.50
2010.11.16 10:59:53.763,2.07281,2.07338,1.10,1.10
2010.11.16 10:59:54.664,2.07287,2.07344,1.10,1.10
2010.11.16 10:59:55.416,2.07281,2.07338,1.10,1.10
2010.11.16 10:59:58.122,2.07288,2.07343,1.10,1.10
2010.11.16 10:59:58.231,2.07281,2.07338,1.10,1.10
