2014.07.01 14:00:00.455,1.95241,1.95378,1.64,1.40
2014.07.01 14:00:00.507,1.95247,1.95383,2.11,1.63
2014.07.01 14:00:00.611,1.95238,1.95376,1.58,1.20
2014.07.01 14:00:01.164,1.95232,1.95381,1.20,1.21
2014.07.01 14:00:01.491,1.9526,1.95371,1.00,1.00
2014.07.01 14:00:01.793,1.95243,1.95371,1.71,1.94
2014.07.01 14:00:02.045,1.9524,1.9538,1.22,1.17
2014.07.01 14:00:02.963,1.95239,1.95379,1.43,1.98
2014.07.01 14:00:03.585,1.95231,1.95381,1.25,1.05
2014.07.01 14:00:03.839,1.95249,1.95361,1.00,1.00
2014.07.01 14:00:04.215,1.95264,1.95361,1.19,1.13
2014.07.01 14:00:04.624,1.95264,1.95357,1.19,1.79
2014.07.01 14:00:05.519,1.95268,1.95358,1.69,1.49
2014.07.01 14:00:06.550,1.95268,1.95362,1.19,1.64
2014.07.01 14:00:07.533,1.95268,1.95347,1.19,1.00
2014.07.01 14:00:07.584,1.95266,1.95347,1.19,1.00
2014.07.01 14:00:08.200,1.95275,1.95347,1.19,1.00
2014.07.01 14:00:08.251,1.95275,1.95355,1.19,1.19
2014.07.01 14:00:08.842,1.95281,1.95355,1.19,1.00
2014.07.01 14:00:08.892,1.95281,1.9536,1.19,1.19
2014.07.01 14:00:09.250,1.95287,1.95368,1.19,1.19
2014.07.01 14:00:09.722,1.95294,1.95374,1.19,1.19
2014.07.01 14:00:10.837,1.95298,1.95374,1.19,1.19
2014.07.01 14:00:11.797,1.95292,1.95366,1.19,1.19
2014.07.01 14:00:11.898,1.95293,1.95365,1.19,1.19
2014.07.01 14:00:12.200,1.95304,1.95364,1.19,1.19
2014.07.01 14:00:12.402,1.95301,1.95364,1.19,1.94
2014.07.01 14:00:12.503,1.95301,1.95362,1.19,2.44
2014.07.01 14:00:12.582,1.95301,1.95364,1.19,3.19
2014.07.01 14:00:12.633,1.95301,1.95364,1.19,1.94
2014.07.01 14:00:12.684,1.95295,1.95354,1.29,1.34
2014.07.01 14:00:12.986,1.95295,1.95352,1.19,2.44
2014.07.01 14:00:13.730,1.95291,1.95347,1.19,1.94
2014.07.01 14:00:13.781,1.95291,1.95347,1.19,3.19
2014.07.01 14:00:14.110,1.95291,1.95338,1.19,2.44
2014.07.01 14:00:14.211,1.95285,1.95338,1.19,2.44
2014.07.01 14:00:14.312,1.95285,1.95331,1.19,2.25
2014.07.01 14:00:14.464,1.95285,1.95337,1.19,2.44
2014.07.01 14:00:14.515,1.95286,1.95337,1.19,2.44
2014.07.01 14:00:14.718,1.95286,1.95341,1.19,2.44
2014.07.01 14:00:15.114,1.9529,1.95341,1.19,2.44
2014.07.01 14:00:15.435,1.9529,1.95344,1.19,2.44
2014.07.01 14:00:15.486,1.9529,1.95346,1.19,2.44
2014.07.01 14:00:15.743,1.9529,1.95348,1.19,3.19
2014.07.01 14:00:15.794,1.9529,1.95348,1.19,1.94
2014.07.01 14:00:15.895,1.9529,1.95348,1.19,1.94
2014.07.01 14:00:16.208,1.95291,1.95343,1.19,2.44
2014.07.01 14:00:16.309,1.95291,1.95345,1.19,2.44
2014.07.01 14:00:16.360,1.95291,1.95347,1.19,1.94
2014.07.01 14:00:16.635,1.95296,1.95348,1.19,2.44
2014.07.01 14:00:16.930,1.95296,1.95354,1.19,2.44
2014.07.01 14:00:17.031,1.95305,1.95354,1.19,2.25
2014.07.01 14:00:17.083,1.95305,1.95357,1.19,2.44
2014.07.01 14:00:17.188,1.95305,1.95355,1.19,2.25
2014.07.01 14:00:17.537,1.95305,1.9535,1.19,2.25
2014.07.01 14:00:17.956,1.95302,1.9535,1.19,2.44
2014.07.01 14:00:18.108,1.95302,1.95346,1.19,2.25
2014.07.01 14:00:18.481,1.95302,1.95344,1.19,2.25
2014.07.01 14:00:18.708,1.95302,1.95346,1.19,2.25
2014.07.01 14:00:18.759,1.95302,1.95348,1.19,2.44
2014.07.01 14:00:18.860,1.95296,1.95343,1.19,2.25
2014.07.01 14:00:19.062,1.95296,1.95338,1.19,2.25
2014.07.01 14:00:19.756,1.95296,1.95344,1.19,2.25
2014.07.01 14:00:19.984,1.953,1.95344,1.19,2.25
2014.07.01 14:00:20.315,1.95298,1.95336,1.19,1.75
2014.07.01 14:00:20.416,1.95278,1.95334,1.19,1.75
2014.07.01 14:00:20.517,1.95278,1.95318,1.19,2.25
2014.07.01 14:00:20.977,1.95273,1.95318,1.19,2.25
2014.07.01 14:00:21.203,1.95273,1.95314,1.19,1.15
2014.07.01 14:00:21.304,1.95273,1.95314,1.19,1.75
2014.07.01 14:00:21.405,1.95268,1.95314,1.19,1.75
2014.07.01 14:00:21.506,1.95268,1.95308,1.19,1.15
2014.07.01 14:00:22.235,1.95263,1.95309,1.19,1.20
2014.07.01 14:00:23.029,1.95263,1.9531,1.19,1.15
2014.07.01 14:00:23.126,1.95263,1.9531,1.19,1.15
2014.07.01 14:00:23.378,1.95263,1.95312,1.19,1.15
2014.07.01 14:00:24.669,1.95263,1.9531,1.19,1.15
2014.07.01 14:00:24.870,1.9526,1.9531,1.19,1.40
2014.07.01 14:00:25.153,1.95258,1.95306,1.19,1.15
2014.07.01 14:00:25.835,1.95258,1.95303,1.19,1.15
2014.07.01 14:00:26.423,1.95264,1.95313,1.00,1.94
2014.07.01 14:00:26.801,1.95259,1.95312,1.19,1.94
2014.07.01 14:00:27.195,1.95254,1.95308,1.19,1.94
2014.07.01 14:00:27.511,1.95254,1.95306,1.19,1.94
2014.07.01 14:00:27.961,1.95254,1.95306,1.19,1.94
2014.07.01 14:00:28.275,1.95252,1.95303,1.19,2.00
2014.07.01 14:00:28.376,1.95246,1.95303,1.19,1.94
2014.07.01 14:00:28.427,1.95242,1.95294,1.19,2.25
2014.07.01 14:00:28.731,1.95242,1.95289,1.19,2.25
2014.07.01 14:00:29.596,1.9524,1.95289,1.19,2.25
2014.07.01 14:00:29.697,1.9524,1.95293,1.19,2.44
2014.07.01 14:00:29.849,1.95242,1.95298,1.19,1.94
2014.07.01 14:00:29.900,1.95246,1.95298,1.19,1.94
2014.07.01 14:00:30.304,1.95251,1.953,1.19,2.25
2014.07.01 14:00:30.354,1.95251,1.95305,1.19,2.44
2014.07.01 14:00:31.024,1.95244,1.95302,1.19,1.94
2014.07.01 14:00:31.125,1.95244,1.95299,1.19,2.44
2014.07.01 14:00:31.430,1.95237,1.95299,1.19,3.19
2014.07.01 14:00:31.903,1.95237,1.95291,1.19,2.44
2014.07.01 14:00:32.116,1.95237,1.95298,1.19,2.44
2014.07.01 14:00:32.355,1.95237,1.95295,1.69,1.34
2014.07.01 14:00:33.037,1.95238,1.95295,1.19,1.34
2014.07.01 14:00:33.554,1.95239,1.95295,1.19,1.34
2014.07.01 14:00:34.436,1.95239,1.95294,1.19,1.94
2014.07.01 14:00:34.738,1.95247,1.95303,1.19,1.94
2014.07.01 14:00:35.423,1.95247,1.95294,1.19,1.75
2014.07.01 14:00:35.474,1.95238,1.95294,1.19,1.94
2014.07.01 14:00:35.881,1.95238,1.95273,1.19,1.00
2014.07.01 14:00:36.041,1.95238,1.9529,1.19,1.34
2014.07.01 14:00:36.092,1.95238,1.9529,1.19,1.64
2014.07.01 14:00:36.193,1.95238,1.95289,1.19,1.34
2014.07.01 14:00:36.423,1.95231,1.95288,1.27,1.64
2014.07.01 14:00:36.525,1.95231,1.95288,1.27,1.64
2014.07.01 14:00:36.735,1.95226,1.95282,1.27,1.32
2014.07.01 14:00:37.153,1.95226,1.95274,1.19,1.32
2014.07.01 14:00:37.416,1.95219,1.95278,1.19,2.44
2014.07.01 14:00:37.785,1.95219,1.95274,1.19,1.64
2014.07.01 14:00:38.551,1.95218,1.95269,1.19,1.64
2014.07.01 14:00:38.653,1.95212,1.95267,1.19,1.39
2014.07.01 14:00:38.814,1.95212,1.95267,1.19,1.69
2014.07.01 14:00:39.118,1.95212,1.95267,1.19,1.94
2014.07.01 14:00:39.689,1.9521,1.95266,1.19,1.94
2014.07.01 14:00:40.069,1.95217,1.95268,1.19,1.94
2014.07.01 14:00:40.560,1.95217,1.95269,1.19,1.64
2014.07.01 14:00:40.661,1.9521,1.95265,1.19,1.34
2014.07.01 14:00:41.193,1.95203,1.95257,1.34,1.19
2014.07.01 14:00:41.674,1.95209,1.95261,1.19,1.29
2014.07.01 14:00:42.504,1.95209,1.95261,1.19,1.34
2014.07.01 14:00:42.611,1.95205,1.95261,1.19,1.34
2014.07.01 14:00:42.712,1.95202,1.9525,1.19,1.00
2014.07.01 14:00:42.781,1.95193,1.9525,1.64,1.69
2014.07.01 14:00:42.832,1.95193,1.95246,1.27,1.57
2014.07.01 14:00:42.933,1.95189,1.95245,1.19,1.69
2014.07.01 14:00:43.501,1.95191,1.9524,1.19,1.34
2014.07.01 14:00:44.516,1.95191,1.95247,1.37,1.37
2014.07.01 14:00:45.037,1.95193,1.95247,1.19,1.37
2014.07.01 14:00:45.239,1.95199,1.95251,1.19,1.84
2014.07.01 14:00:46.126,1.95201,1.95249,1.19,1.19
2014.07.01 14:00:47.344,1.95203,1.9525,1.19,1.19
2014.07.01 14:00:48.245,1.95209,1.9526,1.19,1.34
2014.07.01 14:00:48.769,1.95215,1.95271,1.19,1.94
2014.07.01 14:00:48.921,1.9522,1.95275,1.27,1.27
2014.07.01 14:00:48.971,1.95226,1.95275,1.19,1.27
2014.07.01 14:00:49.628,1.95226,1.95276,1.19,1.67
2014.07.01 14:00:49.779,1.95226,1.95274,1.19,1.29
2014.07.01 14:00:50.276,1.95225,1.95276,1.19,1.37
2014.07.01 14:00:50.929,1.95223,1.95279,1.00,1.34
2014.07.01 14:00:51.030,1.95212,1.9526,1.94,1.19
2014.07.01 14:00:51.182,1.95212,1.95265,1.34,1.19
2014.07.01 14:00:51.348,1.95212,1.95265,1.19,1.64
2014.07.01 14:00:51.657,1.95216,1.95265,1.19,1.39
2014.07.01 14:00:52.410,1.95214,1.95261,1.19,1.34
2014.07.01 14:00:53.558,1.95213,1.9526,1.19,1.37
2014.07.01 14:00:53.710,1.95213,1.9526,1.19,1.39
2014.07.01 14:00:53.912,1.95213,1.95263,1.19,1.64
2014.07.01 14:00:54.064,1.95214,1.95266,1.19,1.64
2014.07.01 14:00:54.418,1.95218,1.9527,1.19,2.44
2014.07.01 14:00:55.120,1.95223,1.95279,1.19,2.89
2014.07.01 14:00:55.171,1.95223,1.95279,1.19,1.34
2014.07.01 14:00:55.223,1.95227,1.95283,1.19,1.64
2014.07.01 14:00:55.273,1.95227,1.95283,1.29,1.27
2014.07.01 14:00:55.427,1.95233,1.95286,1.19,1.34
2014.07.01 14:00:56.023,1.95229,1.95283,1.19,1.27
2014.07.01 14:00:56.549,1.95229,1.95274,1.19,1.08
2014.07.01 14:00:56.600,1.95222,1.95274,1.19,1.77
2014.07.01 14:00:57.151,1.95216,1.95268,1.37,1.19
2014.07.01 14:00:58.251,1.95218,1.95269,1.27,1.19
2014.07.01 14:00:59.666,1.95214,1.95263,1.34,1.19
2014.07.01 14:01:00.195,1.95214,1.95257,1.19,1.00
2014.07.01 14:01:00.498,1.95214,1.95257,1.19,1.15
2014.07.01 14:01:00.650,1.95208,1.95257,1.19,1.34
2014.07.01 14:01:01.673,1.95209,1.95255,1.19,1.29
2014.07.01 14:01:02.764,1.95207,1.95253,1.19,1.25
2014.07.01 14:01:03.886,1.95207,1.95253,1.19,1.19
2014.07.01 14:01:05.085,1.95208,1.95254,1.19,1.19
2014.07.01 14:01:06.411,1.95209,1.95254,1.19,1.19
2014.07.01 14:01:07.437,1.95209,1.95255,1.19,1.25
2014.07.01 14:01:09.128,1.95209,1.95255,1.19,1.33
2014.07.01 14:01:09.338,1.95209,1.95255,1.19,1.40
2014.07.01 14:01:10.849,1.95218,1.95266,1.69,1.75
2014.07.01 14:01:10.900,1.95218,1.95266,1.69,1.15
2014.07.01 14:01:10.951,1.95225,1.95276,1.19,1.94
2014.07.01 14:01:11.001,1.95225,1.95276,1.19,1.94
2014.07.01 14:01:11.052,1.95227,1.9528,1.19,2.44
2014.07.01 14:01:11.103,1.95227,1.9528,1.19,2.44
2014.07.01 14:01:11.679,1.95227,1.95281,1.19,1.84
2014.07.01 14:01:12.073,1.95231,1.95283,1.19,2.14
2014.07.01 14:01:15.803,1.95234,1.95283,1.19,1.39
2014.07.01 14:01:17.331,1.95231,1.95281,1.19,1.34
2014.07.01 14:01:18.725,1.95233,1.9528,1.19,1.34
2014.07.01 14:01:19.677,1.95239,1.95286,1.19,1.94
2014.07.01 14:01:19.879,1.95239,1.95287,1.19,1.39
2014.07.01 14:01:19.930,1.95239,1.95288,1.19,1.34
2014.07.01 14:01:20.492,1.95244,1.95291,1.19,1.39
2014.07.01 14:01:20.543,1.95244,1.95291,1.19,1.27
2014.07.01 14:01:20.860,1.95244,1.95291,1.19,1.34
2014.07.01 14:01:20.911,1.95237,1.95292,1.19,1.64
2014.07.01 14:01:21.323,1.95236,1.95293,1.19,1.69
2014.07.01 14:01:22.403,1.95234,1.95289,1.19,1.15
2014.07.01 14:01:23.394,1.95235,1.95292,1.19,1.64
2014.07.01 14:01:23.864,1.95233,1.9528,1.19,1.00
2014.07.01 14:01:23.915,1.95225,1.9528,1.39,1.00
2014.07.01 14:01:24.066,1.95226,1.95281,1.19,1.15
2014.07.01 14:01:25.183,1.95224,1.9527,1.19,1.00
2014.07.01 14:01:25.234,1.95218,1.9527,1.34,1.00
2014.07.01 14:01:25.386,1.95218,1.95269,1.19,1.15
2014.07.01 14:01:26.551,1.95213,1.95268,1.29,1.09
2014.07.01 14:01:26.971,1.95213,1.95263,1.29,1.00
2014.07.01 14:01:27.382,1.95214,1.95269,1.19,1.34
2014.07.01 14:01:27.483,1.95214,1.95269,1.94,1.19
2014.07.01 14:01:27.763,1.95215,1.9527,1.19,1.37
2014.07.01 14:01:27.972,1.95216,1.95271,1.69,1.15
2014.07.01 14:01:28.275,1.95221,1.95273,1.19,1.15
2014.07.01 14:01:29.266,1.95218,1.95273,1.19,1.40
2014.07.01 14:01:29.792,1.95216,1.95272,1.19,1.15
2014.07.01 14:01:30.505,1.95213,1.95268,1.27,1.10
2014.07.01 14:01:30.729,1.95215,1.95272,1.19,2.44
2014.07.01 14:01:30.931,1.95213,1.9527,1.00,1.39
2014.07.01 14:01:31.183,1.9521,1.95268,1.25,1.34
2014.07.01 14:01:31.434,1.95207,1.95262,1.19,1.15
2014.07.01 14:01:31.636,1.95215,1.95271,1.84,1.00
2014.07.01 14:01:31.687,1.95226,1.95271,1.19,1.00
2014.07.01 14:01:31.738,1.95226,1.95278,1.19,1.15
2014.07.01 14:01:31.913,1.95226,1.95274,1.19,1.00
2014.07.01 14:01:32.013,1.95217,1.95274,1.34,1.00
2014.07.01 14:01:32.064,1.95217,1.95274,1.29,1.15
2014.07.01 14:01:32.706,1.95224,1.95281,1.00,1.94
2014.07.01 14:01:32.757,1.95224,1.95281,1.00,1.34
2014.07.01 14:01:33.153,1.95227,1.95282,1.34,1.00
2014.07.01 14:01:33.277,1.95227,1.95282,1.19,1.18
2014.07.01 14:01:33.387,1.95222,1.95276,1.29,1.08
2014.07.01 14:01:33.488,1.95223,1.95278,1.64,1.00
2014.07.01 14:01:33.944,1.95222,1.95277,1.19,1.15
2014.07.01 14:01:34.514,1.9522,1.95277,1.19,1.15
2014.07.01 14:01:35.290,1.95222,1.95277,1.29,1.10
2014.07.01 14:01:35.442,1.95222,1.95277,1.29,1.10
2014.07.01 14:01:36.192,1.95221,1.95272,1.37,1.00
2014.07.01 14:01:36.444,1.95214,1.95271,2.44,1.00
2014.07.01 14:01:36.610,1.95214,1.95266,1.34,1.00
2014.07.01 14:01:37.474,1.95215,1.95266,1.34,1.00
2014.07.01 14:01:38.093,1.95215,1.95265,1.34,1.00
2014.07.01 14:01:38.521,1.95215,1.95268,1.34,1.00
2014.07.01 14:01:38.803,1.95215,1.95268,1.19,1.08
2014.07.01 14:01:39.469,1.95217,1.95268,1.19,1.08
2014.07.01 14:01:39.793,1.95218,1.95275,1.19,1.40
2014.07.01 14:01:39.894,1.95223,1.95275,1.19,1.15
2014.07.01 14:01:40.226,1.95224,1.95279,1.19,1.15
2014.07.01 14:01:40.781,1.95224,1.95279,1.19,1.15
2014.07.01 14:01:41.034,1.95228,1.95277,1.19,1.08
2014.07.01 14:01:42.010,1.95228,1.95282,1.29,1.08
2014.07.01 14:01:42.552,1.95228,1.9528,1.29,1.00
2014.07.01 14:01:42.603,1.95228,1.95278,1.29,1.00
2014.07.01 14:01:42.931,1.95228,1.95278,1.19,1.15
2014.07.01 14:01:43.706,1.95229,1.95279,1.19,1.15
2014.07.01 14:01:44.235,1.95227,1.95279,1.19,1.15
2014.07.01 14:01:44.583,1.95227,1.95278,1.19,1.45
2014.07.01 14:01:45.286,1.95223,1.95274,1.19,1.40
2014.07.01 14:01:45.388,1.95233,1.95286,1.00,1.64
2014.07.01 14:01:45.500,1.9523,1.95287,1.19,1.64
2014.07.01 14:01:45.601,1.95227,1.95282,1.29,1.15
2014.07.01 14:01:45.656,1.95234,1.95282,1.19,1.15
2014.07.01 14:01:45.933,1.95234,1.95285,1.19,1.40
2014.07.01 14:01:46.036,1.95234,1.95285,1.19,1.09
2014.07.01 14:01:46.137,1.95234,1.95285,1.19,1.02
2014.07.01 14:01:46.484,1.95234,1.95277,1.19,1.10
2014.07.01 14:01:46.636,1.95226,1.95274,1.19,1.18
2014.07.01 14:01:47.239,1.95226,1.95277,1.19,1.33
2014.07.01 14:01:47.555,1.95226,1.95276,1.19,1.15
2014.07.01 14:01:47.857,1.95223,1.95268,1.19,1.18
2014.07.01 14:01:49.021,1.9522,1.95266,1.19,1.10
2014.07.01 14:01:49.233,1.9522,1.95264,1.19,1.00
2014.07.01 14:01:49.436,1.9522,1.95266,1.19,1.10
2014.07.01 14:01:50.067,1.95221,1.95266,1.19,1.10
2014.07.01 14:01:50.193,1.95221,1.95264,1.19,1.00
2014.07.01 14:01:50.294,1.95216,1.95264,1.19,1.08
2014.07.01 14:01:50.386,1.95216,1.95264,1.19,1.15
2014.07.01 14:01:51.212,1.95216,1.95259,1.19,1.00
2014.07.01 14:01:51.539,1.95216,1.95262,1.19,1.15
2014.07.01 14:01:52.313,1.95215,1.95265,1.19,1.15
2014.07.01 14:01:53.084,1.95216,1.95259,1.19,1.00
2014.07.01 14:01:53.185,1.95216,1.95257,1.19,1.08
2014.07.01 14:01:53.235,1.95212,1.95257,1.19,1.08
2014.07.01 14:01:53.286,1.95212,1.95257,1.19,1.08
2014.07.01 14:01:53.781,1.95206,1.95256,1.19,1.15
2014.07.01 14:01:53.831,1.95206,1.95254,1.19,1.20
2014.07.01 14:01:53.882,1.952,1.95254,1.19,1.39
2014.07.01 14:01:54.084,1.952,1.95249,1.19,1.15
2014.07.01 14:01:55.071,1.95199,1.95248,1.19,1.15
2014.07.01 14:01:56.119,1.95199,1.95248,1.19,1.15
2014.07.01 14:01:57.015,1.952,1.95251,1.19,1.75
2014.07.01 14:01:57.350,1.95208,1.95251,1.19,1.15
2014.07.01 14:01:57.684,1.95208,1.95257,1.19,1.15
2014.07.01 14:01:58.158,1.95207,1.95258,1.19,1.20
2014.07.01 14:01:58.209,1.95207,1.95258,1.19,1.18
2014.07.01 14:01:59.219,1.95207,1.95258,1.19,1.15
2014.07.01 14:01:59.840,1.95205,1.95258,1.19,1.15
2014.07.01 14:02:00.240,1.95205,1.95249,1.19,1.13
2014.07.01 14:02:00.290,1.95201,1.95249,1.19,1.20
2014.07.01 14:02:00.341,1.95201,1.95249,1.19,1.65
2014.07.01 14:02:00.392,1.95201,1.95248,1.19,1.10
2014.07.01 14:02:00.443,1.95201,1.95244,1.19,1.00
2014.07.01 14:02:00.494,1.95192,1.95244,1.84,1.00
2014.07.01 14:02:00.546,1.95192,1.95241,1.84,1.00
2014.07.01 14:02:00.798,1.95192,1.95245,1.19,1.34
2014.07.01 14:02:00.989,1.95187,1.95228,2.14,1.00
2014.07.01 14:02:01.215,1.95194,1.95238,1.19,1.00
2014.07.01 14:02:01.925,1.95194,1.95247,1.19,1.70
2014.07.01 14:02:02.077,1.95194,1.95249,1.69,1.84
2014.07.01 14:02:02.127,1.95198,1.95249,1.19,1.65
2014.07.01 14:02:02.433,1.952,1.95248,1.19,1.08
2014.07.01 14:02:02.975,1.952,1.95249,1.19,1.15
2014.07.01 14:02:03.026,1.95204,1.95249,1.19,1.15
2014.07.01 14:02:03.676,1.95204,1.95238,1.19,1.00
2014.07.01 14:02:04.048,1.95197,1.95238,1.19,1.00
2014.07.01 14:02:04.351,1.95207,1.95238,1.00,1.00
2014.07.01 14:02:04.819,1.95207,1.95229,1.00,1.00
2014.07.01 14:02:05.060,1.95207,1.95238,1.00,1.00
2014.07.01 14:02:05.367,1.95207,1.95248,1.00,1.15
2014.07.01 14:02:05.732,1.952,1.95239,1.19,1.00
2014.07.01 14:02:05.884,1.95212,1.95249,1.00,1.00
2014.07.01 14:02:06.041,1.95201,1.95249,1.69,1.00
2014.07.01 14:02:06.242,1.95212,1.95249,1.19,1.00
2014.07.01 14:02:06.444,1.95222,1.95269,1.19,1.15
2014.07.01 14:02:06.596,1.95222,1.95269,1.19,1.08
2014.07.01 14:02:06.646,1.95232,1.95278,1.19,1.45
2014.07.01 14:02:06.697,1.95235,1.95278,1.19,1.15
2014.07.01 14:02:06.798,1.95234,1.95278,1.19,1.00
2014.07.01 14:02:06.951,1.95234,1.95279,1.19,1.00
2014.07.01 14:02:07.254,1.95239,1.95279,1.87,1.00
2014.07.01 14:02:07.671,1.95231,1.95279,1.84,1.00
2014.07.01 14:02:07.774,1.95232,1.95278,1.27,1.00
2014.07.01 14:02:08.077,1.95236,1.95278,1.19,1.00
2014.07.01 14:02:08.279,1.95232,1.95278,1.34,1.00
2014.07.01 14:02:08.330,1.95232,1.95276,1.19,1.00
2014.07.01 14:02:08.380,1.95232,1.95276,1.25,1.00
2014.07.01 14:02:08.431,1.95232,1.95278,1.25,1.50
2014.07.01 14:02:08.968,1.95232,1.95278,1.84,1.00
2014.07.01 14:02:09.572,1.95232,1.95279,1.34,1.00
2014.07.01 14:02:09.878,1.95232,1.95272,1.08,1.00
2014.07.01 14:02:09.980,1.95222,1.95268,1.34,1.00
2014.07.01 14:02:10.384,1.95225,1.95268,1.19,1.00
2014.07.01 14:02:10.645,1.95231,1.95279,1.19,1.19
2014.07.01 14:02:11.066,1.9523,1.95269,1.19,1.00
2014.07.01 14:02:11.419,1.95222,1.95268,1.69,1.00
2014.07.01 14:02:11.520,1.95222,1.95268,1.69,1.08
2014.07.01 14:02:11.949,1.95232,1.95277,1.00,1.34
2014.07.01 14:02:12.048,1.95222,1.95269,1.19,1.00
2014.07.01 14:02:12.349,1.95222,1.95269,1.19,1.08
2014.07.01 14:02:12.551,1.95217,1.95269,1.27,1.08
2014.07.01 14:02:12.603,1.95217,1.95268,1.19,1.15
2014.07.01 14:02:12.654,1.95213,1.95268,1.19,1.15
2014.07.01 14:02:12.705,1.95211,1.95268,2.07,1.75
2014.07.01 14:02:13.008,1.95211,1.95264,1.50,1.94
2014.07.01 14:02:13.311,1.95202,1.95258,1.32,2.44
2014.07.01 14:02:13.361,1.95202,1.95258,1.32,2.44
2014.07.01 14:02:13.724,1.95195,1.95248,1.69,1.45
2014.07.01 14:02:13.775,1.95195,1.95248,1.19,1.64
2014.07.01 14:02:13.826,1.95195,1.95248,1.19,1.94
2014.07.01 14:02:14.177,1.95201,1.9525,1.00,1.94
2014.07.01 14:02:14.471,1.95201,1.95249,1.00,1.64
2014.07.01 14:02:14.801,1.95202,1.95247,1.00,1.64
2014.07.01 14:02:15.257,1.95201,1.95252,1.00,1.94
2014.07.01 14:02:15.358,1.95201,1.95252,1.00,1.34
2014.07.01 14:02:15.408,1.95212,1.95256,1.00,1.64
2014.07.01 14:02:15.777,1.95221,1.95251,1.00,1.20
2014.07.01 14:02:15.828,1.95212,1.95251,1.00,1.39
2014.07.01 14:02:16.080,1.95212,1.95251,1.00,1.69
2014.07.01 14:02:16.614,1.95211,1.95254,1.00,1.94
2014.07.01 14:02:16.753,1.95202,1.95248,1.00,1.34
2014.07.01 14:02:16.881,1.95211,1.95252,1.00,1.69
2014.07.01 14:02:17.507,1.95212,1.95249,1.00,1.39
2014.07.01 14:02:18.028,1.95211,1.95251,1.00,1.45
2014.07.01 14:02:18.079,1.95211,1.95258,1.00,1.94
2014.07.01 14:02:18.180,1.95211,1.95259,1.00,1.75
2014.07.01 14:02:18.281,1.95212,1.95258,1.19,1.75
2014.07.01 14:02:18.433,1.95221,1.95269,1.00,1.34
2014.07.01 14:02:18.484,1.95221,1.95269,1.19,1.15
2014.07.01 14:02:18.787,1.95231,1.9527,1.00,1.41
2014.07.01 14:02:18.958,1.95231,1.95276,1.00,1.37
2014.07.01 14:02:19.210,1.95232,1.95278,1.00,1.65
2014.07.01 14:02:19.363,1.95232,1.95272,1.00,1.00
2014.07.01 14:02:19.666,1.95251,1.95288,1.00,1.15
2014.07.01 14:02:19.868,1.95241,1.95289,1.19,1.08
2014.07.01 14:02:20.120,1.95241,1.95289,1.19,1.00
2014.07.01 14:02:20.444,1.95242,1.95288,1.19,1.08
2014.07.01 14:02:20.912,1.95251,1.95295,1.00,1.64
2014.07.01 14:02:21.270,1.95242,1.95288,1.69,1.08
2014.07.01 14:02:21.505,1.95242,1.95289,1.19,1.15
2014.07.01 14:02:21.556,1.95241,1.95289,1.19,1.15
2014.07.01 14:02:21.790,1.95238,1.95279,1.19,1.00
2014.07.01 14:02:22.333,1.95242,1.95288,1.19,2.25
2014.07.01 14:02:22.883,1.95238,1.95279,1.19,1.00
2014.07.01 14:02:23.154,1.95242,1.95288,1.19,1.15
2014.07.01 14:02:23.205,1.95242,1.95288,1.19,1.15
2014.07.01 14:02:23.382,1.95241,1.95286,1.00,1.00
2014.07.01 14:02:23.484,1.95242,1.95283,1.00,1.00
2014.07.01 14:02:23.699,1.95242,1.95288,1.00,1.27
2014.07.01 14:02:23.801,1.95242,1.95285,1.00,1.00
2014.07.01 14:02:24.104,1.95232,1.95275,1.00,1.19
2014.07.01 14:02:24.155,1.95223,1.95275,1.67,1.19
2014.07.01 14:02:24.312,1.95223,1.95271,1.29,1.00
2014.07.01 14:02:24.868,1.95223,1.95272,1.29,1.00
2014.07.01 14:02:25.173,1.95231,1.95272,1.00,1.00
2014.07.01 14:02:25.634,1.95232,1.95258,1.00,1.00
2014.07.01 14:02:25.836,1.95221,1.95258,1.00,1.00
2014.07.01 14:02:26.342,1.95212,1.95258,1.69,1.50
2014.07.01 14:02:26.711,1.95221,1.95268,1.00,1.20
2014.07.01 14:02:26.812,1.95221,1.95268,1.19,1.37
2014.07.01 14:02:26.863,1.95222,1.95268,1.19,1.18
2014.07.01 14:02:27.961,1.95222,1.95261,1.19,1.00
2014.07.01 14:02:28.374,1.95222,1.95259,1.19,1.00
2014.07.01 14:02:28.591,1.95222,1.95261,1.69,1.00
2014.07.01 14:02:28.843,1.95222,1.95259,1.19,1.00
2014.07.01 14:02:28.894,1.95218,1.95259,1.19,1.00
2014.07.01 14:02:28.945,1.95218,1.95256,1.19,1.00
2014.07.01 14:02:28.995,1.95211,1.95256,1.29,1.08
2014.07.01 14:02:29.202,1.95206,1.95256,1.19,1.27
2014.07.01 14:02:29.433,1.95212,1.95251,1.00,1.00
2014.07.01 14:02:29.584,1.95206,1.95251,1.19,1.00
2014.07.01 14:02:29.635,1.95206,1.95247,1.19,1.00
2014.07.01 14:02:30.173,1.95206,1.95248,1.19,1.00
2014.07.01 14:02:30.224,1.95203,1.95248,1.29,1.00
2014.07.01 14:02:30.416,1.95203,1.95251,1.29,1.19
2014.07.01 14:02:30.622,1.95209,1.95249,1.19,1.00
2014.07.01 14:02:30.740,1.95209,1.95254,1.19,1.25
2014.07.01 14:02:30.892,1.95222,1.95254,1.00,1.25
2014.07.01 14:02:31.043,1.95222,1.95256,1.00,1.00
2014.07.01 14:02:31.144,1.95222,1.95261,1.00,1.29
2014.07.01 14:02:31.195,1.95222,1.95261,1.19,1.10
2014.07.01 14:02:32.305,1.95222,1.95261,1.19,1.10
2014.07.01 14:02:33.340,1.95222,1.95256,1.19,1.00
2014.07.01 14:02:33.468,1.95222,1.95256,1.00,1.00
2014.07.01 14:02:33.591,1.95222,1.95258,1.00,1.00
2014.07.01 14:02:33.642,1.95231,1.95258,1.00,1.00
2014.07.01 14:02:33.693,1.95231,1.9526,1.00,1.00
2014.07.01 14:02:33.898,1.95221,1.9526,1.19,1.00
2014.07.01 14:02:33.964,1.95232,1.9526,1.00,1.00
2014.07.01 14:02:34.561,1.95221,1.9526,1.19,1.00
2014.07.01 14:02:34.736,1.95221,1.9526,1.69,1.00
2014.07.01 14:02:35.479,1.95222,1.95266,1.19,1.19
2014.07.01 14:02:35.643,1.95231,1.95265,1.00,1.19
2014.07.01 14:02:35.899,1.95231,1.95266,1.00,1.00
2014.07.01 14:02:36.372,1.95232,1.9527,1.19,1.00
2014.07.01 14:02:36.473,1.95231,1.95272,1.19,1.10
2014.07.01 14:02:37.047,1.95231,1.95271,1.19,1.00
2014.07.01 14:02:37.259,1.95233,1.9527,1.19,1.00
2014.07.01 14:02:37.661,1.95233,1.95272,1.19,1.10
2014.07.01 14:02:38.368,1.95232,1.95272,1.69,1.10
2014.07.01 14:02:38.605,1.95241,1.95272,1.00,1.10
2014.07.01 14:02:38.757,1.95232,1.95271,1.19,1.00
2014.07.01 14:02:39.092,1.95241,1.95279,1.19,1.15
2014.07.01 14:02:39.143,1.95241,1.95279,1.19,1.15
2014.07.01 14:02:39.194,1.95245,1.95288,1.19,1.38
2014.07.01 14:02:39.244,1.95245,1.95288,1.19,1.00
2014.07.01 14:02:39.406,1.95251,1.95289,1.00,1.00
2014.07.01 14:02:39.944,1.95252,1.95289,1.00,1.00
2014.07.01 14:02:41.711,1.95252,1.95292,1.25,1.02
2014.07.01 14:02:42.151,1.95252,1.9529,1.25,1.00
2014.07.01 14:02:42.729,1.95252,1.95291,1.25,1.00
2014.07.01 14:02:43.044,1.95255,1.95294,1.19,1.15
2014.07.01 14:02:43.683,1.95255,1.9529,1.19,1.00
2014.07.01 14:02:43.734,1.95251,1.9529,1.69,1.00
2014.07.01 14:02:44.240,1.95251,1.95289,1.69,1.00
2014.07.01 14:02:44.486,1.95261,1.9529,1.00,1.00
2014.07.01 14:02:45.223,1.95251,1.9529,1.19,1.00
2014.07.01 14:02:45.334,1.95262,1.9529,1.00,1.00
2014.07.01 14:02:45.435,1.95262,1.95293,1.00,1.09
2014.07.01 14:02:45.587,1.95252,1.95293,1.19,1.09
2014.07.01 14:02:45.931,1.95261,1.95294,1.00,1.34
2014.07.01 14:02:46.541,1.95261,1.95291,1.00,1.00
2014.07.01 14:02:47.043,1.95262,1.95297,1.00,1.34
2014.07.01 14:02:47.097,1.95252,1.95297,1.19,1.34
2014.07.01 14:02:47.310,1.95262,1.95297,1.00,1.34
2014.07.01 14:02:47.431,1.95252,1.95295,1.19,1.27
2014.07.01 14:02:47.671,1.95252,1.95294,1.69,1.00
2014.07.01 14:02:48.172,1.95252,1.95298,1.69,1.84
2014.07.01 14:02:48.940,1.95252,1.95288,1.69,1.00
2014.07.01 14:02:49.281,1.95252,1.95286,1.19,1.00
2014.07.01 14:02:49.878,1.95248,1.95286,1.19,1.00
2014.07.01 14:02:50.402,1.95251,1.95287,1.19,1.00
2014.07.01 14:02:50.886,1.95251,1.95287,1.00,1.08
2014.07.01 14:02:51.610,1.95245,1.95287,1.19,1.08
2014.07.01 14:02:52.050,1.95252,1.95287,1.00,1.08
2014.07.01 14:02:52.392,1.95243,1.95286,1.19,1.10
2014.07.01 14:02:53.123,1.95243,1.95283,1.19,1.00
2014.07.01 14:02:53.425,1.95243,1.95279,1.19,1.00
2014.07.01 14:02:53.526,1.95238,1.95279,1.19,1.00
2014.07.01 14:02:53.645,1.95242,1.95283,1.19,1.33
2014.07.01 14:02:53.847,1.95238,1.95278,1.19,1.00
2014.07.01 14:02:54.100,1.95242,1.95282,1.19,1.00
2014.07.01 14:02:54.563,1.95242,1.95282,1.19,1.00
2014.07.01 14:02:55.151,1.95241,1.95278,1.19,1.00
2014.07.01 14:02:55.379,1.95241,1.95282,1.69,1.00
2014.07.01 14:02:55.926,1.95241,1.95281,1.69,1.00
2014.07.01 14:02:56.232,1.95242,1.95279,1.19,1.00
2014.07.01 14:02:56.333,1.95241,1.95281,1.69,1.00
2014.07.01 14:02:56.485,1.95241,1.95278,1.19,1.00
2014.07.01 14:02:56.586,1.95242,1.95281,1.19,1.00
2014.07.01 14:02:56.637,1.95242,1.95278,1.19,1.00
2014.07.01 14:02:56.687,1.95242,1.95278,1.00,1.00
2014.07.01 14:02:56.889,1.95236,1.95276,1.19,1.00
2014.07.01 14:02:57.198,1.95236,1.95274,1.19,1.00
2014.07.01 14:02:57.666,1.95236,1.95277,1.19,1.00
2014.07.01 14:02:58.064,1.95242,1.95275,1.00,1.00
2014.07.01 14:02:58.347,1.95233,1.95275,1.19,1.00
2014.07.01 14:02:58.952,1.95233,1.95275,1.19,1.08
2014.07.01 14:02:59.106,1.95231,1.95275,1.19,1.33
2014.07.01 14:03:00.114,1.95231,1.95275,1.69,1.27
2014.07.01 14:03:01.158,1.95232,1.95272,1.19,1.00
2014.07.01 14:03:01.550,1.95231,1.95268,1.19,1.00
2014.07.01 14:03:02.061,1.95231,1.95274,1.69,1.40
2014.07.01 14:03:02.284,1.95232,1.95274,1.19,1.02
2014.07.01 14:03:07.820,1.9523,1.95269,1.19,1.00
2014.07.01 14:03:07.953,1.95232,1.95274,1.19,1.02
2014.07.01 14:03:08.153,1.9523,1.95269,1.19,1.00
2014.07.01 14:03:08.692,1.95231,1.95269,1.19,1.00
2014.07.01 14:03:08.843,1.95232,1.95278,1.19,1.34
2014.07.01 14:03:08.944,1.95231,1.95279,1.69,1.27
2014.07.01 14:03:09.660,1.95231,1.95279,1.19,1.27
2014.07.01 14:03:10.713,1.95232,1.95278,1.19,1.29
2014.07.01 14:03:11.027,1.95242,1.95282,1.00,1.34
2014.07.01 14:03:11.078,1.95242,1.95283,1.00,1.34
2014.07.01 14:03:11.129,1.95242,1.95283,1.00,1.19
2014.07.01 14:03:11.432,1.95242,1.95288,1.19,1.34
2014.07.01 14:03:11.966,1.95242,1.95288,1.19,1.29
2014.07.01 14:03:12.642,1.95241,1.95289,1.19,1.77
2014.07.01 14:03:13.010,1.95242,1.95285,1.00,1.37
2014.07.01 14:03:13.335,1.95233,1.95278,1.19,1.29
2014.07.01 14:03:13.889,1.95233,1.95276,1.19,1.00
2014.07.01 14:03:13.999,1.95221,1.95269,1.34,1.19
2014.07.01 14:03:14.110,1.95221,1.95269,1.19,1.34
2014.07.01 14:03:15.001,1.95222,1.95268,1.19,1.19
2014.07.01 14:03:16.400,1.95231,1.95273,1.00,1.34
2014.07.01 14:03:16.455,1.95221,1.95269,1.69,1.19
2014.07.01 14:03:16.506,1.95221,1.95269,1.19,1.19
2014.07.01 14:03:16.622,1.95232,1.95273,1.00,1.34
2014.07.01 14:03:17.065,1.95222,1.95268,1.69,1.19
2014.07.01 14:03:17.540,1.95231,1.95278,1.19,1.39
2014.07.01 14:03:17.843,1.9523,1.95269,1.19,1.00
2014.07.01 14:03:18.273,1.95232,1.95278,1.19,1.19
2014.07.01 14:03:18.851,1.95231,1.95269,1.19,1.00
2014.07.01 14:03:19.155,1.95224,1.95268,1.34,1.25
2014.07.01 14:03:19.668,1.95222,1.95269,1.29,1.19
2014.07.01 14:03:20.090,1.95231,1.95276,1.00,1.27
2014.07.01 14:03:20.592,1.95232,1.95276,1.00,1.27
2014.07.01 14:03:21.106,1.95232,1.95276,1.00,1.27
2014.07.01 14:03:21.612,1.95224,1.95268,1.19,1.00
2014.07.01 14:03:22.140,1.95224,1.95269,1.19,1.25
2014.07.01 14:03:22.711,1.95221,1.95269,1.77,1.19
2014.07.01 14:03:23.371,1.95221,1.95269,1.69,2.07
2014.07.01 14:03:23.422,1.95216,1.95248,1.00,1.00
2014.07.01 14:03:23.473,1.95202,1.95247,1.27,1.00
2014.07.01 14:03:23.624,1.95202,1.95247,1.00,1.00
2014.07.01 14:03:23.843,1.95202,1.95258,1.08,1.84
2014.07.01 14:03:23.895,1.95202,1.95258,1.13,1.29
2014.07.01 14:03:24.198,1.95204,1.95256,1.34,1.19
2014.07.01 14:03:24.682,1.95212,1.95256,1.18,1.19
2014.07.01 14:03:24.732,1.95212,1.95263,1.37,1.19
2014.07.01 14:03:25.325,1.95212,1.95258,1.37,1.19
2014.07.01 14:03:25.640,1.95212,1.95263,1.37,1.19
2014.07.01 14:03:26.157,1.95221,1.95263,1.00,1.27
2014.07.01 14:03:26.505,1.95211,1.95259,1.19,1.19
2014.07.01 14:03:26.663,1.95211,1.95259,1.19,1.19
2014.07.01 14:03:27.261,1.95211,1.95255,1.00,1.19
2014.07.01 14:03:27.765,1.95212,1.95249,1.00,1.19
2014.07.01 14:03:28.269,1.95197,1.95239,1.19,1.00
2014.07.01 14:03:28.550,1.95202,1.95249,1.19,1.77
2014.07.01 14:03:28.651,1.95202,1.95249,1.19,1.10
2014.07.01 14:03:29.161,1.95202,1.95256,1.69,1.37
2014.07.01 14:03:29.213,1.95211,1.95256,1.00,1.37
2014.07.01 14:03:29.785,1.95211,1.95256,1.00,1.37
2014.07.01 14:03:30.071,1.95211,1.95264,1.69,1.34
2014.07.01 14:03:30.122,1.95222,1.95264,1.00,1.34
2014.07.01 14:03:30.688,1.95221,1.95264,1.00,1.19
2014.07.01 14:03:31.079,1.95221,1.95266,1.25,1.37
2014.07.01 14:03:31.453,1.95234,1.95266,1.00,1.37
2014.07.01 14:03:31.503,1.95234,1.95268,1.25,1.00
2014.07.01 14:03:31.604,1.95234,1.95268,1.19,1.00
2014.07.01 14:03:31.775,1.95241,1.95285,1.00,1.34
2014.07.01 14:03:31.928,1.95244,1.95285,1.00,1.27
2014.07.01 14:03:32.029,1.95241,1.95285,1.00,1.27
2014.07.01 14:03:32.093,1.95241,1.95289,1.19,1.64
2014.07.01 14:03:32.211,1.95242,1.95289,1.19,1.34
2014.07.01 14:03:32.312,1.95251,1.9529,1.00,1.34
2014.07.01 14:03:32.706,1.95251,1.95297,1.00,1.94
2014.07.01 14:03:32.944,1.95251,1.95297,1.00,1.34
2014.07.01 14:03:33.046,1.95251,1.95299,1.19,1.19
2014.07.01 14:03:33.270,1.95256,1.95299,1.19,1.00
2014.07.01 14:03:33.574,1.95242,1.95285,1.27,1.00
2014.07.01 14:03:33.625,1.95232,1.95278,1.27,1.00
2014.07.01 14:03:34.190,1.95231,1.95279,1.84,1.00
2014.07.01 14:03:34.581,1.95231,1.95279,1.37,1.19
2014.07.01 14:03:34.833,1.95245,1.95288,1.00,1.00
2014.07.01 14:03:34.884,1.95249,1.95288,1.00,1.00
2014.07.01 14:03:35.193,1.95248,1.95289,1.27,1.00
2014.07.01 14:03:35.514,1.95252,1.95289,1.37,1.00
2014.07.01 14:03:35.732,1.95258,1.95299,1.19,1.00
2014.07.01 14:03:36.349,1.95258,1.95298,1.27,1.00
2014.07.01 14:03:36.901,1.95261,1.95309,1.19,1.19
2014.07.01 14:03:37.053,1.95261,1.95299,1.19,1.00
2014.07.01 14:03:37.154,1.95244,1.95289,1.69,1.00
2014.07.01 14:03:37.205,1.95241,1.95289,1.67,1.00
2014.07.01 14:03:37.256,1.95241,1.95289,1.62,1.00
2014.07.01 14:03:37.458,1.95242,1.95288,1.19,1.19
2014.07.01 14:03:38.432,1.95241,1.95289,1.19,1.84
2014.07.01 14:03:38.987,1.95242,1.95289,1.19,1.19
2014.07.01 14:03:39.104,1.95242,1.95278,1.19,1.00
2014.07.01 14:03:39.231,1.95241,1.95289,1.77,1.19
2014.07.01 14:03:39.590,1.95241,1.95279,1.19,1.00
2014.07.01 14:03:39.697,1.95241,1.95289,1.19,1.27
2014.07.01 14:03:39.964,1.95241,1.95289,1.19,1.27
2014.07.01 14:03:40.274,1.95258,1.95289,1.00,1.00
2014.07.01 14:03:40.426,1.95258,1.95298,1.00,1.19
2014.07.01 14:03:40.678,1.95258,1.95298,1.19,1.00
2014.07.01 14:03:41.093,1.95253,1.95298,1.37,1.19
2014.07.01 14:03:41.194,1.95252,1.95288,1.27,1.00
2014.07.01 14:03:41.449,1.95255,1.95298,1.32,1.19
2014.07.01 14:03:41.499,1.95261,1.95299,1.00,1.00
2014.07.01 14:03:42.179,1.95256,1.95298,1.19,1.15
2014.07.01 14:03:42.892,1.95252,1.95296,1.32,1.10
2014.07.01 14:03:42.943,1.95247,1.95278,1.19,1.00
2014.07.01 14:03:42.994,1.95238,1.95278,1.19,1.00
2014.07.01 14:03:43.498,1.9524,1.95279,1.19,1.25
2014.07.01 14:03:43.599,1.9524,1.95279,1.69,1.00
2014.07.01 14:03:43.953,1.95251,1.95294,1.00,1.34
2014.07.01 14:03:44.349,1.95248,1.95288,1.00,1.19
2014.07.01 14:03:44.600,1.95251,1.95294,1.00,1.34
2014.07.01 14:03:44.651,1.95251,1.95296,1.00,1.34
2014.07.01 14:03:44.702,1.95248,1.95288,1.19,1.00
2014.07.01 14:03:45.650,1.95248,1.95288,1.19,1.00
2014.07.01 14:03:45.820,1.95251,1.95297,1.19,1.37
2014.07.01 14:03:45.921,1.95248,1.95288,1.19,1.00
2014.07.01 14:03:46.112,1.95251,1.95297,1.19,1.37
2014.07.01 14:03:46.623,1.95251,1.95299,1.69,1.34
2014.07.01 14:03:47.899,1.95251,1.95289,1.19,1.00
2014.07.01 14:03:48.089,1.95251,1.95299,1.19,1.34
2014.07.01 14:03:48.758,1.95252,1.95298,1.19,1.34
2014.07.01 14:03:48.863,1.95251,1.95288,1.19,1.00
2014.07.01 14:03:49.015,1.95251,1.95299,1.69,1.84
2014.07.01 14:03:49.117,1.95252,1.95288,1.19,1.00
2014.07.01 14:03:49.332,1.95252,1.95299,1.19,1.84
2014.07.01 14:03:49.433,1.95249,1.95289,1.19,1.00
2014.07.01 14:03:50.356,1.95251,1.95289,1.25,1.00
2014.07.01 14:03:50.857,1.95247,1.95288,1.19,1.00
2014.07.01 14:03:51.059,1.95245,1.95288,1.19,1.18
2014.07.01 14:03:51.210,1.95244,1.95289,1.19,1.34
2014.07.01 14:03:51.623,1.95252,1.95291,1.00,1.34
2014.07.01 14:03:52.520,1.95252,1.95298,1.00,2.14
2014.07.01 14:03:53.592,1.95252,1.95296,1.00,1.34
2014.07.01 14:03:54.341,1.95242,1.95288,1.69,1.00
2014.07.01 14:03:54.543,1.95242,1.95286,1.19,1.00
2014.07.01 14:03:54.603,1.95241,1.95286,1.19,1.19
2014.07.01 14:03:55.112,1.95242,1.95283,1.19,1.00
2014.07.01 14:03:55.389,1.95237,1.95279,1.29,1.00
2014.07.01 14:03:55.843,1.95241,1.95283,1.19,1.25
2014.07.01 14:03:56.157,1.95243,1.95283,1.19,1.00
2014.07.01 14:03:56.207,1.95243,1.95289,1.19,1.00
2014.07.01 14:03:56.751,1.95243,1.95288,1.19,1.00
2014.07.01 14:03:57.273,1.95243,1.95289,1.19,1.00
2014.07.01 14:03:57.374,1.95247,1.95288,1.19,1.00
2014.07.01 14:03:57.903,1.95247,1.95289,1.19,1.00
2014.07.01 14:03:58.449,1.95244,1.95288,1.19,1.00
2014.07.01 14:03:59.133,1.95244,1.95269,1.19,1.00
2014.07.01 14:03:59.184,1.95226,1.95269,1.94,1.00
2014.07.01 14:03:59.285,1.95226,1.95269,1.19,1.00
2014.07.01 14:03:59.839,1.95226,1.95268,1.19,1.00
2014.07.01 14:04:00.468,1.95226,1.95269,1.19,1.00
2014.07.01 14:04:00.999,1.95226,1.95268,1.19,1.00
2014.07.01 14:04:01.716,1.95231,1.95269,1.19,1.00
2014.07.01 14:04:01.932,1.95231,1.95269,1.19,1.08
2014.07.01 14:04:02.173,1.95231,1.95269,1.25,1.18
2014.07.01 14:04:04.487,1.95223,1.95268,1.19,1.08
2014.07.01 14:04:05.332,1.95223,1.95266,1.19,1.00
2014.07.01 14:04:05.434,1.95227,1.95268,1.19,1.08
2014.07.01 14:04:05.686,1.95227,1.95274,1.19,1.33
2014.07.01 14:04:05.787,1.95227,1.95274,1.19,1.25
2014.07.01 14:04:06.436,1.95231,1.95277,1.19,1.29
2014.07.01 14:04:07.529,1.95232,1.95272,1.19,1.25
2014.07.01 14:04:08.286,1.95241,1.95279,1.00,1.84
2014.07.01 14:04:08.836,1.95241,1.95282,1.00,1.64
2014.07.01 14:04:09.634,1.95242,1.95276,1.00,1.09
2014.07.01 14:04:10.151,1.95241,1.95274,1.00,1.10
2014.07.01 14:04:10.358,1.95241,1.95272,1.00,1.00
2014.07.01 14:04:10.620,1.95231,1.9527,1.25,1.00
2014.07.01 14:04:10.671,1.95231,1.9527,1.00,1.19
2014.07.01 14:04:11.035,1.95231,1.95263,1.00,1.00
2014.07.01 14:04:11.395,1.95231,1.95259,1.00,1.25
2014.07.01 14:04:11.446,1.95221,1.95256,1.00,1.00
2014.07.01 14:04:11.500,1.95222,1.95256,1.00,1.19
2014.07.01 14:04:11.803,1.95222,1.95253,1.00,1.19
2014.07.01 14:04:12.209,1.95211,1.9525,1.00,1.02
2014.07.01 14:04:12.530,1.95221,1.9525,1.00,1.02
2014.07.01 14:04:13.112,1.95211,1.95252,1.19,1.37
2014.07.01 14:04:13.213,1.95211,1.95246,1.19,1.00
2014.07.01 14:04:13.648,1.95212,1.95248,1.19,1.00
2014.07.01 14:04:13.749,1.95212,1.95257,1.19,1.29
2014.07.01 14:04:13.850,1.95212,1.95257,1.19,1.29
2014.07.01 14:04:14.108,1.95221,1.95255,1.00,1.00
2014.07.01 14:04:14.652,1.95222,1.95252,1.00,1.00
2014.07.01 14:04:14.970,1.95222,1.95257,1.00,1.19
2014.07.01 14:04:15.579,1.95222,1.95257,1.00,1.00
2014.07.01 14:04:15.949,1.95221,1.95254,1.00,1.00
2014.07.01 14:04:16.050,1.95211,1.95254,1.19,1.19
2014.07.01 14:04:16.428,1.95221,1.95255,1.00,1.19
2014.07.01 14:04:17.297,1.95221,1.95253,1.00,1.00
2014.07.01 14:04:17.679,1.95221,1.95255,1.00,1.00
2014.07.01 14:04:17.795,1.95221,1.95252,1.00,1.00
2014.07.01 14:04:18.449,1.95221,1.95254,1.00,1.00
2014.07.01 14:04:20.588,1.95222,1.95254,1.00,1.00
2014.07.01 14:04:20.651,1.95222,1.9526,1.00,1.19
2014.07.01 14:04:20.803,1.95222,1.95268,1.00,1.18
2014.07.01 14:04:20.854,1.95222,1.95268,1.08,1.00
2014.07.01 14:04:20.955,1.95232,1.9527,1.00,1.19
2014.07.01 14:04:21.488,1.95232,1.95269,1.19,1.00
2014.07.01 14:04:21.539,1.95232,1.95274,1.19,1.19
2014.07.01 14:04:21.691,1.95232,1.95268,1.19,1.00
2014.07.01 14:04:21.792,1.95232,1.95272,1.19,1.00
2014.07.01 14:04:21.893,1.95232,1.95268,1.19,1.00
2014.07.01 14:04:22.237,1.95231,1.95258,1.19,1.00
2014.07.01 14:04:22.340,1.95231,1.95266,1.19,1.00
2014.07.01 14:04:22.391,1.95226,1.95259,1.19,1.00
2014.07.01 14:04:22.442,1.95211,1.95248,1.64,1.00
2014.07.01 14:04:22.493,1.95211,1.95248,1.19,1.00
2014.07.01 14:04:22.594,1.95221,1.95248,1.00,1.00
2014.07.01 14:04:22.746,1.95221,1.9525,1.00,1.00
2014.07.01 14:04:23.140,1.95212,1.9525,1.25,1.00
2014.07.01 14:04:23.191,1.95212,1.95246,1.25,1.00
2014.07.01 14:04:23.342,1.95212,1.95258,1.27,1.25
2014.07.01 14:04:23.595,1.95221,1.9526,1.00,1.19
2014.07.01 14:04:23.898,1.95222,1.9526,1.19,1.00
2014.07.01 14:04:24.206,1.95222,1.95253,1.19,1.00
2014.07.01 14:04:24.257,1.95222,1.95258,1.19,1.00
2014.07.01 14:04:24.358,1.95211,1.95256,1.19,1.00
2014.07.01 14:04:24.483,1.95211,1.95254,1.19,1.00
2014.07.01 14:04:24.813,1.95222,1.95252,1.00,1.00
2014.07.01 14:04:24.988,1.95211,1.95252,1.19,1.00
2014.07.01 14:04:25.140,1.95222,1.9526,1.00,1.19
2014.07.01 14:04:25.242,1.95212,1.95258,1.19,1.25
2014.07.01 14:04:25.343,1.95222,1.95261,1.00,1.19
2014.07.01 14:04:25.871,1.95222,1.95259,1.00,1.25
2014.07.01 14:04:26.098,1.95212,1.95259,1.19,1.69
2014.07.01 14:04:26.289,1.95221,1.95261,1.00,1.19
2014.07.01 14:04:26.620,1.95212,1.95258,1.19,1.00
2014.07.01 14:04:26.861,1.95221,1.95253,1.00,1.00
2014.07.01 14:04:27.213,1.95222,1.95259,1.00,1.25
2014.07.01 14:04:27.415,1.95222,1.95256,1.00,1.00
2014.07.01 14:04:27.567,1.95222,1.95259,1.00,1.19
2014.07.01 14:04:28.296,1.95222,1.9525,1.00,1.00
2014.07.01 14:04:28.403,1.95211,1.9525,1.19,1.00
2014.07.01 14:04:28.504,1.95222,1.95254,1.00,1.25
2014.07.01 14:04:28.606,1.95212,1.95249,1.19,1.00
2014.07.01 14:04:29.141,1.95212,1.95248,1.19,1.00
2014.07.01 14:04:29.193,1.95222,1.95252,1.00,1.00
2014.07.01 14:04:29.294,1.95221,1.95256,1.00,1.19
2014.07.01 14:04:29.395,1.95221,1.95251,1.00,1.00
2014.07.01 14:04:29.597,1.95202,1.95239,1.69,1.00
2014.07.01 14:04:29.701,1.95202,1.95241,1.69,1.00
2014.07.01 14:04:29.752,1.95202,1.95241,1.19,1.00
2014.07.01 14:04:29.853,1.95198,1.95234,1.19,1.00
2014.07.01 14:04:29.954,1.95192,1.95235,1.19,1.00
2014.07.01 14:04:30.055,1.95192,1.95231,1.19,1.00
2014.07.01 14:04:30.164,1.95192,1.95233,1.19,1.00
2014.07.01 14:04:30.236,1.95192,1.95233,1.00,1.19
2014.07.01 14:04:30.563,1.95191,1.95227,1.00,1.19
2014.07.01 14:04:30.867,1.95191,1.95214,1.00,1.69
2014.07.01 14:04:31.172,1.9519,1.95203,1.00,1.00
2014.07.01 14:04:31.323,1.95162,1.95204,1.19,1.19
2014.07.01 14:04:31.814,1.95161,1.95199,1.19,1.00
2014.07.01 14:04:32.117,1.95151,1.95189,1.19,1.00
2014.07.01 14:04:32.420,1.95151,1.95186,1.19,1.00
2014.07.01 14:04:32.471,1.95151,1.95199,1.19,1.00
2014.07.01 14:04:32.623,1.95161,1.95198,1.19,1.00
2014.07.01 14:04:32.775,1.95161,1.95212,1.19,1.84
2014.07.01 14:04:32.826,1.95181,1.95212,1.00,1.77
2014.07.01 14:04:32.927,1.95181,1.95212,1.25,1.00
2014.07.01 14:04:32.978,1.95181,1.9522,1.25,1.19
2014.07.01 14:04:33.129,1.95182,1.9522,1.19,1.00
2014.07.01 14:04:33.432,1.95191,1.95217,1.00,1.00
2014.07.01 14:04:33.533,1.95191,1.95224,1.00,1.00
2014.07.01 14:04:33.664,1.95192,1.95228,1.00,1.38
2014.07.01 14:04:33.719,1.95192,1.95228,1.00,1.00
2014.07.01 14:04:33.820,1.95184,1.95222,1.19,1.00
2014.07.01 14:04:34.125,1.95184,1.95228,1.19,1.50
2014.07.01 14:04:34.659,1.95184,1.95223,1.19,1.00
2014.07.01 14:04:34.839,1.95184,1.95225,1.19,1.00
2014.07.01 14:04:35.380,1.95184,1.95226,1.19,1.00
2014.07.01 14:04:35.491,1.95184,1.95222,1.19,1.00
2014.07.01 14:04:35.643,1.95184,1.95225,1.19,1.00
2014.07.01 14:04:35.744,1.95182,1.95225,1.27,1.00
2014.07.01 14:04:36.207,1.95185,1.95229,1.19,1.00
2014.07.01 14:04:36.410,1.95191,1.95231,1.19,1.00
2014.07.01 14:04:36.896,1.95192,1.95234,1.19,1.00
2014.07.01 14:04:37.411,1.95192,1.95235,1.19,1.00
2014.07.01 14:04:37.844,1.95202,1.95238,1.00,1.25
2014.07.01 14:04:38.179,1.95202,1.95232,1.00,1.00
2014.07.01 14:04:38.485,1.95192,1.95232,1.19,1.00
2014.07.01 14:04:38.586,1.95201,1.95232,1.00,1.00
2014.07.01 14:04:38.687,1.95201,1.95239,1.00,1.19
2014.07.01 14:04:38.738,1.95201,1.95239,1.00,1.00
2014.07.01 14:04:38.839,1.95192,1.95238,1.84,1.00
2014.07.01 14:04:38.941,1.95202,1.95238,1.00,1.19
2014.07.01 14:04:39.143,1.95191,1.95237,1.37,1.19
2014.07.01 14:04:39.806,1.95201,1.95238,1.00,1.19
2014.07.01 14:04:40.165,1.95202,1.95239,1.00,1.19
2014.07.01 14:04:40.581,1.95192,1.95237,1.69,1.00
2014.07.01 14:04:40.682,1.95192,1.9523,1.69,1.00
2014.07.01 14:04:40.883,1.95191,1.95225,1.19,1.00
2014.07.01 14:04:40.985,1.95191,1.95219,1.19,1.00
2014.07.01 14:04:41.086,1.95191,1.95226,1.19,1.10
2014.07.01 14:04:41.187,1.95181,1.95226,1.19,1.10
2014.07.01 14:04:41.237,1.95181,1.95219,1.19,1.00
2014.07.01 14:04:41.298,1.95181,1.95222,1.19,1.00
2014.07.01 14:04:41.821,1.95179,1.95221,1.19,1.00
2014.07.01 14:04:42.552,1.95177,1.95221,1.19,1.00
2014.07.01 14:04:43.088,1.95177,1.95219,1.19,1.00
2014.07.01 14:04:43.664,1.95177,1.95217,1.19,1.00
2014.07.01 14:04:43.715,1.95173,1.95217,1.27,1.00
2014.07.01 14:04:43.980,1.95173,1.95219,1.27,1.00
2014.07.01 14:04:44.189,1.95173,1.95221,1.27,1.25
2014.07.01 14:04:44.476,1.95178,1.9522,1.19,1.00
2014.07.01 14:04:45.149,1.95178,1.95218,1.19,1.00
2014.07.01 14:04:45.482,1.95176,1.95219,1.19,1.00
2014.07.01 14:04:46.012,1.95176,1.9522,1.19,1.00
2014.07.01 14:04:46.691,1.95179,1.9522,1.19,1.00
2014.07.01 14:04:47.128,1.95181,1.95223,1.19,1.00
2014.07.01 14:04:47.394,1.95179,1.95221,1.19,1.00
2014.07.01 14:04:47.898,1.95178,1.95219,1.29,1.00
2014.07.01 14:04:48.449,1.95178,1.9522,1.29,1.00
2014.07.01 14:04:48.819,1.95179,1.95216,1.19,1.00
2014.07.01 14:04:49.326,1.95179,1.95217,1.19,1.00
2014.07.01 14:04:49.754,1.95176,1.95217,1.39,1.00
2014.07.01 14:04:51.445,1.95176,1.95215,1.37,1.00
2014.07.01 14:04:51.850,1.95175,1.95213,1.34,1.00
2014.07.01 14:04:52.178,1.95175,1.95215,1.34,1.00
2014.07.01 14:04:52.744,1.95174,1.95215,1.19,1.00
2014.07.01 14:04:53.308,1.95182,1.95215,1.00,1.00
2014.07.01 14:04:53.843,1.95175,1.95212,1.19,1.00
2014.07.01 14:04:54.354,1.95181,1.95213,1.19,1.00
2014.07.01 14:04:54.506,1.95182,1.95226,1.19,1.08
2014.07.01 14:04:54.607,1.95191,1.95226,1.19,1.00
2014.07.01 14:04:54.758,1.95191,1.95238,1.19,1.29
2014.07.01 14:04:54.910,1.95191,1.95238,1.19,1.29
2014.07.01 14:04:55.413,1.95195,1.95244,1.19,1.37
2014.07.01 14:04:55.737,1.95192,1.95243,1.69,1.29
2014.07.01 14:04:56.713,1.95189,1.95238,1.37,1.19
2014.07.01 14:04:57.752,1.95191,1.95241,1.19,1.37
2014.07.01 14:04:58.162,1.95192,1.95237,1.00,1.19
2014.07.01 14:04:58.705,1.95191,1.95237,1.25,1.34
2014.07.01 14:04:59.873,1.95192,1.95237,1.00,1.34
2014.07.01 14:04:59.975,1.95192,1.95241,1.19,2.14
2014.07.01 14:05:00.144,1.95183,1.95229,1.19,1.00
2014.07.01 14:05:00.245,1.95182,1.95228,1.27,1.19
2014.07.01 14:05:01.288,1.95185,1.95229,1.19,1.08
2014.07.01 14:05:01.338,1.95191,1.95238,1.00,1.84
2014.07.01 14:05:01.635,1.95184,1.95229,1.19,1.00
2014.07.01 14:05:02.225,1.95192,1.95238,1.00,1.77
2014.07.01 14:05:02.662,1.95185,1.95228,1.19,1.00
2014.07.01 14:05:03.009,1.95186,1.95229,1.19,1.00
2014.07.01 14:05:03.665,1.95186,1.95219,1.19,1.00
2014.07.01 14:05:03.840,1.95185,1.95219,1.19,1.00
2014.07.01 14:05:03.891,1.95185,1.95228,1.19,1.19
2014.07.01 14:05:04.811,1.95185,1.95228,1.19,1.25
2014.07.01 14:05:06.058,1.95186,1.95219,1.19,1.00
2014.07.01 14:05:07.271,1.95186,1.95228,1.19,1.25
2014.07.01 14:05:07.381,1.95186,1.95219,1.19,1.00
2014.07.01 14:05:08.082,1.95184,1.95228,1.19,1.25
2014.07.01 14:05:08.614,1.95186,1.95228,1.19,1.19
2014.07.01 14:05:09.357,1.95185,1.95228,1.19,1.25
2014.07.01 14:05:11.611,1.95187,1.95228,1.19,1.25
2014.07.01 14:05:12.176,1.9519,1.95229,1.00,1.19
2014.07.01 14:05:12.606,1.95194,1.95228,1.19,1.00
2014.07.01 14:05:12.912,1.95198,1.95239,1.00,1.19
2014.07.01 14:05:12.963,1.95201,1.95239,1.00,1.19
2014.07.01 14:05:13.087,1.95201,1.95238,1.19,1.00
2014.07.01 14:05:13.600,1.95193,1.95229,1.19,1.00
2014.07.01 14:05:14.102,1.95189,1.95228,1.19,1.00
2014.07.01 14:05:14.805,1.95189,1.95228,1.19,1.00
2014.07.01 14:05:15.377,1.95187,1.95229,1.19,1.00
2014.07.01 14:05:15.879,1.95187,1.95228,1.19,1.00
2014.07.01 14:05:16.570,1.95189,1.95229,1.19,1.00
2014.07.01 14:05:17.229,1.95189,1.95229,1.19,1.25
2014.07.01 14:05:18.847,1.95192,1.95238,1.00,1.84
2014.07.01 14:05:19.399,1.95191,1.95229,1.25,1.00
2014.07.01 14:05:19.640,1.95191,1.95238,1.69,1.34
2014.07.01 14:05:19.845,1.95191,1.95238,1.19,1.34
2014.07.01 14:05:20.389,1.95187,1.95229,1.19,1.00
2014.07.01 14:05:20.902,1.95187,1.95229,1.19,1.00
2014.07.01 14:05:21.959,1.95187,1.95229,1.19,1.00
2014.07.01 14:05:23.578,1.95187,1.95228,1.19,1.00
2014.07.01 14:05:23.691,1.95191,1.95237,1.00,1.34
2014.07.01 14:05:24.489,1.95191,1.95236,1.25,1.37
2014.07.01 14:05:26.083,1.95187,1.95229,1.19,1.25
2014.07.01 14:05:26.879,1.95191,1.95236,1.00,1.37
2014.07.01 14:05:27.198,1.95191,1.95234,1.00,1.27
2014.07.01 14:05:27.450,1.95182,1.95228,1.25,1.19
2014.07.01 14:05:27.652,1.95177,1.95218,1.19,1.00
2014.07.01 14:05:28.145,1.95181,1.95229,1.19,1.29
2014.07.01 14:05:28.418,1.95192,1.95234,1.00,1.34
2014.07.01 14:05:28.569,1.95182,1.95229,1.25,1.19
2014.07.01 14:05:28.736,1.95182,1.95229,1.19,1.19
2014.07.01 14:05:29.107,1.95178,1.95218,1.19,1.00
2014.07.01 14:05:29.360,1.95174,1.95219,1.84,1.00
2014.07.01 14:05:29.864,1.95174,1.95218,1.69,1.00
2014.07.01 14:05:30.288,1.95182,1.95228,1.00,1.84
2014.07.01 14:05:30.773,1.95177,1.95218,1.19,1.00
2014.07.01 14:05:30.874,1.95182,1.95228,1.25,1.34
2014.07.01 14:05:32.166,1.95182,1.95228,1.19,1.29
2014.07.01 14:05:32.487,1.95179,1.95219,1.19,1.00
2014.07.01 14:05:32.598,1.95181,1.95229,1.19,1.27
2014.07.01 14:05:32.800,1.95181,1.95225,1.00,1.19
2014.07.01 14:05:33.096,1.95171,1.95219,1.19,1.19
2014.07.01 14:05:34.367,1.95172,1.95218,1.19,1.19
2014.07.01 14:05:36.501,1.95172,1.95218,1.19,1.29
2014.07.01 14:05:37.739,1.95171,1.95219,1.19,1.27
2014.07.01 14:05:38.836,1.95172,1.95218,1.19,1.29
2014.07.01 14:05:39.831,1.95172,1.95207,1.19,1.00
2014.07.01 14:05:41.957,1.95169,1.95207,1.19,1.00
2014.07.01 14:05:42.492,1.95172,1.9521,1.19,1.00
2014.07.01 14:05:42.644,1.95173,1.9521,1.19,1.00
2014.07.01 14:05:42.694,1.95173,1.95216,1.19,1.00
2014.07.01 14:05:43.279,1.95173,1.95215,1.34,1.00
2014.07.01 14:05:43.925,1.95173,1.95216,1.34,1.00
2014.07.01 14:05:44.159,1.95176,1.95216,1.27,1.00
2014.07.01 14:05:47.138,1.95176,1.95208,1.27,1.00
2014.07.01 14:05:47.290,1.95176,1.95215,1.27,1.00
2014.07.01 14:05:47.368,1.95176,1.95219,1.27,1.50
2014.07.01 14:05:47.570,1.95176,1.95216,1.39,1.00
2014.07.01 14:05:47.897,1.95176,1.95219,1.39,1.50
2014.07.01 14:05:48.411,1.95177,1.95218,1.34,1.00
2014.07.01 14:05:49.943,1.95178,1.95218,1.34,1.50
2014.07.01 14:05:50.486,1.95178,1.95219,1.29,1.00
2014.07.01 14:05:50.638,1.95178,1.95216,1.19,1.00
2014.07.01 14:05:51.170,1.95178,1.95215,1.19,1.00
2014.07.01 14:05:52.370,1.95177,1.95215,1.19,1.00
2014.07.01 14:05:52.688,1.95177,1.95213,1.19,1.00
2014.07.01 14:05:53.585,1.95177,1.95211,1.19,1.00
2014.07.01 14:05:53.954,1.95177,1.95214,1.19,1.00
2014.07.01 14:05:54.129,1.95177,1.95212,1.19,1.00
2014.07.01 14:05:54.359,1.95174,1.95212,1.29,1.00
2014.07.01 14:05:54.891,1.95174,1.95211,1.29,1.00
2014.07.01 14:05:54.992,1.95174,1.95213,1.29,1.00
2014.07.01 14:05:55.454,1.95176,1.95212,1.19,1.00
2014.07.01 14:05:56.461,1.95175,1.95212,1.19,1.00
2014.07.01 14:05:57.033,1.95175,1.95208,1.19,1.00
2014.07.01 14:05:57.285,1.95172,1.95208,1.19,1.00
2014.07.01 14:05:57.386,1.95165,1.95208,1.19,1.50
2014.07.01 14:05:57.437,1.95165,1.95201,1.19,1.00
2014.07.01 14:05:57.944,1.95165,1.952,1.19,1.00
2014.07.01 14:05:59.069,1.95165,1.95201,1.19,1.00
2014.07.01 14:05:59.314,1.95165,1.95203,1.19,1.00
2014.07.01 14:05:59.415,1.95165,1.95205,1.19,1.00
2014.07.01 14:05:59.522,1.95165,1.95202,1.19,1.00
2014.07.01 14:05:59.825,1.95167,1.95204,1.19,1.00
2014.07.01 14:06:00.193,1.95172,1.95206,1.19,1.00
2014.07.01 14:06:00.631,1.95171,1.95208,1.19,1.00
2014.07.01 14:06:00.984,1.95172,1.95211,1.19,1.00
2014.07.01 14:06:01.085,1.95172,1.95207,1.19,1.00
2014.07.01 14:06:01.387,1.95171,1.95205,1.19,1.00
2014.07.01 14:06:02.377,1.95172,1.95207,1.19,1.00
2014.07.01 14:06:03.797,1.95171,1.95208,1.19,1.00
2014.07.01 14:06:04.427,1.95171,1.95208,1.00,1.25
2014.07.01 14:06:04.478,1.95161,1.95206,1.84,1.00
2014.07.01 14:06:04.676,1.95162,1.95208,1.34,1.25
2014.07.01 14:06:05.221,1.95171,1.95214,1.69,1.08
2014.07.01 14:06:05.271,1.95171,1.95214,1.69,1.00
2014.07.01 14:06:06.079,1.95171,1.95209,1.19,1.00
2014.07.01 14:06:06.631,1.95171,1.95214,1.19,1.00
2014.07.01 14:06:07.069,1.9517,1.95209,1.29,1.00
2014.07.01 14:06:07.322,1.95158,1.95199,1.19,1.00
2014.07.01 14:06:07.423,1.95153,1.95193,1.19,1.00
2014.07.01 14:06:07.740,1.95152,1.95191,1.19,1.00
2014.07.01 14:06:08.332,1.95152,1.95191,1.19,1.00
2014.07.01 14:06:08.839,1.95148,1.95192,1.27,1.00
2014.07.01 14:06:11.535,1.95148,1.95193,1.27,1.00
2014.07.01 14:06:12.587,1.95151,1.95194,1.19,1.00
2014.07.01 14:06:13.390,1.95151,1.95193,1.19,1.00
2014.07.01 14:06:14.158,1.95151,1.95195,1.19,1.00
2014.07.01 14:06:14.342,1.95161,1.95195,1.00,1.00
2014.07.01 14:06:14.392,1.95161,1.95202,1.00,1.19
2014.07.01 14:06:14.493,1.95161,1.95196,1.00,1.00
2014.07.01 14:06:15.167,1.95161,1.95195,1.00,1.00
2014.07.01 14:06:15.518,1.95161,1.95192,1.00,1.00
2014.07.01 14:06:16.019,1.95162,1.95193,1.00,1.00
2014.07.01 14:06:16.561,1.95161,1.95193,1.00,1.00
2014.07.01 14:06:17.099,1.95161,1.95194,1.00,1.00
2014.07.01 14:06:17.558,1.95171,1.95194,1.00,1.00
2014.07.01 14:06:17.659,1.95171,1.95201,1.00,1.00
2014.07.01 14:06:17.811,1.95161,1.95201,1.00,1.00
2014.07.01 14:06:17.912,1.95161,1.95197,1.00,1.00
2014.07.01 14:06:18.214,1.95161,1.95194,1.00,1.00
2014.07.01 14:06:18.366,1.95152,1.95194,1.37,1.00
2014.07.01 14:06:18.911,1.9515,1.95193,1.19,1.00
2014.07.01 14:06:19.425,1.9515,1.95192,1.19,1.00
2014.07.01 14:06:19.898,1.95144,1.95192,1.34,1.00
2014.07.01 14:06:20.438,1.95144,1.95193,1.34,1.00
2014.07.01 14:06:20.608,1.95144,1.95179,1.34,1.00
2014.07.01 14:06:20.711,1.95141,1.95179,1.32,1.00
2014.07.01 14:06:20.812,1.95141,1.95179,1.19,1.00
2014.07.01 14:06:20.963,1.95134,1.95173,1.19,1.00
2014.07.01 14:06:21.127,1.95131,1.95173,1.19,1.00
2014.07.01 14:06:21.178,1.95131,1.95175,1.19,1.00
2014.07.01 14:06:21.851,1.95141,1.95175,1.00,1.00
2014.07.01 14:06:22.619,1.95152,1.95175,1.00,1.00
2014.07.01 14:06:22.720,1.95152,1.95177,1.00,1.00
2014.07.01 14:06:23.957,1.95152,1.95181,1.00,1.00
2014.07.01 14:06:24.896,1.95152,1.95183,1.00,1.00
2014.07.01 14:06:26.577,1.95151,1.95183,1.00,1.00
2014.07.01 14:06:27.780,1.95151,1.95179,1.00,1.00
2014.07.01 14:06:28.082,1.95141,1.95175,1.27,1.00
2014.07.01 14:06:28.138,1.95152,1.95175,1.00,1.00
2014.07.01 14:06:28.336,1.95142,1.95175,1.25,1.00
2014.07.01 14:06:31.173,1.95142,1.95175,1.19,1.00
2014.07.01 14:06:31.700,1.95142,1.95176,1.19,1.00
2014.07.01 14:06:32.185,1.95142,1.95183,1.25,1.19
2014.07.01 14:06:32.286,1.95142,1.95183,1.19,1.00
2014.07.01 14:06:32.665,1.95151,1.95183,1.00,1.00
2014.07.01 14:06:33.210,1.95152,1.95183,1.00,1.00
2014.07.01 14:06:33.427,1.95144,1.95188,1.19,1.00
2014.07.01 14:06:33.517,1.95144,1.95186,1.19,1.00
2014.07.01 14:06:33.769,1.95151,1.95188,1.25,1.00
2014.07.01 14:06:34.398,1.95151,1.95188,1.19,1.00
2014.07.01 14:06:35.436,1.95151,1.95189,1.19,1.00
2014.07.01 14:06:37.385,1.95152,1.95189,1.25,1.00
2014.07.01 14:06:38.919,1.95162,1.95189,1.00,1.00
2014.07.01 14:06:39.561,1.95152,1.95189,1.25,1.00
2014.07.01 14:06:39.669,1.95152,1.95187,1.25,1.00
2014.07.01 14:06:40.001,1.95152,1.95189,1.25,1.00
2014.07.01 14:06:40.221,1.95161,1.95189,1.00,1.00
2014.07.01 14:06:40.332,1.95152,1.95189,1.25,1.00
2014.07.01 14:06:40.440,1.95162,1.95189,1.00,1.00
2014.07.01 14:06:40.552,1.95151,1.95189,1.19,1.00
2014.07.01 14:06:43.229,1.95152,1.95188,1.25,1.00
2014.07.01 14:06:43.750,1.95151,1.95187,1.19,1.00
2014.07.01 14:06:44.453,1.95151,1.95187,1.19,1.00
2014.07.01 14:06:46.465,1.95151,1.95187,1.25,1.00
2014.07.01 14:06:46.819,1.95161,1.95187,1.00,1.00
2014.07.01 14:06:46.971,1.95161,1.95195,1.00,1.00
2014.07.01 14:06:47.122,1.95161,1.95202,1.19,1.00
2014.07.01 14:06:47.173,1.95172,1.952,1.00,1.00
2014.07.01 14:06:47.404,1.95161,1.95207,1.19,1.19
2014.07.01 14:06:47.505,1.95161,1.95206,1.34,1.19
2014.07.01 14:06:47.808,1.95162,1.95203,1.37,1.00
2014.07.01 14:06:47.923,1.95162,1.95206,1.37,1.00
2014.07.01 14:06:48.268,1.95162,1.95203,2.14,1.00
2014.07.01 14:06:48.482,1.95172,1.95208,1.00,1.19
2014.07.01 14:06:48.996,1.95171,1.95208,1.00,1.19
2014.07.01 14:06:49.113,1.95171,1.95208,1.19,1.00
2014.07.01 14:06:50.260,1.95171,1.9521,1.19,1.00
2014.07.01 14:06:51.326,1.95172,1.9521,1.34,1.00
2014.07.01 14:06:54.221,1.95172,1.95221,1.34,1.19
2014.07.01 14:06:54.809,1.95172,1.95221,1.34,1.19
2014.07.01 14:06:59.782,1.95172,1.9522,1.19,1.29
2014.07.01 14:07:00.905,1.95172,1.95219,1.19,1.34
2014.07.01 14:07:01.728,1.95161,1.95214,1.77,1.27
2014.07.01 14:07:02.902,1.95162,1.95211,1.19,1.27
2014.07.01 14:07:04.116,1.95162,1.95216,1.19,1.20
2014.07.01 14:07:04.217,1.95167,1.95219,1.25,1.27
2014.07.01 14:07:04.318,1.9517,1.95219,1.19,1.27
2014.07.01 14:07:06.210,1.9517,1.95219,1.19,1.27
2014.07.01 14:07:07.316,1.95172,1.9522,1.19,1.37
2014.07.01 14:07:09.366,1.95167,1.95218,1.19,1.27
2014.07.01 14:07:10.334,1.95166,1.95217,1.19,1.29
2014.07.01 14:07:12.354,1.95166,1.95218,1.69,1.77
2014.07.01 14:07:13.458,1.95166,1.95218,1.69,1.27
2014.07.01 14:07:14.390,1.95169,1.95218,1.19,1.77
2014.07.01 14:07:17.435,1.95166,1.95219,1.19,1.77
2014.07.01 14:07:18.425,1.95166,1.95219,1.69,1.27
2014.07.01 14:07:19.439,1.95166,1.95217,1.19,1.29
2014.07.01 14:07:21.423,1.95165,1.95215,1.29,1.19
2014.07.01 14:07:22.449,1.95164,1.95217,1.27,1.29
2014.07.01 14:07:22.686,1.95163,1.95208,1.27,1.00
2014.07.01 14:07:23.377,1.95163,1.95209,1.19,1.00
2014.07.01 14:07:24.037,1.95163,1.95208,1.19,1.00
2014.07.01 14:07:24.088,1.95163,1.95217,1.19,1.34
2014.07.01 14:07:24.747,1.95172,1.95217,1.00,1.29
2014.07.01 14:07:24.946,1.95163,1.95217,1.27,1.29
2014.07.01 14:07:27.277,1.95162,1.95211,1.29,1.29
2014.07.01 14:07:28.417,1.95157,1.95208,1.27,1.19
2014.07.01 14:07:29.417,1.95158,1.95208,1.27,1.19
2014.07.01 14:07:30.408,1.95157,1.95208,1.27,1.69
2014.07.01 14:07:33.452,1.95156,1.95207,1.37,1.19
2014.07.01 14:07:34.412,1.95157,1.95207,1.27,1.19
2014.07.01 14:07:35.551,1.95156,1.95207,1.37,1.19
2014.07.01 14:07:36.457,1.95157,1.95206,1.27,1.19
2014.07.01 14:07:37.462,1.95156,1.95206,1.37,1.19
2014.07.01 14:07:39.471,1.95154,1.95206,1.34,1.19
2014.07.01 14:07:40.475,1.95155,1.95206,1.34,1.19
2014.07.01 14:07:41.017,1.95155,1.95199,1.19,1.00
2014.07.01 14:07:42.282,1.95155,1.95198,1.19,1.00
2014.07.01 14:07:42.383,1.95155,1.95205,1.19,1.19
2014.07.01 14:07:42.701,1.95152,1.95204,1.19,1.37
2014.07.01 14:07:43.699,1.95153,1.95205,1.19,1.19
2014.07.01 14:07:46.096,1.95161,1.95205,1.00,1.19
2014.07.01 14:07:46.679,1.95154,1.95205,1.19,1.19
2014.07.01 14:07:49.301,1.95151,1.952,1.64,1.19
2014.07.01 14:07:49.351,1.95152,1.952,1.27,1.19
2014.07.01 14:07:49.666,1.95153,1.95204,1.27,1.33
2014.07.01 14:07:49.717,1.95162,1.95209,1.00,1.37
2014.07.01 14:07:50.020,1.95171,1.95216,1.00,1.37
2014.07.01 14:07:51.427,1.95172,1.95216,1.00,1.37
2014.07.01 14:07:51.946,1.95171,1.95216,1.25,1.37
2014.07.01 14:07:52.406,1.95172,1.95213,1.19,1.00
2014.07.01 14:07:52.635,1.95163,1.95208,1.19,1.00
2014.07.01 14:07:53.068,1.95171,1.9521,1.00,1.25
2014.07.01 14:07:53.171,1.95163,1.95208,1.19,1.00
2014.07.01 14:07:53.519,1.95172,1.95211,1.00,1.19
2014.07.01 14:07:53.826,1.95163,1.95207,1.19,1.00
2014.07.01 14:07:54.097,1.95171,1.95209,1.00,1.00
2014.07.01 14:07:54.459,1.95171,1.95217,1.19,1.19
2014.07.01 14:07:55.075,1.95171,1.95213,1.19,1.00
2014.07.01 14:07:56.221,1.95171,1.95213,1.19,1.00
2014.07.01 14:07:56.755,1.95171,1.95212,1.19,1.00
2014.07.01 14:07:56.856,1.95171,1.95214,1.19,1.00
2014.07.01 14:07:56.964,1.95171,1.9521,1.19,1.00
2014.07.01 14:07:57.328,1.95171,1.9521,1.25,1.00
2014.07.01 14:07:58.149,1.95171,1.95211,1.25,1.25
2014.07.01 14:07:58.334,1.95171,1.95211,1.19,1.25
2014.07.01 14:07:59.643,1.95171,1.95212,1.19,1.00
2014.07.01 14:08:00.007,1.95182,1.95224,1.29,1.19
2014.07.01 14:08:00.058,1.95182,1.95224,1.29,1.00
2014.07.01 14:08:00.386,1.95181,1.95219,1.27,1.00
2014.07.01 14:08:00.487,1.95179,1.95219,1.34,1.00
2014.07.01 14:08:00.555,1.95181,1.95223,1.27,1.00
2014.07.01 14:08:00.935,1.95179,1.95218,1.34,1.00
2014.07.01 14:08:01.347,1.95179,1.95211,1.34,1.00
2014.07.01 14:08:01.398,1.95173,1.95211,1.69,1.00
2014.07.01 14:08:01.701,1.95167,1.95209,1.57,1.00
2014.07.01 14:08:01.819,1.95167,1.95209,1.27,1.00
2014.07.01 14:08:02.137,1.95167,1.95206,1.19,1.00
2014.07.01 14:08:02.727,1.95167,1.95203,1.19,1.00
2014.07.01 14:08:02.891,1.95164,1.95203,1.19,1.00
2014.07.01 14:08:03.813,1.95164,1.95207,1.19,1.00
2014.07.01 14:08:03.899,1.95161,1.95207,1.19,1.19
2014.07.01 14:08:05.310,1.9516,1.95208,1.34,1.19
2014.07.01 14:08:06.197,1.9516,1.95204,1.29,1.00
2014.07.01 14:08:06.741,1.9516,1.95207,1.29,1.19
2014.07.01 14:08:07.625,1.9516,1.95207,1.29,1.25
2014.07.01 14:08:08.401,1.9516,1.95203,1.34,1.00
2014.07.01 14:08:08.616,1.9516,1.95207,1.34,1.25
2014.07.01 14:08:08.942,1.95163,1.95207,1.37,1.00
2014.07.01 14:08:09.361,1.95163,1.95203,1.37,1.00
2014.07.01 14:08:09.906,1.95163,1.95204,1.37,1.00
2014.07.01 14:08:09.957,1.95163,1.95207,1.37,1.00
2014.07.01 14:08:10.979,1.95164,1.95207,1.27,1.00
2014.07.01 14:08:16.206,1.95172,1.95207,1.00,1.00
2014.07.01 14:08:18.455,1.95172,1.9521,1.00,1.00
2014.07.01 14:08:18.506,1.95172,1.95213,1.19,1.00
2014.07.01 14:08:18.607,1.95172,1.95211,1.19,1.00
2014.07.01 14:08:18.960,1.95167,1.95207,1.34,1.00
2014.07.01 14:08:19.376,1.95167,1.95214,1.34,1.00
2014.07.01 14:08:19.529,1.9517,1.95214,1.27,1.00
2014.07.01 14:08:19.839,1.95175,1.95217,1.27,1.00
2014.07.01 14:08:20.165,1.95175,1.95215,1.27,1.00
2014.07.01 14:08:20.718,1.95176,1.95215,1.27,1.00
2014.07.01 14:08:21.905,1.95176,1.95213,1.27,1.00
2014.07.01 14:08:22.896,1.95176,1.95211,1.27,1.00
2014.07.01 14:08:23.131,1.95176,1.95213,1.27,1.00
2014.07.01 14:08:25.761,1.95177,1.95213,1.34,1.00
2014.07.01 14:08:26.028,1.95177,1.95219,1.34,1.00
2014.07.01 14:08:26.130,1.95177,1.95216,1.19,1.00
2014.07.01 14:08:26.281,1.95173,1.95213,1.34,1.00
2014.07.01 14:08:27.293,1.95174,1.95213,1.37,1.00
2014.07.01 14:08:28.302,1.95172,1.95213,1.27,1.00
2014.07.01 14:08:29.313,1.95169,1.95213,1.34,1.00
2014.07.01 14:08:29.450,1.95173,1.95213,1.29,1.00
2014.07.01 14:08:31.125,1.9517,1.95213,1.37,1.00
2014.07.01 14:08:32.335,1.95171,1.95213,1.19,1.00
2014.07.01 14:08:33.351,1.95169,1.95213,1.19,1.00
2014.07.01 14:08:35.355,1.95171,1.95215,1.19,1.00
2014.07.01 14:08:35.406,1.95172,1.95215,1.19,1.00
2014.07.01 14:08:35.935,1.95172,1.95216,1.29,1.00
2014.07.01 14:08:36.433,1.95172,1.95213,1.29,1.00
2014.07.01 14:08:36.483,1.9517,1.95213,1.37,1.00
2014.07.01 14:08:39.627,1.95172,1.95208,1.29,1.00
2014.07.01 14:08:39.879,1.95172,1.9521,1.29,1.00
2014.07.01 14:08:39.930,1.95172,1.9521,1.29,1.00
2014.07.01 14:08:40.327,1.95163,1.952,1.69,1.00
2014.07.01 14:08:40.660,1.95163,1.95194,1.19,1.00
2014.07.01 14:08:40.915,1.95162,1.95194,1.19,1.00
2014.07.01 14:08:40.965,1.95162,1.95192,1.19,1.00
2014.07.01 14:08:41.423,1.95162,1.95195,1.19,1.00
2014.07.01 14:08:44.137,1.95161,1.95198,1.19,1.00
2014.07.01 14:08:44.827,1.95157,1.95193,1.27,1.00
2014.07.01 14:08:44.928,1.95157,1.95196,1.27,1.00
2014.07.01 14:08:44.979,1.95152,1.95196,1.34,1.25
2014.07.01 14:08:45.171,1.95161,1.95197,1.00,1.19
2014.07.01 14:08:45.684,1.95161,1.95195,1.00,1.00
2014.07.01 14:08:45.886,1.95162,1.95201,1.19,1.00
2014.07.01 14:08:46.395,1.95162,1.95202,1.19,1.00
2014.07.01 14:08:47.158,1.95162,1.95202,1.19,1.25
2014.07.01 14:08:48.125,1.95171,1.95209,1.00,1.19
2014.07.01 14:08:48.175,1.95171,1.95211,1.00,1.27
2014.07.01 14:08:49.014,1.95171,1.95217,1.00,1.34
2014.07.01 14:08:49.558,1.95172,1.95217,1.00,1.19
2014.07.01 14:08:49.885,1.95182,1.95217,1.00,1.19
2014.07.01 14:08:50.177,1.95182,1.95221,1.00,1.34
2014.07.01 14:08:50.688,1.95173,1.95218,1.19,1.29
2014.07.01 14:08:50.782,1.95173,1.95218,1.19,1.29
2014.07.01 14:08:50.875,1.95182,1.95226,1.00,1.64
2014.07.01 14:08:51.207,1.95173,1.95219,1.19,1.08
2014.07.01 14:08:51.708,1.95181,1.95218,1.00,1.10
2014.07.01 14:08:51.813,1.95171,1.95217,1.19,1.00
2014.07.01 14:08:52.008,1.95172,1.95217,1.19,1.15
2014.07.01 14:08:52.218,1.95161,1.95209,1.77,1.00
2014.07.01 14:08:52.326,1.95171,1.95212,1.00,1.00
2014.07.01 14:08:52.844,1.95172,1.95212,1.00,1.00
2014.07.01 14:08:54.118,1.95171,1.95212,1.00,1.00
2014.07.01 14:08:54.621,1.95172,1.95214,1.25,1.08
2014.07.01 14:08:54.970,1.95169,1.95198,1.00,1.00
2014.07.01 14:08:55.133,1.95159,1.95198,1.00,1.00
2014.07.01 14:08:55.190,1.95148,1.95189,1.87,1.00
2014.07.01 14:08:55.241,1.95148,1.95189,1.00,1.00
2014.07.01 14:08:55.645,1.95151,1.95191,1.00,1.00
2014.07.01 14:08:55.816,1.95151,1.95196,1.00,1.08
2014.07.01 14:08:56.018,1.95152,1.95196,1.19,1.00
2014.07.01 14:08:56.321,1.95162,1.95204,1.00,1.15
2014.07.01 14:08:56.534,1.95162,1.95204,1.00,1.00
2014.07.01 14:08:57.213,1.95161,1.95204,1.19,1.00
2014.07.01 14:08:57.726,1.95162,1.95199,1.19,1.00
2014.07.01 14:08:58.169,1.95162,1.95192,1.00,1.00
2014.07.01 14:08:58.352,1.95151,1.95192,1.19,1.00
2014.07.01 14:08:59.334,1.95151,1.95192,1.00,1.00
2014.07.01 14:09:00.517,1.95152,1.95192,1.00,1.00
2014.07.01 14:09:00.916,1.95144,1.95187,1.19,1.00
2014.07.01 14:09:01.069,1.95142,1.95187,1.19,1.00
2014.07.01 14:09:01.785,1.95141,1.95187,1.00,1.00
2014.07.01 14:09:01.888,1.95141,1.95184,1.00,1.00
2014.07.01 14:09:02.578,1.95142,1.95184,1.00,1.00
2014.07.01 14:09:02.873,1.95141,1.9519,1.00,1.00
2014.07.01 14:09:03.618,1.95142,1.9519,1.00,1.00
2014.07.01 14:09:04.179,1.95142,1.95189,1.00,1.00
2014.07.01 14:09:04.286,1.95142,1.95192,1.00,1.29
2014.07.01 14:09:04.395,1.95142,1.95189,1.00,1.00
2014.07.01 14:09:05.055,1.95141,1.95189,1.00,1.00
2014.07.01 14:09:05.606,1.95142,1.95189,1.00,1.00
2014.07.01 14:09:06.079,1.95142,1.95192,1.08,1.19
2014.07.01 14:09:07.942,1.95141,1.95192,1.18,1.19
2014.07.01 14:09:08.464,1.95142,1.95187,1.00,1.00
2014.07.01 14:09:08.941,1.95141,1.95185,1.00,1.08
2014.07.01 14:09:09.346,1.95132,1.95178,1.10,1.00
2014.07.01 14:09:09.803,1.95142,1.95184,1.00,1.19
2014.07.01 14:09:10.163,1.95142,1.95188,1.00,1.27
2014.07.01 14:09:10.832,1.95142,1.95188,1.00,1.19
2014.07.01 14:09:10.984,1.95144,1.95188,1.00,1.19
2014.07.01 14:09:11.146,1.95144,1.95189,1.08,1.00
2014.07.01 14:09:11.348,1.95152,1.95198,1.00,1.19
2014.07.01 14:09:12.144,1.95151,1.95193,1.00,1.19
2014.07.01 14:09:12.354,1.95142,1.95188,1.15,1.19
2014.07.01 14:09:12.463,1.95142,1.95188,1.00,1.19
2014.07.01 14:09:13.194,1.95142,1.95188,1.00,1.19
2014.07.01 14:09:13.396,1.95142,1.95188,1.08,1.19
2014.07.01 14:09:13.719,1.95152,1.95196,1.00,1.19
2014.07.01 14:09:13.972,1.95146,1.95189,1.00,1.19
2014.07.01 14:09:14.346,1.95141,1.95189,1.84,1.25
2014.07.01 14:09:14.997,1.95142,1.95188,1.15,1.00
2014.07.01 14:09:15.391,1.95142,1.95188,1.15,1.19
2014.07.01 14:09:16.373,1.95142,1.95188,1.15,1.19
2014.07.01 14:09:16.697,1.95161,1.95191,1.00,1.19
2014.07.01 14:09:17.077,1.95151,1.95191,1.00,1.19
2014.07.01 14:09:17.128,1.95151,1.95197,1.00,1.19
2014.07.01 14:09:17.431,1.95141,1.95194,1.19,1.19
2014.07.01 14:09:17.715,1.95145,1.95197,1.00,1.34
2014.07.01 14:09:18.157,1.95142,1.95197,1.19,1.34
2014.07.01 14:09:18.258,1.95142,1.95197,1.19,1.94
2014.07.01 14:09:18.757,1.95141,1.95192,1.50,1.34
2014.07.01 14:09:19.396,1.95139,1.95189,1.19,1.37
2014.07.01 14:09:19.923,1.95141,1.95188,1.00,1.27
2014.07.01 14:09:20.447,1.95141,1.9519,1.50,1.34
2014.07.01 14:09:21.268,1.95141,1.9518,1.00,1.19
2014.07.01 14:09:21.369,1.95131,1.95179,1.00,1.34
2014.07.01 14:09:22.071,1.95132,1.95178,1.00,1.34
2014.07.01 14:09:22.333,1.95132,1.95178,1.00,1.34
2014.07.01 14:09:23.062,1.95131,1.95179,1.00,1.84
2014.07.01 14:09:24.127,1.95122,1.95168,1.69,1.00
2014.07.01 14:09:24.324,1.95132,1.95178,1.00,1.84
2014.07.01 14:09:24.630,1.95132,1.95174,1.00,1.19
2014.07.01 14:09:24.913,1.95122,1.95169,1.19,1.19
2014.07.01 14:09:25.352,1.95123,1.95169,1.00,1.19
2014.07.01 14:09:26.033,1.95122,1.95169,1.00,1.19
2014.07.01 14:09:26.634,1.95123,1.95169,1.00,1.19
2014.07.01 14:09:27.291,1.95128,1.95169,1.00,1.19
2014.07.01 14:09:27.594,1.95132,1.95175,1.00,1.34
2014.07.01 14:09:27.644,1.95122,1.95168,1.69,1.25
2014.07.01 14:09:28.398,1.95129,1.95168,1.00,1.19
2014.07.01 14:09:28.499,1.95122,1.95168,1.19,1.19
2014.07.01 14:09:29.399,1.95123,1.95168,1.27,1.19
2014.07.01 14:09:30.344,1.95127,1.95168,1.00,1.19
2014.07.01 14:09:30.719,1.95131,1.95175,1.00,1.19
2014.07.01 14:09:30.804,1.95125,1.95168,1.25,1.25
2014.07.01 14:09:31.335,1.95127,1.95168,1.00,1.25
2014.07.01 14:09:31.884,1.95126,1.95168,1.25,1.25
2014.07.01 14:09:32.399,1.95132,1.95175,1.00,1.19
2014.07.01 14:09:32.701,1.95132,1.95173,1.00,1.19
2014.07.01 14:09:33.411,1.95132,1.95172,1.00,1.19
2014.07.01 14:09:35.141,1.95131,1.95172,1.00,1.19
2014.07.01 14:09:35.440,1.95132,1.95178,1.77,1.19
2014.07.01 14:09:35.540,1.95138,1.95178,1.00,1.19
2014.07.01 14:09:36.535,1.95138,1.95178,1.00,1.19
2014.07.01 14:09:36.614,1.95136,1.95178,1.00,1.19
2014.07.01 14:09:36.833,1.95138,1.95178,1.00,1.19
2014.07.01 14:09:37.171,1.95141,1.95182,1.00,1.19
2014.07.01 14:09:37.587,1.95142,1.95186,1.00,1.19
2014.07.01 14:09:37.688,1.95134,1.95178,1.27,1.00
2014.07.01 14:09:37.875,1.95142,1.95186,1.00,1.19
2014.07.01 14:09:38.166,1.95142,1.95188,1.19,1.19
2014.07.01 14:09:39.696,1.95146,1.95188,1.00,1.19
2014.07.01 14:09:40.023,1.95143,1.95188,1.02,1.19
2014.07.01 14:09:40.080,1.95143,1.95197,1.29,1.29
2014.07.01 14:09:40.407,1.95152,1.95197,1.00,1.19
2014.07.01 14:09:40.886,1.95151,1.95199,1.19,1.19
2014.07.01 14:09:41.614,1.95162,1.95199,1.00,1.19
2014.07.01 14:09:41.887,1.95162,1.95201,1.00,1.19
2014.07.01 14:09:42.605,1.95152,1.95201,1.27,1.19
2014.07.01 14:09:42.824,1.95162,1.95201,1.00,1.19
2014.07.01 14:09:43.073,1.95151,1.95202,1.37,1.19
2014.07.01 14:09:43.617,1.95161,1.95202,1.00,1.19
2014.07.01 14:09:44.833,1.95162,1.95202,1.00,1.19
2014.07.01 14:09:44.922,1.95162,1.95205,1.00,1.19
2014.07.01 14:09:45.381,1.95153,1.95205,1.34,1.19
2014.07.01 14:09:45.595,1.95162,1.95205,1.00,1.19
2014.07.01 14:09:45.814,1.95153,1.95205,1.27,1.19
2014.07.01 14:09:46.385,1.95161,1.95205,1.00,1.19
2014.07.01 14:09:46.981,1.95162,1.95205,1.00,1.19
2014.07.01 14:09:47.285,1.95153,1.95205,1.27,1.19
2014.07.01 14:09:49.147,1.95151,1.95204,1.34,1.19
2014.07.01 14:09:51.255,1.95151,1.95202,1.34,1.19
2014.07.01 14:09:52.562,1.95151,1.95203,1.34,1.19
2014.07.01 14:09:53.775,1.95148,1.95198,1.29,1.19
2014.07.01 14:09:54.346,1.95147,1.95198,1.34,1.69
2014.07.01 14:09:54.881,1.95147,1.95198,1.64,1.19
2014.07.01 14:09:56.189,1.95147,1.95199,2.14,1.69
2014.07.01 14:09:59.163,1.95158,1.95199,1.00,1.69
2014.07.01 14:09:59.687,1.95155,1.95198,1.15,1.19
2014.07.01 14:09:59.809,1.95155,1.95198,1.34,1.25
2014.07.01 14:10:00.171,1.95161,1.95205,1.08,1.19
2014.07.01 14:10:00.815,1.95163,1.95209,1.37,1.19
2014.07.01 14:10:01.821,1.95163,1.95209,1.37,1.19
2014.07.01 14:10:04.947,1.95163,1.95209,1.37,1.19
2014.07.01 14:10:06.265,1.95161,1.95209,1.84,1.19
2014.07.01 14:10:06.874,1.95171,1.95214,1.00,1.19
2014.07.01 14:10:07.082,1.95163,1.95214,1.37,1.19
2014.07.01 14:10:07.787,1.95163,1.95215,1.37,1.19
2014.07.01 14:10:08.324,1.95163,1.95217,1.84,1.19
2014.07.01 14:10:09.302,1.95164,1.95216,1.29,1.19
2014.07.01 14:10:12.787,1.95163,1.95216,1.37,1.19
2014.07.01 14:10:13.336,1.95164,1.95216,1.29,1.19
2014.07.01 14:10:13.886,1.95172,1.95216,1.00,1.19
2014.07.01 14:10:14.404,1.95164,1.95215,1.29,1.19
2014.07.01 14:10:14.556,1.95161,1.95212,1.34,1.19
2014.07.01 14:10:14.658,1.95161,1.95204,1.15,1.19
2014.07.01 14:10:14.759,1.95161,1.95204,1.00,1.19
2014.07.01 14:10:14.810,1.95155,1.95204,1.34,1.19
2014.07.01 14:10:14.876,1.95162,1.95204,1.00,1.19
2014.07.01 14:10:15.644,1.95161,1.95204,1.00,1.19
2014.07.01 14:10:15.872,1.95162,1.95208,1.19,1.34
2014.07.01 14:10:17.059,1.95161,1.95207,1.19,1.37
2014.07.01 14:10:18.263,1.95162,1.95206,1.00,1.27
2014.07.01 14:10:18.887,1.95161,1.95205,1.25,1.37
2014.07.01 14:10:18.938,1.95167,1.95206,1.00,1.27
2014.07.01 14:10:18.988,1.95167,1.95217,1.00,1.50
2014.07.01 14:10:19.039,1.95167,1.95209,1.13,1.08
2014.07.01 14:10:19.140,1.95182,1.95224,1.00,1.19
2014.07.01 14:10:19.191,1.95182,1.95226,1.19,2.14
2014.07.01 14:10:19.393,1.95181,1.95221,1.29,1.00
2014.07.01 14:10:19.659,1.95184,1.95228,1.19,1.19
2014.07.01 14:10:19.709,1.95189,1.95228,1.00,1.19
2014.07.01 14:10:19.810,1.95189,1.95228,1.19,1.00
2014.07.01 14:10:19.911,1.95191,1.95237,1.00,1.19
2014.07.01 14:10:20.655,1.95192,1.95237,1.00,1.19
2014.07.01 14:10:21.676,1.95185,1.95228,1.37,1.00
2014.07.01 14:10:21.899,1.95192,1.95237,1.25,1.19
2014.07.01 14:10:22.405,1.95192,1.95238,1.19,1.69
2014.07.01 14:10:22.669,1.95192,1.95238,1.19,1.19
2014.07.01 14:10:25.661,1.95192,1.95238,1.19,1.19
2014.07.01 14:10:26.652,1.95192,1.95238,1.19,1.19
2014.07.01 14:10:27.688,1.95192,1.95238,1.19,1.19
2014.07.01 14:10:28.598,1.95194,1.95238,1.19,1.00
2014.07.01 14:10:29.104,1.95194,1.95239,1.37,1.25
2014.07.01 14:10:30.211,1.95191,1.95239,1.27,1.19
2014.07.01 14:10:30.564,1.95188,1.95228,1.19,1.00
2014.07.01 14:10:31.080,1.95188,1.95229,1.19,1.00
2014.07.01 14:10:31.339,1.95181,1.95229,1.69,1.19
2014.07.01 14:10:31.389,1.95192,1.95234,1.00,1.34
2014.07.01 14:10:32.109,1.95191,1.95234,1.00,1.34
2014.07.01 14:10:32.313,1.95191,1.95236,1.00,1.34
2014.07.01 14:10:33.094,1.95192,1.95236,1.00,1.34
2014.07.01 14:10:33.455,1.95192,1.95232,1.00,1.37
2014.07.01 14:10:33.963,1.95191,1.95231,1.00,1.29
2014.07.01 14:10:34.268,1.95191,1.95239,1.19,1.69
2014.07.01 14:10:34.470,1.95194,1.95239,1.00,1.19
2014.07.01 14:10:34.520,1.95201,1.95242,1.00,1.27
2014.07.01 14:10:34.571,1.95201,1.95249,1.00,1.84
2014.07.01 14:10:34.672,1.95206,1.95248,1.00,1.40
2014.07.01 14:10:34.773,1.95206,1.95249,1.00,1.19
2014.07.01 14:10:34.925,1.95212,1.95255,1.00,1.19
2014.07.01 14:10:35.050,1.95212,1.95264,1.19,1.47
2014.07.01 14:10:35.157,1.95221,1.95267,1.00,1.02
2014.07.01 14:10:35.207,1.95221,1.95269,1.00,2.14
2014.07.01 14:10:35.710,1.95214,1.95258,1.19,1.00
2014.07.01 14:10:35.810,1.95222,1.95268,1.00,1.77
2014.07.01 14:10:36.401,1.95222,1.95267,1.25,1.19
2014.07.01 14:10:37.116,1.95222,1.95268,1.00,1.29
2014.07.01 14:10:37.419,1.95232,1.95278,1.00,2.44
2014.07.01 14:10:37.520,1.95232,1.95278,1.00,1.84
2014.07.01 14:10:37.571,1.95242,1.95278,1.00,1.34
2014.07.01 14:10:37.722,1.95242,1.95287,1.00,1.27
2014.07.01 14:10:37.926,1.95233,1.95278,1.19,1.00
2014.07.01 14:10:38.229,1.95226,1.95279,1.34,1.69
2014.07.01 14:10:38.636,1.95223,1.95274,1.34,1.19
2014.07.01 14:10:39.614,1.95221,1.95268,1.29,1.19
2014.07.01 14:10:40.750,1.9522,1.95269,1.27,1.69
2014.07.01 14:10:41.786,1.95219,1.95268,1.37,1.19
2014.07.01 14:10:41.836,1.9522,1.95259,1.27,1.00
2014.07.01 14:10:42.341,1.9522,1.95258,1.27,1.00
2014.07.01 14:10:42.670,1.9522,1.95238,1.00,1.00
2014.07.01 14:10:42.721,1.9521,1.95238,1.15,1.00
2014.07.01 14:10:42.772,1.9521,1.95238,1.00,1.00
2014.07.01 14:10:42.823,1.95192,1.95238,1.94,1.00
2014.07.01 14:10:42.873,1.95188,1.95229,1.64,1.00
2014.07.01 14:10:42.924,1.95187,1.95229,1.39,1.00
2014.07.01 14:10:43.025,1.95187,1.95228,1.08,1.25
2014.07.01 14:10:43.076,1.95187,1.95219,1.08,1.00
2014.07.01 14:10:43.389,1.95182,1.95228,1.34,1.25
2014.07.01 14:10:43.490,1.95188,1.95228,1.29,1.00
2014.07.01 14:10:43.642,1.95191,1.95239,1.19,1.27
2014.07.01 14:10:43.692,1.95193,1.95239,1.69,1.19
2014.07.01 14:10:43.995,1.95194,1.95228,1.19,1.00
2014.07.01 14:10:44.678,1.9519,1.95228,1.77,1.00
2014.07.01 14:10:45.125,1.95191,1.95244,1.27,1.29
2014.07.01 14:10:45.227,1.95195,1.95249,1.19,1.27
2014.07.01 14:10:46.591,1.95197,1.95248,1.69,1.29
2014.07.01 14:10:47.304,1.95191,1.95244,1.84,1.19
2014.07.01 14:10:47.506,1.95185,1.95238,1.27,1.19
2014.07.01 14:10:47.607,1.95183,1.95229,1.34,1.19
2014.07.01 14:10:47.924,1.95185,1.95237,1.27,1.19
2014.07.01 14:10:48.026,1.9519,1.95239,1.19,1.19
2014.07.01 14:10:48.696,1.95184,1.95237,1.34,1.19
2014.07.01 14:10:50.249,1.95191,1.95237,1.00,1.19
2014.07.01 14:10:50.581,1.95195,1.95242,1.19,1.19
2014.07.01 14:10:51.088,1.95197,1.95242,1.00,1.19
2014.07.01 14:10:51.607,1.95198,1.95242,1.00,1.19
2014.07.01 14:10:52.128,1.95198,1.95238,1.19,1.25
2014.07.01 14:10:53.120,1.95198,1.95239,1.19,1.25
2014.07.01 14:10:54.161,1.95198,1.95246,1.19,1.19
2014.07.01 14:10:54.961,1.95198,1.95238,1.19,1.00
2014.07.01 14:10:55.664,1.95198,1.95238,1.19,1.00
2014.07.01 14:10:56.274,1.95194,1.95239,1.19,1.25
2014.07.01 14:10:56.621,1.95192,1.95239,1.19,1.19
2014.07.01 14:10:58.483,1.9519,1.95238,1.29,1.19
2014.07.01 14:11:01.549,1.9519,1.95238,1.29,1.19
2014.07.01 14:11:01.808,1.9519,1.95229,1.29,1.00
2014.07.01 14:11:02.324,1.95189,1.95228,1.19,1.00
2014.07.01 14:11:02.857,1.95189,1.95229,1.19,1.00
2014.07.01 14:11:02.910,1.95187,1.95229,1.19,1.00
2014.07.01 14:11:03.923,1.95186,1.95229,1.19,1.00
2014.07.01 14:11:04.337,1.95191,1.95229,1.19,1.00
2014.07.01 14:11:04.388,1.95192,1.95238,1.19,1.19
2014.07.01 14:11:05.376,1.95194,1.95239,1.25,1.19
2014.07.01 14:11:05.682,1.95191,1.95239,1.25,1.69
2014.07.01 14:11:05.894,1.95191,1.95239,1.69,1.19
2014.07.01 14:11:06.384,1.95196,1.95239,1.19,1.00
2014.07.01 14:11:06.930,1.95196,1.95238,1.19,1.00
2014.07.01 14:11:07.592,1.95196,1.95238,1.69,1.00
2014.07.01 14:11:08.133,1.95199,1.95239,1.19,1.00
2014.07.01 14:11:08.659,1.95202,1.95248,1.25,1.27
2014.07.01 14:11:09.066,1.95202,1.95238,1.25,1.00
2014.07.01 14:11:09.394,1.952,1.95239,1.19,1.00
2014.07.01 14:11:09.697,1.95198,1.95239,1.29,1.00
2014.07.01 14:11:10.304,1.95196,1.95239,1.19,1.19
2014.07.01 14:11:10.884,1.95198,1.95239,1.00,1.19
2014.07.01 14:11:11.501,1.95198,1.95239,1.19,1.25
2014.07.01 14:11:12.100,1.95198,1.95238,1.19,1.00
2014.07.01 14:11:12.638,1.95198,1.95238,1.19,1.00
2014.07.01 14:11:12.974,1.95208,1.95238,1.00,1.00
2014.07.01 14:11:13.293,1.95206,1.95249,1.08,1.19
2014.07.01 14:11:13.724,1.95205,1.95254,1.00,1.27
2014.07.01 14:11:14.138,1.95205,1.95254,1.08,1.19
2014.07.01 14:11:14.666,1.95208,1.95254,1.25,1.19
2014.07.01 14:11:16.341,1.95207,1.95255,1.19,1.19
2014.07.01 14:11:17.350,1.95204,1.95249,1.84,1.00
2014.07.01 14:11:17.896,1.95204,1.95257,1.34,1.19
2014.07.01 14:11:18.343,1.95206,1.95248,1.37,1.00
2014.07.01 14:11:18.612,1.95208,1.95259,1.34,1.19
2014.07.01 14:11:19.223,1.95208,1.95249,1.19,1.00
2014.07.01 14:11:19.803,1.95206,1.95249,1.37,1.00
2014.07.01 14:11:20.703,1.95206,1.95249,1.10,1.19
2014.07.01 14:11:21.242,1.95203,1.95248,1.19,1.19
2014.07.01 14:11:22.133,1.95201,1.95248,1.37,1.19
2014.07.01 14:11:22.353,1.95196,1.95238,1.77,1.00
2014.07.01 14:11:22.867,1.95198,1.95249,1.19,1.19
2014.07.01 14:11:23.114,1.95197,1.95247,1.29,1.19
2014.07.01 14:11:25.033,1.95195,1.95247,1.37,1.19
2014.07.01 14:11:25.756,1.95195,1.95238,1.37,1.00
2014.07.01 14:11:26.381,1.95195,1.95238,1.37,1.00
2014.07.01 14:11:27.066,1.95197,1.95238,1.29,1.00
2014.07.01 14:11:27.575,1.95201,1.95238,1.00,1.00
2014.07.01 14:11:27.625,1.95201,1.95247,1.00,1.19
2014.07.01 14:11:27.676,1.95201,1.95248,1.19,1.19
2014.07.01 14:11:29.099,1.95203,1.95248,1.19,1.25
2014.07.01 14:11:30.103,1.95203,1.95248,1.84,1.25
2014.07.01 14:11:31.079,1.95203,1.95249,1.34,1.25
2014.07.01 14:11:31.618,1.95203,1.95249,1.34,1.19
2014.07.01 14:11:32.808,1.95201,1.95249,1.34,1.19
2014.07.01 14:11:34.711,1.95201,1.95249,1.84,1.25
2014.07.01 14:11:36.762,1.95206,1.95252,1.27,1.19
2014.07.01 14:11:37.020,1.95206,1.95252,1.08,1.19
2014.07.01 14:11:38.224,1.95206,1.95252,1.08,1.19
2014.07.01 14:11:40.237,1.95206,1.95252,1.33,1.25
2014.07.01 14:11:40.338,1.95206,1.95252,1.40,1.25
2014.07.01 14:11:40.931,1.95206,1.95252,1.40,1.25
2014.07.01 14:11:43.295,1.95206,1.95252,1.34,1.19
2014.07.01 14:11:43.726,1.95206,1.95252,1.27,1.19
2014.07.01 14:11:43.827,1.95211,1.95252,1.00,1.19
2014.07.01 14:11:44.553,1.95206,1.95252,1.27,1.19
2014.07.01 14:11:46.316,1.95211,1.95257,1.18,1.19
2014.07.01 14:11:46.683,1.95222,1.95256,1.00,1.19
2014.07.01 14:11:47.696,1.95222,1.95257,1.00,1.00
2014.07.01 14:11:49.846,1.95214,1.95257,1.08,1.00
2014.07.01 14:11:49.897,1.95214,1.95257,1.00,1.00
2014.07.01 14:11:50.626,1.95222,1.95257,1.00,1.00
2014.07.01 14:11:50.767,1.95214,1.95257,1.00,1.25
2014.07.01 14:11:51.850,1.95214,1.95257,1.08,1.25
2014.07.01 14:11:53.901,1.95214,1.95257,1.02,1.00
2014.07.01 14:11:54.812,1.95212,1.95255,1.19,1.00
2014.07.01 14:11:55.513,1.95212,1.95257,1.19,1.19
2014.07.01 14:11:56.022,1.95214,1.95257,1.00,1.19
2014.07.01 14:11:56.885,1.95214,1.95257,1.00,1.19
2014.07.01 14:11:57.783,1.95213,1.95258,1.25,1.69
2014.07.01 14:11:58.163,1.95213,1.95248,1.25,1.00
2014.07.01 14:11:58.338,1.95213,1.95258,1.25,1.69
2014.07.01 14:11:58.878,1.95213,1.95258,1.25,1.69
2014.07.01 14:11:59.884,1.95213,1.95258,1.19,1.69
2014.07.01 14:12:00.890,1.95213,1.95258,1.19,1.19
2014.07.01 14:12:01.541,1.95218,1.95259,1.00,1.19
2014.07.01 14:12:02.136,1.95218,1.95259,1.00,1.19
2014.07.01 14:12:02.895,1.95222,1.95259,1.00,1.19
2014.07.01 14:12:02.945,1.95222,1.95259,1.00,1.19
2014.07.01 14:12:03.323,1.95222,1.95265,1.00,1.34
2014.07.01 14:12:05.335,1.95222,1.95262,1.00,1.27
2014.07.01 14:12:05.386,1.95217,1.95258,1.19,1.19
2014.07.01 14:12:06.370,1.95217,1.95259,1.25,1.19
2014.07.01 14:12:07.261,1.95222,1.95262,1.00,1.27
2014.07.01 14:12:08.348,1.95226,1.95265,1.00,1.34
2014.07.01 14:12:08.399,1.95226,1.95268,1.00,1.39
2014.07.01 14:12:08.451,1.95224,1.95267,1.25,1.34
2014.07.01 14:12:08.602,1.95224,1.95258,1.25,1.00
2014.07.01 14:12:08.703,1.95218,1.95258,1.40,1.00
2014.07.01 14:12:08.805,1.95219,1.95259,1.00,1.25
2014.07.01 14:12:08.907,1.95221,1.95263,1.00,1.19
2014.07.01 14:12:09.160,1.95216,1.95258,1.29,1.00
2014.07.01 14:12:09.362,1.95221,1.95261,1.00,1.19
2014.07.01 14:12:09.838,1.95221,1.95258,1.00,1.19
2014.07.01 14:12:10.663,1.95222,1.95261,1.00,1.19
2014.07.01 14:12:10.865,1.95223,1.95266,1.25,1.19
2014.07.01 14:12:11.000,1.9523,1.95269,1.10,1.19
2014.07.01 14:12:11.152,1.9523,1.95268,1.18,1.25
2014.07.01 14:12:11.203,1.9523,1.95268,1.15,1.25
2014.07.01 14:12:11.725,1.95236,1.95268,1.00,1.00
2014.07.01 14:12:12.036,1.95236,1.95279,1.00,1.69
2014.07.01 14:12:12.422,1.95238,1.95279,1.00,1.19
2014.07.01 14:12:12.532,1.95236,1.95279,1.00,1.19
2014.07.01 14:12:12.639,1.95236,1.95278,1.00,1.19
2014.07.01 14:12:13.019,1.95239,1.95279,1.00,1.19
2014.07.01 14:12:13.536,1.95242,1.95278,1.00,1.19
2014.07.01 14:12:13.661,1.95239,1.95278,1.00,1.19
2014.07.01 14:12:13.951,1.95239,1.95278,1.00,1.19
2014.07.01 14:12:14.437,1.95236,1.95278,1.19,1.19
2014.07.01 14:12:14.879,1.95236,1.95279,1.19,1.25
2014.07.01 14:12:15.638,1.95232,1.95276,1.19,1.00
2014.07.01 14:12:15.689,1.95228,1.95276,1.19,1.19
2014.07.01 14:12:16.654,1.95227,1.95268,1.29,1.00
2014.07.01 14:12:16.705,1.95226,1.95268,1.37,1.00
2014.07.01 14:12:16.756,1.95226,1.95276,1.37,1.19
2014.07.01 14:12:17.691,1.95227,1.95275,1.29,1.19
2014.07.01 14:12:18.722,1.95227,1.95277,1.29,1.19
2014.07.01 14:12:19.859,1.95225,1.95273,1.19,1.19
2014.07.01 14:12:20.858,1.95227,1.95275,1.19,1.69
2014.07.01 14:12:21.797,1.95228,1.95276,1.29,1.19
2014.07.01 14:12:22.580,1.95228,1.95268,1.29,1.00
2014.07.01 14:12:22.887,1.95227,1.95277,1.77,1.19
2014.07.01 14:12:24.625,1.95228,1.95276,1.29,1.69
2014.07.01 14:12:25.229,1.95228,1.95276,1.29,1.19
2014.07.01 14:12:26.236,1.95228,1.95278,1.29,1.69
2014.07.01 14:12:27.443,1.95228,1.95278,1.29,2.44
2014.07.01 14:12:29.475,1.95228,1.95276,1.10,1.69
2014.07.01 14:12:31.404,1.95228,1.95276,1.02,1.19
2014.07.01 14:12:31.774,1.95229,1.95277,1.15,1.69
2014.07.01 14:12:32.283,1.95227,1.95277,1.33,1.19
2014.07.01 14:12:32.393,1.95227,1.95277,1.02,1.19
2014.07.01 14:12:33.056,1.95232,1.95277,1.00,1.19
2014.07.01 14:12:33.247,1.95232,1.95277,1.00,1.19
2014.07.01 14:12:34.211,1.95232,1.95277,1.00,1.19
2014.07.01 14:12:36.128,1.95227,1.95277,1.32,1.19
2014.07.01 14:12:36.355,1.95227,1.95277,1.34,1.19
2014.07.01 14:12:36.965,1.95227,1.95277,1.27,1.19
2014.07.01 14:12:38.263,1.95227,1.95277,1.27,1.19
2014.07.01 14:12:38.864,1.95232,1.95277,1.00,1.19
2014.07.01 14:12:41.642,1.95231,1.95277,1.00,1.19
2014.07.01 14:12:41.826,1.95227,1.95277,1.27,1.19
2014.07.01 14:12:42.306,1.95226,1.95274,1.37,1.19
2014.07.01 14:12:43.303,1.95225,1.95275,1.34,1.19
2014.07.01 14:12:44.308,1.95222,1.95272,1.39,1.19
2014.07.01 14:12:44.628,1.95222,1.95269,1.34,1.00
2014.07.01 14:12:44.950,1.95214,1.95264,2.59,1.00
2014.07.01 14:12:45.202,1.95214,1.95259,1.27,1.00
2014.07.01 14:12:45.526,1.95214,1.95257,1.27,1.00
2014.07.01 14:12:45.933,1.95214,1.95259,1.27,1.00
2014.07.01 14:12:46.147,1.95221,1.95262,1.25,1.25
2014.07.01 14:12:46.695,1.95214,1.9526,1.34,1.00
2014.07.01 14:12:46.848,1.95214,1.95262,1.34,1.25
2014.07.01 14:12:46.949,1.95214,1.9526,1.34,1.00
2014.07.01 14:12:47.255,1.95214,1.95258,1.34,1.00
2014.07.01 14:12:47.400,1.95214,1.9526,1.34,1.00
2014.07.01 14:12:47.914,1.95214,1.95261,1.34,1.00
2014.07.01 14:12:49.276,1.95215,1.95261,1.34,1.25
2014.07.01 14:12:50.701,1.95215,1.95259,1.27,1.00
2014.07.01 14:12:51.037,1.95215,1.95261,1.19,1.25
2014.07.01 14:12:51.240,1.95215,1.95256,1.27,1.00
2014.07.01 14:12:51.446,1.95216,1.95258,1.19,1.00
2014.07.01 14:12:51.818,1.95216,1.95253,1.19,1.00
2014.07.01 14:12:52.426,1.95213,1.95253,1.19,1.00
2014.07.01 14:12:52.915,1.95218,1.95259,1.19,1.25
2014.07.01 14:12:53.167,1.95222,1.95266,1.00,1.69
2014.07.01 14:12:53.227,1.95222,1.95266,1.19,1.00
2014.07.01 14:12:53.329,1.95222,1.95266,1.69,1.00
2014.07.01 14:12:53.642,1.95222,1.9526,1.19,1.00
2014.07.01 14:12:53.884,1.95222,1.95263,1.69,1.00
2014.07.01 14:12:54.337,1.95222,1.95263,1.19,1.00
2014.07.01 14:12:54.931,1.95222,1.9526,1.19,1.00
2014.07.01 14:12:55.862,1.95222,1.9526,1.19,1.00
2014.07.01 14:12:55.923,1.95222,1.95262,1.19,1.00
2014.07.01 14:12:56.912,1.95222,1.95264,1.19,1.00
2014.07.01 14:12:59.372,1.95221,1.95264,1.29,1.25
2014.07.01 14:13:00.378,1.95222,1.95267,1.19,1.19
2014.07.01 14:13:01.033,1.95221,1.95261,1.77,1.00
2014.07.01 14:13:01.336,1.95215,1.95255,1.19,1.00
2014.07.01 14:13:01.717,1.95215,1.95253,1.19,1.00
2014.07.01 14:13:01.768,1.95215,1.95256,1.19,1.00
2014.07.01 14:13:02.211,1.95212,1.95257,1.27,1.19
2014.07.01 14:13:02.567,1.95211,1.95253,1.77,1.00
2014.07.01 14:13:03.101,1.95211,1.95252,1.69,1.00
2014.07.01 14:13:03.664,1.95211,1.95252,1.19,1.00
2014.07.01 14:13:05.091,1.9521,1.95248,1.19,1.00
2014.07.01 14:13:05.591,1.95212,1.95252,1.19,1.00
2014.07.01 14:13:06.126,1.95212,1.95253,1.19,1.00
2014.07.01 14:13:06.742,1.95212,1.95253,1.19,1.00
2014.07.01 14:13:08.746,1.95212,1.95253,1.19,1.00
2014.07.01 14:13:09.264,1.95212,1.95256,1.19,1.25
2014.07.01 14:13:09.466,1.95211,1.95254,1.69,1.00
2014.07.01 14:13:09.667,1.95212,1.95256,1.19,1.25
2014.07.01 14:13:09.887,1.95212,1.95254,1.69,1.00
2014.07.01 14:13:10.412,1.95212,1.95253,1.69,1.00
2014.07.01 14:13:11.581,1.95211,1.95253,1.34,1.00
2014.07.01 14:13:11.851,1.95211,1.9525,1.34,1.00
2014.07.01 14:13:12.181,1.95211,1.95252,1.34,1.00
2014.07.01 14:13:12.291,1.95211,1.95249,1.34,1.00
2014.07.01 14:13:12.397,1.95211,1.95249,1.15,1.00
2014.07.01 14:13:12.673,1.95211,1.9525,1.20,1.25
2014.07.01 14:13:12.989,1.95217,1.95259,1.08,1.19
2014.07.01 14:13:13.140,1.95218,1.95259,1.29,1.00
2014.07.01 14:13:13.676,1.95219,1.95258,1.19,1.00
2014.07.01 14:13:13.956,1.95221,1.95263,1.19,1.25
2014.07.01 14:13:14.114,1.95222,1.9526,1.27,1.00
2014.07.01 14:13:14.417,1.95221,1.95257,1.19,1.00
2014.07.01 14:13:14.636,1.95211,1.95254,1.77,1.00
2014.07.01 14:13:14.852,1.95221,1.95254,1.00,1.00
2014.07.01 14:13:15.104,1.95212,1.95257,1.19,1.19
2014.07.01 14:13:15.302,1.95222,1.95257,1.00,1.19
2014.07.01 14:13:15.522,1.95212,1.95257,1.19,1.19
2014.07.01 14:13:15.842,1.95215,1.95257,1.19,1.00
2014.07.01 14:13:16.437,1.95222,1.95256,1.25,1.00
2014.07.01 14:13:16.884,1.95213,1.95257,1.19,1.00
2014.07.01 14:13:17.277,1.95222,1.95257,1.00,1.00
2014.07.01 14:13:17.492,1.95213,1.95257,1.34,1.00
2014.07.01 14:13:17.824,1.95222,1.95257,1.00,1.00
2014.07.01 14:13:18.263,1.95222,1.95257,1.27,1.00
2014.07.01 14:13:18.415,1.95231,1.95268,1.00,1.19
2014.07.01 14:13:18.916,1.95231,1.95273,1.19,1.00
2014.07.01 14:13:18.968,1.95235,1.95279,1.00,1.69
2014.07.01 14:13:19.073,1.95233,1.95279,1.00,1.69
2014.07.01 14:13:19.124,1.95242,1.95279,1.00,1.19
2014.07.01 14:13:19.383,1.95246,1.95288,1.25,1.19
2014.07.01 14:13:19.434,1.95246,1.95288,1.19,1.00
2014.07.01 14:13:19.701,1.95242,1.95285,1.19,1.00
2014.07.01 14:13:20.009,1.95241,1.95279,1.19,1.00
2014.07.01 14:13:20.211,1.95242,1.95284,1.19,1.00
2014.07.01 14:13:20.323,1.95241,1.95279,1.69,1.00
2014.07.01 14:13:20.721,1.9524,1.95279,1.19,1.00
2014.07.01 14:13:21.076,1.95242,1.95284,1.19,1.19
2014.07.01 14:13:21.545,1.9524,1.95279,1.19,1.00
2014.07.01 14:13:21.646,1.95242,1.95283,1.19,1.25
2014.07.01 14:13:22.371,1.95242,1.95285,1.19,1.25
2014.07.01 14:13:22.551,1.95242,1.95283,1.19,1.00
2014.07.01 14:13:22.753,1.95242,1.95283,1.00,1.19
2014.07.01 14:13:22.854,1.95241,1.95279,1.25,1.00
2014.07.01 14:13:23.156,1.95241,1.95285,1.25,1.19
2014.07.01 14:13:23.738,1.95243,1.95287,1.00,1.19
2014.07.01 14:13:24.213,1.95242,1.95288,1.69,1.69
2014.07.01 14:13:25.146,1.95242,1.95288,1.69,1.77
2014.07.01 14:13:25.472,1.95242,1.95274,1.19,1.00
2014.07.01 14:13:25.573,1.95242,1.95274,1.00,1.00
2014.07.01 14:13:25.625,1.95229,1.95268,1.19,1.00
2014.07.01 14:13:26.137,1.95228,1.95259,1.19,1.00
2014.07.01 14:13:26.188,1.95223,1.95259,1.19,1.00
2014.07.01 14:13:27.111,1.95223,1.95268,1.19,1.00
2014.07.01 14:13:27.213,1.95222,1.95268,1.19,1.19
2014.07.01 14:13:27.914,1.95222,1.95259,1.19,1.00
2014.07.01 14:13:28.132,1.95222,1.95268,1.69,1.69
2014.07.01 14:13:28.183,1.95222,1.95268,2.44,1.50
2014.07.01 14:13:29.121,1.95228,1.95269,1.19,1.25
2014.07.01 14:13:29.222,1.95228,1.95269,1.19,1.25
2014.07.01 14:13:30.151,1.95224,1.95267,1.19,1.00
2014.07.01 14:13:30.681,1.95225,1.95267,1.19,1.00
2014.07.01 14:13:31.213,1.95223,1.95267,1.19,1.25
2014.07.01 14:13:32.162,1.95222,1.95265,1.69,1.00
2014.07.01 14:13:32.452,1.95222,1.95268,2.52,1.69
2014.07.01 14:13:34.217,1.95223,1.95268,1.29,1.25
2014.07.01 14:13:35.233,1.95226,1.95269,1.19,1.69
2014.07.01 14:13:35.439,1.95231,1.95269,1.00,1.19
2014.07.01 14:13:35.591,1.95232,1.95278,1.19,1.27
2014.07.01 14:13:36.137,1.95235,1.95278,1.00,1.19
2014.07.01 14:13:36.751,1.95235,1.95278,1.19,1.69
2014.07.01 14:13:37.761,1.95235,1.95278,1.19,1.19
2014.07.01 14:13:39.522,1.95232,1.95268,1.19,1.00
2014.07.01 14:13:39.997,1.95232,1.95265,1.19,1.00
2014.07.01 14:13:40.300,1.95216,1.95253,1.34,1.00
2014.07.01 14:13:40.452,1.95216,1.95247,1.19,1.00
2014.07.01 14:13:40.756,1.95216,1.95245,1.19,1.00
2014.07.01 14:13:40.807,1.9521,1.95245,1.19,1.00
2014.07.01 14:13:40.858,1.9521,1.95243,1.19,1.00
2014.07.01 14:13:40.959,1.9521,1.95248,1.19,1.00
2014.07.01 14:13:41.573,1.95211,1.95254,1.19,1.00
2014.07.01 14:13:41.624,1.95214,1.95259,1.19,1.77
2014.07.01 14:13:41.725,1.95211,1.95254,1.19,1.00
2014.07.01 14:13:41.827,1.95211,1.95254,1.19,1.19
2014.07.01 14:13:42.581,1.95211,1.95238,1.19,1.00
2014.07.01 14:13:42.833,1.95208,1.95238,1.27,1.00
2014.07.01 14:13:42.934,1.95207,1.95249,1.37,1.25
2014.07.01 14:13:43.141,1.95208,1.95238,1.19,1.00
2014.07.01 14:13:43.596,1.9521,1.95249,1.19,1.25
2014.07.01 14:13:43.966,1.95212,1.95249,1.19,1.00
2014.07.01 14:13:45.361,1.9521,1.95249,1.19,1.00
2014.07.01 14:13:46.038,1.95212,1.95249,1.00,1.00
2014.07.01 14:13:48.845,1.95212,1.95249,1.19,1.00
2014.07.01 14:13:55.003,1.95211,1.95249,1.00,1.19
2014.07.01 14:13:55.617,1.95208,1.95249,1.19,1.19
2014.07.01 14:13:55.925,1.95203,1.95246,1.27,1.00
2014.07.01 14:13:56.153,1.95208,1.95248,1.19,1.00
2014.07.01 14:13:56.680,1.95211,1.95246,1.25,1.00
2014.07.01 14:13:56.921,1.95204,1.95248,1.77,1.00
2014.07.01 14:13:57.022,1.95204,1.95237,1.29,1.00
2014.07.01 14:13:57.148,1.95202,1.95237,1.19,1.00
2014.07.01 14:13:57.425,1.95202,1.95235,1.19,1.00
2014.07.01 14:13:57.780,1.95202,1.95233,1.19,1.00
2014.07.01 14:13:57.881,1.95202,1.95241,1.37,1.00
2014.07.01 14:13:58.190,1.95202,1.95235,1.37,1.00
2014.07.01 14:13:58.696,1.95202,1.95236,1.84,1.00
2014.07.01 14:13:59.223,1.95203,1.95242,1.29,1.00
2014.07.01 14:14:00.500,1.95203,1.95241,1.34,1.00
2014.07.01 14:14:00.551,1.95208,1.95241,1.29,1.00
2014.07.01 14:14:01.552,1.95207,1.95241,1.27,1.00
2014.07.01 14:14:02.562,1.95208,1.95241,1.29,1.00
2014.07.01 14:14:02.983,1.95202,1.95241,1.77,1.00
2014.07.01 14:14:03.154,1.95202,1.95235,1.69,1.00
2014.07.01 14:14:03.985,1.95197,1.95235,1.37,1.00
2014.07.01 14:14:04.914,1.95201,1.95237,1.19,1.00
2014.07.01 14:14:04.985,1.95201,1.95237,1.69,1.00
2014.07.01 14:14:05.136,1.95201,1.9524,1.69,1.00
2014.07.01 14:14:06.098,1.95203,1.9524,1.27,1.00
2014.07.01 14:14:07.120,1.95203,1.95235,1.19,1.00
2014.07.01 14:14:07.323,1.95201,1.95235,1.19,1.00
2014.07.01 14:14:07.650,1.95198,1.9523,1.27,1.00
2014.07.01 14:14:07.914,1.95202,1.95234,1.19,1.00
2014.07.01 14:14:08.618,1.95202,1.95234,1.19,1.00
2014.07.01 14:14:09.526,1.95202,1.95234,1.19,1.00
2014.07.01 14:14:10.628,1.95202,1.95234,1.19,1.00
2014.07.01 14:14:12.036,1.95202,1.95234,1.19,1.00
2014.07.01 14:14:12.941,1.95202,1.95234,1.19,1.00
2014.07.01 14:14:15.959,1.95202,1.95234,1.19,1.00
2014.07.01 14:14:16.966,1.95196,1.95234,1.34,1.00
2014.07.01 14:14:17.276,1.95202,1.95237,1.19,1.00
2014.07.01 14:14:17.379,1.95203,1.95237,1.19,1.00
2014.07.01 14:14:17.431,1.95203,1.9524,1.19,1.00
2014.07.01 14:14:17.632,1.95212,1.9524,1.00,1.00
2014.07.01 14:14:17.850,1.95203,1.9524,1.29,1.00
2014.07.01 14:14:18.292,1.95205,1.9524,1.19,1.00
2014.07.01 14:14:20.831,1.95205,1.95242,1.34,1.00
2014.07.01 14:14:20.933,1.95205,1.95242,1.64,1.00
2014.07.01 14:14:21.242,1.95212,1.95246,1.09,1.00
2014.07.01 14:14:21.601,1.95211,1.95249,1.34,1.00
2014.07.01 14:14:21.656,1.95217,1.95249,1.19,1.00
2014.07.01 14:14:21.757,1.95217,1.95259,1.37,1.50
2014.07.01 14:14:21.808,1.95217,1.95259,1.67,1.50
2014.07.01 14:14:22.151,1.95217,1.95254,1.64,1.00
2014.07.01 14:14:22.252,1.95217,1.95254,1.34,1.00
2014.07.01 14:14:22.792,1.95217,1.95254,1.34,1.00
2014.07.01 14:14:22.924,1.95217,1.95252,1.34,1.00
2014.07.01 14:14:23.140,1.95217,1.95254,1.34,1.00
2014.07.01 14:14:23.613,1.95217,1.95258,1.34,1.50
2014.07.01 14:14:23.994,1.95221,1.95258,1.39,1.00
2014.07.01 14:14:24.506,1.95221,1.95259,1.39,1.00
2014.07.01 14:14:25.052,1.95221,1.95262,1.39,1.00
2014.07.01 14:14:25.561,1.95221,1.95263,1.39,1.00
2014.07.01 14:14:25.967,1.95224,1.95263,1.34,1.00
2014.07.01 14:14:26.299,1.95224,1.95258,1.19,1.00
2014.07.01 14:14:26.350,1.95224,1.9526,1.19,1.00
2014.07.01 14:14:26.451,1.95224,1.95263,1.19,1.00
2014.07.01 14:14:27.078,1.95221,1.95263,1.84,1.00
2014.07.01 14:14:28.520,1.95231,1.95263,1.00,1.00
2014.07.01 14:14:31.164,1.95222,1.95263,1.29,1.00
2014.07.01 14:14:31.935,1.95221,1.95257,1.19,1.00
2014.07.01 14:14:32.237,1.95222,1.95255,1.19,1.00
2014.07.01 14:14:32.857,1.95215,1.95251,1.19,1.00
2014.07.01 14:14:33.021,1.95212,1.95251,1.27,1.00
2014.07.01 14:14:33.072,1.95221,1.95251,1.00,1.00
2014.07.01 14:14:33.657,1.95211,1.95249,1.19,1.00
2014.07.01 14:14:33.759,1.95211,1.95247,1.19,1.00
2014.07.01 14:14:34.074,1.95212,1.95243,1.19,1.00
2014.07.01 14:14:34.125,1.95212,1.95243,1.00,1.00
2014.07.01 14:14:34.631,1.95211,1.95258,1.25,1.94
2014.07.01 14:14:35.360,1.95212,1.95258,1.00,2.44
2014.07.01 14:14:35.900,1.95204,1.95244,1.27,1.00
2014.07.01 14:14:37.837,1.95205,1.95244,1.29,1.00
2014.07.01 14:14:40.829,1.95204,1.95244,1.27,1.00
2014.07.01 14:14:41.891,1.95211,1.95245,1.25,1.00
2014.07.01 14:14:41.942,1.95211,1.95245,1.19,1.00
2014.07.01 14:14:41.993,1.95211,1.95248,1.19,1.00
2014.07.01 14:14:42.296,1.95212,1.95249,1.19,1.00
2014.07.01 14:14:42.347,1.95212,1.95251,1.27,1.00
2014.07.01 14:14:42.448,1.95212,1.95249,1.27,1.00
2014.07.01 14:14:42.622,1.95212,1.95252,1.77,1.00
2014.07.01 14:14:42.674,1.95212,1.95249,1.19,1.00
2014.07.01 14:14:43.277,1.95209,1.95249,1.19,1.00
2014.07.01 14:14:43.822,1.95209,1.95248,1.19,1.00
2014.07.01 14:14:44.837,1.95209,1.95249,1.19,1.00
2014.07.01 14:14:45.022,1.95206,1.95249,1.77,1.00
2014.07.01 14:14:46.690,1.95213,1.95249,1.27,1.00
2014.07.01 14:14:46.943,1.95217,1.95258,1.27,1.00
2014.07.01 14:14:47.894,1.95217,1.95258,1.27,1.00
2014.07.01 14:14:48.570,1.95221,1.95261,1.19,1.00
2014.07.01 14:14:48.900,1.95221,1.95261,1.69,1.00
2014.07.01 14:14:49.202,1.95221,1.95258,1.19,1.00
2014.07.01 14:14:49.908,1.9522,1.95258,1.19,1.00
2014.07.01 14:14:50.423,1.9522,1.95259,1.19,1.00
2014.07.01 14:14:52.032,1.95222,1.95259,1.19,1.00
2014.07.01 14:14:52.133,1.95222,1.95261,1.19,1.00
2014.07.01 14:14:53.851,1.95221,1.95258,1.19,1.00
2014.07.01 14:14:53.952,1.95219,1.95258,1.19,1.00
2014.07.01 14:14:54.839,1.95219,1.95259,1.19,1.00
2014.07.01 14:14:54.951,1.95217,1.95259,1.77,1.00
2014.07.01 14:14:55.569,1.95217,1.95258,1.77,1.00
2014.07.01 14:14:56.966,1.95218,1.95258,1.29,1.00
2014.07.01 14:14:57.964,1.95218,1.95259,1.29,1.00
2014.07.01 14:14:58.470,1.95218,1.95258,1.29,1.00
2014.07.01 14:14:58.981,1.95217,1.95258,1.77,1.00
2014.07.01 14:14:59.826,1.95217,1.95259,1.77,1.00
2014.07.01 14:15:00.594,1.95217,1.95258,1.77,1.00
2014.07.01 14:15:00.710,1.95221,1.95263,1.19,1.19
2014.07.01 14:15:01.111,1.95217,1.95259,1.77,1.00
2014.07.01 14:15:01.549,1.95222,1.95263,1.19,1.00
2014.07.01 14:15:01.878,1.95217,1.95259,1.77,1.00
2014.07.01 14:15:02.763,1.95217,1.95258,1.77,1.00
2014.07.01 14:15:03.308,1.95217,1.95259,1.77,1.00
2014.07.01 14:15:03.918,1.95217,1.95258,1.77,1.00
2014.07.01 14:15:04.438,1.95218,1.95259,1.77,1.00
2014.07.01 14:15:05.072,1.95218,1.95259,1.29,1.00
2014.07.01 14:15:05.683,1.95218,1.95258,1.29,1.00
2014.07.01 14:15:06.430,1.95214,1.95254,1.34,1.00
2014.07.01 14:15:06.632,1.95214,1.95258,1.19,1.50
2014.07.01 14:15:07.153,1.95214,1.95254,1.19,1.00
2014.07.01 14:15:07.948,1.95214,1.95257,1.19,1.00
2014.07.01 14:15:08.163,1.95214,1.95259,1.19,1.25
2014.07.01 14:15:08.677,1.95215,1.95259,1.19,1.00
2014.07.01 14:15:09.858,1.95213,1.95259,1.27,1.00
2014.07.01 14:15:11.014,1.95212,1.95259,1.77,1.25
2014.07.01 14:15:12.882,1.95213,1.95259,1.27,1.50
2014.07.01 14:15:13.057,1.95213,1.95256,1.27,1.00
2014.07.01 14:15:13.723,1.95213,1.95254,1.19,1.00
2014.07.01 14:15:13.989,1.95211,1.95254,1.19,1.00
2014.07.01 14:15:14.366,1.95209,1.95252,1.19,1.00
2014.07.01 14:15:15.307,1.95207,1.95252,1.27,1.25
2014.07.01 14:15:16.302,1.95206,1.95252,1.27,1.19
2014.07.01 14:15:17.339,1.95205,1.95252,1.37,1.25
2014.07.01 14:15:18.313,1.95203,1.95252,1.34,1.19
2014.07.01 14:15:20.058,1.95211,1.95252,1.00,1.19
2014.07.01 14:15:20.388,1.95208,1.95252,1.29,1.00
2014.07.01 14:15:21.031,1.95202,1.95252,1.84,1.19
2014.07.01 14:15:21.601,1.95201,1.95251,1.77,1.19
2014.07.01 14:15:22.047,1.95204,1.95251,1.19,1.25
2014.07.01 14:15:23.156,1.95203,1.95251,1.29,1.19
2014.07.01 14:15:24.148,1.95203,1.95249,1.29,1.00
2014.07.01 14:15:24.564,1.95202,1.95249,1.27,1.19
2014.07.01 14:15:28.120,1.95201,1.95249,1.39,1.19
2014.07.01 14:15:33.121,1.95201,1.95251,2.14,1.19
2014.07.01 14:15:33.833,1.95201,1.95251,2.14,1.19
2014.07.01 14:15:34.491,1.95202,1.95251,1.34,1.19
2014.07.01 14:15:34.857,1.95203,1.95251,1.64,1.19
2014.07.01 14:15:34.958,1.95207,1.95255,1.84,1.19
2014.07.01 14:15:35.059,1.95211,1.95256,1.37,1.00
2014.07.01 14:15:35.117,1.95213,1.95259,1.29,1.25
2014.07.01 14:15:35.370,1.95211,1.95255,1.37,1.00
2014.07.01 14:15:35.712,1.95213,1.95258,1.29,1.00
2014.07.01 14:15:36.243,1.95215,1.95258,1.27,1.00
2014.07.01 14:15:37.248,1.95213,1.95258,1.34,1.00
2014.07.01 14:15:37.841,1.95213,1.95259,1.34,1.25
2014.07.01 14:15:38.253,1.95214,1.95259,1.37,1.00
2014.07.01 14:15:38.933,1.95214,1.95261,1.37,1.00
2014.07.01 14:15:39.367,1.95216,1.95249,1.27,1.00
2014.07.01 14:15:39.570,1.95216,1.95256,1.27,1.00
2014.07.01 14:15:39.688,1.95216,1.95248,1.27,1.00
2014.07.01 14:15:40.212,1.95216,1.95249,1.19,1.00
2014.07.01 14:15:40.729,1.95215,1.95249,1.19,1.00
2014.07.01 14:15:41.044,1.95215,1.95239,1.19,1.00
2014.07.01 14:15:41.293,1.9521,1.95239,1.37,1.00
2014.07.01 14:15:41.498,1.95204,1.95239,1.29,1.00
2014.07.01 14:15:41.909,1.95204,1.95247,1.29,1.00
2014.07.01 14:15:41.960,1.95204,1.95243,1.29,1.00
2014.07.01 14:15:42.608,1.95202,1.95243,1.37,1.00
2014.07.01 14:15:43.176,1.95202,1.95244,1.37,1.00
2014.07.01 14:15:43.398,1.95206,1.95249,1.19,1.19
2014.07.01 14:15:43.616,1.95207,1.95249,1.77,1.00
2014.07.01 14:15:44.338,1.95209,1.95248,1.19,1.00
2014.07.01 14:15:44.841,1.95209,1.95249,1.19,1.00
2014.07.01 14:15:45.401,1.95209,1.95248,1.19,1.00
2014.07.01 14:15:46.061,1.95209,1.95248,1.19,1.00
2014.07.01 14:15:48.627,1.95211,1.95249,1.19,1.00
2014.07.01 14:15:49.259,1.95209,1.95249,1.19,1.00
2014.07.01 14:15:49.899,1.95208,1.95249,1.77,1.00
2014.07.01 14:15:51.157,1.95208,1.95248,1.77,1.00
2014.07.01 14:15:52.587,1.95208,1.95249,1.77,1.00
2014.07.01 14:15:53.179,1.95209,1.95249,1.19,1.00
2014.07.01 14:15:54.128,1.95209,1.95248,1.19,1.00
2014.07.01 14:15:55.604,1.95209,1.95238,1.19,1.00
2014.07.01 14:15:55.705,1.95209,1.95248,1.19,1.00
2014.07.01 14:15:56.292,1.95209,1.95249,1.19,1.00
2014.07.01 14:15:57.867,1.95209,1.95248,1.19,1.00
2014.07.01 14:15:58.321,1.95209,1.95238,1.19,1.00
2014.07.01 14:15:58.655,1.95209,1.95248,1.19,1.00
2014.07.01 14:15:59.105,1.95209,1.95227,1.00,1.00
2014.07.01 14:15:59.157,1.95207,1.95223,1.00,1.00
2014.07.01 14:15:59.209,1.95194,1.95219,1.34,1.00
2014.07.01 14:15:59.713,1.95189,1.95218,1.19,1.00
2014.07.01 14:16:00.231,1.95185,1.95218,1.29,1.00
2014.07.01 14:16:01.057,1.95185,1.95219,1.29,1.00
2014.07.01 14:16:01.237,1.95182,1.95219,1.34,1.00
2014.07.01 14:16:02.283,1.95184,1.95219,1.27,1.00
2014.07.01 14:16:04.958,1.95182,1.95219,1.34,1.00
2014.07.01 14:16:07.168,1.95182,1.95218,1.34,1.00
2014.07.01 14:16:07.387,1.95182,1.95208,1.84,1.00
2014.07.01 14:16:07.578,1.95182,1.95219,1.84,1.00
2014.07.01 14:16:08.246,1.95182,1.95218,1.29,1.00
2014.07.01 14:16:08.297,1.95177,1.95218,1.34,1.00
2014.07.01 14:16:08.600,1.95175,1.95216,1.39,1.00
2014.07.01 14:16:09.114,1.95177,1.95216,1.34,1.00
2014.07.01 14:16:09.468,1.95182,1.95219,1.34,1.00
2014.07.01 14:16:09.620,1.95182,1.95218,1.34,1.00
2014.07.01 14:16:10.110,1.95192,1.95219,1.00,1.00
2014.07.01 14:16:10.412,1.95196,1.95218,1.00,1.00
2014.07.01 14:16:10.629,1.9519,1.95219,1.00,1.00
2014.07.01 14:16:10.882,1.95189,1.95209,1.25,1.00
2014.07.01 14:16:11.201,1.95187,1.95208,1.00,1.00
2014.07.01 14:16:12.527,1.95187,1.95209,1.00,1.00
2014.07.01 14:16:13.042,1.95187,1.95208,1.00,1.00
2014.07.01 14:16:14.598,1.95189,1.95208,1.00,1.00
2014.07.01 14:16:14.649,1.95189,1.95219,1.00,1.00
2014.07.01 14:16:15.167,1.95189,1.95218,1.00,1.00
2014.07.01 14:16:16.149,1.9519,1.95218,1.00,1.00
2014.07.01 14:16:18.061,1.9519,1.95228,1.00,1.19
2014.07.01 14:16:18.112,1.95186,1.95228,1.37,1.19
2014.07.01 14:16:18.474,1.95192,1.95228,1.00,1.19
2014.07.01 14:16:18.790,1.95192,1.95218,1.00,1.00
2014.07.01 14:16:19.428,1.95187,1.95218,1.08,1.00
2014.07.01 14:16:20.279,1.95188,1.95219,1.00,1.00
2014.07.01 14:16:21.937,1.95187,1.95219,1.00,1.00
2014.07.01 14:16:22.468,1.95181,1.95218,1.34,1.00
2014.07.01 14:16:22.587,1.95181,1.95219,1.34,1.00
2014.07.01 14:16:22.638,1.95187,1.95219,1.00,1.00
2014.07.01 14:16:23.196,1.95187,1.95218,1.00,1.00
2014.07.01 14:16:23.907,1.95187,1.95219,1.00,1.00
2014.07.01 14:16:25.017,1.95186,1.95219,1.00,1.00
2014.07.01 14:16:25.560,1.95185,1.95218,1.00,1.00
2014.07.01 14:16:25.955,1.95188,1.95219,1.15,1.00
2014.07.01 14:16:26.009,1.9519,1.95229,1.08,1.19
2014.07.01 14:16:26.113,1.9519,1.95218,1.08,1.00
2014.07.01 14:16:26.365,1.95191,1.95228,1.10,1.00
2014.07.01 14:16:26.937,1.95194,1.95228,1.00,1.00
2014.07.01 14:16:27.248,1.95188,1.95218,1.19,1.00
2014.07.01 14:16:27.642,1.95188,1.95218,1.00,1.00
2014.07.01 14:16:28.097,1.9519,1.95218,1.00,1.00
2014.07.01 14:16:30.178,1.9519,1.95229,1.00,1.19
2014.07.01 14:16:30.291,1.9519,1.95218,1.00,1.00
2014.07.01 14:16:30.341,1.95185,1.95218,1.19,1.00
2014.07.01 14:16:30.698,1.95183,1.95219,1.00,1.00
2014.07.01 14:16:32.050,1.95183,1.95218,1.00,1.00
2014.07.01 14:16:34.139,1.95183,1.95227,1.00,1.69
2014.07.01 14:16:34.516,1.95186,1.95227,1.00,1.19
2014.07.01 14:16:34.588,1.95182,1.95227,1.69,1.19
2014.07.01 14:16:35.252,1.95182,1.95227,1.69,1.19
2014.07.01 14:16:36.103,1.95182,1.95227,1.69,1.19
2014.07.01 14:16:37.040,1.95185,1.95227,1.00,1.19
2014.07.01 14:16:37.242,1.95185,1.95228,1.08,1.69
2014.07.01 14:16:37.393,1.95192,1.95231,1.00,1.19
2014.07.01 14:16:37.637,1.95192,1.95234,1.00,1.49
2014.07.01 14:16:38.172,1.95191,1.95235,1.00,1.99
2014.07.01 14:16:39.638,1.95192,1.95234,1.00,1.49
2014.07.01 14:16:40.345,1.95192,1.95234,1.19,1.49
2014.07.01 14:16:40.451,1.95198,1.95238,1.00,1.29
2014.07.01 14:16:40.654,1.95198,1.95238,1.25,1.19
2014.07.01 14:16:40.755,1.95194,1.95238,1.00,1.69
2014.07.01 14:16:41.243,1.95196,1.95238,1.00,1.69
2014.07.01 14:16:41.567,1.95196,1.95228,1.00,1.00
2014.07.01 14:16:42.557,1.95196,1.95238,1.00,1.19
2014.07.01 14:16:43.071,1.95196,1.95238,1.00,1.69
2014.07.01 14:16:44.077,1.95196,1.95238,1.00,1.69
2014.07.01 14:16:45.233,1.95196,1.95238,1.00,1.19
2014.07.01 14:16:46.437,1.95198,1.95238,1.00,1.19
2014.07.01 14:16:46.731,1.95198,1.95238,1.00,1.19
2014.07.01 14:16:47.611,1.95196,1.95238,1.00,1.19
2014.07.01 14:16:49.257,1.95197,1.95238,1.00,1.19
2014.07.01 14:16:49.358,1.95202,1.95238,1.00,1.19
2014.07.01 14:16:49.661,1.95202,1.95238,1.00,1.00
2014.07.01 14:16:49.712,1.95205,1.95238,1.00,1.00
2014.07.01 14:16:50.248,1.95204,1.95238,1.00,1.00
2014.07.01 14:16:55.215,1.95205,1.95238,1.00,1.00
2014.07.01 14:16:55.796,1.95205,1.95239,1.00,1.00
2014.07.01 14:16:56.348,1.95205,1.95238,1.00,1.00
2014.07.01 14:16:59.039,1.95198,1.95238,1.19,1.00
2014.07.01 14:16:59.140,1.95198,1.95228,1.19,1.00
2014.07.01 14:16:59.191,1.95198,1.95228,1.00,1.00
2014.07.01 14:16:59.399,1.95195,1.95228,1.25,1.00
2014.07.01 14:17:00.667,1.95197,1.95228,1.00,1.00
2014.07.01 14:17:01.346,1.95197,1.95229,1.00,1.00
2014.07.01 14:17:01.859,1.95197,1.95228,1.00,1.00
2014.07.01 14:17:02.658,1.95203,1.95239,1.00,1.19
2014.07.01 14:17:02.759,1.95205,1.95239,1.00,1.25
2014.07.01 14:17:03.634,1.95205,1.95238,1.00,1.00
2014.07.01 14:17:04.147,1.95206,1.95238,1.00,1.00
2014.07.01 14:17:05.256,1.95206,1.95239,1.00,1.00
2014.07.01 14:17:06.166,1.95204,1.95239,1.00,1.00
2014.07.01 14:17:08.136,1.95204,1.95249,1.00,2.44
2014.07.01 14:17:08.187,1.95201,1.95245,1.19,1.19
2014.07.01 14:17:09.063,1.952,1.95238,1.29,1.00
2014.07.01 14:17:09.906,1.95204,1.95238,1.00,1.00
2014.07.01 14:17:10.566,1.95202,1.95238,1.19,1.00
2014.07.01 14:17:11.099,1.95197,1.95239,1.34,1.00
2014.07.01 14:17:11.150,1.95197,1.95239,1.34,1.00
2014.07.01 14:17:12.116,1.95197,1.95239,1.19,1.25
2014.07.01 14:17:13.160,1.95195,1.95239,1.19,1.19
2014.07.01 14:17:14.030,1.95195,1.95239,1.00,1.27
2014.07.01 14:17:14.625,1.95193,1.95238,1.19,1.29
2014.07.01 14:17:15.035,1.95193,1.95238,1.19,1.29
2014.07.01 14:17:23.096,1.95191,1.95228,1.19,1.00
2014.07.01 14:17:24.584,1.95189,1.95228,1.19,1.00
2014.07.01 14:17:25.076,1.95191,1.95233,1.19,1.19
2014.07.01 14:17:25.613,1.95191,1.95233,1.19,1.25
2014.07.01 14:17:25.944,1.95191,1.95233,1.00,1.25
2014.07.01 14:17:30.707,1.95192,1.95235,1.00,1.19
2014.07.01 14:17:31.443,1.95192,1.95235,1.00,1.25
2014.07.01 14:17:32.059,1.95192,1.95235,1.00,1.19
2014.07.01 14:17:33.429,1.95193,1.95236,1.00,1.19
2014.07.01 14:17:34.256,1.95193,1.95236,1.00,1.19
2014.07.01 14:17:34.866,1.95194,1.95237,1.00,1.19
2014.07.01 14:17:35.636,1.95194,1.95228,1.00,1.00
2014.07.01 14:17:35.739,1.95192,1.95228,1.00,1.00
2014.07.01 14:17:36.091,1.95192,1.95237,1.50,1.19
2014.07.01 14:17:36.705,1.95192,1.95237,1.50,1.19
2014.07.01 14:17:38.360,1.95192,1.95237,1.50,1.19
2014.07.01 14:17:40.246,1.95192,1.95232,1.00,1.00
2014.07.01 14:17:44.426,1.95192,1.9523,1.00,1.00
2014.07.01 14:17:44.660,1.95192,1.95236,1.00,1.19
2014.07.01 14:17:45.305,1.95196,1.95238,1.00,1.19
2014.07.01 14:17:45.407,1.95196,1.95238,1.00,1.25
2014.07.01 14:17:45.859,1.95198,1.95239,1.00,1.19
2014.07.01 14:17:46.176,1.95201,1.95244,1.50,1.19
2014.07.01 14:17:46.302,1.95203,1.95246,1.00,1.19
2014.07.01 14:17:46.414,1.95201,1.95246,1.50,1.19
2014.07.01 14:17:46.626,1.95203,1.95246,1.00,1.19
2014.07.01 14:17:47.314,1.95203,1.95246,1.00,1.19
2014.07.01 14:17:47.576,1.95212,1.95246,1.00,1.19
2014.07.01 14:17:48.318,1.95203,1.95246,1.00,1.19
2014.07.01 14:17:49.063,1.95203,1.95246,1.00,1.25
2014.07.01 14:17:49.327,1.95203,1.95246,1.00,1.19
2014.07.01 14:17:50.331,1.95203,1.95246,1.00,1.25
2014.07.01 14:17:51.115,1.95202,1.95245,1.00,1.00
2014.07.01 14:17:52.341,1.95202,1.95245,1.00,1.19
2014.07.01 14:17:53.547,1.95202,1.95245,1.00,1.19
2014.07.01 14:17:54.653,1.95202,1.95245,1.19,1.19
2014.07.01 14:17:57.371,1.95201,1.95245,1.19,1.29
2014.07.01 14:17:58.373,1.95201,1.95245,1.19,1.29
2014.07.01 14:17:59.385,1.95201,1.95245,1.19,1.29
2014.07.01 14:18:00.773,1.95212,1.95245,1.00,1.19
2014.07.01 14:18:01.499,1.95212,1.95244,1.00,1.25
2014.07.01 14:18:04.095,1.95212,1.95241,1.00,1.00
2014.07.01 14:18:04.865,1.95212,1.95247,1.00,1.19
2014.07.01 14:18:05.320,1.95212,1.95247,1.00,1.25
2014.07.01 14:18:05.371,1.95204,1.95247,1.27,1.25
2014.07.01 14:18:06.326,1.95204,1.95247,1.27,1.00
2014.07.01 14:18:06.612,1.95211,1.95247,1.00,1.00
2014.07.01 14:18:07.046,1.95208,1.95247,1.19,1.00
2014.07.01 14:18:07.147,1.95213,1.95253,1.19,1.00
2014.07.01 14:18:07.199,1.95216,1.95262,1.19,1.34
2014.07.01 14:18:07.435,1.95224,1.95267,1.00,1.69
2014.07.01 14:18:07.486,1.95224,1.95267,1.19,1.19
2014.07.01 14:18:07.689,1.95226,1.95268,1.29,1.00
2014.07.01 14:18:07.990,1.95231,1.95275,1.34,1.19
2014.07.01 14:18:08.383,1.95231,1.95275,1.19,1.19
2014.07.01 14:18:08.802,1.9523,1.95268,1.29,1.00
2014.07.01 14:18:09.203,1.9523,1.95268,1.29,1.00
2014.07.01 14:18:09.691,1.95231,1.95275,1.34,1.25
2014.07.01 14:18:10.269,1.95231,1.95275,1.84,1.00
2014.07.01 14:18:11.279,1.95232,1.95275,1.84,1.00
2014.07.01 14:18:11.837,1.95232,1.95264,1.84,1.00
2014.07.01 14:18:11.888,1.95226,1.95264,1.64,1.00
2014.07.01 14:18:11.989,1.95226,1.95268,1.27,1.00
2014.07.01 14:18:12.991,1.95223,1.95268,1.84,1.00
2014.07.01 14:18:13.191,1.95223,1.95265,1.34,1.00
2014.07.01 14:18:13.342,1.95221,1.95265,1.34,1.19
2014.07.01 14:18:13.393,1.95217,1.95258,2.44,1.00
2014.07.01 14:18:13.852,1.95214,1.95258,1.39,1.19
2014.07.01 14:18:14.390,1.95213,1.95258,1.34,1.69
2014.07.01 14:18:14.441,1.95213,1.95258,1.34,1.69
2014.07.01 14:18:15.112,1.95215,1.95258,1.27,1.50
2014.07.01 14:18:15.625,1.95215,1.95257,1.27,1.00
2014.07.01 14:18:16.680,1.95216,1.95259,1.27,1.50
2014.07.01 14:18:17.163,1.95216,1.95251,1.27,1.00
2014.07.01 14:18:17.273,1.95216,1.95254,1.27,1.00
2014.07.01 14:18:17.381,1.95216,1.95249,1.27,1.00
2014.07.01 14:18:17.442,1.95208,1.95249,1.64,1.00
2014.07.01 14:18:17.494,1.95207,1.95249,1.34,1.00
2014.07.01 14:18:18.001,1.95207,1.95249,1.64,1.00
2014.07.01 14:18:18.359,1.95212,1.95251,1.34,1.00
2014.07.01 14:18:18.460,1.95212,1.95255,1.34,1.00
2014.07.01 14:18:18.662,1.95212,1.95257,1.84,1.00
2014.07.01 14:18:19.099,1.95212,1.95248,1.34,1.00
2014.07.01 14:18:19.251,1.95211,1.95254,2.59,1.00
2014.07.01 14:18:19.682,1.9521,1.95252,1.34,1.00
2014.07.01 14:18:20.795,1.95211,1.9525,1.84,1.00
2014.07.01 14:18:20.997,1.95204,1.95249,1.39,1.69
2014.07.01 14:18:21.101,1.95204,1.95248,1.29,1.00
2014.07.01 14:18:21.763,1.95204,1.95249,1.34,1.69
2014.07.01 14:18:21.902,1.95205,1.95249,1.37,1.50
2014.07.01 14:18:22.278,1.95207,1.95249,1.64,1.00
2014.07.01 14:18:22.379,1.95212,1.95251,1.34,1.00
2014.07.01 14:18:22.552,1.95212,1.95254,1.34,1.00
2014.07.01 14:18:23.136,1.95211,1.95249,1.34,1.00
2014.07.01 14:18:23.237,1.95211,1.95253,1.34,1.00
2014.07.01 14:18:23.743,1.95211,1.95253,1.34,1.00
2014.07.01 14:18:24.319,1.95211,1.95253,1.34,1.00
2014.07.01 14:18:26.110,1.95212,1.95255,1.34,1.25
2014.07.01 14:18:27.842,1.95211,1.95254,1.84,1.00
2014.07.01 14:18:28.366,1.95211,1.95256,1.84,1.19
2014.07.01 14:18:29.028,1.95211,1.95256,1.84,1.25
2014.07.01 14:18:30.651,1.95211,1.95256,1.84,1.00
2014.07.01 14:18:30.702,1.95211,1.95254,1.34,1.00
2014.07.01 14:18:33.576,1.95212,1.95254,1.84,1.00
2014.07.01 14:18:34.874,1.95217,1.95258,1.19,1.19
2014.07.01 14:18:34.925,1.95217,1.95258,1.27,1.19
2014.07.01 14:18:35.127,1.95221,1.95265,1.29,1.19
2014.07.01 14:18:35.228,1.95222,1.95265,1.19,1.00
2014.07.01 14:18:35.629,1.95222,1.95263,1.84,1.00
2014.07.01 14:18:36.945,1.95222,1.95263,1.34,1.00
2014.07.01 14:18:38.394,1.95221,1.95258,1.34,1.00
2014.07.01 14:18:38.907,1.9522,1.95258,1.34,1.00
2014.07.01 14:18:43.627,1.9522,1.95259,1.34,1.00
2014.07.01 14:18:44.154,1.95222,1.95258,1.34,1.00
2014.07.01 14:18:44.901,1.95222,1.95259,1.34,1.00
2014.07.01 14:18:46.632,1.95222,1.95258,1.34,1.00
2014.07.01 14:18:47.145,1.95222,1.95259,1.34,1.00
2014.07.01 14:18:51.876,1.95222,1.95258,1.34,1.00
2014.07.01 14:18:52.343,1.95222,1.95249,1.19,1.00
2014.07.01 14:18:52.394,1.95222,1.95249,1.00,1.00
2014.07.01 14:18:52.495,1.95215,1.95249,1.19,1.00
2014.07.01 14:18:52.922,1.95215,1.95251,1.19,1.00
2014.07.01 14:18:53.023,1.95215,1.95258,1.19,1.69
2014.07.01 14:18:55.006,1.95211,1.95258,2.52,1.19
2014.07.01 14:18:55.835,1.95222,1.95258,1.00,1.19
2014.07.01 14:18:56.072,1.95212,1.95257,1.77,1.19
2014.07.01 14:18:57.029,1.95213,1.95257,1.19,1.00
2014.07.01 14:18:58.040,1.95222,1.95257,1.00,1.00
2014.07.01 14:19:00.144,1.95221,1.95257,1.00,1.25
2014.07.01 14:19:02.327,1.95222,1.95257,1.00,1.25
2014.07.01 14:19:02.844,1.95221,1.95257,1.00,1.25
2014.07.01 14:19:03.143,1.95212,1.95257,1.29,1.00
2014.07.01 14:19:03.345,1.95223,1.95259,1.00,1.19
2014.07.01 14:19:06.114,1.95223,1.95259,1.00,1.25
2014.07.01 14:19:06.982,1.95224,1.95259,1.00,1.25
2014.07.01 14:19:07.512,1.95223,1.95259,1.00,1.25
2014.07.01 14:19:07.890,1.95215,1.95249,1.19,1.00
2014.07.01 14:19:07.941,1.95215,1.95249,1.00,1.00
2014.07.01 14:19:08.505,1.95215,1.95248,1.00,1.00
2014.07.01 14:19:10.516,1.95213,1.95248,1.00,1.25
2014.07.01 14:19:11.043,1.95214,1.95255,1.00,1.37
2014.07.01 14:19:11.590,1.95214,1.95249,1.00,1.19
2014.07.01 14:19:11.691,1.95211,1.95249,1.00,1.19
2014.07.01 14:19:12.333,1.95212,1.95254,1.00,1.27
2014.07.01 14:19:12.832,1.95212,1.95251,1.00,1.19
2014.07.01 14:19:13.837,1.95212,1.95252,1.00,1.19
2014.07.01 14:19:14.842,1.95212,1.95252,1.00,1.19
2014.07.01 14:19:18.889,1.95212,1.95252,1.50,1.39
2014.07.01 14:19:19.091,1.95206,1.95248,1.00,1.84
2014.07.01 14:19:19.192,1.95203,1.95248,1.00,1.84
2014.07.01 14:19:19.996,1.95203,1.95245,1.00,1.37
2014.07.01 14:19:23.492,1.95203,1.95244,1.00,1.29
2014.07.01 14:19:25.556,1.95201,1.95244,1.00,1.29
2014.07.01 14:19:25.884,1.952,1.95238,1.00,1.29
2014.07.01 14:19:25.935,1.95192,1.95234,1.00,1.00
2014.07.01 14:19:26.037,1.95192,1.95232,1.00,1.00
2014.07.01 14:19:26.341,1.95189,1.95234,1.00,1.34
2014.07.01 14:19:27.644,1.95185,1.95232,1.19,1.34
2014.07.01 14:19:28.169,1.95188,1.95232,1.00,1.34
2014.07.01 14:19:29.874,1.95189,1.95231,1.00,1.37
2014.07.01 14:19:30.205,1.95194,1.95231,1.00,1.37
2014.07.01 14:19:30.256,1.95194,1.95237,1.00,1.19
2014.07.01 14:19:30.411,1.95198,1.95237,1.00,1.19
2014.07.01 14:19:30.715,1.952,1.95237,1.00,1.19
2014.07.01 14:19:30.871,1.95202,1.95244,1.00,1.34
2014.07.01 14:19:30.972,1.95205,1.95244,1.00,1.34
2014.07.01 14:19:31.533,1.95204,1.95244,1.00,1.37
2014.07.01 14:19:32.194,1.95204,1.95244,1.00,1.37
2014.07.01 14:19:32.906,1.95204,1.95243,1.00,1.34
2014.07.01 14:19:33.474,1.95201,1.95236,1.00,1.25
2014.07.01 14:19:33.834,1.95192,1.95236,1.19,1.25
2014.07.01 14:19:34.706,1.95191,1.95234,1.19,1.25
2014.07.01 14:19:35.343,1.95191,1.9523,1.19,1.00
2014.07.01 14:19:35.698,1.95191,1.95226,1.00,1.00
2014.07.01 14:19:36.115,1.95184,1.95229,1.19,1.69
2014.07.01 14:19:37.091,1.95184,1.95229,1.19,1.69
2014.07.01 14:19:37.906,1.95184,1.95219,1.19,1.00
2014.07.01 14:19:38.144,1.95184,1.95229,1.19,1.69
2014.07.01 14:19:38.566,1.95184,1.95218,1.19,1.00
2014.07.01 14:19:39.400,1.95184,1.95218,1.19,1.00
2014.07.01 14:19:42.084,1.95183,1.95219,1.19,1.00
2014.07.01 14:19:42.635,1.9518,1.95218,1.19,1.00
2014.07.01 14:19:43.159,1.9518,1.95219,1.19,1.00
2014.07.01 14:19:45.341,1.9518,1.95219,1.00,1.19
2014.07.01 14:19:45.392,1.95172,1.95216,1.84,1.00
2014.07.01 14:19:45.493,1.95171,1.95213,1.27,1.00
2014.07.01 14:19:45.644,1.95168,1.95208,1.27,1.00
2014.07.01 14:19:46.650,1.95167,1.95208,1.19,1.00
2014.07.01 14:19:49.661,1.95167,1.95208,1.19,1.00
2014.07.01 14:19:50.767,1.95167,1.95208,1.19,1.00
2014.07.01 14:19:51.919,1.95167,1.95208,1.19,1.00
2014.07.01 14:19:52.323,1.95162,1.95199,1.19,1.00
2014.07.01 14:19:52.626,1.95156,1.95199,1.19,1.69
2014.07.01 14:19:53.154,1.95156,1.95198,1.19,1.10
2014.07.01 14:19:53.703,1.95156,1.95198,1.19,1.02
2014.07.01 14:19:54.615,1.95157,1.95198,1.27,1.00
2014.07.01 14:19:54.666,1.95162,1.95202,1.19,1.19
2014.07.01 14:19:55.681,1.95157,1.95198,1.27,1.00
2014.07.01 14:19:56.074,1.95162,1.95202,1.19,1.19
2014.07.01 14:19:56.609,1.95162,1.95204,1.19,1.19
2014.07.01 14:19:58.420,1.95161,1.95208,1.19,1.19
2014.07.01 14:19:59.424,1.95161,1.95208,1.19,1.19
2014.07.01 14:20:00.429,1.95162,1.95209,1.19,1.19
2014.07.01 14:20:01.436,1.95162,1.95209,1.19,1.19
2014.07.01 14:20:04.480,1.95162,1.9521,1.77,1.19
2014.07.01 14:20:05.487,1.95162,1.95208,1.19,1.27
2014.07.01 14:20:07.096,1.95161,1.95208,1.19,1.19
2014.07.01 14:20:09.729,1.95158,1.95206,1.19,1.19
2014.07.01 14:20:12.264,1.95158,1.95206,1.19,1.19
2014.07.01 14:20:13.227,1.95158,1.95206,1.19,1.19
2014.07.01 14:20:14.902,1.95157,1.95199,1.19,1.00
2014.07.01 14:20:15.426,1.95157,1.95205,1.19,1.34
2014.07.01 14:20:16.542,1.95157,1.95205,1.19,1.34
2014.07.01 14:20:17.203,1.95157,1.95205,1.19,1.29
2014.07.01 14:20:18.094,1.95157,1.95198,1.19,1.00
2014.07.01 14:20:18.297,1.95152,1.95195,1.19,1.00
2014.07.01 14:20:18.398,1.95152,1.95193,1.00,1.25
2014.07.01 14:20:18.934,1.95151,1.95193,1.25,1.33
2014.07.01 14:20:19.571,1.95151,1.95193,1.00,1.27
2014.07.01 14:20:20.403,1.95152,1.95193,1.00,1.27
2014.07.01 14:20:22.683,1.95152,1.95193,1.00,1.27
2014.07.01 14:20:23.687,1.95152,1.95193,1.00,1.27
2014.07.01 14:20:24.363,1.95151,1.95193,1.00,1.27
2014.07.01 14:20:24.719,1.95151,1.95193,1.19,1.19
2014.07.01 14:20:26.726,1.95151,1.95192,1.19,1.25
2014.07.01 14:20:29.313,1.95151,1.95194,1.19,1.19
2014.07.01 14:20:31.356,1.95152,1.95194,1.19,1.19
2014.07.01 14:20:31.734,1.95162,1.95194,1.00,1.19
2014.07.01 14:20:32.345,1.95162,1.95194,1.00,1.19
2014.07.01 14:20:32.613,1.95151,1.95194,1.19,1.19
2014.07.01 14:20:32.833,1.95161,1.95194,1.00,1.19
2014.07.01 14:20:36.256,1.95161,1.95193,1.00,1.19
2014.07.01 14:20:37.268,1.95161,1.95194,1.00,1.19
2014.07.01 14:20:40.280,1.95161,1.95194,1.00,1.19
2014.07.01 14:20:41.855,1.95151,1.95194,1.19,1.19
2014.07.01 14:20:42.734,1.95162,1.95194,1.00,1.19
2014.07.01 14:20:44.299,1.95162,1.95194,1.00,1.19
2014.07.01 14:20:44.845,1.95161,1.95194,1.00,1.19
2014.07.01 14:20:45.375,1.95162,1.95194,1.00,1.19
2014.07.01 14:20:47.319,1.95162,1.95194,1.00,1.19
2014.07.01 14:20:48.326,1.95162,1.95194,1.00,1.19
2014.07.01 14:20:48.376,1.95151,1.95194,1.19,1.19
2014.07.01 14:20:48.634,1.95161,1.95194,1.00,1.19
2014.07.01 14:20:48.814,1.95152,1.95194,1.25,1.19
2014.07.01 14:20:49.369,1.95152,1.95194,1.00,1.19
2014.07.01 14:20:50.792,1.95151,1.95194,1.00,1.19
2014.07.01 14:20:51.247,1.95151,1.9519,1.00,1.19
2014.07.01 14:20:51.767,1.95152,1.95189,1.00,1.34
2014.07.01 14:20:52.350,1.95151,1.95189,1.00,1.34
2014.07.01 14:20:53.150,1.95162,1.95192,1.00,1.34
2014.07.01 14:20:53.655,1.95161,1.95192,1.00,1.19
2014.07.01 14:20:54.360,1.95161,1.95189,1.00,1.00
2014.07.01 14:20:54.679,1.95161,1.95194,1.00,1.00
2014.07.01 14:20:55.193,1.95161,1.95193,1.00,1.00
2014.07.01 14:20:56.628,1.95162,1.95193,1.00,1.00
2014.07.01 14:20:57.878,1.95172,1.95193,1.00,1.00
2014.07.01 14:20:57.979,1.95172,1.95196,1.00,1.25
2014.07.01 14:20:58.080,1.95162,1.95196,1.00,1.25
2014.07.01 14:20:58.640,1.95161,1.952,1.00,1.19
2014.07.01 14:20:58.895,1.95161,1.952,1.00,1.25
2014.07.01 14:20:59.446,1.95172,1.95206,1.00,1.19
2014.07.01 14:20:59.547,1.95172,1.95206,1.00,1.25
2014.07.01 14:21:00.230,1.95172,1.95206,1.00,1.19
2014.07.01 14:21:00.905,1.95172,1.95206,1.00,1.00
2014.07.01 14:21:01.245,1.95172,1.95203,1.00,1.00
2014.07.01 14:21:01.572,1.95181,1.95213,1.00,1.25
2014.07.01 14:21:02.565,1.95182,1.95213,1.00,1.00
2014.07.01 14:21:03.117,1.95181,1.95213,1.00,1.00
2014.07.01 14:21:03.369,1.95182,1.95211,1.00,1.19
2014.07.01 14:21:03.773,1.95172,1.9521,1.00,1.19
2014.07.01 14:21:05.155,1.95172,1.9521,1.00,1.00
2014.07.01 14:21:05.693,1.95172,1.95209,1.00,1.00
2014.07.01 14:21:05.752,1.95172,1.95205,1.00,1.00
2014.07.01 14:21:06.314,1.95172,1.95204,1.00,1.00
2014.07.01 14:21:07.143,1.95162,1.95204,1.29,1.00
2014.07.01 14:21:07.403,1.95161,1.95201,1.27,1.00
2014.07.01 14:21:07.870,1.95162,1.952,1.02,1.00
2014.07.01 14:21:08.875,1.95162,1.952,1.29,1.00
2014.07.01 14:21:10.323,1.95161,1.952,1.25,1.00
2014.07.01 14:21:10.837,1.95162,1.952,1.00,1.00
2014.07.01 14:21:12.973,1.95162,1.9519,1.00,1.00
2014.07.01 14:21:13.074,1.95151,1.9519,1.27,1.00
2014.07.01 14:21:13.125,1.95151,1.9519,1.33,1.00
2014.07.01 14:21:13.176,1.95151,1.95181,1.25,1.00
2014.07.01 14:21:13.327,1.95142,1.95181,1.19,1.00
2014.07.01 14:21:13.842,1.95141,1.9518,1.19,1.10
2014.07.01 14:21:14.443,1.95142,1.9518,1.00,1.02
2014.07.01 14:21:14.946,1.95152,1.9518,1.00,1.02
2014.07.01 14:21:15.464,1.95151,1.9518,1.00,1.00
2014.07.01 14:21:15.515,1.95142,1.9518,1.19,1.00
2014.07.01 14:21:15.872,1.95152,1.9518,1.00,1.00
2014.07.01 14:21:16.626,1.95151,1.9518,1.00,1.00
2014.07.01 14:21:17.586,1.95142,1.9518,1.19,1.00
2014.07.01 14:21:18.984,1.95142,1.95183,1.19,1.19
2014.07.01 14:21:19.136,1.95152,1.95183,1.00,1.19
2014.07.01 14:21:19.632,1.95152,1.95189,1.00,1.19
2014.07.01 14:21:19.785,1.95152,1.95189,1.00,1.00
2014.07.01 14:21:19.886,1.95157,1.95203,1.00,1.34
2014.07.01 14:21:20.289,1.95162,1.952,1.00,1.19
2014.07.01 14:21:20.592,1.95172,1.95203,1.00,1.00
2014.07.01 14:21:21.169,1.95171,1.95203,1.00,1.00
2014.07.01 14:21:21.828,1.95172,1.95203,1.00,1.00
2014.07.01 14:21:24.113,1.95171,1.95203,1.00,1.00
2014.07.01 14:21:24.825,1.95172,1.95203,1.00,1.00
2014.07.01 14:21:25.061,1.95172,1.95209,1.00,1.19
2014.07.01 14:21:25.112,1.95181,1.95209,1.00,1.19
2014.07.01 14:21:25.909,1.95181,1.95211,1.00,1.19
2014.07.01 14:21:26.096,1.95172,1.95211,1.00,1.19
2014.07.01 14:21:26.353,1.95171,1.952,1.00,1.00
2014.07.01 14:21:26.656,1.95161,1.952,1.25,1.00
2014.07.01 14:21:27.240,1.95162,1.952,1.00,1.00
2014.07.01 14:21:27.680,1.95162,1.95195,1.00,1.00
2014.07.01 14:21:27.983,1.95162,1.95193,1.00,1.00
2014.07.01 14:21:29.566,1.95161,1.95193,1.00,1.00
2014.07.01 14:21:30.122,1.95162,1.95193,1.00,1.00
2014.07.01 14:21:33.195,1.95162,1.95194,1.00,1.25
2014.07.01 14:21:33.755,1.95161,1.95194,1.00,1.25
2014.07.01 14:21:35.353,1.95162,1.95194,1.00,1.00
2014.07.01 14:21:36.343,1.95161,1.95194,1.00,1.00
2014.07.01 14:21:36.893,1.95162,1.95194,1.00,1.00
2014.07.01 14:21:37.142,1.95151,1.95194,1.19,1.00
2014.07.01 14:21:37.226,1.95161,1.95194,1.00,1.00
2014.07.01 14:21:37.766,1.95162,1.95193,1.00,1.00
2014.07.01 14:21:38.104,1.95151,1.95193,1.19,1.00
2014.07.01 14:21:38.283,1.95151,1.95194,1.19,1.19
2014.07.01 14:21:39.014,1.95161,1.95194,1.00,1.19
2014.07.01 14:21:39.698,1.95161,1.95194,1.00,1.19
2014.07.01 14:21:41.074,1.95152,1.95194,1.19,1.19
2014.07.01 14:21:41.401,1.95162,1.95194,1.00,1.19
2014.07.01 14:21:41.916,1.95162,1.95194,1.00,1.25
2014.07.01 14:21:42.832,1.95152,1.95194,1.19,1.25
2014.07.01 14:21:42.883,1.95152,1.95194,1.19,1.00
2014.07.01 14:21:43.391,1.95161,1.95194,1.00,1.00
2014.07.01 14:21:54.822,1.95162,1.95194,1.00,1.00
2014.07.01 14:21:55.335,1.95161,1.95194,1.00,1.25
2014.07.01 14:21:56.287,1.95161,1.952,1.25,1.19
2014.07.01 14:21:56.601,1.95171,1.95208,1.00,1.27
2014.07.01 14:21:56.652,1.95171,1.95208,1.00,1.27
2014.07.01 14:21:56.965,1.95172,1.95209,1.00,1.00
2014.07.01 14:21:57.132,1.95172,1.95207,1.00,1.00
2014.07.01 14:21:57.682,1.95175,1.95218,1.00,1.34
2014.07.01 14:21:57.783,1.95175,1.95218,1.00,1.84
2014.07.01 14:21:59.089,1.95175,1.95215,1.00,1.27
2014.07.01 14:22:01.123,1.95172,1.95205,1.00,1.00
2014.07.01 14:22:01.325,1.95161,1.95205,1.27,1.00
2014.07.01 14:22:01.527,1.95155,1.95205,1.77,1.19
2014.07.01 14:22:02.414,1.95155,1.95198,1.19,1.00
2014.07.01 14:22:02.525,1.95152,1.95198,1.19,1.00
2014.07.01 14:22:02.677,1.95152,1.95194,1.19,1.00
2014.07.01 14:22:02.828,1.95151,1.95194,1.19,1.00
2014.07.01 14:22:02.879,1.95152,1.95192,1.19,1.00
2014.07.01 14:22:04.128,1.95152,1.95192,1.25,1.19
2014.07.01 14:22:04.460,1.95152,1.95192,1.19,1.00
2014.07.01 14:22:04.511,1.95152,1.95194,1.19,1.00
2014.07.01 14:22:04.562,1.95153,1.95194,1.19,1.00
2014.07.01 14:22:04.663,1.95153,1.95197,1.19,1.00
2014.07.01 14:22:04.972,1.95153,1.95195,1.19,1.00
2014.07.01 14:22:05.175,1.95151,1.95193,1.19,1.00
2014.07.01 14:22:05.427,1.95152,1.95195,1.19,1.25
2014.07.01 14:22:05.853,1.95151,1.95193,1.19,1.00
2014.07.01 14:22:06.160,1.95151,1.95187,1.00,1.25
2014.07.01 14:22:06.482,1.95142,1.95184,1.69,1.00
2014.07.01 14:22:07.227,1.95142,1.95178,1.19,1.00
2014.07.01 14:22:07.278,1.9514,1.95178,1.19,1.00
2014.07.01 14:22:07.337,1.95141,1.95184,1.19,1.00
2014.07.01 14:22:08.368,1.95141,1.95184,1.19,1.00
2014.07.01 14:22:09.372,1.95141,1.95184,1.19,1.00
2014.07.01 14:22:12.299,1.95141,1.95184,1.19,1.00
2014.07.01 14:22:16.140,1.95142,1.95181,1.19,1.00
2014.07.01 14:22:16.366,1.95142,1.95181,1.19,1.00
2014.07.01 14:22:17.334,1.95142,1.95181,1.19,1.00
2014.07.01 14:22:18.338,1.95142,1.95181,1.19,1.00
2014.07.01 14:22:21.091,1.95142,1.95181,1.19,1.00
2014.07.01 14:22:21.211,1.95142,1.95178,1.19,1.00
2014.07.01 14:22:21.312,1.95136,1.95178,1.29,1.19
2014.07.01 14:22:21.413,1.95132,1.95172,1.19,1.00
2014.07.01 14:22:21.514,1.95132,1.95172,1.25,1.25
2014.07.01 14:22:21.615,1.95132,1.95172,1.00,1.19
2014.07.01 14:22:21.666,1.95127,1.95168,1.25,1.25
2014.07.01 14:22:21.767,1.95122,1.95163,1.19,1.00
2014.07.01 14:22:22.094,1.95132,1.95162,1.00,1.00
2014.07.01 14:22:22.195,1.95132,1.95165,1.00,1.00
2014.07.01 14:22:22.722,1.95132,1.95164,1.00,1.19
2014.07.01 14:22:22.907,1.95122,1.9516,1.19,1.00
2014.07.01 14:22:22.968,1.95122,1.95156,1.00,1.00
2014.07.01 14:22:23.471,1.95122,1.95155,1.00,1.00
2014.07.01 14:22:27.206,1.95112,1.95155,1.19,1.25
2014.07.01 14:22:28.839,1.95112,1.95155,1.19,1.19
2014.07.01 14:22:30.849,1.95112,1.95155,1.19,1.25
2014.07.01 14:22:30.945,1.95121,1.95155,1.00,1.25
2014.07.01 14:22:31.274,1.95112,1.95155,1.19,1.25
2014.07.01 14:22:31.993,1.95112,1.95155,1.19,1.19
2014.07.01 14:22:32.702,1.95122,1.95155,1.00,1.19
2014.07.01 14:22:35.181,1.95122,1.95155,1.00,1.25
2014.07.01 14:22:36.002,1.95111,1.95155,1.19,1.25
2014.07.01 14:22:36.114,1.95121,1.95155,1.00,1.25
2014.07.01 14:22:36.896,1.95122,1.95155,1.00,1.25
2014.07.01 14:22:37.875,1.95121,1.95155,1.00,1.00
2014.07.01 14:22:38.544,1.95122,1.95157,1.00,1.19
2014.07.01 14:22:39.809,1.95122,1.95157,1.00,1.25
2014.07.01 14:22:40.100,1.95111,1.95149,1.00,1.00
2014.07.01 14:22:40.647,1.95112,1.9515,1.00,1.00
2014.07.01 14:22:41.236,1.95112,1.9515,1.00,1.19
2014.07.01 14:22:42.420,1.95112,1.9515,1.00,1.19
2014.07.01 14:22:42.922,1.95111,1.95149,1.00,1.19
2014.07.01 14:22:44.289,1.95112,1.95149,1.00,1.19
2014.07.01 14:22:44.817,1.95111,1.95149,1.00,1.19
2014.07.01 14:22:45.325,1.95111,1.95149,1.00,1.25
2014.07.01 14:22:49.493,1.95111,1.95147,1.00,1.00
2014.07.01 14:22:49.912,1.95102,1.95146,1.34,1.25
2014.07.01 14:22:50.527,1.95104,1.95146,1.27,1.00
2014.07.01 14:22:50.673,1.95107,1.95149,1.27,1.00
2014.07.01 14:22:50.778,1.95104,1.95146,1.34,1.00
2014.07.01 14:22:50.931,1.95104,1.95149,1.34,1.00
2014.07.01 14:22:51.133,1.95112,1.95152,1.00,1.19
2014.07.01 14:22:51.341,1.95104,1.95148,1.34,1.00
2014.07.01 14:22:51.812,1.95107,1.9515,1.27,1.00
2014.07.01 14:22:52.331,1.95106,1.95154,1.37,1.19
2014.07.01 14:22:52.683,1.95112,1.9515,1.00,1.25
2014.07.01 14:22:52.991,1.95111,1.95156,1.15,1.19
2014.07.01 14:22:53.205,1.95111,1.95156,1.34,1.19
2014.07.01 14:22:54.671,1.95112,1.95157,1.37,1.19
2014.07.01 14:22:57.536,1.95112,1.95157,1.84,1.19
2014.07.01 14:22:57.935,1.95112,1.95151,1.37,1.00
2014.07.01 14:22:58.451,1.95111,1.95156,1.19,1.19
2014.07.01 14:22:58.547,1.95111,1.95156,1.25,1.69
2014.07.01 14:22:58.911,1.95111,1.95145,1.25,1.00
2014.07.01 14:22:59.062,1.95101,1.95145,1.69,1.19
2014.07.01 14:22:59.453,1.95105,1.95148,1.00,1.19
2014.07.01 14:22:59.503,1.95105,1.95153,1.19,1.19
2014.07.01 14:22:59.833,1.95111,1.95152,1.00,1.19
2014.07.01 14:23:00.162,1.95105,1.95153,1.19,1.19
2014.07.01 14:23:00.212,1.95101,1.95146,1.84,1.00
2014.07.01 14:23:00.732,1.95102,1.95147,1.37,1.00
2014.07.01 14:23:01.241,1.95102,1.95147,1.37,1.25
2014.07.01 14:23:02.072,1.95102,1.95145,1.37,1.00
2014.07.01 14:23:02.397,1.95101,1.95143,1.19,1.00
2014.07.01 14:23:02.710,1.95101,1.95138,1.19,1.00
2014.07.01 14:23:02.912,1.95092,1.95137,1.69,1.10
2014.07.01 14:23:02.963,1.95092,1.95134,1.19,1.00
2014.07.01 14:23:03.480,1.95092,1.95133,1.37,1.00
2014.07.01 14:23:03.597,1.95092,1.95133,1.37,1.25
2014.07.01 14:23:04.600,1.95092,1.95133,1.37,1.19
2014.07.01 14:23:06.612,1.95092,1.95133,1.09,1.19
2014.07.01 14:23:07.041,1.95092,1.95135,1.70,1.19
2014.07.01 14:23:07.142,1.95094,1.95138,1.34,1.19
2014.07.01 14:23:07.193,1.95094,1.95138,1.27,1.19
2014.07.01 14:23:07.294,1.95093,1.95136,1.94,1.00
2014.07.01 14:23:07.748,1.95102,1.95139,1.40,1.00
2014.07.01 14:23:09.141,1.95095,1.95138,1.94,1.00
2014.07.01 14:23:09.461,1.95098,1.95138,1.94,1.00
2014.07.01 14:23:09.562,1.95101,1.95144,1.64,1.19
2014.07.01 14:23:09.780,1.95098,1.95138,1.94,1.00
2014.07.01 14:23:12.090,1.95101,1.95144,1.64,1.19
2014.07.01 14:23:13.016,1.95106,1.95149,1.40,1.69
2014.07.01 14:23:14.017,1.95106,1.95148,1.34,1.19
2014.07.01 14:23:15.022,1.95106,1.95148,1.34,1.19
2014.07.01 14:23:16.029,1.95106,1.95148,1.34,1.19
2014.07.01 14:23:17.601,1.95112,1.95146,1.00,1.25
2014.07.01 14:23:17.811,1.95101,1.95146,2.89,1.25
2014.07.01 14:23:18.540,1.95101,1.95146,2.14,1.19
2014.07.01 14:23:19.044,1.95101,1.95146,2.14,1.19
2014.07.01 14:23:21.171,1.95101,1.95146,2.14,1.25
2014.07.01 14:23:23.447,1.95112,1.95153,1.00,1.19
2014.07.01 14:23:23.754,1.95109,1.95149,1.08,1.19
2014.07.01 14:23:24.441,1.95111,1.95153,1.00,1.19
2014.07.01 14:23:25.522,1.95111,1.95152,1.00,1.19
2014.07.01 14:23:25.873,1.95122,1.95152,1.00,1.19
2014.07.01 14:23:25.924,1.95122,1.9516,1.00,1.32
2014.07.01 14:23:26.123,1.95132,1.9516,1.00,1.32
2014.07.01 14:23:26.224,1.95132,1.95165,1.00,1.38
2014.07.01 14:23:26.325,1.95132,1.95165,1.00,1.00
2014.07.01 14:23:26.527,1.95132,1.95165,2.44,1.00
2014.07.01 14:23:26.578,1.95136,1.95185,1.15,1.19
2014.07.01 14:23:27.409,1.95136,1.95187,1.34,1.19
2014.07.01 14:23:27.832,1.95137,1.95181,1.00,1.19
2014.07.01 14:23:28.142,1.95122,1.9517,1.94,1.19
2014.07.01 14:23:28.192,1.95122,1.9517,1.69,1.19
2014.07.01 14:23:28.293,1.95122,1.95173,1.34,1.19
2014.07.01 14:23:29.152,1.95122,1.95169,1.40,1.19
2014.07.01 14:23:30.144,1.95122,1.95168,1.15,1.19
2014.07.01 14:23:31.185,1.95132,1.95168,1.00,1.19
2014.07.01 14:23:35.333,1.95122,1.95168,1.34,1.19
2014.07.01 14:23:35.899,1.95122,1.9517,1.34,1.19
2014.07.01 14:23:36.236,1.95122,1.9517,1.19,1.19
2014.07.01 14:23:36.343,1.95122,1.9517,1.39,1.19
2014.07.01 14:23:36.596,1.95121,1.9517,1.34,1.69
2014.07.01 14:23:37.105,1.95121,1.95165,1.19,1.19
2014.07.01 14:23:38.112,1.95117,1.95165,1.37,1.69
2014.07.01 14:23:38.434,1.95124,1.95165,1.08,1.19
2014.07.01 14:23:38.615,1.95121,1.95169,1.34,1.19
2014.07.01 14:23:39.822,1.95122,1.9517,1.34,1.19
2014.07.01 14:23:40.610,1.95132,1.9517,1.00,1.19
2014.07.01 14:23:40.829,1.95132,1.95174,1.00,1.19
2014.07.01 14:23:42.050,1.95132,1.95174,1.00,1.19
2014.07.01 14:23:44.271,1.95132,1.95166,1.00,1.00
2014.07.01 14:23:44.602,1.95132,1.95168,1.00,1.00
2014.07.01 14:23:45.190,1.95132,1.95166,1.00,1.00
2014.07.01 14:23:45.820,1.95131,1.95166,1.25,1.00
2014.07.01 14:23:48.461,1.95132,1.95166,1.00,1.00
2014.07.01 14:23:49.561,1.95131,1.95166,1.00,1.00
2014.07.01 14:23:51.530,1.95131,1.95166,1.00,1.19
2014.07.01 14:23:51.881,1.95121,1.95156,1.19,1.00
2014.07.01 14:23:52.609,1.95121,1.95156,1.00,1.00
2014.07.01 14:23:52.860,1.95131,1.95156,1.00,1.00
2014.07.01 14:23:53.300,1.95122,1.95156,1.00,1.00
2014.07.01 14:23:57.809,1.95132,1.95156,1.00,1.00
2014.07.01 14:23:58.390,1.95114,1.95155,1.34,1.00
2014.07.01 14:23:59.244,1.95112,1.95155,1.37,1.00
2014.07.01 14:23:59.570,1.95121,1.95155,1.00,1.00
2014.07.01 14:24:00.694,1.95111,1.95139,1.19,1.00
2014.07.01 14:24:00.795,1.95111,1.9515,1.19,1.00
2014.07.01 14:24:01.284,1.95111,1.9515,1.37,1.00
2014.07.01 14:24:02.312,1.95111,1.95151,1.37,1.25
2014.07.01 14:24:03.542,1.95112,1.95153,1.33,1.19
2014.07.01 14:24:03.862,1.95122,1.95159,1.00,1.19
2014.07.01 14:24:04.518,1.95122,1.95156,1.00,1.19
2014.07.01 14:24:05.487,1.95122,1.95156,1.00,1.25
2014.07.01 14:24:08.041,1.95121,1.95156,1.00,1.00
2014.07.01 14:24:09.581,1.95132,1.95156,1.00,1.00
2014.07.01 14:24:16.090,1.95122,1.95156,1.00,1.00
2014.07.01 14:24:16.191,1.95122,1.95153,1.00,1.00
2014.07.01 14:24:16.999,1.95132,1.95153,1.00,1.00
2014.07.01 14:24:21.030,1.95132,1.95158,1.00,1.00
2014.07.01 14:24:21.131,1.95132,1.95163,1.00,1.00
2014.07.01 14:24:21.182,1.95141,1.95163,1.00,1.00
2014.07.01 14:24:21.233,1.95141,1.95168,1.00,1.00
2014.07.01 14:24:21.447,1.95141,1.95157,1.00,1.00
2014.07.01 14:24:21.599,1.95132,1.95157,1.00,1.00
2014.07.01 14:24:22.150,1.95132,1.95156,1.00,1.00
2014.07.01 14:24:22.251,1.95132,1.95159,1.00,1.00
2014.07.01 14:24:22.453,1.95132,1.95164,1.00,1.19
2014.07.01 14:24:22.604,1.95141,1.95164,1.00,1.00
2014.07.01 14:24:22.655,1.95141,1.95169,1.00,1.19
2014.07.01 14:24:22.807,1.95132,1.95169,1.10,1.19
2014.07.01 14:24:23.608,1.95132,1.95169,1.02,1.00
2014.07.01 14:24:24.339,1.95141,1.95169,1.00,1.00
2014.07.01 14:24:25.770,1.95131,1.95169,1.37,1.00
2014.07.01 14:24:26.979,1.95141,1.95169,1.00,1.00
2014.07.01 14:24:27.691,1.95141,1.95168,1.00,1.00
2014.07.01 14:24:31.228,1.95141,1.95164,1.00,1.00
2014.07.01 14:24:31.379,1.95132,1.95164,1.00,1.00
2014.07.01 14:24:31.430,1.95132,1.95161,1.00,1.00
2014.07.01 14:24:32.544,1.95132,1.95159,1.00,1.00
2014.07.01 14:24:32.596,1.95121,1.95159,1.29,1.00
2014.07.01 14:24:32.647,1.95121,1.95161,1.29,1.00
2014.07.01 14:24:32.781,1.95121,1.95159,1.29,1.00
2014.07.01 14:24:33.084,1.95131,1.9516,1.00,1.00
2014.07.01 14:24:33.399,1.95131,1.95157,1.00,1.00
2014.07.01 14:24:35.540,1.95131,1.95151,1.00,1.00
2014.07.01 14:24:35.720,1.95131,1.95154,1.00,1.00
2014.07.01 14:24:35.881,1.95131,1.95152,1.00,1.00
2014.07.01 14:24:35.983,1.95132,1.95157,1.00,1.00
2014.07.01 14:24:36.163,1.95131,1.95151,1.00,1.00
2014.07.01 14:24:37.166,1.95131,1.95155,1.00,1.00
2014.07.01 14:24:37.840,1.95122,1.95155,1.19,1.00
2014.07.01 14:24:38.095,1.95132,1.95155,1.00,1.00
2014.07.01 14:24:38.348,1.95132,1.9516,1.00,1.00
2014.07.01 14:24:39.382,1.95141,1.9516,1.00,1.00
2014.07.01 14:24:39.600,1.95132,1.9516,1.00,1.00
2014.07.01 14:24:41.210,1.95132,1.95167,1.00,1.25
2014.07.01 14:24:41.362,1.95141,1.95174,1.00,1.00
2014.07.01 14:24:41.564,1.95141,1.95178,1.00,1.00
2014.07.01 14:24:41.614,1.95141,1.95178,1.08,1.00
2014.07.01 14:24:41.917,1.95152,1.95177,1.00,1.00
2014.07.01 14:24:41.969,1.95152,1.9518,1.00,1.00
2014.07.01 14:24:42.500,1.95151,1.95181,1.00,1.00
2014.07.01 14:24:44.551,1.95152,1.95181,1.00,1.00
2014.07.01 14:24:44.862,1.95152,1.95178,1.00,1.00
2014.07.01 14:24:45.110,1.95151,1.95187,1.29,1.00
2014.07.01 14:24:45.161,1.95151,1.95185,1.29,1.00
2014.07.01 14:24:45.481,1.95152,1.95181,1.25,1.00
2014.07.01 14:24:45.869,1.95161,1.95181,1.00,1.00
2014.07.01 14:24:46.909,1.95161,1.95185,1.00,1.00
2014.07.01 14:24:49.771,1.95161,1.95187,1.00,1.00
2014.07.01 14:24:51.598,1.95151,1.95187,1.29,1.00
2014.07.01 14:24:52.244,1.95151,1.95186,1.02,1.00
2014.07.01 14:24:54.445,1.95151,1.95186,1.09,1.00
2014.07.01 14:24:54.762,1.95151,1.95186,1.40,1.00
2014.07.01 14:24:55.070,1.95151,1.95178,1.25,1.00
2014.07.01 14:24:57.528,1.95141,1.95178,1.34,1.00
2014.07.01 14:24:58.085,1.95151,1.95178,1.00,1.00
2014.07.01 14:25:00.326,1.95141,1.95178,1.34,1.00
2014.07.01 14:25:04.922,1.95151,1.95178,1.00,1.00
2014.07.01 14:25:05.185,1.95142,1.95178,1.09,1.00
2014.07.01 14:25:05.250,1.95151,1.95178,1.00,1.00
2014.07.01 14:25:06.238,1.95142,1.95178,1.18,1.00
2014.07.01 14:25:08.772,1.95152,1.95178,1.00,1.00
2014.07.01 14:25:09.428,1.95152,1.95176,1.00,1.00
2014.07.01 14:25:10.326,1.95162,1.95176,1.00,1.00
2014.07.01 14:25:10.427,1.95162,1.95178,1.00,1.25
2014.07.01 14:25:10.579,1.95152,1.95178,1.00,1.25
2014.07.01 14:25:10.680,1.95151,1.95181,1.15,1.00
2014.07.01 14:25:10.859,1.95161,1.95181,1.00,1.00
2014.07.01 14:25:10.961,1.95161,1.95185,1.00,1.00
2014.07.01 14:25:11.298,1.95152,1.95185,1.18,1.00
2014.07.01 14:25:12.216,1.95152,1.95185,1.25,1.00
2014.07.01 14:25:12.288,1.95162,1.95185,1.00,1.00
2014.07.01 14:25:12.389,1.95162,1.9519,1.00,1.25
2014.07.01 14:25:15.859,1.95161,1.9519,1.00,1.00
2014.07.01 14:25:15.909,1.95161,1.95185,1.00,1.00
2014.07.01 14:25:16.166,1.95152,1.95184,1.19,1.00
2014.07.01 14:25:16.444,1.95152,1.95184,1.00,1.00
2014.07.01 14:25:17.102,1.95152,1.95185,1.00,1.00
2014.07.01 14:25:17.227,1.95162,1.95185,1.00,1.00
2014.07.01 14:25:19.848,1.95162,1.95189,1.00,1.00
2014.07.01 14:25:20.149,1.95152,1.95189,1.19,1.00
2014.07.01 14:25:20.199,1.95152,1.95184,1.19,1.00
2014.07.01 14:25:20.968,1.95152,1.95184,1.00,1.00
2014.07.01 14:25:21.559,1.95161,1.95184,1.00,1.00
2014.07.01 14:25:22.109,1.95152,1.95184,1.00,1.00
2014.07.01 14:25:22.658,1.95161,1.95184,1.00,1.00
2014.07.01 14:25:23.101,1.95152,1.95184,1.00,1.00
2014.07.01 14:25:23.538,1.95162,1.95184,1.00,1.00
2014.07.01 14:25:24.858,1.95161,1.95184,1.00,1.00
2014.07.01 14:25:24.909,1.95161,1.95189,1.00,1.25
2014.07.01 14:25:25.175,1.95161,1.95185,1.00,1.00
2014.07.01 14:25:26.620,1.95151,1.95185,1.25,1.00
2014.07.01 14:25:28.696,1.95151,1.95177,1.00,1.00
2014.07.01 14:25:29.100,1.95152,1.95175,1.00,1.00
2014.07.01 14:25:29.368,1.95142,1.95175,1.00,1.00
2014.07.01 14:25:29.419,1.95142,1.95177,1.00,1.00
2014.07.01 14:25:29.625,1.9516,1.95177,1.00,1.19
2014.07.01 14:25:29.828,1.95152,1.95175,1.00,1.00
2014.07.01 14:25:30.130,1.95152,1.95185,1.00,1.19
2014.07.01 14:25:30.381,1.95161,1.95185,1.00,1.25
2014.07.01 14:25:32.588,1.95162,1.95186,1.00,1.19
2014.07.01 14:25:32.853,1.95162,1.95189,1.00,1.00
2014.07.01 14:25:32.904,1.95162,1.95191,1.00,1.25
2014.07.01 14:25:33.156,1.95162,1.95197,1.00,1.19
2014.07.01 14:25:33.377,1.95181,1.95196,1.00,1.00
2014.07.01 14:25:33.428,1.95182,1.95213,1.00,2.14
2014.07.01 14:25:33.479,1.95182,1.95213,1.00,1.34
2014.07.01 14:25:33.580,1.95182,1.95213,1.00,1.19
2014.07.01 14:25:33.902,1.95171,1.95213,1.19,1.19
2014.07.01 14:25:34.098,1.95182,1.95213,1.00,1.19
2014.07.01 14:25:34.318,1.95172,1.95213,1.19,1.19
2014.07.01 14:25:34.902,1.95172,1.95213,1.19,1.25
2014.07.01 14:25:35.888,1.95182,1.95213,1.00,1.25
2014.07.01 14:25:36.216,1.95191,1.95216,1.00,1.00
2014.07.01 14:25:42.484,1.95191,1.9522,1.00,1.37
2014.07.01 14:25:42.659,1.95191,1.95214,1.00,1.00
2014.07.01 14:25:50.072,1.95192,1.95214,1.00,1.25
2014.07.01 14:25:50.401,1.95192,1.9521,1.00,1.19
2014.07.01 14:25:50.858,1.95192,1.95207,1.00,1.00
2014.07.01 14:25:52.771,1.95192,1.95211,1.00,1.00
2014.07.01 14:25:53.330,1.95192,1.95218,1.00,1.29
2014.07.01 14:25:54.351,1.95192,1.95206,1.00,1.10
2014.07.01 14:25:54.402,1.95181,1.95206,1.00,1.10
2014.07.01 14:26:01.297,1.95182,1.95213,1.00,1.39
2014.07.01 14:26:03.218,1.95182,1.95202,1.00,1.00
2014.07.01 14:26:03.419,1.95172,1.95202,1.00,1.00
2014.07.01 14:26:03.470,1.95172,1.95198,1.00,1.00
2014.07.01 14:26:04.147,1.95181,1.95198,1.00,1.00
2014.07.01 14:26:04.429,1.95181,1.95205,1.00,1.19
2014.07.01 14:26:04.674,1.95181,1.95207,1.00,1.00
2014.07.01 14:26:04.776,1.95181,1.95211,1.00,1.25
2014.07.01 14:26:05.048,1.95191,1.95211,1.00,1.00
2014.07.01 14:26:05.099,1.95191,1.95214,1.00,1.00
2014.07.01 14:26:05.358,1.95182,1.95214,1.00,1.00
2014.07.01 14:26:07.414,1.95182,1.95208,1.00,1.00
2014.07.01 14:26:07.538,1.95182,1.95211,1.00,1.00
2014.07.01 14:26:07.589,1.95171,1.95211,1.19,1.00
2014.07.01 14:26:07.895,1.95171,1.95211,1.25,1.00
2014.07.01 14:26:08.357,1.95182,1.95211,1.00,1.00
2014.07.01 14:26:08.408,1.95182,1.95215,1.00,1.19
2014.07.01 14:26:09.255,1.95182,1.95215,1.00,1.19
2014.07.01 14:26:10.234,1.95182,1.95215,1.00,1.29
2014.07.01 14:26:11.245,1.95182,1.95215,1.00,1.19
2014.07.01 14:26:11.929,1.95182,1.95212,1.00,1.00
2014.07.01 14:26:12.097,1.95172,1.95212,1.25,1.00
2014.07.01 14:26:12.148,1.95172,1.95209,1.25,1.00
2014.07.01 14:26:12.583,1.95171,1.95207,1.00,1.00
2014.07.01 14:26:12.918,1.95172,1.95209,1.00,1.25
2014.07.01 14:26:13.446,1.95171,1.95207,1.00,1.00
2014.07.01 14:26:13.759,1.95171,1.95204,1.00,1.00
2014.07.01 14:26:16.677,1.95171,1.95214,1.00,1.19
2014.07.01 14:26:16.829,1.95182,1.95212,1.00,1.19
2014.07.01 14:26:16.930,1.95182,1.95218,1.00,1.37
2014.07.01 14:26:17.082,1.95171,1.95218,1.19,1.37
2014.07.01 14:26:17.987,1.95171,1.95216,1.19,1.02
2014.07.01 14:26:18.408,1.95171,1.95214,1.19,1.00
2014.07.01 14:26:19.050,1.95171,1.95213,1.19,1.00
2014.07.01 14:26:19.201,1.95171,1.95215,1.19,1.10
2014.07.01 14:26:19.357,1.95181,1.95215,1.00,1.10
2014.07.01 14:26:19.730,1.95181,1.95212,1.00,1.00
2014.07.01 14:26:19.831,1.95171,1.95212,1.19,1.00
2014.07.01 14:26:20.340,1.95171,1.95212,1.19,1.00
2014.07.01 14:26:21.707,1.95172,1.95208,1.19,1.00
2014.07.01 14:26:22.853,1.95172,1.95208,1.00,1.00
2014.07.01 14:26:24.463,1.95171,1.95209,1.00,1.19
2014.07.01 14:26:24.968,1.95181,1.95209,1.00,1.19
2014.07.01 14:26:25.497,1.95182,1.95209,1.00,1.19
2014.07.01 14:26:25.771,1.95182,1.95209,1.00,1.00
2014.07.01 14:26:27.097,1.95191,1.95209,1.00,1.00
2014.07.01 14:26:27.198,1.95191,1.95229,1.00,1.19
2014.07.01 14:26:27.402,1.95186,1.95229,1.00,1.69
2014.07.01 14:26:27.503,1.95181,1.95225,1.00,1.00
2014.07.01 14:26:27.785,1.95181,1.95225,1.25,1.19
2014.07.01 14:26:28.089,1.95177,1.95219,1.19,1.00
2014.07.01 14:26:28.412,1.95174,1.95224,1.19,1.19
2014.07.01 14:26:28.790,1.95174,1.95224,1.19,1.19
2014.07.01 14:26:29.796,1.95175,1.95224,1.19,1.19
2014.07.01 14:26:31.699,1.95175,1.95217,1.19,1.00
2014.07.01 14:26:31.815,1.95171,1.95217,2.52,1.00
2014.07.01 14:26:32.609,1.95172,1.95216,1.19,1.00
2014.07.01 14:26:33.299,1.95172,1.95216,1.19,1.00
2014.07.01 14:26:34.028,1.95172,1.95216,1.19,1.19
2014.07.01 14:26:35.037,1.95172,1.95216,1.19,1.19
2014.07.01 14:26:36.015,1.95172,1.95215,1.27,1.19
2014.07.01 14:26:36.341,1.95172,1.95215,1.64,1.19
2014.07.01 14:26:36.932,1.95172,1.95215,1.64,1.19
2014.07.01 14:26:37.155,1.95172,1.95215,1.34,1.19
2014.07.01 14:26:39.955,1.95172,1.95215,1.34,1.19
2014.07.01 14:26:40.526,1.95172,1.95211,1.19,1.00
2014.07.01 14:26:40.632,1.95172,1.95207,1.19,1.00
2014.07.01 14:26:41.225,1.95172,1.95207,1.00,1.00
2014.07.01 14:26:41.753,1.95171,1.95207,1.10,1.00
2014.07.01 14:26:44.997,1.95171,1.95207,1.00,1.19
2014.07.01 14:26:45.568,1.95171,1.95204,1.00,1.00
2014.07.01 14:26:46.555,1.95172,1.95204,1.00,1.00
2014.07.01 14:26:46.899,1.95172,1.95201,1.00,1.00
2014.07.01 14:26:46.952,1.95162,1.95203,1.00,1.25
2014.07.01 14:26:47.105,1.95172,1.95203,1.00,1.25
2014.07.01 14:26:47.358,1.95161,1.95204,1.58,1.19
2014.07.01 14:26:47.459,1.95171,1.95203,1.00,1.25
2014.07.01 14:26:47.906,1.95161,1.95203,1.08,1.19
2014.07.01 14:26:48.824,1.95162,1.95203,1.08,1.25
2014.07.01 14:26:51.236,1.95161,1.95203,1.08,1.19
2014.07.01 14:26:53.599,1.95172,1.95203,1.00,1.19
2014.07.01 14:26:54.419,1.95172,1.95204,1.00,1.19
2014.07.01 14:26:54.717,1.95161,1.95204,1.58,1.19
2014.07.01 14:26:55.397,1.95162,1.95204,1.08,1.19
2014.07.01 14:26:55.505,1.95172,1.95204,1.00,1.19
2014.07.01 14:26:55.712,1.95162,1.95204,1.08,1.19
2014.07.01 14:26:56.493,1.95172,1.95204,1.00,1.19
2014.07.01 14:26:58.742,1.95172,1.95204,1.00,1.19
2014.07.01 14:26:58.899,1.95162,1.95204,1.08,1.19
2014.07.01 14:26:59.151,1.95161,1.952,1.00,1.00
2014.07.01 14:26:59.662,1.95161,1.95201,1.08,1.25
2014.07.01 14:27:00.173,1.95161,1.95201,1.00,1.19
2014.07.01 14:27:00.781,1.95162,1.95201,1.00,1.19
2014.07.01 14:27:01.297,1.95162,1.95201,1.00,1.19
2014.07.01 14:27:01.872,1.95162,1.95204,1.00,1.19
2014.07.01 14:27:02.201,1.95162,1.95197,1.00,1.00
2014.07.01 14:27:02.533,1.95161,1.95194,1.00,1.00
2014.07.01 14:27:03.057,1.95161,1.95191,1.00,1.00
2014.07.01 14:27:04.874,1.95162,1.95187,1.00,1.00
2014.07.01 14:27:04.975,1.95162,1.9519,1.00,1.00
2014.07.01 14:27:05.170,1.95162,1.95187,1.00,1.00
2014.07.01 14:27:05.332,1.95151,1.95187,1.00,1.00
2014.07.01 14:27:07.849,1.95152,1.95187,1.00,1.00
2014.07.01 14:27:09.347,1.95156,1.95197,1.00,1.19
2014.07.01 14:27:09.607,1.95152,1.95193,1.15,1.00
2014.07.01 14:27:09.658,1.95152,1.95193,1.08,1.00
2014.07.01 14:27:09.709,1.95152,1.9519,1.00,1.00
2014.07.01 14:27:10.029,1.95161,1.95192,1.00,1.00
2014.07.01 14:27:10.080,1.95151,1.95192,1.25,1.00
2014.07.01 14:27:10.131,1.95151,1.9519,1.25,1.00
2014.07.01 14:27:10.730,1.95152,1.9519,1.00,1.00
2014.07.01 14:27:11.393,1.95161,1.9519,1.00,1.00
2014.07.01 14:27:11.908,1.95161,1.95191,1.00,1.00
2014.07.01 14:27:15.106,1.95162,1.95191,1.00,1.00
2014.07.01 14:27:15.877,1.95161,1.95191,1.00,1.00
2014.07.01 14:27:16.622,1.95162,1.95191,1.00,1.00
2014.07.01 14:27:19.648,1.95161,1.95191,1.00,1.00
2014.07.01 14:27:19.951,1.95161,1.95194,1.00,1.25
2014.07.01 14:27:20.489,1.95162,1.95201,1.00,1.19
2014.07.01 14:27:20.877,1.95162,1.95202,1.00,1.19
2014.07.01 14:27:21.235,1.95162,1.95194,1.00,1.00
2014.07.01 14:27:21.377,1.95152,1.95194,1.19,1.00
2014.07.01 14:27:21.478,1.95152,1.95193,1.00,1.25
2014.07.01 14:27:22.492,1.95152,1.95193,1.00,1.19
2014.07.01 14:27:23.158,1.95161,1.95193,1.00,1.19
2014.07.01 14:27:23.309,1.95152,1.95193,1.00,1.19
2014.07.01 14:27:23.622,1.95162,1.95193,1.00,1.19
2014.07.01 14:27:24.484,1.95162,1.95193,1.00,1.19
2014.07.01 14:27:24.928,1.95171,1.95193,1.00,1.19
2014.07.01 14:27:25.157,1.95161,1.95193,1.00,1.19
2014.07.01 14:27:25.492,1.95161,1.95193,1.00,1.25
2014.07.01 14:27:26.196,1.95162,1.95193,1.00,1.25
2014.07.01 14:27:27.517,1.95162,1.95193,1.00,1.19
2014.07.01 14:27:28.096,1.95161,1.95193,1.00,1.19
2014.07.01 14:27:28.696,1.95161,1.95193,1.00,1.00
2014.07.01 14:27:29.548,1.95161,1.95193,1.00,1.19
2014.07.01 14:27:30.049,1.95162,1.95192,1.00,1.00
2014.07.01 14:27:31.545,1.95161,1.95192,1.00,1.25
2014.07.01 14:27:34.861,1.95161,1.95192,1.00,1.19
2014.07.01 14:27:37.074,1.95161,1.95192,1.00,1.25
2014.07.01 14:27:37.608,1.95161,1.95195,1.00,1.00
2014.07.01 14:27:37.660,1.95161,1.95197,1.00,1.25
2014.07.01 14:27:38.693,1.95161,1.952,1.25,1.19
2014.07.01 14:27:40.109,1.95161,1.952,1.25,1.00
2014.07.01 14:27:40.909,1.95161,1.952,1.00,1.19
2014.07.01 14:27:41.111,1.95151,1.95196,1.19,1.00
2014.07.01 14:27:41.212,1.95151,1.9519,1.19,1.00
2014.07.01 14:27:41.671,1.95161,1.9519,1.00,1.00
2014.07.01 14:27:42.218,1.95162,1.9519,1.00,1.00
2014.07.01 14:27:42.319,1.95151,1.9519,1.19,1.00
2014.07.01 14:27:42.836,1.95162,1.9519,1.00,1.00
2014.07.01 14:27:42.936,1.95162,1.95192,1.00,1.25
2014.07.01 14:27:43.440,1.95161,1.95192,1.00,1.00
2014.07.01 14:27:43.597,1.95161,1.95202,1.00,1.19
2014.07.01 14:27:43.648,1.95161,1.95203,1.00,1.29
2014.07.01 14:27:43.749,1.95161,1.95197,1.00,1.00
2014.07.01 14:27:43.951,1.95161,1.95202,1.19,1.00
2014.07.01 14:27:44.153,1.95162,1.95205,1.19,1.19
2014.07.01 14:27:44.405,1.95172,1.95208,1.00,1.19
2014.07.01 14:27:45.391,1.95172,1.95202,1.00,1.00
2014.07.01 14:27:45.594,1.95161,1.95202,1.19,1.25
2014.07.01 14:27:45.696,1.95161,1.95195,1.19,1.00
2014.07.01 14:27:45.848,1.95148,1.95193,1.19,1.00
2014.07.01 14:27:46.127,1.95145,1.95191,1.19,1.00
2014.07.01 14:27:46.662,1.95151,1.95191,1.25,1.19
2014.07.01 14:27:47.322,1.95151,1.95191,1.00,1.19
2014.07.01 14:27:48.162,1.95151,1.95191,1.00,1.19
2014.07.01 14:27:49.470,1.95151,1.95191,1.00,1.69
2014.07.01 14:27:51.488,1.95152,1.95191,1.00,1.69
2014.07.01 14:27:52.014,1.95152,1.95191,1.00,1.19
2014.07.01 14:27:53.950,1.95151,1.95188,1.00,1.19
2014.07.01 14:27:54.460,1.95151,1.95188,1.00,1.19
2014.07.01 14:27:55.000,1.95151,1.95185,1.00,1.00
2014.07.01 14:27:55.545,1.95151,1.95188,1.00,1.19
2014.07.01 14:27:55.596,1.95141,1.95188,1.19,1.19
2014.07.01 14:27:55.799,1.95152,1.95186,1.00,1.19
2014.07.01 14:27:56.561,1.95152,1.95186,1.00,1.19
2014.07.01 14:27:57.134,1.95152,1.95186,1.00,1.19
2014.07.01 14:27:58.086,1.95141,1.95186,1.19,1.19
2014.07.01 14:27:59.143,1.95141,1.95188,1.19,1.19
2014.07.01 14:28:01.186,1.95141,1.95188,1.19,1.77
2014.07.01 14:28:02.190,1.95141,1.95188,1.19,1.27
2014.07.01 14:28:02.392,1.95142,1.95178,1.00,1.19
2014.07.01 14:28:02.735,1.95142,1.95171,1.00,1.00
2014.07.01 14:28:03.163,1.95142,1.95171,1.00,1.19
2014.07.01 14:28:05.195,1.95142,1.95171,1.00,1.19
2014.07.01 14:28:05.727,1.95141,1.95171,1.00,1.19
2014.07.01 14:28:06.075,1.95142,1.95165,1.00,1.00
2014.07.01 14:28:07.116,1.95142,1.95166,1.00,1.00
2014.07.01 14:28:07.769,1.95131,1.95166,1.00,1.00
2014.07.01 14:28:08.448,1.95131,1.95166,1.00,1.19
2014.07.01 14:28:11.912,1.95131,1.95166,1.00,1.25
2014.07.01 14:28:12.610,1.95132,1.95166,1.00,1.25
2014.07.01 14:28:14.024,1.95132,1.95166,1.00,1.19
2014.07.01 14:28:14.915,1.95131,1.95166,1.00,1.19
2014.07.01 14:28:15.306,1.95142,1.95168,1.00,1.19
2014.07.01 14:28:16.837,1.95142,1.95171,1.00,1.19
2014.07.01 14:28:17.586,1.95132,1.95171,1.00,1.19
2014.07.01 14:28:17.809,1.95142,1.9517,1.00,1.19
2014.07.01 14:28:22.986,1.95142,1.9517,1.00,1.19
2014.07.01 14:28:25.760,1.95132,1.9517,1.00,1.19
2014.07.01 14:28:26.366,1.95132,1.95167,1.00,1.25
2014.07.01 14:28:27.192,1.95132,1.95167,1.00,1.19
2014.07.01 14:28:31.076,1.95142,1.95167,1.00,1.19
2014.07.01 14:28:32.042,1.95142,1.95167,1.00,1.25
2014.07.01 14:28:36.078,1.95142,1.95164,1.00,1.00
2014.07.01 14:28:37.519,1.95142,1.9517,1.00,1.19
2014.07.01 14:28:38.568,1.95142,1.95172,1.00,1.19
2014.07.01 14:28:38.820,1.95151,1.95173,1.00,1.19
2014.07.01 14:28:39.065,1.95142,1.95173,1.00,1.19
2014.07.01 14:28:39.585,1.95152,1.95174,1.00,1.19
2014.07.01 14:28:39.687,1.95152,1.95175,1.00,1.19
2014.07.01 14:28:40.576,1.95141,1.95175,1.00,1.19
2014.07.01 14:28:40.677,1.95141,1.95175,1.00,1.19
2014.07.01 14:28:40.807,1.95152,1.95175,1.00,1.19
2014.07.01 14:28:42.616,1.95152,1.95172,1.00,1.00
2014.07.01 14:28:43.598,1.95142,1.95172,1.00,1.00
2014.07.01 14:28:44.102,1.95141,1.95172,1.00,1.00
2014.07.01 14:28:44.635,1.95141,1.95173,1.00,1.25
2014.07.01 14:28:45.480,1.95141,1.95172,1.00,1.00
2014.07.01 14:28:45.660,1.95151,1.95172,1.00,1.00
2014.07.01 14:28:45.808,1.95142,1.95172,1.00,1.00
2014.07.01 14:28:46.315,1.95141,1.95172,1.00,1.00
2014.07.01 14:28:46.838,1.95141,1.95176,1.00,1.19
2014.07.01 14:28:47.090,1.95152,1.95173,1.00,1.00
2014.07.01 14:28:47.685,1.95142,1.95169,1.00,1.00
2014.07.01 14:28:47.937,1.95142,1.95167,1.00,1.00
2014.07.01 14:28:48.125,1.95142,1.95169,1.00,1.00
2014.07.01 14:28:48.724,1.95142,1.9517,1.00,1.25
2014.07.01 14:28:48.926,1.95142,1.95166,1.00,1.00
2014.07.01 14:28:49.137,1.95141,1.95171,1.00,1.00
2014.07.01 14:28:49.436,1.95152,1.95179,1.00,1.19
2014.07.01 14:28:50.658,1.95152,1.95173,1.00,1.00
2014.07.01 14:28:52.367,1.95151,1.95173,1.00,1.00
2014.07.01 14:28:52.917,1.95152,1.95173,1.00,1.00
2014.07.01 14:28:53.067,1.95142,1.95173,1.00,1.00
2014.07.01 14:28:53.630,1.95142,1.95172,1.00,1.00
2014.07.01 14:28:54.211,1.95142,1.9517,1.00,1.00
2014.07.01 14:28:55.928,1.95141,1.95171,1.00,1.19
2014.07.01 14:28:56.437,1.95142,1.95167,1.00,1.00
2014.07.01 14:28:57.498,1.95142,1.95166,1.00,1.00
2014.07.01 14:28:58.678,1.95141,1.95166,1.00,1.00
2014.07.01 14:28:58.955,1.95141,1.9517,1.00,1.25
2014.07.01 14:28:59.599,1.95142,1.95173,1.00,1.19
2014.07.01 14:28:59.700,1.95142,1.95181,1.00,1.19
2014.07.01 14:28:59.851,1.95142,1.95181,1.19,1.00
2014.07.01 14:28:59.952,1.95144,1.9519,1.19,1.19
2014.07.01 14:29:00.313,1.95151,1.9519,1.00,1.19
2014.07.01 14:29:01.081,1.95152,1.95193,1.00,1.19
2014.07.01 14:29:01.384,1.95162,1.95194,1.00,1.19
2014.07.01 14:29:02.119,1.95152,1.95194,1.25,1.19
2014.07.01 14:29:02.356,1.95151,1.95185,1.25,1.00
2014.07.01 14:29:02.507,1.95151,1.95188,1.25,1.00
2014.07.01 14:29:02.608,1.95152,1.95185,1.00,1.00
2014.07.01 14:29:03.133,1.95151,1.95186,1.00,1.19
2014.07.01 14:29:03.436,1.95152,1.95178,1.00,1.00
2014.07.01 14:29:03.713,1.95152,1.95183,1.00,1.19
2014.07.01 14:29:04.099,1.95142,1.95182,1.00,1.19
2014.07.01 14:29:04.711,1.95142,1.95183,1.00,1.19
2014.07.01 14:29:05.274,1.95151,1.95183,1.00,1.19
2014.07.01 14:29:05.820,1.95151,1.95181,1.00,1.19
2014.07.01 14:29:06.595,1.95142,1.95181,1.00,1.19
2014.07.01 14:29:06.963,1.95142,1.95181,1.00,1.19
2014.07.01 14:29:07.312,1.95151,1.95183,1.00,1.69
2014.07.01 14:29:08.393,1.95152,1.95183,1.00,1.69
2014.07.01 14:29:08.471,1.95152,1.95183,1.00,1.19
2014.07.01 14:29:08.615,1.95152,1.95183,1.00,1.25
2014.07.01 14:29:08.882,1.95152,1.95189,1.00,1.19
2014.07.01 14:29:09.418,1.95151,1.95194,1.00,1.29
2014.07.01 14:29:09.989,1.95152,1.95194,1.00,1.29
2014.07.01 14:29:10.092,1.95152,1.95194,1.00,1.29
2014.07.01 14:29:10.420,1.95151,1.95191,1.00,1.19
2014.07.01 14:29:10.723,1.95152,1.95183,1.00,1.19
2014.07.01 14:29:11.627,1.95151,1.95183,1.00,1.19
2014.07.01 14:29:12.300,1.95152,1.95184,1.00,1.19
2014.07.01 14:29:13.345,1.95162,1.95187,1.00,1.19
2014.07.01 14:29:13.644,1.95151,1.95187,1.00,1.19
2014.07.01 14:29:13.695,1.95151,1.95187,1.00,1.19
2014.07.01 14:29:14.779,1.95152,1.95187,1.00,1.19
2014.07.01 14:29:15.301,1.95151,1.95187,1.00,1.19
2014.07.01 14:29:15.915,1.95152,1.95187,1.00,1.19
2014.07.01 14:29:16.667,1.95152,1.95187,1.00,1.19
2014.07.01 14:29:17.661,1.95152,1.95187,1.00,1.19
2014.07.01 14:29:19.669,1.95152,1.95187,1.00,1.19
2014.07.01 14:29:20.659,1.95152,1.95187,1.00,1.19
2014.07.01 14:29:21.775,1.95152,1.95184,1.00,1.25
2014.07.01 14:29:22.049,1.95152,1.95184,1.00,1.19
2014.07.01 14:29:22.150,1.95142,1.95183,1.00,1.19
2014.07.01 14:29:23.025,1.95151,1.95183,1.00,1.19
2014.07.01 14:29:23.326,1.95151,1.95183,1.00,1.19
2014.07.01 14:29:23.377,1.95141,1.95183,1.00,1.19
2014.07.01 14:29:23.479,1.95151,1.95183,1.00,1.19
2014.07.01 14:29:23.626,1.95141,1.95183,1.00,1.19
2014.07.01 14:29:23.821,1.95151,1.95183,1.00,1.19
2014.07.01 14:29:24.124,1.95142,1.95178,1.00,1.19
2014.07.01 14:29:24.679,1.95152,1.95178,1.00,1.19
2014.07.01 14:29:24.785,1.95142,1.95178,1.00,1.19
2014.07.01 14:29:25.157,1.95151,1.95178,1.00,1.19
2014.07.01 14:29:25.705,1.95151,1.95179,1.00,1.19
2014.07.01 14:29:26.686,1.95151,1.95178,1.00,1.19
2014.07.01 14:29:27.691,1.95151,1.95178,1.00,1.19
2014.07.01 14:29:28.423,1.95141,1.95178,1.00,1.19
2014.07.01 14:29:29.019,1.95142,1.95178,1.00,1.19
2014.07.01 14:29:30.245,1.95142,1.95178,1.75,1.19
2014.07.01 14:29:31.712,1.95142,1.95178,1.75,1.19
2014.07.01 14:29:32.065,1.95142,1.95182,1.75,1.69
2014.07.01 14:29:32.116,1.95152,1.95182,1.15,1.25
2014.07.01 14:29:32.318,1.95162,1.95187,1.00,1.19
2014.07.01 14:29:32.421,1.95162,1.9519,1.00,1.19
2014.07.01 14:29:32.522,1.95162,1.9519,1.08,1.19
2014.07.01 14:29:36.004,1.95168,1.95209,1.08,1.19
2014.07.01 14:29:36.105,1.95169,1.95209,1.75,1.19
2014.07.01 14:29:36.410,1.95169,1.95216,1.94,1.19
2014.07.01 14:29:36.561,1.95168,1.95216,1.94,1.19
2014.07.01 14:29:37.445,1.95165,1.95216,1.19,1.19
2014.07.01 14:29:38.415,1.95164,1.95214,1.19,1.19
2014.07.01 14:29:40.390,1.95167,1.95209,1.19,1.00
2014.07.01 14:29:41.146,1.95167,1.95208,1.19,1.00
2014.07.01 14:29:43.920,1.95167,1.95208,1.19,1.00
2014.07.01 14:29:44.929,1.95167,1.95208,1.19,1.00
2014.07.01 14:29:45.974,1.95163,1.95208,1.19,1.25
2014.07.01 14:29:47.336,1.95163,1.95208,1.19,1.29
2014.07.01 14:29:47.697,1.95163,1.95208,1.19,1.32
2014.07.01 14:29:48.438,1.95163,1.95208,1.19,1.39
2014.07.01 14:29:49.182,1.95163,1.95208,1.19,1.34
2014.07.01 14:29:49.814,1.9516,1.95207,1.19,1.27
2014.07.01 14:29:50.330,1.9516,1.95207,1.19,1.34
2014.07.01 14:29:50.921,1.9516,1.95207,1.19,1.34
2014.07.01 14:29:52.568,1.95158,1.95205,1.19,1.34
2014.07.01 14:29:52.951,1.95158,1.95205,1.19,1.64
2014.07.01 14:29:53.309,1.95155,1.95203,1.69,1.69
2014.07.01 14:29:54.019,1.95156,1.95203,1.19,1.69
2014.07.01 14:29:55.011,1.95155,1.95203,1.69,1.69
2014.07.01 14:29:55.354,1.95155,1.95203,1.69,1.19
2014.07.01 14:29:56.018,1.95155,1.95203,1.19,1.69
2014.07.01 14:29:56.335,1.95162,1.952,1.00,1.19
2014.07.01 14:29:56.989,1.95154,1.95198,1.19,1.19
2014.07.01 14:29:57.601,1.95154,1.95198,1.19,1.19
2014.07.01 14:29:59.115,1.95154,1.95198,1.19,1.19
2014.07.01 14:30:00.516,1.95152,1.95192,1.19,1.00
2014.07.01 14:30:00.954,1.95151,1.95194,1.69,1.00
2014.07.01 14:30:01.431,1.95152,1.95195,1.00,1.19
2014.07.01 14:30:02.223,1.95151,1.95195,1.50,1.19
2014.07.01 14:30:03.018,1.95149,1.95189,1.19,1.19
2014.07.01 14:30:03.550,1.95151,1.95194,1.00,1.19
2014.07.01 14:30:04.219,1.95152,1.95194,1.00,1.19
2014.07.01 14:30:04.930,1.95151,1.95194,1.00,1.19
2014.07.01 14:30:05.442,1.95151,1.95194,1.00,1.69
2014.07.01 14:30:06.066,1.95151,1.95194,1.00,1.19
2014.07.01 14:30:07.108,1.95151,1.95194,1.00,1.19
2014.07.01 14:30:08.077,1.95151,1.95188,1.00,1.19
2014.07.01 14:30:09.880,1.95152,1.95188,1.00,1.19
2014.07.01 14:30:12.097,1.95152,1.95186,1.00,1.19
2014.07.01 14:30:14.108,1.95152,1.95189,1.00,1.19
2014.07.01 14:30:14.677,1.95151,1.95189,1.00,1.19
2014.07.01 14:30:16.334,1.95152,1.95187,1.00,1.25
2014.07.01 14:30:16.436,1.95152,1.95189,1.00,1.19
2014.07.01 14:30:17.448,1.95152,1.95189,1.00,1.19
2014.07.01 14:30:18.075,1.95152,1.95197,1.69,1.00
2014.07.01 14:30:18.125,1.95162,1.95202,1.00,1.19
2014.07.01 14:30:18.277,1.95162,1.95215,1.19,1.19
2014.07.01 14:30:18.378,1.95165,1.95218,1.19,1.69
2014.07.01 14:30:19.380,1.95168,1.95217,1.19,1.19
2014.07.01 14:30:20.353,1.95168,1.95217,1.19,1.19
2014.07.01 14:30:22.361,1.95168,1.95217,1.19,1.19
2014.07.01 14:30:23.366,1.95168,1.95217,1.19,1.19
2014.07.01 14:30:24.874,1.95168,1.95217,1.19,1.19
2014.07.01 14:30:25.878,1.95168,1.95217,1.19,1.19
2014.07.01 14:30:26.982,1.95167,1.95216,1.19,1.19
2014.07.01 14:30:28.187,1.95167,1.95216,1.19,1.19
2014.07.01 14:30:28.338,1.95173,1.95219,1.19,1.19
2014.07.01 14:30:28.692,1.95179,1.95224,1.00,1.19
2014.07.01 14:30:31.091,1.95182,1.95224,1.00,1.69
2014.07.01 14:30:31.614,1.95188,1.95224,1.00,1.19
2014.07.01 14:30:32.067,1.95188,1.95227,1.00,1.19
2014.07.01 14:30:32.168,1.95183,1.95227,1.00,1.69
2014.07.01 14:30:33.330,1.95183,1.95227,1.25,1.19
2014.07.01 14:30:36.237,1.95181,1.95219,1.25,1.00
2014.07.01 14:30:36.698,1.95171,1.95215,1.19,1.19
2014.07.01 14:30:36.900,1.95171,1.9521,1.00,1.19
2014.07.01 14:30:37.629,1.95163,1.95207,1.19,1.25
2014.07.01 14:30:37.963,1.95163,1.95207,1.19,1.19
2014.07.01 14:30:39.112,1.95163,1.95207,1.19,1.19
2014.07.01 14:30:39.353,1.95171,1.95207,1.00,1.19
2014.07.01 14:30:40.419,1.95171,1.95217,1.19,1.19
2014.07.01 14:30:41.425,1.95168,1.95217,1.19,1.19
2014.07.01 14:30:41.684,1.95171,1.95208,1.00,1.00
2014.07.01 14:30:42.533,1.95171,1.95208,1.00,1.19
2014.07.01 14:30:42.687,1.95162,1.95204,1.00,1.27
2014.07.01 14:30:42.838,1.95162,1.952,1.00,1.19
2014.07.01 14:30:43.566,1.95161,1.95197,1.00,1.29
2014.07.01 14:30:45.555,1.95161,1.95197,1.00,1.29
2014.07.01 14:30:45.844,1.95152,1.95197,1.69,1.19
2014.07.01 14:30:46.093,1.95161,1.95198,1.00,1.19
2014.07.01 14:30:46.283,1.95152,1.95198,1.19,1.69
2014.07.01 14:30:46.613,1.95162,1.95198,1.00,1.19
2014.07.01 14:30:47.603,1.95152,1.95198,1.19,1.69
2014.07.01 14:30:47.823,1.95162,1.95198,1.00,1.19
2014.07.01 14:30:48.043,1.95152,1.95198,1.19,1.69
2014.07.01 14:30:48.144,1.95152,1.95198,1.34,1.69
2014.07.01 14:30:48.880,1.95152,1.95198,1.34,1.69
2014.07.01 14:30:49.968,1.95152,1.95198,1.34,1.69
2014.07.01 14:30:53.907,1.95152,1.95193,1.34,1.19
2014.07.01 14:30:54.911,1.95152,1.95193,1.40,1.19
2014.07.01 14:30:57.931,1.95152,1.95193,1.15,1.19
2014.07.01 14:30:58.836,1.95152,1.95193,1.40,1.19
2014.07.01 14:30:59.593,1.95162,1.95194,1.00,1.19
2014.07.01 14:31:00.256,1.95152,1.95194,1.34,1.19
2014.07.01 14:31:00.849,1.95152,1.95194,1.34,1.19
2014.07.01 14:31:01.174,1.95162,1.95194,1.00,1.19
2014.07.01 14:31:01.715,1.95162,1.95204,1.00,1.27
2014.07.01 14:31:01.917,1.95164,1.95206,1.00,1.19
2014.07.01 14:31:02.115,1.95164,1.95208,1.19,1.19
2014.07.01 14:31:03.105,1.95164,1.95208,1.19,1.19
2014.07.01 14:31:03.886,1.95171,1.95208,1.00,1.19
2014.07.01 14:31:04.670,1.95171,1.95208,1.00,1.19
2014.07.01 14:31:05.088,1.95171,1.95208,1.00,1.19
2014.07.01 14:31:06.134,1.95171,1.95208,1.00,1.19
2014.07.01 14:31:07.099,1.95171,1.95208,1.00,1.19
2014.07.01 14:31:09.108,1.95171,1.95208,1.00,1.25
2014.07.01 14:31:10.113,1.95171,1.95211,1.00,1.19
2014.07.01 14:31:11.135,1.95171,1.95211,1.00,1.19
2014.07.01 14:31:13.131,1.95171,1.95213,1.00,1.19
2014.07.01 14:31:14.372,1.95171,1.95213,1.00,1.19
2014.07.01 14:31:15.351,1.95171,1.95211,1.00,1.19
2014.07.01 14:31:18.168,1.95171,1.95211,1.00,1.19
2014.07.01 14:31:19.176,1.95171,1.95211,1.00,1.69
2014.07.01 14:31:20.198,1.95172,1.95211,1.25,1.19
2014.07.01 14:31:20.401,1.95181,1.95214,1.00,1.19
2014.07.01 14:31:21.213,1.95181,1.95217,1.00,1.19
2014.07.01 14:31:22.804,1.95181,1.95217,1.00,1.19
2014.07.01 14:31:23.523,1.95173,1.95216,1.00,1.27
2014.07.01 14:31:23.574,1.95172,1.95208,1.10,1.00
2014.07.01 14:31:23.625,1.95165,1.95208,1.19,1.50
2014.07.01 14:31:23.853,1.95172,1.95209,1.00,1.19
2014.07.01 14:31:24.043,1.95161,1.95204,1.19,1.25
2014.07.01 14:31:24.259,1.95161,1.95202,1.19,1.00
2014.07.01 14:31:24.564,1.95162,1.95204,1.19,1.25
2014.07.01 14:31:25.172,1.95162,1.95204,1.19,1.19
2014.07.01 14:31:25.882,1.95162,1.95204,1.25,1.19
2014.07.01 14:31:26.741,1.95162,1.95202,1.00,1.19
2014.07.01 14:31:27.123,1.95171,1.95202,1.00,1.19
2014.07.01 14:31:28.674,1.95171,1.95209,1.00,1.25
2014.07.01 14:31:31.264,1.95171,1.95209,1.00,1.19
2014.07.01 14:31:32.496,1.95171,1.95209,1.00,1.00
2014.07.01 14:31:34.580,1.95171,1.95209,1.00,1.19
2014.07.01 14:31:36.363,1.95172,1.95209,1.00,1.19
2014.07.01 14:31:37.008,1.95172,1.95209,1.00,1.19
2014.07.01 14:31:37.603,1.95172,1.95209,1.00,1.19
2014.07.01 14:31:39.030,1.95172,1.95206,1.00,1.37
2014.07.01 14:31:39.131,1.95161,1.95197,1.00,1.00
2014.07.01 14:31:39.347,1.95152,1.95197,1.29,1.00
2014.07.01 14:31:39.397,1.95151,1.95194,1.77,1.00
2014.07.01 14:31:39.749,1.95162,1.95194,1.00,1.00
2014.07.01 14:31:40.102,1.95151,1.95194,1.77,1.00
2014.07.01 14:31:41.022,1.95151,1.95194,1.77,1.00
2014.07.01 14:31:42.031,1.95151,1.95194,1.77,1.25
2014.07.01 14:31:43.074,1.95151,1.95194,1.77,1.25
2014.07.01 14:31:43.672,1.95151,1.95193,1.27,1.00
2014.07.01 14:31:46.045,1.95151,1.95193,1.27,1.19
2014.07.01 14:31:48.090,1.95151,1.95194,1.77,1.19
2014.07.01 14:31:49.081,1.95151,1.95194,1.77,1.19
2014.07.01 14:31:50.734,1.95156,1.95199,1.00,1.19
2014.07.01 14:31:50.784,1.95156,1.95199,1.19,1.19
2014.07.01 14:31:50.886,1.95162,1.95201,1.00,1.19
2014.07.01 14:31:51.882,1.95162,1.95203,1.19,1.00
2014.07.01 14:31:52.662,1.95162,1.95205,1.29,1.19
2014.07.01 14:31:53.853,1.95172,1.95205,1.00,1.19
2014.07.01 14:31:54.734,1.95162,1.95208,1.29,1.19
2014.07.01 14:31:55.065,1.95172,1.95208,1.00,1.19
2014.07.01 14:31:55.903,1.95172,1.95208,1.00,1.19
2014.07.01 14:31:56.912,1.95172,1.95208,1.00,1.19
2014.07.01 14:31:57.532,1.95172,1.95204,1.00,1.00
2014.07.01 14:31:58.192,1.95172,1.95207,1.00,1.25
2014.07.01 14:31:58.920,1.95172,1.95207,1.00,1.19
2014.07.01 14:32:00.025,1.95172,1.95208,1.00,1.00
2014.07.01 14:32:00.412,1.95172,1.95215,1.08,1.19
2014.07.01 14:32:00.463,1.95172,1.95215,1.34,1.00
2014.07.01 14:32:00.615,1.95181,1.95215,1.00,1.00
2014.07.01 14:32:00.716,1.95181,1.95222,1.08,1.19
2014.07.01 14:32:01.954,1.95181,1.95219,1.27,1.00
2014.07.01 14:32:02.503,1.95181,1.95221,1.27,1.19
2014.07.01 14:32:03.054,1.95181,1.95221,1.33,1.25
2014.07.01 14:32:04.060,1.95181,1.95221,1.27,1.00
2014.07.01 14:32:06.071,1.95181,1.95221,1.27,1.25
2014.07.01 14:32:06.524,1.95178,1.95219,1.34,1.00
2014.07.01 14:32:08.085,1.95179,1.95219,1.37,1.00
2014.07.01 14:32:09.090,1.95177,1.95219,1.84,1.00
2014.07.01 14:32:09.614,1.95177,1.95218,1.84,1.00
2014.07.01 14:32:10.209,1.95177,1.95218,1.34,1.00
2014.07.01 14:32:10.605,1.95182,1.9522,1.10,1.00
2014.07.01 14:32:10.867,1.95177,1.95218,1.34,1.00
2014.07.01 14:32:15.698,1.95182,1.9522,1.10,1.25
2014.07.01 14:32:16.138,1.95177,1.95218,1.34,1.00
2014.07.01 14:32:16.325,1.95181,1.9522,1.08,1.25
2014.07.01 14:32:17.101,1.95177,1.95219,1.34,1.00
2014.07.01 14:32:17.809,1.95181,1.9522,1.27,1.25
2014.07.01 14:32:20.168,1.95181,1.9522,1.33,1.19
2014.07.01 14:32:21.229,1.95181,1.9522,1.25,1.19
2014.07.01 14:32:22.882,1.95181,1.9522,1.25,1.00
2014.07.01 14:32:24.194,1.95181,1.9522,1.25,1.19
2014.07.01 14:32:24.457,1.95181,1.95213,1.25,1.00
2014.07.01 14:32:24.609,1.95171,1.95213,1.25,1.00
2014.07.01 14:32:24.710,1.95171,1.95209,1.25,1.00
2014.07.01 14:32:25.030,1.95171,1.95204,1.00,1.00
2014.07.01 14:32:25.562,1.95172,1.95204,1.00,1.00
2014.07.01 14:32:29.501,1.95172,1.95203,1.00,1.00
2014.07.01 14:32:30.022,1.95171,1.95203,1.00,1.00
2014.07.01 14:32:36.591,1.95171,1.95205,1.00,1.25
2014.07.01 14:32:37.131,1.95172,1.95205,1.00,1.25
2014.07.01 14:32:41.987,1.95171,1.95205,1.00,1.00
2014.07.01 14:32:42.922,1.95171,1.95208,1.00,1.19
2014.07.01 14:32:47.325,1.95171,1.95208,1.00,1.19
2014.07.01 14:32:48.330,1.95171,1.95207,1.00,1.25
2014.07.01 14:32:49.535,1.95171,1.9521,1.00,1.19
2014.07.01 14:32:50.923,1.95172,1.95208,1.00,1.25
2014.07.01 14:32:51.480,1.95171,1.95208,1.00,1.25
2014.07.01 14:32:52.274,1.95171,1.95208,1.00,1.19
2014.07.01 14:32:53.852,1.95182,1.95208,1.00,1.19
2014.07.01 14:32:54.968,1.95182,1.95213,1.00,1.19
2014.07.01 14:32:55.528,1.95181,1.95216,1.00,1.19
2014.07.01 14:32:55.978,1.95182,1.95216,1.00,1.19
2014.07.01 14:32:56.518,1.95181,1.95216,1.00,1.19
2014.07.01 14:32:56.825,1.95172,1.95216,1.00,1.19
2014.07.01 14:32:57.154,1.95182,1.95216,1.00,1.19
2014.07.01 14:32:59.242,1.95181,1.95216,1.00,1.19
2014.07.01 14:33:00.437,1.95182,1.95216,1.00,1.19
2014.07.01 14:33:04.019,1.95182,1.95216,1.00,1.00
2014.07.01 14:33:04.771,1.95181,1.95216,1.00,1.00
2014.07.01 14:33:06.030,1.95181,1.95216,1.00,1.19
2014.07.01 14:33:06.631,1.95182,1.95216,1.00,1.19
2014.07.01 14:33:07.746,1.95182,1.95216,1.00,1.00
2014.07.01 14:33:07.797,1.95182,1.95227,1.00,1.27
2014.07.01 14:33:07.950,1.95182,1.95223,1.10,1.69
2014.07.01 14:33:08.579,1.95181,1.95218,1.00,1.19
2014.07.01 14:33:08.833,1.95172,1.95216,1.58,1.25
2014.07.01 14:33:08.884,1.95172,1.95209,1.08,1.00
2014.07.01 14:33:10.211,1.95176,1.95218,1.00,1.25
2014.07.01 14:33:10.379,1.95181,1.95221,1.00,1.19
2014.07.01 14:33:10.902,1.95181,1.95222,1.08,1.19
2014.07.01 14:33:11.004,1.95181,1.95222,1.08,1.25
2014.07.01 14:33:11.897,1.95181,1.95222,1.08,1.19
2014.07.01 14:33:13.086,1.95182,1.95222,1.10,1.25
2014.07.01 14:33:14.241,1.95182,1.95225,1.10,1.19
2014.07.01 14:33:14.291,1.95191,1.95225,1.00,1.19
2014.07.01 14:33:14.443,1.95192,1.95237,1.50,1.19
2014.07.01 14:33:14.841,1.9519,1.95229,1.00,1.00
2014.07.01 14:33:15.175,1.95187,1.95229,1.15,1.00
2014.07.01 14:33:15.227,1.95187,1.95229,1.08,1.00
2014.07.01 14:33:15.480,1.95183,1.95224,2.52,1.00
2014.07.01 14:33:15.890,1.95182,1.95222,1.08,1.00
2014.07.01 14:33:17.534,1.95179,1.95218,1.15,1.00
2014.07.01 14:33:17.669,1.95182,1.95222,1.08,1.25
2014.07.01 14:33:19.731,1.95179,1.95219,1.40,1.00
2014.07.01 14:33:22.591,1.95181,1.95221,1.18,1.25
2014.07.01 14:33:22.642,1.95185,1.95228,1.00,1.19
2014.07.01 14:33:22.692,1.95185,1.95229,1.19,1.19
2014.07.01 14:33:23.052,1.95182,1.9522,1.40,1.00
2014.07.01 14:33:23.153,1.95182,1.95216,1.00,1.00
2014.07.01 14:33:23.501,1.95182,1.95213,1.00,1.00
2014.07.01 14:33:23.807,1.95172,1.95213,1.19,1.00
2014.07.01 14:33:23.868,1.95172,1.95213,1.19,1.00
2014.07.01 14:33:25.391,1.95172,1.95213,1.19,1.00
2014.07.01 14:33:25.442,1.95178,1.95218,1.00,1.00
2014.07.01 14:33:25.593,1.95182,1.95226,1.00,1.19
2014.07.01 14:33:26.239,1.95183,1.95228,1.00,1.69
2014.07.01 14:33:26.719,1.95183,1.95228,1.19,1.19
2014.07.01 14:33:27.937,1.95183,1.95228,1.19,1.69
2014.07.01 14:33:28.928,1.95183,1.95228,1.19,1.69
2014.07.01 14:33:29.850,1.95191,1.9523,1.00,1.19
2014.07.01 14:33:30.071,1.95185,1.95229,1.29,1.19
2014.07.01 14:33:30.231,1.95185,1.95229,1.29,1.19
2014.07.01 14:33:33.424,1.95185,1.95229,1.29,1.00
2014.07.01 14:33:34.130,1.95184,1.95227,1.37,1.00
2014.07.01 14:33:34.464,1.95186,1.95218,1.19,1.00
2014.07.01 14:33:34.673,1.95188,1.95218,1.25,1.00
2014.07.01 14:33:34.834,1.95188,1.95229,1.25,1.19
2014.07.01 14:33:35.381,1.9519,1.95219,1.00,1.00
2014.07.01 14:33:35.884,1.9519,1.95219,1.19,1.00
2014.07.01 14:33:36.687,1.95176,1.95219,1.94,1.50
2014.07.01 14:33:36.788,1.95176,1.95219,1.19,1.50
2014.07.01 14:33:36.889,1.95172,1.95216,1.19,1.25
2014.07.01 14:33:37.443,1.95171,1.95213,1.29,1.00
2014.07.01 14:33:37.549,1.95171,1.95213,1.02,1.25
2014.07.01 14:33:37.600,1.9517,1.95209,1.29,1.00
2014.07.01 14:33:37.904,1.95165,1.95212,1.37,1.00
2014.07.01 14:33:38.433,1.95171,1.95215,1.25,1.19
2014.07.01 14:33:38.756,1.95172,1.95215,1.19,1.19
2014.07.01 14:33:39.761,1.95172,1.95215,1.19,1.19
2014.07.01 14:33:42.791,1.95172,1.95215,1.19,1.19
2014.07.01 14:33:43.801,1.95172,1.95215,1.19,1.19
2014.07.01 14:33:45.401,1.95167,1.95209,1.19,1.25
2014.07.01 14:33:48.121,1.95166,1.95214,1.29,1.19
2014.07.01 14:33:50.550,1.95182,1.95214,1.00,1.19
2014.07.01 14:33:50.883,1.95172,1.95215,1.00,1.19
2014.07.01 14:33:50.997,1.95176,1.95216,1.00,1.19
2014.07.01 14:33:51.148,1.95175,1.95218,1.00,1.19
2014.07.01 14:33:51.199,1.95172,1.95213,1.25,1.19
2014.07.01 14:33:51.645,1.95171,1.9521,1.19,1.00
2014.07.01 14:33:51.947,1.95172,1.95207,1.00,1.19
2014.07.01 14:33:52.590,1.95172,1.95204,1.00,1.00
2014.07.01 14:33:53.196,1.95161,1.95204,1.77,1.00
2014.07.01 14:33:53.980,1.95161,1.95203,1.19,1.00
2014.07.01 14:33:54.073,1.95171,1.95203,1.00,1.00
2014.07.01 14:33:54.291,1.95161,1.95203,1.19,1.00
2014.07.01 14:33:55.386,1.95161,1.95203,1.19,1.00
2014.07.01 14:33:58.398,1.95161,1.95203,1.19,1.19
2014.07.01 14:33:59.053,1.95171,1.95203,1.00,1.19
2014.07.01 14:33:59.422,1.95171,1.95205,1.00,1.00
2014.07.01 14:34:00.631,1.95164,1.95205,1.29,1.00
2014.07.01 14:34:01.030,1.95171,1.95205,1.00,1.00
2014.07.01 14:34:01.410,1.95171,1.95207,1.00,1.00
2014.07.01 14:34:03.360,1.95171,1.95209,1.25,1.25
2014.07.01 14:34:03.885,1.95171,1.9521,1.19,1.25
2014.07.01 14:34:05.487,1.95171,1.95208,1.19,1.00
2014.07.01 14:34:08.070,1.95171,1.95208,1.00,1.00
2014.07.01 14:34:08.377,1.95171,1.95204,1.00,1.00
2014.07.01 14:34:11.153,1.95163,1.95204,1.77,1.00
2014.07.01 14:34:11.821,1.95171,1.95204,1.00,1.00
2014.07.01 14:34:13.851,1.95171,1.95213,1.25,1.19
2014.07.01 14:34:13.952,1.95173,1.95216,1.00,1.19
2014.07.01 14:34:14.003,1.95173,1.95217,1.25,1.19
2014.07.01 14:34:14.104,1.95173,1.95217,1.77,1.00
2014.07.01 14:34:14.560,1.95174,1.95219,1.19,1.25
2014.07.01 14:34:15.100,1.95176,1.95219,1.19,1.00
2014.07.01 14:34:15.783,1.95177,1.95218,1.37,1.00
2014.07.01 14:34:15.883,1.95182,1.95222,1.19,1.19
2014.07.01 14:34:16.111,1.95177,1.95218,1.84,1.00
2014.07.01 14:34:19.134,1.95179,1.95218,1.27,1.00
2014.07.01 14:34:20.136,1.95181,1.95218,1.19,1.00
2014.07.01 14:34:21.140,1.9518,1.95218,1.29,1.00
2014.07.01 14:34:22.157,1.9518,1.95218,1.29,1.00
2014.07.01 14:34:23.153,1.9518,1.95218,1.29,1.00
2014.07.01 14:34:26.889,1.95181,1.95219,1.19,1.00
2014.07.01 14:34:27.402,1.95181,1.95218,1.19,1.00
2014.07.01 14:34:30.069,1.95181,1.95219,1.19,1.00
2014.07.01 14:34:31.185,1.95178,1.95219,1.27,1.00
2014.07.01 14:34:34.410,1.95178,1.95219,1.27,1.00
2014.07.01 14:34:34.932,1.95178,1.95218,1.27,1.00
2014.07.01 14:34:38.822,1.95174,1.95216,1.19,1.00
2014.07.01 14:34:38.873,1.95174,1.95216,1.19,1.19
2014.07.01 14:34:38.933,1.95174,1.95208,1.19,1.00
2014.07.01 14:34:39.952,1.95167,1.95208,1.34,1.00
2014.07.01 14:34:40.540,1.95167,1.95209,1.34,1.00
2014.07.01 14:34:41.061,1.95167,1.95209,1.34,1.00
2014.07.01 14:34:41.839,1.95167,1.95208,1.34,1.00
2014.07.01 14:34:42.778,1.95169,1.95208,1.34,1.00
2014.07.01 14:34:43.050,1.95172,1.95212,1.29,1.00
2014.07.01 14:34:43.114,1.95176,1.95218,1.00,1.19
2014.07.01 14:34:43.484,1.95179,1.95218,1.00,1.19
2014.07.01 14:34:43.809,1.95179,1.95218,1.37,1.00
2014.07.01 14:34:44.526,1.95175,1.95219,1.37,1.00
2014.07.01 14:34:45.602,1.95175,1.95219,1.37,1.69
2014.07.01 14:34:47.616,1.95177,1.95219,1.29,1.00
2014.07.01 14:34:48.295,1.95181,1.95223,1.19,1.19
2014.07.01 14:34:48.816,1.95179,1.95219,1.19,1.00
2014.07.01 14:34:49.120,1.95178,1.95219,1.19,1.00
2014.07.01 14:34:49.763,1.95178,1.95219,1.19,1.19
2014.07.01 14:34:49.813,1.95178,1.95209,1.19,1.00
2014.07.01 14:34:50.162,1.95179,1.95218,1.19,1.25
2014.07.01 14:34:51.359,1.95174,1.95208,1.19,1.00
2014.07.01 14:34:51.410,1.95173,1.95208,1.29,1.00
2014.07.01 14:34:52.364,1.95173,1.95208,1.25,1.00
2014.07.01 14:34:52.577,1.95177,1.95208,1.00,1.00
2014.07.01 14:34:52.678,1.95177,1.95218,1.00,1.19
2014.07.01 14:34:52.779,1.95173,1.95214,1.00,1.19
2014.07.01 14:34:53.354,1.95173,1.95208,1.00,1.00
2014.07.01 14:34:53.861,1.95173,1.95212,1.25,1.00
2014.07.01 14:34:54.403,1.95174,1.95212,1.00,1.00
2014.07.01 14:34:54.992,1.95174,1.95209,1.25,1.00
2014.07.01 14:34:57.292,1.95174,1.95212,1.00,1.00
2014.07.01 14:34:57.512,1.95174,1.95208,1.00,1.00
2014.07.01 14:34:57.977,1.95163,1.95208,1.27,1.50
2014.07.01 14:34:58.082,1.95163,1.95199,1.29,1.00
2014.07.01 14:34:58.237,1.95161,1.95199,1.34,1.00
2014.07.01 14:34:58.794,1.95163,1.95199,1.77,1.00
2014.07.01 14:34:58.844,1.95163,1.95207,2.14,1.19
2014.07.01 14:34:58.980,1.95169,1.95208,1.27,1.00
2014.07.01 14:34:59.935,1.95169,1.95208,1.27,1.00
2014.07.01 14:35:01.142,1.95169,1.95208,1.27,1.00
2014.07.01 14:35:01.562,1.95166,1.95208,1.19,1.19
2014.07.01 14:35:01.802,1.95163,1.95198,1.19,1.00
2014.07.01 14:35:02.270,1.95163,1.95208,1.19,1.19
2014.07.01 14:35:02.651,1.95164,1.95208,1.19,1.19
2014.07.01 14:35:03.016,1.95163,1.95199,1.19,1.00
2014.07.01 14:35:03.169,1.95167,1.95208,1.00,1.19
2014.07.01 14:35:04.071,1.95167,1.95209,1.19,1.25
2014.07.01 14:35:05.190,1.95169,1.95209,1.19,1.00
2014.07.01 14:35:05.559,1.95165,1.95198,1.19,1.00
2014.07.01 14:35:05.876,1.95164,1.95198,1.00,1.00
2014.07.01 14:35:06.675,1.95164,1.95199,1.00,1.00
2014.07.01 14:35:07.101,1.95159,1.95189,1.19,1.00
2014.07.01 14:35:07.303,1.95158,1.95198,1.19,1.00
2014.07.01 14:35:07.894,1.95164,1.95198,1.00,1.00
2014.07.01 14:35:09.449,1.95159,1.95198,1.25,1.00
2014.07.01 14:35:10.117,1.95158,1.95198,1.19,1.00
2014.07.01 14:35:10.549,1.95164,1.95198,1.00,1.00
2014.07.01 14:35:10.769,1.9516,1.95198,1.19,1.00
2014.07.01 14:35:11.149,1.95163,1.95198,1.00,1.00
2014.07.01 14:35:11.672,1.95163,1.95198,1.19,1.00
2014.07.01 14:35:13.343,1.9516,1.95198,1.19,1.00
2014.07.01 14:35:14.073,1.95159,1.95199,1.19,1.00
2014.07.01 14:35:14.694,1.95159,1.95198,1.19,1.00
2014.07.01 14:35:17.384,1.95162,1.95205,1.69,1.19
2014.07.01 14:35:17.585,1.95162,1.95205,1.69,1.00
2014.07.01 14:35:17.636,1.95167,1.95208,1.00,1.19
2014.07.01 14:35:19.599,1.95165,1.95208,1.19,1.19
2014.07.01 14:35:20.119,1.95167,1.95208,1.00,1.19
2014.07.01 14:35:20.639,1.95166,1.95208,1.25,1.19
2014.07.01 14:35:21.198,1.95166,1.95208,1.19,1.19
2014.07.01 14:35:22.388,1.95166,1.95208,1.19,1.19
2014.07.01 14:35:23.229,1.95171,1.95209,1.00,1.19
2014.07.01 14:35:23.380,1.95169,1.95208,1.00,1.19
2014.07.01 14:35:23.431,1.95169,1.95208,1.19,1.00
2014.07.01 14:35:24.258,1.95173,1.95208,1.00,1.00
2014.07.01 14:35:25.101,1.95166,1.95206,1.19,1.00
2014.07.01 14:35:25.252,1.9517,1.95208,1.19,1.00
2014.07.01 14:35:25.636,1.9517,1.95208,1.19,1.00
2014.07.01 14:35:26.721,1.95169,1.95208,1.25,1.19
2014.07.01 14:35:27.727,1.95167,1.95208,1.25,1.19
2014.07.01 14:35:27.890,1.95166,1.95198,1.19,1.00
2014.07.01 14:35:28.089,1.95166,1.95208,1.19,1.19
2014.07.01 14:35:28.639,1.95168,1.95208,1.00,1.19
2014.07.01 14:35:29.279,1.95168,1.95199,1.00,1.00
2014.07.01 14:35:30.072,1.95167,1.95199,1.25,1.00
2014.07.01 14:35:30.731,1.95167,1.95199,1.19,1.00
2014.07.01 14:35:32.582,1.95163,1.95199,1.77,1.00
2014.07.01 14:35:33.589,1.95163,1.95198,1.25,1.00
2014.07.01 14:35:33.801,1.95163,1.95198,1.19,1.00
2014.07.01 14:35:35.549,1.95163,1.95208,1.19,1.69
2014.07.01 14:35:35.879,1.95163,1.95198,1.19,1.00
2014.07.01 14:35:36.099,1.95163,1.95208,1.19,1.69
2014.07.01 14:35:36.396,1.95163,1.95208,1.19,1.69
2014.07.01 14:35:37.656,1.9517,1.95208,1.00,1.19
2014.07.01 14:35:37.909,1.95175,1.95219,1.00,1.69
2014.07.01 14:35:38.180,1.95178,1.95219,1.00,1.19
2014.07.01 14:35:38.331,1.95178,1.95219,1.25,1.19
2014.07.01 14:35:38.543,1.95173,1.95215,1.19,1.00
2014.07.01 14:35:38.594,1.95173,1.95215,1.00,1.00
2014.07.01 14:35:38.645,1.95168,1.95208,1.19,1.00
2014.07.01 14:35:39.643,1.95173,1.95217,1.19,1.34
2014.07.01 14:35:40.097,1.9517,1.95208,1.19,1.00
2014.07.01 14:35:40.147,1.95168,1.95208,1.19,1.00
2014.07.01 14:35:41.269,1.95165,1.95209,1.29,1.00
2014.07.01 14:35:42.931,1.95164,1.95206,1.19,1.00
2014.07.01 14:35:43.245,1.95158,1.95198,1.19,1.00
2014.07.01 14:35:43.446,1.95156,1.95198,1.19,1.00
2014.07.01 14:35:43.656,1.95163,1.95198,1.00,1.00
2014.07.01 14:35:43.959,1.95166,1.95198,1.00,1.00
2014.07.01 14:35:44.466,1.95164,1.95198,1.25,1.00
2014.07.01 14:35:44.887,1.95167,1.95198,1.00,1.00
2014.07.01 14:35:45.202,1.9517,1.95198,1.00,1.00
2014.07.01 14:35:45.478,1.95172,1.95208,1.00,1.00
2014.07.01 14:35:45.579,1.95172,1.95199,1.00,1.00
2014.07.01 14:35:46.111,1.95173,1.95198,1.00,1.00
2014.07.01 14:35:46.832,1.95173,1.95209,1.00,1.00
2014.07.01 14:35:46.883,1.95175,1.95209,1.00,1.00
2014.07.01 14:35:47.085,1.95178,1.95218,1.00,1.15
2014.07.01 14:35:47.337,1.95174,1.95217,1.25,1.15
2014.07.01 14:35:47.388,1.95174,1.95208,1.25,1.00
2014.07.01 14:35:48.168,1.95173,1.95209,1.19,1.00
2014.07.01 14:35:49.273,1.95171,1.95209,1.19,1.00
2014.07.01 14:35:50.180,1.9517,1.95209,1.19,1.00
2014.07.01 14:35:54.804,1.9517,1.95209,1.69,1.00
2014.07.01 14:35:57.226,1.95171,1.95209,1.19,1.00
2014.07.01 14:35:58.231,1.95171,1.95209,1.19,1.00
2014.07.01 14:35:58.629,1.95177,1.95209,1.00,1.00
2014.07.01 14:35:58.858,1.95178,1.95219,1.19,1.00
2014.07.01 14:35:59.845,1.95178,1.95219,1.19,1.00
2014.07.01 14:36:03.328,1.95178,1.95218,1.19,1.00
2014.07.01 14:36:04.262,1.95177,1.95218,1.19,1.00
2014.07.01 14:36:05.120,1.95177,1.95219,1.19,1.00
2014.07.01 14:36:05.735,1.95177,1.95218,1.19,1.00
2014.07.01 14:36:06.383,1.95177,1.95219,1.19,1.00
2014.07.01 14:36:06.959,1.95177,1.95218,1.19,1.00
2014.07.01 14:36:08.435,1.95177,1.95219,1.19,1.00
2014.07.01 14:36:11.309,1.95176,1.95219,1.19,1.50
2014.07.01 14:36:15.430,1.95178,1.95219,1.69,1.00
2014.07.01 14:36:16.034,1.95178,1.95218,1.69,1.00
2014.07.01 14:36:16.434,1.95178,1.95218,1.19,1.00
2014.07.01 14:36:17.251,1.95178,1.95219,1.19,1.00
2014.07.01 14:36:18.671,1.95181,1.95221,1.19,1.00
2014.07.01 14:36:19.391,1.95181,1.95221,1.25,1.25
2014.07.01 14:36:20.383,1.95181,1.95221,1.19,1.00
2014.07.01 14:36:20.872,1.95178,1.95219,1.19,1.00
2014.07.01 14:36:21.653,1.95178,1.95218,1.19,1.00
2014.07.01 14:36:22.522,1.95178,1.95219,1.19,1.00
2014.07.01 14:36:22.898,1.95178,1.95218,1.19,1.00
2014.07.01 14:36:24.960,1.95176,1.95218,1.19,1.00
2014.07.01 14:36:25.448,1.95174,1.95214,1.69,1.00
2014.07.01 14:36:25.574,1.95174,1.95214,1.19,1.00
2014.07.01 14:36:25.625,1.95173,1.95208,1.00,1.00
2014.07.01 14:36:25.929,1.95169,1.95208,1.25,1.00
2014.07.01 14:36:25.980,1.95169,1.95208,1.00,2.00
2014.07.01 14:36:26.031,1.95163,1.95201,1.00,1.15
2014.07.01 14:36:26.132,1.95163,1.952,1.00,1.00
2014.07.01 14:36:26.182,1.95163,1.95198,1.00,1.00
2014.07.01 14:36:26.415,1.95155,1.95198,1.27,1.00
2014.07.01 14:36:29.389,1.95155,1.95198,1.19,1.19
2014.07.01 14:36:29.646,1.95152,1.95191,1.19,1.00
2014.07.01 14:36:29.828,1.95146,1.95188,1.19,1.00
2014.07.01 14:36:30.056,1.95141,1.95183,1.69,1.00
2014.07.01 14:36:30.309,1.95141,1.95183,1.25,1.19
2014.07.01 14:36:30.829,1.95134,1.95178,1.19,1.00
2014.07.01 14:36:32.110,1.95134,1.95186,1.19,1.19
2014.07.01 14:36:33.148,1.95129,1.95166,1.08,1.00
2014.07.01 14:36:33.199,1.95129,1.95166,1.00,1.00
2014.07.01 14:36:33.250,1.95122,1.95159,1.19,1.00
2014.07.01 14:36:33.559,1.95141,1.95179,1.00,1.20
2014.07.01 14:36:33.609,1.95141,1.95179,1.00,1.05
2014.07.01 14:36:33.813,1.95141,1.95183,1.00,1.25
2014.07.01 14:36:33.914,1.95151,1.95187,1.00,1.29
2014.07.01 14:36:34.388,1.95151,1.95181,1.00,1.00
2014.07.01 14:36:35.301,1.95152,1.95184,1.00,1.19
2014.07.01 14:36:35.849,1.95152,1.95187,1.00,1.29
2014.07.01 14:36:36.458,1.95152,1.95186,1.00,1.19
2014.07.01 14:36:37.278,1.95151,1.95186,1.00,1.19
2014.07.01 14:36:37.648,1.95142,1.95186,1.19,1.19
2014.07.01 14:36:37.829,1.95152,1.95186,1.00,1.19
2014.07.01 14:36:39.621,1.95142,1.95186,1.69,1.19
2014.07.01 14:36:40.721,1.95142,1.95186,1.25,1.19
2014.07.01 14:36:41.268,1.95143,1.95187,1.00,1.29
2014.07.01 14:36:41.621,1.95143,1.95187,1.25,1.29
2014.07.01 14:36:42.780,1.95143,1.95179,1.25,1.00
2014.07.01 14:36:43.988,1.95143,1.95187,1.00,1.29
2014.07.01 14:36:44.317,1.95143,1.95178,1.00,1.00
2014.07.01 14:36:44.819,1.95143,1.95179,1.00,1.00
2014.07.01 14:36:44.878,1.95141,1.95179,1.25,1.00
2014.07.01 14:36:45.610,1.95141,1.95179,1.19,1.00
2014.07.01 14:36:46.141,1.9514,1.95178,1.19,1.00
2014.07.01 14:36:46.532,1.95142,1.95183,1.25,1.19
2014.07.01 14:36:47.078,1.95141,1.95183,1.25,1.25
2014.07.01 14:36:47.408,1.95148,1.95188,1.00,1.27
2014.07.01 14:36:47.791,1.95148,1.95188,1.00,1.27
2014.07.01 14:36:48.096,1.95152,1.95184,1.00,1.19
2014.07.01 14:36:48.618,1.95151,1.95185,1.00,1.19
2014.07.01 14:36:48.669,1.95151,1.95185,1.00,1.25
2014.07.01 14:36:49.632,1.95151,1.95185,1.00,1.19
2014.07.01 14:36:51.385,1.95152,1.95185,1.00,1.19
2014.07.01 14:36:51.703,1.95142,1.95185,1.19,1.19
2014.07.01 14:36:51.861,1.95152,1.95185,1.00,1.19
2014.07.01 14:36:53.019,1.95152,1.95188,1.00,1.33
2014.07.01 14:36:53.070,1.95146,1.95188,1.19,1.33
2014.07.01 14:36:53.172,1.95151,1.95196,1.19,1.45
2014.07.01 14:36:53.394,1.95161,1.95204,1.00,1.19
2014.07.01 14:36:53.598,1.95157,1.95207,1.27,1.19
2014.07.01 14:36:53.699,1.95162,1.95208,1.50,1.19
2014.07.01 14:36:54.222,1.95162,1.9521,1.19,1.19
2014.07.01 14:36:55.208,1.95162,1.9521,1.84,1.19
2014.07.01 14:36:57.193,1.95162,1.9521,1.37,1.19
2014.07.01 14:36:58.642,1.95161,1.95205,1.34,1.19
2014.07.01 14:36:58.693,1.95161,1.95205,1.27,1.19
2014.07.01 14:36:59.182,1.95162,1.95199,1.25,1.00
2014.07.01 14:36:59.693,1.95162,1.952,1.25,1.00
2014.07.01 14:37:00.198,1.95153,1.95198,1.69,1.00
2014.07.01 14:37:00.648,1.95162,1.95203,1.00,1.19
2014.07.01 14:37:00.950,1.95164,1.95207,1.00,1.19
2014.07.01 14:37:01.165,1.95162,1.95209,1.25,1.19
2014.07.01 14:37:01.216,1.95162,1.95211,1.27,1.19
2014.07.01 14:37:01.827,1.95171,1.95213,1.00,1.19
2014.07.01 14:37:01.928,1.95171,1.95218,1.25,1.69
2014.07.01 14:37:03.163,1.95172,1.95216,1.00,1.19
2014.07.01 14:37:03.422,1.95172,1.95216,1.19,1.19
2014.07.01 14:37:06.573,1.95182,1.95216,1.00,1.19
2014.07.01 14:37:07.138,1.95182,1.95216,1.00,1.19
2014.07.01 14:37:07.848,1.95182,1.95216,1.00,1.19
2014.07.01 14:37:08.152,1.95172,1.95211,1.00,1.19
2014.07.01 14:37:08.203,1.95172,1.95206,1.00,1.00
2014.07.01 14:37:08.354,1.95171,1.95209,1.00,1.19
2014.07.01 14:37:10.250,1.95171,1.95209,1.25,1.00
2014.07.01 14:37:10.989,1.95171,1.95208,1.25,1.00
2014.07.01 14:37:11.390,1.95171,1.95208,1.00,1.29
2014.07.01 14:37:11.903,1.95172,1.95208,1.00,1.29
2014.07.01 14:37:12.287,1.95172,1.95208,1.00,1.02
2014.07.01 14:37:12.839,1.95171,1.95208,1.00,1.02
2014.07.01 14:37:14.283,1.95171,1.95208,1.00,1.29
2014.07.01 14:37:16.437,1.95171,1.95204,1.00,1.00
2014.07.01 14:37:18.117,1.95161,1.95204,1.69,1.00
2014.07.01 14:37:18.300,1.95163,1.95204,1.19,1.00
2014.07.01 14:37:18.637,1.95163,1.95202,1.19,1.00
2014.07.01 14:37:19.325,1.95162,1.95202,1.19,1.00
2014.07.01 14:37:21.315,1.95162,1.95202,1.19,1.00
2014.07.01 14:37:23.323,1.95162,1.95202,1.19,1.00
2014.07.01 14:37:25.331,1.95162,1.95202,1.19,1.00
2014.07.01 14:37:25.437,1.95162,1.95205,1.19,1.19
2014.07.01 14:37:25.639,1.95163,1.95205,1.19,1.00
2014.07.01 14:37:25.690,1.95163,1.95208,1.19,1.69
2014.07.01 14:37:26.195,1.95171,1.9521,1.00,1.19
2014.07.01 14:37:26.810,1.95172,1.95214,1.00,1.19
2014.07.01 14:37:26.961,1.95172,1.95216,1.19,1.19
2014.07.01 14:37:27.908,1.95174,1.95218,1.19,1.19
2014.07.01 14:37:29.025,1.95173,1.95221,1.37,1.19
2014.07.01 14:37:29.974,1.95174,1.95221,1.27,1.25
2014.07.01 14:37:31.599,1.95182,1.95224,1.00,1.19
2014.07.01 14:37:31.797,1.95177,1.95224,1.19,1.19
2014.07.01 14:37:32.988,1.95175,1.95222,1.27,1.25
2014.07.01 14:37:36.637,1.95175,1.95218,1.27,1.00
2014.07.01 14:37:37.417,1.95176,1.95223,1.29,1.19
2014.07.01 14:37:37.618,1.95174,1.95222,1.00,1.19
2014.07.01 14:37:37.670,1.95171,1.95213,1.29,1.00
2014.07.01 14:37:37.973,1.95162,1.95205,1.19,1.00
2014.07.01 14:37:38.835,1.95162,1.95205,1.19,1.00
2014.07.01 14:37:39.516,1.95162,1.95207,1.19,1.08
2014.07.01 14:37:40.982,1.95162,1.95208,1.19,1.09
2014.07.01 14:37:42.953,1.95165,1.95208,1.19,1.09
2014.07.01 14:37:44.078,1.95165,1.95208,1.19,1.37
2014.07.01 14:37:44.381,1.95181,1.95212,1.00,1.00
2014.07.01 14:37:44.482,1.95181,1.95217,1.00,1.25
2014.07.01 14:37:45.029,1.95182,1.95217,1.00,1.25
2014.07.01 14:37:45.459,1.95181,1.9522,1.00,1.19
2014.07.01 14:37:45.733,1.95182,1.95218,1.00,1.08
2014.07.01 14:37:45.884,1.95172,1.95218,1.19,1.08
2014.07.01 14:37:46.041,1.95171,1.95212,1.69,1.00
2014.07.01 14:37:46.354,1.95172,1.95211,1.00,1.18
2014.07.01 14:37:48.867,1.95172,1.95207,1.00,1.00
2014.07.01 14:37:49.500,1.95172,1.95207,1.00,1.19
2014.07.01 14:37:52.515,1.95172,1.95206,1.00,1.19
2014.07.01 14:37:53.019,1.95171,1.95206,1.00,1.19
2014.07.01 14:37:54.124,1.95171,1.95206,1.00,1.19
2014.07.01 14:37:56.876,1.95172,1.95204,1.00,1.00
2014.07.01 14:37:59.146,1.95172,1.95204,1.00,1.19
2014.07.01 14:38:01.156,1.95172,1.95207,1.00,1.19
2014.07.01 14:38:02.160,1.95172,1.95209,1.00,1.19
2014.07.01 14:38:03.165,1.95172,1.95209,1.00,1.19
2014.07.01 14:38:06.216,1.95172,1.95209,1.00,1.19
2014.07.01 14:38:08.599,1.95172,1.95209,1.00,1.19
2014.07.01 14:38:12.227,1.95172,1.95209,1.00,1.19
2014.07.01 14:38:14.156,1.95172,1.95205,1.00,1.00
2014.07.01 14:38:14.746,1.95172,1.95205,1.00,1.19
2014.07.01 14:38:16.636,1.95172,1.95205,1.00,1.25
2014.07.01 14:38:20.626,1.95162,1.95205,1.69,1.00
2014.07.01 14:38:20.677,1.95162,1.95201,1.69,1.00
2014.07.01 14:38:20.779,1.95162,1.95199,1.25,1.00
2014.07.01 14:38:20.881,1.95161,1.95195,1.19,1.00
2014.07.01 14:38:21.667,1.95162,1.95194,1.25,1.00
2014.07.01 14:38:23.046,1.95161,1.95194,1.00,1.00
2014.07.01 14:38:23.585,1.95162,1.95194,1.00,1.00
2014.07.01 14:38:25.808,1.95161,1.95194,1.00,1.00
2014.07.01 14:38:26.921,1.95161,1.95196,1.00,1.00
2014.07.01 14:38:27.816,1.95161,1.95199,1.00,1.27
2014.07.01 14:38:28.018,1.95172,1.95199,1.00,1.27
2014.07.01 14:38:28.566,1.95172,1.95199,1.00,1.33
2014.07.01 14:38:29.323,1.95172,1.95199,1.00,1.25
2014.07.01 14:38:29.826,1.95172,1.95198,1.00,1.25
2014.07.01 14:38:30.135,1.95172,1.95196,1.00,1.00
2014.07.01 14:38:30.661,1.95172,1.95197,1.00,1.25
2014.07.01 14:38:31.849,1.95161,1.95199,1.00,1.19
2014.07.01 14:38:32.622,1.95161,1.95198,1.00,1.25
2014.07.01 14:38:33.286,1.95161,1.95197,1.00,1.00
2014.07.01 14:38:33.826,1.95162,1.95199,1.00,1.19
2014.07.01 14:38:34.378,1.95171,1.952,1.00,1.19
2014.07.01 14:38:35.055,1.95172,1.952,1.00,1.19
2014.07.01 14:38:35.846,1.95172,1.95199,1.00,1.00
2014.07.01 14:38:36.377,1.95182,1.9521,1.00,1.34
2014.07.01 14:38:36.695,1.95181,1.95204,1.00,1.00
2014.07.01 14:38:36.746,1.95181,1.9521,1.00,1.19
2014.07.01 14:38:36.897,1.95181,1.9521,1.00,1.19
2014.07.01 14:38:37.348,1.95191,1.95212,1.00,1.19
2014.07.01 14:38:37.613,1.95182,1.95215,1.00,1.19
2014.07.01 14:38:37.885,1.95182,1.95215,1.00,1.69
2014.07.01 14:38:38.502,1.95181,1.95215,1.00,1.69
2014.07.01 14:38:38.609,1.95182,1.95215,1.00,1.19
2014.07.01 14:38:39.146,1.95181,1.95216,1.00,1.19
2014.07.01 14:38:39.198,1.95181,1.95216,1.00,1.00
2014.07.01 14:38:39.249,1.95191,1.95216,1.00,1.00
2014.07.01 14:38:39.797,1.95192,1.95215,1.00,1.00
2014.07.01 14:38:40.713,1.95192,1.95217,1.00,1.00
2014.07.01 14:38:44.408,1.95182,1.95217,1.00,1.00
2014.07.01 14:38:45.067,1.95192,1.95217,1.00,1.00
2014.07.01 14:38:46.873,1.95191,1.95217,1.00,1.00
2014.07.01 14:38:54.132,1.95192,1.95217,1.00,1.00
2014.07.01 14:38:55.123,1.95201,1.95217,1.00,1.00
2014.07.01 14:38:55.174,1.95202,1.95221,1.00,1.29
2014.07.01 14:38:55.970,1.95202,1.95221,1.00,1.02
2014.07.01 14:38:56.723,1.95201,1.95221,1.00,1.25
2014.07.01 14:38:59.084,1.95202,1.95221,1.00,1.25
2014.07.01 14:39:00.040,1.95202,1.95222,1.00,1.00
2014.07.01 14:39:04.044,1.95202,1.95222,1.00,1.19
2014.07.01 14:39:06.020,1.95202,1.95222,1.00,1.25
2014.07.01 14:39:07.023,1.95202,1.95222,1.00,1.19
2014.07.01 14:39:07.617,1.95201,1.95222,1.00,1.19
2014.07.01 14:39:08.165,1.95202,1.95222,1.00,1.19
2014.07.01 14:39:08.938,1.95202,1.95222,1.00,1.19
2014.07.01 14:39:09.728,1.95202,1.95219,1.00,1.00
2014.07.01 14:39:12.546,1.95202,1.95216,1.00,1.00
2014.07.01 14:39:15.316,1.95192,1.95216,1.00,1.00
2014.07.01 14:39:15.536,1.95201,1.95216,1.00,1.00
2014.07.01 14:39:16.097,1.95192,1.95216,1.00,1.00
2014.07.01 14:39:16.865,1.95192,1.95215,1.00,1.00
2014.07.01 14:39:23.416,1.95201,1.95215,1.00,1.00
2014.07.01 14:39:25.406,1.95201,1.95217,1.00,1.00
2014.07.01 14:39:27.784,1.95202,1.95217,1.00,1.00
2014.07.01 14:39:35.266,1.95201,1.95217,1.00,1.00
2014.07.01 14:39:35.457,1.95201,1.9522,1.00,1.00
2014.07.01 14:39:36.065,1.95202,1.95219,1.00,1.00
2014.07.01 14:39:38.148,1.95191,1.95219,1.00,1.00
2014.07.01 14:39:38.968,1.95191,1.95218,1.00,1.00
2014.07.01 14:39:39.069,1.95191,1.9522,1.00,1.25
2014.07.01 14:39:41.981,1.95192,1.9522,1.00,1.00
2014.07.01 14:39:42.460,1.95191,1.95218,1.00,1.00
2014.07.01 14:39:43.075,1.95192,1.95218,1.00,1.00
2014.07.01 14:39:43.545,1.95201,1.95218,1.00,1.00
2014.07.01 14:39:43.646,1.95192,1.95218,1.00,1.00
2014.07.01 14:39:44.835,1.95191,1.95218,1.00,1.00
2014.07.01 14:39:45.717,1.95192,1.95218,1.00,1.00
2014.07.01 14:39:46.316,1.95191,1.95218,1.00,1.00
2014.07.01 14:39:46.973,1.95192,1.95218,1.00,1.00
2014.07.01 14:39:47.585,1.95191,1.95218,1.00,1.00
2014.07.01 14:39:48.115,1.95191,1.95219,1.00,1.00
2014.07.01 14:39:53.455,1.95191,1.95222,1.00,1.19
2014.07.01 14:39:53.606,1.95201,1.95222,1.00,1.19
2014.07.01 14:39:53.769,1.95201,1.95228,1.00,1.19
2014.07.01 14:39:54.300,1.95202,1.95228,1.00,1.19
2014.07.01 14:39:54.773,1.95202,1.95228,1.00,1.00
2014.07.01 14:39:55.764,1.95202,1.95225,1.00,1.00
2014.07.01 14:39:56.644,1.95201,1.95225,1.00,1.00
2014.07.01 14:39:58.100,1.95201,1.95225,1.00,1.19
2014.07.01 14:39:58.454,1.95192,1.95219,1.00,1.00
2014.07.01 14:39:58.629,1.95181,1.95219,1.19,1.10
2014.07.01 14:39:58.895,1.95182,1.95217,1.19,1.00
2014.07.01 14:39:59.430,1.95182,1.95217,1.00,1.00
2014.07.01 14:40:00.254,1.95182,1.95217,1.00,1.19
2014.07.01 14:40:00.557,1.95182,1.95205,1.00,1.00
2014.07.01 14:40:00.826,1.95172,1.95201,1.00,1.00
2014.07.01 14:40:01.194,1.95172,1.95198,1.00,1.00
2014.07.01 14:40:01.401,1.95162,1.95193,1.00,1.00
2014.07.01 14:40:01.654,1.95161,1.95193,1.00,1.19
2014.07.01 14:40:02.067,1.95172,1.95196,1.00,1.37
2014.07.01 14:40:02.340,1.95172,1.95198,1.00,1.34
2014.07.01 14:40:03.354,1.95172,1.95196,1.00,1.18
2014.07.01 14:40:03.466,1.95172,1.95199,1.00,1.19
2014.07.01 14:40:05.365,1.95172,1.95199,1.00,1.19
2014.07.01 14:40:06.104,1.95171,1.95199,1.00,1.19
2014.07.01 14:40:06.328,1.95153,1.95198,1.19,1.19
2014.07.01 14:40:07.085,1.95153,1.95199,1.19,1.84
2014.07.01 14:40:08.092,1.95152,1.95195,1.19,1.19
2014.07.01 14:40:10.222,1.95152,1.95195,1.25,1.19
2014.07.01 14:40:12.217,1.95152,1.95195,1.19,1.19
2014.07.01 14:40:13.162,1.95151,1.95189,1.19,1.00
2014.07.01 14:40:16.124,1.95151,1.95194,1.84,1.25
2014.07.01 14:40:16.241,1.95151,1.95194,1.84,1.25
2014.07.01 14:40:17.246,1.95152,1.95194,1.19,1.00
2014.07.01 14:40:18.251,1.95151,1.95194,1.69,1.25
2014.07.01 14:40:19.482,1.95151,1.95194,1.69,1.19
2014.07.01 14:40:22.784,1.95152,1.95194,1.19,1.25
2014.07.01 14:40:23.780,1.95151,1.95194,1.69,1.25
2014.07.01 14:40:24.785,1.95151,1.95194,1.69,1.19
2014.07.01 14:40:26.901,1.95152,1.95194,1.19,1.25
2014.07.01 14:40:31.364,1.95152,1.95195,1.19,1.19
2014.07.01 14:40:33.035,1.95151,1.95182,1.19,1.00
2014.07.01 14:40:33.186,1.95141,1.95185,1.19,1.00
2014.07.01 14:40:33.388,1.95141,1.95181,1.00,1.00
2014.07.01 14:40:33.691,1.95141,1.95178,1.00,1.00
2014.07.01 14:40:33.855,1.95134,1.95178,1.19,1.50
2014.07.01 14:40:33.906,1.95134,1.95178,1.00,2.44
2014.07.01 14:40:33.956,1.9513,1.95178,1.25,1.69
2014.07.01 14:40:34.158,1.95133,1.95178,1.00,1.19
2014.07.01 14:40:34.573,1.95142,1.95181,1.00,1.37
2014.07.01 14:40:35.067,1.95136,1.95179,1.00,1.19
2014.07.01 14:40:35.368,1.95133,1.95179,1.19,1.69
2014.07.01 14:40:36.375,1.95133,1.95179,1.19,1.69
2014.07.01 14:40:36.931,1.95136,1.95179,1.00,1.69
2014.07.01 14:40:37.874,1.95138,1.95178,1.00,1.19
2014.07.01 14:40:38.399,1.95138,1.95178,1.19,1.19
2014.07.01 14:40:38.875,1.95132,1.95173,1.69,1.00
2014.07.01 14:40:39.197,1.95142,1.9518,1.00,1.29
2014.07.01 14:40:39.348,1.95134,1.95178,1.19,1.19
2014.07.01 14:40:39.578,1.95142,1.95179,1.00,1.19
2014.07.01 14:40:39.901,1.95142,1.95176,1.00,1.00
2014.07.01 14:40:40.624,1.95142,1.95179,1.00,1.19
2014.07.01 14:40:41.448,1.95134,1.95178,1.19,1.25
2014.07.01 14:40:41.655,1.95133,1.95174,1.19,1.00
2014.07.01 14:40:41.943,1.95133,1.95176,1.69,1.00
2014.07.01 14:40:42.643,1.95142,1.95176,1.00,1.00
2014.07.01 14:40:43.045,1.95142,1.95179,1.00,1.19
2014.07.01 14:40:43.196,1.95142,1.95175,1.00,1.00
2014.07.01 14:40:43.374,1.95141,1.9518,1.00,1.19
2014.07.01 14:40:44.254,1.95141,1.95176,1.00,1.00
2014.07.01 14:40:44.364,1.95141,1.95179,1.00,1.19
2014.07.01 14:40:44.583,1.95141,1.95173,1.00,1.00
2014.07.01 14:40:44.635,1.95132,1.95173,1.19,1.00
2014.07.01 14:40:44.735,1.95133,1.95176,1.19,1.00
2014.07.01 14:40:44.844,1.95141,1.95176,1.00,1.00
2014.07.01 14:40:44.946,1.95141,1.9518,1.00,1.19
2014.07.01 14:40:45.949,1.95141,1.95183,1.25,1.19
2014.07.01 14:40:46.050,1.95142,1.95185,1.19,1.25
2014.07.01 14:40:46.654,1.95143,1.95189,1.69,1.19
2014.07.01 14:40:47.135,1.95143,1.95185,1.19,1.00
2014.07.01 14:40:47.642,1.95142,1.95185,1.69,1.19
2014.07.01 14:40:48.433,1.95142,1.95183,1.19,1.00
2014.07.01 14:40:48.847,1.95142,1.95183,1.19,1.00
2014.07.01 14:40:48.999,1.95142,1.9518,1.19,1.00
2014.07.01 14:40:49.302,1.95142,1.95178,1.00,1.00
2014.07.01 14:40:49.645,1.95141,1.95181,1.00,1.19
2014.07.01 14:40:50.525,1.95142,1.95184,1.00,1.19
2014.07.01 14:40:50.676,1.95142,1.95176,1.00,1.00
2014.07.01 14:40:51.199,1.95134,1.95177,1.69,1.00
2014.07.01 14:40:51.778,1.95134,1.95177,1.19,1.25
2014.07.01 14:40:54.125,1.95141,1.95177,1.00,1.25
2014.07.01 14:40:54.801,1.95142,1.95177,1.00,1.25
2014.07.01 14:40:55.458,1.95141,1.95177,1.00,1.25
2014.07.01 14:40:56.116,1.95141,1.95177,1.00,1.19
2014.07.01 14:40:56.778,1.95142,1.95177,1.00,1.19
2014.07.01 14:40:57.240,1.95133,1.95176,1.19,1.00
2014.07.01 14:40:57.769,1.95133,1.95178,1.19,1.19
2014.07.01 14:40:58.334,1.95133,1.95178,1.19,1.19
2014.07.01 14:40:58.836,1.95133,1.95178,1.19,1.19
2014.07.01 14:40:59.841,1.95133,1.95178,1.19,1.25
2014.07.01 14:41:00.343,1.95141,1.95178,1.00,1.25
2014.07.01 14:41:01.197,1.95133,1.95178,1.19,1.69
2014.07.01 14:41:01.307,1.95142,1.95178,1.00,1.25
2014.07.01 14:41:01.452,1.95133,1.95178,1.19,1.69
2014.07.01 14:41:01.553,1.95133,1.95178,1.19,1.77
2014.07.01 14:41:01.806,1.95133,1.95178,1.19,1.77
2014.07.01 14:41:01.908,1.95133,1.95178,1.19,1.69
2014.07.01 14:41:02.316,1.95141,1.95178,1.00,1.19
2014.07.01 14:41:02.640,1.95131,1.95172,1.19,1.00
2014.07.01 14:41:02.821,1.95131,1.95172,1.25,1.00
2014.07.01 14:41:02.872,1.95131,1.95175,1.25,1.19
2014.07.01 14:41:03.228,1.95142,1.95178,1.00,1.27
2014.07.01 14:41:03.329,1.95142,1.95178,1.00,1.27
2014.07.01 14:41:04.687,1.95141,1.9518,1.00,1.34
2014.07.01 14:41:05.065,1.95142,1.95175,1.00,1.08
2014.07.01 14:41:05.166,1.95132,1.95173,1.00,1.18
2014.07.01 14:41:05.612,1.95131,1.95169,1.00,1.00
2014.07.01 14:41:06.230,1.95131,1.95169,1.00,1.19
2014.07.01 14:41:06.779,1.95141,1.95169,1.00,1.19
2014.07.01 14:41:07.213,1.95132,1.95169,1.00,1.19
2014.07.01 14:41:08.478,1.95132,1.95169,1.00,1.00
2014.07.01 14:41:09.197,1.95125,1.95168,1.00,1.00
2014.07.01 14:41:10.986,1.95125,1.95169,1.00,1.69
2014.07.01 14:41:11.036,1.95128,1.95169,1.00,1.25
2014.07.01 14:41:11.137,1.95125,1.95168,1.00,1.00
2014.07.01 14:41:11.614,1.95132,1.95171,1.00,1.29
2014.07.01 14:41:12.154,1.95131,1.95173,1.00,1.37
2014.07.01 14:41:12.309,1.95131,1.95173,1.00,1.37
2014.07.01 14:41:13.814,1.95132,1.95173,1.00,1.18
2014.07.01 14:41:14.407,1.95131,1.95173,1.00,1.18
2014.07.01 14:41:14.950,1.95136,1.95178,1.00,1.39
2014.07.01 14:41:15.051,1.95136,1.9518,1.00,1.27
2014.07.01 14:41:15.173,1.95133,1.95179,1.00,1.10
2014.07.01 14:41:15.402,1.95138,1.95184,1.00,1.34
2014.07.01 14:41:15.553,1.95131,1.9518,1.50,1.27
2014.07.01 14:41:16.139,1.95132,1.95178,1.00,1.19
2014.07.01 14:41:16.560,1.95132,1.95178,1.00,1.19
2014.07.01 14:41:17.033,1.95132,1.95165,1.00,1.00
2014.07.01 14:41:17.386,1.95123,1.95166,1.00,1.08
2014.07.01 14:41:17.573,1.95132,1.95166,1.00,1.08
2014.07.01 14:41:18.042,1.95123,1.95166,1.00,1.08
2014.07.01 14:41:18.124,1.95131,1.95166,1.00,1.08
2014.07.01 14:41:18.827,1.95132,1.95163,1.00,1.00
2014.07.01 14:41:20.190,1.95132,1.95163,1.00,1.19
2014.07.01 14:41:21.391,1.95132,1.95167,1.00,1.37
2014.07.01 14:41:22.414,1.95132,1.95167,1.00,1.37
2014.07.01 14:41:23.861,1.95131,1.95169,1.00,1.19
2014.07.01 14:41:24.656,1.95132,1.9517,1.00,1.00
2014.07.01 14:41:25.165,1.95131,1.95175,1.00,1.29
2014.07.01 14:41:25.370,1.95131,1.95175,1.00,1.10
2014.07.01 14:41:25.471,1.95132,1.95177,1.00,1.00
2014.07.01 14:41:25.622,1.95142,1.95176,1.00,1.00
2014.07.01 14:41:25.803,1.95132,1.95176,1.00,1.00
2014.07.01 14:41:27.133,1.95134,1.95177,1.00,1.00
2014.07.01 14:41:27.437,1.95142,1.95185,1.00,1.69
2014.07.01 14:41:27.689,1.9514,1.95188,1.00,1.19
2014.07.01 14:41:27.740,1.95132,1.9518,1.20,1.00
2014.07.01 14:41:28.065,1.95141,1.95178,1.00,1.00
2014.07.01 14:41:28.453,1.95141,1.9518,1.00,1.00
2014.07.01 14:41:28.660,1.95142,1.9518,1.00,1.19
2014.07.01 14:41:28.917,1.95139,1.95184,1.08,1.19
2014.07.01 14:41:29.068,1.95134,1.95182,1.45,1.19
2014.07.01 14:41:29.219,1.95141,1.95176,1.00,1.00
2014.07.01 14:41:29.572,1.95131,1.95176,1.65,1.00
2014.07.01 14:41:29.673,1.95141,1.95176,1.00,1.00
2014.07.01 14:41:30.682,1.95141,1.95176,1.00,1.19
2014.07.01 14:41:31.088,1.95132,1.95177,1.10,1.19
2014.07.01 14:41:31.635,1.95135,1.95179,1.00,1.69
2014.07.01 14:41:33.195,1.95135,1.95178,1.00,1.19
2014.07.01 14:41:34.163,1.95132,1.95177,1.77,1.19
2014.07.01 14:41:34.214,1.95132,1.95177,2.52,1.25
2014.07.01 14:41:35.504,1.95132,1.95177,1.77,1.19
2014.07.01 14:41:36.509,1.95133,1.95176,1.19,1.00
2014.07.01 14:41:36.913,1.95137,1.95178,1.19,1.25
2014.07.01 14:41:37.065,1.95142,1.95183,1.00,1.19
2014.07.01 14:41:37.317,1.95142,1.95183,1.19,1.25
2014.07.01 14:41:38.444,1.95142,1.95188,1.19,1.19
2014.07.01 14:41:39.456,1.95142,1.95187,1.25,1.69
2014.07.01 14:41:40.532,1.95142,1.95187,1.25,1.19
2014.07.01 14:41:43.451,1.95142,1.95187,1.00,1.19
2014.07.01 14:41:43.986,1.95141,1.95187,1.25,1.19
2014.07.01 14:41:44.555,1.95141,1.95187,1.19,1.19
2014.07.01 14:41:45.743,1.95143,1.95189,1.00,1.69
2014.07.01 14:41:46.463,1.95143,1.95189,1.25,1.19
2014.07.01 14:41:48.474,1.95143,1.95189,1.19,1.69
2014.07.01 14:41:48.776,1.95143,1.95189,1.19,1.00
2014.07.01 14:41:48.827,1.95171,1.95189,1.00,1.00
2014.07.01 14:41:48.929,1.95172,1.95205,1.00,1.00
2014.07.01 14:41:49.081,1.95172,1.95215,1.00,1.60
2014.07.01 14:41:49.132,1.95172,1.95204,1.00,1.00
2014.07.01 14:41:49.434,1.95172,1.95201,1.00,1.00
2014.07.01 14:41:49.803,1.95161,1.95198,1.19,1.00
2014.07.01 14:41:49.893,1.95161,1.952,1.19,1.00
2014.07.01 14:41:50.288,1.95161,1.952,1.69,1.00
2014.07.01 14:41:50.338,1.95171,1.95216,1.00,1.84
2014.07.01 14:41:50.470,1.95181,1.95216,1.00,1.19
2014.07.01 14:41:50.521,1.95181,1.95216,1.00,1.00
2014.07.01 14:41:51.103,1.95182,1.95212,1.00,1.00
2014.07.01 14:41:51.153,1.95172,1.95212,1.19,1.00
2014.07.01 14:41:51.355,1.95182,1.95212,1.00,1.00
2014.07.01 14:41:51.557,1.95182,1.95226,1.00,1.29
2014.07.01 14:41:51.658,1.95182,1.95217,1.19,1.00
2014.07.01 14:41:51.843,1.95182,1.95222,1.19,1.00
2014.07.01 14:41:52.109,1.95183,1.95228,1.19,1.37
2014.07.01 14:41:52.211,1.95186,1.95228,1.00,1.37
2014.07.01 14:41:52.553,1.95192,1.95231,1.00,1.34
2014.07.01 14:41:52.604,1.95192,1.95232,1.00,1.15
2014.07.01 14:41:52.656,1.95205,1.95238,1.00,1.57
2014.07.01 14:41:52.707,1.95205,1.95238,1.00,1.19
2014.07.01 14:41:52.817,1.95205,1.95238,1.00,1.00
2014.07.01 14:41:52.969,1.95197,1.95239,1.00,1.02
2014.07.01 14:41:53.070,1.95198,1.95239,1.00,1.33
2014.07.01 14:41:53.384,1.95194,1.95238,1.00,1.19
2014.07.01 14:41:53.745,1.95198,1.95239,1.02,1.19
2014.07.01 14:41:54.048,1.9521,1.95238,1.00,1.19
2014.07.01 14:41:54.149,1.95211,1.95253,1.00,1.37
2014.07.01 14:41:54.199,1.95215,1.95254,1.00,1.34
2014.07.01 14:41:54.451,1.95217,1.95259,1.00,1.64
2014.07.01 14:41:54.502,1.95211,1.95253,1.19,1.18
2014.07.01 14:41:54.654,1.95211,1.95253,1.27,1.00
2014.07.01 14:41:54.706,1.95211,1.95256,1.77,1.00
2014.07.01 14:41:54.807,1.95211,1.95256,1.69,1.08
2014.07.01 14:41:55.131,1.95224,1.95267,1.25,1.57
2014.07.01 14:41:55.384,1.95222,1.95264,1.19,1.10
2014.07.01 14:41:55.536,1.95224,1.95264,1.27,1.00
2014.07.01 14:41:55.738,1.95224,1.95268,1.19,1.00
2014.07.01 14:41:56.242,1.95231,1.95276,1.25,1.42
2014.07.01 14:41:56.687,1.95229,1.95268,1.19,1.00
2014.07.01 14:41:57.303,1.95231,1.95279,1.19,1.97
2014.07.01 14:41:57.508,1.95241,1.95281,1.00,1.87
2014.07.01 14:41:57.559,1.95241,1.95286,1.19,1.24
2014.07.01 14:41:57.610,1.95241,1.95286,1.69,1.15
2014.07.01 14:41:57.817,1.95248,1.95289,1.00,1.27
2014.07.01 14:41:57.868,1.95248,1.95289,1.19,1.00
2014.07.01 14:41:57.918,1.95259,1.95289,1.00,1.00
2014.07.01 14:41:58.019,1.95261,1.95308,1.00,1.87
2014.07.01 14:41:58.070,1.95261,1.95309,1.19,1.97
2014.07.01 14:41:58.373,1.95256,1.95296,1.19,1.00
2014.07.01 14:41:58.474,1.95256,1.95298,1.19,1.00
2014.07.01 14:41:58.617,1.95243,1.95284,1.19,1.00
2014.07.01 14:41:58.921,1.95242,1.95285,1.19,1.00
2014.07.01 14:41:59.884,1.95252,1.95285,1.19,1.00
2014.07.01 14:41:59.985,1.95252,1.95291,1.19,1.10
2014.07.01 14:42:00.348,1.95251,1.95288,1.19,1.00
2014.07.01 14:42:00.671,1.95252,1.95294,1.19,1.00
2014.07.01 14:42:01.186,1.95251,1.95294,2.59,1.00
2014.07.01 14:42:01.514,1.95251,1.95289,1.84,1.00
2014.07.01 14:42:01.665,1.95252,1.95294,1.39,1.00
2014.07.01 14:42:01.716,1.95255,1.95298,1.34,1.69
2014.07.01 14:42:01.767,1.95255,1.95298,1.39,1.69
2014.07.01 14:42:02.185,1.95252,1.95297,1.29,1.19
2014.07.01 14:42:02.235,1.95256,1.95297,1.19,1.00
2014.07.01 14:42:02.387,1.95261,1.95306,1.69,1.19
2014.07.01 14:42:02.444,1.95272,1.95306,1.00,1.19
2014.07.01 14:42:02.657,1.95262,1.95306,1.19,1.19
2014.07.01 14:42:02.710,1.95262,1.95296,1.19,1.00
2014.07.01 14:42:03.136,1.95261,1.95306,1.00,1.10
2014.07.01 14:42:03.187,1.95272,1.95306,1.00,1.00
2014.07.01 14:42:03.753,1.95271,1.95306,1.00,1.00
2014.07.01 14:42:03.823,1.95262,1.95306,1.19,1.00
2014.07.01 14:42:04.114,1.95262,1.95301,1.19,1.00
2014.07.01 14:42:04.468,1.95261,1.95295,1.19,1.00
2014.07.01 14:42:04.518,1.95261,1.95295,1.00,1.00
2014.07.01 14:42:04.582,1.95261,1.95288,1.00,1.00
2014.07.01 14:42:04.633,1.95252,1.95288,1.27,1.00
2014.07.01 14:42:04.684,1.95252,1.95283,1.27,1.00
2014.07.01 14:42:04.785,1.95252,1.95286,1.00,1.00
2014.07.01 14:42:05.145,1.95245,1.95286,1.19,1.00
2014.07.01 14:42:05.229,1.95245,1.95286,1.19,1.19
2014.07.01 14:42:05.550,1.95252,1.95278,1.00,1.00
2014.07.01 14:42:05.764,1.95262,1.95308,1.00,1.79
2014.07.01 14:42:05.816,1.95252,1.95299,1.39,1.23
2014.07.01 14:42:05.917,1.95251,1.95299,1.64,1.23
2014.07.01 14:42:06.049,1.95251,1.95299,1.19,1.23
2014.07.01 14:42:06.100,1.95251,1.95299,1.19,1.23
2014.07.01 14:42:06.201,1.95251,1.95299,1.19,1.92
2014.07.01 14:42:06.716,1.95251,1.95299,1.37,1.92
2014.07.01 14:42:07.020,1.95252,1.95299,1.25,1.87
2014.07.01 14:42:07.322,1.95242,1.95292,1.19,1.87
2014.07.01 14:42:07.374,1.95251,1.95292,1.00,1.87
2014.07.01 14:42:07.425,1.95251,1.95292,1.00,1.87
2014.07.01 14:42:07.576,1.95246,1.95288,1.19,1.00
2014.07.01 14:42:07.627,1.95245,1.95288,1.19,1.60
2014.07.01 14:42:07.728,1.95245,1.95288,1.77,1.00
2014.07.01 14:42:07.880,1.95252,1.95291,1.00,1.00
2014.07.01 14:42:08.031,1.95262,1.95291,1.00,1.00
2014.07.01 14:42:08.134,1.95252,1.95291,1.00,1.00
2014.07.01 14:42:08.592,1.95251,1.95291,1.19,1.00
2014.07.01 14:42:09.185,1.95251,1.95288,1.19,1.00
2014.07.01 14:42:09.621,1.95251,1.95286,1.00,1.00
2014.07.01 14:42:09.672,1.95242,1.95286,1.19,1.00
2014.07.01 14:42:09.776,1.95242,1.9527,1.00,1.00
2014.07.01 14:42:09.929,1.95241,1.95272,1.00,1.00
2014.07.01 14:42:10.081,1.95231,1.95272,1.19,1.00
2014.07.01 14:42:10.335,1.9523,1.95269,1.19,1.00
2014.07.01 14:42:10.694,1.95237,1.95278,1.25,1.19
2014.07.01 14:42:10.897,1.95237,1.95279,1.19,1.00
2014.07.01 14:42:11.200,1.95228,1.95264,1.19,1.00
2014.07.01 14:42:11.614,1.95222,1.95265,1.69,1.00
2014.07.01 14:42:11.715,1.95222,1.95259,1.19,1.00
2014.07.01 14:42:12.603,1.95222,1.95258,1.19,1.00
2014.07.01 14:42:12.706,1.95215,1.95258,1.19,1.00
2014.07.01 14:42:13.814,1.95222,1.95259,1.25,1.00
2014.07.01 14:42:14.362,1.95215,1.95258,1.19,1.00
2014.07.01 14:42:14.952,1.95213,1.95257,1.29,1.00
2014.07.01 14:42:15.643,1.95214,1.95259,1.19,1.50
2014.07.01 14:42:15.794,1.95216,1.95258,1.19,1.00
2014.07.01 14:42:16.133,1.95221,1.95261,1.19,1.00
2014.07.01 14:42:16.886,1.95221,1.95261,1.19,1.00
2014.07.01 14:42:17.457,1.95217,1.95258,1.19,1.00
2014.07.01 14:42:17.913,1.95222,1.95262,1.19,1.10
2014.07.01 14:42:18.215,1.95222,1.95264,1.19,1.25
2014.07.01 14:42:18.393,1.95222,1.95261,1.19,1.00
2014.07.01 14:42:18.928,1.95221,1.95261,1.29,1.00
2014.07.01 14:42:19.624,1.95222,1.9526,1.19,1.00
2014.07.01 14:42:19.937,1.95215,1.95257,1.34,1.00
2014.07.01 14:42:20.138,1.95223,1.95267,1.00,1.19
2014.07.01 14:42:20.652,1.95223,1.95267,1.08,1.19
2014.07.01 14:42:20.703,1.95223,1.95267,1.15,1.19
2014.07.01 14:42:21.006,1.95234,1.95272,1.00,1.19
2014.07.01 14:42:21.057,1.95234,1.95277,1.00,1.19
2014.07.01 14:42:21.752,1.95235,1.95279,1.00,1.77
2014.07.01 14:42:23.016,1.95234,1.95277,1.00,1.19
2014.07.01 14:42:23.626,1.95234,1.95269,1.00,1.00
2014.07.01 14:42:23.898,1.95232,1.95269,1.00,1.00
2014.07.01 14:42:25.767,1.95233,1.95276,1.00,1.34
2014.07.01 14:42:26.372,1.95233,1.95275,1.00,1.37
2014.07.01 14:42:26.592,1.95241,1.95275,1.00,1.37
2014.07.01 14:42:27.367,1.95242,1.95275,1.00,1.37
2014.07.01 14:42:28.712,1.95242,1.95267,1.00,1.00
2014.07.01 14:42:29.372,1.95241,1.95267,1.00,1.00
2014.07.01 14:42:30.058,1.95242,1.95267,1.00,1.00
2014.07.01 14:42:30.802,1.95241,1.95267,1.00,1.00
2014.07.01 14:42:31.572,1.95241,1.95278,1.00,1.84
2014.07.01 14:42:32.203,1.95241,1.95277,1.00,1.34
2014.07.01 14:42:32.345,1.95233,1.95277,1.00,1.34
2014.07.01 14:42:32.896,1.95242,1.95276,1.00,1.34
2014.07.01 14:42:33.225,1.95233,1.95276,1.00,1.34
2014.07.01 14:42:33.664,1.95241,1.95276,1.00,1.34
2014.07.01 14:42:33.996,1.95233,1.95276,1.00,1.34
2014.07.01 14:42:35.222,1.95233,1.95273,1.00,1.29
2014.07.01 14:42:36.249,1.95233,1.95275,1.00,1.37
2014.07.01 14:42:36.304,1.95241,1.95275,1.00,1.37
2014.07.01 14:42:36.862,1.95242,1.95275,1.00,1.37
2014.07.01 14:42:37.473,1.95242,1.95278,1.00,1.19
2014.07.01 14:42:37.524,1.95252,1.95278,1.00,1.19
2014.07.01 14:42:37.574,1.95252,1.95285,1.00,1.34
2014.07.01 14:42:38.613,1.95251,1.95282,1.00,1.19
2014.07.01 14:42:39.198,1.95251,1.95282,1.00,1.19
2014.07.01 14:42:39.822,1.95242,1.95282,1.00,1.19
2014.07.01 14:42:40.673,1.95242,1.95285,1.00,1.27
2014.07.01 14:42:42.773,1.95242,1.95284,1.19,1.19
2014.07.01 14:42:42.823,1.9525,1.95288,1.00,1.77
2014.07.01 14:42:42.925,1.95248,1.95288,1.00,1.77
2014.07.01 14:42:43.076,1.95244,1.95288,1.00,1.69
2014.07.01 14:42:43.379,1.95246,1.95288,1.08,1.69
2014.07.01 14:42:43.631,1.95254,1.95297,1.08,1.19
2014.07.01 14:42:43.732,1.95252,1.95294,1.10,1.00
2014.07.01 14:42:43.834,1.95261,1.95294,1.00,1.00
2014.07.01 14:42:44.356,1.95261,1.95299,1.00,1.27
2014.07.01 14:42:44.406,1.95253,1.95299,1.19,1.77
2014.07.01 14:42:44.622,1.95253,1.95296,1.00,1.19
2014.07.01 14:42:45.164,1.95252,1.95293,1.25,1.29
2014.07.01 14:42:45.562,1.9525,1.95289,1.19,1.00
2014.07.01 14:42:46.109,1.9525,1.95289,1.19,1.25
2014.07.01 14:42:46.707,1.9525,1.95289,1.25,1.00
2014.07.01 14:42:47.326,1.95251,1.95293,1.00,1.19
2014.07.01 14:42:47.713,1.95251,1.95293,1.19,1.00
2014.07.01 14:42:48.699,1.95251,1.95296,1.77,1.29
2014.07.01 14:42:48.755,1.95251,1.95296,1.84,1.19
2014.07.01 14:42:49.132,1.95262,1.95298,1.00,1.69
2014.07.01 14:42:49.434,1.95261,1.95298,1.00,1.19
2014.07.01 14:42:49.485,1.95264,1.95305,1.00,1.19
2014.07.01 14:42:49.536,1.95264,1.9531,1.19,1.19
2014.07.01 14:42:49.587,1.9527,1.95316,1.08,1.64
2014.07.01 14:42:49.638,1.95271,1.95317,1.15,1.99
2014.07.01 14:42:49.689,1.95282,1.95317,1.00,1.24
2014.07.01 14:42:49.991,1.95299,1.95317,1.00,1.05
2014.07.01 14:42:50.093,1.95305,1.95319,1.00,1.00
2014.07.01 14:42:50.206,1.95308,1.95319,1.00,1.00
2014.07.01 14:42:50.257,1.95321,1.95348,1.00,1.00
2014.07.01 14:42:50.359,1.95321,1.95363,1.00,1.00
2014.07.01 14:42:50.410,1.95321,1.95363,1.13,1.00
2014.07.01 14:42:50.511,1.95321,1.95364,1.58,1.08
2014.07.01 14:42:50.562,1.95331,1.95364,1.00,1.18
2014.07.01 14:42:50.613,1.95331,1.95364,1.00,1.10
2014.07.01 14:42:50.714,1.95331,1.9537,1.25,1.27
2014.07.01 14:42:50.765,1.95331,1.95366,1.25,1.00
2014.07.01 14:42:51.067,1.95333,1.95368,1.00,1.00
2014.07.01 14:42:51.168,1.95335,1.95379,1.19,1.25
2014.07.01 14:42:51.370,1.95335,1.95379,1.19,1.33
2014.07.01 14:42:51.626,1.95336,1.95379,1.19,1.25
2014.07.01 14:42:51.677,1.9534,1.95379,1.00,1.25
2014.07.01 14:42:51.980,1.95341,1.95379,1.19,1.00
2014.07.01 14:42:52.131,1.95342,1.95386,1.19,1.29
2014.07.01 14:42:52.233,1.95341,1.95378,1.19,1.00
2014.07.01 14:42:52.587,1.95337,1.95378,1.19,1.33
2014.07.01 14:42:52.637,1.95332,1.95371,1.69,1.00
2014.07.01 14:42:52.944,1.95332,1.95369,1.19,1.00
2014.07.01 14:42:53.931,1.9533,1.95369,1.69,1.00
2014.07.01 14:42:54.062,1.95332,1.95375,1.19,1.02
2014.07.01 14:42:54.253,1.95332,1.95375,1.19,1.09
2014.07.01 14:42:54.602,1.95332,1.95374,1.19,1.15
2014.07.01 14:42:54.973,1.95332,1.95367,1.19,1.00
2014.07.01 14:42:55.023,1.95332,1.95367,1.00,1.00
2014.07.01 14:42:55.074,1.95332,1.95356,1.00,1.00
2014.07.01 14:42:55.175,1.95314,1.9535,1.27,1.00
2014.07.01 14:42:55.226,1.95311,1.9535,1.25,1.08
2014.07.01 14:42:55.276,1.95311,1.95342,1.25,1.00
2014.07.01 14:42:55.579,1.95301,1.9532,1.00,1.08
2014.07.01 14:42:55.629,1.95272,1.95303,1.00,1.00
2014.07.01 14:42:55.730,1.95272,1.95302,1.00,1.08
2014.07.01 14:42:55.831,1.95261,1.95302,1.00,1.45
2014.07.01 14:42:55.882,1.95261,1.95302,1.00,1.75
2014.07.01 14:42:56.033,1.95261,1.95301,1.00,1.27
2014.07.01 14:42:56.134,1.95261,1.95301,1.00,1.19
2014.07.01 14:42:56.387,1.95263,1.95306,1.00,1.69
2014.07.01 14:42:56.693,1.95271,1.95306,1.00,1.69
2014.07.01 14:42:56.996,1.95282,1.95312,1.00,1.19
2014.07.01 14:42:57.046,1.95282,1.95312,1.00,1.19
2014.07.01 14:42:57.704,1.95282,1.95323,1.00,1.19
2014.07.01 14:42:57.806,1.95291,1.95323,1.00,1.19
2014.07.01 14:42:58.125,1.95291,1.95312,1.00,1.00
2014.07.01 14:42:58.177,1.95282,1.95312,1.19,1.00
2014.07.01 14:42:58.279,1.95282,1.95313,1.00,1.00
2014.07.01 14:42:58.675,1.95281,1.95311,1.00,1.00
2014.07.01 14:42:59.663,1.95281,1.95314,1.00,1.19
2014.07.01 14:43:00.259,1.95282,1.95316,1.00,1.19
2014.07.01 14:43:00.351,1.95282,1.95316,1.00,1.00
2014.07.01 14:43:00.553,1.95282,1.95316,1.00,1.19
2014.07.01 14:43:00.856,1.95281,1.95309,1.00,1.00
2014.07.01 14:43:01.629,1.95282,1.95309,1.00,1.00
2014.07.01 14:43:01.931,1.95282,1.95316,1.08,1.19
2014.07.01 14:43:01.982,1.95282,1.95318,1.08,1.19
2014.07.01 14:43:02.083,1.95282,1.95318,1.15,1.19
2014.07.01 14:43:02.871,1.95281,1.95318,1.20,1.00
2014.07.01 14:43:03.190,1.95281,1.95324,1.95,1.19
2014.07.01 14:43:03.371,1.95291,1.95324,1.00,1.19
2014.07.01 14:43:03.674,1.95302,1.95337,1.00,1.19
2014.07.01 14:43:03.977,1.95311,1.95343,1.00,1.19
2014.07.01 14:43:04.129,1.95311,1.95351,1.00,1.49
2014.07.01 14:43:04.281,1.95314,1.95351,1.00,1.19
2014.07.01 14:43:04.584,1.95324,1.95351,1.00,1.19
2014.07.01 14:43:04.634,1.95324,1.95358,1.00,1.37
2014.07.01 14:43:04.735,1.95324,1.95358,1.00,1.00
2014.07.01 14:43:04.804,1.95324,1.95367,1.00,1.34
2014.07.01 14:43:05.308,1.95325,1.95367,1.00,1.19
2014.07.01 14:43:05.580,1.95341,1.95367,1.00,1.19
2014.07.01 14:43:05.630,1.95341,1.95369,1.00,1.19
2014.07.01 14:43:05.782,1.95331,1.95369,1.00,1.00
2014.07.01 14:43:05.935,1.95332,1.9536,1.00,1.00
2014.07.01 14:43:06.055,1.95332,1.95364,1.00,1.25
2014.07.01 14:43:06.156,1.95332,1.95361,1.00,1.00
2014.07.01 14:43:06.345,1.95321,1.95361,1.19,1.00
2014.07.01 14:43:06.396,1.95321,1.95357,1.19,1.00
2014.07.01 14:43:06.447,1.95321,1.95357,1.00,1.00
2014.07.01 14:43:06.548,1.95332,1.95358,1.00,1.00
2014.07.01 14:43:06.649,1.95332,1.95362,1.00,1.00
2014.07.01 14:43:06.700,1.95332,1.95377,1.00,2.44
2014.07.01 14:43:06.802,1.95332,1.95376,1.00,1.27
2014.07.01 14:43:07.824,1.95332,1.95373,1.00,1.34
2014.07.01 14:43:08.879,1.95332,1.95373,1.00,1.19
2014.07.01 14:43:09.405,1.95331,1.95371,1.25,1.25
2014.07.01 14:43:09.953,1.95332,1.95373,1.00,1.19
2014.07.01 14:43:10.291,1.95332,1.95368,1.00,1.00
2014.07.01 14:43:10.594,1.95323,1.95363,1.29,1.00
2014.07.01 14:43:10.745,1.95325,1.95369,1.19,1.00
2014.07.01 14:43:10.964,1.95327,1.95368,1.00,1.19
2014.07.01 14:43:11.065,1.95332,1.95371,1.00,1.19
2014.07.01 14:43:11.282,1.95327,1.95369,1.00,1.19
2014.07.01 14:43:11.810,1.95327,1.95369,1.08,1.19
2014.07.01 14:43:12.713,1.95324,1.95368,1.34,1.19
2014.07.01 14:43:12.764,1.95324,1.95368,1.27,1.19
2014.07.01 14:43:13.017,1.95324,1.95368,1.19,1.25
2014.07.01 14:43:13.268,1.95322,1.95365,1.69,1.00
2014.07.01 14:43:13.573,1.95321,1.95363,1.19,1.50
2014.07.01 14:43:13.882,1.95321,1.95358,1.00,1.15
2014.07.01 14:43:14.626,1.95322,1.95358,1.00,1.15
2014.07.01 14:43:14.777,1.95322,1.95358,1.00,1.00
2014.07.01 14:43:15.468,1.95321,1.95358,1.00,1.00
2014.07.01 14:43:15.994,1.95322,1.95358,1.00,1.00
2014.07.01 14:43:16.623,1.95321,1.95358,1.00,1.00
2014.07.01 14:43:17.361,1.95331,1.95363,1.00,1.19
2014.07.01 14:43:17.942,1.95332,1.95366,1.00,1.19
2014.07.01 14:43:18.044,1.95332,1.95366,1.00,1.19
2014.07.01 14:43:18.103,1.95323,1.95366,1.25,1.19
2014.07.01 14:43:19.187,1.95322,1.95364,1.19,1.25
2014.07.01 14:43:20.058,1.95322,1.95364,1.19,1.25
2014.07.01 14:43:20.405,1.95331,1.95368,1.00,1.19
2014.07.01 14:43:20.506,1.95325,1.95368,1.25,1.69
2014.07.01 14:43:20.556,1.95325,1.95368,1.33,1.69
2014.07.01 14:43:20.879,1.95332,1.95372,1.00,1.19
2014.07.01 14:43:21.081,1.95332,1.95369,1.00,1.00
2014.07.01 14:43:22.706,1.95332,1.9537,1.00,1.25
2014.07.01 14:43:22.857,1.95332,1.95368,1.00,1.00
2014.07.01 14:43:23.049,1.95332,1.95374,1.00,1.19
2014.07.01 14:43:23.150,1.95342,1.95373,1.00,1.19
2014.07.01 14:43:23.654,1.95341,1.9537,1.00,1.25
2014.07.01 14:43:24.191,1.95342,1.9537,1.00,1.00
2014.07.01 14:43:24.654,1.95332,1.9537,1.19,1.00
2014.07.01 14:43:24.861,1.95341,1.95373,1.00,1.19
2014.07.01 14:43:25.297,1.95341,1.95373,1.00,1.19
2014.07.01 14:43:25.348,1.95332,1.95368,1.00,1.00
2014.07.01 14:43:25.499,1.95332,1.95365,1.00,1.00
2014.07.01 14:43:25.752,1.95352,1.95386,1.00,1.54
2014.07.01 14:43:25.803,1.95352,1.95386,1.00,1.54
2014.07.01 14:43:26.106,1.95341,1.95381,1.00,1.19
2014.07.01 14:43:26.626,1.95342,1.95381,1.00,1.19
2014.07.01 14:43:27.253,1.95342,1.95376,1.00,1.27
2014.07.01 14:43:27.582,1.95342,1.95371,1.00,1.57
2014.07.01 14:43:27.784,1.95341,1.9537,1.00,1.64
2014.07.01 14:43:27.835,1.95331,1.9537,1.00,1.64
2014.07.01 14:43:27.886,1.95331,1.9537,1.00,1.34
2014.07.01 14:43:28.226,1.95332,1.95372,1.00,1.64
2014.07.01 14:43:28.327,1.95332,1.95371,1.00,1.64
2014.07.01 14:43:28.429,1.95331,1.95367,1.00,1.08
2014.07.01 14:43:29.072,1.95332,1.95372,1.00,1.94
2014.07.01 14:43:29.604,1.95341,1.95372,1.00,1.75
2014.07.01 14:43:29.755,1.95341,1.95384,1.00,1.19
2014.07.01 14:43:29.856,1.95339,1.95384,1.00,1.19
2014.07.01 14:43:29.957,1.95332,1.95373,1.27,1.00
2014.07.01 14:43:30.260,1.95341,1.95371,1.00,1.40
2014.07.01 14:43:30.411,1.95331,1.95363,1.25,1.00
2014.07.01 14:43:30.512,1.95331,1.95363,1.25,1.15
2014.07.01 14:43:31.166,1.95332,1.95359,1.00,1.27
2014.07.01 14:43:32.132,1.95321,1.95358,1.00,1.02
2014.07.01 14:43:32.770,1.95321,1.95358,1.00,1.29
2014.07.01 14:43:33.143,1.95326,1.95363,1.00,1.34
2014.07.01 14:43:33.753,1.95326,1.95364,1.00,1.34
2014.07.01 14:43:34.293,1.95326,1.95364,1.00,1.64
2014.07.01 14:43:34.758,1.95326,1.95365,1.00,1.94
2014.07.01 14:43:35.882,1.95321,1.95359,1.00,1.39
2014.07.01 14:43:37.302,1.95322,1.95354,1.00,1.18
2014.07.01 14:43:37.546,1.95322,1.95353,1.00,1.15
2014.07.01 14:43:37.647,1.95311,1.95349,1.00,1.08
2014.07.01 14:43:38.511,1.95321,1.95349,1.00,1.08
2014.07.01 14:43:38.952,1.95312,1.95349,1.00,1.27
2014.07.01 14:43:39.715,1.95312,1.95354,1.25,1.34
2014.07.01 14:43:39.866,1.95322,1.95358,1.00,1.77
2014.07.01 14:43:40.017,1.95322,1.95362,1.00,1.27
2014.07.01 14:43:40.068,1.95331,1.95362,1.00,1.27
2014.07.01 14:43:41.005,1.95331,1.95362,1.00,1.25
2014.07.01 14:43:41.594,1.95332,1.95362,1.00,1.25
2014.07.01 14:43:42.481,1.95332,1.95361,1.00,1.00
2014.07.01 14:43:42.801,1.95322,1.95361,1.25,1.00
2014.07.01 14:43:42.953,1.95322,1.95358,1.25,1.00
2014.07.01 14:43:43.655,1.95322,1.95358,1.00,1.19
2014.07.01 14:43:44.240,1.95322,1.95365,1.15,1.19
2014.07.01 14:43:44.341,1.95332,1.95365,1.00,1.19
2014.07.01 14:43:44.443,1.95332,1.95368,1.00,1.19
2014.07.01 14:43:44.644,1.95332,1.95374,1.19,1.00
2014.07.01 14:43:44.695,1.95335,1.95378,1.00,1.69
2014.07.01 14:43:45.015,1.95342,1.95386,1.00,1.69
2014.07.01 14:43:45.370,1.95351,1.95385,1.00,1.19
2014.07.01 14:43:45.952,1.95351,1.95388,1.00,1.19
2014.07.01 14:43:46.143,1.95362,1.95397,1.00,1.29
2014.07.01 14:43:46.953,1.95362,1.95401,1.00,1.19
2014.07.01 14:43:47.105,1.95362,1.95401,1.00,1.25
2014.07.01 14:43:47.610,1.95361,1.95402,1.00,1.19
2014.07.01 14:43:47.881,1.95361,1.95395,1.00,1.00
2014.07.01 14:43:48.183,1.95371,1.95395,1.00,1.00
2014.07.01 14:43:48.234,1.95371,1.95405,1.00,1.27
2014.07.01 14:43:48.385,1.95371,1.95405,1.00,1.00
2014.07.01 14:43:48.436,1.95371,1.95407,1.00,1.00
2014.07.01 14:43:48.632,1.95371,1.95402,1.00,1.00
2014.07.01 14:43:48.942,1.95362,1.95394,1.19,1.00
2014.07.01 14:43:48.992,1.95362,1.95398,1.19,1.00
2014.07.01 14:43:49.312,1.95361,1.954,1.00,1.00
2014.07.01 14:43:49.816,1.95361,1.95405,1.50,1.19
2014.07.01 14:43:49.931,1.95371,1.95405,1.00,1.19
2014.07.01 14:43:50.206,1.95371,1.95407,1.00,1.19
2014.07.01 14:43:50.821,1.95372,1.95406,1.00,1.19
2014.07.01 14:43:51.225,1.95372,1.95406,1.00,1.00
2014.07.01 14:43:52.390,1.95371,1.95407,1.00,1.00
2014.07.01 14:43:53.024,1.95372,1.95407,1.00,1.00
2014.07.01 14:43:53.184,1.95372,1.95409,1.00,1.00
2014.07.01 14:43:53.386,1.95366,1.95409,1.19,1.50
2014.07.01 14:43:53.543,1.95363,1.95403,1.19,1.00
2014.07.01 14:43:53.847,1.95372,1.95406,1.19,1.00
2014.07.01 14:43:54.161,1.95371,1.95403,1.19,1.00
2014.07.01 14:43:54.662,1.95371,1.95404,1.19,1.00
2014.07.01 14:43:54.712,1.95371,1.95406,1.19,1.00
2014.07.01 14:43:54.814,1.95381,1.95406,1.00,1.00
2014.07.01 14:43:54.891,1.95371,1.95406,1.69,1.00
2014.07.01 14:43:55.157,1.95371,1.95402,1.69,1.00
2014.07.01 14:43:55.815,1.95371,1.95402,1.19,1.00
2014.07.01 14:43:55.934,1.95371,1.95399,1.19,1.00
2014.07.01 14:43:56.136,1.95372,1.95402,1.19,1.00
2014.07.01 14:43:56.237,1.95382,1.95414,1.00,1.15
2014.07.01 14:43:56.389,1.95382,1.95414,1.00,1.00
2014.07.01 14:43:59.081,1.95382,1.95403,1.00,1.00
2014.07.01 14:43:59.321,1.95371,1.95403,1.29,1.00
2014.07.01 14:44:00.091,1.95382,1.95403,1.00,1.00
2014.07.01 14:44:00.215,1.95382,1.95413,1.00,1.00
2014.07.01 14:44:00.542,1.95392,1.95413,1.00,1.00
2014.07.01 14:44:00.693,1.95381,1.95404,1.00,1.00
2014.07.01 14:44:00.844,1.95381,1.95402,1.00,1.00
2014.07.01 14:44:00.996,1.95371,1.95399,1.37,1.00
2014.07.01 14:44:01.108,1.95371,1.95397,1.18,1.00
2014.07.01 14:44:01.259,1.95371,1.95395,1.10,1.00
2014.07.01 14:44:01.352,1.95371,1.95395,1.08,1.00
2014.07.01 14:44:01.459,1.95362,1.95393,1.69,1.00
2014.07.01 14:44:01.568,1.95362,1.95393,1.34,1.00
2014.07.01 14:44:02.065,1.95362,1.95393,1.19,1.00
2014.07.01 14:44:02.297,1.95362,1.9539,1.19,1.00
2014.07.01 14:44:02.601,1.95342,1.9537,1.00,1.00
2014.07.01 14:44:02.652,1.95337,1.9537,1.19,1.00
2014.07.01 14:44:02.753,1.95332,1.95367,1.19,1.00
2014.07.01 14:44:02.854,1.95342,1.95365,1.00,1.00
2014.07.01 14:44:02.955,1.95342,1.95368,1.00,1.00
2014.07.01 14:44:03.078,1.95331,1.95374,1.50,1.09
2014.07.01 14:44:03.179,1.95331,1.9537,1.00,1.00
2014.07.01 14:44:03.487,1.95332,1.95362,1.00,1.00
2014.07.01 14:44:03.816,1.95331,1.95357,1.00,1.00
2014.07.01 14:44:03.867,1.95322,1.95357,1.00,1.00
2014.07.01 14:44:03.968,1.9533,1.95368,1.00,1.84
2014.07.01 14:44:04.070,1.95325,1.95368,1.00,1.84
2014.07.01 14:44:04.121,1.95325,1.95368,1.25,1.08
2014.07.01 14:44:04.171,1.95331,1.95372,1.00,1.34
2014.07.01 14:44:04.222,1.95331,1.95372,1.00,1.19
2014.07.01 14:44:04.403,1.95331,1.95381,1.69,1.34
2014.07.01 14:44:05.272,1.95341,1.95381,1.00,1.62
2014.07.01 14:44:05.525,1.95341,1.95382,1.25,1.00
2014.07.01 14:44:05.727,1.95341,1.95376,1.25,1.00
2014.07.01 14:44:06.231,1.95342,1.95375,1.00,1.00
2014.07.01 14:44:06.542,1.95342,1.95373,1.00,1.00
2014.07.01 14:44:07.047,1.95342,1.95375,1.00,1.00
2014.07.01 14:44:07.103,1.95332,1.95375,1.19,1.00
2014.07.01 14:44:07.684,1.95331,1.95376,1.29,1.00
2014.07.01 14:44:08.141,1.95342,1.95376,1.00,1.00
2014.07.01 14:44:08.444,1.95351,1.95382,1.00,1.00
2014.07.01 14:44:08.746,1.95352,1.95379,1.00,1.00
2014.07.01 14:44:08.897,1.95351,1.95382,1.00,1.00
2014.07.01 14:44:09.464,1.95352,1.95384,1.00,1.19
2014.07.01 14:44:09.980,1.95352,1.95384,1.00,1.00
2014.07.01 14:44:10.484,1.95352,1.95385,1.00,1.00
2014.07.01 14:44:10.624,1.95342,1.95385,1.19,1.00
2014.07.01 14:44:10.907,1.95344,1.95387,1.19,1.00
2014.07.01 14:44:11.012,1.95346,1.95389,1.25,1.00
2014.07.01 14:44:11.063,1.95351,1.9539,1.00,1.25
2014.07.01 14:44:11.521,1.9535,1.95389,1.19,1.00
2014.07.01 14:44:11.622,1.95351,1.95395,1.27,1.00
2014.07.01 14:44:11.673,1.95356,1.95399,1.00,1.25
2014.07.01 14:44:11.889,1.95359,1.95399,1.00,1.25
2014.07.01 14:44:12.217,1.95359,1.95399,1.19,1.00
2014.07.01 14:44:12.506,1.95354,1.95399,1.34,1.50
2014.07.01 14:44:12.557,1.95351,1.9539,1.69,1.00
2014.07.01 14:44:12.658,1.95352,1.9539,1.37,1.00
2014.07.01 14:44:13.422,1.9536,1.95398,1.00,1.00
2014.07.01 14:44:13.524,1.95356,1.95398,1.29,1.00
2014.07.01 14:44:13.625,1.95368,1.95398,1.00,1.00
2014.07.01 14:44:13.827,1.95365,1.95408,1.45,1.19
2014.07.01 14:44:14.079,1.95362,1.95399,1.15,1.00
2014.07.01 14:44:14.180,1.95357,1.95399,1.37,1.00
2014.07.01 14:44:14.610,1.95357,1.95399,1.19,1.00
2014.07.01 14:44:15.617,1.95357,1.95399,1.19,1.00
2014.07.01 14:44:16.141,1.95355,1.95398,1.19,1.50
2014.07.01 14:44:16.487,1.95352,1.95392,1.77,1.00
2014.07.01 14:44:16.537,1.95352,1.95392,1.02,1.00
2014.07.01 14:44:16.588,1.95348,1.95389,1.34,1.00
2014.07.01 14:44:17.334,1.95351,1.9539,1.19,1.00
2014.07.01 14:44:17.384,1.95351,1.95395,1.19,1.00
2014.07.01 14:44:17.486,1.95351,1.95392,1.19,1.00
2014.07.01 14:44:17.883,1.95348,1.95388,1.34,1.00
2014.07.01 14:44:18.135,1.95352,1.95394,1.25,1.00
2014.07.01 14:44:18.287,1.95354,1.95398,1.00,1.19
2014.07.01 14:44:18.627,1.95354,1.95398,1.19,1.00
2014.07.01 14:44:19.013,1.95351,1.95388,1.77,1.00
2014.07.01 14:44:19.064,1.95351,1.95388,1.00,1.00
2014.07.01 14:44:19.697,1.95345,1.95389,1.19,1.10
2014.07.01 14:44:19.932,1.95343,1.95386,1.19,1.00
2014.07.01 14:44:20.241,1.95338,1.95378,1.19,1.00
2014.07.01 14:44:20.745,1.95338,1.95379,1.19,1.00
2014.07.01 14:44:21.081,1.95336,1.95379,1.19,1.00
2014.07.01 14:44:21.334,1.95333,1.95368,1.19,1.00
2014.07.01 14:44:22.176,1.95325,1.95368,1.34,1.00
2014.07.01 14:44:23.082,1.95332,1.9537,1.00,1.00
2014.07.01 14:44:23.160,1.95332,1.95372,1.00,1.25
2014.07.01 14:44:23.211,1.95332,1.95372,1.00,1.19
2014.07.01 14:44:23.786,1.95332,1.95372,1.19,1.00
2014.07.01 14:44:23.837,1.95332,1.95375,1.19,1.00
2014.07.01 14:44:23.887,1.95342,1.95375,1.00,1.00
2014.07.01 14:44:23.938,1.95343,1.95385,1.00,1.19
2014.07.01 14:44:24.039,1.95343,1.95388,1.19,1.69
2014.07.01 14:44:24.201,1.95343,1.95388,1.19,1.69
2014.07.01 14:44:26.031,1.95342,1.95386,1.19,1.19
2014.07.01 14:44:27.148,1.95342,1.95386,1.19,1.25
2014.07.01 14:44:28.033,1.95341,1.95379,1.19,1.00
2014.07.01 14:44:28.541,1.9534,1.95379,1.19,1.50
2014.07.01 14:44:28.642,1.95335,1.95378,1.19,1.50
2014.07.01 14:44:28.693,1.95339,1.95378,1.00,1.08
2014.07.01 14:44:28.996,1.95333,1.95368,1.00,1.08
2014.07.01 14:44:29.147,1.95335,1.95378,1.00,1.18
2014.07.01 14:44:29.903,1.95341,1.95378,1.00,1.18
2014.07.01 14:44:31.520,1.95341,1.95381,1.00,1.19
2014.07.01 14:44:31.960,1.95344,1.95384,1.00,1.34
2014.07.01 14:44:32.162,1.95344,1.95387,1.19,1.34
2014.07.01 14:44:32.213,1.95348,1.95389,1.00,1.34
2014.07.01 14:44:32.515,1.95352,1.95392,1.00,1.19
2014.07.01 14:44:33.081,1.95351,1.95392,1.00,1.69
2014.07.01 14:44:33.550,1.95351,1.95392,1.00,1.19
2014.07.01 14:44:34.307,1.95352,1.95392,1.00,1.27
2014.07.01 14:44:34.872,1.95372,1.95396,1.00,1.00
2014.07.01 14:44:34.973,1.95372,1.95414,1.00,1.20
2014.07.01 14:44:35.074,1.95381,1.95418,1.00,1.34
2014.07.01 14:44:35.124,1.95381,1.95418,1.00,1.27
2014.07.01 14:44:35.175,1.95391,1.95418,1.00,1.08
2014.07.01 14:44:35.296,1.95391,1.95419,1.00,1.00
2014.07.01 14:44:35.347,1.95384,1.95419,1.00,1.00
2014.07.01 14:44:35.482,1.9539,1.95419,1.00,1.00
2014.07.01 14:44:35.921,1.95393,1.95419,1.00,1.00
2014.07.01 14:44:36.200,1.95393,1.95438,1.00,2.59
2014.07.01 14:44:36.412,1.95391,1.95428,1.00,1.00
2014.07.01 14:44:36.928,1.95389,1.95429,1.19,1.25
2014.07.01 14:44:37.589,1.95389,1.95429,1.19,1.00
2014.07.01 14:44:38.020,1.95389,1.95418,1.19,1.00
2014.07.01 14:44:38.351,1.95386,1.95428,1.19,1.00
2014.07.01 14:44:38.628,1.95386,1.95429,1.19,1.25
2014.07.01 14:44:39.164,1.95384,1.95419,1.19,1.00
2014.07.01 14:44:39.703,1.95382,1.95418,1.19,1.00
2014.07.01 14:44:39.754,1.95382,1.95418,1.25,1.00
2014.07.01 14:44:40.151,1.95375,1.95418,1.19,1.25
2014.07.01 14:44:41.122,1.95375,1.95418,1.19,1.00
2014.07.01 14:44:41.554,1.95375,1.95418,1.19,1.65
2014.07.01 14:44:41.721,1.95375,1.95418,1.19,1.84
2014.07.01 14:44:42.870,1.95381,1.95418,1.00,1.34
2014.07.01 14:44:44.849,1.95375,1.95418,1.19,1.65
2014.07.01 14:44:44.900,1.95375,1.95418,1.00,1.84
2014.07.01 14:44:45.408,1.95372,1.95417,1.69,1.37
2014.07.01 14:44:45.522,1.95372,1.95412,1.19,1.00
2014.07.01 14:44:45.623,1.95374,1.95417,1.25,1.37
2014.07.01 14:44:45.875,1.95374,1.95409,1.00,1.00
2014.07.01 14:44:45.976,1.95372,1.95409,1.00,1.00
2014.07.01 14:44:46.152,1.95374,1.95408,1.00,1.00
2014.07.01 14:44:46.202,1.95374,1.95417,1.00,1.37
2014.07.01 14:44:47.077,1.95382,1.95417,1.00,1.37
2014.07.01 14:44:47.612,1.95382,1.95419,1.00,1.19
2014.07.01 14:44:47.814,1.95391,1.95419,1.00,1.19
2014.07.01 14:44:48.400,1.95381,1.95419,1.00,1.19
2014.07.01 14:44:48.803,1.95382,1.95422,1.00,1.19
2014.07.01 14:44:49.340,1.95382,1.95418,1.00,1.00
2014.07.01 14:44:50.148,1.95381,1.95417,1.00,1.00
2014.07.01 14:44:50.680,1.95382,1.95417,1.00,1.00
2014.07.01 14:44:50.808,1.95374,1.95417,1.25,1.19
2014.07.01 14:44:51.137,1.95381,1.9542,1.00,1.19
2014.07.01 14:44:51.746,1.95382,1.9542,1.00,1.19
2014.07.01 14:44:51.948,1.95373,1.95418,1.19,1.77
2014.07.01 14:44:52.127,1.95381,1.95418,1.00,1.27
2014.07.01 14:44:52.703,1.95381,1.95418,1.00,1.33
2014.07.01 14:44:52.804,1.95373,1.95418,1.19,1.77
2014.07.01 14:44:52.956,1.95372,1.95416,1.19,1.08
2014.07.01 14:44:53.741,1.95372,1.95414,1.19,1.37
2014.07.01 14:44:55.164,1.95371,1.9541,1.19,1.00
2014.07.01 14:44:55.670,1.95371,1.95407,1.19,1.00
2014.07.01 14:44:55.776,1.95371,1.95407,1.00,1.00
2014.07.01 14:44:56.141,1.95371,1.95414,1.00,1.37
2014.07.01 14:44:56.646,1.95372,1.95414,1.00,1.37
2014.07.01 14:44:56.798,1.95382,1.95418,1.00,1.08
2014.07.01 14:44:56.900,1.95381,1.95417,1.00,1.10
2014.07.01 14:44:57.203,1.95382,1.95425,1.00,1.34
2014.07.01 14:44:57.787,1.95381,1.95425,1.00,1.84
2014.07.01 14:44:58.352,1.95382,1.95425,1.00,1.84
2014.07.01 14:44:58.809,1.95383,1.95426,1.00,1.34
2014.07.01 14:45:00.218,1.95382,1.95424,1.00,1.34
2014.07.01 14:45:00.419,1.95375,1.95419,1.19,1.00
2014.07.01 14:45:01.041,1.95381,1.9542,1.19,1.00
2014.07.01 14:45:01.356,1.95381,1.9542,1.00,1.19
2014.07.01 14:45:01.928,1.95372,1.95417,1.19,1.02
2014.07.01 14:45:02.440,1.95372,1.95417,1.19,1.29
2014.07.01 14:45:02.743,1.95378,1.95419,1.00,1.19
2014.07.01 14:45:03.063,1.95381,1.95421,1.50,1.29
2014.07.01 14:45:03.366,1.95381,1.95423,1.00,1.37
2014.07.01 14:45:03.561,1.95377,1.95419,1.00,1.19
2014.07.01 14:45:04.114,1.95375,1.95418,1.19,1.77
2014.07.01 14:45:04.366,1.95372,1.95416,1.00,1.19
2014.07.01 14:45:05.020,1.95372,1.95411,1.00,1.00
2014.07.01 14:45:05.605,1.95372,1.95411,1.25,1.19
2014.07.01 14:45:06.212,1.95371,1.95409,1.19,1.00
2014.07.01 14:45:06.605,1.95371,1.95409,1.00,1.19
2014.07.01 14:45:06.930,1.95361,1.954,1.19,1.00
2014.07.01 14:45:07.262,1.95361,1.954,1.25,1.00
2014.07.01 14:45:07.890,1.95362,1.95395,1.00,1.19
2014.07.01 14:45:08.092,1.95352,1.95395,1.19,1.19
2014.07.01 14:45:08.892,1.95352,1.95391,1.19,1.00
2014.07.01 14:45:09.173,1.95352,1.95391,1.00,1.19
2014.07.01 14:45:09.679,1.95355,1.95396,1.00,1.34
2014.07.01 14:45:09.932,1.95354,1.95398,1.19,1.29
2014.07.01 14:45:10.422,1.95356,1.95399,1.25,1.39
2014.07.01 14:45:11.040,1.95354,1.95379,1.19,1.00
2014.07.01 14:45:11.183,1.95342,1.95378,1.19,1.00
2014.07.01 14:45:11.236,1.95341,1.95378,1.00,1.00
2014.07.01 14:45:11.387,1.95351,1.95386,1.00,1.34
2014.07.01 14:45:11.438,1.95351,1.95391,1.00,1.37
2014.07.01 14:45:11.640,1.95352,1.95396,1.00,1.34
2014.07.01 14:45:11.942,1.95351,1.95387,1.00,1.19
2014.07.01 14:45:12.144,1.95343,1.95389,1.19,1.34
2014.07.01 14:45:12.512,1.95342,1.95391,1.19,1.94
2014.07.01 14:45:13.248,1.95342,1.95389,1.19,1.69
2014.07.01 14:45:14.335,1.95342,1.95385,1.00,1.34
2014.07.01 14:45:14.876,1.95341,1.95385,1.00,1.34
2014.07.01 14:45:16.675,1.95341,1.95383,1.00,1.34
2014.07.01 14:45:17.797,1.95342,1.95383,1.00,1.84
2014.07.01 14:45:18.210,1.95335,1.95379,1.19,1.34
2014.07.01 14:45:18.313,1.95341,1.9538,1.00,1.34
2014.07.01 14:45:18.669,1.95335,1.95379,1.19,1.34
2014.07.01 14:45:18.871,1.95334,1.95377,1.25,1.27
2014.07.01 14:45:19.309,1.95341,1.95378,1.00,1.37
2014.07.01 14:45:19.900,1.95341,1.95379,1.00,1.34
2014.07.01 14:45:20.660,1.95333,1.95378,1.19,1.84
2014.07.01 14:45:20.912,1.95333,1.95378,1.00,2.59
2014.07.01 14:45:23.202,1.95333,1.95377,1.00,1.27
2014.07.01 14:45:23.516,1.95342,1.95377,1.00,1.27
2014.07.01 14:45:24.453,1.95342,1.95378,1.00,1.34
2014.07.01 14:45:25.433,1.95333,1.95377,1.00,1.37
2014.07.01 14:45:25.937,1.95326,1.95369,1.19,1.10
2014.07.01 14:45:26.728,1.95331,1.95371,1.00,1.37
2014.07.01 14:45:27.506,1.95331,1.95371,1.00,1.34
2014.07.01 14:45:27.607,1.95326,1.95369,1.19,1.34
2014.07.01 14:45:27.899,1.95324,1.95369,1.00,1.84
2014.07.01 14:45:28.422,1.95322,1.95366,1.00,1.27
2014.07.01 14:45:28.769,1.95322,1.95368,1.00,1.37
2014.07.01 14:45:29.343,1.95322,1.95363,1.00,1.34
2014.07.01 14:45:29.882,1.95321,1.95363,1.00,1.34
2014.07.01 14:45:30.386,1.95321,1.95367,1.50,1.34
2014.07.01 14:45:30.673,1.95327,1.95369,1.00,1.34
2014.07.01 14:45:30.871,1.95321,1.95359,1.00,1.00
2014.07.01 14:45:31.022,1.95321,1.95361,1.00,1.00
2014.07.01 14:45:31.125,1.95315,1.95359,1.00,1.00
2014.07.01 14:45:31.227,1.95313,1.95358,1.00,1.00
2014.07.01 14:45:31.354,1.95313,1.95348,1.00,1.00
2014.07.01 14:45:31.455,1.95304,1.95348,1.10,1.00
2014.07.01 14:45:31.560,1.95311,1.95349,1.00,1.00
2014.07.01 14:45:31.863,1.95311,1.95346,1.00,1.00
2014.07.01 14:45:32.181,1.95311,1.95342,1.00,1.00
2014.07.01 14:45:32.299,1.95311,1.95345,1.00,1.25
2014.07.01 14:45:32.851,1.95312,1.95335,1.00,1.00
2014.07.01 14:45:33.003,1.95312,1.9534,1.00,1.25
2014.07.01 14:45:33.871,1.95302,1.95342,1.00,1.19
2014.07.01 14:45:33.996,1.95302,1.95342,1.00,1.25
2014.07.01 14:45:34.401,1.95302,1.95336,1.00,1.19
2014.07.01 14:45:34.924,1.95301,1.95336,1.00,1.19
2014.07.01 14:45:35.593,1.95302,1.95341,1.00,1.19
2014.07.01 14:45:35.923,1.95296,1.95338,1.00,1.19
2014.07.01 14:45:36.028,1.95298,1.95338,1.00,1.19
2014.07.01 14:45:36.346,1.95301,1.9534,1.00,1.19
2014.07.01 14:45:36.396,1.95291,1.95335,1.00,1.25
2014.07.01 14:45:36.740,1.95294,1.95337,1.00,1.19
2014.07.01 14:45:37.401,1.95292,1.95334,1.00,1.00
2014.07.01 14:45:37.731,1.95302,1.95334,1.00,1.00
2014.07.01 14:45:39.329,1.95301,1.95334,1.00,1.25
2014.07.01 14:45:39.582,1.95292,1.95329,1.00,1.00
2014.07.01 14:45:39.709,1.95292,1.95325,1.00,1.00
2014.07.01 14:45:40.030,1.95292,1.95323,1.00,1.50
2014.07.01 14:45:40.546,1.95291,1.95323,1.00,1.50
2014.07.01 14:45:40.872,1.95291,1.9532,1.00,1.00
2014.07.01 14:45:40.923,1.95282,1.9532,1.00,1.00
2014.07.01 14:45:41.032,1.95281,1.95325,1.00,1.69
2014.07.01 14:45:41.083,1.95281,1.95325,1.00,1.69
2014.07.01 14:45:41.638,1.95281,1.95319,1.00,1.00
2014.07.01 14:45:42.739,1.95282,1.95319,1.00,1.00
2014.07.01 14:45:43.658,1.95281,1.95319,1.00,1.25
2014.07.01 14:45:44.000,1.95291,1.95319,1.00,1.25
2014.07.01 14:45:44.101,1.95282,1.95319,1.00,1.19
2014.07.01 14:45:44.203,1.95282,1.95314,1.00,1.00
2014.07.01 14:45:45.293,1.95281,1.95314,1.00,1.25
2014.07.01 14:45:45.829,1.95272,1.95314,1.00,1.25
2014.07.01 14:45:46.068,1.95281,1.95314,1.00,1.25
2014.07.01 14:45:46.270,1.95271,1.95314,1.00,1.19
2014.07.01 14:45:46.829,1.95272,1.95312,1.00,1.25
2014.07.01 14:45:47.113,1.95271,1.95312,1.00,1.19
2014.07.01 14:45:47.471,1.95271,1.95308,1.00,1.00
2014.07.01 14:45:47.774,1.95271,1.95306,1.00,1.00
2014.07.01 14:45:48.104,1.95282,1.9531,1.00,1.02
2014.07.01 14:45:48.469,1.95282,1.95305,1.00,1.00
2014.07.01 14:45:49.412,1.95272,1.95305,1.00,1.25
2014.07.01 14:45:50.009,1.95272,1.95304,1.00,1.00
2014.07.01 14:45:50.551,1.95271,1.95305,1.00,1.25
2014.07.01 14:45:50.652,1.95271,1.95302,1.00,1.00
2014.07.01 14:45:50.850,1.95271,1.95304,1.00,1.00
2014.07.01 14:45:51.282,1.95271,1.95303,1.00,1.19
2014.07.01 14:45:51.819,1.95272,1.95305,1.00,1.19
2014.07.01 14:45:51.970,1.95262,1.95296,1.00,1.00
2014.07.01 14:45:52.532,1.95261,1.95296,1.00,1.00
2014.07.01 14:45:52.726,1.95261,1.95294,1.00,1.00
2014.07.01 14:45:53.093,1.95261,1.95301,1.00,1.19
2014.07.01 14:45:53.620,1.95261,1.95296,1.00,1.00
2014.07.01 14:45:53.721,1.95261,1.953,1.00,1.00
2014.07.01 14:45:53.889,1.95271,1.953,1.00,1.00
2014.07.01 14:45:54.430,1.95271,1.95302,1.00,1.19
2014.07.01 14:45:55.691,1.95271,1.95304,1.00,1.19
2014.07.01 14:45:56.240,1.95272,1.95302,1.00,1.25
2014.07.01 14:45:56.746,1.95271,1.95308,1.00,1.69
2014.07.01 14:45:57.300,1.95272,1.95308,1.00,1.69
2014.07.01 14:45:58.292,1.95271,1.95303,1.00,1.19
2014.07.01 14:45:58.804,1.95272,1.95303,1.00,1.19
2014.07.01 14:45:59.420,1.95271,1.95307,1.00,1.19
2014.07.01 14:45:59.862,1.95281,1.95307,1.00,1.00
2014.07.01 14:45:59.913,1.95281,1.95315,1.00,1.69
2014.07.01 14:46:00.143,1.95271,1.95309,1.00,1.25
2014.07.01 14:46:00.859,1.95282,1.95309,1.00,1.25
2014.07.01 14:46:01.372,1.95282,1.95311,1.00,1.19
2014.07.01 14:46:01.637,1.95282,1.95311,1.00,1.00
2014.07.01 14:46:03.831,1.95282,1.95312,1.00,1.00
2014.07.01 14:46:04.337,1.95282,1.95311,1.00,1.00
2014.07.01 14:46:05.132,1.95281,1.95311,1.00,1.00
2014.07.01 14:46:05.644,1.95281,1.95311,1.00,1.19
2014.07.01 14:46:06.686,1.95271,1.95311,1.19,1.19
2014.07.01 14:46:06.872,1.95281,1.95311,1.00,1.19
2014.07.01 14:46:07.342,1.95271,1.95311,1.19,1.19
2014.07.01 14:46:07.870,1.95271,1.95309,1.19,1.00
2014.07.01 14:46:07.922,1.95282,1.95312,1.00,1.25
2014.07.01 14:46:08.291,1.95281,1.95318,1.00,1.25
2014.07.01 14:46:08.836,1.95282,1.9532,1.00,1.19
2014.07.01 14:46:09.376,1.95282,1.9532,1.00,1.00
2014.07.01 14:46:10.072,1.95281,1.9532,1.25,1.00
2014.07.01 14:46:10.309,1.95277,1.95318,1.27,1.00
2014.07.01 14:46:11.115,1.95281,1.9532,1.25,1.00
2014.07.01 14:46:11.652,1.95281,1.9532,1.19,1.25
2014.07.01 14:46:13.649,1.95275,1.95318,1.84,1.00
2014.07.01 14:46:14.085,1.95281,1.9532,1.19,1.25
2014.07.01 14:46:14.611,1.95281,1.9532,1.00,1.19
2014.07.01 14:46:16.620,1.95281,1.9532,1.00,1.19
2014.07.01 14:46:17.626,1.95281,1.9532,1.00,1.19
2014.07.01 14:46:19.135,1.95281,1.95317,1.00,1.00
2014.07.01 14:46:19.464,1.95273,1.95315,1.19,1.00
2014.07.01 14:46:19.565,1.95272,1.95315,1.19,1.19
2014.07.01 14:46:19.919,1.95272,1.95309,1.19,1.00
2014.07.01 14:46:20.262,1.95271,1.95307,1.19,1.00
2014.07.01 14:46:20.464,1.95271,1.95311,1.19,1.00
2014.07.01 14:46:20.760,1.95271,1.95311,1.19,1.00
2014.07.01 14:46:21.777,1.95272,1.95318,1.69,1.69
2014.07.01 14:46:22.782,1.95274,1.95319,1.19,1.77
2014.07.01 14:46:24.639,1.95271,1.95311,1.19,1.00
2014.07.01 14:46:24.950,1.95272,1.95315,1.19,1.25
2014.07.01 14:46:25.636,1.95281,1.95315,1.00,1.19
2014.07.01 14:46:25.858,1.95271,1.95315,1.69,1.19
2014.07.01 14:46:26.280,1.95282,1.95318,1.00,1.19
2014.07.01 14:46:26.663,1.95273,1.95318,1.25,1.69
2014.07.01 14:46:26.929,1.95276,1.95319,1.25,1.77
2014.07.01 14:46:27.080,1.95282,1.95319,1.00,1.19
2014.07.01 14:46:28.042,1.95273,1.95318,1.19,1.69
2014.07.01 14:46:28.594,1.95272,1.95316,1.29,1.00
2014.07.01 14:46:29.028,1.95281,1.95316,1.00,1.00
2014.07.01 14:46:29.452,1.95281,1.95313,1.00,1.00
2014.07.01 14:46:30.088,1.95282,1.95318,1.00,1.19
2014.07.01 14:46:30.189,1.95282,1.95318,1.00,1.19
2014.07.01 14:46:30.814,1.95281,1.95318,1.00,1.19
2014.07.01 14:46:32.004,1.95281,1.95317,1.00,1.25
2014.07.01 14:46:32.608,1.95281,1.95312,1.00,1.00
2014.07.01 14:46:32.970,1.95281,1.95309,1.00,1.00
2014.07.01 14:46:33.528,1.95281,1.9531,1.00,1.25
2014.07.01 14:46:33.869,1.95281,1.95308,1.00,1.00
2014.07.01 14:46:34.302,1.95281,1.9531,1.00,1.25
2014.07.01 14:46:34.998,1.95281,1.95312,1.00,1.25
2014.07.01 14:46:35.634,1.95282,1.95312,1.00,1.25
2014.07.01 14:46:35.937,1.95281,1.95319,1.00,1.19
2014.07.01 14:46:38.842,1.95291,1.95318,1.00,1.25
2014.07.01 14:46:39.824,1.95291,1.95319,1.00,1.25
2014.07.01 14:46:40.882,1.95291,1.95322,1.00,1.19
2014.07.01 14:46:41.848,1.95291,1.95319,1.00,1.00
2014.07.01 14:46:42.787,1.95282,1.95319,1.25,1.00
2014.07.01 14:46:43.398,1.95282,1.95319,1.00,1.19
2014.07.01 14:46:44.648,1.95291,1.95319,1.00,1.19
2014.07.01 14:46:45.094,1.95281,1.95319,1.00,1.19
2014.07.01 14:46:45.261,1.95281,1.95316,1.00,1.00
2014.07.01 14:46:45.821,1.95281,1.95317,1.00,1.00
2014.07.01 14:46:46.581,1.95292,1.95317,1.00,1.00
2014.07.01 14:46:46.879,1.95282,1.95317,1.00,1.00
2014.07.01 14:46:47.473,1.95282,1.95317,1.00,1.19
2014.07.01 14:46:47.997,1.95282,1.95317,1.00,1.00
2014.07.01 14:46:48.926,1.95282,1.95317,1.00,1.19
2014.07.01 14:46:49.254,1.95282,1.95312,1.00,1.00
2014.07.01 14:46:49.586,1.95281,1.95307,1.00,1.00
2014.07.01 14:46:50.318,1.95281,1.95308,1.00,1.00
2014.07.01 14:46:50.992,1.95282,1.95308,1.00,1.00
2014.07.01 14:46:55.172,1.95282,1.95308,1.00,1.19
2014.07.01 14:46:55.690,1.95281,1.95308,1.00,1.19
2014.07.01 14:46:56.119,1.95271,1.95308,1.00,1.19
2014.07.01 14:46:57.371,1.95281,1.95308,1.00,1.19
2014.07.01 14:46:58.098,1.95272,1.95308,1.00,1.19
2014.07.01 14:46:58.819,1.95271,1.95308,1.00,1.19
2014.07.01 14:46:59.530,1.95271,1.95308,1.00,1.19
2014.07.01 14:47:00.512,1.95264,1.95308,1.19,1.69
2014.07.01 14:47:01.360,1.95272,1.95308,1.00,1.19
2014.07.01 14:47:01.461,1.95264,1.95308,1.19,1.19
2014.07.01 14:47:01.682,1.95271,1.95308,1.00,1.19
2014.07.01 14:47:02.008,1.95264,1.95308,1.19,1.19
2014.07.01 14:47:02.236,1.95272,1.95308,1.00,1.19
2014.07.01 14:47:02.784,1.95271,1.95308,1.00,1.19
2014.07.01 14:47:03.121,1.95271,1.95304,1.00,1.00
2014.07.01 14:47:04.388,1.95271,1.95308,1.00,1.19
2014.07.01 14:47:04.947,1.95271,1.95308,1.00,1.19
2014.07.01 14:47:06.461,1.95271,1.95308,1.25,1.00
2014.07.01 14:47:07.070,1.95272,1.95308,1.00,1.00
2014.07.01 14:47:07.572,1.95271,1.95309,1.00,1.19
2014.07.01 14:47:07.689,1.95272,1.95302,1.00,1.00
2014.07.01 14:47:07.942,1.95282,1.95319,1.00,1.19
2014.07.01 14:47:08.144,1.95282,1.95303,1.00,1.00
2014.07.01 14:47:08.195,1.95271,1.95303,1.10,1.00
2014.07.01 14:47:08.296,1.95272,1.95303,1.00,1.19
2014.07.01 14:47:08.832,1.95261,1.95301,1.19,1.25
2014.07.01 14:47:10.531,1.95262,1.95307,1.19,1.19
2014.07.01 14:47:15.548,1.95262,1.95312,1.19,1.69
2014.07.01 14:47:15.866,1.95271,1.95312,1.00,1.19
2014.07.01 14:47:15.967,1.95271,1.95316,1.00,1.19
2014.07.01 14:47:17.031,1.95271,1.95316,1.29,1.19
2014.07.01 14:47:21.157,1.95272,1.95318,1.19,1.19
2014.07.01 14:47:23.169,1.95271,1.95315,1.19,1.19
2014.07.01 14:47:24.887,1.95272,1.95312,1.19,1.00
2014.07.01 14:47:25.882,1.95271,1.95312,1.19,1.00
2014.07.01 14:47:26.828,1.95272,1.95315,1.19,1.19
2014.07.01 14:47:27.367,1.95272,1.95315,1.19,1.19
2014.07.01 14:47:28.919,1.95271,1.9531,1.19,1.00
2014.07.01 14:47:29.222,1.95271,1.95308,1.19,1.00
2014.07.01 14:47:29.688,1.95272,1.95311,1.19,1.00
2014.07.01 14:47:30.213,1.95272,1.95311,1.25,1.19
2014.07.01 14:47:31.256,1.95271,1.95307,1.19,1.00
2014.07.01 14:47:32.222,1.95271,1.95307,1.00,1.00
2014.07.01 14:47:32.837,1.95272,1.95307,1.00,1.00
2014.07.01 14:47:33.687,1.95265,1.95311,1.34,1.19
2014.07.01 14:47:34.664,1.9527,1.95316,1.29,1.19
2014.07.01 14:47:35.847,1.95271,1.95319,1.69,1.19
2014.07.01 14:47:36.875,1.95271,1.95319,1.69,1.19
2014.07.01 14:47:37.970,1.95272,1.95318,1.19,1.19
2014.07.01 14:47:38.886,1.95272,1.95318,1.19,1.19
2014.07.01 14:47:39.627,1.95282,1.95321,1.00,1.69
2014.07.01 14:47:39.886,1.95282,1.95321,1.00,1.19
2014.07.01 14:47:40.422,1.95281,1.95321,1.00,1.19
2014.07.01 14:47:40.966,1.95281,1.95321,1.00,1.19
2014.07.01 14:47:41.632,1.95282,1.95321,1.00,1.19
2014.07.01 14:47:42.148,1.95281,1.95321,1.00,1.19
2014.07.01 14:47:42.674,1.95281,1.95321,1.19,1.00
2014.07.01 14:47:44.797,1.95292,1.95324,1.00,1.19
2014.07.01 14:47:45.709,1.95292,1.95324,1.00,1.19
2014.07.01 14:47:46.694,1.95292,1.95324,1.00,1.19
2014.07.01 14:47:48.704,1.95292,1.95324,1.00,1.25
2014.07.01 14:47:49.531,1.95292,1.95313,1.00,1.00
2014.07.01 14:47:49.637,1.95292,1.95325,1.00,1.19
2014.07.01 14:47:49.738,1.95292,1.95325,1.00,1.19
2014.07.01 14:47:50.420,1.95291,1.95325,1.00,1.19
2014.07.01 14:47:50.959,1.95292,1.95325,1.00,1.19
2014.07.01 14:47:53.047,1.95292,1.95332,1.00,1.15
2014.07.01 14:47:53.098,1.95302,1.95332,1.00,1.15
2014.07.01 14:47:53.350,1.95306,1.95348,1.00,1.19
2014.07.01 14:47:53.458,1.95306,1.95348,1.00,1.19
2014.07.01 14:47:53.761,1.95301,1.95339,1.00,1.19
2014.07.01 14:47:53.913,1.95291,1.95339,1.69,1.19
2014.07.01 14:47:54.777,1.95294,1.95341,1.25,1.69
2014.07.01 14:47:55.748,1.95293,1.9534,1.02,1.69
2014.07.01 14:47:58.369,1.95291,1.95338,1.19,1.19
2014.07.01 14:47:59.130,1.95294,1.95339,1.00,1.19
2014.07.01 14:47:59.710,1.95291,1.95338,1.19,1.19
2014.07.01 14:48:01.485,1.95291,1.95333,1.25,1.19
2014.07.01 14:48:02.429,1.95284,1.95329,1.34,1.00
2014.07.01 14:48:02.778,1.95283,1.95329,1.29,1.19
2014.07.01 14:48:03.671,1.95283,1.95329,1.29,1.19
2014.07.01 14:48:07.393,1.95283,1.95329,1.29,1.19
2014.07.01 14:48:10.662,1.95286,1.95333,1.00,1.69
2014.07.01 14:48:10.847,1.95292,1.95333,1.00,1.19
2014.07.01 14:48:11.432,1.95292,1.95335,1.00,1.29
2014.07.01 14:48:12.438,1.95292,1.95331,1.00,1.19
2014.07.01 14:48:12.939,1.95291,1.9533,1.00,1.25
2014.07.01 14:48:13.548,1.95292,1.9533,1.00,1.25
2014.07.01 14:48:14.456,1.95292,1.9533,1.00,1.19
2014.07.01 14:48:15.131,1.95291,1.9533,1.25,1.19
2014.07.01 14:48:15.707,1.95292,1.9533,1.25,1.00
2014.07.01 14:48:16.959,1.95291,1.9533,1.25,1.00
2014.07.01 14:48:17.781,1.95291,1.9533,1.19,1.25
2014.07.01 14:48:18.770,1.95291,1.9533,1.00,1.19
2014.07.01 14:48:19.338,1.95292,1.9533,1.00,1.19
2014.07.01 14:48:19.865,1.95292,1.9533,1.00,1.19
2014.07.01 14:48:20.327,1.95284,1.95328,1.19,1.25
2014.07.01 14:48:21.100,1.95292,1.9533,1.00,1.25
2014.07.01 14:48:21.655,1.95301,1.9533,1.00,1.25
2014.07.01 14:48:21.706,1.95301,1.95344,1.50,1.19
2014.07.01 14:48:21.908,1.95292,1.9533,1.69,1.00
2014.07.01 14:48:22.213,1.95285,1.95331,1.84,1.19
2014.07.01 14:48:23.397,1.95282,1.95331,1.77,1.19
2014.07.01 14:48:23.598,1.95283,1.95331,1.29,1.00
2014.07.01 14:48:23.649,1.95302,1.95331,1.00,1.00
2014.07.01 14:48:23.851,1.9529,1.95331,1.00,1.00
2014.07.01 14:48:24.206,1.95284,1.9533,1.34,1.00
2014.07.01 14:48:24.414,1.95291,1.95329,1.00,1.00
2014.07.01 14:48:24.617,1.95284,1.9533,1.34,1.00
2014.07.01 14:48:24.907,1.95283,1.95331,1.34,1.19
2014.07.01 14:48:27.393,1.95291,1.95329,1.00,1.19
2014.07.01 14:48:28.115,1.95292,1.95332,1.00,1.19
2014.07.01 14:48:28.425,1.95292,1.95332,1.25,1.25
2014.07.01 14:48:29.458,1.95292,1.95332,1.29,1.25
2014.07.01 14:48:31.662,1.95292,1.95332,1.29,1.00
2014.07.01 14:48:32.098,1.95291,1.95331,1.00,1.19
2014.07.01 14:48:32.405,1.95291,1.95326,1.00,1.00
2014.07.01 14:48:32.707,1.95302,1.95326,1.00,1.00
2014.07.01 14:48:32.986,1.95292,1.95326,1.00,1.00
2014.07.01 14:48:33.138,1.95302,1.95331,1.00,1.19
2014.07.01 14:48:33.257,1.95302,1.95331,1.00,1.00
2014.07.01 14:48:35.021,1.95302,1.95337,1.00,1.19
2014.07.01 14:48:35.340,1.95301,1.95341,1.19,1.00
2014.07.01 14:48:35.441,1.95311,1.95338,1.00,1.00
2014.07.01 14:48:35.543,1.95302,1.95338,1.25,1.00
2014.07.01 14:48:35.644,1.95312,1.95339,1.00,1.00
2014.07.01 14:48:35.745,1.95302,1.95337,1.25,1.00
2014.07.01 14:48:35.897,1.95302,1.95335,1.25,1.00
2014.07.01 14:48:36.103,1.95302,1.95338,1.25,1.00
2014.07.01 14:48:36.448,1.95301,1.95343,1.19,1.19
2014.07.01 14:48:36.499,1.95311,1.95343,1.00,1.19
2014.07.01 14:48:37.026,1.95311,1.95343,1.00,1.00
2014.07.01 14:48:37.077,1.95321,1.95343,1.00,1.00
2014.07.01 14:48:37.128,1.95321,1.95357,1.00,1.19
2014.07.01 14:48:37.229,1.95321,1.95361,1.00,1.19
2014.07.01 14:48:37.431,1.95311,1.95349,1.27,1.00
2014.07.01 14:48:37.482,1.95311,1.95349,1.29,1.00
2014.07.01 14:48:37.684,1.95311,1.95349,1.00,1.00
2014.07.01 14:48:37.785,1.95311,1.95344,1.00,1.00
2014.07.01 14:48:38.105,1.95302,1.95343,1.69,1.00
2014.07.01 14:48:38.217,1.95303,1.95346,1.29,1.00
2014.07.01 14:48:38.318,1.95311,1.95346,1.00,1.00
2014.07.01 14:48:38.419,1.95311,1.95349,1.00,1.00
2014.07.01 14:48:38.947,1.95311,1.95352,1.00,1.19
2014.07.01 14:48:39.616,1.95312,1.95352,1.00,1.19
2014.07.01 14:48:39.957,1.95312,1.95352,1.19,1.19
2014.07.01 14:48:41.129,1.95311,1.95352,1.27,1.19
2014.07.01 14:48:41.381,1.95321,1.95356,1.00,1.19
2014.07.01 14:48:41.647,1.95312,1.95355,1.84,1.19
2014.07.01 14:48:42.028,1.95312,1.95355,1.84,1.25
2014.07.01 14:48:43.085,1.95312,1.95355,1.84,1.00
2014.07.01 14:48:44.280,1.95312,1.95354,1.37,1.00
2014.07.01 14:48:44.789,1.95312,1.95355,1.84,1.00
2014.07.01 14:48:45.393,1.95312,1.95353,1.37,1.00
2014.07.01 14:48:45.456,1.95312,1.95355,1.37,1.00
2014.07.01 14:48:46.059,1.95311,1.95355,1.84,1.00
2014.07.01 14:48:46.937,1.95312,1.95355,1.84,1.00
2014.07.01 14:48:48.680,1.95312,1.9535,1.19,1.00
2014.07.01 14:48:48.957,1.95312,1.9535,1.19,1.00
2014.07.01 14:48:49.757,1.95312,1.95344,1.19,1.00
2014.07.01 14:48:49.960,1.95305,1.95344,1.19,1.00
2014.07.01 14:48:50.942,1.95311,1.95344,1.00,1.00
2014.07.01 14:48:51.386,1.95302,1.95344,1.69,1.00
2014.07.01 14:48:51.658,1.95302,1.9534,1.69,1.00
2014.07.01 14:48:51.879,1.95302,1.95344,1.69,1.00
2014.07.01 14:48:51.980,1.95302,1.95344,1.19,1.00
2014.07.01 14:48:52.047,1.95312,1.95344,1.00,1.00
2014.07.01 14:48:52.407,1.95301,1.95342,1.29,1.00
2014.07.01 14:48:52.870,1.95299,1.95342,1.27,1.19
2014.07.01 14:48:54.958,1.95302,1.95341,1.19,1.00
2014.07.01 14:48:55.176,1.95301,1.95343,1.19,1.25
2014.07.01 14:48:55.613,1.95296,1.95341,1.29,1.00
2014.07.01 14:48:55.990,1.95294,1.95341,1.34,1.19
2014.07.01 14:48:59.346,1.95294,1.95338,1.84,1.00
2014.07.01 14:48:59.900,1.95301,1.95342,1.25,1.19
2014.07.01 14:49:00.438,1.95301,1.95342,1.00,1.19
2014.07.01 14:49:01.021,1.95301,1.95339,1.19,1.00
2014.07.01 14:49:02.013,1.95301,1.95339,1.19,1.00
2014.07.01 14:49:02.540,1.95294,1.9534,1.84,1.00
2014.07.01 14:49:03.290,1.95294,1.9534,1.34,1.00
2014.07.01 14:49:04.203,1.95292,1.95339,1.29,1.00
2014.07.01 14:49:04.354,1.9529,1.95338,1.77,1.00
2014.07.01 14:49:04.956,1.95291,1.95339,1.34,1.25
2014.07.01 14:49:05.865,1.95292,1.95338,1.34,1.00
2014.07.01 14:49:05.966,1.95292,1.95328,1.10,1.00
2014.07.01 14:49:06.583,1.95286,1.95328,1.09,1.00
2014.07.01 14:49:06.634,1.95286,1.95328,1.02,1.00
2014.07.01 14:49:07.381,1.95282,1.95323,1.34,1.00
2014.07.01 14:49:07.482,1.95282,1.95326,1.37,1.00
2014.07.01 14:49:07.604,1.95282,1.95323,1.37,1.00
2014.07.01 14:49:07.929,1.95282,1.95321,1.37,1.00
2014.07.01 14:49:08.030,1.95282,1.95323,1.18,1.00
2014.07.01 14:49:08.377,1.95281,1.95319,1.15,1.00
2014.07.01 14:49:08.941,1.95281,1.95319,1.08,1.00
2014.07.01 14:49:09.050,1.95281,1.95321,1.00,1.00
2014.07.01 14:49:09.151,1.95281,1.95315,1.00,1.00
2014.07.01 14:49:09.353,1.95281,1.95321,1.00,1.00
2014.07.01 14:49:09.505,1.95277,1.95319,1.00,1.00
2014.07.01 14:49:09.606,1.95282,1.95322,1.00,1.00
2014.07.01 14:49:09.858,1.95276,1.95319,1.00,1.00
2014.07.01 14:49:09.909,1.95272,1.95315,1.18,1.00
2014.07.01 14:49:10.174,1.95272,1.95314,1.10,1.00
2014.07.01 14:49:10.715,1.95271,1.95314,1.00,1.00
2014.07.01 14:49:10.876,1.95272,1.95311,1.00,1.00
2014.07.01 14:49:11.356,1.95266,1.95309,1.00,1.00
2014.07.01 14:49:11.671,1.9526,1.95308,1.27,1.00
2014.07.01 14:49:11.784,1.9526,1.95308,1.19,1.00
2014.07.01 14:49:11.885,1.95259,1.95305,1.19,1.00
2014.07.01 14:49:12.179,1.95259,1.95305,1.00,1.00
2014.07.01 14:49:12.420,1.9526,1.95308,1.00,1.00
2014.07.01 14:49:12.550,1.9526,1.95308,1.08,1.00
2014.07.01 14:49:13.184,1.95262,1.95309,1.08,1.00
2014.07.01 14:49:15.196,1.95263,1.9531,1.10,1.00
2014.07.01 14:49:15.976,1.95266,1.95312,1.00,1.19
2014.07.01 14:49:16.403,1.95263,1.9531,1.10,1.00
2014.07.01 14:49:17.374,1.95268,1.95316,1.00,1.19
2014.07.01 14:49:17.600,1.95262,1.95311,1.58,1.19
2014.07.01 14:49:17.917,1.95262,1.95308,1.08,1.00
2014.07.01 14:49:18.689,1.95263,1.9531,1.10,1.00
2014.07.01 14:49:18.840,1.95261,1.95308,1.18,1.00
2014.07.01 14:49:18.891,1.95261,1.95308,1.00,1.50
2014.07.01 14:49:18.942,1.95263,1.95306,1.00,1.00
2014.07.01 14:49:19.043,1.95261,1.95305,1.00,1.00
2014.07.01 14:49:19.093,1.95271,1.95305,1.00,1.00
2014.07.01 14:49:19.144,1.95271,1.95309,1.00,1.00
2014.07.01 14:49:19.396,1.95282,1.9531,1.00,1.00
2014.07.01 14:49:19.607,1.95272,1.9531,1.00,1.00
2014.07.01 14:49:19.708,1.95272,1.95308,1.00,1.00
2014.07.01 14:49:20.701,1.95272,1.95307,1.00,1.00
2014.07.01 14:49:21.278,1.95272,1.95308,1.00,1.00
2014.07.01 14:49:21.807,1.95271,1.95308,1.00,1.00
2014.07.01 14:49:22.011,1.95261,1.95299,1.00,1.00
2014.07.01 14:49:22.062,1.95271,1.95299,1.00,1.00
2014.07.01 14:49:22.471,1.95271,1.95296,1.00,1.00
2014.07.01 14:49:22.646,1.95271,1.95304,1.00,1.19
2014.07.01 14:49:22.697,1.95262,1.95304,1.00,1.19
2014.07.01 14:49:22.798,1.95272,1.95304,1.00,1.19
2014.07.01 14:49:23.312,1.95271,1.95303,1.00,1.00
2014.07.01 14:49:23.835,1.95271,1.95302,1.00,1.00
2014.07.01 14:49:24.495,1.95271,1.95303,1.00,1.00
2014.07.01 14:49:24.963,1.95271,1.9531,1.00,1.29
2014.07.01 14:49:25.115,1.95282,1.95317,1.00,1.43
2014.07.01 14:49:25.367,1.95282,1.95321,1.00,1.25
2014.07.01 14:49:25.852,1.95282,1.95318,1.00,1.00
2014.07.01 14:49:26.425,1.95281,1.95314,1.00,1.00
2014.07.01 14:49:26.610,1.95281,1.95318,1.00,1.00
2014.07.01 14:49:26.661,1.95292,1.95318,1.00,1.00
2014.07.01 14:49:26.711,1.95292,1.95322,1.00,1.29
2014.07.01 14:49:26.806,1.95292,1.95318,1.00,1.00
2014.07.01 14:49:26.857,1.95282,1.95318,1.00,1.00
2014.07.01 14:49:26.958,1.95282,1.95314,1.00,1.00
2014.07.01 14:49:27.549,1.95281,1.95314,1.00,1.25
2014.07.01 14:49:28.095,1.95282,1.95314,1.00,1.25
2014.07.01 14:49:29.596,1.95281,1.95314,1.00,1.00
2014.07.01 14:49:30.122,1.95281,1.95315,1.00,1.25
2014.07.01 14:49:30.636,1.95282,1.95315,1.00,1.25
2014.07.01 14:49:30.941,1.95292,1.95315,1.00,1.25
2014.07.01 14:49:32.435,1.95292,1.95317,1.00,1.19
2014.07.01 14:49:33.233,1.95292,1.95317,1.00,1.00
2014.07.01 14:49:34.293,1.95291,1.95323,1.00,1.27
2014.07.01 14:49:34.394,1.95282,1.95317,1.00,1.25
2014.07.01 14:49:34.896,1.95281,1.95317,1.00,1.25
2014.07.01 14:49:35.611,1.95282,1.95317,1.00,1.00
2014.07.01 14:49:36.085,1.95282,1.95309,1.00,1.00
2014.07.01 14:49:36.490,1.95281,1.95306,1.00,1.00
2014.07.01 14:49:37.016,1.95282,1.95306,1.00,1.00
2014.07.01 14:49:39.310,1.95281,1.95306,1.00,1.00
2014.07.01 14:49:40.076,1.95272,1.95306,1.25,1.00
2014.07.01 14:49:40.127,1.95272,1.95308,1.00,1.00
2014.07.01 14:49:40.587,1.95271,1.95306,1.00,1.00
2014.07.01 14:49:41.029,1.95271,1.95307,1.00,1.19
2014.07.01 14:49:41.180,1.95261,1.95305,1.19,1.19
2014.07.01 14:49:41.332,1.95262,1.95302,1.00,1.19
2014.07.01 14:49:42.043,1.95262,1.953,1.25,1.25
2014.07.01 14:49:42.568,1.95261,1.95304,1.19,1.19
2014.07.01 14:49:43.575,1.95261,1.95307,1.19,1.19
2014.07.01 14:49:44.396,1.95272,1.95307,1.00,1.19
2014.07.01 14:49:44.685,1.95262,1.95307,1.19,1.19
2014.07.01 14:49:45.900,1.95262,1.95307,1.19,1.19
2014.07.01 14:49:46.910,1.95262,1.95307,1.19,1.19
2014.07.01 14:49:48.016,1.95262,1.95307,1.19,1.19
2014.07.01 14:49:51.033,1.95262,1.95307,1.19,1.25
2014.07.01 14:49:52.918,1.95261,1.95302,1.19,1.00
2014.07.01 14:49:52.968,1.95262,1.95302,1.25,1.19
2014.07.01 14:49:53.120,1.95262,1.95296,1.25,1.00
2014.07.01 14:49:53.221,1.95262,1.95298,1.25,1.00
2014.07.01 14:49:53.574,1.95252,1.95298,1.37,1.19
2014.07.01 14:49:53.624,1.95261,1.95298,1.00,1.19
2014.07.01 14:49:55.158,1.95261,1.95298,1.00,1.19
2014.07.01 14:49:56.091,1.95261,1.95296,1.00,1.00
2014.07.01 14:49:56.142,1.95252,1.95296,1.84,1.00
2014.07.01 14:49:56.243,1.95262,1.95296,1.00,1.00
2014.07.01 14:49:56.293,1.95262,1.95298,1.00,1.25
2014.07.01 14:49:56.567,1.95272,1.95299,1.00,1.19
2014.07.01 14:49:56.618,1.95272,1.95305,1.00,1.25
2014.07.01 14:49:56.820,1.95281,1.95305,1.00,1.00
2014.07.01 14:49:56.942,1.95281,1.95309,1.00,1.19
2014.07.01 14:49:57.694,1.95281,1.9531,1.00,1.00
2014.07.01 14:49:58.278,1.95282,1.9531,1.00,1.00
2014.07.01 14:49:59.507,1.95283,1.9532,1.00,1.27
2014.07.01 14:49:59.558,1.95291,1.9532,1.00,1.19
2014.07.01 14:49:59.608,1.95291,1.95326,1.00,1.29
2014.07.01 14:49:59.921,1.95291,1.95324,1.00,1.00
2014.07.01 14:50:00.596,1.95292,1.95324,1.00,1.00
2014.07.01 14:50:00.675,1.95292,1.95326,1.00,1.00
2014.07.01 14:50:01.811,1.95283,1.95326,1.19,1.00
2014.07.01 14:50:01.913,1.95281,1.95311,1.19,1.00
2014.07.01 14:50:02.360,1.95291,1.95311,1.00,1.00
2014.07.01 14:50:02.663,1.95282,1.95299,1.00,1.00
2014.07.01 14:50:03.214,1.95281,1.95298,1.00,1.00
2014.07.01 14:50:03.466,1.95272,1.95299,1.19,1.00
2014.07.01 14:50:03.601,1.95281,1.95299,1.00,1.00
2014.07.01 14:50:03.797,1.95271,1.95299,1.19,1.00
2014.07.01 14:50:04.340,1.95271,1.953,1.19,1.00
2014.07.01 14:50:04.492,1.95281,1.953,1.00,1.00
2014.07.01 14:50:04.564,1.95271,1.953,1.19,1.00
2014.07.01 14:50:04.973,1.95271,1.95298,1.19,1.00
2014.07.01 14:50:05.626,1.95271,1.95299,1.19,1.00
2014.07.01 14:50:05.997,1.95281,1.95299,1.00,1.00
2014.07.01 14:50:06.539,1.95281,1.953,1.00,1.00
2014.07.01 14:50:07.331,1.95282,1.953,1.00,1.00
2014.07.01 14:50:10.174,1.95271,1.953,1.19,1.00
2014.07.01 14:50:10.627,1.95261,1.95302,1.19,1.00
2014.07.01 14:50:10.728,1.95261,1.95297,1.25,1.00
2014.07.01 14:50:10.879,1.95271,1.95297,1.00,1.00
2014.07.01 14:50:10.981,1.95271,1.9531,1.00,1.50
2014.07.01 14:50:11.082,1.95272,1.95309,1.00,1.00
2014.07.01 14:50:11.183,1.95273,1.95318,1.00,2.59
2014.07.01 14:50:11.284,1.95281,1.95318,1.00,1.77
2014.07.01 14:50:11.522,1.95282,1.95324,1.00,1.34
2014.07.01 14:50:12.032,1.95281,1.95317,1.00,1.00
2014.07.01 14:50:12.615,1.95282,1.95317,1.00,1.00
2014.07.01 14:50:13.830,1.95281,1.95317,1.00,1.25
2014.07.01 14:50:13.900,1.95281,1.95309,1.00,1.00
2014.07.01 14:50:14.341,1.95281,1.95316,1.00,1.00
2014.07.01 14:50:14.868,1.95282,1.95316,1.00,1.00
2014.07.01 14:50:15.248,1.95282,1.95316,1.19,1.00
2014.07.01 14:50:15.584,1.95291,1.95316,1.00,1.00
2014.07.01 14:50:17.010,1.95291,1.95315,1.00,1.25
2014.07.01 14:50:17.262,1.95282,1.95318,1.00,1.19
2014.07.01 14:50:17.313,1.95282,1.95319,1.00,1.00
2014.07.01 14:50:17.364,1.95292,1.95319,1.00,1.00
2014.07.01 14:50:17.616,1.95281,1.9532,1.00,1.00
2014.07.01 14:50:17.666,1.95281,1.95316,1.00,1.00
2014.07.01 14:50:18.192,1.95282,1.95316,1.00,1.00
2014.07.01 14:50:18.560,1.95282,1.9531,1.00,1.00
2014.07.01 14:50:19.110,1.95271,1.9531,1.69,1.00
2014.07.01 14:50:19.550,1.95281,1.9531,1.00,1.00
2014.07.01 14:50:19.776,1.95271,1.95308,1.19,1.00
2014.07.01 14:50:19.842,1.95271,1.9531,1.19,1.00
2014.07.01 14:50:19.993,1.95272,1.95307,1.19,1.00
2014.07.01 14:50:20.095,1.95272,1.95309,1.19,1.00
2014.07.01 14:50:20.196,1.95271,1.953,1.19,1.00
2014.07.01 14:50:20.247,1.95271,1.953,1.19,1.00
2014.07.01 14:50:20.820,1.95271,1.95299,1.19,1.00
2014.07.01 14:50:21.173,1.95272,1.95308,1.00,1.20
2014.07.01 14:50:21.274,1.95272,1.95308,1.00,1.08
2014.07.01 14:50:21.690,1.95271,1.95308,1.00,1.00
2014.07.01 14:50:22.181,1.95272,1.95299,1.00,1.00
2014.07.01 14:50:22.282,1.95272,1.95306,1.00,1.00
2014.07.01 14:50:22.383,1.95272,1.95315,1.00,1.27
2014.07.01 14:50:22.887,1.95271,1.95315,1.00,1.19
2014.07.01 14:50:23.360,1.95271,1.95315,1.19,1.19
2014.07.01 14:50:24.060,1.95281,1.95316,1.00,1.19
2014.07.01 14:50:24.161,1.95281,1.95317,1.00,1.00
2014.07.01 14:50:24.262,1.95281,1.95319,1.00,1.02
2014.07.01 14:50:26.274,1.95282,1.9532,1.00,1.19
2014.07.01 14:50:26.713,1.95292,1.9532,1.00,1.00
2014.07.01 14:50:27.150,1.95281,1.9532,1.25,1.00
2014.07.01 14:50:27.568,1.95281,1.95317,1.25,1.00
2014.07.01 14:50:27.670,1.95274,1.95323,1.19,1.19
2014.07.01 14:50:28.710,1.95282,1.95325,1.00,1.19
2014.07.01 14:50:28.811,1.95282,1.95325,1.19,1.19
2014.07.01 14:50:29.183,1.95282,1.95319,1.19,1.00
2014.07.01 14:50:29.941,1.95282,1.95319,1.00,1.25
2014.07.01 14:50:30.458,1.95274,1.9531,1.19,1.00
2014.07.01 14:50:30.984,1.95272,1.9531,1.69,1.00
2014.07.01 14:50:31.340,1.95272,1.95306,1.19,1.00
2014.07.01 14:50:31.737,1.95272,1.95302,1.19,1.00
2014.07.01 14:50:31.838,1.95271,1.95302,1.19,1.00
2014.07.01 14:50:31.939,1.95271,1.95299,1.19,1.00
2014.07.01 14:50:33.046,1.95271,1.95299,1.00,1.00
2014.07.01 14:50:33.147,1.95271,1.95303,1.00,1.00
2014.07.01 14:50:33.356,1.95271,1.95306,1.00,1.00
2014.07.01 14:50:33.861,1.95272,1.95304,1.00,1.00
2014.07.01 14:50:34.176,1.95272,1.95302,1.19,1.00
2014.07.01 14:50:34.953,1.95272,1.953,1.19,1.00
2014.07.01 14:50:35.554,1.95271,1.953,1.19,1.00
2014.07.01 14:50:35.825,1.95281,1.953,1.00,1.00
2014.07.01 14:50:36.256,1.95281,1.95313,1.00,1.19
2014.07.01 14:50:36.375,1.95282,1.95318,1.00,1.00
2014.07.01 14:50:36.476,1.95282,1.95316,1.00,1.00
2014.07.01 14:50:36.790,1.95291,1.95316,1.00,1.00
2014.07.01 14:50:37.314,1.95292,1.95317,1.00,1.00
2014.07.01 14:50:37.873,1.95291,1.95317,1.00,1.00
2014.07.01 14:50:38.433,1.95292,1.95317,1.00,1.00
2014.07.01 14:50:38.972,1.95291,1.95317,1.00,1.00
2014.07.01 14:50:40.621,1.95292,1.95317,1.00,1.00
2014.07.01 14:50:40.878,1.95282,1.95317,1.19,1.00
2014.07.01 14:50:40.979,1.95282,1.95313,1.19,1.00
2014.07.01 14:50:41.232,1.95282,1.95312,1.00,1.00
2014.07.01 14:50:41.517,1.95282,1.95317,1.00,1.25
2014.07.01 14:50:41.618,1.95291,1.95317,1.00,1.00
2014.07.01 14:50:41.668,1.95291,1.95329,1.00,1.19
2014.07.01 14:50:42.817,1.95291,1.95329,1.19,1.00
2014.07.01 14:50:43.870,1.95292,1.95329,1.19,1.00
2014.07.01 14:50:45.830,1.95292,1.95329,1.25,1.00
2014.07.01 14:50:46.839,1.95291,1.95329,1.19,1.00
2014.07.01 14:50:47.360,1.95291,1.95328,1.19,1.00
2014.07.01 14:50:48.383,1.95291,1.95328,1.00,1.00
2014.07.01 14:50:48.972,1.95291,1.95331,1.00,1.19
2014.07.01 14:50:49.360,1.95292,1.95332,1.00,1.19
2014.07.01 14:50:49.562,1.95302,1.95338,1.00,1.69
2014.07.01 14:50:49.908,1.95302,1.95335,1.00,1.00
2014.07.01 14:50:50.337,1.95311,1.95335,1.00,1.00
2014.07.01 14:50:50.410,1.95311,1.95337,1.00,1.00
2014.07.01 14:50:50.985,1.95312,1.95337,1.00,1.00
2014.07.01 14:50:51.646,1.95312,1.95336,1.00,1.00
2014.07.01 14:50:52.333,1.95311,1.95336,1.00,1.00
2014.07.01 14:50:53.829,1.95312,1.95336,1.00,1.00
2014.07.01 14:50:54.369,1.95312,1.95338,1.00,1.00
2014.07.01 14:50:54.919,1.95312,1.9534,1.00,1.25
2014.07.01 14:50:55.370,1.95301,1.95341,1.19,1.19
2014.07.01 14:50:55.937,1.95301,1.95341,1.19,1.25
2014.07.01 14:50:56.460,1.95301,1.95339,1.19,1.00
2014.07.01 14:50:57.646,1.95302,1.95339,1.25,1.00
2014.07.01 14:50:58.907,1.95312,1.95342,1.00,1.19
2014.07.01 14:50:59.210,1.95321,1.95347,1.00,1.19
2014.07.01 14:50:59.261,1.95321,1.95349,1.00,1.25
2014.07.01 14:50:59.849,1.95321,1.95348,1.00,1.00
2014.07.01 14:50:59.950,1.95321,1.95351,1.00,1.00
2014.07.01 14:51:01.048,1.95322,1.95351,1.00,1.00
2014.07.01 14:51:01.551,1.95321,1.95351,1.00,1.00
2014.07.01 14:51:01.602,1.95312,1.95351,1.19,1.00
2014.07.01 14:51:02.337,1.95312,1.95351,1.19,1.00
2014.07.01 14:51:02.775,1.95312,1.95348,1.29,1.00
2014.07.01 14:51:03.354,1.95312,1.95348,1.00,1.00
2014.07.01 14:51:04.711,1.95312,1.9535,1.00,1.00
2014.07.01 14:51:05.581,1.95311,1.9535,1.25,1.00
2014.07.01 14:51:07.899,1.95311,1.95348,1.00,1.00
2014.07.01 14:51:08.710,1.95311,1.95349,1.00,1.00
2014.07.01 14:51:09.392,1.95312,1.95349,1.00,1.00
2014.07.01 14:51:10.262,1.95321,1.95349,1.00,1.00
2014.07.01 14:51:10.397,1.95311,1.95349,1.00,1.00
2014.07.01 14:51:11.479,1.95312,1.95349,1.00,1.00
2014.07.01 14:51:12.353,1.95321,1.95349,1.00,1.00
2014.07.01 14:51:12.569,1.95312,1.95349,1.00,1.00
2014.07.01 14:51:13.120,1.95311,1.95349,1.00,1.00
2014.07.01 14:51:13.889,1.95312,1.95349,1.00,1.00
2014.07.01 14:51:15.341,1.95311,1.95349,1.00,1.00
2014.07.01 14:51:20.329,1.95311,1.95348,1.25,1.00
2014.07.01 14:51:22.191,1.95312,1.95348,1.00,1.00
2014.07.01 14:51:24.104,1.95311,1.95351,1.19,1.00
2014.07.01 14:51:24.569,1.95322,1.95351,1.00,1.00
2014.07.01 14:51:25.013,1.95312,1.95351,1.19,1.00
2014.07.01 14:51:25.286,1.95312,1.95351,1.19,1.00
2014.07.01 14:51:26.301,1.95311,1.95351,1.19,1.00
2014.07.01 14:51:27.708,1.95311,1.95351,1.19,1.00
2014.07.01 14:51:28.713,1.95312,1.95351,1.19,1.00
2014.07.01 14:51:29.745,1.95312,1.95351,1.19,1.00
2014.07.01 14:51:33.147,1.95312,1.95351,1.19,1.00
2014.07.01 14:51:33.811,1.95322,1.95351,1.00,1.00
2014.07.01 14:51:34.702,1.95315,1.9535,1.19,1.00
2014.07.01 14:51:34.752,1.95315,1.95352,1.19,1.00
2014.07.01 14:51:35.209,1.95311,1.95352,1.19,1.00
2014.07.01 14:51:36.320,1.95311,1.95352,1.19,1.00
2014.07.01 14:51:37.282,1.95311,1.95352,1.19,1.00
2014.07.01 14:51:38.287,1.95312,1.95352,1.19,1.00
2014.07.01 14:51:39.335,1.95312,1.95352,1.19,1.00
2014.07.01 14:51:40.099,1.95312,1.9535,1.19,1.00
2014.07.01 14:51:41.103,1.95311,1.9535,1.19,1.00
2014.07.01 14:51:43.841,1.95312,1.95349,1.19,1.00
2014.07.01 14:51:44.081,1.95312,1.95347,1.19,1.00
2014.07.01 14:51:44.404,1.95311,1.95349,1.19,1.00
2014.07.01 14:51:44.927,1.95312,1.95349,1.19,1.00
2014.07.01 14:51:44.978,1.95312,1.95351,1.19,1.00
2014.07.01 14:51:45.162,1.95312,1.95353,1.19,1.25
2014.07.01 14:51:45.566,1.95311,1.95353,1.19,1.00
2014.07.01 14:51:46.098,1.95321,1.95353,1.00,1.00
2014.07.01 14:51:46.642,1.95322,1.95353,1.00,1.00
2014.07.01 14:51:46.952,1.95321,1.95356,1.00,1.00
2014.07.01 14:51:47.482,1.95321,1.95358,1.19,1.00
2014.07.01 14:51:47.734,1.95322,1.95361,1.19,1.00
2014.07.01 14:51:47.909,1.95322,1.95356,1.19,1.00
2014.07.01 14:51:48.129,1.95322,1.95358,1.19,1.00
2014.07.01 14:51:48.647,1.95321,1.95358,1.19,1.00
2014.07.01 14:51:49.069,1.95332,1.95357,1.00,1.00
2014.07.01 14:51:49.339,1.95332,1.95359,1.00,1.00
2014.07.01 14:51:49.893,1.95331,1.95359,1.00,1.00
2014.07.01 14:51:50.109,1.95331,1.95356,1.00,1.00
2014.07.01 14:51:50.439,1.95331,1.95358,1.00,1.00
2014.07.01 14:51:52.589,1.95332,1.95358,1.00,1.00
2014.07.01 14:51:54.168,1.95332,1.95357,1.00,1.00
2014.07.01 14:51:55.580,1.95331,1.95357,1.00,1.00
2014.07.01 14:51:55.681,1.95331,1.95364,1.00,1.25
2014.07.01 14:51:56.134,1.95341,1.95375,1.00,1.25
2014.07.01 14:51:56.361,1.95331,1.95375,1.19,1.25
2014.07.01 14:51:56.677,1.95332,1.95375,1.37,1.00
2014.07.01 14:51:57.119,1.95342,1.95375,1.00,1.00
2014.07.01 14:51:58.899,1.95342,1.95378,1.00,1.00
2014.07.01 14:51:59.689,1.95335,1.95378,1.29,1.00
2014.07.01 14:52:00.192,1.95341,1.95378,1.00,1.00
2014.07.01 14:52:00.460,1.95342,1.95376,1.00,1.00
2014.07.01 14:52:00.688,1.95341,1.95378,1.00,1.25
2014.07.01 14:52:01.408,1.95341,1.95377,1.00,1.00
2014.07.01 14:52:02.255,1.95341,1.95377,1.00,1.19
2014.07.01 14:52:02.952,1.95332,1.95377,1.84,1.19
2014.07.01 14:52:03.060,1.95342,1.95377,1.00,1.19
2014.07.01 14:52:03.442,1.95341,1.95379,1.00,1.19
2014.07.01 14:52:03.959,1.95342,1.95379,1.00,1.19
2014.07.01 14:52:04.472,1.95341,1.95381,1.00,1.19
2014.07.01 14:52:05.129,1.95341,1.95377,1.00,1.00
2014.07.01 14:52:05.430,1.95341,1.95384,1.29,1.25
2014.07.01 14:52:05.590,1.9534,1.95378,1.34,1.00
2014.07.01 14:52:05.892,1.95337,1.95375,1.34,1.00
2014.07.01 14:52:05.993,1.95341,1.95385,1.34,1.19
2014.07.01 14:52:06.094,1.95342,1.95377,1.09,1.00
2014.07.01 14:52:07.277,1.95341,1.95377,1.00,1.00
2014.07.01 14:52:07.573,1.95352,1.95377,1.00,1.00
2014.07.01 14:52:07.791,1.95342,1.95377,1.00,1.00
2014.07.01 14:52:08.562,1.95341,1.95377,1.00,1.00
2014.07.01 14:52:09.096,1.95342,1.95377,1.00,1.00
2014.07.01 14:52:10.028,1.95341,1.95377,1.00,1.00
2014.07.01 14:52:10.188,1.95351,1.95377,1.00,1.00
2014.07.01 14:52:10.290,1.95341,1.95377,1.20,1.00
2014.07.01 14:52:10.385,1.95341,1.95377,1.08,1.00
2014.07.01 14:52:10.437,1.95341,1.95375,1.10,1.00
2014.07.01 14:52:10.540,1.95342,1.95377,1.00,1.00
2014.07.01 14:52:10.757,1.95341,1.95375,1.00,1.00
2014.07.01 14:52:10.960,1.95341,1.95377,1.00,1.00
2014.07.01 14:52:11.061,1.95341,1.9537,1.00,1.00
2014.07.01 14:52:11.162,1.95342,1.95375,1.00,1.00
2014.07.01 14:52:11.264,1.95342,1.95372,1.00,1.00
2014.07.01 14:52:11.415,1.95341,1.95377,1.00,1.00
2014.07.01 14:52:11.718,1.95345,1.95388,1.00,1.15
2014.07.01 14:52:11.869,1.95345,1.95388,1.00,1.00
2014.07.01 14:52:11.920,1.95352,1.9539,1.00,1.00
2014.07.01 14:52:12.225,1.95361,1.954,1.19,1.00
2014.07.01 14:52:12.377,1.95352,1.95398,1.77,1.00
2014.07.01 14:52:12.759,1.95352,1.95396,1.27,1.00
2014.07.01 14:52:13.178,1.95352,1.954,2.52,1.00
2014.07.01 14:52:13.369,1.95352,1.95397,1.27,1.00
2014.07.01 14:52:13.722,1.95352,1.95394,1.27,1.00
2014.07.01 14:52:13.874,1.95348,1.95393,1.34,1.25
2014.07.01 14:52:13.924,1.95348,1.95387,1.34,1.00
2014.07.01 14:52:14.025,1.95348,1.95389,1.27,1.00
2014.07.01 14:52:14.379,1.95362,1.95394,1.00,1.00
2014.07.01 14:52:14.480,1.95362,1.95398,1.00,1.08
2014.07.01 14:52:14.884,1.95362,1.95398,1.19,1.00
2014.07.01 14:52:15.411,1.95362,1.95399,1.19,1.00
2014.07.01 14:52:16.113,1.95361,1.954,1.19,1.00
2014.07.01 14:52:16.416,1.95352,1.95388,1.18,1.00
2014.07.01 14:52:16.718,1.95351,1.95383,1.00,1.00
2014.07.01 14:52:17.549,1.95351,1.95388,1.25,1.00
2014.07.01 14:52:17.650,1.95352,1.95383,1.00,1.00
2014.07.01 14:52:17.969,1.95351,1.95388,1.19,1.00
2014.07.01 14:52:18.833,1.95351,1.95388,1.25,1.00
2014.07.01 14:52:19.799,1.95351,1.95388,1.19,1.00
2014.07.01 14:52:20.807,1.95352,1.95388,1.00,1.00
2014.07.01 14:52:21.601,1.95352,1.9539,1.00,1.25
2014.07.01 14:52:22.119,1.95352,1.9539,1.19,1.00
2014.07.01 14:52:22.372,1.95361,1.9539,1.00,1.00
2014.07.01 14:52:22.574,1.95352,1.9539,1.29,1.00
2014.07.01 14:52:22.864,1.95352,1.9539,1.29,1.00
2014.07.01 14:52:23.403,1.95352,1.95389,1.19,1.00
2014.07.01 14:52:23.831,1.95352,1.95388,1.25,1.00
2014.07.01 14:52:24.353,1.95351,1.95389,1.29,1.00
2014.07.01 14:52:24.482,1.95351,1.95392,1.29,1.25
2014.07.01 14:52:24.869,1.95347,1.95389,1.08,1.25
2014.07.01 14:52:24.970,1.95347,1.95389,1.00,1.19
2014.07.01 14:52:25.021,1.95341,1.95373,1.00,1.00
2014.07.01 14:52:25.274,1.95352,1.95389,1.00,1.00
2014.07.01 14:52:26.131,1.95346,1.95378,1.34,1.00
2014.07.01 14:52:26.230,1.95346,1.95387,1.34,1.00
2014.07.01 14:52:26.462,1.95351,1.9539,1.00,1.00
2014.07.01 14:52:26.661,1.95352,1.95392,1.25,1.25
2014.07.01 14:52:26.762,1.95347,1.95389,1.37,1.00
2014.07.01 14:52:27.291,1.95345,1.95388,1.84,1.50
2014.07.01 14:52:27.612,1.95345,1.95388,1.94,1.50
2014.07.01 14:52:27.814,1.95342,1.95385,2.44,1.00
2014.07.01 14:52:27.966,1.95343,1.95387,1.64,1.25
2014.07.01 14:52:28.168,1.95342,1.95387,2.44,1.25
2014.07.01 14:52:28.501,1.95352,1.95396,1.94,1.19
2014.07.01 14:52:29.093,1.95352,1.95396,2.44,1.19
2014.07.01 14:52:29.327,1.95358,1.95399,1.94,1.00
2014.07.01 14:52:29.428,1.95351,1.95387,1.45,1.00
2014.07.01 14:52:29.479,1.95351,1.95387,1.15,1.00
2014.07.01 14:52:29.530,1.95351,1.95384,1.18,1.00
2014.07.01 14:52:29.580,1.95351,1.95384,1.10,1.00
2014.07.01 14:52:29.631,1.95351,1.95394,1.29,1.19
2014.07.01 14:52:29.783,1.95353,1.95398,1.70,1.19
2014.07.01 14:52:30.086,1.95351,1.95392,1.39,1.00
2014.07.01 14:52:30.187,1.95352,1.95384,1.08,1.00
2014.07.01 14:52:30.339,1.95351,1.95384,1.00,1.00
2014.07.01 14:52:30.440,1.95351,1.95394,1.08,1.00
2014.07.01 14:52:30.541,1.95351,1.95394,1.38,1.00
2014.07.01 14:52:31.064,1.95351,1.95396,1.94,1.19
2014.07.01 14:52:31.723,1.95352,1.95396,1.69,1.00
2014.07.01 14:52:32.025,1.95352,1.95396,1.29,1.00
2014.07.01 14:52:32.075,1.95362,1.95396,1.00,1.00
2014.07.01 14:52:32.624,1.95352,1.95396,1.29,1.00
2014.07.01 14:52:33.045,1.95351,1.95392,1.77,1.00
2014.07.01 14:52:33.197,1.95351,1.95394,1.77,1.00
2014.07.01 14:52:33.298,1.95351,1.95391,1.77,1.00
2014.07.01 14:52:33.619,1.95351,1.95395,1.77,1.00
2014.07.01 14:52:34.152,1.95352,1.95395,1.39,1.25
2014.07.01 14:52:34.693,1.95352,1.95392,1.39,1.00
2014.07.01 14:52:35.128,1.95351,1.95389,1.84,1.00
2014.07.01 14:52:35.280,1.95351,1.95391,1.84,1.00
2014.07.01 14:52:35.672,1.95362,1.95391,1.00,1.00
2014.07.01 14:52:35.773,1.95352,1.9539,1.25,1.00
2014.07.01 14:52:36.008,1.95345,1.95388,1.34,1.00
2014.07.01 14:52:36.516,1.95351,1.95386,1.19,1.00
2014.07.01 14:52:37.075,1.95351,1.95385,1.00,1.00
2014.07.01 14:52:37.565,1.95352,1.95388,1.00,1.00
2014.07.01 14:52:39.009,1.95352,1.9539,1.00,1.19
2014.07.01 14:52:39.539,1.95352,1.95388,1.00,1.00
2014.07.01 14:52:40.207,1.95345,1.95387,1.19,1.00
2014.07.01 14:52:40.308,1.95345,1.95383,1.19,1.00
2014.07.01 14:52:40.731,1.95345,1.95388,1.19,1.50
2014.07.01 14:52:40.927,1.95342,1.95388,1.84,1.69
2014.07.01 14:52:41.168,1.95342,1.95384,1.37,1.00
2014.07.01 14:52:41.659,1.95341,1.95379,1.84,1.00
2014.07.01 14:52:41.760,1.95341,1.95379,1.25,1.00
2014.07.01 14:52:42.310,1.95341,1.9538,1.25,1.00
2014.07.01 14:52:42.885,1.95335,1.95379,1.19,1.00
2014.07.01 14:52:43.160,1.95333,1.95377,1.84,1.00
2014.07.01 14:52:43.709,1.95333,1.95373,1.37,1.00
2014.07.01 14:52:44.170,1.95331,1.95368,1.19,1.00
2014.07.01 14:52:44.907,1.95332,1.95373,1.19,1.19
2014.07.01 14:52:46.071,1.95331,1.95373,1.19,1.25
2014.07.01 14:52:46.558,1.95331,1.9537,1.19,1.00
2014.07.01 14:52:47.078,1.95331,1.9537,1.19,1.00
2014.07.01 14:52:48.084,1.95331,1.9537,1.19,1.00
2014.07.01 14:52:49.861,1.95332,1.95363,1.19,1.00
2014.07.01 14:52:49.913,1.95332,1.95363,1.00,1.00
2014.07.01 14:52:49.964,1.95332,1.95361,1.00,1.00
2014.07.01 14:52:50.116,1.95322,1.95361,1.19,1.00
2014.07.01 14:52:50.398,1.95322,1.95357,1.19,1.00
2014.07.01 14:52:50.748,1.95322,1.95365,1.19,1.00
2014.07.01 14:52:50.853,1.95322,1.95363,1.19,1.00
2014.07.01 14:52:51.203,1.95324,1.95358,1.19,1.00
2014.07.01 14:52:51.254,1.95322,1.95358,1.19,1.00
2014.07.01 14:52:52.234,1.95322,1.95358,1.25,1.00
2014.07.01 14:52:55.646,1.95321,1.95358,1.25,1.00
2014.07.01 14:52:56.161,1.95321,1.95357,1.25,1.00
2014.07.01 14:52:56.741,1.95313,1.95357,1.39,1.00
2014.07.01 14:52:57.128,1.95322,1.95357,1.00,1.00
2014.07.01 14:52:58.119,1.95313,1.95357,1.27,1.00
2014.07.01 14:52:58.688,1.95321,1.95357,1.00,1.00
2014.07.01 14:52:59.878,1.95321,1.95355,1.25,1.00
2014.07.01 14:53:00.397,1.95321,1.95356,1.25,1.00
2014.07.01 14:53:00.703,1.95321,1.95356,1.19,1.00
2014.07.01 14:53:01.178,1.95321,1.95361,1.19,1.25
2014.07.01 14:53:01.414,1.95322,1.95365,1.19,1.00
2014.07.01 14:53:01.465,1.95331,1.95365,1.00,1.00
2014.07.01 14:53:01.780,1.95342,1.95372,1.00,1.19
2014.07.01 14:53:01.881,1.95332,1.95372,1.00,1.19
2014.07.01 14:53:02.126,1.95332,1.95372,1.25,1.25
2014.07.01 14:53:02.298,1.95341,1.95372,1.00,1.25
2014.07.01 14:53:02.399,1.95341,1.95376,1.00,1.00
2014.07.01 14:53:03.416,1.95341,1.95376,1.19,1.00
2014.07.01 14:53:03.507,1.95352,1.95376,1.00,1.00
2014.07.01 14:53:03.636,1.95352,1.95381,1.00,1.25
2014.07.01 14:53:06.038,1.95351,1.95381,1.00,1.00
2014.07.01 14:53:07.686,1.95361,1.95381,1.00,1.00
2014.07.01 14:53:07.879,1.95352,1.95381,1.00,1.00
2014.07.01 14:53:10.841,1.95362,1.95381,1.00,1.00
2014.07.01 14:53:11.648,1.95352,1.95381,1.00,1.00
2014.07.01 14:53:11.851,1.95341,1.95381,1.19,1.00
2014.07.01 14:53:11.952,1.95341,1.95376,1.19,1.00
2014.07.01 14:53:12.116,1.95342,1.95376,1.00,1.00
2014.07.01 14:53:12.652,1.95341,1.95372,1.00,1.00
2014.07.01 14:53:12.959,1.95341,1.95377,1.00,1.25
2014.07.01 14:53:13.110,1.95342,1.95377,1.19,1.00
2014.07.01 14:53:13.161,1.95352,1.95393,1.00,1.69
2014.07.01 14:53:13.213,1.95352,1.95394,1.19,1.38
2014.07.01 14:53:13.263,1.95352,1.95394,1.19,1.00
2014.07.01 14:53:13.418,1.95352,1.95391,1.19,1.00
2014.07.01 14:53:13.794,1.95352,1.95387,1.19,1.00
2014.07.01 14:53:13.845,1.95351,1.95389,1.00,1.25
2014.07.01 14:53:13.946,1.95362,1.95389,1.00,1.25
2014.07.01 14:53:14.360,1.95362,1.95386,1.00,1.00
2014.07.01 14:53:14.897,1.95361,1.95386,1.00,1.00
2014.07.01 14:53:14.998,1.95352,1.95386,1.00,1.00
2014.07.01 14:53:15.561,1.95352,1.95385,1.00,1.00
2014.07.01 14:53:15.697,1.95352,1.95396,1.25,1.19
2014.07.01 14:53:16.610,1.95361,1.95397,1.00,1.69
2014.07.01 14:53:17.359,1.95361,1.95402,1.00,1.27
2014.07.01 14:53:18.070,1.95362,1.95403,1.00,1.19
2014.07.01 14:53:18.750,1.95359,1.95398,1.00,1.19
2014.07.01 14:53:18.851,1.95361,1.95401,1.00,1.19
2014.07.01 14:53:19.788,1.95361,1.954,1.00,1.19
2014.07.01 14:53:20.342,1.95362,1.954,1.00,1.19
2014.07.01 14:53:20.891,1.95361,1.954,1.00,1.19
2014.07.01 14:53:21.795,1.95361,1.95401,1.00,1.19
2014.07.01 14:53:22.902,1.95361,1.954,1.00,1.19
2014.07.01 14:53:23.914,1.95361,1.95401,1.00,1.69
2014.07.01 14:53:25.599,1.95362,1.95401,1.00,1.69
2014.07.01 14:53:25.851,1.95355,1.95398,1.00,1.37
2014.07.01 14:53:25.978,1.95353,1.95396,1.25,1.27
2014.07.01 14:53:26.037,1.95362,1.95396,1.00,1.27
2014.07.01 14:53:26.587,1.95353,1.95396,1.25,1.27
2014.07.01 14:53:26.833,1.95353,1.95395,1.00,1.29
2014.07.01 14:53:27.881,1.95353,1.95394,1.00,1.19
2014.07.01 14:53:28.568,1.95362,1.95394,1.00,1.19
2014.07.01 14:53:29.112,1.95362,1.95395,1.00,1.29
2014.07.01 14:53:29.365,1.95361,1.95401,1.00,1.19
2014.07.01 14:53:30.134,1.95354,1.95398,1.19,1.69
2014.07.01 14:53:30.337,1.95354,1.95398,1.00,1.69
2014.07.01 14:53:30.661,1.95356,1.95398,1.00,1.37
2014.07.01 14:53:30.712,1.95351,1.95395,1.19,1.29
2014.07.01 14:53:31.127,1.95352,1.95395,1.00,1.77
2014.07.01 14:53:31.581,1.95354,1.95395,1.00,1.29
2014.07.01 14:53:32.105,1.95351,1.95392,1.00,1.19
2014.07.01 14:53:32.257,1.95351,1.95392,1.00,1.19
2014.07.01 14:53:32.777,1.95351,1.95392,1.00,1.19
2014.07.01 14:53:33.567,1.95351,1.95392,1.00,1.69
2014.07.01 14:53:35.213,1.95353,1.95391,1.00,1.19
2014.07.01 14:53:35.473,1.95353,1.95397,1.00,1.27
2014.07.01 14:53:35.581,1.95361,1.95397,1.00,1.27
2014.07.01 14:53:35.897,1.95353,1.95397,1.00,1.27
2014.07.01 14:53:37.951,1.95354,1.95398,1.00,1.69
2014.07.01 14:53:38.002,1.95362,1.95398,1.00,1.69
2014.07.01 14:53:39.104,1.95351,1.95394,1.19,1.19
2014.07.01 14:53:39.536,1.95352,1.95394,1.00,1.19
2014.07.01 14:53:39.839,1.95352,1.95387,1.00,1.19
2014.07.01 14:53:39.889,1.95344,1.95387,1.00,1.19
2014.07.01 14:53:39.940,1.95342,1.95383,1.00,1.19
2014.07.01 14:53:40.631,1.95352,1.95386,1.00,1.27
2014.07.01 14:53:41.261,1.95352,1.95388,1.00,1.19
2014.07.01 14:53:41.851,1.95352,1.95391,1.00,1.29
2014.07.01 14:53:43.099,1.95352,1.95389,1.00,1.19
2014.07.01 14:53:43.681,1.95351,1.95389,1.00,1.19
2014.07.01 14:53:44.200,1.95351,1.9539,1.00,1.19
2014.07.01 14:53:44.997,1.95352,1.9539,1.00,1.19
2014.07.01 14:53:45.378,1.95347,1.95388,1.00,1.19
2014.07.01 14:53:45.428,1.95342,1.9538,1.19,1.00
2014.07.01 14:53:45.731,1.95352,1.95386,1.00,1.27
2014.07.01 14:53:46.304,1.95352,1.95391,1.00,1.77
2014.07.01 14:53:48.093,1.95352,1.95392,1.00,1.27
2014.07.01 14:53:50.104,1.95352,1.95387,1.00,1.37
2014.07.01 14:53:50.356,1.95342,1.95384,1.00,1.19
2014.07.01 14:53:50.528,1.95342,1.95372,1.00,1.10
2014.07.01 14:53:50.679,1.95341,1.9538,1.00,1.27
2014.07.01 14:53:51.416,1.95341,1.95383,1.00,1.84
2014.07.01 14:53:51.949,1.95342,1.95382,1.00,1.34
2014.07.01 14:53:52.644,1.95342,1.95382,1.00,1.84
2014.07.01 14:53:53.847,1.95342,1.95381,1.00,1.37
2014.07.01 14:53:56.377,1.95337,1.95378,1.00,1.19
2014.07.01 14:53:56.958,1.95334,1.95378,1.25,1.19
2014.07.01 14:53:57.200,1.95334,1.95378,1.00,1.69
2014.07.01 14:53:58.167,1.95334,1.95377,1.00,1.19
2014.07.01 14:53:58.501,1.95342,1.95377,1.00,1.19
2014.07.01 14:54:01.223,1.95342,1.95379,1.00,1.29
2014.07.01 14:54:02.287,1.95342,1.9538,1.00,1.27
2014.07.01 14:54:02.896,1.95332,1.95373,1.00,1.19
2014.07.01 14:54:03.098,1.95323,1.95369,1.19,1.77
2014.07.01 14:54:04.098,1.95323,1.95367,1.00,1.19
2014.07.01 14:54:04.841,1.95321,1.95366,1.69,1.19
2014.07.01 14:54:05.328,1.95331,1.95366,1.00,1.69
2014.07.01 14:54:06.313,1.95331,1.95365,1.00,1.19
2014.07.01 14:54:07.117,1.95331,1.95363,1.00,1.19
2014.07.01 14:54:07.596,1.95321,1.95363,1.50,1.19
2014.07.01 14:54:08.246,1.95324,1.95363,1.00,1.19
2014.07.01 14:54:08.806,1.95332,1.95363,1.00,1.19
2014.07.01 14:54:10.135,1.95324,1.95363,1.00,1.19
2014.07.01 14:54:11.644,1.95324,1.95364,1.00,1.19
2014.07.01 14:54:11.766,1.95322,1.95364,1.00,1.19
2014.07.01 14:54:11.918,1.95321,1.95351,1.00,1.00
2014.07.01 14:54:12.140,1.95312,1.9535,1.00,1.00
2014.07.01 14:54:12.241,1.95312,1.95347,1.00,1.00
2014.07.01 14:54:12.544,1.95311,1.9534,1.00,1.00
2014.07.01 14:54:15.070,1.95311,1.95333,1.00,1.00
2014.07.01 14:54:15.756,1.95311,1.95334,1.00,1.00
2014.07.01 14:54:18.806,1.95311,1.95332,1.00,1.00
2014.07.01 14:54:20.016,1.95311,1.95341,1.00,1.25
2014.07.01 14:54:21.480,1.95311,1.95346,1.00,1.25
2014.07.01 14:54:23.647,1.95311,1.95345,1.00,1.00
2014.07.01 14:54:25.796,1.95322,1.95345,1.00,1.00
2014.07.01 14:54:25.848,1.95322,1.95351,1.00,1.19
2014.07.01 14:54:26.000,1.95322,1.95352,1.00,1.00
2014.07.01 14:54:27.978,1.95322,1.95346,1.00,1.00
2014.07.01 14:54:28.130,1.95311,1.95346,1.25,1.00
2014.07.01 14:54:28.382,1.95304,1.95333,1.19,1.00
2014.07.01 14:54:28.433,1.95302,1.95333,1.00,1.00
2014.07.01 14:54:28.484,1.95302,1.95331,1.00,1.00
2014.07.01 14:54:28.917,1.95292,1.9532,1.19,1.00
2014.07.01 14:54:29.019,1.95292,1.9532,1.00,1.00
2014.07.01 14:54:29.120,1.95281,1.9532,1.19,1.00
2014.07.01 14:54:29.272,1.95281,1.95317,1.19,1.00
2014.07.01 14:54:29.674,1.95291,1.95317,1.00,1.00
2014.07.01 14:54:29.916,1.95291,1.95321,1.00,1.00
2014.07.01 14:54:30.117,1.95292,1.95329,1.00,1.29
2014.07.01 14:54:30.332,1.95301,1.95332,1.00,1.00
2014.07.01 14:54:30.484,1.95301,1.95336,1.00,1.19
2014.07.01 14:54:30.856,1.95312,1.95335,1.00,1.00
2014.07.01 14:54:31.058,1.95312,1.95338,1.00,1.00
2014.07.01 14:54:31.647,1.95302,1.95338,1.25,1.00
2014.07.01 14:54:31.890,1.95311,1.95337,1.00,1.00
2014.07.01 14:54:32.221,1.95322,1.95343,1.00,1.19
2014.07.01 14:54:32.322,1.95312,1.9534,1.00,1.00
2014.07.01 14:54:32.625,1.95301,1.9534,1.19,1.00
2014.07.01 14:54:33.794,1.95301,1.95337,1.19,1.00
2014.07.01 14:54:34.429,1.95301,1.95337,1.00,1.00
2014.07.01 14:54:35.006,1.95301,1.95335,1.00,1.00
2014.07.01 14:54:35.119,1.95301,1.95341,1.00,1.27
2014.07.01 14:54:35.954,1.95302,1.95343,1.00,1.37
2014.07.01 14:54:36.549,1.95301,1.95343,1.00,1.37
2014.07.01 14:54:37.049,1.95298,1.95338,1.25,1.25
2014.07.01 14:54:37.158,1.95302,1.95341,1.00,1.27
2014.07.01 14:54:39.806,1.95302,1.95338,1.00,1.19
2014.07.01 14:54:39.910,1.95294,1.95338,1.19,1.19
2014.07.01 14:54:40.658,1.95292,1.95335,2.44,1.00
2014.07.01 14:54:40.714,1.95292,1.95335,1.69,1.19
2014.07.01 14:54:42.725,1.95292,1.95335,1.19,1.00
2014.07.01 14:54:42.776,1.953,1.95338,1.00,1.19
2014.07.01 14:54:43.323,1.95301,1.95343,1.00,1.69
2014.07.01 14:54:43.649,1.95312,1.95346,1.00,1.19
2014.07.01 14:54:43.750,1.95312,1.95346,1.00,1.19
2014.07.01 14:54:44.281,1.95311,1.95344,1.00,1.00
2014.07.01 14:54:44.801,1.95311,1.95344,1.00,1.19
2014.07.01 14:54:45.760,1.95311,1.9535,1.00,1.19
2014.07.01 14:54:46.153,1.95321,1.95347,1.00,1.00
2014.07.01 14:54:46.767,1.95321,1.95348,1.00,1.00
2014.07.01 14:54:47.922,1.95322,1.95348,1.00,1.00
2014.07.01 14:54:48.467,1.95321,1.95348,1.00,1.00
2014.07.01 14:54:51.766,1.95332,1.95348,1.00,1.00
2014.07.01 14:54:51.986,1.95321,1.95348,1.00,1.00
2014.07.01 14:54:52.867,1.95321,1.95347,1.00,1.00
2014.07.01 14:54:52.982,1.95332,1.95347,1.00,1.00
2014.07.01 14:54:53.137,1.95321,1.95347,1.00,1.00
2014.07.01 14:54:55.883,1.95312,1.95347,1.25,1.00
2014.07.01 14:54:56.085,1.95312,1.95343,1.25,1.00
2014.07.01 14:54:56.388,1.95322,1.95351,1.00,1.29
2014.07.01 14:54:57.026,1.95321,1.95351,1.00,1.19
2014.07.01 14:54:57.859,1.95321,1.95351,1.00,1.00
2014.07.01 14:54:58.368,1.95321,1.95352,1.00,1.25
2014.07.01 14:54:58.729,1.95331,1.95355,1.00,1.19
2014.07.01 14:54:58.838,1.95322,1.95355,1.00,1.19
2014.07.01 14:54:59.091,1.95332,1.95355,1.00,1.19
2014.07.01 14:54:59.427,1.95321,1.95355,1.00,1.19
2014.07.01 14:54:59.609,1.95311,1.95355,1.19,1.19
2014.07.01 14:54:59.832,1.95322,1.95355,1.00,1.19
2014.07.01 14:55:00.086,1.95311,1.95355,1.19,1.19
2014.07.01 14:55:00.419,1.95322,1.95355,1.00,1.19
2014.07.01 14:55:01.076,1.95322,1.95355,1.00,1.19
2014.07.01 14:55:02.089,1.95322,1.95355,1.00,1.25
2014.07.01 14:55:02.588,1.95312,1.95355,1.19,1.25
2014.07.01 14:55:02.727,1.95322,1.95355,1.00,1.25
2014.07.01 14:55:03.292,1.95322,1.95355,1.00,1.19
2014.07.01 14:55:03.897,1.95321,1.95355,1.00,1.19
2014.07.01 14:55:04.112,1.95311,1.95355,1.19,1.19
2014.07.01 14:55:04.377,1.95322,1.95355,1.00,1.19
2014.07.01 14:55:04.787,1.95313,1.95356,1.19,1.19
2014.07.01 14:55:05.114,1.95311,1.95354,1.69,1.19
2014.07.01 14:55:05.651,1.95311,1.95351,1.19,1.00
2014.07.01 14:55:05.958,1.95311,1.95348,1.19,1.00
2014.07.01 14:55:06.122,1.95311,1.95348,1.00,1.00
2014.07.01 14:55:06.642,1.95311,1.95352,1.00,1.19
2014.07.01 14:55:07.130,1.95311,1.95352,1.19,1.25
2014.07.01 14:55:10.402,1.95312,1.95352,1.00,1.19
2014.07.01 14:55:11.091,1.95305,1.95349,1.19,1.00
2014.07.01 14:55:11.408,1.95306,1.95349,1.19,1.00
2014.07.01 14:55:12.080,1.95312,1.95351,1.19,1.25
2014.07.01 14:55:12.630,1.95312,1.95351,1.00,1.19
2014.07.01 14:55:12.999,1.95312,1.95346,1.00,1.00
2014.07.01 14:55:13.100,1.95303,1.95346,1.19,1.00
2014.07.01 14:55:13.290,1.95312,1.95346,1.00,1.00
2014.07.01 14:55:13.341,1.95312,1.95349,1.00,1.00
2014.07.01 14:55:14.173,1.95306,1.95348,1.19,1.00
2014.07.01 14:55:14.431,1.95312,1.95348,1.00,1.00
2014.07.01 14:55:14.660,1.95303,1.95348,1.19,1.00
2014.07.01 14:55:15.321,1.95305,1.95348,1.19,1.00
2014.07.01 14:55:15.933,1.95305,1.95347,1.19,1.00
2014.07.01 14:55:16.285,1.95305,1.95343,1.19,1.00
2014.07.01 14:55:16.436,1.95301,1.95343,1.69,1.00
2014.07.01 14:55:16.646,1.95301,1.95346,2.44,1.25
2014.07.01 14:55:16.704,1.95312,1.95346,1.00,1.25
2014.07.01 14:55:17.251,1.95311,1.95346,1.00,1.25
2014.07.01 14:55:17.867,1.95312,1.95346,1.00,1.25
2014.07.01 14:55:18.828,1.95312,1.95347,1.00,1.25
2014.07.01 14:55:24.861,1.95312,1.9535,1.00,1.25
2014.07.01 14:55:25.180,1.95312,1.95347,1.00,1.00
2014.07.01 14:55:30.511,1.95312,1.95347,1.19,1.00
2014.07.01 14:55:32.188,1.95312,1.95347,1.00,1.00
2014.07.01 14:55:32.728,1.95311,1.95347,1.25,1.00
2014.07.01 14:55:33.334,1.95311,1.95345,1.00,1.00
2014.07.01 14:55:33.808,1.95322,1.95345,1.00,1.00
2014.07.01 14:55:46.401,1.95322,1.95346,1.00,1.00
2014.07.01 14:55:50.718,1.95321,1.95346,1.00,1.00
2014.07.01 14:55:50.769,1.95321,1.9535,1.00,1.25
2014.07.01 14:55:51.284,1.95322,1.9535,1.00,1.00
2014.07.01 14:55:55.480,1.95312,1.9535,1.00,1.00
2014.07.01 14:55:58.731,1.95312,1.95352,1.00,1.00
2014.07.01 14:55:58.933,1.95322,1.95352,1.00,1.00
2014.07.01 14:55:59.242,1.95322,1.95339,1.00,1.00
2014.07.01 14:55:59.293,1.95322,1.95344,1.00,1.00
2014.07.01 14:55:59.834,1.95321,1.95344,1.00,1.00
2014.07.01 14:56:02.719,1.95321,1.95348,1.00,1.00
2014.07.01 14:56:04.570,1.95321,1.95355,1.00,1.19
2014.07.01 14:56:04.672,1.95321,1.95355,1.00,1.00
2014.07.01 14:56:04.724,1.95321,1.95359,1.00,1.00
2014.07.01 14:56:04.825,1.95321,1.95353,1.00,1.00
2014.07.01 14:56:05.128,1.95321,1.95348,1.00,1.00
2014.07.01 14:56:05.819,1.95322,1.95348,1.00,1.00
2014.07.01 14:56:11.282,1.95322,1.95346,1.00,1.00
2014.07.01 14:56:12.337,1.95311,1.95346,1.25,1.00
2014.07.01 14:56:16.716,1.95311,1.95343,1.00,1.00
2014.07.01 14:56:17.034,1.95321,1.95348,1.00,1.00
2014.07.01 14:56:17.085,1.95311,1.95348,1.00,1.00
2014.07.01 14:56:17.135,1.95311,1.95343,1.00,1.00
2014.07.01 14:56:21.965,1.95311,1.95349,1.00,1.00
2014.07.01 14:56:22.318,1.95322,1.95349,1.00,1.00
2014.07.01 14:56:22.420,1.95322,1.95353,1.00,1.00
2014.07.01 14:56:22.616,1.95322,1.95357,1.00,1.19
2014.07.01 14:56:23.377,1.95322,1.95357,1.00,1.00
2014.07.01 14:56:23.599,1.95313,1.95359,1.19,1.69
2014.07.01 14:56:24.039,1.95321,1.95359,1.00,1.19
2014.07.01 14:56:24.741,1.95321,1.95359,1.00,1.00
2014.07.01 14:56:25.387,1.95314,1.95358,1.37,1.00
2014.07.01 14:56:25.981,1.95322,1.95359,1.25,1.00
2014.07.01 14:56:28.517,1.95322,1.95359,1.19,1.00
2014.07.01 14:56:29.032,1.95316,1.95358,1.29,1.00
2014.07.01 14:56:29.618,1.95321,1.95359,1.19,1.00
2014.07.01 14:56:29.669,1.95325,1.95368,1.00,1.29
2014.07.01 14:56:29.770,1.95325,1.95369,1.00,1.00
2014.07.01 14:56:29.821,1.95325,1.95369,1.18,1.00
2014.07.01 14:56:30.124,1.95341,1.95379,1.08,1.19
2014.07.01 14:56:30.175,1.95341,1.95379,1.08,1.00
2014.07.01 14:56:30.226,1.95341,1.95383,1.08,1.00
2014.07.01 14:56:30.327,1.95352,1.95383,1.00,1.00
2014.07.01 14:56:31.401,1.95352,1.95385,1.00,1.00
2014.07.01 14:56:33.280,1.95342,1.95385,1.34,1.00
2014.07.01 14:56:33.598,1.95345,1.95388,1.37,1.19
2014.07.01 14:56:33.649,1.95352,1.9539,1.00,1.19
2014.07.01 14:56:34.475,1.95352,1.95394,1.19,1.00
2014.07.01 14:56:34.830,1.95362,1.95397,1.00,1.19
2014.07.01 14:56:35.190,1.95362,1.95403,1.19,1.25
2014.07.01 14:56:35.395,1.95372,1.95403,1.00,1.25
2014.07.01 14:56:35.869,1.95361,1.95403,1.19,1.25
2014.07.01 14:56:36.021,1.95361,1.95401,1.19,1.00
2014.07.01 14:56:36.349,1.95358,1.95399,1.19,1.50
2014.07.01 14:56:36.860,1.95361,1.95399,1.19,1.00
2014.07.01 14:56:37.264,1.95361,1.95399,1.69,1.00
2014.07.01 14:56:37.365,1.95362,1.95402,1.40,1.19
2014.07.01 14:56:37.580,1.95362,1.95406,1.15,1.19
2014.07.01 14:56:38.499,1.95362,1.95406,1.34,1.19
2014.07.01 14:56:39.250,1.95361,1.954,1.19,1.00
2014.07.01 14:56:39.444,1.95362,1.95403,1.19,1.00
2014.07.01 14:56:39.545,1.95362,1.95403,1.19,1.00
2014.07.01 14:56:39.869,1.95372,1.95405,1.00,1.19
2014.07.01 14:56:39.971,1.95362,1.95405,1.19,1.19
2014.07.01 14:56:40.518,1.95361,1.95404,1.19,1.00
2014.07.01 14:56:40.869,1.95363,1.95407,1.19,1.25
2014.07.01 14:56:41.525,1.95364,1.95407,1.19,1.00
2014.07.01 14:56:42.143,1.95372,1.95414,1.00,1.19
2014.07.01 14:56:42.562,1.95372,1.9541,1.19,1.00
2014.07.01 14:56:43.467,1.95372,1.9541,1.19,1.00
2014.07.01 14:56:44.288,1.95372,1.9541,1.69,1.00
2014.07.01 14:56:44.393,1.95381,1.95425,1.50,1.34
2014.07.01 14:56:44.495,1.95381,1.95425,1.69,1.25
2014.07.01 14:56:44.596,1.95378,1.95419,1.19,1.00
2014.07.01 14:56:44.798,1.95371,1.95411,1.19,1.00
2014.07.01 14:56:45.456,1.95371,1.9541,1.19,1.00
2014.07.01 14:56:45.799,1.95372,1.95408,1.19,1.00
2014.07.01 14:56:49.089,1.95372,1.95418,1.19,1.34
2014.07.01 14:56:49.752,1.95371,1.95416,1.19,1.27
2014.07.01 14:56:50.352,1.95381,1.95417,1.00,1.19
2014.07.01 14:56:50.533,1.95381,1.95417,1.00,1.00
2014.07.01 14:56:51.120,1.95382,1.95421,1.00,1.19
2014.07.01 14:56:51.540,1.95382,1.95421,1.25,1.00
2014.07.01 14:56:52.389,1.95382,1.95419,1.25,1.00
2014.07.01 14:56:52.779,1.95381,1.95419,1.19,1.00
2014.07.01 14:56:53.099,1.95378,1.95417,1.19,1.00
2014.07.01 14:56:54.575,1.95374,1.95417,1.19,1.00
2014.07.01 14:56:55.768,1.95379,1.95417,1.19,1.00
2014.07.01 14:56:56.071,1.95382,1.95426,1.69,1.19
2014.07.01 14:56:56.173,1.95382,1.95421,1.19,1.00
2014.07.01 14:56:56.920,1.95381,1.95419,1.19,1.00
2014.07.01 14:56:58.219,1.95381,1.95419,1.19,1.00
2014.07.01 14:56:59.641,1.95391,1.95419,1.00,1.00
2014.07.01 14:56:59.906,1.95381,1.95419,1.19,1.00
2014.07.01 14:57:00.007,1.95381,1.95422,1.19,1.00
2014.07.01 14:57:00.158,1.95381,1.95422,1.69,1.00
2014.07.01 14:57:00.722,1.95382,1.95421,1.19,1.00
2014.07.01 14:57:01.230,1.95382,1.95421,1.19,1.00
2014.07.01 14:57:02.337,1.95381,1.95421,1.19,1.00
2014.07.01 14:57:02.608,1.95391,1.95421,1.00,1.00
2014.07.01 14:57:02.833,1.95381,1.95421,1.19,1.00
2014.07.01 14:57:03.202,1.95381,1.95419,1.19,1.00
2014.07.01 14:57:04.368,1.95381,1.95421,1.19,1.00
2014.07.01 14:57:04.698,1.95381,1.95417,1.19,1.00
2014.07.01 14:57:05.024,1.95382,1.95413,1.19,1.00
2014.07.01 14:57:05.175,1.95372,1.95413,1.84,1.00
2014.07.01 14:57:05.908,1.95372,1.95414,1.69,1.00
2014.07.01 14:57:06.466,1.95373,1.95414,1.19,1.00
2014.07.01 14:57:07.600,1.95373,1.95412,1.19,1.00
2014.07.01 14:57:08.391,1.95372,1.95412,1.19,1.00
2014.07.01 14:57:08.928,1.95371,1.95409,1.69,1.00
2014.07.01 14:57:09.490,1.95371,1.95409,1.19,1.00
2014.07.01 14:57:11.201,1.95371,1.95409,1.19,1.00
2014.07.01 14:57:11.729,1.95371,1.9541,1.19,1.00
2014.07.01 14:57:12.076,1.95381,1.9541,1.00,1.00
2014.07.01 14:57:12.293,1.95381,1.95416,1.00,1.19
2014.07.01 14:57:12.445,1.95381,1.9542,1.25,1.08
2014.07.01 14:57:13.017,1.95382,1.9542,1.00,1.00
2014.07.01 14:57:13.419,1.95381,1.9542,1.19,1.00
2014.07.01 14:57:14.258,1.95381,1.95417,1.19,1.00
2014.07.01 14:57:14.833,1.95381,1.95416,1.19,1.00
2014.07.01 14:57:16.038,1.95381,1.95409,1.19,1.00
2014.07.01 14:57:16.140,1.95381,1.95418,1.19,1.00
2014.07.01 14:57:16.449,1.95381,1.95418,1.00,1.00
2014.07.01 14:57:17.027,1.95381,1.95413,1.00,1.00
2014.07.01 14:57:17.229,1.95373,1.95417,1.19,1.10
2014.07.01 14:57:17.361,1.95373,1.95411,1.19,1.00
2014.07.01 14:57:17.958,1.95372,1.9541,1.19,1.00
2014.07.01 14:57:18.213,1.95371,1.9541,1.25,1.00
2014.07.01 14:57:18.466,1.95371,1.95408,1.25,1.00
2014.07.01 14:57:18.901,1.95372,1.9541,1.00,1.00
2014.07.01 14:57:20.352,1.95371,1.9541,1.25,1.00
2014.07.01 14:57:20.940,1.95372,1.9541,1.00,1.00
2014.07.01 14:57:27.531,1.95381,1.9541,1.00,1.00
2014.07.01 14:57:27.860,1.95372,1.9541,1.25,1.00
2014.07.01 14:57:28.013,1.95381,1.9541,1.00,1.00
2014.07.01 14:57:28.079,1.95371,1.9541,1.19,1.00
2014.07.01 14:57:28.874,1.95371,1.9541,1.19,1.00
2014.07.01 14:57:29.289,1.95382,1.9541,1.00,1.00
2014.07.01 14:57:32.887,1.95382,1.95413,1.00,1.25
2014.07.01 14:57:33.139,1.95382,1.95415,1.00,1.00
2014.07.01 14:57:33.449,1.95382,1.95417,1.00,1.00
2014.07.01 14:57:33.875,1.95382,1.95415,1.00,1.00
2014.07.01 14:57:34.308,1.95382,1.95417,1.00,1.00
2014.07.01 14:57:34.409,1.95382,1.95415,1.00,1.00
2014.07.01 14:57:36.798,1.95381,1.95415,1.00,1.00
2014.07.01 14:57:38.348,1.95381,1.95411,1.00,1.00
2014.07.01 14:57:39.448,1.95381,1.95413,1.00,1.00
2014.07.01 14:57:40.783,1.95381,1.95412,1.00,1.00
2014.07.01 14:57:43.078,1.95381,1.95413,1.00,1.00
2014.07.01 14:57:43.408,1.95381,1.95411,1.00,1.00
2014.07.01 14:57:43.848,1.95381,1.95413,1.00,1.00
2014.07.01 14:57:46.406,1.95381,1.95412,1.00,1.00
2014.07.01 14:57:49.472,1.95381,1.95413,1.00,1.00
2014.07.01 14:57:49.586,1.95381,1.95411,1.00,1.00
2014.07.01 14:57:50.682,1.95381,1.95408,1.00,1.00
2014.07.01 14:57:50.899,1.95371,1.95408,1.19,1.00
2014.07.01 14:57:52.830,1.95371,1.95408,1.25,1.00
2014.07.01 14:57:52.880,1.95371,1.95406,1.25,1.00
2014.07.01 14:57:53.384,1.95371,1.95407,1.25,1.00
2014.07.01 14:57:54.043,1.95371,1.95407,1.00,1.19
2014.07.01 14:57:55.005,1.95371,1.95405,1.00,1.00
2014.07.01 14:57:55.767,1.95371,1.95408,1.00,1.19
2014.07.01 14:57:55.879,1.95372,1.95408,1.00,1.25
2014.07.01 14:57:55.980,1.95372,1.95406,1.00,1.00
2014.07.01 14:57:56.279,1.95382,1.95418,1.00,1.25
2014.07.01 14:57:56.655,1.95382,1.95418,1.19,1.00
2014.07.01 14:57:56.961,1.95381,1.95413,1.00,1.00
2014.07.01 14:57:57.265,1.95375,1.95414,2.03,1.00
2014.07.01 14:57:57.368,1.95381,1.95413,1.00,1.00
2014.07.01 14:57:57.621,1.95381,1.95415,1.00,1.00
2014.07.01 14:57:58.124,1.95382,1.95414,1.00,1.00
2014.07.01 14:57:58.227,1.95382,1.95419,1.00,1.00
2014.07.01 14:57:58.379,1.95382,1.95413,1.00,1.00
2014.07.01 14:57:58.803,1.95372,1.95413,1.53,1.25
2014.07.01 14:57:59.880,1.95382,1.95413,1.00,1.00
2014.07.01 14:58:00.025,1.95382,1.95415,1.00,1.25
2014.07.01 14:58:00.128,1.95382,1.95413,1.00,1.00
2014.07.01 14:58:00.370,1.95382,1.95417,1.00,1.19
2014.07.01 14:58:00.919,1.95382,1.95414,1.00,1.00
2014.07.01 14:58:01.577,1.95381,1.95414,1.00,1.00
2014.07.01 14:58:01.924,1.95381,1.95418,1.00,1.00
2014.07.01 14:58:02.569,1.95381,1.9542,1.00,1.00
2014.07.01 14:58:03.352,1.95381,1.9542,1.19,1.00
2014.07.01 14:58:04.035,1.95381,1.9542,1.00,1.00
2014.07.01 14:58:04.486,1.95382,1.95424,1.00,1.19
2014.07.01 14:58:04.658,1.95381,1.95421,1.00,1.00
2014.07.01 14:58:05.249,1.95381,1.95421,1.19,1.00
2014.07.01 14:58:05.501,1.95381,1.95424,1.29,1.00
2014.07.01 14:58:05.750,1.95383,1.95428,1.19,1.19
2014.07.01 14:58:05.851,1.95383,1.95428,1.39,1.19
2014.07.01 14:58:05.901,1.95383,1.95428,1.39,1.00
2014.07.01 14:58:06.154,1.95392,1.95429,1.08,1.00
2014.07.01 14:58:06.204,1.95392,1.95431,1.08,1.00
2014.07.01 14:58:06.255,1.95392,1.95431,1.00,1.00
2014.07.01 14:58:06.809,1.95402,1.95432,1.00,1.00
2014.07.01 14:58:06.918,1.95391,1.95432,1.00,1.00
2014.07.01 14:58:07.199,1.95391,1.95431,1.19,1.00
2014.07.01 14:58:07.578,1.95401,1.95431,1.00,1.00
2014.07.01 14:58:08.128,1.95391,1.95431,1.19,1.00
2014.07.01 14:58:08.229,1.95391,1.95431,1.69,1.00
2014.07.01 14:58:08.577,1.95401,1.95431,1.00,1.00
2014.07.01 14:58:08.952,1.95401,1.95442,1.00,1.19
2014.07.01 14:58:09.103,1.95401,1.95442,1.29,1.00
2014.07.01 14:58:09.836,1.95402,1.9544,1.25,1.00
2014.07.01 14:58:10.052,1.95402,1.95442,1.25,1.00
2014.07.01 14:58:10.254,1.95402,1.95442,1.19,1.00
2014.07.01 14:58:10.780,1.95402,1.95441,1.19,1.00
2014.07.01 14:58:11.099,1.95402,1.95439,1.19,1.00
2014.07.01 14:58:11.214,1.95402,1.95439,1.19,1.00
2014.07.01 14:58:11.442,1.95401,1.95435,1.19,1.00
2014.07.01 14:58:11.593,1.95401,1.95439,1.19,1.00
2014.07.01 14:58:11.694,1.95401,1.95441,1.19,1.00
2014.07.01 14:58:11.795,1.95401,1.95443,1.19,1.00
2014.07.01 14:58:12.260,1.95402,1.95443,1.19,1.00
2014.07.01 14:58:12.767,1.95402,1.95444,1.19,1.00
2014.07.01 14:58:13.230,1.95402,1.95445,1.69,1.00
2014.07.01 14:58:13.527,1.95404,1.95448,1.19,1.58
2014.07.01 14:58:13.628,1.95421,1.95448,1.00,1.10
2014.07.01 14:58:13.730,1.95421,1.95461,1.00,1.08
2014.07.01 14:58:13.831,1.95431,1.95461,1.00,1.00
2014.07.01 14:58:13.882,1.95431,1.95463,1.00,1.25
2014.07.01 14:58:13.983,1.95431,1.95471,1.00,1.15
2014.07.01 14:58:14.084,1.95432,1.95471,1.00,1.00
2014.07.01 14:58:14.597,1.95431,1.95472,1.00,1.10
2014.07.01 14:58:15.109,1.95431,1.95468,1.00,1.00
2014.07.01 14:58:15.797,1.95431,1.95468,1.19,1.00
2014.07.01 14:58:16.159,1.95422,1.95468,1.19,1.69
2014.07.01 14:58:16.210,1.95417,1.95463,1.19,1.00
2014.07.01 14:58:17.104,1.95422,1.95467,1.19,1.15
2014.07.01 14:58:17.419,1.95422,1.95462,1.19,1.00
2014.07.01 14:58:18.125,1.95419,1.95458,1.19,1.00
2014.07.01 14:58:18.328,1.95422,1.95456,1.00,1.00
2014.07.01 14:58:18.631,1.95414,1.95453,1.19,1.00
2014.07.01 14:58:19.291,1.95412,1.95453,1.19,1.00
2014.07.01 14:58:19.575,1.95422,1.95453,1.00,1.00
2014.07.01 14:58:20.078,1.95411,1.95453,1.69,1.00
2014.07.01 14:58:20.292,1.95413,1.95453,1.19,1.00
2014.07.01 14:58:20.618,1.95422,1.95458,1.00,1.08
2014.07.01 14:58:21.159,1.95422,1.95456,1.00,1.00
2014.07.01 14:58:21.672,1.95421,1.95456,1.00,1.00
2014.07.01 14:58:22.209,1.95422,1.95455,1.00,1.00
2014.07.01 14:58:24.425,1.95421,1.95455,1.00,1.00
2014.07.01 14:58:26.817,1.95422,1.95455,1.00,1.00
2014.07.01 14:58:27.323,1.95422,1.95458,1.00,1.00
2014.07.01 14:58:27.997,1.95422,1.9546,1.00,1.25
2014.07.01 14:58:28.956,1.95423,1.9546,1.19,1.00
2014.07.01 14:58:29.627,1.95423,1.95461,1.19,1.00
2014.07.01 14:58:29.962,1.95426,1.95461,1.19,1.00
2014.07.01 14:58:30.463,1.95426,1.95465,1.19,1.15
2014.07.01 14:58:30.992,1.95425,1.95465,1.19,1.15
2014.07.01 14:58:31.294,1.95425,1.95453,1.19,1.00
2014.07.01 14:58:31.395,1.95425,1.95456,1.19,1.10
2014.07.01 14:58:31.699,1.95425,1.95463,1.19,1.08
2014.07.01 14:58:31.813,1.95425,1.95459,1.19,1.00
2014.07.01 14:58:32.345,1.95425,1.95461,1.19,1.00
2014.07.01 14:58:32.852,1.95423,1.9546,1.19,1.00
2014.07.01 14:58:33.218,1.95423,1.95458,1.19,1.00
2014.07.01 14:58:34.142,1.95417,1.95458,1.19,1.00
2014.07.01 14:58:34.651,1.95421,1.95459,1.19,1.00
2014.07.01 14:58:35.301,1.95421,1.95458,1.19,1.00
2014.07.01 14:58:35.663,1.95421,1.95466,1.69,1.27
2014.07.01 14:58:36.078,1.95418,1.95458,1.19,1.00
2014.07.01 14:58:36.429,1.95418,1.95455,1.19,1.00
2014.07.01 14:58:36.814,1.95412,1.95455,1.69,1.00
2014.07.01 14:58:37.372,1.95412,1.95454,1.19,1.00
2014.07.01 14:58:37.423,1.95412,1.95449,1.19,1.00
2014.07.01 14:58:37.524,1.95412,1.95454,1.69,1.00
2014.07.01 14:58:37.914,1.95414,1.95458,1.19,1.19
2014.07.01 14:58:38.463,1.95411,1.95455,1.69,1.00
2014.07.01 14:58:39.013,1.95414,1.95462,1.19,1.27
2014.07.01 14:58:39.064,1.95418,1.95462,1.19,1.08
2014.07.01 14:58:39.387,1.95422,1.95466,1.19,1.33
2014.07.01 14:58:40.065,1.95422,1.95464,1.19,1.00
2014.07.01 14:58:40.442,1.95423,1.95464,1.19,1.00
2014.07.01 14:58:41.378,1.95431,1.95464,1.00,1.00
2014.07.01 14:58:41.428,1.95431,1.95466,1.00,1.00
2014.07.01 14:58:42.044,1.95431,1.95466,1.00,1.08
2014.07.01 14:58:42.368,1.95422,1.95466,1.19,1.08
2014.07.01 14:58:42.469,1.95424,1.95466,1.19,1.08
2014.07.01 14:58:43.300,1.95424,1.95466,1.19,1.00
2014.07.01 14:58:43.929,1.95431,1.95469,1.00,1.19
2014.07.01 14:58:44.031,1.95423,1.95459,1.69,1.00
2014.07.01 14:58:44.131,1.95423,1.95468,1.69,1.69
2014.07.01 14:58:44.659,1.95428,1.95469,1.19,1.25
2014.07.01 14:58:44.810,1.95424,1.95463,1.19,1.00
2014.07.01 14:58:45.726,1.95422,1.95463,1.19,1.00
2014.07.01 14:58:45.828,1.95423,1.95468,1.19,1.25
2014.07.01 14:58:46.133,1.95432,1.95471,1.00,1.29
2014.07.01 14:58:46.335,1.95425,1.95468,1.19,1.25
2014.07.01 14:58:46.548,1.95431,1.95468,1.00,1.25
2014.07.01 14:58:46.859,1.95431,1.95468,1.19,1.00
2014.07.01 14:58:47.478,1.95427,1.95469,1.19,1.00
2014.07.01 14:58:47.529,1.95425,1.95469,1.69,1.00
2014.07.01 14:58:47.885,1.95437,1.95479,1.00,1.39
2014.07.01 14:58:47.936,1.95437,1.95478,1.25,1.08
2014.07.01 14:58:47.987,1.95437,1.95478,1.25,1.00
2014.07.01 14:58:48.040,1.95433,1.95476,1.29,1.00
2014.07.01 14:58:48.368,1.95441,1.95482,1.00,1.27
2014.07.01 14:58:48.677,1.95451,1.95483,1.00,1.37
2014.07.01 14:58:48.728,1.95451,1.95483,1.00,1.09
2014.07.01 14:58:48.948,1.95452,1.95488,1.00,1.15
2014.07.01 14:58:49.049,1.95452,1.95488,1.00,1.08
2014.07.01 14:58:49.200,1.95451,1.95493,1.00,1.37
2014.07.01 14:58:49.430,1.95451,1.95489,1.00,1.00
2014.07.01 14:58:49.920,1.95452,1.95489,1.19,1.00
2014.07.01 14:58:49.971,1.95452,1.95493,1.19,1.37
2014.07.01 14:58:51.668,1.95451,1.95488,1.19,1.00
2014.07.01 14:58:51.971,1.95441,1.95482,1.19,1.10
2014.07.01 14:58:52.072,1.95436,1.95479,1.69,1.00
2014.07.01 14:58:52.887,1.95436,1.95479,1.19,1.00
2014.07.01 14:58:53.057,1.95442,1.95482,1.00,1.29
2014.07.01 14:58:53.209,1.95443,1.95478,1.00,1.00
2014.07.01 14:58:53.420,1.95434,1.95478,1.99,1.00
2014.07.01 14:58:53.597,1.95434,1.95476,1.49,1.00
2014.07.01 14:58:54.128,1.95435,1.95476,1.24,1.00
2014.07.01 14:58:54.579,1.95447,1.95476,1.00,1.00
2014.07.01 14:58:54.630,1.95447,1.95483,1.00,1.19
2014.07.01 14:58:54.781,1.95447,1.95483,1.19,1.00
2014.07.01 14:58:54.832,1.95451,1.95491,1.00,1.19
2014.07.01 14:58:55.349,1.95452,1.95494,1.00,1.19
2014.07.01 14:58:55.399,1.95461,1.95494,1.00,1.25
2014.07.01 14:58:55.818,1.95451,1.95494,1.19,1.25
2014.07.01 14:58:55.946,1.95461,1.95494,1.00,1.25
2014.07.01 14:58:56.670,1.95452,1.95494,1.19,1.00
2014.07.01 14:58:57.440,1.95461,1.95494,1.00,1.00
2014.07.01 14:58:58.097,1.95462,1.95494,1.00,1.00
2014.07.01 14:58:58.319,1.95452,1.95493,1.19,1.00
2014.07.01 14:58:58.638,1.95452,1.95493,1.19,1.00
2014.07.01 14:58:58.689,1.95452,1.95491,1.19,1.00
2014.07.01 14:58:59.090,1.95461,1.95491,1.00,1.00
2014.07.01 14:58:59.141,1.95461,1.95499,1.00,1.29
2014.07.01 14:58:59.243,1.95461,1.95499,1.25,1.00
2014.07.01 14:58:59.344,1.95461,1.95504,1.69,1.02
2014.07.01 14:58:59.808,1.95461,1.955,1.25,1.00
2014.07.01 14:59:00.112,1.95452,1.95495,1.19,1.08
2014.07.01 14:59:00.163,1.95452,1.95495,1.19,1.08
2014.07.01 14:59:01.246,1.95451,1.95495,1.19,1.27
2014.07.01 14:59:01.857,1.95451,1.95495,1.25,1.27
2014.07.01 14:59:02.619,1.95452,1.95495,1.00,1.27
2014.07.01 14:59:03.168,1.95451,1.95493,1.25,1.25
2014.07.01 14:59:03.578,1.95451,1.95493,1.00,1.19
2014.07.01 14:59:04.168,1.95452,1.95484,1.00,1.00
2014.07.01 14:59:04.396,1.95443,1.95488,1.55,1.00
2014.07.01 14:59:04.598,1.95452,1.95488,1.00,1.00
2014.07.01 14:59:05.614,1.95451,1.95488,1.00,1.00
2014.07.01 14:59:06.007,1.95462,1.95488,1.00,1.00
2014.07.01 14:59:06.058,1.95451,1.95488,1.00,1.00
2014.07.01 14:59:06.209,1.95462,1.95488,1.00,1.00
2014.07.01 14:59:06.310,1.95451,1.95488,1.00,1.00
2014.07.01 14:59:06.512,1.95462,1.95486,1.00,1.00
2014.07.01 14:59:06.844,1.95451,1.95484,1.00,1.00
2014.07.01 14:59:07.060,1.95462,1.95484,1.00,1.00
2014.07.01 14:59:07.161,1.95462,1.95489,1.00,1.00
2014.07.01 14:59:07.398,1.95461,1.95492,1.00,1.25
2014.07.01 14:59:08.007,1.95462,1.95492,1.00,1.25
2014.07.01 14:59:08.058,1.95452,1.95492,1.00,1.25
2014.07.01 14:59:08.179,1.95462,1.95492,1.00,1.25
2014.07.01 14:59:08.368,1.95451,1.95492,1.00,1.25
2014.07.01 14:59:09.677,1.95452,1.95492,1.00,1.00
2014.07.01 14:59:10.213,1.95451,1.95492,1.00,1.00
2014.07.01 14:59:10.714,1.95451,1.95492,1.00,1.19
2014.07.01 14:59:11.977,1.95453,1.95496,1.00,1.19
2014.07.01 14:59:12.320,1.95461,1.95492,1.00,1.00
2014.07.01 14:59:12.674,1.95461,1.95489,1.00,1.00
2014.07.01 14:59:12.776,1.95451,1.95489,1.00,1.00
2014.07.01 14:59:12.972,1.95452,1.95487,1.00,1.00
2014.07.01 14:59:13.124,1.95443,1.95488,1.29,1.00
2014.07.01 14:59:13.326,1.95452,1.9549,1.00,1.00
2014.07.01 14:59:13.526,1.95444,1.95488,1.19,1.00
2014.07.01 14:59:13.577,1.95444,1.95488,1.19,1.00
2014.07.01 14:59:14.188,1.95446,1.95488,1.00,1.00
2014.07.01 14:59:14.298,1.95452,1.9549,1.00,1.19
2014.07.01 14:59:14.670,1.95452,1.95495,1.50,1.19
2014.07.01 14:59:15.683,1.95452,1.95495,1.19,1.00
2014.07.01 14:59:15.988,1.95462,1.955,1.00,1.19
2014.07.01 14:59:16.212,1.95457,1.95498,1.00,1.19
2014.07.01 14:59:16.414,1.95455,1.95499,1.02,1.19
2014.07.01 14:59:16.516,1.95451,1.95494,1.27,1.00
2014.07.01 14:59:16.818,1.95451,1.95494,1.69,1.00
2014.07.01 14:59:17.322,1.95452,1.95495,1.00,1.25
2014.07.01 14:59:17.479,1.95452,1.95489,1.00,1.00
2014.07.01 14:59:17.797,1.9545,1.95489,1.00,1.00
2014.07.01 14:59:17.848,1.95452,1.95492,1.00,1.19
2014.07.01 14:59:18.151,1.95449,1.95488,1.25,1.00
2014.07.01 14:59:18.853,1.95443,1.95489,1.19,1.50
2014.07.01 14:59:19.835,1.95452,1.9549,1.00,1.00
2014.07.01 14:59:20.837,1.95444,1.95488,1.19,1.00
2014.07.01 14:59:21.324,1.95452,1.9549,1.00,1.00
2014.07.01 14:59:21.707,1.95452,1.95487,1.00,1.00
2014.07.01 14:59:21.859,1.95442,1.95487,2.44,1.00
2014.07.01 14:59:21.909,1.95442,1.95483,1.69,1.00
2014.07.01 14:59:21.960,1.95442,1.95483,1.19,1.00
2014.07.01 14:59:22.011,1.95442,1.95486,1.19,1.00
2014.07.01 14:59:22.541,1.95442,1.95487,1.69,1.25
2014.07.01 14:59:22.592,1.95442,1.95484,1.19,1.00
2014.07.01 14:59:22.693,1.95441,1.95486,1.69,1.00
2014.07.01 14:59:22.895,1.95441,1.95483,1.19,1.00
2014.07.01 14:59:23.399,1.95442,1.95483,1.19,1.00
2014.07.01 14:59:23.560,1.95443,1.95486,1.19,1.19
2014.07.01 14:59:23.610,1.95443,1.95479,1.19,1.00
2014.07.01 14:59:24.082,1.9544,1.95478,1.00,1.00
2014.07.01 14:59:24.621,1.95438,1.95479,1.19,1.00
2014.07.01 14:59:24.672,1.95434,1.95477,1.27,1.00
2014.07.01 14:59:24.974,1.95428,1.95468,1.19,1.00
2014.07.01 14:59:25.176,1.95432,1.95475,1.69,1.00
2014.07.01 14:59:25.227,1.95434,1.95477,1.00,1.18
2014.07.01 14:59:25.433,1.95432,1.95476,1.25,1.10
2014.07.01 14:59:25.978,1.95432,1.95476,1.19,1.00
2014.07.01 14:59:26.280,1.95432,1.95476,1.00,1.00
2014.07.01 14:59:26.330,1.95432,1.95473,1.00,1.00
2014.07.01 14:59:26.633,1.95422,1.95456,1.00,1.00
2014.07.01 14:59:26.684,1.95422,1.95463,1.00,1.19
2014.07.01 14:59:26.937,1.95416,1.95459,1.25,1.25
2014.07.01 14:59:26.987,1.95413,1.95457,1.29,1.00
2014.07.01 14:59:27.329,1.95417,1.95459,1.19,1.00
2014.07.01 14:59:27.380,1.95421,1.95462,1.19,1.00
2014.07.01 14:59:27.431,1.95421,1.9546,1.19,1.00
2014.07.01 14:59:27.741,1.95422,1.95462,1.25,1.00
2014.07.01 14:59:27.920,1.95417,1.95458,1.19,1.00
2014.07.01 14:59:28.623,1.95412,1.95458,1.19,1.00
2014.07.01 14:59:28.774,1.95411,1.95452,1.69,1.00
2014.07.01 14:59:28.976,1.95412,1.95454,1.19,1.00
2014.07.01 14:59:29.257,1.95422,1.95454,1.00,1.00
2014.07.01 14:59:29.570,1.95412,1.95454,1.19,1.00
2014.07.01 14:59:30.224,1.95412,1.95453,1.19,1.00
2014.07.01 14:59:31.675,1.95412,1.95453,1.19,1.00
2014.07.01 14:59:31.917,1.95411,1.95448,1.00,1.00
2014.07.01 14:59:32.320,1.95404,1.95448,1.00,1.50
2014.07.01 14:59:32.457,1.95402,1.95443,1.00,1.00
2014.07.01 14:59:32.871,1.95411,1.95443,1.00,1.00
2014.07.01 14:59:33.022,1.95411,1.95448,1.00,1.25
2014.07.01 14:59:33.267,1.95411,1.95446,1.00,1.00
2014.07.01 14:59:33.603,1.95411,1.95446,1.00,1.08
2014.07.01 14:59:33.654,1.95403,1.95446,1.00,1.08
2014.07.01 14:59:33.805,1.95401,1.95443,1.00,1.19
2014.07.01 14:59:34.108,1.95412,1.95443,1.00,1.00
2014.07.01 14:59:34.480,1.95412,1.95445,1.00,1.00
2014.07.01 14:59:34.582,1.95412,1.95449,1.00,1.00
2014.07.01 14:59:34.768,1.95412,1.95446,1.00,1.00
2014.07.01 14:59:34.888,1.95412,1.95452,1.00,1.00
2014.07.01 14:59:35.140,1.95421,1.95453,1.00,1.00
2014.07.01 14:59:35.443,1.95422,1.95445,1.00,1.00
2014.07.01 14:59:35.544,1.95422,1.95448,1.00,1.00
2014.07.01 14:59:35.799,1.95422,1.95456,1.00,1.10
2014.07.01 14:59:36.344,1.95421,1.95458,1.00,1.08
2014.07.01 14:59:36.445,1.95422,1.95466,1.00,1.57
2014.07.01 14:59:36.650,1.95431,1.95468,1.00,1.64
2014.07.01 14:59:37.293,1.95432,1.95466,1.00,1.30
2014.07.01 14:59:37.444,1.95421,1.95459,1.00,1.00
2014.07.01 14:59:37.646,1.95432,1.9546,1.00,1.00
2014.07.01 14:59:37.747,1.95421,1.9546,1.00,1.00
2014.07.01 14:59:38.206,1.95422,1.95454,1.00,1.00
2014.07.01 14:59:38.409,1.95422,1.95456,1.00,1.00
2014.07.01 14:59:38.761,1.95422,1.95454,1.00,1.00
2014.07.01 14:59:39.165,1.95422,1.95456,1.00,1.00
2014.07.01 14:59:39.273,1.95422,1.95459,1.00,1.19
2014.07.01 14:59:39.381,1.95422,1.95455,1.00,1.00
2014.07.01 14:59:39.713,1.95432,1.95456,1.00,1.00
2014.07.01 14:59:39.935,1.95431,1.9546,1.00,1.19
2014.07.01 14:59:40.554,1.95431,1.95461,1.00,1.00
2014.07.01 14:59:40.698,1.95431,1.95463,1.00,1.25
2014.07.01 14:59:41.404,1.95432,1.95465,1.00,1.00
2014.07.01 14:59:41.856,1.95441,1.95466,1.00,1.00
2014.07.01 14:59:41.957,1.95441,1.9547,1.00,1.00
2014.07.01 14:59:42.639,1.95442,1.9547,1.00,1.00
2014.07.01 14:59:42.761,1.95442,1.95475,1.00,1.25
2014.07.01 14:59:43.151,1.95431,1.95475,1.00,1.25
2014.07.01 14:59:43.226,1.95431,1.9547,1.00,1.00
2014.07.01 14:59:43.529,1.95442,1.95474,1.00,1.00
2014.07.01 14:59:43.681,1.95441,1.95476,1.00,1.00
2014.07.01 14:59:44.263,1.95441,1.95483,1.00,1.37
2014.07.01 14:59:44.314,1.95441,1.95483,1.00,1.18
2014.07.01 14:59:44.365,1.95451,1.95482,1.00,1.00
2014.07.01 14:59:44.669,1.95452,1.9548,1.00,1.00
2014.07.01 14:59:45.537,1.95442,1.9548,1.00,1.00
2014.07.01 14:59:45.790,1.95451,1.95479,1.00,1.00
2014.07.01 14:59:46.318,1.95452,1.9548,1.00,1.00
2014.07.01 14:59:46.538,1.95451,1.95483,1.00,1.00
2014.07.01 14:59:46.639,1.95451,1.9548,1.00,1.00
2014.07.01 14:59:46.950,1.95451,1.95476,1.00,1.00
2014.07.01 14:59:47.001,1.95451,1.95479,1.00,1.00
2014.07.01 14:59:47.060,1.95441,1.95479,1.00,1.00
2014.07.01 14:59:47.296,1.95442,1.95486,1.00,1.25
2014.07.01 14:59:47.940,1.95451,1.95486,1.00,1.00
2014.07.01 14:59:48.092,1.95442,1.95482,1.00,1.00
2014.07.01 14:59:48.164,1.95437,1.95479,1.29,1.00
2014.07.01 14:59:48.422,1.95431,1.95472,1.00,1.00
2014.07.01 14:59:48.724,1.95426,1.95468,1.08,1.00
2014.07.01 14:59:48.921,1.95432,1.95471,1.00,1.10
2014.07.01 14:59:49.457,1.95432,1.95476,1.50,1.34
2014.07.01 14:59:49.974,1.95431,1.95474,1.00,1.33
2014.07.01 14:59:50.514,1.95432,1.95478,1.00,1.29
2014.07.01 14:59:50.615,1.95431,1.95476,1.00,1.19
2014.07.01 14:59:51.147,1.95432,1.95477,1.00,1.19
2014.07.01 14:59:51.482,1.95441,1.95476,1.00,1.19
2014.07.01 14:59:51.807,1.95434,1.95479,1.00,2.59
2014.07.01 14:59:51.857,1.95442,1.95479,1.00,1.84
2014.07.01 14:59:52.137,1.95435,1.95479,1.00,1.69
2014.07.01 14:59:52.357,1.95442,1.95479,1.00,1.19
2014.07.01 14:59:52.616,1.95435,1.95479,1.00,1.69
2014.07.01 14:59:53.027,1.95435,1.95468,1.00,1.00
2014.07.01 14:59:53.129,1.95433,1.95468,1.00,1.00
2014.07.01 14:59:53.280,1.95433,1.95478,1.00,1.77
2014.07.01 14:59:53.831,1.95433,1.95469,1.00,1.00
2014.07.01 14:59:53.932,1.95431,1.95469,1.00,1.00
2014.07.01 14:59:54.033,1.95429,1.95469,1.00,1.00
2014.07.01 14:59:54.436,1.95431,1.95474,1.00,1.19
2014.07.01 14:59:54.955,1.95432,1.95474,1.00,1.19
2014.07.01 14:59:55.258,1.95431,1.95468,1.00,1.00
2014.07.01 14:59:55.367,1.95432,1.95475,1.00,1.19
2014.07.01 14:59:55.749,1.95434,1.95477,1.00,1.77
2014.07.01 14:59:56.070,1.95429,1.95469,1.00,1.19
2014.07.01 14:59:56.417,1.95422,1.95462,1.00,1.00
2014.07.01 14:59:56.518,1.95429,1.95468,1.00,1.19
2014.07.01 14:59:56.821,1.95432,1.9547,1.00,1.19
2014.07.01 14:59:56.922,1.95432,1.95476,1.00,1.19
2014.07.01 14:59:57.514,1.95431,1.95468,1.00,1.00
2014.07.01 14:59:58.166,1.95428,1.95469,1.00,1.19
2014.07.01 14:59:58.425,1.95426,1.95469,1.00,1.19
2014.07.01 14:59:58.607,1.9543,1.95469,1.00,1.19
2014.07.01 14:59:59.085,1.95428,1.95469,1.00,1.19
2014.07.01 14:59:59.187,1.95423,1.95467,1.00,1.25
2014.07.01 14:59:59.288,1.95427,1.95468,1.00,1.19
2014.07.01 14:59:59.751,1.9543,1.95468,1.00,1.19
2014.07.01 14:59:59.853,1.95426,1.95468,1.00,1.19
2014.07.01 14:59:59.965,1.95431,1.95468,1.00,1.19
