2014.07.07 22:00:00.391,1.9576,1.95815,0.10,0.10
2014.07.07 22:00:00.584,1.9576,1.9581,0.10,0.10
2014.07.07 22:00:00.635,1.9575,1.95809,0.10,0.10
2014.07.07 22:00:01.326,1.95757,1.95809,0.75,0.10
2014.07.07 22:00:01.630,1.95779,1.95809,0.75,0.10
2014.07.07 22:00:01.681,1.95768,1.95809,0.75,0.10
2014.07.07 22:00:01.731,1.95789,1.95809,0.10,0.10
2014.07.07 22:00:01.832,1.95781,1.95833,0.10,0.19
2014.07.07 22:00:01.933,1.95768,1.95823,0.75,0.10
2014.07.07 22:00:02.034,1.95768,1.95815,0.75,0.10
2014.07.07 22:00:02.888,1.95765,1.95815,0.75,0.10
2014.07.07 22:00:03.003,1.95758,1.95815,0.75,0.10
2014.07.07 22:00:03.222,1.95757,1.95806,0.68,0.10
2014.07.07 22:00:03.588,1.95757,1.95763,0.68,0.12
2014.07.07 22:00:04.196,1.95758,1.95763,0.75,0.23
2014.07.07 22:00:04.453,1.95749,1.95763,0.19,0.23
2014.07.07 22:00:04.774,1.95751,1.95763,0.19,0.23
2014.07.07 22:00:05.279,1.95748,1.95763,0.27,0.23
2014.07.07 22:00:08.084,1.95761,1.95763,0.19,0.23
2014.07.07 22:00:08.336,1.95767,1.95804,0.75,0.10
2014.07.07 22:00:08.387,1.95778,1.95815,0.75,0.10
2014.07.07 22:00:08.489,1.95811,1.95859,0.10,0.75
2014.07.07 22:00:08.590,1.95824,1.95848,0.10,0.75
2014.07.07 22:00:08.892,1.95831,1.95848,0.10,0.75
2014.07.07 22:00:09.360,1.95827,1.95848,0.10,0.75
2014.07.07 22:00:09.575,1.95832,1.95859,0.10,0.75
2014.07.07 22:00:09.883,1.95832,1.95869,0.10,0.75
2014.07.07 22:00:10.035,1.95829,1.95869,0.10,0.75
2014.07.07 22:00:10.142,1.95831,1.95868,0.10,0.75
2014.07.07 22:00:10.461,1.9583,1.95859,0.10,0.75
2014.07.07 22:00:10.562,1.9583,1.95869,0.10,0.75
2014.07.07 22:00:10.800,1.9583,1.9586,0.10,0.19
2014.07.07 22:00:10.901,1.9583,1.95869,0.10,0.75
2014.07.07 22:00:11.102,1.95839,1.9587,0.10,0.19
2014.07.07 22:00:11.203,1.95839,1.95879,0.10,0.75
2014.07.07 22:00:11.254,1.95852,1.95879,0.10,0.75
2014.07.07 22:00:11.680,1.95852,1.95888,0.10,0.75
2014.07.07 22:00:11.870,1.95854,1.95888,0.10,0.75
2014.07.07 22:00:12.098,1.95854,1.95894,0.10,0.19
2014.07.07 22:00:12.510,1.95853,1.959,0.10,0.19
2014.07.07 22:00:12.612,1.95853,1.95908,0.10,0.45
2014.07.07 22:00:12.713,1.95853,1.95911,0.10,0.75
2014.07.07 22:00:12.764,1.95864,1.95911,0.10,0.68
2014.07.07 22:00:12.874,1.95848,1.95905,0.10,0.10
2014.07.07 22:00:12.975,1.95847,1.95885,0.19,0.10
2014.07.07 22:00:13.127,1.95837,1.95885,0.19,0.10
2014.07.07 22:00:13.633,1.95853,1.95911,0.10,0.27
2014.07.07 22:00:15.649,1.95853,1.95904,0.10,0.19
2014.07.07 22:00:16.192,1.95865,1.95904,0.10,0.19
2014.07.07 22:00:16.331,1.95865,1.95918,0.10,0.75
2014.07.07 22:00:16.382,1.95895,1.95921,0.78,0.53
2014.07.07 22:00:16.543,1.95906,1.95935,0.10,0.10
2014.07.07 22:00:16.595,1.9589,1.95935,0.75,0.10
2014.07.07 22:00:16.646,1.95866,1.95919,0.10,0.19
2014.07.07 22:00:16.747,1.95854,1.9589,0.75,1.91
2014.07.07 22:00:16.900,1.95867,1.95891,0.75,0.10
2014.07.07 22:00:17.001,1.95865,1.95892,0.75,0.10
2014.07.07 22:00:17.646,1.95864,1.95892,0.75,0.10
2014.07.07 22:00:17.697,1.95864,1.95881,0.75,0.10
2014.07.07 22:00:17.747,1.95853,1.95881,0.75,0.10
2014.07.07 22:00:17.848,1.95853,1.95869,0.75,0.10
2014.07.07 22:00:18.422,1.95852,1.95869,0.75,0.10
2014.07.07 22:00:18.496,1.95843,1.95869,0.75,0.10
2014.07.07 22:00:18.648,1.95834,1.95869,0.75,0.10
2014.07.07 22:00:18.698,1.95834,1.95856,0.75,0.10
2014.07.07 22:00:18.749,1.95824,1.95856,0.19,0.10
2014.07.07 22:00:18.800,1.95803,1.95834,0.75,0.10
2014.07.07 22:00:18.952,1.95795,1.95834,0.30,0.10
2014.07.07 22:00:19.103,1.95787,1.95834,0.19,0.10
2014.07.07 22:00:19.154,1.95785,1.95834,0.30,0.10
2014.07.07 22:00:19.355,1.95816,1.95855,1.88,1.13
2014.07.07 22:00:19.456,1.95857,1.95886,0.10,0.10
2014.07.07 22:00:19.507,1.95876,1.95886,0.75,0.10
2014.07.07 22:00:19.608,1.95865,1.95888,0.75,0.10
2014.07.07 22:00:19.659,1.95865,1.959,0.75,0.10
2014.07.07 22:00:19.709,1.95865,1.95884,0.75,0.10
2014.07.07 22:00:19.760,1.95825,1.95884,0.10,0.10
2014.07.07 22:00:19.810,1.95823,1.95857,0.10,0.10
2014.07.07 22:00:19.861,1.95811,1.95857,0.53,0.10
2014.07.07 22:00:19.962,1.95812,1.9587,0.10,0.10
2014.07.07 22:00:20.508,1.95813,1.9587,0.19,0.10
2014.07.07 22:00:20.558,1.95835,1.95884,0.10,0.19
2014.07.07 22:00:20.888,1.95856,1.95891,0.10,0.19
2014.07.07 22:00:21.763,1.95856,1.95897,0.10,0.19
2014.07.07 22:00:22.067,1.95856,1.95888,0.10,0.19
2014.07.07 22:00:22.182,1.95856,1.95893,0.10,0.19
2014.07.07 22:00:22.334,1.95845,1.95893,0.10,0.19
2014.07.07 22:00:22.596,1.95845,1.95882,0.10,0.19
2014.07.07 22:00:22.697,1.95845,1.95892,0.10,0.27
2014.07.07 22:00:22.748,1.95832,1.95891,0.10,0.10
2014.07.07 22:00:22.899,1.95832,1.95885,0.10,0.19
2014.07.07 22:00:22.949,1.95823,1.95879,0.10,0.10
2014.07.07 22:00:23.253,1.95823,1.95871,0.10,0.10
2014.07.07 22:00:23.303,1.95811,1.95869,0.10,0.10
2014.07.07 22:00:23.808,1.95811,1.95858,0.10,0.10
2014.07.07 22:00:23.959,1.95808,1.95863,0.19,0.10
2014.07.07 22:00:24.479,1.95807,1.95863,0.10,0.10
2014.07.07 22:00:26.696,1.9581,1.95863,0.19,0.10
2014.07.07 22:00:27.037,1.95817,1.95868,0.10,0.19
2014.07.07 22:00:27.530,1.9582,1.95873,0.19,0.10
2014.07.07 22:00:28.597,1.95825,1.95873,0.19,0.10
2014.07.07 22:00:29.116,1.95815,1.9585,0.19,0.10
2014.07.07 22:00:29.418,1.95815,1.95837,0.19,0.10
2014.07.07 22:00:29.825,1.95815,1.95829,0.19,0.10
2014.07.07 22:00:30.315,1.95808,1.95828,0.19,0.10
2014.07.07 22:00:30.425,1.95808,1.9585,0.19,0.10
2014.07.07 22:00:30.730,1.95821,1.9585,0.19,0.10
2014.07.07 22:00:30.831,1.95821,1.95868,0.19,0.10
2014.07.07 22:00:31.083,1.95821,1.95877,0.19,0.10
2014.07.07 22:00:31.708,1.95827,1.95877,0.19,0.10
2014.07.07 22:00:31.961,1.95827,1.9588,0.27,0.19
2014.07.07 22:00:32.235,1.9583,1.95885,0.19,0.10
2014.07.07 22:00:32.336,1.95835,1.95885,0.10,0.10
2014.07.07 22:00:32.386,1.95837,1.95892,0.10,0.19
2014.07.07 22:00:32.437,1.95841,1.95894,0.19,0.10
2014.07.07 22:00:32.787,1.95845,1.95894,0.10,0.10
2014.07.07 22:00:32.838,1.95846,1.95901,0.10,0.19
2014.07.07 22:00:33.619,1.95846,1.959,0.10,0.19
2014.07.07 22:00:34.362,1.95851,1.95905,0.19,0.10
2014.07.07 22:00:34.767,1.95851,1.95895,0.19,0.10
2014.07.07 22:00:35.538,1.95847,1.95895,0.19,0.10
2014.07.07 22:00:36.585,1.95844,1.95895,0.19,0.10
2014.07.07 22:00:37.747,1.95842,1.95895,0.19,0.10
2014.07.07 22:00:38.544,1.95836,1.95891,0.10,0.19
2014.07.07 22:00:38.645,1.95836,1.95887,0.10,0.10
2014.07.07 22:00:38.746,1.9583,1.95886,0.19,0.10
2014.07.07 22:00:39.600,1.95837,1.95887,0.10,0.10
2014.07.07 22:00:39.650,1.95837,1.95891,0.10,0.19
2014.07.07 22:00:39.701,1.95837,1.95894,0.10,0.10
2014.07.07 22:00:40.505,1.95831,1.95885,0.19,0.10
2014.07.07 22:00:40.817,1.95838,1.95885,0.19,0.10
2014.07.07 22:00:41.807,1.95841,1.95885,0.19,0.10
2014.07.07 22:00:42.143,1.95841,1.95896,0.19,0.10
2014.07.07 22:00:42.763,1.95842,1.95896,0.19,0.10
2014.07.07 22:00:43.766,1.95841,1.95896,0.19,0.10
2014.07.07 22:00:44.770,1.9584,1.95896,0.19,0.10
2014.07.07 22:00:45.734,1.95844,1.95896,0.19,0.10
2014.07.07 22:00:46.737,1.95843,1.95896,0.19,0.10
2014.07.07 22:00:48.746,1.95841,1.95896,0.19,0.27
2014.07.07 22:00:49.750,1.95842,1.95895,0.19,0.19
2014.07.07 22:00:50.665,1.95837,1.95896,0.10,0.10
2014.07.07 22:00:51.520,1.95837,1.95887,0.10,0.10
2014.07.07 22:00:51.571,1.95828,1.95885,0.19,0.10
2014.07.07 22:00:51.861,1.95837,1.95885,0.19,0.10
2014.07.07 22:00:52.418,1.95838,1.95895,0.10,0.10
2014.07.07 22:00:52.927,1.95839,1.95895,0.19,0.10
2014.07.07 22:00:53.868,1.9584,1.95895,0.19,0.10
2014.07.07 22:00:55.915,1.95837,1.95885,0.19,0.10
2014.07.07 22:00:56.016,1.95829,1.95885,0.10,0.10
2014.07.07 22:00:56.117,1.95831,1.95885,0.75,0.10
2014.07.07 22:00:56.419,1.95836,1.95888,0.10,0.19
2014.07.07 22:00:57.289,1.95836,1.95894,0.10,0.19
2014.07.07 22:00:58.327,1.95836,1.95892,0.10,0.19
2014.07.07 22:00:59.295,1.95836,1.95894,0.27,0.19
2014.07.07 22:01:00.795,1.95843,1.95894,0.10,0.19
2014.07.07 22:01:01.116,1.95845,1.95894,0.10,0.19
2014.07.07 22:01:01.304,1.95845,1.959,0.10,0.19
2014.07.07 22:01:02.308,1.95846,1.95903,0.19,0.10
2014.07.07 22:01:02.668,1.95853,1.95904,0.10,0.19
2014.07.07 22:01:03.316,1.95853,1.95908,0.27,0.19
2014.07.07 22:01:04.320,1.95855,1.95911,0.19,0.19
2014.07.07 22:01:05.325,1.95857,1.9591,0.19,0.19
2014.07.07 22:01:06.630,1.95854,1.95912,0.19,0.27
2014.07.07 22:01:07.635,1.95854,1.95911,0.19,0.19
2014.07.07 22:01:09.643,1.95853,1.95912,0.27,0.27
2014.07.07 22:01:10.085,1.95859,1.95912,0.19,0.10
2014.07.07 22:01:10.546,1.95865,1.95915,0.10,0.19
2014.07.07 22:01:10.848,1.95883,1.95929,0.10,0.19
2014.07.07 22:01:11.854,1.95883,1.95939,0.27,0.19
2014.07.07 22:01:12.891,1.95883,1.9594,0.10,0.10
2014.07.07 22:01:14.062,1.95883,1.95935,0.10,0.19
2014.07.07 22:01:17.534,1.95892,1.95935,0.10,0.19
2014.07.07 22:01:17.686,1.95884,1.95935,0.10,0.19
2014.07.07 22:01:19.003,1.95884,1.95939,0.10,0.19
2014.07.07 22:01:20.039,1.95884,1.9594,0.10,0.27
2014.07.07 22:01:22.046,1.95884,1.95934,0.10,0.19
2014.07.07 22:01:23.067,1.95884,1.95936,0.10,0.19
2014.07.07 22:01:23.548,1.95884,1.95938,0.10,0.19
2014.07.07 22:01:23.829,1.95884,1.95929,0.10,0.19
2014.07.07 22:01:23.930,1.95868,1.95924,0.10,0.10
2014.07.07 22:01:23.981,1.95868,1.95916,0.10,0.19
2014.07.07 22:01:24.133,1.95859,1.95916,0.10,0.27
2014.07.07 22:01:24.234,1.95868,1.95916,0.10,0.19
2014.07.07 22:01:24.537,1.95877,1.95916,0.10,0.19
2014.07.07 22:01:24.739,1.95877,1.95928,0.10,0.19
2014.07.07 22:01:25.840,1.95877,1.95931,0.10,0.19
2014.07.07 22:01:26.877,1.95877,1.95933,0.10,0.19
2014.07.07 22:01:27.558,1.95877,1.95924,0.10,0.19
2014.07.07 22:01:28.157,1.95877,1.95933,0.10,0.19
2014.07.07 22:01:28.409,1.95885,1.95933,0.10,0.19
2014.07.07 22:01:28.931,1.95886,1.95933,0.10,0.19
2014.07.07 22:01:29.186,1.95886,1.95935,0.10,0.19
2014.07.07 22:01:30.157,1.95886,1.95939,0.10,0.19
2014.07.07 22:01:31.109,1.95909,1.95939,0.10,0.19
2014.07.07 22:01:31.210,1.95912,1.95952,0.10,0.19
2014.07.07 22:01:31.412,1.95912,1.95966,0.10,0.19
2014.07.07 22:01:31.786,1.95919,1.95968,0.19,0.10
2014.07.07 22:01:33.115,1.95916,1.95968,0.19,0.10
2014.07.07 22:01:34.075,1.95914,1.95968,0.19,0.10
2014.07.07 22:01:35.104,1.95915,1.95968,0.19,0.10
2014.07.07 22:01:35.489,1.95917,1.95968,0.10,0.10
2014.07.07 22:01:35.838,1.95919,1.95969,0.10,0.19
2014.07.07 22:01:36.083,1.95919,1.95975,0.27,0.19
2014.07.07 22:01:36.786,1.95926,1.95978,0.19,0.10
2014.07.07 22:01:37.089,1.9598,1.96017,0.75,0.10
2014.07.07 22:01:37.140,1.95969,1.96017,0.10,0.10
2014.07.07 22:01:37.191,1.9597,1.96029,0.10,0.10
2014.07.07 22:01:37.242,1.95975,1.96029,0.19,0.10
2014.07.07 22:01:37.444,1.9597,1.96029,0.10,0.10
2014.07.07 22:01:37.595,1.9597,1.96017,0.10,0.10
2014.07.07 22:01:37.646,1.95961,1.96016,0.19,0.10
2014.07.07 22:01:37.696,1.95973,1.96016,0.19,0.10
2014.07.07 22:01:37.849,1.95973,1.96024,0.19,0.10
2014.07.07 22:01:39.102,1.95968,1.96024,0.10,0.10
2014.07.07 22:01:40.187,1.95968,1.96021,0.10,0.19
2014.07.07 22:01:40.489,1.95972,1.96024,0.19,0.10
2014.07.07 22:01:41.745,1.95968,1.96017,0.10,0.19
2014.07.07 22:01:41.796,1.95962,1.96016,0.19,0.10
2014.07.07 22:01:42.315,1.95968,1.96017,0.10,0.19
2014.07.07 22:01:43.136,1.95969,1.96024,0.19,0.27
2014.07.07 22:01:44.925,1.9598,1.96024,0.19,0.10
2014.07.07 22:01:44.976,1.9598,1.96026,0.19,0.10
2014.07.07 22:01:45.027,1.9598,1.96034,0.19,0.10
2014.07.07 22:01:46.364,1.95976,1.96032,0.10,0.19
2014.07.07 22:01:47.373,1.95976,1.96028,0.10,0.19
2014.07.07 22:01:48.336,1.95976,1.96029,0.10,0.19
2014.07.07 22:01:49.341,1.95976,1.96025,0.10,0.19
2014.07.07 22:01:50.845,1.95976,1.96034,0.10,0.10
2014.07.07 22:01:51.849,1.95976,1.96033,0.10,0.19
2014.07.07 22:01:53.856,1.95976,1.96027,0.10,0.19
2014.07.07 22:01:54.226,1.95972,1.96025,0.19,0.10
2014.07.07 22:01:54.995,1.95972,1.96027,0.27,0.19
2014.07.07 22:01:55.097,1.9598,1.96027,0.10,0.19
2014.07.07 22:01:56.165,1.9598,1.96035,0.27,0.19
2014.07.07 22:01:56.534,1.9598,1.96032,0.27,0.10
2014.07.07 22:01:56.996,1.9598,1.96029,0.19,0.10
2014.07.07 22:01:57.168,1.95975,1.96029,0.19,0.10
2014.07.07 22:01:58.171,1.95976,1.96029,0.19,0.27
2014.07.07 22:01:59.175,1.95975,1.96028,0.19,0.19
2014.07.07 22:01:59.319,1.95975,1.96021,0.19,0.10
2014.07.07 22:01:59.875,1.95975,1.96022,0.19,0.10
2014.07.07 22:01:59.926,1.95975,1.96028,0.19,0.19
2014.07.07 22:02:00.215,1.95977,1.9603,0.19,0.10
2014.07.07 22:02:00.518,1.95991,1.9604,0.10,0.10
2014.07.07 22:02:01.044,1.95991,1.96041,0.10,0.19
2014.07.07 22:02:01.395,1.95991,1.96038,0.10,0.75
2014.07.07 22:02:03.177,1.95983,1.96038,0.19,0.19
2014.07.07 22:02:03.790,1.95982,1.96033,0.10,0.19
2014.07.07 22:02:04.094,1.95994,1.96033,0.10,0.19
2014.07.07 22:02:05.027,1.95994,1.96037,0.10,0.19
2014.07.07 22:02:07.706,1.95994,1.96034,0.10,0.19
2014.07.07 22:02:08.710,1.95994,1.96036,0.10,0.19
2014.07.07 22:02:09.026,1.96001,1.96036,0.10,0.19
2014.07.07 22:02:09.344,1.96004,1.96039,0.10,0.75
2014.07.07 22:02:09.395,1.96004,1.96049,0.10,0.75
2014.07.07 22:02:09.863,1.95991,1.96049,0.10,0.75
2014.07.07 22:02:10.334,1.95991,1.96043,0.10,0.19
2014.07.07 22:02:10.722,1.96,1.96043,0.10,0.19
2014.07.07 22:02:11.132,1.96,1.96054,0.10,0.19
2014.07.07 22:02:11.183,1.96,1.96049,0.10,0.75
2014.07.07 22:02:11.795,1.96,1.96054,0.10,0.19
2014.07.07 22:02:12.362,1.96,1.96053,0.10,0.19
2014.07.07 22:02:13.248,1.96,1.96052,0.10,0.75
2014.07.07 22:02:13.349,1.96,1.96043,0.10,0.19
2014.07.07 22:02:13.602,1.95991,1.96043,0.10,0.19
2014.07.07 22:02:14.840,1.95991,1.96045,0.10,0.19
2014.07.07 22:02:15.489,1.95999,1.96045,0.10,0.19
2014.07.07 22:02:15.845,1.96001,1.96045,0.10,0.19
2014.07.07 22:02:17.076,1.96001,1.96041,0.10,0.19
2014.07.07 22:02:17.543,1.95991,1.96041,0.10,0.19
2014.07.07 22:02:18.062,1.95991,1.96042,0.10,0.19
2014.07.07 22:02:19.058,1.95991,1.9604,0.10,0.19
2014.07.07 22:02:20.462,1.95991,1.96043,0.10,0.19
2014.07.07 22:02:20.915,1.95999,1.96043,0.10,0.19
2014.07.07 22:02:21.904,1.95999,1.96045,0.10,0.19
2014.07.07 22:02:22.895,1.95999,1.96043,0.10,0.19
2014.07.07 22:02:23.239,1.95991,1.96043,0.10,0.19
2014.07.07 22:02:23.903,1.95984,1.96038,0.19,0.10
2014.07.07 22:02:24.612,1.95989,1.96038,0.10,0.10
2014.07.07 22:02:24.663,1.95991,1.96041,0.10,0.19
2014.07.07 22:02:24.915,1.95991,1.96037,0.10,0.19
2014.07.07 22:02:26.991,1.95991,1.96036,0.10,0.19
2014.07.07 22:02:27.995,1.95991,1.96038,0.10,0.19
2014.07.07 22:02:28.227,1.95982,1.96038,0.27,0.19
2014.07.07 22:02:28.998,1.95982,1.96033,0.10,0.19
2014.07.07 22:02:30.804,1.95982,1.96032,0.10,0.19
2014.07.07 22:02:31.220,1.9598,1.9603,0.10,0.10
2014.07.07 22:02:31.271,1.95976,1.9603,0.19,0.10
2014.07.07 22:02:31.625,1.95974,1.9602,0.10,0.19
2014.07.07 22:02:33.614,1.95974,1.96018,0.10,0.19
2014.07.07 22:02:33.865,1.95983,1.96029,0.10,0.19
2014.07.07 22:02:34.855,1.95983,1.96038,0.10,0.19
2014.07.07 22:02:35.835,1.95983,1.96034,0.10,0.19
2014.07.07 22:02:36.836,1.95983,1.96031,0.10,0.19
2014.07.07 22:02:37.973,1.95983,1.96034,0.10,0.19
2014.07.07 22:02:39.328,1.95983,1.96036,0.10,0.19
2014.07.07 22:02:40.332,1.95983,1.96033,0.10,0.19
2014.07.07 22:02:42.340,1.95983,1.96039,0.10,0.19
2014.07.07 22:02:43.345,1.95983,1.96037,0.27,0.19
2014.07.07 22:02:44.349,1.95983,1.96036,0.10,0.19
2014.07.07 22:02:45.354,1.95983,1.96034,0.10,0.19
2014.07.07 22:02:46.407,1.95983,1.96035,0.10,0.19
2014.07.07 22:02:47.398,1.95983,1.96033,0.10,0.19
2014.07.07 22:02:49.394,1.95983,1.96036,0.27,0.19
2014.07.07 22:02:50.376,1.95983,1.96034,0.10,0.19
2014.07.07 22:02:51.379,1.95983,1.96033,0.10,0.19
2014.07.07 22:02:52.433,1.95983,1.96032,0.10,0.19
2014.07.07 22:02:53.415,1.95983,1.96033,0.10,0.19
2014.07.07 22:02:54.002,1.95982,1.96033,0.83,0.19
2014.07.07 22:02:54.572,1.95982,1.96034,0.94,0.10
2014.07.07 22:02:56.833,1.95981,1.96033,0.75,0.19
2014.07.07 22:02:57.834,1.95981,1.96034,0.75,0.27
2014.07.07 22:02:58.810,1.95981,1.96033,0.75,0.19
2014.07.07 22:03:00.083,1.95982,1.96033,0.75,0.19
2014.07.07 22:03:01.420,1.95982,1.9603,0.75,0.19
2014.07.07 22:03:02.424,1.95982,1.96028,0.75,0.19
2014.07.07 22:03:04.042,1.95975,1.96028,0.27,0.19
2014.07.07 22:03:04.567,1.95975,1.96029,0.10,0.19
2014.07.07 22:03:07.159,1.95975,1.96026,0.10,0.19
2014.07.07 22:03:08.328,1.95971,1.96024,0.94,0.10
2014.07.07 22:03:11.302,1.95982,1.96024,0.75,0.10
2014.07.07 22:03:12.842,1.95971,1.96024,0.75,0.10
2014.07.07 22:03:15.372,1.95982,1.96024,0.75,0.10
2014.07.07 22:03:15.706,1.95971,1.96024,0.75,0.10
2014.07.07 22:03:16.041,1.95982,1.96024,0.75,0.10
2014.07.07 22:03:16.362,1.95971,1.96014,0.75,0.10
2014.07.07 22:03:16.802,1.95961,1.96014,0.75,0.10
2014.07.07 22:03:17.135,1.95971,1.96014,0.75,0.10
2014.07.07 22:03:17.792,1.95972,1.96014,0.75,0.10
2014.07.07 22:03:18.310,1.95971,1.96014,0.75,0.10
2014.07.07 22:03:18.564,1.95962,1.96014,0.75,0.10
2014.07.07 22:03:20.916,1.95972,1.96014,0.75,0.27
2014.07.07 22:03:21.422,1.95971,1.96014,0.75,0.10
2014.07.07 22:03:29.562,1.95963,1.96014,0.19,0.10
2014.07.07 22:03:30.943,1.95965,1.96014,0.19,0.10
2014.07.07 22:03:31.462,1.95965,1.96006,0.19,0.10
2014.07.07 22:03:31.563,1.95953,1.96006,0.19,0.10
2014.07.07 22:03:32.550,1.95951,1.96006,0.19,0.10
2014.07.07 22:03:33.854,1.95952,1.96006,0.75,0.10
2014.07.07 22:03:34.404,1.95951,1.96006,0.19,0.10
2014.07.07 22:03:34.561,1.95949,1.96006,0.19,0.10
2014.07.07 22:03:34.842,1.95951,1.96006,0.75,0.10
2014.07.07 22:03:35.394,1.95952,1.96006,0.75,0.10
2014.07.07 22:03:35.925,1.95951,1.96006,0.75,0.10
2014.07.07 22:03:36.830,1.95949,1.96006,0.19,0.10
2014.07.07 22:03:37.032,1.95949,1.95997,0.19,0.10
2014.07.07 22:03:37.976,1.95942,1.95997,0.19,0.10
2014.07.07 22:03:38.234,1.95942,1.95988,0.19,0.10
2014.07.07 22:03:39.178,1.95937,1.95988,0.19,0.10
2014.07.07 22:03:40.182,1.95936,1.95988,0.19,0.10
2014.07.07 22:03:41.186,1.95935,1.95988,0.19,0.10
2014.07.07 22:03:42.102,1.95941,1.95988,0.75,0.10
2014.07.07 22:03:44.914,1.95932,1.95988,0.75,0.10
2014.07.07 22:03:45.132,1.95941,1.95988,0.75,0.10
2014.07.07 22:03:45.398,1.95936,1.95988,0.19,0.10
2014.07.07 22:03:45.791,1.95941,1.95988,0.75,0.10
2014.07.07 22:03:46.601,1.95936,1.95988,0.19,0.10
2014.07.07 22:03:47.329,1.95934,1.95988,0.19,0.10
2014.07.07 22:03:47.552,1.95942,1.95988,0.75,0.10
2014.07.07 22:03:48.542,1.95936,1.95979,0.19,0.10
2014.07.07 22:03:49.519,1.95931,1.95979,0.75,0.10
2014.07.07 22:03:51.624,1.95932,1.95979,0.75,0.10
2014.07.07 22:03:52.228,1.95931,1.95979,0.75,0.10
2014.07.07 22:03:52.635,1.95941,1.95979,0.75,0.10
2014.07.07 22:03:53.161,1.95942,1.95979,0.75,0.10
2014.07.07 22:03:53.822,1.95941,1.95979,0.75,0.10
2014.07.07 22:03:55.693,1.95942,1.95979,0.75,0.10
2014.07.07 22:03:57.593,1.95931,1.95979,0.75,0.10
2014.07.07 22:03:57.939,1.95941,1.95979,0.75,0.10
2014.07.07 22:04:00.614,1.95941,1.95974,0.75,0.19
2014.07.07 22:04:00.912,1.95931,1.95974,0.75,0.19
2014.07.07 22:04:01.722,1.95931,1.95986,1.00,1.77
2014.07.07 22:04:02.689,1.95931,1.95984,1.00,1.34
2014.07.07 22:04:05.592,1.95922,1.95984,1.00,1.34
2014.07.07 22:04:05.643,1.95922,1.95977,1.00,1.02
2014.07.07 22:04:05.957,1.95941,1.95979,1.00,1.98
2014.07.07 22:04:06.059,1.95932,1.95979,1.00,1.98
2014.07.07 22:04:06.622,1.95931,1.95979,1.00,1.98
2014.07.07 22:04:07.451,1.95932,1.95977,1.00,1.02
2014.07.07 22:04:09.152,1.9593,1.95977,1.00,1.02
2014.07.07 22:04:09.692,1.95931,1.95977,1.00,1.02
2014.07.07 22:04:10.422,1.95931,1.95977,1.00,1.02
2014.07.07 22:04:11.210,1.95931,1.95977,1.00,1.02
2014.07.07 22:04:11.902,1.95935,1.95977,1.00,1.02
2014.07.07 22:04:12.225,1.95935,1.95979,1.00,1.27
2014.07.07 22:04:12.276,1.95935,1.95986,1.00,1.77
2014.07.07 22:04:12.929,1.95935,1.95984,1.00,1.34
2014.07.07 22:04:13.920,1.95935,1.95982,1.00,1.34
2014.07.07 22:04:14.961,1.95935,1.95985,1.00,1.34
2014.07.07 22:04:15.950,1.95935,1.95982,1.00,1.34
2014.07.07 22:04:21.694,1.95935,1.95984,1.00,1.34
2014.07.07 22:04:23.676,1.95935,1.95984,1.00,1.34
2014.07.07 22:04:25.772,1.9593,1.95976,1.00,1.02
2014.07.07 22:04:25.873,1.95928,1.95976,1.00,1.02
2014.07.07 22:04:30.432,1.95928,1.95969,1.00,1.98
2014.07.07 22:04:30.482,1.95924,1.95969,1.00,1.98
2014.07.07 22:04:30.583,1.95911,1.95958,1.00,1.00
2014.07.07 22:04:30.634,1.95911,1.95958,1.00,1.75
2014.07.07 22:04:30.937,1.95904,1.95949,1.00,1.02
2014.07.07 22:04:31.248,1.95898,1.95948,1.00,1.34
2014.07.07 22:04:31.946,1.95898,1.95944,1.00,1.02
2014.07.07 22:04:33.086,1.95898,1.95946,1.00,1.27
2014.07.07 22:04:34.621,1.95898,1.95949,1.00,1.34
2014.07.07 22:04:35.613,1.95898,1.95949,1.00,1.34
2014.07.07 22:04:36.817,1.95898,1.9595,1.00,1.34
2014.07.07 22:04:37.151,1.95898,1.95948,1.00,1.34
2014.07.07 22:04:37.302,1.95878,1.95948,1.83,1.84
2014.07.07 22:04:37.504,1.95878,1.95941,1.00,1.02
2014.07.07 22:04:38.141,1.95878,1.95941,1.00,1.02
2014.07.07 22:04:38.863,1.95872,1.95941,1.84,1.02
2014.07.07 22:04:39.191,1.95872,1.9594,1.84,1.34
2014.07.07 22:04:40.130,1.95872,1.95938,1.84,1.34
2014.07.07 22:04:41.154,1.95872,1.95937,1.84,1.37
2014.07.07 22:04:41.458,1.95882,1.95937,1.00,1.37
2014.07.07 22:04:41.781,1.95891,1.95937,1.00,1.37
2014.07.07 22:04:42.858,1.95891,1.95941,1.00,1.02
2014.07.07 22:04:46.070,1.95887,1.95941,1.00,1.02
2014.07.07 22:04:46.240,1.95893,1.95941,1.00,1.02
2014.07.07 22:04:51.272,1.95893,1.95941,1.00,1.02
2014.07.07 22:04:52.276,1.95893,1.95941,1.00,1.02
2014.07.07 22:04:57.302,1.95893,1.95944,1.00,1.02
2014.07.07 22:04:57.353,1.95893,1.9595,1.00,1.02
2014.07.07 22:04:58.294,1.95893,1.95949,1.00,1.34
2014.07.07 22:04:59.298,1.95893,1.9595,1.00,1.02
2014.07.07 22:05:00.316,1.95893,1.9595,1.00,1.77
2014.07.07 22:05:02.251,1.95895,1.9595,1.00,1.77
2014.07.07 22:05:02.352,1.95895,1.9595,1.00,1.02
2014.07.07 22:05:03.344,1.95895,1.9595,1.00,1.77
2014.07.07 22:05:05.343,1.95895,1.9595,1.00,1.02
2014.07.07 22:05:06.328,1.95895,1.9595,1.00,1.02
2014.07.07 22:05:10.759,1.95891,1.95947,1.00,1.34
2014.07.07 22:05:12.050,1.95891,1.95947,1.00,1.34
2014.07.07 22:05:12.643,1.95892,1.95947,1.00,1.34
2014.07.07 22:05:13.169,1.95892,1.95947,1.00,1.34
2014.07.07 22:05:16.322,1.9589,1.95947,1.00,1.34
2014.07.07 22:05:16.372,1.9589,1.95947,1.00,1.34
2014.07.07 22:05:16.475,1.95884,1.95942,1.08,1.19
2014.07.07 22:05:16.576,1.95891,1.95942,1.00,1.19
2014.07.07 22:05:17.237,1.95883,1.95943,1.18,1.29
2014.07.07 22:05:17.413,1.95883,1.95943,1.18,1.29
2014.07.07 22:05:17.514,1.95883,1.95941,1.00,1.02
2014.07.07 22:05:19.075,1.95891,1.95941,1.00,1.02
2014.07.07 22:05:19.621,1.95891,1.95941,1.00,1.02
2014.07.07 22:05:19.924,1.95912,1.95952,1.00,1.27
2014.07.07 22:05:19.974,1.95912,1.95961,1.00,1.34
2014.07.07 22:05:20.227,1.95912,1.95967,1.00,1.34
2014.07.07 22:05:20.529,1.95911,1.9597,1.08,1.27
2014.07.07 22:05:20.731,1.95921,1.95976,1.00,1.34
2014.07.07 22:05:21.207,1.95926,1.95979,1.00,1.34
2014.07.07 22:05:21.315,1.95926,1.95985,1.00,1.34
2014.07.07 22:05:21.416,1.95931,1.95989,1.00,1.84
2014.07.07 22:05:22.290,1.95931,1.95989,1.00,1.34
2014.07.07 22:05:22.830,1.95932,1.95989,1.00,1.34
2014.07.07 22:05:24.297,1.95932,1.95989,1.00,1.34
2014.07.07 22:05:24.837,1.95931,1.95989,1.00,1.34
2014.07.07 22:05:30.841,1.95932,1.95989,1.00,1.34
2014.07.07 22:05:33.371,1.95931,1.95989,1.00,1.34
2014.07.07 22:05:34.691,1.95931,1.95989,1.58,1.27
2014.07.07 22:05:34.993,1.95935,1.95994,1.19,1.18
2014.07.07 22:05:35.094,1.95938,1.96007,1.02,1.34
2014.07.07 22:05:35.497,1.95951,1.96007,1.00,1.34
2014.07.07 22:05:35.722,1.95938,1.96007,1.02,1.34
2014.07.07 22:05:36.162,1.95936,1.95988,1.50,1.19
2014.07.07 22:05:36.213,1.9593,1.95988,1.37,1.19
2014.07.07 22:05:36.263,1.95924,1.95982,2.08,1.19
2014.07.07 22:05:36.365,1.95932,1.95982,1.27,1.00
2014.07.07 22:05:36.467,1.95933,1.95997,1.29,1.77
2014.07.07 22:05:36.618,1.95933,1.95997,1.77,1.69
2014.07.07 22:05:36.719,1.95938,1.96006,1.34,1.02
2014.07.07 22:05:37.744,1.95938,1.96006,1.34,1.02
2014.07.07 22:05:40.962,1.95938,1.95997,1.15,1.19
2014.07.07 22:05:41.444,1.95922,1.95983,2.07,1.08
2014.07.07 22:05:41.645,1.95914,1.95983,1.02,1.34
2014.07.07 22:05:44.082,1.95914,1.95981,1.02,1.34
2014.07.07 22:05:45.071,1.95914,1.95981,1.02,1.34
2014.07.07 22:05:46.064,1.95914,1.95981,1.02,1.34
2014.07.07 22:05:46.394,1.95914,1.95968,1.02,1.00
2014.07.07 22:05:46.496,1.959,1.9596,1.84,1.00
2014.07.07 22:05:46.597,1.959,1.95953,1.34,1.00
2014.07.07 22:05:47.868,1.95898,1.95953,1.02,1.00
2014.07.07 22:05:50.221,1.95898,1.95962,1.77,1.27
2014.07.07 22:05:50.272,1.95909,1.95962,1.50,1.19
2014.07.07 22:05:50.324,1.9591,1.95967,1.02,1.00
2014.07.07 22:05:50.475,1.9591,1.9597,1.02,1.25
2014.07.07 22:05:50.793,1.9591,1.95966,1.02,1.00
2014.07.07 22:05:50.912,1.9591,1.9598,1.02,1.34
2014.07.07 22:05:51.396,1.95913,1.95981,1.34,1.34
2014.07.07 22:05:52.387,1.95915,1.95981,1.34,1.34
2014.07.07 22:05:56.404,1.95915,1.95981,1.34,1.34
2014.07.07 22:05:58.309,1.95914,1.95981,1.34,1.40
2014.07.07 22:06:00.360,1.95915,1.95981,1.34,1.40
2014.07.07 22:06:00.461,1.9591,1.95981,1.02,1.40
2014.07.07 22:06:04.033,1.9591,1.95981,1.02,1.34
2014.07.07 22:06:06.443,1.95917,1.95982,1.29,1.02
2014.07.07 22:06:08.408,1.95917,1.95982,1.29,1.02
2014.07.07 22:06:09.412,1.95917,1.95982,1.77,1.02
2014.07.07 22:06:10.516,1.95917,1.95987,1.34,1.02
2014.07.07 22:06:10.617,1.95917,1.95987,1.15,1.02
2014.07.07 22:06:10.718,1.9593,1.95987,1.00,1.02
2014.07.07 22:06:12.980,1.95926,1.95987,1.00,1.02
2014.07.07 22:06:13.512,1.95927,1.95987,1.00,1.02
2014.07.07 22:06:13.613,1.95925,1.95986,1.00,1.34
2014.07.07 22:06:14.028,1.95925,1.95986,1.00,1.34
2014.07.07 22:06:14.355,1.95925,1.95974,1.00,1.02
2014.07.07 22:06:14.456,1.9592,1.95974,1.00,1.02
2014.07.07 22:06:14.657,1.95927,1.95974,1.00,1.02
2014.07.07 22:06:14.977,1.95925,1.95974,1.00,1.02
2014.07.07 22:06:17.583,1.95925,1.95979,1.00,1.02
2014.07.07 22:06:17.635,1.95927,1.95986,1.00,1.77
2014.07.07 22:06:18.045,1.95927,1.95986,1.00,1.02
2014.07.07 22:06:18.960,1.95931,1.95986,1.00,1.02
2014.07.07 22:06:19.150,1.95927,1.95986,1.00,1.02
2014.07.07 22:06:20.704,1.95931,1.95987,1.00,1.98
2014.07.07 22:06:20.995,1.95931,1.95995,1.10,1.02
2014.07.07 22:06:21.608,1.95931,1.95995,1.10,1.02
2014.07.07 22:06:21.950,1.95931,1.95998,1.83,1.27
2014.07.07 22:06:22.690,1.95932,1.96004,1.02,1.02
2014.07.07 22:06:23.251,1.95938,1.96005,1.50,1.19
2014.07.07 22:06:23.866,1.9594,1.96004,1.30,1.19
2014.07.07 22:06:24.870,1.9594,1.96006,1.02,1.29
2014.07.07 22:06:25.210,1.95933,1.96002,1.34,1.02
2014.07.07 22:06:25.681,1.9594,1.96006,1.02,1.37
2014.07.07 22:06:25.963,1.9594,1.96009,1.02,1.34
2014.07.07 22:06:26.319,1.95952,1.96009,1.00,1.34
2014.07.07 22:06:26.370,1.95952,1.96012,1.19,1.02
2014.07.07 22:06:26.739,1.95949,1.9601,1.19,1.02
2014.07.07 22:06:26.991,1.95952,1.96013,1.27,1.27
2014.07.07 22:06:27.871,1.95952,1.96009,1.00,1.02
2014.07.07 22:06:29.875,1.95952,1.96009,1.00,1.02
2014.07.07 22:06:31.170,1.95947,1.96008,1.00,1.34
2014.07.07 22:06:31.929,1.95937,1.96008,1.02,1.34
2014.07.07 22:06:31.980,1.95937,1.96008,1.02,1.34
2014.07.07 22:06:33.085,1.95937,1.96008,1.02,1.34
2014.07.07 22:06:34.088,1.95937,1.96008,1.02,1.34
2014.07.07 22:06:35.107,1.95937,1.96008,1.02,1.34
2014.07.07 22:06:36.095,1.95937,1.96008,1.02,1.34
2014.07.07 22:06:37.098,1.95937,1.96008,1.02,1.34
2014.07.07 22:06:38.100,1.95937,1.96008,1.02,1.84
2014.07.07 22:06:39.103,1.95937,1.96008,1.02,1.34
2014.07.07 22:06:40.167,1.95937,1.96008,1.02,1.84
2014.07.07 22:06:41.109,1.95937,1.96008,1.02,1.34
2014.07.07 22:06:43.115,1.95937,1.96008,1.02,1.34
2014.07.07 22:06:46.171,1.95937,1.96008,1.02,1.34
2014.07.07 22:06:47.175,1.95937,1.96008,1.02,1.84
2014.07.07 22:06:48.150,1.95937,1.96008,1.02,1.84
2014.07.07 22:06:48.802,1.95939,1.96008,1.02,1.84
2014.07.07 22:06:49.382,1.95939,1.96008,1.02,2.59
2014.07.07 22:06:52.148,1.95939,1.96008,1.02,1.84
2014.07.07 22:06:53.151,1.95939,1.96008,1.02,1.84
2014.07.07 22:06:54.155,1.95939,1.96008,1.02,1.84
2014.07.07 22:06:55.203,1.95939,1.96008,1.77,1.34
2014.07.07 22:06:56.162,1.95939,1.96008,1.77,1.34
2014.07.07 22:06:57.168,1.95939,1.96008,1.77,1.34
2014.07.07 22:06:59.177,1.95939,1.96008,1.77,1.84
2014.07.07 22:07:01.085,1.95939,1.96008,1.58,1.34
2014.07.07 22:07:01.590,1.95939,1.95999,1.58,1.00
2014.07.07 22:07:05.202,1.95937,1.95999,1.50,1.19
2014.07.07 22:07:06.350,1.95937,1.95998,1.50,1.25
2014.07.07 22:07:12.305,1.95951,1.95998,1.00,1.00
2014.07.07 22:07:13.712,1.95938,1.95998,1.02,1.00
2014.07.07 22:07:16.250,1.95939,1.95998,1.02,1.00
2014.07.07 22:07:20.357,1.95937,1.95998,2.44,1.19
2014.07.07 22:07:23.068,1.95939,1.95998,1.02,1.00
2014.07.07 22:07:24.071,1.95939,1.95998,1.02,1.19
2014.07.07 22:07:25.211,1.95939,1.95998,1.02,1.25
2014.07.07 22:07:32.601,1.95937,1.95998,2.25,1.19
2014.07.07 22:07:33.226,1.95937,1.95989,1.50,1.00
2014.07.07 22:07:33.604,1.95937,1.95989,1.50,1.19
2014.07.07 22:07:34.272,1.95933,1.95989,1.34,1.19
2014.07.07 22:07:34.609,1.95933,1.95989,1.15,1.25
2014.07.07 22:07:45.721,1.95933,1.95988,1.40,1.00
2014.07.07 22:07:48.582,1.95928,1.95986,1.50,1.00
2014.07.07 22:07:50.209,1.95928,1.95979,1.50,1.00
2014.07.07 22:07:51.337,1.95927,1.95979,1.85,1.00
2014.07.07 22:07:51.438,1.95927,1.95979,1.10,1.00
2014.07.07 22:07:52.760,1.95922,1.95979,1.15,1.19
2014.07.07 22:07:53.762,1.95922,1.95979,1.15,1.25
2014.07.07 22:07:55.770,1.95922,1.95979,1.15,1.19
2014.07.07 22:07:56.773,1.95922,1.95979,1.34,1.25
2014.07.07 22:08:01.667,1.95922,1.95978,1.34,1.00
2014.07.07 22:08:01.718,1.95922,1.95978,1.15,1.19
2014.07.07 22:08:03.096,1.95922,1.95978,1.34,1.25
2014.07.07 22:08:03.618,1.95922,1.95977,1.15,1.19
2014.07.07 22:08:04.018,1.95918,1.95974,1.50,1.19
2014.07.07 22:08:05.104,1.95918,1.95974,1.50,1.19
2014.07.07 22:08:06.149,1.9592,1.95974,1.02,1.00
2014.07.07 22:08:06.861,1.9592,1.95968,1.02,1.00
2014.07.07 22:08:07.184,1.95918,1.95964,1.50,1.00
2014.07.07 22:08:11.691,1.95915,1.95964,1.02,1.00
2014.07.07 22:08:12.420,1.95915,1.95964,1.02,1.00
2014.07.07 22:08:12.658,1.95914,1.95955,1.50,1.00
2014.07.07 22:08:13.014,1.95914,1.95949,1.50,1.00
2014.07.07 22:08:13.222,1.95905,1.9595,1.02,1.00
2014.07.07 22:08:15.005,1.95904,1.95951,1.02,1.00
2014.07.07 22:08:21.128,1.95903,1.95952,1.50,1.00
2014.07.07 22:08:23.049,1.95903,1.95952,1.50,1.19
2014.07.07 22:08:23.258,1.95903,1.95945,1.50,1.00
2014.07.07 22:08:30.460,1.95892,1.95945,1.77,1.00
2014.07.07 22:08:30.511,1.95892,1.95945,1.02,1.00
2014.07.07 22:08:30.839,1.95892,1.9594,1.02,1.00
2014.07.07 22:08:30.940,1.95892,1.95944,1.02,1.00
2014.07.07 22:08:31.138,1.95892,1.95942,1.02,1.00
2014.07.07 22:08:31.501,1.95892,1.95945,1.02,1.00
2014.07.07 22:08:32.168,1.95892,1.95947,1.02,1.00
2014.07.07 22:08:33.176,1.95897,1.95947,1.02,1.00
2014.07.07 22:08:33.683,1.959,1.95948,1.50,1.00
2014.07.07 22:08:34.695,1.95901,1.95953,1.02,1.00
2014.07.07 22:08:36.657,1.95901,1.95954,1.02,1.00
2014.07.07 22:08:41.733,1.95906,1.95959,1.15,1.19
2014.07.07 22:08:43.624,1.95906,1.95959,1.40,1.25
2014.07.07 22:08:45.729,1.95906,1.95959,1.34,1.00
2014.07.07 22:08:46.308,1.95906,1.95958,1.34,1.00
2014.07.07 22:08:46.680,1.95913,1.95958,1.00,1.00
2014.07.07 22:08:47.009,1.95913,1.95958,1.15,1.00
2014.07.07 22:08:57.877,1.95907,1.95959,2.25,1.25
2014.07.07 22:08:59.326,1.9591,1.95958,1.30,1.00
2014.07.07 22:09:17.109,1.95907,1.95959,1.50,1.25
2014.07.07 22:09:18.647,1.95912,1.95968,1.15,1.25
2014.07.07 22:09:19.331,1.95912,1.95959,1.15,1.00
2014.07.07 22:09:19.857,1.95912,1.95969,1.15,1.69
2014.07.07 22:09:20.435,1.95912,1.95969,1.15,1.50
2014.07.07 22:09:20.651,1.95912,1.95959,1.15,1.00
2014.07.07 22:09:21.614,1.95912,1.95959,1.83,1.00
2014.07.07 22:09:21.924,1.95917,1.95959,1.83,1.00
2014.07.07 22:09:24.049,1.95916,1.95958,1.50,1.00
2014.07.07 22:09:39.300,1.95926,1.95958,1.08,1.00
2014.07.07 22:09:39.350,1.95926,1.95969,1.08,1.00
2014.07.07 22:09:39.402,1.95926,1.95969,1.50,1.00
2014.07.07 22:09:39.917,1.95926,1.95968,1.50,1.00
2014.07.07 22:09:40.136,1.95916,1.95968,2.25,1.00
2014.07.07 22:09:48.346,1.95921,1.95973,1.15,1.19
2014.07.07 22:09:48.884,1.95921,1.95981,1.65,1.19
2014.07.07 22:09:49.914,1.95921,1.95981,1.65,1.19
2014.07.07 22:09:50.146,1.95918,1.95972,1.02,1.00
2014.07.07 22:09:50.247,1.95918,1.95974,1.02,1.00
2014.07.07 22:09:50.349,1.95918,1.95968,1.02,1.00
2014.07.07 22:09:52.376,1.95926,1.95968,1.50,1.00
2014.07.07 22:09:52.636,1.95926,1.95978,1.50,1.25
2014.07.07 22:09:54.209,1.95926,1.95978,1.50,1.19
2014.07.07 22:09:54.311,1.95926,1.95968,1.50,1.00
2014.07.07 22:09:54.643,1.95926,1.95978,1.50,1.19
2014.07.07 22:09:54.946,1.95926,1.95969,1.50,1.00
2014.07.07 22:09:55.325,1.95926,1.95969,1.50,1.00
2014.07.07 22:09:56.677,1.95928,1.95969,1.50,1.00
2014.07.07 22:09:56.728,1.95926,1.95969,1.50,1.00
2014.07.07 22:09:57.455,1.95926,1.95978,1.50,1.00
2014.07.07 22:09:58.167,1.95934,1.95979,1.50,1.00
2014.07.07 22:09:59.020,1.95934,1.95986,1.50,1.00
2014.07.07 22:09:59.177,1.95935,1.95988,1.83,1.25
2014.07.07 22:10:00.415,1.95935,1.95988,1.00,1.25
2014.07.07 22:10:00.539,1.95935,1.95988,1.00,1.19
2014.07.07 22:10:00.842,1.95926,1.95979,1.02,1.00
2014.07.07 22:10:02.098,1.95931,1.95978,1.18,1.00
2014.07.07 22:10:02.684,1.95929,1.95979,1.34,1.00
2014.07.07 22:10:03.468,1.95929,1.95978,1.34,1.00
2014.07.07 22:10:05.068,1.95924,1.95979,2.44,1.00
2014.07.07 22:10:08.048,1.95926,1.95982,1.02,1.00
2014.07.07 22:10:08.728,1.95926,1.95982,1.50,1.19
2014.07.07 22:10:09.067,1.95934,1.95989,1.50,1.69
2014.07.07 22:10:09.504,1.95934,1.95989,1.98,1.00
2014.07.07 22:10:09.910,1.95941,1.9599,1.37,1.00
2014.07.07 22:10:09.961,1.95943,1.96003,1.29,1.27
2014.07.07 22:10:10.062,1.95948,1.96003,1.50,1.19
2014.07.07 22:10:10.328,1.95951,1.96004,1.02,1.00
2014.07.07 22:10:10.429,1.95951,1.96018,1.02,1.37
2014.07.07 22:10:10.581,1.95957,1.96008,1.50,1.00
2014.07.07 22:10:10.814,1.95957,1.96018,1.50,1.19
2014.07.07 22:10:11.145,1.95957,1.96009,1.50,1.00
2014.07.07 22:10:13.582,1.95957,1.96019,1.98,1.19
2014.07.07 22:10:14.403,1.95959,1.96019,1.02,1.19
2014.07.07 22:10:15.128,1.95967,1.96018,1.00,1.25
2014.07.07 22:10:16.068,1.95967,1.96019,1.00,1.25
2014.07.07 22:10:16.787,1.95959,1.96019,1.30,1.19
2014.07.07 22:10:17.613,1.95957,1.96019,1.50,1.19
2014.07.07 22:10:18.418,1.95959,1.96019,1.30,1.19
2014.07.07 22:10:19.422,1.95957,1.96018,1.98,1.19
2014.07.07 22:10:20.451,1.95957,1.96018,1.33,1.27
2014.07.07 22:10:20.502,1.95952,1.96018,1.34,1.34
2014.07.07 22:10:21.218,1.95952,1.96016,1.27,1.02
2014.07.07 22:10:21.732,1.95952,1.96013,1.00,1.02
2014.07.07 22:10:22.319,1.95948,1.96009,1.25,1.34
2014.07.07 22:10:22.737,1.95947,1.96009,1.10,1.34
2014.07.07 22:10:24.537,1.95947,1.96003,1.00,1.30
2014.07.07 22:10:29.208,1.95944,1.95999,1.00,1.34
2014.07.07 22:10:29.428,1.95949,1.96003,1.00,1.02
2014.07.07 22:10:29.672,1.95933,1.96003,1.02,1.77
2014.07.07 22:10:30.569,1.95933,1.95999,1.02,1.34
2014.07.07 22:10:31.574,1.95933,1.95999,1.02,1.34
2014.07.07 22:10:32.348,1.95952,1.96003,1.00,1.02
2014.07.07 22:10:32.500,1.95955,1.96013,1.00,1.02
2014.07.07 22:10:32.601,1.95952,1.96012,1.00,1.34
2014.07.07 22:10:32.651,1.95966,1.96013,1.00,1.02
2014.07.07 22:10:32.752,1.95959,1.96013,1.00,1.02
2014.07.07 22:10:32.983,1.95946,1.96009,1.37,1.34
2014.07.07 22:10:33.881,1.95946,1.96009,1.37,1.34
2014.07.07 22:10:34.986,1.95946,1.96008,1.18,1.34
2014.07.07 22:10:35.414,1.95946,1.96003,1.00,1.02
2014.07.07 22:10:36.797,1.95946,1.96008,1.50,1.94
2014.07.07 22:10:36.848,1.95946,1.96008,2.25,1.19
2014.07.07 22:10:37.597,1.95948,1.96008,1.30,1.19
2014.07.07 22:10:38.501,1.95949,1.96008,1.40,1.19
2014.07.07 22:10:39.866,1.95949,1.96015,2.08,1.27
2014.07.07 22:10:39.917,1.95956,1.96019,1.02,1.19
2014.07.07 22:10:40.440,1.95967,1.96019,1.00,1.19
2014.07.07 22:10:40.911,1.95967,1.96019,1.00,1.19
2014.07.07 22:10:42.217,1.95967,1.96019,1.00,1.25
2014.07.07 22:10:43.856,1.95967,1.96019,1.08,1.25
2014.07.07 22:10:47.633,1.95974,1.96019,1.50,1.00
2014.07.07 22:10:50.403,1.95974,1.96025,1.50,1.25
2014.07.07 22:10:51.457,1.95974,1.96027,1.98,1.00
2014.07.07 22:10:54.179,1.95978,1.96036,1.15,1.19
2014.07.07 22:10:54.471,1.95977,1.96034,1.30,1.19
2014.07.07 22:10:55.475,1.95977,1.96034,1.30,1.19
2014.07.07 22:10:56.047,1.95977,1.96026,1.30,1.00
2014.07.07 22:10:57.670,1.95976,1.96027,1.02,1.00
2014.07.07 22:11:07.730,1.95973,1.96027,1.02,1.00
2014.07.07 22:11:11.237,1.95975,1.96033,1.15,1.19
2014.07.07 22:11:11.759,1.95982,1.96028,1.00,1.19
2014.07.07 22:11:12.387,1.95974,1.96028,1.30,1.19
2014.07.07 22:11:12.969,1.95971,1.96028,2.25,1.19
2014.07.07 22:11:13.549,1.95971,1.96028,2.25,1.19
2014.07.07 22:11:14.553,1.95973,1.96028,1.02,1.19
2014.07.07 22:11:15.597,1.95971,1.96028,1.50,1.50
2014.07.07 22:11:16.488,1.9597,1.96028,1.02,1.50
2014.07.07 22:11:16.659,1.95968,1.96028,1.34,1.50
2014.07.07 22:11:17.372,1.95966,1.96026,1.08,1.94
2014.07.07 22:11:17.423,1.95966,1.96025,1.00,1.02
2014.07.07 22:11:17.675,1.95966,1.96018,1.00,1.29
2014.07.07 22:11:17.726,1.95949,1.96013,1.29,1.02
2014.07.07 22:11:18.903,1.95949,1.96012,1.10,1.34
2014.07.07 22:11:20.880,1.95946,1.96013,1.37,1.02
2014.07.07 22:11:21.882,1.95946,1.96013,1.09,1.77
2014.07.07 22:11:24.889,1.95946,1.96011,1.18,1.34
2014.07.07 22:11:25.402,1.95951,1.96011,1.00,1.34
2014.07.07 22:11:25.586,1.95946,1.96011,1.18,1.34
2014.07.07 22:11:25.806,1.95951,1.96011,1.00,1.34
2014.07.07 22:11:25.894,1.95951,1.96013,1.00,1.02
2014.07.07 22:11:26.898,1.95951,1.96013,1.00,1.02
2014.07.07 22:11:27.896,1.95952,1.96013,1.00,1.02
2014.07.07 22:11:28.163,1.95952,1.96015,1.15,1.19
2014.07.07 22:11:28.440,1.95952,1.96021,1.34,1.34
2014.07.07 22:11:29.405,1.95951,1.96022,1.77,1.34
2014.07.07 22:11:30.438,1.9595,1.9602,1.02,1.34
2014.07.07 22:11:31.451,1.95949,1.96018,1.50,1.37
2014.07.07 22:11:32.459,1.95949,1.96017,1.50,1.27
2014.07.07 22:11:33.819,1.95949,1.96014,1.50,1.19
2014.07.07 22:11:34.873,1.95951,1.96013,1.00,1.02
2014.07.07 22:11:35.075,1.95949,1.96013,1.10,1.02
2014.07.07 22:11:35.826,1.95942,1.96012,1.77,1.34
2014.07.07 22:11:36.829,1.95942,1.96013,1.77,1.77
2014.07.07 22:11:37.832,1.95942,1.96013,1.77,1.02
2014.07.07 22:11:38.838,1.95942,1.96013,1.77,1.02
2014.07.07 22:11:39.882,1.95942,1.96013,1.02,1.77
2014.07.07 22:11:40.872,1.95942,1.96013,1.02,1.02
2014.07.07 22:11:41.862,1.95942,1.96013,1.02,1.02
2014.07.07 22:11:42.952,1.95942,1.96013,1.02,1.02
2014.07.07 22:11:43.418,1.9595,1.96017,1.02,1.37
2014.07.07 22:11:44.953,1.9595,1.96017,1.02,1.37
2014.07.07 22:11:45.957,1.9595,1.96015,1.02,1.29
2014.07.07 22:11:46.961,1.9595,1.96018,1.02,1.34
2014.07.07 22:11:47.964,1.9595,1.96014,1.02,1.19
2014.07.07 22:11:48.968,1.9595,1.96017,1.02,1.37
2014.07.07 22:11:49.972,1.9595,1.96018,1.02,1.34
2014.07.07 22:11:50.976,1.95948,1.9602,1.50,1.34
2014.07.07 22:11:51.980,1.95948,1.96021,1.50,1.34
2014.07.07 22:11:53.987,1.95948,1.96018,1.98,1.34
2014.07.07 22:11:55.118,1.95948,1.96022,1.50,2.52
2014.07.07 22:11:56.440,1.95948,1.96021,1.50,1.34
2014.07.07 22:11:57.426,1.95948,1.9602,1.50,1.34
2014.07.07 22:11:58.876,1.95951,1.96017,1.08,1.02
2014.07.07 22:11:58.927,1.95951,1.96011,1.00,1.02
2014.07.07 22:12:01.229,1.95961,1.96013,1.00,1.50
2014.07.07 22:12:02.323,1.95961,1.9602,1.00,1.77
2014.07.07 22:12:03.576,1.95972,1.9602,1.00,1.77
2014.07.07 22:12:04.127,1.95972,1.9602,1.00,1.02
2014.07.07 22:12:05.131,1.95972,1.9602,1.00,1.02
2014.07.07 22:12:08.595,1.95962,1.9602,1.00,1.02
2014.07.07 22:12:09.146,1.95962,1.9602,1.00,1.77
2014.07.07 22:12:10.150,1.95962,1.9602,1.00,1.02
2014.07.07 22:12:10.905,1.95961,1.9602,1.00,1.02
2014.07.07 22:12:10.956,1.95951,1.9602,1.34,1.02
2014.07.07 22:12:11.556,1.95951,1.96019,1.15,1.34
2014.07.07 22:12:12.562,1.95952,1.96018,1.15,1.34
2014.07.07 22:12:13.610,1.95952,1.96018,1.15,1.34
2014.07.07 22:12:14.600,1.95952,1.96018,1.15,1.34
2014.07.07 22:12:16.580,1.95952,1.96018,1.15,1.34
2014.07.07 22:12:16.631,1.95948,1.96012,1.25,1.02
2014.07.07 22:12:16.682,1.95954,1.96012,1.00,1.02
2014.07.07 22:12:17.206,1.95953,1.96012,1.00,1.02
2014.07.07 22:12:17.901,1.95953,1.96012,1.00,1.02
2014.07.07 22:12:18.877,1.95953,1.96012,1.00,1.02
2014.07.07 22:12:19.884,1.95953,1.96012,1.00,1.02
2014.07.07 22:12:29.259,1.95953,1.96017,1.50,1.94
2014.07.07 22:12:29.775,1.95954,1.96017,1.15,1.19
2014.07.07 22:12:30.122,1.95954,1.96018,1.15,1.19
2014.07.07 22:12:31.466,1.95954,1.96021,1.34,1.34
2014.07.07 22:12:32.434,1.95954,1.96019,1.40,1.29
2014.07.07 22:12:33.439,1.95954,1.96019,1.34,1.29
2014.07.07 22:12:35.459,1.95954,1.96019,1.34,1.77
2014.07.07 22:12:37.486,1.95954,1.96019,1.34,1.29
2014.07.07 22:12:38.445,1.95961,1.9602,1.00,1.37
2014.07.07 22:12:38.976,1.95961,1.96021,1.00,1.34
2014.07.07 22:12:39.857,1.95961,1.9602,1.00,1.37
2014.07.07 22:12:42.368,1.95961,1.96021,1.00,1.34
2014.07.07 22:12:42.469,1.95961,1.9602,1.00,1.02
2014.07.07 22:12:43.373,1.95961,1.96016,1.00,1.02
2014.07.07 22:12:43.423,1.95957,1.96016,1.00,1.02
2014.07.07 22:12:44.393,1.95957,1.96016,1.00,1.02
2014.07.07 22:12:46.489,1.95953,1.96016,1.00,1.02
2014.07.07 22:12:47.488,1.95953,1.96015,1.00,1.34
2014.07.07 22:12:49.497,1.95953,1.96013,1.00,1.34
2014.07.07 22:12:51.645,1.95946,1.96013,1.34,1.34
2014.07.07 22:12:52.513,1.95946,1.96011,1.27,1.02
2014.07.07 22:12:52.564,1.95946,1.96008,1.25,1.02
2014.07.07 22:12:53.548,1.95946,1.96008,1.25,1.02
2014.07.07 22:12:54.600,1.95952,1.96008,1.00,1.02
2014.07.07 22:12:55.148,1.95952,1.96008,1.00,1.02
2014.07.07 22:12:55.720,1.95952,1.96008,1.00,1.02
2014.07.07 22:12:56.935,1.95942,1.96008,1.37,1.77
2014.07.07 22:12:57.037,1.95942,1.95997,1.37,1.00
2014.07.07 22:12:57.949,1.95942,1.95997,1.09,1.19
2014.07.07 22:12:58.952,1.95942,1.95997,1.18,1.19
2014.07.07 22:12:59.182,1.95941,1.95997,1.00,1.34
2014.07.07 22:12:59.345,1.95932,1.95992,1.34,1.02
2014.07.07 22:12:59.473,1.95931,1.95985,1.34,1.00
2014.07.07 22:12:59.776,1.95929,1.9598,1.34,1.00
2014.07.07 22:12:59.877,1.95929,1.95985,1.34,1.00
2014.07.07 22:13:00.284,1.95928,1.95985,1.30,1.19
2014.07.07 22:13:01.261,1.95926,1.95985,1.98,1.19
2014.07.07 22:13:02.265,1.95928,1.95985,1.30,1.19
2014.07.07 22:13:03.269,1.95927,1.95985,1.02,1.25
2014.07.07 22:13:06.281,1.95928,1.95985,1.02,1.19
2014.07.07 22:13:07.285,1.95928,1.95985,1.02,1.25
2014.07.07 22:13:19.733,1.95926,1.95985,1.02,1.00
2014.07.07 22:13:39.654,1.95923,1.95985,1.50,1.19
2014.07.07 22:13:39.762,1.95922,1.95985,1.15,1.37
2014.07.07 22:13:40.958,1.95922,1.95985,1.34,1.37
2014.07.07 22:13:41.963,1.95921,1.95985,1.34,1.37
2014.07.07 22:13:42.967,1.95921,1.95985,1.34,1.37
2014.07.07 22:13:44.374,1.95921,1.95985,1.84,1.18
2014.07.07 22:13:45.379,1.95921,1.9599,1.84,1.02
2014.07.07 22:13:46.422,1.95923,1.9599,1.34,1.02
2014.07.07 22:13:47.485,1.95921,1.9599,1.84,1.02
2014.07.07 22:13:48.489,1.95922,1.9599,1.34,1.02
2014.07.07 22:13:49.491,1.95921,1.9599,1.84,1.02
2014.07.07 22:13:51.497,1.95922,1.9599,1.34,1.02
2014.07.07 22:13:53.427,1.95923,1.95991,1.34,1.83
2014.07.07 22:13:54.888,1.95928,1.95997,1.02,1.34
2014.07.07 22:13:55.437,1.95928,1.95997,1.02,1.34
2014.07.07 22:13:57.445,1.95928,1.95997,1.02,1.34
2014.07.07 22:13:59.450,1.95928,1.95997,1.02,1.34
2014.07.07 22:14:00.455,1.95928,1.95997,1.02,1.34
2014.07.07 22:14:01.459,1.95931,1.95997,1.34,1.34
2014.07.07 22:14:03.466,1.95931,1.95997,1.34,1.40
2014.07.07 22:14:04.604,1.95931,1.95997,1.34,1.34
2014.07.07 22:14:11.183,1.95928,1.95997,1.02,1.34
2014.07.07 22:14:13.593,1.95928,1.95997,1.02,1.40
2014.07.07 22:14:14.637,1.95928,1.95997,1.02,1.40
2014.07.07 22:14:15.602,1.95928,1.95997,1.34,1.34
2014.07.07 22:14:17.610,1.95928,1.95997,1.34,1.34
2014.07.07 22:14:18.612,1.95928,1.95997,1.34,1.34
2014.07.07 22:14:24.644,1.95926,1.95997,1.77,1.34
2014.07.07 22:14:25.003,1.95926,1.9599,1.19,1.02
2014.07.07 22:14:28.648,1.95926,1.9599,1.19,1.30
2014.07.07 22:14:29.050,1.95925,1.9599,1.00,1.77
2014.07.07 22:14:29.568,1.95923,1.9599,1.18,1.77
2014.07.07 22:14:30.547,1.95923,1.9599,1.09,1.02
2014.07.07 22:14:31.349,1.95921,1.95987,1.34,1.34
2014.07.07 22:14:31.660,1.95921,1.95982,1.15,1.19
2014.07.07 22:14:32.657,1.95921,1.95986,1.15,1.34
2014.07.07 22:14:33.662,1.95921,1.95986,1.15,1.34
2014.07.07 22:14:34.714,1.95921,1.95987,1.34,1.34
2014.07.07 22:14:36.698,1.95921,1.95987,1.34,1.34
2014.07.07 22:14:37.093,1.95931,1.95987,1.00,1.34
2014.07.07 22:14:37.551,1.95933,1.9599,1.00,1.77
2014.07.07 22:14:37.688,1.95931,1.95988,1.50,1.34
2014.07.07 22:14:40.686,1.95931,1.95988,1.50,1.34
2014.07.07 22:14:42.423,1.95931,1.95984,1.00,1.37
2014.07.07 22:14:42.753,1.95931,1.9598,1.00,1.19
2014.07.07 22:14:43.631,1.95931,1.95979,1.00,1.02
2014.07.07 22:14:44.950,1.95921,1.95978,1.00,1.34
2014.07.07 22:14:49.513,1.95921,1.95972,1.00,1.29
2014.07.07 22:14:50.342,1.95916,1.95971,1.10,1.19
2014.07.07 22:14:51.620,1.95916,1.95975,1.10,1.34
2014.07.07 22:14:53.729,1.95916,1.95976,1.10,1.84
2014.07.07 22:14:53.841,1.95921,1.95976,1.00,1.84
2014.07.07 22:14:54.068,1.95932,1.95988,1.00,1.77
2014.07.07 22:14:55.076,1.95932,1.95989,1.10,1.19
2014.07.07 22:14:56.039,1.95932,1.95991,1.77,1.37
2014.07.07 22:14:57.042,1.95932,1.95991,1.77,1.37
2014.07.07 22:14:58.046,1.95932,1.95991,1.77,1.37
2014.07.07 22:14:59.049,1.95932,1.95991,1.77,1.09
2014.07.07 22:15:00.054,1.95937,1.95997,1.00,1.77
2014.07.07 22:15:01.103,1.95937,1.95997,1.00,1.77
2014.07.07 22:15:02.067,1.95937,1.95997,1.25,1.77
2014.07.07 22:15:02.615,1.95937,1.95988,1.25,1.00
2014.07.07 22:15:03.387,1.95937,1.95988,1.19,1.00
2014.07.07 22:15:03.865,1.95937,1.95997,1.19,1.77
2014.07.07 22:15:04.175,1.95932,1.95991,1.77,1.37
2014.07.07 22:15:05.416,1.95932,1.95991,1.77,1.37
2014.07.07 22:15:06.187,1.95932,1.95991,1.77,1.37
2014.07.07 22:15:06.711,1.95939,1.95989,1.00,1.25
2014.07.07 22:15:07.017,1.95939,1.95998,1.34,1.50
2014.07.07 22:15:07.562,1.95941,1.95997,1.37,1.00
2014.07.07 22:15:07.714,1.95942,1.95999,1.27,1.25
2014.07.07 22:15:08.044,1.95941,1.95997,1.37,1.00
2014.07.07 22:15:08.389,1.95944,1.95999,1.29,1.00
2014.07.07 22:15:08.924,1.9595,1.96008,1.00,2.52
2014.07.07 22:15:09.897,1.95955,1.95998,1.00,1.00
2014.07.07 22:15:15.812,1.95955,1.95999,1.00,1.00
2014.07.07 22:15:18.683,1.95955,1.96008,1.00,1.19
2014.07.07 22:15:19.288,1.95955,1.96008,1.00,1.19
2014.07.07 22:15:21.546,1.95955,1.95998,1.00,1.00
2014.07.07 22:15:30.113,1.95955,1.95999,1.00,1.00
2014.07.07 22:15:30.265,1.95949,1.95999,1.15,1.00
2014.07.07 22:15:30.442,1.95956,1.95999,1.00,1.00
2014.07.07 22:15:35.841,1.95956,1.96009,1.00,1.29
2014.07.07 22:15:35.993,1.95977,1.96009,1.00,1.29
2014.07.07 22:15:36.145,1.95977,1.96008,1.00,1.00
2014.07.07 22:15:36.195,1.9598,1.96008,1.00,1.00
2014.07.07 22:15:36.296,1.95957,1.96008,1.34,1.00
2014.07.07 22:15:36.347,1.9596,1.96008,1.27,1.00
2014.07.07 22:15:36.398,1.95965,1.96019,1.19,1.00
2014.07.07 22:15:36.600,1.9597,1.96019,1.02,1.00
2014.07.07 22:15:36.651,1.95981,1.96026,1.34,1.00
2014.07.07 22:15:36.752,1.95981,1.96035,1.34,1.00
2014.07.07 22:15:36.853,1.95978,1.96028,1.02,1.00
2014.07.07 22:15:37.723,1.95979,1.96028,1.34,1.00
2014.07.07 22:15:39.738,1.95978,1.96028,1.02,1.00
2014.07.07 22:15:40.792,1.95978,1.96028,1.02,1.00
2014.07.07 22:15:41.782,1.95978,1.96028,1.02,1.00
2014.07.07 22:15:44.522,1.95981,1.96036,1.34,1.00
2014.07.07 22:15:44.892,1.95978,1.96029,1.77,1.00
2014.07.07 22:15:48.072,1.95978,1.96029,2.52,1.00
2014.07.07 22:15:48.673,1.95978,1.96036,2.52,1.00
2014.07.07 22:15:48.825,1.95981,1.96044,1.34,1.09
2014.07.07 22:15:49.079,1.95981,1.96044,1.84,1.18
2014.07.07 22:15:49.395,1.95981,1.96039,1.84,1.00
2014.07.07 22:15:49.496,1.95992,1.96048,1.02,1.69
2014.07.07 22:15:49.616,1.95985,1.96039,1.02,1.00
2014.07.07 22:15:50.125,1.95985,1.96038,1.02,1.00
2014.07.07 22:15:50.428,1.95979,1.96028,1.34,1.00
2014.07.07 22:15:51.391,1.95977,1.96028,1.02,1.00
2014.07.07 22:15:52.848,1.95971,1.96028,1.84,1.00
2014.07.07 22:15:53.100,1.95971,1.96028,1.15,1.19
2014.07.07 22:15:53.151,1.95971,1.96019,1.15,1.00
2014.07.07 22:15:53.453,1.95977,1.96025,1.00,1.30
2014.07.07 22:15:53.622,1.95977,1.96029,1.00,1.27
2014.07.07 22:15:53.673,1.9598,1.96029,1.00,1.27
2014.07.07 22:15:53.993,1.9599,1.96029,1.00,1.27
2014.07.07 22:15:54.399,1.9599,1.96029,1.00,1.08
2014.07.07 22:16:01.723,1.95996,1.96029,1.00,1.08
2014.07.07 22:16:01.902,1.95991,1.96037,1.00,1.98
2014.07.07 22:16:13.451,1.95997,1.96037,1.00,1.50
2014.07.07 22:16:13.793,1.95997,1.96039,1.00,2.25
2014.07.07 22:16:15.801,1.95997,1.96039,1.00,1.19
2014.07.07 22:16:16.190,1.95997,1.96039,1.00,1.19
2014.07.07 22:16:17.285,1.95997,1.96048,1.00,1.29
2014.07.07 22:16:17.336,1.96002,1.96049,1.00,1.27
2014.07.07 22:16:17.647,1.96019,1.96055,1.00,1.77
2014.07.07 22:16:17.698,1.96019,1.96057,1.00,1.02
2014.07.07 22:16:18.968,1.96013,1.96055,1.00,1.02
2014.07.07 22:16:19.181,1.9602,1.96055,1.00,1.02
2014.07.07 22:16:25.735,1.96014,1.96055,1.00,1.02
2014.07.07 22:16:25.987,1.96009,1.96055,1.00,1.02
2014.07.07 22:16:26.823,1.96009,1.96055,1.00,1.02
2014.07.07 22:16:27.827,1.96009,1.96055,1.00,1.02
2014.07.07 22:16:30.494,1.96014,1.96055,1.00,1.02
2014.07.07 22:16:30.645,1.96014,1.96065,1.00,1.30
2014.07.07 22:16:30.696,1.96023,1.96068,1.00,2.04
2014.07.07 22:16:30.746,1.96023,1.96068,1.00,1.29
2014.07.07 22:16:30.797,1.96026,1.96068,1.00,1.29
2014.07.07 22:16:30.898,1.96024,1.96068,1.00,1.29
2014.07.07 22:16:31.938,1.96024,1.96069,1.00,1.27
2014.07.07 22:16:32.944,1.96024,1.96069,1.00,1.27
2014.07.07 22:16:34.020,1.96032,1.96069,1.00,1.27
2014.07.07 22:16:34.251,1.96032,1.96069,1.00,1.08
2014.07.07 22:16:34.631,1.96023,1.96075,1.00,1.02
2014.07.07 22:16:36.261,1.96023,1.96075,1.00,1.02
2014.07.07 22:16:36.516,1.9602,1.96068,1.00,1.29
2014.07.07 22:16:37.264,1.9602,1.96068,1.00,1.29
2014.07.07 22:16:38.268,1.9602,1.96068,1.00,1.29
2014.07.07 22:16:39.312,1.9602,1.96068,1.00,1.29
2014.07.07 22:16:40.304,1.9602,1.96068,1.00,1.29
2014.07.07 22:16:43.431,1.96014,1.96068,1.00,1.29
2014.07.07 22:16:43.482,1.96014,1.96068,1.00,2.04
2014.07.07 22:16:43.818,1.96014,1.96065,1.00,1.77
2014.07.07 22:16:45.297,1.96014,1.96064,1.00,1.34
2014.07.07 22:16:46.300,1.96014,1.96062,1.00,1.34
2014.07.07 22:16:47.302,1.96014,1.96061,1.00,1.34
2014.07.07 22:16:48.391,1.96014,1.96065,1.00,1.77
2014.07.07 22:16:49.196,1.96009,1.96065,1.00,1.77
2014.07.07 22:16:49.397,1.96009,1.96063,1.00,1.34
2014.07.07 22:16:50.400,1.96009,1.96063,1.00,1.34
2014.07.07 22:16:52.406,1.96009,1.96063,1.00,1.34
2014.07.07 22:16:53.408,1.96009,1.96064,1.00,1.34
2014.07.07 22:16:54.411,1.96009,1.96063,1.00,1.34
2014.07.07 22:16:55.415,1.96009,1.96065,1.00,1.77
2014.07.07 22:16:56.419,1.96009,1.96065,1.00,1.02
2014.07.07 22:16:57.470,1.96009,1.96064,1.00,1.34
2014.07.07 22:16:58.460,1.96009,1.96059,1.00,1.27
2014.07.07 22:17:00.444,1.96009,1.96059,1.00,1.27
2014.07.07 22:17:03.924,1.96014,1.96056,1.00,1.02
2014.07.07 22:17:08.839,1.96014,1.96058,1.00,1.29
2014.07.07 22:17:10.109,1.96014,1.96058,1.00,1.29
2014.07.07 22:17:11.101,1.96014,1.96059,1.00,1.33
2014.07.07 22:17:13.086,1.96014,1.96059,1.00,1.27
2014.07.07 22:17:14.090,1.96014,1.96059,1.00,1.27
2014.07.07 22:17:16.100,1.96014,1.96058,1.00,1.29
2014.07.07 22:17:17.105,1.96014,1.96058,1.00,1.29
2014.07.07 22:17:18.109,1.96014,1.96058,1.00,1.02
2014.07.07 22:17:19.131,1.96014,1.96059,1.00,1.27
2014.07.07 22:17:20.118,1.96014,1.96059,1.00,1.27
2014.07.07 22:17:22.124,1.96014,1.96059,1.00,1.27
2014.07.07 22:17:23.126,1.96014,1.96059,1.00,1.27
2014.07.07 22:17:24.143,1.96014,1.96059,1.00,1.27
2014.07.07 22:17:25.133,1.96014,1.96059,1.00,1.27
2014.07.07 22:17:26.183,1.96014,1.96059,1.00,1.27
2014.07.07 22:17:26.738,1.96014,1.96053,1.00,1.19
2014.07.07 22:17:28.142,1.96014,1.96056,1.00,1.19
2014.07.07 22:17:29.586,1.96014,1.96056,1.00,1.02
2014.07.07 22:17:33.158,1.96014,1.96055,1.00,1.34
2014.07.07 22:17:34.164,1.96014,1.96056,1.00,1.77
2014.07.07 22:17:35.197,1.96014,1.96055,1.00,1.34
2014.07.07 22:17:36.187,1.96014,1.96055,1.00,1.34
2014.07.07 22:17:37.177,1.96014,1.96053,1.00,1.34
2014.07.07 22:17:40.114,1.96014,1.96056,1.00,1.02
2014.07.07 22:17:49.830,1.96014,1.96058,1.00,1.02
2014.07.07 22:18:10.034,1.96014,1.96058,1.00,1.37
2014.07.07 22:18:11.235,1.96014,1.96058,1.00,1.37
2014.07.07 22:18:16.211,1.96014,1.96058,1.00,1.37
2014.07.07 22:18:17.294,1.96014,1.96058,1.00,1.37
2014.07.07 22:18:18.221,1.96014,1.96058,1.00,1.37
2014.07.07 22:18:19.251,1.96014,1.96058,1.00,1.37
2014.07.07 22:18:20.051,1.96001,1.9605,1.00,1.00
2014.07.07 22:18:20.160,1.95992,1.9605,1.34,1.00
2014.07.07 22:18:20.261,1.95992,1.9605,1.34,1.19
2014.07.07 22:18:20.574,1.96001,1.96049,1.00,1.27
2014.07.07 22:18:20.930,1.96013,1.96058,1.00,1.84
2014.07.07 22:18:21.833,1.96013,1.96058,1.00,1.34
2014.07.07 22:18:22.837,1.96013,1.96058,1.00,1.34
2014.07.07 22:18:23.941,1.96013,1.96058,1.00,1.34
2014.07.07 22:18:25.146,1.96013,1.96049,1.00,1.00
2014.07.07 22:18:25.388,1.96013,1.96059,1.00,1.34
2014.07.07 22:18:40.011,1.96013,1.96059,1.00,1.34
2014.07.07 22:18:41.014,1.96013,1.96059,1.00,1.34
2014.07.07 22:18:41.115,1.96013,1.96053,1.00,1.30
2014.07.07 22:18:58.649,1.96015,1.96053,1.00,1.02
2014.07.07 22:19:01.233,1.96015,1.96054,1.00,1.69
2014.07.07 22:19:01.763,1.96015,1.96054,1.00,1.02
2014.07.07 22:19:04.898,1.96015,1.96054,1.00,1.02
2014.07.07 22:19:05.715,1.96021,1.96054,1.00,1.02
2014.07.07 22:19:06.107,1.96021,1.96062,1.00,1.02
2014.07.07 22:19:11.123,1.96021,1.96062,1.00,1.02
2014.07.07 22:19:12.127,1.96021,1.96062,1.00,1.02
2014.07.07 22:19:14.185,1.96021,1.96062,1.00,1.02
2014.07.07 22:19:15.589,1.96021,1.96062,1.00,1.02
2014.07.07 22:19:17.598,1.96021,1.96062,1.00,1.02
2014.07.07 22:19:18.603,1.96021,1.96062,1.00,1.02
2014.07.07 22:19:21.418,1.9602,1.96062,1.00,1.02
2014.07.07 22:19:22.680,1.9602,1.96062,1.00,1.02
2014.07.07 22:19:23.508,1.96018,1.96058,1.00,1.34
2014.07.07 22:19:23.621,1.96018,1.96058,1.00,1.34
2014.07.07 22:19:24.624,1.96018,1.96058,1.00,1.34
2014.07.07 22:19:24.848,1.96018,1.96048,1.00,1.00
2014.07.07 22:19:25.068,1.96018,1.96059,1.00,1.34
2014.07.07 22:19:25.321,1.96018,1.96049,1.00,1.00
2014.07.07 22:19:25.619,1.96018,1.96059,1.00,1.34
2014.07.07 22:19:25.839,1.96018,1.96049,1.00,1.00
2014.07.07 22:19:26.059,1.96018,1.96059,1.00,1.34
2014.07.07 22:19:26.388,1.96018,1.96049,1.00,1.00
2014.07.07 22:19:26.608,1.96018,1.96059,1.00,1.34
2014.07.07 22:19:27.435,1.96018,1.96059,1.00,1.34
2014.07.07 22:19:29.606,1.96018,1.96059,1.00,1.34
2014.07.07 22:19:46.895,1.96018,1.96057,1.00,1.02
2014.07.07 22:19:54.257,1.96018,1.96057,1.00,1.02
2014.07.07 22:19:54.426,1.96002,1.96057,1.00,1.02
2014.07.07 22:19:55.225,1.96002,1.96057,1.00,1.02
2014.07.07 22:19:56.329,1.96002,1.96057,1.00,1.02
2014.07.07 22:19:57.345,1.96002,1.96057,1.00,1.02
2014.07.07 22:20:01.416,1.96002,1.96048,1.00,1.00
2014.07.07 22:20:03.359,1.96002,1.96048,1.00,1.19
2014.07.07 22:20:03.679,1.96002,1.96047,1.00,1.02
2014.07.07 22:20:09.383,1.96002,1.96047,1.00,1.02
2014.07.07 22:20:10.410,1.96002,1.96047,1.00,1.02
2014.07.07 22:20:11.590,1.96002,1.96047,1.00,1.02
2014.07.07 22:20:13.396,1.96002,1.96047,1.00,1.02
2014.07.07 22:20:14.546,1.96005,1.96047,1.00,1.77
2014.07.07 22:20:15.498,1.96005,1.96047,1.00,1.02
2014.07.07 22:20:22.251,1.95997,1.96047,1.00,1.02
2014.07.07 22:20:22.398,1.95997,1.9604,1.00,1.50
2014.07.07 22:20:22.448,1.95991,1.96039,1.50,1.02
2014.07.07 22:20:22.965,1.95992,1.96039,1.00,1.02
2014.07.07 22:20:23.479,1.95992,1.96039,1.00,1.02
2014.07.07 22:20:25.230,1.9599,1.96039,1.00,1.02
2014.07.07 22:20:25.661,1.95976,1.96039,1.19,1.02
2014.07.07 22:20:25.964,1.95986,1.96039,1.00,1.02
2014.07.07 22:20:26.441,1.95986,1.96038,1.00,1.34
2014.07.07 22:20:27.419,1.95993,1.96038,1.00,1.34
2014.07.07 22:20:27.469,1.95993,1.96039,1.00,1.02
2014.07.07 22:20:32.934,1.95998,1.96039,1.00,1.02
2014.07.07 22:20:33.485,1.95995,1.96039,1.00,1.02
2014.07.07 22:20:33.687,1.95989,1.96039,1.00,1.02
2014.07.07 22:20:34.805,1.96,1.96039,1.00,1.02
2014.07.07 22:20:35.418,1.96009,1.96039,1.00,1.02
2014.07.07 22:20:35.576,1.96005,1.9604,1.00,1.98
2014.07.07 22:20:36.449,1.96001,1.9604,1.00,1.98
2014.07.07 22:20:36.651,1.95994,1.96039,1.00,1.02
2014.07.07 22:20:37.754,1.95982,1.96031,1.00,1.00
2014.07.07 22:20:37.915,1.95972,1.96031,1.37,1.00
2014.07.07 22:20:37.966,1.95967,1.96029,1.27,1.08
2014.07.07 22:20:38.016,1.95963,1.96029,1.02,1.27
2014.07.07 22:20:38.168,1.95962,1.96028,1.34,1.02
2014.07.07 22:20:39.097,1.95962,1.96028,1.34,1.02
2014.07.07 22:20:41.079,1.95962,1.96028,1.34,1.02
2014.07.07 22:20:42.082,1.95962,1.96028,1.34,1.02
2014.07.07 22:20:43.085,1.95962,1.96028,1.34,1.02
2014.07.07 22:20:44.109,1.95961,1.96028,1.34,1.02
2014.07.07 22:20:45.109,1.95961,1.96028,1.34,1.02
2014.07.07 22:20:45.893,1.95969,1.96028,1.00,1.02
2014.07.07 22:20:46.044,1.95969,1.96038,1.34,1.02
2014.07.07 22:20:47.157,1.95991,1.96037,1.00,1.34
2014.07.07 22:20:47.309,1.95983,1.96043,1.27,1.29
2014.07.07 22:20:47.511,1.95975,1.96038,1.02,1.08
2014.07.07 22:20:47.612,1.95969,1.96039,1.02,1.34
2014.07.07 22:20:48.415,1.95965,1.96032,1.37,1.02
2014.07.07 22:20:48.718,1.95966,1.96022,1.29,1.00
2014.07.07 22:20:48.769,1.95966,1.96024,1.29,1.00
2014.07.07 22:20:48.938,1.95966,1.96024,1.29,1.00
2014.07.07 22:20:49.913,1.95966,1.96024,1.29,1.25
2014.07.07 22:20:51.404,1.95964,1.96022,1.34,1.00
2014.07.07 22:20:51.702,1.95965,1.96025,1.37,1.10
2014.07.07 22:20:52.394,1.95965,1.96025,1.37,1.29
2014.07.07 22:20:53.387,1.95965,1.96025,1.37,1.29
2014.07.07 22:20:54.390,1.95965,1.96025,1.37,1.29
2014.07.07 22:20:55.395,1.95965,1.96025,1.37,1.10
2014.07.07 22:20:56.355,1.95965,1.96025,2.04,1.00
2014.07.07 22:20:56.557,1.95985,1.96038,1.00,1.19
2014.07.07 22:20:56.609,1.95985,1.96045,1.00,1.34
2014.07.07 22:20:56.660,1.95982,1.96038,1.00,1.00
2014.07.07 22:20:56.762,1.95985,1.96046,1.00,1.02
2014.07.07 22:20:57.304,1.95985,1.96046,1.19,1.02
2014.07.07 22:20:57.955,1.95984,1.96038,1.19,1.00
2014.07.07 22:20:58.616,1.95984,1.96038,1.19,1.00
2014.07.07 22:20:59.213,1.95984,1.96038,1.19,1.00
2014.07.07 22:21:01.537,1.95992,1.96046,1.00,1.77
2014.07.07 22:21:03.883,1.95991,1.96046,1.00,1.58
2014.07.07 22:21:06.845,1.95991,1.96046,1.19,1.02
2014.07.07 22:21:09.039,1.95992,1.96049,1.25,1.37
2014.07.07 22:21:09.887,1.95992,1.96048,1.69,1.08
2014.07.07 22:21:18.877,1.95992,1.96049,1.00,1.37
2014.07.07 22:21:19.880,1.95992,1.96049,1.00,1.37
2014.07.07 22:21:20.884,1.95992,1.96049,1.00,1.37
2014.07.07 22:21:24.896,1.95992,1.96049,1.00,1.37
2014.07.07 22:21:26.398,1.95992,1.96049,1.00,1.18
2014.07.07 22:21:27.401,1.95992,1.96049,1.25,1.37
2014.07.07 22:21:28.905,1.95992,1.96049,1.19,1.37
2014.07.07 22:21:29.446,1.95992,1.96049,1.19,1.34
2014.07.07 22:21:30.912,1.95992,1.96049,1.19,1.34
2014.07.07 22:21:31.918,1.95992,1.96049,1.00,1.34
2014.07.07 22:21:34.641,1.95992,1.96049,1.19,1.15
2014.07.07 22:21:35.641,1.95992,1.96049,1.19,1.34
2014.07.07 22:21:36.630,1.95992,1.96049,1.19,1.15
2014.07.07 22:21:37.672,1.95992,1.96048,1.69,1.15
2014.07.07 22:21:39.639,1.95992,1.96048,1.69,1.15
2014.07.07 22:21:40.084,1.95992,1.96048,1.84,1.00
2014.07.07 22:21:40.588,1.95992,1.96049,1.34,1.00
2014.07.07 22:21:40.689,1.95992,1.96049,1.34,1.00
2014.07.07 22:21:41.649,1.95992,1.96049,1.34,1.00
2014.07.07 22:21:42.347,1.95992,1.96048,1.84,1.00
2014.07.07 22:21:42.853,1.95992,1.96048,1.84,1.00
2014.07.07 22:21:45.663,1.95992,1.96048,1.84,1.00
2014.07.07 22:21:51.681,1.95993,1.96048,1.37,1.00
2014.07.07 22:21:52.685,1.95993,1.96048,1.37,1.00
2014.07.07 22:21:53.728,1.95993,1.96048,1.37,1.00
2014.07.07 22:21:54.556,1.95993,1.96049,1.37,1.00
2014.07.07 22:21:54.693,1.95993,1.96049,1.37,1.00
2014.07.07 22:21:55.852,1.95993,1.96049,1.37,1.19
2014.07.07 22:21:56.789,1.95993,1.96049,1.37,1.19
2014.07.07 22:21:58.890,1.95993,1.96049,1.37,1.00
2014.07.07 22:21:59.408,1.95991,1.96042,1.19,1.00
2014.07.07 22:21:59.761,1.9599,1.96048,1.19,1.15
2014.07.07 22:21:59.862,1.9599,1.96038,1.19,1.00
2014.07.07 22:22:00.085,1.95991,1.96046,1.19,1.18
2014.07.07 22:22:00.669,1.95991,1.96046,1.00,1.37
2014.07.07 22:22:01.720,1.95991,1.96046,1.00,1.37
2014.07.07 22:22:04.566,1.95992,1.96046,1.00,1.37
2014.07.07 22:22:05.830,1.95992,1.96048,1.00,1.34
2014.07.07 22:22:06.230,1.95994,1.96049,1.00,1.34
2014.07.07 22:22:06.797,1.95992,1.96049,1.00,1.34
2014.07.07 22:22:07.143,1.95992,1.96039,1.00,1.00
2014.07.07 22:22:07.446,1.95979,1.96038,1.69,1.15
2014.07.07 22:22:07.497,1.95979,1.96038,1.19,1.34
2014.07.07 22:22:08.499,1.95979,1.96038,1.25,1.34
2014.07.07 22:22:08.982,1.95972,1.96032,1.34,1.00
2014.07.07 22:22:09.176,1.95979,1.96039,1.25,1.84
2014.07.07 22:22:10.303,1.95981,1.96038,1.00,1.34
2014.07.07 22:22:10.508,1.95981,1.96038,1.25,1.34
2014.07.07 22:22:11.158,1.95976,1.96034,1.34,1.00
2014.07.07 22:22:11.511,1.95976,1.96034,1.34,1.19
2014.07.07 22:22:12.366,1.95971,1.96028,1.77,1.00
2014.07.07 22:22:16.626,1.9597,1.96028,1.50,1.19
2014.07.07 22:22:17.183,1.95979,1.96028,1.00,1.19
2014.07.07 22:22:17.831,1.95979,1.96028,1.00,1.00
2014.07.07 22:22:18.884,1.95979,1.96036,1.00,1.29
2014.07.07 22:22:19.482,1.9598,1.96038,1.00,1.34
2014.07.07 22:22:19.874,1.9598,1.96038,1.25,1.34
2014.07.07 22:22:20.851,1.9598,1.96038,1.19,1.40
2014.07.07 22:22:21.854,1.9598,1.96038,1.19,1.40
2014.07.07 22:22:24.956,1.9598,1.96039,1.19,1.40
2014.07.07 22:22:25.961,1.9598,1.96039,1.19,1.15
2014.07.07 22:22:26.666,1.95975,1.96033,1.34,1.00
2014.07.07 22:22:27.020,1.95974,1.96029,1.34,1.00
2014.07.07 22:22:27.596,1.95974,1.96033,1.34,1.00
2014.07.07 22:22:27.697,1.95984,1.96039,1.19,1.37
2014.07.07 22:22:28.697,1.9598,1.96039,1.19,1.37
2014.07.07 22:22:29.674,1.9598,1.96039,1.19,1.37
2014.07.07 22:22:30.677,1.9598,1.96038,1.19,1.08
2014.07.07 22:22:31.682,1.9598,1.96038,1.19,1.08
2014.07.07 22:22:32.663,1.9598,1.96029,1.19,1.00
2014.07.07 22:22:32.713,1.9598,1.96029,1.19,1.00
2014.07.07 22:22:34.636,1.95974,1.96032,1.34,1.00
2014.07.07 22:22:34.737,1.9598,1.96039,1.19,1.09
2014.07.07 22:22:35.796,1.9598,1.96039,1.19,1.09
2014.07.07 22:22:36.479,1.95986,1.96039,1.00,1.09
2014.07.07 22:22:39.421,1.95987,1.96044,1.00,1.02
2014.07.07 22:22:39.959,1.95991,1.96044,1.00,1.02
2014.07.07 22:22:47.716,1.95991,1.96042,1.00,1.02
2014.07.07 22:22:53.218,1.95987,1.96042,1.00,1.02
2014.07.07 22:22:53.320,1.95992,1.96042,1.00,1.02
2014.07.07 22:22:53.405,1.95986,1.96042,1.25,1.02
2014.07.07 22:22:59.885,1.95982,1.96037,1.19,1.08
2014.07.07 22:23:00.429,1.95986,1.96039,1.00,1.34
2014.07.07 22:23:01.869,1.95986,1.96039,1.19,1.15
2014.07.07 22:23:02.872,1.95986,1.96038,1.25,1.18
2014.07.07 22:23:07.411,1.95992,1.96042,1.00,1.02
2014.07.07 22:23:07.778,1.95992,1.96045,1.00,1.02
2014.07.07 22:23:27.385,1.95991,1.96045,1.00,1.02
2014.07.07 22:23:27.914,1.95991,1.96039,1.00,1.15
2014.07.07 22:23:28.422,1.95992,1.96039,1.00,1.40
2014.07.07 22:23:48.415,1.95992,1.96039,1.00,1.08
2014.07.07 22:23:58.470,1.95993,1.96045,1.00,1.02
2014.07.07 22:24:08.526,1.95993,1.96047,1.00,1.02
2014.07.07 22:24:43.796,1.95993,1.96047,1.00,1.02
2014.07.07 22:24:44.787,1.95993,1.96047,1.00,1.02
2014.07.07 22:24:48.686,1.95993,1.96045,1.00,1.02
2014.07.07 22:24:50.644,1.95993,1.96039,1.00,1.02
2014.07.07 22:24:50.745,1.95971,1.96019,1.10,1.00
2014.07.07 22:24:51.277,1.95972,1.96018,1.00,1.00
2014.07.07 22:24:51.328,1.95965,1.96009,1.19,1.00
2014.07.07 22:24:51.886,1.95958,1.96008,1.19,1.00
2014.07.07 22:24:52.197,1.95958,1.95998,1.00,1.00
2014.07.07 22:24:55.283,1.95958,1.96006,1.00,1.02
2014.07.07 22:25:01.167,1.95949,1.95999,1.00,1.10
2014.07.07 22:25:01.520,1.95952,1.95999,1.00,1.10
2014.07.07 22:25:02.059,1.95952,1.95998,1.00,1.25
2014.07.07 22:25:02.731,1.95952,1.96006,1.00,1.02
2014.07.07 22:25:06.688,1.95954,1.96006,1.50,1.02
2014.07.07 22:25:07.030,1.95971,1.96022,1.00,1.02
2014.07.07 22:25:07.693,1.95972,1.96022,1.00,1.02
2014.07.07 22:25:08.595,1.95968,1.96019,1.00,1.40
2014.07.07 22:25:09.824,1.95968,1.96019,1.19,1.15
2014.07.07 22:25:10.826,1.95968,1.96019,1.00,1.15
2014.07.07 22:25:13.109,1.95972,1.96022,1.00,1.30
2014.07.07 22:25:17.645,1.95968,1.96019,1.19,1.15
2014.07.07 22:25:18.448,1.95968,1.96019,1.00,1.15
2014.07.07 22:25:22.861,1.95968,1.96019,1.19,1.15
2014.07.07 22:25:23.863,1.95968,1.96019,1.00,1.15
2014.07.07 22:25:26.718,1.95968,1.96019,1.00,1.58
2014.07.07 22:25:36.129,1.95968,1.96019,1.00,1.77
2014.07.07 22:25:36.484,1.95968,1.96009,1.00,1.00
2014.07.07 22:25:36.534,1.95968,1.96019,1.00,1.77
2014.07.07 22:25:36.646,1.95968,1.96014,1.00,1.02
2014.07.07 22:25:36.696,1.95964,1.96011,1.00,1.02
2014.07.07 22:25:36.948,1.95961,1.96011,1.00,1.02
2014.07.07 22:25:41.918,1.95961,1.96009,1.00,1.34
2014.07.07 22:25:43.120,1.95961,1.96009,1.00,1.34
2014.07.07 22:25:44.123,1.95961,1.9601,1.00,1.02
2014.07.07 22:25:46.755,1.95961,1.96001,1.00,1.50
2014.07.07 22:26:04.238,1.95953,1.96001,1.25,1.50
2014.07.07 22:26:06.426,1.95946,1.95998,1.00,1.15
2014.07.07 22:26:06.738,1.95946,1.95998,1.00,1.18
2014.07.07 22:26:17.241,1.95951,1.96003,1.00,1.30
2014.07.07 22:26:18.535,1.95951,1.96004,1.00,1.40
2014.07.07 22:26:18.655,1.95951,1.96004,1.00,1.33
2014.07.07 22:26:22.672,1.95952,1.96004,1.00,1.27
2014.07.07 22:26:22.925,1.95963,1.9601,1.00,1.02
2014.07.07 22:26:27.533,1.95954,1.9601,1.00,1.02
2014.07.07 22:26:29.608,1.95954,1.9601,1.00,1.02
2014.07.07 22:26:31.075,1.95954,1.9601,1.25,1.02
2014.07.07 22:26:32.078,1.95954,1.9601,1.19,1.02
2014.07.07 22:26:32.893,1.95961,1.9601,1.34,1.00
2014.07.07 22:26:32.944,1.95974,1.96019,1.00,1.32
2014.07.07 22:26:33.045,1.95966,1.96019,1.25,1.25
2014.07.07 22:26:33.984,1.95962,1.9602,1.34,1.19
2014.07.07 22:26:35.991,1.95962,1.9602,1.84,1.19
2014.07.07 22:26:36.994,1.95962,1.9602,1.84,1.19
2014.07.07 22:26:39.000,1.95962,1.9602,1.84,1.19
2014.07.07 22:26:40.153,1.95962,1.96018,1.84,1.00
2014.07.07 22:26:40.204,1.95962,1.96011,1.34,1.00
2014.07.07 22:26:40.778,1.95957,1.96009,1.02,1.00
2014.07.07 22:26:50.566,1.95961,1.96012,1.15,1.00
2014.07.07 22:26:53.007,1.95961,1.96012,1.18,1.00
2014.07.07 22:26:58.847,1.95961,1.96012,1.18,1.19
2014.07.07 22:26:59.851,1.95961,1.96012,1.18,1.00
2014.07.07 22:27:02.285,1.95961,1.96012,1.00,1.10
2014.07.07 22:27:02.335,1.95952,1.96008,1.84,1.00
2014.07.07 22:27:03.278,1.95952,1.96008,1.34,1.00
2014.07.07 22:27:07.263,1.95951,1.96006,1.34,1.00
2014.07.07 22:27:07.618,1.95949,1.95998,1.34,1.00
2014.07.07 22:27:08.180,1.95949,1.95998,1.19,1.00
2014.07.07 22:27:08.280,1.95949,1.95998,1.25,1.00
2014.07.07 22:27:09.281,1.95949,1.95998,1.19,1.00
2014.07.07 22:27:10.304,1.95949,1.95998,1.19,1.00
2014.07.07 22:27:12.289,1.95949,1.95998,1.19,1.00
2014.07.07 22:27:13.292,1.95949,1.95998,1.00,1.00
2014.07.07 22:27:13.662,1.95952,1.96006,1.00,1.37
2014.07.07 22:27:14.410,1.95952,1.96003,1.00,1.10
2014.07.07 22:27:16.851,1.95943,1.95999,1.34,1.00
2014.07.07 22:27:19.420,1.95943,1.95999,1.34,1.00
2014.07.07 22:27:21.430,1.95951,1.95999,1.25,1.00
2014.07.07 22:27:27.485,1.95947,1.95999,1.02,1.00
2014.07.07 22:27:27.637,1.95951,1.96003,1.00,1.02
2014.07.07 22:27:27.738,1.95951,1.96006,1.00,1.37
2014.07.07 22:27:29.684,1.95951,1.96006,1.19,1.37
2014.07.07 22:27:30.392,1.95962,1.96006,1.00,1.37
2014.07.07 22:27:30.644,1.95953,1.96011,1.00,1.77
2014.07.07 22:27:31.231,1.95952,1.96007,1.25,1.34
2014.07.07 22:27:34.151,1.95952,1.96007,1.40,1.19
2014.07.07 22:27:34.459,1.95962,1.96012,1.00,1.19
2014.07.07 22:27:34.664,1.95962,1.96013,1.00,1.02
2014.07.07 22:27:36.321,1.95961,1.96013,1.00,1.02
2014.07.07 22:27:37.701,1.95961,1.96013,1.00,1.29
2014.07.07 22:27:38.678,1.95961,1.96013,1.00,1.29
2014.07.07 22:27:39.682,1.95961,1.96013,1.00,1.29
2014.07.07 22:27:40.685,1.95961,1.96018,1.00,1.34
2014.07.07 22:27:41.222,1.95952,1.96012,1.84,1.00
2014.07.07 22:27:41.689,1.95952,1.96012,1.84,1.19
2014.07.07 22:27:42.691,1.95952,1.96012,1.84,1.19
2014.07.07 22:27:44.698,1.95952,1.96012,1.84,1.00
2014.07.07 22:27:45.700,1.95952,1.96012,1.84,1.00
2014.07.07 22:27:47.343,1.95962,1.96012,1.00,1.00
2014.07.07 22:27:48.111,1.95959,1.96017,1.00,1.34
2014.07.07 22:27:48.162,1.95952,1.96012,1.84,1.25
2014.07.07 22:27:48.812,1.95952,1.96012,1.84,1.19
2014.07.07 22:27:49.816,1.95952,1.96012,1.84,1.19
2014.07.07 22:27:51.800,1.95952,1.96012,1.84,1.19
2014.07.07 22:27:52.804,1.95952,1.96012,1.84,1.19
2014.07.07 22:27:53.856,1.95952,1.96012,1.84,1.19
2014.07.07 22:27:54.441,1.95952,1.96012,1.77,1.27
2014.07.07 22:27:54.977,1.95952,1.96012,1.77,1.27
2014.07.07 22:27:55.591,1.95962,1.96012,1.00,1.27
2014.07.07 22:27:55.843,1.95959,1.96017,1.25,1.34
2014.07.07 22:27:55.997,1.95965,1.96018,1.00,1.02
2014.07.07 22:28:00.130,1.95965,1.96018,1.00,1.25
2014.07.07 22:28:01.050,1.95965,1.96018,1.19,1.00
2014.07.07 22:28:02.082,1.95965,1.96018,1.19,1.00
2014.07.07 22:28:02.481,1.95969,1.96026,1.00,1.02
2014.07.07 22:28:03.051,1.95968,1.96026,1.00,1.02
2014.07.07 22:28:07.191,1.95975,1.96026,1.00,1.02
2014.07.07 22:28:07.411,1.95971,1.96026,1.00,1.02
2014.07.07 22:28:10.676,1.95964,1.96018,1.00,1.19
2014.07.07 22:28:11.701,1.95964,1.96018,1.00,1.00
2014.07.07 22:28:13.460,1.95966,1.96018,1.00,1.00
2014.07.07 22:28:14.721,1.95972,1.96018,1.00,1.00
2014.07.07 22:28:15.023,1.95969,1.96026,1.00,1.02
2014.07.07 22:28:17.531,1.95972,1.96026,1.00,1.02
2014.07.07 22:28:20.655,1.95972,1.96028,1.00,1.34
2014.07.07 22:28:23.027,1.95972,1.96029,1.19,1.02
2014.07.07 22:28:23.911,1.95978,1.96029,1.00,1.02
2014.07.07 22:28:25.143,1.95978,1.96032,1.00,1.02
2014.07.07 22:28:25.401,1.95978,1.96036,1.00,1.34
2014.07.07 22:28:26.231,1.95978,1.96036,1.00,1.34
2014.07.07 22:28:28.138,1.95978,1.96036,1.00,1.84
2014.07.07 22:28:30.186,1.95978,1.96036,1.00,1.84
2014.07.07 22:28:31.176,1.95978,1.96036,1.00,1.84
2014.07.07 22:28:35.159,1.95978,1.96036,1.00,1.34
2014.07.07 22:28:36.145,1.95976,1.96034,1.00,1.34
2014.07.07 22:28:36.195,1.95976,1.96034,1.00,1.34
2014.07.07 22:28:37.868,1.95976,1.96034,1.00,1.34
2014.07.07 22:28:38.687,1.95977,1.96037,1.00,1.34
2014.07.07 22:28:38.939,1.95981,1.96037,1.00,1.34
2014.07.07 22:28:39.090,1.95971,1.96034,1.84,1.34
2014.07.07 22:28:39.610,1.95972,1.96026,1.09,1.00
2014.07.07 22:28:41.401,1.95966,1.96022,1.02,1.00
2014.07.07 22:28:45.258,1.95972,1.96022,1.00,1.00
2014.07.07 22:28:46.853,1.95964,1.96022,1.02,1.00
2014.07.07 22:28:53.410,1.95971,1.96022,1.10,1.19
2014.07.07 22:28:54.413,1.95971,1.96022,1.10,1.19
2014.07.07 22:28:56.455,1.95971,1.96022,1.10,1.00
2014.07.07 22:29:00.821,1.95981,1.96025,1.00,1.19
2014.07.07 22:29:00.972,1.95981,1.96025,1.00,1.00
2014.07.07 22:29:06.369,1.95982,1.96025,1.00,1.00
2014.07.07 22:29:09.078,1.95982,1.96025,1.00,1.19
2014.07.07 22:29:11.095,1.95982,1.96025,1.00,1.25
2014.07.07 22:29:13.505,1.95982,1.96025,1.00,1.19
2014.07.07 22:29:17.518,1.95982,1.96025,1.00,1.00
2014.07.07 22:29:18.020,1.95982,1.96035,1.00,1.34
2014.07.07 22:29:18.522,1.95982,1.96035,1.00,1.34
2014.07.07 22:29:19.070,1.95981,1.96035,1.00,1.34
2014.07.07 22:29:19.526,1.95981,1.96035,1.00,1.34
2014.07.07 22:29:24.376,1.95982,1.96038,1.00,2.52
2014.07.07 22:29:24.944,1.95982,1.96038,1.19,2.52
2014.07.07 22:29:25.778,1.95982,1.96038,1.19,1.84
2014.07.07 22:29:27.452,1.95982,1.96038,1.25,1.84
2014.07.07 22:29:28.456,1.95982,1.96038,1.00,1.84
2014.07.07 22:29:30.978,1.95982,1.96038,1.25,1.84
2014.07.07 22:29:34.159,1.95982,1.96034,1.00,1.00
2014.07.07 22:29:34.385,1.95974,1.96031,1.34,1.00
2014.07.07 22:29:34.694,1.95974,1.96031,1.00,1.34
2014.07.07 22:29:35.229,1.95974,1.96026,1.00,1.02
2014.07.07 22:29:37.699,1.95971,1.96026,1.00,1.02
2014.07.07 22:29:37.800,1.95971,1.96028,1.19,1.50
2014.07.07 22:29:38.142,1.95981,1.96028,1.00,1.50
2014.07.07 22:29:39.319,1.95982,1.96026,1.00,1.02
2014.07.07 22:29:41.659,1.95981,1.96026,1.00,1.02
2014.07.07 22:29:42.162,1.95982,1.96026,1.00,1.02
2014.07.07 22:29:43.604,1.95982,1.96026,1.00,1.02
2014.07.07 22:29:44.113,1.95981,1.96026,1.00,1.02
2014.07.07 22:29:46.614,1.95981,1.96026,1.00,1.02
2014.07.07 22:29:47.621,1.95981,1.96026,1.00,1.02
2014.07.07 22:29:49.625,1.95981,1.96026,1.00,1.02
2014.07.07 22:29:51.631,1.95981,1.96026,1.00,1.02
2014.07.07 22:29:53.537,1.95981,1.96026,1.00,1.77
2014.07.07 22:29:55.221,1.95981,1.96022,1.00,1.02
2014.07.07 22:29:55.820,1.95971,1.96022,1.50,1.02
2014.07.07 22:30:00.378,1.95972,1.96022,1.00,1.02
2014.07.07 22:30:00.685,1.95962,1.96022,1.00,1.02
2014.07.07 22:30:01.334,1.95961,1.96017,1.00,1.27
2014.07.07 22:30:01.585,1.95961,1.96017,1.00,1.27
2014.07.07 22:30:02.557,1.95961,1.96017,1.00,1.27
2014.07.07 22:30:03.263,1.95962,1.96017,1.00,1.27
2014.07.07 22:30:03.563,1.95962,1.96017,1.00,1.27
2014.07.07 22:30:03.664,1.95971,1.96017,1.00,1.27
2014.07.07 22:30:05.592,1.95971,1.96013,1.00,1.19
2014.07.07 22:30:06.592,1.95971,1.96013,1.00,1.19
2014.07.07 22:30:07.836,1.95972,1.96013,1.00,1.19
2014.07.07 22:30:08.594,1.95972,1.96013,1.00,1.25
2014.07.07 22:30:13.592,1.95972,1.96013,1.00,1.19
2014.07.07 22:30:14.595,1.95972,1.96013,1.00,1.19
2014.07.07 22:30:15.747,1.95972,1.96013,1.00,1.27
2014.07.07 22:30:17.832,1.95961,1.96013,1.00,1.40
2014.07.07 22:30:17.983,1.95961,1.96008,1.00,1.83
2014.07.07 22:30:26.102,1.95952,1.96008,1.19,2.08
2014.07.07 22:30:27.034,1.95952,1.96007,1.00,1.02
2014.07.07 22:30:31.239,1.95951,1.96007,1.00,1.02
2014.07.07 22:30:38.690,1.95951,1.96006,1.00,1.02
2014.07.07 22:30:58.080,1.95952,1.96006,1.00,1.77
2014.07.07 22:30:58.749,1.95951,1.96004,1.00,1.34
2014.07.07 22:31:00.811,1.95951,1.95998,1.00,1.50
2014.07.07 22:31:00.862,1.95942,1.95998,1.69,1.50
2014.07.07 22:31:00.963,1.95942,1.95996,1.00,1.02
2014.07.07 22:31:02.589,1.95941,1.95996,1.00,1.77
2014.07.07 22:31:04.138,1.95942,1.95996,1.00,1.77
2014.07.07 22:31:04.691,1.95941,1.95996,1.00,1.77
2014.07.07 22:31:06.328,1.95942,1.95996,1.00,1.02
2014.07.07 22:31:07.318,1.95941,1.95996,1.00,1.02
2014.07.07 22:31:08.088,1.95942,1.95996,1.00,1.02
2014.07.07 22:31:08.638,1.95941,1.95996,1.00,1.02
2014.07.07 22:31:10.858,1.95951,1.95995,1.00,1.34
2014.07.07 22:31:12.279,1.95951,1.95988,1.00,1.30
2014.07.07 22:31:12.380,1.95941,1.95988,1.00,1.30
2014.07.07 22:31:26.348,1.95942,1.95989,1.00,1.50
2014.07.07 22:31:32.427,1.95942,1.95995,1.00,1.34
2014.07.07 22:31:47.141,1.95952,1.95995,1.00,1.34
2014.07.07 22:31:52.755,1.95952,1.95997,1.00,1.34
2014.07.07 22:31:53.364,1.95952,1.95997,1.00,1.34
2014.07.07 22:32:00.593,1.95942,1.95997,1.00,1.34
2014.07.07 22:32:01.145,1.95942,1.95991,1.00,1.00
2014.07.07 22:32:01.669,1.95942,1.95991,1.00,1.19
2014.07.07 22:32:02.535,1.95942,1.95991,1.00,1.19
2014.07.07 22:32:03.509,1.95942,1.95991,1.00,1.19
2014.07.07 22:32:05.517,1.95942,1.95991,1.00,1.19
2014.07.07 22:32:06.521,1.95942,1.95991,1.00,1.19
2014.07.07 22:32:10.370,1.95952,1.95991,1.00,1.19
2014.07.07 22:32:10.535,1.95952,1.95992,1.00,1.02
2014.07.07 22:32:11.644,1.95952,1.95992,1.00,1.29
2014.07.07 22:32:12.167,1.95952,1.95989,1.00,1.00
2014.07.07 22:32:12.707,1.95952,1.95989,1.00,1.08
2014.07.07 22:32:13.027,1.95952,1.95989,1.00,1.15
2014.07.07 22:32:13.580,1.95951,1.95989,1.00,1.34
2014.07.07 22:32:27.839,1.95962,1.95992,1.00,1.02
2014.07.07 22:32:32.732,1.95962,1.96,1.00,1.02
2014.07.07 22:32:38.078,1.95961,1.96,1.00,1.02
2014.07.07 22:32:45.670,1.95952,1.96,1.00,1.02
2014.07.07 22:32:53.167,1.95952,1.95999,1.00,1.02
2014.07.07 22:32:57.367,1.95951,1.95997,1.00,1.02
2014.07.07 22:33:09.531,1.95952,1.95999,1.00,1.02
2014.07.07 22:33:13.203,1.95952,1.95999,1.00,1.02
2014.07.07 22:33:14.589,1.95951,1.95999,1.00,1.02
2014.07.07 22:33:23.406,1.95962,1.96,1.00,1.02
2014.07.07 22:33:23.457,1.95962,1.96008,1.00,1.02
2014.07.07 22:33:24.328,1.95962,1.96008,1.00,1.30
2014.07.07 22:33:28.340,1.95951,1.96008,1.69,1.77
2014.07.07 22:33:30.442,1.95952,1.96005,1.00,1.34
2014.07.07 22:33:37.557,1.95952,1.96005,1.00,1.34
2014.07.07 22:33:40.998,1.95952,1.96005,1.00,1.34
2014.07.07 22:33:42.017,1.95952,1.96005,1.00,1.34
2014.07.07 22:33:42.855,1.95951,1.96005,1.00,1.34
2014.07.07 22:33:42.971,1.95951,1.96005,1.00,1.34
2014.07.07 22:33:43.538,1.95952,1.96005,1.00,1.34
2014.07.07 22:33:43.715,1.95952,1.96005,1.00,1.77
2014.07.07 22:33:44.249,1.95952,1.96004,1.00,1.02
2014.07.07 22:33:51.145,1.95951,1.96004,1.00,1.30
2014.07.07 22:33:54.870,1.95952,1.96004,1.00,1.30
2014.07.07 22:34:00.145,1.95961,1.95998,1.00,1.18
2014.07.07 22:34:00.348,1.95952,1.95996,1.00,1.00
2014.07.07 22:34:00.449,1.95952,1.95996,1.00,1.19
2014.07.07 22:34:01.419,1.95952,1.95993,1.00,1.25
2014.07.07 22:34:02.422,1.95952,1.95993,1.00,1.19
2014.07.07 22:34:03.775,1.95952,1.95993,1.00,1.34
2014.07.07 22:34:05.820,1.95952,1.95993,1.00,1.19
2014.07.07 22:34:06.433,1.95952,1.95993,1.00,1.25
2014.07.07 22:34:07.435,1.95952,1.95993,1.00,1.19
2014.07.07 22:34:08.437,1.95952,1.95993,1.00,1.19
2014.07.07 22:34:10.668,1.95952,1.96005,1.00,2.14
2014.07.07 22:34:26.785,1.95952,1.96005,1.00,1.34
2014.07.07 22:34:47.364,1.95952,1.96005,1.00,1.34
2014.07.07 22:34:47.885,1.95952,1.96005,1.00,1.34
2014.07.07 22:34:48.781,1.95952,1.96005,1.00,1.34
2014.07.07 22:34:49.727,1.95954,1.96008,1.00,1.34
2014.07.07 22:34:49.828,1.95954,1.96008,1.37,1.00
2014.07.07 22:34:49.879,1.95954,1.96014,1.37,1.29
2014.07.07 22:34:51.325,1.95956,1.96016,1.19,1.34
2014.07.07 22:34:53.696,1.95956,1.96016,1.19,1.34
2014.07.07 22:34:54.356,1.95962,1.96016,1.00,1.34
2014.07.07 22:34:54.893,1.95964,1.96021,1.00,1.02
2014.07.07 22:34:55.195,1.95981,1.96022,1.00,1.19
2014.07.07 22:34:55.805,1.95981,1.96024,1.00,1.27
2014.07.07 22:34:56.914,1.95981,1.9603,1.00,1.77
2014.07.07 22:34:57.895,1.95972,1.9603,1.25,1.77
2014.07.07 22:34:57.996,1.95977,1.9603,1.00,1.02
2014.07.07 22:34:58.097,1.95977,1.96028,1.00,1.27
2014.07.07 22:34:58.148,1.95977,1.96028,1.19,1.00
2014.07.07 22:34:59.120,1.95972,1.96028,1.34,1.00
2014.07.07 22:34:59.966,1.95981,1.96029,1.00,1.00
2014.07.07 22:35:00.075,1.95972,1.96028,1.34,1.00
2014.07.07 22:35:00.294,1.95972,1.96024,1.34,1.00
2014.07.07 22:35:00.395,1.95972,1.96028,1.34,1.00
2014.07.07 22:35:00.900,1.95971,1.96029,1.84,1.50
2014.07.07 22:35:09.626,1.95971,1.96025,1.34,1.00
2014.07.07 22:35:13.930,1.95971,1.96024,1.40,1.00
2014.07.07 22:35:14.237,1.95971,1.96021,1.33,1.00
2014.07.07 22:35:14.288,1.95971,1.96021,1.25,1.00
2014.07.07 22:35:14.952,1.95971,1.9602,1.00,1.25
2014.07.07 22:35:21.978,1.95971,1.96027,1.00,1.34
2014.07.07 22:35:22.635,1.95971,1.96027,1.00,1.34
2014.07.07 22:35:26.137,1.95973,1.96031,1.00,1.34
2014.07.07 22:35:27.145,1.95974,1.96032,1.00,1.77
2014.07.07 22:35:27.914,1.95974,1.96032,1.00,1.77
2014.07.07 22:35:30.097,1.95974,1.96032,1.00,1.77
2014.07.07 22:35:33.107,1.95974,1.96032,1.00,1.77
2014.07.07 22:35:38.471,1.95978,1.96032,1.00,1.02
2014.07.07 22:35:38.684,1.95974,1.96032,1.00,1.02
2014.07.07 22:35:39.876,1.95973,1.96032,1.00,1.02
2014.07.07 22:35:41.731,1.95973,1.96032,1.19,1.02
2014.07.07 22:35:42.760,1.95973,1.96032,1.25,1.02
2014.07.07 22:35:48.126,1.95972,1.96032,1.00,1.77
2014.07.07 22:35:48.467,1.95974,1.96032,1.00,1.77
2014.07.07 22:35:48.854,1.95974,1.96032,1.00,1.77
2014.07.07 22:35:49.858,1.95974,1.96032,1.00,1.77
2014.07.07 22:35:50.862,1.95974,1.96032,1.00,1.77
2014.07.07 22:35:51.866,1.95974,1.96032,1.00,1.77
2014.07.07 22:36:00.579,1.95974,1.96032,1.00,1.34
2014.07.07 22:36:01.684,1.95974,1.96029,1.00,1.27
2014.07.07 22:36:02.789,1.95974,1.96029,1.00,1.27
2014.07.07 22:36:08.808,1.95974,1.96029,1.00,1.27
2014.07.07 22:36:14.605,1.95974,1.96028,1.00,1.02
2014.07.07 22:36:15.164,1.95974,1.96026,1.00,1.02
2014.07.07 22:36:15.446,1.95966,1.96019,1.00,1.29
2014.07.07 22:36:16.154,1.95966,1.96019,1.00,1.29
2014.07.07 22:36:17.671,1.95966,1.96019,1.00,1.29
2014.07.07 22:36:21.642,1.95966,1.96018,1.00,1.19
2014.07.07 22:36:21.918,1.95971,1.96026,1.00,1.77
2014.07.07 22:36:22.650,1.95971,1.96025,1.00,1.34
2014.07.07 22:36:24.651,1.95971,1.96026,1.00,1.77
2014.07.07 22:36:26.766,1.95971,1.96026,1.00,1.77
2014.07.07 22:36:27.816,1.95971,1.96026,1.00,1.77
2014.07.07 22:36:28.120,1.95973,1.96026,1.00,1.02
2014.07.07 22:36:28.742,1.95972,1.96025,1.00,1.34
2014.07.07 22:36:28.850,1.95972,1.96025,1.00,1.34
2014.07.07 22:36:30.069,1.95968,1.96026,1.00,1.02
2014.07.07 22:36:30.145,1.95972,1.96026,1.00,1.02
2014.07.07 22:36:31.060,1.95972,1.96026,1.00,1.02
2014.07.07 22:36:31.699,1.9597,1.96026,1.00,1.39
2014.07.07 22:36:31.902,1.9597,1.96017,1.00,1.50
2014.07.07 22:36:31.953,1.95966,1.96017,1.00,1.50
2014.07.07 22:36:32.235,1.95961,1.96015,1.00,1.02
2014.07.07 22:36:32.387,1.95956,1.96015,1.00,1.02
2014.07.07 22:36:32.438,1.95956,1.96008,1.00,1.98
2014.07.07 22:36:32.740,1.95951,1.96005,1.00,1.34
2014.07.07 22:36:33.571,1.95951,1.96001,1.00,1.37
2014.07.07 22:36:35.141,1.95951,1.95991,1.00,1.00
2014.07.07 22:36:35.444,1.95951,1.95995,1.00,1.02
2014.07.07 22:36:35.967,1.95951,1.95995,1.00,1.02
2014.07.07 22:36:36.118,1.95942,1.95995,1.00,1.02
2014.07.07 22:36:36.581,1.95942,1.95995,1.00,1.77
2014.07.07 22:36:38.198,1.95941,1.95995,1.00,1.77
2014.07.07 22:36:39.060,1.95941,1.95989,1.00,1.02
2014.07.07 22:36:39.406,1.95934,1.95985,1.00,1.02
2014.07.07 22:36:39.507,1.95931,1.95985,1.00,1.77
2014.07.07 22:36:39.810,1.95932,1.95976,1.00,1.02
2014.07.07 22:36:40.314,1.95931,1.95976,1.00,1.02
2014.07.07 22:36:41.098,1.95932,1.95976,1.00,1.02
2014.07.07 22:36:42.639,1.95922,1.95976,1.00,1.30
2014.07.07 22:36:42.690,1.95924,1.95976,1.00,1.30
2014.07.07 22:36:43.365,1.95932,1.95976,1.00,1.02
2014.07.07 22:36:43.895,1.95932,1.95976,1.00,1.02
2014.07.07 22:36:44.465,1.95923,1.95976,1.00,1.02
2014.07.07 22:36:45.759,1.95923,1.95976,1.00,1.02
2014.07.07 22:36:47.568,1.95923,1.95976,1.00,1.02
2014.07.07 22:36:50.734,1.95923,1.95976,1.00,1.02
2014.07.07 22:36:52.739,1.95923,1.95976,1.00,1.77
2014.07.07 22:36:52.931,1.95921,1.95976,1.00,1.77
2014.07.07 22:36:53.382,1.95921,1.95971,1.00,1.02
2014.07.07 22:36:55.826,1.95922,1.95965,1.00,1.02
2014.07.07 22:37:00.197,1.95916,1.95965,1.00,1.02
2014.07.07 22:37:00.525,1.95911,1.95963,1.00,1.34
2014.07.07 22:37:00.680,1.95906,1.95958,1.00,1.08
2014.07.07 22:37:01.006,1.95916,1.95958,1.00,2.25
2014.07.07 22:37:01.057,1.95911,1.95958,1.00,2.25
2014.07.07 22:37:04.010,1.95911,1.95965,1.50,1.02
2014.07.07 22:37:04.514,1.95905,1.95959,1.00,1.27
2014.07.07 22:37:04.615,1.95905,1.95959,1.00,1.27
2014.07.07 22:37:05.982,1.95905,1.95959,1.00,1.27
2014.07.07 22:37:07.185,1.95905,1.95958,1.00,1.29
2014.07.07 22:37:08.118,1.95902,1.95949,1.00,1.00
2014.07.07 22:37:08.471,1.95906,1.95957,1.00,1.02
2014.07.07 22:37:09.382,1.95906,1.95959,1.00,1.19
2014.07.07 22:37:10.429,1.95906,1.95959,1.00,1.19
2014.07.07 22:37:13.400,1.95906,1.95959,1.00,1.19
2014.07.07 22:37:14.392,1.95906,1.95959,1.00,1.19
2014.07.07 22:37:15.393,1.95906,1.95959,1.00,1.19
2014.07.07 22:37:23.420,1.95902,1.95958,1.00,1.19
2014.07.07 22:37:23.714,1.95906,1.95958,1.00,1.19
2014.07.07 22:37:30.566,1.95911,1.95963,1.00,2.14
2014.07.07 22:37:31.655,1.95911,1.95963,1.00,1.39
2014.07.07 22:37:35.647,1.95911,1.95963,1.00,1.39
2014.07.07 22:37:40.659,1.95911,1.95963,1.00,1.39
2014.07.07 22:37:45.073,1.95911,1.95963,1.00,1.39
2014.07.07 22:37:46.077,1.95911,1.95963,1.00,1.39
2014.07.07 22:37:46.613,1.95912,1.95963,1.00,1.39
2014.07.07 22:37:47.080,1.95912,1.95963,1.00,1.39
2014.07.07 22:37:52.122,1.95912,1.95964,1.00,1.39
2014.07.07 22:37:53.111,1.95912,1.95964,1.00,2.14
2014.07.07 22:37:54.102,1.95912,1.95963,1.00,1.72
2014.07.07 22:37:55.113,1.95912,1.95964,1.00,2.14
2014.07.07 22:37:57.106,1.95912,1.95963,1.00,1.72
2014.07.07 22:37:58.109,1.95912,1.95964,1.00,1.39
2014.07.07 22:37:59.113,1.95912,1.95964,1.00,1.39
2014.07.07 22:38:00.117,1.95912,1.95964,1.00,1.39
2014.07.07 22:38:01.122,1.95912,1.95964,1.00,1.39
2014.07.07 22:38:01.374,1.95908,1.95964,1.00,1.39
2014.07.07 22:38:01.576,1.95907,1.95957,1.00,1.02
2014.07.07 22:38:01.687,1.95892,1.95953,1.00,1.02
2014.07.07 22:38:01.889,1.95885,1.95953,1.34,1.02
2014.07.07 22:38:01.990,1.95885,1.95946,1.27,1.02
2014.07.07 22:38:02.142,1.95885,1.95935,1.00,1.02
2014.07.07 22:38:02.243,1.95882,1.95935,1.50,1.02
2014.07.07 22:38:10.493,1.95883,1.95935,1.00,1.02
2014.07.07 22:38:11.925,1.95882,1.95935,1.50,1.02
2014.07.07 22:38:15.633,1.95883,1.95935,1.00,1.02
2014.07.07 22:38:22.818,1.95883,1.95937,1.00,1.02
2014.07.07 22:38:29.623,1.95891,1.95937,1.00,1.02
2014.07.07 22:38:29.962,1.95892,1.95939,1.00,1.27
2014.07.07 22:38:30.214,1.95892,1.95945,1.00,1.34
2014.07.07 22:38:31.205,1.95892,1.95945,1.00,1.34
2014.07.07 22:38:32.208,1.95892,1.95945,1.00,1.34
2014.07.07 22:38:33.584,1.95891,1.95945,1.00,1.34
2014.07.07 22:38:34.216,1.95891,1.95945,1.00,1.34
2014.07.07 22:38:35.123,1.95892,1.95945,1.00,1.34
2014.07.07 22:38:35.643,1.95892,1.95945,1.00,1.34
2014.07.07 22:38:36.113,1.95885,1.95944,1.00,1.34
2014.07.07 22:38:36.222,1.95885,1.95944,1.00,1.34
2014.07.07 22:38:36.636,1.95891,1.95944,1.00,1.34
2014.07.07 22:38:37.252,1.95891,1.95944,1.00,1.34
2014.07.07 22:38:38.228,1.95891,1.95944,1.00,1.34
2014.07.07 22:38:40.843,1.95884,1.95946,1.00,1.02
2014.07.07 22:38:41.065,1.95891,1.95945,1.00,1.34
2014.07.07 22:38:42.237,1.95891,1.95945,1.00,1.34
2014.07.07 22:38:46.586,1.95892,1.95945,1.00,1.34
2014.07.07 22:38:47.197,1.95891,1.95945,1.00,1.34
2014.07.07 22:38:47.784,1.95891,1.95945,1.00,1.84
2014.07.07 22:38:48.321,1.95891,1.95945,1.00,1.34
2014.07.07 22:38:48.849,1.95892,1.95945,1.00,1.34
2014.07.07 22:38:52.367,1.95892,1.95945,1.00,1.34
2014.07.07 22:38:54.371,1.95892,1.95945,1.00,1.34
2014.07.07 22:38:54.962,1.95891,1.95947,1.00,1.34
2014.07.07 22:38:55.413,1.95891,1.95948,1.00,1.02
2014.07.07 22:38:56.379,1.95891,1.95948,1.00,1.02
2014.07.07 22:38:57.290,1.95891,1.95942,1.00,1.02
2014.07.07 22:38:57.566,1.95882,1.95941,1.19,1.98
2014.07.07 22:38:57.718,1.95882,1.95939,1.00,1.02
2014.07.07 22:38:57.819,1.95892,1.95939,1.00,1.02
2014.07.07 22:39:00.312,1.95891,1.95939,1.00,1.02
2014.07.07 22:39:00.825,1.95892,1.95939,1.00,1.02
2014.07.07 22:39:01.302,1.95881,1.95939,1.69,1.02
2014.07.07 22:39:01.813,1.95881,1.95939,1.50,1.02
2014.07.07 22:39:04.179,1.95891,1.95939,1.00,1.02
2014.07.07 22:39:04.603,1.95882,1.95939,1.00,1.02
2014.07.07 22:39:04.855,1.95892,1.95939,1.00,1.02
2014.07.07 22:39:10.322,1.95881,1.95939,1.69,1.02
2014.07.07 22:39:10.873,1.95891,1.95939,1.00,1.02
2014.07.07 22:39:11.110,1.95881,1.95939,1.50,1.02
2014.07.07 22:39:11.532,1.95892,1.95939,1.00,1.02
2014.07.07 22:39:14.075,1.95881,1.95939,1.50,1.02
2014.07.07 22:39:14.604,1.95881,1.95939,1.50,1.02
2014.07.07 22:39:14.725,1.95891,1.95939,1.00,1.02
2014.07.07 22:39:14.832,1.95882,1.95939,1.00,1.02
2014.07.07 22:39:15.382,1.95881,1.95939,1.50,1.02
2014.07.07 22:39:15.972,1.95882,1.95939,1.50,1.02
2014.07.07 22:39:16.042,1.95891,1.95939,1.00,1.02
2014.07.07 22:39:17.352,1.95891,1.95939,1.00,1.02
2014.07.07 22:39:18.152,1.95892,1.9594,1.00,1.02
2014.07.07 22:39:18.690,1.95892,1.9594,1.00,1.02
2014.07.07 22:39:20.638,1.95892,1.95947,1.00,1.02
2014.07.07 22:39:20.689,1.95892,1.95949,1.00,1.27
2014.07.07 22:39:21.222,1.95891,1.95949,1.00,1.27
2014.07.07 22:39:21.682,1.95892,1.95953,1.00,1.34
2014.07.07 22:39:22.694,1.95892,1.95951,1.00,1.34
2014.07.07 22:39:24.722,1.95892,1.95952,1.00,1.34
2014.07.07 22:39:25.435,1.95895,1.95952,1.00,1.34
2014.07.07 22:39:25.737,1.95901,1.95954,1.00,1.02
2014.07.07 22:39:25.838,1.95895,1.95954,1.00,1.02
2014.07.07 22:39:25.889,1.95891,1.95953,1.25,1.34
2014.07.07 22:39:26.091,1.95902,1.95953,1.00,1.34
2014.07.07 22:39:26.393,1.95894,1.95954,1.00,1.02
2014.07.07 22:39:26.444,1.95891,1.95954,1.25,1.77
2014.07.07 22:39:26.972,1.95892,1.95954,1.00,2.52
2014.07.07 22:39:27.480,1.95892,1.95954,1.25,2.52
2014.07.07 22:39:28.091,1.95892,1.95954,1.00,2.52
2014.07.07 22:39:29.095,1.95892,1.95945,1.00,1.25
2014.07.07 22:39:30.498,1.95892,1.9595,1.00,1.37
2014.07.07 22:39:34.894,1.95892,1.95943,1.00,1.02
2014.07.07 22:39:40.792,1.95891,1.95943,1.00,1.02
2014.07.07 22:39:41.341,1.95892,1.95943,1.00,1.02
2014.07.07 22:39:47.510,1.95891,1.95943,1.00,1.02
2014.07.07 22:39:47.864,1.95887,1.95943,1.00,1.02
2014.07.07 22:39:55.739,1.95887,1.9594,1.00,1.02
2014.07.07 22:39:58.064,1.95892,1.95941,1.00,1.02
2014.07.07 22:39:58.633,1.95885,1.95941,1.19,1.02
2014.07.07 22:39:59.251,1.95885,1.9594,1.00,1.02
2014.07.07 22:40:01.051,1.95891,1.9594,1.00,1.02
2014.07.07 22:40:01.833,1.95892,1.9594,1.00,1.77
2014.07.07 22:40:09.061,1.95884,1.9594,1.25,1.02
2014.07.07 22:40:09.229,1.95891,1.9594,1.00,1.02
2014.07.07 22:40:10.401,1.95891,1.95942,1.00,1.02
2014.07.07 22:40:10.452,1.95891,1.95948,1.00,1.77
2014.07.07 22:40:12.533,1.95893,1.95948,1.00,1.02
2014.07.07 22:40:13.182,1.95892,1.95948,1.00,1.02
2014.07.07 22:40:15.015,1.95892,1.95948,1.19,1.02
2014.07.07 22:40:16.018,1.95891,1.95948,1.19,1.30
2014.07.07 22:40:17.020,1.95893,1.95949,1.19,1.02
2014.07.07 22:40:18.024,1.95893,1.95948,1.25,1.30
2014.07.07 22:40:19.026,1.95888,1.95948,1.19,2.52
2014.07.07 22:40:20.029,1.95888,1.95948,1.19,2.52
2014.07.07 22:40:21.067,1.95888,1.95948,1.19,1.02
2014.07.07 22:40:22.039,1.95888,1.95948,1.19,1.02
2014.07.07 22:40:23.042,1.95888,1.95948,1.19,1.77
2014.07.07 22:40:24.046,1.95888,1.95948,1.19,1.77
2014.07.07 22:40:26.152,1.95888,1.95948,1.19,1.77
2014.07.07 22:40:28.657,1.95888,1.95948,1.19,1.77
2014.07.07 22:40:29.096,1.95888,1.95939,1.19,1.00
2014.07.07 22:40:29.348,1.95882,1.95946,2.59,1.15
2014.07.07 22:40:30.416,1.95888,1.95948,1.19,1.34
2014.07.07 22:40:30.467,1.95887,1.95948,1.29,1.37
2014.07.07 22:40:30.999,1.95887,1.95948,1.29,1.09
2014.07.07 22:40:31.667,1.95888,1.95948,1.19,1.37
2014.07.07 22:40:33.054,1.95892,1.95953,1.00,1.02
2014.07.07 22:40:33.105,1.95892,1.95953,1.19,1.02
2014.07.07 22:40:34.088,1.95892,1.95953,1.19,1.02
2014.07.07 22:40:36.082,1.95892,1.95953,1.00,1.77
2014.07.07 22:40:36.919,1.95886,1.95948,1.27,1.37
2014.07.07 22:40:37.528,1.95884,1.95948,1.34,1.37
2014.07.07 22:40:38.089,1.95884,1.95948,1.34,1.37
2014.07.07 22:40:42.202,1.95884,1.95948,1.34,1.37
2014.07.07 22:40:47.242,1.95884,1.95948,1.34,1.37
2014.07.07 22:40:48.216,1.95884,1.95948,1.34,1.37
2014.07.07 22:40:50.760,1.95884,1.95948,1.37,1.37
2014.07.07 22:40:53.230,1.95884,1.95948,1.29,1.34
2014.07.07 22:40:53.281,1.95892,1.95949,1.00,1.77
2014.07.07 22:40:57.570,1.95891,1.95946,1.00,1.34
2014.07.07 22:41:01.229,1.95891,1.95949,1.08,1.19
2014.07.07 22:41:01.582,1.95891,1.95955,1.77,1.34
2014.07.07 22:41:02.661,1.95891,1.95958,2.14,1.02
2014.07.07 22:41:03.664,1.95891,1.95958,2.14,1.02
2014.07.07 22:41:06.677,1.95891,1.95958,2.14,1.02
2014.07.07 22:41:09.735,1.95891,1.95958,1.77,1.02
2014.07.07 22:41:12.705,1.95891,1.95958,1.77,1.02
2014.07.07 22:41:14.305,1.95891,1.95959,2.44,1.34
2014.07.07 22:41:14.750,1.95895,1.95959,1.02,1.27
2014.07.07 22:41:17.702,1.95895,1.95958,1.02,1.29
2014.07.07 22:41:18.705,1.95895,1.95958,1.02,1.02
2014.07.07 22:41:20.711,1.95895,1.95958,1.39,1.29
2014.07.07 22:41:21.814,1.95895,1.95958,1.39,1.29
2014.07.07 22:41:23.821,1.95895,1.95959,1.02,1.27
2014.07.07 22:41:24.875,1.95895,1.95948,1.02,1.00
2014.07.07 22:41:33.141,1.95895,1.95959,1.02,1.27
2014.07.07 22:41:34.771,1.95892,1.95958,1.77,1.27
2014.07.07 22:41:34.872,1.95892,1.95958,1.34,1.37
2014.07.07 22:41:39.862,1.95892,1.95958,1.34,1.37
2014.07.07 22:41:44.872,1.95892,1.95958,1.34,1.37
2014.07.07 22:41:45.873,1.95892,1.95958,1.34,1.37
2014.07.07 22:41:46.875,1.95892,1.95958,1.34,1.37
2014.07.07 22:41:53.967,1.95892,1.95958,1.34,1.37
2014.07.07 22:41:54.958,1.95892,1.95958,1.34,1.37
2014.07.07 22:41:55.947,1.95892,1.95958,1.77,1.37
2014.07.07 22:41:57.439,1.95892,1.95958,1.77,1.37
2014.07.07 22:41:58.568,1.95892,1.95958,1.77,1.37
2014.07.07 22:42:01.349,1.95892,1.95958,1.77,1.37
2014.07.07 22:42:02.352,1.95892,1.95958,2.52,1.37
2014.07.07 22:42:03.355,1.95892,1.95958,1.77,1.37
2014.07.07 22:42:04.357,1.95892,1.95958,1.77,1.37
2014.07.07 22:42:06.996,1.95892,1.95958,1.77,1.37
2014.07.07 22:42:10.992,1.95892,1.95959,1.02,1.84
2014.07.07 22:42:12.039,1.95892,1.95948,1.02,1.00
2014.07.07 22:42:12.589,1.95892,1.95959,1.02,1.84
2014.07.07 22:42:13.144,1.95892,1.95959,1.02,1.84
2014.07.07 22:42:13.802,1.95892,1.95948,1.02,1.00
2014.07.07 22:42:19.298,1.95892,1.95958,1.77,1.29
2014.07.07 22:42:20.103,1.95901,1.95959,1.00,1.37
2014.07.07 22:42:20.423,1.95901,1.95959,1.19,1.37
2014.07.07 22:42:21.618,1.95902,1.95958,1.19,1.10
2014.07.07 22:42:22.621,1.95902,1.95958,1.19,1.10
2014.07.07 22:42:23.625,1.95902,1.95958,1.19,1.10
2014.07.07 22:42:24.628,1.95902,1.95958,1.19,1.10
2014.07.07 22:42:25.632,1.95902,1.95958,1.19,1.10
2014.07.07 22:42:26.635,1.95901,1.95959,1.19,1.18
2014.07.07 22:42:27.639,1.95901,1.95959,1.19,1.18
2014.07.07 22:42:28.643,1.95901,1.95959,1.19,1.18
2014.07.07 22:42:30.560,1.95902,1.95957,1.19,1.00
2014.07.07 22:42:31.065,1.95901,1.95957,1.19,1.00
2014.07.07 22:42:31.679,1.95901,1.95957,1.19,1.00
2014.07.07 22:42:32.672,1.95901,1.95957,1.19,1.00
2014.07.07 22:42:36.481,1.95894,1.95957,1.02,1.27
2014.07.07 22:42:36.532,1.95891,1.95952,1.34,1.19
2014.07.07 22:42:37.498,1.95889,1.95948,1.02,1.19
2014.07.07 22:42:40.472,1.95891,1.95948,1.34,1.19
2014.07.07 22:42:41.477,1.95889,1.95948,1.02,1.25
2014.07.07 22:42:42.480,1.95889,1.95948,1.02,1.19
2014.07.07 22:42:44.487,1.95889,1.95948,1.02,1.19
2014.07.07 22:42:47.528,1.95889,1.95948,1.02,1.19
2014.07.07 22:42:49.510,1.95889,1.95948,1.02,1.19
2014.07.07 22:42:52.511,1.95889,1.95948,1.02,1.25
2014.07.07 22:42:56.624,1.95885,1.95948,1.02,1.00
2014.07.07 22:43:00.591,1.95885,1.95948,1.77,1.00
2014.07.07 22:43:05.520,1.95885,1.95948,1.19,3.00
2014.07.07 22:43:06.016,1.95884,1.95947,1.19,1.02
2014.07.07 22:43:07.009,1.95884,1.95947,1.19,1.02
2014.07.07 22:43:09.527,1.95884,1.95947,1.19,1.02
2014.07.07 22:43:10.130,1.9588,1.95929,1.37,1.00
2014.07.07 22:43:10.631,1.95874,1.95928,1.77,1.00
2014.07.07 22:43:11.629,1.95874,1.95928,1.77,1.00
2014.07.07 22:43:13.638,1.95874,1.95928,1.77,1.00
2014.07.07 22:43:14.642,1.95874,1.95928,1.77,1.00
2014.07.07 22:43:15.645,1.95874,1.95928,1.77,1.00
2014.07.07 22:43:16.648,1.95874,1.95928,1.19,1.00
2014.07.07 22:43:18.656,1.95874,1.95928,1.19,1.00
2014.07.07 22:43:20.717,1.95872,1.95915,1.37,1.00
2014.07.07 22:43:21.661,1.95872,1.95915,1.37,1.00
2014.07.07 22:43:25.972,1.95872,1.95915,1.37,1.00
2014.07.07 22:43:27.049,1.95872,1.95915,1.37,1.00
2014.07.07 22:43:27.981,1.95872,1.95915,1.37,1.00
2014.07.07 22:43:28.985,1.95872,1.95915,1.37,1.00
2014.07.07 22:43:30.993,1.95872,1.95915,1.37,1.00
2014.07.07 22:43:31.995,1.95872,1.95915,1.37,1.00
2014.07.07 22:43:37.047,1.95872,1.95915,1.34,1.00
2014.07.07 22:43:39.648,1.95871,1.95912,1.34,1.00
2014.07.07 22:43:45.032,1.95871,1.95912,1.34,1.00
2014.07.07 22:43:46.108,1.95871,1.95912,1.34,1.00
2014.07.07 22:43:48.127,1.95871,1.95912,1.34,1.00
2014.07.07 22:43:50.138,1.95871,1.95912,1.34,1.00
2014.07.07 22:43:55.139,1.95872,1.95912,1.34,1.00
2014.07.07 22:43:55.926,1.95871,1.95913,1.34,1.00
2014.07.07 22:43:56.485,1.95871,1.95913,1.34,1.00
2014.07.07 22:43:56.804,1.95873,1.95913,1.02,1.00
2014.07.07 22:44:28.146,1.95873,1.95912,1.02,1.00
2014.07.07 22:44:29.796,1.95873,1.95915,1.02,1.00
2014.07.07 22:44:30.687,1.95873,1.95912,1.02,1.00
2014.07.07 22:44:30.896,1.95873,1.95915,1.02,1.00
2014.07.07 22:44:31.446,1.95873,1.95912,1.02,1.00
2014.07.07 22:44:31.681,1.95873,1.95915,1.02,1.00
2014.07.07 22:44:32.486,1.95873,1.95912,1.02,1.00
2014.07.07 22:44:32.656,1.95873,1.95914,1.02,1.00
2014.07.07 22:44:33.426,1.95873,1.95912,1.02,1.00
2014.07.07 22:44:33.646,1.95873,1.95915,1.02,1.00
2014.07.07 22:44:34.416,1.95873,1.95912,1.02,1.00
2014.07.07 22:44:34.654,1.95873,1.95914,1.02,1.00
2014.07.07 22:44:37.612,1.95872,1.95914,1.77,1.00
2014.07.07 22:44:38.198,1.95872,1.95911,1.77,1.00
2014.07.07 22:44:40.026,1.95872,1.9591,1.77,1.00
2014.07.07 22:44:40.722,1.95872,1.95912,1.77,1.00
2014.07.07 22:44:40.917,1.95872,1.9591,1.02,1.00
2014.07.07 22:44:41.687,1.95872,1.95911,1.77,1.00
2014.07.07 22:44:42.258,1.95872,1.95912,1.02,1.00
2014.07.07 22:44:42.626,1.95872,1.9591,1.02,1.00
2014.07.07 22:44:42.677,1.95872,1.95912,1.02,1.00
2014.07.07 22:44:43.216,1.95872,1.95911,1.77,1.00
2014.07.07 22:44:43.836,1.95872,1.95912,1.02,1.00
2014.07.07 22:44:43.887,1.95872,1.9591,1.02,1.00
2014.07.07 22:44:44.206,1.95872,1.95912,1.02,1.00
2014.07.07 22:44:44.866,1.95872,1.9591,1.02,1.00
2014.07.07 22:44:45.196,1.95872,1.95912,1.02,1.00
2014.07.07 22:44:45.441,1.95872,1.9591,1.02,1.00
2014.07.07 22:44:46.186,1.95872,1.95911,1.02,1.00
2014.07.07 22:44:46.956,1.95872,1.9591,1.77,1.00
2014.07.07 22:44:47.535,1.95872,1.95911,1.77,1.00
2014.07.07 22:44:48.398,1.95872,1.9591,1.77,1.00
2014.07.07 22:44:48.716,1.95872,1.95912,1.02,1.00
2014.07.07 22:44:49.302,1.95872,1.95911,1.02,1.00
2014.07.07 22:44:49.887,1.95872,1.95912,1.02,1.00
2014.07.07 22:44:50.392,1.95872,1.95911,1.77,1.00
2014.07.07 22:44:51.686,1.95872,1.95912,1.77,1.00
2014.07.07 22:44:51.906,1.95872,1.9591,1.77,1.00
2014.07.07 22:44:52.136,1.95872,1.95912,1.77,1.00
2014.07.07 22:44:52.456,1.95872,1.9591,1.02,1.00
2014.07.07 22:44:52.676,1.95872,1.95912,1.02,1.00
2014.07.07 22:44:52.896,1.95872,1.9591,1.02,1.00
2014.07.07 22:44:53.405,1.95872,1.95911,1.02,1.00
2014.07.07 22:44:54.886,1.95872,1.9591,1.77,1.00
2014.07.07 22:44:55.206,1.95872,1.95912,1.77,1.00
2014.07.07 22:44:55.426,1.95872,1.9591,1.77,1.00
2014.07.07 22:44:55.674,1.95872,1.95912,1.77,1.00
2014.07.07 22:44:56.205,1.95872,1.95911,1.77,1.00
2014.07.07 22:44:57.769,1.95873,1.95911,1.02,1.00
2014.07.07 22:45:01.397,1.95873,1.95915,1.02,1.00
2014.07.07 22:45:01.696,1.95873,1.95912,1.02,1.00
2014.07.07 22:45:06.906,1.95881,1.95925,1.20,1.00
2014.07.07 22:45:07.158,1.95881,1.95925,2.89,1.00
2014.07.07 22:45:07.318,1.95883,1.95939,1.34,1.00
2014.07.07 22:45:07.420,1.95891,1.95949,1.77,1.69
2014.07.07 22:45:08.242,1.95891,1.95948,1.77,1.00
2014.07.07 22:45:11.552,1.95891,1.95948,1.77,1.00
2014.07.07 22:45:13.578,1.95891,1.95948,1.77,1.00
2014.07.07 22:45:14.561,1.95891,1.95948,1.77,1.00
2014.07.07 22:45:15.563,1.95891,1.95948,1.77,1.00
2014.07.07 22:45:17.605,1.95891,1.95948,1.77,1.00
2014.07.07 22:45:19.577,1.95891,1.95948,1.77,1.00
2014.07.07 22:45:21.581,1.95891,1.95948,1.77,1.00
2014.07.07 22:45:25.591,1.95891,1.95948,1.77,1.00
2014.07.07 22:45:29.599,1.95894,1.95949,1.02,1.50
2014.07.07 22:45:30.346,1.95894,1.95948,1.02,1.00
2014.07.07 22:45:32.388,1.95894,1.95949,1.02,1.50
2014.07.07 22:45:32.935,1.95894,1.95949,1.02,1.00
2014.07.07 22:45:34.113,1.95894,1.95949,1.02,1.00
2014.07.07 22:45:36.123,1.95894,1.95949,1.02,1.00
2014.07.07 22:45:38.628,1.95894,1.95948,1.02,1.00
2014.07.07 22:45:39.359,1.95894,1.95948,1.02,1.00
2014.07.07 22:45:47.908,1.95895,1.95948,1.02,1.00
2014.07.07 22:46:04.498,1.95895,1.95948,1.02,1.00
2014.07.07 22:46:11.000,1.95895,1.95948,1.02,1.00
2014.07.07 22:46:21.007,1.95895,1.95949,1.02,1.00
2014.07.07 22:46:25.142,1.95895,1.95949,1.02,1.00
2014.07.07 22:46:27.149,1.95895,1.95949,1.02,1.00
2014.07.07 22:46:28.190,1.95896,1.95949,1.02,1.00
2014.07.07 22:46:33.945,1.95896,1.95952,1.02,1.19
2014.07.07 22:46:35.199,1.95896,1.95952,1.02,1.25
2014.07.07 22:46:46.593,1.95893,1.95952,1.50,1.19
2014.07.07 22:46:47.744,1.95896,1.95952,1.02,1.25
2014.07.07 22:46:48.786,1.95893,1.95952,1.02,1.25
2014.07.07 22:46:51.710,1.95893,1.95952,1.02,1.19
2014.07.07 22:46:55.761,1.95893,1.95952,1.02,1.00
2014.07.07 22:46:59.730,1.95893,1.95952,1.02,1.00
2014.07.07 22:47:00.715,1.95893,1.9595,1.02,1.00
2014.07.07 22:47:00.934,1.95893,1.95952,1.02,1.00
2014.07.07 22:47:01.734,1.95893,1.95952,1.02,1.00
2014.07.07 22:47:29.769,1.95894,1.95952,1.02,1.00
2014.07.07 22:47:46.768,1.95894,1.95952,1.02,1.00
2014.07.07 22:47:47.871,1.95894,1.95952,1.02,1.00
2014.07.07 22:47:48.885,1.95894,1.95952,1.30,1.19
2014.07.07 22:47:48.936,1.95892,1.95952,3.19,1.19
2014.07.07 22:47:49.908,1.95892,1.95952,2.52,1.19
2014.07.07 22:47:51.888,1.95892,1.95952,2.52,1.19
2014.07.07 22:47:52.884,1.95892,1.95952,2.52,1.19
2014.07.07 22:47:53.885,1.95892,1.95952,2.52,1.00
2014.07.07 22:47:55.889,1.95892,1.95952,2.52,1.19
2014.07.07 22:47:56.892,1.95892,1.95952,2.52,1.25
2014.07.07 22:47:58.907,1.95892,1.95952,2.52,1.00
2014.07.07 22:47:59.899,1.95892,1.95952,2.52,1.00
2014.07.07 22:48:00.902,1.95892,1.95952,2.52,1.00
2014.07.07 22:48:04.452,1.95892,1.95952,2.52,1.00
2014.07.07 22:48:06.518,1.95892,1.95952,2.52,1.00
2014.07.07 22:48:08.524,1.95892,1.95952,2.52,1.19
2014.07.07 22:48:09.103,1.95894,1.95952,1.02,1.19
2014.07.07 22:48:13.936,1.95894,1.95952,1.02,1.00
2014.07.07 22:48:15.935,1.95894,1.95952,1.02,1.19
2014.07.07 22:48:17.139,1.95894,1.95952,1.02,1.00
2014.07.07 22:48:18.141,1.95894,1.95952,1.02,1.19
2014.07.07 22:48:19.144,1.95894,1.95952,1.02,1.19
2014.07.07 22:48:22.153,1.95894,1.95952,1.02,1.19
2014.07.07 22:48:23.155,1.95894,1.95952,1.02,1.19
2014.07.07 22:48:24.157,1.95893,1.95952,1.02,1.19
2014.07.07 22:48:28.200,1.95894,1.95952,1.30,1.19
2014.07.07 22:48:29.817,1.95892,1.95952,2.52,1.19
2014.07.07 22:48:33.183,1.95894,1.95953,1.15,1.19
2014.07.07 22:48:34.286,1.95894,1.95953,1.34,1.19
2014.07.07 22:48:35.315,1.95894,1.95953,1.34,1.19
2014.07.07 22:48:40.098,1.95894,1.95953,1.15,1.19
2014.07.07 22:48:41.122,1.95894,1.95953,1.34,1.19
2014.07.07 22:48:42.123,1.95894,1.95953,1.34,1.19
2014.07.07 22:48:43.116,1.95894,1.95953,1.34,1.25
2014.07.07 22:48:45.589,1.95894,1.95953,1.15,1.19
2014.07.07 22:48:47.595,1.95894,1.95953,1.34,1.19
2014.07.07 22:48:48.273,1.95902,1.95953,1.00,1.19
2014.07.07 22:48:48.953,1.95902,1.95953,1.00,1.19
2014.07.07 22:48:49.803,1.95894,1.95953,1.77,1.19
2014.07.07 22:48:51.648,1.95894,1.95953,1.77,1.19
2014.07.07 22:48:53.630,1.95894,1.95953,1.77,1.19
2014.07.07 22:48:54.622,1.95894,1.95953,1.77,1.19
2014.07.07 22:48:55.719,1.95901,1.95957,1.10,1.29
2014.07.07 22:48:56.063,1.95911,1.95957,1.00,1.29
2014.07.07 22:48:56.723,1.95911,1.95957,1.00,1.29
2014.07.07 22:48:59.476,1.95902,1.95957,1.00,1.29
2014.07.07 22:49:00.187,1.95902,1.95957,1.00,1.29
2014.07.07 22:49:04.426,1.95912,1.95957,1.00,1.29
2014.07.07 22:49:05.136,1.95911,1.95957,1.00,1.29
2014.07.07 22:49:06.049,1.95911,1.95957,1.00,1.29
2014.07.07 22:49:07.053,1.95911,1.95957,1.00,1.29
2014.07.07 22:49:07.636,1.95902,1.95957,1.00,1.29
2014.07.07 22:49:08.057,1.95902,1.95957,1.00,1.29
2014.07.07 22:49:09.060,1.95902,1.95957,1.00,1.29
2014.07.07 22:49:10.362,1.95901,1.95957,1.02,1.29
2014.07.07 22:49:11.066,1.95901,1.95957,1.10,1.29
2014.07.07 22:49:14.872,1.95901,1.95957,1.29,1.29
2014.07.07 22:49:15.874,1.95901,1.95957,1.02,1.29
2014.07.07 22:49:17.876,1.95901,1.95957,1.29,1.29
2014.07.07 22:49:23.885,1.95901,1.95957,1.02,1.29
2014.07.07 22:49:24.958,1.95901,1.95957,1.10,1.29
2014.07.07 22:49:36.908,1.95901,1.95957,1.25,1.29
2014.07.07 22:49:41.017,1.95901,1.95957,1.00,1.29
2014.07.07 22:49:49.028,1.95901,1.95957,1.00,1.29
2014.07.07 22:49:50.030,1.95901,1.95957,1.00,1.29
2014.07.07 22:49:51.504,1.95902,1.95957,1.00,1.27
2014.07.07 22:49:55.641,1.95902,1.95957,1.00,1.27
2014.07.07 22:49:58.663,1.95902,1.95957,1.00,1.27
2014.07.07 22:50:08.068,1.95902,1.95957,1.00,1.27
2014.07.07 22:50:09.436,1.95911,1.95957,1.00,1.27
2014.07.07 22:50:10.073,1.95911,1.95957,1.00,1.27
2014.07.07 22:50:19.695,1.95911,1.95957,1.00,1.27
2014.07.07 22:50:23.804,1.95911,1.95957,1.00,1.27
2014.07.07 22:50:26.486,1.95901,1.95957,1.00,1.27
2014.07.07 22:50:29.474,1.95912,1.95957,1.00,1.27
2014.07.07 22:50:30.083,1.95912,1.95957,1.00,1.27
2014.07.07 22:50:38.475,1.95902,1.95957,1.00,1.29
2014.07.07 22:50:41.225,1.95911,1.95957,1.00,1.29
2014.07.07 22:50:41.844,1.95911,1.95957,1.00,1.29
2014.07.07 22:50:48.866,1.95911,1.95957,1.00,1.02
2014.07.07 22:50:54.879,1.95911,1.95957,1.00,1.19
2014.07.07 22:50:55.881,1.95911,1.95957,1.00,1.25
2014.07.07 22:51:09.020,1.95911,1.95957,1.00,1.19
2014.07.07 22:51:10.024,1.95911,1.95957,1.00,1.25
2014.07.07 22:51:19.082,1.95912,1.95957,1.00,1.25
2014.07.07 22:51:21.067,1.95911,1.95957,1.00,1.25
2014.07.07 22:51:29.077,1.95911,1.95957,1.00,1.19
2014.07.07 22:51:30.080,1.95911,1.95957,1.00,1.25
2014.07.07 22:51:35.087,1.95911,1.95957,1.00,1.19
2014.07.07 22:51:36.088,1.95911,1.95957,1.00,1.25
2014.07.07 22:51:45.820,1.95901,1.95957,1.19,1.25
2014.07.07 22:51:47.200,1.95901,1.95957,1.19,1.25
2014.07.07 22:51:49.206,1.95901,1.95957,1.19,1.19
2014.07.07 22:51:50.210,1.95901,1.95957,1.19,1.25
2014.07.07 22:51:54.219,1.95901,1.95957,1.19,1.00
2014.07.07 22:51:54.581,1.95912,1.95962,1.00,1.34
2014.07.07 22:51:54.750,1.95913,1.9597,1.19,1.27
2014.07.07 22:52:01.740,1.95913,1.9597,1.00,1.27
2014.07.07 22:52:02.750,1.95913,1.9597,1.19,1.08
2014.07.07 22:52:04.772,1.95913,1.9597,1.19,1.27
2014.07.07 22:52:05.780,1.95916,1.95976,1.00,1.77
2014.07.07 22:52:06.142,1.95922,1.95976,1.00,1.77
2014.07.07 22:52:06.394,1.95916,1.95976,1.00,1.77
2014.07.07 22:52:10.692,1.95915,1.95972,1.25,1.37
2014.07.07 22:52:11.519,1.95915,1.95972,1.25,1.37
2014.07.07 22:52:12.062,1.95915,1.95972,1.19,1.37
2014.07.07 22:52:22.208,1.95916,1.95974,1.19,1.34
2014.07.07 22:52:23.658,1.95921,1.95974,1.00,1.34
2014.07.07 22:52:26.390,1.95916,1.95974,1.19,1.34
2014.07.07 22:52:27.326,1.95912,1.9597,1.27,1.27
2014.07.07 22:52:28.340,1.95912,1.9597,1.33,1.27
2014.07.07 22:52:29.333,1.95912,1.9597,1.27,1.27
2014.07.07 22:52:30.940,1.95914,1.95973,1.00,1.34
2014.07.07 22:52:31.539,1.95914,1.95973,1.00,1.34
2014.07.07 22:52:33.547,1.95914,1.95973,1.00,1.34
2014.07.07 22:52:34.551,1.95914,1.95973,1.00,1.34
2014.07.07 22:52:35.386,1.95914,1.95972,1.00,1.02
2014.07.07 22:52:36.558,1.95914,1.95971,1.19,1.02
2014.07.07 22:52:40.994,1.95914,1.95971,1.25,1.02
2014.07.07 22:52:44.933,1.95911,1.95971,1.69,1.77
2014.07.07 22:52:45.587,1.95911,1.95971,1.69,1.77
2014.07.07 22:52:48.614,1.95912,1.95971,1.19,1.77
2014.07.07 22:52:50.616,1.95912,1.95971,1.19,1.77
2014.07.07 22:52:51.602,1.95912,1.95971,1.00,1.77
2014.07.07 22:52:55.666,1.95912,1.9597,1.00,1.02
2014.07.07 22:52:58.022,1.95912,1.9597,1.19,1.02
2014.07.07 22:52:59.829,1.95921,1.9597,1.00,1.02
2014.07.07 22:53:00.415,1.95932,1.9597,1.00,1.02
2014.07.07 22:53:00.466,1.95932,1.95976,1.00,1.34
2014.07.07 22:53:00.567,1.95932,1.95976,1.00,1.15
2014.07.07 22:53:07.079,1.95925,1.95979,1.19,1.40
2014.07.07 22:53:07.299,1.95931,1.9598,1.00,1.02
2014.07.07 22:53:07.654,1.95922,1.95976,1.19,1.15
2014.07.07 22:53:08.659,1.95922,1.95978,1.00,1.84
2014.07.07 22:53:11.592,1.95921,1.95978,1.25,1.34
2014.07.07 22:53:11.717,1.95921,1.95978,1.19,1.34
2014.07.07 22:53:13.702,1.95921,1.95978,1.25,1.34
2014.07.07 22:53:17.309,1.95922,1.95978,1.00,1.84
2014.07.07 22:53:18.439,1.95922,1.95978,1.19,1.65
2014.07.07 22:53:20.433,1.95922,1.95978,1.19,1.65
2014.07.07 22:53:20.980,1.95915,1.95977,1.29,1.15
2014.07.07 22:53:22.429,1.95915,1.95977,1.29,1.34
2014.07.07 22:53:23.434,1.95915,1.95977,1.29,1.34
2014.07.07 22:53:24.437,1.95915,1.95977,1.29,1.34
2014.07.07 22:53:25.353,1.95922,1.95977,1.00,1.34
2014.07.07 22:53:25.678,1.95922,1.95977,1.00,1.34
2014.07.07 22:53:26.550,1.95922,1.95977,1.00,1.34
2014.07.07 22:53:30.839,1.95915,1.95977,1.29,1.34
2014.07.07 22:53:31.592,1.95915,1.95977,1.02,1.34
2014.07.07 22:53:31.720,1.95922,1.95977,1.00,1.34
2014.07.07 22:53:31.829,1.95915,1.95977,1.02,1.34
2014.07.07 22:53:33.574,1.95915,1.95977,1.29,1.34
2014.07.07 22:53:34.606,1.95915,1.95977,1.02,1.34
2014.07.07 22:53:35.619,1.95915,1.95977,1.29,1.34
2014.07.07 22:53:36.609,1.95915,1.95977,1.29,1.34
2014.07.07 22:53:38.640,1.95912,1.95977,1.84,1.34
2014.07.07 22:53:39.631,1.95912,1.95977,1.84,1.34
2014.07.07 22:53:40.680,1.95912,1.95975,1.77,1.27
2014.07.07 22:53:42.610,1.95912,1.95975,1.69,1.02
2014.07.07 22:53:44.711,1.95912,1.95975,1.69,1.02
2014.07.07 22:53:46.717,1.95912,1.95975,1.69,1.02
2014.07.07 22:53:49.724,1.95912,1.95975,1.69,1.02
2014.07.07 22:53:53.231,1.95912,1.95975,1.69,1.02
2014.07.07 22:53:54.635,1.95912,1.95975,1.69,1.02
2014.07.07 22:53:54.698,1.95929,1.95975,1.00,1.02
2014.07.07 22:53:55.688,1.95929,1.95975,1.00,1.02
2014.07.07 22:54:01.173,1.95929,1.95976,1.00,1.02
2014.07.07 22:54:21.241,1.95929,1.95969,1.00,1.08
2014.07.07 22:55:09.328,1.95913,1.95968,1.19,1.10
2014.07.07 22:55:10.084,1.95913,1.95968,1.19,1.10
2014.07.07 22:55:11.086,1.95913,1.95968,1.19,1.10
2014.07.07 22:55:12.090,1.95913,1.95968,1.19,1.10
2014.07.07 22:55:13.093,1.95913,1.95968,1.19,1.10
2014.07.07 22:55:15.299,1.95913,1.95968,1.19,1.10
2014.07.07 22:55:16.302,1.95913,1.95968,1.19,1.10
2014.07.07 22:55:18.308,1.95913,1.95975,1.19,1.02
2014.07.07 22:55:19.425,1.95913,1.95975,1.19,1.02
2014.07.07 22:55:21.355,1.95913,1.95976,1.19,1.19
2014.07.07 22:55:21.926,1.95913,1.95976,1.19,1.27
2014.07.07 22:55:29.235,1.95913,1.95976,1.19,1.34
2014.07.07 22:55:30.237,1.95913,1.95976,1.19,1.34
2014.07.07 22:55:31.241,1.95913,1.95976,1.19,1.34
2014.07.07 22:55:32.244,1.95913,1.95976,1.19,1.34
2014.07.07 22:55:34.278,1.95913,1.95976,1.19,1.34
2014.07.07 22:55:36.259,1.95913,1.95976,1.19,1.34
2014.07.07 22:55:39.294,1.95913,1.95976,1.19,1.34
2014.07.07 22:55:40.265,1.95913,1.95976,1.19,1.34
2014.07.07 22:55:41.269,1.95913,1.95976,1.19,1.34
2014.07.07 22:55:41.870,1.95913,1.95969,1.19,1.00
2014.07.07 22:55:42.273,1.95913,1.95969,1.19,1.00
2014.07.07 22:55:43.278,1.95913,1.95969,1.19,1.00
2014.07.07 22:55:44.281,1.95913,1.95969,1.19,1.00
2014.07.07 22:55:46.580,1.95913,1.95976,1.19,1.34
2014.07.07 22:55:47.593,1.95913,1.95976,1.19,1.34
2014.07.07 22:55:48.596,1.95913,1.95976,1.19,1.34
2014.07.07 22:55:55.310,1.95913,1.95976,1.19,1.34
2014.07.07 22:55:56.314,1.95913,1.95976,1.19,1.34
2014.07.07 22:56:01.324,1.95913,1.95976,1.19,1.34
2014.07.07 22:56:02.366,1.95913,1.95976,1.19,1.34
2014.07.07 22:56:05.377,1.95913,1.95976,1.27,1.34
2014.07.07 22:56:06.930,1.95913,1.95968,1.27,1.00
2014.07.07 22:56:07.554,1.95913,1.95968,1.27,1.00
2014.07.07 22:56:09.549,1.95913,1.95968,1.27,1.00
2014.07.07 22:56:10.551,1.95913,1.95968,1.27,1.00
2014.07.07 22:56:11.552,1.95913,1.95968,1.27,1.00
2014.07.07 22:56:12.603,1.95913,1.95968,1.27,1.00
2014.07.07 22:56:12.979,1.95913,1.95976,1.27,1.34
2014.07.07 22:56:16.669,1.95913,1.95976,1.27,1.34
2014.07.07 22:56:17.587,1.95913,1.95976,1.27,1.34
2014.07.07 22:56:18.036,1.95921,1.95976,1.00,1.34
2014.07.07 22:56:20.905,1.95922,1.95975,1.00,1.34
2014.07.07 22:56:21.465,1.95921,1.95975,1.00,1.34
2014.07.07 22:56:23.164,1.95921,1.95975,1.00,1.34
2014.07.07 22:56:26.495,1.95921,1.95975,1.19,1.40
2014.07.07 22:56:29.486,1.95917,1.95968,1.19,1.00
2014.07.07 22:56:31.913,1.95917,1.95968,1.19,1.00
2014.07.07 22:56:32.918,1.95917,1.95968,1.19,1.00
2014.07.07 22:56:34.925,1.95917,1.95968,1.25,1.00
2014.07.07 22:56:35.928,1.95917,1.95968,1.19,1.00
2014.07.07 22:56:36.932,1.95917,1.95968,1.19,1.00
2014.07.07 22:56:42.000,1.95917,1.95968,1.25,1.00
2014.07.07 22:56:43.504,1.95917,1.95968,1.19,1.00
2014.07.07 22:56:46.862,1.95921,1.95975,1.00,1.34
2014.07.07 22:56:49.936,1.95922,1.95975,1.00,1.34
2014.07.07 22:56:50.282,1.95922,1.9597,1.00,1.50
2014.07.07 22:56:50.816,1.95917,1.95969,1.19,1.83
2014.07.07 22:56:51.068,1.95914,1.95968,1.00,1.02
2014.07.07 22:57:00.706,1.95915,1.95967,1.00,1.02
2014.07.07 22:57:02.246,1.95914,1.95967,1.00,1.02
2014.07.07 22:57:10.371,1.95914,1.95965,1.00,1.02
2014.07.07 22:57:11.602,1.95912,1.95965,1.25,1.30
2014.07.07 22:57:11.916,1.95905,1.95958,1.19,1.50
2014.07.07 22:57:12.785,1.95905,1.95958,1.19,1.50
2014.07.07 22:57:14.892,1.95905,1.95958,1.25,1.98
2014.07.07 22:57:31.906,1.95905,1.95957,1.00,1.02
2014.07.07 22:57:31.957,1.95901,1.95957,1.19,1.98
2014.07.07 22:57:32.503,1.95901,1.95956,1.00,1.02
2014.07.07 22:57:33.715,1.95902,1.95956,1.00,1.02
2014.07.07 22:57:34.046,1.95898,1.95948,1.19,1.00
2014.07.07 22:57:34.600,1.95898,1.95949,1.19,1.10
2014.07.07 22:57:36.449,1.95898,1.95949,1.19,1.10
2014.07.07 22:57:37.952,1.95898,1.95949,1.00,1.10
2014.07.07 22:57:51.095,1.95898,1.95948,1.25,1.00
2014.07.07 22:57:52.021,1.95898,1.95948,1.00,1.18
2014.07.07 22:57:52.208,1.95894,1.95949,1.69,1.15
2014.07.07 22:57:53.019,1.95894,1.95949,1.19,1.15
2014.07.07 22:58:00.924,1.95894,1.95949,1.19,1.00
2014.07.07 22:58:06.121,1.95894,1.95949,1.19,1.25
2014.07.07 22:58:07.044,1.95894,1.95948,1.19,1.00
2014.07.07 22:58:13.864,1.95899,1.95948,1.00,1.00
2014.07.07 22:58:14.455,1.95899,1.95949,1.00,1.00
2014.07.07 22:58:14.786,1.95899,1.95949,1.19,1.00
2014.07.07 22:58:15.316,1.95902,1.95957,1.25,1.19
2014.07.07 22:58:15.833,1.95902,1.95957,1.00,1.19
2014.07.07 22:58:15.883,1.95899,1.95948,1.19,1.00
2014.07.07 22:58:17.395,1.95903,1.95959,1.00,1.19
2014.07.07 22:58:17.857,1.95903,1.95959,1.25,1.19
2014.07.07 22:58:18.859,1.95903,1.95959,1.25,1.19
2014.07.07 22:58:19.878,1.95903,1.95958,1.19,1.19
2014.07.07 22:58:21.870,1.95903,1.95959,1.25,1.19
2014.07.07 22:58:22.875,1.95903,1.95959,1.25,1.19
2014.07.07 22:58:23.878,1.95903,1.95959,1.00,1.19
2014.07.07 22:58:24.314,1.95903,1.95948,1.00,1.00
2014.07.07 22:58:25.019,1.95895,1.95949,1.19,1.00
2014.07.07 22:58:25.185,1.95895,1.95949,1.00,1.19
2014.07.07 22:58:25.337,1.95892,1.95949,1.25,1.32
2014.07.07 22:58:25.437,1.95892,1.95938,1.25,1.00
2014.07.07 22:58:25.882,1.95883,1.95929,1.19,1.00
2014.07.07 22:58:26.034,1.95878,1.95929,1.19,1.00
2014.07.07 22:58:26.553,1.95871,1.95928,1.19,1.00
2014.07.07 22:58:26.726,1.95863,1.95929,1.19,1.19
2014.07.07 22:58:27.819,1.95863,1.95929,1.69,1.19
2014.07.07 22:58:29.693,1.95863,1.95929,1.19,1.19
2014.07.07 22:58:31.799,1.95863,1.95929,1.19,1.19
2014.07.07 22:58:33.115,1.95863,1.95918,1.19,1.00
2014.07.07 22:58:33.317,1.95862,1.95918,1.00,1.19
2014.07.07 22:58:33.368,1.95861,1.95909,1.25,1.00
2014.07.07 22:58:33.934,1.95851,1.95908,1.19,1.00
2014.07.07 22:58:34.484,1.95853,1.95909,1.19,1.00
2014.07.07 22:58:34.907,1.95853,1.95909,1.19,1.00
2014.07.07 22:58:40.920,1.95853,1.95909,1.19,1.00
2014.07.07 22:58:41.923,1.95853,1.95909,1.19,1.00
2014.07.07 22:58:46.044,1.95858,1.95909,1.00,1.00
2014.07.07 22:58:46.246,1.95852,1.95907,1.19,1.00
2014.07.07 22:58:47.037,1.95852,1.95907,1.19,1.00
2014.07.07 22:58:47.087,1.95862,1.95907,1.00,1.00
2014.07.07 22:58:48.894,1.95861,1.95913,1.00,1.19
2014.07.07 22:58:49.446,1.95862,1.95913,1.00,1.19
2014.07.07 22:58:49.647,1.95862,1.95913,1.00,1.00
2014.07.07 22:58:53.827,1.95853,1.95909,1.19,1.00
2014.07.07 22:58:54.402,1.95851,1.95907,1.19,1.00
2014.07.07 22:58:54.662,1.95851,1.95907,1.19,1.00
2014.07.07 22:59:00.726,1.95851,1.95907,1.19,1.00
2014.07.07 22:59:01.133,1.95853,1.95909,1.19,1.25
2014.07.07 22:59:01.723,1.95853,1.95909,1.19,1.00
2014.07.07 22:59:04.355,1.95862,1.95913,1.00,1.25
2014.07.07 22:59:05.674,1.95862,1.95916,1.00,1.25
2014.07.07 22:59:06.213,1.95861,1.95912,1.19,1.00
2014.07.07 22:59:06.742,1.95861,1.95912,1.19,1.00
2014.07.07 22:59:12.761,1.95861,1.95912,1.19,1.00
2014.07.07 22:59:15.771,1.95861,1.95912,1.19,1.00
2014.07.07 22:59:16.774,1.95861,1.95912,1.19,1.00
2014.07.07 22:59:24.091,1.95862,1.95912,1.25,1.00
2014.07.07 22:59:28.168,1.95862,1.95912,1.19,1.00
2014.07.07 22:59:30.217,1.95862,1.9591,1.00,1.19
2014.07.07 22:59:30.317,1.95852,1.95908,1.69,1.00
2014.07.07 22:59:30.863,1.95852,1.95907,1.19,1.00
2014.07.07 22:59:31.176,1.95852,1.95907,1.19,1.19
2014.07.07 22:59:33.181,1.95852,1.95907,1.25,1.25
2014.07.07 22:59:34.184,1.95852,1.95907,1.19,1.25
2014.07.07 22:59:35.187,1.95852,1.95907,1.19,1.19
2014.07.07 22:59:36.190,1.95852,1.95907,1.19,1.00
2014.07.07 22:59:37.194,1.95852,1.95907,1.19,1.19
2014.07.07 22:59:40.404,1.95852,1.95907,1.25,1.25
2014.07.07 22:59:41.417,1.95852,1.95907,1.19,1.19
2014.07.07 22:59:44.417,1.95852,1.95907,1.00,1.19
2014.07.07 22:59:47.727,1.95852,1.95907,1.00,1.19
2014.07.07 22:59:48.730,1.95852,1.95907,1.25,1.19
2014.07.07 22:59:51.978,1.95852,1.95899,1.25,1.00
2014.07.07 22:59:52.079,1.95852,1.95903,1.25,1.00
2014.07.07 22:59:52.130,1.95845,1.95899,1.19,1.00
2014.07.07 22:59:52.432,1.95841,1.95896,1.19,1.00
2014.07.07 22:59:52.776,1.95842,1.95896,1.19,1.00
2014.07.07 22:59:53.396,1.95842,1.95899,1.19,1.00
2014.07.07 22:59:53.741,1.95842,1.95899,1.19,1.19
2014.07.07 22:59:54.743,1.95842,1.95899,1.19,1.00
