2012.06.27 18:00:01.526,1.96717,1.96769,1.13,1.13
2012.06.27 18:00:02.346,1.96717,1.96766,1.13,1.50
2012.06.27 18:00:03.834,1.96717,1.96769,1.13,1.13
2012.06.27 18:00:05.427,1.96717,1.96769,1.51,1.13
2012.06.27 18:00:13.317,1.96717,1.96769,1.51,1.88
2012.06.27 18:00:13.803,1.96717,1.96769,1.51,1.13
2012.06.27 18:00:14.304,1.96722,1.9677,1.13,1.50
2012.06.27 18:00:14.613,1.96715,1.96761,1.13,1.13
2012.06.27 18:00:15.174,1.96722,1.96762,1.13,1.88
2012.06.27 18:00:15.795,1.96722,1.96753,1.13,1.50
2012.06.27 18:00:15.867,1.96704,1.96753,1.13,1.50
2012.06.27 18:00:16.414,1.96699,1.96753,1.13,1.50
2012.06.27 18:00:16.545,1.96698,1.96756,1.51,1.13
2012.06.27 18:00:16.615,1.96694,1.96752,1.51,1.50
2012.06.27 18:00:16.956,1.96713,1.96761,1.13,1.50
2012.06.27 18:00:17.265,1.96728,1.96771,1.13,1.20
2012.06.27 18:00:17.396,1.96725,1.96764,1.13,1.50
2012.06.27 18:00:17.523,1.9672,1.96763,1.13,1.13
2012.06.27 18:00:17.833,1.96722,1.96764,1.13,2.55
2012.06.27 18:00:17.964,1.96712,1.96764,1.13,2.55
2012.06.27 18:00:18.606,1.96712,1.96764,1.13,2.55
2012.06.27 18:00:19.687,1.96714,1.96764,1.13,3.68
2012.06.27 18:00:20.893,1.96714,1.96764,1.13,2.93
2012.06.27 18:00:20.964,1.96712,1.96764,1.13,1.80
2012.06.27 18:00:21.274,1.96702,1.96757,1.13,1.50
2012.06.27 18:00:21.643,1.96701,1.96757,1.51,1.50
2012.06.27 18:00:21.774,1.96701,1.96757,1.13,1.50
2012.06.27 18:00:21.844,1.967,1.96752,1.13,1.13
2012.06.27 18:00:25.802,1.967,1.96748,1.13,1.50
2012.06.27 18:00:26.160,1.967,1.96748,1.13,2.25
2012.06.27 18:00:26.265,1.967,1.96748,1.13,1.50
2012.06.27 18:00:26.405,1.967,1.96748,1.13,1.88
2012.06.27 18:00:26.653,1.96682,1.96738,1.13,1.50
2012.06.27 18:00:26.844,1.96682,1.96738,1.13,2.25
2012.06.27 18:00:27.164,1.96692,1.96738,1.13,1.50
2012.06.27 18:00:27.233,1.96692,1.96744,1.13,1.88
2012.06.27 18:00:30.802,1.96692,1.96741,1.13,1.50
2012.06.27 18:00:31.114,1.96684,1.96729,1.13,1.13
2012.06.27 18:00:45.373,1.96674,1.96728,1.13,1.13
2012.06.27 18:00:58.147,1.96685,1.96728,1.13,1.13
2012.06.27 18:01:30.314,1.96674,1.96728,1.13,1.13
2012.06.27 18:01:37.574,1.96685,1.96728,1.13,1.13
2012.06.27 18:01:43.912,1.96684,1.96727,1.13,1.13
2012.06.27 18:01:44.041,1.96675,1.96725,1.13,1.13
2012.06.27 18:01:46.462,1.96675,1.96722,1.13,1.13
2012.06.27 18:01:46.533,1.96674,1.96725,1.13,1.13
2012.06.27 18:01:48.155,1.96675,1.96722,1.13,1.13
2012.06.27 18:01:48.282,1.96681,1.96735,1.13,2.85
2012.06.27 18:01:48.594,1.96675,1.96722,1.13,1.13
2012.06.27 18:01:49.053,1.96674,1.96719,1.13,1.13
2012.06.27 18:01:49.156,1.96677,1.96728,1.13,1.13
2012.06.27 18:01:53.114,1.96685,1.96728,1.13,1.13
2012.06.27 18:02:11.943,1.96675,1.96727,1.13,1.13
2012.06.27 18:02:12.143,1.96678,1.96727,1.13,1.13
2012.06.27 18:02:12.354,1.96675,1.96727,1.13,1.13
2012.06.27 18:02:12.872,1.96675,1.96727,1.88,1.13
2012.06.27 18:02:13.855,1.96675,1.96727,1.13,1.13
2012.06.27 18:02:13.923,1.96677,1.96728,1.13,1.13
2012.06.27 18:02:14.463,1.96674,1.96728,1.13,1.13
2012.06.27 18:02:31.632,1.96672,1.96716,1.13,1.13
2012.06.27 18:02:34.680,1.96676,1.96716,1.13,1.13
2012.06.27 18:02:34.994,1.96696,1.96735,1.13,1.85
2012.06.27 18:02:35.064,1.96696,1.96742,1.13,1.73
2012.06.27 18:02:35.433,1.96696,1.96742,1.13,1.13
2012.06.27 18:02:49.803,1.96686,1.96732,1.13,1.13
2012.06.27 18:02:50.125,1.96695,1.96738,1.88,1.13
2012.06.27 18:02:50.322,1.96696,1.96742,1.13,1.13
2012.06.27 18:03:10.143,1.96685,1.96732,1.13,1.13
2012.06.27 18:03:10.213,1.96678,1.96732,1.88,1.13
2012.06.27 18:03:16.496,1.96678,1.96732,1.13,1.13
2012.06.27 18:03:17.303,1.96678,1.96732,1.88,1.13
2012.06.27 18:03:17.615,1.96691,1.9674,1.13,1.35
2012.06.27 18:03:17.686,1.96691,1.9674,1.13,1.13
2012.06.27 18:03:17.753,1.96691,1.9674,1.13,1.58
2012.06.27 18:03:17.903,1.96691,1.9674,1.13,1.13
2012.06.27 18:03:18.753,1.96691,1.96738,1.13,1.50
2012.06.27 18:03:18.822,1.96679,1.96738,1.13,1.50
2012.06.27 18:03:18.953,1.96675,1.96733,1.88,1.13
2012.06.27 18:03:19.485,1.96671,1.96725,1.50,1.13
2012.06.27 18:03:19.554,1.96665,1.96725,1.13,1.13
2012.06.27 18:03:20.103,1.96663,1.96725,1.88,1.13
2012.06.27 18:03:22.014,1.96663,1.96724,1.88,1.50
2012.06.27 18:03:22.084,1.96665,1.96721,1.13,1.50
2012.06.27 18:03:22.423,1.96675,1.96721,1.13,1.50
2012.06.27 18:03:23.973,1.96664,1.96721,1.51,1.50
2012.06.27 18:03:24.044,1.96664,1.96721,1.13,1.50
2012.06.27 18:03:29.094,1.96663,1.96719,1.13,1.13
2012.06.27 18:03:29.919,1.96663,1.96721,1.13,1.50
2012.06.27 18:03:30.731,1.96664,1.96721,1.13,1.50
2012.06.27 18:03:31.513,1.96665,1.96721,1.13,1.50
2012.06.27 18:03:31.703,1.96651,1.96716,1.50,1.50
2012.06.27 18:03:31.962,1.96648,1.96713,1.51,1.88
2012.06.27 18:03:32.771,1.96648,1.96713,1.13,1.88
2012.06.27 18:03:33.753,1.96653,1.96713,1.13,1.88
2012.06.27 18:03:34.647,1.96654,1.96713,1.13,1.88
2012.06.27 18:03:37.512,1.96654,1.96713,1.13,1.88
2012.06.27 18:03:38.503,1.96654,1.96713,1.13,1.88
2012.06.27 18:03:39.682,1.96654,1.96713,2.25,1.88
2012.06.27 18:03:40.026,1.96667,1.96713,1.13,1.50
2012.06.27 18:03:44.502,1.96667,1.96719,1.13,1.13
2012.06.27 18:03:44.703,1.96684,1.96722,1.13,1.50
2012.06.27 18:03:44.893,1.96667,1.96719,1.13,1.13
2012.06.27 18:03:45.518,1.96684,1.96729,1.13,1.13
2012.06.27 18:03:46.694,1.96684,1.96729,1.88,1.13
2012.06.27 18:03:47.297,1.96684,1.96729,1.13,1.13
2012.06.27 18:04:00.643,1.96691,1.96731,1.13,1.50
2012.06.27 18:04:01.023,1.96696,1.96731,1.13,1.50
2012.06.27 18:04:01.154,1.96696,1.9674,1.13,1.73
2012.06.27 18:04:01.404,1.96696,1.96734,1.13,1.50
2012.06.27 18:04:01.475,1.96679,1.96731,1.13,2.63
2012.06.27 18:04:01.545,1.96679,1.96726,1.13,1.50
2012.06.27 18:04:01.864,1.96672,1.96715,1.13,1.50
2012.06.27 18:04:01.994,1.96663,1.96714,1.88,1.13
2012.06.27 18:04:02.126,1.96669,1.96715,1.13,1.50
2012.06.27 18:04:02.453,1.96663,1.96714,1.13,1.50
2012.06.27 18:04:02.643,1.96663,1.9671,1.13,1.50
2012.06.27 18:04:03.159,1.96663,1.96708,1.13,1.50
2012.06.27 18:04:03.523,1.96663,1.96714,1.13,1.50
2012.06.27 18:04:03.954,1.96663,1.96714,1.88,1.50
2012.06.27 18:04:05.155,1.96661,1.96713,1.88,1.50
2012.06.27 18:04:05.971,1.96661,1.96713,1.88,1.50
2012.06.27 18:04:10.805,1.96669,1.96718,1.13,1.95
2012.06.27 18:04:11.472,1.96669,1.96722,1.13,1.28
2012.06.27 18:04:12.254,1.96669,1.96728,1.13,2.63
2012.06.27 18:04:13.726,1.96669,1.96725,1.13,1.13
2012.06.27 18:04:13.795,1.9667,1.96728,1.13,2.63
2012.06.27 18:04:31.552,1.9667,1.96726,1.13,1.50
2012.06.27 18:04:38.645,1.9667,1.96726,1.88,1.50
2012.06.27 18:04:39.302,1.96675,1.96726,1.13,1.50
2012.06.27 18:04:39.555,1.96675,1.96728,1.13,1.13
2012.06.27 18:04:39.625,1.967,1.96738,1.13,1.50
2012.06.27 18:04:39.756,1.96663,1.96714,1.88,1.13
2012.06.27 18:04:39.883,1.96663,1.96714,1.88,1.13
2012.06.27 18:04:40.013,1.96687,1.9673,1.13,1.50
2012.06.27 18:04:40.148,1.96687,1.9673,1.13,2.25
2012.06.27 18:04:40.274,1.96663,1.96714,1.88,1.13
2012.06.27 18:04:40.954,1.96669,1.96731,1.13,2.63
2012.06.27 18:04:41.703,1.96669,1.96728,1.13,1.13
2012.06.27 18:04:42.071,1.96669,1.96723,1.13,1.50
2012.06.27 18:04:43.272,1.96669,1.96728,1.13,1.13
2012.06.27 18:05:03.172,1.96686,1.96731,1.13,1.50
2012.06.27 18:05:14.603,1.96687,1.96731,1.13,1.50
2012.06.27 18:05:14.674,1.96687,1.9674,1.13,2.63
2012.06.27 18:05:15.028,1.96687,1.96734,1.13,1.13
2012.06.27 18:05:15.633,1.96677,1.96723,1.13,1.13
2012.06.27 18:05:28.122,1.96685,1.96725,1.13,1.50
2012.06.27 18:05:28.460,1.96685,1.96727,1.13,1.50
2012.06.27 18:05:29.261,1.96685,1.96728,1.13,1.13
2012.06.27 18:05:29.935,1.96685,1.96725,1.13,1.50
2012.06.27 18:05:30.284,1.96685,1.96728,1.13,1.13
2012.06.27 18:05:30.415,1.9668,1.96725,1.13,1.13
2012.06.27 18:05:30.664,1.9668,1.96725,1.88,1.13
2012.06.27 18:05:30.995,1.96684,1.96738,1.88,3.00
2012.06.27 18:05:31.064,1.96684,1.96738,1.88,1.13
2012.06.27 18:05:31.265,1.96685,1.96738,1.13,1.13
2012.06.27 18:05:31.632,1.96702,1.96748,1.13,1.35
2012.06.27 18:05:32.374,1.96702,1.96748,1.13,1.35
2012.06.27 18:05:32.901,1.9671,1.9675,1.13,1.95
2012.06.27 18:05:32.977,1.9671,1.96753,1.13,1.50
2012.06.27 18:05:40.783,1.96703,1.96747,1.13,1.13
2012.06.27 18:05:47.794,1.96694,1.96729,2.25,1.13
2012.06.27 18:05:47.985,1.96709,1.96753,1.13,1.13
2012.06.27 18:05:48.422,1.96709,1.96753,1.13,1.58
2012.06.27 18:05:48.725,1.96709,1.96753,1.13,1.13
2012.06.27 18:05:49.005,1.96711,1.96764,1.13,1.13
2012.06.27 18:05:49.996,1.96721,1.96766,1.13,1.13
2012.06.27 18:05:51.174,1.96712,1.96763,1.13,1.13
2012.06.27 18:05:52.052,1.96712,1.96765,1.13,1.13
2012.06.27 18:05:54.093,1.96712,1.96765,1.13,1.88
2012.06.27 18:05:55.851,1.96712,1.96764,1.13,1.13
2012.06.27 18:05:55.923,1.96712,1.9676,1.13,1.50
2012.06.27 18:05:56.113,1.96701,1.96751,1.13,1.13
2012.06.27 18:05:56.243,1.96713,1.96764,1.13,2.25
2012.06.27 18:05:56.781,1.96711,1.96764,1.13,2.25
2012.06.27 18:05:56.946,1.96711,1.9676,1.13,1.50
2012.06.27 18:05:58.364,1.96712,1.9676,1.13,1.50
2012.06.27 18:05:58.902,1.96715,1.9676,1.13,1.50
2012.06.27 18:05:59.643,1.96721,1.9676,1.13,1.50
2012.06.27 18:06:00.066,1.96721,1.96764,1.13,1.88
2012.06.27 18:06:01.283,1.96721,1.96766,1.13,1.13
2012.06.27 18:06:08.434,1.96722,1.96767,1.13,1.13
2012.06.27 18:06:08.664,1.96723,1.96769,1.13,1.13
2012.06.27 18:06:08.734,1.96726,1.96769,1.13,1.13
2012.06.27 18:06:09.831,1.96721,1.96766,1.13,1.13
2012.06.27 18:06:14.444,1.96728,1.96771,1.13,1.50
2012.06.27 18:06:15.135,1.96731,1.96776,1.13,1.13
2012.06.27 18:06:16.404,1.96731,1.96776,1.13,1.88
2012.06.27 18:06:16.654,1.96718,1.96764,1.13,1.13
2012.06.27 18:06:17.087,1.96732,1.96775,1.13,1.50
2012.06.27 18:06:18.285,1.96734,1.96778,1.13,1.50
2012.06.27 18:06:20.734,1.96734,1.96778,1.13,1.50
2012.06.27 18:06:20.818,1.96722,1.96765,1.13,1.50
2012.06.27 18:06:21.163,1.96722,1.96769,1.13,1.13
2012.06.27 18:06:23.494,1.96725,1.96774,1.13,1.50
2012.06.27 18:06:24.164,1.96724,1.96773,1.13,1.50
2012.06.27 18:06:25.582,1.96724,1.96769,1.13,1.13
2012.06.27 18:06:25.998,1.96727,1.96773,1.13,1.50
2012.06.27 18:06:26.107,1.96724,1.96775,1.13,1.50
2012.06.27 18:06:26.634,1.96724,1.96775,1.13,1.50
2012.06.27 18:06:28.035,1.96727,1.96776,1.13,1.50
2012.06.27 18:06:28.353,1.96724,1.96777,1.13,1.50
2012.06.27 18:06:30.274,1.96724,1.96773,1.13,1.50
2012.06.27 18:06:30.643,1.96736,1.96787,1.13,1.50
2012.06.27 18:06:35.079,1.96736,1.96784,1.13,1.13
2012.06.27 18:06:35.285,1.96736,1.9679,1.13,1.88
2012.06.27 18:06:41.444,1.96742,1.9679,1.50,1.13
2012.06.27 18:06:41.754,1.96762,1.96803,1.13,1.13
2012.06.27 18:06:41.824,1.96749,1.96802,1.13,1.88
2012.06.27 18:06:45.718,1.96737,1.96789,1.13,1.13
2012.06.27 18:06:49.274,1.96746,1.96791,1.13,1.13
2012.06.27 18:06:50.953,1.96737,1.96789,1.13,1.13
2012.06.27 18:06:53.493,1.9675,1.96794,1.13,1.13
2012.06.27 18:06:53.913,1.9675,1.96801,1.13,1.13
2012.06.27 18:06:54.365,1.96753,1.96801,1.50,1.13
2012.06.27 18:06:54.674,1.96762,1.96814,1.13,2.25
2012.06.27 18:07:02.635,1.96758,1.96804,1.13,1.13
2012.06.27 18:07:02.703,1.96761,1.96814,1.13,1.13
2012.06.27 18:07:05.595,1.96759,1.96803,1.13,1.13
2012.06.27 18:07:05.724,1.96757,1.96802,1.13,1.13
2012.06.27 18:07:06.202,1.96765,1.96817,1.13,1.50
2012.06.27 18:07:07.564,1.96759,1.96803,1.13,1.13
2012.06.27 18:07:07.995,1.96761,1.96806,1.13,1.13
2012.06.27 18:07:08.622,1.96761,1.96806,1.13,1.88
2012.06.27 18:07:09.232,1.9676,1.96805,1.13,1.88
2012.06.27 18:07:10.683,1.9676,1.96805,1.13,2.25
2012.06.27 18:07:11.898,1.96758,1.96804,1.13,1.50
2012.06.27 18:07:13.817,1.96758,1.96804,1.13,1.50
2012.06.27 18:07:14.520,1.96749,1.96795,1.13,2.25
2012.06.27 18:07:15.263,1.96749,1.96795,1.13,1.50
2012.06.27 18:07:16.314,1.96758,1.96795,1.13,1.13
2012.06.27 18:07:16.845,1.96756,1.96801,1.13,1.50
2012.06.27 18:07:18.504,1.96744,1.9679,1.13,1.13
2012.06.27 18:07:18.703,1.96744,1.9679,1.13,1.50
2012.06.27 18:07:25.314,1.96744,1.96784,1.13,1.13
2012.06.27 18:07:27.238,1.96744,1.9679,1.13,1.13
2012.06.27 18:07:28.091,1.96744,1.9679,1.13,1.88
2012.06.27 18:07:28.466,1.96746,1.96791,1.13,1.88
2012.06.27 18:07:28.884,1.96739,1.96785,1.13,1.88
2012.06.27 18:07:29.952,1.96747,1.9679,1.13,1.88
2012.06.27 18:07:30.138,1.96745,1.96789,1.13,1.88
2012.06.27 18:08:01.727,1.96745,1.96789,1.13,1.13
2012.06.27 18:08:06.002,1.96746,1.96791,1.13,1.13
2012.06.27 18:08:14.912,1.96746,1.96791,1.13,1.88
2012.06.27 18:08:15.102,1.96746,1.96791,1.13,1.13
2012.06.27 18:08:21.182,1.96746,1.96791,1.13,1.88
2012.06.27 18:08:22.564,1.96746,1.96784,1.13,1.13
2012.06.27 18:08:22.934,1.96746,1.96783,1.13,1.13
2012.06.27 18:08:23.064,1.96728,1.96782,1.13,2.25
2012.06.27 18:08:23.134,1.96728,1.96782,1.13,2.25
2012.06.27 18:08:23.341,1.96728,1.96782,1.13,1.50
2012.06.27 18:08:23.474,1.96729,1.96782,1.13,1.13
2012.06.27 18:08:24.915,1.96729,1.96785,1.13,2.25
2012.06.27 18:08:25.144,1.96729,1.96785,1.13,2.25
2012.06.27 18:08:25.216,1.96732,1.96785,1.13,2.63
2012.06.27 18:08:25.845,1.96732,1.96785,1.13,2.63
2012.06.27 18:08:26.465,1.96741,1.96785,1.13,2.63
2012.06.27 18:08:28.243,1.96732,1.96785,1.13,1.13
2012.06.27 18:08:28.524,1.96741,1.96785,1.13,1.13
2012.06.27 18:08:30.414,1.96731,1.96785,1.13,1.13
2012.06.27 18:08:30.633,1.9674,1.96785,1.13,1.13
2012.06.27 18:08:32.148,1.96732,1.96785,1.13,1.13
2012.06.27 18:08:32.466,1.96741,1.96785,1.13,1.13
2012.06.27 18:08:33.304,1.96741,1.96785,1.13,1.13
2012.06.27 18:08:34.128,1.96732,1.96785,1.13,1.13
2012.06.27 18:08:34.594,1.9674,1.96785,1.13,1.13
2012.06.27 18:08:36.224,1.96731,1.96785,1.13,1.13
2012.06.27 18:08:36.969,1.96731,1.96785,1.13,1.13
2012.06.27 18:08:37.263,1.96725,1.96776,2.63,1.13
2012.06.27 18:08:37.720,1.96725,1.96775,1.13,1.13
2012.06.27 18:08:42.025,1.96725,1.96772,1.13,1.13
2012.06.27 18:08:42.093,1.96725,1.96775,1.13,1.13
2012.06.27 18:08:47.265,1.96725,1.96768,1.13,1.50
2012.06.27 18:08:47.455,1.96712,1.96764,1.13,1.50
2012.06.27 18:08:56.384,1.96718,1.96766,1.13,1.50
2012.06.27 18:08:56.814,1.96722,1.96765,1.13,1.50
2012.06.27 18:08:56.908,1.96714,1.96758,1.13,1.13
2012.06.27 18:08:58.336,1.96712,1.96759,1.13,1.13
2012.06.27 18:09:01.066,1.9671,1.96759,1.13,1.13
2012.06.27 18:09:17.964,1.96705,1.9675,1.13,1.13
2012.06.27 18:09:18.286,1.96704,1.96748,1.13,1.13
2012.06.27 18:09:18.595,1.96708,1.96751,1.13,1.13
2012.06.27 18:09:19.945,1.96709,1.96753,1.13,1.13
2012.06.27 18:09:20.015,1.9671,1.96759,1.13,1.13
2012.06.27 18:09:20.325,1.96712,1.96764,1.13,1.50
2012.06.27 18:09:20.606,1.96712,1.96764,1.13,1.13
2012.06.27 18:09:21.144,1.96713,1.96765,1.13,2.25
2012.06.27 18:09:21.214,1.96709,1.96753,1.13,1.13
2012.06.27 18:09:48.945,1.96715,1.9676,1.13,1.13
2012.06.27 18:09:49.325,1.96723,1.96764,1.13,2.25
2012.06.27 18:09:54.270,1.96723,1.96763,1.13,1.50
2012.06.27 18:09:54.464,1.96711,1.96757,1.13,2.63
2012.06.27 18:09:54.535,1.96711,1.96753,1.13,1.50
2012.06.27 18:09:55.843,1.96711,1.96757,1.13,1.13
2012.06.27 18:09:56.084,1.96711,1.96751,1.13,1.50
2012.06.27 18:09:56.394,1.9671,1.96742,1.13,1.50
2012.06.27 18:09:58.133,1.9671,1.96752,1.13,1.50
2012.06.27 18:09:59.205,1.96694,1.96752,1.13,1.88
2012.06.27 18:10:01.144,1.96695,1.96752,1.13,1.88
2012.06.27 18:10:02.024,1.96694,1.96751,1.13,1.13
2012.06.27 18:10:02.099,1.96712,1.96759,1.13,3.00
2012.06.27 18:10:05.685,1.96713,1.96759,1.13,1.88
2012.06.27 18:10:22.263,1.96713,1.96762,1.13,2.25
2012.06.27 18:10:22.453,1.96713,1.96764,1.13,1.50
2012.06.27 18:10:23.745,1.96713,1.96764,1.13,1.50
2012.06.27 18:10:24.416,1.96713,1.96764,1.13,1.50
2012.06.27 18:10:30.094,1.96713,1.96764,1.13,2.25
2012.06.27 18:10:30.706,1.96713,1.96764,1.13,2.25
2012.06.27 18:10:36.954,1.96711,1.9676,1.13,1.50
2012.06.27 18:10:37.561,1.96712,1.96759,1.13,1.50
2012.06.27 18:10:37.637,1.96712,1.96759,1.13,1.13
2012.06.27 18:10:49.929,1.96711,1.96757,1.13,1.13
2012.06.27 18:10:54.627,1.96712,1.96759,1.13,1.13
2012.06.27 18:10:55.635,1.96716,1.96762,1.13,1.13
2012.06.27 18:10:55.766,1.96711,1.9676,1.13,1.13
2012.06.27 18:10:56.199,1.96711,1.96762,1.13,1.13
2012.06.27 18:10:56.276,1.96713,1.96764,1.13,3.00
2012.06.27 18:10:56.851,1.96713,1.96764,1.13,3.00
2012.06.27 18:10:57.245,1.96711,1.96764,1.13,3.00
2012.06.27 18:10:58.164,1.96711,1.96762,1.13,1.13
2012.06.27 18:10:58.294,1.96713,1.96762,1.13,1.13
2012.06.27 18:11:00.117,1.96713,1.96764,1.13,3.00
2012.06.27 18:11:02.455,1.96713,1.96762,1.13,1.13
2012.06.27 18:11:20.913,1.96694,1.96756,1.13,1.88
2012.06.27 18:11:20.984,1.96694,1.96756,1.13,1.88
2012.06.27 18:11:21.296,1.96688,1.96739,1.13,1.13
2012.06.27 18:11:22.725,1.96696,1.96742,1.13,1.50
2012.06.27 18:11:49.052,1.96699,1.96742,1.13,1.13
2012.06.27 18:11:51.241,1.9671,1.96754,1.13,1.88
2012.06.27 18:12:00.585,1.96705,1.9675,1.13,1.13
2012.06.27 18:12:05.120,1.96717,1.96763,1.13,1.50
2012.06.27 18:12:05.195,1.96717,1.96763,1.13,1.50
2012.06.27 18:12:05.705,1.96717,1.96763,1.13,1.13
2012.06.27 18:12:15.903,1.96717,1.96763,1.13,1.50
2012.06.27 18:12:49.936,1.96717,1.96763,1.13,1.50
2012.06.27 18:12:55.174,1.96717,1.96763,1.13,1.50
2012.06.27 18:13:28.885,1.96717,1.96763,1.13,1.50
2012.06.27 18:13:35.003,1.96717,1.96763,1.13,1.50
2012.06.27 18:13:48.534,1.96717,1.96763,1.13,1.50
2012.06.27 18:14:00.004,1.96717,1.96763,2.63,1.50
2012.06.27 18:14:06.446,1.96717,1.96763,2.63,1.13
2012.06.27 18:14:06.574,1.9673,1.96775,1.13,1.50
2012.06.27 18:14:08.825,1.96726,1.96769,1.13,1.13
2012.06.27 18:14:13.673,1.96719,1.96764,1.13,1.13
2012.06.27 18:14:13.825,1.96719,1.96764,1.13,1.50
2012.06.27 18:14:15.282,1.96719,1.96764,1.13,1.13
2012.06.27 18:14:15.557,1.96717,1.9676,3.01,1.13
2012.06.27 18:14:15.865,1.96724,1.96766,1.50,1.13
2012.06.27 18:14:16.645,1.96724,1.96767,1.50,1.13
2012.06.27 18:14:17.520,1.96724,1.96766,1.50,1.13
2012.06.27 18:14:17.828,1.96724,1.96763,1.50,1.13
2012.06.27 18:14:18.135,1.96724,1.96756,1.50,1.13
2012.06.27 18:14:20.406,1.96721,1.96756,1.50,1.13
2012.06.27 18:14:20.477,1.96713,1.96756,1.88,1.13
2012.06.27 18:14:20.756,1.96713,1.96756,1.50,1.13
2012.06.27 18:14:20.874,1.96713,1.96756,1.88,1.13
2012.06.27 18:14:20.945,1.96723,1.96768,1.51,1.13
2012.06.27 18:14:21.946,1.96736,1.9678,1.13,1.13
2012.06.27 18:14:22.135,1.96745,1.96798,1.13,1.13
2012.06.27 18:14:22.205,1.96749,1.96798,1.50,1.13
2012.06.27 18:14:23.626,1.96749,1.96798,1.88,1.13
2012.06.27 18:14:24.114,1.96759,1.96805,1.13,1.13
2012.06.27 18:14:25.695,1.96749,1.96791,1.88,1.13
2012.06.27 18:14:25.866,1.96748,1.96791,1.13,1.13
2012.06.27 18:14:25.934,1.96747,1.96793,1.51,1.13
2012.06.27 18:14:27.004,1.96748,1.96793,1.50,1.13
2012.06.27 18:14:27.644,1.9676,1.96806,1.13,1.88
2012.06.27 18:14:28.166,1.9676,1.96806,1.13,1.88
2012.06.27 18:14:28.395,1.96755,1.96793,1.88,1.13
2012.06.27 18:14:28.465,1.96748,1.96793,1.88,1.13
2012.06.27 18:14:28.835,1.96737,1.96781,1.88,1.13
2012.06.27 18:14:30.695,1.96737,1.96781,1.88,1.13
2012.06.27 18:14:31.627,1.96735,1.96784,1.88,1.88
2012.06.27 18:14:31.755,1.96747,1.96793,1.13,1.13
2012.06.27 18:14:32.139,1.96747,1.96793,1.13,1.88
2012.06.27 18:14:32.209,1.96732,1.96786,1.51,1.88
2012.06.27 18:14:32.805,1.96732,1.96786,1.51,1.13
2012.06.27 18:14:32.944,1.96732,1.96786,1.51,1.88
2012.06.27 18:14:33.137,1.96722,1.96783,2.26,1.13
2012.06.27 18:14:34.004,1.96722,1.96783,2.26,1.13
2012.06.27 18:14:34.624,1.96722,1.96783,2.26,1.13
2012.06.27 18:14:37.573,1.96729,1.96783,1.50,1.13
2012.06.27 18:14:38.132,1.96731,1.96783,1.50,1.13
2012.06.27 18:14:41.465,1.96731,1.96783,2.26,1.13
2012.06.27 18:14:41.535,1.96736,1.9679,1.51,1.13
2012.06.27 18:14:41.665,1.96746,1.96781,1.88,1.13
2012.06.27 18:14:41.735,1.96746,1.96797,1.88,1.13
2012.06.27 18:14:42.056,1.96754,1.96797,1.50,1.13
2012.06.27 18:14:42.365,1.96754,1.96815,1.88,1.50
2012.06.27 18:14:42.495,1.96754,1.96798,1.88,1.13
2012.06.27 18:14:42.746,1.96754,1.96816,1.88,1.50
2012.06.27 18:14:43.054,1.96754,1.96798,1.88,1.13
2012.06.27 18:14:43.892,1.96754,1.96798,1.88,1.88
2012.06.27 18:14:44.154,1.9675,1.96798,1.88,1.13
2012.06.27 18:14:49.935,1.96746,1.96801,1.88,1.13
2012.06.27 18:14:50.275,1.96746,1.96798,1.88,1.13
2012.06.27 18:14:53.043,1.96746,1.96797,1.88,1.13
2012.06.27 18:14:59.552,1.96746,1.96797,1.88,1.88
2012.06.27 18:15:11.836,1.96742,1.96794,1.51,1.88
2012.06.27 18:15:11.969,1.96747,1.96792,1.13,1.50
2012.06.27 18:15:12.215,1.96732,1.96784,1.13,3.38
2012.06.27 18:15:14.439,1.96732,1.96784,1.13,3.38
2012.06.27 18:15:14.626,1.96727,1.96781,1.88,1.88
2012.06.27 18:15:14.697,1.96732,1.96784,1.13,1.88
2012.06.27 18:15:14.766,1.96732,1.96784,1.13,1.88
2012.06.27 18:15:14.883,1.96732,1.96784,1.13,1.13
2012.06.27 18:15:17.445,1.96732,1.96784,1.13,1.88
2012.06.27 18:15:17.615,1.96732,1.96784,1.13,1.13
2012.06.27 18:15:22.975,1.96732,1.96784,1.13,3.38
2012.06.27 18:15:24.278,1.96732,1.9678,1.13,2.25
2012.06.27 18:15:24.345,1.96721,1.9678,1.13,2.25
2012.06.27 18:15:24.894,1.96714,1.9677,1.13,1.50
2012.06.27 18:15:24.971,1.96708,1.9677,1.13,2.25
2012.06.27 18:15:25.716,1.96708,1.9677,1.13,1.50
2012.06.27 18:15:25.785,1.96708,1.96772,1.13,1.50
2012.06.27 18:15:25.856,1.96708,1.96776,1.13,2.25
2012.06.27 18:15:26.104,1.96708,1.96772,1.13,1.13
2012.06.27 18:15:26.356,1.96707,1.96772,1.88,1.13
2012.06.27 18:15:26.431,1.96707,1.96773,1.88,1.50
2012.06.27 18:15:26.700,1.96707,1.96772,1.88,1.13
2012.06.27 18:15:27.255,1.96699,1.96765,1.51,2.25
2012.06.27 18:15:27.882,1.96698,1.96751,1.50,1.13
2012.06.27 18:15:30.474,1.96698,1.96753,1.50,1.13
2012.06.27 18:15:34.674,1.96698,1.96751,1.50,1.13
2012.06.27 18:15:35.873,1.96698,1.96741,1.50,1.13
2012.06.27 18:15:36.205,1.96698,1.96751,1.50,1.13
2012.06.27 18:15:40.724,1.96698,1.96754,1.50,1.13
2012.06.27 18:15:41.466,1.96695,1.96754,1.51,1.88
2012.06.27 18:15:41.536,1.96694,1.96748,1.51,1.13
2012.06.27 18:15:41.666,1.96694,1.96748,1.13,1.13
2012.06.27 18:15:41.736,1.96694,1.96748,1.13,1.88
2012.06.27 18:15:42.067,1.96683,1.96739,1.88,1.88
2012.06.27 18:15:42.376,1.96677,1.96732,1.88,1.88
2012.06.27 18:15:43.334,1.96676,1.96721,1.88,1.13
2012.06.27 18:15:44.785,1.96669,1.9672,2.26,1.13
2012.06.27 18:15:45.347,1.96669,1.9672,2.26,1.13
2012.06.27 18:15:46.126,1.96669,1.9672,2.26,1.88
2012.06.27 18:15:47.555,1.96669,1.9672,1.50,1.88
2012.06.27 18:15:48.076,1.96669,1.96714,1.50,1.88
2012.06.27 18:15:48.146,1.96662,1.96714,1.13,1.88
2012.06.27 18:15:48.634,1.96654,1.96697,1.13,1.13
2012.06.27 18:15:49.665,1.96659,1.96704,1.13,1.88
2012.06.27 18:15:56.597,1.96659,1.96704,1.50,1.13
2012.06.27 18:15:56.725,1.96669,1.96721,1.13,1.88
2012.06.27 18:15:57.305,1.9667,1.96721,1.50,1.88
2012.06.27 18:16:00.882,1.9667,1.96721,1.50,1.13
2012.06.27 18:16:05.155,1.96674,1.96721,1.50,1.13
2012.06.27 18:16:05.285,1.96676,1.96732,1.88,1.13
2012.06.27 18:16:07.125,1.96669,1.9672,1.88,1.13
2012.06.27 18:16:07.377,1.96669,1.9672,1.50,1.13
2012.06.27 18:16:07.567,1.96669,1.9672,1.88,1.13
2012.06.27 18:16:10.885,1.9667,1.96719,1.88,1.13
2012.06.27 18:16:14.935,1.96672,1.96731,1.51,1.13
2012.06.27 18:16:15.085,1.96675,1.96733,1.88,1.13
2012.06.27 18:16:15.215,1.96675,1.96733,1.88,1.13
2012.06.27 18:16:15.287,1.96684,1.96743,1.51,1.13
2012.06.27 18:16:16.396,1.96697,1.96743,1.50,1.13
2012.06.27 18:16:16.967,1.96697,1.9674,1.50,1.50
2012.06.27 18:16:17.035,1.96683,1.96737,1.51,1.50
2012.06.27 18:16:18.804,1.96683,1.96737,1.13,1.50
2012.06.27 18:16:18.925,1.96683,1.96737,1.13,2.25
2012.06.27 18:16:19.254,1.96675,1.96724,1.50,1.13
2012.06.27 18:16:19.409,1.96683,1.96742,1.13,2.25
2012.06.27 18:16:20.526,1.96675,1.96724,1.88,1.13
2012.06.27 18:16:20.595,1.96675,1.96724,1.50,1.13
2012.06.27 18:16:20.943,1.96675,1.96726,1.50,1.13
2012.06.27 18:16:22.367,1.96675,1.96725,1.50,1.13
2012.06.27 18:16:23.911,1.96675,1.96726,1.50,1.13
2012.06.27 18:16:24.920,1.96675,1.96726,1.50,1.88
2012.06.27 18:16:25.107,1.96673,1.96726,1.13,1.88
2012.06.27 18:16:25.248,1.96678,1.96728,1.13,1.88
2012.06.27 18:16:25.586,1.96662,1.96721,1.51,1.88
2012.06.27 18:16:26.855,1.96662,1.96721,1.51,1.88
2012.06.27 18:16:27.382,1.96662,1.96721,1.51,1.13
2012.06.27 18:16:28.019,1.9667,1.96721,1.50,1.13
2012.06.27 18:16:28.326,1.96679,1.96728,1.50,1.13
2012.06.27 18:16:31.184,1.96688,1.96731,1.13,1.13
2012.06.27 18:16:35.185,1.96679,1.96727,2.63,1.13
2012.06.27 18:16:36.915,1.96677,1.96728,1.51,1.13
2012.06.27 18:16:37.216,1.96679,1.96727,1.13,1.13
2012.06.27 18:16:42.587,1.96684,1.96728,1.13,1.13
2012.06.27 18:16:42.944,1.96681,1.96733,1.13,1.13
2012.06.27 18:16:48.355,1.96685,1.96737,1.13,3.38
2012.06.27 18:16:48.664,1.96685,1.96733,1.13,1.13
2012.06.27 18:16:48.735,1.96669,1.96731,1.50,1.88
2012.06.27 18:16:49.259,1.96661,1.96727,1.88,2.25
2012.06.27 18:16:50.394,1.96661,1.96727,1.50,2.25
2012.06.27 18:16:51.588,1.96661,1.96727,1.50,2.25
2012.06.27 18:16:52.995,1.96661,1.96727,1.50,2.25
2012.06.27 18:16:54.100,1.96661,1.96724,1.50,1.13
2012.06.27 18:16:54.226,1.96658,1.9671,1.13,1.50
2012.06.27 18:16:54.417,1.96647,1.96693,1.13,1.13
2012.06.27 18:16:57.216,1.96647,1.96693,1.51,1.13
2012.06.27 18:16:57.616,1.96653,1.96697,1.13,1.13
2012.06.27 18:16:57.974,1.96648,1.96692,1.51,1.13
2012.06.27 18:16:58.275,1.96646,1.96685,1.88,1.13
2012.06.27 18:16:58.345,1.96646,1.96685,1.50,1.13
2012.06.27 18:16:58.475,1.96647,1.96693,1.13,1.13
2012.06.27 18:16:59.006,1.96647,1.96693,1.51,1.13
2012.06.27 18:17:01.804,1.96647,1.96693,1.13,1.13
2012.06.27 18:17:04.965,1.96647,1.96692,1.13,1.50
2012.06.27 18:17:05.096,1.96647,1.96692,1.13,1.88
2012.06.27 18:17:05.406,1.96624,1.96667,1.50,1.13
2012.06.27 18:17:05.735,1.96616,1.96677,1.13,1.50
2012.06.27 18:17:05.809,1.96616,1.96677,1.13,2.25
2012.06.27 18:17:07.068,1.96633,1.96684,1.13,2.25
2012.06.27 18:17:09.692,1.96628,1.96682,1.51,1.88
2012.06.27 18:17:10.366,1.9663,1.96684,1.13,2.25
2012.06.27 18:17:11.344,1.96621,1.96678,1.51,1.88
2012.06.27 18:17:12.384,1.96619,1.96673,1.51,1.88
2012.06.27 18:17:13.164,1.96619,1.96673,1.51,1.88
2012.06.27 18:17:13.695,1.9662,1.96673,1.51,1.88
2012.06.27 18:17:14.379,1.96619,1.96673,1.51,1.88
2012.06.27 18:17:15.047,1.96621,1.96679,1.51,1.88
2012.06.27 18:17:17.144,1.96621,1.96679,1.51,1.88
2012.06.27 18:17:21.026,1.96633,1.96685,1.13,1.88
2012.06.27 18:17:21.229,1.96623,1.96667,1.13,1.13
2012.06.27 18:17:21.296,1.96623,1.96667,1.51,1.13
2012.06.27 18:17:21.488,1.96626,1.96669,1.51,1.13
2012.06.27 18:17:21.914,1.96629,1.96674,1.13,1.13
2012.06.27 18:17:22.056,1.96613,1.96667,1.51,1.13
2012.06.27 18:17:22.187,1.96613,1.96667,1.51,1.13
2012.06.27 18:17:22.257,1.96622,1.96682,1.51,1.88
2012.06.27 18:17:23.800,1.96622,1.96682,1.13,1.88
2012.06.27 18:17:24.114,1.96612,1.96665,1.51,1.13
2012.06.27 18:17:26.827,1.96621,1.96673,1.13,1.13
2012.06.27 18:17:27.975,1.96611,1.96655,1.51,1.13
2012.06.27 18:17:28.166,1.96613,1.96664,1.51,1.13
2012.06.27 18:17:28.482,1.96611,1.96655,1.51,1.13
2012.06.27 18:17:29.170,1.9661,1.96656,1.51,1.13
2012.06.27 18:17:30.680,1.96613,1.96662,1.51,1.13
2012.06.27 18:17:31.025,1.96611,1.96655,1.51,1.13
2012.06.27 18:17:32.614,1.96611,1.96655,1.51,1.13
2012.06.27 18:17:32.686,1.96613,1.96662,1.51,1.13
2012.06.27 18:17:32.836,1.96611,1.96655,1.51,1.13
2012.06.27 18:17:32.910,1.96612,1.96665,1.51,1.13
2012.06.27 18:17:33.497,1.96612,1.96665,1.51,1.13
2012.06.27 18:17:33.879,1.96613,1.96662,1.51,1.13
2012.06.27 18:17:33.946,1.96621,1.96681,1.51,1.88
2012.06.27 18:17:34.016,1.96621,1.96673,1.51,1.13
2012.06.27 18:17:34.397,1.96619,1.96671,1.51,1.13
2012.06.27 18:17:34.646,1.96638,1.96689,1.13,1.13
2012.06.27 18:17:34.717,1.96647,1.96697,1.51,1.50
2012.06.27 18:17:34.845,1.96646,1.96696,1.13,1.50
2012.06.27 18:17:34.916,1.96637,1.96685,1.51,1.13
2012.06.27 18:17:35.124,1.96638,1.96689,1.13,1.13
2012.06.27 18:17:35.315,1.96636,1.96686,1.51,1.13
2012.06.27 18:17:37.280,1.96637,1.9669,1.51,1.13
2012.06.27 18:17:38.975,1.96636,1.96687,1.51,1.13
2012.06.27 18:17:39.299,1.96636,1.96679,1.51,1.13
2012.06.27 18:17:39.431,1.96645,1.96697,1.51,1.88
2012.06.27 18:17:39.989,1.96645,1.96697,1.51,1.88
2012.06.27 18:17:40.805,1.96645,1.96697,1.51,1.13
2012.06.27 18:17:40.934,1.96645,1.96701,1.51,1.13
2012.06.27 18:17:43.574,1.96647,1.96707,1.51,1.13
2012.06.27 18:17:44.125,1.96646,1.967,1.51,1.13
2012.06.27 18:17:45.870,1.96646,1.967,1.51,1.88
2012.06.27 18:17:46.345,1.96637,1.9669,1.51,1.13
2012.06.27 18:17:46.749,1.96637,1.9669,1.51,1.88
2012.06.27 18:17:48.484,1.96637,1.9669,1.51,1.88
2012.06.27 18:17:48.639,1.96637,1.9669,1.51,1.13
2012.06.27 18:17:48.740,1.96646,1.96692,1.51,1.13
2012.06.27 18:17:49.288,1.96646,1.96692,1.51,1.13
2012.06.27 18:17:49.836,1.96647,1.96691,1.51,1.13
2012.06.27 18:17:50.642,1.96647,1.96691,1.51,1.13
2012.06.27 18:17:50.947,1.9663,1.96673,1.13,1.13
2012.06.27 18:17:51.016,1.96627,1.96673,1.51,1.13
2012.06.27 18:17:51.327,1.96627,1.96673,3.38,1.13
2012.06.27 18:17:51.397,1.96638,1.96689,1.51,1.13
2012.06.27 18:17:51.526,1.96638,1.96689,3.01,1.13
2012.06.27 18:17:51.656,1.96638,1.96689,3.01,1.13
2012.06.27 18:17:51.964,1.96638,1.96673,1.50,1.13
2012.06.27 18:17:52.486,1.96631,1.96673,1.88,1.13
2012.06.27 18:17:53.165,1.96635,1.96678,1.51,1.13
2012.06.27 18:17:53.235,1.96638,1.96689,1.13,1.13
2012.06.27 18:17:53.305,1.96638,1.96689,3.01,1.13
2012.06.27 18:17:59.055,1.96638,1.96689,3.01,1.13
2012.06.27 18:17:59.439,1.96638,1.96689,2.63,1.13
2012.06.27 18:17:59.879,1.96638,1.96689,3.01,1.13
2012.06.27 18:18:00.649,1.96638,1.96689,2.63,1.13
2012.06.27 18:18:01.387,1.96638,1.96689,3.01,1.13
2012.06.27 18:18:01.698,1.96647,1.96686,1.88,1.13
2012.06.27 18:18:01.927,1.96647,1.96695,1.88,1.13
2012.06.27 18:18:02.056,1.96647,1.96702,1.88,1.13
2012.06.27 18:18:05.118,1.96647,1.96695,1.88,1.13
2012.06.27 18:18:05.245,1.96647,1.96702,1.88,1.13
2012.06.27 18:18:10.554,1.96647,1.96702,1.88,1.13
2012.06.27 18:18:10.625,1.96647,1.96697,1.88,1.13
2012.06.27 18:18:15.276,1.96647,1.96697,1.88,1.13
2012.06.27 18:18:27.785,1.96642,1.9669,1.88,1.13
2012.06.27 18:18:28.307,1.96632,1.96681,1.88,1.13
2012.06.27 18:18:28.377,1.96629,1.96681,3.01,1.13
2012.06.27 18:18:28.446,1.96627,1.96683,1.88,1.13
2012.06.27 18:18:28.636,1.96627,1.96683,1.88,1.13
2012.06.27 18:18:31.047,1.96634,1.96683,1.50,1.13
2012.06.27 18:18:31.642,1.96644,1.9669,1.88,1.13
2012.06.27 18:18:31.846,1.96658,1.96704,1.51,1.13
2012.06.27 18:18:31.915,1.96658,1.96704,1.51,1.13
2012.06.27 18:18:32.106,1.96671,1.96716,1.13,1.88
2012.06.27 18:18:32.177,1.96671,1.96716,1.13,1.88
2012.06.27 18:18:32.316,1.9666,1.96709,1.88,1.88
2012.06.27 18:18:33.581,1.9666,1.96709,1.88,1.13
2012.06.27 18:18:33.645,1.96671,1.96716,1.13,1.88
2012.06.27 18:18:34.258,1.96671,1.96716,1.13,1.88
2012.06.27 18:18:34.387,1.96671,1.96716,1.13,1.13
2012.06.27 18:18:34.555,1.96671,1.96716,1.51,1.13
2012.06.27 18:18:35.415,1.96677,1.96716,1.88,1.13
2012.06.27 18:18:36.038,1.96669,1.96712,1.50,1.13
2012.06.27 18:18:36.165,1.96669,1.96701,1.50,1.13
2012.06.27 18:18:36.236,1.96661,1.96701,1.50,1.13
2012.06.27 18:18:36.480,1.96661,1.9669,1.50,1.13
2012.06.27 18:18:37.515,1.96661,1.96695,1.50,1.13
2012.06.27 18:18:37.937,1.96671,1.96702,1.50,1.13
2012.06.27 18:18:38.127,1.96666,1.96704,1.88,1.13
2012.06.27 18:18:38.197,1.96666,1.96709,3.01,1.13
2012.06.27 18:18:38.328,1.96666,1.96704,1.50,1.13
2012.06.27 18:18:38.455,1.96658,1.96704,1.13,1.13
2012.06.27 18:18:38.586,1.96655,1.96702,1.51,1.13
2012.06.27 18:18:38.716,1.96647,1.96701,1.88,1.13
2012.06.27 18:18:38.846,1.96647,1.96701,1.88,1.13
2012.06.27 18:18:40.124,1.96665,1.9671,1.13,1.13
2012.06.27 18:18:40.577,1.96669,1.96713,1.13,1.13
2012.06.27 18:18:45.255,1.96669,1.96713,1.51,1.13
2012.06.27 18:18:45.827,1.96675,1.9672,1.51,1.13
2012.06.27 18:18:45.900,1.96684,1.96728,1.51,1.88
2012.06.27 18:18:46.037,1.96672,1.96715,1.13,1.88
2012.06.27 18:18:46.167,1.96672,1.96715,1.13,1.88
2012.06.27 18:18:46.237,1.96659,1.96704,1.13,1.88
2012.06.27 18:18:46.606,1.96644,1.96696,1.51,1.13
2012.06.27 18:18:47.219,1.96644,1.96696,1.51,1.88
2012.06.27 18:18:47.557,1.96634,1.96679,1.51,1.13
2012.06.27 18:18:48.719,1.96634,1.96679,1.51,1.13
2012.06.27 18:18:49.575,1.96643,1.96693,1.13,1.50
2012.06.27 18:18:49.649,1.96626,1.96692,2.26,1.13
2012.06.27 18:18:49.986,1.96626,1.96692,2.26,1.13
2012.06.27 18:18:50.516,1.96644,1.96693,1.51,1.50
2012.06.27 18:18:50.825,1.96659,1.96693,1.13,1.50
2012.06.27 18:18:51.296,1.96659,1.96704,1.13,1.13
2012.06.27 18:18:51.426,1.96644,1.96696,1.88,1.13
2012.06.27 18:18:52.116,1.96641,1.96686,1.88,1.13
2012.06.27 18:18:52.306,1.96646,1.96688,1.13,1.13
2012.06.27 18:18:52.376,1.96648,1.96688,1.50,1.13
2012.06.27 18:18:52.647,1.9665,1.96695,1.13,1.13
2012.06.27 18:18:52.730,1.96641,1.9669,1.88,1.13
2012.06.27 18:18:53.125,1.96645,1.9669,1.13,1.13
2012.06.27 18:18:53.209,1.96653,1.96697,1.51,1.13
2012.06.27 18:18:53.525,1.96658,1.96702,1.13,1.13
2012.06.27 18:18:53.690,1.96659,1.96704,1.13,1.13
2012.06.27 18:18:53.944,1.96657,1.96703,1.51,1.13
2012.06.27 18:18:54.462,1.96657,1.96703,1.51,1.13
2012.06.27 18:18:54.548,1.96657,1.96703,1.51,1.13
2012.06.27 18:18:54.675,1.96657,1.96703,1.51,1.13
2012.06.27 18:18:55.876,1.96648,1.96689,1.88,1.13
2012.06.27 18:18:56.656,1.96643,1.96689,1.88,1.13
2012.06.27 18:18:56.726,1.96643,1.96689,1.88,1.13
2012.06.27 18:18:56.796,1.96654,1.96706,1.51,1.13
2012.06.27 18:18:57.116,1.96643,1.96689,1.51,1.13
2012.06.27 18:18:57.247,1.96643,1.96689,1.51,1.13
2012.06.27 18:19:08.188,1.96643,1.96689,1.51,1.13
2012.06.27 18:19:11.396,1.96643,1.96689,1.51,1.13
2012.06.27 18:19:11.527,1.96643,1.96689,1.51,1.13
2012.06.27 18:19:11.658,1.9665,1.96699,1.13,1.88
2012.06.27 18:19:12.069,1.96627,1.96692,1.88,2.63
2012.06.27 18:19:12.148,1.96626,1.96688,1.13,1.50
2012.06.27 18:19:15.685,1.96621,1.96678,1.88,1.13
2012.06.27 18:19:16.186,1.96627,1.96678,1.88,1.13
2012.06.27 18:19:16.786,1.96629,1.96681,1.51,1.13
2012.06.27 18:19:25.576,1.9663,1.96681,1.88,1.13
2012.06.27 18:19:30.557,1.96629,1.96681,1.51,1.13
2012.06.27 18:19:30.627,1.96629,1.96679,1.51,1.50
2012.06.27 18:19:31.185,1.9663,1.96685,1.51,1.13
2012.06.27 18:19:34.537,1.9663,1.96679,1.51,1.50
2012.06.27 18:19:35.097,1.9662,1.96672,1.51,1.13
2012.06.27 18:19:35.584,1.96618,1.9667,1.51,1.13
2012.06.27 18:19:35.936,1.96612,1.96666,2.26,1.13
2012.06.27 18:19:36.066,1.96612,1.96666,2.26,1.13
2012.06.27 18:19:37.335,1.96612,1.96665,2.26,1.13
2012.06.27 18:19:37.409,1.96612,1.96663,2.26,1.13
2012.06.27 18:19:37.984,1.96612,1.96664,2.26,1.13
2012.06.27 18:19:39.135,1.9662,1.96669,1.88,1.13
2012.06.27 18:19:39.327,1.9662,1.96669,1.88,1.13
2012.06.27 18:19:40.435,1.96626,1.96688,1.51,1.50
2012.06.27 18:19:40.955,1.9662,1.96685,2.26,1.13
2012.06.27 18:19:41.325,1.96625,1.96688,1.51,1.50
2012.06.27 18:19:42.849,1.96623,1.96688,1.13,2.25
2012.06.27 18:19:43.388,1.9662,1.96686,2.26,1.88
2012.06.27 18:19:43.934,1.9662,1.96686,2.26,1.88
2012.06.27 18:19:44.259,1.9661,1.96679,2.63,1.88
2012.06.27 18:19:44.326,1.9661,1.96679,2.63,1.88
2012.06.27 18:19:44.838,1.96615,1.96679,1.13,1.13
2012.06.27 18:19:45.326,1.96626,1.96679,1.88,1.13
2012.06.27 18:19:45.657,1.96626,1.96659,1.88,1.13
2012.06.27 18:19:45.727,1.96626,1.96676,1.88,1.13
2012.06.27 18:19:46.695,1.9662,1.96674,1.88,1.13
2012.06.27 18:19:47.316,1.9662,1.96673,1.88,1.13
2012.06.27 18:19:48.784,1.96619,1.96656,1.88,1.13
2012.06.27 18:19:52.326,1.96611,1.96654,1.88,1.13
2012.06.27 18:19:53.205,1.96619,1.96654,2.26,1.13
2012.06.27 18:19:53.276,1.96619,1.96671,2.26,1.13
2012.06.27 18:19:54.335,1.96629,1.96671,1.88,1.13
2012.06.27 18:19:54.405,1.96627,1.96674,1.88,1.13
2012.06.27 18:19:54.475,1.96618,1.96671,1.88,1.13
2012.06.27 18:19:54.977,1.96618,1.9667,3.01,1.13
2012.06.27 18:19:55.276,1.96618,1.96652,1.88,1.13
2012.06.27 18:19:55.405,1.96614,1.96652,1.88,1.13
2012.06.27 18:19:58.215,1.96618,1.9667,1.88,1.13
2012.06.27 18:19:58.464,1.96618,1.9667,1.88,1.13
2012.06.27 18:19:58.935,1.96628,1.9667,1.13,1.13
2012.06.27 18:19:59.005,1.96628,1.96679,1.13,1.13
2012.06.27 18:19:59.376,1.96626,1.96678,1.88,1.13
2012.06.27 18:19:59.884,1.96625,1.96679,1.88,1.13
2012.06.27 18:20:00.425,1.96624,1.96672,1.88,1.13
2012.06.27 18:20:01.074,1.9662,1.96672,1.51,1.13
2012.06.27 18:20:01.384,1.96619,1.96654,1.88,1.13
2012.06.27 18:20:01.876,1.96619,1.9666,1.88,1.13
2012.06.27 18:20:02.379,1.96622,1.96665,1.51,1.13
2012.06.27 18:20:03.716,1.96611,1.96664,3.01,1.13
2012.06.27 18:20:03.885,1.96611,1.96664,3.01,1.13
2012.06.27 18:20:04.128,1.96621,1.96666,1.13,1.13
2012.06.27 18:20:04.435,1.96621,1.96666,1.51,1.13
2012.06.27 18:20:04.505,1.96628,1.96671,1.13,1.13
2012.06.27 18:20:04.696,1.96629,1.96673,1.13,1.13
2012.06.27 18:20:04.766,1.96629,1.96673,1.51,1.13
2012.06.27 18:20:06.376,1.96622,1.96668,1.51,1.13
2012.06.27 18:20:06.444,1.96622,1.96668,1.51,1.13
2012.06.27 18:20:07.257,1.96622,1.96668,1.51,1.13
2012.06.27 18:20:08.084,1.96622,1.96668,1.51,1.13
2012.06.27 18:20:08.154,1.96621,1.96666,1.51,1.13
2012.06.27 18:20:11.486,1.96621,1.96666,1.88,1.13
2012.06.27 18:20:11.555,1.96631,1.96683,1.51,1.13
2012.06.27 18:20:11.625,1.96631,1.96683,1.51,1.88
2012.06.27 18:20:11.816,1.96621,1.96666,1.51,1.13
2012.06.27 18:20:12.507,1.96628,1.96666,1.50,1.13
2012.06.27 18:20:13.175,1.96628,1.96672,1.50,1.13
2012.06.27 18:20:13.366,1.96628,1.96672,1.88,1.13
2012.06.27 18:20:15.506,1.96632,1.96675,1.51,1.13
2012.06.27 18:20:15.638,1.96633,1.96679,1.51,1.13
2012.06.27 18:20:15.827,1.96635,1.96681,1.51,1.13
2012.06.27 18:20:15.955,1.96636,1.96685,1.51,1.88
2012.06.27 18:20:16.060,1.96636,1.96685,1.13,1.88
2012.06.27 18:20:16.127,1.9662,1.96679,1.51,1.13
2012.06.27 18:20:17.165,1.9662,1.96679,1.51,1.13
2012.06.27 18:20:17.326,1.9662,1.96679,1.51,1.88
2012.06.27 18:20:17.695,1.96612,1.96665,1.51,1.13
2012.06.27 18:20:18.275,1.96609,1.96661,1.51,1.13
2012.06.27 18:20:18.869,1.96608,1.96658,1.88,1.13
2012.06.27 18:20:21.786,1.96612,1.96665,1.51,1.88
2012.06.27 18:20:21.858,1.96601,1.96659,1.13,1.50
2012.06.27 18:20:22.407,1.96605,1.96653,1.88,1.13
2012.06.27 18:20:23.000,1.96605,1.96653,1.88,1.13
2012.06.27 18:20:24.527,1.96595,1.96653,1.51,1.13
2012.06.27 18:20:25.297,1.96595,1.96653,1.51,1.13
2012.06.27 18:20:25.875,1.96595,1.96653,1.51,1.13
2012.06.27 18:20:25.945,1.96603,1.96657,1.51,1.13
2012.06.27 18:20:26.099,1.96605,1.96659,1.51,1.13
2012.06.27 18:20:27.126,1.96608,1.96665,1.13,1.13
2012.06.27 18:20:29.495,1.96608,1.96665,1.51,1.13
2012.06.27 18:20:37.392,1.96621,1.96665,1.50,1.13
2012.06.27 18:20:39.382,1.96608,1.96665,1.51,1.13
2012.06.27 18:20:46.436,1.96613,1.96665,1.50,1.13
2012.06.27 18:20:46.505,1.96613,1.96665,2.25,1.13
2012.06.27 18:20:46.983,1.96613,1.96659,2.25,1.13
2012.06.27 18:20:48.364,1.96613,1.96659,1.50,1.13
2012.06.27 18:20:48.496,1.96611,1.96659,1.50,1.13
2012.06.27 18:20:48.565,1.96606,1.96659,2.63,1.13
2012.06.27 18:20:53.359,1.96606,1.96659,2.63,1.13
2012.06.27 18:20:53.425,1.96609,1.96669,1.51,1.13
2012.06.27 18:20:53.938,1.96607,1.96666,1.51,1.13
2012.06.27 18:20:54.174,1.96609,1.96669,1.51,1.13
2012.06.27 18:20:54.394,1.96608,1.96665,1.51,1.13
2012.06.27 18:21:05.336,1.96613,1.96665,1.88,1.13
2012.06.27 18:21:05.917,1.96613,1.9667,1.88,1.13
2012.06.27 18:21:06.047,1.96616,1.96668,1.13,1.88
2012.06.27 18:21:06.367,1.96618,1.96672,1.13,1.88
2012.06.27 18:21:06.708,1.96618,1.96665,1.13,1.13
2012.06.27 18:21:06.896,1.96604,1.96655,1.50,1.13
2012.06.27 18:21:07.086,1.96595,1.96655,2.26,1.13
2012.06.27 18:21:09.517,1.96595,1.96655,1.51,1.13
2012.06.27 18:21:09.585,1.96608,1.96655,1.50,1.13
2012.06.27 18:21:10.967,1.96605,1.96655,1.50,1.13
2012.06.27 18:21:11.037,1.96595,1.96655,3.01,1.13
2012.06.27 18:21:11.108,1.96595,1.96636,1.50,1.13
2012.06.27 18:21:11.235,1.96596,1.96654,1.13,1.13
2012.06.27 18:21:11.426,1.96596,1.96645,1.13,1.13
2012.06.27 18:21:11.675,1.96574,1.9663,2.26,1.13
2012.06.27 18:21:11.746,1.96586,1.96637,1.13,1.13
2012.06.27 18:21:12.314,1.96586,1.96637,1.51,1.13
2012.06.27 18:21:12.647,1.96596,1.96642,1.13,1.13
2012.06.27 18:21:13.045,1.96596,1.96642,1.51,1.13
2012.06.27 18:21:13.587,1.96596,1.96642,3.76,1.13
2012.06.27 18:21:13.666,1.96607,1.96659,1.13,1.13
2012.06.27 18:21:13.987,1.96604,1.96658,2.63,1.13
2012.06.27 18:21:15.296,1.96604,1.96658,3.01,1.13
2012.06.27 18:21:19.445,1.96608,1.9666,1.13,1.13
2012.06.27 18:21:22.413,1.96607,1.96659,1.51,1.13
2012.06.27 18:21:23.083,1.96604,1.96658,3.01,1.13
2012.06.27 18:21:25.052,1.96607,1.96659,1.51,1.13
2012.06.27 18:21:27.126,1.96607,1.96661,1.13,1.13
2012.06.27 18:21:27.384,1.96611,1.96661,1.50,1.13
2012.06.27 18:21:47.534,1.96607,1.96661,2.63,1.13
2012.06.27 18:21:53.615,1.9662,1.96661,1.50,1.13
2012.06.27 18:21:53.926,1.96624,1.96667,1.50,1.50
2012.06.27 18:21:54.528,1.96624,1.9666,1.50,1.50
2012.06.27 18:21:54.897,1.96627,1.96692,1.50,1.50
2012.06.27 18:21:55.296,1.96631,1.96692,1.50,1.50
2012.06.27 18:21:55.914,1.96631,1.96692,1.50,1.50
2012.06.27 18:21:57.884,1.96627,1.96674,1.50,1.13
2012.06.27 18:21:57.956,1.96617,1.96674,1.50,1.13
2012.06.27 18:21:58.395,1.96616,1.9667,1.50,1.50
2012.06.27 18:21:59.346,1.96614,1.96672,1.50,1.50
2012.06.27 18:22:00.041,1.96609,1.96679,1.50,3.00
2012.06.27 18:22:00.446,1.96608,1.96665,1.13,1.13
2012.06.27 18:22:00.517,1.96604,1.96656,2.25,1.50
2012.06.27 18:22:01.027,1.96604,1.96656,2.25,1.50
2012.06.27 18:22:01.096,1.96609,1.96663,1.13,1.50
2012.06.27 18:22:01.407,1.96612,1.96663,1.50,1.50
2012.06.27 18:22:01.715,1.96615,1.96663,1.50,1.50
2012.06.27 18:22:02.145,1.96611,1.96663,1.50,1.50
2012.06.27 18:22:04.815,1.96611,1.96663,1.50,1.50
2012.06.27 18:22:05.461,1.96611,1.96663,1.50,1.50
2012.06.27 18:22:15.296,1.96611,1.96662,1.50,1.50
2012.06.27 18:22:17.345,1.96611,1.96662,2.25,1.50
2012.06.27 18:22:17.933,1.96622,1.96674,1.13,1.50
2012.06.27 18:22:20.506,1.96613,1.9667,1.50,1.50
2012.06.27 18:22:20.577,1.96611,1.9667,1.13,1.50
2012.06.27 18:22:20.648,1.96611,1.96665,1.13,1.13
2012.06.27 18:22:20.716,1.9661,1.96656,1.50,1.50
2012.06.27 18:22:20.967,1.9661,1.96656,1.50,1.13
2012.06.27 18:22:21.037,1.96612,1.96669,1.13,1.50
2012.06.27 18:22:21.837,1.96615,1.96671,1.13,1.50
2012.06.27 18:22:22.146,1.96612,1.96664,1.13,1.13
2012.06.27 18:22:22.215,1.96602,1.96651,2.63,1.13
2012.06.27 18:22:28.094,1.96604,1.96654,1.13,1.50
2012.06.27 18:22:31.396,1.96609,1.96654,1.50,1.50
2012.06.27 18:22:31.847,1.96613,1.96664,1.13,1.13
2012.06.27 18:22:31.919,1.96613,1.96672,1.13,1.50
2012.06.27 18:22:31.989,1.96617,1.96672,1.50,1.50
2012.06.27 18:22:32.311,1.9662,1.96672,1.50,1.50
2012.06.27 18:22:32.508,1.96606,1.96653,1.50,1.13
2012.06.27 18:22:32.579,1.96606,1.96647,1.50,1.13
2012.06.27 18:22:32.798,1.96598,1.96643,3.00,1.13
2012.06.27 18:22:32.868,1.96604,1.96651,1.13,1.13
2012.06.27 18:22:33.335,1.96606,1.96658,1.50,1.50
2012.06.27 18:22:34.658,1.96606,1.96658,1.88,1.13
2012.06.27 18:22:36.116,1.96611,1.96664,1.13,1.13
2012.06.27 18:22:50.778,1.96613,1.96672,1.13,1.13
2012.06.27 18:22:53.454,1.96613,1.96671,1.13,1.50
2012.06.27 18:22:53.525,1.96613,1.96669,1.13,1.50
2012.06.27 18:22:55.558,1.96613,1.96669,1.13,1.88
2012.06.27 18:22:55.626,1.966,1.96665,1.50,1.50
2012.06.27 18:22:56.205,1.96598,1.96662,1.51,1.88
2012.06.27 18:22:58.856,1.96598,1.96662,1.51,1.50
2012.06.27 18:22:59.046,1.96613,1.96669,1.13,1.50
2012.06.27 18:22:59.116,1.96613,1.96671,1.13,1.50
2012.06.27 18:22:59.185,1.96633,1.96678,1.13,3.38
2012.06.27 18:22:59.256,1.96633,1.96678,1.13,2.63
2012.06.27 18:22:59.866,1.96633,1.96676,1.13,1.50
2012.06.27 18:23:02.036,1.96633,1.96678,1.13,1.13
2012.06.27 18:23:05.636,1.96634,1.9668,1.13,1.13
2012.06.27 18:23:08.496,1.96633,1.96676,1.13,1.13
2012.06.27 18:23:19.688,1.96629,1.96675,1.13,1.13
2012.06.27 18:23:21.947,1.96626,1.9667,1.88,1.13
2012.06.27 18:23:22.197,1.96621,1.9667,1.13,1.13
2012.06.27 18:23:22.517,1.96622,1.96674,1.50,1.13
2012.06.27 18:23:22.746,1.96625,1.96674,1.50,1.13
2012.06.27 18:23:23.169,1.96621,1.96674,1.13,1.13
2012.06.27 18:23:28.550,1.96626,1.96675,1.13,1.13
2012.06.27 18:23:29.074,1.96627,1.96674,1.13,1.13
2012.06.27 18:23:31.868,1.96614,1.96661,1.51,1.13
2012.06.27 18:23:32.626,1.96614,1.96661,1.13,1.13
2012.06.27 18:23:33.426,1.96614,1.96661,1.88,1.13
2012.06.27 18:23:33.925,1.96627,1.96674,1.13,1.13
2012.06.27 18:23:35.686,1.96614,1.96661,1.51,1.13
2012.06.27 18:23:37.165,1.96615,1.96663,1.51,1.13
2012.06.27 18:23:37.516,1.9662,1.96666,1.13,1.13
2012.06.27 18:23:37.586,1.96609,1.96662,1.51,1.13
2012.06.27 18:23:37.927,1.96621,1.96667,1.51,1.50
2012.06.27 18:23:38.256,1.96621,1.96674,1.51,1.13
2012.06.27 18:23:38.456,1.9662,1.96666,1.51,1.13
2012.06.27 18:23:38.706,1.96621,1.96674,1.51,1.13
2012.06.27 18:23:42.606,1.96619,1.96667,1.51,1.13
2012.06.27 18:23:43.218,1.96621,1.96671,1.51,1.13
2012.06.27 18:23:44.236,1.96621,1.96671,1.13,1.13
2012.06.27 18:23:45.054,1.96621,1.96671,1.51,1.13
2012.06.27 18:23:45.824,1.96621,1.96671,1.13,1.13
2012.06.27 18:23:47.687,1.96621,1.96673,1.13,1.13
2012.06.27 18:23:59.905,1.96614,1.96657,1.13,1.13
2012.06.27 18:23:59.983,1.96622,1.96672,1.13,1.13
2012.06.27 18:24:00.515,1.96621,1.96671,1.13,1.13
2012.06.27 18:24:10.196,1.96621,1.96673,1.13,1.13
2012.06.27 18:24:11.478,1.96621,1.96674,1.13,1.13
2012.06.27 18:24:14.437,1.96621,1.96674,1.13,1.88
2012.06.27 18:24:14.827,1.96605,1.96667,1.51,1.88
2012.06.27 18:24:15.380,1.96605,1.96667,1.51,1.13
2012.06.27 18:24:16.138,1.96605,1.96667,1.51,1.13
2012.06.27 18:24:16.214,1.96614,1.96667,1.88,1.13
2012.06.27 18:24:16.538,1.9662,1.96664,1.13,1.13
2012.06.27 18:24:17.008,1.96621,1.96674,1.13,1.88
2012.06.27 18:24:22.878,1.96621,1.9667,1.13,1.13
2012.06.27 18:24:23.067,1.96607,1.96663,1.88,1.13
2012.06.27 18:24:23.945,1.96606,1.96665,1.51,2.25
2012.06.27 18:24:25.275,1.96606,1.96665,1.13,2.25
2012.06.27 18:24:25.895,1.96606,1.96665,1.13,1.50
2012.06.27 18:24:30.459,1.96606,1.96665,1.13,2.25
2012.06.27 18:24:32.390,1.96606,1.96665,1.13,2.63
2012.06.27 18:24:33.665,1.96606,1.96665,1.51,1.13
2012.06.27 18:24:40.822,1.96606,1.96665,1.51,1.13
2012.06.27 18:24:41.066,1.96621,1.96673,1.13,2.63
2012.06.27 18:24:42.709,1.96621,1.96671,1.13,1.13
2012.06.27 18:24:43.040,1.96621,1.96674,1.13,1.13
2012.06.27 18:24:46.267,1.96621,1.96667,1.13,1.13
2012.06.27 18:24:47.387,1.96619,1.96664,1.13,1.13
2012.06.27 18:24:48.116,1.96623,1.96666,1.13,1.13
2012.06.27 18:24:54.455,1.96626,1.96666,1.50,1.13
2012.06.27 18:24:54.646,1.96631,1.96685,1.13,1.73
2012.06.27 18:24:54.717,1.96633,1.96685,1.50,1.73
2012.06.27 18:24:54.846,1.96633,1.96685,1.50,1.13
2012.06.27 18:24:54.999,1.96631,1.96685,1.13,1.13
2012.06.27 18:24:55.397,1.96626,1.96679,1.50,1.13
2012.06.27 18:24:56.136,1.96625,1.96676,1.13,2.25
2012.06.27 18:24:56.445,1.96617,1.96647,1.50,1.13
2012.06.27 18:24:56.576,1.96626,1.96678,1.13,1.80
2012.06.27 18:24:56.645,1.96629,1.96678,1.50,1.80
2012.06.27 18:24:56.716,1.96629,1.96678,1.50,1.35
2012.06.27 18:24:56.785,1.96629,1.96678,1.50,1.13
2012.06.27 18:24:58.427,1.96627,1.96678,1.50,1.88
2012.06.27 18:24:58.737,1.96626,1.96672,1.13,1.88
2012.06.27 18:24:58.806,1.96626,1.96672,1.13,1.50
2012.06.27 18:24:59.166,1.96626,1.96678,1.13,1.13
2012.06.27 18:25:00.556,1.96626,1.96678,1.13,1.88
2012.06.27 18:25:01.337,1.96626,1.96678,1.13,1.13
2012.06.27 18:25:02.705,1.96622,1.96661,1.50,1.13
2012.06.27 18:25:02.838,1.96615,1.96661,1.13,1.13
2012.06.27 18:25:03.648,1.96616,1.96661,1.50,1.13
2012.06.27 18:25:03.716,1.96619,1.96661,1.50,1.13
2012.06.27 18:25:04.377,1.96619,1.96647,1.50,1.13
2012.06.27 18:25:04.506,1.96614,1.96647,1.50,1.13
2012.06.27 18:25:04.576,1.96615,1.96661,1.13,1.13
2012.06.27 18:25:06.119,1.96622,1.96661,1.50,1.13
2012.06.27 18:25:06.306,1.96625,1.96679,1.13,1.50
2012.06.27 18:25:06.376,1.96632,1.96679,1.50,1.13
2012.06.27 18:25:06.733,1.9664,1.96685,1.13,1.88
2012.06.27 18:25:07.219,1.96639,1.96682,1.13,1.13
2012.06.27 18:25:07.718,1.9664,1.96685,1.13,1.13
2012.06.27 18:25:09.068,1.96628,1.96673,1.13,1.13
2012.06.27 18:25:11.826,1.96624,1.9666,1.50,1.13
2012.06.27 18:25:11.902,1.96616,1.9666,1.13,1.13
2012.06.27 18:25:12.907,1.96616,1.9666,1.50,1.13
2012.06.27 18:25:12.978,1.96625,1.96679,1.13,1.50
2012.06.27 18:25:13.047,1.96625,1.96679,1.13,1.13
2012.06.27 18:25:17.477,1.96626,1.96685,1.13,2.25
2012.06.27 18:25:18.134,1.96627,1.96685,1.50,1.13
2012.06.27 18:25:20.525,1.96625,1.96683,1.13,1.50
2012.06.27 18:25:22.327,1.96625,1.96683,1.13,1.50
2012.06.27 18:25:22.396,1.96626,1.96678,1.13,1.13
2012.06.27 18:25:35.636,1.96626,1.96677,2.63,1.13
2012.06.27 18:25:35.947,1.96612,1.96647,1.50,1.13
2012.06.27 18:25:36.016,1.96625,1.96679,1.13,1.88
2012.06.27 18:25:36.087,1.96625,1.96679,1.13,1.13
2012.06.27 18:25:36.157,1.96619,1.9666,1.50,1.13
2012.06.27 18:25:36.346,1.96625,1.96679,1.13,1.50
2012.06.27 18:25:36.417,1.96625,1.96679,1.13,1.13
2012.06.27 18:25:37.246,1.96616,1.9666,1.51,1.13
2012.06.27 18:25:37.375,1.96616,1.9666,1.13,1.13
2012.06.27 18:26:36.427,1.96614,1.96652,1.50,1.13
2012.06.27 18:26:36.499,1.96612,1.96652,1.50,1.13
2012.06.27 18:26:36.567,1.96609,1.96652,1.50,1.13
2012.06.27 18:26:36.637,1.96606,1.96652,1.51,1.13
2012.06.27 18:26:36.766,1.96612,1.96658,1.13,1.13
2012.06.27 18:26:37.625,1.96615,1.96661,1.13,1.13
2012.06.27 18:26:41.157,1.96611,1.96659,1.13,1.13
2012.06.27 18:26:42.918,1.96614,1.96659,1.50,1.13
2012.06.27 18:26:43.106,1.96616,1.96664,1.13,1.13
2012.06.27 18:26:43.176,1.96625,1.96664,1.50,1.13
2012.06.27 18:26:43.427,1.96625,1.96669,1.88,1.13
2012.06.27 18:26:43.497,1.96635,1.96679,1.13,1.13
2012.06.27 18:26:43.748,1.96641,1.96686,1.13,1.13
2012.06.27 18:26:43.938,1.96635,1.96679,1.13,1.13
2012.06.27 18:26:44.695,1.96642,1.96685,1.13,1.13
2012.06.27 18:26:48.396,1.96642,1.96685,1.13,1.88
2012.06.27 18:26:48.528,1.96624,1.96667,1.50,1.13
2012.06.27 18:26:49.036,1.96622,1.96667,1.13,1.13
2012.06.27 18:26:49.847,1.96628,1.96673,1.13,1.13
2012.06.27 18:26:49.918,1.96629,1.96679,1.13,1.13
2012.06.27 18:26:49.985,1.96628,1.96673,1.13,1.13
2012.06.27 18:26:53.417,1.96626,1.9667,1.13,1.13
2012.06.27 18:26:53.550,1.96616,1.96683,3.38,1.50
2012.06.27 18:26:53.617,1.96616,1.96683,3.38,1.50
2012.06.27 18:26:53.986,1.96631,1.96688,1.88,1.05
2012.06.27 18:26:54.458,1.9664,1.96705,1.51,2.63
2012.06.27 18:26:54.646,1.96646,1.96696,1.88,1.05
2012.06.27 18:26:54.776,1.96646,1.9671,1.88,2.03
2012.06.27 18:26:59.362,1.9664,1.96708,1.51,2.40
2012.06.27 18:26:59.604,1.96639,1.96698,1.51,1.13
2012.06.27 18:26:59.674,1.9664,1.96708,1.51,2.40
2012.06.27 18:27:01.947,1.96647,1.96708,1.51,2.25
2012.06.27 18:27:02.030,1.96647,1.96708,1.51,2.25
2012.06.27 18:27:02.947,1.96647,1.9671,1.88,1.28
2012.06.27 18:27:03.195,1.96647,1.9671,1.88,2.18
2012.06.27 18:27:06.187,1.96646,1.9671,1.88,1.13
2012.06.27 18:27:09.059,1.96646,1.9671,1.88,1.88
2012.06.27 18:27:09.367,1.96654,1.9671,1.88,1.13
2012.06.27 18:27:09.697,1.96664,1.96717,1.51,1.13
2012.06.27 18:27:09.826,1.96664,1.96717,3.01,1.13
2012.06.27 18:27:10.186,1.96677,1.9673,1.51,1.88
2012.06.27 18:27:12.646,1.96688,1.96732,1.13,1.88
2012.06.27 18:27:13.455,1.96678,1.96729,1.51,1.88
2012.06.27 18:27:16.435,1.96678,1.96729,1.88,1.13
2012.06.27 18:27:16.627,1.96689,1.96742,1.51,3.38
2012.06.27 18:27:16.876,1.9668,1.9673,1.88,1.13
2012.06.27 18:27:17.007,1.96689,1.96742,1.13,1.88
2012.06.27 18:27:17.076,1.96689,1.96742,1.51,1.88
2012.06.27 18:27:17.206,1.96677,1.9673,3.01,1.13
2012.06.27 18:27:17.398,1.96677,1.96716,1.88,1.13
2012.06.27 18:27:17.819,1.96667,1.96716,1.88,1.13
2012.06.27 18:27:18.527,1.96677,1.9673,1.51,1.13
2012.06.27 18:27:18.597,1.96677,1.96728,1.51,1.13
2012.06.27 18:27:23.168,1.96677,1.96726,1.51,1.13
2012.06.27 18:27:23.356,1.96667,1.96725,1.88,1.13
2012.06.27 18:27:23.716,1.96675,1.96728,1.51,1.13
2012.06.27 18:27:25.457,1.96675,1.96728,1.51,1.13
2012.06.27 18:27:25.647,1.96686,1.96731,1.51,1.13
2012.06.27 18:27:25.718,1.9668,1.9673,1.13,1.13
2012.06.27 18:27:26.052,1.96665,1.96722,1.51,1.13
2012.06.27 18:27:27.305,1.96665,1.96724,1.51,1.88
2012.06.27 18:27:27.636,1.96665,1.96724,1.51,1.88
2012.06.27 18:27:27.867,1.96662,1.96706,1.88,1.13
2012.06.27 18:27:28.376,1.96657,1.96704,1.51,1.13
2012.06.27 18:27:28.917,1.96657,1.96705,1.51,1.13
2012.06.27 18:27:28.988,1.9666,1.96717,1.51,1.13
2012.06.27 18:27:29.554,1.96653,1.96716,1.51,1.13
2012.06.27 18:27:30.123,1.96653,1.96716,1.51,1.13
2012.06.27 18:27:30.352,1.96653,1.96716,1.51,1.88
2012.06.27 18:27:30.907,1.96653,1.96713,1.51,1.50
2012.06.27 18:27:32.086,1.96653,1.96716,1.51,3.38
2012.06.27 18:27:32.419,1.96651,1.9671,1.88,1.13
2012.06.27 18:27:35.132,1.96645,1.96704,1.88,1.50
2012.06.27 18:27:35.437,1.96637,1.96689,1.88,1.13
2012.06.27 18:27:35.508,1.96652,1.96704,1.51,3.38
2012.06.27 18:27:35.717,1.96652,1.96704,1.51,2.63
2012.06.27 18:27:36.040,1.9665,1.96698,1.51,1.13
2012.06.27 18:27:36.385,1.96651,1.96694,1.51,1.13
2012.06.27 18:27:37.198,1.96651,1.96694,1.51,1.13
2012.06.27 18:27:46.587,1.96651,1.96694,1.51,1.13
2012.06.27 18:27:46.878,1.96658,1.9671,1.51,1.13
2012.06.27 18:27:46.947,1.96658,1.9671,1.51,1.13
2012.06.27 18:27:47.631,1.96662,1.9671,1.88,1.13
2012.06.27 18:27:47.710,1.96662,1.96712,1.88,1.13
2012.06.27 18:27:48.238,1.96662,1.96712,1.88,1.13
2012.06.27 18:27:48.307,1.96675,1.9672,1.51,1.13
2012.06.27 18:27:48.497,1.96662,1.96713,1.88,1.13
2012.06.27 18:27:48.687,1.96666,1.96713,1.88,1.13
2012.06.27 18:27:49.028,1.96662,1.96713,1.88,1.13
2012.06.27 18:27:49.097,1.96662,1.96722,3.01,1.13
2012.06.27 18:27:49.689,1.96655,1.96704,1.88,1.13
2012.06.27 18:27:49.887,1.96652,1.96704,1.51,1.13
2012.06.27 18:27:55.307,1.96652,1.96704,1.51,1.13
2012.06.27 18:27:56.240,1.96652,1.96704,1.51,1.13
2012.06.27 18:28:03.758,1.96658,1.96704,2.26,1.13
2012.06.27 18:28:03.826,1.96664,1.96717,1.51,1.88
2012.06.27 18:28:04.333,1.96664,1.96717,1.51,1.88
2012.06.27 18:28:05.277,1.96664,1.96717,1.51,1.88
2012.06.27 18:28:07.238,1.96664,1.96717,1.51,1.88
2012.06.27 18:28:15.236,1.96664,1.96717,1.51,1.13
2012.06.27 18:28:15.308,1.96668,1.96717,1.88,1.13
2012.06.27 18:28:15.631,1.96668,1.96715,1.88,1.13
2012.06.27 18:28:16.291,1.96665,1.96715,1.51,1.13
2012.06.27 18:28:18.246,1.96665,1.96715,1.51,1.13
2012.06.27 18:28:22.115,1.96681,1.96727,1.13,1.28
2012.06.27 18:28:22.488,1.9667,1.96715,1.88,1.13
2012.06.27 18:28:22.556,1.9667,1.96715,1.50,1.13
2012.06.27 18:28:22.691,1.96667,1.96715,1.88,1.13
2012.06.27 18:28:23.948,1.96665,1.96715,1.51,1.13
2012.06.27 18:28:24.996,1.96676,1.96719,1.13,1.13
2012.06.27 18:28:25.419,1.96676,1.96719,1.51,1.13
2012.06.27 18:28:32.127,1.96685,1.96732,1.51,1.50
2012.06.27 18:28:32.406,1.96685,1.96737,1.51,1.13
2012.06.27 18:28:34.747,1.96685,1.96737,1.51,1.88
2012.06.27 18:28:35.095,1.96672,1.96725,2.26,1.13
2012.06.27 18:28:35.166,1.96682,1.96736,1.51,1.13
2012.06.27 18:28:36.746,1.96674,1.96717,1.51,1.13
2012.06.27 18:28:38.409,1.96664,1.96711,1.88,1.13
2012.06.27 18:28:38.536,1.96657,1.96711,1.13,1.13
2012.06.27 18:28:38.728,1.96663,1.96717,1.51,1.50
2012.06.27 18:28:38.858,1.9666,1.9672,1.88,1.13
2012.06.27 18:28:39.256,1.9666,1.96716,1.88,1.50
2012.06.27 18:28:39.766,1.9666,1.96716,1.88,1.50
2012.06.27 18:28:40.261,1.9666,1.96712,1.51,1.13
2012.06.27 18:28:40.397,1.9666,1.96712,1.13,1.13
2012.06.27 18:28:40.916,1.9666,1.96712,1.13,1.88
2012.06.27 18:28:41.364,1.9665,1.96695,1.51,1.13
2012.06.27 18:28:43.016,1.9666,1.96712,1.13,1.13
2012.06.27 18:28:44.680,1.9666,1.96712,1.13,1.88
2012.06.27 18:28:44.985,1.96651,1.96694,1.13,1.13
2012.06.27 18:28:48.594,1.96651,1.96694,1.50,1.13
2012.06.27 18:28:48.817,1.9666,1.96712,1.13,1.13
2012.06.27 18:28:50.230,1.96662,1.96716,1.13,1.13
2012.06.27 18:28:51.308,1.96662,1.96716,1.13,1.88
2012.06.27 18:28:51.616,1.96653,1.96697,1.51,1.13
2012.06.27 18:28:55.317,1.96653,1.96697,1.13,1.13
2012.06.27 18:29:04.346,1.96662,1.96713,1.13,2.25
2012.06.27 18:29:04.477,1.96653,1.96697,1.13,1.13
2012.06.27 18:29:04.666,1.96663,1.96713,1.13,2.25
2012.06.27 18:29:05.036,1.96653,1.96697,1.13,1.13
2012.06.27 18:29:25.416,1.96653,1.96697,1.51,1.13
2012.06.27 18:29:35.265,1.96653,1.96697,1.13,1.13
2012.06.27 18:29:53.547,1.96639,1.96692,1.51,1.13
2012.06.27 18:30:04.565,1.96639,1.96692,1.13,1.13
2012.06.27 18:30:05.697,1.96642,1.96692,1.50,1.13
2012.06.27 18:30:06.007,1.96642,1.96692,1.88,1.13
2012.06.27 18:30:06.076,1.9665,1.96695,1.13,1.13
2012.06.27 18:30:06.207,1.96642,1.96692,1.88,1.13
2012.06.27 18:30:06.275,1.96642,1.96692,1.50,1.13
2012.06.27 18:30:08.247,1.96639,1.96692,1.13,1.13
2012.06.27 18:30:08.317,1.96639,1.96692,1.51,1.13
2012.06.27 18:30:08.795,1.9665,1.96695,1.13,1.13
2012.06.27 18:30:12.859,1.96642,1.96692,2.26,1.13
2012.06.27 18:30:13.135,1.96642,1.96692,1.88,1.13
2012.06.27 18:30:15.287,1.96642,1.96692,1.88,1.13
2012.06.27 18:30:20.669,1.96651,1.96694,1.13,1.13
2012.06.27 18:30:38.944,1.96641,1.96692,1.50,1.13
2012.06.27 18:30:39.416,1.96639,1.96692,1.13,1.13
2012.06.27 18:30:41.371,1.96639,1.96692,1.51,1.13
2012.06.27 18:30:41.677,1.96656,1.96692,1.88,1.13
2012.06.27 18:30:42.020,1.96656,1.96692,1.88,1.13
2012.06.27 18:30:44.116,1.96656,1.96692,1.88,1.13
2012.06.27 18:30:44.679,1.96663,1.96706,1.13,1.13
2012.06.27 18:30:45.115,1.96663,1.96706,1.51,1.13
2012.06.27 18:30:46.738,1.96663,1.96706,1.51,1.13
2012.06.27 18:30:50.816,1.96663,1.96706,1.51,1.13
2012.06.27 18:30:55.271,1.96663,1.96706,1.51,1.13
2012.06.27 18:30:56.596,1.96663,1.96706,1.13,1.13
2012.06.27 18:31:43.637,1.96663,1.96706,1.13,1.88
2012.06.27 18:31:44.067,1.96669,1.96706,1.13,1.50
2012.06.27 18:31:44.140,1.96657,1.967,1.51,1.13
2012.06.27 18:31:44.518,1.96652,1.96702,1.13,1.13
2012.06.27 18:31:45.953,1.96651,1.96702,1.13,1.13
2012.06.27 18:31:46.077,1.96651,1.96696,1.13,1.13
2012.06.27 18:31:46.207,1.9664,1.96691,1.13,1.13
2012.06.27 18:31:49.747,1.9664,1.96691,1.51,1.13
2012.06.27 18:31:49.818,1.9665,1.96695,1.13,1.13
2012.06.27 18:31:49.947,1.96641,1.967,1.51,1.13
2012.06.27 18:31:52.757,1.96641,1.96699,1.51,1.13
2012.06.27 18:31:59.248,1.96645,1.96698,1.88,1.13
2012.06.27 18:32:05.377,1.96645,1.96698,1.88,1.13
2012.06.27 18:32:06.838,1.96645,1.96699,1.88,1.13
2012.06.27 18:32:08.627,1.9665,1.96693,1.51,1.13
2012.06.27 18:32:14.367,1.9665,1.96685,1.51,1.50
2012.06.27 18:32:14.500,1.9665,1.96683,1.13,1.50
2012.06.27 18:32:14.570,1.96629,1.96656,1.13,1.13
2012.06.27 18:32:14.639,1.96619,1.96656,1.13,1.13
2012.06.27 18:32:14.828,1.96624,1.96669,1.51,1.13
2012.06.27 18:32:14.898,1.96633,1.96683,1.51,1.50
2012.06.27 18:32:14.968,1.96633,1.96683,1.51,1.50
2012.06.27 18:32:15.219,1.96633,1.96687,1.51,1.88
2012.06.27 18:32:16.246,1.96633,1.96687,1.51,1.88
2012.06.27 18:32:16.436,1.96624,1.96669,1.51,1.13
2012.06.27 18:32:16.508,1.96624,1.96669,1.51,1.13
2012.06.27 18:32:16.972,1.9662,1.96665,1.51,1.13
2012.06.27 18:32:17.097,1.96624,1.96669,1.51,1.13
2012.06.27 18:32:19.096,1.96624,1.96669,1.51,1.13
2012.06.27 18:32:19.167,1.96612,1.96656,1.51,1.13
2012.06.27 18:32:24.599,1.96617,1.96661,1.51,1.13
2012.06.27 18:32:24.730,1.96607,1.96649,1.88,1.13
2012.06.27 18:32:24.798,1.96611,1.96657,1.51,1.13
2012.06.27 18:32:24.867,1.96611,1.96657,1.13,1.13
2012.06.27 18:32:25.048,1.96611,1.96657,1.51,1.13
2012.06.27 18:32:25.827,1.96599,1.96644,1.51,1.13
2012.06.27 18:32:26.047,1.96609,1.96652,1.51,1.13
2012.06.27 18:32:26.450,1.96612,1.96656,1.51,1.13
2012.06.27 18:32:28.007,1.96602,1.96652,1.51,1.13
2012.06.27 18:32:30.337,1.96599,1.96642,1.51,1.13
2012.06.27 18:32:31.825,1.96602,1.96652,1.51,1.13
2012.06.27 18:32:32.168,1.9659,1.96646,1.88,1.13
2012.06.27 18:32:32.710,1.96577,1.96628,1.51,1.13
2012.06.27 18:32:33.480,1.96577,1.96628,1.51,1.13
2012.06.27 18:32:34.057,1.96576,1.96627,1.51,1.13
2012.06.27 18:32:35.891,1.96586,1.96628,1.13,1.13
2012.06.27 18:32:37.147,1.96575,1.96618,1.13,1.13
2012.06.27 18:32:37.670,1.96575,1.96638,1.13,2.25
2012.06.27 18:32:38.316,1.96575,1.96618,1.13,1.13
2012.06.27 18:32:40.677,1.96585,1.96626,1.13,1.13
2012.06.27 18:32:42.976,1.96577,1.96628,1.51,1.13
2012.06.27 18:32:44.422,1.96577,1.96628,1.51,1.13
2012.06.27 18:32:44.617,1.96575,1.96617,1.13,1.13
2012.06.27 18:32:47.827,1.96575,1.96617,1.13,1.13
2012.06.27 18:32:47.896,1.96575,1.96612,1.13,1.13
2012.06.27 18:32:48.029,1.96566,1.96614,1.13,1.13
2012.06.27 18:32:48.161,1.96566,1.96605,1.13,1.13
2012.06.27 18:32:48.228,1.96566,1.96607,1.13,1.13
2012.06.27 18:32:48.438,1.96566,1.96609,1.13,1.13
2012.06.27 18:32:48.688,1.96566,1.96609,2.63,1.13
2012.06.27 18:32:48.757,1.96576,1.96626,1.13,2.63
2012.06.27 18:32:49.270,1.96576,1.96626,1.13,1.13
2012.06.27 18:32:52.612,1.9658,1.96636,1.51,1.13
2012.06.27 18:32:52.868,1.96578,1.96636,1.51,1.13
2012.06.27 18:32:53.178,1.96581,1.96626,1.88,1.13
2012.06.27 18:32:53.697,1.96575,1.96627,2.63,1.13
2012.06.27 18:32:56.376,1.96575,1.96609,1.88,1.13
2012.06.27 18:32:56.689,1.96566,1.96607,1.88,1.13
2012.06.27 18:32:57.264,1.96565,1.96607,1.13,1.13
2012.06.27 18:32:57.767,1.96565,1.96608,1.13,1.13
2012.06.27 18:32:58.488,1.96558,1.96596,1.88,1.13
2012.06.27 18:32:58.617,1.96556,1.96596,1.13,1.13
2012.06.27 18:32:58.687,1.96566,1.96596,1.13,1.13
2012.06.27 18:32:58.818,1.96566,1.96608,1.13,1.13
2012.06.27 18:33:03.116,1.96576,1.96608,1.13,1.13
2012.06.27 18:33:09.099,1.96568,1.9661,1.88,1.13
2012.06.27 18:33:09.168,1.96566,1.9661,1.13,1.13
2012.06.27 18:33:09.237,1.96566,1.96603,1.13,1.13
2012.06.27 18:33:09.498,1.96563,1.96608,1.51,1.13
2012.06.27 18:33:09.687,1.96565,1.9661,1.13,1.13
2012.06.27 18:33:11.190,1.96571,1.96614,1.88,1.13
2012.06.27 18:33:12.317,1.96571,1.96614,1.50,1.13
2012.06.27 18:33:12.858,1.96571,1.96614,1.88,1.13
2012.06.27 18:33:12.987,1.96571,1.96614,1.50,1.13
2012.06.27 18:33:13.078,1.96571,1.96614,1.88,1.13
2012.06.27 18:33:16.275,1.96571,1.96614,1.50,1.13
2012.06.27 18:33:16.487,1.96571,1.96614,1.88,1.13
2012.06.27 18:33:16.598,1.96571,1.96614,1.50,1.13
2012.06.27 18:33:16.726,1.96571,1.96614,1.88,1.13
2012.06.27 18:33:17.809,1.9658,1.96623,1.13,1.13
2012.06.27 18:33:21.338,1.96571,1.96615,1.13,1.13
2012.06.27 18:33:22.198,1.9657,1.96618,1.13,1.13
2012.06.27 18:33:22.400,1.9658,1.96623,1.13,1.13
2012.06.27 18:33:27.106,1.9658,1.96616,1.13,1.50
2012.06.27 18:33:27.177,1.96566,1.96612,1.13,1.13
2012.06.27 18:33:27.657,1.96566,1.96612,1.51,1.13
2012.06.27 18:33:27.907,1.96586,1.9664,1.13,1.88
2012.06.27 18:33:27.977,1.96586,1.96628,1.13,1.50
2012.06.27 18:33:28.047,1.96561,1.96615,2.63,1.13
2012.06.27 18:33:30.063,1.96562,1.96616,1.13,1.13
2012.06.27 18:33:30.196,1.96562,1.96616,1.51,1.13
2012.06.27 18:33:30.708,1.96562,1.96616,1.13,1.13
2012.06.27 18:33:30.779,1.96562,1.96611,1.13,1.50
2012.06.27 18:33:31.170,1.96556,1.966,1.13,1.13
2012.06.27 18:33:31.718,1.96554,1.96611,1.13,2.25
2012.06.27 18:33:35.243,1.96554,1.96599,1.51,1.13
2012.06.27 18:33:38.568,1.9656,1.96603,1.13,1.13
2012.06.27 18:33:39.508,1.96563,1.96608,1.13,1.13
2012.06.27 18:33:39.577,1.96563,1.9661,1.13,1.13
2012.06.27 18:33:39.716,1.96564,1.96607,1.13,1.13
2012.06.27 18:33:39.907,1.96563,1.9661,1.13,1.13
2012.06.27 18:33:41.104,1.96563,1.96606,1.13,1.13
2012.06.27 18:33:41.181,1.96564,1.96609,1.13,1.13
2012.06.27 18:33:44.951,1.96563,1.96608,1.13,1.13
2012.06.27 18:33:45.093,1.96563,1.96608,1.88,1.13
2012.06.27 18:33:45.347,1.96575,1.96621,1.51,1.13
2012.06.27 18:33:46.778,1.96575,1.9662,1.51,1.50
2012.06.27 18:33:55.667,1.96575,1.96621,1.51,1.13
2012.06.27 18:33:55.796,1.96575,1.96621,1.51,1.13
2012.06.27 18:33:55.926,1.96589,1.96629,1.13,1.50
2012.06.27 18:33:56.378,1.96589,1.96627,1.13,1.50
2012.06.27 18:33:56.934,1.96589,1.96623,1.13,1.50
2012.06.27 18:34:00.638,1.96589,1.96613,1.13,1.50
2012.06.27 18:34:00.708,1.96578,1.96613,1.13,1.50
2012.06.27 18:34:00.819,1.96578,1.96617,1.13,1.50
2012.06.27 18:34:01.267,1.96578,1.9662,1.13,1.50
2012.06.27 18:34:05.549,1.96578,1.9662,1.51,1.50
2012.06.27 18:34:06.087,1.96588,1.9662,1.13,1.50
2012.06.27 18:34:11.026,1.96577,1.9662,1.51,1.50
2012.06.27 18:34:13.498,1.96577,1.96617,1.51,1.50
2012.06.27 18:34:13.951,1.96577,1.96614,1.51,1.50
2012.06.27 18:34:14.256,1.96589,1.96614,1.13,1.50
2012.06.27 18:34:14.781,1.96589,1.96617,1.13,1.50
2012.06.27 18:34:15.137,1.96589,1.96627,1.13,1.50
2012.06.27 18:34:19.866,1.96585,1.96627,1.51,1.50
2012.06.27 18:34:21.226,1.96586,1.96627,1.51,2.25
2012.06.27 18:34:25.255,1.96586,1.96627,1.51,1.50
2012.06.27 18:34:26.899,1.96588,1.96628,1.13,1.50
2012.06.27 18:34:27.891,1.96579,1.96628,1.51,1.50
2012.06.27 18:34:28.279,1.96578,1.9663,1.51,1.13
2012.06.27 18:34:29.828,1.96577,1.96625,1.51,1.13
2012.06.27 18:34:36.861,1.96577,1.96626,1.51,1.50
2012.06.27 18:34:43.692,1.96577,1.96625,1.51,1.13
2012.06.27 18:34:44.415,1.96577,1.96625,1.51,1.13
2012.06.27 18:34:44.599,1.96577,1.96617,1.51,1.50
2012.06.27 18:34:44.927,1.96577,1.96619,1.51,1.50
2012.06.27 18:34:44.996,1.96577,1.96624,1.51,1.50
2012.06.27 18:34:46.018,1.96577,1.96619,1.51,1.50
2012.06.27 18:34:46.368,1.96577,1.96616,1.51,1.50
2012.06.27 18:34:47.216,1.96577,1.96623,1.51,1.50
2012.06.27 18:34:51.564,1.96577,1.96623,1.51,1.50
2012.06.27 18:34:51.645,1.96577,1.96619,1.51,1.50
2012.06.27 18:34:51.982,1.96577,1.96616,1.51,1.50
2012.06.27 18:34:52.288,1.96588,1.96616,1.13,1.50
2012.06.27 18:34:52.550,1.96588,1.96619,1.13,1.50
2012.06.27 18:34:52.850,1.96588,1.96623,1.13,1.50
2012.06.27 18:34:59.588,1.96578,1.96623,1.13,1.50
2012.06.27 18:35:03.696,1.96588,1.96623,1.13,1.50
2012.06.27 18:35:04.155,1.96578,1.96623,1.51,1.50
2012.06.27 18:35:04.238,1.96589,1.96623,1.13,1.50
2012.06.27 18:35:07.926,1.96582,1.96623,1.51,1.50
2012.06.27 18:35:08.624,1.96582,1.96623,1.51,1.50
2012.06.27 18:35:10.368,1.96582,1.96623,1.51,1.50
2012.06.27 18:35:11.656,1.9659,1.96632,1.51,1.50
2012.06.27 18:35:13.927,1.9659,1.96632,1.13,1.50
2012.06.27 18:35:13.998,1.9659,1.96623,1.13,1.50
2012.06.27 18:35:17.346,1.96589,1.96623,1.13,1.50
2012.06.27 18:35:19.266,1.96589,1.96627,1.13,1.50
2012.06.27 18:35:19.335,1.96589,1.96632,1.13,1.50
2012.06.27 18:35:20.216,1.96599,1.96632,1.13,1.50
2012.06.27 18:35:26.428,1.96599,1.96623,1.13,1.50
2012.06.27 18:35:26.677,1.96599,1.96626,1.13,1.50
2012.06.27 18:35:26.746,1.96599,1.96631,1.13,1.50
2012.06.27 18:35:27.448,1.96601,1.96631,1.13,1.50
2012.06.27 18:35:27.978,1.96601,1.96631,1.13,2.25
2012.06.27 18:35:28.170,1.96601,1.96631,1.13,1.50
2012.06.27 18:35:28.238,1.96601,1.96635,1.13,1.50
2012.06.27 18:35:28.367,1.96598,1.96635,1.13,1.50
2012.06.27 18:35:28.860,1.96598,1.96639,1.13,1.50
2012.06.27 18:35:29.003,1.96595,1.96639,1.13,1.50
2012.06.27 18:35:30.157,1.96595,1.96633,1.13,1.50
2012.06.27 18:35:30.757,1.96595,1.96631,1.13,1.50
2012.06.27 18:35:33.168,1.96595,1.96631,1.51,1.50
2012.06.27 18:35:33.237,1.96595,1.96633,1.51,1.50
2012.06.27 18:35:33.307,1.96595,1.96637,1.51,1.50
2012.06.27 18:35:33.377,1.96595,1.96637,1.13,1.88
2012.06.27 18:35:33.447,1.96582,1.96626,1.51,1.13
2012.06.27 18:35:33.898,1.96576,1.96619,1.51,1.13
2012.06.27 18:35:36.827,1.96576,1.96621,1.51,1.50
2012.06.27 18:35:37.107,1.96576,1.96621,1.51,1.50
2012.06.27 18:35:37.450,1.96576,1.96619,1.51,1.13
2012.06.27 18:35:37.798,1.96569,1.96614,1.51,1.13
2012.06.27 18:35:40.463,1.96569,1.96612,1.51,1.50
2012.06.27 18:35:40.656,1.96581,1.96625,1.51,1.50
2012.06.27 18:35:40.728,1.96581,1.96627,1.51,1.13
2012.06.27 18:35:40.799,1.96576,1.96619,1.13,1.13
2012.06.27 18:35:40.866,1.96576,1.96619,1.13,1.88
2012.06.27 18:35:41.358,1.96557,1.96611,1.51,1.13
2012.06.27 18:35:42.218,1.96563,1.96615,1.51,3.38
2012.06.27 18:35:42.348,1.96563,1.96614,1.51,1.50
2012.06.27 18:35:42.419,1.96566,1.9662,1.51,1.13
2012.06.27 18:35:42.667,1.96571,1.96621,1.13,2.25
2012.06.27 18:35:42.916,1.9656,1.96616,1.51,2.25
2012.06.27 18:35:43.227,1.9656,1.9662,1.51,1.13
2012.06.27 18:35:48.326,1.9656,1.9662,1.51,1.13
2012.06.27 18:35:52.118,1.96566,1.9663,1.13,2.63
2012.06.27 18:35:52.248,1.96585,1.9663,1.13,1.50
2012.06.27 18:35:52.318,1.96572,1.96626,1.51,1.13
2012.06.27 18:35:52.447,1.9657,1.96624,1.51,1.13
2012.06.27 18:35:52.877,1.96563,1.96617,1.51,1.13
2012.06.27 18:35:53.241,1.96563,1.96615,1.51,1.50
2012.06.27 18:35:53.427,1.96561,1.96613,1.13,1.13
2012.06.27 18:35:53.998,1.96561,1.96613,1.51,1.13
2012.06.27 18:35:54.584,1.96558,1.9661,1.51,1.13
2012.06.27 18:35:55.359,1.96558,1.9661,1.51,1.13
2012.06.27 18:35:56.683,1.96558,1.9661,1.51,1.13
2012.06.27 18:35:57.007,1.96558,1.9661,1.51,1.13
2012.06.27 18:35:57.137,1.96558,1.9661,1.13,1.13
2012.06.27 18:35:57.577,1.96558,1.9661,1.51,1.13
2012.06.27 18:35:57.809,1.96558,1.96612,1.51,1.13
2012.06.27 18:35:58.451,1.96557,1.96611,1.51,1.13
2012.06.27 18:35:59.098,1.96557,1.96611,1.51,1.13
2012.06.27 18:36:02.136,1.96557,1.96608,1.51,1.50
2012.06.27 18:36:02.548,1.96557,1.96611,1.51,1.13
2012.06.27 18:36:02.620,1.96557,1.96611,1.51,1.13
2012.06.27 18:36:02.843,1.96557,1.96611,1.51,1.13
2012.06.27 18:36:03.469,1.96557,1.96611,1.51,1.13
2012.06.27 18:36:03.828,1.96557,1.96611,1.51,1.13
2012.06.27 18:36:05.396,1.96557,1.96611,1.51,1.13
2012.06.27 18:36:06.316,1.96557,1.96611,1.51,1.88
2012.06.27 18:36:06.627,1.96547,1.96591,1.50,1.13
2012.06.27 18:36:06.698,1.96539,1.96591,1.13,1.13
2012.06.27 18:36:06.770,1.96545,1.96597,1.51,1.13
2012.06.27 18:36:07.307,1.96536,1.96585,1.13,1.13
2012.06.27 18:36:07.393,1.96536,1.96594,1.13,1.13
2012.06.27 18:36:07.469,1.96536,1.96599,1.13,1.50
2012.06.27 18:36:12.107,1.96536,1.96599,1.13,1.50
2012.06.27 18:36:12.551,1.96552,1.9661,1.51,1.13
2012.06.27 18:36:14.038,1.96554,1.96611,1.51,1.50
2012.06.27 18:36:15.378,1.96554,1.96611,1.51,1.50
2012.06.27 18:36:17.029,1.96554,1.96605,1.51,1.50
2012.06.27 18:36:17.334,1.96554,1.96601,1.51,1.50
2012.06.27 18:36:17.698,1.9656,1.96601,1.13,1.50
2012.06.27 18:36:17.828,1.9656,1.96608,1.13,1.50
2012.06.27 18:36:17.897,1.96564,1.96608,1.13,1.50
2012.06.27 18:36:21.196,1.96565,1.96608,1.13,1.50
2012.06.27 18:36:21.804,1.96565,1.96608,1.13,2.25
2012.06.27 18:36:21.983,1.96565,1.96608,1.13,1.50
2012.06.27 18:36:26.607,1.96565,1.96608,1.13,2.25
2012.06.27 18:36:26.916,1.96562,1.96608,1.13,3.38
2012.06.27 18:36:26.986,1.96553,1.96608,1.13,2.25
2012.06.27 18:36:27.118,1.96557,1.96608,1.13,2.25
2012.06.27 18:36:27.435,1.96554,1.96602,1.13,1.50
2012.06.27 18:36:29.679,1.96554,1.96594,1.13,1.50
2012.06.27 18:36:30.929,1.96554,1.96601,1.51,2.25
2012.06.27 18:36:31.268,1.96564,1.96601,1.13,2.25
2012.06.27 18:36:32.265,1.96564,1.96608,1.13,2.25
2012.06.27 18:36:32.344,1.96546,1.96602,1.51,1.50
2012.06.27 18:36:32.537,1.96558,1.96602,1.13,1.50
2012.06.27 18:36:32.669,1.96558,1.96604,1.13,1.50
2012.06.27 18:36:32.801,1.96563,1.96609,1.13,1.50
2012.06.27 18:36:33.398,1.96563,1.96611,1.13,1.50
2012.06.27 18:36:33.466,1.96563,1.96617,1.13,1.13
2012.06.27 18:36:36.617,1.96576,1.96623,1.13,1.50
2012.06.27 18:36:36.928,1.96571,1.96623,1.13,1.50
2012.06.27 18:36:37.604,1.9657,1.96623,1.13,1.50
2012.06.27 18:36:38.448,1.96589,1.96627,1.13,1.50
2012.06.27 18:36:38.589,1.96589,1.96637,1.13,1.88
2012.06.27 18:36:38.849,1.96589,1.9663,1.13,1.50
2012.06.27 18:36:38.918,1.96572,1.96627,1.51,1.50
2012.06.27 18:36:38.988,1.96583,1.96627,1.13,1.50
2012.06.27 18:36:39.237,1.96571,1.96627,1.51,1.50
2012.06.27 18:36:39.368,1.96571,1.96627,1.13,1.50
2012.06.27 18:36:39.437,1.96571,1.96627,1.51,1.50
2012.06.27 18:36:39.748,1.96583,1.96627,1.13,1.50
2012.06.27 18:36:43.316,1.96583,1.96627,1.13,2.25
2012.06.27 18:36:44.895,1.96583,1.96627,1.13,2.25
2012.06.27 18:36:45.315,1.96583,1.96627,1.13,2.25
2012.06.27 18:36:45.608,1.96589,1.96627,1.13,2.25
2012.06.27 18:36:46.870,1.96589,1.96627,1.13,2.25
2012.06.27 18:36:47.188,1.96593,1.96627,1.13,2.25
2012.06.27 18:36:48.740,1.96593,1.96639,1.13,2.25
2012.06.27 18:36:48.867,1.96596,1.96639,1.13,2.25
2012.06.27 18:36:52.029,1.96596,1.96639,1.13,2.25
2012.06.27 18:36:52.149,1.96594,1.96639,1.13,2.25
2012.06.27 18:36:52.360,1.96594,1.96639,1.13,1.50
2012.06.27 18:36:52.489,1.96594,1.96642,1.13,1.50
2012.06.27 18:36:52.558,1.96594,1.96646,1.13,2.25
2012.06.27 18:36:53.177,1.96594,1.96646,1.13,1.50
2012.06.27 18:36:53.870,1.96594,1.96646,1.13,2.25
2012.06.27 18:36:54.429,1.96595,1.96646,1.13,2.25
2012.06.27 18:36:55.437,1.96595,1.96643,1.13,1.50
2012.06.27 18:36:55.759,1.96591,1.96639,1.13,2.25
2012.06.27 18:36:56.243,1.96596,1.96639,1.13,2.25
2012.06.27 18:36:56.367,1.96596,1.96639,1.13,2.25
2012.06.27 18:36:58.873,1.96596,1.96639,1.13,2.25
2012.06.27 18:36:59.367,1.96596,1.96639,1.13,2.25
2012.06.27 18:36:59.437,1.96584,1.96639,1.51,2.25
2012.06.27 18:36:59.837,1.96584,1.96639,1.13,2.25
2012.06.27 18:37:04.373,1.96584,1.96639,1.13,2.25
2012.06.27 18:37:04.567,1.96579,1.96632,1.13,1.88
2012.06.27 18:37:04.636,1.96579,1.96632,1.13,1.88
2012.06.27 18:37:04.709,1.96577,1.96631,1.51,1.88
2012.06.27 18:37:04.897,1.96583,1.96633,1.13,2.25
2012.06.27 18:37:05.475,1.96584,1.96633,1.13,2.25
2012.06.27 18:37:05.937,1.96584,1.96633,1.13,2.25
2012.06.27 18:37:10.367,1.96584,1.96635,1.13,2.25
2012.06.27 18:37:12.537,1.96584,1.96627,1.13,2.25
2012.06.27 18:37:12.669,1.96583,1.96635,1.13,2.63
2012.06.27 18:37:13.388,1.96585,1.96635,1.13,2.25
2012.06.27 18:37:15.088,1.96585,1.96635,1.13,2.63
2012.06.27 18:37:15.157,1.96583,1.96635,1.13,2.63
2012.06.27 18:37:15.288,1.96583,1.96635,1.13,2.63
2012.06.27 18:37:15.704,1.96582,1.96627,1.13,2.25
2012.06.27 18:37:16.035,1.96582,1.96627,1.13,2.25
2012.06.27 18:37:16.178,1.96582,1.96627,1.13,2.25
2012.06.27 18:37:36.336,1.96582,1.96634,1.13,2.25
2012.06.27 18:37:36.577,1.96571,1.96631,1.13,2.25
2012.06.27 18:37:45.596,1.96571,1.96631,1.13,1.50
2012.06.27 18:37:45.667,1.96576,1.96631,1.13,1.50
2012.06.27 18:37:49.864,1.96576,1.96631,1.13,2.25
2012.06.27 18:37:55.602,1.96577,1.96631,1.13,2.25
2012.06.27 18:38:00.590,1.96576,1.96629,1.13,2.25
2012.06.27 18:38:00.720,1.96571,1.96629,1.13,2.25
2012.06.27 18:38:48.338,1.9657,1.96624,1.13,1.88
2012.06.27 18:38:48.590,1.96589,1.96632,1.13,1.13
2012.06.27 18:38:48.719,1.96576,1.96622,1.50,1.13
2012.06.27 18:38:48.787,1.96576,1.96622,1.88,1.13
2012.06.27 18:38:49.099,1.96602,1.96645,1.13,1.88
2012.06.27 18:38:49.622,1.966,1.96645,1.13,1.88
2012.06.27 18:38:51.239,1.966,1.96645,1.13,1.88
2012.06.27 18:39:04.659,1.966,1.96632,1.13,2.25
2012.06.27 18:39:04.880,1.96587,1.96632,1.13,2.25
2012.06.27 18:39:04.948,1.96583,1.96632,1.13,2.25
2012.06.27 18:39:06.167,1.96584,1.96632,1.13,2.25
2012.06.27 18:39:13.386,1.96577,1.96621,1.51,1.13
2012.06.27 18:39:13.758,1.96583,1.96632,1.13,2.25
2012.06.27 18:39:21.227,1.96576,1.96619,1.13,1.13
2012.06.27 18:39:22.468,1.96576,1.96619,1.13,1.88
2012.06.27 18:39:29.800,1.96576,1.96619,1.13,1.13
2012.06.27 18:39:29.890,1.96582,1.96626,1.13,1.88
2012.06.27 18:39:29.959,1.96575,1.9662,1.13,1.13
2012.06.27 18:39:30.159,1.96582,1.96633,1.13,1.13
2012.06.27 18:39:30.350,1.96582,1.96636,1.13,3.38
2012.06.27 18:39:30.538,1.96582,1.96636,1.13,3.38
2012.06.27 18:39:38.718,1.96582,1.96635,1.13,1.13
2012.06.27 18:39:38.848,1.96582,1.96635,1.13,1.13
2012.06.27 18:39:38.978,1.96576,1.96619,1.13,1.88
2012.06.27 18:39:39.367,1.96576,1.96619,1.13,1.13
2012.06.27 18:39:39.668,1.96576,1.96619,1.13,1.88
2012.06.27 18:39:46.257,1.96576,1.96619,1.13,1.13
2012.06.27 18:39:46.648,1.96576,1.96619,1.13,1.88
2012.06.27 18:39:46.777,1.96576,1.96622,1.13,1.88
2012.06.27 18:39:47.168,1.96579,1.96624,1.13,1.88
2012.06.27 18:39:47.299,1.96575,1.9662,1.13,1.88
2012.06.27 18:39:47.488,1.96575,1.9662,1.13,1.88
2012.06.27 18:39:47.799,1.96575,1.9662,1.13,1.88
2012.06.27 18:39:47.872,1.96575,1.9662,1.13,1.13
2012.06.27 18:39:48.018,1.96575,1.9662,1.13,1.88
2012.06.27 18:39:48.148,1.96575,1.9662,1.13,1.13
2012.06.27 18:39:48.744,1.96569,1.96614,1.88,1.13
2012.06.27 18:39:49.058,1.96594,1.96639,1.13,1.88
2012.06.27 18:39:49.189,1.96576,1.9663,1.13,1.88
2012.06.27 18:39:49.529,1.96576,1.9663,1.13,1.13
2012.06.27 18:39:50.838,1.96576,1.9663,1.51,1.13
2012.06.27 18:39:50.909,1.96588,1.96642,1.13,1.13
2012.06.27 18:39:52.158,1.96588,1.96642,1.13,1.88
2012.06.27 18:39:52.348,1.96572,1.96632,1.51,1.13
2012.06.27 18:39:52.478,1.96582,1.96636,1.13,1.88
2012.06.27 18:39:52.609,1.96582,1.96636,1.13,1.13
2012.06.27 18:39:52.817,1.96583,1.96637,1.51,1.13
2012.06.27 18:39:54.248,1.96583,1.96637,1.51,1.13
2012.06.27 18:39:55.121,1.96583,1.96637,1.51,1.88
2012.06.27 18:39:55.247,1.96582,1.96636,1.13,1.88
2012.06.27 18:39:55.907,1.96582,1.96636,1.13,1.13
2012.06.27 18:39:56.157,1.96583,1.96637,1.51,1.13
2012.06.27 18:39:59.431,1.96583,1.96637,1.51,1.13
2012.06.27 18:40:02.056,1.96583,1.96637,1.51,1.13
2012.06.27 18:40:02.674,1.96583,1.96637,1.51,1.13
2012.06.27 18:40:05.117,1.96601,1.96646,1.13,1.88
2012.06.27 18:40:09.469,1.96601,1.96646,1.13,1.88
2012.06.27 18:40:09.597,1.9659,1.96641,1.13,1.88
2012.06.27 18:40:14.708,1.9659,1.96639,1.13,1.50
2012.06.27 18:40:19.767,1.9659,1.96628,1.13,1.50
2012.06.27 18:40:20.019,1.96569,1.96613,1.13,1.13
2012.06.27 18:40:20.268,1.96575,1.9662,1.13,2.63
2012.06.27 18:40:25.606,1.96575,1.9662,2.22,1.13
2012.06.27 18:40:25.919,1.9659,1.96628,1.13,1.50
2012.06.27 18:40:26.277,1.9659,1.96636,1.51,1.13
2012.06.27 18:40:26.349,1.96577,1.96629,1.51,1.13
2012.06.27 18:40:26.478,1.96587,1.96633,1.13,1.13
2012.06.27 18:40:27.569,1.966,1.96645,1.13,1.88
2012.06.27 18:40:30.590,1.966,1.96644,1.13,1.50
2012.06.27 18:40:30.717,1.9662,1.96644,1.13,1.50
2012.06.27 18:40:30.789,1.9662,1.96655,1.13,1.13
2012.06.27 18:40:30.917,1.9662,1.96661,1.13,2.25
2012.06.27 18:40:38.300,1.96621,1.96661,1.13,2.25
2012.06.27 18:40:38.369,1.96621,1.96661,1.13,2.25
2012.06.27 18:40:38.558,1.9661,1.96653,1.13,1.88
2012.06.27 18:40:39.223,1.96614,1.96652,1.13,1.50
2012.06.27 18:40:39.529,1.96612,1.96652,1.13,1.50
2012.06.27 18:40:41.739,1.96612,1.96652,1.13,2.25
2012.06.27 18:40:41.870,1.96612,1.96652,1.13,1.50
2012.06.27 18:40:42.058,1.96608,1.96652,1.13,2.63
2012.06.27 18:40:42.588,1.96609,1.96654,1.13,1.13
2012.06.27 18:40:43.118,1.96609,1.96652,1.13,1.50
2012.06.27 18:40:43.479,1.96613,1.96652,1.13,2.25
2012.06.27 18:40:45.278,1.96613,1.96652,1.13,1.50
2012.06.27 18:40:52.859,1.96614,1.96652,1.13,1.50
2012.06.27 18:40:52.987,1.96602,1.96652,1.13,1.50
2012.06.27 18:40:59.858,1.96602,1.96652,1.13,2.25
2012.06.27 18:41:00.468,1.96591,1.96643,1.13,2.63
2012.06.27 18:41:01.608,1.96591,1.96643,1.13,2.63
2012.06.27 18:41:05.718,1.96578,1.96632,1.13,2.25
2012.06.27 18:41:12.150,1.96578,1.96632,1.13,2.25
2012.06.27 18:41:13.280,1.96576,1.96622,1.13,1.88
2012.06.27 18:41:20.637,1.96576,1.96622,1.13,1.13
2012.06.27 18:41:21.179,1.96584,1.96643,1.13,2.63
2012.06.27 18:41:25.907,1.96584,1.96643,1.13,1.88
2012.06.27 18:41:26.498,1.96584,1.96643,1.13,2.63
2012.06.27 18:41:42.400,1.96584,1.96641,1.13,1.50
2012.06.27 18:41:42.797,1.96584,1.96646,1.50,1.88
2012.06.27 18:41:42.868,1.96603,1.9665,1.13,2.25
2012.06.27 18:41:46.530,1.96603,1.9665,1.13,2.25
2012.06.27 18:41:46.598,1.96601,1.96643,1.13,2.25
2012.06.27 18:41:46.667,1.96601,1.96643,1.13,1.50
2012.06.27 18:41:46.738,1.96589,1.96642,1.13,1.13
2012.06.27 18:41:47.190,1.96592,1.96643,1.13,1.50
2012.06.27 18:41:47.866,1.96592,1.9665,1.13,2.25
2012.06.27 18:41:48.758,1.96592,1.9665,1.13,2.25
2012.06.27 18:41:49.205,1.96602,1.9665,1.13,2.25
2012.06.27 18:41:49.340,1.96602,1.9665,1.13,1.50
2012.06.27 18:41:58.029,1.96597,1.96643,1.13,1.13
2012.06.27 18:41:58.159,1.96592,1.96643,1.13,1.13
2012.06.27 18:41:58.248,1.96588,1.96637,1.13,1.13
2012.06.27 18:41:58.559,1.96602,1.9665,1.13,2.63
2012.06.27 18:41:58.750,1.96601,1.96652,1.13,1.50
2012.06.27 18:41:58.820,1.96602,1.9665,1.13,1.13
2012.06.27 18:41:59.029,1.96602,1.96654,1.13,1.88
2012.06.27 18:41:59.099,1.96602,1.96654,1.13,1.88
2012.06.27 18:41:59.231,1.96601,1.96651,1.13,1.13
2012.06.27 18:41:59.557,1.96602,1.96654,1.13,1.13
2012.06.27 18:42:02.398,1.96602,1.96654,1.13,1.88
2012.06.27 18:42:04.428,1.96602,1.96649,1.13,2.25
2012.06.27 18:42:04.737,1.96597,1.96649,1.13,2.25
2012.06.27 18:42:04.938,1.9659,1.96649,1.13,2.25
2012.06.27 18:42:05.148,1.9659,1.96649,1.13,2.25
2012.06.27 18:42:05.716,1.96591,1.96649,1.13,2.25
2012.06.27 18:42:07.380,1.96591,1.96649,1.13,2.25
2012.06.27 18:42:08.076,1.9659,1.96649,1.13,3.38
2012.06.27 18:42:08.606,1.9659,1.96649,1.13,2.63
2012.06.27 18:42:08.678,1.96602,1.96649,1.13,1.50
2012.06.27 18:42:08.959,1.96602,1.96652,1.13,1.50
2012.06.27 18:42:09.027,1.96602,1.96657,1.13,2.25
2012.06.27 18:42:21.788,1.96602,1.96657,1.13,2.25
2012.06.27 18:42:27.837,1.96602,1.96657,1.13,2.25
2012.06.27 18:42:28.282,1.96603,1.96657,1.13,2.25
2012.06.27 18:42:34.997,1.96603,1.96652,1.13,1.50
2012.06.27 18:42:43.129,1.96603,1.96652,1.13,2.25
2012.06.27 18:42:54.346,1.96603,1.96655,1.13,2.25
2012.06.27 18:43:00.464,1.96603,1.96655,1.13,2.25
2012.06.27 18:43:01.179,1.96603,1.96655,1.13,2.25
2012.06.27 18:43:02.298,1.96601,1.96655,1.13,3.38
2012.06.27 18:43:02.399,1.96601,1.96655,1.13,3.38
2012.06.27 18:43:02.587,1.96604,1.96655,1.13,2.25
2012.06.27 18:43:05.347,1.96604,1.96661,1.13,2.25
2012.06.27 18:43:06.290,1.96604,1.96661,1.13,2.25
2012.06.27 18:43:07.234,1.96604,1.96661,1.13,2.25
2012.06.27 18:43:07.467,1.96601,1.96655,1.13,1.88
2012.06.27 18:43:09.304,1.96601,1.96655,1.13,1.88
2012.06.27 18:43:09.399,1.96603,1.96661,1.13,2.25
2012.06.27 18:43:12.591,1.96605,1.96661,1.13,2.25
2012.06.27 18:43:12.897,1.96609,1.96653,1.13,1.50
2012.06.27 18:43:13.289,1.96614,1.96653,1.13,2.25
2012.06.27 18:43:13.638,1.96613,1.9666,1.13,1.88
2012.06.27 18:43:16.895,1.96613,1.96653,1.13,1.13
2012.06.27 18:43:17.029,1.96602,1.96652,1.13,1.13
2012.06.27 18:43:17.279,1.96602,1.96652,1.13,1.13
2012.06.27 18:43:17.537,1.96602,1.96652,1.13,1.13
2012.06.27 18:43:25.409,1.96602,1.96653,1.13,1.13
2012.06.27 18:43:25.746,1.96612,1.96647,1.13,2.25
2012.06.27 18:43:36.958,1.96612,1.96647,1.13,2.25
2012.06.27 18:43:37.033,1.96601,1.9664,1.13,2.25
2012.06.27 18:43:37.160,1.96601,1.96632,1.13,2.25
2012.06.27 18:43:37.938,1.96576,1.96619,1.13,1.13
2012.06.27 18:43:39.898,1.96584,1.96625,1.13,1.50
2012.06.27 18:43:40.089,1.96584,1.96629,1.13,1.13
2012.06.27 18:43:40.218,1.96575,1.96623,1.13,1.13
2012.06.27 18:43:40.509,1.96577,1.9663,1.13,1.13
2012.06.27 18:43:41.680,1.96588,1.96633,1.13,1.50
2012.06.27 18:43:41.989,1.96601,1.96644,1.13,1.13
2012.06.27 18:43:42.339,1.96603,1.96653,1.13,1.13
2012.06.27 18:43:51.127,1.96615,1.96653,1.13,1.13
2012.06.27 18:43:56.942,1.96615,1.96662,1.13,1.13
2012.06.27 18:43:58.386,1.96615,1.96654,1.13,1.13
2012.06.27 18:44:00.805,1.96615,1.96654,1.13,1.13
2012.06.27 18:44:00.958,1.96596,1.96654,1.13,1.13
2012.06.27 18:44:01.338,1.96596,1.96653,1.13,1.13
2012.06.27 18:44:09.692,1.96596,1.96647,1.13,2.25
2012.06.27 18:44:13.910,1.96589,1.96641,1.13,2.25
2012.06.27 18:44:13.979,1.96589,1.96641,1.13,1.50
2012.06.27 18:44:15.181,1.96589,1.96641,1.13,2.25
2012.06.27 18:44:16.017,1.9659,1.96637,1.13,1.88
2012.06.27 18:44:21.485,1.9659,1.96635,1.13,1.13
2012.06.27 18:44:22.309,1.9659,1.96635,1.13,1.13
2012.06.27 18:44:22.638,1.9659,1.96635,1.13,1.13
2012.06.27 18:44:22.707,1.9659,1.96635,1.13,1.13
2012.06.27 18:44:22.799,1.9659,1.96635,1.13,1.13
2012.06.27 18:44:23.595,1.9659,1.96635,1.13,1.13
2012.06.27 18:44:23.795,1.9659,1.96635,1.13,1.13
2012.06.27 18:44:27.095,1.9659,1.96635,1.13,1.13
2012.06.27 18:44:27.618,1.9659,1.96635,1.13,1.13
2012.06.27 18:44:28.056,1.9659,1.96633,1.13,1.13
2012.06.27 18:44:46.467,1.9659,1.96634,1.13,1.13
2012.06.27 18:44:48.902,1.9659,1.96632,1.13,1.13
2012.06.27 18:44:54.408,1.9659,1.96632,1.13,1.13
2012.06.27 18:44:54.482,1.9659,1.96632,1.13,1.13
2012.06.27 18:44:54.550,1.966,1.96632,1.13,1.13
2012.06.27 18:44:54.800,1.96582,1.96624,1.13,1.13
2012.06.27 18:44:55.329,1.96582,1.96624,1.13,1.13
2012.06.27 18:44:59.069,1.9658,1.96624,1.13,1.13
2012.06.27 18:45:05.557,1.96583,1.96625,1.13,1.13
2012.06.27 18:45:16.206,1.96583,1.96625,1.13,1.13
2012.06.27 18:45:16.972,1.96583,1.96625,1.13,1.13
2012.06.27 18:45:17.668,1.96575,1.96621,1.13,1.13
2012.06.27 18:45:17.860,1.96575,1.96621,1.13,1.50
2012.06.27 18:45:21.511,1.96575,1.96614,1.13,1.13
2012.06.27 18:45:22.065,1.96575,1.96615,1.13,1.13
2012.06.27 18:45:26.002,1.96575,1.96615,1.13,1.13
2012.06.27 18:45:26.309,1.96557,1.96603,1.13,1.13
2012.06.27 18:45:26.489,1.96557,1.96611,1.13,1.50
2012.06.27 18:45:28.239,1.96557,1.96611,1.13,1.13
2012.06.27 18:45:28.431,1.96557,1.96611,1.13,1.88
2012.06.27 18:45:30.692,1.96557,1.9661,1.13,2.25
2012.06.27 18:45:30.989,1.96557,1.9661,1.13,1.50
2012.06.27 18:45:35.161,1.96557,1.9661,1.13,2.25
2012.06.27 18:45:38.514,1.96557,1.9661,1.13,1.50
2012.06.27 18:45:38.890,1.96575,1.9661,1.13,2.25
2012.06.27 18:45:39.551,1.96575,1.96619,1.13,1.13
2012.06.27 18:45:40.110,1.96576,1.9662,1.13,2.63
2012.06.27 18:45:40.420,1.96576,1.9662,1.13,3.38
2012.06.27 18:45:43.948,1.96576,1.9662,1.13,3.38
2012.06.27 18:45:44.870,1.96557,1.96603,1.13,2.25
2012.06.27 18:45:44.939,1.96557,1.96603,1.13,1.50
2012.06.27 18:45:45.011,1.96557,1.96594,1.13,1.50
2012.06.27 18:45:45.081,1.96538,1.96594,1.13,1.50
2012.06.27 18:45:45.150,1.96558,1.96594,1.13,1.50
2012.06.27 18:45:45.698,1.96558,1.96608,1.13,2.25
2012.06.27 18:45:50.128,1.96552,1.96595,1.13,1.88
2012.06.27 18:45:51.732,1.96552,1.96595,1.13,1.88
2012.06.27 18:45:52.372,1.96534,1.96586,1.13,1.88
2012.06.27 18:45:52.731,1.96552,1.96591,1.13,2.25
2012.06.27 18:46:00.409,1.96534,1.96586,1.13,1.88
2012.06.27 18:46:07.308,1.96551,1.96595,1.13,2.25
2012.06.27 18:46:09.780,1.96551,1.96596,1.13,1.88
2012.06.27 18:46:11.877,1.96551,1.96596,1.13,1.88
2012.06.27 18:46:14.130,1.96551,1.96596,1.13,1.88
2012.06.27 18:46:14.645,1.96551,1.96596,1.13,1.13
2012.06.27 18:46:14.709,1.9655,1.96594,1.13,1.13
2012.06.27 18:46:14.906,1.96556,1.96603,1.13,1.50
2012.06.27 18:46:15.041,1.96556,1.9661,1.13,1.88
2012.06.27 18:46:15.557,1.96557,1.96611,1.13,3.38
2012.06.27 18:46:16.595,1.96557,1.96611,1.13,3.38
2012.06.27 18:46:18.393,1.96557,1.96611,1.13,1.88
2012.06.27 18:46:19.341,1.96557,1.96611,1.13,1.88
2012.06.27 18:46:19.661,1.96557,1.96611,1.13,1.88
2012.06.27 18:46:19.850,1.96583,1.96625,1.13,2.25
2012.06.27 18:46:20.159,1.96575,1.96621,1.13,1.88
2012.06.27 18:46:23.660,1.96575,1.96618,1.13,2.25
2012.06.27 18:46:23.920,1.96563,1.96608,1.13,1.88
2012.06.27 18:46:29.138,1.96563,1.96608,1.13,1.88
2012.06.27 18:46:29.400,1.9657,1.96612,1.13,2.63
2012.06.27 18:46:29.890,1.96559,1.96603,1.13,1.88
2012.06.27 18:46:30.019,1.96557,1.96602,1.13,1.88
2012.06.27 18:46:30.826,1.96558,1.96604,1.13,1.88
2012.06.27 18:46:35.961,1.96558,1.96604,1.13,1.88
2012.06.27 18:46:39.196,1.96563,1.96609,1.13,1.13
2012.06.27 18:46:41.439,1.96564,1.96609,1.13,1.13
2012.06.27 18:46:41.611,1.96566,1.96617,1.13,1.88
2012.06.27 18:46:45.131,1.96566,1.96617,1.13,1.88
2012.06.27 18:46:46.399,1.96566,1.96617,1.13,1.88
2012.06.27 18:46:46.591,1.96577,1.9662,1.13,1.88
2012.06.27 18:46:49.422,1.96577,1.9662,1.13,1.13
2012.06.27 18:46:49.491,1.96575,1.9662,1.13,1.13
2012.06.27 18:46:53.369,1.96575,1.9661,1.13,1.13
2012.06.27 18:46:53.439,1.96558,1.96601,1.13,1.13
2012.06.27 18:46:54.160,1.96551,1.96596,1.13,1.88
2012.06.27 18:46:54.649,1.96552,1.96603,1.13,1.13
2012.06.27 18:46:55.199,1.96559,1.96613,1.13,1.13
2012.06.27 18:46:55.392,1.96559,1.96619,2.63,1.88
2012.06.27 18:46:55.521,1.96569,1.96623,1.13,2.25
2012.06.27 18:46:56.136,1.9657,1.96623,1.13,1.13
2012.06.27 18:47:01.680,1.9657,1.96624,1.13,1.88
2012.06.27 18:47:01.980,1.96574,1.96631,1.13,2.25
2012.06.27 18:47:14.182,1.9657,1.9664,1.50,2.25
2012.06.27 18:47:14.434,1.96565,1.96631,1.50,1.13
2012.06.27 18:47:14.510,1.96565,1.96625,1.50,1.88
2012.06.27 18:47:14.581,1.96557,1.96623,1.88,1.13
2012.06.27 18:47:15.141,1.9655,1.96616,1.13,2.25
2012.06.27 18:47:15.530,1.96556,1.96619,1.50,1.88
2012.06.27 18:47:15.920,1.96556,1.96619,1.50,1.88
2012.06.27 18:47:18.691,1.96556,1.96619,1.50,1.88
2012.06.27 18:47:18.760,1.96556,1.96619,1.50,1.88
2012.06.27 18:47:22.949,1.96553,1.96615,1.50,2.25
2012.06.27 18:47:23.023,1.9655,1.96615,1.13,2.25
2012.06.27 18:47:24.699,1.9655,1.96606,1.13,1.50
2012.06.27 18:47:26.209,1.9655,1.96619,2.63,1.88
2012.06.27 18:47:28.579,1.9655,1.96614,2.63,1.50
2012.06.27 18:47:28.889,1.96546,1.96598,1.13,1.88
2012.06.27 18:47:31.880,1.96546,1.96598,1.13,1.88
2012.06.27 18:47:32.621,1.96546,1.96591,1.13,1.13
2012.06.27 18:47:32.690,1.96538,1.96583,1.13,1.88
2012.06.27 18:47:32.950,1.96545,1.96592,1.13,2.25
2012.06.27 18:47:33.344,1.96545,1.96592,1.13,2.25
2012.06.27 18:47:43.419,1.96545,1.96599,1.88,1.88
2012.06.27 18:47:43.491,1.96575,1.966,1.13,2.25
2012.06.27 18:47:43.941,1.96546,1.96599,1.50,1.88
2012.06.27 18:47:44.250,1.96545,1.96599,1.13,1.88
2012.06.27 18:47:44.644,1.96549,1.96606,1.13,2.25
2012.06.27 18:47:45.920,1.96549,1.96606,1.13,2.25
2012.06.27 18:47:46.510,1.96552,1.96606,1.13,2.25
2012.06.27 18:47:46.580,1.96549,1.96606,1.13,2.25
2012.06.27 18:47:46.710,1.96546,1.96598,1.13,1.88
2012.06.27 18:47:47.680,1.96548,1.96598,1.13,2.25
2012.06.27 18:47:48.960,1.96556,1.96598,1.13,2.25
2012.06.27 18:47:50.230,1.96556,1.96607,1.13,2.25
2012.06.27 18:47:50.659,1.96553,1.96607,1.13,2.25
2012.06.27 18:47:52.361,1.96553,1.96607,1.13,2.25
2012.06.27 18:47:55.409,1.96553,1.96607,1.13,2.25
2012.06.27 18:47:58.100,1.96553,1.96608,1.13,1.88
2012.06.27 18:48:02.879,1.96553,1.96606,1.13,2.25
2012.06.27 18:48:08.533,1.96554,1.96606,1.13,2.25
2012.06.27 18:48:09.949,1.96554,1.96606,1.13,2.25
2012.06.27 18:48:10.454,1.96556,1.96606,1.13,2.25
2012.06.27 18:48:10.634,1.96556,1.96606,1.13,2.25
2012.06.27 18:48:14.047,1.96552,1.96606,1.13,2.25
2012.06.27 18:48:19.879,1.96557,1.96606,1.13,2.25
2012.06.27 18:48:24.604,1.96557,1.96606,1.13,2.25
2012.06.27 18:48:25.562,1.96557,1.966,1.13,2.25
2012.06.27 18:48:26.236,1.96556,1.966,1.13,2.25
2012.06.27 18:48:29.544,1.96554,1.966,1.13,3.38
2012.06.27 18:48:30.839,1.96554,1.966,1.13,3.38
2012.06.27 18:48:30.910,1.96551,1.96596,1.13,1.88
2012.06.27 18:48:31.080,1.96551,1.96596,1.13,1.88
2012.06.27 18:48:31.361,1.96551,1.96596,1.13,1.13
2012.06.27 18:48:31.431,1.96558,1.96606,1.13,2.25
2012.06.27 18:48:33.672,1.96558,1.9661,1.13,1.13
2012.06.27 18:48:34.200,1.96562,1.96614,1.13,1.50
2012.06.27 18:48:34.544,1.96575,1.96621,1.13,1.88
2012.06.27 18:48:41.195,1.96575,1.96616,1.13,1.50
2012.06.27 18:48:41.589,1.96575,1.96621,1.13,1.13
2012.06.27 18:48:46.189,1.96589,1.96624,1.13,1.50
2012.06.27 18:48:46.966,1.96589,1.96632,1.13,1.88
2012.06.27 18:48:52.079,1.96589,1.96631,1.13,2.25
2012.06.27 18:48:52.509,1.96589,1.96631,1.13,2.25
2012.06.27 18:48:53.260,1.96589,1.96631,1.13,2.25
2012.06.27 18:49:01.055,1.96589,1.96631,1.13,2.25
2012.06.27 18:49:01.669,1.96575,1.96621,1.13,1.88
2012.06.27 18:49:01.752,1.96575,1.96621,1.13,1.88
2012.06.27 18:49:02.061,1.96553,1.96598,1.13,1.88
2012.06.27 18:49:02.191,1.96553,1.96598,1.13,1.13
2012.06.27 18:49:02.263,1.9656,1.96608,1.13,1.50
2012.06.27 18:49:02.389,1.9656,1.96614,1.13,3.00
2012.06.27 18:49:03.555,1.96557,1.96611,1.13,1.13
2012.06.27 18:49:03.740,1.96557,1.96611,1.13,1.88
2012.06.27 18:49:05.873,1.96557,1.96611,1.13,1.13
2012.06.27 18:49:06.095,1.96557,1.96611,1.13,1.88
2012.06.27 18:49:09.580,1.96575,1.96614,1.13,2.25
2012.06.27 18:49:10.061,1.96575,1.96621,1.13,3.38
2012.06.27 18:49:10.515,1.96575,1.96621,1.13,3.38
2012.06.27 18:49:18.790,1.96575,1.96621,1.13,2.63
2012.06.27 18:49:19.101,1.96574,1.9662,1.13,1.88
2012.06.27 18:49:19.310,1.96575,1.96621,1.13,2.63
2012.06.27 18:49:21.732,1.96575,1.96621,1.13,1.88
2012.06.27 18:49:21.861,1.96583,1.96628,1.13,1.50
2012.06.27 18:49:21.931,1.96583,1.96631,1.13,1.50
2012.06.27 18:49:22.001,1.96583,1.96635,1.13,1.88
2012.06.27 18:49:22.130,1.96601,1.96636,1.13,2.63
2012.06.27 18:49:22.261,1.96583,1.96635,1.13,1.88
2012.06.27 18:49:22.450,1.966,1.96636,1.13,2.25
2012.06.27 18:49:22.646,1.96583,1.96635,1.13,2.25
2012.06.27 18:49:22.890,1.96583,1.96634,1.13,1.50
2012.06.27 18:49:23.080,1.96576,1.96627,1.13,2.25
2012.06.27 18:49:23.854,1.96581,1.96627,1.13,2.25
2012.06.27 18:49:24.340,1.96574,1.9662,1.13,1.13
2012.06.27 18:49:26.006,1.96574,1.9662,1.13,1.88
2012.06.27 18:49:26.499,1.96576,1.9662,1.13,1.88
2012.06.27 18:49:27.803,1.96576,1.9662,1.13,1.13
2012.06.27 18:49:29.161,1.96582,1.96627,1.13,2.25
2012.06.27 18:49:31.432,1.96582,1.96635,1.13,2.25
2012.06.27 18:49:34.649,1.96575,1.96621,1.13,1.88
2012.06.27 18:49:35.943,1.96575,1.96621,1.13,1.13
2012.06.27 18:49:47.383,1.96575,1.96621,1.13,1.88
2012.06.27 18:49:48.560,1.96575,1.96621,1.13,1.13
2012.06.27 18:49:51.452,1.96575,1.96621,1.13,1.88
2012.06.27 18:49:54.231,1.96583,1.96616,1.13,2.25
2012.06.27 18:49:55.899,1.96583,1.9663,1.13,1.13
2012.06.27 18:49:56.030,1.96576,1.9662,1.13,1.88
2012.06.27 18:50:00.192,1.96576,1.9662,1.13,1.88
2012.06.27 18:50:00.734,1.96575,1.96619,1.13,1.88
2012.06.27 18:50:00.800,1.96577,1.96625,1.13,2.25
2012.06.27 18:50:00.871,1.96575,1.96625,1.13,2.25
2012.06.27 18:50:01.482,1.9656,1.96617,1.13,1.13
2012.06.27 18:50:02.421,1.96562,1.96617,1.13,2.63
2012.06.27 18:50:02.493,1.96562,1.96617,1.13,2.25
2012.06.27 18:50:02.560,1.96569,1.96621,1.13,1.88
2012.06.27 18:50:02.873,1.96571,1.96616,1.13,2.25
2012.06.27 18:50:03.181,1.96563,1.96608,1.13,1.88
2012.06.27 18:50:04.890,1.96563,1.96608,1.13,1.88
2012.06.27 18:50:05.140,1.96553,1.96604,1.13,1.88
2012.06.27 18:50:09.841,1.9656,1.96604,1.50,1.88
2012.06.27 18:50:10.265,1.96564,1.96608,1.50,1.88
2012.06.27 18:50:11.861,1.96564,1.96608,1.50,1.88
2012.06.27 18:50:12.175,1.96566,1.96616,1.13,2.25
2012.06.27 18:50:14.181,1.96566,1.96616,1.13,2.25
2012.06.27 18:50:14.372,1.96554,1.96612,1.13,1.13
2012.06.27 18:50:14.443,1.96554,1.96612,1.13,1.13
2012.06.27 18:50:14.510,1.96566,1.96617,1.13,1.88
2012.06.27 18:50:14.822,1.96552,1.96597,1.13,1.88
2012.06.27 18:50:15.360,1.96553,1.96604,1.13,1.88
2012.06.27 18:50:16.573,1.96553,1.96604,1.13,3.38
2012.06.27 18:50:16.892,1.96553,1.96604,1.13,3.38
2012.06.27 18:50:19.114,1.96553,1.96604,1.13,3.38
2012.06.27 18:50:19.867,1.96552,1.96604,1.13,3.38
2012.06.27 18:50:20.537,1.96553,1.96604,1.13,3.38
2012.06.27 18:50:20.842,1.96553,1.96604,1.13,3.38
2012.06.27 18:50:21.030,1.96551,1.96598,1.13,1.88
2012.06.27 18:50:21.204,1.96553,1.96604,1.13,3.38
2012.06.27 18:50:24.531,1.96551,1.96598,1.13,1.88
2012.06.27 18:50:25.035,1.96552,1.96605,1.13,1.88
2012.06.27 18:50:31.631,1.96552,1.96605,1.13,1.88
2012.06.27 18:50:34.611,1.96552,1.96605,1.13,1.88
2012.06.27 18:50:34.979,1.96565,1.9661,1.13,2.25
2012.06.27 18:50:35.170,1.96565,1.9661,1.13,2.25
2012.06.27 18:50:36.942,1.96565,1.96617,1.13,2.25
2012.06.27 18:50:42.861,1.96564,1.9661,1.13,1.13
2012.06.27 18:50:42.945,1.96571,1.9662,1.13,1.50
2012.06.27 18:50:43.212,1.96571,1.96627,1.13,2.25
2012.06.27 18:50:43.629,1.96571,1.96627,1.13,2.25
2012.06.27 18:50:44.410,1.96576,1.96632,1.13,1.88
2012.06.27 18:50:44.487,1.96572,1.96631,1.13,1.88
2012.06.27 18:50:44.801,1.96572,1.96631,1.13,1.88
2012.06.27 18:50:45.276,1.96576,1.96632,1.13,1.88
2012.06.27 18:50:49.325,1.96572,1.96625,1.13,2.25
2012.06.27 18:50:50.068,1.96571,1.96625,1.13,2.25
2012.06.27 18:50:50.460,1.96571,1.96633,1.13,3.53
2012.06.27 18:50:50.911,1.96571,1.96631,1.13,1.13
2012.06.27 18:50:51.013,1.96564,1.96616,1.13,1.88
2012.06.27 18:50:51.086,1.9656,1.9662,1.13,1.88
2012.06.27 18:50:51.542,1.96564,1.96621,1.50,1.88
2012.06.27 18:50:51.705,1.96564,1.96621,1.50,1.13
2012.06.27 18:50:51.924,1.96564,1.96621,1.50,1.88
2012.06.27 18:50:52.430,1.96559,1.96621,1.13,1.88
2012.06.27 18:50:54.904,1.96559,1.96621,1.13,1.13
2012.06.27 18:50:55.100,1.96559,1.96621,1.51,1.13
2012.06.27 18:50:55.438,1.96571,1.96626,1.13,2.25
2012.06.27 18:50:56.333,1.96571,1.96625,1.13,2.25
2012.06.27 18:50:58.260,1.96576,1.96625,1.13,2.25
2012.06.27 18:50:58.344,1.96571,1.96625,1.13,2.25
2012.06.27 18:50:58.929,1.96565,1.96618,1.13,1.88
2012.06.27 18:51:00.622,1.96565,1.96618,1.13,1.88
2012.06.27 18:51:00.744,1.96565,1.96618,1.13,1.88
2012.06.27 18:51:00.920,1.96565,1.96618,1.13,1.88
2012.06.27 18:51:01.412,1.96565,1.96618,1.13,1.13
2012.06.27 18:51:01.771,1.96572,1.96632,1.13,1.88
2012.06.27 18:51:02.622,1.96572,1.96632,1.13,1.88
2012.06.27 18:51:03.190,1.96572,1.96632,1.13,1.88
2012.06.27 18:51:03.320,1.96574,1.96636,1.51,2.25
2012.06.27 18:51:04.431,1.96592,1.96636,1.13,2.25
2012.06.27 18:51:04.621,1.96592,1.96645,1.13,1.50
2012.06.27 18:51:09.460,1.96603,1.96645,1.13,1.50
2012.06.27 18:51:10.431,1.96598,1.96652,1.13,2.25
2012.06.27 18:51:14.159,1.96598,1.96652,1.13,2.25
2012.06.27 18:51:14.229,1.96613,1.96652,1.13,2.25
2012.06.27 18:51:14.432,1.96602,1.96652,1.13,2.25
2012.06.27 18:51:14.501,1.96602,1.96656,1.13,2.25
2012.06.27 18:51:14.630,1.96602,1.96661,1.13,3.38
2012.06.27 18:51:14.990,1.966,1.96661,1.13,3.38
2012.06.27 18:51:16.462,1.966,1.96661,1.13,3.38
2012.06.27 18:51:16.650,1.9661,1.96662,1.13,1.88
2012.06.27 18:51:17.622,1.96592,1.96653,1.13,2.25
2012.06.27 18:51:17.751,1.96585,1.96638,1.13,1.13
2012.06.27 18:51:28.842,1.96585,1.96638,1.13,1.88
2012.06.27 18:51:33.489,1.96583,1.96628,1.13,1.13
2012.06.27 18:51:34.080,1.96583,1.96628,1.51,1.13
2012.06.27 18:51:34.151,1.96591,1.96643,1.13,1.13
2012.06.27 18:51:34.221,1.96591,1.96643,1.13,1.88
2012.06.27 18:51:38.084,1.96591,1.96643,1.13,1.88
2012.06.27 18:51:38.330,1.96579,1.96633,1.13,1.88
2012.06.27 18:51:41.464,1.9658,1.96638,1.13,1.88
2012.06.27 18:51:44.222,1.96579,1.96641,1.13,3.38
2012.06.27 18:51:44.350,1.96582,1.9664,1.13,1.88
2012.06.27 18:51:44.534,1.9658,1.9664,1.13,1.88
2012.06.27 18:51:51.918,1.96579,1.96639,1.13,1.88
2012.06.27 18:51:56.194,1.96573,1.96622,1.13,1.13
2012.06.27 18:51:58.081,1.96572,1.9662,1.13,1.13
2012.06.27 18:52:00.978,1.96572,1.96622,1.13,1.13
2012.06.27 18:52:01.050,1.96572,1.96622,1.13,1.88
2012.06.27 18:52:01.361,1.96572,1.9661,1.13,2.25
2012.06.27 18:52:01.431,1.96559,1.9661,1.13,3.38
2012.06.27 18:52:01.861,1.96547,1.96595,1.51,2.25
2012.06.27 18:52:02.422,1.96546,1.96595,1.13,2.25
2012.06.27 18:52:02.679,1.96546,1.96598,1.13,1.13
2012.06.27 18:52:04.079,1.96546,1.96598,1.51,1.13
2012.06.27 18:52:04.469,1.96554,1.96604,1.13,1.50
2012.06.27 18:52:04.540,1.96554,1.96611,1.13,1.50
2012.06.27 18:52:07.430,1.96557,1.96611,1.13,1.50
2012.06.27 18:52:12.032,1.96554,1.96611,1.13,1.50
2012.06.27 18:52:15.369,1.96554,1.96611,1.13,1.88
2012.06.27 18:52:15.710,1.96546,1.96598,1.51,1.13
2012.06.27 18:52:15.780,1.96554,1.96613,1.13,2.63
2012.06.27 18:52:16.922,1.96554,1.96613,1.13,3.38
2012.06.27 18:52:17.542,1.96548,1.96598,1.13,1.13
2012.06.27 18:52:20.750,1.96548,1.96598,1.13,1.88
2012.06.27 18:52:21.279,1.96547,1.96601,1.13,1.88
2012.06.27 18:52:21.632,1.96549,1.96603,1.13,1.50
2012.06.27 18:52:21.881,1.96532,1.96595,1.13,1.50
2012.06.27 18:52:22.011,1.96532,1.96595,1.51,1.50
2012.06.27 18:52:22.340,1.96542,1.966,1.13,1.13
2012.06.27 18:52:23.374,1.96543,1.96602,1.13,1.50
2012.06.27 18:52:29.200,1.96543,1.96602,1.13,2.25
2012.06.27 18:52:30.940,1.96543,1.96602,1.13,1.88
2012.06.27 18:52:33.054,1.96543,1.96601,1.13,1.13
2012.06.27 18:52:33.302,1.9656,1.96602,1.13,1.50
2012.06.27 18:52:33.433,1.96561,1.96609,1.13,2.25
2012.06.27 18:52:33.561,1.96561,1.96612,1.13,1.50
2012.06.27 18:52:33.951,1.96566,1.96613,1.13,1.13
2012.06.27 18:52:34.433,1.96566,1.96613,1.13,1.88
2012.06.27 18:52:34.501,1.96566,1.96613,1.13,1.13
2012.06.27 18:52:34.573,1.9657,1.96615,1.13,2.63
2012.06.27 18:52:34.640,1.9656,1.96611,1.13,1.13
2012.06.27 18:52:39.944,1.9656,1.96611,1.13,1.88
2012.06.27 18:52:40.649,1.96561,1.96612,1.13,1.88
2012.06.27 18:52:41.591,1.96561,1.96612,1.13,1.13
2012.06.27 18:52:42.317,1.9656,1.96612,1.13,1.13
2012.06.27 18:52:58.959,1.9656,1.96612,1.13,1.88
2012.06.27 18:52:59.060,1.9656,1.96612,1.13,1.13
2012.06.27 18:53:00.960,1.9656,1.96612,1.13,1.88
2012.06.27 18:53:01.489,1.9656,1.96612,1.13,1.13
2012.06.27 18:53:02.581,1.9656,1.96612,1.13,1.88
2012.06.27 18:53:08.020,1.96561,1.96612,1.13,1.88
2012.06.27 18:53:12.831,1.96561,1.96609,1.13,2.25
2012.06.27 18:53:13.021,1.96558,1.96604,1.13,1.88
2012.06.27 18:53:18.899,1.96558,1.96604,1.13,1.88
2012.06.27 18:53:19.037,1.96561,1.9661,1.13,1.88
2012.06.27 18:53:19.790,1.9656,1.96611,1.13,1.88
2012.06.27 18:53:36.030,1.96561,1.96612,1.13,1.88
2012.06.27 18:53:40.551,1.96561,1.96612,1.13,2.25
2012.06.27 18:53:40.801,1.96556,1.96601,1.13,1.13
2012.06.27 18:53:42.949,1.96556,1.96601,1.13,1.88
2012.06.27 18:53:43.021,1.96547,1.96596,3.01,1.88
2012.06.27 18:53:43.209,1.96554,1.966,1.13,1.13
2012.06.27 18:53:43.520,1.96544,1.96587,1.13,1.13
2012.06.27 18:53:43.650,1.96548,1.96595,1.13,1.88
2012.06.27 18:53:45.760,1.96548,1.96595,1.13,1.88
2012.06.27 18:53:46.010,1.96547,1.96597,1.13,1.13
2012.06.27 18:53:51.091,1.96547,1.96597,1.13,1.88
2012.06.27 18:53:51.221,1.96547,1.96597,1.13,1.13
2012.06.27 18:53:51.291,1.96547,1.96597,1.13,1.88
2012.06.27 18:53:51.361,1.96537,1.96587,1.50,1.13
2012.06.27 18:53:51.491,1.96543,1.966,1.13,1.50
2012.06.27 18:53:51.682,1.96541,1.966,1.13,2.25
2012.06.27 18:53:52.042,1.96541,1.966,1.13,1.50
2012.06.27 18:53:52.123,1.9655,1.96594,1.50,1.13
2012.06.27 18:53:52.302,1.96541,1.96594,1.50,1.88
2012.06.27 18:53:54.250,1.9654,1.96594,1.13,1.88
2012.06.27 18:53:54.340,1.9654,1.96594,1.13,1.88
2012.06.27 18:54:03.138,1.9654,1.96594,1.13,1.88
2012.06.27 18:54:04.390,1.9654,1.96594,1.13,1.88
2012.06.27 18:54:04.681,1.9654,1.96594,1.13,1.88
2012.06.27 18:54:04.882,1.9654,1.96594,1.13,2.25
2012.06.27 18:54:10.948,1.9654,1.96594,1.13,1.88
2012.06.27 18:54:12.160,1.9654,1.96594,1.13,1.88
2012.06.27 18:54:12.230,1.9654,1.96594,1.13,1.13
2012.06.27 18:54:12.322,1.9654,1.96594,1.13,1.88
2012.06.27 18:54:14.429,1.9654,1.96594,1.13,1.13
2012.06.27 18:54:15.170,1.9654,1.96594,1.13,1.88
2012.06.27 18:54:15.530,1.96534,1.96577,1.13,1.88
2012.06.27 18:54:16.310,1.96534,1.96577,1.13,1.88
2012.06.27 18:54:17.693,1.96534,1.96577,1.13,1.13
2012.06.27 18:54:17.761,1.96534,1.96577,1.13,1.88
2012.06.27 18:54:18.307,1.96534,1.96577,1.13,1.88
2012.06.27 18:54:18.379,1.96534,1.96577,1.13,1.88
2012.06.27 18:54:19.030,1.96534,1.96574,1.13,1.13
2012.06.27 18:54:19.219,1.96534,1.96577,1.13,1.13
2012.06.27 18:54:23.689,1.96534,1.96577,1.13,1.88
2012.06.27 18:54:23.924,1.96534,1.96577,1.13,1.13
2012.06.27 18:54:42.730,1.96534,1.96577,1.13,1.88
2012.06.27 18:54:43.049,1.96534,1.96577,1.13,1.88
2012.06.27 18:54:56.253,1.96534,1.96577,1.13,1.88
2012.06.27 18:54:58.625,1.96534,1.96577,1.13,1.13
2012.06.27 18:54:58.750,1.96519,1.96564,1.13,1.13
2012.06.27 18:54:59.002,1.96529,1.96575,1.13,2.25
2012.06.27 18:54:59.072,1.96527,1.96572,1.13,1.13
2012.06.27 18:54:59.310,1.96522,1.96568,1.13,1.13
2012.06.27 18:54:59.862,1.96522,1.96575,1.13,2.25
2012.06.27 18:55:03.420,1.96522,1.96575,1.13,1.88
2012.06.27 18:55:10.102,1.96518,1.96561,1.50,1.13
2012.06.27 18:55:10.172,1.96521,1.96567,1.13,1.88
2012.06.27 18:55:10.241,1.96521,1.96567,1.13,1.13
2012.06.27 18:55:10.316,1.9652,1.96566,1.13,1.88
2012.06.27 18:55:12.705,1.9652,1.96566,1.13,1.13
2012.06.27 18:55:12.831,1.96516,1.9656,1.13,1.13
2012.06.27 18:55:14.111,1.96508,1.96554,1.13,1.13
2012.06.27 18:55:14.242,1.96508,1.96554,1.88,1.13
2012.06.27 18:55:14.494,1.96531,1.96574,1.13,1.13
2012.06.27 18:55:14.635,1.96519,1.96569,1.50,1.13
2012.06.27 18:55:15.170,1.96515,1.96569,1.51,1.13
2012.06.27 18:55:15.772,1.96512,1.96566,3.01,1.13
2012.06.27 18:55:16.179,1.96512,1.96563,1.88,1.13
2012.06.27 18:55:17.421,1.96512,1.96563,1.50,1.13
2012.06.27 18:55:18.431,1.96519,1.96563,1.50,1.13
2012.06.27 18:55:19.002,1.96517,1.96563,1.50,1.13
2012.06.27 18:55:19.069,1.96511,1.96563,2.63,1.13
2012.06.27 18:55:25.349,1.96511,1.96563,3.01,1.13
2012.06.27 18:55:25.721,1.96504,1.96558,1.88,1.13
2012.06.27 18:55:25.852,1.96518,1.96562,1.13,1.13
2012.06.27 18:55:26.053,1.96518,1.96569,1.13,1.13
2012.06.27 18:55:26.793,1.96527,1.96571,1.13,1.13
2012.06.27 18:55:29.703,1.96527,1.96571,3.01,1.13
2012.06.27 18:55:29.772,1.96536,1.9659,1.13,1.13
2012.06.27 18:55:29.902,1.96537,1.9659,1.88,1.13
2012.06.27 18:55:31.570,1.96537,1.9659,1.88,1.13
2012.06.27 18:55:31.642,1.96551,1.9661,1.50,1.13
2012.06.27 18:55:33.520,1.96551,1.9661,1.88,1.13
2012.06.27 18:55:33.604,1.96551,1.9661,1.50,1.13
2012.06.27 18:55:33.672,1.96551,1.9661,1.50,1.88
2012.06.27 18:55:33.807,1.96547,1.9661,1.88,1.88
2012.06.27 18:55:33.932,1.96541,1.9661,1.88,1.88
2012.06.27 18:55:34.597,1.96541,1.9661,1.88,1.88
2012.06.27 18:55:34.722,1.96541,1.96606,1.50,1.13
2012.06.27 18:55:34.852,1.96541,1.96589,1.50,1.13
2012.06.27 18:55:35.042,1.96541,1.96601,1.51,1.13
2012.06.27 18:55:35.371,1.96552,1.96605,1.13,2.25
2012.06.27 18:55:35.623,1.96551,1.96611,1.13,1.50
2012.06.27 18:55:36.159,1.96551,1.96612,1.13,1.50
2012.06.27 18:55:36.621,1.96551,1.96612,1.13,2.25
2012.06.27 18:55:37.371,1.96551,1.9661,1.13,1.13
2012.06.27 18:55:37.562,1.96545,1.96598,1.51,1.88
2012.06.27 18:55:37.632,1.96545,1.96598,1.51,1.13
2012.06.27 18:55:37.761,1.96544,1.96595,2.26,1.13
2012.06.27 18:55:38.031,1.96561,1.96614,1.13,1.50
2012.06.27 18:55:38.552,1.96558,1.96612,1.51,1.13
2012.06.27 18:55:38.762,1.96556,1.96608,1.13,1.13
2012.06.27 18:55:39.012,1.96548,1.96602,1.51,1.13
2012.06.27 18:55:43.374,1.9655,1.96604,1.13,1.13
2012.06.27 18:55:43.828,1.96548,1.966,1.51,2.25
2012.06.27 18:55:44.806,1.96547,1.966,1.51,2.25
2012.06.27 18:55:45.285,1.96538,1.966,1.51,3.38
2012.06.27 18:55:45.362,1.96538,1.966,1.51,2.63
2012.06.27 18:55:46.350,1.9654,1.966,1.13,2.63
2012.06.27 18:55:47.130,1.96546,1.966,1.50,2.63
2012.06.27 18:55:47.322,1.96568,1.96619,1.13,1.88
2012.06.27 18:55:47.533,1.96563,1.96614,1.13,1.13
2012.06.27 18:55:47.851,1.96563,1.96614,1.51,1.13
2012.06.27 18:55:48.160,1.96545,1.96594,1.13,1.13
2012.06.27 18:55:48.230,1.96545,1.96599,1.13,1.50
2012.06.27 18:55:48.301,1.96545,1.96599,1.13,1.50
2012.06.27 18:55:48.492,1.96545,1.96594,1.13,1.13
2012.06.27 18:55:48.682,1.96526,1.96563,1.88,1.13
2012.06.27 18:55:48.810,1.96515,1.96563,1.13,1.13
2012.06.27 18:55:48.881,1.96518,1.96553,1.13,1.13
2012.06.27 18:55:49.010,1.96532,1.96581,1.13,1.50
2012.06.27 18:55:49.140,1.96532,1.96582,1.51,1.13
2012.06.27 18:55:49.270,1.96508,1.9656,1.88,1.13
2012.06.27 18:55:51.560,1.96517,1.9656,1.13,1.13
2012.06.27 18:55:51.751,1.96534,1.96576,1.13,1.50
2012.06.27 18:55:51.881,1.96534,1.96576,1.51,1.50
2012.06.27 18:55:51.951,1.96534,1.96579,1.51,1.13
2012.06.27 18:55:53.402,1.96527,1.96577,1.13,1.13
2012.06.27 18:55:53.473,1.96527,1.96577,1.13,1.13
2012.06.27 18:55:53.541,1.96537,1.96583,1.13,1.50
2012.06.27 18:55:53.985,1.96524,1.96591,1.13,1.50
2012.06.27 18:55:54.111,1.96519,1.96591,1.88,1.50
2012.06.27 18:55:54.612,1.96519,1.96591,1.88,1.50
2012.06.27 18:55:55.101,1.96525,1.96598,1.88,1.50
2012.06.27 18:55:55.654,1.96525,1.96598,2.63,1.50
2012.06.27 18:55:56.422,1.96525,1.96598,2.63,1.50
2012.06.27 18:55:56.491,1.96534,1.96598,1.13,1.50
2012.06.27 18:55:56.905,1.96534,1.966,1.13,1.50
2012.06.27 18:55:56.970,1.96534,1.96603,1.13,1.50
2012.06.27 18:55:57.564,1.96533,1.96603,1.50,2.63
2012.06.27 18:55:57.824,1.96524,1.96593,2.25,1.13
2012.06.27 18:55:58.192,1.96527,1.96593,1.13,1.13
2012.06.27 18:55:58.326,1.96533,1.96595,1.13,2.63
2012.06.27 18:55:58.402,1.96536,1.96595,1.50,2.63
2012.06.27 18:55:58.531,1.96549,1.96602,1.13,1.13
2012.06.27 18:55:58.603,1.96549,1.96602,1.13,1.88
2012.06.27 18:55:58.851,1.96507,1.96551,1.13,1.13
2012.06.27 18:55:58.923,1.96538,1.96551,1.13,1.13
2012.06.27 18:55:59.308,1.96549,1.96573,1.13,1.50
2012.06.27 18:55:59.386,1.96538,1.96589,1.13,1.13
2012.06.27 18:55:59.460,1.96549,1.96599,1.13,2.25
2012.06.27 18:55:59.771,1.96549,1.96602,1.13,1.13
2012.06.27 18:55:59.845,1.96559,1.96603,1.13,1.13
2012.06.27 18:56:00.031,1.96571,1.96616,1.13,1.13
2012.06.27 18:56:00.901,1.96559,1.96603,1.13,1.13
2012.06.27 18:56:01.431,1.96539,1.96592,1.05,1.13
2012.06.27 18:56:01.502,1.96526,1.96592,1.13,1.13
2012.06.27 18:56:01.633,1.96523,1.96592,1.13,1.13
2012.06.27 18:56:01.819,1.96522,1.9659,1.50,1.13
2012.06.27 18:56:02.605,1.96522,1.9659,1.88,1.13
2012.06.27 18:56:02.932,1.96537,1.96601,1.51,2.25
2012.06.27 18:56:03.120,1.96534,1.96594,1.13,1.13
2012.06.27 18:56:04.516,1.96534,1.96594,1.51,2.63
2012.06.27 18:56:05.393,1.96534,1.96594,1.51,2.63
2012.06.27 18:56:05.918,1.96534,1.96594,1.51,2.63
2012.06.27 18:56:06.421,1.96543,1.96594,1.51,2.25
2012.06.27 18:56:07.952,1.96533,1.96594,1.88,2.25
2012.06.27 18:56:08.343,1.96533,1.96594,1.88,1.50
2012.06.27 18:56:09.160,1.96533,1.96594,1.88,2.25
2012.06.27 18:56:10.013,1.96533,1.96594,1.88,2.25
2012.06.27 18:56:14.475,1.96534,1.96593,1.51,1.13
2012.06.27 18:56:15.536,1.96534,1.96593,1.51,1.13
2012.06.27 18:56:16.259,1.96534,1.96594,1.51,3.38
2012.06.27 18:56:17.071,1.96534,1.96594,1.51,3.38
2012.06.27 18:56:20.568,1.96544,1.96596,1.51,1.88
2012.06.27 18:56:23.619,1.96544,1.96596,1.51,1.13
2012.06.27 18:56:26.531,1.96535,1.96594,1.88,1.13
2012.06.27 18:56:31.700,1.9655,1.96601,1.13,1.13
2012.06.27 18:56:34.130,1.9655,1.96601,1.51,1.13
2012.06.27 18:56:35.524,1.96559,1.96603,1.13,1.13
2012.06.27 18:56:51.859,1.96559,1.96603,1.13,1.88
2012.06.27 18:57:00.398,1.96559,1.96603,1.13,1.13
2012.06.27 18:57:01.642,1.96559,1.96603,1.13,1.88
2012.06.27 18:57:01.711,1.96553,1.96596,1.13,1.88
2012.06.27 18:57:03.932,1.96553,1.96596,1.13,1.88
2012.06.27 18:57:06.700,1.96553,1.96596,1.13,1.88
2012.06.27 18:57:06.831,1.96559,1.96603,1.13,1.88
2012.06.27 18:57:07.141,1.96559,1.96603,1.13,1.13
2012.06.27 18:57:07.210,1.96561,1.96608,1.13,2.25
2012.06.27 18:57:10.827,1.96561,1.96614,1.13,1.50
2012.06.27 18:57:11.813,1.96561,1.96615,1.13,1.88
2012.06.27 18:57:19.679,1.96561,1.96615,1.13,3.38
2012.06.27 18:57:19.751,1.96558,1.96604,1.51,1.88
2012.06.27 18:57:30.631,1.96566,1.96609,1.13,1.13
2012.06.27 18:57:30.961,1.96571,1.96616,1.13,1.88
2012.06.27 18:57:31.479,1.96571,1.96616,1.13,1.88
2012.06.27 18:57:33.074,1.96571,1.96616,1.13,1.88
2012.06.27 18:57:34.001,1.96571,1.96616,1.13,1.88
2012.06.27 18:57:34.811,1.96571,1.96616,1.13,1.88
2012.06.27 18:57:52.812,1.96571,1.96616,1.13,1.88
2012.06.27 18:57:53.062,1.96563,1.96614,1.13,1.88
2012.06.27 18:57:56.011,1.96561,1.96613,1.50,1.13
2012.06.27 18:57:56.170,1.96561,1.96615,1.50,1.13
2012.06.27 18:57:56.240,1.96562,1.9661,1.13,1.13
2012.06.27 18:57:56.598,1.96562,1.96614,1.13,1.13
2012.06.27 18:57:56.733,1.96561,1.96606,1.50,1.13
2012.06.27 18:57:56.893,1.96562,1.96614,1.13,1.13
2012.06.27 18:57:57.233,1.96561,1.96606,1.50,1.13
2012.06.27 18:57:57.443,1.96561,1.96615,1.50,1.13
2012.06.27 18:57:57.700,1.9656,1.96607,1.50,1.13
2012.06.27 18:57:58.218,1.96561,1.96613,1.50,1.13
2012.06.27 18:57:58.552,1.96562,1.96615,1.13,1.88
2012.06.27 18:57:58.800,1.96565,1.96615,1.13,1.88
2012.06.27 18:57:58.877,1.96563,1.96614,1.13,1.13
2012.06.27 18:57:59.761,1.96571,1.96616,1.13,1.88
2012.06.27 18:57:59.857,1.96562,1.96614,1.13,1.13
2012.06.27 18:58:01.899,1.96562,1.96614,1.13,1.88
2012.06.27 18:58:02.952,1.96566,1.96615,1.13,1.88
2012.06.27 18:58:03.261,1.96571,1.96616,1.13,1.88
2012.06.27 18:58:06.452,1.96571,1.96616,1.50,1.88
2012.06.27 18:58:06.682,1.96584,1.96628,1.13,1.88
2012.06.27 18:58:06.811,1.96572,1.96615,1.13,1.88
2012.06.27 18:58:17.691,1.9657,1.96615,1.13,1.13
2012.06.27 18:58:18.712,1.96571,1.96616,1.13,1.13
2012.06.27 18:58:21.671,1.96571,1.96616,1.13,1.88
2012.06.27 18:58:22.724,1.96571,1.96616,1.13,1.13
2012.06.27 18:58:24.175,1.96571,1.96614,1.13,1.13
2012.06.27 18:58:24.496,1.96568,1.96612,1.13,1.13
2012.06.27 18:58:24.850,1.96572,1.96615,1.13,1.13
2012.06.27 18:58:26.474,1.96571,1.96614,1.13,1.13
2012.06.27 18:58:28.579,1.96571,1.96616,1.13,1.13
2012.06.27 18:58:30.801,1.96571,1.96614,1.13,1.13
2012.06.27 18:58:30.930,1.96571,1.96616,1.13,1.13
2012.06.27 18:58:31.533,1.96572,1.96616,1.50,1.13
2012.06.27 18:58:40.762,1.96578,1.96621,1.13,1.13
2012.06.27 18:58:41.071,1.96572,1.96616,2.25,1.13
2012.06.27 18:58:41.322,1.96584,1.96628,1.13,1.13
2012.06.27 18:58:42.154,1.96586,1.9664,1.13,1.13
2012.06.27 18:58:42.281,1.96584,1.96628,2.63,1.13
2012.06.27 18:58:47.360,1.96584,1.96628,1.50,1.13
2012.06.27 18:58:47.490,1.96596,1.96641,1.13,1.13
2012.06.27 18:58:51.721,1.96602,1.96645,1.13,1.13
2012.06.27 18:58:57.472,1.96607,1.96652,1.13,1.13
2012.06.27 18:58:57.601,1.96613,1.96659,1.13,1.13
2012.06.27 18:58:57.892,1.96613,1.96659,1.13,1.88
2012.06.27 18:58:58.221,1.96613,1.96652,1.13,1.50
2012.06.27 18:58:58.351,1.96601,1.96646,1.13,1.13
2012.06.27 18:58:58.860,1.96601,1.96646,1.13,1.88
2012.06.27 18:58:58.981,1.96601,1.96643,1.13,1.50
2012.06.27 18:58:59.232,1.96586,1.96634,1.13,1.50
2012.06.27 18:58:59.891,1.96586,1.96638,1.13,1.13
2012.06.27 18:59:00.953,1.96586,1.96638,1.13,1.88
2012.06.27 18:59:01.474,1.96576,1.96621,1.13,1.13
2012.06.27 18:59:06.101,1.96576,1.96621,1.51,1.13
2012.06.27 18:59:06.171,1.96583,1.96627,1.50,1.13
2012.06.27 18:59:06.543,1.96583,1.96627,1.88,1.13
2012.06.27 18:59:06.616,1.96593,1.96644,1.13,1.13
2012.06.27 18:59:08.132,1.96588,1.96632,1.51,1.13
2012.06.27 18:59:08.382,1.96582,1.96628,1.13,1.13
2012.06.27 18:59:08.452,1.96577,1.9662,1.13,1.13
2012.06.27 18:59:27.391,1.96586,1.96638,1.13,1.13
2012.06.27 18:59:27.522,1.96601,1.96643,1.13,1.88
2012.06.27 18:59:27.592,1.96601,1.96646,1.13,1.88
2012.06.27 18:59:27.721,1.96585,1.96639,1.13,1.13
2012.06.27 18:59:28.469,1.96585,1.96638,1.13,1.50
2012.06.27 18:59:30.611,1.96585,1.96638,1.13,2.25
2012.06.27 18:59:36.370,1.96585,1.96638,1.13,1.50
2012.06.27 18:59:36.440,1.96588,1.96638,1.13,1.50
2012.06.27 18:59:36.510,1.96588,1.96644,1.13,2.63
2012.06.27 18:59:36.582,1.96588,1.96644,1.13,2.25
2012.06.27 18:59:36.710,1.96585,1.96639,1.13,1.88
2012.06.27 18:59:37.272,1.96585,1.96634,1.13,1.50
2012.06.27 18:59:37.612,1.96577,1.9662,1.50,1.13
2012.06.27 18:59:38.281,1.96577,1.9662,1.13,1.13
2012.06.27 18:59:40.761,1.96577,1.96617,1.13,1.50
2012.06.27 18:59:42.701,1.96582,1.96617,1.13,1.50
2012.06.27 18:59:42.972,1.96582,1.96624,1.13,1.50
2012.06.27 18:59:43.926,1.96582,1.96624,1.13,2.25
2012.06.27 18:59:52.460,1.96582,1.96628,1.13,1.13
2012.06.27 18:59:52.610,1.96582,1.96628,1.13,1.88
2012.06.27 18:59:56.223,1.96582,1.96628,1.13,1.13
