2016.05.23 20:00:00.143,2.14044,2.14103,1.00,1.37
2016.05.23 20:00:00.660,2.14044,2.14103,1.00,1.00
2016.05.23 20:00:03.743,2.14048,2.14108,1.00,1.75
2016.05.23 20:00:04.224,2.14043,2.14099,1.50,1.00
2016.05.23 20:00:04.275,2.14046,2.14106,1.00,1.37
2016.05.23 20:00:04.326,2.14043,2.14099,1.50,1.00
2016.05.23 20:00:04.377,2.14042,2.14099,1.00,1.00
2016.05.23 20:00:04.478,2.14039,2.14099,1.00,1.00
2016.05.23 20:00:07.136,2.14045,2.14103,1.00,1.00
2016.05.23 20:00:10.946,2.1405,2.14108,1.00,1.00
2016.05.23 20:00:16.042,2.14051,2.14112,1.00,1.50
2016.05.23 20:00:16.359,2.14051,2.14112,1.00,1.50
2016.05.23 20:00:17.071,2.14051,2.14112,1.00,1.50
2016.05.23 20:00:21.723,2.14052,2.1411,1.00,1.37
2016.05.23 20:00:23.193,2.14052,2.1411,1.00,1.00
2016.05.23 20:00:23.769,2.14052,2.1411,1.00,1.37
2016.05.23 20:00:24.919,2.14048,2.14105,1.00,1.12
2016.05.23 20:00:25.192,2.14047,2.14105,1.00,1.50
2016.05.23 20:00:25.375,2.14042,2.14101,1.50,1.37
2016.05.23 20:00:25.476,2.14042,2.14101,1.50,1.12
2016.05.23 20:00:25.779,2.14042,2.14101,1.50,1.37
2016.05.23 20:00:25.930,2.14034,2.14095,2.25,1.00
2016.05.23 20:00:26.032,2.14039,2.14099,1.00,1.00
2016.05.23 20:00:29.484,2.14039,2.14099,1.00,1.37
2016.05.23 20:00:29.584,2.14039,2.14099,1.12,1.00
2016.05.23 20:00:32.057,2.14038,2.14096,1.00,1.00
2016.05.23 20:00:37.419,2.14035,2.14094,1.37,1.00
2016.05.23 20:00:37.791,2.14035,2.14094,1.00,1.75
2016.05.23 20:00:43.019,2.14033,2.14093,1.00,1.75
2016.05.23 20:00:48.384,2.14033,2.14093,1.00,1.50
2016.05.23 20:00:51.155,2.14033,2.14094,1.00,1.75
2016.05.23 20:00:51.264,2.14033,2.14094,1.00,1.75
2016.05.23 20:00:51.471,2.14033,2.14094,1.00,1.75
2016.05.23 20:00:53.574,2.1403,2.1409,1.00,1.75
2016.05.23 20:00:54.224,2.1403,2.1409,1.00,1.75
2016.05.23 20:00:54.861,2.1403,2.1409,1.00,1.75
2016.05.23 20:00:56.799,2.1403,2.1409,1.00,1.00
2016.05.23 20:01:01.000,2.14032,2.14093,1.00,1.12
2016.05.23 20:01:01.173,2.14032,2.14093,1.00,1.37
2016.05.23 20:01:01.722,2.14032,2.14093,1.00,1.50
2016.05.23 20:01:02.778,2.14032,2.14093,1.00,1.75
2016.05.23 20:01:03.081,2.14032,2.14093,1.00,1.75
2016.05.23 20:01:03.362,2.14032,2.14091,1.00,1.00
2016.05.23 20:01:03.880,2.14032,2.14093,1.00,1.75
2016.05.23 20:01:04.732,2.14032,2.14093,1.00,1.75
2016.05.23 20:01:06.488,2.14032,2.14093,1.00,1.50
2016.05.23 20:01:07.324,2.1403,2.14093,1.00,1.50
2016.05.23 20:01:07.662,2.14024,2.14084,1.00,1.00
2016.05.23 20:01:08.241,2.14024,2.14084,1.00,1.50
2016.05.23 20:01:08.794,2.14024,2.14084,1.12,1.00
2016.05.23 20:01:12.787,2.14028,2.14088,1.00,1.75
2016.05.23 20:01:12.939,2.14032,2.14094,1.00,1.00
2016.05.23 20:01:13.041,2.14032,2.14094,1.37,1.00
2016.05.23 20:01:13.092,2.14038,2.14098,1.00,1.00
2016.05.23 20:01:14.739,2.14033,2.14093,1.00,1.00
2016.05.23 20:01:18.550,2.14033,2.14093,1.37,1.00
2016.05.23 20:01:20.816,2.14033,2.14093,1.00,1.00
2016.05.23 20:01:21.118,2.14031,2.14091,1.00,1.00
2016.05.23 20:01:24.261,2.14031,2.14091,1.37,1.00
2016.05.23 20:01:25.169,2.14031,2.14091,1.00,1.12
2016.05.23 20:01:29.169,2.14031,2.14091,1.00,1.50
2016.05.23 20:01:31.029,2.14031,2.14091,1.00,1.12
2016.05.23 20:01:32.004,2.1403,2.14091,1.00,1.00
2016.05.23 20:01:32.054,2.1403,2.1409,1.00,1.37
2016.05.23 20:01:32.952,2.1403,2.1409,1.00,1.37
2016.05.23 20:01:33.053,2.1403,2.14088,1.00,1.00
2016.05.23 20:01:33.154,2.14028,2.14089,1.00,1.75
2016.05.23 20:01:33.205,2.14025,2.14083,1.00,1.12
2016.05.23 20:01:33.256,2.14025,2.1408,1.00,1.00
2016.05.23 20:01:33.357,2.14026,2.14087,1.00,1.50
2016.05.23 20:01:33.408,2.14031,2.14091,1.00,1.75
2016.05.23 20:01:34.123,2.14031,2.14091,1.00,1.75
2016.05.23 20:01:34.693,2.14031,2.14091,1.00,1.75
2016.05.23 20:01:36.872,2.14031,2.14091,1.00,1.50
2016.05.23 20:01:37.786,2.14031,2.14091,1.00,1.75
2016.05.23 20:01:39.351,2.14031,2.14091,1.00,1.37
2016.05.23 20:01:41.085,2.14031,2.14092,1.00,1.75
2016.05.23 20:01:41.186,2.14031,2.14092,1.00,1.75
2016.05.23 20:01:41.388,2.14026,2.14087,1.50,1.75
2016.05.23 20:01:42.980,2.14026,2.14087,1.00,1.75
2016.05.23 20:01:43.596,2.14026,2.14087,1.00,1.75
2016.05.23 20:01:45.919,2.14026,2.14087,1.00,1.75
2016.05.23 20:01:46.020,2.14026,2.14087,1.00,1.50
2016.05.23 20:01:46.121,2.14026,2.14087,1.00,1.75
2016.05.23 20:01:46.455,2.14026,2.14087,1.00,1.50
2016.05.23 20:01:47.006,2.14026,2.14087,1.00,1.50
2016.05.23 20:01:49.024,2.14026,2.14089,1.00,1.75
2016.05.23 20:01:49.629,2.14026,2.14089,1.00,1.75
2016.05.23 20:01:50.221,2.14026,2.14089,1.00,1.75
2016.05.23 20:01:52.770,2.14024,2.14083,1.00,1.00
2016.05.23 20:01:53.370,2.14024,2.14088,1.00,1.75
2016.05.23 20:01:54.170,2.14024,2.14088,1.00,1.75
2016.05.23 20:01:54.578,2.14024,2.14088,1.00,1.75
2016.05.23 20:01:55.629,2.14024,2.14088,1.00,1.75
2016.05.23 20:01:56.179,2.14024,2.14088,1.37,1.50
2016.05.23 20:02:00.532,2.14024,2.14088,1.00,1.75
2016.05.23 20:02:01.234,2.14022,2.14085,1.00,1.12
2016.05.23 20:02:01.285,2.14018,2.14081,1.37,1.00
2016.05.23 20:02:01.588,2.14024,2.14085,1.00,1.50
2016.05.23 20:02:01.638,2.14024,2.14085,1.00,1.50
2016.05.23 20:02:01.840,2.14028,2.14091,1.12,1.50
2016.05.23 20:02:02.591,2.14028,2.14091,1.00,1.00
2016.05.23 20:02:03.615,2.14028,2.14091,1.37,1.12
2016.05.23 20:02:04.140,2.14028,2.14091,1.37,1.00
2016.05.23 20:02:05.250,2.14028,2.14091,1.37,1.37
2016.05.23 20:02:07.234,2.14031,2.14094,1.00,1.75
2016.05.23 20:02:08.297,2.14031,2.14094,1.00,1.75
2016.05.23 20:02:08.808,2.14031,2.14094,1.00,1.75
2016.05.23 20:02:09.427,2.14031,2.14094,1.00,1.75
2016.05.23 20:02:09.528,2.14031,2.14094,1.00,1.75
2016.05.23 20:02:09.674,2.14037,2.14098,1.00,1.75
2016.05.23 20:02:09.725,2.14037,2.14098,1.00,1.50
2016.05.23 20:02:09.776,2.14037,2.14098,1.00,1.12
2016.05.23 20:02:10.894,2.1404,2.14104,1.00,1.75
2016.05.23 20:02:11.345,2.1404,2.14104,1.00,1.75
2016.05.23 20:02:11.748,2.1404,2.14104,1.00,1.75
2016.05.23 20:02:13.560,2.1404,2.14104,1.00,1.75
2016.05.23 20:02:14.059,2.1404,2.14098,1.00,1.00
2016.05.23 20:02:14.383,2.1404,2.14101,1.00,1.00
2016.05.23 20:02:14.943,2.1404,2.14104,1.00,1.75
2016.05.23 20:02:15.044,2.1404,2.14101,1.00,1.00
2016.05.23 20:02:16.317,2.14042,2.14103,1.00,1.75
2016.05.23 20:02:16.862,2.14042,2.14103,1.00,1.75
2016.05.23 20:02:17.373,2.14042,2.14103,1.00,1.75
2016.05.23 20:02:17.481,2.14042,2.14103,1.00,1.75
2016.05.23 20:02:18.029,2.14042,2.14103,1.00,1.50
2016.05.23 20:02:19.681,2.14042,2.14103,1.00,1.50
2016.05.23 20:02:21.172,2.14042,2.14103,1.00,1.50
2016.05.23 20:02:23.483,2.14042,2.14103,1.00,1.75
2016.05.23 20:02:23.534,2.14037,2.14102,1.50,1.75
2016.05.23 20:02:23.787,2.14033,2.14095,1.00,1.37
2016.05.23 20:02:24.292,2.14033,2.14095,1.00,1.75
2016.05.23 20:02:25.962,2.14033,2.14095,1.00,1.37
2016.05.23 20:02:26.263,2.14033,2.14095,1.00,1.37
2016.05.23 20:02:26.692,2.14037,2.14101,1.00,1.75
2016.05.23 20:02:27.066,2.14037,2.14101,1.00,1.12
2016.05.23 20:02:27.466,2.14037,2.14101,1.00,1.37
2016.05.23 20:02:27.767,2.14037,2.14101,1.00,1.75
2016.05.23 20:02:29.573,2.14037,2.14101,1.00,1.75
2016.05.23 20:02:29.674,2.14037,2.14101,1.00,1.75
2016.05.23 20:02:31.393,2.14037,2.14101,1.00,1.75
2016.05.23 20:02:33.577,2.14037,2.14101,1.00,1.75
2016.05.23 20:02:33.778,2.14037,2.14097,1.00,1.00
2016.05.23 20:02:34.849,2.14037,2.14101,1.00,1.75
2016.05.23 20:02:36.027,2.14036,2.141,1.00,1.75
2016.05.23 20:02:36.862,2.14036,2.141,1.00,1.75
2016.05.23 20:02:38.985,2.14036,2.141,1.00,1.75
2016.05.23 20:02:39.086,2.14036,2.141,1.00,1.75
2016.05.23 20:02:39.389,2.1403,2.14094,1.00,1.75
2016.05.23 20:02:39.989,2.1403,2.14089,1.00,1.00
2016.05.23 20:02:42.824,2.14026,2.14089,1.00,1.37
2016.05.23 20:02:42.925,2.14021,2.14083,1.37,1.00
2016.05.23 20:02:43.446,2.14021,2.14083,1.00,1.00
2016.05.23 20:02:46.707,2.14021,2.14083,1.00,1.37
2016.05.23 20:02:46.758,2.14014,2.14079,1.37,1.37
2016.05.23 20:02:47.046,2.14008,2.14073,1.00,1.37
2016.05.23 20:02:47.147,2.14008,2.14073,1.00,1.75
2016.05.23 20:02:47.199,2.14008,2.14073,1.00,1.75
2016.05.23 20:02:47.250,2.14008,2.14073,1.37,1.37
2016.05.23 20:02:47.798,2.14008,2.14073,1.75,1.00
2016.05.23 20:02:48.479,2.14008,2.14073,1.50,1.12
2016.05.23 20:02:48.938,2.14008,2.14073,1.75,1.00
2016.05.23 20:02:50.714,2.14008,2.14073,1.37,1.37
2016.05.23 20:02:50.816,2.14003,2.14067,1.37,1.75
2016.05.23 20:02:51.216,2.14003,2.14067,1.12,1.12
2016.05.23 20:02:51.764,2.14003,2.14067,1.37,1.12
2016.05.23 20:02:54.721,2.13998,2.14062,1.75,1.00
2016.05.23 20:02:54.772,2.13997,2.14062,1.75,1.37
2016.05.23 20:02:54.823,2.13997,2.14062,1.00,1.37
2016.05.23 20:02:54.874,2.13994,2.14055,1.37,1.00
2016.05.23 20:02:54.925,2.13992,2.14055,1.00,1.00
2016.05.23 20:02:58.809,2.14,2.14063,1.00,1.75
2016.05.23 20:02:58.859,2.14006,2.14064,1.37,1.12
2016.05.23 20:02:58.919,2.14006,2.14071,1.37,1.12
2016.05.23 20:02:59.020,2.14006,2.14072,1.37,1.37
2016.05.23 20:02:59.071,2.14006,2.14072,1.37,1.00
2016.05.23 20:02:59.620,2.14006,2.14072,1.37,1.00
2016.05.23 20:03:00.165,2.14006,2.14072,1.37,1.00
2016.05.23 20:03:01.940,2.14006,2.14072,1.37,1.00
2016.05.23 20:03:02.193,2.14012,2.14078,1.37,1.87
2016.05.23 20:03:02.243,2.14012,2.14078,1.50,1.12
2016.05.23 20:03:02.345,2.14012,2.14078,1.12,1.12
2016.05.23 20:03:03.222,2.14012,2.14078,1.50,1.12
2016.05.23 20:03:03.550,2.14012,2.14078,1.50,1.50
2016.05.23 20:03:03.875,2.14012,2.14078,1.12,1.75
2016.05.23 20:03:04.376,2.14012,2.14078,1.00,1.75
2016.05.23 20:03:04.477,2.14007,2.14071,1.50,1.00
2016.05.23 20:03:06.054,2.14007,2.14071,1.12,1.37
2016.05.23 20:03:12.205,2.14004,2.14069,1.75,1.12
2016.05.23 20:03:13.609,2.14004,2.14069,1.75,1.00
2016.05.23 20:03:16.411,2.14005,2.14069,1.00,1.12
2016.05.23 20:03:17.503,2.14004,2.14069,1.12,1.50
2016.05.23 20:03:18.008,2.14005,2.1407,1.12,1.75
2016.05.23 20:03:18.539,2.14005,2.1407,1.00,1.75
2016.05.23 20:03:18.990,2.14005,2.1407,1.00,1.00
2016.05.23 20:03:19.424,2.14005,2.1407,1.75,1.00
2016.05.23 20:03:21.117,2.14005,2.1407,1.50,1.37
2016.05.23 20:03:21.218,2.14005,2.1407,1.12,1.50
2016.05.23 20:03:22.724,2.14001,2.14065,1.75,1.00
2016.05.23 20:03:22.926,2.14001,2.14065,1.00,1.75
2016.05.23 20:03:23.027,2.14001,2.14065,1.00,1.00
2016.05.23 20:03:23.128,2.14001,2.14065,1.00,1.50
2016.05.23 20:03:25.125,2.14001,2.14065,1.00,1.00
2016.05.23 20:03:26.708,2.13994,2.14066,2.25,1.12
2016.05.23 20:03:26.759,2.13995,2.14059,1.75,1.00
2016.05.23 20:03:26.911,2.13995,2.14059,1.37,1.00
2016.05.23 20:03:28.182,2.13995,2.14059,1.37,1.00
2016.05.23 20:03:28.334,2.13995,2.14059,1.37,1.37
2016.05.23 20:03:28.607,2.13995,2.14059,1.37,1.00
2016.05.23 20:03:29.460,2.13995,2.14059,1.00,1.37
2016.05.23 20:03:30.133,2.13995,2.14059,1.00,1.50
2016.05.23 20:03:31.924,2.1399,2.14055,1.12,1.00
2016.05.23 20:03:33.117,2.1399,2.14055,1.50,1.00
2016.05.23 20:03:33.270,2.13996,2.1406,1.37,1.37
2016.05.23 20:03:33.320,2.13996,2.1406,1.75,1.00
2016.05.23 20:03:34.714,2.13996,2.1406,1.37,1.37
2016.05.23 20:03:35.020,2.13996,2.1406,1.00,1.37
2016.05.23 20:03:35.149,2.1399,2.14055,1.75,1.37
2016.05.23 20:03:35.250,2.1399,2.14055,1.00,1.37
2016.05.23 20:03:36.228,2.1399,2.14055,1.00,1.75
2016.05.23 20:03:36.329,2.1399,2.14055,1.00,1.00
2016.05.23 20:03:36.723,2.13992,2.14055,1.00,1.37
2016.05.23 20:03:37.130,2.1399,2.14055,1.00,1.37
2016.05.23 20:03:37.535,2.13989,2.14054,1.00,1.12
2016.05.23 20:03:38.870,2.13989,2.14054,1.37,1.37
2016.05.23 20:03:39.123,2.13989,2.14054,1.00,1.37
2016.05.23 20:03:39.428,2.13982,2.14049,1.75,1.00
2016.05.23 20:03:39.571,2.13989,2.14054,1.37,1.75
2016.05.23 20:03:39.773,2.13989,2.14054,1.50,1.00
2016.05.23 20:03:40.225,2.13989,2.14054,1.50,1.00
2016.05.23 20:03:40.974,2.13982,2.14048,2.25,1.00
2016.05.23 20:03:41.075,2.13982,2.14048,1.75,1.50
2016.05.23 20:03:41.177,2.13987,2.14054,1.50,1.75
2016.05.23 20:03:42.463,2.13987,2.14054,1.50,1.50
2016.05.23 20:03:43.135,2.13987,2.14054,1.50,1.75
2016.05.23 20:03:43.637,2.13987,2.14054,1.37,1.75
2016.05.23 20:03:43.688,2.13981,2.14049,2.25,1.12
2016.05.23 20:03:43.739,2.13988,2.14053,1.00,1.12
2016.05.23 20:03:43.790,2.13988,2.14053,1.00,1.37
2016.05.23 20:03:44.042,2.13988,2.14053,1.50,1.50
2016.05.23 20:03:44.385,2.13988,2.14053,1.50,1.50
2016.05.23 20:03:45.382,2.13982,2.14048,1.75,1.00
2016.05.23 20:03:45.433,2.13982,2.14048,1.75,1.00
2016.05.23 20:03:45.484,2.13982,2.14048,1.37,1.12
2016.05.23 20:03:45.535,2.13977,2.14042,1.75,1.00
2016.05.23 20:03:45.887,2.13977,2.14042,1.75,1.00
2016.05.23 20:03:46.688,2.13977,2.14042,1.75,1.00
2016.05.23 20:03:46.789,2.13972,2.14033,1.75,1.00
2016.05.23 20:03:46.840,2.13972,2.1404,1.75,1.37
2016.05.23 20:03:46.891,2.13972,2.14033,1.37,1.37
2016.05.23 20:03:46.992,2.13966,2.14033,1.87,1.50
2016.05.23 20:03:47.295,2.13965,2.14033,1.75,1.00
2016.05.23 20:03:47.837,2.13965,2.14033,1.75,1.00
2016.05.23 20:03:50.793,2.13959,2.14027,1.75,1.00
2016.05.23 20:03:50.844,2.13959,2.14027,1.75,1.37
2016.05.23 20:03:50.945,2.13959,2.14027,1.75,1.00
2016.05.23 20:03:50.996,2.13959,2.14027,1.75,1.00
2016.05.23 20:03:51.198,2.13968,2.14027,1.00,1.00
2016.05.23 20:03:51.300,2.13966,2.14034,1.50,1.37
2016.05.23 20:03:51.396,2.13972,2.1404,1.12,1.75
2016.05.23 20:03:51.447,2.13972,2.1404,1.37,1.37
2016.05.23 20:03:51.498,2.13977,2.14046,1.50,1.50
2016.05.23 20:03:51.549,2.13977,2.14046,1.50,1.50
2016.05.23 20:03:51.650,2.13982,2.14052,1.37,1.75
2016.05.23 20:03:51.701,2.13982,2.14052,1.12,1.75
2016.05.23 20:03:54.648,2.13982,2.14052,1.00,1.75
2016.05.23 20:03:55.740,2.13982,2.14052,1.12,1.75
2016.05.23 20:03:55.791,2.13982,2.14052,1.12,1.75
2016.05.23 20:03:58.099,2.13983,2.14055,1.00,1.75
2016.05.23 20:03:58.150,2.13987,2.14055,1.00,1.75
2016.05.23 20:03:58.753,2.13987,2.14055,1.00,1.75
2016.05.23 20:04:00.351,2.13987,2.14055,1.00,1.75
2016.05.23 20:04:00.452,2.13987,2.14055,1.37,1.75
2016.05.23 20:04:00.554,2.13987,2.14053,1.37,1.00
2016.05.23 20:04:01.254,2.13994,2.14064,1.37,1.75
2016.05.23 20:04:01.355,2.13994,2.14064,1.12,1.75
2016.05.23 20:04:01.406,2.13994,2.14064,1.37,1.50
2016.05.23 20:04:01.457,2.13994,2.14064,1.75,1.50
2016.05.23 20:04:01.616,2.13994,2.14064,1.75,1.00
2016.05.23 20:04:01.717,2.13994,2.14064,1.75,1.37
2016.05.23 20:04:02.418,2.14,2.14075,1.37,1.75
2016.05.23 20:04:02.519,2.14005,2.14076,1.75,1.75
2016.05.23 20:04:03.830,2.14005,2.14073,1.75,1.00
2016.05.23 20:04:03.931,2.14005,2.14075,1.75,1.00
2016.05.23 20:04:04.036,2.14005,2.14076,1.75,1.37
2016.05.23 20:04:04.481,2.14005,2.14076,1.37,1.75
2016.05.23 20:04:05.148,2.13998,2.14062,1.75,1.12
2016.05.23 20:04:05.198,2.13993,2.14062,1.87,1.12
2016.05.23 20:04:05.925,2.13999,2.14062,1.00,1.00
2016.05.23 20:04:06.426,2.13993,2.14062,1.87,1.00
2016.05.23 20:04:06.744,2.13993,2.14062,1.87,1.00
2016.05.23 20:04:08.012,2.14,2.14067,1.00,1.75
2016.05.23 20:04:08.332,2.14,2.14067,1.12,1.75
2016.05.23 20:04:08.860,2.14,2.14067,1.00,1.75
2016.05.23 20:04:09.141,2.14007,2.14071,1.37,1.37
2016.05.23 20:04:09.192,2.14012,2.14077,1.00,1.75
2016.05.23 20:04:09.243,2.14012,2.14077,1.12,1.50
2016.05.23 20:04:09.344,2.14012,2.14077,1.00,1.50
2016.05.23 20:04:10.338,2.14012,2.14077,1.12,1.50
2016.05.23 20:04:11.046,2.14012,2.14077,1.37,1.37
2016.05.23 20:04:11.610,2.14012,2.14077,1.75,1.00
2016.05.23 20:04:14.711,2.14015,2.14081,1.12,1.50
2016.05.23 20:04:15.146,2.14015,2.14081,1.37,1.12
2016.05.23 20:04:16.366,2.14015,2.14081,1.50,1.37
2016.05.23 20:04:16.467,2.14015,2.14081,1.12,1.75
2016.05.23 20:04:16.689,2.1402,2.14087,1.00,2.25
2016.05.23 20:04:16.790,2.1402,2.14087,1.00,1.75
2016.05.23 20:04:17.551,2.1402,2.14087,1.00,1.75
2016.05.23 20:04:18.467,2.1402,2.14087,1.00,1.75
2016.05.23 20:04:19.065,2.14027,2.14094,1.00,1.87
2016.05.23 20:04:19.267,2.14027,2.14094,1.00,1.87
2016.05.23 20:04:19.373,2.14027,2.14094,1.00,1.87
2016.05.23 20:04:20.082,2.14027,2.14094,1.00,1.75
2016.05.23 20:04:20.454,2.14027,2.14094,1.00,1.75
2016.05.23 20:04:20.855,2.14027,2.14088,1.00,1.00
2016.05.23 20:04:21.182,2.14027,2.14094,1.75,1.50
2016.05.23 20:04:21.369,2.14027,2.14094,1.50,1.00
2016.05.23 20:04:21.681,2.14022,2.14088,1.75,1.00
2016.05.23 20:04:21.731,2.14022,2.14088,1.50,1.00
2016.05.23 20:04:21.984,2.14028,2.14093,1.12,1.75
2016.05.23 20:04:22.035,2.14028,2.14093,1.12,1.37
2016.05.23 20:04:22.187,2.14028,2.14093,1.75,1.00
2016.05.23 20:04:22.674,2.14028,2.14093,1.75,1.12
2016.05.23 20:04:22.775,2.14035,2.14101,1.00,1.75
2016.05.23 20:04:22.826,2.14035,2.14099,1.00,1.00
2016.05.23 20:04:22.877,2.14035,2.14101,1.00,1.50
2016.05.23 20:04:22.978,2.14035,2.14101,1.75,1.12
2016.05.23 20:04:23.079,2.14035,2.14101,1.37,1.00
2016.05.23 20:04:23.281,2.14035,2.14101,1.75,1.00
2016.05.23 20:04:23.332,2.14046,2.1411,1.00,1.75
2016.05.23 20:04:23.434,2.14051,2.14116,1.00,1.87
2016.05.23 20:04:23.485,2.14051,2.14116,1.00,1.87
2016.05.23 20:04:24.288,2.14051,2.14116,1.37,1.00
2016.05.23 20:04:24.634,2.14051,2.14116,1.75,1.00
2016.05.23 20:04:25.139,2.14051,2.14116,1.37,1.37
2016.05.23 20:04:25.190,2.14056,2.14122,1.00,1.75
2016.05.23 20:04:27.998,2.14056,2.14122,1.00,1.75
2016.05.23 20:04:28.049,2.14056,2.14122,1.00,1.75
2016.05.23 20:04:30.535,2.14059,2.14124,1.00,1.50
2016.05.23 20:04:31.097,2.14059,2.14124,1.00,1.75
2016.05.23 20:04:33.164,2.14052,2.14117,1.75,1.00
2016.05.23 20:04:33.467,2.14046,2.1411,1.00,1.75
2016.05.23 20:04:33.518,2.14046,2.1411,1.00,1.75
2016.05.23 20:04:34.067,2.14046,2.1411,1.12,1.50
2016.05.23 20:04:34.218,2.14046,2.1411,1.00,1.75
2016.05.23 20:04:34.721,2.14046,2.1411,1.00,1.75
2016.05.23 20:04:35.022,2.14039,2.14099,1.50,1.00
2016.05.23 20:04:35.123,2.14033,2.14099,1.12,1.50
2016.05.23 20:04:36.918,2.14033,2.14099,1.00,1.12
2016.05.23 20:04:37.817,2.14033,2.14099,1.37,1.00
2016.05.23 20:04:39.335,2.14033,2.14099,1.50,1.00
2016.05.23 20:04:40.098,2.14035,2.141,1.75,1.00
2016.05.23 20:04:40.875,2.14035,2.141,1.75,1.00
2016.05.23 20:04:46.058,2.14036,2.141,1.12,1.37
2016.05.23 20:04:46.330,2.14036,2.14098,1.00,1.00
2016.05.23 20:04:46.433,2.14036,2.141,1.00,1.75
2016.05.23 20:04:51.376,2.14036,2.141,1.12,1.75
2016.05.23 20:04:52.885,2.14034,2.14099,1.50,1.00
2016.05.23 20:04:53.683,2.14034,2.14101,1.50,1.50
2016.05.23 20:04:55.262,2.14034,2.14101,1.75,1.75
2016.05.23 20:04:55.364,2.14034,2.14101,1.75,1.00
2016.05.23 20:04:57.163,2.14034,2.14101,1.50,1.75
2016.05.23 20:04:57.344,2.14034,2.14101,1.12,1.75
2016.05.23 20:04:59.494,2.14032,2.14098,1.00,1.75
2016.05.23 20:05:00.147,2.14032,2.14098,1.00,1.75
2016.05.23 20:05:00.348,2.14032,2.14098,1.12,1.75
2016.05.23 20:05:00.480,2.14032,2.14098,1.00,1.50
2016.05.23 20:05:00.783,2.14032,2.14098,1.75,1.00
2016.05.23 20:05:01.108,2.14032,2.14098,1.75,1.00
2016.05.23 20:05:01.159,2.14032,2.14098,1.75,1.00
2016.05.23 20:05:02.779,2.14032,2.14098,1.75,1.00
2016.05.23 20:05:04.083,2.14032,2.14098,2.25,1.00
2016.05.23 20:05:04.388,2.14032,2.14098,1.75,1.00
2016.05.23 20:05:06.142,2.14037,2.14101,1.75,1.00
2016.05.23 20:05:06.193,2.14037,2.14101,1.75,1.00
2016.05.23 20:05:08.270,2.14037,2.14101,1.37,1.37
2016.05.23 20:05:08.321,2.14037,2.141,1.00,1.75
2016.05.23 20:05:08.825,2.14045,2.14109,1.00,1.75
2016.05.23 20:05:08.954,2.14045,2.14109,1.37,1.75
2016.05.23 20:05:09.005,2.14045,2.14108,1.37,1.00
2016.05.23 20:05:10.803,2.14038,2.14102,1.75,1.00
2016.05.23 20:05:10.904,2.14038,2.14102,1.37,1.37
2016.05.23 20:05:11.218,2.14047,2.14111,1.37,1.37
2016.05.23 20:05:11.269,2.14039,2.14105,1.75,1.00
2016.05.23 20:05:11.320,2.14039,2.14105,1.75,1.00
2016.05.23 20:05:11.630,2.14045,2.1411,1.75,1.37
2016.05.23 20:05:11.681,2.14045,2.1411,1.50,1.50
2016.05.23 20:05:12.074,2.14052,2.14115,1.00,1.37
2016.05.23 20:05:12.125,2.14052,2.14115,1.37,1.37
2016.05.23 20:05:12.176,2.14052,2.14115,1.75,1.37
2016.05.23 20:05:12.429,2.14052,2.14115,1.37,1.00
2016.05.23 20:05:12.479,2.14052,2.14115,1.75,1.00
2016.05.23 20:05:12.812,2.14061,2.14124,1.37,1.75
2016.05.23 20:05:12.913,2.14052,2.14131,2.25,1.75
2016.05.23 20:05:13.014,2.14058,2.14134,1.37,1.75
2016.05.23 20:05:13.216,2.14072,2.14152,1.75,1.87
2016.05.23 20:05:13.267,2.14072,2.14152,1.75,1.87
2016.05.23 20:05:13.368,2.14077,2.14152,1.75,1.12
2016.05.23 20:05:13.419,2.1409,2.14152,1.37,1.00
2016.05.23 20:05:13.621,2.14091,2.14167,1.75,1.12
2016.05.23 20:05:13.671,2.14091,2.14168,1.75,1.12
2016.05.23 20:05:13.776,2.14092,2.14174,1.75,1.87
2016.05.23 20:05:14.079,2.14092,2.1418,2.25,1.12
2016.05.23 20:05:14.181,2.14092,2.1418,3.00,1.12
2016.05.23 20:05:14.530,2.14092,2.14174,2.25,1.75
2016.05.23 20:05:14.862,2.14092,2.1418,2.25,1.12
2016.05.23 20:05:15.163,2.14096,2.1418,1.75,1.12
2016.05.23 20:05:15.314,2.141,2.1418,1.75,1.12
2016.05.23 20:05:15.520,2.14102,2.14188,1.75,1.75
2016.05.23 20:05:16.818,2.14105,2.14188,1.75,1.75
2016.05.23 20:05:17.176,2.14108,2.14188,1.75,1.75
2016.05.23 20:05:17.521,2.14105,2.14188,1.75,1.75
2016.05.23 20:05:17.829,2.14116,2.14188,1.00,1.75
2016.05.23 20:05:18.924,2.14105,2.14188,1.75,1.75
2016.05.23 20:05:18.994,2.14109,2.14192,1.75,1.75
2016.05.23 20:05:19.046,2.14117,2.14193,1.75,1.75
2016.05.23 20:05:19.147,2.14114,2.14199,1.75,1.87
2016.05.23 20:05:19.198,2.14114,2.14199,1.75,1.12
2016.05.23 20:05:19.299,2.14116,2.14205,1.75,1.75
2016.05.23 20:05:19.400,2.14118,2.14205,1.75,1.75
2016.05.23 20:05:19.753,2.14119,2.14196,1.75,1.00
2016.05.23 20:05:20.005,2.14116,2.14205,1.75,1.75
2016.05.23 20:05:20.056,2.14111,2.14196,1.75,1.12
2016.05.23 20:05:20.107,2.14111,2.14196,1.75,1.12
2016.05.23 20:05:20.157,2.14117,2.14196,1.37,1.12
2016.05.23 20:05:20.208,2.14117,2.14196,1.75,1.12
2016.05.23 20:05:20.259,2.14117,2.14195,1.37,1.75
2016.05.23 20:05:20.310,2.14117,2.14195,1.00,1.75
2016.05.23 20:05:20.371,2.14104,2.1419,1.75,1.75
2016.05.23 20:05:20.423,2.14104,2.14183,1.75,1.87
2016.05.23 20:05:20.633,2.14104,2.14183,1.75,1.87
2016.05.23 20:05:20.943,2.14105,2.14189,1.75,1.75
2016.05.23 20:05:21.044,2.14113,2.14197,1.37,1.87
2016.05.23 20:05:21.095,2.14113,2.14197,1.75,1.87
2016.05.23 20:05:21.146,2.14113,2.14183,1.75,1.00
2016.05.23 20:05:21.247,2.14113,2.14197,1.75,1.87
2016.05.23 20:05:21.348,2.14112,2.14194,1.75,1.75
2016.05.23 20:05:21.540,2.14106,2.14191,1.75,2.25
2016.05.23 20:05:21.743,2.1411,2.14186,1.00,1.12
2016.05.23 20:05:22.085,2.14101,2.14186,1.75,1.87
2016.05.23 20:05:22.393,2.14098,2.14178,1.75,1.75
2016.05.23 20:05:22.586,2.14098,2.14179,1.75,1.75
2016.05.23 20:05:22.937,2.14098,2.14172,1.75,1.00
2016.05.23 20:05:23.886,2.14099,2.14186,1.75,2.62
2016.05.23 20:05:24.946,2.1411,2.14181,1.00,1.75
2016.05.23 20:05:25.241,2.14098,2.14181,1.75,1.75
2016.05.23 20:05:27.344,2.14108,2.14178,1.00,2.25
2016.05.23 20:05:27.445,2.14094,2.14167,2.25,1.00
2016.05.23 20:05:27.546,2.14095,2.14179,2.25,1.75
2016.05.23 20:05:28.146,2.14095,2.14178,2.25,1.75
2016.05.23 20:05:28.652,2.14096,2.14178,1.75,1.75
2016.05.23 20:05:28.990,2.14096,2.1417,1.75,1.00
2016.05.23 20:05:29.260,2.14096,2.14179,1.75,1.75
2016.05.23 20:05:29.311,2.14096,2.14178,1.75,1.75
2016.05.23 20:05:29.362,2.14096,2.14178,1.75,1.75
2016.05.23 20:05:32.453,2.14097,2.14183,1.75,1.75
2016.05.23 20:05:32.996,2.14099,2.14183,1.75,1.75
2016.05.23 20:05:36.801,2.14112,2.14175,1.00,1.37
2016.05.23 20:05:37.314,2.14112,2.14175,1.00,1.12
2016.05.23 20:05:37.759,2.14105,2.1417,1.75,1.00
2016.05.23 20:05:37.961,2.14077,2.14158,1.87,1.75
2016.05.23 20:05:38.063,2.14075,2.14158,2.25,1.75
2016.05.23 20:05:38.322,2.14075,2.14161,2.25,1.75
2016.05.23 20:05:38.380,2.14075,2.14161,2.25,1.75
2016.05.23 20:05:38.482,2.14082,2.14166,1.75,1.75
2016.05.23 20:05:38.533,2.14082,2.14166,1.75,1.75
2016.05.23 20:05:38.584,2.14082,2.14166,1.75,1.75
2016.05.23 20:05:38.915,2.14083,2.14173,1.75,2.25
2016.05.23 20:05:39.168,2.14087,2.14173,1.75,1.75
2016.05.23 20:05:39.412,2.141,2.14173,1.00,1.75
2016.05.23 20:05:42.472,2.14085,2.14173,1.75,1.75
2016.05.23 20:05:43.094,2.14084,2.14173,1.75,1.75
2016.05.23 20:05:43.195,2.14085,2.14173,1.75,2.25
2016.05.23 20:05:43.731,2.14088,2.14173,1.75,1.75
2016.05.23 20:05:44.267,2.14088,2.14174,1.75,1.87
2016.05.23 20:05:44.401,2.14103,2.14174,1.00,1.87
2016.05.23 20:05:45.904,2.14088,2.14173,1.75,1.75
2016.05.23 20:05:46.529,2.14091,2.14174,1.75,1.87
2016.05.23 20:05:47.405,2.14091,2.14174,1.75,1.87
2016.05.23 20:05:48.506,2.14105,2.14173,1.00,1.75
2016.05.23 20:05:49.622,2.14089,2.14163,1.75,1.00
2016.05.23 20:05:50.108,2.14095,2.14174,1.75,1.87
2016.05.23 20:05:51.709,2.14095,2.14174,1.75,1.87
2016.05.23 20:05:51.810,2.14093,2.14174,1.75,1.87
2016.05.23 20:05:51.861,2.14093,2.14173,1.75,1.75
2016.05.23 20:05:52.210,2.14086,2.14173,2.25,1.75
2016.05.23 20:05:52.261,2.14095,2.14173,1.75,1.75
2016.05.23 20:05:53.628,2.14095,2.14173,1.75,1.75
2016.05.23 20:05:56.872,2.14095,2.1418,1.75,1.75
2016.05.23 20:05:56.978,2.14095,2.1418,1.37,1.75
2016.05.23 20:05:57.791,2.14107,2.1417,1.00,1.75
2016.05.23 20:05:59.342,2.14107,2.1417,1.00,1.75
2016.05.23 20:05:59.393,2.14107,2.1417,1.00,1.75
2016.05.23 20:06:01.482,2.14107,2.1417,1.00,1.75
2016.05.23 20:06:01.809,2.14107,2.1417,1.00,2.25
2016.05.23 20:06:02.331,2.14088,2.14151,1.75,1.00
2016.05.23 20:06:02.383,2.14086,2.14146,1.37,1.37
2016.05.23 20:06:02.484,2.14081,2.14146,1.00,1.75
2016.05.23 20:06:03.395,2.14081,2.14146,1.00,1.75
2016.05.23 20:06:03.699,2.14076,2.14135,1.00,1.00
2016.05.23 20:06:03.805,2.14076,2.1414,1.00,1.75
2016.05.23 20:06:03.985,2.14076,2.1414,1.00,1.75
2016.05.23 20:06:04.087,2.14076,2.1414,1.00,1.75
2016.05.23 20:06:07.106,2.14076,2.1414,1.00,1.37
2016.05.23 20:06:07.207,2.14076,2.1414,1.00,1.75
2016.05.23 20:06:07.308,2.14076,2.1414,1.12,1.12
2016.05.23 20:06:10.646,2.1408,2.14145,1.00,1.75
2016.05.23 20:06:10.992,2.14075,2.14138,1.00,1.50
2016.05.23 20:06:11.317,2.14075,2.14138,1.00,1.75
2016.05.23 20:06:11.971,2.14075,2.14135,1.00,1.00
2016.05.23 20:06:14.022,2.14069,2.14132,1.50,1.00
2016.05.23 20:06:16.398,2.14069,2.14132,1.75,1.00
2016.05.23 20:06:19.342,2.1407,2.14133,1.37,1.00
2016.05.23 20:06:19.393,2.1407,2.14133,1.75,1.00
2016.05.23 20:06:19.695,2.14076,2.1414,1.00,1.75
2016.05.23 20:06:22.204,2.14076,2.1414,1.00,1.75
2016.05.23 20:06:22.715,2.14076,2.1414,1.37,1.50
2016.05.23 20:06:22.816,2.14076,2.1414,1.75,1.12
2016.05.23 20:06:23.040,2.14076,2.1414,1.37,1.37
2016.05.23 20:06:25.731,2.14078,2.14142,1.00,1.75
2016.05.23 20:06:26.055,2.14078,2.14142,1.00,1.75
2016.05.23 20:06:26.341,2.14078,2.14142,1.75,1.50
2016.05.23 20:06:26.544,2.14078,2.14142,1.37,1.75
2016.05.23 20:06:26.645,2.14078,2.14142,1.00,1.75
2016.05.23 20:06:29.113,2.14078,2.14142,1.00,1.75
2016.05.23 20:06:29.264,2.14072,2.14136,1.37,1.50
2016.05.23 20:06:29.546,2.14072,2.14136,1.00,1.75
2016.05.23 20:06:29.597,2.14066,2.1413,1.00,1.75
2016.05.23 20:06:32.918,2.14066,2.14127,1.00,1.00
2016.05.23 20:06:35.133,2.14066,2.1413,1.12,1.75
2016.05.23 20:06:38.638,2.14066,2.1413,1.37,1.12
2016.05.23 20:06:38.739,2.14068,2.14134,1.12,1.75
2016.05.23 20:06:38.838,2.14068,2.14134,1.37,1.75
2016.05.23 20:06:39.360,2.14069,2.14134,1.00,1.75
2016.05.23 20:06:46.292,2.14068,2.14134,1.75,1.75
2016.05.23 20:06:50.350,2.14068,2.14134,1.75,1.37
2016.05.23 20:06:50.451,2.14074,2.14138,1.75,1.00
2016.05.23 20:07:00.329,2.14074,2.1414,1.75,1.50
2016.05.23 20:07:01.371,2.14074,2.1414,1.75,1.37
2016.05.23 20:07:01.877,2.14074,2.1414,1.75,1.00
2016.05.23 20:07:06.220,2.14074,2.1414,1.75,1.00
2016.05.23 20:07:07.201,2.14074,2.14138,1.75,1.00
2016.05.23 20:07:07.481,2.14074,2.14138,1.75,1.00
2016.05.23 20:07:11.800,2.14074,2.14138,1.75,1.00
2016.05.23 20:07:14.111,2.14071,2.14137,1.75,1.00
2016.05.23 20:07:15.330,2.14071,2.14137,1.75,1.00
2016.05.23 20:07:15.862,2.14071,2.14137,1.75,1.00
2016.05.23 20:07:16.643,2.14071,2.14137,1.75,1.00
2016.05.23 20:07:17.233,2.14071,2.14137,1.75,1.12
2016.05.23 20:07:17.578,2.14071,2.14137,1.75,1.00
2016.05.23 20:07:20.925,2.14075,2.14141,1.75,1.75
2016.05.23 20:07:22.438,2.14075,2.14141,1.75,1.50
2016.05.23 20:07:23.049,2.14075,2.14141,1.75,1.12
2016.05.23 20:07:23.687,2.14075,2.14141,1.75,1.50
2016.05.23 20:07:23.975,2.14075,2.14141,1.37,1.50
2016.05.23 20:07:26.344,2.14075,2.14141,1.12,1.50
2016.05.23 20:07:27.932,2.14078,2.14144,1.00,1.75
2016.05.23 20:07:28.354,2.14084,2.1415,1.00,2.62
2016.05.23 20:07:30.550,2.14084,2.14144,1.00,1.00
2016.05.23 20:07:31.381,2.14084,2.14145,1.37,1.00
2016.05.23 20:07:35.478,2.14084,2.1415,1.75,1.37
2016.05.23 20:07:36.257,2.14086,2.1415,1.00,1.37
2016.05.23 20:07:38.133,2.14084,2.1415,1.75,1.75
2016.05.23 20:07:38.183,2.14084,2.1415,1.75,1.75
2016.05.23 20:07:40.637,2.14087,2.1415,1.37,1.75
2016.05.23 20:07:40.952,2.14087,2.1415,1.00,1.75
2016.05.23 20:07:43.666,2.14087,2.1415,1.00,1.75
2016.05.23 20:07:46.598,2.14087,2.1415,1.00,1.75
2016.05.23 20:07:46.775,2.14084,2.1415,1.37,1.75
2016.05.23 20:07:46.826,2.14084,2.1415,1.12,1.75
2016.05.23 20:07:47.579,2.14084,2.14141,1.37,1.00
2016.05.23 20:07:47.977,2.14084,2.1415,1.75,1.75
2016.05.23 20:07:50.622,2.14084,2.1415,1.75,1.75
2016.05.23 20:07:51.385,2.14091,2.14154,1.00,1.75
2016.05.23 20:07:53.393,2.14091,2.14154,1.75,1.37
2016.05.23 20:07:53.494,2.14097,2.14157,1.12,1.75
2016.05.23 20:07:54.948,2.14097,2.1416,1.00,1.75
2016.05.23 20:07:55.942,2.14097,2.1416,1.12,1.75
2016.05.23 20:07:58.627,2.14097,2.1416,1.00,1.75
2016.05.23 20:07:59.479,2.14096,2.14162,1.12,1.75
2016.05.23 20:07:59.944,2.14098,2.14161,1.12,1.75
2016.05.23 20:08:00.446,2.14098,2.14161,1.37,1.75
2016.05.23 20:08:00.952,2.14098,2.14161,1.00,1.75
2016.05.23 20:08:05.339,2.14098,2.14161,1.00,1.75
2016.05.23 20:08:05.881,2.14098,2.14161,1.00,1.75
2016.05.23 20:08:07.142,2.14098,2.14161,1.37,1.75
2016.05.23 20:08:08.588,2.14098,2.14161,1.75,1.75
2016.05.23 20:08:08.672,2.14101,2.14161,1.00,1.75
2016.05.23 20:08:09.046,2.14098,2.14161,1.75,1.75
2016.05.23 20:08:09.590,2.14099,2.14161,1.75,1.75
2016.05.23 20:08:10.164,2.14099,2.14161,1.75,1.75
2016.05.23 20:08:17.083,2.14099,2.14156,1.75,1.00
2016.05.23 20:08:17.185,2.14099,2.14161,1.75,1.75
2016.05.23 20:08:18.074,2.14099,2.14161,1.75,1.75
2016.05.23 20:08:18.824,2.14098,2.1416,1.75,1.75
2016.05.23 20:08:26.600,2.14096,2.14161,1.75,1.75
2016.05.23 20:08:26.660,2.14096,2.14161,1.37,1.37
2016.05.23 20:08:26.711,2.14096,2.14161,1.37,1.37
2016.05.23 20:08:26.998,2.14096,2.14161,1.75,1.75
2016.05.23 20:08:27.399,2.14096,2.14161,1.37,1.75
2016.05.23 20:08:27.801,2.14096,2.14161,1.37,1.75
2016.05.23 20:08:27.852,2.14096,2.14161,1.75,1.75
2016.05.23 20:08:28.927,2.14096,2.14161,1.75,1.75
2016.05.23 20:08:31.504,2.14098,2.14161,1.00,1.75
2016.05.23 20:08:32.253,2.14084,2.14112,1.37,1.00
2016.05.23 20:08:32.354,2.1406,2.14105,1.00,1.00
2016.05.23 20:08:32.456,2.14035,2.14098,1.00,1.75
2016.05.23 20:08:32.506,2.14035,2.14098,1.00,1.75
2016.05.23 20:08:32.808,2.14035,2.14098,1.00,1.75
2016.05.23 20:08:32.958,2.14031,2.14093,1.00,1.75
2016.05.23 20:08:33.009,2.14026,2.14088,1.00,1.75
2016.05.23 20:08:33.567,2.14015,2.14079,1.75,1.00
2016.05.23 20:08:33.618,2.14008,2.1407,1.75,1.37
2016.05.23 20:08:33.669,2.14003,2.14065,1.75,1.00
2016.05.23 20:08:33.720,2.13998,2.14059,1.37,1.37
2016.05.23 20:08:33.771,2.13998,2.14059,1.00,1.75
2016.05.23 20:08:42.319,2.13998,2.14059,1.00,1.75
2016.05.23 20:08:43.335,2.13998,2.14059,1.00,1.37
2016.05.23 20:08:43.929,2.14,2.14063,1.00,1.75
2016.05.23 20:08:44.030,2.14,2.14055,1.00,1.00
2016.05.23 20:08:49.240,2.13998,2.14062,1.00,1.75
2016.05.23 20:08:53.067,2.13998,2.14062,1.12,1.75
2016.05.23 20:08:53.633,2.13998,2.14062,1.00,1.75
2016.05.23 20:08:54.036,2.13998,2.14062,1.00,1.75
2016.05.23 20:08:54.539,2.13997,2.14054,1.00,1.00
2016.05.23 20:08:55.062,2.13997,2.14061,1.00,1.75
2016.05.23 20:08:56.141,2.13997,2.14061,1.37,1.75
2016.05.23 20:08:57.442,2.13997,2.14055,1.50,1.00
2016.05.23 20:08:58.052,2.14005,2.14067,1.00,1.75
2016.05.23 20:08:58.204,2.14025,2.14084,1.75,1.00
2016.05.23 20:08:58.255,2.14025,2.14084,1.75,1.00
2016.05.23 20:08:58.406,2.1402,2.14084,1.75,1.75
2016.05.23 20:08:58.674,2.1402,2.14084,1.75,1.50
2016.05.23 20:08:58.996,2.14028,2.14089,1.75,1.00
2016.05.23 20:09:04.784,2.14027,2.14093,1.75,1.00
2016.05.23 20:09:04.986,2.14029,2.14093,1.75,1.12
2016.05.23 20:09:11.497,2.14029,2.14093,1.75,1.37
2016.05.23 20:09:15.927,2.1403,2.14094,1.75,1.37
2016.05.23 20:09:16.029,2.14025,2.14089,1.75,1.00
2016.05.23 20:09:16.407,2.14025,2.14089,1.75,1.37
2016.05.23 20:09:17.408,2.14025,2.14089,1.75,1.75
2016.05.23 20:09:23.315,2.14025,2.14089,1.75,1.50
2016.05.23 20:09:23.416,2.14028,2.14088,1.00,1.75
2016.05.23 20:09:24.017,2.14025,2.14088,1.50,1.75
2016.05.23 20:09:24.537,2.14021,2.14083,1.75,1.50
2016.05.23 20:09:25.319,2.14021,2.14083,1.37,1.12
2016.05.23 20:09:25.470,2.14021,2.14083,1.00,1.37
2016.05.23 20:09:26.621,2.14021,2.14083,1.00,1.00
2016.05.23 20:09:38.837,2.14016,2.1408,1.37,1.00
2016.05.23 20:09:39.481,2.14016,2.1408,1.12,1.00
2016.05.23 20:09:45.225,2.14015,2.14078,1.37,1.00
2016.05.23 20:09:46.160,2.14015,2.14078,1.12,1.00
2016.05.23 20:09:46.661,2.14015,2.14078,1.37,1.00
2016.05.23 20:09:48.864,2.14015,2.14078,1.50,1.00
2016.05.23 20:09:49.022,2.14015,2.14078,1.12,1.00
2016.05.23 20:09:50.230,2.14012,2.14074,1.75,1.00
2016.05.23 20:09:51.768,2.14012,2.14074,1.75,1.00
2016.05.23 20:09:56.975,2.14012,2.14074,1.75,1.00
2016.05.23 20:09:59.898,2.14012,2.14074,1.75,1.00
2016.05.23 20:10:00.513,2.14012,2.14074,1.37,1.37
2016.05.23 20:10:00.824,2.14012,2.14068,1.00,1.00
2016.05.23 20:10:06.253,2.14012,2.14071,1.00,1.00
2016.05.23 20:10:13.941,2.14012,2.14075,1.00,1.50
2016.05.23 20:10:15.847,2.14012,2.14075,1.00,1.50
2016.05.23 20:10:16.622,2.14012,2.14075,1.00,1.37
2016.05.23 20:10:19.379,2.14012,2.14075,1.00,1.75
2016.05.23 20:10:21.136,2.14012,2.14074,1.00,1.75
2016.05.23 20:10:31.943,2.14012,2.14072,1.00,1.00
2016.05.23 20:10:32.566,2.14012,2.14074,1.00,1.37
2016.05.23 20:10:32.879,2.14014,2.14078,1.00,1.75
2016.05.23 20:10:33.650,2.14014,2.14078,1.00,1.75
2016.05.23 20:10:36.133,2.14014,2.14076,1.00,1.00
2016.05.23 20:10:37.434,2.14014,2.14077,1.00,1.00
2016.05.23 20:10:38.035,2.14014,2.14078,1.00,1.37
2016.05.23 20:10:39.168,2.14016,2.14077,1.00,1.00
2016.05.23 20:10:39.269,2.14016,2.14083,1.00,1.75
2016.05.23 20:10:41.949,2.14016,2.14083,1.00,1.75
2016.05.23 20:10:42.000,2.14011,2.14075,1.00,1.50
2016.05.23 20:10:42.152,2.1401,2.14075,1.00,1.12
2016.05.23 20:10:43.451,2.1401,2.14075,1.37,1.00
2016.05.23 20:10:43.960,2.1401,2.14075,1.50,1.00
2016.05.23 20:10:47.683,2.14016,2.14081,1.00,1.37
2016.05.23 20:10:50.060,2.14016,2.14081,1.00,1.37
2016.05.23 20:10:50.611,2.14016,2.14081,1.00,1.75
2016.05.23 20:10:51.991,2.14016,2.14081,1.00,1.75
2016.05.23 20:10:52.093,2.14016,2.14081,1.00,1.75
2016.05.23 20:10:52.743,2.14008,2.14073,1.75,1.00
2016.05.23 20:10:52.794,2.14008,2.14073,1.00,1.75
2016.05.23 20:10:52.945,2.14003,2.14067,1.00,1.75
2016.05.23 20:10:57.783,2.14003,2.14067,1.00,1.75
2016.05.23 20:10:58.784,2.14003,2.14067,1.00,1.75
2016.05.23 20:10:59.084,2.14003,2.14067,1.00,1.75
2016.05.23 20:10:59.135,2.13998,2.14065,1.00,1.75
2016.05.23 20:11:00.487,2.13998,2.14065,1.00,1.75
2016.05.23 20:11:03.091,2.13998,2.14062,1.00,1.00
2016.05.23 20:11:03.892,2.13998,2.14065,1.00,1.75
2016.05.23 20:11:07.009,2.13999,2.14066,1.00,1.75
2016.05.23 20:11:07.212,2.13999,2.14066,1.00,1.75
2016.05.23 20:11:07.714,2.13999,2.14066,1.00,1.75
2016.05.23 20:11:07.815,2.13999,2.14062,1.00,1.00
2016.05.23 20:11:08.919,2.13999,2.14066,1.00,1.50
2016.05.23 20:11:09.020,2.13999,2.14066,1.00,1.50
2016.05.23 20:11:12.689,2.14002,2.14068,1.00,1.75
2016.05.23 20:11:13.624,2.14002,2.14068,1.00,1.50
2016.05.23 20:11:13.944,2.14002,2.14068,1.00,1.75
2016.05.23 20:11:14.222,2.13995,2.14062,1.37,1.12
2016.05.23 20:11:14.617,2.13995,2.14062,1.00,1.50
2016.05.23 20:11:15.135,2.13995,2.14062,1.00,1.50
2016.05.23 20:11:15.972,2.13995,2.14062,1.00,1.50
2016.05.23 20:11:16.073,2.13995,2.14062,1.75,1.00
2016.05.23 20:11:16.387,2.14002,2.14062,1.12,1.00
2016.05.23 20:11:16.476,2.14002,2.14068,1.75,1.00
2016.05.23 20:11:16.578,2.14002,2.14068,1.75,1.00
2016.05.23 20:11:16.679,2.14002,2.14068,1.50,1.00
2016.05.23 20:11:17.339,2.14002,2.14068,1.37,1.00
2016.05.23 20:11:19.906,2.14002,2.14068,1.12,1.00
2016.05.23 20:11:20.363,2.14002,2.14068,1.37,1.00
2016.05.23 20:11:22.274,2.14003,2.14068,1.37,1.00
2016.05.23 20:11:22.527,2.14022,2.14087,1.00,1.12
2016.05.23 20:11:22.678,2.14022,2.14087,1.00,1.37
2016.05.23 20:11:23.014,2.14022,2.14087,1.00,1.12
2016.05.23 20:11:27.611,2.14022,2.14087,1.00,1.50
2016.05.23 20:11:29.609,2.14021,2.14086,1.00,1.37
2016.05.23 20:11:29.940,2.14021,2.14086,1.00,1.75
2016.05.23 20:11:30.142,2.14014,2.14082,1.00,1.50
2016.05.23 20:11:30.324,2.14014,2.14082,1.00,1.50
2016.05.23 20:11:30.832,2.14014,2.14082,1.00,1.75
2016.05.23 20:11:32.728,2.14014,2.14082,1.00,1.75
2016.05.23 20:11:32.829,2.14014,2.14082,1.50,1.12
2016.05.23 20:11:35.177,2.14012,2.14077,2.25,1.00
2016.05.23 20:11:35.228,2.14012,2.14077,1.50,1.00
2016.05.23 20:11:35.279,2.14007,2.14071,1.75,1.00
2016.05.23 20:11:35.330,2.14006,2.14071,1.00,1.00
2016.05.23 20:11:35.679,2.14002,2.14066,1.50,1.00
2016.05.23 20:11:38.593,2.14002,2.14066,1.12,1.00
2016.05.23 20:11:39.494,2.14002,2.14066,1.37,1.00
2016.05.23 20:11:39.795,2.14,2.14066,1.75,1.00
2016.05.23 20:11:40.095,2.14,2.14066,1.75,1.00
2016.05.23 20:11:40.793,2.14002,2.14066,1.50,1.00
2016.05.23 20:11:42.434,2.14002,2.14066,1.50,1.00
2016.05.23 20:11:45.962,2.14002,2.14067,1.37,1.00
2016.05.23 20:11:46.013,2.14001,2.14067,2.25,1.00
2016.05.23 20:11:46.316,2.14001,2.14067,2.25,1.00
2016.05.23 20:11:47.257,2.14001,2.14067,2.25,1.00
2016.05.23 20:11:47.777,2.14001,2.14067,2.25,1.00
2016.05.23 20:11:47.905,2.14003,2.14067,1.00,1.00
2016.05.23 20:11:48.608,2.14001,2.14067,2.25,1.00
2016.05.23 20:11:50.109,2.14001,2.14067,2.25,1.00
2016.05.23 20:11:51.012,2.14001,2.14067,1.37,1.00
2016.05.23 20:11:51.113,2.14001,2.14067,1.37,1.00
2016.05.23 20:11:52.715,2.14002,2.14067,1.37,1.00
2016.05.23 20:11:53.945,2.14002,2.14067,1.12,1.00
2016.05.23 20:11:54.613,2.14002,2.14043,1.12,1.00
2016.05.23 20:11:54.867,2.13937,2.14005,1.00,1.00
2016.05.23 20:11:55.311,2.13932,2.13998,1.50,1.00
2016.05.23 20:11:56.121,2.13932,2.13998,1.50,1.37
2016.05.23 20:11:56.822,2.13932,2.13998,1.50,1.50
2016.05.23 20:11:57.129,2.13932,2.13998,2.25,1.00
2016.05.23 20:11:59.325,2.13932,2.13998,2.25,1.00
2016.05.23 20:12:00.126,2.13932,2.13998,2.25,1.00
2016.05.23 20:12:00.177,2.13938,2.14006,1.50,1.37
2016.05.23 20:12:00.228,2.13938,2.14006,1.50,1.00
2016.05.23 20:12:00.279,2.13944,2.14012,1.37,1.50
2016.05.23 20:12:00.380,2.13944,2.14012,1.12,1.75
2016.05.23 20:12:00.431,2.13944,2.14011,1.00,1.00
2016.05.23 20:12:05.632,2.13942,2.1401,1.87,1.00
2016.05.23 20:12:05.839,2.13942,2.1401,1.87,1.00
2016.05.23 20:12:06.441,2.13942,2.1401,2.25,1.37
2016.05.23 20:12:07.637,2.13942,2.1401,2.25,1.37
2016.05.23 20:12:08.876,2.13942,2.1401,1.87,1.75
2016.05.23 20:12:10.140,2.13942,2.14009,1.87,1.00
2016.05.23 20:12:10.440,2.13942,2.1401,1.87,1.12
2016.05.23 20:12:11.442,2.13942,2.1401,2.25,1.12
2016.05.23 20:12:12.786,2.13942,2.14008,1.75,1.00
2016.05.23 20:12:15.473,2.13942,2.14008,1.75,1.00
2016.05.23 20:12:16.611,2.13942,2.14008,1.37,1.00
2016.05.23 20:12:18.576,2.13942,2.14008,1.00,1.00
2016.05.23 20:12:19.402,2.13941,2.14008,1.87,1.00
2016.05.23 20:12:19.477,2.13941,2.14008,1.87,1.00
2016.05.23 20:12:19.978,2.13942,2.14009,1.12,1.00
2016.05.23 20:12:23.081,2.13942,2.14009,1.12,1.37
2016.05.23 20:12:23.683,2.13946,2.14015,1.00,1.75
2016.05.23 20:12:23.734,2.13946,2.14015,1.00,1.50
2016.05.23 20:12:23.785,2.13946,2.14015,1.00,1.50
2016.05.23 20:12:23.836,2.13941,2.14008,1.87,1.00
2016.05.23 20:12:23.886,2.13941,2.14008,1.87,1.37
2016.05.23 20:12:31.244,2.13942,2.14008,1.00,1.12
2016.05.23 20:12:36.945,2.13941,2.14008,1.00,1.00
2016.05.23 20:12:37.510,2.13941,2.14008,1.37,1.00
2016.05.23 20:12:38.816,2.13941,2.14008,1.00,1.00
2016.05.23 20:12:39.159,2.13945,2.14014,1.00,1.50
2016.05.23 20:12:39.461,2.13945,2.14014,1.75,1.37
2016.05.23 20:12:39.797,2.13941,2.14007,1.75,1.00
2016.05.23 20:12:45.329,2.13942,2.14009,1.50,1.12
2016.05.23 20:12:45.380,2.13942,2.14009,1.50,1.37
2016.05.23 20:12:45.724,2.13941,2.14003,1.37,1.00
2016.05.23 20:12:46.584,2.13937,2.14003,1.37,1.00
2016.05.23 20:12:47.074,2.13937,2.14003,1.37,1.00
2016.05.23 20:12:48.577,2.13937,2.14003,1.50,1.00
2016.05.23 20:12:50.172,2.13937,2.14003,1.75,1.00
2016.05.23 20:12:50.279,2.13937,2.14003,1.75,1.00
2016.05.23 20:12:50.555,2.1394,2.14007,1.75,1.00
2016.05.23 20:12:51.390,2.13932,2.14,1.75,1.00
2016.05.23 20:12:51.441,2.13931,2.14,2.25,1.00
2016.05.23 20:12:51.642,2.13932,2.14,1.37,1.37
2016.05.23 20:12:51.693,2.13932,2.14,1.00,1.75
2016.05.23 20:12:51.794,2.13932,2.13992,1.00,1.00
2016.05.23 20:12:51.997,2.13932,2.13998,1.75,1.00
2016.05.23 20:12:52.384,2.13932,2.13998,1.50,1.00
2016.05.23 20:12:52.781,2.13931,2.13998,1.75,1.00
2016.05.23 20:12:53.949,2.13935,2.13998,1.00,1.00
2016.05.23 20:12:57.494,2.13932,2.13998,1.75,1.00
2016.05.23 20:12:57.908,2.13933,2.14,1.75,1.00
2016.05.23 20:12:58.009,2.13939,2.14005,1.12,1.00
2016.05.23 20:12:58.059,2.13939,2.14005,1.37,1.00
2016.05.23 20:13:01.504,2.13941,2.14005,1.37,1.00
2016.05.23 20:13:02.671,2.13941,2.14005,1.37,1.00
2016.05.23 20:13:10.120,2.13942,2.14008,1.75,1.00
2016.05.23 20:13:15.472,2.13942,2.14008,1.75,1.00
2016.05.23 20:13:16.483,2.13942,2.14008,1.75,1.00
2016.05.23 20:13:16.674,2.13942,2.14008,1.50,1.00
2016.05.23 20:13:16.725,2.13942,2.14008,1.12,1.00
2016.05.23 20:13:16.776,2.13942,2.1401,1.12,1.12
2016.05.23 20:13:16.877,2.13942,2.1401,1.87,1.37
2016.05.23 20:13:16.978,2.13938,2.14004,1.00,1.12
2016.05.23 20:13:17.079,2.13936,2.14004,1.50,1.00
2016.05.23 20:13:17.180,2.13936,2.14004,1.37,1.00
2016.05.23 20:13:17.578,2.13936,2.14004,1.50,1.00
2016.05.23 20:13:17.985,2.13932,2.13998,1.75,1.00
2016.05.23 20:13:18.087,2.13932,2.13998,1.37,1.00
2016.05.23 20:13:19.706,2.13932,2.13998,1.12,1.37
2016.05.23 20:13:19.856,2.13932,2.13998,1.37,1.00
2016.05.23 20:13:20.008,2.13932,2.13998,1.12,1.50
2016.05.23 20:13:22.893,2.13931,2.13998,1.37,1.12
2016.05.23 20:13:23.905,2.13931,2.13994,1.75,1.00
2016.05.23 20:13:24.287,2.13934,2.13994,1.00,1.00
2016.05.23 20:13:24.338,2.13934,2.14,1.12,1.00
2016.05.23 20:13:24.389,2.13934,2.14,1.37,1.00
2016.05.23 20:13:25.411,2.13934,2.14,1.75,1.00
2016.05.23 20:13:31.398,2.13934,2.14,1.75,1.00
2016.05.23 20:13:31.499,2.13935,2.13999,1.00,1.00
2016.05.23 20:13:32.099,2.13932,2.13999,1.75,1.00
2016.05.23 20:13:32.399,2.13931,2.13999,2.25,1.00
2016.05.23 20:13:33.092,2.13931,2.13999,2.25,1.00
2016.05.23 20:13:33.401,2.13932,2.13999,1.50,1.00
2016.05.23 20:13:33.701,2.13932,2.13999,1.37,1.37
2016.05.23 20:13:33.802,2.13932,2.13999,1.37,1.50
2016.05.23 20:13:34.536,2.13932,2.13999,1.12,1.00
2016.05.23 20:13:36.520,2.13931,2.14,1.87,1.12
2016.05.23 20:13:39.389,2.13931,2.14,2.25,1.12
2016.05.23 20:13:39.440,2.13931,2.14,2.25,1.12
2016.05.23 20:13:40.523,2.13934,2.14,1.00,1.00
2016.05.23 20:13:41.011,2.13931,2.14,1.87,1.37
2016.05.23 20:13:41.393,2.13931,2.13993,1.37,1.00
2016.05.23 20:13:41.444,2.13932,2.14,1.37,1.50
2016.05.23 20:13:42.012,2.13932,2.14,1.12,1.37
2016.05.23 20:13:42.951,2.13932,2.14,1.50,1.00
2016.05.23 20:13:43.300,2.13938,2.14006,1.37,1.37
2016.05.23 20:13:43.515,2.13938,2.14006,1.37,1.00
2016.05.23 20:13:45.326,2.13938,2.14006,1.12,1.37
2016.05.23 20:13:49.010,2.1394,2.14008,1.00,1.75
2016.05.23 20:13:49.111,2.1394,2.14008,1.50,1.12
2016.05.23 20:13:51.335,2.13941,2.14008,1.12,1.37
2016.05.23 20:13:56.857,2.1394,2.14007,1.00,1.37
2016.05.23 20:13:58.383,2.1394,2.14007,1.50,1.00
2016.05.23 20:13:58.901,2.1394,2.14007,1.50,1.00
2016.05.23 20:14:01.802,2.13938,2.14005,1.75,1.00
2016.05.23 20:14:02.200,2.13938,2.14005,1.75,1.00
2016.05.23 20:14:08.105,2.13942,2.14008,1.37,1.00
2016.05.23 20:14:08.207,2.13942,2.14008,1.12,1.00
2016.05.23 20:14:08.801,2.13942,2.14008,1.00,1.37
2016.05.23 20:14:09.151,2.13946,2.14015,1.00,1.75
2016.05.23 20:14:09.202,2.13946,2.14015,1.00,1.75
2016.05.23 20:14:09.354,2.13946,2.14015,1.00,1.50
2016.05.23 20:14:10.202,2.13946,2.14015,1.12,1.50
2016.05.23 20:14:13.205,2.13946,2.14015,1.37,1.75
2016.05.23 20:14:13.707,2.13946,2.14015,1.75,1.50
2016.05.23 20:14:14.936,2.13948,2.14016,1.75,1.37
2016.05.23 20:14:15.819,2.13948,2.14016,1.75,1.37
2016.05.23 20:14:18.412,2.13949,2.14016,1.00,1.75
2016.05.23 20:14:18.916,2.13948,2.14016,1.00,1.50
2016.05.23 20:14:19.753,2.13951,2.14016,1.00,1.50
2016.05.23 20:14:20.739,2.13951,2.14016,1.12,1.50
2016.05.23 20:14:21.317,2.13951,2.14016,1.12,1.50
2016.05.23 20:14:21.900,2.13951,2.14013,1.00,1.75
2016.05.23 20:14:24.521,2.13951,2.14013,1.00,1.75
2016.05.23 20:14:24.607,2.13945,2.14013,1.75,1.75
2016.05.23 20:14:25.712,2.13945,2.14013,1.75,1.50
2016.05.23 20:14:26.260,2.13951,2.14013,1.00,1.75
2016.05.23 20:14:26.361,2.13951,2.14013,1.00,1.75
2016.05.23 20:14:26.462,2.13951,2.14013,1.00,1.75
2016.05.23 20:14:26.990,2.13951,2.14013,1.00,1.75
2016.05.23 20:14:29.024,2.13951,2.14007,1.00,1.00
2016.05.23 20:14:29.176,2.13942,2.14001,1.00,1.00
2016.05.23 20:14:29.227,2.13935,2.14001,1.75,1.00
2016.05.23 20:14:29.278,2.13935,2.14001,1.37,1.00
2016.05.23 20:14:29.330,2.13941,2.14001,1.00,1.00
2016.05.23 20:14:29.638,2.13932,2.13992,1.37,1.37
2016.05.23 20:14:29.689,2.13932,2.13992,1.00,1.37
2016.05.23 20:14:29.740,2.13932,2.13986,1.00,1.37
2016.05.23 20:14:29.943,2.13921,2.13986,1.50,1.12
2016.05.23 20:14:30.243,2.13921,2.13986,1.12,1.37
2016.05.23 20:14:30.732,2.13922,2.13986,1.00,1.00
2016.05.23 20:14:32.034,2.13922,2.13986,1.00,1.37
2016.05.23 20:14:32.366,2.13925,2.13994,1.50,1.00
2016.05.23 20:14:32.836,2.13925,2.13994,1.75,1.00
2016.05.23 20:14:34.239,2.13925,2.13994,1.75,1.00
2016.05.23 20:14:34.340,2.13925,2.13994,1.37,1.00
2016.05.23 20:14:36.240,2.13925,2.13994,1.75,1.00
2016.05.23 20:14:36.401,2.13925,2.13994,1.00,1.12
2016.05.23 20:14:36.452,2.13925,2.13994,1.00,1.37
2016.05.23 20:14:38.142,2.13925,2.13994,1.00,1.75
2016.05.23 20:14:39.368,2.13925,2.13994,1.00,1.75
2016.05.23 20:14:39.570,2.13922,2.1399,1.12,1.12
2016.05.23 20:14:39.671,2.13922,2.1399,1.37,1.00
2016.05.23 20:14:39.956,2.13922,2.1399,1.12,1.00
2016.05.23 20:14:40.245,2.13921,2.1399,1.87,1.37
2016.05.23 20:14:40.673,2.13922,2.1399,1.50,1.00
2016.05.23 20:14:41.023,2.13933,2.14001,1.75,1.50
2016.05.23 20:14:41.327,2.13933,2.14001,1.75,1.75
2016.05.23 20:14:42.463,2.13933,2.14001,1.75,1.75
2016.05.23 20:14:42.565,2.13933,2.14001,1.12,1.75
2016.05.23 20:14:43.178,2.13933,2.14001,1.12,1.75
2016.05.23 20:14:43.476,2.13933,2.14001,1.37,1.75
2016.05.23 20:14:43.527,2.13933,2.14001,1.50,1.37
2016.05.23 20:14:43.729,2.13932,2.13995,1.37,1.00
2016.05.23 20:14:43.881,2.13932,2.13995,1.12,1.12
2016.05.23 20:14:43.982,2.13931,2.13995,1.00,1.75
2016.05.23 20:14:44.133,2.13927,2.13995,1.00,1.75
2016.05.23 20:14:44.401,2.13927,2.13995,1.00,1.75
2016.05.23 20:14:45.380,2.13927,2.13991,1.00,1.00
2016.05.23 20:14:45.683,2.13932,2.13995,1.00,1.37
2016.05.23 20:14:47.580,2.13932,2.13995,1.00,1.37
2016.05.23 20:14:48.888,2.13932,2.13995,1.00,1.00
2016.05.23 20:14:50.165,2.13932,2.13995,1.00,1.37
2016.05.23 20:14:50.683,2.13931,2.13993,1.00,1.00
2016.05.23 20:14:51.243,2.13931,2.13993,1.37,1.00
2016.05.23 20:14:53.698,2.13931,2.13993,1.00,1.37
2016.05.23 20:14:55.136,2.13932,2.13993,1.00,1.37
2016.05.23 20:14:58.576,2.13932,2.13993,1.00,1.12
2016.05.23 20:15:00.078,2.13932,2.13993,1.00,1.37
2016.05.23 20:15:00.180,2.13926,2.13993,1.37,1.37
2016.05.23 20:15:00.231,2.13926,2.13993,1.00,1.75
2016.05.23 20:15:01.064,2.13926,2.13993,1.37,1.50
2016.05.23 20:15:01.342,2.13932,2.13993,1.00,1.50
2016.05.23 20:15:01.742,2.13926,2.13993,1.37,1.75
2016.05.23 20:15:02.216,2.13926,2.13993,1.00,1.75
2016.05.23 20:15:02.529,2.13924,2.13994,1.12,1.75
2016.05.23 20:15:03.201,2.13924,2.13993,1.00,1.75
2016.05.23 20:15:03.595,2.13924,2.13986,1.37,1.00
2016.05.23 20:15:07.328,2.13924,2.13993,1.00,1.75
2016.05.23 20:15:09.606,2.13924,2.13993,1.37,1.75
2016.05.23 20:15:10.308,2.13924,2.13993,1.00,1.75
2016.05.23 20:15:10.736,2.13926,2.13993,1.00,1.75
2016.05.23 20:15:14.645,2.13926,2.13993,1.37,1.75
2016.05.23 20:15:15.196,2.13926,2.13993,1.00,1.75
2016.05.23 20:15:15.247,2.13926,2.13989,1.12,1.00
2016.05.23 20:15:17.438,2.13925,2.13995,1.12,1.75
2016.05.23 20:15:20.355,2.13925,2.13995,1.50,1.75
2016.05.23 20:15:21.766,2.13925,2.13995,1.50,1.75
2016.05.23 20:15:25.478,2.13926,2.13995,1.37,1.75
2016.05.23 20:15:25.579,2.13926,2.13995,1.12,1.75
2016.05.23 20:15:26.865,2.13926,2.13995,1.12,1.75
2016.05.23 20:15:30.264,2.13927,2.13995,1.00,1.75
2016.05.23 20:15:31.452,2.13927,2.13995,1.00,1.75
2016.05.23 20:15:31.781,2.13927,2.13995,1.00,1.75
2016.05.23 20:15:32.175,2.13927,2.13995,1.00,1.75
2016.05.23 20:15:33.915,2.13927,2.13995,1.00,1.75
2016.05.23 20:15:34.068,2.13927,2.13995,1.00,1.75
2016.05.23 20:15:34.431,2.13927,2.13995,1.00,1.75
2016.05.23 20:15:36.911,2.13923,2.13992,1.00,1.75
2016.05.23 20:15:45.817,2.13923,2.1399,1.00,1.75
2016.05.23 20:15:48.162,2.13921,2.13993,2.25,1.75
2016.05.23 20:15:56.020,2.13922,2.13994,1.00,1.75
2016.05.23 20:15:56.071,2.13922,2.13994,1.37,1.75
2016.05.23 20:15:56.414,2.13922,2.13994,1.75,1.37
2016.05.23 20:15:58.341,2.13922,2.13994,1.75,1.37
2016.05.23 20:15:58.916,2.13922,2.13994,2.25,1.50
2016.05.23 20:15:59.443,2.13922,2.13994,2.25,1.12
2016.05.23 20:15:59.545,2.13922,2.13994,2.25,1.00
2016.05.23 20:16:00.051,2.13922,2.13994,2.25,1.00
2016.05.23 20:16:00.215,2.13922,2.13994,1.75,1.50
2016.05.23 20:16:00.961,2.13916,2.13989,1.37,1.50
2016.05.23 20:16:01.012,2.13916,2.13989,1.00,1.75
2016.05.23 20:16:03.528,2.13916,2.13989,1.00,1.75
2016.05.23 20:16:04.930,2.13911,2.13983,1.87,1.75
2016.05.23 20:16:07.311,2.13911,2.13983,1.87,1.75
2016.05.23 20:16:08.939,2.13911,2.13983,1.87,1.75
2016.05.23 20:16:11.619,2.13911,2.13981,1.87,1.37
2016.05.23 20:16:11.721,2.13917,2.13987,1.75,1.00
2016.05.23 20:16:11.872,2.13922,2.13994,1.50,1.75
2016.05.23 20:16:11.923,2.13922,2.13994,1.50,1.75
2016.05.23 20:16:12.145,2.13922,2.13994,1.50,1.75
2016.05.23 20:16:15.980,2.13922,2.13994,1.75,1.75
2016.05.23 20:16:16.453,2.13922,2.13994,1.75,1.12
2016.05.23 20:16:16.958,2.13927,2.14,1.75,1.75
2016.05.23 20:16:21.976,2.13927,2.14,1.75,1.75
2016.05.23 20:16:22.380,2.13931,2.14,1.00,1.50
2016.05.23 20:16:23.420,2.13927,2.14,1.75,1.75
2016.05.23 20:16:23.521,2.13927,2.14,1.75,1.75
2016.05.23 20:16:23.689,2.1393,2.13999,1.00,1.50
2016.05.23 20:16:29.223,2.13927,2.13999,1.50,1.75
2016.05.23 20:16:29.274,2.13927,2.13999,1.12,1.75
2016.05.23 20:16:29.325,2.13927,2.13999,1.37,1.75
2016.05.23 20:16:33.417,2.13927,2.13997,1.50,1.75
2016.05.23 20:16:33.468,2.13927,2.13997,1.75,1.50
2016.05.23 20:16:33.720,2.13927,2.13997,1.75,1.50
2016.05.23 20:16:37.423,2.13931,2.13997,1.00,1.37
2016.05.23 20:16:37.632,2.13927,2.13997,1.75,1.12
2016.05.23 20:16:38.425,2.13927,2.13997,1.37,1.37
2016.05.23 20:16:38.826,2.1393,2.14002,1.00,1.75
2016.05.23 20:16:38.927,2.13925,2.13996,1.00,1.75
2016.05.23 20:16:43.036,2.13925,2.13996,1.37,1.75
2016.05.23 20:16:43.917,2.13925,2.13996,1.50,1.75
2016.05.23 20:16:47.694,2.13915,2.13985,1.12,1.75
2016.05.23 20:16:47.745,2.13911,2.13979,1.75,1.00
2016.05.23 20:16:47.795,2.13911,2.13979,1.12,1.12
2016.05.23 20:16:47.897,2.13911,2.13979,1.12,1.75
2016.05.23 20:16:48.199,2.13909,2.13979,1.12,1.75
2016.05.23 20:16:48.713,2.13902,2.13974,2.25,1.00
2016.05.23 20:16:49.458,2.13902,2.13974,2.25,1.12
2016.05.23 20:16:55.638,2.13902,2.13972,1.75,1.00
2016.05.23 20:16:59.349,2.13912,2.13972,1.00,1.00
2016.05.23 20:16:59.749,2.13902,2.13972,1.75,1.00
2016.05.23 20:17:00.601,2.13902,2.13972,1.75,1.00
2016.05.23 20:17:00.803,2.13901,2.13972,2.25,1.37
2016.05.23 20:17:00.968,2.13901,2.13972,2.25,1.37
2016.05.23 20:17:01.184,2.13901,2.13972,2.25,1.12
2016.05.23 20:17:01.720,2.13902,2.13973,1.75,1.00
2016.05.23 20:17:06.854,2.13903,2.13974,1.75,1.50
2016.05.23 20:17:07.157,2.13903,2.13974,1.75,1.50
2016.05.23 20:17:14.002,2.13903,2.13974,1.75,1.75
2016.05.23 20:17:14.705,2.13903,2.13974,1.75,1.75
2016.05.23 20:17:15.828,2.13903,2.1397,1.75,1.00
2016.05.23 20:17:19.380,2.13906,2.13972,1.00,1.37
2016.05.23 20:17:19.481,2.13904,2.13972,1.37,1.75
2016.05.23 20:17:19.985,2.13904,2.13972,1.37,1.75
2016.05.23 20:17:20.368,2.13911,2.13978,1.50,1.75
2016.05.23 20:17:20.469,2.13911,2.13978,1.75,1.50
2016.05.23 20:17:20.665,2.13911,2.13978,1.75,1.75
2016.05.23 20:17:21.437,2.13911,2.13978,1.75,1.75
2016.05.23 20:17:21.616,2.13911,2.13978,1.75,1.75
2016.05.23 20:17:24.742,2.13911,2.13978,1.37,1.75
2016.05.23 20:17:24.843,2.13902,2.13973,2.25,1.50
2016.05.23 20:17:25.045,2.13902,2.13973,2.25,1.50
2016.05.23 20:17:25.347,2.13902,2.13973,2.25,1.00
2016.05.23 20:17:26.126,2.13908,2.13979,1.75,1.75
2016.05.23 20:17:26.177,2.13908,2.13979,1.75,1.75
2016.05.23 20:17:27.747,2.13908,2.13979,1.50,1.75
2016.05.23 20:17:29.449,2.13908,2.13979,1.75,1.75
2016.05.23 20:17:29.760,2.13908,2.13979,1.75,1.75
2016.05.23 20:17:32.188,2.13911,2.13977,1.50,1.50
2016.05.23 20:17:33.254,2.13911,2.13977,1.00,1.50
2016.05.23 20:17:35.380,2.13909,2.13977,1.12,1.75
2016.05.23 20:17:35.482,2.13909,2.13977,1.75,1.50
2016.05.23 20:17:36.002,2.13909,2.13977,1.75,1.37
2016.05.23 20:17:42.577,2.13907,2.13977,1.75,1.75
2016.05.23 20:17:43.088,2.13907,2.13977,1.75,1.37
2016.05.23 20:17:43.613,2.13907,2.13977,1.75,1.75
2016.05.23 20:17:43.676,2.13907,2.13977,1.50,1.75
2016.05.23 20:17:43.914,2.13907,2.13977,1.75,1.37
2016.05.23 20:17:50.317,2.13907,2.13977,1.75,1.75
2016.05.23 20:17:50.472,2.13907,2.13977,1.75,1.75
2016.05.23 20:17:54.876,2.13907,2.13976,1.37,1.75
2016.05.23 20:17:54.927,2.13907,2.13976,1.00,1.75
2016.05.23 20:17:55.477,2.13907,2.13976,1.12,1.75
2016.05.23 20:17:58.024,2.13905,2.13976,1.75,1.75
2016.05.23 20:17:58.281,2.13905,2.13976,1.75,1.75
2016.05.23 20:18:00.184,2.13905,2.13976,1.75,1.75
2016.05.23 20:18:00.234,2.13906,2.13976,1.00,1.75
2016.05.23 20:18:00.685,2.13905,2.13976,1.50,1.75
2016.05.23 20:18:01.091,2.13905,2.13976,1.12,1.75
2016.05.23 20:18:01.192,2.13905,2.13976,1.12,1.75
2016.05.23 20:18:01.294,2.13905,2.13976,1.12,1.75
2016.05.23 20:18:01.516,2.13905,2.13976,1.50,1.75
2016.05.23 20:18:02.289,2.13905,2.13976,1.50,1.75
2016.05.23 20:18:04.033,2.13905,2.13976,1.50,1.75
2016.05.23 20:18:06.594,2.13906,2.13977,1.37,1.75
2016.05.23 20:18:06.896,2.13912,2.13982,1.00,1.75
2016.05.23 20:18:07.427,2.13912,2.13982,1.00,1.75
2016.05.23 20:18:11.201,2.13912,2.13982,1.00,1.75
2016.05.23 20:18:11.502,2.13912,2.13982,1.00,1.75
2016.05.23 20:18:11.553,2.13912,2.13982,1.00,1.75
2016.05.23 20:18:11.755,2.13912,2.13982,1.50,1.75
2016.05.23 20:18:12.797,2.13914,2.13983,1.00,1.75
2016.05.23 20:18:16.761,2.13914,2.13983,1.00,1.75
2016.05.23 20:18:18.418,2.13914,2.13983,1.00,1.75
2016.05.23 20:18:19.279,2.13912,2.1398,1.12,1.75
2016.05.23 20:18:19.654,2.13905,2.13974,1.00,2.25
2016.05.23 20:18:20.024,2.13905,2.13974,1.00,1.75
2016.05.23 20:18:21.822,2.13905,2.13974,1.00,1.75
2016.05.23 20:18:21.923,2.13905,2.13963,1.00,1.00
2016.05.23 20:18:22.824,2.13905,2.13974,1.00,1.75
2016.05.23 20:18:22.964,2.13899,2.13969,1.00,1.75
2016.05.23 20:18:25.425,2.13894,2.13962,1.75,1.75
2016.05.23 20:18:25.476,2.13894,2.13962,1.12,1.75
2016.05.23 20:18:25.780,2.13894,2.13962,1.00,1.75
2016.05.23 20:18:31.346,2.13889,2.13959,1.50,1.75
2016.05.23 20:18:31.856,2.13889,2.13959,1.37,1.75
2016.05.23 20:18:32.536,2.13889,2.13959,1.37,1.75
2016.05.23 20:18:32.859,2.13895,2.13964,1.00,1.75
2016.05.23 20:18:37.093,2.13895,2.13964,1.00,1.75
2016.05.23 20:18:37.152,2.13895,2.13964,1.37,1.75
2016.05.23 20:18:37.593,2.13895,2.13964,1.50,1.75
2016.05.23 20:18:38.245,2.13895,2.13961,1.50,1.00
2016.05.23 20:18:38.791,2.13897,2.13967,1.75,1.75
2016.05.23 20:18:43.099,2.13897,2.13967,3.00,1.75
2016.05.23 20:18:43.813,2.13902,2.13972,1.37,1.75
2016.05.23 20:18:44.350,2.13902,2.13972,1.50,1.75
2016.05.23 20:18:47.493,2.13902,2.13972,1.50,1.75
2016.05.23 20:18:48.622,2.13902,2.13972,1.75,1.75
2016.05.23 20:18:50.497,2.13902,2.13972,1.75,1.75
2016.05.23 20:18:50.548,2.13905,2.13973,1.75,1.75
2016.05.23 20:18:51.427,2.139,2.13966,1.00,1.75
2016.05.23 20:18:51.528,2.13896,2.13966,1.00,1.75
2016.05.23 20:18:51.629,2.13893,2.13959,1.00,1.75
2016.05.23 20:18:51.948,2.13891,2.13959,1.00,1.75
2016.05.23 20:18:51.999,2.13885,2.13953,2.25,1.75
2016.05.23 20:18:52.050,2.13885,2.13953,2.25,1.75
2016.05.23 20:18:52.100,2.13885,2.13953,2.25,1.75
2016.05.23 20:18:52.403,2.13885,2.13951,1.50,1.00
2016.05.23 20:18:53.201,2.13885,2.13953,1.50,1.50
2016.05.23 20:18:54.312,2.13885,2.13953,1.37,1.37
2016.05.23 20:18:54.433,2.13885,2.13953,1.00,1.00
2016.05.23 20:18:55.929,2.13885,2.13953,1.00,1.50
2016.05.23 20:18:56.161,2.13885,2.13953,1.00,1.00
2016.05.23 20:18:57.221,2.13883,2.13953,1.12,1.00
2016.05.23 20:18:57.322,2.13883,2.13953,1.37,1.12
2016.05.23 20:19:00.271,2.13883,2.13953,1.75,1.00
2016.05.23 20:19:00.671,2.13883,2.13953,1.37,1.00
2016.05.23 20:19:01.793,2.13883,2.13953,1.00,1.00
2016.05.23 20:19:01.844,2.13883,2.13953,1.37,1.12
2016.05.23 20:19:03.324,2.13883,2.13953,3.00,1.00
2016.05.23 20:19:03.768,2.13886,2.13956,1.00,1.75
2016.05.23 20:19:04.327,2.13886,2.13956,1.00,1.75
2016.05.23 20:19:05.355,2.13886,2.13956,1.00,1.75
2016.05.23 20:19:05.456,2.13886,2.13956,1.12,1.00
2016.05.23 20:19:05.831,2.13886,2.13956,1.37,1.00
2016.05.23 20:19:07.458,2.13886,2.13956,1.50,1.00
2016.05.23 20:19:09.132,2.13886,2.13956,1.50,1.12
2016.05.23 20:19:10.475,2.13886,2.13956,1.00,1.00
2016.05.23 20:19:11.099,2.13888,2.13959,1.00,1.50
2016.05.23 20:19:11.635,2.13888,2.13959,1.37,1.50
2016.05.23 20:19:12.536,2.13888,2.13959,1.50,1.50
2016.05.23 20:19:12.638,2.13888,2.13958,1.37,1.00
2016.05.23 20:19:14.683,2.13888,2.13959,1.00,1.75
2016.05.23 20:19:16.141,2.13888,2.13959,1.00,1.75
2016.05.23 20:19:17.162,2.13887,2.13956,1.00,1.75
2016.05.23 20:19:17.574,2.13887,2.13956,1.00,1.37
2016.05.23 20:19:18.558,2.13887,2.13956,1.00,1.00
2016.05.23 20:19:21.648,2.13887,2.13956,1.00,1.37
2016.05.23 20:19:21.968,2.13883,2.13949,1.00,1.12
2016.05.23 20:19:23.282,2.13884,2.13949,1.00,1.00
2016.05.23 20:19:24.982,2.13887,2.13955,1.37,1.12
2016.05.23 20:19:25.134,2.13893,2.13961,1.50,1.00
2016.05.23 20:19:25.509,2.13893,2.13961,1.75,1.00
2016.05.23 20:19:26.100,2.13898,2.13967,1.00,1.75
2016.05.23 20:19:26.150,2.13904,2.13972,1.00,1.87
2016.05.23 20:19:26.201,2.13904,2.13972,1.00,1.87
2016.05.23 20:19:26.252,2.13904,2.13972,1.00,1.75
2016.05.23 20:19:26.303,2.13904,2.13972,1.00,1.37
2016.05.23 20:19:26.404,2.13904,2.13972,1.37,1.00
2016.05.23 20:19:26.564,2.13908,2.13979,1.37,1.50
2016.05.23 20:19:28.457,2.13908,2.13979,1.12,1.50
2016.05.23 20:19:30.543,2.13908,2.13979,1.12,1.75
2016.05.23 20:19:33.977,2.13909,2.13977,1.00,1.37
2016.05.23 20:19:34.091,2.13909,2.13977,1.00,1.12
2016.05.23 20:19:34.192,2.13909,2.13977,1.00,1.37
2016.05.23 20:19:34.293,2.13909,2.13977,1.00,1.75
2016.05.23 20:19:34.664,2.13909,2.13977,1.00,1.75
2016.05.23 20:19:35.271,2.13909,2.13977,1.00,1.75
2016.05.23 20:19:41.671,2.13909,2.13977,1.00,1.75
2016.05.23 20:19:45.430,2.13902,2.1397,1.50,1.00
2016.05.23 20:19:45.481,2.13902,2.13964,1.50,1.37
2016.05.23 20:19:45.632,2.13896,2.13964,1.00,1.75
2016.05.23 20:19:45.683,2.13896,2.13964,1.00,1.37
2016.05.23 20:19:45.835,2.13892,2.13959,1.00,1.00
2016.05.23 20:19:45.886,2.1389,2.13959,1.50,1.00
2016.05.23 20:19:45.987,2.1389,2.13959,1.50,1.75
2016.05.23 20:19:46.521,2.1389,2.13959,1.00,1.75
2016.05.23 20:19:50.384,2.1389,2.13959,1.00,1.75
2016.05.23 20:19:54.042,2.13885,2.13956,1.50,1.50
2016.05.23 20:19:55.891,2.13885,2.13956,1.50,1.50
2016.05.23 20:19:59.348,2.13887,2.13956,1.00,1.75
2016.05.23 20:20:00.309,2.13887,2.13956,1.12,1.75
2016.05.23 20:20:00.839,2.13888,2.13957,1.00,1.75
2016.05.23 20:20:07.945,2.13882,2.13954,1.75,1.12
2016.05.23 20:20:07.995,2.13882,2.13954,1.37,1.50
2016.05.23 20:20:08.248,2.13882,2.13954,1.12,1.75
2016.05.23 20:20:11.523,2.13882,2.13954,1.37,1.50
2016.05.23 20:20:11.923,2.13882,2.13954,1.75,1.00
2016.05.23 20:20:13.350,2.13883,2.13954,1.75,1.00
2016.05.23 20:20:15.128,2.13883,2.13954,1.75,1.00
2016.05.23 20:20:15.448,2.13883,2.13954,1.75,1.00
2016.05.23 20:20:20.869,2.13884,2.13956,1.75,1.00
2016.05.23 20:20:21.925,2.13886,2.13957,1.75,1.00
2016.05.23 20:20:22.670,2.13886,2.13957,1.75,1.00
2016.05.23 20:20:25.266,2.13886,2.13957,1.75,1.12
2016.05.23 20:20:25.367,2.13886,2.13957,1.00,1.12
2016.05.23 20:20:26.298,2.13883,2.13956,1.37,1.00
2016.05.23 20:20:26.348,2.13883,2.13953,1.37,1.00
2016.05.23 20:20:29.543,2.13883,2.13953,1.37,1.12
2016.05.23 20:20:30.321,2.13883,2.13953,1.75,1.00
2016.05.23 20:20:34.951,2.13881,2.13953,1.75,1.00
2016.05.23 20:20:35.979,2.13881,2.13953,1.75,1.00
2016.05.23 20:20:36.651,2.13881,2.13953,1.75,1.00
2016.05.23 20:20:36.753,2.13881,2.13953,1.75,1.00
2016.05.23 20:20:38.749,2.13886,2.13957,1.75,1.00
2016.05.23 20:20:39.399,2.13886,2.13957,1.50,1.37
2016.05.23 20:20:43.056,2.13886,2.13957,1.75,1.75
2016.05.23 20:20:43.208,2.13886,2.13957,1.75,1.37
2016.05.23 20:20:45.011,2.13886,2.13957,1.50,1.75
2016.05.23 20:20:45.614,2.13886,2.13957,1.75,1.37
2016.05.23 20:20:45.961,2.13891,2.13959,1.75,1.00
2016.05.23 20:20:46.111,2.13891,2.13959,2.25,1.00
2016.05.23 20:20:52.760,2.13892,2.13964,1.75,1.12
2016.05.23 20:20:53.983,2.13892,2.13964,1.00,1.75
2016.05.23 20:20:55.120,2.1389,2.13957,1.37,1.00
2016.05.23 20:20:55.422,2.13887,2.13957,1.12,1.75
2016.05.23 20:20:59.775,2.13887,2.13957,1.37,1.75
2016.05.23 20:21:08.531,2.13883,2.13955,1.75,1.75
2016.05.23 20:21:13.591,2.13885,2.13954,1.75,1.12
2016.05.23 20:21:16.334,2.13885,2.13952,1.00,1.00
2016.05.23 20:21:16.435,2.13885,2.13954,1.37,1.50
2016.05.23 20:21:16.742,2.13881,2.13951,1.75,1.37
2016.05.23 20:21:16.898,2.13881,2.13951,1.75,1.37
2016.05.23 20:21:18.864,2.13881,2.13951,1.00,1.50
2016.05.23 20:21:21.152,2.13889,2.13958,1.00,1.75
2016.05.23 20:21:21.253,2.13889,2.13958,1.50,1.00
2016.05.23 20:21:21.657,2.13889,2.13958,1.37,1.00
2016.05.23 20:21:25.474,2.13887,2.13956,1.37,1.37
2016.05.23 20:21:25.777,2.13877,2.13947,1.00,1.75
2016.05.23 20:21:26.151,2.13877,2.13947,1.00,1.75
2016.05.23 20:21:26.252,2.13877,2.13947,1.00,1.75
2016.05.23 20:21:28.233,2.13877,2.13947,1.00,1.75
2016.05.23 20:21:28.769,2.13877,2.13947,1.37,1.50
2016.05.23 20:21:28.870,2.13882,2.13954,1.75,1.12
2016.05.23 20:21:31.078,2.13882,2.13954,1.50,1.37
2016.05.23 20:21:34.491,2.13883,2.13952,1.37,1.00
2016.05.23 20:21:34.694,2.13883,2.13952,1.37,1.50
2016.05.23 20:21:36.474,2.13883,2.13952,1.00,1.50
2016.05.23 20:21:36.776,2.13883,2.13952,1.00,1.75
2016.05.23 20:21:36.877,2.13883,2.13952,1.00,1.75
2016.05.23 20:21:40.009,2.13878,2.13947,1.50,1.12
2016.05.23 20:21:40.770,2.13876,2.13947,1.75,1.37
2016.05.23 20:21:43.702,2.13876,2.13947,1.75,1.12
2016.05.23 20:21:44.356,2.13876,2.13947,1.75,1.00
2016.05.23 20:21:50.865,2.13877,2.13948,1.50,1.00
2016.05.23 20:21:51.926,2.13877,2.13948,1.12,1.00
2016.05.23 20:22:04.396,2.13877,2.13949,1.00,1.12
2016.05.23 20:22:04.448,2.13879,2.13948,1.00,1.00
2016.05.23 20:22:08.983,2.13879,2.13948,1.00,1.37
2016.05.23 20:22:10.070,2.13877,2.13949,1.00,1.50
2016.05.23 20:22:10.780,2.13878,2.13947,1.00,1.00
2016.05.23 20:22:14.590,2.13878,2.13947,1.00,1.37
2016.05.23 20:22:19.708,2.13877,2.13946,1.12,1.12
2016.05.23 20:22:25.584,2.13878,2.13947,1.00,1.12
2016.05.23 20:22:29.324,2.13878,2.13947,1.37,1.00
2016.05.23 20:22:35.518,2.13879,2.1395,1.12,1.37
2016.05.23 20:22:40.336,2.13879,2.1395,1.00,1.37
2016.05.23 20:22:46.626,2.13877,2.13948,1.12,1.37
2016.05.23 20:22:56.022,2.13879,2.13948,1.00,1.37
2016.05.23 20:23:08.896,2.13879,2.13948,1.12,1.00
2016.05.23 20:23:08.947,2.13879,2.1395,1.12,1.00
2016.05.23 20:23:12.909,2.13879,2.1395,1.00,1.37
2016.05.23 20:23:13.123,2.13879,2.1395,1.00,1.12
2016.05.23 20:23:13.451,2.13879,2.13947,1.00,1.00
2016.05.23 20:23:14.610,2.1388,2.13951,1.00,1.75
2016.05.23 20:23:19.044,2.1388,2.13951,1.00,1.37
2016.05.23 20:23:19.977,2.13882,2.13951,1.00,1.37
2016.05.23 20:23:21.301,2.13882,2.13951,1.00,1.37
2016.05.23 20:23:30.130,2.13882,2.13951,1.00,1.75
2016.05.23 20:23:34.158,2.13881,2.13951,1.00,1.75
2016.05.23 20:23:36.839,2.13881,2.13951,1.00,1.75
2016.05.23 20:23:39.363,2.13881,2.13949,1.37,1.00
2016.05.23 20:23:42.969,2.13881,2.1395,1.12,1.00
2016.05.23 20:23:44.327,2.13882,2.13952,1.00,1.37
2016.05.23 20:23:45.841,2.13882,2.13952,1.12,1.37
2016.05.23 20:23:45.941,2.13882,2.13952,1.00,1.37
2016.05.23 20:23:46.043,2.13882,2.13952,1.00,1.37
2016.05.23 20:23:46.983,2.13882,2.13952,1.00,1.75
2016.05.23 20:23:47.553,2.13882,2.13952,1.00,1.50
2016.05.23 20:23:48.982,2.13882,2.13952,1.50,1.50
2016.05.23 20:23:49.850,2.13882,2.13951,1.12,1.37
2016.05.23 20:23:50.951,2.13882,2.13951,1.12,1.75
2016.05.23 20:23:52.505,2.13882,2.13951,1.00,1.75
2016.05.23 20:23:53.178,2.13882,2.13951,1.00,1.75
2016.05.23 20:23:57.381,2.13882,2.13951,1.37,1.50
2016.05.23 20:23:58.944,2.13883,2.13952,1.12,1.50
2016.05.23 20:24:00.417,2.13883,2.13952,1.75,1.00
2016.05.23 20:24:02.727,2.13883,2.13952,1.75,1.00
2016.05.23 20:24:03.819,2.13884,2.13955,1.75,1.00
2016.05.23 20:24:05.931,2.13891,2.13959,1.75,1.00
2016.05.23 20:24:06.032,2.13897,2.13966,1.00,1.75
2016.05.23 20:24:06.225,2.13897,2.13963,1.00,1.00
2016.05.23 20:24:06.731,2.13897,2.13966,1.12,1.50
2016.05.23 20:24:07.243,2.13897,2.13966,1.00,1.75
2016.05.23 20:24:07.393,2.13897,2.13966,1.00,1.75
2016.05.23 20:24:07.696,2.13897,2.13966,1.00,1.75
2016.05.23 20:24:07.826,2.13892,2.1396,1.00,1.75
2016.05.23 20:24:08.196,2.13892,2.1396,1.00,1.75
2016.05.23 20:24:09.225,2.13885,2.13956,1.00,1.75
2016.05.23 20:24:22.742,2.13885,2.13954,1.00,1.75
2016.05.23 20:24:24.349,2.13885,2.13955,1.00,1.75
2016.05.23 20:24:25.389,2.13885,2.13955,1.00,1.75
2016.05.23 20:24:30.163,2.13885,2.13955,1.00,1.75
2016.05.23 20:24:38.228,2.13887,2.13956,1.00,1.75
2016.05.23 20:24:38.472,2.13887,2.13956,1.37,1.75
2016.05.23 20:24:38.573,2.13887,2.13956,1.37,1.37
2016.05.23 20:24:39.775,2.13893,2.13961,1.00,1.75
2016.05.23 20:24:39.876,2.13893,2.13961,1.00,1.75
2016.05.23 20:24:39.977,2.13899,2.13967,1.00,1.75
2016.05.23 20:24:44.378,2.13899,2.13967,1.00,1.75
2016.05.23 20:24:49.658,2.13901,2.13971,1.00,1.75
2016.05.23 20:24:49.709,2.13901,2.13971,1.00,1.75
2016.05.23 20:24:49.911,2.13901,2.13971,1.00,1.75
2016.05.23 20:24:57.336,2.13905,2.13976,1.00,1.75
2016.05.23 20:24:59.996,2.13905,2.13976,1.00,1.75
2016.05.23 20:25:00.047,2.13905,2.13976,1.00,1.75
2016.05.23 20:25:00.797,2.13905,2.13976,1.00,1.75
2016.05.23 20:25:03.103,2.13903,2.13974,1.00,1.75
2016.05.23 20:25:07.309,2.13903,2.13974,1.00,1.75
2016.05.23 20:25:12.901,2.13902,2.13971,1.00,1.75
2016.05.23 20:25:12.952,2.13902,2.13971,1.00,1.75
2016.05.23 20:25:13.255,2.13902,2.13971,1.00,1.75
2016.05.23 20:25:13.952,2.13902,2.13971,1.00,1.75
2016.05.23 20:25:16.760,2.13902,2.13971,1.00,1.75
2016.05.23 20:25:19.347,2.13902,2.13971,1.00,1.75
2016.05.23 20:25:23.237,2.13902,2.13966,1.00,1.00
2016.05.23 20:25:28.948,2.13902,2.13971,1.00,1.75
2016.05.23 20:25:30.609,2.13898,2.1397,1.00,1.75
2016.05.23 20:25:30.869,2.13898,2.1397,1.00,1.75
2016.05.23 20:25:30.970,2.13898,2.1397,1.00,1.75
2016.05.23 20:25:31.071,2.13898,2.1397,1.00,1.00
2016.05.23 20:25:36.774,2.13898,2.1397,1.00,1.37
2016.05.23 20:25:38.754,2.13898,2.1397,1.00,1.37
2016.05.23 20:25:39.355,2.13898,2.1397,1.00,1.75
2016.05.23 20:25:40.934,2.13901,2.13971,1.00,1.75
2016.05.23 20:25:41.637,2.13901,2.13971,1.00,1.75
2016.05.23 20:25:48.763,2.13901,2.13971,1.00,1.75
2016.05.23 20:25:49.356,2.13901,2.13971,1.00,1.50
2016.05.23 20:25:54.268,2.13901,2.13971,1.00,1.50
2016.05.23 20:25:59.406,2.13901,2.13973,1.00,1.37
2016.05.23 20:25:59.914,2.13901,2.13973,1.12,1.00
2016.05.23 20:26:08.179,2.13906,2.13978,1.00,1.75
2016.05.23 20:26:08.577,2.13906,2.13978,1.00,1.12
2016.05.23 20:26:09.262,2.13911,2.13984,1.00,1.75
2016.05.23 20:26:09.630,2.13911,2.13984,1.00,1.75
2016.05.23 20:26:10.112,2.13911,2.13984,1.00,1.37
2016.05.23 20:26:13.467,2.13911,2.13984,1.00,1.37
2016.05.23 20:26:13.769,2.13907,2.13977,1.00,1.37
2016.05.23 20:26:14.094,2.13907,2.13977,1.00,1.75
2016.05.23 20:26:14.334,2.139,2.13973,1.00,1.75
2016.05.23 20:26:14.385,2.139,2.13973,1.00,1.75
2016.05.23 20:26:14.722,2.13895,2.13967,1.00,1.75
2016.05.23 20:26:14.784,2.13895,2.13967,1.00,1.75
2016.05.23 20:26:15.288,2.13895,2.13967,1.00,1.75
2016.05.23 20:26:15.698,2.13895,2.13967,1.00,1.75
2016.05.23 20:26:23.528,2.13893,2.13967,1.00,1.75
2016.05.23 20:26:26.793,2.13893,2.13966,1.00,1.37
2016.05.23 20:26:26.843,2.139,2.1397,1.00,1.75
2016.05.23 20:26:27.097,2.139,2.1397,1.00,1.37
2016.05.23 20:26:28.146,2.139,2.1397,1.00,1.00
2016.05.23 20:26:37.197,2.13902,2.13972,1.00,1.12
2016.05.23 20:26:44.305,2.13904,2.13974,1.00,1.00
2016.05.23 20:26:47.025,2.13904,2.13974,1.00,1.37
2016.05.23 20:26:47.145,2.13899,2.13969,1.00,1.00
2016.05.23 20:26:47.347,2.13898,2.13969,1.00,1.37
2016.05.23 20:26:48.188,2.13898,2.13969,1.00,1.50
2016.05.23 20:26:56.542,2.13898,2.13968,1.00,1.50
2016.05.23 20:26:59.368,2.13898,2.13969,1.00,1.00
2016.05.23 20:27:05.420,2.13901,2.13974,1.00,1.75
2016.05.23 20:27:13.147,2.13901,2.13974,1.00,1.75
2016.05.23 20:27:13.959,2.13901,2.13974,1.00,1.75
2016.05.23 20:27:14.298,2.13903,2.13973,1.00,1.00
2016.05.23 20:27:19.360,2.13903,2.13973,1.37,1.00
2016.05.23 20:27:22.420,2.13903,2.13973,1.12,1.00
2016.05.23 20:27:22.723,2.13906,2.13977,1.00,1.50
2016.05.23 20:27:26.495,2.13906,2.13977,1.00,1.50
2016.05.23 20:27:29.679,2.13904,2.13975,1.00,1.00
2016.05.23 20:27:29.729,2.13904,2.13975,1.00,1.37
2016.05.23 20:27:29.984,2.13904,2.13975,1.00,1.37
2016.05.23 20:27:30.817,2.13904,2.13975,1.00,1.75
2016.05.23 20:27:30.884,2.13904,2.13975,1.00,1.75
2016.05.23 20:27:31.417,2.13904,2.13975,1.00,1.75
2016.05.23 20:27:36.024,2.13904,2.13975,1.00,1.75
2016.05.23 20:27:37.048,2.13904,2.13975,1.00,1.75
2016.05.23 20:27:37.625,2.13905,2.13976,1.00,1.75
2016.05.23 20:27:38.426,2.13905,2.13976,1.00,1.75
2016.05.23 20:27:38.703,2.13905,2.13976,1.00,1.75
2016.05.23 20:27:38.754,2.13905,2.13976,1.00,1.50
2016.05.23 20:27:39.350,2.13905,2.13976,1.00,1.75
2016.05.23 20:27:39.451,2.13905,2.13976,1.00,1.75
2016.05.23 20:27:40.205,2.13905,2.13976,1.00,1.75
2016.05.23 20:27:47.245,2.13905,2.13975,1.00,1.75
2016.05.23 20:27:50.448,2.13905,2.13975,1.00,1.75
2016.05.23 20:27:51.727,2.13905,2.13975,1.00,1.75
2016.05.23 20:27:53.569,2.13903,2.13973,1.00,1.75
2016.05.23 20:27:53.620,2.13903,2.13973,1.00,1.75
2016.05.23 20:27:55.754,2.13903,2.13973,1.00,1.75
2016.05.23 20:27:57.823,2.13903,2.13973,1.00,1.75
2016.05.23 20:27:58.887,2.13897,2.13968,1.00,1.50
2016.05.23 20:27:59.370,2.13897,2.13968,1.37,1.12
2016.05.23 20:28:00.171,2.13897,2.13968,1.12,1.00
2016.05.23 20:28:02.077,2.13897,2.13968,1.37,1.00
2016.05.23 20:28:05.414,2.13899,2.13971,1.50,1.12
2016.05.23 20:28:06.987,2.13899,2.13971,1.50,1.37
2016.05.23 20:28:07.489,2.13899,2.13971,1.00,1.50
2016.05.23 20:28:08.390,2.13899,2.13971,1.00,1.50
2016.05.23 20:28:08.962,2.13899,2.13971,1.12,1.00
2016.05.23 20:28:09.846,2.13899,2.13971,1.37,1.00
2016.05.23 20:28:13.604,2.13901,2.13971,1.00,1.00
2016.05.23 20:28:16.635,2.13901,2.13971,1.00,1.37
2016.05.23 20:28:17.886,2.13901,2.13971,1.12,1.12
2016.05.23 20:28:18.487,2.13901,2.13971,1.50,1.00
2016.05.23 20:28:23.072,2.13901,2.13974,1.50,1.37
2016.05.23 20:28:24.089,2.13903,2.13975,1.00,1.50
2016.05.23 20:28:28.518,2.13903,2.13975,1.00,1.75
2016.05.23 20:28:31.009,2.13903,2.13975,1.37,1.75
2016.05.23 20:28:31.517,2.13903,2.13975,1.00,1.75
2016.05.23 20:28:34.750,2.13903,2.13973,1.12,1.50
2016.05.23 20:28:34.800,2.13903,2.13973,1.50,1.37
2016.05.23 20:28:35.522,2.13903,2.13973,1.50,1.12
2016.05.23 20:28:37.876,2.13903,2.13973,1.37,1.37
2016.05.23 20:28:38.583,2.13903,2.13973,1.75,1.12
2016.05.23 20:28:39.343,2.13903,2.13973,1.75,1.00
2016.05.23 20:28:41.554,2.13905,2.13975,1.37,1.37
2016.05.23 20:28:41.933,2.13905,2.13975,1.75,1.00
2016.05.23 20:28:43.249,2.13905,2.13975,1.75,1.00
2016.05.23 20:28:44.452,2.13905,2.13975,1.75,1.12
2016.05.23 20:28:51.137,2.13903,2.13974,1.75,1.00
2016.05.23 20:28:57.437,2.13903,2.13975,1.75,1.12
2016.05.23 20:29:01.773,2.13903,2.13975,1.75,1.12
2016.05.23 20:29:04.360,2.13902,2.13973,1.75,1.00
2016.05.23 20:29:04.461,2.13902,2.13971,1.37,1.00
2016.05.23 20:29:04.512,2.13902,2.13973,1.37,1.75
2016.05.23 20:29:04.915,2.13902,2.13973,1.00,1.75
2016.05.23 20:29:05.544,2.13899,2.13972,1.00,1.75
2016.05.23 20:29:06.077,2.13899,2.13967,1.00,1.50
2016.05.23 20:29:07.379,2.13899,2.13967,1.00,1.75
2016.05.23 20:29:11.956,2.13897,2.13967,1.50,1.75
2016.05.23 20:29:12.115,2.13897,2.13967,1.50,1.37
2016.05.23 20:29:13.788,2.13895,2.13967,1.75,1.37
2016.05.23 20:29:14.289,2.13895,2.13967,1.75,1.50
2016.05.23 20:29:14.495,2.13895,2.13967,1.75,1.12
2016.05.23 20:29:14.798,2.13895,2.13967,1.75,1.00
2016.05.23 20:29:17.092,2.13903,2.13967,1.00,1.00
2016.05.23 20:29:20.508,2.13895,2.13967,1.75,1.00
2016.05.23 20:29:21.064,2.13896,2.13968,1.75,1.00
2016.05.23 20:29:27.518,2.13896,2.13968,1.75,1.00
2016.05.23 20:29:28.421,2.13898,2.13967,1.75,1.00
2016.05.23 20:29:30.738,2.13898,2.13967,1.75,1.00
2016.05.23 20:29:30.991,2.13898,2.13967,1.75,1.00
2016.05.23 20:29:31.525,2.13898,2.13967,1.75,1.00
2016.05.23 20:29:32.031,2.13898,2.13967,1.75,1.12
2016.05.23 20:29:32.576,2.13898,2.13967,1.75,1.37
2016.05.23 20:29:38.509,2.13897,2.13966,1.75,1.00
2016.05.23 20:29:39.389,2.13897,2.13966,1.75,1.00
2016.05.23 20:29:40.592,2.13897,2.13967,1.75,1.12
2016.05.23 20:29:40.792,2.13901,2.13967,1.00,1.12
2016.05.23 20:29:41.393,2.13897,2.13967,1.75,1.00
2016.05.23 20:29:44.018,2.13897,2.13967,1.75,1.00
2016.05.23 20:29:45.105,2.13897,2.13967,1.75,1.12
2016.05.23 20:29:45.702,2.13897,2.13967,1.75,1.12
2016.05.23 20:29:45.804,2.13897,2.13966,1.75,1.12
2016.05.23 20:29:51.539,2.13897,2.13966,1.75,1.00
2016.05.23 20:29:56.416,2.13897,2.13966,1.75,1.00
2016.05.23 20:29:56.956,2.13897,2.13967,1.75,1.12
2016.05.23 20:29:58.918,2.13897,2.13967,1.50,1.37
2016.05.23 20:29:59.619,2.13897,2.13967,1.50,1.37
2016.05.23 20:29:59.933,2.13897,2.13967,1.75,1.00
2016.05.23 20:30:00.218,2.13897,2.13967,1.37,1.00
2016.05.23 20:30:00.421,2.13897,2.13967,1.00,1.00
2016.05.23 20:30:00.724,2.13897,2.13967,1.00,1.37
2016.05.23 20:30:01.274,2.13897,2.13967,1.00,1.37
2016.05.23 20:30:02.042,2.13895,2.13967,1.00,1.37
2016.05.23 20:30:03.120,2.13895,2.13967,1.00,1.00
2016.05.23 20:30:05.356,2.13896,2.13967,1.00,1.00
2016.05.23 20:30:05.407,2.13901,2.13972,1.12,1.37
2016.05.23 20:30:05.709,2.13901,2.13972,1.37,1.37
2016.05.23 20:30:05.760,2.13901,2.13972,1.75,1.00
2016.05.23 20:30:10.582,2.139,2.13972,1.50,1.00
2016.05.23 20:30:10.742,2.139,2.13972,1.50,1.00
2016.05.23 20:30:11.348,2.139,2.13972,1.50,1.00
2016.05.23 20:30:12.546,2.139,2.13972,1.50,1.00
2016.05.23 20:30:16.523,2.139,2.13971,1.75,1.00
2016.05.23 20:30:19.301,2.13901,2.13971,1.00,1.00
2016.05.23 20:30:20.276,2.139,2.13971,1.00,1.00
2016.05.23 20:30:22.538,2.13899,2.13969,1.12,1.00
2016.05.23 20:30:22.841,2.13899,2.13969,1.50,1.00
2016.05.23 20:30:26.601,2.13899,2.13969,1.50,1.00
2016.05.23 20:30:27.628,2.13899,2.13968,1.37,1.00
2016.05.23 20:30:28.879,2.13899,2.13968,1.37,1.00
2016.05.23 20:30:29.180,2.13899,2.13968,1.50,1.00
2016.05.23 20:30:29.729,2.13899,2.13968,1.00,1.00
2016.05.23 20:30:33.315,2.13897,2.13967,1.00,1.00
2016.05.23 20:30:37.792,2.13897,2.13967,1.00,1.37
2016.05.23 20:30:38.292,2.13897,2.13967,1.00,1.12
2016.05.23 20:30:38.796,2.13898,2.13968,1.00,1.00
2016.05.23 20:30:42.547,2.13902,2.13975,1.37,1.00
2016.05.23 20:30:42.649,2.13902,2.13975,1.50,1.00
2016.05.23 20:30:46.863,2.13909,2.13979,1.00,1.00
2016.05.23 20:30:53.583,2.13911,2.13982,1.00,1.00
2016.05.23 20:30:54.557,2.13911,2.13982,1.37,1.00
2016.05.23 20:30:54.658,2.13911,2.13982,1.75,1.00
2016.05.23 20:30:54.958,2.13911,2.13982,1.50,1.00
2016.05.23 20:30:55.961,2.13911,2.13982,1.50,1.00
2016.05.23 20:30:56.012,2.13911,2.13982,1.12,1.00
2016.05.23 20:31:03.760,2.13916,2.13987,1.00,1.00
2016.05.23 20:31:04.063,2.13924,2.13994,1.00,1.00
2016.05.23 20:31:04.423,2.13924,2.13994,1.50,1.00
2016.05.23 20:31:04.979,2.13924,2.13994,1.75,1.00
2016.05.23 20:31:05.430,2.13928,2.14001,1.37,1.00
2016.05.23 20:31:06.782,2.13928,2.14001,1.12,1.00
2016.05.23 20:31:10.510,2.13927,2.13999,1.00,1.00
2016.05.23 20:31:11.790,2.13927,2.13999,1.37,1.00
2016.05.23 20:31:12.093,2.13926,2.13996,1.00,1.00
2016.05.23 20:31:13.394,2.13926,2.13996,1.37,1.00
2016.05.23 20:31:15.096,2.13926,2.13996,1.37,1.00
2016.05.23 20:31:17.399,2.13928,2.14,1.75,1.00
2016.05.23 20:31:18.401,2.13928,2.14,1.50,1.00
2016.05.23 20:31:18.452,2.13928,2.14,1.12,1.00
2016.05.23 20:31:19.824,2.13928,2.14,1.37,1.00
2016.05.23 20:31:22.073,2.13928,2.14,1.00,1.12
2016.05.23 20:31:23.799,2.13922,2.14,1.00,1.12
2016.05.23 20:31:23.849,2.13923,2.13993,1.00,1.00
2016.05.23 20:31:29.701,2.13922,2.13993,1.00,1.12
2016.05.23 20:31:34.828,2.13923,2.13996,1.00,1.00
2016.05.23 20:31:35.497,2.13923,2.13996,1.50,1.00
2016.05.23 20:31:36.298,2.13923,2.13996,1.50,1.00
2016.05.23 20:31:40.227,2.13926,2.13997,1.12,1.00
2016.05.23 20:31:40.757,2.13926,2.13997,1.37,1.00
2016.05.23 20:31:40.808,2.13926,2.13997,1.37,1.00
2016.05.23 20:31:43.609,2.13926,2.13997,1.75,1.00
2016.05.23 20:31:45.015,2.13926,2.13997,1.50,1.00
2016.05.23 20:31:45.326,2.13926,2.13997,1.37,1.00
2016.05.23 20:31:51.297,2.13924,2.13997,1.75,1.00
2016.05.23 20:31:53.027,2.13924,2.13997,1.75,1.00
2016.05.23 20:31:54.115,2.13924,2.13997,1.75,1.00
2016.05.23 20:31:54.951,2.13925,2.13998,1.75,1.00
2016.05.23 20:31:56.420,2.13925,2.13998,1.75,1.00
2016.05.23 20:31:57.043,2.13925,2.13998,1.75,1.00
2016.05.23 20:31:57.144,2.13932,2.14003,1.00,1.00
2016.05.23 20:32:03.896,2.13933,2.14004,1.00,1.00
2016.05.23 20:32:05.979,2.13933,2.14004,1.00,1.37
2016.05.23 20:32:06.580,2.13933,2.14004,1.00,1.00
2016.05.23 20:32:10.080,2.13934,2.14007,1.00,1.00
2016.05.23 20:32:12.252,2.13934,2.14007,1.00,1.37
2016.05.23 20:32:12.359,2.13934,2.14007,1.00,1.37
2016.05.23 20:32:13.025,2.13934,2.14007,1.00,1.37
2016.05.23 20:32:14.054,2.13934,2.14007,1.00,1.37
2016.05.23 20:32:15.678,2.13931,2.14004,1.00,1.12
2016.05.23 20:32:15.779,2.13931,2.14004,1.00,1.37
2016.05.23 20:32:16.090,2.13925,2.13998,1.00,1.00
2016.05.23 20:32:16.191,2.13925,2.13998,1.00,1.75
2016.05.23 20:32:16.708,2.13925,2.13998,1.00,1.50
2016.05.23 20:32:17.458,2.13925,2.13998,1.00,1.50
2016.05.23 20:32:17.968,2.13925,2.13998,1.00,1.37
2016.05.23 20:32:18.842,2.13925,2.13998,1.00,1.00
2016.05.23 20:32:21.157,2.13929,2.14002,1.00,1.75
2016.05.23 20:32:21.964,2.13929,2.14002,1.00,1.75
2016.05.23 20:32:23.366,2.13929,2.14002,1.00,1.75
2016.05.23 20:32:23.476,2.13929,2.14001,1.00,1.00
2016.05.23 20:32:26.365,2.1393,2.14002,1.00,1.37
2016.05.23 20:32:26.416,2.1393,2.14002,1.00,1.37
2016.05.23 20:32:27.575,2.1393,2.14002,1.00,1.75
2016.05.23 20:32:27.784,2.1393,2.14002,1.00,1.75
2016.05.23 20:32:28.335,2.1393,2.14002,1.00,1.37
2016.05.23 20:32:28.436,2.1395,2.14018,1.00,1.37
2016.05.23 20:32:28.487,2.1395,2.14022,1.37,1.00
2016.05.23 20:32:28.630,2.1395,2.14024,1.00,1.00
2016.05.23 20:32:29.065,2.13958,2.1403,1.00,1.50
2016.05.23 20:32:29.569,2.13958,2.1403,1.00,1.50
2016.05.23 20:32:29.620,2.13958,2.1403,1.00,1.50
2016.05.23 20:32:35.126,2.13964,2.14035,1.00,1.75
2016.05.23 20:32:35.390,2.13964,2.14035,1.00,1.75
2016.05.23 20:32:36.040,2.13964,2.14035,1.00,1.75
2016.05.23 20:32:36.447,2.13964,2.14035,1.00,1.75
2016.05.23 20:32:36.965,2.13964,2.14035,1.00,1.75
2016.05.23 20:32:40.313,2.13962,2.14036,1.00,1.75
2016.05.23 20:32:41.965,2.13962,2.14036,1.00,1.75
2016.05.23 20:32:44.829,2.13962,2.14029,1.00,1.00
2016.05.23 20:32:46.363,2.13962,2.14036,1.00,1.75
2016.05.23 20:32:46.414,2.13963,2.14036,1.00,1.75
2016.05.23 20:32:46.515,2.13963,2.14036,1.00,1.75
2016.05.23 20:32:47.042,2.13963,2.14036,1.00,1.75
2016.05.23 20:32:49.507,2.13963,2.14036,1.00,1.75
2016.05.23 20:32:49.608,2.13963,2.14036,1.00,1.37
2016.05.23 20:32:50.572,2.13963,2.14036,1.00,1.50
2016.05.23 20:32:50.809,2.13963,2.14036,1.00,1.12
2016.05.23 20:32:51.011,2.13969,2.14043,1.00,1.75
2016.05.23 20:32:52.347,2.13969,2.14043,1.00,1.75
2016.05.23 20:32:54.779,2.13969,2.14043,1.00,1.12
2016.05.23 20:32:56.245,2.13969,2.14043,1.00,1.37
2016.05.23 20:32:56.346,2.13968,2.14041,1.00,1.37
2016.05.23 20:32:56.672,2.13968,2.14041,1.00,1.50
2016.05.23 20:32:57.747,2.13968,2.14041,1.00,1.37
2016.05.23 20:32:59.372,2.13968,2.14041,1.00,1.37
2016.05.23 20:32:59.423,2.13968,2.14041,1.00,1.00
2016.05.23 20:33:00.358,2.13968,2.14041,1.37,1.00
2016.05.23 20:33:00.989,2.13968,2.14041,1.00,1.00
2016.05.23 20:33:02.589,2.13967,2.14039,1.00,1.00
2016.05.23 20:33:07.773,2.13965,2.14038,1.00,1.00
2016.05.23 20:33:12.789,2.13965,2.14038,1.00,1.37
2016.05.23 20:33:13.284,2.13964,2.14038,1.00,1.12
2016.05.23 20:33:15.398,2.13964,2.14038,1.00,1.37
2016.05.23 20:33:24.389,2.13964,2.14038,1.00,1.50
2016.05.23 20:33:24.440,2.13962,2.14038,1.00,1.50
2016.05.23 20:33:24.700,2.13962,2.14037,1.00,1.00
2016.05.23 20:33:26.108,2.13962,2.14038,1.00,1.50
2016.05.23 20:33:27.760,2.13962,2.14038,1.00,1.75
2016.05.23 20:33:28.394,2.13962,2.14038,1.12,1.75
2016.05.23 20:33:30.042,2.13963,2.14038,1.00,1.75
2016.05.23 20:33:30.427,2.13963,2.14038,1.12,1.75
2016.05.23 20:33:31.822,2.13963,2.14038,1.50,1.75
2016.05.23 20:33:35.003,2.13963,2.14038,1.50,1.75
2016.05.23 20:33:35.104,2.13963,2.14038,1.37,1.50
2016.05.23 20:33:35.785,2.13965,2.14039,1.37,1.37
2016.05.23 20:33:35.836,2.13965,2.14039,1.75,1.00
2016.05.23 20:33:37.538,2.13965,2.14039,1.75,1.00
2016.05.23 20:33:38.239,2.13965,2.14039,1.12,1.00
2016.05.23 20:33:40.843,2.13965,2.14039,1.00,1.37
2016.05.23 20:33:41.465,2.13964,2.14039,1.12,1.37
2016.05.23 20:33:44.412,2.13963,2.14039,1.37,1.00
2016.05.23 20:33:44.949,2.13963,2.14039,1.37,1.00
2016.05.23 20:33:45.816,2.13963,2.14039,1.00,1.37
2016.05.23 20:33:45.917,2.13963,2.14039,1.00,1.50
2016.05.23 20:33:49.556,2.13963,2.14039,1.00,1.75
2016.05.23 20:33:55.637,2.13963,2.14039,1.00,1.75
2016.05.23 20:33:55.715,2.13963,2.14039,1.00,1.37
2016.05.23 20:33:56.257,2.13963,2.14039,1.00,1.00
2016.05.23 20:33:59.234,2.13961,2.14038,1.37,1.00
2016.05.23 20:34:04.477,2.13961,2.14038,1.00,1.37
2016.05.23 20:34:04.527,2.13961,2.14035,1.00,1.00
2016.05.23 20:34:05.076,2.13961,2.14035,1.37,1.00
2016.05.23 20:34:05.750,2.13962,2.14035,1.00,1.00
2016.05.23 20:34:09.779,2.13961,2.14035,1.50,1.00
2016.05.23 20:34:10.506,2.13961,2.14038,1.75,1.00
2016.05.23 20:34:16.398,2.13961,2.14038,1.50,1.00
2016.05.23 20:34:21.205,2.13962,2.14038,1.00,1.12
2016.05.23 20:34:22.142,2.13962,2.14038,1.00,1.37
2016.05.23 20:34:22.901,2.13962,2.14038,1.00,1.12
2016.05.23 20:34:24.605,2.13962,2.14038,1.37,1.00
2016.05.23 20:34:24.655,2.13959,2.14035,1.75,1.00
2016.05.23 20:34:24.893,2.13959,2.14035,1.75,1.00
2016.05.23 20:34:25.397,2.13959,2.14035,1.75,1.00
2016.05.23 20:34:25.955,2.13959,2.14035,1.50,1.00
2016.05.23 20:34:30.923,2.13959,2.14035,1.75,1.00
2016.05.23 20:34:34.724,2.13959,2.14035,1.75,1.00
2016.05.23 20:34:34.829,2.13963,2.14039,1.37,1.00
2016.05.23 20:34:35.219,2.13963,2.14039,1.75,1.00
2016.05.23 20:34:50.845,2.13985,2.1406,1.00,1.75
2016.05.23 20:34:51.047,2.14025,2.14091,1.00,1.00
2016.05.23 20:34:51.159,2.14027,2.141,1.37,1.00
2016.05.23 20:34:51.210,2.14034,2.141,1.00,1.00
2016.05.23 20:34:51.756,2.14035,2.141,1.00,1.37
2016.05.23 20:34:55.462,2.14035,2.141,1.00,1.75
2016.05.23 20:34:55.563,2.14035,2.141,1.00,1.75
2016.05.23 20:34:56.440,2.14034,2.141,1.00,1.50
2016.05.23 20:34:56.491,2.14031,2.141,1.00,1.50
2016.05.23 20:34:57.989,2.14032,2.141,1.00,1.50
2016.05.23 20:34:58.428,2.14032,2.14093,1.00,1.00
2016.05.23 20:34:58.990,2.14031,2.14093,1.00,1.00
2016.05.23 20:35:00.305,2.14031,2.141,1.00,1.00
2016.05.23 20:35:00.445,2.14036,2.14101,1.00,1.37
2016.05.23 20:35:00.806,2.1404,2.14101,1.00,1.12
2016.05.23 20:35:00.907,2.14031,2.14101,1.00,1.75
2016.05.23 20:35:01.976,2.14032,2.14101,1.00,1.75
2016.05.23 20:35:02.510,2.14031,2.14101,1.00,1.50
2016.05.23 20:35:02.561,2.14031,2.14101,1.00,1.12
2016.05.23 20:35:03.594,2.14032,2.14101,1.00,1.12
2016.05.23 20:35:05.400,2.14035,2.14101,1.00,1.12
2016.05.23 20:35:05.737,2.14041,2.14101,1.00,1.00
2016.05.23 20:35:06.242,2.1404,2.14101,1.00,1.37
2016.05.23 20:35:11.779,2.1404,2.14101,1.00,1.12
2016.05.23 20:35:12.249,2.14038,2.14101,1.00,1.12
2016.05.23 20:35:17.433,2.14039,2.14101,1.00,1.12
2016.05.23 20:35:26.734,2.14039,2.14101,1.00,1.37
2016.05.23 20:35:30.098,2.14039,2.14101,1.00,1.00
2016.05.23 20:35:30.300,2.14044,2.141,1.00,1.00
2016.05.23 20:35:30.731,2.14048,2.141,1.00,1.00
2016.05.23 20:35:35.644,2.14048,2.14107,1.00,1.00
2016.05.23 20:35:40.749,2.14041,2.14107,1.00,1.00
2016.05.23 20:35:43.689,2.14041,2.14102,1.00,1.00
2016.05.23 20:35:44.251,2.1404,2.14102,1.00,1.00
2016.05.23 20:35:48.795,2.1404,2.14096,1.00,1.00
2016.05.23 20:35:51.026,2.14038,2.14096,1.00,1.00
2016.05.23 20:35:57.471,2.14037,2.14096,1.00,1.00
2016.05.23 20:36:02.639,2.14037,2.14099,1.00,1.00
2016.05.23 20:36:02.740,2.14041,2.14099,1.00,1.00
2016.05.23 20:36:02.842,2.14041,2.14106,1.00,1.00
2016.05.23 20:36:02.893,2.14047,2.14105,1.00,1.00
2016.05.23 20:36:06.454,2.14046,2.14105,1.00,1.00
2016.05.23 20:36:08.059,2.14047,2.14105,1.00,1.00
2016.05.23 20:36:08.791,2.14046,2.14105,1.00,1.00
2016.05.23 20:36:09.591,2.14047,2.14105,1.00,1.00
2016.05.23 20:36:10.141,2.14046,2.14105,1.00,1.00
2016.05.23 20:36:10.833,2.14047,2.14105,1.00,1.00
2016.05.23 20:36:11.372,2.14046,2.14105,1.00,1.00
2016.05.23 20:36:12.388,2.14047,2.14105,1.00,1.00
2016.05.23 20:36:13.434,2.14047,2.14107,1.00,1.12
2016.05.23 20:36:13.939,2.14046,2.14107,1.00,1.12
2016.05.23 20:36:14.736,2.14047,2.14107,1.00,1.12
2016.05.23 20:36:16.389,2.14047,2.14107,1.00,1.37
2016.05.23 20:36:16.591,2.14047,2.14104,1.00,1.00
2016.05.23 20:36:16.894,2.14047,2.14107,1.00,1.00
2016.05.23 20:36:17.877,2.14046,2.14107,1.00,1.00
2016.05.23 20:36:19.196,2.14046,2.14106,1.00,1.00
2016.05.23 20:36:19.834,2.14046,2.14106,1.00,1.37
2016.05.23 20:36:20.408,2.14047,2.14106,1.00,1.37
2016.05.23 20:36:20.509,2.14047,2.14106,1.00,1.75
2016.05.23 20:36:20.711,2.14047,2.14106,1.00,1.37
2016.05.23 20:36:21.241,2.14047,2.14106,1.00,1.00
2016.05.23 20:36:22.500,2.14046,2.14106,1.00,1.00
2016.05.23 20:36:23.201,2.14048,2.14106,1.00,1.00
2016.05.23 20:36:23.896,2.14049,2.14106,1.00,1.00
2016.05.23 20:36:25.199,2.14048,2.14106,1.00,1.00
2016.05.23 20:36:25.754,2.14049,2.14106,1.00,1.00
2016.05.23 20:36:27.305,2.14048,2.14106,1.00,1.00
2016.05.23 20:36:28.608,2.14046,2.14106,1.00,1.00
2016.05.23 20:36:29.710,2.14047,2.14106,1.00,1.00
2016.05.23 20:36:30.365,2.14046,2.14106,1.00,1.00
2016.05.23 20:36:33.620,2.14047,2.14106,1.00,1.00
2016.05.23 20:36:34.322,2.14046,2.14106,1.00,1.00
2016.05.23 20:36:34.837,2.14046,2.14105,1.00,1.00
2016.05.23 20:36:35.375,2.14047,2.14105,1.00,1.00
2016.05.23 20:36:37.329,2.14046,2.14105,1.00,1.00
2016.05.23 20:36:37.931,2.14047,2.14105,1.00,1.00
2016.05.23 20:36:38.633,2.14046,2.14105,1.00,1.00
2016.05.23 20:36:39.135,2.14047,2.14105,1.00,1.00
2016.05.23 20:36:39.736,2.14046,2.14105,1.00,1.00
2016.05.23 20:36:40.239,2.14047,2.14105,1.00,1.00
2016.05.23 20:36:40.673,2.14047,2.14108,1.00,1.00
2016.05.23 20:36:41.322,2.14046,2.14108,1.00,1.00
2016.05.23 20:36:41.874,2.14047,2.14108,1.00,1.00
2016.05.23 20:36:42.546,2.14046,2.14108,1.00,1.00
2016.05.23 20:36:42.776,2.14051,2.14112,1.00,1.12
2016.05.23 20:36:43.080,2.14055,2.14112,1.00,1.00
2016.05.23 20:36:43.710,2.14054,2.14112,1.00,1.00
2016.05.23 20:36:44.222,2.14055,2.14112,1.00,1.00
2016.05.23 20:36:44.532,2.14054,2.14106,1.00,1.00
2016.05.23 20:36:44.583,2.14047,2.14106,1.00,1.00
2016.05.23 20:36:45.855,2.14046,2.14106,1.00,1.00
2016.05.23 20:36:46.625,2.14046,2.14111,1.00,1.37
2016.05.23 20:36:46.675,2.14046,2.14111,1.00,1.37
2016.05.23 20:36:47.567,2.14047,2.14111,1.00,1.75
2016.05.23 20:36:49.788,2.1405,2.14111,1.00,1.75
2016.05.23 20:36:50.467,2.14049,2.14111,1.00,1.75
2016.05.23 20:36:50.969,2.1405,2.14111,1.00,1.75
2016.05.23 20:36:51.553,2.1405,2.14111,1.00,1.50
2016.05.23 20:36:51.756,2.1405,2.1411,1.00,1.00
2016.05.23 20:36:52.557,2.1405,2.14113,1.00,1.50
2016.05.23 20:36:53.073,2.14049,2.14113,1.00,1.75
2016.05.23 20:36:53.175,2.14049,2.14113,1.00,1.75
2016.05.23 20:36:53.700,2.14049,2.14113,1.00,1.75
2016.05.23 20:36:54.790,2.14049,2.14113,1.00,1.75
2016.05.23 20:36:54.841,2.14049,2.14113,1.00,1.37
2016.05.23 20:36:55.380,2.1405,2.14113,1.00,1.37
2016.05.23 20:36:55.759,2.1405,2.14113,1.00,1.37
2016.05.23 20:36:56.282,2.14049,2.14113,1.00,1.75
2016.05.23 20:36:56.605,2.1405,2.14112,1.00,1.00
2016.05.23 20:36:57.198,2.14049,2.14112,1.00,1.00
2016.05.23 20:36:58.006,2.1405,2.14112,1.00,1.00
2016.05.23 20:36:58.507,2.14049,2.14112,1.00,1.00
2016.05.23 20:36:59.593,2.1405,2.14112,1.00,1.00
2016.05.23 20:37:00.092,2.14052,2.14112,1.00,1.00
2016.05.23 20:37:00.895,2.14051,2.14112,1.00,1.00
2016.05.23 20:37:01.496,2.14052,2.14112,1.00,1.00
2016.05.23 20:37:02.194,2.14052,2.14113,1.00,1.00
2016.05.23 20:37:02.768,2.14051,2.14113,1.00,1.00
2016.05.23 20:37:03.921,2.14052,2.14113,1.00,1.00
2016.05.23 20:37:04.303,2.14059,2.14113,1.00,1.00
2016.05.23 20:37:04.815,2.1406,2.14113,1.00,1.00
2016.05.23 20:37:06.827,2.14059,2.14113,1.00,1.00
2016.05.23 20:37:07.359,2.14059,2.14114,1.00,1.00
2016.05.23 20:37:07.919,2.1406,2.14114,1.00,1.00
2016.05.23 20:37:08.456,2.14059,2.14114,1.00,1.00
2016.05.23 20:37:09.002,2.1406,2.14114,1.00,1.00
2016.05.23 20:37:09.121,2.14055,2.14114,1.50,1.00
2016.05.23 20:37:10.124,2.14056,2.14114,1.00,1.00
2016.05.23 20:37:10.675,2.14055,2.14114,1.00,1.00
2016.05.23 20:37:11.535,2.14056,2.14114,1.00,1.00
2016.05.23 20:37:12.177,2.14055,2.14114,1.00,1.00
2016.05.23 20:37:12.555,2.14055,2.14112,1.00,1.00
2016.05.23 20:37:13.084,2.14056,2.14112,1.00,1.00
2016.05.23 20:37:13.595,2.14055,2.14112,1.00,1.00
2016.05.23 20:37:14.180,2.14054,2.14112,1.00,1.00
2016.05.23 20:37:16.245,2.14055,2.14112,1.00,1.00
2016.05.23 20:37:17.749,2.14054,2.14112,1.00,1.00
2016.05.23 20:37:18.286,2.14055,2.14112,1.00,1.00
2016.05.23 20:37:19.291,2.14054,2.14112,1.00,1.00
2016.05.23 20:37:20.594,2.14055,2.14112,1.00,1.00
2016.05.23 20:37:21.260,2.14054,2.14112,1.00,1.00
2016.05.23 20:37:22.903,2.14055,2.14112,1.00,1.00
2016.05.23 20:37:23.405,2.14055,2.14113,1.00,1.00
2016.05.23 20:37:24.169,2.14054,2.14113,1.00,1.00
2016.05.23 20:37:25.071,2.14053,2.14113,1.00,1.00
2016.05.23 20:37:31.382,2.14054,2.14113,1.00,1.00
2016.05.23 20:37:35.235,2.14054,2.14111,1.00,1.00
2016.05.23 20:37:37.506,2.14053,2.14111,1.00,1.00
2016.05.23 20:37:40.008,2.14054,2.14111,1.00,1.00
2016.05.23 20:37:42.610,2.14054,2.14112,1.00,1.00
2016.05.23 20:37:43.680,2.14053,2.14112,1.00,1.00
2016.05.23 20:37:44.442,2.14052,2.14112,1.00,1.00
2016.05.23 20:37:47.839,2.14053,2.14112,1.00,1.00
2016.05.23 20:37:48.561,2.14051,2.14112,1.00,1.00
2016.05.23 20:37:49.497,2.14052,2.14112,1.00,1.00
2016.05.23 20:37:54.933,2.14051,2.14112,1.00,1.00
2016.05.23 20:37:55.696,2.14052,2.14112,1.00,1.00
2016.05.23 20:37:57.540,2.14051,2.14112,1.00,1.00
2016.05.23 20:37:59.091,2.14052,2.14112,1.00,1.00
2016.05.23 20:37:59.846,2.14051,2.14112,1.00,1.00
2016.05.23 20:38:06.863,2.14053,2.14112,1.00,1.00
2016.05.23 20:38:11.978,2.14052,2.14112,1.00,1.00
2016.05.23 20:38:17.487,2.14053,2.14112,1.00,1.00
2016.05.23 20:38:18.024,2.14052,2.14112,1.00,1.00
2016.05.23 20:38:19.061,2.14052,2.14111,1.00,1.00
2016.05.23 20:38:24.400,2.14052,2.14112,1.00,1.00
2016.05.23 20:38:24.738,2.14054,2.14112,1.00,1.00
2016.05.23 20:38:25.908,2.14053,2.14112,1.00,1.00
2016.05.23 20:38:26.712,2.14054,2.14112,1.00,1.00
2016.05.23 20:38:27.355,2.14053,2.14112,1.00,1.00
2016.05.23 20:38:29.116,2.14054,2.14112,1.00,1.00
2016.05.23 20:38:29.625,2.14052,2.14112,1.00,1.00
2016.05.23 20:38:30.514,2.14052,2.14111,1.00,1.00
2016.05.23 20:38:31.029,2.14053,2.14111,1.00,1.00
2016.05.23 20:38:36.154,2.14053,2.1411,1.00,1.00
2016.05.23 20:38:37.242,2.14052,2.1411,1.00,1.00
2016.05.23 20:38:41.409,2.14052,2.14109,1.00,1.00
2016.05.23 20:38:41.971,2.14051,2.14109,1.00,1.00
2016.05.23 20:38:42.727,2.14052,2.14109,1.00,1.00
2016.05.23 20:38:45.361,2.14051,2.14109,1.00,1.00
2016.05.23 20:38:48.066,2.14052,2.14109,1.00,1.00
2016.05.23 20:38:50.588,2.14051,2.14109,1.00,1.00
2016.05.23 20:38:52.006,2.14052,2.14109,1.00,1.00
2016.05.23 20:38:52.692,2.14051,2.14109,1.00,1.00
2016.05.23 20:38:55.880,2.1405,2.14109,1.00,1.00
2016.05.23 20:38:56.821,2.14051,2.14109,1.00,1.00
2016.05.23 20:39:01.089,2.14054,2.14109,1.00,1.00
2016.05.23 20:39:02.993,2.14053,2.14109,1.00,1.00
2016.05.23 20:39:06.140,2.14053,2.1411,1.00,1.00
2016.05.23 20:39:06.252,2.14051,2.1411,1.00,1.00
2016.05.23 20:39:07.301,2.14052,2.1411,1.00,1.00
2016.05.23 20:39:11.211,2.14053,2.1411,1.00,1.00
2016.05.23 20:39:18.817,2.14053,2.14113,1.00,1.00
2016.05.23 20:39:19.674,2.14054,2.14113,1.00,1.00
2016.05.23 20:39:26.877,2.14054,2.1411,1.00,1.00
2016.05.23 20:39:26.978,2.14051,2.1411,1.00,1.00
2016.05.23 20:39:27.528,2.14052,2.1411,1.00,1.00
2016.05.23 20:39:28.267,2.14051,2.1411,1.00,1.00
2016.05.23 20:39:30.173,2.14052,2.1411,1.00,1.00
2016.05.23 20:39:30.949,2.14051,2.1411,1.00,1.00
2016.05.23 20:39:34.262,2.14051,2.14108,1.00,1.00
2016.05.23 20:39:35.960,2.1405,2.14108,1.00,1.00
2016.05.23 20:39:39.327,2.1405,2.14109,1.00,1.00
2016.05.23 20:39:43.884,2.14049,2.14109,1.00,1.00
2016.05.23 20:39:44.443,2.14051,2.14109,1.00,1.00
2016.05.23 20:39:44.887,2.14054,2.14109,1.00,1.00
2016.05.23 20:39:45.983,2.14055,2.14109,1.00,1.00
2016.05.23 20:39:47.037,2.14055,2.14111,1.00,1.00
2016.05.23 20:39:48.138,2.14054,2.14111,1.00,1.00
2016.05.23 20:39:49.740,2.14055,2.14111,1.00,1.00
2016.05.23 20:39:53.328,2.14054,2.14111,1.00,1.00
2016.05.23 20:39:54.013,2.14055,2.14111,1.00,1.00
2016.05.23 20:39:54.912,2.14059,2.14111,1.00,1.00
2016.05.23 20:39:56.660,2.14059,2.14116,1.00,1.00
2016.05.23 20:39:57.698,2.1406,2.14116,1.00,1.00
2016.05.23 20:39:59.201,2.1406,2.1411,1.00,1.00
2016.05.23 20:39:59.924,2.14057,2.1411,1.00,1.00
2016.05.23 20:40:01.016,2.14058,2.1411,1.00,1.00
2016.05.23 20:40:02.042,2.14058,2.14117,1.00,1.00
2016.05.23 20:40:02.093,2.1406,2.14117,1.00,1.00
2016.05.23 20:40:06.353,2.14061,2.14117,1.00,1.00
2016.05.23 20:40:09.222,2.14061,2.14115,1.00,1.00
2016.05.23 20:40:09.961,2.14062,2.14115,1.00,1.00
2016.05.23 20:40:11.191,2.14061,2.14115,1.00,1.00
2016.05.23 20:40:11.993,2.14063,2.14115,1.00,1.00
2016.05.23 20:40:16.976,2.14061,2.14115,1.00,1.00
2016.05.23 20:40:17.477,2.1406,2.14115,1.00,1.00
2016.05.23 20:40:18.701,2.14061,2.14115,1.00,1.00
2016.05.23 20:40:19.603,2.1406,2.14115,1.00,1.00
2016.05.23 20:40:21.321,2.14061,2.14115,1.00,1.00
2016.05.23 20:40:22.586,2.14059,2.14115,1.00,1.00
2016.05.23 20:40:23.527,2.1406,2.14115,1.00,1.00
2016.05.23 20:40:24.489,2.14059,2.14115,1.00,1.00
2016.05.23 20:40:28.097,2.14063,2.14115,1.00,1.00
2016.05.23 20:40:28.825,2.14063,2.14117,1.00,1.00
2016.05.23 20:40:29.369,2.14062,2.14117,1.00,1.00
2016.05.23 20:40:30.967,2.14063,2.14117,1.00,1.00
2016.05.23 20:40:31.629,2.14062,2.14117,1.00,1.00
2016.05.23 20:40:33.212,2.14063,2.14117,1.00,1.00
2016.05.23 20:40:33.312,2.14058,2.14117,1.00,1.00
2016.05.23 20:40:34.022,2.14057,2.14117,1.00,1.00
2016.05.23 20:40:35.917,2.14057,2.14115,1.00,1.00
2016.05.23 20:40:36.422,2.14058,2.14115,1.00,1.00
2016.05.23 20:40:36.974,2.14057,2.14115,1.00,1.00
2016.05.23 20:40:38.426,2.14056,2.14115,1.00,1.00
2016.05.23 20:40:45.241,2.14054,2.14115,1.00,1.00
2016.05.23 20:40:45.995,2.14054,2.14114,1.00,1.00
2016.05.23 20:40:51.383,2.14055,2.14114,1.00,1.00
2016.05.23 20:40:51.957,2.14057,2.14114,1.00,1.00
2016.05.23 20:40:54.418,2.14057,2.14115,1.00,1.00
2016.05.23 20:40:54.959,2.14058,2.14115,1.00,1.00
2016.05.23 20:40:55.507,2.14057,2.14115,1.00,1.00
2016.05.23 20:40:55.849,2.14057,2.1411,1.00,1.00
2016.05.23 20:40:55.908,2.14051,2.1411,1.00,1.00
2016.05.23 20:40:57.780,2.1405,2.1411,1.00,1.00
2016.05.23 20:40:57.831,2.1405,2.14104,1.00,1.00
2016.05.23 20:40:57.881,2.14048,2.14104,1.00,1.00
2016.05.23 20:40:57.932,2.14042,2.14104,1.00,1.00
2016.05.23 20:41:02.917,2.14044,2.14108,1.00,1.00
2016.05.23 20:41:05.488,2.14045,2.14108,1.00,1.00
2016.05.23 20:41:09.098,2.14046,2.14108,1.00,1.00
2016.05.23 20:41:09.947,2.14045,2.14108,1.00,1.00
2016.05.23 20:41:10.634,2.14045,2.14109,1.00,1.00
2016.05.23 20:41:12.832,2.14046,2.14109,1.00,1.00
2016.05.23 20:41:14.212,2.14049,2.14109,1.00,1.00
2016.05.23 20:41:19.271,2.14048,2.14109,1.00,1.00
2016.05.23 20:41:23.543,2.14047,2.14109,1.00,1.00
2016.05.23 20:41:24.744,2.14048,2.14109,1.00,1.00
2016.05.23 20:41:24.977,2.14045,2.14109,1.50,1.00
2016.05.23 20:41:26.681,2.1405,2.1412,1.75,1.37
2016.05.23 20:41:27.000,2.14062,2.1412,1.00,1.37
2016.05.23 20:41:28.544,2.14062,2.1412,1.00,1.00
2016.05.23 20:41:31.314,2.14062,2.14124,1.00,1.00
2016.05.23 20:41:31.765,2.1406,2.14124,1.00,1.00
2016.05.23 20:41:32.459,2.14059,2.14124,1.00,1.00
2016.05.23 20:41:33.087,2.1406,2.14124,1.00,1.00
2016.05.23 20:41:36.361,2.14061,2.1413,1.00,1.00
2016.05.23 20:41:36.462,2.14063,2.1413,1.00,1.00
2016.05.23 20:41:37.044,2.14067,2.1413,1.00,1.00
2016.05.23 20:41:38.026,2.14068,2.1413,1.00,1.00
2016.05.23 20:41:40.082,2.14067,2.1413,1.00,1.00
2016.05.23 20:41:41.787,2.14069,2.1413,1.00,1.00
2016.05.23 20:41:44.036,2.14068,2.1413,1.00,1.00
2016.05.23 20:41:44.595,2.14069,2.1413,1.00,1.00
2016.05.23 20:41:46.802,2.14067,2.1413,1.00,1.00
2016.05.23 20:41:48.166,2.14067,2.14132,1.00,1.00
2016.05.23 20:41:49.009,2.14066,2.14132,1.00,1.00
2016.05.23 20:41:49.562,2.14067,2.14132,1.00,1.00
2016.05.23 20:41:52.216,2.14069,2.14132,1.00,1.00
2016.05.23 20:41:54.944,2.14069,2.14134,1.00,1.00
2016.05.23 20:41:56.925,2.14068,2.14134,1.00,1.00
2016.05.23 20:41:57.476,2.14067,2.14134,1.00,1.37
2016.05.23 20:41:58.652,2.14066,2.14134,1.00,1.75
2016.05.23 20:41:59.338,2.14066,2.14134,1.00,1.50
2016.05.23 20:41:59.452,2.14066,2.14134,1.00,1.12
2016.05.23 20:42:00.931,2.14067,2.14134,1.00,1.12
2016.05.23 20:42:03.317,2.14067,2.14132,1.00,1.00
2016.05.23 20:42:03.368,2.14065,2.14132,1.00,1.00
2016.05.23 20:42:08.845,2.14064,2.14132,1.00,1.00
2016.05.23 20:42:09.947,2.14063,2.14132,1.00,1.00
2016.05.23 20:42:10.167,2.14067,2.14131,1.00,1.00
2016.05.23 20:42:10.348,2.14063,2.14131,1.75,1.00
2016.05.23 20:42:10.949,2.14064,2.14131,1.12,1.00
2016.05.23 20:42:18.938,2.14063,2.1413,1.50,1.00
2016.05.23 20:42:19.602,2.14063,2.1413,1.00,1.12
2016.05.23 20:42:20.604,2.14064,2.1413,1.00,1.12
2016.05.23 20:42:25.175,2.14063,2.1413,1.00,1.12
2016.05.23 20:42:25.769,2.14063,2.14132,1.00,1.37
2016.05.23 20:42:26.377,2.14063,2.14132,1.00,1.37
2016.05.23 20:42:27.000,2.14063,2.14132,1.12,1.00
2016.05.23 20:42:27.051,2.14067,2.14137,1.00,1.00
2016.05.23 20:42:27.552,2.14068,2.14137,1.00,1.00
2016.05.23 20:42:29.215,2.14067,2.14137,1.50,1.00
2016.05.23 20:42:32.425,2.14067,2.14132,1.00,1.00
2016.05.23 20:42:32.992,2.14066,2.14132,1.00,1.00
2016.05.23 20:42:33.573,2.14067,2.14132,1.00,1.00
2016.05.23 20:42:36.098,2.14066,2.14132,1.00,1.00
2016.05.23 20:42:36.282,2.14064,2.14132,1.00,1.00
2016.05.23 20:42:41.308,2.14069,2.14132,1.00,1.00
2016.05.23 20:42:44.914,2.14068,2.14132,1.00,1.00
2016.05.23 20:42:45.066,2.14069,2.14137,1.00,1.00
2016.05.23 20:42:45.845,2.14069,2.14138,1.00,1.00
2016.05.23 20:42:46.520,2.14068,2.14138,1.00,1.00
2016.05.23 20:42:47.219,2.1407,2.14138,1.00,1.00
2016.05.23 20:42:52.935,2.14069,2.14138,1.00,1.00
2016.05.23 20:42:54.027,2.1407,2.14138,1.00,1.00
2016.05.23 20:42:54.900,2.1407,2.14136,1.00,1.00
2016.05.23 20:42:56.947,2.14069,2.14136,1.00,1.00
2016.05.23 20:42:57.449,2.1407,2.14136,1.00,1.00
2016.05.23 20:43:00.077,2.1407,2.14138,1.00,1.00
2016.05.23 20:43:00.229,2.1407,2.14138,1.37,1.00
2016.05.23 20:43:00.330,2.1407,2.14138,1.00,1.00
2016.05.23 20:43:01.158,2.14069,2.14138,1.00,1.00
2016.05.23 20:43:02.259,2.1407,2.14138,1.00,1.00
2016.05.23 20:43:02.983,2.14069,2.14138,1.00,1.00
2016.05.23 20:43:03.084,2.14071,2.14138,1.00,1.00
2016.05.23 20:43:03.863,2.1407,2.14138,1.00,1.00
2016.05.23 20:43:04.415,2.14071,2.14138,1.00,1.00
2016.05.23 20:43:05.288,2.14071,2.14139,1.00,1.00
2016.05.23 20:43:06.130,2.14071,2.14138,1.00,1.00
2016.05.23 20:43:08.290,2.14074,2.14138,1.00,1.00
2016.05.23 20:43:08.975,2.14073,2.14138,1.00,1.00
2016.05.23 20:43:11.880,2.14074,2.14138,1.00,1.00
2016.05.23 20:43:13.150,2.14073,2.14138,1.00,1.00
2016.05.23 20:43:13.334,2.14069,2.14138,1.00,1.00
2016.05.23 20:43:15.887,2.14068,2.14138,1.50,1.00
2016.05.23 20:43:16.563,2.14069,2.14138,1.00,1.00
2016.05.23 20:43:17.290,2.14069,2.14137,1.00,1.00
2016.05.23 20:43:21.374,2.14069,2.14137,1.00,1.37
2016.05.23 20:43:21.897,2.14068,2.14137,1.00,1.37
2016.05.23 20:43:23.161,2.14068,2.14137,1.00,1.37
2016.05.23 20:43:23.735,2.14067,2.14137,1.00,1.75
2016.05.23 20:43:26.006,2.14068,2.14133,1.00,1.37
2016.05.23 20:43:26.998,2.14072,2.14133,1.00,1.00
2016.05.23 20:43:27.048,2.14072,2.14139,1.00,1.00
2016.05.23 20:43:27.150,2.14076,2.14139,1.00,1.00
2016.05.23 20:43:33.021,2.14077,2.14139,1.00,1.00
2016.05.23 20:43:35.855,2.14077,2.14143,1.00,1.00
2016.05.23 20:43:37.003,2.14076,2.14143,1.00,1.00
2016.05.23 20:43:38.040,2.14077,2.14143,1.00,1.00
2016.05.23 20:43:40.534,2.14078,2.14143,1.00,1.00
2016.05.23 20:43:40.636,2.14074,2.14144,1.00,1.12
2016.05.23 20:43:40.686,2.14074,2.14137,1.00,1.00
2016.05.23 20:43:40.737,2.14069,2.14137,1.00,1.00
2016.05.23 20:43:45.716,2.14069,2.14136,1.00,1.00
2016.05.23 20:43:46.421,2.14068,2.14136,1.00,1.00
2016.05.23 20:43:47.073,2.14067,2.14136,1.00,1.00
2016.05.23 20:43:47.958,2.14068,2.14136,1.00,1.00
2016.05.23 20:43:51.589,2.14068,2.14137,1.00,1.00
2016.05.23 20:43:53.002,2.14069,2.14137,1.00,1.00
2016.05.23 20:43:53.509,2.14068,2.14137,1.00,1.00
2016.05.23 20:43:58.692,2.14067,2.14137,1.00,1.00
2016.05.23 20:44:00.598,2.14066,2.14137,1.00,1.00
2016.05.23 20:44:01.447,2.14066,2.14135,1.00,1.00
2016.05.23 20:44:02.021,2.1407,2.14141,1.37,1.00
2016.05.23 20:44:02.122,2.14076,2.14141,1.00,1.00
2016.05.23 20:44:05.024,2.1407,2.14141,1.50,1.00
2016.05.23 20:44:05.125,2.14066,2.14136,1.00,1.00
2016.05.23 20:44:08.920,2.14067,2.14136,1.00,1.00
2016.05.23 20:44:09.749,2.14066,2.14136,1.00,1.00
2016.05.23 20:44:10.732,2.14066,2.14135,1.00,1.00
2016.05.23 20:44:10.934,2.14061,2.14133,1.00,1.00
2016.05.23 20:44:11.857,2.1406,2.14133,1.50,1.00
2016.05.23 20:44:12.844,2.14061,2.14133,1.00,1.00
2016.05.23 20:44:13.209,2.14067,2.14139,1.00,1.00
2016.05.23 20:44:13.634,2.14069,2.14139,1.00,1.00
2016.05.23 20:44:14.555,2.14072,2.14139,1.00,1.00
2016.05.23 20:44:18.245,2.14072,2.1414,1.00,1.00
2016.05.23 20:44:19.160,2.14071,2.1414,1.00,1.00
2016.05.23 20:44:19.750,2.1407,2.1414,1.00,1.37
2016.05.23 20:44:25.361,2.14067,2.1414,1.00,1.37
2016.05.23 20:44:25.788,2.14067,2.1414,1.50,1.75
2016.05.23 20:44:27.994,2.14067,2.1414,1.00,1.75
2016.05.23 20:44:28.096,2.14067,2.1414,1.50,1.50
2016.05.23 20:44:28.247,2.14067,2.1414,1.50,1.50
2016.05.23 20:44:28.932,2.14067,2.1414,1.50,1.75
2016.05.23 20:44:29.473,2.14067,2.1414,1.50,1.75
2016.05.23 20:44:30.732,2.14066,2.14136,1.00,1.12
2016.05.23 20:44:31.967,2.14067,2.14136,1.00,1.00
2016.05.23 20:44:33.376,2.14066,2.14136,1.00,1.00
2016.05.23 20:44:33.692,2.14057,2.14126,1.00,1.00
2016.05.23 20:44:34.015,2.14057,2.14126,1.75,1.00
2016.05.23 20:44:34.405,2.14057,2.14131,1.75,1.00
2016.05.23 20:44:34.962,2.1406,2.1413,1.50,1.00
2016.05.23 20:44:39.385,2.1406,2.1413,1.87,1.00
2016.05.23 20:44:40.379,2.14061,2.14132,1.37,1.00
2016.05.23 20:44:40.429,2.14061,2.14132,1.37,1.00
2016.05.23 20:44:40.888,2.14061,2.14132,1.50,1.00
2016.05.23 20:44:45.423,2.14061,2.14132,1.37,1.00
2016.05.23 20:44:46.008,2.14061,2.14132,1.87,1.00
2016.05.23 20:44:46.572,2.14061,2.14133,1.12,1.00
2016.05.23 20:44:54.798,2.1406,2.14131,2.25,1.00
2016.05.23 20:44:55.101,2.14059,2.14127,1.00,1.00
2016.05.23 20:44:55.626,2.1406,2.14127,1.00,1.00
2016.05.23 20:44:56.528,2.14059,2.14127,1.00,1.00
2016.05.23 20:44:57.842,2.1406,2.14127,1.00,1.00
2016.05.23 20:44:58.633,2.14058,2.14127,1.00,1.00
2016.05.23 20:44:58.713,2.14055,2.14127,1.12,1.00
2016.05.23 20:44:58.815,2.14055,2.14127,1.00,1.75
2016.05.23 20:44:59.016,2.14061,2.14132,1.00,1.00
2016.05.23 20:45:07.462,2.1406,2.14132,1.00,1.00
2016.05.23 20:45:08.511,2.14061,2.14132,1.00,1.00
2016.05.23 20:45:09.103,2.14058,2.14132,1.37,1.12
2016.05.23 20:45:11.528,2.14058,2.14132,1.00,1.12
2016.05.23 20:45:12.223,2.14058,2.14132,1.00,1.37
2016.05.23 20:45:12.956,2.14055,2.14127,1.87,1.00
2016.05.23 20:45:13.932,2.14056,2.14127,1.37,1.00
2016.05.23 20:45:14.156,2.14061,2.14134,1.12,1.00
2016.05.23 20:45:14.208,2.14067,2.14139,1.37,1.37
2016.05.23 20:45:14.259,2.14067,2.14139,1.75,1.00
2016.05.23 20:45:14.764,2.14067,2.14139,1.75,1.00
2016.05.23 20:45:14.815,2.14073,2.14145,1.37,1.00
2016.05.23 20:45:18.651,2.14073,2.14145,1.00,1.00
2016.05.23 20:45:20.650,2.14068,2.14142,2.25,1.00
2016.05.23 20:45:20.802,2.14062,2.14136,1.37,1.75
2016.05.23 20:45:20.903,2.14062,2.14136,1.75,1.00
2016.05.23 20:45:21.105,2.14063,2.14135,1.00,1.50
2016.05.23 20:45:21.509,2.14063,2.14135,1.37,1.00
2016.05.23 20:45:21.875,2.14063,2.14135,1.12,1.00
2016.05.23 20:45:27.300,2.14065,2.14139,1.00,1.12
2016.05.23 20:45:28.823,2.14065,2.14139,1.00,1.50
2016.05.23 20:45:28.924,2.14065,2.14139,1.00,1.12
2016.05.23 20:45:29.484,2.14065,2.14139,1.12,1.37
2016.05.23 20:45:30.085,2.14065,2.14139,1.12,1.12
2016.05.23 20:45:31.013,2.14065,2.14139,1.00,1.87
2016.05.23 20:45:31.064,2.14059,2.14131,2.25,1.00
2016.05.23 20:45:31.115,2.14059,2.14131,1.87,1.37
2016.05.23 20:45:31.426,2.14059,2.14131,1.37,1.00
2016.05.23 20:45:31.627,2.14059,2.14131,1.12,1.00
2016.05.23 20:45:32.591,2.14059,2.14131,2.25,1.00
2016.05.23 20:45:33.730,2.14066,2.14139,1.37,1.12
2016.05.23 20:45:33.781,2.14066,2.14139,1.75,1.00
2016.05.23 20:45:33.932,2.14072,2.14146,1.75,1.00
2016.05.23 20:45:34.140,2.14072,2.14146,1.75,1.00
2016.05.23 20:45:34.646,2.14072,2.14146,1.75,1.00
2016.05.23 20:45:35.393,2.14072,2.14146,1.75,1.00
2016.05.23 20:45:35.444,2.1408,2.14153,1.00,1.00
2016.05.23 20:45:35.495,2.1408,2.14153,1.37,1.00
2016.05.23 20:45:40.222,2.1408,2.1416,1.75,1.00
2016.05.23 20:45:40.273,2.14086,2.14161,1.00,1.00
2016.05.23 20:45:40.864,2.14086,2.14161,1.50,1.00
2016.05.23 20:45:46.638,2.1409,2.14165,1.00,1.00
2016.05.23 20:45:46.688,2.14092,2.14165,1.00,1.00
2016.05.23 20:45:46.991,2.14097,2.14172,1.00,1.00
2016.05.23 20:45:49.502,2.14097,2.14172,1.00,1.37
2016.05.23 20:45:49.903,2.14097,2.14172,1.00,1.50
2016.05.23 20:45:49.954,2.14097,2.14172,1.00,1.50
2016.05.23 20:45:51.756,2.14106,2.14179,1.00,1.75
2016.05.23 20:45:51.908,2.14107,2.1418,1.37,1.12
2016.05.23 20:45:52.010,2.14115,2.14188,1.00,1.37
2016.05.23 20:45:52.069,2.14115,2.14188,1.00,1.12
2016.05.23 20:45:52.697,2.14116,2.14188,1.00,1.00
2016.05.23 20:45:53.293,2.14115,2.14188,1.50,1.00
2016.05.23 20:45:53.909,2.14116,2.14188,1.00,1.00
2016.05.23 20:45:55.931,2.14116,2.14188,1.37,1.00
2016.05.23 20:45:55.982,2.14121,2.14196,1.37,1.00
2016.05.23 20:45:56.033,2.14121,2.14196,1.75,1.00
2016.05.23 20:45:56.235,2.1413,2.14202,1.00,1.00
2016.05.23 20:45:56.558,2.14123,2.14194,1.00,1.00
2016.05.23 20:45:59.935,2.14121,2.14194,1.00,1.00
2016.05.23 20:46:02.134,2.14124,2.14198,1.00,1.00
2016.05.23 20:46:06.165,2.14132,2.14205,1.00,1.75
2016.05.23 20:46:06.267,2.14139,2.14212,1.37,1.00
2016.05.23 20:46:06.418,2.14136,2.14207,1.00,1.00
2016.05.23 20:46:06.721,2.14132,2.14207,1.75,1.00
2016.05.23 20:46:11.245,2.14132,2.14207,1.75,1.00
2016.05.23 20:46:14.673,2.14132,2.14207,1.75,1.00
2016.05.23 20:46:15.242,2.14132,2.14207,1.75,1.00
2016.05.23 20:46:15.293,2.14132,2.14207,1.75,1.00
2016.05.23 20:46:20.132,2.14136,2.14213,1.75,1.00
2016.05.23 20:46:20.183,2.14136,2.14213,1.75,1.00
2016.05.23 20:46:21.301,2.14136,2.14213,1.75,1.00
2016.05.23 20:46:21.576,2.14136,2.14213,1.75,1.00
2016.05.23 20:46:23.979,2.14136,2.14213,1.50,1.00
2016.05.23 20:46:26.188,2.14137,2.14212,1.75,1.00
2016.05.23 20:46:27.098,2.14137,2.14212,1.75,1.00
2016.05.23 20:46:29.634,2.14137,2.14212,1.50,1.00
2016.05.23 20:46:32.024,2.14137,2.14212,1.75,1.00
2016.05.23 20:46:33.162,2.14135,2.14209,1.75,1.00
2016.05.23 20:46:33.525,2.14135,2.14209,1.75,1.00
2016.05.23 20:46:36.530,2.14139,2.14209,1.00,1.00
2016.05.23 20:46:39.802,2.14136,2.14211,1.75,1.00
2016.05.23 20:46:40.485,2.14136,2.14211,1.75,1.00
2016.05.23 20:46:40.586,2.14144,2.14217,1.37,1.00
2016.05.23 20:46:41.060,2.14144,2.14217,1.37,1.00
2016.05.23 20:46:41.415,2.14144,2.14217,1.75,1.00
2016.05.23 20:46:41.737,2.14144,2.14217,1.75,1.00
2016.05.23 20:46:43.700,2.14144,2.14217,1.75,1.00
2016.05.23 20:46:52.328,2.14148,2.14222,1.12,1.00
2016.05.23 20:46:58.292,2.14146,2.14219,1.75,1.00
2016.05.23 20:46:58.730,2.14146,2.14219,1.75,1.00
2016.05.23 20:46:59.046,2.14146,2.14219,1.75,1.00
2016.05.23 20:46:59.458,2.14146,2.14219,1.75,1.00
2016.05.23 20:47:04.096,2.1415,2.14223,1.00,1.00
2016.05.23 20:47:05.864,2.1415,2.14223,1.37,1.00
2016.05.23 20:47:10.970,2.1415,2.14223,1.50,1.00
2016.05.23 20:47:12.471,2.1415,2.14223,1.37,1.00
2016.05.23 20:47:16.398,2.14149,2.14221,1.50,1.00
2016.05.23 20:47:19.378,2.14149,2.14221,1.50,1.00
2016.05.23 20:47:23.925,2.1415,2.14223,1.12,1.00
2016.05.23 20:47:25.908,2.1415,2.14223,1.50,1.00
2016.05.23 20:47:26.986,2.1415,2.14223,1.12,1.00
2016.05.23 20:47:27.137,2.14144,2.14217,1.50,1.00
2016.05.23 20:47:27.188,2.14144,2.14217,1.12,1.00
2016.05.23 20:47:27.586,2.14137,2.1421,1.75,1.00
2016.05.23 20:47:30.698,2.14137,2.1421,1.75,1.00
2016.05.23 20:47:30.986,2.14137,2.1421,1.75,1.00
2016.05.23 20:47:31.216,2.14137,2.1421,1.75,1.00
2016.05.23 20:47:32.027,2.14137,2.1421,1.75,1.00
2016.05.23 20:47:32.749,2.14135,2.14209,1.75,1.00
2016.05.23 20:47:34.030,2.14135,2.14209,1.75,1.00
2016.05.23 20:47:34.752,2.14135,2.14209,1.75,1.00
2016.05.23 20:47:35.703,2.14137,2.14209,1.00,1.00
2016.05.23 20:47:36.405,2.14135,2.14209,1.50,1.00
2016.05.23 20:47:36.506,2.14135,2.14209,1.75,1.00
2016.05.23 20:47:36.798,2.14142,2.14216,1.37,1.00
2016.05.23 20:47:39.511,2.14142,2.14216,1.37,1.00
2016.05.23 20:47:42.290,2.14144,2.14219,1.12,1.00
2016.05.23 20:47:47.921,2.14145,2.14219,1.00,1.12
2016.05.23 20:47:47.971,2.1414,2.14213,1.00,1.00
2016.05.23 20:47:48.476,2.14139,2.14213,1.12,1.00
2016.05.23 20:47:55.591,2.14134,2.14209,1.75,1.00
2016.05.23 20:47:55.742,2.14134,2.14209,1.37,1.00
2016.05.23 20:47:56.362,2.14134,2.14209,1.75,1.00
2016.05.23 20:47:59.336,2.14134,2.14209,1.50,1.00
2016.05.23 20:47:59.842,2.14134,2.14209,1.12,1.00
2016.05.23 20:48:00.567,2.14134,2.14209,1.50,1.00
2016.05.23 20:48:00.786,2.14133,2.14207,1.37,1.00
2016.05.23 20:48:01.099,2.14133,2.14207,1.75,1.00
2016.05.23 20:48:02.157,2.14133,2.14207,1.75,1.00
2016.05.23 20:48:02.552,2.14127,2.14199,2.25,1.00
2016.05.23 20:48:02.603,2.14126,2.14199,1.75,1.00
2016.05.23 20:48:02.704,2.14126,2.14199,1.37,1.00
2016.05.23 20:48:02.754,2.14119,2.14192,1.75,1.00
2016.05.23 20:48:02.805,2.14119,2.14192,1.75,1.00
2016.05.23 20:48:02.856,2.14119,2.14192,1.75,1.00
2016.05.23 20:48:03.160,2.14112,2.14184,1.50,1.00
2016.05.23 20:48:03.261,2.14112,2.14184,1.12,1.00
2016.05.23 20:48:04.014,2.14105,2.14178,1.37,1.00
2016.05.23 20:48:04.476,2.14105,2.14178,1.50,1.00
2016.05.23 20:48:05.115,2.14105,2.14178,1.37,1.00
2016.05.23 20:48:05.619,2.14105,2.14178,1.12,1.00
2016.05.23 20:48:06.301,2.14105,2.14178,1.37,1.00
2016.05.23 20:48:07.519,2.14105,2.14178,1.50,1.00
2016.05.23 20:48:08.050,2.14105,2.14178,1.00,1.00
2016.05.23 20:48:09.692,2.14103,2.14178,1.37,1.00
2016.05.23 20:48:16.375,2.14105,2.14178,1.00,1.00
2016.05.23 20:48:18.429,2.14105,2.14178,1.37,1.00
2016.05.23 20:48:18.923,2.14105,2.14178,1.75,1.00
2016.05.23 20:48:19.025,2.14105,2.14178,1.50,1.00
2016.05.23 20:48:19.752,2.14105,2.14178,1.12,1.00
2016.05.23 20:48:20.606,2.14105,2.14178,1.37,1.00
2016.05.23 20:48:20.707,2.14105,2.14178,1.37,1.00
2016.05.23 20:48:22.016,2.14105,2.14178,1.00,1.00
2016.05.23 20:48:25.829,2.14107,2.14182,1.00,1.00
2016.05.23 20:48:27.016,2.14107,2.14182,1.37,1.00
2016.05.23 20:48:28.815,2.14107,2.14182,1.12,1.00
2016.05.23 20:48:30.218,2.14107,2.14182,1.37,1.00
2016.05.23 20:48:30.940,2.14108,2.14182,1.00,1.00
2016.05.23 20:48:32.613,2.14102,2.14175,1.50,1.00
2016.05.23 20:48:32.664,2.14102,2.14175,1.12,1.00
2016.05.23 20:48:33.342,2.14095,2.14176,1.75,1.00
2016.05.23 20:48:33.393,2.14095,2.14169,1.75,1.00
2016.05.23 20:48:33.545,2.14095,2.14169,1.75,1.00
2016.05.23 20:48:33.792,2.14095,2.14169,1.37,1.00
2016.05.23 20:48:34.380,2.14095,2.14169,1.12,1.00
2016.05.23 20:48:34.532,2.14095,2.14169,1.37,1.00
2016.05.23 20:48:35.926,2.14095,2.14169,1.37,1.00
2016.05.23 20:48:36.447,2.14095,2.14169,1.50,1.00
2016.05.23 20:48:40.631,2.14096,2.14169,1.12,1.00
2016.05.23 20:48:43.435,2.14085,2.14159,1.37,1.37
2016.05.23 20:48:43.486,2.14079,2.14152,1.00,1.00
2016.05.23 20:48:43.536,2.14073,2.14145,1.37,1.00
2016.05.23 20:48:44.059,2.14073,2.14145,1.00,1.00
2016.05.23 20:48:45.164,2.14065,2.1414,1.37,1.00
2016.05.23 20:48:45.536,2.14065,2.1414,1.50,1.00
2016.05.23 20:48:45.739,2.14069,2.1414,1.00,1.00
2016.05.23 20:48:45.840,2.14065,2.1414,1.75,1.00
2016.05.23 20:48:46.739,2.14065,2.1414,1.75,1.00
2016.05.23 20:48:48.847,2.14065,2.1414,1.75,1.00
2016.05.23 20:48:48.898,2.14065,2.1414,1.75,1.00
2016.05.23 20:48:49.254,2.14065,2.1414,1.75,1.00
2016.05.23 20:48:52.560,2.14066,2.1414,1.00,1.00
2016.05.23 20:48:52.924,2.14065,2.14138,1.50,1.00
2016.05.23 20:48:57.265,2.14065,2.14138,1.50,1.00
2016.05.23 20:48:57.417,2.14065,2.14138,1.75,1.00
2016.05.23 20:48:58.790,2.14066,2.1414,1.37,1.00
2016.05.23 20:48:59.340,2.14066,2.1414,1.00,1.00
2016.05.23 20:49:04.449,2.14055,2.14141,1.50,1.00
2016.05.23 20:49:05.587,2.14055,2.14141,1.50,1.00
2016.05.23 20:49:10.204,2.14053,2.14142,1.75,1.00
2016.05.23 20:49:10.321,2.14053,2.14142,1.75,1.00
2016.05.23 20:49:10.422,2.14053,2.14142,1.75,1.37
2016.05.23 20:49:10.473,2.14053,2.14142,1.75,1.75
2016.05.23 20:49:12.985,2.14053,2.14142,1.75,1.75
2016.05.23 20:49:15.087,2.14053,2.14142,1.75,1.37
2016.05.23 20:49:15.188,2.14047,2.14133,1.37,1.00
2016.05.23 20:49:15.239,2.14047,2.14133,1.00,1.00
2016.05.23 20:49:15.894,2.14038,2.1413,1.75,1.00
2016.05.23 20:49:15.945,2.14038,2.1413,1.37,1.00
2016.05.23 20:49:16.190,2.14038,2.1413,1.37,1.00
2016.05.23 20:49:20.195,2.14038,2.1413,1.75,1.37
2016.05.23 20:49:20.297,2.14038,2.1413,1.75,1.00
2016.05.23 20:49:20.398,2.14038,2.1413,1.50,1.37
2016.05.23 20:49:21.654,2.14033,2.14125,1.75,1.00
2016.05.23 20:49:21.966,2.14033,2.14125,1.75,1.00
2016.05.23 20:49:23.818,2.14044,2.14125,1.00,1.00
2016.05.23 20:49:25.066,2.14033,2.14125,1.75,1.00
2016.05.23 20:49:25.588,2.14033,2.14125,1.75,1.00
2016.05.23 20:49:26.239,2.14033,2.14125,1.75,1.00
2016.05.23 20:49:30.071,2.14033,2.14125,1.75,1.00
2016.05.23 20:49:32.958,2.14034,2.14129,1.75,1.00
2016.05.23 20:49:34.034,2.14038,2.1413,1.75,1.12
2016.05.23 20:49:35.410,2.14048,2.14123,1.12,1.00
2016.05.23 20:49:40.637,2.1405,2.14124,1.00,1.00
2016.05.23 20:49:40.958,2.1405,2.14124,1.37,1.00
2016.05.23 20:49:41.008,2.14056,2.14132,1.00,1.75
2016.05.23 20:49:41.110,2.14056,2.14132,1.00,1.00
2016.05.23 20:49:41.212,2.14049,2.14125,1.12,1.00
2016.05.23 20:49:41.515,2.14056,2.14131,1.00,1.00
2016.05.23 20:49:42.503,2.14049,2.14125,1.00,1.00
2016.05.23 20:49:42.949,2.14057,2.14132,1.00,1.00
2016.05.23 20:49:43.101,2.14049,2.14126,1.37,1.00
2016.05.23 20:49:43.605,2.14049,2.14126,1.00,1.00
2016.05.23 20:49:45.277,2.14049,2.14126,1.37,1.00
2016.05.23 20:49:45.328,2.14056,2.14132,1.00,1.00
2016.05.23 20:49:45.630,2.1405,2.14125,1.00,1.00
2016.05.23 20:49:47.372,2.1405,2.14125,1.00,1.37
2016.05.23 20:49:47.730,2.14043,2.14119,1.12,1.00
2016.05.23 20:49:48.184,2.14043,2.14119,1.37,1.00
2016.05.23 20:49:48.662,2.14043,2.14119,1.50,1.00
2016.05.23 20:49:50.335,2.14043,2.14119,1.50,1.00
2016.05.23 20:49:50.436,2.14043,2.14119,1.12,1.00
2016.05.23 20:49:50.588,2.14043,2.14119,1.37,1.00
2016.05.23 20:49:50.689,2.14043,2.14126,1.50,1.37
2016.05.23 20:49:50.740,2.14049,2.14127,1.00,1.37
2016.05.23 20:49:50.791,2.14042,2.1412,1.50,1.00
2016.05.23 20:49:50.993,2.14042,2.1412,1.75,1.00
2016.05.23 20:49:51.197,2.14042,2.1412,1.12,1.37
2016.05.23 20:49:51.376,2.14042,2.1412,1.37,1.00
2016.05.23 20:49:51.427,2.14049,2.14126,1.00,1.37
2016.05.23 20:49:54.805,2.14049,2.14126,1.00,1.12
2016.05.23 20:49:59.310,2.14045,2.14123,1.37,1.00
2016.05.23 20:49:59.755,2.14045,2.14123,1.75,1.00
2016.05.23 20:50:00.208,2.14053,2.1413,1.00,1.75
2016.05.23 20:50:00.755,2.14044,2.14123,1.37,1.00
2016.05.23 20:50:01.008,2.14044,2.14123,1.00,1.37
2016.05.23 20:50:01.109,2.14044,2.14123,1.00,1.50
2016.05.23 20:50:02.445,2.14044,2.14123,1.00,1.50
2016.05.23 20:50:05.827,2.14046,2.14124,1.00,1.50
2016.05.23 20:50:06.253,2.14046,2.14124,1.00,1.50
2016.05.23 20:50:06.354,2.14046,2.14124,1.00,1.75
2016.05.23 20:50:06.671,2.14046,2.14124,1.00,1.37
2016.05.23 20:50:08.357,2.14046,2.14124,1.00,1.37
2016.05.23 20:50:11.087,2.14044,2.14121,1.00,1.00
2016.05.23 20:50:11.259,2.14044,2.14121,1.00,1.37
2016.05.23 20:50:11.561,2.14044,2.14121,1.00,1.75
2016.05.23 20:50:11.662,2.14044,2.14121,1.00,1.37
2016.05.23 20:50:12.174,2.14044,2.14121,1.00,1.00
2016.05.23 20:50:12.686,2.14044,2.14121,1.00,1.37
2016.05.23 20:50:13.142,2.14044,2.14121,1.00,1.75
2016.05.23 20:50:13.193,2.14035,2.14115,1.00,1.00
2016.05.23 20:50:13.445,2.14036,2.1412,1.12,1.37
2016.05.23 20:50:13.496,2.14043,2.1412,1.00,1.37
2016.05.23 20:50:21.170,2.14037,2.14117,1.00,1.00
2016.05.23 20:50:29.703,2.14041,2.14123,1.00,1.00
2016.05.23 20:50:29.754,2.14049,2.14128,1.00,2.25
2016.05.23 20:50:29.855,2.14049,2.14128,1.00,2.25
2016.05.23 20:50:30.398,2.14049,2.14128,1.00,1.00
2016.05.23 20:50:32.353,2.14049,2.14128,1.00,1.37
2016.05.23 20:50:33.781,2.14049,2.14128,1.00,1.12
2016.05.23 20:50:34.906,2.14048,2.14128,1.00,1.00
2016.05.23 20:50:35.358,2.14048,2.14128,1.00,1.50
2016.05.23 20:50:35.951,2.14048,2.14128,1.00,1.50
2016.05.23 20:50:46.888,2.14047,2.14128,1.00,1.00
2016.05.23 20:50:47.481,2.14047,2.14128,1.00,1.37
2016.05.23 20:50:48.223,2.14047,2.14128,1.00,1.00
2016.05.23 20:50:53.144,2.14048,2.14131,1.00,1.00
2016.05.23 20:50:54.451,2.14048,2.14131,1.00,1.37
2016.05.23 20:50:54.602,2.14044,2.14124,1.00,1.00
2016.05.23 20:50:54.912,2.14042,2.14124,1.00,1.00
2016.05.23 20:50:55.655,2.14036,2.14117,1.00,1.00
2016.05.23 20:50:55.965,2.14043,2.14124,1.00,1.00
2016.05.23 20:51:01.117,2.14044,2.14125,1.00,1.00
2016.05.23 20:51:06.903,2.14042,2.14124,1.00,1.00
2016.05.23 20:51:12.944,2.14037,2.14121,1.00,1.00
2016.05.23 20:51:17.990,2.14034,2.14117,1.00,1.00
2016.05.23 20:51:23.241,2.14032,2.14115,1.00,1.00
2016.05.23 20:51:28.553,2.14032,2.14118,1.00,1.00
2016.05.23 20:51:36.818,2.14033,2.14118,1.00,1.00
2016.05.23 20:51:46.653,2.14033,2.14121,1.00,1.00
2016.05.23 20:51:46.704,2.14061,2.14135,1.00,1.75
2016.05.23 20:51:46.766,2.14074,2.14145,1.00,1.00
2016.05.23 20:51:46.817,2.1409,2.14145,1.00,1.00
2016.05.23 20:51:46.868,2.1409,2.14162,1.00,1.00
2016.05.23 20:51:46.969,2.1409,2.14182,1.00,1.75
2016.05.23 20:51:47.070,2.1409,2.14182,1.00,1.75
2016.05.23 20:51:47.175,2.14091,2.14183,1.00,2.25
2016.05.23 20:51:47.276,2.14091,2.14183,1.00,1.75
2016.05.23 20:51:47.478,2.14091,2.14183,1.00,1.75
2016.05.23 20:51:47.788,2.14082,2.14179,1.50,1.75
2016.05.23 20:51:47.890,2.14082,2.14179,1.75,1.37
2016.05.23 20:51:48.446,2.14082,2.14179,1.75,1.37
2016.05.23 20:51:49.040,2.14082,2.14179,1.75,1.00
2016.05.23 20:51:50.952,2.14082,2.14179,1.75,1.12
2016.05.23 20:51:51.617,2.14082,2.14179,1.37,1.12
2016.05.23 20:51:52.254,2.14082,2.14179,1.37,1.00
2016.05.23 20:51:52.900,2.14082,2.14179,1.75,1.00
2016.05.23 20:51:53.222,2.14087,2.14182,1.00,1.50
2016.05.23 20:51:54.058,2.14087,2.14182,1.00,1.50
2016.05.23 20:51:54.360,2.14087,2.14182,1.00,1.75
2016.05.23 20:51:54.411,2.14073,2.1417,1.00,1.00
2016.05.23 20:51:54.462,2.14073,2.1417,1.00,1.75
2016.05.23 20:51:54.764,2.14073,2.1417,1.00,1.75
2016.05.23 20:51:55.197,2.14073,2.1417,1.00,1.75
2016.05.23 20:51:55.754,2.14073,2.1417,1.00,1.37
2016.05.23 20:51:58.666,2.14073,2.1417,1.00,1.37
2016.05.23 20:51:59.325,2.14073,2.1417,1.00,1.50
2016.05.23 20:52:00.115,2.14074,2.14172,1.00,1.75
2016.05.23 20:52:00.668,2.14074,2.14172,1.00,1.75
2016.05.23 20:52:00.769,2.14074,2.14172,1.00,1.75
2016.05.23 20:52:03.925,2.14074,2.14172,1.00,1.75
2016.05.23 20:52:06.803,2.14086,2.14171,1.00,1.00
2016.05.23 20:52:07.105,2.14095,2.14189,1.00,1.75
2016.05.23 20:52:07.307,2.14103,2.14186,1.00,1.00
2016.05.23 20:52:07.885,2.14103,2.1419,1.00,1.50
2016.05.23 20:52:08.340,2.14103,2.1419,1.00,1.50
2016.05.23 20:52:11.496,2.14116,2.14198,1.00,1.37
2016.05.23 20:52:11.697,2.14126,2.14213,1.00,1.75
2016.05.23 20:52:11.849,2.14126,2.14224,1.37,1.75
2016.05.23 20:52:12.255,2.14126,2.14224,1.37,1.75
2016.05.23 20:52:12.306,2.14126,2.14224,1.75,1.75
2016.05.23 20:52:12.407,2.14126,2.14224,1.00,1.75
2016.05.23 20:52:12.509,2.14126,2.14224,1.00,1.75
2016.05.23 20:52:12.710,2.14126,2.14224,1.37,1.75
2016.05.23 20:52:13.143,2.14126,2.14224,1.75,1.75
2016.05.23 20:52:13.243,2.14126,2.14224,1.75,1.50
2016.05.23 20:52:14.577,2.14126,2.14224,1.75,1.75
2016.05.23 20:52:15.146,2.14126,2.14224,1.75,1.50
2016.05.23 20:52:15.902,2.14119,2.14211,1.75,1.00
2016.05.23 20:52:15.953,2.14116,2.14211,1.37,1.37
2016.05.23 20:52:16.004,2.14114,2.14211,1.12,1.75
2016.05.23 20:52:16.055,2.14104,2.14202,1.00,1.75
2016.05.23 20:52:16.206,2.14099,2.14193,1.12,1.00
2016.05.23 20:52:16.257,2.14094,2.14193,1.00,1.37
2016.05.23 20:52:16.409,2.14094,2.14193,1.12,1.50
2016.05.23 20:52:16.460,2.14094,2.14193,1.12,1.50
2016.05.23 20:52:17.009,2.14094,2.14193,1.12,1.75
2016.05.23 20:52:17.417,2.14094,2.14193,1.37,1.75
2016.05.23 20:52:18.018,2.14094,2.14193,1.50,1.75
2016.05.23 20:52:18.921,2.14094,2.14193,1.12,1.75
2016.05.23 20:52:20.062,2.14105,2.14199,1.00,1.75
2016.05.23 20:52:20.164,2.14105,2.14204,1.00,1.75
2016.05.23 20:52:20.701,2.14097,2.14194,1.75,1.37
2016.05.23 20:52:21.225,2.14097,2.14194,1.75,1.50
2016.05.23 20:52:22.205,2.14097,2.14194,1.50,1.75
2016.05.23 20:52:22.256,2.14097,2.14194,1.12,1.75
2016.05.23 20:52:22.762,2.14097,2.14188,1.00,1.75
2016.05.23 20:52:23.248,2.14097,2.14194,1.00,1.75
2016.05.23 20:52:23.959,2.14097,2.14194,1.00,1.75
2016.05.23 20:52:24.551,2.14097,2.14194,1.00,1.75
2016.05.23 20:52:24.761,2.14097,2.14194,1.00,1.75
2016.05.23 20:52:28.257,2.14097,2.14194,1.00,1.75
2016.05.23 20:52:28.972,2.14097,2.14194,1.00,1.75
2016.05.23 20:52:30.055,2.14093,2.14192,1.37,1.75
2016.05.23 20:52:30.156,2.14093,2.14192,1.37,1.75
2016.05.23 20:52:30.358,2.14084,2.14184,1.50,1.75
2016.05.23 20:52:30.409,2.14084,2.14184,1.50,1.75
2016.05.23 20:52:30.674,2.1408,2.1417,1.37,1.37
2016.05.23 20:52:30.775,2.1407,2.1416,1.12,1.37
2016.05.23 20:52:30.926,2.14057,2.14151,1.75,1.00
2016.05.23 20:52:30.977,2.14057,2.14151,1.75,1.37
2016.05.23 20:52:31.028,2.14052,2.14151,1.75,1.37
2016.05.23 20:52:31.079,2.14052,2.14151,1.75,1.37
2016.05.23 20:52:31.130,2.14052,2.14151,1.75,1.75
2016.05.23 20:52:31.336,2.14044,2.14141,2.25,1.00
2016.05.23 20:52:31.639,2.1404,2.1413,1.75,1.00
2016.05.23 20:52:31.689,2.14048,2.1413,1.00,1.00
2016.05.23 20:52:33.116,2.1404,2.1413,1.75,1.00
2016.05.23 20:52:33.216,2.1404,2.1413,1.75,1.37
2016.05.23 20:52:33.777,2.1404,2.1413,1.00,1.75
2016.05.23 20:52:33.978,2.1404,2.1413,1.50,1.50
2016.05.23 20:52:34.079,2.1404,2.1413,1.37,1.37
2016.05.23 20:52:34.494,2.1404,2.1413,1.37,1.12
2016.05.23 20:52:35.779,2.1404,2.1413,1.50,1.37
2016.05.23 20:52:36.681,2.1404,2.1413,1.37,1.50
2016.05.23 20:52:38.746,2.14034,2.14124,1.75,1.00
2016.05.23 20:52:38.927,2.14041,2.14124,1.00,1.00
2016.05.23 20:52:40.084,2.14042,2.14132,1.00,1.75
2016.05.23 20:52:40.135,2.1405,2.14141,1.50,1.75
2016.05.23 20:52:40.236,2.14058,2.14148,1.75,1.00
2016.05.23 20:52:40.287,2.14058,2.14148,1.75,1.00
2016.05.23 20:52:40.590,2.14058,2.14148,1.75,1.00
2016.05.23 20:52:40.741,2.14058,2.14148,1.75,1.00
2016.05.23 20:52:40.993,2.14058,2.14148,1.75,1.00
2016.05.23 20:52:41.790,2.14058,2.14148,1.75,1.00
2016.05.23 20:52:41.951,2.14065,2.14156,1.75,1.00
2016.05.23 20:52:42.090,2.14065,2.14156,1.75,1.00
2016.05.23 20:52:42.192,2.14065,2.14156,1.75,1.00
2016.05.23 20:52:42.293,2.14065,2.14156,1.75,1.00
2016.05.23 20:52:45.695,2.14065,2.14156,1.75,1.00
2016.05.23 20:52:46.076,2.14056,2.14147,2.25,1.00
2016.05.23 20:52:46.127,2.14056,2.14147,2.25,1.00
2016.05.23 20:52:46.178,2.14056,2.14147,2.25,1.00
2016.05.23 20:52:46.229,2.14056,2.14147,1.75,1.00
2016.05.23 20:52:46.531,2.14056,2.14147,1.75,1.00
2016.05.23 20:52:46.632,2.14056,2.14147,1.75,1.00
2016.05.23 20:52:47.647,2.14056,2.14147,1.75,1.00
2016.05.23 20:52:48.198,2.14056,2.14147,1.75,1.00
2016.05.23 20:52:49.069,2.14056,2.14147,1.75,1.00
2016.05.23 20:52:49.503,2.14065,2.14147,1.00,1.00
2016.05.23 20:52:51.332,2.14056,2.14147,1.75,1.00
2016.05.23 20:52:51.534,2.1405,2.14141,1.75,1.00
2016.05.23 20:52:51.635,2.14043,2.14132,1.75,1.00
2016.05.23 20:52:51.806,2.14053,2.14132,1.00,1.00
2016.05.23 20:52:56.345,2.14043,2.14132,1.75,1.00
2016.05.23 20:52:57.033,2.14043,2.14132,1.75,1.00
2016.05.23 20:52:57.379,2.14043,2.14132,1.75,1.00
2016.05.23 20:52:57.480,2.14043,2.14132,1.75,1.00
2016.05.23 20:52:58.215,2.14038,2.14129,1.75,1.00
2016.05.23 20:52:58.266,2.14038,2.14129,1.75,1.00
2016.05.23 20:52:58.367,2.14038,2.14129,1.75,1.00
2016.05.23 20:52:58.476,2.14038,2.14129,1.75,1.00
2016.05.23 20:52:58.658,2.14046,2.14137,1.75,1.00
2016.05.23 20:52:59.278,2.14046,2.14137,1.37,1.00
2016.05.23 20:52:59.837,2.14046,2.14137,1.12,1.00
2016.05.23 20:53:02.751,2.14046,2.14137,1.37,1.00
2016.05.23 20:53:03.604,2.14046,2.14137,1.75,1.00
2016.05.23 20:53:03.992,2.1404,2.14132,1.75,1.00
2016.05.23 20:53:06.578,2.14048,2.14132,1.00,1.00
2016.05.23 20:53:06.679,2.14046,2.14132,1.00,1.00
2016.05.23 20:53:06.780,2.1404,2.14132,1.75,1.00
2016.05.23 20:53:07.108,2.1404,2.14132,1.75,1.00
2016.05.23 20:53:07.260,2.14049,2.14139,1.75,1.00
2016.05.23 20:53:07.411,2.14057,2.14148,1.75,1.00
2016.05.23 20:53:07.512,2.14067,2.14157,1.75,1.00
2016.05.23 20:53:07.613,2.14067,2.14157,1.75,1.00
2016.05.23 20:53:07.796,2.14067,2.14157,1.75,1.00
2016.05.23 20:53:09.097,2.14067,2.14157,1.75,1.00
2016.05.23 20:53:09.198,2.14067,2.14157,1.75,1.00
2016.05.23 20:53:10.399,2.14072,2.14157,1.00,1.00
2016.05.23 20:53:10.500,2.14067,2.14157,1.75,1.00
2016.05.23 20:53:11.600,2.14072,2.14157,1.00,1.00
2016.05.23 20:53:11.701,2.14067,2.14157,1.75,1.00
2016.05.23 20:53:12.401,2.14072,2.14157,1.00,1.00
2016.05.23 20:53:12.502,2.14063,2.14154,1.75,1.00
2016.05.23 20:53:12.702,2.14063,2.14154,1.75,1.00
2016.05.23 20:53:12.903,2.14063,2.14154,1.75,1.00
2016.05.23 20:53:13.105,2.14063,2.14154,1.75,1.00
2016.05.23 20:53:13.411,2.14063,2.14154,1.75,1.00
2016.05.23 20:53:13.955,2.14063,2.14154,1.75,1.00
2016.05.23 20:53:14.305,2.14063,2.14154,1.75,1.00
2016.05.23 20:53:14.805,2.14063,2.14154,1.75,1.00
2016.05.23 20:53:15.400,2.14063,2.14154,1.75,1.00
2016.05.23 20:53:15.501,2.14063,2.14154,1.75,1.00
2016.05.23 20:53:15.708,2.14063,2.14154,1.75,1.00
2016.05.23 20:53:16.060,2.14063,2.14154,1.75,1.00
2016.05.23 20:53:16.111,2.14063,2.14154,1.75,1.00
2016.05.23 20:53:16.667,2.14063,2.14154,1.75,1.00
2016.05.23 20:53:17.260,2.14063,2.14154,1.75,1.00
2016.05.23 20:53:17.563,2.14063,2.14154,1.75,1.00
2016.05.23 20:53:18.153,2.14062,2.14159,1.75,1.00
2016.05.23 20:53:18.311,2.14066,2.14159,1.75,1.00
2016.05.23 20:53:18.807,2.14066,2.14159,1.75,1.00
2016.05.23 20:53:19.311,2.14066,2.14159,1.75,1.00
2016.05.23 20:53:19.362,2.14066,2.14159,1.75,1.00
2016.05.23 20:53:19.413,2.14066,2.14159,1.75,1.00
2016.05.23 20:53:19.812,2.14066,2.14159,1.75,1.00
2016.05.23 20:53:20.292,2.14074,2.14168,1.37,2.25
2016.05.23 20:53:20.342,2.14074,2.14168,1.75,2.25
2016.05.23 20:53:20.574,2.14074,2.14168,1.75,1.00
2016.05.23 20:53:20.811,2.14074,2.14168,1.75,1.00
2016.05.23 20:53:20.912,2.14074,2.14168,1.75,1.00
2016.05.23 20:53:21.013,2.14081,2.14168,1.00,1.50
2016.05.23 20:53:21.114,2.14074,2.14168,1.75,1.00
2016.05.23 20:53:21.215,2.14083,2.14168,1.00,1.00
2016.05.23 20:53:21.366,2.14081,2.14168,1.00,1.00
2016.05.23 20:53:21.618,2.14079,2.14168,1.00,1.00
2016.05.23 20:53:21.820,2.14074,2.14168,1.75,1.00
2016.05.23 20:53:22.128,2.14074,2.14168,1.75,1.00
2016.05.23 20:53:22.431,2.14074,2.14168,1.75,1.00
2016.05.23 20:53:22.532,2.14091,2.14168,1.00,1.00
2016.05.23 20:53:26.133,2.14077,2.1417,1.75,1.00
2016.05.23 20:53:26.723,2.14077,2.1417,1.75,1.00
2016.05.23 20:53:30.126,2.14077,2.1417,1.75,1.00
2016.05.23 20:53:30.747,2.14077,2.1417,1.75,1.00
2016.05.23 20:53:30.848,2.14077,2.1417,1.75,1.00
2016.05.23 20:53:31.278,2.14077,2.14172,1.75,1.00
2016.05.23 20:53:31.819,2.14087,2.14172,1.00,1.00
2016.05.23 20:53:31.870,2.14077,2.14172,1.75,1.00
2016.05.23 20:53:33.732,2.14077,2.14172,1.75,1.00
2016.05.23 20:53:35.234,2.14077,2.14172,1.75,1.00
2016.05.23 20:53:35.285,2.14077,2.14172,1.75,1.00
2016.05.23 20:53:35.768,2.14077,2.14172,1.75,1.00
2016.05.23 20:53:35.939,2.14086,2.1418,1.75,1.00
2016.05.23 20:53:36.040,2.14086,2.14181,1.75,1.00
2016.05.23 20:53:36.938,2.14086,2.14181,1.75,1.00
2016.05.23 20:53:41.517,2.14091,2.14183,1.75,1.00
2016.05.23 20:53:41.989,2.14091,2.14183,1.75,1.00
2016.05.23 20:53:45.090,2.14091,2.14183,1.75,1.00
2016.05.23 20:53:45.655,2.14091,2.14183,1.50,1.00
2016.05.23 20:53:45.706,2.14091,2.14183,1.12,1.00
2016.05.23 20:53:45.970,2.14091,2.14183,1.37,1.00
2016.05.23 20:53:46.379,2.14091,2.14183,1.75,1.00
2016.05.23 20:53:46.480,2.14091,2.14183,1.75,1.00
2016.05.23 20:53:47.199,2.14092,2.14185,1.75,1.00
2016.05.23 20:53:52.084,2.14092,2.14185,1.75,1.00
2016.05.23 20:53:52.761,2.14092,2.14185,1.75,1.00
2016.05.23 20:53:53.102,2.14089,2.14186,1.75,1.00
2016.05.23 20:53:54.074,2.14089,2.14186,1.75,1.00
2016.05.23 20:53:56.001,2.14089,2.14186,1.75,1.00
2016.05.23 20:53:59.376,2.14089,2.14186,1.75,1.00
2016.05.23 20:53:59.477,2.14089,2.14186,1.75,1.00
2016.05.23 20:54:00.073,2.14092,2.14188,1.75,1.00
2016.05.23 20:54:00.792,2.14092,2.14188,1.75,1.00
2016.05.23 20:54:05.094,2.14088,2.14186,1.75,1.00
2016.05.23 20:54:09.136,2.14088,2.14186,1.75,1.00
2016.05.23 20:54:09.376,2.14088,2.14186,1.75,1.00
2016.05.23 20:54:09.533,2.14088,2.14186,1.75,1.00
2016.05.23 20:54:10.234,2.14088,2.14186,1.75,1.00
2016.05.23 20:54:10.284,2.14084,2.1418,1.75,1.00
2016.05.23 20:54:11.391,2.14084,2.1418,1.75,1.00
2016.05.23 20:54:11.693,2.14084,2.1418,1.75,1.00
2016.05.23 20:54:16.155,2.14094,2.1418,1.00,1.00
2016.05.23 20:54:16.256,2.14082,2.14181,1.75,1.00
2016.05.23 20:54:17.258,2.14082,2.14181,1.75,1.00
2016.05.23 20:54:21.334,2.14084,2.14183,1.75,1.00
2016.05.23 20:54:21.385,2.14084,2.14183,1.75,1.00
2016.05.23 20:54:21.485,2.14084,2.14183,1.75,1.12
2016.05.23 20:54:21.667,2.14084,2.14183,1.75,1.37
2016.05.23 20:54:21.869,2.14093,2.14183,1.00,1.50
2016.05.23 20:54:22.372,2.14084,2.14183,1.75,1.75
2016.05.23 20:54:22.474,2.14084,2.14183,1.75,1.37
2016.05.23 20:54:22.575,2.14084,2.14183,1.75,1.37
2016.05.23 20:54:22.776,2.14093,2.14183,1.00,1.37
2016.05.23 20:54:23.083,2.14084,2.14183,1.75,1.75
2016.05.23 20:54:23.274,2.14084,2.14182,1.75,1.00
2016.05.23 20:54:23.614,2.14084,2.14183,1.75,1.75
2016.05.23 20:54:23.786,2.14084,2.14183,1.75,1.50
2016.05.23 20:54:24.477,2.14084,2.14183,1.75,1.37
2016.05.23 20:54:25.116,2.14084,2.14183,1.75,1.37
2016.05.23 20:54:26.369,2.14084,2.14183,1.75,1.37
2016.05.23 20:54:26.783,2.14086,2.14185,1.75,1.75
2016.05.23 20:54:27.392,2.14086,2.14185,1.75,1.75
2016.05.23 20:54:28.416,2.14086,2.14185,1.75,1.75
2016.05.23 20:54:29.018,2.14086,2.14185,1.75,1.37
2016.05.23 20:54:29.069,2.14086,2.14185,1.75,1.12
2016.05.23 20:54:29.119,2.14086,2.14185,1.75,1.50
2016.05.23 20:54:29.423,2.14086,2.14185,1.75,1.75
2016.05.23 20:54:30.296,2.14086,2.14185,1.75,1.75
2016.05.23 20:54:30.793,2.14077,2.14176,1.75,1.50
2016.05.23 20:54:31.096,2.14077,2.14176,1.75,1.50
2016.05.23 20:54:31.197,2.14077,2.14176,1.75,1.12
2016.05.23 20:54:32.888,2.14077,2.14176,1.75,1.12
2016.05.23 20:54:34.823,2.14077,2.14176,1.75,1.00
2016.05.23 20:54:35.904,2.14077,2.14176,1.75,1.37
2016.05.23 20:54:36.491,2.14077,2.14176,1.75,1.00
2016.05.23 20:54:37.487,2.14077,2.14176,1.75,1.37
2016.05.23 20:54:38.400,2.1408,2.14179,1.75,1.75
2016.05.23 20:54:38.826,2.1408,2.14179,1.75,1.75
2016.05.23 20:54:38.927,2.1408,2.14179,1.75,1.50
2016.05.23 20:54:39.226,2.14081,2.14179,1.75,1.75
2016.05.23 20:54:39.416,2.14081,2.14179,1.75,1.37
2016.05.23 20:54:39.751,2.1408,2.14179,1.75,1.75
2016.05.23 20:54:39.902,2.14081,2.14179,1.75,1.12
2016.05.23 20:54:40.219,2.14082,2.14179,1.75,1.37
2016.05.23 20:54:40.320,2.14082,2.14179,1.75,1.00
2016.05.23 20:54:40.521,2.1409,2.14187,1.75,1.75
2016.05.23 20:54:40.622,2.1409,2.14187,1.75,1.75
2016.05.23 20:54:40.723,2.1409,2.14187,1.75,1.00
2016.05.23 20:54:41.113,2.1409,2.14187,1.75,1.00
2016.05.23 20:54:41.214,2.1409,2.14187,1.75,1.00
2016.05.23 20:54:41.930,2.1409,2.14187,1.75,1.00
2016.05.23 20:54:42.031,2.1409,2.14187,1.75,1.00
2016.05.23 20:54:42.631,2.14098,2.14187,1.00,1.12
2016.05.23 20:54:42.732,2.14092,2.14187,1.75,1.00
2016.05.23 20:54:43.034,2.14091,2.14187,1.75,1.00
2016.05.23 20:54:43.135,2.1409,2.14187,1.75,1.12
2016.05.23 20:54:43.236,2.1409,2.14187,1.75,1.00
2016.05.23 20:54:43.607,2.1409,2.14187,1.75,1.37
2016.05.23 20:54:44.232,2.1409,2.14187,1.75,1.00
2016.05.23 20:54:44.434,2.1409,2.14187,1.75,1.12
2016.05.23 20:54:44.636,2.1409,2.14187,1.75,1.00
2016.05.23 20:54:45.184,2.1409,2.14187,1.75,1.00
2016.05.23 20:54:45.435,2.1409,2.14187,1.75,1.12
2016.05.23 20:54:45.536,2.1409,2.14187,1.75,1.00
2016.05.23 20:54:45.958,2.14087,2.14187,1.75,1.12
2016.05.23 20:54:46.009,2.14087,2.14187,1.75,1.00
2016.05.23 20:54:46.537,2.14087,2.14187,1.75,1.37
2016.05.23 20:54:47.039,2.14087,2.14187,1.75,1.37
2016.05.23 20:54:47.102,2.14087,2.14187,1.75,1.12
2016.05.23 20:54:52.205,2.14087,2.14187,1.75,1.37
2016.05.23 20:54:52.306,2.14084,2.14183,1.75,1.12
2016.05.23 20:54:53.080,2.14084,2.14183,1.75,1.37
2016.05.23 20:54:53.786,2.14084,2.14183,1.75,1.37
2016.05.23 20:54:54.669,2.14084,2.14183,1.75,1.00
2016.05.23 20:54:58.130,2.14083,2.14182,1.75,1.00
2016.05.23 20:54:58.193,2.14083,2.14182,1.75,1.00
2016.05.23 20:55:00.062,2.14083,2.14182,1.75,1.00
2016.05.23 20:55:00.364,2.14083,2.14182,1.75,1.00
2016.05.23 20:55:00.465,2.14096,2.14182,1.00,1.00
2016.05.23 20:55:00.768,2.14083,2.14182,1.75,1.00
2016.05.23 20:55:00.924,2.14083,2.14182,1.75,1.00
2016.05.23 20:55:01.074,2.14083,2.14182,1.75,1.00
2016.05.23 20:55:01.667,2.14083,2.14182,1.75,1.00
2016.05.23 20:55:02.024,2.14083,2.14182,1.75,1.00
2016.05.23 20:55:02.532,2.14083,2.14182,1.75,1.00
2016.05.23 20:55:02.583,2.14083,2.14182,1.75,1.00
2016.05.23 20:55:02.634,2.14083,2.14182,1.75,1.00
2016.05.23 20:55:02.983,2.14083,2.14182,1.75,1.12
2016.05.23 20:55:03.146,2.14085,2.14183,1.75,1.00
2016.05.23 20:55:06.483,2.14085,2.14183,1.75,1.00
2016.05.23 20:55:09.942,2.14085,2.14183,1.75,1.00
2016.05.23 20:55:10.455,2.14083,2.14184,1.75,1.00
2016.05.23 20:55:13.245,2.14083,2.14184,1.75,1.00
2016.05.23 20:55:13.346,2.14083,2.14184,1.75,1.00
2016.05.23 20:55:13.594,2.14083,2.14184,1.75,1.00
2016.05.23 20:55:13.645,2.14083,2.14184,1.75,1.37
2016.05.23 20:55:13.947,2.14083,2.14184,1.75,1.00
2016.05.23 20:55:14.462,2.14083,2.14184,1.75,1.00
2016.05.23 20:55:14.563,2.14083,2.14184,1.75,1.00
2016.05.23 20:55:14.670,2.14083,2.14184,1.75,1.00
2016.05.23 20:55:18.470,2.14086,2.14184,1.75,1.00
2016.05.23 20:55:18.571,2.14086,2.14184,1.75,1.00
2016.05.23 20:55:18.773,2.14086,2.14184,1.50,1.00
2016.05.23 20:55:18.823,2.14081,2.14177,1.75,1.00
2016.05.23 20:55:18.975,2.14076,2.14177,1.75,1.00
2016.05.23 20:55:19.315,2.14076,2.14177,1.75,1.00
2016.05.23 20:55:20.575,2.14076,2.14177,1.75,1.00
2016.05.23 20:55:21.205,2.14076,2.14177,1.75,1.00
2016.05.23 20:55:22.084,2.14076,2.14177,1.75,1.00
2016.05.23 20:55:23.327,2.14076,2.14177,1.75,1.37
2016.05.23 20:55:25.529,2.1408,2.14178,1.75,1.12
2016.05.23 20:55:25.832,2.1408,2.14178,1.75,1.00
2016.05.23 20:55:27.399,2.1408,2.14178,1.75,1.00
2016.05.23 20:55:27.449,2.14087,2.14188,1.75,1.00
2016.05.23 20:55:27.713,2.14097,2.14188,1.00,1.87
2016.05.23 20:55:29.602,2.14087,2.14188,1.75,1.50
2016.05.23 20:55:30.116,2.14087,2.14188,1.75,1.00
2016.05.23 20:55:35.517,2.1409,2.14189,1.75,1.12
2016.05.23 20:55:36.825,2.1409,2.14189,1.75,1.12
2016.05.23 20:55:41.044,2.14091,2.1419,1.75,1.12
2016.05.23 20:55:41.623,2.14091,2.1419,1.75,1.00
2016.05.23 20:55:42.263,2.14091,2.1419,1.75,1.37
2016.05.23 20:55:42.314,2.14091,2.1419,1.75,1.50
2016.05.23 20:55:42.365,2.14091,2.1419,1.75,1.12
2016.05.23 20:55:42.617,2.14091,2.1419,1.75,1.00
2016.05.23 20:55:42.737,2.14091,2.1419,1.75,1.00
2016.05.23 20:55:42.838,2.14091,2.1419,1.75,1.00
2016.05.23 20:55:43.142,2.14091,2.1419,1.75,1.00
2016.05.23 20:55:43.243,2.14092,2.1419,1.75,1.00
2016.05.23 20:55:43.596,2.14091,2.1419,1.75,1.00
2016.05.23 20:55:43.836,2.14091,2.14188,1.75,1.00
2016.05.23 20:55:43.937,2.14091,2.1419,1.75,1.00
2016.05.23 20:55:44.452,2.14101,2.1419,1.00,1.00
2016.05.23 20:55:44.553,2.14099,2.14189,1.00,1.00
2016.05.23 20:55:44.856,2.14091,2.1419,1.75,1.00
2016.05.23 20:55:45.884,2.14087,2.14188,1.75,1.00
2016.05.23 20:55:45.985,2.14087,2.14188,1.75,1.00
2016.05.23 20:55:46.181,2.14087,2.14188,1.75,1.12
2016.05.23 20:55:46.282,2.14087,2.14188,1.75,1.00
2016.05.23 20:55:47.235,2.14087,2.14188,1.75,1.00
2016.05.23 20:55:47.441,2.14087,2.14188,1.75,1.00
2016.05.23 20:55:47.943,2.14087,2.14188,1.75,1.37
2016.05.23 20:55:48.044,2.14087,2.14188,1.75,1.00
2016.05.23 20:55:50.254,2.14087,2.14188,1.75,1.00
2016.05.23 20:55:50.355,2.14087,2.14188,1.75,1.00
2016.05.23 20:55:50.999,2.14087,2.14188,1.75,1.00
2016.05.23 20:55:54.160,2.14102,2.14188,1.00,1.00
2016.05.23 20:55:54.463,2.1409,2.14188,1.75,1.00
2016.05.23 20:55:54.755,2.1409,2.14188,1.75,1.00
2016.05.23 20:55:55.262,2.1409,2.14188,1.75,1.00
2016.05.23 20:55:55.821,2.1409,2.14188,1.75,1.00
2016.05.23 20:55:57.260,2.14089,2.14187,1.75,1.00
2016.05.23 20:55:57.310,2.14089,2.14187,1.75,1.00
2016.05.23 20:55:58.326,2.14089,2.14187,1.75,1.00
2016.05.23 20:55:58.463,2.14101,2.14187,1.00,1.00
2016.05.23 20:55:58.765,2.14089,2.14187,1.75,1.00
2016.05.23 20:55:58.866,2.14089,2.14187,1.75,1.00
2016.05.23 20:55:59.328,2.14091,2.14187,1.75,1.00
2016.05.23 20:55:59.430,2.14091,2.14187,1.75,1.00
2016.05.23 20:55:59.531,2.14091,2.14187,1.75,1.00
2016.05.23 20:56:03.111,2.14085,2.14185,1.75,1.00
2016.05.23 20:56:03.421,2.14085,2.14185,1.75,1.00
2016.05.23 20:56:03.472,2.14085,2.14185,1.75,1.00
2016.05.23 20:56:03.971,2.14092,2.14185,1.75,1.00
2016.05.23 20:56:07.175,2.14091,2.14185,1.75,1.00
2016.05.23 20:56:07.676,2.14085,2.14185,1.75,1.00
2016.05.23 20:56:08.877,2.14085,2.14185,1.75,1.00
2016.05.23 20:56:09.270,2.14085,2.14185,1.75,1.00
2016.05.23 20:56:09.377,2.14085,2.14185,1.75,1.00
2016.05.23 20:56:09.578,2.14085,2.14186,1.75,1.00
2016.05.23 20:56:09.680,2.14085,2.14186,1.75,1.00
2016.05.23 20:56:09.781,2.14095,2.14186,1.00,1.00
2016.05.23 20:56:09.984,2.14085,2.14186,1.75,1.37
2016.05.23 20:56:10.034,2.14082,2.14176,1.75,1.00
2016.05.23 20:56:10.085,2.14082,2.14176,1.75,1.00
2016.05.23 20:56:10.186,2.14087,2.14176,1.00,1.00
2016.05.23 20:56:10.362,2.14082,2.14176,1.75,1.00
2016.05.23 20:56:10.673,2.14082,2.14176,1.75,1.00
2016.05.23 20:56:10.987,2.14091,2.14185,1.75,1.00
2016.05.23 20:56:11.664,2.14087,2.14185,1.75,1.00
2016.05.23 20:56:12.137,2.14087,2.14185,1.75,1.00
2016.05.23 20:56:12.188,2.14087,2.14185,1.75,1.00
2016.05.23 20:56:12.591,2.14087,2.14185,1.75,1.00
2016.05.23 20:56:16.183,2.14087,2.14185,1.75,1.00
2016.05.23 20:56:17.685,2.14087,2.14185,1.75,1.00
2016.05.23 20:56:18.003,2.14085,2.14185,1.75,1.00
2016.05.23 20:56:18.408,2.14085,2.14185,1.75,1.00
2016.05.23 20:56:18.891,2.14085,2.14185,1.75,1.00
2016.05.23 20:56:19.397,2.14085,2.14185,1.75,1.00
2016.05.23 20:56:23.089,2.14084,2.14182,1.75,1.00
2016.05.23 20:56:23.240,2.14084,2.14182,1.75,1.00
2016.05.23 20:56:23.291,2.14084,2.14182,1.75,1.00
2016.05.23 20:56:23.451,2.14084,2.14182,1.75,1.12
2016.05.23 20:56:23.502,2.14074,2.14183,2.25,1.75
2016.05.23 20:56:23.804,2.14087,2.14185,1.75,1.00
2016.05.23 20:56:24.308,2.14087,2.14185,1.75,1.00
2016.05.23 20:56:24.617,2.14087,2.14185,1.75,1.00
2016.05.23 20:56:24.668,2.14087,2.14185,1.75,1.00
2016.05.23 20:56:25.450,2.14087,2.14185,1.75,1.00
2016.05.23 20:56:26.152,2.14087,2.14185,1.75,1.00
2016.05.23 20:56:26.203,2.14087,2.14185,1.75,1.00
2016.05.23 20:56:26.254,2.14092,2.14177,1.00,1.00
2016.05.23 20:56:26.506,2.14085,2.14186,1.75,1.00
2016.05.23 20:56:26.556,2.14085,2.14186,1.75,1.00
2016.05.23 20:56:26.960,2.14085,2.14186,1.75,1.12
2016.05.23 20:56:27.160,2.14085,2.14186,1.75,1.00
2016.05.23 20:56:27.670,2.14085,2.14186,1.75,1.12
2016.05.23 20:56:28.213,2.14085,2.14186,1.75,1.00
2016.05.23 20:56:30.996,2.14085,2.14186,1.75,1.00
2016.05.23 20:56:33.073,2.14099,2.14186,1.00,1.00
2016.05.23 20:56:33.777,2.14085,2.14186,1.75,1.00
2016.05.23 20:56:33.827,2.14088,2.14188,1.75,1.00
2016.05.23 20:56:33.976,2.14088,2.14188,1.75,1.00
2016.05.23 20:56:34.068,2.14098,2.14188,1.00,1.00
2016.05.23 20:56:34.169,2.14088,2.14188,1.75,1.50
2016.05.23 20:56:34.270,2.14088,2.14188,1.75,1.00
2016.05.23 20:56:34.370,2.14088,2.14188,1.75,1.00
2016.05.23 20:56:34.575,2.14095,2.14188,1.00,1.87
2016.05.23 20:56:34.778,2.14088,2.14188,1.75,1.75
2016.05.23 20:56:34.830,2.14079,2.14177,1.75,1.00
2016.05.23 20:56:34.981,2.14079,2.14177,1.75,1.00
2016.05.23 20:56:35.526,2.14082,2.14177,1.75,1.00
2016.05.23 20:56:35.732,2.14082,2.14177,1.75,1.00
2016.05.23 20:56:38.686,2.14081,2.14177,1.75,1.00
2016.05.23 20:56:38.980,2.14079,2.14177,1.75,1.00
2016.05.23 20:56:39.682,2.14079,2.14177,1.75,1.00
2016.05.23 20:56:39.783,2.14092,2.14177,1.00,1.00
2016.05.23 20:56:40.085,2.14082,2.14177,1.75,1.00
2016.05.23 20:56:42.683,2.14081,2.14177,1.75,1.00
2016.05.23 20:56:42.784,2.14088,2.14186,1.75,1.00
2016.05.23 20:56:43.137,2.14088,2.14186,1.75,1.00
2016.05.23 20:56:43.188,2.14088,2.14186,1.75,1.00
2016.05.23 20:56:45.698,2.14095,2.14192,1.75,1.00
2016.05.23 20:56:45.749,2.14095,2.14196,1.75,1.00
2016.05.23 20:56:45.800,2.14095,2.14196,1.75,1.00
2016.05.23 20:56:45.851,2.14106,2.14202,1.75,1.37
2016.05.23 20:56:45.902,2.14106,2.14202,1.75,1.00
2016.05.23 20:56:45.952,2.14106,2.14204,1.75,1.00
2016.05.23 20:56:46.104,2.14106,2.14204,1.75,1.00
2016.05.23 20:56:46.241,2.14113,2.14204,1.00,1.12
2016.05.23 20:56:46.292,2.14106,2.14204,1.75,1.75
2016.05.23 20:56:46.588,2.14108,2.14204,1.00,1.75
2016.05.23 20:56:49.807,2.14106,2.14204,1.75,1.12
2016.05.23 20:56:50.285,2.14106,2.14204,1.75,1.00
2016.05.23 20:56:50.638,2.14106,2.14204,1.50,1.37
2016.05.23 20:56:50.689,2.14106,2.14213,1.50,1.75
2016.05.23 20:56:50.739,2.14116,2.14213,1.75,1.75
2016.05.23 20:56:50.790,2.14116,2.14213,1.75,1.75
2016.05.23 20:56:50.891,2.14116,2.14213,1.12,1.75
2016.05.23 20:56:51.147,2.14105,2.14204,1.75,1.00
2016.05.23 20:56:51.426,2.14105,2.14204,1.50,1.75
2016.05.23 20:56:51.710,2.14105,2.14204,1.75,1.37
2016.05.23 20:56:53.790,2.14106,2.14204,1.00,1.37
2016.05.23 20:56:54.796,2.14105,2.14204,1.50,1.75
2016.05.23 20:56:56.011,2.14105,2.14204,1.00,1.75
2016.05.23 20:56:58.000,2.14105,2.14204,1.37,1.75
2016.05.23 20:56:58.050,2.14105,2.14204,1.75,1.50
2016.05.23 20:56:58.252,2.14107,2.14204,1.12,1.75
2016.05.23 20:56:58.353,2.14107,2.14204,1.12,1.37
2016.05.23 20:56:58.522,2.14107,2.14204,1.75,1.37
2016.05.23 20:57:00.298,2.14107,2.14204,1.37,1.37
2016.05.23 20:57:00.919,2.14107,2.14204,1.00,1.75
2016.05.23 20:57:05.138,2.14108,2.14205,1.00,1.75
2016.05.23 20:57:05.333,2.14108,2.14205,1.00,1.75
2016.05.23 20:57:08.941,2.14108,2.14205,1.00,1.37
2016.05.23 20:57:09.511,2.14108,2.14205,1.00,1.37
2016.05.23 20:57:15.334,2.14108,2.14205,1.00,1.50
2016.05.23 20:57:16.218,2.14108,2.14205,1.37,1.00
2016.05.23 20:57:16.420,2.1411,2.14198,1.00,1.00
2016.05.23 20:57:16.521,2.1411,2.142,1.00,1.00
2016.05.23 20:57:16.722,2.1411,2.14203,1.37,1.00
2016.05.23 20:57:16.874,2.1411,2.14209,1.00,1.75
2016.05.23 20:57:16.924,2.1411,2.14209,1.00,1.75
2016.05.23 20:57:18.967,2.1411,2.14209,1.00,1.75
2016.05.23 20:57:19.323,2.1411,2.14209,1.00,1.75
2016.05.23 20:57:22.021,2.14109,2.14209,1.00,1.75
2016.05.23 20:57:22.563,2.14109,2.14209,1.00,1.75
2016.05.23 20:57:27.169,2.14109,2.14209,1.00,1.75
2016.05.23 20:57:27.673,2.14109,2.14209,1.00,1.75
2016.05.23 20:57:28.541,2.14111,2.1421,1.00,1.75
2016.05.23 20:57:31.881,2.14111,2.1421,1.37,1.75
2016.05.23 20:57:31.982,2.14111,2.1421,1.12,1.75
2016.05.23 20:57:32.300,2.14111,2.1421,1.00,1.75
2016.05.23 20:57:32.632,2.14111,2.1421,1.75,1.75
2016.05.23 20:57:32.683,2.14111,2.1421,1.37,1.75
2016.05.23 20:57:32.734,2.14111,2.1421,1.00,1.75
2016.05.23 20:57:32.862,2.14111,2.1421,1.00,1.75
2016.05.23 20:57:38.395,2.14113,2.14211,1.00,1.75
2016.05.23 20:57:39.418,2.14113,2.14211,1.12,1.75
2016.05.23 20:57:39.742,2.14113,2.14211,1.50,1.75
2016.05.23 20:57:39.793,2.14113,2.14211,1.12,1.75
2016.05.23 20:57:39.894,2.14113,2.142,1.00,1.00
2016.05.23 20:57:46.214,2.14112,2.14213,1.00,1.75
2016.05.23 20:57:50.732,2.14112,2.14213,1.00,1.75
2016.05.23 20:57:51.504,2.14112,2.14213,1.00,1.75
2016.05.23 20:57:52.489,2.14113,2.14213,1.00,1.75
2016.05.23 20:57:52.540,2.14113,2.14213,1.50,1.75
2016.05.23 20:57:52.853,2.14113,2.14213,1.75,1.75
2016.05.23 20:57:57.424,2.14113,2.14213,1.75,1.75
2016.05.23 20:57:58.123,2.14113,2.14213,1.50,1.37
2016.05.23 20:57:58.224,2.14117,2.14218,1.00,1.37
2016.05.23 20:57:58.725,2.14117,2.14218,1.37,1.37
2016.05.23 20:58:00.534,2.14117,2.14218,1.37,1.37
2016.05.23 20:58:01.065,2.14106,2.14219,1.75,1.75
2016.05.23 20:58:04.390,2.14102,2.14216,1.75,1.75
2016.05.23 20:58:04.491,2.14102,2.14216,1.75,1.75
2016.05.23 20:58:04.592,2.14102,2.14216,1.75,1.75
2016.05.23 20:58:04.693,2.14102,2.14212,1.75,1.75
2016.05.23 20:58:04.794,2.14101,2.14212,1.75,1.75
2016.05.23 20:58:04.996,2.14094,2.14208,1.75,1.75
2016.05.23 20:58:05.148,2.14104,2.14208,1.00,1.75
2016.05.23 20:58:05.348,2.14094,2.14191,1.75,1.00
2016.05.23 20:58:05.651,2.14091,2.14206,1.75,1.75
2016.05.23 20:58:05.752,2.14092,2.14191,1.75,1.00
2016.05.23 20:58:05.853,2.14091,2.14205,1.75,1.75
2016.05.23 20:58:06.004,2.14092,2.14205,1.75,1.75
2016.05.23 20:58:06.055,2.14092,2.14205,1.75,1.75
2016.05.23 20:58:06.351,2.14092,2.14205,1.75,1.75
2016.05.23 20:58:06.553,2.14092,2.14202,1.75,1.75
2016.05.23 20:58:07.100,2.14092,2.14202,1.75,1.75
2016.05.23 20:58:07.268,2.14092,2.14202,1.75,1.75
2016.05.23 20:58:07.568,2.14092,2.14202,1.75,1.75
2016.05.23 20:58:08.440,2.14091,2.14205,1.75,1.75
2016.05.23 20:58:10.109,2.14093,2.14205,1.75,1.75
2016.05.23 20:58:10.421,2.14101,2.14219,1.75,2.25
2016.05.23 20:58:10.522,2.14098,2.14216,2.25,1.75
2016.05.23 20:58:10.830,2.14101,2.14216,1.75,1.75
2016.05.23 20:58:10.881,2.14118,2.14216,1.00,1.75
2016.05.23 20:58:12.866,2.14098,2.14216,2.25,1.75
2016.05.23 20:58:13.011,2.14098,2.14216,2.25,1.75
2016.05.23 20:58:13.497,2.14098,2.14216,2.25,1.75
2016.05.23 20:58:13.718,2.14099,2.14216,1.75,1.75
2016.05.23 20:58:13.870,2.14101,2.14219,1.75,1.75
2016.05.23 20:58:14.176,2.14108,2.14218,1.75,1.75
2016.05.23 20:58:14.377,2.14108,2.14225,1.75,1.75
2016.05.23 20:58:14.602,2.14119,2.14228,1.12,1.75
2016.05.23 20:58:14.702,2.14127,2.14228,1.50,1.75
2016.05.23 20:58:15.005,2.14127,2.14231,1.75,1.75
2016.05.23 20:58:15.321,2.14127,2.14231,1.50,1.75
2016.05.23 20:58:15.485,2.14127,2.14226,1.00,1.75
2016.05.23 20:58:15.586,2.14116,2.14229,2.25,1.75
2016.05.23 20:58:15.637,2.14116,2.14226,1.75,1.75
2016.05.23 20:58:15.687,2.1411,2.14226,1.75,1.75
2016.05.23 20:58:15.788,2.1411,2.14226,1.75,1.75
2016.05.23 20:58:15.976,2.14109,2.14222,1.75,1.75
2016.05.23 20:58:16.077,2.14109,2.14222,1.75,1.75
2016.05.23 20:58:16.178,2.14109,2.14219,1.75,1.75
2016.05.23 20:58:16.324,2.14108,2.14219,1.75,1.75
2016.05.23 20:58:16.720,2.14108,2.14219,1.75,1.75
2016.05.23 20:58:17.326,2.14108,2.14219,1.75,1.75
2016.05.23 20:58:18.081,2.14108,2.14219,1.75,1.75
2016.05.23 20:58:18.582,2.14114,2.14219,1.00,2.25
2016.05.23 20:58:19.430,2.14108,2.14219,1.75,1.75
2016.05.23 20:58:19.484,2.14108,2.14219,1.75,1.75
2016.05.23 20:58:21.605,2.14101,2.14218,1.75,1.75
2016.05.23 20:58:22.436,2.14101,2.14218,1.75,1.75
2016.05.23 20:58:26.646,2.14101,2.14219,1.75,2.25
2016.05.23 20:58:30.148,2.14101,2.14218,1.75,1.75
2016.05.23 20:58:30.219,2.14101,2.14218,1.75,1.75
2016.05.23 20:58:33.724,2.14097,2.14201,2.25,1.00
2016.05.23 20:58:34.074,2.14101,2.14214,1.75,1.75
2016.05.23 20:58:34.175,2.141,2.14214,1.75,1.75
2016.05.23 20:58:36.228,2.141,2.14218,2.25,2.25
2016.05.23 20:58:36.465,2.141,2.14218,2.25,2.25
2016.05.23 20:58:36.865,2.141,2.14218,2.25,2.25
2016.05.23 20:58:37.184,2.141,2.14218,1.75,1.75
2016.05.23 20:58:37.234,2.14096,2.14214,2.25,1.75
2016.05.23 20:58:37.285,2.14096,2.14214,2.25,1.75
2016.05.23 20:58:37.666,2.14101,2.14217,1.75,1.75
2016.05.23 20:58:37.930,2.14107,2.14218,1.75,1.75
2016.05.23 20:58:38.031,2.14107,2.14223,1.75,2.25
2016.05.23 20:58:38.132,2.14107,2.14223,1.75,1.75
2016.05.23 20:58:38.283,2.14107,2.14223,1.75,1.75
2016.05.23 20:58:39.056,2.14107,2.14223,1.75,1.75
2016.05.23 20:58:39.407,2.14107,2.14223,1.75,1.75
2016.05.23 20:58:39.727,2.14107,2.14223,1.75,1.75
2016.05.23 20:58:40.759,2.14107,2.14223,1.75,1.75
2016.05.23 20:58:41.073,2.1411,2.14226,1.75,1.75
2016.05.23 20:58:41.261,2.1411,2.14226,1.75,1.75
2016.05.23 20:58:41.610,2.14106,2.14224,2.25,1.75
2016.05.23 20:58:48.953,2.14106,2.14224,1.75,1.75
2016.05.23 20:58:49.056,2.14104,2.14217,1.75,1.75
2016.05.23 20:58:49.157,2.14114,2.14217,1.00,1.75
2016.05.23 20:58:49.726,2.14103,2.14217,1.75,1.75
2016.05.23 20:58:49.889,2.14103,2.14217,1.75,1.75
2016.05.23 20:58:51.595,2.14101,2.14217,1.75,1.75
2016.05.23 20:58:51.758,2.14101,2.14217,1.75,1.75
2016.05.23 20:58:52.391,2.14101,2.14217,1.00,1.00
2016.05.23 20:58:52.499,2.14104,2.14219,1.00,1.00
2016.05.23 20:58:52.600,2.14104,2.14222,1.00,1.00
2016.05.23 20:58:52.709,2.14098,2.14216,1.00,1.00
2016.05.23 20:58:53.011,2.14107,2.14225,1.00,1.00
2016.05.23 20:58:53.526,2.14108,2.14224,1.00,1.00
2016.05.23 20:58:54.010,2.14112,2.14228,1.00,1.00
2016.05.23 20:58:54.341,2.14108,2.14224,1.00,1.00
2016.05.23 20:58:54.911,2.14105,2.14221,1.50,1.00
2016.05.23 20:58:57.122,2.14108,2.14224,1.00,1.00
2016.05.23 20:58:57.223,2.14111,2.14228,1.00,1.00
2016.05.23 20:58:57.423,2.14107,2.14225,1.00,1.00
2016.05.23 20:59:00.131,2.14112,2.14228,1.00,1.50
2016.05.23 20:59:00.333,2.14106,2.14224,1.00,1.00
2016.05.23 20:59:00.434,2.14109,2.14227,1.00,1.00
2016.05.23 20:59:00.535,2.14105,2.14228,1.00,1.00
2016.05.23 20:59:02.463,2.14108,2.14231,0.75,0.75
2016.05.23 20:59:02.786,2.14105,2.14228,0.75,0.75
2016.05.23 20:59:32.947,2.14103,2.14221,0.75,0.75
2016.05.23 20:59:36.366,2.14103,2.14224,0.75,0.75
2016.05.23 20:59:36.878,2.14101,2.14226,0.75,0.75
2016.05.23 20:59:40.498,2.14098,2.14225,0.75,0.75
2016.05.23 20:59:45.787,2.14097,2.14237,0.75,0.75
2016.05.23 20:59:47.894,2.14103,2.14242,0.75,0.75
2016.05.23 20:59:51.058,2.14103,2.14238,0.75,0.75
2016.05.23 20:59:51.109,2.14098,2.14238,0.75,1.50
2016.05.23 20:59:51.464,2.14091,2.14223,0.75,0.75
2016.05.23 20:59:52.255,2.14101,2.14223,0.75,0.75
2016.05.23 20:59:54.254,2.14091,2.14223,0.75,0.75
2016.05.23 20:59:54.355,2.14102,2.14223,0.75,0.75
2016.05.23 20:59:55.152,2.14091,2.14223,0.75,0.75
2016.05.23 20:59:55.353,2.14102,2.14223,0.75,0.75
2016.05.23 20:59:55.403,2.14102,2.14226,0.75,0.75
2016.05.23 20:59:55.454,2.14091,2.14226,0.75,0.75
2016.05.23 20:59:55.564,2.14101,2.14226,0.75,0.75
2016.05.23 20:59:55.953,2.14092,2.14226,0.75,0.75
2016.05.23 20:59:56.305,2.14092,2.14234,0.75,0.75
2016.05.23 20:59:56.558,2.14091,2.14239,0.75,0.75
2016.05.23 20:59:56.654,2.14101,2.14239,0.75,0.75
2016.05.23 20:59:57.207,2.14102,2.14239,0.75,0.75
2016.05.23 20:59:58.654,2.14101,2.14239,0.75,0.75
2016.05.23 20:59:59.758,2.14102,2.14239,0.75,0.75
