2015.10.26 09:00:00.074,2.26522,2.26597,1.00,1.00
2015.10.26 09:00:00.528,2.26514,2.26586,1.50,1.00
2015.10.26 09:00:00.633,2.26523,2.26597,1.00,1.00
2015.10.26 09:00:00.849,2.26514,2.26597,1.00,1.00
2015.10.26 09:00:01.215,2.26518,2.26587,1.00,1.00
2015.10.26 09:00:01.316,2.26524,2.26596,1.00,1.00
2015.10.26 09:00:01.618,2.26534,2.26606,1.00,1.00
2015.10.26 09:00:02.495,2.26523,2.26607,1.00,1.00
2015.10.26 09:00:02.545,2.26534,2.26606,1.00,1.00
2015.10.26 09:00:04.191,2.26524,2.26606,1.00,1.00
2015.10.26 09:00:04.292,2.26527,2.26606,1.00,1.00
2015.10.26 09:00:04.594,2.26514,2.26597,1.00,1.00
2015.10.26 09:00:04.796,2.26513,2.26587,1.00,1.00
2015.10.26 09:00:05.508,2.26518,2.26597,1.00,1.00
2015.10.26 09:00:05.559,2.26518,2.26588,1.00,1.00
2015.10.26 09:00:05.609,2.26515,2.26587,1.00,1.00
2015.10.26 09:00:05.811,2.26515,2.26597,1.00,1.00
2015.10.26 09:00:05.912,2.26517,2.26589,1.00,1.00
2015.10.26 09:00:06.013,2.26514,2.26589,1.50,1.00
2015.10.26 09:00:06.266,2.26514,2.26586,1.00,1.00
2015.10.26 09:00:06.810,2.26523,2.26589,1.00,1.00
2015.10.26 09:00:06.911,2.26514,2.26586,1.00,1.00
2015.10.26 09:00:07.044,2.26523,2.26589,1.00,1.00
2015.10.26 09:00:07.095,2.26523,2.26597,1.00,1.00
2015.10.26 09:00:07.246,2.26517,2.26587,1.00,1.00
2015.10.26 09:00:07.447,2.26515,2.26587,1.00,1.00
2015.10.26 09:00:07.548,2.26523,2.26588,1.00,1.00
2015.10.26 09:00:07.917,2.26523,2.26597,1.00,1.00
2015.10.26 09:00:08.019,2.26533,2.26599,1.00,1.00
2015.10.26 09:00:08.322,2.26533,2.26579,1.00,1.00
2015.10.26 09:00:08.423,2.26521,2.26579,1.00,1.00
2015.10.26 09:00:08.474,2.26513,2.26579,1.00,1.00
2015.10.26 09:00:08.881,2.26513,2.26587,1.00,1.00
2015.10.26 09:00:09.264,2.26524,2.26588,1.00,1.00
2015.10.26 09:00:09.523,2.26504,2.26576,1.00,1.00
2015.10.26 09:00:09.776,2.26493,2.26567,1.00,1.00
2015.10.26 09:00:10.549,2.26494,2.26566,1.00,1.00
2015.10.26 09:00:10.964,2.26496,2.26566,1.00,1.00
2015.10.26 09:00:11.273,2.26503,2.26566,1.00,1.00
2015.10.26 09:00:11.424,2.26512,2.26577,1.00,1.00
2015.10.26 09:00:11.868,2.26514,2.26586,1.00,1.00
2015.10.26 09:00:11.919,2.26509,2.26577,1.00,1.00
2015.10.26 09:00:11.969,2.26503,2.26577,1.50,1.00
2015.10.26 09:00:13.139,2.26513,2.26587,1.00,1.00
2015.10.26 09:00:14.801,2.26503,2.26577,1.00,1.00
2015.10.26 09:00:15.305,2.26504,2.26576,1.00,1.00
2015.10.26 09:00:18.493,2.26514,2.26586,1.00,1.00
2015.10.26 09:00:18.544,2.26503,2.26577,1.00,1.00
2015.10.26 09:00:19.596,2.26513,2.26587,1.00,1.00
2015.10.26 09:00:20.189,2.26524,2.26596,1.00,1.00
2015.10.26 09:00:20.854,2.26513,2.26587,1.00,1.00
2015.10.26 09:00:21.545,2.26524,2.26596,1.00,1.00
2015.10.26 09:00:31.453,2.26525,2.26596,1.00,1.00
2015.10.26 09:00:31.755,2.26534,2.26606,1.00,1.00
2015.10.26 09:00:34.209,2.2653,2.26596,1.00,1.00
2015.10.26 09:00:34.312,2.26534,2.26606,1.00,1.00
2015.10.26 09:00:36.143,2.26533,2.26607,1.50,1.00
2015.10.26 09:00:37.956,2.26533,2.26597,1.00,1.00
2015.10.26 09:00:38.259,2.26539,2.26606,1.00,1.00
2015.10.26 09:00:38.310,2.26539,2.26606,1.50,1.00
2015.10.26 09:00:39.186,2.26535,2.26607,1.75,1.00
2015.10.26 09:00:40.783,2.26543,2.26609,1.00,1.00
2015.10.26 09:00:40.884,2.26543,2.26617,1.00,1.00
2015.10.26 09:00:41.329,2.26543,2.26599,1.00,1.00
2015.10.26 09:00:41.897,2.2653,2.26597,1.37,1.00
2015.10.26 09:00:41.948,2.26523,2.26597,1.00,1.00
2015.10.26 09:00:42.333,2.26523,2.26587,1.00,1.00
2015.10.26 09:00:42.635,2.26533,2.26598,1.00,1.00
2015.10.26 09:00:43.081,2.26526,2.26597,1.00,1.00
2015.10.26 09:00:43.132,2.26524,2.26597,1.00,1.00
2015.10.26 09:00:43.435,2.26527,2.26597,1.00,1.00
2015.10.26 09:00:43.538,2.26524,2.26596,1.50,1.00
2015.10.26 09:00:45.012,2.26525,2.26596,1.00,1.00
2015.10.26 09:00:45.415,2.26528,2.26596,1.00,1.00
2015.10.26 09:00:45.921,2.26526,2.26596,1.00,1.00
2015.10.26 09:00:45.972,2.26533,2.26607,1.00,1.00
2015.10.26 09:00:46.526,2.26534,2.26606,1.00,1.00
2015.10.26 09:00:47.804,2.26533,2.26607,1.00,1.00
2015.10.26 09:00:48.323,2.26534,2.26606,1.00,1.00
2015.10.26 09:00:48.375,2.26523,2.26597,1.00,1.00
2015.10.26 09:00:48.577,2.26513,2.26587,1.00,1.00
2015.10.26 09:00:48.902,2.26524,2.26596,1.00,1.00
2015.10.26 09:00:49.596,2.26514,2.26586,1.00,1.00
2015.10.26 09:00:50.121,2.26513,2.26587,1.00,1.00
2015.10.26 09:00:50.430,2.26505,2.26577,1.00,1.00
2015.10.26 09:00:50.481,2.26503,2.26577,1.00,1.00
2015.10.26 09:00:50.899,2.26514,2.26586,1.00,1.00
2015.10.26 09:00:51.201,2.26524,2.26596,1.00,1.00
2015.10.26 09:00:51.985,2.26533,2.26607,1.00,1.00
2015.10.26 09:00:52.439,2.26544,2.26606,1.00,1.00
2015.10.26 09:00:52.540,2.26544,2.26616,1.00,1.00
2015.10.26 09:00:53.147,2.26554,2.26626,1.00,1.12
2015.10.26 09:00:53.650,2.26553,2.26627,1.00,1.00
2015.10.26 09:00:54.850,2.26553,2.26627,1.37,1.00
2015.10.26 09:00:54.901,2.26563,2.26637,1.00,1.12
2015.10.26 09:00:55.053,2.26563,2.26637,1.00,1.37
2015.10.26 09:00:55.154,2.26553,2.26627,1.00,1.00
2015.10.26 09:00:55.306,2.26544,2.26616,1.75,1.00
2015.10.26 09:00:55.357,2.26544,2.26616,1.37,1.00
2015.10.26 09:00:55.407,2.26533,2.26607,1.75,1.00
2015.10.26 09:00:55.458,2.26533,2.26607,1.37,1.00
2015.10.26 09:00:55.869,2.26543,2.26617,1.00,1.00
2015.10.26 09:00:56.024,2.26533,2.26607,1.37,1.00
2015.10.26 09:00:56.176,2.26533,2.26607,1.00,1.00
2015.10.26 09:00:56.277,2.26534,2.26606,1.37,1.00
2015.10.26 09:00:56.581,2.26543,2.26609,1.00,1.00
2015.10.26 09:00:56.631,2.26533,2.26607,1.50,1.00
2015.10.26 09:00:57.482,2.26544,2.26616,1.00,1.00
2015.10.26 09:00:58.043,2.26543,2.26617,1.00,1.00
2015.10.26 09:00:58.724,2.26534,2.26606,1.37,1.00
2015.10.26 09:00:59.953,2.26524,2.26596,1.37,1.00
2015.10.26 09:01:00.458,2.26523,2.26587,1.50,1.00
2015.10.26 09:01:00.710,2.26523,2.26587,1.12,1.00
2015.10.26 09:01:01.477,2.26523,2.26597,1.00,1.00
2015.10.26 09:01:02.891,2.26524,2.26596,1.00,1.00
2015.10.26 09:01:03.093,2.26533,2.26607,1.00,1.75
2015.10.26 09:01:03.194,2.26533,2.26607,1.00,1.37
2015.10.26 09:01:03.245,2.26534,2.26606,1.00,1.00
2015.10.26 09:01:03.346,2.26524,2.26596,1.75,1.00
2015.10.26 09:01:03.787,2.26534,2.26606,1.00,1.00
2015.10.26 09:01:04.392,2.26534,2.26606,1.37,1.00
2015.10.26 09:01:05.454,2.26523,2.26597,1.75,1.00
2015.10.26 09:01:05.963,2.26524,2.26596,1.50,1.00
2015.10.26 09:01:07.015,2.26524,2.26596,1.12,1.00
2015.10.26 09:01:07.626,2.26513,2.26587,1.75,1.00
2015.10.26 09:01:08.138,2.26524,2.26596,1.00,1.00
2015.10.26 09:01:09.476,2.26514,2.26586,1.00,1.00
2015.10.26 09:01:10.980,2.26524,2.26596,1.00,1.75
2015.10.26 09:01:11.131,2.26523,2.26597,1.00,1.00
2015.10.26 09:01:11.650,2.26524,2.26596,1.00,1.00
2015.10.26 09:01:12.214,2.26523,2.26597,1.00,1.00
2015.10.26 09:01:12.467,2.26513,2.26587,1.75,1.00
2015.10.26 09:01:13.266,2.26513,2.26587,1.37,1.00
2015.10.26 09:01:13.317,2.26514,2.26586,1.00,1.00
2015.10.26 09:01:13.669,2.26503,2.26577,1.75,1.00
2015.10.26 09:01:13.921,2.26504,2.26576,1.37,1.00
2015.10.26 09:01:13.972,2.26504,2.26568,1.00,1.00
2015.10.26 09:01:14.810,2.26504,2.26576,1.00,1.00
2015.10.26 09:01:14.861,2.26494,2.26566,1.50,1.00
2015.10.26 09:01:16.033,2.26484,2.26556,1.75,1.00
2015.10.26 09:01:16.085,2.26493,2.26567,1.00,1.00
2015.10.26 09:01:16.622,2.26494,2.26566,1.00,1.00
2015.10.26 09:01:18.426,2.26483,2.26557,1.75,1.00
2015.10.26 09:01:19.285,2.26494,2.26566,1.00,1.00
2015.10.26 09:01:20.819,2.26504,2.26569,1.00,1.00
2015.10.26 09:01:22.598,2.26493,2.26567,1.00,1.00
2015.10.26 09:01:23.990,2.26493,2.26567,1.75,1.00
2015.10.26 09:01:25.004,2.26503,2.26577,1.75,1.00
2015.10.26 09:01:25.206,2.26513,2.26587,1.00,1.00
2015.10.26 09:01:26.323,2.26593,2.26627,1.00,1.00
2015.10.26 09:01:26.425,2.26593,2.26667,1.50,1.00
2015.10.26 09:01:26.475,2.26601,2.26667,1.00,1.00
2015.10.26 09:01:26.577,2.26598,2.26667,1.00,1.00
2015.10.26 09:01:26.678,2.26598,2.26656,1.00,1.00
2015.10.26 09:01:26.980,2.26606,2.26656,1.00,1.00
2015.10.26 09:01:27.081,2.26623,2.26677,1.00,1.00
2015.10.26 09:01:27.470,2.26626,2.26688,1.00,1.00
2015.10.26 09:01:27.527,2.26626,2.26686,1.00,1.00
2015.10.26 09:01:27.578,2.26624,2.26686,1.00,1.00
2015.10.26 09:01:28.084,2.26624,2.26687,1.00,1.00
2015.10.26 09:01:28.761,2.26624,2.26686,1.00,1.00
2015.10.26 09:01:28.812,2.26632,2.26697,1.00,1.12
2015.10.26 09:01:28.964,2.26634,2.26697,1.00,1.12
2015.10.26 09:01:29.268,2.26637,2.26689,1.00,1.00
2015.10.26 09:01:29.420,2.26625,2.26686,1.00,1.00
2015.10.26 09:01:29.522,2.26621,2.26686,1.00,1.00
2015.10.26 09:01:30.315,2.26619,2.26686,1.00,1.00
2015.10.26 09:01:30.366,2.26622,2.26686,1.00,1.00
2015.10.26 09:01:30.672,2.2664,2.26697,1.00,1.12
2015.10.26 09:01:30.975,2.26661,2.26716,1.00,1.00
2015.10.26 09:01:31.277,2.26661,2.26727,1.00,1.50
2015.10.26 09:01:31.379,2.26661,2.26719,1.00,1.00
2015.10.26 09:01:31.748,2.26658,2.26719,1.00,1.00
2015.10.26 09:01:31.849,2.26661,2.26719,1.00,1.00
2015.10.26 09:01:32.784,2.26661,2.26718,1.00,1.00
2015.10.26 09:01:33.389,2.26661,2.26708,1.00,1.00
2015.10.26 09:01:33.441,2.26655,2.26709,1.00,1.00
2015.10.26 09:01:34.022,2.26659,2.26709,1.00,1.00
2015.10.26 09:01:34.123,2.26659,2.26717,1.00,1.00
2015.10.26 09:01:34.465,2.26659,2.26708,1.00,1.00
2015.10.26 09:01:35.237,2.26659,2.26716,1.00,1.00
2015.10.26 09:01:35.417,2.26659,2.26708,1.00,1.00
2015.10.26 09:01:35.467,2.26657,2.26708,1.00,1.00
2015.10.26 09:01:35.572,2.26657,2.26698,1.00,1.00
2015.10.26 09:01:35.681,2.26646,2.26709,1.00,1.00
2015.10.26 09:01:35.832,2.26643,2.26709,1.00,1.00
2015.10.26 09:01:35.933,2.2664,2.26708,1.00,1.00
2015.10.26 09:01:36.317,2.26646,2.26708,1.00,1.00
2015.10.26 09:01:36.634,2.26646,2.26706,1.00,1.00
2015.10.26 09:01:37.742,2.26646,2.26717,1.00,1.50
2015.10.26 09:01:38.604,2.26646,2.26709,1.00,1.00
2015.10.26 09:01:38.824,2.26646,2.26716,1.00,1.37
2015.10.26 09:01:39.266,2.26648,2.26716,1.00,1.37
2015.10.26 09:01:40.432,2.26665,2.26727,1.00,1.75
2015.10.26 09:01:40.830,2.26667,2.26733,1.00,1.42
2015.10.26 09:01:40.881,2.26667,2.26737,1.00,1.00
2015.10.26 09:01:40.982,2.26667,2.26745,1.00,1.75
2015.10.26 09:01:41.083,2.26674,2.26738,1.00,1.00
2015.10.26 09:01:41.401,2.2667,2.26747,1.00,1.75
2015.10.26 09:01:41.721,2.26668,2.26747,1.00,1.75
2015.10.26 09:01:42.513,2.26671,2.26747,1.00,1.75
2015.10.26 09:01:42.836,2.26671,2.26736,1.00,1.00
2015.10.26 09:01:43.170,2.26671,2.26746,1.00,1.75
2015.10.26 09:01:43.273,2.26664,2.26739,1.00,1.12
2015.10.26 09:01:43.374,2.26656,2.26737,1.00,1.00
2015.10.26 09:01:43.475,2.26656,2.26727,1.00,1.00
2015.10.26 09:01:43.988,2.26656,2.26726,1.00,1.00
2015.10.26 09:01:44.290,2.26659,2.26726,1.00,1.00
2015.10.26 09:01:44.471,2.26657,2.26726,1.00,1.00
2015.10.26 09:01:44.912,2.2664,2.26706,1.75,1.00
2015.10.26 09:01:45.705,2.26628,2.26667,1.00,1.00
2015.10.26 09:01:45.757,2.26615,2.26667,1.00,1.00
2015.10.26 09:01:46.229,2.2661,2.26669,1.00,1.00
2015.10.26 09:01:46.280,2.26608,2.26669,1.00,1.00
2015.10.26 09:01:46.381,2.26602,2.26676,1.00,1.00
2015.10.26 09:01:46.432,2.26604,2.26679,1.00,1.00
2015.10.26 09:01:46.482,2.26613,2.26679,1.00,1.00
2015.10.26 09:01:46.636,2.26619,2.26686,1.00,1.00
2015.10.26 09:01:46.687,2.26621,2.26686,1.00,1.00
2015.10.26 09:01:47.444,2.2662,2.26686,1.00,1.00
2015.10.26 09:01:47.813,2.26618,2.26686,1.00,1.00
2015.10.26 09:01:48.304,2.26624,2.26696,1.00,1.12
2015.10.26 09:01:48.456,2.2664,2.26696,1.00,1.00
2015.10.26 09:01:48.658,2.26643,2.26716,1.00,1.00
2015.10.26 09:01:48.773,2.26646,2.26726,1.00,1.75
2015.10.26 09:01:48.975,2.26646,2.26726,1.00,1.00
2015.10.26 09:01:49.026,2.26648,2.26726,1.00,1.00
2015.10.26 09:01:49.713,2.26652,2.26726,1.00,1.00
2015.10.26 09:01:49.764,2.26644,2.26726,1.87,1.00
2015.10.26 09:01:50.373,2.26645,2.26726,1.00,1.00
2015.10.26 09:01:50.524,2.26654,2.26729,1.00,1.00
2015.10.26 09:01:51.108,2.26655,2.26729,1.00,1.00
2015.10.26 09:01:51.159,2.26655,2.26736,1.00,1.75
2015.10.26 09:01:51.210,2.26658,2.26736,1.00,1.75
2015.10.26 09:01:51.514,2.26684,2.26748,1.00,1.00
2015.10.26 09:01:51.615,2.26684,2.26758,1.00,1.75
2015.10.26 09:01:51.832,2.2668,2.26756,1.00,1.75
2015.10.26 09:01:52.398,2.26681,2.26756,1.00,1.75
2015.10.26 09:01:52.449,2.26685,2.26766,1.00,1.37
2015.10.26 09:01:52.499,2.26693,2.26769,1.00,1.00
2015.10.26 09:01:54.802,2.26689,2.26766,1.00,1.00
2015.10.26 09:01:54.921,2.26689,2.2676,1.00,1.00
2015.10.26 09:01:54.972,2.26684,2.2676,1.50,1.00
2015.10.26 09:01:55.023,2.26684,2.26759,1.50,1.34
2015.10.26 09:01:55.808,2.2667,2.26726,1.75,1.00
2015.10.26 09:01:55.859,2.2665,2.26726,2.25,1.00
2015.10.26 09:01:55.910,2.26653,2.26728,1.75,1.00
2015.10.26 09:01:56.126,2.26653,2.26737,1.75,1.00
2015.10.26 09:01:56.329,2.26653,2.26728,1.75,1.00
2015.10.26 09:01:57.147,2.26653,2.26729,1.75,1.00
2015.10.26 09:01:57.351,2.26663,2.26737,1.00,1.00
2015.10.26 09:01:57.402,2.26663,2.26737,1.37,1.00
2015.10.26 09:01:57.733,2.26674,2.26746,1.37,1.00
2015.10.26 09:01:58.641,2.26664,2.26736,1.00,1.00
2015.10.26 09:02:04.515,2.26653,2.26727,1.75,1.00
2015.10.26 09:02:04.566,2.26653,2.26727,1.00,1.00
2015.10.26 09:02:04.718,2.26643,2.26727,1.75,1.00
2015.10.26 09:02:04.870,2.26649,2.26727,1.37,1.00
2015.10.26 09:02:05.172,2.26663,2.26737,1.00,1.00
2015.10.26 09:02:06.169,2.26664,2.26736,2.25,1.00
2015.10.26 09:02:06.684,2.26664,2.26736,1.00,1.00
2015.10.26 09:02:07.491,2.26654,2.26736,2.25,1.00
2015.10.26 09:02:07.760,2.26655,2.26736,1.09,1.00
2015.10.26 09:02:08.063,2.26673,2.26749,1.00,1.75
2015.10.26 09:02:08.114,2.26673,2.26749,1.00,1.00
2015.10.26 09:02:08.315,2.26673,2.26739,1.00,1.00
2015.10.26 09:02:08.927,2.26662,2.26727,1.00,1.00
2015.10.26 09:02:08.978,2.26643,2.26719,1.37,1.87
2015.10.26 09:02:09.029,2.26643,2.26719,1.00,2.25
2015.10.26 09:02:09.382,2.26643,2.26709,1.00,1.00
2015.10.26 09:02:09.646,2.26644,2.26719,1.00,1.75
2015.10.26 09:02:10.212,2.26644,2.26698,1.00,1.00
2015.10.26 09:02:10.263,2.26634,2.26699,1.00,1.00
2015.10.26 09:02:10.314,2.26643,2.26699,1.00,1.00
2015.10.26 09:02:10.415,2.26643,2.26709,1.00,1.00
2015.10.26 09:02:10.617,2.26643,2.26717,1.00,1.00
2015.10.26 09:02:10.900,2.2664,2.26716,1.12,1.00
2015.10.26 09:02:11.277,2.26644,2.26716,1.00,1.00
2015.10.26 09:02:11.671,2.26635,2.26709,1.75,1.00
2015.10.26 09:02:12.456,2.26643,2.26709,1.00,1.00
2015.10.26 09:02:13.301,2.26641,2.26709,1.00,1.00
2015.10.26 09:02:13.892,2.26641,2.26708,1.00,1.00
2015.10.26 09:02:14.856,2.26639,2.26708,1.37,1.00
2015.10.26 09:02:15.135,2.26639,2.26717,1.37,1.00
2015.10.26 09:02:15.321,2.26639,2.26709,1.37,1.00
2015.10.26 09:02:16.612,2.26704,2.26735,1.00,1.37
2015.10.26 09:02:16.663,2.26704,2.26768,1.00,1.50
2015.10.26 09:02:16.966,2.26704,2.26766,1.00,1.00
2015.10.26 09:02:17.131,2.26694,2.26758,1.00,1.00
2015.10.26 09:02:18.078,2.26694,2.26768,1.00,1.50
2015.10.26 09:02:18.840,2.26694,2.26758,1.00,1.00
2015.10.26 09:02:19.061,2.26694,2.26768,1.00,1.00
2015.10.26 09:02:20.555,2.26685,2.26766,1.00,1.00
2015.10.26 09:02:20.606,2.26685,2.26759,1.00,1.00
2015.10.26 09:02:20.909,2.26673,2.26757,1.00,1.37
2015.10.26 09:02:21.327,2.26674,2.26746,1.00,1.00
2015.10.26 09:02:21.728,2.26675,2.26739,1.00,1.00
2015.10.26 09:02:21.829,2.26675,2.26746,1.00,1.00
2015.10.26 09:02:21.980,2.26673,2.26757,1.50,1.37
2015.10.26 09:02:24.858,2.26713,2.26769,1.00,1.00
2015.10.26 09:02:24.959,2.26704,2.26768,1.37,1.00
2015.10.26 09:02:25.362,2.26704,2.26758,1.00,1.00
2015.10.26 09:02:25.413,2.26684,2.26756,1.37,1.00
2015.10.26 09:02:25.464,2.26684,2.26756,1.00,1.00
2015.10.26 09:02:26.580,2.26677,2.26757,1.75,1.00
2015.10.26 09:02:28.552,2.26677,2.26748,1.75,1.00
2015.10.26 09:02:28.867,2.26677,2.26746,1.75,1.00
2015.10.26 09:02:29.149,2.26684,2.26756,1.00,1.00
2015.10.26 09:02:29.719,2.26664,2.26746,1.50,1.00
2015.10.26 09:02:29.921,2.26674,2.26746,1.00,1.00
2015.10.26 09:02:30.023,2.26674,2.26748,1.00,1.12
2015.10.26 09:02:30.124,2.26674,2.26746,1.00,1.00
2015.10.26 09:02:31.082,2.26684,2.26748,1.00,1.12
2015.10.26 09:02:31.133,2.26684,2.26756,1.00,1.00
2015.10.26 09:02:31.580,2.26687,2.26759,1.00,1.12
2015.10.26 09:02:31.899,2.26704,2.26769,1.00,1.00
2015.10.26 09:02:32.051,2.26704,2.26776,1.00,1.50
2015.10.26 09:02:32.101,2.26707,2.26777,1.00,1.75
2015.10.26 09:02:32.605,2.26704,2.26776,1.00,1.00
2015.10.26 09:02:32.759,2.26704,2.26776,1.00,1.75
2015.10.26 09:02:32.860,2.26697,2.26768,1.00,1.00
2015.10.26 09:02:32.961,2.26703,2.26768,1.00,1.00
2015.10.26 09:02:33.883,2.26693,2.26768,1.50,1.00
2015.10.26 09:02:35.341,2.26693,2.26769,1.50,1.00
2015.10.26 09:02:35.653,2.26693,2.26769,1.00,1.37
2015.10.26 09:02:35.955,2.26693,2.26769,1.00,1.75
2015.10.26 09:02:37.269,2.26694,2.26766,1.00,1.50
2015.10.26 09:02:38.391,2.26685,2.26766,1.00,1.50
2015.10.26 09:02:38.442,2.26685,2.26759,1.00,1.00
2015.10.26 09:02:38.795,2.26683,2.26757,1.00,1.00
2015.10.26 09:02:39.415,2.26684,2.26757,1.00,1.00
2015.10.26 09:02:39.949,2.26685,2.26757,1.00,1.00
2015.10.26 09:02:41.340,2.26686,2.26757,1.00,1.00
2015.10.26 09:02:41.953,2.26684,2.26756,1.50,1.00
2015.10.26 09:02:43.032,2.26685,2.26756,1.00,1.00
2015.10.26 09:02:43.325,2.26683,2.26757,1.50,1.00
2015.10.26 09:02:43.884,2.26681,2.26757,1.00,1.00
2015.10.26 09:02:43.935,2.26676,2.26747,1.50,1.00
2015.10.26 09:02:44.086,2.26683,2.26757,1.00,1.00
2015.10.26 09:02:44.137,2.26685,2.26757,1.00,1.00
2015.10.26 09:02:44.439,2.26694,2.26758,1.00,1.00
2015.10.26 09:02:45.118,2.26694,2.26759,1.00,1.00
2015.10.26 09:02:45.169,2.26694,2.26766,1.00,1.50
2015.10.26 09:02:46.996,2.26694,2.26766,1.00,1.00
2015.10.26 09:02:50.489,2.26683,2.26757,1.75,1.00
2015.10.26 09:02:52.246,2.26683,2.26757,1.00,1.00
2015.10.26 09:02:57.646,2.26674,2.26756,1.00,1.50
2015.10.26 09:02:57.751,2.26673,2.26747,1.00,1.00
2015.10.26 09:02:57.970,2.26675,2.26757,1.00,1.75
2015.10.26 09:02:58.170,2.26677,2.26757,1.00,1.75
2015.10.26 09:02:59.369,2.26677,2.26747,1.00,1.00
2015.10.26 09:03:00.543,2.26677,2.26746,1.00,1.00
2015.10.26 09:03:01.251,2.26675,2.26746,1.00,1.00
2015.10.26 09:03:02.142,2.26682,2.26747,1.00,1.00
2015.10.26 09:03:02.596,2.26692,2.26747,1.37,1.00
2015.10.26 09:03:02.698,2.26693,2.26767,1.87,1.00
2015.10.26 09:03:02.800,2.26703,2.26769,1.00,1.00
2015.10.26 09:03:03.053,2.26727,2.26797,1.00,1.00
2015.10.26 09:03:03.103,2.26733,2.26807,1.00,1.37
2015.10.26 09:03:03.495,2.26734,2.26807,1.00,1.00
2015.10.26 09:03:03.546,2.26737,2.26807,1.00,1.00
2015.10.26 09:03:03.710,2.26734,2.26807,1.00,1.00
2015.10.26 09:03:03.912,2.2673,2.26797,1.00,1.00
2015.10.26 09:03:04.013,2.26719,2.26797,1.37,1.00
2015.10.26 09:03:04.114,2.2672,2.26797,1.00,1.00
2015.10.26 09:03:04.895,2.26721,2.26797,1.00,1.00
2015.10.26 09:03:05.209,2.26718,2.26797,1.00,1.00
2015.10.26 09:03:05.760,2.26717,2.26797,1.00,1.00
2015.10.26 09:03:05.861,2.26717,2.26786,1.00,1.00
2015.10.26 09:03:05.912,2.26714,2.26786,1.00,1.00
2015.10.26 09:03:08.062,2.26716,2.26786,1.00,1.00
2015.10.26 09:03:08.400,2.26734,2.26808,1.00,1.75
2015.10.26 09:03:08.501,2.26734,2.26808,1.00,1.00
2015.10.26 09:03:08.938,2.26726,2.26798,1.00,1.00
2015.10.26 09:03:09.439,2.26723,2.26798,1.12,1.00
2015.10.26 09:03:09.490,2.26713,2.26797,1.50,1.00
2015.10.26 09:03:10.166,2.26713,2.26787,1.50,1.00
2015.10.26 09:03:10.472,2.26742,2.26807,1.00,1.00
2015.10.26 09:03:10.851,2.26753,2.26819,1.00,1.00
2015.10.26 09:03:13.891,2.26753,2.26809,1.00,1.00
2015.10.26 09:03:14.436,2.26754,2.26809,1.00,1.00
2015.10.26 09:03:14.638,2.26763,2.26819,1.00,1.00
2015.10.26 09:03:15.656,2.26763,2.26828,1.00,1.00
2015.10.26 09:03:15.858,2.26763,2.26818,1.00,1.00
2015.10.26 09:03:16.059,2.26763,2.26828,1.00,1.00
2015.10.26 09:03:16.504,2.26763,2.26818,1.00,1.00
2015.10.26 09:03:16.892,2.26755,2.26819,1.00,1.00
2015.10.26 09:03:16.943,2.26753,2.26819,1.00,1.00
2015.10.26 09:03:17.309,2.26753,2.26828,1.00,1.75
2015.10.26 09:03:17.410,2.26753,2.26818,1.00,1.00
2015.10.26 09:03:18.330,2.26704,2.26786,1.34,1.75
2015.10.26 09:03:18.386,2.26704,2.26786,1.00,1.75
2015.10.26 09:03:18.437,2.26704,2.26776,1.00,1.00
2015.10.26 09:03:18.942,2.26703,2.26787,1.00,1.75
2015.10.26 09:03:19.195,2.26704,2.26776,1.00,1.00
2015.10.26 09:03:20.082,2.26694,2.26766,1.50,1.00
2015.10.26 09:03:20.284,2.26693,2.26777,1.75,1.00
2015.10.26 09:03:20.850,2.26703,2.26787,1.00,2.25
2015.10.26 09:03:20.901,2.26703,2.26787,1.00,1.75
2015.10.26 09:03:21.053,2.26703,2.26777,1.00,1.00
2015.10.26 09:03:21.359,2.26713,2.26779,1.00,1.00
2015.10.26 09:03:21.561,2.26713,2.26787,1.00,1.00
2015.10.26 09:03:22.098,2.26713,2.26787,1.00,1.37
2015.10.26 09:03:22.689,2.26703,2.26787,1.00,1.75
2015.10.26 09:03:23.401,2.26703,2.26777,1.00,1.00
2015.10.26 09:03:23.782,2.26703,2.26768,1.00,1.00
2015.10.26 09:03:25.046,2.26704,2.26768,1.00,1.00
2015.10.26 09:03:25.097,2.26704,2.26776,1.00,1.00
2015.10.26 09:03:25.302,2.26704,2.26768,1.00,1.00
2015.10.26 09:03:27.738,2.26703,2.26768,1.00,1.00
2015.10.26 09:03:27.860,2.26703,2.26777,1.00,1.00
2015.10.26 09:03:28.413,2.26704,2.26778,1.00,1.00
2015.10.26 09:03:30.399,2.26703,2.26778,1.00,1.00
2015.10.26 09:03:31.491,2.26703,2.26787,1.00,1.75
2015.10.26 09:03:31.711,2.26714,2.26786,1.00,1.75
2015.10.26 09:03:31.965,2.26704,2.26786,1.00,1.75
2015.10.26 09:03:32.108,2.26704,2.26778,1.00,1.00
2015.10.26 09:03:32.549,2.26703,2.26787,1.00,1.75
2015.10.26 09:03:33.037,2.26708,2.26787,1.00,1.37
2015.10.26 09:03:33.369,2.26714,2.26788,1.00,1.00
2015.10.26 09:03:35.237,2.26714,2.26786,1.00,1.00
2015.10.26 09:03:35.869,2.26714,2.26779,1.00,1.00
2015.10.26 09:03:36.558,2.26713,2.26779,1.00,1.00
2015.10.26 09:03:37.196,2.26713,2.26778,1.00,1.00
2015.10.26 09:03:37.790,2.26713,2.26779,1.00,1.00
2015.10.26 09:03:37.846,2.26704,2.26776,1.00,1.00
2015.10.26 09:03:38.301,2.26703,2.26769,1.00,1.00
2015.10.26 09:03:38.659,2.26693,2.26767,1.75,1.00
2015.10.26 09:03:39.216,2.26694,2.26759,1.00,1.00
2015.10.26 09:03:41.157,2.26694,2.26766,1.00,1.00
2015.10.26 09:03:41.609,2.26693,2.26758,1.00,1.00
2015.10.26 09:03:41.710,2.26694,2.26768,1.00,1.00
2015.10.26 09:03:41.811,2.26694,2.26776,1.00,1.75
2015.10.26 09:03:41.862,2.26703,2.26777,1.00,1.75
2015.10.26 09:03:43.188,2.26694,2.26766,1.00,1.00
2015.10.26 09:03:43.370,2.26703,2.26777,1.00,1.75
2015.10.26 09:03:44.277,2.26694,2.26776,1.00,1.75
2015.10.26 09:03:44.479,2.26694,2.26766,1.00,1.00
2015.10.26 09:03:44.883,2.26694,2.26759,1.00,1.00
2015.10.26 09:03:45.127,2.26683,2.26757,1.75,1.00
2015.10.26 09:03:45.525,2.26694,2.26766,1.00,1.00
2015.10.26 09:03:45.676,2.26704,2.26769,1.00,1.00
2015.10.26 09:03:45.878,2.26704,2.26776,1.00,1.00
2015.10.26 09:03:45.929,2.26713,2.26787,1.00,1.75
2015.10.26 09:03:46.495,2.26714,2.26786,1.00,1.50
2015.10.26 09:03:47.036,2.26713,2.26788,1.00,1.75
2015.10.26 09:03:47.537,2.26714,2.26788,1.00,1.75
2015.10.26 09:03:48.318,2.26713,2.26787,1.00,1.75
2015.10.26 09:03:48.824,2.26714,2.26786,1.00,1.50
2015.10.26 09:03:48.875,2.26704,2.26776,1.00,1.00
2015.10.26 09:03:48.976,2.26714,2.26786,1.00,1.00
2015.10.26 09:03:49.659,2.26714,2.26786,1.00,1.37
2015.10.26 09:03:49.861,2.26703,2.26777,1.00,1.00
2015.10.26 09:03:51.579,2.26703,2.26777,1.00,1.37
2015.10.26 09:03:51.893,2.26703,2.26777,1.00,1.75
2015.10.26 09:03:51.944,2.26693,2.26767,1.00,1.50
2015.10.26 09:03:53.963,2.26694,2.26766,1.00,1.37
2015.10.26 09:03:54.715,2.26704,2.26766,1.00,1.37
2015.10.26 09:03:54.918,2.26693,2.26767,1.00,1.50
2015.10.26 09:03:56.517,2.26694,2.26766,1.00,1.37
2015.10.26 09:03:57.022,2.26693,2.26767,1.00,1.50
2015.10.26 09:03:58.647,2.26694,2.26766,1.00,1.37
2015.10.26 09:04:03.281,2.26693,2.26767,1.00,1.50
2015.10.26 09:04:05.247,2.26694,2.26766,1.00,1.37
2015.10.26 09:04:10.628,2.26694,2.26758,1.00,1.00
2015.10.26 09:04:10.678,2.26683,2.26751,1.00,1.00
2015.10.26 09:04:10.729,2.26683,2.26748,1.00,1.00
2015.10.26 09:04:11.088,2.26683,2.26739,1.00,1.37
2015.10.26 09:04:11.139,2.26635,2.26706,1.75,1.00
2015.10.26 09:04:11.442,2.26626,2.26697,1.75,1.00
2015.10.26 09:04:11.543,2.26623,2.26697,1.00,1.00
2015.10.26 09:04:11.644,2.26606,2.26676,1.75,1.00
2015.10.26 09:04:11.745,2.26606,2.26686,1.75,1.00
2015.10.26 09:04:11.797,2.26606,2.26686,1.75,1.00
2015.10.26 09:04:11.848,2.26606,2.26677,1.75,1.00
2015.10.26 09:04:13.090,2.26607,2.26686,1.50,1.00
2015.10.26 09:04:13.192,2.26607,2.26686,1.50,1.00
2015.10.26 09:04:14.503,2.26618,2.26686,1.37,1.00
2015.10.26 09:04:14.605,2.26624,2.26696,1.75,1.00
2015.10.26 09:04:14.977,2.26627,2.26706,1.50,1.00
2015.10.26 09:04:16.483,2.26634,2.26706,1.00,1.00
2015.10.26 09:04:16.812,2.26625,2.26697,1.75,1.00
2015.10.26 09:04:17.988,2.26633,2.26697,1.00,1.00
2015.10.26 09:04:18.040,2.26633,2.26707,3.00,1.00
2015.10.26 09:04:18.242,2.26638,2.26716,1.75,1.00
2015.10.26 09:04:18.293,2.26641,2.26716,1.37,1.00
2015.10.26 09:04:19.477,2.26637,2.26706,1.75,1.00
2015.10.26 09:04:21.645,2.26634,2.26717,1.80,1.00
2015.10.26 09:04:22.239,2.26644,2.26716,1.75,1.00
2015.10.26 09:04:23.519,2.26643,2.26716,1.75,1.00
2015.10.26 09:04:24.028,2.26645,2.26717,1.75,1.00
2015.10.26 09:04:24.744,2.26644,2.26706,1.75,1.00
2015.10.26 09:04:24.798,2.26634,2.26706,1.75,1.00
2015.10.26 09:04:24.850,2.26627,2.26707,1.75,1.00
2015.10.26 09:04:25.051,2.26624,2.26696,1.75,1.00
2015.10.26 09:04:26.407,2.26616,2.26686,1.80,1.00
2015.10.26 09:04:27.611,2.26616,2.26687,1.80,1.00
2015.10.26 09:04:28.140,2.26613,2.26687,2.25,1.00
2015.10.26 09:04:29.056,2.26615,2.26696,1.75,1.00
2015.10.26 09:04:29.258,2.26614,2.26687,2.25,1.00
2015.10.26 09:04:29.669,2.26614,2.26696,2.25,1.00
2015.10.26 09:04:30.176,2.26615,2.26697,1.75,1.00
2015.10.26 09:04:31.783,2.26614,2.26697,2.55,1.00
2015.10.26 09:04:32.085,2.26619,2.26697,1.75,1.00
2015.10.26 09:04:33.528,2.26618,2.26686,1.75,1.00
2015.10.26 09:04:34.083,2.26614,2.26677,1.75,1.00
2015.10.26 09:04:34.335,2.26614,2.26686,2.25,1.00
2015.10.26 09:04:34.919,2.26613,2.26676,1.75,1.00
2015.10.26 09:04:35.505,2.26614,2.26686,2.25,1.00
2015.10.26 09:04:35.621,2.26614,2.26676,1.75,1.00
2015.10.26 09:04:35.874,2.26617,2.26686,1.75,1.00
2015.10.26 09:04:36.709,2.26616,2.26687,1.75,1.00
2015.10.26 09:04:37.290,2.26614,2.26686,2.25,1.00
2015.10.26 09:04:37.818,2.26626,2.26686,1.00,1.00
2015.10.26 09:04:37.919,2.26623,2.26697,1.75,1.00
2015.10.26 09:04:37.969,2.26634,2.26697,1.12,1.00
2015.10.26 09:04:38.513,2.26633,2.26707,1.75,1.00
2015.10.26 09:04:38.715,2.26636,2.26716,2.25,1.00
2015.10.26 09:04:39.136,2.26636,2.26706,2.25,1.00
2015.10.26 09:04:39.237,2.26644,2.26716,1.00,1.00
2015.10.26 09:04:39.287,2.26649,2.26716,1.37,1.00
2015.10.26 09:04:39.594,2.26644,2.26716,1.75,1.00
2015.10.26 09:04:40.692,2.26636,2.26716,1.75,1.00
2015.10.26 09:04:41.232,2.26643,2.26717,1.12,1.00
2015.10.26 09:04:41.958,2.26634,2.26706,2.25,1.00
2015.10.26 09:04:45.104,2.26632,2.26707,1.75,1.00
2015.10.26 09:04:45.972,2.26633,2.26707,1.12,1.00
2015.10.26 09:04:46.074,2.26629,2.26697,1.75,1.00
2015.10.26 09:04:47.282,2.26627,2.26696,1.75,1.00
2015.10.26 09:04:49.050,2.26626,2.26686,1.75,1.00
2015.10.26 09:04:49.359,2.26617,2.26697,2.25,1.00
2015.10.26 09:04:51.247,2.26616,2.26687,1.75,1.00
2015.10.26 09:04:51.712,2.26616,2.26686,1.75,1.00
2015.10.26 09:04:52.239,2.2662,2.26687,1.50,1.00
2015.10.26 09:04:54.054,2.26617,2.26686,1.75,1.00
2015.10.26 09:04:58.684,2.26612,2.26677,1.75,1.00
2015.10.26 09:04:58.975,2.26623,2.26686,1.00,1.00
2015.10.26 09:04:59.027,2.26627,2.26697,1.37,1.00
2015.10.26 09:04:59.279,2.26633,2.26706,1.75,1.00
2015.10.26 09:04:59.430,2.2664,2.26707,1.00,1.00
2015.10.26 09:04:59.531,2.26634,2.26706,1.50,1.00
2015.10.26 09:05:00.723,2.26634,2.26707,1.50,1.00
2015.10.26 09:05:01.353,2.26629,2.26697,1.75,1.00
2015.10.26 09:05:01.457,2.26627,2.26706,1.75,1.00
2015.10.26 09:05:01.717,2.26646,2.26707,1.37,1.00
2015.10.26 09:05:02.699,2.26642,2.26696,1.37,1.00
2015.10.26 09:05:02.756,2.26635,2.26696,1.50,1.00
2015.10.26 09:05:03.060,2.26639,2.26696,1.00,1.00
2015.10.26 09:05:03.564,2.26638,2.26696,1.00,1.00
2015.10.26 09:05:04.502,2.26627,2.26697,1.75,1.00
2015.10.26 09:05:04.609,2.26628,2.26697,1.37,1.00
2015.10.26 09:05:04.667,2.26628,2.26697,1.00,1.00
2015.10.26 09:05:04.768,2.26625,2.26687,1.75,1.00
2015.10.26 09:05:05.121,2.26628,2.26696,1.00,1.00
2015.10.26 09:05:05.222,2.2663,2.26696,1.00,1.00
2015.10.26 09:05:05.730,2.26633,2.26697,1.37,1.00
2015.10.26 09:05:06.478,2.26638,2.26707,1.37,1.00
2015.10.26 09:05:07.871,2.2664,2.26707,1.00,1.00
2015.10.26 09:05:08.578,2.26633,2.26696,1.75,1.00
2015.10.26 09:05:08.882,2.26629,2.26687,1.75,1.00
2015.10.26 09:05:09.033,2.26629,2.26697,1.75,1.00
2015.10.26 09:05:09.084,2.26629,2.26697,1.37,1.00
2015.10.26 09:05:11.809,2.26634,2.26697,1.00,1.00
2015.10.26 09:05:11.910,2.26635,2.26706,1.00,1.00
2015.10.26 09:05:11.961,2.26637,2.26706,1.00,1.00
2015.10.26 09:05:12.062,2.26634,2.26706,1.00,1.00
2015.10.26 09:05:12.264,2.26634,2.26706,1.37,1.00
2015.10.26 09:05:12.770,2.26635,2.26707,1.75,1.00
2015.10.26 09:05:13.185,2.26644,2.26716,1.00,1.00
2015.10.26 09:05:18.729,2.26643,2.26717,1.00,1.00
2015.10.26 09:05:21.790,2.26644,2.26716,1.00,1.00
2015.10.26 09:05:22.550,2.26643,2.26717,1.00,1.00
2015.10.26 09:05:22.651,2.26633,2.26707,1.75,1.00
2015.10.26 09:05:22.752,2.26633,2.26707,1.00,1.00
2015.10.26 09:05:26.057,2.26634,2.26706,1.00,1.00
2015.10.26 09:05:26.586,2.26633,2.26707,1.00,1.00
2015.10.26 09:05:28.460,2.26623,2.26697,1.75,1.00
2015.10.26 09:05:28.612,2.26634,2.26706,1.00,1.00
2015.10.26 09:05:30.559,2.26634,2.26706,1.00,1.75
2015.10.26 09:05:31.685,2.26624,2.26696,1.00,1.00
2015.10.26 09:05:34.547,2.26614,2.26686,1.75,1.00
2015.10.26 09:05:34.698,2.26614,2.26686,1.00,1.12
2015.10.26 09:05:35.091,2.26603,2.26677,1.00,1.00
2015.10.26 09:05:35.982,2.26593,2.26667,1.75,1.00
2015.10.26 09:05:36.184,2.26603,2.26677,1.00,1.00
2015.10.26 09:05:39.349,2.26603,2.26677,1.37,1.00
2015.10.26 09:05:39.652,2.26603,2.26677,1.75,1.00
2015.10.26 09:05:41.853,2.26604,2.26676,1.75,1.00
2015.10.26 09:05:45.367,2.26618,2.26676,1.37,1.00
2015.10.26 09:05:45.418,2.26618,2.26687,1.75,1.00
2015.10.26 09:05:45.670,2.26624,2.26696,1.87,1.00
2015.10.26 09:05:45.771,2.26633,2.26707,1.50,1.00
2015.10.26 09:05:46.826,2.26634,2.26706,1.37,1.00
2015.10.26 09:05:46.877,2.26627,2.26697,1.75,1.00
2015.10.26 09:05:46.979,2.26634,2.26706,1.37,1.00
2015.10.26 09:05:49.661,2.26634,2.26706,1.00,1.00
2015.10.26 09:05:49.711,2.26624,2.26696,1.37,1.00
2015.10.26 09:05:50.248,2.26623,2.26697,1.50,1.00
2015.10.26 09:05:51.723,2.26624,2.26696,1.37,1.00
2015.10.26 09:05:54.333,2.26614,2.26686,2.25,1.00
2015.10.26 09:05:54.434,2.26614,2.26686,2.25,1.00
2015.10.26 09:05:55.338,2.26623,2.26697,1.00,1.00
2015.10.26 09:05:55.865,2.26624,2.26696,1.00,1.00
2015.10.26 09:05:55.916,2.26614,2.26687,1.75,1.00
2015.10.26 09:05:56.867,2.26614,2.26686,1.75,1.00
2015.10.26 09:05:57.997,2.26623,2.26697,1.00,1.00
2015.10.26 09:05:58.056,2.26623,2.26688,1.00,1.00
2015.10.26 09:05:58.107,2.26614,2.26686,1.75,1.00
2015.10.26 09:06:00.089,2.26624,2.26688,1.00,1.00
2015.10.26 09:06:00.595,2.26623,2.26688,1.00,1.00
2015.10.26 09:06:00.651,2.26613,2.26687,1.75,1.00
2015.10.26 09:06:00.752,2.26624,2.26688,1.00,1.00
2015.10.26 09:06:00.918,2.26624,2.26696,1.00,1.00
2015.10.26 09:06:01.394,2.26625,2.26696,1.09,1.00
2015.10.26 09:06:01.852,2.26644,2.26716,1.00,1.37
2015.10.26 09:06:01.902,2.26644,2.26716,1.34,1.00
2015.10.26 09:06:02.334,2.26653,2.26727,1.00,1.00
2015.10.26 09:06:02.586,2.26663,2.26737,1.00,1.75
2015.10.26 09:06:04.055,2.26653,2.26727,1.00,1.00
2015.10.26 09:06:04.714,2.26646,2.26717,1.75,1.00
2015.10.26 09:06:06.091,2.26653,2.26727,1.00,1.00
2015.10.26 09:06:08.076,2.26654,2.26726,1.00,1.00
2015.10.26 09:06:08.452,2.26643,2.26727,2.59,1.00
2015.10.26 09:06:09.753,2.26653,2.26727,1.00,1.00
2015.10.26 09:06:11.067,2.26644,2.26726,1.75,1.00
2015.10.26 09:06:13.504,2.26643,2.26717,1.37,1.00
2015.10.26 09:06:13.555,2.26643,2.26717,1.00,1.00
2015.10.26 09:06:16.436,2.26644,2.26717,1.37,1.00
2015.10.26 09:06:16.739,2.26643,2.26717,1.75,1.00
2015.10.26 09:06:18.557,2.26653,2.26727,1.00,1.00
2015.10.26 09:06:18.760,2.26643,2.26717,1.75,1.00
2015.10.26 09:06:19.311,2.26644,2.26716,1.00,1.00
2015.10.26 09:06:23.377,2.26637,2.26706,1.09,1.00
2015.10.26 09:06:24.331,2.26634,2.26706,1.71,1.00
2015.10.26 09:06:24.636,2.26637,2.26706,1.09,1.00
2015.10.26 09:06:25.296,2.26644,2.26716,1.00,1.00
2015.10.26 09:06:25.355,2.26637,2.26707,1.75,1.00
2015.10.26 09:06:25.456,2.26633,2.26707,1.00,1.00
2015.10.26 09:06:25.507,2.26624,2.26696,1.75,1.00
2015.10.26 09:06:25.558,2.26624,2.26696,1.00,1.00
2015.10.26 09:06:25.659,2.26623,2.26688,1.00,1.00
2015.10.26 09:06:25.810,2.26618,2.26686,1.00,1.00
2015.10.26 09:06:25.861,2.26616,2.26686,1.00,1.00
2015.10.26 09:06:25.911,2.26623,2.26688,1.00,1.00
2015.10.26 09:06:26.556,2.26623,2.26689,1.00,1.00
2015.10.26 09:06:26.657,2.26623,2.26697,1.00,1.12
2015.10.26 09:06:29.353,2.26624,2.26696,1.00,1.00
2015.10.26 09:06:30.348,2.26624,2.26696,1.37,1.00
2015.10.26 09:06:30.399,2.26627,2.26696,1.00,1.00
2015.10.26 09:06:30.797,2.26624,2.26696,1.87,1.00
2015.10.26 09:06:31.200,2.26628,2.26696,1.00,1.00
2015.10.26 09:06:31.251,2.26633,2.26707,1.00,1.00
2015.10.26 09:06:32.914,2.26633,2.26699,1.00,1.00
2015.10.26 09:06:33.339,2.26634,2.26706,1.00,1.00
2015.10.26 09:06:33.592,2.26633,2.26698,1.37,1.00
2015.10.26 09:06:34.365,2.26633,2.26699,1.37,1.00
2015.10.26 09:06:35.692,2.26634,2.26706,1.87,1.00
2015.10.26 09:06:36.116,2.26634,2.26698,1.12,1.00
2015.10.26 09:06:36.217,2.26634,2.26706,1.12,1.00
2015.10.26 09:06:36.923,2.26636,2.26706,1.00,1.00
2015.10.26 09:06:38.951,2.26644,2.26708,1.00,1.00
2015.10.26 09:06:39.254,2.26644,2.26708,1.50,1.00
2015.10.26 09:06:39.634,2.26644,2.26716,1.50,1.34
2015.10.26 09:06:40.332,2.26644,2.26708,1.50,1.00
2015.10.26 09:06:40.686,2.26633,2.26707,1.75,1.00
2015.10.26 09:06:40.787,2.26633,2.26707,1.75,1.00
2015.10.26 09:06:40.888,2.26627,2.26696,1.75,1.00
2015.10.26 09:06:42.430,2.26624,2.26706,1.75,1.00
2015.10.26 09:06:43.893,2.26633,2.26707,1.75,1.00
2015.10.26 09:06:44.046,2.26644,2.26716,1.00,1.00
2015.10.26 09:06:44.306,2.26644,2.26716,1.37,1.00
2015.10.26 09:06:44.407,2.26654,2.26726,1.00,1.00
2015.10.26 09:06:45.215,2.26654,2.26716,1.00,1.00
2015.10.26 09:06:47.137,2.26653,2.26717,1.00,1.00
2015.10.26 09:06:48.281,2.26644,2.26716,1.75,1.00
2015.10.26 09:06:48.873,2.26649,2.26716,1.00,1.00
2015.10.26 09:06:49.024,2.26654,2.26726,1.00,1.00
2015.10.26 09:06:49.125,2.26654,2.26726,1.75,1.00
2015.10.26 09:06:54.319,2.26663,2.26737,1.00,1.00
2015.10.26 09:06:54.661,2.26654,2.26726,1.75,1.00
2015.10.26 09:06:56.715,2.26654,2.26726,1.00,1.00
2015.10.26 09:06:56.820,2.26643,2.26717,1.75,1.00
2015.10.26 09:06:56.922,2.26653,2.26727,1.00,1.00
2015.10.26 09:06:57.174,2.26644,2.26716,1.75,1.00
2015.10.26 09:06:57.376,2.26653,2.26727,1.75,1.00
2015.10.26 09:06:57.842,2.26663,2.26737,1.00,1.00
2015.10.26 09:06:59.551,2.26663,2.26737,1.75,1.00
2015.10.26 09:07:00.008,2.26673,2.26747,1.00,1.00
2015.10.26 09:07:01.161,2.26673,2.26747,1.50,1.00
2015.10.26 09:07:02.124,2.26663,2.26737,2.25,1.00
2015.10.26 09:07:04.067,2.26674,2.26746,1.75,1.00
2015.10.26 09:07:05.941,2.26673,2.26747,1.75,1.00
2015.10.26 09:07:07.364,2.26684,2.26756,1.12,1.00
2015.10.26 09:07:07.465,2.26684,2.26756,1.50,1.00
2015.10.26 09:07:07.616,2.26694,2.26766,1.12,1.00
2015.10.26 09:07:08.826,2.26684,2.26756,1.75,1.00
2015.10.26 09:07:08.978,2.26684,2.26756,1.00,1.00
2015.10.26 09:07:10.074,2.26684,2.26756,1.75,1.00
2015.10.26 09:07:10.383,2.26674,2.26746,1.75,1.00
2015.10.26 09:07:10.485,2.26674,2.26746,1.75,1.00
2015.10.26 09:07:10.587,2.26683,2.26757,1.00,1.00
2015.10.26 09:07:12.564,2.26684,2.26756,1.00,1.00
2015.10.26 09:07:12.614,2.26684,2.26756,1.75,1.00
2015.10.26 09:07:15.072,2.26684,2.26756,1.00,1.00
2015.10.26 09:07:15.333,2.26673,2.26747,1.50,1.00
2015.10.26 09:07:17.555,2.26674,2.26746,1.37,1.00
2015.10.26 09:07:17.757,2.26684,2.26756,1.37,1.00
2015.10.26 09:07:18.125,2.26674,2.26746,1.75,1.00
2015.10.26 09:07:18.177,2.26674,2.26746,1.50,1.00
2015.10.26 09:07:19.821,2.26673,2.26747,1.75,1.00
2015.10.26 09:07:19.973,2.26663,2.26737,1.75,1.00
2015.10.26 09:07:20.024,2.26663,2.26737,1.37,1.00
2015.10.26 09:07:26.141,2.26654,2.26727,1.75,1.00
2015.10.26 09:07:28.322,2.26654,2.26726,1.75,1.00
2015.10.26 09:07:28.373,2.26654,2.26726,1.75,1.00
2015.10.26 09:07:28.424,2.26654,2.26716,1.75,1.00
2015.10.26 09:07:29.145,2.26643,2.26717,1.75,1.00
2015.10.26 09:07:31.725,2.26653,2.26727,1.75,1.00
2015.10.26 09:07:31.937,2.26664,2.26736,1.00,1.00
2015.10.26 09:07:32.038,2.26664,2.26736,1.50,1.00
2015.10.26 09:07:33.906,2.26653,2.26727,1.75,1.00
2015.10.26 09:07:34.579,2.26664,2.26736,1.50,1.00
2015.10.26 09:07:41.205,2.26656,2.26726,1.75,1.00
2015.10.26 09:07:42.317,2.26663,2.26737,1.75,1.00
2015.10.26 09:07:42.418,2.26653,2.26727,1.75,1.00
2015.10.26 09:07:42.895,2.26654,2.26726,1.50,1.00
2015.10.26 09:07:43.929,2.26653,2.26727,1.75,1.00
2015.10.26 09:07:51.302,2.26654,2.26726,1.50,1.00
2015.10.26 09:07:52.585,2.26653,2.26727,1.75,1.00
2015.10.26 09:07:56.923,2.26654,2.26726,1.50,1.00
2015.10.26 09:07:58.081,2.26654,2.26726,1.50,1.00
2015.10.26 09:07:58.493,2.26654,2.26717,1.00,1.00
2015.10.26 09:08:00.213,2.2664,2.26706,1.75,1.00
2015.10.26 09:08:01.987,2.26643,2.26717,1.75,1.00
2015.10.26 09:08:02.239,2.26644,2.26716,1.50,1.00
2015.10.26 09:08:05.106,2.26636,2.26706,1.12,1.00
2015.10.26 09:08:05.321,2.26634,2.26706,1.00,1.00
2015.10.26 09:08:05.372,2.26623,2.26697,1.50,1.00
2015.10.26 09:08:05.904,2.26624,2.26696,1.37,1.00
2015.10.26 09:08:06.949,2.26613,2.26687,1.75,1.00
2015.10.26 09:08:07.051,2.26613,2.26687,1.75,1.00
2015.10.26 09:08:07.253,2.26604,2.26676,2.25,1.00
2015.10.26 09:08:07.798,2.26604,2.26676,1.37,1.00
2015.10.26 09:08:09.763,2.26603,2.26677,1.50,1.00
2015.10.26 09:08:11.209,2.26614,2.26686,1.00,1.00
2015.10.26 09:08:11.310,2.26623,2.26697,1.00,1.75
2015.10.26 09:08:11.361,2.26623,2.26697,1.00,1.00
2015.10.26 09:08:12.129,2.26624,2.26696,1.00,1.00
2015.10.26 09:08:12.431,2.26614,2.26686,1.75,1.00
2015.10.26 09:08:13.973,2.26624,2.26696,1.00,1.00
2015.10.26 09:08:14.497,2.26623,2.26697,1.00,1.00
2015.10.26 09:08:15.153,2.26624,2.26696,1.00,1.00
2015.10.26 09:08:17.573,2.26613,2.26687,1.75,1.00
2015.10.26 09:08:18.122,2.26613,2.26687,1.00,1.00
2015.10.26 09:08:27.655,2.26613,2.26687,1.75,1.00
2015.10.26 09:08:27.706,2.26624,2.26696,1.00,1.00
2015.10.26 09:08:28.594,2.26614,2.26686,1.75,1.00
2015.10.26 09:08:28.796,2.26614,2.26686,1.00,1.00
2015.10.26 09:08:29.272,2.26604,2.26676,2.25,1.00
2015.10.26 09:08:30.036,2.26603,2.26677,1.75,1.00
2015.10.26 09:08:30.089,2.26613,2.26687,1.00,1.00
2015.10.26 09:08:30.882,2.26614,2.26686,1.00,1.00
2015.10.26 09:08:32.353,2.26613,2.26687,1.00,1.00
2015.10.26 09:08:34.447,2.26614,2.26686,1.00,1.00
2015.10.26 09:08:37.390,2.26608,2.26677,1.50,1.00
2015.10.26 09:08:38.397,2.26613,2.26687,1.00,1.00
2015.10.26 09:08:39.647,2.26624,2.26696,1.12,1.00
2015.10.26 09:08:39.950,2.26634,2.26696,1.00,1.00
2015.10.26 09:08:40.052,2.26624,2.26696,1.12,1.00
2015.10.26 09:08:40.153,2.26633,2.26697,1.00,1.00
2015.10.26 09:08:40.355,2.26633,2.26707,1.00,1.00
2015.10.26 09:08:40.406,2.26633,2.26707,1.50,1.00
2015.10.26 09:08:40.456,2.26644,2.26716,1.00,1.00
2015.10.26 09:08:41.145,2.26644,2.26709,1.00,1.00
2015.10.26 09:08:42.116,2.26644,2.26716,1.00,1.00
2015.10.26 09:08:42.167,2.26633,2.26707,1.50,1.00
2015.10.26 09:08:49.256,2.26634,2.26706,1.37,1.00
2015.10.26 09:08:49.792,2.26633,2.26707,1.50,1.00
2015.10.26 09:08:52.066,2.26634,2.26706,1.37,1.00
2015.10.26 09:08:53.216,2.26633,2.26707,1.50,1.00
2015.10.26 09:08:53.537,2.26624,2.26696,2.25,1.00
2015.10.26 09:08:53.938,2.26633,2.26707,1.50,1.00
2015.10.26 09:08:53.989,2.26643,2.26717,1.00,1.50
2015.10.26 09:08:54.140,2.26634,2.26706,1.00,1.00
2015.10.26 09:08:54.443,2.26643,2.26717,1.34,1.37
2015.10.26 09:08:54.746,2.26654,2.26726,1.00,1.75
2015.10.26 09:08:54.796,2.26644,2.26716,1.00,1.12
2015.10.26 09:09:00.709,2.26635,2.26707,1.00,1.00
2015.10.26 09:09:00.810,2.26643,2.26717,1.00,1.37
2015.10.26 09:09:01.471,2.26637,2.26706,1.50,1.00
2015.10.26 09:09:01.723,2.26653,2.26727,1.00,1.37
2015.10.26 09:09:02.248,2.26653,2.26727,1.00,1.00
2015.10.26 09:09:02.349,2.26664,2.26728,1.00,1.00
2015.10.26 09:09:02.602,2.26663,2.26737,1.00,1.12
2015.10.26 09:09:02.905,2.26673,2.26737,1.00,1.00
2015.10.26 09:09:03.468,2.26664,2.26736,1.00,1.00
2015.10.26 09:09:03.519,2.26677,2.26736,1.00,1.00
2015.10.26 09:09:03.670,2.26703,2.26769,1.00,1.00
2015.10.26 09:09:03.931,2.26694,2.26766,1.00,1.00
2015.10.26 09:09:04.032,2.26684,2.26756,1.37,1.00
2015.10.26 09:09:04.390,2.26674,2.26746,1.50,1.00
2015.10.26 09:09:04.543,2.26684,2.26756,1.00,1.00
2015.10.26 09:09:05.910,2.26673,2.26747,1.75,1.00
2015.10.26 09:09:06.402,2.26673,2.26747,1.00,1.00
2015.10.26 09:09:06.899,2.26683,2.26757,1.00,1.75
2015.10.26 09:09:07.101,2.26684,2.26756,1.00,1.00
2015.10.26 09:09:07.481,2.26703,2.26773,1.00,1.75
2015.10.26 09:09:07.538,2.26703,2.26777,1.00,1.12
2015.10.26 09:09:09.407,2.26704,2.26776,1.00,1.00
2015.10.26 09:09:09.610,2.26713,2.26787,1.00,1.00
2015.10.26 09:09:10.274,2.26724,2.26796,1.00,1.75
2015.10.26 09:09:11.701,2.26713,2.26787,1.00,1.00
2015.10.26 09:09:11.803,2.26724,2.26796,1.00,1.75
2015.10.26 09:09:12.005,2.26723,2.26797,1.00,1.00
2015.10.26 09:09:12.258,2.26726,2.26796,1.00,1.00
2015.10.26 09:09:12.720,2.26734,2.26806,1.00,1.00
2015.10.26 09:09:12.924,2.26744,2.26816,1.00,1.00
2015.10.26 09:09:13.126,2.26753,2.26827,1.00,2.62
2015.10.26 09:09:13.385,2.26743,2.26817,1.00,1.00
2015.10.26 09:09:13.843,2.26734,2.26806,1.00,1.00
2015.10.26 09:09:14.557,2.26744,2.26816,1.00,1.00
2015.10.26 09:09:16.121,2.26754,2.26826,1.00,2.25
2015.10.26 09:09:16.589,2.26764,2.26836,1.00,1.00
2015.10.26 09:09:16.690,2.26774,2.26846,1.00,1.00
2015.10.26 09:09:16.992,2.26774,2.26854,1.00,1.75
2015.10.26 09:09:17.093,2.26774,2.26846,1.00,1.00
2015.10.26 09:09:17.194,2.26783,2.26857,1.00,1.09
2015.10.26 09:09:17.720,2.26784,2.26856,1.00,1.00
2015.10.26 09:09:18.331,2.26784,2.26866,1.00,1.00
2015.10.26 09:09:19.401,2.26794,2.26865,1.00,1.80
2015.10.26 09:09:19.736,2.26794,2.26858,1.00,1.50
2015.10.26 09:09:20.190,2.26784,2.26856,1.00,1.12
2015.10.26 09:09:20.680,2.26774,2.26846,1.00,1.00
2015.10.26 09:09:21.967,2.26763,2.26837,1.00,1.00
2015.10.26 09:09:24.908,2.26774,2.26846,1.00,1.75
2015.10.26 09:09:25.358,2.26763,2.26837,1.00,1.00
2015.10.26 09:09:26.063,2.26754,2.26826,1.37,1.00
2015.10.26 09:09:26.664,2.26754,2.26826,1.00,1.00
2015.10.26 09:09:29.012,2.26753,2.26827,1.00,1.00
2015.10.26 09:09:34.074,2.26754,2.26826,1.00,1.00
2015.10.26 09:09:34.464,2.26744,2.26816,1.12,1.00
2015.10.26 09:09:35.801,2.26734,2.26806,1.75,1.00
2015.10.26 09:09:36.004,2.26744,2.26816,1.12,1.00
2015.10.26 09:09:36.732,2.26744,2.26816,1.00,1.37
2015.10.26 09:09:38.976,2.26734,2.26806,1.00,1.00
2015.10.26 09:09:41.031,2.26744,2.26816,1.00,1.00
2015.10.26 09:09:41.182,2.26753,2.26827,1.00,1.09
2015.10.26 09:09:41.611,2.26764,2.26836,1.00,1.00
2015.10.26 09:09:42.400,2.26753,2.26827,1.00,1.00
2015.10.26 09:09:43.102,2.26754,2.26826,1.00,1.00
2015.10.26 09:09:44.738,2.26743,2.26817,1.75,1.00
2015.10.26 09:09:44.910,2.26754,2.26826,1.00,1.00
2015.10.26 09:09:46.139,2.26753,2.26827,1.00,1.00
2015.10.26 09:09:47.220,2.26754,2.26816,1.00,1.00
2015.10.26 09:09:48.777,2.26754,2.26826,1.00,1.00
2015.10.26 09:09:50.659,2.26757,2.26826,1.00,1.00
2015.10.26 09:09:50.761,2.26764,2.26836,1.00,1.00
2015.10.26 09:09:51.586,2.26763,2.26837,1.00,1.00
2015.10.26 09:09:53.024,2.26754,2.26826,1.00,1.00
2015.10.26 09:09:53.791,2.26753,2.26827,1.00,1.00
2015.10.26 09:09:54.172,2.26755,2.26827,1.00,1.00
2015.10.26 09:09:55.032,2.26753,2.26827,1.50,1.00
2015.10.26 09:09:57.713,2.26753,2.26827,1.75,1.00
2015.10.26 09:10:00.704,2.26754,2.26826,1.50,1.00
2015.10.26 09:10:02.964,2.26763,2.26837,1.00,1.00
2015.10.26 09:10:04.239,2.26763,2.26837,1.87,1.00
2015.10.26 09:10:04.623,2.26767,2.26837,1.00,1.00
2015.10.26 09:10:05.482,2.26766,2.26837,1.00,1.00
2015.10.26 09:10:09.245,2.26761,2.26826,1.75,1.00
2015.10.26 09:10:09.346,2.26754,2.26826,1.50,1.00
2015.10.26 09:10:11.781,2.26753,2.26827,1.87,1.00
2015.10.26 09:10:13.360,2.26754,2.26826,1.00,1.00
2015.10.26 09:10:13.411,2.26748,2.26816,1.75,1.00
2015.10.26 09:10:13.994,2.26754,2.26826,1.00,1.00
2015.10.26 09:10:16.814,2.26745,2.26817,1.75,1.00
2015.10.26 09:10:17.067,2.26754,2.26826,1.00,1.00
2015.10.26 09:10:19.955,2.26753,2.26827,1.12,1.00
2015.10.26 09:10:20.468,2.26754,2.26826,1.00,1.00
2015.10.26 09:10:22.783,2.26764,2.26836,1.00,1.00
2015.10.26 09:10:24.115,2.26746,2.26817,1.00,1.00
2015.10.26 09:10:24.166,2.26743,2.26817,1.50,1.00
2015.10.26 09:10:24.621,2.26746,2.26816,1.00,1.00
2015.10.26 09:10:24.722,2.26744,2.26816,1.87,1.00
2015.10.26 09:10:25.170,2.26753,2.26827,1.00,1.00
2015.10.26 09:10:25.227,2.26744,2.26816,1.12,1.00
2015.10.26 09:10:28.089,2.26734,2.26806,1.75,1.00
2015.10.26 09:10:30.479,2.26734,2.26806,1.37,1.00
2015.10.26 09:10:31.079,2.26743,2.26817,2.25,1.00
2015.10.26 09:10:31.180,2.26754,2.26826,1.00,1.00
2015.10.26 09:10:34.288,2.26744,2.26816,1.50,1.00
2015.10.26 09:10:35.074,2.26743,2.26817,1.75,1.00
2015.10.26 09:10:38.731,2.26733,2.26807,1.75,1.00
2015.10.26 09:10:40.154,2.26744,2.26816,1.00,1.00
2015.10.26 09:10:40.356,2.26754,2.26826,1.00,1.75
2015.10.26 09:10:40.508,2.26754,2.26826,1.00,1.00
2015.10.26 09:10:40.811,2.26763,2.26837,1.00,1.75
2015.10.26 09:10:41.345,2.26754,2.26826,1.00,1.00
2015.10.26 09:10:43.564,2.26753,2.26827,1.00,1.00
2015.10.26 09:10:45.106,2.26763,2.26837,1.00,1.75
2015.10.26 09:10:45.216,2.26753,2.26827,1.00,1.00
2015.10.26 09:10:45.923,2.26744,2.26816,1.00,1.37
2015.10.26 09:10:46.261,2.26744,2.26816,1.00,1.75
2015.10.26 09:10:47.436,2.26744,2.26816,1.00,1.00
2015.10.26 09:10:47.728,2.26734,2.26806,1.12,1.00
2015.10.26 09:10:51.042,2.26744,2.26816,1.00,1.00
2015.10.26 09:10:51.348,2.26754,2.26826,1.00,1.00
2015.10.26 09:10:51.853,2.26755,2.26826,1.00,1.00
2015.10.26 09:10:52.394,2.26754,2.26826,1.00,1.00
2015.10.26 09:10:53.698,2.26763,2.26837,1.00,1.75
2015.10.26 09:10:54.437,2.26754,2.26826,1.00,1.00
2015.10.26 09:10:54.926,2.26753,2.26827,1.00,1.37
2015.10.26 09:10:55.128,2.26743,2.26817,1.00,1.00
2015.10.26 09:10:55.324,2.26753,2.26827,1.00,1.75
2015.10.26 09:10:56.675,2.26753,2.26827,1.00,1.00
2015.10.26 09:10:57.184,2.26756,2.26827,1.00,1.00
2015.10.26 09:10:57.508,2.26764,2.26827,1.00,1.00
2015.10.26 09:10:57.968,2.26768,2.26827,1.00,1.00
2015.10.26 09:10:58.407,2.26766,2.26827,1.00,1.00
2015.10.26 09:10:58.817,2.26769,2.26827,1.00,1.00
2015.10.26 09:10:59.514,2.26785,2.26827,1.37,1.00
2015.10.26 09:10:59.905,2.26785,2.26827,1.75,1.00
2015.10.26 09:11:02.844,2.26785,2.26868,1.75,1.00
2015.10.26 09:11:04.555,2.26801,2.26879,1.87,1.00
2015.10.26 09:11:04.608,2.26801,2.26888,1.87,1.12
2015.10.26 09:11:04.810,2.268,2.26879,1.50,1.00
2015.10.26 09:11:06.843,2.26802,2.26879,1.00,1.00
2015.10.26 09:11:07.543,2.26802,2.26889,1.00,1.50
2015.10.26 09:11:10.943,2.26804,2.26888,1.00,1.12
2015.10.26 09:11:11.284,2.26806,2.26899,1.75,1.37
2015.10.26 09:11:12.725,2.26802,2.26898,1.75,1.37
2015.10.26 09:11:12.776,2.26802,2.26898,1.37,1.75
2015.10.26 09:11:13.461,2.26804,2.26898,1.00,1.75
2015.10.26 09:11:14.355,2.26805,2.26898,1.00,1.75
2015.10.26 09:11:14.765,2.26809,2.26898,1.00,1.75
2015.10.26 09:11:15.069,2.26811,2.26889,1.00,1.37
2015.10.26 09:11:19.306,2.26809,2.26889,1.00,1.37
2015.10.26 09:11:19.869,2.2681,2.26898,1.00,1.75
2015.10.26 09:11:19.970,2.26812,2.26898,1.00,1.75
2015.10.26 09:11:20.021,2.26812,2.26898,1.37,1.75
2015.10.26 09:11:20.122,2.26814,2.26899,1.50,1.50
2015.10.26 09:11:20.173,2.26816,2.26899,1.00,1.50
2015.10.26 09:11:20.614,2.26819,2.26908,1.00,1.75
2015.10.26 09:11:21.031,2.26821,2.26909,1.12,1.75
2015.10.26 09:11:21.082,2.26823,2.26909,1.00,1.50
2015.10.26 09:11:21.183,2.26821,2.26909,1.12,1.50
2015.10.26 09:11:21.645,2.26823,2.26909,1.50,1.50
2015.10.26 09:11:22.024,2.26825,2.26909,1.00,1.50
2015.10.26 09:11:22.611,2.26826,2.26918,1.00,1.75
2015.10.26 09:11:23.041,2.26829,2.26918,1.75,1.12
2015.10.26 09:11:24.468,2.26836,2.26919,1.00,1.37
2015.10.26 09:11:26.416,2.26824,2.26918,1.75,1.12
2015.10.26 09:11:30.604,2.26823,2.26917,1.75,1.00
2015.10.26 09:11:31.126,2.26823,2.26919,2.25,1.37
2015.10.26 09:11:33.853,2.26821,2.26908,1.09,1.00
2015.10.26 09:11:34.105,2.26821,2.26899,1.09,1.00
2015.10.26 09:11:35.620,2.26821,2.26909,1.09,1.50
2015.10.26 09:11:37.240,2.26821,2.26906,1.09,1.00
2015.10.26 09:11:37.713,2.26821,2.26898,1.09,1.00
2015.10.26 09:11:38.471,2.26821,2.26899,1.09,1.00
2015.10.26 09:11:38.809,2.26811,2.26899,1.71,1.75
2015.10.26 09:11:39.112,2.26803,2.26869,1.00,1.00
2015.10.26 09:11:39.163,2.26792,2.26869,1.75,1.00
2015.10.26 09:11:39.315,2.2679,2.26868,1.12,1.00
2015.10.26 09:11:39.366,2.2679,2.26878,1.12,1.37
2015.10.26 09:11:39.913,2.26791,2.26878,1.00,1.37
2015.10.26 09:11:39.973,2.26781,2.26868,1.75,1.00
2015.10.26 09:11:40.125,2.26777,2.26868,1.37,1.75
2015.10.26 09:11:41.264,2.2678,2.26876,1.00,1.09
2015.10.26 09:11:42.312,2.26782,2.26876,1.00,1.09
2015.10.26 09:11:42.579,2.26779,2.26876,1.87,1.09
2015.10.26 09:11:43.028,2.26781,2.26876,1.00,1.09
2015.10.26 09:11:44.860,2.26783,2.26876,1.75,1.09
2015.10.26 09:11:47.621,2.26788,2.26878,1.37,1.37
2015.10.26 09:11:47.671,2.26788,2.26878,1.75,1.00
2015.10.26 09:11:48.477,2.26788,2.26879,1.75,1.00
2015.10.26 09:11:49.252,2.26792,2.26886,1.75,1.84
2015.10.26 09:11:52.665,2.26796,2.26878,1.12,1.00
2015.10.26 09:11:52.716,2.26794,2.26886,1.50,1.09
2015.10.26 09:11:52.766,2.26793,2.26879,1.75,1.00
2015.10.26 09:11:53.398,2.26793,2.26878,1.75,1.00
2015.10.26 09:11:54.285,2.26793,2.26886,1.75,1.09
2015.10.26 09:11:55.633,2.26802,2.26886,1.00,1.09
2015.10.26 09:11:58.897,2.26801,2.26886,1.00,1.09
2015.10.26 09:11:59.100,2.26792,2.26886,1.75,1.09
2015.10.26 09:11:59.204,2.26801,2.26886,1.00,1.09
2015.10.26 09:11:59.714,2.26802,2.26886,1.00,1.09
2015.10.26 09:11:59.866,2.26814,2.26909,1.37,1.75
2015.10.26 09:12:00.244,2.26811,2.26904,1.75,2.25
2015.10.26 09:12:00.826,2.26811,2.26907,3.00,1.75
2015.10.26 09:12:01.462,2.26812,2.26901,1.75,1.50
2015.10.26 09:12:01.664,2.26803,2.26898,1.75,1.75
2015.10.26 09:12:03.387,2.26812,2.26902,1.00,1.75
2015.10.26 09:12:03.991,2.26811,2.26902,1.00,1.75
2015.10.26 09:12:04.122,2.26801,2.26902,2.25,1.84
2015.10.26 09:12:06.384,2.2681,2.26902,1.00,1.09
2015.10.26 09:12:06.887,2.26808,2.26902,1.37,1.09
2015.10.26 09:12:11.481,2.26811,2.26902,1.00,1.09
2015.10.26 09:12:12.202,2.26813,2.26902,1.00,1.09
2015.10.26 09:12:12.473,2.26816,2.26913,1.75,2.25
2015.10.26 09:12:13.003,2.2682,2.26915,1.50,1.75
2015.10.26 09:12:14.490,2.26823,2.26918,1.00,1.75
2015.10.26 09:12:14.790,2.26821,2.26917,1.00,1.75
2015.10.26 09:12:15.554,2.26822,2.26918,1.00,1.75
2015.10.26 09:12:16.822,2.26827,2.26918,1.00,1.75
2015.10.26 09:12:17.238,2.26828,2.26918,1.12,1.75
2015.10.26 09:12:22.970,2.26829,2.26923,1.00,1.75
2015.10.26 09:12:23.021,2.26836,2.26928,1.00,1.75
2015.10.26 09:12:23.122,2.26841,2.26929,1.75,1.00
2015.10.26 09:12:23.173,2.26841,2.26938,1.75,2.25
2015.10.26 09:12:23.425,2.26858,2.26949,1.00,1.75
2015.10.26 09:12:23.627,2.26862,2.26954,1.12,1.75
2015.10.26 09:12:24.752,2.26851,2.26944,1.75,1.00
2015.10.26 09:12:24.903,2.26848,2.26944,1.75,1.75
2015.10.26 09:12:25.445,2.26841,2.26938,1.75,1.00
2015.10.26 09:12:27.176,2.26842,2.26939,1.75,1.12
2015.10.26 09:12:27.827,2.26842,2.26938,1.75,1.00
2015.10.26 09:12:29.092,2.26844,2.2694,1.75,1.50
2015.10.26 09:12:38.191,2.2685,2.26946,1.75,1.00
2015.10.26 09:12:38.242,2.2685,2.26946,1.50,1.75
2015.10.26 09:12:47.572,2.26839,2.26932,1.75,1.00
2015.10.26 09:12:47.922,2.26831,2.26928,1.75,1.00
2015.10.26 09:12:48.678,2.26834,2.26929,1.75,1.00
2015.10.26 09:12:49.205,2.26833,2.2693,1.75,1.12
2015.10.26 09:12:49.795,2.26833,2.26929,1.75,1.00
2015.10.26 09:12:50.297,2.26833,2.26931,1.75,1.50
2015.10.26 09:12:57.705,2.26832,2.26929,1.75,1.00
2015.10.26 09:12:58.151,2.26832,2.26926,1.75,1.00
2015.10.26 09:12:58.303,2.26828,2.26925,1.75,2.25
2015.10.26 09:13:02.797,2.26823,2.26918,1.75,1.00
2015.10.26 09:13:03.131,2.26822,2.26922,1.75,1.50
2015.10.26 09:13:14.377,2.26821,2.26917,2.25,1.37
2015.10.26 09:13:14.428,2.26821,2.26917,2.25,1.75
2015.10.26 09:13:22.687,2.26813,2.26911,1.75,1.00
2015.10.26 09:13:23.603,2.26814,2.26912,1.75,1.12
2015.10.26 09:13:24.540,2.26814,2.26911,1.75,1.00
2015.10.26 09:13:25.037,2.26812,2.2691,1.75,1.75
2015.10.26 09:13:25.571,2.26822,2.26912,1.00,1.75
2015.10.26 09:13:26.827,2.26819,2.26916,1.00,1.75
2015.10.26 09:13:27.474,2.26817,2.26914,1.37,1.75
2015.10.26 09:13:29.810,2.26822,2.26914,1.00,1.75
2015.10.26 09:13:30.335,2.26817,2.26914,1.37,1.75
2015.10.26 09:13:42.089,2.26815,2.26913,1.75,1.75
2015.10.26 09:13:59.315,2.26818,2.26915,1.00,1.75
2015.10.26 09:14:00.344,2.26819,2.26913,1.00,1.75
2015.10.26 09:14:01.424,2.26818,2.26912,1.00,1.75
2015.10.26 09:14:02.038,2.26817,2.26911,1.00,1.75
2015.10.26 09:14:03.529,2.26816,2.26911,1.00,1.75
2015.10.26 09:14:06.987,2.26817,2.26912,1.00,1.75
2015.10.26 09:14:13.700,2.26817,2.26906,1.00,2.25
2015.10.26 09:14:13.751,2.26804,2.26898,1.50,1.75
2015.10.26 09:14:16.745,2.26787,2.26876,1.75,1.12
2015.10.26 09:14:16.897,2.26762,2.26852,1.75,1.00
2015.10.26 09:14:16.947,2.26761,2.26852,1.75,1.37
2015.10.26 09:14:16.998,2.26761,2.26852,1.50,1.75
2015.10.26 09:14:17.402,2.2677,2.26862,1.00,1.75
2015.10.26 09:14:17.968,2.26772,2.26865,1.34,1.80
2015.10.26 09:14:18.019,2.26775,2.26866,1.09,1.75
2015.10.26 09:14:28.086,2.26772,2.26859,1.75,1.00
2015.10.26 09:14:28.558,2.26772,2.26859,1.00,2.25
2015.10.26 09:14:28.787,2.26756,2.26853,1.75,1.37
2015.10.26 09:14:28.862,2.26756,2.26853,1.37,1.37
2015.10.26 09:14:28.913,2.26756,2.2684,1.00,1.12
2015.10.26 09:14:29.290,2.26736,2.26815,1.42,1.00
2015.10.26 09:14:29.340,2.26731,2.26815,1.75,1.00
2015.10.26 09:14:29.391,2.26732,2.26825,1.50,1.75
2015.10.26 09:14:29.442,2.26741,2.26828,1.00,1.75
2015.10.26 09:14:31.304,2.26741,2.26834,1.50,1.75
2015.10.26 09:14:34.819,2.26751,2.26839,1.00,2.25
2015.10.26 09:14:35.172,2.26742,2.26841,1.71,1.75
2015.10.26 09:14:35.373,2.26751,2.26842,1.00,1.75
2015.10.26 09:14:36.206,2.26752,2.26842,1.00,1.75
2015.10.26 09:14:38.589,2.26751,2.26843,1.00,1.75
2015.10.26 09:14:38.779,2.26742,2.26843,1.37,1.75
2015.10.26 09:14:43.463,2.26752,2.26844,1.00,1.75
2015.10.26 09:14:45.378,2.26741,2.26843,1.50,1.75
2015.10.26 09:14:45.720,2.26752,2.26843,1.00,2.25
2015.10.26 09:14:49.358,2.26751,2.26842,1.00,1.75
2015.10.26 09:14:49.499,2.26751,2.26842,1.00,1.75
2015.10.26 09:14:49.804,2.26742,2.2684,1.75,1.75
2015.10.26 09:14:50.587,2.26752,2.26836,1.00,1.75
2015.10.26 09:14:52.114,2.26751,2.26847,1.00,3.00
2015.10.26 09:15:04.257,2.26761,2.26849,1.00,1.75
2015.10.26 09:15:04.308,2.26751,2.26842,1.00,1.75
2015.10.26 09:15:06.036,2.26751,2.26838,1.00,1.75
2015.10.26 09:15:06.563,2.26752,2.26841,1.00,1.75
2015.10.26 09:15:07.108,2.26762,2.26847,1.00,1.75
2015.10.26 09:15:07.600,2.26751,2.26842,1.00,1.75
2015.10.26 09:15:07.709,2.26761,2.26842,1.00,1.75
2015.10.26 09:15:07.864,2.26752,2.26842,1.00,1.75
2015.10.26 09:15:07.915,2.26752,2.26848,1.37,1.75
2015.10.26 09:15:07.966,2.26752,2.26848,1.75,1.75
2015.10.26 09:15:08.067,2.26762,2.26848,1.00,1.75
2015.10.26 09:15:09.511,2.26761,2.26856,1.50,1.75
2015.10.26 09:15:10.391,2.26771,2.26858,1.12,1.50
2015.10.26 09:15:10.720,2.26776,2.26862,1.00,1.84
2015.10.26 09:15:10.982,2.26779,2.26878,1.75,2.25
2015.10.26 09:15:11.234,2.26791,2.26884,1.50,1.37
2015.10.26 09:15:11.634,2.26798,2.26884,1.50,1.00
2015.10.26 09:15:11.685,2.26806,2.26898,1.37,1.37
2015.10.26 09:15:11.736,2.26806,2.26901,1.75,1.09
2015.10.26 09:15:12.955,2.26817,2.26919,1.75,1.75
2015.10.26 09:15:17.398,2.26812,2.26904,2.25,1.00
2015.10.26 09:15:17.765,2.26811,2.26881,1.00,1.12
2015.10.26 09:15:17.866,2.26792,2.26881,1.50,1.50
2015.10.26 09:15:19.140,2.26796,2.26892,1.75,1.50
2015.10.26 09:15:29.819,2.26811,2.269,1.00,1.75
2015.10.26 09:15:31.238,2.26798,2.26889,1.00,1.75
2015.10.26 09:15:31.289,2.26791,2.26889,1.75,1.75
2015.10.26 09:15:43.663,2.2678,2.2688,3.00,1.00
2015.10.26 09:15:43.966,2.2678,2.26878,1.75,1.00
2015.10.26 09:15:45.886,2.2678,2.26876,1.75,1.00
2015.10.26 09:15:46.335,2.26769,2.26871,1.75,1.37
2015.10.26 09:15:47.153,2.26767,2.26867,1.80,1.00
2015.10.26 09:15:47.901,2.26764,2.26853,1.42,1.37
2015.10.26 09:15:47.952,2.26751,2.26852,1.75,1.75
2015.10.26 09:15:48.458,2.26762,2.2685,1.00,1.50
2015.10.26 09:15:49.352,2.26751,2.26853,1.75,1.75
2015.10.26 09:15:50.440,2.26751,2.26847,1.75,1.00
2015.10.26 09:15:50.490,2.26751,2.26847,1.75,1.75
2015.10.26 09:15:50.961,2.26742,2.26835,1.75,1.00
2015.10.26 09:15:52.651,2.26742,2.2684,1.75,1.50
2015.10.26 09:15:54.825,2.26741,2.26838,1.75,1.00
2015.10.26 09:15:54.876,2.26741,2.26836,1.37,1.75
2015.10.26 09:15:59.786,2.26731,2.26825,1.37,1.75
2015.10.26 09:16:05.040,2.26742,2.26835,1.00,2.55
2015.10.26 09:16:05.091,2.26742,2.26837,1.75,1.87
2015.10.26 09:16:06.214,2.26742,2.26832,1.00,1.75
2015.10.26 09:16:06.416,2.26722,2.26817,2.25,1.75
2015.10.26 09:16:06.517,2.26712,2.26813,1.75,1.75
2015.10.26 09:16:09.790,2.26713,2.26803,1.09,1.50
2015.10.26 09:16:09.891,2.26722,2.26808,1.09,1.00
2015.10.26 09:16:10.256,2.26713,2.26809,1.09,1.75
2015.10.26 09:16:10.312,2.26713,2.26809,1.09,1.75
2015.10.26 09:16:10.872,2.26706,2.26798,1.75,1.00
2015.10.26 09:16:11.375,2.26701,2.26799,1.75,1.00
2015.10.26 09:16:14.367,2.26712,2.26804,1.75,1.75
2015.10.26 09:16:16.151,2.26707,2.26799,1.75,1.00
2015.10.26 09:16:17.117,2.26711,2.26802,1.75,1.37
2015.10.26 09:16:17.937,2.26707,2.26798,1.75,1.00
2015.10.26 09:16:18.547,2.26712,2.26806,1.75,1.75
2015.10.26 09:16:29.835,2.26711,2.26802,1.75,1.09
2015.10.26 09:16:31.468,2.26721,2.26802,1.00,1.09
2015.10.26 09:16:31.569,2.26712,2.26802,1.75,1.09
2015.10.26 09:16:32.322,2.26721,2.26802,1.00,1.09
2015.10.26 09:16:32.667,2.26725,2.26817,1.75,1.84
2015.10.26 09:16:33.191,2.26732,2.26833,1.75,1.75
2015.10.26 09:16:34.931,2.2676,2.26846,1.00,1.50
2015.10.26 09:16:34.982,2.26762,2.26856,1.75,1.50
2015.10.26 09:16:35.302,2.26751,2.26852,2.25,1.00
2015.10.26 09:16:35.606,2.26731,2.26824,1.75,1.34
2015.10.26 09:16:35.757,2.26731,2.26818,1.00,1.75
2015.10.26 09:16:35.817,2.26722,2.26818,1.75,1.75
2015.10.26 09:16:40.975,2.26722,2.26822,1.75,1.09
2015.10.26 09:16:41.317,2.26735,2.26838,3.00,1.75
2015.10.26 09:16:41.921,2.26754,2.2684,1.75,1.00
2015.10.26 09:16:41.972,2.26755,2.26854,1.75,1.75
2015.10.26 09:16:50.793,2.26762,2.26861,1.75,1.75
2015.10.26 09:16:57.019,2.26762,2.26858,1.12,1.75
2015.10.26 09:17:00.557,2.26764,2.2686,1.00,2.25
2015.10.26 09:17:00.659,2.26754,2.26856,1.75,1.75
2015.10.26 09:17:00.710,2.26757,2.26856,1.80,1.37
2015.10.26 09:17:00.761,2.26757,2.26856,1.80,1.00
2015.10.26 09:17:00.812,2.26755,2.26855,2.55,1.37
2015.10.26 09:17:00.862,2.26761,2.26854,1.37,1.75
2015.10.26 09:17:01.319,2.26752,2.26849,1.75,1.87
2015.10.26 09:17:01.370,2.26752,2.26847,1.37,2.25
2015.10.26 09:17:03.240,2.26757,2.26857,1.00,1.80
2015.10.26 09:17:03.342,2.2676,2.26859,1.75,2.25
2015.10.26 09:17:07.267,2.26768,2.26859,1.00,1.75
2015.10.26 09:17:07.368,2.26766,2.26865,1.00,1.09
2015.10.26 09:17:07.469,2.26767,2.26865,1.75,1.09
2015.10.26 09:17:10.961,2.26762,2.26862,1.50,1.75
2015.10.26 09:17:16.456,2.26765,2.26866,1.00,1.75
2015.10.26 09:17:16.575,2.26763,2.26868,1.87,1.80
2015.10.26 09:17:17.087,2.26767,2.26868,1.00,1.80
2015.10.26 09:17:17.405,2.26769,2.26868,1.00,1.80
2015.10.26 09:17:17.954,2.26768,2.26868,1.00,1.80
2015.10.26 09:17:18.907,2.26767,2.26868,1.00,1.80
2015.10.26 09:17:20.245,2.26767,2.26869,1.87,1.80
2015.10.26 09:17:20.295,2.2678,2.26874,1.00,1.75
2015.10.26 09:17:20.346,2.26792,2.26878,1.00,1.75
2015.10.26 09:17:20.397,2.26792,2.26888,1.00,1.75
2015.10.26 09:17:20.759,2.26805,2.2689,1.37,2.17
2015.10.26 09:17:20.813,2.26805,2.26899,1.75,1.00
2015.10.26 09:17:21.350,2.26812,2.26908,2.25,1.37
2015.10.26 09:17:21.400,2.26813,2.26908,1.75,1.00
2015.10.26 09:17:22.535,2.26812,2.26918,1.75,1.75
2015.10.26 09:17:24.280,2.26812,2.26906,1.75,1.00
2015.10.26 09:17:24.483,2.26801,2.26905,1.75,1.75
2015.10.26 09:17:25.103,2.26789,2.26885,1.37,1.42
2015.10.26 09:17:25.154,2.26792,2.26883,1.00,1.80
2015.10.26 09:17:25.255,2.26792,2.26894,1.12,1.75
2015.10.26 09:17:25.559,2.26781,2.26887,1.50,4.05
2015.10.26 09:17:26.544,2.26774,2.26878,1.37,1.75
2015.10.26 09:17:26.595,2.26772,2.26876,1.50,1.75
2015.10.26 09:17:28.686,2.26776,2.26877,1.00,1.80
2015.10.26 09:17:28.787,2.2678,2.26877,1.00,1.80
2015.10.26 09:17:28.888,2.26775,2.26877,1.12,1.80
2015.10.26 09:17:30.093,2.26777,2.26876,1.00,1.75
2015.10.26 09:17:30.749,2.2678,2.26878,1.75,1.75
2015.10.26 09:17:30.997,2.26783,2.26868,1.75,1.00
2015.10.26 09:17:31.299,2.26775,2.26868,1.75,1.34
2015.10.26 09:17:31.815,2.26776,2.26879,1.75,1.75
2015.10.26 09:17:32.319,2.26776,2.26868,2.25,1.00
2015.10.26 09:17:32.420,2.26781,2.26879,2.25,1.75
2015.10.26 09:17:35.601,2.26781,2.26876,1.75,1.00
2015.10.26 09:17:35.651,2.26788,2.2688,1.75,1.00
2015.10.26 09:17:35.702,2.26798,2.26889,1.00,1.75
2015.10.26 09:17:36.213,2.26794,2.26892,1.37,1.75
2015.10.26 09:17:36.264,2.26787,2.26884,1.80,1.00
2015.10.26 09:17:36.315,2.26781,2.26884,2.25,1.75
2015.10.26 09:17:37.988,2.26777,2.26879,2.25,1.75
2015.10.26 09:17:39.640,2.26788,2.26878,1.00,1.75
2015.10.26 09:17:39.792,2.26797,2.26888,1.75,1.00
2015.10.26 09:17:39.842,2.26796,2.26882,1.75,1.00
2015.10.26 09:17:40.228,2.26787,2.26872,1.80,1.00
2015.10.26 09:17:40.281,2.26782,2.26872,1.50,1.75
2015.10.26 09:17:42.106,2.26782,2.26885,1.75,1.75
2015.10.26 09:17:43.336,2.26804,2.26894,1.00,1.09
2015.10.26 09:17:43.387,2.26804,2.26904,1.75,1.75
2015.10.26 09:17:43.639,2.26808,2.26905,1.00,1.75
2015.10.26 09:17:43.740,2.26808,2.26905,1.75,1.75
2015.10.26 09:17:46.667,2.26804,2.26902,1.75,1.00
2015.10.26 09:17:47.171,2.26805,2.26903,1.75,1.12
2015.10.26 09:17:47.272,2.268,2.26901,1.75,1.00
2015.10.26 09:17:47.711,2.26794,2.26895,1.75,1.75
2015.10.26 09:17:48.362,2.26789,2.26892,2.25,1.75
2015.10.26 09:17:49.225,2.26787,2.26877,1.37,1.37
2015.10.26 09:17:49.276,2.26769,2.26875,1.75,1.75
2015.10.26 09:17:51.112,2.26785,2.26883,1.00,1.75
2015.10.26 09:17:52.853,2.26778,2.26882,1.75,1.75
2015.10.26 09:17:53.206,2.26785,2.26883,1.00,1.75
2015.10.26 09:17:54.208,2.26781,2.26883,1.75,1.75
2015.10.26 09:17:55.870,2.26785,2.26883,1.75,1.50
2015.10.26 09:17:57.961,2.26777,2.26881,1.75,1.75
2015.10.26 09:17:58.163,2.26771,2.26873,1.75,1.75
2015.10.26 09:18:00.467,2.26763,2.26862,1.75,1.37
2015.10.26 09:18:00.517,2.26761,2.26859,1.75,1.75
2015.10.26 09:18:01.851,2.26752,2.26852,1.75,1.75
2015.10.26 09:18:06.007,2.26741,2.26845,1.37,1.75
2015.10.26 09:18:06.058,2.26741,2.26841,1.37,1.75
2015.10.26 09:18:07.424,2.26737,2.26837,1.37,2.25
2015.10.26 09:18:07.475,2.26737,2.26835,1.00,1.80
2015.10.26 09:18:07.526,2.26742,2.26835,1.00,1.80
2015.10.26 09:18:07.577,2.26742,2.2684,1.37,1.75
2015.10.26 09:18:08.145,2.26748,2.26844,1.37,1.75
2015.10.26 09:18:08.195,2.26748,2.26852,2.25,1.75
2015.10.26 09:18:08.945,2.26753,2.26855,1.75,1.37
2015.10.26 09:18:08.995,2.26753,2.26855,1.75,1.37
2015.10.26 09:18:14.987,2.26752,2.26852,3.30,1.00
2015.10.26 09:18:15.198,2.26752,2.26854,1.75,1.75
2015.10.26 09:18:19.590,2.26744,2.26845,1.75,1.00
2015.10.26 09:18:19.692,2.26742,2.26846,1.75,2.25
2015.10.26 09:18:30.281,2.26747,2.26847,1.75,1.37
2015.10.26 09:18:30.331,2.26747,2.26847,1.75,1.12
2015.10.26 09:18:37.212,2.26746,2.26845,1.75,1.37
2015.10.26 09:18:37.262,2.26746,2.26845,1.75,1.75
2015.10.26 09:18:38.668,2.26736,2.26838,1.75,1.37
2015.10.26 09:18:40.705,2.26734,2.26835,1.80,1.00
2015.10.26 09:18:41.270,2.26734,2.26837,1.80,1.75
2015.10.26 09:18:41.321,2.26731,2.26837,2.25,1.75
2015.10.26 09:18:44.323,2.26742,2.26844,1.75,1.75
2015.10.26 09:18:44.374,2.26742,2.26844,1.75,1.75
2015.10.26 09:18:45.213,2.26742,2.26847,1.50,1.75
2015.10.26 09:18:45.264,2.26742,2.26847,1.50,1.75
2015.10.26 09:18:50.977,2.2673,2.26832,1.75,1.75
2015.10.26 09:18:51.027,2.26729,2.26832,1.75,1.75
2015.10.26 09:18:52.734,2.26721,2.26821,1.37,1.75
2015.10.26 09:18:52.835,2.26722,2.26821,1.00,1.75
2015.10.26 09:18:53.488,2.26712,2.26815,1.75,1.75
2015.10.26 09:18:54.205,2.26712,2.26806,1.75,1.00
2015.10.26 09:18:57.611,2.26706,2.26807,1.75,1.12
2015.10.26 09:19:00.833,2.26722,2.26819,1.00,2.25
2015.10.26 09:19:00.934,2.26726,2.26823,1.00,1.75
2015.10.26 09:19:01.086,2.26729,2.26823,1.50,1.75
2015.10.26 09:19:01.766,2.26745,2.26836,1.75,1.00
2015.10.26 09:19:01.816,2.26747,2.26838,1.75,1.00
2015.10.26 09:19:01.867,2.26747,2.26848,1.75,2.25
2015.10.26 09:19:04.770,2.26762,2.26858,1.00,2.59
2015.10.26 09:19:05.013,2.26755,2.26858,1.75,2.59
2015.10.26 09:19:05.357,2.26761,2.26858,1.37,1.75
2015.10.26 09:19:05.408,2.26758,2.2686,1.75,1.75
2015.10.26 09:19:07.226,2.26751,2.26852,1.80,1.50
2015.10.26 09:19:07.478,2.26749,2.26851,1.75,1.75
2015.10.26 09:19:10.763,2.26755,2.26859,1.75,1.75
2015.10.26 09:19:10.814,2.26755,2.26859,1.75,1.75
2015.10.26 09:19:11.742,2.26761,2.2686,1.75,1.37
2015.10.26 09:19:11.795,2.26762,2.26863,1.75,1.37
2015.10.26 09:19:24.375,2.26771,2.26872,2.25,1.50
2015.10.26 09:19:24.426,2.26771,2.26872,2.25,1.12
2015.10.26 09:19:29.589,2.26777,2.26871,1.75,1.00
2015.10.26 09:19:29.690,2.26772,2.26869,1.75,1.00
2015.10.26 09:19:29.943,2.26768,2.26869,1.75,1.75
2015.10.26 09:19:38.259,2.26792,2.2687,1.50,1.00
2015.10.26 09:19:38.310,2.26792,2.26885,1.50,2.25
2015.10.26 09:19:38.411,2.26786,2.26875,1.75,1.00
2015.10.26 09:19:38.663,2.26762,2.26851,1.50,1.75
2015.10.26 09:19:39.016,2.26769,2.2686,1.37,1.09
2015.10.26 09:19:39.067,2.26769,2.2686,1.75,1.09
2015.10.26 09:19:39.117,2.26777,2.26869,1.37,1.84
2015.10.26 09:19:39.529,2.26777,2.26873,1.75,1.75
2015.10.26 09:19:41.345,2.26779,2.26884,1.75,1.75
2015.10.26 09:19:41.396,2.26779,2.26885,1.75,2.25
2015.10.26 09:19:56.709,2.26779,2.26885,2.25,1.75
2015.10.26 09:19:56.760,2.26779,2.26885,1.75,1.75
2015.10.26 09:19:59.703,2.26785,2.26887,1.80,1.37
2015.10.26 09:19:59.754,2.26795,2.26889,1.75,1.12
2015.10.26 09:20:03.944,2.26788,2.26887,1.75,1.00
2015.10.26 09:20:04.423,2.26788,2.26883,1.75,1.37
2015.10.26 09:20:04.479,2.26781,2.26883,1.75,1.75
2015.10.26 09:20:07.324,2.26776,2.26874,1.75,1.00
2015.10.26 09:20:08.014,2.26776,2.26873,1.75,1.00
2015.10.26 09:20:08.696,2.26781,2.26874,1.75,1.09
2015.10.26 09:20:09.192,2.26774,2.26868,1.80,1.00
2015.10.26 09:20:09.540,2.26774,2.26868,1.80,1.46
2015.10.26 09:20:09.591,2.26772,2.26868,1.75,1.84
2015.10.26 09:20:16.702,2.26778,2.26867,1.00,1.09
2015.10.26 09:20:17.322,2.26779,2.26875,1.75,1.09
2015.10.26 09:20:20.016,2.26789,2.26884,1.00,1.75
2015.10.26 09:20:20.684,2.26772,2.26864,1.37,1.37
2015.10.26 09:20:20.737,2.26772,2.26864,1.12,1.75
2015.10.26 09:20:24.392,2.26769,2.26869,1.12,1.50
2015.10.26 09:20:24.443,2.26769,2.26869,1.12,1.50
2015.10.26 09:20:31.215,2.2678,2.26885,2.25,3.30
2015.10.26 09:20:31.265,2.2678,2.26885,1.75,3.00
2015.10.26 09:20:36.730,2.26795,2.26865,2.17,1.00
2015.10.26 09:20:36.781,2.26781,2.26865,1.75,1.00
2015.10.26 09:20:36.831,2.2678,2.26866,1.37,1.37
2015.10.26 09:20:36.882,2.26771,2.26866,1.75,1.75
2015.10.26 09:20:37.387,2.26778,2.26873,1.37,1.09
2015.10.26 09:20:37.488,2.26778,2.26873,1.75,1.09
2015.10.26 09:20:38.173,2.26784,2.26879,1.75,1.34
2015.10.26 09:20:51.557,2.26789,2.26888,1.75,1.34
2015.10.26 09:20:52.051,2.26801,2.26898,1.75,1.09
2015.10.26 09:20:52.555,2.26797,2.26897,1.75,1.00
2015.10.26 09:20:52.911,2.26797,2.26894,1.75,1.00
2015.10.26 09:20:53.386,2.26796,2.26888,1.75,1.00
2015.10.26 09:20:53.638,2.26796,2.26898,1.80,1.00
2015.10.26 09:20:54.152,2.26797,2.26899,1.75,1.00
2015.10.26 09:20:54.728,2.26796,2.26889,2.55,1.00
2015.10.26 09:20:55.341,2.26796,2.26896,1.80,1.00
2015.10.26 09:20:55.775,2.26796,2.26898,2.55,1.00
2015.10.26 09:20:56.869,2.26796,2.26897,1.80,1.00
2015.10.26 09:20:58.833,2.26796,2.26896,2.55,1.00
2015.10.26 09:20:59.085,2.26796,2.26898,1.80,1.00
2015.10.26 09:21:03.343,2.26801,2.26902,3.00,1.75
2015.10.26 09:21:03.576,2.26801,2.26898,2.25,1.00
2015.10.26 09:21:04.198,2.26796,2.26895,1.80,1.00
2015.10.26 09:21:04.350,2.26787,2.26891,1.80,1.37
2015.10.26 09:21:04.869,2.2679,2.26889,1.75,1.00
2015.10.26 09:21:05.416,2.26792,2.26887,1.75,1.00
2015.10.26 09:21:05.567,2.26786,2.26887,1.75,1.75
2015.10.26 09:21:08.099,2.26791,2.26889,1.75,1.12
2015.10.26 09:21:08.424,2.26797,2.26879,1.75,1.00
2015.10.26 09:21:08.626,2.26787,2.26888,1.80,1.84
2015.10.26 09:21:08.778,2.26789,2.26889,1.75,1.12
2015.10.26 09:21:09.280,2.26796,2.26898,1.75,1.37
2015.10.26 09:21:09.330,2.26796,2.26896,1.75,1.00
2015.10.26 09:21:09.432,2.26803,2.26898,1.75,1.00
2015.10.26 09:21:09.936,2.26804,2.269,1.75,1.09
2015.10.26 09:21:10.712,2.26811,2.26902,1.75,1.00
2015.10.26 09:21:10.763,2.26811,2.26908,1.75,1.12
2015.10.26 09:21:14.214,2.26805,2.26907,1.75,1.00
2015.10.26 09:21:14.315,2.26805,2.26905,2.25,1.00
2015.10.26 09:21:14.617,2.26804,2.26899,1.80,1.00
2015.10.26 09:21:16.253,2.26804,2.26898,1.80,1.00
2015.10.26 09:21:17.363,2.26804,2.269,1.80,1.00
2015.10.26 09:21:17.414,2.26804,2.26906,1.80,1.00
2015.10.26 09:21:17.615,2.26804,2.26904,1.80,1.00
2015.10.26 09:21:17.716,2.26804,2.26906,1.80,1.50
2015.10.26 09:21:18.796,2.26799,2.26903,1.75,1.75
2015.10.26 09:21:19.098,2.26799,2.26894,1.75,1.00
2015.10.26 09:21:19.199,2.26789,2.26889,2.25,1.75
2015.10.26 09:21:22.583,2.26797,2.26894,1.75,1.12
2015.10.26 09:21:24.579,2.26789,2.26893,3.30,1.00
2015.10.26 09:21:25.090,2.26791,2.26892,1.75,1.00
2015.10.26 09:21:25.934,2.26791,2.26894,1.75,1.87
2015.10.26 09:21:28.253,2.26791,2.26893,1.75,1.00
2015.10.26 09:21:29.187,2.26791,2.26892,1.75,1.00
2015.10.26 09:21:30.642,2.26789,2.26889,1.80,1.00
2015.10.26 09:21:31.461,2.26788,2.26889,1.75,1.75
2015.10.26 09:21:34.806,2.26782,2.26881,1.75,1.00
2015.10.26 09:21:35.352,2.26782,2.2688,1.75,1.00
2015.10.26 09:21:35.680,2.26782,2.26882,1.75,1.00
2015.10.26 09:21:36.531,2.26785,2.26887,1.75,1.75
2015.10.26 09:21:46.622,2.26782,2.2688,2.25,1.75
2015.10.26 09:21:46.929,2.26782,2.26874,1.75,1.00
2015.10.26 09:21:47.232,2.26773,2.26868,1.75,1.50
2015.10.26 09:21:47.283,2.26771,2.26862,1.75,1.00
2015.10.26 09:21:47.334,2.26771,2.26862,1.12,1.75
2015.10.26 09:21:51.180,2.2677,2.26868,1.75,1.50
2015.10.26 09:21:52.495,2.26766,2.26865,1.75,1.00
2015.10.26 09:21:52.798,2.26764,2.26861,1.75,1.75
2015.10.26 09:22:01.244,2.26776,2.26868,1.75,1.37
2015.10.26 09:22:02.536,2.26764,2.26859,1.75,1.37
2015.10.26 09:22:03.616,2.26767,2.26866,1.75,1.34
2015.10.26 09:22:03.667,2.26773,2.26868,1.75,1.00
2015.10.26 09:22:05.033,2.26776,2.26869,1.75,1.00
2015.10.26 09:22:06.481,2.26776,2.26873,1.75,1.84
2015.10.26 09:22:09.801,2.26785,2.26873,1.00,1.09
2015.10.26 09:22:10.331,2.26783,2.26873,1.50,1.09
2015.10.26 09:22:11.431,2.26776,2.26869,1.75,1.00
2015.10.26 09:22:12.889,2.26781,2.26873,2.25,1.09
2015.10.26 09:22:13.154,2.26785,2.26876,1.37,1.71
2015.10.26 09:22:13.205,2.26779,2.26876,1.75,1.34
2015.10.26 09:22:13.357,2.26779,2.26875,1.75,1.71
2015.10.26 09:22:13.408,2.26779,2.26873,1.75,1.09
2015.10.26 09:22:13.878,2.26776,2.26873,1.87,1.09
2015.10.26 09:22:13.929,2.26771,2.26873,1.50,1.09
2015.10.26 09:22:14.823,2.26771,2.26858,1.50,1.00
2015.10.26 09:22:15.229,2.26772,2.26859,1.37,1.50
2015.10.26 09:22:15.282,2.26762,2.26859,1.50,1.75
2015.10.26 09:22:15.410,2.26771,2.26861,1.00,1.75
2015.10.26 09:22:15.612,2.26771,2.26866,1.75,2.25
2015.10.26 09:22:16.378,2.26772,2.26859,1.75,1.00
2015.10.26 09:22:16.530,2.26772,2.26859,1.75,1.34
2015.10.26 09:22:16.884,2.26754,2.26851,1.75,1.09
2015.10.26 09:22:20.464,2.26746,2.26842,1.75,1.09
2015.10.26 09:22:25.918,2.26756,2.26842,1.00,1.09
2015.10.26 09:22:26.019,2.26754,2.26842,1.00,1.09
2015.10.26 09:22:26.923,2.26753,2.26842,1.12,1.09
2015.10.26 09:22:27.891,2.26755,2.26842,1.00,1.09
2015.10.26 09:22:28.475,2.26753,2.26842,1.12,1.09
2015.10.26 09:22:28.981,2.26754,2.26842,1.00,1.09
2015.10.26 09:22:29.118,2.2676,2.26842,1.00,1.09
2015.10.26 09:22:29.219,2.26757,2.26842,1.00,1.09
2015.10.26 09:22:30.301,2.26755,2.26842,1.00,1.09
2015.10.26 09:22:31.284,2.26752,2.26842,1.37,1.09
2015.10.26 09:22:36.036,2.26752,2.26842,1.00,1.09
2015.10.26 09:22:36.848,2.26751,2.26842,1.00,1.09
2015.10.26 09:22:39.691,2.26748,2.26842,1.37,1.09
2015.10.26 09:22:42.225,2.26752,2.26842,1.00,1.09
2015.10.26 09:22:43.321,2.2675,2.26842,1.12,1.09
2015.10.26 09:22:44.685,2.26751,2.26842,1.00,1.09
2015.10.26 09:22:45.346,2.26749,2.26842,1.37,1.09
2015.10.26 09:22:47.885,2.26758,2.26846,1.00,1.84
2015.10.26 09:22:50.559,2.26758,2.26842,1.00,1.34
2015.10.26 09:22:51.356,2.26759,2.26844,1.00,1.46
2015.10.26 09:22:51.892,2.26758,2.26843,1.00,1.34
2015.10.26 09:22:52.949,2.26759,2.26846,1.00,1.84
2015.10.26 09:22:58.650,2.26762,2.26844,1.00,1.46
2015.10.26 09:22:58.953,2.26765,2.26846,1.00,1.09
2015.10.26 09:22:59.471,2.26766,2.26846,1.00,1.09
2015.10.26 09:23:00.015,2.26768,2.26846,1.00,1.09
2015.10.26 09:23:02.733,2.26772,2.26856,1.00,1.84
2015.10.26 09:23:03.812,2.26771,2.26856,1.00,1.09
2015.10.26 09:23:04.566,2.26768,2.26856,1.12,1.09
2015.10.26 09:23:08.322,2.26769,2.26852,1.00,1.34
2015.10.26 09:23:10.534,2.26768,2.26851,1.12,1.34
2015.10.26 09:23:12.288,2.26765,2.26846,1.00,1.09
2015.10.26 09:23:13.690,2.26766,2.26846,1.00,1.09
2015.10.26 09:23:14.311,2.26768,2.26846,1.00,1.09
2015.10.26 09:23:14.714,2.26771,2.26855,1.00,1.09
2015.10.26 09:23:18.084,2.26776,2.26857,1.00,1.75
2015.10.26 09:23:18.543,2.26771,2.26858,1.00,1.75
2015.10.26 09:23:19.708,2.26774,2.26856,1.00,1.75
2015.10.26 09:23:19.759,2.26756,2.26856,1.75,1.75
2015.10.26 09:23:20.069,2.26769,2.26856,1.00,1.75
2015.10.26 09:23:21.740,2.26766,2.26855,1.50,1.50
2015.10.26 09:23:26.275,2.26763,2.26851,1.00,1.75
2015.10.26 09:23:27.467,2.26764,2.26853,1.00,1.75
2015.10.26 09:23:28.423,2.26765,2.26858,1.37,1.75
2015.10.26 09:23:29.118,2.26768,2.2686,1.00,1.75
2015.10.26 09:23:30.221,2.26767,2.26858,1.00,1.75
2015.10.26 09:23:30.873,2.26769,2.26858,1.00,1.75
2015.10.26 09:23:32.208,2.26765,2.26855,1.37,1.75
2015.10.26 09:23:32.410,2.26769,2.26856,1.00,1.75
2015.10.26 09:23:32.984,2.26768,2.26855,1.00,1.75
2015.10.26 09:23:35.579,2.26764,2.26853,1.50,1.37
2015.10.26 09:23:36.232,2.26769,2.26853,1.00,1.37
2015.10.26 09:23:36.597,2.26766,2.26853,1.12,1.37
2015.10.26 09:23:37.670,2.26767,2.26857,1.00,1.75
2015.10.26 09:23:38.023,2.26769,2.26859,1.00,1.75
2015.10.26 09:23:38.326,2.26772,2.26864,1.00,2.25
2015.10.26 09:23:39.301,2.26773,2.26864,1.37,1.87
2015.10.26 09:23:39.352,2.26783,2.26873,1.00,1.75
2015.10.26 09:23:39.775,2.26777,2.26873,1.75,1.75
2015.10.26 09:23:45.835,2.26778,2.26868,1.75,1.00
2015.10.26 09:23:46.366,2.26785,2.26869,1.75,1.00
2015.10.26 09:23:46.559,2.26785,2.26871,1.75,1.00
2015.10.26 09:23:47.210,2.26777,2.2687,1.75,1.00
2015.10.26 09:23:47.998,2.26778,2.26869,1.75,1.00
2015.10.26 09:23:48.571,2.26774,2.2687,1.75,1.00
2015.10.26 09:23:49.077,2.26774,2.26869,1.75,1.00
2015.10.26 09:23:51.870,2.26774,2.26871,1.75,1.00
2015.10.26 09:23:52.372,2.26774,2.26874,1.75,1.37
2015.10.26 09:23:53.209,2.2679,2.26878,1.00,1.75
2015.10.26 09:23:53.775,2.26782,2.26876,1.75,1.50
2015.10.26 09:23:57.290,2.26775,2.26871,1.75,1.00
2015.10.26 09:23:58.196,2.26778,2.26872,1.75,1.00
2015.10.26 09:23:58.650,2.26775,2.26872,1.75,1.37
2015.10.26 09:23:58.700,2.26778,2.26872,1.37,1.75
2015.10.26 09:24:01.500,2.26779,2.26875,1.75,1.37
2015.10.26 09:24:02.198,2.26791,2.26882,1.00,1.75
2015.10.26 09:24:02.400,2.26791,2.26885,1.75,1.09
2015.10.26 09:24:06.526,2.26801,2.26893,1.00,1.75
2015.10.26 09:24:06.857,2.26798,2.26893,1.12,1.75
2015.10.26 09:24:11.060,2.26788,2.2688,1.75,1.00
2015.10.26 09:24:11.161,2.26782,2.26884,1.75,1.37
2015.10.26 09:24:11.212,2.26782,2.26878,1.75,1.37
2015.10.26 09:24:11.262,2.26784,2.26878,1.75,1.75
2015.10.26 09:24:11.413,2.26774,2.26873,1.75,1.37
2015.10.26 09:24:11.464,2.26774,2.26873,1.75,1.75
2015.10.26 09:24:12.114,2.26771,2.26862,1.75,1.00
2015.10.26 09:24:12.953,2.2678,2.26874,1.12,2.25
2015.10.26 09:24:22.535,2.26773,2.26863,1.75,1.00
2015.10.26 09:24:24.373,2.26782,2.26863,1.00,1.00
2015.10.26 09:24:24.423,2.26775,2.26869,1.75,1.75
2015.10.26 09:24:24.575,2.26782,2.26874,1.00,2.25
2015.10.26 09:24:24.638,2.2678,2.26874,1.12,2.25
2015.10.26 09:24:24.789,2.26783,2.26875,1.00,1.75
2015.10.26 09:24:25.299,2.26782,2.26876,1.00,1.75
2015.10.26 09:24:25.948,2.26783,2.26877,1.00,1.75
2015.10.26 09:24:25.999,2.26778,2.26877,1.50,1.75
2015.10.26 09:24:26.204,2.26783,2.26878,1.00,1.75
2015.10.26 09:24:26.507,2.26785,2.26872,1.00,1.75
2015.10.26 09:24:26.558,2.26783,2.26872,1.00,1.75
2015.10.26 09:24:26.761,2.26786,2.26874,1.00,2.25
2015.10.26 09:24:26.862,2.26782,2.26875,1.00,1.75
2015.10.26 09:24:27.095,2.26779,2.26876,1.00,1.75
2015.10.26 09:24:27.608,2.2678,2.26877,1.00,1.75
2015.10.26 09:24:27.759,2.26778,2.26879,1.12,1.75
2015.10.26 09:24:27.939,2.26781,2.26879,1.00,1.75
2015.10.26 09:24:28.950,2.26782,2.26879,1.00,1.75
2015.10.26 09:24:30.578,2.26781,2.26879,1.00,1.75
2015.10.26 09:24:31.710,2.26784,2.26878,1.00,1.75
2015.10.26 09:24:31.862,2.2678,2.26872,1.75,1.00
2015.10.26 09:24:32.709,2.26776,2.26871,1.75,1.00
2015.10.26 09:24:32.761,2.26776,2.26875,2.25,1.50
2015.10.26 09:24:33.402,2.26776,2.26872,1.75,1.00
2015.10.26 09:24:33.907,2.26778,2.26876,1.75,1.75
2015.10.26 09:24:34.464,2.26777,2.26872,1.75,1.00
2015.10.26 09:24:36.542,2.26774,2.26871,1.75,1.00
2015.10.26 09:24:37.947,2.26776,2.26872,1.75,1.00
2015.10.26 09:24:38.099,2.26793,2.2688,1.37,1.37
2015.10.26 09:24:38.150,2.26793,2.26881,1.75,1.00
2015.10.26 09:24:38.201,2.26787,2.26874,1.75,1.00
2015.10.26 09:24:38.403,2.26796,2.26888,1.75,1.50
2015.10.26 09:24:39.221,2.26788,2.26884,1.75,1.00
2015.10.26 09:24:39.729,2.26788,2.2689,2.25,1.75
2015.10.26 09:24:41.173,2.26785,2.26884,1.75,1.00
2015.10.26 09:24:41.674,2.26788,2.26892,1.75,1.75
2015.10.26 09:24:42.503,2.26783,2.26882,1.80,1.00
2015.10.26 09:24:42.755,2.26781,2.26886,1.75,2.25
2015.10.26 09:24:44.708,2.26783,2.26885,2.25,1.75
2015.10.26 09:24:44.759,2.26783,2.26885,2.25,1.50
2015.10.26 09:24:49.393,2.26784,2.26878,1.75,1.00
2015.10.26 09:24:49.895,2.26784,2.26877,1.75,1.00
2015.10.26 09:24:50.157,2.26782,2.26882,1.75,1.12
2015.10.26 09:24:51.552,2.26791,2.26889,1.75,1.37
2015.10.26 09:24:51.603,2.26791,2.26889,1.75,1.00
2015.10.26 09:24:52.267,2.26792,2.26895,1.75,1.09
2015.10.26 09:24:52.520,2.26791,2.2689,1.75,1.00
2015.10.26 09:24:53.237,2.26793,2.26891,1.75,1.00
2015.10.26 09:24:54.404,2.26793,2.2689,1.75,1.00
2015.10.26 09:24:54.743,2.26792,2.26888,1.75,1.00
2015.10.26 09:24:54.894,2.26792,2.2689,3.00,1.00
2015.10.26 09:24:55.607,2.26798,2.26889,1.75,1.00
2015.10.26 09:24:56.207,2.26798,2.2689,1.75,1.00
2015.10.26 09:24:57.898,2.26797,2.26894,1.75,1.50
2015.10.26 09:24:58.758,2.26794,2.26891,1.75,1.00
2015.10.26 09:24:59.472,2.26795,2.2689,1.75,1.00
2015.10.26 09:24:59.638,2.26791,2.26888,1.75,1.00
2015.10.26 09:25:00.368,2.26793,2.26889,1.75,1.00
2015.10.26 09:25:01.572,2.26796,2.26892,1.75,1.12
2015.10.26 09:25:04.621,2.26793,2.26891,2.25,1.00
2015.10.26 09:25:05.224,2.26794,2.26892,1.75,1.12
2015.10.26 09:25:05.732,2.26794,2.2689,2.25,1.00
2015.10.26 09:25:06.445,2.26792,2.26888,2.25,1.00
2015.10.26 09:25:10.481,2.26791,2.2689,2.25,1.00
2015.10.26 09:25:11.031,2.26792,2.26889,1.75,1.00
2015.10.26 09:25:11.182,2.26798,2.26897,2.25,1.75
2015.10.26 09:25:11.485,2.26807,2.26898,1.37,1.37
2015.10.26 09:25:11.891,2.26807,2.26907,1.75,1.37
2015.10.26 09:25:12.591,2.26815,2.26899,1.75,1.00
2015.10.26 09:25:12.701,2.26815,2.26909,1.75,1.84
2015.10.26 09:25:28.633,2.26817,2.26912,2.25,1.46
2015.10.26 09:25:29.382,2.26826,2.26914,1.00,1.09
2015.10.26 09:25:30.009,2.2683,2.26922,1.75,1.09
2015.10.26 09:25:41.857,2.26831,2.26918,1.75,1.34
2015.10.26 09:25:43.554,2.2683,2.26918,1.75,1.34
2015.10.26 09:25:54.788,2.26834,2.26929,1.75,1.12
2015.10.26 09:25:54.939,2.26848,2.26936,1.00,1.75
2015.10.26 09:25:55.375,2.26863,2.26938,1.80,1.00
2015.10.26 09:25:55.426,2.2687,2.26958,1.75,1.00
2015.10.26 09:25:55.628,2.2687,2.26969,1.75,2.25
2015.10.26 09:25:55.730,2.2687,2.26964,1.75,1.00
2015.10.26 09:25:56.184,2.26871,2.26969,1.75,2.25
2015.10.26 09:25:56.715,2.26865,2.26962,1.75,1.00
2015.10.26 09:25:56.816,2.26865,2.26966,1.75,1.12
2015.10.26 09:25:56.917,2.26865,2.26962,1.75,1.00
2015.10.26 09:25:57.271,2.26863,2.2696,1.80,1.00
2015.10.26 09:25:57.649,2.26863,2.26958,1.80,1.00
2015.10.26 09:25:58.586,2.26863,2.26962,1.80,1.00
2015.10.26 09:25:58.852,2.26863,2.2696,1.80,1.00
2015.10.26 09:25:59.467,2.26863,2.26961,1.80,1.50
2015.10.26 09:26:01.015,2.26863,2.2696,1.80,1.00
2015.10.26 09:26:01.787,2.26863,2.26959,1.80,1.00
2015.10.26 09:26:01.894,2.26863,2.26961,1.80,1.00
2015.10.26 09:26:02.197,2.26863,2.26957,1.80,1.00
2015.10.26 09:26:02.500,2.26863,2.26955,1.80,1.00
2015.10.26 09:26:02.651,2.26853,2.26954,1.75,1.00
2015.10.26 09:26:03.054,2.26854,2.26951,1.75,1.00
2015.10.26 09:26:03.356,2.26852,2.26945,1.80,1.00
2015.10.26 09:26:03.457,2.26852,2.26949,1.80,1.00
2015.10.26 09:26:03.558,2.26849,2.26947,1.75,1.12
2015.10.26 09:26:04.062,2.26849,2.26943,1.75,1.00
2015.10.26 09:26:05.128,2.26848,2.26939,1.75,1.50
2015.10.26 09:26:05.178,2.26833,2.26926,1.80,1.00
2015.10.26 09:26:05.330,2.26831,2.26926,1.75,1.75
2015.10.26 09:26:05.481,2.26824,2.26918,1.75,1.00
2015.10.26 09:26:05.784,2.26824,2.2692,1.75,1.00
2015.10.26 09:26:06.087,2.26824,2.26918,1.75,1.00
2015.10.26 09:26:06.453,2.26829,2.26926,1.75,1.75
2015.10.26 09:26:08.394,2.26822,2.26918,1.75,1.37
2015.10.26 09:26:08.445,2.26822,2.26918,1.75,1.75
2015.10.26 09:26:08.698,2.26817,2.26912,1.75,1.00
2015.10.26 09:26:08.800,2.26817,2.26914,1.75,1.12
2015.10.26 09:26:10.180,2.26827,2.26919,1.50,1.37
2015.10.26 09:26:10.231,2.26827,2.26919,1.75,1.00
2015.10.26 09:26:10.584,2.26827,2.26925,1.75,1.12
2015.10.26 09:26:10.887,2.26823,2.26921,1.80,1.00
2015.10.26 09:26:11.472,2.26823,2.26918,1.80,1.00
2015.10.26 09:26:11.775,2.26823,2.26922,1.80,1.00
2015.10.26 09:26:11.876,2.26823,2.26925,1.80,1.12
2015.10.26 09:26:12.229,2.26832,2.26928,1.75,1.37
2015.10.26 09:26:12.280,2.26832,2.26929,1.80,1.50
2015.10.26 09:26:12.540,2.26832,2.26935,3.30,1.71
2015.10.26 09:26:13.347,2.26836,2.26929,1.75,1.00
2015.10.26 09:26:13.549,2.26836,2.26936,1.75,1.09
2015.10.26 09:26:13.851,2.26837,2.26928,1.75,1.00
2015.10.26 09:26:14.355,2.26832,2.26929,2.55,1.00
2015.10.26 09:26:14.771,2.26832,2.26935,3.30,1.71
2015.10.26 09:26:14.872,2.26832,2.26928,3.30,1.00
2015.10.26 09:26:15.325,2.26832,2.26928,1.80,1.37
2015.10.26 09:26:15.376,2.26826,2.26928,2.25,1.75
2015.10.26 09:26:22.225,2.26822,2.26922,2.25,1.00
2015.10.26 09:26:22.583,2.26821,2.26919,1.80,1.00
2015.10.26 09:26:23.094,2.26821,2.26918,1.80,1.00
2015.10.26 09:26:27.334,2.26821,2.26908,1.80,1.00
2015.10.26 09:26:27.385,2.26823,2.26919,1.75,1.00
2015.10.26 09:26:28.763,2.26849,2.26939,1.75,1.00
2015.10.26 09:26:29.578,2.26848,2.26949,1.75,1.37
2015.10.26 09:26:29.799,2.26848,2.26939,1.75,1.00
2015.10.26 09:26:31.271,2.26848,2.26938,1.75,1.00
2015.10.26 09:26:32.354,2.26849,2.26949,1.75,1.37
2015.10.26 09:26:36.996,2.26847,2.26943,1.75,1.00
2015.10.26 09:26:37.891,2.26845,2.26941,1.80,1.50
2015.10.26 09:26:38.463,2.26845,2.2694,1.80,1.00
2015.10.26 09:26:38.565,2.26841,2.26939,1.75,1.12
2015.10.26 09:26:39.217,2.26841,2.26937,1.75,1.00
2015.10.26 09:26:39.741,2.2684,2.26942,1.75,2.25
2015.10.26 09:26:41.881,2.26841,2.26938,1.75,1.00
2015.10.26 09:26:41.932,2.26837,2.26935,1.75,1.00
2015.10.26 09:26:42.453,2.26835,2.26934,1.80,1.37
2015.10.26 09:26:42.504,2.26834,2.26929,1.75,1.12
2015.10.26 09:26:44.985,2.26827,2.26924,1.80,1.00
2015.10.26 09:26:45.086,2.26823,2.26924,1.75,1.75
2015.10.26 09:26:45.338,2.26822,2.26918,1.75,1.00
2015.10.26 09:26:47.976,2.26823,2.2692,1.75,1.00
2015.10.26 09:26:48.621,2.26823,2.26919,1.75,1.50
2015.10.26 09:26:48.877,2.26823,2.26921,1.75,1.12
2015.10.26 09:26:49.716,2.26823,2.26919,1.75,1.00
2015.10.26 09:26:50.059,2.26816,2.26914,3.30,1.37
2015.10.26 09:26:50.110,2.26816,2.26914,1.75,1.50
2015.10.26 09:26:57.778,2.26824,2.26922,1.50,1.75
2015.10.26 09:26:57.829,2.26824,2.26922,1.75,1.37
2015.10.26 09:26:58.352,2.26841,2.26928,1.00,1.75
2015.10.26 09:26:58.403,2.26845,2.26938,1.75,1.34
2015.10.26 09:26:58.968,2.26843,2.26938,1.75,1.00
2015.10.26 09:27:01.436,2.26841,2.26939,1.75,1.12
2015.10.26 09:27:01.588,2.26841,2.26938,1.75,1.37
2015.10.26 09:27:01.639,2.26841,2.26938,1.50,1.75
2015.10.26 09:27:04.273,2.26828,2.26931,1.75,1.09
2015.10.26 09:27:04.526,2.26836,2.26926,1.00,1.09
2015.10.26 09:27:04.577,2.26831,2.26926,1.75,1.09
2015.10.26 09:27:05.703,2.26839,2.26929,1.37,1.71
2015.10.26 09:27:05.754,2.26839,2.26931,1.75,1.09
2015.10.26 09:27:06.056,2.26842,2.26938,1.75,1.75
2015.10.26 09:27:06.107,2.26846,2.26938,1.00,1.75
2015.10.26 09:27:06.207,2.26842,2.26939,1.75,1.75
2015.10.26 09:27:10.131,2.26844,2.26942,1.50,1.84
2015.10.26 09:27:10.182,2.26849,2.26942,1.75,1.09
2015.10.26 09:27:16.853,2.26848,2.26938,1.75,1.00
2015.10.26 09:27:18.842,2.26848,2.26939,1.75,1.00
2015.10.26 09:27:20.338,2.26848,2.26938,1.75,1.00
2015.10.26 09:27:25.369,2.26851,2.26938,1.75,1.00
2015.10.26 09:27:26.549,2.2685,2.26945,1.75,1.34
2015.10.26 09:27:27.064,2.2685,2.26938,1.75,1.00
2015.10.26 09:27:28.036,2.2685,2.26939,1.75,1.00
2015.10.26 09:27:31.772,2.2685,2.26939,1.37,1.37
2015.10.26 09:27:33.651,2.26842,2.26929,2.25,1.00
2015.10.26 09:27:34.350,2.26842,2.26939,2.25,1.37
2015.10.26 09:27:35.426,2.26853,2.26942,1.00,1.09
2015.10.26 09:27:35.679,2.26853,2.26948,1.37,1.71
2015.10.26 09:27:35.729,2.26853,2.26948,1.75,1.71
2015.10.26 09:27:35.982,2.26851,2.26938,1.75,1.00
2015.10.26 09:27:36.583,2.26829,2.26918,1.37,1.50
2015.10.26 09:27:36.785,2.26817,2.26913,1.75,1.00
2015.10.26 09:27:37.037,2.26812,2.26909,1.75,1.75
2015.10.26 09:27:37.289,2.26813,2.26898,1.75,1.00
2015.10.26 09:27:37.390,2.26813,2.26908,1.75,1.50
2015.10.26 09:27:37.815,2.26816,2.26908,1.75,1.00
2015.10.26 09:27:38.074,2.26816,2.26918,1.75,1.09
2015.10.26 09:27:39.592,2.26822,2.26909,1.75,1.00
2015.10.26 09:27:40.137,2.26818,2.26908,2.25,1.00
2015.10.26 09:27:41.364,2.26818,2.26918,1.75,1.84
2015.10.26 09:27:42.928,2.26826,2.26919,2.25,1.34
2015.10.26 09:27:43.426,2.26828,2.26919,1.75,1.00
2015.10.26 09:27:45.546,2.26831,2.26928,1.75,1.50
2015.10.26 09:27:46.849,2.26831,2.26918,1.75,1.00
2015.10.26 09:27:47.286,2.26831,2.26928,1.75,1.50
2015.10.26 09:27:47.875,2.26828,2.26918,1.75,1.00
2015.10.26 09:27:48.178,2.26823,2.26908,1.80,1.00
2015.10.26 09:27:48.531,2.26821,2.26908,1.75,1.00
2015.10.26 09:27:48.632,2.26826,2.26919,2.25,1.00
2015.10.26 09:27:49.271,2.26832,2.26927,1.75,1.09
2015.10.26 09:27:49.376,2.26832,2.26919,1.75,1.00
2015.10.26 09:27:51.116,2.26831,2.26908,1.75,1.00
2015.10.26 09:27:51.179,2.26832,2.26919,1.75,1.00
2015.10.26 09:27:51.357,2.26832,2.26908,1.75,1.00
2015.10.26 09:27:51.892,2.26825,2.26909,1.75,1.09
2015.10.26 09:27:52.928,2.2682,2.26909,1.75,1.09
2015.10.26 09:27:56.175,2.2682,2.26899,2.25,1.00
2015.10.26 09:27:56.679,2.26832,2.26908,1.00,1.00
2015.10.26 09:27:56.830,2.26833,2.26908,1.37,1.00
2015.10.26 09:27:56.881,2.26837,2.26918,1.75,1.00
2015.10.26 09:27:57.251,2.2684,2.26929,1.75,1.12
2015.10.26 09:27:57.301,2.26833,2.26918,1.80,1.00
2015.10.26 09:27:57.453,2.2683,2.26919,1.75,1.00
2015.10.26 09:27:57.554,2.2683,2.26919,1.75,1.34
2015.10.26 09:27:57.856,2.26825,2.26909,1.75,1.00
2015.10.26 09:27:58.108,2.26825,2.26918,1.75,1.34
2015.10.26 09:27:58.857,2.26826,2.26909,1.75,1.00
2015.10.26 09:27:59.211,2.26826,2.26918,2.25,1.34
2015.10.26 09:28:05.686,2.26825,2.26908,1.75,1.00
2015.10.26 09:28:06.436,2.26826,2.26919,1.75,1.34
2015.10.26 09:28:06.975,2.26825,2.26909,1.75,1.00
2015.10.26 09:28:07.351,2.26826,2.26918,1.75,1.34
2015.10.26 09:28:07.502,2.26826,2.26918,1.75,1.71
2015.10.26 09:28:07.553,2.26826,2.26909,1.75,1.00
2015.10.26 09:28:08.075,2.26825,2.26918,1.75,1.71
2015.10.26 09:28:11.219,2.26817,2.26908,1.75,1.00
2015.10.26 09:28:11.270,2.26813,2.26908,1.75,1.12
2015.10.26 09:28:12.076,2.26811,2.26898,1.75,1.00
2015.10.26 09:28:13.366,2.2681,2.26908,1.75,1.87
2015.10.26 09:28:18.114,2.26816,2.26898,1.75,1.00
2015.10.26 09:28:18.215,2.26816,2.26908,1.75,1.12
2015.10.26 09:28:18.316,2.26816,2.26899,2.25,1.00
2015.10.26 09:28:18.568,2.26819,2.26908,1.75,1.00
2015.10.26 09:28:19.202,2.26816,2.26899,1.75,1.00
2015.10.26 09:28:19.504,2.26808,2.26888,2.25,1.00
2015.10.26 09:28:20.375,2.26808,2.26878,1.75,1.00
2015.10.26 09:28:23.757,2.26808,2.26878,1.75,1.00
2015.10.26 09:28:23.808,2.268,2.26878,1.75,1.00
2015.10.26 09:28:25.524,2.26806,2.26878,2.25,1.00
2015.10.26 09:28:25.626,2.26807,2.26888,2.25,1.00
2015.10.26 09:28:26.030,2.26807,2.26879,1.75,1.00
2015.10.26 09:28:26.604,2.26808,2.26888,1.75,1.00
2015.10.26 09:28:28.150,2.26806,2.26898,2.25,1.00
2015.10.26 09:28:28.876,2.26807,2.26888,1.75,1.00
2015.10.26 09:28:35.119,2.26801,2.26888,1.75,1.00
2015.10.26 09:28:36.063,2.26796,2.26889,1.75,1.00
2015.10.26 09:28:36.165,2.26796,2.26879,1.75,1.00
2015.10.26 09:28:36.266,2.2679,2.26879,1.75,1.00
2015.10.26 09:28:36.368,2.2679,2.26888,1.75,1.75
2015.10.26 09:28:46.831,2.2679,2.26879,1.75,1.00
2015.10.26 09:28:48.566,2.26785,2.26878,1.75,1.00
2015.10.26 09:28:51.269,2.26785,2.26878,1.75,1.00
2015.10.26 09:28:52.857,2.26787,2.26889,1.75,1.75
2015.10.26 09:28:53.852,2.26793,2.26889,1.75,1.00
2015.10.26 09:28:55.277,2.26784,2.26878,2.55,1.00
2015.10.26 09:28:55.328,2.26781,2.26878,1.75,1.00
2015.10.26 09:28:55.529,2.26782,2.26868,1.75,1.00
2015.10.26 09:28:55.699,2.26781,2.26869,1.75,1.00
2015.10.26 09:28:55.850,2.26781,2.26878,1.75,1.75
2015.10.26 09:28:56.916,2.26789,2.26878,1.37,1.37
2015.10.26 09:28:56.967,2.26789,2.26879,1.75,1.00
2015.10.26 09:28:59.345,2.26788,2.26878,2.25,1.00
2015.10.26 09:29:00.005,2.26788,2.26879,2.25,1.00
2015.10.26 09:29:00.654,2.26788,2.26878,1.75,1.00
2015.10.26 09:29:02.095,2.26786,2.26869,1.75,1.00
2015.10.26 09:29:02.828,2.26782,2.26869,2.25,1.00
2015.10.26 09:29:02.879,2.26782,2.26869,2.25,1.00
2015.10.26 09:29:03.528,2.26779,2.26868,1.75,1.00
2015.10.26 09:29:04.183,2.26773,2.26859,1.75,1.00
2015.10.26 09:29:04.883,2.26774,2.26869,1.75,1.00
2015.10.26 09:29:06.078,2.26774,2.26868,1.75,1.00
2015.10.26 09:29:10.600,2.26781,2.26869,1.75,1.00
2015.10.26 09:29:11.335,2.26783,2.26879,1.37,1.75
2015.10.26 09:29:13.128,2.26782,2.26868,1.50,1.00
2015.10.26 09:29:13.666,2.26782,2.26869,1.50,1.00
2015.10.26 09:29:17.396,2.26784,2.26878,1.12,1.75
2015.10.26 09:29:18.364,2.26787,2.26878,1.37,1.37
2015.10.26 09:29:18.415,2.26779,2.26878,1.75,1.75
2015.10.26 09:29:18.616,2.26783,2.26878,1.37,1.75
2015.10.26 09:29:18.718,2.26781,2.26878,1.75,1.37
2015.10.26 09:29:19.548,2.26771,2.26859,1.75,1.00
2015.10.26 09:29:19.599,2.26777,2.26867,1.75,1.00
2015.10.26 09:29:19.650,2.26777,2.26869,1.75,1.12
2015.10.26 09:29:20.256,2.26785,2.26878,1.00,1.75
2015.10.26 09:29:20.358,2.26783,2.26878,1.12,1.75
2015.10.26 09:29:21.256,2.26786,2.26878,1.00,1.75
2015.10.26 09:29:21.405,2.26784,2.26878,1.00,1.75
2015.10.26 09:29:22.707,2.26785,2.26878,1.00,1.75
2015.10.26 09:29:23.391,2.26781,2.26878,1.50,1.75
2015.10.26 09:29:23.935,2.26772,2.26868,1.75,1.37
2015.10.26 09:29:24.036,2.26768,2.26868,1.75,1.75
2015.10.26 09:29:25.825,2.26767,2.26868,1.75,1.37
2015.10.26 09:29:26.276,2.26774,2.26869,1.75,1.12
2015.10.26 09:29:26.864,2.26776,2.26868,1.75,1.00
2015.10.26 09:29:27.547,2.26773,2.26869,2.25,1.12
2015.10.26 09:29:32.736,2.26784,2.26879,1.50,1.71
2015.10.26 09:29:32.787,2.26782,2.26878,2.25,1.46
2015.10.26 09:29:34.099,2.26773,2.26868,1.75,1.37
2015.10.26 09:29:34.151,2.26773,2.26869,1.75,1.50
2015.10.26 09:29:37.077,2.26784,2.26881,1.00,1.75
2015.10.26 09:29:37.179,2.26783,2.26884,1.75,1.50
2015.10.26 09:29:37.531,2.26784,2.26879,1.75,1.00
2015.10.26 09:29:39.082,2.2678,2.26883,1.75,1.37
2015.10.26 09:29:39.636,2.26784,2.26878,1.75,1.00
2015.10.26 09:29:39.788,2.26782,2.26878,1.75,1.75
2015.10.26 09:29:39.933,2.26782,2.26869,1.75,1.00
2015.10.26 09:29:40.990,2.26779,2.26879,1.75,1.75
2015.10.26 09:29:41.242,2.26779,2.26879,2.25,1.37
2015.10.26 09:29:41.293,2.26779,2.26879,3.30,1.00
2015.10.26 09:29:42.637,2.2678,2.26883,1.75,1.37
2015.10.26 09:29:42.823,2.2678,2.26879,1.75,1.00
2015.10.26 09:29:43.398,2.26779,2.26878,2.55,1.00
2015.10.26 09:29:44.412,2.26779,2.26877,2.55,1.00
2015.10.26 09:29:45.465,2.26792,2.26877,1.75,1.00
2015.10.26 09:29:45.516,2.26792,2.26889,1.75,1.00
2015.10.26 09:29:46.060,2.26791,2.26888,1.75,1.50
2015.10.26 09:29:47.931,2.26791,2.26886,1.75,1.00
2015.10.26 09:29:48.183,2.26778,2.26878,2.25,1.00
2015.10.26 09:29:48.234,2.26778,2.26875,2.25,1.00
2015.10.26 09:29:49.018,2.26778,2.26874,1.75,1.00
2015.10.26 09:29:51.328,2.26778,2.26878,1.75,1.00
2015.10.26 09:29:52.364,2.26778,2.26878,1.75,1.37
2015.10.26 09:29:52.415,2.26779,2.26873,1.75,1.75
2015.10.26 09:29:52.566,2.26779,2.26879,1.75,1.37
2015.10.26 09:29:52.617,2.26778,2.26876,1.75,1.00
2015.10.26 09:29:52.732,2.26779,2.26879,1.75,1.12
2015.10.26 09:29:53.396,2.26791,2.26884,1.00,1.75
2015.10.26 09:29:54.153,2.26779,2.26874,1.75,1.00
2015.10.26 09:29:54.455,2.26779,2.26868,1.75,1.00
2015.10.26 09:29:55.004,2.26768,2.26868,1.75,1.87
2015.10.26 09:30:04.411,2.26766,2.26866,2.25,1.00
2015.10.26 09:30:04.512,2.26766,2.26871,2.25,1.75
2015.10.26 09:30:04.613,2.26766,2.26866,2.25,1.00
2015.10.26 09:30:05.230,2.26766,2.26864,2.25,1.00
2015.10.26 09:30:06.934,2.26767,2.26861,2.25,1.00
2015.10.26 09:30:07.250,2.26769,2.26864,1.75,1.00
2015.10.26 09:30:08.540,2.26775,2.26868,1.75,1.12
2015.10.26 09:30:11.635,2.26773,2.2687,1.75,1.75
2015.10.26 09:30:11.686,2.26767,2.26864,2.25,1.37
2015.10.26 09:30:11.787,2.26766,2.26861,1.75,1.00
2015.10.26 09:30:12.093,2.26765,2.26859,1.75,1.00
2015.10.26 09:30:12.244,2.26765,2.26855,1.50,1.37
2015.10.26 09:30:21.190,2.26758,2.2685,1.75,1.00
2015.10.26 09:30:30.479,2.26754,2.26854,1.75,1.12
2015.10.26 09:30:32.287,2.26757,2.26854,1.75,1.37
2015.10.26 09:30:32.388,2.26756,2.26854,1.75,1.75
2015.10.26 09:30:33.403,2.26756,2.26854,1.75,1.75
2015.10.26 09:30:33.504,2.26756,2.26852,1.75,1.12
2015.10.26 09:30:34.758,2.26759,2.2685,1.75,1.00
2015.10.26 09:30:35.060,2.26759,2.26853,1.75,1.37
2015.10.26 09:30:35.386,2.26759,2.2685,1.75,1.00
2015.10.26 09:30:36.178,2.26759,2.26858,1.75,1.75
2015.10.26 09:30:41.467,2.26768,2.26863,1.00,1.75
2015.10.26 09:30:41.619,2.26767,2.26866,1.75,1.75
2015.10.26 09:30:42.335,2.26763,2.26859,1.75,1.00
2015.10.26 09:30:42.923,2.26761,2.26858,2.25,1.00
2015.10.26 09:30:43.600,2.26766,2.26859,1.75,1.00
2015.10.26 09:30:43.925,2.26771,2.26859,1.80,1.00
2015.10.26 09:30:44.026,2.26771,2.26866,1.80,1.00
2015.10.26 09:30:44.077,2.26779,2.26868,1.75,1.00
2015.10.26 09:30:44.640,2.26779,2.26869,1.75,1.50
2015.10.26 09:30:47.242,2.26779,2.26868,1.75,1.00
2015.10.26 09:30:47.988,2.26771,2.26864,1.80,1.00
2015.10.26 09:30:48.139,2.26769,2.26849,1.37,1.34
2015.10.26 09:30:48.291,2.26764,2.26856,1.75,1.09
2015.10.26 09:30:48.810,2.26764,2.26852,1.75,1.00
2015.10.26 09:30:50.059,2.26765,2.26849,1.75,1.34
2015.10.26 09:30:50.479,2.26751,2.26839,1.75,1.09
2015.10.26 09:30:50.630,2.26751,2.26829,1.75,1.00
2015.10.26 09:30:52.456,2.26751,2.26828,1.75,1.00
2015.10.26 09:30:53.125,2.26751,2.26829,2.25,1.00
2015.10.26 09:30:54.342,2.26752,2.26838,1.75,1.00
2015.10.26 09:30:55.793,2.26751,2.26838,1.75,1.34
2015.10.26 09:30:55.844,2.26751,2.26838,1.12,1.71
2015.10.26 09:30:56.047,2.2675,2.26834,1.37,1.09
2015.10.26 09:30:56.595,2.26752,2.26839,1.00,2.59
2015.10.26 09:30:57.484,2.26752,2.26838,1.37,1.71
2015.10.26 09:30:57.802,2.26757,2.26839,1.75,1.34
2015.10.26 09:30:58.034,2.26753,2.26839,1.75,1.00
2015.10.26 09:30:58.085,2.26753,2.26844,1.75,1.00
2015.10.26 09:30:58.968,2.26755,2.26846,1.75,1.37
2015.10.26 09:31:01.054,2.2676,2.26847,1.75,1.00
2015.10.26 09:31:01.877,2.26761,2.26848,1.75,1.00
2015.10.26 09:31:02.470,2.26759,2.26849,1.75,1.00
2015.10.26 09:31:04.700,2.26765,2.26853,1.75,1.00
2015.10.26 09:31:05.306,2.26767,2.26855,1.50,1.12
2015.10.26 09:31:15.585,2.26766,2.26848,1.75,1.00
2015.10.26 09:31:15.914,2.26765,2.26851,1.75,1.00
2015.10.26 09:31:16.104,2.26765,2.26849,1.75,1.00
2015.10.26 09:31:16.324,2.26765,2.26851,1.75,1.00
2015.10.26 09:31:16.782,2.26765,2.26856,1.75,1.37
2015.10.26 09:31:18.774,2.26769,2.26859,1.37,1.46
2015.10.26 09:31:19.328,2.26776,2.26862,1.75,1.00
2015.10.26 09:31:20.427,2.26775,2.26863,1.75,1.09
2015.10.26 09:31:20.477,2.26775,2.26861,1.75,1.00
2015.10.26 09:31:20.809,2.26773,2.26859,1.75,1.50
2015.10.26 09:31:21.162,2.26771,2.26855,1.75,1.00
2015.10.26 09:31:21.744,2.2677,2.26867,1.75,1.84
2015.10.26 09:31:22.118,2.2677,2.26854,1.75,1.00
2015.10.26 09:31:22.371,2.26766,2.26854,1.75,1.34
2015.10.26 09:31:22.623,2.26762,2.26845,1.75,1.00
2015.10.26 09:31:23.172,2.2676,2.26846,1.75,1.00
2015.10.26 09:31:23.643,2.2676,2.26844,1.75,1.00
2015.10.26 09:31:24.114,2.2676,2.26844,1.75,1.00
2015.10.26 09:31:24.517,2.26754,2.26845,1.75,1.00
2015.10.26 09:31:24.657,2.26754,2.26841,1.75,1.00
2015.10.26 09:31:25.162,2.26753,2.26839,1.75,1.00
2015.10.26 09:31:25.828,2.26753,2.26838,1.75,1.00
2015.10.26 09:31:26.580,2.26753,2.26837,1.75,1.00
2015.10.26 09:31:27.467,2.26752,2.26836,1.75,1.00
2015.10.26 09:31:28.530,2.26753,2.26838,1.75,1.00
2015.10.26 09:31:28.672,2.26753,2.26836,1.75,1.00
2015.10.26 09:31:29.186,2.26754,2.26838,1.75,1.00
2015.10.26 09:31:29.956,2.26753,2.26849,1.75,1.09
2015.10.26 09:31:30.161,2.26753,2.26841,1.75,1.00
2015.10.26 09:31:30.653,2.26753,2.26836,1.75,1.00
2015.10.26 09:31:31.195,2.26754,2.26839,1.75,1.00
2015.10.26 09:31:32.093,2.26754,2.26837,1.75,1.00
2015.10.26 09:31:32.816,2.26754,2.26838,1.75,1.00
2015.10.26 09:31:33.856,2.26754,2.26837,1.75,1.00
2015.10.26 09:31:34.723,2.26754,2.26836,1.75,1.00
2015.10.26 09:31:35.491,2.26756,2.26837,1.75,1.00
2015.10.26 09:31:35.815,2.26766,2.26851,1.75,1.34
2015.10.26 09:31:36.031,2.26766,2.26852,1.75,1.00
2015.10.26 09:31:36.234,2.26766,2.26859,1.75,1.71
2015.10.26 09:31:36.713,2.26767,2.26852,1.75,1.00
2015.10.26 09:31:37.333,2.26767,2.26851,1.75,1.00
2015.10.26 09:31:37.941,2.26767,2.26849,1.75,1.00
2015.10.26 09:31:38.945,2.26767,2.2685,1.75,1.00
2015.10.26 09:31:39.497,2.26768,2.26849,1.75,1.00
2015.10.26 09:31:39.724,2.26768,2.26851,1.75,1.00
2015.10.26 09:31:40.267,2.26766,2.2685,1.75,1.00
2015.10.26 09:31:40.730,2.26761,2.26848,1.75,1.00
2015.10.26 09:31:41.532,2.2676,2.26849,1.75,1.00
2015.10.26 09:31:45.539,2.26766,2.2685,1.75,1.00
2015.10.26 09:31:46.539,2.26769,2.26851,1.75,1.00
2015.10.26 09:31:47.126,2.26768,2.2685,1.75,1.00
2015.10.26 09:31:47.898,2.26766,2.26848,1.75,1.00
2015.10.26 09:31:48.431,2.26762,2.26849,1.75,1.00
2015.10.26 09:31:49.052,2.26762,2.26848,1.75,1.00
2015.10.26 09:31:49.708,2.26762,2.26849,1.75,1.00
2015.10.26 09:31:50.507,2.26762,2.26847,1.75,1.00
2015.10.26 09:31:50.759,2.26762,2.26847,1.75,1.00
2015.10.26 09:31:51.014,2.26758,2.26849,1.75,1.00
2015.10.26 09:31:51.533,2.26754,2.2685,2.25,1.12
2015.10.26 09:31:51.634,2.26754,2.26849,1.12,1.75
2015.10.26 09:32:01.665,2.26756,2.26843,1.00,1.75
2015.10.26 09:32:02.539,2.26754,2.26843,1.12,1.75
2015.10.26 09:32:02.649,2.26756,2.26843,1.00,1.75
2015.10.26 09:32:07.047,2.26746,2.26838,1.75,1.12
2015.10.26 09:32:07.299,2.26743,2.26834,1.75,1.00
2015.10.26 09:32:07.913,2.26742,2.26833,1.75,1.00
2015.10.26 09:32:08.358,2.26735,2.26825,1.87,1.75
2015.10.26 09:32:08.903,2.26736,2.26826,1.00,1.75
2015.10.26 09:32:09.408,2.2673,2.26823,1.75,1.50
2015.10.26 09:32:09.865,2.26735,2.26816,1.12,1.00
2015.10.26 09:32:10.302,2.26731,2.2682,1.75,1.00
2015.10.26 09:32:10.805,2.2673,2.26821,1.75,1.12
2015.10.26 09:32:11.401,2.26731,2.26817,1.75,1.00
2015.10.26 09:32:12.052,2.26729,2.26815,1.75,1.00
2015.10.26 09:32:12.599,2.26729,2.26816,1.75,1.00
2015.10.26 09:32:13.517,2.26729,2.26815,1.75,1.00
2015.10.26 09:32:14.221,2.26729,2.26816,1.75,1.00
2015.10.26 09:32:16.377,2.26742,2.26816,1.00,1.00
2015.10.26 09:32:16.531,2.26743,2.26821,1.75,1.00
2015.10.26 09:32:17.020,2.26745,2.26833,1.37,1.09
2015.10.26 09:32:18.255,2.26746,2.26826,1.12,1.00
2015.10.26 09:32:18.457,2.26746,2.26832,1.12,1.37
2015.10.26 09:32:22.192,2.26747,2.26832,1.00,1.37
2015.10.26 09:32:23.695,2.26746,2.26832,1.12,1.37
2015.10.26 09:32:24.276,2.26745,2.26828,1.37,1.00
2015.10.26 09:32:26.159,2.26745,2.26831,1.37,1.12
2015.10.26 09:32:31.661,2.26746,2.26831,1.37,1.00
2015.10.26 09:32:31.979,2.26762,2.26843,1.00,1.09
2015.10.26 09:32:32.131,2.26758,2.26843,1.00,1.09
2015.10.26 09:32:32.934,2.26755,2.26842,1.50,1.71
2015.10.26 09:32:34.275,2.26741,2.26835,1.75,1.09
2015.10.26 09:32:37.772,2.26752,2.26842,1.37,1.75
2015.10.26 09:32:37.822,2.26752,2.26845,1.75,2.25
2015.10.26 09:32:39.283,2.26746,2.26839,1.75,1.00
2015.10.26 09:32:39.876,2.26744,2.26838,1.75,1.00
2015.10.26 09:32:40.383,2.26745,2.26839,1.75,1.00
2015.10.26 09:32:41.397,2.26745,2.26838,1.75,1.00
2015.10.26 09:32:43.971,2.26743,2.26839,1.75,1.00
2015.10.26 09:32:44.191,2.26743,2.26837,1.75,1.00
2015.10.26 09:32:46.217,2.26742,2.26836,1.75,1.00
2015.10.26 09:32:46.984,2.26742,2.26835,1.75,1.00
2015.10.26 09:32:47.604,2.26742,2.26836,1.75,1.00
2015.10.26 09:32:48.889,2.26742,2.26836,2.25,1.37
2015.10.26 09:32:48.940,2.26742,2.26836,2.25,1.75
2015.10.26 09:33:00.885,2.26746,2.2684,1.00,2.25
2015.10.26 09:33:01.589,2.26747,2.26841,1.00,3.00
2015.10.26 09:33:03.353,2.26746,2.26838,1.00,1.75
2015.10.26 09:33:03.951,2.26747,2.2684,1.00,1.75
2015.10.26 09:33:04.204,2.26744,2.26837,1.37,1.75
2015.10.26 09:33:04.305,2.26743,2.26836,1.50,1.75
2015.10.26 09:33:04.939,2.26744,2.26834,1.75,1.75
2015.10.26 09:33:05.142,2.26738,2.26829,1.75,1.00
2015.10.26 09:33:05.445,2.26735,2.26827,1.75,1.00
2015.10.26 09:33:05.748,2.26734,2.26827,1.75,1.75
2015.10.26 09:33:06.562,2.26734,2.26825,1.75,1.09
2015.10.26 09:33:07.533,2.26732,2.26823,1.75,1.12
2015.10.26 09:33:08.510,2.26738,2.2683,1.00,1.75
2015.10.26 09:33:09.014,2.26739,2.26834,1.00,1.75
2015.10.26 09:33:09.892,2.26738,2.26834,1.00,1.75
2015.10.26 09:33:10.544,2.26739,2.26831,1.00,1.75
2015.10.26 09:33:11.091,2.26738,2.26831,1.00,1.75
2015.10.26 09:33:11.678,2.26737,2.26831,1.12,1.75
2015.10.26 09:33:22.427,2.26729,2.26826,1.75,1.75
2015.10.26 09:33:40.623,2.26732,2.26825,1.00,1.75
2015.10.26 09:33:40.960,2.26722,2.26818,1.37,2.25
2015.10.26 09:33:53.052,2.26715,2.26806,1.00,1.75
2015.10.26 09:33:53.107,2.26712,2.26806,1.37,1.75
2015.10.26 09:33:54.808,2.26719,2.26808,1.00,1.75
2015.10.26 09:33:54.960,2.26722,2.26814,1.75,1.50
2015.10.26 09:33:57.869,2.26712,2.2681,2.25,1.50
2015.10.26 09:33:58.200,2.26713,2.26809,1.75,1.84
2015.10.26 09:34:11.705,2.26717,2.26808,1.00,1.75
2015.10.26 09:34:12.025,2.26721,2.26815,1.00,1.75
2015.10.26 09:34:12.557,2.26722,2.26815,1.00,2.25
2015.10.26 09:34:13.721,2.26715,2.26812,1.75,1.75
2015.10.26 09:34:14.448,2.2672,2.26808,1.00,1.75
2015.10.26 09:34:14.853,2.26722,2.26815,1.00,1.75
2015.10.26 09:34:15.619,2.2672,2.26816,1.00,3.00
2015.10.26 09:34:16.124,2.26718,2.26813,1.37,1.75
2015.10.26 09:34:16.630,2.2672,2.26816,1.00,2.25
2015.10.26 09:34:17.240,2.26722,2.26816,1.00,1.75
2015.10.26 09:34:17.391,2.2672,2.26816,1.00,2.25
2015.10.26 09:34:18.278,2.26724,2.26817,1.00,2.25
2015.10.26 09:34:18.480,2.26721,2.26817,1.00,1.75
2015.10.26 09:34:18.993,2.2672,2.26815,1.00,1.75
2015.10.26 09:34:21.585,2.26721,2.26816,1.00,1.75
2015.10.26 09:34:21.690,2.26724,2.26817,1.00,1.75
2015.10.26 09:34:21.993,2.26727,2.26821,1.37,1.09
2015.10.26 09:34:22.044,2.26727,2.26821,1.37,1.09
2015.10.26 09:34:24.973,2.26729,2.26821,1.00,1.09
2015.10.26 09:34:27.427,2.26728,2.26821,1.12,1.09
2015.10.26 09:34:30.113,2.26732,2.26817,1.00,1.75
2015.10.26 09:34:30.366,2.26722,2.26817,1.75,1.75
2015.10.26 09:34:31.333,2.26729,2.26827,1.00,2.25
2015.10.26 09:34:33.321,2.2673,2.26828,1.00,2.25
2015.10.26 09:34:33.422,2.26733,2.26827,1.00,1.75
2015.10.26 09:34:33.472,2.26733,2.26827,1.75,1.75
2015.10.26 09:34:33.976,2.2674,2.26834,1.00,1.09
2015.10.26 09:34:37.180,2.26742,2.26838,1.75,2.25
2015.10.26 09:34:40.955,2.26753,2.26845,1.37,1.37
2015.10.26 09:34:41.005,2.26754,2.26845,1.75,1.00
2015.10.26 09:34:41.207,2.26756,2.2685,1.75,1.09
2015.10.26 09:34:52.663,2.26764,2.26858,1.00,1.75
2015.10.26 09:34:53.041,2.26773,2.26868,1.37,1.75
2015.10.26 09:35:04.000,2.26773,2.26868,1.37,1.50
2015.10.26 09:35:04.051,2.26776,2.26872,1.75,1.75
2015.10.26 09:35:05.333,2.26771,2.26863,1.75,1.00
2015.10.26 09:35:05.639,2.26764,2.26861,1.80,1.00
2015.10.26 09:35:06.636,2.26766,2.26865,1.75,1.00
2015.10.26 09:35:06.838,2.26767,2.26867,1.75,1.50
2015.10.26 09:35:07.349,2.26773,2.26871,1.75,1.75
2015.10.26 09:35:13.566,2.26782,2.26877,1.37,1.37
2015.10.26 09:35:13.667,2.26782,2.26877,2.25,1.00
2015.10.26 09:35:14.027,2.26792,2.26888,1.71,3.75
2015.10.26 09:35:29.235,2.26791,2.26879,1.09,1.00
2015.10.26 09:35:29.285,2.26788,2.26879,1.75,1.00
2015.10.26 09:35:29.436,2.26779,2.26876,2.25,1.00
2015.10.26 09:35:29.688,2.26775,2.26872,2.25,1.75
2015.10.26 09:35:40.985,2.26786,2.26872,1.00,1.75
2015.10.26 09:35:41.187,2.2679,2.26878,1.75,1.12
2015.10.26 09:35:41.739,2.26793,2.26889,1.87,1.84
2015.10.26 09:35:41.789,2.26793,2.26889,2.25,1.12
2015.10.26 09:35:42.843,2.26797,2.26891,1.37,1.50
2015.10.26 09:35:42.894,2.26797,2.26891,1.00,1.75
2015.10.26 09:35:44.466,2.26796,2.26897,1.50,3.00
2015.10.26 09:35:45.267,2.26798,2.26896,1.00,2.25
2015.10.26 09:35:45.941,2.26797,2.26896,1.00,2.25
2015.10.26 09:35:46.970,2.26798,2.26896,1.00,2.25
2015.10.26 09:35:47.173,2.26796,2.26896,1.50,2.25
2015.10.26 09:35:48.212,2.26793,2.26892,1.37,1.75
2015.10.26 09:35:51.130,2.26795,2.26895,1.00,1.75
2015.10.26 09:35:51.731,2.26796,2.26895,1.00,1.75
2015.10.26 09:35:52.285,2.26797,2.26895,1.00,1.75
2015.10.26 09:35:52.807,2.26796,2.26895,1.00,1.75
2015.10.26 09:35:53.178,2.26797,2.26894,1.87,1.50
2015.10.26 09:35:53.229,2.26799,2.26896,1.75,1.50
2015.10.26 09:36:00.108,2.26808,2.26904,1.00,3.00
2015.10.26 09:36:00.159,2.2681,2.2691,1.75,2.25
2015.10.26 09:36:09.820,2.26809,2.26908,1.37,1.75
2015.10.26 09:36:09.921,2.26809,2.26908,1.00,1.75
2015.10.26 09:36:10.872,2.26804,2.26901,1.75,1.75
2015.10.26 09:36:11.567,2.26811,2.26901,1.00,1.75
2015.10.26 09:36:11.668,2.26804,2.26901,1.75,1.75
2015.10.26 09:36:29.333,2.26802,2.26896,1.37,1.75
2015.10.26 09:36:29.384,2.26803,2.26898,1.00,1.75
2015.10.26 09:36:29.934,2.26802,2.26897,1.00,1.75
2015.10.26 09:36:32.473,2.26801,2.26899,1.00,1.75
2015.10.26 09:36:32.989,2.268,2.26897,1.00,1.75
2015.10.26 09:36:34.129,2.26802,2.26897,1.00,1.75
2015.10.26 09:36:34.181,2.268,2.26896,1.00,1.75
2015.10.26 09:36:34.449,2.268,2.26896,1.75,1.75
2015.10.26 09:36:44.950,2.26812,2.26906,1.00,1.75
2015.10.26 09:36:45.202,2.26824,2.26922,1.37,1.75
2015.10.26 09:36:45.253,2.26829,2.26923,1.00,1.75
2015.10.26 09:36:45.404,2.26834,2.26929,1.00,1.75
2015.10.26 09:36:45.959,2.26837,2.26934,1.75,1.37
2015.10.26 09:36:46.010,2.26837,2.26934,1.75,1.00
2015.10.26 09:36:46.161,2.26834,2.26934,1.09,1.87
2015.10.26 09:36:46.211,2.26834,2.26933,1.09,1.75
2015.10.26 09:36:48.369,2.26828,2.26925,1.75,1.00
2015.10.26 09:36:48.672,2.26829,2.26923,1.75,1.00
2015.10.26 09:36:48.723,2.26829,2.26925,1.75,1.00
2015.10.26 09:36:49.332,2.26829,2.26926,1.75,1.50
2015.10.26 09:36:49.879,2.26833,2.2693,1.75,2.25
2015.10.26 09:36:52.776,2.26827,2.26926,2.25,1.00
2015.10.26 09:36:53.336,2.26829,2.26927,1.75,1.12
2015.10.26 09:36:58.506,2.26829,2.26926,1.75,1.00
2015.10.26 09:36:59.010,2.26833,2.26933,1.75,1.75
2015.10.26 09:36:59.314,2.26842,2.26941,1.75,1.75
2015.10.26 09:37:05.369,2.26859,2.26955,1.00,1.80
2015.10.26 09:37:05.419,2.26859,2.26956,1.75,1.75
2015.10.26 09:37:05.773,2.26867,2.26964,1.00,1.75
2015.10.26 09:37:05.823,2.26867,2.26964,1.75,1.75
2015.10.26 09:37:08.861,2.2687,2.26946,1.75,1.00
2015.10.26 09:37:13.065,2.26869,2.26947,1.75,1.00
2015.10.26 09:37:14.558,2.26881,2.26947,1.00,1.00
2015.10.26 09:37:15.137,2.26882,2.26947,1.00,1.00
2015.10.26 09:37:15.481,2.26891,2.26947,1.00,1.00
2015.10.26 09:37:15.582,2.26882,2.26947,1.00,1.00
2015.10.26 09:37:17.088,2.26891,2.26947,1.00,1.00
2015.10.26 09:37:17.551,2.26882,2.26946,1.00,1.00
2015.10.26 09:37:22.381,2.26881,2.26946,1.00,1.00
2015.10.26 09:37:22.432,2.26881,2.26956,1.00,1.00
2015.10.26 09:37:22.938,2.26892,2.26956,1.00,1.00
2015.10.26 09:37:23.374,2.26902,2.26956,1.00,1.00
2015.10.26 09:37:23.425,2.26902,2.26967,1.00,1.75
2015.10.26 09:37:23.814,2.26902,2.26967,1.00,1.00
2015.10.26 09:37:24.168,2.26911,2.26967,1.00,1.00
2015.10.26 09:37:24.601,2.26902,2.26967,1.00,1.00
2015.10.26 09:37:24.998,2.26902,2.26957,1.00,1.00
2015.10.26 09:37:27.571,2.26901,2.26957,1.00,1.00
2015.10.26 09:37:28.077,2.26901,2.26956,1.00,1.00
2015.10.26 09:37:28.685,2.26902,2.26956,1.00,1.00
2015.10.26 09:37:29.232,2.26901,2.26956,1.00,1.00
2015.10.26 09:37:33.501,2.26902,2.26967,1.00,1.00
2015.10.26 09:37:34.516,2.26902,2.26966,1.00,1.00
2015.10.26 09:37:35.828,2.26902,2.26956,1.00,1.00
2015.10.26 09:37:36.331,2.26901,2.26956,1.00,1.00
2015.10.26 09:37:37.425,2.26892,2.26967,1.00,1.00
2015.10.26 09:37:38.538,2.26902,2.26967,1.00,1.00
2015.10.26 09:37:41.403,2.26901,2.26967,1.00,1.00
2015.10.26 09:37:41.996,2.26902,2.26967,1.00,1.00
2015.10.26 09:37:44.827,2.26901,2.26967,1.00,1.00
2015.10.26 09:37:45.621,2.26902,2.26967,1.00,1.00
2015.10.26 09:37:46.493,2.26901,2.26967,1.00,1.00
2015.10.26 09:37:47.151,2.26902,2.26967,1.00,1.00
2015.10.26 09:37:47.997,2.26901,2.26967,1.00,1.00
2015.10.26 09:37:48.633,2.26901,2.26966,1.00,1.00
2015.10.26 09:37:49.869,2.26902,2.26966,1.00,1.00
2015.10.26 09:37:51.397,2.26901,2.26966,1.00,1.00
2015.10.26 09:37:54.055,2.26912,2.26966,1.00,1.00
2015.10.26 09:37:56.510,2.26911,2.26966,1.00,1.00
2015.10.26 09:37:57.021,2.26911,2.26967,1.00,1.00
2015.10.26 09:37:58.559,2.26912,2.26967,1.00,1.00
2015.10.26 09:38:01.789,2.26901,2.26966,1.00,1.00
2015.10.26 09:38:05.313,2.26911,2.26966,1.00,1.00
2015.10.26 09:38:07.190,2.26901,2.26966,1.00,1.00
2015.10.26 09:38:07.922,2.26902,2.26966,1.00,1.00
2015.10.26 09:38:07.973,2.26902,2.26956,1.00,1.00
2015.10.26 09:38:08.697,2.26901,2.26956,1.00,1.00
2015.10.26 09:38:09.136,2.26901,2.26966,1.00,1.00
2015.10.26 09:38:13.517,2.26912,2.26966,1.00,1.00
2015.10.26 09:38:20.177,2.26911,2.26966,1.00,1.00
2015.10.26 09:38:21.369,2.26912,2.26976,1.00,1.00
2015.10.26 09:38:21.995,2.26911,2.26976,1.00,1.00
2015.10.26 09:38:22.573,2.26912,2.26976,1.00,1.00
2015.10.26 09:38:23.793,2.26912,2.26977,1.00,1.00
2015.10.26 09:38:24.627,2.26904,2.26977,1.00,1.00
2015.10.26 09:38:24.879,2.26912,2.26977,1.00,1.00
2015.10.26 09:38:26.888,2.26911,2.26977,1.00,1.00
2015.10.26 09:38:27.393,2.26912,2.26976,1.00,1.00
2015.10.26 09:38:27.933,2.26911,2.26976,1.00,1.00
2015.10.26 09:38:29.831,2.26912,2.26976,1.00,1.00
2015.10.26 09:38:30.255,2.26922,2.26976,1.00,1.00
2015.10.26 09:38:30.305,2.26922,2.26986,1.00,1.00
2015.10.26 09:38:30.507,2.26922,2.26997,1.00,1.00
2015.10.26 09:38:31.012,2.26921,2.26997,1.00,1.00
2015.10.26 09:38:31.638,2.26921,2.26986,1.00,1.00
2015.10.26 09:38:31.942,2.26921,2.26976,1.00,1.00
2015.10.26 09:38:32.143,2.26914,2.26976,1.75,1.00
2015.10.26 09:38:32.596,2.26912,2.26966,1.75,1.00
2015.10.26 09:38:32.697,2.26912,2.26966,1.00,1.00
2015.10.26 09:38:33.205,2.26912,2.26967,1.00,1.00
2015.10.26 09:38:33.858,2.26912,2.26966,1.00,1.00
2015.10.26 09:38:33.909,2.26912,2.26977,1.00,1.00
2015.10.26 09:38:35.232,2.26913,2.26976,1.75,1.00
2015.10.26 09:38:35.738,2.26913,2.26977,1.75,1.00
2015.10.26 09:38:37.636,2.26912,2.26976,1.75,1.00
2015.10.26 09:38:38.344,2.26912,2.26977,1.75,1.00
2015.10.26 09:38:38.947,2.26922,2.26977,1.00,1.00
2015.10.26 09:38:39.099,2.26922,2.26986,1.00,1.00
2015.10.26 09:38:40.404,2.26921,2.26986,1.00,1.00
2015.10.26 09:38:40.505,2.26931,2.26986,1.00,1.00
2015.10.26 09:38:41.060,2.26931,2.26996,1.00,1.00
2015.10.26 09:38:41.507,2.26941,2.27006,1.00,1.00
2015.10.26 09:38:41.910,2.26932,2.27007,1.12,1.00
2015.10.26 09:38:42.061,2.26932,2.26997,1.12,1.00
2015.10.26 09:38:42.719,2.26941,2.26997,1.00,1.00
2015.10.26 09:38:42.918,2.26931,2.26997,1.00,1.00
2015.10.26 09:38:44.766,2.26931,2.26997,1.34,1.00
2015.10.26 09:38:44.917,2.26942,2.27007,1.00,1.00
2015.10.26 09:38:45.421,2.26941,2.27007,1.09,1.00
2015.10.26 09:38:47.295,2.26942,2.27007,1.00,1.00
2015.10.26 09:38:47.960,2.26942,2.27006,1.00,1.00
2015.10.26 09:38:51.714,2.26951,2.27006,1.00,1.00
2015.10.26 09:38:52.065,2.26942,2.27006,1.00,1.00
2015.10.26 09:38:53.115,2.26941,2.27006,1.09,1.00
2015.10.26 09:38:54.222,2.26942,2.27006,1.00,1.00
2015.10.26 09:38:56.372,2.26921,2.26987,3.00,1.00
2015.10.26 09:38:56.727,2.26921,2.26986,1.00,1.00
2015.10.26 09:38:56.778,2.26921,2.26977,1.00,1.00
2015.10.26 09:38:56.880,2.26912,2.26977,1.37,1.00
2015.10.26 09:38:56.981,2.26922,2.26977,1.00,1.00
2015.10.26 09:38:57.133,2.26921,2.26986,1.00,1.00
2015.10.26 09:38:57.597,2.26922,2.26997,1.37,1.00
2015.10.26 09:38:57.651,2.26921,2.26986,1.37,1.00
2015.10.26 09:38:58.340,2.26922,2.26976,1.00,1.00
2015.10.26 09:39:00.650,2.26922,2.26977,1.00,1.00
2015.10.26 09:39:01.155,2.26921,2.26977,1.00,1.00
2015.10.26 09:39:01.362,2.26921,2.26987,1.00,1.00
2015.10.26 09:39:01.586,2.26931,2.26986,1.00,1.00
2015.10.26 09:39:01.854,2.26922,2.26986,1.00,1.00
2015.10.26 09:39:02.361,2.26931,2.26986,1.00,1.00
2015.10.26 09:39:02.467,2.26921,2.26987,1.00,1.00
2015.10.26 09:39:02.517,2.26921,2.26977,1.00,1.00
2015.10.26 09:39:02.626,2.26911,2.26977,1.50,1.00
2015.10.26 09:39:03.794,2.26912,2.26977,1.00,1.00
2015.10.26 09:39:06.337,2.26912,2.26976,1.00,1.00
2015.10.26 09:39:07.632,2.26912,2.26977,1.00,1.00
2015.10.26 09:39:08.277,2.26911,2.26977,1.00,1.00
2015.10.26 09:39:10.095,2.26911,2.26976,1.00,1.00
2015.10.26 09:39:10.197,2.26922,2.26976,1.00,1.00
2015.10.26 09:39:11.815,2.26921,2.26976,1.00,1.00
2015.10.26 09:39:13.383,2.26922,2.26976,1.00,1.00
2015.10.26 09:39:23.036,2.26911,2.26976,1.00,1.00
2015.10.26 09:39:23.835,2.26921,2.26976,1.00,1.00
2015.10.26 09:39:23.937,2.26921,2.26987,1.00,1.00
2015.10.26 09:39:24.594,2.26922,2.26987,1.00,1.00
2015.10.26 09:39:25.585,2.26931,2.26986,1.00,1.00
2015.10.26 09:39:25.736,2.26931,2.26996,1.00,1.00
2015.10.26 09:39:26.156,2.26942,2.26996,1.00,1.00
2015.10.26 09:39:27.348,2.26941,2.26996,1.00,1.00
2015.10.26 09:39:28.345,2.26941,2.26986,1.00,1.00
2015.10.26 09:39:28.396,2.26922,2.26986,1.00,1.00
2015.10.26 09:39:28.904,2.26922,2.26987,1.00,1.00
2015.10.26 09:39:29.205,2.26932,2.26987,1.00,1.00
2015.10.26 09:39:30.258,2.26932,2.26986,1.00,1.00
2015.10.26 09:39:31.676,2.26931,2.26986,1.00,1.00
2015.10.26 09:39:32.181,2.26932,2.26987,1.00,1.00
2015.10.26 09:39:33.438,2.26931,2.26996,1.00,1.00
2015.10.26 09:39:35.451,2.26932,2.26996,1.00,1.00
2015.10.26 09:39:35.502,2.26941,2.26986,1.00,1.00
2015.10.26 09:39:35.603,2.26932,2.26986,1.00,1.00
2015.10.26 09:39:35.754,2.26931,2.26977,1.00,1.00
2015.10.26 09:39:35.805,2.26922,2.26977,1.00,1.00
2015.10.26 09:39:36.379,2.26922,2.26976,1.00,1.00
2015.10.26 09:39:36.884,2.26922,2.26967,1.00,1.00
2015.10.26 09:39:38.444,2.26921,2.26967,1.00,1.00
2015.10.26 09:39:38.696,2.26911,2.26967,1.00,1.00
2015.10.26 09:39:39.205,2.26911,2.26966,1.00,1.00
2015.10.26 09:39:39.255,2.26911,2.26956,1.00,1.00
2015.10.26 09:39:40.417,2.26912,2.26956,1.00,1.00
2015.10.26 09:39:41.572,2.26901,2.26966,1.00,1.00
2015.10.26 09:39:41.754,2.26901,2.26956,1.00,1.00
2015.10.26 09:39:42.084,2.26912,2.26957,1.00,1.00
2015.10.26 09:39:42.341,2.26912,2.26967,1.00,1.00
2015.10.26 09:39:43.228,2.26912,2.26976,1.00,1.00
2015.10.26 09:39:43.279,2.26922,2.26976,1.00,1.00
2015.10.26 09:39:43.582,2.26922,2.26967,1.00,1.00
2015.10.26 09:39:43.634,2.26912,2.26967,1.00,1.00
2015.10.26 09:39:44.741,2.26912,2.26977,1.00,1.00
2015.10.26 09:39:44.842,2.26912,2.26967,1.00,1.00
2015.10.26 09:39:44.994,2.26912,2.26976,1.00,1.00
2015.10.26 09:39:46.029,2.26921,2.26976,1.00,1.00
2015.10.26 09:39:46.575,2.26911,2.26977,1.00,1.00
2015.10.26 09:39:46.928,2.26911,2.26966,1.00,1.00
2015.10.26 09:39:49.228,2.26911,2.26967,1.00,1.00
2015.10.26 09:39:50.331,2.26912,2.26967,1.00,1.00
2015.10.26 09:39:51.652,2.26911,2.26967,1.00,1.00
2015.10.26 09:39:52.084,2.26921,2.26967,1.00,1.00
2015.10.26 09:39:52.644,2.26921,2.26966,1.00,1.00
2015.10.26 09:39:52.700,2.26911,2.26966,1.00,1.00
2015.10.26 09:39:53.205,2.26911,2.26967,1.00,1.00
2015.10.26 09:39:53.660,2.26901,2.26967,1.37,1.00
2015.10.26 09:39:55.112,2.26902,2.26967,1.00,1.00
2015.10.26 09:39:55.806,2.26902,2.26956,1.00,1.00
2015.10.26 09:39:56.321,2.26902,2.26957,1.00,1.00
2015.10.26 09:39:56.825,2.26901,2.26956,1.00,1.00
2015.10.26 09:39:56.876,2.26901,2.26966,1.00,1.00
2015.10.26 09:39:57.027,2.26912,2.26966,1.00,1.00
2015.10.26 09:39:58.226,2.26912,2.26976,1.00,1.00
2015.10.26 09:39:59.105,2.26911,2.26967,1.00,1.00
2015.10.26 09:39:59.532,2.26912,2.26977,1.00,1.00
2015.10.26 09:39:59.633,2.26912,2.26966,1.00,1.00
2015.10.26 09:40:00.896,2.26911,2.26966,1.00,1.00
2015.10.26 09:40:03.013,2.26911,2.26976,1.00,1.00
2015.10.26 09:40:03.564,2.26912,2.26976,1.00,1.00
2015.10.26 09:40:04.819,2.26912,2.26966,1.00,1.00
2015.10.26 09:40:05.544,2.26911,2.26966,1.00,1.00
2015.10.26 09:40:06.527,2.26912,2.26966,1.00,1.00
2015.10.26 09:40:06.628,2.26902,2.26966,1.75,1.00
2015.10.26 09:40:06.817,2.26911,2.26966,1.00,1.00
2015.10.26 09:40:07.029,2.26911,2.26977,1.00,1.00
2015.10.26 09:40:07.495,2.26922,2.26977,1.00,1.00
2015.10.26 09:40:07.631,2.26912,2.26977,1.00,1.00
2015.10.26 09:40:08.084,2.26922,2.26977,1.00,1.00
2015.10.26 09:40:08.589,2.26921,2.26977,1.00,1.00
2015.10.26 09:40:11.558,2.26921,2.26976,1.00,1.00
2015.10.26 09:40:12.103,2.26922,2.26977,1.00,1.00
2015.10.26 09:40:12.357,2.26912,2.26977,1.00,1.00
2015.10.26 09:40:12.911,2.26911,2.26977,1.00,1.00
2015.10.26 09:40:14.000,2.26911,2.26967,1.00,1.00
2015.10.26 09:40:16.127,2.26911,2.26966,1.00,1.00
2015.10.26 09:40:18.643,2.26912,2.26966,1.00,1.00
2015.10.26 09:40:20.531,2.26902,2.26966,1.00,1.00
2015.10.26 09:40:20.683,2.26902,2.26956,1.00,1.00
2015.10.26 09:40:24.387,2.26912,2.26956,1.00,1.00
2015.10.26 09:40:25.710,2.26912,2.26957,1.00,1.00
2015.10.26 09:40:26.616,2.26901,2.26957,1.00,1.00
2015.10.26 09:40:27.716,2.26911,2.26957,1.00,1.00
2015.10.26 09:40:29.037,2.26912,2.26957,1.00,1.00
2015.10.26 09:40:29.148,2.26902,2.26957,1.00,1.00
2015.10.26 09:40:30.376,2.26901,2.26957,1.00,1.00
2015.10.26 09:40:30.797,2.26912,2.26957,1.00,1.00
2015.10.26 09:40:30.866,2.26912,2.26967,1.00,1.00
2015.10.26 09:40:31.377,2.26912,2.26966,1.00,1.00
2015.10.26 09:40:33.888,2.26911,2.26966,1.00,1.00
2015.10.26 09:40:34.891,2.26902,2.26967,1.00,1.00
2015.10.26 09:40:39.776,2.26902,2.26966,1.00,1.00
2015.10.26 09:40:40.177,2.26912,2.26966,1.00,1.00
2015.10.26 09:40:40.714,2.26911,2.26966,1.00,1.00
2015.10.26 09:40:42.223,2.26911,2.26976,1.00,1.00
2015.10.26 09:40:42.726,2.26912,2.26977,1.00,1.00
2015.10.26 09:40:44.327,2.26911,2.26977,1.00,1.00
2015.10.26 09:40:44.657,2.26911,2.26967,1.00,1.00
2015.10.26 09:40:45.978,2.26912,2.26967,1.00,1.00
2015.10.26 09:40:46.941,2.26912,2.26966,1.00,1.00
2015.10.26 09:40:47.480,2.26911,2.26966,1.00,1.00
2015.10.26 09:40:49.059,2.26911,2.26967,1.00,1.00
2015.10.26 09:40:55.926,2.26921,2.26967,1.00,1.00
2015.10.26 09:40:55.977,2.26921,2.26977,1.00,1.00
2015.10.26 09:40:56.820,2.26932,2.26977,1.00,1.00
2015.10.26 09:40:56.873,2.2693,2.26986,1.00,1.00
2015.10.26 09:40:57.024,2.26921,2.26986,1.00,1.00
2015.10.26 09:40:57.126,2.26932,2.26986,1.00,1.00
2015.10.26 09:40:57.640,2.26932,2.26987,1.00,1.00
2015.10.26 09:40:59.067,2.26931,2.26987,1.00,1.00
2015.10.26 09:41:00.612,2.26921,2.26987,1.00,1.00
2015.10.26 09:41:01.847,2.26932,2.26987,1.00,1.00
2015.10.26 09:41:02.812,2.26922,2.26987,1.00,1.00
2015.10.26 09:41:03.795,2.26921,2.26987,1.00,1.00
2015.10.26 09:41:07.294,2.26931,2.26987,1.00,1.00
2015.10.26 09:41:09.032,2.26931,2.26986,1.00,1.00
2015.10.26 09:41:09.686,2.26932,2.26986,1.00,1.00
2015.10.26 09:41:10.506,2.26922,2.26986,1.00,1.00
2015.10.26 09:41:11.039,2.26921,2.26986,1.00,1.00
2015.10.26 09:41:12.950,2.26921,2.26987,1.00,1.00
2015.10.26 09:41:13.585,2.26922,2.26987,1.00,1.00
2015.10.26 09:41:14.659,2.26922,2.26986,1.00,1.00
2015.10.26 09:41:14.816,2.26932,2.26986,1.00,1.00
2015.10.26 09:41:16.887,2.26931,2.26986,1.00,1.00
2015.10.26 09:41:17.127,2.26921,2.26986,1.00,1.00
2015.10.26 09:41:17.950,2.26921,2.26996,1.37,1.00
2015.10.26 09:41:18.001,2.26932,2.26996,1.00,1.00
2015.10.26 09:41:18.589,2.26932,2.26986,1.00,1.00
2015.10.26 09:41:19.353,2.26931,2.26986,1.00,1.00
2015.10.26 09:41:19.895,2.26931,2.26987,1.00,1.00
2015.10.26 09:41:20.401,2.26932,2.26987,1.00,1.00
2015.10.26 09:41:20.553,2.26921,2.26987,1.00,1.00
2015.10.26 09:41:21.065,2.26922,2.26987,1.00,1.00
2015.10.26 09:41:22.987,2.26922,2.26986,1.00,1.00
2015.10.26 09:41:24.917,2.26921,2.26986,1.00,1.00
2015.10.26 09:41:25.575,2.26922,2.26986,1.00,1.00
2015.10.26 09:41:26.565,2.26921,2.26986,1.00,1.00
2015.10.26 09:41:27.122,2.26932,2.26986,1.00,1.00
2015.10.26 09:41:27.655,2.26931,2.26986,1.00,1.00
2015.10.26 09:41:29.945,2.26931,2.26987,1.00,1.00
2015.10.26 09:41:30.504,2.26932,2.26987,1.00,1.00
2015.10.26 09:41:32.066,2.26931,2.26987,1.00,1.00
2015.10.26 09:41:36.727,2.26922,2.26987,1.50,1.00
2015.10.26 09:41:36.797,2.26932,2.26987,1.00,1.00
2015.10.26 09:41:37.786,2.26921,2.26987,1.75,1.00
2015.10.26 09:41:42.151,2.26919,2.26976,1.75,1.00
2015.10.26 09:41:42.252,2.26911,2.26976,1.75,1.00
2015.10.26 09:41:42.353,2.26901,2.26976,1.75,1.00
2015.10.26 09:41:42.404,2.26901,2.26957,1.75,1.00
2015.10.26 09:41:42.556,2.26892,2.26956,1.12,1.00
2015.10.26 09:41:42.707,2.26892,2.26947,1.12,1.00
2015.10.26 09:41:44.840,2.26901,2.26947,1.00,1.00
2015.10.26 09:41:45.416,2.26901,2.26946,1.00,1.00
2015.10.26 09:41:46.300,2.26902,2.26946,1.00,1.00
2015.10.26 09:41:48.061,2.26901,2.26946,1.00,1.00
2015.10.26 09:41:48.124,2.26892,2.26946,1.12,1.00
2015.10.26 09:41:56.133,2.26901,2.26946,1.00,1.00
2015.10.26 09:41:56.184,2.26891,2.26946,1.50,1.00
2015.10.26 09:41:59.139,2.26901,2.26946,1.00,1.00
2015.10.26 09:41:59.680,2.26902,2.26946,1.00,1.00
2015.10.26 09:41:59.732,2.26902,2.26957,1.00,1.00
2015.10.26 09:42:00.599,2.26901,2.26957,1.00,1.00
2015.10.26 09:42:01.136,2.26901,2.26957,1.50,1.00
2015.10.26 09:42:02.063,2.26901,2.26956,1.50,1.00
2015.10.26 09:42:02.165,2.26901,2.26946,1.37,1.00
2015.10.26 09:42:02.316,2.26891,2.26946,1.75,1.00
2015.10.26 09:42:03.122,2.26902,2.26946,1.00,1.00
2015.10.26 09:42:03.173,2.26902,2.26956,1.00,1.00
2015.10.26 09:42:05.725,2.26901,2.26956,1.00,1.00
2015.10.26 09:42:06.070,2.26891,2.26956,1.75,1.00
2015.10.26 09:42:06.171,2.26891,2.26946,1.75,1.00
2015.10.26 09:42:06.718,2.26891,2.26947,1.75,1.00
2015.10.26 09:42:07.700,2.26892,2.26957,1.50,1.00
2015.10.26 09:42:10.114,2.26892,2.26946,1.50,1.00
2015.10.26 09:42:10.517,2.26891,2.26947,1.00,1.00
2015.10.26 09:42:11.172,2.26892,2.26947,1.00,1.00
2015.10.26 09:42:13.905,2.26882,2.26947,1.50,1.00
2015.10.26 09:42:14.737,2.26882,2.26946,1.50,1.00
2015.10.26 09:42:16.723,2.26881,2.26936,1.75,1.00
2015.10.26 09:42:16.824,2.26881,2.26947,1.75,1.00
2015.10.26 09:42:19.376,2.26881,2.26937,1.75,1.00
2015.10.26 09:42:26.039,2.26873,2.26937,1.75,1.00
2015.10.26 09:42:26.101,2.26871,2.26936,1.75,1.00
2015.10.26 09:42:29.003,2.26872,2.26927,1.50,1.00
2015.10.26 09:42:29.654,2.26872,2.26927,2.25,1.00
2015.10.26 09:42:29.704,2.26872,2.26936,2.25,1.00
2015.10.26 09:42:29.856,2.26889,2.26936,1.00,1.00
2015.10.26 09:42:29.907,2.26889,2.26947,1.00,1.00
2015.10.26 09:42:29.957,2.26894,2.26947,1.00,1.00
2015.10.26 09:42:30.008,2.26894,2.26966,1.50,1.00
2015.10.26 09:42:30.059,2.26896,2.26966,1.37,1.00
2015.10.26 09:42:30.110,2.26903,2.26977,1.75,1.00
2015.10.26 09:42:30.670,2.26912,2.26977,1.00,1.00
2015.10.26 09:42:31.027,2.26924,2.26996,1.37,1.00
2015.10.26 09:42:31.078,2.26931,2.26996,1.00,1.00
2015.10.26 09:42:31.382,2.26933,2.27007,1.00,1.00
2015.10.26 09:42:31.584,2.26944,2.27016,1.00,1.12
2015.10.26 09:42:32.264,2.26934,2.27006,1.00,1.00
2015.10.26 09:42:32.572,2.26931,2.26996,1.00,1.00
2015.10.26 09:42:33.785,2.26933,2.27007,1.00,1.00
2015.10.26 09:42:34.290,2.26932,2.26997,1.00,1.00
2015.10.26 09:42:34.340,2.26923,2.26997,1.00,1.00
2015.10.26 09:42:35.890,2.26931,2.26997,1.00,1.00
2015.10.26 09:42:36.194,2.26933,2.27007,1.00,1.50
2015.10.26 09:42:36.295,2.26931,2.26996,1.00,1.00
2015.10.26 09:42:36.837,2.26932,2.26996,1.00,1.00
2015.10.26 09:42:37.569,2.26931,2.26996,1.00,1.00
2015.10.26 09:42:37.693,2.26934,2.27006,1.00,1.12
2015.10.26 09:42:38.133,2.26924,2.26996,1.00,1.00
2015.10.26 09:42:38.651,2.26932,2.26996,1.00,1.00
2015.10.26 09:42:38.702,2.26934,2.27006,1.00,1.12
2015.10.26 09:42:38.803,2.26932,2.26996,1.00,1.00
2015.10.26 09:42:38.853,2.26924,2.26996,1.00,1.00
2015.10.26 09:42:39.413,2.26933,2.27007,1.00,1.50
2015.10.26 09:42:39.804,2.26931,2.26997,1.00,1.00
2015.10.26 09:42:39.854,2.26923,2.26997,1.00,1.00
2015.10.26 09:42:40.705,2.26932,2.26997,1.00,1.00
2015.10.26 09:42:40.806,2.26934,2.27006,1.00,1.12
2015.10.26 09:42:40.856,2.26934,2.27006,1.37,1.00
2015.10.26 09:42:41.369,2.26933,2.27007,1.37,1.00
2015.10.26 09:42:41.420,2.26933,2.27007,1.00,1.00
2015.10.26 09:42:41.573,2.26932,2.26997,1.00,1.00
2015.10.26 09:42:42.027,2.26923,2.26997,1.75,1.00
2015.10.26 09:42:42.229,2.26921,2.26986,1.75,1.00
2015.10.26 09:42:42.280,2.26921,2.26986,1.37,1.00
2015.10.26 09:42:42.381,2.26922,2.26986,1.00,1.00
2015.10.26 09:42:42.634,2.26924,2.26996,1.00,1.00
2015.10.26 09:42:43.768,2.26923,2.26997,1.00,1.00
2015.10.26 09:42:49.887,2.26924,2.26997,1.00,1.00
2015.10.26 09:42:49.988,2.26931,2.26997,1.00,1.00
2015.10.26 09:42:50.039,2.26933,2.27007,1.00,1.00
2015.10.26 09:42:50.090,2.26933,2.27007,1.37,1.00
2015.10.26 09:42:52.212,2.26934,2.27006,1.75,1.00
2015.10.26 09:42:54.651,2.26933,2.27007,1.75,1.00
2015.10.26 09:43:05.114,2.26934,2.27006,1.75,1.00
2015.10.26 09:43:05.998,2.26943,2.27017,1.00,1.00
2015.10.26 09:43:06.315,2.26934,2.27006,1.75,1.00
2015.10.26 09:43:06.722,2.26943,2.27017,1.00,1.00
2015.10.26 09:43:07.102,2.26941,2.27007,1.12,1.00
2015.10.26 09:43:10.925,2.26934,2.27007,1.75,1.00
2015.10.26 09:43:11.133,2.26944,2.27016,1.50,1.00
2015.10.26 09:43:11.385,2.26964,2.27036,1.00,1.75
2015.10.26 09:43:11.486,2.26964,2.27036,1.00,1.00
2015.10.26 09:43:12.014,2.26972,2.27036,1.00,1.00
2015.10.26 09:43:12.064,2.26964,2.27036,1.00,1.00
2015.10.26 09:43:12.272,2.26953,2.27027,1.75,1.00
2015.10.26 09:43:12.576,2.26961,2.27026,1.00,1.00
2015.10.26 09:43:12.627,2.26954,2.27026,1.75,1.00
2015.10.26 09:43:12.678,2.26964,2.27036,1.00,1.00
2015.10.26 09:43:13.002,2.26954,2.27026,1.75,1.00
2015.10.26 09:43:16.302,2.26953,2.27027,1.75,1.00
2015.10.26 09:43:22.462,2.26954,2.27026,1.75,1.00
2015.10.26 09:43:27.408,2.26954,2.27026,1.00,1.00
2015.10.26 09:43:29.604,2.26953,2.27027,1.00,1.00
2015.10.26 09:43:35.367,2.26952,2.27016,1.00,1.00
2015.10.26 09:43:35.896,2.26954,2.27026,1.00,1.00
2015.10.26 09:43:39.147,2.26961,2.27026,1.00,1.00
2015.10.26 09:43:40.221,2.26963,2.27037,1.00,1.00
2015.10.26 09:43:47.201,2.26954,2.27026,1.00,1.00
2015.10.26 09:43:49.123,2.26962,2.27026,1.00,1.00
2015.10.26 09:43:53.081,2.26954,2.27026,1.50,1.00
2015.10.26 09:43:53.569,2.26961,2.27026,1.00,1.00
2015.10.26 09:43:54.081,2.26961,2.27027,1.00,1.00
2015.10.26 09:43:57.604,2.26962,2.27027,1.00,1.00
2015.10.26 09:43:57.705,2.26964,2.27036,1.00,1.00
2015.10.26 09:43:57.857,2.26972,2.27036,1.00,1.00
2015.10.26 09:43:59.066,2.26964,2.27036,1.75,1.00
2015.10.26 09:43:59.117,2.26963,2.27037,1.00,1.00
2015.10.26 09:43:59.218,2.26961,2.27026,1.00,1.00
2015.10.26 09:43:59.590,2.26953,2.27027,1.75,1.00
2015.10.26 09:44:03.118,2.26961,2.27027,1.00,1.00
2015.10.26 09:44:03.864,2.26961,2.27026,1.00,1.00
2015.10.26 09:44:06.501,2.26954,2.27026,1.75,1.00
2015.10.26 09:44:06.767,2.26961,2.27026,1.00,1.00
2015.10.26 09:44:07.512,2.26961,2.27027,1.00,1.00
2015.10.26 09:44:09.830,2.26953,2.27027,1.75,1.00
2015.10.26 09:44:10.592,2.26962,2.27027,1.00,1.00
2015.10.26 09:44:12.400,2.26962,2.27026,1.00,1.00
2015.10.26 09:44:13.504,2.26962,2.27027,1.00,1.00
2015.10.26 09:44:13.610,2.26964,2.27036,1.00,1.00
2015.10.26 09:44:14.903,2.26953,2.27027,1.75,1.00
2015.10.26 09:44:15.421,2.26954,2.27026,1.75,1.00
2015.10.26 09:44:17.841,2.26951,2.27016,1.75,1.00
2015.10.26 09:44:19.268,2.26954,2.27026,1.75,1.00
2015.10.26 09:44:20.631,2.26954,2.27026,1.00,1.00
2015.10.26 09:44:21.039,2.26942,2.27007,1.00,1.00
2015.10.26 09:44:23.121,2.26933,2.27007,1.00,1.00
2015.10.26 09:44:26.417,2.26942,2.27007,1.00,1.00
2015.10.26 09:44:26.919,2.26941,2.27007,1.00,1.00
2015.10.26 09:44:28.113,2.26942,2.27007,1.00,1.00
2015.10.26 09:44:28.593,2.26943,2.27017,1.00,1.00
2015.10.26 09:44:29.525,2.26941,2.27007,1.00,1.00
2015.10.26 09:44:30.913,2.26941,2.27006,1.00,1.00
2015.10.26 09:44:32.492,2.26942,2.27006,1.00,1.00
2015.10.26 09:44:34.573,2.26932,2.26997,1.75,1.00
2015.10.26 09:44:34.991,2.26932,2.26997,1.00,1.00
2015.10.26 09:44:35.292,2.26933,2.27007,1.00,1.00
2015.10.26 09:44:38.404,2.26932,2.26996,1.00,1.00
2015.10.26 09:44:38.608,2.26934,2.27006,1.00,1.00
2015.10.26 09:44:38.709,2.26931,2.26996,1.00,1.00
2015.10.26 09:44:39.579,2.26931,2.26997,1.00,1.00
2015.10.26 09:44:47.970,2.26932,2.26997,1.00,1.00
2015.10.26 09:44:48.976,2.26932,2.26986,1.00,1.00
2015.10.26 09:44:49.027,2.26922,2.26986,1.00,1.37
2015.10.26 09:44:49.078,2.26914,2.26986,1.00,1.37
2015.10.26 09:44:49.180,2.26912,2.26966,1.00,1.00
2015.10.26 09:44:49.332,2.26894,2.26966,1.00,1.00
2015.10.26 09:44:50.632,2.26902,2.26966,1.00,1.00
2015.10.26 09:44:50.934,2.26922,2.26966,1.00,1.00
2015.10.26 09:44:51.035,2.26923,2.26997,1.00,1.37
2015.10.26 09:44:51.489,2.26921,2.26986,1.00,1.00
2015.10.26 09:44:51.540,2.26914,2.26986,1.00,1.34
2015.10.26 09:44:51.591,2.26911,2.26967,1.12,1.00
2015.10.26 09:44:51.742,2.26902,2.26967,1.00,1.00
2015.10.26 09:44:52.222,2.26893,2.26967,1.37,1.00
2015.10.26 09:44:54.378,2.26901,2.26967,1.00,1.00
2015.10.26 09:44:54.428,2.26904,2.26976,1.00,1.00
2015.10.26 09:44:54.570,2.26922,2.26976,1.00,1.00
2015.10.26 09:44:54.830,2.26911,2.26976,1.00,1.00
2015.10.26 09:44:56.817,2.26904,2.26976,1.00,1.00
2015.10.26 09:44:57.401,2.26913,2.26987,1.00,1.00
2015.10.26 09:44:57.613,2.26903,2.26977,1.12,1.00
2015.10.26 09:44:58.325,2.26913,2.26987,1.00,1.00
2015.10.26 09:44:58.628,2.26904,2.26976,1.00,1.00
2015.10.26 09:45:00.581,2.26903,2.26977,1.12,1.00
2015.10.26 09:45:01.023,2.26921,2.26977,1.00,1.00
2015.10.26 09:45:01.074,2.26903,2.26977,1.12,1.00
2015.10.26 09:45:02.652,2.26912,2.26977,1.00,1.00
2015.10.26 09:45:02.853,2.26903,2.26977,1.12,1.00
2015.10.26 09:45:03.669,2.26914,2.26986,1.00,1.00
2015.10.26 09:45:04.148,2.26903,2.26977,1.12,1.00
2015.10.26 09:45:04.582,2.26913,2.26987,1.00,1.00
2015.10.26 09:45:04.900,2.26904,2.26976,1.00,1.00
2015.10.26 09:45:06.538,2.26913,2.26987,1.00,1.00
2015.10.26 09:45:07.749,2.26924,2.26996,1.00,1.37
2015.10.26 09:45:07.802,2.26924,2.26996,1.00,1.00
2015.10.26 09:45:09.399,2.26921,2.26986,1.00,1.00
2015.10.26 09:45:09.450,2.26914,2.26986,1.00,1.00
2015.10.26 09:45:09.904,2.26921,2.26986,1.00,1.00
2015.10.26 09:45:10.116,2.26914,2.26986,1.00,1.00
2015.10.26 09:45:10.543,2.26932,2.26986,1.00,1.00
2015.10.26 09:45:10.594,2.26932,2.26997,1.00,1.00
2015.10.26 09:45:14.373,2.26923,2.26997,1.00,1.00
2015.10.26 09:45:14.825,2.26932,2.26996,1.00,1.00
2015.10.26 09:45:15.334,2.26924,2.26996,1.00,1.00
2015.10.26 09:45:15.386,2.26934,2.27006,1.00,1.00
2015.10.26 09:45:15.925,2.26933,2.27007,1.00,1.12
2015.10.26 09:45:26.659,2.26934,2.27006,1.00,1.00
2015.10.26 09:45:27.478,2.26942,2.27006,1.00,1.00
2015.10.26 09:45:28.014,2.26941,2.27006,1.00,1.00
2015.10.26 09:45:28.671,2.26941,2.27007,1.00,1.00
2015.10.26 09:45:28.721,2.26933,2.27007,1.12,1.00
2015.10.26 09:45:31.533,2.26943,2.27017,1.00,1.12
2015.10.26 09:45:37.452,2.26934,2.27006,1.75,1.00
2015.10.26 09:45:38.463,2.26942,2.27006,1.00,1.00
2015.10.26 09:45:40.007,2.26943,2.27017,1.00,1.00
2015.10.26 09:45:41.013,2.26921,2.26986,1.00,1.00
2015.10.26 09:45:41.216,2.26923,2.26997,1.00,1.00
2015.10.26 09:45:41.744,2.26923,2.26997,1.37,1.00
2015.10.26 09:45:42.016,2.26923,2.26997,1.75,1.00
2015.10.26 09:45:42.871,2.26941,2.26997,1.00,1.00
2015.10.26 09:45:42.972,2.26943,2.27017,1.00,1.00
2015.10.26 09:45:44.724,2.26944,2.27016,1.00,1.00
2015.10.26 09:45:47.591,2.26942,2.27006,1.00,1.00
2015.10.26 09:45:48.169,2.26941,2.27006,1.00,1.00
2015.10.26 09:45:48.270,2.26934,2.27006,1.12,1.00
2015.10.26 09:45:48.662,2.26942,2.27006,1.00,1.00
2015.10.26 09:45:48.714,2.26934,2.27006,1.12,1.00
2015.10.26 09:45:49.253,2.26941,2.27006,1.00,1.00
2015.10.26 09:45:49.506,2.26933,2.27007,1.37,1.00
2015.10.26 09:45:49.901,2.26923,2.26997,1.00,1.00
2015.10.26 09:45:49.957,2.26914,2.26986,1.75,1.00
2015.10.26 09:45:52.994,2.26913,2.26987,1.75,1.00
2015.10.26 09:45:55.038,2.26913,2.26987,1.00,1.00
2015.10.26 09:45:59.049,2.26914,2.26986,1.00,1.00
2015.10.26 09:46:02.732,2.26903,2.26977,1.75,1.00
2015.10.26 09:46:03.679,2.26913,2.26987,1.00,1.00
2015.10.26 09:46:05.481,2.26914,2.26986,1.00,1.00
2015.10.26 09:46:13.804,2.26914,2.26986,1.37,1.00
2015.10.26 09:46:17.005,2.26904,2.26976,1.75,1.00
2015.10.26 09:46:21.461,2.26913,2.26987,1.75,1.00
2015.10.26 09:46:26.063,2.26914,2.26986,1.50,1.00
2015.10.26 09:46:32.100,2.26913,2.26987,1.75,1.00
2015.10.26 09:46:37.384,2.26914,2.26986,1.00,1.00
2015.10.26 09:46:37.748,2.26924,2.26996,1.00,1.00
2015.10.26 09:46:37.965,2.26913,2.26987,1.00,1.00
2015.10.26 09:46:38.524,2.26924,2.26996,1.00,1.00
2015.10.26 09:46:41.241,2.26923,2.26997,1.00,1.00
2015.10.26 09:46:44.135,2.26924,2.26996,1.00,1.00
2015.10.26 09:46:45.165,2.26952,2.27009,1.00,1.37
2015.10.26 09:46:45.216,2.26952,2.27016,1.00,1.00
2015.10.26 09:46:45.753,2.26951,2.27016,1.00,1.00
2015.10.26 09:46:46.417,2.26952,2.27016,1.00,1.00
2015.10.26 09:46:46.468,2.26954,2.27026,1.00,1.09
2015.10.26 09:46:46.569,2.26961,2.27026,1.00,1.09
2015.10.26 09:46:47.122,2.26962,2.27026,1.00,1.00
2015.10.26 09:46:48.350,2.26954,2.27026,1.75,1.00
2015.10.26 09:46:49.867,2.26963,2.27037,1.00,1.00
2015.10.26 09:46:51.570,2.26953,2.27027,1.75,1.00
2015.10.26 09:46:51.722,2.26963,2.27037,1.00,1.00
2015.10.26 09:46:52.075,2.26963,2.27037,1.75,1.00
2015.10.26 09:46:52.699,2.26964,2.27036,1.50,1.00
2015.10.26 09:46:53.585,2.26964,2.27036,1.00,1.00
2015.10.26 09:46:53.686,2.26961,2.27026,1.00,1.00
2015.10.26 09:46:53.736,2.26954,2.27026,1.75,1.00
2015.10.26 09:46:54.473,2.26961,2.27026,1.00,1.00
2015.10.26 09:46:56.049,2.26954,2.27026,1.75,1.00
2015.10.26 09:46:56.381,2.26961,2.27026,1.00,1.00
2015.10.26 09:46:56.683,2.26953,2.27027,1.75,1.00
2015.10.26 09:46:58.187,2.26964,2.27036,1.00,1.00
2015.10.26 09:47:00.721,2.26953,2.27027,1.75,1.00
2015.10.26 09:47:03.151,2.26954,2.27026,1.75,1.00
2015.10.26 09:47:03.712,2.26962,2.27026,1.00,1.00
2015.10.26 09:47:03.763,2.26954,2.27026,1.00,1.00
2015.10.26 09:47:04.397,2.26961,2.27026,1.00,1.00
2015.10.26 09:47:05.296,2.26954,2.27026,1.00,1.00
2015.10.26 09:47:06.199,2.26953,2.27027,1.00,1.00
2015.10.26 09:47:12.499,2.26954,2.27026,1.00,1.00
2015.10.26 09:47:17.445,2.26963,2.27037,1.00,1.75
2015.10.26 09:47:17.748,2.26971,2.27037,1.00,1.00
2015.10.26 09:47:18.201,2.26974,2.27046,1.00,1.75
2015.10.26 09:47:18.252,2.26981,2.27046,1.00,1.75
2015.10.26 09:47:18.716,2.26994,2.27066,1.00,1.50
2015.10.26 09:47:18.968,2.26983,2.27057,1.00,1.00
2015.10.26 09:47:19.230,2.26983,2.27057,1.75,1.00
2015.10.26 09:47:19.435,2.26994,2.27066,1.00,1.00
2015.10.26 09:47:20.193,2.26984,2.27056,1.75,1.00
2015.10.26 09:47:20.246,2.26984,2.27056,1.00,1.00
2015.10.26 09:47:21.690,2.26991,2.27056,1.00,1.00
2015.10.26 09:47:21.741,2.26994,2.27066,1.00,1.37
2015.10.26 09:47:22.048,2.26991,2.27057,1.00,1.00
2015.10.26 09:47:22.630,2.26992,2.27057,1.00,1.00
2015.10.26 09:47:23.313,2.26983,2.27057,1.00,1.00
2015.10.26 09:47:23.860,2.26984,2.27056,1.00,1.00
2015.10.26 09:47:24.554,2.26994,2.27066,1.00,1.37
2015.10.26 09:47:24.605,2.26984,2.27056,1.00,1.00
2015.10.26 09:47:28.754,2.26983,2.27057,1.00,1.00
2015.10.26 09:47:31.306,2.26993,2.27067,1.00,1.50
2015.10.26 09:47:32.761,2.26973,2.27047,1.37,1.00
2015.10.26 09:47:32.824,2.26973,2.27047,1.00,1.00
2015.10.26 09:47:33.026,2.26973,2.27047,1.00,1.37
2015.10.26 09:47:33.077,2.26964,2.27036,1.00,1.00
2015.10.26 09:47:34.958,2.26963,2.27037,1.00,1.00
2015.10.26 09:47:43.520,2.26963,2.27037,1.00,1.75
2015.10.26 09:47:43.571,2.26953,2.27027,1.00,1.00
2015.10.26 09:47:44.089,2.26954,2.27026,1.00,1.00
2015.10.26 09:47:45.510,2.26944,2.27016,1.50,1.00
2015.10.26 09:47:46.021,2.26944,2.27016,1.00,1.00
2015.10.26 09:47:47.729,2.26943,2.27017,1.00,1.00
2015.10.26 09:47:49.662,2.26953,2.27027,1.00,1.75
2015.10.26 09:47:50.779,2.26953,2.27027,1.00,1.37
2015.10.26 09:47:50.830,2.26964,2.27026,1.00,1.00
2015.10.26 09:47:50.982,2.26964,2.27036,1.00,1.75
2015.10.26 09:47:54.387,2.26964,2.27036,1.00,1.00
2015.10.26 09:47:58.668,2.26963,2.27037,1.00,1.00
2015.10.26 09:47:59.069,2.26974,2.27046,1.00,1.75
2015.10.26 09:47:59.548,2.26963,2.27037,1.00,1.00
2015.10.26 09:48:02.884,2.26974,2.27046,1.00,1.75
2015.10.26 09:48:03.085,2.26964,2.27036,1.00,1.00
2015.10.26 09:48:07.578,2.26963,2.27037,1.00,1.00
2015.10.26 09:48:16.102,2.26991,2.27056,3.00,1.00
2015.10.26 09:48:16.203,2.27013,2.27087,1.00,1.75
2015.10.26 09:48:17.123,2.27022,2.27087,1.00,1.00
2015.10.26 09:48:17.174,2.27024,2.27095,1.00,1.00
2015.10.26 09:48:17.671,2.27023,2.27097,1.00,1.12
2015.10.26 09:48:22.027,2.27013,2.27087,1.00,1.00
2015.10.26 09:48:24.589,2.27022,2.27087,1.00,1.00
2015.10.26 09:48:25.329,2.27021,2.27087,1.12,1.00
2015.10.26 09:48:26.567,2.27014,2.27086,1.00,1.00
2015.10.26 09:48:28.056,2.27011,2.27076,1.50,1.00
2015.10.26 09:48:28.208,2.27004,2.27076,1.37,1.00
2015.10.26 09:48:30.018,2.27013,2.27087,1.00,1.00
2015.10.26 09:48:30.523,2.27014,2.27086,1.00,1.00
2015.10.26 09:48:34.125,2.27003,2.27077,1.50,1.00
2015.10.26 09:48:37.497,2.26994,2.27066,1.75,1.00
2015.10.26 09:48:38.443,2.27004,2.27076,1.37,1.00
2015.10.26 09:48:38.494,2.27013,2.27087,1.00,1.00
2015.10.26 09:48:38.646,2.27024,2.27096,1.00,1.00
2015.10.26 09:48:38.949,2.27034,2.27106,1.00,1.00
2015.10.26 09:48:39.454,2.27033,2.27107,1.37,1.00
2015.10.26 09:48:39.871,2.27054,2.27126,1.00,1.00
2015.10.26 09:48:40.174,2.27043,2.27117,1.75,1.00
2015.10.26 09:48:43.585,2.27044,2.27116,1.50,1.00
2015.10.26 09:48:44.389,2.27043,2.27117,1.75,1.00
2015.10.26 09:48:46.627,2.27044,2.27116,1.50,1.00
2015.10.26 09:48:49.377,2.27043,2.27117,1.75,1.00
2015.10.26 09:48:50.303,2.27044,2.27116,1.50,1.00
2015.10.26 09:48:52.147,2.27053,2.27127,1.00,1.00
2015.10.26 09:48:52.449,2.27054,2.27126,1.75,1.00
2015.10.26 09:48:59.746,2.27043,2.27117,1.75,1.00
2015.10.26 09:49:00.669,2.27043,2.27117,1.75,1.00
2015.10.26 09:49:03.364,2.27053,2.27127,1.00,1.00
2015.10.26 09:49:03.717,2.27044,2.27116,1.50,1.00
2015.10.26 09:49:08.552,2.27054,2.27126,1.00,1.00
2015.10.26 09:49:08.603,2.27054,2.27126,1.75,1.00
2015.10.26 09:49:09.140,2.27064,2.27136,1.00,1.00
2015.10.26 09:49:09.191,2.27054,2.27126,1.75,1.00
2015.10.26 09:49:11.395,2.27064,2.27136,1.00,1.00
2015.10.26 09:49:13.061,2.27053,2.27127,1.75,1.00
2015.10.26 09:49:13.365,2.27061,2.27127,1.00,1.00
2015.10.26 09:49:14.184,2.27053,2.27127,1.75,1.00
2015.10.26 09:49:15.962,2.27064,2.27136,1.75,1.00
2015.10.26 09:49:16.625,2.27064,2.27136,1.00,1.00
2015.10.26 09:49:17.647,2.27063,2.27137,1.00,1.00
2015.10.26 09:49:17.900,2.27053,2.27127,1.00,1.00
2015.10.26 09:49:18.427,2.27064,2.27136,1.00,1.12
2015.10.26 09:49:19.056,2.27063,2.27137,1.00,1.37
2015.10.26 09:49:21.849,2.27054,2.27126,1.00,1.00
2015.10.26 09:49:22.317,2.27061,2.27126,1.00,1.00
2015.10.26 09:49:23.763,2.27062,2.27126,1.00,1.00
2015.10.26 09:49:26.183,2.27063,2.27137,1.00,1.00
2015.10.26 09:49:27.240,2.27061,2.27127,1.00,1.00
2015.10.26 09:49:27.745,2.27053,2.27127,1.75,1.00
2015.10.26 09:49:28.216,2.27062,2.27127,1.00,1.00
2015.10.26 09:49:29.877,2.27062,2.27126,1.00,1.00
2015.10.26 09:49:35.646,2.27061,2.27126,1.00,1.00
2015.10.26 09:49:35.697,2.27064,2.27136,1.00,1.00
2015.10.26 09:49:36.429,2.27063,2.27137,1.00,1.00
2015.10.26 09:49:37.892,2.27073,2.27147,1.00,1.37
2015.10.26 09:49:41.168,2.27073,2.27147,1.00,1.12
2015.10.26 09:49:42.624,2.27064,2.27136,1.00,1.00
2015.10.26 09:49:48.336,2.27063,2.27137,1.00,1.00
2015.10.26 09:49:57.188,2.27061,2.27127,1.12,1.00
2015.10.26 09:49:57.539,2.27053,2.27127,1.00,1.00
2015.10.26 09:49:57.944,2.27044,2.27116,1.75,1.00
2015.10.26 09:49:57.995,2.27044,2.27116,1.00,1.00
2015.10.26 09:49:58.526,2.27043,2.27117,1.00,1.00
2015.10.26 09:50:04.776,2.27043,2.27117,1.00,1.37
2015.10.26 09:50:05.300,2.27044,2.27116,1.00,1.12
2015.10.26 09:50:06.857,2.27043,2.27117,1.00,1.37
2015.10.26 09:50:07.409,2.27044,2.27116,1.00,1.12
2015.10.26 09:50:07.870,2.27042,2.27107,1.00,1.00
2015.10.26 09:50:08.281,2.27042,2.27096,1.00,1.00
2015.10.26 09:50:08.332,2.27032,2.27096,1.00,1.00
2015.10.26 09:50:08.383,2.27034,2.27106,1.00,1.37
2015.10.26 09:50:08.514,2.27032,2.27097,1.00,1.00
2015.10.26 09:50:09.743,2.27031,2.27097,1.00,1.00
2015.10.26 09:50:10.697,2.27034,2.27106,1.00,1.37
2015.10.26 09:50:11.783,2.27033,2.27107,1.00,1.50
2015.10.26 09:50:13.903,2.27033,2.27107,1.00,1.75
2015.10.26 09:50:14.881,2.27034,2.27106,1.00,1.75
2015.10.26 09:50:15.409,2.27024,2.27096,1.00,1.37
2015.10.26 09:50:15.510,2.27024,2.27096,1.00,1.75
2015.10.26 09:50:15.662,2.27014,2.27086,1.00,1.50
2015.10.26 09:50:15.763,2.27012,2.27077,1.00,1.00
2015.10.26 09:50:15.814,2.27003,2.27077,1.00,1.00
2015.10.26 09:50:16.277,2.27003,2.27077,1.00,1.75
2015.10.26 09:50:17.974,2.27004,2.27076,1.00,1.50
2015.10.26 09:50:18.369,2.27013,2.27087,1.00,1.75
2015.10.26 09:50:19.122,2.27013,2.27087,1.00,1.50
2015.10.26 09:50:19.993,2.27023,2.27091,1.00,1.75
2015.10.26 09:50:20.170,2.27013,2.27087,1.00,1.50
2015.10.26 09:50:22.563,2.27011,2.27077,1.00,1.00
2015.10.26 09:50:22.614,2.27003,2.27077,1.00,1.00
2015.10.26 09:50:23.031,2.27003,2.27077,1.00,1.50
2015.10.26 09:50:23.980,2.27001,2.27066,1.00,1.00
2015.10.26 09:50:24.131,2.27003,2.27077,1.00,1.50
2015.10.26 09:50:27.105,2.27004,2.27076,1.00,1.37
2015.10.26 09:50:34.453,2.27003,2.27077,1.00,1.50
2015.10.26 09:50:35.809,2.27004,2.27076,1.00,1.37
2015.10.26 09:50:37.975,2.27004,2.27076,1.00,1.75
2015.10.26 09:50:38.076,2.26994,2.27066,1.00,1.37
2015.10.26 09:50:40.257,2.26993,2.27067,1.00,1.50
2015.10.26 09:50:40.602,2.27003,2.27077,1.00,1.75
2015.10.26 09:50:43.155,2.26983,2.27057,1.00,1.75
2015.10.26 09:50:43.659,2.26984,2.27056,1.00,1.12
2015.10.26 09:50:44.689,2.26983,2.27057,1.00,1.00
2015.10.26 09:50:45.028,2.26994,2.27066,1.00,1.37
2015.10.26 09:50:46.148,2.26993,2.27067,1.00,1.50
2015.10.26 09:50:48.084,2.26994,2.27066,1.00,1.37
2015.10.26 09:50:48.536,2.27003,2.27077,1.00,1.75
2015.10.26 09:50:48.587,2.27003,2.27077,1.00,1.75
2015.10.26 09:50:48.688,2.27003,2.27077,1.00,1.50
2015.10.26 09:50:49.098,2.27013,2.27087,1.00,1.00
2015.10.26 09:50:49.607,2.27014,2.27086,1.00,1.00
2015.10.26 09:50:50.142,2.27013,2.27087,1.00,1.00
2015.10.26 09:50:50.866,2.27004,2.27076,1.50,1.00
2015.10.26 09:50:51.923,2.27004,2.27076,1.00,1.00
2015.10.26 09:50:57.197,2.27013,2.27087,1.00,1.75
2015.10.26 09:50:57.570,2.27004,2.27076,1.00,1.00
2015.10.26 09:50:58.875,2.27011,2.27076,1.00,1.00
2015.10.26 09:50:59.127,2.27004,2.27076,1.00,1.00
2015.10.26 09:51:00.079,2.27011,2.27076,1.00,1.00
2015.10.26 09:51:00.332,2.27006,2.27076,1.00,1.00
2015.10.26 09:51:00.433,2.27004,2.27076,1.00,1.00
2015.10.26 09:51:01.260,2.27003,2.27077,1.00,1.00
2015.10.26 09:51:03.609,2.27013,2.27087,1.00,1.75
2015.10.26 09:51:05.337,2.27014,2.27086,1.00,1.75
2015.10.26 09:51:05.997,2.27004,2.27076,1.00,1.00
2015.10.26 09:51:06.253,2.26994,2.27066,1.50,1.00
2015.10.26 09:51:06.766,2.27004,2.27076,1.00,1.00
2015.10.26 09:51:08.966,2.26994,2.27066,1.50,1.00
2015.10.26 09:51:09.598,2.26994,2.27066,1.00,1.00
2015.10.26 09:51:14.174,2.26993,2.27067,1.12,1.00
2015.10.26 09:51:15.786,2.26994,2.27066,1.00,1.00
2015.10.26 09:51:16.379,2.27004,2.27076,1.00,1.00
2015.10.26 09:51:17.011,2.26994,2.27066,1.00,1.00
2015.10.26 09:51:18.900,2.27003,2.27077,1.00,1.12
2015.10.26 09:51:19.405,2.27003,2.27077,1.37,1.00
2015.10.26 09:51:20.187,2.27003,2.27077,1.00,1.00
2015.10.26 09:51:25.467,2.26993,2.27067,1.00,1.00
2015.10.26 09:51:26.332,2.26994,2.27066,1.00,1.00
2015.10.26 09:51:26.836,2.26993,2.27067,1.00,1.00
2015.10.26 09:51:30.085,2.26993,2.27067,1.37,1.00
2015.10.26 09:51:31.225,2.27013,2.27087,1.00,1.37
2015.10.26 09:51:31.276,2.27013,2.27087,1.00,1.12
2015.10.26 09:51:32.105,2.27003,2.27077,1.00,1.00
2015.10.26 09:51:32.726,2.26993,2.27067,1.75,1.00
2015.10.26 09:51:34.415,2.27004,2.27076,1.00,1.00
2015.10.26 09:51:36.163,2.27004,2.27076,1.37,1.00
2015.10.26 09:51:36.214,2.27013,2.27087,1.75,1.00
2015.10.26 09:51:36.366,2.27024,2.27096,1.00,1.00
2015.10.26 09:51:36.618,2.27013,2.27087,1.75,1.00
2015.10.26 09:51:36.719,2.27023,2.27097,1.00,1.00
2015.10.26 09:51:37.348,2.27023,2.27097,1.00,2.62
2015.10.26 09:51:37.400,2.27014,2.27086,1.00,1.75
2015.10.26 09:51:37.610,2.27003,2.27077,1.00,1.00
2015.10.26 09:51:43.298,2.27003,2.27077,1.37,1.00
2015.10.26 09:51:43.399,2.27013,2.27087,1.00,1.00
2015.10.26 09:51:43.832,2.27013,2.27087,1.37,1.00
2015.10.26 09:51:49.362,2.27023,2.27097,1.00,1.00
2015.10.26 09:51:49.564,2.27034,2.27106,1.00,1.12
2015.10.26 09:51:53.766,2.27023,2.27097,1.75,1.00
2015.10.26 09:51:54.747,2.27034,2.27106,1.00,1.00
2015.10.26 09:51:54.835,2.27023,2.27097,1.75,1.00
2015.10.26 09:51:56.010,2.27021,2.27087,1.75,1.00
2015.10.26 09:51:57.255,2.27023,2.27097,1.75,1.00
2015.10.26 09:51:57.733,2.27034,2.27106,1.00,1.00
2015.10.26 09:52:00.042,2.27033,2.27107,1.00,1.00
2015.10.26 09:52:00.804,2.27044,2.27116,1.00,1.37
2015.10.26 09:52:00.905,2.27033,2.27107,1.00,1.00
2015.10.26 09:52:01.410,2.27034,2.27106,1.00,1.00
2015.10.26 09:52:02.493,2.27033,2.27107,1.00,1.00
2015.10.26 09:52:02.797,2.27044,2.27116,1.00,1.37
2015.10.26 09:52:03.001,2.27044,2.27116,1.00,1.00
2015.10.26 09:52:09.135,2.27043,2.27117,1.00,1.00
2015.10.26 09:52:11.005,2.27044,2.27116,1.00,1.00
2015.10.26 09:52:11.727,2.27043,2.27117,1.00,1.00
2015.10.26 09:52:12.386,2.27044,2.27116,1.00,1.00
2015.10.26 09:52:13.016,2.27043,2.27117,1.00,1.00
2015.10.26 09:52:14.668,2.27052,2.27117,1.00,1.00
2015.10.26 09:52:14.886,2.27043,2.27117,1.00,1.00
2015.10.26 09:52:15.590,2.27044,2.27116,1.00,1.00
2015.10.26 09:52:22.257,2.27043,2.27117,1.00,1.00
2015.10.26 09:52:22.459,2.27043,2.27117,1.00,1.75
2015.10.26 09:52:22.762,2.27042,2.27096,1.00,1.00
2015.10.26 09:52:22.813,2.27031,2.27096,1.00,1.00
2015.10.26 09:52:23.325,2.27032,2.27096,1.00,1.00
2015.10.26 09:52:25.778,2.27031,2.27096,1.00,1.00
2015.10.26 09:52:26.081,2.27034,2.27106,1.00,1.00
2015.10.26 09:52:27.415,2.27031,2.27096,1.00,1.00
2015.10.26 09:52:28.662,2.27033,2.27107,1.00,1.00
2015.10.26 09:52:29.193,2.27031,2.27097,1.00,1.00
2015.10.26 09:52:33.384,2.27032,2.27096,1.00,1.00
2015.10.26 09:52:36.335,2.27024,2.27096,1.00,1.00
2015.10.26 09:52:39.264,2.27024,2.27096,1.37,1.00
2015.10.26 09:52:39.415,2.27034,2.27106,1.00,1.00
2015.10.26 09:52:39.517,2.27023,2.27097,1.75,1.00
2015.10.26 09:52:42.761,2.27013,2.27087,1.37,1.00
2015.10.26 09:52:43.063,2.27004,2.27076,1.37,1.00
2015.10.26 09:52:43.366,2.27002,2.27067,1.00,1.00
2015.10.26 09:52:43.618,2.26993,2.27067,1.00,1.00
2015.10.26 09:52:45.387,2.27002,2.27067,1.00,1.00
2015.10.26 09:52:47.315,2.27004,2.27076,1.00,1.00
2015.10.26 09:52:48.229,2.27013,2.27087,1.00,1.37
2015.10.26 09:52:48.330,2.27023,2.27097,1.00,1.75
2015.10.26 09:52:48.432,2.27024,2.27096,1.00,1.00
2015.10.26 09:52:49.869,2.27013,2.27087,1.00,1.00
2015.10.26 09:52:50.977,2.27023,2.27097,1.00,1.00
2015.10.26 09:52:51.487,2.27024,2.27096,1.00,1.00
2015.10.26 09:52:55.897,2.27013,2.27087,1.00,1.00
2015.10.26 09:52:58.889,2.27024,2.27096,1.00,1.00
2015.10.26 09:53:00.863,2.27014,2.27086,1.00,1.00
2015.10.26 09:53:01.681,2.27013,2.27087,1.00,1.00
2015.10.26 09:53:03.400,2.27021,2.27087,1.00,1.00
2015.10.26 09:53:03.943,2.27021,2.27086,1.00,1.00
2015.10.26 09:53:04.055,2.27023,2.27097,1.00,1.00
2015.10.26 09:53:04.256,2.27021,2.27087,1.00,1.00
2015.10.26 09:53:04.748,2.27014,2.27086,1.37,1.00
2015.10.26 09:53:05.049,2.27014,2.27085,1.00,1.37
2015.10.26 09:53:05.352,2.27014,2.27078,1.00,1.75
2015.10.26 09:53:05.806,2.26991,2.27056,1.00,1.00
2015.10.26 09:53:06.214,2.26983,2.27057,1.75,1.00
2015.10.26 09:53:08.211,2.26972,2.27037,1.00,1.00
2015.10.26 09:53:08.465,2.26973,2.27047,1.00,1.00
2015.10.26 09:53:08.844,2.26973,2.27047,1.37,1.00
2015.10.26 09:53:09.096,2.26984,2.27056,1.34,1.00
2015.10.26 09:53:09.147,2.26991,2.27056,1.00,1.00
2015.10.26 09:53:09.198,2.26994,2.27066,1.00,1.00
2015.10.26 09:53:09.677,2.26983,2.27057,1.12,1.00
2015.10.26 09:53:10.322,2.26994,2.27066,1.00,1.00
2015.10.26 09:53:11.056,2.26991,2.27057,1.00,1.00
2015.10.26 09:53:11.320,2.26983,2.27057,1.12,1.00
2015.10.26 09:53:13.285,2.26984,2.27056,1.00,1.00
2015.10.26 09:53:15.023,2.26983,2.27057,1.12,1.00
2015.10.26 09:53:19.873,2.26984,2.27056,1.00,1.00
2015.10.26 09:53:21.680,2.26981,2.27046,1.00,1.00
2015.10.26 09:53:21.933,2.26974,2.27046,1.00,1.00
2015.10.26 09:53:22.186,2.26971,2.27037,1.00,1.00
2015.10.26 09:53:22.338,2.26964,2.27036,1.12,1.00
2015.10.26 09:53:23.216,2.26973,2.27047,1.00,1.00
2015.10.26 09:53:23.519,2.26984,2.27056,1.00,1.75
2015.10.26 09:53:23.621,2.26984,2.27056,1.00,1.00
2015.10.26 09:53:25.272,2.26983,2.27057,1.00,1.00
2015.10.26 09:53:25.373,2.26993,2.27067,1.00,1.12
2015.10.26 09:53:25.894,2.26994,2.27066,1.12,1.00
2015.10.26 09:53:26.793,2.26993,2.27067,1.37,1.00
2015.10.26 09:53:30.480,2.26981,2.27036,1.37,1.00
2015.10.26 09:53:30.531,2.26981,2.27036,1.00,1.00
2015.10.26 09:53:32.305,2.26981,2.27037,1.00,1.00
2015.10.26 09:53:32.553,2.26971,2.27037,1.00,1.00
2015.10.26 09:53:33.656,2.26963,2.27037,1.75,1.00
2015.10.26 09:53:34.184,2.26961,2.27026,1.75,1.00
2015.10.26 09:53:34.335,2.26954,2.27026,1.12,1.00
2015.10.26 09:53:34.386,2.26952,2.27016,1.37,1.00
2015.10.26 09:53:34.437,2.26952,2.27016,1.00,1.00
2015.10.26 09:53:34.982,2.26964,2.27036,1.00,1.00
2015.10.26 09:53:35.553,2.26963,2.27037,1.37,1.00
2015.10.26 09:53:35.603,2.26974,2.27046,1.00,1.00
2015.10.26 09:53:39.002,2.26963,2.27037,1.75,1.00
2015.10.26 09:53:41.514,2.26962,2.27026,1.00,1.00
2015.10.26 09:53:42.233,2.26961,2.27026,1.00,1.00
2015.10.26 09:53:43.183,2.26963,2.27037,1.00,1.00
2015.10.26 09:53:43.285,2.26963,2.27037,1.37,1.00
2015.10.26 09:53:43.588,2.26963,2.27037,1.75,1.00
2015.10.26 09:53:50.463,2.26973,2.27047,1.00,1.00
2015.10.26 09:53:51.350,2.26971,2.27036,1.00,1.00
2015.10.26 09:53:51.401,2.26964,2.27036,1.37,1.00
2015.10.26 09:53:51.452,2.26953,2.27027,1.75,1.00
2015.10.26 09:53:53.164,2.26963,2.27037,1.75,1.00
2015.10.26 09:53:55.612,2.26964,2.27036,1.75,1.00
2015.10.26 09:53:59.103,2.26972,2.27036,1.00,1.00
2015.10.26 09:53:59.818,2.26964,2.27036,1.75,1.00
2015.10.26 09:54:00.272,2.26974,2.27046,1.00,1.00
2015.10.26 09:54:03.674,2.26963,2.27037,1.75,1.00
2015.10.26 09:54:06.843,2.26974,2.27046,1.00,1.00
2015.10.26 09:54:09.602,2.26964,2.27036,1.75,1.00
2015.10.26 09:54:10.445,2.26972,2.27036,1.00,1.00
2015.10.26 09:54:11.052,2.26971,2.27036,1.00,1.00
2015.10.26 09:54:11.848,2.26974,2.27046,1.75,1.00
2015.10.26 09:54:14.230,2.26972,2.27036,1.75,1.00
2015.10.26 09:54:14.575,2.26974,2.27046,1.75,1.00
2015.10.26 09:54:14.778,2.26972,2.27036,1.75,1.00
2015.10.26 09:54:15.294,2.26973,2.27047,1.75,1.00
2015.10.26 09:54:16.887,2.26972,2.27036,1.75,1.00
2015.10.26 09:54:18.952,2.26971,2.27037,1.75,1.00
2015.10.26 09:54:20.296,2.26974,2.27046,1.75,1.00
2015.10.26 09:54:20.892,2.26973,2.27047,1.75,1.00
2015.10.26 09:54:21.529,2.26974,2.27046,1.75,1.00
2015.10.26 09:54:22.672,2.26972,2.27037,1.75,1.00
2015.10.26 09:54:26.082,2.26973,2.27047,1.75,1.00
2015.10.26 09:54:27.818,2.26973,2.27047,1.00,1.00
2015.10.26 09:54:28.709,2.26974,2.27046,1.00,1.00
2015.10.26 09:54:29.960,2.26971,2.27037,1.37,1.00
2015.10.26 09:54:30.824,2.26973,2.27047,1.00,1.00
2015.10.26 09:54:30.876,2.26981,2.27047,1.00,1.00
2015.10.26 09:54:31.078,2.26984,2.27056,1.00,1.00
2015.10.26 09:54:31.871,2.26983,2.27057,1.00,1.00
2015.10.26 09:54:32.257,2.26982,2.27046,1.00,1.00
2015.10.26 09:54:33.161,2.26983,2.27057,1.00,1.00
2015.10.26 09:54:33.535,2.26982,2.27046,1.00,1.00
2015.10.26 09:54:34.064,2.26981,2.27046,1.12,1.00
2015.10.26 09:54:35.879,2.26974,2.27046,1.00,1.00
2015.10.26 09:54:36.030,2.26971,2.27037,1.12,1.00
2015.10.26 09:54:38.075,2.26971,2.27036,1.12,1.00
2015.10.26 09:54:38.894,2.26971,2.27037,1.12,1.00
2015.10.26 09:54:40.881,2.26974,2.27046,1.00,1.00
2015.10.26 09:54:42.982,2.26982,2.27046,1.00,1.00
2015.10.26 09:54:43.083,2.26973,2.27047,1.00,1.00
2015.10.26 09:54:43.184,2.26982,2.27047,1.00,1.00
2015.10.26 09:54:43.285,2.26973,2.27047,1.00,1.00
2015.10.26 09:54:44.014,2.26963,2.27037,1.75,1.00
2015.10.26 09:54:44.521,2.26971,2.27036,1.12,1.00
2015.10.26 09:54:44.572,2.26973,2.27047,1.00,1.00
2015.10.26 09:54:47.017,2.26974,2.27046,1.00,1.00
2015.10.26 09:54:50.355,2.26982,2.27046,1.00,1.00
2015.10.26 09:54:50.763,2.26984,2.27056,1.00,1.00
2015.10.26 09:54:50.817,2.26993,2.27067,1.00,1.00
2015.10.26 09:54:50.968,2.26983,2.27057,1.50,1.00
2015.10.26 09:54:51.457,2.26993,2.27067,1.12,1.00
2015.10.26 09:54:51.508,2.27001,2.27067,1.00,1.00
2015.10.26 09:54:51.811,2.27011,2.27077,1.00,1.00
2015.10.26 09:54:51.962,2.27014,2.27086,1.00,1.00
2015.10.26 09:54:53.381,2.27013,2.27087,1.00,1.00
2015.10.26 09:54:53.912,2.27014,2.27086,1.00,1.00
2015.10.26 09:54:56.464,2.27013,2.27087,1.00,1.00
2015.10.26 09:54:56.566,2.27012,2.27076,1.00,1.00
2015.10.26 09:54:59.001,2.27004,2.27076,1.00,1.00
2015.10.26 09:54:59.182,2.27011,2.27076,1.00,1.00
2015.10.26 09:55:00.412,2.27012,2.27076,1.00,1.00
2015.10.26 09:55:01.461,2.27011,2.27076,1.00,1.00
2015.10.26 09:55:02.289,2.27004,2.27076,1.00,1.00
2015.10.26 09:55:02.859,2.27001,2.27066,1.50,1.00
2015.10.26 09:55:03.210,2.27012,2.27066,1.00,1.00
2015.10.26 09:55:03.264,2.27012,2.27076,1.00,1.00
2015.10.26 09:55:03.612,2.27004,2.27076,1.00,1.00
2015.10.26 09:55:05.069,2.27002,2.27066,1.00,1.00
2015.10.26 09:55:05.940,2.27011,2.27066,1.00,1.00
2015.10.26 09:55:06.590,2.27012,2.27066,1.00,1.00
2015.10.26 09:55:07.228,2.27012,2.27076,1.00,1.00
2015.10.26 09:55:08.976,2.27004,2.27076,1.00,1.00
2015.10.26 09:55:09.027,2.27002,2.27066,1.00,1.00
2015.10.26 09:55:09.234,2.27003,2.27077,1.00,1.00
2015.10.26 09:55:11.646,2.27011,2.27077,1.00,1.00
2015.10.26 09:55:11.849,2.27003,2.27077,1.00,1.00
2015.10.26 09:55:11.900,2.27003,2.27077,1.00,1.37
2015.10.26 09:55:12.525,2.27003,2.27077,1.00,1.75
2015.10.26 09:55:12.576,2.26991,2.27057,1.00,1.00
2015.10.26 09:55:14.288,2.26992,2.27057,1.00,1.00
2015.10.26 09:55:16.674,2.26991,2.27057,1.00,1.00
2015.10.26 09:55:18.334,2.26991,2.27056,1.00,1.00
2015.10.26 09:55:19.547,2.26992,2.27056,1.00,1.00
2015.10.26 09:55:20.050,2.26991,2.27056,1.00,1.00
2015.10.26 09:55:20.554,2.26992,2.27056,1.00,1.00
2015.10.26 09:55:22.012,2.26991,2.27056,1.00,1.00
2015.10.26 09:55:22.653,2.26991,2.27057,1.00,1.00
2015.10.26 09:55:23.173,2.26994,2.27066,1.00,1.12
2015.10.26 09:55:23.875,2.26993,2.27067,1.00,1.37
2015.10.26 09:55:24.205,2.27011,2.27067,1.00,1.00
2015.10.26 09:55:24.768,2.27012,2.27067,1.00,1.00
2015.10.26 09:55:25.418,2.27012,2.27077,1.00,1.00
2015.10.26 09:55:25.621,2.27004,2.27076,1.00,1.00
2015.10.26 09:55:27.237,2.27012,2.27076,1.00,1.00
2015.10.26 09:55:29.332,2.27011,2.27076,1.00,1.00
2015.10.26 09:55:29.636,2.27002,2.27066,1.00,1.00
2015.10.26 09:55:30.842,2.27001,2.27066,1.00,1.00
2015.10.26 09:55:31.191,2.27012,2.27077,1.00,1.00
2015.10.26 09:55:31.644,2.27012,2.27067,1.00,1.00
2015.10.26 09:55:33.176,2.27011,2.27067,1.00,1.00
2015.10.26 09:55:34.831,2.27012,2.27067,1.00,1.00
2015.10.26 09:55:35.488,2.27001,2.27067,1.00,1.00
2015.10.26 09:55:36.285,2.27011,2.27067,1.00,1.00
2015.10.26 09:55:37.573,2.27001,2.27067,1.00,1.00
2015.10.26 09:55:37.725,2.27012,2.27066,1.00,1.00
2015.10.26 09:55:38.843,2.27011,2.27066,1.00,1.00
2015.10.26 09:55:38.893,2.27001,2.27066,1.00,1.00
2015.10.26 09:55:39.376,2.27011,2.27066,1.00,1.00
2015.10.26 09:55:44.834,2.27001,2.27066,1.00,1.00
2015.10.26 09:55:45.528,2.27011,2.27066,1.00,1.00
2015.10.26 09:55:45.921,2.27004,2.27076,1.00,1.00
2015.10.26 09:55:45.972,2.27011,2.27077,1.00,1.00
2015.10.26 09:55:46.174,2.27003,2.27077,1.00,1.00
2015.10.26 09:55:46.385,2.27001,2.27067,1.00,1.00
2015.10.26 09:55:46.965,2.27003,2.27077,1.00,1.00
2015.10.26 09:55:47.304,2.27001,2.27066,1.00,1.00
2015.10.26 09:55:49.922,2.27004,2.27076,1.00,1.00
2015.10.26 09:55:52.692,2.27003,2.27077,1.00,1.00
2015.10.26 09:55:57.443,2.27003,2.27075,1.00,1.12
2015.10.26 09:55:57.494,2.26993,2.27067,1.34,1.00
2015.10.26 09:55:57.544,2.26993,2.27067,1.00,1.37
2015.10.26 09:55:58.193,2.26981,2.27047,1.00,1.00
2015.10.26 09:55:58.495,2.26972,2.27036,1.12,1.00
2015.10.26 09:55:58.803,2.26974,2.27046,1.00,1.00
2015.10.26 09:55:58.854,2.26971,2.27037,1.00,1.00
2015.10.26 09:55:59.056,2.26963,2.27037,1.00,1.00
2015.10.26 09:55:59.358,2.26972,2.27037,1.00,1.00
2015.10.26 09:55:59.914,2.26974,2.27046,1.00,1.00
2015.10.26 09:56:00.826,2.26972,2.27037,1.12,1.00
2015.10.26 09:56:04.532,2.26973,2.27047,1.00,1.00
2015.10.26 09:56:05.107,2.26974,2.27046,1.00,1.00
2015.10.26 09:56:05.209,2.26984,2.27056,1.00,1.12
2015.10.26 09:56:05.664,2.26991,2.27057,1.00,1.37
2015.10.26 09:56:05.866,2.26983,2.27057,1.00,1.37
2015.10.26 09:56:06.323,2.26992,2.27057,1.00,1.37
2015.10.26 09:56:08.010,2.26992,2.27047,1.00,1.00
2015.10.26 09:56:09.135,2.26983,2.27057,1.00,1.37
2015.10.26 09:56:13.574,2.26992,2.27057,1.00,1.37
2015.10.26 09:56:15.099,2.26984,2.27056,1.00,1.12
2015.10.26 09:56:16.353,2.26992,2.27056,1.00,1.00
2015.10.26 09:56:16.556,2.26994,2.27066,1.00,1.00
2015.10.26 09:56:19.293,2.27003,2.27077,1.00,1.00
2015.10.26 09:56:20.594,2.27014,2.27086,1.00,1.00
2015.10.26 09:56:23.285,2.27014,2.27086,1.00,1.37
2015.10.26 09:56:23.587,2.27014,2.27085,1.00,1.50
2015.10.26 09:56:23.782,2.27003,2.27077,1.00,1.00
2015.10.26 09:56:25.565,2.27004,2.27076,1.00,1.00
2015.10.26 09:56:26.218,2.27003,2.27077,1.00,1.00
2015.10.26 09:56:30.313,2.27004,2.27076,1.00,1.00
2015.10.26 09:56:30.552,2.27012,2.27076,1.00,1.00
2015.10.26 09:56:31.028,2.27011,2.27077,1.37,1.00
2015.10.26 09:56:31.078,2.27014,2.27086,1.75,1.00
2015.10.26 09:56:31.942,2.27013,2.27087,1.75,1.00
2015.10.26 09:56:32.580,2.27014,2.27086,1.00,1.00
2015.10.26 09:56:33.388,2.27003,2.27077,1.12,1.00
2015.10.26 09:56:34.588,2.27013,2.27087,1.00,1.12
2015.10.26 09:56:34.891,2.27003,2.27077,1.12,1.00
2015.10.26 09:56:38.907,2.27001,2.27067,1.00,1.00
2015.10.26 09:56:39.059,2.26993,2.27067,1.12,1.00
2015.10.26 09:56:39.592,2.26994,2.27066,1.00,1.00
2015.10.26 09:56:40.178,2.26993,2.27067,1.12,1.00
2015.10.26 09:56:43.094,2.27001,2.27067,1.00,1.00
2015.10.26 09:56:43.533,2.26993,2.27067,1.12,1.00
2015.10.26 09:56:47.158,2.26994,2.27066,1.00,1.00
2015.10.26 09:56:47.909,2.27003,2.27077,1.00,1.00
2015.10.26 09:56:50.372,2.27004,2.27076,1.00,1.00
2015.10.26 09:56:50.423,2.26994,2.27066,1.00,1.00
2015.10.26 09:56:53.371,2.27003,2.27077,1.00,1.00
2015.10.26 09:56:54.024,2.27004,2.27076,1.00,1.00
2015.10.26 09:56:54.525,2.27003,2.27077,1.00,1.00
2015.10.26 09:56:58.431,2.27004,2.27076,1.00,1.00
2015.10.26 09:56:59.697,2.27004,2.27076,1.00,1.37
2015.10.26 09:57:00.545,2.27003,2.27077,1.00,1.37
2015.10.26 09:57:02.402,2.27004,2.27076,1.00,1.37
2015.10.26 09:57:03.978,2.27003,2.27077,1.00,1.37
2015.10.26 09:57:04.618,2.27004,2.27076,1.00,1.37
2015.10.26 09:57:05.141,2.26993,2.27067,1.00,1.00
2015.10.26 09:57:06.473,2.27003,2.27073,1.00,1.00
2015.10.26 09:57:06.574,2.26994,2.27066,1.00,1.00
2015.10.26 09:57:07.106,2.26993,2.27067,1.00,1.37
2015.10.26 09:57:07.978,2.26993,2.27067,1.00,1.37
2015.10.26 09:57:08.231,2.26993,2.27067,1.00,1.37
2015.10.26 09:57:08.332,2.26983,2.27057,1.00,1.00
2015.10.26 09:57:09.099,2.26991,2.27057,1.00,1.00
2015.10.26 09:57:09.352,2.26983,2.27057,1.00,1.00
2015.10.26 09:57:10.226,2.26993,2.27067,1.00,1.75
2015.10.26 09:57:11.004,2.26984,2.27056,1.00,1.00
2015.10.26 09:57:12.319,2.26994,2.27066,1.00,1.75
2015.10.26 09:57:13.554,2.26993,2.27067,1.00,1.37
2015.10.26 09:57:13.604,2.26993,2.27067,1.00,1.00
2015.10.26 09:57:14.058,2.26991,2.27056,1.00,1.00
2015.10.26 09:57:14.210,2.26994,2.27066,1.00,1.00
2015.10.26 09:57:14.946,2.26993,2.27067,1.00,1.00
2015.10.26 09:57:14.997,2.26992,2.27056,1.00,1.00
2015.10.26 09:57:15.729,2.26994,2.27066,1.00,1.00
2015.10.26 09:57:18.962,2.26993,2.27067,1.00,1.00
2015.10.26 09:57:19.467,2.26994,2.27066,1.00,1.00
2015.10.26 09:57:24.422,2.26993,2.27067,1.00,1.00
2015.10.26 09:57:30.683,2.26984,2.27056,1.00,1.00
2015.10.26 09:57:31.020,2.26992,2.27056,1.00,1.00
2015.10.26 09:57:31.071,2.26984,2.27056,1.00,1.00
2015.10.26 09:57:32.530,2.26983,2.27057,1.00,1.00
2015.10.26 09:57:32.792,2.26982,2.27046,1.00,1.00
2015.10.26 09:57:33.634,2.26981,2.27046,1.00,1.00
2015.10.26 09:57:34.031,2.26974,2.27046,1.12,1.00
2015.10.26 09:57:37.602,2.26983,2.27057,1.00,1.00
2015.10.26 09:57:38.105,2.26984,2.27056,1.00,1.00
2015.10.26 09:57:39.378,2.26983,2.27057,1.00,1.00
2015.10.26 09:57:41.692,2.26982,2.27047,1.00,1.00
2015.10.26 09:57:43.684,2.26982,2.27046,1.00,1.00
2015.10.26 09:57:44.251,2.26981,2.27046,1.00,1.00
2015.10.26 09:57:45.200,2.26983,2.27057,1.00,1.00
2015.10.26 09:57:45.402,2.26981,2.27047,1.00,1.00
2015.10.26 09:57:47.835,2.26981,2.27037,1.00,1.00
2015.10.26 09:57:48.274,2.26972,2.27037,1.00,1.00
2015.10.26 09:57:49.312,2.26971,2.27037,1.00,1.00
2015.10.26 09:57:49.422,2.26963,2.27037,1.75,1.00
2015.10.26 09:57:49.875,2.26974,2.27046,1.00,1.00
2015.10.26 09:57:50.470,2.26973,2.27047,1.00,1.00
2015.10.26 09:57:51.892,2.26974,2.27046,1.00,1.00
2015.10.26 09:57:53.923,2.26964,2.27036,1.75,1.00
2015.10.26 09:57:54.920,2.26972,2.27036,1.00,1.00
2015.10.26 09:57:54.971,2.26974,2.27046,1.00,1.00
2015.10.26 09:58:01.858,2.26972,2.27036,1.00,1.00
2015.10.26 09:58:02.569,2.26973,2.27047,1.00,1.00
2015.10.26 09:58:03.284,2.26973,2.27047,1.00,1.37
2015.10.26 09:58:03.771,2.26963,2.27037,1.00,1.00
2015.10.26 09:58:04.029,2.26962,2.27026,1.00,1.00
2015.10.26 09:58:04.080,2.26954,2.27026,1.00,1.00
2015.10.26 09:58:05.010,2.26951,2.27017,1.00,1.00
2015.10.26 09:58:05.060,2.26943,2.27017,1.09,1.00
2015.10.26 09:58:05.294,2.26952,2.27016,1.00,1.00
2015.10.26 09:58:05.396,2.26944,2.27016,1.00,1.00
2015.10.26 09:58:05.547,2.26953,2.27027,1.00,1.75
2015.10.26 09:58:05.800,2.26944,2.27016,1.00,1.00
2015.10.26 09:58:07.113,2.26954,2.27026,1.00,1.75
2015.10.26 09:58:07.840,2.26944,2.27016,1.00,1.00
2015.10.26 09:58:11.175,2.26954,2.27026,1.00,1.75
2015.10.26 09:58:11.276,2.26943,2.27017,1.00,1.00
2015.10.26 09:58:11.780,2.26944,2.27016,1.00,1.00
2015.10.26 09:58:12.634,2.26953,2.27027,1.12,1.37
2015.10.26 09:58:12.685,2.26953,2.27027,1.12,1.00
2015.10.26 09:58:12.838,2.26964,2.27036,1.00,1.00
2015.10.26 09:58:13.344,2.26964,2.27035,1.00,1.00
2015.10.26 09:58:13.647,2.26964,2.27036,1.00,1.37
2015.10.26 09:58:13.698,2.26953,2.27027,1.00,1.12
2015.10.26 09:58:14.919,2.26943,2.27017,1.12,1.00
2015.10.26 09:58:17.678,2.26954,2.27026,1.00,1.00
2015.10.26 09:58:18.333,2.26943,2.27017,1.12,1.00
2015.10.26 09:58:18.879,2.26944,2.27016,1.00,1.00
2015.10.26 09:58:21.284,2.26942,2.27007,1.00,1.00
2015.10.26 09:58:22.244,2.26941,2.27007,1.00,1.00
2015.10.26 09:58:22.842,2.26943,2.27017,1.00,1.37
2015.10.26 09:58:22.942,2.26941,2.27007,1.00,1.00
2015.10.26 09:58:26.621,2.26933,2.27007,1.00,1.00
2015.10.26 09:58:27.599,2.26954,2.27026,1.00,1.37
2015.10.26 09:58:27.650,2.26954,2.27026,1.00,1.00
2015.10.26 09:58:27.969,2.26954,2.27026,1.37,1.00
2015.10.26 09:58:28.020,2.26964,2.27036,1.00,1.00
2015.10.26 09:58:28.071,2.26964,2.27036,1.37,1.00
2015.10.26 09:58:28.222,2.26974,2.27046,1.00,1.00
2015.10.26 09:58:28.324,2.26984,2.27056,1.00,1.75
2015.10.26 09:58:28.908,2.26983,2.27057,1.00,1.37
2015.10.26 09:58:28.958,2.26983,2.27057,1.00,1.00
2015.10.26 09:58:29.160,2.26983,2.27057,1.00,1.37
2015.10.26 09:58:29.413,2.26973,2.27047,1.00,1.37
2015.10.26 09:58:29.515,2.26972,2.27037,1.00,1.00
2015.10.26 09:58:29.616,2.26963,2.27037,1.00,1.00
2015.10.26 09:58:32.039,2.26974,2.27046,1.00,1.50
2015.10.26 09:58:35.891,2.26974,2.27036,1.00,1.00
2015.10.26 09:58:36.010,2.26964,2.27036,1.00,1.00
2015.10.26 09:58:42.354,2.26963,2.27037,1.00,1.00
2015.10.26 09:58:42.965,2.26964,2.27036,1.00,1.00
2015.10.26 09:58:47.415,2.26963,2.27037,1.00,1.12
2015.10.26 09:58:47.880,2.26954,2.27026,1.00,1.00
2015.10.26 09:58:48.333,2.26943,2.27017,1.00,1.00
2015.10.26 09:58:57.098,2.26943,2.27017,1.00,1.37
2015.10.26 09:58:57.149,2.26934,2.27006,1.00,1.00
2015.10.26 09:59:00.578,2.26943,2.27017,1.00,1.75
2015.10.26 09:59:01.340,2.26954,2.27026,1.00,1.75
2015.10.26 09:59:01.854,2.26953,2.27027,1.00,1.75
2015.10.26 09:59:03.829,2.26954,2.27026,1.00,1.75
2015.10.26 09:59:05.819,2.26943,2.27017,1.00,1.00
2015.10.26 09:59:06.028,2.26954,2.27026,1.00,1.75
2015.10.26 09:59:08.335,2.26943,2.27017,1.00,1.00
2015.10.26 09:59:08.385,2.26964,2.27029,1.00,1.75
2015.10.26 09:59:08.559,2.26954,2.27026,1.00,1.75
2015.10.26 09:59:09.077,2.26953,2.27027,1.00,1.75
2015.10.26 09:59:10.033,2.26944,2.27016,1.00,1.00
2015.10.26 09:59:10.098,2.26954,2.27026,1.00,1.75
2015.10.26 09:59:12.315,2.26943,2.27017,1.00,1.00
2015.10.26 09:59:16.038,2.26954,2.27026,1.00,1.75
2015.10.26 09:59:17.054,2.26954,2.27026,1.00,1.37
2015.10.26 09:59:17.258,2.26944,2.27016,1.00,1.00
2015.10.26 09:59:17.669,2.26952,2.27016,1.00,1.00
2015.10.26 09:59:17.720,2.26944,2.27016,1.00,1.00
2015.10.26 09:59:17.821,2.26953,2.27027,1.00,1.50
2015.10.26 09:59:18.688,2.26953,2.27027,1.00,1.12
2015.10.26 09:59:19.414,2.26953,2.27027,1.00,1.37
2015.10.26 09:59:19.920,2.26953,2.27027,1.00,1.00
2015.10.26 09:59:21.198,2.26953,2.27027,1.00,1.37
2015.10.26 09:59:21.879,2.26953,2.27027,1.00,1.00
2015.10.26 09:59:22.131,2.26964,2.27036,1.00,1.37
2015.10.26 09:59:23.185,2.26953,2.27027,1.00,1.00
2015.10.26 09:59:23.308,2.26943,2.27017,1.75,1.00
2015.10.26 09:59:23.460,2.26943,2.27017,1.37,1.00
2015.10.26 09:59:23.511,2.26943,2.27017,1.00,1.00
2015.10.26 09:59:24.759,2.26953,2.27027,1.00,1.12
2015.10.26 09:59:25.091,2.26963,2.27037,1.00,1.12
2015.10.26 09:59:25.394,2.26954,2.27026,1.00,1.00
2015.10.26 09:59:25.946,2.26962,2.27026,1.00,1.00
2015.10.26 09:59:26.460,2.26961,2.27026,1.00,1.00
2015.10.26 09:59:26.938,2.26964,2.27036,1.00,1.00
2015.10.26 09:59:27.411,2.26961,2.27027,1.00,1.00
2015.10.26 09:59:27.656,2.26953,2.27027,1.00,1.00
2015.10.26 09:59:27.808,2.26953,2.27027,1.00,1.37
2015.10.26 09:59:28.270,2.26952,2.27016,1.00,1.00
2015.10.26 09:59:28.371,2.26953,2.27027,1.00,1.75
2015.10.26 09:59:28.623,2.26951,2.27017,1.00,1.00
2015.10.26 09:59:30.989,2.26954,2.27026,1.00,1.75
2015.10.26 09:59:32.107,2.26954,2.27026,1.00,1.37
2015.10.26 09:59:32.685,2.26963,2.27037,1.00,1.00
2015.10.26 09:59:34.865,2.26954,2.27026,1.75,1.00
2015.10.26 09:59:35.119,2.26954,2.27026,1.37,1.00
2015.10.26 09:59:35.170,2.26954,2.27026,1.00,1.00
2015.10.26 09:59:35.523,2.26964,2.27036,1.00,1.00
2015.10.26 09:59:36.424,2.26964,2.27036,1.00,1.37
2015.10.26 09:59:36.989,2.26964,2.27036,1.00,1.00
2015.10.26 09:59:39.933,2.26962,2.27026,1.00,1.00
2015.10.26 09:59:40.138,2.26963,2.27037,1.00,1.00
2015.10.26 09:59:44.417,2.26964,2.27036,1.00,1.00
2015.10.26 09:59:45.297,2.26963,2.27037,1.00,1.00
2015.10.26 09:59:48.271,2.26962,2.27027,1.00,1.00
2015.10.26 09:59:52.299,2.26953,2.27027,1.00,1.00
2015.10.26 09:59:52.451,2.26952,2.27006,1.00,1.00
2015.10.26 09:59:52.900,2.26934,2.27006,1.00,1.00
2015.10.26 09:59:52.950,2.26932,2.26996,1.00,1.00
2015.10.26 09:59:53.252,2.26943,2.27017,1.00,1.75
2015.10.26 09:59:53.354,2.26943,2.27017,1.00,1.37
2015.10.26 09:59:53.455,2.26944,2.27016,1.00,1.00
2015.10.26 09:59:53.556,2.26953,2.27027,1.00,1.75
2015.10.26 09:59:55.098,2.26954,2.27026,1.00,1.75
2015.10.26 09:59:55.891,2.26953,2.27027,1.00,1.75
2015.10.26 09:59:55.993,2.26943,2.27017,1.00,1.00
2015.10.26 09:59:56.447,2.26954,2.27026,1.00,1.75
2015.10.26 09:59:56.649,2.26944,2.27016,1.00,1.00
