2015.11.26 15:00:01.342,2.29911,2.29987,1.00,1.50
2015.11.26 15:00:01.466,2.29903,2.29985,1.00,1.75
2015.11.26 15:00:01.668,2.29901,2.29976,1.00,1.12
2015.11.26 15:00:01.870,2.29901,2.29966,1.00,1.00
2015.11.26 15:00:01.971,2.29901,2.29976,1.00,1.12
2015.11.26 15:00:02.384,2.29902,2.29977,1.00,1.37
2015.11.26 15:00:02.647,2.29891,2.29957,1.00,1.00
2015.11.26 15:00:02.903,2.29881,2.29956,1.00,1.00
2015.11.26 15:00:03.054,2.29881,2.29956,1.00,1.37
2015.11.26 15:00:03.412,2.29872,2.29947,1.00,1.50
2015.11.26 15:00:03.617,2.29863,2.29947,1.00,1.50
2015.11.26 15:00:04.120,2.29864,2.29946,1.00,1.12
2015.11.26 15:00:05.058,2.29861,2.29937,1.00,1.00
2015.11.26 15:00:05.385,2.29861,2.29936,1.00,1.37
2015.11.26 15:00:05.725,2.29861,2.29927,1.00,1.00
2015.11.26 15:00:05.960,2.29853,2.29927,1.00,1.00
2015.11.26 15:00:10.334,2.29852,2.29927,1.00,1.00
2015.11.26 15:00:11.557,2.29853,2.29937,1.00,1.37
2015.11.26 15:00:12.454,2.29862,2.29937,1.00,1.37
2015.11.26 15:00:13.127,2.29853,2.29937,1.00,1.37
2015.11.26 15:00:16.099,2.29851,2.29927,1.00,1.00
2015.11.26 15:00:16.151,2.29849,2.29927,1.00,1.00
2015.11.26 15:00:16.252,2.29854,2.29936,1.00,1.37
2015.11.26 15:00:16.424,2.29848,2.29926,1.87,1.00
2015.11.26 15:00:19.164,2.29846,2.29927,1.37,1.00
2015.11.26 15:00:19.467,2.29841,2.29917,1.37,1.00
2015.11.26 15:00:19.517,2.29841,2.29917,1.00,1.00
2015.11.26 15:00:20.288,2.29839,2.29917,1.00,1.00
2015.11.26 15:00:20.389,2.29844,2.29925,1.00,2.25
2015.11.26 15:00:20.490,2.29834,2.29917,1.00,1.12
2015.11.26 15:00:20.995,2.29833,2.29917,1.00,1.12
2015.11.26 15:00:21.161,2.2983,2.29906,1.00,1.00
2015.11.26 15:00:21.501,2.29832,2.29906,1.00,1.00
2015.11.26 15:00:21.703,2.29839,2.29917,1.00,1.12
2015.11.26 15:00:21.804,2.29841,2.29917,1.00,1.12
2015.11.26 15:00:22.106,2.29847,2.29926,1.00,1.00
2015.11.26 15:00:22.198,2.29852,2.29926,1.00,1.00
2015.11.26 15:00:22.499,2.29857,2.29927,1.00,1.00
2015.11.26 15:00:22.550,2.29854,2.29937,1.00,1.75
2015.11.26 15:00:22.701,2.29855,2.29926,1.00,1.00
2015.11.26 15:00:22.751,2.29853,2.29926,1.00,1.00
2015.11.26 15:00:23.298,2.29852,2.29926,1.50,1.00
2015.11.26 15:00:23.398,2.29853,2.29937,1.00,1.75
2015.11.26 15:00:24.052,2.29854,2.29936,1.00,1.75
2015.11.26 15:00:24.103,2.29852,2.29927,1.00,1.00
2015.11.26 15:00:24.204,2.29844,2.29927,1.00,1.00
2015.11.26 15:00:24.751,2.29843,2.29927,1.50,1.00
2015.11.26 15:00:25.004,2.29846,2.29927,1.00,1.00
2015.11.26 15:00:25.473,2.29844,2.29927,1.00,1.00
2015.11.26 15:00:26.059,2.29846,2.29927,1.00,1.00
2015.11.26 15:00:26.593,2.29845,2.29927,1.00,1.00
2015.11.26 15:00:26.963,2.29851,2.29926,1.00,1.00
2015.11.26 15:00:27.664,2.29852,2.29926,1.00,1.00
2015.11.26 15:00:28.613,2.29844,2.29926,1.50,1.00
2015.11.26 15:00:28.664,2.2985,2.29926,1.00,1.00
2015.11.26 15:00:28.866,2.29845,2.29926,1.00,1.00
2015.11.26 15:00:29.067,2.29841,2.29917,1.50,1.00
2015.11.26 15:00:29.595,2.29852,2.29917,1.00,1.00
2015.11.26 15:00:29.925,2.29842,2.29917,1.50,1.00
2015.11.26 15:00:29.976,2.29844,2.29917,1.00,1.00
2015.11.26 15:00:30.473,2.29841,2.29917,1.50,1.00
2015.11.26 15:00:30.792,2.29843,2.29917,1.00,1.00
2015.11.26 15:00:31.372,2.29842,2.29917,1.00,1.00
2015.11.26 15:00:33.784,2.29852,2.29917,1.00,1.00
2015.11.26 15:00:33.970,2.29853,2.29937,1.00,1.75
2015.11.26 15:00:34.021,2.29855,2.29937,1.00,1.00
2015.11.26 15:00:34.323,2.29855,2.29937,2.25,1.00
2015.11.26 15:00:36.146,2.29857,2.29937,1.00,1.75
2015.11.26 15:00:36.448,2.29844,2.29926,1.00,1.75
2015.11.26 15:00:37.225,2.29845,2.29927,1.00,1.75
2015.11.26 15:00:37.326,2.29843,2.29925,1.00,1.75
2015.11.26 15:00:37.427,2.29833,2.29917,1.00,1.75
2015.11.26 15:00:37.529,2.29832,2.29906,1.50,1.00
2015.11.26 15:00:38.031,2.29832,2.29907,1.00,1.00
2015.11.26 15:00:38.374,2.29821,2.29897,1.00,1.75
2015.11.26 15:00:38.526,2.29814,2.29896,1.00,1.75
2015.11.26 15:00:39.030,2.29815,2.29897,1.00,1.75
2015.11.26 15:00:39.555,2.29814,2.29897,1.00,1.75
2015.11.26 15:00:39.757,2.29821,2.29897,1.00,1.75
2015.11.26 15:00:40.917,2.29824,2.29896,1.00,1.75
2015.11.26 15:00:43.037,2.29814,2.29896,1.00,2.25
2015.11.26 15:00:43.093,2.29814,2.29896,1.00,1.75
2015.11.26 15:00:43.443,2.29822,2.29897,1.00,1.75
2015.11.26 15:00:44.548,2.29822,2.29897,1.00,1.50
2015.11.26 15:00:45.052,2.29821,2.29897,1.00,1.50
2015.11.26 15:00:46.755,2.29823,2.29897,1.00,1.50
2015.11.26 15:00:49.320,2.29815,2.29896,1.00,1.12
2015.11.26 15:00:49.847,2.29814,2.29896,1.50,1.12
2015.11.26 15:00:51.377,2.29821,2.29896,1.00,1.12
2015.11.26 15:00:52.371,2.29814,2.29896,1.00,1.12
2015.11.26 15:00:53.244,2.29821,2.29896,1.00,1.12
2015.11.26 15:00:53.574,2.29814,2.29896,1.00,1.12
2015.11.26 15:00:54.343,2.29822,2.29896,1.00,1.12
2015.11.26 15:00:55.784,2.29814,2.29896,1.00,1.12
2015.11.26 15:00:55.925,2.29822,2.29896,1.00,1.12
2015.11.26 15:00:56.325,2.29814,2.29896,1.00,1.12
2015.11.26 15:00:57.535,2.29822,2.29896,1.00,1.12
2015.11.26 15:00:59.728,2.29823,2.29905,1.00,1.75
2015.11.26 15:01:00.294,2.29824,2.29896,1.00,1.00
2015.11.26 15:01:02.387,2.29823,2.29905,1.00,1.75
2015.11.26 15:01:04.601,2.29813,2.29897,1.00,1.12
2015.11.26 15:01:04.652,2.29813,2.29889,1.00,1.00
2015.11.26 15:01:04.954,2.29803,2.29885,1.00,1.75
2015.11.26 15:01:05.005,2.29793,2.29877,1.00,1.00
2015.11.26 15:01:10.213,2.29794,2.29866,1.00,1.00
2015.11.26 15:01:12.617,2.29793,2.29867,1.00,1.00
2015.11.26 15:01:13.582,2.29793,2.29877,1.00,1.00
2015.11.26 15:01:18.323,2.29801,2.29877,1.00,1.00
2015.11.26 15:01:18.763,2.29803,2.29887,1.00,1.75
2015.11.26 15:01:19.754,2.29811,2.29887,1.00,1.75
2015.11.26 15:01:20.353,2.29803,2.29887,1.00,1.75
2015.11.26 15:01:20.920,2.29803,2.29886,1.00,1.75
2015.11.26 15:01:20.971,2.29801,2.29876,1.00,1.00
2015.11.26 15:01:21.493,2.29801,2.29877,1.00,1.00
2015.11.26 15:01:22.438,2.29802,2.29877,1.00,1.00
2015.11.26 15:01:23.509,2.29801,2.29877,1.00,1.00
2015.11.26 15:01:33.282,2.29812,2.29876,1.00,1.00
2015.11.26 15:01:33.760,2.29802,2.29876,1.00,1.00
2015.11.26 15:01:34.272,2.29801,2.29877,1.00,1.00
2015.11.26 15:01:41.778,2.29801,2.29876,1.00,1.12
2015.11.26 15:01:42.373,2.29802,2.29877,1.00,1.50
2015.11.26 15:01:42.599,2.29792,2.29867,1.00,1.00
2015.11.26 15:01:43.402,2.29792,2.29866,1.00,1.00
2015.11.26 15:01:44.065,2.29791,2.29866,1.00,1.00
2015.11.26 15:01:47.808,2.29793,2.29877,1.00,1.50
2015.11.26 15:01:52.624,2.29793,2.29877,1.00,1.50
2015.11.26 15:01:53.851,2.29794,2.29876,1.00,2.25
2015.11.26 15:01:54.103,2.29792,2.29866,1.00,1.00
2015.11.26 15:01:54.204,2.29783,2.29867,1.00,1.12
2015.11.26 15:01:54.786,2.29784,2.29866,1.00,1.37
2015.11.26 15:01:55.103,2.29784,2.29856,1.00,1.00
2015.11.26 15:01:57.253,2.29783,2.29867,1.00,1.00
2015.11.26 15:01:57.304,2.29803,2.29867,1.00,1.00
2015.11.26 15:01:57.544,2.29811,2.29887,1.00,1.37
2015.11.26 15:01:57.645,2.29811,2.29887,1.00,1.00
2015.11.26 15:01:58.161,2.29811,2.29886,1.00,1.00
2015.11.26 15:01:58.952,2.29812,2.29886,1.00,1.00
2015.11.26 15:01:59.465,2.29811,2.29886,1.00,1.00
2015.11.26 15:02:01.552,2.29812,2.29886,1.00,1.00
2015.11.26 15:02:01.653,2.29813,2.29897,1.00,1.75
2015.11.26 15:02:02.162,2.29814,2.29896,1.00,1.75
2015.11.26 15:02:02.654,2.29822,2.29896,1.00,1.75
2015.11.26 15:02:03.354,2.29821,2.29896,1.00,1.75
2015.11.26 15:02:07.139,2.29821,2.29896,1.00,1.37
2015.11.26 15:02:07.190,2.29821,2.29896,1.00,1.00
2015.11.26 15:02:07.935,2.29814,2.29896,1.00,1.00
2015.11.26 15:02:08.442,2.29813,2.29897,1.12,1.00
2015.11.26 15:02:09.935,2.29814,2.29896,1.00,1.00
2015.11.26 15:02:11.782,2.29821,2.29896,1.00,1.00
2015.11.26 15:02:12.255,2.29814,2.29896,1.50,1.00
2015.11.26 15:02:17.102,2.29822,2.29896,1.00,1.00
2015.11.26 15:02:17.616,2.29824,2.29906,1.00,1.75
2015.11.26 15:02:21.162,2.29821,2.29896,1.00,1.00
2015.11.26 15:02:23.211,2.29821,2.29897,1.00,1.00
2015.11.26 15:02:28.862,2.29813,2.29897,1.00,1.00
2015.11.26 15:02:29.598,2.29814,2.29896,1.00,1.00
2015.11.26 15:02:32.684,2.29821,2.29896,1.00,1.00
2015.11.26 15:02:33.228,2.29821,2.29897,1.00,1.00
2015.11.26 15:02:35.879,2.29813,2.29897,1.00,1.00
2015.11.26 15:02:36.641,2.29822,2.29897,1.00,1.00
2015.11.26 15:02:40.048,2.29821,2.29897,1.00,1.00
2015.11.26 15:02:40.353,2.29824,2.29896,1.00,1.00
2015.11.26 15:02:40.605,2.29831,2.29906,1.00,1.00
2015.11.26 15:02:42.192,2.29824,2.29906,1.00,1.00
2015.11.26 15:02:43.021,2.29831,2.29906,1.00,1.00
2015.11.26 15:02:43.912,2.29831,2.29897,1.00,1.00
2015.11.26 15:02:44.280,2.29823,2.29897,1.00,1.00
2015.11.26 15:02:44.481,2.29821,2.29897,1.00,1.00
2015.11.26 15:02:44.563,2.29813,2.29897,1.00,1.00
2015.11.26 15:02:44.613,2.29813,2.29897,1.00,1.37
2015.11.26 15:02:44.765,2.29804,2.29887,1.00,1.75
2015.11.26 15:02:45.313,2.29805,2.29887,1.00,1.75
2015.11.26 15:02:45.453,2.29805,2.29887,1.50,1.00
2015.11.26 15:02:46.768,2.29812,2.29887,1.00,1.00
2015.11.26 15:02:46.858,2.29813,2.29897,1.00,1.75
2015.11.26 15:02:47.010,2.29815,2.29897,1.00,1.75
2015.11.26 15:02:47.060,2.29815,2.29897,1.37,1.00
2015.11.26 15:02:47.211,2.29822,2.29896,1.00,1.00
2015.11.26 15:02:47.513,2.29824,2.29896,1.00,1.00
2015.11.26 15:02:48.198,2.29822,2.29897,1.00,1.00
2015.11.26 15:02:49.071,2.29821,2.29897,1.00,1.00
2015.11.26 15:02:50.928,2.29821,2.29886,1.00,1.00
2015.11.26 15:02:57.502,2.29821,2.29896,1.00,1.37
2015.11.26 15:02:57.983,2.29821,2.29886,1.00,1.00
2015.11.26 15:02:58.639,2.29822,2.29886,1.00,1.00
2015.11.26 15:03:00.251,2.29822,2.29896,1.00,1.37
2015.11.26 15:03:01.400,2.29811,2.29886,1.00,1.00
2015.11.26 15:03:01.501,2.29814,2.29896,1.00,1.37
2015.11.26 15:03:01.653,2.29821,2.29896,1.00,1.37
2015.11.26 15:03:01.960,2.29823,2.29907,1.00,1.75
2015.11.26 15:03:02.174,2.29823,2.29897,1.00,1.00
2015.11.26 15:03:04.006,2.29824,2.29906,1.00,1.75
2015.11.26 15:03:05.201,2.29821,2.29896,1.00,1.00
2015.11.26 15:03:05.754,2.29822,2.29896,1.00,1.00
2015.11.26 15:03:07.841,2.29822,2.29897,1.00,1.00
2015.11.26 15:03:08.344,2.29821,2.29897,1.00,1.00
2015.11.26 15:03:08.395,2.29824,2.29906,1.00,1.75
2015.11.26 15:03:08.845,2.29833,2.29917,1.00,2.25
2015.11.26 15:03:08.896,2.29833,2.29917,1.00,2.25
2015.11.26 15:03:08.946,2.29834,2.29906,1.00,1.00
2015.11.26 15:03:09.198,2.29832,2.29906,1.00,1.00
2015.11.26 15:03:10.789,2.29831,2.29906,1.00,1.00
2015.11.26 15:03:11.399,2.29832,2.29906,1.00,1.00
2015.11.26 15:03:13.781,2.29832,2.29897,1.00,1.00
2015.11.26 15:03:13.832,2.29823,2.29897,1.12,1.00
2015.11.26 15:03:14.033,2.29823,2.29907,1.12,1.00
2015.11.26 15:03:14.556,2.29823,2.29897,1.12,1.00
2015.11.26 15:03:15.116,2.29817,2.29896,1.75,1.00
2015.11.26 15:03:17.080,2.29822,2.29897,1.50,1.00
2015.11.26 15:03:19.311,2.29824,2.29906,1.00,1.00
2015.11.26 15:03:24.230,2.29823,2.29907,1.12,1.00
2015.11.26 15:03:24.281,2.29831,2.29907,1.50,1.00
2015.11.26 15:03:24.822,2.29832,2.29906,1.00,1.00
2015.11.26 15:03:25.371,2.29831,2.29906,1.00,1.00
2015.11.26 15:03:30.212,2.29825,2.29906,1.50,1.00
2015.11.26 15:03:30.830,2.29824,2.29907,1.75,1.00
2015.11.26 15:03:31.310,2.29824,2.29896,1.37,1.00
2015.11.26 15:03:31.361,2.29824,2.29896,1.00,1.00
2015.11.26 15:03:41.641,2.29824,2.29906,1.00,1.00
2015.11.26 15:03:42.172,2.29821,2.29897,1.00,1.00
2015.11.26 15:03:42.674,2.29822,2.29897,1.00,1.00
2015.11.26 15:03:47.059,2.29821,2.29897,1.00,1.00
2015.11.26 15:03:47.360,2.29802,2.29866,1.00,1.00
2015.11.26 15:03:47.511,2.29791,2.29866,1.00,1.00
2015.11.26 15:03:48.063,2.29791,2.29867,1.00,1.00
2015.11.26 15:03:51.833,2.29792,2.29867,1.00,1.00
2015.11.26 15:03:56.160,2.29792,2.29866,1.00,1.00
2015.11.26 15:03:59.010,2.29791,2.29866,1.00,1.00
2015.11.26 15:04:00.415,2.29787,2.29866,1.00,1.00
2015.11.26 15:04:00.636,2.29785,2.29866,1.00,1.00
2015.11.26 15:04:01.173,2.29785,2.29867,1.00,1.00
2015.11.26 15:04:01.739,2.29784,2.29867,1.00,1.00
2015.11.26 15:04:02.619,2.29791,2.29867,1.00,1.00
2015.11.26 15:04:05.810,2.29794,2.29866,1.00,1.00
2015.11.26 15:04:09.109,2.29793,2.29877,1.00,1.75
2015.11.26 15:04:09.520,2.29793,2.29877,1.00,1.37
2015.11.26 15:04:10.671,2.29792,2.29866,1.00,1.00
2015.11.26 15:04:13.509,2.29785,2.29866,1.50,1.00
2015.11.26 15:04:14.060,2.29794,2.29876,1.00,1.37
2015.11.26 15:04:17.185,2.29794,2.29877,1.37,1.37
2015.11.26 15:04:17.585,2.29803,2.29887,1.50,1.12
2015.11.26 15:04:17.636,2.29805,2.29887,1.75,1.00
2015.11.26 15:04:17.938,2.29822,2.29896,1.00,1.00
2015.11.26 15:04:18.039,2.29824,2.29906,1.00,1.00
2015.11.26 15:04:20.266,2.29824,2.29896,1.00,1.00
2015.11.26 15:04:21.994,2.29813,2.29897,1.75,1.00
2015.11.26 15:04:22.046,2.29813,2.29897,1.00,1.00
2015.11.26 15:04:22.298,2.29821,2.29896,1.00,1.00
2015.11.26 15:04:22.600,2.29821,2.29886,1.00,1.00
2015.11.26 15:04:22.751,2.29811,2.29886,1.00,1.00
2015.11.26 15:04:23.265,2.29811,2.29887,1.00,1.00
2015.11.26 15:04:24.633,2.29814,2.29886,1.00,1.00
2015.11.26 15:04:24.734,2.29813,2.29897,1.00,1.00
2015.11.26 15:04:25.281,2.29814,2.29896,1.00,1.00
2015.11.26 15:04:26.837,2.29811,2.29887,1.00,1.00
2015.11.26 15:04:27.039,2.29803,2.29887,1.00,1.00
2015.11.26 15:04:27.791,2.29808,2.29887,1.00,1.00
2015.11.26 15:04:28.295,2.29813,2.29897,1.00,1.75
2015.11.26 15:04:28.346,2.29813,2.29897,1.00,1.00
2015.11.26 15:04:28.942,2.29814,2.29896,1.00,1.00
2015.11.26 15:04:28.993,2.29816,2.29896,1.00,1.00
2015.11.26 15:04:29.647,2.29815,2.29897,1.00,1.00
2015.11.26 15:04:29.951,2.29821,2.29896,1.00,1.00
2015.11.26 15:04:30.253,2.29814,2.29896,1.00,1.00
2015.11.26 15:04:30.442,2.29811,2.29887,1.37,1.00
2015.11.26 15:04:30.979,2.29821,2.29887,1.00,1.00
2015.11.26 15:04:31.528,2.29821,2.29886,1.00,1.00
2015.11.26 15:04:35.828,2.29832,2.29886,1.00,1.00
2015.11.26 15:04:35.935,2.29832,2.29896,1.00,1.00
2015.11.26 15:04:36.078,2.29832,2.29906,1.00,1.75
2015.11.26 15:04:36.589,2.29831,2.29906,1.00,1.75
2015.11.26 15:04:37.059,2.29824,2.29905,1.00,1.75
2015.11.26 15:04:37.161,2.29814,2.29896,1.00,1.00
2015.11.26 15:04:37.408,2.29813,2.29897,1.00,1.00
2015.11.26 15:04:41.593,2.29813,2.29887,1.00,1.00
2015.11.26 15:04:43.073,2.29812,2.29887,1.12,1.00
2015.11.26 15:04:43.882,2.29809,2.29887,1.75,1.00
2015.11.26 15:04:46.771,2.29803,2.29877,1.75,1.00
2015.11.26 15:04:49.928,2.29814,2.29896,1.00,1.00
2015.11.26 15:04:50.029,2.29812,2.29887,1.37,1.00
2015.11.26 15:04:52.690,2.29812,2.29887,1.00,1.00
2015.11.26 15:04:54.904,2.29812,2.29886,1.00,1.00
2015.11.26 15:04:59.048,2.29812,2.29887,1.00,1.00
2015.11.26 15:04:59.750,2.29812,2.29886,1.00,1.00
2015.11.26 15:05:03.240,2.29811,2.29886,1.00,1.00
2015.11.26 15:05:04.088,2.29812,2.29886,1.00,1.00
2015.11.26 15:05:04.969,2.29822,2.29886,1.00,1.00
2015.11.26 15:05:05.124,2.29821,2.29897,1.12,1.00
2015.11.26 15:05:05.225,2.29824,2.29906,1.00,1.00
2015.11.26 15:05:07.058,2.29831,2.29906,1.00,1.00
2015.11.26 15:05:07.136,2.29833,2.29917,1.00,1.75
2015.11.26 15:05:07.237,2.29833,2.29917,1.12,1.00
2015.11.26 15:05:11.699,2.29834,2.29916,1.00,1.00
2015.11.26 15:05:12.240,2.29833,2.29917,1.12,1.00
2015.11.26 15:05:12.291,2.29831,2.29907,1.87,1.00
2015.11.26 15:05:12.392,2.29833,2.29917,1.12,1.00
2015.11.26 15:05:15.918,2.29834,2.29916,1.00,1.00
2015.11.26 15:05:16.799,2.29831,2.29906,1.37,1.00
2015.11.26 15:05:24.665,2.29826,2.29906,1.75,1.00
2015.11.26 15:05:24.816,2.29834,2.29916,1.00,1.00
2015.11.26 15:05:26.719,2.29836,2.29916,1.00,1.00
2015.11.26 15:05:27.088,2.29843,2.29917,1.00,1.00
2015.11.26 15:05:28.975,2.29835,2.29917,1.75,1.00
2015.11.26 15:05:33.504,2.29833,2.29917,1.37,1.37
2015.11.26 15:05:33.605,2.29833,2.29917,1.00,1.37
2015.11.26 15:05:34.357,2.29834,2.29906,1.00,1.00
2015.11.26 15:05:34.932,2.29833,2.29917,1.00,1.37
2015.11.26 15:05:34.983,2.29833,2.29917,1.37,1.00
2015.11.26 15:05:35.285,2.29842,2.29917,1.00,1.00
2015.11.26 15:05:42.918,2.29833,2.29917,1.75,1.00
2015.11.26 15:05:53.303,2.29835,2.29917,1.00,1.00
2015.11.26 15:06:03.158,2.29841,2.29917,1.00,1.00
2015.11.26 15:06:05.095,2.29841,2.29916,1.00,1.00
2015.11.26 15:06:05.738,2.29842,2.29916,1.00,1.00
2015.11.26 15:06:07.948,2.29842,2.29907,1.00,1.00
2015.11.26 15:06:08.150,2.29842,2.29917,1.00,1.00
2015.11.26 15:06:08.383,2.29844,2.29926,1.00,1.75
2015.11.26 15:06:10.983,2.29844,2.29926,1.00,1.75
2015.11.26 15:06:11.292,2.29841,2.29916,1.00,1.00
2015.11.26 15:06:17.362,2.29842,2.29917,1.00,1.00
2015.11.26 15:06:20.896,2.29842,2.29916,1.00,1.00
2015.11.26 15:06:21.546,2.29841,2.29916,1.00,1.00
2015.11.26 15:06:24.621,2.29842,2.29916,1.00,1.00
2015.11.26 15:06:24.968,2.29831,2.29907,1.50,1.00
2015.11.26 15:06:25.281,2.29831,2.29897,1.50,1.00
2015.11.26 15:06:25.797,2.29832,2.29896,1.00,1.00
2015.11.26 15:06:26.099,2.29832,2.29886,1.00,1.00
2015.11.26 15:06:26.150,2.29821,2.29886,1.00,1.00
2015.11.26 15:06:26.402,2.29832,2.29886,1.00,1.00
2015.11.26 15:06:26.503,2.29832,2.29897,1.00,1.00
2015.11.26 15:06:30.233,2.29821,2.29897,1.00,1.00
2015.11.26 15:06:37.702,2.29822,2.29897,1.00,1.00
2015.11.26 15:06:37.882,2.29822,2.29886,1.00,1.00
2015.11.26 15:06:38.713,2.29821,2.29886,1.00,1.00
2015.11.26 15:06:38.865,2.29821,2.29896,1.00,1.00
2015.11.26 15:06:44.859,2.29831,2.29896,1.00,1.00
2015.11.26 15:06:47.858,2.29831,2.29897,1.00,1.00
2015.11.26 15:06:53.351,2.29842,2.29907,1.00,1.37
2015.11.26 15:06:53.980,2.29841,2.29907,1.00,1.75
2015.11.26 15:07:05.557,2.29842,2.29907,1.00,1.75
2015.11.26 15:07:07.866,2.29841,2.29907,1.00,1.75
2015.11.26 15:07:13.374,2.29841,2.29907,1.00,1.37
2015.11.26 15:07:13.425,2.29841,2.29907,1.00,1.00
2015.11.26 15:07:13.714,2.29841,2.29897,1.00,1.00
2015.11.26 15:07:14.245,2.29842,2.29897,1.00,1.00
2015.11.26 15:07:17.688,2.29831,2.29897,1.00,1.00
2015.11.26 15:07:29.415,2.29831,2.29896,1.00,1.00
2015.11.26 15:07:29.466,2.29842,2.29896,1.00,1.00
2015.11.26 15:07:29.794,2.29841,2.29906,1.37,1.00
2015.11.26 15:07:30.595,2.29841,2.29906,1.00,1.00
2015.11.26 15:07:31.083,2.29851,2.29906,1.00,1.00
2015.11.26 15:07:32.062,2.29851,2.29916,1.00,1.00
2015.11.26 15:07:33.528,2.29852,2.29916,1.00,1.00
2015.11.26 15:07:39.875,2.29851,2.29916,1.00,1.00
2015.11.26 15:07:40.804,2.29852,2.29916,1.00,1.00
2015.11.26 15:07:41.329,2.29842,2.29916,1.37,1.00
2015.11.26 15:07:41.955,2.29842,2.29917,1.37,1.00
2015.11.26 15:07:42.766,2.29844,2.29916,1.00,1.00
2015.11.26 15:07:42.966,2.29852,2.29916,1.00,1.00
2015.11.26 15:07:45.418,2.29851,2.29916,1.00,1.00
2015.11.26 15:07:45.965,2.29852,2.29917,1.00,1.00
2015.11.26 15:07:48.576,2.29833,2.29906,1.50,1.00
2015.11.26 15:07:48.724,2.29824,2.29906,1.75,1.00
2015.11.26 15:07:48.825,2.29822,2.29897,1.00,1.00
2015.11.26 15:07:50.309,2.29822,2.29897,1.00,1.75
2015.11.26 15:07:50.735,2.29822,2.29887,1.00,1.00
2015.11.26 15:07:51.395,2.29822,2.29886,1.00,1.00
2015.11.26 15:07:57.802,2.29822,2.29887,1.00,1.00
2015.11.26 15:07:58.399,2.29832,2.29887,1.00,1.00
2015.11.26 15:08:02.194,2.29832,2.29886,1.00,1.00
2015.11.26 15:08:04.624,2.29831,2.29886,1.00,1.00
2015.11.26 15:08:06.059,2.29831,2.29896,1.00,1.00
2015.11.26 15:08:06.647,2.29832,2.29897,1.00,1.00
2015.11.26 15:08:06.826,2.29851,2.29906,1.00,1.00
2015.11.26 15:08:07.078,2.29851,2.29916,1.00,1.00
2015.11.26 15:08:07.191,2.29862,2.29916,1.00,1.00
2015.11.26 15:08:07.697,2.29862,2.29917,1.00,1.00
2015.11.26 15:08:07.748,2.29852,2.29917,1.00,1.00
2015.11.26 15:08:08.698,2.29851,2.29917,1.00,1.00
2015.11.26 15:08:12.459,2.29852,2.29917,1.00,1.00
2015.11.26 15:08:12.983,2.29852,2.29916,1.00,1.00
2015.11.26 15:08:13.896,2.29851,2.29916,1.00,1.00
2015.11.26 15:08:17.824,2.29862,2.29916,1.00,1.00
2015.11.26 15:08:18.059,2.29862,2.29926,1.00,1.00
2015.11.26 15:08:21.110,2.29862,2.29926,1.00,1.50
2015.11.26 15:08:21.228,2.29851,2.29916,1.00,1.00
2015.11.26 15:08:21.581,2.29851,2.29906,1.00,1.00
2015.11.26 15:08:22.123,2.29852,2.29906,1.00,1.00
2015.11.26 15:08:23.348,2.29852,2.29916,1.00,1.00
2015.11.26 15:08:26.966,2.29851,2.29916,1.00,1.00
2015.11.26 15:08:28.823,2.29852,2.29927,1.00,1.00
2015.11.26 15:08:29.177,2.29861,2.29927,1.00,1.00
2015.11.26 15:08:29.480,2.29872,2.29926,1.00,1.00
2015.11.26 15:08:29.632,2.29872,2.29936,1.00,1.00
2015.11.26 15:08:32.894,2.29862,2.29936,1.00,1.00
2015.11.26 15:08:34.347,2.29862,2.29937,1.00,1.00
2015.11.26 15:08:36.214,2.29861,2.29937,1.00,1.00
2015.11.26 15:08:37.075,2.29862,2.29937,1.00,1.00
2015.11.26 15:08:41.244,2.29862,2.29927,1.00,1.00
2015.11.26 15:08:45.804,2.29861,2.29927,1.00,1.00
2015.11.26 15:08:45.943,2.29853,2.29927,1.75,1.00
2015.11.26 15:08:46.488,2.29852,2.29926,1.75,1.00
2015.11.26 15:08:48.239,2.29858,2.29926,1.00,1.00
2015.11.26 15:08:48.441,2.29855,2.29937,1.75,1.00
2015.11.26 15:08:49.946,2.29856,2.29937,1.37,1.00
2015.11.26 15:08:50.042,2.29856,2.29937,1.00,1.00
2015.11.26 15:08:50.214,2.29853,2.29937,1.37,1.00
2015.11.26 15:08:50.852,2.29861,2.29937,1.37,1.00
2015.11.26 15:08:51.260,2.29863,2.29947,2.25,1.00
2015.11.26 15:08:51.856,2.29864,2.29946,1.87,1.00
2015.11.26 15:08:54.144,2.29865,2.29947,1.37,1.00
2015.11.26 15:08:55.273,2.29867,2.29947,1.00,1.00
2015.11.26 15:08:55.855,2.29865,2.29947,1.37,1.00
2015.11.26 15:08:57.222,2.29866,2.29946,1.12,1.00
2015.11.26 15:09:00.987,2.29866,2.29946,1.37,1.00
2015.11.26 15:09:04.138,2.29864,2.29936,1.75,1.00
2015.11.26 15:09:04.490,2.29864,2.29946,1.75,1.00
2015.11.26 15:09:04.591,2.29863,2.29937,3.00,1.00
2015.11.26 15:09:04.674,2.29863,2.29947,3.00,1.00
2015.11.26 15:09:05.009,2.29863,2.29937,2.25,1.00
2015.11.26 15:09:05.169,2.29863,2.29947,3.00,1.00
2015.11.26 15:09:05.270,2.29864,2.29936,1.75,1.00
2015.11.26 15:09:05.813,2.29862,2.29937,3.00,1.00
2015.11.26 15:09:08.640,2.29863,2.29947,3.00,1.00
2015.11.26 15:09:09.043,2.29863,2.29947,1.75,1.50
2015.11.26 15:09:09.210,2.2986,2.29926,1.00,1.00
2015.11.26 15:09:09.594,2.29851,2.29926,1.00,1.00
2015.11.26 15:09:09.644,2.29841,2.29916,2.25,1.00
2015.11.26 15:09:09.848,2.29841,2.29916,1.00,1.00
2015.11.26 15:09:12.373,2.29841,2.29917,1.00,1.00
2015.11.26 15:09:13.628,2.29841,2.29907,1.00,1.00
2015.11.26 15:09:14.243,2.29841,2.29906,1.00,1.00
2015.11.26 15:09:14.595,2.29827,2.29906,1.75,1.00
2015.11.26 15:09:14.696,2.29821,2.29886,2.25,1.00
2015.11.26 15:09:14.847,2.29822,2.29886,1.75,1.00
2015.11.26 15:09:14.948,2.29822,2.29897,1.75,1.00
2015.11.26 15:09:16.003,2.29822,2.29886,1.75,1.00
2015.11.26 15:09:16.431,2.29822,2.29886,1.00,1.00
2015.11.26 15:09:16.482,2.29811,2.29886,1.75,1.00
2015.11.26 15:09:16.583,2.29821,2.29887,1.00,1.00
2015.11.26 15:09:16.684,2.29812,2.29887,1.75,1.00
2015.11.26 15:09:17.157,2.29821,2.29886,1.00,1.00
2015.11.26 15:09:17.776,2.29822,2.29886,1.00,1.00
2015.11.26 15:09:18.120,2.29824,2.29897,1.00,1.00
2015.11.26 15:09:18.222,2.29841,2.29915,1.00,1.75
2015.11.26 15:09:18.323,2.29841,2.29916,1.00,1.00
2015.11.26 15:09:18.424,2.29841,2.29907,1.00,1.00
2015.11.26 15:09:18.575,2.29832,2.29907,1.37,1.00
2015.11.26 15:09:18.676,2.29832,2.29897,1.37,1.00
2015.11.26 15:09:18.777,2.29831,2.29897,1.00,1.00
2015.11.26 15:09:19.327,2.29831,2.29896,1.00,1.00
2015.11.26 15:09:20.095,2.29832,2.29896,1.00,1.00
2015.11.26 15:09:20.843,2.29832,2.29886,1.00,1.00
2015.11.26 15:09:21.214,2.29831,2.29896,1.00,1.00
2015.11.26 15:09:21.528,2.29832,2.29906,1.00,1.00
2015.11.26 15:09:22.384,2.29832,2.29896,1.00,1.00
2015.11.26 15:09:22.830,2.29831,2.29907,1.00,1.12
2015.11.26 15:09:25.064,2.29842,2.29907,1.00,1.00
2015.11.26 15:09:25.266,2.29842,2.29917,1.00,1.00
2015.11.26 15:09:25.856,2.29843,2.29917,1.00,1.00
2015.11.26 15:09:26.293,2.29851,2.29917,1.00,1.00
2015.11.26 15:09:26.544,2.29852,2.29926,1.00,1.00
2015.11.26 15:09:26.596,2.29854,2.29936,1.00,1.00
2015.11.26 15:09:26.697,2.29854,2.29936,1.37,1.00
2015.11.26 15:09:27.011,2.29854,2.29936,1.75,1.00
2015.11.26 15:09:29.018,2.29863,2.29947,1.00,1.00
2015.11.26 15:09:33.633,2.29861,2.29937,1.37,1.00
2015.11.26 15:09:35.454,2.29871,2.29937,1.00,1.00
2015.11.26 15:09:35.555,2.29861,2.29937,1.37,1.00
2015.11.26 15:09:35.908,2.29872,2.29937,1.00,1.00
2015.11.26 15:09:36.087,2.29872,2.29946,1.00,1.00
2015.11.26 15:09:36.799,2.29872,2.29937,1.00,1.00
2015.11.26 15:09:39.095,2.29862,2.29937,1.12,1.00
2015.11.26 15:09:39.663,2.29866,2.29937,1.00,1.00
2015.11.26 15:09:39.814,2.29873,2.29957,1.75,1.00
2015.11.26 15:09:39.915,2.29872,2.29947,1.75,1.00
2015.11.26 15:09:40.016,2.29874,2.29956,1.75,1.00
2015.11.26 15:09:42.573,2.29881,2.29956,1.00,1.00
2015.11.26 15:09:43.180,2.29881,2.29957,1.00,1.00
2015.11.26 15:09:44.004,2.29873,2.29957,1.75,1.00
2015.11.26 15:09:44.867,2.29872,2.29946,1.75,1.00
2015.11.26 15:09:47.619,2.29872,2.29946,1.00,1.00
2015.11.26 15:09:47.820,2.29872,2.29936,1.50,1.00
2015.11.26 15:09:47.922,2.29873,2.29957,1.75,1.00
2015.11.26 15:09:48.123,2.29892,2.29956,1.00,1.00
2015.11.26 15:09:48.275,2.29892,2.29966,1.00,1.00
2015.11.26 15:09:48.808,2.29892,2.29967,1.12,1.00
2015.11.26 15:09:50.773,2.29892,2.29957,1.12,1.00
2015.11.26 15:09:51.633,2.29882,2.29957,1.12,1.00
2015.11.26 15:09:54.417,2.29882,2.29946,1.12,1.00
2015.11.26 15:09:54.518,2.29872,2.29946,1.00,1.00
2015.11.26 15:09:54.770,2.29873,2.29957,1.00,1.00
2015.11.26 15:09:56.701,2.29882,2.29957,1.00,1.00
2015.11.26 15:10:00.174,2.29881,2.29957,1.00,1.00
2015.11.26 15:10:01.065,2.29873,2.29957,1.00,1.00
2015.11.26 15:10:01.654,2.29874,2.29956,1.00,1.00
2015.11.26 15:10:05.937,2.29878,2.29957,1.00,1.00
2015.11.26 15:10:06.284,2.29874,2.29956,1.75,1.00
2015.11.26 15:10:09.133,2.29873,2.29957,1.75,1.00
2015.11.26 15:10:09.831,2.29884,2.29966,1.00,1.00
2015.11.26 15:10:12.774,2.29884,2.29967,1.00,1.00
2015.11.26 15:10:12.824,2.29884,2.29967,1.37,1.00
2015.11.26 15:10:14.676,2.29893,2.29977,1.00,1.00
2015.11.26 15:10:14.973,2.29894,2.29966,1.00,1.00
2015.11.26 15:10:18.263,2.29894,2.29976,1.00,1.00
2015.11.26 15:10:18.399,2.29906,2.29976,1.00,1.00
2015.11.26 15:10:18.500,2.29923,2.30001,1.00,1.75
2015.11.26 15:10:18.551,2.29923,2.30001,1.00,1.00
2015.11.26 15:10:18.602,2.29923,2.30006,1.00,1.75
2015.11.26 15:10:20.243,2.29914,2.29996,1.50,1.00
2015.11.26 15:10:21.380,2.29905,2.29986,1.75,1.00
2015.11.26 15:10:21.883,2.29908,2.29987,1.75,1.00
2015.11.26 15:10:22.319,2.29923,2.29997,1.00,1.00
2015.11.26 15:10:22.370,2.29913,2.29997,1.75,1.00
2015.11.26 15:10:22.873,2.29913,2.29997,1.75,1.00
2015.11.26 15:10:22.924,2.29909,2.29987,1.75,1.00
2015.11.26 15:10:23.780,2.29903,2.29987,2.25,1.00
2015.11.26 15:10:24.032,2.29894,2.29976,2.25,1.00
2015.11.26 15:10:24.183,2.29894,2.29976,1.75,1.00
2015.11.26 15:10:29.483,2.29893,2.29977,1.75,1.00
2015.11.26 15:10:30.963,2.29885,2.29966,1.75,1.00
2015.11.26 15:10:31.353,2.29894,2.29976,1.75,1.00
2015.11.26 15:10:31.505,2.29884,2.29967,1.75,1.00
2015.11.26 15:10:31.713,2.29883,2.29967,1.37,1.00
2015.11.26 15:10:31.915,2.29886,2.29966,1.00,1.00
2015.11.26 15:10:32.263,2.29889,2.29966,1.00,1.00
2015.11.26 15:10:33.270,2.29889,2.29966,1.37,1.00
2015.11.26 15:10:33.600,2.29889,2.29966,2.25,1.00
2015.11.26 15:10:33.801,2.29893,2.29977,1.37,1.00
2015.11.26 15:10:38.285,2.29894,2.29976,1.37,1.00
2015.11.26 15:10:41.803,2.29893,2.29977,1.37,1.00
2015.11.26 15:10:43.057,2.29893,2.29967,1.37,1.00
2015.11.26 15:10:43.108,2.29893,2.29967,1.00,1.00
2015.11.26 15:10:43.309,2.29886,2.29966,1.00,1.00
2015.11.26 15:10:43.410,2.29894,2.29966,1.00,1.00
2015.11.26 15:10:44.152,2.29886,2.29967,1.75,1.00
2015.11.26 15:10:45.803,2.29893,2.29977,1.12,1.00
2015.11.26 15:10:45.854,2.29898,2.29977,1.00,1.00
2015.11.26 15:10:46.025,2.29903,2.29987,1.75,1.00
2015.11.26 15:10:46.364,2.29905,2.29977,1.50,1.00
2015.11.26 15:10:54.052,2.29903,2.29987,1.75,1.00
2015.11.26 15:10:57.263,2.29908,2.29987,1.00,1.00
2015.11.26 15:10:57.812,2.29903,2.29987,1.75,1.00
2015.11.26 15:10:58.064,2.29912,2.29987,1.00,1.00
2015.11.26 15:10:58.473,2.29903,2.29987,1.75,1.00
2015.11.26 15:11:00.102,2.29904,2.29986,1.75,1.00
2015.11.26 15:11:00.966,2.29904,2.29986,1.37,1.00
2015.11.26 15:11:01.477,2.29904,2.29986,1.00,1.00
2015.11.26 15:11:02.243,2.29903,2.29977,1.12,1.00
2015.11.26 15:11:06.524,2.29893,2.29967,1.75,1.00
2015.11.26 15:11:06.784,2.29888,2.29967,1.75,1.00
2015.11.26 15:11:06.885,2.29884,2.29967,1.75,1.00
2015.11.26 15:11:07.420,2.29888,2.29966,1.75,1.00
2015.11.26 15:11:07.521,2.29893,2.29977,1.37,1.00
2015.11.26 15:11:08.039,2.29897,2.29976,1.75,1.00
2015.11.26 15:11:13.790,2.29904,2.29986,1.00,1.00
2015.11.26 15:11:13.891,2.29914,2.29996,1.00,1.75
2015.11.26 15:11:13.992,2.29903,2.29987,1.12,1.00
2015.11.26 15:11:14.542,2.29904,2.29987,1.00,1.00
2015.11.26 15:11:18.612,2.29905,2.29987,1.00,1.00
2015.11.26 15:11:22.508,2.29904,2.29987,1.00,1.00
2015.11.26 15:11:22.660,2.29904,2.29986,1.75,1.00
2015.11.26 15:11:22.972,2.29904,2.29976,1.75,1.00
2015.11.26 15:11:25.338,2.29903,2.29977,1.37,1.00
2015.11.26 15:11:25.496,2.29901,2.29977,1.00,1.00
2015.11.26 15:11:25.752,2.29896,2.29977,1.50,1.00
2015.11.26 15:11:33.772,2.29904,2.29976,1.00,1.00
2015.11.26 15:11:33.873,2.29902,2.29977,1.00,1.00
2015.11.26 15:11:33.924,2.29894,2.29977,1.75,1.00
2015.11.26 15:11:49.685,2.29899,2.29977,1.37,1.00
2015.11.26 15:11:50.172,2.299,2.29977,1.75,1.00
2015.11.26 15:11:52.772,2.29906,2.29977,1.00,1.00
2015.11.26 15:11:52.823,2.29906,2.29987,1.00,1.00
2015.11.26 15:11:52.874,2.29903,2.29987,1.37,1.00
2015.11.26 15:11:52.924,2.29903,2.29977,1.37,1.00
2015.11.26 15:12:02.152,2.29904,2.29986,1.12,1.00
2015.11.26 15:12:02.691,2.29903,2.29987,1.37,1.00
2015.11.26 15:12:02.826,2.29904,2.29987,1.75,1.00
2015.11.26 15:12:04.141,2.29915,2.29996,1.00,1.00
2015.11.26 15:12:04.695,2.29913,2.29997,1.37,1.00
2015.11.26 15:12:05.850,2.29917,2.29997,1.00,1.00
2015.11.26 15:12:07.208,2.29917,2.29997,1.37,1.00
2015.11.26 15:12:07.861,2.29924,2.29996,1.00,1.00
2015.11.26 15:12:09.401,2.29919,2.29996,1.75,1.00
2015.11.26 15:12:29.660,2.29916,2.29996,1.75,1.00
2015.11.26 15:12:49.623,2.29919,2.29996,1.75,1.00
2015.11.26 15:12:50.230,2.2992,2.29997,1.50,1.00
2015.11.26 15:13:04.433,2.29913,2.29997,1.50,1.00
2015.11.26 15:13:04.534,2.29904,2.29986,3.00,1.00
2015.11.26 15:13:05.089,2.29904,2.29987,1.75,1.00
2015.11.26 15:13:05.603,2.29904,2.29986,1.75,1.00
2015.11.26 15:13:05.840,2.29904,2.29986,1.00,1.00
2015.11.26 15:13:07.554,2.29905,2.29986,1.00,1.00
2015.11.26 15:13:09.243,2.29904,2.29986,2.25,1.00
2015.11.26 15:13:11.439,2.29903,2.29987,1.87,1.00
2015.11.26 15:13:16.790,2.2991,2.29987,1.00,1.00
2015.11.26 15:13:16.841,2.29914,2.29996,1.00,2.25
2015.11.26 15:13:16.942,2.29913,2.29987,1.00,1.00
2015.11.26 15:13:17.083,2.29914,2.29996,1.00,1.00
2015.11.26 15:13:17.385,2.2991,2.29987,1.50,1.00
2015.11.26 15:13:21.820,2.29913,2.29987,1.00,1.00
2015.11.26 15:13:25.556,2.29914,2.29986,1.00,1.00
2015.11.26 15:13:26.069,2.29913,2.29997,1.87,1.00
2015.11.26 15:13:30.432,2.29915,2.29997,1.00,1.00
2015.11.26 15:13:31.689,2.29913,2.29997,1.37,1.00
2015.11.26 15:13:33.150,2.29913,2.29997,2.25,1.00
2015.11.26 15:13:33.673,2.29914,2.29997,1.75,1.00
2015.11.26 15:13:37.402,2.29916,2.29996,1.75,1.00
2015.11.26 15:13:39.398,2.29915,2.29997,1.75,1.00
2015.11.26 15:13:41.370,2.29918,2.29996,1.75,1.00
2015.11.26 15:13:45.104,2.29918,2.29996,1.00,1.00
2015.11.26 15:13:45.655,2.29914,2.29997,2.25,1.00
2015.11.26 15:13:47.437,2.29913,2.29987,1.75,1.00
2015.11.26 15:13:47.981,2.29908,2.29986,1.75,1.00
2015.11.26 15:13:48.633,2.29908,2.29976,1.75,1.00
2015.11.26 15:13:48.734,2.29908,2.29986,1.75,1.00
2015.11.26 15:13:50.225,2.29906,2.29986,1.50,1.00
2015.11.26 15:13:51.165,2.29909,2.29986,1.00,1.00
2015.11.26 15:13:51.763,2.29907,2.29986,1.37,1.00
2015.11.26 15:13:56.958,2.29913,2.29986,1.00,1.00
2015.11.26 15:13:57.090,2.29913,2.29997,1.50,1.50
2015.11.26 15:13:57.141,2.29913,2.29997,2.25,1.00
2015.11.26 15:13:57.443,2.29923,2.29997,1.00,1.00
2015.11.26 15:13:57.544,2.29915,2.29997,1.50,1.00
2015.11.26 15:13:57.749,2.29924,2.30006,1.00,1.37
2015.11.26 15:14:02.711,2.29924,2.29996,1.00,1.00
2015.11.26 15:14:02.812,2.29923,2.30007,1.00,1.37
2015.11.26 15:14:11.108,2.29924,2.29996,1.00,1.00
2015.11.26 15:14:21.871,2.29923,2.30007,1.12,1.00
2015.11.26 15:14:22.913,2.29923,2.30005,1.12,1.00
2015.11.26 15:14:23.420,2.29923,2.30006,1.12,1.00
2015.11.26 15:14:23.765,2.29916,2.29997,1.75,1.00
2015.11.26 15:14:26.170,2.29923,2.30007,1.12,1.00
2015.11.26 15:14:30.436,2.29924,2.30006,1.00,1.00
2015.11.26 15:14:31.557,2.29924,2.30006,1.37,1.00
2015.11.26 15:14:31.608,2.29924,2.30006,1.75,1.00
2015.11.26 15:14:32.712,2.29924,2.30006,1.00,1.87
2015.11.26 15:14:32.763,2.29914,2.29996,2.25,1.00
2015.11.26 15:14:33.987,2.29924,2.30006,1.00,1.87
2015.11.26 15:14:34.529,2.29923,2.30007,1.00,1.37
2015.11.26 15:14:36.949,2.29917,2.29996,1.00,1.00
2015.11.26 15:14:37.504,2.29916,2.29996,1.12,1.00
2015.11.26 15:14:38.053,2.29917,2.29996,1.00,1.00
2015.11.26 15:14:40.949,2.29914,2.29996,3.00,1.00
2015.11.26 15:14:43.085,2.29922,2.29996,1.37,1.00
2015.11.26 15:14:43.186,2.29923,2.30007,1.50,1.00
2015.11.26 15:14:43.525,2.29919,2.29996,1.75,1.00
2015.11.26 15:14:48.468,2.29926,2.29996,1.00,1.00
2015.11.26 15:14:48.569,2.29925,2.30006,1.87,1.00
2015.11.26 15:14:49.073,2.29923,2.30007,2.25,1.00
2015.11.26 15:14:54.969,2.29924,2.30006,1.37,1.00
2015.11.26 15:15:01.470,2.29923,2.30007,2.25,1.00
2015.11.26 15:15:03.457,2.29919,2.29997,1.75,1.00
2015.11.26 15:15:03.609,2.29918,2.29997,2.25,1.00
2015.11.26 15:15:24.442,2.29919,2.29996,1.75,1.00
2015.11.26 15:15:29.612,2.2992,2.29996,1.75,1.00
2015.11.26 15:15:31.141,2.29923,2.30007,1.12,1.00
2015.11.26 15:15:31.688,2.29924,2.30006,1.00,1.00
2015.11.26 15:15:33.490,2.29926,2.30006,1.00,1.00
2015.11.26 15:15:34.015,2.29925,2.30006,1.00,1.00
2015.11.26 15:15:34.516,2.29926,2.30006,1.00,1.00
2015.11.26 15:15:35.271,2.29927,2.30006,1.00,1.00
2015.11.26 15:15:37.313,2.29926,2.30006,1.00,1.00
2015.11.26 15:15:38.775,2.29927,2.30006,1.00,1.00
2015.11.26 15:15:39.276,2.29928,2.30006,1.00,1.00
2015.11.26 15:15:40.178,2.29927,2.30006,1.00,1.00
2015.11.26 15:15:41.080,2.29925,2.30006,1.00,1.00
2015.11.26 15:15:46.107,2.29924,2.30006,1.50,1.00
2015.11.26 15:15:46.787,2.29925,2.30006,1.00,1.00
2015.11.26 15:15:47.315,2.29924,2.30006,1.50,1.00
2015.11.26 15:15:48.346,2.29923,2.30007,1.12,1.00
2015.11.26 15:15:48.396,2.29923,2.30007,2.25,1.00
2015.11.26 15:15:48.830,2.29923,2.29996,1.75,1.00
2015.11.26 15:15:51.831,2.29923,2.30005,2.25,1.00
2015.11.26 15:15:53.471,2.29923,2.30006,2.25,1.00
2015.11.26 15:15:54.021,2.29923,2.29997,1.75,1.00
2015.11.26 15:15:59.554,2.29923,2.29996,1.75,1.00
2015.11.26 15:16:00.621,2.29923,2.29997,1.75,1.00
2015.11.26 15:16:07.894,2.29914,2.29996,1.00,1.50
2015.11.26 15:16:07.944,2.29914,2.29996,1.37,1.50
2015.11.26 15:16:08.095,2.29913,2.29995,1.00,1.00
2015.11.26 15:16:08.247,2.29911,2.29987,1.00,1.00
2015.11.26 15:16:08.662,2.29909,2.29987,1.00,1.00
2015.11.26 15:16:09.178,2.29907,2.29987,1.87,1.00
2015.11.26 15:16:09.750,2.29907,2.29986,1.12,1.00
2015.11.26 15:16:10.545,2.29902,2.29977,1.37,1.00
2015.11.26 15:16:10.646,2.29901,2.29977,1.00,1.00
2015.11.26 15:16:11.370,2.29899,2.29977,1.12,1.00
2015.11.26 15:16:11.421,2.29904,2.29985,1.00,1.00
2015.11.26 15:16:12.346,2.29904,2.29986,1.00,1.12
2015.11.26 15:16:16.051,2.29898,2.29977,1.87,1.00
2015.11.26 15:16:19.768,2.299,2.29977,1.00,1.00
2015.11.26 15:16:20.364,2.29898,2.29977,2.62,1.00
2015.11.26 15:16:22.919,2.29901,2.29977,1.00,1.00
2015.11.26 15:16:22.969,2.29903,2.29987,1.00,1.37
2015.11.26 15:16:23.482,2.29904,2.29986,1.50,1.12
2015.11.26 15:16:27.456,2.29904,2.29985,1.00,1.00
2015.11.26 15:16:28.260,2.29904,2.29981,1.00,1.00
2015.11.26 15:16:28.947,2.29903,2.29981,1.00,1.00
2015.11.26 15:16:29.263,2.29901,2.29976,1.00,1.00
2015.11.26 15:16:29.631,2.29893,2.29976,1.00,1.75
2015.11.26 15:16:29.812,2.29877,2.29957,1.00,1.00
2015.11.26 15:16:29.966,2.29874,2.29957,1.00,1.00
2015.11.26 15:16:30.369,2.29873,2.29946,1.00,1.00
2015.11.26 15:16:30.470,2.29868,2.29946,1.75,1.00
2015.11.26 15:16:30.570,2.29874,2.29956,1.00,1.00
2015.11.26 15:16:33.547,2.29867,2.29946,1.75,1.00
2015.11.26 15:16:35.379,2.29864,2.29946,1.87,1.37
2015.11.26 15:16:35.480,2.29859,2.29937,1.00,1.00
2015.11.26 15:16:35.581,2.29854,2.29936,3.37,1.00
2015.11.26 15:16:35.757,2.2985,2.29927,1.75,1.00
2015.11.26 15:16:36.392,2.29849,2.29926,2.25,1.00
2015.11.26 15:16:36.703,2.2986,2.29926,1.00,1.00
2015.11.26 15:16:36.753,2.29857,2.29926,1.00,1.00
2015.11.26 15:16:36.804,2.29855,2.29926,1.50,1.00
2015.11.26 15:16:38.580,2.29863,2.29942,1.00,1.12
2015.11.26 15:16:41.978,2.29864,2.29946,1.00,1.75
2015.11.26 15:16:42.360,2.29873,2.29956,1.00,1.75
2015.11.26 15:16:42.997,2.29864,2.29946,1.00,1.75
2015.11.26 15:16:43.536,2.29865,2.29946,1.00,1.75
2015.11.26 15:16:44.076,2.29864,2.29946,1.50,1.75
2015.11.26 15:16:44.689,2.29865,2.29946,1.00,1.75
2015.11.26 15:16:45.867,2.29873,2.29947,1.00,1.75
2015.11.26 15:16:50.350,2.29874,2.29946,1.00,1.37
2015.11.26 15:16:50.401,2.29874,2.29946,1.00,1.00
2015.11.26 15:16:50.502,2.29865,2.29946,1.00,1.00
2015.11.26 15:16:50.552,2.2987,2.29946,1.00,1.00
2015.11.26 15:16:50.749,2.29864,2.29946,1.50,1.00
2015.11.26 15:16:51.457,2.29867,2.29946,1.00,1.00
2015.11.26 15:16:51.759,2.29865,2.29946,1.00,1.00
2015.11.26 15:16:51.860,2.2987,2.29946,1.00,1.00
2015.11.26 15:16:52.210,2.29874,2.29948,1.00,1.00
2015.11.26 15:16:53.016,2.29884,2.29948,1.00,1.00
2015.11.26 15:16:53.117,2.29873,2.29949,1.87,1.00
2015.11.26 15:16:53.635,2.29874,2.29948,1.12,1.00
2015.11.26 15:16:55.550,2.29864,2.29946,1.00,1.00
2015.11.26 15:16:55.651,2.29864,2.29938,1.00,1.00
2015.11.26 15:16:55.752,2.29856,2.29937,1.00,1.00
2015.11.26 15:16:56.087,2.29853,2.29937,1.50,1.00
2015.11.26 15:16:58.501,2.29854,2.29936,1.00,1.37
2015.11.26 15:16:58.803,2.29853,2.29937,1.87,1.37
2015.11.26 15:16:58.854,2.29853,2.29937,2.25,1.00
2015.11.26 15:17:00.339,2.29854,2.29937,1.00,1.12
2015.11.26 15:17:00.390,2.29854,2.29927,1.00,1.00
2015.11.26 15:17:00.569,2.2985,2.29927,1.00,1.00
2015.11.26 15:17:00.807,2.29853,2.29927,1.00,1.00
2015.11.26 15:17:02.109,2.29854,2.29936,1.00,1.00
2015.11.26 15:17:02.356,2.29854,2.29926,1.00,1.00
2015.11.26 15:17:03.764,2.29854,2.29936,1.00,1.00
2015.11.26 15:17:03.855,2.29857,2.29936,1.37,1.00
2015.11.26 15:17:04.006,2.29863,2.29947,1.50,1.00
2015.11.26 15:17:04.107,2.29857,2.29936,1.75,1.00
2015.11.26 15:17:04.463,2.29864,2.29946,1.00,1.75
2015.11.26 15:17:05.099,2.29863,2.29947,1.00,1.75
2015.11.26 15:17:05.420,2.29854,2.29937,1.37,1.00
2015.11.26 15:17:08.390,2.29854,2.29936,1.37,1.00
2015.11.26 15:17:12.242,2.29854,2.29936,1.00,1.37
2015.11.26 15:17:14.378,2.29854,2.29936,1.75,1.00
2015.11.26 15:17:14.580,2.29863,2.29947,1.00,1.00
2015.11.26 15:17:14.781,2.29855,2.29936,1.75,1.00
2015.11.26 15:17:17.253,2.29859,2.29936,1.37,1.00
2015.11.26 15:17:17.811,2.29859,2.29936,1.00,1.00
2015.11.26 15:17:19.438,2.2986,2.29936,1.00,1.00
2015.11.26 15:17:21.425,2.29854,2.29936,1.00,1.00
2015.11.26 15:17:21.828,2.29864,2.29946,1.00,1.75
2015.11.26 15:17:21.879,2.29864,2.29946,1.00,1.37
2015.11.26 15:17:21.980,2.29865,2.29946,1.00,1.00
2015.11.26 15:17:22.561,2.29864,2.29947,1.50,1.00
2015.11.26 15:17:23.209,2.29865,2.29947,1.00,1.00
2015.11.26 15:17:23.946,2.29864,2.29947,1.00,1.00
2015.11.26 15:17:24.479,2.29863,2.29947,1.00,1.00
2015.11.26 15:17:27.298,2.2986,2.29937,1.37,1.00
2015.11.26 15:17:27.399,2.29853,2.29937,1.87,1.37
2015.11.26 15:17:27.450,2.29853,2.29937,1.00,1.37
2015.11.26 15:17:27.752,2.29854,2.29926,1.00,1.00
2015.11.26 15:17:31.927,2.29853,2.29937,1.00,1.37
2015.11.26 15:17:32.564,2.29854,2.29936,1.00,1.12
2015.11.26 15:17:33.783,2.29854,2.2993,1.00,1.00
2015.11.26 15:17:33.834,2.29844,2.29926,1.75,1.00
2015.11.26 15:17:34.916,2.29844,2.29926,2.25,1.00
2015.11.26 15:17:35.017,2.29845,2.29926,1.75,1.00
2015.11.26 15:17:35.068,2.29845,2.29926,1.50,1.00
2015.11.26 15:17:36.827,2.29849,2.29926,1.00,1.00
2015.11.26 15:17:36.878,2.29854,2.29936,1.00,1.12
2015.11.26 15:17:37.839,2.29854,2.29935,1.00,1.37
2015.11.26 15:17:42.259,2.29845,2.29927,1.00,1.12
2015.11.26 15:17:42.411,2.29843,2.29927,1.00,1.12
2015.11.26 15:17:42.862,2.29846,2.29927,1.00,1.12
2015.11.26 15:17:43.064,2.29843,2.29927,1.00,1.12
2015.11.26 15:17:43.165,2.29843,2.29917,1.00,1.00
2015.11.26 15:17:43.266,2.29844,2.29926,1.00,1.00
2015.11.26 15:17:43.368,2.29835,2.29917,2.25,1.00
2015.11.26 15:17:46.327,2.29844,2.29926,1.00,1.50
2015.11.26 15:17:46.436,2.29844,2.29926,1.37,1.00
2015.11.26 15:17:49.246,2.29845,2.29926,1.87,1.12
2015.11.26 15:17:49.347,2.29844,2.29926,1.00,1.12
2015.11.26 15:17:49.894,2.29843,2.29927,1.00,1.37
2015.11.26 15:17:51.649,2.29844,2.29927,1.00,1.37
2015.11.26 15:17:51.699,2.29846,2.29927,1.00,1.37
2015.11.26 15:17:56.355,2.29845,2.29926,1.50,1.12
2015.11.26 15:17:56.692,2.29847,2.29926,1.00,1.12
2015.11.26 15:17:57.717,2.29845,2.29926,1.00,1.12
2015.11.26 15:17:58.218,2.29846,2.29926,1.00,1.12
2015.11.26 15:17:59.179,2.29844,2.29926,1.50,1.12
2015.11.26 15:17:59.280,2.29845,2.29926,1.37,1.00
2015.11.26 15:17:59.532,2.29854,2.29936,1.00,1.37
2015.11.26 15:17:59.582,2.29854,2.29936,1.37,1.00
2015.11.26 15:18:01.376,2.29854,2.29936,1.37,1.00
2015.11.26 15:18:01.923,2.29854,2.29936,1.00,1.00
2015.11.26 15:18:02.074,2.29843,2.29927,2.25,1.00
2015.11.26 15:18:02.608,2.29844,2.29926,1.75,1.00
2015.11.26 15:18:18.641,2.29853,2.29927,1.00,1.00
2015.11.26 15:18:21.208,2.29853,2.29937,1.00,1.00
2015.11.26 15:18:21.715,2.29853,2.29937,1.50,1.00
2015.11.26 15:18:24.827,2.29854,2.29936,1.12,1.00
2015.11.26 15:18:24.978,2.2985,2.29927,1.75,1.00
2015.11.26 15:18:25.389,2.29854,2.29937,1.12,1.00
2015.11.26 15:18:26.839,2.29853,2.29937,1.50,1.00
2015.11.26 15:18:28.777,2.2986,2.29937,1.37,1.00
2015.11.26 15:18:29.468,2.29855,2.29937,1.75,1.00
2015.11.26 15:18:32.047,2.29853,2.29937,1.75,1.00
2015.11.26 15:18:32.306,2.2985,2.29927,1.75,1.00
2015.11.26 15:18:36.273,2.29855,2.29937,1.37,1.00
2015.11.26 15:18:39.933,2.29857,2.29936,1.87,1.00
2015.11.26 15:18:40.034,2.29864,2.29946,1.00,1.37
2015.11.26 15:18:40.286,2.29864,2.29946,2.25,1.00
2015.11.26 15:18:40.640,2.29869,2.29946,1.00,1.00
2015.11.26 15:18:40.696,2.29873,2.29957,1.00,1.75
2015.11.26 15:18:41.983,2.29873,2.29957,1.50,1.00
2015.11.26 15:18:46.279,2.29911,2.29981,1.00,1.00
2015.11.26 15:18:46.589,2.29914,2.29981,1.75,1.00
2015.11.26 15:18:47.122,2.29914,2.29996,1.75,1.00
2015.11.26 15:18:47.641,2.29913,2.29995,1.37,1.00
2015.11.26 15:18:47.741,2.29913,2.29997,1.00,1.75
2015.11.26 15:18:47.892,2.29913,2.29988,1.00,1.00
2015.11.26 15:18:47.943,2.29904,2.29987,1.87,1.00
2015.11.26 15:18:48.195,2.29892,2.29966,1.75,1.00
2015.11.26 15:18:48.372,2.29893,2.29977,1.75,1.00
2015.11.26 15:18:48.423,2.29893,2.29977,1.75,1.00
2015.11.26 15:18:48.524,2.29889,2.29966,1.75,1.00
2015.11.26 15:18:53.562,2.29886,2.29967,1.75,1.00
2015.11.26 15:18:53.912,2.29885,2.29966,1.37,1.00
2015.11.26 15:18:54.013,2.29877,2.29957,1.37,1.00
2015.11.26 15:18:54.113,2.29873,2.29957,1.00,1.00
2015.11.26 15:18:59.084,2.29874,2.29956,1.00,1.00
2015.11.26 15:18:59.796,2.29875,2.29956,1.00,1.00
2015.11.26 15:19:00.320,2.29874,2.29956,1.00,1.00
2015.11.26 15:19:00.371,2.29883,2.29967,1.00,1.37
2015.11.26 15:19:00.422,2.29883,2.29967,1.00,1.00
2015.11.26 15:19:00.943,2.29884,2.29966,1.00,1.00
2015.11.26 15:19:01.145,2.29883,2.29964,1.00,1.00
2015.11.26 15:19:01.265,2.29874,2.29956,1.00,1.00
2015.11.26 15:19:01.366,2.29864,2.29946,2.25,1.00
2015.11.26 15:19:01.468,2.29864,2.29946,1.00,1.00
2015.11.26 15:19:01.720,2.29864,2.29936,1.00,1.00
2015.11.26 15:19:02.996,2.29863,2.29936,1.00,1.00
2015.11.26 15:19:03.148,2.2986,2.29936,1.87,1.00
2015.11.26 15:19:03.252,2.29864,2.29946,1.50,1.00
2015.11.26 15:19:03.354,2.2987,2.29946,1.12,1.00
2015.11.26 15:19:03.455,2.29883,2.29965,1.00,1.00
2015.11.26 15:19:03.556,2.29874,2.29956,1.75,1.00
2015.11.26 15:19:07.033,2.29865,2.29946,1.37,1.00
2015.11.26 15:19:07.536,2.29863,2.29947,1.50,1.00
2015.11.26 15:19:09.082,2.29864,2.29946,1.37,1.00
2015.11.26 15:19:09.506,2.29874,2.29956,1.00,1.50
2015.11.26 15:19:11.840,2.29873,2.29957,1.00,1.75
2015.11.26 15:19:12.788,2.29869,2.29947,1.00,1.00
2015.11.26 15:19:13.397,2.29866,2.29947,1.12,1.00
2015.11.26 15:19:13.598,2.2987,2.29947,1.00,1.00
2015.11.26 15:19:13.699,2.29873,2.29957,1.00,1.75
2015.11.26 15:19:16.971,2.29873,2.29947,1.00,1.00
2015.11.26 15:19:18.574,2.29883,2.29947,1.00,1.00
2015.11.26 15:19:18.625,2.29884,2.2996,1.00,1.75
2015.11.26 15:19:18.676,2.29885,2.29966,1.75,1.00
2015.11.26 15:19:18.727,2.29893,2.29977,1.75,1.00
2015.11.26 15:19:18.828,2.29893,2.29977,1.00,1.00
2015.11.26 15:19:19.423,2.29885,2.29966,1.75,1.00
2015.11.26 15:19:20.179,2.29894,2.29976,1.00,1.50
2015.11.26 15:19:20.280,2.29885,2.29967,1.75,1.00
2015.11.26 15:19:20.582,2.29883,2.29967,1.00,1.00
2015.11.26 15:19:23.786,2.29893,2.29975,1.00,1.75
2015.11.26 15:19:24.189,2.29893,2.29977,1.00,1.00
2015.11.26 15:19:35.995,2.29888,2.29966,2.25,1.00
2015.11.26 15:19:36.506,2.29884,2.29967,1.75,1.00
2015.11.26 15:19:37.592,2.29884,2.29966,1.75,1.00
2015.11.26 15:19:38.196,2.29883,2.29967,1.75,1.00
2015.11.26 15:19:41.498,2.29887,2.29967,1.12,1.00
2015.11.26 15:19:43.525,2.29888,2.29967,1.00,1.00
2015.11.26 15:19:45.455,2.29888,2.29966,1.00,1.00
2015.11.26 15:19:45.999,2.29886,2.29966,1.37,1.00
2015.11.26 15:19:46.583,2.29885,2.29967,1.50,1.00
2015.11.26 15:19:56.854,2.29883,2.29967,1.00,1.50
2015.11.26 15:19:59.863,2.29883,2.29967,1.75,1.00
2015.11.26 15:20:02.920,2.2989,2.29967,1.00,1.00
2015.11.26 15:20:03.275,2.29894,2.29968,1.00,1.00
2015.11.26 15:20:03.545,2.29894,2.29976,1.00,1.12
2015.11.26 15:20:04.421,2.29885,2.29966,1.50,1.00
2015.11.26 15:20:04.923,2.29885,2.29967,1.50,1.00
2015.11.26 15:20:05.655,2.29883,2.29967,1.00,1.12
2015.11.26 15:20:06.005,2.29893,2.29967,1.00,1.12
2015.11.26 15:20:06.183,2.29893,2.29977,1.00,1.12
2015.11.26 15:20:06.282,2.29894,2.29976,1.75,1.00
2015.11.26 15:20:06.913,2.29894,2.29977,1.75,1.00
2015.11.26 15:20:07.046,2.29894,2.29977,1.00,1.00
2015.11.26 15:20:07.364,2.29893,2.29967,1.00,1.00
2015.11.26 15:20:09.893,2.29894,2.29976,1.00,1.00
2015.11.26 15:20:09.994,2.29903,2.29985,1.00,1.75
2015.11.26 15:20:11.325,2.29899,2.29976,1.00,1.00
2015.11.26 15:20:11.549,2.29903,2.29987,1.00,1.12
2015.11.26 15:20:12.451,2.29901,2.29976,1.00,1.00
2015.11.26 15:20:12.552,2.29905,2.29986,1.00,1.00
2015.11.26 15:20:12.653,2.29904,2.29977,1.00,1.00
2015.11.26 15:20:12.944,2.29904,2.29986,1.50,1.00
2015.11.26 15:20:20.875,2.29894,2.29976,2.25,1.00
2015.11.26 15:20:21.754,2.29904,2.29978,1.00,1.00
2015.11.26 15:20:22.056,2.29904,2.29986,1.75,1.00
2015.11.26 15:20:22.107,2.29914,2.29988,1.00,1.00
2015.11.26 15:20:22.359,2.29913,2.29997,1.00,1.00
2015.11.26 15:20:23.284,2.29914,2.29997,1.00,1.00
2015.11.26 15:20:23.738,2.29923,2.30007,1.00,1.75
2015.11.26 15:20:23.788,2.29923,2.30007,1.00,1.00
2015.11.26 15:20:24.489,2.29924,2.30007,1.00,1.00
2015.11.26 15:20:25.035,2.29923,2.30007,1.00,1.00
2015.11.26 15:20:27.364,2.29924,2.30006,1.00,1.00
2015.11.26 15:20:29.192,2.29925,2.30006,1.00,1.00
2015.11.26 15:20:29.402,2.29923,2.30007,1.00,1.00
2015.11.26 15:20:30.341,2.29924,2.30006,1.00,1.00
2015.11.26 15:20:31.249,2.29923,2.30007,1.00,1.00
2015.11.26 15:20:37.681,2.29926,2.30007,1.50,1.00
2015.11.26 15:20:37.934,2.29934,2.30016,1.00,1.00
2015.11.26 15:20:38.035,2.29944,2.30021,1.00,1.50
2015.11.26 15:20:38.207,2.29945,2.30026,1.00,1.00
2015.11.26 15:20:38.257,2.29954,2.30036,1.00,1.75
2015.11.26 15:20:38.408,2.29953,2.30037,1.00,1.00
2015.11.26 15:20:43.573,2.29953,2.30028,1.00,1.00
2015.11.26 15:20:43.724,2.29936,2.30017,1.50,1.00
2015.11.26 15:20:43.881,2.29934,2.30016,1.37,1.00
2015.11.26 15:20:43.932,2.29934,2.30016,1.00,1.00
2015.11.26 15:20:44.553,2.2993,2.30006,1.00,1.00
2015.11.26 15:20:45.647,2.29934,2.30016,1.00,1.00
2015.11.26 15:20:46.409,2.29934,2.30006,1.00,1.00
2015.11.26 15:20:51.589,2.29933,2.30015,1.00,1.00
2015.11.26 15:20:51.690,2.29925,2.30006,1.75,1.00
2015.11.26 15:20:52.148,2.29924,2.29996,1.75,1.00
2015.11.26 15:20:52.249,2.29924,2.29996,1.00,1.00
2015.11.26 15:20:52.350,2.29917,2.29996,1.75,1.00
2015.11.26 15:20:52.592,2.29924,2.29996,1.00,1.00
2015.11.26 15:20:52.900,2.29914,2.29996,2.25,1.00
2015.11.26 15:20:58.211,2.29924,2.30001,1.00,1.00
2015.11.26 15:20:58.261,2.29924,2.29999,1.00,1.00
2015.11.26 15:20:58.312,2.29913,2.29997,1.75,1.00
2015.11.26 15:20:58.564,2.29913,2.29995,1.75,1.00
2015.11.26 15:20:58.677,2.29913,2.29997,1.75,1.00
2015.11.26 15:21:00.845,2.29914,2.29996,1.75,1.00
2015.11.26 15:21:01.447,2.29914,2.29995,1.00,1.00
2015.11.26 15:21:01.567,2.29914,2.29988,1.00,1.00
2015.11.26 15:21:01.668,2.29894,2.29976,2.25,1.00
2015.11.26 15:21:02.564,2.29893,2.29977,1.75,1.00
2015.11.26 15:21:02.867,2.29894,2.29976,1.00,1.00
2015.11.26 15:21:03.018,2.29885,2.29967,1.37,1.00
2015.11.26 15:21:03.166,2.29883,2.29967,1.12,1.00
2015.11.26 15:21:03.368,2.29874,2.29956,1.75,1.00
2015.11.26 15:21:03.824,2.29884,2.29966,1.00,1.00
2015.11.26 15:21:04.355,2.29883,2.29967,1.12,1.00
2015.11.26 15:21:04.607,2.29884,2.29958,1.00,1.00
2015.11.26 15:21:05.111,2.29877,2.29957,1.75,1.00
2015.11.26 15:21:10.293,2.29873,2.29957,1.75,1.00
2015.11.26 15:21:11.578,2.29873,2.29957,1.00,1.00
2015.11.26 15:21:12.720,2.29867,2.29946,1.75,1.00
2015.11.26 15:21:12.872,2.29857,2.29937,2.25,1.00
2015.11.26 15:21:13.386,2.29857,2.29936,1.50,1.00
2015.11.26 15:21:15.022,2.29863,2.29937,1.00,1.00
2015.11.26 15:21:15.123,2.29864,2.29946,1.00,1.00
2015.11.26 15:21:15.274,2.29866,2.29946,1.50,1.00
2015.11.26 15:21:15.476,2.29873,2.29957,1.00,1.12
2015.11.26 15:21:15.879,2.29877,2.29957,1.37,1.00
2015.11.26 15:21:17.536,2.29874,2.29956,1.75,1.00
2015.11.26 15:21:18.962,2.29873,2.29947,1.75,1.00
2015.11.26 15:21:19.300,2.29882,2.29956,1.00,1.00
2015.11.26 15:21:19.554,2.29875,2.29956,2.25,1.00
2015.11.26 15:21:19.655,2.29884,2.29966,1.00,1.00
2015.11.26 15:21:20.058,2.29894,2.29976,1.00,1.37
2015.11.26 15:21:20.108,2.29894,2.29976,1.00,1.00
2015.11.26 15:21:24.673,2.29893,2.29977,1.00,1.00
2015.11.26 15:21:25.773,2.29894,2.29976,1.00,1.00
2015.11.26 15:21:30.503,2.29893,2.29977,1.00,1.00
2015.11.26 15:21:35.563,2.29894,2.29976,1.00,1.00
2015.11.26 15:21:36.163,2.29888,2.29966,1.75,1.00
2015.11.26 15:21:36.375,2.29894,2.29976,1.00,1.00
2015.11.26 15:21:36.576,2.29883,2.29967,1.75,1.00
2015.11.26 15:21:37.216,2.29884,2.29966,1.75,1.00
2015.11.26 15:21:38.863,2.29883,2.29957,1.75,1.00
2015.11.26 15:21:39.372,2.29884,2.29956,1.75,1.00
2015.11.26 15:21:42.762,2.2988,2.29957,2.25,1.00
2015.11.26 15:21:42.813,2.2988,2.29957,1.50,1.00
2015.11.26 15:21:43.339,2.29876,2.29956,1.75,1.00
2015.11.26 15:21:45.353,2.29876,2.29957,1.75,1.00
2015.11.26 15:21:51.045,2.29884,2.29957,1.00,1.00
2015.11.26 15:21:51.221,2.29883,2.29967,3.00,1.00
2015.11.26 15:21:57.499,2.29887,2.29966,1.75,1.00
2015.11.26 15:21:58.583,2.29881,2.29956,1.75,1.00
2015.11.26 15:21:58.910,2.29884,2.29966,1.75,1.00
2015.11.26 15:21:59.895,2.29882,2.29956,1.75,1.00
2015.11.26 15:22:00.540,2.29883,2.29967,1.75,1.00
2015.11.26 15:22:01.549,2.29883,2.29966,1.75,1.00
2015.11.26 15:22:02.058,2.29883,2.29967,1.75,1.00
2015.11.26 15:22:03.046,2.29883,2.29965,1.75,1.00
2015.11.26 15:22:03.241,2.29888,2.29967,1.75,1.00
2015.11.26 15:22:03.744,2.29888,2.29966,1.75,1.00
2015.11.26 15:22:04.368,2.29887,2.29966,1.75,1.00
2015.11.26 15:22:04.482,2.29887,2.29966,1.75,1.00
2015.11.26 15:22:07.915,2.29887,2.29967,1.75,1.00
2015.11.26 15:22:07.965,2.29892,2.29967,2.25,1.00
2015.11.26 15:22:08.277,2.29904,2.29986,1.12,1.00
2015.11.26 15:22:08.631,2.29903,2.29987,1.75,1.00
2015.11.26 15:22:08.933,2.29913,2.29997,1.75,1.00
2015.11.26 15:22:09.332,2.29914,2.29996,2.25,1.00
2015.11.26 15:22:09.687,2.29914,2.29997,1.75,1.00
2015.11.26 15:22:15.082,2.29922,2.29996,1.75,1.00
2015.11.26 15:22:15.822,2.29924,2.30006,1.37,1.00
2015.11.26 15:22:16.074,2.29924,2.30006,1.75,1.00
2015.11.26 15:22:16.289,2.29934,2.30016,1.50,1.00
2015.11.26 15:22:16.391,2.29937,2.30016,1.00,1.00
2015.11.26 15:22:16.492,2.29934,2.30016,1.50,1.00
2015.11.26 15:22:16.743,2.29933,2.30007,1.75,1.00
2015.11.26 15:22:21.583,2.29934,2.30016,1.50,1.00
2015.11.26 15:22:21.634,2.29951,2.30016,1.00,1.00
2015.11.26 15:22:21.684,2.29951,2.30026,1.12,1.00
2015.11.26 15:22:21.735,2.29955,2.30026,1.00,1.00
2015.11.26 15:22:21.886,2.29957,2.30036,1.75,1.00
2015.11.26 15:22:22.089,2.29964,2.30046,1.00,1.00
2015.11.26 15:22:22.593,2.29964,2.30038,1.00,1.00
2015.11.26 15:22:22.795,2.29956,2.30036,1.75,1.00
2015.11.26 15:22:24.732,2.29953,2.30027,1.75,1.00
2015.11.26 15:22:24.854,2.29954,2.30036,1.75,1.00
2015.11.26 15:22:25.379,2.29953,2.30037,2.25,1.00
2015.11.26 15:22:28.187,2.29952,2.30036,1.75,1.00
2015.11.26 15:22:28.288,2.29952,2.30026,1.75,1.00
2015.11.26 15:22:28.591,2.29944,2.30017,1.75,1.00
2015.11.26 15:22:29.099,2.29937,2.30016,1.75,1.00
2015.11.26 15:22:29.895,2.29934,2.30016,1.50,1.00
2015.11.26 15:22:33.027,2.29932,2.30017,1.75,1.00
2015.11.26 15:22:34.753,2.29926,2.30006,2.25,1.00
2015.11.26 15:22:35.558,2.29933,2.30017,1.75,1.00
2015.11.26 15:22:36.717,2.29933,2.30017,1.00,1.37
2015.11.26 15:22:36.818,2.29933,2.30017,1.75,1.00
2015.11.26 15:22:37.330,2.29933,2.30007,1.75,1.00
2015.11.26 15:22:37.828,2.29933,2.30017,1.75,1.00
2015.11.26 15:22:38.080,2.29944,2.30026,1.00,1.12
2015.11.26 15:22:38.524,2.29954,2.30036,1.00,1.00
2015.11.26 15:22:38.826,2.29944,2.30026,2.25,1.00
2015.11.26 15:22:39.514,2.29943,2.30027,2.25,1.00
2015.11.26 15:22:39.626,2.29954,2.30036,1.00,1.00
2015.11.26 15:22:39.827,2.29953,2.30037,1.75,1.00
2015.11.26 15:22:40.283,2.29948,2.30027,2.25,1.00
2015.11.26 15:22:40.535,2.29944,2.30026,1.75,1.00
2015.11.26 15:22:41.035,2.29954,2.30036,1.00,1.00
2015.11.26 15:22:41.150,2.29955,2.30036,1.75,1.00
2015.11.26 15:22:42.148,2.29954,2.30036,1.00,1.00
2015.11.26 15:22:43.698,2.29953,2.30037,1.12,1.00
2015.11.26 15:22:43.749,2.29953,2.30037,1.00,1.75
2015.11.26 15:22:43.900,2.29944,2.30026,1.00,1.00
2015.11.26 15:22:44.350,2.29948,2.30026,1.00,1.00
2015.11.26 15:22:45.182,2.29945,2.30026,1.00,1.00
2015.11.26 15:22:45.283,2.29949,2.30026,1.00,1.00
2015.11.26 15:22:46.402,2.29949,2.30027,1.00,1.00
2015.11.26 15:22:46.503,2.29943,2.30027,1.00,1.00
2015.11.26 15:22:46.604,2.29943,2.30018,1.00,1.00
2015.11.26 15:22:46.654,2.29937,2.30016,1.00,1.00
2015.11.26 15:22:46.705,2.29934,2.30016,1.00,1.00
2015.11.26 15:22:46.756,2.29929,2.30007,1.50,1.00
2015.11.26 15:22:47.207,2.29933,2.30017,1.00,1.00
2015.11.26 15:22:47.593,2.29935,2.30017,1.00,1.00
2015.11.26 15:22:47.864,2.29933,2.30017,1.00,1.00
2015.11.26 15:22:48.395,2.29935,2.30017,1.00,1.00
2015.11.26 15:22:48.896,2.29933,2.30017,1.00,1.00
2015.11.26 15:22:50.101,2.29935,2.30017,1.00,1.00
2015.11.26 15:22:50.403,2.29936,2.30017,1.75,1.00
2015.11.26 15:22:50.706,2.29944,2.30026,1.00,1.00
2015.11.26 15:22:50.958,2.29935,2.30017,1.75,1.00
2015.11.26 15:22:51.261,2.29932,2.30007,1.75,1.00
2015.11.26 15:22:51.466,2.29931,2.30007,1.00,1.00
2015.11.26 15:22:51.567,2.29925,2.30007,2.25,1.00
2015.11.26 15:22:52.918,2.29922,2.29996,1.75,1.00
2015.11.26 15:22:53.019,2.29926,2.30006,1.75,1.00
2015.11.26 15:22:54.880,2.29934,2.30016,1.00,1.00
2015.11.26 15:22:55.109,2.2993,2.30006,1.50,1.00
2015.11.26 15:22:55.312,2.29934,2.30016,1.00,1.00
2015.11.26 15:22:56.036,2.29935,2.30016,1.00,1.00
2015.11.26 15:22:56.572,2.29936,2.30016,1.00,1.00
2015.11.26 15:22:56.880,2.29944,2.30016,1.00,1.00
2015.11.26 15:22:56.981,2.29934,2.30016,1.00,1.00
2015.11.26 15:22:57.466,2.29934,2.30016,2.25,1.00
2015.11.26 15:22:57.517,2.29943,2.30027,1.00,1.12
2015.11.26 15:22:57.669,2.2994,2.30027,1.00,1.12
2015.11.26 15:22:57.923,2.29938,2.30027,1.12,1.12
2015.11.26 15:22:57.974,2.29944,2.30026,1.00,1.00
2015.11.26 15:22:58.385,2.29944,2.30026,1.75,1.00
2015.11.26 15:22:58.986,2.29944,2.30026,1.00,1.12
2015.11.26 15:22:59.270,2.29937,2.30016,1.50,1.00
2015.11.26 15:22:59.788,2.29938,2.30017,1.37,1.00
2015.11.26 15:23:00.090,2.29944,2.30026,1.75,1.00
2015.11.26 15:23:00.594,2.29944,2.30027,1.75,1.00
2015.11.26 15:23:03.386,2.29945,2.30026,1.75,1.00
2015.11.26 15:23:07.412,2.29943,2.30027,1.75,1.00
2015.11.26 15:23:09.763,2.2994,2.30017,2.25,1.00
2015.11.26 15:23:10.294,2.29939,2.30016,1.00,1.00
2015.11.26 15:23:10.754,2.29935,2.30006,1.75,1.00
2015.11.26 15:23:13.351,2.29937,2.30007,1.37,1.00
2015.11.26 15:23:16.211,2.29936,2.30006,1.50,1.00
2015.11.26 15:23:18.339,2.29934,2.30016,2.25,1.00
2015.11.26 15:23:18.440,2.29944,2.30026,1.00,1.12
2015.11.26 15:23:18.985,2.29943,2.30027,1.00,1.37
2015.11.26 15:23:20.394,2.29944,2.30026,1.00,1.12
2015.11.26 15:23:20.647,2.29954,2.30036,1.00,1.75
2015.11.26 15:23:21.086,2.29948,2.30027,1.00,1.37
2015.11.26 15:23:21.156,2.29944,2.30027,1.50,1.37
2015.11.26 15:23:21.837,2.29953,2.30037,1.00,1.75
2015.11.26 15:23:21.976,2.29953,2.30037,1.00,1.37
2015.11.26 15:23:23.691,2.29954,2.30036,1.00,1.37
2015.11.26 15:23:23.943,2.29954,2.30026,1.00,1.00
2015.11.26 15:23:24.157,2.29943,2.30027,1.00,1.50
2015.11.26 15:23:28.666,2.29943,2.30025,1.00,1.00
2015.11.26 15:23:29.170,2.29943,2.30027,1.50,1.50
2015.11.26 15:23:29.718,2.29943,2.30025,1.50,1.00
2015.11.26 15:23:30.391,2.29943,2.30027,1.50,1.50
2015.11.26 15:23:31.050,2.29943,2.30025,1.50,1.00
2015.11.26 15:23:32.191,2.29943,2.30027,1.00,1.50
2015.11.26 15:23:37.395,2.29944,2.30026,1.00,1.12
2015.11.26 15:23:37.796,2.29953,2.30031,1.00,1.75
2015.11.26 15:23:40.351,2.29953,2.3003,1.00,1.75
2015.11.26 15:23:42.861,2.29954,2.30026,1.00,1.00
2015.11.26 15:23:44.337,2.29954,2.30025,1.00,1.00
2015.11.26 15:23:44.388,2.29945,2.30025,1.00,1.00
2015.11.26 15:23:45.013,2.29946,2.30026,1.00,1.50
2015.11.26 15:23:45.550,2.29946,2.30025,1.00,1.00
2015.11.26 15:23:46.403,2.29945,2.30025,1.00,1.00
2015.11.26 15:23:46.504,2.29943,2.30026,1.00,1.00
2015.11.26 15:23:46.554,2.29943,2.3002,1.00,1.00
2015.11.26 15:23:46.864,2.29939,2.30016,1.12,1.00
2015.11.26 15:23:47.166,2.29927,2.30007,1.37,1.00
2015.11.26 15:23:47.367,2.29925,2.30005,1.75,1.00
2015.11.26 15:23:47.982,2.29925,2.30006,1.75,1.00
2015.11.26 15:23:48.593,2.29924,2.30005,1.75,1.00
2015.11.26 15:23:48.796,2.29915,2.29997,1.75,1.00
2015.11.26 15:23:49.090,2.29913,2.29995,1.50,1.00
2015.11.26 15:23:49.241,2.29915,2.29996,1.00,1.12
2015.11.26 15:23:49.457,2.29913,2.29995,1.50,1.00
2015.11.26 15:23:49.981,2.29913,2.29991,1.00,1.00
2015.11.26 15:23:50.358,2.29913,2.29987,1.00,1.00
2015.11.26 15:23:50.561,2.29903,2.29987,1.00,1.12
2015.11.26 15:23:50.662,2.29894,2.29977,1.75,1.00
2015.11.26 15:23:50.713,2.29893,2.29977,1.00,1.50
2015.11.26 15:23:51.433,2.29904,2.29986,1.00,1.75
2015.11.26 15:23:51.534,2.29893,2.29977,1.00,1.50
2015.11.26 15:23:51.786,2.29884,2.29966,1.75,1.00
2015.11.26 15:23:52.765,2.29894,2.29976,1.00,1.37
2015.11.26 15:23:55.041,2.29894,2.29966,1.00,1.00
2015.11.26 15:23:55.571,2.29894,2.29976,1.00,1.37
2015.11.26 15:23:55.778,2.29897,2.29976,1.00,1.00
2015.11.26 15:23:56.081,2.29903,2.29978,2.25,1.00
2015.11.26 15:23:56.684,2.29903,2.29979,1.00,1.00
2015.11.26 15:23:57.214,2.29903,2.29978,1.00,1.00
2015.11.26 15:23:57.415,2.29913,2.29997,1.00,1.37
2015.11.26 15:23:57.466,2.29924,2.29996,1.00,1.12
2015.11.26 15:23:58.001,2.29923,2.30007,1.00,1.00
2015.11.26 15:23:58.253,2.29925,2.30006,1.00,1.00
2015.11.26 15:23:58.781,2.29924,2.30006,2.25,1.00
2015.11.26 15:23:59.083,2.29933,2.30008,1.00,1.00
2015.11.26 15:23:59.595,2.29935,2.30009,1.00,1.00
2015.11.26 15:23:59.797,2.29933,2.30008,1.00,1.00
2015.11.26 15:24:01.444,2.29934,2.30008,1.00,1.00
2015.11.26 15:24:01.980,2.29933,2.30008,1.00,1.00
2015.11.26 15:24:02.627,2.29934,2.30008,1.00,1.00
2015.11.26 15:24:04.671,2.29934,2.30009,1.00,1.00
2015.11.26 15:24:10.051,2.29934,2.30008,1.00,1.00
2015.11.26 15:24:10.443,2.29928,2.30007,1.50,1.00
2015.11.26 15:24:10.494,2.29928,2.29999,1.50,1.00
2015.11.26 15:24:11.591,2.29925,2.30007,2.25,1.00
2015.11.26 15:24:12.881,2.29925,2.30006,1.75,1.00
2015.11.26 15:24:13.520,2.29933,2.30009,1.00,1.00
2015.11.26 15:24:13.811,2.29933,2.30017,1.00,1.00
2015.11.26 15:24:14.063,2.29935,2.30017,1.00,1.00
2015.11.26 15:24:14.599,2.29934,2.30017,1.50,1.00
2015.11.26 15:24:15.134,2.29935,2.30017,1.00,1.00
2015.11.26 15:24:15.653,2.29934,2.30017,1.00,1.00
2015.11.26 15:24:16.555,2.29936,2.30017,1.00,1.00
2015.11.26 15:24:17.150,2.29936,2.30016,1.00,1.00
2015.11.26 15:24:19.372,2.29935,2.30016,1.00,1.00
2015.11.26 15:24:21.591,2.29934,2.30016,1.50,1.00
2015.11.26 15:24:26.830,2.29934,2.30007,1.00,1.00
2015.11.26 15:24:28.690,2.29927,2.30007,1.75,1.00
2015.11.26 15:24:28.992,2.29925,2.29998,1.00,1.00
2015.11.26 15:24:29.194,2.29932,2.30006,1.00,1.00
2015.11.26 15:24:29.295,2.29937,2.30017,1.00,1.75
2015.11.26 15:24:29.396,2.29939,2.30017,1.00,1.00
2015.11.26 15:24:29.595,2.29944,2.30017,1.00,1.00
2015.11.26 15:24:29.696,2.29944,2.30026,1.50,1.75
2015.11.26 15:24:30.260,2.29943,2.30027,1.00,1.75
2015.11.26 15:24:30.361,2.29936,2.30017,1.00,1.00
2015.11.26 15:24:30.412,2.29933,2.30017,1.37,1.00
2015.11.26 15:24:30.832,2.29943,2.30025,1.00,1.50
2015.11.26 15:24:31.050,2.29954,2.30036,1.00,1.37
2015.11.26 15:24:31.243,2.29946,2.30026,1.00,1.00
2015.11.26 15:24:31.495,2.29954,2.30036,1.00,1.37
2015.11.26 15:24:33.991,2.29955,2.30036,1.00,1.37
2015.11.26 15:24:34.537,2.29956,2.30036,1.00,1.37
2015.11.26 15:24:34.638,2.29954,2.30036,1.00,1.37
2015.11.26 15:24:35.300,2.29953,2.30037,1.50,1.50
2015.11.26 15:24:36.810,2.29955,2.30037,1.00,1.50
2015.11.26 15:24:36.911,2.29963,2.30047,1.00,1.50
2015.11.26 15:24:37.438,2.29964,2.30046,1.00,1.37
2015.11.26 15:24:38.962,2.29964,2.30046,1.75,1.00
2015.11.26 15:24:39.067,2.29973,2.30055,1.00,1.00
2015.11.26 15:24:39.208,2.29973,2.30057,1.00,1.00
2015.11.26 15:24:39.533,2.29973,2.30048,1.00,1.00
2015.11.26 15:24:39.735,2.29964,2.30046,1.75,1.00
2015.11.26 15:24:39.987,2.29964,2.30046,1.00,1.00
2015.11.26 15:24:40.253,2.29957,2.30036,1.50,1.00
2015.11.26 15:24:40.555,2.29963,2.30037,1.00,1.00
2015.11.26 15:24:40.706,2.29944,2.30026,1.75,1.00
2015.11.26 15:24:40.857,2.29944,2.30026,1.00,1.12
2015.11.26 15:24:41.019,2.29938,2.30017,1.00,1.00
2015.11.26 15:24:41.572,2.29934,2.30016,1.75,1.00
2015.11.26 15:24:41.874,2.29927,2.30007,2.25,1.00
2015.11.26 15:24:42.608,2.29924,2.30006,2.25,1.00
2015.11.26 15:24:42.860,2.29924,2.30006,1.00,1.12
2015.11.26 15:24:42.911,2.29914,2.29997,1.75,1.00
2015.11.26 15:24:43.412,2.29914,2.29996,1.75,1.00
2015.11.26 15:24:48.594,2.29923,2.30007,1.00,1.37
2015.11.26 15:24:48.829,2.29914,2.29997,2.25,1.00
2015.11.26 15:24:49.534,2.29924,2.30006,1.00,1.12
2015.11.26 15:24:49.976,2.29933,2.30007,1.00,1.37
2015.11.26 15:24:50.178,2.29934,2.30016,1.00,1.12
2015.11.26 15:24:52.810,2.29924,2.30006,1.75,1.00
2015.11.26 15:24:52.911,2.29933,2.30017,1.00,1.37
2015.11.26 15:24:55.736,2.29933,2.30015,1.00,1.00
2015.11.26 15:24:56.054,2.29933,2.30009,1.00,1.00
2015.11.26 15:24:56.157,2.29923,2.30007,2.25,1.00
2015.11.26 15:24:56.258,2.29923,2.30005,1.00,1.00
2015.11.26 15:24:56.791,2.29923,2.30006,1.00,1.00
2015.11.26 15:24:57.489,2.29923,2.30005,1.00,1.00
2015.11.26 15:24:57.613,2.29923,2.29998,1.00,1.00
2015.11.26 15:24:57.663,2.29914,2.29996,1.75,1.00
2015.11.26 15:24:58.999,2.29914,2.29996,1.00,1.00
2015.11.26 15:25:01.164,2.29913,2.29997,1.00,1.12
2015.11.26 15:25:01.693,2.29914,2.29996,1.00,1.00
2015.11.26 15:25:05.203,2.29914,2.29988,1.00,1.87
2015.11.26 15:25:05.254,2.29903,2.29987,1.00,1.12
2015.11.26 15:25:05.355,2.29897,2.29976,1.37,1.00
2015.11.26 15:25:05.703,2.29894,2.29976,1.37,1.37
2015.11.26 15:25:05.754,2.29884,2.29966,2.25,1.00
2015.11.26 15:25:06.269,2.29883,2.29967,2.25,1.00
2015.11.26 15:25:09.336,2.29894,2.29971,1.00,1.00
2015.11.26 15:25:09.437,2.29883,2.29967,1.75,1.00
2015.11.26 15:25:11.553,2.29883,2.29967,1.00,1.50
2015.11.26 15:25:11.604,2.29873,2.29957,1.75,1.00
2015.11.26 15:25:11.926,2.29861,2.29937,1.00,1.00
2015.11.26 15:25:11.976,2.29863,2.29947,1.00,1.50
2015.11.26 15:25:12.027,2.29866,2.29947,1.75,1.00
2015.11.26 15:25:12.128,2.29864,2.29946,1.00,1.37
2015.11.26 15:25:12.178,2.29861,2.29936,1.00,1.00
2015.11.26 15:25:12.229,2.29859,2.29936,1.00,1.00
2015.11.26 15:25:12.330,2.29863,2.29947,1.00,1.50
2015.11.26 15:25:14.463,2.29864,2.29947,1.00,1.50
2015.11.26 15:25:15.009,2.29863,2.29947,1.00,1.50
2015.11.26 15:25:15.161,2.29853,2.29937,1.75,1.00
2015.11.26 15:25:15.406,2.29864,2.29946,1.00,1.37
2015.11.26 15:25:15.560,2.29864,2.29946,1.75,1.00
2015.11.26 15:25:16.064,2.2987,2.29947,1.00,1.00
2015.11.26 15:25:16.126,2.29874,2.29956,1.00,1.50
2015.11.26 15:25:17.349,2.29873,2.29957,1.00,1.75
2015.11.26 15:25:17.450,2.29861,2.29936,1.00,1.00
2015.11.26 15:25:17.501,2.29854,2.29936,1.87,1.00
2015.11.26 15:25:17.630,2.29856,2.29936,1.00,1.00
2015.11.26 15:25:18.134,2.29855,2.29937,1.50,1.00
2015.11.26 15:25:18.436,2.29872,2.29937,1.00,1.00
2015.11.26 15:25:18.537,2.29872,2.29947,1.00,1.37
2015.11.26 15:25:18.588,2.29872,2.29947,1.00,1.00
2015.11.26 15:25:18.689,2.29873,2.29957,1.00,1.75
2015.11.26 15:25:18.739,2.29882,2.29957,1.00,1.00
2015.11.26 15:25:18.854,2.29878,2.29957,1.12,1.00
2015.11.26 15:25:18.906,2.29881,2.29957,1.00,1.00
2015.11.26 15:25:19.007,2.29884,2.29966,1.00,1.37
2015.11.26 15:25:20.448,2.29883,2.29967,1.50,1.37
2015.11.26 15:25:20.650,2.29874,2.29956,1.75,1.00
2015.11.26 15:25:20.852,2.29874,2.29956,1.00,1.12
2015.11.26 15:25:21.426,2.29873,2.29957,1.00,1.37
2015.11.26 15:25:22.505,2.29868,2.29946,1.87,1.00
2015.11.26 15:25:22.656,2.29864,2.29946,1.00,1.75
2015.11.26 15:25:22.757,2.29852,2.29926,1.75,1.00
2015.11.26 15:25:22.858,2.29853,2.29937,1.50,1.00
2015.11.26 15:25:23.059,2.29864,2.29946,1.00,1.75
2015.11.26 15:25:23.261,2.29867,2.29946,1.00,1.00
2015.11.26 15:25:23.311,2.29884,2.29966,1.00,1.75
2015.11.26 15:25:23.362,2.29884,2.29966,1.00,1.12
2015.11.26 15:25:23.413,2.29873,2.29957,1.75,1.00
2015.11.26 15:25:23.598,2.29884,2.29966,1.00,1.12
2015.11.26 15:25:23.750,2.29874,2.29956,1.75,1.00
2015.11.26 15:25:24.052,2.29874,2.29956,1.00,1.37
2015.11.26 15:25:25.663,2.29874,2.29946,1.00,1.00
2015.11.26 15:25:25.865,2.29865,2.29947,1.37,1.00
2015.11.26 15:25:26.416,2.29854,2.29936,1.75,1.00
2015.11.26 15:25:26.466,2.29854,2.29936,1.00,1.12
2015.11.26 15:25:26.618,2.29854,2.29926,1.00,1.00
2015.11.26 15:25:26.769,2.29853,2.29937,1.00,1.37
2015.11.26 15:25:26.900,2.29855,2.29937,1.00,1.37
2015.11.26 15:25:27.420,2.29854,2.29937,1.00,1.37
2015.11.26 15:25:27.922,2.29855,2.29936,1.00,1.12
2015.11.26 15:25:28.279,2.29854,2.29936,2.25,1.00
2015.11.26 15:25:28.381,2.29863,2.29947,1.00,1.37
2015.11.26 15:25:28.559,2.29865,2.29947,1.00,1.37
2015.11.26 15:25:28.610,2.29863,2.29947,1.00,1.37
2015.11.26 15:25:28.660,2.29863,2.29947,1.37,1.00
2015.11.26 15:25:29.013,2.29869,2.29947,1.00,1.00
2015.11.26 15:25:29.322,2.29875,2.29947,1.00,1.00
2015.11.26 15:25:29.373,2.29875,2.29956,1.00,1.50
2015.11.26 15:25:29.881,2.29874,2.29956,1.00,1.50
2015.11.26 15:25:31.283,2.29864,2.29946,1.75,1.00
2015.11.26 15:25:32.001,2.29863,2.29947,1.75,1.00
2015.11.26 15:25:35.899,2.29863,2.29947,1.00,1.75
2015.11.26 15:25:36.000,2.29862,2.29937,1.00,1.00
2015.11.26 15:25:36.290,2.29864,2.29946,1.00,1.50
2015.11.26 15:25:36.642,2.29864,2.29936,1.00,1.00
2015.11.26 15:25:36.743,2.29853,2.29937,2.25,1.00
2015.11.26 15:25:36.894,2.29853,2.29937,1.00,1.50
2015.11.26 15:25:37.228,2.29833,2.29917,1.75,1.00
2015.11.26 15:25:37.530,2.29824,2.29906,2.25,1.00
2015.11.26 15:25:39.706,2.29824,2.29906,1.00,1.75
2015.11.26 15:25:39.859,2.29816,2.29897,1.00,1.00
2015.11.26 15:25:40.377,2.29813,2.29897,1.50,1.00
2015.11.26 15:25:40.427,2.29821,2.29897,1.00,1.00
2015.11.26 15:25:40.478,2.29823,2.29907,1.50,1.75
2015.11.26 15:25:40.529,2.29832,2.29907,1.00,1.75
2015.11.26 15:25:40.579,2.29832,2.29907,1.50,1.37
2015.11.26 15:25:40.630,2.29832,2.29907,1.50,1.00
2015.11.26 15:25:40.821,2.29844,2.29926,1.00,1.00
2015.11.26 15:25:42.056,2.29834,2.29916,2.25,1.00
2015.11.26 15:25:43.229,2.29833,2.29917,2.25,1.00
2015.11.26 15:25:43.531,2.29827,2.29906,1.50,1.00
2015.11.26 15:25:45.692,2.29831,2.29906,1.00,1.00
2015.11.26 15:25:46.037,2.29832,2.29907,1.75,1.00
2015.11.26 15:25:46.273,2.29834,2.29916,1.75,1.00
2015.11.26 15:25:46.814,2.29834,2.29917,1.75,1.00
2015.11.26 15:25:47.322,2.29834,2.29916,1.75,1.00
2015.11.26 15:25:47.857,2.29833,2.29917,1.75,1.00
2015.11.26 15:25:48.109,2.29831,2.29906,1.75,1.00
2015.11.26 15:25:49.432,2.29834,2.29916,1.75,1.00
2015.11.26 15:25:51.267,2.29844,2.29926,1.00,1.00
2015.11.26 15:25:51.772,2.29843,2.29927,1.00,1.12
2015.11.26 15:25:53.718,2.29844,2.29926,1.00,1.00
2015.11.26 15:25:54.472,2.29851,2.29926,1.00,1.00
2015.11.26 15:25:54.835,2.29845,2.29927,1.37,1.00
2015.11.26 15:25:54.936,2.29851,2.29926,1.00,1.00
2015.11.26 15:25:55.307,2.29845,2.29926,1.37,1.00
2015.11.26 15:25:55.621,2.29861,2.29937,1.00,1.37
2015.11.26 15:25:55.924,2.29864,2.29936,1.00,1.00
2015.11.26 15:25:56.098,2.29863,2.29947,1.00,1.00
2015.11.26 15:25:56.435,2.29863,2.29947,1.75,1.00
2015.11.26 15:25:56.536,2.29874,2.29956,1.12,1.00
2015.11.26 15:25:56.999,2.29864,2.29946,2.25,1.00
2015.11.26 15:25:57.151,2.29864,2.29946,1.00,1.00
2015.11.26 15:25:57.302,2.29863,2.29937,1.00,1.00
2015.11.26 15:25:58.004,2.29854,2.29936,1.00,1.00
2015.11.26 15:25:59.410,2.29859,2.29936,1.00,1.00
2015.11.26 15:25:59.662,2.29873,2.29957,1.00,1.37
2015.11.26 15:25:59.816,2.29882,2.29957,1.00,1.37
2015.11.26 15:25:59.867,2.29883,2.29967,1.00,1.12
2015.11.26 15:25:59.917,2.29885,2.29967,1.00,1.12
2015.11.26 15:26:00.421,2.29884,2.29967,1.00,1.12
2015.11.26 15:26:01.006,2.29885,2.29967,1.00,1.12
2015.11.26 15:26:01.118,2.29883,2.29967,1.00,1.12
2015.11.26 15:26:01.251,2.29874,2.29956,1.75,1.00
2015.11.26 15:26:01.352,2.29874,2.29956,1.00,1.00
2015.11.26 15:26:01.604,2.29867,2.29947,1.75,1.00
2015.11.26 15:26:02.369,2.29863,2.29947,1.00,1.00
2015.11.26 15:26:02.621,2.29864,2.29936,1.00,1.00
2015.11.26 15:26:02.822,2.29854,2.29936,2.25,1.00
2015.11.26 15:26:06.235,2.29853,2.29937,1.75,1.00
2015.11.26 15:26:12.381,2.29854,2.29936,1.00,1.00
2015.11.26 15:26:13.253,2.29853,2.29937,1.00,1.00
2015.11.26 15:26:13.405,2.29864,2.29946,1.00,2.25
2015.11.26 15:26:13.506,2.29864,2.29945,1.00,1.00
2015.11.26 15:26:14.014,2.29864,2.29946,1.00,1.00
2015.11.26 15:26:14.573,2.29854,2.29936,1.75,1.00
2015.11.26 15:26:16.452,2.29853,2.29937,1.75,1.00
2015.11.26 15:26:16.560,2.29853,2.29937,1.12,1.00
2015.11.26 15:26:18.440,2.29854,2.29926,1.00,1.00
2015.11.26 15:26:19.765,2.29854,2.29936,1.00,1.00
2015.11.26 15:26:29.200,2.29854,2.29926,1.00,1.00
2015.11.26 15:26:31.886,2.29854,2.29936,1.37,1.00
2015.11.26 15:26:31.937,2.29854,2.29936,1.75,1.00
2015.11.26 15:26:32.253,2.29863,2.29937,1.00,1.00
2015.11.26 15:26:43.391,2.29854,2.29936,1.75,1.00
2015.11.26 15:26:43.772,2.29863,2.29947,1.00,1.00
2015.11.26 15:26:48.921,2.29854,2.29937,1.75,1.00
2015.11.26 15:26:49.222,2.29863,2.29937,1.00,1.00
2015.11.26 15:26:49.651,2.29863,2.29937,1.75,1.00
2015.11.26 15:27:05.801,2.29863,2.29937,1.50,1.00
2015.11.26 15:27:14.777,2.29864,2.29946,1.37,1.00
2015.11.26 15:27:14.878,2.29864,2.29946,1.75,1.00
2015.11.26 15:27:15.227,2.29864,2.29946,1.75,1.00
2015.11.26 15:27:15.733,2.29863,2.29937,1.75,1.00
2015.11.26 15:27:19.950,2.29864,2.29946,1.75,1.00
2015.11.26 15:27:22.120,2.29863,2.29947,1.75,1.00
2015.11.26 15:27:25.519,2.2987,2.29946,1.75,1.00
2015.11.26 15:27:26.931,2.29864,2.29946,1.00,1.00
2015.11.26 15:27:27.280,2.2986,2.29936,1.50,1.00
2015.11.26 15:27:38.098,2.29863,2.29947,1.00,1.00
2015.11.26 15:27:41.035,2.29874,2.29955,1.00,1.75
2015.11.26 15:27:41.187,2.29873,2.29957,1.75,1.00
2015.11.26 15:27:41.799,2.29874,2.29947,1.75,1.00
2015.11.26 15:27:42.019,2.29874,2.29956,2.25,1.00
2015.11.26 15:27:42.163,2.29874,2.29956,1.37,1.37
2015.11.26 15:27:42.264,2.29865,2.29947,1.12,1.00
2015.11.26 15:27:42.365,2.29864,2.29936,1.37,1.00
2015.11.26 15:27:42.868,2.29863,2.29937,1.50,1.00
2015.11.26 15:27:45.883,2.29863,2.29947,1.50,1.00
2015.11.26 15:27:49.179,2.29865,2.29936,1.12,1.00
2015.11.26 15:27:49.280,2.29854,2.29936,1.75,1.00
2015.11.26 15:27:49.331,2.29854,2.29936,1.37,1.00
2015.11.26 15:27:49.834,2.29863,2.29945,1.00,1.37
2015.11.26 15:27:49.935,2.29863,2.29947,1.50,1.00
2015.11.26 15:27:50.086,2.29863,2.29937,1.50,1.00
2015.11.26 15:27:50.750,2.29854,2.29936,1.75,1.00
2015.11.26 15:27:55.109,2.29854,2.29937,1.75,1.00
2015.11.26 15:27:55.210,2.29853,2.29937,2.25,1.00
2015.11.26 15:27:55.261,2.29853,2.29937,2.25,1.00
2015.11.26 15:27:55.362,2.29849,2.29927,1.75,1.00
2015.11.26 15:27:55.623,2.29847,2.29927,1.75,1.00
2015.11.26 15:27:55.674,2.29847,2.29927,1.50,1.00
2015.11.26 15:27:56.224,2.29844,2.29926,2.25,1.00
2015.11.26 15:28:04.649,2.2985,2.29926,1.00,1.00
2015.11.26 15:28:05.347,2.29845,2.29926,1.75,1.00
2015.11.26 15:28:05.609,2.29851,2.29926,1.00,1.00
2015.11.26 15:28:06.599,2.29845,2.29926,1.75,1.00
2015.11.26 15:28:06.855,2.29852,2.29927,1.00,1.00
2015.11.26 15:28:06.956,2.29845,2.29926,2.25,1.00
2015.11.26 15:28:09.298,2.29843,2.29927,1.75,1.00
2015.11.26 15:28:11.239,2.29843,2.29927,1.75,1.00
2015.11.26 15:28:11.421,2.29843,2.29927,1.37,1.00
2015.11.26 15:28:11.972,2.29844,2.29926,1.12,1.00
2015.11.26 15:28:12.632,2.29844,2.29925,1.12,1.00
2015.11.26 15:28:13.163,2.29834,2.29916,1.75,1.00
2015.11.26 15:28:13.888,2.29834,2.29916,1.37,1.00
2015.11.26 15:28:14.429,2.29833,2.29917,1.50,1.00
2015.11.26 15:28:15.589,2.29825,2.29907,1.75,1.00
2015.11.26 15:28:17.192,2.29824,2.29907,3.00,1.00
2015.11.26 15:28:18.999,2.29834,2.29915,1.00,1.37
2015.11.26 15:28:19.349,2.29824,2.29906,1.75,1.00
2015.11.26 15:28:22.170,2.29833,2.29917,1.00,1.75
2015.11.26 15:28:22.656,2.29823,2.29907,1.75,1.00
2015.11.26 15:28:27.789,2.29821,2.29897,2.25,1.00
2015.11.26 15:28:28.603,2.29813,2.29897,1.75,1.00
2015.11.26 15:28:28.654,2.29813,2.29897,1.37,1.00
2015.11.26 15:28:28.805,2.29813,2.29887,1.37,1.00
2015.11.26 15:28:29.085,2.29807,2.29887,1.37,1.00
2015.11.26 15:28:29.136,2.29807,2.29887,1.00,1.00
2015.11.26 15:28:32.378,2.29804,2.29887,1.50,1.00
2015.11.26 15:28:33.048,2.29804,2.29886,1.50,1.00
2015.11.26 15:28:34.500,2.29814,2.29893,1.00,1.00
2015.11.26 15:28:36.287,2.29814,2.29896,1.00,1.50
2015.11.26 15:28:37.458,2.29813,2.29897,1.00,1.75
2015.11.26 15:28:41.100,2.29803,2.29887,1.75,1.00
2015.11.26 15:28:43.048,2.29803,2.29877,1.75,1.00
2015.11.26 15:28:46.458,2.29803,2.29887,1.75,1.00
2015.11.26 15:28:48.760,2.29803,2.29886,1.00,1.00
2015.11.26 15:28:48.811,2.29803,2.29877,1.00,1.00
2015.11.26 15:28:51.043,2.29804,2.29877,1.00,1.00
2015.11.26 15:28:51.195,2.29805,2.29887,1.00,1.00
2015.11.26 15:28:51.346,2.298,2.29877,1.37,1.00
2015.11.26 15:28:56.918,2.298,2.29876,1.37,1.00
2015.11.26 15:29:04.400,2.298,2.29876,1.00,1.00
2015.11.26 15:29:04.501,2.29795,2.29876,1.75,1.00
2015.11.26 15:29:07.814,2.298,2.29876,1.00,1.00
2015.11.26 15:29:07.914,2.29803,2.29887,1.00,1.12
2015.11.26 15:29:08.262,2.29814,2.29895,1.00,1.50
2015.11.26 15:29:08.363,2.29821,2.29896,1.00,1.00
2015.11.26 15:29:08.464,2.29824,2.299,1.00,1.00
2015.11.26 15:29:08.565,2.29824,2.29906,1.00,1.37
2015.11.26 15:29:11.323,2.29822,2.29896,1.00,1.00
2015.11.26 15:29:12.467,2.29823,2.29906,1.00,1.37
2015.11.26 15:29:13.376,2.29823,2.29906,1.37,1.00
2015.11.26 15:29:13.880,2.29823,2.29907,1.75,1.00
2015.11.26 15:29:18.147,2.29824,2.29906,1.50,1.00
2015.11.26 15:29:19.026,2.29822,2.29896,1.75,1.00
2015.11.26 15:29:19.178,2.29824,2.29906,1.50,1.00
2015.11.26 15:29:19.380,2.29821,2.29896,1.75,1.00
2015.11.26 15:29:19.481,2.29823,2.29907,1.75,1.00
2015.11.26 15:29:20.340,2.29833,2.29917,1.00,1.50
2015.11.26 15:29:20.592,2.29826,2.29907,1.12,1.00
2015.11.26 15:29:20.909,2.29821,2.29897,1.75,1.00
2015.11.26 15:29:24.218,2.29837,2.29907,1.00,1.00
2015.11.26 15:29:24.319,2.2984,2.29917,1.00,1.12
2015.11.26 15:29:24.520,2.29843,2.29927,1.00,1.12
2015.11.26 15:29:25.399,2.29844,2.29926,1.00,1.00
2015.11.26 15:29:25.651,2.29844,2.29916,1.00,1.00
2015.11.26 15:29:25.752,2.29844,2.29926,1.00,1.00
2015.11.26 15:29:25.883,2.29844,2.29916,1.00,1.00
2015.11.26 15:29:26.084,2.29853,2.29931,1.00,1.75
2015.11.26 15:29:26.177,2.29846,2.29927,1.75,1.00
2015.11.26 15:29:26.479,2.29844,2.29916,1.00,1.00
2015.11.26 15:29:27.047,2.29835,2.29916,1.75,1.00
2015.11.26 15:29:28.917,2.29844,2.29916,1.00,1.00
2015.11.26 15:29:29.168,2.29833,2.29917,1.37,1.00
2015.11.26 15:29:29.824,2.29835,2.29917,1.50,1.00
2015.11.26 15:29:29.874,2.29835,2.29917,2.25,1.00
2015.11.26 15:29:30.026,2.29844,2.29926,1.00,1.00
2015.11.26 15:29:30.274,2.29844,2.29926,1.75,1.00
2015.11.26 15:29:35.747,2.29843,2.29927,2.25,1.00
2015.11.26 15:29:41.142,2.29844,2.29926,1.75,1.00
2015.11.26 15:29:45.074,2.29846,2.29926,1.50,1.00
2015.11.26 15:29:45.247,2.29851,2.29926,1.00,1.00
2015.11.26 15:29:45.656,2.29855,2.29926,1.00,1.00
2015.11.26 15:29:45.757,2.29854,2.29936,1.75,1.00
2015.11.26 15:29:45.858,2.2985,2.29917,1.75,1.00
2015.11.26 15:29:46.032,2.2985,2.29917,1.00,1.00
2015.11.26 15:29:46.167,2.29846,2.29917,1.00,1.00
2015.11.26 15:29:46.368,2.2984,2.29917,1.37,1.00
2015.11.26 15:29:46.419,2.2984,2.29917,1.00,1.00
2015.11.26 15:29:46.570,2.29843,2.29916,1.00,1.00
2015.11.26 15:29:46.671,2.29844,2.29926,1.50,1.75
2015.11.26 15:29:46.822,2.29845,2.29926,1.12,1.00
2015.11.26 15:29:47.173,2.2985,2.29926,1.00,1.00
2015.11.26 15:29:47.475,2.29854,2.29926,1.00,1.00
2015.11.26 15:29:51.612,2.29849,2.29926,1.00,1.00
2015.11.26 15:29:51.899,2.29862,2.29926,1.00,1.00
2015.11.26 15:29:52.051,2.29862,2.29937,1.00,1.00
2015.11.26 15:29:52.152,2.29863,2.29947,1.00,1.75
2015.11.26 15:29:52.203,2.29865,2.29947,1.00,1.00
2015.11.26 15:29:52.746,2.29863,2.29947,1.37,1.00
2015.11.26 15:29:52.796,2.29863,2.29937,1.37,1.00
2015.11.26 15:30:00.516,2.29858,2.29936,1.75,1.00
2015.11.26 15:30:06.977,2.29856,2.29937,1.75,1.00
2015.11.26 15:30:09.766,2.29856,2.29937,1.37,1.00
2015.11.26 15:30:11.406,2.29855,2.29935,1.37,1.00
2015.11.26 15:30:11.798,2.29854,2.29937,2.25,1.00
2015.11.26 15:30:12.826,2.29853,2.29927,1.75,1.00
2015.11.26 15:30:13.152,2.29844,2.29926,1.00,1.00
2015.11.26 15:30:13.253,2.29842,2.29916,1.37,1.00
2015.11.26 15:30:13.770,2.29843,2.29917,1.00,1.00
2015.11.26 15:30:13.820,2.29834,2.29916,1.50,1.00
2015.11.26 15:30:13.921,2.29834,2.29906,1.00,1.00
2015.11.26 15:30:14.144,2.29831,2.29907,1.37,1.00
2015.11.26 15:30:15.669,2.29834,2.29916,1.00,1.00
2015.11.26 15:30:15.897,2.29831,2.29907,1.87,1.00
2015.11.26 15:30:23.257,2.29825,2.29906,1.75,1.00
2015.11.26 15:30:25.794,2.29834,2.29916,1.00,1.50
2015.11.26 15:30:26.148,2.29834,2.29916,1.37,1.00
2015.11.26 15:30:26.467,2.29834,2.29916,1.75,1.00
2015.11.26 15:30:27.769,2.29833,2.29917,2.25,1.00
2015.11.26 15:30:28.123,2.29833,2.29917,1.50,1.00
2015.11.26 15:30:28.624,2.29833,2.29916,1.00,1.00
2015.11.26 15:30:28.675,2.29833,2.29907,1.00,1.00
2015.11.26 15:30:28.776,2.29825,2.29906,1.75,1.00
2015.11.26 15:30:29.280,2.29832,2.29906,1.00,1.00
2015.11.26 15:30:31.176,2.29834,2.29916,1.00,1.00
2015.11.26 15:30:32.083,2.29836,2.29916,1.00,1.00
2015.11.26 15:30:36.269,2.29836,2.29917,1.50,1.00
2015.11.26 15:30:38.417,2.29844,2.29917,1.00,1.00
2015.11.26 15:30:38.720,2.29876,2.29957,1.00,1.00
2015.11.26 15:30:39.217,2.29884,2.29965,1.00,1.75
2015.11.26 15:30:39.712,2.29884,2.29965,1.00,1.00
2015.11.26 15:30:39.763,2.29876,2.29956,2.25,1.00
2015.11.26 15:30:40.015,2.29865,2.29946,1.12,1.00
2015.11.26 15:30:46.797,2.29853,2.29944,1.87,1.37
2015.11.26 15:30:46.847,2.29853,2.29944,1.87,1.75
2015.11.26 15:30:47.052,2.29854,2.29936,1.00,1.00
2015.11.26 15:30:47.354,2.29849,2.29936,1.00,1.75
2015.11.26 15:30:47.636,2.29844,2.29936,2.25,1.75
2015.11.26 15:30:47.788,2.29853,2.29937,1.00,1.75
2015.11.26 15:30:47.838,2.29853,2.29938,1.37,1.00
2015.11.26 15:30:48.797,2.29855,2.29938,1.00,1.00
2015.11.26 15:30:49.304,2.29853,2.29939,1.37,1.00
2015.11.26 15:30:49.456,2.29854,2.29936,1.12,1.00
2015.11.26 15:30:50.205,2.29853,2.29937,1.37,1.00
2015.11.26 15:30:51.805,2.29855,2.29937,1.00,1.00
2015.11.26 15:30:52.107,2.29864,2.29946,1.00,1.75
2015.11.26 15:30:52.359,2.29864,2.29946,1.12,1.00
2015.11.26 15:30:55.047,2.29864,2.29947,1.12,1.00
2015.11.26 15:30:55.605,2.29864,2.29946,1.12,1.00
2015.11.26 15:30:56.165,2.29865,2.29946,1.00,1.00
2015.11.26 15:30:56.769,2.29864,2.29946,2.62,1.00
2015.11.26 15:30:56.931,2.29874,2.29946,1.00,1.00
2015.11.26 15:30:57.177,2.29874,2.29957,1.37,1.00
2015.11.26 15:30:59.776,2.29874,2.29956,3.37,1.00
2015.11.26 15:31:02.010,2.29874,2.29957,1.37,1.00
2015.11.26 15:31:09.346,2.29866,2.29946,1.75,1.00
2015.11.26 15:31:09.447,2.29866,2.29946,1.00,1.00
2015.11.26 15:31:09.822,2.29874,2.29956,1.00,1.50
2015.11.26 15:31:10.124,2.29874,2.29946,1.50,1.00
2015.11.26 15:31:15.726,2.29869,2.29947,1.75,1.00
2015.11.26 15:31:17.054,2.29874,2.29956,1.50,1.00
2015.11.26 15:31:17.256,2.29879,2.29956,1.00,1.00
2015.11.26 15:31:17.307,2.29884,2.29966,1.00,1.50
2015.11.26 15:31:17.508,2.2988,2.29957,1.00,1.00
2015.11.26 15:31:17.559,2.29877,2.29957,1.00,1.00
2015.11.26 15:31:20.136,2.29877,2.29956,1.00,1.00
2015.11.26 15:31:21.817,2.29883,2.29967,1.00,1.75
2015.11.26 15:31:23.316,2.29876,2.29957,1.12,1.00
2015.11.26 15:31:23.928,2.29876,2.29956,1.12,1.00
2015.11.26 15:31:29.497,2.29874,2.29956,3.75,1.00
2015.11.26 15:31:31.105,2.29875,2.29956,1.00,1.00
2015.11.26 15:31:31.615,2.29865,2.29947,1.75,1.00
2015.11.26 15:31:32.130,2.29869,2.29946,1.75,1.00
2015.11.26 15:31:33.311,2.29864,2.29946,1.00,1.00
2015.11.26 15:31:40.048,2.29863,2.29937,1.00,1.00
2015.11.26 15:31:40.400,2.29853,2.29937,1.37,1.00
2015.11.26 15:31:40.451,2.29853,2.29937,1.00,1.37
2015.11.26 15:31:41.046,2.29844,2.29927,1.75,1.00
2015.11.26 15:31:41.210,2.29843,2.29927,1.00,1.50
2015.11.26 15:31:41.355,2.29839,2.29916,1.00,1.00
2015.11.26 15:31:41.708,2.29844,2.29926,1.00,1.12
2015.11.26 15:31:42.456,2.29834,2.29916,1.75,1.00
2015.11.26 15:31:43.808,2.29843,2.29927,1.00,1.50
2015.11.26 15:31:43.909,2.29843,2.29927,1.37,1.37
2015.11.26 15:31:44.213,2.29846,2.29926,1.75,1.00
2015.11.26 15:31:44.465,2.29853,2.29937,1.00,1.00
2015.11.26 15:31:45.208,2.29854,2.29936,1.00,1.00
2015.11.26 15:31:47.405,2.29854,2.29926,1.00,1.00
2015.11.26 15:31:50.816,2.29846,2.29926,1.37,1.00
2015.11.26 15:31:50.917,2.29844,2.29926,1.00,1.00
2015.11.26 15:31:56.358,2.29843,2.29927,1.00,1.00
2015.11.26 15:32:01.076,2.29844,2.29926,1.00,1.00
2015.11.26 15:32:01.639,2.29837,2.29916,1.75,1.00
2015.11.26 15:32:01.851,2.29843,2.29927,1.00,1.00
2015.11.26 15:32:02.159,2.29837,2.29916,1.75,1.00
2015.11.26 15:32:02.864,2.29834,2.29916,1.00,1.50
2015.11.26 15:32:03.367,2.29833,2.29917,1.00,1.75
2015.11.26 15:32:03.468,2.29833,2.29917,1.75,1.00
2015.11.26 15:32:05.767,2.29845,2.29917,1.00,1.00
2015.11.26 15:32:05.818,2.29845,2.29926,1.00,1.12
2015.11.26 15:32:05.969,2.29848,2.29926,1.12,1.12
2015.11.26 15:32:06.019,2.29854,2.29936,1.00,1.00
2015.11.26 15:32:13.170,2.29847,2.29926,1.75,1.00
2015.11.26 15:32:13.671,2.29846,2.29927,1.75,1.00
2015.11.26 15:32:18.118,2.29846,2.29926,2.25,1.00
2015.11.26 15:32:19.042,2.29851,2.29926,1.00,1.00
2015.11.26 15:32:19.564,2.29849,2.29926,1.37,1.00
2015.11.26 15:32:20.305,2.29851,2.29926,1.00,1.00
2015.11.26 15:32:20.825,2.2985,2.29926,1.12,1.00
2015.11.26 15:32:20.955,2.29853,2.29937,1.00,1.00
2015.11.26 15:32:22.029,2.29858,2.29937,1.00,1.12
2015.11.26 15:32:22.180,2.29863,2.29945,1.00,1.00
2015.11.26 15:32:22.681,2.29863,2.29947,1.00,1.12
2015.11.26 15:32:24.488,2.29864,2.29946,1.00,1.00
2015.11.26 15:32:24.538,2.29864,2.29945,1.00,1.37
2015.11.26 15:32:26.246,2.2986,2.29936,1.00,1.00
2015.11.26 15:32:27.818,2.29859,2.29936,1.00,1.00
2015.11.26 15:32:28.020,2.29862,2.29936,1.00,1.00
2015.11.26 15:32:28.214,2.29863,2.29947,1.00,1.75
2015.11.26 15:32:30.860,2.29864,2.29946,1.00,1.75
2015.11.26 15:32:37.014,2.29858,2.29936,1.00,1.00
2015.11.26 15:32:37.169,2.29863,2.29947,1.00,1.75
2015.11.26 15:32:41.648,2.29871,2.29938,1.00,1.12
2015.11.26 15:32:41.749,2.29872,2.29947,1.00,1.00
2015.11.26 15:32:41.900,2.29873,2.29949,1.00,1.00
2015.11.26 15:32:42.393,2.29875,2.29949,1.00,1.00
2015.11.26 15:32:42.591,2.29875,2.29957,1.00,1.12
2015.11.26 15:32:44.598,2.29877,2.29957,1.00,1.12
2015.11.26 15:32:44.900,2.29889,2.29967,1.00,1.00
2015.11.26 15:32:45.234,2.29893,2.29967,1.00,1.00
2015.11.26 15:32:45.386,2.29894,2.29976,1.00,1.00
2015.11.26 15:32:48.246,2.29889,2.29967,1.00,1.00
2015.11.26 15:32:51.910,2.29887,2.29967,1.12,1.00
2015.11.26 15:32:52.212,2.29877,2.29957,1.00,1.00
2015.11.26 15:32:52.969,2.29876,2.29957,1.50,1.00
2015.11.26 15:32:53.481,2.29877,2.29957,1.00,1.00
2015.11.26 15:32:57.276,2.29876,2.29957,1.00,1.00
2015.11.26 15:32:58.118,2.29875,2.29957,1.12,1.00
2015.11.26 15:32:58.610,2.29877,2.29957,1.00,1.00
2015.11.26 15:32:59.270,2.29878,2.29957,1.00,1.00
2015.11.26 15:33:00.824,2.29873,2.29957,1.50,1.00
2015.11.26 15:33:01.572,2.29874,2.29956,1.37,1.00
2015.11.26 15:33:02.487,2.29874,2.29956,1.00,1.50
2015.11.26 15:33:02.726,2.29867,2.29947,1.00,1.00
2015.11.26 15:33:02.827,2.29863,2.29947,1.37,1.00
2015.11.26 15:33:03.195,2.29859,2.29936,2.25,1.00
2015.11.26 15:33:03.418,2.2986,2.29936,1.00,1.00
2015.11.26 15:33:03.861,2.29863,2.29947,1.00,1.37
2015.11.26 15:33:03.912,2.29866,2.29947,1.00,1.00
2015.11.26 15:33:04.271,2.29869,2.29946,1.00,1.00
2015.11.26 15:33:04.322,2.29874,2.29956,1.00,1.75
2015.11.26 15:33:04.826,2.29873,2.29957,1.00,1.75
2015.11.26 15:33:04.977,2.29883,2.29964,1.00,1.50
2015.11.26 15:33:05.028,2.29883,2.29964,1.00,1.50
2015.11.26 15:33:06.494,2.29874,2.29956,1.12,1.00
2015.11.26 15:33:07.632,2.29874,2.29946,1.12,1.00
2015.11.26 15:33:11.113,2.29873,2.29947,1.00,1.00
2015.11.26 15:33:33.232,2.29874,2.29946,1.00,1.00
2015.11.26 15:33:33.584,2.29873,2.29957,1.00,1.75
2015.11.26 15:33:33.786,2.29873,2.29957,1.00,1.00
2015.11.26 15:33:34.684,2.29884,2.29956,1.00,1.00
2015.11.26 15:33:34.894,2.29883,2.29967,1.00,1.75
2015.11.26 15:33:39.848,2.29884,2.29966,1.00,1.75
2015.11.26 15:33:40.352,2.29884,2.29949,1.00,1.00
2015.11.26 15:33:40.403,2.29874,2.29949,1.00,1.00
2015.11.26 15:33:40.504,2.29871,2.29946,1.12,1.00
2015.11.26 15:33:41.387,2.29873,2.29949,1.00,1.00
2015.11.26 15:33:41.700,2.2987,2.29946,1.87,1.00
2015.11.26 15:33:42.233,2.29872,2.29946,1.00,1.00
2015.11.26 15:33:43.174,2.29871,2.29946,1.12,1.00
2015.11.26 15:33:45.879,2.29872,2.29946,1.00,1.00
2015.11.26 15:33:46.545,2.2987,2.29946,1.87,1.00
2015.11.26 15:33:47.182,2.29872,2.29946,1.00,1.00
2015.11.26 15:33:47.867,2.29871,2.29946,1.87,1.00
2015.11.26 15:33:48.384,2.29872,2.29946,1.00,1.00
2015.11.26 15:33:50.206,2.29871,2.29946,1.00,1.00
2015.11.26 15:33:50.837,2.2987,2.29946,1.00,1.00
2015.11.26 15:33:53.092,2.29872,2.29946,1.00,1.00
2015.11.26 15:33:53.809,2.29871,2.29946,1.00,1.00
2015.11.26 15:33:54.503,2.29872,2.29946,1.00,1.00
2015.11.26 15:33:55.053,2.29871,2.29946,1.00,1.00
2015.11.26 15:33:56.839,2.2987,2.29946,1.00,1.00
2015.11.26 15:33:57.242,2.29873,2.29949,1.00,1.00
2015.11.26 15:33:57.454,2.29866,2.29947,1.50,1.00
2015.11.26 15:34:03.587,2.29864,2.29946,2.25,1.00
2015.11.26 15:34:07.130,2.29863,2.29947,1.75,1.00
2015.11.26 15:34:08.638,2.29865,2.29947,1.12,1.00
2015.11.26 15:34:11.079,2.29864,2.29946,1.37,1.00
2015.11.26 15:34:11.748,2.29859,2.29937,2.25,1.00
2015.11.26 15:34:12.261,2.29856,2.29937,1.00,1.00
2015.11.26 15:34:12.779,2.29855,2.29936,1.12,1.00
2015.11.26 15:34:14.253,2.29855,2.29937,1.12,1.00
2015.11.26 15:34:14.481,2.29864,2.29946,1.00,1.50
2015.11.26 15:34:15.028,2.29863,2.29947,1.00,1.75
2015.11.26 15:34:17.806,2.29856,2.29936,1.50,1.00
2015.11.26 15:34:18.307,2.29855,2.29937,1.12,1.00
2015.11.26 15:34:20.893,2.2985,2.29926,2.25,1.00
2015.11.26 15:34:21.041,2.2985,2.29926,1.37,1.00
2015.11.26 15:34:21.126,2.29844,2.29927,1.50,1.00
2015.11.26 15:34:21.299,2.29844,2.29916,1.00,1.00
2015.11.26 15:34:21.452,2.29836,2.29916,1.75,1.00
2015.11.26 15:34:23.275,2.29835,2.29916,1.00,1.00
2015.11.26 15:34:23.766,2.29841,2.29916,1.00,1.00
2015.11.26 15:34:23.867,2.29843,2.29927,1.50,1.75
2015.11.26 15:34:24.583,2.29843,2.29927,1.37,1.00
2015.11.26 15:34:26.268,2.29846,2.29927,1.00,1.00
2015.11.26 15:34:26.777,2.29845,2.29927,1.87,1.00
2015.11.26 15:34:28.272,2.29846,2.29927,1.00,1.00
2015.11.26 15:34:28.974,2.29848,2.29927,1.00,1.00
2015.11.26 15:34:29.715,2.29847,2.29927,1.00,1.00
2015.11.26 15:34:30.219,2.29848,2.29927,1.00,1.00
2015.11.26 15:34:30.521,2.29854,2.29926,1.00,1.00
2015.11.26 15:34:32.512,2.29853,2.29937,1.00,1.75
2015.11.26 15:34:33.060,2.29855,2.29937,1.00,1.75
2015.11.26 15:34:34.103,2.29853,2.29937,1.00,1.75
2015.11.26 15:34:34.823,2.2985,2.29927,1.00,1.00
2015.11.26 15:34:34.880,2.29843,2.29927,1.37,1.00
2015.11.26 15:34:34.931,2.29843,2.29927,1.37,1.37
2015.11.26 15:34:35.233,2.29839,2.29916,1.50,1.00
2015.11.26 15:34:36.244,2.2984,2.29916,1.00,1.00
2015.11.26 15:34:36.548,2.29892,2.29916,1.00,1.00
2015.11.26 15:34:36.599,2.29884,2.29955,1.00,1.75
2015.11.26 15:34:36.739,2.2988,2.29959,1.37,1.00
2015.11.26 15:34:36.790,2.2988,2.29967,1.00,1.75
2015.11.26 15:34:36.841,2.29877,2.29967,1.00,1.75
2015.11.26 15:34:36.942,2.29877,2.29956,1.00,1.00
2015.11.26 15:34:37.143,2.29877,2.29966,1.75,1.00
2015.11.26 15:34:37.349,2.29886,2.29966,1.00,1.00
2015.11.26 15:34:40.151,2.29885,2.29966,1.00,1.00
2015.11.26 15:34:41.308,2.29886,2.29966,1.00,1.00
2015.11.26 15:34:42.157,2.29885,2.29966,1.00,1.00
2015.11.26 15:34:43.313,2.29886,2.29966,1.00,1.00
2015.11.26 15:34:43.613,2.29883,2.29966,1.00,1.00
2015.11.26 15:34:44.615,2.29884,2.29966,1.00,1.00
2015.11.26 15:34:44.716,2.29888,2.29966,1.00,1.00
2015.11.26 15:34:44.767,2.29888,2.29976,1.00,1.75
2015.11.26 15:34:44.918,2.29884,2.29969,1.50,1.00
2015.11.26 15:34:45.822,2.29893,2.29969,1.00,1.00
2015.11.26 15:34:46.124,2.29894,2.29976,1.00,1.00
2015.11.26 15:34:46.213,2.29887,2.29977,1.50,1.00
2015.11.26 15:34:46.263,2.29883,2.29976,1.37,1.37
2015.11.26 15:34:46.314,2.29883,2.29976,1.00,1.75
2015.11.26 15:34:46.465,2.29885,2.29977,1.00,2.25
2015.11.26 15:34:46.810,2.29883,2.29977,1.00,2.25
2015.11.26 15:34:47.061,2.29878,2.29956,1.12,1.00
2015.11.26 15:34:48.792,2.29881,2.29956,1.00,1.00
2015.11.26 15:34:48.943,2.29894,2.29976,1.00,1.00
2015.11.26 15:34:49.245,2.29903,2.29987,1.00,1.75
2015.11.26 15:34:49.694,2.299,2.29986,1.00,1.75
2015.11.26 15:34:49.745,2.29894,2.29986,1.50,1.75
2015.11.26 15:34:49.909,2.29903,2.29987,1.00,1.75
2015.11.26 15:34:51.984,2.29903,2.29986,1.00,1.75
2015.11.26 15:34:52.135,2.29883,2.29967,1.00,1.75
2015.11.26 15:34:52.337,2.29875,2.29956,1.00,1.00
2015.11.26 15:34:53.335,2.29874,2.29956,1.50,1.00
2015.11.26 15:34:54.238,2.2988,2.29956,1.00,1.00
2015.11.26 15:34:54.541,2.29875,2.29956,1.00,1.00
2015.11.26 15:34:54.642,2.29882,2.29956,1.00,1.00
2015.11.26 15:34:54.743,2.29885,2.29967,1.00,1.00
2015.11.26 15:34:54.944,2.2989,2.29967,1.00,1.00
2015.11.26 15:34:55.493,2.29889,2.29967,1.00,1.00
2015.11.26 15:34:56.381,2.29889,2.29966,1.00,1.00
2015.11.26 15:34:57.148,2.2989,2.29966,1.00,1.00
2015.11.26 15:34:58.692,2.29884,2.29966,1.00,1.00
2015.11.26 15:34:59.657,2.29885,2.29966,1.00,1.00
2015.11.26 15:35:01.332,2.29885,2.29967,1.00,1.00
2015.11.26 15:35:01.383,2.29883,2.29967,1.00,1.00
2015.11.26 15:35:01.584,2.29877,2.29957,1.75,1.00
2015.11.26 15:35:02.329,2.2988,2.29967,1.37,1.50
2015.11.26 15:35:02.697,2.29875,2.29956,1.75,1.00
2015.11.26 15:35:02.898,2.29883,2.29967,1.00,1.00
2015.11.26 15:35:05.621,2.29894,2.29969,1.00,1.00
2015.11.26 15:35:05.847,2.29894,2.29976,1.00,1.37
2015.11.26 15:35:06.834,2.29894,2.29969,1.00,1.00
2015.11.26 15:35:07.736,2.29889,2.29967,1.75,1.00
2015.11.26 15:35:09.922,2.29889,2.29966,1.75,1.00
2015.11.26 15:35:12.661,2.2989,2.29967,1.50,1.00
2015.11.26 15:35:13.748,2.29885,2.29967,1.37,1.00
2015.11.26 15:35:13.799,2.29885,2.29967,1.00,1.00
2015.11.26 15:35:13.972,2.29883,2.29958,1.00,1.00
2015.11.26 15:35:14.023,2.29875,2.29956,1.37,1.00
2015.11.26 15:35:14.174,2.29874,2.29949,1.00,1.00
2015.11.26 15:35:14.225,2.29864,2.29946,2.25,1.00
2015.11.26 15:35:14.972,2.29874,2.29957,1.00,1.75
2015.11.26 15:35:15.161,2.29873,2.29957,1.37,1.37
2015.11.26 15:35:15.677,2.29869,2.29947,1.75,1.00
2015.11.26 15:35:16.332,2.29885,2.29947,1.00,1.00
2015.11.26 15:35:16.433,2.2989,2.29956,1.00,1.00
2015.11.26 15:35:16.534,2.29894,2.29976,1.00,1.00
2015.11.26 15:35:19.605,2.29884,2.29966,1.75,1.00
2015.11.26 15:35:19.951,2.29883,2.29967,1.37,1.00
2015.11.26 15:35:20.067,2.29883,2.29967,1.00,1.00
2015.11.26 15:35:21.792,2.29884,2.29966,1.00,1.00
2015.11.26 15:35:22.028,2.29884,2.29962,1.00,1.00
2015.11.26 15:35:22.334,2.29859,2.29937,1.75,1.00
2015.11.26 15:35:22.551,2.29853,2.29937,2.25,1.00
2015.11.26 15:35:22.602,2.29853,2.29937,1.87,1.00
2015.11.26 15:35:24.211,2.29853,2.29927,1.37,1.00
2015.11.26 15:35:25.884,2.29845,2.29926,1.75,1.00
2015.11.26 15:35:26.191,2.29853,2.29937,1.37,1.00
2015.11.26 15:35:27.171,2.29853,2.29937,1.00,1.37
2015.11.26 15:35:27.475,2.29844,2.29926,1.37,1.00
2015.11.26 15:35:27.826,2.2985,2.29926,1.00,1.00
2015.11.26 15:35:27.978,2.29855,2.29937,1.37,1.37
2015.11.26 15:35:28.301,2.29854,2.29946,2.25,1.00
2015.11.26 15:35:28.351,2.29861,2.29946,1.00,1.00
2015.11.26 15:35:28.654,2.29873,2.29957,1.00,1.00
2015.11.26 15:35:30.126,2.29874,2.29957,1.00,1.00
2015.11.26 15:35:30.430,2.29873,2.29957,1.75,1.00
2015.11.26 15:35:30.738,2.29865,2.29946,1.50,1.00
2015.11.26 15:35:31.112,2.29873,2.29957,1.00,1.50
2015.11.26 15:35:31.404,2.29864,2.29946,2.25,1.00
2015.11.26 15:35:31.728,2.2988,2.29966,1.00,1.75
2015.11.26 15:35:31.928,2.29884,2.29966,1.00,1.00
2015.11.26 15:35:35.111,2.29875,2.29956,2.25,1.00
2015.11.26 15:35:35.413,2.2987,2.29946,1.00,1.00
2015.11.26 15:35:35.464,2.29873,2.29957,1.00,1.50
2015.11.26 15:35:35.781,2.29875,2.29957,1.00,1.50
2015.11.26 15:35:35.882,2.29873,2.29957,1.00,1.50
2015.11.26 15:35:36.256,2.29884,2.29966,1.00,1.12
2015.11.26 15:35:36.752,2.29873,2.29957,1.75,1.00
2015.11.26 15:35:37.275,2.29874,2.29956,1.75,1.00
2015.11.26 15:35:39.322,2.29873,2.29957,1.75,1.00
2015.11.26 15:35:39.833,2.29874,2.29956,1.75,1.00
2015.11.26 15:35:41.792,2.29878,2.29956,1.00,1.00
2015.11.26 15:35:41.944,2.29885,2.29967,1.00,1.50
2015.11.26 15:35:42.329,2.29887,2.29966,1.00,1.12
2015.11.26 15:35:42.467,2.29894,2.29976,1.00,1.00
2015.11.26 15:35:43.045,2.29895,2.29976,1.00,1.00
2015.11.26 15:35:43.641,2.29894,2.29976,1.50,1.00
2015.11.26 15:35:44.151,2.29895,2.29976,1.00,1.00
2015.11.26 15:35:44.780,2.29895,2.29977,1.00,1.00
2015.11.26 15:35:44.890,2.29893,2.29977,1.00,1.00
2015.11.26 15:35:46.392,2.29893,2.29969,1.00,1.00
2015.11.26 15:35:47.863,2.29891,2.29966,1.37,1.00
2015.11.26 15:35:49.385,2.29891,2.29977,1.37,1.00
2015.11.26 15:35:51.170,2.29895,2.29977,1.00,1.00
2015.11.26 15:35:51.511,2.29897,2.29976,1.00,1.00
2015.11.26 15:35:51.813,2.29894,2.29976,2.25,1.00
2015.11.26 15:36:01.293,2.2989,2.29967,1.50,1.00
2015.11.26 15:36:01.539,2.29898,2.29976,1.00,1.00
2015.11.26 15:36:01.592,2.29901,2.29976,1.00,1.00
2015.11.26 15:36:01.643,2.29903,2.29987,1.00,1.75
2015.11.26 15:36:01.845,2.29903,2.29987,1.37,1.37
2015.11.26 15:36:01.946,2.29903,2.29987,1.50,1.00
2015.11.26 15:36:01.996,2.29906,2.29987,1.50,1.00
2015.11.26 15:36:02.299,2.29913,2.29997,1.00,1.75
2015.11.26 15:36:04.366,2.29913,2.29997,1.37,1.00
2015.11.26 15:36:05.620,2.29905,2.29986,1.75,1.00
2015.11.26 15:36:05.772,2.29904,2.29986,2.25,1.00
2015.11.26 15:36:19.781,2.29913,2.29997,1.00,1.75
2015.11.26 15:36:21.960,2.29904,2.29986,2.25,1.00
2015.11.26 15:36:23.777,2.29906,2.29986,1.00,1.00
2015.11.26 15:36:24.083,2.29913,2.29997,1.00,1.00
2015.11.26 15:36:33.619,2.29914,2.29996,1.00,1.00
2015.11.26 15:36:43.890,2.29913,2.29997,1.00,1.50
2015.11.26 15:36:47.360,2.29913,2.29991,1.00,1.00
2015.11.26 15:36:47.519,2.29904,2.29986,2.25,1.00
2015.11.26 15:36:48.703,2.29914,2.29996,1.00,1.12
2015.11.26 15:36:48.804,2.29914,2.29996,1.37,1.00
2015.11.26 15:36:49.326,2.29915,2.29997,1.37,1.00
2015.11.26 15:36:57.412,2.29913,2.29997,1.37,1.37
2015.11.26 15:36:57.614,2.29916,2.29996,1.00,1.37
2015.11.26 15:36:57.954,2.29923,2.29997,1.00,1.37
2015.11.26 15:36:59.918,2.29924,2.30005,1.00,1.75
2015.11.26 15:37:07.718,2.29923,2.30007,1.50,1.75
2015.11.26 15:37:09.346,2.29923,2.30007,1.50,1.75
2015.11.26 15:37:09.447,2.29923,2.30007,1.50,1.75
2015.11.26 15:37:10.140,2.29924,2.30006,1.00,1.50
2015.11.26 15:37:12.565,2.29923,2.30007,1.00,1.75
2015.11.26 15:37:12.846,2.29927,2.30007,1.00,1.75
2015.11.26 15:37:13.379,2.29923,2.30007,1.00,1.75
2015.11.26 15:37:14.572,2.29925,2.30007,1.00,1.75
2015.11.26 15:37:15.104,2.29924,2.30007,1.00,1.75
2015.11.26 15:37:15.648,2.29923,2.30007,2.25,1.75
2015.11.26 15:37:17.289,2.29927,2.30007,1.00,1.75
2015.11.26 15:37:19.159,2.29928,2.30006,1.00,1.50
2015.11.26 15:37:22.666,2.29927,2.30006,1.00,1.50
2015.11.26 15:37:23.568,2.29926,2.30006,1.00,1.50
2015.11.26 15:37:24.178,2.29927,2.30006,1.00,1.50
2015.11.26 15:37:24.781,2.29928,2.30006,1.00,1.50
2015.11.26 15:37:24.868,2.29928,2.30006,1.00,1.12
2015.11.26 15:37:25.020,2.29933,2.30017,1.00,1.75
2015.11.26 15:37:25.341,2.29937,2.30017,1.00,1.75
2015.11.26 15:37:26.164,2.29937,2.30017,1.00,1.37
2015.11.26 15:37:26.302,2.29937,2.30017,1.00,1.00
2015.11.26 15:37:26.876,2.29939,2.30017,1.00,1.00
2015.11.26 15:37:27.394,2.29939,2.30016,1.00,1.00
2015.11.26 15:37:27.943,2.29938,2.30016,1.00,1.00
2015.11.26 15:37:30.784,2.29939,2.30016,1.00,1.00
2015.11.26 15:37:31.887,2.29938,2.30016,1.00,1.00
2015.11.26 15:37:32.469,2.29937,2.30016,1.00,1.00
2015.11.26 15:37:33.408,2.29939,2.30016,1.00,1.00
2015.11.26 15:37:35.294,2.29938,2.30016,1.00,1.00
2015.11.26 15:37:35.667,2.2994,2.30016,1.00,1.00
2015.11.26 15:37:38.600,2.29939,2.30016,1.00,1.00
2015.11.26 15:37:39.389,2.29938,2.30016,1.00,1.00
2015.11.26 15:37:42.907,2.29939,2.30016,1.00,1.00
2015.11.26 15:37:53.026,2.29938,2.30016,1.00,1.00
2015.11.26 15:37:54.397,2.29938,2.30015,1.00,1.00
2015.11.26 15:37:55.449,2.29939,2.30015,1.00,1.00
2015.11.26 15:37:55.759,2.29934,2.30011,1.87,1.00
2015.11.26 15:37:56.269,2.29934,2.3001,1.87,1.00
2015.11.26 15:37:57.232,2.29934,2.30005,1.12,1.00
2015.11.26 15:37:58.062,2.29934,2.30006,1.12,1.00
2015.11.26 15:38:01.356,2.29934,2.30001,1.00,1.00
2015.11.26 15:38:01.407,2.29926,2.30001,1.00,1.00
2015.11.26 15:38:01.508,2.29926,2.30006,1.00,1.50
2015.11.26 15:38:01.849,2.29934,2.30005,1.00,1.00
2015.11.26 15:38:02.065,2.29944,2.30024,1.00,1.37
2015.11.26 15:38:02.445,2.29946,2.30021,1.00,1.00
2015.11.26 15:38:02.588,2.29946,2.30025,1.00,1.00
2015.11.26 15:38:02.689,2.29946,2.30018,1.00,1.00
2015.11.26 15:38:02.788,2.29946,2.30026,1.00,1.00
2015.11.26 15:38:02.889,2.29944,2.30026,1.87,1.00
2015.11.26 15:38:02.940,2.29944,2.3002,1.87,1.00
2015.11.26 15:38:03.535,2.29945,2.30025,1.00,1.00
2015.11.26 15:38:04.243,2.29946,2.30026,1.00,1.00
2015.11.26 15:38:05.687,2.29946,2.30027,1.00,1.00
2015.11.26 15:38:07.997,2.29946,2.30026,1.00,1.00
2015.11.26 15:38:09.358,2.29948,2.30026,1.00,1.00
2015.11.26 15:38:13.766,2.29947,2.30026,1.50,1.00
2015.11.26 15:38:15.311,2.29948,2.30026,1.00,1.00
2015.11.26 15:38:15.570,2.29946,2.30026,1.50,1.00
2015.11.26 15:38:15.671,2.29948,2.30026,1.00,1.00
2015.11.26 15:38:16.958,2.29948,2.30027,1.00,1.00
2015.11.26 15:38:17.475,2.29949,2.30027,1.00,1.00
2015.11.26 15:38:18.801,2.29943,2.30027,1.37,1.00
2015.11.26 15:38:18.901,2.29943,2.30027,1.00,1.75
2015.11.26 15:38:19.413,2.29943,2.30019,1.00,1.00
2015.11.26 15:38:19.640,2.29943,2.30027,1.00,1.75
2015.11.26 15:38:19.691,2.29939,2.30017,1.00,1.00
2015.11.26 15:38:19.842,2.29934,2.30016,1.37,1.00
2015.11.26 15:38:19.893,2.29933,2.30017,1.37,1.37
2015.11.26 15:38:19.944,2.29933,2.30017,1.00,1.75
2015.11.26 15:38:20.220,2.29924,2.30006,1.00,1.00
2015.11.26 15:38:20.619,2.29924,2.29998,1.00,1.00
2015.11.26 15:38:20.669,2.29914,2.29996,3.00,1.00
2015.11.26 15:38:21.857,2.29924,2.29998,1.00,1.00
2015.11.26 15:38:32.579,2.29913,2.29997,1.12,1.00
2015.11.26 15:38:33.162,2.29913,2.29996,1.12,1.00
2015.11.26 15:38:33.708,2.29913,2.29997,1.12,1.50
2015.11.26 15:38:34.138,2.29913,2.29989,1.12,1.00
2015.11.26 15:38:36.283,2.29914,2.29989,1.00,1.00
2015.11.26 15:38:37.658,2.29914,2.29988,1.00,1.00
2015.11.26 15:38:38.538,2.29914,2.29996,1.00,1.00
2015.11.26 15:38:38.768,2.29914,2.29989,1.00,1.00
2015.11.26 15:38:39.538,2.29913,2.29989,1.12,1.00
2015.11.26 15:38:44.457,2.29913,2.29987,1.12,1.00
2015.11.26 15:38:44.658,2.29904,2.29979,1.00,1.00
2015.11.26 15:38:44.709,2.29904,2.29969,1.00,1.00
2015.11.26 15:38:44.759,2.29894,2.29969,2.25,1.00
2015.11.26 15:38:44.943,2.29894,2.29976,1.75,1.00
2015.11.26 15:38:45.044,2.29894,2.29976,1.00,1.00
2015.11.26 15:38:45.631,2.29894,2.29966,1.00,1.00
2015.11.26 15:38:45.732,2.29893,2.29977,1.00,1.00
2015.11.26 15:38:49.646,2.29895,2.29977,1.00,1.00
2015.11.26 15:38:52.181,2.29893,2.29977,1.50,1.00
2015.11.26 15:38:56.629,2.29894,2.29976,1.00,1.00
2015.11.26 15:38:58.989,2.29895,2.29976,1.00,1.00
2015.11.26 15:38:59.497,2.29894,2.29976,1.00,1.00
2015.11.26 15:39:01.579,2.29895,2.29977,1.00,1.00
2015.11.26 15:39:03.673,2.29896,2.29976,1.50,1.00
2015.11.26 15:39:04.227,2.29895,2.29976,1.00,1.00
2015.11.26 15:39:05.471,2.29894,2.29976,1.00,1.00
2015.11.26 15:39:13.368,2.29894,2.29975,1.00,1.00
2015.11.26 15:39:14.004,2.29894,2.29976,1.00,1.50
2015.11.26 15:39:14.539,2.29894,2.29975,1.00,1.00
2015.11.26 15:39:16.712,2.29894,2.29976,1.00,1.50
2015.11.26 15:39:18.796,2.29894,2.29975,1.00,1.00
2015.11.26 15:39:18.897,2.29894,2.2997,1.00,1.00
2015.11.26 15:39:19.099,2.29883,2.29967,1.75,1.00
2015.11.26 15:39:19.150,2.29883,2.29967,1.37,1.12
2015.11.26 15:39:19.297,2.29882,2.29957,1.00,1.00
2015.11.26 15:39:19.471,2.29879,2.29957,1.37,1.00
2015.11.26 15:39:19.823,2.29873,2.29954,1.75,1.00
2015.11.26 15:39:19.873,2.29865,2.29946,1.75,1.00
2015.11.26 15:39:20.376,2.29865,2.29947,1.75,1.00
2015.11.26 15:39:25.007,2.29863,2.29947,1.00,1.00
2015.11.26 15:39:25.529,2.29864,2.29946,1.00,1.00
2015.11.26 15:39:25.800,2.29874,2.29948,1.00,1.12
2015.11.26 15:39:27.127,2.29874,2.29956,1.00,1.00
2015.11.26 15:39:27.622,2.29877,2.29956,1.00,1.00
2015.11.26 15:39:27.929,2.29884,2.29956,1.00,1.00
2015.11.26 15:39:28.081,2.29877,2.29956,1.00,1.00
2015.11.26 15:39:28.182,2.29875,2.29956,1.00,1.00
2015.11.26 15:39:28.434,2.29869,2.29947,2.25,1.00
2015.11.26 15:39:28.635,2.29874,2.29956,1.00,1.00
2015.11.26 15:39:28.838,2.29881,2.29956,1.00,1.00
2015.11.26 15:39:28.946,2.29874,2.29956,1.00,1.00
2015.11.26 15:39:37.228,2.29873,2.29957,1.00,1.00
2015.11.26 15:39:37.442,2.29871,2.29946,1.37,1.00
2015.11.26 15:39:37.543,2.2986,2.29937,1.00,1.00
2015.11.26 15:39:37.744,2.29864,2.29937,1.00,1.00
2015.11.26 15:39:37.795,2.29864,2.29947,1.00,1.37
2015.11.26 15:39:39.467,2.29863,2.29947,1.00,1.37
2015.11.26 15:39:39.517,2.29861,2.29936,1.00,1.00
2015.11.26 15:39:39.807,2.29855,2.29937,1.87,1.00
2015.11.26 15:39:40.353,2.29854,2.29936,1.50,1.00
2015.11.26 15:39:40.403,2.29851,2.29926,2.25,1.00
2015.11.26 15:39:40.735,2.29851,2.29926,1.00,1.00
2015.11.26 15:39:41.282,2.29851,2.29927,1.00,1.00
2015.11.26 15:39:41.826,2.29854,2.29936,1.00,1.12
2015.11.26 15:39:41.876,2.29856,2.29936,1.00,1.12
2015.11.26 15:39:42.185,2.29856,2.29936,1.75,1.00
2015.11.26 15:39:56.381,2.29864,2.29936,1.00,1.00
2015.11.26 15:39:59.757,2.29861,2.29936,1.50,1.00
2015.11.26 15:40:01.738,2.29861,2.29937,1.50,1.00
2015.11.26 15:40:09.704,2.29858,2.29937,1.75,1.00
2015.11.26 15:40:10.647,2.29863,2.29947,1.00,1.00
2015.11.26 15:40:10.698,2.29863,2.2994,1.00,1.00
2015.11.26 15:40:10.848,2.29863,2.29943,1.00,1.00
2015.11.26 15:40:10.899,2.29854,2.29937,1.75,1.00
2015.11.26 15:40:16.822,2.29855,2.29936,1.75,1.00
2015.11.26 15:40:17.368,2.2986,2.29937,1.12,1.00
2015.11.26 15:40:17.879,2.29861,2.29937,1.00,1.00
2015.11.26 15:40:18.382,2.29859,2.29937,2.25,1.00
2015.11.26 15:40:19.022,2.29859,2.29937,1.00,1.00
2015.11.26 15:40:19.128,2.29857,2.29937,1.00,1.00
2015.11.26 15:40:25.511,2.29857,2.29936,1.00,1.00
2015.11.26 15:40:26.791,2.29861,2.29936,1.00,1.00
2015.11.26 15:40:26.942,2.29864,2.29946,1.00,1.75
2015.11.26 15:40:27.144,2.29864,2.29946,1.50,1.00
2015.11.26 15:40:27.742,2.29865,2.29946,1.00,1.00
2015.11.26 15:40:28.402,2.29864,2.29946,1.50,1.00
2015.11.26 15:40:29.689,2.29863,2.29947,1.00,1.00
2015.11.26 15:40:31.950,2.29863,2.2994,1.00,1.00
2015.11.26 15:40:32.132,2.29853,2.29936,1.00,1.12
2015.11.26 15:40:32.183,2.29853,2.29932,1.00,1.00
2015.11.26 15:40:32.486,2.29844,2.2992,1.00,1.00
2015.11.26 15:40:32.801,2.29844,2.29925,1.00,1.12
2015.11.26 15:40:33.352,2.29844,2.29924,1.00,1.00
2015.11.26 15:40:37.261,2.29844,2.29926,1.00,1.37
2015.11.26 15:40:37.362,2.29848,2.29926,1.00,1.37
2015.11.26 15:40:38.058,2.29848,2.29926,1.00,1.00
2015.11.26 15:40:39.027,2.29848,2.29927,1.00,1.00
2015.11.26 15:40:40.583,2.29847,2.29927,1.00,1.00
2015.11.26 15:40:40.928,2.29847,2.29926,1.75,1.00
2015.11.26 15:40:42.091,2.29847,2.29926,1.37,1.00
2015.11.26 15:40:42.660,2.29847,2.29927,1.37,1.00
2015.11.26 15:40:44.906,2.29843,2.29926,1.75,1.00
2015.11.26 15:40:44.957,2.29843,2.29926,1.00,1.75
2015.11.26 15:40:45.008,2.29841,2.29917,1.00,1.00
2015.11.26 15:40:45.780,2.29844,2.29917,1.00,1.00
2015.11.26 15:40:45.888,2.29844,2.29925,1.75,1.00
2015.11.26 15:40:46.408,2.29843,2.29926,1.75,1.00
2015.11.26 15:40:46.934,2.29843,2.29927,1.75,1.00
2015.11.26 15:40:48.186,2.29843,2.29925,1.75,1.00
2015.11.26 15:40:51.609,2.29844,2.29926,1.00,1.00
2015.11.26 15:40:52.600,2.29844,2.29924,1.00,1.00
2015.11.26 15:40:58.806,2.29844,2.29922,1.00,1.00
2015.11.26 15:40:59.058,2.29833,2.29917,1.00,1.00
2015.11.26 15:41:00.905,2.29842,2.29917,1.00,1.00
2015.11.26 15:41:01.795,2.29842,2.29916,1.00,1.00
2015.11.26 15:41:02.016,2.29843,2.29927,1.00,1.00
2015.11.26 15:41:08.496,2.29843,2.29925,1.00,1.00
2015.11.26 15:41:09.223,2.29843,2.29927,1.00,1.50
2015.11.26 15:41:09.676,2.29845,2.29926,1.00,1.00
2015.11.26 15:41:10.193,2.29844,2.29926,1.50,1.00
2015.11.26 15:41:16.566,2.29846,2.29926,1.00,1.00
2015.11.26 15:41:16.906,2.29853,2.29936,1.00,1.37
2015.11.26 15:41:16.957,2.29853,2.29936,1.00,1.87
2015.11.26 15:41:17.756,2.29864,2.29936,1.00,1.37
2015.11.26 15:41:18.300,2.29864,2.29936,1.00,1.00
2015.11.26 15:41:21.046,2.29854,2.29936,1.87,1.00
2015.11.26 15:41:21.511,2.2985,2.29927,1.75,1.00
2015.11.26 15:41:21.864,2.29846,2.29927,1.12,1.00
2015.11.26 15:41:29.156,2.29843,2.29927,1.50,1.50
2015.11.26 15:41:32.146,2.29844,2.29926,1.00,1.87
2015.11.26 15:41:32.401,2.29836,2.29916,1.12,1.00
2015.11.26 15:41:32.904,2.29836,2.29917,1.12,1.00
2015.11.26 15:41:40.597,2.29833,2.29917,1.37,1.37
2015.11.26 15:41:40.648,2.29833,2.29917,1.00,1.50
2015.11.26 15:41:47.336,2.29834,2.29916,1.00,1.87
2015.11.26 15:41:47.860,2.29833,2.29917,1.00,1.50
2015.11.26 15:42:00.185,2.29833,2.29907,1.00,1.00
2015.11.26 15:42:00.774,2.29833,2.29916,2.25,1.37
2015.11.26 15:42:01.367,2.29834,2.29916,1.00,1.37
2015.11.26 15:42:02.718,2.29835,2.29916,1.00,1.00
2015.11.26 15:42:02.875,2.29843,2.29917,1.00,1.00
2015.11.26 15:42:03.076,2.29844,2.2992,1.50,1.00
2015.11.26 15:42:03.177,2.29844,2.29926,1.50,1.50
2015.11.26 15:42:03.968,2.29844,2.29921,1.50,1.00
2015.11.26 15:42:05.794,2.29844,2.2992,1.50,1.00
2015.11.26 15:42:06.115,2.29844,2.29916,1.00,1.50
2015.11.26 15:42:06.238,2.29841,2.29916,1.12,1.50
2015.11.26 15:42:06.877,2.29841,2.29915,1.12,1.00
2015.11.26 15:42:07.271,2.29836,2.29915,1.00,1.00
2015.11.26 15:42:07.321,2.29836,2.2991,1.00,1.00
2015.11.26 15:42:07.573,2.29834,2.2991,2.25,1.00
2015.11.26 15:42:07.926,2.29834,2.29916,1.00,1.00
2015.11.26 15:42:08.017,2.29833,2.29907,1.87,1.00
2015.11.26 15:42:08.534,2.29833,2.29906,1.12,1.00
2015.11.26 15:42:10.311,2.29833,2.29917,1.87,1.00
2015.11.26 15:42:12.153,2.29833,2.29917,1.87,1.00
2015.11.26 15:42:12.674,2.29834,2.29917,1.00,1.00
2015.11.26 15:42:15.804,2.29834,2.29916,1.50,1.00
2015.11.26 15:42:20.908,2.29833,2.29917,1.12,1.50
2015.11.26 15:42:21.075,2.29833,2.29914,1.12,1.00
2015.11.26 15:42:21.414,2.29832,2.29906,1.37,1.00
2015.11.26 15:42:21.915,2.29843,2.29906,1.00,1.00
2015.11.26 15:42:21.966,2.29843,2.29927,1.50,1.75
2015.11.26 15:42:22.218,2.29843,2.29917,1.00,1.00
2015.11.26 15:42:22.319,2.29843,2.29927,1.00,1.75
2015.11.26 15:42:23.755,2.29853,2.29927,1.00,1.75
2015.11.26 15:42:23.856,2.29854,2.29936,1.00,1.75
2015.11.26 15:42:23.907,2.29861,2.29936,1.00,1.50
2015.11.26 15:42:29.444,2.29861,2.29927,1.00,1.00
2015.11.26 15:42:30.545,2.29861,2.29936,1.00,2.25
2015.11.26 15:42:30.768,2.29845,2.29926,1.37,1.00
2015.11.26 15:42:32.575,2.29843,2.29927,1.75,1.00
2015.11.26 15:42:33.080,2.29844,2.29926,1.50,1.00
2015.11.26 15:42:33.584,2.29845,2.29927,1.87,1.00
2015.11.26 15:42:38.937,2.29845,2.29926,1.37,1.00
2015.11.26 15:42:39.473,2.29845,2.29926,1.00,1.00
2015.11.26 15:42:43.706,2.29844,2.29926,1.12,1.00
2015.11.26 15:42:43.858,2.29845,2.29917,1.00,1.00
2015.11.26 15:42:44.536,2.29847,2.29926,1.00,1.00
2015.11.26 15:42:45.042,2.29848,2.29926,1.00,1.00
2015.11.26 15:42:48.014,2.29852,2.29926,1.00,1.00
2015.11.26 15:42:48.317,2.29863,2.29926,1.00,1.00
2015.11.26 15:42:48.368,2.29863,2.29936,1.00,1.00
2015.11.26 15:42:48.418,2.29867,2.29936,1.00,1.00
2015.11.26 15:42:48.964,2.29868,2.29936,1.50,1.00
2015.11.26 15:42:49.376,2.29868,2.29947,1.00,1.00
2015.11.26 15:42:49.599,2.29868,2.29936,1.00,1.00
2015.11.26 15:42:52.324,2.29868,2.29946,1.00,1.00
2015.11.26 15:42:52.375,2.29864,2.29946,1.50,1.00
2015.11.26 15:42:52.677,2.29861,2.29936,1.75,1.00
2015.11.26 15:42:52.778,2.29863,2.29947,1.75,1.00
2015.11.26 15:42:52.829,2.29863,2.29945,1.75,1.00
2015.11.26 15:42:53.204,2.29861,2.29937,1.75,1.00
2015.11.26 15:42:53.305,2.29861,2.29937,1.37,1.00
2015.11.26 15:42:53.406,2.29861,2.29937,1.00,1.00
2015.11.26 15:42:54.352,2.29863,2.29946,1.00,2.25
2015.11.26 15:42:54.861,2.29864,2.29945,1.00,1.37
2015.11.26 15:42:55.409,2.29863,2.29937,1.00,1.00
2015.11.26 15:42:55.560,2.29861,2.29936,1.00,1.00
2015.11.26 15:42:55.661,2.29853,2.29937,3.00,1.00
2015.11.26 15:42:57.832,2.29854,2.29936,1.37,1.00
2015.11.26 15:43:00.023,2.29853,2.29937,1.50,1.00
2015.11.26 15:43:00.194,2.29861,2.29936,1.00,1.00
2015.11.26 15:43:04.318,2.29861,2.29937,1.00,1.00
2015.11.26 15:43:05.468,2.29861,2.29936,1.00,1.00
2015.11.26 15:43:07.864,2.29856,2.29936,1.00,1.00
2015.11.26 15:43:08.053,2.29864,2.2994,1.00,1.00
2015.11.26 15:43:09.338,2.29864,2.29941,1.00,1.00
2015.11.26 15:43:11.343,2.29864,2.29946,1.00,1.00
2015.11.26 15:43:11.772,2.29878,2.29947,1.00,1.00
2015.11.26 15:43:11.822,2.29878,2.29957,1.00,1.12
2015.11.26 15:43:11.873,2.29881,2.29957,1.00,1.12
2015.11.26 15:43:12.025,2.29883,2.29967,1.00,1.00
2015.11.26 15:43:12.564,2.29884,2.29966,1.00,1.00
2015.11.26 15:43:15.203,2.29882,2.29956,1.00,1.00
2015.11.26 15:43:22.089,2.29883,2.29956,1.00,1.00
2015.11.26 15:43:22.248,2.29885,2.29967,1.00,1.00
2015.11.26 15:43:22.299,2.29893,2.29967,1.00,1.00
2015.11.26 15:43:22.400,2.29896,2.29977,1.75,1.00
2015.11.26 15:43:22.464,2.29904,2.29976,1.00,1.00
2015.11.26 15:43:23.574,2.29903,2.29987,1.00,1.00
2015.11.26 15:43:28.803,2.29903,2.29985,1.00,1.00
2015.11.26 15:43:29.398,2.29903,2.29986,2.25,1.00
2015.11.26 15:43:30.135,2.29903,2.29985,1.00,1.00
2015.11.26 15:43:30.520,2.29906,2.29987,1.00,1.00
2015.11.26 15:43:30.823,2.29908,2.29986,1.00,1.00
2015.11.26 15:43:31.329,2.29906,2.29986,1.00,1.00
2015.11.26 15:43:31.603,2.29908,2.29986,1.00,1.00
2015.11.26 15:43:32.105,2.29909,2.29986,1.00,1.00
2015.11.26 15:43:32.838,2.29909,2.29987,1.00,1.00
2015.11.26 15:43:33.310,2.29906,2.29987,1.50,1.00
2015.11.26 15:43:33.920,2.29906,2.29986,1.50,1.00
2015.11.26 15:43:37.414,2.29908,2.29986,1.00,1.00
2015.11.26 15:43:38.844,2.29904,2.29986,1.00,1.00
2015.11.26 15:43:38.995,2.29899,2.29967,1.00,1.00
2015.11.26 15:43:39.302,2.29887,2.29967,1.00,1.00
2015.11.26 15:43:39.614,2.29884,2.29966,1.00,1.75
2015.11.26 15:43:39.664,2.29875,2.29957,1.00,1.00
2015.11.26 15:43:40.212,2.29874,2.29956,1.50,1.00
2015.11.26 15:43:40.503,2.2987,2.29946,1.50,1.00
2015.11.26 15:43:41.823,2.29874,2.29956,1.00,1.00
2015.11.26 15:43:41.873,2.29882,2.29956,1.00,1.00
2015.11.26 15:43:42.221,2.29884,2.29957,1.00,1.00
2015.11.26 15:43:48.083,2.29883,2.29957,1.50,1.00
2015.11.26 15:43:48.617,2.29884,2.29957,1.00,1.00
2015.11.26 15:43:50.182,2.29884,2.29967,1.00,1.00
2015.11.26 15:43:53.848,2.29883,2.29967,1.50,1.00
2015.11.26 15:43:57.255,2.29884,2.29956,1.00,1.00
2015.11.26 15:44:11.566,2.29885,2.29956,1.00,1.00
2015.11.26 15:44:12.252,2.29884,2.29956,1.00,1.00
2015.11.26 15:44:13.726,2.29881,2.29957,1.00,1.00
2015.11.26 15:44:14.239,2.29876,2.29957,1.75,1.00
2015.11.26 15:44:23.502,2.2988,2.29957,1.37,1.00
2015.11.26 15:44:28.474,2.29883,2.29957,1.00,1.00
2015.11.26 15:44:28.917,2.29885,2.29957,1.00,1.00
2015.11.26 15:44:29.433,2.29884,2.29957,1.00,1.00
2015.11.26 15:44:29.939,2.29885,2.29957,1.00,1.00
2015.11.26 15:44:30.293,2.29885,2.29957,1.75,1.00
2015.11.26 15:44:34.992,2.29883,2.29957,1.00,1.00
2015.11.26 15:44:35.241,2.29876,2.29957,1.75,1.00
2015.11.26 15:44:40.378,2.2988,2.29957,1.00,1.00
2015.11.26 15:44:40.883,2.29876,2.29957,1.75,1.00
2015.11.26 15:44:43.642,2.29875,2.29956,1.75,1.00
2015.11.26 15:44:44.053,2.29882,2.29957,1.00,1.00
2015.11.26 15:44:44.442,2.29882,2.29957,1.75,1.00
2015.11.26 15:44:48.515,2.29882,2.29956,1.75,1.00
2015.11.26 15:44:49.079,2.29882,2.29957,1.75,1.00
2015.11.26 15:45:01.804,2.29893,2.29957,1.00,1.00
2015.11.26 15:45:01.909,2.29893,2.29966,1.00,1.00
2015.11.26 15:45:02.060,2.29893,2.29977,1.50,1.12
2015.11.26 15:45:02.161,2.29893,2.29977,2.25,1.00
2015.11.26 15:45:04.686,2.29897,2.29976,1.37,1.00
2015.11.26 15:45:14.816,2.29899,2.29977,1.12,1.00
2015.11.26 15:45:16.729,2.299,2.29977,1.00,1.00
2015.11.26 15:45:21.980,2.29897,2.29977,1.00,1.00
2015.11.26 15:45:22.231,2.29894,2.29977,1.12,1.00
2015.11.26 15:45:22.382,2.29898,2.29977,1.00,1.00
2015.11.26 15:45:22.886,2.29894,2.29976,1.87,1.00
2015.11.26 15:45:22.937,2.29894,2.29966,1.12,1.00
2015.11.26 15:45:22.987,2.29892,2.29966,1.12,1.00
2015.11.26 15:45:23.189,2.29883,2.29967,1.00,1.00
2015.11.26 15:45:23.291,2.29883,2.29957,1.00,1.00
2015.11.26 15:45:23.493,2.29874,2.29956,1.50,1.00
2015.11.26 15:45:23.846,2.29877,2.29956,1.00,1.00
2015.11.26 15:45:24.160,2.29883,2.29957,1.00,1.00
2015.11.26 15:45:25.578,2.29884,2.29966,1.00,1.00
2015.11.26 15:45:26.184,2.29885,2.29966,1.00,1.00
2015.11.26 15:45:26.733,2.29885,2.29967,1.00,1.00
2015.11.26 15:45:36.215,2.29884,2.29967,1.00,1.00
2015.11.26 15:45:36.720,2.29883,2.29967,1.00,1.00
2015.11.26 15:45:37.045,2.29884,2.29965,1.00,1.00
2015.11.26 15:45:37.593,2.29884,2.29966,1.00,1.50
2015.11.26 15:45:39.148,2.29884,2.29966,1.37,1.00
2015.11.26 15:45:42.202,2.29884,2.29965,1.37,1.00
2015.11.26 15:45:45.780,2.29884,2.29966,1.37,1.00
2015.11.26 15:45:46.284,2.29883,2.29967,1.50,1.00
2015.11.26 15:45:57.694,2.29883,2.29957,2.25,1.00
2015.11.26 15:45:57.744,2.29883,2.29957,1.12,1.00
2015.11.26 15:45:58.276,2.29884,2.29957,1.00,1.00
2015.11.26 15:45:58.798,2.29885,2.29957,1.00,1.00
2015.11.26 15:46:00.303,2.29881,2.29957,1.37,1.00
2015.11.26 15:46:01.458,2.29884,2.29956,1.00,1.00
2015.11.26 15:46:03.501,2.29883,2.29957,1.12,1.00
2015.11.26 15:46:03.615,2.29885,2.29957,1.00,1.00
2015.11.26 15:46:04.242,2.29884,2.29957,1.00,1.00
2015.11.26 15:46:06.021,2.29885,2.29957,1.00,1.00
2015.11.26 15:46:06.801,2.29885,2.29967,1.00,1.00
2015.11.26 15:46:06.852,2.29889,2.29967,1.12,1.00
2015.11.26 15:46:07.175,2.29889,2.29967,2.25,1.00
2015.11.26 15:46:15.744,2.29895,2.29967,1.00,1.00
2015.11.26 15:46:16.271,2.29895,2.29966,1.00,1.00
2015.11.26 15:46:17.049,2.29894,2.29966,1.00,1.00
2015.11.26 15:46:17.653,2.29895,2.29966,1.00,1.00
2015.11.26 15:46:18.642,2.29894,2.29966,1.00,1.00
2015.11.26 15:46:18.891,2.29889,2.29967,1.50,1.00
2015.11.26 15:46:19.583,2.29887,2.29966,1.75,1.00
2015.11.26 15:46:21.861,2.29894,2.29966,1.00,1.00
2015.11.26 15:46:21.912,2.29894,2.29976,1.50,1.00
2015.11.26 15:46:22.053,2.29897,2.29976,1.00,1.00
2015.11.26 15:46:22.355,2.29901,2.29976,1.00,1.00
2015.11.26 15:46:22.456,2.29903,2.29984,1.00,1.75
2015.11.26 15:46:22.507,2.29903,2.2998,1.00,1.00
2015.11.26 15:46:22.804,2.29894,2.29976,1.00,1.00
2015.11.26 15:46:23.157,2.29901,2.29976,1.00,1.00
2015.11.26 15:46:28.141,2.29904,2.29984,1.00,1.75
2015.11.26 15:46:34.410,2.29901,2.29977,1.00,1.00
2015.11.26 15:46:42.929,2.29896,2.29977,1.00,1.12
2015.11.26 15:46:43.030,2.29894,2.29976,1.00,1.00
2015.11.26 15:46:43.891,2.29902,2.29976,1.50,1.00
2015.11.26 15:46:44.091,2.29904,2.29986,1.00,1.00
2015.11.26 15:46:45.511,2.29906,2.29986,1.00,1.00
2015.11.26 15:46:46.102,2.2991,2.29987,1.12,1.12
2015.11.26 15:46:46.261,2.29914,2.29996,1.00,1.00
2015.11.26 15:46:48.050,2.2991,2.29986,1.50,1.00
2015.11.26 15:46:48.232,2.29906,2.29986,1.50,1.00
2015.11.26 15:46:52.848,2.29904,2.29986,1.50,1.00
2015.11.26 15:46:53.049,2.29904,2.29976,1.00,1.00
2015.11.26 15:46:54.086,2.29906,2.29976,1.00,1.00
2015.11.26 15:46:54.552,2.29907,2.29986,1.00,1.00
2015.11.26 15:46:54.855,2.29905,2.29986,1.00,1.00
2015.11.26 15:46:55.444,2.29904,2.29986,1.50,1.00
2015.11.26 15:46:58.316,2.29905,2.29986,1.00,1.00
2015.11.26 15:46:59.019,2.29904,2.29986,1.00,1.00
2015.11.26 15:46:59.402,2.29903,2.29977,1.00,1.00
2015.11.26 15:47:01.820,2.29903,2.29976,1.00,1.00
2015.11.26 15:47:02.151,2.29905,2.29976,1.00,1.00
2015.11.26 15:47:04.229,2.29905,2.29986,1.00,1.00
2015.11.26 15:47:04.381,2.29905,2.29986,1.75,1.00
2015.11.26 15:47:05.683,2.29905,2.29977,1.75,1.00
2015.11.26 15:47:05.791,2.29905,2.29987,1.75,1.00
2015.11.26 15:47:08.421,2.29906,2.29976,1.50,1.00
2015.11.26 15:47:09.001,2.29906,2.29986,1.50,1.00
2015.11.26 15:47:09.431,2.29911,2.29977,1.00,1.00
2015.11.26 15:47:10.700,2.29911,2.29987,1.00,1.00
2015.11.26 15:47:11.539,2.29912,2.29987,1.00,1.00
2015.11.26 15:47:14.040,2.29911,2.29987,1.00,1.00
2015.11.26 15:47:18.181,2.29911,2.29986,1.00,1.00
2015.11.26 15:47:19.391,2.29911,2.29987,1.00,1.00
2015.11.26 15:47:19.896,2.29922,2.29987,1.00,1.00
2015.11.26 15:47:19.997,2.29919,2.29987,1.00,1.00
2015.11.26 15:47:20.098,2.29918,2.29997,1.50,1.00
2015.11.26 15:47:20.456,2.29924,2.30006,1.00,1.00
2015.11.26 15:47:22.305,2.29926,2.30006,1.00,1.00
2015.11.26 15:47:23.373,2.29927,2.30006,1.00,1.00
2015.11.26 15:47:24.776,2.29924,2.30006,1.00,1.00
2015.11.26 15:47:24.827,2.29921,2.29997,1.00,1.00
2015.11.26 15:47:24.999,2.29924,2.30006,1.00,1.00
2015.11.26 15:47:25.220,2.29924,2.30005,1.00,1.37
2015.11.26 15:47:25.271,2.29914,2.29997,1.50,1.50
2015.11.26 15:47:25.809,2.29926,2.29996,1.00,1.37
2015.11.26 15:47:25.960,2.29935,2.30012,1.00,1.00
2015.11.26 15:47:26.014,2.29935,2.30017,1.00,1.00
2015.11.26 15:47:26.136,2.2993,2.30007,1.87,1.00
2015.11.26 15:47:26.657,2.29927,2.30006,2.25,1.00
2015.11.26 15:47:29.537,2.29925,2.30006,1.00,1.00
2015.11.26 15:47:29.588,2.29932,2.30006,1.00,1.00
2015.11.26 15:47:29.789,2.29925,2.30007,1.00,1.12
2015.11.26 15:47:29.890,2.29927,2.30007,1.00,1.12
2015.11.26 15:47:32.126,2.29925,2.30007,1.00,1.12
2015.11.26 15:47:37.981,2.29925,2.30006,1.50,1.00
2015.11.26 15:47:38.801,2.29924,2.30006,1.00,1.00
2015.11.26 15:47:38.902,2.29924,2.29996,1.00,1.00
2015.11.26 15:47:39.219,2.29924,2.30006,1.00,1.00
2015.11.26 15:47:39.270,2.29931,2.30006,1.00,1.00
2015.11.26 15:47:39.782,2.29932,2.30006,1.00,1.00
2015.11.26 15:47:40.331,2.29931,2.30006,1.00,1.00
2015.11.26 15:47:40.880,2.29932,2.30006,1.00,1.00
2015.11.26 15:47:41.860,2.29933,2.30017,1.00,1.37
2015.11.26 15:47:47.555,2.29934,2.30016,1.00,1.12
2015.11.26 15:47:47.606,2.29934,2.30016,1.75,1.00
2015.11.26 15:47:48.120,2.29937,2.30017,1.00,1.00
2015.11.26 15:47:48.221,2.29943,2.30027,1.00,2.25
2015.11.26 15:47:48.679,2.29944,2.30026,1.50,1.00
2015.11.26 15:47:51.526,2.29944,2.30025,1.50,1.00
2015.11.26 15:47:51.778,2.29943,2.30026,1.00,1.75
2015.11.26 15:47:51.949,2.29937,2.30016,1.00,1.00
2015.11.26 15:47:53.329,2.29935,2.30016,1.00,1.00
2015.11.26 15:47:53.885,2.29934,2.30016,2.62,1.00
2015.11.26 15:47:54.395,2.29935,2.30016,1.00,1.00
2015.11.26 15:47:56.239,2.29934,2.30016,2.62,1.00
2015.11.26 15:47:57.275,2.29935,2.30016,1.00,1.00
2015.11.26 15:47:58.250,2.29934,2.30016,2.62,1.00
2015.11.26 15:47:58.942,2.29935,2.30016,1.00,1.00
2015.11.26 15:48:02.161,2.29936,2.30016,1.00,1.00
2015.11.26 15:48:02.967,2.29935,2.30016,1.50,1.00
2015.11.26 15:48:03.084,2.29944,2.30016,1.00,1.00
2015.11.26 15:48:03.501,2.29936,2.30016,1.00,1.00
2015.11.26 15:48:04.853,2.2994,2.30016,1.00,1.00
2015.11.26 15:48:05.797,2.29939,2.30016,1.50,1.00
2015.11.26 15:48:06.306,2.2994,2.30016,1.00,1.00
2015.11.26 15:48:15.193,2.29943,2.30017,1.00,1.00
2015.11.26 15:48:23.549,2.29938,2.30016,1.50,1.00
2015.11.26 15:48:29.351,2.29943,2.30017,1.00,1.00
2015.11.26 15:48:29.603,2.29943,2.30026,1.50,1.00
2015.11.26 15:48:30.231,2.29943,2.30027,1.00,1.00
2015.11.26 15:48:30.449,2.29941,2.30017,1.50,1.00
2015.11.26 15:48:33.308,2.29946,2.30017,1.00,1.00
2015.11.26 15:48:39.126,2.29947,2.30017,1.00,1.00
2015.11.26 15:48:40.238,2.29947,2.30026,1.12,1.00
2015.11.26 15:48:40.425,2.29955,2.30026,1.00,1.00
2015.11.26 15:48:40.478,2.29959,2.30037,1.00,1.12
2015.11.26 15:48:41.056,2.29961,2.30037,1.00,1.00
2015.11.26 15:48:46.759,2.29964,2.30045,1.00,1.00
2015.11.26 15:48:47.057,2.29962,2.30037,1.00,1.00
2015.11.26 15:48:48.728,2.29962,2.30036,1.00,1.00
2015.11.26 15:48:49.179,2.29959,2.30036,1.12,1.00
2015.11.26 15:48:51.127,2.29959,2.30037,1.12,1.00
2015.11.26 15:48:51.458,2.29959,2.30027,1.12,1.00
2015.11.26 15:48:54.208,2.29959,2.30026,1.12,1.00
2015.11.26 15:48:56.848,2.29957,2.30036,1.37,1.00
2015.11.26 15:48:58.530,2.29957,2.30036,1.00,1.00
2015.11.26 15:48:58.781,2.29954,2.30036,1.00,1.00
2015.11.26 15:48:58.832,2.29953,2.30027,1.00,1.00
2015.11.26 15:48:58.882,2.29943,2.30027,2.25,1.00
2015.11.26 15:48:58.933,2.29943,2.30027,1.50,1.00
2015.11.26 15:48:59.084,2.29942,2.30017,1.00,1.37
2015.11.26 15:48:59.135,2.29934,2.30017,1.50,1.75
2015.11.26 15:48:59.375,2.29931,2.30007,1.00,1.00
2015.11.26 15:48:59.526,2.29934,2.30016,1.00,1.50
2015.11.26 15:48:59.598,2.29932,2.30006,1.00,1.00
2015.11.26 15:48:59.749,2.29933,2.30017,1.00,2.25
2015.11.26 15:49:01.783,2.29936,2.30017,1.00,1.75
2015.11.26 15:49:02.085,2.29954,2.30026,1.00,1.00
2015.11.26 15:49:02.136,2.29949,2.30027,1.37,1.00
2015.11.26 15:49:02.708,2.29953,2.30027,1.00,1.00
2015.11.26 15:49:02.813,2.29949,2.30027,1.37,1.00
2015.11.26 15:49:17.868,2.29954,2.30036,1.00,1.00
2015.11.26 15:49:18.398,2.29953,2.30037,1.00,1.00
2015.11.26 15:49:23.539,2.29953,2.30035,1.00,1.00
2015.11.26 15:49:23.841,2.29932,2.30007,1.75,1.00
2015.11.26 15:49:31.389,2.30002,2.30067,1.37,1.00
2015.11.26 15:49:31.660,2.29992,2.30066,1.50,1.00
2015.11.26 15:49:31.711,2.29992,2.30066,1.12,1.00
2015.11.26 15:49:31.813,2.29992,2.30077,1.12,1.00
2015.11.26 15:49:31.863,2.29994,2.30076,1.00,1.00
2015.11.26 15:49:32.073,2.29994,2.30082,1.00,1.50
2015.11.26 15:49:32.376,2.29994,2.30076,1.00,1.00
2015.11.26 15:49:32.641,2.29993,2.30087,1.50,2.25
2015.11.26 15:49:32.792,2.30001,2.30087,1.00,2.25
2015.11.26 15:49:33.463,2.30002,2.30087,1.00,2.25
2015.11.26 15:49:33.997,2.30001,2.30087,1.00,2.25
2015.11.26 15:49:37.877,2.30001,2.30076,1.00,1.00
2015.11.26 15:49:37.928,2.29994,2.30076,1.00,1.00
2015.11.26 15:49:38.230,2.29991,2.30067,1.50,1.00
2015.11.26 15:49:38.430,2.29994,2.30076,1.00,1.00
2015.11.26 15:49:38.794,2.29984,2.30066,2.25,1.00
2015.11.26 15:49:43.316,2.29984,2.30066,1.50,1.00
2015.11.26 15:49:43.868,2.29983,2.30067,1.00,1.00
2015.11.26 15:49:47.007,2.29984,2.30066,1.00,1.00
2015.11.26 15:49:49.317,2.29983,2.30067,1.00,1.00
2015.11.26 15:49:50.058,2.29984,2.30066,1.00,1.00
2015.11.26 15:49:59.546,2.29983,2.30067,1.00,1.00
2015.11.26 15:50:01.527,2.29981,2.30056,1.50,1.00
2015.11.26 15:50:03.744,2.29981,2.30056,1.75,1.00
2015.11.26 15:50:15.830,2.29984,2.30066,1.37,1.50
2015.11.26 15:50:19.792,2.29984,2.30066,1.12,1.00
2015.11.26 15:50:46.228,2.29984,2.30066,1.37,1.00
2015.11.26 15:50:46.748,2.29983,2.30067,1.75,1.00
2015.11.26 15:50:52.350,2.29984,2.30066,2.25,1.00
2015.11.26 15:50:59.306,2.29994,2.30075,1.00,1.00
2015.11.26 15:50:59.399,2.29994,2.30066,1.00,1.00
2015.11.26 15:51:02.041,2.29994,2.30075,1.00,1.00
2015.11.26 15:51:02.582,2.29994,2.30076,1.00,1.50
2015.11.26 15:51:04.479,2.29994,2.30066,1.00,1.00
2015.11.26 15:51:07.888,2.29988,2.30067,1.50,1.00
2015.11.26 15:51:10.064,2.29981,2.30056,1.75,1.00
2015.11.26 15:51:10.741,2.29977,2.30056,1.75,1.00
2015.11.26 15:51:19.228,2.29984,2.30066,1.00,1.00
2015.11.26 15:51:20.310,2.29977,2.30056,1.75,1.00
2015.11.26 15:51:25.016,2.29974,2.30046,1.75,1.00
2015.11.26 15:51:25.362,2.29974,2.30056,1.75,1.00
2015.11.26 15:51:25.413,2.29982,2.30056,1.50,1.00
2015.11.26 15:51:25.463,2.29983,2.30067,1.00,1.00
2015.11.26 15:51:25.514,2.29992,2.30067,1.00,1.00
2015.11.26 15:51:25.817,2.29995,2.30076,1.00,1.00
2015.11.26 15:51:25.868,2.29995,2.30076,1.75,1.00
2015.11.26 15:51:28.017,2.30002,2.30077,1.37,1.00
2015.11.26 15:51:29.304,2.30001,2.30077,1.00,1.00
2015.11.26 15:51:30.011,2.29993,2.30077,1.50,1.00
2015.11.26 15:51:32.645,2.29992,2.30066,2.25,1.00
2015.11.26 15:51:34.622,2.29992,2.30067,1.75,1.00
2015.11.26 15:51:35.284,2.29994,2.30076,1.37,1.00
2015.11.26 15:51:35.486,2.29996,2.30076,1.37,1.00
2015.11.26 15:51:35.789,2.30002,2.30076,1.37,1.00
2015.11.26 15:51:37.776,2.30004,2.30085,1.00,1.00
2015.11.26 15:51:37.928,2.30013,2.30097,1.00,2.25
2015.11.26 15:51:38.230,2.30013,2.30097,1.75,1.00
2015.11.26 15:51:38.810,2.30014,2.30096,2.25,1.00
2015.11.26 15:51:41.106,2.30013,2.30097,1.75,1.00
2015.11.26 15:51:42.811,2.30018,2.30097,1.00,1.00
2015.11.26 15:51:42.862,2.30024,2.30106,1.00,1.00
2015.11.26 15:51:44.411,2.30023,2.30107,1.00,1.12
2015.11.26 15:51:47.368,2.30024,2.30106,1.00,1.00
2015.11.26 15:52:00.696,2.30021,2.30096,1.00,1.00
2015.11.26 15:52:01.893,2.30023,2.30107,1.00,1.00
2015.11.26 15:52:02.424,2.30024,2.30107,1.00,1.00
2015.11.26 15:52:03.151,2.30023,2.30107,1.00,1.00
2015.11.26 15:52:04.637,2.30023,2.30097,1.00,1.00
2015.11.26 15:52:10.225,2.30024,2.30106,1.00,1.00
2015.11.26 15:52:12.571,2.30024,2.30096,1.00,1.00
2015.11.26 15:52:18.365,2.30022,2.30096,1.87,1.00
2015.11.26 15:52:18.996,2.30023,2.30096,1.00,1.00
2015.11.26 15:52:25.137,2.30022,2.30096,1.12,1.00
2015.11.26 15:52:29.724,2.30021,2.30096,1.00,1.00
2015.11.26 15:52:33.695,2.30022,2.30096,1.00,1.00
2015.11.26 15:52:36.006,2.30021,2.30096,1.00,1.00
2015.11.26 15:52:37.240,2.30014,2.30096,2.25,1.00
2015.11.26 15:52:37.441,2.30016,2.30096,1.00,1.00
2015.11.26 15:52:37.491,2.30016,2.30096,1.37,1.00
2015.11.26 15:52:37.814,2.30016,2.30097,1.75,1.00
2015.11.26 15:52:37.944,2.30024,2.30106,1.00,1.50
2015.11.26 15:52:38.062,2.30016,2.30097,1.75,1.00
2015.11.26 15:52:41.386,2.30024,2.30106,1.00,1.50
2015.11.26 15:52:41.888,2.30023,2.30106,1.00,1.00
2015.11.26 15:52:42.486,2.30023,2.30107,1.00,1.00
2015.11.26 15:52:46.965,2.30024,2.30106,1.00,1.00
2015.11.26 15:52:47.217,2.30018,2.30097,1.50,1.00
2015.11.26 15:52:47.798,2.30013,2.30097,1.00,1.00
2015.11.26 15:52:47.848,2.30006,2.30087,1.50,1.00
2015.11.26 15:52:48.372,2.30004,2.30086,1.75,1.00
2015.11.26 15:52:55.459,2.30003,2.30087,1.75,1.00
2015.11.26 15:52:58.819,2.30003,2.30081,1.00,1.00
2015.11.26 15:52:59.125,2.29994,2.30076,1.37,1.00
2015.11.26 15:52:59.185,2.29994,2.30076,1.00,1.37
2015.11.26 15:53:00.757,2.29986,2.30066,1.12,1.00
2015.11.26 15:53:01.840,2.29994,2.30076,1.00,1.37
2015.11.26 15:53:01.942,2.29994,2.30076,1.37,1.37
2015.11.26 15:53:02.244,2.29993,2.30077,1.75,1.00
2015.11.26 15:53:09.845,2.29996,2.30076,1.50,1.00
2015.11.26 15:53:10.347,2.29994,2.30076,1.00,1.00
2015.11.26 15:53:10.498,2.29984,2.30067,2.25,1.00
2015.11.26 15:53:11.003,2.29984,2.30066,2.25,1.00
2015.11.26 15:53:15.445,2.29989,2.30066,1.50,1.00
2015.11.26 15:53:15.496,2.29993,2.30077,1.00,1.00
2015.11.26 15:53:15.604,2.29989,2.30066,1.00,1.00
2015.11.26 15:53:15.906,2.29995,2.30076,1.00,1.00
2015.11.26 15:53:15.957,2.29995,2.30076,1.75,1.00
2015.11.26 15:53:26.345,2.29997,2.30077,1.37,1.00
2015.11.26 15:53:29.272,2.29999,2.30077,1.00,1.00
2015.11.26 15:53:29.776,2.29999,2.30076,1.00,1.00
2015.11.26 15:53:34.587,2.29998,2.30076,1.50,1.00
2015.11.26 15:53:35.116,2.29997,2.30076,1.00,1.00
2015.11.26 15:53:36.848,2.29994,2.30076,1.87,1.00
2015.11.26 15:53:36.899,2.29994,2.30066,1.37,1.00
2015.11.26 15:53:37.150,2.29994,2.30076,1.87,1.00
2015.11.26 15:53:38.033,2.29994,2.30077,1.37,1.00
2015.11.26 15:53:41.514,2.29994,2.30066,1.37,1.00
2015.11.26 15:53:43.873,2.29995,2.30076,1.12,1.00
2015.11.26 15:53:45.310,2.29996,2.30076,1.00,1.00
2015.11.26 15:53:45.828,2.29994,2.30076,1.37,1.00
2015.11.26 15:53:46.435,2.29994,2.30076,1.00,1.12
2015.11.26 15:53:46.866,2.29995,2.30076,1.37,1.00
2015.11.26 15:53:46.917,2.30004,2.30086,1.00,1.12
2015.11.26 15:53:47.018,2.30006,2.30086,1.00,1.12
2015.11.26 15:53:49.890,2.30003,2.30087,1.50,1.37
2015.11.26 15:53:59.834,2.30004,2.30087,1.00,1.37
2015.11.26 15:54:03.697,2.30004,2.30087,1.00,1.00
2015.11.26 15:54:05.708,2.30003,2.30087,1.12,1.00
2015.11.26 15:54:05.810,2.30003,2.30082,1.12,1.00
2015.11.26 15:54:06.222,2.29995,2.30076,2.25,1.00
2015.11.26 15:54:10.287,2.29998,2.30076,1.37,1.00
2015.11.26 15:54:10.388,2.29998,2.30076,1.00,1.00
2015.11.26 15:54:13.107,2.29994,2.30066,1.12,1.00
2015.11.26 15:54:13.358,2.29983,2.30056,1.00,1.00
2015.11.26 15:54:14.237,2.29985,2.30056,1.00,1.00
2015.11.26 15:54:14.338,2.29985,2.30066,1.00,1.00
2015.11.26 15:54:16.957,2.29984,2.30066,1.00,1.00
2015.11.26 15:54:17.059,2.29982,2.30057,1.00,1.00
2015.11.26 15:54:17.554,2.29987,2.30057,1.00,1.00
2015.11.26 15:54:17.864,2.29983,2.30057,1.00,1.00
2015.11.26 15:54:18.166,2.29979,2.30056,1.12,1.00
2015.11.26 15:54:20.884,2.29984,2.30056,1.00,1.00
2015.11.26 15:54:21.024,2.29987,2.30067,1.75,1.00
2015.11.26 15:54:21.572,2.29987,2.30066,1.75,1.00
2015.11.26 15:54:26.104,2.29994,2.30076,1.00,1.00
2015.11.26 15:54:26.290,2.29991,2.30067,1.37,1.00
2015.11.26 15:54:26.843,2.29994,2.30076,1.00,1.00
2015.11.26 15:54:27.230,2.30001,2.30076,1.00,1.00
2015.11.26 15:54:28.424,2.29994,2.30076,1.00,1.00
2015.11.26 15:54:30.031,2.29994,2.30066,1.00,1.00
2015.11.26 15:54:30.384,2.29984,2.30066,1.75,1.00
2015.11.26 15:54:30.485,2.29983,2.30056,1.00,1.00
2015.11.26 15:54:31.123,2.29983,2.30067,1.50,1.00
2015.11.26 15:54:31.402,2.29983,2.30056,1.00,1.00
2015.11.26 15:54:32.208,2.29982,2.30056,1.00,1.00
2015.11.26 15:54:34.093,2.29984,2.30056,1.00,1.00
2015.11.26 15:54:41.936,2.2998,2.30056,1.37,1.00
2015.11.26 15:54:42.037,2.29974,2.30046,1.37,1.00
2015.11.26 15:54:42.087,2.29974,2.30046,1.00,1.00
2015.11.26 15:54:42.777,2.29976,2.30046,1.00,1.00
2015.11.26 15:54:42.828,2.29984,2.30056,1.00,1.37
2015.11.26 15:54:42.935,2.29984,2.30056,1.37,1.00
2015.11.26 15:54:43.591,2.29985,2.30057,3.00,1.00
2015.11.26 15:54:45.384,2.29978,2.30057,1.00,1.37
2015.11.26 15:54:45.516,2.29975,2.30057,1.00,1.37
2015.11.26 15:54:45.567,2.29975,2.30047,1.00,1.00
2015.11.26 15:54:45.718,2.29972,2.30046,1.00,1.00
2015.11.26 15:54:46.251,2.29972,2.30047,1.00,1.00
2015.11.26 15:54:50.162,2.29972,2.30047,1.00,1.37
2015.11.26 15:54:51.744,2.29967,2.30047,1.00,1.37
2015.11.26 15:54:56.003,2.29966,2.30047,1.00,1.37
2015.11.26 15:54:57.707,2.29965,2.30047,1.50,1.37
2015.11.26 15:55:00.714,2.29966,2.30047,1.00,1.37
2015.11.26 15:55:03.240,2.29968,2.30047,1.00,1.37
2015.11.26 15:55:03.543,2.29984,2.30056,1.00,1.12
2015.11.26 15:55:10.216,2.29983,2.30067,1.00,2.25
2015.11.26 15:55:19.684,2.29985,2.30066,1.00,1.75
2015.11.26 15:55:22.290,2.29983,2.30066,1.00,1.75
2015.11.26 15:55:22.796,2.29983,2.30066,1.00,1.75
2015.11.26 15:55:27.466,2.29977,2.30057,1.00,1.12
2015.11.26 15:55:29.583,2.29983,2.30066,1.00,2.25
2015.11.26 15:55:31.639,2.29974,2.30057,1.00,1.12
2015.11.26 15:55:32.342,2.29975,2.30057,1.00,1.12
2015.11.26 15:55:32.514,2.29979,2.30057,1.00,1.12
2015.11.26 15:55:34.499,2.2998,2.30057,1.00,1.12
2015.11.26 15:55:37.783,2.29984,2.30066,1.00,2.25
2015.11.26 15:55:37.934,2.29984,2.30066,1.50,1.00
2015.11.26 15:55:38.035,2.29987,2.30066,1.00,1.00
2015.11.26 15:55:45.138,2.29986,2.30066,1.00,1.00
2015.11.26 15:55:45.443,2.29986,2.30056,1.00,1.00
2015.11.26 15:55:45.993,2.29987,2.30056,1.00,1.00
2015.11.26 15:55:47.291,2.29987,2.30067,1.00,1.00
2015.11.26 15:55:49.031,2.29986,2.30067,1.00,1.00
2015.11.26 15:55:49.082,2.29991,2.30067,1.00,1.00
2015.11.26 15:55:49.233,2.29993,2.30077,2.25,1.00
2015.11.26 15:55:49.334,2.29994,2.30067,1.37,1.00
2015.11.26 15:55:49.667,2.29989,2.30067,1.37,1.00
2015.11.26 15:55:49.763,2.29989,2.30067,1.00,1.00
2015.11.26 15:55:54.541,2.29991,2.30067,1.00,1.00
2015.11.26 15:55:56.687,2.2999,2.30067,1.00,1.00
2015.11.26 15:55:57.491,2.29991,2.30067,1.00,1.00
2015.11.26 15:55:59.251,2.2999,2.30067,1.00,1.00
2015.11.26 15:56:01.003,2.29988,2.30067,1.00,1.00
2015.11.26 15:56:01.529,2.29989,2.30067,1.00,1.00
2015.11.26 15:56:05.270,2.29988,2.30067,1.00,1.00
2015.11.26 15:56:05.810,2.29985,2.30067,1.00,1.00
2015.11.26 15:56:13.782,2.29984,2.30067,1.00,1.00
2015.11.26 15:56:16.216,2.29994,2.30073,1.00,1.75
2015.11.26 15:56:16.624,2.29995,2.30077,1.00,1.00
2015.11.26 15:56:16.725,2.30003,2.30086,1.00,1.75
2015.11.26 15:56:17.027,2.30004,2.30086,1.37,1.00
2015.11.26 15:56:17.533,2.30006,2.30086,1.00,1.00
2015.11.26 15:56:19.496,2.30011,2.30086,1.00,1.00
2015.11.26 15:56:19.597,2.30014,2.30095,1.50,1.50
2015.11.26 15:56:19.830,2.30014,2.30097,1.37,1.37
2015.11.26 15:56:19.881,2.30014,2.30097,1.50,1.00
2015.11.26 15:56:20.135,2.30018,2.30097,1.00,1.00
2015.11.26 15:56:20.915,2.30017,2.30097,1.00,1.00
2015.11.26 15:56:23.443,2.30017,2.30096,1.00,1.00
2015.11.26 15:56:23.749,2.30021,2.30096,1.00,1.00
2015.11.26 15:56:26.984,2.30023,2.30107,1.00,1.37
2015.11.26 15:56:27.104,2.30023,2.30107,1.37,1.00
2015.11.26 15:56:27.840,2.30024,2.30106,1.87,1.00
2015.11.26 15:56:32.714,2.30027,2.30106,1.00,1.00
2015.11.26 15:56:33.273,2.30027,2.30107,1.00,1.00
2015.11.26 15:56:48.342,2.30023,2.30106,1.37,1.00
2015.11.26 15:56:48.443,2.30023,2.301,1.00,1.00
2015.11.26 15:56:48.544,2.30014,2.30096,1.00,1.12
2015.11.26 15:56:48.781,2.30012,2.30087,1.00,1.00
2015.11.26 15:56:49.083,2.30013,2.30095,1.00,2.25
2015.11.26 15:56:49.172,2.30013,2.30095,1.00,1.12
2015.11.26 15:56:51.490,2.30011,2.30087,1.00,1.00
2015.11.26 15:56:52.212,2.30003,2.30087,2.25,1.00
2015.11.26 15:56:54.805,2.30005,2.30086,1.37,1.00
2015.11.26 15:56:54.993,2.30011,2.30086,1.00,1.00
2015.11.26 15:56:55.043,2.30013,2.30097,1.00,1.87
2015.11.26 15:57:01.624,2.30014,2.30096,1.00,1.37
2015.11.26 15:57:02.383,2.30013,2.30097,1.00,1.37
2015.11.26 15:57:03.414,2.30021,2.30097,1.00,1.37
2015.11.26 15:57:08.871,2.30013,2.30097,1.00,1.50
2015.11.26 15:57:09.042,2.30022,2.30097,1.00,1.50
2015.11.26 15:57:13.772,2.30015,2.30097,1.00,1.50
2015.11.26 15:57:15.682,2.30023,2.301,1.00,1.75
2015.11.26 15:57:15.984,2.30056,2.30136,1.00,1.75
2015.11.26 15:57:16.415,2.30044,2.30126,1.00,1.50
2015.11.26 15:57:16.781,2.30043,2.30116,1.00,1.00
2015.11.26 15:57:16.914,2.30052,2.30126,1.00,1.12
2015.11.26 15:57:16.965,2.30045,2.30126,1.75,1.00
2015.11.26 15:57:17.112,2.30053,2.30126,1.00,1.00
2015.11.26 15:57:17.163,2.30053,2.30137,1.50,1.00
2015.11.26 15:57:17.672,2.30054,2.30136,1.00,1.00
2015.11.26 15:57:19.531,2.30053,2.30137,1.50,1.00
2015.11.26 15:57:19.878,2.30053,2.30126,1.00,1.00
2015.11.26 15:57:20.087,2.30054,2.30136,1.00,1.00
2015.11.26 15:57:23.449,2.30055,2.30136,1.00,1.00
2015.11.26 15:57:24.265,2.30055,2.30137,1.00,1.00
2015.11.26 15:57:28.735,2.30057,2.30137,1.00,1.00
2015.11.26 15:57:30.271,2.30061,2.30137,1.00,1.00
2015.11.26 15:57:34.487,2.30062,2.30137,1.00,1.00
2015.11.26 15:57:34.789,2.30073,2.30155,1.00,1.75
2015.11.26 15:57:34.940,2.30074,2.30156,1.00,1.50
2015.11.26 15:57:34.991,2.30074,2.30156,1.00,1.12
2015.11.26 15:57:35.261,2.30072,2.30146,1.00,1.00
2015.11.26 15:57:35.674,2.30067,2.30147,1.12,1.00
2015.11.26 15:57:36.545,2.30071,2.30147,1.00,1.00
2015.11.26 15:57:36.762,2.30067,2.30147,1.12,1.00
2015.11.26 15:57:37.058,2.30061,2.30136,1.75,1.00
2015.11.26 15:57:37.297,2.30053,2.30137,1.00,1.50
2015.11.26 15:57:37.398,2.30044,2.30127,1.75,1.00
2015.11.26 15:57:37.751,2.30034,2.30114,1.00,1.00
2015.11.26 15:57:37.801,2.30023,2.30107,1.50,1.00
2015.11.26 15:57:37.902,2.30024,2.30096,1.37,1.00
2015.11.26 15:57:38.053,2.30023,2.30107,1.50,1.00
2015.11.26 15:57:38.255,2.3002,2.30097,1.75,1.00
2015.11.26 15:57:38.456,2.3002,2.30097,1.37,1.00
2015.11.26 15:57:38.507,2.3002,2.30097,1.00,1.00
2015.11.26 15:57:38.778,2.30022,2.30097,1.00,1.00
2015.11.26 15:57:39.403,2.30021,2.30096,1.00,1.00
2015.11.26 15:57:40.073,2.30014,2.30096,1.87,1.00
2015.11.26 15:57:40.376,2.30019,2.30096,1.00,1.00
2015.11.26 15:57:40.577,2.30017,2.30097,1.00,1.00
2015.11.26 15:57:41.000,2.30014,2.30096,1.37,1.00
2015.11.26 15:57:42.600,2.30022,2.30096,1.00,1.00
2015.11.26 15:57:43.002,2.30023,2.30107,1.00,1.75
2015.11.26 15:57:43.129,2.30032,2.30106,1.00,1.50
2015.11.26 15:57:43.180,2.30032,2.30106,1.00,1.00
2015.11.26 15:57:43.382,2.30041,2.30106,1.00,1.00
2015.11.26 15:57:43.607,2.30032,2.30106,1.00,1.00
2015.11.26 15:57:44.117,2.30031,2.30106,1.00,1.00
2015.11.26 15:57:47.131,2.30032,2.30106,1.00,1.00
2015.11.26 15:57:47.351,2.30042,2.30106,1.00,1.00
2015.11.26 15:57:49.676,2.30031,2.30106,1.00,1.00
2015.11.26 15:57:50.431,2.30032,2.30106,1.00,1.00
2015.11.26 15:57:50.549,2.30041,2.30106,1.00,1.00
2015.11.26 15:57:50.599,2.30041,2.30116,1.00,1.00
2015.11.26 15:57:51.215,2.30032,2.30106,1.75,1.00
2015.11.26 15:57:51.402,2.30014,2.30086,1.50,1.00
2015.11.26 15:57:51.452,2.30021,2.30086,1.00,1.00
2015.11.26 15:57:51.704,2.30021,2.30096,1.00,1.00
2015.11.26 15:57:52.211,2.30021,2.30097,1.00,1.00
2015.11.26 15:57:52.302,2.30032,2.30097,1.00,1.00
2015.11.26 15:57:52.754,2.30032,2.30106,1.00,1.75
2015.11.26 15:57:52.805,2.30032,2.30106,1.00,1.00
2015.11.26 15:57:53.208,2.30042,2.30106,1.00,1.00
2015.11.26 15:57:53.309,2.30032,2.30107,1.00,1.00
2015.11.26 15:57:53.515,2.30023,2.30106,1.00,1.00
2015.11.26 15:57:53.566,2.30014,2.30097,1.75,1.00
2015.11.26 15:57:53.768,2.30013,2.30097,1.00,1.00
2015.11.26 15:57:54.272,2.30014,2.30096,1.00,1.00
2015.11.26 15:57:54.831,2.30021,2.30096,1.00,1.00
2015.11.26 15:57:55.058,2.30014,2.30096,1.00,1.00
2015.11.26 15:57:55.109,2.30012,2.30077,1.00,1.00
2015.11.26 15:57:55.210,2.30012,2.30087,1.00,1.00
2015.11.26 15:57:55.739,2.30022,2.30087,1.00,1.00
2015.11.26 15:57:55.841,2.30012,2.30087,1.00,1.00
2015.11.26 15:57:57.378,2.30005,2.30076,1.75,1.00
2015.11.26 15:57:57.630,2.30001,2.30077,1.00,1.00
2015.11.26 15:57:57.936,2.29993,2.30077,1.50,1.00
2015.11.26 15:57:58.511,2.29993,2.30076,1.50,1.00
2015.11.26 15:57:59.020,2.29993,2.30077,1.50,1.00
2015.11.26 15:57:59.155,2.30002,2.30077,1.00,1.00
2015.11.26 15:57:59.697,2.30001,2.30077,1.00,1.00
2015.11.26 15:58:00.256,2.29995,2.30077,1.12,1.00
2015.11.26 15:58:00.710,2.29991,2.30066,1.75,1.00
2015.11.26 15:58:01.842,2.29992,2.30066,1.00,1.00
2015.11.26 15:58:01.993,2.29994,2.30076,1.00,1.75
2015.11.26 15:58:02.222,2.29994,2.30076,1.12,1.50
2015.11.26 15:58:02.692,2.30002,2.30076,1.00,1.00
2015.11.26 15:58:03.311,2.30021,2.30079,1.00,1.00
2015.11.26 15:58:03.362,2.30021,2.30081,1.00,1.00
2015.11.26 15:58:03.413,2.30012,2.30081,1.00,1.00
2015.11.26 15:58:03.520,2.30004,2.3008,1.00,1.00
2015.11.26 15:58:03.666,2.30001,2.30077,1.00,1.00
2015.11.26 15:58:04.787,2.30001,2.30076,1.00,1.00
2015.11.26 15:58:05.290,2.30001,2.30077,1.00,1.50
2015.11.26 15:58:05.641,2.29992,2.30067,2.25,1.00
2015.11.26 15:58:05.742,2.29995,2.30076,1.00,1.50
2015.11.26 15:58:05.994,2.29994,2.30069,1.12,1.00
2015.11.26 15:58:06.495,2.29995,2.30069,1.00,1.00
2015.11.26 15:58:06.846,2.30001,2.30069,1.00,1.00
2015.11.26 15:58:07.497,2.30001,2.30071,1.00,1.00
2015.11.26 15:58:07.952,2.29996,2.30071,1.00,1.00
2015.11.26 15:58:08.411,2.29996,2.30069,1.00,1.00
2015.11.26 15:58:08.935,2.29996,2.30072,1.00,1.00
2015.11.26 15:58:08.986,2.3,2.30072,1.00,1.00
2015.11.26 15:58:09.288,2.30004,2.30071,1.00,1.00
2015.11.26 15:58:09.339,2.30004,2.30081,1.00,1.00
2015.11.26 15:58:09.558,2.3001,2.30081,1.00,1.00
2015.11.26 15:58:09.659,2.30005,2.30081,1.50,1.00
2015.11.26 15:58:09.942,2.30005,2.30083,1.50,1.00
2015.11.26 15:58:10.145,2.30004,2.30082,1.00,1.00
2015.11.26 15:58:10.663,2.30004,2.30081,1.00,1.00
2015.11.26 15:58:10.764,2.30004,2.30078,1.00,1.00
2015.11.26 15:58:10.815,2.3,2.30077,1.00,1.00
2015.11.26 15:58:10.866,2.29993,2.30057,1.00,1.00
2015.11.26 15:58:10.916,2.29989,2.30057,1.00,1.00
2015.11.26 15:58:10.967,2.29985,2.30057,1.37,1.00
2015.11.26 15:58:11.634,2.29984,2.30058,1.50,1.00
2015.11.26 15:58:11.736,2.29984,2.30066,1.50,1.00
2015.11.26 15:58:11.787,2.29992,2.30067,1.00,1.00
2015.11.26 15:58:12.077,2.30004,2.30086,1.00,1.87
2015.11.26 15:58:14.408,2.30003,2.30087,1.00,1.50
2015.11.26 15:58:15.767,2.30004,2.30087,1.00,1.50
2015.11.26 15:58:15.969,2.30014,2.30086,1.00,1.37
2015.11.26 15:58:16.221,2.3001,2.30086,1.12,1.00
2015.11.26 15:58:16.493,2.30013,2.30087,1.00,1.00
2015.11.26 15:58:16.795,2.30013,2.30086,1.75,1.00
2015.11.26 15:58:19.050,2.30014,2.30087,1.75,1.00
2015.11.26 15:58:19.553,2.30004,2.30086,2.25,1.00
2015.11.26 15:58:19.603,2.30004,2.30086,2.25,1.00
2015.11.26 15:58:19.704,2.30014,2.30096,1.00,1.12
2015.11.26 15:58:20.249,2.30013,2.30097,1.00,1.50
2015.11.26 15:58:20.754,2.30014,2.30096,1.00,1.12
2015.11.26 15:58:22.363,2.30014,2.30086,1.00,1.00
2015.11.26 15:58:22.564,2.30014,2.30096,1.00,1.12
2015.11.26 15:58:22.814,2.30013,2.30087,1.00,1.00
2015.11.26 15:58:23.016,2.30007,2.30087,1.12,1.00
2015.11.26 15:58:24.576,2.30014,2.30096,1.00,1.12
2015.11.26 15:58:25.757,2.30014,2.30086,1.00,1.00
2015.11.26 15:58:26.090,2.3001,2.30087,1.00,1.00
2015.11.26 15:58:26.141,2.30003,2.30087,1.37,1.37
2015.11.26 15:58:26.697,2.30007,2.30087,1.00,1.37
2015.11.26 15:58:27.242,2.30008,2.30087,1.00,1.37
2015.11.26 15:58:28.155,2.30008,2.30087,1.00,1.00
2015.11.26 15:58:28.206,2.3001,2.30087,1.00,1.00
2015.11.26 15:58:29.402,2.30008,2.30087,1.00,1.00
2015.11.26 15:58:29.954,2.30013,2.30087,1.00,1.00
2015.11.26 15:58:30.150,2.30014,2.30096,1.00,1.37
2015.11.26 15:58:32.417,2.30016,2.30097,1.00,1.37
2015.11.26 15:58:32.719,2.30023,2.30106,1.00,1.75
2015.11.26 15:58:32.871,2.30024,2.30106,1.00,1.50
2015.11.26 15:58:33.638,2.30025,2.30106,1.00,1.50
2015.11.26 15:58:34.174,2.30024,2.30106,1.00,1.50
2015.11.26 15:58:34.812,2.30025,2.30106,1.00,1.50
2015.11.26 15:58:37.041,2.30028,2.30106,1.00,1.12
2015.11.26 15:58:37.502,2.30024,2.30106,1.87,1.00
2015.11.26 15:58:38.323,2.30023,2.30099,1.37,1.00
2015.11.26 15:58:38.373,2.30023,2.30099,1.00,1.00
2015.11.26 15:58:38.424,2.30023,2.30093,1.00,1.00
2015.11.26 15:58:38.656,2.30016,2.30094,1.00,1.00
2015.11.26 15:58:39.263,2.30017,2.30094,1.00,1.00
2015.11.26 15:58:39.812,2.30017,2.30093,1.00,1.00
2015.11.26 15:58:40.140,2.30016,2.30097,1.00,1.00
2015.11.26 15:58:40.191,2.30023,2.30106,1.00,1.75
2015.11.26 15:58:40.494,2.30029,2.30107,1.00,1.75
2015.11.26 15:58:41.732,2.30024,2.30107,1.00,1.75
2015.11.26 15:58:41.809,2.30024,2.30096,1.00,1.00
2015.11.26 15:58:42.371,2.30025,2.30096,1.00,1.00
2015.11.26 15:58:42.929,2.30025,2.30088,1.00,1.00
2015.11.26 15:58:43.120,2.30025,2.30096,1.00,1.00
2015.11.26 15:58:43.756,2.30025,2.30097,1.00,1.00
2015.11.26 15:58:46.742,2.30041,2.30097,1.00,1.00
2015.11.26 15:58:46.793,2.30041,2.30106,1.00,1.75
2015.11.26 15:58:46.844,2.30034,2.30106,2.25,1.75
2015.11.26 15:58:46.945,2.30045,2.30116,1.00,1.00
2015.11.26 15:58:47.096,2.30045,2.30127,1.50,1.75
2015.11.26 15:58:48.248,2.30044,2.30127,1.00,1.75
2015.11.26 15:58:48.731,2.30051,2.30127,1.00,1.75
2015.11.26 15:58:49.276,2.30052,2.30126,1.00,1.50
2015.11.26 15:58:49.499,2.30045,2.30126,1.00,1.50
2015.11.26 15:58:49.550,2.30045,2.30117,1.00,1.00
2015.11.26 15:58:49.601,2.30043,2.30117,1.00,1.00
2015.11.26 15:58:49.652,2.30034,2.30117,1.37,1.00
2015.11.26 15:58:49.804,2.30034,2.30116,1.50,1.50
2015.11.26 15:58:50.112,2.30026,2.30106,2.62,1.00
2015.11.26 15:58:51.167,2.30031,2.30106,1.00,1.00
2015.11.26 15:58:52.509,2.30026,2.30106,1.00,1.75
2015.11.26 15:58:52.711,2.30024,2.30107,1.00,1.75
2015.11.26 15:58:53.155,2.30014,2.30096,1.50,1.00
2015.11.26 15:58:53.494,2.30014,2.30086,1.50,1.00
2015.11.26 15:58:53.595,2.30013,2.30097,1.00,1.50
2015.11.26 15:58:54.317,2.30015,2.30097,1.00,1.50
2015.11.26 15:58:54.659,2.30063,2.30117,1.00,1.00
2015.11.26 15:58:54.710,2.30064,2.30133,1.00,1.00
2015.11.26 15:58:54.811,2.30063,2.3014,1.00,1.00
2015.11.26 15:58:54.912,2.30065,2.30147,1.00,1.75
2015.11.26 15:58:55.017,2.30065,2.30146,1.00,1.00
2015.11.26 15:58:55.382,2.30074,2.30156,1.00,1.75
2015.11.26 15:58:59.091,2.30075,2.30156,1.00,1.75
2015.11.26 15:58:59.142,2.30075,2.30156,1.37,1.00
2015.11.26 15:58:59.322,2.30082,2.30156,1.00,1.00
2015.11.26 15:58:59.550,2.30084,2.30166,1.00,1.37
2015.11.26 15:59:00.429,2.30084,2.30156,1.00,1.00
2015.11.26 15:59:00.531,2.30082,2.30156,1.00,1.00
2015.11.26 15:59:00.729,2.30083,2.30167,1.00,1.50
2015.11.26 15:59:02.019,2.30084,2.30167,1.00,1.50
2015.11.26 15:59:02.529,2.30083,2.30167,1.00,1.50
2015.11.26 15:59:03.884,2.30084,2.30167,1.00,1.50
2015.11.26 15:59:04.480,2.30085,2.30166,1.00,1.37
2015.11.26 15:59:04.531,2.30085,2.30166,1.37,1.00
2015.11.26 15:59:04.880,2.30091,2.30166,1.00,1.00
2015.11.26 15:59:05.460,2.30094,2.30174,1.00,1.12
2015.11.26 15:59:06.780,2.30093,2.30174,1.00,1.12
2015.11.26 15:59:07.341,2.30092,2.30167,1.00,1.00
2015.11.26 15:59:07.442,2.30084,2.30167,2.25,1.00
2015.11.26 15:59:11.775,2.30084,2.30166,2.25,1.00
2015.11.26 15:59:12.076,2.30094,2.30166,1.00,1.00
2015.11.26 15:59:13.461,2.30094,2.30166,1.37,1.00
2015.11.26 15:59:14.809,2.30093,2.30177,1.50,1.00
2015.11.26 15:59:15.368,2.30101,2.30177,1.00,1.00
2015.11.26 15:59:15.722,2.30104,2.30186,1.00,1.75
2015.11.26 15:59:15.933,2.30112,2.30186,1.00,1.75
2015.11.26 15:59:16.561,2.30104,2.30186,1.00,1.75
2015.11.26 15:59:16.995,2.30105,2.30187,1.00,1.00
2015.11.26 15:59:19.342,2.30105,2.30186,1.00,1.00
2015.11.26 15:59:19.660,2.30111,2.30186,1.00,1.00
2015.11.26 15:59:20.195,2.30111,2.30187,1.00,1.00
2015.11.26 15:59:20.347,2.30115,2.30197,1.00,1.00
2015.11.26 15:59:20.448,2.30113,2.30197,1.12,1.00
2015.11.26 15:59:20.949,2.30114,2.30196,1.00,1.00
2015.11.26 15:59:20.999,2.30111,2.30186,1.87,1.00
2015.11.26 15:59:23.415,2.30113,2.30197,1.87,1.00
2015.11.26 15:59:27.459,2.30114,2.30196,1.00,1.00
2015.11.26 15:59:27.895,2.30121,2.30196,1.00,1.00
2015.11.26 15:59:28.046,2.30124,2.30206,1.00,1.75
2015.11.26 15:59:28.147,2.30126,2.30197,1.00,1.00
2015.11.26 15:59:28.218,2.30118,2.30197,1.00,1.00
2015.11.26 15:59:28.269,2.30114,2.30196,1.50,1.00
2015.11.26 15:59:28.470,2.30121,2.30196,1.00,1.00
2015.11.26 15:59:29.115,2.30123,2.30197,1.00,1.00
2015.11.26 15:59:29.330,2.30124,2.30206,1.00,1.00
2015.11.26 15:59:29.863,2.30123,2.30207,1.00,1.00
2015.11.26 15:59:30.863,2.30131,2.30207,1.00,1.00
2015.11.26 15:59:31.015,2.30134,2.30216,1.50,1.00
2015.11.26 15:59:32.741,2.30133,2.30217,1.75,1.00
2015.11.26 15:59:33.839,2.30133,2.30217,1.00,2.25
2015.11.26 15:59:34.381,2.30134,2.30216,1.00,1.50
2015.11.26 15:59:34.633,2.30133,2.30207,1.00,1.00
2015.11.26 15:59:34.863,2.30128,2.30206,1.00,1.00
2015.11.26 15:59:35.296,2.30126,2.30206,1.12,1.00
2015.11.26 15:59:35.487,2.30131,2.30206,1.00,1.00
2015.11.26 15:59:35.639,2.30127,2.30206,1.00,1.00
2015.11.26 15:59:35.740,2.30126,2.30196,1.12,1.00
2015.11.26 15:59:35.941,2.30122,2.30197,1.00,1.00
2015.11.26 15:59:36.284,2.30117,2.30197,1.12,1.00
2015.11.26 15:59:36.744,2.30116,2.30186,1.37,1.00
2015.11.26 15:59:38.713,2.30113,2.30186,1.37,1.00
2015.11.26 15:59:38.832,2.30113,2.30197,1.00,1.37
2015.11.26 15:59:40.770,2.30122,2.30197,1.00,1.37
2015.11.26 15:59:40.871,2.30113,2.30197,1.00,1.37
2015.11.26 15:59:41.022,2.30114,2.30186,1.00,1.00
2015.11.26 15:59:42.451,2.30114,2.30196,1.00,1.37
2015.11.26 15:59:43.188,2.30113,2.30197,1.00,1.37
2015.11.26 15:59:44.212,2.30112,2.30186,1.00,1.00
2015.11.26 15:59:44.772,2.30112,2.30187,1.00,1.00
2015.11.26 15:59:45.708,2.30111,2.30187,1.00,1.00
2015.11.26 15:59:46.708,2.30111,2.30186,1.00,1.00
2015.11.26 15:59:46.809,2.30104,2.30186,3.00,1.00
2015.11.26 15:59:49.945,2.30103,2.30177,1.75,1.00
2015.11.26 15:59:50.679,2.30104,2.30186,1.50,1.00
2015.11.26 15:59:51.007,2.30098,2.30177,1.75,1.00
2015.11.26 15:59:51.058,2.30098,2.30177,1.00,1.00
2015.11.26 15:59:51.181,2.30096,2.30177,1.00,1.00
2015.11.26 15:59:51.815,2.30093,2.30177,1.50,1.00
2015.11.26 15:59:52.459,2.30094,2.30176,1.37,1.00
2015.11.26 15:59:52.820,2.301,2.30177,1.00,1.00
2015.11.26 15:59:53.022,2.30104,2.30186,1.00,1.00
2015.11.26 15:59:53.571,2.30104,2.30185,1.00,1.00
2015.11.26 15:59:55.076,2.30104,2.30186,1.00,1.00
2015.11.26 15:59:55.579,2.30103,2.30187,1.12,1.00
2015.11.26 15:59:58.598,2.30103,2.30186,1.12,1.00
2015.11.26 15:59:58.649,2.301,2.30176,1.37,1.00
2015.11.26 15:59:58.699,2.30101,2.30176,1.00,1.00
2015.11.26 15:59:58.852,2.30099,2.30176,1.00,1.00
