2015.11.24 04:00:02.286,2.31923,2.32002,1.00,1.75
2015.11.24 04:00:02.541,2.31913,2.31997,1.00,2.25
2015.11.24 04:00:04.594,2.31913,2.31991,1.00,1.37
2015.11.24 04:00:07.046,2.31914,2.31996,1.00,2.25
2015.11.24 04:00:07.341,2.31923,2.31996,1.00,1.75
2015.11.24 04:00:13.446,2.31933,2.32002,1.00,2.25
2015.11.24 04:00:13.547,2.31923,2.32007,1.00,2.25
2015.11.24 04:00:17.078,2.31933,2.32007,1.00,1.75
2015.11.24 04:00:17.380,2.31923,2.32006,1.00,1.75
2015.11.24 04:00:17.602,2.31933,2.32011,1.00,1.75
2015.11.24 04:00:18.114,2.31934,2.32011,1.00,1.75
2015.11.24 04:00:18.730,2.31933,2.32011,1.00,1.75
2015.11.24 04:00:20.135,2.31924,2.32006,1.00,2.25
2015.11.24 04:00:20.663,2.31924,2.32006,1.00,2.25
2015.11.24 04:00:21.040,2.31924,2.32006,1.00,2.25
2015.11.24 04:00:26.714,2.31923,2.32001,1.00,1.75
2015.11.24 04:00:36.567,2.31923,2.32007,1.00,1.75
2015.11.24 04:00:37.053,2.31934,2.32009,1.00,1.75
2015.11.24 04:00:39.277,2.31923,2.32007,1.00,1.75
2015.11.24 04:00:41.259,2.31933,2.32012,1.00,1.75
2015.11.24 04:00:42.171,2.31924,2.32006,1.00,1.75
2015.11.24 04:00:44.753,2.31923,2.32007,1.00,1.75
2015.11.24 04:00:46.776,2.31934,2.32009,1.00,1.75
2015.11.24 04:00:51.992,2.31934,2.32011,1.00,2.25
2015.11.24 04:00:53.992,2.31933,2.32009,1.00,1.75
2015.11.24 04:00:59.523,2.31923,2.32007,1.00,1.75
2015.11.24 04:00:59.826,2.31933,2.32008,1.00,1.75
2015.11.24 04:00:59.977,2.31923,2.32007,1.00,1.75
2015.11.24 04:01:04.139,2.31934,2.32004,1.00,1.37
2015.11.24 04:01:04.690,2.31933,2.32014,1.00,1.75
2015.11.24 04:01:08.103,2.31933,2.32014,1.00,1.75
2015.11.24 04:01:08.432,2.31933,2.32014,1.00,1.75
2015.11.24 04:01:08.485,2.31944,2.32018,1.00,1.75
2015.11.24 04:01:22.513,2.31943,2.32017,1.00,1.75
2015.11.24 04:01:22.715,2.31933,2.32015,1.00,1.75
2015.11.24 04:01:23.221,2.31933,2.32015,1.00,2.25
2015.11.24 04:01:34.814,2.31934,2.32013,1.00,1.75
2015.11.24 04:01:37.243,2.31933,2.32013,1.00,1.75
2015.11.24 04:01:39.856,2.31933,2.32017,1.00,2.25
2015.11.24 04:01:39.906,2.31933,2.32017,1.00,2.25
2015.11.24 04:01:40.108,2.31924,2.32006,1.00,1.00
2015.11.24 04:01:40.764,2.31933,2.32012,1.00,1.75
2015.11.24 04:01:43.323,2.31934,2.32016,1.00,1.75
2015.11.24 04:01:45.310,2.31933,2.32017,1.00,2.25
2015.11.24 04:01:51.994,2.31943,2.32022,1.00,1.75
2015.11.24 04:01:55.740,2.31943,2.32022,1.00,1.75
2015.11.24 04:01:55.807,2.31943,2.32022,1.00,1.75
2015.11.24 04:02:00.218,2.31953,2.32031,1.00,1.75
2015.11.24 04:02:00.542,2.31953,2.32037,1.00,2.25
2015.11.24 04:02:01.141,2.31954,2.32036,1.00,3.00
2015.11.24 04:02:01.443,2.31944,2.32026,1.00,1.00
2015.11.24 04:02:02.229,2.31943,2.32027,1.00,1.00
2015.11.24 04:02:02.632,2.31954,2.32036,1.00,2.25
2015.11.24 04:02:02.934,2.31953,2.32029,1.00,1.00
2015.11.24 04:02:03.599,2.31953,2.3203,1.00,1.75
2015.11.24 04:02:05.961,2.31943,2.32026,1.00,1.75
2015.11.24 04:02:20.615,2.31943,2.32026,1.00,1.75
2015.11.24 04:02:30.491,2.31954,2.32031,1.00,1.75
2015.11.24 04:02:39.535,2.31954,2.32033,1.00,1.75
2015.11.24 04:02:41.503,2.31944,2.32026,1.00,1.37
2015.11.24 04:02:41.705,2.31944,2.32026,1.00,1.75
2015.11.24 04:02:42.161,2.31944,2.32022,1.00,1.75
2015.11.24 04:02:42.669,2.31943,2.32017,1.00,1.75
2015.11.24 04:02:51.080,2.31934,2.32016,1.00,1.75
2015.11.24 04:02:53.357,2.31934,2.32016,1.00,1.75
2015.11.24 04:02:53.917,2.31943,2.32016,1.00,2.25
2015.11.24 04:02:55.946,2.31943,2.32016,1.00,1.75
2015.11.24 04:02:55.997,2.31944,2.32016,1.00,1.75
2015.11.24 04:02:56.972,2.31934,2.32016,1.00,1.75
2015.11.24 04:02:57.740,2.31943,2.32017,1.00,1.75
2015.11.24 04:03:00.490,2.31933,2.32016,1.00,1.75
2015.11.24 04:03:05.095,2.31934,2.32016,1.00,2.25
2015.11.24 04:03:05.604,2.31933,2.32017,1.00,2.25
2015.11.24 04:03:08.960,2.31934,2.32016,1.00,1.75
2015.11.24 04:03:13.312,2.31934,2.32016,1.00,1.75
2015.11.24 04:03:17.348,2.31943,2.32017,1.00,2.25
2015.11.24 04:03:18.229,2.31934,2.32016,1.00,1.75
2015.11.24 04:03:33.640,2.31934,2.32016,1.00,1.75
2015.11.24 04:03:37.217,2.31933,2.32015,1.00,1.75
2015.11.24 04:03:42.420,2.31924,2.32006,1.00,1.00
2015.11.24 04:03:42.801,2.31924,2.32006,1.00,1.75
2015.11.24 04:03:44.531,2.31934,2.32014,1.00,1.75
2015.11.24 04:03:56.629,2.31933,2.32011,1.00,1.75
2015.11.24 04:03:57.280,2.31934,2.32011,1.00,1.75
2015.11.24 04:03:57.804,2.31933,2.32007,1.00,1.75
2015.11.24 04:04:00.764,2.31933,2.32007,1.00,1.75
2015.11.24 04:04:03.095,2.31924,2.32006,1.00,1.75
2015.11.24 04:04:04.335,2.31934,2.3201,1.00,1.75
2015.11.24 04:04:05.433,2.31923,2.32007,1.00,1.75
2015.11.24 04:04:06.895,2.31923,2.32007,1.00,1.12
2015.11.24 04:04:10.124,2.31933,2.32015,1.00,1.75
2015.11.24 04:04:10.175,2.31933,2.32015,1.00,1.37
2015.11.24 04:04:10.276,2.31933,2.32017,1.00,1.12
2015.11.24 04:04:10.801,2.31934,2.32016,1.00,1.00
2015.11.24 04:04:13.128,2.31944,2.32026,1.00,1.75
2015.11.24 04:04:23.363,2.31943,2.32027,1.00,1.75
2015.11.24 04:04:24.096,2.31934,2.32016,1.00,1.37
2015.11.24 04:04:27.092,2.31934,2.32016,1.00,1.50
2015.11.24 04:04:27.193,2.31934,2.32016,1.00,1.12
2015.11.24 04:04:28.511,2.31943,2.32019,1.00,1.75
2015.11.24 04:04:31.570,2.31934,2.32016,1.00,1.12
2015.11.24 04:04:33.779,2.31944,2.32016,1.00,1.12
2015.11.24 04:04:35.559,2.31934,2.32016,1.00,1.12
2015.11.24 04:04:36.063,2.31933,2.32017,1.00,1.37
2015.11.24 04:04:36.575,2.31934,2.32016,1.00,1.12
2015.11.24 04:04:36.888,2.31943,2.32025,1.00,1.75
2015.11.24 04:04:41.155,2.31934,2.32016,1.00,1.12
2015.11.24 04:04:41.512,2.31943,2.32027,1.00,1.00
2015.11.24 04:04:44.046,2.31953,2.32027,1.00,1.00
2015.11.24 04:04:45.108,2.31953,2.32035,1.00,1.37
2015.11.24 04:04:45.414,2.31953,2.32035,1.00,1.00
2015.11.24 04:04:45.465,2.31953,2.32037,1.00,1.87
2015.11.24 04:04:45.999,2.31954,2.32036,1.00,1.00
2015.11.24 04:04:47.991,2.31944,2.32026,1.12,1.00
2015.11.24 04:04:53.897,2.31943,2.32027,1.00,1.50
2015.11.24 04:04:54.663,2.31943,2.32027,1.37,1.00
2015.11.24 04:04:55.268,2.31953,2.32037,1.00,1.50
2015.11.24 04:04:56.370,2.31953,2.32034,1.00,1.00
2015.11.24 04:04:56.878,2.31944,2.32026,1.00,1.75
2015.11.24 04:05:05.156,2.31943,2.32027,1.00,1.75
2015.11.24 04:05:11.293,2.31953,2.32037,1.00,1.75
2015.11.24 04:05:11.394,2.31953,2.32037,1.00,1.37
2015.11.24 04:05:11.995,2.31943,2.32027,1.50,1.00
2015.11.24 04:05:12.046,2.31953,2.32037,1.00,1.37
2015.11.24 04:05:16.367,2.31954,2.32036,1.00,1.12
2015.11.24 04:05:17.019,2.31963,2.32044,1.00,1.75
2015.11.24 04:05:17.774,2.31953,2.32037,1.00,1.37
2015.11.24 04:05:18.100,2.31964,2.32046,1.00,1.75
2015.11.24 04:05:18.959,2.31964,2.32046,1.00,1.00
2015.11.24 04:05:26.725,2.31963,2.32047,1.00,1.00
2015.11.24 04:05:27.330,2.31963,2.32046,1.00,1.00
2015.11.24 04:05:27.381,2.31954,2.32036,1.75,1.00
2015.11.24 04:05:29.430,2.31954,2.32036,1.00,1.00
2015.11.24 04:05:31.671,2.31953,2.32037,1.00,1.00
2015.11.24 04:05:33.100,2.31953,2.32037,1.00,1.75
2015.11.24 04:05:33.303,2.31944,2.32026,1.00,1.00
2015.11.24 04:05:33.404,2.31943,2.32017,1.00,1.00
2015.11.24 04:05:35.303,2.31944,2.32026,1.00,1.00
2015.11.24 04:05:36.622,2.31943,2.32027,1.00,1.00
2015.11.24 04:05:36.723,2.31943,2.32027,1.75,1.00
2015.11.24 04:05:37.025,2.31953,2.32037,1.00,1.00
2015.11.24 04:05:42.207,2.31954,2.32036,1.00,1.00
2015.11.24 04:05:42.509,2.31954,2.32036,1.00,1.75
2015.11.24 04:05:43.087,2.31953,2.32037,1.00,1.75
2015.11.24 04:05:43.611,2.31954,2.32026,1.00,1.37
2015.11.24 04:05:46.414,2.31943,2.32027,1.00,1.50
2015.11.24 04:05:56.309,2.31944,2.32026,1.00,1.37
2015.11.24 04:06:00.742,2.31944,2.32026,1.00,1.00
2015.11.24 04:06:01.487,2.31954,2.32026,1.00,1.00
2015.11.24 04:06:01.588,2.31944,2.32026,1.00,1.00
2015.11.24 04:06:01.879,2.31954,2.32035,1.00,1.50
2015.11.24 04:06:11.594,2.31953,2.32037,1.00,1.75
2015.11.24 04:06:17.057,2.31954,2.32036,1.00,1.75
2015.11.24 04:06:20.289,2.31953,2.32037,1.00,1.75
2015.11.24 04:06:20.491,2.31953,2.32037,1.00,1.00
2015.11.24 04:06:26.002,2.31954,2.32036,1.00,1.00
2015.11.24 04:06:27.969,2.31953,2.32037,1.00,1.00
2015.11.24 04:06:29.414,2.31954,2.32036,1.00,1.00
2015.11.24 04:06:31.580,2.31953,2.32037,1.00,1.00
2015.11.24 04:06:32.127,2.31964,2.32046,1.00,2.25
2015.11.24 04:06:32.457,2.31954,2.32036,1.00,1.00
2015.11.24 04:06:33.902,2.31964,2.32046,1.00,1.75
2015.11.24 04:06:34.003,2.31954,2.32036,1.00,1.00
2015.11.24 04:06:34.553,2.31953,2.32037,1.00,1.00
2015.11.24 04:06:41.516,2.31954,2.32036,1.00,1.00
2015.11.24 04:06:42.508,2.31953,2.32037,1.00,1.00
2015.11.24 04:06:44.609,2.31954,2.32036,1.00,1.00
2015.11.24 04:06:46.687,2.31953,2.32037,1.00,1.00
2015.11.24 04:06:47.450,2.31954,2.32036,1.00,1.00
2015.11.24 04:06:48.421,2.31943,2.32027,1.00,1.00
2015.11.24 04:06:48.568,2.31951,2.32027,1.00,1.00
2015.11.24 04:06:48.851,2.31953,2.32037,1.00,1.00
2015.11.24 04:06:59.737,2.31954,2.32036,1.00,1.00
2015.11.24 04:07:07.534,2.31953,2.32037,1.00,1.00
2015.11.24 04:07:20.014,2.31963,2.32047,1.00,1.50
2015.11.24 04:07:20.114,2.31953,2.32037,1.12,1.00
2015.11.24 04:07:20.796,2.31954,2.32036,1.00,1.00
2015.11.24 04:07:30.131,2.31964,2.32046,1.00,1.12
2015.11.24 04:07:31.142,2.31964,2.32046,1.00,1.75
2015.11.24 04:07:31.243,2.31954,2.32036,1.00,1.37
2015.11.24 04:07:32.077,2.31953,2.32037,1.00,1.50
2015.11.24 04:07:37.804,2.31971,2.32037,1.00,1.50
2015.11.24 04:07:39.570,2.31954,2.32036,1.00,1.37
2015.11.24 04:07:43.457,2.31962,2.32036,1.00,1.37
2015.11.24 04:07:43.807,2.31972,2.32046,1.00,1.75
2015.11.24 04:07:43.908,2.31964,2.32046,1.00,1.75
2015.11.24 04:07:44.240,2.31972,2.32046,1.00,1.75
2015.11.24 04:07:51.234,2.31972,2.32047,1.00,1.37
2015.11.24 04:08:01.309,2.31963,2.32047,1.00,1.37
2015.11.24 04:08:01.617,2.31971,2.32047,1.00,1.37
2015.11.24 04:08:01.754,2.31963,2.32047,1.00,1.37
2015.11.24 04:08:20.681,2.31963,2.32047,1.00,1.12
2015.11.24 04:08:24.765,2.31964,2.32046,1.00,1.00
2015.11.24 04:08:25.975,2.31963,2.32047,1.00,1.12
2015.11.24 04:08:38.445,2.31963,2.32047,1.00,1.37
2015.11.24 04:08:39.504,2.31964,2.32046,1.00,1.12
2015.11.24 04:08:40.384,2.31963,2.32047,1.00,1.87
2015.11.24 04:08:48.414,2.31964,2.32046,1.00,1.12
2015.11.24 04:09:00.629,2.31964,2.32046,1.00,1.37
2015.11.24 04:09:09.839,2.31971,2.32046,1.00,1.75
2015.11.24 04:09:10.440,2.31972,2.32046,1.00,1.75
2015.11.24 04:09:20.665,2.31972,2.32046,1.00,1.37
2015.11.24 04:09:21.364,2.31972,2.32046,1.00,1.00
2015.11.24 04:09:42.453,2.31972,2.32047,1.00,1.12
2015.11.24 04:09:42.999,2.31972,2.32046,1.00,1.00
2015.11.24 04:09:45.307,2.31972,2.32047,1.00,1.12
2015.11.24 04:09:49.448,2.31971,2.32047,1.00,1.12
2015.11.24 04:09:49.777,2.31972,2.32037,1.00,1.00
2015.11.24 04:09:49.980,2.31961,2.32036,1.00,1.00
2015.11.24 04:09:50.655,2.31972,2.32036,1.00,1.00
2015.11.24 04:09:55.778,2.31972,2.32037,1.00,1.00
2015.11.24 04:09:56.329,2.31972,2.32036,1.00,1.00
2015.11.24 04:09:57.613,2.31971,2.32036,1.00,1.00
2015.11.24 04:09:58.094,2.31962,2.32036,1.00,1.00
2015.11.24 04:09:58.153,2.31963,2.32042,1.00,1.00
2015.11.24 04:09:58.754,2.31972,2.32041,1.00,1.00
2015.11.24 04:10:00.401,2.31972,2.32042,1.00,1.00
2015.11.24 04:10:00.514,2.31972,2.32046,1.00,1.50
2015.11.24 04:10:01.603,2.31972,2.32037,1.00,1.00
2015.11.24 04:10:01.653,2.31961,2.32037,1.00,1.00
2015.11.24 04:10:02.187,2.31962,2.32037,1.00,1.00
2015.11.24 04:10:02.688,2.31962,2.32036,1.00,1.00
2015.11.24 04:10:10.254,2.31962,2.32037,1.00,1.00
2015.11.24 04:10:12.736,2.31953,2.32037,1.00,1.00
2015.11.24 04:10:19.861,2.31954,2.32036,1.00,1.00
2015.11.24 04:10:30.620,2.31953,2.32037,1.00,1.00
2015.11.24 04:10:36.814,2.31962,2.32037,1.00,1.00
2015.11.24 04:10:42.636,2.31962,2.32036,1.00,1.00
2015.11.24 04:10:42.687,2.31954,2.32036,1.00,1.00
2015.11.24 04:10:42.738,2.31951,2.32027,1.00,1.00
2015.11.24 04:10:46.433,2.31961,2.32027,1.00,1.00
2015.11.24 04:10:48.692,2.31961,2.32037,1.00,1.00
2015.11.24 04:10:57.996,2.31962,2.32037,1.00,1.00
2015.11.24 04:10:58.943,2.31971,2.32037,1.00,1.00
2015.11.24 04:11:05.077,2.31971,2.32043,1.00,1.00
2015.11.24 04:11:06.404,2.31972,2.32043,1.00,1.00
2015.11.24 04:11:09.233,2.31972,2.32044,1.00,1.00
2015.11.24 04:11:09.435,2.31972,2.32046,1.00,1.00
2015.11.24 04:11:14.103,2.31964,2.32046,1.00,1.00
2015.11.24 04:11:15.798,2.31963,2.32037,1.00,1.00
2015.11.24 04:11:21.316,2.31953,2.32037,1.00,1.00
2015.11.24 04:11:27.811,2.31954,2.32036,1.00,1.00
2015.11.24 04:11:32.996,2.31953,2.32037,1.00,1.00
2015.11.24 04:11:33.305,2.31953,2.32037,1.00,1.75
2015.11.24 04:11:38.381,2.31953,2.32034,1.00,1.37
2015.11.24 04:11:38.432,2.31953,2.32034,1.00,1.00
2015.11.24 04:11:39.496,2.31953,2.32037,1.00,1.00
2015.11.24 04:11:43.653,2.31954,2.32026,1.00,1.00
2015.11.24 04:11:49.401,2.31953,2.32035,1.00,1.00
2015.11.24 04:11:51.646,2.31953,2.32036,1.00,1.00
2015.11.24 04:11:56.127,2.31953,2.32037,1.00,1.00
2015.11.24 04:12:01.314,2.31954,2.32036,1.00,1.00
2015.11.24 04:12:06.093,2.31943,2.32027,1.75,1.00
2015.11.24 04:12:13.672,2.31954,2.32036,1.00,1.00
2015.11.24 04:12:20.729,2.31954,2.32036,1.00,1.37
2015.11.24 04:12:28.309,2.31953,2.32027,1.00,1.00
2015.11.24 04:12:35.364,2.31954,2.32036,1.00,1.37
2015.11.24 04:12:38.953,2.31953,2.32037,1.00,1.50
2015.11.24 04:12:39.792,2.31953,2.32028,1.00,1.00
2015.11.24 04:12:39.969,2.31943,2.32027,1.00,1.00
2015.11.24 04:12:42.241,2.31943,2.32019,1.00,1.00
2015.11.24 04:12:42.342,2.31943,2.32027,1.00,1.00
2015.11.24 04:12:44.447,2.31943,2.32018,1.00,1.00
2015.11.24 04:12:46.891,2.31944,2.32018,1.00,1.00
2015.11.24 04:12:50.607,2.31944,2.32026,1.00,1.00
2015.11.24 04:12:56.328,2.31944,2.32018,1.00,1.00
2015.11.24 04:12:56.976,2.31944,2.32026,1.00,1.00
2015.11.24 04:13:02.231,2.31943,2.32017,1.00,1.00
2015.11.24 04:13:02.433,2.31933,2.32017,1.75,1.00
2015.11.24 04:13:02.635,2.31934,2.32014,1.75,1.50
2015.11.24 04:13:02.938,2.31924,2.32005,1.00,1.75
2015.11.24 04:13:07.843,2.31924,2.32006,1.00,1.00
2015.11.24 04:13:08.559,2.31923,2.32007,1.00,1.00
2015.11.24 04:13:25.577,2.31923,2.32007,1.00,1.37
2015.11.24 04:13:28.726,2.31923,2.32005,1.00,1.00
2015.11.24 04:13:28.777,2.31913,2.31997,1.37,1.00
2015.11.24 04:13:40.664,2.31913,2.31997,1.12,1.00
2015.11.24 04:13:44.013,2.31924,2.32006,1.00,1.37
2015.11.24 04:13:45.041,2.31913,2.31997,1.12,1.00
2015.11.24 04:13:50.034,2.31923,2.32007,1.00,1.50
2015.11.24 04:13:50.140,2.31914,2.31996,1.00,1.00
2015.11.24 04:13:50.669,2.31924,2.32006,1.00,1.37
2015.11.24 04:13:51.505,2.31913,2.31997,1.12,1.00
2015.11.24 04:13:57.992,2.31924,2.32006,1.00,1.37
2015.11.24 04:13:58.295,2.31924,2.32006,1.00,1.75
2015.11.24 04:13:59.315,2.31924,2.32006,1.00,1.00
2015.11.24 04:14:08.788,2.31923,2.32007,1.00,1.00
2015.11.24 04:14:08.992,2.31914,2.31996,1.75,1.00
2015.11.24 04:14:09.143,2.31914,2.31996,1.00,1.00
2015.11.24 04:14:09.983,2.31924,2.32006,1.00,1.50
2015.11.24 04:14:22.331,2.31914,2.31996,1.75,1.00
2015.11.24 04:14:25.275,2.31924,2.32006,1.00,1.00
2015.11.24 04:14:27.370,2.31924,2.31998,1.00,1.00
2015.11.24 04:14:27.844,2.31924,2.32006,1.00,1.00
2015.11.24 04:14:40.326,2.31923,2.32007,1.00,1.00
2015.11.24 04:14:47.630,2.31913,2.31997,1.75,1.00
2015.11.24 04:14:51.109,2.31924,2.32006,1.00,1.00
2015.11.24 04:15:00.601,2.31923,2.32007,1.00,1.00
2015.11.24 04:15:00.904,2.31923,2.32007,1.75,1.00
2015.11.24 04:15:01.816,2.31934,2.32014,1.00,1.00
2015.11.24 04:15:02.363,2.31934,2.32013,1.00,1.00
2015.11.24 04:15:04.204,2.31934,2.32014,1.00,1.00
2015.11.24 04:15:04.797,2.31934,2.32008,1.00,1.00
2015.11.24 04:15:05.148,2.31934,2.32014,1.00,1.00
2015.11.24 04:15:05.748,2.31934,2.32013,1.00,1.00
2015.11.24 04:15:06.901,2.31934,2.32016,1.00,1.00
2015.11.24 04:15:07.855,2.31933,2.32017,1.00,1.50
2015.11.24 04:15:23.142,2.31933,2.32008,1.00,1.00
2015.11.24 04:15:23.250,2.31933,2.32017,1.00,1.00
2015.11.24 04:15:23.401,2.31933,2.32008,1.00,1.00
2015.11.24 04:15:24.863,2.31933,2.32008,1.00,1.50
2015.11.24 04:15:25.020,2.31924,2.32006,1.00,1.12
2015.11.24 04:15:44.478,2.31934,2.32016,1.00,1.75
2015.11.24 04:15:44.680,2.31953,2.32037,1.00,1.37
2015.11.24 04:15:45.184,2.31954,2.32036,1.00,1.12
2015.11.24 04:15:45.850,2.31953,2.32037,1.50,1.00
2015.11.24 04:15:46.444,2.31946,2.32027,1.75,1.00
2015.11.24 04:15:46.494,2.31943,2.32027,1.50,1.00
2015.11.24 04:16:00.875,2.31954,2.32036,1.00,1.50
2015.11.24 04:16:01.727,2.31954,2.32036,1.00,1.00
2015.11.24 04:16:18.949,2.31954,2.32036,1.37,1.00
2015.11.24 04:16:20.954,2.31954,2.32036,1.00,1.00
2015.11.24 04:16:34.509,2.31953,2.32037,1.00,1.12
2015.11.24 04:16:49.400,2.31954,2.32036,1.00,1.00
2015.11.24 04:17:08.390,2.31953,2.32037,1.00,1.00
2015.11.24 04:17:09.911,2.31953,2.32036,1.00,1.75
2015.11.24 04:17:09.962,2.31933,2.32017,1.75,1.00
2015.11.24 04:17:10.062,2.31933,2.32009,1.75,1.00
2015.11.24 04:17:10.113,2.31933,2.32009,1.00,1.00
2015.11.24 04:17:10.164,2.31923,2.32007,1.00,1.00
2015.11.24 04:17:18.947,2.31924,2.32006,1.00,1.00
2015.11.24 04:17:19.325,2.31924,2.32006,1.75,1.00
2015.11.24 04:17:20.085,2.31933,2.32017,1.00,1.50
2015.11.24 04:17:20.377,2.31927,2.32006,1.75,1.00
2015.11.24 04:17:21.754,2.31933,2.32006,1.00,1.00
2015.11.24 04:17:22.056,2.31954,2.32036,1.00,1.12
2015.11.24 04:17:22.697,2.31953,2.32037,1.00,1.37
2015.11.24 04:17:28.432,2.31954,2.32036,1.00,1.12
2015.11.24 04:17:28.962,2.31954,2.32036,1.37,1.00
2015.11.24 04:17:30.833,2.31964,2.32042,1.00,1.00
2015.11.24 04:17:30.985,2.31953,2.32037,1.50,1.00
2015.11.24 04:17:32.370,2.31961,2.32037,1.00,1.00
2015.11.24 04:17:33.181,2.31954,2.32036,1.37,1.00
2015.11.24 04:17:33.283,2.31962,2.32037,1.00,1.00
2015.11.24 04:17:33.384,2.31953,2.32037,1.50,1.00
2015.11.24 04:17:35.835,2.31954,2.32036,1.37,1.00
2015.11.24 04:17:37.871,2.31952,2.32027,1.75,1.00
2015.11.24 04:17:38.073,2.31952,2.32027,1.00,1.00
2015.11.24 04:17:40.617,2.31953,2.32036,1.00,1.50
2015.11.24 04:17:41.607,2.31954,2.32036,1.00,2.25
2015.11.24 04:17:42.724,2.31952,2.32027,1.00,1.00
2015.11.24 04:17:43.268,2.31951,2.32027,1.00,1.00
2015.11.24 04:17:45.939,2.31952,2.32027,1.00,1.00
2015.11.24 04:17:46.459,2.31951,2.32027,1.00,1.00
2015.11.24 04:17:50.427,2.31952,2.32027,1.00,1.00
2015.11.24 04:17:51.958,2.31954,2.32033,1.00,1.00
2015.11.24 04:17:52.361,2.31953,2.32037,1.00,2.25
2015.11.24 04:17:53.072,2.31954,2.32036,1.00,1.50
2015.11.24 04:17:53.287,2.31962,2.32036,1.00,1.50
2015.11.24 04:17:59.443,2.31953,2.32037,1.00,2.25
2015.11.24 04:18:04.598,2.31951,2.32027,1.00,1.00
2015.11.24 04:18:05.168,2.31952,2.32027,1.00,1.00
2015.11.24 04:18:05.697,2.31951,2.32027,1.00,1.00
2015.11.24 04:18:06.179,2.31954,2.32032,1.00,1.00
2015.11.24 04:18:06.382,2.31954,2.32036,1.00,1.50
2015.11.24 04:18:06.885,2.31954,2.32036,1.00,1.00
2015.11.24 04:18:07.312,2.31962,2.32037,1.00,1.00
2015.11.24 04:18:07.413,2.31953,2.32037,1.00,1.00
2015.11.24 04:18:08.810,2.31962,2.32037,1.00,1.00
2015.11.24 04:18:09.362,2.31962,2.32036,1.00,1.00
2015.11.24 04:18:10.227,2.31954,2.32036,1.00,1.00
2015.11.24 04:18:11.218,2.31963,2.32045,1.00,1.37
2015.11.24 04:18:13.209,2.31962,2.32036,1.00,1.00
2015.11.24 04:18:13.777,2.31961,2.32036,1.00,1.00
2015.11.24 04:18:14.369,2.31954,2.32036,1.00,1.00
2015.11.24 04:18:21.111,2.31953,2.32037,1.00,1.00
2015.11.24 04:18:24.636,2.31962,2.32037,1.00,1.00
2015.11.24 04:18:25.391,2.31963,2.3204,1.00,1.00
2015.11.24 04:18:27.945,2.31962,2.32037,1.00,1.00
2015.11.24 04:18:28.184,2.31953,2.32037,1.00,1.00
2015.11.24 04:18:30.488,2.31963,2.32041,1.00,1.12
2015.11.24 04:18:37.197,2.31954,2.32036,1.00,1.00
2015.11.24 04:18:46.521,2.31963,2.32044,1.00,1.75
2015.11.24 04:18:47.963,2.31962,2.32037,1.00,1.00
2015.11.24 04:18:48.489,2.31961,2.32037,1.00,1.00
2015.11.24 04:18:48.830,2.31964,2.32036,1.00,1.00
2015.11.24 04:18:49.131,2.31944,2.32026,1.00,1.00
2015.11.24 04:18:49.656,2.31943,2.32027,1.00,1.00
2015.11.24 04:18:55.761,2.31944,2.32026,1.00,1.00
2015.11.24 04:19:04.343,2.31953,2.32031,1.00,1.75
2015.11.24 04:19:05.797,2.31943,2.32027,1.00,1.00
2015.11.24 04:19:12.699,2.31953,2.32036,1.00,1.75
2015.11.24 04:19:12.850,2.31953,2.32036,1.00,1.12
2015.11.24 04:19:12.952,2.31962,2.32037,1.00,1.37
2015.11.24 04:19:13.359,2.31964,2.32045,1.00,1.75
2015.11.24 04:19:16.203,2.31963,2.32037,1.00,1.37
2015.11.24 04:19:27.815,2.31963,2.32037,1.00,1.00
2015.11.24 04:19:27.916,2.31961,2.32036,1.00,1.00
2015.11.24 04:19:28.336,2.31963,2.32045,1.00,1.12
2015.11.24 04:19:29.373,2.31961,2.32037,1.00,1.00
2015.11.24 04:19:37.449,2.31963,2.32044,1.00,1.00
2015.11.24 04:19:39.558,2.31953,2.32037,1.37,1.00
2015.11.24 04:19:43.970,2.31961,2.32037,1.00,1.00
2015.11.24 04:19:52.253,2.31953,2.32037,1.37,1.00
2015.11.24 04:19:56.135,2.31963,2.3204,1.00,1.00
2015.11.24 04:19:56.455,2.31963,2.32042,1.00,1.00
2015.11.24 04:19:56.757,2.31963,2.32047,1.00,1.00
2015.11.24 04:19:57.075,2.31972,2.32047,1.00,1.00
2015.11.24 04:19:57.284,2.31963,2.32047,1.00,1.00
2015.11.24 04:20:09.730,2.31971,2.32047,1.00,1.00
2015.11.24 04:20:10.679,2.31971,2.32046,1.00,1.00
2015.11.24 04:20:25.590,2.31972,2.32046,1.00,1.00
2015.11.24 04:20:29.298,2.31964,2.32046,1.00,1.00
2015.11.24 04:20:30.794,2.3197,2.32046,1.00,1.00
2015.11.24 04:20:30.945,2.31984,2.32066,1.00,1.87
2015.11.24 04:20:31.147,2.31993,2.32066,1.00,1.12
2015.11.24 04:20:31.348,2.31973,2.32057,1.00,1.00
2015.11.24 04:20:31.499,2.31973,2.32057,1.00,1.75
2015.11.24 04:20:32.573,2.31974,2.32056,1.00,1.50
2015.11.24 04:20:32.876,2.31984,2.32056,1.00,1.50
2015.11.24 04:20:33.881,2.31974,2.32056,1.00,1.50
2015.11.24 04:20:34.133,2.31974,2.32053,1.00,1.00
2015.11.24 04:20:34.195,2.31964,2.32046,1.00,1.00
2015.11.24 04:20:34.246,2.31971,2.32046,1.00,1.00
2015.11.24 04:20:34.354,2.31973,2.32053,1.00,1.00
2015.11.24 04:20:35.058,2.31974,2.32053,1.00,1.00
2015.11.24 04:20:36.138,2.31974,2.32052,1.00,1.00
2015.11.24 04:20:37.226,2.31974,2.32049,1.00,1.75
2015.11.24 04:20:37.646,2.31963,2.32047,1.00,1.75
2015.11.24 04:20:37.747,2.31971,2.32047,1.00,1.75
2015.11.24 04:20:37.849,2.31963,2.32047,1.00,1.75
2015.11.24 04:20:38.408,2.31971,2.32047,1.00,1.00
2015.11.24 04:20:38.710,2.31974,2.32056,1.00,1.75
2015.11.24 04:20:39.255,2.31973,2.32054,1.00,1.75
2015.11.24 04:20:44.315,2.31974,2.32055,1.00,1.75
2015.11.24 04:20:57.636,2.31974,2.32046,1.00,1.00
2015.11.24 04:20:58.841,2.31974,2.32052,1.00,1.75
2015.11.24 04:20:58.944,2.31964,2.32046,1.00,1.75
2015.11.24 04:21:03.806,2.31972,2.32046,1.00,1.75
2015.11.24 04:21:04.208,2.31964,2.32046,1.00,1.75
2015.11.24 04:21:04.623,2.31964,2.32041,1.00,1.37
2015.11.24 04:21:04.774,2.31961,2.32034,1.00,1.75
2015.11.24 04:21:04.926,2.31954,2.32034,1.00,1.75
2015.11.24 04:21:12.695,2.31953,2.32035,1.00,1.75
2015.11.24 04:21:20.665,2.31953,2.32034,1.00,1.75
2015.11.24 04:21:23.806,2.31952,2.32024,1.00,1.00
2015.11.24 04:21:24.129,2.31934,2.32013,1.00,1.00
2015.11.24 04:21:24.654,2.31934,2.32014,1.00,1.00
2015.11.24 04:21:29.408,2.31934,2.32013,1.00,1.00
2015.11.24 04:21:29.916,2.31934,2.32014,1.00,1.00
2015.11.24 04:21:30.629,2.31941,2.32014,1.00,1.00
2015.11.24 04:21:35.027,2.31941,2.32015,1.00,1.12
2015.11.24 04:21:37.722,2.31941,2.32014,1.00,1.00
2015.11.24 04:21:40.722,2.31941,2.32014,1.00,1.50
2015.11.24 04:21:48.906,2.31933,2.32015,1.00,1.75
2015.11.24 04:21:56.535,2.31942,2.32016,1.00,1.75
2015.11.24 04:21:56.737,2.31933,2.32017,1.00,1.75
2015.11.24 04:22:02.908,2.31941,2.32016,1.00,1.50
2015.11.24 04:22:04.314,2.31942,2.32016,1.00,1.50
2015.11.24 04:22:08.125,2.31941,2.32017,1.00,1.75
2015.11.24 04:22:08.837,2.31942,2.32017,1.00,1.75
2015.11.24 04:22:13.884,2.31941,2.32017,1.00,1.75
2015.11.24 04:22:20.680,2.31941,2.32017,1.00,1.12
2015.11.24 04:22:21.187,2.31942,2.32017,1.00,1.12
2015.11.24 04:22:21.717,2.31941,2.32017,1.00,1.12
2015.11.24 04:22:23.313,2.31943,2.32022,1.00,1.75
2015.11.24 04:22:25.322,2.31952,2.32022,1.00,1.75
2015.11.24 04:22:31.943,2.31943,2.32025,1.00,1.75
2015.11.24 04:22:40.763,2.31943,2.32026,1.00,1.75
2015.11.24 04:22:44.483,2.31944,2.32026,1.00,1.75
2015.11.24 04:22:45.532,2.31943,2.32027,1.00,1.75
2015.11.24 04:22:55.516,2.31952,2.32027,1.00,1.75
2015.11.24 04:22:55.718,2.31951,2.32026,1.00,1.12
2015.11.24 04:22:55.769,2.31954,2.32026,1.00,1.12
2015.11.24 04:22:59.343,2.31953,2.32027,1.00,1.37
2015.11.24 04:23:02.497,2.31951,2.32027,1.00,1.37
2015.11.24 04:23:09.651,2.31952,2.32026,1.00,1.12
2015.11.24 04:23:10.353,2.31951,2.32026,1.00,1.12
2015.11.24 04:23:10.872,2.31952,2.32026,1.00,1.00
2015.11.24 04:23:12.296,2.31953,2.32032,1.00,1.37
2015.11.24 04:23:21.897,2.31952,2.32027,1.00,1.00
2015.11.24 04:23:22.404,2.31961,2.32026,1.00,1.00
2015.11.24 04:23:22.505,2.31961,2.32036,1.00,1.75
2015.11.24 04:23:22.757,2.31963,2.32044,1.00,1.75
2015.11.24 04:23:23.060,2.31964,2.32044,1.00,1.75
2015.11.24 04:23:23.110,2.31971,2.32045,1.00,1.75
2015.11.24 04:23:23.161,2.31971,2.32046,1.00,1.50
2015.11.24 04:23:23.679,2.31972,2.32046,1.00,1.50
2015.11.24 04:23:32.023,2.31972,2.32037,1.00,1.00
2015.11.24 04:23:32.300,2.31972,2.32042,1.00,1.00
2015.11.24 04:23:35.209,2.31972,2.32037,1.00,1.00
2015.11.24 04:23:35.839,2.31961,2.32037,1.00,1.00
2015.11.24 04:23:35.940,2.31971,2.32037,1.00,1.00
2015.11.24 04:23:36.422,2.31961,2.32037,1.00,1.00
2015.11.24 04:23:37.182,2.31962,2.32037,1.00,1.00
2015.11.24 04:23:39.459,2.31961,2.32037,1.00,1.00
2015.11.24 04:23:39.560,2.31963,2.32042,1.00,1.12
2015.11.24 04:23:40.088,2.31961,2.32037,1.00,1.00
2015.11.24 04:23:42.642,2.31972,2.32037,1.00,1.00
2015.11.24 04:23:42.865,2.31971,2.32045,1.00,1.75
2015.11.24 04:23:43.216,2.31971,2.32037,1.00,1.00
2015.11.24 04:23:44.396,2.31971,2.32036,1.00,1.00
2015.11.24 04:23:51.892,2.31972,2.32046,1.00,1.75
2015.11.24 04:23:52.642,2.31972,2.32036,1.00,1.00
2015.11.24 04:23:53.281,2.31971,2.32036,1.00,1.00
2015.11.24 04:23:53.552,2.31971,2.32043,1.00,1.37
2015.11.24 04:23:54.286,2.31972,2.32046,1.00,1.75
2015.11.24 04:23:54.790,2.31971,2.32046,1.00,1.75
2015.11.24 04:23:57.254,2.31972,2.32046,1.00,1.75
2015.11.24 04:23:57.758,2.31971,2.32047,1.00,1.75
2015.11.24 04:24:00.345,2.31982,2.32046,1.00,1.75
2015.11.24 04:24:00.446,2.31981,2.32053,1.00,1.37
2015.11.24 04:24:00.960,2.31982,2.32055,1.00,1.75
2015.11.24 04:24:01.119,2.31982,2.32047,1.00,1.00
2015.11.24 04:24:01.371,2.31972,2.32047,1.00,1.00
2015.11.24 04:24:01.481,2.31974,2.32052,1.00,1.37
2015.11.24 04:24:04.407,2.31972,2.32046,1.00,1.00
2015.11.24 04:24:04.993,2.31971,2.32046,1.00,1.37
2015.11.24 04:24:05.394,2.31972,2.32046,1.00,1.75
2015.11.24 04:24:05.910,2.31971,2.32046,1.00,1.75
2015.11.24 04:24:08.722,2.31964,2.32046,1.00,1.75
2015.11.24 04:24:11.339,2.31972,2.32046,1.00,1.75
2015.11.24 04:24:11.641,2.31972,2.32036,1.00,1.00
2015.11.24 04:24:12.452,2.31971,2.32046,1.00,1.75
2015.11.24 04:24:15.090,2.31964,2.32046,1.00,1.75
2015.11.24 04:24:17.173,2.31963,2.32047,1.00,1.75
2015.11.24 04:24:18.462,2.31964,2.32046,1.00,1.75
2015.11.24 04:24:18.616,2.31962,2.32036,1.00,1.00
2015.11.24 04:24:19.168,2.31964,2.32046,1.00,1.75
2015.11.24 04:24:22.809,2.31962,2.32037,1.00,1.00
2015.11.24 04:24:23.905,2.31963,2.32037,1.00,1.00
2015.11.24 04:24:24.006,2.31964,2.32044,1.00,1.50
2015.11.24 04:24:24.423,2.31971,2.32044,1.00,1.50
2015.11.24 04:24:28.308,2.31961,2.32027,1.00,1.00
2015.11.24 04:24:32.917,2.31961,2.32026,1.00,1.00
2015.11.24 04:24:33.119,2.31961,2.32037,1.00,1.00
2015.11.24 04:24:33.577,2.31952,2.32027,1.00,1.00
2015.11.24 04:24:34.473,2.31961,2.32027,1.00,1.00
2015.11.24 04:24:37.633,2.31961,2.32026,1.00,1.00
2015.11.24 04:24:38.983,2.31951,2.32026,1.00,1.00
2015.11.24 04:24:42.483,2.31951,2.32027,1.00,1.00
2015.11.24 04:24:44.893,2.31951,2.32026,1.00,1.00
2015.11.24 04:24:44.994,2.31961,2.32026,1.00,1.00
2015.11.24 04:24:45.210,2.31961,2.32036,1.00,1.75
2015.11.24 04:24:46.508,2.31961,2.32037,1.00,1.00
2015.11.24 04:24:46.660,2.31964,2.32046,1.00,1.00
2015.11.24 04:24:48.111,2.31971,2.32046,1.00,1.00
2015.11.24 04:24:48.864,2.31962,2.32037,1.00,1.00
2015.11.24 04:24:49.172,2.31962,2.32037,1.00,1.37
2015.11.24 04:24:52.177,2.31972,2.32043,1.00,2.25
2015.11.24 04:24:56.486,2.31962,2.32036,1.00,1.37
2015.11.24 04:24:56.537,2.31962,2.32026,1.00,1.00
2015.11.24 04:24:56.588,2.31962,2.32037,1.00,1.37
2015.11.24 04:25:02.180,2.31972,2.32037,1.00,1.37
2015.11.24 04:25:02.697,2.31971,2.32037,1.00,1.00
2015.11.24 04:25:02.848,2.31971,2.32047,1.00,1.12
2015.11.24 04:25:02.949,2.31963,2.32047,1.00,1.12
2015.11.24 04:25:03.706,2.31972,2.32047,1.00,1.12
2015.11.24 04:25:04.211,2.31973,2.32047,1.00,1.12
2015.11.24 04:25:05.302,2.31971,2.32037,1.00,1.00
2015.11.24 04:25:05.353,2.31961,2.32037,1.00,1.37
2015.11.24 04:25:07.162,2.31963,2.32047,1.00,1.00
2015.11.24 04:25:07.469,2.31972,2.32047,1.00,1.00
2015.11.24 04:25:08.140,2.31972,2.32036,1.00,1.00
2015.11.24 04:25:08.707,2.31961,2.32037,1.00,1.00
2015.11.24 04:25:10.402,2.31971,2.32037,1.00,1.00
2015.11.24 04:25:10.960,2.31971,2.32047,1.00,1.00
2015.11.24 04:25:13.180,2.31971,2.32046,1.00,1.00
2015.11.24 04:25:13.702,2.31972,2.32046,1.00,1.00
2015.11.24 04:25:20.521,2.31971,2.32046,1.00,1.00
2015.11.24 04:25:20.672,2.31971,2.32037,1.00,1.00
2015.11.24 04:25:21.080,2.31992,2.32047,1.00,1.00
2015.11.24 04:25:21.231,2.31991,2.32067,1.00,1.37
2015.11.24 04:25:22.536,2.31983,2.32067,1.00,1.37
2015.11.24 04:25:22.737,2.31981,2.32057,1.00,1.00
2015.11.24 04:25:23.039,2.31991,2.32057,1.00,1.00
2015.11.24 04:25:23.392,2.31991,2.32064,1.00,1.00
2015.11.24 04:25:25.031,2.31983,2.32064,1.00,1.00
2015.11.24 04:25:25.181,2.31974,2.32056,1.00,1.00
2015.11.24 04:25:27.152,2.31973,2.32057,1.00,1.00
2015.11.24 04:25:27.760,2.31974,2.32056,1.00,1.00
2015.11.24 04:25:28.568,2.31972,2.32046,1.12,1.00
2015.11.24 04:25:29.873,2.31974,2.32056,1.00,1.00
2015.11.24 04:25:31.550,2.31982,2.32057,1.00,1.00
2015.11.24 04:25:31.961,2.31973,2.32057,1.00,1.00
2015.11.24 04:25:32.407,2.31973,2.32047,1.00,1.00
2015.11.24 04:25:34.161,2.31972,2.32046,1.12,1.00
2015.11.24 04:25:38.891,2.31973,2.32047,1.00,1.00
2015.11.24 04:25:40.329,2.31974,2.32056,1.00,1.00
2015.11.24 04:25:40.480,2.31971,2.32047,1.00,1.00
2015.11.24 04:25:41.257,2.31972,2.32047,1.00,1.00
2015.11.24 04:25:45.515,2.31971,2.32047,1.00,1.00
2015.11.24 04:25:51.799,2.31972,2.32047,1.00,1.00
2015.11.24 04:25:52.101,2.31961,2.32037,1.00,1.00
2015.11.24 04:25:52.612,2.31961,2.32036,1.00,1.00
2015.11.24 04:25:55.864,2.31962,2.32037,1.00,1.00
2015.11.24 04:25:57.951,2.31961,2.32037,1.00,1.00
2015.11.24 04:25:58.882,2.31963,2.32047,1.00,1.00
2015.11.24 04:26:01.711,2.31971,2.32047,1.00,1.00
2015.11.24 04:26:05.291,2.31971,2.32037,1.00,1.00
2015.11.24 04:26:10.386,2.31962,2.32037,1.00,1.00
2015.11.24 04:26:10.488,2.31962,2.32026,1.00,1.00
2015.11.24 04:26:10.872,2.31962,2.32036,1.00,1.00
2015.11.24 04:26:13.794,2.31962,2.32026,1.00,1.00
2015.11.24 04:26:16.853,2.31962,2.32037,1.00,1.00
2015.11.24 04:26:17.442,2.31962,2.32036,1.00,1.00
2015.11.24 04:26:17.720,2.31963,2.32047,1.00,1.37
2015.11.24 04:26:17.771,2.31971,2.32047,1.00,1.37
2015.11.24 04:26:23.130,2.31971,2.32037,1.00,1.00
2015.11.24 04:26:23.805,2.31972,2.32037,1.00,1.00
2015.11.24 04:26:34.267,2.31981,2.32046,1.00,1.00
2015.11.24 04:26:34.469,2.31971,2.32046,1.00,1.00
2015.11.24 04:26:45.000,2.31982,2.32056,1.00,1.75
2015.11.24 04:26:45.587,2.31974,2.32056,1.00,1.75
2015.11.24 04:26:45.688,2.31973,2.32047,1.00,1.00
2015.11.24 04:26:48.190,2.31981,2.32047,1.00,1.00
2015.11.24 04:26:50.310,2.31981,2.32047,1.00,1.37
2015.11.24 04:26:53.800,2.31971,2.32047,1.00,1.37
2015.11.24 04:27:00.210,2.31972,2.32047,1.00,1.37
2015.11.24 04:27:00.556,2.31982,2.32046,1.00,1.12
2015.11.24 04:27:01.544,2.31972,2.32046,1.00,1.12
2015.11.24 04:27:09.813,2.31973,2.32056,1.00,1.50
2015.11.24 04:27:33.513,2.31982,2.32057,1.00,1.75
2015.11.24 04:27:33.665,2.31982,2.32057,1.00,1.00
2015.11.24 04:27:36.858,2.31981,2.32057,1.00,1.00
2015.11.24 04:27:42.558,2.31981,2.32056,1.00,1.00
2015.11.24 04:27:57.445,2.31981,2.32057,1.00,1.00
2015.11.24 04:28:04.858,2.31981,2.32046,1.00,1.00
2015.11.24 04:28:09.352,2.31981,2.32056,1.00,1.00
2015.11.24 04:28:14.301,2.31974,2.32056,1.00,1.00
2015.11.24 04:28:15.748,2.31973,2.32057,1.00,1.00
2015.11.24 04:28:37.444,2.31972,2.32047,1.00,1.00
2015.11.24 04:28:38.297,2.31971,2.32047,1.00,1.00
2015.11.24 04:28:38.735,2.31974,2.32046,1.00,1.00
2015.11.24 04:28:44.278,2.31973,2.32057,1.00,1.00
2015.11.24 04:28:47.355,2.31982,2.32057,1.00,1.00
2015.11.24 04:28:48.424,2.31973,2.32057,1.00,1.00
2015.11.24 04:28:49.526,2.31982,2.32057,1.00,1.00
2015.11.24 04:28:49.785,2.31973,2.32057,1.00,1.00
2015.11.24 04:28:52.047,2.31981,2.32057,1.00,1.00
2015.11.24 04:28:58.079,2.31973,2.32057,1.00,1.00
2015.11.24 04:29:05.395,2.31974,2.32046,1.00,1.00
2015.11.24 04:29:16.578,2.31973,2.32057,1.00,1.00
2015.11.24 04:29:27.407,2.31974,2.32056,1.00,1.00
2015.11.24 04:29:39.150,2.31974,2.32056,1.00,1.37
2015.11.24 04:29:39.453,2.31972,2.32047,1.00,1.00
2015.11.24 04:29:41.656,2.31974,2.32056,1.00,1.50
2015.11.24 04:29:59.735,2.31974,2.32056,1.12,1.00
2015.11.24 04:30:02.119,2.31973,2.32057,1.37,1.00
2015.11.24 04:30:09.269,2.31971,2.32046,1.75,1.00
2015.11.24 04:30:09.816,2.31971,2.32047,1.75,1.00
2015.11.24 04:30:10.329,2.31971,2.32046,1.75,1.00
2015.11.24 04:30:14.479,2.31971,2.32047,1.75,1.00
2015.11.24 04:30:20.681,2.31972,2.32047,1.00,1.00
2015.11.24 04:30:21.230,2.31973,2.32055,1.00,1.00
2015.11.24 04:30:26.082,2.31973,2.32057,1.00,1.00
2015.11.24 04:30:26.605,2.31974,2.32056,1.00,1.00
2015.11.24 04:30:26.757,2.31981,2.32056,1.00,1.00
2015.11.24 04:30:27.406,2.31984,2.32064,1.00,2.25
2015.11.24 04:30:39.517,2.31983,2.32066,1.00,1.75
2015.11.24 04:30:41.158,2.31983,2.32066,1.00,1.00
2015.11.24 04:30:47.437,2.31984,2.32066,1.00,1.50
2015.11.24 04:30:54.536,2.31984,2.32066,1.50,1.00
2015.11.24 04:30:55.046,2.31983,2.32067,1.75,1.00
2015.11.24 04:31:18.693,2.31982,2.32057,1.37,1.00
2015.11.24 04:31:18.744,2.31982,2.32057,1.00,1.00
2015.11.24 04:31:19.283,2.31981,2.32057,1.00,1.00
2015.11.24 04:31:19.865,2.31982,2.32057,1.00,1.00
2015.11.24 04:31:20.772,2.31982,2.32056,1.00,1.00
2015.11.24 04:31:23.202,2.31984,2.32056,1.00,1.00
2015.11.24 04:31:28.407,2.31981,2.32056,1.00,1.00
2015.11.24 04:31:30.466,2.31981,2.32057,1.00,1.00
2015.11.24 04:31:32.525,2.31982,2.32057,1.00,1.00
2015.11.24 04:31:33.087,2.31981,2.32057,1.00,1.00
2015.11.24 04:31:35.661,2.31981,2.32056,1.00,1.00
2015.11.24 04:31:44.459,2.31981,2.32057,1.00,1.00
2015.11.24 04:31:45.009,2.31981,2.32056,1.00,1.00
2015.11.24 04:32:01.575,2.31981,2.32057,1.00,1.00
2015.11.24 04:32:02.600,2.31982,2.32057,1.00,1.00
2015.11.24 04:32:03.445,2.31982,2.32056,1.00,1.00
2015.11.24 04:32:04.105,2.31982,2.32057,1.00,1.00
2015.11.24 04:32:05.255,2.31982,2.32056,1.00,1.00
2015.11.24 04:32:07.735,2.31982,2.32065,1.00,1.50
2015.11.24 04:32:13.003,2.31982,2.32063,1.00,1.00
2015.11.24 04:32:13.054,2.31981,2.32057,1.00,1.00
2015.11.24 04:32:17.966,2.31981,2.32056,1.00,1.00
2015.11.24 04:32:18.471,2.31981,2.32057,1.00,1.00
2015.11.24 04:32:19.308,2.31984,2.32063,1.00,1.00
2015.11.24 04:32:22.288,2.31982,2.32056,1.00,1.00
2015.11.24 04:32:36.145,2.31982,2.32057,1.00,1.00
2015.11.24 04:32:40.185,2.31981,2.32057,1.00,1.00
2015.11.24 04:32:46.171,2.31984,2.32062,1.00,1.00
2015.11.24 04:32:46.372,2.31983,2.32057,1.00,1.00
2015.11.24 04:32:46.564,2.31984,2.32062,1.00,1.00
2015.11.24 04:32:46.894,2.31981,2.32056,1.00,1.00
2015.11.24 04:32:47.410,2.31981,2.32057,1.00,1.00
2015.11.24 04:32:55.291,2.31981,2.32056,1.00,1.00
2015.11.24 04:32:56.004,2.31981,2.32057,1.00,1.00
2015.11.24 04:32:56.574,2.31981,2.32056,1.00,1.00
2015.11.24 04:32:57.234,2.31981,2.32057,1.00,1.00
2015.11.24 04:32:57.894,2.31981,2.32056,1.00,1.00
2015.11.24 04:32:59.129,2.31981,2.32057,1.00,1.00
2015.11.24 04:32:59.874,2.31981,2.32056,1.00,1.00
2015.11.24 04:33:00.547,2.31981,2.32057,1.00,1.00
2015.11.24 04:33:02.195,2.31981,2.32056,1.00,1.00
2015.11.24 04:33:17.065,2.31981,2.32057,1.00,1.00
2015.11.24 04:33:18.134,2.31981,2.32056,1.00,1.00
2015.11.24 04:33:25.325,2.31981,2.32057,1.00,1.00
2015.11.24 04:33:25.855,2.31981,2.32056,1.00,1.00
2015.11.24 04:33:30.790,2.31984,2.32056,1.00,1.00
2015.11.24 04:33:36.503,2.31983,2.32067,1.00,1.00
2015.11.24 04:33:48.758,2.31991,2.32067,1.00,1.00
2015.11.24 04:33:50.922,2.31994,2.32076,1.00,1.00
2015.11.24 04:33:50.973,2.31994,2.32076,1.37,1.00
2015.11.24 04:33:51.074,2.32004,2.32086,1.00,1.00
2015.11.24 04:33:51.276,2.32012,2.32087,1.00,1.00
2015.11.24 04:33:51.477,2.32014,2.32093,1.00,1.50
2015.11.24 04:33:51.578,2.32011,2.32086,1.00,1.00
2015.11.24 04:33:52.563,2.32012,2.32086,1.00,1.00
2015.11.24 04:33:55.408,2.32012,2.32087,1.00,1.00
2015.11.24 04:33:56.175,2.32012,2.32086,1.00,1.00
2015.11.24 04:33:56.726,2.32011,2.32086,1.00,1.00
2015.11.24 04:33:56.776,2.32014,2.32091,1.00,1.12
2015.11.24 04:33:57.960,2.32014,2.3209,1.00,1.00
2015.11.24 04:34:07.374,2.32014,2.32092,1.00,1.37
2015.11.24 04:34:08.322,2.32012,2.32087,1.00,1.00
2015.11.24 04:34:15.501,2.32012,2.32077,1.00,1.00
2015.11.24 04:34:15.672,2.32011,2.32086,1.00,1.50
2015.11.24 04:34:16.688,2.32011,2.32087,1.00,1.12
2015.11.24 04:34:17.243,2.32012,2.32086,1.00,1.00
2015.11.24 04:34:19.733,2.32011,2.32086,1.00,1.00
2015.11.24 04:34:21.425,2.32014,2.32096,1.00,1.00
2015.11.24 04:34:23.966,2.32013,2.32096,1.00,1.00
2015.11.24 04:34:28.610,2.32013,2.32097,1.00,1.00
2015.11.24 04:34:43.030,2.32013,2.32096,1.00,1.00
2015.11.24 04:34:43.925,2.32014,2.32096,1.00,1.50
2015.11.24 04:34:43.977,2.32012,2.32086,1.00,1.00
2015.11.24 04:34:57.824,2.32012,2.32087,1.00,1.00
2015.11.24 04:34:59.896,2.32003,2.32087,1.00,1.00
2015.11.24 04:35:00.798,2.32004,2.32086,1.00,1.00
2015.11.24 04:35:02.660,2.32012,2.32086,1.00,1.00
2015.11.24 04:35:34.315,2.32012,2.32087,1.00,1.00
2015.11.24 04:35:40.286,2.32013,2.32097,1.00,1.87
2015.11.24 04:35:40.805,2.32013,2.32096,1.00,1.00
2015.11.24 04:35:42.390,2.32011,2.32086,1.00,1.00
2015.11.24 04:35:43.047,2.32011,2.32087,1.00,1.00
2015.11.24 04:35:48.064,2.32011,2.32086,1.00,1.00
2015.11.24 04:35:54.802,2.32011,2.32087,1.00,1.00
2015.11.24 04:35:56.112,2.32003,2.32087,1.50,1.00
2015.11.24 04:35:56.263,2.32003,2.32087,1.50,1.00
2015.11.24 04:35:56.811,2.32004,2.32086,1.00,1.00
2015.11.24 04:36:02.595,2.32003,2.32087,1.12,1.00
2015.11.24 04:36:04.234,2.32004,2.32086,1.00,1.00
2015.11.24 04:36:20.768,2.32003,2.32087,1.00,1.00
2015.11.24 04:36:26.783,2.32004,2.32086,1.00,1.00
2015.11.24 04:36:36.023,2.32003,2.32077,1.00,1.00
2015.11.24 04:36:36.387,2.32012,2.32077,1.00,1.00
2015.11.24 04:36:47.353,2.32003,2.32077,1.00,1.00
2015.11.24 04:36:51.657,2.32011,2.32077,1.00,1.00
2015.11.24 04:36:58.353,2.32011,2.32087,1.00,1.00
2015.11.24 04:36:58.946,2.32003,2.32087,1.00,1.00
2015.11.24 04:37:01.659,2.32011,2.32087,1.00,1.00
2015.11.24 04:37:01.764,2.32003,2.32087,1.00,1.00
2015.11.24 04:37:02.533,2.32012,2.32087,1.00,1.00
2015.11.24 04:37:05.173,2.32012,2.32086,1.00,1.00
2015.11.24 04:37:05.747,2.32012,2.32087,1.00,1.00
2015.11.24 04:37:05.798,2.32003,2.32087,1.00,1.00
2015.11.24 04:37:18.698,2.32003,2.32087,1.00,1.37
2015.11.24 04:37:26.619,2.32004,2.32086,1.00,1.12
2015.11.24 04:37:34.982,2.32003,2.32077,1.00,1.00
2015.11.24 04:37:47.632,2.32003,2.32087,1.00,1.00
2015.11.24 04:37:56.493,2.32003,2.32087,1.00,1.37
2015.11.24 04:37:56.859,2.32003,2.32087,1.00,1.75
2015.11.24 04:37:58.302,2.32004,2.32086,1.00,1.75
2015.11.24 04:38:02.651,2.32004,2.32086,1.00,1.00
2015.11.24 04:38:05.452,2.32003,2.32087,1.00,1.00
2015.11.24 04:38:19.184,2.32004,2.32086,1.00,1.00
2015.11.24 04:38:19.355,2.32012,2.32086,1.00,1.00
2015.11.24 04:38:22.539,2.32004,2.32086,1.00,1.00
2015.11.24 04:38:25.362,2.32003,2.32087,1.00,1.00
2015.11.24 04:38:25.825,2.32012,2.32087,1.00,1.00
2015.11.24 04:38:28.222,2.32013,2.32094,1.00,1.00
2015.11.24 04:38:28.646,2.32012,2.32086,1.00,1.00
2015.11.24 04:38:37.132,2.32012,2.32087,1.00,1.00
2015.11.24 04:38:37.681,2.32012,2.32086,1.00,1.00
2015.11.24 04:38:38.285,2.32012,2.32087,1.00,1.00
2015.11.24 04:38:38.891,2.32012,2.32086,1.00,1.00
2015.11.24 04:38:39.441,2.32012,2.32087,1.00,1.00
2015.11.24 04:38:40.256,2.32012,2.32086,1.00,1.00
2015.11.24 04:38:40.777,2.32012,2.32087,1.00,1.00
2015.11.24 04:38:41.234,2.32003,2.32087,1.50,1.00
2015.11.24 04:38:41.335,2.32012,2.32086,1.00,1.00
2015.11.24 04:38:41.436,2.32004,2.32086,1.37,1.00
2015.11.24 04:38:45.161,2.32011,2.32086,1.00,1.00
2015.11.24 04:38:45.271,2.32004,2.32086,1.37,1.00
2015.11.24 04:38:45.711,2.32012,2.32086,1.00,1.00
2015.11.24 04:38:46.655,2.32004,2.32086,1.37,1.00
2015.11.24 04:38:51.882,2.32003,2.32087,1.50,1.00
2015.11.24 04:39:00.740,2.32003,2.32087,1.00,1.00
2015.11.24 04:39:04.550,2.32004,2.32086,1.00,1.00
2015.11.24 04:39:05.304,2.32012,2.32086,1.00,1.00
2015.11.24 04:39:06.919,2.32004,2.32086,1.00,1.00
2015.11.24 04:39:07.071,2.32011,2.32087,1.00,1.00
2015.11.24 04:39:07.172,2.32003,2.32087,1.00,1.00
2015.11.24 04:39:09.358,2.32001,2.32076,1.00,1.00
2015.11.24 04:39:09.789,2.32011,2.32076,1.00,1.00
2015.11.24 04:39:09.890,2.32002,2.32076,1.00,1.00
2015.11.24 04:39:09.993,2.32011,2.32076,1.00,1.00
2015.11.24 04:39:10.103,2.32001,2.32076,1.00,1.00
2015.11.24 04:39:12.554,2.32001,2.32077,1.00,1.00
2015.11.24 04:39:16.255,2.32012,2.32087,1.00,1.75
2015.11.24 04:39:16.307,2.32011,2.32087,1.12,1.00
2015.11.24 04:39:16.409,2.32032,2.32102,1.00,1.00
2015.11.24 04:39:16.459,2.32032,2.32106,1.00,1.50
2015.11.24 04:39:16.915,2.32032,2.32107,1.00,1.00
2015.11.24 04:39:19.307,2.32032,2.32097,1.00,1.00
2015.11.24 04:39:19.926,2.32032,2.32096,1.00,1.00
2015.11.24 04:39:20.178,2.32031,2.32106,1.00,1.00
2015.11.24 04:39:20.856,2.32032,2.32106,1.00,1.50
2015.11.24 04:39:21.397,2.32032,2.32105,1.00,1.00
2015.11.24 04:39:23.927,2.32032,2.32106,1.00,1.50
2015.11.24 04:39:24.130,2.32032,2.32096,1.00,1.00
2015.11.24 04:39:26.756,2.32031,2.32096,1.00,1.00
2015.11.24 04:39:30.549,2.32031,2.32105,1.00,1.00
2015.11.24 04:39:35.740,2.32031,2.32105,1.00,1.37
2015.11.24 04:39:36.761,2.32032,2.32105,1.00,1.75
2015.11.24 04:39:37.193,2.32023,2.32097,1.00,1.00
2015.11.24 04:39:37.344,2.32021,2.32097,1.00,1.00
2015.11.24 04:39:37.395,2.32021,2.32095,1.00,1.00
2015.11.24 04:39:37.957,2.32012,2.32086,1.00,1.00
2015.11.24 04:39:38.461,2.32011,2.32086,1.00,1.00
2015.11.24 04:39:39.229,2.32011,2.32087,1.00,1.00
2015.11.24 04:39:40.380,2.32011,2.32086,1.00,1.00
2015.11.24 04:39:43.361,2.32012,2.32086,1.00,1.00
2015.11.24 04:39:43.700,2.32022,2.32086,1.00,1.00
2015.11.24 04:39:43.801,2.32022,2.32097,1.00,1.50
2015.11.24 04:39:44.564,2.32022,2.32096,1.00,1.00
2015.11.24 04:39:45.080,2.32021,2.32096,1.00,1.00
2015.11.24 04:39:55.243,2.32021,2.32097,1.00,1.50
2015.11.24 04:39:58.423,2.32021,2.32096,1.50,1.00
2015.11.24 04:39:58.703,2.32024,2.32096,1.00,1.00
2015.11.24 04:39:58.906,2.32032,2.32106,1.00,1.00
2015.11.24 04:39:59.490,2.32031,2.32106,1.00,1.00
2015.11.24 04:40:01.533,2.32031,2.32096,1.00,1.00
2015.11.24 04:40:01.991,2.32031,2.32096,1.37,1.00
2015.11.24 04:40:02.191,2.32039,2.32116,1.37,1.00
2015.11.24 04:40:02.242,2.32051,2.32116,1.00,1.00
2015.11.24 04:40:02.293,2.32053,2.32127,1.00,1.00
2015.11.24 04:40:02.394,2.32053,2.32134,1.00,1.00
2015.11.24 04:40:02.500,2.32053,2.32137,1.00,1.00
2015.11.24 04:40:02.682,2.32061,2.32137,1.00,1.00
2015.11.24 04:40:03.276,2.32061,2.32136,1.00,1.00
2015.11.24 04:40:05.059,2.32064,2.32145,1.00,1.50
2015.11.24 04:40:05.211,2.32064,2.32146,1.00,1.00
2015.11.24 04:40:05.363,2.32072,2.32146,1.00,1.00
2015.11.24 04:40:06.355,2.32073,2.32157,1.00,1.75
2015.11.24 04:40:06.457,2.32082,2.32157,1.00,1.37
2015.11.24 04:40:06.742,2.32084,2.32156,1.00,1.00
2015.11.24 04:40:06.999,2.32082,2.32146,1.00,1.00
2015.11.24 04:40:07.258,2.32082,2.32157,1.00,1.00
2015.11.24 04:40:07.459,2.32084,2.32156,1.00,1.00
2015.11.24 04:40:08.909,2.32084,2.32166,1.00,1.50
2015.11.24 04:40:09.111,2.32081,2.32156,1.00,1.00
2015.11.24 04:40:09.649,2.32082,2.32156,1.00,1.00
2015.11.24 04:40:13.241,2.32074,2.32156,1.00,1.00
2015.11.24 04:40:13.839,2.32074,2.32153,1.00,1.00
2015.11.24 04:40:14.359,2.32074,2.32153,1.00,1.50
2015.11.24 04:40:15.623,2.32073,2.32153,1.00,1.50
2015.11.24 04:40:16.695,2.32071,2.32147,1.00,1.00
2015.11.24 04:40:17.026,2.32063,2.32147,1.00,1.00
2015.11.24 04:40:17.077,2.32073,2.32157,1.00,1.75
2015.11.24 04:40:17.281,2.32063,2.32147,1.00,1.00
2015.11.24 04:40:18.746,2.32071,2.32147,1.00,1.00
2015.11.24 04:40:18.797,2.32074,2.32156,1.00,1.75
2015.11.24 04:40:19.000,2.32083,2.32167,1.00,1.75
2015.11.24 04:40:19.202,2.32083,2.32167,1.00,1.75
2015.11.24 04:40:19.906,2.32073,2.32157,1.00,1.00
2015.11.24 04:40:20.007,2.32073,2.32157,1.00,1.37
2015.11.24 04:40:20.209,2.32063,2.32147,1.00,1.00
2015.11.24 04:40:21.343,2.32074,2.32156,1.00,1.75
2015.11.24 04:40:27.865,2.32073,2.32157,1.00,1.75
2015.11.24 04:40:34.110,2.32074,2.32156,1.00,1.75
2015.11.24 04:40:35.130,2.32074,2.32156,1.00,1.75
2015.11.24 04:40:35.559,2.32063,2.32147,1.00,1.00
2015.11.24 04:40:35.610,2.32074,2.32156,1.00,1.75
2015.11.24 04:40:40.178,2.32072,2.32147,1.00,1.00
2015.11.24 04:40:40.784,2.32071,2.32147,1.00,1.00
2015.11.24 04:40:41.308,2.32063,2.32147,1.00,1.00
2015.11.24 04:40:46.250,2.32072,2.32147,1.00,1.00
2015.11.24 04:40:53.637,2.32073,2.32157,1.00,1.75
2015.11.24 04:40:55.727,2.32072,2.32147,1.00,1.00
2015.11.24 04:40:59.674,2.32074,2.32156,1.00,1.75
2015.11.24 04:41:00.287,2.32072,2.32147,1.00,1.00
2015.11.24 04:41:00.338,2.32063,2.32147,1.00,1.00
2015.11.24 04:41:00.489,2.32061,2.32137,1.00,1.00
2015.11.24 04:41:01.294,2.32064,2.32146,1.00,1.75
2015.11.24 04:41:01.887,2.32063,2.32147,1.00,1.75
2015.11.24 04:41:10.477,2.32073,2.32153,1.00,1.75
2015.11.24 04:41:10.638,2.32073,2.32149,1.00,1.00
2015.11.24 04:41:10.689,2.32064,2.32146,1.00,1.00
2015.11.24 04:41:10.840,2.32074,2.32149,1.00,1.00
2015.11.24 04:41:12.777,2.32064,2.32146,1.00,1.00
2015.11.24 04:41:13.205,2.32064,2.32144,1.00,1.00
2015.11.24 04:41:13.508,2.32081,2.32154,1.00,1.50
2015.11.24 04:41:13.559,2.32074,2.32154,1.00,1.50
2015.11.24 04:41:13.660,2.32072,2.32146,1.00,1.00
2015.11.24 04:41:14.026,2.32064,2.32146,1.00,1.75
2015.11.24 04:41:14.559,2.32063,2.32147,1.00,1.75
2015.11.24 04:41:14.610,2.32066,2.32147,1.00,1.75
2015.11.24 04:41:14.812,2.32074,2.32155,1.00,1.37
2015.11.24 04:41:23.196,2.32073,2.32157,1.00,2.25
2015.11.24 04:41:23.732,2.32074,2.32156,1.00,1.50
2015.11.24 04:41:27.511,2.32082,2.32156,1.00,1.50
2015.11.24 04:41:27.663,2.32082,2.32156,1.00,1.12
2015.11.24 04:41:31.124,2.32081,2.32156,1.00,1.00
2015.11.24 04:41:33.130,2.32084,2.32162,1.00,1.00
2015.11.24 04:41:33.181,2.32084,2.32162,1.00,1.37
2015.11.24 04:41:33.282,2.32081,2.32156,1.00,1.37
2015.11.24 04:41:43.776,2.32074,2.32156,1.00,1.37
2015.11.24 04:41:47.946,2.32081,2.32156,1.00,1.37
2015.11.24 04:41:48.469,2.32081,2.32156,1.00,1.00
2015.11.24 04:41:49.297,2.32082,2.32156,1.00,1.00
2015.11.24 04:41:49.836,2.32082,2.32157,1.00,1.00
2015.11.24 04:41:56.165,2.32082,2.32151,1.00,1.00
2015.11.24 04:41:56.216,2.32073,2.32151,1.00,1.00
2015.11.24 04:41:56.317,2.32082,2.32151,1.00,1.37
2015.11.24 04:41:56.418,2.32071,2.32146,1.00,1.00
2015.11.24 04:41:56.469,2.32073,2.32151,1.00,1.37
2015.11.24 04:41:59.433,2.32072,2.32146,1.00,1.00
2015.11.24 04:42:00.456,2.32074,2.32151,1.00,1.37
2015.11.24 04:42:07.486,2.32074,2.32146,1.00,1.00
2015.11.24 04:42:07.587,2.32074,2.3215,1.00,1.12
2015.11.24 04:42:10.435,2.32081,2.32157,1.00,1.75
2015.11.24 04:42:10.738,2.32091,2.32157,1.00,1.37
2015.11.24 04:42:11.018,2.32093,2.32163,1.00,1.00
2015.11.24 04:42:11.069,2.32093,2.32174,1.00,1.00
2015.11.24 04:42:11.119,2.32104,2.32186,1.00,1.75
2015.11.24 04:42:11.757,2.32103,2.32184,1.00,1.75
2015.11.24 04:42:11.959,2.32094,2.32176,1.00,1.37
2015.11.24 04:42:12.010,2.32094,2.32173,1.00,1.00
2015.11.24 04:42:12.778,2.32103,2.32177,1.00,1.37
2015.11.24 04:42:12.879,2.32093,2.32175,1.00,1.12
2015.11.24 04:42:13.081,2.32092,2.32156,1.00,1.00
2015.11.24 04:42:13.182,2.32094,2.32176,1.00,1.37
2015.11.24 04:42:13.286,2.32103,2.32178,1.00,2.25
2015.11.24 04:42:13.500,2.32114,2.32196,1.00,1.50
2015.11.24 04:42:13.980,2.32117,2.32196,1.00,1.00
2015.11.24 04:42:14.519,2.32117,2.32197,1.00,1.00
2015.11.24 04:42:14.925,2.32113,2.32197,1.50,1.00
2015.11.24 04:42:15.560,2.32111,2.32176,1.00,1.00
2015.11.24 04:42:15.612,2.32124,2.32201,1.00,1.37
2015.11.24 04:42:15.926,2.32114,2.32196,1.00,1.00
2015.11.24 04:42:19.992,2.32117,2.32196,1.00,1.00
2015.11.24 04:42:20.386,2.32123,2.32205,1.00,1.75
2015.11.24 04:42:30.527,2.32124,2.32205,1.00,1.75
2015.11.24 04:42:32.138,2.32133,2.32215,1.00,1.75
2015.11.24 04:42:32.239,2.32133,2.32215,1.00,1.00
2015.11.24 04:42:33.491,2.32134,2.32215,1.00,1.00
2015.11.24 04:42:33.542,2.32134,2.32212,1.00,1.00
2015.11.24 04:42:33.845,2.32133,2.32207,1.00,1.00
2015.11.24 04:42:33.896,2.32124,2.32206,1.00,1.00
2015.11.24 04:42:33.947,2.32124,2.32204,1.00,1.00
2015.11.24 04:42:34.794,2.32124,2.32203,1.00,1.00
2015.11.24 04:42:34.845,2.32123,2.32207,1.00,1.50
2015.11.24 04:42:35.362,2.32124,2.32206,1.00,1.00
2015.11.24 04:42:35.867,2.32123,2.32207,1.00,1.00
2015.11.24 04:42:37.374,2.32123,2.32205,1.00,1.00
2015.11.24 04:42:37.984,2.32123,2.32206,1.00,1.00
2015.11.24 04:42:38.528,2.32123,2.32205,1.00,1.00
2015.11.24 04:42:38.876,2.32114,2.32196,1.75,1.00
2015.11.24 04:42:39.733,2.32121,2.32196,1.00,1.00
2015.11.24 04:42:39.835,2.32124,2.32206,1.00,1.00
2015.11.24 04:42:41.479,2.32123,2.32207,1.00,1.00
2015.11.24 04:42:41.795,2.32134,2.32212,1.00,1.50
2015.11.24 04:42:41.905,2.32123,2.32207,1.00,1.00
2015.11.24 04:42:43.526,2.32133,2.32215,1.00,1.75
2015.11.24 04:42:43.677,2.32123,2.32207,1.00,1.00
2015.11.24 04:42:44.246,2.32134,2.32215,1.00,1.75
2015.11.24 04:42:44.771,2.32123,2.32207,1.00,1.00
2015.11.24 04:42:45.181,2.32123,2.32199,1.00,1.00
2015.11.24 04:42:45.484,2.32104,2.3218,1.00,1.37
2015.11.24 04:42:45.826,2.32101,2.32177,1.00,1.00
2015.11.24 04:42:45.877,2.32103,2.3218,1.00,1.50
2015.11.24 04:42:46.331,2.32101,2.32177,1.00,1.00
2015.11.24 04:42:47.240,2.32093,2.32177,1.00,1.00
2015.11.24 04:42:47.760,2.32093,2.32176,1.00,1.00
2015.11.24 04:42:48.423,2.32094,2.32175,1.00,1.00
2015.11.24 04:42:48.675,2.32094,2.32176,1.00,1.87
2015.11.24 04:42:56.216,2.32101,2.32176,1.00,1.75
2015.11.24 04:43:00.310,2.32102,2.32177,1.00,2.25
2015.11.24 04:43:00.513,2.32101,2.32177,1.00,1.00
2015.11.24 04:43:00.715,2.32103,2.32182,1.00,1.75
2015.11.24 04:43:01.811,2.32104,2.32176,1.00,1.00
2015.11.24 04:43:02.256,2.32103,2.32182,1.00,1.75
2015.11.24 04:43:03.248,2.32101,2.32177,1.00,1.00
2015.11.24 04:43:03.822,2.32103,2.32182,1.00,1.75
2015.11.24 04:43:05.036,2.32102,2.32176,1.00,1.00
2015.11.24 04:43:09.200,2.32101,2.32176,1.00,1.00
2015.11.24 04:43:10.270,2.32102,2.32176,1.00,1.00
2015.11.24 04:43:12.329,2.32101,2.32176,1.00,1.00
2015.11.24 04:43:12.632,2.32091,2.32167,1.00,1.00
2015.11.24 04:43:15.242,2.32091,2.32166,1.00,1.00
2015.11.24 04:43:15.796,2.32094,2.32171,1.00,1.75
2015.11.24 04:43:19.952,2.32091,2.32167,1.00,1.00
2015.11.24 04:43:20.003,2.32093,2.32172,1.00,1.75
2015.11.24 04:43:21.297,2.32102,2.32172,1.00,1.75
2015.11.24 04:43:21.670,2.32093,2.32172,1.00,1.75
2015.11.24 04:43:21.975,2.32092,2.32166,1.00,1.00
2015.11.24 04:43:23.031,2.32091,2.32167,1.00,1.00
2015.11.24 04:43:23.353,2.32094,2.32173,1.00,1.75
2015.11.24 04:43:25.831,2.32093,2.32173,1.00,1.75
2015.11.24 04:43:28.043,2.32094,2.32174,1.00,1.75
2015.11.24 04:43:28.509,2.32101,2.32174,1.00,1.75
2015.11.24 04:43:30.297,2.32103,2.32178,1.00,1.75
2015.11.24 04:43:30.767,2.32104,2.32186,1.00,2.25
2015.11.24 04:43:30.817,2.32111,2.32186,1.00,2.25
2015.11.24 04:43:31.155,2.32114,2.32186,1.00,2.25
2015.11.24 04:43:32.220,2.32111,2.32186,1.00,1.75
2015.11.24 04:43:42.397,2.32104,2.32184,1.00,1.12
2015.11.24 04:43:42.934,2.32111,2.32184,1.00,1.12
2015.11.24 04:43:45.965,2.32104,2.32184,1.00,1.12
2015.11.24 04:43:47.029,2.32104,2.32185,1.00,1.12
2015.11.24 04:43:48.059,2.32112,2.32185,1.00,1.12
2015.11.24 04:43:48.741,2.32112,2.32184,1.00,1.00
2015.11.24 04:43:49.563,2.32112,2.32186,1.00,1.37
2015.11.24 04:43:49.765,2.32113,2.32196,1.00,1.50
2015.11.24 04:43:49.816,2.32114,2.32196,1.00,1.87
2015.11.24 04:43:49.917,2.32123,2.32201,1.00,1.75
2015.11.24 04:43:50.391,2.32123,2.32206,1.00,1.00
2015.11.24 04:43:50.914,2.32123,2.32207,1.00,1.00
2015.11.24 04:43:53.294,2.32124,2.32206,1.00,1.00
2015.11.24 04:43:57.490,2.32114,2.32196,1.50,1.00
2015.11.24 04:44:00.708,2.32114,2.32196,1.00,1.00
2015.11.24 04:44:01.214,2.32113,2.32197,1.00,1.00
2015.11.24 04:44:09.148,2.32112,2.32187,1.00,1.00
2015.11.24 04:44:12.873,2.32113,2.32197,1.00,1.00
2015.11.24 04:44:12.924,2.32121,2.32197,1.00,1.00
2015.11.24 04:44:13.454,2.32122,2.32197,1.00,1.00
2015.11.24 04:44:14.355,2.32123,2.32207,1.00,1.00
2015.11.24 04:44:14.917,2.32123,2.32207,1.75,1.00
2015.11.24 04:44:15.119,2.32133,2.32217,1.00,1.00
2015.11.24 04:44:21.676,2.32134,2.32216,1.00,1.00
2015.11.24 04:44:22.210,2.32124,2.32206,1.75,1.00
2015.11.24 04:44:22.361,2.32133,2.32217,1.00,1.00
2015.11.24 04:44:22.851,2.32133,2.32217,1.00,1.75
2015.11.24 04:44:24.121,2.32133,2.32217,1.00,1.37
2015.11.24 04:44:24.172,2.32133,2.32217,1.00,1.00
2015.11.24 04:44:24.474,2.32141,2.32217,1.00,1.00
2015.11.24 04:44:25.161,2.32142,2.32217,1.00,1.00
2015.11.24 04:44:25.536,2.32143,2.32227,1.00,1.75
2015.11.24 04:44:26.794,2.32141,2.32216,1.00,1.00
2015.11.24 04:44:27.147,2.32134,2.32216,1.00,1.00
2015.11.24 04:44:27.248,2.32141,2.32216,1.00,1.00
2015.11.24 04:44:27.655,2.32134,2.32216,1.00,1.00
2015.11.24 04:44:27.906,2.32141,2.32216,1.00,1.00
2015.11.24 04:44:28.276,2.32134,2.32216,1.00,1.00
2015.11.24 04:44:28.579,2.32141,2.32216,1.00,1.00
2015.11.24 04:44:29.153,2.32141,2.32217,1.00,1.00
2015.11.24 04:44:29.203,2.32133,2.32217,1.00,1.00
2015.11.24 04:44:30.646,2.32133,2.32217,1.00,1.75
2015.11.24 04:44:31.756,2.32131,2.32207,1.00,1.00
2015.11.24 04:44:38.532,2.32133,2.32217,1.00,1.75
2015.11.24 04:44:40.825,2.32131,2.32206,1.00,1.00
2015.11.24 04:44:40.876,2.32124,2.32206,1.00,1.00
2015.11.24 04:44:40.977,2.32132,2.32206,1.00,1.00
2015.11.24 04:44:41.307,2.32143,2.32216,1.00,1.75
2015.11.24 04:44:45.197,2.32133,2.32217,1.00,1.75
2015.11.24 04:44:45.840,2.32133,2.32217,1.00,1.75
2015.11.24 04:44:50.615,2.32134,2.32216,1.00,2.25
2015.11.24 04:44:51.929,2.32131,2.32206,1.00,1.00
2015.11.24 04:44:55.662,2.32134,2.32216,1.00,2.25
2015.11.24 04:44:57.901,2.32133,2.32214,1.00,1.37
2015.11.24 04:44:58.103,2.32144,2.32218,1.00,1.75
2015.11.24 04:44:58.785,2.32143,2.32219,1.00,1.75
2015.11.24 04:44:59.307,2.32142,2.32216,1.00,1.75
2015.11.24 04:44:59.842,2.32143,2.32219,1.00,1.75
2015.11.24 04:45:02.232,2.32143,2.32227,1.00,2.25
2015.11.24 04:45:02.283,2.32143,2.32221,1.00,1.75
2015.11.24 04:45:02.637,2.32143,2.32217,1.00,1.00
2015.11.24 04:45:02.839,2.32123,2.32207,1.37,1.50
2015.11.24 04:45:02.941,2.32121,2.32197,1.00,1.00
2015.11.24 04:45:03.608,2.32121,2.32197,1.00,1.37
2015.11.24 04:45:04.064,2.32113,2.32197,1.00,1.37
2015.11.24 04:45:04.429,2.32121,2.32197,1.00,1.37
2015.11.24 04:45:05.303,2.32113,2.32197,1.00,1.37
2015.11.24 04:45:06.185,2.32122,2.32197,1.00,1.37
2015.11.24 04:45:06.949,2.32121,2.32197,1.00,1.37
2015.11.24 04:45:07.503,2.32113,2.32197,1.00,1.37
2015.11.24 04:45:07.554,2.32103,2.32187,1.37,1.00
2015.11.24 04:45:08.058,2.32103,2.32187,1.00,1.37
2015.11.24 04:45:12.649,2.32104,2.32186,1.00,1.12
2015.11.24 04:45:12.994,2.32101,2.32177,1.00,1.00
2015.11.24 04:45:13.332,2.32093,2.32177,1.00,1.00
2015.11.24 04:45:14.534,2.32102,2.32177,1.00,1.00
2015.11.24 04:45:14.584,2.32103,2.32181,1.00,1.00
2015.11.24 04:45:14.686,2.32103,2.32185,1.00,1.00
2015.11.24 04:45:15.341,2.32103,2.32187,1.00,1.37
2015.11.24 04:45:16.824,2.32111,2.32187,1.00,1.37
2015.11.24 04:45:18.519,2.32103,2.32187,1.00,1.37
2015.11.24 04:45:19.060,2.32104,2.32186,1.00,1.12
2015.11.24 04:45:19.363,2.32114,2.32186,1.00,1.12
2015.11.24 04:45:19.665,2.32104,2.32186,1.50,1.00
2015.11.24 04:45:19.817,2.32103,2.32187,1.37,1.00
2015.11.24 04:45:20.364,2.32103,2.32187,1.00,1.00
2015.11.24 04:45:20.626,2.32104,2.32186,1.00,1.75
2015.11.24 04:45:21.029,2.32103,2.32177,1.00,1.75
2015.11.24 04:45:21.891,2.32104,2.32186,1.00,1.37
2015.11.24 04:45:21.950,2.32104,2.32186,1.00,1.00
2015.11.24 04:45:22.253,2.32111,2.32186,1.00,1.00
2015.11.24 04:45:23.315,2.32104,2.32186,1.00,1.00
2015.11.24 04:45:23.517,2.32102,2.32177,1.00,1.00
2015.11.24 04:45:24.172,2.32102,2.32167,1.00,1.00
2015.11.24 04:45:24.223,2.32092,2.32167,1.00,1.00
2015.11.24 04:45:24.752,2.32093,2.32177,1.00,1.75
2015.11.24 04:45:26.478,2.32092,2.32166,1.00,1.00
2015.11.24 04:45:28.024,2.32094,2.32173,1.00,1.75
2015.11.24 04:45:28.712,2.32084,2.32166,1.00,1.00
2015.11.24 04:45:29.215,2.32083,2.32167,1.00,1.00
2015.11.24 04:45:38.590,2.32084,2.32166,1.00,1.00
2015.11.24 04:45:39.225,2.32083,2.32167,1.00,1.00
2015.11.24 04:45:39.752,2.32093,2.32175,1.00,1.50
2015.11.24 04:45:45.310,2.32084,2.32166,1.00,1.00
2015.11.24 04:45:45.852,2.32083,2.32167,1.00,1.00
2015.11.24 04:45:51.266,2.32093,2.32177,1.00,1.75
2015.11.24 04:45:52.535,2.32084,2.32166,1.00,1.00
2015.11.24 04:45:53.013,2.32091,2.32166,1.00,1.00
2015.11.24 04:45:53.083,2.32094,2.32176,1.00,1.75
2015.11.24 04:45:53.385,2.32094,2.32176,1.00,1.00
2015.11.24 04:45:53.783,2.32102,2.32176,1.00,1.00
2015.11.24 04:45:55.508,2.32102,2.32177,1.00,1.00
2015.11.24 04:45:55.558,2.32093,2.32177,1.12,1.00
2015.11.24 04:45:56.201,2.32101,2.32177,1.00,1.00
2015.11.24 04:45:57.605,2.32102,2.32177,1.00,1.00
2015.11.24 04:45:57.924,2.32111,2.32176,1.00,1.00
2015.11.24 04:45:57.975,2.32104,2.32186,1.00,1.87
2015.11.24 04:45:58.187,2.32104,2.32176,1.00,1.00
2015.11.24 04:46:00.343,2.32101,2.32177,1.00,1.00
2015.11.24 04:46:00.892,2.32102,2.32177,1.00,1.00
2015.11.24 04:46:00.942,2.32111,2.32177,1.00,1.00
2015.11.24 04:46:01.723,2.32101,2.32177,1.00,1.00
2015.11.24 04:46:01.957,2.32111,2.32177,1.00,1.00
2015.11.24 04:46:02.695,2.32101,2.32176,1.00,1.00
2015.11.24 04:46:03.863,2.32104,2.32186,1.00,1.37
2015.11.24 04:46:11.104,2.32104,2.32186,1.00,1.37
2015.11.24 04:46:11.155,2.32101,2.32176,1.00,1.00
2015.11.24 04:46:11.586,2.32104,2.32185,1.00,1.75
2015.11.24 04:46:12.269,2.32103,2.32185,1.00,1.75
2015.11.24 04:46:13.456,2.32101,2.32176,1.00,1.00
2015.11.24 04:46:24.966,2.32101,2.32177,1.00,1.00
2015.11.24 04:46:30.067,2.32102,2.32176,1.00,1.00
2015.11.24 04:46:30.419,2.32103,2.32183,1.00,1.75
2015.11.24 04:46:32.626,2.32104,2.32186,1.00,1.75
2015.11.24 04:46:34.333,2.32101,2.32176,1.00,1.00
2015.11.24 04:46:34.684,2.32084,2.32166,1.75,1.00
2015.11.24 04:46:34.735,2.32094,2.32176,1.00,1.00
2015.11.24 04:46:34.886,2.32084,2.32166,1.75,1.00
2015.11.24 04:46:35.138,2.32084,2.32166,1.37,1.37
2015.11.24 04:46:35.189,2.32084,2.32166,1.00,1.37
2015.11.24 04:46:35.542,2.32074,2.32156,1.00,1.00
2015.11.24 04:46:37.342,2.32083,2.32167,1.00,1.37
2015.11.24 04:46:39.502,2.32074,2.32156,1.00,1.00
2015.11.24 04:46:39.859,2.32084,2.32166,1.00,1.37
2015.11.24 04:46:40.116,2.32093,2.32177,1.00,1.00
2015.11.24 04:46:40.708,2.32092,2.32167,1.00,1.00
2015.11.24 04:46:40.970,2.32093,2.32177,1.00,1.00
2015.11.24 04:46:41.071,2.32103,2.3218,1.00,1.00
2015.11.24 04:46:41.122,2.32103,2.32186,1.00,1.75
2015.11.24 04:46:43.692,2.32093,2.32177,1.00,1.00
2015.11.24 04:46:43.972,2.32093,2.32177,1.00,1.37
2015.11.24 04:46:44.372,2.32093,2.32177,1.00,1.75
2015.11.24 04:46:44.674,2.32103,2.32186,1.00,2.25
2015.11.24 04:46:44.775,2.32103,2.32186,1.00,1.37
2015.11.24 04:46:44.826,2.32093,2.32177,1.37,1.00
2015.11.24 04:46:45.577,2.32084,2.32167,1.75,1.00
2015.11.24 04:46:46.879,2.32103,2.32187,1.00,1.50
2015.11.24 04:46:47.452,2.32082,2.32157,1.00,1.00
2015.11.24 04:46:47.503,2.32073,2.32157,1.00,1.00
2015.11.24 04:46:47.911,2.32063,2.32147,1.75,1.00
2015.11.24 04:46:48.213,2.32081,2.32157,1.00,1.00
2015.11.24 04:46:48.516,2.32094,2.32176,1.00,1.37
2015.11.24 04:46:48.617,2.32094,2.32176,1.00,1.00
2015.11.24 04:46:48.668,2.32084,2.32176,2.25,1.00
2015.11.24 04:46:49.215,2.32084,2.32177,1.75,1.00
2015.11.24 04:46:50.185,2.32093,2.32177,1.00,1.00
2015.11.24 04:46:53.963,2.32094,2.32186,1.00,2.25
2015.11.24 04:46:54.023,2.32093,2.32177,1.00,1.00
2015.11.24 04:46:57.694,2.32094,2.32186,1.00,1.75
2015.11.24 04:46:57.845,2.32094,2.32186,1.37,1.37
2015.11.24 04:46:58.469,2.32093,2.32177,1.75,1.00
2015.11.24 04:46:58.973,2.32094,2.32186,1.75,1.00
2015.11.24 04:46:59.225,2.32103,2.32187,1.00,1.00
2015.11.24 04:47:03.912,2.32103,2.32187,1.00,1.37
2015.11.24 04:47:04.246,2.32103,2.32187,1.00,1.75
2015.11.24 04:47:05.380,2.32104,2.32186,1.00,1.75
2015.11.24 04:47:09.450,2.32091,2.32176,1.37,1.00
2015.11.24 04:47:09.501,2.32091,2.32176,1.00,1.00
2015.11.24 04:47:10.204,2.32094,2.32176,1.00,1.00
2015.11.24 04:47:10.305,2.32094,2.32186,1.00,1.75
2015.11.24 04:47:10.356,2.32094,2.32186,1.37,1.37
2015.11.24 04:47:10.658,2.32103,2.32187,1.00,1.00
2015.11.24 04:47:11.338,2.32094,2.32176,1.75,1.00
2015.11.24 04:47:11.540,2.32094,2.32176,1.00,1.00
2015.11.24 04:47:11.742,2.32083,2.32177,1.75,1.00
2015.11.24 04:47:12.638,2.32102,2.32177,1.00,1.00
2015.11.24 04:47:13.315,2.32102,2.32186,1.00,1.75
2015.11.24 04:47:14.420,2.32103,2.32187,1.00,1.75
2015.11.24 04:47:14.843,2.32112,2.32187,1.00,1.75
2015.11.24 04:47:14.944,2.32112,2.32187,1.00,1.00
2015.11.24 04:47:15.297,2.32114,2.32196,1.00,1.75
2015.11.24 04:47:19.555,2.32114,2.32196,1.37,1.00
2015.11.24 04:47:19.959,2.32114,2.32196,1.00,1.50
2015.11.24 04:47:21.085,2.32111,2.32186,1.00,1.00
2015.11.24 04:47:21.438,2.32104,2.32186,1.00,1.00
2015.11.24 04:47:22.554,2.32112,2.32186,1.00,1.00
2015.11.24 04:47:23.259,2.32112,2.32186,1.00,1.37
2015.11.24 04:47:23.309,2.32104,2.32186,1.00,1.37
2015.11.24 04:47:23.732,2.32101,2.32176,1.00,1.00
2015.11.24 04:47:24.299,2.32101,2.32177,1.00,1.00
2015.11.24 04:47:24.964,2.32103,2.32187,1.00,1.37
2015.11.24 04:47:25.066,2.32103,2.32187,1.00,1.00
2015.11.24 04:47:25.168,2.32111,2.32187,1.00,1.00
2015.11.24 04:47:27.241,2.32111,2.32186,1.00,1.00
2015.11.24 04:47:27.766,2.32111,2.32187,1.00,1.00
2015.11.24 04:47:27.911,2.32103,2.32187,1.00,1.00
2015.11.24 04:47:28.062,2.32103,2.32187,1.00,1.75
2015.11.24 04:47:28.814,2.32111,2.32186,1.00,1.50
2015.11.24 04:47:31.022,2.32114,2.32196,1.00,1.75
2015.11.24 04:47:31.123,2.32111,2.32187,1.00,1.75
2015.11.24 04:47:31.380,2.32111,2.32187,1.00,1.00
2015.11.24 04:47:39.489,2.32121,2.32197,1.00,1.75
2015.11.24 04:47:46.094,2.32113,2.32197,1.00,1.75
2015.11.24 04:47:46.465,2.32111,2.32187,1.00,1.00
2015.11.24 04:47:48.353,2.32112,2.32187,1.00,1.00
2015.11.24 04:47:48.698,2.32111,2.32187,1.00,1.37
2015.11.24 04:47:49.031,2.32111,2.32187,1.00,1.75
2015.11.24 04:47:50.708,2.32111,2.32186,1.00,1.00
2015.11.24 04:48:06.400,2.32111,2.32187,1.00,1.00
2015.11.24 04:48:09.465,2.32111,2.32186,1.00,1.00
2015.11.24 04:48:13.162,2.32112,2.32186,1.00,1.00
2015.11.24 04:48:17.650,2.32132,2.32206,1.00,1.75
2015.11.24 04:48:17.851,2.32132,2.32206,1.00,1.00
2015.11.24 04:48:18.103,2.32133,2.32217,1.00,1.00
2015.11.24 04:48:18.204,2.32142,2.32216,1.00,1.00
2015.11.24 04:48:18.507,2.32162,2.32237,1.00,1.00
2015.11.24 04:48:18.658,2.32161,2.32237,1.00,2.25
2015.11.24 04:48:19.710,2.32161,2.32226,1.00,1.00
2015.11.24 04:48:19.760,2.32144,2.32226,1.00,1.00
2015.11.24 04:48:23.512,2.32152,2.32226,1.00,1.50
2015.11.24 04:48:23.613,2.32144,2.32226,1.00,1.00
2015.11.24 04:48:23.664,2.32144,2.32226,1.00,1.75
2015.11.24 04:48:24.014,2.32151,2.32226,1.00,1.75
2015.11.24 04:48:24.599,2.32143,2.32227,1.00,1.75
2015.11.24 04:48:24.718,2.32151,2.32227,1.00,1.75
2015.11.24 04:48:30.430,2.32144,2.32226,1.00,1.75
2015.11.24 04:48:37.529,2.32143,2.32227,1.00,1.75
2015.11.24 04:48:39.323,2.32144,2.32226,1.00,1.75
2015.11.24 04:48:40.661,2.32144,2.32226,1.00,1.75
2015.11.24 04:48:56.121,2.32142,2.32217,1.00,1.00
2015.11.24 04:48:56.171,2.32133,2.32217,1.00,1.00
2015.11.24 04:48:56.706,2.32144,2.32226,1.00,1.75
2015.11.24 04:48:57.910,2.32134,2.32216,1.00,1.12
2015.11.24 04:49:00.668,2.32144,2.32226,1.00,1.75
2015.11.24 04:49:01.893,2.32144,2.32226,1.00,1.00
2015.11.24 04:49:03.084,2.32143,2.32227,1.00,1.87
2015.11.24 04:49:03.586,2.32144,2.32226,1.00,1.00
2015.11.24 04:49:03.637,2.32133,2.32217,1.12,1.00
2015.11.24 04:49:03.838,2.32144,2.32226,1.00,1.00
2015.11.24 04:49:04.695,2.32144,2.32223,1.00,1.00
2015.11.24 04:49:04.998,2.32144,2.32223,1.00,1.75
2015.11.24 04:49:07.164,2.32143,2.32223,1.00,1.75
2015.11.24 04:49:09.231,2.32144,2.32223,1.00,1.75
2015.11.24 04:49:10.089,2.32134,2.32216,1.00,1.75
2015.11.24 04:49:10.140,2.32141,2.32216,1.00,1.75
2015.11.24 04:49:11.097,2.32134,2.32216,1.00,1.75
2015.11.24 04:49:11.549,2.32144,2.32226,1.00,1.75
2015.11.24 04:49:12.250,2.32143,2.32227,1.00,1.75
2015.11.24 04:49:13.142,2.32144,2.32226,1.00,1.75
2015.11.24 04:49:13.659,2.32143,2.32227,1.00,1.75
2015.11.24 04:49:13.961,2.32134,2.32216,1.00,1.00
2015.11.24 04:49:18.376,2.32144,2.32223,1.00,1.12
2015.11.24 04:49:22.773,2.32143,2.32227,1.00,1.75
2015.11.24 04:49:25.614,2.32144,2.32216,1.00,1.00
2015.11.24 04:49:27.812,2.32144,2.32224,1.00,1.75
2015.11.24 04:49:32.462,2.32134,2.32216,1.00,1.00
2015.11.24 04:49:34.035,2.32144,2.32216,1.00,1.00
2015.11.24 04:49:34.186,2.32144,2.32224,1.00,1.75
2015.11.24 04:49:39.937,2.32134,2.32216,1.00,1.00
2015.11.24 04:49:43.207,2.32144,2.32225,1.00,1.75
2015.11.24 04:50:00.734,2.32143,2.32227,1.00,1.75
2015.11.24 04:50:04.115,2.32143,2.32217,1.00,1.00
2015.11.24 04:50:04.421,2.32143,2.32217,1.00,1.75
2015.11.24 04:50:04.573,2.32123,2.32207,1.00,1.00
2015.11.24 04:50:04.674,2.32131,2.32207,1.00,1.00
2015.11.24 04:50:04.876,2.32133,2.32216,1.00,1.75
2015.11.24 04:50:04.928,2.32133,2.32216,1.00,1.75
2015.11.24 04:50:05.130,2.32131,2.32207,1.00,1.75
2015.11.24 04:50:05.332,2.32123,2.32207,1.00,1.75
2015.11.24 04:50:07.781,2.32132,2.32207,1.00,1.75
2015.11.24 04:50:09.142,2.32124,2.32206,1.00,1.75
2015.11.24 04:50:11.863,2.32131,2.32206,1.00,1.75
2015.11.24 04:50:12.402,2.32132,2.32206,1.00,1.75
2015.11.24 04:50:12.963,2.32131,2.32206,1.00,1.75
2015.11.24 04:50:13.290,2.32133,2.32216,1.00,1.75
2015.11.24 04:50:13.569,2.32131,2.32207,1.00,1.75
2015.11.24 04:50:14.070,2.32132,2.32207,1.00,1.75
2015.11.24 04:50:15.869,2.32132,2.32196,1.00,1.00
2015.11.24 04:50:16.166,2.32132,2.32207,1.00,1.75
2015.11.24 04:50:18.337,2.32123,2.32207,1.00,1.75
2015.11.24 04:50:20.693,2.32123,2.32207,1.00,1.75
2015.11.24 04:50:27.643,2.32124,2.32206,1.00,1.75
2015.11.24 04:50:34.496,2.32121,2.32197,1.00,1.00
2015.11.24 04:50:34.930,2.32113,2.32197,1.00,1.00
2015.11.24 04:50:35.031,2.32113,2.32197,1.00,1.75
2015.11.24 04:50:35.333,2.32112,2.32186,1.00,1.00
2015.11.24 04:50:36.839,2.32111,2.32186,1.00,1.00
2015.11.24 04:50:41.070,2.32111,2.32187,1.00,1.00
2015.11.24 04:50:48.234,2.32111,2.32186,1.00,1.00
2015.11.24 04:50:48.487,2.32104,2.32186,1.00,1.00
2015.11.24 04:50:48.587,2.32093,2.32177,1.75,1.00
2015.11.24 04:50:49.060,2.32074,2.32147,1.00,1.00
2015.11.24 04:50:49.110,2.32063,2.32147,1.00,1.12
2015.11.24 04:50:49.212,2.32062,2.32136,1.00,1.00
2015.11.24 04:50:49.262,2.32054,2.32136,1.37,1.00
2015.11.24 04:50:49.313,2.32054,2.32126,1.00,1.00
2015.11.24 04:50:50.892,2.32053,2.32137,1.00,1.75
2015.11.24 04:50:53.274,2.32043,2.32127,1.00,1.00
2015.11.24 04:50:54.082,2.32052,2.32127,1.00,1.00
2015.11.24 04:50:54.532,2.32044,2.32126,1.00,1.00
2015.11.24 04:50:54.633,2.32052,2.32126,1.00,1.00
2015.11.24 04:50:54.735,2.32043,2.32127,1.00,1.00
2015.11.24 04:50:57.580,2.32054,2.32136,1.00,1.75
2015.11.24 04:51:01.124,2.32053,2.32137,1.00,1.75
2015.11.24 04:51:03.530,2.32043,2.32127,1.00,1.00
2015.11.24 04:51:05.154,2.32054,2.32126,1.00,1.00
2015.11.24 04:51:07.128,2.32054,2.32136,1.00,1.75
2015.11.24 04:51:07.353,2.32043,2.32127,1.00,1.00
2015.11.24 04:51:07.757,2.32034,2.32116,1.75,1.00
2015.11.24 04:51:08.304,2.32041,2.32116,1.00,1.00
2015.11.24 04:51:08.898,2.32034,2.32116,1.75,1.00
2015.11.24 04:51:09.200,2.32061,2.32136,1.00,1.75
2015.11.24 04:51:10.048,2.32062,2.32136,1.00,1.75
2015.11.24 04:51:12.538,2.32061,2.32136,1.00,1.75
2015.11.24 04:51:19.944,2.32062,2.32136,1.00,1.75
2015.11.24 04:51:20.414,2.32071,2.32136,1.00,1.75
2015.11.24 04:51:21.123,2.32061,2.32136,1.00,1.75
2015.11.24 04:51:21.228,2.32072,2.32136,1.00,1.75
2015.11.24 04:51:25.332,2.32061,2.32136,1.00,1.75
2015.11.24 04:51:25.961,2.32062,2.32136,1.00,1.75
2015.11.24 04:51:26.569,2.32071,2.32146,1.00,1.75
2015.11.24 04:51:27.089,2.32072,2.32146,1.00,1.75
2015.11.24 04:51:29.515,2.32064,2.32146,1.00,1.75
2015.11.24 04:51:29.566,2.32061,2.32136,1.00,1.00
2015.11.24 04:51:30.192,2.32061,2.32137,1.00,1.00
2015.11.24 04:51:31.884,2.32072,2.32137,1.00,1.00
2015.11.24 04:51:34.209,2.32061,2.32137,1.00,1.00
2015.11.24 04:51:35.533,2.32062,2.32137,1.00,1.00
2015.11.24 04:51:40.194,2.32061,2.32137,1.00,1.00
2015.11.24 04:51:43.414,2.32062,2.32137,1.00,1.00
2015.11.24 04:51:44.254,2.32061,2.32137,1.00,1.00
2015.11.24 04:51:44.658,2.32072,2.32137,1.00,1.00
2015.11.24 04:51:49.249,2.32072,2.32147,1.00,1.75
2015.11.24 04:51:49.981,2.32063,2.32147,1.00,1.75
2015.11.24 04:51:51.452,2.32061,2.32136,1.00,1.00
2015.11.24 04:51:55.148,2.32061,2.32137,1.00,1.00
2015.11.24 04:51:55.650,2.32061,2.32136,1.00,1.00
2015.11.24 04:52:00.030,2.32061,2.32137,1.00,1.00
2015.11.24 04:52:03.172,2.32062,2.32137,1.00,1.00
2015.11.24 04:52:03.782,2.32062,2.32136,1.00,1.00
2015.11.24 04:52:08.017,2.32062,2.32137,1.00,1.00
2015.11.24 04:52:08.397,2.32072,2.32137,1.00,1.00
2015.11.24 04:52:08.943,2.32072,2.32147,1.00,2.25
2015.11.24 04:52:11.365,2.32072,2.32147,1.00,1.00
2015.11.24 04:52:14.291,2.32072,2.32146,1.00,1.00
2015.11.24 04:52:17.340,2.32071,2.32146,1.00,1.00
2015.11.24 04:52:25.218,2.32071,2.32137,1.00,1.00
2015.11.24 04:52:26.257,2.32072,2.32137,1.00,1.00
2015.11.24 04:52:26.307,2.32072,2.32146,1.00,1.00
2015.11.24 04:52:26.592,2.32072,2.32147,1.00,1.37
2015.11.24 04:52:26.966,2.32081,2.32147,1.00,1.75
2015.11.24 04:52:27.776,2.32081,2.32151,1.00,1.37
2015.11.24 04:52:28.179,2.32091,2.32156,1.00,2.25
2015.11.24 04:52:28.781,2.32081,2.32156,1.00,2.25
2015.11.24 04:52:36.287,2.32072,2.32146,1.00,1.00
2015.11.24 04:52:36.439,2.32071,2.32137,1.00,1.00
2015.11.24 04:52:36.590,2.32061,2.32136,1.00,1.00
2015.11.24 04:52:37.156,2.32062,2.32136,1.00,1.00
2015.11.24 04:52:50.302,2.32062,2.32137,1.00,1.00
2015.11.24 04:52:50.438,2.32071,2.32137,1.00,1.00
2015.11.24 04:52:57.919,2.32072,2.32137,1.00,1.00
2015.11.24 04:52:58.070,2.32072,2.32146,1.00,1.75
2015.11.24 04:52:58.617,2.32071,2.32146,1.00,1.75
2015.11.24 04:52:59.570,2.32064,2.32146,1.00,1.75
2015.11.24 04:52:59.721,2.32072,2.32146,1.00,1.75
2015.11.24 04:52:59.825,2.32064,2.32146,1.00,1.50
2015.11.24 04:52:59.977,2.32061,2.32137,1.00,1.00
2015.11.24 04:53:00.656,2.32062,2.32136,1.00,1.00
2015.11.24 04:53:01.081,2.32063,2.32147,1.00,1.75
2015.11.24 04:53:01.244,2.32071,2.32147,1.00,1.00
2015.11.24 04:53:01.294,2.32073,2.32157,1.00,1.50
2015.11.24 04:53:01.395,2.32083,2.32167,1.00,2.25
2015.11.24 04:53:01.446,2.32083,2.32167,1.00,1.50
2015.11.24 04:53:01.598,2.32081,2.32156,1.00,1.00
2015.11.24 04:53:02.355,2.32074,2.32156,1.00,1.00
2015.11.24 04:53:03.392,2.32071,2.32147,1.00,1.00
2015.11.24 04:53:08.735,2.32074,2.32156,1.00,1.00
2015.11.24 04:53:09.425,2.32073,2.32157,1.00,1.00
2015.11.24 04:53:12.727,2.32074,2.32156,1.00,1.00
2015.11.24 04:53:16.688,2.32073,2.32157,1.12,1.00
2015.11.24 04:53:23.052,2.32073,2.32157,1.87,1.00
2015.11.24 04:53:23.410,2.32071,2.32147,1.75,1.00
2015.11.24 04:53:23.460,2.32071,2.32147,1.50,1.00
2015.11.24 04:53:23.612,2.32073,2.32157,1.12,1.00
2015.11.24 04:53:23.965,2.32071,2.32147,1.50,1.00
2015.11.24 04:53:24.706,2.32073,2.32157,1.12,1.00
2015.11.24 04:53:25.016,2.32071,2.32147,1.50,1.00
2015.11.24 04:53:25.496,2.32073,2.32157,1.12,1.00
2015.11.24 04:53:25.675,2.32072,2.32147,1.37,1.00
2015.11.24 04:53:28.352,2.32071,2.32146,1.50,1.00
2015.11.24 04:53:34.501,2.32074,2.32156,1.00,1.00
2015.11.24 04:53:34.551,2.32092,2.32156,1.00,1.00
2015.11.24 04:53:34.602,2.32092,2.32166,1.00,1.37
2015.11.24 04:53:35.300,2.32102,2.32177,1.00,1.75
2015.11.24 04:53:35.566,2.32092,2.32166,1.00,1.37
2015.11.24 04:53:36.912,2.32092,2.32156,1.00,1.00
2015.11.24 04:53:37.236,2.32081,2.32156,1.00,1.00
2015.11.24 04:53:37.338,2.32083,2.32167,1.00,1.50
2015.11.24 04:53:37.900,2.32073,2.32157,1.12,1.00
2015.11.24 04:53:38.253,2.32083,2.32167,1.00,1.50
2015.11.24 04:53:38.578,2.32073,2.32157,1.12,1.00
2015.11.24 04:53:52.299,2.32072,2.32147,1.12,1.00
2015.11.24 04:53:52.501,2.32073,2.32157,1.00,1.75
2015.11.24 04:53:56.188,2.32072,2.32146,1.00,1.00
2015.11.24 04:53:56.239,2.32064,2.32146,1.00,1.00
2015.11.24 04:53:58.785,2.32063,2.32147,1.00,1.00
2015.11.24 04:54:10.522,2.32063,2.32147,1.37,1.00
2015.11.24 04:54:12.204,2.32064,2.32146,1.37,1.00
2015.11.24 04:54:16.090,2.32063,2.32147,1.37,1.00
2015.11.24 04:54:16.439,2.32072,2.32147,1.00,1.00
2015.11.24 04:54:16.490,2.32063,2.32147,1.37,1.00
2015.11.24 04:54:25.123,2.32064,2.32146,1.37,1.00
2015.11.24 04:54:26.402,2.32064,2.32146,1.12,1.00
2015.11.24 04:54:27.645,2.32063,2.32147,1.37,1.00
2015.11.24 04:54:28.191,2.32064,2.32146,1.12,1.00
2015.11.24 04:54:31.564,2.32063,2.32147,1.37,1.00
2015.11.24 04:54:33.439,2.32073,2.32157,1.00,1.50
2015.11.24 04:54:33.824,2.32071,2.32146,1.00,1.00
2015.11.24 04:54:36.060,2.32064,2.32146,1.12,1.00
2015.11.24 04:54:38.786,2.32071,2.32146,1.00,1.00
2015.11.24 04:54:38.895,2.32064,2.32146,1.12,1.00
2015.11.24 04:54:39.378,2.32071,2.32146,1.00,1.00
2015.11.24 04:54:39.806,2.32063,2.32147,1.37,1.00
2015.11.24 04:54:42.564,2.32063,2.32147,1.75,1.00
2015.11.24 04:54:42.959,2.32063,2.32147,1.75,1.00
2015.11.24 04:54:46.634,2.32064,2.32146,1.75,1.00
2015.11.24 04:54:47.139,2.32071,2.32146,1.00,1.00
2015.11.24 04:54:49.124,2.32072,2.32146,1.00,1.00
2015.11.24 04:54:49.175,2.32073,2.32157,1.00,1.00
2015.11.24 04:54:52.355,2.32082,2.32157,1.00,1.00
2015.11.24 04:54:52.515,2.32083,2.32167,1.00,1.75
2015.11.24 04:54:52.616,2.32081,2.32156,1.00,1.00
2015.11.24 04:54:53.393,2.32082,2.32156,1.00,1.00
2015.11.24 04:54:53.524,2.32074,2.32156,1.00,1.00
2015.11.24 04:54:53.927,2.32071,2.32146,1.00,1.00
2015.11.24 04:54:55.682,2.32074,2.32156,1.00,1.75
2015.11.24 04:54:55.732,2.32082,2.32156,1.00,1.75
2015.11.24 04:54:58.407,2.32073,2.32157,1.00,1.75
2015.11.24 04:54:58.808,2.32073,2.32157,1.00,1.00
2015.11.24 04:54:59.244,2.32082,2.32157,1.00,1.00
2015.11.24 04:54:59.904,2.32073,2.32157,1.00,1.00
2015.11.24 04:55:00.982,2.32074,2.32156,1.00,1.00
2015.11.24 04:55:06.989,2.32073,2.32157,1.00,1.00
2015.11.24 04:55:09.193,2.32074,2.32156,1.00,1.00
2015.11.24 04:55:19.505,2.32082,2.32157,1.00,1.00
2015.11.24 04:55:22.195,2.32082,2.32156,1.00,1.00
2015.11.24 04:55:22.245,2.32074,2.32156,1.00,1.00
2015.11.24 04:55:22.296,2.32064,2.32147,1.75,1.00
2015.11.24 04:55:25.159,2.32064,2.32146,1.75,1.00
2015.11.24 04:55:25.527,2.32071,2.32146,1.00,1.00
2015.11.24 04:55:25.578,2.32063,2.32147,1.75,1.00
2015.11.24 04:55:25.679,2.32071,2.32147,1.00,1.00
2015.11.24 04:55:26.349,2.32074,2.32156,1.00,1.00
2015.11.24 04:55:28.658,2.32071,2.32147,1.00,1.00
2015.11.24 04:55:32.728,2.32071,2.32146,1.00,1.00
2015.11.24 04:55:37.808,2.32074,2.32156,1.00,1.00
2015.11.24 04:55:37.909,2.32071,2.32146,1.12,1.00
2015.11.24 04:55:38.735,2.32071,2.32147,1.12,1.00
2015.11.24 04:55:39.405,2.32072,2.32147,1.00,1.00
2015.11.24 04:55:41.638,2.32072,2.32146,1.00,1.00
2015.11.24 04:55:45.474,2.32064,2.32146,1.75,1.00
2015.11.24 04:55:47.485,2.32063,2.32147,1.75,1.00
2015.11.24 04:55:49.763,2.32063,2.32147,1.00,1.00
2015.11.24 04:55:50.654,2.32072,2.32147,1.00,1.00
2015.11.24 04:55:50.769,2.32063,2.32147,1.00,1.00
2015.11.24 04:55:52.108,2.32064,2.32146,1.00,1.00
2015.11.24 04:55:52.512,2.32064,2.32146,1.75,1.00
2015.11.24 04:55:53.024,2.32071,2.32146,1.00,1.00
2015.11.24 04:55:59.392,2.32074,2.32156,1.00,1.00
2015.11.24 04:56:02.003,2.32071,2.32147,1.00,1.00
2015.11.24 04:56:02.453,2.32073,2.32157,1.00,1.00
2015.11.24 04:56:02.504,2.32092,2.32157,1.00,1.00
2015.11.24 04:56:02.807,2.32092,2.32166,1.00,1.75
2015.11.24 04:56:11.575,2.32092,2.32166,1.00,1.00
2015.11.24 04:56:12.380,2.32091,2.32166,1.00,1.00
2015.11.24 04:56:13.337,2.32091,2.32167,1.00,1.00
2015.11.24 04:56:18.339,2.32092,2.32167,1.00,1.00
2015.11.24 04:56:18.638,2.32093,2.32177,1.00,1.75
2015.11.24 04:56:19.389,2.32091,2.32166,1.00,1.00
2015.11.24 04:56:19.992,2.32092,2.32166,1.00,1.00
2015.11.24 04:56:20.320,2.32092,2.32157,1.00,1.00
2015.11.24 04:56:27.428,2.32092,2.32156,1.00,1.00
2015.11.24 04:56:27.479,2.32074,2.32156,1.00,1.00
2015.11.24 04:56:27.529,2.32072,2.32146,1.00,1.00
2015.11.24 04:56:27.687,2.32064,2.32146,1.75,1.00
2015.11.24 04:56:32.677,2.32073,2.32157,1.00,1.00
2015.11.24 04:56:38.225,2.32073,2.32157,1.00,1.37
2015.11.24 04:56:38.275,2.32072,2.32146,1.00,1.00
2015.11.24 04:56:38.888,2.32071,2.32146,1.00,1.00
2015.11.24 04:56:40.487,2.32074,2.32156,1.00,1.50
2015.11.24 04:56:41.147,2.32071,2.32146,1.00,1.00
2015.11.24 04:56:41.398,2.32074,2.32156,1.00,1.00
2015.11.24 04:56:41.558,2.32091,2.32156,1.00,1.00
2015.11.24 04:56:41.608,2.32091,2.32167,1.00,1.75
2015.11.24 04:56:41.709,2.32091,2.32156,1.00,1.00
2015.11.24 04:56:42.011,2.32091,2.32166,1.00,1.50
2015.11.24 04:56:56.754,2.32092,2.32167,1.00,1.75
2015.11.24 04:56:57.006,2.32092,2.32156,1.00,1.00
2015.11.24 04:56:57.209,2.32082,2.32156,1.00,1.00
2015.11.24 04:56:57.426,2.32082,2.32147,1.00,1.00
2015.11.24 04:56:58.073,2.32081,2.32147,1.00,1.00
2015.11.24 04:57:00.554,2.32081,2.32156,1.00,1.00
2015.11.24 04:57:06.594,2.32081,2.32146,1.00,1.00
2015.11.24 04:57:14.916,2.32081,2.32157,1.00,1.75
2015.11.24 04:57:21.282,2.32073,2.32156,1.00,1.75
2015.11.24 04:57:21.383,2.32081,2.32146,1.00,1.00
2015.11.24 04:57:21.536,2.32081,2.32157,1.00,2.25
2015.11.24 04:57:21.738,2.32081,2.32146,1.00,1.00
2015.11.24 04:57:22.148,2.32064,2.32146,1.00,1.00
2015.11.24 04:57:23.562,2.32061,2.32126,1.00,1.00
2015.11.24 04:57:23.613,2.32051,2.32126,1.00,1.00
2015.11.24 04:57:24.287,2.32051,2.32127,1.00,1.00
2015.11.24 04:57:25.662,2.32052,2.32127,1.00,1.00
2015.11.24 04:57:26.358,2.32052,2.32126,1.00,1.00
2015.11.24 04:57:26.871,2.32051,2.32126,1.00,1.00
2015.11.24 04:57:27.391,2.32052,2.32126,1.00,1.00
2015.11.24 04:57:31.306,2.32052,2.32127,1.00,1.00
2015.11.24 04:57:31.407,2.32052,2.32127,1.00,1.37
2015.11.24 04:57:31.710,2.32042,2.32116,1.00,1.00
2015.11.24 04:57:34.056,2.32044,2.32126,1.00,1.75
2015.11.24 04:57:36.784,2.32043,2.32117,1.00,1.00
2015.11.24 04:57:38.501,2.32043,2.32127,1.00,1.75
2015.11.24 04:57:38.552,2.32051,2.32127,1.00,1.75
2015.11.24 04:57:40.219,2.32051,2.32127,1.00,1.37
2015.11.24 04:57:40.269,2.32051,2.32127,1.00,1.00
2015.11.24 04:57:40.320,2.32051,2.32127,1.00,1.37
2015.11.24 04:57:52.056,2.32043,2.32127,1.00,1.75
2015.11.24 04:57:52.954,2.32051,2.32127,1.00,1.75
2015.11.24 04:57:53.617,2.32052,2.32127,1.00,1.75
2015.11.24 04:57:54.161,2.32051,2.32127,1.00,1.75
2015.11.24 04:57:54.498,2.32053,2.32137,1.00,1.75
2015.11.24 04:57:54.650,2.32051,2.32126,1.00,1.37
2015.11.24 04:57:55.197,2.32051,2.32126,1.00,1.00
2015.11.24 04:57:55.537,2.32053,2.32137,1.00,1.37
2015.11.24 04:58:09.665,2.32061,2.32137,1.00,1.37
2015.11.24 04:58:09.767,2.32053,2.32137,1.00,1.37
2015.11.24 04:58:10.632,2.32053,2.32137,1.00,1.37
2015.11.24 04:58:10.733,2.32052,2.32126,1.00,1.00
2015.11.24 04:58:11.434,2.32062,2.32126,1.00,1.00
2015.11.24 04:58:11.763,2.32062,2.32136,1.00,1.12
2015.11.24 04:58:17.251,2.32062,2.32137,1.37,1.12
2015.11.24 04:58:17.352,2.32063,2.32147,1.12,1.00
2015.11.24 04:58:17.403,2.32072,2.32147,1.00,1.00
2015.11.24 04:58:17.629,2.32073,2.32157,1.00,1.50
2015.11.24 04:58:17.680,2.32073,2.32157,1.12,1.12
2015.11.24 04:58:17.731,2.32083,2.32167,1.00,1.37
2015.11.24 04:58:18.273,2.32091,2.32166,1.00,1.37
2015.11.24 04:58:18.475,2.32082,2.32156,1.00,1.12
2015.11.24 04:58:18.576,2.32074,2.32156,1.00,1.12
2015.11.24 04:58:18.728,2.32064,2.32146,1.00,1.00
2015.11.24 04:58:19.030,2.32071,2.32146,1.00,1.00
2015.11.24 04:58:19.081,2.32073,2.32157,1.00,1.50
2015.11.24 04:58:20.763,2.32073,2.32157,1.37,1.12
2015.11.24 04:58:20.965,2.32083,2.32167,1.00,1.12
2015.11.24 04:58:21.066,2.32073,2.32157,1.50,1.00
2015.11.24 04:58:25.026,2.32074,2.32156,1.37,1.00
2015.11.24 04:58:25.369,2.32072,2.32147,1.37,1.00
2015.11.24 04:58:25.521,2.32063,2.32147,1.50,1.00
2015.11.24 04:58:27.387,2.32064,2.32146,1.12,1.00
2015.11.24 04:58:27.967,2.32074,2.32156,1.00,1.00
2015.11.24 04:58:30.439,2.32074,2.32156,1.00,1.37
2015.11.24 04:58:30.489,2.32071,2.32146,1.00,1.50
2015.11.24 04:58:31.420,2.32074,2.32156,1.00,1.75
2015.11.24 04:58:31.722,2.32071,2.32137,1.00,1.75
2015.11.24 04:58:31.773,2.32061,2.32137,1.00,1.75
2015.11.24 04:58:34.075,2.32072,2.32137,1.00,1.75
2015.11.24 04:58:34.590,2.32071,2.32146,1.00,1.75
2015.11.24 04:58:37.515,2.32071,2.32147,1.00,1.75
2015.11.24 04:58:37.566,2.32071,2.32147,1.00,1.50
2015.11.24 04:58:38.124,2.32072,2.32147,1.00,1.50
2015.11.24 04:58:51.639,2.32072,2.32137,1.00,1.00
2015.11.24 04:58:52.444,2.32062,2.32137,1.00,1.00
2015.11.24 04:58:52.596,2.32061,2.32136,1.00,1.37
2015.11.24 04:58:52.967,2.32062,2.32137,1.00,1.37
2015.11.24 04:58:53.119,2.32053,2.32135,1.00,1.75
2015.11.24 04:58:53.170,2.32051,2.32126,1.00,1.50
2015.11.24 04:58:55.569,2.32052,2.32126,1.00,1.50
2015.11.24 04:58:57.434,2.32053,2.32127,1.00,1.75
2015.11.24 04:59:00.844,2.32054,2.32126,1.00,1.50
2015.11.24 04:59:08.764,2.32052,2.32126,1.00,1.50
2015.11.24 04:59:09.221,2.32052,2.32126,1.00,1.50
2015.11.24 04:59:09.423,2.32034,2.32116,1.00,1.37
2015.11.24 04:59:09.800,2.32031,2.32106,1.00,1.00
2015.11.24 04:59:10.752,2.32031,2.32107,1.00,1.00
2015.11.24 04:59:11.770,2.32032,2.32107,1.00,1.00
2015.11.24 04:59:12.848,2.32032,2.32106,1.00,1.00
2015.11.24 04:59:16.723,2.32032,2.32106,1.00,1.37
2015.11.24 04:59:17.260,2.32032,2.32097,1.00,1.00
2015.11.24 04:59:18.413,2.32031,2.32097,1.00,1.00
2015.11.24 04:59:19.072,2.32031,2.32106,1.00,1.75
2015.11.24 04:59:19.274,2.32031,2.32106,1.00,1.37
2015.11.24 04:59:19.375,2.32031,2.32106,1.00,1.00
2015.11.24 04:59:19.775,2.32033,2.32117,1.00,1.75
2015.11.24 04:59:20.119,2.32032,2.32106,1.00,1.00
2015.11.24 04:59:20.274,2.32024,2.32106,1.00,1.00
2015.11.24 04:59:24.465,2.32031,2.32106,1.00,1.00
2015.11.24 04:59:24.768,2.32042,2.32117,1.00,2.25
2015.11.24 04:59:24.819,2.32033,2.32117,1.00,2.25
2015.11.24 04:59:24.870,2.32031,2.32106,1.00,1.00
2015.11.24 04:59:25.259,2.32023,2.32107,1.00,1.00
2015.11.24 04:59:25.410,2.32024,2.32096,1.00,1.00
2015.11.24 04:59:26.274,2.32021,2.32096,1.00,1.00
2015.11.24 04:59:26.375,2.32022,2.32096,1.00,1.37
2015.11.24 04:59:30.962,2.32031,2.32097,1.00,1.75
2015.11.24 04:59:31.063,2.32031,2.32097,1.00,1.75
2015.11.24 04:59:31.316,2.32022,2.32097,1.00,1.75
2015.11.24 04:59:31.467,2.32022,2.32087,1.00,1.37
2015.11.24 04:59:31.518,2.32003,2.32087,1.00,1.75
2015.11.24 04:59:32.140,2.31994,2.32076,1.00,1.75
2015.11.24 04:59:34.243,2.32002,2.32076,1.00,1.75
2015.11.24 04:59:34.908,2.32001,2.32076,1.00,1.75
2015.11.24 04:59:35.579,2.32013,2.32086,1.00,1.75
2015.11.24 04:59:35.630,2.32013,2.32097,1.00,1.50
2015.11.24 04:59:35.832,2.32031,2.32106,1.00,1.75
2015.11.24 04:59:41.018,2.32031,2.32086,1.00,1.00
2015.11.24 04:59:41.220,2.32013,2.32097,1.00,1.50
2015.11.24 04:59:41.804,2.32004,2.32086,1.00,1.00
2015.11.24 04:59:41.955,2.32011,2.32086,1.00,1.00
2015.11.24 04:59:42.006,2.32014,2.32096,1.00,1.37
2015.11.24 04:59:42.057,2.32032,2.32096,1.00,1.37
2015.11.24 04:59:42.108,2.32032,2.32106,1.00,1.50
2015.11.24 04:59:42.159,2.32032,2.32106,1.00,1.12
2015.11.24 04:59:42.893,2.32032,2.32097,1.00,1.37
2015.11.24 04:59:49.116,2.32042,2.32107,1.00,1.37
2015.11.24 04:59:49.166,2.32042,2.32107,1.00,1.00
2015.11.24 04:59:49.217,2.32031,2.32107,1.00,1.37
2015.11.24 04:59:49.268,2.32031,2.32097,1.00,1.00
2015.11.24 04:59:49.318,2.32021,2.32097,1.00,1.00
2015.11.24 04:59:49.873,2.32022,2.32096,1.00,1.75
2015.11.24 04:59:51.733,2.32014,2.32096,1.00,1.75
2015.11.24 04:59:53.665,2.32013,2.32097,1.00,1.75
2015.11.24 04:59:56.016,2.32024,2.32104,1.00,1.75
2015.11.24 04:59:56.067,2.32032,2.32104,1.00,1.75
2015.11.24 04:59:56.218,2.32032,2.32097,1.00,1.00
2015.11.24 04:59:56.621,2.32013,2.32094,1.00,1.37
2015.11.24 04:59:56.772,2.32012,2.32086,1.00,1.00
2015.11.24 04:59:56.923,2.32004,2.32086,1.00,1.00
2015.11.24 04:59:56.974,2.32001,2.32077,1.00,1.00
2015.11.24 04:59:57.503,2.32011,2.32087,1.00,1.00
2015.11.24 04:59:58.007,2.32012,2.32087,1.00,1.00
2015.11.24 04:59:58.310,2.32004,2.32086,1.00,1.75
2015.11.24 04:59:59.041,2.32012,2.32086,1.00,1.75
