2015.03.04 13:00:00.194,2.01963,2.02007,1.00,1.07
2015.03.04 13:00:01.512,2.01919,2.01946,1.00,1.00
2015.03.04 13:00:01.562,2.01901,2.01947,1.00,1.00
2015.03.04 13:00:01.663,2.01901,2.01956,1.00,1.00
2015.03.04 13:00:02.205,2.01894,2.01956,1.15,1.00
2015.03.04 13:00:02.522,2.01893,2.01947,1.15,1.00
2015.03.04 13:00:02.903,2.01893,2.01947,1.00,1.10
2015.03.04 13:00:03.324,2.01891,2.01947,1.00,1.10
2015.03.04 13:00:03.629,2.01883,2.01937,1.15,1.00
2015.03.04 13:00:03.730,2.01883,2.01937,1.00,1.10
2015.03.04 13:00:03.882,2.01892,2.01937,1.00,1.10
2015.03.04 13:00:04.083,2.01883,2.01937,1.00,1.10
2015.03.04 13:00:04.184,2.01883,2.01937,1.07,1.00
2015.03.04 13:00:04.386,2.01892,2.01947,1.00,1.07
2015.03.04 13:00:04.647,2.01892,2.01936,1.00,1.00
2015.03.04 13:00:05.091,2.01884,2.01936,1.17,1.00
2015.03.04 13:00:05.739,2.01883,2.01947,1.15,1.07
2015.03.04 13:00:05.840,2.01891,2.01947,1.00,1.07
2015.03.04 13:00:06.155,2.01883,2.01937,1.15,1.00
2015.03.04 13:00:06.434,2.01883,2.01937,1.00,1.00
2015.03.04 13:00:07.941,2.01874,2.01936,1.07,1.00
2015.03.04 13:00:07.991,2.01874,2.01936,1.00,1.07
2015.03.04 13:00:08.519,2.01873,2.01927,1.00,1.07
2015.03.04 13:00:08.793,2.01864,2.01926,1.07,1.10
2015.03.04 13:00:09.145,2.01874,2.01926,1.00,1.10
2015.03.04 13:00:09.346,2.01863,2.01927,1.17,1.07
2015.03.04 13:00:09.800,2.01871,2.01927,1.00,1.07
2015.03.04 13:00:11.873,2.01872,2.01927,1.00,1.07
2015.03.04 13:00:12.438,2.01874,2.01926,1.00,1.10
2015.03.04 13:00:12.740,2.01881,2.01927,1.00,1.00
2015.03.04 13:00:12.891,2.01874,2.01936,1.07,1.10
2015.03.04 13:00:17.499,2.01883,2.01937,1.00,1.07
2015.03.04 13:00:17.600,2.01873,2.01937,1.17,1.07
2015.03.04 13:00:18.096,2.01882,2.01936,1.00,1.10
2015.03.04 13:00:18.423,2.01882,2.01927,1.00,1.00
2015.03.04 13:00:18.902,2.01873,2.01927,1.17,1.00
2015.03.04 13:00:20.663,2.01865,2.01926,1.95,1.00
2015.03.04 13:00:20.764,2.01864,2.01926,1.07,1.07
2015.03.04 13:00:21.656,2.01874,2.01926,1.00,1.07
2015.03.04 13:00:27.923,2.01871,2.01917,1.00,1.00
2015.03.04 13:00:28.373,2.01864,2.01916,1.07,1.00
2015.03.04 13:00:29.181,2.01873,2.01927,1.00,1.17
2015.03.04 13:00:30.540,2.01874,2.01926,1.00,1.07
2015.03.04 13:00:33.146,2.01882,2.01926,1.00,1.07
2015.03.04 13:00:33.246,2.01884,2.01936,1.00,1.07
2015.03.04 13:00:33.763,2.01883,2.01937,1.00,1.07
2015.03.04 13:00:34.330,2.01892,2.01937,1.00,1.07
2015.03.04 13:00:34.534,2.01883,2.01937,1.00,1.07
2015.03.04 13:00:35.554,2.01884,2.01936,1.00,1.07
2015.03.04 13:00:36.649,2.01884,2.01926,1.00,1.00
2015.03.04 13:00:37.202,2.01873,2.01927,1.07,1.00
2015.03.04 13:00:38.655,2.01874,2.01926,1.00,1.07
2015.03.04 13:00:38.857,2.01863,2.01917,1.07,1.00
2015.03.04 13:00:39.656,2.01864,2.01916,1.10,1.00
2015.03.04 13:00:42.095,2.01864,2.01916,1.00,1.07
2015.03.04 13:00:42.618,2.01863,2.01917,1.00,1.17
2015.03.04 13:00:43.237,2.01863,2.01907,1.00,1.00
2015.03.04 13:00:44.821,2.01854,2.01906,1.10,1.00
2015.03.04 13:00:45.131,2.01862,2.01906,1.00,1.00
2015.03.04 13:00:45.336,2.01853,2.01907,1.00,1.15
2015.03.04 13:00:45.437,2.01851,2.01896,1.00,1.00
2015.03.04 13:00:45.746,2.01853,2.01907,1.00,1.15
2015.03.04 13:00:45.898,2.01843,2.01897,1.00,1.00
2015.03.04 13:00:46.099,2.01851,2.01897,1.00,1.00
2015.03.04 13:00:48.070,2.01853,2.01897,1.00,1.00
2015.03.04 13:00:48.430,2.01844,2.01896,1.00,1.00
2015.03.04 13:00:48.632,2.01854,2.01896,1.00,1.00
2015.03.04 13:00:48.833,2.01844,2.01896,1.00,1.00
2015.03.04 13:00:49.374,2.01843,2.01897,1.00,1.00
2015.03.04 13:00:49.626,2.01851,2.01897,1.00,1.00
2015.03.04 13:00:50.129,2.01852,2.01897,1.00,1.00
2015.03.04 13:00:50.815,2.01843,2.01897,1.00,1.00
2015.03.04 13:00:51.348,2.01844,2.01896,1.00,1.00
2015.03.04 13:00:52.376,2.01851,2.01896,1.00,1.00
2015.03.04 13:00:52.907,2.01852,2.01897,1.00,1.00
2015.03.04 13:00:53.210,2.01851,2.01897,1.00,1.15
2015.03.04 13:00:53.361,2.01843,2.01897,1.00,1.15
2015.03.04 13:00:54.226,2.01833,2.01887,1.00,1.00
2015.03.04 13:00:54.872,2.01834,2.01886,1.00,1.00
2015.03.04 13:00:55.537,2.01833,2.01887,1.00,1.00
2015.03.04 13:00:56.096,2.01834,2.01886,1.00,1.00
2015.03.04 13:00:56.248,2.01833,2.01887,1.00,1.15
2015.03.04 13:00:56.775,2.01834,2.01876,1.00,1.00
2015.03.04 13:00:56.978,2.01823,2.01877,1.00,1.00
2015.03.04 13:00:57.343,2.01831,2.01877,1.00,1.00
2015.03.04 13:00:57.897,2.01823,2.01877,1.00,1.00
2015.03.04 13:00:59.432,2.01841,2.01886,1.00,1.00
2015.03.04 13:00:59.634,2.01834,2.01886,1.00,1.00
2015.03.04 13:01:00.405,2.01841,2.01886,1.00,1.00
2015.03.04 13:01:00.506,2.01834,2.01886,1.00,1.00
2015.03.04 13:01:03.388,2.01841,2.01886,1.00,1.00
2015.03.04 13:01:04.038,2.01844,2.01896,1.00,1.15
2015.03.04 13:01:04.987,2.01844,2.01896,1.00,1.07
2015.03.04 13:01:05.502,2.01844,2.01896,1.00,1.00
2015.03.04 13:01:06.208,2.01843,2.01897,1.10,1.00
2015.03.04 13:01:06.360,2.01841,2.01886,1.17,1.00
2015.03.04 13:01:07.639,2.01844,2.01896,1.00,1.00
2015.03.04 13:01:08.716,2.01844,2.01896,1.00,1.07
2015.03.04 13:01:10.081,2.01843,2.01897,1.00,1.17
2015.03.04 13:01:13.765,2.01853,2.01897,1.00,1.17
2015.03.04 13:01:15.573,2.01854,2.01906,1.00,2.70
2015.03.04 13:01:16.035,2.01843,2.01897,1.00,1.17
2015.03.04 13:01:16.560,2.01854,2.01896,1.00,1.07
2015.03.04 13:01:19.624,2.01843,2.01897,1.00,1.17
2015.03.04 13:01:19.775,2.01853,2.01906,1.00,1.95
2015.03.04 13:01:20.077,2.01851,2.01897,1.00,1.17
2015.03.04 13:01:20.592,2.01852,2.01897,1.00,1.17
2015.03.04 13:01:20.743,2.01843,2.01897,1.00,1.17
2015.03.04 13:01:21.403,2.01853,2.01897,1.00,1.17
2015.03.04 13:01:22.041,2.01854,2.01906,1.00,2.70
2015.03.04 13:01:24.902,2.01851,2.01896,1.00,1.07
2015.03.04 13:01:25.053,2.01854,2.01906,1.00,2.70
2015.03.04 13:01:25.456,2.01853,2.01907,1.00,1.15
2015.03.04 13:01:25.507,2.01853,2.01907,1.00,1.15
2015.03.04 13:01:29.012,2.01854,2.01896,1.00,1.00
2015.03.04 13:01:29.411,2.01854,2.01906,1.00,1.15
2015.03.04 13:01:29.994,2.01844,2.01896,1.00,1.00
2015.03.04 13:01:30.500,2.01843,2.01897,1.00,1.07
2015.03.04 13:01:30.651,2.01853,2.01907,1.00,1.15
2015.03.04 13:01:30.802,2.01853,2.01907,1.10,1.00
2015.03.04 13:01:31.507,2.01854,2.01906,1.00,1.00
2015.03.04 13:01:31.658,2.01864,2.01916,1.07,1.10
2015.03.04 13:01:31.960,2.01873,2.01927,1.00,1.07
2015.03.04 13:01:37.405,2.01874,2.01916,1.00,1.00
2015.03.04 13:01:37.707,2.01874,2.01926,1.00,1.10
2015.03.04 13:01:38.890,2.01873,2.01917,1.00,1.00
2015.03.04 13:01:39.202,2.01874,2.01926,1.00,1.10
2015.03.04 13:01:46.042,2.01864,2.01916,1.07,1.00
2015.03.04 13:01:47.152,2.01864,2.01916,1.00,1.00
2015.03.04 13:01:48.332,2.01861,2.01907,1.00,1.00
2015.03.04 13:01:48.382,2.01853,2.01907,1.15,1.00
2015.03.04 13:01:48.433,2.01853,2.01907,1.00,1.00
2015.03.04 13:01:48.961,2.01854,2.01906,1.00,1.00
2015.03.04 13:02:01.200,2.01854,2.01896,1.00,1.00
2015.03.04 13:02:02.855,2.01853,2.01907,1.00,1.00
2015.03.04 13:02:03.369,2.01854,2.01906,1.00,1.00
2015.03.04 13:02:07.743,2.01853,2.01907,1.00,1.00
2015.03.04 13:02:08.383,2.01854,2.01906,1.00,1.00
2015.03.04 13:02:08.810,2.01864,2.01916,1.00,1.00
2015.03.04 13:02:09.112,2.01853,2.01907,1.15,1.00
2015.03.04 13:02:15.872,2.01864,2.01916,1.00,1.00
2015.03.04 13:02:18.590,2.01853,2.01907,1.15,1.00
2015.03.04 13:02:22.355,2.01854,2.01906,1.17,1.00
2015.03.04 13:02:26.203,2.01854,2.01896,1.17,1.00
2015.03.04 13:02:28.546,2.01854,2.01896,1.00,1.00
2015.03.04 13:02:31.252,2.01843,2.01897,1.15,1.00
2015.03.04 13:02:34.908,2.01854,2.01896,1.00,1.00
2015.03.04 13:02:47.729,2.01844,2.01896,1.15,1.00
2015.03.04 13:02:48.257,2.01843,2.01897,1.15,1.00
2015.03.04 13:02:48.610,2.01844,2.01896,1.15,1.00
2015.03.04 13:02:51.855,2.01843,2.01897,1.15,1.00
2015.03.04 13:02:52.918,2.01844,2.01896,1.15,1.00
2015.03.04 13:02:54.885,2.01843,2.01897,1.15,1.00
2015.03.04 13:02:56.559,2.01853,2.01897,1.00,1.00
2015.03.04 13:02:58.747,2.01853,2.01907,1.00,1.00
2015.03.04 13:02:59.171,2.01843,2.01897,1.15,1.00
2015.03.04 13:03:06.849,2.01843,2.01897,1.07,1.00
2015.03.04 13:03:06.900,2.01843,2.01897,1.00,1.00
2015.03.04 13:03:11.166,2.01843,2.01897,1.07,1.00
2015.03.04 13:03:11.598,2.01853,2.01897,1.00,1.00
2015.03.04 13:03:14.459,2.01853,2.01907,1.00,1.10
2015.03.04 13:03:14.963,2.01854,2.01906,1.00,1.00
2015.03.04 13:03:15.714,2.01853,2.01907,1.00,1.10
2015.03.04 13:03:28.843,2.01855,2.01907,1.17,1.00
2015.03.04 13:03:29.095,2.01863,2.01917,1.00,1.10
2015.03.04 13:03:29.246,2.01853,2.01907,1.15,1.00
2015.03.04 13:03:29.786,2.01854,2.01906,1.15,1.00
2015.03.04 13:03:29.945,2.01854,2.01906,1.00,1.00
2015.03.04 13:03:37.449,2.01844,2.01896,1.17,1.00
2015.03.04 13:03:42.880,2.01843,2.01897,1.15,1.00
2015.03.04 13:03:44.055,2.01841,2.01887,1.15,1.00
2015.03.04 13:03:44.308,2.01833,2.01887,1.15,1.00
2015.03.04 13:03:44.427,2.01844,2.01896,1.00,1.10
2015.03.04 13:03:44.635,2.01833,2.01887,1.15,1.00
2015.03.04 13:03:47.037,2.01842,2.01887,1.00,1.00
2015.03.04 13:03:47.140,2.01833,2.01887,1.15,1.00
2015.03.04 13:03:47.693,2.01844,2.01896,1.00,1.10
2015.03.04 13:03:52.151,2.01844,2.01896,1.07,1.00
2015.03.04 13:03:52.872,2.01843,2.01897,1.17,1.00
2015.03.04 13:03:53.224,2.01836,2.01887,1.00,1.00
2015.03.04 13:03:54.546,2.01844,2.01886,1.00,1.00
2015.03.04 13:03:55.295,2.01843,2.01897,1.00,1.10
2015.03.04 13:03:55.497,2.01833,2.01887,1.07,1.00
2015.03.04 13:03:56.001,2.01834,2.01886,1.10,1.00
2015.03.04 13:03:57.182,2.01844,2.01886,1.00,1.00
2015.03.04 13:03:59.353,2.01834,2.01886,1.10,1.00
2015.03.04 13:03:59.857,2.01833,2.01887,1.07,1.00
2015.03.04 13:04:02.858,2.01834,2.01886,1.10,1.00
2015.03.04 13:04:04.289,2.01833,2.01887,1.07,1.00
2015.03.04 13:04:04.641,2.01842,2.01886,1.00,1.00
2015.03.04 13:04:04.943,2.01844,2.01886,1.00,1.00
2015.03.04 13:04:04.993,2.01833,2.01887,1.07,1.00
2015.03.04 13:04:12.963,2.01833,2.01887,1.15,1.00
2015.03.04 13:04:13.345,2.01842,2.01887,1.00,1.00
2015.03.04 13:04:13.465,2.01843,2.01897,1.00,1.00
2015.03.04 13:04:14.628,2.01842,2.01887,1.00,1.00
2015.03.04 13:04:16.427,2.01841,2.01887,1.00,1.00
2015.03.04 13:04:18.928,2.01843,2.01897,1.00,1.00
2015.03.04 13:04:22.339,2.01852,2.01897,1.00,1.00
2015.03.04 13:04:23.530,2.01844,2.01896,1.15,1.00
2015.03.04 13:04:25.297,2.01843,2.01897,1.15,1.00
2015.03.04 13:04:25.448,2.01852,2.01897,1.00,1.00
2015.03.04 13:04:25.799,2.01843,2.01897,1.15,1.00
2015.03.04 13:04:26.001,2.01841,2.01887,1.15,1.00
2015.03.04 13:04:27.500,2.01842,2.01886,1.15,1.00
2015.03.04 13:04:30.711,2.01843,2.01897,1.15,1.00
2015.03.04 13:04:32.458,2.01844,2.01896,1.15,1.00
2015.03.04 13:04:35.947,2.01854,2.01906,1.00,1.00
2015.03.04 13:04:36.149,2.01861,2.01906,1.00,1.00
2015.03.04 13:04:36.301,2.01863,2.01917,1.07,1.00
2015.03.04 13:04:36.453,2.01874,2.01926,1.00,1.00
2015.03.04 13:04:36.944,2.01874,2.01926,1.15,1.00
2015.03.04 13:04:37.465,2.01873,2.01927,2.70,1.00
2015.03.04 13:04:38.261,2.01873,2.01927,1.07,1.00
2015.03.04 13:04:38.312,2.01874,2.01916,1.10,1.00
2015.03.04 13:04:38.614,2.01863,2.01917,1.10,1.00
2015.03.04 13:04:38.866,2.01862,2.01906,1.17,1.00
2015.03.04 13:04:38.967,2.01853,2.01907,1.10,1.00
2015.03.04 13:04:40.587,2.01843,2.01897,1.15,1.00
2015.03.04 13:04:42.831,2.01856,2.01897,1.87,1.00
2015.03.04 13:04:42.932,2.01861,2.01906,1.15,1.00
2015.03.04 13:04:43.033,2.01873,2.01927,1.00,1.00
2015.03.04 13:04:43.134,2.01864,2.01916,1.15,1.00
2015.03.04 13:04:43.285,2.01854,2.01906,1.17,1.00
2015.03.04 13:04:43.486,2.01854,2.01896,1.17,1.00
2015.03.04 13:04:44.107,2.01853,2.01907,1.15,1.00
2015.03.04 13:04:45.431,2.01845,2.01897,1.95,1.00
2015.03.04 13:04:45.481,2.01843,2.01897,1.15,1.00
2015.03.04 13:04:45.977,2.01852,2.01897,1.00,1.00
2015.03.04 13:04:46.442,2.01854,2.01906,1.00,1.00
2015.03.04 13:04:50.962,2.01853,2.01897,1.00,1.00
2015.03.04 13:04:52.937,2.01853,2.01907,1.00,1.00
2015.03.04 13:04:54.255,2.01852,2.01896,1.00,1.00
2015.03.04 13:04:54.305,2.01844,2.01896,1.15,1.00
2015.03.04 13:04:54.356,2.01854,2.01896,1.00,1.00
2015.03.04 13:04:54.457,2.01853,2.01907,1.00,1.00
2015.03.04 13:04:54.709,2.01853,2.01897,1.00,1.00
2015.03.04 13:04:54.809,2.01844,2.01896,1.15,1.00
2015.03.04 13:05:00.282,2.01843,2.01897,1.15,1.00
2015.03.04 13:05:06.080,2.01843,2.01897,1.15,1.00
2015.03.04 13:05:14.247,2.01853,2.01907,1.00,1.00
2015.03.04 13:05:15.324,2.01854,2.01906,1.00,1.00
2015.03.04 13:05:21.119,2.01853,2.01907,1.00,1.00
2015.03.04 13:05:24.838,2.01853,2.01906,1.00,1.87
2015.03.04 13:05:24.889,2.01843,2.01897,1.00,1.07
2015.03.04 13:05:24.994,2.01834,2.01886,1.07,1.00
2015.03.04 13:05:32.721,2.01841,2.01886,1.00,1.00
2015.03.04 13:05:33.887,2.01834,2.01886,1.07,1.00
2015.03.04 13:05:34.009,2.01844,2.01896,1.00,1.07
2015.03.04 13:05:34.564,2.01843,2.01897,1.00,1.07
2015.03.04 13:05:34.765,2.01843,2.01897,1.07,1.00
2015.03.04 13:05:35.361,2.01844,2.01896,1.10,1.00
2015.03.04 13:05:35.563,2.01853,2.01907,1.00,1.10
2015.03.04 13:05:38.772,2.01854,2.01906,1.00,1.00
2015.03.04 13:05:45.050,2.01854,2.01906,1.07,1.00
2015.03.04 13:05:45.456,2.01853,2.01897,1.17,1.00
2015.03.04 13:05:47.456,2.01853,2.01907,1.17,1.00
2015.03.04 13:05:51.200,2.01853,2.01907,1.10,1.10
2015.03.04 13:05:54.569,2.01854,2.01906,1.00,1.00
2015.03.04 13:05:55.309,2.01854,2.01906,1.07,1.00
2015.03.04 13:05:55.813,2.01853,2.01907,1.15,1.00
2015.03.04 13:05:57.767,2.01863,2.01907,1.00,1.00
2015.03.04 13:05:57.868,2.01854,2.01906,1.17,1.00
2015.03.04 13:06:02.554,2.01854,2.01906,1.10,1.10
2015.03.04 13:06:03.068,2.01853,2.01907,1.00,1.07
2015.03.04 13:06:08.134,2.01843,2.01897,1.15,1.00
2015.03.04 13:06:09.363,2.01844,2.01896,1.00,1.00
2015.03.04 13:06:09.464,2.01834,2.01886,1.07,1.00
2015.03.04 13:06:13.077,2.01833,2.01887,1.17,1.00
2015.03.04 13:06:13.276,2.01833,2.01887,1.00,1.00
2015.03.04 13:06:14.663,2.01833,2.01887,1.07,1.00
2015.03.04 13:06:19.767,2.01833,2.01887,1.00,1.00
2015.03.04 13:06:20.069,2.01833,2.01887,1.00,1.15
2015.03.04 13:06:20.321,2.01813,2.01867,1.00,1.17
2015.03.04 13:06:20.859,2.01814,2.01866,1.00,1.07
2015.03.04 13:06:21.784,2.01814,2.01866,1.00,1.00
2015.03.04 13:06:23.359,2.01824,2.01866,1.00,1.00
2015.03.04 13:06:24.025,2.01824,2.01876,1.00,1.07
2015.03.04 13:06:25.424,2.01824,2.01876,1.00,1.00
2015.03.04 13:06:25.737,2.01813,2.01867,1.15,1.00
2015.03.04 13:06:25.788,2.01813,2.01867,1.17,1.00
2015.03.04 13:06:25.889,2.01813,2.01867,1.10,1.00
2015.03.04 13:06:29.218,2.01813,2.01867,1.00,1.15
2015.03.04 13:06:29.269,2.01803,2.01857,1.00,1.00
2015.03.04 13:06:29.789,2.01804,2.01856,1.00,1.00
2015.03.04 13:06:30.334,2.01803,2.01857,1.00,1.00
2015.03.04 13:06:30.873,2.01804,2.01856,1.00,1.00
2015.03.04 13:06:31.668,2.01804,2.01856,1.07,1.00
2015.03.04 13:06:31.769,2.01813,2.01867,1.00,1.00
2015.03.04 13:06:32.272,2.01814,2.01866,1.00,1.00
2015.03.04 13:06:32.819,2.01813,2.01867,1.00,1.00
2015.03.04 13:06:33.523,2.01814,2.01866,1.00,1.00
2015.03.04 13:06:34.281,2.01823,2.01877,1.00,1.15
2015.03.04 13:06:35.531,2.01823,2.01877,1.00,1.00
2015.03.04 13:06:41.459,2.01814,2.01866,1.15,1.00
2015.03.04 13:06:41.560,2.01823,2.01877,1.00,1.00
2015.03.04 13:06:43.573,2.01813,2.01867,1.07,1.00
2015.03.04 13:06:43.624,2.01813,2.01867,1.00,1.00
2015.03.04 13:06:44.286,2.01814,2.01866,1.00,1.00
2015.03.04 13:06:44.642,2.01813,2.01867,1.15,1.00
2015.03.04 13:06:46.729,2.01814,2.01866,1.17,1.00
2015.03.04 13:06:52.897,2.01818,2.01866,1.00,1.00
2015.03.04 13:06:54.316,2.01823,2.01877,1.00,1.00
2015.03.04 13:06:54.467,2.01824,2.01876,1.07,1.00
2015.03.04 13:06:58.370,2.01833,2.01887,1.00,1.00
2015.03.04 13:06:59.075,2.01824,2.01876,1.15,1.00
2015.03.04 13:07:00.916,2.01823,2.01877,1.15,1.00
2015.03.04 13:07:01.489,2.01816,2.01866,1.95,1.00
2015.03.04 13:07:01.885,2.01824,2.01876,1.15,1.00
2015.03.04 13:07:02.887,2.01816,2.01866,1.95,1.00
2015.03.04 13:07:03.038,2.01823,2.01877,1.15,1.00
2015.03.04 13:07:03.289,2.01823,2.01877,1.07,1.00
2015.03.04 13:07:03.340,2.01814,2.01866,1.17,1.00
2015.03.04 13:07:03.793,2.01814,2.01866,1.10,1.00
2015.03.04 13:07:05.198,2.01813,2.01867,1.00,1.00
2015.03.04 13:07:05.399,2.01814,2.01866,1.07,1.00
2015.03.04 13:07:05.752,2.01824,2.01876,1.00,1.00
2015.03.04 13:07:05.903,2.01824,2.01876,1.07,1.00
2015.03.04 13:07:06.004,2.01823,2.01887,1.15,1.00
2015.03.04 13:07:07.667,2.01832,2.01887,1.00,1.00
2015.03.04 13:07:07.969,2.01842,2.01886,1.00,1.00
2015.03.04 13:07:08.605,2.01834,2.01886,1.07,1.00
2015.03.04 13:07:08.826,2.01841,2.01886,1.00,1.00
2015.03.04 13:07:09.636,2.01834,2.01886,1.07,1.00
2015.03.04 13:07:10.269,2.01844,2.01896,1.00,1.00
2015.03.04 13:07:14.957,2.01844,2.01896,1.07,1.00
2015.03.04 13:07:15.008,2.01844,2.01906,1.07,1.00
2015.03.04 13:07:15.109,2.01843,2.01897,1.17,1.00
2015.03.04 13:07:16.123,2.01853,2.01907,1.00,1.10
2015.03.04 13:07:20.158,2.01843,2.01907,1.17,1.10
2015.03.04 13:07:21.070,2.01864,2.01914,1.00,1.15
2015.03.04 13:07:21.171,2.01868,2.01916,1.07,1.00
2015.03.04 13:07:21.884,2.01883,2.01923,1.00,1.00
2015.03.04 13:07:21.935,2.01883,2.01947,1.00,1.15
2015.03.04 13:07:22.501,2.01893,2.01947,1.00,1.15
2015.03.04 13:07:23.448,2.01894,2.01946,1.00,1.15
2015.03.04 13:07:24.244,2.01893,2.01947,1.00,1.15
2015.03.04 13:07:24.397,2.01893,2.01947,1.00,1.00
2015.03.04 13:07:27.217,2.01894,2.01946,1.00,1.00
2015.03.04 13:07:27.426,2.01904,2.01956,1.00,1.15
2015.03.04 13:07:34.016,2.01894,2.01946,1.00,1.00
2015.03.04 13:07:34.527,2.01893,2.01947,1.00,1.00
2015.03.04 13:07:35.075,2.01894,2.01946,1.00,1.00
2015.03.04 13:07:36.904,2.01904,2.01956,1.00,1.15
2015.03.04 13:07:38.737,2.01893,2.01947,1.00,1.00
2015.03.04 13:07:42.077,2.01894,2.01946,1.00,1.00
2015.03.04 13:08:00.007,2.01904,2.01956,1.00,1.17
2015.03.04 13:08:05.047,2.01904,2.01956,1.00,1.15
2015.03.04 13:08:08.032,2.01903,2.01957,1.00,1.15
2015.03.04 13:08:08.183,2.01903,2.01957,1.00,1.00
2015.03.04 13:08:08.637,2.01903,2.01967,1.50,1.15
2015.03.04 13:08:09.396,2.01913,2.01967,1.00,1.15
2015.03.04 13:08:11.380,2.01914,2.01966,1.00,1.15
2015.03.04 13:08:13.028,2.01903,2.01957,1.00,1.00
2015.03.04 13:08:13.179,2.01904,2.01956,1.00,1.15
2015.03.04 13:08:13.382,2.01893,2.01947,1.00,1.00
2015.03.04 13:08:15.815,2.01893,2.01938,1.00,1.00
2015.03.04 13:08:16.117,2.01883,2.01937,1.00,1.00
2015.03.04 13:08:24.065,2.01884,2.01937,1.00,1.00
2015.03.04 13:08:24.674,2.01884,2.01937,1.15,1.00
2015.03.04 13:08:27.624,2.01883,2.01928,1.65,1.00
2015.03.04 13:08:28.249,2.01883,2.01937,1.65,1.00
2015.03.04 13:08:29.124,2.01883,2.01928,1.65,1.00
2015.03.04 13:08:29.566,2.01883,2.01937,1.65,1.00
2015.03.04 13:08:34.387,2.01883,2.01937,1.00,1.07
2015.03.04 13:08:34.488,2.01883,2.01937,1.00,1.15
2015.03.04 13:08:34.589,2.01873,2.01927,1.00,1.00
2015.03.04 13:08:34.894,2.01868,2.01926,1.07,1.00
2015.03.04 13:08:42.470,2.01863,2.01917,1.00,1.00
2015.03.04 13:08:43.154,2.01855,2.01907,1.15,1.00
2015.03.04 13:08:47.325,2.01884,2.01936,1.00,1.15
2015.03.04 13:08:52.400,2.01877,2.01926,1.07,1.00
2015.03.04 13:08:52.450,2.01877,2.01926,1.15,1.00
2015.03.04 13:08:52.501,2.01883,2.01937,1.00,1.00
2015.03.04 13:08:53.044,2.01884,2.01936,1.00,1.00
2015.03.04 13:08:53.298,2.01886,2.01947,1.00,1.15
2015.03.04 13:08:53.398,2.01893,2.01947,1.00,1.15
2015.03.04 13:08:53.859,2.01884,2.01936,1.00,1.00
2015.03.04 13:08:53.960,2.01894,2.01946,1.00,1.15
2015.03.04 13:08:54.061,2.01883,2.01937,1.00,1.00
2015.03.04 13:08:54.585,2.01879,2.01926,1.07,1.00
2015.03.04 13:08:54.738,2.01884,2.01936,1.00,1.00
2015.03.04 13:08:59.101,2.01884,2.01936,1.07,1.00
2015.03.04 13:08:59.253,2.01896,2.01947,1.00,1.00
2015.03.04 13:08:59.354,2.01903,2.01957,1.00,1.15
2015.03.04 13:09:00.564,2.01903,2.01957,1.00,1.00
2015.03.04 13:09:02.355,2.01903,2.01957,1.15,1.00
2015.03.04 13:09:04.540,2.01903,2.01957,1.00,1.00
2015.03.04 13:09:06.835,2.01913,2.01967,1.00,1.15
2015.03.04 13:09:11.963,2.01914,2.01966,1.00,1.15
2015.03.04 13:09:18.534,2.01914,2.01966,1.00,1.07
2015.03.04 13:09:18.666,2.01914,2.01966,1.00,1.00
2015.03.04 13:09:20.650,2.01923,2.01977,1.00,1.15
2015.03.04 13:09:22.347,2.01913,2.01967,1.00,1.00
2015.03.04 13:09:25.837,2.01913,2.01977,1.00,1.15
2015.03.04 13:09:25.938,2.01913,2.01967,1.00,1.00
2015.03.04 13:09:26.445,2.01914,2.01966,1.00,1.00
2015.03.04 13:09:35.952,2.01923,2.01977,1.00,1.15
2015.03.04 13:09:36.316,2.01914,2.01966,1.00,1.00
2015.03.04 13:09:37.829,2.01913,2.01967,1.00,1.00
2015.03.04 13:09:38.081,2.01903,2.01957,1.15,1.00
2015.03.04 13:09:38.132,2.01903,2.01957,1.00,1.07
2015.03.04 13:09:38.383,2.01894,2.01946,1.07,1.00
2015.03.04 13:09:38.585,2.01893,2.01947,1.00,1.17
2015.03.04 13:09:38.711,2.01883,2.01937,1.17,1.00
2015.03.04 13:09:39.214,2.01884,2.01936,1.00,1.00
2015.03.04 13:09:40.387,2.01883,2.01937,1.00,1.10
2015.03.04 13:09:40.719,2.01874,2.01926,1.10,1.00
2015.03.04 13:09:43.895,2.01873,2.01927,1.00,1.07
2015.03.04 13:09:47.509,2.01874,2.01926,1.00,1.10
2015.03.04 13:09:49.045,2.01864,2.01916,1.07,1.00
2015.03.04 13:09:49.297,2.01864,2.01926,1.07,1.10
2015.03.04 13:09:49.398,2.01863,2.01917,1.17,1.00
2015.03.04 13:09:49.473,2.01863,2.01927,1.17,1.07
2015.03.04 13:09:49.523,2.01863,2.01927,2.70,1.00
2015.03.04 13:09:52.086,2.01854,2.01906,1.15,1.00
2015.03.04 13:09:52.137,2.01854,2.01906,1.07,1.00
2015.03.04 13:09:53.669,2.01864,2.01916,1.00,1.07
2015.03.04 13:09:54.983,2.01854,2.01906,1.07,1.00
2015.03.04 13:09:55.423,2.01864,2.01916,1.00,1.07
2015.03.04 13:09:56.634,2.01863,2.01917,1.00,1.17
2015.03.04 13:09:58.745,2.01853,2.01907,1.17,1.00
2015.03.04 13:10:00.146,2.01863,2.01917,1.00,1.17
2015.03.04 13:10:01.308,2.01853,2.01907,1.17,1.00
2015.03.04 13:10:11.852,2.01853,2.01907,1.00,1.00
2015.03.04 13:10:13.980,2.01863,2.01917,1.00,1.00
2015.03.04 13:10:16.223,2.01854,2.01906,1.15,1.00
2015.03.04 13:10:26.765,2.01854,2.01906,1.00,1.00
2015.03.04 13:10:31.723,2.01863,2.01917,1.00,1.15
2015.03.04 13:10:31.875,2.01854,2.01906,1.00,1.00
2015.03.04 13:10:31.976,2.01864,2.01916,1.00,1.15
2015.03.04 13:10:32.477,2.01863,2.01917,1.00,1.15
2015.03.04 13:10:32.935,2.01853,2.01907,1.00,1.00
2015.03.04 13:10:33.037,2.01864,2.01916,1.00,1.07
2015.03.04 13:10:33.087,2.01864,2.01916,1.00,1.00
2015.03.04 13:10:33.607,2.01853,2.01907,1.15,1.00
2015.03.04 13:10:34.289,2.01854,2.01906,1.15,1.00
2015.03.04 13:10:35.124,2.01853,2.01907,1.15,1.00
2015.03.04 13:10:37.379,2.01853,2.01907,1.07,1.00
2015.03.04 13:10:37.430,2.01853,2.01907,1.00,1.00
2015.03.04 13:10:37.480,2.01843,2.01897,1.07,1.00
2015.03.04 13:10:37.531,2.01843,2.01897,1.00,1.50
2015.03.04 13:10:37.682,2.01841,2.01886,1.00,1.00
2015.03.04 13:10:38.135,2.01843,2.01897,1.00,1.00
2015.03.04 13:10:39.304,2.01844,2.01896,1.00,1.00
2015.03.04 13:10:41.282,2.01842,2.01886,1.00,1.00
2015.03.04 13:10:41.705,2.01834,2.01886,1.15,1.00
2015.03.04 13:10:42.158,2.01842,2.01886,1.00,1.00
2015.03.04 13:10:43.108,2.01834,2.01886,1.15,1.00
2015.03.04 13:10:43.209,2.01843,2.01897,1.00,1.00
2015.03.04 13:10:43.310,2.01834,2.01886,1.15,1.00
2015.03.04 13:10:43.511,2.01844,2.01896,1.00,1.00
2015.03.04 13:10:44.207,2.01844,2.01896,1.07,1.00
2015.03.04 13:10:46.721,2.01843,2.01907,1.15,1.00
2015.03.04 13:10:46.931,2.01843,2.01897,1.15,1.00
2015.03.04 13:10:50.970,2.01844,2.01896,1.15,1.00
2015.03.04 13:10:51.484,2.01843,2.01897,1.15,1.00
2015.03.04 13:10:53.523,2.01844,2.01896,1.07,1.00
2015.03.04 13:10:53.629,2.01844,2.01896,1.00,1.00
2015.03.04 13:10:53.730,2.01834,2.01886,1.15,1.00
2015.03.04 13:10:54.234,2.01826,2.01887,1.15,1.00
2015.03.04 13:10:54.284,2.01833,2.01887,1.00,1.00
2015.03.04 13:10:55.842,2.01834,2.01886,1.00,1.00
2015.03.04 13:10:56.044,2.01843,2.01897,1.00,1.00
2015.03.04 13:10:57.713,2.01844,2.01896,1.00,1.00
2015.03.04 13:11:01.141,2.01834,2.01886,1.15,1.00
2015.03.04 13:11:02.117,2.01833,2.01887,1.15,1.00
2015.03.04 13:11:05.419,2.01844,2.01896,1.00,1.00
2015.03.04 13:11:05.634,2.01834,2.01886,1.15,1.00
2015.03.04 13:11:11.184,2.01834,2.01886,1.00,1.00
2015.03.04 13:11:11.335,2.01824,2.01876,1.15,1.00
2015.03.04 13:11:12.507,2.01832,2.01876,1.00,1.00
2015.03.04 13:11:13.104,2.01831,2.01876,1.00,1.00
2015.03.04 13:11:13.392,2.01824,2.01876,1.15,1.00
2015.03.04 13:11:13.796,2.01824,2.01876,1.00,1.00
2015.03.04 13:11:14.304,2.01823,2.01877,1.00,1.00
2015.03.04 13:11:16.641,2.01821,2.01876,1.10,1.00
2015.03.04 13:11:16.854,2.01823,2.01877,1.00,1.00
2015.03.04 13:11:21.655,2.01824,2.01876,1.00,1.00
2015.03.04 13:11:21.914,2.01813,2.01867,1.00,1.00
2015.03.04 13:11:25.043,2.01813,2.01867,1.00,1.07
2015.03.04 13:11:25.094,2.01803,2.01857,1.00,1.00
2015.03.04 13:11:27.033,2.01803,2.01857,1.15,1.00
2015.03.04 13:11:27.576,2.01804,2.01856,1.15,1.00
2015.03.04 13:11:29.819,2.01812,2.01856,1.00,1.00
2015.03.04 13:11:30.112,2.01804,2.01856,1.15,1.00
2015.03.04 13:11:30.333,2.01811,2.01856,1.00,1.00
2015.03.04 13:11:30.552,2.01804,2.01856,1.15,1.00
2015.03.04 13:11:31.035,2.01813,2.01867,1.00,1.00
2015.03.04 13:11:33.498,2.01823,2.01877,1.00,1.15
2015.03.04 13:11:34.251,2.01813,2.01867,1.00,1.00
2015.03.04 13:11:40.743,2.01814,2.01866,1.00,1.00
2015.03.04 13:11:42.164,2.01813,2.01867,1.00,1.00
2015.03.04 13:11:42.466,2.01813,2.01867,1.07,1.00
2015.03.04 13:11:42.789,2.01813,2.01867,1.15,1.00
2015.03.04 13:11:44.787,2.01823,2.01877,1.00,1.00
2015.03.04 13:11:45.585,2.01824,2.01877,1.00,1.00
2015.03.04 13:11:45.686,2.01824,2.01877,1.15,1.00
2015.03.04 13:11:46.340,2.01833,2.01887,1.00,1.00
2015.03.04 13:11:46.391,2.01833,2.01887,1.15,1.00
2015.03.04 13:11:46.908,2.01834,2.01886,1.15,1.00
2015.03.04 13:11:47.888,2.01833,2.01887,1.15,1.00
2015.03.04 13:11:48.405,2.01833,2.01887,1.00,1.00
2015.03.04 13:11:50.726,2.01824,2.01876,1.00,1.00
2015.03.04 13:11:51.282,2.01823,2.01877,1.00,1.00
2015.03.04 13:12:01.109,2.01823,2.01887,1.00,1.15
2015.03.04 13:12:01.985,2.01823,2.01887,1.07,1.07
2015.03.04 13:12:02.086,2.01823,2.01887,1.15,1.00
2015.03.04 13:12:02.714,2.01833,2.01897,1.00,1.15
2015.03.04 13:12:02.973,2.01834,2.01886,1.00,1.00
2015.03.04 13:12:08.691,2.01827,2.01886,1.17,1.00
2015.03.04 13:12:09.538,2.01833,2.01887,1.00,1.00
2015.03.04 13:12:09.853,2.01833,2.01887,1.15,1.00
2015.03.04 13:12:10.304,2.01834,2.01896,1.15,1.00
2015.03.04 13:12:10.405,2.01842,2.01896,1.00,1.00
2015.03.04 13:12:10.707,2.01838,2.01896,1.95,1.00
2015.03.04 13:12:11.010,2.01843,2.01907,1.15,1.00
2015.03.04 13:12:11.111,2.0184,2.01896,1.15,1.00
2015.03.04 13:12:13.171,2.01843,2.01907,1.65,1.00
2015.03.04 13:12:19.613,2.01838,2.01897,1.95,1.00
2015.03.04 13:12:23.211,2.01838,2.01896,1.95,1.00
2015.03.04 13:12:23.825,2.01838,2.01897,1.95,1.00
2015.03.04 13:12:28.771,2.01833,2.01897,1.15,1.00
2015.03.04 13:12:30.111,2.01835,2.01896,1.15,1.00
2015.03.04 13:12:30.658,2.01838,2.01897,1.15,1.00
2015.03.04 13:12:31.427,2.01842,2.01897,1.00,1.00
2015.03.04 13:12:31.934,2.01841,2.01897,1.10,1.00
2015.03.04 13:12:35.584,2.01842,2.01897,1.00,1.00
2015.03.04 13:12:36.140,2.01841,2.01897,1.10,1.00
2015.03.04 13:12:36.686,2.01842,2.01897,1.00,1.00
2015.03.04 13:12:36.736,2.01844,2.01896,1.00,1.00
2015.03.04 13:12:37.045,2.01844,2.01896,1.07,1.00
2015.03.04 13:12:38.354,2.01844,2.01907,1.15,1.00
2015.03.04 13:12:44.837,2.01843,2.01906,1.15,1.00
2015.03.04 13:12:44.887,2.01843,2.01906,1.00,1.15
2015.03.04 13:12:45.190,2.01841,2.01897,1.00,1.00
2015.03.04 13:12:45.492,2.01834,2.01886,1.17,1.00
2015.03.04 13:12:45.794,2.01834,2.01886,1.00,1.00
2015.03.04 13:12:46.412,2.01833,2.01897,1.00,1.15
2015.03.04 13:12:50.425,2.01833,2.01897,1.17,1.10
2015.03.04 13:12:51.020,2.01833,2.01887,1.17,1.00
2015.03.04 13:12:51.373,2.01833,2.01897,1.17,1.10
2015.03.04 13:12:52.789,2.01833,2.01892,1.17,1.00
2015.03.04 13:12:57.931,2.01833,2.01893,1.17,1.00
2015.03.04 13:12:59.445,2.01833,2.01892,1.17,1.00
2015.03.04 13:12:59.748,2.01833,2.01887,1.17,1.00
2015.03.04 13:13:00.715,2.01824,2.01886,2.70,1.00
2015.03.04 13:13:01.352,2.01824,2.01887,1.95,1.00
2015.03.04 13:13:01.553,2.01823,2.01887,1.17,1.00
2015.03.04 13:13:03.046,2.01823,2.01881,1.17,1.00
2015.03.04 13:13:06.930,2.01823,2.01882,1.17,1.00
2015.03.04 13:13:11.453,2.01824,2.01882,2.70,1.00
2015.03.04 13:13:11.504,2.01824,2.01887,1.95,1.00
2015.03.04 13:13:12.256,2.01833,2.01888,1.17,1.00
2015.03.04 13:13:12.476,2.01833,2.01892,1.17,1.00
2015.03.04 13:13:13.112,2.01833,2.01891,1.17,1.00
2015.03.04 13:13:13.641,2.01833,2.01892,1.17,1.00
2015.03.04 13:13:19.432,2.01834,2.01891,1.07,1.00
2015.03.04 13:13:20.488,2.01834,2.01895,1.57,1.00
2015.03.04 13:13:21.510,2.01837,2.01895,1.00,1.00
2015.03.04 13:13:22.786,2.01837,2.01895,1.15,1.00
2015.03.04 13:13:30.445,2.01843,2.01898,1.15,1.00
2015.03.04 13:13:31.471,2.01843,2.01895,1.15,2.25
2015.03.04 13:13:34.379,2.01843,2.01894,1.15,1.00
2015.03.04 13:13:42.933,2.01844,2.01894,1.15,1.00
2015.03.04 13:13:43.472,2.01844,2.01895,1.15,1.00
2015.03.04 13:13:44.556,2.01844,2.01901,1.15,1.00
2015.03.04 13:13:45.491,2.01844,2.01906,1.15,1.00
2015.03.04 13:13:46.005,2.01838,2.01907,1.95,1.00
2015.03.04 13:13:46.106,2.01833,2.01895,1.17,1.00
2015.03.04 13:13:46.710,2.01834,2.01896,1.10,1.00
2015.03.04 13:13:47.213,2.01833,2.01897,1.17,1.10
2015.03.04 13:13:47.906,2.01834,2.01896,1.10,1.00
2015.03.04 13:13:51.158,2.01834,2.01884,1.00,1.00
2015.03.04 13:13:51.209,2.01824,2.01884,1.10,1.00
2015.03.04 13:13:51.720,2.01824,2.01886,1.10,1.07
2015.03.04 13:13:52.329,2.01825,2.01886,1.00,1.07
2015.03.04 13:13:52.853,2.01826,2.01886,1.00,1.07
2015.03.04 13:13:53.611,2.01824,2.01886,1.10,1.07
2015.03.04 13:13:57.765,2.01825,2.01886,1.00,1.07
2015.03.04 13:13:57.865,2.01825,2.01886,1.15,1.00
2015.03.04 13:13:58.017,2.01834,2.01896,1.00,1.10
2015.03.04 13:13:58.580,2.01833,2.01897,1.57,1.10
2015.03.04 13:13:58.633,2.01834,2.01899,1.65,1.00
2015.03.04 13:13:59.036,2.01834,2.01906,1.65,1.57
2015.03.04 13:13:59.539,2.01844,2.01906,1.00,1.57
2015.03.04 13:13:59.741,2.01844,2.01898,1.00,1.00
2015.03.04 13:14:00.044,2.01837,2.01896,1.15,1.00
2015.03.04 13:14:00.548,2.01834,2.01897,1.15,1.00
2015.03.04 13:14:04.080,2.01833,2.01897,1.07,1.07
2015.03.04 13:14:04.697,2.01834,2.01886,1.10,1.00
2015.03.04 13:14:04.798,2.01824,2.01884,1.07,1.00
2015.03.04 13:14:04.899,2.01824,2.01874,1.07,1.00
2015.03.04 13:14:05.100,2.01804,2.01866,1.15,1.00
2015.03.04 13:14:05.201,2.01804,2.01858,1.15,1.00
2015.03.04 13:14:05.352,2.01804,2.01858,1.15,1.00
2015.03.04 13:14:05.403,2.01804,2.01858,1.07,1.00
2015.03.04 13:14:05.932,2.01794,2.01856,2.70,1.00
2015.03.04 13:14:06.039,2.01803,2.01858,1.17,1.00
2015.03.04 13:14:07.385,2.01794,2.01857,1.95,1.00
2015.03.04 13:14:10.118,2.01794,2.01856,2.70,1.00
2015.03.04 13:14:11.082,2.01794,2.01857,1.95,1.00
2015.03.04 13:14:16.627,2.01803,2.01867,1.17,1.10
2015.03.04 13:14:21.922,2.01804,2.01867,1.95,1.00
2015.03.04 13:14:22.251,2.01804,2.01857,1.95,1.00
2015.03.04 13:14:22.720,2.01795,2.01857,1.95,1.00
2015.03.04 13:14:23.314,2.01793,2.01857,1.07,1.10
2015.03.04 13:14:25.800,2.01794,2.01856,1.10,1.00
2015.03.04 13:14:28.650,2.01793,2.01857,1.07,1.10
2015.03.04 13:14:29.775,2.01794,2.01856,1.10,1.00
2015.03.04 13:14:30.170,2.01808,2.01856,1.87,1.00
2015.03.04 13:14:30.321,2.0182,2.01885,1.95,1.00
2015.03.04 13:14:31.121,2.01808,2.01888,1.15,1.95
2015.03.04 13:14:31.172,2.01815,2.01888,1.95,1.87
2015.03.04 13:14:31.222,2.01817,2.01896,1.95,1.15
2015.03.04 13:14:32.814,2.01817,2.01876,1.95,1.00
2015.03.04 13:14:32.915,2.01815,2.01876,1.95,1.00
2015.03.04 13:14:33.016,2.01806,2.01876,1.95,1.00
2015.03.04 13:14:33.330,2.01804,2.01877,1.95,1.07
2015.03.04 13:14:33.381,2.01797,2.01877,1.95,1.15
2015.03.04 13:14:34.024,2.01797,2.01867,1.95,1.00
2015.03.04 13:14:34.248,2.01797,2.01856,1.95,1.00
2015.03.04 13:14:34.410,2.01788,2.01846,1.15,1.00
2015.03.04 13:14:34.460,2.01784,2.01837,1.95,1.00
2015.03.04 13:14:34.712,2.01773,2.01837,1.15,1.00
2015.03.04 13:14:34.913,2.01768,2.01827,1.95,1.00
2015.03.04 13:14:34.964,2.01766,2.01827,1.95,1.00
2015.03.04 13:14:35.065,2.01763,2.01827,1.07,1.07
2015.03.04 13:14:35.166,2.01768,2.01826,1.87,1.07
2015.03.04 13:14:36.603,2.01775,2.01836,1.95,1.00
2015.03.04 13:14:36.654,2.01777,2.01837,1.95,1.00
2015.03.04 13:14:38.246,2.01787,2.01847,1.87,1.00
2015.03.04 13:14:38.548,2.01815,2.01876,1.95,1.00
2015.03.04 13:14:38.660,2.01825,2.01877,1.87,1.00
2015.03.04 13:14:38.761,2.01823,2.01877,1.87,1.00
2015.03.04 13:14:38.861,2.0181,2.01877,1.95,1.00
2015.03.04 13:14:39.214,2.0181,2.01892,1.95,1.15
2015.03.04 13:14:39.465,2.0182,2.01896,1.87,1.95
2015.03.04 13:14:39.516,2.0182,2.01903,1.95,1.95
2015.03.04 13:14:40.071,2.01832,2.01905,1.87,1.95
2015.03.04 13:14:40.121,2.01832,2.01906,1.95,1.07
2015.03.04 13:14:40.656,2.01829,2.01889,1.87,1.87
2015.03.04 13:14:40.707,2.01819,2.01889,1.00,1.95
2015.03.04 13:14:40.757,2.01804,2.01878,1.95,1.87
2015.03.04 13:14:40.808,2.01797,2.01878,1.15,1.95
2015.03.04 13:14:40.983,2.01787,2.01869,1.15,1.95
2015.03.04 13:14:41.084,2.01803,2.01887,1.15,2.70
2015.03.04 13:14:41.235,2.01811,2.01887,1.87,1.15
2015.03.04 13:14:41.286,2.01814,2.01886,1.15,1.07
2015.03.04 13:14:41.537,2.0183,2.01897,1.07,1.15
2015.03.04 13:14:41.588,2.0183,2.01897,1.17,1.15
2015.03.04 13:14:41.638,2.01857,2.01889,1.00,1.87
2015.03.04 13:14:41.890,2.01806,2.01855,1.95,1.00
2015.03.04 13:14:42.267,2.01785,2.01856,1.95,1.00
2015.03.04 13:14:42.470,2.01797,2.01857,1.87,1.00
2015.03.04 13:14:42.622,2.01797,2.01862,1.95,1.00
2015.03.04 13:14:42.722,2.01797,2.01867,1.95,1.00
2015.03.04 13:14:42.773,2.01807,2.01867,1.87,1.00
2015.03.04 13:14:43.289,2.01807,2.01876,1.95,1.00
2015.03.04 13:14:43.491,2.01817,2.01887,1.95,1.00
2015.03.04 13:14:44.008,2.01817,2.01886,1.95,1.00
2015.03.04 13:14:44.347,2.01825,2.01886,1.95,1.00
2015.03.04 13:14:44.448,2.01822,2.01887,1.95,1.07
2015.03.04 13:14:45.160,2.01838,2.01896,1.87,1.00
2015.03.04 13:14:45.312,2.01814,2.01887,1.15,1.15
2015.03.04 13:14:45.362,2.01806,2.01882,1.95,1.87
2015.03.04 13:14:45.413,2.01804,2.01882,1.15,1.95
2015.03.04 13:14:45.771,2.01796,2.01874,1.95,1.95
2015.03.04 13:14:45.821,2.01794,2.01874,1.15,1.95
2015.03.04 13:14:45.872,2.01794,2.0186,1.07,1.87
2015.03.04 13:14:45.923,2.01784,2.01857,1.10,1.15
2015.03.04 13:14:45.973,2.01784,2.01845,1.00,1.87
2015.03.04 13:14:46.124,2.01773,2.01835,1.00,1.95
2015.03.04 13:14:46.276,2.01773,2.01825,1.00,1.87
2015.03.04 13:14:46.376,2.01763,2.01825,1.00,1.95
2015.03.04 13:14:46.552,2.01763,2.01815,1.00,1.95
2015.03.04 13:14:46.875,2.01763,2.01817,1.00,1.87
2015.03.04 13:14:46.926,2.01754,2.01831,1.15,1.15
2015.03.04 13:14:47.027,2.01764,2.01838,1.00,1.95
2015.03.04 13:14:47.461,2.01764,2.0184,1.07,1.95
2015.03.04 13:14:47.561,2.01764,2.01841,1.07,1.95
2015.03.04 13:14:47.616,2.01764,2.01841,1.00,1.95
2015.03.04 13:14:47.868,2.01763,2.01829,1.00,1.87
2015.03.04 13:14:47.918,2.01743,2.01827,1.07,1.07
2015.03.04 13:14:47.969,2.01743,2.01827,1.00,1.15
2015.03.04 13:14:48.069,2.01733,2.01827,1.15,1.15
2015.03.04 13:14:48.603,2.01726,2.01817,1.95,1.00
2015.03.04 13:14:49.893,2.01734,2.01816,1.15,1.00
2015.03.04 13:14:50.195,2.01725,2.01806,1.95,1.07
2015.03.04 13:14:50.246,2.01724,2.01806,1.17,1.07
2015.03.04 13:14:50.781,2.01725,2.01825,1.95,1.15
2015.03.04 13:14:50.882,2.01718,2.01809,1.07,1.95
2015.03.04 13:14:51.102,2.01717,2.01818,1.95,1.15
2015.03.04 13:14:51.356,2.01726,2.0182,1.95,1.95
2015.03.04 13:14:51.406,2.01727,2.01827,1.95,1.15
2015.03.04 13:14:51.869,2.01738,2.01837,1.95,1.15
2015.03.04 13:14:52.172,2.01697,2.01776,1.95,1.00
2015.03.04 13:14:52.482,2.01707,2.01777,1.95,1.00
2015.03.04 13:14:52.634,2.01707,2.01808,1.95,1.95
2015.03.04 13:14:52.734,2.0172,2.01807,1.95,1.00
2015.03.04 13:14:52.835,2.0172,2.01818,1.95,1.15
2015.03.04 13:14:53.582,2.01739,2.01829,1.95,1.00
2015.03.04 13:14:53.884,2.01721,2.01821,1.95,1.95
2015.03.04 13:14:54.410,2.01731,2.01833,1.95,1.95
2015.03.04 13:14:54.913,2.01717,2.01819,1.95,1.95
2015.03.04 13:14:55.186,2.01715,2.01821,1.87,1.87
2015.03.04 13:14:55.239,2.01692,2.01898,0.75,0.75
2015.03.04 13:14:55.390,2.01701,2.01909,0.75,0.75
2015.03.04 13:14:55.495,2.01701,2.01919,0.75,0.75
2015.03.04 13:14:55.597,2.01691,2.01899,0.75,0.75
2015.03.04 13:14:55.855,2.0153,2.01979,1.00,1.00
2015.03.04 13:14:56.178,2.01534,2.01979,1.00,1.00
2015.03.04 13:14:57.192,2.01533,2.0198,1.00,1.00
2015.03.04 13:14:57.243,2.01538,2.01999,1.00,1.00
2015.03.04 13:14:57.720,2.01544,2.01995,1.00,1.00
2015.03.04 13:14:58.233,2.01551,2.02001,1.00,1.00
2015.03.04 13:14:58.548,2.01506,2.02065,1.00,1.00
2015.03.04 13:14:58.830,2.01506,2.0206,1.00,1.00
2015.03.04 13:14:59.137,2.01555,2.01981,1.00,1.00
2015.03.04 13:14:59.552,2.01653,2.01867,0.75,0.75
2015.03.04 13:14:59.880,2.01654,2.01856,0.75,0.75
2015.03.04 13:15:00.223,2.01659,2.01857,1.03,0.75
2015.03.04 13:15:00.323,2.01659,2.01916,1.12,1.00
2015.03.04 13:15:00.530,2.01659,2.01936,1.18,1.00
2015.03.04 13:15:00.752,2.0165,2.0192,1.26,1.00
2015.03.04 13:15:01.080,2.01679,2.01931,1.25,1.00
2015.03.04 13:15:01.181,2.0166,2.0192,1.11,1.00
2015.03.04 13:15:01.281,2.0166,2.01935,1.11,1.00
2015.03.04 13:15:02.778,2.0167,2.01925,1.20,1.00
2015.03.04 13:15:02.828,2.0166,2.01965,1.20,1.00
2015.03.04 13:15:02.929,2.01649,2.01896,1.22,1.00
2015.03.04 13:15:03.271,2.0165,2.01905,1.20,1.00
2015.03.04 13:15:03.446,2.0165,2.01873,1.97,1.00
2015.03.04 13:15:04.065,2.0166,2.01899,1.62,1.00
2015.03.04 13:15:04.173,2.01649,2.01926,1.03,1.50
2015.03.04 13:15:04.552,2.01688,2.01892,1.00,1.00
2015.03.04 13:15:05.142,2.01699,2.01892,1.00,1.00
2015.03.04 13:15:05.192,2.01702,2.01924,1.00,1.00
2015.03.04 13:15:05.293,2.01731,2.01924,1.00,1.00
2015.03.04 13:15:05.607,2.0175,2.01887,1.00,1.00
2015.03.04 13:15:05.707,2.01725,2.01885,1.00,1.00
2015.03.04 13:15:05.926,2.01723,2.01885,1.00,1.00
2015.03.04 13:15:06.032,2.01731,2.01885,1.00,1.00
2015.03.04 13:15:06.335,2.01743,2.01885,1.00,1.00
2015.03.04 13:15:06.385,2.01734,2.01886,1.00,1.00
2015.03.04 13:15:06.598,2.0173,2.01886,1.00,1.50
2015.03.04 13:15:06.649,2.01728,2.01886,1.00,1.50
2015.03.04 13:15:06.750,2.01716,2.01884,1.00,1.00
2015.03.04 13:15:06.960,2.01705,2.01884,1.00,1.00
2015.03.04 13:15:07.454,2.01709,2.01884,1.00,1.00
2015.03.04 13:15:07.624,2.01709,2.01886,1.00,1.00
2015.03.04 13:15:08.144,2.01709,2.01887,1.00,1.00
2015.03.04 13:15:08.494,2.01706,2.01887,1.00,1.00
2015.03.04 13:15:08.544,2.01718,2.01885,1.00,1.00
2015.03.04 13:15:08.859,2.0172,2.01885,1.00,1.00
2015.03.04 13:15:09.048,2.01718,2.01885,1.50,1.00
2015.03.04 13:15:09.561,2.01712,2.01885,1.00,1.00
2015.03.04 13:15:10.099,2.01705,2.01885,1.00,1.00
2015.03.04 13:15:10.350,2.01723,2.01867,1.00,1.00
2015.03.04 13:15:11.189,2.01773,2.01847,1.00,1.00
2015.03.04 13:15:12.886,2.01783,2.01857,1.00,1.00
2015.03.04 13:15:13.222,2.01793,2.01857,1.00,1.00
2015.03.04 13:15:13.401,2.01783,2.01857,1.00,1.00
2015.03.04 13:15:13.622,2.01774,2.01846,1.00,1.00
2015.03.04 13:15:13.953,2.01784,2.01856,1.00,1.00
2015.03.04 13:15:14.257,2.01794,2.01866,1.00,1.00
2015.03.04 13:15:14.308,2.01803,2.01877,1.00,1.00
2015.03.04 13:15:14.816,2.01804,2.01876,1.00,1.00
2015.03.04 13:15:16.476,2.01793,2.01857,1.00,1.00
2015.03.04 13:15:16.627,2.01783,2.01857,1.00,1.00
2015.03.04 13:15:16.728,2.01783,2.01847,1.00,1.00
2015.03.04 13:15:17.396,2.01783,2.01857,1.00,1.00
2015.03.04 13:15:19.243,2.01794,2.01856,1.00,1.00
2015.03.04 13:15:19.494,2.01803,2.01867,1.00,1.00
2015.03.04 13:15:19.696,2.01814,2.01886,1.00,1.00
2015.03.04 13:15:19.847,2.01804,2.01866,1.00,1.00
2015.03.04 13:15:20.149,2.01793,2.01857,1.00,1.00
2015.03.04 13:15:20.249,2.01804,2.01866,1.00,1.00
2015.03.04 13:15:20.350,2.01804,2.01876,1.00,1.00
2015.03.04 13:15:20.708,2.01794,2.01866,1.00,1.00
2015.03.04 13:15:21.013,2.01813,2.01877,1.00,1.00
2015.03.04 13:15:21.114,2.01814,2.01886,1.00,1.00
2015.03.04 13:15:21.304,2.01823,2.01887,1.00,1.00
2015.03.04 13:15:22.092,2.01814,2.01876,1.00,1.00
2015.03.04 13:15:22.343,2.01813,2.01887,1.00,1.00
2015.03.04 13:15:22.394,2.01819,2.01887,1.00,1.00
2015.03.04 13:15:22.731,2.01824,2.01886,1.00,1.00
2015.03.04 13:15:22.894,2.01813,2.01887,1.00,1.00
2015.03.04 13:15:22.995,2.01814,2.01876,1.00,1.00
2015.03.04 13:15:23.665,2.01803,2.01877,1.00,1.00
2015.03.04 13:15:24.313,2.01803,2.01867,1.50,1.00
2015.03.04 13:15:25.069,2.01793,2.01867,1.00,1.00
2015.03.04 13:15:25.472,2.01795,2.01866,1.00,1.00
2015.03.04 13:15:25.773,2.01805,2.01867,1.00,1.00
2015.03.04 13:15:25.874,2.01805,2.01876,1.00,1.00
2015.03.04 13:15:25.942,2.01814,2.01876,1.00,1.00
2015.03.04 13:15:26.093,2.01814,2.01886,1.00,1.00
2015.03.04 13:15:26.271,2.01823,2.01887,1.00,1.00
2015.03.04 13:15:26.422,2.01827,2.01896,1.00,1.00
2015.03.04 13:15:26.523,2.01833,2.01907,1.00,1.00
2015.03.04 13:15:27.041,2.01834,2.01906,1.50,1.00
2015.03.04 13:15:27.295,2.01843,2.01907,1.00,1.00
2015.03.04 13:15:27.605,2.01853,2.01917,1.00,1.00
2015.03.04 13:15:27.930,2.01855,2.01916,1.00,1.00
2015.03.04 13:15:28.081,2.01854,2.01927,1.00,1.00
2015.03.04 13:15:28.182,2.01853,2.01917,1.00,1.00
2015.03.04 13:15:28.282,2.01846,2.01917,1.00,1.00
2015.03.04 13:15:28.333,2.01848,2.01917,1.00,1.00
2015.03.04 13:15:28.383,2.01853,2.01927,1.00,1.00
2015.03.04 13:15:28.484,2.01853,2.01917,1.00,1.00
2015.03.04 13:15:28.836,2.01863,2.01917,1.00,1.00
2015.03.04 13:15:30.578,2.01866,2.01917,1.15,1.00
2015.03.04 13:15:30.629,2.01873,2.01927,1.00,1.00
2015.03.04 13:15:30.830,2.01873,2.01937,1.00,1.00
2015.03.04 13:15:31.256,2.01874,2.01926,1.00,1.00
2015.03.04 13:15:31.458,2.01863,2.01927,1.07,1.00
2015.03.04 13:15:31.559,2.01853,2.01917,1.65,1.00
2015.03.04 13:15:31.659,2.01853,2.01917,1.07,1.00
2015.03.04 13:15:31.710,2.01844,2.01906,1.15,1.00
2015.03.04 13:15:32.248,2.01843,2.01907,1.15,1.00
2015.03.04 13:15:32.449,2.01853,2.01917,1.00,1.00
2015.03.04 13:15:32.872,2.01864,2.01916,1.00,1.00
2015.03.04 13:15:33.974,2.01863,2.01917,1.00,1.00
2015.03.04 13:15:34.125,2.01853,2.01917,1.00,1.00
2015.03.04 13:15:35.222,2.01863,2.01917,1.00,1.00
2015.03.04 13:15:36.176,2.01853,2.01917,1.00,1.00
2015.03.04 13:15:36.989,2.01864,2.01916,1.00,1.00
2015.03.04 13:15:37.089,2.01864,2.01926,1.00,1.00
2015.03.04 13:15:37.190,2.01863,2.01917,1.00,1.00
2015.03.04 13:15:37.406,2.01854,2.01916,1.00,1.00
2015.03.04 13:15:37.865,2.01853,2.01907,1.00,1.00
2015.03.04 13:15:38.391,2.01854,2.01916,1.00,1.00
2015.03.04 13:15:39.174,2.01853,2.01907,1.07,1.00
2015.03.04 13:15:39.621,2.01854,2.01916,1.17,1.00
2015.03.04 13:15:39.924,2.01863,2.01917,1.00,1.10
2015.03.04 13:15:40.226,2.01863,2.01917,1.17,1.00
2015.03.04 13:15:40.399,2.01873,2.01927,1.00,1.07
2015.03.04 13:15:40.500,2.01873,2.01927,1.17,1.00
2015.03.04 13:15:41.414,2.01873,2.01927,1.00,1.10
2015.03.04 13:15:41.515,2.01863,2.01925,1.00,1.95
2015.03.04 13:15:41.893,2.01854,2.01916,1.10,1.07
2015.03.04 13:15:41.994,2.01854,2.01915,1.00,1.95
2015.03.04 13:15:42.147,2.01843,2.01897,1.10,1.00
2015.03.04 13:15:42.719,2.01843,2.01897,1.00,1.07
2015.03.04 13:15:42.820,2.01834,2.01886,1.00,1.00
2015.03.04 13:15:44.707,2.01852,2.01886,1.95,1.00
2015.03.04 13:15:44.758,2.01874,2.01926,1.00,1.17
2015.03.04 13:15:44.808,2.01874,2.01926,1.00,2.70
2015.03.04 13:15:44.909,2.01883,2.01933,1.00,1.15
2015.03.04 13:15:45.286,2.01874,2.01936,1.00,2.70
2015.03.04 13:15:45.550,2.01884,2.01936,1.00,2.70
2015.03.04 13:15:45.601,2.01884,2.01936,1.00,1.07
2015.03.04 13:15:45.701,2.01884,2.01946,1.07,1.07
2015.03.04 13:15:45.752,2.01894,2.01946,1.00,1.07
2015.03.04 13:15:46.274,2.01894,2.01946,1.10,1.00
2015.03.04 13:15:46.526,2.01883,2.01947,1.10,1.15
2015.03.04 13:15:46.878,2.01884,2.01936,1.00,1.00
2015.03.04 13:15:46.978,2.01883,2.01947,1.10,1.15
2015.03.04 13:15:47.029,2.01883,2.01947,2.70,1.00
2015.03.04 13:15:47.331,2.01904,2.01956,1.00,1.10
2015.03.04 13:15:47.848,2.01903,2.01957,1.00,1.07
2015.03.04 13:15:48.351,2.01904,2.01966,1.00,1.15
2015.03.04 13:15:50.033,2.01884,2.01946,1.07,1.10
2015.03.04 13:15:50.084,2.01884,2.01946,1.00,1.17
2015.03.04 13:15:50.254,2.01883,2.01937,1.10,1.00
2015.03.04 13:15:50.405,2.01883,2.01947,1.10,1.15
2015.03.04 13:15:50.583,2.01883,2.01937,1.10,1.00
2015.03.04 13:15:50.951,2.01883,2.01947,1.10,1.15
2015.03.04 13:15:51.578,2.01894,2.01946,1.00,1.17
2015.03.04 13:15:52.081,2.01893,2.01947,1.00,1.15
2015.03.04 13:15:52.801,2.01893,2.01957,1.10,2.70
2015.03.04 13:15:52.852,2.01897,2.01957,1.00,1.17
2015.03.04 13:15:52.903,2.01904,2.01965,1.00,1.95
2015.03.04 13:15:53.205,2.01913,2.01967,1.00,1.15
2015.03.04 13:15:53.255,2.01903,2.01957,1.10,1.00
2015.03.04 13:15:53.708,2.01893,2.01957,1.07,1.07
2015.03.04 13:15:53.759,2.01893,2.01957,1.10,1.15
2015.03.04 13:15:53.809,2.01883,2.01947,1.15,1.00
2015.03.04 13:15:54.321,2.01893,2.01957,1.07,1.17
2015.03.04 13:15:54.473,2.01894,2.01946,1.10,1.00
2015.03.04 13:15:54.852,2.01894,2.01946,1.00,1.17
2015.03.04 13:15:54.903,2.01883,2.01937,1.00,1.00
2015.03.04 13:15:55.155,2.01884,2.01936,1.00,1.17
2015.03.04 13:15:55.205,2.01873,2.01937,1.00,1.15
2015.03.04 13:15:55.758,2.01874,2.01926,1.00,1.00
2015.03.04 13:15:55.909,2.01864,2.01926,1.00,1.17
2015.03.04 13:15:56.125,2.01873,2.01927,1.00,1.15
2015.03.04 13:15:56.629,2.01874,2.01926,1.00,1.17
2015.03.04 13:15:56.730,2.01874,2.01926,1.00,1.00
2015.03.04 13:15:58.901,2.01884,2.01946,1.00,1.15
2015.03.04 13:15:58.955,2.01894,2.01946,1.00,1.15
2015.03.04 13:15:59.056,2.01883,2.01947,1.00,1.15
2015.03.04 13:15:59.386,2.01883,2.01937,1.00,1.00
2015.03.04 13:15:59.688,2.01874,2.01926,1.15,1.00
2015.03.04 13:16:00.041,2.01874,2.01936,1.15,1.00
2015.03.04 13:16:00.494,2.01873,2.01927,1.15,1.00
2015.03.04 13:16:00.545,2.01873,2.01927,1.00,1.00
2015.03.04 13:16:01.300,2.01863,2.01917,1.15,1.00
2015.03.04 13:16:01.451,2.01863,2.01917,1.10,1.00
2015.03.04 13:16:01.973,2.01864,2.01916,1.00,1.00
2015.03.04 13:16:02.284,2.01853,2.01917,1.00,1.15
2015.03.04 13:16:02.492,2.01853,2.01907,1.00,1.00
2015.03.04 13:16:02.996,2.01854,2.01906,1.00,1.00
2015.03.04 13:16:03.608,2.01853,2.01907,1.00,1.00
2015.03.04 13:16:04.124,2.01854,2.01916,1.00,1.17
2015.03.04 13:16:04.563,2.01854,2.01906,1.00,1.00
2015.03.04 13:16:05.238,2.01853,2.01917,1.00,1.15
2015.03.04 13:16:05.289,2.01853,2.01917,1.15,1.00
2015.03.04 13:16:07.010,2.01864,2.01916,1.00,1.00
2015.03.04 13:16:08.984,2.01864,2.01916,1.15,1.00
2015.03.04 13:16:09.185,2.01873,2.01927,1.07,1.00
2015.03.04 13:16:09.286,2.01873,2.01937,1.07,1.10
2015.03.04 13:16:09.437,2.01884,2.01936,1.00,1.00
2015.03.04 13:16:10.381,2.01874,2.01926,1.10,1.00
2015.03.04 13:16:10.711,2.01873,2.01937,1.07,1.10
2015.03.04 13:16:10.862,2.01883,2.01937,1.00,1.10
2015.03.04 13:16:12.480,2.01873,2.01927,1.00,1.10
2015.03.04 13:16:12.631,2.01863,2.0192,1.17,1.00
2015.03.04 13:16:12.682,2.01863,2.0192,1.10,1.07
2015.03.04 13:16:13.166,2.01843,2.01897,1.17,1.00
2015.03.04 13:16:13.619,2.01834,2.01887,2.70,1.00
2015.03.04 13:16:13.720,2.01834,2.01896,3.45,1.00
2015.03.04 13:16:14.022,2.01834,2.01887,1.95,1.00
2015.03.04 13:16:14.224,2.01826,2.01886,1.95,1.00
2015.03.04 13:16:14.490,2.01826,2.01877,1.95,1.00
2015.03.04 13:16:14.590,2.01824,2.01876,1.17,1.00
2015.03.04 13:16:14.691,2.01815,2.01867,1.95,1.00
2015.03.04 13:16:14.915,2.01813,2.01867,1.15,1.00
2015.03.04 13:16:15.016,2.01806,2.01856,1.95,1.00
2015.03.04 13:16:15.321,2.01803,2.01857,1.15,1.00
2015.03.04 13:16:15.841,2.01804,2.01856,1.15,1.00
2015.03.04 13:16:16.003,2.01804,2.01866,1.15,1.00
2015.03.04 13:16:16.255,2.01813,2.01867,1.00,1.10
2015.03.04 13:16:16.570,2.01813,2.01867,1.15,1.00
2015.03.04 13:16:16.872,2.01806,2.01856,1.95,1.00
2015.03.04 13:16:16.923,2.01796,2.01857,1.95,1.00
2015.03.04 13:16:17.426,2.01803,2.01867,1.15,1.00
2015.03.04 13:16:17.797,2.01805,2.01867,1.95,1.00
2015.03.04 13:16:18.101,2.01815,2.01876,1.95,1.00
2015.03.04 13:16:18.403,2.01825,2.01877,1.95,1.00
2015.03.04 13:16:18.454,2.01833,2.01887,1.15,1.00
2015.03.04 13:16:18.655,2.01825,2.01877,1.95,1.00
2015.03.04 13:16:19.185,2.01825,2.01876,1.95,1.00
2015.03.04 13:16:19.638,2.01825,2.01886,1.95,1.00
2015.03.04 13:16:21.946,2.01825,2.01877,1.95,1.00
2015.03.04 13:16:23.133,2.01823,2.01877,1.07,1.00
2015.03.04 13:16:23.371,2.01814,2.01866,2.70,1.00
2015.03.04 13:16:26.116,2.01814,2.01867,1.95,1.00
2015.03.04 13:16:26.537,2.01813,2.01867,1.15,1.00
2015.03.04 13:16:27.045,2.01804,2.01866,1.07,1.10
2015.03.04 13:16:27.566,2.01803,2.01857,1.17,1.00
2015.03.04 13:16:27.878,2.01795,2.01847,1.95,1.00
2015.03.04 13:16:28.080,2.01793,2.01847,1.07,1.00
2015.03.04 13:16:29.220,2.01794,2.01846,1.07,1.00
2015.03.04 13:16:29.747,2.01793,2.01847,1.07,1.00
2015.03.04 13:16:30.306,2.01793,2.01857,1.07,1.07
2015.03.04 13:16:31.079,2.01803,2.01857,1.00,1.07
2015.03.04 13:16:31.381,2.01803,2.01857,1.17,1.00
2015.03.04 13:16:31.842,2.01794,2.01847,1.95,1.00
2015.03.04 13:16:33.736,2.01794,2.01846,1.95,1.00
2015.03.04 13:16:34.343,2.01794,2.01847,1.95,1.00
2015.03.04 13:16:35.491,2.01804,2.01856,1.07,1.00
2015.03.04 13:16:35.900,2.01803,2.01867,1.17,1.17
2015.03.04 13:16:38.232,2.01814,2.01866,1.00,1.07
2015.03.04 13:16:38.698,2.01813,2.01867,1.10,1.00
2015.03.04 13:16:38.933,2.01818,2.01866,1.00,1.00
2015.03.04 13:16:38.984,2.01823,2.01877,1.00,1.07
2015.03.04 13:16:40.788,2.01816,2.01866,1.15,1.00
2015.03.04 13:16:40.889,2.01804,2.01856,1.65,1.00
2015.03.04 13:16:43.201,2.01804,2.01856,1.00,1.00
2015.03.04 13:16:43.302,2.01793,2.01857,1.15,1.00
2015.03.04 13:16:46.910,2.01804,2.01856,1.00,1.00
2015.03.04 13:16:47.161,2.01803,2.01867,1.00,1.15
2015.03.04 13:16:47.212,2.01803,2.01867,1.07,1.07
2015.03.04 13:16:47.732,2.01813,2.01867,1.00,1.00
2015.03.04 13:16:48.471,2.01806,2.01866,1.15,1.00
2015.03.04 13:16:50.014,2.01804,2.01857,1.15,1.00
2015.03.04 13:16:50.539,2.01804,2.01856,1.15,1.00
2015.03.04 13:16:52.290,2.01801,2.01857,1.95,1.00
2015.03.04 13:16:52.341,2.01798,2.01857,1.95,1.00
2015.03.04 13:16:52.441,2.01796,2.01857,1.15,1.00
2015.03.04 13:16:52.643,2.01803,2.01857,1.00,1.00
2015.03.04 13:16:55.218,2.01803,2.01857,1.15,1.00
2015.03.04 13:16:59.410,2.01803,2.01857,1.00,1.00
2015.03.04 13:16:59.561,2.01793,2.01847,1.15,1.00
2015.03.04 13:16:59.813,2.01793,2.01857,1.15,1.00
2015.03.04 13:16:59.914,2.01803,2.01857,1.00,1.00
2015.03.04 13:17:00.336,2.01804,2.01866,1.00,1.15
2015.03.04 13:17:00.386,2.01804,2.01866,1.07,1.07
2015.03.04 13:17:00.437,2.01804,2.01866,1.15,1.00
2015.03.04 13:17:01.669,2.01804,2.01867,1.15,1.00
2015.03.04 13:17:02.079,2.01814,2.01866,1.00,1.00
2015.03.04 13:17:07.328,2.01821,2.01866,1.00,1.00
2015.03.04 13:17:07.473,2.01814,2.01866,1.00,1.00
2015.03.04 13:17:07.574,2.01822,2.01866,1.00,1.00
2015.03.04 13:17:07.725,2.01821,2.01877,1.00,1.15
2015.03.04 13:17:07.826,2.01813,2.01877,1.15,1.00
2015.03.04 13:17:08.031,2.01824,2.01876,1.00,1.00
2015.03.04 13:17:09.651,2.01823,2.01877,1.00,1.00
2015.03.04 13:17:12.005,2.01824,2.01876,1.00,1.00
2015.03.04 13:17:12.106,2.01822,2.01877,1.00,1.00
2015.03.04 13:17:12.207,2.01813,2.01867,1.15,1.00
2015.03.04 13:17:12.711,2.01814,2.01866,1.15,1.00
2015.03.04 13:17:13.237,2.01813,2.01867,1.15,1.00
2015.03.04 13:17:13.640,2.01814,2.01876,1.15,1.00
2015.03.04 13:17:14.431,2.01813,2.01867,1.15,1.00
2015.03.04 13:17:16.937,2.01814,2.01876,1.15,1.00
2015.03.04 13:17:22.477,2.01814,2.01866,1.15,1.00
2015.03.04 13:17:24.095,2.01824,2.01876,1.00,1.00
2015.03.04 13:17:24.296,2.01823,2.01877,1.07,1.00
2015.03.04 13:17:24.347,2.01823,2.01887,1.15,1.00
2015.03.04 13:17:25.402,2.01832,2.01887,1.00,1.00
2015.03.04 13:17:25.609,2.01823,2.01887,1.15,1.00
2015.03.04 13:17:27.182,2.01823,2.01887,1.07,1.00
2015.03.04 13:17:27.283,2.01823,2.01887,1.00,1.00
2015.03.04 13:17:28.599,2.01831,2.01887,1.00,1.00
2015.03.04 13:17:28.900,2.01823,2.01887,1.00,1.00
2015.03.04 13:17:35.970,2.01834,2.01886,1.00,1.00
2015.03.04 13:17:38.092,2.01831,2.01887,1.15,1.00
2015.03.04 13:17:38.208,2.01825,2.01887,1.95,1.00
2015.03.04 13:17:38.309,2.01823,2.01887,1.15,1.00
2015.03.04 13:17:38.890,2.01832,2.01887,1.00,1.00
2015.03.04 13:17:39.123,2.01823,2.01887,1.15,1.00
2015.03.04 13:17:39.353,2.01832,2.01887,1.00,1.00
2015.03.04 13:17:39.561,2.01823,2.01887,1.15,1.00
2015.03.04 13:17:39.662,2.01823,2.01887,1.07,1.07
2015.03.04 13:17:39.712,2.01823,2.01887,1.00,1.15
2015.03.04 13:17:39.813,2.01824,2.01876,1.00,1.00
2015.03.04 13:17:40.128,2.01822,2.01877,1.00,1.07
2015.03.04 13:17:41.018,2.01822,2.01866,1.00,1.00
2015.03.04 13:17:41.366,2.01832,2.01866,1.00,1.00
2015.03.04 13:17:42.697,2.01832,2.01876,1.00,1.00
2015.03.04 13:17:43.222,2.01831,2.01877,1.00,1.00
2015.03.04 13:17:43.323,2.01823,2.01877,1.00,1.00
2015.03.04 13:17:45.048,2.01831,2.01877,1.00,1.00
2015.03.04 13:17:45.602,2.01832,2.01877,1.00,1.00
2015.03.04 13:17:46.447,2.01833,2.01887,1.00,1.15
2015.03.04 13:17:46.549,2.01823,2.01877,1.00,1.00
2015.03.04 13:17:46.650,2.01814,2.01866,1.15,1.00
2015.03.04 13:17:47.466,2.01813,2.01834,1.07,1.00
2015.03.04 13:17:47.517,2.01765,2.01817,1.50,1.10
2015.03.04 13:17:47.788,2.0177,2.01817,1.95,1.00
2015.03.04 13:17:48.301,2.0177,2.01827,1.95,1.00
2015.03.04 13:17:48.401,2.01782,2.01827,2.70,1.00
2015.03.04 13:17:48.703,2.01792,2.01816,1.95,1.00
2015.03.04 13:17:48.754,2.01792,2.01837,2.70,1.00
2015.03.04 13:17:48.805,2.01801,2.01837,1.95,1.00
2015.03.04 13:17:48.855,2.01801,2.01847,1.95,1.00
2015.03.04 13:17:49.509,2.01801,2.01846,1.95,1.00
2015.03.04 13:17:49.610,2.01804,2.01856,1.15,1.00
2015.03.04 13:17:50.495,2.01803,2.01857,1.15,1.00
2015.03.04 13:17:50.797,2.0181,2.01857,1.95,1.00
2015.03.04 13:17:52.913,2.01814,2.01866,1.15,1.00
2015.03.04 13:17:53.911,2.01813,2.01867,1.15,1.00
2015.03.04 13:17:54.476,2.01814,2.01866,1.15,1.00
2015.03.04 13:17:54.984,2.0181,2.01867,1.95,1.00
2015.03.04 13:17:55.085,2.01814,2.01866,1.00,1.00
2015.03.04 13:17:55.135,2.01803,2.01857,1.15,1.00
2015.03.04 13:17:56.669,2.01804,2.01856,1.15,1.00
2015.03.04 13:17:57.236,2.01803,2.01857,1.00,1.00
2015.03.04 13:17:57.437,2.01793,2.01847,1.15,1.00
2015.03.04 13:17:58.658,2.01793,2.01857,1.15,1.00
2015.03.04 13:17:59.282,2.01794,2.01856,1.15,1.00
2015.03.04 13:17:59.433,2.01793,2.01847,1.07,1.00
2015.03.04 13:17:59.483,2.01793,2.01847,1.00,1.00
2015.03.04 13:17:59.987,2.01794,2.01846,1.00,1.00
2015.03.04 13:18:00.389,2.01794,2.01856,1.00,1.15
2015.03.04 13:18:00.490,2.01803,2.01857,1.00,1.15
2015.03.04 13:18:00.641,2.01794,2.01856,1.00,1.15
2015.03.04 13:18:00.743,2.01794,2.01846,1.00,1.00
2015.03.04 13:18:01.068,2.01784,2.01846,1.65,1.00
2015.03.04 13:18:01.289,2.01784,2.01836,1.65,1.00
2015.03.04 13:18:02.341,2.01784,2.0183,1.00,1.95
2015.03.04 13:18:02.392,2.01774,2.01826,1.00,1.15
2015.03.04 13:18:02.957,2.01764,2.01826,1.00,1.15
2015.03.04 13:18:03.058,2.01773,2.01827,1.00,1.15
2015.03.04 13:18:03.159,2.01763,2.01827,1.00,1.15
2015.03.04 13:18:04.119,2.01774,2.01826,1.00,1.15
2015.03.04 13:18:05.474,2.01763,2.01827,1.00,1.15
2015.03.04 13:18:05.675,2.01773,2.01827,1.00,1.65
2015.03.04 13:18:05.776,2.01764,2.01826,1.00,1.15
2015.03.04 13:18:06.028,2.01764,2.01816,1.00,1.00
2015.03.04 13:18:07.606,2.01792,2.01816,1.00,1.00
2015.03.04 13:18:07.657,2.01803,2.01857,1.00,1.00
2015.03.04 13:18:08.091,2.01794,2.01856,1.15,1.00
2015.03.04 13:18:08.193,2.01789,2.01846,1.95,1.00
2015.03.04 13:18:08.244,2.01786,2.01846,1.87,1.10
2015.03.04 13:18:08.295,2.01784,2.01846,1.07,1.10
2015.03.04 13:18:08.446,2.01784,2.01836,1.07,1.00
2015.03.04 13:18:09.050,2.01784,2.01836,1.00,1.07
2015.03.04 13:18:09.101,2.01774,2.01836,1.00,1.15
2015.03.04 13:18:09.202,2.01773,2.01827,1.00,1.07
2015.03.04 13:18:09.304,2.01764,2.01826,1.00,1.65
2015.03.04 13:18:09.851,2.01763,2.01817,1.00,1.10
2015.03.04 13:18:19.411,2.01764,2.01816,1.00,1.00
2015.03.04 13:18:20.217,2.01753,2.01817,1.17,1.10
2015.03.04 13:18:24.542,2.01753,2.01808,1.17,1.00
2015.03.04 13:18:24.849,2.01753,2.01807,1.00,1.17
2015.03.04 13:18:25.134,2.01744,2.01806,1.10,1.07
2015.03.04 13:18:25.587,2.01753,2.01807,1.00,1.17
2015.03.04 13:18:25.789,2.01744,2.01806,1.10,1.07
2015.03.04 13:18:32.979,2.01744,2.01796,1.10,1.00
2015.03.04 13:18:33.276,2.01744,2.01806,1.10,1.07
2015.03.04 13:18:33.378,2.01744,2.01798,1.10,1.00
2015.03.04 13:18:33.680,2.01744,2.01796,1.10,1.00
2015.03.04 13:18:34.234,2.01744,2.01796,1.00,1.17
2015.03.04 13:18:34.586,2.01744,2.01779,1.00,1.00
2015.03.04 13:18:34.737,2.01733,2.01779,1.00,1.00
2015.03.04 13:18:36.323,2.01691,2.01717,1.00,1.15
2015.03.04 13:18:36.374,2.01654,2.01706,1.00,1.07
2015.03.04 13:18:36.425,2.01654,2.01706,1.00,1.15
2015.03.04 13:18:37.118,2.01663,2.01711,1.00,1.87
2015.03.04 13:18:37.169,2.01673,2.01723,1.00,1.87
2015.03.04 13:18:37.220,2.01673,2.01727,1.00,1.15
2015.03.04 13:18:37.321,2.01663,2.01727,1.00,1.15
2015.03.04 13:18:37.371,2.01673,2.01727,1.00,1.15
2015.03.04 13:18:37.674,2.01664,2.01716,1.00,1.00
2015.03.04 13:18:38.077,2.01664,2.01716,1.00,1.07
2015.03.04 13:18:38.381,2.01663,2.01717,1.00,1.15
2015.03.04 13:18:38.691,2.01654,2.01706,1.00,1.15
2015.03.04 13:18:38.893,2.01643,2.01697,1.00,1.00
2015.03.04 13:18:39.609,2.01643,2.01688,1.00,1.00
2015.03.04 13:18:40.115,2.01643,2.01689,1.00,1.00
2015.03.04 13:18:40.420,2.01653,2.01707,1.00,1.15
2015.03.04 13:18:40.521,2.01653,2.01705,1.00,1.95
2015.03.04 13:18:40.571,2.01644,2.01704,1.00,1.95
2015.03.04 13:18:40.622,2.01644,2.01689,1.00,1.00
2015.03.04 13:18:40.672,2.01624,2.01686,1.15,1.00
2015.03.04 13:18:40.874,2.01623,2.01677,1.15,1.00
2015.03.04 13:18:41.176,2.01633,2.01687,1.00,1.00
2015.03.04 13:18:41.327,2.01633,2.01697,1.00,1.15
2015.03.04 13:18:41.428,2.01633,2.01687,1.00,1.00
2015.03.04 13:18:42.201,2.01634,2.01686,1.00,1.00
2015.03.04 13:18:42.252,2.01623,2.01677,1.00,1.00
2015.03.04 13:18:42.728,2.01614,2.01676,1.15,1.00
2015.03.04 13:18:42.879,2.01623,2.01677,1.00,1.00
2015.03.04 13:18:43.182,2.01633,2.01687,1.00,1.00
2015.03.04 13:18:43.484,2.01633,2.01687,1.00,1.15
2015.03.04 13:18:43.749,2.01624,2.01686,1.00,1.15
2015.03.04 13:18:43.968,2.01634,2.01686,1.00,1.00
2015.03.04 13:18:44.824,2.01644,2.01696,1.00,1.07
2015.03.04 13:18:44.875,2.01644,2.01696,1.00,1.00
2015.03.04 13:18:45.277,2.01634,2.01696,1.15,1.00
2015.03.04 13:18:45.449,2.01633,2.01697,1.07,1.07
2015.03.04 13:18:45.499,2.01633,2.01697,1.00,1.15
2015.03.04 13:18:45.600,2.01633,2.01687,1.00,1.00
2015.03.04 13:18:45.902,2.01634,2.01686,1.15,1.00
2015.03.04 13:18:45.953,2.01643,2.01697,1.00,1.00
2015.03.04 13:18:46.154,2.01644,2.01706,1.00,1.65
2015.03.04 13:18:47.377,2.01644,2.01696,1.00,1.00
2015.03.04 13:18:47.902,2.01643,2.01697,1.00,1.00
2015.03.04 13:18:48.703,2.01644,2.01706,1.00,1.15
2015.03.04 13:18:50.395,2.01644,2.01706,1.07,1.00
2015.03.04 13:18:50.446,2.01643,2.01697,1.17,1.00
2015.03.04 13:18:52.011,2.01644,2.01696,1.07,1.00
2015.03.04 13:18:52.341,2.01634,2.01696,1.00,1.15
2015.03.04 13:18:52.392,2.01634,2.01687,1.00,1.07
2015.03.04 13:18:52.442,2.01614,2.01676,1.15,1.00
2015.03.04 13:18:52.543,2.01622,2.01667,1.10,1.00
2015.03.04 13:18:52.644,2.01622,2.01676,1.10,1.00
2015.03.04 13:18:53.590,2.01631,2.01676,1.00,1.00
2015.03.04 13:18:54.620,2.01622,2.01676,1.10,1.00
2015.03.04 13:18:55.151,2.01613,2.01677,1.15,1.00
2015.03.04 13:18:55.379,2.01611,2.01666,1.95,1.00
2015.03.04 13:18:56.632,2.01611,2.01657,1.10,1.00
2015.03.04 13:18:56.733,2.01611,2.01666,1.10,1.50
2015.03.04 13:18:57.777,2.01603,2.01667,1.15,1.00
2015.03.04 13:18:58.366,2.016,2.01657,1.95,1.00
2015.03.04 13:18:58.416,2.01594,2.01657,1.15,1.00
2015.03.04 13:18:58.466,2.01604,2.01659,1.00,1.10
2015.03.04 13:18:58.618,2.01604,2.01666,1.15,1.00
2015.03.04 13:18:59.444,2.01604,2.01651,1.15,1.00
2015.03.04 13:18:59.497,2.01599,2.01651,1.07,1.00
2015.03.04 13:18:59.547,2.01594,2.01648,1.15,1.00
2015.03.04 13:18:59.648,2.01593,2.01647,1.00,1.00
2015.03.04 13:18:59.799,2.01584,2.01646,1.15,1.00
2015.03.04 13:18:59.900,2.01581,2.01631,1.15,1.00
2015.03.04 13:18:59.950,2.01574,2.01631,1.15,1.00
2015.03.04 13:19:00.001,2.01574,2.0163,1.07,1.07
2015.03.04 13:19:00.052,2.01574,2.0163,1.00,1.07
2015.03.04 13:19:00.153,2.01563,2.01627,1.15,1.00
2015.03.04 13:19:00.203,2.01563,2.01625,1.15,1.00
2015.03.04 13:19:00.508,2.01553,2.01596,1.87,1.10
2015.03.04 13:19:00.559,2.01552,2.0159,1.00,1.00
2015.03.04 13:19:00.674,2.01533,2.01596,1.17,1.10
2015.03.04 13:19:00.724,2.01533,2.01593,1.00,1.95
2015.03.04 13:19:00.775,2.01522,2.01576,1.00,1.00
2015.03.04 13:19:01.078,2.01521,2.0157,1.00,1.00
2015.03.04 13:19:01.330,2.01514,2.01576,1.07,1.10
2015.03.04 13:19:01.897,2.01522,2.01576,1.00,1.10
2015.03.04 13:19:02.225,2.01521,2.01576,1.07,1.00
2015.03.04 13:19:02.995,2.01522,2.01566,1.17,1.00
2015.03.04 13:19:03.096,2.01514,2.01577,1.95,1.00
2015.03.04 13:19:04.840,2.01513,2.01577,2.70,1.00
2015.03.04 13:19:05.467,2.01531,2.01577,1.00,1.00
2015.03.04 13:19:05.870,2.01524,2.01576,1.10,1.00
2015.03.04 13:19:05.971,2.01523,2.01587,1.17,1.17
2015.03.04 13:19:06.122,2.01523,2.01587,2.70,1.10
2015.03.04 13:19:06.671,2.01531,2.01576,1.17,1.00
2015.03.04 13:19:06.722,2.01531,2.01576,1.10,1.00
2015.03.04 13:19:06.831,2.01522,2.01576,1.00,1.00
2015.03.04 13:19:07.033,2.01523,2.01587,1.00,1.15
2015.03.04 13:19:07.084,2.01531,2.01587,1.00,1.15
2015.03.04 13:19:07.300,2.01531,2.01587,1.00,1.00
2015.03.04 13:19:07.350,2.01534,2.01586,1.00,1.00
2015.03.04 13:19:07.557,2.01531,2.01586,1.00,1.00
2015.03.04 13:19:07.758,2.01522,2.01577,1.07,1.00
2015.03.04 13:19:07.809,2.01522,2.01577,1.00,1.00
2015.03.04 13:19:07.859,2.01532,2.01577,1.00,1.00
2015.03.04 13:19:08.094,2.01532,2.01586,1.00,1.15
2015.03.04 13:19:08.145,2.01532,2.01586,1.00,1.07
2015.03.04 13:19:08.195,2.01542,2.01586,1.00,1.00
2015.03.04 13:19:08.397,2.01523,2.01587,1.15,1.00
2015.03.04 13:19:08.498,2.01532,2.01586,1.00,1.00
2015.03.04 13:19:08.750,2.01511,2.01567,1.10,1.00
2015.03.04 13:19:08.855,2.01521,2.01567,1.00,1.00
2015.03.04 13:19:09.171,2.01512,2.01566,1.00,1.00
2015.03.04 13:19:09.636,2.01513,2.01577,1.00,1.15
2015.03.04 13:19:09.687,2.01522,2.01577,1.15,1.00
2015.03.04 13:19:09.788,2.01524,2.01586,1.07,1.00
2015.03.04 13:19:10.307,2.01523,2.01587,1.17,1.10
2015.03.04 13:19:10.509,2.01521,2.01577,1.15,1.00
2015.03.04 13:19:11.062,2.01514,2.01566,1.95,1.00
2015.03.04 13:19:12.778,2.01522,2.01566,1.07,1.00
2015.03.04 13:19:12.879,2.01531,2.01566,1.00,1.00
2015.03.04 13:19:13.081,2.01531,2.01576,1.00,1.00
2015.03.04 13:19:13.333,2.01522,2.01577,1.15,1.00
2015.03.04 13:19:14.119,2.01531,2.01577,1.00,1.00
2015.03.04 13:19:14.375,2.01531,2.01586,1.07,1.00
2015.03.04 13:19:15.030,2.01532,2.01587,1.15,1.00
2015.03.04 13:19:15.081,2.01542,2.01587,1.00,1.00
2015.03.04 13:19:16.397,2.01531,2.01587,1.15,1.00
2015.03.04 13:19:17.851,2.01542,2.01586,1.00,1.00
2015.03.04 13:19:18.689,2.01584,2.01628,1.10,1.00
2015.03.04 13:19:18.740,2.01591,2.01646,1.00,1.07
2015.03.04 13:19:18.841,2.01584,2.01646,1.10,1.07
2015.03.04 13:19:19.308,2.01583,2.01637,1.07,1.00
2015.03.04 13:19:19.811,2.01574,2.01636,1.15,1.00
2015.03.04 13:19:20.888,2.01573,2.01627,1.07,1.00
2015.03.04 13:19:20.939,2.01573,2.01627,1.00,1.00
2015.03.04 13:19:21.040,2.01563,2.01627,1.15,1.00
2015.03.04 13:19:21.297,2.01571,2.01617,1.07,1.00
2015.03.04 13:19:21.397,2.01565,2.01617,1.87,1.00
2015.03.04 13:19:21.448,2.01553,2.01617,2.70,1.00
2015.03.04 13:19:21.499,2.01553,2.01617,1.07,1.07
2015.03.04 13:19:21.549,2.01544,2.01606,1.15,1.00
2015.03.04 13:19:21.913,2.01543,2.01607,1.00,1.17
2015.03.04 13:19:21.963,2.01534,2.01596,1.15,1.00
2015.03.04 13:19:22.720,2.01533,2.01597,1.15,1.00
2015.03.04 13:19:23.022,2.01541,2.01597,1.00,1.17
2015.03.04 13:19:23.599,2.01533,2.01597,1.07,1.17
2015.03.04 13:19:23.700,2.01533,2.01597,1.00,2.70
2015.03.04 13:19:23.901,2.01522,2.01577,1.07,1.00
2015.03.04 13:19:24.199,2.01521,2.01577,1.10,1.07
2015.03.04 13:19:24.702,2.01522,2.01567,1.00,1.00
2015.03.04 13:19:24.903,2.01512,2.01567,1.10,1.07
2015.03.04 13:19:25.004,2.01522,2.01566,1.00,1.15
2015.03.04 13:19:25.105,2.01522,2.01576,1.00,1.95
2015.03.04 13:19:25.156,2.01523,2.01587,1.00,2.70
2015.03.04 13:19:25.207,2.01523,2.01587,1.07,1.07
2015.03.04 13:19:25.257,2.01523,2.01587,1.15,1.00
2015.03.04 13:19:25.308,2.01528,2.01587,1.87,1.00
2015.03.04 13:19:25.609,2.01533,2.01597,1.15,1.00
2015.03.04 13:19:25.660,2.01541,2.01597,1.00,1.00
2015.03.04 13:19:26.376,2.01541,2.01596,1.17,1.00
2015.03.04 13:19:26.477,2.01544,2.01606,1.00,1.10
2015.03.04 13:19:26.528,2.01544,2.01606,1.15,1.00
2015.03.04 13:19:26.830,2.01553,2.01607,1.95,1.00
2015.03.04 13:19:27.150,2.01554,2.01616,1.15,1.00
2015.03.04 13:19:27.452,2.01553,2.01607,2.70,1.00
2015.03.04 13:19:27.997,2.01561,2.01616,1.95,1.00
2015.03.04 13:19:28.148,2.01563,2.01627,1.15,1.00
2015.03.04 13:19:28.249,2.01561,2.01617,1.95,1.00
2015.03.04 13:19:28.350,2.01564,2.01626,1.15,1.00
2015.03.04 13:19:28.501,2.01571,2.01626,2.62,1.00
2015.03.04 13:19:28.703,2.01569,2.01626,1.95,1.00
2015.03.04 13:19:28.804,2.01564,2.01626,1.15,1.00
2015.03.04 13:19:29.005,2.01562,2.01617,1.95,1.00
2015.03.04 13:19:29.106,2.01564,2.01626,1.15,1.00
2015.03.04 13:19:29.207,2.01562,2.01617,1.95,1.00
2015.03.04 13:19:29.559,2.01563,2.01627,1.15,1.00
2015.03.04 13:19:29.912,2.01571,2.01617,1.00,1.00
2015.03.04 13:19:29.962,2.01562,2.01617,1.07,1.00
2015.03.04 13:19:32.066,2.01572,2.01617,1.00,1.00
2015.03.04 13:19:32.415,2.01561,2.01616,1.17,1.00
2015.03.04 13:19:32.924,2.01562,2.01617,1.07,1.00
2015.03.04 13:19:33.075,2.01562,2.01607,1.07,1.00
2015.03.04 13:19:33.176,2.01562,2.01616,1.07,1.00
2015.03.04 13:19:33.727,2.01561,2.01617,1.17,1.00
2015.03.04 13:19:33.937,2.01572,2.01617,1.00,1.00
2015.03.04 13:19:34.139,2.01562,2.01616,1.07,1.00
2015.03.04 13:19:34.290,2.01563,2.01627,1.10,1.17
2015.03.04 13:19:34.340,2.01563,2.01627,2.62,1.10
2015.03.04 13:19:34.643,2.01563,2.01616,1.95,1.00
2015.03.04 13:19:35.418,2.01561,2.01616,1.95,1.00
2015.03.04 13:19:35.469,2.01561,2.01616,1.17,1.00
2015.03.04 13:19:36.987,2.01573,2.01637,1.10,1.07
2015.03.04 13:19:37.401,2.01574,2.01636,2.62,1.00
2015.03.04 13:19:37.608,2.01583,2.01641,1.07,1.00
2015.03.04 13:19:38.495,2.01583,2.01647,1.07,1.07
2015.03.04 13:19:38.886,2.01591,2.01647,1.00,1.07
2015.03.04 13:19:39.221,2.01591,2.01646,1.07,1.00
2015.03.04 13:19:39.522,2.01599,2.01657,1.15,1.00
2015.03.04 13:19:41.639,2.01601,2.01656,1.15,1.00
2015.03.04 13:19:42.202,2.01595,2.01657,1.15,1.00
2015.03.04 13:19:42.705,2.01595,2.01656,1.15,1.00
2015.03.04 13:19:43.216,2.01595,2.01657,1.15,1.00
2015.03.04 13:19:43.739,2.01595,2.01656,1.15,1.00
2015.03.04 13:19:45.754,2.01595,2.01657,1.15,1.00
2015.03.04 13:19:46.280,2.01594,2.01656,1.15,1.00
2015.03.04 13:19:48.646,2.01603,2.01656,1.95,1.00
2015.03.04 13:19:48.696,2.01604,2.01666,1.15,1.00
2015.03.04 13:19:48.798,2.01603,2.01657,1.95,1.00
2015.03.04 13:19:50.568,2.01604,2.01666,1.15,1.00
2015.03.04 13:19:50.737,2.01614,2.01666,1.87,1.00
2015.03.04 13:19:50.788,2.01614,2.01677,1.87,1.00
2015.03.04 13:19:53.043,2.01623,2.01677,2.70,1.00
2015.03.04 13:19:53.346,2.01623,2.01687,2.70,1.00
2015.03.04 13:19:53.547,2.01636,2.01686,1.87,1.00
2015.03.04 13:19:53.749,2.01636,2.01697,1.95,1.00
2015.03.04 13:19:53.850,2.01636,2.01686,1.95,1.00
2015.03.04 13:19:55.200,2.01644,2.01706,2.70,1.00
2015.03.04 13:19:55.251,2.01646,2.01706,1.95,1.00
2015.03.04 13:19:55.498,2.01653,2.01717,1.15,1.00
2015.03.04 13:19:55.750,2.01655,2.01706,1.95,1.00
2015.03.04 13:19:55.952,2.01655,2.01716,1.95,1.00
2015.03.04 13:19:56.159,2.01655,2.01707,1.95,1.00
2015.03.04 13:19:56.420,2.01654,2.01716,1.17,1.10
2015.03.04 13:19:57.058,2.01648,2.01707,1.15,1.00
2015.03.04 13:19:57.360,2.01656,2.01707,1.95,1.00
2015.03.04 13:19:58.356,2.01656,2.01717,1.95,1.00
2015.03.04 13:19:58.608,2.01656,2.01706,1.95,1.00
2015.03.04 13:19:59.170,2.01656,2.01716,1.95,1.00
2015.03.04 13:20:00.745,2.01648,2.01696,1.00,1.00
2015.03.04 13:20:00.795,2.01633,2.01697,1.15,1.00
2015.03.04 13:20:01.223,2.01643,2.01707,1.00,1.15
2015.03.04 13:20:01.789,2.01633,2.01697,1.17,1.07
2015.03.04 13:20:01.840,2.01633,2.01697,1.10,1.15
2015.03.04 13:20:02.355,2.01634,2.01696,1.00,1.17
2015.03.04 13:20:02.867,2.01632,2.01687,1.07,1.00
2015.03.04 13:20:03.018,2.01634,2.01696,1.00,1.17
2015.03.04 13:20:03.119,2.01632,2.01687,1.07,1.00
2015.03.04 13:20:03.320,2.01634,2.01696,1.00,1.17
2015.03.04 13:20:03.823,2.01633,2.01697,1.10,1.15
2015.03.04 13:20:04.185,2.01634,2.01696,1.07,1.10
2015.03.04 13:20:04.286,2.01643,2.01707,1.10,1.17
2015.03.04 13:20:04.667,2.01641,2.01696,1.15,1.00
2015.03.04 13:20:05.024,2.01643,2.01707,1.10,1.17
2015.03.04 13:20:05.325,2.01633,2.01697,1.15,1.00
2015.03.04 13:20:05.477,2.01643,2.01707,1.10,1.17
2015.03.04 13:20:05.688,2.01644,2.01706,1.07,1.00
2015.03.04 13:20:06.216,2.01643,2.01707,2.70,1.00
2015.03.04 13:20:06.582,2.01654,2.01716,1.10,1.10
2015.03.04 13:20:09.326,2.01664,2.01726,1.00,1.15
2015.03.04 13:20:09.880,2.01663,2.01727,1.00,2.70
2015.03.04 13:20:10.205,2.01654,2.01716,1.10,1.10
2015.03.04 13:20:11.116,2.01659,2.01717,1.87,1.00
2015.03.04 13:20:11.167,2.01674,2.01736,1.00,1.15
2015.03.04 13:20:11.268,2.01692,2.01736,1.00,1.15
2015.03.04 13:20:11.369,2.01682,2.01736,1.00,1.15
2015.03.04 13:20:12.006,2.01681,2.01736,1.00,1.15
2015.03.04 13:20:12.117,2.01691,2.01736,1.00,1.15
2015.03.04 13:20:12.217,2.01691,2.01736,1.00,1.07
2015.03.04 13:20:12.708,2.01692,2.01737,1.00,1.00
2015.03.04 13:20:12.910,2.01702,2.01737,1.00,1.00
2015.03.04 13:20:12.960,2.01702,2.01746,1.00,1.00
2015.03.04 13:20:13.111,2.01691,2.01747,1.10,1.00
2015.03.04 13:20:13.162,2.01691,2.01737,1.10,1.00
2015.03.04 13:20:14.630,2.01691,2.01746,1.00,1.15
2015.03.04 13:20:14.681,2.01684,2.01746,1.00,1.15
2015.03.04 13:20:14.933,2.01684,2.01746,1.07,1.07
2015.03.04 13:20:14.983,2.01684,2.01746,1.15,1.00
2015.03.04 13:20:15.085,2.01684,2.01746,1.07,1.07
2015.03.04 13:20:15.236,2.01681,2.01737,1.00,1.00
2015.03.04 13:20:15.650,2.01683,2.01747,1.15,1.00
2015.03.04 13:20:16.153,2.01684,2.01746,1.15,1.00
2015.03.04 13:20:16.657,2.01683,2.01747,1.15,1.00
2015.03.04 13:20:16.858,2.01692,2.01747,1.00,1.00
2015.03.04 13:20:17.384,2.01691,2.01747,1.00,1.00
2015.03.04 13:20:17.435,2.01684,2.01747,1.15,1.00
2015.03.04 13:20:17.543,2.01681,2.01737,1.15,1.00
2015.03.04 13:20:18.059,2.01681,2.01736,1.15,1.00
2015.03.04 13:20:21.545,2.01681,2.01737,1.15,1.00
2015.03.04 13:20:22.918,2.01702,2.01737,1.00,1.00
2015.03.04 13:20:22.968,2.01702,2.01757,1.00,1.00
2015.03.04 13:20:23.120,2.01693,2.01757,1.15,1.00
2015.03.04 13:20:24.040,2.01694,2.01756,1.15,1.00
2015.03.04 13:20:24.550,2.01693,2.01757,1.15,1.00
2015.03.04 13:20:29.453,2.01694,2.01756,1.15,1.00
2015.03.04 13:20:30.118,2.01693,2.01757,1.15,1.00
2015.03.04 13:20:30.814,2.01693,2.01748,1.15,1.00
2015.03.04 13:20:31.192,2.01694,2.01746,1.00,1.15
2015.03.04 13:20:31.243,2.01673,2.01727,1.00,1.00
2015.03.04 13:20:31.406,2.01663,2.01727,1.15,1.00
2015.03.04 13:20:31.457,2.01663,2.01727,1.07,1.07
2015.03.04 13:20:31.508,2.01663,2.01727,1.00,1.15
2015.03.04 13:20:31.774,2.01674,2.01726,1.00,1.15
2015.03.04 13:20:31.875,2.01664,2.01716,1.00,1.00
2015.03.04 13:20:31.976,2.01663,2.01727,1.00,1.15
2015.03.04 13:20:32.077,2.01663,2.01717,1.00,1.15
2015.03.04 13:20:32.395,2.01654,2.01716,1.00,1.17
2015.03.04 13:20:32.647,2.01654,2.01706,1.00,1.00
2015.03.04 13:20:33.064,2.01643,2.01707,1.15,1.00
2015.03.04 13:20:33.170,2.01654,2.01706,1.00,1.00
2015.03.04 13:20:33.376,2.01654,2.01716,1.00,1.15
2015.03.04 13:20:33.577,2.01654,2.01716,1.07,1.07
2015.03.04 13:20:33.880,2.01663,2.01717,1.00,1.00
2015.03.04 13:20:33.931,2.01654,2.01716,1.15,1.00
2015.03.04 13:20:34.283,2.01663,2.01717,1.00,1.00
2015.03.04 13:20:35.582,2.01663,2.01717,1.00,1.07
2015.03.04 13:20:35.733,2.01654,2.01716,1.00,1.15
2015.03.04 13:20:35.834,2.01663,2.01717,1.00,1.15
2015.03.04 13:20:36.304,2.01654,2.01716,1.00,1.15
2015.03.04 13:20:36.355,2.01663,2.01717,1.00,1.15
2015.03.04 13:20:36.406,2.01663,2.01717,1.00,1.00
2015.03.04 13:20:36.456,2.01674,2.01726,1.00,1.15
2015.03.04 13:20:36.814,2.01664,2.01726,1.00,1.15
2015.03.04 13:20:36.915,2.01674,2.01726,1.00,1.15
2015.03.04 13:20:37.268,2.01663,2.01727,1.00,1.15
2015.03.04 13:20:37.368,2.01673,2.01727,1.00,1.15
2015.03.04 13:20:37.570,2.01663,2.01727,1.00,1.15
2015.03.04 13:20:37.672,2.01662,2.01706,1.00,1.00
2015.03.04 13:20:37.874,2.01643,2.01697,1.00,1.10
2015.03.04 13:20:38.610,2.01633,2.01697,1.17,1.10
2015.03.04 13:20:39.393,2.01641,2.01697,1.00,1.10
2015.03.04 13:20:39.909,2.01641,2.01696,1.00,1.00
2015.03.04 13:20:40.414,2.01641,2.01697,1.00,1.10
2015.03.04 13:20:40.980,2.01641,2.01697,1.07,1.00
2015.03.04 13:20:41.494,2.01644,2.01696,1.10,1.00
2015.03.04 13:20:42.334,2.01642,2.01687,1.17,1.00
2015.03.04 13:20:43.931,2.01633,2.01687,1.07,1.07
2015.03.04 13:20:43.982,2.01633,2.01687,1.00,1.17
2015.03.04 13:20:44.387,2.01642,2.01686,1.00,1.00
2015.03.04 13:20:44.745,2.01642,2.01696,1.00,1.07
2015.03.04 13:20:44.795,2.01642,2.01696,1.07,1.00
2015.03.04 13:20:51.970,2.01633,2.01687,2.70,1.00
2015.03.04 13:20:52.224,2.01633,2.01687,1.15,1.00
2015.03.04 13:20:52.275,2.01633,2.01687,1.17,1.00
2015.03.04 13:20:56.605,2.01632,2.01686,1.15,1.00
2015.03.04 13:20:56.706,2.01624,2.01676,1.15,1.00
2015.03.04 13:20:58.413,2.01654,2.01703,1.00,1.00
2015.03.04 13:20:58.464,2.01654,2.01716,1.00,1.65
2015.03.04 13:20:59.933,2.01662,2.01716,1.00,1.15
2015.03.04 13:21:00.294,2.01654,2.01706,1.00,1.00
2015.03.04 13:21:00.429,2.01654,2.01706,1.07,1.00
2015.03.04 13:21:03.553,2.01664,2.01716,1.07,1.00
2015.03.04 13:21:03.654,2.01665,2.01716,1.95,1.00
2015.03.04 13:21:03.755,2.01683,2.01736,1.00,1.00
2015.03.04 13:21:04.265,2.01683,2.01736,1.07,1.00
2015.03.04 13:21:04.433,2.01693,2.01749,1.00,1.17
2015.03.04 13:21:04.953,2.01693,2.01738,1.00,1.00
2015.03.04 13:21:05.134,2.01693,2.01747,1.00,1.00
2015.03.04 13:21:06.356,2.01693,2.01738,1.00,1.00
2015.03.04 13:21:06.407,2.01684,2.01738,1.15,1.00
2015.03.04 13:21:06.558,2.01683,2.01737,1.00,1.00
2015.03.04 13:21:06.609,2.01674,2.01726,1.17,1.00
2015.03.04 13:21:07.573,2.01665,2.01716,1.95,1.00
2015.03.04 13:21:08.048,2.01664,2.01716,1.15,1.00
2015.03.04 13:21:08.149,2.01664,2.01716,1.07,1.00
2015.03.04 13:21:08.588,2.01664,2.01726,1.07,1.10
2015.03.04 13:21:08.689,2.01673,2.01727,1.00,1.07
2015.03.04 13:21:09.041,2.01683,2.01737,1.00,2.70
2015.03.04 13:21:09.142,2.01704,2.01748,1.00,1.00
2015.03.04 13:21:09.394,2.01693,2.01747,1.00,1.00
2015.03.04 13:21:09.445,2.01693,2.01744,1.00,1.00
2015.03.04 13:21:09.646,2.01664,2.01726,1.00,1.15
2015.03.04 13:21:09.697,2.01664,2.01716,1.00,1.00
2015.03.04 13:21:09.898,2.01654,2.01716,1.07,1.07
2015.03.04 13:21:09.949,2.01654,2.01716,1.00,1.15
2015.03.04 13:21:10.264,2.01664,2.01716,1.00,1.15
2015.03.04 13:21:10.365,2.01663,2.01717,1.00,1.07
2015.03.04 13:21:10.466,2.01663,2.01717,1.00,1.00
2015.03.04 13:21:10.567,2.01674,2.01726,1.00,1.17
2015.03.04 13:21:11.074,2.01674,2.01726,1.10,1.00
2015.03.04 13:21:11.232,2.01673,2.01737,1.07,1.15
2015.03.04 13:21:13.353,2.01683,2.01737,1.00,1.15
2015.03.04 13:21:14.378,2.01683,2.01737,1.00,1.00
2015.03.04 13:21:14.428,2.01694,2.01746,1.00,1.07
2015.03.04 13:21:14.529,2.01683,2.01747,1.00,1.17
2015.03.04 13:21:14.630,2.01702,2.01747,1.00,1.17
2015.03.04 13:21:14.681,2.01702,2.01747,1.00,1.00
2015.03.04 13:21:14.781,2.01702,2.01757,1.00,1.17
2015.03.04 13:21:14.832,2.01698,2.01757,1.00,1.17
2015.03.04 13:21:14.882,2.01714,2.01766,1.00,2.70
2015.03.04 13:21:14.984,2.01693,2.01747,1.00,1.07
2015.03.04 13:21:15.085,2.01693,2.01747,1.15,1.00
2015.03.04 13:21:15.387,2.01713,2.01767,1.00,1.15
2015.03.04 13:21:15.438,2.01703,2.01757,1.00,1.00
2015.03.04 13:21:15.538,2.01693,2.01757,1.15,1.00
2015.03.04 13:21:15.639,2.01693,2.01747,1.15,1.00
2015.03.04 13:21:15.690,2.01693,2.01747,1.00,1.00
2015.03.04 13:21:16.515,2.01693,2.01747,1.00,1.15
2015.03.04 13:21:16.616,2.01683,2.01737,1.00,1.10
2015.03.04 13:21:16.717,2.01674,2.01736,1.07,1.00
2015.03.04 13:21:16.969,2.01674,2.01726,1.07,1.00
2015.03.04 13:21:17.474,2.01674,2.01726,1.00,1.00
2015.03.04 13:21:17.777,2.01664,2.01716,1.00,1.00
2015.03.04 13:21:18.079,2.01673,2.01727,1.00,1.15
2015.03.04 13:21:18.180,2.01673,2.01727,1.00,1.07
2015.03.04 13:21:18.965,2.01664,2.01716,1.00,1.00
2015.03.04 13:21:19.016,2.01653,2.01717,1.17,1.10
2015.03.04 13:21:19.066,2.01654,2.01706,1.07,1.00
2015.03.04 13:21:19.268,2.01654,2.01716,1.07,1.00
2015.03.04 13:21:19.487,2.01654,2.01706,1.07,1.00
2015.03.04 13:21:19.587,2.01653,2.01717,1.17,1.10
2015.03.04 13:21:19.688,2.01663,2.01717,1.00,1.10
2015.03.04 13:21:19.990,2.01654,2.01716,1.00,1.15
2015.03.04 13:21:20.393,2.01643,2.01707,1.17,1.00
2015.03.04 13:21:20.594,2.01653,2.01707,1.00,1.00
2015.03.04 13:21:21.487,2.01633,2.01697,1.15,1.07
2015.03.04 13:21:21.890,2.01643,2.01697,1.00,1.07
2015.03.04 13:21:22.643,2.01643,2.01697,1.17,1.00
2015.03.04 13:21:22.693,2.01643,2.01707,1.17,1.10
2015.03.04 13:21:22.995,2.01654,2.01706,1.00,1.00
2015.03.04 13:21:23.297,2.01663,2.01717,1.07,1.00
2015.03.04 13:21:23.600,2.01674,2.01726,1.00,1.07
2015.03.04 13:21:25.254,2.01674,2.01726,1.00,2.62
2015.03.04 13:21:25.306,2.01664,2.01726,1.00,2.70
2015.03.04 13:21:25.657,2.01664,2.01726,1.00,1.15
2015.03.04 13:21:25.808,2.01672,2.01726,1.00,1.15
2015.03.04 13:21:26.119,2.01674,2.01726,1.00,1.15
2015.03.04 13:21:26.422,2.01653,2.01707,1.00,1.15
2015.03.04 13:21:26.937,2.01642,2.01696,1.00,1.15
2015.03.04 13:21:27.290,2.01634,2.01696,1.00,1.15
2015.03.04 13:21:27.391,2.01643,2.01697,1.00,1.15
2015.03.04 13:21:28.639,2.01654,2.01702,1.00,1.95
2015.03.04 13:21:28.690,2.01654,2.01706,1.00,1.00
2015.03.04 13:21:28.740,2.01664,2.01716,1.00,1.15
2015.03.04 13:21:28.892,2.01663,2.01719,1.00,1.00
2015.03.04 13:21:28.942,2.01653,2.01707,1.07,1.00
2015.03.04 13:21:28.993,2.01653,2.01707,1.00,1.00
2015.03.04 13:21:29.043,2.01644,2.01706,1.07,1.07
2015.03.04 13:21:29.094,2.01644,2.01706,1.00,1.15
2015.03.04 13:21:29.296,2.01644,2.01696,1.00,1.00
2015.03.04 13:21:29.397,2.01633,2.01697,1.15,1.00
2015.03.04 13:21:29.448,2.01652,2.01697,1.00,1.00
2015.03.04 13:21:29.498,2.01652,2.01707,1.00,1.15
2015.03.04 13:21:29.649,2.01661,2.01707,1.00,1.07
2015.03.04 13:21:29.700,2.01661,2.01707,1.00,1.00
2015.03.04 13:21:29.851,2.01653,2.01707,1.00,1.00
2015.03.04 13:21:30.374,2.01654,2.01706,1.00,1.00
2015.03.04 13:21:30.684,2.01654,2.01706,1.15,1.00
2015.03.04 13:21:30.841,2.01654,2.01716,1.15,1.00
2015.03.04 13:21:30.891,2.01658,2.01716,1.95,1.00
2015.03.04 13:21:31.676,2.01654,2.01716,1.65,1.00
2015.03.04 13:21:31.777,2.01656,2.01716,1.95,1.00
2015.03.04 13:21:33.032,2.01663,2.01717,1.15,1.00
2015.03.04 13:21:33.234,2.01668,2.01727,1.00,1.00
2015.03.04 13:21:33.334,2.01673,2.01727,1.00,1.00
2015.03.04 13:21:33.687,2.01664,2.01726,1.15,1.00
2015.03.04 13:21:33.788,2.01673,2.01727,1.15,1.00
2015.03.04 13:21:34.544,2.01683,2.01737,1.00,1.07
2015.03.04 13:21:34.695,2.01683,2.01737,1.15,1.00
2015.03.04 13:21:34.796,2.01683,2.01747,1.15,1.00
2015.03.04 13:21:34.897,2.01684,2.01736,1.15,1.00
2015.03.04 13:21:34.998,2.01673,2.01737,1.15,1.00
2015.03.04 13:21:35.099,2.01674,2.01726,1.00,1.10
2015.03.04 13:21:35.674,2.01664,2.01726,1.17,1.10
2015.03.04 13:21:36.228,2.01673,2.01727,1.00,1.07
2015.03.04 13:21:37.751,2.01674,2.01736,1.00,1.15
2015.03.04 13:21:38.220,2.01674,2.01736,1.07,1.00
2015.03.04 13:21:38.522,2.01674,2.01726,1.07,1.00
2015.03.04 13:21:40.033,2.01664,2.01727,1.87,1.07
2015.03.04 13:21:40.377,2.01663,2.01717,1.00,1.10
2015.03.04 13:21:40.918,2.01664,2.01716,1.00,1.00
2015.03.04 13:21:41.120,2.01664,2.01716,1.17,1.00
2015.03.04 13:21:42.153,2.01663,2.01727,1.15,1.07
2015.03.04 13:21:43.237,2.01673,2.01727,1.00,1.07
2015.03.04 13:21:43.591,2.01664,2.01726,1.17,1.10
2015.03.04 13:21:43.692,2.01673,2.01727,1.00,1.07
2015.03.04 13:21:44.366,2.01673,2.01718,1.00,1.00
2015.03.04 13:21:44.468,2.01673,2.01727,1.00,1.07
2015.03.04 13:21:44.889,2.01663,2.01727,1.15,1.07
2015.03.04 13:21:45.262,2.01663,2.01727,1.15,1.07
2015.03.04 13:21:45.312,2.01664,2.01716,1.17,1.00
2015.03.04 13:21:46.778,2.01664,2.01718,1.17,1.00
2015.03.04 13:21:46.879,2.01664,2.01716,1.17,1.00
2015.03.04 13:21:47.205,2.01663,2.01727,1.15,1.07
2015.03.04 13:21:47.407,2.01667,2.01726,1.15,1.00
2015.03.04 13:21:48.351,2.01673,2.01727,1.15,1.00
2015.03.04 13:21:49.056,2.01674,2.01726,1.17,1.00
2015.03.04 13:21:49.358,2.01675,2.01736,1.95,1.00
2015.03.04 13:21:49.509,2.01684,2.01746,1.17,1.00
2015.03.04 13:21:49.761,2.01684,2.01736,1.17,1.00
2015.03.04 13:21:49.913,2.01684,2.01736,1.00,1.00
2015.03.04 13:21:50.014,2.01683,2.01747,1.00,1.15
2015.03.04 13:21:50.165,2.01684,2.01736,1.00,1.00
2015.03.04 13:21:50.266,2.01683,2.01747,1.00,1.15
2015.03.04 13:21:50.366,2.01683,2.01747,1.15,1.00
2015.03.04 13:21:50.417,2.01683,2.01737,1.15,1.00
2015.03.04 13:21:50.820,2.01684,2.01736,1.00,1.00
2015.03.04 13:21:50.971,2.01684,2.01746,1.00,1.15
2015.03.04 13:21:51.172,2.01683,2.01737,1.00,1.00
2015.03.04 13:21:51.374,2.01673,2.01737,1.15,1.00
2015.03.04 13:21:53.809,2.01673,2.01727,1.15,1.00
2015.03.04 13:21:54.011,2.01654,2.01716,1.15,1.00
2015.03.04 13:21:55.875,2.01653,2.01707,1.65,1.00
2015.03.04 13:21:56.417,2.01655,2.01706,1.17,1.00
2015.03.04 13:21:56.468,2.01655,2.01717,1.17,1.10
2015.03.04 13:21:56.569,2.01664,2.01716,1.00,1.00
2015.03.04 13:21:56.871,2.01674,2.01726,1.17,1.00
2015.03.04 13:21:57.123,2.01673,2.01737,1.15,1.00
2015.03.04 13:21:57.629,2.01674,2.01736,1.17,1.00
2015.03.04 13:21:58.092,2.01684,2.01736,1.00,1.00
2015.03.04 13:21:58.193,2.01684,2.01746,1.17,1.00
2015.03.04 13:21:58.646,2.01684,2.01736,1.17,1.00
2015.03.04 13:22:00.678,2.01684,2.01736,1.00,1.00
2015.03.04 13:22:08.868,2.01684,2.01746,1.17,1.00
2015.03.04 13:22:08.969,2.01684,2.01736,1.17,1.00
2015.03.04 13:22:09.701,2.01676,2.01737,1.95,1.00
2015.03.04 13:22:10.864,2.01681,2.01727,1.00,1.17
2015.03.04 13:22:11.116,2.01664,2.01726,1.00,1.10
2015.03.04 13:22:11.166,2.01664,2.01726,1.15,1.00
2015.03.04 13:22:11.670,2.01663,2.01727,2.70,1.00
2015.03.04 13:22:12.173,2.01674,2.01726,1.10,1.00
2015.03.04 13:22:13.824,2.01673,2.01727,1.07,1.00
2015.03.04 13:22:13.925,2.01674,2.01736,1.10,1.10
2015.03.04 13:22:14.177,2.01674,2.01726,1.15,1.00
2015.03.04 13:22:16.259,2.01673,2.01727,1.95,1.00
2015.03.04 13:22:17.152,2.01673,2.01737,2.70,1.00
2015.03.04 13:22:17.903,2.01673,2.01727,2.70,1.00
2015.03.04 13:22:18.318,2.01673,2.01727,1.17,1.00
2015.03.04 13:22:19.123,2.01673,2.01737,1.17,1.17
2015.03.04 13:22:20.011,2.01673,2.01727,1.17,1.00
2015.03.04 13:22:20.212,2.01675,2.01737,1.10,1.17
2015.03.04 13:22:20.313,2.01675,2.01737,1.15,1.00
2015.03.04 13:22:25.485,2.01674,2.01726,3.45,1.00
2015.03.04 13:22:25.787,2.01675,2.01727,1.17,1.00
2015.03.04 13:22:25.838,2.01675,2.01727,1.10,1.00
2015.03.04 13:22:26.190,2.01681,2.01727,1.00,1.00
2015.03.04 13:22:26.594,2.01676,2.01726,1.00,1.00
2015.03.04 13:22:27.042,2.01682,2.01726,1.00,1.00
2015.03.04 13:22:27.564,2.01681,2.01727,1.00,1.00
2015.03.04 13:22:27.615,2.01673,2.01727,1.65,1.00
2015.03.04 13:22:27.930,2.01669,2.01726,1.07,1.10
2015.03.04 13:22:27.981,2.01664,2.01726,1.00,1.10
2015.03.04 13:22:28.031,2.01663,2.01717,1.10,1.00
2015.03.04 13:22:28.700,2.01659,2.01716,1.15,1.00
2015.03.04 13:22:29.772,2.01661,2.01707,1.17,1.00
2015.03.04 13:22:32.981,2.01653,2.01717,1.15,1.00
2015.03.04 13:22:33.623,2.01663,2.01727,1.10,1.07
2015.03.04 13:22:33.724,2.01663,2.01727,3.37,1.00
2015.03.04 13:22:39.101,2.01674,2.01726,1.10,1.00
2015.03.04 13:22:39.421,2.01675,2.01737,1.95,1.00
2015.03.04 13:22:43.612,2.01675,2.01727,1.95,1.00
2015.03.04 13:22:46.347,2.01675,2.01737,1.95,1.00
2015.03.04 13:22:46.612,2.01702,2.01737,1.00,1.00
2015.03.04 13:22:46.713,2.01702,2.01756,1.00,1.10
2015.03.04 13:22:46.763,2.01702,2.01756,1.07,1.00
2015.03.04 13:22:46.814,2.01703,2.01766,1.15,1.00
2015.03.04 13:22:47.317,2.01703,2.01767,1.15,1.10
2015.03.04 13:22:47.469,2.01704,2.01767,1.95,1.00
2015.03.04 13:22:51.685,2.01714,2.01776,1.17,1.00
2015.03.04 13:22:52.093,2.01714,2.01767,1.17,1.00
2015.03.04 13:22:54.616,2.01714,2.01766,1.17,1.00
2015.03.04 13:22:55.077,2.01714,2.01776,1.17,1.00
2015.03.04 13:22:55.178,2.01724,2.01776,1.00,1.00
2015.03.04 13:22:57.986,2.01724,2.01776,1.07,1.00
2015.03.04 13:22:59.291,2.01724,2.01776,1.00,1.57
2015.03.04 13:22:59.593,2.01715,2.01767,1.10,1.00
2015.03.04 13:23:00.198,2.01716,2.01767,1.00,1.00
2015.03.04 13:23:00.892,2.01713,2.01767,1.17,1.00
2015.03.04 13:23:03.240,2.01714,2.01776,1.07,1.57
2015.03.04 13:23:03.760,2.01716,2.01776,1.00,1.10
2015.03.04 13:23:04.072,2.01723,2.01777,1.00,1.07
2015.03.04 13:23:06.167,2.01723,2.01777,1.17,1.00
2015.03.04 13:23:06.319,2.01724,2.01786,1.10,1.10
2015.03.04 13:23:06.734,2.01724,2.01776,1.10,1.00
2015.03.04 13:23:09.386,2.01713,2.01777,2.70,1.00
2015.03.04 13:23:09.688,2.01714,2.01766,1.15,1.00
2015.03.04 13:23:16.367,2.0172,2.01766,1.95,1.00
2015.03.04 13:23:16.752,2.01722,2.01766,1.95,1.00
2015.03.04 13:23:22.076,2.01714,2.01766,1.00,1.00
2015.03.04 13:23:22.127,2.01697,2.01746,1.15,1.00
2015.03.04 13:23:22.667,2.01704,2.01756,1.15,1.00
2015.03.04 13:23:22.717,2.01706,2.01756,1.87,1.00
2015.03.04 13:23:22.818,2.01713,2.01767,1.15,1.00
2015.03.04 13:23:22.919,2.01715,2.01766,1.95,1.00
2015.03.04 13:23:29.590,2.01723,2.01777,1.15,1.00
2015.03.04 13:23:29.641,2.01735,2.01777,1.07,1.00
2015.03.04 13:23:29.943,2.01735,2.01776,2.70,1.00
2015.03.04 13:23:29.993,2.01728,2.01776,1.95,1.00
2015.03.04 13:23:30.044,2.01728,2.01766,1.95,1.00
2015.03.04 13:23:32.054,2.01726,2.01766,1.95,1.00
2015.03.04 13:23:32.105,2.01718,2.01766,1.95,1.00
2015.03.04 13:23:34.260,2.01697,2.01756,1.15,1.00
2015.03.04 13:23:34.365,2.01694,2.01749,1.15,1.00
2015.03.04 13:23:34.812,2.01693,2.01747,1.65,1.00
2015.03.04 13:23:38.541,2.01693,2.01738,1.15,1.00
2015.03.04 13:23:38.692,2.0169,2.01737,1.87,1.00
2015.03.04 13:23:38.743,2.01683,2.01737,1.10,1.00
2015.03.04 13:23:38.793,2.01683,2.01737,1.00,1.07
2015.03.04 13:23:39.096,2.01662,2.01716,1.65,1.00
2015.03.04 13:23:39.512,2.01674,2.01726,1.00,1.00
2015.03.04 13:23:42.709,2.01673,2.01727,1.00,1.00
2015.03.04 13:23:44.353,2.01664,2.01716,1.65,1.00
2015.03.04 13:23:44.454,2.01649,2.01696,1.00,1.00
2015.03.04 13:23:44.555,2.01649,2.01687,1.00,1.00
2015.03.04 13:23:44.605,2.01641,2.01687,1.15,1.00
2015.03.04 13:23:45.032,2.01643,2.01697,1.07,1.00
2015.03.04 13:23:45.350,2.01649,2.01697,1.00,1.00
2015.03.04 13:23:45.552,2.01649,2.01706,1.00,1.07
2015.03.04 13:23:45.602,2.01655,2.01706,1.00,1.07
2015.03.04 13:23:45.804,2.01655,2.01707,1.10,1.00
2015.03.04 13:23:46.357,2.01661,2.01707,1.50,1.00
2015.03.04 13:23:46.460,2.01665,2.01717,1.00,1.00
2015.03.04 13:23:46.967,2.01665,2.01716,1.00,1.00
2015.03.04 13:23:47.018,2.0167,2.01716,1.00,1.00
2015.03.04 13:23:47.169,2.01656,2.01706,1.00,1.07
2015.03.04 13:23:47.220,2.01652,2.01687,1.00,1.00
2015.03.04 13:23:47.491,2.01642,2.01687,1.15,1.00
2015.03.04 13:23:48.995,2.01651,2.01687,1.00,1.00
2015.03.04 13:23:49.686,2.01652,2.01687,1.00,1.00
2015.03.04 13:23:50.197,2.01651,2.01687,1.00,1.00
2015.03.04 13:23:50.411,2.01642,2.01687,1.00,1.00
2015.03.04 13:23:51.017,2.01652,2.01687,1.00,1.00
2015.03.04 13:23:51.321,2.01633,2.01687,1.15,1.00
2015.03.04 13:23:51.632,2.01642,2.01687,1.00,1.00
2015.03.04 13:23:52.146,2.01641,2.01687,1.00,1.00
2015.03.04 13:23:52.480,2.01652,2.01687,1.00,1.00
2015.03.04 13:23:52.632,2.01641,2.01687,1.00,1.00
2015.03.04 13:23:52.834,2.01644,2.01696,1.00,1.00
2015.03.04 13:23:52.985,2.01645,2.01696,1.15,1.00
2015.03.04 13:23:53.035,2.01653,2.01707,1.00,1.00
2015.03.04 13:23:53.136,2.01653,2.01715,1.00,1.17
2015.03.04 13:23:53.287,2.01663,2.01717,1.00,1.15
2015.03.04 13:23:53.388,2.01653,2.01717,1.00,1.15
2015.03.04 13:23:53.491,2.01663,2.01717,1.00,1.00
2015.03.04 13:23:53.594,2.01663,2.01727,1.00,1.15
2015.03.04 13:23:53.694,2.01673,2.01727,1.00,1.15
2015.03.04 13:23:54.123,2.01663,2.01725,1.00,1.17
2015.03.04 13:23:55.473,2.01673,2.01727,1.00,1.65
2015.03.04 13:23:55.574,2.01664,2.01726,1.00,1.15
2015.03.04 13:23:55.776,2.01664,2.01716,1.00,1.00
2015.03.04 13:23:59.195,2.01663,2.01717,1.00,1.00
2015.03.04 13:24:00.300,2.01653,2.01717,1.07,1.07
2015.03.04 13:24:00.351,2.01653,2.01717,1.00,1.15
2015.03.04 13:24:00.502,2.01654,2.01706,1.00,1.00
2015.03.04 13:24:01.602,2.01654,2.01716,1.00,1.15
2015.03.04 13:24:01.854,2.01653,2.01707,1.00,1.00
2015.03.04 13:24:02.077,2.01654,2.01716,1.00,1.15
2015.03.04 13:24:02.178,2.01654,2.01706,1.00,1.00
2015.03.04 13:24:03.536,2.01653,2.01717,1.00,1.15
2015.03.04 13:24:03.738,2.01654,2.01706,1.00,1.00
2015.03.04 13:24:04.041,2.01652,2.01707,1.15,1.00
2015.03.04 13:24:04.243,2.01643,2.01707,1.65,1.00
2015.03.04 13:24:05.055,2.01634,2.01696,1.15,1.00
2015.03.04 13:24:05.559,2.01643,2.01697,1.07,1.00
2015.03.04 13:24:05.660,2.01639,2.01696,1.00,1.17
2015.03.04 13:24:05.711,2.01631,2.01676,1.10,1.00
2015.03.04 13:24:06.251,2.01632,2.01676,1.00,1.00
2015.03.04 13:24:06.550,2.01642,2.01687,1.00,1.00
2015.03.04 13:24:06.802,2.01633,2.01687,1.00,1.00
2015.03.04 13:24:06.852,2.01633,2.01687,1.15,1.00
2015.03.04 13:24:06.903,2.01644,2.01696,1.00,1.00
2015.03.04 13:24:09.461,2.01644,2.01706,1.00,1.10
2015.03.04 13:24:10.180,2.01644,2.01696,1.00,1.00
2015.03.04 13:24:11.241,2.01646,2.01696,1.00,1.00
2015.03.04 13:24:11.291,2.01646,2.01706,1.00,1.10
2015.03.04 13:24:11.543,2.01645,2.01697,1.00,1.00
2015.03.04 13:24:11.862,2.01648,2.01697,1.00,1.00
2015.03.04 13:24:11.964,2.01648,2.01706,1.00,1.10
2015.03.04 13:24:12.791,2.0165,2.01706,1.00,1.10
2015.03.04 13:24:14.188,2.01649,2.01706,1.00,1.10
2015.03.04 13:24:14.490,2.0165,2.01696,1.00,1.00
2015.03.04 13:24:14.966,2.01653,2.01696,1.00,1.00
2015.03.04 13:24:15.484,2.01652,2.01706,1.17,1.00
2015.03.04 13:24:15.535,2.01657,2.01706,1.00,1.00
2015.03.04 13:24:15.636,2.01652,2.01706,1.17,1.00
2015.03.04 13:24:16.189,2.01654,2.01706,1.00,1.00
2015.03.04 13:24:18.367,2.01644,2.01696,1.10,1.00
2015.03.04 13:24:22.623,2.01643,2.01706,1.07,1.10
2015.03.04 13:24:22.674,2.01648,2.01706,1.87,1.00
2015.03.04 13:24:22.875,2.01664,2.01716,1.00,1.50
2015.03.04 13:24:22.977,2.01673,2.01727,1.00,1.15
2015.03.04 13:24:23.178,2.01673,2.01727,1.00,1.00
2015.03.04 13:24:26.061,2.01673,2.01737,1.00,1.15
2015.03.04 13:24:27.586,2.01674,2.01726,1.00,1.00
2015.03.04 13:24:28.012,2.01665,2.01727,1.15,1.00
2015.03.04 13:24:29.490,2.01672,2.01727,1.00,1.00
2015.03.04 13:24:32.475,2.01693,2.01749,1.10,1.00
2015.03.04 13:24:32.526,2.01693,2.01757,1.10,1.17
2015.03.04 13:24:32.801,2.01698,2.01756,1.00,1.10
2015.03.04 13:24:32.952,2.01703,2.01767,1.07,1.15
2015.03.04 13:24:33.641,2.01713,2.01767,1.00,1.15
2015.03.04 13:24:33.802,2.01713,2.01767,1.10,1.00
2015.03.04 13:24:34.322,2.01714,2.01766,1.00,1.00
2015.03.04 13:24:35.049,2.01706,2.01766,1.65,1.00
2015.03.04 13:24:35.605,2.01706,2.01757,1.15,1.00
2015.03.04 13:24:35.706,2.01696,2.01756,1.15,1.00
2015.03.04 13:24:35.806,2.01694,2.01756,1.00,1.15
2015.03.04 13:24:35.857,2.01694,2.01746,1.00,1.00
2015.03.04 13:24:36.370,2.01693,2.01747,1.00,1.00
2015.03.04 13:24:37.793,2.01693,2.01748,1.00,1.00
2015.03.04 13:24:37.843,2.01693,2.01757,1.00,1.15
2015.03.04 13:24:37.894,2.01696,2.01757,1.00,1.15
2015.03.04 13:24:38.196,2.01693,2.01747,1.00,1.00
2015.03.04 13:24:38.549,2.01693,2.01757,1.00,1.15
2015.03.04 13:24:38.806,2.01694,2.01746,1.00,1.00
2015.03.04 13:24:39.022,2.01694,2.01756,1.00,1.15
2015.03.04 13:24:39.224,2.01693,2.01747,1.00,1.00
2015.03.04 13:24:43.984,2.01694,2.01756,1.00,1.15
2015.03.04 13:24:51.110,2.01693,2.01747,1.00,1.00
2015.03.04 13:24:51.412,2.01683,2.01737,1.15,1.00
2015.03.04 13:24:51.513,2.01673,2.01737,1.65,1.00
2015.03.04 13:24:51.563,2.01684,2.01736,1.00,1.00
2015.03.04 13:24:54.324,2.01678,2.01737,1.15,1.00
2015.03.04 13:24:54.425,2.01684,2.01736,1.00,1.00
2015.03.04 13:24:55.505,2.01684,2.01746,1.00,1.15
2015.03.04 13:24:56.307,2.01694,2.01746,1.00,1.15
2015.03.04 13:24:56.408,2.01686,2.01747,1.00,1.15
2015.03.04 13:24:56.509,2.01686,2.01736,1.00,1.00
2015.03.04 13:24:56.913,2.01684,2.01736,1.00,1.00
2015.03.04 13:24:57.369,2.01694,2.01746,1.00,1.15
2015.03.04 13:24:57.621,2.01684,2.01746,1.00,1.15
2015.03.04 13:24:57.722,2.01693,2.01747,1.00,1.15
2015.03.04 13:24:58.040,2.01683,2.01747,1.00,1.15
2015.03.04 13:24:58.807,2.01683,2.01737,1.00,1.00
2015.03.04 13:25:03.871,2.01683,2.01747,1.00,1.15
2015.03.04 13:25:07.403,2.01684,2.01746,1.00,1.15
2015.03.04 13:25:07.604,2.01694,2.01746,1.00,1.15
2015.03.04 13:25:11.579,2.01694,2.01746,1.00,1.15
2015.03.04 13:25:13.680,2.01693,2.01747,1.00,1.00
2015.03.04 13:25:20.361,2.01694,2.01756,1.00,1.15
2015.03.04 13:25:24.111,2.01693,2.01757,1.15,1.00
2015.03.04 13:25:24.363,2.01704,2.01756,1.00,1.00
2015.03.04 13:25:25.220,2.01703,2.01757,1.00,1.00
2015.03.04 13:25:25.561,2.01694,2.01746,1.15,1.00
2015.03.04 13:25:25.975,2.01704,2.01756,1.00,1.00
2015.03.04 13:25:26.193,2.01693,2.01757,1.15,1.00
2015.03.04 13:25:26.670,2.01704,2.01756,1.00,1.00
2015.03.04 13:25:26.890,2.01693,2.01757,1.15,1.00
2015.03.04 13:25:28.391,2.01703,2.01757,1.00,1.00
2015.03.04 13:25:28.977,2.01694,2.01756,1.15,1.00
2015.03.04 13:25:29.028,2.01694,2.01756,1.00,1.15
2015.03.04 13:25:30.341,2.01694,2.01746,1.00,1.00
2015.03.04 13:25:30.643,2.01694,2.01746,1.15,1.00
2015.03.04 13:25:34.903,2.01703,2.01757,1.00,1.00
2015.03.04 13:25:35.004,2.01694,2.01756,1.15,1.00
2015.03.04 13:25:35.105,2.01703,2.01757,1.00,1.00
2015.03.04 13:25:35.256,2.01693,2.01757,1.15,1.00
2015.03.04 13:25:36.420,2.01693,2.01747,1.15,1.00
2015.03.04 13:25:36.622,2.01693,2.01747,1.00,1.00
2015.03.04 13:25:38.183,2.01694,2.01746,1.00,1.00
2015.03.04 13:25:38.334,2.01693,2.01757,1.00,1.15
2015.03.04 13:25:38.760,2.01694,2.01746,1.00,1.00
2015.03.04 13:25:39.522,2.01704,2.01756,1.00,1.00
2015.03.04 13:25:42.491,2.01694,2.01756,1.15,1.00
2015.03.04 13:25:42.591,2.01703,2.01757,1.00,1.00
2015.03.04 13:25:44.725,2.01704,2.01766,1.00,1.15
2015.03.04 13:25:46.032,2.01704,2.01756,1.00,1.00
2015.03.04 13:25:52.625,2.01704,2.01766,1.00,1.15
2015.03.04 13:25:52.725,2.01713,2.01767,1.00,1.15
2015.03.04 13:25:55.801,2.01714,2.01766,1.00,1.15
2015.03.04 13:25:57.843,2.01714,2.01759,1.00,1.00
2015.03.04 13:25:57.894,2.01704,2.01759,1.00,1.00
2015.03.04 13:25:57.995,2.01704,2.01756,1.00,1.15
2015.03.04 13:25:59.439,2.01693,2.01757,1.00,1.15
2015.03.04 13:26:00.162,2.01693,2.01748,1.00,1.00
2015.03.04 13:26:00.695,2.01693,2.01749,1.00,1.10
2015.03.04 13:26:01.173,2.01693,2.01747,1.00,1.00
2015.03.04 13:26:01.956,2.01704,2.01756,1.00,1.15
2015.03.04 13:26:06.294,2.01704,2.01766,1.00,1.15
2015.03.04 13:26:06.344,2.01713,2.01767,1.00,1.15
2015.03.04 13:26:06.797,2.01723,2.01773,1.00,1.95
2015.03.04 13:26:07.267,2.01723,2.01777,1.00,1.15
2015.03.04 13:26:07.369,2.01713,2.01777,1.00,1.15
2015.03.04 13:26:11.360,2.01715,2.01777,1.00,1.15
2015.03.04 13:26:11.662,2.01723,2.01777,1.00,1.00
2015.03.04 13:26:11.763,2.01724,2.01786,1.00,1.15
2015.03.04 13:26:12.316,2.01733,2.01787,1.00,1.15
2015.03.04 13:26:12.417,2.01724,2.01786,1.00,1.15
2015.03.04 13:26:14.222,2.01723,2.01787,1.00,1.15
2015.03.04 13:26:14.272,2.01723,2.01777,1.00,1.00
2015.03.04 13:26:16.925,2.01723,2.01777,1.00,1.15
2015.03.04 13:26:17.136,2.01713,2.01777,1.00,1.15
2015.03.04 13:26:17.237,2.01713,2.01767,1.00,1.00
2015.03.04 13:26:17.590,2.01713,2.01777,1.00,1.15
2015.03.04 13:26:20.421,2.01724,2.01776,1.00,1.15
2015.03.04 13:26:21.327,2.01724,2.01776,1.00,1.00
2015.03.04 13:26:24.049,2.01713,2.01777,1.15,1.00
2015.03.04 13:26:24.525,2.01714,2.01766,1.00,1.00
2015.03.04 13:26:25.066,2.01713,2.01767,1.00,1.00
2015.03.04 13:26:25.749,2.01714,2.01766,1.00,1.00
2015.03.04 13:26:26.151,2.01704,2.01766,1.15,1.00
2015.03.04 13:26:26.252,2.01714,2.01766,1.00,1.00
2015.03.04 13:26:26.404,2.01713,2.01777,1.00,1.15
2015.03.04 13:26:26.505,2.01723,2.01777,1.00,1.15
2015.03.04 13:26:26.556,2.01723,2.01777,1.00,1.00
2015.03.04 13:26:27.209,2.01725,2.01777,1.00,1.00
2015.03.04 13:26:27.376,2.01725,2.01786,1.00,1.15
2015.03.04 13:26:27.579,2.01723,2.01777,1.00,1.00
2015.03.04 13:26:28.810,2.01723,2.01787,1.00,1.15
2015.03.04 13:26:29.143,2.01733,2.01787,1.00,1.15
2015.03.04 13:26:30.026,2.01734,2.01786,1.00,1.15
2015.03.04 13:26:30.650,2.01733,2.01787,1.00,1.15
2015.03.04 13:26:35.393,2.01734,2.01786,1.00,1.15
2015.03.04 13:26:35.645,2.01723,2.01787,1.00,1.15
2015.03.04 13:26:35.746,2.01734,2.01786,1.00,1.15
2015.03.04 13:26:40.269,2.01733,2.01787,1.00,1.15
2015.03.04 13:26:40.770,2.01734,2.01794,1.00,1.95
2015.03.04 13:26:44.639,2.01724,2.01786,1.00,1.15
2015.03.04 13:26:44.740,2.01734,2.01786,1.00,1.15
2015.03.04 13:26:46.411,2.01733,2.01794,1.00,1.95
2015.03.04 13:26:46.612,2.01734,2.01786,1.00,1.00
2015.03.04 13:26:46.864,2.01723,2.01787,1.15,1.00
2015.03.04 13:26:47.016,2.01723,2.01787,1.00,1.15
2015.03.04 13:26:47.067,2.01724,2.01776,1.00,1.00
2015.03.04 13:26:47.370,2.01724,2.01781,1.00,1.00
2015.03.04 13:26:48.070,2.01724,2.01784,1.00,1.07
2015.03.04 13:26:49.901,2.01734,2.01786,1.07,1.00
2015.03.04 13:26:50.118,2.01734,2.01796,1.07,1.00
2015.03.04 13:26:50.470,2.01733,2.01787,1.17,1.00
2015.03.04 13:26:54.147,2.01742,2.01787,1.00,1.00
2015.03.04 13:26:54.198,2.01742,2.01796,1.00,1.00
2015.03.04 13:26:54.299,2.01742,2.01786,1.00,1.00
2015.03.04 13:26:54.349,2.01734,2.01786,1.07,1.00
2015.03.04 13:26:54.856,2.01733,2.01797,1.17,1.10
2015.03.04 13:26:55.007,2.01743,2.01807,1.15,1.10
2015.03.04 13:26:55.309,2.01763,2.01817,1.00,1.15
2015.03.04 13:26:55.510,2.01763,2.01827,1.00,1.15
2015.03.04 13:26:55.965,2.01764,2.01816,1.00,1.00
2015.03.04 13:26:57.406,2.01764,2.01816,1.00,1.15
2015.03.04 13:26:58.248,2.01764,2.01826,1.00,1.15
2015.03.04 13:26:58.299,2.01773,2.01827,1.00,1.07
2015.03.04 13:26:58.351,2.01773,2.01827,1.00,1.00
2015.03.04 13:26:58.502,2.01784,2.01836,1.00,1.07
2015.03.04 13:26:58.553,2.01784,2.01836,1.00,1.00
2015.03.04 13:26:59.085,2.01783,2.01837,1.00,1.00
2015.03.04 13:27:00.238,2.01777,2.01836,1.17,1.00
2015.03.04 13:27:01.778,2.01784,2.01836,1.00,1.00
2015.03.04 13:27:04.246,2.01784,2.01846,1.00,1.15
2015.03.04 13:27:04.813,2.01783,2.01847,1.00,1.15
2015.03.04 13:27:09.837,2.01784,2.01846,1.00,1.15
2015.03.04 13:27:09.938,2.01793,2.01847,1.00,1.15
2015.03.04 13:27:10.140,2.01783,2.01847,1.15,1.00
2015.03.04 13:27:10.291,2.01794,2.01846,1.00,1.00
2015.03.04 13:27:19.774,2.01794,2.01846,1.15,1.00
2015.03.04 13:27:20.186,2.01803,2.01857,1.00,1.00
2015.03.04 13:27:20.287,2.01803,2.01867,1.00,1.15
2015.03.04 13:27:20.388,2.01803,2.01867,1.65,1.00
2015.03.04 13:27:20.820,2.01814,2.01866,1.00,1.00
2015.03.04 13:27:21.961,2.01815,2.01866,1.07,1.00
2015.03.04 13:27:22.062,2.01815,2.01877,1.15,1.00
2015.03.04 13:27:22.112,2.01819,2.01877,1.95,1.00
2015.03.04 13:27:22.364,2.01834,2.01886,1.00,1.00
2015.03.04 13:27:22.923,2.01827,2.01886,1.15,1.00
2015.03.04 13:27:23.024,2.01833,2.01887,1.00,1.00
2015.03.04 13:27:23.326,2.01823,2.01877,1.00,1.00
2015.03.04 13:27:23.377,2.01823,2.01887,1.00,1.15
2015.03.04 13:27:23.427,2.01823,2.01887,1.07,1.07
2015.03.04 13:27:23.752,2.01833,2.01887,1.07,1.00
2015.03.04 13:27:24.088,2.01833,2.01887,1.15,1.00
2015.03.04 13:27:24.289,2.01833,2.01887,1.00,1.00
2015.03.04 13:27:29.496,2.01833,2.01887,1.15,1.00
2015.03.04 13:27:29.647,2.01833,2.01897,1.15,1.00
2015.03.04 13:27:29.698,2.0184,2.01897,1.95,1.00
2015.03.04 13:27:29.748,2.01843,2.01907,1.15,1.00
2015.03.04 13:27:29.849,2.01853,2.01907,1.00,1.00
2015.03.04 13:27:30.151,2.0184,2.01896,1.95,1.00
2015.03.04 13:27:30.202,2.01833,2.01887,1.15,1.00
2015.03.04 13:27:30.408,2.01833,2.01897,1.15,1.00
2015.03.04 13:27:30.962,2.01834,2.01886,1.15,1.00
2015.03.04 13:27:33.088,2.01834,2.01879,1.15,1.00
2015.03.04 13:27:33.189,2.01827,2.01877,1.95,1.00
2015.03.04 13:27:33.290,2.01823,2.01877,1.15,1.00
2015.03.04 13:27:33.680,2.01833,2.01878,1.00,1.00
2015.03.04 13:27:33.731,2.01833,2.01887,1.00,1.00
2015.03.04 13:27:35.017,2.01833,2.01887,1.15,1.00
2015.03.04 13:27:35.223,2.01833,2.01887,1.00,1.00
2015.03.04 13:27:38.899,2.01836,2.01887,1.07,1.00
2015.03.04 13:27:41.098,2.01825,2.01876,1.15,1.00
2015.03.04 13:27:43.366,2.01823,2.01877,1.00,1.00
2015.03.04 13:27:44.178,2.01814,2.01876,1.65,1.00
2015.03.04 13:27:45.385,2.01813,2.01867,1.15,1.00
2015.03.04 13:27:45.536,2.01813,2.01867,1.00,1.00
2015.03.04 13:27:45.687,2.01813,2.01877,1.00,1.15
2015.03.04 13:27:47.460,2.01813,2.01874,1.00,1.95
2015.03.04 13:27:47.987,2.01814,2.01866,1.00,1.15
2015.03.04 13:27:50.196,2.01814,2.01876,1.00,1.15
2015.03.04 13:27:50.398,2.01824,2.01876,1.00,1.15
2015.03.04 13:27:55.272,2.01824,2.01886,1.00,1.17
2015.03.04 13:27:55.323,2.01814,2.01866,1.00,1.00
2015.03.04 13:27:55.709,2.01803,2.01867,1.15,1.00
2015.03.04 13:27:55.810,2.01803,2.01867,1.07,1.07
2015.03.04 13:27:55.860,2.01803,2.01867,1.00,1.15
2015.03.04 13:27:55.911,2.01803,2.01857,1.00,1.00
2015.03.04 13:27:59.696,2.01803,2.01857,1.00,1.07
2015.03.04 13:27:59.897,2.01794,2.01846,1.00,1.00
2015.03.04 13:28:00.099,2.01803,2.01857,1.00,1.15
2015.03.04 13:28:00.200,2.01803,2.01857,1.07,1.07
2015.03.04 13:28:00.301,2.01824,2.01876,1.00,1.07
2015.03.04 13:28:00.401,2.01824,2.01876,1.00,1.00
2015.03.04 13:28:00.775,2.01813,2.01867,1.15,1.00
2015.03.04 13:28:00.876,2.01823,2.01877,1.00,1.00
2015.03.04 13:28:01.865,2.01824,2.01886,1.00,1.15
2015.03.04 13:28:03.767,2.01823,2.01887,1.15,1.10
2015.03.04 13:28:04.441,2.01824,2.01869,1.07,1.00
2015.03.04 13:28:04.491,2.01814,2.01869,2.70,1.00
2015.03.04 13:28:04.592,2.01814,2.01866,2.62,1.00
2015.03.04 13:28:04.642,2.01814,2.01866,1.07,1.00
2015.03.04 13:28:04.743,2.01824,2.01876,1.00,1.00
2015.03.04 13:28:07.692,2.01814,2.01876,1.07,1.00
2015.03.04 13:28:07.792,2.01823,2.01877,1.00,1.10
2015.03.04 13:28:08.132,2.01814,2.01876,1.07,1.00
2015.03.04 13:28:11.887,2.01824,2.01876,1.00,1.00
2015.03.04 13:28:12.097,2.01814,2.01876,1.07,1.00
2015.03.04 13:28:12.303,2.01824,2.01876,1.00,1.00
2015.03.04 13:28:12.638,2.01814,2.01876,1.07,1.00
2015.03.04 13:28:12.840,2.01824,2.01876,1.00,1.00
2015.03.04 13:28:13.092,2.01813,2.01877,1.17,1.10
2015.03.04 13:28:13.293,2.01823,2.01877,1.00,1.10
2015.03.04 13:28:13.649,2.01813,2.01877,1.17,1.10
2015.03.04 13:28:13.833,2.01824,2.01876,1.00,1.00
2015.03.04 13:28:14.085,2.01813,2.01877,1.17,1.10
2015.03.04 13:28:14.402,2.01823,2.01877,1.00,1.10
2015.03.04 13:28:14.604,2.01813,2.01877,1.17,1.10
2015.03.04 13:28:15.181,2.01814,2.01866,1.07,1.00
2015.03.04 13:28:15.835,2.01804,2.01867,1.95,1.00
2015.03.04 13:28:16.138,2.01804,2.01856,2.70,1.00
2015.03.04 13:28:16.289,2.01804,2.01866,2.70,1.00
2015.03.04 13:28:16.490,2.01814,2.01876,1.07,1.00
2015.03.04 13:28:16.591,2.01823,2.01877,1.00,1.10
2015.03.04 13:28:25.947,2.01824,2.01876,1.00,1.00
2015.03.04 13:28:26.048,2.01823,2.01887,1.00,1.15
2015.03.04 13:28:26.551,2.01823,2.01887,1.15,1.00
2015.03.04 13:28:28.274,2.01824,2.01886,1.15,1.00
2015.03.04 13:28:28.577,2.01833,2.01887,1.00,1.00
2015.03.04 13:28:36.049,2.01833,2.01897,1.00,1.15
2015.03.04 13:28:36.200,2.01844,2.01896,1.00,1.15
2015.03.04 13:28:36.462,2.01844,2.01896,1.00,1.00
2015.03.04 13:28:41.019,2.01843,2.01907,1.00,1.15
2015.03.04 13:28:41.349,2.01843,2.01897,1.00,1.07
2015.03.04 13:28:41.689,2.01843,2.01897,1.00,1.15
2015.03.04 13:28:41.910,2.01843,2.01897,1.00,1.00
2015.03.04 13:28:42.366,2.01833,2.01897,1.15,1.00
2015.03.04 13:28:42.467,2.01843,2.01897,1.00,1.00
2015.03.04 13:28:43.458,2.01833,2.01897,1.15,1.00
2015.03.04 13:28:44.458,2.01834,2.01896,1.15,1.00
2015.03.04 13:28:46.320,2.01833,2.01897,1.15,1.00
2015.03.04 13:28:46.371,2.01833,2.01897,1.10,1.15
2015.03.04 13:28:46.422,2.01833,2.01887,1.10,1.00
2015.03.04 13:28:46.624,2.01843,2.01907,1.00,1.15
2015.03.04 13:28:47.300,2.01843,2.01897,1.00,1.00
2015.03.04 13:28:50.471,2.01843,2.01907,1.00,1.15
2015.03.04 13:28:51.896,2.01844,2.01906,1.00,1.17
2015.03.04 13:28:52.898,2.01844,2.01896,1.00,1.00
2015.03.04 13:28:53.452,2.01844,2.01906,1.00,1.17
2015.03.04 13:28:53.553,2.01843,2.01897,1.00,1.00
2015.03.04 13:28:55.884,2.01834,2.01896,1.15,1.00
2015.03.04 13:28:56.390,2.01833,2.01897,1.15,1.00
2015.03.04 13:28:56.893,2.01843,2.01897,1.00,1.00
2015.03.04 13:28:57.414,2.01844,2.01896,1.00,1.00
2015.03.04 13:29:07.018,2.01844,2.01896,1.15,1.00
2015.03.04 13:29:13.116,2.01844,2.01906,1.15,1.00
2015.03.04 13:29:15.865,2.01843,2.01897,1.15,1.00
2015.03.04 13:29:17.982,2.01844,2.01906,1.15,1.00
2015.03.04 13:29:20.396,2.01843,2.01907,1.15,1.00
2015.03.04 13:29:20.497,2.01844,2.01896,1.15,1.00
2015.03.04 13:29:21.049,2.01853,2.01917,1.00,1.15
2015.03.04 13:29:21.452,2.01853,2.01917,1.15,1.00
2015.03.04 13:29:22.398,2.01864,2.01916,1.00,1.00
2015.03.04 13:29:23.711,2.01853,2.01917,1.15,1.00
2015.03.04 13:29:23.813,2.01854,2.01906,1.15,1.00
2015.03.04 13:29:24.066,2.01854,2.01906,1.07,1.00
2015.03.04 13:29:24.168,2.01864,2.01916,1.17,1.00
2015.03.04 13:29:24.269,2.01864,2.01926,1.17,1.00
2015.03.04 13:29:25.036,2.01864,2.01916,1.17,1.00
2015.03.04 13:29:25.586,2.01863,2.01917,1.15,1.00
2015.03.04 13:29:27.237,2.01864,2.01926,1.17,1.00
2015.03.04 13:29:27.761,2.01863,2.01927,1.15,1.00
2015.03.04 13:29:27.862,2.01874,2.01926,1.00,1.00
2015.03.04 13:29:28.524,2.01873,2.01927,1.00,1.00
2015.03.04 13:29:28.625,2.01864,2.01926,1.17,1.00
2015.03.04 13:29:28.978,2.01873,2.01927,1.00,1.00
2015.03.04 13:29:29.491,2.01874,2.01926,1.00,1.00
2015.03.04 13:29:29.752,2.01863,2.01927,1.15,1.00
2015.03.04 13:29:30.311,2.01873,2.01927,1.00,1.00
2015.03.04 13:29:30.855,2.01864,2.01926,1.17,1.00
2015.03.04 13:29:32.488,2.01874,2.01936,1.00,1.07
2015.03.04 13:29:32.538,2.01874,2.01936,1.07,1.00
2015.03.04 13:29:32.589,2.01884,2.01936,1.00,1.00
2015.03.04 13:29:33.041,2.01883,2.01947,1.17,1.07
2015.03.04 13:29:33.092,2.01887,2.01947,1.00,1.07
2015.03.04 13:29:33.437,2.01892,2.01947,1.17,1.00
2015.03.04 13:29:33.488,2.01893,2.01957,1.07,1.07
2015.03.04 13:29:33.804,2.01903,2.01957,1.00,1.07
2015.03.04 13:29:34.167,2.01894,2.01946,1.10,1.00
2015.03.04 13:29:35.376,2.01897,2.01957,1.00,1.07
2015.03.04 13:29:35.528,2.01894,2.01957,1.10,1.07
2015.03.04 13:29:37.553,2.01903,2.01967,1.00,2.70
2015.03.04 13:29:37.855,2.01913,2.01967,1.00,2.70
2015.03.04 13:29:37.956,2.01914,2.01966,1.00,1.15
2015.03.04 13:29:38.007,2.01904,2.01956,1.07,1.00
2015.03.04 13:29:38.537,2.01904,2.01956,1.00,1.10
2015.03.04 13:29:39.877,2.01893,2.01957,1.65,1.17
2015.03.04 13:29:40.526,2.01893,2.01947,1.17,1.00
2015.03.04 13:29:40.626,2.01893,2.01957,1.17,1.17
2015.03.04 13:29:41.957,2.01873,2.01937,1.07,1.15
2015.03.04 13:29:43.256,2.01873,2.01927,1.07,1.00
2015.03.04 13:29:43.776,2.01874,2.01926,1.10,1.00
2015.03.04 13:29:44.694,2.01873,2.01926,1.00,1.10
2015.03.04 13:29:44.996,2.01864,2.01916,1.00,1.00
2015.03.04 13:29:45.247,2.01873,2.01927,1.00,1.07
2015.03.04 13:29:45.499,2.01883,2.01937,1.00,3.45
2015.03.04 13:29:45.600,2.01873,2.01937,1.00,3.45
2015.03.04 13:29:47.212,2.01874,2.01926,1.00,1.10
2015.03.04 13:29:47.263,2.01863,2.01927,1.10,1.07
2015.03.04 13:29:47.364,2.01863,2.01917,1.10,1.00
2015.03.04 13:29:48.660,2.01864,2.01916,1.00,1.00
2015.03.04 13:29:49.994,2.01853,2.01917,1.07,1.07
2015.03.04 13:29:50.514,2.01863,2.01917,1.00,1.07
2015.03.04 13:29:51.026,2.01864,2.01916,1.00,1.10
2015.03.04 13:29:51.745,2.01864,2.01926,1.00,1.17
2015.03.04 13:29:51.796,2.01864,2.01926,1.00,1.10
2015.03.04 13:29:53.185,2.01874,2.01926,1.00,1.10
2015.03.04 13:29:53.336,2.01883,2.01937,1.00,1.07
2015.03.04 13:29:53.839,2.01884,2.01936,1.00,1.10
2015.03.04 13:29:54.620,2.01883,2.01937,1.00,1.07
2015.03.04 13:29:54.822,2.01873,2.01937,1.17,1.57
2015.03.04 13:29:55.375,2.01883,2.01937,1.00,1.07
2015.03.04 13:29:57.478,2.01874,2.01936,1.07,1.10
2015.03.04 13:30:00.326,2.01873,2.01927,1.17,1.00
2015.03.04 13:30:02.286,2.01884,2.01936,1.00,1.10
2015.03.04 13:30:02.540,2.01894,2.01946,1.00,1.15
2015.03.04 13:30:02.641,2.01883,2.01937,1.00,1.07
2015.03.04 13:30:02.691,2.01883,2.01937,1.07,1.00
2015.03.04 13:30:02.792,2.01873,2.01937,1.00,1.15
2015.03.04 13:30:02.843,2.01884,2.01936,1.00,1.15
2015.03.04 13:30:03.097,2.01874,2.01936,1.00,1.15
2015.03.04 13:30:03.521,2.01873,2.01927,1.00,1.00
2015.03.04 13:30:05.608,2.01874,2.01936,1.00,1.15
2015.03.04 13:30:05.709,2.01874,2.01926,1.00,1.00
2015.03.04 13:30:06.255,2.01873,2.01927,1.00,1.00
2015.03.04 13:30:06.576,2.01884,2.01946,1.00,1.15
2015.03.04 13:30:06.727,2.01894,2.01946,1.00,1.15
2015.03.04 13:30:07.079,2.01893,2.01947,1.00,1.00
2015.03.04 13:30:07.637,2.01893,2.01947,1.00,1.07
2015.03.04 13:30:08.138,2.01893,2.01947,1.00,1.15
2015.03.04 13:30:08.998,2.01894,2.01946,1.00,1.15
2015.03.04 13:30:09.250,2.01883,2.01937,1.00,1.00
2015.03.04 13:30:09.351,2.01883,2.01937,1.00,1.07
2015.03.04 13:30:09.653,2.01884,2.01935,1.00,1.95
2015.03.04 13:30:09.704,2.01874,2.01926,1.00,1.15
2015.03.04 13:30:09.906,2.01863,2.01921,1.00,1.10
2015.03.04 13:30:09.957,2.01863,2.01916,1.00,1.87
2015.03.04 13:30:10.007,2.01854,2.01914,1.00,1.95
2015.03.04 13:30:10.058,2.01854,2.01902,1.00,1.87
2015.03.04 13:30:10.108,2.01844,2.01901,1.00,1.95
2015.03.04 13:30:10.209,2.01843,2.01907,1.00,1.15
2015.03.04 13:30:10.361,2.01843,2.01897,1.00,1.00
2015.03.04 13:30:11.326,2.01843,2.01897,1.00,1.07
2015.03.04 13:30:11.847,2.01843,2.01897,1.00,1.15
2015.03.04 13:30:13.077,2.01844,2.01896,1.00,1.15
2015.03.04 13:30:13.329,2.01863,2.01917,1.00,1.15
2015.03.04 13:30:13.875,2.01864,2.0192,1.00,1.95
2015.03.04 13:30:14.410,2.01863,2.0192,1.00,1.95
2015.03.04 13:30:14.511,2.01864,2.01916,1.00,1.00
2015.03.04 13:30:14.763,2.01874,2.01926,1.00,1.15
2015.03.04 13:30:16.792,2.01873,2.01927,1.00,1.15
2015.03.04 13:30:18.688,2.01846,2.01907,1.87,1.00
2015.03.04 13:30:18.789,2.01845,2.01907,1.10,1.10
2015.03.04 13:30:18.940,2.01854,2.01906,1.00,1.00
2015.03.04 13:30:19.040,2.01864,2.01918,1.00,1.07
2015.03.04 13:30:19.091,2.01864,2.01909,1.00,1.00
2015.03.04 13:30:19.242,2.01843,2.01907,1.15,1.10
2015.03.04 13:30:19.343,2.01854,2.01906,1.00,1.00
2015.03.04 13:30:19.695,2.01864,2.01916,1.00,1.15
2015.03.04 13:30:20.814,2.01864,2.01916,1.00,1.00
2015.03.04 13:30:22.005,2.01863,2.01917,1.00,1.10
2015.03.04 13:30:22.527,2.01864,2.01916,1.00,1.00
2015.03.04 13:30:23.089,2.01864,2.01926,1.00,1.15
2015.03.04 13:30:23.436,2.01864,2.01916,1.17,1.00
2015.03.04 13:30:23.834,2.01866,2.01916,1.17,1.00
2015.03.04 13:30:23.884,2.01874,2.01936,1.15,1.00
2015.03.04 13:30:24.290,2.01884,2.01936,1.00,1.00
2015.03.04 13:30:24.441,2.01883,2.01947,1.15,1.00
2015.03.04 13:30:24.542,2.01894,2.01946,1.00,1.00
2015.03.04 13:30:24.642,2.01883,2.01947,1.15,1.00
2015.03.04 13:30:24.744,2.01883,2.01937,1.15,1.00
2015.03.04 13:30:24.844,2.01883,2.01937,1.00,1.00
2015.03.04 13:30:25.862,2.01874,2.01936,1.15,1.00
2015.03.04 13:30:26.564,2.01874,2.01936,1.07,1.07
2015.03.04 13:30:27.097,2.01874,2.01926,1.00,1.00
2015.03.04 13:30:27.602,2.01873,2.01927,1.00,1.10
2015.03.04 13:30:29.369,2.01863,2.01927,1.15,1.10
2015.03.04 13:30:31.206,2.01863,2.01927,1.00,1.15
2015.03.04 13:30:31.545,2.01864,2.01916,1.00,1.00
2015.03.04 13:30:31.697,2.01854,2.01916,1.15,1.00
2015.03.04 13:30:31.748,2.01854,2.01916,1.07,1.07
2015.03.04 13:30:32.050,2.01863,2.01922,1.00,1.95
2015.03.04 13:30:32.101,2.01864,2.01916,1.00,1.00
2015.03.04 13:30:36.017,2.01864,2.01916,1.00,1.07
2015.03.04 13:30:36.068,2.01854,2.01916,1.00,1.15
2015.03.04 13:30:37.615,2.01854,2.01906,1.00,1.00
2015.03.04 13:30:40.462,2.01844,2.01906,1.00,1.15
2015.03.04 13:30:40.986,2.01843,2.01897,1.00,1.00
2015.03.04 13:30:41.505,2.01844,2.01896,1.00,1.00
2015.03.04 13:30:44.198,2.01843,2.01907,1.00,1.15
2015.03.04 13:30:45.547,2.01863,2.01909,1.00,1.87
2015.03.04 13:30:45.597,2.01863,2.01917,1.00,1.00
2015.03.04 13:30:45.648,2.01863,2.01927,1.00,1.15
2015.03.04 13:30:45.849,2.01874,2.0193,1.00,1.95
2015.03.04 13:30:46.001,2.01884,2.01945,1.00,1.95
2015.03.04 13:30:46.202,2.01893,2.01945,1.00,1.95
2015.03.04 13:30:47.827,2.01893,2.01957,1.00,2.70
2015.03.04 13:30:50.951,2.01894,2.01946,1.00,1.10
2015.03.04 13:30:51.468,2.01904,2.01956,1.00,1.15
2015.03.04 13:30:51.519,2.01904,2.01956,1.00,1.07
2015.03.04 13:30:51.570,2.01904,2.01965,1.00,1.15
2015.03.04 13:30:51.620,2.01904,2.01958,1.00,1.00
2015.03.04 13:30:51.922,2.01904,2.01956,1.00,1.00
2015.03.04 13:30:52.023,2.01903,2.01967,1.00,1.15
2015.03.04 13:30:52.124,2.01904,2.01956,1.00,1.00
2015.03.04 13:30:52.656,2.01903,2.01957,1.00,1.00
2015.03.04 13:30:53.218,2.01894,2.01956,1.07,1.07
2015.03.04 13:30:53.268,2.01894,2.01956,1.00,1.15
2015.03.04 13:30:53.369,2.01893,2.01947,1.00,1.00
2015.03.04 13:30:53.471,2.01883,2.01947,1.15,1.00
2015.03.04 13:30:53.773,2.01894,2.01946,1.00,1.00
2015.03.04 13:30:53.925,2.01884,2.01946,1.07,1.07
2015.03.04 13:30:54.026,2.01884,2.01946,1.00,1.15
2015.03.04 13:30:54.127,2.01883,2.01937,1.00,1.00
2015.03.04 13:30:54.227,2.01875,2.01937,1.15,1.00
2015.03.04 13:30:54.429,2.01875,2.01937,1.07,1.07
2015.03.04 13:30:55.083,2.01875,2.01937,1.00,1.15
2015.03.04 13:30:55.133,2.01884,2.01936,1.00,1.15
2015.03.04 13:30:55.650,2.01883,2.01941,1.00,1.95
2015.03.04 13:30:57.009,2.01883,2.01947,1.00,1.65
2015.03.04 13:30:57.110,2.01878,2.01937,1.07,1.00
2015.03.04 13:30:58.165,2.01874,2.01936,1.15,1.00
2015.03.04 13:30:58.367,2.01874,2.01936,1.07,1.07
2015.03.04 13:30:58.669,2.01863,2.01917,1.00,1.00
2015.03.04 13:30:58.719,2.01853,2.01917,1.15,1.00
2015.03.04 13:30:58.971,2.01864,2.01926,1.00,1.15
2015.03.04 13:31:00.474,2.01863,2.01917,1.00,1.00
2015.03.04 13:31:00.526,2.01854,2.01916,1.15,1.00
2015.03.04 13:31:01.051,2.01853,2.01917,1.15,1.00
2015.03.04 13:31:01.152,2.01864,2.01916,1.00,1.00
2015.03.04 13:31:01.535,2.01863,2.01917,1.00,1.15
2015.03.04 13:31:01.686,2.01853,2.01917,1.00,1.15
2015.03.04 13:31:02.233,2.01854,2.01916,1.00,1.15
2015.03.04 13:31:04.105,2.01854,2.01906,1.00,1.00
2015.03.04 13:31:09.605,2.01854,2.01916,1.00,1.15
2015.03.04 13:31:10.116,2.01853,2.01917,1.00,1.15
2015.03.04 13:31:14.748,2.01864,2.01916,1.00,1.07
2015.03.04 13:31:14.801,2.01864,2.01916,1.00,1.00
2015.03.04 13:31:15.416,2.01863,2.01927,1.00,1.15
2015.03.04 13:31:16.366,2.01864,2.01926,1.00,1.15
2015.03.04 13:31:17.599,2.01871,2.01926,1.00,1.15
2015.03.04 13:31:17.806,2.01864,2.01926,1.00,1.15
2015.03.04 13:31:19.215,2.01863,2.01927,1.00,1.15
2015.03.04 13:31:19.907,2.01864,2.01926,1.00,1.15
2015.03.04 13:31:20.324,2.01873,2.01927,1.00,1.15
2015.03.04 13:31:20.779,2.01873,2.01931,1.00,1.95
2015.03.04 13:31:20.830,2.01873,2.01937,1.00,1.15
2015.03.04 13:31:20.880,2.01884,2.01939,1.00,1.95
2015.03.04 13:31:21.746,2.01883,2.01937,1.00,1.15
2015.03.04 13:31:22.300,2.01871,2.01926,1.00,1.00
2015.03.04 13:31:22.350,2.01867,2.01918,1.00,1.00
2015.03.04 13:31:22.401,2.01864,2.01918,1.07,1.00
2015.03.04 13:31:22.718,2.01862,2.01917,1.00,1.17
2015.03.04 13:31:22.770,2.01853,2.01917,1.10,1.17
2015.03.04 13:31:23.072,2.01864,2.01916,1.00,1.10
2015.03.04 13:31:24.101,2.01863,2.01927,1.00,2.70
2015.03.04 13:31:25.843,2.01874,2.01926,1.00,1.15
2015.03.04 13:31:26.044,2.01864,2.01926,1.00,1.07
2015.03.04 13:31:26.718,2.01863,2.01917,1.10,1.00
2015.03.04 13:31:27.155,2.01864,2.01925,1.00,1.10
2015.03.04 13:31:29.496,2.01863,2.01917,1.00,1.15
2015.03.04 13:31:30.251,2.01853,2.01916,1.00,1.17
2015.03.04 13:31:30.352,2.01853,2.01909,1.00,1.07
2015.03.04 13:31:30.779,2.01834,2.01896,1.00,1.15
2015.03.04 13:31:31.436,2.01843,2.01897,1.00,1.15
2015.03.04 13:31:34.653,2.01834,2.01893,1.00,1.87
2015.03.04 13:31:34.854,2.01823,2.01887,1.00,1.15
2015.03.04 13:31:34.955,2.01823,2.01883,1.00,1.87
2015.03.04 13:31:35.165,2.01813,2.01877,1.00,1.15
2015.03.04 13:31:35.700,2.01814,2.01876,1.00,1.15
2015.03.04 13:31:37.080,2.01813,2.01877,1.00,1.15
2015.03.04 13:31:37.384,2.01803,2.01867,1.07,1.07
2015.03.04 13:31:37.438,2.01803,2.01867,1.00,1.15
2015.03.04 13:31:37.791,2.01803,2.01863,1.00,1.07
2015.03.04 13:31:37.943,2.01793,2.01857,1.00,1.15
2015.03.04 13:31:38.925,2.01794,2.01856,1.00,1.15
2015.03.04 13:31:40.444,2.01793,2.01847,1.00,1.00
2015.03.04 13:31:40.696,2.01783,2.01847,1.00,1.15
2015.03.04 13:31:41.220,2.01784,2.01836,1.00,1.07
2015.03.04 13:31:41.325,2.01774,2.01836,1.00,1.17
2015.03.04 13:31:41.905,2.01773,2.01837,1.00,1.15
2015.03.04 13:31:44.194,2.01773,2.01827,1.00,1.00
2015.03.04 13:31:44.698,2.01771,2.01827,1.00,1.07
2015.03.04 13:31:45.116,2.01763,2.01827,1.10,1.17
2015.03.04 13:31:45.456,2.01772,2.01826,1.00,1.07
2015.03.04 13:31:47.018,2.01772,2.01826,1.10,1.00
2015.03.04 13:31:47.119,2.01773,2.01837,1.00,1.15
2015.03.04 13:31:47.270,2.01774,2.01836,1.07,1.07
2015.03.04 13:31:47.422,2.01793,2.01857,1.17,1.17
2015.03.04 13:31:47.594,2.01793,2.01847,1.17,1.00
2015.03.04 13:31:48.101,2.01792,2.01846,1.15,1.00
2015.03.04 13:31:48.841,2.01793,2.01857,1.17,1.17
2015.03.04 13:31:48.942,2.01804,2.01866,1.00,1.15
2015.03.04 13:31:48.992,2.01804,2.01866,1.10,1.07
2015.03.04 13:31:49.043,2.01814,2.01866,1.00,1.07
2015.03.04 13:31:49.547,2.01813,2.01867,1.00,1.07
2015.03.04 13:31:50.056,2.01814,2.01866,1.00,1.07
2015.03.04 13:31:50.560,2.01813,2.01867,1.00,1.07
2015.03.04 13:31:50.711,2.01803,2.01867,1.07,1.07
2015.03.04 13:31:53.490,2.01794,2.01856,1.15,1.00
2015.03.04 13:31:54.126,2.01794,2.01856,1.07,1.07
2015.03.04 13:31:54.631,2.01794,2.01856,1.00,2.70
2015.03.04 13:31:55.106,2.01783,2.01847,1.17,1.17
2015.03.04 13:31:56.969,2.01793,2.01847,1.00,1.17
2015.03.04 13:31:58.841,2.01794,2.01851,1.00,1.15
2015.03.04 13:32:00.286,2.01784,2.01846,1.07,1.07
2015.03.04 13:32:03.153,2.01793,2.01847,1.00,1.17
2015.03.04 13:32:03.644,2.01793,2.01857,1.15,1.00
2015.03.04 13:32:03.914,2.01803,2.01863,1.00,1.15
2015.03.04 13:32:04.253,2.01814,2.01869,1.00,1.95
2015.03.04 13:32:04.895,2.01804,2.01866,1.00,1.15
2015.03.04 13:32:04.996,2.01813,2.01869,1.00,1.95
2015.03.04 13:32:09.434,2.01813,2.0187,1.00,1.95
2015.03.04 13:32:09.485,2.01813,2.01877,1.00,1.15
2015.03.04 13:32:09.737,2.01813,2.01877,1.07,1.17
2015.03.04 13:32:09.788,2.01813,2.01877,1.15,1.10
2015.03.04 13:32:10.039,2.01823,2.01877,1.00,1.10
2015.03.04 13:32:13.158,2.01813,2.01877,1.15,1.10
2015.03.04 13:32:17.231,2.01814,2.01876,1.15,1.00
2015.03.04 13:32:17.332,2.01823,2.01887,1.00,1.15
2015.03.04 13:32:17.634,2.01834,2.01886,1.00,1.15
2015.03.04 13:32:17.785,2.01834,2.01886,1.00,1.00
2015.03.04 13:32:17.953,2.01834,2.01895,1.00,1.15
2015.03.04 13:32:18.063,2.01843,2.01897,1.00,1.15
2015.03.04 13:32:18.326,2.01833,2.01897,1.00,1.15
2015.03.04 13:32:18.427,2.01834,2.01886,1.00,1.00
2015.03.04 13:32:22.382,2.01834,2.01886,1.00,1.15
2015.03.04 13:32:22.483,2.01823,2.01879,1.00,1.95
2015.03.04 13:32:22.904,2.01814,2.01876,1.00,1.15
2015.03.04 13:32:23.453,2.01813,2.01867,1.00,1.00
2015.03.04 13:32:23.875,2.01813,2.01867,1.15,1.00
2015.03.04 13:32:24.026,2.01814,2.01876,1.17,1.00
2015.03.04 13:32:24.479,2.01813,2.01867,1.15,1.00
2015.03.04 13:32:24.984,2.01813,2.01867,1.15,1.00
2015.03.04 13:32:25.236,2.01814,2.01876,1.17,1.00
2015.03.04 13:32:25.690,2.01824,2.01876,1.00,1.00
2015.03.04 13:32:27.355,2.01824,2.01886,1.00,1.15
2015.03.04 13:32:27.759,2.01814,2.01876,1.17,1.00
2015.03.04 13:32:28.114,2.01814,2.01866,1.17,1.00
2015.03.04 13:32:28.633,2.01805,2.01867,1.95,1.00
2015.03.04 13:32:29.212,2.01814,2.01876,1.17,1.00
2015.03.04 13:32:30.386,2.01823,2.01887,1.00,1.15
2015.03.04 13:32:30.537,2.01823,2.01887,1.15,1.00
2015.03.04 13:32:33.223,2.01823,2.01887,1.00,1.15
2015.03.04 13:32:33.324,2.01824,2.01886,1.15,1.00
2015.03.04 13:32:33.475,2.01834,2.01886,1.00,1.00
2015.03.04 13:32:36.772,2.01833,2.01887,1.00,1.00
2015.03.04 13:32:40.505,2.01834,2.01896,1.00,1.15
2015.03.04 13:32:41.948,2.01833,2.01887,1.00,1.00
2015.03.04 13:32:43.893,2.01834,2.01896,1.15,1.00
2015.03.04 13:32:44.145,2.01843,2.01897,1.00,1.00
2015.03.04 13:32:44.398,2.01844,2.01906,1.00,1.15
2015.03.04 13:32:45.123,2.01844,2.01896,1.00,1.00
2015.03.04 13:32:51.302,2.01843,2.01897,1.00,1.00
2015.03.04 13:32:58.253,2.01844,2.01906,1.00,1.15
2015.03.04 13:33:03.881,2.01844,2.01906,1.00,1.07
2015.03.04 13:33:07.195,2.01844,2.01906,1.15,1.00
2015.03.04 13:33:08.679,2.01843,2.01907,2.70,1.00
2015.03.04 13:33:09.332,2.01844,2.01906,1.15,1.00
2015.03.04 13:33:16.393,2.01843,2.01907,2.70,1.00
2015.03.04 13:33:18.564,2.01844,2.01906,1.15,1.00
2015.03.04 13:33:19.473,2.01843,2.01907,2.70,1.00
2015.03.04 13:33:20.000,2.01844,2.01906,1.15,1.00
2015.03.04 13:33:26.963,2.01843,2.01897,2.62,1.00
2015.03.04 13:33:27.014,2.01843,2.01897,1.10,1.00
2015.03.04 13:33:27.266,2.01844,2.01906,1.00,1.07
2015.03.04 13:33:27.316,2.01844,2.01906,1.07,1.07
2015.03.04 13:33:27.855,2.01844,2.01906,1.15,1.00
2015.03.04 13:33:28.157,2.01854,2.01906,1.15,1.00
2015.03.04 13:33:28.833,2.01854,2.01916,1.15,1.00
2015.03.04 13:33:31.929,2.01863,2.01916,1.95,1.00
2015.03.04 13:33:32.030,2.01864,2.01926,1.15,1.00
2015.03.04 13:33:44.562,2.01863,2.01917,1.95,1.00
2015.03.04 13:33:44.667,2.01854,2.01917,1.15,1.00
2015.03.04 13:34:04.755,2.01857,2.01917,1.95,1.00
2015.03.04 13:34:05.266,2.01854,2.01917,1.15,1.00
2015.03.04 13:34:05.636,2.01856,2.01917,2.70,1.00
2015.03.04 13:34:05.686,2.01864,2.01926,1.15,1.00
2015.03.04 13:34:06.193,2.01863,2.01927,1.15,1.00
2015.03.04 13:34:15.122,2.01873,2.01927,1.00,1.00
2015.03.04 13:34:17.218,2.01873,2.01937,1.15,1.00
2015.03.04 13:34:18.743,2.01874,2.01936,1.15,1.00
2015.03.04 13:34:22.755,2.01874,2.01935,1.15,1.00
2015.03.04 13:34:22.957,2.01873,2.01927,1.15,1.00
2015.03.04 13:34:23.474,2.01874,2.01926,1.15,1.00
2015.03.04 13:34:23.681,2.01873,2.01937,1.15,1.00
2015.03.04 13:34:24.603,2.01873,2.01935,1.15,1.00
2015.03.04 13:34:24.955,2.01873,2.01937,1.15,1.00
2015.03.04 13:34:26.442,2.01883,2.01937,1.00,1.00
2015.03.04 13:34:26.694,2.01873,2.01937,1.15,1.00
2015.03.04 13:34:26.895,2.01883,2.01937,1.00,1.00
2015.03.04 13:34:27.231,2.01883,2.01937,1.15,1.00
2015.03.04 13:34:29.638,2.01877,2.01936,1.95,1.00
2015.03.04 13:34:31.487,2.01877,2.01927,1.87,1.00
2015.03.04 13:34:31.538,2.01866,2.01926,1.95,1.00
2015.03.04 13:34:34.571,2.01866,2.01917,1.95,1.00
2015.03.04 13:34:34.671,2.01855,2.01917,1.95,1.00
2015.03.04 13:34:37.541,2.01863,2.01927,1.15,1.00
2015.03.04 13:34:38.055,2.01866,2.01926,1.10,1.00
2015.03.04 13:34:38.252,2.01873,2.01937,1.15,1.00
2015.03.04 13:34:38.554,2.01883,2.01947,1.15,1.00
2015.03.04 13:34:39.866,2.01884,2.01946,1.15,1.00
2015.03.04 13:34:40.661,2.01877,2.01937,1.95,1.00
2015.03.04 13:34:44.407,2.01884,2.01936,1.15,1.00
2015.03.04 13:34:44.457,2.01884,2.01936,1.00,1.00
2015.03.04 13:34:45.729,2.01873,2.01937,1.15,1.00
2015.03.04 13:34:47.574,2.01884,2.01936,1.00,1.00
2015.03.04 13:34:48.243,2.01873,2.01937,1.15,1.00
2015.03.04 13:35:00.430,2.01894,2.01946,1.00,1.15
2015.03.04 13:35:00.984,2.01893,2.01952,1.00,1.87
2015.03.04 13:35:01.034,2.01893,2.01957,1.00,1.15
2015.03.04 13:35:01.338,2.01903,2.01957,1.00,1.15
2015.03.04 13:35:01.984,2.01893,2.01957,1.00,1.15
2015.03.04 13:35:02.928,2.01894,2.01956,1.00,1.15
2015.03.04 13:35:03.080,2.01893,2.01947,1.00,1.00
2015.03.04 13:35:03.288,2.01894,2.01956,1.00,1.15
2015.03.04 13:35:03.641,2.01903,2.01957,1.00,1.15
2015.03.04 13:35:03.842,2.01893,2.01957,1.00,1.15
2015.03.04 13:35:04.196,2.01893,2.01947,1.00,1.00
2015.03.04 13:35:04.728,2.01884,2.01946,1.65,1.00
2015.03.04 13:35:04.828,2.01884,2.01936,1.65,1.00
2015.03.04 13:35:17.437,2.01884,2.01936,1.00,1.00
2015.03.04 13:35:23.764,2.01873,2.01937,1.15,1.00
2015.03.04 13:35:25.845,2.01874,2.01936,1.15,1.00
2015.03.04 13:35:26.954,2.01874,2.01926,1.07,1.00
2015.03.04 13:35:27.005,2.01874,2.01926,1.00,1.00
2015.03.04 13:35:27.156,2.01864,2.01926,1.65,1.00
2015.03.04 13:35:29.675,2.01874,2.01926,1.00,1.00
2015.03.04 13:35:29.876,2.01865,2.01927,1.00,1.15
2015.03.04 13:35:30.542,2.01863,2.01927,1.00,1.15
2015.03.04 13:35:31.111,2.01863,2.01917,1.00,1.00
2015.03.04 13:35:34.410,2.01863,2.01926,1.00,1.17
2015.03.04 13:35:37.392,2.01863,2.01917,1.00,1.00
2015.03.04 13:35:45.348,2.01853,2.01917,1.15,1.00
2015.03.04 13:35:46.663,2.01863,2.01927,1.00,1.15
2015.03.04 13:35:49.567,2.01863,2.01918,1.00,1.00
2015.03.04 13:35:50.090,2.01863,2.01917,1.00,1.00
2015.03.04 13:35:56.005,2.01853,2.01917,1.15,1.00
2015.03.04 13:35:56.310,2.01854,2.01916,1.07,1.07
2015.03.04 13:35:56.361,2.01854,2.01916,1.00,1.15
2015.03.04 13:35:59.532,2.01853,2.01907,1.00,1.00
2015.03.04 13:35:59.633,2.01844,2.01906,1.15,1.00
2015.03.04 13:35:59.850,2.01853,2.01907,1.00,1.00
2015.03.04 13:36:02.393,2.01853,2.01917,1.00,1.15
2015.03.04 13:36:02.901,2.01854,2.01916,1.00,1.15
2015.03.04 13:36:03.489,2.01853,2.01917,1.00,1.15
2015.03.04 13:36:06.003,2.01854,2.01916,1.00,1.15
2015.03.04 13:36:06.355,2.01863,2.01917,1.00,1.15
2015.03.04 13:36:06.557,2.01863,2.01917,1.00,1.00
2015.03.04 13:36:07.696,2.01864,2.01916,1.00,1.00
2015.03.04 13:36:08.300,2.01863,2.01917,1.00,1.00
2015.03.04 13:36:09.120,2.01863,2.01909,1.00,1.00
2015.03.04 13:36:09.560,2.01863,2.01917,1.00,1.00
2015.03.04 13:36:09.780,2.01863,2.01908,1.00,1.00
2015.03.04 13:36:10.220,2.01863,2.01917,1.00,1.00
2015.03.04 13:36:11.193,2.01853,2.01917,1.15,1.00
2015.03.04 13:36:12.828,2.01854,2.01916,1.00,1.15
2015.03.04 13:36:14.161,2.01853,2.01907,1.00,1.00
2015.03.04 13:36:22.743,2.01853,2.01917,1.00,1.15
2015.03.04 13:36:24.262,2.01854,2.01916,1.00,1.15
2015.03.04 13:36:29.248,2.01854,2.01916,1.15,1.00
2015.03.04 13:36:31.059,2.01863,2.01917,1.00,1.00
2015.03.04 13:36:42.751,2.01863,2.01927,1.00,1.15
2015.03.04 13:36:48.574,2.01854,2.01916,1.15,1.00
2015.03.04 13:36:49.077,2.01853,2.01917,1.15,1.00
2015.03.04 13:36:49.128,2.01864,2.01926,1.00,1.15
2015.03.04 13:36:49.433,2.01873,2.01927,1.00,1.17
2015.03.04 13:36:50.091,2.01863,2.01927,1.10,1.17
2015.03.04 13:36:54.621,2.01854,2.01916,1.65,1.00
2015.03.04 13:36:55.640,2.01854,2.01916,1.57,1.07
2015.03.04 13:36:55.690,2.01854,2.01916,1.50,1.17
2015.03.04 13:36:55.842,2.01853,2.01907,1.00,1.00
2015.03.04 13:36:56.392,2.01844,2.01906,1.15,1.00
2015.03.04 13:36:58.417,2.01844,2.01906,1.07,1.07
2015.03.04 13:36:58.468,2.01844,2.01906,1.00,1.15
2015.03.04 13:36:59.000,2.01843,2.01907,1.00,1.15
2015.03.04 13:36:59.151,2.01854,2.01906,1.00,1.15
2015.03.04 13:36:59.252,2.01843,2.01907,1.15,1.00
2015.03.04 13:36:59.303,2.01843,2.01907,1.07,1.07
2015.03.04 13:36:59.353,2.01844,2.01906,1.00,1.15
2015.03.04 13:36:59.783,2.01844,2.01896,1.00,1.00
2015.03.04 13:37:00.906,2.01844,2.01906,1.00,1.15
2015.03.04 13:37:01.436,2.01843,2.01907,1.00,1.65
2015.03.04 13:37:06.409,2.01844,2.01905,1.00,1.15
2015.03.04 13:37:06.611,2.01844,2.01896,1.00,1.00
2015.03.04 13:37:09.165,2.01833,2.01897,1.17,1.00
2015.03.04 13:37:09.316,2.01833,2.01894,1.00,1.95
2015.03.04 13:37:09.785,2.01823,2.01887,1.10,1.15
2015.03.04 13:37:10.301,2.01824,2.01886,1.00,1.17
2015.03.04 13:37:11.578,2.01823,2.01887,1.10,1.15
2015.03.04 13:37:12.093,2.01821,2.01877,1.07,1.00
2015.03.04 13:37:12.637,2.01823,2.01877,1.87,1.00
2015.03.04 13:37:12.687,2.01834,2.01886,1.10,1.00
2015.03.04 13:37:13.226,2.01833,2.01887,1.07,1.00
2015.03.04 13:37:16.088,2.01834,2.01886,1.10,1.00
2015.03.04 13:37:17.494,2.01824,2.01886,1.00,1.10
2015.03.04 13:37:18.251,2.01814,2.01876,1.15,1.00
2015.03.04 13:37:18.759,2.01824,2.01876,1.00,1.00
2015.03.04 13:37:18.810,2.01824,2.01886,1.00,1.10
2015.03.04 13:37:19.068,2.01833,2.01887,1.00,1.17
2015.03.04 13:37:19.320,2.01833,2.01897,1.07,1.07
2015.03.04 13:37:19.370,2.01833,2.01887,1.07,1.00
2015.03.04 13:37:19.672,2.01831,2.01886,1.10,1.07
2015.03.04 13:37:20.003,2.01834,2.01886,1.00,1.07
2015.03.04 13:37:20.204,2.01834,2.01896,1.00,1.17
2015.03.04 13:37:20.355,2.01844,2.01896,1.00,1.17
2015.03.04 13:37:20.869,2.01843,2.01897,1.00,1.15
2015.03.04 13:37:20.920,2.01833,2.01897,1.10,1.15
2015.03.04 13:37:20.970,2.01833,2.01896,1.00,1.95
2015.03.04 13:37:21.121,2.01828,2.01887,1.00,1.15
2015.03.04 13:37:21.172,2.01823,2.01887,1.00,1.15
2015.03.04 13:37:24.882,2.01824,2.01876,1.00,1.00
2015.03.04 13:37:26.183,2.01823,2.01887,1.00,1.15
2015.03.04 13:37:27.048,2.01824,2.01876,1.00,1.00
2015.03.04 13:37:28.747,2.01824,2.01886,1.00,1.17
2015.03.04 13:37:29.249,2.01823,2.01887,1.00,1.15
2015.03.04 13:37:33.102,2.01833,2.01887,1.00,1.15
2015.03.04 13:37:34.338,2.01833,2.01897,1.00,1.15
2015.03.04 13:37:34.540,2.01844,2.01896,1.00,1.17
2015.03.04 13:37:35.859,2.01843,2.01897,1.00,1.15
2015.03.04 13:37:37.500,2.01834,2.01886,1.00,1.00
2015.03.04 13:37:39.403,2.01833,2.01897,1.00,1.15
2015.03.04 13:37:39.504,2.01844,2.01896,1.00,1.17
2015.03.04 13:37:40.258,2.01833,2.01897,1.00,1.15
2015.03.04 13:37:40.761,2.01834,2.01896,1.00,1.17
2015.03.04 13:37:40.811,2.01834,2.01886,1.00,1.00
2015.03.04 13:37:41.063,2.01823,2.01887,1.15,1.00
2015.03.04 13:37:41.264,2.01823,2.01887,1.00,1.15
2015.03.04 13:37:44.034,2.01813,2.01877,1.15,1.00
2015.03.04 13:37:44.908,2.01824,2.01876,1.00,1.00
2015.03.04 13:37:45.779,2.01814,2.01876,1.15,1.00
2015.03.04 13:37:46.872,2.01814,2.01876,1.07,1.07
2015.03.04 13:37:46.922,2.01814,2.01876,1.00,1.15
2015.03.04 13:37:49.511,2.01813,2.01877,1.00,1.15
2015.03.04 13:37:54.269,2.01813,2.01867,1.00,1.00
2015.03.04 13:37:54.370,2.01803,2.01867,1.15,1.00
2015.03.04 13:37:54.884,2.01804,2.01866,1.15,1.00
2015.03.04 13:37:55.333,2.01813,2.01867,1.00,1.00
2015.03.04 13:38:03.492,2.01813,2.01877,1.15,1.00
2015.03.04 13:38:06.159,2.01814,2.01876,1.15,1.00
2015.03.04 13:38:06.900,2.01813,2.01877,1.15,1.00
2015.03.04 13:38:09.225,2.01824,2.01876,1.00,1.00
2015.03.04 13:38:09.527,2.01814,2.01876,1.65,1.00
2015.03.04 13:38:10.414,2.01824,2.01885,1.00,1.15
2015.03.04 13:38:10.723,2.01813,2.01877,1.65,1.00
2015.03.04 13:38:11.643,2.01814,2.01876,1.65,1.00
2015.03.04 13:38:11.945,2.01823,2.01887,1.00,1.15
2015.03.04 13:38:11.996,2.01823,2.01887,1.15,1.00
2015.03.04 13:38:13.075,2.01824,2.01886,1.15,1.00
2015.03.04 13:38:13.176,2.01833,2.01887,1.00,1.00
2015.03.04 13:38:15.494,2.01834,2.01886,1.00,1.00
2015.03.04 13:38:15.701,2.01833,2.01897,1.15,1.00
2015.03.04 13:38:16.355,2.01834,2.01896,1.17,1.00
2015.03.04 13:38:17.798,2.01844,2.01896,1.00,1.00
2015.03.04 13:38:21.544,2.01834,2.01896,1.17,1.00
2015.03.04 13:38:21.847,2.01833,2.01887,1.15,1.00
2015.03.04 13:38:22.048,2.01833,2.01897,1.15,1.00
2015.03.04 13:38:22.557,2.01834,2.01896,1.17,1.00
2015.03.04 13:38:23.519,2.01833,2.01897,1.15,1.00
2015.03.04 13:38:27.678,2.01844,2.01896,1.00,1.00
2015.03.04 13:38:33.497,2.01843,2.01897,1.00,1.00
2015.03.04 13:38:36.457,2.01837,2.01896,1.15,1.00
2015.03.04 13:38:36.710,2.01844,2.01906,1.00,1.15
2015.03.04 13:38:36.862,2.01844,2.01906,1.57,1.07
2015.03.04 13:38:36.912,2.01844,2.01906,1.65,1.00
2015.03.04 13:38:37.709,2.01843,2.01907,1.15,1.00
2015.03.04 13:38:38.892,2.01844,2.01906,1.15,1.00
2015.03.04 13:38:42.186,2.01843,2.01907,1.15,1.00
2015.03.04 13:38:42.337,2.01843,2.01907,1.07,1.07
2015.03.04 13:38:42.388,2.01843,2.01907,1.00,1.15
2015.03.04 13:38:43.085,2.01844,2.01906,1.00,1.15
2015.03.04 13:38:45.167,2.01843,2.01907,1.00,1.15
2015.03.04 13:38:48.803,2.01844,2.01906,1.00,1.15
2015.03.04 13:38:48.904,2.01843,2.01897,1.00,1.00
2015.03.04 13:38:49.005,2.01834,2.01896,1.00,1.17
2015.03.04 13:38:50.983,2.01834,2.01886,1.00,1.00
2015.03.04 13:38:55.861,2.01833,2.01897,1.00,1.15
2015.03.04 13:38:58.955,2.01833,2.01897,1.07,1.07
2015.03.04 13:38:59.362,2.01843,2.01897,1.00,1.00
2015.03.04 13:39:02.764,2.01843,2.01907,1.00,1.15
2015.03.04 13:39:05.166,2.01834,2.01896,1.65,1.00
2015.03.04 13:39:06.534,2.01833,2.01897,1.15,1.00
2015.03.04 13:39:07.393,2.01841,2.01896,1.10,1.00
2015.03.04 13:39:07.695,2.01843,2.01897,1.00,1.00
2015.03.04 13:39:10.347,2.01844,2.01906,1.00,1.15
2015.03.04 13:39:11.485,2.01843,2.01897,1.00,1.00
2015.03.04 13:39:15.432,2.01833,2.01897,1.15,1.00
2015.03.04 13:39:15.684,2.01834,2.01886,1.15,1.00
2015.03.04 13:39:15.886,2.01833,2.01897,1.15,1.00
2015.03.04 13:39:16.341,2.01844,2.01896,1.00,1.00
2015.03.04 13:39:22.839,2.01843,2.01905,1.00,1.15
2015.03.04 13:39:23.049,2.01834,2.01896,1.65,1.00
2015.03.04 13:39:32.723,2.01833,2.01897,1.15,1.10
2015.03.04 13:39:33.226,2.01834,2.01896,1.17,1.00
2015.03.04 13:39:33.947,2.01833,2.01897,1.15,1.10
2015.03.04 13:39:35.388,2.01833,2.01896,1.15,1.00
2015.03.04 13:39:36.265,2.01833,2.01897,1.15,1.10
2015.03.04 13:39:37.426,2.01834,2.01896,1.17,1.00
2015.03.04 13:39:40.070,2.01834,2.01896,1.00,1.15
2015.03.04 13:39:40.756,2.01824,2.01886,1.15,1.00
2015.03.04 13:39:44.707,2.01823,2.01887,1.15,1.00
2015.03.04 13:39:45.186,2.01823,2.01887,1.00,1.15
2015.03.04 13:39:50.092,2.01823,2.01877,1.00,1.00
2015.03.04 13:39:51.742,2.01814,2.01876,1.15,1.00
2015.03.04 13:39:58.998,2.01813,2.01877,1.15,1.00
2015.03.04 13:39:59.782,2.01814,2.01866,1.15,1.00
2015.03.04 13:39:59.832,2.01814,2.01866,1.00,1.00
2015.03.04 13:40:00.346,2.01813,2.01867,1.00,1.00
2015.03.04 13:40:00.415,2.01813,2.01877,1.00,1.15
2015.03.04 13:40:01.319,2.01814,2.01876,1.00,1.15
2015.03.04 13:40:01.979,2.01813,2.01877,1.00,1.15
2015.03.04 13:40:05.054,2.01813,2.01877,1.15,1.00
2015.03.04 13:40:05.410,2.01823,2.01877,1.00,1.00
2015.03.04 13:40:07.270,2.01824,2.01876,1.00,1.00
2015.03.04 13:40:07.694,2.01813,2.01877,1.15,1.00
2015.03.04 13:40:07.745,2.01813,2.01877,1.00,1.15
2015.03.04 13:40:07.946,2.01813,2.01867,1.00,1.00
2015.03.04 13:40:08.601,2.01814,2.01876,1.00,1.15
2015.03.04 13:40:09.004,2.01803,2.01867,1.15,1.00
2015.03.04 13:40:09.055,2.01803,2.01867,1.00,1.65
2015.03.04 13:40:09.523,2.01794,2.01856,1.15,1.00
2015.03.04 13:40:11.741,2.01794,2.01856,1.07,1.07
2015.03.04 13:40:11.791,2.01794,2.01856,1.00,1.15
2015.03.04 13:40:11.892,2.01794,2.01846,1.00,1.00
2015.03.04 13:40:13.058,2.01794,2.01846,1.00,1.07
2015.03.04 13:40:13.310,2.01784,2.01846,1.00,1.15
2015.03.04 13:40:13.411,2.01774,2.01836,1.15,1.00
2015.03.04 13:40:13.512,2.01774,2.01836,1.00,1.15
2015.03.04 13:40:13.980,2.01774,2.01826,1.00,1.00
2015.03.04 13:40:15.087,2.01764,2.01826,1.15,1.00
2015.03.04 13:40:15.619,2.01774,2.01836,1.00,1.15
2015.03.04 13:40:15.720,2.01773,2.01827,1.00,1.00
2015.03.04 13:40:16.483,2.01774,2.01826,1.00,1.00
2015.03.04 13:40:16.735,2.01763,2.01827,1.15,1.00
2015.03.04 13:40:22.540,2.01764,2.01826,1.15,1.00
2015.03.04 13:40:22.591,2.01764,2.01826,1.07,1.07
2015.03.04 13:40:22.641,2.01764,2.01826,1.00,1.15
2015.03.04 13:40:22.793,2.01763,2.01817,1.00,1.00
2015.03.04 13:40:23.169,2.01763,2.01817,1.07,1.00
2015.03.04 13:40:23.219,2.01773,2.01827,1.00,1.00
2015.03.04 13:40:23.747,2.01783,2.01837,1.00,1.15
2015.03.04 13:40:32.408,2.01783,2.01847,1.00,1.15
2015.03.04 13:40:33.139,2.01783,2.01847,1.07,1.07
2015.03.04 13:40:33.240,2.01784,2.01846,1.15,1.00
2015.03.04 13:40:33.340,2.01794,2.01846,1.00,1.00
2015.03.04 13:40:33.995,2.01793,2.01857,1.00,1.15
2015.03.04 13:40:40.379,2.01794,2.01846,1.00,1.00
2015.03.04 13:40:40.530,2.01794,2.01856,1.15,1.00
2015.03.04 13:40:40.932,2.01803,2.01867,1.00,1.15
2015.03.04 13:40:41.570,2.01804,2.01866,1.00,1.17
2015.03.04 13:40:43.215,2.01803,2.01867,1.00,1.15
2015.03.04 13:40:45.527,2.01803,2.01857,1.00,1.00
2015.03.04 13:40:46.031,2.01804,2.01856,1.00,1.00
2015.03.04 13:40:51.127,2.01803,2.01867,1.00,1.15
2015.03.04 13:40:51.631,2.01805,2.01867,1.00,1.15
2015.03.04 13:40:51.782,2.01814,2.01876,1.00,1.15
2015.03.04 13:40:52.386,2.01813,2.01875,1.00,1.17
2015.03.04 13:40:52.490,2.01814,2.01866,1.00,1.00
2015.03.04 13:40:52.792,2.01814,2.01875,1.00,1.17
2015.03.04 13:40:53.194,2.01813,2.01877,1.07,1.07
2015.03.04 13:40:53.245,2.01823,2.01877,1.00,1.00
2015.03.04 13:40:55.981,2.01824,2.01876,1.00,1.00
2015.03.04 13:40:57.863,2.01824,2.01876,1.00,1.17
2015.03.04 13:40:57.964,2.01814,2.01876,1.00,1.17
2015.03.04 13:40:58.316,2.01813,2.01867,1.00,1.00
2015.03.04 13:40:58.827,2.01803,2.01867,1.15,1.00
2015.03.04 13:40:59.328,2.01804,2.01866,1.15,1.00
2015.03.04 13:41:01.146,2.01803,2.01857,1.15,1.00
2015.03.04 13:41:03.667,2.01801,2.01856,1.95,1.00
2015.03.04 13:41:03.818,2.01803,2.01867,1.15,1.00
2015.03.04 13:41:04.120,2.01803,2.01867,1.10,1.15
2015.03.04 13:41:04.221,2.01804,2.01856,1.00,1.00
2015.03.04 13:41:04.686,2.01803,2.01867,1.10,1.15
2015.03.04 13:41:07.011,2.01803,2.01857,1.10,1.00
2015.03.04 13:41:07.515,2.01794,2.01856,1.00,1.07
2015.03.04 13:41:07.845,2.01803,2.01857,1.00,1.17
2015.03.04 13:41:12.157,2.01803,2.01867,1.10,1.15
2015.03.04 13:41:14.902,2.01804,2.01856,1.00,1.00
2015.03.04 13:41:18.726,2.01804,2.01856,1.00,1.07
2015.03.04 13:41:18.877,2.01794,2.01856,1.00,1.17
2015.03.04 13:41:19.078,2.01794,2.01846,1.00,1.00
2015.03.04 13:41:19.688,2.01787,2.01847,1.15,1.00
2015.03.04 13:41:20.328,2.01794,2.01846,1.00,1.00
2015.03.04 13:41:21.616,2.01785,2.01846,1.15,1.00
2015.03.04 13:41:26.890,2.01784,2.01846,1.10,1.07
2015.03.04 13:41:28.885,2.01773,2.01837,2.70,1.00
2015.03.04 13:41:30.018,2.01773,2.01837,1.00,1.15
2015.03.04 13:41:31.330,2.01753,2.01817,1.17,1.10
2015.03.04 13:41:31.436,2.01743,2.01807,2.70,1.00
2015.03.04 13:41:31.838,2.01753,2.01817,1.17,1.10
2015.03.04 13:41:35.098,2.01753,2.01817,1.07,1.17
2015.03.04 13:41:35.400,2.01753,2.01815,1.00,1.95
2015.03.04 13:41:35.702,2.01744,2.01806,1.10,1.07
2015.03.04 13:41:36.398,2.01744,2.01806,1.17,1.07
2015.03.04 13:41:36.567,2.01753,2.01817,1.07,1.07
2015.03.04 13:41:37.488,2.01764,2.01826,1.00,2.70
2015.03.04 13:41:37.539,2.01764,2.01826,1.00,1.17
2015.03.04 13:41:37.740,2.01763,2.01827,1.15,1.00
2015.03.04 13:41:37.992,2.01773,2.01837,1.10,1.15
2015.03.04 13:41:38.244,2.01774,2.01826,1.00,1.00
2015.03.04 13:41:43.057,2.01764,2.01826,1.15,1.00
2015.03.04 13:41:45.734,2.01763,2.01827,1.15,1.00
2015.03.04 13:41:48.167,2.01764,2.01826,1.15,1.00
2015.03.04 13:41:49.027,2.01764,2.01826,1.00,1.17
2015.03.04 13:41:49.237,2.01763,2.01817,1.00,1.00
2015.03.04 13:41:49.438,2.01753,2.01817,1.65,1.00
2015.03.04 13:41:51.164,2.01753,2.01817,1.00,1.15
2015.03.04 13:41:51.315,2.01739,2.01797,1.95,1.00
2015.03.04 13:41:51.416,2.01743,2.01807,1.15,1.00
2015.03.04 13:41:53.212,2.01744,2.01806,1.15,1.00
2015.03.04 13:41:55.960,2.01744,2.01796,1.15,1.00
2015.03.04 13:41:56.162,2.01743,2.01797,1.00,1.00
2015.03.04 13:41:56.263,2.01731,2.01786,1.15,1.00
2015.03.04 13:41:56.809,2.01729,2.01787,1.95,1.00
2015.03.04 13:41:58.684,2.01734,2.01786,1.15,1.00
2015.03.04 13:42:01.232,2.01734,2.01796,1.15,1.00
2015.03.04 13:42:01.635,2.01743,2.01797,1.00,1.00
2015.03.04 13:42:01.987,2.01744,2.01806,1.00,1.15
2015.03.04 13:42:02.627,2.01752,2.01806,1.00,1.15
2015.03.04 13:42:03.656,2.01752,2.01806,1.00,1.00
2015.03.04 13:42:04.166,2.01752,2.01807,1.00,1.00
2015.03.04 13:42:04.317,2.01754,2.01806,1.00,1.00
2015.03.04 13:42:04.418,2.01754,2.01816,1.00,1.15
2015.03.04 13:42:05.169,2.01754,2.01816,1.15,1.00
2015.03.04 13:42:05.471,2.01764,2.01816,1.00,1.00
2015.03.04 13:42:05.521,2.01763,2.01827,1.00,1.15
2015.03.04 13:42:05.572,2.01763,2.01827,1.15,1.00
2015.03.04 13:42:05.874,2.01773,2.01837,1.65,1.00
2015.03.04 13:42:06.195,2.01783,2.01847,1.00,1.15
2015.03.04 13:42:06.697,2.01794,2.01846,1.00,1.15
2015.03.04 13:42:06.963,2.01783,2.01847,1.00,1.15
2015.03.04 13:42:07.354,2.01794,2.01846,1.00,1.15
2015.03.04 13:42:07.505,2.01784,2.01846,1.00,1.15
2015.03.04 13:42:07.725,2.01781,2.01836,1.17,1.00
2015.03.04 13:42:09.154,2.01784,2.01836,1.00,1.00
2015.03.04 13:42:09.805,2.01781,2.01836,1.00,1.15
2015.03.04 13:42:09.906,2.01773,2.01827,1.00,1.00
2015.03.04 13:42:10.007,2.01763,2.01827,1.15,1.00
2015.03.04 13:42:11.785,2.01764,2.01826,1.15,1.00
2015.03.04 13:42:12.685,2.01764,2.01826,1.00,1.15
2015.03.04 13:42:12.786,2.01762,2.01817,1.00,1.00
2015.03.04 13:42:12.892,2.01754,2.01816,1.15,1.00
2015.03.04 13:42:14.185,2.01764,2.01816,1.00,1.00
2015.03.04 13:42:15.054,2.01763,2.01827,1.00,1.15
2015.03.04 13:42:15.715,2.01763,2.01817,1.00,1.00
2015.03.04 13:42:16.407,2.01763,2.01817,1.00,1.15
2015.03.04 13:42:17.476,2.01754,2.01816,1.00,1.15
2015.03.04 13:42:17.627,2.01753,2.01807,1.00,1.00
2015.03.04 13:42:18.065,2.01743,2.01807,1.15,1.00
2015.03.04 13:42:18.605,2.01744,2.01806,1.15,1.00
2015.03.04 13:42:19.377,2.01743,2.01807,1.15,1.00
2015.03.04 13:42:19.934,2.01744,2.01806,1.15,1.00
2015.03.04 13:42:20.035,2.01744,2.01796,1.15,1.00
2015.03.04 13:42:20.781,2.01743,2.01797,1.15,1.00
2015.03.04 13:42:21.676,2.01744,2.01796,1.15,1.00
2015.03.04 13:42:21.777,2.01744,2.01806,1.15,1.00
2015.03.04 13:42:26.853,2.01754,2.01816,1.00,1.15
2015.03.04 13:42:26.954,2.01743,2.01807,1.15,1.00
2015.03.04 13:42:27.055,2.01744,2.01796,1.00,1.00
2015.03.04 13:42:27.156,2.01741,2.01796,1.00,1.00
2015.03.04 13:42:27.257,2.01734,2.01796,1.15,1.00
2015.03.04 13:42:28.429,2.01724,2.01786,1.15,1.00
2015.03.04 13:42:28.835,2.01733,2.01797,1.00,1.15
2015.03.04 13:42:29.055,2.01723,2.01787,1.15,1.00
2015.03.04 13:42:30.795,2.01724,2.01786,1.15,1.00
2015.03.04 13:42:30.996,2.01724,2.01786,1.07,1.07
2015.03.04 13:42:31.047,2.01723,2.01777,1.00,1.10
2015.03.04 13:42:31.148,2.01714,2.01776,1.10,1.00
2015.03.04 13:42:31.199,2.01714,2.01776,1.10,1.07
2015.03.04 13:42:31.350,2.01733,2.01787,1.00,1.00
2015.03.04 13:42:31.452,2.01743,2.01797,1.00,1.15
2015.03.04 13:42:32.666,2.01743,2.01797,1.00,1.00
2015.03.04 13:42:33.684,2.01744,2.01806,1.00,1.15
2015.03.04 13:42:40.270,2.01753,2.01807,1.00,1.15
2015.03.04 13:42:40.484,2.01744,2.01806,1.00,1.15
2015.03.04 13:42:41.471,2.01743,2.01807,1.00,1.15
2015.03.04 13:42:42.947,2.01743,2.01807,1.07,1.07
2015.03.04 13:42:42.998,2.01743,2.01807,1.15,1.00
2015.03.04 13:42:45.267,2.01753,2.01807,1.00,1.00
2015.03.04 13:42:46.421,2.01753,2.01817,1.00,1.15
2015.03.04 13:42:49.742,2.01754,2.01806,1.00,1.00
2015.03.04 13:42:52.893,2.01743,2.01807,1.15,1.00
2015.03.04 13:42:55.537,2.01748,2.01806,1.95,1.00
2015.03.04 13:42:55.688,2.01753,2.01817,1.15,1.00
2015.03.04 13:42:55.889,2.01764,2.01824,1.00,1.15
2015.03.04 13:42:56.091,2.01763,2.01817,1.00,1.00
2015.03.04 13:42:59.167,2.01764,2.01826,1.00,1.15
2015.03.04 13:42:59.585,2.01763,2.0182,1.00,1.87
2015.03.04 13:42:59.635,2.01753,2.01817,1.00,1.65
2015.03.04 13:42:59.686,2.01753,2.01811,1.00,1.95
2015.03.04 13:42:59.824,2.01734,2.01797,1.15,1.00
2015.03.04 13:42:59.975,2.01734,2.01786,1.15,1.00
2015.03.04 13:43:00.135,2.01732,2.01786,1.00,1.00
2015.03.04 13:43:00.235,2.01724,2.01786,1.17,1.00
2015.03.04 13:43:00.286,2.01733,2.01787,1.00,1.00
2015.03.04 13:43:00.807,2.01733,2.01797,1.00,1.15
2015.03.04 13:43:02.795,2.01733,2.01797,1.07,1.07
2015.03.04 13:43:02.845,2.01733,2.01797,1.15,1.00
2015.03.04 13:43:03.349,2.01743,2.01807,1.00,1.15
2015.03.04 13:43:03.450,2.01743,2.01807,1.15,1.10
2015.03.04 13:43:03.601,2.01744,2.01806,1.15,1.00
2015.03.04 13:43:03.903,2.01745,2.01807,1.95,1.00
2015.03.04 13:43:04.463,2.01745,2.01806,1.95,1.00
2015.03.04 13:43:04.987,2.01743,2.01807,1.17,1.00
2015.03.04 13:43:10.425,2.01744,2.01806,1.07,1.00
2015.03.04 13:43:11.695,2.01743,2.01807,1.17,1.00
2015.03.04 13:43:12.522,2.01754,2.01806,1.00,1.00
2015.03.04 13:43:14.454,2.01744,2.01806,1.07,1.00
2015.03.04 13:43:14.706,2.01754,2.01806,1.00,1.00
2015.03.04 13:43:16.704,2.01743,2.01807,1.17,1.00
2015.03.04 13:43:17.223,2.01744,2.01806,1.07,1.00
2015.03.04 13:43:18.677,2.01753,2.01817,1.00,1.15
2015.03.04 13:43:18.994,2.01743,2.01797,1.17,1.00
2015.03.04 13:43:19.195,2.01743,2.01797,1.00,1.00
2015.03.04 13:43:19.971,2.01744,2.01806,1.10,1.07
2015.03.04 13:43:20.072,2.01744,2.01806,1.17,1.00
2015.03.04 13:43:20.173,2.01744,2.01796,1.17,1.00
2015.03.04 13:43:32.087,2.01734,2.01797,1.95,1.00
2015.03.04 13:43:32.389,2.01734,2.01796,1.15,1.00
2015.03.04 13:43:32.742,2.01734,2.01786,1.15,1.00
2015.03.04 13:43:33.551,2.01725,2.01787,1.95,1.00
2015.03.04 13:43:33.601,2.01723,2.01787,1.15,1.00
2015.03.04 13:43:33.713,2.01734,2.01786,1.00,1.00
2015.03.04 13:43:34.145,2.01733,2.01797,1.00,1.15
2015.03.04 13:43:34.246,2.01733,2.01797,1.15,1.10
2015.03.04 13:43:34.756,2.01734,2.01796,1.17,1.00
2015.03.04 13:43:35.685,2.01733,2.01797,1.15,1.10
2015.03.04 13:43:36.688,2.01744,2.01796,1.00,1.00
2015.03.04 13:43:39.437,2.01743,2.01797,1.00,1.10
2015.03.04 13:43:39.963,2.01744,2.01796,1.00,1.00
2015.03.04 13:43:40.712,2.01747,2.01796,1.00,1.00
2015.03.04 13:43:40.762,2.01754,2.01816,1.00,1.15
2015.03.04 13:43:40.863,2.01753,2.01817,1.07,1.15
2015.03.04 13:43:40.914,2.01753,2.01817,1.17,1.07
2015.03.04 13:43:41.523,2.01754,2.01806,1.07,1.00
2015.03.04 13:43:42.076,2.01754,2.01816,1.07,1.10
2015.03.04 13:43:42.178,2.01753,2.01807,1.10,1.07
2015.03.04 13:43:42.330,2.01743,2.01807,1.00,1.15
2015.03.04 13:43:42.833,2.01744,2.01806,1.00,1.17
2015.03.04 13:43:46.157,2.01754,2.01806,1.00,1.17
2015.03.04 13:43:46.692,2.01754,2.01816,1.00,1.15
2015.03.04 13:43:46.802,2.01754,2.01806,1.00,1.00
2015.03.04 13:43:48.345,2.01753,2.01807,1.10,1.00
2015.03.04 13:43:48.600,2.01753,2.01817,1.10,1.15
2015.03.04 13:43:50.092,2.01754,2.01816,1.00,1.15
2015.03.04 13:43:53.534,2.01753,2.01807,1.10,1.00
2015.03.04 13:43:57.377,2.01754,2.01816,1.00,1.15
2015.03.04 13:43:57.582,2.01753,2.01817,1.15,1.00
2015.03.04 13:43:57.993,2.01753,2.01817,1.00,1.15
2015.03.04 13:43:58.151,2.01747,2.01807,1.15,1.00
2015.03.04 13:43:58.353,2.01754,2.01816,1.00,1.15
2015.03.04 13:44:03.998,2.01754,2.01816,1.15,1.00
2015.03.04 13:44:04.305,2.01764,2.01826,1.00,1.10
2015.03.04 13:44:04.412,2.01763,2.01827,3.45,1.00
2015.03.04 13:44:04.719,2.01773,2.01827,2.70,1.00
2015.03.04 13:44:06.490,2.01773,2.01837,2.70,1.00
2015.03.04 13:44:07.964,2.01774,2.01826,1.15,1.00
2015.03.04 13:44:08.468,2.01773,2.01827,2.70,1.00
2015.03.04 13:44:12.550,2.01774,2.01826,1.65,1.00
2015.03.04 13:44:13.675,2.01776,2.01837,1.15,1.00
2015.03.04 13:44:14.231,2.01783,2.01847,1.15,1.07
2015.03.04 13:44:14.281,2.01783,2.01847,1.15,1.00
2015.03.04 13:44:14.793,2.01784,2.01846,1.15,1.00
2015.03.04 13:44:22.165,2.01783,2.01847,1.15,1.00
2015.03.04 13:44:22.468,2.01783,2.01837,1.00,1.00
2015.03.04 13:44:25.108,2.01784,2.01836,1.00,1.00
2015.03.04 13:44:26.753,2.01783,2.01837,1.00,1.00
2015.03.04 13:44:32.471,2.01784,2.01846,1.00,1.15
2015.03.04 13:44:37.529,2.01783,2.01837,1.00,1.00
2015.03.04 13:44:41.144,2.01773,2.01837,1.15,1.00
2015.03.04 13:44:41.245,2.01783,2.01837,1.00,1.00
2015.03.04 13:44:41.396,2.01783,2.01847,1.15,1.00
2015.03.04 13:44:42.185,2.01793,2.01857,1.00,1.15
2015.03.04 13:45:00.295,2.01794,2.01856,1.00,1.15
2015.03.04 13:45:00.799,2.01793,2.01857,1.00,1.15
2015.03.04 13:45:01.302,2.01793,2.01857,1.15,1.10
2015.03.04 13:45:11.510,2.01803,2.01857,1.00,1.10
2015.03.04 13:45:12.954,2.01793,2.01857,1.15,1.10
2015.03.04 13:45:17.334,2.01794,2.01856,1.17,1.00
2015.03.04 13:45:18.532,2.01804,2.01856,1.00,1.00
2015.03.04 13:45:24.283,2.01802,2.01857,1.00,1.00
2015.03.04 13:45:24.384,2.01793,2.01857,1.15,1.00
2015.03.04 13:45:24.632,2.01801,2.01857,1.00,1.00
2015.03.04 13:45:27.272,2.01793,2.01857,1.15,1.00
2015.03.04 13:45:33.768,2.01796,2.01857,2.62,1.00
2015.03.04 13:45:33.819,2.01813,2.01877,1.00,1.15
2015.03.04 13:45:35.265,2.01813,2.01867,1.00,1.00
2015.03.04 13:45:35.517,2.01803,2.01867,1.15,1.00
2015.03.04 13:45:36.024,2.01803,2.01857,1.07,1.00
2015.03.04 13:45:36.075,2.01803,2.01857,1.00,1.00
2015.03.04 13:45:36.693,2.01793,2.01857,1.65,1.00
2015.03.04 13:45:37.675,2.01794,2.01856,1.15,1.00
2015.03.04 13:45:39.159,2.01784,2.01837,1.95,1.00
2015.03.04 13:45:39.210,2.01783,2.01837,1.15,1.00
2015.03.04 13:45:45.217,2.01783,2.01837,1.07,1.00
2015.03.04 13:45:45.319,2.01777,2.01837,1.10,1.00
2015.03.04 13:45:45.419,2.01777,2.01837,1.00,1.07
2015.03.04 13:45:45.570,2.01774,2.01826,1.00,1.00
2015.03.04 13:45:45.621,2.01764,2.01826,1.15,1.00
2015.03.04 13:45:45.822,2.01763,2.01817,1.15,1.00
2015.03.04 13:45:45.923,2.01763,2.01817,1.07,1.00
2015.03.04 13:45:45.974,2.01754,2.01816,1.15,1.00
2015.03.04 13:45:46.075,2.01763,2.01817,1.00,1.00
2015.03.04 13:45:46.175,2.01753,2.01817,1.15,1.00
2015.03.04 13:45:46.276,2.01763,2.01817,1.00,1.00
2015.03.04 13:45:46.377,2.01754,2.01816,1.15,1.00
2015.03.04 13:45:46.889,2.01753,2.01817,1.15,1.00
2015.03.04 13:45:48.435,2.01754,2.01817,2.70,1.00
2015.03.04 13:45:48.487,2.01763,2.01827,1.15,1.00
2015.03.04 13:45:50.149,2.01764,2.01826,1.15,1.00
2015.03.04 13:45:50.250,2.01763,2.01817,1.15,1.00
2015.03.04 13:45:52.019,2.01763,2.01827,1.15,1.00
2015.03.04 13:45:53.580,2.01764,2.01826,1.15,1.00
2015.03.04 13:45:54.213,2.01773,2.01827,1.00,1.00
2015.03.04 13:45:54.414,2.01764,2.01826,1.15,1.00
2015.03.04 13:45:55.651,2.01763,2.01827,1.15,1.00
2015.03.04 13:45:59.485,2.01764,2.01826,1.15,1.00
2015.03.04 13:46:02.782,2.01763,2.01827,1.15,1.00
2015.03.04 13:46:07.987,2.01774,2.01826,1.00,1.00
2015.03.04 13:46:08.038,2.01764,2.01826,1.17,1.00
2015.03.04 13:46:08.143,2.01756,2.01816,1.95,1.00
2015.03.04 13:46:10.035,2.01764,2.01826,1.17,1.00
2015.03.04 13:46:11.667,2.01763,2.01827,1.15,1.10
2015.03.04 13:46:14.014,2.01763,2.01817,1.15,1.00
2015.03.04 13:46:14.534,2.01756,2.01816,1.95,1.00
2015.03.04 13:46:20.485,2.01756,2.01817,1.95,1.00
2015.03.04 13:46:22.190,2.01764,2.01816,1.17,1.00
2015.03.04 13:46:22.727,2.01763,2.01817,1.15,1.00
2015.03.04 13:46:24.091,2.01764,2.01826,1.17,1.00
2015.03.04 13:46:25.740,2.01763,2.01827,1.15,1.10
2015.03.04 13:46:26.223,2.01756,2.01816,1.95,1.00
2015.03.04 13:46:26.733,2.01756,2.01817,1.95,1.00
2015.03.04 13:46:27.612,2.01756,2.01816,1.95,1.00
2015.03.04 13:46:27.713,2.01754,2.01816,1.15,1.00
2015.03.04 13:46:27.764,2.01746,2.01807,1.95,1.00
2015.03.04 13:46:27.815,2.01743,2.01807,1.15,1.00
2015.03.04 13:46:28.414,2.01744,2.01806,1.15,1.00
2015.03.04 13:46:29.234,2.01743,2.01807,1.15,1.00
2015.03.04 13:46:35.468,2.01739,2.01797,1.15,1.00
2015.03.04 13:46:35.770,2.01743,2.01807,1.15,1.00
2015.03.04 13:46:36.283,2.01744,2.01806,1.15,1.00
2015.03.04 13:46:37.611,2.01743,2.01807,1.15,1.00
2015.03.04 13:46:37.718,2.01743,2.01807,1.00,1.15
2015.03.04 13:46:37.819,2.01733,2.01797,1.15,1.00
2015.03.04 13:46:37.920,2.01733,2.01797,1.00,2.70
2015.03.04 13:46:38.072,2.01723,2.01787,1.57,1.07
2015.03.04 13:46:39.794,2.01724,2.01786,1.17,1.10
2015.03.04 13:46:40.096,2.01738,2.01797,1.15,1.00
2015.03.04 13:46:40.398,2.01743,2.01807,1.10,1.17
2015.03.04 13:46:40.499,2.01745,2.01806,1.00,1.07
2015.03.04 13:46:41.477,2.01747,2.01807,1.00,1.17
2015.03.04 13:46:41.728,2.01754,2.01816,1.00,1.10
2015.03.04 13:46:41.829,2.01751,2.01806,1.17,1.00
2015.03.04 13:46:42.465,2.01747,2.01796,1.15,1.00
2015.03.04 13:46:42.767,2.0173,2.01786,1.07,1.00
2015.03.04 13:46:48.407,2.01732,2.01786,1.00,1.00
2015.03.04 13:46:49.015,2.01729,2.01786,1.07,1.00
2015.03.04 13:46:51.704,2.01723,2.01787,1.15,1.00
2015.03.04 13:46:53.016,2.01723,2.01787,1.07,1.07
2015.03.04 13:46:53.067,2.01723,2.01787,1.00,1.15
2015.03.04 13:46:53.168,2.01713,2.01777,1.15,1.00
2015.03.04 13:46:54.205,2.01714,2.01776,1.15,1.00
2015.03.04 13:46:54.719,2.01713,2.01777,1.15,1.00
2015.03.04 13:46:57.792,2.01714,2.01776,1.15,1.00
2015.03.04 13:46:57.993,2.01724,2.01786,1.00,1.15
2015.03.04 13:46:58.630,2.01723,2.01787,1.00,1.15
2015.03.04 13:46:58.984,2.01714,2.01776,1.65,1.00
2015.03.04 13:46:59.503,2.01713,2.01777,1.15,1.00
2015.03.04 13:47:02.743,2.01724,2.01786,1.00,1.65
2015.03.04 13:47:02.844,2.01714,2.01776,1.15,1.00
2015.03.04 13:47:02.920,2.01723,2.01786,1.00,1.15
2015.03.04 13:47:03.693,2.01724,2.01786,1.00,1.65
2015.03.04 13:47:03.845,2.01713,2.01777,1.15,1.00
2015.03.04 13:47:03.946,2.01723,2.01787,1.00,1.65
2015.03.04 13:47:05.340,2.01713,2.01777,1.15,1.00
2015.03.04 13:47:10.786,2.01724,2.01786,1.00,1.15
2015.03.04 13:47:11.653,2.01714,2.01776,1.15,1.00
2015.03.04 13:47:11.754,2.01723,2.01787,1.00,1.15
2015.03.04 13:47:11.830,2.01714,2.01776,1.15,1.00
2015.03.04 13:47:11.945,2.01723,2.01787,1.00,1.15
2015.03.04 13:47:12.710,2.01724,2.01786,1.00,1.15
2015.03.04 13:47:13.231,2.01723,2.01787,1.00,1.15
2015.03.04 13:47:13.470,2.01723,2.01787,1.00,1.15
2015.03.04 13:47:14.014,2.01724,2.01786,1.00,1.15
2015.03.04 13:47:15.797,2.01713,2.01777,1.15,1.00
2015.03.04 13:47:15.848,2.01713,2.01777,1.07,1.07
2015.03.04 13:47:15.898,2.01713,2.01777,1.00,1.15
2015.03.04 13:47:17.142,2.01714,2.01776,1.00,1.15
2015.03.04 13:47:18.325,2.01713,2.01777,1.00,1.15
2015.03.04 13:47:22.403,2.01703,2.01767,1.15,1.00
2015.03.04 13:47:23.097,2.01704,2.01766,1.00,1.15
2015.03.04 13:47:25.370,2.01721,2.01768,1.00,1.95
2015.03.04 13:47:25.420,2.01721,2.01776,1.00,1.07
2015.03.04 13:47:25.471,2.01724,2.01786,1.00,2.70
2015.03.04 13:47:25.622,2.01715,2.01773,1.00,1.00
2015.03.04 13:47:25.723,2.01704,2.01766,1.10,1.10
2015.03.04 13:47:26.155,2.01694,2.01756,1.65,1.00
2015.03.04 13:47:28.251,2.01704,2.01766,1.10,1.10
2015.03.04 13:47:28.668,2.01714,2.01776,1.00,1.15
2015.03.04 13:47:28.719,2.01714,2.01776,1.17,1.00
2015.03.04 13:47:28.870,2.01719,2.01776,1.00,1.00
2015.03.04 13:47:29.172,2.01724,2.01786,1.00,1.15
2015.03.04 13:47:30.503,2.01713,2.01777,1.15,1.00
2015.03.04 13:47:36.488,2.01723,2.01787,1.00,1.15
2015.03.04 13:47:39.702,2.01724,2.01786,1.00,1.15
2015.03.04 13:47:39.804,2.01713,2.01777,1.15,1.00
2015.03.04 13:47:41.139,2.01731,2.01777,1.00,1.00
2015.03.04 13:47:41.241,2.01731,2.01786,1.00,1.00
2015.03.04 13:47:41.342,2.01742,2.01797,1.00,1.15
2015.03.04 13:47:49.595,2.01741,2.01797,1.00,1.15
2015.03.04 13:47:54.069,2.01742,2.01797,1.00,1.15
2015.03.04 13:47:59.572,2.01742,2.01797,1.07,1.00
2015.03.04 13:47:59.623,2.01743,2.01807,1.17,1.07
2015.03.04 13:47:59.673,2.01745,2.01807,1.95,1.00
2015.03.04 13:47:59.724,2.01761,2.01806,1.07,1.00
2015.03.04 13:47:59.825,2.01771,2.01827,1.00,1.10
2015.03.04 13:47:59.925,2.01764,2.01826,1.10,1.00
2015.03.04 13:48:00.127,2.01758,2.01808,1.15,1.00
2015.03.04 13:48:00.278,2.01745,2.01807,1.95,1.00
2015.03.04 13:48:00.379,2.01743,2.01807,1.15,1.10
2015.03.04 13:48:01.140,2.01752,2.01807,1.00,1.10
2015.03.04 13:48:01.480,2.01764,2.01826,1.00,1.65
2015.03.04 13:48:02.224,2.01774,2.01831,1.07,1.87
2015.03.04 13:48:02.274,2.01774,2.01836,1.15,1.00
2015.03.04 13:48:03.025,2.01773,2.01837,1.15,1.00
2015.03.04 13:48:03.543,2.01774,2.01836,1.15,1.00
2015.03.04 13:48:04.750,2.01783,2.01847,1.00,1.15
2015.03.04 13:48:04.852,2.01784,2.01836,1.00,1.00
2015.03.04 13:48:09.250,2.01783,2.01838,1.00,1.00
2015.03.04 13:48:10.070,2.01783,2.01847,1.00,1.15
2015.03.04 13:48:10.129,2.01783,2.01837,1.00,1.00
2015.03.04 13:48:10.393,2.01784,2.01846,1.00,1.15
2015.03.04 13:48:12.329,2.01784,2.01839,1.00,1.00
2015.03.04 13:48:12.582,2.01773,2.01837,1.15,1.00
2015.03.04 13:48:13.122,2.01774,2.01836,1.15,1.00
2015.03.04 13:48:13.788,2.01773,2.01837,1.15,1.00
2015.03.04 13:48:15.435,2.01784,2.01839,1.00,1.00
2015.03.04 13:48:15.862,2.01784,2.01846,1.00,1.15
2015.03.04 13:48:19.372,2.01774,2.01818,1.15,1.00
2015.03.04 13:48:19.523,2.01744,2.01806,1.15,1.00
2015.03.04 13:48:19.624,2.01753,2.01815,1.10,1.07
2015.03.04 13:48:19.725,2.01761,2.01817,1.07,1.00
2015.03.04 13:48:19.826,2.01774,2.01836,1.00,1.10
2015.03.04 13:48:22.579,2.01764,2.01818,1.15,1.00
2015.03.04 13:48:22.730,2.01764,2.0181,1.00,1.00
2015.03.04 13:48:22.781,2.01743,2.01807,1.15,1.00
2015.03.04 13:48:23.260,2.01753,2.01817,1.00,1.17
2015.03.04 13:48:23.310,2.01753,2.01817,1.15,1.00
2015.03.04 13:48:23.360,2.01764,2.01826,1.00,1.15
2015.03.04 13:48:23.411,2.01764,2.01826,1.15,1.00
2015.03.04 13:48:23.912,2.01773,2.01837,1.00,1.15
2015.03.04 13:48:24.348,2.01764,2.01826,1.15,1.00
2015.03.04 13:48:24.450,2.01774,2.01836,1.00,1.17
2015.03.04 13:48:26.413,2.01773,2.01837,1.00,1.15
2015.03.04 13:48:26.668,2.01775,2.01836,1.00,1.17
2015.03.04 13:48:27.178,2.01774,2.01836,1.00,1.17
2015.03.04 13:48:27.719,2.01773,2.01837,1.65,1.00
2015.03.04 13:48:27.870,2.01784,2.01843,1.00,1.00
2015.03.04 13:48:27.921,2.01784,2.01843,1.15,1.00
2015.03.04 13:48:28.122,2.01783,2.01843,1.10,1.00
2015.03.04 13:48:28.223,2.01784,2.01846,1.15,1.00
2015.03.04 13:48:28.424,2.01793,2.01857,1.10,1.17
2015.03.04 13:48:40.819,2.01794,2.01856,1.00,1.07
2015.03.04 13:48:41.171,2.01804,2.01866,1.07,1.57
2015.03.04 13:48:41.523,2.01813,2.01877,1.00,2.70
2015.03.04 13:48:42.849,2.01803,2.01867,1.17,1.07
2015.03.04 13:48:42.950,2.01814,2.01876,1.00,1.15
2015.03.04 13:48:43.052,2.01803,2.01867,1.17,1.07
2015.03.04 13:48:43.153,2.01803,2.01867,1.00,1.15
2015.03.04 13:48:43.842,2.01793,2.01857,1.17,1.10
2015.03.04 13:48:44.348,2.01794,2.01856,1.10,1.00
2015.03.04 13:48:46.362,2.01793,2.01857,1.17,1.10
2015.03.04 13:48:46.463,2.01793,2.01857,1.00,2.70
2015.03.04 13:48:47.088,2.01794,2.01854,1.00,1.15
2015.03.04 13:48:47.340,2.01784,2.01846,1.07,1.10
2015.03.04 13:48:49.070,2.01773,2.01837,1.15,1.10
2015.03.04 13:48:49.576,2.01774,2.01836,1.17,1.00
2015.03.04 13:48:49.885,2.01764,2.01827,1.95,1.00
2015.03.04 13:48:49.986,2.01773,2.01837,1.15,1.10
2015.03.04 13:48:50.401,2.01764,2.01827,1.95,1.00
2015.03.04 13:48:50.853,2.01764,2.01826,1.07,1.00
2015.03.04 13:48:51.206,2.01763,2.01817,1.17,1.00
2015.03.04 13:48:51.509,2.01763,2.01827,1.17,1.00
2015.03.04 13:48:52.148,2.01763,2.01817,1.17,1.00
2015.03.04 13:48:52.693,2.01754,2.01816,2.70,1.00
2015.03.04 13:48:52.894,2.01753,2.01817,1.15,1.00
2015.03.04 13:48:54.280,2.01751,2.01806,1.15,1.00
2015.03.04 13:48:54.481,2.01751,2.01807,1.00,1.07
2015.03.04 13:48:54.898,2.01744,2.01806,1.10,1.07
2015.03.04 13:48:58.450,2.01733,2.01786,1.95,1.00
2015.03.04 13:48:58.500,2.01724,2.01786,1.15,1.00
2015.03.04 13:48:59.003,2.01723,2.01787,1.15,1.00
2015.03.04 13:49:00.431,2.01724,2.01786,1.15,1.00
2015.03.04 13:49:01.718,2.01733,2.01797,1.00,1.15
2015.03.04 13:49:01.919,2.01733,2.01797,2.70,1.00
2015.03.04 13:49:01.970,2.01743,2.01807,1.07,1.17
2015.03.04 13:49:03.222,2.01754,2.01816,1.00,2.70
2015.03.04 13:49:03.272,2.01743,2.01807,1.07,1.17
2015.03.04 13:49:03.368,2.01753,2.01816,1.00,1.95
2015.03.04 13:49:03.478,2.01743,2.01807,1.07,1.17
2015.03.04 13:49:03.629,2.01754,2.01816,1.00,2.70
2015.03.04 13:49:03.698,2.01744,2.01806,1.10,1.07
2015.03.04 13:49:03.849,2.01753,2.01816,1.00,1.95
2015.03.04 13:49:04.162,2.01744,2.01806,1.10,1.07
2015.03.04 13:49:08.027,2.01741,2.01797,1.15,1.00
2015.03.04 13:49:11.389,2.01747,2.01807,1.95,1.00
2015.03.04 13:49:11.440,2.01756,2.01816,1.17,1.00
2015.03.04 13:49:11.540,2.01763,2.01827,1.65,1.00
2015.03.04 13:49:11.641,2.01773,2.01833,1.00,1.15
2015.03.04 13:49:12.338,2.01774,2.01836,1.07,1.07
2015.03.04 13:49:12.389,2.01774,2.01836,1.15,1.00
2015.03.04 13:49:13.487,2.01773,2.01837,1.15,1.00
2015.03.04 13:49:13.639,2.01764,2.01826,1.15,1.00
2015.03.04 13:49:19.943,2.01764,2.01822,1.07,1.87
2015.03.04 13:49:19.996,2.01744,2.01806,1.15,1.00
2015.03.04 13:49:20.096,2.01754,2.01816,1.00,1.15
2015.03.04 13:49:20.349,2.01743,2.01807,1.15,1.00
2015.03.04 13:49:20.753,2.01737,2.01797,1.95,1.00
2015.03.04 13:49:20.904,2.01743,2.01807,1.15,1.00
2015.03.04 13:49:21.408,2.01744,2.01806,1.65,1.00
2015.03.04 13:49:21.459,2.01746,2.01806,1.87,1.00
2015.03.04 13:49:23.179,2.01754,2.01816,1.15,1.00
2015.03.04 13:49:27.024,2.01743,2.01807,1.15,1.00
2015.03.04 13:49:28.916,2.01744,2.01806,1.15,1.00
2015.03.04 13:49:30.692,2.01743,2.01807,1.15,1.00
2015.03.04 13:49:30.958,2.01743,2.01807,1.07,1.07
2015.03.04 13:49:32.182,2.01733,2.01797,1.15,1.00
2015.03.04 13:49:32.233,2.01726,2.01787,1.95,1.00
2015.03.04 13:49:32.284,2.01724,2.01787,1.15,1.00
2015.03.04 13:49:32.740,2.01734,2.01796,1.00,1.15
2015.03.04 13:49:33.445,2.01724,2.01786,1.15,1.00
2015.03.04 13:49:34.216,2.01722,2.01776,1.15,1.00
2015.03.04 13:49:34.719,2.01721,2.01777,1.15,1.00
2015.03.04 13:49:34.827,2.01724,2.01786,1.15,1.00
2015.03.04 13:49:35.419,2.01723,2.01787,1.15,1.00
2015.03.04 13:49:37.469,2.01724,2.01786,1.15,1.00
2015.03.04 13:49:37.973,2.01723,2.01787,1.15,1.00
2015.03.04 13:49:38.809,2.01734,2.01796,1.00,1.15
2015.03.04 13:49:39.161,2.01723,2.01787,1.15,1.00
2015.03.04 13:49:39.363,2.01734,2.01796,1.00,1.15
2015.03.04 13:49:39.706,2.01723,2.01787,1.15,1.00
2015.03.04 13:49:40.008,2.01724,2.01786,1.07,1.07
2015.03.04 13:49:40.059,2.01724,2.01786,1.00,1.15
2015.03.04 13:49:40.160,2.01713,2.01777,1.15,1.00
2015.03.04 13:49:43.647,2.01705,2.01767,1.95,1.00
2015.03.04 13:49:43.748,2.01703,2.01767,1.15,1.00
2015.03.04 13:49:43.870,2.01714,2.01776,1.00,1.15
2015.03.04 13:49:44.385,2.01713,2.01777,1.00,1.15
2015.03.04 13:49:44.436,2.01704,2.01766,1.15,1.00
2015.03.04 13:49:44.939,2.01703,2.01767,1.15,1.00
2015.03.04 13:49:45.090,2.01713,2.01777,1.07,1.07
2015.03.04 13:49:46.480,2.01714,2.01776,1.07,1.07
2015.03.04 13:49:46.581,2.01714,2.01776,1.15,1.00
2015.03.04 13:49:46.732,2.01705,2.01766,1.95,1.00
2015.03.04 13:49:47.377,2.01705,2.01767,1.95,1.00
2015.03.04 13:49:47.600,2.01714,2.01776,1.15,1.00
2015.03.04 13:49:47.701,2.01705,2.01766,1.95,1.00
2015.03.04 13:49:47.852,2.01713,2.01777,1.15,1.00
2015.03.04 13:49:48.466,2.01715,2.01776,1.95,1.00
2015.03.04 13:49:48.920,2.01723,2.01787,1.15,1.00
2015.03.04 13:49:49.021,2.01715,2.01777,1.95,1.00
2015.03.04 13:49:49.172,2.01724,2.01786,1.15,1.00
2015.03.04 13:49:50.230,2.01716,2.01776,1.15,1.00
2015.03.04 13:49:50.492,2.01723,2.01787,1.15,1.00
2015.03.04 13:49:51.460,2.01715,2.01776,1.95,1.00
2015.03.04 13:49:51.738,2.01714,2.01776,1.15,1.00
2015.03.04 13:49:51.889,2.01723,2.01787,1.00,1.15
2015.03.04 13:49:52.040,2.01723,2.01787,1.15,1.00
2015.03.04 13:49:52.645,2.01723,2.01787,1.07,1.07
2015.03.04 13:49:52.696,2.01723,2.01787,1.00,1.15
2015.03.04 13:49:52.797,2.01713,2.01777,1.15,1.00
2015.03.04 13:49:52.999,2.01705,2.01766,1.95,1.00
2015.03.04 13:49:53.502,2.01703,2.01767,1.15,1.00
2015.03.04 13:49:54.300,2.01713,2.01777,1.07,1.07
2015.03.04 13:49:54.351,2.01713,2.01777,1.15,1.00
2015.03.04 13:49:54.884,2.01714,2.01776,1.15,1.00
2015.03.04 13:49:54.985,2.01707,2.01767,1.95,1.00
2015.03.04 13:49:55.751,2.01714,2.01776,1.15,1.00
2015.03.04 13:49:55.852,2.01707,2.01767,2.70,1.00
2015.03.04 13:49:56.104,2.01713,2.01777,1.15,1.00
2015.03.04 13:49:56.205,2.01707,2.01766,1.95,1.00
2015.03.04 13:49:56.632,2.01713,2.01777,1.15,1.00
2015.03.04 13:49:57.305,2.01724,2.01786,1.00,1.15
2015.03.04 13:49:57.406,2.01713,2.01777,1.15,1.00
2015.03.04 13:49:57.859,2.01707,2.01767,1.95,1.00
2015.03.04 13:49:58.362,2.01707,2.01766,1.95,1.00
2015.03.04 13:49:58.463,2.01704,2.01766,2.70,1.00
2015.03.04 13:49:58.564,2.01704,2.01766,1.15,1.00
2015.03.04 13:50:00.935,2.01718,2.01767,1.07,1.00
2015.03.04 13:50:00.986,2.01723,2.01787,1.15,1.10
2015.03.04 13:50:01.037,2.01725,2.01787,1.95,1.00
2015.03.04 13:50:01.257,2.01734,2.01796,1.07,1.00
2015.03.04 13:50:01.461,2.01743,2.01807,1.00,1.15
2015.03.04 13:50:01.785,2.01733,2.01797,1.17,1.10
2015.03.04 13:50:01.892,2.01743,2.01807,1.00,1.15
2015.03.04 13:50:02.043,2.01734,2.01796,1.07,1.00
2015.03.04 13:50:02.489,2.01724,2.01786,1.15,1.07
2015.03.04 13:50:02.539,2.01724,2.01786,1.07,1.07
2015.03.04 13:50:03.868,2.01721,2.01777,1.15,1.00
2015.03.04 13:50:05.344,2.01714,2.01776,2.70,1.00
2015.03.04 13:50:05.495,2.01714,2.01776,1.17,1.10
2015.03.04 13:50:05.546,2.01714,2.01776,1.10,1.10
2015.03.04 13:50:06.307,2.01724,2.01786,1.00,1.15
2015.03.04 13:50:06.519,2.01714,2.01776,1.10,1.10
2015.03.04 13:50:07.759,2.01722,2.01777,1.00,1.17
2015.03.04 13:50:07.960,2.01714,2.01776,1.10,1.10
2015.03.04 13:50:08.173,2.01705,2.01766,1.15,1.00
2015.03.04 13:50:08.429,2.01704,2.01766,1.07,1.10
2015.03.04 13:50:10.494,2.01702,2.01757,1.17,1.00
2015.03.04 13:50:10.595,2.01702,2.01757,1.00,1.07
2015.03.04 13:50:10.798,2.01704,2.01766,1.00,1.15
2015.03.04 13:50:10.950,2.01702,2.01757,1.00,1.07
2015.03.04 13:50:11.051,2.01704,2.01766,1.00,1.15
2015.03.04 13:50:11.152,2.01702,2.01756,1.00,1.10
2015.03.04 13:50:11.252,2.01704,2.01766,1.00,1.15
2015.03.04 13:50:11.353,2.01702,2.01757,1.00,1.07
2015.03.04 13:50:11.726,2.01704,2.01766,1.00,1.15
2015.03.04 13:50:11.828,2.01702,2.01756,1.00,1.10
2015.03.04 13:50:12.340,2.01693,2.01757,1.07,1.07
2015.03.04 13:50:12.843,2.01693,2.01757,1.15,1.07
2015.03.04 13:50:13.044,2.01704,2.01766,1.07,1.10
2015.03.04 13:50:16.220,2.01713,2.01777,1.00,2.70
2015.03.04 13:50:16.271,2.01713,2.01777,1.15,1.00
2015.03.04 13:50:16.639,2.01723,2.01787,1.00,1.15
2015.03.04 13:50:16.740,2.01715,2.01777,1.15,1.00
2015.03.04 13:50:16.992,2.01723,2.01787,1.00,1.15
2015.03.04 13:50:17.511,2.01724,2.01786,1.00,1.15
2015.03.04 13:50:19.183,2.01724,2.01786,1.07,1.07
2015.03.04 13:50:19.245,2.01724,2.01786,1.15,1.00
2015.03.04 13:50:19.848,2.01732,2.01786,1.00,1.00
2015.03.04 13:50:20.150,2.01734,2.01796,1.00,1.15
2015.03.04 13:50:20.468,2.01733,2.01797,1.15,1.00
2015.03.04 13:50:20.821,2.01744,2.01806,1.00,1.15
2015.03.04 13:50:21.505,2.01733,2.01797,1.15,1.00
2015.03.04 13:50:21.608,2.01744,2.01806,1.00,1.15
2015.03.04 13:50:21.817,2.01733,2.01797,1.15,1.00
2015.03.04 13:50:22.068,2.01744,2.01806,1.00,1.15
2015.03.04 13:50:22.572,2.01743,2.01807,1.00,1.15
2015.03.04 13:50:22.774,2.01743,2.01807,1.15,1.00
2015.03.04 13:50:23.026,2.01754,2.01816,1.00,1.15
2015.03.04 13:50:23.479,2.01744,2.01806,1.65,1.00
2015.03.04 13:50:24.007,2.01743,2.01807,1.15,1.00
2015.03.04 13:50:26.090,2.01744,2.01806,1.15,1.00
2015.03.04 13:50:26.192,2.01744,2.01806,1.00,1.15
2015.03.04 13:50:26.343,2.01734,2.01796,1.15,1.00
2015.03.04 13:50:26.495,2.01734,2.01796,1.00,1.15
2015.03.04 13:50:26.990,2.01726,2.01787,1.15,1.00
2015.03.04 13:50:27.342,2.01752,2.01797,1.00,1.15
2015.03.04 13:50:27.443,2.01752,2.01797,1.00,1.00
2015.03.04 13:50:27.544,2.01754,2.01816,1.10,1.17
2015.03.04 13:50:32.840,2.01754,2.01808,1.10,1.00
2015.03.04 13:50:33.345,2.01743,2.01807,2.70,1.00
2015.03.04 13:50:33.546,2.01744,2.01806,1.00,1.10
2015.03.04 13:50:33.697,2.01733,2.01797,1.15,1.00
2015.03.04 13:50:34.208,2.01734,2.01796,1.07,1.00
2015.03.04 13:50:34.259,2.01733,2.01797,1.07,1.07
2015.03.04 13:50:34.579,2.01724,2.01786,1.15,1.00
2015.03.04 13:50:34.682,2.01734,2.01796,1.10,1.10
2015.03.04 13:50:35.037,2.01723,2.01787,2.70,1.00
2015.03.04 13:50:35.352,2.01734,2.01796,1.10,1.10
2015.03.04 13:50:35.663,2.01723,2.01787,2.70,1.00
2015.03.04 13:50:36.225,2.01724,2.01786,1.07,1.00
2015.03.04 13:50:36.275,2.01724,2.01786,1.10,1.07
2015.03.04 13:50:36.980,2.01714,2.01776,1.15,1.00
2015.03.04 13:50:37.389,2.01714,2.01776,1.00,1.07
2015.03.04 13:50:37.440,2.01704,2.01766,1.15,1.00
2015.03.04 13:50:37.798,2.01713,2.01777,1.10,1.17
2015.03.04 13:50:38.008,2.01703,2.01767,1.15,1.00
2015.03.04 13:50:38.217,2.01714,2.01776,1.00,1.07
2015.03.04 13:50:40.635,2.01713,2.01777,1.10,1.17
2015.03.04 13:50:41.088,2.01713,2.01767,1.10,1.00
2015.03.04 13:50:42.263,2.01714,2.01766,1.00,1.00
2015.03.04 13:50:42.770,2.01705,2.01767,1.15,1.00
2015.03.04 13:50:47.913,2.01704,2.01766,1.15,1.00
2015.03.04 13:50:48.244,2.01704,2.01766,1.00,1.10
2015.03.04 13:50:48.546,2.01701,2.01756,1.17,1.00
2015.03.04 13:50:52.941,2.01704,2.01766,1.00,1.10
2015.03.04 13:50:53.175,2.01694,2.01756,1.15,1.00
2015.03.04 13:50:53.893,2.01704,2.01766,1.00,1.10
2015.03.04 13:50:53.943,2.01704,2.01755,1.00,1.00
2015.03.04 13:50:54.246,2.01694,2.01752,1.15,1.00
2015.03.04 13:50:54.469,2.01694,2.01756,1.15,1.00
2015.03.04 13:50:59.537,2.01704,2.01766,2.62,1.10
2015.03.04 13:50:59.789,2.01744,2.01806,1.10,1.00
2015.03.04 13:50:59.991,2.01734,2.01796,1.15,1.00
2015.03.04 13:51:00.627,2.01733,2.01786,1.95,1.00
2015.03.04 13:51:01.237,2.01724,2.01786,1.15,1.00
2015.03.04 13:51:01.338,2.01733,2.01797,1.00,1.15
2015.03.04 13:51:01.439,2.01724,2.01786,1.00,1.15
2015.03.04 13:51:01.963,2.01714,2.01776,1.15,1.00
2015.03.04 13:51:03.707,2.01713,2.01777,1.15,1.00
2015.03.04 13:51:03.942,2.01713,2.01772,1.00,1.10
2015.03.04 13:51:04.043,2.01713,2.01767,1.00,1.00
2015.03.04 13:51:04.194,2.01704,2.01766,1.15,1.00
2015.03.04 13:51:04.510,2.01703,2.01763,1.15,1.00
2015.03.04 13:51:04.857,2.01714,2.01768,1.00,1.00
2015.03.04 13:51:04.958,2.01714,2.01774,1.00,1.17
2015.03.04 13:51:05.654,2.01712,2.01766,1.00,1.00
2015.03.04 13:51:05.704,2.01713,2.01769,1.00,1.00
2015.03.04 13:51:06.227,2.01713,2.0177,1.00,1.00
2015.03.04 13:51:06.278,2.01713,2.01772,1.00,1.10
2015.03.04 13:51:07.228,2.01714,2.01766,1.00,1.00
2015.03.04 13:51:08.354,2.01703,2.01764,1.15,1.00
2015.03.04 13:51:08.455,2.01703,2.01764,1.00,1.07
2015.03.04 13:51:08.556,2.01704,2.01758,1.00,1.00
2015.03.04 13:51:08.908,2.01703,2.01755,1.00,1.00
2015.03.04 13:51:09.537,2.01702,2.01754,1.00,1.00
2015.03.04 13:51:10.659,2.01702,2.01753,1.00,1.00
2015.03.04 13:51:11.180,2.01701,2.01753,1.10,1.00
2015.03.04 13:51:12.775,2.01701,2.01752,1.10,1.00
2015.03.04 13:51:13.949,2.01704,2.01752,1.00,1.00
2015.03.04 13:51:14.093,2.01701,2.01755,1.10,1.00
2015.03.04 13:51:14.284,2.01703,2.01755,1.00,1.00
2015.03.04 13:51:17.347,2.01711,2.01755,1.00,1.00
2015.03.04 13:51:18.258,2.01703,2.01755,1.00,1.00
2015.03.04 13:51:19.106,2.01703,2.01748,1.00,1.00
2015.03.04 13:51:19.358,2.01693,2.01749,1.15,1.00
2015.03.04 13:51:19.767,2.01704,2.01749,1.00,1.00
2015.03.04 13:51:19.906,2.01693,2.01749,1.15,1.00
2015.03.04 13:51:21.983,2.01693,2.01748,1.15,1.00
2015.03.04 13:51:23.169,2.01693,2.01755,1.15,1.00
2015.03.04 13:51:23.220,2.01703,2.01755,1.00,1.00
2015.03.04 13:51:23.547,2.01693,2.01749,1.15,1.00
2015.03.04 13:51:25.198,2.01693,2.0175,1.15,1.00
2015.03.04 13:51:25.349,2.01693,2.01747,1.00,1.00
2015.03.04 13:51:25.523,2.01693,2.01749,1.00,1.00
2015.03.04 13:51:25.624,2.01694,2.01751,1.00,1.00
2015.03.04 13:51:25.740,2.01694,2.01749,1.00,1.00
2015.03.04 13:51:26.322,2.01704,2.01751,1.00,1.00
2015.03.04 13:51:27.136,2.01704,2.01749,1.00,1.00
2015.03.04 13:51:27.690,2.01704,2.0175,1.00,1.00
2015.03.04 13:51:32.018,2.01693,2.01745,1.00,1.00
2015.03.04 13:51:32.118,2.01693,2.01748,1.00,1.00
2015.03.04 13:51:32.320,2.01684,2.01745,1.15,1.00
2015.03.04 13:51:32.471,2.01683,2.01739,1.00,1.00
2015.03.04 13:51:32.572,2.01683,2.01736,1.00,1.00
2015.03.04 13:51:32.874,2.01683,2.01735,1.00,1.17
2015.03.04 13:51:33.195,2.01683,2.0173,1.00,1.00
2015.03.04 13:51:33.447,2.01673,2.0173,1.00,1.00
2015.03.04 13:51:33.881,2.01673,2.01728,1.00,1.00
2015.03.04 13:51:35.494,2.01673,2.01719,1.00,1.00
2015.03.04 13:51:35.544,2.01653,2.01706,1.00,1.00
2015.03.04 13:51:35.645,2.01653,2.01704,1.00,1.00
2015.03.04 13:51:36.194,2.01653,2.01708,1.00,1.00
2015.03.04 13:51:37.477,2.01653,2.01709,1.00,1.00
2015.03.04 13:51:37.807,2.01653,2.01706,1.00,1.00
2015.03.04 13:51:37.958,2.01653,2.01709,1.00,1.00
2015.03.04 13:51:38.361,2.01654,2.01715,1.00,1.15
2015.03.04 13:51:38.462,2.01654,2.01715,1.15,1.00
2015.03.04 13:51:38.969,2.01654,2.01716,1.15,1.00
2015.03.04 13:51:39.503,2.01654,2.01715,1.15,1.00
2015.03.04 13:51:40.006,2.01654,2.01713,1.15,1.00
2015.03.04 13:51:40.650,2.01654,2.01714,1.15,1.00
2015.03.04 13:51:41.546,2.01654,2.01716,1.15,1.00
2015.03.04 13:51:43.463,2.01663,2.01719,1.00,1.00
2015.03.04 13:51:43.884,2.01663,2.01717,1.00,1.00
2015.03.04 13:51:44.121,2.01663,2.01719,1.00,1.00
2015.03.04 13:51:44.222,2.01663,2.01727,1.00,1.15
2015.03.04 13:51:44.905,2.01674,2.01726,1.00,1.07
2015.03.04 13:51:44.958,2.01674,2.01726,1.00,1.00
2015.03.04 13:51:45.077,2.01673,2.01732,1.00,1.17
2015.03.04 13:51:45.128,2.01673,2.01732,1.07,1.10
2015.03.04 13:51:45.178,2.01684,2.01739,1.00,1.10
2015.03.04 13:51:45.692,2.01684,2.01738,1.00,1.00
2015.03.04 13:51:45.743,2.01674,2.01735,1.15,1.00
2015.03.04 13:51:46.523,2.01674,2.01736,1.15,1.50
2015.03.04 13:51:47.629,2.01684,2.01738,1.00,1.00
2015.03.04 13:51:48.626,2.01684,2.01734,1.00,1.00
2015.03.04 13:51:48.727,2.01674,2.01734,1.15,1.00
2015.03.04 13:51:51.154,2.01673,2.01727,1.15,1.00
2015.03.04 13:51:51.255,2.01673,2.01727,1.07,1.00
2015.03.04 13:51:51.306,2.01673,2.01727,1.00,1.00
2015.03.04 13:51:51.845,2.01673,2.01726,1.00,1.00
2015.03.04 13:51:53.096,2.01673,2.01723,1.00,1.00
2015.03.04 13:51:53.666,2.01674,2.01725,1.00,1.00
2015.03.04 13:51:53.772,2.01674,2.01728,1.00,1.00
2015.03.04 13:51:54.086,2.01674,2.0173,1.00,1.10
2015.03.04 13:51:54.137,2.01664,2.01726,1.15,1.00
2015.03.04 13:51:54.339,2.01674,2.01726,1.00,1.00
2015.03.04 13:51:54.541,2.01664,2.01726,1.15,1.50
2015.03.04 13:51:54.751,2.01664,2.01723,1.15,1.00
2015.03.04 13:51:55.064,2.01663,2.01718,1.15,1.00
2015.03.04 13:51:55.566,2.01663,2.01719,1.15,1.00
2015.03.04 13:51:55.667,2.01663,2.01721,1.15,1.00
2015.03.04 13:51:55.718,2.01674,2.01721,1.00,1.00
2015.03.04 13:51:55.869,2.01673,2.01723,1.00,1.00
2015.03.04 13:51:55.970,2.01673,2.01726,1.00,1.00
2015.03.04 13:51:56.205,2.01674,2.01719,1.00,1.00
2015.03.04 13:51:56.469,2.01654,2.01716,1.15,1.00
2015.03.04 13:51:56.519,2.01654,2.01708,1.15,1.00
2015.03.04 13:51:56.727,2.01654,2.01712,1.15,1.00
2015.03.04 13:51:56.979,2.01653,2.01717,1.15,1.00
2015.03.04 13:51:57.181,2.01654,2.01715,1.15,1.00
2015.03.04 13:51:57.533,2.01664,2.01719,1.00,1.50
2015.03.04 13:51:57.743,2.01664,2.01723,1.00,1.15
2015.03.04 13:51:57.844,2.01663,2.01718,1.00,1.00
2015.03.04 13:51:58.488,2.01663,2.01712,1.00,1.00
2015.03.04 13:51:59.409,2.01663,2.01713,1.00,1.00
2015.03.04 13:51:59.850,2.01663,2.01716,1.00,1.00
2015.03.04 13:52:00.163,2.01663,2.01713,1.00,1.00
2015.03.04 13:52:00.478,2.01663,2.01711,1.00,1.00
2015.03.04 13:52:00.734,2.01663,2.01714,1.00,1.00
2015.03.04 13:52:00.948,2.01663,2.01711,1.00,1.00
2015.03.04 13:52:01.481,2.01663,2.01712,1.00,1.00
2015.03.04 13:52:02.038,2.01663,2.01709,1.00,1.00
2015.03.04 13:52:02.139,2.01663,2.01716,1.00,1.00
2015.03.04 13:52:02.706,2.01663,2.01721,1.00,1.10
2015.03.04 13:52:03.014,2.01663,2.01719,1.00,1.00
2015.03.04 13:52:04.523,2.01664,2.01726,1.15,1.00
2015.03.04 13:52:04.573,2.01673,2.01728,1.00,1.00
2015.03.04 13:52:05.305,2.01673,2.0173,1.00,1.10
2015.03.04 13:52:05.570,2.01673,2.01727,1.00,1.00
2015.03.04 13:52:05.746,2.01673,2.01729,1.00,1.00
2015.03.04 13:52:06.104,2.01673,2.01723,1.00,1.00
2015.03.04 13:52:07.066,2.01673,2.01726,1.00,1.00
2015.03.04 13:52:09.189,2.01673,2.01727,1.00,1.00
2015.03.04 13:52:09.710,2.01673,2.01728,1.00,1.00
2015.03.04 13:52:10.066,2.01674,2.01719,1.00,1.00
2015.03.04 13:52:10.543,2.01664,2.01719,1.15,1.00
2015.03.04 13:52:10.956,2.01674,2.01722,1.00,1.00
2015.03.04 13:52:11.070,2.01663,2.01718,1.15,1.00
2015.03.04 13:52:11.322,2.01673,2.01718,1.00,1.00
2015.03.04 13:52:11.813,2.01673,2.01721,1.00,1.00
2015.03.04 13:52:12.173,2.01673,2.01735,1.00,1.15
2015.03.04 13:52:12.720,2.01673,2.01727,1.00,1.00
2015.03.04 13:52:13.835,2.01673,2.01725,1.00,1.00
2015.03.04 13:52:14.146,2.01673,2.01721,1.00,1.00
2015.03.04 13:52:14.247,2.01673,2.01724,1.00,1.00
2015.03.04 13:52:14.435,2.01673,2.01726,1.00,1.00
2015.03.04 13:52:15.536,2.01673,2.01729,1.00,1.00
2015.03.04 13:52:16.044,2.01673,2.01731,1.00,1.17
2015.03.04 13:52:16.358,2.01683,2.01736,1.00,1.15
2015.03.04 13:52:16.409,2.01683,2.01736,1.00,1.00
2015.03.04 13:52:16.510,2.01683,2.01745,1.00,1.15
2015.03.04 13:52:17.040,2.01684,2.01744,1.00,1.15
2015.03.04 13:52:17.551,2.01684,2.01738,1.00,1.00
2015.03.04 13:52:19.150,2.01663,2.01696,1.00,1.00
2015.03.04 13:52:19.201,2.01634,2.01696,1.15,1.00
2015.03.04 13:52:19.252,2.01642,2.01697,1.00,1.00
2015.03.04 13:52:19.353,2.01634,2.01696,1.15,1.00
2015.03.04 13:52:19.403,2.01634,2.01681,1.00,1.00
2015.03.04 13:52:19.454,2.01623,2.01681,1.15,1.00
2015.03.04 13:52:19.504,2.01623,2.01684,1.00,1.15
2015.03.04 13:52:19.807,2.01611,2.01666,1.15,1.00
2015.03.04 13:52:20.149,2.01611,2.01666,1.00,1.10
2015.03.04 13:52:20.200,2.01611,2.01661,1.00,1.00
2015.03.04 13:52:20.512,2.01611,2.01659,1.00,1.00
2015.03.04 13:52:21.132,2.01612,2.01659,1.00,1.00
2015.03.04 13:52:21.462,2.01612,2.01657,1.00,1.00
2015.03.04 13:52:22.553,2.01611,2.01657,1.00,1.00
2015.03.04 13:52:23.896,2.01611,2.01666,1.00,1.10
2015.03.04 13:52:23.997,2.01615,2.01666,1.87,1.00
2015.03.04 13:52:24.048,2.01623,2.01679,1.07,2.62
2015.03.04 13:52:24.149,2.01631,2.01674,1.00,1.00
2015.03.04 13:52:24.199,2.01633,2.01674,1.00,1.00
2015.03.04 13:52:24.351,2.01632,2.0168,1.00,1.00
2015.03.04 13:52:24.864,2.01633,2.0168,1.00,1.00
2015.03.04 13:52:24.915,2.01633,2.01678,1.00,1.00
2015.03.04 13:52:25.781,2.01633,2.01681,1.00,1.00
2015.03.04 13:52:26.096,2.01633,2.01684,1.00,1.00
2015.03.04 13:52:26.197,2.01631,2.01684,1.00,1.00
2015.03.04 13:52:26.549,2.01632,2.0168,1.00,1.00
2015.03.04 13:52:26.976,2.01632,2.01683,1.00,1.00
2015.03.04 13:52:27.246,2.01633,2.01687,1.00,1.07
2015.03.04 13:52:27.447,2.01634,2.01686,1.07,1.00
2015.03.04 13:52:27.598,2.01634,2.01693,1.07,1.00
2015.03.04 13:52:30.385,2.01633,2.0169,1.17,1.00
2015.03.04 13:52:31.176,2.01633,2.01692,1.17,1.00
2015.03.04 13:52:31.895,2.01633,2.01687,1.17,1.00
2015.03.04 13:52:32.405,2.01631,2.01686,1.15,1.00
2015.03.04 13:52:36.050,2.01624,2.01686,1.15,1.00
2015.03.04 13:52:36.101,2.01624,2.01686,1.15,1.00
2015.03.04 13:52:37.285,2.01623,2.01687,1.15,1.00
2015.03.04 13:52:37.386,2.01632,2.01687,1.00,1.00
2015.03.04 13:52:37.539,2.01634,2.01696,1.17,1.00
2015.03.04 13:52:38.112,2.01633,2.01697,1.15,1.00
2015.03.04 13:52:39.492,2.01633,2.01695,1.15,1.00
2015.03.04 13:52:42.010,2.01633,2.01692,1.15,1.00
2015.03.04 13:52:44.396,2.01633,2.01697,1.15,1.00
2015.03.04 13:52:44.749,2.01624,2.01686,1.17,1.00
2015.03.04 13:52:45.427,2.01624,2.01686,1.07,1.07
2015.03.04 13:52:45.477,2.01624,2.01686,1.00,1.15
2015.03.04 13:52:45.830,2.01614,2.01676,1.15,1.00
2015.03.04 13:52:46.283,2.01624,2.01686,1.00,1.15
2015.03.04 13:52:46.586,2.01614,2.01675,1.00,1.15
2015.03.04 13:52:46.787,2.01603,2.01667,1.00,1.65
2015.03.04 13:52:48.555,2.01603,2.01666,1.15,1.00
2015.03.04 13:52:48.605,2.01601,2.01657,1.15,1.00
2015.03.04 13:52:48.841,2.01603,2.01664,1.15,1.00
2015.03.04 13:52:49.044,2.01603,2.01667,1.15,1.00
2015.03.04 13:52:49.145,2.01613,2.01671,1.00,1.15
2015.03.04 13:52:51.149,2.01614,2.01665,1.00,1.00
2015.03.04 13:52:51.303,2.01603,2.01656,1.00,1.07
2015.03.04 13:52:51.564,2.01584,2.01646,1.15,1.00
2015.03.04 13:52:51.917,2.01593,2.0165,1.00,1.00
2015.03.04 13:52:52.018,2.01593,2.01648,1.00,1.00
2015.03.04 13:52:52.220,2.01593,2.01653,1.00,1.00
2015.03.04 13:52:52.695,2.01594,2.01655,1.00,1.10
2015.03.04 13:52:53.212,2.01593,2.01657,1.00,1.17
2015.03.04 13:52:53.566,2.01601,2.01657,1.00,1.17
2015.03.04 13:52:54.091,2.01594,2.01646,1.00,1.00
2015.03.04 13:52:54.306,2.01591,2.01647,1.07,1.00
2015.03.04 13:52:55.294,2.01591,2.01646,1.07,1.00
2015.03.04 13:52:55.978,2.01593,2.01647,1.00,1.00
2015.03.04 13:52:56.295,2.01594,2.01655,1.00,1.10
2015.03.04 13:52:59.150,2.01602,2.01656,1.00,1.07
2015.03.04 13:52:59.585,2.01594,2.01656,1.00,1.07
2015.03.04 13:53:01.445,2.01592,2.01647,1.10,1.00
2015.03.04 13:53:01.697,2.01594,2.01656,1.00,1.07
2015.03.04 13:53:03.294,2.01601,2.01656,1.00,1.07
2015.03.04 13:53:03.495,2.01603,2.01667,1.15,1.00
2015.03.04 13:53:03.998,2.01604,2.01666,1.17,1.00
2015.03.04 13:53:04.649,2.01604,2.01665,1.17,1.00
2015.03.04 13:53:05.181,2.01604,2.01666,1.17,1.00
2015.03.04 13:53:05.637,2.01613,2.01677,1.00,1.15
2015.03.04 13:53:05.738,2.01613,2.01677,1.15,1.00
2015.03.04 13:53:06.438,2.01621,2.01677,1.00,1.00
2015.03.04 13:53:08.030,2.01621,2.01677,1.15,1.00
2015.03.04 13:53:11.357,2.01614,2.01676,1.10,1.10
2015.03.04 13:53:14.712,2.01613,2.01677,2.70,1.00
2015.03.04 13:53:15.220,2.01624,2.01686,1.10,1.07
2015.03.04 13:53:22.823,2.01613,2.01677,2.70,1.00
2015.03.04 13:53:26.975,2.01624,2.01686,1.10,1.57
2015.03.04 13:53:27.583,2.01623,2.01687,2.70,1.00
2015.03.04 13:53:27.886,2.01623,2.01697,2.70,1.15
2015.03.04 13:53:30.395,2.01631,2.01686,1.15,1.00
2015.03.04 13:53:40.755,2.01627,2.01697,1.15,1.15
2015.03.04 13:53:45.255,2.01625,2.01687,1.15,1.00
2015.03.04 13:53:47.735,2.01625,2.01687,1.15,1.00
2015.03.04 13:53:49.846,2.01625,2.01696,1.15,1.17
2015.03.04 13:53:50.520,2.01633,2.01697,1.00,1.15
2015.03.04 13:53:51.635,2.01633,2.01706,1.07,1.87
2015.03.04 13:53:51.685,2.01633,2.01707,2.70,1.10
2015.03.04 13:53:59.193,2.01634,2.01706,1.15,1.00
2015.03.04 13:54:01.224,2.01633,2.01707,2.70,1.10
2015.03.04 13:54:06.919,2.01633,2.01697,2.70,1.00
2015.03.04 13:54:07.440,2.01634,2.01696,1.15,1.00
2015.03.04 13:54:08.365,2.01643,2.01707,1.07,1.10
2015.03.04 13:54:10.634,2.01644,2.01706,1.10,1.00
2015.03.04 13:54:11.738,2.01644,2.01706,1.17,1.00
2015.03.04 13:54:12.661,2.01643,2.01707,1.15,1.00
2015.03.04 13:54:13.741,2.01658,2.01707,1.00,1.00
2015.03.04 13:54:13.942,2.01684,2.01746,1.00,1.15
2015.03.04 13:54:14.194,2.01693,2.01755,1.00,1.95
2015.03.04 13:54:14.446,2.01693,2.01757,1.10,1.15
2015.03.04 13:54:14.597,2.01704,2.01764,1.00,1.95
2015.03.04 13:54:14.949,2.01694,2.01756,1.00,1.17
2015.03.04 13:54:15.472,2.01693,2.01757,1.10,1.15
2015.03.04 13:54:15.938,2.01697,2.01756,1.00,1.17
2015.03.04 13:54:16.251,2.01704,2.01764,1.00,1.95
2015.03.04 13:54:16.360,2.01693,2.01757,1.57,1.15
2015.03.04 13:54:16.622,2.01703,2.01764,1.00,1.95
2015.03.04 13:54:16.723,2.01694,2.01756,1.00,1.17
2015.03.04 13:54:22.407,2.01684,2.01746,1.15,1.00
2015.03.04 13:54:22.558,2.01693,2.01757,1.10,1.15
2015.03.04 13:54:22.759,2.01684,2.01746,1.15,1.00
2015.03.04 13:54:23.552,2.01693,2.01757,1.10,1.15
2015.03.04 13:54:25.030,2.01704,2.01766,1.00,1.17
2015.03.04 13:54:25.358,2.01713,2.01775,1.00,1.95
2015.03.04 13:54:25.721,2.01704,2.01766,1.00,1.17
2015.03.04 13:54:26.179,2.01714,2.01775,1.00,1.95
2015.03.04 13:54:26.280,2.01704,2.01766,1.00,1.17
2015.03.04 13:54:26.382,2.01714,2.01775,1.00,1.95
2015.03.04 13:54:27.386,2.01713,2.01774,1.00,1.15
2015.03.04 13:54:27.588,2.01703,2.01767,1.00,1.15
2015.03.04 13:54:27.688,2.01713,2.01775,1.00,1.95
2015.03.04 13:54:28.192,2.01714,2.01776,1.00,1.17
2015.03.04 13:54:28.496,2.01723,2.01777,1.00,1.15
2015.03.04 13:54:29.008,2.01724,2.01776,1.00,1.17
2015.03.04 13:54:29.883,2.01723,2.01784,1.00,1.95
2015.03.04 13:54:30.559,2.01724,2.01776,1.00,1.17
2015.03.04 13:54:31.094,2.01723,2.01777,1.00,1.15
2015.03.04 13:54:31.457,2.01713,2.01777,1.10,1.15
2015.03.04 13:54:31.558,2.01724,2.01784,1.00,1.95
2015.03.04 13:54:32.011,2.01723,2.01787,1.00,1.15
2015.03.04 13:54:32.457,2.01724,2.01776,1.00,1.00
2015.03.04 13:54:32.558,2.01713,2.01777,1.00,1.15
2015.03.04 13:54:33.293,2.01714,2.01776,1.00,1.15
2015.03.04 13:54:33.504,2.01714,2.01773,1.00,1.95
2015.03.04 13:54:34.639,2.01704,2.01766,1.00,1.15
2015.03.04 13:54:34.840,2.01714,2.01773,1.00,1.95
2015.03.04 13:54:34.993,2.01703,2.01767,1.00,1.15
2015.03.04 13:54:35.194,2.01714,2.01773,1.00,1.95
2015.03.04 13:54:35.318,2.01704,2.01766,1.00,1.15
2015.03.04 13:54:38.288,2.01704,2.01764,1.00,1.95
2015.03.04 13:54:39.572,2.01703,2.01767,1.00,1.15
2015.03.04 13:54:41.363,2.01693,2.01757,1.00,1.15
2015.03.04 13:54:41.874,2.01704,2.01762,1.00,1.95
2015.03.04 13:54:42.025,2.01694,2.01756,1.00,1.15
2015.03.04 13:54:42.540,2.01693,2.01757,1.00,1.15
2015.03.04 13:54:42.692,2.01704,2.01762,1.00,1.95
2015.03.04 13:54:43.195,2.01703,2.01762,1.00,1.95
2015.03.04 13:54:44.101,2.01694,2.01756,1.00,1.15
2015.03.04 13:54:44.202,2.01701,2.01756,1.00,1.15
2015.03.04 13:54:44.303,2.01694,2.01756,1.00,1.15
2015.03.04 13:54:46.273,2.01693,2.01757,1.00,1.15
2015.03.04 13:54:46.798,2.01694,2.01756,1.00,1.15
2015.03.04 13:54:47.303,2.01693,2.01757,1.00,1.15
2015.03.04 13:54:48.976,2.01694,2.01756,1.00,1.15
2015.03.04 13:54:49.179,2.01703,2.01762,1.00,1.95
2015.03.04 13:54:49.230,2.01703,2.01767,1.00,1.15
2015.03.04 13:54:49.734,2.01704,2.01766,1.00,1.15
2015.03.04 13:54:50.241,2.01703,2.01767,1.00,1.15
2015.03.04 13:54:50.709,2.01703,2.01767,1.07,1.07
2015.03.04 13:54:50.760,2.01703,2.01767,1.15,1.00
2015.03.04 13:54:50.921,2.01713,2.01777,1.00,1.15
2015.03.04 13:54:51.130,2.01714,2.01776,1.15,1.00
2015.03.04 13:54:51.234,2.01723,2.01787,1.00,1.15
2015.03.04 13:54:51.335,2.01714,2.01776,1.15,1.00
2015.03.04 13:54:51.853,2.01713,2.01777,1.15,1.00
2015.03.04 13:54:52.364,2.01714,2.01776,1.15,1.00
2015.03.04 13:54:52.484,2.01723,2.01787,1.00,1.15
2015.03.04 13:54:52.686,2.01714,2.01776,1.15,1.00
2015.03.04 13:54:54.316,2.01723,2.01787,1.00,1.15
2015.03.04 13:54:57.494,2.01724,2.01786,1.00,1.15
2015.03.04 13:54:57.843,2.01723,2.01777,1.00,1.15
2015.03.04 13:54:57.933,2.01714,2.01776,1.00,1.15
2015.03.04 13:54:58.203,2.01706,2.01767,1.10,1.10
2015.03.04 13:54:58.304,2.01714,2.01774,1.00,1.15
2015.03.04 13:54:58.525,2.01703,2.01767,1.15,1.10
2015.03.04 13:54:58.626,2.01714,2.01766,1.00,1.00
2015.03.04 13:54:58.728,2.01703,2.01767,1.15,1.10
2015.03.04 13:54:58.837,2.01712,2.01766,1.00,1.00
2015.03.04 13:54:59.157,2.01714,2.01776,1.00,1.65
2015.03.04 13:54:59.443,2.01704,2.01766,1.17,1.00
2015.03.04 13:54:59.493,2.01704,2.01766,1.00,1.15
2015.03.04 13:55:00.055,2.01713,2.01769,1.00,1.95
2015.03.04 13:55:04.686,2.01713,2.01777,1.00,1.15
2015.03.04 13:55:05.416,2.01714,2.01776,1.00,1.15
2015.03.04 13:55:06.547,2.01724,2.01779,1.00,1.95
2015.03.04 13:55:09.013,2.01714,2.01776,1.00,1.15
2015.03.04 13:55:09.265,2.01704,2.01766,1.00,1.15
2015.03.04 13:55:09.416,2.01694,2.01756,1.15,1.00
2015.03.04 13:55:09.526,2.01704,2.01756,1.00,1.00
2015.03.04 13:55:09.729,2.01693,2.01757,1.15,1.10
2015.03.04 13:55:09.880,2.01694,2.01756,1.00,1.15
2015.03.04 13:55:09.931,2.01684,2.01746,1.17,1.00
2015.03.04 13:55:10.372,2.01693,2.01757,1.00,1.15
2015.03.04 13:55:10.835,2.01694,2.01746,1.00,1.00
2015.03.04 13:55:10.959,2.01694,2.01755,1.00,1.15
2015.03.04 13:55:11.063,2.01694,2.01746,1.00,1.00
2015.03.04 13:55:11.169,2.01683,2.01747,1.15,1.00
2015.03.04 13:55:11.271,2.01694,2.01756,1.00,1.15
2015.03.04 13:55:11.478,2.01683,2.01747,1.15,1.00
2015.03.04 13:55:11.586,2.01694,2.01756,1.00,1.65
2015.03.04 13:55:12.039,2.01683,2.01747,1.15,1.00
2015.03.04 13:55:12.241,2.01676,2.01736,1.95,1.00
2015.03.04 13:55:12.505,2.01674,2.01736,1.15,1.00
2015.03.04 13:55:13.372,2.01673,2.01737,1.15,1.00
2015.03.04 13:55:13.775,2.01675,2.01737,1.95,1.00
2015.03.04 13:55:13.926,2.01684,2.01746,1.17,1.00
2015.03.04 13:55:14.232,2.01693,2.01757,1.00,1.15
2015.03.04 13:55:14.749,2.01694,2.01756,1.00,1.15
2015.03.04 13:55:15.181,2.01694,2.01756,1.07,1.07
2015.03.04 13:55:15.232,2.01694,2.01756,1.15,1.00
2015.03.04 13:55:15.999,2.01694,2.01746,1.07,1.00
2015.03.04 13:55:16.049,2.01694,2.01746,1.00,1.00
2015.03.04 13:55:16.425,2.01694,2.01756,1.00,1.65
2015.03.04 13:55:23.522,2.01693,2.01757,1.00,1.15
2015.03.04 13:55:25.466,2.01704,2.01756,1.00,1.15
2015.03.04 13:55:32.837,2.01703,2.01759,1.00,1.95
2015.03.04 13:55:36.105,2.01703,2.01767,1.00,1.15
2015.03.04 13:55:37.803,2.01704,2.01764,1.00,1.15
2015.03.04 13:55:37.907,2.01693,2.01757,1.15,1.10
2015.03.04 13:55:38.411,2.01694,2.01756,1.17,1.00
2015.03.04 13:55:38.675,2.01704,2.01766,1.00,1.15
2015.03.04 13:55:39.094,2.01693,2.01757,1.15,1.10
2015.03.04 13:55:40.765,2.01694,2.01756,1.17,1.00
2015.03.04 13:55:40.865,2.01703,2.01757,1.00,1.10
2015.03.04 13:55:41.017,2.01704,2.01766,1.07,1.10
2015.03.04 13:55:41.284,2.01703,2.01757,1.17,1.00
2015.03.04 13:55:41.389,2.01703,2.01767,1.17,1.07
2015.03.04 13:55:41.850,2.01704,2.01756,1.07,1.00
2015.03.04 13:55:42.056,2.01704,2.01766,1.07,1.10
2015.03.04 13:55:42.469,2.01704,2.01766,1.07,1.17
2015.03.04 13:55:42.721,2.01694,2.01756,1.07,1.10
2015.03.04 13:55:42.822,2.01703,2.01757,1.00,1.07
2015.03.04 13:55:43.375,2.01693,2.01757,1.07,1.07
2015.03.04 13:55:43.583,2.01703,2.01757,1.00,1.07
2015.03.04 13:55:44.250,2.01693,2.01757,1.07,1.07
2015.03.04 13:55:44.352,2.01704,2.01765,1.00,1.15
2015.03.04 13:55:44.914,2.01694,2.01756,1.07,1.10
2015.03.04 13:55:46.208,2.01693,2.01755,1.07,1.07
2015.03.04 13:55:46.992,2.01693,2.01757,1.00,1.15
2015.03.04 13:55:48.553,2.01694,2.01746,1.00,1.00
2015.03.04 13:55:48.654,2.01684,2.01746,1.10,1.00
2015.03.04 13:55:55.423,2.01684,2.01745,1.10,1.00
2015.03.04 13:55:55.674,2.01674,2.01736,1.15,1.00
2015.03.04 13:55:55.775,2.01674,2.01736,1.07,1.00
2015.03.04 13:55:56.027,2.01683,2.01743,1.00,1.15
2015.03.04 13:55:56.128,2.01673,2.01737,1.17,1.10
2015.03.04 13:55:56.681,2.01674,2.01736,1.07,1.00
2015.03.04 13:55:56.782,2.01684,2.01746,1.00,1.65
2015.03.04 13:56:00.326,2.01673,2.01737,1.17,1.10
2015.03.04 13:56:00.427,2.01683,2.01747,1.00,1.15
2015.03.04 13:56:00.729,2.01674,2.01736,2.70,1.00
2015.03.04 13:56:01.484,2.01674,2.01737,1.95,1.00
2015.03.04 13:56:01.635,2.01674,2.01736,1.17,1.10
2015.03.04 13:56:01.736,2.01684,2.01746,1.00,1.15
2015.03.04 13:56:01.937,2.01664,2.01726,1.00,1.65
2015.03.04 13:56:02.189,2.01673,2.01727,1.00,1.15
2015.03.04 13:56:02.541,2.01674,2.01736,1.00,1.15
2015.03.04 13:56:02.843,2.01683,2.01737,1.00,1.15
2015.03.04 13:56:06.918,2.01673,2.01737,1.00,1.15
2015.03.04 13:56:08.313,2.01674,2.01726,1.00,1.00
2015.03.04 13:56:08.464,2.01663,2.01727,1.65,1.00
2015.03.04 13:56:08.565,2.01664,2.01726,1.00,1.15
2015.03.04 13:56:09.756,2.01663,2.01727,1.00,1.15
2015.03.04 13:56:14.916,2.01664,2.01726,1.00,1.15
2015.03.04 13:56:15.218,2.01674,2.01726,1.00,1.15
2015.03.04 13:56:19.383,2.01674,2.01733,1.00,2.70
2015.03.04 13:56:19.434,2.01664,2.01726,1.07,1.07
2015.03.04 13:56:19.534,2.01664,2.01726,1.15,1.00
2015.03.04 13:56:19.686,2.01673,2.01735,1.00,1.15
2015.03.04 13:56:19.902,2.01663,2.01727,1.15,1.00
2015.03.04 13:56:21.448,2.01664,2.01726,1.15,1.00
2015.03.04 13:56:27.474,2.01664,2.01723,1.07,1.07
2015.03.04 13:56:27.525,2.01664,2.01723,1.00,1.15
2015.03.04 13:56:28.376,2.01653,2.01717,1.07,1.07
2015.03.04 13:56:28.427,2.01653,2.01717,1.00,1.15
2015.03.04 13:56:30.232,2.01664,2.01716,1.00,1.15
2015.03.04 13:56:30.440,2.01654,2.01716,1.00,1.15
2015.03.04 13:56:30.644,2.01663,2.01717,1.00,1.15
2015.03.04 13:56:30.745,2.01663,2.01717,1.00,1.00
2015.03.04 13:56:31.166,2.01663,2.01719,1.00,1.15
2015.03.04 13:56:31.217,2.01653,2.01713,1.07,1.07
2015.03.04 13:56:31.267,2.01653,2.01712,1.00,1.95
2015.03.04 13:56:31.318,2.01644,2.01696,1.07,1.00
2015.03.04 13:56:31.419,2.01643,2.01707,1.00,1.15
2015.03.04 13:56:31.569,2.01643,2.01702,1.57,1.07
2015.03.04 13:56:31.904,2.01637,2.01687,1.95,1.00
2015.03.04 13:56:33.436,2.01634,2.01687,1.87,1.07
2015.03.04 13:56:33.487,2.01614,2.01674,1.15,1.00
2015.03.04 13:56:33.537,2.0161,2.01667,1.95,1.00
2015.03.04 13:56:33.642,2.01614,2.01676,1.15,1.50
2015.03.04 13:56:33.855,2.0161,2.01666,1.95,1.00
2015.03.04 13:56:34.412,2.01613,2.01667,1.15,1.00
2015.03.04 13:56:37.932,2.0161,2.01666,1.95,1.00
2015.03.04 13:56:38.083,2.01604,2.01666,1.15,1.00
2015.03.04 13:56:38.385,2.01603,2.01657,1.15,1.00
2015.03.04 13:56:40.012,2.01603,2.01667,1.15,1.00
2015.03.04 13:56:40.673,2.01613,2.01667,1.00,1.00
2015.03.04 13:56:40.874,2.01613,2.01677,1.15,1.00
2015.03.04 13:56:42.991,2.01613,2.01667,1.15,1.00
2015.03.04 13:56:43.092,2.01613,2.01677,1.15,1.00
2015.03.04 13:56:45.188,2.01614,2.01676,1.15,1.00
2015.03.04 13:56:45.715,2.01613,2.01677,1.15,1.00
2015.03.04 13:56:51.031,2.01614,2.01676,1.15,1.00
2015.03.04 13:56:51.535,2.01613,2.01677,1.15,1.00
2015.03.04 13:56:53.869,2.01623,2.01687,1.00,1.65
2015.03.04 13:56:56.233,2.01623,2.01687,1.15,1.00
2015.03.04 13:56:56.737,2.0162,2.01677,1.95,1.00
2015.03.04 13:56:56.938,2.01624,2.01686,1.00,1.17
2015.03.04 13:56:57.089,2.01615,2.01677,1.15,1.00
2015.03.04 13:57:01.111,2.01614,2.01676,1.15,1.00
2015.03.04 13:57:01.463,2.01623,2.01687,1.10,1.15
2015.03.04 13:57:03.091,2.01624,2.01686,1.00,1.17
2015.03.04 13:57:03.682,2.01623,2.01687,1.10,1.15
2015.03.04 13:57:12.505,2.01623,2.01679,1.10,1.00
2015.03.04 13:57:12.757,2.01614,2.01673,1.00,1.10
2015.03.04 13:57:12.807,2.01603,2.01667,1.15,1.00
2015.03.04 13:57:14.017,2.01604,2.01666,1.00,1.15
2015.03.04 13:57:14.571,2.01614,2.01675,1.00,1.95
2015.03.04 13:57:20.191,2.01613,2.01675,1.00,1.95
2015.03.04 13:57:24.992,2.01614,2.01672,1.00,1.15
2015.03.04 13:57:26.300,2.01603,2.01667,1.00,1.15
2015.03.04 13:57:33.475,2.01603,2.01667,1.07,1.07
2015.03.04 13:57:33.588,2.01603,2.01667,1.15,1.00
2015.03.04 13:57:36.107,2.01604,2.01666,1.15,1.00
2015.03.04 13:57:37.261,2.01611,2.01666,1.00,1.00
2015.03.04 13:57:39.369,2.01614,2.01676,1.00,1.15
2015.03.04 13:57:40.063,2.01604,2.01666,1.65,1.00
2015.03.04 13:57:41.639,2.01613,2.01677,1.00,1.15
2015.03.04 13:57:42.309,2.01614,2.01676,1.00,1.15
2015.03.04 13:57:47.207,2.01613,2.01677,1.00,1.15
2015.03.04 13:57:52.158,2.01614,2.01676,1.00,1.15
2015.03.04 13:57:53.864,2.01614,2.01676,1.00,1.15
2015.03.04 13:57:59.432,2.01611,2.01666,1.10,1.00
2015.03.04 13:57:59.786,2.01614,2.01676,1.00,1.15
2015.03.04 13:58:00.309,2.01613,2.01677,1.00,1.15
2015.03.04 13:58:15.073,2.01603,2.01667,1.15,1.00
2015.03.04 13:58:22.184,2.01594,2.01656,1.15,1.00
2015.03.04 13:58:22.287,2.01594,2.01656,1.00,1.15
2015.03.04 13:58:22.805,2.01593,2.01657,1.00,1.15
2015.03.04 13:58:26.924,2.01594,2.01656,1.00,1.15
2015.03.04 13:58:29.113,2.01584,2.01646,1.15,1.00
2015.03.04 13:58:29.477,2.01594,2.01656,1.00,1.15
2015.03.04 13:58:31.352,2.01593,2.01657,1.00,1.15
2015.03.04 13:58:32.791,2.01593,2.01657,1.07,1.07
2015.03.04 13:58:32.842,2.01593,2.01657,1.15,1.00
2015.03.04 13:58:34.512,2.01604,2.01666,1.00,1.15
2015.03.04 13:58:34.764,2.01594,2.01656,1.15,1.00
2015.03.04 13:58:38.160,2.01594,2.01656,1.00,1.15
2015.03.04 13:58:39.561,2.01584,2.01646,1.15,1.00
2015.03.04 13:58:40.523,2.01584,2.01646,1.00,1.15
2015.03.04 13:58:40.674,2.01593,2.01654,1.00,1.95
2015.03.04 13:58:40.890,2.01583,2.01647,1.00,1.15
2015.03.04 13:58:41.872,2.01573,2.01637,1.15,1.00
2015.03.04 13:58:48.385,2.01574,2.01636,1.15,1.00
2015.03.04 13:58:48.587,2.01583,2.01647,1.00,1.15
2015.03.04 13:58:48.688,2.01583,2.01643,1.00,1.17
2015.03.04 13:58:48.738,2.01574,2.01636,1.00,1.15
2015.03.04 13:58:48.839,2.01563,2.01627,1.15,1.00
2015.03.04 13:58:49.150,2.01574,2.01636,1.00,1.15
2015.03.04 13:58:49.410,2.01574,2.01636,1.15,1.00
2015.03.04 13:58:49.920,2.01573,2.01637,1.65,1.00
2015.03.04 13:58:50.466,2.01583,2.01637,1.00,1.00
2015.03.04 13:58:51.008,2.01574,2.01636,1.65,1.00
2015.03.04 13:58:51.558,2.01573,2.01637,1.65,1.00
2015.03.04 13:58:52.062,2.01576,2.01636,1.15,1.00
2015.03.04 13:58:52.574,2.01573,2.01637,1.65,1.00
2015.03.04 13:58:53.750,2.01584,2.01636,1.00,1.00
2015.03.04 13:58:54.094,2.01582,2.01636,1.10,1.00
2015.03.04 13:58:54.976,2.01575,2.01637,1.15,1.00
2015.03.04 13:58:55.228,2.01583,2.01647,1.00,1.15
2015.03.04 13:59:00.153,2.01584,2.01646,1.00,1.17
2015.03.04 13:59:00.606,2.01583,2.01647,1.07,1.07
2015.03.04 13:59:00.658,2.01583,2.01647,1.15,1.00
2015.03.04 13:59:01.488,2.01583,2.01647,1.07,1.07
2015.03.04 13:59:01.539,2.01583,2.01647,1.00,1.15
2015.03.04 13:59:05.671,2.01584,2.01646,1.00,1.17
2015.03.04 13:59:06.398,2.01583,2.01647,1.00,1.15
2015.03.04 13:59:07.163,2.01574,2.01636,1.15,1.00
2015.03.04 13:59:07.953,2.01571,2.01626,1.95,1.00
2015.03.04 13:59:08.356,2.01564,2.01626,1.15,1.00
2015.03.04 13:59:14.893,2.01563,2.01627,1.15,1.00
2015.03.04 13:59:14.944,2.01573,2.01637,1.00,1.15
2015.03.04 13:59:14.995,2.01563,2.01627,1.15,1.00
2015.03.04 13:59:16.564,2.01564,2.01626,1.15,1.00
2015.03.04 13:59:17.068,2.01563,2.01627,1.15,1.00
2015.03.04 13:59:17.773,2.01561,2.01617,1.95,1.00
2015.03.04 13:59:18.450,2.01553,2.01617,1.15,1.00
2015.03.04 13:59:23.481,2.01564,2.01626,1.00,1.15
2015.03.04 13:59:38.373,2.01564,2.01626,1.00,1.15
2015.03.04 13:59:42.300,2.01567,2.01626,1.00,1.15
2015.03.04 13:59:42.607,2.01577,2.01636,1.95,1.00
2015.03.04 13:59:44.428,2.01575,2.01636,1.95,1.00
2015.03.04 13:59:44.528,2.01574,2.01636,1.15,1.00
2015.03.04 13:59:51.066,2.01569,2.01626,1.15,1.00
2015.03.04 13:59:51.269,2.01564,2.01626,1.15,1.00
2015.03.04 13:59:51.985,2.01563,2.01627,1.15,1.00
2015.03.04 13:59:54.613,2.01564,2.01626,1.15,1.00
2015.03.04 13:59:54.714,2.01557,2.01616,1.95,1.00
2015.03.04 13:59:55.117,2.01555,2.01616,1.95,1.00
2015.03.04 13:59:55.218,2.01554,2.01616,1.15,1.00
2015.03.04 13:59:56.014,2.01553,2.01617,1.15,1.00
2015.03.04 13:59:56.115,2.01557,2.01617,1.87,1.00
2015.03.04 13:59:56.165,2.01563,2.01627,1.15,1.00
2015.03.04 13:59:58.120,2.01564,2.01626,1.15,1.00
2015.03.04 13:59:59.359,2.01564,2.01626,1.07,1.07
2015.03.04 13:59:59.409,2.01564,2.01626,1.00,1.15
