2015.03.03 06:00:11.836,2.03893,2.03957,1.82,1.00
2015.03.03 06:00:12.141,2.03894,2.03956,1.00,1.10
2015.03.03 06:00:12.392,2.03894,2.03946,1.00,1.00
2015.03.03 06:00:27.199,2.03893,2.03957,1.00,2.25
2015.03.03 06:00:27.624,2.03894,2.03946,1.00,1.00
2015.03.03 06:00:28.504,2.03894,2.03956,1.00,1.82
2015.03.03 06:00:39.646,2.03894,2.03956,1.00,1.57
2015.03.03 06:00:49.734,2.03893,2.03947,1.00,1.00
2015.03.03 06:00:51.706,2.03893,2.03947,1.17,1.00
2015.03.03 06:00:51.756,2.03893,2.03957,1.17,1.00
2015.03.03 06:00:52.098,2.03894,2.03946,1.07,1.00
2015.03.03 06:00:52.664,2.03894,2.03946,1.00,1.00
2015.03.03 06:01:39.453,2.03897,2.03946,1.17,1.00
2015.03.03 06:01:39.503,2.03897,2.03956,1.17,1.00
2015.03.03 06:01:39.554,2.03901,2.03956,1.82,1.00
2015.03.03 06:01:39.705,2.03914,2.03966,1.00,1.00
2015.03.03 06:01:40.109,2.03913,2.03977,1.15,1.00
2015.03.03 06:01:40.160,2.03923,2.03977,1.00,1.00
2015.03.03 06:01:41.467,2.03914,2.03976,3.00,1.00
2015.03.03 06:01:42.714,2.03914,2.03976,1.50,1.07
2015.03.03 06:01:42.814,2.03914,2.03976,1.00,1.85
2015.03.03 06:01:43.016,2.03904,2.03956,1.00,1.00
2015.03.03 06:01:44.221,2.03904,2.03956,1.07,1.00
2015.03.03 06:01:44.322,2.03904,2.03966,1.15,1.00
2015.03.03 06:01:44.423,2.03914,2.03966,1.00,1.00
2015.03.03 06:02:01.912,2.03913,2.03977,1.00,2.25
2015.03.03 06:02:03.895,2.03903,2.03967,1.15,1.00
2015.03.03 06:02:04.248,2.03903,2.03967,1.15,1.07
2015.03.03 06:02:04.349,2.03913,2.03967,1.00,1.07
2015.03.03 06:02:14.455,2.03924,2.03974,1.00,1.07
2015.03.03 06:02:14.505,2.03924,2.03976,1.00,1.17
2015.03.03 06:02:15.344,2.03914,2.03976,1.00,1.17
2015.03.03 06:02:15.447,2.03914,2.03976,1.00,1.85
2015.03.03 06:02:17.272,2.03914,2.03976,1.00,1.82
2015.03.03 06:02:17.322,2.03914,2.03976,1.00,1.07
2015.03.03 06:02:19.695,2.03914,2.03974,1.00,1.50
2015.03.03 06:02:20.301,2.03913,2.03967,1.00,1.07
2015.03.03 06:02:30.852,2.03914,2.03974,1.00,1.50
2015.03.03 06:02:39.444,2.03913,2.03974,1.00,1.50
2015.03.03 06:02:39.717,2.03913,2.03975,1.00,1.50
2015.03.03 06:02:39.868,2.03914,2.03966,1.00,1.00
2015.03.03 06:02:49.980,2.03914,2.03976,1.00,2.25
2015.03.03 06:02:51.382,2.03922,2.03976,1.00,2.25
2015.03.03 06:02:51.685,2.03924,2.03976,1.00,1.10
2015.03.03 06:02:54.113,2.03932,2.03976,1.00,1.10
2015.03.03 06:02:54.729,2.03924,2.03976,1.00,1.10
2015.03.03 06:02:58.360,2.03923,2.03984,1.00,1.50
2015.03.03 06:02:58.991,2.03924,2.03984,1.00,1.50
2015.03.03 06:02:59.092,2.03934,2.03984,1.00,1.50
2015.03.03 06:02:59.611,2.03933,2.03984,1.00,1.50
2015.03.03 06:03:00.562,2.03933,2.03987,1.00,1.15
2015.03.03 06:03:04.048,2.03934,2.03991,1.00,1.50
2015.03.03 06:03:09.588,2.03933,2.03991,1.00,1.50
2015.03.03 06:03:14.391,2.03944,2.03991,1.00,1.50
2015.03.03 06:03:14.614,2.03941,2.03986,1.00,1.15
2015.03.03 06:03:14.815,2.03933,2.03987,1.00,1.15
2015.03.03 06:03:14.966,2.03932,2.03977,1.00,1.00
2015.03.03 06:03:15.167,2.03923,2.03977,1.00,1.07
2015.03.03 06:03:15.680,2.03923,2.03977,1.00,1.57
2015.03.03 06:03:15.832,2.03914,2.03966,1.00,1.00
2015.03.03 06:03:15.983,2.03914,2.03966,1.00,1.07
2015.03.03 06:03:16.033,2.03911,2.03967,1.00,1.07
2015.03.03 06:03:16.084,2.03911,2.03967,1.00,1.82
2015.03.03 06:03:16.134,2.03903,2.03967,1.00,1.82
2015.03.03 06:03:16.185,2.03903,2.03957,1.00,1.00
2015.03.03 06:03:16.286,2.03903,2.03967,1.00,1.82
2015.03.03 06:03:16.503,2.03904,2.03956,1.00,1.00
2015.03.03 06:03:16.805,2.03911,2.03947,1.00,1.00
2015.03.03 06:03:16.906,2.03901,2.03947,1.00,1.00
2015.03.03 06:03:17.459,2.03904,2.03956,1.00,1.00
2015.03.03 06:03:17.510,2.03904,2.03966,1.17,1.00
2015.03.03 06:03:17.611,2.03913,2.03967,1.00,1.00
2015.03.03 06:03:17.813,2.03924,2.03986,1.00,1.57
2015.03.03 06:03:17.923,2.03933,2.03987,1.00,1.75
2015.03.03 06:03:17.973,2.03933,2.03987,1.00,1.07
2015.03.03 06:03:18.141,2.03924,2.03986,1.07,1.10
2015.03.03 06:03:18.822,2.03923,2.03987,1.07,1.15
2015.03.03 06:03:19.132,2.03923,2.03977,1.00,1.00
2015.03.03 06:03:19.333,2.03913,2.03977,1.07,1.07
2015.03.03 06:03:19.384,2.03913,2.03977,1.00,1.15
2015.03.03 06:03:19.485,2.03913,2.03967,1.00,1.00
2015.03.03 06:03:19.995,2.03914,2.03966,1.00,1.00
2015.03.03 06:03:22.421,2.03914,2.03976,1.00,1.15
2015.03.03 06:03:23.068,2.03913,2.03977,1.00,1.15
2015.03.03 06:03:27.800,2.03914,2.03976,1.00,1.15
2015.03.03 06:03:35.959,2.03913,2.03977,1.00,1.15
2015.03.03 06:03:36.010,2.03913,2.03977,1.07,1.07
2015.03.03 06:03:36.060,2.03913,2.03977,1.15,1.00
2015.03.03 06:03:43.491,2.03923,2.03987,1.15,1.00
2015.03.03 06:03:44.205,2.03934,2.03986,1.00,1.00
2015.03.03 06:03:45.431,2.03934,2.03996,1.00,2.25
2015.03.03 06:03:45.963,2.03934,2.03986,1.00,1.00
2015.03.03 06:03:48.069,2.03923,2.03987,1.15,1.00
2015.03.03 06:03:51.230,2.03924,2.03986,1.17,1.00
2015.03.03 06:04:01.156,2.03913,2.03977,1.15,1.00
2015.03.03 06:04:01.706,2.03933,2.03995,1.00,1.50
2015.03.03 06:04:01.757,2.03933,2.03997,1.00,1.17
2015.03.03 06:04:01.958,2.03934,2.03996,1.15,1.00
2015.03.03 06:04:02.280,2.03944,2.04006,1.00,1.15
2015.03.03 06:04:02.800,2.03943,2.03997,1.00,1.00
2015.03.03 06:04:02.911,2.03933,2.03997,1.15,1.00
2015.03.03 06:04:02.962,2.03933,2.03997,1.00,1.15
2015.03.03 06:04:06.101,2.03934,2.03986,1.00,1.00
2015.03.03 06:04:06.302,2.03924,2.03986,1.07,1.00
2015.03.03 06:04:06.821,2.03923,2.03987,1.07,1.10
2015.03.03 06:04:08.460,2.03923,2.03987,1.00,1.75
2015.03.03 06:04:08.611,2.03913,2.03977,1.15,1.00
2015.03.03 06:04:09.070,2.03903,2.03967,1.15,1.00
2015.03.03 06:04:09.160,2.03914,2.03976,1.00,1.57
2015.03.03 06:04:09.476,2.03922,2.03976,1.00,1.57
2015.03.03 06:04:09.577,2.03914,2.03976,1.00,1.57
2015.03.03 06:04:10.286,2.03913,2.03977,1.00,1.82
2015.03.03 06:04:11.055,2.03913,2.03967,1.00,1.00
2015.03.03 06:04:12.020,2.03914,2.03976,1.00,1.57
2015.03.03 06:04:12.121,2.03914,2.03976,1.17,1.00
2015.03.03 06:04:21.791,2.03914,2.03976,1.00,1.82
2015.03.03 06:04:22.093,2.03913,2.03967,1.00,1.00
2015.03.03 06:04:22.144,2.03903,2.03967,1.15,1.00
2015.03.03 06:04:28.201,2.03903,2.03967,1.00,1.15
2015.03.03 06:04:28.302,2.03904,2.03956,1.00,1.00
2015.03.03 06:04:30.829,2.03893,2.03957,1.17,1.10
2015.03.03 06:04:31.050,2.03904,2.03956,1.00,1.00
2015.03.03 06:04:34.595,2.03894,2.03956,1.10,1.00
2015.03.03 06:04:46.240,2.03904,2.03956,1.00,1.00
2015.03.03 06:05:09.186,2.03904,2.03956,1.00,1.07
2015.03.03 06:05:25.129,2.03904,2.03956,1.00,1.00
2015.03.03 06:05:25.438,2.03903,2.03967,1.00,1.15
2015.03.03 06:05:25.640,2.03903,2.03967,1.15,1.00
2015.03.03 06:05:25.759,2.03913,2.03967,1.00,1.00
2015.03.03 06:05:26.197,2.03914,2.03976,1.00,1.50
2015.03.03 06:05:26.248,2.03914,2.03976,1.10,1.10
2015.03.03 06:05:30.684,2.03913,2.03967,1.07,1.00
2015.03.03 06:05:30.894,2.03904,2.03966,1.15,1.00
2015.03.03 06:05:31.096,2.03911,2.03966,1.00,1.00
2015.03.03 06:05:33.183,2.03912,2.03966,1.00,1.00
2015.03.03 06:05:36.538,2.03914,2.03966,1.00,1.00
2015.03.03 06:05:36.894,2.03921,2.03966,1.00,1.00
2015.03.03 06:05:39.266,2.03921,2.03976,1.00,1.10
2015.03.03 06:05:39.631,2.03923,2.03977,1.00,1.00
2015.03.03 06:05:39.933,2.03933,2.03987,1.15,1.00
2015.03.03 06:05:40.536,2.03943,2.03997,1.00,1.00
2015.03.03 06:05:41.711,2.03933,2.03987,1.15,1.00
2015.03.03 06:05:41.762,2.03933,2.03987,1.00,1.00
2015.03.03 06:05:42.016,2.03924,2.03986,1.15,1.00
2015.03.03 06:05:42.267,2.03924,2.03986,1.00,1.17
2015.03.03 06:06:01.601,2.03933,2.03987,1.00,1.15
2015.03.03 06:06:02.382,2.03933,2.03987,1.00,1.15
2015.03.03 06:06:02.463,2.03924,2.03986,1.00,1.15
2015.03.03 06:06:12.517,2.03924,2.03984,1.00,1.50
2015.03.03 06:06:12.819,2.03924,2.03973,1.00,1.50
2015.03.03 06:06:12.971,2.03914,2.03973,1.00,1.50
2015.03.03 06:06:13.363,2.03904,2.03966,1.10,1.07
2015.03.03 06:06:13.514,2.03904,2.03956,1.10,1.00
2015.03.03 06:06:15.004,2.03904,2.03956,1.00,2.25
2015.03.03 06:06:21.283,2.03893,2.03956,1.00,1.50
2015.03.03 06:06:22.408,2.03904,2.03956,1.00,2.25
2015.03.03 06:06:25.592,2.03894,2.03956,1.00,2.25
2015.03.03 06:06:28.577,2.03903,2.03956,1.00,1.50
2015.03.03 06:06:29.975,2.03894,2.03956,1.00,2.25
2015.03.03 06:06:30.304,2.03894,2.03946,1.00,1.00
2015.03.03 06:06:30.606,2.03894,2.03946,1.00,1.15
2015.03.03 06:06:30.657,2.03894,2.03946,1.00,1.00
2015.03.03 06:06:31.211,2.03883,2.03947,1.57,1.00
2015.03.03 06:06:31.312,2.03884,2.03936,1.15,1.00
2015.03.03 06:06:31.564,2.03883,2.03937,1.00,1.00
2015.03.03 06:06:32.054,2.03874,2.03936,1.00,1.10
2015.03.03 06:06:33.492,2.03884,2.03936,1.00,1.10
2015.03.03 06:06:34.193,2.03873,2.03937,1.10,1.07
2015.03.03 06:06:39.673,2.03873,2.03927,1.10,1.00
2015.03.03 06:06:40.974,2.03874,2.03926,1.00,1.00
2015.03.03 06:06:41.125,2.03874,2.03936,1.00,1.17
2015.03.03 06:06:49.452,2.03873,2.03927,1.10,1.00
2015.03.03 06:06:50.240,2.03873,2.03937,1.10,1.15
2015.03.03 06:07:05.179,2.03883,2.03937,1.00,1.15
2015.03.03 06:07:08.942,2.03883,2.03937,1.00,1.00
2015.03.03 06:07:20.051,2.03873,2.03937,1.82,1.00
2015.03.03 06:07:27.491,2.03874,2.03936,1.57,1.00
2015.03.03 06:07:29.071,2.03874,2.03936,1.07,1.00
2015.03.03 06:07:35.759,2.03874,2.03936,1.00,1.57
2015.03.03 06:07:43.668,2.03874,2.03936,1.07,1.50
2015.03.03 06:07:43.719,2.03874,2.03936,1.15,1.00
2015.03.03 06:07:44.881,2.03873,2.03937,1.15,1.00
2015.03.03 06:07:47.624,2.03873,2.03937,1.82,1.00
2015.03.03 06:07:48.137,2.03884,2.03936,1.10,1.00
2015.03.03 06:07:50.051,2.03874,2.03936,1.15,1.00
2015.03.03 06:07:52.847,2.03874,2.03936,1.82,1.00
2015.03.03 06:07:53.370,2.03876,2.03937,1.50,1.00
2015.03.03 06:07:55.209,2.03873,2.03937,1.82,1.00
2015.03.03 06:07:55.310,2.03873,2.03937,1.15,1.00
2015.03.03 06:08:10.937,2.03873,2.03937,1.07,1.07
2015.03.03 06:08:11.038,2.03873,2.03937,1.00,1.15
2015.03.03 06:08:11.089,2.03874,2.03926,1.00,1.00
2015.03.03 06:08:26.790,2.03873,2.03937,1.00,1.15
2015.03.03 06:08:30.967,2.03873,2.03937,1.00,1.15
2015.03.03 06:08:31.021,2.03873,2.03937,1.00,1.17
2015.03.03 06:08:36.475,2.03873,2.03937,1.00,1.85
2015.03.03 06:08:37.022,2.03874,2.03926,1.00,1.00
2015.03.03 06:08:38.781,2.03873,2.03927,1.00,1.00
2015.03.03 06:08:57.730,2.03874,2.03936,1.00,1.17
2015.03.03 06:09:05.315,2.03873,2.03927,1.00,1.00
2015.03.03 06:09:10.237,2.03873,2.03927,1.07,1.00
2015.03.03 06:09:10.288,2.03874,2.03936,1.15,1.00
2015.03.03 06:09:10.610,2.03884,2.03936,1.00,1.00
2015.03.03 06:09:10.711,2.03884,2.03946,1.00,1.15
2015.03.03 06:09:10.812,2.03884,2.03946,1.10,1.00
2015.03.03 06:09:10.913,2.03893,2.03947,1.00,1.10
2015.03.03 06:09:12.457,2.03893,2.03957,1.00,1.15
2015.03.03 06:09:12.769,2.03903,2.03957,1.00,1.15
2015.03.03 06:09:14.077,2.03903,2.03957,1.00,1.07
2015.03.03 06:09:14.606,2.03903,2.03957,1.00,1.00
2015.03.03 06:09:20.163,2.03903,2.03957,1.00,1.07
2015.03.03 06:09:20.510,2.03893,2.03957,1.00,1.15
2015.03.03 06:09:26.741,2.03894,2.03956,1.00,1.17
2015.03.03 06:09:27.179,2.03904,2.03956,1.00,1.17
2015.03.03 06:09:40.186,2.03904,2.03956,1.00,1.10
2015.03.03 06:09:42.404,2.03893,2.03957,1.17,1.10
2015.03.03 06:09:42.931,2.03894,2.03956,1.07,1.00
2015.03.03 06:09:46.209,2.03894,2.03946,1.07,1.00
2015.03.03 06:09:46.360,2.03894,2.03956,1.07,1.00
2015.03.03 06:09:46.461,2.03903,2.03957,1.00,1.10
2015.03.03 06:09:46.561,2.03903,2.03967,1.00,1.15
2015.03.03 06:09:47.101,2.03913,2.03967,1.00,1.15
2015.03.03 06:09:47.224,2.03904,2.03966,1.00,1.17
2015.03.03 06:09:47.782,2.03903,2.03967,1.00,1.15
2015.03.03 06:09:48.284,2.03904,2.03966,1.00,1.17
2015.03.03 06:09:50.278,2.03903,2.03967,1.00,1.15
2015.03.03 06:09:50.809,2.03904,2.03966,1.00,1.17
2015.03.03 06:09:53.949,2.03903,2.03967,1.00,1.15
2015.03.03 06:09:54.153,2.03903,2.03957,1.00,1.00
2015.03.03 06:09:54.254,2.03903,2.03967,1.00,1.15
2015.03.03 06:09:58.088,2.03904,2.03956,1.00,1.00
2015.03.03 06:09:58.228,2.03903,2.03967,1.00,1.15
2015.03.03 06:10:00.178,2.03903,2.03957,1.00,1.00
2015.03.03 06:10:00.483,2.03914,2.03966,1.00,1.17
2015.03.03 06:10:04.575,2.03903,2.03967,1.00,1.15
2015.03.03 06:10:06.532,2.03903,2.03967,1.10,1.15
2015.03.03 06:10:14.587,2.03903,2.03957,1.10,1.00
2015.03.03 06:10:14.695,2.03904,2.03966,1.00,1.10
2015.03.03 06:10:14.805,2.03913,2.03967,1.00,1.07
2015.03.03 06:10:14.917,2.03903,2.03967,1.10,1.07
2015.03.03 06:10:15.412,2.03904,2.03956,1.00,1.00
2015.03.03 06:10:16.706,2.03903,2.03967,1.10,1.07
2015.03.03 06:10:17.005,2.03904,2.03956,1.00,1.00
2015.03.03 06:10:17.156,2.03903,2.03967,1.10,1.07
2015.03.03 06:10:17.257,2.03904,2.03956,1.00,1.00
2015.03.03 06:10:17.555,2.03904,2.03966,1.00,1.10
2015.03.03 06:10:17.696,2.03913,2.03967,1.00,1.07
2015.03.03 06:10:18.241,2.03913,2.03967,1.00,1.00
2015.03.03 06:10:19.252,2.03913,2.03967,1.00,1.07
2015.03.03 06:10:19.353,2.03903,2.03967,1.00,1.17
2015.03.03 06:10:20.254,2.03903,2.03967,1.75,1.10
2015.03.03 06:10:21.262,2.03913,2.03967,1.75,1.00
2015.03.03 06:10:22.492,2.03913,2.03967,1.17,1.00
2015.03.03 06:10:28.088,2.03913,2.03967,1.10,1.00
2015.03.03 06:10:28.189,2.03913,2.03967,1.00,1.07
2015.03.03 06:10:28.719,2.03913,2.03967,1.00,1.00
2015.03.03 06:10:29.247,2.03903,2.03967,1.15,1.00
2015.03.03 06:10:29.348,2.03914,2.03966,1.00,1.00
2015.03.03 06:10:30.138,2.03913,2.03967,1.00,1.00
2015.03.03 06:10:30.645,2.03904,2.03966,1.15,1.00
2015.03.03 06:10:31.005,2.03914,2.03966,1.00,1.00
2015.03.03 06:10:35.606,2.03903,2.03967,1.15,1.00
2015.03.03 06:10:36.115,2.03904,2.03966,1.15,1.00
2015.03.03 06:10:36.935,2.03914,2.03966,1.00,1.00
2015.03.03 06:10:40.405,2.03914,2.03958,1.00,1.00
2015.03.03 06:10:40.455,2.03904,2.03956,1.15,1.00
2015.03.03 06:10:41.015,2.03903,2.03957,1.15,1.00
2015.03.03 06:10:44.280,2.03903,2.03948,1.15,1.00
2015.03.03 06:10:44.587,2.03903,2.03957,1.15,1.00
2015.03.03 06:10:49.004,2.03903,2.03957,1.07,1.00
2015.03.03 06:11:05.425,2.03896,2.03956,1.50,1.00
2015.03.03 06:11:05.526,2.03894,2.03946,1.82,1.00
2015.03.03 06:11:05.577,2.03894,2.03946,1.07,1.50
2015.03.03 06:11:05.628,2.03884,2.03936,1.75,1.00
2015.03.03 06:11:05.678,2.03884,2.03936,1.00,1.00
2015.03.03 06:11:05.980,2.03874,2.03936,1.07,1.07
2015.03.03 06:11:06.081,2.03874,2.03934,1.00,1.17
2015.03.03 06:11:06.383,2.03873,2.03927,1.07,1.00
2015.03.03 06:11:06.689,2.03884,2.03936,1.00,1.00
2015.03.03 06:11:07.057,2.03883,2.03946,1.00,2.25
2015.03.03 06:11:07.359,2.03884,2.03946,1.10,1.07
2015.03.03 06:11:07.625,2.03893,2.03947,1.00,1.17
2015.03.03 06:11:08.185,2.03893,2.03947,1.00,2.32
2015.03.03 06:11:08.287,2.03884,2.03946,1.00,2.25
2015.03.03 06:11:08.778,2.03883,2.03947,1.07,1.57
2015.03.03 06:11:09.804,2.03884,2.03936,1.07,1.00
2015.03.03 06:11:10.479,2.03884,2.03936,1.00,1.00
2015.03.03 06:11:14.598,2.03884,2.03936,1.00,1.15
2015.03.03 06:11:14.885,2.03873,2.03927,1.00,1.00
2015.03.03 06:11:15.086,2.03871,2.03927,1.00,1.17
2015.03.03 06:11:15.187,2.03863,2.03918,1.00,1.10
2015.03.03 06:11:15.288,2.03854,2.03916,1.00,1.82
2015.03.03 06:11:15.605,2.03854,2.03906,1.00,1.00
2015.03.03 06:11:16.105,2.03854,2.03916,1.00,2.32
2015.03.03 06:11:16.597,2.03854,2.03916,1.00,1.07
2015.03.03 06:11:17.105,2.03853,2.03917,1.10,1.17
2015.03.03 06:11:18.948,2.03864,2.03916,1.00,1.07
2015.03.03 06:11:20.377,2.03864,2.03916,1.00,1.00
2015.03.03 06:11:21.916,2.03853,2.03917,1.57,1.00
2015.03.03 06:11:22.017,2.03853,2.03916,1.00,1.15
2015.03.03 06:11:22.118,2.03853,2.03905,1.00,1.50
2015.03.03 06:11:22.218,2.03854,2.03906,1.00,1.07
2015.03.03 06:11:22.521,2.03854,2.03906,1.00,2.25
2015.03.03 06:11:22.914,2.03844,2.03906,1.00,2.25
2015.03.03 06:11:22.975,2.03844,2.03906,1.00,2.25
2015.03.03 06:11:23.131,2.03833,2.03887,1.00,1.00
2015.03.03 06:11:25.770,2.03834,2.03896,1.00,1.15
2015.03.03 06:11:25.821,2.03834,2.03896,1.17,1.00
2015.03.03 06:11:26.185,2.03834,2.03896,1.10,1.07
2015.03.03 06:11:26.487,2.03853,2.039,1.00,1.50
2015.03.03 06:11:28.004,2.03843,2.039,1.00,1.50
2015.03.03 06:11:28.324,2.03833,2.03897,1.00,1.15
2015.03.03 06:11:28.634,2.03834,2.03886,1.00,1.00
2015.03.03 06:11:28.947,2.03834,2.03886,1.00,1.15
2015.03.03 06:11:34.804,2.03834,2.03891,1.00,1.07
2015.03.03 06:11:34.904,2.03834,2.03896,1.00,1.15
2015.03.03 06:11:35.430,2.03841,2.03896,1.00,1.15
2015.03.03 06:11:35.531,2.03844,2.03906,1.00,2.25
2015.03.03 06:11:35.582,2.03853,2.03906,1.00,1.50
2015.03.03 06:11:35.632,2.03853,2.03907,1.00,1.07
2015.03.03 06:11:36.197,2.03854,2.03906,1.00,1.07
2015.03.03 06:11:37.198,2.03854,2.03906,1.00,1.75
2015.03.03 06:11:37.714,2.03853,2.03907,1.00,2.25
2015.03.03 06:11:40.978,2.03854,2.03906,1.00,1.82
2015.03.03 06:11:41.130,2.03854,2.03906,1.00,1.00
2015.03.03 06:11:41.287,2.03864,2.03916,1.00,1.07
2015.03.03 06:11:41.438,2.03864,2.03926,1.00,1.15
2015.03.03 06:11:41.489,2.03873,2.03927,1.00,1.15
2015.03.03 06:11:41.640,2.03863,2.03927,1.00,1.15
2015.03.03 06:11:41.841,2.03863,2.03923,1.00,1.50
2015.03.03 06:11:42.003,2.03864,2.03926,1.00,1.82
2015.03.03 06:11:42.053,2.03874,2.03932,1.00,1.50
2015.03.03 06:11:44.033,2.03864,2.03926,1.00,1.17
2015.03.03 06:11:44.567,2.03863,2.03927,1.10,1.15
2015.03.03 06:11:44.718,2.03873,2.03927,1.00,1.07
2015.03.03 06:11:44.819,2.03874,2.03936,1.00,1.15
2015.03.03 06:11:44.920,2.03874,2.03936,1.00,1.82
2015.03.03 06:11:45.020,2.03863,2.03927,1.10,1.10
2015.03.03 06:11:45.324,2.03863,2.03927,1.00,1.75
2015.03.03 06:11:45.676,2.03873,2.03927,1.00,1.82
2015.03.03 06:11:46.023,2.03863,2.03927,1.00,1.82
2015.03.03 06:11:46.103,2.03873,2.03927,1.00,1.82
2015.03.03 06:11:46.339,2.03863,2.03927,1.00,1.82
2015.03.03 06:11:48.340,2.03853,2.03917,1.15,1.00
2015.03.03 06:11:48.516,2.03853,2.03917,1.07,1.07
2015.03.03 06:11:48.823,2.03864,2.03916,1.00,1.15
2015.03.03 06:11:54.959,2.03864,2.03913,1.00,1.50
2015.03.03 06:11:56.489,2.03853,2.03913,1.00,1.50
2015.03.03 06:11:56.590,2.03843,2.03907,1.07,1.17
2015.03.03 06:11:56.741,2.03843,2.03907,1.00,1.85
2015.03.03 06:11:57.323,2.03854,2.03906,1.00,1.82
2015.03.03 06:11:58.666,2.03854,2.03906,1.00,1.10
2015.03.03 06:11:59.159,2.03853,2.03917,1.00,1.82
2015.03.03 06:11:59.210,2.03853,2.03917,1.00,1.15
2015.03.03 06:11:59.655,2.03864,2.03916,1.00,1.15
2015.03.03 06:12:01.208,2.03862,2.03916,1.00,1.15
2015.03.03 06:12:01.393,2.03864,2.03916,1.00,1.15
2015.03.03 06:12:01.943,2.03862,2.03916,1.00,1.15
2015.03.03 06:12:02.076,2.03864,2.03916,1.00,1.15
2015.03.03 06:12:03.773,2.03864,2.03916,1.00,1.82
2015.03.03 06:12:03.824,2.03854,2.03914,1.00,1.50
2015.03.03 06:12:04.076,2.03853,2.03914,1.00,1.50
2015.03.03 06:12:04.830,2.03844,2.03906,1.00,2.25
2015.03.03 06:12:05.032,2.03844,2.03896,1.00,1.00
2015.03.03 06:12:05.365,2.03843,2.03897,1.00,1.57
2015.03.03 06:12:06.046,2.03834,2.03896,1.00,1.15
2015.03.03 06:12:06.783,2.03833,2.03897,1.00,1.57
2015.03.03 06:12:11.072,2.03833,2.03897,1.00,1.82
2015.03.03 06:12:11.900,2.03834,2.03892,1.00,1.50
2015.03.03 06:12:12.558,2.03833,2.03892,1.00,1.50
2015.03.03 06:12:14.524,2.03834,2.03892,1.00,1.50
2015.03.03 06:12:14.826,2.03844,2.03901,1.00,1.50
2015.03.03 06:12:17.480,2.03843,2.03897,1.00,1.15
2015.03.03 06:12:17.961,2.03833,2.03887,1.00,1.07
2015.03.03 06:12:19.152,2.03834,2.03894,1.00,1.50
2015.03.03 06:12:19.890,2.03833,2.03894,1.00,1.50
2015.03.03 06:12:20.222,2.03833,2.03897,1.00,1.15
2015.03.03 06:12:21.224,2.03834,2.03886,1.00,1.00
2015.03.03 06:12:21.433,2.03833,2.03897,1.00,1.15
2015.03.03 06:12:28.389,2.03834,2.03896,1.00,1.15
2015.03.03 06:12:28.490,2.03833,2.03887,1.00,1.00
2015.03.03 06:12:28.562,2.03833,2.03897,1.00,1.15
2015.03.03 06:12:29.110,2.03833,2.03897,1.00,1.82
2015.03.03 06:12:39.365,2.03834,2.03893,1.00,1.50
2015.03.03 06:12:40.005,2.03833,2.03893,1.00,1.50
2015.03.03 06:12:41.576,2.03834,2.03893,1.00,1.50
2015.03.03 06:12:43.343,2.03833,2.03893,1.00,1.50
2015.03.03 06:12:44.982,2.03834,2.03886,1.00,1.07
2015.03.03 06:12:45.302,2.03834,2.03896,1.00,1.15
2015.03.03 06:12:48.362,2.03834,2.03886,1.00,1.00
2015.03.03 06:12:48.941,2.03833,2.03887,1.00,1.00
2015.03.03 06:12:55.147,2.03833,2.03887,1.00,1.07
2015.03.03 06:12:59.362,2.03834,2.03894,1.00,1.50
2015.03.03 06:13:02.871,2.03834,2.03896,1.00,1.85
2015.03.03 06:13:03.154,2.03843,2.03897,1.00,1.17
2015.03.03 06:13:03.670,2.03854,2.03903,1.00,1.50
2015.03.03 06:13:03.771,2.03843,2.03907,1.00,1.15
2015.03.03 06:13:03.872,2.03854,2.03906,1.00,1.15
2015.03.03 06:13:04.006,2.03843,2.03907,1.00,1.15
2015.03.03 06:13:04.107,2.03853,2.03907,1.00,1.15
2015.03.03 06:13:04.440,2.03843,2.03907,1.00,1.15
2015.03.03 06:13:04.541,2.03854,2.03906,1.00,1.15
2015.03.03 06:13:05.497,2.03854,2.03904,1.00,1.50
2015.03.03 06:13:05.548,2.03844,2.03904,1.00,1.50
2015.03.03 06:13:06.056,2.03843,2.03897,1.00,1.07
2015.03.03 06:13:07.982,2.03843,2.03897,1.00,2.25
2015.03.03 06:13:08.203,2.03834,2.03886,1.00,1.00
2015.03.03 06:13:08.304,2.03834,2.03896,1.00,1.57
2015.03.03 06:13:08.859,2.03833,2.03887,1.00,1.00
2015.03.03 06:13:08.931,2.03833,2.03897,1.00,2.25
2015.03.03 06:13:10.292,2.03833,2.03897,1.10,1.07
2015.03.03 06:13:16.338,2.03833,2.03887,1.10,1.00
2015.03.03 06:13:16.731,2.03844,2.03896,1.00,1.10
2015.03.03 06:13:22.383,2.03843,2.03907,1.10,1.17
2015.03.03 06:13:22.433,2.03843,2.03907,1.57,1.00
2015.03.03 06:13:22.736,2.03853,2.03907,1.15,1.00
2015.03.03 06:13:32.174,2.03853,2.03917,1.15,1.00
2015.03.03 06:13:32.476,2.03854,2.03906,1.17,1.00
2015.03.03 06:13:32.627,2.03853,2.03917,1.15,1.00
2015.03.03 06:13:32.801,2.03854,2.03906,1.17,1.00
2015.03.03 06:13:33.053,2.03854,2.03916,1.17,1.00
2015.03.03 06:13:33.382,2.03853,2.03907,1.15,1.00
2015.03.03 06:13:33.912,2.03853,2.03917,1.15,1.00
2015.03.03 06:13:34.166,2.03853,2.03907,1.15,1.00
2015.03.03 06:13:34.912,2.03853,2.03917,1.15,1.00
2015.03.03 06:13:35.114,2.03853,2.03907,1.15,1.00
2015.03.03 06:13:35.369,2.03853,2.03917,1.15,1.00
2015.03.03 06:13:35.578,2.03853,2.03907,1.15,1.00
2015.03.03 06:13:35.771,2.03853,2.03917,1.15,1.00
2015.03.03 06:13:36.132,2.03853,2.03907,1.15,1.00
2015.03.03 06:13:36.541,2.03853,2.03917,1.15,1.00
2015.03.03 06:13:36.911,2.03854,2.03906,1.17,1.00
2015.03.03 06:13:37.113,2.03853,2.03917,1.15,1.00
2015.03.03 06:13:37.517,2.03854,2.03906,1.17,1.00
2015.03.03 06:13:37.568,2.03854,2.03916,1.17,1.00
2015.03.03 06:13:37.870,2.03854,2.03906,1.17,1.00
2015.03.03 06:13:38.122,2.03854,2.03916,1.17,1.00
2015.03.03 06:13:38.172,2.03854,2.03916,1.00,1.15
2015.03.03 06:13:38.494,2.03854,2.03906,1.00,1.00
2015.03.03 06:13:39.112,2.03853,2.03907,1.00,1.00
2015.03.03 06:13:39.643,2.03852,2.03906,1.00,1.00
2015.03.03 06:13:39.968,2.03854,2.03906,1.00,1.00
2015.03.03 06:13:40.071,2.03852,2.03906,1.00,1.00
2015.03.03 06:13:40.322,2.03854,2.03906,1.00,1.00
2015.03.03 06:13:40.935,2.03854,2.03906,1.15,1.00
2015.03.03 06:13:41.086,2.03854,2.03916,1.15,1.00
2015.03.03 06:13:46.344,2.03854,2.03906,1.15,1.00
2015.03.03 06:13:46.448,2.03854,2.03916,1.15,1.00
2015.03.03 06:13:53.811,2.03854,2.03906,1.15,1.00
2015.03.03 06:13:54.122,2.03853,2.03907,1.00,1.00
2015.03.03 06:14:02.847,2.03854,2.03916,1.00,1.15
2015.03.03 06:14:06.696,2.03854,2.03916,1.15,1.00
2015.03.03 06:14:06.797,2.03853,2.03907,1.15,1.00
2015.03.03 06:14:06.898,2.03853,2.03907,1.00,1.00
2015.03.03 06:14:07.262,2.03843,2.03907,1.15,1.00
2015.03.03 06:14:07.803,2.03844,2.03906,1.15,1.00
2015.03.03 06:14:07.905,2.03852,2.03906,1.00,1.00
2015.03.03 06:14:08.234,2.03854,2.03906,1.00,1.00
2015.03.03 06:14:08.541,2.03853,2.03907,1.00,1.17
2015.03.03 06:14:28.230,2.03853,2.03907,1.00,1.00
2015.03.03 06:14:29.605,2.03854,2.03916,1.00,1.15
2015.03.03 06:14:29.780,2.03854,2.03906,1.00,1.00
2015.03.03 06:14:30.110,2.03853,2.03917,1.00,1.15
2015.03.03 06:14:30.261,2.03853,2.03907,1.00,1.00
2015.03.03 06:14:30.591,2.03851,2.03907,1.00,1.00
2015.03.03 06:14:30.641,2.03843,2.03907,1.00,1.15
2015.03.03 06:14:30.692,2.03835,2.03897,1.50,1.00
2015.03.03 06:14:30.743,2.03833,2.03897,1.10,1.07
2015.03.03 06:14:30.922,2.03844,2.03896,1.00,1.00
2015.03.03 06:14:31.337,2.03834,2.03896,1.57,1.00
2015.03.03 06:14:31.438,2.03834,2.03886,1.57,1.00
2015.03.03 06:14:31.994,2.03833,2.03887,1.07,1.00
2015.03.03 06:14:36.612,2.03826,2.03886,1.50,1.00
2015.03.03 06:14:40.750,2.03824,2.03886,1.75,1.07
2015.03.03 06:14:40.851,2.03824,2.03886,1.00,1.07
2015.03.03 06:14:40.901,2.03823,2.03877,1.00,1.00
2015.03.03 06:14:41.404,2.03824,2.03876,1.00,1.00
2015.03.03 06:14:41.455,2.03814,2.03877,1.50,1.00
2015.03.03 06:14:53.500,2.03813,2.03877,1.82,1.00
2015.03.03 06:14:53.601,2.03813,2.03877,1.15,1.00
2015.03.03 06:14:53.651,2.03812,2.03867,1.07,1.00
2015.03.03 06:14:53.702,2.03812,2.03867,1.00,1.00
2015.03.03 06:14:53.803,2.03804,2.03856,1.15,1.00
2015.03.03 06:14:53.903,2.03812,2.03866,1.00,1.00
2015.03.03 06:14:54.060,2.03804,2.03866,1.15,1.00
2015.03.03 06:14:54.887,2.03812,2.03866,1.00,1.00
2015.03.03 06:14:55.290,2.03813,2.03867,1.07,1.00
2015.03.03 06:14:55.441,2.03813,2.03877,1.07,1.10
2015.03.03 06:14:56.393,2.03822,2.03877,1.00,1.10
2015.03.03 06:14:56.645,2.03823,2.03887,1.00,1.15
2015.03.03 06:14:56.868,2.03824,2.03876,1.00,1.00
2015.03.03 06:14:56.969,2.03824,2.03886,1.07,1.07
2015.03.03 06:14:57.019,2.03824,2.03886,1.15,1.00
2015.03.03 06:14:57.321,2.03833,2.03887,1.00,1.00
2015.03.03 06:14:57.661,2.03833,2.03887,1.15,1.00
2015.03.03 06:14:59.804,2.03833,2.03887,1.00,1.00
2015.03.03 06:14:59.855,2.03831,2.03886,1.00,1.00
2015.03.03 06:14:59.906,2.03824,2.03886,1.07,1.00
2015.03.03 06:14:59.956,2.03823,2.03877,1.17,1.00
2015.03.03 06:15:00.259,2.03813,2.03867,1.57,1.00
2015.03.03 06:15:00.411,2.03812,2.03867,1.10,1.00
2015.03.03 06:15:00.915,2.03811,2.03866,1.07,1.00
2015.03.03 06:15:01.570,2.03814,2.03866,1.00,1.00
2015.03.03 06:15:01.919,2.03812,2.03866,1.10,1.00
2015.03.03 06:15:02.023,2.03814,2.03866,1.00,1.00
2015.03.03 06:15:02.132,2.03804,2.03866,2.25,1.00
2015.03.03 06:15:02.233,2.03814,2.03866,1.00,1.00
2015.03.03 06:15:03.592,2.03813,2.03877,1.00,1.15
2015.03.03 06:15:03.692,2.03814,2.03876,1.15,1.00
2015.03.03 06:15:03.994,2.03823,2.03877,1.17,1.00
2015.03.03 06:15:04.146,2.03823,2.03887,1.17,1.00
2015.03.03 06:15:04.675,2.03824,2.03886,1.10,1.00
2015.03.03 06:15:05.462,2.03823,2.03887,1.17,1.00
2015.03.03 06:15:06.872,2.03824,2.03886,1.10,1.00
2015.03.03 06:15:06.973,2.03814,2.03876,1.82,1.00
2015.03.03 06:15:07.023,2.03814,2.03876,1.15,1.00
2015.03.03 06:15:07.409,2.03813,2.03867,1.15,1.00
2015.03.03 06:15:07.661,2.03813,2.03877,1.15,1.00
2015.03.03 06:15:08.202,2.03814,2.03876,1.15,1.00
2015.03.03 06:15:14.887,2.03814,2.03876,1.07,1.07
2015.03.03 06:15:14.938,2.03814,2.03876,1.00,1.15
2015.03.03 06:15:15.474,2.03814,2.03876,1.07,1.07
2015.03.03 06:15:15.524,2.03814,2.03876,1.15,1.00
2015.03.03 06:15:17.098,2.03824,2.03876,1.00,1.00
2015.03.03 06:15:19.308,2.03824,2.03886,1.00,1.50
2015.03.03 06:15:19.408,2.03824,2.03886,1.07,1.10
2015.03.03 06:15:29.134,2.03824,2.03886,1.00,2.25
2015.03.03 06:15:29.185,2.03814,2.03876,1.07,1.00
2015.03.03 06:15:29.721,2.03813,2.03877,1.17,1.10
2015.03.03 06:15:30.411,2.03814,2.03876,1.07,1.00
2015.03.03 06:15:30.612,2.03807,2.03866,1.50,1.00
2015.03.03 06:15:35.670,2.03807,2.03877,1.50,1.10
2015.03.03 06:15:36.185,2.03814,2.03876,1.07,1.00
2015.03.03 06:15:42.742,2.03807,2.03877,1.50,1.10
2015.03.03 06:15:42.843,2.03807,2.03866,1.50,1.00
2015.03.03 06:15:43.408,2.03814,2.03876,1.07,1.00
2015.03.03 06:15:43.612,2.03814,2.03876,1.82,1.00
2015.03.03 06:15:44.069,2.03824,2.03886,1.75,1.00
2015.03.03 06:15:44.527,2.03823,2.03876,1.50,1.00
2015.03.03 06:15:44.628,2.03824,2.03886,1.82,1.00
2015.03.03 06:15:45.145,2.03823,2.03887,2.25,1.00
2015.03.03 06:15:49.312,2.03824,2.03886,1.82,1.00
2015.03.03 06:15:51.510,2.03823,2.03887,2.25,1.00
2015.03.03 06:15:55.194,2.03823,2.03887,1.57,1.10
2015.03.03 06:15:55.245,2.03823,2.03887,1.15,1.10
2015.03.03 06:15:57.382,2.03823,2.03887,1.07,1.50
2015.03.03 06:15:57.734,2.03823,2.03877,1.00,1.00
2015.03.03 06:15:58.333,2.03814,2.03876,1.15,1.00
2015.03.03 06:15:58.784,2.03823,2.03877,1.00,1.00
2015.03.03 06:15:58.885,2.03813,2.03877,1.15,1.00
2015.03.03 06:15:59.137,2.03824,2.03876,1.00,1.00
2015.03.03 06:15:59.349,2.03823,2.03887,1.00,1.57
2015.03.03 06:16:03.432,2.03823,2.03887,1.07,1.17
2015.03.03 06:16:03.482,2.03823,2.03887,1.17,1.10
2015.03.03 06:16:10.450,2.03824,2.03876,1.07,1.00
2015.03.03 06:16:10.720,2.03824,2.03876,1.00,1.00
2015.03.03 06:16:11.022,2.03822,2.03877,1.00,1.00
2015.03.03 06:16:11.340,2.03813,2.03877,1.15,1.00
2015.03.03 06:16:11.891,2.03814,2.03876,1.15,1.00
2015.03.03 06:16:12.142,2.03814,2.03876,1.07,1.07
2015.03.03 06:16:12.193,2.03803,2.03867,1.82,1.00
2015.03.03 06:16:19.941,2.03803,2.03867,1.07,1.07
2015.03.03 06:16:19.992,2.03803,2.03867,1.00,1.15
2015.03.03 06:16:20.042,2.03803,2.03857,1.00,1.00
2015.03.03 06:16:20.143,2.03803,2.03867,1.00,1.15
2015.03.03 06:16:20.244,2.03804,2.03866,1.50,1.10
2015.03.03 06:16:20.564,2.03814,2.03866,1.00,1.00
2015.03.03 06:16:25.096,2.03803,2.03857,1.82,1.00
2015.03.03 06:16:25.169,2.03803,2.03867,1.82,1.00
2015.03.03 06:16:26.754,2.03813,2.03867,1.00,1.00
2015.03.03 06:16:35.651,2.03803,2.03867,1.82,1.00
2015.03.03 06:16:35.853,2.03804,2.03856,1.57,1.00
2015.03.03 06:16:35.954,2.03804,2.03866,1.57,1.00
2015.03.03 06:16:36.470,2.03803,2.03867,1.82,1.00
2015.03.03 06:16:36.873,2.03813,2.03867,1.00,1.00
2015.03.03 06:16:36.975,2.03803,2.03867,1.82,1.00
2015.03.03 06:16:37.207,2.03814,2.03866,1.00,1.00
2015.03.03 06:16:42.227,2.03813,2.03867,1.00,1.00
2015.03.03 06:16:43.027,2.03803,2.03867,2.25,1.00
2015.03.03 06:16:43.553,2.03813,2.03867,1.00,1.00
2015.03.03 06:16:47.503,2.03803,2.03867,2.25,1.00
2015.03.03 06:16:48.049,2.03814,2.03866,1.00,1.00
2015.03.03 06:16:48.159,2.03804,2.03866,1.57,1.00
2015.03.03 06:16:49.268,2.03814,2.03866,1.00,1.00
2015.03.03 06:16:49.499,2.03803,2.03867,2.25,1.00
2015.03.03 06:16:50.029,2.03813,2.03867,1.00,1.00
2015.03.03 06:16:50.269,2.03804,2.03866,1.57,1.00
2015.03.03 06:16:50.829,2.03814,2.03866,1.00,1.00
2015.03.03 06:16:51.019,2.03804,2.03866,1.57,1.00
2015.03.03 06:16:51.373,2.03804,2.03866,1.07,1.07
2015.03.03 06:16:51.424,2.03804,2.03866,1.00,1.15
2015.03.03 06:16:51.524,2.03803,2.03867,1.07,1.07
2015.03.03 06:16:51.842,2.03814,2.03866,1.00,1.00
2015.03.03 06:16:52.348,2.03813,2.03877,1.00,2.25
2015.03.03 06:16:52.978,2.03813,2.03877,1.07,1.07
2015.03.03 06:16:56.331,2.03823,2.03877,1.00,1.07
2015.03.03 06:16:57.199,2.03813,2.03877,1.07,1.07
2015.03.03 06:17:00.259,2.03824,2.03876,1.00,1.10
2015.03.03 06:17:11.040,2.03823,2.03877,1.00,1.07
2015.03.03 06:17:11.191,2.03813,2.03877,1.07,1.07
2015.03.03 06:17:11.292,2.03823,2.03877,1.00,1.07
2015.03.03 06:17:11.602,2.03824,2.03886,1.00,1.15
2015.03.03 06:17:15.040,2.03824,2.03876,1.00,1.00
2015.03.03 06:17:15.219,2.03823,2.03887,1.00,1.15
2015.03.03 06:17:15.453,2.03823,2.03877,1.00,1.00
2015.03.03 06:17:19.843,2.03824,2.03886,1.00,1.15
2015.03.03 06:17:21.929,2.03824,2.03886,1.15,1.00
2015.03.03 06:17:22.181,2.03834,2.03896,1.07,1.00
2015.03.03 06:17:22.621,2.03834,2.03886,1.07,1.00
2015.03.03 06:17:22.722,2.03834,2.03896,1.07,1.00
2015.03.03 06:17:23.469,2.03833,2.03897,1.07,1.10
2015.03.03 06:17:23.798,2.03833,2.03887,1.07,1.00
2015.03.03 06:17:23.950,2.03834,2.03896,1.07,1.00
2015.03.03 06:17:28.549,2.03834,2.03886,1.07,1.00
2015.03.03 06:17:29.228,2.03826,2.03887,1.50,1.00
2015.03.03 06:17:31.080,2.03833,2.03897,1.07,1.10
2015.03.03 06:17:31.181,2.03854,2.03903,1.00,1.00
2015.03.03 06:17:31.282,2.03846,2.03907,1.50,1.00
2015.03.03 06:17:31.798,2.03854,2.03906,1.00,1.00
2015.03.03 06:17:31.952,2.03846,2.03896,1.50,1.00
2015.03.03 06:17:32.053,2.03846,2.03907,1.50,1.00
2015.03.03 06:17:32.153,2.03843,2.03907,1.15,1.00
2015.03.03 06:17:35.239,2.03839,2.03896,1.50,1.00
2015.03.03 06:17:35.615,2.03843,2.03897,1.00,1.00
2015.03.03 06:17:36.158,2.03844,2.03906,1.00,1.15
2015.03.03 06:17:36.786,2.03844,2.03896,1.00,1.00
2015.03.03 06:17:36.937,2.03843,2.03907,1.00,1.15
2015.03.03 06:17:37.150,2.03843,2.03897,1.00,1.00
2015.03.03 06:17:37.251,2.03844,2.03906,1.00,1.15
2015.03.03 06:17:38.871,2.03843,2.03907,1.00,1.15
2015.03.03 06:17:38.972,2.03843,2.03907,1.15,1.00
2015.03.03 06:17:39.022,2.03844,2.03896,1.15,1.00
2015.03.03 06:17:39.123,2.03843,2.03907,1.15,1.00
2015.03.03 06:17:39.427,2.03843,2.03897,1.00,1.00
2015.03.03 06:17:39.729,2.03844,2.03906,1.00,1.15
2015.03.03 06:17:39.780,2.03844,2.03896,1.00,1.00
2015.03.03 06:17:39.881,2.03844,2.03906,1.00,1.15
2015.03.03 06:17:42.098,2.03844,2.03896,1.00,1.00
2015.03.03 06:17:42.320,2.03833,2.03897,1.57,1.00
2015.03.03 06:17:42.421,2.03844,2.03906,1.00,1.15
2015.03.03 06:17:42.726,2.03843,2.03897,1.00,1.00
2015.03.03 06:17:42.878,2.03844,2.03906,1.00,1.15
2015.03.03 06:17:45.649,2.03844,2.03906,1.17,1.00
2015.03.03 06:17:50.868,2.03843,2.03897,1.15,1.00
2015.03.03 06:17:50.969,2.03844,2.03906,1.17,1.00
2015.03.03 06:17:51.624,2.03844,2.03906,1.85,1.00
2015.03.03 06:17:52.328,2.03844,2.03907,1.50,1.00
2015.03.03 06:17:52.990,2.03854,2.03906,1.00,1.00
2015.03.03 06:17:53.091,2.03844,2.03907,1.50,1.00
2015.03.03 06:17:53.619,2.03853,2.03907,1.00,1.00
2015.03.03 06:17:55.269,2.03844,2.03906,2.25,1.00
2015.03.03 06:17:58.928,2.03844,2.03907,1.50,1.00
2015.03.03 06:17:59.477,2.03844,2.03906,2.25,1.00
2015.03.03 06:18:00.208,2.03854,2.03906,1.00,1.00
2015.03.03 06:18:00.461,2.03844,2.03906,2.25,1.00
2015.03.03 06:18:00.859,2.03862,2.03906,1.00,1.00
2015.03.03 06:18:01.014,2.03853,2.03907,1.00,1.00
2015.03.03 06:18:02.888,2.03844,2.03906,2.25,1.00
2015.03.03 06:18:03.106,2.03844,2.03897,1.50,1.00
2015.03.03 06:18:03.694,2.03843,2.03897,1.82,1.00
2015.03.03 06:18:03.744,2.03846,2.03897,1.50,1.00
2015.03.03 06:18:03.845,2.03846,2.03907,1.50,1.00
2015.03.03 06:18:03.946,2.03856,2.03907,1.50,1.00
2015.03.03 06:18:04.299,2.03863,2.03917,1.07,1.00
2015.03.03 06:18:05.053,2.03863,2.03927,1.07,1.07
2015.03.03 06:18:05.154,2.03865,2.03927,1.50,1.00
2015.03.03 06:18:06.258,2.03873,2.03927,1.50,1.00
2015.03.03 06:18:06.510,2.03874,2.03936,1.82,1.00
2015.03.03 06:18:06.561,2.03881,2.03936,1.50,1.00
2015.03.03 06:18:06.813,2.03884,2.03946,1.15,1.00
2015.03.03 06:18:07.614,2.03884,2.03936,1.15,1.00
2015.03.03 06:18:07.816,2.03893,2.03947,1.00,1.00
2015.03.03 06:18:09.484,2.03884,2.03946,1.15,1.00
2015.03.03 06:18:09.693,2.03884,2.03936,1.15,1.00
2015.03.03 06:18:10.063,2.03883,2.03947,1.15,1.00
2015.03.03 06:18:10.164,2.03888,2.03947,1.50,1.00
2015.03.03 06:18:10.667,2.03894,2.03946,1.17,1.00
2015.03.03 06:18:10.978,2.03884,2.03947,1.57,1.00
2015.03.03 06:18:15.167,2.03884,2.03946,1.57,1.00
2015.03.03 06:18:21.657,2.03893,2.03947,1.00,1.00
2015.03.03 06:18:22.537,2.03893,2.03957,1.00,1.57
2015.03.03 06:18:22.689,2.03893,2.03957,1.15,1.00
2015.03.03 06:18:23.128,2.03893,2.03947,1.15,1.00
2015.03.03 06:18:23.670,2.03893,2.03957,1.15,1.00
2015.03.03 06:18:24.222,2.03893,2.03947,1.15,1.00
2015.03.03 06:18:24.323,2.03894,2.03956,1.15,1.00
2015.03.03 06:18:24.998,2.03894,2.03946,1.15,1.00
2015.03.03 06:18:25.107,2.03894,2.03956,1.15,1.00
2015.03.03 06:18:25.648,2.03904,2.03956,1.00,1.00
2015.03.03 06:18:28.147,2.03893,2.03957,1.15,1.00
2015.03.03 06:18:40.008,2.03893,2.03957,1.82,1.00
2015.03.03 06:18:40.310,2.03904,2.03956,1.07,1.00
2015.03.03 06:18:40.512,2.03914,2.03966,1.00,1.00
2015.03.03 06:18:40.949,2.03924,2.03976,1.00,1.00
2015.03.03 06:18:41.611,2.03923,2.03987,1.00,1.15
2015.03.03 06:18:45.360,2.03923,2.03987,1.82,1.00
2015.03.03 06:18:45.677,2.03924,2.03976,1.57,1.00
2015.03.03 06:18:50.835,2.03928,2.03976,1.50,1.00
2015.03.03 06:18:50.941,2.03928,2.03987,1.50,1.00
2015.03.03 06:18:51.728,2.03934,2.03986,1.17,1.00
2015.03.03 06:18:52.263,2.03928,2.03987,1.50,1.00
2015.03.03 06:18:53.566,2.03923,2.03987,1.82,1.00
2015.03.03 06:18:53.667,2.03934,2.03986,1.00,1.00
2015.03.03 06:18:53.777,2.03923,2.03987,1.82,1.00
2015.03.03 06:18:55.426,2.03934,2.03986,1.00,1.00
2015.03.03 06:18:56.387,2.03934,2.03986,1.17,1.00
2015.03.03 06:18:57.117,2.03928,2.03987,1.50,1.00
2015.03.03 06:19:06.673,2.03923,2.03987,1.57,1.00
2015.03.03 06:19:10.684,2.03923,2.03987,1.10,1.17
2015.03.03 06:19:10.735,2.03924,2.03976,1.00,1.00
2015.03.03 06:19:12.630,2.03923,2.03987,1.10,1.17
2015.03.03 06:19:12.731,2.03924,2.03976,1.00,1.00
2015.03.03 06:19:12.832,2.03923,2.03987,1.10,1.17
2015.03.03 06:19:12.883,2.03923,2.03987,1.57,1.00
2015.03.03 06:19:13.185,2.03934,2.03986,1.00,1.00
2015.03.03 06:19:13.246,2.03933,2.03996,1.00,1.15
2015.03.03 06:19:13.399,2.03933,2.03997,1.15,1.00
2015.03.03 06:19:13.710,2.03944,2.03996,1.00,1.00
2015.03.03 06:19:14.070,2.03944,2.03996,1.50,1.00
2015.03.03 06:19:14.445,2.03953,2.04007,1.00,1.00
2015.03.03 06:19:20.808,2.03953,2.04007,1.00,1.07
2015.03.03 06:19:23.281,2.03944,2.04006,1.00,1.07
2015.03.03 06:19:23.838,2.03953,2.04007,1.00,1.07
2015.03.03 06:19:23.938,2.03954,2.04016,1.00,1.17
2015.03.03 06:19:24.508,2.03954,2.04016,1.15,1.00
2015.03.03 06:19:25.021,2.03954,2.04006,1.15,1.00
2015.03.03 06:19:25.172,2.03954,2.04016,1.15,1.00
2015.03.03 06:19:25.373,2.03963,2.04027,1.00,1.57
2015.03.03 06:19:28.358,2.03964,2.04016,1.00,1.00
2015.03.03 06:19:28.459,2.03964,2.04026,1.00,1.15
2015.03.03 06:19:28.866,2.03963,2.04017,1.00,1.00
2015.03.03 06:19:29.323,2.03964,2.04026,1.00,1.15
2015.03.03 06:19:30.220,2.03964,2.04016,1.00,1.00
2015.03.03 06:19:30.639,2.03953,2.04017,1.15,1.00
2015.03.03 06:19:33.307,2.03964,2.04016,1.00,1.00
2015.03.03 06:19:33.408,2.03964,2.04026,1.00,1.15
2015.03.03 06:19:38.326,2.03964,2.04016,1.00,1.00
2015.03.03 06:19:38.570,2.03954,2.04016,1.15,1.00
2015.03.03 06:19:38.722,2.03954,2.04016,1.07,1.07
2015.03.03 06:19:38.772,2.03954,2.04016,1.00,1.15
2015.03.03 06:19:38.916,2.03953,2.04007,1.00,1.00
2015.03.03 06:19:39.230,2.03943,2.04007,1.57,1.00
2015.03.03 06:19:39.331,2.03944,2.04006,1.00,1.15
2015.03.03 06:19:39.665,2.03954,2.04006,1.00,1.15
2015.03.03 06:19:42.521,2.03953,2.04007,1.00,1.15
2015.03.03 06:19:45.146,2.03943,2.04007,1.00,1.15
2015.03.03 06:19:45.409,2.03954,2.04006,1.00,1.15
2015.03.03 06:19:46.246,2.03944,2.04006,1.00,1.15
2015.03.03 06:19:46.398,2.03953,2.04007,1.00,1.15
2015.03.03 06:19:46.906,2.03954,2.04006,1.00,1.15
2015.03.03 06:19:47.062,2.03954,2.04006,1.00,1.00
2015.03.03 06:19:49.796,2.03944,2.04006,1.15,1.00
2015.03.03 06:19:50.152,2.03944,2.04006,1.00,1.82
2015.03.03 06:19:55.271,2.03943,2.04007,1.00,2.25
2015.03.03 06:19:56.388,2.03944,2.04006,1.00,1.82
2015.03.03 06:19:59.227,2.03943,2.03997,1.00,1.00
2015.03.03 06:20:00.385,2.03943,2.03997,1.00,1.15
2015.03.03 06:20:01.578,2.03943,2.03993,1.00,1.50
2015.03.03 06:20:01.757,2.03936,2.03993,1.00,1.50
2015.03.03 06:20:01.978,2.03944,2.03993,1.00,1.50
2015.03.03 06:20:02.230,2.03959,2.04007,2.25,1.57
2015.03.03 06:20:02.784,2.0396,2.04007,2.25,1.57
2015.03.03 06:20:07.423,2.03946,2.04007,2.25,1.57
2015.03.03 06:20:10.453,2.03945,2.04007,1.00,1.57
2015.03.03 06:20:10.504,2.03945,2.04001,1.00,1.50
2015.03.03 06:20:11.240,2.03946,2.04001,2.25,1.50
2015.03.03 06:20:11.900,2.03945,2.04001,1.00,1.50
2015.03.03 06:20:17.967,2.03943,2.03997,1.00,1.15
2015.03.03 06:20:18.402,2.03936,2.03997,1.00,1.15
2015.03.03 06:20:18.502,2.03936,2.03995,1.00,1.50
2015.03.03 06:20:18.704,2.03933,2.03987,1.00,1.10
2015.03.03 06:20:19.247,2.03928,2.03986,1.00,1.00
2015.03.03 06:20:19.298,2.03928,2.03986,1.00,1.57
2015.03.03 06:20:19.701,2.03924,2.03986,1.00,1.57
2015.03.03 06:20:22.148,2.03923,2.03987,1.00,1.82
2015.03.03 06:20:24.772,2.03923,2.03977,1.00,1.00
2015.03.03 06:20:25.118,2.03923,2.03977,1.00,1.15
2015.03.03 06:20:26.855,2.03923,2.03987,1.00,2.25
2015.03.03 06:20:46.989,2.03923,2.03986,1.00,1.50
2015.03.03 06:20:48.417,2.03924,2.03986,1.00,2.25
2015.03.03 06:20:49.748,2.03923,2.03977,1.00,1.10
2015.03.03 06:20:50.639,2.03923,2.03977,1.00,1.17
2015.03.03 06:20:50.941,2.03923,2.03977,1.00,1.57
2015.03.03 06:20:53.235,2.03914,2.03976,1.00,1.15
2015.03.03 06:20:54.817,2.03923,2.03977,1.00,1.57
2015.03.03 06:20:58.053,2.03913,2.03977,1.00,1.57
2015.03.03 06:20:59.218,2.03914,2.03976,1.00,1.15
2015.03.03 06:20:59.269,2.03914,2.03976,1.00,1.82
2015.03.03 06:20:59.826,2.03914,2.03972,1.00,1.50
2015.03.03 06:21:01.083,2.03913,2.03972,1.00,1.50
2015.03.03 06:21:01.585,2.03914,2.03966,1.00,1.17
2015.03.03 06:21:19.937,2.03914,2.03966,1.00,1.00
2015.03.03 06:21:22.642,2.03914,2.03974,1.00,1.57
2015.03.03 06:21:29.099,2.03914,2.03966,1.00,1.00
2015.03.03 06:21:35.496,2.03914,2.03974,1.00,1.57
2015.03.03 06:21:40.675,2.03914,2.03976,1.10,1.07
2015.03.03 06:21:40.776,2.03924,2.03976,1.00,1.07
2015.03.03 06:21:40.877,2.03913,2.03977,1.07,1.17
2015.03.03 06:21:42.074,2.03914,2.03966,1.10,1.00
2015.03.03 06:22:01.694,2.03914,2.03966,1.00,1.75
2015.03.03 06:22:01.795,2.03904,2.03966,1.00,1.82
2015.03.03 06:22:01.996,2.03904,2.03966,1.00,1.82
2015.03.03 06:22:02.248,2.03883,2.03937,1.00,1.15
2015.03.03 06:22:02.657,2.03867,2.03917,1.00,1.00
2015.03.03 06:22:02.707,2.03863,2.03917,1.00,1.00
2015.03.03 06:22:03.213,2.03864,2.03916,1.00,1.00
2015.03.03 06:22:03.314,2.03862,2.03916,1.00,1.00
2015.03.03 06:22:03.414,2.03864,2.03916,1.00,1.00
2015.03.03 06:22:04.304,2.03863,2.03917,1.00,1.00
2015.03.03 06:22:04.455,2.03864,2.03926,1.00,1.15
2015.03.03 06:22:13.118,2.03864,2.03916,1.00,1.00
2015.03.03 06:22:13.936,2.03864,2.03916,1.00,1.07
2015.03.03 06:22:16.217,2.03854,2.03916,1.00,1.07
2015.03.03 06:22:16.317,2.03863,2.03917,1.00,1.17
2015.03.03 06:22:21.168,2.03853,2.03917,1.00,1.17
2015.03.03 06:22:25.303,2.03864,2.03916,1.00,1.07
2015.03.03 06:22:25.608,2.03864,2.03916,1.00,1.75
2015.03.03 06:22:25.659,2.03853,2.03917,1.00,1.85
2015.03.03 06:22:26.178,2.03854,2.03906,1.00,1.10
2015.03.03 06:22:26.749,2.03853,2.03914,1.00,1.50
2015.03.03 06:22:34.236,2.03854,2.03916,1.00,1.15
2015.03.03 06:22:34.337,2.03854,2.03906,1.00,1.00
2015.03.03 06:22:34.708,2.03864,2.03916,1.00,1.00
2015.03.03 06:22:34.764,2.03863,2.03927,1.00,1.82
2015.03.03 06:22:34.915,2.03863,2.03927,1.15,1.00
2015.03.03 06:22:35.564,2.03864,2.03916,1.15,1.00
2015.03.03 06:22:36.276,2.03864,2.03916,1.07,1.00
2015.03.03 06:22:36.888,2.03864,2.03916,1.00,1.00
2015.03.03 06:22:38.508,2.03863,2.03927,1.07,1.07
2015.03.03 06:22:39.394,2.03873,2.03927,1.00,1.07
2015.03.03 06:22:39.495,2.03873,2.03927,1.00,1.00
2015.03.03 06:22:40.422,2.03873,2.03921,1.00,1.57
2015.03.03 06:22:40.522,2.03863,2.03914,1.00,1.50
2015.03.03 06:22:40.623,2.03861,2.03896,1.00,1.00
2015.03.03 06:22:40.724,2.03863,2.03917,1.00,1.15
2015.03.03 06:22:40.826,2.03852,2.03907,1.10,1.00
2015.03.03 06:22:40.927,2.03843,2.03897,2.25,1.00
2015.03.03 06:22:41.279,2.03853,2.03916,1.00,1.82
2015.03.03 06:22:41.330,2.03853,2.03916,1.00,1.07
2015.03.03 06:22:41.381,2.03853,2.03907,1.00,1.00
2015.03.03 06:22:41.683,2.03852,2.03896,1.00,1.00
2015.03.03 06:22:41.834,2.03854,2.03906,1.00,1.00
2015.03.03 06:22:42.035,2.03851,2.03907,1.00,1.10
2015.03.03 06:22:42.086,2.03851,2.03907,1.07,1.00
2015.03.03 06:22:42.187,2.03843,2.03907,1.85,1.07
2015.03.03 06:22:42.238,2.03843,2.03907,1.10,1.17
2015.03.03 06:22:42.288,2.03843,2.03897,1.10,1.00
2015.03.03 06:22:46.642,2.03851,2.03897,1.00,1.00
2015.03.03 06:22:49.054,2.03843,2.03897,1.10,1.00
2015.03.03 06:22:49.562,2.03836,2.03896,1.50,1.00
2015.03.03 06:22:50.506,2.03834,2.03896,1.85,1.07
2015.03.03 06:22:50.607,2.03833,2.03887,1.07,1.00
2015.03.03 06:23:01.073,2.03834,2.03896,1.10,1.07
2015.03.03 06:23:01.175,2.03843,2.03903,1.00,1.82
2015.03.03 06:23:01.226,2.03843,2.03903,1.00,1.15
2015.03.03 06:23:01.277,2.03843,2.03903,1.00,1.07
2015.03.03 06:23:01.327,2.03843,2.03907,1.07,1.07
2015.03.03 06:23:01.378,2.03843,2.03907,1.15,1.00
2015.03.03 06:23:02.411,2.03844,2.03896,1.15,1.00
2015.03.03 06:23:02.512,2.03844,2.03906,1.15,1.00
2015.03.03 06:23:03.063,2.03843,2.03897,1.15,1.00
2015.03.03 06:23:03.164,2.03843,2.03907,1.15,1.00
2015.03.03 06:23:03.641,2.03862,2.03907,1.00,1.00
2015.03.03 06:23:03.691,2.03864,2.03926,1.00,2.25
2015.03.03 06:23:03.742,2.03864,2.03926,1.82,1.00
2015.03.03 06:23:03.793,2.03873,2.03927,1.00,1.00
2015.03.03 06:23:14.143,2.03873,2.03937,1.00,1.15
2015.03.03 06:23:14.244,2.03883,2.03937,1.00,1.07
2015.03.03 06:23:14.295,2.03883,2.03937,1.00,1.00
2015.03.03 06:23:14.345,2.03883,2.03937,1.07,1.00
2015.03.03 06:23:14.396,2.03884,2.03946,1.17,1.00
2015.03.03 06:23:14.606,2.03893,2.03947,1.00,1.00
2015.03.03 06:23:18.033,2.03893,2.03957,1.00,2.25
2015.03.03 06:23:18.184,2.03893,2.03957,1.15,1.00
2015.03.03 06:23:19.333,2.03888,2.03947,1.50,1.00
2015.03.03 06:23:19.484,2.03883,2.03945,1.07,1.00
2015.03.03 06:23:19.534,2.03884,2.03936,1.10,1.00
2015.03.03 06:23:19.923,2.03893,2.03953,1.15,1.00
2015.03.03 06:23:19.974,2.03893,2.03957,1.15,1.10
2015.03.03 06:23:20.075,2.03888,2.03947,1.50,1.00
2015.03.03 06:23:20.175,2.03883,2.03946,1.10,1.10
2015.03.03 06:23:20.226,2.03876,2.03937,1.50,1.00
2015.03.03 06:23:20.277,2.03873,2.03937,1.15,1.00
2015.03.03 06:23:20.327,2.03881,2.03927,1.00,1.00
2015.03.03 06:23:20.636,2.03884,2.03936,1.00,1.00
2015.03.03 06:23:20.737,2.03884,2.03946,1.00,3.00
2015.03.03 06:23:20.788,2.03884,2.03946,1.00,1.10
2015.03.03 06:23:20.889,2.03882,2.03937,1.07,1.00
2015.03.03 06:23:21.091,2.03873,2.03937,1.17,1.10
2015.03.03 06:23:21.722,2.03871,2.03926,1.15,1.00
2015.03.03 06:23:21.862,2.03881,2.03937,1.00,1.10
2015.03.03 06:23:21.964,2.03884,2.03946,1.00,2.25
2015.03.03 06:23:22.064,2.03883,2.03947,1.07,1.07
2015.03.03 06:23:22.651,2.03891,2.03947,1.00,1.07
2015.03.03 06:23:24.930,2.03883,2.03947,1.07,1.07
2015.03.03 06:23:27.383,2.03883,2.03947,2.25,1.00
2015.03.03 06:23:43.287,2.03893,2.03957,1.00,1.15
2015.03.03 06:23:44.056,2.03894,2.03956,1.00,1.17
2015.03.03 06:23:44.813,2.03902,2.03956,1.00,1.17
2015.03.03 06:23:47.480,2.03902,2.03956,1.00,1.20
2015.03.03 06:23:47.580,2.03894,2.03956,1.07,1.10
2015.03.03 06:23:47.681,2.03892,2.03947,1.15,1.00
2015.03.03 06:23:50.410,2.03892,2.03947,1.00,1.00
2015.03.03 06:23:50.461,2.03892,2.03936,1.00,1.00
2015.03.03 06:23:50.984,2.03891,2.03936,1.00,1.00
2015.03.03 06:23:51.882,2.03892,2.03946,1.00,1.00
2015.03.03 06:23:52.658,2.03884,2.03946,1.15,1.00
2015.03.03 06:23:53.105,2.03892,2.03946,1.00,1.00
2015.03.03 06:23:53.206,2.03884,2.03946,1.15,1.00
2015.03.03 06:23:53.493,2.03884,2.03946,1.07,1.07
2015.03.03 06:23:53.543,2.03884,2.03946,1.00,1.15
2015.03.03 06:23:53.883,2.03884,2.03936,1.00,1.00
2015.03.03 06:23:58.119,2.03884,2.03936,1.15,1.00
2015.03.03 06:23:58.170,2.03894,2.03946,1.00,1.00
2015.03.03 06:23:58.220,2.03894,2.03946,1.17,1.00
2015.03.03 06:23:58.271,2.03904,2.03956,1.00,1.00
2015.03.03 06:23:58.473,2.03904,2.03966,1.00,1.82
2015.03.03 06:23:58.574,2.03913,2.03974,1.00,1.50
2015.03.03 06:23:58.625,2.03913,2.03977,1.07,1.10
2015.03.03 06:23:58.682,2.03924,2.03976,1.00,1.00
2015.03.03 06:23:58.934,2.03913,2.03977,1.07,1.10
2015.03.03 06:23:59.135,2.03913,2.03977,1.00,1.82
2015.03.03 06:23:59.588,2.03913,2.03967,1.50,1.00
2015.03.03 06:24:00.142,2.03903,2.03967,1.00,1.82
2015.03.03 06:24:00.874,2.03912,2.03967,1.00,1.82
2015.03.03 06:24:01.095,2.03903,2.03967,1.00,1.82
2015.03.03 06:24:01.335,2.03904,2.03956,1.00,1.00
2015.03.03 06:24:01.636,2.03902,2.03957,1.00,1.15
2015.03.03 06:24:01.686,2.03893,2.03957,1.00,1.15
2015.03.03 06:24:01.893,2.03884,2.03946,2.25,1.00
2015.03.03 06:24:01.943,2.03884,2.03946,1.17,1.00
2015.03.03 06:24:02.854,2.03892,2.03946,1.00,1.00
2015.03.03 06:24:03.539,2.03892,2.03947,1.00,1.10
2015.03.03 06:24:03.640,2.03883,2.03947,1.00,1.82
2015.03.03 06:24:03.741,2.03883,2.03939,1.00,1.50
2015.03.03 06:24:03.792,2.03881,2.03936,1.00,1.15
2015.03.03 06:24:03.893,2.03884,2.03946,1.00,1.82
2015.03.03 06:24:04.012,2.03874,2.03936,1.10,1.75
2015.03.03 06:24:04.113,2.03872,2.03927,1.00,1.07
2015.03.03 06:24:04.393,2.03854,2.03916,1.82,1.00
2015.03.03 06:24:04.444,2.03854,2.03916,1.00,1.10
2015.03.03 06:24:04.545,2.03851,2.03916,1.00,2.25
2015.03.03 06:24:04.847,2.03852,2.0391,1.00,1.50
2015.03.03 06:24:05.149,2.03861,2.0391,1.00,1.50
2015.03.03 06:24:05.607,2.03851,2.03907,1.00,1.15
2015.03.03 06:24:05.763,2.03852,2.03903,1.00,1.50
2015.03.03 06:24:05.864,2.03852,2.03911,1.00,1.50
2015.03.03 06:24:06.065,2.03841,2.03905,1.00,1.50
2015.03.03 06:24:06.373,2.03851,2.03905,1.00,1.50
2015.03.03 06:24:06.823,2.03841,2.03905,1.00,1.50
2015.03.03 06:24:07.365,2.03843,2.03905,1.00,1.50
2015.03.03 06:24:07.415,2.03841,2.03905,1.00,1.50
2015.03.03 06:24:08.365,2.03851,2.03905,1.00,1.50
2015.03.03 06:24:08.968,2.03852,2.03905,1.00,1.50
2015.03.03 06:24:10.242,2.03852,2.03905,1.00,1.07
2015.03.03 06:24:10.342,2.03853,2.03917,1.00,1.17
2015.03.03 06:24:11.142,2.03854,2.03923,1.00,1.50
2015.03.03 06:24:11.243,2.03863,2.03923,1.00,1.07
2015.03.03 06:24:11.293,2.03863,2.03932,1.00,1.50
2015.03.03 06:24:11.938,2.03853,2.03927,2.25,1.15
2015.03.03 06:24:12.528,2.03853,2.03927,1.57,1.82
2015.03.03 06:24:12.578,2.03853,2.03925,1.07,1.50
2015.03.03 06:24:15.734,2.03854,2.03926,1.75,1.82
2015.03.03 06:24:15.784,2.03864,2.03932,1.00,1.50
2015.03.03 06:24:15.986,2.03854,2.03926,1.82,1.17
2015.03.03 06:24:16.036,2.03854,2.03926,1.82,1.10
2015.03.03 06:24:16.087,2.03872,2.03937,1.00,1.57
2015.03.03 06:24:16.403,2.03863,2.03937,1.65,1.57
2015.03.03 06:24:16.604,2.03872,2.03936,1.00,1.15
2015.03.03 06:24:16.768,2.03874,2.03946,1.15,1.57
2015.03.03 06:24:21.165,2.03884,2.03946,1.00,1.57
2015.03.03 06:24:21.495,2.03883,2.03957,1.15,1.82
2015.03.03 06:24:21.702,2.03894,2.03956,1.00,1.57
2015.03.03 06:24:21.803,2.03893,2.03957,1.57,1.00
2015.03.03 06:24:21.904,2.03901,2.03967,1.00,1.82
2015.03.03 06:24:21.955,2.03901,2.03967,1.07,1.17
2015.03.03 06:24:22.257,2.03892,2.03953,1.00,2.25
2015.03.03 06:24:22.358,2.03883,2.03944,1.00,1.50
2015.03.03 06:24:22.560,2.03878,2.03936,1.00,1.50
2015.03.03 06:24:22.661,2.03873,2.03936,1.00,2.25
2015.03.03 06:24:22.712,2.03871,2.03936,1.00,3.00
2015.03.03 06:24:22.762,2.03871,2.03936,1.00,3.00
2015.03.03 06:24:24.283,2.03871,2.03937,1.00,1.15
2015.03.03 06:24:24.434,2.03873,2.0394,1.00,1.50
2015.03.03 06:24:25.429,2.03882,2.0394,1.00,1.50
2015.03.03 06:24:25.479,2.03882,2.03946,1.00,1.15
2015.03.03 06:24:25.681,2.03874,2.03946,1.15,1.15
2015.03.03 06:24:31.892,2.03882,2.03946,1.00,1.15
2015.03.03 06:24:33.133,2.03874,2.03946,1.15,1.15
2015.03.03 06:24:33.582,2.03882,2.03946,1.00,1.15
2015.03.03 06:24:33.884,2.03871,2.03936,1.82,1.00
2015.03.03 06:24:33.991,2.03873,2.03947,1.15,1.57
2015.03.03 06:24:34.211,2.03872,2.03936,1.57,1.00
2015.03.03 06:24:34.362,2.03873,2.03947,1.15,1.57
2015.03.03 06:24:34.470,2.03873,2.03947,1.82,1.07
2015.03.03 06:24:34.521,2.03878,2.03947,1.50,1.00
2015.03.03 06:24:35.033,2.03878,2.03946,1.50,1.00
2015.03.03 06:24:35.574,2.03878,2.03947,1.50,1.00
2015.03.03 06:24:38.516,2.03878,2.03937,1.50,1.00
2015.03.03 06:24:38.611,2.03878,2.03947,1.50,1.00
2015.03.03 06:24:38.976,2.03878,2.03936,1.50,1.00
2015.03.03 06:24:39.076,2.03878,2.03946,1.50,1.00
2015.03.03 06:24:40.264,2.03878,2.03937,1.50,1.00
2015.03.03 06:24:40.591,2.03878,2.03947,1.50,1.00
2015.03.03 06:24:40.843,2.03878,2.03937,1.50,1.00
2015.03.03 06:24:40.893,2.03873,2.03937,1.17,1.00
2015.03.03 06:24:40.994,2.03873,2.03936,1.00,1.50
2015.03.03 06:24:41.145,2.03871,2.03936,1.00,2.25
2015.03.03 06:24:41.692,2.03871,2.03926,1.00,1.00
2015.03.03 06:24:41.994,2.03871,2.03926,1.00,1.50
2015.03.03 06:24:42.911,2.03861,2.03927,1.00,2.25
2015.03.03 06:24:46.303,2.03862,2.03927,1.00,2.25
2015.03.03 06:24:47.953,2.03853,2.03927,1.15,2.25
2015.03.03 06:24:48.832,2.03862,2.03927,1.00,2.25
2015.03.03 06:24:49.168,2.03864,2.03926,1.00,1.57
2015.03.03 06:24:49.451,2.03864,2.03926,1.10,1.00
2015.03.03 06:24:50.072,2.03862,2.03916,1.15,1.00
2015.03.03 06:24:50.232,2.03852,2.03916,1.00,1.15
2015.03.03 06:24:50.383,2.03864,2.03906,1.00,1.00
2015.03.03 06:24:50.534,2.03874,2.03927,1.00,1.50
2015.03.03 06:24:50.635,2.03864,2.03936,1.65,2.25
2015.03.03 06:24:50.736,2.03854,2.03926,1.15,1.15
2015.03.03 06:24:50.836,2.03854,2.03916,1.15,1.00
2015.03.03 06:24:50.937,2.03854,2.03916,1.00,1.07
2015.03.03 06:24:51.301,2.03842,2.03906,1.17,1.10
2015.03.03 06:24:54.213,2.03833,2.03907,1.82,1.85
2015.03.03 06:24:54.263,2.03832,2.03896,1.15,1.00
2015.03.03 06:24:54.871,2.03828,2.03897,1.50,1.00
2015.03.03 06:24:55.124,2.03834,2.03896,1.50,1.00
2015.03.03 06:24:55.575,2.03841,2.03906,1.07,1.07
2015.03.03 06:25:05.243,2.03841,2.03897,1.07,1.00
2015.03.03 06:25:13.812,2.03841,2.03896,1.07,1.00
2015.03.03 06:25:16.334,2.03841,2.03896,1.82,1.00
2015.03.03 06:25:16.385,2.03841,2.03907,1.82,1.00
2015.03.03 06:25:16.500,2.03841,2.03896,1.82,1.00
2015.03.03 06:25:16.976,2.03841,2.03896,1.07,1.00
2015.03.03 06:25:19.690,2.03834,2.03897,1.50,1.00
2015.03.03 06:25:21.732,2.03834,2.03896,2.25,1.00
2015.03.03 06:25:22.268,2.03842,2.03897,1.10,1.00
2015.03.03 06:25:27.232,2.03834,2.03887,1.50,1.00
2015.03.03 06:25:29.683,2.03834,2.03896,1.50,1.00
2015.03.03 06:25:36.997,2.03834,2.03896,1.57,1.00
2015.03.03 06:25:37.500,2.03834,2.03896,1.00,1.17
2015.03.03 06:25:37.612,2.03825,2.03887,1.50,1.00
2015.03.03 06:25:40.112,2.03823,2.03887,1.15,1.00
2015.03.03 06:25:40.213,2.03824,2.03876,1.17,1.00
2015.03.03 06:25:40.515,2.03814,2.03866,1.15,1.00
2015.03.03 06:25:40.616,2.03814,2.03866,1.00,1.00
2015.03.03 06:25:40.919,2.03812,2.03867,1.00,1.00
2015.03.03 06:25:41.120,2.03803,2.03867,2.25,1.00
2015.03.03 06:25:41.685,2.03814,2.03866,1.00,1.00
2015.03.03 06:25:41.786,2.03814,2.03876,1.00,1.15
2015.03.03 06:25:42.400,2.03814,2.03876,1.17,1.00
2015.03.03 06:25:44.722,2.03813,2.03877,1.15,1.00
2015.03.03 06:25:48.583,2.03822,2.03877,1.00,1.00
2015.03.03 06:25:50.651,2.03813,2.03877,1.15,1.00
2015.03.03 06:25:52.426,2.03816,2.03877,1.50,1.00
2015.03.03 06:25:55.792,2.03822,2.03877,1.10,1.75
2015.03.03 06:25:55.842,2.03813,2.03877,1.00,1.82
2015.03.03 06:25:55.893,2.03813,2.03876,1.07,1.07
2015.03.03 06:25:56.195,2.03822,2.03856,1.75,1.00
2015.03.03 06:25:56.296,2.03823,2.03877,2.25,1.00
2015.03.03 06:25:57.041,2.03823,2.03887,2.25,1.00
2015.03.03 06:25:57.142,2.0383,2.03887,1.50,1.00
2015.03.03 06:25:59.098,2.03833,2.03887,1.07,1.07
2015.03.03 06:25:59.148,2.03823,2.03887,1.00,1.15
2015.03.03 06:25:59.199,2.03823,2.03887,1.75,1.07
2015.03.03 06:25:59.350,2.03821,2.03876,1.07,1.00
2015.03.03 06:25:59.400,2.03821,2.03876,1.75,1.00
2015.03.03 06:25:59.501,2.03824,2.03886,1.15,1.00
2015.03.03 06:25:59.618,2.03824,2.03886,1.00,1.17
2015.03.03 06:25:59.719,2.03821,2.03876,1.07,1.00
2015.03.03 06:25:59.936,2.03834,2.03896,1.00,2.40
2015.03.03 06:26:00.201,2.03834,2.03896,1.07,1.07
2015.03.03 06:26:00.251,2.03834,2.03896,1.07,1.00
2015.03.03 06:26:01.842,2.03834,2.03894,1.00,1.50
2015.03.03 06:26:01.893,2.03824,2.03887,1.10,1.07
2015.03.03 06:26:01.993,2.03821,2.03876,1.17,1.00
2015.03.03 06:26:02.245,2.03831,2.03887,1.00,1.00
2015.03.03 06:26:02.405,2.03831,2.03887,1.07,1.00
2015.03.03 06:26:03.093,2.03834,2.03896,1.15,1.00
2015.03.03 06:26:03.452,2.03844,2.03906,1.10,1.00
2015.03.03 06:26:03.716,2.03844,2.03906,1.75,1.00
2015.03.03 06:26:03.867,2.03844,2.03917,1.50,1.15
2015.03.03 06:26:04.328,2.03854,2.03916,1.00,1.15
2015.03.03 06:26:04.845,2.03854,2.03925,1.15,1.15
2015.03.03 06:26:04.895,2.03853,2.03917,1.57,1.00
2015.03.03 06:26:05.662,2.03854,2.03926,1.15,1.15
2015.03.03 06:26:05.882,2.03854,2.03916,1.15,1.00
2015.03.03 06:26:06.101,2.03862,2.03926,1.00,1.15
2015.03.03 06:26:06.427,2.03864,2.03926,1.07,1.07
2015.03.03 06:26:06.478,2.03864,2.03926,1.17,1.00
2015.03.03 06:26:07.263,2.03863,2.03927,1.15,1.00
2015.03.03 06:26:10.319,2.03863,2.03927,1.07,1.50
2015.03.03 06:26:10.792,2.03853,2.03927,1.15,1.57
2015.03.03 06:26:15.740,2.03853,2.03917,1.15,1.00
2015.03.03 06:26:19.772,2.03853,2.03917,1.00,1.17
2015.03.03 06:26:28.549,2.03853,2.03917,1.00,1.85
2015.03.03 06:26:28.801,2.03843,2.03915,1.15,1.50
2015.03.03 06:26:30.291,2.03844,2.03916,1.82,1.07
2015.03.03 06:26:30.770,2.03854,2.03916,1.00,1.07
2015.03.03 06:26:36.505,2.03843,2.03917,2.25,1.17
2015.03.03 06:26:39.396,2.03854,2.03916,1.00,1.07
2015.03.03 06:26:41.022,2.03843,2.03907,2.25,1.00
2015.03.03 06:26:41.269,2.03843,2.03907,1.57,1.10
2015.03.03 06:26:41.320,2.03843,2.03907,1.15,1.10
2015.03.03 06:26:45.731,2.03854,2.03915,1.00,1.50
2015.03.03 06:26:47.821,2.03843,2.03907,1.15,1.10
2015.03.03 06:26:48.480,2.03853,2.03907,1.00,1.10
2015.03.03 06:26:49.041,2.03853,2.03917,1.00,1.15
2015.03.03 06:26:49.542,2.03854,2.03916,1.00,1.17
2015.03.03 06:26:55.080,2.03853,2.03907,1.00,1.00
2015.03.03 06:27:07.202,2.03843,2.03907,1.15,1.10
2015.03.03 06:27:12.837,2.03844,2.03906,1.17,1.00
2015.03.03 06:27:16.769,2.03844,2.03904,1.17,1.00
2015.03.03 06:27:17.159,2.03843,2.03897,1.00,1.00
2015.03.03 06:27:17.866,2.03843,2.03903,1.00,1.15
2015.03.03 06:27:19.202,2.03844,2.03896,1.00,1.00
2015.03.03 06:27:19.505,2.03833,2.03897,1.15,1.00
2015.03.03 06:27:20.162,2.03833,2.03896,1.07,1.07
2015.03.03 06:27:20.265,2.03833,2.03896,1.00,1.15
2015.03.03 06:27:23.916,2.03833,2.03887,1.00,1.00
2015.03.03 06:27:30.732,2.03832,2.03886,1.10,1.00
2015.03.03 06:27:31.292,2.03834,2.03886,1.00,1.00
2015.03.03 06:27:47.362,2.03823,2.03887,1.82,1.00
2015.03.03 06:27:49.231,2.03833,2.03887,1.00,1.00
2015.03.03 06:27:57.840,2.03833,2.03887,1.07,1.00
2015.03.03 06:27:58.142,2.03844,2.03896,1.57,1.00
2015.03.03 06:27:58.243,2.03854,2.03916,1.07,1.07
2015.03.03 06:27:58.343,2.03854,2.03916,1.15,1.00
2015.03.03 06:27:58.444,2.03854,2.03906,1.07,1.00
2015.03.03 06:27:58.495,2.03854,2.03906,1.00,1.00
2015.03.03 06:27:58.596,2.03844,2.03906,1.82,1.00
2015.03.03 06:27:58.847,2.03862,2.03906,1.00,1.00
2015.03.03 06:27:58.898,2.03862,2.03917,1.00,1.15
2015.03.03 06:27:58.999,2.03863,2.03917,1.00,1.00
2015.03.03 06:27:59.508,2.03863,2.03917,1.17,1.00
2015.03.03 06:28:18.351,2.03853,2.03917,1.15,1.00
2015.03.03 06:28:21.760,2.03853,2.03917,1.07,1.07
2015.03.03 06:28:21.862,2.03853,2.03917,1.00,1.15
2015.03.03 06:28:22.920,2.03861,2.03917,1.00,1.15
2015.03.03 06:28:23.249,2.03863,2.03917,1.00,1.15
2015.03.03 06:28:23.350,2.03861,2.03917,1.00,1.15
2015.03.03 06:28:24.180,2.03861,2.03906,1.00,1.00
2015.03.03 06:28:24.429,2.03862,2.03917,1.00,1.15
2015.03.03 06:28:24.530,2.03862,2.03907,1.00,1.00
2015.03.03 06:28:27.598,2.03862,2.03917,1.00,1.15
2015.03.03 06:28:27.648,2.03871,2.03917,1.00,1.15
2015.03.03 06:28:29.349,2.03871,2.03906,1.00,1.00
2015.03.03 06:28:29.651,2.03861,2.03907,1.00,1.07
2015.03.03 06:28:29.701,2.03861,2.03896,1.00,1.00
2015.03.03 06:28:29.853,2.03851,2.03896,1.00,1.00
2015.03.03 06:28:30.400,2.03851,2.03897,1.00,1.00
2015.03.03 06:28:30.918,2.03851,2.03896,1.00,1.00
2015.03.03 06:28:33.570,2.03852,2.03896,1.00,1.00
2015.03.03 06:28:34.078,2.03851,2.03896,1.00,1.00
2015.03.03 06:28:34.654,2.03852,2.03896,1.00,1.00
2015.03.03 06:28:35.315,2.03852,2.03897,1.00,1.00
2015.03.03 06:28:35.366,2.03843,2.03897,1.00,1.00
2015.03.03 06:28:35.467,2.03841,2.03896,1.00,1.00
2015.03.03 06:28:37.183,2.03841,2.03896,1.00,1.07
2015.03.03 06:28:37.776,2.03841,2.03896,1.00,1.15
2015.03.03 06:28:42.959,2.03842,2.03896,1.00,1.15
2015.03.03 06:28:43.368,2.03834,2.03896,1.00,1.15
2015.03.03 06:28:43.469,2.03834,2.03886,1.00,1.00
2015.03.03 06:28:43.670,2.03832,2.03887,1.00,1.00
2015.03.03 06:28:46.389,2.03832,2.03887,1.00,1.07
2015.03.03 06:28:47.757,2.03823,2.03887,1.10,1.07
2015.03.03 06:28:49.346,2.03831,2.03887,1.00,1.07
2015.03.03 06:28:55.358,2.03832,2.03887,1.00,1.07
2015.03.03 06:28:55.917,2.03823,2.03887,1.10,1.07
2015.03.03 06:29:01.111,2.03831,2.03887,1.00,1.07
2015.03.03 06:29:01.397,2.03823,2.03887,1.10,1.07
2015.03.03 06:29:04.587,2.03832,2.03887,1.00,1.07
2015.03.03 06:29:04.807,2.03823,2.03887,1.10,1.07
2015.03.03 06:29:05.337,2.03824,2.03876,1.00,1.00
2015.03.03 06:29:06.000,2.03814,2.03876,1.07,1.00
2015.03.03 06:29:08.224,2.03814,2.03876,1.00,1.50
2015.03.03 06:29:14.007,2.03814,2.03866,1.00,1.00
2015.03.03 06:29:30.327,2.03814,2.03876,1.00,1.57
2015.03.03 06:29:30.608,2.03814,2.03876,1.07,1.00
2015.03.03 06:29:42.317,2.03823,2.03877,1.00,1.10
2015.03.03 06:29:42.832,2.03824,2.03876,1.00,1.00
2015.03.03 06:29:50.723,2.03824,2.03886,1.15,1.00
2015.03.03 06:29:50.977,2.03823,2.03877,1.57,1.00
2015.03.03 06:29:52.200,2.03813,2.03877,2.25,1.00
2015.03.03 06:29:54.307,2.03823,2.03877,1.00,1.00
2015.03.03 06:29:56.191,2.03814,2.03876,1.82,1.00
2015.03.03 06:29:56.248,2.03824,2.03876,1.00,1.00
2015.03.03 06:29:57.249,2.03823,2.03887,1.00,1.15
2015.03.03 06:29:57.941,2.03823,2.03877,1.00,1.00
2015.03.03 06:29:58.317,2.03823,2.03877,1.15,1.00
2015.03.03 06:29:58.578,2.03823,2.03887,1.15,1.00
2015.03.03 06:29:58.729,2.03823,2.03887,1.00,1.15
2015.03.03 06:29:59.078,2.03823,2.03877,1.00,1.00
2015.03.03 06:29:59.546,2.03824,2.03886,1.00,1.15
2015.03.03 06:30:00.348,2.03824,2.03886,1.00,1.00
2015.03.03 06:30:00.916,2.03824,2.03886,1.15,1.00
2015.03.03 06:30:01.218,2.03833,2.03897,1.00,1.10
2015.03.03 06:30:02.091,2.03844,2.03896,1.00,1.00
2015.03.03 06:30:03.996,2.03843,2.03907,1.00,1.15
2015.03.03 06:30:04.046,2.03843,2.03907,1.15,1.00
2015.03.03 06:30:04.348,2.03843,2.03897,1.00,1.00
2015.03.03 06:30:08.918,2.03834,2.03896,1.15,1.00
2015.03.03 06:30:09.008,2.03843,2.03897,1.00,1.00
2015.03.03 06:30:10.011,2.03844,2.03906,1.00,1.10
2015.03.03 06:30:10.357,2.03844,2.03896,1.00,1.00
2015.03.03 06:30:19.688,2.03834,2.03896,1.15,1.00
2015.03.03 06:30:24.407,2.03833,2.03897,1.15,1.00
2015.03.03 06:30:24.854,2.03844,2.03896,1.00,1.00
2015.03.03 06:30:34.200,2.03833,2.03897,1.15,1.00
2015.03.03 06:30:43.448,2.03844,2.03896,1.00,1.00
2015.03.03 06:30:43.681,2.03844,2.03906,1.00,1.15
2015.03.03 06:30:43.897,2.03854,2.03906,1.00,1.00
2015.03.03 06:30:44.887,2.03844,2.03906,1.00,1.00
2015.03.03 06:30:45.089,2.03854,2.03916,1.00,1.15
2015.03.03 06:30:45.638,2.03853,2.03917,1.00,1.07
2015.03.03 06:30:45.955,2.03854,2.03916,1.07,1.00
2015.03.03 06:30:46.276,2.03864,2.03916,1.00,1.00
2015.03.03 06:30:46.427,2.03853,2.03917,1.15,1.00
2015.03.03 06:30:46.537,2.03853,2.03917,1.07,1.10
2015.03.03 06:30:46.588,2.03853,2.03917,1.00,1.10
2015.03.03 06:30:46.638,2.03863,2.03917,1.00,1.00
2015.03.03 06:30:46.739,2.03854,2.03916,1.15,1.00
2015.03.03 06:30:46.890,2.03863,2.03917,1.00,1.00
2015.03.03 06:30:49.448,2.03863,2.03917,1.00,1.07
2015.03.03 06:30:49.749,2.03853,2.03917,1.00,1.07
2015.03.03 06:30:55.989,2.03863,2.03917,1.00,1.07
2015.03.03 06:30:56.089,2.03863,2.03927,1.00,1.07
2015.03.03 06:30:56.452,2.03873,2.03927,1.00,1.07
2015.03.03 06:30:58.207,2.03864,2.03926,1.00,1.10
2015.03.03 06:30:59.177,2.03863,2.03917,1.00,1.00
2015.03.03 06:31:08.186,2.03853,2.03917,1.00,1.00
2015.03.03 06:31:16.618,2.03853,2.03917,1.00,1.07
2015.03.03 06:31:17.066,2.03853,2.03917,1.00,1.15
2015.03.03 06:31:17.766,2.03854,2.03916,1.00,1.15
2015.03.03 06:31:18.137,2.03854,2.03906,1.00,1.00
2015.03.03 06:31:25.376,2.03843,2.03907,1.15,1.00
2015.03.03 06:31:26.226,2.03843,2.03897,1.15,1.00
2015.03.03 06:31:28.426,2.03843,2.03907,1.15,1.00
2015.03.03 06:31:28.666,2.03854,2.03906,1.00,1.00
2015.03.03 06:31:28.886,2.03844,2.03906,1.17,1.00
2015.03.03 06:31:29.088,2.03854,2.03906,1.00,1.00
2015.03.03 06:31:29.341,2.03843,2.03907,1.15,1.00
2015.03.03 06:31:31.176,2.03853,2.03907,1.00,1.00
2015.03.03 06:31:31.395,2.03843,2.03907,1.00,1.15
2015.03.03 06:31:31.966,2.03843,2.03897,1.00,1.00
2015.03.03 06:31:38.449,2.03843,2.03907,1.07,1.07
2015.03.03 06:31:38.500,2.03843,2.03907,1.15,1.00
2015.03.03 06:31:38.651,2.03853,2.03907,1.07,1.00
2015.03.03 06:31:38.802,2.03874,2.03926,1.00,1.00
2015.03.03 06:31:38.903,2.03874,2.03936,1.00,1.00
2015.03.03 06:31:39.773,2.03883,2.03937,1.00,1.10
2015.03.03 06:31:41.076,2.03884,2.03946,1.00,1.15
2015.03.03 06:31:41.227,2.03884,2.03946,1.00,1.07
2015.03.03 06:31:50.206,2.03883,2.03947,1.00,1.17
2015.03.03 06:31:50.659,2.03894,2.03946,1.00,1.07
2015.03.03 06:31:51.526,2.03883,2.03947,1.00,1.17
2015.03.03 06:31:51.876,2.03894,2.03946,1.00,1.07
2015.03.03 06:31:52.077,2.03883,2.03947,1.00,1.17
2015.03.03 06:31:52.295,2.03894,2.03946,1.00,1.07
2015.03.03 06:31:52.645,2.03883,2.03947,1.00,1.17
2015.03.03 06:31:52.847,2.03893,2.03947,1.00,1.17
2015.03.03 06:31:57.369,2.03883,2.03947,1.00,1.17
2015.03.03 06:31:57.521,2.03883,2.03946,1.00,1.95
2015.03.03 06:31:57.622,2.03873,2.03937,1.00,1.07
2015.03.03 06:31:57.923,2.03866,2.03927,1.17,1.00
2015.03.03 06:31:58.225,2.03863,2.03917,1.00,1.00
2015.03.03 06:31:58.477,2.03854,2.03916,1.00,1.15
2015.03.03 06:32:01.995,2.03854,2.03906,1.00,1.00
2015.03.03 06:32:02.751,2.03844,2.03906,1.00,1.17
2015.03.03 06:32:03.207,2.03834,2.03896,1.15,1.00
2015.03.03 06:32:03.370,2.03834,2.03896,1.00,1.00
2015.03.03 06:32:10.905,2.03834,2.03886,1.00,1.00
2015.03.03 06:32:15.370,2.03842,2.03886,1.00,1.00
2015.03.03 06:32:16.070,2.03842,2.03896,1.00,1.00
2015.03.03 06:32:16.575,2.03841,2.03897,1.00,1.00
2015.03.03 06:32:17.316,2.03842,2.03897,1.00,1.00
2015.03.03 06:32:17.865,2.03841,2.03897,1.00,1.00
2015.03.03 06:32:25.126,2.03851,2.03897,1.00,1.00
2015.03.03 06:32:28.210,2.03852,2.03897,1.00,1.00
2015.03.03 06:32:28.310,2.03852,2.03906,1.00,1.00
2015.03.03 06:32:28.411,2.03863,2.03917,1.00,1.17
2015.03.03 06:32:28.914,2.03863,2.03917,1.00,1.00
2015.03.03 06:32:30.355,2.03862,2.03916,1.00,1.00
2015.03.03 06:32:33.565,2.03854,2.03916,1.15,1.00
2015.03.03 06:32:33.826,2.03862,2.03917,1.00,1.00
2015.03.03 06:32:34.336,2.03862,2.03916,1.00,1.00
2015.03.03 06:32:35.148,2.03871,2.03916,1.00,1.00
2015.03.03 06:32:35.307,2.03871,2.03927,1.00,1.15
2015.03.03 06:32:38.385,2.03874,2.03926,1.00,1.00
2015.03.03 06:32:38.900,2.03873,2.03927,1.00,1.00
2015.03.03 06:32:38.950,2.03871,2.03927,1.00,1.00
2015.03.03 06:32:44.063,2.03863,2.03927,1.15,1.00
2015.03.03 06:32:48.394,2.03874,2.03926,1.00,1.00
2015.03.03 06:32:50.409,2.03871,2.03927,1.00,1.00
2015.03.03 06:32:50.510,2.03873,2.03927,1.00,1.00
2015.03.03 06:32:50.954,2.03864,2.03926,1.17,1.00
2015.03.03 06:32:51.057,2.03871,2.03926,1.00,1.00
2015.03.03 06:32:51.606,2.03864,2.03926,1.17,1.00
2015.03.03 06:32:51.716,2.03871,2.03926,1.00,1.00
2015.03.03 06:32:51.826,2.03864,2.03926,1.17,1.00
2015.03.03 06:32:52.037,2.03864,2.03916,1.17,1.00
2015.03.03 06:32:52.159,2.03864,2.03926,1.17,1.00
2015.03.03 06:32:52.505,2.03864,2.03916,1.17,1.00
2015.03.03 06:32:52.606,2.03863,2.03927,1.15,1.00
2015.03.03 06:32:54.266,2.03871,2.03927,1.00,1.00
2015.03.03 06:32:54.817,2.03872,2.03927,1.00,1.00
2015.03.03 06:32:55.351,2.03863,2.03927,1.15,1.00
2015.03.03 06:32:55.465,2.03871,2.03927,1.00,1.00
2015.03.03 06:32:56.138,2.03872,2.03926,1.00,1.00
2015.03.03 06:32:56.375,2.03864,2.03926,1.17,1.00
2015.03.03 06:32:56.811,2.03864,2.03926,1.00,1.00
2015.03.03 06:32:57.352,2.03863,2.03927,1.00,1.10
2015.03.03 06:33:09.443,2.03874,2.03926,1.00,1.00
2015.03.03 06:33:09.944,2.03874,2.03936,1.00,1.15
2015.03.03 06:33:13.584,2.03874,2.03926,1.00,1.00
2015.03.03 06:33:14.099,2.03873,2.03927,1.00,1.10
2015.03.03 06:33:19.414,2.03864,2.03926,1.00,1.00
2015.03.03 06:33:19.867,2.03874,2.03926,1.00,1.00
2015.03.03 06:33:20.624,2.03874,2.03936,1.00,1.15
2015.03.03 06:33:20.775,2.03874,2.03936,1.00,1.10
2015.03.03 06:33:21.110,2.03873,2.03927,1.00,1.00
2015.03.03 06:33:21.211,2.03863,2.03927,1.15,1.00
2015.03.03 06:33:21.262,2.03863,2.03927,1.00,1.00
2015.03.03 06:33:22.181,2.03863,2.03917,1.00,1.00
2015.03.03 06:33:22.405,2.03864,2.03926,1.00,1.00
2015.03.03 06:33:27.553,2.03874,2.03926,1.00,1.00
2015.03.03 06:33:27.994,2.03882,2.03926,1.00,1.00
2015.03.03 06:33:28.127,2.03874,2.03926,1.00,1.00
2015.03.03 06:33:30.634,2.03874,2.03936,1.00,1.07
2015.03.03 06:33:30.743,2.03884,2.03936,1.00,1.07
2015.03.03 06:33:31.185,2.03884,2.03946,1.00,1.15
2015.03.03 06:33:32.104,2.03912,2.03946,1.00,1.15
2015.03.03 06:33:32.205,2.03912,2.03956,1.00,1.15
2015.03.03 06:33:32.306,2.03911,2.03967,1.00,1.00
2015.03.03 06:33:32.406,2.03913,2.03977,1.00,1.15
2015.03.03 06:33:32.507,2.03923,2.03987,1.00,1.15
2015.03.03 06:33:32.809,2.03933,2.03992,1.00,1.95
2015.03.03 06:33:32.910,2.03933,2.03997,1.00,1.15
2015.03.03 06:33:33.011,2.03924,2.03986,1.00,1.00
2015.03.03 06:33:33.061,2.03933,2.03997,1.00,1.15
2015.03.03 06:33:33.212,2.03933,2.03997,1.00,1.07
2015.03.03 06:33:33.644,2.03934,2.03996,1.00,1.17
2015.03.03 06:33:33.959,2.03923,2.03997,1.00,1.15
2015.03.03 06:33:34.043,2.03933,2.03997,1.00,1.15
2015.03.03 06:33:35.380,2.03934,2.03996,1.00,1.15
2015.03.03 06:33:35.481,2.03924,2.03986,1.00,1.00
2015.03.03 06:33:35.583,2.03934,2.03996,1.00,1.15
2015.03.03 06:33:36.137,2.03933,2.03997,1.00,1.15
2015.03.03 06:33:36.640,2.03934,2.03996,1.00,1.65
2015.03.03 06:33:41.464,2.03933,2.03997,1.00,1.15
2015.03.03 06:33:41.734,2.03934,2.03996,1.00,1.10
2015.03.03 06:33:41.785,2.03923,2.03987,1.07,1.00
2015.03.03 06:33:41.836,2.03923,2.03987,1.10,1.00
2015.03.03 06:33:43.503,2.03934,2.03996,1.00,1.15
2015.03.03 06:33:44.074,2.03934,2.03996,1.00,2.70
2015.03.03 06:33:44.477,2.03934,2.03993,1.00,1.95
2015.03.03 06:33:46.033,2.03933,2.03993,1.00,1.95
2015.03.03 06:33:50.331,2.03924,2.03986,1.00,1.15
2015.03.03 06:33:56.620,2.03923,2.03987,1.00,1.15
2015.03.03 06:34:00.911,2.03923,2.03987,1.00,1.15
2015.03.03 06:34:01.213,2.03923,2.03986,1.00,1.95
2015.03.03 06:34:01.983,2.03924,2.03986,1.00,2.70
2015.03.03 06:34:03.633,2.03923,2.03986,1.00,1.95
2015.03.03 06:34:04.623,2.03924,2.03986,1.00,2.70
2015.03.03 06:34:05.234,2.03923,2.03986,1.00,1.95
2015.03.03 06:34:07.392,2.03924,2.03976,1.00,1.07
2015.03.03 06:34:20.911,2.03924,2.03976,1.00,1.15
2015.03.03 06:34:21.324,2.03924,2.03976,1.00,1.15
2015.03.03 06:34:33.104,2.03924,2.03974,1.00,1.95
2015.03.03 06:34:33.155,2.03914,2.03974,1.00,1.95
2015.03.03 06:34:33.206,2.03914,2.03972,1.00,1.95
2015.03.03 06:34:33.630,2.03914,2.03966,1.00,1.15
2015.03.03 06:34:33.680,2.03904,2.03965,1.00,2.70
2015.03.03 06:34:33.731,2.03904,2.03959,1.00,1.95
2015.03.03 06:34:33.932,2.03893,2.03957,1.00,2.70
2015.03.03 06:34:34.563,2.03894,2.03956,1.00,1.15
2015.03.03 06:34:37.623,2.03893,2.03947,1.00,1.07
2015.03.03 06:34:37.879,2.03884,2.03946,1.00,1.10
2015.03.03 06:34:43.673,2.03893,2.03957,1.00,2.70
2015.03.03 06:34:49.519,2.03893,2.03957,1.00,1.17
2015.03.03 06:34:49.620,2.03904,2.03956,1.00,1.07
2015.03.03 06:35:00.393,2.03903,2.03966,1.00,1.95
2015.03.03 06:35:00.544,2.03903,2.03967,1.00,1.15
2015.03.03 06:35:00.962,2.03914,2.03973,1.00,1.95
2015.03.03 06:35:01.021,2.03914,2.03976,1.00,1.15
2015.03.03 06:35:01.072,2.03923,2.03977,1.00,1.15
2015.03.03 06:35:05.174,2.03923,2.03974,1.00,1.95
2015.03.03 06:35:05.375,2.03913,2.03973,1.00,1.95
2015.03.03 06:35:06.115,2.03914,2.03966,1.00,1.15
2015.03.03 06:35:18.855,2.03914,2.03966,1.00,2.70
2015.03.03 06:35:18.905,2.03903,2.03966,1.00,1.95
2015.03.03 06:35:19.374,2.03894,2.03956,1.00,1.17
2015.03.03 06:35:21.640,2.03904,2.03956,1.00,1.17
2015.03.03 06:35:21.741,2.03894,2.03956,1.00,1.17
2015.03.03 06:35:24.949,2.03893,2.03957,1.00,1.15
2015.03.03 06:35:43.093,2.03903,2.03957,1.00,1.17
2015.03.03 06:35:43.663,2.03894,2.03956,1.00,1.07
2015.03.03 06:35:43.981,2.03903,2.03957,1.00,1.17
2015.03.03 06:35:44.182,2.03894,2.03956,1.00,1.07
2015.03.03 06:35:47.694,2.03903,2.03957,1.00,1.17
2015.03.03 06:35:47.903,2.03903,2.03957,1.00,1.10
2015.03.03 06:35:48.054,2.03904,2.03966,1.00,1.15
2015.03.03 06:35:48.933,2.03904,2.03956,1.00,1.00
2015.03.03 06:36:13.346,2.03904,2.03966,1.00,1.10
2015.03.03 06:36:21.471,2.03903,2.03957,1.00,1.00
2015.03.03 06:36:22.061,2.03893,2.03957,1.07,1.07
2015.03.03 06:36:22.162,2.03904,2.03956,1.00,1.10
2015.03.03 06:36:22.363,2.03893,2.03957,1.00,1.07
2015.03.03 06:36:22.582,2.03903,2.03957,1.00,1.07
2015.03.03 06:36:22.783,2.03894,2.03956,1.00,1.10
2015.03.03 06:36:23.112,2.03904,2.03956,1.00,1.10
2015.03.03 06:36:28.766,2.03903,2.03967,1.07,1.00
2015.03.03 06:36:29.172,2.03913,2.03967,1.00,1.00
2015.03.03 06:36:29.709,2.03913,2.03967,1.00,1.07
2015.03.03 06:36:30.241,2.03913,2.03967,1.00,1.00
2015.03.03 06:36:30.543,2.03923,2.03977,1.00,1.07
2015.03.03 06:36:44.516,2.03923,2.03977,1.00,1.07
2015.03.03 06:36:44.566,2.03913,2.03977,1.00,1.15
2015.03.03 06:36:47.760,2.03914,2.03976,1.00,1.15
2015.03.03 06:36:59.012,2.03914,2.03966,1.00,1.07
2015.03.03 06:36:59.113,2.03914,2.03966,1.00,1.07
2015.03.03 06:36:59.213,2.03914,2.03966,1.00,1.00
2015.03.03 06:36:59.721,2.03913,2.03977,1.00,1.15
2015.03.03 06:37:01.423,2.03904,2.03966,1.00,1.00
2015.03.03 06:37:01.725,2.03913,2.03977,1.00,1.15
2015.03.03 06:37:14.240,2.03914,2.03976,1.00,1.15
2015.03.03 06:37:19.929,2.03914,2.03976,1.00,1.15
2015.03.03 06:37:20.532,2.03914,2.03976,1.00,1.15
2015.03.03 06:37:30.960,2.03913,2.03977,1.00,1.15
2015.03.03 06:37:32.091,2.03924,2.03976,1.00,1.15
2015.03.03 06:37:40.985,2.03924,2.03976,1.00,1.15
2015.03.03 06:37:41.036,2.03924,2.03976,1.00,1.17
2015.03.03 06:37:43.720,2.03913,2.03977,1.00,1.15
2015.03.03 06:37:44.160,2.03923,2.03977,1.00,1.15
2015.03.03 06:37:44.403,2.03914,2.03976,1.00,1.17
2015.03.03 06:38:10.702,2.03924,2.03976,1.00,1.17
2015.03.03 06:38:11.203,2.03923,2.03985,1.00,1.95
2015.03.03 06:38:22.661,2.03923,2.03987,1.00,1.15
2015.03.03 06:38:27.942,2.03924,2.03976,1.00,1.00
2015.03.03 06:38:38.983,2.03924,2.03976,1.00,1.07
2015.03.03 06:38:39.484,2.03924,2.03976,1.00,1.15
2015.03.03 06:38:50.819,2.03913,2.03977,1.00,1.15
2015.03.03 06:38:50.928,2.03924,2.03976,1.00,1.15
2015.03.03 06:38:54.793,2.03913,2.03977,1.00,1.15
2015.03.03 06:38:56.662,2.03914,2.03966,1.00,1.00
2015.03.03 06:38:56.978,2.03913,2.03977,1.00,1.15
2015.03.03 06:38:57.638,2.03904,2.03956,1.00,1.00
2015.03.03 06:38:57.940,2.03911,2.03966,1.00,1.15
2015.03.03 06:38:58.801,2.03904,2.03966,1.00,1.15
2015.03.03 06:39:02.376,2.03902,2.03946,1.00,1.00
2015.03.03 06:39:02.478,2.03903,2.03957,1.00,1.00
2015.03.03 06:39:02.589,2.03902,2.03947,1.00,1.00
2015.03.03 06:39:02.690,2.03893,2.03947,1.00,1.00
2015.03.03 06:39:03.159,2.03891,2.03937,1.00,1.00
2015.03.03 06:39:03.411,2.03891,2.03946,1.00,1.15
2015.03.03 06:39:03.511,2.03891,2.03937,1.00,1.00
2015.03.03 06:39:04.068,2.03891,2.03936,1.00,1.10
2015.03.03 06:39:04.519,2.03882,2.03936,1.00,1.10
2015.03.03 06:39:05.618,2.03891,2.03936,1.00,1.10
2015.03.03 06:39:05.923,2.03882,2.03926,1.00,1.00
2015.03.03 06:39:06.023,2.03882,2.03937,1.00,1.15
2015.03.03 06:39:06.373,2.03882,2.03927,1.00,1.00
2015.03.03 06:39:06.548,2.03882,2.03936,1.00,1.15
2015.03.03 06:39:06.700,2.03882,2.03936,1.00,1.00
2015.03.03 06:39:07.255,2.03882,2.03926,1.00,1.00
2015.03.03 06:39:13.100,2.03891,2.03926,1.00,1.00
2015.03.03 06:39:13.549,2.03881,2.03926,1.00,1.00
2015.03.03 06:39:13.869,2.03892,2.03926,1.00,1.00
2015.03.03 06:39:14.089,2.03882,2.03926,1.00,1.00
2015.03.03 06:39:14.309,2.03892,2.03926,1.00,1.00
2015.03.03 06:39:14.541,2.03881,2.03926,1.00,1.00
2015.03.03 06:39:15.079,2.03882,2.03926,1.00,1.00
2015.03.03 06:39:15.339,2.03891,2.03926,1.00,1.00
2015.03.03 06:39:15.629,2.03881,2.03926,1.00,1.00
2015.03.03 06:39:15.849,2.03891,2.03926,1.00,1.00
2015.03.03 06:39:19.151,2.03892,2.03926,1.00,1.00
2015.03.03 06:39:21.840,2.03891,2.03926,1.00,1.00
2015.03.03 06:39:21.993,2.03891,2.03936,1.00,1.00
2015.03.03 06:39:22.592,2.03892,2.03936,1.00,1.00
2015.03.03 06:39:27.879,2.03882,2.03936,1.00,1.00
2015.03.03 06:39:40.319,2.03881,2.03936,1.00,1.00
2015.03.03 06:39:40.838,2.03882,2.03936,1.00,1.00
2015.03.03 06:39:42.043,2.03881,2.03936,1.00,1.00
2015.03.03 06:39:42.369,2.03891,2.03936,1.00,1.00
2015.03.03 06:39:43.568,2.03882,2.03936,1.00,1.00
2015.03.03 06:39:45.871,2.03892,2.03936,1.00,1.00
2015.03.03 06:39:46.574,2.03881,2.03936,1.00,1.00
2015.03.03 06:39:52.269,2.03882,2.03936,1.00,1.00
2015.03.03 06:39:53.193,2.03881,2.03936,1.00,1.00
2015.03.03 06:39:58.275,2.03881,2.03927,1.00,1.00
2015.03.03 06:39:58.376,2.03881,2.03937,1.00,1.00
2015.03.03 06:39:59.382,2.03881,2.03926,1.00,1.00
2015.03.03 06:40:00.255,2.03881,2.03937,1.00,1.00
2015.03.03 06:40:00.603,2.03881,2.03927,1.00,1.00
2015.03.03 06:40:00.754,2.03873,2.03927,1.10,1.00
2015.03.03 06:40:00.855,2.03881,2.03927,1.00,1.00
2015.03.03 06:40:01.010,2.03882,2.03936,1.00,1.00
2015.03.03 06:40:01.179,2.03892,2.03936,1.00,1.00
2015.03.03 06:40:01.763,2.03891,2.03936,1.00,1.00
2015.03.03 06:40:02.094,2.03881,2.03926,1.00,1.00
2015.03.03 06:40:06.089,2.03881,2.03927,1.00,1.00
2015.03.03 06:40:06.592,2.03874,2.03926,1.00,1.00
2015.03.03 06:40:06.721,2.03871,2.03926,1.00,1.00
2015.03.03 06:40:07.166,2.03871,2.03917,1.00,1.00
2015.03.03 06:40:07.425,2.03872,2.03927,1.00,1.00
2015.03.03 06:40:11.079,2.03871,2.03927,1.00,1.00
2015.03.03 06:40:11.129,2.03873,2.03927,1.00,1.00
2015.03.03 06:40:11.791,2.03871,2.03926,1.00,1.00
2015.03.03 06:40:12.860,2.03872,2.03926,1.00,1.00
2015.03.03 06:40:15.481,2.03881,2.03926,1.00,1.00
2015.03.03 06:40:15.810,2.03871,2.03926,1.00,1.00
2015.03.03 06:40:18.824,2.03872,2.03926,1.00,1.00
2015.03.03 06:40:19.816,2.03871,2.03926,1.00,1.00
2015.03.03 06:40:20.030,2.03873,2.03927,1.00,1.00
2015.03.03 06:40:21.149,2.03871,2.03927,1.00,1.00
2015.03.03 06:40:21.369,2.03873,2.03927,1.00,1.00
2015.03.03 06:40:23.849,2.03882,2.03927,1.00,1.00
2015.03.03 06:40:26.748,2.03873,2.03927,1.00,1.00
2015.03.03 06:40:41.615,2.03874,2.03936,1.00,1.00
2015.03.03 06:40:42.142,2.03874,2.03926,1.00,1.00
2015.03.03 06:41:09.562,2.03873,2.03937,1.10,1.00
2015.03.03 06:41:21.738,2.03874,2.03926,1.00,1.00
2015.03.03 06:41:22.407,2.03874,2.03936,1.00,1.17
2015.03.03 06:41:23.735,2.03874,2.03926,1.00,1.00
2015.03.03 06:41:24.068,2.03874,2.03936,1.00,1.17
2015.03.03 06:41:24.692,2.03873,2.03937,1.00,1.15
2015.03.03 06:41:25.198,2.03874,2.03936,1.00,1.17
2015.03.03 06:41:25.600,2.03874,2.03926,1.00,1.00
2015.03.03 06:41:29.987,2.03873,2.03927,1.00,1.00
2015.03.03 06:41:31.331,2.03874,2.03926,1.00,1.00
2015.03.03 06:41:45.057,2.03863,2.03927,1.00,1.17
2015.03.03 06:41:48.317,2.03871,2.03927,1.00,1.17
2015.03.03 06:41:49.659,2.03872,2.03927,1.00,1.17
2015.03.03 06:41:52.937,2.03871,2.03927,1.00,1.17
2015.03.03 06:41:55.442,2.03871,2.03927,1.00,1.00
2015.03.03 06:41:55.777,2.03874,2.03926,1.00,1.00
2015.03.03 06:42:02.868,2.03882,2.03926,1.00,1.00
2015.03.03 06:42:03.417,2.03881,2.03927,1.00,1.00
2015.03.03 06:42:06.178,2.03873,2.03927,1.00,1.00
2015.03.03 06:42:08.667,2.03882,2.03927,1.00,1.00
2015.03.03 06:42:09.107,2.03873,2.03927,1.00,1.00
2015.03.03 06:42:12.485,2.03874,2.03926,1.00,1.00
2015.03.03 06:42:42.586,2.03882,2.03926,1.00,1.00
2015.03.03 06:42:48.307,2.03874,2.03926,1.00,1.00
2015.03.03 06:42:50.616,2.03881,2.03926,1.00,1.00
2015.03.03 06:42:51.091,2.03874,2.03926,1.00,1.00
2015.03.03 06:42:51.610,2.03873,2.03937,1.00,1.00
2015.03.03 06:42:51.825,2.03874,2.03926,1.00,1.00
2015.03.03 06:42:52.132,2.03882,2.03926,1.00,1.00
2015.03.03 06:42:58.650,2.03881,2.03936,1.00,1.00
2015.03.03 06:42:59.332,2.03874,2.03936,1.15,1.00
2015.03.03 06:42:59.636,2.03882,2.03936,1.00,1.00
2015.03.03 06:43:00.626,2.03881,2.03936,1.00,1.00
2015.03.03 06:43:01.165,2.03882,2.03937,1.00,1.00
2015.03.03 06:43:01.286,2.03873,2.03937,1.15,1.00
2015.03.03 06:43:03.078,2.03882,2.03937,1.00,1.00
2015.03.03 06:43:04.608,2.03881,2.03937,1.00,1.00
2015.03.03 06:43:05.388,2.03882,2.03937,1.00,1.00
2015.03.03 06:43:09.867,2.03881,2.03937,1.00,1.00
2015.03.03 06:43:10.857,2.03882,2.03937,1.00,1.00
2015.03.03 06:43:13.255,2.03882,2.03937,1.07,1.00
2015.03.03 06:43:13.869,2.03884,2.03936,1.17,1.00
2015.03.03 06:43:14.400,2.03892,2.03936,1.00,1.00
2015.03.03 06:43:14.911,2.03891,2.03936,1.00,1.00
2015.03.03 06:43:16.356,2.03892,2.03936,1.00,1.00
2015.03.03 06:43:16.608,2.03892,2.03946,1.00,1.00
2015.03.03 06:43:16.709,2.03894,2.03946,1.00,1.00
2015.03.03 06:43:16.910,2.03914,2.03976,1.00,1.10
2015.03.03 06:43:16.960,2.03914,2.03976,1.07,1.00
2015.03.03 06:43:17.262,2.03922,2.03966,1.00,1.00
2015.03.03 06:43:17.363,2.03914,2.03966,1.15,1.00
2015.03.03 06:43:17.615,2.03922,2.03966,1.00,1.00
2015.03.03 06:43:18.166,2.03921,2.03966,1.00,1.00
2015.03.03 06:43:21.118,2.03912,2.03966,1.15,1.00
2015.03.03 06:43:24.947,2.03904,2.03966,1.15,1.00
2015.03.03 06:43:25.376,2.03912,2.03966,1.00,1.00
2015.03.03 06:43:26.808,2.03911,2.03966,1.00,1.00
2015.03.03 06:43:27.576,2.03904,2.03966,1.15,1.00
2015.03.03 06:43:28.079,2.03911,2.03966,1.00,1.00
2015.03.03 06:43:28.740,2.03912,2.03966,1.00,1.00
2015.03.03 06:43:30.150,2.03904,2.03966,1.15,1.00
2015.03.03 06:43:42.685,2.03914,2.03966,1.00,1.00
2015.03.03 06:43:42.910,2.03913,2.03977,1.00,1.00
2015.03.03 06:43:43.010,2.03914,2.03966,1.00,1.00
2015.03.03 06:43:43.312,2.03904,2.03956,1.00,1.00
2015.03.03 06:43:43.415,2.03904,2.03966,1.00,1.17
2015.03.03 06:43:43.676,2.03903,2.03957,1.00,1.00
2015.03.03 06:43:44.670,2.03904,2.03966,1.00,1.17
2015.03.03 06:44:03.899,2.03904,2.03966,1.00,1.10
2015.03.03 06:44:05.003,2.03903,2.03957,1.00,1.00
2015.03.03 06:44:11.122,2.03903,2.03967,1.00,1.15
2015.03.03 06:44:13.993,2.03903,2.03957,1.00,1.00
2015.03.03 06:44:17.936,2.03893,2.03957,1.00,1.15
2015.03.03 06:44:18.044,2.03893,2.03947,1.00,1.00
2015.03.03 06:44:18.973,2.03893,2.03947,1.07,1.00
2015.03.03 06:44:19.144,2.03893,2.03957,1.07,1.00
2015.03.03 06:44:23.544,2.03894,2.03956,1.10,1.00
2015.03.03 06:44:24.065,2.03893,2.03957,1.07,1.00
2015.03.03 06:44:24.634,2.03894,2.03956,1.10,1.00
2015.03.03 06:44:25.425,2.03893,2.03957,1.07,1.00
2015.03.03 06:44:25.984,2.03894,2.03956,1.10,1.00
2015.03.03 06:44:26.624,2.03893,2.03957,1.07,1.00
2015.03.03 06:44:28.934,2.03904,2.03956,1.00,1.00
2015.03.03 06:44:29.085,2.03911,2.03967,1.00,1.00
2015.03.03 06:44:29.186,2.03923,2.03977,1.00,1.00
2015.03.03 06:44:33.152,2.03924,2.03986,1.00,1.10
2015.03.03 06:44:33.482,2.03934,2.03986,1.00,1.10
2015.03.03 06:44:33.683,2.03933,2.03997,1.00,1.15
2015.03.03 06:44:34.625,2.03941,2.03997,1.00,1.15
2015.03.03 06:44:35.487,2.03941,2.03997,1.00,1.00
2015.03.03 06:44:36.093,2.03943,2.03997,1.00,1.00
2015.03.03 06:44:40.936,2.03943,2.04007,1.00,1.00
2015.03.03 06:44:43.017,2.03943,2.04007,1.15,1.00
2015.03.03 06:44:43.365,2.03951,2.04006,1.00,1.00
2015.03.03 06:44:43.568,2.03953,2.04017,1.15,1.00
2015.03.03 06:44:44.087,2.03954,2.04016,1.15,1.00
2015.03.03 06:44:44.452,2.03963,2.04017,1.00,1.00
2015.03.03 06:44:44.553,2.03963,2.04027,1.15,1.00
2015.03.03 06:44:44.604,2.03963,2.04027,1.15,1.00
2015.03.03 06:44:45.163,2.03974,2.04026,1.00,1.00
2015.03.03 06:44:46.204,2.03973,2.04037,1.00,1.15
2015.03.03 06:44:52.296,2.03974,2.04026,1.00,1.00
2015.03.03 06:44:52.473,2.03973,2.04037,1.00,1.15
2015.03.03 06:44:58.014,2.03981,2.04037,1.00,1.15
2015.03.03 06:44:59.340,2.03973,2.04037,1.00,1.15
2015.03.03 06:45:00.759,2.03974,2.04036,1.00,1.15
2015.03.03 06:45:02.615,2.03991,2.04036,1.00,1.15
2015.03.03 06:45:05.229,2.03991,2.04047,1.00,1.15
2015.03.03 06:45:05.473,2.03993,2.04047,1.00,1.15
2015.03.03 06:45:11.570,2.03993,2.04047,1.00,1.00
2015.03.03 06:45:11.670,2.03994,2.04056,1.00,1.00
2015.03.03 06:45:11.771,2.03993,2.04047,1.00,1.00
2015.03.03 06:45:11.973,2.03994,2.04056,1.00,1.00
2015.03.03 06:45:13.936,2.03993,2.04047,1.00,1.00
2015.03.03 06:45:14.517,2.03994,2.04046,1.00,1.00
2015.03.03 06:45:32.624,2.03993,2.04057,1.00,1.15
2015.03.03 06:45:33.725,2.03994,2.04046,1.00,1.00
2015.03.03 06:45:43.295,2.03994,2.04049,1.00,1.15
2015.03.03 06:45:43.447,2.03983,2.04047,1.00,1.15
2015.03.03 06:45:53.308,2.03984,2.04046,1.00,1.15
2015.03.03 06:45:54.293,2.03983,2.04047,1.00,1.15
2015.03.03 06:45:56.909,2.03983,2.04045,1.15,1.00
2015.03.03 06:45:57.223,2.04004,2.04056,1.00,1.00
2015.03.03 06:45:57.378,2.03993,2.04057,1.15,1.00
2015.03.03 06:45:57.429,2.03993,2.04057,1.00,1.15
2015.03.03 06:45:57.754,2.03994,2.04046,1.00,1.00
2015.03.03 06:45:58.498,2.04012,2.04046,1.00,1.00
2015.03.03 06:45:59.048,2.04002,2.04056,1.00,1.00
2015.03.03 06:45:59.504,2.04004,2.04056,1.00,1.00
2015.03.03 06:46:00.054,2.04003,2.04057,1.10,1.00
2015.03.03 06:46:00.919,2.04002,2.04057,1.00,1.00
2015.03.03 06:46:01.569,2.04002,2.04056,1.00,1.00
2015.03.03 06:46:02.453,2.03994,2.04056,1.17,1.00
2015.03.03 06:46:03.147,2.04001,2.04056,1.00,1.00
2015.03.03 06:46:03.556,2.04004,2.04056,1.00,1.00
2015.03.03 06:46:05.403,2.04001,2.04057,1.00,1.00
2015.03.03 06:46:05.628,2.04004,2.04056,1.00,1.00
2015.03.03 06:46:06.723,2.04003,2.04067,1.00,1.15
2015.03.03 06:46:06.843,2.04003,2.04057,1.00,1.00
2015.03.03 06:46:07.175,2.04011,2.04067,1.00,1.15
2015.03.03 06:46:08.434,2.04004,2.04066,1.00,1.17
2015.03.03 06:46:08.535,2.04003,2.04057,1.00,1.00
2015.03.03 06:46:11.563,2.04003,2.04064,1.00,1.10
2015.03.03 06:46:11.614,2.04011,2.04064,1.00,1.10
2015.03.03 06:46:11.916,2.04023,2.04077,1.00,1.00
2015.03.03 06:46:12.118,2.04023,2.04087,1.00,1.00
2015.03.03 06:46:13.036,2.04033,2.04087,1.00,1.00
2015.03.03 06:46:13.557,2.04023,2.04087,1.00,1.00
2015.03.03 06:46:13.764,2.04033,2.04087,1.00,1.00
2015.03.03 06:46:14.423,2.04024,2.04086,1.00,1.00
2015.03.03 06:46:14.835,2.04024,2.04086,1.00,1.15
2015.03.03 06:46:31.172,2.04023,2.04077,1.00,1.00
2015.03.03 06:46:40.073,2.04023,2.04068,1.00,1.00
2015.03.03 06:46:40.174,2.04014,2.04066,1.00,1.00
2015.03.03 06:46:41.814,2.04003,2.04067,1.00,1.07
2015.03.03 06:46:42.324,2.04004,2.04064,1.00,1.00
2015.03.03 06:46:42.779,2.04003,2.04057,1.00,1.00
2015.03.03 06:46:52.936,2.03993,2.04047,1.00,1.00
2015.03.03 06:47:13.724,2.04004,2.04056,1.00,1.00
2015.03.03 06:47:14.291,2.03994,2.04056,1.00,1.00
2015.03.03 06:47:14.392,2.03993,2.04047,1.00,1.00
2015.03.03 06:47:14.599,2.03994,2.04056,1.00,1.15
2015.03.03 06:47:14.801,2.03994,2.04056,1.00,1.50
2015.03.03 06:47:14.851,2.03993,2.04047,1.00,1.00
2015.03.03 06:47:23.196,2.03993,2.04055,1.00,1.15
2015.03.03 06:47:27.902,2.03994,2.04046,1.00,1.00
2015.03.03 06:47:28.941,2.03984,2.04046,1.07,1.00
2015.03.03 06:47:31.642,2.03994,2.04046,1.00,1.00
2015.03.03 06:47:32.439,2.03994,2.04056,1.00,1.15
2015.03.03 06:47:34.058,2.03994,2.04031,1.00,1.00
2015.03.03 06:47:34.109,2.03983,2.04031,1.00,1.00
2015.03.03 06:47:34.437,2.03983,2.04033,1.00,1.00
2015.03.03 06:47:34.487,2.03983,2.04031,1.00,1.00
2015.03.03 06:47:34.832,2.03984,2.04027,1.00,1.00
2015.03.03 06:47:36.041,2.03984,2.0403,1.00,1.00
2015.03.03 06:47:36.591,2.03983,2.0403,1.00,1.00
2015.03.03 06:47:36.692,2.03983,2.04046,1.00,1.15
2015.03.03 06:47:36.793,2.03983,2.04047,1.07,1.00
2015.03.03 06:47:36.844,2.03993,2.04049,1.07,1.00
2015.03.03 06:47:36.894,2.03993,2.04057,1.15,1.00
2015.03.03 06:47:36.945,2.04013,2.04059,1.07,1.00
2015.03.03 06:47:37.045,2.04007,2.04059,1.95,1.00
2015.03.03 06:47:37.096,2.04004,2.04066,1.15,1.00
2015.03.03 06:47:37.256,2.04017,2.04068,1.87,1.00
2015.03.03 06:47:37.307,2.04017,2.04077,1.95,1.50
2015.03.03 06:47:37.408,2.04024,2.04069,1.00,1.00
2015.03.03 06:47:37.659,2.04024,2.04076,1.15,1.00
2015.03.03 06:47:38.395,2.04017,2.04077,1.95,1.00
2015.03.03 06:47:38.446,2.04014,2.04077,1.95,1.00
2015.03.03 06:47:38.546,2.04014,2.04076,1.15,1.00
2015.03.03 06:47:38.597,2.04014,2.04066,1.15,1.00
2015.03.03 06:47:38.748,2.04014,2.04066,1.07,1.00
2015.03.03 06:47:38.799,2.04014,2.04066,1.00,1.00
2015.03.03 06:47:40.720,2.04013,2.04077,1.00,1.07
2015.03.03 06:47:41.672,2.04014,2.04076,1.00,1.17
2015.03.03 06:47:42.536,2.04013,2.04067,1.00,1.00
2015.03.03 06:47:43.005,2.04003,2.04067,1.15,1.00
2015.03.03 06:47:43.105,2.04014,2.04066,1.00,1.00
2015.03.03 06:47:43.206,2.04004,2.04066,1.17,1.00
2015.03.03 06:47:47.151,2.04004,2.04066,1.10,1.00
2015.03.03 06:47:49.588,2.04013,2.04067,1.00,1.10
2015.03.03 06:47:59.107,2.04022,2.04067,1.00,1.00
2015.03.03 06:47:59.158,2.04022,2.04077,1.00,1.00
2015.03.03 06:47:59.208,2.04022,2.04077,1.15,1.00
2015.03.03 06:47:59.259,2.04023,2.04087,1.17,1.00
2015.03.03 06:47:59.359,2.04029,2.04087,1.00,1.00
2015.03.03 06:47:59.724,2.04034,2.04096,1.00,1.65
2015.03.03 06:48:00.043,2.04034,2.04086,1.00,1.00
2015.03.03 06:48:18.510,2.04034,2.04086,1.07,1.00
2015.03.03 06:48:18.611,2.04042,2.04097,1.07,1.00
2015.03.03 06:48:18.762,2.04054,2.04116,1.00,1.07
2015.03.03 06:48:18.813,2.04054,2.04116,1.00,1.07
2015.03.03 06:48:19.165,2.04044,2.04106,1.00,1.00
2015.03.03 06:48:19.316,2.04043,2.04097,1.00,1.00
2015.03.03 06:48:19.417,2.04043,2.04107,1.00,1.00
2015.03.03 06:48:19.937,2.04044,2.04106,1.00,1.00
2015.03.03 06:48:22.652,2.04044,2.04096,1.00,1.00
2015.03.03 06:48:23.301,2.04043,2.04107,1.00,1.00
2015.03.03 06:48:23.502,2.04053,2.04107,1.00,1.00
2015.03.03 06:48:24.291,2.04044,2.04106,1.00,1.00
2015.03.03 06:48:24.392,2.04054,2.04106,1.00,1.00
2015.03.03 06:48:24.492,2.04044,2.04106,1.00,1.00
2015.03.03 06:48:26.571,2.04043,2.04107,1.00,1.00
2015.03.03 06:48:29.793,2.04044,2.04096,1.00,1.00
2015.03.03 06:48:30.999,2.04044,2.04106,1.00,1.00
2015.03.03 06:48:31.080,2.04054,2.04106,1.00,1.00
2015.03.03 06:48:35.439,2.04054,2.04106,1.00,1.07
2015.03.03 06:48:35.641,2.04033,2.04087,1.00,1.07
2015.03.03 06:48:35.842,2.04023,2.04077,1.00,1.00
2015.03.03 06:48:35.943,2.04021,2.04077,1.00,1.00
2015.03.03 06:48:36.044,2.04024,2.04076,1.00,1.00
2015.03.03 06:48:44.631,2.04032,2.04076,1.00,1.00
2015.03.03 06:48:44.731,2.04032,2.04086,1.00,1.00
2015.03.03 06:48:45.277,2.04033,2.04087,1.00,1.00
2015.03.03 06:48:54.400,2.04034,2.04096,1.00,1.15
2015.03.03 06:48:54.501,2.04034,2.04096,1.00,1.00
2015.03.03 06:48:54.652,2.04044,2.04096,1.00,1.00
2015.03.03 06:48:55.004,2.04044,2.04106,1.00,1.07
2015.03.03 06:48:56.871,2.04043,2.04097,1.00,1.00
2015.03.03 06:48:57.742,2.04043,2.04107,1.00,1.17
2015.03.03 06:48:57.843,2.04053,2.04107,1.00,1.17
2015.03.03 06:49:00.003,2.04053,2.04107,1.00,1.15
2015.03.03 06:49:00.154,2.04046,2.04107,1.00,1.15
2015.03.03 06:49:00.205,2.04043,2.04096,1.00,1.95
2015.03.03 06:49:00.255,2.04033,2.04087,1.00,1.17
2015.03.03 06:49:00.507,2.04033,2.04087,1.00,1.00
2015.03.03 06:49:00.607,2.04054,2.04106,1.00,1.00
2015.03.03 06:49:01.330,2.04043,2.04107,1.00,1.00
2015.03.03 06:49:01.797,2.04043,2.04097,1.00,1.00
2015.03.03 06:49:05.130,2.04043,2.04097,1.00,1.07
2015.03.03 06:49:05.331,2.04023,2.04087,1.15,1.00
2015.03.03 06:49:05.840,2.04023,2.04087,1.00,1.07
2015.03.03 06:49:11.450,2.04023,2.04086,1.00,1.17
2015.03.03 06:49:11.770,2.04023,2.04087,1.00,1.15
2015.03.03 06:49:12.022,2.04023,2.04087,1.00,1.07
2015.03.03 06:49:12.223,2.04033,2.04087,1.00,1.07
2015.03.03 06:49:13.246,2.04034,2.04096,1.00,1.15
2015.03.03 06:49:13.614,2.04034,2.04096,1.00,1.15
2015.03.03 06:49:23.329,2.04031,2.04086,1.00,1.00
2015.03.03 06:49:23.645,2.04033,2.04087,1.00,1.00
2015.03.03 06:49:24.192,2.04032,2.04086,1.00,1.00
2015.03.03 06:49:24.905,2.04033,2.04087,1.00,1.00
2015.03.03 06:49:25.412,2.04032,2.04087,1.00,1.00
2015.03.03 06:49:27.214,2.04034,2.04086,1.00,1.00
2015.03.03 06:49:27.627,2.04031,2.04087,1.00,1.00
2015.03.03 06:49:27.778,2.04033,2.04087,1.00,1.00
2015.03.03 06:49:28.499,2.04031,2.04086,1.00,1.00
2015.03.03 06:49:30.513,2.04031,2.04087,1.00,1.00
2015.03.03 06:49:32.784,2.04031,2.04087,1.00,1.07
2015.03.03 06:49:38.289,2.04032,2.04087,1.00,1.07
2015.03.03 06:49:38.621,2.04023,2.04087,1.00,1.07
2015.03.03 06:49:38.876,2.04024,2.04076,1.00,1.00
2015.03.03 06:49:43.574,2.04032,2.04076,1.00,1.00
2015.03.03 06:49:43.906,2.04024,2.04076,1.00,1.00
2015.03.03 06:50:03.370,2.04032,2.04076,1.00,1.00
2015.03.03 06:50:03.521,2.04032,2.04087,1.00,1.17
2015.03.03 06:50:03.590,2.04034,2.04086,1.00,1.07
2015.03.03 06:50:03.641,2.04034,2.04086,1.00,1.00
2015.03.03 06:50:03.742,2.04024,2.04076,1.10,1.00
2015.03.03 06:50:08.531,2.04024,2.04063,1.00,1.00
2015.03.03 06:50:08.581,2.04011,2.04063,1.00,1.00
2015.03.03 06:50:08.632,2.04011,2.04062,1.00,1.15
2015.03.03 06:50:08.934,2.04011,2.04057,1.00,1.15
2015.03.03 06:50:09.552,2.03993,2.04057,1.00,1.15
2015.03.03 06:50:09.652,2.03993,2.04047,1.00,1.00
2015.03.03 06:50:09.905,2.03983,2.04047,1.17,1.00
2015.03.03 06:50:10.006,2.03981,2.04026,1.07,1.00
2015.03.03 06:50:10.056,2.03981,2.04026,1.00,1.00
2015.03.03 06:50:10.107,2.03974,2.04026,1.15,1.00
2015.03.03 06:50:10.216,2.03972,2.04027,1.00,1.00
2015.03.03 06:50:10.322,2.03963,2.04027,1.15,1.00
2015.03.03 06:50:10.858,2.03971,2.04027,1.00,1.00
2015.03.03 06:50:10.966,2.03972,2.04016,1.00,1.00
2015.03.03 06:50:11.117,2.03972,2.04026,1.00,1.00
2015.03.03 06:50:11.740,2.03973,2.04027,1.00,1.00
2015.03.03 06:50:17.603,2.03974,2.04036,1.00,1.00
2015.03.03 06:50:19.024,2.03974,2.04026,1.00,1.00
2015.03.03 06:50:19.125,2.03963,2.04027,1.15,1.00
2015.03.03 06:50:24.079,2.03974,2.04026,1.00,1.00
2015.03.03 06:50:24.583,2.03973,2.04027,1.00,1.00
2015.03.03 06:50:27.460,2.03963,2.04027,1.00,1.15
2015.03.03 06:50:27.561,2.03963,2.04019,1.00,1.15
2015.03.03 06:50:27.611,2.03961,2.04017,1.00,1.15
2015.03.03 06:50:27.712,2.03961,2.04006,1.00,1.00
2015.03.03 06:50:28.165,2.03954,2.04006,1.00,1.00
2015.03.03 06:50:28.573,2.03952,2.04006,1.00,1.00
2015.03.03 06:50:28.858,2.03962,2.04007,1.00,1.00
2015.03.03 06:50:29.009,2.03962,2.04017,1.00,1.00
2015.03.03 06:50:29.110,2.03962,2.04007,1.00,1.00
2015.03.03 06:50:29.463,2.03961,2.04016,1.00,1.00
2015.03.03 06:50:30.099,2.03963,2.04017,1.00,1.00
2015.03.03 06:50:30.989,2.03963,2.04027,1.15,1.00
2015.03.03 06:50:31.750,2.03974,2.04026,1.00,1.00
2015.03.03 06:50:38.270,2.03964,2.04016,1.00,1.00
2015.03.03 06:50:38.371,2.03961,2.04017,1.00,1.00
2015.03.03 06:50:38.473,2.03963,2.04017,1.00,1.00
2015.03.03 06:50:39.903,2.03963,2.04017,1.17,1.00
2015.03.03 06:50:40.218,2.03963,2.04017,2.70,1.00
2015.03.03 06:50:40.269,2.03974,2.04026,1.10,1.00
2015.03.03 06:50:40.370,2.03974,2.04036,1.17,1.00
2015.03.03 06:50:40.420,2.03974,2.04036,1.15,1.00
2015.03.03 06:50:40.471,2.03983,2.04047,1.10,1.00
2015.03.03 06:50:42.021,2.03983,2.04037,1.10,1.00
2015.03.03 06:50:50.889,2.03983,2.04047,1.10,1.00
2015.03.03 06:50:51.192,2.03983,2.04047,1.17,1.00
2015.03.03 06:50:51.495,2.03994,2.04046,1.00,1.00
2015.03.03 06:50:51.596,2.03994,2.04056,1.00,1.10
2015.03.03 06:50:53.297,2.03994,2.04056,1.00,1.15
2015.03.03 06:50:53.448,2.03984,2.04046,1.00,1.00
2015.03.03 06:50:53.549,2.03983,2.04037,1.00,1.00
2015.03.03 06:50:53.901,2.03974,2.04036,1.17,1.00
2015.03.03 06:51:00.597,2.03984,2.04036,1.00,1.00
2015.03.03 06:51:08.839,2.03973,2.04037,1.00,1.15
2015.03.03 06:51:09.292,2.03974,2.04026,1.00,1.00
2015.03.03 06:51:16.551,2.03963,2.04027,1.00,1.00
2015.03.03 06:51:18.847,2.03964,2.04026,1.00,1.00
2015.03.03 06:51:21.922,2.03964,2.04026,1.07,1.00
2015.03.03 06:51:22.241,2.03963,2.04027,1.15,1.00
2015.03.03 06:51:23.955,2.03963,2.04027,1.00,1.10
2015.03.03 06:51:24.223,2.03964,2.04016,1.00,1.00
2015.03.03 06:51:33.464,2.03963,2.04027,1.00,1.10
2015.03.03 06:51:34.192,2.03964,2.04026,1.00,1.00
2015.03.03 06:51:39.997,2.03963,2.04027,1.00,1.10
2015.03.03 06:51:45.105,2.03963,2.04027,1.00,1.15
2015.03.03 06:51:45.417,2.03964,2.04016,1.00,1.00
2015.03.03 06:51:50.102,2.03953,2.04017,1.10,1.00
2015.03.03 06:51:52.489,2.03953,2.04007,1.10,1.00
2015.03.03 06:52:04.154,2.03953,2.04017,1.00,1.15
2015.03.03 06:52:04.255,2.03953,2.04017,1.00,1.00
2015.03.03 06:52:05.170,2.03953,2.04007,1.00,1.00
2015.03.03 06:52:12.746,2.03943,2.04007,1.15,1.00
2015.03.03 06:52:19.266,2.03943,2.04007,1.07,1.00
2015.03.03 06:52:19.769,2.03943,2.04007,1.00,1.15
2015.03.03 06:52:20.100,2.03933,2.03987,1.00,1.00
2015.03.03 06:52:21.133,2.03924,2.03986,1.15,1.00
2015.03.03 06:52:21.335,2.03924,2.03976,1.00,1.00
2015.03.03 06:52:30.217,2.03923,2.03987,1.00,1.17
2015.03.03 06:52:30.318,2.03923,2.03987,1.17,1.00
2015.03.03 06:52:30.369,2.03923,2.03987,1.15,1.00
2015.03.03 06:52:30.571,2.03933,2.03997,1.00,1.00
2015.03.03 06:52:30.671,2.03933,2.03987,1.00,1.00
2015.03.03 06:52:30.772,2.03934,2.03996,1.00,1.00
2015.03.03 06:52:32.664,2.03934,2.03996,1.07,1.00
2015.03.03 06:52:33.188,2.03934,2.03996,1.15,1.00
2015.03.03 06:52:34.733,2.03934,2.03986,1.00,1.00
2015.03.03 06:52:34.885,2.03931,2.03986,1.07,1.00
2015.03.03 06:52:38.150,2.03933,2.03987,1.00,1.00
2015.03.03 06:52:38.251,2.03924,2.03986,1.15,1.00
2015.03.03 06:52:38.302,2.03924,2.03986,1.17,1.00
2015.03.03 06:52:45.090,2.03933,2.03987,1.10,1.00
2015.03.03 06:52:53.672,2.03923,2.03987,1.15,1.00
2015.03.03 06:53:00.676,2.03924,2.03976,1.17,1.00
2015.03.03 06:53:10.139,2.03924,2.03976,1.00,1.00
2015.03.03 06:53:24.316,2.03923,2.03987,1.10,1.00
2015.03.03 06:53:31.707,2.03924,2.03976,1.00,1.00
2015.03.03 06:53:31.807,2.03913,2.03977,1.15,1.00
2015.03.03 06:53:32.163,2.03922,2.03977,1.00,1.00
2015.03.03 06:53:32.860,2.03913,2.03977,1.15,1.00
2015.03.03 06:53:36.471,2.03919,2.03977,1.00,1.00
2015.03.03 06:53:36.572,2.03925,2.03987,1.07,1.00
2015.03.03 06:53:36.673,2.03934,2.03986,1.15,1.00
2015.03.03 06:53:36.774,2.03934,2.03986,1.00,1.00
2015.03.03 06:53:36.824,2.03942,2.03986,1.00,1.00
2015.03.03 06:53:36.875,2.03942,2.03997,1.10,1.00
2015.03.03 06:53:36.975,2.03942,2.03997,1.15,1.00
2015.03.03 06:53:37.076,2.03954,2.04006,1.00,1.00
2015.03.03 06:53:41.856,2.03962,2.04006,1.00,1.00
2015.03.03 06:53:43.202,2.03971,2.04006,1.00,1.00
2015.03.03 06:53:43.253,2.03971,2.04016,1.17,1.00
2015.03.03 06:53:43.353,2.03973,2.04027,1.00,1.00
2015.03.03 06:53:43.857,2.03974,2.04026,1.00,1.00
2015.03.03 06:53:44.006,2.03972,2.04026,1.10,1.00
2015.03.03 06:53:45.335,2.03971,2.04017,1.17,1.00
2015.03.03 06:53:45.385,2.03963,2.04017,1.15,1.00
2015.03.03 06:53:46.221,2.03955,2.04016,1.95,1.00
2015.03.03 06:53:46.272,2.03954,2.04016,1.15,1.00
2015.03.03 06:53:46.473,2.03954,2.04006,1.00,1.00
2015.03.03 06:53:46.536,2.03944,2.04006,1.15,1.00
2015.03.03 06:53:46.888,2.03944,2.04006,1.00,1.00
2015.03.03 06:53:47.587,2.03944,2.04006,1.00,1.15
2015.03.03 06:53:47.637,2.03933,2.03997,1.15,1.00
2015.03.03 06:53:48.059,2.03934,2.03996,1.00,1.15
2015.03.03 06:53:48.361,2.03924,2.03976,1.17,1.00
2015.03.03 06:53:48.942,2.03921,2.03977,1.15,1.00
2015.03.03 06:53:49.532,2.03924,2.03976,1.17,1.00
2015.03.03 06:53:55.791,2.03924,2.03976,1.15,1.00
2015.03.03 06:53:55.892,2.03933,2.03987,1.10,1.00
2015.03.03 06:53:57.329,2.03934,2.03986,1.00,1.00
2015.03.03 06:53:57.844,2.03924,2.03986,1.15,1.00
2015.03.03 06:53:58.388,2.03933,2.03987,1.10,1.00
2015.03.03 06:54:00.638,2.03934,2.03996,1.00,1.00
2015.03.03 06:54:00.689,2.03934,2.03996,1.15,1.00
2015.03.03 06:54:01.213,2.03928,2.03987,1.95,1.00
2015.03.03 06:54:01.524,2.03923,2.03987,1.15,1.00
2015.03.03 06:54:02.705,2.03924,2.03986,1.15,1.00
2015.03.03 06:54:03.072,2.03934,2.03986,1.00,1.00
2015.03.03 06:54:05.456,2.03934,2.03996,1.00,1.00
2015.03.03 06:54:05.507,2.03934,2.03996,1.15,1.00
2015.03.03 06:54:11.770,2.03943,2.03997,1.00,1.00
2015.03.03 06:54:23.213,2.03943,2.03997,1.15,1.00
2015.03.03 06:54:23.314,2.03943,2.04007,1.15,1.00
2015.03.03 06:54:25.956,2.03953,2.04007,1.00,1.00
2015.03.03 06:54:26.157,2.03953,2.04017,1.10,1.00
2015.03.03 06:54:26.569,2.03953,2.04007,1.10,1.00
2015.03.03 06:54:26.904,2.03954,2.04016,1.15,1.00
2015.03.03 06:54:27.684,2.03953,2.04017,1.15,1.00
2015.03.03 06:54:28.208,2.03954,2.04016,1.15,1.00
2015.03.03 06:54:30.011,2.03953,2.04017,1.15,1.00
2015.03.03 06:54:30.338,2.03963,2.04027,1.15,1.00
2015.03.03 06:54:30.439,2.03967,2.04027,1.95,1.00
2015.03.03 06:54:30.942,2.03967,2.04026,1.95,1.00
2015.03.03 06:54:32.074,2.03973,2.04027,1.15,1.00
2015.03.03 06:54:34.671,2.03973,2.04027,1.00,1.00
2015.03.03 06:54:34.975,2.03963,2.04027,1.00,1.00
2015.03.03 06:54:35.084,2.03964,2.04016,1.00,1.00
2015.03.03 06:54:35.423,2.03954,2.04016,1.15,1.00
2015.03.03 06:54:35.725,2.03954,2.04006,1.15,1.00
2015.03.03 06:54:49.882,2.03957,2.04006,1.95,1.00
2015.03.03 06:54:50.224,2.03957,2.04017,1.95,1.00
2015.03.03 06:54:50.739,2.03957,2.04016,1.95,1.00
2015.03.03 06:54:51.274,2.03957,2.04017,1.95,1.00
2015.03.03 06:54:51.813,2.03964,2.04016,1.15,1.00
2015.03.03 06:54:58.816,2.03964,2.04026,1.15,1.00
2015.03.03 06:55:09.985,2.03964,2.04026,1.15,1.00
2015.03.03 06:55:13.898,2.03963,2.04027,1.15,1.00
2015.03.03 06:55:16.672,2.03963,2.04017,1.15,1.00
2015.03.03 06:55:16.824,2.03963,2.04017,1.07,1.00
2015.03.03 06:55:17.616,2.03954,2.04006,2.70,1.00
2015.03.03 06:55:18.094,2.03954,2.04006,1.17,1.00
2015.03.03 06:55:20.924,2.03945,2.04007,1.95,1.00
2015.03.03 06:55:21.719,2.03954,2.04006,1.17,1.00
2015.03.03 06:55:22.274,2.03945,2.04007,1.95,1.00
2015.03.03 06:55:22.784,2.03945,2.04006,1.95,1.00
2015.03.03 06:55:23.353,2.03953,2.04007,1.15,1.00
2015.03.03 06:55:23.866,2.03954,2.04006,1.17,1.00
2015.03.03 06:55:42.068,2.03954,2.04016,1.17,1.00
2015.03.03 06:55:42.656,2.03954,2.04016,1.15,1.00
2015.03.03 06:55:43.257,2.03953,2.04007,1.15,1.00
2015.03.03 06:55:46.682,2.03953,2.04017,1.15,1.00
2015.03.03 06:55:46.733,2.03953,2.04017,1.15,1.00
2015.03.03 06:55:46.783,2.03963,2.04027,1.10,1.00
2015.03.03 06:55:46.834,2.03963,2.04027,1.15,1.00
2015.03.03 06:55:47.348,2.03973,2.04027,1.00,1.00
2015.03.03 06:55:47.906,2.03973,2.04037,1.00,1.00
2015.03.03 06:55:48.007,2.03983,2.04037,1.00,1.00
2015.03.03 06:55:49.657,2.03976,2.04036,1.95,1.00
2015.03.03 06:55:50.210,2.03976,2.04027,1.95,1.00
2015.03.03 06:55:50.261,2.03973,2.04027,1.15,1.00
2015.03.03 06:55:50.563,2.03964,2.04026,1.15,1.00
2015.03.03 06:55:50.764,2.03964,2.04026,1.07,1.00
2015.03.03 06:55:50.966,2.03964,2.04016,1.07,1.00
2015.03.03 06:55:51.167,2.03963,2.04027,1.17,1.00
2015.03.03 06:55:56.605,2.03972,2.04027,1.00,1.00
2015.03.03 06:55:57.118,2.03973,2.04027,1.00,1.00
2015.03.03 06:55:57.672,2.03973,2.04027,1.07,1.00
2015.03.03 06:55:58.323,2.03973,2.04037,1.07,1.00
2015.03.03 06:55:58.667,2.03974,2.04026,1.10,1.00
2015.03.03 06:56:02.276,2.03973,2.04037,1.07,1.00
2015.03.03 06:56:04.816,2.03971,2.04026,1.15,1.00
2015.03.03 06:56:05.495,2.03963,2.04027,2.70,1.00
2015.03.03 06:56:06.037,2.03964,2.04026,1.15,1.00
2015.03.03 06:56:14.818,2.03963,2.04017,2.70,1.00
2015.03.03 06:56:14.919,2.03963,2.04017,1.17,1.00
2015.03.03 06:56:16.904,2.03963,2.04027,1.17,1.00
2015.03.03 06:56:35.043,2.03963,2.04027,1.15,1.00
2015.03.03 06:56:47.848,2.03963,2.04017,1.15,1.00
2015.03.03 06:56:52.644,2.03963,2.04017,1.00,1.00
2015.03.03 06:56:52.897,2.03953,2.04017,1.15,1.00
2015.03.03 06:56:52.997,2.03954,2.04016,1.00,1.07
2015.03.03 06:56:53.987,2.03954,2.04006,1.00,1.00
2015.03.03 06:56:59.141,2.03954,2.04006,1.07,1.00
2015.03.03 06:56:59.401,2.03953,2.04017,1.17,1.00
2015.03.03 06:56:59.454,2.03964,2.04016,1.00,1.00
2015.03.03 06:57:01.027,2.03953,2.04017,1.17,1.00
2015.03.03 06:57:02.143,2.03954,2.04016,1.07,1.00
2015.03.03 06:57:07.624,2.03962,2.04016,1.00,1.00
2015.03.03 06:57:07.868,2.03954,2.04016,1.07,1.00
2015.03.03 06:57:08.616,2.03962,2.04016,1.00,1.00
2015.03.03 06:57:09.183,2.03974,2.04026,1.00,1.65
2015.03.03 06:57:09.233,2.03954,2.04016,1.17,1.00
2015.03.03 06:57:09.924,2.03964,2.04016,1.00,1.00
2015.03.03 06:57:10.143,2.03954,2.04016,1.17,1.00
2015.03.03 06:57:10.833,2.03961,2.04016,1.00,1.00
2015.03.03 06:57:11.137,2.03963,2.04026,1.10,1.00
2015.03.03 06:57:11.288,2.03963,2.04017,1.10,1.00
2015.03.03 06:57:12.354,2.03964,2.04026,1.00,1.00
2015.03.03 06:57:12.606,2.03973,2.04027,1.00,1.00
2015.03.03 06:57:17.998,2.03972,2.04026,1.00,1.00
2015.03.03 06:57:19.306,2.03974,2.04026,1.00,1.00
2015.03.03 06:57:21.143,2.03973,2.04037,1.00,1.00
2015.03.03 06:57:22.792,2.03973,2.04037,1.15,1.00
2015.03.03 06:57:23.094,2.03994,2.04046,1.00,1.00
2015.03.03 06:57:23.497,2.03992,2.04037,1.15,1.00
2015.03.03 06:57:23.598,2.03984,2.04046,1.07,1.00
2015.03.03 06:57:23.698,2.03984,2.04046,1.00,1.10
2015.03.03 06:57:23.900,2.03974,2.04036,1.15,1.00
2015.03.03 06:57:24.202,2.03974,2.04036,2.70,1.00
2015.03.03 06:57:24.303,2.03974,2.04036,1.15,1.00
2015.03.03 06:57:24.773,2.03974,2.04026,1.15,1.00
2015.03.03 06:57:24.924,2.03973,2.04037,1.15,1.00
2015.03.03 06:57:28.664,2.03973,2.04027,1.15,1.00
2015.03.03 06:57:29.003,2.03963,2.04027,1.15,1.00
2015.03.03 06:57:29.205,2.03963,2.04017,1.15,1.00
2015.03.03 06:57:29.407,2.03964,2.04026,1.15,1.00
2015.03.03 06:57:29.508,2.03963,2.04017,1.15,1.00
2015.03.03 06:57:32.915,2.03963,2.04027,1.15,1.00
2015.03.03 06:57:34.817,2.03964,2.04026,1.15,1.00
2015.03.03 06:57:35.034,2.03963,2.04017,1.15,1.00
2015.03.03 06:57:48.907,2.03963,2.04027,1.15,1.00
2015.03.03 06:57:49.018,2.03963,2.04027,1.17,1.00
2015.03.03 06:57:49.314,2.03963,2.04017,1.17,1.00
2015.03.03 06:57:50.865,2.03972,2.04017,1.00,1.00
2015.03.03 06:57:53.382,2.03963,2.04017,1.17,1.00
2015.03.03 06:57:55.699,2.03963,2.04027,1.17,1.00
2015.03.03 06:57:55.800,2.03963,2.04017,1.17,1.00
2015.03.03 06:57:56.052,2.03963,2.04027,1.17,1.00
2015.03.03 06:57:56.152,2.03963,2.04017,1.17,1.00
2015.03.03 06:57:56.921,2.03964,2.04026,1.07,1.00
2015.03.03 06:57:57.002,2.03964,2.04016,1.07,1.00
2015.03.03 06:57:58.557,2.03963,2.04027,1.17,1.00
2015.03.03 06:57:58.658,2.03964,2.04016,1.07,1.00
2015.03.03 06:58:02.392,2.03964,2.04026,1.07,1.00
2015.03.03 06:58:02.955,2.03963,2.04027,1.17,1.00
2015.03.03 06:58:04.649,2.03964,2.04026,1.07,1.00
2015.03.03 06:58:05.383,2.03972,2.04026,1.00,1.00
2015.03.03 06:58:05.635,2.03964,2.04026,1.07,1.00
2015.03.03 06:58:05.836,2.03964,2.04016,1.07,1.00
2015.03.03 06:58:06.171,2.03964,2.04026,1.07,1.00
2015.03.03 06:58:06.272,2.03963,2.04017,1.17,1.00
2015.03.03 06:58:07.767,2.03963,2.04017,1.15,1.00
2015.03.03 06:58:07.926,2.03972,2.04027,1.07,1.00
2015.03.03 06:58:12.265,2.03974,2.04026,1.00,1.00
2015.03.03 06:58:12.516,2.03973,2.04037,1.10,1.00
2015.03.03 06:58:13.026,2.03974,2.04036,1.00,1.00
2015.03.03 06:58:15.372,2.03973,2.04037,1.10,1.00
2015.03.03 06:58:20.969,2.03982,2.04037,1.00,1.00
2015.03.03 06:58:21.102,2.03973,2.04037,1.10,1.00
2015.03.03 06:58:26.639,2.03974,2.04036,1.00,1.00
2015.03.03 06:58:27.630,2.03982,2.04036,1.00,1.00
2015.03.03 06:58:27.832,2.03973,2.04037,1.10,1.00
2015.03.03 06:58:28.023,2.03973,2.04027,1.10,1.00
2015.03.03 06:58:46.285,2.03971,2.04027,1.10,1.00
2015.03.03 06:58:46.807,2.03972,2.04027,1.00,1.00
2015.03.03 06:58:47.314,2.03973,2.04027,1.00,1.00
2015.03.03 06:59:00.182,2.03964,2.04026,1.15,1.00
2015.03.03 06:59:13.071,2.03964,2.04026,1.15,1.00
2015.03.03 06:59:15.984,2.03973,2.04027,1.00,1.00
2015.03.03 06:59:18.396,2.03963,2.04027,1.15,1.00
2015.03.03 06:59:19.417,2.03964,2.04016,1.15,1.00
2015.03.03 06:59:30.091,2.03964,2.04016,1.00,1.00
2015.03.03 06:59:30.493,2.03953,2.04017,1.07,1.00
2015.03.03 06:59:30.795,2.03953,2.04017,1.00,1.15
2015.03.03 06:59:31.265,2.03953,2.04007,1.00,1.00
2015.03.03 06:59:31.315,2.03943,2.04007,1.15,1.00
2015.03.03 06:59:31.416,2.03943,2.04007,1.00,1.10
2015.03.03 06:59:31.517,2.03943,2.03997,1.00,1.00
2015.03.03 06:59:39.673,2.03943,2.03997,1.07,1.00
2015.03.03 06:59:39.975,2.03951,2.03996,1.00,1.00
2015.03.03 06:59:40.123,2.03944,2.03996,1.15,1.00
2015.03.03 06:59:45.429,2.03952,2.03996,1.00,1.00
2015.03.03 06:59:45.854,2.03951,2.04006,1.00,1.00
2015.03.03 06:59:45.905,2.03951,2.04006,1.07,1.00
2015.03.03 06:59:46.210,2.03953,2.04007,1.15,1.00
2015.03.03 06:59:47.213,2.03954,2.04016,1.15,1.00
2015.03.03 06:59:47.754,2.03953,2.04017,1.15,1.00
2015.03.03 06:59:48.062,2.03961,2.04016,1.00,1.00
2015.03.03 06:59:48.163,2.03954,2.04016,1.15,1.00
2015.03.03 06:59:48.327,2.03954,2.04016,1.15,1.00
2015.03.03 06:59:50.640,2.03962,2.04017,1.07,1.00
2015.03.03 06:59:50.720,2.03962,2.04033,1.07,1.17
2015.03.03 06:59:52.403,2.0396,2.04034,1.95,1.00
2015.03.03 06:59:52.906,2.03962,2.04035,1.15,1.00
2015.03.03 06:59:53.057,2.03962,2.04035,1.00,1.15
2015.03.03 06:59:53.663,2.03961,2.04034,1.00,1.15
2015.03.03 06:59:54.120,2.03961,2.04028,1.00,1.17
2015.03.03 06:59:54.630,2.03961,2.04028,1.00,1.15
2015.03.03 06:59:55.047,2.03961,2.04028,1.07,1.10
2015.03.03 06:59:55.630,2.03961,2.04028,1.00,1.00
2015.03.03 06:59:55.754,2.03961,2.04031,1.00,1.00
2015.03.03 06:59:56.273,2.03962,2.04031,1.00,1.00
