2017.07.12 05:00:00.066,1.77551,1.77593,1.00,1.00
2017.07.12 05:00:00.570,1.77551,1.77592,1.00,1.00
2017.07.12 05:00:00.777,1.77549,1.77591,1.00,1.00
2017.07.12 05:00:00.929,1.77547,1.77592,1.00,1.37
2017.07.12 05:00:01.452,1.77547,1.77591,1.50,1.00
2017.07.12 05:00:04.576,1.77549,1.77591,1.00,1.12
2017.07.12 05:00:05.114,1.77552,1.77594,1.00,1.37
2017.07.12 05:00:05.974,1.77549,1.77599,1.00,1.46
2017.07.12 05:00:06.506,1.77549,1.77599,1.00,1.46
2017.07.12 05:00:09.600,1.7755,1.77601,1.00,1.71
2017.07.12 05:00:12.478,1.7755,1.77601,1.00,1.87
2017.07.12 05:00:13.333,1.7755,1.77601,1.00,1.87
2017.07.12 05:00:14.372,1.77549,1.776,1.00,1.87
2017.07.12 05:00:14.477,1.77551,1.77595,1.00,1.12
2017.07.12 05:00:15.792,1.77551,1.77595,1.00,1.37
2017.07.12 05:00:18.126,1.77552,1.77596,1.00,1.37
2017.07.12 05:00:20.126,1.77552,1.77596,1.00,1.12
2017.07.12 05:00:21.447,1.77555,1.77596,1.00,1.12
2017.07.12 05:00:21.784,1.77557,1.77599,1.00,1.37
2017.07.12 05:00:22.345,1.77555,1.77598,1.00,1.37
2017.07.12 05:00:24.266,1.77555,1.77598,1.00,1.37
2017.07.12 05:00:27.935,1.77555,1.77598,1.00,1.37
2017.07.12 05:00:30.455,1.77555,1.776,1.00,1.37
2017.07.12 05:00:31.314,1.77555,1.776,1.50,1.00
2017.07.12 05:00:31.691,1.77557,1.77601,1.00,1.37
2017.07.12 05:00:32.194,1.77557,1.77601,1.00,1.12
2017.07.12 05:00:33.181,1.7756,1.77605,1.00,1.12
2017.07.12 05:00:33.232,1.77562,1.77605,1.00,1.00
2017.07.12 05:00:33.436,1.7757,1.77615,1.00,1.12
2017.07.12 05:00:33.652,1.77572,1.77616,1.00,1.00
2017.07.12 05:00:34.284,1.77573,1.77617,1.00,1.12
2017.07.12 05:00:35.651,1.77574,1.77619,1.00,1.37
2017.07.12 05:00:37.656,1.77574,1.77619,1.00,1.37
2017.07.12 05:00:38.304,1.77575,1.7762,1.00,1.37
2017.07.12 05:00:39.834,1.77575,1.7762,1.00,1.37
2017.07.12 05:00:40.428,1.77575,1.7762,1.00,1.12
2017.07.12 05:00:40.732,1.77583,1.77626,1.00,1.00
2017.07.12 05:00:47.070,1.77585,1.77629,1.00,1.37
2017.07.12 05:00:47.183,1.77583,1.77626,1.00,1.12
2017.07.12 05:00:47.285,1.77585,1.77632,1.00,1.37
2017.07.12 05:00:47.488,1.77582,1.77629,1.00,1.37
2017.07.12 05:00:47.763,1.77584,1.7763,1.00,1.37
2017.07.12 05:00:48.109,1.77586,1.77631,1.00,1.37
2017.07.12 05:00:49.564,1.77583,1.7763,1.00,1.37
2017.07.12 05:00:49.765,1.77585,1.77632,1.00,1.37
2017.07.12 05:00:50.561,1.77585,1.77632,1.00,1.37
2017.07.12 05:00:50.911,1.77587,1.77632,1.00,1.37
2017.07.12 05:00:51.201,1.77585,1.77631,1.00,1.37
2017.07.12 05:00:59.304,1.77585,1.77631,1.00,1.37
2017.07.12 05:00:59.355,1.77585,1.77631,1.00,1.37
2017.07.12 05:00:59.715,1.77588,1.77631,1.00,1.37
2017.07.12 05:01:00.087,1.77588,1.77631,1.00,1.37
2017.07.12 05:01:00.189,1.77585,1.7763,1.00,1.37
2017.07.12 05:01:00.794,1.77584,1.77629,1.00,1.87
2017.07.12 05:01:01.344,1.77583,1.77628,1.00,1.37
2017.07.12 05:01:03.779,1.77581,1.77625,1.00,1.00
2017.07.12 05:01:04.085,1.77584,1.77627,1.00,1.37
2017.07.12 05:01:05.165,1.77584,1.77627,1.00,1.12
2017.07.12 05:01:05.714,1.77585,1.77628,1.00,1.37
2017.07.12 05:01:06.360,1.77585,1.77628,1.00,1.87
2017.07.12 05:01:06.513,1.77582,1.77626,1.00,1.37
2017.07.12 05:01:06.564,1.77582,1.77626,1.00,1.37
2017.07.12 05:01:07.284,1.77581,1.77624,1.00,1.37
2017.07.12 05:01:07.383,1.77579,1.77623,1.00,1.37
2017.07.12 05:01:07.435,1.77579,1.77623,1.00,1.12
2017.07.12 05:01:07.588,1.77583,1.77625,1.00,1.37
2017.07.12 05:01:07.904,1.7758,1.77625,1.00,1.37
2017.07.12 05:01:08.007,1.7758,1.77625,1.00,1.37
2017.07.12 05:01:09.419,1.77581,1.77624,1.00,1.37
2017.07.12 05:01:13.524,1.77581,1.77624,1.00,1.00
2017.07.12 05:01:13.706,1.77585,1.77628,1.00,1.37
2017.07.12 05:01:14.604,1.77583,1.77628,1.00,1.37
2017.07.12 05:01:14.935,1.77586,1.7763,1.00,1.37
2017.07.12 05:01:16.453,1.77586,1.7763,1.00,1.37
2017.07.12 05:01:16.504,1.7759,1.77632,1.00,1.12
2017.07.12 05:01:16.915,1.77588,1.77634,1.00,1.37
2017.07.12 05:01:17.443,1.77588,1.77634,1.00,1.87
2017.07.12 05:01:17.494,1.77588,1.77629,1.00,1.12
2017.07.12 05:01:17.545,1.77588,1.77627,1.00,1.00
2017.07.12 05:01:18.074,1.77589,1.77627,1.00,1.00
2017.07.12 05:01:18.896,1.77588,1.77627,1.00,1.00
2017.07.12 05:01:20.648,1.77588,1.77629,1.00,1.12
2017.07.12 05:01:21.139,1.77591,1.7763,1.00,1.12
2017.07.12 05:01:21.461,1.77591,1.77632,1.00,1.37
2017.07.12 05:01:21.765,1.77596,1.77635,1.00,1.37
2017.07.12 05:01:21.867,1.77596,1.77635,1.00,1.37
2017.07.12 05:01:23.961,1.77596,1.77633,1.00,1.37
2017.07.12 05:01:24.013,1.77593,1.77633,1.00,1.37
2017.07.12 05:01:24.783,1.77592,1.77633,1.00,1.37
2017.07.12 05:01:25.333,1.77591,1.77633,1.00,1.87
2017.07.12 05:01:27.957,1.77593,1.77633,1.00,1.37
2017.07.12 05:01:31.538,1.77593,1.77635,1.00,1.12
2017.07.12 05:01:32.122,1.77593,1.77635,1.00,1.37
2017.07.12 05:01:32.364,1.77593,1.77635,1.00,1.00
2017.07.12 05:01:32.415,1.77596,1.7764,1.00,1.12
2017.07.12 05:01:32.640,1.77597,1.77639,1.00,1.37
2017.07.12 05:01:33.025,1.77594,1.77636,1.00,1.37
2017.07.12 05:01:34.335,1.77594,1.77636,1.00,1.37
2017.07.12 05:01:34.436,1.77591,1.77635,1.00,1.37
2017.07.12 05:01:34.717,1.7759,1.77635,1.00,1.12
2017.07.12 05:01:34.839,1.7759,1.77635,1.00,1.37
2017.07.12 05:01:36.054,1.7759,1.77632,1.00,1.00
2017.07.12 05:01:36.884,1.77591,1.77634,1.00,1.37
2017.07.12 05:01:39.522,1.77592,1.77636,1.00,1.37
2017.07.12 05:01:40.868,1.7759,1.77635,1.00,1.37
2017.07.12 05:01:42.535,1.77592,1.77636,1.00,1.37
2017.07.12 05:01:43.483,1.77592,1.77636,1.00,1.37
2017.07.12 05:01:45.630,1.77591,1.77635,1.00,1.37
2017.07.12 05:01:46.647,1.77594,1.77636,1.00,1.37
2017.07.12 05:01:46.928,1.77592,1.77636,1.00,1.37
2017.07.12 05:01:47.469,1.77594,1.77636,1.00,1.37
2017.07.12 05:01:47.520,1.77594,1.77636,1.00,1.37
2017.07.12 05:01:48.045,1.77591,1.77637,1.00,1.37
2017.07.12 05:01:50.574,1.77592,1.77634,1.00,1.37
2017.07.12 05:01:51.456,1.77592,1.77634,1.00,1.37
2017.07.12 05:01:57.540,1.77594,1.77636,1.00,1.37
2017.07.12 05:01:57.941,1.77592,1.77636,1.00,1.37
2017.07.12 05:01:59.980,1.77592,1.77636,1.00,1.37
2017.07.12 05:02:10.594,1.77589,1.77634,1.00,1.37
2017.07.12 05:02:12.690,1.77589,1.77634,1.00,1.12
2017.07.12 05:02:12.791,1.77592,1.77636,1.00,1.37
2017.07.12 05:02:19.776,1.77592,1.77636,1.00,1.37
2017.07.12 05:02:20.333,1.77592,1.77636,1.00,1.37
2017.07.12 05:02:21.367,1.77593,1.77637,1.00,1.37
2017.07.12 05:02:22.904,1.77592,1.77636,1.00,1.37
2017.07.12 05:02:25.580,1.77592,1.77636,1.00,1.37
2017.07.12 05:02:25.681,1.7759,1.77633,1.00,1.12
2017.07.12 05:02:26.220,1.7759,1.77635,1.00,1.37
2017.07.12 05:02:26.729,1.77591,1.77637,1.00,1.37
2017.07.12 05:02:30.128,1.77591,1.77637,1.00,1.37
2017.07.12 05:02:33.195,1.77591,1.77637,1.00,1.37
2017.07.12 05:02:34.377,1.77589,1.77634,1.00,1.37
2017.07.12 05:02:34.684,1.77589,1.77634,1.00,1.12
2017.07.12 05:02:34.785,1.77592,1.77635,1.00,1.37
2017.07.12 05:02:41.484,1.77587,1.77632,1.00,1.00
2017.07.12 05:02:42.585,1.77588,1.77634,1.00,1.87
2017.07.12 05:02:44.493,1.77591,1.77634,1.00,1.12
2017.07.12 05:02:48.096,1.77591,1.77634,1.00,1.37
2017.07.12 05:02:49.493,1.77589,1.77633,1.00,1.37
2017.07.12 05:02:56.183,1.77592,1.77634,1.00,1.37
2017.07.12 05:02:58.515,1.77594,1.77636,1.00,1.37
2017.07.12 05:02:59.073,1.77597,1.77638,1.00,1.37
2017.07.12 05:03:04.823,1.77594,1.77636,1.00,1.37
2017.07.12 05:03:07.230,1.77597,1.77638,1.00,1.37
2017.07.12 05:03:07.424,1.77599,1.77641,1.00,1.37
2017.07.12 05:03:07.475,1.77599,1.77641,1.00,1.37
2017.07.12 05:03:07.526,1.77601,1.77644,1.00,1.00
2017.07.12 05:03:07.637,1.77603,1.77647,1.00,1.37
2017.07.12 05:03:07.688,1.77603,1.77647,1.00,1.00
2017.07.12 05:03:07.942,1.77607,1.77648,1.00,1.00
2017.07.12 05:03:10.055,1.77607,1.77648,1.00,1.37
2017.07.12 05:03:10.156,1.77605,1.77647,1.00,1.37
2017.07.12 05:03:11.770,1.77606,1.77647,1.00,1.37
2017.07.12 05:03:12.292,1.77605,1.77647,1.00,1.37
2017.07.12 05:03:13.776,1.77606,1.77647,1.00,1.37
2017.07.12 05:03:14.492,1.77605,1.77647,1.00,1.37
2017.07.12 05:03:15.770,1.77607,1.77647,1.00,1.37
2017.07.12 05:03:16.582,1.77606,1.77647,1.00,1.37
2017.07.12 05:03:17.133,1.77605,1.77647,1.00,1.37
2017.07.12 05:03:19.169,1.77605,1.77647,1.00,1.37
2017.07.12 05:03:19.220,1.77603,1.77647,1.00,1.37
2017.07.12 05:03:19.367,1.77603,1.77647,1.00,1.37
2017.07.12 05:03:19.672,1.77612,1.77654,1.00,1.12
2017.07.12 05:03:19.952,1.77613,1.77656,1.50,1.12
2017.07.12 05:03:20.003,1.77613,1.77627,1.00,1.00
2017.07.12 05:03:20.226,1.77571,1.77614,1.75,1.71
2017.07.12 05:03:20.278,1.77571,1.77612,1.37,2.21
2017.07.12 05:03:20.329,1.77567,1.77609,1.00,1.37
2017.07.12 05:03:20.475,1.77567,1.77609,1.00,1.00
2017.07.12 05:03:20.987,1.77568,1.77609,1.00,1.00
2017.07.12 05:03:21.089,1.77567,1.77609,1.00,1.87
2017.07.12 05:03:21.140,1.77561,1.77605,1.00,1.00
2017.07.12 05:03:21.242,1.77563,1.77605,1.00,1.00
2017.07.12 05:03:21.543,1.77566,1.7761,1.00,1.00
2017.07.12 05:03:21.913,1.77566,1.7761,1.50,1.37
2017.07.12 05:03:22.457,1.77565,1.77607,1.00,1.00
2017.07.12 05:03:28.555,1.77563,1.77605,1.00,1.00
2017.07.12 05:03:30.135,1.77562,1.77605,1.00,1.00
2017.07.12 05:03:32.383,1.77563,1.77605,1.00,1.00
2017.07.12 05:03:41.073,1.77564,1.77605,1.00,1.00
2017.07.12 05:03:43.118,1.77563,1.77605,1.50,1.00
2017.07.12 05:03:45.166,1.77566,1.77605,1.00,1.00
2017.07.12 05:03:51.904,1.77566,1.77602,1.00,1.00
2017.07.12 05:03:53.157,1.77566,1.77604,1.00,1.00
2017.07.12 05:03:56.582,1.77566,1.77603,1.00,1.00
2017.07.12 05:03:57.669,1.77575,1.77609,1.00,1.00
2017.07.12 05:03:57.770,1.77575,1.77612,1.00,1.00
2017.07.12 05:03:57.922,1.77571,1.77612,1.00,1.00
2017.07.12 05:03:57.974,1.7757,1.77609,1.00,1.00
2017.07.12 05:03:58.025,1.77567,1.77609,1.00,1.00
2017.07.12 05:03:58.178,1.77565,1.77608,1.00,1.00
2017.07.12 05:03:59.163,1.77565,1.77605,1.00,1.00
2017.07.12 05:04:00.599,1.77565,1.77609,1.00,1.05
2017.07.12 05:04:01.666,1.77565,1.77605,1.00,1.00
2017.07.12 05:04:07.306,1.77566,1.77608,1.00,1.00
2017.07.12 05:04:08.173,1.77565,1.77608,1.00,1.00
2017.07.12 05:04:08.673,1.77564,1.77604,1.00,1.00
2017.07.12 05:04:09.266,1.77565,1.77604,1.00,1.00
2017.07.12 05:04:09.500,1.77565,1.77608,1.00,1.00
2017.07.12 05:04:10.939,1.77566,1.77608,1.00,1.00
2017.07.12 05:04:11.445,1.77565,1.77609,1.50,1.00
2017.07.12 05:04:11.800,1.77562,1.77605,1.00,1.00
2017.07.12 05:04:12.176,1.77564,1.77605,1.00,1.00
2017.07.12 05:04:12.380,1.77561,1.77603,1.00,1.00
2017.07.12 05:04:12.791,1.77559,1.77601,1.00,1.00
2017.07.12 05:04:19.514,1.7756,1.77604,1.00,1.00
2017.07.12 05:04:20.072,1.77561,1.77604,1.00,1.00
2017.07.12 05:04:21.163,1.77563,1.77604,1.00,1.00
2017.07.12 05:04:21.315,1.7756,1.77604,1.00,1.00
2017.07.12 05:04:21.821,1.77559,1.77603,1.50,1.00
2017.07.12 05:04:22.382,1.7756,1.77602,1.00,1.00
2017.07.12 05:04:25.731,1.77557,1.77599,1.50,1.00
2017.07.12 05:04:26.298,1.77559,1.776,1.50,1.00
2017.07.12 05:04:26.400,1.77561,1.77604,1.00,1.00
2017.07.12 05:04:27.644,1.77563,1.77604,1.00,1.00
2017.07.12 05:04:32.099,1.77562,1.77603,1.00,1.00
2017.07.12 05:04:32.999,1.77561,1.77603,1.50,1.00
2017.07.12 05:04:33.392,1.77563,1.77604,1.00,1.00
2017.07.12 05:04:33.629,1.77561,1.77604,1.00,1.00
2017.07.12 05:04:33.914,1.7756,1.77602,1.00,1.00
2017.07.12 05:04:34.252,1.77559,1.776,1.50,1.00
2017.07.12 05:04:42.809,1.7756,1.77604,1.00,1.00
2017.07.12 05:04:45.990,1.7756,1.77596,1.00,1.37
2017.07.12 05:04:46.144,1.7755,1.7759,1.50,1.00
2017.07.12 05:04:46.195,1.77549,1.7759,1.00,1.00
2017.07.12 05:04:46.348,1.77546,1.7759,1.00,1.12
2017.07.12 05:04:46.661,1.77548,1.77591,1.00,1.00
2017.07.12 05:04:47.307,1.77547,1.77589,1.00,1.00
2017.07.12 05:04:58.015,1.7755,1.77589,1.00,1.00
2017.07.12 05:05:00.755,1.77548,1.77589,1.00,1.00
2017.07.12 05:05:00.807,1.77547,1.77578,1.00,1.00
2017.07.12 05:05:00.858,1.77544,1.77578,1.00,1.00
2017.07.12 05:05:01.365,1.77541,1.77574,1.00,1.00
2017.07.12 05:05:01.466,1.77538,1.77573,1.00,1.00
2017.07.12 05:05:01.667,1.77541,1.77573,1.00,1.00
2017.07.12 05:05:01.910,1.77541,1.77579,1.00,1.00
2017.07.12 05:05:01.961,1.77543,1.77583,1.00,1.00
2017.07.12 05:05:02.012,1.77543,1.77585,1.00,1.00
2017.07.12 05:05:02.063,1.77546,1.77586,1.00,1.00
2017.07.12 05:05:02.550,1.77546,1.77582,1.00,1.00
2017.07.12 05:05:03.734,1.77546,1.7758,1.00,1.00
2017.07.12 05:05:04.420,1.77546,1.77578,1.00,1.00
2017.07.12 05:05:05.238,1.77542,1.77577,1.00,1.00
2017.07.12 05:05:05.289,1.77542,1.77574,1.00,1.00
2017.07.12 05:05:05.441,1.77532,1.77565,1.00,1.00
2017.07.12 05:05:05.594,1.77527,1.77564,1.00,1.00
2017.07.12 05:05:05.923,1.77527,1.77562,1.00,1.00
2017.07.12 05:05:06.515,1.77527,1.77563,1.00,1.00
2017.07.12 05:05:07.447,1.77529,1.77563,1.00,1.00
2017.07.12 05:05:08.057,1.77529,1.77565,1.00,1.00
2017.07.12 05:05:09.090,1.77529,1.77564,1.00,1.00
2017.07.12 05:05:09.599,1.77529,1.77563,1.00,1.00
2017.07.12 05:05:09.650,1.77527,1.77563,1.00,1.00
2017.07.12 05:05:09.905,1.7753,1.77564,1.00,1.00
2017.07.12 05:05:13.625,1.7753,1.7756,1.00,1.00
2017.07.12 05:05:13.676,1.77524,1.7756,1.00,1.00
2017.07.12 05:05:15.550,1.77526,1.77562,1.00,1.00
2017.07.12 05:05:15.601,1.77526,1.77564,1.00,1.00
2017.07.12 05:05:15.652,1.77529,1.77564,1.00,1.00
2017.07.12 05:05:16.151,1.7753,1.77566,1.00,1.00
2017.07.12 05:05:16.680,1.77531,1.77567,1.00,1.00
2017.07.12 05:05:16.793,1.77531,1.77564,1.00,1.00
2017.07.12 05:05:16.995,1.77527,1.77561,1.00,1.00
2017.07.12 05:05:17.465,1.77527,1.77565,1.00,1.00
2017.07.12 05:05:17.734,1.77529,1.77566,1.00,1.00
2017.07.12 05:05:18.248,1.77531,1.77567,1.00,1.00
2017.07.12 05:05:18.552,1.77531,1.77564,1.00,1.00
2017.07.12 05:05:18.845,1.77531,1.77566,1.00,1.00
2017.07.12 05:05:21.158,1.77531,1.77564,1.00,1.00
2017.07.12 05:05:22.771,1.7753,1.77561,1.00,1.00
2017.07.12 05:05:22.822,1.7753,1.77563,1.00,1.00
2017.07.12 05:05:24.928,1.7753,1.77562,1.00,1.00
2017.07.12 05:05:26.031,1.7753,1.77564,1.00,1.00
2017.07.12 05:05:26.198,1.7753,1.77553,1.00,1.00
2017.07.12 05:05:26.300,1.77521,1.77553,1.00,1.00
2017.07.12 05:05:26.351,1.77521,1.77551,1.00,1.00
2017.07.12 05:05:26.674,1.77515,1.77548,1.00,1.00
2017.07.12 05:05:26.978,1.77518,1.77549,1.00,1.00
2017.07.12 05:05:28.563,1.77519,1.77549,1.00,1.00
2017.07.12 05:05:30.452,1.77519,1.77551,1.00,1.00
2017.07.12 05:05:30.554,1.77519,1.77544,1.00,1.00
2017.07.12 05:05:30.700,1.77515,1.77544,1.00,1.00
2017.07.12 05:05:30.751,1.77515,1.77542,1.00,1.00
2017.07.12 05:05:30.801,1.7751,1.77542,1.00,1.00
2017.07.12 05:05:31.311,1.7751,1.77549,1.00,1.00
2017.07.12 05:05:31.413,1.77516,1.77549,1.00,1.00
2017.07.12 05:05:31.616,1.77517,1.77551,1.00,1.00
2017.07.12 05:05:31.667,1.77522,1.77552,1.00,1.00
2017.07.12 05:05:32.187,1.77522,1.77553,1.00,1.00
2017.07.12 05:05:32.730,1.77522,1.77551,1.00,1.00
2017.07.12 05:05:33.255,1.77522,1.77552,1.00,1.00
2017.07.12 05:05:33.891,1.7752,1.77552,1.00,1.00
2017.07.12 05:05:35.098,1.7752,1.77553,1.00,1.00
2017.07.12 05:05:35.501,1.77522,1.77553,1.00,1.00
2017.07.12 05:05:35.960,1.77522,1.77555,1.00,1.00
2017.07.12 05:05:36.011,1.77524,1.77555,1.00,1.00
2017.07.12 05:05:36.516,1.77525,1.77555,1.00,1.00
2017.07.12 05:05:37.090,1.77525,1.77556,1.00,1.00
2017.07.12 05:05:37.812,1.77525,1.77555,1.00,1.00
2017.07.12 05:05:38.318,1.77523,1.77554,1.00,1.00
2017.07.12 05:05:39.371,1.77523,1.77552,1.00,1.00
2017.07.12 05:05:40.448,1.77523,1.77554,1.00,1.00
2017.07.12 05:05:40.499,1.77523,1.77556,1.00,1.00
2017.07.12 05:05:40.601,1.77525,1.77556,1.00,1.00
2017.07.12 05:05:41.084,1.77527,1.77556,1.00,1.00
2017.07.12 05:05:41.286,1.77526,1.77564,1.00,1.00
2017.07.12 05:05:41.970,1.77526,1.77567,1.00,1.37
2017.07.12 05:05:42.175,1.77526,1.77567,1.00,1.00
2017.07.12 05:05:42.231,1.77528,1.7757,1.00,1.00
2017.07.12 05:05:42.282,1.77528,1.77567,1.00,1.00
2017.07.12 05:05:43.188,1.77528,1.77568,1.00,1.00
2017.07.12 05:05:43.580,1.7753,1.7757,1.00,1.00
2017.07.12 05:05:44.192,1.77529,1.7757,1.00,1.00
2017.07.12 05:05:44.694,1.77528,1.7757,1.50,1.00
2017.07.12 05:05:48.219,1.77528,1.7757,1.00,1.37
2017.07.12 05:05:48.750,1.77528,1.77568,1.00,1.00
2017.07.12 05:05:49.620,1.77526,1.77568,1.00,1.12
2017.07.12 05:05:50.297,1.77526,1.77567,1.00,1.00
2017.07.12 05:05:54.537,1.77527,1.77567,1.00,1.12
2017.07.12 05:05:58.484,1.77527,1.77567,1.00,1.37
2017.07.12 05:05:59.436,1.7754,1.77567,1.00,1.00
2017.07.12 05:05:59.538,1.7754,1.77571,1.00,1.37
2017.07.12 05:06:00.131,1.77534,1.77573,1.00,1.37
2017.07.12 05:06:00.182,1.77531,1.77573,1.00,1.37
2017.07.12 05:06:00.740,1.7753,1.77571,1.00,1.37
2017.07.12 05:06:02.000,1.77532,1.77571,1.00,1.37
2017.07.12 05:06:03.291,1.7753,1.77571,1.00,1.87
2017.07.12 05:06:03.342,1.77531,1.77571,1.00,1.87
2017.07.12 05:06:04.420,1.77531,1.77571,1.00,1.37
2017.07.12 05:06:04.471,1.77537,1.77571,1.00,1.37
2017.07.12 05:06:04.776,1.7754,1.77576,1.00,1.37
2017.07.12 05:06:04.877,1.7754,1.77576,1.00,1.37
2017.07.12 05:06:05.249,1.7754,1.77578,1.00,1.37
2017.07.12 05:06:05.570,1.7754,1.77575,1.00,1.37
2017.07.12 05:06:07.559,1.7754,1.77578,1.00,1.37
2017.07.12 05:06:09.877,1.77539,1.77578,1.00,1.37
2017.07.12 05:06:09.928,1.77537,1.77578,1.00,1.37
2017.07.12 05:06:10.744,1.77537,1.77578,1.00,1.37
2017.07.12 05:06:11.381,1.77537,1.77578,1.00,1.37
2017.07.12 05:06:12.476,1.77537,1.77577,1.00,1.37
2017.07.12 05:06:13.330,1.77537,1.77577,1.00,1.37
2017.07.12 05:06:13.915,1.77539,1.77575,1.00,1.37
2017.07.12 05:06:14.580,1.77537,1.77575,1.00,1.37
2017.07.12 05:06:20.046,1.77537,1.77575,1.00,1.37
2017.07.12 05:06:22.899,1.77537,1.77574,1.00,1.00
2017.07.12 05:06:22.951,1.77548,1.77579,1.00,1.00
2017.07.12 05:06:23.052,1.7755,1.77584,1.00,1.00
2017.07.12 05:06:23.356,1.7755,1.77587,1.00,1.00
2017.07.12 05:06:23.687,1.7755,1.77587,1.00,1.37
2017.07.12 05:06:28.858,1.77544,1.77577,1.00,1.37
2017.07.12 05:06:28.960,1.7753,1.77572,1.00,2.62
2017.07.12 05:06:29.120,1.77536,1.77567,1.00,1.37
2017.07.12 05:06:29.171,1.77539,1.77575,1.00,1.00
2017.07.12 05:06:29.273,1.77542,1.77576,1.00,1.00
2017.07.12 05:06:29.577,1.77542,1.77579,1.00,1.34
2017.07.12 05:07:05.800,1.77541,1.77575,1.00,1.34
2017.07.12 05:07:06.111,1.77532,1.77567,1.00,1.37
2017.07.12 05:07:14.723,1.77532,1.77565,1.00,1.37
2017.07.12 05:07:16.336,1.77532,1.77563,1.00,1.37
2017.07.12 05:07:30.734,1.77532,1.77563,1.00,1.37
2017.07.12 05:07:30.785,1.77532,1.77563,1.00,1.12
2017.07.12 05:07:31.907,1.77532,1.77564,1.00,1.37
2017.07.12 05:07:31.958,1.77532,1.77564,1.00,1.87
2017.07.12 05:07:32.429,1.77518,1.77544,1.00,1.00
2017.07.12 05:07:32.734,1.77512,1.77542,1.00,1.87
2017.07.12 05:07:32.993,1.7751,1.77542,1.00,1.37
2017.07.12 05:07:33.044,1.7751,1.77543,1.00,1.37
2017.07.12 05:07:33.219,1.77516,1.77544,1.00,1.37
2017.07.12 05:07:33.270,1.77516,1.77547,1.00,1.87
2017.07.12 05:07:33.422,1.77516,1.77547,1.00,1.37
2017.07.12 05:07:33.524,1.77511,1.77549,1.00,1.37
2017.07.12 05:07:33.575,1.77514,1.77549,1.00,2.62
2017.07.12 05:07:33.626,1.77509,1.77549,1.00,2.62
2017.07.12 05:07:33.840,1.77511,1.77546,1.00,1.37
2017.07.12 05:07:37.566,1.7751,1.77546,1.00,1.37
2017.07.12 05:07:40.114,1.7751,1.77546,1.00,1.37
2017.07.12 05:07:40.215,1.77513,1.77546,1.00,1.12
2017.07.12 05:07:40.717,1.77515,1.77548,1.00,1.46
2017.07.12 05:07:41.518,1.77514,1.77548,1.00,1.46
2017.07.12 05:07:42.161,1.77512,1.77548,1.00,1.46
2017.07.12 05:07:46.012,1.7752,1.77548,1.00,1.37
2017.07.12 05:07:46.063,1.7752,1.77548,1.00,1.00
2017.07.12 05:07:46.114,1.77521,1.77554,1.00,1.12
2017.07.12 05:07:46.799,1.77521,1.77556,1.00,1.46
2017.07.12 05:07:49.298,1.77521,1.77556,1.00,1.09
2017.07.12 05:07:50.353,1.77521,1.77557,1.00,1.71
2017.07.12 05:07:51.146,1.7752,1.77557,1.00,1.71
2017.07.12 05:07:51.749,1.77521,1.77557,1.00,1.71
2017.07.12 05:07:57.735,1.7752,1.77556,1.00,1.46
2017.07.12 05:07:58.180,1.77519,1.77556,1.00,1.46
2017.07.12 05:08:02.592,1.77518,1.77553,1.00,1.37
2017.07.12 05:08:03.409,1.77519,1.77553,1.00,1.37
2017.07.12 05:08:07.794,1.77519,1.77553,1.00,1.71
2017.07.12 05:08:08.105,1.77507,1.77542,1.00,1.37
2017.07.12 05:08:08.156,1.77506,1.77542,1.00,1.37
2017.07.12 05:08:08.309,1.77509,1.77542,1.00,1.00
2017.07.12 05:08:08.362,1.77514,1.77542,1.00,1.00
2017.07.12 05:08:08.463,1.77514,1.77545,1.00,1.50
2017.07.12 05:08:08.955,1.77518,1.77547,1.00,1.00
2017.07.12 05:08:09.195,1.77528,1.77558,1.00,1.12
2017.07.12 05:08:09.298,1.77528,1.77558,1.00,1.37
2017.07.12 05:08:09.450,1.77528,1.77561,1.00,1.37
2017.07.12 05:08:09.653,1.77525,1.77561,1.00,1.37
2017.07.12 05:08:10.008,1.77528,1.77561,1.00,1.37
2017.07.12 05:08:10.124,1.77528,1.77561,1.00,1.37
2017.07.12 05:08:11.076,1.77526,1.77563,1.00,1.71
2017.07.12 05:08:12.062,1.77527,1.77562,1.00,1.46
2017.07.12 05:08:15.010,1.77529,1.77562,1.00,1.37
2017.07.12 05:08:15.112,1.7753,1.77564,1.00,1.50
2017.07.12 05:08:15.163,1.77532,1.77564,1.00,1.00
2017.07.12 05:08:15.756,1.77533,1.77569,1.00,1.37
2017.07.12 05:08:16.240,1.77533,1.77565,1.00,1.37
2017.07.12 05:08:16.505,1.77535,1.77569,1.00,1.37
2017.07.12 05:08:16.822,1.77537,1.7757,1.00,1.37
2017.07.12 05:08:17.126,1.77537,1.7757,1.00,1.37
2017.07.12 05:08:17.931,1.77539,1.77573,1.00,1.50
2017.07.12 05:08:18.311,1.77539,1.77573,1.00,1.37
2017.07.12 05:08:18.362,1.77541,1.77575,1.00,1.37
2017.07.12 05:08:18.809,1.77544,1.77579,1.00,1.71
2017.07.12 05:08:20.167,1.77544,1.77579,1.00,1.71
2017.07.12 05:08:20.269,1.7754,1.77579,1.00,1.71
2017.07.12 05:08:20.522,1.77539,1.77575,1.00,1.37
2017.07.12 05:08:21.756,1.77537,1.77573,1.00,1.37
2017.07.12 05:08:27.658,1.77535,1.77571,1.00,1.00
2017.07.12 05:08:27.709,1.77535,1.77571,1.00,1.37
2017.07.12 05:08:27.870,1.77531,1.77567,1.00,1.87
2017.07.12 05:08:27.972,1.77531,1.77567,1.00,1.87
2017.07.12 05:08:30.862,1.77531,1.77565,1.00,1.37
2017.07.12 05:08:30.964,1.77531,1.77565,1.00,1.37
2017.07.12 05:08:32.409,1.77531,1.77565,1.00,1.12
2017.07.12 05:08:32.460,1.77531,1.77563,1.00,1.00
2017.07.12 05:08:32.799,1.77531,1.77565,1.00,1.37
2017.07.12 05:08:37.241,1.77529,1.77562,1.00,1.37
2017.07.12 05:08:37.292,1.77527,1.77562,1.00,1.87
2017.07.12 05:08:37.343,1.77523,1.77559,1.00,1.12
2017.07.12 05:08:37.394,1.77522,1.77558,1.00,1.37
2017.07.12 05:08:37.446,1.77517,1.77556,1.00,1.71
2017.07.12 05:08:37.497,1.77515,1.77555,1.00,1.71
2017.07.12 05:08:37.863,1.77517,1.77552,1.00,1.37
2017.07.12 05:08:38.194,1.77518,1.77553,1.00,1.09
2017.07.12 05:08:38.684,1.77516,1.77553,1.00,1.46
2017.07.12 05:08:42.631,1.77516,1.77553,1.00,1.09
2017.07.12 05:08:42.783,1.77519,1.77554,1.00,1.00
2017.07.12 05:08:47.044,1.77518,1.77554,1.00,1.00
2017.07.12 05:08:56.618,1.77517,1.77554,1.00,1.37
2017.07.12 05:08:57.438,1.77516,1.77553,1.00,1.37
2017.07.12 05:08:57.989,1.77516,1.77553,1.00,1.37
2017.07.12 05:08:58.768,1.77515,1.77553,1.00,1.37
2017.07.12 05:09:02.754,1.77514,1.77549,1.00,1.12
2017.07.12 05:09:02.956,1.77512,1.77552,1.00,1.37
2017.07.12 05:09:03.600,1.77512,1.77548,1.00,1.12
2017.07.12 05:09:03.757,1.77509,1.77548,1.00,1.87
2017.07.12 05:09:03.808,1.77508,1.77547,1.00,1.37
2017.07.12 05:09:04.006,1.77517,1.77552,1.00,1.00
2017.07.12 05:09:04.667,1.77517,1.77554,1.00,1.12
2017.07.12 05:09:17.075,1.77515,1.77554,1.00,1.12
2017.07.12 05:09:17.126,1.77515,1.77551,1.00,1.00
2017.07.12 05:09:20.855,1.77515,1.77551,1.00,1.37
2017.07.12 05:09:21.058,1.77506,1.77544,1.00,1.37
2017.07.12 05:09:21.778,1.77506,1.77542,1.00,1.37
2017.07.12 05:09:22.976,1.77506,1.77542,1.00,1.37
2017.07.12 05:09:23.027,1.77512,1.77542,1.00,1.00
2017.07.12 05:09:23.129,1.77515,1.77547,1.00,1.00
2017.07.12 05:09:23.231,1.77517,1.77546,1.00,1.00
2017.07.12 05:09:23.333,1.77518,1.77551,1.00,1.00
2017.07.12 05:09:23.383,1.7752,1.77551,1.00,1.00
2017.07.12 05:09:23.536,1.7752,1.77553,1.00,1.00
2017.07.12 05:09:23.689,1.7752,1.77555,1.00,1.00
2017.07.12 05:09:23.791,1.7752,1.77552,1.00,1.00
2017.07.12 05:09:24.191,1.7752,1.77555,1.00,1.12
2017.07.12 05:09:24.692,1.7752,1.77554,1.00,1.00
2017.07.12 05:09:26.119,1.7752,1.77556,1.00,1.37
2017.07.12 05:09:26.830,1.7752,1.77553,1.00,1.00
2017.07.12 05:09:27.109,1.7752,1.77556,1.00,1.37
2017.07.12 05:09:32.505,1.7752,1.77555,1.00,1.37
2017.07.12 05:09:34.615,1.77519,1.77551,1.00,1.12
2017.07.12 05:09:34.666,1.77515,1.77551,1.00,1.37
2017.07.12 05:09:34.717,1.77513,1.77549,1.00,1.37
2017.07.12 05:09:34.768,1.77511,1.77549,1.00,1.37
2017.07.12 05:09:35.157,1.77514,1.77547,1.00,1.37
2017.07.12 05:09:35.643,1.77511,1.77547,1.00,1.37
2017.07.12 05:09:37.155,1.7751,1.77547,1.00,1.37
2017.07.12 05:09:37.865,1.77509,1.77547,1.00,1.37
2017.07.12 05:09:38.362,1.77511,1.77545,1.00,1.00
2017.07.12 05:09:39.537,1.77509,1.77545,1.00,1.00
2017.07.12 05:09:40.128,1.77509,1.77542,1.00,1.00
2017.07.12 05:09:41.503,1.77513,1.77542,1.00,1.00
2017.07.12 05:09:41.554,1.77513,1.77548,1.00,1.12
2017.07.12 05:09:42.128,1.77513,1.7755,1.00,1.37
2017.07.12 05:09:46.228,1.77515,1.77551,1.00,1.00
2017.07.12 05:09:46.748,1.77515,1.77553,1.00,1.87
2017.07.12 05:09:47.072,1.77522,1.77557,1.00,1.75
2017.07.12 05:09:47.224,1.77526,1.77562,1.00,1.50
2017.07.12 05:09:47.958,1.77526,1.77562,1.00,1.87
2017.07.12 05:09:51.090,1.77525,1.77563,1.00,1.37
2017.07.12 05:09:57.914,1.77525,1.77561,1.00,1.37
2017.07.12 05:09:58.456,1.77526,1.77563,1.00,1.37
2017.07.12 05:09:58.507,1.77523,1.77563,1.00,1.37
2017.07.12 05:09:58.657,1.77523,1.77557,1.00,1.00
2017.07.12 05:09:58.932,1.77521,1.77556,1.00,1.00
2017.07.12 05:09:59.236,1.77521,1.77554,1.00,1.00
2017.07.12 05:09:59.642,1.77521,1.77552,1.00,1.00
2017.07.12 05:09:59.866,1.7752,1.77557,1.00,1.00
2017.07.12 05:09:59.917,1.77515,1.77557,1.50,1.12
2017.07.12 05:09:59.968,1.77512,1.77553,1.00,1.37
2017.07.12 05:10:00.273,1.77514,1.77543,1.00,1.00
2017.07.12 05:10:00.375,1.77515,1.77549,1.00,1.12
2017.07.12 05:10:00.910,1.77516,1.7755,1.00,1.00
2017.07.12 05:10:01.062,1.77515,1.77548,1.00,1.00
2017.07.12 05:10:01.164,1.77517,1.77552,1.00,1.00
2017.07.12 05:10:01.317,1.7752,1.77552,1.00,1.00
2017.07.12 05:10:01.469,1.7752,1.77555,1.00,1.00
2017.07.12 05:10:02.598,1.7752,1.77556,1.00,1.87
2017.07.12 05:10:02.951,1.7752,1.77556,1.00,2.25
2017.07.12 05:10:03.543,1.77519,1.77555,1.00,1.37
2017.07.12 05:10:05.410,1.77517,1.77555,1.00,1.37
2017.07.12 05:10:05.461,1.77517,1.77556,1.00,1.87
2017.07.12 05:10:06.468,1.77518,1.77556,1.00,1.87
2017.07.12 05:10:08.460,1.77516,1.77555,1.00,1.00
2017.07.12 05:10:08.561,1.77516,1.77551,1.00,1.00
2017.07.12 05:10:08.813,1.77513,1.77551,1.00,1.37
2017.07.12 05:10:08.916,1.77511,1.77551,1.00,1.37
2017.07.12 05:10:09.220,1.77509,1.77548,1.00,1.00
2017.07.12 05:10:09.372,1.77509,1.77544,1.00,1.00
2017.07.12 05:10:09.899,1.77507,1.77545,1.00,1.00
2017.07.12 05:10:09.950,1.77506,1.77541,1.00,1.00
2017.07.12 05:10:10.001,1.77504,1.77541,1.00,1.00
2017.07.12 05:10:10.298,1.77504,1.77538,1.00,1.00
2017.07.12 05:10:11.028,1.77503,1.77538,1.00,1.00
2017.07.12 05:10:19.047,1.77502,1.77538,1.00,1.00
2017.07.12 05:10:19.641,1.77501,1.77538,1.00,1.00
2017.07.12 05:10:20.181,1.77498,1.77538,1.00,1.00
2017.07.12 05:10:25.193,1.77499,1.77535,1.00,1.00
2017.07.12 05:10:26.098,1.77501,1.77535,1.00,1.00
2017.07.12 05:10:26.302,1.77502,1.77542,1.00,1.00
2017.07.12 05:10:26.449,1.77502,1.77534,1.00,1.00
2017.07.12 05:10:26.550,1.77498,1.77534,1.00,1.00
2017.07.12 05:10:26.601,1.775,1.77534,1.00,1.00
2017.07.12 05:10:26.804,1.77499,1.77536,1.00,1.00
2017.07.12 05:10:26.906,1.77498,1.77533,1.00,1.00
2017.07.12 05:10:27.607,1.77506,1.77533,1.00,1.00
2017.07.12 05:10:27.768,1.77503,1.77536,1.00,1.00
2017.07.12 05:10:28.049,1.77501,1.77536,1.00,1.00
2017.07.12 05:10:28.100,1.77502,1.7754,1.00,1.00
2017.07.12 05:10:28.152,1.77499,1.7754,1.00,1.00
2017.07.12 05:10:28.203,1.77499,1.77538,1.00,1.00
2017.07.12 05:10:28.508,1.77498,1.77535,1.00,1.00
2017.07.12 05:10:28.714,1.77499,1.77537,1.00,1.00
2017.07.12 05:10:29.036,1.77503,1.77537,1.00,1.00
2017.07.12 05:10:29.246,1.775,1.77538,1.00,1.00
2017.07.12 05:10:29.870,1.775,1.77539,1.00,1.50
2017.07.12 05:10:31.262,1.77506,1.77539,1.00,1.00
2017.07.12 05:10:31.520,1.77509,1.77545,1.00,1.00
2017.07.12 05:10:31.573,1.77507,1.77544,1.00,1.00
2017.07.12 05:10:31.771,1.77506,1.77542,1.00,1.00
2017.07.12 05:10:34.479,1.77505,1.77542,1.00,1.00
2017.07.12 05:10:36.966,1.77506,1.77542,1.00,1.00
2017.07.12 05:10:41.808,1.77507,1.77543,1.00,1.00
2017.07.12 05:10:42.112,1.77512,1.77547,1.00,1.00
2017.07.12 05:10:42.641,1.77512,1.77548,1.00,1.00
2017.07.12 05:10:42.960,1.77509,1.77546,1.00,1.00
2017.07.12 05:10:43.182,1.77509,1.77543,1.00,1.00
2017.07.12 05:10:43.486,1.77512,1.77544,1.00,1.00
2017.07.12 05:10:43.537,1.7751,1.77544,1.00,1.00
2017.07.12 05:10:43.588,1.77513,1.77546,1.00,1.00
2017.07.12 05:10:43.639,1.77511,1.77546,1.00,1.00
2017.07.12 05:10:43.994,1.77509,1.77546,1.00,1.00
2017.07.12 05:10:44.045,1.77511,1.77546,1.00,1.00
2017.07.12 05:10:44.335,1.77509,1.77547,1.00,1.00
2017.07.12 05:10:45.885,1.77511,1.77547,1.00,1.00
2017.07.12 05:10:48.128,1.7751,1.77547,1.00,1.00
2017.07.12 05:10:48.804,1.77509,1.77547,1.00,1.00
2017.07.12 05:10:49.360,1.77509,1.77543,1.00,1.00
2017.07.12 05:10:52.192,1.77509,1.77546,1.00,1.00
2017.07.12 05:10:53.042,1.77512,1.77546,1.00,1.00
2017.07.12 05:10:53.196,1.7751,1.77546,1.00,1.00
2017.07.12 05:10:56.502,1.77509,1.77546,1.00,1.00
2017.07.12 05:10:56.717,1.77509,1.77542,1.00,1.00
2017.07.12 05:10:57.176,1.77507,1.77542,1.00,1.00
2017.07.12 05:10:59.245,1.77508,1.77542,1.00,1.00
2017.07.12 05:10:59.768,1.77507,1.77542,1.00,1.00
2017.07.12 05:11:08.778,1.77505,1.77542,1.00,1.00
2017.07.12 05:11:08.829,1.77495,1.77534,1.00,1.00
2017.07.12 05:11:08.880,1.77494,1.77532,1.00,1.00
2017.07.12 05:11:09.226,1.77494,1.77528,1.00,1.00
2017.07.12 05:11:09.918,1.77495,1.77528,1.00,1.00
2017.07.12 05:11:10.308,1.77499,1.77528,1.00,1.00
2017.07.12 05:11:10.460,1.775,1.77531,1.00,1.00
2017.07.12 05:11:10.613,1.775,1.77533,1.00,1.00
2017.07.12 05:11:11.936,1.77505,1.77535,1.00,1.00
2017.07.12 05:11:12.038,1.77506,1.77541,1.00,1.00
2017.07.12 05:11:12.714,1.77507,1.77543,1.00,1.00
2017.07.12 05:11:13.305,1.77509,1.77543,1.00,1.00
2017.07.12 05:11:18.949,1.7751,1.77543,1.00,1.00
2017.07.12 05:11:19.158,1.77511,1.77547,1.00,1.00
2017.07.12 05:11:24.730,1.77511,1.77546,1.00,1.00
2017.07.12 05:11:25.099,1.77515,1.77546,1.00,1.00
2017.07.12 05:11:25.417,1.77515,1.77544,1.00,1.00
2017.07.12 05:11:25.468,1.77515,1.77548,1.00,1.00
2017.07.12 05:11:26.055,1.77515,1.77549,1.00,1.00
2017.07.12 05:11:29.622,1.77514,1.77549,1.00,1.00
2017.07.12 05:11:29.673,1.77516,1.77548,1.00,1.00
2017.07.12 05:11:30.865,1.77515,1.77548,1.00,1.00
2017.07.12 05:11:32.772,1.77516,1.77548,1.00,1.00
2017.07.12 05:11:35.157,1.77515,1.77548,1.00,1.00
2017.07.12 05:11:36.040,1.77515,1.77551,1.00,1.00
2017.07.12 05:11:39.260,1.77516,1.77551,1.00,1.00
2017.07.12 05:11:39.409,1.77518,1.77552,1.00,1.00
2017.07.12 05:11:39.460,1.77518,1.77554,1.00,1.00
2017.07.12 05:11:40.376,1.77518,1.77553,1.00,1.00
2017.07.12 05:11:46.325,1.77514,1.77553,1.00,1.00
2017.07.12 05:11:46.452,1.77514,1.77551,1.00,1.00
2017.07.12 05:11:48.821,1.77513,1.77551,1.00,1.00
2017.07.12 05:11:49.440,1.77514,1.77556,1.00,1.05
2017.07.12 05:11:50.255,1.77514,1.77556,1.00,1.11
2017.07.12 05:11:51.090,1.77514,1.77551,1.00,1.00
2017.07.12 05:11:52.790,1.77515,1.77551,1.00,1.00
2017.07.12 05:11:53.391,1.77514,1.77551,1.00,1.00
2017.07.12 05:11:58.823,1.77513,1.77551,1.00,1.00
2017.07.12 05:12:19.201,1.77512,1.77551,1.00,1.00
2017.07.12 05:12:24.845,1.77513,1.77551,1.00,1.00
2017.07.12 05:12:25.189,1.77513,1.77548,1.00,1.00
2017.07.12 05:12:27.459,1.77514,1.77548,1.00,1.00
2017.07.12 05:12:28.497,1.77514,1.7755,1.00,1.00
2017.07.12 05:12:29.122,1.77515,1.7755,1.00,1.00
2017.07.12 05:12:29.356,1.77513,1.7755,1.00,1.00
2017.07.12 05:12:29.509,1.77513,1.77552,1.00,1.00
2017.07.12 05:12:31.500,1.77513,1.7755,1.00,1.00
2017.07.12 05:12:34.527,1.77513,1.77551,1.00,1.00
2017.07.12 05:12:42.609,1.77514,1.7755,1.00,1.00
2017.07.12 05:12:44.715,1.77514,1.77552,1.00,1.00
2017.07.12 05:12:45.429,1.77514,1.77551,1.00,1.00
2017.07.12 05:12:45.942,1.77513,1.77551,1.00,1.00
2017.07.12 05:12:49.491,1.77515,1.77551,1.00,1.00
2017.07.12 05:12:50.160,1.77515,1.77552,1.00,1.00
2017.07.12 05:12:56.344,1.7752,1.77552,1.00,1.00
2017.07.12 05:12:56.446,1.77519,1.77557,1.00,1.00
2017.07.12 05:12:56.706,1.77522,1.77557,1.00,1.00
2017.07.12 05:12:56.757,1.77522,1.7756,1.00,1.00
2017.07.12 05:12:56.828,1.77522,1.77563,1.00,1.00
2017.07.12 05:13:00.131,1.77522,1.77561,1.00,1.00
2017.07.12 05:13:03.234,1.77522,1.77559,1.00,1.00
2017.07.12 05:13:05.352,1.77523,1.77559,1.00,1.00
2017.07.12 05:13:05.878,1.77523,1.7756,1.00,1.00
2017.07.12 05:13:06.004,1.77521,1.7756,1.00,1.00
2017.07.12 05:13:06.538,1.77521,1.77565,1.00,1.00
2017.07.12 05:13:10.048,1.77521,1.77564,1.00,1.00
2017.07.12 05:13:12.745,1.77521,1.77563,1.00,1.00
2017.07.12 05:13:12.924,1.77516,1.77563,1.00,1.37
2017.07.12 05:13:12.975,1.77514,1.77556,1.00,1.00
2017.07.12 05:13:13.026,1.77512,1.77556,1.00,1.00
2017.07.12 05:13:13.364,1.77512,1.77552,1.00,1.00
2017.07.12 05:13:15.252,1.77513,1.77552,1.00,1.00
2017.07.12 05:13:16.048,1.77513,1.77555,1.00,1.12
2017.07.12 05:13:17.180,1.77511,1.77555,1.00,1.12
2017.07.12 05:13:18.009,1.7751,1.77555,1.00,1.12
2017.07.12 05:13:19.439,1.77509,1.77555,1.00,1.12
2017.07.12 05:13:19.592,1.77509,1.77552,1.00,1.00
2017.07.12 05:13:21.454,1.77509,1.77553,1.00,1.00
2017.07.12 05:13:25.058,1.77509,1.7755,1.00,1.00
2017.07.12 05:13:28.361,1.77509,1.77552,1.00,1.00
2017.07.12 05:13:31.204,1.7751,1.77552,1.00,1.00
2017.07.12 05:13:32.279,1.77509,1.77552,1.00,1.00
2017.07.12 05:13:32.766,1.7751,1.7755,1.00,1.00
2017.07.12 05:13:37.270,1.7751,1.77552,1.00,1.00
2017.07.12 05:13:39.341,1.7751,1.77549,1.00,1.00
2017.07.12 05:13:45.609,1.77509,1.77549,1.00,1.00
2017.07.12 05:13:46.389,1.7751,1.77549,1.00,1.00
2017.07.12 05:13:48.460,1.77509,1.77549,1.00,1.00
2017.07.12 05:13:48.768,1.775,1.77539,1.00,1.00
2017.07.12 05:13:49.156,1.77503,1.77539,1.00,1.00
2017.07.12 05:13:49.207,1.77505,1.77542,1.00,1.00
2017.07.12 05:13:49.528,1.77505,1.77545,1.00,1.00
2017.07.12 05:13:50.130,1.77505,1.77546,1.00,1.00
2017.07.12 05:13:50.370,1.77505,1.77549,1.00,1.00
2017.07.12 05:13:52.592,1.77507,1.77549,1.00,1.00
2017.07.12 05:13:54.617,1.77507,1.77548,1.00,1.00
2017.07.12 05:13:56.562,1.77502,1.77548,1.00,1.12
2017.07.12 05:13:56.613,1.77503,1.77544,1.00,1.00
2017.07.12 05:13:56.949,1.77505,1.77544,1.00,1.00
2017.07.12 05:13:58.476,1.77504,1.77544,1.00,1.00
2017.07.12 05:13:59.529,1.77504,1.77543,1.00,1.00
2017.07.12 05:14:00.469,1.77504,1.77544,1.00,1.00
2017.07.12 05:14:00.997,1.77507,1.77544,1.00,1.00
2017.07.12 05:14:01.349,1.77509,1.77554,1.00,1.67
2017.07.12 05:14:03.600,1.77509,1.77549,1.00,1.00
2017.07.12 05:14:04.853,1.77507,1.77549,1.00,1.00
2017.07.12 05:14:07.246,1.7751,1.77549,1.00,1.00
2017.07.12 05:14:07.839,1.77511,1.7755,1.00,1.00
2017.07.12 05:14:12.267,1.77509,1.7755,1.00,1.00
2017.07.12 05:14:12.395,1.77502,1.77541,1.00,1.00
2017.07.12 05:14:12.898,1.77501,1.77541,1.00,1.00
2017.07.12 05:14:14.404,1.77501,1.7754,1.00,1.00
2017.07.12 05:14:14.926,1.775,1.7754,1.12,1.00
2017.07.12 05:14:17.121,1.77501,1.77541,1.00,1.00
2017.07.12 05:14:18.538,1.775,1.77541,1.12,1.00
2017.07.12 05:14:18.948,1.77502,1.77542,1.00,1.00
2017.07.12 05:14:19.478,1.77501,1.77541,1.00,1.00
2017.07.12 05:14:24.117,1.77502,1.77546,1.00,1.00
2017.07.12 05:14:24.168,1.77505,1.77546,1.00,1.00
2017.07.12 05:14:24.271,1.77502,1.77546,1.00,1.00
2017.07.12 05:14:24.951,1.77503,1.77546,1.00,1.00
2017.07.12 05:14:25.002,1.77503,1.77543,1.00,1.00
2017.07.12 05:14:25.053,1.77501,1.77542,1.00,1.00
2017.07.12 05:14:25.155,1.77501,1.7754,1.00,1.00
2017.07.12 05:14:25.308,1.77498,1.7754,1.00,1.00
2017.07.12 05:14:26.163,1.77497,1.7754,1.00,1.00
2017.07.12 05:14:28.075,1.77497,1.77539,1.00,1.00
2017.07.12 05:14:28.126,1.77496,1.77536,1.00,1.00
2017.07.12 05:14:28.228,1.77493,1.77536,1.50,1.00
2017.07.12 05:14:28.376,1.77493,1.77539,1.50,1.00
2017.07.12 05:14:28.428,1.77501,1.77546,1.50,1.00
2017.07.12 05:14:28.479,1.77501,1.77548,1.00,1.00
2017.07.12 05:14:28.530,1.77509,1.7755,1.00,1.00
2017.07.12 05:14:28.878,1.77508,1.77548,1.00,1.00
2017.07.12 05:14:30.600,1.77511,1.77551,1.00,1.00
2017.07.12 05:14:30.651,1.77511,1.77553,1.00,1.00
2017.07.12 05:14:30.753,1.77512,1.77557,1.00,1.00
2017.07.12 05:14:30.854,1.77514,1.77558,1.00,1.00
2017.07.12 05:14:31.170,1.77516,1.77558,1.00,1.00
2017.07.12 05:14:31.710,1.77517,1.77558,1.00,1.00
2017.07.12 05:14:32.624,1.77516,1.77558,1.00,1.00
2017.07.12 05:14:33.508,1.77516,1.7756,1.00,1.00
2017.07.12 05:14:34.114,1.77518,1.7756,1.00,1.00
2017.07.12 05:14:34.414,1.77516,1.7756,1.00,1.00
2017.07.12 05:14:34.920,1.77516,1.77559,1.00,1.00
2017.07.12 05:14:36.792,1.77516,1.7756,1.00,1.00
2017.07.12 05:14:36.968,1.77517,1.77562,1.00,1.00
2017.07.12 05:14:39.260,1.77519,1.77562,1.00,1.00
2017.07.12 05:14:40.279,1.77521,1.77562,1.00,1.00
2017.07.12 05:14:40.829,1.77521,1.77563,1.00,1.00
2017.07.12 05:14:43.879,1.77531,1.77568,1.00,1.00
2017.07.12 05:14:43.930,1.77529,1.77573,1.00,1.50
2017.07.12 05:14:43.981,1.77531,1.77575,1.00,1.00
2017.07.12 05:14:44.209,1.77533,1.77578,1.00,1.00
2017.07.12 05:14:44.361,1.77538,1.77578,1.00,1.00
2017.07.12 05:14:44.538,1.77538,1.7758,1.00,1.00
2017.07.12 05:14:44.640,1.77538,1.77578,1.00,1.00
2017.07.12 05:14:50.446,1.77538,1.77573,1.00,1.00
2017.07.12 05:14:51.298,1.77538,1.77572,1.00,1.00
2017.07.12 05:14:51.653,1.77538,1.77574,1.00,1.00
2017.07.12 05:14:51.755,1.7754,1.77584,1.00,1.00
2017.07.12 05:14:51.907,1.77542,1.77585,1.00,1.00
2017.07.12 05:14:52.232,1.77542,1.77583,1.00,1.00
2017.07.12 05:14:52.853,1.77541,1.77582,1.00,1.00
2017.07.12 05:14:53.414,1.77541,1.77581,1.00,1.00
2017.07.12 05:14:54.245,1.7754,1.77581,1.00,1.00
2017.07.12 05:14:54.577,1.77543,1.77583,1.00,1.00
2017.07.12 05:14:55.295,1.77542,1.77583,1.00,1.00
2017.07.12 05:14:55.347,1.77542,1.77585,1.00,1.00
2017.07.12 05:14:56.337,1.77542,1.77586,1.00,1.00
2017.07.12 05:14:56.642,1.77542,1.77586,1.00,1.37
2017.07.12 05:14:56.693,1.77542,1.77586,1.00,1.12
2017.07.12 05:14:56.744,1.77542,1.77589,1.00,1.87
2017.07.12 05:14:56.846,1.77545,1.7759,1.00,1.00
2017.07.12 05:14:57.150,1.77552,1.77593,1.00,1.00
2017.07.12 05:14:58.287,1.77552,1.77594,1.00,1.00
2017.07.12 05:15:01.001,1.77549,1.77594,1.00,1.50
2017.07.12 05:15:01.594,1.77549,1.77593,1.00,1.00
2017.07.12 05:15:02.232,1.77549,1.77594,1.00,1.00
2017.07.12 05:15:02.758,1.7755,1.77594,1.00,1.00
2017.07.12 05:15:03.067,1.77552,1.77594,1.00,1.00
2017.07.12 05:15:03.118,1.7755,1.77594,1.00,1.00
2017.07.12 05:15:03.169,1.77545,1.77591,1.50,1.00
2017.07.12 05:15:03.472,1.77545,1.77588,1.00,1.00
2017.07.12 05:15:03.829,1.77547,1.77588,1.00,1.00
2017.07.12 05:15:06.585,1.77548,1.77592,1.00,1.00
2017.07.12 05:15:06.636,1.7755,1.77592,1.00,1.00
2017.07.12 05:15:07.144,1.77551,1.77592,1.00,1.00
2017.07.12 05:15:07.246,1.77549,1.77592,1.00,1.00
2017.07.12 05:15:07.507,1.77551,1.77592,1.00,1.00
2017.07.12 05:15:07.702,1.77551,1.77594,1.00,1.00
2017.07.12 05:15:10.545,1.77548,1.77594,1.00,1.00
2017.07.12 05:15:10.852,1.77548,1.77592,1.00,1.00
2017.07.12 05:15:11.374,1.7755,1.77593,1.00,1.00
2017.07.12 05:15:11.577,1.77553,1.77597,1.00,1.00
2017.07.12 05:15:11.628,1.77555,1.77597,1.00,1.00
2017.07.12 05:15:11.882,1.77557,1.77602,1.00,1.00
2017.07.12 05:15:12.061,1.77555,1.776,1.00,1.00
2017.07.12 05:15:12.372,1.77555,1.77598,1.00,1.00
2017.07.12 05:15:13.827,1.77558,1.77598,1.00,1.00
2017.07.12 05:15:14.151,1.77558,1.776,1.00,1.00
2017.07.12 05:15:15.135,1.77557,1.776,1.00,1.00
2017.07.12 05:15:15.186,1.77559,1.776,1.00,1.00
2017.07.12 05:15:15.288,1.77562,1.77604,1.00,1.00
2017.07.12 05:15:15.390,1.77562,1.77606,1.00,1.00
2017.07.12 05:15:16.235,1.77563,1.77606,1.00,1.00
2017.07.12 05:15:16.456,1.77563,1.77604,1.00,1.00
2017.07.12 05:15:16.508,1.77559,1.77602,1.00,1.00
2017.07.12 05:15:16.674,1.77559,1.77599,1.00,1.00
2017.07.12 05:15:16.776,1.77557,1.77599,1.00,1.00
2017.07.12 05:15:20.614,1.77561,1.77599,1.00,1.00
2017.07.12 05:15:20.766,1.77565,1.77605,1.00,1.00
2017.07.12 05:15:21.579,1.77565,1.77606,1.00,1.00
2017.07.12 05:15:24.711,1.77567,1.77606,1.00,1.00
2017.07.12 05:15:25.219,1.77567,1.77607,1.00,1.00
2017.07.12 05:15:25.862,1.77567,1.77605,1.00,1.00
2017.07.12 05:15:26.832,1.77565,1.77605,1.00,1.00
2017.07.12 05:15:28.114,1.77565,1.77607,1.00,1.00
2017.07.12 05:15:28.312,1.77565,1.77605,1.00,1.00
2017.07.12 05:15:29.974,1.77567,1.77605,1.00,1.00
2017.07.12 05:15:31.619,1.77568,1.77605,1.00,1.00
2017.07.12 05:15:31.670,1.77568,1.77608,1.00,1.00
2017.07.12 05:15:31.772,1.77569,1.77612,1.00,1.00
2017.07.12 05:15:31.874,1.77568,1.77608,1.00,1.00
2017.07.12 05:15:35.819,1.77567,1.77608,1.00,1.00
2017.07.12 05:15:36.351,1.77568,1.77608,1.00,1.00
2017.07.12 05:15:36.796,1.77566,1.77608,1.00,1.00
2017.07.12 05:15:37.355,1.77567,1.77608,1.00,1.00
2017.07.12 05:15:37.406,1.7757,1.77608,1.00,1.00
2017.07.12 05:15:37.641,1.77571,1.77618,1.00,1.37
2017.07.12 05:15:37.803,1.77571,1.77613,1.00,1.00
2017.07.12 05:15:38.484,1.77576,1.77613,1.00,1.00
2017.07.12 05:15:38.536,1.77575,1.77616,1.00,1.00
2017.07.12 05:15:38.587,1.77577,1.77616,1.00,1.00
2017.07.12 05:15:38.688,1.77573,1.77613,1.00,1.00
2017.07.12 05:15:39.229,1.77572,1.77612,1.00,1.00
2017.07.12 05:15:41.965,1.77576,1.77612,1.00,1.00
2017.07.12 05:15:42.016,1.77573,1.77616,1.00,1.00
2017.07.12 05:15:42.117,1.77573,1.77614,1.00,1.00
2017.07.12 05:15:42.694,1.77573,1.77613,1.00,1.00
2017.07.12 05:15:43.915,1.77574,1.77613,1.00,1.00
2017.07.12 05:15:45.588,1.77576,1.77613,1.00,1.00
2017.07.12 05:15:45.639,1.77581,1.77619,1.00,1.00
2017.07.12 05:15:45.741,1.77583,1.77621,1.00,1.00
2017.07.12 05:15:45.904,1.77581,1.77621,1.00,1.00
2017.07.12 05:15:46.561,1.77581,1.77622,1.00,1.00
2017.07.12 05:15:48.772,1.77579,1.77622,1.00,1.00
2017.07.12 05:15:48.823,1.77579,1.7762,1.00,1.00
2017.07.12 05:15:50.309,1.77577,1.7762,1.00,1.00
2017.07.12 05:15:50.716,1.77577,1.77618,1.00,1.00
2017.07.12 05:15:51.020,1.77586,1.77626,1.00,1.00
2017.07.12 05:15:51.452,1.77585,1.77624,1.00,1.00
2017.07.12 05:15:52.761,1.77586,1.77624,1.00,1.00
2017.07.12 05:15:52.863,1.77584,1.77624,1.00,1.00
2017.07.12 05:15:57.582,1.77579,1.77624,1.50,1.00
2017.07.12 05:15:57.633,1.77584,1.77624,1.00,1.00
2017.07.12 05:16:01.784,1.77582,1.77624,1.00,1.37
2017.07.12 05:16:01.835,1.77582,1.77624,1.00,1.37
2017.07.12 05:16:02.421,1.77582,1.77621,1.00,1.00
2017.07.12 05:16:02.594,1.77579,1.77621,1.00,1.00
2017.07.12 05:16:03.373,1.77579,1.7762,1.00,1.00
2017.07.12 05:16:03.907,1.7758,1.77621,1.00,1.00
2017.07.12 05:16:05.595,1.77581,1.77621,1.00,1.00
2017.07.12 05:16:05.646,1.77583,1.77621,1.00,1.00
2017.07.12 05:16:05.804,1.77583,1.77624,1.00,1.00
2017.07.12 05:16:08.788,1.77582,1.77624,1.00,1.00
2017.07.12 05:16:09.307,1.77576,1.77621,1.50,1.87
2017.07.12 05:16:09.358,1.77571,1.77616,1.50,1.37
2017.07.12 05:16:09.409,1.77571,1.77615,1.00,1.87
2017.07.12 05:16:09.460,1.77569,1.7761,1.00,1.12
2017.07.12 05:16:09.960,1.77569,1.77609,1.00,1.37
2017.07.12 05:16:10.523,1.77568,1.77609,1.00,1.37
2017.07.12 05:16:11.189,1.77568,1.77609,1.00,1.00
2017.07.12 05:16:11.742,1.77568,1.77608,1.00,1.00
2017.07.12 05:16:13.372,1.77561,1.77607,1.00,1.37
2017.07.12 05:16:13.423,1.77561,1.77607,1.00,2.62
2017.07.12 05:16:26.641,1.77559,1.77602,1.00,1.00
2017.07.12 05:16:26.692,1.77559,1.77599,1.00,1.00
2017.07.12 05:16:27.615,1.77558,1.77599,1.00,1.00
2017.07.12 05:16:27.717,1.77556,1.77599,1.00,1.12
2017.07.12 05:16:28.246,1.77556,1.77598,1.00,1.00
2017.07.12 05:16:36.004,1.77556,1.77598,1.00,1.87
2017.07.12 05:16:44.361,1.77557,1.77598,1.00,1.87
2017.07.12 05:16:48.887,1.77557,1.77598,1.00,1.50
2017.07.12 05:16:52.323,1.77557,1.77597,1.00,1.00
2017.07.12 05:16:52.900,1.77557,1.77598,1.00,1.50
2017.07.12 05:16:54.568,1.77558,1.77598,1.00,1.50
2017.07.12 05:17:01.389,1.77557,1.77598,1.00,1.50
2017.07.12 05:17:21.061,1.77556,1.77597,1.00,1.00
2017.07.12 05:17:21.518,1.77556,1.77595,1.00,1.00
2017.07.12 05:17:24.859,1.77555,1.77595,1.00,1.00
2017.07.12 05:17:25.810,1.77557,1.77595,1.00,1.00
2017.07.12 05:17:25.962,1.77555,1.77595,1.00,1.00
2017.07.12 05:17:26.857,1.77555,1.77594,1.00,1.00
2017.07.12 05:17:35.532,1.77555,1.77593,1.00,1.00
2017.07.12 05:17:38.535,1.77555,1.77594,1.00,1.00
2017.07.12 05:17:48.913,1.77556,1.77594,1.00,1.00
2017.07.12 05:18:04.361,1.77555,1.77594,1.00,1.00
2017.07.12 05:18:27.080,1.77555,1.77592,1.00,1.00
2017.07.12 05:18:30.660,1.77553,1.77592,1.00,1.00
2017.07.12 05:18:57.408,1.77553,1.7759,1.00,1.00
2017.07.12 05:18:59.543,1.77555,1.77592,1.00,1.00
2017.07.12 05:19:00.222,1.77555,1.77594,1.00,1.00
2017.07.12 05:19:20.297,1.77553,1.77594,1.00,1.00
2017.07.12 05:19:20.348,1.77553,1.77592,1.00,1.00
2017.07.12 05:19:22.196,1.77555,1.77592,1.00,1.00
2017.07.12 05:19:22.703,1.77556,1.77592,1.00,1.00
2017.07.12 05:19:23.362,1.77556,1.77593,1.00,1.00
2017.07.12 05:19:23.986,1.77557,1.77593,1.00,1.00
2017.07.12 05:19:25.183,1.77558,1.77593,1.00,1.00
2017.07.12 05:19:25.285,1.77558,1.77595,1.00,1.00
2017.07.12 05:19:25.336,1.77558,1.77597,1.00,1.00
2017.07.12 05:19:25.488,1.77561,1.77598,1.00,1.50
2017.07.12 05:19:25.847,1.77559,1.77598,1.00,1.50
2017.07.12 05:19:25.948,1.77559,1.77595,1.00,1.00
2017.07.12 05:19:26.265,1.77559,1.77597,1.00,1.00
2017.07.12 05:19:26.838,1.77558,1.77598,1.00,1.50
2017.07.12 05:19:27.042,1.77558,1.77595,1.00,1.00
2017.07.12 05:19:27.373,1.77559,1.77598,1.00,1.00
2017.07.12 05:19:31.442,1.77559,1.77597,1.00,1.00
2017.07.12 05:19:33.780,1.77558,1.77596,1.00,1.00
2017.07.12 05:19:34.684,1.77558,1.77595,1.00,1.00
2017.07.12 05:19:37.640,1.77556,1.77595,1.00,1.00
2017.07.12 05:19:47.493,1.77557,1.77595,1.00,1.00
2017.07.12 05:19:47.544,1.7756,1.77595,1.00,1.00
2017.07.12 05:19:47.805,1.7756,1.77598,1.00,1.00
2017.07.12 05:19:47.856,1.77558,1.77598,1.00,1.00
2017.07.12 05:19:48.326,1.77561,1.77598,1.00,1.00
2017.07.12 05:19:48.516,1.77559,1.77598,1.00,1.00
2017.07.12 05:19:49.272,1.7756,1.77598,1.00,1.00
2017.07.12 05:19:49.527,1.77558,1.77598,1.00,1.00
2017.07.12 05:19:49.578,1.77558,1.77596,1.00,1.00
2017.07.12 05:19:54.567,1.77558,1.77597,1.00,1.00
2017.07.12 05:19:54.770,1.77559,1.77599,1.00,1.00
2017.07.12 05:19:55.382,1.77558,1.77598,1.00,1.00
2017.07.12 05:19:57.742,1.77559,1.77598,1.00,1.00
2017.07.12 05:19:59.175,1.77558,1.77598,1.00,1.00
2017.07.12 05:19:59.226,1.7756,1.77598,1.00,1.00
2017.07.12 05:19:59.740,1.77561,1.77599,1.00,1.00
2017.07.12 05:20:00.551,1.7756,1.77599,1.00,1.00
2017.07.12 05:20:02.589,1.77561,1.77599,1.00,1.00
2017.07.12 05:20:02.792,1.77561,1.77602,1.00,1.00
2017.07.12 05:20:03.190,1.7756,1.776,1.00,1.00
2017.07.12 05:20:03.241,1.77558,1.776,1.00,1.00
2017.07.12 05:20:03.292,1.77558,1.77598,1.00,1.00
2017.07.12 05:20:03.645,1.7756,1.77598,1.00,1.00
2017.07.12 05:20:04.480,1.7756,1.776,1.00,1.00
2017.07.12 05:20:06.468,1.77562,1.776,1.00,1.00
2017.07.12 05:20:07.086,1.77564,1.776,1.00,1.00
2017.07.12 05:20:07.506,1.77562,1.776,1.00,1.00
2017.07.12 05:20:07.719,1.77563,1.77598,1.00,1.00
2017.07.12 05:20:07.821,1.77563,1.776,1.00,1.00
2017.07.12 05:20:08.199,1.77563,1.77602,1.00,1.00
2017.07.12 05:20:12.263,1.77566,1.77602,1.00,1.00
2017.07.12 05:20:12.510,1.77565,1.77607,1.00,1.00
2017.07.12 05:20:12.714,1.77565,1.77609,1.00,1.00
2017.07.12 05:20:12.817,1.77565,1.77605,1.00,1.00
2017.07.12 05:20:13.428,1.7756,1.77605,1.00,1.37
2017.07.12 05:20:13.479,1.7756,1.77604,1.00,1.37
2017.07.12 05:20:13.530,1.77552,1.77594,1.00,1.00
2017.07.12 05:20:13.960,1.77555,1.77594,1.00,1.00
2017.07.12 05:20:14.190,1.77555,1.77596,1.00,1.00
2017.07.12 05:20:14.342,1.77552,1.77596,1.00,1.00
2017.07.12 05:20:14.444,1.7755,1.77596,1.00,1.00
2017.07.12 05:20:14.495,1.77549,1.77594,1.00,1.00
2017.07.12 05:20:14.904,1.77549,1.77591,1.00,1.00
2017.07.12 05:20:15.208,1.7755,1.77589,1.00,1.00
2017.07.12 05:20:15.416,1.77549,1.77591,1.00,1.00
2017.07.12 05:20:15.797,1.77549,1.77588,1.00,1.00
2017.07.12 05:20:17.333,1.77549,1.77587,1.00,1.00
2017.07.12 05:20:19.595,1.77549,1.77589,1.00,1.00
2017.07.12 05:20:25.828,1.77549,1.77591,1.00,1.00
2017.07.12 05:20:26.009,1.77551,1.77591,1.00,1.00
2017.07.12 05:20:26.211,1.77551,1.77594,1.00,1.00
2017.07.12 05:20:27.738,1.77548,1.77593,1.00,1.12
2017.07.12 05:20:27.839,1.77545,1.77592,2.25,1.00
2017.07.12 05:20:27.941,1.77546,1.77588,1.00,1.00
2017.07.12 05:20:28.292,1.77548,1.77588,1.00,1.00
2017.07.12 05:20:28.845,1.77547,1.77588,1.00,1.00
2017.07.12 05:20:29.224,1.77558,1.77595,1.00,1.00
2017.07.12 05:20:29.326,1.77558,1.77597,1.00,1.00
2017.07.12 05:20:30.361,1.77557,1.77597,1.00,1.00
2017.07.12 05:20:32.930,1.7756,1.77597,1.00,1.00
2017.07.12 05:20:33.032,1.7756,1.776,1.00,1.50
2017.07.12 05:20:36.353,1.77561,1.776,1.00,1.00
2017.07.12 05:20:36.404,1.77564,1.776,1.00,1.00
2017.07.12 05:20:36.724,1.77568,1.77605,1.00,1.00
2017.07.12 05:20:37.455,1.77568,1.77606,1.00,1.00
2017.07.12 05:20:40.033,1.77568,1.77604,1.00,1.00
2017.07.12 05:20:42.719,1.77568,1.77606,1.00,1.00
2017.07.12 05:20:43.620,1.77568,1.77605,1.00,1.00
2017.07.12 05:20:46.734,1.77567,1.77605,1.00,1.00
2017.07.12 05:20:47.255,1.77567,1.77604,1.00,1.00
2017.07.12 05:20:51.874,1.77565,1.77604,1.00,1.00
2017.07.12 05:20:52.513,1.77566,1.77603,1.00,1.00
2017.07.12 05:20:53.293,1.77561,1.77603,1.00,1.00
2017.07.12 05:20:53.344,1.77561,1.776,1.00,1.00
2017.07.12 05:20:53.664,1.77561,1.77598,1.00,1.00
2017.07.12 05:20:55.373,1.7756,1.77598,1.00,1.00
2017.07.12 05:20:55.568,1.77558,1.77598,1.00,1.00
2017.07.12 05:20:55.670,1.77557,1.77596,1.00,1.00
2017.07.12 05:20:55.853,1.77557,1.77599,1.00,1.00
2017.07.12 05:20:56.397,1.77558,1.77599,1.00,1.00
2017.07.12 05:20:56.960,1.77557,1.77599,1.00,1.00
2017.07.12 05:20:57.509,1.77558,1.77599,1.00,1.00
2017.07.12 05:20:57.561,1.77562,1.77599,1.00,1.00
2017.07.12 05:20:57.936,1.77564,1.77601,1.00,1.00
2017.07.12 05:20:59.632,1.7756,1.77601,1.00,1.00
2017.07.12 05:21:00.136,1.77561,1.776,1.00,1.00
2017.07.12 05:21:00.188,1.77563,1.776,1.00,1.00
2017.07.12 05:21:00.873,1.77563,1.77601,1.00,1.00
2017.07.12 05:21:05.782,1.77564,1.77601,1.00,1.00
2017.07.12 05:21:05.986,1.77577,1.77616,1.00,1.00
2017.07.12 05:21:06.174,1.77579,1.77616,1.00,1.00
2017.07.12 05:21:06.276,1.77579,1.77618,1.00,1.00
2017.07.12 05:21:06.974,1.77578,1.77618,1.00,1.00
2017.07.12 05:21:07.177,1.77576,1.77618,1.00,1.00
2017.07.12 05:21:07.228,1.77578,1.77618,1.00,1.00
2017.07.12 05:21:07.769,1.77579,1.7762,1.00,1.00
2017.07.12 05:21:07.820,1.77581,1.7762,1.00,1.50
2017.07.12 05:21:08.353,1.77581,1.77621,1.00,1.00
2017.07.12 05:21:09.013,1.77582,1.77621,1.00,1.50
2017.07.12 05:21:09.617,1.77583,1.77621,1.00,1.50
2017.07.12 05:21:10.223,1.77583,1.7762,1.00,1.00
2017.07.12 05:21:10.747,1.77583,1.77621,1.00,1.00
2017.07.12 05:21:11.273,1.77584,1.77621,1.00,1.00
2017.07.12 05:21:12.253,1.77583,1.77621,1.00,1.00
2017.07.12 05:21:13.227,1.77583,1.7762,1.00,1.00
2017.07.12 05:21:13.853,1.77582,1.7762,1.00,1.00
2017.07.12 05:21:14.513,1.77585,1.77621,1.00,1.00
2017.07.12 05:21:14.947,1.77583,1.7762,1.00,1.50
2017.07.12 05:21:20.834,1.77578,1.77621,1.75,1.00
2017.07.12 05:21:20.885,1.77582,1.7762,1.00,1.00
2017.07.12 05:21:20.936,1.77583,1.77622,1.00,1.00
2017.07.12 05:21:22.016,1.77583,1.77623,1.00,1.12
2017.07.12 05:21:24.324,1.77579,1.77623,1.00,1.37
2017.07.12 05:21:24.425,1.77577,1.77618,1.00,1.00
2017.07.12 05:21:24.543,1.7758,1.77618,1.00,1.00
2017.07.12 05:21:24.595,1.7758,1.77621,1.00,1.12
2017.07.12 05:21:25.144,1.7758,1.7762,1.00,1.00
2017.07.12 05:21:25.754,1.7758,1.77621,1.00,1.00
2017.07.12 05:21:26.203,1.77583,1.77622,1.00,1.12
2017.07.12 05:21:27.576,1.77583,1.77624,1.00,1.50
2017.07.12 05:21:28.114,1.77583,1.77624,1.00,2.25
2017.07.12 05:21:29.430,1.77584,1.77624,1.00,1.00
2017.07.12 05:21:29.531,1.77582,1.77624,1.00,1.50
2017.07.12 05:21:29.582,1.77582,1.77624,1.00,1.50
2017.07.12 05:21:30.293,1.77583,1.77622,1.00,1.37
2017.07.12 05:21:30.862,1.77582,1.77624,1.00,1.50
2017.07.12 05:21:31.374,1.77583,1.77625,1.00,2.25
2017.07.12 05:21:32.761,1.77584,1.77622,1.00,1.12
2017.07.12 05:21:33.098,1.77596,1.77632,1.00,1.00
2017.07.12 05:21:33.416,1.77602,1.77637,1.00,1.75
2017.07.12 05:21:33.467,1.77601,1.77637,1.00,1.00
2017.07.12 05:21:33.518,1.77601,1.7764,1.00,1.00
2017.07.12 05:21:33.821,1.77601,1.77642,1.00,1.00
2017.07.12 05:21:34.824,1.77601,1.7764,1.00,1.00
2017.07.12 05:21:36.684,1.77598,1.77637,1.00,1.00
2017.07.12 05:21:37.193,1.77599,1.77641,1.00,1.00
2017.07.12 05:21:38.341,1.7761,1.77641,1.00,1.00
2017.07.12 05:21:38.392,1.77607,1.77644,1.00,1.37
2017.07.12 05:21:39.056,1.77608,1.77644,1.00,1.37
2017.07.12 05:21:39.592,1.77607,1.77645,1.00,1.87
2017.07.12 05:21:39.840,1.77607,1.77645,1.00,1.50
2017.07.12 05:21:40.195,1.77605,1.77645,1.00,1.00
2017.07.12 05:21:41.361,1.77607,1.77645,1.00,1.00
2017.07.12 05:21:41.412,1.77608,1.77647,1.00,1.00
2017.07.12 05:21:41.525,1.7761,1.77647,1.00,1.00
2017.07.12 05:21:41.627,1.7761,1.7765,1.00,1.00
2017.07.12 05:21:43.843,1.77609,1.7765,1.00,1.00
2017.07.12 05:21:45.236,1.77606,1.7765,1.00,1.00
2017.07.12 05:21:45.287,1.77602,1.7765,1.00,1.50
2017.07.12 05:21:45.338,1.77601,1.77644,1.00,1.00
2017.07.12 05:21:48.394,1.77601,1.77641,1.00,1.00
2017.07.12 05:21:49.264,1.77602,1.77641,1.00,1.00
2017.07.12 05:21:51.092,1.77601,1.77641,1.00,1.00
2017.07.12 05:21:51.634,1.77601,1.7764,1.00,1.00
2017.07.12 05:21:54.202,1.77599,1.7764,1.00,1.00
2017.07.12 05:21:54.599,1.77599,1.77637,1.00,1.00
2017.07.12 05:21:58.170,1.77599,1.77637,1.00,1.37
2017.07.12 05:21:58.221,1.77597,1.77637,1.00,1.37
2017.07.12 05:22:06.587,1.77597,1.77637,1.00,1.12
2017.07.12 05:22:09.627,1.77597,1.7764,1.00,1.37
2017.07.12 05:22:09.813,1.77597,1.77637,1.00,1.00
2017.07.12 05:22:15.420,1.77597,1.77639,1.00,1.12
2017.07.12 05:22:16.243,1.77603,1.77639,1.00,1.00
2017.07.12 05:22:16.345,1.77602,1.77644,1.00,1.00
2017.07.12 05:22:19.038,1.77602,1.77644,1.00,1.37
2017.07.12 05:22:19.539,1.77602,1.77644,1.00,1.37
2017.07.12 05:22:22.571,1.77603,1.77644,1.00,1.00
2017.07.12 05:22:22.711,1.77603,1.77644,1.00,1.37
2017.07.12 05:22:23.445,1.77601,1.77644,1.00,1.37
2017.07.12 05:22:26.223,1.77601,1.77645,1.00,1.37
2017.07.12 05:22:26.274,1.77601,1.77644,1.00,1.87
2017.07.12 05:22:26.325,1.77601,1.77645,1.00,1.37
2017.07.12 05:22:28.043,1.77601,1.77645,1.00,1.37
2017.07.12 05:22:28.246,1.77601,1.77644,1.00,1.37
2017.07.12 05:22:28.297,1.77599,1.77644,1.00,1.37
2017.07.12 05:22:28.851,1.77599,1.77641,1.00,1.37
2017.07.12 05:22:29.598,1.77599,1.77641,1.00,1.12
2017.07.12 05:22:29.649,1.77608,1.77645,1.00,1.37
2017.07.12 05:22:29.751,1.77609,1.77651,1.00,1.00
2017.07.12 05:22:30.023,1.77606,1.77651,1.50,1.37
2017.07.12 05:22:30.074,1.77603,1.77649,1.00,1.00
2017.07.12 05:22:30.176,1.77603,1.77646,1.00,1.00
2017.07.12 05:22:30.328,1.77601,1.77646,1.00,1.12
2017.07.12 05:22:30.463,1.776,1.77641,1.00,1.00
2017.07.12 05:22:31.042,1.776,1.77643,1.00,1.00
2017.07.12 05:22:31.842,1.77601,1.77644,1.00,1.00
2017.07.12 05:22:33.819,1.776,1.77644,1.00,1.00
2017.07.12 05:22:37.836,1.77601,1.77644,1.00,1.00
2017.07.12 05:22:40.455,1.77599,1.77642,1.00,1.00
2017.07.12 05:22:52.256,1.77599,1.77641,1.00,1.00
2017.07.12 05:22:53.257,1.77599,1.77642,1.00,1.00
2017.07.12 05:22:55.101,1.77598,1.77642,1.00,1.00
2017.07.12 05:22:55.399,1.77602,1.77647,1.00,1.50
2017.07.12 05:22:55.450,1.77607,1.77648,1.00,1.00
2017.07.12 05:22:56.361,1.77607,1.77649,1.00,1.00
2017.07.12 05:22:57.462,1.77607,1.77648,1.00,1.00
2017.07.12 05:23:00.365,1.77607,1.77649,1.00,1.00
2017.07.12 05:23:01.366,1.77607,1.77647,1.00,1.00
2017.07.12 05:23:02.649,1.77604,1.77647,1.00,1.00
2017.07.12 05:23:05.144,1.77602,1.77639,1.00,1.00
2017.07.12 05:23:05.593,1.77596,1.77639,1.00,1.00
2017.07.12 05:23:05.644,1.77596,1.77632,1.00,1.00
2017.07.12 05:23:05.695,1.77594,1.77632,1.00,1.00
2017.07.12 05:23:06.201,1.77594,1.77633,1.00,1.00
2017.07.12 05:23:08.114,1.77594,1.77632,1.00,1.00
2017.07.12 05:23:08.419,1.77591,1.77632,1.00,1.00
2017.07.12 05:23:15.354,1.77591,1.77636,1.00,1.12
2017.07.12 05:23:16.481,1.77593,1.77636,1.00,1.00
2017.07.12 05:23:17.511,1.77593,1.77637,1.00,1.00
2017.07.12 05:23:24.488,1.77591,1.77637,1.00,1.00
2017.07.12 05:23:30.493,1.77593,1.77637,1.00,1.00
2017.07.12 05:23:31.495,1.77592,1.77637,1.00,1.50
2017.07.12 05:23:33.490,1.77592,1.77636,1.00,1.00
2017.07.12 05:23:33.792,1.77591,1.77634,1.00,1.00
2017.07.12 05:23:41.823,1.77591,1.77635,1.00,1.00
2017.07.12 05:23:44.942,1.77588,1.77635,1.00,1.00
2017.07.12 05:23:45.515,1.77588,1.77633,1.00,1.00
2017.07.12 05:23:48.162,1.77588,1.77628,1.00,1.00
2017.07.12 05:23:48.213,1.77585,1.77627,1.00,1.00
2017.07.12 05:23:48.315,1.77583,1.77626,1.00,1.00
2017.07.12 05:23:48.523,1.77581,1.77626,1.00,1.00
2017.07.12 05:23:48.633,1.77584,1.77629,1.00,1.00
2017.07.12 05:23:48.735,1.77589,1.77635,1.50,1.87
2017.07.12 05:23:48.836,1.77591,1.77635,1.00,1.00
2017.07.12 05:23:49.402,1.77591,1.77636,1.00,1.00
2017.07.12 05:23:50.734,1.77591,1.77635,1.00,1.00
2017.07.12 05:24:31.496,1.77591,1.77634,1.00,1.00
2017.07.12 05:24:33.160,1.77589,1.77634,1.00,1.00
2017.07.12 05:24:35.713,1.77589,1.77631,1.00,1.00
2017.07.12 05:24:37.674,1.77589,1.7763,1.00,1.00
2017.07.12 05:24:42.841,1.77589,1.77632,1.00,1.00
2017.07.12 05:24:42.892,1.77589,1.77629,1.00,1.00
2017.07.12 05:24:43.323,1.77591,1.7763,1.00,1.00
2017.07.12 05:24:43.374,1.77588,1.7763,1.00,1.00
2017.07.12 05:24:50.205,1.77588,1.77632,1.00,1.00
2017.07.12 05:25:01.276,1.77588,1.77628,1.00,1.00
2017.07.12 05:25:01.507,1.77587,1.77631,1.00,1.00
2017.07.12 05:25:02.193,1.7759,1.77631,1.00,1.00
2017.07.12 05:25:03.024,1.7759,1.77632,1.00,1.00
2017.07.12 05:25:04.400,1.7759,1.77635,1.00,1.00
2017.07.12 05:25:04.452,1.7759,1.77637,1.50,1.00
2017.07.12 05:25:04.503,1.77596,1.77638,1.00,1.12
2017.07.12 05:25:05.497,1.77598,1.77638,1.00,1.00
2017.07.12 05:25:06.747,1.77598,1.77635,1.00,1.00
2017.07.12 05:25:08.898,1.77598,1.77637,1.00,1.00
2017.07.12 05:25:09.201,1.77596,1.77636,1.00,1.00
2017.07.12 05:25:09.455,1.77596,1.77634,1.00,1.00
2017.07.12 05:25:09.506,1.77592,1.77634,1.00,1.00
2017.07.12 05:25:11.377,1.77592,1.77632,1.00,1.00
2017.07.12 05:25:21.551,1.7759,1.77632,1.00,1.00
2017.07.12 05:25:22.599,1.7759,1.77631,1.00,1.00
2017.07.12 05:25:22.751,1.77589,1.77627,1.00,1.00
2017.07.12 05:25:22.853,1.77587,1.77627,1.00,1.00
2017.07.12 05:25:22.955,1.77587,1.77629,1.00,1.00
2017.07.12 05:25:23.821,1.7759,1.7763,1.00,1.00
2017.07.12 05:25:24.841,1.77588,1.7763,1.00,1.00
2017.07.12 05:25:25.388,1.77588,1.77634,1.50,1.00
2017.07.12 05:25:28.554,1.77589,1.77636,1.00,1.00
2017.07.12 05:25:44.133,1.77589,1.77634,1.00,1.00
2017.07.12 05:25:49.878,1.77588,1.77634,1.00,1.00
2017.07.12 05:25:50.454,1.77588,1.77632,1.00,1.00
2017.07.12 05:25:51.147,1.77588,1.77634,1.00,1.00
2017.07.12 05:25:51.773,1.77587,1.77635,1.50,1.00
2017.07.12 05:25:55.240,1.77591,1.77636,1.00,1.50
2017.07.12 05:25:57.203,1.77591,1.77635,1.00,1.00
2017.07.12 05:25:57.254,1.77587,1.77635,1.00,1.50
2017.07.12 05:25:59.863,1.77591,1.77635,1.00,1.00
2017.07.12 05:26:04.458,1.77587,1.77635,1.00,1.50
2017.07.12 05:26:06.695,1.77587,1.77634,1.00,1.00
2017.07.12 05:26:06.746,1.77587,1.77631,1.00,1.00
2017.07.12 05:26:15.887,1.7759,1.77631,1.00,1.00
2017.07.12 05:26:19.186,1.77588,1.7763,1.00,1.00
2017.07.12 05:26:19.678,1.77587,1.77628,1.00,1.00
2017.07.12 05:26:20.186,1.77587,1.77629,1.00,1.00
2017.07.12 05:26:20.963,1.77587,1.7763,1.00,1.00
2017.07.12 05:26:21.563,1.77587,1.77629,1.00,1.00
2017.07.12 05:26:21.867,1.77577,1.77618,1.00,1.00
2017.07.12 05:26:21.918,1.77572,1.77618,1.00,1.00
2017.07.12 05:26:22.701,1.77572,1.77617,1.50,1.00
2017.07.12 05:26:22.752,1.77576,1.77617,1.00,1.00
2017.07.12 05:26:22.803,1.77578,1.7762,1.00,1.00
2017.07.12 05:26:22.854,1.7758,1.7762,1.00,1.00
2017.07.12 05:26:22.905,1.7758,1.77626,1.00,1.00
2017.07.12 05:26:23.178,1.77582,1.77627,1.00,1.50
2017.07.12 05:26:30.223,1.77579,1.77627,1.00,1.50
2017.07.12 05:26:31.535,1.7758,1.77627,1.00,1.00
2017.07.12 05:26:32.144,1.77581,1.77627,1.00,1.00
2017.07.12 05:26:32.564,1.77583,1.77627,1.00,1.00
2017.07.12 05:26:32.615,1.77583,1.7763,1.00,1.00
2017.07.12 05:26:40.396,1.77582,1.7763,1.50,1.00
2017.07.12 05:26:40.446,1.77584,1.7763,1.00,1.00
2017.07.12 05:26:40.982,1.77585,1.77631,1.00,1.00
2017.07.12 05:26:45.700,1.77584,1.77631,1.50,1.50
2017.07.12 05:26:46.701,1.77582,1.77629,1.00,1.00
2017.07.12 05:26:54.395,1.77581,1.77629,1.50,1.00
2017.07.12 05:26:56.712,1.77581,1.77626,1.50,1.00
2017.07.12 05:27:01.344,1.7758,1.77626,1.00,1.00
2017.07.12 05:27:06.452,1.77579,1.77626,1.50,1.00
2017.07.12 05:27:07.062,1.77581,1.77626,1.00,1.00
2017.07.12 05:27:22.118,1.77584,1.77626,1.00,1.00
2017.07.12 05:27:22.169,1.77586,1.77629,1.00,1.00
2017.07.12 05:27:22.220,1.77593,1.77629,1.00,1.00
2017.07.12 05:27:22.271,1.77593,1.77636,1.00,1.00
2017.07.12 05:27:22.322,1.77597,1.77636,1.00,1.00
2017.07.12 05:27:22.373,1.77598,1.77643,1.00,1.50
2017.07.12 05:27:22.476,1.776,1.77643,1.00,1.00
2017.07.12 05:27:22.638,1.776,1.77647,1.00,1.50
2017.07.12 05:27:28.232,1.77599,1.77647,1.50,1.00
2017.07.12 05:27:28.283,1.77601,1.77647,1.00,1.00
2017.07.12 05:27:34.188,1.77599,1.77647,1.50,1.00
2017.07.12 05:27:34.240,1.77601,1.77647,1.00,1.00
2017.07.12 05:27:35.867,1.77599,1.77647,1.50,1.00
2017.07.12 05:27:36.689,1.77599,1.77643,1.00,1.00
2017.07.12 05:27:39.535,1.77599,1.77644,1.00,1.00
2017.07.12 05:27:43.238,1.77599,1.77646,1.00,1.00
2017.07.12 05:27:46.334,1.77599,1.77644,1.00,1.00
2017.07.12 05:27:46.639,1.77602,1.77646,1.00,1.00
2017.07.12 05:27:46.690,1.77599,1.77646,1.00,1.00
2017.07.12 05:27:48.764,1.77602,1.77646,1.00,1.00
2017.07.12 05:27:49.565,1.77606,1.77646,1.00,1.00
2017.07.12 05:27:49.871,1.77604,1.77646,1.00,1.00
2017.07.12 05:27:50.343,1.77604,1.77641,1.00,1.00
2017.07.12 05:27:50.497,1.77595,1.77636,1.00,1.00
2017.07.12 05:27:50.600,1.77588,1.77635,1.00,1.00
2017.07.12 05:27:51.688,1.77587,1.77634,1.00,1.00
2017.07.12 05:27:54.775,1.77588,1.77634,1.00,1.00
2017.07.12 05:27:56.318,1.77588,1.77636,1.00,1.00
2017.07.12 05:28:00.777,1.7759,1.77636,1.00,1.00
2017.07.12 05:28:01.943,1.7759,1.77635,1.00,1.00
2017.07.12 05:28:02.446,1.77589,1.77635,1.00,1.00
2017.07.12 05:28:04.492,1.77589,1.77636,1.00,1.00
2017.07.12 05:28:05.205,1.77589,1.77637,1.00,1.00
2017.07.12 05:28:05.536,1.77589,1.77635,1.00,1.00
2017.07.12 05:28:06.195,1.77589,1.77634,1.00,1.00
2017.07.12 05:28:06.520,1.77589,1.77637,1.00,1.00
2017.07.12 05:28:07.523,1.77591,1.77638,1.00,1.00
2017.07.12 05:28:08.245,1.77591,1.77635,1.00,1.00
2017.07.12 05:28:08.296,1.77589,1.77634,1.00,1.00
2017.07.12 05:28:08.347,1.77588,1.77632,1.00,1.00
2017.07.12 05:28:08.651,1.77573,1.77616,1.00,1.00
2017.07.12 05:28:10.064,1.77573,1.77615,1.00,1.00
2017.07.12 05:28:10.611,1.77573,1.77616,1.00,1.00
2017.07.12 05:28:11.173,1.77573,1.77615,1.00,1.00
2017.07.12 05:28:12.144,1.77574,1.77615,1.00,1.00
2017.07.12 05:28:12.489,1.77572,1.77615,1.00,1.00
2017.07.12 05:28:14.557,1.77574,1.77617,1.00,1.00
2017.07.12 05:28:16.854,1.77574,1.77618,1.00,1.00
2017.07.12 05:28:17.385,1.77573,1.77618,1.00,1.00
2017.07.12 05:28:17.934,1.77574,1.77617,1.00,1.00
2017.07.12 05:28:18.035,1.77572,1.77617,1.00,1.00
2017.07.12 05:28:18.436,1.77572,1.77613,1.00,1.00
2017.07.12 05:28:18.496,1.77572,1.77615,1.00,1.00
2017.07.12 05:28:19.497,1.77572,1.77613,1.00,1.00
2017.07.12 05:28:20.662,1.77568,1.77608,1.00,1.00
2017.07.12 05:28:21.499,1.77569,1.77608,1.00,1.00
2017.07.12 05:28:24.144,1.77569,1.77607,1.00,1.00
2017.07.12 05:28:24.502,1.77566,1.77607,1.00,1.00
2017.07.12 05:28:29.781,1.77566,1.77605,1.00,1.00
2017.07.12 05:28:30.085,1.77564,1.77603,1.00,1.00
2017.07.12 05:28:30.208,1.77562,1.77603,1.00,1.00
2017.07.12 05:28:31.392,1.77562,1.776,1.00,1.00
2017.07.12 05:28:33.811,1.77562,1.77599,1.00,1.00
2017.07.12 05:28:33.862,1.77562,1.77601,1.00,1.00
2017.07.12 05:28:33.913,1.77559,1.77601,1.09,1.00
2017.07.12 05:28:37.618,1.77559,1.77603,1.09,1.00
2017.07.12 05:28:38.067,1.77559,1.77601,1.09,1.00
2017.07.12 05:28:38.219,1.77559,1.77603,1.09,1.00
2017.07.12 05:28:38.422,1.77565,1.77603,1.00,1.00
2017.07.12 05:28:38.992,1.77563,1.77603,1.00,1.00
2017.07.12 05:28:54.366,1.77563,1.77604,1.00,1.00
2017.07.12 05:28:56.154,1.77567,1.77607,1.00,1.00
2017.07.12 05:28:56.257,1.77568,1.7761,1.50,1.00
2017.07.12 05:28:56.664,1.77568,1.77607,1.00,1.00
2017.07.12 05:28:56.715,1.77565,1.77607,1.00,1.00
2017.07.12 05:29:00.085,1.77565,1.77608,1.00,1.00
2017.07.12 05:29:00.834,1.77565,1.7761,1.00,1.00
2017.07.12 05:29:01.407,1.77565,1.77612,1.00,1.00
2017.07.12 05:29:01.458,1.77569,1.77613,1.00,1.00
2017.07.12 05:29:01.559,1.77571,1.77616,1.00,1.00
2017.07.12 05:29:01.817,1.77574,1.77616,1.00,1.00
2017.07.12 05:29:01.889,1.77575,1.77619,1.00,1.00
2017.07.12 05:29:03.519,1.77571,1.77615,1.00,1.00
2017.07.12 05:29:03.824,1.77566,1.77607,1.00,1.00
2017.07.12 05:29:03.925,1.7756,1.77603,1.50,1.00
2017.07.12 05:29:03.977,1.77558,1.77603,1.00,1.00
2017.07.12 05:29:04.321,1.77558,1.776,1.00,1.00
2017.07.12 05:29:06.180,1.7756,1.776,1.00,1.00
2017.07.12 05:29:06.231,1.7756,1.77603,1.00,1.00
2017.07.12 05:29:06.535,1.77559,1.776,1.00,1.00
2017.07.12 05:29:06.738,1.77564,1.77607,1.00,1.00
2017.07.12 05:29:07.663,1.77567,1.77607,1.00,1.00
2017.07.12 05:29:07.764,1.7757,1.77612,1.00,1.00
2017.07.12 05:29:07.867,1.77576,1.77612,1.00,1.00
2017.07.12 05:29:07.969,1.77576,1.77614,1.00,1.00
2017.07.12 05:29:08.144,1.77575,1.77617,1.00,1.00
2017.07.12 05:29:08.248,1.77575,1.77615,1.00,1.00
2017.07.12 05:29:09.068,1.77575,1.77617,1.00,1.00
2017.07.12 05:29:09.473,1.77575,1.77615,1.00,1.00
2017.07.12 05:29:09.954,1.77572,1.77615,1.00,1.50
2017.07.12 05:29:10.006,1.7757,1.77615,1.00,1.00
2017.07.12 05:29:10.159,1.77571,1.77613,1.00,1.00
2017.07.12 05:29:10.503,1.77569,1.77613,1.00,1.00
2017.07.12 05:29:10.655,1.77568,1.7761,1.00,1.00
2017.07.12 05:29:11.564,1.77568,1.77612,1.00,1.00
2017.07.12 05:29:11.766,1.77571,1.77612,1.00,1.00
2017.07.12 05:29:12.071,1.77579,1.77618,1.00,1.00
2017.07.12 05:29:12.173,1.77579,1.77623,1.00,1.00
2017.07.12 05:29:12.982,1.7758,1.77623,1.00,1.00
2017.07.12 05:29:13.179,1.7758,1.77621,1.00,1.00
2017.07.12 05:29:13.332,1.7758,1.77624,1.00,1.00
2017.07.12 05:29:15.134,1.7758,1.77621,1.00,1.00
2017.07.12 05:29:16.654,1.77581,1.77621,1.00,1.00
2017.07.12 05:29:21.236,1.77582,1.77621,1.00,1.00
2017.07.12 05:29:24.188,1.77575,1.7762,1.00,1.00
2017.07.12 05:29:24.290,1.77571,1.77615,1.00,1.00
2017.07.12 05:29:24.661,1.77571,1.7761,1.00,1.00
2017.07.12 05:29:25.126,1.77565,1.77609,1.00,1.00
2017.07.12 05:29:25.177,1.77562,1.77608,1.00,1.37
2017.07.12 05:29:25.541,1.77558,1.77599,1.00,1.00
2017.07.12 05:29:26.092,1.77559,1.776,1.00,1.00
2017.07.12 05:29:26.548,1.77559,1.77603,1.00,1.00
2017.07.12 05:29:26.700,1.77561,1.77603,1.00,1.00
2017.07.12 05:29:26.751,1.77559,1.77603,1.00,1.00
2017.07.12 05:29:27.132,1.77561,1.77603,1.00,1.00
2017.07.12 05:29:27.183,1.77561,1.77607,1.00,2.25
2017.07.12 05:29:32.994,1.77561,1.77607,1.00,3.37
2017.07.12 05:29:33.045,1.77561,1.77607,1.00,1.00
2017.07.12 05:29:33.631,1.77562,1.77607,1.00,1.00
2017.07.12 05:29:38.445,1.77561,1.77607,1.00,1.00
2017.07.12 05:29:42.526,1.77561,1.77607,1.00,1.37
2017.07.12 05:29:42.639,1.77561,1.77607,1.00,1.00
2017.07.12 05:29:43.165,1.77562,1.77607,1.00,1.50
2017.07.12 05:29:45.168,1.77561,1.77606,1.00,1.00
2017.07.12 05:29:45.440,1.77561,1.77606,1.00,1.37
2017.07.12 05:29:45.541,1.77561,1.77606,1.00,1.00
2017.07.12 05:29:47.471,1.77561,1.77608,1.50,1.50
2017.07.12 05:29:48.201,1.77561,1.77607,1.00,1.00
2017.07.12 05:29:50.595,1.7756,1.77607,1.00,2.25
2017.07.12 05:29:50.646,1.77559,1.77604,1.00,1.00
2017.07.12 05:29:51.057,1.77573,1.7761,1.00,1.00
2017.07.12 05:29:51.108,1.77574,1.77614,1.00,1.00
2017.07.12 05:29:51.209,1.77569,1.77614,1.00,1.00
2017.07.12 05:29:51.391,1.77571,1.77615,1.00,1.00
2017.07.12 05:29:51.850,1.77573,1.77616,1.00,1.00
2017.07.12 05:29:51.901,1.77574,1.77622,1.50,1.50
2017.07.12 05:29:52.053,1.77574,1.77619,1.00,1.00
2017.07.12 05:29:52.628,1.77574,1.77618,1.00,1.00
2017.07.12 05:29:53.202,1.77578,1.77618,1.00,1.00
2017.07.12 05:29:54.280,1.77576,1.77618,1.00,1.00
2017.07.12 05:29:56.186,1.77573,1.77611,1.00,1.00
2017.07.12 05:29:56.288,1.7757,1.77611,1.12,1.00
2017.07.12 05:29:57.091,1.7757,1.7761,1.00,1.00
2017.07.12 05:29:57.142,1.7757,1.77602,1.00,1.00
2017.07.12 05:29:57.294,1.77563,1.77601,1.12,1.00
2017.07.12 05:29:57.524,1.77561,1.77602,1.00,1.00
2017.07.12 05:29:57.576,1.77561,1.77604,1.00,1.00
2017.07.12 05:29:57.627,1.77566,1.77606,1.00,1.00
2017.07.12 05:29:58.133,1.77565,1.77605,1.00,1.00
2017.07.12 05:29:58.438,1.77566,1.77608,1.00,1.00
2017.07.12 05:29:59.285,1.77568,1.77608,1.00,1.00
2017.07.12 05:30:01.236,1.77568,1.77607,1.00,1.00
2017.07.12 05:30:02.837,1.77568,1.77606,1.00,1.00
2017.07.12 05:30:03.141,1.77566,1.77606,1.00,1.00
2017.07.12 05:30:03.293,1.77566,1.77608,1.00,1.00
2017.07.12 05:30:03.345,1.77566,1.77605,1.00,1.00
2017.07.12 05:30:03.662,1.77565,1.77603,1.00,1.00
2017.07.12 05:30:04.322,1.77564,1.77603,1.00,1.00
2017.07.12 05:30:04.627,1.77567,1.77604,1.00,1.00
2017.07.12 05:30:05.312,1.77567,1.77603,1.00,1.00
2017.07.12 05:30:05.515,1.77563,1.77602,1.00,1.00
2017.07.12 05:30:05.594,1.77561,1.77602,1.00,1.00
2017.07.12 05:30:06.139,1.77562,1.77599,1.00,1.00
2017.07.12 05:30:06.344,1.77562,1.77602,1.00,1.00
2017.07.12 05:30:06.869,1.77563,1.77601,1.00,1.00
2017.07.12 05:30:06.920,1.77563,1.77598,1.00,1.00
2017.07.12 05:30:07.123,1.77554,1.77592,1.37,1.00
2017.07.12 05:30:07.275,1.77554,1.77599,1.00,1.50
2017.07.12 05:30:07.326,1.77556,1.77601,1.00,1.00
2017.07.12 05:30:07.429,1.7756,1.77602,1.00,1.00
2017.07.12 05:30:07.753,1.77565,1.77602,1.00,1.00
2017.07.12 05:30:10.023,1.77565,1.77604,1.00,1.00
2017.07.12 05:30:10.546,1.77565,1.77603,1.00,1.00
2017.07.12 05:30:10.839,1.77563,1.77602,1.00,1.00
2017.07.12 05:30:11.094,1.77565,1.77603,1.00,1.00
2017.07.12 05:30:11.262,1.77565,1.77605,1.00,1.00
2017.07.12 05:30:13.125,1.77568,1.77606,1.00,1.00
2017.07.12 05:30:14.006,1.77565,1.77606,1.00,1.00
2017.07.12 05:30:15.680,1.77565,1.77605,1.00,1.00
2017.07.12 05:30:17.409,1.77565,1.77604,1.00,1.00
2017.07.12 05:30:18.182,1.77565,1.77605,1.00,1.00
2017.07.12 05:30:18.589,1.77567,1.77605,1.00,1.00
2017.07.12 05:30:18.692,1.77569,1.77609,1.00,1.00
2017.07.12 05:30:18.743,1.77569,1.77612,1.00,1.00
2017.07.12 05:30:18.794,1.77572,1.7761,1.00,1.00
2017.07.12 05:30:18.845,1.77572,1.77613,1.00,1.00
2017.07.12 05:30:18.896,1.77572,1.77609,1.00,1.00
2017.07.12 05:30:20.039,1.77569,1.77609,1.00,1.00
2017.07.12 05:30:20.354,1.7757,1.77616,1.00,1.00
2017.07.12 05:30:20.507,1.7757,1.77613,1.00,1.00
2017.07.12 05:30:20.609,1.7757,1.77616,1.00,1.50
2017.07.12 05:30:22.094,1.7757,1.77618,1.50,1.50
2017.07.12 05:30:24.541,1.77571,1.77618,1.00,1.50
2017.07.12 05:30:33.920,1.77574,1.77618,1.00,1.00
2017.07.12 05:30:34.508,1.77574,1.77617,1.00,1.00
2017.07.12 05:30:34.852,1.77574,1.7762,1.00,1.00
2017.07.12 05:30:38.370,1.77573,1.7762,1.50,1.00
2017.07.12 05:30:38.713,1.77572,1.77618,1.00,1.00
2017.07.12 05:30:40.051,1.77573,1.77618,1.00,1.00
2017.07.12 05:30:40.196,1.77571,1.77618,1.00,1.00
2017.07.12 05:30:41.162,1.77572,1.77618,1.00,1.00
2017.07.12 05:30:41.700,1.77576,1.77618,1.00,1.00
2017.07.12 05:30:42.092,1.77574,1.77618,1.00,1.00
2017.07.12 05:30:43.435,1.77573,1.77618,1.00,1.00
2017.07.12 05:30:43.747,1.77572,1.77615,1.00,1.00
2017.07.12 05:30:43.798,1.7757,1.77615,1.00,1.00
2017.07.12 05:30:44.116,1.77569,1.77612,1.00,1.00
2017.07.12 05:30:44.269,1.77564,1.77608,1.00,1.00
2017.07.12 05:30:44.320,1.7756,1.77604,1.00,1.00
2017.07.12 05:30:44.751,1.7756,1.77602,1.00,1.00
2017.07.12 05:30:45.089,1.77558,1.776,1.00,1.00
2017.07.12 05:30:45.398,1.77558,1.77598,1.00,1.00
2017.07.12 05:30:45.449,1.77558,1.776,1.00,1.00
2017.07.12 05:30:46.563,1.77559,1.776,1.00,1.00
2017.07.12 05:30:46.665,1.77561,1.77603,1.00,1.00
2017.07.12 05:30:47.138,1.7756,1.77599,1.00,1.00
2017.07.12 05:30:47.455,1.77559,1.77597,1.00,1.00
2017.07.12 05:30:47.718,1.77559,1.776,1.00,1.00
2017.07.12 05:30:48.689,1.7756,1.776,1.00,1.00
2017.07.12 05:30:48.740,1.7756,1.77602,1.00,1.00
2017.07.12 05:30:48.841,1.77565,1.77602,1.00,1.00
2017.07.12 05:30:49.183,1.77569,1.77604,1.00,1.00
2017.07.12 05:30:49.752,1.7757,1.77604,1.00,1.00
2017.07.12 05:30:50.820,1.77572,1.77604,1.00,1.00
2017.07.12 05:30:51.343,1.77572,1.77607,1.00,1.00
2017.07.12 05:30:55.327,1.77572,1.77605,1.00,1.00
2017.07.12 05:30:56.732,1.77572,1.77608,1.00,1.00
2017.07.12 05:30:57.341,1.77571,1.77608,1.00,1.00
2017.07.12 05:30:58.371,1.77571,1.77609,1.00,1.00
2017.07.12 05:31:00.523,1.77572,1.77609,1.00,1.00
2017.07.12 05:31:00.574,1.77572,1.77611,1.00,1.00
2017.07.12 05:31:02.865,1.77574,1.77611,1.00,1.00
2017.07.12 05:31:02.968,1.77575,1.77614,1.00,1.00
2017.07.12 05:31:04.018,1.77578,1.77614,1.00,1.00
2017.07.12 05:31:04.601,1.77578,1.77615,1.00,1.00
2017.07.12 05:31:05.437,1.77578,1.77613,1.00,1.00
2017.07.12 05:31:12.233,1.7758,1.77613,1.00,1.00
2017.07.12 05:31:12.534,1.77581,1.77617,1.00,1.00
2017.07.12 05:31:13.145,1.77581,1.77615,1.00,1.00
2017.07.12 05:31:15.567,1.77583,1.77618,1.00,1.00
2017.07.12 05:31:15.668,1.77587,1.7762,1.00,1.00
2017.07.12 05:31:15.770,1.77588,1.77625,1.00,1.00
2017.07.12 05:31:16.592,1.77589,1.77625,1.00,1.00
2017.07.12 05:31:17.026,1.77587,1.77625,1.00,1.00
2017.07.12 05:31:17.675,1.77586,1.77625,1.00,1.00
2017.07.12 05:31:17.777,1.77586,1.77622,1.00,1.00
2017.07.12 05:31:18.885,1.77588,1.77622,1.00,1.00
2017.07.12 05:31:19.611,1.77586,1.77622,1.00,1.00
2017.07.12 05:31:19.663,1.77584,1.77619,1.00,1.00
2017.07.12 05:31:19.943,1.77582,1.77619,1.00,1.00
2017.07.12 05:31:26.184,1.77582,1.77622,1.00,1.00
2017.07.12 05:31:30.062,1.77583,1.77622,1.00,1.00
2017.07.12 05:31:31.085,1.77583,1.77621,1.00,1.00
2017.07.12 05:31:32.138,1.77585,1.77621,1.00,1.00
2017.07.12 05:31:33.688,1.77588,1.77621,1.00,1.00
2017.07.12 05:31:34.069,1.77588,1.77623,1.00,1.00
2017.07.12 05:31:35.580,1.77588,1.77625,1.00,1.00
2017.07.12 05:31:35.733,1.77591,1.77625,1.00,1.00
2017.07.12 05:31:35.784,1.77591,1.77627,1.00,1.00
2017.07.12 05:31:35.987,1.7759,1.77625,1.00,1.00
2017.07.12 05:31:36.972,1.7759,1.77624,1.00,1.00
2017.07.12 05:31:39.928,1.77589,1.77624,1.00,1.00
2017.07.12 05:31:40.080,1.77589,1.77627,1.00,1.00
2017.07.12 05:31:40.954,1.77587,1.77627,1.00,1.00
2017.07.12 05:31:41.005,1.77587,1.77624,1.00,1.00
2017.07.12 05:31:41.539,1.77586,1.77623,1.00,1.00
2017.07.12 05:31:41.997,1.77585,1.77621,1.00,1.00
2017.07.12 05:31:42.771,1.77585,1.77622,1.00,1.00
2017.07.12 05:31:46.138,1.77584,1.77622,1.00,1.00
2017.07.12 05:31:46.535,1.77586,1.77622,1.00,1.00
2017.07.12 05:31:47.063,1.77585,1.77622,1.00,1.00
2017.07.12 05:31:47.721,1.77586,1.77621,1.00,1.00
2017.07.12 05:31:48.317,1.77585,1.77621,1.00,1.00
2017.07.12 05:31:49.056,1.77587,1.77621,1.00,1.00
2017.07.12 05:31:49.107,1.77585,1.77621,1.00,1.00
2017.07.12 05:31:49.811,1.77586,1.77621,1.00,1.00
2017.07.12 05:31:50.332,1.77587,1.77622,1.00,1.00
2017.07.12 05:31:50.878,1.77586,1.77622,1.00,1.00
2017.07.12 05:31:51.388,1.77585,1.77622,1.00,1.00
2017.07.12 05:31:55.193,1.77585,1.7762,1.00,1.00
2017.07.12 05:31:55.590,1.77587,1.7762,1.00,1.00
2017.07.12 05:31:55.705,1.77587,1.77624,1.00,1.00
2017.07.12 05:32:00.754,1.77588,1.77624,1.00,1.00
2017.07.12 05:32:01.800,1.77588,1.77625,1.00,1.00
2017.07.12 05:32:02.051,1.77586,1.77625,1.00,1.00
2017.07.12 05:32:02.301,1.77586,1.77623,1.00,1.00
2017.07.12 05:32:05.805,1.77586,1.7762,1.00,1.00
2017.07.12 05:32:13.747,1.77604,1.77633,1.00,1.00
2017.07.12 05:32:13.798,1.77601,1.77633,1.00,1.00
2017.07.12 05:32:13.849,1.77597,1.77633,1.00,1.00
2017.07.12 05:32:13.900,1.77594,1.77633,1.00,1.00
2017.07.12 05:32:13.951,1.77592,1.77631,1.00,1.00
2017.07.12 05:32:14.003,1.7759,1.77631,1.12,1.00
2017.07.12 05:32:14.054,1.7759,1.77626,1.00,1.00
2017.07.12 05:32:14.373,1.77592,1.77628,1.00,1.00
2017.07.12 05:32:14.913,1.77591,1.77628,1.00,1.00
2017.07.12 05:32:15.351,1.77591,1.77626,1.00,1.00
2017.07.12 05:32:20.143,1.77589,1.77626,1.00,1.00
2017.07.12 05:32:20.961,1.7759,1.77626,1.00,1.00
2017.07.12 05:32:23.949,1.77588,1.77626,1.00,1.00
2017.07.12 05:32:24.051,1.77589,1.77628,1.00,1.00
2017.07.12 05:32:24.373,1.77589,1.77625,1.00,1.00
2017.07.12 05:32:25.237,1.77589,1.77628,1.00,1.00
2017.07.12 05:32:26.624,1.77587,1.77628,1.00,1.00
2017.07.12 05:32:26.675,1.77587,1.77625,1.00,1.00
2017.07.12 05:32:29.826,1.77585,1.77625,1.00,1.00
2017.07.12 05:32:29.978,1.77583,1.7762,1.00,1.00
2017.07.12 05:32:30.228,1.77581,1.7762,1.00,1.00
2017.07.12 05:32:30.280,1.77579,1.77616,1.00,1.00
2017.07.12 05:32:30.331,1.7757,1.77609,1.00,1.00
2017.07.12 05:32:30.432,1.77568,1.77607,1.00,1.00
2017.07.12 05:32:30.782,1.77568,1.77603,1.00,1.00
2017.07.12 05:32:31.182,1.7757,1.77603,1.00,1.00
2017.07.12 05:32:31.233,1.77568,1.77603,1.00,1.00
2017.07.12 05:32:36.249,1.77566,1.77603,1.00,1.00
2017.07.12 05:32:38.211,1.77568,1.77603,1.00,1.00
2017.07.12 05:32:45.662,1.77568,1.77606,1.00,1.00
2017.07.12 05:32:45.763,1.77571,1.77606,1.00,1.00
2017.07.12 05:32:46.340,1.7757,1.77605,1.00,1.00
2017.07.12 05:32:54.164,1.77572,1.77606,1.00,1.00
2017.07.12 05:32:54.367,1.77575,1.77612,1.00,1.00
2017.07.12 05:32:54.469,1.77578,1.77614,1.00,1.00
2017.07.12 05:32:54.571,1.7758,1.77618,1.00,1.00
2017.07.12 05:32:54.622,1.77583,1.77618,1.00,1.00
2017.07.12 05:32:54.901,1.77583,1.77621,1.00,1.00
2017.07.12 05:32:54.952,1.77585,1.77621,1.00,1.00
2017.07.12 05:32:55.104,1.77585,1.77625,1.00,1.00
2017.07.12 05:32:55.245,1.77588,1.77625,1.00,1.00
2017.07.12 05:32:55.699,1.77588,1.77628,1.00,1.00
2017.07.12 05:33:00.464,1.77588,1.77626,1.00,1.00
2017.07.12 05:33:01.826,1.77591,1.77626,1.00,1.00
2017.07.12 05:33:01.877,1.77591,1.77628,1.00,1.00
2017.07.12 05:33:02.467,1.77591,1.7763,1.00,1.00
2017.07.12 05:33:08.462,1.77594,1.7763,1.00,1.00
2017.07.12 05:33:08.513,1.77594,1.77633,1.00,1.00
2017.07.12 05:33:08.615,1.77596,1.77633,1.00,1.00
2017.07.12 05:33:08.716,1.77596,1.77638,1.00,1.00
2017.07.12 05:33:08.767,1.77598,1.77638,1.00,1.00
2017.07.12 05:33:09.173,1.77599,1.77636,1.00,1.00
2017.07.12 05:33:10.959,1.77598,1.77636,1.00,1.00
2017.07.12 05:33:11.653,1.776,1.77636,1.00,1.00
2017.07.12 05:33:12.718,1.77601,1.77636,1.00,1.00
2017.07.12 05:33:12.820,1.77599,1.77636,1.00,1.00
2017.07.12 05:33:12.977,1.77597,1.77632,1.00,1.00
2017.07.12 05:33:13.028,1.77595,1.77632,1.00,1.00
2017.07.12 05:33:13.591,1.77594,1.77632,1.00,1.00
2017.07.12 05:33:14.105,1.77596,1.77632,1.00,1.00
2017.07.12 05:33:14.232,1.77592,1.77632,1.00,1.00
2017.07.12 05:33:14.855,1.77593,1.77632,1.00,1.00
2017.07.12 05:33:17.071,1.77594,1.77632,1.00,1.00
2017.07.12 05:33:17.122,1.77591,1.77632,1.00,1.00
2017.07.12 05:33:17.173,1.77593,1.77632,1.00,1.00
2017.07.12 05:33:17.714,1.77592,1.77632,1.00,1.00
2017.07.12 05:33:18.068,1.77594,1.77632,1.00,1.00
2017.07.12 05:33:18.247,1.77592,1.77632,1.00,1.00
2017.07.12 05:33:19.163,1.77593,1.77632,1.00,1.00
2017.07.12 05:33:25.132,1.77593,1.77633,1.00,1.00
2017.07.12 05:33:28.126,1.77594,1.77633,1.00,1.00
2017.07.12 05:33:28.711,1.77595,1.77633,1.00,1.00
2017.07.12 05:33:31.133,1.77594,1.77633,1.00,1.00
2017.07.12 05:33:40.146,1.77594,1.77632,1.00,1.00
2017.07.12 05:34:00.339,1.77597,1.77632,1.00,1.00
2017.07.12 05:34:00.441,1.77598,1.77634,1.00,1.00
2017.07.12 05:34:00.778,1.77599,1.77637,1.00,1.00
2017.07.12 05:34:01.451,1.77599,1.77639,1.00,1.00
2017.07.12 05:34:03.719,1.77607,1.77639,1.00,1.00
2017.07.12 05:34:03.770,1.77608,1.77641,1.00,1.00
2017.07.12 05:34:03.820,1.7761,1.77641,1.00,1.00
2017.07.12 05:34:03.922,1.77608,1.77641,1.00,1.00
2017.07.12 05:34:04.032,1.77608,1.77644,1.00,1.00
2017.07.12 05:34:05.005,1.77607,1.77644,1.00,1.00
2017.07.12 05:34:05.107,1.77609,1.77644,1.00,1.00
2017.07.12 05:34:05.268,1.77613,1.77649,1.00,1.50
2017.07.12 05:34:05.470,1.77613,1.77652,1.00,1.00
2017.07.12 05:34:06.835,1.77614,1.77653,1.00,1.00
2017.07.12 05:34:06.886,1.77616,1.77653,1.00,1.00
2017.07.12 05:34:07.136,1.77616,1.77655,1.00,1.00
2017.07.12 05:34:07.903,1.77615,1.77655,1.00,1.00
2017.07.12 05:34:08.005,1.77617,1.77656,1.00,1.00
2017.07.12 05:34:08.540,1.77616,1.77656,1.00,1.00
2017.07.12 05:34:10.150,1.77618,1.77656,1.00,1.00
2017.07.12 05:34:13.052,1.77616,1.77656,1.00,1.00
2017.07.12 05:34:13.197,1.77616,1.77651,1.00,1.00
2017.07.12 05:34:13.249,1.77616,1.77653,1.00,1.00
2017.07.12 05:34:13.350,1.77618,1.77653,1.00,1.00
2017.07.12 05:34:13.551,1.77618,1.77656,1.00,1.00
2017.07.12 05:34:20.415,1.77618,1.77656,1.50,1.00
2017.07.12 05:34:20.466,1.77621,1.77659,1.00,1.12
2017.07.12 05:34:20.618,1.77623,1.77659,1.00,1.12
2017.07.12 05:34:25.629,1.77624,1.77659,1.00,1.00
2017.07.12 05:34:25.681,1.77624,1.77661,1.00,1.00
2017.07.12 05:34:26.478,1.77622,1.77661,1.00,1.00
2017.07.12 05:34:47.408,1.77622,1.77662,1.00,1.00
2017.07.12 05:34:49.846,1.77622,1.77663,1.00,1.00
2017.07.12 05:34:50.180,1.77622,1.77661,1.00,1.00
2017.07.12 05:34:52.123,1.77622,1.77664,1.00,1.87
2017.07.12 05:34:52.915,1.77625,1.77664,1.00,1.00
2017.07.12 05:34:53.016,1.77624,1.77667,1.00,1.00
2017.07.12 05:34:53.168,1.77626,1.77667,1.00,1.00
2017.07.12 05:34:56.007,1.77625,1.77667,1.00,1.50
2017.07.12 05:34:56.058,1.77623,1.77667,1.00,1.50
2017.07.12 05:34:56.109,1.77622,1.77664,1.00,1.12
2017.07.12 05:34:56.539,1.77622,1.77662,1.00,1.00
2017.07.12 05:34:59.601,1.77618,1.77662,1.50,1.00
2017.07.12 05:35:02.828,1.77616,1.77662,1.00,1.00
2017.07.12 05:35:07.100,1.77618,1.77663,1.00,1.09
2017.07.12 05:35:07.777,1.77619,1.77663,1.00,1.09
2017.07.12 05:35:08.292,1.77618,1.77662,1.00,1.00
2017.07.12 05:35:08.923,1.77618,1.7766,1.00,1.00
2017.07.12 05:35:15.234,1.77618,1.77662,1.00,1.00
2017.07.12 05:35:16.005,1.7762,1.77662,1.00,1.00
2017.07.12 05:35:16.830,1.77619,1.77662,1.00,1.00
2017.07.12 05:35:19.265,1.77619,1.77664,1.00,1.00
2017.07.12 05:35:19.417,1.77622,1.77664,1.00,1.00
2017.07.12 05:35:28.627,1.77624,1.77667,1.00,1.00
2017.07.12 05:35:30.304,1.77623,1.77667,1.00,1.00
2017.07.12 05:35:30.814,1.77623,1.77666,1.00,1.00
2017.07.12 05:35:31.622,1.77623,1.77665,1.00,1.00
2017.07.12 05:35:31.840,1.77621,1.77665,1.00,1.00
2017.07.12 05:35:38.926,1.77623,1.77665,1.00,1.00
2017.07.12 05:35:45.148,1.77624,1.77665,1.00,1.00
2017.07.12 05:35:52.382,1.7762,1.77665,1.00,1.37
2017.07.12 05:35:52.484,1.77622,1.77667,1.00,1.37
2017.07.12 05:35:52.888,1.77622,1.77667,1.00,1.00
2017.07.12 05:36:00.900,1.77623,1.77671,1.00,2.25
2017.07.12 05:36:01.922,1.77624,1.77671,1.00,1.50
2017.07.12 05:36:02.518,1.77623,1.77671,1.00,1.00
2017.07.12 05:36:08.843,1.77623,1.7767,1.00,1.00
2017.07.12 05:36:08.895,1.77623,1.77664,1.00,1.00
2017.07.12 05:36:13.049,1.77623,1.77659,1.00,1.00
2017.07.12 05:36:13.100,1.77618,1.77658,1.00,1.00
2017.07.12 05:36:14.070,1.77615,1.77658,1.50,1.00
2017.07.12 05:36:18.152,1.77615,1.77657,1.50,1.00
2017.07.12 05:36:19.998,1.77613,1.77657,1.00,1.00
2017.07.12 05:36:20.298,1.77615,1.77657,1.00,1.00
2017.07.12 05:36:28.129,1.77615,1.77658,1.00,1.09
2017.07.12 05:36:33.769,1.77615,1.77657,1.00,1.00
2017.07.12 05:36:33.922,1.7761,1.77656,1.00,1.00
2017.07.12 05:36:34.024,1.77613,1.77656,1.00,1.00
2017.07.12 05:36:44.392,1.77613,1.77658,1.00,1.00
2017.07.12 05:36:46.009,1.77615,1.77658,1.00,1.00
2017.07.12 05:36:46.406,1.77613,1.77658,1.00,1.00
2017.07.12 05:36:54.214,1.77614,1.77658,1.00,1.00
2017.07.12 05:36:59.140,1.77614,1.77656,1.00,1.00
2017.07.12 05:36:59.907,1.77614,1.77658,1.00,1.00
2017.07.12 05:37:03.787,1.77622,1.77659,1.00,1.00
2017.07.12 05:37:03.838,1.77615,1.77659,1.00,1.00
2017.07.12 05:37:03.953,1.77613,1.7766,1.50,1.50
2017.07.12 05:37:04.004,1.77613,1.77655,1.00,1.00
2017.07.12 05:37:04.827,1.77614,1.77655,1.00,1.00
2017.07.12 05:37:04.944,1.77612,1.77655,1.00,1.00
2017.07.12 05:37:06.071,1.77611,1.77655,1.00,1.00
2017.07.12 05:37:06.884,1.77611,1.77654,1.00,1.00
2017.07.12 05:37:06.935,1.77611,1.77651,1.00,1.00
2017.07.12 05:37:07.239,1.77606,1.77645,1.00,1.00
2017.07.12 05:37:07.543,1.77606,1.77643,1.00,1.00
2017.07.12 05:37:18.008,1.77606,1.77645,1.00,1.00
2017.07.12 05:37:24.694,1.77606,1.77646,1.00,1.00
2017.07.12 05:37:25.436,1.77606,1.77645,1.00,1.00
2017.07.12 05:37:30.116,1.77606,1.77646,1.00,1.00
2017.07.12 05:37:30.718,1.77607,1.77646,1.00,1.00
2017.07.12 05:37:34.397,1.77605,1.77646,1.00,1.00
2017.07.12 05:37:42.347,1.77605,1.77647,1.00,1.00
2017.07.12 05:37:42.550,1.77606,1.77649,1.00,1.00
2017.07.12 05:37:42.702,1.77612,1.77649,1.00,1.00
2017.07.12 05:37:45.091,1.77611,1.77648,1.00,1.00
2017.07.12 05:37:45.192,1.77608,1.77648,1.00,1.00
2017.07.12 05:37:46.727,1.77608,1.77646,1.00,1.00
2017.07.12 05:37:46.778,1.77606,1.77646,1.00,1.00
2017.07.12 05:37:47.659,1.77606,1.77645,1.00,1.00
2017.07.12 05:37:52.897,1.7761,1.7765,1.00,1.00
2017.07.12 05:37:52.948,1.77604,1.7765,2.25,1.50
2017.07.12 05:37:53.099,1.77613,1.77647,1.00,1.00
2017.07.12 05:37:53.154,1.77606,1.77646,1.00,1.00
2017.07.12 05:37:53.378,1.77608,1.77646,1.00,1.00
2017.07.12 05:37:54.524,1.77607,1.77646,1.00,1.00
2017.07.12 05:38:00.789,1.77609,1.77646,1.00,1.00
2017.07.12 05:38:01.317,1.77609,1.77645,1.00,1.00
2017.07.12 05:38:14.325,1.77609,1.77646,1.00,1.00
2017.07.12 05:38:14.528,1.77609,1.77648,1.00,1.00
2017.07.12 05:38:14.697,1.77612,1.77648,1.00,1.00
2017.07.12 05:38:16.899,1.77608,1.77648,1.00,1.00
2017.07.12 05:38:19.153,1.77608,1.77646,1.00,1.00
2017.07.12 05:38:35.715,1.77608,1.77644,1.00,1.00
2017.07.12 05:38:35.766,1.77602,1.7764,1.00,1.00
2017.07.12 05:38:36.117,1.77599,1.7764,1.00,1.00
2017.07.12 05:38:36.596,1.77599,1.77642,1.00,1.00
2017.07.12 05:38:36.697,1.77599,1.7764,1.00,1.00
2017.07.12 05:38:36.951,1.77602,1.77644,1.00,1.00
2017.07.12 05:38:37.439,1.77603,1.77642,1.00,1.00
2017.07.12 05:38:38.256,1.77602,1.77641,1.00,1.00
2017.07.12 05:38:38.592,1.77604,1.77641,1.00,1.00
2017.07.12 05:38:38.862,1.77601,1.77642,1.00,1.00
2017.07.12 05:38:39.600,1.776,1.77642,1.00,1.00
2017.07.12 05:38:39.922,1.77602,1.77642,1.00,1.00
2017.07.12 05:38:42.136,1.77603,1.77642,1.00,1.00
2017.07.12 05:38:46.592,1.77603,1.7764,1.00,1.00
2017.07.12 05:38:47.196,1.77603,1.77641,1.00,1.00
2017.07.12 05:38:47.635,1.77602,1.77639,1.00,1.00
2017.07.12 05:38:54.631,1.77602,1.77638,1.00,1.00
2017.07.12 05:38:54.783,1.77596,1.77633,1.50,1.00
2017.07.12 05:38:54.986,1.77595,1.77636,1.00,1.00
2017.07.12 05:38:55.089,1.77595,1.77632,1.00,1.00
2017.07.12 05:38:55.140,1.77593,1.77632,1.00,1.00
2017.07.12 05:38:55.657,1.77592,1.77631,1.00,1.00
2017.07.12 05:38:56.525,1.77592,1.77629,1.00,1.00
2017.07.12 05:38:56.739,1.77589,1.77629,1.00,1.00
2017.07.12 05:39:00.666,1.77589,1.7763,1.00,1.00
2017.07.12 05:39:02.058,1.77589,1.77629,1.00,1.00
2017.07.12 05:39:02.159,1.77587,1.77629,1.00,1.00
2017.07.12 05:39:02.438,1.77587,1.77625,1.00,1.00
2017.07.12 05:39:02.489,1.77585,1.77624,1.00,1.00
2017.07.12 05:39:02.540,1.77585,1.77626,1.00,1.00
2017.07.12 05:39:02.592,1.77581,1.77623,1.00,1.00
2017.07.12 05:39:03.002,1.77578,1.77618,1.00,1.00
2017.07.12 05:39:03.155,1.7757,1.77612,1.12,1.00
2017.07.12 05:39:03.206,1.7757,1.77614,1.12,1.00
2017.07.12 05:39:03.518,1.7757,1.77609,1.00,1.00
2017.07.12 05:39:04.051,1.77569,1.77609,1.00,1.00
2017.07.12 05:39:05.550,1.7757,1.77609,1.00,1.00
2017.07.12 05:39:06.057,1.7757,1.77608,1.00,1.00
2017.07.12 05:39:06.159,1.77567,1.77608,1.00,1.00
2017.07.12 05:39:06.711,1.77568,1.77607,1.00,1.00
2017.07.12 05:39:07.252,1.77565,1.77607,1.00,1.00
2017.07.12 05:39:08.267,1.77567,1.77607,1.00,1.00
2017.07.12 05:39:10.295,1.77565,1.77607,1.00,1.00
2017.07.12 05:39:10.850,1.77565,1.77604,1.00,1.00
2017.07.12 05:39:11.002,1.7755,1.77591,1.00,1.00
2017.07.12 05:39:11.053,1.7755,1.77587,1.00,1.00
2017.07.12 05:39:11.104,1.77547,1.77589,1.00,1.00
2017.07.12 05:39:11.678,1.77547,1.77588,1.00,1.00
2017.07.12 05:39:12.820,1.77547,1.77587,1.00,1.00
2017.07.12 05:39:12.921,1.77547,1.77585,1.00,1.00
2017.07.12 05:39:13.160,1.77545,1.77585,1.00,1.00
2017.07.12 05:39:13.698,1.77548,1.77586,1.00,1.00
2017.07.12 05:39:13.822,1.77548,1.77588,1.00,1.00
2017.07.12 05:39:15.003,1.77548,1.77589,1.00,1.00
2017.07.12 05:39:23.253,1.77548,1.7759,1.00,1.00
2017.07.12 05:39:24.707,1.77548,1.77587,1.00,1.00
2017.07.12 05:39:24.910,1.77547,1.77589,1.00,1.00
2017.07.12 05:39:25.113,1.77546,1.77587,1.00,1.00
2017.07.12 05:39:26.530,1.77546,1.77588,1.00,1.00
2017.07.12 05:39:27.051,1.77546,1.77592,1.00,1.00
2017.07.12 05:39:27.102,1.7755,1.77593,1.00,1.00
2017.07.12 05:39:27.153,1.7755,1.77596,1.00,1.50
2017.07.12 05:39:27.204,1.77554,1.77596,1.00,1.50
2017.07.12 05:39:27.822,1.77554,1.77597,1.00,1.00
2017.07.12 05:39:31.635,1.77558,1.77597,1.00,1.00
2017.07.12 05:39:31.943,1.77563,1.77605,1.00,1.50
2017.07.12 05:39:31.995,1.77565,1.77606,1.00,1.00
2017.07.12 05:39:32.497,1.77564,1.77606,1.00,1.00
2017.07.12 05:39:33.075,1.77564,1.77605,1.00,1.00
2017.07.12 05:39:33.516,1.77566,1.77606,1.00,1.00
2017.07.12 05:39:34.443,1.77568,1.77605,1.00,1.00
2017.07.12 05:39:34.494,1.77569,1.7761,1.00,1.37
2017.07.12 05:39:34.545,1.77572,1.7761,1.00,1.37
2017.07.12 05:39:34.647,1.77569,1.7761,1.00,1.00
2017.07.12 05:39:34.698,1.77566,1.7761,1.00,1.00
2017.07.12 05:39:37.033,1.77565,1.77608,1.00,1.00
2017.07.12 05:39:38.645,1.77567,1.77608,1.00,1.00
2017.07.12 05:39:38.696,1.77567,1.7761,1.00,1.00
2017.07.12 05:39:41.091,1.77567,1.77611,1.00,1.00
2017.07.12 05:39:45.528,1.77566,1.77611,1.00,1.12
2017.07.12 05:39:46.165,1.77565,1.77611,1.00,1.12
2017.07.12 05:39:47.189,1.77573,1.77611,1.00,1.00
2017.07.12 05:39:47.341,1.77575,1.7762,1.00,1.00
2017.07.12 05:39:47.443,1.77575,1.77617,1.00,1.00
2017.07.12 05:39:47.545,1.77576,1.77621,1.00,1.00
2017.07.12 05:39:48.152,1.77578,1.77621,1.00,1.00
2017.07.12 05:39:48.585,1.7758,1.77622,1.00,1.00
2017.07.12 05:39:48.916,1.77585,1.77622,1.00,1.00
2017.07.12 05:39:50.910,1.77583,1.77622,1.00,1.00
2017.07.12 05:39:51.446,1.77582,1.77622,1.00,1.00
2017.07.12 05:39:57.629,1.77583,1.77622,1.00,1.00
2017.07.12 05:39:57.680,1.77586,1.77622,1.00,1.00
2017.07.12 05:39:57.781,1.77588,1.77627,1.00,1.34
2017.07.12 05:39:57.934,1.77588,1.7763,1.00,1.00
2017.07.12 05:39:58.036,1.7759,1.7763,1.00,1.50
2017.07.12 05:40:04.830,1.7759,1.77632,1.00,1.00
2017.07.12 05:40:04.931,1.77593,1.77632,1.00,1.00
2017.07.12 05:40:05.575,1.77591,1.77632,1.00,1.00
2017.07.12 05:40:05.626,1.77593,1.77632,1.00,1.00
2017.07.12 05:40:05.728,1.77593,1.77634,1.00,1.00
2017.07.12 05:40:06.231,1.77594,1.77638,1.00,2.62
2017.07.12 05:40:07.333,1.77594,1.77635,1.00,1.00
2017.07.12 05:40:07.634,1.77594,1.77637,1.00,1.00
2017.07.12 05:40:10.924,1.77594,1.77637,1.00,1.37
2017.07.12 05:40:11.177,1.77582,1.77626,1.00,1.50
2017.07.12 05:40:11.380,1.77578,1.77619,1.00,1.00
2017.07.12 05:40:11.533,1.77573,1.77616,1.50,1.12
2017.07.12 05:40:11.584,1.77573,1.77614,1.00,1.00
2017.07.12 05:40:12.019,1.77573,1.77612,1.00,1.00
2017.07.12 05:40:12.475,1.77573,1.77614,1.00,1.00
2017.07.12 05:40:13.028,1.77573,1.77615,1.00,1.50
2017.07.12 05:40:20.352,1.77573,1.77614,1.00,1.00
2017.07.12 05:40:20.954,1.7757,1.77611,1.00,1.00
2017.07.12 05:40:21.005,1.77568,1.7761,1.00,1.00
2017.07.12 05:40:21.056,1.77566,1.77606,1.00,1.00
2017.07.12 05:40:30.200,1.77565,1.77606,1.00,1.00
2017.07.12 05:40:30.568,1.7756,1.776,1.00,1.00
2017.07.12 05:40:32.101,1.77562,1.776,1.00,1.00
2017.07.12 05:40:32.404,1.77577,1.77612,1.00,1.12
2017.07.12 05:40:32.752,1.77582,1.77618,1.00,1.00
2017.07.12 05:40:32.804,1.77585,1.7762,1.00,1.00
2017.07.12 05:40:32.956,1.77585,1.77624,1.00,1.00
2017.07.12 05:40:33.007,1.77585,1.77627,1.00,1.00
2017.07.12 05:40:33.109,1.77588,1.77628,1.00,1.00
2017.07.12 05:40:33.160,1.77588,1.7763,1.00,1.00
2017.07.12 05:40:35.770,1.77588,1.77629,1.00,1.00
2017.07.12 05:40:37.540,1.77589,1.77629,1.00,1.00
2017.07.12 05:40:38.949,1.7759,1.77629,1.00,1.00
2017.07.12 05:40:40.245,1.77588,1.77629,1.00,1.00
2017.07.12 05:40:40.295,1.7759,1.77629,1.00,1.00
2017.07.12 05:40:41.353,1.77589,1.77629,1.00,1.00
2017.07.12 05:40:41.507,1.77587,1.77629,1.00,1.00
2017.07.12 05:40:51.839,1.77589,1.77629,1.00,1.00
2017.07.12 05:40:52.911,1.7759,1.77629,1.00,1.00
2017.07.12 05:40:53.447,1.77589,1.77628,1.00,1.00
2017.07.12 05:40:55.257,1.77591,1.77628,1.00,1.00
2017.07.12 05:40:55.539,1.776,1.77646,1.00,1.75
2017.07.12 05:40:55.590,1.776,1.77646,1.00,1.00
2017.07.12 05:40:55.642,1.776,1.77641,1.00,1.00
2017.07.12 05:40:55.948,1.77605,1.77643,1.00,1.00
2017.07.12 05:40:56.515,1.77607,1.77643,1.00,1.00
2017.07.12 05:40:56.566,1.77605,1.77643,1.00,1.00
2017.07.12 05:40:56.718,1.77604,1.77641,1.00,1.00
2017.07.12 05:40:57.110,1.77605,1.77645,1.00,1.00
2017.07.12 05:40:57.764,1.77605,1.77646,1.00,1.50
2017.07.12 05:40:57.815,1.77607,1.77646,1.00,1.50
2017.07.12 05:40:58.317,1.77606,1.77643,1.00,1.00
2017.07.12 05:40:58.595,1.77606,1.77646,1.00,1.00
2017.07.12 05:40:59.216,1.77607,1.77646,1.00,1.00
2017.07.12 05:40:59.267,1.77609,1.77646,1.00,1.00
2017.07.12 05:40:59.591,1.77607,1.77647,1.00,1.00
2017.07.12 05:40:59.744,1.77607,1.77645,1.00,1.00
2017.07.12 05:40:59.960,1.776,1.77644,1.00,1.00
2017.07.12 05:41:00.011,1.776,1.77641,1.00,1.00
2017.07.12 05:41:00.316,1.77606,1.77644,1.00,1.00
2017.07.12 05:41:00.867,1.77603,1.77644,1.00,1.00
2017.07.12 05:41:01.031,1.77605,1.77644,1.00,1.00
2017.07.12 05:41:01.183,1.77602,1.77644,1.00,1.00
2017.07.12 05:41:01.234,1.77604,1.77645,1.00,1.00
2017.07.12 05:41:01.541,1.77604,1.77643,1.00,1.00
2017.07.12 05:41:01.917,1.77605,1.77645,1.00,1.00
2017.07.12 05:41:02.201,1.77603,1.77645,1.00,1.00
2017.07.12 05:41:02.624,1.776,1.7764,1.00,1.00
2017.07.12 05:41:02.777,1.77597,1.7764,1.00,1.00
2017.07.12 05:41:02.828,1.776,1.7764,1.00,1.50
2017.07.12 05:41:02.981,1.77598,1.7764,1.00,1.00
2017.07.12 05:41:03.148,1.77596,1.77641,1.50,1.00
2017.07.12 05:41:03.250,1.77598,1.77639,1.00,1.00
2017.07.12 05:41:03.460,1.77596,1.77639,1.00,1.00
2017.07.12 05:41:03.511,1.77596,1.77641,1.00,1.50
2017.07.12 05:41:03.741,1.77598,1.7764,1.00,1.00
2017.07.12 05:41:04.263,1.77599,1.77644,1.00,1.12
2017.07.12 05:41:04.465,1.77601,1.77644,1.00,1.00
2017.07.12 05:41:05.715,1.77602,1.77644,1.00,1.00
2017.07.12 05:41:05.817,1.77602,1.77648,1.00,1.50
2017.07.12 05:41:06.078,1.77601,1.77644,1.00,1.00
2017.07.12 05:41:06.603,1.776,1.77644,1.00,1.00
2017.07.12 05:41:07.153,1.77599,1.77644,1.00,1.50
2017.07.12 05:41:07.490,1.77601,1.77644,1.00,1.50
2017.07.12 05:41:09.167,1.77599,1.77644,1.00,1.50
2017.07.12 05:41:09.319,1.776,1.77641,1.00,1.00
2017.07.12 05:41:10.130,1.776,1.7764,1.00,1.00
2017.07.12 05:41:10.459,1.77602,1.77642,1.00,1.00
2017.07.12 05:41:10.774,1.77599,1.77642,1.00,1.00
2017.07.12 05:41:10.825,1.77596,1.77638,1.00,1.00
2017.07.12 05:41:11.129,1.77596,1.77641,1.00,1.50
2017.07.12 05:41:11.179,1.776,1.77641,1.00,1.50
2017.07.12 05:41:12.714,1.77598,1.77641,1.00,1.00
2017.07.12 05:41:12.969,1.77593,1.77641,1.00,1.00
2017.07.12 05:41:13.501,1.77593,1.7764,1.50,1.00
2017.07.12 05:41:13.758,1.77593,1.77637,1.00,1.00
2017.07.12 05:41:13.961,1.77591,1.77637,1.00,1.00
2017.07.12 05:41:14.245,1.77593,1.77637,1.00,1.00
2017.07.12 05:41:17.550,1.77593,1.77638,1.00,1.00
2017.07.12 05:41:18.061,1.77593,1.77637,1.00,1.00
2017.07.12 05:41:19.332,1.77593,1.77638,1.00,1.00
2017.07.12 05:41:19.649,1.77595,1.77638,1.00,1.00
2017.07.12 05:41:20.093,1.77596,1.77641,1.00,1.50
2017.07.12 05:41:20.144,1.77601,1.77642,1.00,1.00
2017.07.12 05:41:20.246,1.77599,1.77641,1.00,1.50
2017.07.12 05:41:20.608,1.77599,1.77639,1.00,1.00
2017.07.12 05:41:22.362,1.77599,1.77638,1.00,1.00
2017.07.12 05:41:22.882,1.77598,1.77639,1.00,1.00
2017.07.12 05:41:23.388,1.77598,1.7764,1.00,1.00
2017.07.12 05:41:23.978,1.77598,1.77637,1.00,1.00
2017.07.12 05:41:24.029,1.77595,1.77636,1.00,1.00
2017.07.12 05:41:24.232,1.77593,1.77637,1.00,1.00
2017.07.12 05:41:25.083,1.77593,1.77635,1.00,1.00
2017.07.12 05:41:25.628,1.77593,1.77636,1.00,1.00
2017.07.12 05:41:28.968,1.77593,1.77635,1.00,1.00
2017.07.12 05:41:29.120,1.77593,1.77639,1.00,1.00
2017.07.12 05:41:29.172,1.77595,1.77639,1.00,1.00
2017.07.12 05:41:29.490,1.77594,1.77636,1.00,1.00
2017.07.12 05:41:29.662,1.77594,1.77638,1.00,1.00
2017.07.12 05:41:29.865,1.77594,1.77635,1.00,1.00
2017.07.12 05:41:30.905,1.77594,1.77637,1.00,1.00
2017.07.12 05:41:31.310,1.77595,1.77639,1.00,1.00
2017.07.12 05:41:31.462,1.77597,1.7764,1.00,1.00
2017.07.12 05:41:33.136,1.77596,1.7764,1.00,1.00
2017.07.12 05:41:34.218,1.77596,1.77641,1.00,1.00
2017.07.12 05:41:34.766,1.77596,1.7764,1.00,1.00
2017.07.12 05:41:35.161,1.77598,1.7764,1.00,1.00
2017.07.12 05:41:35.519,1.77598,1.77638,1.00,1.00
2017.07.12 05:41:35.744,1.77601,1.77642,1.00,1.00
2017.07.12 05:41:36.267,1.77598,1.77641,1.00,1.00
2017.07.12 05:41:39.116,1.77598,1.77642,1.00,1.00
2017.07.12 05:41:39.167,1.77598,1.77638,1.00,1.00
2017.07.12 05:41:39.472,1.77593,1.77629,1.50,1.00
2017.07.12 05:41:39.575,1.77588,1.77628,1.37,1.00
2017.07.12 05:41:39.705,1.77586,1.77626,1.37,1.00
2017.07.12 05:41:39.757,1.77586,1.77627,1.00,1.00
2017.07.12 05:41:39.808,1.77586,1.77625,1.00,1.00
2017.07.12 05:41:40.123,1.77584,1.77623,1.00,1.00
2017.07.12 05:41:40.539,1.77584,1.7762,1.00,1.00
2017.07.12 05:41:40.590,1.77581,1.7762,1.00,1.00
2017.07.12 05:41:40.691,1.77578,1.77619,1.00,1.00
2017.07.12 05:41:41.057,1.77582,1.77619,1.00,1.00
2017.07.12 05:41:42.860,1.77582,1.77621,1.00,1.00
2017.07.12 05:41:44.201,1.77582,1.77622,1.00,1.00
2017.07.12 05:41:44.599,1.77582,1.77619,1.00,1.00
2017.07.12 05:41:45.070,1.77578,1.77616,1.00,1.00
2017.07.12 05:41:45.756,1.77577,1.77615,1.00,1.00
2017.07.12 05:41:46.438,1.77578,1.77615,1.00,1.00
2017.07.12 05:41:46.980,1.77576,1.77615,1.00,1.00
2017.07.12 05:41:48.088,1.77574,1.77615,1.00,1.00
2017.07.12 05:41:48.656,1.77575,1.77615,1.00,1.00
2017.07.12 05:41:49.309,1.77575,1.77616,1.00,1.00
2017.07.12 05:41:49.670,1.77578,1.77617,1.00,1.00
2017.07.12 05:41:51.402,1.77578,1.77616,1.00,1.00
2017.07.12 05:41:52.939,1.77578,1.77617,1.00,1.00
2017.07.12 05:41:53.589,1.77578,1.77616,1.00,1.00
2017.07.12 05:41:55.655,1.77578,1.77619,1.00,1.00
2017.07.12 05:41:55.863,1.77581,1.77619,1.00,1.00
2017.07.12 05:41:56.145,1.77581,1.77621,1.00,1.00
2017.07.12 05:41:56.497,1.77579,1.77621,1.00,1.00
2017.07.12 05:41:57.050,1.77579,1.77618,1.00,1.00
2017.07.12 05:41:57.376,1.77581,1.77619,1.00,1.00
2017.07.12 05:41:58.106,1.77579,1.77619,1.00,1.00
2017.07.12 05:42:07.977,1.77579,1.77618,1.00,1.00
2017.07.12 05:42:08.178,1.77577,1.77618,1.00,1.00
2017.07.12 05:42:08.879,1.77579,1.77618,1.00,1.00
2017.07.12 05:42:10.062,1.77579,1.7762,1.00,1.00
2017.07.12 05:42:14.450,1.77579,1.77618,1.00,1.00
2017.07.12 05:42:17.674,1.77579,1.77617,1.00,1.00
2017.07.12 05:42:18.022,1.77576,1.77614,1.00,1.00
2017.07.12 05:42:18.124,1.77574,1.77614,1.00,1.00
2017.07.12 05:42:18.389,1.77572,1.77613,1.00,1.00
2017.07.12 05:42:18.681,1.77572,1.7761,1.00,1.00
2017.07.12 05:42:18.910,1.7757,1.77609,1.00,1.00
2017.07.12 05:42:19.679,1.7757,1.77608,1.00,1.00
2017.07.12 05:42:19.918,1.77569,1.7761,1.00,1.00
2017.07.12 05:42:20.712,1.7757,1.77609,1.00,1.00
2017.07.12 05:42:21.372,1.7757,1.77605,1.00,1.00
2017.07.12 05:42:21.423,1.77568,1.77604,1.00,1.00
2017.07.12 05:42:21.842,1.77566,1.77604,1.00,1.00
2017.07.12 05:42:22.119,1.77568,1.77604,1.00,1.00
2017.07.12 05:42:25.090,1.77571,1.77615,1.12,1.00
2017.07.12 05:42:25.141,1.77576,1.77615,1.00,1.00
2017.07.12 05:42:25.192,1.77576,1.77617,1.00,1.00
2017.07.12 05:42:25.243,1.77578,1.77618,1.00,1.00
2017.07.12 05:42:25.547,1.77581,1.77618,1.00,1.00
2017.07.12 05:42:26.932,1.77578,1.77616,1.00,1.00
2017.07.12 05:42:27.048,1.77578,1.77614,1.00,1.00
2017.07.12 05:42:27.201,1.77571,1.7761,1.00,1.00
2017.07.12 05:42:27.252,1.77571,1.77607,1.00,1.00
2017.07.12 05:42:27.304,1.77569,1.77607,1.00,1.00
2017.07.12 05:42:27.406,1.77569,1.77609,1.00,1.00
2017.07.12 05:42:27.584,1.77569,1.77607,1.00,1.00
2017.07.12 05:42:27.838,1.77568,1.77609,1.00,1.00
2017.07.12 05:42:28.370,1.77569,1.77609,1.00,1.00
2017.07.12 05:42:29.202,1.77567,1.77609,1.00,1.00
2017.07.12 05:42:30.202,1.77568,1.77609,1.00,1.00
2017.07.12 05:42:33.615,1.77568,1.7761,1.00,1.00
2017.07.12 05:42:33.716,1.7757,1.7761,1.00,1.00
2017.07.12 05:42:35.550,1.7757,1.77608,1.00,1.00
2017.07.12 05:42:36.012,1.7757,1.77606,1.00,1.00
2017.07.12 05:42:36.209,1.77568,1.77606,1.00,1.00
2017.07.12 05:42:36.509,1.7757,1.77606,1.00,1.00
2017.07.12 05:42:36.710,1.77568,1.77606,1.00,1.00
2017.07.12 05:42:37.925,1.77568,1.77605,1.00,1.00
2017.07.12 05:42:38.099,1.77568,1.77603,1.00,1.00
2017.07.12 05:42:38.320,1.77565,1.77603,1.00,1.00
2017.07.12 05:42:38.930,1.77565,1.77604,1.00,1.00
2017.07.12 05:42:40.267,1.77565,1.77605,1.00,1.00
2017.07.12 05:42:40.799,1.77565,1.77604,1.00,1.00
2017.07.12 05:42:44.365,1.77565,1.77605,1.00,1.00
2017.07.12 05:42:44.416,1.77565,1.77607,1.00,1.00
2017.07.12 05:42:44.467,1.77567,1.77608,1.00,1.00
2017.07.12 05:42:44.801,1.77566,1.77605,1.00,1.00
2017.07.12 05:42:45.497,1.77566,1.77607,1.00,1.00
2017.07.12 05:42:45.549,1.77568,1.77606,1.00,1.00
2017.07.12 05:42:46.536,1.77564,1.77589,1.00,1.00
2017.07.12 05:42:46.638,1.77555,1.77591,1.00,1.00
2017.07.12 05:42:46.690,1.77555,1.77595,1.00,1.00
2017.07.12 05:42:46.741,1.77556,1.77598,1.00,1.00
2017.07.12 05:42:46.855,1.77563,1.77598,1.00,1.00
2017.07.12 05:42:46.906,1.77563,1.77603,1.00,1.00
2017.07.12 05:42:47.161,1.77565,1.77605,1.00,1.00
2017.07.12 05:42:47.667,1.77565,1.77603,1.00,1.00
2017.07.12 05:42:47.971,1.77564,1.776,1.00,1.00
2017.07.12 05:42:48.160,1.77562,1.776,1.00,1.00
2017.07.12 05:42:48.437,1.77564,1.776,1.00,1.00
2017.07.12 05:42:53.157,1.77563,1.77599,1.00,1.00
2017.07.12 05:42:53.208,1.77563,1.77601,1.00,1.00
2017.07.12 05:42:53.412,1.77562,1.77603,1.00,1.00
2017.07.12 05:42:53.665,1.77564,1.77602,1.00,1.00
2017.07.12 05:42:53.882,1.77564,1.77604,1.00,1.00
2017.07.12 05:42:53.933,1.77568,1.77604,1.00,1.00
2017.07.12 05:42:53.984,1.77568,1.77606,1.00,1.00
2017.07.12 05:42:54.453,1.77566,1.77606,1.00,1.00
2017.07.12 05:42:55.121,1.77565,1.77606,1.00,1.00
2017.07.12 05:42:58.890,1.77565,1.77607,1.00,1.00
2017.07.12 05:42:59.499,1.77565,1.77606,1.00,1.00
2017.07.12 05:43:00.939,1.77563,1.77606,1.00,1.00
2017.07.12 05:43:01.969,1.77565,1.77606,1.00,1.00
2017.07.12 05:43:02.640,1.77565,1.77603,1.00,1.00
2017.07.12 05:43:02.742,1.7756,1.776,1.00,1.00
2017.07.12 05:43:03.442,1.77563,1.776,1.00,1.00
2017.07.12 05:43:03.975,1.77561,1.776,1.00,1.00
2017.07.12 05:43:05.678,1.77561,1.77598,1.00,1.00
2017.07.12 05:43:05.779,1.77558,1.77598,1.00,1.00
2017.07.12 05:43:06.397,1.77558,1.77597,1.00,1.00
2017.07.12 05:43:13.770,1.77558,1.77599,1.00,1.00
2017.07.12 05:43:13.821,1.7756,1.776,1.00,1.00
2017.07.12 05:43:14.330,1.77561,1.776,1.50,1.00
2017.07.12 05:43:14.415,1.77561,1.77602,1.50,1.00
2017.07.12 05:43:15.159,1.77564,1.77602,1.00,1.00
2017.07.12 05:43:19.019,1.77564,1.77601,1.00,1.00
2017.07.12 05:43:19.070,1.77561,1.77601,1.50,1.00
2017.07.12 05:43:19.121,1.77561,1.77597,1.00,1.00
2017.07.12 05:43:19.171,1.77558,1.77597,1.00,1.00
2017.07.12 05:43:21.321,1.77558,1.77596,1.00,1.00
2017.07.12 05:43:21.372,1.77555,1.77596,1.00,1.00
2017.07.12 05:43:27.657,1.77555,1.7759,1.00,1.00
2017.07.12 05:43:27.809,1.77552,1.77589,1.00,1.00
2017.07.12 05:43:27.866,1.77547,1.77586,1.00,1.00
2017.07.12 05:43:28.849,1.77547,1.77588,1.00,1.00
2017.07.12 05:43:29.453,1.77547,1.77587,1.00,1.00
2017.07.12 05:43:29.656,1.77547,1.77589,1.00,1.00
2017.07.12 05:43:29.707,1.77547,1.77586,1.00,1.00
2017.07.12 05:43:29.758,1.77547,1.77589,1.00,1.00
2017.07.12 05:43:29.910,1.77547,1.77587,1.00,1.00
2017.07.12 05:43:30.456,1.77547,1.77586,1.00,1.00
2017.07.12 05:43:30.959,1.77547,1.77587,1.00,1.00
2017.07.12 05:43:34.580,1.77547,1.77589,1.00,1.00
2017.07.12 05:43:34.875,1.77549,1.77589,1.00,1.00
2017.07.12 05:43:42.781,1.77548,1.77589,1.00,1.00
2017.07.12 05:43:43.366,1.77548,1.7759,1.00,1.00
2017.07.12 05:43:43.518,1.7755,1.77593,1.00,1.00
2017.07.12 05:43:43.569,1.7755,1.77591,1.00,1.00
2017.07.12 05:43:46.585,1.77553,1.77591,1.00,1.00
2017.07.12 05:43:47.099,1.77553,1.77592,1.00,1.00
2017.07.12 05:43:48.002,1.7755,1.77592,1.00,1.00
2017.07.12 05:43:49.138,1.7755,1.77594,1.00,1.00
2017.07.12 05:43:49.189,1.77552,1.77597,1.00,1.00
2017.07.12 05:43:49.342,1.77553,1.77599,1.00,1.00
2017.07.12 05:43:49.393,1.77557,1.77602,1.00,1.50
2017.07.12 05:43:49.786,1.77559,1.77602,1.00,1.00
2017.07.12 05:43:50.201,1.7756,1.77604,1.00,1.00
2017.07.12 05:43:50.723,1.7756,1.776,1.00,1.00
2017.07.12 05:43:51.394,1.77563,1.776,1.00,1.00
2017.07.12 05:43:52.501,1.7756,1.77597,1.00,1.00
2017.07.12 05:43:54.126,1.77558,1.77598,1.50,1.00
2017.07.12 05:43:54.228,1.77558,1.77596,1.00,1.00
2017.07.12 05:43:54.395,1.77556,1.77596,1.00,1.00
2017.07.12 05:43:54.916,1.77559,1.77596,1.00,1.00
2017.07.12 05:43:55.379,1.77562,1.77596,1.00,1.00
2017.07.12 05:43:57.799,1.77564,1.77596,1.00,1.00
2017.07.12 05:43:58.833,1.77561,1.77596,1.00,1.00
2017.07.12 05:43:59.473,1.77561,1.77598,1.00,1.00
2017.07.12 05:43:59.574,1.77561,1.77601,1.00,1.00
2017.07.12 05:43:59.676,1.77565,1.77602,1.00,1.00
2017.07.12 05:43:59.727,1.77564,1.77606,1.00,1.00
2017.07.12 05:43:59.778,1.77565,1.77608,1.00,1.00
2017.07.12 05:43:59.829,1.77571,1.77609,1.00,1.00
2017.07.12 05:44:00.329,1.77573,1.77609,1.00,1.00
2017.07.12 05:44:00.920,1.77575,1.7761,1.00,1.00
2017.07.12 05:44:00.972,1.77575,1.77613,1.00,1.00
2017.07.12 05:44:01.023,1.77578,1.77613,1.00,1.00
2017.07.12 05:44:01.757,1.77578,1.77614,1.00,1.00
2017.07.12 05:44:02.061,1.77578,1.77612,1.00,1.00
2017.07.12 05:44:02.261,1.77578,1.77614,1.00,1.00
2017.07.12 05:44:02.312,1.77581,1.77615,1.00,1.00
2017.07.12 05:44:04.592,1.77581,1.77616,1.00,1.00
2017.07.12 05:44:04.694,1.77581,1.77619,1.00,1.00
2017.07.12 05:44:05.279,1.77582,1.7762,1.00,1.00
2017.07.12 05:44:07.639,1.77582,1.77619,1.00,1.00
2017.07.12 05:44:07.879,1.77582,1.77617,1.00,1.00
2017.07.12 05:44:11.345,1.77583,1.77617,1.00,1.00
2017.07.12 05:44:19.118,1.77583,1.77616,1.00,1.00
2017.07.12 05:44:19.220,1.77581,1.77616,1.00,1.00
2017.07.12 05:44:20.223,1.77582,1.77616,1.00,1.00
2017.07.12 05:44:22.229,1.77581,1.77616,1.00,1.00
2017.07.12 05:44:24.249,1.77582,1.77616,1.00,1.00
2017.07.12 05:44:24.300,1.77582,1.77618,1.00,1.00
2017.07.12 05:44:34.454,1.77583,1.77618,1.00,1.00
2017.07.12 05:44:40.643,1.77585,1.77618,1.00,1.00
2017.07.12 05:44:41.644,1.77583,1.77618,1.00,1.00
2017.07.12 05:44:44.902,1.77583,1.77615,1.00,1.00
2017.07.12 05:44:44.954,1.77581,1.77615,1.00,1.00
2017.07.12 05:44:45.005,1.77581,1.77617,1.00,1.00
2017.07.12 05:44:45.157,1.77578,1.77615,1.00,1.00
2017.07.12 05:44:45.856,1.77578,1.77617,1.00,1.00
2017.07.12 05:44:46.048,1.77576,1.77617,1.00,1.00
2017.07.12 05:44:46.100,1.77576,1.77609,1.00,1.00
2017.07.12 05:44:46.348,1.77574,1.77609,1.00,1.00
2017.07.12 05:44:47.293,1.77574,1.77607,1.00,1.00
2017.07.12 05:44:47.395,1.77571,1.77608,1.00,1.00
2017.07.12 05:44:47.446,1.77571,1.77605,1.00,1.00
2017.07.12 05:44:51.382,1.77571,1.77606,1.00,1.00
2017.07.12 05:44:51.924,1.7757,1.77606,1.00,1.00
2017.07.12 05:44:53.547,1.7757,1.77605,1.00,1.00
2017.07.12 05:44:54.049,1.7757,1.77608,1.00,1.00
2017.07.12 05:44:54.252,1.7757,1.77606,1.00,1.00
2017.07.12 05:44:55.099,1.77572,1.77606,1.00,1.00
2017.07.12 05:44:55.437,1.77572,1.77604,1.00,1.00
2017.07.12 05:44:55.858,1.77569,1.77604,1.00,1.00
2017.07.12 05:45:00.083,1.77568,1.77604,1.00,1.00
2017.07.12 05:45:02.560,1.7757,1.77604,1.00,1.00
2017.07.12 05:45:03.127,1.7757,1.77605,1.00,1.00
2017.07.12 05:45:03.178,1.77568,1.77605,1.00,1.00
2017.07.12 05:45:03.397,1.77568,1.77607,1.00,1.00
2017.07.12 05:45:04.004,1.77568,1.77606,1.00,1.00
2017.07.12 05:45:04.452,1.7757,1.77606,1.00,1.00
2017.07.12 05:45:08.456,1.77568,1.77606,1.00,1.00
2017.07.12 05:45:15.471,1.77568,1.77605,1.00,1.00
2017.07.12 05:45:28.927,1.77568,1.77604,1.00,1.00
2017.07.12 05:45:35.567,1.77568,1.77605,1.00,1.00
2017.07.12 05:45:42.610,1.77568,1.77604,1.00,1.00
2017.07.12 05:45:42.812,1.77568,1.77607,1.00,1.00
2017.07.12 05:45:43.392,1.77568,1.77606,1.00,1.00
2017.07.12 05:45:44.005,1.77568,1.77605,1.00,1.00
2017.07.12 05:45:44.530,1.77569,1.77605,1.00,1.00
2017.07.12 05:45:45.164,1.77569,1.77606,1.00,1.00
2017.07.12 05:45:46.066,1.77569,1.77607,1.00,1.00
2017.07.12 05:45:46.333,1.7757,1.77611,1.00,1.00
2017.07.12 05:45:46.485,1.77573,1.7761,1.00,1.00
2017.07.12 05:45:46.689,1.77573,1.77612,1.00,1.00
2017.07.12 05:45:46.957,1.77573,1.7761,1.00,1.00
2017.07.12 05:45:47.256,1.7757,1.7761,1.00,1.00
2017.07.12 05:45:47.562,1.77573,1.7761,1.00,1.00
2017.07.12 05:45:48.037,1.77573,1.77608,1.00,1.00
2017.07.12 05:45:48.290,1.7757,1.77609,1.00,1.00
2017.07.12 05:45:48.954,1.7757,1.7761,1.00,1.00
2017.07.12 05:45:49.190,1.77572,1.7761,1.00,1.00
2017.07.12 05:45:52.660,1.77572,1.77609,1.00,1.00
2017.07.12 05:45:52.868,1.77572,1.77611,1.00,1.00
2017.07.12 05:45:52.970,1.77572,1.77609,1.00,1.00
2017.07.12 05:45:53.521,1.77572,1.7761,1.00,1.00
2017.07.12 05:45:54.839,1.77572,1.77609,1.00,1.00
2017.07.12 05:45:55.390,1.77572,1.7761,1.00,1.00
2017.07.12 05:45:55.542,1.77567,1.77607,1.00,1.00
2017.07.12 05:45:55.593,1.7757,1.7761,1.00,1.00
2017.07.12 05:45:56.208,1.7757,1.77614,1.00,1.50
2017.07.12 05:45:56.259,1.77577,1.77614,1.00,1.00
2017.07.12 05:45:56.411,1.77577,1.77616,1.00,1.00
2017.07.12 05:45:56.462,1.77581,1.77618,1.00,1.00
2017.07.12 05:46:01.235,1.77581,1.7762,1.00,1.00
2017.07.12 05:46:01.809,1.77581,1.77619,1.00,1.00
2017.07.12 05:46:03.226,1.77581,1.7762,1.00,1.00
2017.07.12 05:46:03.277,1.77581,1.77622,1.00,1.00
2017.07.12 05:46:03.329,1.77581,1.77624,1.00,1.00
2017.07.12 05:46:03.380,1.77585,1.77624,1.00,1.00
2017.07.12 05:46:03.974,1.77585,1.77625,1.00,1.00
2017.07.12 05:46:04.787,1.77587,1.77625,1.00,1.00
2017.07.12 05:46:05.187,1.77587,1.77623,1.00,1.00
2017.07.12 05:46:05.786,1.77587,1.7762,1.00,1.00
2017.07.12 05:46:06.097,1.77584,1.77622,1.00,1.00
2017.07.12 05:46:06.300,1.77583,1.7762,1.00,1.00
2017.07.12 05:46:06.604,1.77586,1.77622,1.00,1.00
2017.07.12 05:46:07.131,1.77586,1.7762,1.00,1.00
2017.07.12 05:46:07.184,1.77584,1.7762,1.00,1.00
2017.07.12 05:46:07.470,1.77582,1.7762,1.00,1.00
2017.07.12 05:46:09.138,1.77582,1.77612,1.00,1.00
2017.07.12 05:46:09.190,1.77578,1.77612,1.00,1.00
2017.07.12 05:46:09.241,1.77578,1.77609,1.00,1.00
2017.07.12 05:46:09.809,1.77576,1.77609,1.00,1.00
2017.07.12 05:46:15.120,1.77576,1.77611,1.00,1.00
2017.07.12 05:46:20.059,1.77576,1.77613,1.00,1.00
2017.07.12 05:46:21.577,1.77574,1.77613,1.00,1.00
2017.07.12 05:46:22.379,1.77574,1.7761,1.00,1.00
2017.07.12 05:46:23.392,1.77574,1.77613,1.00,1.00
2017.07.12 05:46:23.494,1.77574,1.77615,1.00,1.00
2017.07.12 05:46:23.545,1.77574,1.77611,1.00,1.00
2017.07.12 05:46:23.861,1.77573,1.77609,1.00,1.00
2017.07.12 05:46:24.164,1.77571,1.77607,1.00,1.00
2017.07.12 05:46:24.317,1.77566,1.77608,1.50,1.00
2017.07.12 05:46:24.984,1.77567,1.77608,1.00,1.00
2017.07.12 05:46:25.081,1.77571,1.77608,1.00,1.00
2017.07.12 05:46:29.886,1.77567,1.77608,1.00,1.00
2017.07.12 05:46:30.038,1.77567,1.7761,1.00,1.00
2017.07.12 05:46:30.190,1.77569,1.77611,1.00,1.00
2017.07.12 05:46:31.187,1.7757,1.77611,1.00,1.00
2017.07.12 05:46:33.194,1.77569,1.77611,1.00,1.00
2017.07.12 05:46:34.814,1.77569,1.77609,1.00,1.00
2017.07.12 05:46:35.118,1.77572,1.77609,1.00,1.00
2017.07.12 05:46:35.283,1.7757,1.77609,1.00,1.00
2017.07.12 05:46:36.942,1.7757,1.77607,1.00,1.00
2017.07.12 05:46:37.110,1.7757,1.77609,1.00,1.00
2017.07.12 05:46:40.650,1.7757,1.77608,1.00,1.00
2017.07.12 05:46:41.166,1.7757,1.77609,1.00,1.00
2017.07.12 05:46:41.700,1.77571,1.77609,1.00,1.00
2017.07.12 05:46:43.205,1.77571,1.77608,1.00,1.00
2017.07.12 05:46:43.948,1.77571,1.77609,1.00,1.00
2017.07.12 05:46:44.465,1.77571,1.77608,1.00,1.00
2017.07.12 05:46:44.618,1.77569,1.77607,1.00,1.00
2017.07.12 05:46:44.821,1.77567,1.77608,1.00,1.00
2017.07.12 05:46:44.922,1.77569,1.77608,1.00,1.00
2017.07.12 05:46:45.248,1.77568,1.77604,1.00,1.00
2017.07.12 05:46:45.350,1.77564,1.77604,1.46,1.00
2017.07.12 05:46:45.520,1.77568,1.77604,1.00,1.00
2017.07.12 05:46:46.667,1.77568,1.77602,1.00,1.00
2017.07.12 05:46:46.718,1.77565,1.776,1.00,1.00
2017.07.12 05:46:47.007,1.77563,1.77601,1.00,1.00
2017.07.12 05:46:47.553,1.77563,1.776,1.00,1.00
2017.07.12 05:46:49.247,1.77564,1.776,1.00,1.00
2017.07.12 05:46:49.584,1.77564,1.77598,1.00,1.00
2017.07.12 05:46:49.737,1.77556,1.77597,1.37,1.00
2017.07.12 05:46:50.283,1.77556,1.77597,1.00,1.00
2017.07.12 05:46:50.755,1.77559,1.77597,1.00,1.00
2017.07.12 05:46:51.713,1.77557,1.77597,1.00,1.00
2017.07.12 05:46:53.194,1.77557,1.77598,1.00,1.00
2017.07.12 05:46:53.245,1.7756,1.77599,1.00,1.00
2017.07.12 05:46:57.643,1.77557,1.77595,1.00,1.00
2017.07.12 05:46:58.412,1.77557,1.77594,1.50,1.00
2017.07.12 05:46:58.514,1.77557,1.77596,1.50,1.00
2017.07.12 05:46:58.719,1.7756,1.77596,1.00,1.00
2017.07.12 05:46:59.490,1.7756,1.77595,1.00,1.00
2017.07.12 05:46:59.643,1.77556,1.77594,1.50,1.00
2017.07.12 05:46:59.850,1.77559,1.77596,1.00,1.00
2017.07.12 05:47:00.586,1.77559,1.77597,1.00,1.00
2017.07.12 05:47:02.564,1.77559,1.77593,1.00,1.00
2017.07.12 05:47:02.723,1.77555,1.77593,1.00,1.00
2017.07.12 05:47:05.859,1.77555,1.77594,1.00,1.00
2017.07.12 05:47:06.028,1.77557,1.77594,1.00,1.00
2017.07.12 05:47:07.529,1.77556,1.77594,1.00,1.00
2017.07.12 05:47:13.034,1.77555,1.77594,1.00,1.00
2017.07.12 05:47:15.808,1.77555,1.77593,1.00,1.00
2017.07.12 05:47:15.961,1.77551,1.77591,1.00,1.00
2017.07.12 05:47:16.403,1.77551,1.77589,1.00,1.00
2017.07.12 05:47:16.814,1.77547,1.77585,1.00,1.00
2017.07.12 05:47:17.358,1.77547,1.77584,1.00,1.00
2017.07.12 05:47:18.987,1.77547,1.77585,1.00,1.00
2017.07.12 05:47:19.503,1.77547,1.77584,1.00,1.00
2017.07.12 05:47:21.044,1.77549,1.77584,1.00,1.00
2017.07.12 05:47:21.420,1.77551,1.77584,1.00,1.00
2017.07.12 05:47:21.471,1.77549,1.77584,1.00,1.00
2017.07.12 05:47:21.573,1.77549,1.77586,1.00,1.00
2017.07.12 05:47:21.675,1.7755,1.77588,1.00,1.00
2017.07.12 05:47:21.777,1.7755,1.77592,1.00,1.00
2017.07.12 05:47:21.967,1.77554,1.77592,1.00,1.00
2017.07.12 05:47:22.644,1.77556,1.77592,1.00,1.00
2017.07.12 05:47:23.697,1.77556,1.77591,1.00,1.00
2017.07.12 05:47:23.748,1.77553,1.77591,1.00,1.00
2017.07.12 05:47:33.158,1.77554,1.77591,1.00,1.00
2017.07.12 05:47:40.124,1.77554,1.77592,1.00,1.00
2017.07.12 05:47:42.547,1.77554,1.77599,1.00,1.75
2017.07.12 05:47:42.598,1.77554,1.77592,1.00,1.00
2017.07.12 05:47:43.594,1.77553,1.77592,1.00,1.00
2017.07.12 05:47:43.983,1.77555,1.77592,1.00,1.00
2017.07.12 05:47:45.511,1.77555,1.77591,1.00,1.00
2017.07.12 05:47:46.496,1.77554,1.77591,1.00,1.00
2017.07.12 05:47:47.063,1.77555,1.77591,1.00,1.00
2017.07.12 05:47:49.333,1.77555,1.77592,1.00,1.00
2017.07.12 05:47:53.670,1.77555,1.77591,1.00,1.00
2017.07.12 05:47:53.822,1.77553,1.77592,1.00,1.00
2017.07.12 05:47:53.924,1.77555,1.77593,1.00,1.00
2017.07.12 05:47:54.543,1.77554,1.77592,1.00,1.00
2017.07.12 05:47:57.207,1.77553,1.77592,1.00,1.00
2017.07.12 05:47:58.114,1.77555,1.77592,1.00,1.00
2017.07.12 05:48:01.206,1.77555,1.7759,1.00,1.00
2017.07.12 05:48:01.680,1.77551,1.77589,1.00,1.00
2017.07.12 05:48:01.733,1.77549,1.77588,1.50,1.00
2017.07.12 05:48:01.941,1.77551,1.77588,1.00,1.00
2017.07.12 05:48:02.455,1.77552,1.77588,1.00,1.00
2017.07.12 05:48:02.793,1.77554,1.77588,1.00,1.00
2017.07.12 05:48:06.914,1.77554,1.77592,1.00,1.00
2017.07.12 05:48:07.125,1.77556,1.77595,1.00,1.00
2017.07.12 05:48:07.704,1.77555,1.77595,1.00,1.00
2017.07.12 05:48:07.806,1.77559,1.77595,1.00,1.00
2017.07.12 05:48:08.126,1.77556,1.77595,1.00,1.00
2017.07.12 05:48:08.643,1.77556,1.77596,1.00,1.00
2017.07.12 05:48:08.695,1.77556,1.77593,1.00,1.00
2017.07.12 05:48:09.414,1.77556,1.77592,1.00,1.00
2017.07.12 05:48:09.800,1.77554,1.77592,1.00,1.00
2017.07.12 05:48:11.113,1.77555,1.77592,1.00,1.00
2017.07.12 05:48:13.130,1.77554,1.77592,1.00,1.00
2017.07.12 05:48:15.962,1.77554,1.77593,1.00,1.00
2017.07.12 05:48:22.416,1.77553,1.77593,1.09,1.00
2017.07.12 05:48:24.017,1.77555,1.77593,1.00,1.00
2017.07.12 05:48:24.688,1.77555,1.77594,1.00,1.00
2017.07.12 05:48:24.992,1.77555,1.77592,1.00,1.00
2017.07.12 05:48:32.627,1.77554,1.77592,1.00,1.00
2017.07.12 05:48:33.774,1.77555,1.77592,1.00,1.00
2017.07.12 05:48:36.687,1.77555,1.77591,1.00,1.00
2017.07.12 05:48:37.243,1.77554,1.77591,1.00,1.00
2017.07.12 05:48:40.836,1.77551,1.77591,1.00,1.00
2017.07.12 05:48:46.753,1.77551,1.7759,1.00,1.00
2017.07.12 05:48:46.804,1.77551,1.77588,1.00,1.00
2017.07.12 05:48:47.108,1.77549,1.77581,1.00,1.00
2017.07.12 05:48:47.693,1.77548,1.77581,1.00,1.00
2017.07.12 05:48:50.870,1.77549,1.77581,1.00,1.00
2017.07.12 05:48:51.362,1.77546,1.77574,1.00,1.00
2017.07.12 05:48:51.464,1.77539,1.7757,1.00,1.00
2017.07.12 05:48:51.566,1.77536,1.77571,1.00,1.00
2017.07.12 05:48:51.884,1.77534,1.77571,1.00,1.00
2017.07.12 05:48:52.574,1.77533,1.7757,1.00,1.00
2017.07.12 05:48:52.625,1.77533,1.77568,1.00,1.00
2017.07.12 05:48:52.676,1.7753,1.77568,1.00,1.00
2017.07.12 05:48:59.787,1.77531,1.77568,1.00,1.00
2017.07.12 05:49:00.563,1.7753,1.77568,1.00,1.00
2017.07.12 05:49:01.092,1.7753,1.77572,1.00,1.50
2017.07.12 05:49:02.600,1.77529,1.77572,1.00,1.00
2017.07.12 05:49:05.869,1.77529,1.77571,1.50,1.00
2017.07.12 05:49:06.104,1.77531,1.77571,1.00,1.00
2017.07.12 05:49:06.676,1.7753,1.77571,1.00,1.00
2017.07.12 05:49:09.564,1.77529,1.77571,1.50,1.00
2017.07.12 05:49:10.564,1.7753,1.77571,1.00,1.00
2017.07.12 05:49:10.922,1.7753,1.77569,1.00,1.00
2017.07.12 05:49:11.666,1.77529,1.77569,1.00,1.00
2017.07.12 05:49:14.996,1.77529,1.7757,1.00,1.00
2017.07.12 05:49:24.497,1.77529,1.77575,1.00,1.00
2017.07.12 05:49:24.548,1.77529,1.7757,1.00,1.00
2017.07.12 05:49:30.518,1.77529,1.77563,1.00,1.00
2017.07.12 05:49:30.702,1.77529,1.77568,1.00,1.00
2017.07.12 05:49:30.753,1.77529,1.77571,1.00,1.00
2017.07.12 05:49:30.805,1.77534,1.77572,1.00,1.00
2017.07.12 05:49:36.328,1.77533,1.77564,1.00,1.00
2017.07.12 05:49:36.379,1.77533,1.77567,1.00,1.00
2017.07.12 05:49:36.430,1.77529,1.77567,1.00,1.00
2017.07.12 05:49:36.531,1.77529,1.7757,1.00,1.00
2017.07.12 05:49:36.633,1.77532,1.7757,1.00,1.00
2017.07.12 05:49:37.190,1.77531,1.7757,1.00,1.00
2017.07.12 05:49:37.590,1.77533,1.7757,1.00,1.00
2017.07.12 05:49:41.982,1.77533,1.77569,1.00,1.00
2017.07.12 05:49:42.033,1.77531,1.77569,1.00,1.00
2017.07.12 05:49:42.236,1.77532,1.77571,1.00,1.00
2017.07.12 05:49:50.927,1.7753,1.77571,1.00,1.00
2017.07.12 05:49:53.038,1.7753,1.77569,1.00,1.00
2017.07.12 05:49:53.906,1.7753,1.7757,1.00,1.00
2017.07.12 05:49:54.362,1.77533,1.7757,1.00,1.00
2017.07.12 05:49:55.015,1.77533,1.77569,1.00,1.00
2017.07.12 05:49:55.117,1.7753,1.77569,1.00,1.00
2017.07.12 05:49:55.219,1.77528,1.77564,1.00,1.00
2017.07.12 05:49:55.653,1.77528,1.77562,1.00,1.00
2017.07.12 05:49:55.909,1.77525,1.77562,1.00,1.00
2017.07.12 05:49:57.010,1.77526,1.77562,1.00,1.00
2017.07.12 05:49:58.751,1.77527,1.77565,1.00,1.00
2017.07.12 05:49:59.284,1.77528,1.77565,1.00,1.00
2017.07.12 05:50:00.751,1.77525,1.77565,1.00,1.00
2017.07.12 05:50:01.065,1.77525,1.7756,1.00,1.00
2017.07.12 05:50:01.116,1.77523,1.7756,1.00,1.00
2017.07.12 05:50:01.167,1.77523,1.77563,1.00,1.00
2017.07.12 05:50:01.427,1.77525,1.77564,1.00,1.00
2017.07.12 05:50:01.840,1.77527,1.77564,1.00,1.00
2017.07.12 05:50:03.161,1.77528,1.77564,1.00,1.00
2017.07.12 05:50:11.852,1.77529,1.77564,1.00,1.00
2017.07.12 05:50:13.376,1.77529,1.77568,1.00,1.00
2017.07.12 05:50:13.427,1.77529,1.77564,1.00,1.00
2017.07.12 05:50:14.433,1.77529,1.77566,1.00,1.00
2017.07.12 05:50:14.535,1.7753,1.77569,1.00,1.00
2017.07.12 05:50:14.687,1.7753,1.77572,1.09,1.00
2017.07.12 05:50:14.738,1.77533,1.77572,1.00,1.00
2017.07.12 05:50:14.931,1.77537,1.77577,1.00,1.00
2017.07.12 05:50:15.506,1.77537,1.77578,1.00,1.00
2017.07.12 05:50:15.857,1.77541,1.77578,1.00,1.00
2017.07.12 05:50:16.632,1.77539,1.77578,1.00,1.00
2017.07.12 05:50:17.768,1.77541,1.77582,1.00,1.00
2017.07.12 05:50:17.819,1.77541,1.77585,1.00,1.00
2017.07.12 05:50:17.870,1.77546,1.77585,1.00,1.00
2017.07.12 05:50:18.215,1.77548,1.77586,1.00,1.00
2017.07.12 05:50:22.232,1.77548,1.77585,1.00,1.00
2017.07.12 05:50:22.386,1.77544,1.77582,1.00,1.00
2017.07.12 05:50:22.691,1.77542,1.77582,1.50,1.00
2017.07.12 05:50:22.844,1.77544,1.77582,1.00,1.00
2017.07.12 05:50:23.047,1.77544,1.77584,1.00,1.00
2017.07.12 05:50:23.149,1.77544,1.77582,1.00,1.00
2017.07.12 05:50:23.301,1.77544,1.77584,1.00,1.00
2017.07.12 05:50:23.403,1.77544,1.77588,1.00,1.00
2017.07.12 05:50:23.454,1.77547,1.77588,1.00,1.00
2017.07.12 05:50:23.758,1.77549,1.77588,1.00,1.00
2017.07.12 05:50:24.421,1.77549,1.77587,1.00,1.00
2017.07.12 05:50:24.472,1.7755,1.7759,1.00,1.00
2017.07.12 05:50:24.523,1.7755,1.77593,1.00,1.00
2017.07.12 05:50:24.574,1.77555,1.77599,1.00,1.00
2017.07.12 05:50:24.726,1.77555,1.77601,1.34,1.00
2017.07.12 05:50:25.041,1.77564,1.77602,1.00,1.00
2017.07.12 05:50:25.660,1.77564,1.77603,1.00,1.00
2017.07.12 05:50:25.980,1.77566,1.77604,1.00,1.00
2017.07.12 05:50:26.227,1.77566,1.77606,1.00,1.00
2017.07.12 05:50:26.870,1.77567,1.77607,1.00,1.00
2017.07.12 05:50:27.868,1.77567,1.77605,1.00,1.00
2017.07.12 05:50:27.971,1.77565,1.77605,1.00,1.00
2017.07.12 05:50:28.497,1.77565,1.77606,1.00,1.00
2017.07.12 05:50:30.548,1.77564,1.77606,1.00,1.00
2017.07.12 05:50:32.073,1.77566,1.77606,1.00,1.00
2017.07.12 05:50:32.464,1.77566,1.77609,1.00,1.00
2017.07.12 05:50:32.565,1.77568,1.77609,1.00,1.00
2017.07.12 05:50:33.132,1.77572,1.77609,1.00,1.00
2017.07.12 05:50:34.012,1.77572,1.77615,1.09,1.00
2017.07.12 05:50:34.064,1.77577,1.77617,1.00,1.00
2017.07.12 05:50:34.442,1.77576,1.77615,1.00,1.00
2017.07.12 05:50:34.764,1.7758,1.77617,1.00,1.00
2017.07.12 05:50:34.866,1.7758,1.77619,1.00,1.00
2017.07.12 05:50:35.480,1.77577,1.77617,1.00,1.00
2017.07.12 05:50:35.632,1.77577,1.7762,1.00,1.00
2017.07.12 05:50:35.684,1.77579,1.77618,1.00,1.00
2017.07.12 05:50:35.735,1.77579,1.77624,1.00,1.00
2017.07.12 05:50:35.787,1.77583,1.77627,1.00,1.00
2017.07.12 05:50:36.091,1.77589,1.77625,1.00,1.00
2017.07.12 05:50:36.155,1.77586,1.77625,1.00,1.00
2017.07.12 05:50:36.770,1.77585,1.77625,1.00,1.00
2017.07.12 05:50:37.456,1.77585,1.77623,1.00,1.00
2017.07.12 05:50:37.558,1.77589,1.77628,1.00,1.00
2017.07.12 05:50:37.609,1.77589,1.7763,1.00,1.00
2017.07.12 05:50:37.660,1.77591,1.7763,1.00,1.00
2017.07.12 05:50:38.201,1.77591,1.77629,1.00,1.00
2017.07.12 05:50:39.637,1.77591,1.77628,1.00,1.00
2017.07.12 05:50:39.688,1.77592,1.7763,1.00,1.00
2017.07.12 05:50:39.960,1.77594,1.7763,1.00,1.00
2017.07.12 05:50:41.211,1.77594,1.77631,1.00,1.00
2017.07.12 05:50:41.515,1.77597,1.77634,1.00,1.00
2017.07.12 05:50:42.234,1.77597,1.77633,1.00,1.00
2017.07.12 05:50:42.759,1.77596,1.77632,1.00,1.00
2017.07.12 05:50:42.963,1.77594,1.77632,1.00,1.00
2017.07.12 05:50:44.743,1.77594,1.7763,1.00,1.00
2017.07.12 05:50:45.561,1.77594,1.77629,1.00,1.00
2017.07.12 05:50:45.612,1.77591,1.77629,1.00,1.00
2017.07.12 05:50:46.784,1.77591,1.77628,1.00,1.00
2017.07.12 05:50:46.885,1.77586,1.77628,1.00,1.00
2017.07.12 05:50:47.167,1.77588,1.77628,1.00,1.00
2017.07.12 05:50:49.986,1.77588,1.77629,1.00,1.00
2017.07.12 05:50:50.301,1.77596,1.77634,1.00,1.00
2017.07.12 05:50:51.094,1.77593,1.77633,1.00,1.00
2017.07.12 05:50:51.317,1.77593,1.77627,1.00,1.00
2017.07.12 05:50:51.418,1.7759,1.77626,1.00,1.00
2017.07.12 05:50:51.469,1.7759,1.77623,1.00,1.00
2017.07.12 05:50:51.520,1.77587,1.77621,1.00,1.00
2017.07.12 05:50:51.571,1.77587,1.77617,1.00,1.00
2017.07.12 05:50:51.622,1.7758,1.77618,1.00,1.00
2017.07.12 05:50:51.811,1.7758,1.77615,1.00,1.00
2017.07.12 05:50:51.913,1.77578,1.77615,1.00,1.00
2017.07.12 05:50:52.073,1.77576,1.77615,1.00,1.00
2017.07.12 05:50:54.963,1.77576,1.77616,1.00,1.00
2017.07.12 05:50:55.014,1.77576,1.77618,1.00,1.00
2017.07.12 05:50:55.166,1.77576,1.77616,1.00,1.00
2017.07.12 05:50:55.690,1.77576,1.77617,1.00,1.00
2017.07.12 05:50:56.087,1.77573,1.77613,1.00,1.00
2017.07.12 05:50:56.391,1.7757,1.77608,1.00,1.00
2017.07.12 05:50:56.493,1.77568,1.77608,1.00,1.00
2017.07.12 05:50:57.244,1.77568,1.77609,1.00,1.00
2017.07.12 05:50:57.480,1.7757,1.77609,1.00,1.00
2017.07.12 05:50:57.680,1.77568,1.77609,1.00,1.00
2017.07.12 05:50:58.110,1.77568,1.77607,1.00,1.00
2017.07.12 05:51:05.732,1.77568,1.77608,1.00,1.00
2017.07.12 05:51:06.140,1.77566,1.77606,1.00,1.00
2017.07.12 05:51:06.960,1.77566,1.77605,1.00,1.00
2017.07.12 05:51:07.316,1.77565,1.77603,1.00,1.00
2017.07.12 05:51:08.893,1.77563,1.77603,1.00,1.00
2017.07.12 05:51:10.194,1.77565,1.77603,1.00,1.00
2017.07.12 05:51:11.266,1.77565,1.77602,1.00,1.00
2017.07.12 05:51:11.317,1.77562,1.77602,1.00,1.00
2017.07.12 05:51:12.105,1.77562,1.77597,1.00,1.00
2017.07.12 05:51:12.308,1.7756,1.77599,1.00,1.12
2017.07.12 05:51:12.359,1.7756,1.77597,1.00,1.00
2017.07.12 05:51:12.988,1.7756,1.77595,1.00,1.00
2017.07.12 05:51:21.995,1.7756,1.77594,1.00,1.00
2017.07.12 05:51:22.152,1.7756,1.77596,1.00,1.00
2017.07.12 05:51:28.740,1.77558,1.77596,1.00,1.00
2017.07.12 05:51:29.915,1.7756,1.77596,1.00,1.00
2017.07.12 05:51:30.559,1.77559,1.77596,1.00,1.00
2017.07.12 05:51:34.110,1.77559,1.77598,1.00,1.00
2017.07.12 05:51:34.213,1.77559,1.77596,1.00,1.00
2017.07.12 05:51:34.368,1.77559,1.77598,1.00,1.00
2017.07.12 05:51:34.560,1.77562,1.77599,1.00,1.00
2017.07.12 05:51:44.537,1.77562,1.77597,1.00,1.00
2017.07.12 05:51:46.563,1.77558,1.77594,1.00,1.00
2017.07.12 05:51:46.664,1.77556,1.77594,1.00,1.00
2017.07.12 05:51:47.333,1.77559,1.77594,1.00,1.00
2017.07.12 05:51:47.960,1.77559,1.77595,1.00,1.00
2017.07.12 05:51:49.640,1.7756,1.77604,1.00,1.50
2017.07.12 05:51:49.742,1.77569,1.77605,1.00,1.00
2017.07.12 05:51:49.793,1.77569,1.7761,1.00,1.12
2017.07.12 05:51:49.844,1.77574,1.77609,1.00,1.00
2017.07.12 05:51:50.052,1.77566,1.77606,1.00,1.00
2017.07.12 05:51:52.287,1.77566,1.77608,1.00,1.00
2017.07.12 05:51:52.889,1.77567,1.77608,1.00,1.00
2017.07.12 05:51:53.473,1.77569,1.77608,1.00,1.00
2017.07.12 05:52:05.651,1.77569,1.77605,1.00,1.00
2017.07.12 05:52:05.753,1.77557,1.77594,1.00,1.00
2017.07.12 05:52:06.310,1.77556,1.77594,1.00,1.00
2017.07.12 05:52:06.504,1.77556,1.77592,1.00,1.00
2017.07.12 05:52:06.808,1.77555,1.7759,1.00,1.00
2017.07.12 05:52:06.961,1.77553,1.7759,1.00,1.00
2017.07.12 05:52:08.404,1.77553,1.77591,1.00,1.00
2017.07.12 05:52:08.992,1.77553,1.77592,1.00,1.00
2017.07.12 05:52:09.094,1.77556,1.77593,1.00,1.00
2017.07.12 05:52:09.297,1.77553,1.77592,1.00,1.00
2017.07.12 05:52:09.399,1.77556,1.77592,1.00,1.00
2017.07.12 05:52:09.707,1.77555,1.7759,1.00,1.00
2017.07.12 05:52:09.856,1.77552,1.7759,1.00,1.00
2017.07.12 05:52:14.460,1.77555,1.7759,1.00,1.00
2017.07.12 05:52:21.214,1.77555,1.77591,1.00,1.00
2017.07.12 05:52:22.676,1.77555,1.77592,1.00,1.00
2017.07.12 05:52:22.980,1.77554,1.7759,1.00,1.00
2017.07.12 05:52:25.471,1.77552,1.7759,1.00,1.00
2017.07.12 05:52:35.200,1.77552,1.77595,1.00,2.25
2017.07.12 05:52:35.809,1.77552,1.77595,1.00,1.00
2017.07.12 05:52:43.335,1.77552,1.77596,1.00,1.00
2017.07.12 05:52:51.436,1.77552,1.77594,1.00,1.00
2017.07.12 05:52:51.740,1.77553,1.77589,1.00,1.00
2017.07.12 05:52:52.004,1.77553,1.77593,1.00,1.00
2017.07.12 05:52:52.208,1.77553,1.7759,1.00,1.00
2017.07.12 05:52:52.520,1.77549,1.77588,1.00,1.00
2017.07.12 05:52:53.375,1.77549,1.77589,1.00,1.00
2017.07.12 05:52:53.426,1.77552,1.77588,1.00,1.00
2017.07.12 05:52:53.770,1.77552,1.77585,1.00,1.00
2017.07.12 05:52:53.821,1.77549,1.77585,1.00,1.00
2017.07.12 05:52:57.764,1.77549,1.77587,1.00,1.00
2017.07.12 05:52:58.404,1.77548,1.77587,1.00,1.00
2017.07.12 05:53:01.456,1.7755,1.77587,1.00,1.00
2017.07.12 05:53:01.938,1.7755,1.77585,1.00,1.00
2017.07.12 05:53:03.610,1.77549,1.77585,1.00,1.00
2017.07.12 05:53:03.713,1.77546,1.77585,1.00,1.00
2017.07.12 05:53:04.109,1.77543,1.77584,1.00,1.00
2017.07.12 05:53:07.112,1.77546,1.77584,1.00,1.00
2017.07.12 05:53:10.190,1.77546,1.77582,1.00,1.00
2017.07.12 05:53:11.216,1.77544,1.77582,1.00,1.00
2017.07.12 05:53:11.267,1.77544,1.77584,1.00,1.00
2017.07.12 05:53:13.487,1.77546,1.77584,1.00,1.00
2017.07.12 05:53:21.526,1.77543,1.77584,1.00,1.00
2017.07.12 05:53:24.531,1.77546,1.77584,1.00,1.00
2017.07.12 05:53:25.903,1.77546,1.77585,1.00,1.00
2017.07.12 05:53:26.207,1.77547,1.77582,1.00,1.00
2017.07.12 05:53:26.752,1.77546,1.77582,1.00,1.00
2017.07.12 05:53:30.154,1.77547,1.77584,1.00,1.00
2017.07.12 05:53:30.255,1.77549,1.77586,1.00,1.00
2017.07.12 05:53:30.357,1.77549,1.77588,1.00,1.00
2017.07.12 05:53:30.560,1.7755,1.7759,1.00,1.00
2017.07.12 05:53:30.662,1.77552,1.77591,1.00,1.00
2017.07.12 05:53:30.713,1.77552,1.77595,1.00,1.00
2017.07.12 05:53:30.763,1.77554,1.77595,1.00,1.00
2017.07.12 05:53:31.068,1.77553,1.77591,1.00,1.00
2017.07.12 05:53:31.639,1.77552,1.7759,1.00,1.00
2017.07.12 05:53:32.141,1.77553,1.77592,1.00,1.00
2017.07.12 05:53:32.365,1.77553,1.77589,1.00,1.00
2017.07.12 05:53:33.009,1.77553,1.7759,1.00,1.00
2017.07.12 05:53:34.245,1.77553,1.77591,1.00,1.00
2017.07.12 05:53:34.787,1.77555,1.77592,1.00,1.00
2017.07.12 05:53:37.103,1.77555,1.77593,1.00,1.00
2017.07.12 05:53:38.114,1.77557,1.77593,1.00,1.00
2017.07.12 05:53:39.980,1.77556,1.77593,1.00,1.00
2017.07.12 05:53:40.284,1.77556,1.77591,1.00,1.00
2017.07.12 05:53:41.460,1.77556,1.77592,1.00,1.00
2017.07.12 05:53:41.663,1.77551,1.77588,1.00,1.00
2017.07.12 05:53:41.957,1.77548,1.77588,1.00,1.00
2017.07.12 05:53:42.534,1.77549,1.77588,1.00,1.00
2017.07.12 05:53:44.702,1.77549,1.77585,1.00,1.00
2017.07.12 05:53:48.789,1.7755,1.77585,1.00,1.00
2017.07.12 05:53:49.157,1.77548,1.77585,1.00,1.00
2017.07.12 05:53:50.299,1.7755,1.77585,1.00,1.00
2017.07.12 05:53:55.205,1.77549,1.77585,1.00,1.00
2017.07.12 05:53:56.583,1.77549,1.77583,1.00,1.00
2017.07.12 05:53:56.685,1.77547,1.77582,1.00,1.00
2017.07.12 05:53:56.786,1.77545,1.77581,1.00,1.00
2017.07.12 05:53:57.971,1.77544,1.77581,1.00,1.00
2017.07.12 05:54:10.609,1.77543,1.77581,1.00,1.00
2017.07.12 05:54:13.480,1.77545,1.77581,1.00,1.00
2017.07.12 05:54:13.862,1.77545,1.77583,1.00,1.00
2017.07.12 05:54:13.964,1.77545,1.77587,1.00,1.00
2017.07.12 05:54:14.015,1.77547,1.77587,1.00,1.00
2017.07.12 05:54:14.437,1.77549,1.77587,1.00,1.00
2017.07.12 05:54:16.436,1.77549,1.77584,1.00,1.00
2017.07.12 05:54:16.690,1.77549,1.77586,1.00,1.00
2017.07.12 05:54:16.904,1.77549,1.77584,1.00,1.00
2017.07.12 05:54:21.202,1.77549,1.77583,1.00,1.00
2017.07.12 05:54:21.303,1.77547,1.77582,1.00,1.00
2017.07.12 05:54:21.406,1.77545,1.77582,1.00,1.00
2017.07.12 05:54:21.722,1.77542,1.77582,1.00,1.00
2017.07.12 05:54:22.198,1.7754,1.77582,1.00,1.00
2017.07.12 05:54:22.388,1.77542,1.77582,1.00,1.00
2017.07.12 05:54:22.718,1.77544,1.77582,1.00,1.00
2017.07.12 05:54:24.502,1.77544,1.77584,1.00,1.00
2017.07.12 05:54:24.843,1.77547,1.77584,1.00,1.00
2017.07.12 05:54:25.801,1.77547,1.77583,1.00,1.00
2017.07.12 05:54:26.799,1.77544,1.77583,1.00,1.00
2017.07.12 05:54:27.794,1.77546,1.77583,1.00,1.00
2017.07.12 05:54:29.904,1.77548,1.77583,1.00,1.00
2017.07.12 05:54:30.006,1.77546,1.77582,1.00,1.00
2017.07.12 05:54:30.219,1.77544,1.77581,1.00,1.00
2017.07.12 05:54:40.593,1.77544,1.77578,1.00,1.00
2017.07.12 05:54:40.644,1.7754,1.77576,1.00,1.00
2017.07.12 05:54:40.695,1.7754,1.77573,1.00,1.00
2017.07.12 05:54:40.746,1.77538,1.77574,1.00,1.00
2017.07.12 05:54:40.798,1.77538,1.77569,1.00,1.00
2017.07.12 05:54:40.849,1.77532,1.77572,1.00,1.00
2017.07.12 05:54:40.900,1.77532,1.77579,1.00,1.50
2017.07.12 05:54:41.052,1.77535,1.77579,1.00,1.00
2017.07.12 05:54:41.154,1.77533,1.7758,1.00,1.50
2017.07.12 05:54:41.979,1.77533,1.77579,1.00,1.00
2017.07.12 05:54:42.414,1.77533,1.77577,1.00,1.00
2017.07.12 05:54:42.934,1.77533,1.77578,1.00,1.00
2017.07.12 05:54:43.240,1.77533,1.7758,1.00,1.50
2017.07.12 05:54:43.341,1.77533,1.77577,1.00,1.00
2017.07.12 05:54:43.443,1.77533,1.77579,1.00,1.00
2017.07.12 05:54:43.495,1.77533,1.77577,1.00,1.00
2017.07.12 05:54:43.792,1.77533,1.77579,1.00,1.00
2017.07.12 05:54:44.267,1.77533,1.77577,1.00,1.00
2017.07.12 05:54:44.859,1.77533,1.77578,1.00,1.00
2017.07.12 05:54:45.339,1.77533,1.77576,1.00,1.00
2017.07.12 05:54:45.611,1.77533,1.7758,1.50,1.00
2017.07.12 05:54:45.713,1.77535,1.7758,1.00,1.00
2017.07.12 05:54:46.239,1.77534,1.7758,1.00,1.00
2017.07.12 05:54:46.655,1.77536,1.7758,1.00,1.00
2017.07.12 05:54:46.859,1.77536,1.77582,1.00,1.00
2017.07.12 05:54:47.394,1.77537,1.77582,1.00,1.50
2017.07.12 05:54:49.560,1.77538,1.77582,1.00,1.00
2017.07.12 05:54:50.034,1.7754,1.7758,1.00,1.00
2017.07.12 05:54:50.244,1.77542,1.77585,1.00,1.00
2017.07.12 05:54:50.396,1.77544,1.77586,1.00,1.00
2017.07.12 05:54:50.448,1.77542,1.77586,1.00,1.00
2017.07.12 05:54:50.549,1.77542,1.77588,1.00,1.00
2017.07.12 05:54:53.531,1.77544,1.77589,1.00,1.00
2017.07.12 05:54:56.674,1.77545,1.77589,1.00,1.00
2017.07.12 05:54:57.079,1.77541,1.77588,1.50,1.50
2017.07.12 05:54:57.130,1.77541,1.77586,1.50,1.00
2017.07.12 05:54:57.653,1.77541,1.77585,1.00,1.00
2017.07.12 05:54:58.073,1.77543,1.77585,1.00,1.00
2017.07.12 05:54:58.576,1.77542,1.77585,1.00,1.00
2017.07.12 05:54:59.122,1.77541,1.77585,1.00,1.00
2017.07.12 05:54:59.858,1.77542,1.77586,1.00,1.50
2017.07.12 05:55:00.195,1.77542,1.77582,1.00,1.00
2017.07.12 05:55:00.966,1.7754,1.77582,1.00,1.00
2017.07.12 05:55:01.018,1.77538,1.77582,1.00,1.00
2017.07.12 05:55:01.834,1.77539,1.77582,1.00,1.00
2017.07.12 05:55:02.037,1.77537,1.77582,1.50,1.00
2017.07.12 05:55:02.827,1.77538,1.77582,1.00,1.00
2017.07.12 05:55:03.332,1.77537,1.77582,1.50,1.00
2017.07.12 05:55:03.741,1.77539,1.77582,1.00,1.00
2017.07.12 05:55:03.945,1.77537,1.77582,1.50,1.00
2017.07.12 05:55:04.047,1.77537,1.7758,1.00,1.00
2017.07.12 05:55:04.553,1.77536,1.77579,1.00,1.00
2017.07.12 05:55:05.408,1.77537,1.77579,1.00,1.00
2017.07.12 05:55:05.955,1.77537,1.77578,1.00,1.00
2017.07.12 05:55:06.891,1.77535,1.77578,1.00,1.00
2017.07.12 05:55:06.942,1.77533,1.77569,1.00,1.00
2017.07.12 05:55:06.993,1.77526,1.77569,1.00,1.37
2017.07.12 05:55:07.044,1.77529,1.77568,1.00,1.00
2017.07.12 05:55:07.095,1.77526,1.77568,1.00,1.00
2017.07.12 05:55:07.146,1.77524,1.7757,1.00,1.00
2017.07.12 05:55:07.197,1.77531,1.77569,1.00,1.00
2017.07.12 05:55:07.249,1.77525,1.77569,1.50,1.00
2017.07.12 05:55:07.300,1.77523,1.77569,1.00,1.00
2017.07.12 05:55:07.351,1.77517,1.7756,1.00,1.00
2017.07.12 05:55:07.901,1.77516,1.7756,1.00,1.00
2017.07.12 05:55:08.437,1.77518,1.77558,1.00,1.00
2017.07.12 05:55:09.198,1.77517,1.77558,1.00,1.00
2017.07.12 05:55:09.976,1.77517,1.77559,1.00,1.00
2017.07.12 05:55:10.357,1.77517,1.77561,1.00,1.50
2017.07.12 05:55:10.408,1.7752,1.77561,1.00,1.50
2017.07.12 05:55:10.932,1.77521,1.7756,1.00,1.00
2017.07.12 05:55:11.163,1.77523,1.77565,1.00,1.50
2017.07.12 05:55:11.736,1.77523,1.77565,1.00,1.00
2017.07.12 05:55:12.247,1.77522,1.77565,1.00,1.00
2017.07.12 05:55:12.852,1.77522,1.77566,1.00,1.09
2017.07.12 05:55:13.496,1.77521,1.77566,1.00,1.09
2017.07.12 05:55:18.065,1.7752,1.77566,1.00,1.09
2017.07.12 05:55:18.116,1.77523,1.77566,1.00,1.09
2017.07.12 05:55:21.458,1.77523,1.77563,1.00,1.00
2017.07.12 05:55:22.460,1.77523,1.77565,1.00,1.00
2017.07.12 05:55:24.649,1.77522,1.77565,1.00,1.00
2017.07.12 05:55:25.266,1.77521,1.77565,1.00,1.00
2017.07.12 05:55:26.431,1.7752,1.77565,1.00,1.87
2017.07.12 05:55:26.583,1.77518,1.77563,1.00,1.00
2017.07.12 05:55:26.735,1.77518,1.77565,1.50,1.50
2017.07.12 05:55:27.247,1.77519,1.77564,1.00,1.00
2017.07.12 05:55:27.751,1.77519,1.77564,1.00,1.87
2017.07.12 05:55:28.069,1.77519,1.77564,1.00,1.50
2017.07.12 05:55:28.667,1.77516,1.77562,1.00,1.00
2017.07.12 05:55:29.295,1.77515,1.7756,1.00,1.00
2017.07.12 05:55:34.952,1.77515,1.77559,1.00,1.00
2017.07.12 05:55:35.114,1.77513,1.77559,1.00,1.50
2017.07.12 05:55:38.977,1.77511,1.77559,1.00,1.00
2017.07.12 05:55:49.411,1.77514,1.77559,1.00,1.00
2017.07.12 05:55:52.470,1.77516,1.77559,1.00,1.00
2017.07.12 05:55:52.692,1.77516,1.77561,1.00,1.00
2017.07.12 05:55:53.197,1.77516,1.77562,1.50,1.00
2017.07.12 05:55:54.612,1.77517,1.77562,1.00,1.00
2017.07.12 05:55:56.784,1.77522,1.77562,1.00,1.00
2017.07.12 05:55:56.937,1.77523,1.77567,1.00,1.50
2017.07.12 05:55:57.276,1.77529,1.7757,1.00,1.00
2017.07.12 05:55:57.327,1.77524,1.77571,1.50,1.50
2017.07.12 05:55:57.378,1.77526,1.77571,1.00,1.50
2017.07.12 05:55:57.927,1.77526,1.7757,1.00,1.00
2017.07.12 05:55:58.902,1.77526,1.77569,1.00,1.00
2017.07.12 05:55:59.905,1.77524,1.77568,1.00,1.00
2017.07.12 05:55:59.956,1.77522,1.77568,1.00,1.00
2017.07.12 05:56:00.007,1.77521,1.77564,1.00,1.00
2017.07.12 05:56:00.512,1.77519,1.77564,1.50,1.00
2017.07.12 05:56:00.963,1.77519,1.77556,1.00,1.37
2017.07.12 05:56:01.014,1.77505,1.77547,1.00,1.00
2017.07.12 05:56:01.065,1.77502,1.77547,1.00,1.00
2017.07.12 05:56:01.116,1.77505,1.77546,1.00,1.00
2017.07.12 05:56:01.559,1.77502,1.77546,1.00,1.00
2017.07.12 05:56:02.051,1.77504,1.77546,1.00,1.00
2017.07.12 05:56:02.102,1.77504,1.77548,1.00,1.00
2017.07.12 05:56:03.207,1.77502,1.77545,1.00,1.00
2017.07.12 05:56:03.766,1.77503,1.77545,1.00,1.00
2017.07.12 05:56:04.705,1.77503,1.77546,1.00,1.00
2017.07.12 05:56:05.047,1.77505,1.77546,1.00,1.00
2017.07.12 05:56:05.746,1.77504,1.77546,1.00,1.00
2017.07.12 05:56:11.531,1.77505,1.77546,1.00,1.00
2017.07.12 05:56:11.633,1.77502,1.77545,1.00,1.00
2017.07.12 05:56:11.735,1.77501,1.77543,1.00,1.00
2017.07.12 05:56:12.067,1.77499,1.77543,1.00,1.00
2017.07.12 05:56:15.742,1.77499,1.77541,1.00,1.00
2017.07.12 05:56:16.717,1.77499,1.77543,1.00,1.00
2017.07.12 05:56:19.720,1.77499,1.77541,1.00,1.00
2017.07.12 05:56:20.035,1.77509,1.77546,1.00,1.00
2017.07.12 05:56:20.086,1.77507,1.77546,1.00,1.00
2017.07.12 05:56:20.137,1.77509,1.77549,1.00,1.00
2017.07.12 05:56:20.527,1.77509,1.77551,1.00,1.00
2017.07.12 05:56:20.628,1.77511,1.77552,1.00,1.00
2017.07.12 05:56:21.156,1.77511,1.77553,1.00,1.00
2017.07.12 05:56:23.635,1.77511,1.77554,1.00,1.50
2017.07.12 05:56:25.357,1.77513,1.77554,1.00,1.50
2017.07.12 05:56:26.062,1.77512,1.77554,1.00,1.50
2017.07.12 05:56:26.622,1.77512,1.77553,1.00,1.00
2017.07.12 05:56:26.874,1.77509,1.77553,1.00,1.00
2017.07.12 05:56:26.976,1.77509,1.77551,1.00,1.00
2017.07.12 05:56:27.214,1.77505,1.77548,1.00,1.12
2017.07.12 05:56:27.265,1.775,1.77545,1.00,1.00
2017.07.12 05:56:27.569,1.775,1.77547,1.00,2.25
2017.07.12 05:56:27.771,1.77505,1.77547,1.00,1.00
2017.07.12 05:56:28.734,1.77503,1.77547,1.00,1.00
2017.07.12 05:56:29.736,1.77504,1.77547,1.00,1.00
2017.07.12 05:56:29.837,1.77508,1.77551,1.00,1.37
2017.07.12 05:56:29.989,1.77508,1.77552,1.00,1.00
2017.07.12 05:56:30.739,1.77506,1.77552,1.00,1.50
2017.07.12 05:56:34.030,1.7751,1.77552,1.00,1.00
2017.07.12 05:56:34.795,1.77509,1.77552,1.00,1.50
2017.07.12 05:56:35.946,1.77508,1.77552,1.00,1.50
2017.07.12 05:56:36.881,1.77509,1.77552,1.00,1.50
2017.07.12 05:56:37.217,1.77511,1.77553,1.00,2.25
2017.07.12 05:56:39.346,1.77509,1.77552,1.00,1.00
2017.07.12 05:56:39.458,1.77511,1.77553,1.00,1.00
2017.07.12 05:56:40.085,1.77511,1.77554,1.00,1.00
2017.07.12 05:56:41.936,1.77511,1.77556,1.00,1.87
2017.07.12 05:56:44.994,1.77511,1.77554,1.00,1.00
2017.07.12 05:56:45.956,1.77511,1.77557,1.00,1.00
2017.07.12 05:56:47.365,1.77511,1.77551,1.00,1.00
2017.07.12 05:56:50.204,1.77512,1.77551,1.00,1.00
2017.07.12 05:56:50.356,1.77513,1.77554,1.00,1.00
2017.07.12 05:56:50.934,1.77515,1.77554,1.00,1.00
2017.07.12 05:56:51.086,1.7752,1.7756,1.00,1.00
2017.07.12 05:56:51.137,1.77522,1.7756,1.00,1.00
2017.07.12 05:56:51.188,1.77522,1.77563,1.00,1.00
2017.07.12 05:56:51.736,1.77521,1.77563,1.00,1.00
2017.07.12 05:56:53.155,1.77521,1.77562,1.00,1.00
2017.07.12 05:56:56.186,1.77521,1.77561,1.00,1.00
2017.07.12 05:56:56.398,1.77521,1.77563,1.00,1.00
2017.07.12 05:56:57.015,1.77522,1.77563,1.00,1.00
2017.07.12 05:56:57.565,1.77522,1.77564,1.00,1.00
2017.07.12 05:56:59.161,1.77522,1.77563,1.00,1.00
2017.07.12 05:57:01.605,1.77524,1.77563,1.00,1.00
2017.07.12 05:57:02.165,1.77524,1.77562,1.00,1.00
2017.07.12 05:57:03.363,1.77522,1.77562,1.00,1.00
2017.07.12 05:57:07.095,1.77522,1.77559,1.00,1.00
2017.07.12 05:57:09.171,1.77522,1.7756,1.00,1.00
2017.07.12 05:57:11.173,1.77522,1.77559,1.00,1.00
2017.07.12 05:57:11.686,1.77522,1.7756,1.00,1.00
2017.07.12 05:57:14.032,1.7752,1.77561,1.00,1.00
2017.07.12 05:57:14.084,1.7752,1.77563,1.00,1.00
2017.07.12 05:57:14.289,1.77521,1.77561,1.00,1.00
2017.07.12 05:57:20.618,1.7752,1.77561,1.00,1.00
2017.07.12 05:57:20.927,1.77525,1.77559,1.00,1.00
2017.07.12 05:57:21.029,1.77526,1.77562,1.00,1.00
2017.07.12 05:57:21.135,1.77526,1.77564,1.00,1.00
2017.07.12 05:57:21.297,1.77524,1.77564,1.00,1.00
2017.07.12 05:57:21.476,1.77526,1.77564,1.00,1.00
2017.07.12 05:57:21.628,1.77526,1.77566,1.00,1.00
2017.07.12 05:57:22.196,1.77527,1.77566,1.00,1.00
2017.07.12 05:57:22.399,1.77529,1.77566,1.00,1.00
2017.07.12 05:57:22.721,1.7753,1.77569,1.00,1.00
2017.07.12 05:57:26.806,1.77531,1.77569,1.00,1.00
2017.07.12 05:57:26.857,1.77536,1.77569,1.00,1.00
2017.07.12 05:57:26.908,1.77533,1.77577,1.00,1.12
2017.07.12 05:57:26.959,1.77538,1.77577,1.00,1.00
2017.07.12 05:57:27.210,1.77539,1.77582,1.00,1.00
2017.07.12 05:57:27.262,1.77541,1.77582,1.00,1.00
2017.07.12 05:57:27.778,1.7754,1.77582,1.00,1.00
2017.07.12 05:57:28.314,1.77539,1.77582,1.00,1.00
2017.07.12 05:57:28.735,1.77539,1.7758,1.00,1.00
2017.07.12 05:57:29.335,1.77541,1.7758,1.00,1.00
2017.07.12 05:57:29.946,1.77542,1.7758,1.00,1.00
2017.07.12 05:57:30.098,1.77542,1.77584,1.00,1.00
2017.07.12 05:57:30.199,1.77543,1.77586,1.00,1.00
2017.07.12 05:57:30.396,1.77543,1.77582,1.00,1.00
2017.07.12 05:57:32.017,1.77543,1.77581,1.00,1.00
2017.07.12 05:57:33.515,1.77541,1.77581,1.00,1.00
2017.07.12 05:57:34.791,1.77542,1.77581,1.00,1.00
2017.07.12 05:57:35.028,1.77542,1.77583,1.00,1.00
2017.07.12 05:57:35.436,1.77542,1.77586,1.00,1.00
2017.07.12 05:57:35.931,1.77542,1.77582,1.00,1.00
2017.07.12 05:57:37.247,1.77542,1.77586,1.00,1.00
2017.07.12 05:57:37.804,1.77543,1.77587,1.00,1.00
2017.07.12 05:57:38.117,1.77546,1.77588,1.00,1.50
2017.07.12 05:57:38.429,1.77548,1.7759,1.00,1.00
2017.07.12 05:57:38.761,1.7755,1.7759,1.00,1.00
2017.07.12 05:57:38.914,1.7755,1.77592,1.00,1.00
2017.07.12 05:57:38.965,1.77554,1.77592,1.00,1.00
2017.07.12 05:57:39.016,1.77556,1.77596,1.00,1.50
2017.07.12 05:57:39.118,1.77558,1.77597,1.00,1.00
2017.07.12 05:57:39.434,1.77561,1.77603,1.00,1.00
2017.07.12 05:57:41.154,1.77561,1.77602,1.00,1.00
2017.07.12 05:57:41.851,1.77561,1.77599,1.00,1.00
2017.07.12 05:57:41.902,1.77559,1.77599,1.00,1.00
2017.07.12 05:57:42.959,1.7756,1.77599,1.00,1.00
2017.07.12 05:57:43.314,1.77561,1.77601,1.00,1.00
2017.07.12 05:57:44.496,1.77562,1.77601,1.00,1.50
2017.07.12 05:57:45.223,1.77561,1.77601,1.00,1.00
2017.07.12 05:57:47.816,1.77559,1.77601,1.00,1.50
2017.07.12 05:57:48.333,1.77554,1.77601,1.50,1.50
2017.07.12 05:57:48.838,1.77554,1.77599,1.00,1.00
2017.07.12 05:57:49.345,1.77553,1.776,1.00,1.00
2017.07.12 05:57:49.745,1.77555,1.77601,1.00,1.00
2017.07.12 05:57:50.123,1.77555,1.77599,1.00,1.00
2017.07.12 05:57:50.248,1.77553,1.776,1.00,1.00
2017.07.12 05:57:50.846,1.77553,1.77599,1.00,1.00
2017.07.12 05:57:51.371,1.77553,1.776,1.00,1.00
2017.07.12 05:57:51.422,1.77555,1.77601,1.00,1.50
2017.07.12 05:57:51.621,1.77553,1.776,1.00,1.00
2017.07.12 05:57:53.631,1.77554,1.77601,1.00,2.25
2017.07.12 05:57:54.966,1.77554,1.77599,1.00,1.00
2017.07.12 05:57:59.036,1.77555,1.77602,1.00,2.25
2017.07.12 05:57:59.431,1.77553,1.77599,1.00,1.00
2017.07.12 05:58:00.136,1.77554,1.77601,1.00,1.50
2017.07.12 05:58:00.750,1.77557,1.77601,1.00,1.00
2017.07.12 05:58:00.852,1.77553,1.776,1.00,1.00
2017.07.12 05:58:01.023,1.77553,1.77598,1.00,1.00
2017.07.12 05:58:01.538,1.77553,1.77597,1.00,1.00
2017.07.12 05:58:01.590,1.77553,1.77601,1.00,1.00
2017.07.12 05:58:01.641,1.77557,1.77602,1.00,1.50
2017.07.12 05:58:02.142,1.77557,1.77601,1.00,1.00
2017.07.12 05:58:02.461,1.77557,1.77598,1.00,1.00
2017.07.12 05:58:02.563,1.77557,1.776,1.00,1.00
2017.07.12 05:58:02.986,1.77554,1.77599,1.00,1.00
2017.07.12 05:58:03.139,1.77554,1.77597,1.00,1.00
2017.07.12 05:58:03.392,1.77554,1.776,1.00,1.00
2017.07.12 05:58:03.836,1.77552,1.77599,1.00,1.00
2017.07.12 05:58:04.710,1.77552,1.77598,1.00,1.00
2017.07.12 05:58:04.862,1.77549,1.77597,1.00,1.00
2017.07.12 05:58:05.223,1.77549,1.77594,1.00,1.00
2017.07.12 05:58:05.375,1.77547,1.77593,1.00,1.00
2017.07.12 05:58:05.629,1.77547,1.77591,1.00,1.00
2017.07.12 05:58:05.680,1.77544,1.77591,1.00,1.50
2017.07.12 05:58:05.957,1.77547,1.77592,1.00,1.00
2017.07.12 05:58:06.160,1.77549,1.77596,1.00,3.00
2017.07.12 05:58:06.494,1.77549,1.77594,1.00,1.00
2017.07.12 05:58:07.047,1.77546,1.77593,1.00,1.00
2017.07.12 05:58:07.379,1.7755,1.77593,1.00,1.00
2017.07.12 05:58:07.942,1.77548,1.77593,1.00,1.00
2017.07.12 05:58:08.943,1.77547,1.77593,1.00,1.50
2017.07.12 05:58:09.406,1.77547,1.7759,1.00,1.00
2017.07.12 05:58:10.171,1.77547,1.77588,1.00,1.00
2017.07.12 05:58:12.206,1.77547,1.77593,1.50,1.00
2017.07.12 05:58:13.772,1.77548,1.77593,1.00,1.00
2017.07.12 05:58:13.824,1.77551,1.77593,1.00,1.00
2017.07.12 05:58:14.085,1.77564,1.77607,1.00,1.00
2017.07.12 05:58:14.376,1.77565,1.77611,1.00,1.00
2017.07.12 05:58:14.656,1.77566,1.77613,1.00,1.00
2017.07.12 05:58:15.205,1.77565,1.77612,1.00,1.00
2017.07.12 05:58:15.358,1.77562,1.77609,1.50,1.00
2017.07.12 05:58:15.864,1.77562,1.77608,1.00,1.00
2017.07.12 05:58:16.168,1.77564,1.77608,1.00,1.00
2017.07.12 05:58:16.715,1.77566,1.77608,1.00,1.00
2017.07.12 05:58:16.766,1.77566,1.7761,1.00,1.00
2017.07.12 05:58:17.196,1.77563,1.77606,1.00,1.00
2017.07.12 05:58:17.556,1.77566,1.77609,1.00,1.00
2017.07.12 05:58:17.610,1.77563,1.77608,2.25,1.00
2017.07.12 05:58:17.663,1.77566,1.7761,1.00,1.00
2017.07.12 05:58:17.816,1.77565,1.77612,1.00,1.00
2017.07.12 05:58:17.867,1.77563,1.77609,1.00,1.00
2017.07.12 05:58:18.199,1.77566,1.77611,1.00,1.87
2017.07.12 05:58:18.301,1.77561,1.77606,1.00,1.00
2017.07.12 05:58:18.827,1.7756,1.77605,1.50,1.00
2017.07.12 05:58:19.694,1.7756,1.77604,1.00,1.00
2017.07.12 05:58:19.796,1.77562,1.77609,1.00,1.50
2017.07.12 05:58:20.000,1.77557,1.77602,1.50,1.00
2017.07.12 05:58:20.102,1.77558,1.77604,1.00,1.00
2017.07.12 05:58:20.153,1.77558,1.77602,1.00,1.00
2017.07.12 05:58:20.474,1.77556,1.77599,1.00,1.00
2017.07.12 05:58:20.576,1.77554,1.776,1.50,1.50
2017.07.12 05:58:21.096,1.77554,1.77599,1.00,1.00
2017.07.12 05:58:21.279,1.77554,1.77595,1.00,1.00
2017.07.12 05:58:21.330,1.77553,1.77598,1.00,1.50
2017.07.12 05:58:21.381,1.77554,1.77596,1.00,1.00
2017.07.12 05:58:21.483,1.7755,1.77596,1.00,1.00
2017.07.12 05:58:21.585,1.77552,1.77598,1.00,1.00
2017.07.12 05:58:22.120,1.7755,1.77596,1.00,1.00
2017.07.12 05:58:22.171,1.77551,1.77598,1.00,1.50
2017.07.12 05:58:22.795,1.77552,1.776,1.00,1.50
2017.07.12 05:58:23.128,1.77555,1.776,1.00,1.00
2017.07.12 05:58:23.585,1.77557,1.77602,1.00,1.00
2017.07.12 05:58:24.015,1.77554,1.77601,1.00,1.00
2017.07.12 05:58:24.066,1.77554,1.77599,1.00,1.00
2017.07.12 05:58:24.607,1.77556,1.77599,1.00,1.00
2017.07.12 05:58:24.658,1.77556,1.77601,1.00,1.00
2017.07.12 05:58:25.093,1.77558,1.77603,1.00,1.00
2017.07.12 05:58:25.448,1.77558,1.77605,1.00,1.50
2017.07.12 05:58:25.601,1.77558,1.77603,1.00,1.00
2017.07.12 05:58:25.905,1.77558,1.77605,1.00,1.50
2017.07.12 05:58:26.433,1.77558,1.77604,1.00,1.00
2017.07.12 05:58:26.484,1.77557,1.77602,1.00,1.00
2017.07.12 05:58:27.093,1.77557,1.77601,1.00,1.00
2017.07.12 05:58:27.144,1.77557,1.77603,1.00,1.50
2017.07.12 05:58:28.782,1.77557,1.77601,1.00,1.00
2017.07.12 05:58:29.287,1.77555,1.77599,1.00,1.00
2017.07.12 05:58:30.106,1.77555,1.77602,1.00,1.50
2017.07.12 05:58:30.885,1.77554,1.77601,1.00,1.00
2017.07.12 05:58:32.092,1.77554,1.776,1.00,1.00
2017.07.12 05:58:32.144,1.77554,1.77597,1.00,1.00
2017.07.12 05:58:32.296,1.77551,1.77598,1.00,1.50
2017.07.12 05:58:32.448,1.77551,1.77596,1.00,1.00
2017.07.12 05:58:32.600,1.77549,1.77595,1.00,1.00
2017.07.12 05:58:33.013,1.77553,1.77594,1.00,1.00
2017.07.12 05:58:33.320,1.77572,1.77607,1.50,1.00
2017.07.12 05:58:33.523,1.77565,1.77606,1.50,1.00
2017.07.12 05:58:33.574,1.77565,1.77589,1.00,1.00
2017.07.12 05:58:33.625,1.77558,1.7759,1.75,1.00
2017.07.12 05:58:33.676,1.77553,1.77588,1.75,1.00
2017.07.12 05:58:33.777,1.77553,1.77588,1.00,1.00
2017.07.12 05:58:33.828,1.77554,1.77591,1.00,1.00
2017.07.12 05:58:33.981,1.77554,1.77589,1.00,1.00
2017.07.12 05:58:34.032,1.7755,1.7759,1.00,1.00
2017.07.12 05:58:34.134,1.7755,1.77595,1.50,1.00
2017.07.12 05:58:34.185,1.77558,1.776,1.00,1.00
2017.07.12 05:58:34.236,1.77558,1.77602,1.00,1.00
2017.07.12 05:58:34.396,1.77569,1.77611,1.00,1.00
2017.07.12 05:58:34.701,1.77565,1.77607,1.00,1.00
2017.07.12 05:58:35.005,1.77563,1.77602,1.00,1.00
2017.07.12 05:58:35.106,1.77563,1.77605,1.00,1.00
2017.07.12 05:58:35.309,1.77565,1.77606,1.00,1.00
2017.07.12 05:58:35.642,1.77563,1.77606,1.00,1.00
2017.07.12 05:58:36.268,1.77563,1.77608,1.00,1.00
2017.07.12 05:58:36.370,1.77563,1.7761,1.00,1.00
2017.07.12 05:58:36.421,1.77566,1.7761,1.00,1.00
2017.07.12 05:58:36.739,1.77571,1.77611,1.00,1.00
2017.07.12 05:58:37.265,1.77572,1.77612,1.00,1.00
2017.07.12 05:58:37.810,1.77574,1.77613,1.00,1.00
2017.07.12 05:58:38.113,1.77574,1.77615,1.00,1.00
2017.07.12 05:58:38.729,1.77575,1.77615,1.00,1.00
2017.07.12 05:58:39.338,1.77575,1.77614,1.00,1.00
2017.07.12 05:58:39.628,1.77575,1.77607,1.00,1.00
2017.07.12 05:58:39.679,1.77575,1.77609,1.00,1.00
2017.07.12 05:58:39.730,1.77571,1.77612,1.00,1.00
2017.07.12 05:58:39.941,1.77571,1.77609,1.00,1.00
2017.07.12 05:58:40.042,1.77567,1.77606,1.00,1.00
2017.07.12 05:58:40.094,1.77563,1.77604,1.00,1.00
2017.07.12 05:58:40.196,1.77565,1.77605,1.00,1.00
2017.07.12 05:58:41.701,1.77566,1.77605,1.00,1.00
2017.07.12 05:58:42.238,1.77569,1.77609,1.00,1.00
2017.07.12 05:58:42.798,1.7757,1.7761,1.00,1.00
2017.07.12 05:58:43.184,1.7757,1.77594,1.00,1.00
2017.07.12 05:58:43.235,1.77568,1.77593,1.00,1.00
2017.07.12 05:58:43.286,1.77565,1.7759,1.00,1.00
2017.07.12 05:58:43.337,1.77544,1.77588,1.12,1.00
2017.07.12 05:58:44.230,1.77545,1.77588,1.00,1.00
2017.07.12 05:58:44.382,1.77545,1.77585,1.00,1.00
2017.07.12 05:58:45.620,1.77545,1.77583,1.00,1.00
2017.07.12 05:58:47.216,1.77545,1.77585,1.00,1.00
2017.07.12 05:58:47.368,1.77545,1.77588,1.00,1.00
2017.07.12 05:58:47.603,1.77549,1.77589,1.00,1.00
2017.07.12 05:58:49.400,1.77549,1.77586,1.00,1.00
2017.07.12 05:58:49.452,1.77547,1.77586,1.00,1.00
2017.07.12 05:58:50.406,1.77545,1.77586,1.50,1.00
2017.07.12 05:58:52.216,1.77545,1.77587,1.00,1.00
2017.07.12 05:58:53.040,1.77545,1.77588,1.50,1.00
2017.07.12 05:58:53.285,1.77545,1.77573,1.50,1.00
2017.07.12 05:58:53.386,1.7754,1.7757,1.37,1.00
2017.07.12 05:58:53.438,1.77532,1.77571,1.00,1.00
2017.07.12 05:58:53.489,1.77532,1.77573,1.00,1.00
2017.07.12 05:58:53.803,1.77532,1.77577,1.00,1.00
2017.07.12 05:58:53.904,1.77536,1.77577,1.00,1.00
2017.07.12 05:58:54.332,1.77538,1.77577,1.00,1.00
2017.07.12 05:58:54.484,1.77538,1.77579,1.00,1.00
2017.07.12 05:58:55.002,1.77538,1.77578,1.00,1.00
2017.07.12 05:58:55.104,1.77538,1.77575,1.00,1.00
2017.07.12 05:58:55.258,1.77533,1.77574,1.00,1.00
2017.07.12 05:58:55.309,1.77533,1.77567,1.00,1.00
2017.07.12 05:58:55.461,1.77531,1.7757,1.00,1.00
2017.07.12 05:58:55.614,1.77529,1.7757,1.00,1.00
2017.07.12 05:58:57.175,1.77529,1.77568,1.00,1.00
2017.07.12 05:58:58.891,1.77529,1.7757,1.00,1.00
2017.07.12 05:58:58.942,1.77531,1.7757,1.00,1.00
2017.07.12 05:58:58.993,1.77531,1.77572,1.00,1.00
2017.07.12 05:58:59.358,1.77535,1.77572,1.00,1.00
2017.07.12 05:58:59.409,1.77535,1.77574,1.00,1.00
2017.07.12 05:58:59.510,1.77535,1.77576,1.00,1.00
2017.07.12 05:59:01.152,1.77535,1.77575,1.00,1.00
2017.07.12 05:59:01.518,1.77535,1.77572,1.00,1.00
2017.07.12 05:59:01.968,1.77532,1.77573,1.00,1.00
2017.07.12 05:59:02.586,1.77532,1.77574,1.00,1.00
2017.07.12 05:59:02.939,1.77527,1.77572,1.00,1.00
2017.07.12 05:59:02.990,1.77527,1.7757,1.00,1.00
2017.07.12 05:59:03.217,1.77527,1.77572,1.00,1.00
2017.07.12 05:59:03.325,1.7753,1.77572,1.00,1.00
2017.07.12 05:59:03.625,1.77528,1.77572,1.00,1.00
2017.07.12 05:59:04.772,1.77528,1.77573,1.00,1.50
2017.07.12 05:59:05.773,1.77528,1.77572,1.00,1.00
2017.07.12 05:59:06.415,1.77527,1.77571,1.00,1.00
2017.07.12 05:59:06.829,1.77525,1.77571,1.00,1.50
2017.07.12 05:59:07.682,1.77525,1.7757,1.00,1.00
2017.07.12 05:59:08.832,1.77523,1.7757,1.00,1.50
2017.07.12 05:59:09.320,1.77523,1.77558,1.00,1.00
2017.07.12 05:59:09.371,1.77519,1.77561,1.00,1.00
2017.07.12 05:59:09.422,1.77519,1.7755,1.00,1.00
2017.07.12 05:59:09.473,1.77508,1.77553,1.75,1.00
2017.07.12 05:59:09.575,1.77512,1.77553,1.00,1.00
2017.07.12 05:59:09.765,1.77512,1.77556,1.00,1.00
2017.07.12 05:59:09.866,1.77517,1.77558,1.00,1.00
2017.07.12 05:59:09.968,1.77514,1.77557,1.00,1.00
2017.07.12 05:59:10.121,1.77514,1.77561,1.00,1.00
2017.07.12 05:59:10.173,1.7752,1.77563,1.00,1.00
2017.07.12 05:59:10.386,1.7752,1.77565,1.00,1.00
2017.07.12 05:59:10.488,1.7752,1.77562,1.00,1.00
2017.07.12 05:59:10.804,1.77519,1.7756,1.00,1.00
2017.07.12 05:59:11.057,1.77511,1.77556,1.00,1.00
2017.07.12 05:59:11.159,1.77516,1.77557,1.00,1.00
2017.07.12 05:59:11.394,1.77516,1.7756,1.00,1.12
2017.07.12 05:59:11.526,1.77516,1.77558,1.00,1.00
2017.07.12 05:59:12.283,1.77518,1.77558,1.00,1.00
2017.07.12 05:59:12.441,1.77516,1.77558,1.00,1.00
2017.07.12 05:59:12.670,1.77516,1.77562,1.00,1.37
2017.07.12 05:59:12.772,1.77519,1.77556,1.00,1.00
2017.07.12 05:59:12.875,1.77515,1.77556,1.00,1.00
2017.07.12 05:59:13.325,1.77515,1.77554,1.00,1.00
2017.07.12 05:59:13.376,1.77515,1.77556,1.00,1.00
2017.07.12 05:59:13.427,1.77516,1.77562,1.00,1.00
2017.07.12 05:59:13.478,1.77516,1.7756,1.00,1.00
2017.07.12 05:59:13.799,1.7752,1.77563,1.00,2.25
2017.07.12 05:59:14.153,1.77515,1.7756,1.00,1.87
2017.07.12 05:59:14.205,1.77513,1.77556,1.00,1.00
2017.07.12 05:59:14.256,1.77511,1.77555,1.00,1.50
2017.07.12 05:59:14.357,1.77509,1.77554,1.00,1.00
2017.07.12 05:59:14.560,1.77507,1.77553,1.00,1.00
2017.07.12 05:59:14.956,1.77506,1.77551,1.00,1.00
2017.07.12 05:59:15.159,1.77501,1.77549,1.00,1.87
2017.07.12 05:59:15.211,1.77501,1.77549,1.00,1.50
2017.07.12 05:59:15.262,1.775,1.77545,1.00,1.00
2017.07.12 05:59:15.794,1.77499,1.77543,1.00,1.00
2017.07.12 05:59:16.235,1.77497,1.7754,1.00,1.00
2017.07.12 05:59:16.992,1.77497,1.77541,1.00,1.50
2017.07.12 05:59:18.080,1.77495,1.77541,1.00,1.50
2017.07.12 05:59:18.232,1.77495,1.77539,1.00,1.00
2017.07.12 05:59:19.255,1.77495,1.77538,1.00,1.00
2017.07.12 05:59:20.056,1.77493,1.77537,1.00,1.00
2017.07.12 05:59:20.632,1.77493,1.77536,1.00,1.00
2017.07.12 05:59:21.303,1.77492,1.77536,1.00,1.00
2017.07.12 05:59:24.206,1.77495,1.77536,1.00,1.00
2017.07.12 05:59:24.614,1.77493,1.77536,1.00,1.00
2017.07.12 05:59:25.045,1.7749,1.77536,1.00,1.00
2017.07.12 05:59:25.210,1.7749,1.77533,1.00,1.00
2017.07.12 05:59:25.514,1.7749,1.77529,1.00,1.00
2017.07.12 05:59:25.666,1.77494,1.77538,1.00,1.00
2017.07.12 05:59:25.957,1.77495,1.77535,1.00,1.00
2017.07.12 05:59:26.262,1.77495,1.77537,1.00,1.00
2017.07.12 05:59:26.770,1.77497,1.77538,1.00,1.00
2017.07.12 05:59:26.973,1.77498,1.7754,1.00,1.00
2017.07.12 05:59:27.483,1.77497,1.7754,1.00,1.00
2017.07.12 05:59:27.719,1.77494,1.7754,1.00,1.50
2017.07.12 05:59:28.079,1.77496,1.7754,1.00,1.50
2017.07.12 05:59:28.393,1.77496,1.77538,1.00,1.00
2017.07.12 05:59:28.883,1.77494,1.7754,1.00,1.00
2017.07.12 05:59:30.115,1.77494,1.77537,1.00,1.00
2017.07.12 05:59:30.463,1.77489,1.77534,1.00,1.00
2017.07.12 05:59:30.871,1.77487,1.77532,1.00,1.00
2017.07.12 05:59:30.922,1.77487,1.77534,1.00,1.50
2017.07.12 05:59:30.974,1.77487,1.77532,1.00,1.00
2017.07.12 05:59:31.542,1.77487,1.77534,1.00,1.00
2017.07.12 05:59:31.593,1.77493,1.77535,1.00,1.00
2017.07.12 05:59:31.796,1.77489,1.77534,1.00,1.00
2017.07.12 05:59:31.872,1.77489,1.77532,1.00,1.00
2017.07.12 05:59:32.467,1.77488,1.77531,1.00,1.00
2017.07.12 05:59:33.071,1.77488,1.77532,1.00,1.00
2017.07.12 05:59:33.795,1.77488,1.7753,1.00,1.00
2017.07.12 05:59:34.508,1.77487,1.7753,1.00,1.00
2017.07.12 05:59:37.758,1.77487,1.77533,1.00,1.00
2017.07.12 05:59:38.072,1.7749,1.77533,1.00,1.00
2017.07.12 05:59:38.516,1.77492,1.77534,1.00,1.00
2017.07.12 05:59:38.720,1.77489,1.77532,1.00,1.00
2017.07.12 05:59:38.974,1.77487,1.77532,1.00,1.00
2017.07.12 05:59:39.297,1.77485,1.77529,1.00,1.00
2017.07.12 05:59:39.895,1.77485,1.7753,1.00,1.00
2017.07.12 05:59:40.584,1.77487,1.7753,1.00,1.00
2017.07.12 05:59:42.338,1.77487,1.77533,1.00,1.12
2017.07.12 05:59:42.678,1.7749,1.77536,1.00,2.25
2017.07.12 05:59:44.116,1.77493,1.77536,1.00,1.00
2017.07.12 05:59:44.318,1.7749,1.77536,1.00,1.00
2017.07.12 05:59:44.380,1.77484,1.77536,1.00,1.00
2017.07.12 05:59:45.680,1.77484,1.77534,1.00,1.00
2017.07.12 05:59:46.018,1.77484,1.77536,1.00,1.00
2017.07.12 05:59:46.190,1.77486,1.77536,1.00,1.50
2017.07.12 05:59:46.724,1.77486,1.77537,1.00,1.50
2017.07.12 05:59:46.992,1.77483,1.77535,1.00,1.00
2017.07.12 05:59:47.093,1.77486,1.77536,1.00,1.50
2017.07.12 05:59:47.144,1.77483,1.77535,1.00,1.00
2017.07.12 05:59:47.195,1.77482,1.77532,1.00,1.00
2017.07.12 05:59:47.408,1.77484,1.77537,1.00,1.50
2017.07.12 05:59:47.459,1.77486,1.77536,1.00,1.50
2017.07.12 05:59:48.146,1.77487,1.77536,1.00,1.00
2017.07.12 05:59:48.197,1.77486,1.7754,1.00,1.12
2017.07.12 05:59:48.248,1.77488,1.77539,1.00,1.00
2017.07.12 05:59:49.868,1.77488,1.77541,1.00,1.00
2017.07.12 05:59:50.172,1.77488,1.77539,1.00,1.00
2017.07.12 05:59:50.700,1.77487,1.77538,1.00,1.00
2017.07.12 05:59:51.240,1.77487,1.77537,1.00,1.00
2017.07.12 05:59:51.569,1.77485,1.77535,1.50,1.00
2017.07.12 05:59:55.065,1.77484,1.77534,1.50,1.00
2017.07.12 05:59:55.116,1.77488,1.77541,1.00,1.50
2017.07.12 05:59:56.272,1.77489,1.77541,1.00,1.00
2017.07.12 05:59:56.324,1.77488,1.77534,1.00,1.00
2017.07.12 05:59:57.285,1.77488,1.77535,1.00,1.00
2017.07.12 05:59:57.985,1.77491,1.77535,1.00,1.00
2017.07.12 05:59:58.036,1.77489,1.77535,1.00,1.00
2017.07.12 05:59:58.138,1.77484,1.77535,1.00,1.00
2017.07.12 05:59:58.189,1.77486,1.77535,1.00,1.00
2017.07.12 05:59:58.240,1.77482,1.77535,1.00,1.50
2017.07.12 05:59:58.291,1.77485,1.77535,1.00,1.50
2017.07.12 05:59:58.599,1.77482,1.77529,1.00,1.00
2017.07.12 05:59:58.853,1.77478,1.77528,1.00,1.87
2017.07.12 05:59:58.905,1.77479,1.77521,1.00,1.00
2017.07.12 05:59:59.120,1.77482,1.77531,1.00,1.09
2017.07.12 05:59:59.171,1.77485,1.77531,1.00,1.09
2017.07.12 05:59:59.632,1.77486,1.77533,1.00,1.00
2017.07.12 05:59:59.835,1.77488,1.77533,1.00,1.00
