2013.05.23 06:00:00.208,1.87556,1.87613,1.50,1.32
2013.05.23 06:00:00.833,1.87569,1.87613,1.50,1.32
2013.05.23 06:00:01.750,1.87568,1.87623,2.25,1.32
2013.05.23 06:00:02.193,1.87573,1.87625,1.50,1.32
2013.05.23 06:00:02.321,1.87573,1.87625,1.50,1.32
2013.05.23 06:00:02.441,1.87573,1.87625,1.50,1.32
2013.05.23 06:00:02.801,1.87582,1.87625,1.50,1.13
2013.05.23 06:00:02.920,1.87582,1.87632,1.50,2.63
2013.05.23 06:00:03.110,1.87582,1.87625,1.50,1.13
2013.05.23 06:00:03.291,1.87576,1.87626,1.69,1.13
2013.05.23 06:00:03.350,1.87572,1.87626,2.44,1.13
2013.05.23 06:00:03.541,1.87573,1.87626,1.69,1.13
2013.05.23 06:00:04.099,1.8757,1.87626,1.69,1.13
2013.05.23 06:00:04.473,1.87567,1.87624,3.19,1.13
2013.05.23 06:00:04.540,1.87574,1.87624,1.69,1.32
2013.05.23 06:00:04.842,1.87577,1.87629,1.50,2.44
2013.05.23 06:00:04.960,1.87582,1.87639,1.69,1.13
2013.05.23 06:00:05.501,1.87585,1.87639,2.44,1.32
2013.05.23 06:00:06.090,1.87585,1.87642,3.19,1.32
2013.05.23 06:00:07.782,1.87585,1.87642,2.44,1.32
2013.05.23 06:00:08.490,1.87589,1.87646,1.69,1.32
2013.05.23 06:00:09.610,1.8759,1.87646,1.69,1.32
2013.05.23 06:00:10.710,1.87591,1.87648,1.69,1.32
2013.05.23 06:00:11.470,1.87597,1.87648,1.69,1.32
2013.05.23 06:00:11.650,1.87597,1.87647,2.44,1.13
2013.05.23 06:00:12.070,1.876,1.8766,1.69,1.65
2013.05.23 06:00:13.631,1.876,1.8766,1.69,1.65
2013.05.23 06:00:13.932,1.87603,1.87663,1.69,2.44
2013.05.23 06:00:16.012,1.8761,1.87666,1.69,2.44
2013.05.23 06:00:16.382,1.8761,1.87663,1.69,1.13
2013.05.23 06:00:16.439,1.8761,1.87663,1.69,1.32
2013.05.23 06:00:16.780,1.8761,1.87668,1.69,1.32
2013.05.23 06:00:17.239,1.87609,1.87666,1.69,1.32
2013.05.23 06:00:17.419,1.87612,1.87675,1.69,2.44
2013.05.23 06:00:18.519,1.87616,1.87679,2.44,2.44
2013.05.23 06:00:18.849,1.87628,1.87683,1.32,2.44
2013.05.23 06:00:19.043,1.87621,1.87682,2.44,1.69
2013.05.23 06:00:19.160,1.87621,1.8768,2.44,1.69
2013.05.23 06:00:19.400,1.87613,1.87671,1.69,1.32
2013.05.23 06:00:20.603,1.87611,1.87671,1.69,2.07
2013.05.23 06:00:21.621,1.8761,1.87671,2.44,2.07
2013.05.23 06:00:23.981,1.87605,1.87665,1.69,1.69
2013.05.23 06:00:25.990,1.87602,1.87658,1.69,1.69
2013.05.23 06:00:26.350,1.87583,1.87641,2.44,2.07
2013.05.23 06:00:26.530,1.87571,1.87634,2.44,1.69
2013.05.23 06:00:26.890,1.87579,1.87638,1.50,2.44
2013.05.23 06:00:27.249,1.87586,1.87638,1.50,2.44
2013.05.23 06:00:27.931,1.87576,1.87634,1.69,1.69
2013.05.23 06:00:28.009,1.87573,1.8763,2.25,1.88
2013.05.23 06:00:28.200,1.87567,1.87627,1.69,1.69
2013.05.23 06:00:28.321,1.87565,1.8762,1.69,1.69
2013.05.23 06:00:28.859,1.8757,1.87627,1.69,1.32
2013.05.23 06:00:29.532,1.87563,1.87622,2.44,1.32
2013.05.23 06:00:30.439,1.87557,1.87618,2.44,1.69
2013.05.23 06:00:30.681,1.87557,1.87618,2.44,1.69
2013.05.23 06:00:31.976,1.87561,1.87622,1.69,1.32
2013.05.23 06:00:32.629,1.87553,1.8761,3.19,2.44
2013.05.23 06:00:34.150,1.87554,1.87607,1.32,1.69
2013.05.23 06:00:34.509,1.87557,1.87612,1.69,1.69
2013.05.23 06:00:34.879,1.87565,1.87621,1.50,2.44
2013.05.23 06:00:34.939,1.87565,1.87625,1.69,1.69
2013.05.23 06:00:36.829,1.87569,1.87628,1.69,1.69
2013.05.23 06:00:37.332,1.87569,1.87618,1.69,1.50
2013.05.23 06:00:37.641,1.87562,1.87611,2.44,1.50
2013.05.23 06:00:38.039,1.87562,1.87615,2.44,1.50
2013.05.23 06:00:38.099,1.87562,1.87618,2.44,2.25
2013.05.23 06:00:38.279,1.87554,1.87618,3.19,2.44
2013.05.23 06:00:39.262,1.87554,1.87605,2.44,1.50
2013.05.23 06:00:39.388,1.87548,1.87605,2.44,2.25
2013.05.23 06:00:39.511,1.87548,1.87601,2.44,1.50
2013.05.23 06:00:39.750,1.87539,1.87598,1.32,1.69
2013.05.23 06:00:39.990,1.87534,1.87591,2.44,1.50
2013.05.23 06:00:40.049,1.87514,1.87573,1.69,1.69
2013.05.23 06:00:40.169,1.87511,1.8757,1.69,1.69
2013.05.23 06:00:40.229,1.87508,1.87569,1.69,1.69
2013.05.23 06:00:40.773,1.87508,1.87569,1.50,1.69
2013.05.23 06:00:40.901,1.87505,1.87567,1.50,1.69
2013.05.23 06:00:41.022,1.87491,1.87553,1.69,1.50
2013.05.23 06:00:41.465,1.87491,1.87551,1.69,1.32
2013.05.23 06:00:41.971,1.87488,1.87551,2.44,1.32
2013.05.23 06:00:42.518,1.87485,1.87546,2.44,1.32
2013.05.23 06:00:42.841,1.87478,1.87534,2.44,1.50
2013.05.23 06:00:42.961,1.8748,1.87541,1.69,2.14
2013.05.23 06:00:43.470,1.87475,1.8753,1.69,1.69
2013.05.23 06:00:43.830,1.87484,1.87531,1.50,1.32
2013.05.23 06:00:45.547,1.87475,1.87532,1.69,1.32
2013.05.23 06:00:45.609,1.87472,1.87532,2.44,1.32
2013.05.23 06:00:46.145,1.87472,1.87524,1.69,1.13
2013.05.23 06:00:46.211,1.87472,1.87528,1.69,1.69
2013.05.23 06:00:46.330,1.87474,1.87531,1.69,1.69
2013.05.23 06:00:46.761,1.87474,1.87529,1.69,1.69
2013.05.23 06:00:47.060,1.87466,1.87522,2.44,1.32
2013.05.23 06:00:47.240,1.87476,1.87522,1.50,1.32
2013.05.23 06:00:47.869,1.87468,1.87522,1.69,1.32
2013.05.23 06:00:48.050,1.87462,1.87522,1.50,1.32
2013.05.23 06:00:48.109,1.87464,1.87522,1.50,1.32
2013.05.23 06:00:48.229,1.87468,1.87522,1.50,1.32
2013.05.23 06:00:48.508,1.87463,1.87522,1.50,1.32
2013.05.23 06:00:48.570,1.87461,1.87522,2.25,1.32
2013.05.23 06:00:49.240,1.87461,1.87522,2.25,1.32
2013.05.23 06:00:49.299,1.8747,1.87522,1.50,1.32
2013.05.23 06:00:49.824,1.87467,1.87522,1.50,1.32
2013.05.23 06:00:49.890,1.87466,1.87522,1.50,1.32
2013.05.23 06:00:50.413,1.87466,1.87522,1.50,1.32
2013.05.23 06:00:51.060,1.87457,1.8752,2.44,1.69
2013.05.23 06:00:51.627,1.87457,1.8752,2.44,1.69
2013.05.23 06:00:52.210,1.8746,1.87515,1.13,1.32
2013.05.23 06:00:53.716,1.87452,1.87504,1.32,1.32
2013.05.23 06:00:54.310,1.8745,1.87504,1.69,1.32
2013.05.23 06:00:54.623,1.8745,1.87502,1.69,1.32
2013.05.23 06:00:54.944,1.87452,1.87501,1.13,1.32
2013.05.23 06:00:55.190,1.8745,1.87502,1.69,1.32
2013.05.23 06:00:55.722,1.87449,1.87508,1.69,2.44
2013.05.23 06:00:56.161,1.87441,1.87504,2.44,1.69
2013.05.23 06:00:56.712,1.87447,1.87508,2.44,1.69
2013.05.23 06:00:56.940,1.87452,1.87508,1.50,1.69
2013.05.23 06:00:57.259,1.87453,1.87514,1.50,2.44
2013.05.23 06:00:58.471,1.87463,1.87518,1.69,1.88
2013.05.23 06:00:58.530,1.87467,1.87526,1.13,3.19
2013.05.23 06:00:58.590,1.87473,1.87529,1.32,1.69
2013.05.23 06:00:58.770,1.87475,1.87535,1.69,1.69
2013.05.23 06:00:59.379,1.87472,1.87522,1.50,1.32
2013.05.23 06:00:59.742,1.87459,1.87522,2.44,1.69
2013.05.23 06:00:59.980,1.87466,1.87524,1.50,2.44
2013.05.23 06:01:00.729,1.87466,1.87527,2.44,1.69
2013.05.23 06:01:02.713,1.87468,1.87527,1.32,1.69
2013.05.23 06:01:03.070,1.87477,1.87533,1.50,2.44
2013.05.23 06:01:04.242,1.87478,1.87538,1.69,3.19
2013.05.23 06:01:05.160,1.87478,1.87538,1.50,3.19
2013.05.23 06:01:06.112,1.87477,1.87537,1.69,1.69
2013.05.23 06:01:07.550,1.87477,1.87537,1.69,1.69
2013.05.23 06:01:07.910,1.8748,1.87538,1.69,1.69
2013.05.23 06:01:08.222,1.87485,1.87539,1.50,2.44
2013.05.23 06:01:08.781,1.87483,1.87539,2.25,2.44
2013.05.23 06:01:08.853,1.87483,1.87539,1.50,2.44
2013.05.23 06:01:09.490,1.87483,1.87541,1.69,1.69
2013.05.23 06:01:10.660,1.87481,1.87541,1.69,1.69
2013.05.23 06:01:11.584,1.87475,1.87536,1.69,1.69
2013.05.23 06:01:11.890,1.87468,1.87525,1.32,1.50
2013.05.23 06:01:12.384,1.87468,1.87525,1.32,1.50
2013.05.23 06:01:12.467,1.87463,1.87519,1.32,1.69
2013.05.23 06:01:12.911,1.87463,1.87519,1.32,1.69
2013.05.23 06:01:13.330,1.87469,1.87524,1.32,1.69
2013.05.23 06:01:13.570,1.87471,1.87531,1.32,1.69
2013.05.23 06:01:13.690,1.87471,1.87531,1.32,1.69
2013.05.23 06:01:13.750,1.87471,1.87531,1.32,1.69
2013.05.23 06:01:14.503,1.87477,1.87536,1.32,1.69
2013.05.23 06:01:16.431,1.87479,1.87537,1.32,2.44
2013.05.23 06:01:17.020,1.87479,1.87537,1.32,1.69
2013.05.23 06:01:18.632,1.87483,1.8754,1.32,1.69
2013.05.23 06:01:22.671,1.87479,1.87537,1.32,1.69
2013.05.23 06:01:23.791,1.87479,1.87537,1.32,1.69
2013.05.23 06:01:25.071,1.87477,1.87537,2.07,2.44
2013.05.23 06:01:27.889,1.87479,1.87537,1.32,2.44
2013.05.23 06:01:29.651,1.87479,1.87528,1.32,1.69
2013.05.23 06:01:29.712,1.87475,1.87529,1.32,1.69
2013.05.23 06:01:30.010,1.87468,1.87521,1.69,1.13
2013.05.23 06:01:30.506,1.87466,1.87521,2.44,2.44
2013.05.23 06:01:30.915,1.87463,1.87521,1.32,3.38
2013.05.23 06:01:31.392,1.87461,1.87518,1.32,1.13
2013.05.23 06:01:32.459,1.8746,1.87515,1.32,1.13
2013.05.23 06:01:33.900,1.8746,1.87518,1.32,1.69
2013.05.23 06:01:34.214,1.87464,1.87519,1.32,2.44
2013.05.23 06:01:34.280,1.87463,1.87519,1.32,2.44
2013.05.23 06:01:35.059,1.87455,1.87514,1.69,1.13
2013.05.23 06:01:38.261,1.87457,1.87514,1.32,1.69
2013.05.23 06:01:38.321,1.87456,1.87514,1.69,1.69
2013.05.23 06:01:38.680,1.87466,1.87521,2.25,2.44
2013.05.23 06:01:40.752,1.87459,1.87521,1.69,1.69
2013.05.23 06:01:41.631,1.87465,1.87522,2.44,1.32
2013.05.23 06:01:41.951,1.87468,1.87521,1.50,2.82
2013.05.23 06:01:42.011,1.87471,1.87527,1.69,1.69
2013.05.23 06:01:42.490,1.87479,1.87534,1.50,2.44
2013.05.23 06:01:43.704,1.87479,1.8754,2.44,1.88
2013.05.23 06:01:44.783,1.87472,1.87533,1.69,2.07
2013.05.23 06:01:45.425,1.87471,1.87532,1.69,1.69
2013.05.23 06:01:45.506,1.87466,1.87527,2.44,2.44
2013.05.23 06:01:45.754,1.8746,1.87522,1.69,1.32
2013.05.23 06:01:46.822,1.8746,1.87522,1.69,1.32
2013.05.23 06:01:47.200,1.8746,1.87522,1.69,1.32
2013.05.23 06:01:47.502,1.8746,1.87521,1.69,1.69
2013.05.23 06:01:47.951,1.8746,1.87521,1.69,3.19
2013.05.23 06:01:48.662,1.87467,1.87521,1.50,3.19
2013.05.23 06:01:48.962,1.87468,1.8753,3.19,1.69
2013.05.23 06:01:50.635,1.8747,1.87522,1.32,1.32
2013.05.23 06:01:53.262,1.87475,1.87521,1.13,1.32
2013.05.23 06:01:53.620,1.87479,1.87538,1.69,2.07
2013.05.23 06:01:53.681,1.87482,1.87542,1.69,1.32
2013.05.23 06:01:53.860,1.87482,1.87538,1.69,1.32
2013.05.23 06:01:53.982,1.87481,1.87538,1.69,1.13
2013.05.23 06:01:54.280,1.87484,1.87544,1.69,1.69
2013.05.23 06:01:54.703,1.8749,1.87551,1.69,1.32
2013.05.23 06:01:54.760,1.87499,1.87558,1.69,2.44
2013.05.23 06:01:56.906,1.87499,1.87558,1.69,2.44
2013.05.23 06:01:58.069,1.87499,1.87552,1.69,1.32
2013.05.23 06:01:58.670,1.87502,1.87552,1.50,1.32
2013.05.23 06:01:59.030,1.87504,1.87555,1.50,2.44
2013.05.23 06:02:00.345,1.87504,1.87561,2.44,1.13
2013.05.23 06:02:02.191,1.87504,1.87563,1.69,1.69
2013.05.23 06:02:06.213,1.87504,1.87562,1.69,2.82
2013.05.23 06:02:07.239,1.87507,1.87562,1.50,2.44
2013.05.23 06:02:07.598,1.8751,1.87562,1.50,2.44
2013.05.23 06:02:08.740,1.8751,1.87562,1.50,1.32
2013.05.23 06:02:09.109,1.87512,1.87563,1.50,2.44
2013.05.23 06:02:10.578,1.87516,1.87563,1.50,2.44
2013.05.23 06:02:10.660,1.87504,1.87566,1.69,3.19
2013.05.23 06:02:13.580,1.87504,1.87564,1.69,1.69
2013.05.23 06:02:14.650,1.87499,1.87562,1.69,1.69
2013.05.23 06:02:16.173,1.87505,1.87563,1.69,2.44
2013.05.23 06:02:16.480,1.87513,1.87572,1.69,1.32
2013.05.23 06:02:17.019,1.87518,1.87574,2.44,2.44
2013.05.23 06:02:17.332,1.8752,1.87574,1.50,2.44
2013.05.23 06:02:17.391,1.87521,1.8758,1.69,1.69
2013.05.23 06:02:18.530,1.87518,1.87577,1.69,2.44
2013.05.23 06:02:18.891,1.87519,1.8756,1.32,1.50
2013.05.23 06:02:20.095,1.87507,1.87559,1.69,1.69
2013.05.23 06:02:20.181,1.87487,1.8754,1.32,1.69
2013.05.23 06:02:20.246,1.87489,1.8754,1.13,1.50
2013.05.23 06:02:20.380,1.87489,1.87548,1.13,1.69
2013.05.23 06:02:20.631,1.87486,1.87546,1.32,3.19
2013.05.23 06:02:22.335,1.87483,1.87539,1.32,1.69
2013.05.23 06:02:24.290,1.87482,1.87541,1.69,1.69
2013.05.23 06:02:24.771,1.87481,1.8754,1.69,1.69
2013.05.23 06:02:25.131,1.87475,1.87537,1.69,1.69
2013.05.23 06:02:26.875,1.87471,1.87533,1.69,1.69
2013.05.23 06:02:28.342,1.87471,1.87534,1.69,3.19
2013.05.23 06:02:30.415,1.87471,1.87531,1.69,1.69
2013.05.23 06:02:31.571,1.87471,1.87534,1.69,3.19
2013.05.23 06:02:32.641,1.87478,1.87541,1.69,2.44
2013.05.23 06:02:36.190,1.8748,1.87535,2.44,2.25
2013.05.23 06:02:36.550,1.87481,1.87539,1.69,1.69
2013.05.23 06:02:36.730,1.87481,1.87541,1.69,1.69
2013.05.23 06:02:36.851,1.87481,1.87539,1.69,1.69
2013.05.23 06:02:37.251,1.8748,1.87534,2.44,2.25
2013.05.23 06:02:38.130,1.87478,1.87534,2.44,2.25
2013.05.23 06:02:39.042,1.87479,1.87537,2.07,1.69
2013.05.23 06:02:39.100,1.87479,1.8754,1.69,2.44
2013.05.23 06:02:39.515,1.87484,1.8754,2.44,2.25
2013.05.23 06:02:40.220,1.87484,1.8754,2.44,2.25
2013.05.23 06:02:44.303,1.87483,1.87533,2.44,1.50
2013.05.23 06:02:44.660,1.87483,1.87528,2.44,1.50
2013.05.23 06:02:45.530,1.8748,1.87534,2.44,1.50
2013.05.23 06:02:45.710,1.8748,1.87526,2.44,1.50
2013.05.23 06:02:46.491,1.87461,1.87504,2.44,1.13
2013.05.23 06:02:46.731,1.87462,1.87507,1.28,1.50
2013.05.23 06:02:47.211,1.87465,1.87516,1.32,2.25
2013.05.23 06:02:47.792,1.87465,1.87516,1.32,2.25
2013.05.23 06:02:49.190,1.87465,1.87516,1.32,2.25
2013.05.23 06:02:50.385,1.87465,1.87516,1.32,2.25
2013.05.23 06:02:51.467,1.87469,1.87513,1.32,1.50
2013.05.23 06:02:51.771,1.87468,1.87504,1.32,1.50
2013.05.23 06:02:51.831,1.87455,1.875,1.77,1.13
2013.05.23 06:02:52.310,1.87455,1.87498,1.77,1.50
2013.05.23 06:02:52.921,1.87454,1.87498,1.77,1.50
2013.05.23 06:02:54.341,1.87454,1.87498,1.77,1.13
2013.05.23 06:02:55.116,1.87454,1.87498,1.77,1.13
2013.05.23 06:02:57.940,1.87454,1.87498,1.77,1.13
2013.05.23 06:03:00.490,1.87453,1.87491,1.02,1.13
2013.05.23 06:03:01.206,1.87446,1.87498,1.77,1.69
2013.05.23 06:03:01.332,1.87446,1.87498,1.77,1.32
2013.05.23 06:03:05.172,1.87446,1.87498,1.77,1.32
2013.05.23 06:03:06.400,1.87446,1.87498,1.77,1.13
2013.05.23 06:03:09.040,1.87446,1.87494,1.77,1.13
2013.05.23 06:03:10.399,1.87446,1.87494,1.77,1.13
2013.05.23 06:03:10.520,1.87446,1.87494,1.77,1.13
2013.05.23 06:03:11.810,1.87444,1.87494,3.27,1.13
2013.05.23 06:03:12.365,1.87448,1.87494,1.77,1.13
2013.05.23 06:03:13.395,1.87448,1.875,1.77,1.13
2013.05.23 06:03:13.460,1.87448,1.875,1.77,1.13
2013.05.23 06:03:13.820,1.87444,1.8749,2.44,2.22
2013.05.23 06:03:14.440,1.87434,1.87482,1.32,1.47
2013.05.23 06:03:16.274,1.87436,1.8749,1.69,2.40
2013.05.23 06:03:16.839,1.87436,1.87496,1.69,1.65
2013.05.23 06:03:17.771,1.87436,1.87496,1.69,1.65
2013.05.23 06:03:19.437,1.87436,1.87496,1.69,1.65
2013.05.23 06:03:19.964,1.87433,1.87491,2.07,1.65
2013.05.23 06:03:20.870,1.87433,1.87491,1.32,1.65
2013.05.23 06:03:21.614,1.87436,1.87497,1.69,1.65
2013.05.23 06:03:22.058,1.87442,1.87497,2.44,1.13
2013.05.23 06:03:22.531,1.87442,1.87499,2.44,1.50
2013.05.23 06:03:23.180,1.87443,1.87501,1.69,1.32
2013.05.23 06:03:23.713,1.87444,1.87501,1.32,1.32
2013.05.23 06:03:24.220,1.87448,1.87501,1.69,1.32
2013.05.23 06:03:24.340,1.87455,1.87501,2.44,1.13
2013.05.23 06:03:25.432,1.87463,1.87522,1.69,1.32
2013.05.23 06:03:25.594,1.87465,1.87522,2.44,1.32
2013.05.23 06:03:26.100,1.8747,1.87524,1.69,1.32
2013.05.23 06:03:26.673,1.87472,1.87532,1.69,1.32
2013.05.23 06:03:27.184,1.87473,1.87532,1.32,1.32
2013.05.23 06:03:29.392,1.87478,1.87532,1.32,1.32
2013.05.23 06:03:31.750,1.87478,1.87534,2.07,1.69
2013.05.23 06:03:31.992,1.87488,1.8754,1.32,2.25
2013.05.23 06:03:32.640,1.87489,1.87541,1.32,1.32
2013.05.23 06:03:32.820,1.87491,1.87541,1.32,2.07
2013.05.23 06:03:33.372,1.8749,1.87538,1.32,1.13
2013.05.23 06:03:34.889,1.8749,1.87547,1.32,1.32
2013.05.23 06:03:36.397,1.87487,1.87547,1.69,1.32
2013.05.23 06:03:36.935,1.87487,1.87547,1.69,1.32
2013.05.23 06:03:39.183,1.87487,1.87547,1.69,1.32
2013.05.23 06:03:41.143,1.87484,1.8754,1.32,1.13
2013.05.23 06:03:41.770,1.87483,1.87543,3.15,1.88
2013.05.23 06:03:41.831,1.87484,1.87543,1.32,1.88
2013.05.23 06:03:45.771,1.87484,1.8754,1.32,1.13
2013.05.23 06:03:46.721,1.87483,1.8754,1.28,1.13
2013.05.23 06:03:47.392,1.87488,1.87547,1.69,1.13
2013.05.23 06:03:48.731,1.87495,1.87554,1.69,1.13
2013.05.23 06:03:49.033,1.87507,1.87559,1.69,1.13
2013.05.23 06:03:49.160,1.87513,1.8757,1.69,2.07
2013.05.23 06:03:49.520,1.87523,1.87582,1.69,1.32
2013.05.23 06:03:49.581,1.87523,1.87582,1.69,1.32
2013.05.23 06:03:51.351,1.87523,1.87582,1.69,1.32
2013.05.23 06:03:53.661,1.87522,1.87583,1.69,1.32
2013.05.23 06:03:55.740,1.87522,1.87583,1.69,1.32
2013.05.23 06:03:56.100,1.87519,1.87576,1.69,1.32
2013.05.23 06:03:58.862,1.87511,1.87571,1.69,1.32
2013.05.23 06:04:00.110,1.87514,1.87572,2.44,1.32
2013.05.23 06:04:00.801,1.87517,1.87572,1.69,1.32
2013.05.23 06:04:01.689,1.87517,1.87573,1.69,1.32
2013.05.23 06:04:02.809,1.8752,1.87578,2.44,1.32
2013.05.23 06:04:03.540,1.87521,1.87578,1.69,1.32
2013.05.23 06:04:04.072,1.8752,1.87578,2.44,1.32
2013.05.23 06:04:04.430,1.8752,1.87578,2.44,1.32
2013.05.23 06:04:05.107,1.87523,1.87579,1.69,1.32
2013.05.23 06:04:05.700,1.87526,1.87579,1.69,1.32
2013.05.23 06:04:06.012,1.87529,1.87586,1.69,2.07
2013.05.23 06:04:06.311,1.87542,1.876,1.69,2.07
2013.05.23 06:04:06.819,1.87543,1.876,1.69,1.32
2013.05.23 06:04:07.492,1.87541,1.87599,1.69,2.07
2013.05.23 06:04:08.480,1.87539,1.87598,1.69,1.32
2013.05.23 06:04:09.972,1.8754,1.87598,1.69,1.32
2013.05.23 06:04:11.720,1.87539,1.87596,1.69,1.32
2013.05.23 06:04:12.021,1.87539,1.87593,1.69,1.32
2013.05.23 06:04:12.201,1.87528,1.87584,1.69,1.32
2013.05.23 06:04:12.320,1.87527,1.87584,1.69,1.32
2013.05.23 06:04:13.222,1.87525,1.87582,1.69,1.32
2013.05.23 06:04:14.261,1.87526,1.87584,1.69,1.32
2013.05.23 06:04:14.481,1.87526,1.87584,1.69,1.13
2013.05.23 06:04:14.800,1.87526,1.87584,1.69,1.13
2013.05.23 06:04:15.430,1.87525,1.8758,2.44,1.13
2013.05.23 06:04:16.434,1.87521,1.87578,1.69,1.13
2013.05.23 06:04:17.491,1.87516,1.87573,1.69,1.13
2013.05.23 06:04:17.850,1.87507,1.8756,1.69,1.50
2013.05.23 06:04:18.238,1.87492,1.87549,2.44,1.13
2013.05.23 06:04:19.372,1.87491,1.87549,1.69,1.32
2013.05.23 06:04:19.842,1.875,1.87559,1.69,1.32
2013.05.23 06:04:22.691,1.87492,1.87553,1.69,1.69
2013.05.23 06:04:24.470,1.87495,1.87553,1.69,1.69
2013.05.23 06:04:24.835,1.87491,1.87549,1.69,1.13
2013.05.23 06:04:24.960,1.87498,1.87552,1.69,1.69
2013.05.23 06:04:27.960,1.87502,1.87562,1.69,1.32
2013.05.23 06:04:29.051,1.87498,1.87557,2.44,1.13
2013.05.23 06:04:29.678,1.87496,1.87557,1.69,1.32
2013.05.23 06:04:30.890,1.87497,1.87557,2.44,1.32
2013.05.23 06:04:30.950,1.875,1.8756,1.69,1.69
2013.05.23 06:04:31.370,1.87509,1.8757,2.82,1.69
2013.05.23 06:04:31.801,1.87514,1.87574,1.69,1.13
2013.05.23 06:04:31.982,1.87514,1.87576,1.69,1.69
2013.05.23 06:04:32.252,1.87514,1.87576,1.69,2.44
2013.05.23 06:04:32.610,1.87508,1.87568,1.69,1.13
2013.05.23 06:04:33.349,1.87513,1.87574,1.69,1.88
2013.05.23 06:04:33.630,1.87513,1.87574,1.69,2.07
2013.05.23 06:04:33.841,1.87513,1.87574,1.69,2.07
2013.05.23 06:04:34.361,1.87506,1.87565,1.69,1.13
2013.05.23 06:04:35.066,1.87506,1.87565,2.07,1.32
2013.05.23 06:04:35.782,1.87506,1.87565,2.07,1.32
2013.05.23 06:04:36.311,1.87506,1.87565,1.69,1.32
2013.05.23 06:04:36.954,1.87506,1.87565,1.69,1.32
2013.05.23 06:04:40.304,1.87511,1.8757,1.69,1.32
2013.05.23 06:04:40.841,1.87511,1.87571,1.69,2.07
2013.05.23 06:04:41.850,1.87509,1.87567,1.69,1.32
2013.05.23 06:04:42.190,1.87511,1.87571,1.69,2.07
2013.05.23 06:04:42.511,1.87517,1.87571,2.25,1.32
2013.05.23 06:04:43.420,1.87518,1.87575,1.69,1.32
2013.05.23 06:04:44.749,1.87517,1.87573,2.44,1.32
2013.05.23 06:04:46.520,1.87517,1.87572,2.44,1.32
2013.05.23 06:04:47.761,1.87517,1.87574,2.44,1.32
2013.05.23 06:04:48.860,1.87518,1.87576,1.69,1.32
2013.05.23 06:04:50.043,1.8752,1.87578,1.69,1.32
2013.05.23 06:04:52.684,1.8752,1.87578,1.69,1.32
2013.05.23 06:04:53.983,1.87506,1.87566,1.69,1.13
2013.05.23 06:04:55.473,1.875,1.87557,2.44,1.13
2013.05.23 06:04:55.979,1.87504,1.87564,1.69,1.13
2013.05.23 06:04:56.983,1.87504,1.87564,1.69,1.13
2013.05.23 06:04:58.910,1.87506,1.87564,1.69,1.13
2013.05.23 06:04:59.440,1.87512,1.87566,1.69,1.13
2013.05.23 06:04:59.502,1.87507,1.87566,1.69,1.13
2013.05.23 06:05:01.149,1.87507,1.87566,1.69,1.13
2013.05.23 06:05:01.693,1.87508,1.87567,1.69,1.13
2013.05.23 06:05:03.160,1.87504,1.87562,1.69,1.13
2013.05.23 06:05:03.709,1.87504,1.87562,1.69,1.13
2013.05.23 06:05:03.916,1.87504,1.87562,1.69,1.13
2013.05.23 06:05:04.681,1.87504,1.87562,1.69,1.13
2013.05.23 06:05:05.071,1.87504,1.87562,1.69,1.13
2013.05.23 06:05:05.293,1.87504,1.87562,1.69,1.13
2013.05.23 06:05:05.590,1.87504,1.87562,1.69,1.13
2013.05.23 06:05:06.653,1.87499,1.87557,1.32,1.13
2013.05.23 06:05:08.701,1.87498,1.87557,1.69,1.13
2013.05.23 06:05:09.283,1.87498,1.8756,1.69,1.69
2013.05.23 06:05:10.023,1.87498,1.8756,1.69,1.69
2013.05.23 06:05:12.464,1.87493,1.87552,2.44,1.13
2013.05.23 06:05:13.090,1.8749,1.87549,1.69,1.32
2013.05.23 06:05:14.561,1.87483,1.87541,2.44,2.07
2013.05.23 06:05:15.070,1.87486,1.87546,1.69,1.69
2013.05.23 06:05:16.310,1.87486,1.87546,1.69,1.32
2013.05.23 06:05:17.022,1.87485,1.87541,1.32,1.32
2013.05.23 06:05:18.250,1.87484,1.87542,1.32,1.32
2013.05.23 06:05:18.561,1.87484,1.87538,1.32,1.50
2013.05.23 06:05:19.263,1.87484,1.87534,1.32,1.13
2013.05.23 06:05:19.400,1.87485,1.87538,1.32,1.50
2013.05.23 06:05:22.040,1.87485,1.87538,1.32,1.50
2013.05.23 06:05:23.140,1.87485,1.87538,1.32,1.69
2013.05.23 06:05:24.191,1.87485,1.87538,1.32,1.69
2013.05.23 06:05:24.310,1.87484,1.87533,1.32,1.13
2013.05.23 06:05:24.431,1.87484,1.87532,1.32,1.13
2013.05.23 06:05:25.002,1.87485,1.87532,1.32,1.50
2013.05.23 06:05:25.062,1.87485,1.87535,1.32,1.50
2013.05.23 06:05:25.180,1.8749,1.87536,2.44,2.25
2013.05.23 06:05:25.492,1.8749,1.87532,2.44,1.50
2013.05.23 06:05:25.810,1.8749,1.87529,2.44,1.50
2013.05.23 06:05:26.291,1.87486,1.87529,2.44,1.50
2013.05.23 06:05:29.494,1.87481,1.87529,1.32,1.50
2013.05.23 06:05:30.302,1.8748,1.87526,2.44,1.13
2013.05.23 06:05:32.940,1.87478,1.87531,2.44,1.13
2013.05.23 06:05:34.031,1.87475,1.87531,2.44,1.13
2013.05.23 06:05:35.991,1.87475,1.87531,2.44,1.13
2013.05.23 06:05:36.960,1.87472,1.87518,1.28,1.13
2013.05.23 06:05:37.981,1.87475,1.8753,1.69,1.32
2013.05.23 06:05:38.220,1.87473,1.87531,1.69,1.32
2013.05.23 06:05:38.771,1.8747,1.87525,2.44,1.13
2013.05.23 06:05:40.182,1.87466,1.87525,3.19,1.32
2013.05.23 06:05:41.060,1.87469,1.87525,1.69,1.32
2013.05.23 06:05:42.082,1.87467,1.87526,1.69,1.32
2013.05.23 06:05:42.705,1.87466,1.87521,2.44,1.13
2013.05.23 06:05:43.313,1.8747,1.87521,2.44,1.13
2013.05.23 06:05:46.460,1.87468,1.87525,2.78,1.13
2013.05.23 06:05:46.881,1.87468,1.87523,2.44,1.13
2013.05.23 06:05:47.572,1.87461,1.87519,1.69,1.13
2013.05.23 06:05:48.940,1.8747,1.87528,2.44,2.07
2013.05.23 06:05:49.061,1.8747,1.87528,2.44,2.07
2013.05.23 06:05:49.301,1.8748,1.87536,1.69,1.32
2013.05.23 06:05:50.452,1.87483,1.87535,1.69,1.32
2013.05.23 06:05:51.920,1.87483,1.87536,1.69,1.13
2013.05.23 06:05:52.101,1.87483,1.87536,1.69,1.32
2013.05.23 06:05:53.226,1.87483,1.87534,1.69,1.32
2013.05.23 06:05:53.514,1.87483,1.87534,1.69,1.13
2013.05.23 06:05:53.641,1.87483,1.87534,1.69,1.13
2013.05.23 06:05:54.262,1.87477,1.87534,1.69,1.13
2013.05.23 06:05:55.640,1.87477,1.87533,1.69,1.13
2013.05.23 06:05:56.786,1.87472,1.87529,2.44,1.13
2013.05.23 06:05:56.973,1.87471,1.87527,1.69,1.13
2013.05.23 06:05:58.342,1.87471,1.87527,1.69,1.13
2013.05.23 06:05:58.843,1.87471,1.87527,1.69,1.13
2013.05.23 06:06:00.102,1.87469,1.87524,2.44,1.13
2013.05.23 06:06:00.223,1.87469,1.87524,2.44,1.69
2013.05.23 06:06:00.293,1.87462,1.87515,1.69,1.13
2013.05.23 06:06:00.411,1.87457,1.87515,1.69,1.69
2013.05.23 06:06:00.713,1.87456,1.87508,2.44,2.25
2013.05.23 06:06:01.070,1.87456,1.875,2.44,1.50
2013.05.23 06:06:01.640,1.87453,1.87499,2.44,1.50
2013.05.23 06:06:02.851,1.8745,1.875,2.44,1.50
2013.05.23 06:06:03.160,1.8745,1.87506,2.44,1.50
2013.05.23 06:06:03.891,1.87452,1.87506,2.44,1.50
2013.05.23 06:06:04.242,1.87452,1.8751,3.19,1.50
2013.05.23 06:06:04.300,1.87452,1.87513,3.19,2.44
2013.05.23 06:06:04.694,1.87452,1.8751,3.19,1.13
2013.05.23 06:06:04.880,1.87452,1.8751,1.69,1.32
2013.05.23 06:06:06.580,1.87452,1.87509,1.69,1.32
2013.05.23 06:06:06.882,1.87451,1.87502,2.44,1.88
2013.05.23 06:06:07.000,1.87443,1.87501,2.44,1.13
2013.05.23 06:06:07.370,1.87447,1.87505,1.69,1.32
2013.05.23 06:06:08.175,1.87452,1.87508,2.44,1.69
2013.05.23 06:06:09.550,1.87452,1.87505,2.44,1.13
2013.05.23 06:06:12.380,1.87455,1.87511,2.44,1.32
2013.05.23 06:06:13.310,1.87458,1.87514,1.69,1.32
2013.05.23 06:06:13.630,1.87459,1.87516,2.44,1.32
2013.05.23 06:06:14.192,1.87459,1.87516,2.44,1.32
2013.05.23 06:06:16.582,1.87453,1.8751,2.44,1.13
2013.05.23 06:06:18.041,1.87455,1.8751,2.44,1.13
2013.05.23 06:06:19.252,1.87456,1.8751,1.69,1.13
2013.05.23 06:06:19.851,1.87464,1.87519,1.69,1.32
2013.05.23 06:06:21.072,1.87462,1.87506,1.69,1.32
2013.05.23 06:06:22.651,1.87456,1.87506,1.69,1.32
2013.05.23 06:06:23.420,1.87453,1.87506,1.69,1.32
2013.05.23 06:06:23.722,1.87452,1.87502,1.69,1.32
2013.05.23 06:06:26.671,1.87449,1.87502,2.44,1.32
2013.05.23 06:06:28.393,1.87449,1.87502,2.44,1.32
2013.05.23 06:06:29.692,1.87446,1.87499,1.69,1.69
2013.05.23 06:06:31.180,1.8744,1.87499,1.69,1.69
2013.05.23 06:06:32.870,1.87444,1.87502,3.19,1.69
2013.05.23 06:06:34.641,1.87447,1.87501,2.44,1.69
2013.05.23 06:06:35.166,1.87447,1.87507,3.19,1.69
2013.05.23 06:06:36.154,1.87447,1.87507,1.69,3.19
2013.05.23 06:06:38.392,1.87447,1.87503,1.69,1.32
2013.05.23 06:06:39.760,1.87447,1.87501,1.69,1.69
2013.05.23 06:06:40.291,1.87446,1.875,2.44,2.44
2013.05.23 06:06:40.722,1.87443,1.87499,2.44,1.69
2013.05.23 06:06:41.441,1.87443,1.87495,2.44,1.69
2013.05.23 06:06:42.561,1.87443,1.87495,2.44,1.69
2013.05.23 06:06:42.970,1.87438,1.87495,3.57,1.69
2013.05.23 06:06:43.150,1.87438,1.8749,2.44,1.50
2013.05.23 06:06:43.481,1.87438,1.87488,2.44,2.25
2013.05.23 06:06:44.030,1.87427,1.87485,1.69,1.69
2013.05.23 06:06:44.971,1.87426,1.87482,2.44,1.32
2013.05.23 06:06:45.368,1.87426,1.87482,2.44,1.32
2013.05.23 06:06:45.723,1.87422,1.87471,1.69,1.32
2013.05.23 06:06:46.335,1.87413,1.87471,1.69,1.69
2013.05.23 06:06:46.770,1.87419,1.87472,1.69,2.63
2013.05.23 06:06:47.260,1.87419,1.87472,1.69,2.63
2013.05.23 06:06:47.440,1.87419,1.87472,1.69,2.63
2013.05.23 06:06:47.500,1.87419,1.87472,1.69,1.13
2013.05.23 06:06:49.582,1.87417,1.87469,1.69,1.32
2013.05.23 06:06:49.890,1.87414,1.87464,1.69,1.32
2013.05.23 06:06:50.070,1.87421,1.87464,1.69,1.32
2013.05.23 06:06:50.630,1.87422,1.87464,1.50,1.32
2013.05.23 06:06:50.810,1.87425,1.87471,1.50,1.32
2013.05.23 06:06:51.125,1.87429,1.87471,1.50,1.32
2013.05.23 06:06:51.510,1.87423,1.87471,1.50,1.32
2013.05.23 06:06:51.571,1.87421,1.87471,1.69,1.32
2013.05.23 06:06:51.941,1.87421,1.87471,1.69,1.32
2013.05.23 06:06:52.441,1.87425,1.87471,1.50,1.32
2013.05.23 06:06:52.742,1.87429,1.87471,1.50,1.32
2013.05.23 06:06:53.280,1.87421,1.87471,1.69,1.32
2013.05.23 06:06:53.400,1.87427,1.87471,1.69,1.32
2013.05.23 06:06:53.460,1.87428,1.87471,1.50,1.32
2013.05.23 06:06:54.481,1.87426,1.87472,1.69,1.32
2013.05.23 06:06:54.602,1.87426,1.87472,2.44,1.32
2013.05.23 06:06:55.050,1.8743,1.87472,1.50,1.32
2013.05.23 06:06:55.290,1.87439,1.87477,2.25,1.32
2013.05.23 06:06:56.127,1.8744,1.87477,1.50,1.32
2013.05.23 06:06:56.540,1.87433,1.87477,2.44,1.32
2013.05.23 06:06:57.041,1.87427,1.87471,2.44,1.32
2013.05.23 06:06:57.101,1.87427,1.87471,2.44,1.32
2013.05.23 06:06:57.241,1.87429,1.87471,1.69,1.32
2013.05.23 06:06:57.591,1.87432,1.87471,2.25,1.32
2013.05.23 06:06:57.901,1.87432,1.87479,2.44,1.32
2013.05.23 06:06:58.081,1.87433,1.87481,1.69,1.32
2013.05.23 06:06:58.653,1.87433,1.87479,1.69,1.32
2013.05.23 06:06:58.970,1.87432,1.87482,2.44,1.32
2013.05.23 06:07:00.031,1.87432,1.87483,2.44,1.32
2013.05.23 06:07:00.330,1.87433,1.87483,1.69,1.32
2013.05.23 06:07:01.014,1.87433,1.87479,1.69,1.32
2013.05.23 06:07:02.631,1.87429,1.8748,1.69,1.32
2013.05.23 06:07:03.195,1.87427,1.8748,1.69,1.32
2013.05.23 06:07:03.533,1.87427,1.8748,1.69,1.32
2013.05.23 06:07:04.081,1.87429,1.87481,1.69,1.32
2013.05.23 06:07:04.729,1.87429,1.87481,1.69,1.32
2013.05.23 06:07:05.438,1.87427,1.87478,2.44,1.32
2013.05.23 06:07:06.814,1.87423,1.87478,1.69,1.32
2013.05.23 06:07:07.426,1.87423,1.87475,1.69,1.32
2013.05.23 06:07:08.061,1.87421,1.87472,2.44,1.32
2013.05.23 06:07:11.878,1.87422,1.87472,1.69,1.32
2013.05.23 06:07:14.495,1.87422,1.87472,1.69,1.32
2013.05.23 06:07:15.760,1.87429,1.87482,1.69,1.13
2013.05.23 06:07:17.580,1.87433,1.87482,1.58,1.32
2013.05.23 06:07:17.761,1.87438,1.8749,2.44,1.32
2013.05.23 06:07:19.231,1.87439,1.87488,1.69,1.32
2013.05.23 06:07:20.283,1.87442,1.87492,1.69,1.32
2013.05.23 06:07:23.154,1.87436,1.87492,2.44,2.07
2013.05.23 06:07:24.273,1.87434,1.87492,2.52,2.07
2013.05.23 06:07:27.034,1.87433,1.87485,1.77,2.44
2013.05.23 06:07:28.711,1.87433,1.87483,1.77,1.69
2013.05.23 06:07:31.130,1.87431,1.87482,1.02,1.32
2013.05.23 06:07:32.216,1.87431,1.87482,1.02,1.32
2013.05.23 06:07:34.661,1.87433,1.87483,1.77,1.32
2013.05.23 06:07:35.042,1.87443,1.87489,1.02,1.32
2013.05.23 06:07:36.862,1.87448,1.87492,1.02,1.32
2013.05.23 06:07:36.940,1.87448,1.87492,1.77,1.32
2013.05.23 06:07:37.512,1.87454,1.875,1.58,2.44
2013.05.23 06:07:37.751,1.87458,1.87502,1.02,1.32
2013.05.23 06:07:38.290,1.87458,1.87502,1.02,1.13
2013.05.23 06:07:38.720,1.87446,1.87502,1.69,1.13
2013.05.23 06:07:39.210,1.87442,1.875,1.88,1.69
2013.05.23 06:07:39.550,1.87438,1.87485,1.69,1.32
2013.05.23 06:07:41.781,1.87442,1.87482,1.50,1.32
2013.05.23 06:07:42.810,1.87442,1.87487,1.69,1.32
2013.05.23 06:07:44.600,1.87442,1.87491,2.44,1.32
2013.05.23 06:07:46.141,1.87442,1.87491,2.44,1.32
2013.05.23 06:07:48.721,1.87442,1.87491,2.44,1.32
2013.05.23 06:07:50.243,1.87445,1.87498,1.69,2.44
2013.05.23 06:07:50.682,1.87447,1.87498,2.44,2.44
2013.05.23 06:07:52.720,1.87447,1.87492,2.44,1.32
2013.05.23 06:07:53.742,1.87447,1.87492,2.25,1.32
2013.05.23 06:07:56.943,1.87448,1.87501,1.69,2.44
2013.05.23 06:07:58.081,1.87447,1.87502,2.44,2.63
2013.05.23 06:08:04.012,1.87447,1.87502,2.44,2.63
2013.05.23 06:08:05.607,1.87447,1.875,2.44,2.44
2013.05.23 06:08:07.181,1.87451,1.875,1.50,2.44
2013.05.23 06:08:07.641,1.87453,1.875,1.50,2.44
2013.05.23 06:08:09.230,1.87448,1.875,2.44,2.44
2013.05.23 06:08:09.291,1.87448,1.87501,2.44,1.13
2013.05.23 06:08:09.931,1.87453,1.87501,1.69,1.13
2013.05.23 06:08:09.991,1.8746,1.87505,1.69,1.02
2013.05.23 06:08:10.971,1.87478,1.87505,1.50,1.02
2013.05.23 06:08:11.330,1.87484,1.87514,1.69,2.56
2013.05.23 06:08:13.493,1.87478,1.87514,2.52,2.56
2013.05.23 06:08:14.581,1.87482,1.87514,2.44,2.56
2013.05.23 06:08:15.833,1.87481,1.87514,1.69,2.56
2013.05.23 06:08:18.833,1.87478,1.87532,1.69,1.13
2013.05.23 06:08:19.573,1.87479,1.87532,1.69,1.13
2013.05.23 06:08:19.629,1.87488,1.87532,1.09,1.13
2013.05.23 06:08:19.930,1.87494,1.87552,1.32,3.19
2013.05.23 06:08:20.050,1.87493,1.87543,1.69,1.32
2013.05.23 06:08:20.690,1.87489,1.8754,2.44,1.32
2013.05.23 06:08:22.710,1.87487,1.87539,1.69,1.32
2013.05.23 06:08:23.966,1.87489,1.87544,1.65,1.32
2013.05.23 06:08:26.221,1.87489,1.87544,1.65,1.32
2013.05.23 06:08:26.763,1.87499,1.87544,1.02,1.32
2013.05.23 06:08:27.698,1.875,1.87546,1.02,2.07
2013.05.23 06:08:28.861,1.87499,1.87545,1.02,1.32
2013.05.23 06:08:31.934,1.87499,1.87546,1.02,1.32
2013.05.23 06:08:34.280,1.87497,1.87544,1.65,1.32
2013.05.23 06:08:35.410,1.87497,1.87546,2.40,1.32
2013.05.23 06:08:37.030,1.87497,1.87548,1.65,1.32
2013.05.23 06:08:38.211,1.87497,1.87546,1.65,1.32
2013.05.23 06:08:41.371,1.87497,1.87545,1.65,1.32
2013.05.23 06:08:46.860,1.87497,1.87544,1.47,2.44
2013.05.23 06:08:48.872,1.87497,1.87544,1.13,2.44
2013.05.23 06:08:53.082,1.87498,1.87544,1.32,2.82
2013.05.23 06:08:54.590,1.87498,1.87544,1.13,1.32
2013.05.23 06:08:55.100,1.87492,1.87545,1.77,1.32
2013.05.23 06:08:55.520,1.87498,1.87545,1.13,1.32
2013.05.23 06:08:55.821,1.87498,1.87545,1.32,1.32
2013.05.23 06:08:56.310,1.87493,1.87545,1.13,1.69
2013.05.23 06:08:56.816,1.87487,1.87537,1.69,2.44
2013.05.23 06:08:58.611,1.8748,1.87538,2.44,1.69
2013.05.23 06:09:00.581,1.87487,1.8754,1.69,2.44
2013.05.23 06:09:00.700,1.87513,1.87558,1.69,1.28
2013.05.23 06:09:00.761,1.87513,1.87561,1.32,1.28
2013.05.23 06:09:00.946,1.87518,1.8757,1.69,2.44
2013.05.23 06:09:01.790,1.87505,1.87561,2.44,1.32
2013.05.23 06:09:02.670,1.87505,1.87561,2.44,1.32
2013.05.23 06:09:02.730,1.87502,1.87558,1.69,1.32
2013.05.23 06:09:03.705,1.87502,1.87555,1.69,2.44
2013.05.23 06:09:05.670,1.87508,1.87555,1.28,2.44
2013.05.23 06:09:05.970,1.8751,1.87557,1.50,2.44
2013.05.23 06:09:06.090,1.87509,1.87557,1.50,2.44
2013.05.23 06:09:06.490,1.87505,1.8755,1.69,1.32
2013.05.23 06:09:07.039,1.875,1.8755,1.32,1.32
2013.05.23 06:09:09.190,1.875,1.87549,1.32,2.44
2013.05.23 06:09:10.790,1.87486,1.87541,1.69,2.44
2013.05.23 06:09:14.090,1.87479,1.87535,1.32,2.82
2013.05.23 06:09:16.011,1.87488,1.87535,2.25,2.44
2013.05.23 06:09:16.312,1.87489,1.87535,1.50,2.44
2013.05.23 06:09:16.370,1.87489,1.87535,1.50,2.44
2013.05.23 06:09:16.612,1.87489,1.87539,1.69,1.32
2013.05.23 06:09:16.670,1.87489,1.87539,1.65,1.32
2013.05.23 06:09:17.465,1.8749,1.8754,1.28,2.82
2013.05.23 06:09:18.640,1.87486,1.8754,1.69,1.32
2013.05.23 06:09:19.453,1.87479,1.87536,3.57,1.32
2013.05.23 06:09:20.390,1.87479,1.87532,1.32,2.44
2013.05.23 06:09:22.241,1.87478,1.8753,1.65,2.44
2013.05.23 06:09:24.140,1.87478,1.87524,1.65,1.32
2013.05.23 06:09:28.500,1.87478,1.87526,1.65,1.32
2013.05.23 06:09:29.041,1.87479,1.87526,1.02,1.32
2013.05.23 06:09:29.520,1.87477,1.87522,1.50,1.32
2013.05.23 06:09:29.870,1.87472,1.87518,1.69,1.32
2013.05.23 06:09:30.042,1.87475,1.87515,1.50,1.13
2013.05.23 06:09:30.662,1.87477,1.87515,1.50,1.13
2013.05.23 06:09:31.090,1.87481,1.8752,2.25,1.13
2013.05.23 06:09:31.331,1.87484,1.87534,2.44,1.32
2013.05.23 06:09:31.451,1.87497,1.87543,1.50,2.44
2013.05.23 06:09:31.760,1.87501,1.87543,1.50,2.44
2013.05.23 06:09:31.951,1.875,1.87557,1.32,1.69
2013.05.23 06:09:32.931,1.87503,1.87555,1.69,1.32
2013.05.23 06:09:33.471,1.87498,1.87554,2.44,1.32
2013.05.23 06:09:34.010,1.87503,1.87562,1.69,1.88
2013.05.23 06:09:34.550,1.87503,1.87552,1.69,1.32
2013.05.23 06:09:35.461,1.87503,1.87554,1.69,1.32
2013.05.23 06:09:39.600,1.87506,1.87554,1.69,1.32
2013.05.23 06:09:40.133,1.87506,1.87555,1.69,1.32
2013.05.23 06:09:41.981,1.87504,1.87555,2.14,1.32
2013.05.23 06:09:42.041,1.87509,1.87563,2.07,2.82
2013.05.23 06:09:42.460,1.87493,1.87548,2.44,1.32
2013.05.23 06:09:42.640,1.87486,1.87532,2.44,1.32
2013.05.23 06:09:42.700,1.87486,1.87532,1.69,1.13
2013.05.23 06:09:44.250,1.87482,1.87534,1.69,1.32
2013.05.23 06:09:45.967,1.8749,1.87548,1.69,1.69
2013.05.23 06:09:46.569,1.87484,1.87544,3.19,1.32
2013.05.23 06:09:47.042,1.87487,1.87544,2.44,1.32
2013.05.23 06:09:47.874,1.87487,1.87544,2.44,1.32
2013.05.23 06:09:48.700,1.87487,1.87544,2.44,1.32
2013.05.23 06:09:49.464,1.87487,1.87543,2.44,1.32
2013.05.23 06:09:49.710,1.87501,1.8754,1.50,1.32
2013.05.23 06:09:49.831,1.87498,1.87553,1.69,1.32
2013.05.23 06:09:50.501,1.87513,1.87565,1.69,1.50
2013.05.23 06:09:50.560,1.87513,1.87572,2.44,1.69
2013.05.23 06:09:50.740,1.87513,1.87572,1.69,1.32
2013.05.23 06:09:51.631,1.8752,1.87574,1.69,1.32
2013.05.23 06:09:51.702,1.87522,1.87587,2.44,3.19
2013.05.23 06:09:51.950,1.87522,1.87579,2.44,1.32
2013.05.23 06:09:52.230,1.87519,1.87579,1.69,1.32
2013.05.23 06:09:52.290,1.87522,1.87579,1.69,1.32
2013.05.23 06:09:52.350,1.87525,1.87579,1.50,1.32
2013.05.23 06:09:52.652,1.87531,1.87576,2.25,1.32
2013.05.23 06:09:53.241,1.87527,1.87576,1.50,1.32
2013.05.23 06:09:53.480,1.87528,1.87582,1.69,1.32
2013.05.23 06:09:53.540,1.87532,1.87582,1.69,1.32
2013.05.23 06:09:54.170,1.87538,1.87582,1.69,1.32
2013.05.23 06:09:54.532,1.87548,1.87582,1.50,1.32
2013.05.23 06:09:54.712,1.87542,1.87587,1.69,1.32
2013.05.23 06:09:54.832,1.87533,1.87587,1.69,1.32
2013.05.23 06:09:55.011,1.8753,1.87581,2.44,1.32
2013.05.23 06:09:55.070,1.87521,1.87579,1.69,1.32
2013.05.23 06:09:55.310,1.8752,1.87565,1.50,2.44
2013.05.23 06:09:55.430,1.87508,1.87558,1.69,1.32
2013.05.23 06:09:56.229,1.87512,1.87558,1.69,1.32
2013.05.23 06:09:56.531,1.87529,1.87584,1.69,1.32
2013.05.23 06:09:56.950,1.87536,1.87591,1.69,2.82
2013.05.23 06:09:57.311,1.87544,1.87591,1.50,2.82
2013.05.23 06:09:57.550,1.87536,1.87584,1.69,1.32
2013.05.23 06:09:57.670,1.87532,1.87584,1.69,1.32
2013.05.23 06:09:57.920,1.87531,1.87582,1.69,1.32
2013.05.23 06:09:58.040,1.8753,1.87582,1.69,1.32
2013.05.23 06:09:58.441,1.87526,1.87582,1.69,1.32
2013.05.23 06:09:58.860,1.87526,1.87577,1.69,1.13
2013.05.23 06:09:58.920,1.87522,1.87574,2.44,1.32
2013.05.23 06:09:59.282,1.87522,1.87574,2.44,1.32
2013.05.23 06:10:00.213,1.87518,1.87569,1.69,1.32
2013.05.23 06:10:00.392,1.87521,1.87569,1.69,1.32
2013.05.23 06:10:00.750,1.87521,1.87575,1.69,2.44
2013.05.23 06:10:00.880,1.87526,1.8758,2.44,1.32
2013.05.23 06:10:01.067,1.87526,1.8758,2.44,1.32
2013.05.23 06:10:01.550,1.87533,1.87585,1.69,1.32
2013.05.23 06:10:01.730,1.87533,1.87585,1.69,1.13
2013.05.23 06:10:02.581,1.87533,1.87585,1.69,1.32
2013.05.23 06:10:02.700,1.87533,1.87585,1.69,1.32
2013.05.23 06:10:03.000,1.87529,1.87588,1.69,1.69
2013.05.23 06:10:03.720,1.87531,1.87585,1.69,2.44
2013.05.23 06:10:04.171,1.87538,1.87594,1.69,1.32
2013.05.23 06:10:04.349,1.8755,1.87601,1.69,1.32
2013.05.23 06:10:04.410,1.87557,1.87607,1.69,1.32
2013.05.23 06:10:05.376,1.87556,1.87606,3.27,1.13
2013.05.23 06:10:06.162,1.87556,1.87606,1.69,1.13
2013.05.23 06:10:06.402,1.87546,1.87594,2.44,1.32
2013.05.23 06:10:06.640,1.87546,1.87594,1.69,1.32
2013.05.23 06:10:06.760,1.87546,1.87594,1.69,1.13
2013.05.23 06:10:07.651,1.87544,1.87601,1.69,2.44
2013.05.23 06:10:08.122,1.87552,1.87601,1.13,2.44
2013.05.23 06:10:08.301,1.87576,1.87627,1.69,1.28
2013.05.23 06:10:09.251,1.87575,1.87622,1.69,1.13
2013.05.23 06:10:09.922,1.87575,1.87619,1.69,1.32
2013.05.23 06:10:10.393,1.87578,1.87619,1.50,1.32
2013.05.23 06:10:10.940,1.87581,1.87626,1.50,1.32
2013.05.23 06:10:11.090,1.87581,1.87626,1.50,1.32
2013.05.23 06:10:11.461,1.87574,1.87626,1.69,1.32
2013.05.23 06:10:11.931,1.87568,1.87618,1.69,1.13
2013.05.23 06:10:12.110,1.87568,1.87618,1.69,1.13
2013.05.23 06:10:13.086,1.87566,1.87628,1.69,1.13
2013.05.23 06:10:13.637,1.87558,1.8762,3.19,1.13
2013.05.23 06:10:14.211,1.87558,1.8762,2.44,1.32
2013.05.23 06:10:14.451,1.87553,1.87613,1.50,2.07
2013.05.23 06:10:14.632,1.87548,1.87606,1.69,1.69
2013.05.23 06:10:14.811,1.87545,1.87606,1.69,1.69
2013.05.23 06:10:15.339,1.8754,1.87598,1.69,1.13
2013.05.23 06:10:15.432,1.87528,1.87588,2.44,1.32
2013.05.23 06:10:15.610,1.87533,1.87594,1.50,1.32
2013.05.23 06:10:15.969,1.87543,1.87594,1.50,1.32
2013.05.23 06:10:16.098,1.8754,1.87594,1.50,1.32
2013.05.23 06:10:16.231,1.8754,1.87598,1.69,1.32
2013.05.23 06:10:16.483,1.87531,1.87594,2.44,1.32
2013.05.23 06:10:17.042,1.87538,1.87602,1.69,2.07
2013.05.23 06:10:18.151,1.87538,1.87599,2.44,1.69
2013.05.23 06:10:18.511,1.87535,1.87588,1.69,1.50
2013.05.23 06:10:20.310,1.87534,1.87588,1.69,1.50
2013.05.23 06:10:21.700,1.87529,1.87588,1.69,2.25
2013.05.23 06:10:22.280,1.87532,1.87592,1.69,1.69
2013.05.23 06:10:22.470,1.87532,1.87594,1.69,2.44
2013.05.23 06:10:23.823,1.87535,1.87594,1.69,2.25
2013.05.23 06:10:24.153,1.87535,1.876,2.44,2.44
2013.05.23 06:10:24.211,1.87535,1.87598,2.44,1.69
2013.05.23 06:10:24.631,1.87538,1.87594,1.28,1.69
2013.05.23 06:10:24.870,1.87539,1.87597,1.28,1.13
2013.05.23 06:10:25.220,1.87539,1.876,1.28,2.44
2013.05.23 06:10:25.315,1.87539,1.87597,1.28,1.13
2013.05.23 06:10:25.670,1.87547,1.87594,2.59,1.13
2013.05.23 06:10:25.850,1.87558,1.87609,1.32,1.69
2013.05.23 06:10:27.060,1.87557,1.87609,1.69,2.44
2013.05.23 06:10:29.691,1.87551,1.87607,2.44,1.69
2013.05.23 06:10:31.210,1.8755,1.87606,2.44,1.32
2013.05.23 06:10:31.570,1.87558,1.87612,1.32,1.69
2013.05.23 06:10:31.810,1.87567,1.8762,3.19,2.44
2013.05.23 06:10:32.800,1.8757,1.87617,1.28,1.50
2013.05.23 06:10:33.101,1.8757,1.87615,1.28,1.50
2013.05.23 06:10:33.845,1.8757,1.8762,1.28,2.44
2013.05.23 06:10:34.350,1.87577,1.8762,1.32,2.44
2013.05.23 06:10:34.909,1.87577,1.87626,1.13,3.19
2013.05.23 06:10:35.091,1.87577,1.87624,1.13,3.19
2013.05.23 06:10:35.542,1.87577,1.87624,1.13,3.19
2013.05.23 06:10:35.991,1.87563,1.87622,1.65,3.19
2013.05.23 06:10:36.051,1.87563,1.87622,1.32,3.19
2013.05.23 06:10:36.171,1.87563,1.87616,1.13,1.69
2013.05.23 06:10:36.811,1.87557,1.87615,1.13,2.25
2013.05.23 06:10:36.940,1.87558,1.87616,1.13,1.69
2013.05.23 06:10:37.000,1.87558,1.87619,1.88,1.69
2013.05.23 06:10:37.120,1.87559,1.87611,1.50,2.44
2013.05.23 06:10:37.618,1.87557,1.87611,1.50,2.44
2013.05.23 06:10:38.230,1.87553,1.87609,1.50,1.69
2013.05.23 06:10:38.290,1.87548,1.87604,1.50,2.44
2013.05.23 06:10:38.410,1.87547,1.87604,1.50,2.44
2013.05.23 06:10:38.934,1.87548,1.87604,1.50,2.44
2013.05.23 06:10:39.471,1.87547,1.87604,1.50,2.44
2013.05.23 06:10:39.590,1.87549,1.87604,1.50,2.44
2013.05.23 06:10:39.923,1.87556,1.87604,1.50,2.44
2013.05.23 06:10:40.233,1.87588,1.87619,1.13,1.69
2013.05.23 06:10:40.629,1.87588,1.87622,2.33,2.44
2013.05.23 06:10:41.031,1.87588,1.87637,2.33,1.69
2013.05.23 06:10:41.411,1.87598,1.87637,2.18,1.69
2013.05.23 06:10:41.710,1.87608,1.87651,1.13,1.69
2013.05.23 06:10:41.831,1.87609,1.87651,1.13,1.69
2013.05.23 06:10:42.363,1.87618,1.87651,1.13,1.69
2013.05.23 06:10:42.480,1.87607,1.87651,1.13,2.44
2013.05.23 06:10:42.602,1.87607,1.87647,1.13,1.50
2013.05.23 06:10:42.903,1.87597,1.87647,1.65,1.50
2013.05.23 06:10:42.961,1.87598,1.87651,1.50,1.69
2013.05.23 06:10:43.021,1.87598,1.87656,1.50,1.69
2013.05.23 06:10:43.261,1.87594,1.87651,1.13,1.69
2013.05.23 06:10:43.811,1.87588,1.87648,1.32,2.44
2013.05.23 06:10:44.562,1.87591,1.87648,1.32,1.69
2013.05.23 06:10:44.652,1.87607,1.87666,1.69,1.69
2013.05.23 06:10:44.953,1.87607,1.87665,1.32,1.32
2013.05.23 06:10:45.260,1.87605,1.87663,1.32,1.69
2013.05.23 06:10:45.561,1.87598,1.87656,1.47,1.69
2013.05.23 06:10:45.922,1.87595,1.87656,1.47,1.69
2013.05.23 06:10:46.221,1.87592,1.87648,1.13,1.69
2013.05.23 06:10:46.460,1.87584,1.87645,1.32,1.69
2013.05.23 06:10:46.762,1.8758,1.87641,1.32,1.50
2013.05.23 06:10:46.942,1.87576,1.87638,1.88,1.69
2013.05.23 06:10:47.303,1.87572,1.87632,1.69,1.32
2013.05.23 06:10:47.360,1.87569,1.87632,1.69,1.69
2013.05.23 06:10:47.661,1.87561,1.87623,1.32,2.25
2013.05.23 06:10:48.150,1.87562,1.87626,1.69,1.69
2013.05.23 06:10:49.561,1.87564,1.87622,1.50,1.13
2013.05.23 06:10:50.220,1.87566,1.87622,1.09,1.13
2013.05.23 06:10:50.581,1.87567,1.87625,1.65,1.69
2013.05.23 06:10:50.700,1.8757,1.87632,1.84,2.63
2013.05.23 06:10:51.001,1.87573,1.87631,1.50,1.13
2013.05.23 06:10:51.320,1.87577,1.87631,2.25,1.13
2013.05.23 06:10:53.612,1.87577,1.87631,2.44,2.63
2013.05.23 06:10:54.340,1.87577,1.87627,2.44,2.44
2013.05.23 06:10:54.641,1.87558,1.87614,2.07,2.44
2013.05.23 06:10:55.001,1.87551,1.87602,1.69,2.44
2013.05.23 06:10:55.601,1.87543,1.87595,1.69,1.13
2013.05.23 06:10:56.113,1.87545,1.87602,1.32,2.44
2013.05.23 06:10:56.185,1.87542,1.87588,1.69,2.44
2013.05.23 06:10:56.491,1.8752,1.87577,2.44,1.69
2013.05.23 06:10:58.425,1.87525,1.87581,1.69,2.44
2013.05.23 06:10:59.420,1.8752,1.87581,2.07,2.44
2013.05.23 06:11:00.451,1.87518,1.87575,1.65,1.69
2013.05.23 06:11:00.954,1.87518,1.87575,1.65,1.69
2013.05.23 06:11:01.285,1.87527,1.87575,2.40,1.69
2013.05.23 06:11:01.424,1.87527,1.87575,2.40,1.69
2013.05.23 06:11:02.518,1.87527,1.8758,2.40,1.69
2013.05.23 06:11:03.391,1.8753,1.87582,2.03,2.44
2013.05.23 06:11:03.571,1.8753,1.87585,2.03,1.69
2013.05.23 06:11:03.962,1.8753,1.87585,1.84,1.69
2013.05.23 06:11:05.032,1.8753,1.87586,2.03,1.69
2013.05.23 06:11:05.561,1.87532,1.87592,1.50,1.32
2013.05.23 06:11:05.681,1.87533,1.87586,1.50,1.32
2013.05.23 06:11:06.110,1.87533,1.87587,1.50,1.32
2013.05.23 06:11:06.414,1.87542,1.87601,1.13,1.32
2013.05.23 06:11:07.090,1.87537,1.87596,1.32,1.69
2013.05.23 06:11:07.551,1.87537,1.87592,1.13,1.13
2013.05.23 06:11:07.873,1.87537,1.87592,1.32,1.13
2013.05.23 06:11:09.210,1.87536,1.87595,1.32,1.88
2013.05.23 06:11:11.472,1.87536,1.87593,1.32,1.13
2013.05.23 06:11:14.745,1.87536,1.87594,1.32,1.13
2013.05.23 06:11:15.081,1.87548,1.87602,1.13,1.32
2013.05.23 06:11:15.961,1.87551,1.87601,1.13,1.32
2013.05.23 06:11:16.701,1.87551,1.87602,1.13,1.13
2013.05.23 06:11:16.881,1.87551,1.87611,1.13,2.07
2013.05.23 06:11:17.692,1.87548,1.87609,2.07,1.69
2013.05.23 06:11:18.193,1.87545,1.87602,1.32,1.50
2013.05.23 06:11:18.713,1.87543,1.87599,1.32,1.50
2013.05.23 06:11:19.787,1.87538,1.87599,2.07,1.69
2013.05.23 06:11:20.762,1.87543,1.87602,1.32,1.69
2013.05.23 06:11:21.341,1.87541,1.87602,1.69,1.13
2013.05.23 06:11:21.403,1.87541,1.87602,1.69,1.13
2013.05.23 06:11:23.232,1.87543,1.87603,1.69,1.88
2013.05.23 06:11:23.722,1.87549,1.87603,1.69,1.13
2013.05.23 06:11:24.082,1.87558,1.87611,1.13,1.69
2013.05.23 06:11:24.442,1.87559,1.87603,1.50,1.13
2013.05.23 06:11:24.981,1.87558,1.87607,2.25,1.69
2013.05.23 06:11:25.460,1.87555,1.87607,1.50,1.69
2013.05.23 06:11:25.521,1.87552,1.87607,2.25,1.69
2013.05.23 06:11:26.063,1.87552,1.87608,2.25,1.69
2013.05.23 06:11:26.481,1.87549,1.87603,2.07,1.32
2013.05.23 06:11:26.541,1.87549,1.87601,1.32,1.13
2013.05.23 06:11:26.662,1.87543,1.87601,1.32,1.69
2013.05.23 06:11:27.680,1.87539,1.87597,1.32,1.69
2013.05.23 06:11:29.493,1.87539,1.87597,1.13,1.69
2013.05.23 06:11:32.071,1.87539,1.87592,1.32,1.13
2013.05.23 06:11:32.251,1.87541,1.87593,1.77,1.13
2013.05.23 06:11:33.261,1.87548,1.87603,1.69,1.32
2013.05.23 06:11:33.320,1.87549,1.87608,1.32,1.69
2013.05.23 06:11:33.783,1.8754,1.87602,2.44,1.13
2013.05.23 06:11:34.756,1.87549,1.87609,1.32,1.69
2013.05.23 06:11:37.751,1.87544,1.87602,1.32,1.50
2013.05.23 06:11:38.325,1.87549,1.87608,1.32,1.69
2013.05.23 06:11:38.966,1.87549,1.87608,1.32,1.69
2013.05.23 06:11:39.031,1.87549,1.8761,1.32,1.69
2013.05.23 06:11:41.201,1.87549,1.87608,1.32,1.32
2013.05.23 06:11:41.264,1.87546,1.87608,1.69,1.69
2013.05.23 06:11:42.271,1.87545,1.87606,1.69,1.32
2013.05.23 06:11:42.672,1.87547,1.87608,1.69,1.32
2013.05.23 06:11:43.722,1.87547,1.87601,1.69,1.32
2013.05.23 06:11:43.784,1.87539,1.87601,2.07,2.82
2013.05.23 06:11:44.545,1.87539,1.87599,1.69,1.13
2013.05.23 06:11:44.851,1.87539,1.87596,1.32,2.63
2013.05.23 06:11:45.424,1.87533,1.87596,1.32,2.44
2013.05.23 06:11:45.503,1.87528,1.8759,1.69,1.69
2013.05.23 06:11:45.574,1.87534,1.87595,1.32,1.32
2013.05.23 06:11:46.131,1.87534,1.87593,1.32,1.32
2013.05.23 06:11:46.561,1.87534,1.87593,1.32,1.13
2013.05.23 06:11:47.742,1.87534,1.87597,1.32,2.44
2013.05.23 06:11:48.441,1.87534,1.87597,2.40,1.69
2013.05.23 06:11:48.501,1.87538,1.876,1.65,1.32
2013.05.23 06:11:51.352,1.87539,1.87601,1.88,2.44
2013.05.23 06:11:51.532,1.87548,1.8761,1.69,1.69
2013.05.23 06:11:51.800,1.87548,1.8761,2.03,1.69
2013.05.23 06:11:52.321,1.87554,1.87608,1.17,1.69
2013.05.23 06:11:52.441,1.87546,1.87608,1.69,1.69
2013.05.23 06:11:52.501,1.87547,1.87604,1.32,1.32
2013.05.23 06:11:52.802,1.87542,1.876,1.69,1.50
2013.05.23 06:11:53.112,1.87536,1.87597,1.32,2.25
2013.05.23 06:11:53.292,1.87542,1.87606,2.44,2.44
2013.05.23 06:11:54.493,1.87548,1.87606,1.32,1.50
2013.05.23 06:11:54.603,1.87538,1.87599,1.32,1.69
2013.05.23 06:11:54.933,1.87536,1.87599,2.44,1.69
2013.05.23 06:11:56.691,1.87538,1.87599,1.69,1.69
2013.05.23 06:11:56.752,1.87543,1.87603,1.69,1.69
2013.05.23 06:11:56.992,1.87545,1.87606,1.32,1.69
2013.05.23 06:11:57.958,1.87546,1.87606,1.32,1.50
2013.05.23 06:12:00.031,1.87545,1.87606,1.65,1.69
2013.05.23 06:12:00.672,1.87545,1.87602,1.28,1.50
2013.05.23 06:12:00.851,1.87542,1.87596,1.69,1.50
2013.05.23 06:12:01.850,1.87536,1.87596,1.69,1.50
2013.05.23 06:12:03.981,1.87539,1.876,1.32,1.50
2013.05.23 06:12:04.041,1.87539,1.87601,1.32,1.69
2013.05.23 06:12:04.481,1.87541,1.87604,1.65,1.69
2013.05.23 06:12:05.095,1.87547,1.87607,1.32,1.69
2013.05.23 06:12:05.562,1.87548,1.87607,1.32,1.50
2013.05.23 06:12:06.142,1.87548,1.87606,1.32,1.50
2013.05.23 06:12:06.203,1.87547,1.87602,1.32,1.50
2013.05.23 06:12:06.267,1.87544,1.87602,1.69,1.13
2013.05.23 06:12:06.511,1.87542,1.87597,1.32,1.50
2013.05.23 06:12:06.812,1.87542,1.87599,1.32,1.50
2013.05.23 06:12:06.931,1.8754,1.87599,1.69,1.13
2013.05.23 06:12:08.341,1.87538,1.87599,1.32,1.32
2013.05.23 06:12:08.852,1.87546,1.87599,1.50,1.32
2013.05.23 06:12:08.971,1.87546,1.87609,2.25,2.07
2013.05.23 06:12:09.273,1.87546,1.87609,2.25,1.69
2013.05.23 06:12:09.401,1.87549,1.87612,1.69,2.82
2013.05.23 06:12:09.702,1.87549,1.87593,1.69,1.13
2013.05.23 06:12:10.001,1.87542,1.87603,1.69,2.44
2013.05.23 06:12:10.241,1.8754,1.87603,1.69,2.07
2013.05.23 06:12:10.541,1.87537,1.87599,1.32,1.69
2013.05.23 06:12:10.661,1.87537,1.87595,1.32,1.69
2013.05.23 06:12:11.021,1.87532,1.87592,1.69,1.13
2013.05.23 06:12:11.502,1.87527,1.87589,1.69,1.50
2013.05.23 06:12:11.751,1.87518,1.87578,1.50,1.69
2013.05.23 06:12:11.811,1.87517,1.87578,1.50,1.69
2013.05.23 06:12:12.652,1.87511,1.87575,1.69,1.69
2013.05.23 06:12:13.398,1.87509,1.87571,2.07,1.69
2013.05.23 06:12:13.842,1.87514,1.87576,1.69,1.69
2013.05.23 06:12:14.202,1.87514,1.8758,2.44,2.44
2013.05.23 06:12:15.682,1.87517,1.8758,1.69,2.44
2013.05.23 06:12:15.741,1.87518,1.8758,1.32,1.69
2013.05.23 06:12:15.921,1.8752,1.87582,1.50,1.69
2013.05.23 06:12:15.981,1.87519,1.87578,1.32,1.69
2013.05.23 06:12:16.521,1.87514,1.87576,1.69,1.13
2013.05.23 06:12:17.011,1.87514,1.87576,1.50,1.13
2013.05.23 06:12:17.826,1.87516,1.87576,1.09,1.13
2013.05.23 06:12:18.017,1.87516,1.87576,1.28,1.13
2013.05.23 06:12:18.481,1.87518,1.87579,1.84,1.69
2013.05.23 06:12:18.843,1.8752,1.87581,1.50,2.44
2013.05.23 06:12:20.753,1.8752,1.87579,1.50,1.77
2013.05.23 06:12:21.711,1.87523,1.87581,1.13,2.44
2013.05.23 06:12:21.771,1.87523,1.87581,1.13,1.69
2013.05.23 06:12:22.236,1.8752,1.87582,1.69,1.32
2013.05.23 06:12:22.310,1.87523,1.87582,1.50,1.50
2013.05.23 06:12:22.611,1.87529,1.87585,1.47,1.13
2013.05.23 06:12:22.851,1.87538,1.87595,1.20,1.69
2013.05.23 06:12:22.972,1.87542,1.87597,1.13,1.69
2013.05.23 06:12:23.281,1.87542,1.87599,1.58,1.13
2013.05.23 06:12:23.422,1.8755,1.87599,3.22,1.13
2013.05.23 06:12:23.662,1.87546,1.87602,1.50,1.13
2013.05.23 06:12:23.722,1.8754,1.87602,1.50,1.13
2013.05.23 06:12:23.842,1.8754,1.87604,1.69,1.13
2013.05.23 06:12:25.771,1.87541,1.87601,1.50,2.25
2013.05.23 06:12:25.951,1.87538,1.876,1.32,2.44
2013.05.23 06:12:26.011,1.87538,1.876,1.69,1.69
2013.05.23 06:12:26.371,1.87552,1.8761,1.50,2.44
2013.05.23 06:12:27.141,1.87552,1.87615,1.69,1.32
2013.05.23 06:12:29.311,1.87554,1.87615,1.32,1.32
2013.05.23 06:12:30.292,1.87554,1.87615,1.32,1.32
2013.05.23 06:12:33.133,1.87558,1.87615,1.32,1.32
2013.05.23 06:12:33.622,1.87559,1.87622,1.69,1.32
2013.05.23 06:12:33.801,1.87559,1.87622,2.82,1.32
2013.05.23 06:12:34.342,1.87562,1.87622,1.09,1.32
2013.05.23 06:12:34.402,1.87568,1.87624,1.50,1.69
2013.05.23 06:12:34.463,1.87571,1.87626,1.69,1.13
2013.05.23 06:12:34.521,1.87572,1.87633,1.69,1.32
2013.05.23 06:12:36.501,1.87572,1.87636,2.44,2.44
2013.05.23 06:12:37.941,1.87572,1.87636,2.44,2.44
2013.05.23 06:12:39.241,1.87573,1.87636,1.69,2.44
2013.05.23 06:12:40.156,1.87577,1.8764,1.69,1.69
2013.05.23 06:12:40.343,1.87578,1.87642,1.69,1.69
2013.05.23 06:12:41.409,1.87581,1.87649,2.44,2.44
2013.05.23 06:12:41.528,1.87582,1.87641,1.69,1.13
2013.05.23 06:12:41.721,1.87588,1.87649,1.69,1.69
2013.05.23 06:12:41.782,1.87588,1.87643,1.69,1.50
2013.05.23 06:12:42.302,1.8759,1.87652,1.69,1.13
2013.05.23 06:12:42.484,1.87589,1.87652,1.69,1.69
2013.05.23 06:12:42.923,1.87588,1.87649,1.69,1.50
2013.05.23 06:12:43.381,1.87589,1.87655,2.44,1.13
2013.05.23 06:12:43.662,1.87589,1.87654,2.44,1.13
2013.05.23 06:12:44.393,1.87592,1.87654,1.69,1.13
2013.05.23 06:12:44.654,1.87597,1.87659,1.69,1.13
2013.05.23 06:12:44.832,1.876,1.87664,1.69,1.69
2013.05.23 06:12:44.892,1.87601,1.87664,1.69,1.69
2013.05.23 06:12:45.251,1.87607,1.87664,1.50,1.69
2013.05.23 06:12:46.498,1.87611,1.87664,1.50,1.13
2013.05.23 06:12:46.574,1.87614,1.87679,2.44,2.44
2013.05.23 06:12:46.659,1.87612,1.87672,1.28,1.32
2013.05.23 06:12:46.725,1.87612,1.87672,1.28,1.69
2013.05.23 06:12:46.793,1.87612,1.87672,1.28,1.69
2013.05.23 06:12:46.923,1.87611,1.87672,1.28,2.07
2013.05.23 06:12:47.042,1.8761,1.87672,1.28,1.32
2013.05.23 06:12:47.108,1.87612,1.87672,1.28,1.69
2013.05.23 06:12:48.102,1.87611,1.87671,1.28,1.32
2013.05.23 06:12:48.622,1.87609,1.8767,1.28,1.69
2013.05.23 06:12:49.311,1.87614,1.87671,1.69,1.32
2013.05.23 06:12:49.431,1.87613,1.87676,2.44,1.13
2013.05.23 06:12:49.981,1.87611,1.87669,1.28,1.13
2013.05.23 06:12:50.222,1.87613,1.87677,1.69,1.69
2013.05.23 06:12:50.341,1.87615,1.87672,1.69,1.13
2013.05.23 06:12:50.462,1.87615,1.87676,1.32,1.69
2013.05.23 06:12:51.132,1.87609,1.8767,1.65,1.69
2013.05.23 06:12:51.906,1.87616,1.87671,2.03,1.69
2013.05.23 06:12:54.592,1.87616,1.87674,2.03,1.13
2013.05.23 06:12:55.164,1.87618,1.87674,1.09,1.13
2013.05.23 06:12:55.451,1.87618,1.87674,1.28,1.13
2013.05.23 06:12:55.633,1.87618,1.87672,1.28,1.13
2013.05.23 06:12:55.812,1.87617,1.87672,1.69,1.88
2013.05.23 06:12:55.874,1.87617,1.87672,1.69,1.13
2013.05.23 06:12:55.946,1.87618,1.87679,1.69,1.13
2013.05.23 06:12:56.251,1.87615,1.87679,1.69,1.13
2013.05.23 06:12:56.431,1.87612,1.87673,1.28,1.13
2013.05.23 06:12:56.811,1.87612,1.87673,1.28,1.13
2013.05.23 06:12:57.301,1.87607,1.87666,1.28,1.13
2013.05.23 06:12:57.802,1.87612,1.87666,1.28,1.13
2013.05.23 06:12:57.993,1.87612,1.87673,2.03,1.13
2013.05.23 06:12:58.611,1.87612,1.87672,1.09,1.32
2013.05.23 06:13:01.316,1.87612,1.87668,1.09,1.32
2013.05.23 06:13:02.272,1.87609,1.87667,1.50,1.32
2013.05.23 06:13:02.612,1.87612,1.87668,1.50,1.32
2013.05.23 06:13:03.361,1.87612,1.87673,1.69,1.32
2013.05.23 06:13:08.675,1.87612,1.87674,1.69,1.32
2013.05.23 06:13:09.392,1.87612,1.87674,1.69,1.32
2013.05.23 06:13:10.944,1.87617,1.8768,2.44,1.13
2013.05.23 06:13:12.111,1.8762,1.8768,1.69,1.13
2013.05.23 06:13:12.233,1.87617,1.8768,2.44,1.13
2013.05.23 06:13:12.742,1.87611,1.87672,2.44,1.13
2013.05.23 06:13:13.572,1.87611,1.87672,1.50,2.07
2013.05.23 06:13:13.931,1.87617,1.8768,1.50,3.19
2013.05.23 06:13:14.051,1.87614,1.87672,1.50,1.69
2013.05.23 06:13:14.171,1.87612,1.87673,1.50,1.69
2013.05.23 06:13:15.591,1.87613,1.87673,1.50,1.13
2013.05.23 06:13:15.652,1.87619,1.87673,1.50,1.13
2013.05.23 06:13:15.712,1.87619,1.8768,1.50,1.69
2013.05.23 06:13:15.771,1.87622,1.87681,1.50,1.32
2013.05.23 06:13:16.132,1.87617,1.87673,1.50,1.69
2013.05.23 06:13:16.195,1.87619,1.87676,1.69,1.50
2013.05.23 06:13:16.263,1.87619,1.87679,1.69,1.50
2013.05.23 06:13:16.458,1.87626,1.87692,1.69,3.94
2013.05.23 06:13:16.641,1.8763,1.87692,1.50,3.57
2013.05.23 06:13:16.761,1.87634,1.87692,1.50,1.32
2013.05.23 06:13:17.010,1.87637,1.87692,1.13,1.32
2013.05.23 06:13:17.191,1.87637,1.87701,2.07,2.82
2013.05.23 06:13:17.990,1.87637,1.87701,2.22,1.69
2013.05.23 06:13:18.074,1.87643,1.87706,1.65,1.69
2013.05.23 06:13:18.202,1.87645,1.87706,1.65,1.50
2013.05.23 06:13:19.911,1.87646,1.87704,1.28,1.50
2013.05.23 06:13:20.032,1.87646,1.87704,1.65,1.50
2013.05.23 06:13:20.392,1.87646,1.87702,1.65,1.50
2013.05.23 06:13:20.673,1.87644,1.87703,1.65,1.50
2013.05.23 06:13:20.972,1.87644,1.87703,1.65,1.50
2013.05.23 06:13:21.976,1.87643,1.87696,1.32,1.50
2013.05.23 06:13:22.076,1.87636,1.87684,1.32,1.50
2013.05.23 06:13:22.323,1.87628,1.87683,1.69,1.50
2013.05.23 06:13:22.742,1.87626,1.87678,2.44,1.13
2013.05.23 06:13:22.863,1.87626,1.87678,2.44,1.50
2013.05.23 06:13:23.401,1.87626,1.87685,3.19,1.50
2013.05.23 06:13:23.691,1.87626,1.87684,1.32,1.50
2013.05.23 06:13:25.424,1.87627,1.87687,1.32,1.50
2013.05.23 06:13:25.733,1.87631,1.87687,1.32,1.50
2013.05.23 06:13:26.090,1.87631,1.8768,1.32,1.50
2013.05.23 06:13:26.592,1.87629,1.87687,1.32,1.50
2013.05.23 06:13:26.812,1.87631,1.8769,1.69,1.50
2013.05.23 06:13:27.089,1.87629,1.8769,1.32,1.69
2013.05.23 06:13:27.763,1.87632,1.87691,1.32,1.32
2013.05.23 06:13:28.252,1.87628,1.87687,1.32,1.69
2013.05.23 06:13:28.552,1.87619,1.87679,1.13,1.32
2013.05.23 06:13:28.671,1.87617,1.87679,1.69,1.69
2013.05.23 06:13:29.071,1.87608,1.8767,2.07,2.25
2013.05.23 06:13:29.961,1.87611,1.8767,1.77,1.69
2013.05.23 06:13:30.285,1.87628,1.87687,1.77,1.69
2013.05.23 06:13:30.594,1.87631,1.87694,1.50,2.44
2013.05.23 06:13:30.665,1.8763,1.87693,1.69,1.69
2013.05.23 06:13:30.912,1.87632,1.87694,1.50,1.69
2013.05.23 06:13:31.044,1.87628,1.87685,1.13,1.69
2013.05.23 06:13:31.101,1.87628,1.87685,1.13,1.50
2013.05.23 06:13:31.343,1.87627,1.87688,1.69,1.69
2013.05.23 06:13:31.463,1.87622,1.87685,2.44,1.50
2013.05.23 06:13:31.805,1.87626,1.87685,1.13,1.50
2013.05.23 06:13:32.833,1.87628,1.87692,1.13,3.19
2013.05.23 06:13:33.760,1.87625,1.87689,1.69,1.69
2013.05.23 06:13:34.304,1.87621,1.87683,1.69,1.69
2013.05.23 06:13:34.621,1.8762,1.87677,1.13,1.50
2013.05.23 06:13:34.921,1.8762,1.8768,1.32,1.50
2013.05.23 06:13:35.223,1.87617,1.8768,2.07,1.69
2013.05.23 06:13:36.011,1.87634,1.87691,1.13,1.69
2013.05.23 06:13:36.133,1.87634,1.87695,2.40,1.13
2013.05.23 06:13:36.313,1.8764,1.87697,1.32,1.69
2013.05.23 06:13:36.552,1.87637,1.87696,1.32,1.50
2013.05.23 06:13:37.134,1.87636,1.87696,1.73,1.69
2013.05.23 06:13:37.892,1.87635,1.87693,1.32,1.77
2013.05.23 06:13:37.952,1.87631,1.87693,1.32,1.77
2013.05.23 06:13:38.191,1.87628,1.8769,1.69,2.44
2013.05.23 06:13:38.251,1.87629,1.8769,1.32,2.52
2013.05.23 06:13:39.528,1.87629,1.8769,1.32,1.69
2013.05.23 06:13:40.041,1.87627,1.87683,1.39,1.50
2013.05.23 06:13:40.994,1.87628,1.87682,1.13,1.58
2013.05.23 06:13:41.495,1.8762,1.87676,1.69,1.50
2013.05.23 06:13:41.733,1.87617,1.87674,1.69,1.50
2013.05.23 06:13:41.793,1.87616,1.87674,1.69,1.69
2013.05.23 06:13:41.972,1.87609,1.87671,1.69,1.50
2013.05.23 06:13:42.331,1.87608,1.87651,1.69,1.50
2013.05.23 06:13:42.692,1.87598,1.87651,1.32,1.50
2013.05.23 06:13:42.753,1.87598,1.87651,1.32,1.50
2013.05.23 06:13:44.043,1.87594,1.87654,1.69,1.69
2013.05.23 06:13:44.402,1.87601,1.87661,1.50,1.69
2013.05.23 06:13:44.524,1.87601,1.87662,1.50,1.69
2013.05.23 06:13:44.659,1.87602,1.87662,1.50,1.69
2013.05.23 06:13:44.783,1.87602,1.87665,1.69,2.44
2013.05.23 06:13:45.398,1.87602,1.87665,1.69,1.69
2013.05.23 06:13:45.944,1.87602,1.87665,1.69,1.69
2013.05.23 06:13:47.212,1.87597,1.87659,1.69,1.69
2013.05.23 06:13:48.329,1.87595,1.8765,1.69,1.50
2013.05.23 06:13:48.661,1.87585,1.87644,1.32,1.50
2013.05.23 06:13:49.722,1.87585,1.87644,1.32,1.50
2013.05.23 06:13:50.367,1.87589,1.87651,1.69,1.69
2013.05.23 06:13:50.743,1.8759,1.87649,1.69,1.50
2013.05.23 06:13:51.101,1.87587,1.87646,1.69,1.50
2013.05.23 06:13:51.225,1.8758,1.87643,1.69,1.69
2013.05.23 06:13:51.293,1.87577,1.8764,1.69,1.69
2013.05.23 06:13:51.351,1.87577,1.8764,1.69,1.69
2013.05.23 06:13:51.471,1.87583,1.87645,1.50,2.44
2013.05.23 06:13:51.532,1.87587,1.87645,1.13,1.69
2013.05.23 06:13:51.952,1.87588,1.87642,1.13,1.32
2013.05.23 06:13:52.074,1.87579,1.87639,1.32,1.69
2013.05.23 06:13:52.372,1.87572,1.87634,1.69,1.50
2013.05.23 06:13:52.432,1.8757,1.87634,1.69,1.69
2013.05.23 06:13:52.672,1.87569,1.87633,1.69,1.13
2013.05.23 06:13:52.976,1.87563,1.87629,2.25,3.94
2013.05.23 06:13:53.044,1.87561,1.87619,1.50,1.69
2013.05.23 06:13:53.162,1.87558,1.87619,2.44,1.69
2013.05.23 06:13:53.763,1.87564,1.87627,2.25,1.69
2013.05.23 06:13:53.823,1.87564,1.87631,2.44,2.44
2013.05.23 06:13:53.945,1.87564,1.87627,1.69,1.32
2013.05.23 06:13:54.192,1.87545,1.87603,1.32,1.32
2013.05.23 06:13:54.552,1.87549,1.87611,1.50,1.69
2013.05.23 06:13:54.854,1.87554,1.87617,1.50,1.69
2013.05.23 06:13:55.630,1.87544,1.87607,1.69,1.69
2013.05.23 06:13:55.707,1.87549,1.87606,1.32,1.69
2013.05.23 06:13:56.312,1.87544,1.87606,2.07,2.25
2013.05.23 06:13:57.842,1.87549,1.87612,2.07,1.69
2013.05.23 06:13:58.082,1.87557,1.87608,1.50,1.50
2013.05.23 06:13:58.422,1.87572,1.87635,1.32,1.69
2013.05.23 06:13:58.913,1.87572,1.87635,1.69,1.69
2013.05.23 06:13:58.972,1.87572,1.87635,1.32,1.69
2013.05.23 06:13:59.591,1.87572,1.87631,1.32,1.69
2013.05.23 06:14:00.123,1.87571,1.87629,1.32,1.50
2013.05.23 06:14:00.512,1.87571,1.87626,1.13,1.50
2013.05.23 06:14:00.841,1.87571,1.87623,1.13,1.50
2013.05.23 06:14:01.031,1.87561,1.8762,3.19,1.50
2013.05.23 06:14:01.273,1.87561,1.87619,1.32,1.50
2013.05.23 06:14:01.514,1.87552,1.87609,1.69,1.50
2013.05.23 06:14:01.702,1.87557,1.87611,1.69,1.50
2013.05.23 06:14:01.785,1.8756,1.87611,1.32,1.50
2013.05.23 06:14:01.853,1.8756,1.8762,2.07,1.50
2013.05.23 06:14:01.911,1.8756,1.87622,2.07,1.69
2013.05.23 06:14:02.302,1.87567,1.87622,1.13,1.69
2013.05.23 06:14:03.793,1.87564,1.8762,1.13,1.13
2013.05.23 06:14:04.064,1.87564,1.87616,1.13,1.50
2013.05.23 06:14:04.254,1.87564,1.87614,1.32,1.50
2013.05.23 06:14:04.921,1.87555,1.87614,1.32,1.50
2013.05.23 06:14:05.102,1.87559,1.87621,1.32,2.07
2013.05.23 06:14:05.657,1.87559,1.87617,1.32,1.69
2013.05.23 06:14:05.784,1.87555,1.87616,1.32,1.69
2013.05.23 06:14:06.902,1.87555,1.87616,1.32,1.69
2013.05.23 06:14:07.022,1.87562,1.87621,1.32,1.32
2013.05.23 06:14:07.141,1.87562,1.87621,1.13,1.32
2013.05.23 06:14:08.544,1.8756,1.87621,1.13,1.32
2013.05.23 06:14:10.232,1.87556,1.87618,1.69,1.69
2013.05.23 06:14:10.477,1.87561,1.87623,2.25,2.07
2013.05.23 06:14:11.034,1.87555,1.87619,1.69,2.44
2013.05.23 06:14:11.550,1.87555,1.87619,1.69,2.44
2013.05.23 06:14:12.214,1.87557,1.87616,1.32,1.65
2013.05.23 06:14:12.569,1.87551,1.87611,1.32,1.13
2013.05.23 06:14:12.872,1.87566,1.87622,1.13,1.69
2013.05.23 06:14:13.173,1.87572,1.87632,1.32,1.32
2013.05.23 06:14:13.232,1.87572,1.87634,1.32,2.44
2013.05.23 06:14:14.684,1.87572,1.87634,1.65,1.69
2013.05.23 06:14:16.531,1.87572,1.87634,1.32,1.69
2013.05.23 06:14:17.643,1.87579,1.8764,1.47,2.07
2013.05.23 06:14:18.113,1.87587,1.87643,1.13,3.19
2013.05.23 06:14:18.171,1.87585,1.87636,1.69,1.69
2013.05.23 06:14:18.353,1.87581,1.87633,1.32,1.69
2013.05.23 06:14:18.961,1.87574,1.87633,2.44,1.69
2013.05.23 06:14:19.081,1.87581,1.87633,1.13,1.69
2013.05.23 06:14:19.441,1.87572,1.8763,1.13,3.19
2013.05.23 06:14:20.192,1.87572,1.87624,1.32,1.69
2013.05.23 06:14:21.450,1.87568,1.87624,1.32,3.19
2013.05.23 06:14:22.972,1.87568,1.87624,1.32,1.69
2013.05.23 06:14:24.593,1.87568,1.8762,1.32,1.69
2013.05.23 06:14:24.832,1.87561,1.87619,2.44,1.69
2013.05.23 06:14:25.867,1.87561,1.87618,1.32,2.44
2013.05.23 06:14:27.573,1.87561,1.87618,1.13,2.44
2013.05.23 06:14:29.289,1.87561,1.87616,1.32,1.69
2013.05.23 06:14:29.971,1.87561,1.87618,1.32,3.19
2013.05.23 06:14:30.981,1.87568,1.8762,1.32,1.69
2013.05.23 06:14:31.521,1.87568,1.87625,1.32,1.69
2013.05.23 06:14:33.812,1.8757,1.87622,1.32,1.69
2013.05.23 06:14:35.926,1.8757,1.87619,1.32,1.32
2013.05.23 06:14:37.734,1.8757,1.87625,1.32,1.69
2013.05.23 06:14:37.973,1.8757,1.87622,1.65,1.69
2013.05.23 06:14:38.226,1.87579,1.87625,1.65,2.44
2013.05.23 06:14:38.296,1.87579,1.87624,1.65,1.69
2013.05.23 06:14:38.923,1.87579,1.87626,1.65,1.69
2013.05.23 06:14:40.022,1.87579,1.87626,1.32,1.69
2013.05.23 06:14:41.054,1.87577,1.87626,1.32,1.69
2013.05.23 06:14:41.590,1.87577,1.87624,1.32,2.44
2013.05.23 06:14:42.113,1.87577,1.87624,1.32,1.69
2013.05.23 06:14:42.324,1.87577,1.87624,1.13,1.69
2013.05.23 06:14:42.692,1.87569,1.87622,1.13,1.69
2013.05.23 06:14:43.246,1.87569,1.87622,1.13,1.69
2013.05.23 06:14:43.692,1.87573,1.87624,1.13,2.82
2013.05.23 06:14:44.400,1.87573,1.87624,1.13,1.32
2013.05.23 06:14:45.341,1.87573,1.87622,1.13,1.69
2013.05.23 06:14:45.652,1.87565,1.87617,2.44,2.44
2013.05.23 06:14:45.962,1.87571,1.87616,1.13,1.50
2013.05.23 06:14:46.434,1.87569,1.87613,1.13,1.13
2013.05.23 06:14:48.244,1.87566,1.87616,1.13,1.32
2013.05.23 06:14:50.682,1.87567,1.8762,1.13,1.69
2013.05.23 06:14:50.743,1.87566,1.87623,1.69,1.69
2013.05.23 06:14:50.802,1.87567,1.87624,1.32,1.69
2013.05.23 06:14:51.332,1.8757,1.87625,1.32,2.44
2013.05.23 06:14:51.451,1.87582,1.87635,1.32,1.69
2013.05.23 06:14:51.751,1.87582,1.87638,1.32,2.44
2013.05.23 06:14:53.025,1.87585,1.87638,1.32,2.44
2013.05.23 06:14:53.353,1.87579,1.87636,1.32,2.44
2013.05.23 06:14:53.892,1.87585,1.87639,1.32,1.69
2013.05.23 06:14:54.606,1.87585,1.87635,1.69,1.32
2013.05.23 06:14:54.732,1.87586,1.87638,1.32,1.69
2013.05.23 06:14:55.633,1.87587,1.87639,1.13,1.69
2013.05.23 06:14:56.172,1.87602,1.87642,1.20,2.44
2013.05.23 06:14:56.231,1.87602,1.87659,2.14,1.32
2013.05.23 06:14:56.859,1.87602,1.87653,2.14,1.32
2013.05.23 06:14:57.203,1.87602,1.87651,1.39,1.32
2013.05.23 06:14:57.646,1.87602,1.87651,1.39,1.32
2013.05.23 06:14:58.232,1.87602,1.87646,1.02,1.32
2013.05.23 06:14:58.352,1.87601,1.87646,1.95,1.32
2013.05.23 06:14:58.984,1.87598,1.87646,1.32,1.32
2013.05.23 06:15:00.032,1.876,1.87645,1.02,1.32
2013.05.23 06:15:04.402,1.87602,1.87647,1.02,1.32
2013.05.23 06:15:04.793,1.87598,1.87653,1.20,1.32
2013.05.23 06:15:05.434,1.87598,1.87652,1.39,3.19
2013.05.23 06:15:05.581,1.87598,1.87652,1.39,3.19
2013.05.23 06:15:05.761,1.87598,1.87648,1.39,1.32
2013.05.23 06:15:06.685,1.87595,1.87648,1.20,1.32
2013.05.23 06:15:10.131,1.87599,1.87648,1.20,1.32
2013.05.23 06:15:10.235,1.87603,1.87648,1.20,1.32
2013.05.23 06:15:11.402,1.87609,1.87655,1.20,2.07
2013.05.23 06:15:11.522,1.87609,1.87655,1.20,1.69
2013.05.23 06:15:11.811,1.87617,1.87662,1.20,1.69
2013.05.23 06:15:12.113,1.87617,1.87664,1.20,2.07
2013.05.23 06:15:12.305,1.87609,1.87662,1.02,1.32
2013.05.23 06:15:12.651,1.87615,1.87664,1.02,2.44
2013.05.23 06:15:14.152,1.87615,1.87664,1.02,1.69
2013.05.23 06:15:15.971,1.87608,1.87668,1.13,1.69
2013.05.23 06:15:17.413,1.87608,1.87668,1.13,1.69
2013.05.23 06:15:18.453,1.87606,1.87664,1.20,1.69
2013.05.23 06:15:19.273,1.87601,1.87651,1.47,1.20
2013.05.23 06:15:19.574,1.8761,1.87665,1.13,1.02
2013.05.23 06:15:20.123,1.8761,1.87668,1.13,1.69
2013.05.23 06:15:20.302,1.8761,1.87668,1.13,1.32
2013.05.23 06:15:20.542,1.87603,1.87659,1.28,1.13
2013.05.23 06:15:20.603,1.87602,1.87659,1.65,1.13
2013.05.23 06:15:20.974,1.87602,1.87659,1.28,1.13
2013.05.23 06:15:21.842,1.87599,1.87659,1.47,1.13
2013.05.23 06:15:22.571,1.87599,1.87659,1.65,1.13
2013.05.23 06:15:23.712,1.87599,1.87661,1.65,1.13
2013.05.23 06:15:23.891,1.87599,1.87659,1.65,1.13
2013.05.23 06:15:24.292,1.87596,1.87659,1.69,1.13
2013.05.23 06:15:24.351,1.87596,1.87643,1.69,2.18
2013.05.23 06:15:24.472,1.87596,1.87653,1.50,1.13
2013.05.23 06:15:24.532,1.87584,1.87648,3.19,1.13
2013.05.23 06:15:24.592,1.87584,1.87645,1.69,1.13
2013.05.23 06:15:25.092,1.87572,1.87633,1.69,1.13
2013.05.23 06:15:26.461,1.87575,1.87632,1.50,1.13
2013.05.23 06:15:26.952,1.87576,1.87632,1.50,1.13
2013.05.23 06:15:27.253,1.87578,1.87632,1.50,1.13
2013.05.23 06:15:28.301,1.87581,1.87632,1.50,1.13
2013.05.23 06:15:28.634,1.87582,1.87642,2.25,1.32
2013.05.23 06:15:29.012,1.87581,1.87639,1.50,1.32
2013.05.23 06:15:29.133,1.87585,1.87642,1.50,1.32
2013.05.23 06:15:29.461,1.87581,1.87639,1.50,1.32
2013.05.23 06:15:29.581,1.87582,1.87642,2.25,1.32
2013.05.23 06:15:33.620,1.87582,1.87636,1.69,1.13
2013.05.23 06:15:35.064,1.87572,1.87632,2.44,1.13
2013.05.23 06:15:35.832,1.87569,1.87632,1.69,1.13
2013.05.23 06:15:36.071,1.87569,1.8763,1.69,1.13
2013.05.23 06:15:37.139,1.87569,1.8763,1.69,1.13
2013.05.23 06:15:37.734,1.8757,1.8763,1.69,1.13
2013.05.23 06:15:39.287,1.87568,1.8763,1.69,1.50
2013.05.23 06:15:39.591,1.87564,1.87621,2.44,1.88
2013.05.23 06:15:39.711,1.87564,1.87621,1.69,1.88
2013.05.23 06:15:39.771,1.87564,1.87618,1.69,1.50
2013.05.23 06:15:40.615,1.87553,1.87613,3.19,1.50
2013.05.23 06:15:40.742,1.8755,1.87613,1.69,1.69
2013.05.23 06:15:40.864,1.87547,1.8761,1.69,1.50
2013.05.23 06:15:41.165,1.87547,1.87608,1.69,1.50
2013.05.23 06:15:41.481,1.87544,1.87602,1.69,1.13
2013.05.23 06:15:41.871,1.87542,1.87602,3.19,1.13
2013.05.23 06:15:42.430,1.87542,1.87602,1.69,1.13
2013.05.23 06:15:42.994,1.87546,1.87602,1.69,1.13
2013.05.23 06:15:43.384,1.87548,1.87608,1.69,1.69
2013.05.23 06:15:43.563,1.87546,1.87597,1.69,1.69
2013.05.23 06:15:43.682,1.87539,1.87595,2.25,1.13
2013.05.23 06:15:43.741,1.87539,1.87595,1.50,1.13
2013.05.23 06:15:43.802,1.87535,1.87597,1.50,1.32
2013.05.23 06:15:44.162,1.87541,1.87603,1.50,1.32
2013.05.23 06:15:44.282,1.87541,1.87603,1.50,1.32
2013.05.23 06:15:44.342,1.87538,1.8759,1.50,1.13
2013.05.23 06:15:44.403,1.87532,1.8759,1.50,1.13
2013.05.23 06:15:44.641,1.87538,1.8759,2.85,1.13
2013.05.23 06:15:44.821,1.87538,1.87599,2.52,2.44
2013.05.23 06:15:44.941,1.87534,1.87589,1.69,1.69
2013.05.23 06:15:45.121,1.87534,1.87597,1.69,1.32
2013.05.23 06:15:45.571,1.87527,1.87585,2.44,1.50
2013.05.23 06:15:45.751,1.87527,1.87585,2.44,1.13
2013.05.23 06:15:45.811,1.87527,1.87585,1.69,1.13
2013.05.23 06:15:47.042,1.87524,1.87579,1.50,1.32
2013.05.23 06:15:47.523,1.87518,1.8757,1.99,1.50
2013.05.23 06:15:47.823,1.8751,1.87564,1.69,1.50
2013.05.23 06:15:48.543,1.87507,1.87563,2.97,1.50
2013.05.23 06:15:48.725,1.87503,1.87562,2.44,1.13
2013.05.23 06:15:49.092,1.87512,1.87572,1.69,1.32
2013.05.23 06:15:49.602,1.87512,1.87572,1.69,1.13
2013.05.23 06:15:53.992,1.87515,1.87573,1.50,1.32
2013.05.23 06:15:54.502,1.87512,1.87573,1.50,1.32
2013.05.23 06:15:55.232,1.87524,1.87578,1.50,1.32
2013.05.23 06:15:55.685,1.87528,1.87587,1.50,2.07
2013.05.23 06:15:55.755,1.87531,1.87587,1.50,2.07
2013.05.23 06:15:55.882,1.87533,1.87587,1.50,1.69
2013.05.23 06:15:56.002,1.87533,1.87587,1.50,1.69
2013.05.23 06:15:56.061,1.87539,1.87587,1.50,1.69
2013.05.23 06:15:56.362,1.87533,1.87587,1.50,1.32
2013.05.23 06:15:56.483,1.87527,1.87587,2.25,1.32
2013.05.23 06:15:56.962,1.87531,1.87589,1.50,1.32
2013.05.23 06:15:57.021,1.87534,1.87596,1.50,1.32
2013.05.23 06:15:57.202,1.87527,1.87589,1.69,2.14
2013.05.23 06:15:57.265,1.87526,1.87589,1.69,2.14
2013.05.23 06:15:57.337,1.87521,1.87582,1.50,1.32
2013.05.23 06:15:57.461,1.87521,1.87581,1.50,1.39
2013.05.23 06:15:57.581,1.87517,1.87579,1.50,1.32
2013.05.23 06:15:57.641,1.87518,1.8758,1.50,1.69
2013.05.23 06:15:57.701,1.87523,1.8758,1.50,1.69
2013.05.23 06:15:57.941,1.87537,1.87598,1.50,1.69
2013.05.23 06:15:58.124,1.87539,1.87602,1.50,1.88
2013.05.23 06:15:58.244,1.87542,1.87604,1.69,1.13
2013.05.23 06:15:58.313,1.87548,1.87605,1.50,1.32
2013.05.23 06:15:58.552,1.87558,1.87621,1.32,3.19
2013.05.23 06:15:58.672,1.87558,1.87619,1.32,1.13
2013.05.23 06:15:59.837,1.87558,1.87619,1.32,1.13
2013.05.23 06:16:00.282,1.87556,1.87619,1.69,1.13
2013.05.23 06:16:00.847,1.87556,1.87619,2.44,1.13
2013.05.23 06:16:00.971,1.87556,1.87619,2.44,1.32
2013.05.23 06:16:01.332,1.87559,1.87619,1.69,1.32
2013.05.23 06:16:01.452,1.87559,1.87619,2.07,1.32
2013.05.23 06:16:01.572,1.87569,1.87622,1.13,1.32
2013.05.23 06:16:01.751,1.87565,1.87625,1.50,1.13
2013.05.23 06:16:02.081,1.87567,1.87628,1.13,2.44
2013.05.23 06:16:02.202,1.87577,1.87628,1.32,2.25
2013.05.23 06:16:02.321,1.87571,1.87633,1.69,2.25
2013.05.23 06:16:04.781,1.87568,1.87633,3.19,2.25
2013.05.23 06:16:04.923,1.87571,1.87632,1.32,1.13
2013.05.23 06:16:05.253,1.87568,1.87623,1.32,1.50
2013.05.23 06:16:06.457,1.87561,1.87621,1.69,1.13
2013.05.23 06:16:06.555,1.87559,1.87618,1.65,1.50
2013.05.23 06:16:07.173,1.87558,1.87618,1.65,1.50
2013.05.23 06:16:10.152,1.87559,1.87618,1.65,1.50
2013.05.23 06:16:10.514,1.87573,1.87629,1.09,1.32
2013.05.23 06:16:10.705,1.8756,1.8762,1.69,1.13
2013.05.23 06:16:11.673,1.87561,1.87621,1.69,1.13
2013.05.23 06:16:13.552,1.87567,1.87624,2.07,1.13
2013.05.23 06:16:14.159,1.87567,1.87627,2.07,1.32
2013.05.23 06:16:16.205,1.87567,1.87627,1.50,1.32
2013.05.23 06:16:17.161,1.87565,1.87627,1.69,1.32
2013.05.23 06:16:17.472,1.87557,1.87611,2.03,1.13
2013.05.23 06:16:17.993,1.87558,1.87611,1.28,1.13
2013.05.23 06:16:18.112,1.87558,1.87619,2.40,1.50
2013.05.23 06:16:18.172,1.87558,1.87621,2.40,1.50
2013.05.23 06:16:21.185,1.87556,1.87612,1.69,1.50
2013.05.23 06:16:21.512,1.87541,1.87595,2.44,1.50
2013.05.23 06:16:21.784,1.87532,1.87587,1.69,1.50
2013.05.23 06:16:21.905,1.87529,1.87587,2.63,2.25
2013.05.23 06:16:22.091,1.87529,1.87592,3.38,1.50
2013.05.23 06:16:22.433,1.87533,1.87596,1.69,2.25
2013.05.23 06:16:22.851,1.87533,1.87592,1.69,1.50
2013.05.23 06:16:23.155,1.87532,1.87586,1.69,1.50
2013.05.23 06:16:23.483,1.87516,1.87577,1.69,1.13
2013.05.23 06:16:24.735,1.87507,1.87562,1.69,1.13
2013.05.23 06:16:25.691,1.87507,1.87567,2.44,1.13
2013.05.23 06:16:26.237,1.87507,1.87567,2.44,1.13
2013.05.23 06:16:27.012,1.87507,1.87567,2.44,1.13
2013.05.23 06:16:27.743,1.87505,1.87561,1.69,1.50
2013.05.23 06:16:28.383,1.87508,1.87562,1.69,1.13
2013.05.23 06:16:28.452,1.8752,1.87582,1.50,1.32
2013.05.23 06:16:28.516,1.87518,1.87572,1.50,1.32
2013.05.23 06:16:28.582,1.87514,1.87572,1.50,1.32
2013.05.23 06:16:28.761,1.87518,1.87572,1.50,1.32
2013.05.23 06:16:29.153,1.87521,1.87583,1.50,1.32
2013.05.23 06:16:29.392,1.87518,1.87577,1.50,1.32
2013.05.23 06:16:30.963,1.8751,1.87572,1.69,1.50
2013.05.23 06:16:31.082,1.87508,1.87569,1.69,1.50
2013.05.23 06:16:31.383,1.87505,1.87566,1.69,1.13
2013.05.23 06:16:31.742,1.87498,1.87559,2.44,1.69
2013.05.23 06:16:32.283,1.87498,1.87559,2.44,1.50
2013.05.23 06:16:33.487,1.87498,1.87559,1.69,1.50
2013.05.23 06:16:34.731,1.87506,1.87565,1.69,1.50
2013.05.23 06:16:35.332,1.87506,1.8756,1.69,1.50
2013.05.23 06:16:36.871,1.87504,1.8756,1.69,2.25
2013.05.23 06:16:37.952,1.87504,1.87557,1.69,1.50
2013.05.23 06:16:38.192,1.87499,1.87554,1.28,1.50
2013.05.23 06:16:40.995,1.87499,1.87558,1.28,1.50
2013.05.23 06:16:41.061,1.87499,1.87561,1.28,2.25
2013.05.23 06:16:41.782,1.87509,1.87572,1.32,2.82
2013.05.23 06:16:42.022,1.87509,1.87572,1.32,2.63
2013.05.23 06:16:42.491,1.87509,1.87569,1.32,1.50
2013.05.23 06:16:43.282,1.87508,1.87562,1.32,1.50
2013.05.23 06:16:49.253,1.87508,1.87569,1.32,2.25
2013.05.23 06:16:51.512,1.87517,1.87571,1.13,1.50
2013.05.23 06:16:51.573,1.87517,1.87571,1.13,1.13
2013.05.23 06:16:52.093,1.87511,1.87572,1.69,1.13
2013.05.23 06:16:52.212,1.87517,1.87573,1.13,2.44
2013.05.23 06:16:54.586,1.87511,1.87569,1.69,1.50
2013.05.23 06:16:54.656,1.87508,1.87568,1.99,1.50
2013.05.23 06:16:54.855,1.87505,1.87568,1.69,1.50
2013.05.23 06:16:54.972,1.87507,1.87568,1.32,1.50
2013.05.23 06:16:57.503,1.87518,1.87572,1.13,1.69
2013.05.23 06:16:58.134,1.87528,1.87579,1.13,1.69
2013.05.23 06:16:58.191,1.87529,1.87581,1.13,1.13
2013.05.23 06:16:58.431,1.87527,1.87589,1.88,2.44
2013.05.23 06:16:59.533,1.87523,1.87585,1.69,1.50
2013.05.23 06:16:59.711,1.87519,1.87576,1.32,1.50
2013.05.23 06:17:00.932,1.87514,1.87575,1.69,1.50
2013.05.23 06:17:01.445,1.87517,1.87573,1.32,1.13
2013.05.23 06:17:02.141,1.87517,1.87573,1.32,1.13
2013.05.23 06:17:02.582,1.87518,1.87582,1.88,1.69
2013.05.23 06:17:02.902,1.87519,1.87582,1.13,2.44
2013.05.23 06:17:03.272,1.87519,1.8758,1.32,1.69
2013.05.23 06:17:03.631,1.87514,1.87576,1.32,2.25
2013.05.23 06:17:03.941,1.87514,1.87572,1.32,1.13
2013.05.23 06:17:04.315,1.87514,1.87572,1.32,1.13
2013.05.23 06:17:04.551,1.8751,1.87572,2.07,1.50
2013.05.23 06:17:04.794,1.87508,1.87569,1.32,1.50
2013.05.23 06:17:05.155,1.87514,1.87575,1.32,1.50
2013.05.23 06:17:05.473,1.87514,1.8757,1.32,1.50
2013.05.23 06:17:06.449,1.87514,1.87575,1.13,2.44
2013.05.23 06:17:06.524,1.87519,1.87581,1.13,1.32
2013.05.23 06:17:06.712,1.87521,1.87582,1.13,2.07
2013.05.23 06:17:06.832,1.87522,1.87582,2.25,1.32
2013.05.23 06:17:07.014,1.87526,1.87588,1.13,3.27
2013.05.23 06:17:07.071,1.87529,1.87588,1.13,1.77
2013.05.23 06:17:07.142,1.87528,1.87582,1.13,1.69
2013.05.23 06:17:07.321,1.87519,1.87581,1.13,2.07
2013.05.23 06:17:07.503,1.87513,1.87573,1.69,1.50
2013.05.23 06:17:07.622,1.8751,1.87572,1.69,1.50
2013.05.23 06:17:07.746,1.87503,1.87565,1.69,1.13
2013.05.23 06:17:08.172,1.87509,1.87571,1.69,1.13
2013.05.23 06:17:08.292,1.8752,1.87573,1.50,1.13
2013.05.23 06:17:08.591,1.8752,1.87581,1.50,1.69
2013.05.23 06:17:08.651,1.8752,1.87579,1.50,1.69
2013.05.23 06:17:08.952,1.87518,1.87575,1.13,1.13
2013.05.23 06:17:09.012,1.87519,1.8758,1.13,1.32
2013.05.23 06:17:09.197,1.87518,1.87573,1.13,1.13
2013.05.23 06:17:09.562,1.87518,1.87583,1.13,2.07
2013.05.23 06:17:09.683,1.87525,1.87583,1.13,1.69
2013.05.23 06:17:09.802,1.87525,1.87583,1.13,1.32
2013.05.23 06:17:10.003,1.87521,1.87581,1.50,1.32
2013.05.23 06:17:10.061,1.8752,1.87581,1.50,1.32
2013.05.23 06:17:10.123,1.8752,1.87572,1.50,2.85
2013.05.23 06:17:10.481,1.87515,1.87563,1.13,1.32
2013.05.23 06:17:10.723,1.87516,1.8757,1.13,1.69
2013.05.23 06:17:10.782,1.87525,1.87582,2.25,1.69
2013.05.23 06:17:10.873,1.87526,1.87582,1.50,1.69
2013.05.23 06:17:11.231,1.87518,1.87578,1.13,1.50
2013.05.23 06:17:11.291,1.87518,1.87578,1.13,1.13
2013.05.23 06:17:11.531,1.87518,1.87578,1.13,1.13
2013.05.23 06:17:12.956,1.87519,1.87577,1.13,1.32
2013.05.23 06:17:13.265,1.87515,1.87577,2.44,1.32
2013.05.23 06:17:13.571,1.87518,1.87577,1.13,1.32
2013.05.23 06:17:14.126,1.87516,1.87577,1.69,1.13
2013.05.23 06:17:14.681,1.87519,1.87577,1.13,1.32
2013.05.23 06:17:15.805,1.87518,1.87572,1.13,1.13
2013.05.23 06:17:17.173,1.87518,1.87572,1.13,1.13
2013.05.23 06:17:17.501,1.87515,1.87572,1.50,1.32
2013.05.23 06:17:17.861,1.87516,1.87578,1.50,1.32
2013.05.23 06:17:18.101,1.8751,1.87571,1.69,1.32
2013.05.23 06:17:18.222,1.8751,1.87571,1.69,1.13
2013.05.23 06:17:18.462,1.87518,1.87578,1.50,1.32
2013.05.23 06:17:18.642,1.87521,1.87583,2.25,1.32
2013.05.23 06:17:18.701,1.87522,1.87583,1.50,1.13
2013.05.23 06:17:18.881,1.87527,1.87583,1.50,1.13
2013.05.23 06:17:18.941,1.87527,1.87591,1.69,1.13
2013.05.23 06:17:19.481,1.87527,1.8759,1.69,1.13
2013.05.23 06:17:19.842,1.87523,1.8758,1.69,1.50
2013.05.23 06:17:19.981,1.87519,1.87581,1.69,1.50
2013.05.23 06:17:20.045,1.87527,1.87584,1.50,1.13
2013.05.23 06:17:20.663,1.87525,1.87585,1.32,1.13
2013.05.23 06:17:20.746,1.87523,1.87581,2.07,1.13
2013.05.23 06:17:20.933,1.8752,1.87578,1.32,1.50
2013.05.23 06:17:21.292,1.87511,1.8757,1.32,1.50
2013.05.23 06:17:22.153,1.87508,1.87568,1.69,1.50
2013.05.23 06:17:22.213,1.87506,1.87568,1.69,1.69
2013.05.23 06:17:22.272,1.87506,1.87568,1.69,1.13
2013.05.23 06:17:22.581,1.875,1.87564,1.69,1.69
2013.05.23 06:17:22.663,1.875,1.87562,1.69,1.13
2013.05.23 06:17:23.033,1.875,1.87562,1.69,1.13
2013.05.23 06:17:23.241,1.875,1.87562,1.69,1.32
2013.05.23 06:17:23.301,1.87497,1.87555,1.69,1.13
2013.05.23 06:17:23.842,1.87498,1.87555,1.32,1.13
2013.05.23 06:17:24.563,1.87497,1.87555,2.07,1.13
2013.05.23 06:17:24.741,1.875,1.87563,1.69,1.69
2013.05.23 06:17:25.872,1.87502,1.87563,1.69,1.13
2013.05.23 06:17:26.344,1.87502,1.87565,1.69,1.13
2013.05.23 06:17:27.743,1.87506,1.87568,1.69,1.32
2013.05.23 06:17:27.863,1.87502,1.87563,1.69,1.13
2013.05.23 06:17:28.738,1.87502,1.87563,2.44,1.13
2013.05.23 06:17:29.044,1.87511,1.87569,1.50,1.32
2013.05.23 06:17:29.103,1.87515,1.87572,1.50,1.69
2013.05.23 06:17:29.163,1.87518,1.87577,1.50,1.69
2013.05.23 06:17:29.342,1.87521,1.87583,1.69,1.69
2013.05.23 06:17:29.403,1.87523,1.87583,1.69,1.69
2013.05.23 06:17:29.733,1.87525,1.87583,1.50,1.32
2013.05.23 06:17:30.291,1.87525,1.87589,1.50,1.32
2013.05.23 06:17:31.591,1.87528,1.87589,1.13,1.32
2013.05.23 06:17:31.953,1.87521,1.87583,1.69,1.32
2013.05.23 06:17:32.504,1.87521,1.87583,1.69,1.32
2013.05.23 06:17:32.656,1.87523,1.87583,1.69,1.32
2013.05.23 06:17:33.001,1.87527,1.87588,1.50,1.32
2013.05.23 06:17:33.362,1.87531,1.87593,1.50,2.07
2013.05.23 06:17:33.423,1.87531,1.87593,1.50,2.07
2013.05.23 06:17:34.133,1.87531,1.87593,1.50,1.88
2013.05.23 06:17:35.982,1.87537,1.87593,1.13,1.32
2013.05.23 06:17:36.161,1.87541,1.876,1.09,1.32
2013.05.23 06:17:36.462,1.87547,1.87605,1.69,1.69
2013.05.23 06:17:36.522,1.87547,1.87609,2.44,1.69
2013.05.23 06:17:36.582,1.87554,1.87617,1.50,1.69
2013.05.23 06:17:37.302,1.87559,1.8762,1.50,2.44
2013.05.23 06:17:37.481,1.87559,1.8762,1.69,1.69
2013.05.23 06:17:37.603,1.8757,1.87629,1.50,1.69
2013.05.23 06:17:37.911,1.87578,1.8764,1.50,1.69
2013.05.23 06:17:37.973,1.87582,1.87642,1.50,1.69
2013.05.23 06:17:38.151,1.87584,1.87647,1.50,1.69
2013.05.23 06:17:38.704,1.87582,1.87645,1.50,2.44
2013.05.23 06:17:39.242,1.87576,1.87637,1.69,1.69
2013.05.23 06:17:39.423,1.87573,1.87637,1.69,1.69
2013.05.23 06:17:39.542,1.87572,1.87637,1.69,1.69
2013.05.23 06:17:39.782,1.87573,1.87635,1.69,2.44
2013.05.23 06:17:39.902,1.87577,1.87637,1.50,1.69
2013.05.23 06:17:40.201,1.87579,1.8764,1.50,1.69
2013.05.23 06:17:40.263,1.87578,1.8764,1.50,1.32
2013.05.23 06:17:40.326,1.87574,1.87634,1.69,1.13
2013.05.23 06:17:40.393,1.87573,1.87634,1.69,1.13
2013.05.23 06:17:40.751,1.87573,1.87636,2.07,1.69
2013.05.23 06:17:40.991,1.87574,1.87636,1.69,1.69
2013.05.23 06:17:41.525,1.87579,1.87642,1.50,1.69
2013.05.23 06:17:42.053,1.87583,1.87645,1.50,2.44
2013.05.23 06:17:43.447,1.87583,1.87645,1.50,1.69
2013.05.23 06:17:45.182,1.87585,1.87645,1.13,1.69
2013.05.23 06:17:45.541,1.87592,1.87654,1.50,1.69
2013.05.23 06:17:45.661,1.87594,1.87658,1.69,2.44
2013.05.23 06:17:46.173,1.87597,1.87658,1.50,1.69
2013.05.23 06:17:46.293,1.87598,1.87661,1.50,1.69
2013.05.23 06:17:47.064,1.87593,1.87658,1.69,1.69
2013.05.23 06:17:47.261,1.87593,1.87658,1.69,1.69
2013.05.23 06:17:48.591,1.87593,1.87658,1.69,1.69
2013.05.23 06:17:48.872,1.87597,1.8766,1.50,1.69
2013.05.23 06:17:49.231,1.87601,1.87664,1.50,1.69
2013.05.23 06:17:49.782,1.87608,1.87667,1.50,2.44
2013.05.23 06:17:50.021,1.87608,1.87667,1.50,1.32
2013.05.23 06:17:50.622,1.87609,1.87667,1.69,1.69
2013.05.23 06:17:50.982,1.87612,1.8767,1.50,1.69
2013.05.23 06:17:51.041,1.87606,1.8767,1.69,1.69
2013.05.23 06:17:51.103,1.87606,1.8767,1.69,2.44
2013.05.23 06:17:53.012,1.87606,1.8767,1.88,2.44
2013.05.23 06:17:53.251,1.8761,1.87673,1.50,1.69
2013.05.23 06:17:53.711,1.87614,1.87676,1.50,1.69
2013.05.23 06:17:53.771,1.87614,1.87677,1.69,1.69
2013.05.23 06:17:54.012,1.87617,1.87681,1.69,1.69
2013.05.23 06:17:54.853,1.87618,1.87682,1.32,2.44
2013.05.23 06:17:55.032,1.87619,1.87679,1.32,1.50
2013.05.23 06:17:55.449,1.87611,1.8767,1.32,2.25
2013.05.23 06:17:56.911,1.87613,1.87674,1.32,1.69
2013.05.23 06:17:57.111,1.87613,1.87676,1.32,2.44
2013.05.23 06:17:58.745,1.87613,1.87674,1.32,1.50
2013.05.23 06:17:58.945,1.87606,1.87667,1.50,1.32
2013.05.23 06:17:59.013,1.87612,1.8767,1.13,1.69
2013.05.23 06:17:59.332,1.87617,1.87681,1.13,2.44
2013.05.23 06:17:59.394,1.87618,1.87681,1.13,2.44
2013.05.23 06:17:59.522,1.87619,1.87681,1.50,1.69
2013.05.23 06:18:00.002,1.87627,1.87686,1.13,1.69
2013.05.23 06:18:00.372,1.87622,1.87687,1.32,1.69
2013.05.23 06:18:00.493,1.87626,1.87684,1.32,1.13
2013.05.23 06:18:00.732,1.87627,1.87686,1.32,1.50
2013.05.23 06:18:04.002,1.87627,1.87681,1.32,1.50
2013.05.23 06:18:04.242,1.87622,1.87681,1.32,1.50
2013.05.23 06:18:04.421,1.87627,1.87681,2.74,1.50
2013.05.23 06:18:04.542,1.87637,1.87686,1.13,1.50
2013.05.23 06:18:04.665,1.87627,1.87687,2.74,1.50
2013.05.23 06:18:05.072,1.87635,1.87696,1.50,1.69
2013.05.23 06:18:05.612,1.87637,1.87697,1.50,1.69
2013.05.23 06:18:05.765,1.87642,1.87705,2.25,1.69
2013.05.23 06:18:05.952,1.87626,1.87685,1.32,1.13
2013.05.23 06:18:06.282,1.87628,1.87685,1.32,1.50
2013.05.23 06:18:06.531,1.87637,1.87696,1.13,1.69
2013.05.23 06:18:06.592,1.87638,1.87699,1.13,1.69
2013.05.23 06:18:06.651,1.87638,1.87699,1.50,1.69
2013.05.23 06:18:06.772,1.87642,1.87707,1.50,1.69
2013.05.23 06:18:07.611,1.87638,1.87701,1.88,1.69
2013.05.23 06:18:08.402,1.8764,1.87701,1.50,1.69
2013.05.23 06:18:08.744,1.87644,1.8771,2.25,1.69
2013.05.23 06:18:09.172,1.87647,1.87711,2.25,1.69
2013.05.23 06:18:09.481,1.87652,1.87714,2.25,1.69
2013.05.23 06:18:10.543,1.87652,1.87718,2.25,2.44
2013.05.23 06:18:10.963,1.87652,1.87718,2.25,1.69
2013.05.23 06:18:11.323,1.87663,1.87724,1.50,1.69
2013.05.23 06:18:11.565,1.87665,1.87729,1.50,2.44
2013.05.23 06:18:11.762,1.87658,1.87718,1.69,1.69
2013.05.23 06:18:11.822,1.87657,1.87718,1.69,1.69
2013.05.23 06:18:13.772,1.87657,1.87718,1.50,1.69
2013.05.23 06:18:15.251,1.87657,1.87718,1.50,1.69
2013.05.23 06:18:16.422,1.87657,1.87718,1.50,1.69
2013.05.23 06:18:17.422,1.87657,1.87718,1.69,1.50
2013.05.23 06:18:17.484,1.87662,1.87722,1.50,1.13
2013.05.23 06:18:17.541,1.87662,1.87721,1.50,1.13
2013.05.23 06:18:17.602,1.87668,1.87729,1.50,2.07
2013.05.23 06:18:17.845,1.87668,1.87723,1.50,1.13
2013.05.23 06:18:17.972,1.87668,1.87723,1.50,1.32
2013.05.23 06:18:18.033,1.87656,1.87718,1.69,1.50
2013.05.23 06:18:18.092,1.87656,1.87718,1.69,1.50
2013.05.23 06:18:18.502,1.87652,1.87718,1.69,1.50
2013.05.23 06:18:18.583,1.87643,1.87704,1.69,1.13
2013.05.23 06:18:19.002,1.8764,1.87704,1.69,1.50
2013.05.23 06:18:19.523,1.87637,1.87699,1.69,1.50
2013.05.23 06:18:19.645,1.87637,1.87699,1.69,1.50
2013.05.23 06:18:19.822,1.87632,1.87694,2.44,1.50
2013.05.23 06:18:20.182,1.87632,1.87686,2.44,1.50
2013.05.23 06:18:21.263,1.87632,1.8769,2.44,1.50
2013.05.23 06:18:21.882,1.87628,1.87691,1.69,1.50
2013.05.23 06:18:22.821,1.8763,1.8769,1.69,1.50
2013.05.23 06:18:24.042,1.87628,1.87691,1.69,1.50
2013.05.23 06:18:24.562,1.8763,1.87691,1.69,1.50
2013.05.23 06:18:24.742,1.87636,1.87698,1.69,1.69
2013.05.23 06:18:24.942,1.87636,1.87696,1.69,1.32
2013.05.23 06:18:25.921,1.87636,1.87696,1.69,1.69
2013.05.23 06:18:26.282,1.87643,1.87697,1.50,1.13
2013.05.23 06:18:27.008,1.87644,1.87706,1.50,1.13
2013.05.23 06:18:27.333,1.87638,1.877,1.69,1.88
2013.05.23 06:18:27.772,1.8764,1.87703,1.69,1.13
2013.05.23 06:18:28.476,1.8764,1.87703,1.69,1.13
2013.05.23 06:18:28.790,1.8764,1.87703,1.69,1.69
2013.05.23 06:18:29.222,1.8764,1.87703,1.50,1.32
2013.05.23 06:18:29.401,1.87633,1.87692,1.32,1.13
2013.05.23 06:18:29.582,1.87631,1.87692,1.32,1.13
2013.05.23 06:18:29.941,1.87618,1.87677,2.44,2.25
2013.05.23 06:18:30.242,1.87621,1.87684,2.44,1.69
2013.05.23 06:18:30.305,1.87621,1.87682,2.44,1.69
2013.05.23 06:18:31.405,1.87623,1.87683,1.69,1.69
2013.05.23 06:18:32.744,1.87618,1.87677,1.69,1.50
2013.05.23 06:18:33.056,1.8762,1.87674,1.32,1.13
2013.05.23 06:18:33.182,1.87618,1.87674,1.32,1.13
2013.05.23 06:18:34.373,1.87618,1.87672,1.32,1.13
2013.05.23 06:18:34.911,1.87615,1.87672,1.32,1.13
2013.05.23 06:18:36.372,1.87618,1.87672,1.32,1.13
2013.05.23 06:18:37.112,1.87618,1.87672,1.65,1.13
2013.05.23 06:18:38.413,1.87618,1.87672,1.28,1.50
2013.05.23 06:18:39.531,1.87618,1.87672,1.65,1.50
2013.05.23 06:18:39.882,1.87618,1.87668,1.32,1.50
2013.05.23 06:18:40.302,1.87617,1.87672,1.32,1.50
2013.05.23 06:18:40.423,1.87617,1.87676,1.32,1.50
2013.05.23 06:18:40.481,1.87617,1.87676,1.32,1.50
2013.05.23 06:18:41.502,1.876,1.87649,1.50,1.69
2013.05.23 06:18:41.621,1.876,1.87643,1.50,1.69
2013.05.23 06:18:41.741,1.876,1.87647,1.50,1.69
2013.05.23 06:18:41.862,1.876,1.87643,1.50,2.44
2013.05.23 06:18:42.106,1.87578,1.87631,1.69,1.50
2013.05.23 06:18:42.836,1.87571,1.87632,2.44,1.50
2013.05.23 06:18:43.082,1.87571,1.87629,1.69,1.50
2013.05.23 06:18:43.392,1.87568,1.8762,1.69,1.50
2013.05.23 06:18:43.754,1.87563,1.8762,1.69,1.50
2013.05.23 06:18:43.812,1.87564,1.87626,1.69,1.50
2013.05.23 06:18:44.991,1.87564,1.87626,1.69,1.50
2013.05.23 06:18:45.111,1.87564,1.87624,1.69,1.13
2013.05.23 06:18:45.451,1.87568,1.87624,2.44,1.13
2013.05.23 06:18:45.752,1.87581,1.87633,1.50,1.32
2013.05.23 06:18:46.051,1.87581,1.87642,1.50,1.69
2013.05.23 06:18:46.113,1.87579,1.87642,1.50,1.69
2013.05.23 06:18:46.174,1.87579,1.87644,1.50,3.19
2013.05.23 06:18:46.245,1.87581,1.87644,1.50,3.19
2013.05.23 06:18:46.554,1.87579,1.87644,1.50,3.19
2013.05.23 06:18:46.673,1.87578,1.87632,1.50,1.50
2013.05.23 06:18:47.012,1.87571,1.8763,1.69,1.50
2013.05.23 06:18:47.132,1.87567,1.8763,2.44,1.50
2013.05.23 06:18:47.193,1.87567,1.8763,2.44,1.69
2013.05.23 06:18:47.254,1.87568,1.87624,2.22,1.50
2013.05.23 06:18:47.791,1.87567,1.87625,2.29,1.50
2013.05.23 06:18:48.031,1.87568,1.87629,1.69,2.44
2013.05.23 06:18:48.092,1.87568,1.87629,1.69,1.69
2013.05.23 06:18:48.153,1.87567,1.87629,1.69,1.32
2013.05.23 06:18:48.212,1.87566,1.87622,1.69,1.13
2013.05.23 06:18:48.271,1.87564,1.87622,1.69,1.13
2013.05.23 06:18:48.813,1.87559,1.8762,1.69,1.50
2013.05.23 06:18:49.091,1.87563,1.87621,1.69,1.13
2013.05.23 06:18:49.212,1.87563,1.87623,1.69,1.50
2013.05.23 06:18:49.612,1.87558,1.87618,1.69,1.50
2013.05.23 06:18:49.851,1.87557,1.87616,1.69,1.13
2013.05.23 06:18:50.435,1.87557,1.87616,1.69,1.13
2013.05.23 06:18:50.981,1.87557,1.87616,1.69,1.13
2013.05.23 06:18:51.692,1.87562,1.87621,1.69,1.32
2013.05.23 06:18:51.873,1.87564,1.87628,1.50,1.32
2013.05.23 06:18:52.752,1.87562,1.87622,1.69,1.32
2013.05.23 06:18:53.303,1.87562,1.87622,2.44,1.13
2013.05.23 06:18:53.482,1.87568,1.87622,1.50,1.13
2013.05.23 06:18:53.842,1.87571,1.87633,1.50,1.32
2013.05.23 06:18:55.382,1.87568,1.87629,1.69,1.13
2013.05.23 06:18:55.504,1.87565,1.87629,1.69,1.50
2013.05.23 06:18:55.832,1.87557,1.87613,1.69,1.50
2013.05.23 06:18:56.680,1.87554,1.87613,1.69,1.50
2013.05.23 06:18:56.802,1.87556,1.87616,1.69,1.50
2013.05.23 06:18:56.863,1.87556,1.87618,1.69,1.50
2013.05.23 06:18:56.922,1.87556,1.87616,1.69,1.50
2013.05.23 06:18:57.223,1.8755,1.87613,1.69,1.69
2013.05.23 06:18:57.466,1.87548,1.87611,1.69,1.13
2013.05.23 06:18:57.932,1.8754,1.87604,1.69,1.50
2013.05.23 06:18:58.271,1.87537,1.87599,2.44,2.25
2013.05.23 06:18:58.645,1.87537,1.87599,1.69,2.25
2013.05.23 06:19:00.203,1.87537,1.87599,1.69,2.25
2013.05.23 06:19:01.243,1.87537,1.87597,2.07,1.13
2013.05.23 06:19:01.663,1.87537,1.87591,1.32,1.13
2013.05.23 06:19:01.964,1.8753,1.8758,2.44,1.50
2013.05.23 06:19:02.144,1.87522,1.87578,1.69,1.50
2013.05.23 06:19:02.262,1.87518,1.87578,1.32,1.13
2013.05.23 06:19:02.564,1.87507,1.87568,1.69,1.50
2013.05.23 06:19:02.753,1.87503,1.87564,1.69,2.25
2013.05.23 06:19:02.811,1.87497,1.8756,1.69,1.50
2013.05.23 06:19:03.130,1.87492,1.87554,1.69,2.25
2013.05.23 06:19:03.746,1.87494,1.87554,1.69,1.50
2013.05.23 06:19:03.814,1.875,1.87565,1.69,1.69
2013.05.23 06:19:03.991,1.87499,1.87561,1.69,1.32
2013.05.23 06:19:04.052,1.87492,1.87553,2.44,1.13
2013.05.23 06:19:04.562,1.87492,1.87553,1.69,1.50
2013.05.23 06:19:04.863,1.87491,1.87553,1.69,1.13
2013.05.23 06:19:05.221,1.87493,1.87555,1.69,1.50
2013.05.23 06:19:05.462,1.87493,1.87555,1.32,2.25
2013.05.23 06:19:05.794,1.87493,1.87555,1.32,2.25
2013.05.23 06:19:07.792,1.87493,1.87553,1.32,1.13
2013.05.23 06:19:08.175,1.87489,1.87549,1.69,1.50
2013.05.23 06:19:08.692,1.87487,1.87549,2.44,1.50
2013.05.23 06:19:10.601,1.87491,1.87553,1.69,1.69
2013.05.23 06:19:11.675,1.87477,1.87539,1.69,1.84
2013.05.23 06:19:11.981,1.87474,1.87535,1.69,1.13
2013.05.23 06:19:12.164,1.87473,1.87535,2.44,1.13
2013.05.23 06:19:12.291,1.87473,1.87535,1.50,1.32
2013.05.23 06:19:12.351,1.87469,1.87531,1.32,1.32
2013.05.23 06:19:12.471,1.87468,1.87531,1.69,1.32
2013.05.23 06:19:13.262,1.87468,1.87531,1.50,1.32
2013.05.23 06:19:13.562,1.87474,1.87531,1.50,1.32
2013.05.23 06:19:13.622,1.87475,1.87536,1.50,1.32
2013.05.23 06:19:13.981,1.87482,1.87546,1.69,1.69
2013.05.23 06:19:14.167,1.87488,1.87551,1.50,1.32
2013.05.23 06:19:14.472,1.87491,1.87552,1.50,1.32
2013.05.23 06:19:14.832,1.8751,1.87574,2.25,1.69
2013.05.23 06:19:15.251,1.87508,1.87569,1.50,1.69
2013.05.23 06:19:15.371,1.87506,1.87569,1.50,1.69
2013.05.23 06:19:15.722,1.8751,1.87571,1.50,1.69
2013.05.23 06:19:15.784,1.8751,1.87574,1.69,1.69
2013.05.23 06:19:15.962,1.8751,1.87574,2.44,1.32
2013.05.23 06:19:16.253,1.87508,1.87566,1.69,1.13
2013.05.23 06:19:16.492,1.87504,1.87566,2.44,1.13
2013.05.23 06:19:17.212,1.87504,1.87566,1.69,1.13
2013.05.23 06:19:17.514,1.875,1.87561,1.69,1.13
2013.05.23 06:19:17.894,1.875,1.87561,1.69,1.13
2013.05.23 06:19:18.192,1.87499,1.87561,2.44,1.32
2013.05.23 06:19:18.252,1.87499,1.87561,1.69,1.32
2013.05.23 06:19:18.431,1.87499,1.87563,1.69,1.32
2013.05.23 06:19:18.792,1.87507,1.87567,2.25,1.32
2013.05.23 06:19:19.636,1.87517,1.87569,1.50,1.32
2013.05.23 06:19:19.771,1.87517,1.87577,1.50,1.13
2013.05.23 06:19:20.111,1.87506,1.87572,2.44,2.44
2013.05.23 06:19:20.171,1.87506,1.87572,1.69,1.69
2013.05.23 06:19:20.532,1.87499,1.87557,1.69,1.50
2013.05.23 06:19:20.714,1.87501,1.87562,1.69,1.88
2013.05.23 06:19:21.911,1.87504,1.8757,3.19,1.69
2013.05.23 06:19:22.332,1.87504,1.87566,2.44,1.13
2013.05.23 06:19:22.642,1.87508,1.87566,1.50,1.13
2013.05.23 06:19:23.003,1.87511,1.87573,2.25,1.88
2013.05.23 06:19:23.637,1.87511,1.87573,1.50,1.88
2013.05.23 06:19:23.702,1.87504,1.87564,1.69,1.13
2013.05.23 06:19:23.762,1.87502,1.87564,1.69,1.13
2013.05.23 06:19:24.461,1.87504,1.87567,1.69,1.69
2013.05.23 06:19:24.522,1.87504,1.87567,1.69,1.69
2013.05.23 06:19:24.642,1.87508,1.87572,1.50,1.69
2013.05.23 06:19:25.522,1.87508,1.87569,1.50,1.32
2013.05.23 06:19:25.821,1.87502,1.87563,2.44,1.13
2013.05.23 06:19:26.721,1.87502,1.87563,2.44,1.13
2013.05.23 06:19:27.233,1.87502,1.87563,1.69,1.50
2013.05.23 06:19:27.542,1.87496,1.87555,1.69,2.25
2013.05.23 06:19:28.222,1.87492,1.87555,2.07,2.25
2013.05.23 06:19:29.232,1.87495,1.87555,1.69,1.50
2013.05.23 06:19:29.412,1.87499,1.87562,1.69,2.44
2013.05.23 06:19:29.532,1.87508,1.87561,1.13,1.50
2013.05.23 06:19:31.591,1.87508,1.87558,1.32,1.50
2013.05.23 06:19:31.934,1.87498,1.87555,2.07,1.50
2013.05.23 06:19:32.293,1.87493,1.87547,1.32,1.50
2013.05.23 06:19:33.693,1.87488,1.87547,1.65,1.50
2013.05.23 06:19:33.812,1.87487,1.87549,2.40,1.50
2013.05.23 06:19:33.871,1.87497,1.87553,1.32,1.50
2013.05.23 06:19:33.993,1.87497,1.87553,1.32,1.13
2013.05.23 06:19:34.171,1.87499,1.87555,1.13,1.50
2013.05.23 06:19:34.352,1.87508,1.87561,1.13,2.07
2013.05.23 06:19:34.782,1.87508,1.87561,1.32,1.88
2013.05.23 06:19:35.686,1.87499,1.87561,1.69,1.50
2013.05.23 06:19:36.923,1.87505,1.87565,1.69,1.69
2013.05.23 06:19:38.136,1.87508,1.87565,1.28,1.69
2013.05.23 06:19:38.712,1.87504,1.87565,1.13,1.13
2013.05.23 06:19:38.772,1.87498,1.87552,1.50,1.13
2013.05.23 06:19:38.831,1.87491,1.87552,1.69,1.13
2013.05.23 06:19:38.893,1.87497,1.87552,1.88,1.13
2013.05.23 06:19:39.012,1.87507,1.87552,1.13,1.50
2013.05.23 06:19:39.132,1.87508,1.87558,1.13,1.50
2013.05.23 06:19:39.192,1.87499,1.8756,1.88,1.50
2013.05.23 06:19:39.912,1.87508,1.87562,1.13,1.88
2013.05.23 06:19:40.092,1.87518,1.87562,1.09,1.13
2013.05.23 06:19:40.613,1.87518,1.87572,1.09,2.44
2013.05.23 06:19:40.852,1.87518,1.87571,1.09,1.50
2013.05.23 06:19:41.853,1.87518,1.8757,1.09,1.50
2013.05.23 06:19:42.225,1.87508,1.87558,2.78,1.50
2013.05.23 06:19:42.294,1.87499,1.87558,1.32,1.50
2013.05.23 06:19:42.593,1.87491,1.87554,1.69,1.50
2013.05.23 06:19:42.921,1.87487,1.87548,2.44,1.50
2013.05.23 06:19:43.193,1.87487,1.87548,1.69,1.50
2013.05.23 06:19:43.253,1.87488,1.87546,1.69,1.13
2013.05.23 06:19:43.672,1.87481,1.87541,1.69,1.13
2013.05.23 06:19:45.202,1.87479,1.87541,1.69,1.13
2013.05.23 06:19:45.683,1.87481,1.87542,1.32,1.50
2013.05.23 06:19:45.801,1.87487,1.87549,2.07,1.69
2013.05.23 06:19:45.921,1.87489,1.8755,1.13,1.69
2013.05.23 06:19:46.162,1.87496,1.87559,1.69,1.50
2013.05.23 06:19:46.797,1.87499,1.87563,1.69,2.44
2013.05.23 06:19:47.343,1.87499,1.87563,1.69,2.25
2013.05.23 06:19:48.492,1.87496,1.87559,1.69,1.50
2013.05.23 06:19:48.962,1.87499,1.87563,1.69,2.44
2013.05.23 06:19:52.222,1.875,1.87563,1.69,1.69
2013.05.23 06:19:52.343,1.87503,1.87566,1.69,1.69
2013.05.23 06:19:52.522,1.87499,1.87563,1.32,2.44
2013.05.23 06:19:53.342,1.87499,1.87563,1.32,2.25
2013.05.23 06:19:53.702,1.87498,1.87557,2.07,1.50
2013.05.23 06:19:54.052,1.87499,1.87563,1.32,1.50
2013.05.23 06:19:55.861,1.87502,1.87564,1.69,1.69
2013.05.23 06:19:56.102,1.87491,1.87552,1.69,1.50
2013.05.23 06:19:57.182,1.87491,1.87552,1.32,1.88
2013.05.23 06:19:58.935,1.8749,1.87549,1.28,1.13
2013.05.23 06:19:59.352,1.87488,1.87541,1.47,1.88
2013.05.23 06:19:59.412,1.87484,1.87541,1.13,2.22
2013.05.23 06:19:59.713,1.87466,1.87531,1.50,1.65
2013.05.23 06:19:59.952,1.87462,1.87523,1.69,1.13
2013.05.23 06:20:00.616,1.8746,1.87523,1.69,1.13
2013.05.23 06:20:01.402,1.87462,1.87524,1.69,1.88
2013.05.23 06:20:02.124,1.87465,1.87528,1.69,1.13
2013.05.23 06:20:02.973,1.87467,1.87528,1.69,1.13
2013.05.23 06:20:03.092,1.8747,1.87533,2.25,1.47
2013.05.23 06:20:03.583,1.8747,1.87533,2.25,1.32
2013.05.23 06:20:03.702,1.87473,1.87533,1.50,1.32
2013.05.23 06:20:04.022,1.87473,1.87533,1.50,1.32
2013.05.23 06:20:04.306,1.87473,1.87533,1.69,1.32
2013.05.23 06:20:04.554,1.87471,1.87531,1.69,1.50
2013.05.23 06:20:04.672,1.87467,1.87533,1.69,2.44
2013.05.23 06:20:04.855,1.87466,1.87533,2.44,2.44
2013.05.23 06:20:05.102,1.87471,1.87533,1.69,1.32
2013.05.23 06:20:05.221,1.87471,1.87533,1.69,1.32
2013.05.23 06:20:05.723,1.87465,1.87525,1.69,1.13
2013.05.23 06:20:05.783,1.87462,1.87525,1.69,1.13
2013.05.23 06:20:06.322,1.87469,1.87531,1.50,1.32
2013.05.23 06:20:06.442,1.87471,1.87531,1.50,1.13
2013.05.23 06:20:06.563,1.87471,1.87531,1.50,1.69
2013.05.23 06:20:06.684,1.87481,1.87539,1.50,1.32
2013.05.23 06:20:06.866,1.87491,1.87548,1.50,1.13
2013.05.23 06:20:07.202,1.87494,1.87553,1.50,1.69
2013.05.23 06:20:07.382,1.87502,1.87557,1.50,1.69
2013.05.23 06:20:08.053,1.87502,1.8756,1.50,1.32
2013.05.23 06:20:08.132,1.87526,1.87586,2.25,1.32
2013.05.23 06:20:08.252,1.87526,1.87586,2.25,1.32
2013.05.23 06:20:08.561,1.87527,1.87587,1.50,1.32
2013.05.23 06:20:08.992,1.87526,1.87581,1.69,1.13
2013.05.23 06:20:09.502,1.87518,1.87582,2.44,1.13
2013.05.23 06:20:09.621,1.87518,1.8758,1.69,1.50
2013.05.23 06:20:09.923,1.87508,1.87559,1.32,1.50
2013.05.23 06:20:09.983,1.87497,1.87559,1.32,1.50
2013.05.23 06:20:10.043,1.87493,1.87557,2.44,1.50
2013.05.23 06:20:10.582,1.87493,1.87556,1.69,1.50
2013.05.23 06:20:11.025,1.87495,1.87556,1.69,2.25
2013.05.23 06:20:11.092,1.87495,1.87556,1.69,1.69
2013.05.23 06:20:11.151,1.87501,1.87565,1.50,1.69
2013.05.23 06:20:11.481,1.87507,1.87566,2.25,1.13
2013.05.23 06:20:11.963,1.87511,1.87566,1.50,1.13
2013.05.23 06:20:12.262,1.87515,1.87576,1.50,2.07
2013.05.23 06:20:12.561,1.8752,1.87576,1.50,1.32
2013.05.23 06:20:12.934,1.8752,1.87576,2.25,1.13
2013.05.23 06:20:14.132,1.8752,1.87581,1.50,1.32
2013.05.23 06:20:15.110,1.8752,1.87581,1.50,1.32
2013.05.23 06:20:15.352,1.87515,1.87575,1.50,1.32
2013.05.23 06:20:15.531,1.87515,1.87578,1.50,1.69
2013.05.23 06:20:16.478,1.87515,1.87579,2.25,1.69
2013.05.23 06:20:16.824,1.87516,1.87569,1.69,1.13
2013.05.23 06:20:17.341,1.87519,1.8758,2.44,1.13
2013.05.23 06:20:18.172,1.87525,1.87587,1.69,1.32
2013.05.23 06:20:18.761,1.87525,1.87587,1.69,1.13
2013.05.23 06:20:19.002,1.87525,1.87587,2.44,1.13
2013.05.23 06:20:19.544,1.87525,1.87589,1.69,1.69
2013.05.23 06:20:19.602,1.8753,1.87593,1.69,1.13
2013.05.23 06:20:19.985,1.8753,1.87593,2.44,1.13
2013.05.23 06:20:22.342,1.87525,1.87587,1.69,1.13
2013.05.23 06:20:22.648,1.87515,1.87578,1.69,1.13
2013.05.23 06:20:22.992,1.87515,1.87573,2.44,1.13
2013.05.23 06:20:23.140,1.87515,1.87573,1.69,1.13
2013.05.23 06:20:23.563,1.8751,1.87571,1.69,1.13
2013.05.23 06:20:23.682,1.8751,1.87571,1.69,1.32
2013.05.23 06:20:27.755,1.87527,1.87584,1.50,1.69
2013.05.23 06:20:27.817,1.8753,1.87593,2.44,1.65
2013.05.23 06:20:27.955,1.8754,1.87595,1.50,1.02
2013.05.23 06:20:28.712,1.87537,1.87595,1.50,1.39
2013.05.23 06:20:29.152,1.87541,1.87592,1.50,1.20
2013.05.23 06:20:29.803,1.87546,1.87602,1.50,1.32
2013.05.23 06:20:30.133,1.87538,1.87592,1.69,1.13
2013.05.23 06:20:30.192,1.87537,1.87592,1.69,1.13
2013.05.23 06:20:30.442,1.8753,1.8759,1.69,1.13
2013.05.23 06:20:31.045,1.87533,1.87597,1.69,1.13
2013.05.23 06:20:31.282,1.87533,1.87597,1.69,1.32
2013.05.23 06:20:32.064,1.8754,1.87597,1.50,1.32
2013.05.23 06:20:32.383,1.8754,1.87603,2.25,2.07
2013.05.23 06:20:33.902,1.8754,1.87603,1.69,1.88
2013.05.23 06:20:34.262,1.87533,1.876,2.44,1.32
2013.05.23 06:20:34.503,1.87534,1.876,1.69,1.32
2013.05.23 06:20:36.122,1.87533,1.876,2.44,2.07
2013.05.23 06:20:36.844,1.87524,1.87586,1.69,1.13
2013.05.23 06:20:37.173,1.87524,1.87586,1.69,1.13
2013.05.23 06:20:37.482,1.87531,1.87589,1.69,1.13
2013.05.23 06:20:37.638,1.87536,1.87595,1.69,1.32
2013.05.23 06:20:37.761,1.87538,1.87601,1.50,1.32
2013.05.23 06:20:39.843,1.87541,1.87602,1.50,2.07
2013.05.23 06:20:39.904,1.87538,1.87602,1.69,2.07
2013.05.23 06:20:40.462,1.87538,1.87602,1.69,1.32
2013.05.23 06:20:41.802,1.8752,1.87579,1.69,1.50
2013.05.23 06:20:41.983,1.87517,1.87577,1.69,1.13
2013.05.23 06:20:42.104,1.87501,1.87561,1.69,1.13
2013.05.23 06:20:42.164,1.87501,1.87552,1.69,2.40
2013.05.23 06:20:42.474,1.87486,1.87548,1.69,1.20
2013.05.23 06:20:42.532,1.87486,1.87549,1.69,1.13
2013.05.23 06:20:42.712,1.87486,1.87542,2.44,1.13
2013.05.23 06:20:42.833,1.8748,1.87544,1.69,1.32
2013.05.23 06:20:42.971,1.87474,1.8754,1.69,1.32
2013.05.23 06:20:43.032,1.87475,1.8754,1.69,1.32
2013.05.23 06:20:44.043,1.87475,1.8754,1.69,1.32
2013.05.23 06:20:44.632,1.87476,1.8754,1.69,1.32
2013.05.23 06:20:44.932,1.87483,1.87543,1.50,1.32
2013.05.23 06:20:45.052,1.87482,1.87546,2.44,1.32
2013.05.23 06:20:45.232,1.87483,1.87546,1.69,1.32
2013.05.23 06:20:45.772,1.87479,1.87541,1.69,1.13
2013.05.23 06:20:46.073,1.87477,1.87522,1.50,1.20
2013.05.23 06:20:46.133,1.87467,1.87522,2.44,1.20
2013.05.23 06:20:46.371,1.87462,1.87521,1.69,1.20
2013.05.23 06:20:47.152,1.87454,1.87517,3.19,1.13
2013.05.23 06:20:47.453,1.87462,1.87518,1.69,1.20
2013.05.23 06:20:47.573,1.87467,1.87518,1.50,1.20
2013.05.23 06:20:47.932,1.87468,1.87519,1.50,1.39
2013.05.23 06:20:48.302,1.87467,1.87518,1.50,1.20
2013.05.23 06:20:48.464,1.87462,1.87518,2.44,1.20
2013.05.23 06:20:49.935,1.87444,1.87501,2.44,1.20
2013.05.23 06:20:50.245,1.87447,1.87506,1.69,1.13
2013.05.23 06:20:50.553,1.87457,1.8752,1.50,1.32
2013.05.23 06:20:50.732,1.87451,1.87503,1.69,1.20
2013.05.23 06:20:50.853,1.87448,1.87502,1.69,1.20
2013.05.23 06:20:50.912,1.87451,1.87502,1.69,1.20
2013.05.23 06:20:51.032,1.87453,1.87512,1.50,1.32
2013.05.23 06:20:51.272,1.87445,1.87502,1.69,1.50
2013.05.23 06:20:51.332,1.87445,1.875,1.69,1.58
2013.05.23 06:20:51.392,1.87436,1.87499,1.69,1.50
2013.05.23 06:20:51.452,1.87438,1.87501,1.69,2.25
2013.05.23 06:20:51.512,1.87437,1.87495,1.77,1.50
2013.05.23 06:20:51.872,1.87437,1.87498,1.28,1.13
2013.05.23 06:20:51.992,1.87443,1.87498,1.69,1.13
2013.05.23 06:20:52.114,1.87442,1.87501,1.50,1.32
2013.05.23 06:20:52.175,1.87442,1.87504,3.00,1.32
2013.05.23 06:20:52.492,1.87432,1.87493,1.69,1.13
2013.05.23 06:20:53.642,1.87428,1.8749,1.69,1.69
2013.05.23 06:20:54.163,1.87425,1.87489,2.44,1.13
2013.05.23 06:20:55.263,1.8743,1.8749,1.50,1.32
2013.05.23 06:20:55.442,1.87433,1.87491,1.50,1.32
2013.05.23 06:20:55.622,1.87436,1.87491,2.25,1.32
2013.05.23 06:20:55.741,1.87439,1.87491,1.50,1.32
2013.05.23 06:20:55.802,1.87444,1.87491,1.50,1.32
2013.05.23 06:20:56.832,1.87444,1.875,1.50,1.32
2013.05.23 06:20:57.164,1.87443,1.87502,2.25,1.32
2013.05.23 06:20:57.412,1.87444,1.875,1.50,1.13
2013.05.23 06:20:57.783,1.87443,1.87499,1.50,1.39
2013.05.23 06:20:57.963,1.87439,1.87494,1.50,1.32
2013.05.23 06:20:58.145,1.87435,1.87494,1.50,1.32
2013.05.23 06:20:59.102,1.87432,1.87492,1.50,1.32
2013.05.23 06:20:59.162,1.8743,1.87492,1.50,1.32
2013.05.23 06:20:59.282,1.87426,1.87487,1.50,1.32
2013.05.23 06:20:59.343,1.87424,1.87487,2.44,1.32
2013.05.23 06:20:59.525,1.87431,1.87489,1.50,1.32
2013.05.23 06:20:59.773,1.87425,1.87487,1.69,1.32
2013.05.23 06:21:00.013,1.87428,1.87487,1.50,1.32
2013.05.23 06:21:00.073,1.8743,1.8749,1.50,1.32
2013.05.23 06:21:00.192,1.8743,1.87488,1.50,1.32
2013.05.23 06:21:00.252,1.87426,1.87484,1.50,1.32
2013.05.23 06:21:00.439,1.87428,1.87484,1.50,1.32
2013.05.23 06:21:00.623,1.87432,1.87484,2.25,1.32
2013.05.23 06:21:00.745,1.87426,1.87484,1.50,2.40
2013.05.23 06:21:01.212,1.87422,1.87483,1.50,1.32
2013.05.23 06:21:01.612,1.87421,1.87483,2.25,1.69
2013.05.23 06:21:01.974,1.87421,1.87474,1.50,1.32
2013.05.23 06:21:02.033,1.87421,1.87474,1.50,1.32
2013.05.23 06:21:02.213,1.87423,1.87474,1.50,1.32
2013.05.23 06:21:02.523,1.87426,1.87474,1.50,1.32
2013.05.23 06:21:04.886,1.87418,1.87474,1.69,1.20
2013.05.23 06:21:05.013,1.87416,1.87473,1.69,1.13
2013.05.23 06:21:05.133,1.87426,1.87477,1.50,1.32
2013.05.23 06:21:05.263,1.87424,1.8747,1.50,1.20
2013.05.23 06:21:05.324,1.87422,1.8747,1.69,1.20
2013.05.23 06:21:05.384,1.8742,1.8747,1.69,1.20
2013.05.23 06:21:05.882,1.8742,1.87481,1.50,1.13
2013.05.23 06:21:06.302,1.87421,1.87481,1.50,1.88
2013.05.23 06:21:06.362,1.8742,1.87481,1.50,1.88
2013.05.23 06:21:09.852,1.87418,1.87479,1.50,1.47
2013.05.23 06:21:10.032,1.8741,1.87475,1.69,1.13
2013.05.23 06:21:10.333,1.8741,1.87472,1.50,1.13
2013.05.23 06:21:10.743,1.87418,1.87472,1.50,1.32
2013.05.23 06:21:10.862,1.87419,1.87475,2.25,1.32
2013.05.23 06:21:11.397,1.87421,1.87481,1.69,1.32
2013.05.23 06:21:11.462,1.87427,1.87481,1.50,1.32
2013.05.23 06:21:11.582,1.87426,1.87481,2.25,1.32
2013.05.23 06:21:11.897,1.87427,1.87489,1.50,2.07
2013.05.23 06:21:12.941,1.8742,1.8748,1.69,1.32
2013.05.23 06:21:13.002,1.87422,1.8748,1.69,1.13
2013.05.23 06:21:13.312,1.87426,1.87485,1.69,1.13
2013.05.23 06:21:13.431,1.87422,1.87486,2.44,1.13
2013.05.23 06:21:13.551,1.87422,1.87485,2.44,1.13
2013.05.23 06:21:15.462,1.87422,1.87485,1.69,1.32
2013.05.23 06:21:15.703,1.87426,1.87485,1.69,1.32
2013.05.23 06:21:16.004,1.87431,1.87491,1.50,2.07
2013.05.23 06:21:16.184,1.87438,1.87491,1.50,1.13
2013.05.23 06:21:16.601,1.87441,1.87501,1.50,1.13
2013.05.23 06:21:16.913,1.87441,1.87501,1.50,1.32
2013.05.23 06:21:17.033,1.8743,1.87493,2.44,1.32
2013.05.23 06:21:17.212,1.8743,1.87492,1.69,1.32
2013.05.23 06:21:17.273,1.87425,1.87487,2.25,2.07
2013.05.23 06:21:17.452,1.87425,1.87483,1.50,1.69
2013.05.23 06:21:17.512,1.87418,1.87481,1.69,1.69
2013.05.23 06:21:17.664,1.87418,1.87481,1.69,1.32
2013.05.23 06:21:18.098,1.87412,1.87476,2.44,1.13
2013.05.23 06:21:18.498,1.87412,1.87475,2.25,1.32
2013.05.23 06:21:19.007,1.87412,1.87475,1.50,1.32
2013.05.23 06:21:19.087,1.87407,1.8747,1.69,1.32
2013.05.23 06:21:19.456,1.87396,1.87458,2.44,1.69
2013.05.23 06:21:19.526,1.87392,1.87454,1.69,1.69
2013.05.23 06:21:19.653,1.87384,1.87438,1.69,1.50
2013.05.23 06:21:19.956,1.87359,1.8742,1.69,1.13
2013.05.23 06:21:20.025,1.87358,1.8742,1.50,1.13
2013.05.23 06:21:20.093,1.8734,1.87402,3.19,1.13
2013.05.23 06:21:20.333,1.8734,1.87402,2.44,1.32
2013.05.23 06:21:20.452,1.87343,1.87402,1.50,1.32
2013.05.23 06:21:20.841,1.87347,1.87408,2.25,1.32
2013.05.23 06:21:20.962,1.87344,1.87403,1.50,1.32
2013.05.23 06:21:21.242,1.8734,1.87403,2.44,1.32
2013.05.23 06:21:22.263,1.87341,1.87403,1.69,1.32
2013.05.23 06:21:22.382,1.87341,1.87403,1.69,1.32
2013.05.23 06:21:22.954,1.87344,1.87403,1.69,1.32
2013.05.23 06:21:25.745,1.87344,1.87403,1.69,1.32
2013.05.23 06:21:26.304,1.87344,1.87403,1.69,1.32
2013.05.23 06:21:26.374,1.87344,1.87403,1.69,1.32
2013.05.23 06:21:26.775,1.87344,1.87403,1.69,1.32
2013.05.23 06:21:27.711,1.87347,1.87408,1.69,1.32
2013.05.23 06:21:28.043,1.87357,1.87419,1.69,1.50
2013.05.23 06:21:28.164,1.87381,1.87442,1.69,1.50
2013.05.23 06:21:28.233,1.87378,1.87439,3.94,1.13
2013.05.23 06:21:28.592,1.87385,1.87447,1.50,1.13
2013.05.23 06:21:28.653,1.87385,1.87447,1.50,1.13
2013.05.23 06:21:28.712,1.87379,1.87442,1.69,1.13
2013.05.23 06:21:28.972,1.87381,1.87443,1.69,1.50
2013.05.23 06:21:29.092,1.87388,1.87452,2.25,1.13
2013.05.23 06:21:29.483,1.87392,1.87451,1.69,1.13
2013.05.23 06:21:30.022,1.87398,1.8746,1.69,1.32
2013.05.23 06:21:31.091,1.87397,1.8746,1.69,1.32
2013.05.23 06:21:31.402,1.87392,1.87451,1.69,1.13
2013.05.23 06:21:32.183,1.87389,1.87447,1.69,1.50
2013.05.23 06:21:32.614,1.87362,1.8742,1.69,1.13
2013.05.23 06:21:33.192,1.87362,1.87421,1.69,1.13
2013.05.23 06:21:33.313,1.87362,1.8742,1.69,1.13
2013.05.23 06:21:33.847,1.87404,1.87461,1.69,1.13
2013.05.23 06:21:33.972,1.87405,1.87466,2.44,1.13
2013.05.23 06:21:34.032,1.87408,1.87469,1.69,1.69
2013.05.23 06:21:34.092,1.87404,1.87455,1.69,1.50
2013.05.23 06:21:34.212,1.87404,1.8747,3.19,2.44
2013.05.23 06:21:34.512,1.87412,1.87475,1.69,1.69
2013.05.23 06:21:34.812,1.87412,1.87477,2.44,1.69
2013.05.23 06:21:35.174,1.8741,1.87468,1.69,1.13
2013.05.23 06:21:35.372,1.8741,1.87471,1.69,1.50
2013.05.23 06:21:35.802,1.87408,1.87471,1.69,1.50
2013.05.23 06:21:36.505,1.87403,1.87463,1.69,1.50
2013.05.23 06:21:36.885,1.874,1.87462,1.69,2.25
2013.05.23 06:21:36.943,1.87399,1.87462,1.69,2.25
2013.05.23 06:21:38.342,1.87399,1.87462,1.69,1.50
2013.05.23 06:21:38.873,1.87405,1.87471,2.44,2.44
2013.05.23 06:21:39.533,1.87409,1.87471,1.50,1.69
2013.05.23 06:21:39.712,1.87405,1.87468,1.69,1.69
2013.05.23 06:21:40.124,1.87409,1.87471,1.50,1.69
2013.05.23 06:21:40.702,1.87411,1.87472,1.50,1.69
2013.05.23 06:21:41.112,1.87415,1.87477,1.50,1.69
2013.05.23 06:21:41.412,1.87418,1.87479,1.50,1.69
2013.05.23 06:21:41.652,1.87426,1.87491,1.69,2.07
2013.05.23 06:21:41.712,1.87428,1.87491,1.69,2.07
2013.05.23 06:21:42.272,1.87433,1.87493,1.50,1.32
2013.05.23 06:21:43.086,1.87428,1.87483,1.32,1.50
2013.05.23 06:21:43.156,1.87421,1.87483,2.44,1.50
2013.05.23 06:21:43.223,1.87421,1.87477,1.69,1.50
2013.05.23 06:21:43.342,1.8742,1.87481,2.44,1.50
2013.05.23 06:21:44.114,1.8742,1.87478,1.69,2.25
2013.05.23 06:21:44.244,1.87414,1.87476,1.69,1.69
2013.05.23 06:21:44.425,1.87412,1.87452,1.69,1.58
2013.05.23 06:21:44.544,1.87388,1.87444,1.50,1.39
2013.05.23 06:21:44.603,1.87381,1.87443,1.69,1.32
2013.05.23 06:21:44.723,1.8738,1.87439,1.69,1.58
2013.05.23 06:21:45.242,1.87377,1.87437,1.13,1.58
2013.05.23 06:21:45.601,1.87375,1.87431,1.69,1.20
2013.05.23 06:21:45.661,1.87375,1.87434,1.69,1.39
2013.05.23 06:21:45.842,1.87367,1.87429,1.69,1.13
2013.05.23 06:21:46.731,1.87367,1.87429,1.69,1.32
2013.05.23 06:21:47.812,1.87369,1.87426,1.13,1.02
2013.05.23 06:21:47.993,1.87369,1.87429,1.32,1.58
2013.05.23 06:21:48.053,1.87369,1.87432,1.32,1.69
2013.05.23 06:21:48.235,1.87384,1.87441,1.50,1.32
2013.05.23 06:21:49.275,1.87384,1.87447,1.50,1.69
2013.05.23 06:21:50.195,1.87384,1.87448,1.50,3.19
2013.05.23 06:21:50.373,1.87386,1.87448,1.50,1.69
2013.05.23 06:21:50.932,1.87386,1.87445,1.50,2.03
2013.05.23 06:21:50.992,1.87381,1.87431,1.69,1.17
2013.05.23 06:21:51.052,1.87377,1.87431,2.44,1.17
2013.05.23 06:21:51.112,1.87377,1.87425,1.50,1.02
2013.05.23 06:21:51.233,1.87374,1.87424,1.50,1.02
2013.05.23 06:21:51.292,1.87372,1.87433,1.50,1.32
2013.05.23 06:21:53.300,1.87371,1.87427,2.25,1.69
2013.05.23 06:21:54.443,1.87366,1.87425,1.50,1.32
2013.05.23 06:21:54.682,1.87366,1.87425,1.50,1.32
2013.05.23 06:21:54.803,1.87361,1.87423,1.50,1.69
2013.05.23 06:21:54.982,1.87368,1.87425,1.50,1.32
2013.05.23 06:21:55.342,1.87375,1.87425,1.13,1.69
2013.05.23 06:21:55.462,1.87375,1.87434,1.13,1.69
2013.05.23 06:21:55.643,1.87375,1.87435,1.13,1.69
2013.05.23 06:21:56.082,1.87378,1.87439,1.13,1.69
2013.05.23 06:21:56.442,1.87391,1.87446,1.50,1.69
2013.05.23 06:21:56.502,1.87391,1.87449,1.50,1.69
2013.05.23 06:21:56.761,1.87387,1.87447,1.50,1.69
2013.05.23 06:21:56.822,1.87385,1.87447,1.50,1.69
2013.05.23 06:21:57.062,1.87382,1.87443,1.69,1.69
2013.05.23 06:21:57.823,1.87383,1.87444,2.25,1.69
2013.05.23 06:21:58.242,1.87383,1.87433,1.50,1.32
2013.05.23 06:21:58.301,1.87368,1.87423,2.25,1.32
2013.05.23 06:21:58.361,1.87362,1.87423,1.50,1.32
2013.05.23 06:21:58.482,1.87365,1.87422,1.50,1.32
2013.05.23 06:21:58.662,1.87372,1.87429,1.50,1.32
2013.05.23 06:21:59.022,1.87387,1.8744,2.25,1.69
2013.05.23 06:21:59.195,1.87387,1.87448,2.25,1.69
2013.05.23 06:22:00.222,1.87387,1.87445,1.50,1.69
2013.05.23 06:22:01.452,1.87387,1.87444,1.50,1.69
2013.05.23 06:22:02.682,1.87387,1.87446,1.50,1.69
2013.05.23 06:22:04.663,1.87387,1.87446,1.69,1.69
2013.05.23 06:22:04.722,1.87387,1.87448,1.69,1.69
2013.05.23 06:22:04.782,1.87387,1.87448,1.50,1.69
2013.05.23 06:22:05.703,1.87387,1.87447,2.25,1.69
2013.05.23 06:22:07.472,1.87381,1.87443,1.69,1.69
2013.05.23 06:22:07.832,1.87387,1.87443,1.13,1.69
2013.05.23 06:22:08.192,1.87397,1.87449,1.13,1.69
2013.05.23 06:22:08.493,1.87406,1.87449,1.50,1.69
2013.05.23 06:22:08.553,1.87406,1.87464,1.50,1.69
2013.05.23 06:22:08.683,1.87406,1.87464,1.50,1.69
2013.05.23 06:22:09.881,1.87409,1.87464,1.50,1.69
2013.05.23 06:22:10.643,1.87409,1.87467,1.69,1.69
2013.05.23 06:22:10.771,1.87411,1.8747,1.50,1.69
2013.05.23 06:22:12.214,1.87408,1.87467,1.13,1.69
2013.05.23 06:22:12.332,1.87398,1.8746,1.88,1.50
2013.05.23 06:22:12.772,1.87398,1.87458,1.88,1.50
2013.05.23 06:22:13.073,1.87398,1.87453,1.13,2.25
2013.05.23 06:22:13.691,1.87391,1.87451,1.69,1.50
2013.05.23 06:22:13.931,1.87391,1.87451,1.32,1.50
2013.05.23 06:22:14.292,1.8739,1.87453,1.69,3.00
2013.05.23 06:22:15.564,1.87389,1.87452,1.69,1.69
2013.05.23 06:22:16.171,1.87395,1.87457,1.69,1.69
2013.05.23 06:22:16.453,1.87395,1.87457,1.50,2.44
2013.05.23 06:22:16.813,1.87398,1.87457,1.13,2.44
2013.05.23 06:22:17.974,1.87396,1.87457,1.50,2.44
2013.05.23 06:22:18.371,1.87396,1.87457,1.69,1.69
2013.05.23 06:22:18.885,1.87396,1.87457,1.69,1.69
2013.05.23 06:22:19.336,1.87396,1.87457,1.69,1.69
2013.05.23 06:22:20.662,1.87396,1.87457,1.69,1.69
2013.05.23 06:22:20.843,1.87396,1.87453,1.69,1.69
2013.05.23 06:22:21.428,1.87392,1.87451,1.69,1.50
2013.05.23 06:22:22.633,1.87398,1.8745,1.13,1.50
2013.05.23 06:22:23.472,1.87389,1.8745,2.82,1.69
2013.05.23 06:22:23.654,1.87389,1.8745,2.44,1.69
2013.05.23 06:22:24.011,1.87392,1.8745,1.69,1.69
2013.05.23 06:22:25.022,1.87392,1.8745,1.69,1.50
2013.05.23 06:22:26.542,1.87397,1.87454,1.69,1.50
2013.05.23 06:22:26.842,1.87402,1.87464,1.69,1.69
2013.05.23 06:22:27.263,1.87402,1.87464,2.44,1.69
2013.05.23 06:22:28.665,1.87396,1.87462,2.44,1.69
2013.05.23 06:22:28.723,1.87396,1.87458,2.44,1.69
2013.05.23 06:22:28.902,1.87396,1.87458,2.44,1.69
2013.05.23 06:22:29.312,1.87396,1.87458,2.44,1.69
2013.05.23 06:22:29.522,1.87402,1.87458,1.50,1.69
2013.05.23 06:22:29.883,1.87408,1.87464,1.50,1.50
2013.05.23 06:22:30.004,1.8741,1.8747,1.50,1.50
2013.05.23 06:22:30.122,1.8742,1.87481,1.50,1.69
2013.05.23 06:22:30.242,1.87423,1.87481,1.50,1.32
2013.05.23 06:22:30.363,1.87427,1.87488,1.50,1.32
2013.05.23 06:22:30.722,1.87442,1.87504,1.69,1.69
2013.05.23 06:22:31.290,1.87444,1.87504,1.50,1.69
2013.05.23 06:22:31.374,1.87449,1.87506,1.13,1.69
2013.05.23 06:22:31.442,1.87447,1.87507,1.69,1.69
2013.05.23 06:22:31.813,1.87447,1.87509,1.88,1.50
2013.05.23 06:22:32.172,1.87461,1.87515,1.50,1.69
2013.05.23 06:22:32.532,1.87468,1.87524,1.50,1.69
2013.05.23 06:22:32.773,1.87471,1.87532,1.69,1.32
2013.05.23 06:22:33.484,1.87476,1.87537,1.50,1.32
2013.05.23 06:22:35.013,1.8746,1.87519,1.32,1.50
2013.05.23 06:22:35.328,1.87452,1.87513,1.69,1.50
2013.05.23 06:22:35.761,1.87462,1.8752,1.69,1.50
2013.05.23 06:22:35.822,1.87462,1.87522,1.69,1.13
2013.05.23 06:22:36.303,1.87459,1.87524,1.69,1.69
2013.05.23 06:22:38.655,1.87453,1.87515,1.69,1.69
2013.05.23 06:22:39.313,1.87453,1.8752,1.69,2.44
2013.05.23 06:22:42.174,1.87453,1.87517,1.69,1.69
2013.05.23 06:22:45.922,1.87455,1.87517,1.69,1.69
2013.05.23 06:22:46.462,1.8746,1.87522,1.50,1.13
2013.05.23 06:22:49.498,1.87459,1.87522,1.50,1.69
2013.05.23 06:22:52.472,1.87459,1.87525,1.69,3.19
2013.05.23 06:22:57.364,1.87459,1.87522,1.69,1.32
2013.05.23 06:23:01.262,1.87461,1.87522,1.50,1.32
2013.05.23 06:23:01.322,1.87461,1.87522,1.50,1.32
2013.05.23 06:23:01.442,1.87467,1.87525,2.25,1.32
2013.05.23 06:23:01.744,1.87474,1.8753,1.50,1.32
2013.05.23 06:23:02.221,1.87476,1.87531,1.50,1.69
2013.05.23 06:23:02.401,1.8748,1.87535,1.50,1.69
2013.05.23 06:23:02.582,1.87475,1.87536,1.50,1.69
2013.05.23 06:23:02.642,1.87473,1.87536,1.50,1.69
2013.05.23 06:23:02.882,1.87469,1.87534,1.69,1.69
2013.05.23 06:23:03.432,1.87462,1.87526,1.32,1.69
2013.05.23 06:23:03.973,1.87465,1.87521,1.32,1.50
2013.05.23 06:23:04.293,1.87461,1.87517,1.32,1.50
2013.05.23 06:23:04.653,1.87455,1.87517,1.69,1.69
2013.05.23 06:23:05.053,1.87452,1.87513,1.32,1.69
2013.05.23 06:23:06.574,1.87456,1.87516,1.50,1.69
2013.05.23 06:23:06.693,1.87461,1.87524,1.13,2.44
2013.05.23 06:23:06.752,1.87462,1.87524,1.13,1.69
2013.05.23 06:23:07.871,1.87462,1.87524,1.32,1.69
2013.05.23 06:23:09.184,1.87468,1.8753,1.13,1.69
2013.05.23 06:23:11.253,1.87468,1.87527,1.13,1.69
2013.05.23 06:23:11.611,1.87464,1.87524,1.32,1.69
2013.05.23 06:23:11.852,1.87464,1.8753,2.82,2.44
2013.05.23 06:23:12.320,1.87464,1.8753,2.82,2.44
2013.05.23 06:23:13.713,1.87464,1.8753,2.44,2.44
2013.05.23 06:23:16.163,1.87464,1.8753,2.44,2.44
2013.05.23 06:23:17.360,1.87461,1.87525,1.69,1.69
2013.05.23 06:23:17.923,1.87458,1.87524,2.44,1.69
2013.05.23 06:23:18.374,1.87458,1.87522,1.69,1.69
2013.05.23 06:23:18.732,1.87448,1.87511,1.69,2.25
2013.05.23 06:23:19.124,1.87448,1.87504,1.32,1.50
2013.05.23 06:23:20.463,1.87443,1.87504,1.32,2.25
2013.05.23 06:23:20.522,1.87442,1.87504,1.69,1.50
2013.05.23 06:23:20.962,1.87447,1.87504,1.32,1.50
2013.05.23 06:23:21.144,1.87448,1.8751,1.32,1.69
2013.05.23 06:23:22.558,1.87448,1.8751,1.13,2.44
2013.05.23 06:23:22.703,1.87448,1.8751,1.13,1.69
2013.05.23 06:23:23.322,1.87447,1.8751,1.69,1.69
2013.05.23 06:23:23.382,1.87448,1.8751,1.13,1.69
2013.05.23 06:23:23.585,1.87448,1.8751,1.13,1.69
2013.05.23 06:23:23.876,1.87451,1.8751,1.13,1.50
2013.05.23 06:23:25.081,1.87448,1.8751,1.88,1.50
2013.05.23 06:23:28.000,1.87448,1.8751,1.13,1.69
2013.05.23 06:23:31.001,1.87448,1.8751,1.13,1.69
2013.05.23 06:23:31.322,1.87448,1.8751,1.13,1.69
2013.05.23 06:23:31.443,1.87448,1.87507,1.88,1.50
2013.05.23 06:23:31.805,1.87448,1.87505,1.13,2.25
2013.05.23 06:23:38.694,1.87448,1.87504,1.32,1.50
2013.05.23 06:23:39.887,1.87449,1.87504,1.32,1.50
2013.05.23 06:23:43.417,1.87448,1.87504,1.32,1.50
2013.05.23 06:23:46.693,1.87446,1.87501,1.69,1.50
2013.05.23 06:23:47.689,1.87447,1.87498,1.32,1.50
2013.05.23 06:23:51.542,1.87447,1.87499,1.32,2.25
2013.05.23 06:23:54.681,1.87447,1.87498,1.13,1.50
2013.05.23 06:23:55.983,1.87448,1.87498,1.32,1.50
2013.05.23 06:23:56.153,1.87438,1.87498,1.69,1.50
2013.05.23 06:23:56.272,1.87447,1.87499,1.32,2.25
2013.05.23 06:23:57.472,1.87447,1.87495,1.32,1.50
2013.05.23 06:23:57.959,1.87447,1.87492,1.32,1.50
2013.05.23 06:24:00.422,1.87437,1.87489,1.32,1.50
2013.05.23 06:24:00.720,1.87437,1.87487,1.32,1.50
2013.05.23 06:24:02.602,1.87437,1.87487,1.32,1.50
2013.05.23 06:24:03.463,1.8743,1.87485,1.69,1.50
2013.05.23 06:24:03.773,1.87437,1.87481,1.13,1.50
2013.05.23 06:24:03.891,1.87437,1.87488,1.13,2.44
2013.05.23 06:24:04.132,1.87438,1.87497,1.13,1.69
2013.05.23 06:24:04.311,1.87438,1.875,3.38,1.69
2013.05.23 06:24:05.291,1.87442,1.875,1.50,1.69
2013.05.23 06:24:05.411,1.87442,1.87504,1.69,2.44
2013.05.23 06:24:05.483,1.87448,1.87504,1.13,2.44
2013.05.23 06:24:07.907,1.87448,1.87504,1.32,1.50
2013.05.23 06:24:08.060,1.87448,1.87506,2.07,1.50
2013.05.23 06:24:08.122,1.87448,1.87509,2.07,2.44
2013.05.23 06:24:08.422,1.87454,1.87513,1.32,1.69
2013.05.23 06:24:08.661,1.87448,1.8751,1.69,1.69
2013.05.23 06:24:08.722,1.87448,1.8751,1.69,1.69
2013.05.23 06:24:08.781,1.87448,1.87509,2.07,1.69
2013.05.23 06:24:09.082,1.87457,1.8751,1.32,1.50
2013.05.23 06:24:09.261,1.87448,1.87509,2.82,1.50
2013.05.23 06:24:09.674,1.87458,1.87507,1.32,1.50
2013.05.23 06:24:09.972,1.87447,1.87504,2.07,1.50
2013.05.23 06:24:10.032,1.87447,1.87501,2.07,1.50
2013.05.23 06:24:10.700,1.87437,1.87498,1.32,2.44
2013.05.23 06:24:10.775,1.8743,1.87493,1.88,2.25
2013.05.23 06:24:11.022,1.87421,1.87486,1.69,1.69
2013.05.23 06:24:11.552,1.87418,1.87479,1.32,1.69
2013.05.23 06:24:13.404,1.87417,1.87479,1.32,1.69
2013.05.23 06:24:13.463,1.87417,1.87479,1.32,1.69
2013.05.23 06:24:13.869,1.87427,1.87486,1.50,1.69
2013.05.23 06:24:14.182,1.87436,1.87499,2.25,1.69
2013.05.23 06:24:14.460,1.87431,1.87494,2.25,1.69
2013.05.23 06:24:14.972,1.87431,1.87494,2.25,1.69
2013.05.23 06:24:16.378,1.87428,1.87487,2.63,1.69
2013.05.23 06:24:16.501,1.87428,1.87487,2.44,1.69
2013.05.23 06:24:16.621,1.87432,1.87496,2.25,1.69
2013.05.23 06:24:16.742,1.87427,1.87487,2.44,1.32
2013.05.23 06:24:18.862,1.87425,1.87481,1.50,1.32
2013.05.23 06:24:21.065,1.87425,1.87481,1.50,1.32
2013.05.23 06:24:22.372,1.87425,1.87487,1.69,1.65
2013.05.23 06:24:22.491,1.87433,1.87487,1.50,1.32
2013.05.23 06:24:22.551,1.87436,1.87498,1.50,1.69
2013.05.23 06:24:22.611,1.87437,1.875,1.50,1.69
2013.05.23 06:24:22.732,1.87437,1.87491,1.50,1.32
2013.05.23 06:24:23.092,1.8743,1.87491,1.69,1.69
2013.05.23 06:24:23.272,1.87428,1.87491,1.69,2.07
2013.05.23 06:24:23.692,1.87428,1.87491,2.44,2.07
2013.05.23 06:24:24.822,1.87428,1.87484,1.13,1.69
2013.05.23 06:24:24.943,1.87428,1.87484,1.13,1.69
2013.05.23 06:24:25.621,1.87428,1.87484,1.13,1.69
2013.05.23 06:24:25.743,1.87433,1.87495,2.25,1.69
2013.05.23 06:24:26.282,1.87436,1.87495,1.13,1.69
2013.05.23 06:24:26.922,1.87436,1.87495,1.13,1.69
2013.05.23 06:24:27.172,1.87433,1.87495,1.50,1.69
2013.05.23 06:24:27.673,1.87433,1.87488,1.50,1.69
2013.05.23 06:24:27.973,1.87427,1.87488,1.69,1.69
2013.05.23 06:24:30.986,1.87424,1.87488,1.69,2.44
2013.05.23 06:24:31.342,1.87427,1.87488,1.69,1.69
2013.05.23 06:24:31.643,1.87435,1.87494,1.50,1.77
2013.05.23 06:24:31.942,1.87429,1.87486,1.50,1.77
2013.05.23 06:24:32.491,1.87425,1.87485,1.13,1.77
2013.05.23 06:24:32.552,1.87422,1.87485,1.69,1.77
2013.05.23 06:24:33.331,1.87422,1.87486,1.50,1.69
2013.05.23 06:24:33.574,1.87418,1.87474,1.50,1.32
2013.05.23 06:24:35.363,1.87418,1.87472,1.50,1.32
2013.05.23 06:24:35.663,1.87406,1.87469,1.69,1.69
2013.05.23 06:24:36.403,1.87406,1.87467,1.50,1.77
2013.05.23 06:24:36.742,1.8741,1.87469,1.50,1.69
2013.05.23 06:24:37.592,1.87413,1.87473,1.50,1.69
2013.05.23 06:24:37.667,1.87409,1.87469,1.13,1.69
2013.05.23 06:24:38.452,1.87407,1.87462,1.32,1.69
2013.05.23 06:24:38.512,1.87403,1.87461,1.13,1.69
2013.05.23 06:24:38.572,1.874,1.87453,1.50,1.32
2013.05.23 06:24:38.975,1.87394,1.87452,2.44,1.32
2013.05.23 06:24:39.093,1.87394,1.87452,1.69,1.32
2013.05.23 06:24:39.483,1.87394,1.87452,1.32,1.32
2013.05.23 06:24:39.856,1.87398,1.87453,1.32,1.32
2013.05.23 06:24:40.224,1.874,1.87458,1.13,1.69
2013.05.23 06:24:40.644,1.87415,1.87472,1.32,1.69
2013.05.23 06:24:40.884,1.87417,1.87472,1.13,1.69
2013.05.23 06:24:41.243,1.87425,1.87478,1.13,1.69
2013.05.23 06:24:41.483,1.87429,1.87491,1.69,1.69
2013.05.23 06:24:41.543,1.87429,1.87491,1.32,1.69
2013.05.23 06:24:41.962,1.87446,1.87507,1.69,1.69
2013.05.23 06:24:42.022,1.8745,1.8751,1.69,1.69
2013.05.23 06:24:42.361,1.87459,1.8751,1.13,1.69
2013.05.23 06:24:42.742,1.8745,1.87508,1.69,1.69
2013.05.23 06:24:43.482,1.87446,1.87508,1.69,2.44
2013.05.23 06:24:43.783,1.87464,1.8752,1.39,1.69
2013.05.23 06:24:43.903,1.87464,1.87523,1.39,1.69
2013.05.23 06:24:44.023,1.8746,1.87523,1.69,2.44
2013.05.23 06:24:44.083,1.87466,1.87525,1.50,2.44
2013.05.23 06:24:44.204,1.87461,1.87522,1.69,1.69
2013.05.23 06:24:44.902,1.87461,1.87514,1.50,1.69
2013.05.23 06:24:45.943,1.87462,1.87521,1.58,1.32
2013.05.23 06:24:46.062,1.87467,1.87522,2.33,1.32
2013.05.23 06:24:46.182,1.87467,1.87528,1.95,1.69
2013.05.23 06:24:46.754,1.87478,1.87531,1.20,1.32
2013.05.23 06:24:47.062,1.87489,1.87543,1.20,1.69
2013.05.23 06:24:47.182,1.87494,1.8755,1.13,1.69
2013.05.23 06:24:47.367,1.87509,1.87565,1.13,1.69
2013.05.23 06:24:47.493,1.87506,1.8757,1.13,2.44
2013.05.23 06:24:47.792,1.87513,1.87571,1.32,1.69
2013.05.23 06:24:47.852,1.87524,1.87581,1.13,1.69
2013.05.23 06:24:48.733,1.87521,1.87577,1.32,1.69
2013.05.23 06:24:49.093,1.87521,1.87582,1.32,3.94
2013.05.23 06:24:49.213,1.8753,1.87582,2.14,1.69
2013.05.23 06:24:49.753,1.8753,1.87583,1.39,1.69
2013.05.23 06:24:50.213,1.87525,1.87582,1.32,1.50
2013.05.23 06:24:50.332,1.87525,1.87579,1.32,1.50
2013.05.23 06:24:50.653,1.87525,1.8757,1.32,2.25
2013.05.23 06:24:51.443,1.87516,1.8757,1.13,2.25
2013.05.23 06:24:53.473,1.87541,1.8758,1.20,1.69
2013.05.23 06:24:53.532,1.87541,1.87585,1.20,1.50
2013.05.23 06:24:54.263,1.87529,1.87577,1.32,1.50
2013.05.23 06:24:54.323,1.87529,1.87572,1.32,1.50
2013.05.23 06:24:54.502,1.87529,1.87569,1.32,1.50
2013.05.23 06:24:55.003,1.87513,1.87566,1.32,1.50
2013.05.23 06:24:55.361,1.87513,1.87563,1.32,1.50
2013.05.23 06:24:55.722,1.87513,1.87557,1.32,1.50
2013.05.23 06:24:56.822,1.87508,1.87557,1.32,1.50
2013.05.23 06:24:57.062,1.87508,1.87563,1.32,1.50
2013.05.23 06:24:57.462,1.875,1.87563,1.69,1.50
2013.05.23 06:24:57.612,1.87508,1.87563,1.13,2.25
2013.05.23 06:24:57.914,1.87544,1.87592,1.20,1.69
2013.05.23 06:24:57.972,1.87534,1.87586,2.48,1.50
2013.05.23 06:24:58.032,1.87528,1.87586,1.69,1.50
2013.05.23 06:24:58.092,1.87528,1.87577,1.50,1.69
2013.05.23 06:24:58.152,1.87509,1.87569,1.32,2.25
2013.05.23 06:24:59.322,1.87507,1.87569,1.32,2.44
2013.05.23 06:25:02.882,1.87505,1.87563,1.32,1.69
2013.05.23 06:25:04.954,1.87504,1.87562,1.32,2.44
2013.05.23 06:25:05.142,1.87501,1.87558,1.13,1.69
2013.05.23 06:25:05.202,1.87498,1.87552,1.69,1.32
2013.05.23 06:25:05.263,1.87492,1.87542,1.69,1.13
2013.05.23 06:25:05.441,1.87492,1.87542,1.50,1.32
2013.05.23 06:25:05.701,1.8748,1.87541,1.69,1.69
2013.05.23 06:25:05.964,1.87483,1.8754,1.13,1.69
2013.05.23 06:25:06.083,1.87483,1.8754,1.13,1.69
2013.05.23 06:25:06.143,1.8748,1.87537,1.32,1.50
2013.05.23 06:25:06.503,1.87468,1.87525,1.32,1.50
2013.05.23 06:25:06.564,1.87464,1.87524,1.13,1.69
2013.05.23 06:25:07.723,1.87462,1.87521,1.32,3.19
2013.05.23 06:25:08.024,1.87452,1.87497,1.50,1.32
2013.05.23 06:25:08.204,1.87433,1.87493,1.32,1.69
2013.05.23 06:25:08.322,1.87429,1.87488,1.32,1.50
2013.05.23 06:25:08.742,1.87437,1.87492,1.32,1.69
2013.05.23 06:25:08.802,1.87437,1.87495,1.32,2.44
2013.05.23 06:25:08.984,1.87434,1.87495,2.44,2.44
2013.05.23 06:25:09.043,1.87434,1.87495,2.07,2.44
2013.05.23 06:25:09.464,1.87439,1.87501,1.32,2.44
2013.05.23 06:25:09.763,1.87433,1.87493,1.69,1.69
2013.05.23 06:25:10.122,1.87421,1.87484,2.44,1.69
2013.05.23 06:25:11.132,1.87418,1.87478,1.69,1.69
2013.05.23 06:25:11.494,1.87431,1.87487,1.13,1.69
2013.05.23 06:25:11.672,1.87431,1.87493,1.32,1.69
2013.05.23 06:25:11.912,1.87431,1.87493,1.32,2.44
2013.05.23 06:25:12.774,1.87431,1.87493,1.32,3.19
2013.05.23 06:25:14.154,1.87431,1.87491,1.32,1.69
2013.05.23 06:25:15.202,1.87431,1.87491,1.32,1.69
2013.05.23 06:25:15.263,1.87431,1.87492,1.32,1.69
2013.05.23 06:25:15.934,1.87457,1.87505,2.63,2.44
2013.05.23 06:25:16.383,1.87457,1.87515,1.50,2.44
2013.05.23 06:25:16.444,1.87451,1.87515,2.25,3.19
2013.05.23 06:25:17.022,1.87454,1.87515,1.13,3.19
2013.05.23 06:25:17.402,1.87454,1.87515,1.13,1.69
2013.05.23 06:25:17.462,1.87451,1.87511,1.50,1.69
2013.05.23 06:25:17.522,1.87449,1.87508,1.69,1.69
2013.05.23 06:25:18.121,1.87448,1.87505,1.13,1.69
2013.05.23 06:25:18.563,1.87433,1.87495,1.13,1.69
2013.05.23 06:25:18.922,1.87438,1.875,2.07,2.44
2013.05.23 06:25:20.013,1.87444,1.87502,1.13,1.69
2013.05.23 06:25:20.424,1.87444,1.87504,1.13,1.69
2013.05.23 06:25:21.641,1.87444,1.87504,1.13,1.69
2013.05.23 06:25:22.173,1.87439,1.87497,1.32,1.69
2013.05.23 06:25:23.513,1.87441,1.875,1.32,1.69
2013.05.23 06:25:28.373,1.87441,1.87506,2.07,1.69
2013.05.23 06:25:29.178,1.87444,1.87506,1.32,1.69
2013.05.23 06:25:30.044,1.8744,1.87501,1.32,2.44
2013.05.23 06:25:31.143,1.87439,1.87501,1.32,2.44
2013.05.23 06:25:33.783,1.87439,1.875,1.32,1.69
2013.05.23 06:25:35.695,1.87439,1.875,1.13,1.69
2013.05.23 06:25:36.864,1.87439,1.875,1.32,2.44
2013.05.23 06:25:37.046,1.87439,1.875,1.32,1.69
2013.05.23 06:25:37.564,1.87437,1.87494,1.32,2.44
2013.05.23 06:25:37.693,1.87437,1.87494,1.32,1.69
2013.05.23 06:25:38.232,1.87438,1.875,1.32,1.69
2013.05.23 06:25:39.137,1.87438,1.87498,1.13,1.69
2013.05.23 06:25:41.382,1.87438,1.87498,1.88,1.69
2013.05.23 06:25:42.033,1.8744,1.875,1.50,1.69
2013.05.23 06:25:42.212,1.8744,1.875,1.50,1.69
2013.05.23 06:25:42.392,1.87438,1.87497,1.32,1.69
2013.05.23 06:25:42.922,1.87439,1.87497,1.50,1.69
2013.05.23 06:25:42.982,1.87441,1.87497,1.50,1.69
2013.05.23 06:25:43.283,1.8745,1.87511,1.32,1.69
2013.05.23 06:25:43.763,1.87457,1.87517,1.88,1.69
2013.05.23 06:25:43.944,1.87461,1.87519,1.32,1.69
2013.05.23 06:25:44.185,1.87479,1.87541,2.25,1.69
2013.05.23 06:25:44.256,1.87488,1.87542,1.50,1.69
2013.05.23 06:25:44.383,1.87496,1.87555,1.13,1.69
2013.05.23 06:25:44.563,1.87496,1.87556,1.13,2.44
2013.05.23 06:25:44.684,1.87496,1.87554,1.13,1.69
2013.05.23 06:25:45.053,1.87496,1.87554,1.32,1.69
2013.05.23 06:25:45.294,1.87496,1.87554,1.32,1.69
2013.05.23 06:25:45.413,1.87493,1.87552,1.32,1.69
2013.05.23 06:25:46.323,1.87493,1.87552,1.13,1.69
2013.05.23 06:25:46.768,1.87502,1.87562,1.13,1.69
2013.05.23 06:25:47.973,1.87507,1.87564,1.32,2.44
2013.05.23 06:25:48.034,1.87516,1.8757,1.32,1.50
2013.05.23 06:25:48.154,1.87518,1.87576,1.32,1.69
2013.05.23 06:25:49.332,1.87525,1.87576,1.32,1.50
2013.05.23 06:25:49.633,1.87527,1.87587,1.32,1.69
2013.05.23 06:25:49.692,1.87527,1.87587,1.32,1.69
2013.05.23 06:25:49.933,1.87522,1.87585,1.69,2.44
2013.05.23 06:25:50.173,1.87522,1.87579,1.69,1.50
2013.05.23 06:25:50.533,1.87519,1.87572,1.32,1.50
2013.05.23 06:25:51.022,1.87519,1.87568,1.32,1.50
2013.05.23 06:25:51.143,1.87519,1.87569,1.32,1.50
2013.05.23 06:25:51.263,1.87519,1.87566,1.32,1.50
2013.05.23 06:25:51.782,1.87511,1.87566,1.32,1.50
2013.05.23 06:25:52.142,1.87511,1.87572,1.32,1.69
2013.05.23 06:25:52.964,1.87524,1.87585,1.88,1.69
2013.05.23 06:25:53.523,1.87529,1.87589,1.13,1.69
2013.05.23 06:25:53.583,1.87529,1.87589,1.32,1.69
2013.05.23 06:25:53.823,1.87535,1.87592,1.32,1.69
2013.05.23 06:25:54.480,1.87533,1.87592,1.32,1.69
2013.05.23 06:25:55.347,1.87529,1.87589,1.69,1.69
2013.05.23 06:25:55.652,1.87533,1.87588,1.32,1.69
2013.05.23 06:25:55.832,1.87533,1.87588,1.13,1.69
2013.05.23 06:25:56.083,1.87533,1.87588,1.13,1.69
2013.05.23 06:25:56.383,1.87524,1.87582,1.69,1.50
2013.05.23 06:25:56.622,1.8753,1.87581,1.32,1.50
2013.05.23 06:25:56.982,1.8753,1.87577,1.32,1.50
2013.05.23 06:25:57.222,1.87518,1.87577,1.32,1.69
2013.05.23 06:25:58.272,1.87513,1.87574,1.32,1.69
2013.05.23 06:25:59.423,1.87516,1.87574,1.32,1.69
2013.05.23 06:25:59.485,1.87512,1.87574,1.69,2.44
2013.05.23 06:25:59.782,1.87516,1.87574,1.32,2.44
2013.05.23 06:26:00.744,1.87516,1.87574,1.32,1.69
2013.05.23 06:26:00.922,1.87516,1.87572,1.32,1.69
2013.05.23 06:26:01.243,1.87516,1.87565,1.13,1.50
2013.05.23 06:26:01.544,1.87516,1.8756,1.13,1.50
2013.05.23 06:26:01.602,1.87516,1.87568,1.13,1.50
2013.05.23 06:26:01.663,1.87516,1.87568,1.32,1.50
2013.05.23 06:26:01.846,1.87516,1.87578,2.07,1.69
2013.05.23 06:26:02.824,1.87519,1.87578,1.32,1.69
2013.05.23 06:26:03.253,1.87519,1.87576,1.32,1.69
2013.05.23 06:26:03.492,1.87516,1.87579,1.69,1.69
2013.05.23 06:26:03.693,1.87514,1.87571,1.69,1.50
2013.05.23 06:26:03.933,1.8752,1.87584,2.44,1.69
2013.05.23 06:26:03.994,1.87523,1.87584,1.32,1.69
2013.05.23 06:26:04.926,1.87527,1.87584,1.32,1.69
2013.05.23 06:26:05.313,1.87529,1.87591,1.32,2.44
2013.05.23 06:26:05.556,1.87527,1.87585,1.32,2.44
2013.05.23 06:26:05.684,1.87527,1.87585,1.32,2.44
2013.05.23 06:26:05.867,1.87527,1.87585,1.32,2.44
2013.05.23 06:26:06.113,1.87543,1.87604,2.25,1.69
2013.05.23 06:26:06.174,1.87545,1.87607,1.69,2.44
2013.05.23 06:26:06.236,1.87551,1.87613,1.50,2.44
2013.05.23 06:26:06.423,1.87546,1.8761,1.69,1.69
2013.05.23 06:26:06.494,1.87545,1.87609,1.69,1.69
2013.05.23 06:26:06.943,1.87545,1.87606,1.69,2.52
2013.05.23 06:26:07.292,1.87535,1.87593,1.69,1.13
2013.05.23 06:26:07.444,1.87532,1.87593,2.44,1.13
2013.05.23 06:26:07.963,1.87535,1.87593,1.32,1.50
2013.05.23 06:26:08.522,1.8753,1.8759,1.32,1.69
2013.05.23 06:26:09.303,1.87526,1.87585,2.44,1.77
2013.05.23 06:26:09.428,1.87529,1.87585,1.32,1.02
2013.05.23 06:26:09.496,1.87529,1.87585,1.32,1.02
2013.05.23 06:26:09.623,1.87534,1.87585,1.32,1.17
2013.05.23 06:26:09.926,1.8752,1.87581,2.44,1.13
2013.05.23 06:26:10.053,1.87534,1.87582,1.32,2.25
2013.05.23 06:26:10.359,1.87534,1.87584,1.32,1.58
2013.05.23 06:26:10.424,1.87534,1.87588,1.32,1.50
2013.05.23 06:26:10.948,1.87518,1.87577,1.69,1.50
2013.05.23 06:26:11.192,1.87515,1.87562,1.69,1.50
2013.05.23 06:26:11.253,1.87511,1.87556,1.69,1.58
2013.05.23 06:26:11.433,1.875,1.87545,2.25,1.58
2013.05.23 06:26:12.028,1.87481,1.87542,1.69,1.50
2013.05.23 06:26:12.152,1.87481,1.87541,1.69,1.50
2013.05.23 06:26:12.512,1.87473,1.87534,1.69,1.69
2013.05.23 06:26:13.483,1.87476,1.87534,1.69,1.69
2013.05.23 06:26:13.813,1.87479,1.8754,1.50,1.69
2013.05.23 06:26:13.872,1.87479,1.8754,1.69,1.69
2013.05.23 06:26:14.753,1.87491,1.87545,1.13,1.77
2013.05.23 06:26:14.993,1.87496,1.87543,1.13,1.02
2013.05.23 06:26:15.434,1.87493,1.87549,1.69,1.39
2013.05.23 06:26:15.553,1.87486,1.87547,1.32,1.32
2013.05.23 06:26:15.793,1.87486,1.8755,1.32,1.69
2013.05.23 06:26:16.036,1.8749,1.8755,1.32,1.77
2013.05.23 06:26:17.597,1.87489,1.87545,1.32,1.32
2013.05.23 06:26:17.916,1.87487,1.8755,2.07,1.69
2013.05.23 06:26:18.224,1.87494,1.87544,1.32,1.02
2013.05.23 06:26:18.285,1.87494,1.87544,1.32,1.02
2013.05.23 06:26:18.784,1.8749,1.87547,1.69,1.77
2013.05.23 06:26:18.964,1.87487,1.87532,1.13,1.28
2013.05.23 06:26:19.023,1.87473,1.87531,1.69,1.17
2013.05.23 06:26:19.083,1.87473,1.87527,1.69,1.65
2013.05.23 06:26:19.204,1.87464,1.87513,1.50,1.20
2013.05.23 06:26:19.326,1.87458,1.87513,1.32,1.20
2013.05.23 06:26:19.513,1.87459,1.87519,1.32,1.77
2013.05.23 06:26:19.695,1.87458,1.87516,1.32,1.02
2013.05.23 06:26:20.892,1.87457,1.87511,1.69,1.02
2013.05.23 06:26:22.412,1.87455,1.87511,1.69,1.02
2013.05.23 06:26:22.772,1.87449,1.87507,1.69,1.69
2013.05.23 06:26:22.895,1.87452,1.87513,1.69,1.77
2013.05.23 06:26:23.012,1.8746,1.87513,1.13,1.02
2013.05.23 06:26:23.674,1.8746,1.87513,1.13,1.02
2013.05.23 06:26:24.093,1.87458,1.87514,1.32,1.39
2013.05.23 06:26:24.343,1.87448,1.87504,1.32,1.50
2013.05.23 06:26:24.712,1.87457,1.87513,1.13,1.77
2013.05.23 06:26:25.029,1.87457,1.87516,1.13,1.69
2013.05.23 06:26:25.534,1.87463,1.87521,1.32,1.02
2013.05.23 06:26:26.204,1.87463,1.87521,1.32,1.77
2013.05.23 06:26:26.383,1.87457,1.87511,1.32,1.50
2013.05.23 06:26:29.484,1.87456,1.8751,1.32,1.50
2013.05.23 06:26:29.544,1.87456,1.87507,1.32,1.84
2013.05.23 06:26:30.165,1.87452,1.87502,1.32,2.25
2013.05.23 06:26:30.525,1.87452,1.87494,1.32,1.50
2013.05.23 06:26:31.045,1.87441,1.87494,1.32,1.50
2013.05.23 06:26:32.252,1.87439,1.87494,1.32,2.25
2013.05.23 06:26:32.433,1.8743,1.87489,1.69,1.20
2013.05.23 06:26:32.555,1.87428,1.87482,1.32,1.13
2013.05.23 06:26:32.623,1.87422,1.8748,2.07,1.50
2013.05.23 06:26:32.933,1.87418,1.87478,1.32,1.50
2013.05.23 06:26:33.514,1.87418,1.87476,1.32,1.50
2013.05.23 06:26:33.573,1.87415,1.87476,1.32,1.69
2013.05.23 06:26:36.173,1.8741,1.87472,1.13,2.44
2013.05.23 06:26:41.642,1.8741,1.8747,1.13,1.69
2013.05.23 06:26:41.703,1.87408,1.8747,2.07,2.44
2013.05.23 06:26:41.883,1.87404,1.87458,1.32,1.84
2013.05.23 06:26:42.062,1.87386,1.87445,1.69,1.47
2013.05.23 06:26:42.122,1.8739,1.87444,1.13,1.09
2013.05.23 06:26:42.243,1.8739,1.87441,1.13,1.50
2013.05.23 06:26:42.362,1.8739,1.87444,1.13,1.09
2013.05.23 06:26:42.424,1.87383,1.87441,2.44,1.47
2013.05.23 06:26:42.782,1.87383,1.87445,2.07,1.50
2013.05.23 06:26:42.962,1.87383,1.87438,1.69,1.20
2013.05.23 06:26:43.082,1.87373,1.87432,2.44,1.32
2013.05.23 06:26:43.142,1.87366,1.8743,2.44,1.50
2013.05.23 06:26:44.861,1.87366,1.87427,2.44,1.69
2013.05.23 06:26:47.087,1.87366,1.87427,2.44,1.69
2013.05.23 06:26:47.405,1.87366,1.87423,2.44,1.69
2013.05.23 06:26:47.532,1.87366,1.87422,1.69,1.69
2013.05.23 06:26:48.764,1.87362,1.87423,1.69,1.69
2013.05.23 06:26:52.142,1.87362,1.87422,1.69,1.69
2013.05.23 06:26:53.262,1.87362,1.87424,1.69,2.44
2013.05.23 06:26:55.283,1.87367,1.87432,1.69,2.07
2013.05.23 06:26:55.712,1.87363,1.87431,1.32,1.69
2013.05.23 06:26:56.413,1.87363,1.87421,1.32,1.32
2013.05.23 06:26:56.772,1.87363,1.87431,1.32,1.69
2013.05.23 06:26:57.073,1.8737,1.87428,1.69,1.69
2013.05.23 06:26:57.136,1.87364,1.87424,1.32,1.69
2013.05.23 06:26:57.196,1.87364,1.87398,1.32,1.58
2013.05.23 06:26:57.265,1.87338,1.87393,3.04,1.32
2013.05.23 06:26:57.503,1.87348,1.87398,1.13,1.77
2013.05.23 06:26:57.865,1.87336,1.87393,1.69,1.32
2013.05.23 06:26:58.284,1.87328,1.87388,1.32,1.32
2013.05.23 06:26:58.883,1.87351,1.87415,1.50,1.32
2013.05.23 06:26:59.242,1.87359,1.87419,1.50,2.44
2013.05.23 06:26:59.423,1.87356,1.87422,1.69,1.32
2013.05.23 06:26:59.542,1.87359,1.87425,1.32,2.44
2013.05.23 06:27:00.952,1.87359,1.87425,1.69,2.44
2013.05.23 06:27:02.043,1.87359,1.87425,1.69,2.44
2013.05.23 06:27:02.102,1.87359,1.87425,1.13,1.69
2013.05.23 06:27:02.582,1.87362,1.87428,1.13,1.69
2013.05.23 06:27:02.912,1.87372,1.87432,1.13,2.44
2013.05.23 06:27:03.733,1.87372,1.87432,1.13,2.44
2013.05.23 06:27:04.043,1.87372,1.87437,1.13,1.69
2013.05.23 06:27:05.023,1.87369,1.87433,2.07,1.69
2013.05.23 06:27:05.922,1.87372,1.87434,2.25,1.69
2013.05.23 06:27:06.164,1.87371,1.87434,1.50,1.69
2013.05.23 06:27:06.584,1.87371,1.87438,1.50,1.69
2013.05.23 06:27:06.706,1.87371,1.87438,1.69,1.69
2013.05.23 06:27:06.832,1.87375,1.87438,1.32,1.69
2013.05.23 06:27:07.366,1.87388,1.87443,1.69,1.69
2013.05.23 06:27:07.822,1.8739,1.87449,1.13,1.69
2013.05.23 06:27:08.002,1.87388,1.87442,1.69,1.69
2013.05.23 06:27:08.184,1.87368,1.87432,2.82,1.32
2013.05.23 06:27:08.243,1.87368,1.87432,2.82,1.32
2013.05.23 06:27:08.603,1.87366,1.87432,1.69,1.32
2013.05.23 06:27:09.004,1.87366,1.87427,1.50,2.44
2013.05.23 06:27:09.246,1.87362,1.87422,1.50,1.69
2013.05.23 06:27:09.312,1.87361,1.87422,1.50,1.69
2013.05.23 06:27:09.492,1.87352,1.87421,2.44,1.69
2013.05.23 06:27:10.182,1.87355,1.87421,1.69,1.69
2013.05.23 06:27:10.494,1.87359,1.87422,2.25,1.69
2013.05.23 06:27:10.802,1.87365,1.87423,1.50,2.44
2013.05.23 06:27:11.563,1.87372,1.87423,1.50,2.44
2013.05.23 06:27:11.682,1.87372,1.8743,2.25,2.44
2013.05.23 06:27:12.282,1.87372,1.8743,1.50,2.44
2013.05.23 06:27:12.533,1.87367,1.8743,1.69,2.44
2013.05.23 06:27:12.663,1.87367,1.87433,1.69,1.69
2013.05.23 06:27:14.682,1.87367,1.87433,1.50,1.69
2013.05.23 06:27:15.303,1.87368,1.87432,1.13,1.69
2013.05.23 06:27:15.553,1.87368,1.87431,1.50,1.32
2013.05.23 06:27:15.887,1.8737,1.87422,2.25,1.69
2013.05.23 06:27:17.033,1.8737,1.87422,2.25,1.69
2013.05.23 06:27:17.281,1.87365,1.87422,1.50,1.69
2013.05.23 06:27:17.583,1.87354,1.87413,1.88,1.69
2013.05.23 06:27:17.644,1.87351,1.87408,1.50,1.69
2013.05.23 06:27:17.822,1.87347,1.87408,1.50,1.69
2013.05.23 06:27:17.942,1.87343,1.87408,1.69,1.69
2013.05.23 06:27:18.225,1.87343,1.87402,1.69,1.13
2013.05.23 06:27:18.643,1.87327,1.87391,1.32,1.32
2013.05.23 06:27:19.202,1.87319,1.87387,1.69,1.32
2013.05.23 06:27:19.782,1.87323,1.8739,3.19,1.32
2013.05.23 06:27:20.096,1.87325,1.8739,1.32,1.32
2013.05.23 06:27:20.646,1.87326,1.8739,1.32,1.32
2013.05.23 06:27:21.680,1.87325,1.8739,1.69,1.32
2013.05.23 06:27:22.683,1.87325,1.87391,1.32,1.32
2013.05.23 06:27:25.908,1.87325,1.87391,1.32,1.32
2013.05.23 06:27:28.083,1.87325,1.87391,1.32,1.32
2013.05.23 06:27:28.785,1.87325,1.87391,1.32,1.32
2013.05.23 06:27:28.913,1.87325,1.87387,1.32,1.69
2013.05.23 06:27:29.154,1.87308,1.87362,1.13,1.09
2013.05.23 06:27:29.334,1.87299,1.87362,2.07,1.54
2013.05.23 06:27:29.452,1.87295,1.8736,1.69,1.47
2013.05.23 06:27:29.693,1.87289,1.87348,1.32,1.32
2013.05.23 06:27:30.879,1.87289,1.87346,1.32,1.32
2013.05.23 06:27:31.183,1.87289,1.87346,1.69,1.32
2013.05.23 06:27:32.226,1.87295,1.87346,1.13,1.32
2013.05.23 06:27:32.622,1.87292,1.87346,2.25,1.32
2013.05.23 06:27:33.707,1.87292,1.87348,2.25,1.32
2013.05.23 06:27:34.412,1.87295,1.87362,1.13,2.44
2013.05.23 06:27:34.944,1.87302,1.87362,1.13,2.44
2013.05.23 06:27:35.062,1.87302,1.87367,1.13,1.69
2013.05.23 06:27:35.482,1.87312,1.87375,1.13,1.69
2013.05.23 06:27:35.662,1.87309,1.87375,1.50,1.69
2013.05.23 06:27:35.842,1.87309,1.87378,1.50,1.69
2013.05.23 06:27:36.022,1.87312,1.87378,1.13,1.69
2013.05.23 06:27:36.323,1.8732,1.87386,1.13,1.69
2013.05.23 06:27:37.003,1.87326,1.87392,1.32,2.44
2013.05.23 06:27:38.242,1.87326,1.87392,1.32,2.44
2013.05.23 06:27:39.202,1.87326,1.87392,1.32,2.44
2013.05.23 06:27:39.513,1.87326,1.87392,1.69,1.69
2013.05.23 06:27:40.872,1.87329,1.87396,1.50,2.44
2013.05.23 06:27:40.992,1.87322,1.87389,1.32,1.69
2013.05.23 06:27:42.365,1.87322,1.87389,1.32,1.69
2013.05.23 06:27:42.438,1.87337,1.87405,1.13,1.69
2013.05.23 06:27:43.022,1.87337,1.87405,1.32,1.69
2013.05.23 06:27:43.973,1.87337,1.87405,1.32,1.69
2013.05.23 06:27:44.943,1.87337,1.87405,1.32,1.69
2013.05.23 06:27:45.115,1.87337,1.87405,1.32,1.69
2013.05.23 06:27:46.165,1.87329,1.87397,2.44,2.44
2013.05.23 06:27:46.485,1.87335,1.87397,2.25,2.44
2013.05.23 06:27:46.845,1.87338,1.87397,1.13,2.44
2013.05.23 06:27:47.502,1.87338,1.87403,1.32,1.69
2013.05.23 06:27:49.483,1.87343,1.87409,1.32,1.69
2013.05.23 06:27:49.783,1.8734,1.87409,2.44,1.69
2013.05.23 06:27:50.798,1.87346,1.8741,1.50,1.28
2013.05.23 06:27:52.029,1.87346,1.8741,1.69,1.28
2013.05.23 06:27:53.282,1.87349,1.87414,1.13,1.69
2013.05.23 06:27:53.884,1.87356,1.87416,1.13,2.44
2013.05.23 06:27:53.943,1.87356,1.87416,1.13,2.44
2013.05.23 06:27:55.103,1.87362,1.87428,1.13,1.69
2013.05.23 06:27:56.083,1.87362,1.87428,1.13,1.69
2013.05.23 06:27:57.514,1.87362,1.87424,1.13,1.69
2013.05.23 06:27:58.734,1.87356,1.87423,1.32,1.69
2013.05.23 06:27:58.972,1.87356,1.87423,1.32,1.69
2013.05.23 06:28:00.074,1.87361,1.87424,1.32,1.69
2013.05.23 06:28:00.572,1.87361,1.87425,1.32,2.44
2013.05.23 06:28:02.222,1.87354,1.87422,1.69,1.69
2013.05.23 06:28:02.283,1.87351,1.87414,1.50,1.69
2013.05.23 06:28:02.403,1.87345,1.87408,1.32,1.69
2013.05.23 06:28:02.823,1.87336,1.87405,1.69,1.69
2013.05.23 06:28:03.645,1.87341,1.87408,1.32,1.69
2013.05.23 06:28:03.762,1.87341,1.87408,1.32,1.69
2013.05.23 06:28:05.732,1.87348,1.87412,1.13,1.69
2013.05.23 06:28:06.482,1.87348,1.87413,1.50,1.69
2013.05.23 06:28:06.722,1.87345,1.87413,1.69,1.69
2013.05.23 06:28:07.522,1.87347,1.87413,1.32,1.69
2013.05.23 06:28:09.212,1.87341,1.87408,2.07,1.69
2013.05.23 06:28:09.432,1.87341,1.87408,1.69,1.69
2013.05.23 06:28:12.062,1.87341,1.87408,1.13,1.69
2013.05.23 06:28:13.224,1.87344,1.87412,2.44,1.69
2013.05.23 06:28:13.894,1.87344,1.87412,2.44,1.69
2013.05.23 06:28:16.072,1.87349,1.87412,1.69,1.69
2013.05.23 06:28:17.053,1.87345,1.87413,1.32,1.69
2013.05.23 06:28:17.739,1.87345,1.87413,1.32,1.69
2013.05.23 06:28:19.193,1.87345,1.87413,1.69,1.69
2013.05.23 06:28:19.502,1.87355,1.87419,2.25,2.44
2013.05.23 06:28:19.813,1.87348,1.87419,2.44,3.19
2013.05.23 06:28:20.094,1.87354,1.87419,1.69,1.69
2013.05.23 06:28:20.155,1.87355,1.87423,1.50,1.69
2013.05.23 06:28:20.454,1.87365,1.87435,2.44,1.69
2013.05.23 06:28:20.632,1.87367,1.87435,1.13,1.69
2013.05.23 06:28:21.464,1.87373,1.8744,1.32,1.69
2013.05.23 06:28:22.182,1.87373,1.8744,1.32,1.69
2013.05.23 06:28:22.365,1.87371,1.8744,2.44,1.69
2013.05.23 06:28:23.982,1.87363,1.87433,2.44,2.44
2013.05.23 06:28:25.463,1.87366,1.87433,1.32,1.69
2013.05.23 06:28:26.622,1.87371,1.87439,1.32,1.69
2013.05.23 06:28:27.721,1.87371,1.87439,1.32,1.69
2013.05.23 06:28:28.852,1.87363,1.87433,1.69,1.69
2013.05.23 06:28:30.631,1.87365,1.87432,1.69,1.69
2013.05.23 06:28:30.992,1.87368,1.87433,1.50,1.69
2013.05.23 06:28:31.334,1.87363,1.87432,2.44,1.69
2013.05.23 06:28:33.702,1.87365,1.87432,1.69,2.44
2013.05.23 06:28:34.355,1.87374,1.87438,2.25,2.44
2013.05.23 06:28:35.091,1.87374,1.87443,2.44,2.44
2013.05.23 06:28:38.372,1.87369,1.87438,2.44,1.69
2013.05.23 06:28:38.662,1.87369,1.87433,1.69,1.69
2013.05.23 06:28:39.023,1.8736,1.87428,1.69,1.69
2013.05.23 06:28:39.084,1.87349,1.87413,1.69,1.69
2013.05.23 06:28:39.683,1.87349,1.87416,1.88,1.69
2013.05.23 06:28:40.182,1.87347,1.87412,1.50,1.69
2013.05.23 06:28:40.363,1.8734,1.8741,2.44,1.69
2013.05.23 06:28:41.445,1.8734,1.8741,3.19,1.69
2013.05.23 06:28:41.513,1.87344,1.8741,1.13,1.69
2013.05.23 06:28:41.816,1.87353,1.87419,1.50,1.69
2013.05.23 06:28:41.992,1.87361,1.87429,1.69,1.69
2013.05.23 06:28:42.523,1.87372,1.87429,1.50,1.69
2013.05.23 06:28:42.824,1.87373,1.87439,1.50,2.44
2013.05.23 06:28:43.322,1.87368,1.87434,1.13,1.69
2013.05.23 06:28:43.442,1.87366,1.87434,1.32,1.69
2013.05.23 06:28:43.683,1.87364,1.87428,1.32,1.69
2013.05.23 06:28:43.984,1.87359,1.87421,1.32,1.69
2013.05.23 06:28:44.828,1.8735,1.87418,2.44,2.25
2013.05.23 06:28:45.222,1.87354,1.87418,1.32,2.44
2013.05.23 06:28:46.203,1.87355,1.87421,1.13,1.69
2013.05.23 06:28:46.263,1.87358,1.87424,1.13,2.44
2013.05.23 06:28:46.502,1.87355,1.87424,1.69,1.69
2013.05.23 06:28:47.022,1.87358,1.87424,1.13,2.44
2013.05.23 06:28:47.263,1.87361,1.87424,1.13,1.69
2013.05.23 06:28:47.562,1.87361,1.87424,1.13,1.69
2013.05.23 06:28:48.472,1.87355,1.87419,1.88,1.69
2013.05.23 06:28:49.023,1.87355,1.87413,1.32,1.69
2013.05.23 06:28:49.143,1.87355,1.87409,1.32,1.69
2013.05.23 06:28:49.446,1.87355,1.87409,1.32,1.69
2013.05.23 06:28:49.562,1.87355,1.87416,1.32,2.44
2013.05.23 06:28:50.185,1.8735,1.87414,1.32,1.69
2013.05.23 06:28:50.243,1.87346,1.87414,1.69,1.69
2013.05.23 06:28:51.703,1.87346,1.87414,1.32,1.69
2013.05.23 06:28:52.645,1.87345,1.87405,1.32,2.44
2013.05.23 06:28:52.903,1.87335,1.87402,1.69,1.69
2013.05.23 06:28:53.026,1.8734,1.87402,1.32,1.69
2013.05.23 06:28:53.545,1.8734,1.87397,1.32,1.69
2013.05.23 06:28:54.178,1.87335,1.87397,1.32,1.69
2013.05.23 06:28:54.244,1.87331,1.87397,1.69,1.69
2013.05.23 06:28:54.305,1.87335,1.87397,1.13,1.69
2013.05.23 06:28:56.598,1.87335,1.87399,1.13,1.28
2013.05.23 06:28:57.143,1.87339,1.87398,1.13,1.28
2013.05.23 06:28:57.713,1.87339,1.87398,1.13,1.28
2013.05.23 06:28:58.593,1.87335,1.87398,1.13,1.28
2013.05.23 06:29:00.374,1.87337,1.87399,1.13,1.28
2013.05.23 06:29:02.703,1.87337,1.87403,2.22,2.44
2013.05.23 06:29:03.015,1.87352,1.87403,1.13,1.50
2013.05.23 06:29:03.525,1.87357,1.87425,1.13,1.69
2013.05.23 06:29:03.944,1.87353,1.87417,1.32,1.28
2013.05.23 06:29:04.004,1.87353,1.87417,1.32,2.78
2013.05.23 06:29:04.373,1.87347,1.87407,1.32,2.25
2013.05.23 06:29:04.702,1.87337,1.874,1.32,1.69
2013.05.23 06:29:04.822,1.87329,1.87397,1.32,1.50
2013.05.23 06:29:05.125,1.87334,1.874,1.32,1.69
2013.05.23 06:29:05.992,1.87334,1.874,1.32,1.69
2013.05.23 06:29:06.313,1.87334,1.87399,1.32,2.44
2013.05.23 06:29:06.892,1.87334,1.87399,1.32,2.44
2013.05.23 06:29:07.018,1.87338,1.87399,1.32,1.69
2013.05.23 06:29:08.436,1.87338,1.874,1.32,1.69
2013.05.23 06:29:11.165,1.87341,1.8741,2.07,1.69
2013.05.23 06:29:11.396,1.87341,1.8741,2.07,1.69
2013.05.23 06:29:11.762,1.87341,1.8741,2.07,1.69
2013.05.23 06:29:11.823,1.87341,1.8741,2.07,1.69
2013.05.23 06:29:14.798,1.87355,1.87412,1.32,1.69
2013.05.23 06:29:14.982,1.87355,1.87412,1.13,1.69
2013.05.23 06:29:15.184,1.87348,1.8741,1.32,1.69
2013.05.23 06:29:15.504,1.87349,1.87413,1.32,1.69
2013.05.23 06:29:15.743,1.87349,1.87417,1.32,1.69
2013.05.23 06:29:16.111,1.87349,1.87417,1.32,1.69
2013.05.23 06:29:16.234,1.87348,1.87417,1.32,1.69
2013.05.23 06:29:16.862,1.87347,1.87417,2.44,1.69
2013.05.23 06:29:16.922,1.87349,1.87417,1.32,1.69
2013.05.23 06:29:17.864,1.87348,1.87417,1.32,1.69
2013.05.23 06:29:17.989,1.87349,1.87417,1.69,1.69
2013.05.23 06:29:18.973,1.87345,1.87411,1.13,1.69
2013.05.23 06:29:20.182,1.87345,1.87411,1.13,1.69
2013.05.23 06:29:20.772,1.87351,1.87417,1.13,1.69
2013.05.23 06:29:21.039,1.87363,1.8742,1.69,1.50
2013.05.23 06:29:21.107,1.87397,1.8742,2.10,1.50
2013.05.23 06:29:21.412,1.87406,1.87448,1.13,2.25
2013.05.23 06:29:21.472,1.87419,1.87482,1.13,1.69
2013.05.23 06:29:21.594,1.87434,1.87487,1.20,1.69
2013.05.23 06:29:21.774,1.87437,1.875,1.20,1.69
2013.05.23 06:29:22.074,1.87447,1.87508,1.32,1.69
2013.05.23 06:29:22.134,1.87445,1.87511,1.13,1.69
2013.05.23 06:29:22.376,1.8745,1.87514,1.32,1.69
2013.05.23 06:29:23.373,1.87451,1.87518,2.07,1.69
2013.05.23 06:29:23.683,1.87451,1.87509,1.32,1.69
2013.05.23 06:29:24.202,1.87451,1.87518,1.32,1.69
2013.05.23 06:29:25.164,1.87455,1.87523,2.07,1.69
2013.05.23 06:29:25.696,1.87455,1.87514,1.32,1.69
2013.05.23 06:29:26.288,1.87455,1.87513,1.32,2.44
2013.05.23 06:29:26.472,1.87455,1.87507,1.32,1.50
2013.05.23 06:29:27.195,1.87448,1.87507,1.32,1.69
2013.05.23 06:29:27.553,1.87448,1.87512,1.32,1.69
2013.05.23 06:29:27.613,1.87448,1.87514,1.32,2.44
2013.05.23 06:29:27.735,1.87448,1.87514,1.32,2.44
2013.05.23 06:29:27.974,1.87445,1.87512,1.32,1.69
2013.05.23 06:29:28.452,1.87443,1.8751,1.69,2.78
2013.05.23 06:29:28.873,1.87445,1.87491,1.32,1.50
2013.05.23 06:29:29.232,1.87439,1.87486,1.32,1.50
2013.05.23 06:29:29.662,1.87439,1.87488,1.32,1.50
2013.05.23 06:29:29.723,1.87432,1.87488,1.39,1.50
2013.05.23 06:29:31.273,1.87425,1.87488,1.32,1.69
2013.05.23 06:29:31.512,1.87425,1.87488,1.32,1.69
2013.05.23 06:29:32.805,1.87422,1.87488,1.77,2.44
2013.05.23 06:29:40.383,1.87424,1.87489,1.58,1.69
2013.05.23 06:29:40.742,1.87438,1.87494,1.13,1.69
2013.05.23 06:29:40.803,1.87441,1.87503,1.32,1.69
2013.05.23 06:29:40.922,1.87442,1.87502,1.77,1.32
2013.05.23 06:29:41.222,1.87451,1.87508,1.13,1.69
2013.05.23 06:29:41.464,1.87445,1.87506,1.69,1.32
2013.05.23 06:29:41.763,1.87441,1.87507,1.32,1.69
2013.05.23 06:29:41.822,1.87442,1.87509,1.32,2.44
2013.05.23 06:29:41.942,1.87455,1.87503,1.13,1.77
2013.05.23 06:29:42.184,1.87431,1.87489,1.02,1.50
2013.05.23 06:29:42.423,1.87426,1.87492,1.32,1.13
2013.05.23 06:29:43.832,1.87428,1.87492,1.39,1.13
2013.05.23 06:29:43.916,1.87428,1.87492,1.39,2.07
2013.05.23 06:29:47.633,1.87425,1.87492,2.14,1.32
2013.05.23 06:29:48.953,1.87425,1.87493,1.32,1.69
2013.05.23 06:29:49.427,1.87425,1.87493,1.13,1.69
2013.05.23 06:29:51.802,1.87425,1.87493,1.13,1.69
2013.05.23 06:29:59.734,1.87425,1.87493,1.77,1.69
2013.05.23 06:30:00.237,1.87422,1.87487,2.52,1.32
2013.05.23 06:30:00.486,1.87425,1.87493,1.13,1.69
2013.05.23 06:30:00.793,1.8743,1.87491,1.02,1.32
2013.05.23 06:30:01.718,1.87432,1.8749,1.02,1.69
2013.05.23 06:30:02.815,1.87432,1.8749,1.02,1.69
2013.05.23 06:30:03.692,1.87419,1.87487,1.69,1.69
2013.05.23 06:30:03.896,1.87414,1.87479,1.32,1.69
2013.05.23 06:30:03.954,1.87414,1.87475,1.32,1.50
2013.05.23 06:30:04.847,1.87408,1.87476,2.07,2.44
2013.05.23 06:30:06.364,1.8741,1.87481,2.44,3.19
2013.05.23 06:30:07.580,1.87418,1.87486,1.69,1.69
2013.05.23 06:30:10.446,1.87428,1.87492,1.32,1.32
2013.05.23 06:30:11.781,1.87431,1.87497,1.69,1.32
2013.05.23 06:30:14.903,1.87434,1.87501,1.32,2.44
2013.05.23 06:30:16.225,1.87437,1.87503,2.44,1.32
2013.05.23 06:30:17.203,1.87443,1.87505,1.69,1.32
2013.05.23 06:30:17.322,1.87447,1.8751,1.50,1.32
2013.05.23 06:30:17.383,1.87447,1.8751,1.50,1.32
2013.05.23 06:30:17.684,1.87452,1.8751,1.50,1.32
2013.05.23 06:30:17.803,1.87452,1.87514,1.13,1.69
2013.05.23 06:30:18.914,1.8745,1.87517,1.69,1.32
2013.05.23 06:30:20.393,1.8745,1.87517,1.69,1.32
2013.05.23 06:30:21.417,1.8746,1.87524,1.28,1.69
2013.05.23 06:30:21.484,1.87466,1.87533,1.69,1.69
2013.05.23 06:30:21.677,1.87472,1.87535,1.32,1.69
2013.05.23 06:30:22.002,1.87472,1.87535,1.13,1.69
2013.05.23 06:30:22.455,1.87472,1.87537,1.13,1.69
2013.05.23 06:30:22.514,1.87472,1.87537,1.13,1.69
2013.05.23 06:30:23.392,1.87472,1.87537,1.13,1.69
2013.05.23 06:30:24.311,1.87476,1.87541,1.13,2.44
2013.05.23 06:30:24.613,1.87472,1.87534,2.07,1.32
2013.05.23 06:30:25.114,1.87476,1.87542,1.32,1.32
2013.05.23 06:30:25.586,1.87488,1.87542,1.09,2.07
2013.05.23 06:30:25.836,1.87496,1.87557,1.32,1.69
2013.05.23 06:30:26.142,1.87496,1.87563,1.69,2.44
2013.05.23 06:30:26.205,1.87496,1.87563,1.69,2.44
2013.05.23 06:30:27.403,1.87479,1.87543,1.32,1.69
2013.05.23 06:30:28.971,1.87479,1.87543,1.32,1.69
2013.05.23 06:30:30.903,1.87479,1.87543,1.32,1.69
2013.05.23 06:30:31.223,1.87479,1.87543,1.32,1.69
2013.05.23 06:30:31.523,1.87483,1.87547,1.32,1.69
2013.05.23 06:30:31.763,1.8749,1.87556,1.32,1.69
2013.05.23 06:30:32.311,1.87497,1.87562,1.13,2.07
2013.05.23 06:30:33.007,1.87497,1.87562,1.32,2.07
2013.05.23 06:30:34.163,1.87497,1.87562,2.07,2.07
2013.05.23 06:30:34.223,1.87497,1.87562,2.82,1.69
2013.05.23 06:30:36.013,1.87502,1.87562,1.69,1.32
2013.05.23 06:30:36.402,1.87502,1.87568,2.44,1.69
2013.05.23 06:30:37.795,1.87502,1.87568,2.44,1.69
2013.05.23 06:30:40.644,1.87501,1.87565,1.69,1.69
2013.05.23 06:30:40.704,1.87496,1.87565,2.03,1.69
2013.05.23 06:30:41.223,1.875,1.8756,1.32,1.69
2013.05.23 06:30:41.284,1.87501,1.87567,2.07,1.69
2013.05.23 06:30:41.702,1.87501,1.87568,2.44,1.69
2013.05.23 06:30:41.762,1.87501,1.8757,2.44,1.69
2013.05.23 06:30:42.063,1.87511,1.87571,1.68,1.32
2013.05.23 06:30:42.373,1.87506,1.87571,1.69,2.82
2013.05.23 06:30:42.573,1.875,1.87568,1.69,1.32
2013.05.23 06:30:42.873,1.87499,1.87562,1.65,2.07
2013.05.23 06:30:44.165,1.87501,1.87564,1.32,1.32
2013.05.23 06:30:44.594,1.87503,1.8757,1.32,1.69
2013.05.23 06:30:45.392,1.87508,1.87573,1.32,2.44
2013.05.23 06:30:45.632,1.87508,1.87573,1.32,2.44
2013.05.23 06:30:46.902,1.87515,1.87573,1.32,2.44
2013.05.23 06:30:47.022,1.87515,1.87583,1.32,3.19
2013.05.23 06:30:48.052,1.87521,1.87583,1.32,1.69
2013.05.23 06:30:49.453,1.87521,1.87586,1.32,1.69
2013.05.23 06:30:52.935,1.87523,1.87584,1.32,1.69
2013.05.23 06:30:54.136,1.87522,1.87586,1.32,1.69
2013.05.23 06:30:55.840,1.87524,1.87591,1.32,2.44
2013.05.23 06:31:03.533,1.87528,1.87593,1.13,1.69
2013.05.23 06:31:04.015,1.87536,1.87593,1.32,1.32
2013.05.23 06:31:04.294,1.87532,1.87593,2.44,1.32
2013.05.23 06:31:04.896,1.87536,1.87593,1.32,1.32
2013.05.23 06:31:04.968,1.87536,1.87602,1.32,2.07
2013.05.23 06:31:05.845,1.87536,1.876,1.32,1.32
2013.05.23 06:31:07.166,1.87529,1.87597,1.69,1.69
2013.05.23 06:31:07.478,1.87521,1.87589,1.69,1.32
2013.05.23 06:31:07.725,1.87521,1.8759,1.69,1.69
2013.05.23 06:31:08.193,1.87519,1.87589,1.69,1.69
2013.05.23 06:31:09.221,1.87521,1.87589,1.69,1.69
2013.05.23 06:31:10.733,1.8752,1.87589,1.32,1.69
2013.05.23 06:31:11.864,1.87515,1.87582,1.13,2.44
2013.05.23 06:31:12.224,1.87508,1.87575,1.69,1.69
2013.05.23 06:31:12.414,1.87515,1.87577,1.32,2.44
2013.05.23 06:31:12.923,1.87516,1.87582,1.32,2.07
2013.05.23 06:31:14.493,1.87522,1.8759,1.69,2.44
2013.05.23 06:31:16.474,1.87525,1.87589,1.32,1.69
2013.05.23 06:31:17.588,1.87528,1.87589,1.32,1.69
2013.05.23 06:31:19.742,1.87527,1.87589,1.32,1.69
2013.05.23 06:31:20.524,1.87532,1.87592,1.39,1.32
2013.05.23 06:31:21.663,1.87532,1.87597,1.32,1.32
2013.05.23 06:31:22.174,1.87541,1.87597,1.35,1.69
2013.05.23 06:31:22.297,1.87546,1.87608,1.69,1.13
2013.05.23 06:31:22.426,1.87548,1.8762,1.32,1.69
2013.05.23 06:31:22.602,1.87554,1.8762,1.13,1.69
2013.05.23 06:31:22.724,1.87554,1.8762,1.50,1.69
2013.05.23 06:31:22.963,1.87547,1.87615,1.69,1.69
2013.05.23 06:31:23.023,1.87548,1.87611,1.32,1.69
2013.05.23 06:31:23.264,1.87546,1.87612,1.32,1.69
2013.05.23 06:31:23.383,1.87548,1.87619,1.32,2.44
2013.05.23 06:31:23.443,1.87549,1.87615,1.69,1.69
2013.05.23 06:31:24.504,1.87549,1.87616,1.69,1.69
2013.05.23 06:31:27.109,1.87554,1.87618,1.32,1.69
2013.05.23 06:31:27.693,1.87549,1.87615,1.69,1.32
2013.05.23 06:31:28.123,1.87546,1.87613,2.44,1.32
2013.05.23 06:31:28.755,1.8754,1.87605,1.32,1.69
2013.05.23 06:31:30.139,1.87538,1.87605,2.07,2.44
2013.05.23 06:31:32.456,1.87538,1.876,1.32,1.69
2013.05.23 06:31:34.103,1.87538,1.87599,1.32,2.44
2013.05.23 06:31:34.933,1.87535,1.87594,1.32,1.28
2013.05.23 06:31:34.993,1.87529,1.87587,1.32,1.32
2013.05.23 06:31:35.232,1.87527,1.87587,1.32,1.69
2013.05.23 06:31:35.423,1.87518,1.87586,1.69,1.69
2013.05.23 06:31:35.543,1.8752,1.87586,1.32,1.32
2013.05.23 06:31:36.042,1.87514,1.87581,1.32,2.07
2013.05.23 06:31:38.044,1.87514,1.8758,1.32,1.69
2013.05.23 06:31:38.283,1.87511,1.87571,1.69,1.32
2013.05.23 06:31:42.146,1.87508,1.87571,1.32,1.32
2013.05.23 06:31:43.041,1.87508,1.87576,2.07,1.69
2013.05.23 06:31:43.162,1.87508,1.87576,2.44,1.69
2013.05.23 06:31:44.261,1.8751,1.87577,1.32,1.69
2013.05.23 06:31:45.765,1.87511,1.87578,1.32,2.44
2013.05.23 06:31:48.753,1.87523,1.87578,1.20,2.44
2013.05.23 06:31:48.815,1.8753,1.87589,1.69,1.32
2013.05.23 06:31:50.455,1.87534,1.87596,1.32,1.32
2013.05.23 06:31:50.513,1.87535,1.87601,1.47,1.69
2013.05.23 06:31:50.995,1.87541,1.87603,1.32,1.69
2013.05.23 06:31:51.234,1.87534,1.87596,1.69,1.69
2013.05.23 06:31:51.594,1.87526,1.87595,1.69,1.69
2013.05.23 06:31:51.957,1.87528,1.87587,1.32,1.69
2013.05.23 06:31:52.085,1.87528,1.8759,1.32,1.69
2013.05.23 06:31:52.444,1.8753,1.87593,1.32,1.69
2013.05.23 06:31:52.688,1.87522,1.87588,1.32,1.69
2013.05.23 06:31:53.058,1.87519,1.87579,1.32,1.69
2013.05.23 06:31:53.363,1.87518,1.87573,1.32,1.50
2013.05.23 06:31:53.543,1.87504,1.87571,1.32,1.69
2013.05.23 06:31:54.304,1.87503,1.87571,1.69,1.69
2013.05.23 06:31:54.492,1.87504,1.87571,1.32,1.69
2013.05.23 06:31:55.024,1.87513,1.87574,1.32,1.69
2013.05.23 06:31:55.223,1.87519,1.87588,1.50,3.19
2013.05.23 06:31:55.283,1.87522,1.87588,1.13,3.19
2013.05.23 06:31:55.533,1.87515,1.87574,1.32,1.69
2013.05.23 06:31:55.713,1.8751,1.87578,1.32,2.07
2013.05.23 06:31:56.133,1.87512,1.87578,1.32,1.32
2013.05.23 06:31:57.027,1.87538,1.87579,1.13,1.69
2013.05.23 06:31:57.093,1.87528,1.87593,2.07,2.44
2013.05.23 06:31:57.274,1.87528,1.87593,1.32,2.44
2013.05.23 06:31:57.337,1.87527,1.87595,1.32,1.32
2013.05.23 06:31:57.584,1.87529,1.87597,1.69,1.32
2013.05.23 06:31:57.705,1.87532,1.87597,1.13,1.69
2013.05.23 06:31:58.125,1.87525,1.87592,1.88,1.32
2013.05.23 06:31:58.743,1.87527,1.87593,1.69,1.69
2013.05.23 06:32:00.514,1.87527,1.87592,1.69,1.69
2013.05.23 06:32:00.634,1.87538,1.87594,1.50,1.69
2013.05.23 06:32:00.994,1.87547,1.87612,1.32,1.32
2013.05.23 06:32:01.506,1.87547,1.87603,1.32,1.32
2013.05.23 06:32:01.983,1.87539,1.87607,2.44,1.32
2013.05.23 06:32:02.223,1.87541,1.87607,1.69,1.32
2013.05.23 06:32:02.604,1.87546,1.87611,1.32,1.32
2013.05.23 06:32:03.368,1.87546,1.87607,1.32,1.32
2013.05.23 06:32:03.450,1.8753,1.87588,1.32,1.32
2013.05.23 06:32:03.583,1.87524,1.87592,2.07,2.44
2013.05.23 06:32:04.143,1.87527,1.87592,1.13,1.69
2013.05.23 06:32:04.504,1.87528,1.87592,1.88,1.69
2013.05.23 06:32:05.035,1.87528,1.87587,1.69,1.69
2013.05.23 06:32:05.334,1.87518,1.87584,1.32,1.69
2013.05.23 06:32:06.054,1.87517,1.87582,1.32,1.69
2013.05.23 06:32:06.593,1.87524,1.87593,1.69,1.50
2013.05.23 06:32:06.654,1.87531,1.876,1.50,1.32
2013.05.23 06:32:07.015,1.87524,1.87593,1.69,1.69
2013.05.23 06:32:07.372,1.87518,1.8758,2.82,1.13
2013.05.23 06:32:07.433,1.87515,1.8758,1.32,1.69
2013.05.23 06:32:07.755,1.87515,1.8758,1.13,1.69
2013.05.23 06:32:08.085,1.87517,1.8758,1.32,1.69
2013.05.23 06:32:08.384,1.87523,1.87589,1.32,1.69
2013.05.23 06:32:08.443,1.87521,1.87586,1.69,1.32
2013.05.23 06:32:09.223,1.87521,1.87586,1.13,2.44
2013.05.23 06:32:09.463,1.87525,1.87591,1.32,1.69
2013.05.23 06:32:09.997,1.87529,1.87595,1.32,1.32
2013.05.23 06:32:10.703,1.87529,1.87595,1.32,1.32
2013.05.23 06:32:10.994,1.87531,1.87595,1.32,1.69
2013.05.23 06:32:11.413,1.87531,1.87595,1.13,1.69
2013.05.23 06:32:11.474,1.87529,1.87595,1.32,1.32
2013.05.23 06:32:11.832,1.87529,1.87591,1.32,1.32
2013.05.23 06:32:12.193,1.87527,1.87591,1.13,1.69
2013.05.23 06:32:12.433,1.87524,1.87591,1.69,1.69
2013.05.23 06:32:12.992,1.87524,1.87589,1.32,2.44
2013.05.23 06:32:13.053,1.87524,1.87588,1.13,1.69
2013.05.23 06:32:13.564,1.87527,1.87589,1.32,1.69
2013.05.23 06:32:14.741,1.87529,1.87595,1.32,1.69
2013.05.23 06:32:15.318,1.87537,1.87596,1.32,1.32
2013.05.23 06:32:15.504,1.87529,1.87596,1.69,1.69
2013.05.23 06:32:15.803,1.87525,1.87589,1.13,2.44
2013.05.23 06:32:16.413,1.87538,1.87592,1.09,1.69
2013.05.23 06:32:16.475,1.87542,1.8761,1.69,3.19
2013.05.23 06:32:18.017,1.8754,1.87607,1.32,2.07
2013.05.23 06:32:18.593,1.87539,1.87599,1.32,1.32
2013.05.23 06:32:19.052,1.87536,1.87599,1.32,1.32
2013.05.23 06:32:20.026,1.87536,1.87599,1.69,1.32
2013.05.23 06:32:20.205,1.87538,1.87599,1.69,1.32
2013.05.23 06:32:20.514,1.87538,1.87604,2.82,1.69
2013.05.23 06:32:20.634,1.87538,1.87602,2.44,1.69
2013.05.23 06:32:20.993,1.87528,1.87595,1.32,2.44
2013.05.23 06:32:21.174,1.87527,1.87592,1.32,1.69
2013.05.23 06:32:21.233,1.87527,1.87592,1.13,1.69
2013.05.23 06:32:21.753,1.87527,1.87585,1.13,2.44
2013.05.23 06:32:23.533,1.87528,1.87591,1.13,1.69
2013.05.23 06:32:24.965,1.87528,1.87591,1.13,1.69
2013.05.23 06:32:26.135,1.87528,1.87591,1.88,1.69
2013.05.23 06:32:26.257,1.87528,1.87591,1.69,1.69
2013.05.23 06:32:27.565,1.8753,1.87592,1.39,1.69
2013.05.23 06:32:28.705,1.87531,1.87596,1.39,1.69
2013.05.23 06:32:28.768,1.87534,1.87597,1.39,1.69
2013.05.23 06:32:29.804,1.87536,1.87601,1.02,1.32
2013.05.23 06:32:30.163,1.87537,1.87602,1.39,2.07
2013.05.23 06:32:30.783,1.87535,1.87602,1.65,2.07
2013.05.23 06:32:32.412,1.87538,1.87602,2.10,2.07
2013.05.23 06:32:32.473,1.87538,1.87602,2.10,1.32
2013.05.23 06:32:32.834,1.87541,1.87604,1.32,1.32
2013.05.23 06:32:33.193,1.87546,1.87604,1.32,1.69
2013.05.23 06:32:33.803,1.87545,1.87608,1.32,1.32
2013.05.23 06:32:33.984,1.87545,1.87608,1.32,2.07
2013.05.23 06:32:34.043,1.87545,1.87607,1.13,1.69
2013.05.23 06:32:34.771,1.87545,1.87604,1.13,1.69
2013.05.23 06:32:35.159,1.8754,1.87604,1.13,1.69
2013.05.23 06:32:35.694,1.8754,1.876,1.13,1.69
2013.05.23 06:32:37.163,1.8754,1.87604,1.13,1.69
2013.05.23 06:32:37.583,1.87541,1.87598,1.13,1.69
2013.05.23 06:32:38.123,1.87541,1.87606,1.13,2.44
2013.05.23 06:32:38.643,1.87541,1.87602,1.13,1.69
2013.05.23 06:32:39.173,1.87541,1.876,1.13,1.69
2013.05.23 06:32:40.077,1.8754,1.876,1.13,1.69
2013.05.23 06:32:40.403,1.8754,1.87595,1.13,1.69
2013.05.23 06:32:40.763,1.87528,1.87593,1.88,1.69
2013.05.23 06:32:41.204,1.87528,1.87584,1.13,1.69
2013.05.23 06:32:41.265,1.87524,1.87584,1.28,1.69
2013.05.23 06:32:41.324,1.87524,1.87589,1.28,1.69
2013.05.23 06:32:41.443,1.87524,1.87584,1.28,1.69
2013.05.23 06:32:42.103,1.87524,1.87592,1.28,3.19
2013.05.23 06:32:42.653,1.87524,1.87589,1.28,1.69
2013.05.23 06:32:46.482,1.87529,1.87592,1.13,2.44
2013.05.23 06:32:48.325,1.87525,1.87584,1.13,1.69
2013.05.23 06:32:48.394,1.87525,1.8758,1.13,1.50
2013.05.23 06:32:48.945,1.87521,1.87583,1.13,1.69
2013.05.23 06:32:50.064,1.8752,1.87585,1.13,1.69
2013.05.23 06:32:50.320,1.87532,1.87593,1.50,1.69
2013.05.23 06:32:50.623,1.87538,1.87593,1.50,1.69
2013.05.23 06:32:51.104,1.87532,1.87593,1.50,1.69
2013.05.23 06:32:51.635,1.87532,1.87596,2.44,1.69
2013.05.23 06:32:52.887,1.87532,1.87591,2.25,1.32
2013.05.23 06:32:53.196,1.87535,1.87599,1.50,2.44
2013.05.23 06:32:53.624,1.87535,1.87601,1.32,1.69
2013.05.23 06:32:54.833,1.87532,1.87601,2.44,1.69
2013.05.23 06:32:57.010,1.87532,1.87601,2.44,1.69
2013.05.23 06:32:57.743,1.87537,1.87602,1.69,1.32
2013.05.23 06:32:58.182,1.87538,1.87602,1.69,1.32
2013.05.23 06:32:59.264,1.87536,1.87602,1.69,2.07
2013.05.23 06:32:59.623,1.87544,1.87602,1.69,1.32
2013.05.23 06:33:00.778,1.87544,1.87613,1.69,1.32
2013.05.23 06:33:01.363,1.8755,1.87612,1.69,1.32
2013.05.23 06:33:01.733,1.8755,1.87612,1.69,1.32
2013.05.23 06:33:02.747,1.87544,1.87612,1.50,2.82
2013.05.23 06:33:02.873,1.87541,1.87609,1.69,1.69
2013.05.23 06:33:03.935,1.87536,1.87602,1.69,1.32
2013.05.23 06:33:05.066,1.87534,1.876,1.69,1.69
2013.05.23 06:33:05.483,1.87532,1.876,1.69,1.69
2013.05.23 06:33:06.073,1.87526,1.87587,1.69,1.32
2013.05.23 06:33:06.393,1.87526,1.87581,1.50,1.32
2013.05.23 06:33:06.696,1.8751,1.87567,1.02,1.50
2013.05.23 06:33:06.934,1.87513,1.87578,1.20,1.69
2013.05.23 06:33:06.994,1.87513,1.87579,1.20,1.69
2013.05.23 06:33:07.413,1.87522,1.87588,1.32,1.69
2013.05.23 06:33:08.666,1.87528,1.87592,1.13,1.69
2013.05.23 06:33:08.734,1.87529,1.87597,1.88,1.69
2013.05.23 06:33:09.897,1.87529,1.87597,1.13,1.69
2013.05.23 06:33:11.254,1.87529,1.87597,1.13,1.69
2013.05.23 06:33:12.834,1.87529,1.87597,1.13,1.69
2013.05.23 06:33:13.893,1.87529,1.87596,1.13,1.69
2013.05.23 06:33:15.855,1.87529,1.87598,1.13,1.69
2013.05.23 06:33:16.925,1.87529,1.87596,1.13,1.69
2013.05.23 06:33:18.658,1.87515,1.87582,2.44,1.32
2013.05.23 06:33:19.723,1.87518,1.87582,1.69,1.32
2013.05.23 06:33:20.773,1.87518,1.87582,1.69,1.32
2013.05.23 06:33:21.813,1.87524,1.8759,1.69,1.69
2013.05.23 06:33:23.013,1.87524,1.8759,1.69,1.69
2013.05.23 06:33:25.483,1.87531,1.8759,1.69,1.32
2013.05.23 06:33:26.042,1.87532,1.8759,1.50,1.32
2013.05.23 06:33:26.521,1.87532,1.8759,1.69,1.32
2013.05.23 06:33:27.654,1.87532,1.8759,1.50,1.32
2013.05.23 06:33:28.793,1.87532,1.8759,1.69,1.32
2013.05.23 06:33:31.423,1.87528,1.87591,1.13,1.32
2013.05.23 06:33:33.246,1.87528,1.87591,1.32,1.32
2013.05.23 06:33:34.715,1.87522,1.87583,1.32,1.32
2013.05.23 06:33:35.873,1.87523,1.87584,1.32,1.32
2013.05.23 06:33:36.503,1.87526,1.87592,2.44,2.07
2013.05.23 06:33:36.743,1.87526,1.87592,2.44,2.07
2013.05.23 06:33:37.023,1.87534,1.87596,1.50,1.69
2013.05.23 06:33:37.479,1.87536,1.87603,1.50,3.19
2013.05.23 06:33:37.844,1.87536,1.87603,1.69,1.69
2013.05.23 06:33:39.725,1.87529,1.87595,1.69,1.69
2013.05.23 06:33:40.693,1.8753,1.87596,1.32,2.07
2013.05.23 06:33:41.743,1.87538,1.87602,1.39,2.07
2013.05.23 06:33:45.266,1.87542,1.87601,1.32,1.32
2013.05.23 06:33:47.415,1.87542,1.87602,1.32,1.32
2013.05.23 06:33:48.325,1.8754,1.87602,1.69,1.32
2013.05.23 06:33:48.717,1.8754,1.87603,1.69,2.07
2013.05.23 06:33:50.858,1.8754,1.87605,1.69,1.32
2013.05.23 06:33:54.253,1.8754,1.87603,1.69,2.07
2013.05.23 06:33:54.613,1.87533,1.87599,1.69,1.69
2013.05.23 06:33:54.734,1.87526,1.87593,1.69,1.32
2013.05.23 06:33:54.973,1.87524,1.87586,1.69,1.32
2013.05.23 06:33:55.523,1.87519,1.87586,1.69,1.32
2013.05.23 06:33:55.953,1.87521,1.87581,1.77,1.32
2013.05.23 06:33:56.475,1.87524,1.8758,1.69,1.32
2013.05.23 06:33:56.663,1.8752,1.8758,1.69,1.32
2013.05.23 06:33:57.203,1.8752,1.87574,1.69,1.32
2013.05.23 06:33:57.624,1.87514,1.87582,1.69,2.07
2013.05.23 06:34:00.733,1.87514,1.87576,1.69,1.32
2013.05.23 06:34:06.177,1.87516,1.87574,2.44,1.32
2013.05.23 06:34:07.698,1.87516,1.87575,2.44,1.32
2013.05.23 06:34:09.263,1.87516,1.87578,2.44,1.32
2013.05.23 06:34:11.141,1.87516,1.87578,2.44,1.32
2013.05.23 06:34:12.475,1.87516,1.8758,2.44,1.32
2013.05.23 06:34:14.005,1.87517,1.87578,1.69,1.32
2013.05.23 06:34:15.973,1.87519,1.87578,1.32,1.32
2013.05.23 06:34:16.033,1.87525,1.87579,1.32,1.32
2013.05.23 06:34:16.756,1.87525,1.8758,1.32,1.32
2013.05.23 06:34:16.993,1.87519,1.87579,1.69,1.32
2013.05.23 06:34:17.053,1.87519,1.87577,1.69,1.32
2013.05.23 06:34:19.345,1.87522,1.87577,1.69,1.32
2013.05.23 06:34:21.963,1.87523,1.87582,2.44,1.32
2013.05.23 06:34:24.265,1.87525,1.87582,1.32,1.32
2013.05.23 06:34:24.473,1.87523,1.87582,1.69,1.32
2013.05.23 06:34:25.074,1.87523,1.87586,1.69,1.32
2013.05.23 06:34:28.237,1.8752,1.87582,1.69,1.65
2013.05.23 06:34:31.004,1.87519,1.87583,1.69,1.28
2013.05.23 06:34:33.524,1.87518,1.87583,1.13,2.03
2013.05.23 06:34:35.126,1.87519,1.87579,1.13,1.65
2013.05.23 06:34:35.797,1.87517,1.87575,2.44,1.32
2013.05.23 06:34:37.642,1.87519,1.87579,1.32,1.65
2013.05.23 06:34:38.759,1.87519,1.87579,1.32,1.65
2013.05.23 06:34:42.968,1.87519,1.87579,1.32,1.65
2013.05.23 06:34:44.787,1.8752,1.87583,1.69,1.65
2013.05.23 06:34:45.229,1.8752,1.87583,1.69,1.65
2013.05.23 06:34:49.834,1.8752,1.87583,1.69,1.65
2013.05.23 06:34:51.073,1.87517,1.87582,1.69,1.65
2013.05.23 06:34:51.258,1.87519,1.87582,1.13,1.47
2013.05.23 06:34:51.678,1.87517,1.87582,1.69,1.47
2013.05.23 06:34:51.884,1.87516,1.8758,1.13,1.28
2013.05.23 06:34:57.713,1.87515,1.87579,1.13,1.28
2013.05.23 06:35:01.232,1.87515,1.87581,1.13,1.69
2013.05.23 06:35:01.975,1.87515,1.87572,1.13,1.28
2013.05.23 06:35:02.334,1.87504,1.87561,1.69,1.69
2013.05.23 06:35:02.454,1.87496,1.87553,1.69,1.32
2013.05.23 06:35:03.419,1.87494,1.87561,1.69,1.13
2013.05.23 06:35:04.533,1.87494,1.87561,2.44,2.25
2013.05.23 06:35:05.553,1.87487,1.87552,1.32,2.82
2013.05.23 06:35:06.034,1.8748,1.87542,1.69,1.32
2013.05.23 06:35:06.274,1.87477,1.87533,1.69,1.32
2013.05.23 06:35:06.453,1.8747,1.87532,3.19,1.32
2013.05.23 06:35:07.215,1.87478,1.87535,1.69,1.32
2013.05.23 06:35:07.275,1.87481,1.87546,1.50,1.69
2013.05.23 06:35:07.514,1.87485,1.87552,1.69,1.32
2013.05.23 06:35:09.033,1.87489,1.87555,1.69,1.69
2013.05.23 06:35:10.093,1.87489,1.87553,1.69,1.32
2013.05.23 06:35:10.273,1.87486,1.87552,1.32,1.32
2013.05.23 06:35:10.823,1.87485,1.87552,2.82,1.32
2013.05.23 06:35:12.029,1.87507,1.87552,1.13,1.69
2013.05.23 06:35:12.107,1.8751,1.87578,1.69,1.32
2013.05.23 06:35:13.575,1.8751,1.87578,1.69,1.69
2013.05.23 06:35:13.634,1.87508,1.87575,1.13,1.50
2013.05.23 06:35:14.547,1.87511,1.8758,1.69,1.69
2013.05.23 06:35:14.735,1.87517,1.87581,1.69,1.69
2013.05.23 06:35:15.293,1.87518,1.87586,2.07,1.69
2013.05.23 06:35:15.823,1.87518,1.87586,2.07,1.50
2013.05.23 06:35:16.494,1.87527,1.87592,1.69,1.69
2013.05.23 06:35:17.033,1.87533,1.87599,1.32,2.44
2013.05.23 06:35:17.274,1.87535,1.87599,1.32,1.69
2013.05.23 06:35:18.475,1.87537,1.87602,1.69,1.69
2013.05.23 06:35:19.953,1.87544,1.87611,1.69,1.69
2013.05.23 06:35:21.926,1.87544,1.87611,1.69,1.69
2013.05.23 06:35:23.412,1.8755,1.87611,1.39,2.07
2013.05.23 06:35:24.774,1.87544,1.87611,1.32,1.69
2013.05.23 06:35:25.523,1.87544,1.87611,2.07,1.69
2013.05.23 06:35:26.003,1.87544,1.87611,2.07,1.69
2013.05.23 06:35:26.317,1.8755,1.87612,1.32,1.69
2013.05.23 06:35:26.633,1.8755,1.87611,1.32,1.32
2013.05.23 06:35:26.789,1.8755,1.87611,1.32,1.32
2013.05.23 06:35:27.514,1.87547,1.87612,1.69,2.07
2013.05.23 06:35:27.644,1.8755,1.87611,1.32,1.32
2013.05.23 06:35:31.175,1.87555,1.87611,1.32,1.32
2013.05.23 06:35:33.334,1.87555,1.87616,1.32,1.69
2013.05.23 06:35:33.636,1.87557,1.87622,1.39,1.69
2013.05.23 06:35:34.655,1.87561,1.87623,1.32,1.69
2013.05.23 06:35:37.273,1.87561,1.87622,1.32,1.32
2013.05.23 06:35:38.523,1.87561,1.87621,1.32,1.32
2013.05.23 06:35:43.289,1.87561,1.87623,1.32,2.07
2013.05.23 06:35:44.452,1.87561,1.87623,1.32,2.07
2013.05.23 06:35:44.853,1.87561,1.87622,1.32,1.32
2013.05.23 06:35:49.238,1.87556,1.87619,1.32,1.69
2013.05.23 06:35:50.576,1.87556,1.8762,1.32,1.69
2013.05.23 06:35:51.904,1.87555,1.87622,1.32,1.69
2013.05.23 06:36:03.772,1.87554,1.87623,2.52,2.44
2013.05.23 06:36:08.617,1.87555,1.87622,1.13,1.69
2013.05.23 06:36:10.904,1.87555,1.87623,1.32,2.44
2013.05.23 06:36:12.314,1.87556,1.87622,1.32,1.69
2013.05.23 06:36:13.726,1.87556,1.87621,2.44,1.32
2013.05.23 06:36:13.799,1.87556,1.87616,2.44,1.69
2013.05.23 06:36:16.744,1.87548,1.87615,2.44,1.69
2013.05.23 06:36:18.660,1.87549,1.87617,1.69,1.69
2013.05.23 06:36:20.077,1.87552,1.87621,1.69,1.69
2013.05.23 06:36:23.518,1.87544,1.87611,1.69,1.69
2013.05.23 06:36:26.954,1.87541,1.87609,2.44,1.69
2013.05.23 06:36:32.124,1.87541,1.87609,2.44,1.69
2013.05.23 06:36:34.036,1.87539,1.87606,1.32,1.69
2013.05.23 06:36:36.364,1.87539,1.87604,1.32,1.69
2013.05.23 06:36:37.737,1.87543,1.87609,1.13,2.44
2013.05.23 06:36:39.045,1.87543,1.87609,1.13,2.44
2013.05.23 06:36:42.833,1.87538,1.87603,1.32,1.69
2013.05.23 06:36:43.953,1.87541,1.87609,1.69,1.69
2013.05.23 06:36:44.485,1.87544,1.87611,1.69,1.32
2013.05.23 06:36:45.074,1.87539,1.87608,1.32,2.44
2013.05.23 06:36:45.315,1.87541,1.87608,1.69,2.44
2013.05.23 06:36:46.984,1.87542,1.87608,1.69,2.44
2013.05.23 06:36:51.003,1.8754,1.87608,1.69,2.44
2013.05.23 06:36:53.626,1.87539,1.87608,2.07,2.44
2013.05.23 06:37:00.714,1.87541,1.87608,1.69,2.44
2013.05.23 06:37:05.435,1.87541,1.87608,1.69,1.69
2013.05.23 06:37:08.434,1.87548,1.87615,2.07,1.32
2013.05.23 06:37:09.784,1.87551,1.87618,1.69,2.07
2013.05.23 06:37:11.190,1.87552,1.87616,1.69,1.32
2013.05.23 06:37:12.708,1.8755,1.87617,1.69,1.32
2013.05.23 06:37:16.524,1.87549,1.87614,1.32,1.69
2013.05.23 06:37:19.033,1.87549,1.87608,1.32,1.32
2013.05.23 06:37:20.233,1.87549,1.87608,1.32,2.82
2013.05.23 06:37:21.265,1.87547,1.87608,1.32,1.69
2013.05.23 06:37:25.370,1.87547,1.87608,1.32,1.69
2013.05.23 06:37:25.713,1.8756,1.87614,1.50,1.69
2013.05.23 06:37:25.833,1.87553,1.87611,1.69,1.69
2013.05.23 06:37:26.391,1.87547,1.87611,1.69,2.44
2013.05.23 06:37:27.317,1.8755,1.87611,1.13,2.44
2013.05.23 06:37:29.220,1.87551,1.87616,1.88,2.44
2013.05.23 06:37:32.994,1.87549,1.87613,1.88,1.69
2013.05.23 06:37:35.372,1.87549,1.87613,1.32,2.44
2013.05.23 06:37:37.829,1.87549,1.87613,1.88,1.69
2013.05.23 06:37:41.733,1.87549,1.87613,2.25,2.44
2013.05.23 06:37:42.849,1.87548,1.87613,1.13,3.19
2013.05.23 06:37:47.673,1.87549,1.87613,1.13,2.44
2013.05.23 06:37:54.773,1.87552,1.87611,1.13,1.69
2013.05.23 06:37:58.263,1.87554,1.87619,1.13,1.69
2013.05.23 06:38:01.201,1.87553,1.87618,1.69,1.69
2013.05.23 06:38:02.159,1.87562,1.87622,1.69,1.69
2013.05.23 06:38:02.226,1.87562,1.87627,2.44,1.69
2013.05.23 06:38:03.835,1.8756,1.87625,1.69,1.69
2013.05.23 06:38:09.297,1.87559,1.87623,1.32,2.44
2013.05.23 06:38:09.484,1.87559,1.87625,1.32,1.69
2013.05.23 06:38:09.664,1.87564,1.87625,1.32,1.69
2013.05.23 06:38:10.213,1.87564,1.87625,1.13,1.69
2013.05.23 06:38:12.048,1.87562,1.87629,1.13,2.82
2013.05.23 06:38:13.471,1.87565,1.87629,1.13,2.07
2013.05.23 06:38:15.014,1.87565,1.87624,1.13,1.69
2013.05.23 06:38:15.374,1.87565,1.87612,1.32,1.50
2013.05.23 06:38:15.554,1.87541,1.87603,1.32,1.50
2013.05.23 06:38:17.713,1.87541,1.87603,1.32,2.44
2013.05.23 06:38:19.764,1.87536,1.87602,2.25,1.69
2013.05.23 06:38:20.335,1.87534,1.876,2.07,1.69
2013.05.23 06:38:21.604,1.87533,1.87597,1.32,1.69
2013.05.23 06:38:22.835,1.87537,1.87601,1.13,1.69
2013.05.23 06:38:25.525,1.87537,1.876,1.13,1.69
2013.05.23 06:38:27.743,1.87533,1.87582,1.69,1.13
2013.05.23 06:38:27.805,1.87526,1.87582,1.50,2.07
2013.05.23 06:38:27.923,1.87517,1.87582,1.32,2.07
2013.05.23 06:38:28.485,1.87515,1.87576,1.32,1.69
2013.05.23 06:38:28.963,1.87515,1.87582,1.32,1.69
2013.05.23 06:38:29.323,1.87515,1.87576,1.32,1.69
2013.05.23 06:38:29.652,1.87515,1.87577,1.13,1.69
2013.05.23 06:38:29.993,1.87515,1.87582,1.88,2.44
2013.05.23 06:38:33.793,1.87515,1.87582,1.32,1.69
2013.05.23 06:38:34.033,1.87518,1.87583,1.32,2.44
2013.05.23 06:38:34.344,1.87519,1.87583,1.13,1.69
2013.05.23 06:38:34.910,1.87522,1.87587,1.13,1.69
2013.05.23 06:38:35.515,1.87527,1.87593,1.69,2.44
2013.05.23 06:38:36.207,1.87523,1.87591,1.13,1.69
2013.05.23 06:38:36.514,1.87526,1.87583,1.13,1.69
2013.05.23 06:38:37.495,1.87528,1.87593,1.88,1.69
2013.05.23 06:38:37.780,1.87528,1.87593,1.88,1.69
2013.05.23 06:38:38.904,1.87538,1.87594,1.13,1.69
2013.05.23 06:38:39.023,1.87538,1.87604,1.32,1.69
2013.05.23 06:38:39.203,1.87538,1.87601,1.69,1.32
2013.05.23 06:38:39.563,1.87538,1.87591,1.32,1.50
2013.05.23 06:38:40.224,1.87537,1.87591,1.32,1.69
2013.05.23 06:38:40.733,1.87531,1.87597,1.32,2.07
2013.05.23 06:38:41.649,1.87532,1.87597,1.32,2.82
2013.05.23 06:38:43.209,1.87527,1.87595,2.07,1.69
2013.05.23 06:38:44.326,1.87527,1.87595,2.07,1.69
2013.05.23 06:38:45.924,1.87527,1.87595,2.07,1.69
2013.05.23 06:38:47.818,1.87527,1.87595,2.07,1.69
2013.05.23 06:38:53.154,1.87534,1.87597,1.32,1.69
2013.05.23 06:38:54.823,1.87528,1.87594,1.32,1.69
2013.05.23 06:38:58.754,1.87528,1.87594,1.32,1.69
2013.05.23 06:38:58.926,1.87527,1.87594,1.69,1.69
2013.05.23 06:38:59.446,1.87528,1.87594,1.32,1.69
2013.05.23 06:39:00.665,1.87528,1.87594,1.32,1.69
2013.05.23 06:39:01.413,1.87528,1.87594,1.13,1.69
2013.05.23 06:39:01.476,1.87531,1.87598,1.13,2.44
2013.05.23 06:39:04.086,1.8753,1.87597,1.13,1.69
2013.05.23 06:39:04.666,1.8753,1.87597,1.13,1.69
2013.05.23 06:39:05.034,1.8753,1.87597,1.13,1.69
2013.05.23 06:39:05.704,1.87529,1.87594,1.13,1.69
2013.05.23 06:39:07.805,1.87528,1.87594,1.88,1.69
2013.05.23 06:39:08.050,1.87528,1.87594,1.88,1.69
2013.05.23 06:39:10.185,1.87528,1.87592,1.32,1.32
2013.05.23 06:39:11.505,1.87526,1.8759,1.32,1.69
2013.05.23 06:39:13.714,1.87537,1.8759,1.32,1.69
2013.05.23 06:39:13.773,1.87537,1.8759,1.32,1.69
2013.05.23 06:39:13.834,1.87529,1.87593,1.65,1.69
2013.05.23 06:39:13.954,1.87529,1.87593,1.65,1.69
2013.05.23 06:39:15.394,1.87532,1.87593,1.32,1.69
2013.05.23 06:39:16.313,1.87532,1.87597,1.13,2.44
2013.05.23 06:39:17.616,1.87532,1.87597,1.13,1.69
2013.05.23 06:39:18.144,1.87532,1.87593,1.13,1.69
2013.05.23 06:39:18.754,1.87527,1.87593,2.82,1.32
2013.05.23 06:39:19.794,1.87522,1.87587,1.13,2.44
2013.05.23 06:39:21.049,1.87517,1.87581,1.32,2.82
2013.05.23 06:39:21.765,1.8752,1.87586,1.32,1.69
2013.05.23 06:39:24.064,1.87523,1.87592,1.69,1.69
2013.05.23 06:39:24.125,1.87523,1.87592,2.44,1.69
2013.05.23 06:39:24.996,1.87528,1.87592,1.32,1.69
2013.05.23 06:39:25.174,1.87527,1.87594,2.07,1.69
2013.05.23 06:39:25.654,1.87527,1.87588,1.69,1.58
2013.05.23 06:39:26.263,1.87522,1.87581,1.32,1.02
2013.05.23 06:39:26.911,1.87522,1.87588,1.32,1.69
2013.05.23 06:39:27.515,1.87522,1.87589,2.07,1.69
2013.05.23 06:39:28.504,1.87522,1.87589,2.07,1.69
2013.05.23 06:39:28.685,1.87526,1.87591,1.32,2.07
2013.05.23 06:39:29.874,1.87531,1.87597,1.32,1.69
2013.05.23 06:39:30.415,1.87538,1.87597,1.13,1.69
2013.05.23 06:39:30.935,1.87537,1.87603,1.32,2.44
2013.05.23 06:39:31.055,1.87536,1.87597,1.32,1.69
2013.05.23 06:39:31.615,1.87536,1.87596,1.32,1.69
2013.05.23 06:39:32.129,1.87531,1.87596,1.32,1.69
2013.05.23 06:39:32.453,1.87531,1.87573,1.32,1.58
2013.05.23 06:39:32.584,1.87517,1.87573,1.69,1.95
2013.05.23 06:39:33.124,1.87508,1.87568,1.88,1.13
2013.05.23 06:39:34.954,1.87507,1.87569,1.88,1.32
2013.05.23 06:39:36.614,1.87507,1.87567,1.88,1.32
2013.05.23 06:39:37.304,1.87512,1.8758,1.69,3.19
2013.05.23 06:39:37.664,1.87517,1.87571,2.25,1.32
2013.05.23 06:39:37.725,1.87517,1.87584,1.50,2.44
2013.05.23 06:39:38.497,1.87519,1.87584,1.13,2.44
2013.05.23 06:39:39.023,1.87526,1.87592,1.13,2.07
2013.05.23 06:39:39.534,1.87517,1.87585,1.69,1.69
2013.05.23 06:39:39.835,1.87518,1.87585,1.32,1.69
2013.05.23 06:39:40.473,1.87527,1.87592,1.32,1.69
2013.05.23 06:39:41.444,1.87528,1.87592,1.32,1.69
2013.05.23 06:39:42.754,1.87528,1.87593,1.32,1.69
2013.05.23 06:39:44.414,1.87518,1.87584,1.69,1.69
2013.05.23 06:39:46.303,1.87519,1.87586,2.07,1.69
2013.05.23 06:39:50.394,1.87519,1.87586,1.32,1.69
2013.05.23 06:39:53.034,1.87523,1.87592,1.69,2.07
2013.05.23 06:39:54.689,1.87523,1.87591,2.82,1.32
2013.05.23 06:39:56.414,1.87523,1.87591,2.82,1.32
2013.05.23 06:39:57.214,1.87525,1.87592,1.69,2.07
2013.05.23 06:39:57.599,1.87528,1.87592,2.25,1.32
2013.05.23 06:39:57.784,1.87528,1.87592,2.44,1.32
2013.05.23 06:39:58.747,1.87525,1.87593,1.69,1.69
2013.05.23 06:39:58.814,1.87531,1.87602,1.69,3.19
2013.05.23 06:39:58.934,1.87534,1.87602,1.50,2.44
2013.05.23 06:39:59.524,1.87538,1.87602,1.50,1.69
2013.05.23 06:39:59.785,1.87538,1.87608,2.07,1.69
2013.05.23 06:40:06.209,1.8754,1.87608,1.32,1.69
2013.05.23 06:40:07.163,1.87543,1.87611,2.44,1.32
2013.05.23 06:40:08.323,1.87546,1.87612,1.13,1.69
2013.05.23 06:40:09.462,1.87546,1.87614,1.32,1.69
2013.05.23 06:40:10.654,1.87549,1.87619,1.69,1.69
2013.05.23 06:40:10.713,1.87549,1.87619,1.69,1.69
2013.05.23 06:40:11.334,1.87553,1.87619,1.69,1.69
2013.05.23 06:40:12.105,1.87553,1.87619,1.69,1.69
2013.05.23 06:40:12.362,1.87554,1.87623,1.69,3.53
2013.05.23 06:40:13.347,1.87556,1.87623,1.69,1.28
2013.05.23 06:40:14.544,1.87556,1.87623,1.69,1.28
2013.05.23 06:40:15.564,1.87556,1.87623,1.69,1.28
2013.05.23 06:40:15.627,1.87556,1.87625,1.69,1.28
2013.05.23 06:40:16.493,1.87554,1.87623,1.69,1.28
2013.05.23 06:40:17.034,1.87553,1.87623,1.69,2.03
2013.05.23 06:40:20.288,1.87558,1.87625,1.69,1.32
2013.05.23 06:40:21.014,1.87559,1.8763,1.69,1.69
2013.05.23 06:40:24.834,1.87559,1.87623,1.69,2.67
2013.05.23 06:40:25.144,1.87538,1.87606,1.32,1.32
2013.05.23 06:40:25.204,1.87545,1.87606,1.13,1.69
2013.05.23 06:40:25.323,1.87547,1.87616,1.50,2.44
2013.05.23 06:40:25.443,1.87553,1.87621,1.50,1.69
2013.05.23 06:40:25.795,1.87557,1.87622,1.50,2.82
2013.05.23 06:40:25.853,1.87557,1.87626,2.03,1.32
2013.05.23 06:40:25.915,1.87562,1.87632,1.69,1.13
2013.05.23 06:40:26.274,1.87568,1.87637,1.13,2.52
2013.05.23 06:40:26.334,1.87568,1.87636,1.13,1.69
2013.05.23 06:40:27.134,1.87569,1.87636,1.13,1.69
2013.05.23 06:40:28.653,1.8757,1.87636,1.50,1.69
2013.05.23 06:40:28.954,1.87564,1.8763,1.13,1.32
2013.05.23 06:40:29.473,1.87566,1.87631,1.50,1.32
2013.05.23 06:40:29.803,1.87572,1.87631,1.50,1.32
2013.05.23 06:40:29.863,1.87572,1.87639,2.25,1.32
2013.05.23 06:40:30.043,1.87569,1.87635,1.13,1.69
2013.05.23 06:40:31.166,1.87569,1.87635,1.13,1.69
2013.05.23 06:40:33.198,1.87569,1.87635,1.13,1.69
2013.05.23 06:40:34.993,1.87566,1.87633,1.50,2.07
2013.05.23 06:40:35.053,1.87561,1.8763,1.69,1.32
2013.05.23 06:40:35.174,1.87561,1.87627,1.50,1.32
2013.05.23 06:40:35.547,1.87559,1.87627,2.44,1.65
2013.05.23 06:40:35.677,1.87559,1.87627,2.44,1.32
2013.05.23 06:40:35.735,1.87568,1.87632,1.50,2.07
2013.05.23 06:40:36.163,1.87568,1.87623,2.25,1.32
2013.05.23 06:40:38.149,1.87568,1.87625,2.25,1.32
2013.05.23 06:40:38.924,1.87563,1.87625,1.13,1.32
2013.05.23 06:40:39.176,1.87559,1.87622,2.25,1.32
2013.05.23 06:40:39.294,1.87554,1.87621,1.69,1.32
2013.05.23 06:40:39.354,1.87556,1.87621,1.50,1.32
2013.05.23 06:40:39.594,1.87553,1.87624,2.44,1.69
2013.05.23 06:40:40.326,1.87558,1.87627,1.32,2.44
2013.05.23 06:40:40.864,1.8756,1.8763,1.50,1.69
2013.05.23 06:40:41.224,1.8756,1.87631,1.69,1.69
2013.05.23 06:40:41.405,1.87566,1.87631,1.77,1.69
2013.05.23 06:40:41.713,1.87573,1.87639,1.13,1.69
2013.05.23 06:40:42.093,1.87579,1.87641,1.13,1.32
2013.05.23 06:40:42.279,1.87579,1.87643,1.13,1.32
2013.05.23 06:40:44.183,1.87582,1.87647,1.50,1.69
2013.05.23 06:40:45.293,1.87582,1.87647,1.50,1.69
2013.05.23 06:40:45.984,1.87575,1.87642,2.25,1.32
2013.05.23 06:40:46.044,1.87575,1.87642,1.50,1.32
2013.05.23 06:40:46.224,1.87563,1.87623,1.69,1.13
2013.05.23 06:40:46.283,1.87557,1.87623,2.44,1.13
2013.05.23 06:40:46.644,1.87557,1.87621,1.32,1.50
2013.05.23 06:40:46.765,1.87553,1.87621,1.69,1.13
2013.05.23 06:40:47.104,1.87548,1.87612,1.50,1.32
2013.05.23 06:40:47.165,1.87548,1.87612,1.50,1.32
2013.05.23 06:40:47.284,1.87544,1.8761,1.69,1.32
2013.05.23 06:40:47.344,1.87543,1.8761,1.69,1.32
2013.05.23 06:40:47.466,1.87544,1.87612,1.69,1.69
2013.05.23 06:40:48.224,1.87544,1.8761,1.13,1.69
2013.05.23 06:40:48.405,1.87543,1.8761,1.50,1.69
2013.05.23 06:40:48.615,1.87544,1.8761,1.13,1.69
2013.05.23 06:40:49.175,1.87544,1.87606,1.13,1.69
2013.05.23 06:40:49.733,1.87544,1.87606,1.13,1.69
2013.05.23 06:40:50.253,1.87544,1.87606,1.13,1.69
2013.05.23 06:40:50.556,1.87544,1.8761,1.13,1.69
2013.05.23 06:40:51.208,1.87551,1.87619,1.13,1.69
2013.05.23 06:40:52.222,1.87551,1.87619,1.32,1.69
2013.05.23 06:40:54.255,1.87551,1.87619,1.32,1.69
2013.05.23 06:40:55.248,1.87551,1.87619,1.32,1.69
2013.05.23 06:40:55.954,1.87551,1.87619,1.32,1.69
2013.05.23 06:40:56.914,1.87551,1.87619,1.32,1.69
2013.05.23 06:40:57.293,1.87551,1.87619,1.32,1.69
2013.05.23 06:40:58.271,1.87551,1.87619,1.32,1.69
2013.05.23 06:41:00.695,1.87551,1.87619,1.32,1.69
2013.05.23 06:41:01.765,1.87551,1.87619,1.32,1.69
2013.05.23 06:41:03.958,1.87551,1.87619,1.32,1.69
2013.05.23 06:41:04.474,1.87551,1.87619,1.32,1.69
2013.05.23 06:41:04.994,1.87551,1.87619,1.32,1.69
2013.05.23 06:41:05.293,1.87567,1.87632,2.44,1.32
2013.05.23 06:41:06.074,1.87568,1.87634,1.32,1.69
2013.05.23 06:41:06.623,1.87568,1.87634,1.69,1.69
2013.05.23 06:41:07.022,1.87568,1.87634,2.44,1.69
2013.05.23 06:41:08.667,1.87559,1.87625,2.25,1.50
2013.05.23 06:41:08.924,1.87556,1.87622,1.32,1.69
2013.05.23 06:41:09.104,1.87547,1.87612,1.69,1.69
2013.05.23 06:41:10.624,1.87536,1.87604,1.69,1.69
2013.05.23 06:41:11.094,1.87538,1.87604,1.13,1.69
2013.05.23 06:41:12.554,1.87545,1.87613,1.13,1.69
2013.05.23 06:41:13.037,1.87549,1.87613,1.69,1.69
2013.05.23 06:41:13.644,1.87544,1.87611,1.13,1.69
2013.05.23 06:41:14.125,1.87542,1.87611,2.82,2.07
2013.05.23 06:41:14.499,1.87544,1.87611,1.50,2.07
2013.05.23 06:41:14.867,1.87549,1.87611,1.50,1.32
2013.05.23 06:41:15.518,1.87549,1.87611,1.50,1.32
2013.05.23 06:41:15.896,1.87548,1.87611,1.50,1.32
2013.05.23 06:41:16.148,1.87542,1.87612,2.07,2.82
2013.05.23 06:41:16.852,1.87542,1.87607,2.25,2.44
2013.05.23 06:41:17.684,1.87544,1.87607,1.50,2.44
2013.05.23 06:41:17.924,1.87547,1.87613,2.44,1.69
2013.05.23 06:41:18.062,1.87551,1.87613,1.50,1.69
2013.05.23 06:41:18.364,1.87553,1.87613,1.50,1.69
2013.05.23 06:41:18.874,1.87547,1.87613,1.32,1.69
2013.05.23 06:41:19.114,1.87547,1.87613,1.32,1.69
2013.05.23 06:41:21.633,1.87554,1.87622,1.50,1.69
2013.05.23 06:41:22.075,1.8756,1.87622,1.50,1.69
2013.05.23 06:41:22.496,1.87563,1.87623,1.50,2.44
2013.05.23 06:41:22.554,1.87563,1.87631,1.69,1.69
2013.05.23 06:41:22.854,1.87567,1.87632,1.69,1.69
2013.05.23 06:41:23.574,1.87567,1.87623,2.25,1.69
2013.05.23 06:41:23.944,1.8757,1.87631,1.50,1.32
2013.05.23 06:41:24.257,1.87572,1.87631,2.25,1.32
2013.05.23 06:41:24.903,1.87572,1.87641,2.25,1.32
2013.05.23 06:41:27.754,1.87572,1.87642,2.82,2.44
2013.05.23 06:41:28.927,1.87572,1.87642,2.82,2.44
2013.05.23 06:41:29.244,1.87574,1.87642,1.69,2.44
2013.05.23 06:41:29.594,1.8758,1.87647,2.25,2.44
2013.05.23 06:41:30.029,1.8758,1.87649,2.44,1.32
2013.05.23 06:41:31.495,1.87576,1.87636,1.69,1.32
2013.05.23 06:41:31.555,1.87574,1.87636,1.69,1.32
2013.05.23 06:41:31.614,1.87579,1.87636,1.50,1.32
2013.05.23 06:41:31.855,1.87572,1.87641,1.69,1.69
2013.05.23 06:41:31.974,1.87578,1.87641,1.50,1.32
2013.05.23 06:41:32.565,1.87578,1.87641,2.07,1.32
2013.05.23 06:41:32.886,1.87583,1.87641,1.50,1.32
2013.05.23 06:41:33.624,1.87586,1.87651,1.50,2.44
2013.05.23 06:41:33.684,1.87587,1.87652,1.13,1.69
2013.05.23 06:41:34.273,1.87583,1.87652,1.69,1.69
2013.05.23 06:41:34.813,1.87583,1.87652,1.69,1.69
2013.05.23 06:41:35.235,1.87586,1.87652,1.32,2.07
2013.05.23 06:41:35.413,1.87584,1.87651,1.32,1.32
2013.05.23 06:41:35.714,1.87587,1.87652,1.50,1.69
2013.05.23 06:41:36.227,1.8759,1.87652,1.69,1.32
2013.05.23 06:41:36.363,1.87593,1.87652,1.50,1.32
2013.05.23 06:41:36.664,1.87595,1.87659,2.25,1.13
2013.05.23 06:41:36.904,1.87595,1.87659,2.44,1.13
2013.05.23 06:41:37.983,1.87596,1.87666,1.69,1.69
2013.05.23 06:41:38.734,1.87598,1.87666,1.69,1.69
2013.05.23 06:41:39.094,1.87605,1.87671,1.50,1.13
2013.05.23 06:41:39.635,1.87609,1.87671,2.25,1.13
2013.05.23 06:41:39.935,1.87615,1.87682,1.69,1.69
2013.05.23 06:41:40.985,1.87613,1.8768,1.13,2.44
2013.05.23 06:41:42.167,1.8761,1.87678,1.32,1.69
2013.05.23 06:41:43.305,1.87604,1.87668,1.32,1.32
2013.05.23 06:41:43.784,1.87597,1.87662,2.07,1.32
2013.05.23 06:41:44.436,1.87602,1.87664,1.32,1.32
2013.05.23 06:41:45.706,1.87602,1.87669,2.07,2.07
2013.05.23 06:41:50.185,1.87601,1.87666,1.50,1.69
2013.05.23 06:41:51.367,1.87598,1.87664,2.25,1.69
2013.05.23 06:41:51.677,1.87608,1.87672,1.50,1.69
2013.05.23 06:41:51.804,1.87604,1.87669,1.69,1.69
2013.05.23 06:41:52.474,1.87604,1.87669,1.69,1.69
2013.05.23 06:41:52.654,1.87604,1.87669,1.69,1.69
2013.05.23 06:41:53.695,1.8761,1.87672,1.13,1.69
2013.05.23 06:41:54.174,1.87599,1.87661,1.13,1.69
2013.05.23 06:41:54.414,1.87598,1.87653,1.69,1.69
2013.05.23 06:41:54.535,1.87592,1.87653,1.50,1.69
2013.05.23 06:41:54.836,1.87588,1.87652,1.50,1.32
2013.05.23 06:41:55.582,1.87588,1.87652,1.69,1.32
2013.05.23 06:41:55.824,1.87585,1.87652,1.69,2.07
2013.05.23 06:41:55.889,1.87588,1.87651,1.32,1.32
2013.05.23 06:41:56.253,1.87588,1.87645,1.32,1.13
2013.05.23 06:41:56.698,1.87588,1.87642,1.13,1.13
2013.05.23 06:41:57.694,1.87597,1.87642,1.13,1.13
2013.05.23 06:41:57.874,1.87597,1.87651,1.13,1.13
2013.05.23 06:41:58.364,1.87594,1.87653,2.44,1.69
2013.05.23 06:41:58.709,1.87597,1.87653,1.13,1.69
2013.05.23 06:41:59.632,1.87597,1.87653,1.13,1.69
2013.05.23 06:42:00.521,1.87592,1.87652,1.32,1.69
2013.05.23 06:42:01.042,1.87592,1.8765,1.32,1.32
2013.05.23 06:42:07.093,1.87597,1.87652,1.50,1.69
2013.05.23 06:42:07.394,1.87609,1.87664,2.25,2.44
2013.05.23 06:42:07.453,1.87609,1.87671,2.44,1.32
2013.05.23 06:42:07.514,1.87611,1.87676,1.69,1.77
2013.05.23 06:42:07.894,1.87617,1.87676,2.25,1.77
2013.05.23 06:42:08.727,1.87617,1.87671,1.69,1.02
2013.05.23 06:42:09.894,1.8762,1.87675,1.32,1.32
2013.05.23 06:42:10.786,1.8762,1.87677,1.32,1.32
2013.05.23 06:42:11.576,1.87624,1.87686,1.50,1.69
2013.05.23 06:42:11.816,1.87632,1.87692,2.25,1.32
2013.05.23 06:42:11.994,1.87634,1.87692,1.50,1.32
2013.05.23 06:42:12.304,1.87638,1.87701,2.25,1.32
2013.05.23 06:42:13.015,1.87638,1.87696,2.44,1.32
2013.05.23 06:42:13.333,1.87634,1.87696,1.69,1.32
2013.05.23 06:42:14.243,1.8764,1.87696,1.13,1.32
2013.05.23 06:42:14.520,1.87638,1.87699,2.44,1.32
2013.05.23 06:42:14.586,1.87642,1.87699,1.32,1.32
2013.05.23 06:42:15.734,1.87642,1.87699,1.32,1.32
2013.05.23 06:42:19.951,1.87642,1.87702,1.32,1.69
2013.05.23 06:42:22.284,1.8764,1.87701,1.69,1.77
2013.05.23 06:42:23.774,1.87632,1.87697,2.07,1.28
2013.05.23 06:42:24.726,1.87619,1.87686,1.69,1.32
2013.05.23 06:42:24.845,1.87622,1.87686,1.32,1.32
2013.05.23 06:42:25.745,1.87625,1.87682,1.32,1.65
2013.05.23 06:42:26.105,1.87646,1.87711,2.44,1.32
2013.05.23 06:42:26.164,1.87646,1.87711,2.44,1.32
2013.05.23 06:42:26.465,1.87664,1.87713,1.50,1.32
2013.05.23 06:42:26.764,1.87665,1.87723,1.69,2.07
2013.05.23 06:42:27.826,1.87665,1.87723,1.69,1.32
2013.05.23 06:42:30.236,1.87665,1.87723,2.07,1.32
2013.05.23 06:42:32.366,1.87665,1.87722,2.07,1.32
2013.05.23 06:42:32.544,1.87672,1.87722,1.50,1.32
2013.05.23 06:42:33.770,1.87671,1.87733,2.07,1.69
2013.05.23 06:42:34.795,1.87671,1.87733,2.07,1.69
2013.05.23 06:42:35.181,1.87676,1.87733,1.50,1.69
2013.05.23 06:42:36.415,1.87676,1.87732,1.50,2.44
2013.05.23 06:42:36.821,1.87676,1.87733,1.50,1.69
2013.05.23 06:42:37.033,1.87672,1.87733,1.69,1.69
2013.05.23 06:42:37.096,1.87671,1.87733,2.07,1.69
2013.05.23 06:42:37.854,1.87666,1.87733,1.32,1.69
2013.05.23 06:42:39.127,1.87666,1.87733,1.32,1.69
2013.05.23 06:42:40.384,1.87672,1.87733,1.32,1.69
2013.05.23 06:42:42.371,1.87672,1.87733,1.69,1.69
2013.05.23 06:42:44.555,1.87648,1.87712,1.69,1.32
2013.05.23 06:42:45.892,1.87648,1.87712,1.69,1.32
2013.05.23 06:42:46.445,1.87641,1.87702,2.44,1.32
2013.05.23 06:42:46.934,1.87641,1.87698,1.69,1.69
2013.05.23 06:42:47.054,1.87634,1.87698,1.69,1.69
2013.05.23 06:42:47.754,1.87632,1.87691,1.69,1.32
2013.05.23 06:42:48.443,1.87632,1.87691,1.69,1.32
2013.05.23 06:42:48.854,1.87629,1.87685,2.25,1.69
2013.05.23 06:42:50.554,1.87617,1.87685,1.69,2.44
2013.05.23 06:42:51.275,1.87621,1.87685,1.69,1.69
2013.05.23 06:42:52.053,1.87633,1.87694,1.50,1.69
2013.05.23 06:42:52.497,1.87633,1.87702,1.69,2.82
2013.05.23 06:42:53.036,1.87639,1.87702,1.69,1.69
2013.05.23 06:42:53.584,1.87634,1.87692,1.69,1.32
2013.05.23 06:42:54.946,1.87631,1.87691,1.69,1.32
2013.05.23 06:42:56.394,1.87631,1.87691,1.69,1.32
2013.05.23 06:42:59.815,1.87625,1.87692,1.32,2.07
2013.05.23 06:43:02.893,1.87625,1.87694,1.69,1.69
2013.05.23 06:43:03.194,1.87644,1.87703,1.50,2.44
2013.05.23 06:43:03.803,1.8765,1.87703,1.50,2.44
2013.05.23 06:43:03.880,1.8765,1.87711,2.25,1.32
2013.05.23 06:43:04.434,1.87644,1.87707,2.44,1.69
2013.05.23 06:43:05.695,1.87642,1.87705,1.69,1.32
2013.05.23 06:43:06.175,1.87644,1.87705,1.69,1.32
2013.05.23 06:43:06.476,1.87659,1.87713,1.13,1.32
2013.05.23 06:43:06.604,1.87651,1.87707,1.50,1.32
2013.05.23 06:43:06.724,1.87658,1.87717,1.69,1.13
2013.05.23 06:43:06.785,1.87654,1.8772,1.32,1.50
2013.05.23 06:43:06.907,1.87654,1.87717,1.32,1.13
2013.05.23 06:43:07.324,1.87659,1.87723,1.69,1.32
2013.05.23 06:43:07.864,1.87659,1.87724,2.44,1.69
2013.05.23 06:43:08.904,1.87659,1.87721,2.07,1.32
2013.05.23 06:43:09.924,1.87649,1.87714,1.13,1.69
2013.05.23 06:43:11.228,1.87639,1.87704,1.88,1.69
2013.05.23 06:43:12.844,1.87649,1.87709,1.47,1.50
2013.05.23 06:43:12.904,1.87658,1.87718,2.97,1.88
2013.05.23 06:43:12.964,1.87658,1.87723,3.34,1.69
2013.05.23 06:43:13.024,1.87657,1.87723,1.32,1.69
2013.05.23 06:43:13.205,1.87667,1.87727,1.50,1.69
2013.05.23 06:43:13.444,1.87675,1.87738,1.69,1.69
2013.05.23 06:43:15.525,1.87676,1.87741,2.07,1.13
2013.05.23 06:43:16.575,1.87672,1.87728,1.32,1.50
2013.05.23 06:43:16.694,1.87667,1.87728,1.32,1.69
2013.05.23 06:43:18.227,1.87667,1.87725,1.13,2.44
2013.05.23 06:43:18.891,1.87667,1.87725,1.13,2.44
2013.05.23 06:43:20.435,1.87655,1.87719,1.13,2.44
2013.05.23 06:43:20.754,1.87655,1.87711,1.13,1.69
2013.05.23 06:43:24.683,1.87655,1.87711,1.13,2.44
2013.05.23 06:43:24.755,1.87655,1.87711,1.32,1.69
2013.05.23 06:43:26.154,1.87653,1.87711,1.32,1.69
2013.05.23 06:43:27.279,1.87653,1.87716,1.32,1.69
2013.05.23 06:43:27.407,1.87654,1.87716,1.32,1.69
2013.05.23 06:43:27.644,1.87654,1.87718,1.88,1.69
2013.05.23 06:43:28.735,1.87659,1.87722,1.13,2.44
2013.05.23 06:43:30.452,1.87659,1.87726,1.88,1.69
2013.05.23 06:43:30.536,1.87664,1.87728,1.32,1.69
2013.05.23 06:43:33.221,1.87666,1.87728,1.32,1.69
2013.05.23 06:43:33.743,1.87666,1.87722,1.32,1.69
2013.05.23 06:43:34.434,1.87661,1.87722,1.32,1.69
2013.05.23 06:43:36.294,1.87659,1.87722,1.32,1.69
2013.05.23 06:43:39.665,1.87661,1.8772,1.32,1.69
2013.05.23 06:43:44.365,1.87657,1.8772,1.32,1.69
2013.05.23 06:43:45.097,1.87657,1.8772,1.32,1.69
2013.05.23 06:43:45.154,1.87657,1.87718,1.32,1.69
2013.05.23 06:43:45.215,1.87657,1.87713,1.32,2.25
2013.05.23 06:43:45.334,1.87638,1.87704,2.07,1.69
2013.05.23 06:43:45.694,1.87631,1.87701,1.69,1.69
2013.05.23 06:43:45.934,1.8763,1.87701,1.69,1.69
2013.05.23 06:43:46.695,1.87629,1.87691,1.32,2.44
2013.05.23 06:43:49.257,1.87629,1.87691,1.32,2.44
2013.05.23 06:43:51.864,1.87629,1.87696,1.32,1.69
2013.05.23 06:43:53.698,1.87627,1.87694,1.69,1.69
2013.05.23 06:43:54.394,1.87622,1.87691,1.69,1.69
2013.05.23 06:43:55.905,1.87633,1.87692,2.44,1.32
2013.05.23 06:43:57.894,1.87633,1.87692,2.44,1.32
2013.05.23 06:43:58.015,1.87637,1.87703,1.50,2.44
2013.05.23 06:43:58.374,1.87647,1.87705,2.25,2.44
2013.05.23 06:43:58.434,1.87647,1.87713,2.44,1.69
2013.05.23 06:43:58.867,1.87659,1.87713,1.50,1.69
2013.05.23 06:44:00.024,1.87659,1.87723,1.69,1.69
2013.05.23 06:44:02.164,1.87662,1.87723,1.69,1.69
2013.05.23 06:44:02.524,1.87671,1.87722,1.50,1.69
2013.05.23 06:44:02.854,1.87664,1.87722,2.44,1.69
2013.05.23 06:44:04.095,1.87664,1.87723,2.44,1.69
2013.05.23 06:44:04.637,1.87668,1.87723,1.69,1.69
2013.05.23 06:44:04.815,1.87665,1.87723,1.69,1.69
2013.05.23 06:44:05.124,1.87656,1.87715,2.44,1.69
2013.05.23 06:44:06.564,1.87656,1.87716,1.69,1.69
2013.05.23 06:44:07.714,1.87656,1.87719,1.69,1.69
2013.05.23 06:44:10.105,1.87658,1.8771,1.50,1.69
2013.05.23 06:44:10.346,1.87652,1.8771,2.44,1.69
2013.05.23 06:44:10.410,1.87652,1.87703,2.44,2.74
2013.05.23 06:44:10.540,1.87652,1.8771,1.69,1.69
2013.05.23 06:44:11.266,1.87645,1.87701,2.25,1.32
2013.05.23 06:44:12.614,1.87647,1.87702,1.50,1.69
2013.05.23 06:44:12.924,1.8765,1.87702,2.25,1.69
2013.05.23 06:44:14.095,1.8765,1.87704,2.25,1.69
2013.05.23 06:44:14.754,1.87644,1.87711,2.44,1.32
2013.05.23 06:44:15.064,1.87649,1.87712,1.50,1.69
2013.05.23 06:44:15.304,1.8765,1.87712,1.69,1.69
2013.05.23 06:44:15.424,1.87653,1.87719,1.50,1.69
2013.05.23 06:44:15.665,1.87648,1.87717,1.69,1.69
2013.05.23 06:44:16.327,1.87654,1.8772,2.25,1.32
2013.05.23 06:44:16.516,1.87648,1.87718,1.69,1.69
2013.05.23 06:44:17.636,1.87644,1.87712,1.69,1.69
2013.05.23 06:44:19.046,1.87641,1.87712,2.82,2.44
2013.05.23 06:44:20.156,1.87639,1.87703,1.32,2.67
2013.05.23 06:44:20.214,1.87638,1.87697,1.32,1.69
2013.05.23 06:44:21.768,1.87632,1.87699,1.32,1.69
2013.05.23 06:44:22.934,1.87625,1.87693,2.44,3.27
2013.05.23 06:44:22.995,1.87623,1.87688,2.44,1.69
2013.05.23 06:44:24.414,1.8762,1.87686,1.69,1.69
2013.05.23 06:44:25.480,1.87619,1.87685,1.69,1.69
2013.05.23 06:44:27.875,1.87617,1.87683,2.44,1.69
2013.05.23 06:44:30.363,1.87612,1.87679,1.69,1.69
2013.05.23 06:44:31.444,1.87612,1.87679,1.69,1.69
2013.05.23 06:44:33.005,1.87612,1.87679,1.69,1.69
2013.05.23 06:44:37.364,1.87603,1.87664,1.69,1.69
2013.05.23 06:44:38.854,1.87596,1.87661,1.32,1.69
2013.05.23 06:44:39.945,1.87587,1.87653,1.69,1.69
2013.05.23 06:44:40.067,1.87585,1.87651,1.69,1.32
2013.05.23 06:44:42.194,1.87585,1.8765,1.69,1.32
2013.05.23 06:44:43.112,1.87585,1.8765,1.69,1.32
2013.05.23 06:44:43.845,1.87583,1.87642,2.44,1.65
2013.05.23 06:44:44.086,1.87568,1.87631,1.69,1.32
2013.05.23 06:44:45.327,1.87562,1.87622,1.69,1.32
2013.05.23 06:44:45.864,1.87555,1.87622,2.44,1.32
2013.05.23 06:44:46.266,1.87558,1.87626,1.69,1.69
2013.05.23 06:44:47.115,1.87561,1.87622,1.69,1.32
2013.05.23 06:44:47.235,1.87567,1.87622,2.10,1.32
2013.05.23 06:44:47.355,1.87568,1.87633,1.13,1.69
2013.05.23 06:44:47.474,1.87568,1.87633,1.50,1.77
2013.05.23 06:44:47.834,1.87568,1.87637,2.44,1.77
2013.05.23 06:44:48.845,1.87568,1.87637,2.44,1.88
2013.05.23 06:44:51.775,1.87579,1.87642,1.69,1.32
2013.05.23 06:44:53.123,1.87579,1.87642,1.50,1.32
2013.05.23 06:44:54.524,1.87582,1.87649,1.69,1.77
2013.05.23 06:44:57.220,1.87579,1.87649,2.44,1.77
2013.05.23 06:44:58.384,1.87575,1.87643,2.44,1.69
2013.05.23 06:44:59.653,1.87579,1.87642,2.44,1.69
2013.05.23 06:45:02.475,1.87583,1.87649,1.69,2.52
2013.05.23 06:45:02.851,1.87586,1.87651,1.50,1.32
2013.05.23 06:45:03.464,1.87578,1.87647,3.19,1.69
2013.05.23 06:45:03.934,1.87581,1.87647,1.69,1.69
2013.05.23 06:45:04.054,1.87583,1.87647,1.69,1.69
2013.05.23 06:45:04.115,1.87584,1.87651,1.69,1.32
2013.05.23 06:45:05.275,1.87578,1.87641,1.69,1.32
2013.05.23 06:45:05.675,1.87573,1.87641,1.69,1.32
2013.05.23 06:45:06.265,1.87573,1.87641,1.69,1.32
2013.05.23 06:45:09.235,1.87578,1.87643,2.44,1.32
2013.05.23 06:45:09.557,1.87584,1.87643,1.77,1.32
2013.05.23 06:45:10.077,1.87627,1.87681,1.13,1.69
2013.05.23 06:45:10.205,1.87625,1.87683,2.07,1.02
2013.05.23 06:45:10.267,1.87625,1.87692,1.32,1.32
2013.05.23 06:45:11.135,1.87632,1.87693,1.69,1.32
2013.05.23 06:45:11.475,1.87637,1.877,1.32,1.69
2013.05.23 06:45:11.655,1.87635,1.877,1.69,1.69
2013.05.23 06:45:12.015,1.87635,1.87693,1.69,1.69
2013.05.23 06:45:12.136,1.87627,1.87686,1.32,1.32
2013.05.23 06:45:12.434,1.87628,1.87689,2.44,1.69
2013.05.23 06:45:12.795,1.87635,1.87691,1.50,1.32
2013.05.23 06:45:12.914,1.87629,1.87687,1.32,1.32
2013.05.23 06:45:13.284,1.87629,1.87694,2.07,1.32
2013.05.23 06:45:14.094,1.87633,1.87694,2.44,1.32
2013.05.23 06:45:14.218,1.87633,1.87694,2.44,1.32
2013.05.23 06:45:14.466,1.87633,1.87696,1.69,1.32
2013.05.23 06:45:15.485,1.87629,1.87689,1.32,1.69
2013.05.23 06:45:15.925,1.87638,1.87694,1.32,1.32
2013.05.23 06:45:16.284,1.87629,1.87689,1.32,1.69
2013.05.23 06:45:16.344,1.87623,1.87686,1.69,1.32
2013.05.23 06:45:16.524,1.87617,1.87677,1.32,1.69
2013.05.23 06:45:17.469,1.87628,1.87681,1.13,1.32
2013.05.23 06:45:17.654,1.87629,1.87685,1.69,1.02
2013.05.23 06:45:17.774,1.87626,1.87683,1.69,1.13
2013.05.23 06:45:18.665,1.87616,1.87682,1.69,1.32
2013.05.23 06:45:19.874,1.87617,1.87678,1.69,1.69
2013.05.23 06:45:20.714,1.87609,1.87673,1.69,2.44
2013.05.23 06:45:20.776,1.87599,1.87668,2.44,1.69
2013.05.23 06:45:21.195,1.8759,1.87653,1.69,1.50
2013.05.23 06:45:21.555,1.87585,1.87651,2.44,2.25
2013.05.23 06:45:22.095,1.87583,1.8765,1.69,1.69
2013.05.23 06:45:22.635,1.87576,1.87642,1.69,1.69
2013.05.23 06:45:22.696,1.87572,1.87636,1.69,1.69
2013.05.23 06:45:23.285,1.87561,1.87629,1.69,1.69
2013.05.23 06:45:23.724,1.87561,1.87627,1.69,1.69
2013.05.23 06:45:24.404,1.87562,1.87622,2.44,1.92
2013.05.23 06:45:24.987,1.87564,1.87603,1.50,1.13
2013.05.23 06:45:25.057,1.8754,1.87602,1.69,1.13
2013.05.23 06:45:25.234,1.8754,1.87592,1.69,1.13
2013.05.23 06:45:25.416,1.87532,1.87583,2.44,1.32
2013.05.23 06:45:25.535,1.87532,1.87583,1.69,1.32
2013.05.23 06:45:25.655,1.87527,1.87583,1.69,1.32
2013.05.23 06:45:27.254,1.87527,1.87575,1.50,1.32
2013.05.23 06:45:27.504,1.8751,1.87575,1.69,1.32
2013.05.23 06:45:27.564,1.87511,1.87575,1.69,1.32
2013.05.23 06:45:27.805,1.87523,1.87575,1.50,1.32
2013.05.23 06:45:28.326,1.87523,1.87573,1.50,1.32
2013.05.23 06:45:28.387,1.87506,1.87557,1.32,1.50
2013.05.23 06:45:28.636,1.87493,1.87549,1.69,1.50
2013.05.23 06:45:28.875,1.87483,1.87542,1.69,1.58
2013.05.23 06:45:29.235,1.87481,1.87537,1.50,1.32
2013.05.23 06:45:30.815,1.87482,1.87538,1.69,1.32
2013.05.23 06:45:31.195,1.87476,1.87542,1.69,2.07
2013.05.23 06:45:31.734,1.87475,1.87536,1.32,1.32
2013.05.23 06:45:32.295,1.87474,1.87537,1.32,1.32
2013.05.23 06:45:33.207,1.87486,1.87541,2.25,1.32
2013.05.23 06:45:33.395,1.87493,1.87561,2.25,2.07
2013.05.23 06:45:33.594,1.87496,1.87561,1.13,2.07
2013.05.23 06:45:34.174,1.87498,1.87561,1.13,1.69
2013.05.23 06:45:34.475,1.87498,1.87561,1.13,2.07
2013.05.23 06:45:34.785,1.87499,1.87561,1.13,1.32
2013.05.23 06:45:34.844,1.87499,1.87565,2.07,1.32
2013.05.23 06:45:35.195,1.87501,1.87565,1.69,1.32
2013.05.23 06:45:35.516,1.87505,1.87567,1.32,1.69
2013.05.23 06:45:36.120,1.87517,1.87579,1.13,2.44
2013.05.23 06:45:36.366,1.87521,1.87591,1.69,1.69
2013.05.23 06:45:36.424,1.8752,1.87584,1.69,1.69
2013.05.23 06:45:36.964,1.87522,1.87584,1.50,1.69
2013.05.23 06:45:37.355,1.87523,1.87592,2.44,1.69
2013.05.23 06:45:39.225,1.87518,1.87581,2.07,1.32
2013.05.23 06:45:39.764,1.87511,1.87576,1.69,1.13
2013.05.23 06:45:40.742,1.87511,1.87578,1.69,1.32
2013.05.23 06:45:41.300,1.8752,1.87584,1.69,1.69
2013.05.23 06:45:41.756,1.87526,1.87591,1.50,1.32
2013.05.23 06:45:41.965,1.87523,1.87591,1.69,2.07
2013.05.23 06:45:42.975,1.87523,1.8758,1.32,1.32
2013.05.23 06:45:43.035,1.87524,1.87589,1.32,1.32
2013.05.23 06:45:43.576,1.87523,1.87589,1.69,1.32
2013.05.23 06:45:44.055,1.87537,1.87602,1.50,3.19
2013.05.23 06:45:44.295,1.87533,1.87602,2.44,3.19
2013.05.23 06:45:44.596,1.8753,1.87597,1.69,1.69
2013.05.23 06:45:45.284,1.8753,1.87597,1.69,1.69
2013.05.23 06:45:46.625,1.87535,1.87602,1.69,1.32
2013.05.23 06:45:47.705,1.87543,1.87611,1.69,1.32
2013.05.23 06:45:48.335,1.87551,1.87619,2.44,2.44
2013.05.23 06:45:49.814,1.87551,1.87619,1.69,1.69
2013.05.23 06:45:51.065,1.8756,1.87621,1.50,1.69
2013.05.23 06:45:51.368,1.87563,1.87629,1.50,3.19
2013.05.23 06:45:51.694,1.87569,1.87629,1.50,2.44
2013.05.23 06:45:52.334,1.87569,1.87637,2.63,1.69
2013.05.23 06:45:53.294,1.87563,1.87629,1.13,1.69
2013.05.23 06:45:54.408,1.8756,1.87631,2.44,2.07
2013.05.23 06:45:55.471,1.87555,1.87624,1.69,1.69
2013.05.23 06:45:57.764,1.87547,1.87607,1.69,1.69
2013.05.23 06:45:58.067,1.87535,1.87596,2.44,1.50
2013.05.23 06:45:58.405,1.87535,1.87593,2.44,1.50
2013.05.23 06:45:58.524,1.87528,1.87592,1.69,1.69
2013.05.23 06:45:58.646,1.8753,1.87588,1.88,1.50
2013.05.23 06:45:59.005,1.87522,1.8759,1.69,1.50
2013.05.23 06:45:59.065,1.87522,1.87588,1.69,1.50
2013.05.23 06:45:59.366,1.87518,1.87582,2.44,1.50
2013.05.23 06:45:59.544,1.87514,1.87579,1.69,1.69
2013.05.23 06:46:00.505,1.87515,1.87577,1.69,1.69
2013.05.23 06:46:01.244,1.87507,1.87573,1.69,1.69
2013.05.23 06:46:02.795,1.87508,1.87573,1.69,1.69
2013.05.23 06:46:04.026,1.87509,1.87573,1.32,1.69
2013.05.23 06:46:05.574,1.87509,1.87573,1.32,1.69
2013.05.23 06:46:06.465,1.87508,1.87568,1.32,1.50
2013.05.23 06:46:06.584,1.87508,1.87568,1.32,1.69
2013.05.23 06:46:07.984,1.87498,1.87568,1.32,1.69
2013.05.23 06:46:08.344,1.87499,1.8756,1.32,1.69
2013.05.23 06:46:09.537,1.87483,1.87549,1.69,1.69
2013.05.23 06:46:09.637,1.87478,1.87546,1.69,2.25
2013.05.23 06:46:09.995,1.87483,1.87549,1.69,1.69
2013.05.23 06:46:10.655,1.87491,1.87549,1.50,1.69
2013.05.23 06:46:11.014,1.87494,1.87561,1.69,1.32
2013.05.23 06:46:11.554,1.87497,1.87561,1.69,1.69
2013.05.23 06:46:12.056,1.87488,1.87553,1.32,2.82
2013.05.23 06:46:12.536,1.87486,1.87542,1.69,1.50
2013.05.23 06:46:12.665,1.87477,1.87544,1.69,1.69
2013.05.23 06:46:12.726,1.87477,1.87542,1.69,1.50
2013.05.23 06:46:12.847,1.87479,1.87545,1.32,1.69
2013.05.23 06:46:13.026,1.87479,1.87541,1.32,1.50
2013.05.23 06:46:13.286,1.87477,1.8754,1.32,1.69
2013.05.23 06:46:13.927,1.87468,1.87533,1.69,1.69
2013.05.23 06:46:14.105,1.8746,1.87526,1.69,1.69
2013.05.23 06:46:14.644,1.87457,1.87517,1.69,1.69
2013.05.23 06:46:14.944,1.87457,1.87516,1.69,1.69
2013.05.23 06:46:15.946,1.87449,1.87511,1.69,1.69
2013.05.23 06:46:16.565,1.87457,1.87511,2.44,1.69
2013.05.23 06:46:16.625,1.87457,1.87511,2.44,1.69
2013.05.23 06:46:17.105,1.87467,1.87531,1.50,3.19
2013.05.23 06:46:17.225,1.87466,1.87529,1.50,1.69
2013.05.23 06:46:17.287,1.87459,1.87524,1.69,1.32
2013.05.23 06:46:17.346,1.87461,1.87524,2.78,1.32
2013.05.23 06:46:17.585,1.87476,1.87529,1.69,1.32
2013.05.23 06:46:17.707,1.87475,1.87536,2.44,1.69
2013.05.23 06:46:18.065,1.87481,1.87542,1.50,1.32
2013.05.23 06:46:18.137,1.87477,1.87542,1.69,1.32
2013.05.23 06:46:18.686,1.87476,1.87538,1.69,1.32
2013.05.23 06:46:19.987,1.87478,1.87543,1.13,1.32
2013.05.23 06:46:20.649,1.87478,1.87542,1.32,1.32
2013.05.23 06:46:20.895,1.87483,1.87542,1.32,1.32
2013.05.23 06:46:21.074,1.87487,1.87543,1.13,1.32
2013.05.23 06:46:21.194,1.87481,1.87543,2.44,1.32
2013.05.23 06:46:22.649,1.87483,1.87543,1.69,1.32
2013.05.23 06:46:23.500,1.875,1.87561,1.50,2.44
2013.05.23 06:46:23.825,1.87506,1.87561,1.50,2.44
2013.05.23 06:46:24.423,1.87509,1.87561,1.50,2.44
2013.05.23 06:46:24.926,1.87509,1.87561,1.50,2.44
2013.05.23 06:46:24.984,1.87509,1.87569,1.50,1.32
2013.05.23 06:46:26.187,1.87509,1.87569,1.69,1.32
2013.05.23 06:46:27.375,1.875,1.87568,1.69,1.69
2013.05.23 06:46:36.014,1.87499,1.8756,1.32,1.77
2013.05.23 06:46:36.375,1.87486,1.87549,1.32,1.69
2013.05.23 06:46:36.435,1.8748,1.87548,1.69,1.69
2013.05.23 06:46:36.914,1.87478,1.87539,1.32,1.69
2013.05.23 06:46:37.034,1.87477,1.87539,1.32,1.69
2013.05.23 06:46:37.454,1.87484,1.87546,1.32,1.32
2013.05.23 06:46:37.995,1.87484,1.87549,1.32,1.69
2013.05.23 06:46:38.174,1.87482,1.87544,1.32,1.69
2013.05.23 06:46:38.734,1.87482,1.8754,1.32,1.69
2013.05.23 06:46:39.274,1.87482,1.87541,1.32,1.69
2013.05.23 06:46:39.394,1.8748,1.87541,1.32,2.44
2013.05.23 06:46:41.086,1.87477,1.87541,1.69,2.44
2013.05.23 06:46:41.154,1.87477,1.87541,1.69,2.44
2013.05.23 06:46:43.414,1.87479,1.87541,1.32,1.69
2013.05.23 06:46:43.864,1.87477,1.87535,1.69,1.50
2013.05.23 06:46:44.937,1.87469,1.87535,1.32,2.44
2013.05.23 06:46:45.018,1.87469,1.87535,1.32,2.44
2013.05.23 06:46:45.715,1.87469,1.8753,1.32,1.69
2013.05.23 06:46:47.335,1.87468,1.87536,1.32,2.44
2013.05.23 06:46:47.934,1.87473,1.87529,1.28,1.50
2013.05.23 06:46:47.994,1.87478,1.87533,1.13,1.69
2013.05.23 06:46:48.054,1.87478,1.87536,1.13,2.44
2013.05.23 06:46:48.524,1.8747,1.8754,1.69,1.69
2013.05.23 06:46:48.584,1.87459,1.87523,1.32,2.25
2013.05.23 06:46:48.944,1.87453,1.87523,1.69,2.44
2013.05.23 06:46:49.004,1.87451,1.87517,1.69,1.50
2013.05.23 06:46:49.424,1.87449,1.87515,2.44,1.50
2013.05.23 06:46:49.724,1.87441,1.87507,1.69,1.69
2013.05.23 06:46:49.784,1.87438,1.87499,1.69,1.69
2013.05.23 06:46:50.714,1.87437,1.87499,1.69,1.69
2013.05.23 06:46:51.585,1.87438,1.87497,1.13,1.69
2013.05.23 06:46:51.765,1.87424,1.87489,3.19,1.69
2013.05.23 06:46:51.824,1.87424,1.87488,2.44,1.50
2013.05.23 06:46:52.325,1.87426,1.87495,1.69,1.69
2013.05.23 06:46:52.444,1.87427,1.8749,1.69,1.69
2013.05.23 06:46:52.924,1.87419,1.87487,3.19,1.50
2013.05.23 06:46:53.225,1.87419,1.87483,2.44,2.25
2013.05.23 06:46:53.676,1.87419,1.87488,1.69,2.44
2013.05.23 06:46:55.804,1.87426,1.87491,1.69,1.32
2013.05.23 06:46:57.974,1.87426,1.87491,1.69,1.32
2013.05.23 06:46:59.005,1.87427,1.87495,1.88,1.69
2013.05.23 06:47:00.197,1.87427,1.87495,2.44,1.69
2013.05.23 06:47:00.325,1.87433,1.87496,1.69,1.69
2013.05.23 06:47:00.685,1.87438,1.87504,1.50,1.69
2013.05.23 06:47:01.046,1.87447,1.87513,1.69,1.69
2013.05.23 06:47:01.664,1.87455,1.87522,1.69,2.07
2013.05.23 06:47:01.871,1.87453,1.87522,1.69,1.69
2013.05.23 06:47:02.115,1.87455,1.87522,1.69,1.69
2013.05.23 06:47:02.175,1.87458,1.87524,1.69,1.69
2013.05.23 06:47:03.436,1.87458,1.87524,1.69,1.69
2013.05.23 06:47:06.206,1.87458,1.87524,1.69,1.69
2013.05.23 06:47:08.617,1.87459,1.87528,2.44,1.69
2013.05.23 06:47:09.925,1.87458,1.87524,1.69,1.69
2013.05.23 06:47:10.106,1.87466,1.87525,1.69,1.69
2013.05.23 06:47:10.466,1.87471,1.87532,2.25,1.32
2013.05.23 06:47:10.995,1.87472,1.87531,1.50,1.32
2013.05.23 06:47:11.306,1.87472,1.87538,1.69,1.32
2013.05.23 06:47:13.904,1.87474,1.87538,1.69,1.32
2013.05.23 06:47:15.575,1.87472,1.87548,1.69,1.32
2013.05.23 06:47:18.196,1.8746,1.87522,1.69,1.32
2013.05.23 06:47:19.746,1.87452,1.8752,1.69,1.69
2013.05.23 06:47:21.313,1.87464,1.87521,1.50,1.32
2013.05.23 06:47:21.648,1.87467,1.87521,1.50,1.32
2013.05.23 06:47:22.496,1.87467,1.87524,1.69,1.32
2013.05.23 06:47:24.289,1.87467,1.87526,1.69,1.32
2013.05.23 06:47:27.215,1.87469,1.87532,1.69,1.32
2013.05.23 06:47:27.298,1.87472,1.87533,1.69,1.32
2013.05.23 06:47:29.306,1.87464,1.8753,1.69,1.69
2013.05.23 06:47:31.195,1.87468,1.87534,1.32,1.69
2013.05.23 06:47:32.206,1.87464,1.87532,1.69,1.69
2013.05.23 06:47:34.156,1.87458,1.87527,1.69,1.69
2013.05.23 06:47:35.529,1.87458,1.87522,1.69,2.44
2013.05.23 06:47:36.516,1.87458,1.87522,1.69,2.44
2013.05.23 06:47:37.014,1.87459,1.87514,1.13,1.50
2013.05.23 06:47:37.522,1.87459,1.8751,1.13,1.50
2013.05.23 06:47:37.830,1.87454,1.87496,1.13,1.50
2013.05.23 06:47:37.958,1.87437,1.8749,1.69,1.50
2013.05.23 06:47:38.215,1.87437,1.87488,1.13,1.50
2013.05.23 06:47:38.556,1.87437,1.87484,1.13,1.50
2013.05.23 06:47:39.451,1.87428,1.87485,1.13,2.25
2013.05.23 06:47:41.735,1.87429,1.87484,1.13,1.69
2013.05.23 06:47:43.215,1.87438,1.87484,1.13,1.50
2013.05.23 06:47:43.275,1.87438,1.87485,1.13,1.50
2013.05.23 06:47:43.335,1.87434,1.8749,1.69,1.50
2013.05.23 06:47:43.575,1.87434,1.8749,1.13,2.25
2013.05.23 06:47:43.878,1.87438,1.87496,1.13,2.44
2013.05.23 06:47:44.355,1.87439,1.87496,1.13,2.25
2013.05.23 06:47:45.236,1.87439,1.87496,1.13,1.50
2013.05.23 06:47:45.355,1.87442,1.87506,1.13,1.69
2013.05.23 06:47:45.415,1.8744,1.87509,1.28,1.69
2013.05.23 06:47:45.537,1.87448,1.87509,1.32,2.44
2013.05.23 06:47:45.716,1.87439,1.87506,1.32,1.69
2013.05.23 06:47:45.835,1.87439,1.87503,1.32,2.44
2013.05.23 06:47:46.307,1.87438,1.87498,2.07,1.50
2013.05.23 06:47:46.795,1.87429,1.87495,2.44,1.50
2013.05.23 06:47:46.975,1.87423,1.87491,1.69,1.69
2013.05.23 06:47:47.175,1.87418,1.87485,1.32,2.25
2013.05.23 06:47:47.504,1.87415,1.87481,1.69,1.50
2013.05.23 06:47:47.898,1.87409,1.8747,2.44,2.25
2013.05.23 06:47:47.955,1.87407,1.8747,2.44,2.25
2013.05.23 06:47:49.754,1.87408,1.8747,2.44,2.25
2013.05.23 06:47:50.958,1.87408,1.8747,2.44,2.25
2013.05.23 06:47:54.035,1.87409,1.87477,1.13,2.44
2013.05.23 06:47:54.675,1.87409,1.87471,1.13,1.69
2013.05.23 06:47:54.735,1.87409,1.87468,1.13,1.50
2013.05.23 06:47:55.038,1.87409,1.87465,1.13,2.25
2013.05.23 06:47:56.074,1.87412,1.8747,1.13,1.69
2013.05.23 06:47:57.205,1.87401,1.87468,1.69,1.69
2013.05.23 06:47:57.272,1.874,1.87464,2.44,1.69
2013.05.23 06:47:57.635,1.87398,1.87457,1.32,1.50
2013.05.23 06:47:58.204,1.87399,1.87457,1.32,1.50
2013.05.23 06:47:58.384,1.87399,1.87462,1.32,1.69
2013.05.23 06:47:58.959,1.87399,1.87464,1.32,2.44
2013.05.23 06:47:59.235,1.87399,1.87464,1.32,2.44
2013.05.23 06:47:59.985,1.87408,1.87468,1.32,1.32
2013.05.23 06:48:00.955,1.87418,1.87479,1.32,1.32
2013.05.23 06:48:03.456,1.87418,1.87479,1.32,1.32
2013.05.23 06:48:03.765,1.87418,1.87479,1.32,1.32
2013.05.23 06:48:04.244,1.87425,1.87484,1.32,1.32
2013.05.23 06:48:05.137,1.87423,1.87474,1.32,1.50
2013.05.23 06:48:05.320,1.87401,1.87464,1.69,1.69
2013.05.23 06:48:05.565,1.87398,1.87458,1.32,1.50
2013.05.23 06:48:05.765,1.87399,1.87462,1.32,1.69
2013.05.23 06:48:06.555,1.87401,1.87469,1.69,1.69
2013.05.23 06:48:10.974,1.87399,1.87463,1.32,1.32
2013.05.23 06:48:16.966,1.87403,1.87469,1.69,1.32
2013.05.23 06:48:18.657,1.87403,1.87469,1.69,1.32
2013.05.23 06:48:19.186,1.87403,1.87469,1.69,1.32
2013.05.23 06:48:21.635,1.87403,1.87469,1.69,1.32
2013.05.23 06:48:22.444,1.87403,1.87469,1.69,1.32
2013.05.23 06:48:22.935,1.87413,1.87469,1.13,1.32
2013.05.23 06:48:23.816,1.87415,1.87469,1.69,1.32
2013.05.23 06:48:24.342,1.87409,1.87468,1.13,1.32
2013.05.23 06:48:25.037,1.87409,1.87468,1.13,1.32
2013.05.23 06:48:25.345,1.87409,1.87468,1.13,1.32
2013.05.23 06:48:26.206,1.87403,1.87468,1.13,1.32
2013.05.23 06:48:28.892,1.87402,1.87466,1.13,1.32
2013.05.23 06:48:30.096,1.87399,1.87465,1.69,1.32
2013.05.23 06:48:30.206,1.87402,1.87465,1.13,1.32
2013.05.23 06:48:31.754,1.87396,1.87452,1.69,1.13
2013.05.23 06:48:32.174,1.87389,1.87452,1.69,1.95
2013.05.23 06:48:32.566,1.87389,1.87452,2.07,1.95
2013.05.23 06:48:33.805,1.87392,1.87452,1.69,2.07
2013.05.23 06:48:35.637,1.87392,1.87452,1.69,1.32
2013.05.23 06:48:38.284,1.8739,1.87451,1.32,1.32
2013.05.23 06:48:38.585,1.8739,1.87451,1.32,1.32
2013.05.23 06:48:38.705,1.87389,1.87453,1.32,2.07
2013.05.23 06:48:40.035,1.87385,1.87451,1.32,1.32
2013.05.23 06:48:42.714,1.87385,1.87451,1.13,1.32
2013.05.23 06:48:44.355,1.87386,1.87451,1.13,1.32
2013.05.23 06:48:44.544,1.87386,1.87451,1.13,1.32
2013.05.23 06:48:46.544,1.87397,1.87452,1.69,1.32
2013.05.23 06:48:47.065,1.87388,1.87452,2.07,1.32
2013.05.23 06:48:47.124,1.87391,1.87452,1.32,1.32
2013.05.23 06:48:47.580,1.87394,1.87453,1.32,1.32
2013.05.23 06:48:48.095,1.87391,1.87453,1.69,1.32
2013.05.23 06:48:50.196,1.87392,1.87451,1.69,1.32
2013.05.23 06:48:51.315,1.87385,1.87443,1.32,1.32
2013.05.23 06:48:51.497,1.87385,1.87439,1.32,1.13
2013.05.23 06:48:52.122,1.8738,1.87443,2.44,1.32
2013.05.23 06:48:52.371,1.87381,1.87434,1.69,1.13
2013.05.23 06:48:52.735,1.87377,1.87435,1.69,1.32
2013.05.23 06:48:53.795,1.87373,1.87431,1.69,1.32
2013.05.23 06:48:54.814,1.87373,1.87425,1.69,1.32
2013.05.23 06:48:55.695,1.87373,1.8743,1.69,1.32
2013.05.23 06:48:56.218,1.87373,1.87425,1.69,1.32
2013.05.23 06:48:57.464,1.87367,1.87425,1.69,1.32
2013.05.23 06:48:57.765,1.87364,1.87423,2.44,1.13
2013.05.23 06:48:58.205,1.87368,1.87423,1.69,1.32
2013.05.23 06:48:58.264,1.87368,1.87423,1.69,1.32
2013.05.23 06:48:59.345,1.87368,1.8743,1.69,1.32
2013.05.23 06:48:59.586,1.87375,1.87432,1.50,2.07
2013.05.23 06:48:59.994,1.87378,1.87431,1.50,1.32
2013.05.23 06:49:00.315,1.87386,1.87432,2.25,1.32
2013.05.23 06:49:00.435,1.87378,1.8744,2.25,1.32
2013.05.23 06:49:00.690,1.87378,1.8744,2.44,1.32
2013.05.23 06:49:00.758,1.87387,1.8744,1.50,1.32
2013.05.23 06:49:01.619,1.87386,1.87442,2.44,1.32
2013.05.23 06:49:02.415,1.87386,1.87441,2.44,1.32
2013.05.23 06:49:02.664,1.87377,1.87441,2.44,2.07
2013.05.23 06:49:02.725,1.87377,1.87432,2.44,1.32
2013.05.23 06:49:03.742,1.87377,1.87432,2.44,2.07
2013.05.23 06:49:09.455,1.87377,1.87432,2.44,1.69
2013.05.23 06:49:11.122,1.87377,1.87432,2.44,1.32
2013.05.23 06:49:14.508,1.87379,1.87435,1.50,1.69
2013.05.23 06:49:14.815,1.87383,1.87434,1.50,1.32
2013.05.23 06:49:15.175,1.87388,1.87448,2.25,2.44
2013.05.23 06:49:16.295,1.87388,1.87452,2.63,1.69
2013.05.23 06:49:18.061,1.87388,1.87452,2.63,1.69
2013.05.23 06:49:20.947,1.87388,1.87453,3.38,1.32
2013.05.23 06:49:21.478,1.87392,1.87455,1.13,1.69
2013.05.23 06:49:21.785,1.87388,1.87442,3.19,1.13
2013.05.23 06:49:22.693,1.87388,1.87442,2.44,1.13
2013.05.23 06:49:22.996,1.87384,1.87443,1.69,1.32
2013.05.23 06:49:24.193,1.87379,1.87445,1.88,1.69
2013.05.23 06:49:25.664,1.87384,1.8745,2.44,1.32
2013.05.23 06:49:27.725,1.87381,1.87445,1.69,1.32
2013.05.23 06:49:30.225,1.87387,1.87451,1.32,1.32
2013.05.23 06:49:31.954,1.87381,1.87443,1.69,1.69
2013.05.23 06:49:32.935,1.87381,1.87443,1.69,1.69
2013.05.23 06:49:34.842,1.87374,1.8744,1.69,1.32
2013.05.23 06:49:35.697,1.87381,1.87443,1.88,1.69
2013.05.23 06:49:35.857,1.87385,1.87443,2.44,1.32
2013.05.23 06:49:35.915,1.87377,1.87443,2.44,1.32
2013.05.23 06:49:36.335,1.87377,1.87434,1.88,1.69
2013.05.23 06:49:36.906,1.87377,1.87434,1.88,1.69
2013.05.23 06:49:37.235,1.87376,1.87438,1.13,1.32
2013.05.23 06:49:39.211,1.8737,1.87436,1.69,1.32
2013.05.23 06:49:41.166,1.87374,1.87436,1.13,1.32
2013.05.23 06:49:41.526,1.87374,1.87435,1.13,1.32
2013.05.23 06:49:41.706,1.87374,1.87439,1.88,2.07
2013.05.23 06:49:43.425,1.87368,1.87435,2.07,2.14
2013.05.23 06:49:43.484,1.87368,1.87433,2.07,1.32
2013.05.23 06:49:44.705,1.87367,1.87429,1.32,1.32
2013.05.23 06:49:45.255,1.87367,1.87431,2.07,1.32
2013.05.23 06:49:46.464,1.87369,1.87434,1.32,1.32
2013.05.23 06:49:46.525,1.87369,1.87432,1.32,1.32
2013.05.23 06:49:47.744,1.87364,1.87427,1.69,1.32
2013.05.23 06:49:50.442,1.87366,1.87429,1.32,1.32
2013.05.23 06:49:51.805,1.87366,1.87429,1.13,1.13
2013.05.23 06:49:53.877,1.87363,1.87426,1.13,1.13
2013.05.23 06:49:54.296,1.87359,1.87423,1.69,1.32
2013.05.23 06:49:54.599,1.87349,1.87414,1.69,1.13
2013.05.23 06:49:54.726,1.87347,1.87409,1.69,1.32
2013.05.23 06:49:57.316,1.87335,1.87401,1.69,1.69
2013.05.23 06:49:57.436,1.87336,1.87398,1.69,1.50
2013.05.23 06:49:57.565,1.87338,1.87406,1.69,1.32
2013.05.23 06:49:58.498,1.87339,1.87406,1.32,1.32
2013.05.23 06:49:58.969,1.87338,1.87406,1.69,1.32
2013.05.23 06:49:59.166,1.87338,1.87405,1.69,1.32
2013.05.23 06:49:59.995,1.87338,1.87405,2.82,1.32
2013.05.23 06:50:00.535,1.87341,1.87404,1.69,1.32
2013.05.23 06:50:00.975,1.87348,1.87412,1.69,1.32
2013.05.23 06:50:01.366,1.87356,1.87411,1.50,1.32
2013.05.23 06:50:01.975,1.87355,1.8742,1.69,1.32
2013.05.23 06:50:03.017,1.87358,1.87422,1.69,1.32
2013.05.23 06:50:03.376,1.87353,1.87419,1.69,1.32
2013.05.23 06:50:03.495,1.87353,1.87419,1.69,1.32
2013.05.23 06:50:04.424,1.87353,1.87419,1.69,1.32
2013.05.23 06:50:04.485,1.87359,1.87422,1.69,1.32
2013.05.23 06:50:05.575,1.87359,1.87422,1.69,1.32
2013.05.23 06:50:06.355,1.87357,1.87422,1.69,1.32
2013.05.23 06:50:07.606,1.87363,1.87422,1.69,1.32
2013.05.23 06:50:07.850,1.87356,1.8742,1.69,1.32
2013.05.23 06:50:07.917,1.87353,1.87416,2.44,1.32
2013.05.23 06:50:08.926,1.87354,1.87419,1.69,1.32
2013.05.23 06:50:12.218,1.87349,1.87415,2.07,1.32
2013.05.23 06:50:13.844,1.87349,1.87414,1.69,1.32
2013.05.23 06:50:16.655,1.87346,1.87413,3.19,1.32
2013.05.23 06:50:17.226,1.87346,1.87412,1.69,1.32
2013.05.23 06:50:18.210,1.87342,1.8741,1.69,1.32
2013.05.23 06:50:20.466,1.87346,1.87412,2.44,1.32
2013.05.23 06:50:24.345,1.87344,1.8741,1.32,1.69
2013.05.23 06:50:29.138,1.87344,1.87411,1.88,1.69
2013.05.23 06:50:31.285,1.87341,1.87408,2.44,1.32
2013.05.23 06:50:32.435,1.87333,1.87399,1.32,1.69
2013.05.23 06:50:33.546,1.87329,1.87394,2.44,1.32
2013.05.23 06:50:34.634,1.8733,1.87395,1.69,1.32
2013.05.23 06:50:36.727,1.87329,1.87394,2.44,1.32
2013.05.23 06:50:37.815,1.87334,1.87402,2.44,1.32
2013.05.23 06:50:38.925,1.87337,1.87403,1.32,2.07
2013.05.23 06:50:46.174,1.87339,1.87404,1.69,1.69
2013.05.23 06:50:50.035,1.87339,1.87407,1.32,1.69
2013.05.23 06:50:51.615,1.87333,1.87401,1.69,2.07
2013.05.23 06:50:52.734,1.87337,1.87401,1.69,1.32
2013.05.23 06:50:52.795,1.87342,1.87404,1.69,1.32
2013.05.23 06:50:56.005,1.87345,1.87412,1.69,3.57
2013.05.23 06:50:58.028,1.87347,1.87412,1.69,2.07
2013.05.23 06:50:59.131,1.87343,1.87412,1.69,2.82
2013.05.23 06:51:01.468,1.87345,1.87412,1.69,3.19
2013.05.23 06:51:02.816,1.87346,1.87411,1.69,1.32
2013.05.23 06:51:04.697,1.87346,1.87408,1.69,1.32
2013.05.23 06:51:08.695,1.87346,1.87412,2.44,2.07
2013.05.23 06:51:11.096,1.8735,1.87412,1.69,1.32
2013.05.23 06:51:11.648,1.87354,1.87422,2.44,1.32
2013.05.23 06:51:11.975,1.87357,1.87412,1.69,1.32
2013.05.23 06:51:12.035,1.87355,1.87412,1.69,1.32
2013.05.23 06:51:12.225,1.87355,1.87412,1.69,1.32
2013.05.23 06:51:13.195,1.87357,1.87423,1.69,1.32
2013.05.23 06:51:13.494,1.87364,1.87423,1.69,1.32
2013.05.23 06:51:16.285,1.87369,1.87426,1.69,1.69
2013.05.23 06:51:16.345,1.8737,1.87426,1.50,1.69
2013.05.23 06:51:17.566,1.87372,1.87432,1.50,1.69
2013.05.23 06:51:17.625,1.87372,1.87432,1.69,1.69
2013.05.23 06:51:17.745,1.87378,1.87432,1.50,1.69
2013.05.23 06:51:18.124,1.87383,1.87432,2.25,1.69
2013.05.23 06:51:18.725,1.87377,1.87432,1.50,1.69
2013.05.23 06:51:18.925,1.87377,1.8744,1.69,1.69
2013.05.23 06:51:20.266,1.8737,1.87432,1.69,1.69
2013.05.23 06:51:20.796,1.87362,1.87429,1.69,1.69
2013.05.23 06:51:21.495,1.8736,1.87429,1.69,1.69
2013.05.23 06:51:22.405,1.87368,1.87436,1.69,1.69
2013.05.23 06:51:22.586,1.87372,1.87437,1.69,1.32
2013.05.23 06:51:23.625,1.87365,1.87435,2.44,1.69
2013.05.23 06:51:26.025,1.87365,1.87435,3.19,1.69
2013.05.23 06:51:27.000,1.87371,1.87438,2.44,1.88
2013.05.23 06:51:28.028,1.87372,1.8744,1.69,1.69
2013.05.23 06:51:29.054,1.87371,1.8743,2.44,1.32
2013.05.23 06:51:29.364,1.87365,1.87432,2.44,1.69
2013.05.23 06:51:30.475,1.87365,1.87432,1.69,2.44
2013.05.23 06:51:31.586,1.87359,1.87428,1.88,1.69
2013.05.23 06:51:31.927,1.87358,1.87424,2.44,1.13
2013.05.23 06:51:35.406,1.87357,1.87422,2.03,1.13
2013.05.23 06:51:35.526,1.87369,1.87438,2.07,1.69
2013.05.23 06:51:38.045,1.87369,1.87431,1.69,1.32
2013.05.23 06:51:40.038,1.87363,1.87431,1.69,1.32
2013.05.23 06:51:41.010,1.87367,1.87432,1.32,2.44
2013.05.23 06:51:42.227,1.87358,1.87425,1.69,1.32
2013.05.23 06:51:42.298,1.87359,1.87425,1.77,1.32
2013.05.23 06:51:42.414,1.87359,1.87423,1.02,1.32
2013.05.23 06:51:44.126,1.87358,1.87423,1.69,2.07
2013.05.23 06:51:44.485,1.87354,1.87409,1.77,1.50
2013.05.23 06:51:44.943,1.87352,1.87404,1.77,1.50
2013.05.23 06:51:45.326,1.87352,1.87404,1.02,1.69
2013.05.23 06:51:47.515,1.87352,1.87403,1.02,1.50
2013.05.23 06:51:47.575,1.87352,1.87402,1.02,1.50
2013.05.23 06:51:48.464,1.87352,1.87402,1.02,1.50
2013.05.23 06:51:48.795,1.8734,1.87391,1.32,1.50
2013.05.23 06:51:48.855,1.8734,1.87391,1.32,1.50
2013.05.23 06:51:48.975,1.8735,1.87393,1.02,1.50
2013.05.23 06:51:49.155,1.8735,1.87393,1.02,1.50
2013.05.23 06:51:49.536,1.87354,1.87393,1.65,1.50
2013.05.23 06:51:49.721,1.8735,1.87393,1.02,1.50
2013.05.23 06:51:50.618,1.8735,1.87393,1.02,1.50
2013.05.23 06:51:50.675,1.87351,1.87393,1.65,1.50
2013.05.23 06:51:52.370,1.87349,1.87393,1.65,1.50
2013.05.23 06:51:53.710,1.8735,1.87396,1.65,1.69
2013.05.23 06:51:53.955,1.87349,1.87398,1.65,1.69
2013.05.23 06:51:54.137,1.87355,1.87398,1.65,1.69
2013.05.23 06:51:54.255,1.87349,1.87398,1.65,1.69
2013.05.23 06:51:54.496,1.87348,1.87398,1.02,1.69
2013.05.23 06:51:54.556,1.87343,1.87398,1.02,1.69
2013.05.23 06:51:54.965,1.87352,1.87398,1.65,1.69
2013.05.23 06:51:55.205,1.87352,1.87398,1.65,1.69
2013.05.23 06:51:55.375,1.87352,1.87398,1.65,1.69
2013.05.23 06:51:56.858,1.87351,1.87398,1.84,2.44
2013.05.23 06:51:56.975,1.8735,1.87398,1.65,1.69
2013.05.23 06:51:57.598,1.8735,1.87398,1.65,2.44
2013.05.23 06:51:57.845,1.87348,1.87393,1.02,1.13
2013.05.23 06:51:58.595,1.87348,1.87393,1.02,1.13
2013.05.23 06:51:58.775,1.87348,1.87398,1.84,2.44
2013.05.23 06:52:00.225,1.87348,1.87398,1.02,2.44
2013.05.23 06:52:00.466,1.8735,1.87402,1.02,1.13
2013.05.23 06:52:00.715,1.87347,1.87402,1.02,1.13
2013.05.23 06:52:00.978,1.87347,1.87399,1.02,1.50
2013.05.23 06:52:01.857,1.87347,1.87399,1.02,1.50
2013.05.23 06:52:02.106,1.87349,1.87401,1.02,1.13
2013.05.23 06:52:02.628,1.87349,1.87401,1.02,1.13
2013.05.23 06:52:02.804,1.87349,1.87401,1.02,1.13
2013.05.23 06:52:04.846,1.87348,1.87399,1.84,1.69
2013.05.23 06:52:05.087,1.87347,1.87392,1.02,2.18
2013.05.23 06:52:07.825,1.87349,1.87392,1.02,1.13
2013.05.23 06:52:07.946,1.87348,1.87392,1.02,1.13
2013.05.23 06:52:08.186,1.87349,1.87392,1.20,1.50
2013.05.23 06:52:08.582,1.87348,1.87397,1.02,1.69
2013.05.23 06:52:08.765,1.87348,1.87393,1.02,2.07
2013.05.23 06:52:08.885,1.87348,1.87393,1.02,1.69
2013.05.23 06:52:10.147,1.87349,1.87395,1.02,1.69
2013.05.23 06:52:10.205,1.87349,1.87401,1.02,2.44
2013.05.23 06:52:11.207,1.8735,1.87401,1.02,2.44
2013.05.23 06:52:11.709,1.8735,1.874,1.02,1.69
2013.05.23 06:52:12.036,1.8735,1.87399,1.02,1.32
2013.05.23 06:52:12.586,1.87348,1.87399,1.02,1.32
2013.05.23 06:52:13.137,1.87348,1.87399,1.02,1.32
2013.05.23 06:52:13.645,1.87346,1.87395,1.02,1.69
2013.05.23 06:52:14.185,1.87348,1.874,1.20,1.69
2013.05.23 06:52:14.424,1.8733,1.87393,1.69,1.69
2013.05.23 06:52:14.486,1.8733,1.87393,1.69,3.68
2013.05.23 06:52:14.845,1.87328,1.87382,1.32,1.50
2013.05.23 06:52:16.066,1.87328,1.87382,1.32,1.50
2013.05.23 06:52:18.746,1.87329,1.87379,1.32,1.50
2013.05.23 06:52:19.059,1.87329,1.87377,1.32,2.25
2013.05.23 06:52:19.417,1.8732,1.87377,1.32,2.44
2013.05.23 06:52:21.046,1.87322,1.87383,1.32,3.19
2013.05.23 06:52:22.367,1.87323,1.87383,1.32,3.19
2013.05.23 06:52:22.555,1.87323,1.87376,1.32,1.50
2013.05.23 06:52:22.859,1.87323,1.87373,1.32,1.80
2013.05.23 06:52:22.987,1.87305,1.87366,1.32,1.69
2013.05.23 06:52:23.046,1.87304,1.87365,1.69,1.88
2013.05.23 06:52:23.107,1.87304,1.87363,1.69,1.69
2013.05.23 06:52:23.357,1.87305,1.87363,1.32,1.69
2013.05.23 06:52:23.476,1.87305,1.87363,1.32,1.69
2013.05.23 06:52:23.596,1.87303,1.87368,1.69,1.69
2013.05.23 06:52:25.599,1.87303,1.87368,1.69,1.69
2013.05.23 06:52:26.395,1.87293,1.87361,1.69,1.69
2013.05.23 06:52:27.947,1.87291,1.8736,1.69,1.69
2013.05.23 06:52:29.645,1.87291,1.8736,1.69,1.69
2013.05.23 06:52:30.876,1.87291,1.8736,1.69,1.50
2013.05.23 06:52:31.418,1.87299,1.87359,1.32,1.50
2013.05.23 06:52:31.955,1.87299,1.87352,1.32,1.50
2013.05.23 06:52:32.075,1.87298,1.87352,1.32,1.50
2013.05.23 06:52:35.748,1.87292,1.87352,1.13,1.69
2013.05.23 06:52:36.774,1.87288,1.87352,1.32,1.69
2013.05.23 06:52:39.643,1.87289,1.87352,1.32,2.44
2013.05.23 06:52:42.765,1.87298,1.87361,1.69,1.32
2013.05.23 06:52:44.115,1.87289,1.87359,3.19,1.69
2013.05.23 06:52:44.715,1.87305,1.87361,1.69,1.32
2013.05.23 06:52:45.033,1.87308,1.87361,2.25,1.32
2013.05.23 06:52:45.155,1.87308,1.87364,2.44,1.32
2013.05.23 06:52:45.455,1.87311,1.87373,1.50,1.69
2013.05.23 06:52:45.765,1.87315,1.87378,1.50,2.44
2013.05.23 06:52:46.405,1.87318,1.87378,1.73,2.44
2013.05.23 06:52:46.530,1.87328,1.87387,1.13,1.69
2013.05.23 06:52:46.714,1.87329,1.8739,1.13,1.13
2013.05.23 06:52:46.775,1.87319,1.87386,2.07,1.13
2013.05.23 06:52:47.334,1.87313,1.8738,1.69,1.69
2013.05.23 06:52:48.127,1.87311,1.87379,1.13,1.69
2013.05.23 06:52:48.686,1.8731,1.87376,1.69,1.13
2013.05.23 06:52:49.432,1.87306,1.87373,1.69,1.13
2013.05.23 06:52:50.385,1.87313,1.87367,1.50,1.13
2013.05.23 06:52:50.445,1.87307,1.87367,1.69,1.13
2013.05.23 06:52:50.505,1.87313,1.87367,2.25,1.13
2013.05.23 06:52:50.865,1.87316,1.8738,1.50,1.32
2013.05.23 06:52:51.408,1.87317,1.87381,1.92,2.07
2013.05.23 06:52:51.595,1.87329,1.87381,1.13,1.32
2013.05.23 06:52:52.544,1.87334,1.87394,1.50,2.44
2013.05.23 06:52:52.665,1.87334,1.874,2.44,1.69
2013.05.23 06:52:54.516,1.87342,1.87403,1.69,1.69
2013.05.23 06:52:54.926,1.87358,1.87406,1.13,1.69
2013.05.23 06:52:55.447,1.87358,1.87415,1.13,1.69
2013.05.23 06:52:57.425,1.87358,1.87417,1.32,2.44
2013.05.23 06:52:58.419,1.87358,1.87417,1.32,1.69
2013.05.23 06:52:59.005,1.87348,1.87415,1.69,1.13
2013.05.23 06:53:00.076,1.87348,1.87415,1.69,1.13
2013.05.23 06:53:00.635,1.87348,1.87408,1.69,1.13
2013.05.23 06:53:01.076,1.87345,1.87408,1.69,1.13
2013.05.23 06:53:01.514,1.87337,1.87399,1.69,1.50
2013.05.23 06:53:01.575,1.87337,1.87396,1.69,1.50
2013.05.23 06:53:01.816,1.87337,1.87398,1.69,1.50
2013.05.23 06:53:02.056,1.87332,1.87396,2.44,1.50
2013.05.23 06:53:02.295,1.87327,1.87393,2.44,1.69
2013.05.23 06:53:02.686,1.87327,1.87386,1.69,1.69
2013.05.23 06:53:02.935,1.87321,1.8739,1.69,1.69
2013.05.23 06:53:03.054,1.87321,1.87388,1.69,1.32
2013.05.23 06:53:03.295,1.87319,1.87383,1.69,2.07
2013.05.23 06:53:03.475,1.87319,1.87383,1.69,1.32
2013.05.23 06:53:05.545,1.8732,1.87384,1.69,1.32
2013.05.23 06:53:09.185,1.87319,1.87384,2.07,1.32
2013.05.23 06:53:12.608,1.87323,1.87386,1.69,1.32
2013.05.23 06:53:13.740,1.87319,1.87386,2.44,1.13
2013.05.23 06:53:16.021,1.87323,1.87383,1.69,1.13
2013.05.23 06:53:17.185,1.87323,1.87383,1.69,1.13
2013.05.23 06:53:18.558,1.87323,1.87383,1.69,1.13
2013.05.23 06:53:19.406,1.87323,1.87383,1.69,1.13
2013.05.23 06:53:20.485,1.87323,1.87387,1.69,1.13
2013.05.23 06:53:20.545,1.87323,1.87387,1.69,1.13
2013.05.23 06:53:21.726,1.87326,1.87383,1.69,1.32
2013.05.23 06:53:24.494,1.87324,1.87383,1.69,1.32
2013.05.23 06:53:27.815,1.87324,1.8739,1.69,1.88
2013.05.23 06:53:28.765,1.87324,1.87382,1.69,1.13
2013.05.23 06:53:29.005,1.87323,1.87382,1.69,1.13
2013.05.23 06:53:30.205,1.87322,1.87382,1.32,1.13
2013.05.23 06:53:30.516,1.87323,1.87383,1.32,1.13
2013.05.23 06:53:30.755,1.87324,1.87382,1.32,1.13
2013.05.23 06:53:32.505,1.87323,1.87383,1.69,1.13
2013.05.23 06:53:32.936,1.8732,1.87383,1.32,1.88
2013.05.23 06:53:33.056,1.87322,1.87383,1.69,1.13
2013.05.23 06:53:33.451,1.87322,1.87383,1.69,1.13
2013.05.23 06:53:34.308,1.8732,1.87383,2.07,1.13
2013.05.23 06:53:37.795,1.87325,1.8739,2.07,1.32
2013.05.23 06:53:38.664,1.87325,1.87383,1.69,1.13
2013.05.23 06:53:39.457,1.87323,1.87383,1.69,1.88
2013.05.23 06:53:42.056,1.87322,1.87383,2.44,1.13
2013.05.23 06:53:43.074,1.87314,1.87375,1.32,1.50
2013.05.23 06:53:43.255,1.87305,1.87373,1.69,1.69
2013.05.23 06:53:45.237,1.87311,1.87375,2.44,1.69
2013.05.23 06:53:48.058,1.87307,1.87373,1.69,1.69
2013.05.23 06:53:52.835,1.87311,1.87372,1.32,1.13
2013.05.23 06:53:54.007,1.87298,1.87368,1.69,1.69
2013.05.23 06:53:54.945,1.87305,1.87371,1.69,1.88
2013.05.23 06:53:58.164,1.87307,1.87371,1.32,1.69
2013.05.23 06:54:00.745,1.87307,1.87367,1.32,2.44
2013.05.23 06:54:02.911,1.87308,1.87374,1.32,1.69
2013.05.23 06:54:04.167,1.87314,1.87366,1.69,1.58
2013.05.23 06:54:04.287,1.87295,1.87359,2.44,1.02
2013.05.23 06:54:04.348,1.87298,1.87359,1.32,1.39
2013.05.23 06:54:04.416,1.87298,1.87362,1.32,1.69
2013.05.23 06:54:04.536,1.873,1.87363,1.32,1.69
2013.05.23 06:54:04.875,1.8731,1.87372,2.44,1.69
2013.05.23 06:54:04.935,1.87314,1.8738,1.69,1.69
2013.05.23 06:54:05.185,1.87314,1.87378,1.69,2.44
2013.05.23 06:54:11.317,1.87318,1.87381,2.44,1.13
2013.05.23 06:54:13.277,1.87318,1.87383,3.19,1.13
2013.05.23 06:54:16.096,1.87324,1.87382,2.44,1.13
2013.05.23 06:54:16.454,1.87331,1.87395,1.50,2.44
2013.05.23 06:54:17.746,1.87331,1.87401,1.69,3.19
2013.05.23 06:54:18.928,1.87331,1.87401,1.69,1.69
2013.05.23 06:54:21.027,1.87331,1.87392,1.69,1.32
2013.05.23 06:54:22.295,1.87331,1.87391,1.69,1.32
2013.05.23 06:54:23.725,1.87331,1.87391,1.69,1.32
2013.05.23 06:54:24.771,1.87331,1.87393,1.69,1.32
2013.05.23 06:54:25.016,1.87331,1.87393,1.69,1.32
2013.05.23 06:54:25.196,1.87331,1.87393,2.44,1.32
2013.05.23 06:54:26.215,1.87331,1.87393,2.44,1.32
2013.05.23 06:54:27.135,1.87318,1.87382,1.69,1.13
2013.05.23 06:54:27.196,1.87321,1.87382,1.69,1.32
2013.05.23 06:54:29.047,1.87329,1.8739,2.44,1.32
2013.05.23 06:54:29.408,1.87326,1.8739,1.69,2.07
2013.05.23 06:54:29.466,1.87326,1.8739,1.69,2.07
2013.05.23 06:54:31.185,1.87325,1.8739,1.69,1.32
2013.05.23 06:54:31.245,1.87328,1.87393,1.69,1.32
2013.05.23 06:54:31.866,1.87331,1.87393,1.69,1.32
2013.05.23 06:54:32.265,1.87331,1.87396,2.44,1.32
2013.05.23 06:54:32.775,1.87331,1.87396,2.44,1.13
2013.05.23 06:54:33.757,1.87331,1.87393,1.69,1.13
2013.05.23 06:54:34.466,1.87328,1.87392,1.69,1.32
2013.05.23 06:54:36.855,1.8733,1.87392,1.69,1.32
2013.05.23 06:54:37.036,1.87337,1.87388,1.50,1.13
2013.05.23 06:54:37.631,1.87337,1.87391,1.50,1.13
2013.05.23 06:54:38.107,1.87337,1.87397,1.69,1.13
2013.05.23 06:54:38.595,1.8734,1.87397,1.50,1.32
2013.05.23 06:54:38.956,1.87333,1.87392,1.69,1.32
2013.05.23 06:54:39.965,1.87322,1.87386,2.44,1.32
2013.05.23 06:54:40.411,1.87322,1.87386,2.44,1.32
2013.05.23 06:54:40.955,1.87322,1.8738,1.69,1.32
2013.05.23 06:54:41.200,1.87325,1.8738,1.69,1.32
2013.05.23 06:54:41.446,1.87329,1.8738,2.25,1.32
2013.05.23 06:54:42.247,1.87333,1.8738,1.50,1.32
2013.05.23 06:54:42.365,1.87335,1.8738,1.50,1.32
2013.05.23 06:54:42.885,1.87335,1.87394,1.69,1.32
2013.05.23 06:54:43.375,1.87328,1.87394,3.19,1.32
2013.05.23 06:54:43.835,1.87328,1.87394,1.69,1.32
2013.05.23 06:54:44.016,1.8734,1.87398,2.07,1.39
2013.05.23 06:54:45.072,1.87341,1.87409,1.32,1.32
2013.05.23 06:54:45.545,1.87348,1.87409,2.07,1.32
2013.05.23 06:54:45.665,1.87348,1.87409,1.69,1.32
2013.05.23 06:54:46.025,1.87341,1.87409,1.69,1.32
2013.05.23 06:54:46.325,1.87335,1.87401,1.69,1.32
2013.05.23 06:54:47.426,1.87328,1.87398,1.69,1.32
2013.05.23 06:54:47.668,1.87331,1.87398,1.69,2.07
2013.05.23 06:54:48.921,1.87327,1.87392,1.69,1.69
2013.05.23 06:54:49.478,1.87325,1.87385,1.50,1.32
2013.05.23 06:54:49.837,1.87313,1.87372,1.69,1.50
2013.05.23 06:54:50.196,1.87301,1.87361,1.69,1.32
2013.05.23 06:54:50.258,1.87301,1.87361,1.69,1.13
2013.05.23 06:54:50.796,1.87304,1.87361,2.44,1.13
2013.05.23 06:54:51.345,1.87299,1.87361,1.69,1.13
2013.05.23 06:54:51.465,1.87304,1.87361,1.69,1.13
2013.05.23 06:54:51.525,1.87302,1.87361,1.69,1.13
2013.05.23 06:54:51.645,1.87298,1.87361,2.44,1.13
2013.05.23 06:54:51.975,1.873,1.8736,1.69,1.13
2013.05.23 06:54:52.035,1.87297,1.8736,3.19,1.13
2013.05.23 06:54:52.095,1.87307,1.8736,1.50,1.13
2013.05.23 06:54:52.396,1.87314,1.8736,1.50,1.13
2013.05.23 06:54:52.755,1.87323,1.87383,1.50,1.32
2013.05.23 06:54:52.816,1.87323,1.87383,1.50,1.32
2013.05.23 06:54:53.175,1.8734,1.87392,1.50,1.32
2013.05.23 06:54:54.230,1.8734,1.87402,1.69,1.32
2013.05.23 06:54:57.195,1.8734,1.87394,1.50,1.32
2013.05.23 06:54:58.069,1.8734,1.87394,2.25,1.32
2013.05.23 06:54:58.135,1.8734,1.87394,2.25,1.32
2013.05.23 06:54:58.317,1.8734,1.87394,1.50,1.32
2013.05.23 06:54:58.746,1.8734,1.87394,1.50,1.32
2013.05.23 06:54:58.806,1.87337,1.87394,1.50,1.32
2013.05.23 06:54:58.926,1.87333,1.87394,2.44,1.32
2013.05.23 06:54:59.617,1.87337,1.87397,1.69,1.32
2013.05.23 06:54:59.978,1.87341,1.87397,1.69,1.32
2013.05.23 06:55:00.335,1.87324,1.87383,1.69,1.13
2013.05.23 06:55:00.458,1.87319,1.87381,2.44,1.32
2013.05.23 06:55:00.696,1.87315,1.87381,1.69,1.32
2013.05.23 06:55:00.878,1.87314,1.87381,1.69,1.13
2013.05.23 06:55:01.745,1.87313,1.87378,1.69,1.13
2013.05.23 06:55:02.950,1.87317,1.87387,3.19,1.32
2013.05.23 06:55:04.986,1.87323,1.87389,1.69,1.32
2013.05.23 06:55:05.108,1.87319,1.87383,1.69,1.32
2013.05.23 06:55:05.286,1.87319,1.87383,1.69,1.32
2013.05.23 06:55:05.648,1.8732,1.87386,1.69,1.32
2013.05.23 06:55:06.595,1.87319,1.87386,1.69,1.32
2013.05.23 06:55:07.427,1.87319,1.87386,1.69,1.32
2013.05.23 06:55:08.655,1.87322,1.87387,1.69,1.32
2013.05.23 06:55:08.844,1.87324,1.87386,1.69,1.32
2013.05.23 06:55:09.796,1.87326,1.87392,1.69,1.69
2013.05.23 06:55:11.997,1.87326,1.87397,1.69,2.44
2013.05.23 06:55:14.916,1.87326,1.87397,1.69,2.44
2013.05.23 06:55:16.026,1.87326,1.87397,1.69,2.44
2013.05.23 06:55:17.047,1.87326,1.87397,1.69,2.44
2013.05.23 06:55:18.218,1.87323,1.8739,2.44,1.69
2013.05.23 06:55:18.816,1.87323,1.8739,1.69,1.32
2013.05.23 06:55:19.736,1.87323,1.8739,1.69,1.32
2013.05.23 06:55:21.035,1.87323,1.8739,1.69,1.32
2013.05.23 06:55:23.876,1.87323,1.8739,1.69,1.32
2013.05.23 06:55:24.215,1.87323,1.8739,2.44,1.32
2013.05.23 06:55:24.772,1.87322,1.87387,1.69,1.32
2013.05.23 06:55:25.338,1.87331,1.87398,1.69,1.32
2013.05.23 06:55:26.626,1.8733,1.87398,1.69,1.32
2013.05.23 06:55:27.175,1.87325,1.87392,1.69,4.39
2013.05.23 06:55:27.476,1.87313,1.87372,1.69,1.32
2013.05.23 06:55:27.874,1.87311,1.87373,1.69,1.32
2013.05.23 06:55:29.075,1.8731,1.87372,1.69,1.32
2013.05.23 06:55:30.085,1.8731,1.87372,1.69,2.07
2013.05.23 06:55:30.269,1.87295,1.87353,1.69,1.32
2013.05.23 06:55:32.005,1.87295,1.8736,1.32,1.32
2013.05.23 06:55:33.585,1.87297,1.8736,1.32,1.32
2013.05.23 06:55:34.809,1.87295,1.8736,1.32,1.32
2013.05.23 06:55:35.535,1.87292,1.8736,1.69,1.32
2013.05.23 06:55:35.716,1.87298,1.87362,1.69,2.82
2013.05.23 06:55:35.956,1.87295,1.87361,1.69,1.32
2013.05.23 06:55:36.255,1.87298,1.87362,1.32,1.69
2013.05.23 06:55:36.315,1.87298,1.87362,2.07,1.69
2013.05.23 06:55:36.946,1.87304,1.87364,1.69,1.69
2013.05.23 06:55:38.139,1.87308,1.87371,2.07,1.32
2013.05.23 06:55:39.476,1.87308,1.87372,1.69,2.25
2013.05.23 06:55:40.515,1.87308,1.87372,1.69,2.25
2013.05.23 06:55:40.865,1.87309,1.87368,1.32,1.69
2013.05.23 06:55:42.570,1.87309,1.87368,1.32,1.50
2013.05.23 06:55:43.636,1.87309,1.8737,1.32,1.32
2013.05.23 06:55:43.695,1.87309,1.87368,1.32,1.88
2013.05.23 06:55:44.435,1.87309,1.87365,1.32,1.13
2013.05.23 06:55:44.496,1.87309,1.87365,1.32,1.13
2013.05.23 06:55:45.624,1.87309,1.87365,1.32,1.13
2013.05.23 06:55:46.749,1.87308,1.87365,1.32,1.13
2013.05.23 06:55:47.305,1.87298,1.8736,1.32,1.13
2013.05.23 06:55:47.545,1.87294,1.87354,1.69,1.69
2013.05.23 06:55:48.166,1.87289,1.87347,1.32,1.13
2013.05.23 06:55:48.675,1.87288,1.87347,1.32,1.32
2013.05.23 06:55:49.665,1.87287,1.87349,3.19,2.44
2013.05.23 06:55:50.925,1.87288,1.87355,1.69,2.44
2013.05.23 06:55:52.075,1.87288,1.87353,1.69,1.32
2013.05.23 06:55:52.686,1.87288,1.87353,1.69,1.32
2013.05.23 06:55:53.906,1.87287,1.87348,1.69,1.69
2013.05.23 06:55:54.265,1.87281,1.87344,3.19,1.32
2013.05.23 06:55:55.337,1.87281,1.87344,3.19,1.13
2013.05.23 06:55:56.585,1.87282,1.87344,2.44,1.13
2013.05.23 06:55:57.023,1.87285,1.87344,1.69,1.13
2013.05.23 06:55:57.754,1.87285,1.87344,1.69,1.13
2013.05.23 06:56:00.356,1.87288,1.8735,1.99,2.44
2013.05.23 06:56:00.889,1.87293,1.8735,1.69,1.32
2013.05.23 06:56:04.731,1.87293,1.87351,1.69,1.32
2013.05.23 06:56:05.436,1.87293,1.87347,1.69,1.69
2013.05.23 06:56:06.397,1.87287,1.87347,1.69,1.69
2013.05.23 06:56:07.438,1.87279,1.87344,1.32,1.32
2013.05.23 06:56:07.796,1.87287,1.87341,1.69,1.50
2013.05.23 06:56:09.355,1.87287,1.87346,1.69,2.44
2013.05.23 06:56:10.402,1.87287,1.87351,1.69,2.44
2013.05.23 06:56:10.465,1.87287,1.87351,1.69,2.44
2013.05.23 06:56:12.260,1.87287,1.87351,1.69,2.07
2013.05.23 06:56:12.327,1.87287,1.87349,1.69,1.32
2013.05.23 06:56:12.685,1.87277,1.87336,1.69,1.13
2013.05.23 06:56:14.086,1.87272,1.87336,1.69,1.32
2013.05.23 06:56:16.859,1.87271,1.87335,1.69,1.32
2013.05.23 06:56:19.217,1.87275,1.87335,1.69,1.32
2013.05.23 06:56:19.608,1.87275,1.87335,1.69,1.32
2013.05.23 06:56:19.667,1.87277,1.87336,1.69,1.32
2013.05.23 06:56:19.788,1.87284,1.87335,1.50,1.32
2013.05.23 06:56:20.149,1.87284,1.87335,2.25,1.32
2013.05.23 06:56:20.437,1.87284,1.87342,2.44,2.07
2013.05.23 06:56:21.265,1.8728,1.87342,1.69,1.32
2013.05.23 06:56:21.809,1.87285,1.87343,1.69,1.32
2013.05.23 06:56:22.106,1.8729,1.87345,1.50,1.32
2013.05.23 06:56:22.166,1.87291,1.87345,1.50,1.32
2013.05.23 06:56:22.486,1.87286,1.87347,1.69,1.32
2013.05.23 06:56:22.695,1.87286,1.87347,1.69,1.32
2013.05.23 06:56:25.215,1.87286,1.87348,1.69,1.32
2013.05.23 06:56:26.235,1.87286,1.87343,1.69,2.07
2013.05.23 06:56:26.356,1.87279,1.87342,1.69,1.32
2013.05.23 06:56:28.965,1.87279,1.87332,1.69,1.13
2013.05.23 06:56:29.375,1.87272,1.87341,1.69,1.32
2013.05.23 06:56:29.616,1.87278,1.87343,1.69,2.07
2013.05.23 06:56:29.736,1.87276,1.87342,1.69,1.13
2013.05.23 06:56:33.378,1.87275,1.87331,2.25,1.32
2013.05.23 06:56:33.958,1.87269,1.87325,1.69,1.32
2013.05.23 06:56:35.586,1.87275,1.87325,1.50,1.32
2013.05.23 06:56:36.476,1.87282,1.87325,1.50,1.32
2013.05.23 06:56:36.715,1.87287,1.87331,1.50,1.32
2013.05.23 06:56:37.356,1.87282,1.87331,2.25,1.32
2013.05.23 06:56:37.476,1.87282,1.87342,2.44,1.32
2013.05.23 06:56:38.487,1.87282,1.8734,2.44,1.32
2013.05.23 06:56:39.785,1.87282,1.87341,2.44,1.32
2013.05.23 06:56:40.915,1.87272,1.87339,2.44,1.32
2013.05.23 06:56:42.507,1.87277,1.87342,1.69,1.32
2013.05.23 06:56:42.914,1.87283,1.87343,1.69,1.69
2013.05.23 06:56:43.156,1.87277,1.87343,1.69,1.69
2013.05.23 06:56:44.178,1.87277,1.87343,3.19,1.69
2013.05.23 06:56:44.235,1.87277,1.87342,2.44,1.32
2013.05.23 06:56:45.776,1.87285,1.87342,1.50,2.07
2013.05.23 06:56:45.836,1.87285,1.87342,2.25,1.32
2013.05.23 06:56:46.376,1.87285,1.87342,1.50,1.32
2013.05.23 06:56:46.495,1.87281,1.87342,1.69,1.32
2013.05.23 06:56:46.739,1.87281,1.87347,1.69,1.32
2013.05.23 06:56:47.857,1.87286,1.87352,1.69,1.13
2013.05.23 06:56:49.347,1.87278,1.87345,3.19,1.32
2013.05.23 06:56:50.703,1.87277,1.87343,2.44,1.32
2013.05.23 06:56:51.757,1.87278,1.87343,1.69,1.69
2013.05.23 06:56:52.984,1.87282,1.8735,1.69,1.69
2013.05.23 06:56:56.437,1.87277,1.87342,1.69,1.69
2013.05.23 06:56:56.616,1.87271,1.87339,2.44,2.25
2013.05.23 06:56:56.976,1.87271,1.87326,2.44,1.50
2013.05.23 06:56:57.225,1.87271,1.87331,2.44,1.13
2013.05.23 06:56:57.735,1.87263,1.87331,1.69,1.32
2013.05.23 06:56:59.697,1.87263,1.87328,1.69,1.13
2013.05.23 06:57:01.835,1.87263,1.87328,2.07,1.69
2013.05.23 06:57:01.957,1.87264,1.87328,1.69,1.13
2013.05.23 06:57:02.966,1.87269,1.87332,1.32,1.69
2013.05.23 06:57:04.233,1.87271,1.87337,1.69,1.13
2013.05.23 06:57:05.204,1.87271,1.8734,1.69,2.44
2013.05.23 06:57:05.766,1.87272,1.8734,1.32,3.19
2013.05.23 06:57:07.696,1.87271,1.8734,1.69,2.44
2013.05.23 06:57:08.806,1.87271,1.8734,1.69,2.44
2013.05.23 06:57:10.045,1.87274,1.87339,1.32,1.69
2013.05.23 06:57:11.446,1.87271,1.87339,1.69,1.69
2013.05.23 06:57:13.337,1.87271,1.8734,1.69,2.44
2013.05.23 06:57:14.835,1.87271,1.8734,1.69,2.44
2013.05.23 06:57:15.866,1.87269,1.87337,1.69,1.13
2013.05.23 06:57:17.137,1.87267,1.87332,1.69,1.88
2013.05.23 06:57:17.695,1.87268,1.87331,1.32,1.69
2013.05.23 06:57:18.055,1.87268,1.8733,1.32,1.69
2013.05.23 06:57:18.115,1.87268,1.87333,1.32,2.44
2013.05.23 06:57:18.675,1.87267,1.87333,1.32,3.19
2013.05.23 06:57:19.118,1.87265,1.87332,1.77,1.32
2013.05.23 06:57:19.236,1.87267,1.87333,1.32,3.19
2013.05.23 06:57:19.747,1.87267,1.8733,1.32,1.69
2013.05.23 06:57:20.886,1.87268,1.87328,1.32,2.44
2013.05.23 06:57:20.946,1.87268,1.87328,1.32,1.69
2013.05.23 06:57:22.671,1.87268,1.8733,1.32,1.69
2013.05.23 06:57:24.240,1.87268,1.87329,1.32,1.69
2013.05.23 06:57:24.548,1.87268,1.87324,1.32,1.69
2013.05.23 06:57:25.676,1.87257,1.8732,1.32,1.69
2013.05.23 06:57:26.645,1.8726,1.87324,1.32,1.32
2013.05.23 06:57:26.767,1.87259,1.8732,1.50,1.32
2013.05.23 06:57:28.196,1.87257,1.87322,1.13,1.32
2013.05.23 06:57:28.577,1.87258,1.87322,1.32,1.32
2013.05.23 06:57:29.736,1.87258,1.87319,1.32,1.32
2013.05.23 06:57:30.735,1.87258,1.87322,1.58,1.32
2013.05.23 06:57:31.517,1.87259,1.87323,2.25,1.32
2013.05.23 06:57:32.279,1.87259,1.87324,2.25,1.32
2013.05.23 06:57:33.139,1.87259,1.87323,2.25,1.32
2013.05.23 06:57:33.875,1.87258,1.87322,2.33,1.32
2013.05.23 06:57:34.178,1.87258,1.87321,1.58,1.32
2013.05.23 06:57:35.122,1.87256,1.87321,1.50,1.32
2013.05.23 06:57:36.397,1.87258,1.87317,1.58,1.32
2013.05.23 06:57:36.705,1.87258,1.87317,1.58,1.32
2013.05.23 06:57:38.336,1.87257,1.87317,1.58,1.32
2013.05.23 06:57:38.695,1.87247,1.87313,1.77,1.32
2013.05.23 06:57:38.905,1.87247,1.87311,1.77,1.69
2013.05.23 06:57:39.917,1.87248,1.87311,1.77,1.69
2013.05.23 06:57:40.855,1.87249,1.87311,1.77,1.69
2013.05.23 06:57:41.096,1.87258,1.8732,1.58,1.69
2013.05.23 06:57:42.015,1.87259,1.87324,1.58,1.32
2013.05.23 06:57:42.996,1.87259,1.87325,1.58,2.07
2013.05.23 06:57:44.247,1.87259,1.87324,1.58,1.32
2013.05.23 06:57:44.911,1.8726,1.87325,1.58,2.07
2013.05.23 06:57:45.235,1.87263,1.87325,1.50,1.32
2013.05.23 06:57:45.525,1.8726,1.87325,1.58,1.32
2013.05.23 06:57:47.966,1.8726,1.87325,1.77,1.32
2013.05.23 06:57:49.370,1.8726,1.87325,1.58,1.32
2013.05.23 06:57:50.456,1.8726,1.87328,1.58,1.13
2013.05.23 06:57:51.854,1.8726,1.87328,2.40,1.13
2013.05.23 06:57:51.976,1.8726,1.87328,2.33,1.13
2013.05.23 06:57:52.335,1.87278,1.87345,1.50,1.50
2013.05.23 06:57:52.461,1.87273,1.87341,1.88,1.50
2013.05.23 06:57:52.585,1.87273,1.87336,1.88,1.13
2013.05.23 06:57:52.886,1.87266,1.87332,2.25,1.13
2013.05.23 06:57:53.185,1.87261,1.87328,2.33,1.13
2013.05.23 06:57:53.690,1.87259,1.87328,1.58,1.13
2013.05.23 06:57:53.767,1.87264,1.87332,1.50,1.50
2013.05.23 06:57:54.205,1.87261,1.87328,2.33,1.13
2013.05.23 06:57:54.325,1.8726,1.87328,1.58,1.13
2013.05.23 06:57:54.465,1.8726,1.87326,1.58,1.50
2013.05.23 06:57:54.779,1.87251,1.87315,2.92,2.25
2013.05.23 06:57:55.174,1.8725,1.87315,1.32,1.50
2013.05.23 06:57:55.295,1.87254,1.87322,1.50,1.13
2013.05.23 06:57:55.415,1.87249,1.87326,1.32,1.05
2013.05.23 06:57:55.539,1.87249,1.87332,1.32,1.50
2013.05.23 06:57:55.606,1.87252,1.87332,2.15,1.50
2013.05.23 06:57:55.965,1.87251,1.87332,1.77,1.50
2013.05.23 06:57:56.025,1.8725,1.87332,1.77,1.50
2013.05.23 06:57:56.205,1.87251,1.87332,1.74,1.50
2013.05.23 06:57:58.828,1.87262,1.87332,1.98,1.13
2013.05.23 06:57:59.008,1.87258,1.87332,3.72,1.13
2013.05.23 06:57:59.218,1.87258,1.87332,1.58,1.13
2013.05.23 06:57:59.692,1.87259,1.87332,2.56,1.13
2013.05.23 06:58:00.219,1.87266,1.87339,1.58,1.24
2013.05.23 06:58:00.466,1.87255,1.8738,1.20,1.69
2013.05.23 06:58:00.525,1.87253,1.8738,1.65,1.32
2013.05.23 06:58:00.707,1.87263,1.87373,1.13,1.50
2013.05.23 06:58:00.946,1.87262,1.87382,1.13,1.50
2013.05.23 06:58:01.245,1.87253,1.87387,1.54,1.32
2013.05.23 06:58:01.366,1.87253,1.87412,1.65,1.32
2013.05.23 06:58:01.486,1.87258,1.87362,1.50,2.48
2013.05.23 06:58:01.727,1.87229,1.87383,1.43,1.32
2013.05.23 06:58:01.904,1.87229,1.87383,1.43,1.13
2013.05.23 06:58:02.324,1.87251,1.87405,1.32,1.13
2013.05.23 06:58:02.444,1.87251,1.87405,1.32,1.32
2013.05.23 06:58:02.568,1.87277,1.87405,1.13,1.32
2013.05.23 06:58:02.864,1.87264,1.8741,1.13,1.32
2013.05.23 06:58:03.155,1.87264,1.87412,1.13,1.50
2013.05.23 06:58:03.457,1.87254,1.8741,1.13,1.50
2013.05.23 06:58:03.815,1.87254,1.87402,1.32,1.69
2013.05.23 06:58:04.344,1.87259,1.874,1.32,1.69
2013.05.23 06:58:04.646,1.87292,1.87397,1.32,1.13
2013.05.23 06:58:05.915,1.87285,1.8738,2.44,1.09
2013.05.23 06:58:06.560,1.87307,1.8738,1.32,1.28
2013.05.23 06:58:07.047,1.87307,1.87382,1.32,1.13
2013.05.23 06:58:07.859,1.87302,1.87382,1.69,1.13
2013.05.23 06:58:07.942,1.87318,1.87402,1.92,1.69
2013.05.23 06:58:08.458,1.87312,1.87392,1.69,1.69
2013.05.23 06:58:08.996,1.87308,1.87392,2.59,1.69
2013.05.23 06:58:10.316,1.87307,1.87393,2.29,1.69
2013.05.23 06:58:10.675,1.87304,1.87385,1.69,1.69
2013.05.23 06:58:10.976,1.87308,1.87366,1.77,1.50
2013.05.23 06:58:11.337,1.87308,1.87364,1.77,1.50
2013.05.23 06:58:11.656,1.87308,1.87354,1.77,2.25
2013.05.23 06:58:12.631,1.87308,1.87365,3.04,1.50
2013.05.23 06:58:12.710,1.87307,1.87365,2.59,1.50
2013.05.23 06:58:13.027,1.87307,1.87367,2.07,1.50
2013.05.23 06:58:13.087,1.87307,1.87368,2.07,1.50
2013.05.23 06:58:13.146,1.8731,1.87367,1.32,1.50
2013.05.23 06:58:13.450,1.87318,1.8737,1.13,1.50
2013.05.23 06:58:13.517,1.87318,1.87377,1.13,1.69
2013.05.23 06:58:14.083,1.87317,1.87381,2.29,1.69
2013.05.23 06:58:14.596,1.87323,1.87379,1.13,1.69
2013.05.23 06:58:14.656,1.87318,1.87382,1.32,1.69
2013.05.23 06:58:14.776,1.87318,1.87382,1.32,1.69
2013.05.23 06:58:14.895,1.8732,1.8738,1.32,1.69
2013.05.23 06:58:15.286,1.87316,1.87376,1.32,1.50
2013.05.23 06:58:15.408,1.87308,1.87376,2.07,1.69
2013.05.23 06:58:15.656,1.87308,1.87376,2.07,1.69
2013.05.23 06:58:15.716,1.87308,1.87376,1.32,1.69
2013.05.23 06:58:16.482,1.87308,1.87369,1.32,2.44
2013.05.23 06:58:16.547,1.87299,1.8737,2.44,2.25
2013.05.23 06:58:17.448,1.87308,1.8737,3.34,1.50
2013.05.23 06:58:17.565,1.87311,1.87378,1.69,1.69
2013.05.23 06:58:17.625,1.87311,1.8738,1.69,1.69
2013.05.23 06:58:18.126,1.87319,1.87385,1.50,1.69
2013.05.23 06:58:18.313,1.87321,1.87389,2.44,1.50
2013.05.23 06:58:18.557,1.87327,1.87388,2.37,1.50
2013.05.23 06:58:18.796,1.87327,1.87391,2.37,1.50
2013.05.23 06:58:18.855,1.87327,1.87393,2.37,2.25
2013.05.23 06:58:19.613,1.87328,1.87393,2.52,2.25
2013.05.23 06:58:19.678,1.87324,1.87393,1.69,2.25
2013.05.23 06:58:19.736,1.87327,1.87393,1.69,2.25
2013.05.23 06:58:20.221,1.8733,1.87396,1.69,1.50
2013.05.23 06:58:20.288,1.8733,1.87399,1.69,1.69
2013.05.23 06:58:21.655,1.8733,1.87399,1.69,1.50
2013.05.23 06:58:22.026,1.87337,1.87405,1.69,1.69
2013.05.23 06:58:22.601,1.87337,1.87408,1.69,2.44
2013.05.23 06:58:22.740,1.87338,1.87408,1.69,2.25
2013.05.23 06:58:23.867,1.87339,1.87403,1.69,1.50
2013.05.23 06:58:23.986,1.8734,1.87409,1.69,1.69
2013.05.23 06:58:24.106,1.87344,1.87414,1.69,2.44
2013.05.23 06:58:24.436,1.8735,1.8742,1.69,1.69
2013.05.23 06:58:25.061,1.87347,1.8742,3.19,1.69
2013.05.23 06:58:25.186,1.87347,1.8742,3.19,1.69
2013.05.23 06:58:25.545,1.87344,1.87414,2.44,2.44
2013.05.23 06:58:27.706,1.87344,1.87414,1.69,2.44
2013.05.23 06:58:28.956,1.87347,1.87414,1.69,2.25
2013.05.23 06:58:29.697,1.8735,1.87421,2.44,1.69
2013.05.23 06:58:30.205,1.8735,1.87421,2.44,1.69
2013.05.23 06:58:32.680,1.8735,1.87421,1.69,1.69
2013.05.23 06:58:33.690,1.8735,1.87421,2.44,1.69
2013.05.23 06:58:34.687,1.8735,1.87418,1.69,1.13
2013.05.23 06:58:35.156,1.87348,1.87411,1.69,1.13
2013.05.23 06:58:35.335,1.87347,1.87411,1.69,1.50
2013.05.23 06:58:35.640,1.87334,1.87401,1.32,1.50
2013.05.23 06:58:36.185,1.87334,1.87401,1.32,1.50
2013.05.23 06:58:36.247,1.87332,1.87398,2.44,1.13
2013.05.23 06:58:37.296,1.87332,1.87398,1.32,1.32
2013.05.23 06:58:38.055,1.87332,1.87398,1.32,1.13
2013.05.23 06:58:38.296,1.87332,1.87398,1.32,1.13
2013.05.23 06:58:40.686,1.87329,1.87395,1.32,1.13
2013.05.23 06:58:40.988,1.87331,1.87401,1.32,1.69
2013.05.23 06:58:41.225,1.87339,1.87403,1.13,1.32
2013.05.23 06:58:41.512,1.87332,1.874,1.69,1.32
2013.05.23 06:58:41.635,1.87335,1.87406,2.44,1.69
2013.05.23 06:58:41.695,1.87335,1.87409,2.44,2.44
2013.05.23 06:58:41.826,1.87338,1.87406,1.32,1.32
2013.05.23 06:58:42.332,1.87336,1.87409,1.32,2.44
2013.05.23 06:58:42.904,1.87344,1.87412,1.32,1.32
2013.05.23 06:58:43.926,1.87344,1.87412,1.32,1.32
2013.05.23 06:58:45.036,1.87346,1.87412,1.69,1.13
2013.05.23 06:58:46.035,1.87346,1.87414,1.32,1.88
2013.05.23 06:58:51.466,1.8735,1.87417,1.32,1.13
2013.05.23 06:58:52.015,1.87344,1.87414,1.69,1.88
2013.05.23 06:58:54.137,1.87347,1.87414,1.32,1.50
2013.05.23 06:58:54.328,1.87349,1.87421,1.32,2.44
2013.05.23 06:58:55.141,1.87349,1.87421,1.32,2.44
2013.05.23 06:58:56.663,1.87347,1.87417,1.69,1.69
2013.05.23 06:58:56.787,1.87346,1.87414,1.69,1.50
2013.05.23 06:58:57.126,1.87344,1.87414,1.32,1.50
2013.05.23 06:58:57.429,1.87344,1.87407,1.32,1.50
2013.05.23 06:58:57.755,1.87338,1.87403,1.32,1.50
2013.05.23 06:58:58.146,1.87346,1.87403,1.32,1.69
2013.05.23 06:58:59.236,1.87343,1.87398,1.32,1.69
2013.05.23 06:58:59.537,1.87343,1.87404,1.32,1.69
2013.05.23 06:58:59.956,1.87348,1.87405,1.32,1.50
2013.05.23 06:59:00.079,1.87348,1.87407,1.32,1.69
2013.05.23 06:59:00.976,1.87344,1.87406,1.32,1.69
2013.05.23 06:59:01.036,1.87341,1.87406,1.32,1.69
2013.05.23 06:59:01.547,1.87341,1.87411,2.07,3.57
2013.05.23 06:59:02.438,1.87345,1.87411,2.07,1.13
2013.05.23 06:59:02.744,1.87345,1.87407,1.32,1.13
2013.05.23 06:59:03.661,1.87343,1.87407,1.32,1.13
2013.05.23 06:59:04.975,1.87343,1.87407,1.32,1.13
2013.05.23 06:59:05.156,1.87346,1.87411,1.32,1.13
2013.05.23 06:59:05.275,1.87346,1.87414,1.32,1.69
2013.05.23 06:59:05.457,1.87353,1.87421,1.32,2.44
2013.05.23 06:59:05.695,1.8736,1.87427,1.69,1.69
2013.05.23 06:59:06.710,1.87362,1.87427,1.32,1.69
2013.05.23 06:59:08.057,1.87364,1.87429,1.32,1.69
2013.05.23 06:59:09.307,1.87364,1.87429,1.32,1.69
2013.05.23 06:59:11.165,1.87366,1.87429,1.32,1.69
2013.05.23 06:59:11.226,1.87366,1.87431,1.32,1.32
2013.05.23 06:59:12.479,1.87365,1.87431,2.07,1.32
2013.05.23 06:59:16.536,1.87365,1.87433,2.07,1.32
2013.05.23 06:59:18.407,1.87366,1.87429,1.32,1.50
2013.05.23 06:59:18.966,1.87362,1.8743,1.69,1.50
2013.05.23 06:59:19.097,1.87366,1.87432,1.69,2.07
2013.05.23 06:59:19.216,1.87366,1.87432,1.69,1.32
2013.05.23 06:59:19.887,1.87366,1.87432,1.69,1.32
2013.05.23 06:59:20.908,1.87376,1.87433,1.13,1.32
2013.05.23 06:59:21.209,1.87364,1.87431,1.32,1.32
2013.05.23 06:59:21.338,1.87363,1.87431,3.38,1.32
2013.05.23 06:59:22.476,1.87364,1.87432,1.32,1.32
2013.05.23 06:59:23.078,1.87363,1.87431,1.69,1.13
2013.05.23 06:59:23.442,1.87363,1.87431,1.69,1.13
2013.05.23 06:59:24.246,1.87368,1.87433,1.32,1.69
2013.05.23 06:59:25.248,1.87369,1.87433,1.32,1.69
2013.05.23 06:59:26.187,1.87369,1.8743,1.32,1.69
2013.05.23 06:59:26.489,1.87369,1.87421,1.32,1.50
2013.05.23 06:59:26.557,1.87355,1.87415,1.32,1.50
2013.05.23 06:59:26.616,1.87355,1.87413,1.32,1.50
2013.05.23 06:59:26.976,1.87337,1.87402,1.69,1.13
2013.05.23 06:59:27.216,1.87337,1.87401,1.32,1.13
2013.05.23 06:59:27.417,1.87337,1.874,1.32,1.50
2013.05.23 06:59:27.775,1.87337,1.8739,1.32,2.25
2013.05.23 06:59:27.835,1.87337,1.8739,1.32,1.50
2013.05.23 06:59:27.956,1.87326,1.87391,1.69,1.50
2013.05.23 06:59:28.196,1.87313,1.87383,1.69,1.50
2013.05.23 06:59:28.785,1.87313,1.87381,1.69,1.50
2013.05.23 06:59:29.178,1.87308,1.87376,1.32,1.50
2013.05.23 06:59:29.793,1.87308,1.87376,1.32,1.69
2013.05.23 06:59:30.856,1.87327,1.87376,1.58,1.69
2013.05.23 06:59:31.167,1.87341,1.87389,1.32,2.25
2013.05.23 06:59:31.227,1.87339,1.87389,1.32,2.25
2013.05.23 06:59:31.285,1.87339,1.87391,1.32,2.25
2013.05.23 06:59:31.406,1.87339,1.87399,1.32,1.50
2013.05.23 06:59:31.589,1.87339,1.87395,1.32,1.50
2013.05.23 06:59:32.476,1.87335,1.87396,1.32,1.69
2013.05.23 06:59:32.597,1.87335,1.87393,1.32,1.69
2013.05.23 06:59:33.887,1.87332,1.87393,1.32,1.69
2013.05.23 06:59:35.137,1.87332,1.87397,1.32,1.69
2013.05.23 06:59:35.906,1.87337,1.87397,1.32,1.69
2013.05.23 06:59:36.586,1.87337,1.87396,1.32,1.69
2013.05.23 06:59:36.897,1.87333,1.87394,1.32,1.69
2013.05.23 06:59:37.426,1.87331,1.87392,1.13,1.69
2013.05.23 06:59:38.256,1.8733,1.87392,1.13,1.69
2013.05.23 06:59:40.436,1.8733,1.87396,1.13,1.69
2013.05.23 06:59:40.796,1.87339,1.87407,1.65,2.44
2013.05.23 06:59:41.096,1.87338,1.87403,1.32,2.44
2013.05.23 06:59:41.607,1.87337,1.87398,2.07,1.69
2013.05.23 06:59:45.117,1.87337,1.87397,1.32,1.69
2013.05.23 06:59:45.525,1.87335,1.87394,1.13,1.69
2013.05.23 06:59:45.831,1.87327,1.87388,1.13,1.69
2013.05.23 06:59:45.898,1.87325,1.87382,1.13,1.69
2013.05.23 06:59:46.257,1.87318,1.87379,1.13,1.88
2013.05.23 06:59:46.318,1.87308,1.87379,1.69,1.88
2013.05.23 06:59:46.555,1.87309,1.87376,1.69,2.25
2013.05.23 06:59:46.795,1.87309,1.87376,1.69,1.50
2013.05.23 06:59:46.855,1.87308,1.87376,1.69,2.44
2013.05.23 06:59:48.497,1.87309,1.87376,1.32,1.13
2013.05.23 06:59:48.616,1.87314,1.8738,1.69,1.69
2013.05.23 06:59:48.917,1.87315,1.87382,1.69,1.88
2013.05.23 06:59:48.976,1.87319,1.87383,1.69,1.13
2013.05.23 06:59:49.156,1.87334,1.87384,1.50,1.13
2013.05.23 06:59:49.339,1.8734,1.87406,1.69,1.69
2013.05.23 06:59:50.696,1.87344,1.87412,1.69,1.32
2013.05.23 06:59:51.062,1.87339,1.87408,2.44,1.69
2013.05.23 06:59:51.806,1.87339,1.87408,2.44,1.69
2013.05.23 06:59:52.856,1.87345,1.87409,1.32,1.69
2013.05.23 06:59:52.917,1.87348,1.87412,1.13,1.69
2013.05.23 06:59:52.977,1.87358,1.87418,2.85,1.69
2013.05.23 06:59:53.096,1.87367,1.87421,1.69,1.50
2013.05.23 06:59:53.155,1.87368,1.87421,1.69,1.50
2013.05.23 06:59:53.216,1.87372,1.87441,1.69,2.44
2013.05.23 06:59:53.745,1.87368,1.87434,1.69,1.50
2013.05.23 06:59:56.947,1.87376,1.87436,1.32,1.69
2013.05.23 06:59:57.066,1.87382,1.87442,1.32,1.69
