2017.04.19 13:00:00.099,1.82817,1.82861,1.37,1.00
2017.04.19 13:00:00.643,1.82818,1.8286,1.37,1.00
2017.04.19 13:00:00.694,1.82822,1.8286,1.46,1.00
2017.04.19 13:00:00.745,1.82826,1.82865,1.09,1.37
2017.04.19 13:00:00.795,1.82826,1.82865,1.34,1.37
2017.04.19 13:00:00.846,1.82824,1.82868,1.37,1.87
2017.04.19 13:00:00.947,1.82821,1.82862,1.09,1.87
2017.04.19 13:00:00.998,1.82821,1.82862,1.71,1.00
2017.04.19 13:00:01.049,1.8282,1.82864,2.21,1.00
2017.04.19 13:00:01.100,1.8282,1.82861,1.71,1.00
2017.04.19 13:00:01.150,1.82821,1.82865,1.46,1.37
2017.04.19 13:00:01.684,1.82823,1.82866,1.09,1.37
2017.04.19 13:00:01.889,1.82823,1.82866,1.71,1.00
2017.04.19 13:00:01.990,1.82826,1.82869,1.46,1.12
2017.04.19 13:00:02.092,1.82827,1.8287,1.46,1.00
2017.04.19 13:00:02.243,1.82826,1.82871,1.71,1.87
2017.04.19 13:00:02.445,1.82825,1.82868,2.21,1.00
2017.04.19 13:00:02.797,1.82825,1.82866,1.46,1.00
2017.04.19 13:00:03.057,1.8282,1.82862,1.37,1.00
2017.04.19 13:00:03.159,1.8282,1.82854,1.00,1.00
2017.04.19 13:00:03.210,1.82818,1.82854,1.00,1.00
2017.04.19 13:00:03.412,1.82812,1.82855,1.71,1.37
2017.04.19 13:00:03.613,1.82811,1.82851,1.34,1.37
2017.04.19 13:00:03.715,1.82808,1.82848,1.87,1.37
2017.04.19 13:00:03.966,1.82807,1.82848,1.87,1.50
2017.04.19 13:00:04.017,1.82806,1.82848,1.46,1.50
2017.04.19 13:00:04.220,1.82809,1.82847,1.00,1.00
2017.04.19 13:00:04.424,1.82812,1.82852,1.00,1.00
2017.04.19 13:00:05.082,1.82813,1.82852,1.00,1.00
2017.04.19 13:00:05.235,1.82813,1.82843,1.00,1.00
2017.04.19 13:00:05.286,1.82813,1.82848,1.00,1.00
2017.04.19 13:00:05.337,1.82809,1.82843,1.00,1.00
2017.04.19 13:00:05.388,1.82809,1.82847,1.00,1.00
2017.04.19 13:00:05.540,1.82806,1.82847,1.12,1.50
2017.04.19 13:00:08.206,1.82806,1.82847,1.37,1.50
2017.04.19 13:00:08.810,1.82806,1.82846,1.37,1.00
2017.04.19 13:00:09.362,1.82806,1.82846,1.37,1.00
2017.04.19 13:00:09.668,1.82806,1.82848,1.37,1.50
2017.04.19 13:00:09.770,1.82806,1.82848,1.87,1.50
2017.04.19 13:00:10.562,1.82805,1.82848,2.96,1.50
2017.04.19 13:00:11.001,1.82809,1.8285,1.71,1.50
2017.04.19 13:00:12.816,1.82809,1.8285,1.71,1.50
2017.04.19 13:00:14.001,1.82807,1.82849,3.71,1.50
2017.04.19 13:00:16.144,1.82807,1.82848,2.21,1.00
2017.04.19 13:00:16.449,1.82808,1.82848,1.87,1.50
2017.04.19 13:00:22.216,1.82809,1.82848,1.87,1.00
2017.04.19 13:00:23.211,1.82811,1.82849,1.37,1.50
2017.04.19 13:00:23.805,1.82812,1.82849,1.87,1.50
2017.04.19 13:00:23.856,1.8281,1.8285,1.37,1.50
2017.04.19 13:00:24.058,1.8281,1.8285,1.00,1.87
2017.04.19 13:00:24.260,1.82806,1.82845,1.00,1.00
2017.04.19 13:00:24.311,1.82806,1.82842,1.00,1.00
2017.04.19 13:00:24.362,1.82804,1.82842,1.00,1.00
2017.04.19 13:00:24.867,1.82803,1.82842,1.12,1.50
2017.04.19 13:00:25.422,1.82801,1.82842,1.37,1.00
2017.04.19 13:00:25.960,1.82801,1.82841,1.37,1.00
2017.04.19 13:00:26.861,1.82803,1.82841,1.37,1.00
2017.04.19 13:00:26.912,1.82807,1.82848,1.37,1.37
2017.04.19 13:00:26.963,1.82807,1.82852,3.37,1.37
2017.04.19 13:00:27.014,1.82807,1.82846,1.00,1.37
2017.04.19 13:00:27.365,1.82789,1.82828,1.37,1.87
2017.04.19 13:00:27.617,1.82786,1.82825,1.37,1.87
2017.04.19 13:00:28.125,1.82789,1.82827,1.00,1.37
2017.04.19 13:00:28.566,1.82791,1.82828,1.00,1.87
2017.04.19 13:00:29.192,1.82793,1.82829,1.00,1.87
2017.04.19 13:00:29.442,1.82791,1.82829,1.00,1.87
2017.04.19 13:00:29.561,1.82791,1.82827,1.00,1.37
2017.04.19 13:00:29.663,1.82785,1.82824,1.00,1.37
2017.04.19 13:00:29.865,1.82787,1.82824,1.00,1.37
2017.04.19 13:00:30.319,1.82787,1.82824,1.00,1.00
2017.04.19 13:00:30.722,1.82786,1.82822,1.00,1.00
2017.04.19 13:00:31.038,1.82788,1.82821,1.00,1.00
2017.04.19 13:00:31.089,1.82785,1.82821,1.00,1.00
2017.04.19 13:00:32.476,1.82785,1.8282,1.00,1.00
2017.04.19 13:00:33.164,1.82783,1.8282,1.12,1.00
2017.04.19 13:00:33.387,1.82783,1.8282,1.00,1.37
2017.04.19 13:00:33.782,1.82785,1.8282,1.00,1.87
2017.04.19 13:00:34.348,1.82785,1.8282,1.00,1.87
2017.04.19 13:00:36.687,1.82782,1.8282,1.00,1.37
2017.04.19 13:00:38.791,1.82779,1.82819,1.00,1.87
2017.04.19 13:00:39.070,1.82782,1.82819,1.00,1.87
2017.04.19 13:00:41.073,1.82784,1.82819,1.00,1.87
2017.04.19 13:00:41.174,1.82778,1.82814,1.00,1.37
2017.04.19 13:00:41.225,1.82778,1.82815,1.00,1.87
2017.04.19 13:00:41.774,1.82777,1.82817,1.00,1.37
2017.04.19 13:00:47.551,1.82777,1.82816,1.00,1.87
2017.04.19 13:00:48.692,1.82776,1.82816,1.00,1.87
2017.04.19 13:00:49.883,1.82774,1.82816,1.00,1.87
2017.04.19 13:00:50.189,1.82774,1.82816,1.00,1.87
2017.04.19 13:00:53.110,1.82775,1.82815,1.00,1.37
2017.04.19 13:00:54.877,1.82775,1.82814,1.00,1.87
2017.04.19 13:00:55.616,1.82775,1.82814,1.00,1.87
2017.04.19 13:00:56.762,1.82775,1.82814,1.00,1.87
2017.04.19 13:00:58.231,1.82775,1.82814,1.00,1.37
2017.04.19 13:00:58.282,1.82775,1.82814,1.00,1.37
2017.04.19 13:00:58.980,1.82774,1.82813,1.00,1.87
2017.04.19 13:00:59.031,1.82774,1.82813,1.00,1.87
2017.04.19 13:00:59.494,1.82772,1.82811,1.00,1.37
2017.04.19 13:00:59.595,1.82772,1.82812,1.00,1.37
2017.04.19 13:00:59.646,1.82772,1.82811,1.00,1.37
2017.04.19 13:01:03.282,1.82772,1.82805,1.00,1.37
2017.04.19 13:01:03.434,1.82761,1.82802,1.84,1.37
2017.04.19 13:01:03.536,1.82761,1.82801,1.46,1.37
2017.04.19 13:01:03.717,1.8276,1.828,1.00,1.37
2017.04.19 13:01:05.234,1.8276,1.82799,1.00,1.37
2017.04.19 13:01:05.335,1.82756,1.82799,1.84,1.37
2017.04.19 13:01:05.629,1.82759,1.82799,1.00,1.37
2017.04.19 13:01:06.138,1.82759,1.82799,1.00,1.87
2017.04.19 13:01:07.173,1.82759,1.82799,1.00,1.87
2017.04.19 13:01:08.405,1.82756,1.82799,1.84,1.37
2017.04.19 13:01:09.245,1.82756,1.82799,1.84,1.37
2017.04.19 13:01:09.607,1.8276,1.82799,1.00,1.37
2017.04.19 13:01:10.542,1.8276,1.82801,1.00,1.37
2017.04.19 13:01:12.141,1.8276,1.828,1.00,1.37
2017.04.19 13:01:12.397,1.8276,1.828,1.00,1.37
2017.04.19 13:01:12.765,1.8276,1.82796,1.00,1.37
2017.04.19 13:01:12.916,1.82754,1.82794,1.00,1.87
2017.04.19 13:01:13.220,1.82752,1.82794,1.00,1.46
2017.04.19 13:01:14.012,1.82752,1.82794,1.00,1.46
2017.04.19 13:01:14.113,1.82751,1.82792,1.00,1.71
2017.04.19 13:01:14.318,1.8274,1.82783,1.50,1.37
2017.04.19 13:01:14.419,1.82746,1.82784,1.00,1.37
2017.04.19 13:01:14.816,1.82748,1.82791,1.50,1.87
2017.04.19 13:01:15.151,1.82751,1.82794,1.50,3.37
2017.04.19 13:01:15.382,1.82752,1.82794,1.00,1.87
2017.04.19 13:01:15.635,1.82749,1.82794,1.50,3.37
2017.04.19 13:01:16.121,1.82749,1.82788,1.00,1.37
2017.04.19 13:01:16.413,1.82749,1.82786,1.00,1.37
2017.04.19 13:01:16.565,1.82746,1.82785,1.00,1.37
2017.04.19 13:01:16.616,1.82748,1.82785,1.00,1.37
2017.04.19 13:01:16.666,1.82748,1.82788,1.50,1.12
2017.04.19 13:01:16.820,1.82751,1.8279,1.00,1.37
2017.04.19 13:01:16.921,1.82749,1.8279,1.50,1.37
2017.04.19 13:01:17.361,1.82753,1.82791,1.00,1.37
2017.04.19 13:01:17.513,1.8275,1.82791,1.00,1.37
2017.04.19 13:01:18.621,1.8275,1.82789,1.00,1.37
2017.04.19 13:01:18.672,1.82749,1.8279,1.00,1.87
2017.04.19 13:01:19.112,1.82751,1.82789,1.00,1.37
2017.04.19 13:01:19.967,1.8275,1.8279,1.00,1.37
2017.04.19 13:01:20.309,1.82751,1.8279,1.87,1.00
2017.04.19 13:01:20.359,1.8275,1.8279,1.37,1.00
2017.04.19 13:01:20.562,1.82749,1.8279,1.87,1.00
2017.04.19 13:01:20.904,1.82755,1.82791,1.87,1.00
2017.04.19 13:01:21.760,1.82755,1.82793,1.87,1.50
2017.04.19 13:01:22.086,1.82751,1.82791,1.87,1.00
2017.04.19 13:01:23.231,1.82751,1.82793,1.87,1.50
2017.04.19 13:01:24.057,1.82757,1.82799,1.87,1.00
2017.04.19 13:01:24.107,1.82759,1.828,2.96,1.00
2017.04.19 13:01:24.158,1.82762,1.82803,1.46,1.00
2017.04.19 13:01:24.209,1.82762,1.82803,1.46,1.00
2017.04.19 13:01:24.554,1.8278,1.82821,1.37,1.00
2017.04.19 13:01:24.605,1.8278,1.82821,1.87,1.00
2017.04.19 13:01:24.706,1.8278,1.82821,1.37,1.00
2017.04.19 13:01:25.009,1.82778,1.82816,1.87,1.00
2017.04.19 13:01:25.059,1.82778,1.82818,1.12,1.00
2017.04.19 13:01:25.161,1.82779,1.82819,1.37,1.00
2017.04.19 13:01:25.464,1.82779,1.82819,1.12,1.00
2017.04.19 13:01:25.515,1.82779,1.82817,1.00,1.00
2017.04.19 13:01:25.666,1.82775,1.82818,1.00,1.37
2017.04.19 13:01:26.214,1.82776,1.82817,1.00,1.00
2017.04.19 13:01:29.431,1.82777,1.82818,1.00,1.00
2017.04.19 13:01:30.066,1.82777,1.82817,1.00,1.00
2017.04.19 13:01:30.871,1.82777,1.82818,1.00,1.50
2017.04.19 13:01:30.973,1.8278,1.82818,1.00,1.00
2017.04.19 13:01:31.023,1.8278,1.8282,1.00,1.12
2017.04.19 13:01:32.839,1.82778,1.82819,1.00,1.00
2017.04.19 13:01:33.948,1.8278,1.8282,1.12,1.00
2017.04.19 13:01:34.185,1.82781,1.82822,1.12,1.12
2017.04.19 13:01:36.497,1.82783,1.82824,1.37,1.00
2017.04.19 13:01:36.649,1.82783,1.82822,1.00,1.00
2017.04.19 13:01:36.700,1.82783,1.82824,1.00,1.87
2017.04.19 13:01:36.750,1.82783,1.82818,1.00,1.00
2017.04.19 13:01:36.852,1.8278,1.82819,1.00,1.37
2017.04.19 13:01:36.953,1.8278,1.82811,1.00,1.00
2017.04.19 13:01:37.004,1.82777,1.82809,1.00,1.00
2017.04.19 13:01:37.105,1.8277,1.82812,1.37,1.00
2017.04.19 13:01:37.229,1.8277,1.82812,2.62,1.00
2017.04.19 13:01:37.621,1.82773,1.82809,1.00,1.00
2017.04.19 13:01:38.093,1.82766,1.82808,3.37,1.00
2017.04.19 13:01:38.699,1.82769,1.82808,1.37,1.00
2017.04.19 13:01:39.232,1.82769,1.8281,1.37,1.50
2017.04.19 13:01:39.876,1.8277,1.82811,1.37,2.25
2017.04.19 13:01:40.398,1.8277,1.8281,1.37,1.00
2017.04.19 13:01:41.176,1.8277,1.82811,1.37,1.50
2017.04.19 13:01:41.227,1.8277,1.82807,1.12,1.00
2017.04.19 13:01:42.416,1.82768,1.82807,1.37,1.00
2017.04.19 13:01:46.215,1.82768,1.82807,1.37,1.00
2017.04.19 13:01:47.153,1.82767,1.82807,1.12,1.09
2017.04.19 13:01:47.204,1.82767,1.82801,1.00,1.34
2017.04.19 13:01:47.254,1.82763,1.82799,1.50,1.12
2017.04.19 13:01:47.356,1.82759,1.82799,1.37,1.00
2017.04.19 13:01:47.688,1.82757,1.82798,1.12,1.50
2017.04.19 13:01:48.518,1.82757,1.82798,1.37,1.50
2017.04.19 13:01:51.252,1.82757,1.82798,1.37,1.50
2017.04.19 13:01:51.595,1.82756,1.82795,2.62,1.00
2017.04.19 13:01:54.668,1.82756,1.82797,1.87,1.00
2017.04.19 13:01:55.456,1.82758,1.82797,1.37,1.00
2017.04.19 13:01:55.557,1.8276,1.82801,2.96,1.00
2017.04.19 13:01:55.708,1.82762,1.82803,1.37,1.00
2017.04.19 13:01:55.814,1.82763,1.82803,1.87,1.00
2017.04.19 13:01:59.787,1.82763,1.82805,1.87,1.50
2017.04.19 13:02:00.488,1.82763,1.82803,1.87,1.00
2017.04.19 13:02:02.629,1.82762,1.82803,1.87,1.50
2017.04.19 13:02:07.510,1.82762,1.82803,4.46,1.00
2017.04.19 13:02:10.379,1.82763,1.82803,1.12,1.00
2017.04.19 13:02:10.430,1.82763,1.82804,1.87,1.00
2017.04.19 13:02:13.809,1.82763,1.82805,1.37,1.00
2017.04.19 13:02:18.418,1.82763,1.82805,1.37,1.00
2017.04.19 13:02:19.189,1.82762,1.82802,1.87,1.00
2017.04.19 13:02:19.561,1.82762,1.82802,2.21,1.00
2017.04.19 13:02:19.864,1.82767,1.82805,1.87,1.50
2017.04.19 13:02:20.532,1.82765,1.82805,3.37,1.00
2017.04.19 13:02:21.255,1.82769,1.82808,1.87,1.00
2017.04.19 13:02:21.952,1.82765,1.82805,2.96,1.00
2017.04.19 13:02:22.218,1.82767,1.82806,1.87,1.09
2017.04.19 13:02:22.320,1.82764,1.82804,1.37,1.00
2017.04.19 13:02:22.448,1.82764,1.82804,2.62,1.00
2017.04.19 13:02:23.370,1.82764,1.82805,2.62,1.00
2017.04.19 13:02:23.774,1.82767,1.82806,1.71,1.00
2017.04.19 13:02:24.077,1.82781,1.8282,1.87,1.00
2017.04.19 13:02:24.128,1.82779,1.82822,2.21,2.25
2017.04.19 13:02:24.320,1.82784,1.82823,1.87,1.00
2017.04.19 13:02:24.421,1.82785,1.82823,1.37,1.00
2017.04.19 13:02:24.930,1.82785,1.82822,1.37,1.00
2017.04.19 13:02:26.261,1.82785,1.82822,1.37,1.00
2017.04.19 13:02:26.513,1.82785,1.82824,1.37,1.00
2017.04.19 13:02:26.820,1.82793,1.82825,1.12,1.50
2017.04.19 13:02:26.922,1.82787,1.82825,1.37,1.00
2017.04.19 13:02:26.973,1.8279,1.82827,1.87,1.00
2017.04.19 13:02:27.024,1.82794,1.82833,1.37,1.34
2017.04.19 13:02:27.125,1.82797,1.82834,1.00,1.34
2017.04.19 13:02:27.331,1.82795,1.8283,1.00,1.00
2017.04.19 13:02:27.774,1.82794,1.82833,1.37,1.00
2017.04.19 13:02:27.824,1.82797,1.82835,1.37,1.00
2017.04.19 13:02:28.128,1.828,1.82839,1.37,1.00
2017.04.19 13:02:28.229,1.82803,1.82841,1.37,1.00
2017.04.19 13:02:28.739,1.82804,1.8284,1.37,1.00
2017.04.19 13:02:28.975,1.82803,1.82838,1.37,1.00
2017.04.19 13:02:29.818,1.828,1.82838,2.62,1.00
2017.04.19 13:02:29.919,1.828,1.82835,1.00,1.12
2017.04.19 13:02:30.021,1.828,1.82838,1.00,1.00
2017.04.19 13:02:30.072,1.828,1.82838,1.37,1.00
2017.04.19 13:02:30.485,1.82793,1.82833,1.37,1.00
2017.04.19 13:02:30.688,1.82793,1.82831,1.37,1.00
2017.04.19 13:02:31.431,1.82793,1.82833,1.37,1.00
2017.04.19 13:02:32.673,1.82793,1.82833,2.62,1.00
2017.04.19 13:02:34.361,1.82793,1.82834,2.62,1.00
2017.04.19 13:02:36.282,1.82797,1.82834,1.87,1.50
2017.04.19 13:02:36.909,1.82797,1.82832,1.87,1.00
2017.04.19 13:02:37.311,1.82797,1.8283,1.87,1.50
2017.04.19 13:02:39.570,1.82797,1.82831,1.87,1.50
2017.04.19 13:02:40.232,1.82794,1.82831,1.87,1.50
2017.04.19 13:02:40.753,1.82794,1.8283,1.87,1.00
2017.04.19 13:02:41.061,1.82797,1.82831,1.87,1.00
2017.04.19 13:02:41.263,1.82798,1.82833,1.87,1.50
2017.04.19 13:02:41.314,1.82794,1.82833,1.87,1.50
2017.04.19 13:02:41.522,1.82794,1.82831,2.21,1.00
2017.04.19 13:02:43.527,1.82798,1.82832,1.87,1.50
2017.04.19 13:02:43.830,1.828,1.82835,2.96,1.00
2017.04.19 13:02:43.932,1.82803,1.82839,1.87,1.00
2017.04.19 13:02:44.033,1.82802,1.82838,1.37,1.00
2017.04.19 13:02:44.134,1.828,1.82835,1.46,1.00
2017.04.19 13:02:44.438,1.82799,1.82833,1.87,1.00
2017.04.19 13:02:45.246,1.82798,1.82833,1.87,1.00
2017.04.19 13:02:47.525,1.82798,1.82831,1.87,1.00
2017.04.19 13:02:47.627,1.82797,1.82831,1.37,1.50
2017.04.19 13:02:47.728,1.82795,1.82828,1.87,1.00
2017.04.19 13:02:47.835,1.82793,1.82828,1.87,1.00
2017.04.19 13:02:47.936,1.82794,1.82829,1.87,1.50
2017.04.19 13:02:47.987,1.82794,1.82831,1.87,1.50
2017.04.19 13:02:49.898,1.82795,1.82828,1.37,1.00
2017.04.19 13:02:49.949,1.82793,1.8283,1.37,1.00
2017.04.19 13:02:50.006,1.82793,1.82827,1.37,1.00
2017.04.19 13:02:50.789,1.82792,1.82829,2.62,1.50
2017.04.19 13:02:51.462,1.82793,1.82829,2.62,1.00
2017.04.19 13:02:52.545,1.82793,1.82829,1.37,1.50
2017.04.19 13:02:53.076,1.82793,1.82829,2.96,1.00
2017.04.19 13:02:53.127,1.82793,1.82829,1.37,1.50
2017.04.19 13:02:53.177,1.82797,1.82829,1.87,1.50
2017.04.19 13:02:53.228,1.82795,1.82831,1.46,1.00
2017.04.19 13:02:53.329,1.82798,1.8283,1.37,1.50
2017.04.19 13:02:55.151,1.82797,1.82831,2.21,1.00
2017.04.19 13:02:55.748,1.82797,1.82832,2.21,1.00
2017.04.19 13:02:55.965,1.82798,1.82837,1.87,1.00
2017.04.19 13:02:58.462,1.82801,1.82837,1.87,1.50
2017.04.19 13:02:59.260,1.82798,1.82837,2.21,1.50
2017.04.19 13:03:01.217,1.82796,1.82837,2.21,1.50
2017.04.19 13:03:01.792,1.82796,1.82837,1.71,1.50
2017.04.19 13:03:02.832,1.82796,1.82836,1.71,1.00
2017.04.19 13:03:03.404,1.82798,1.82836,1.87,1.50
2017.04.19 13:03:10.811,1.82798,1.82837,1.87,1.00
2017.04.19 13:03:11.924,1.82799,1.82837,2.62,1.00
2017.04.19 13:03:15.348,1.82798,1.82837,1.87,1.00
2017.04.19 13:03:15.714,1.82803,1.82842,2.21,1.00
2017.04.19 13:03:16.411,1.82803,1.82843,2.96,1.00
2017.04.19 13:03:16.715,1.82807,1.82847,1.87,1.00
2017.04.19 13:03:17.308,1.82807,1.82846,1.87,1.00
2017.04.19 13:03:17.886,1.82806,1.82846,1.37,1.00
2017.04.19 13:03:17.988,1.82808,1.82849,1.87,1.50
2017.04.19 13:03:18.899,1.82806,1.82849,2.21,1.50
2017.04.19 13:03:18.950,1.82807,1.82848,1.87,1.00
2017.04.19 13:03:19.152,1.82806,1.82846,1.37,1.00
2017.04.19 13:03:20.893,1.82806,1.82846,1.37,1.00
2017.04.19 13:03:20.944,1.82807,1.82847,1.87,1.50
2017.04.19 13:03:21.562,1.8281,1.82847,2.62,1.00
2017.04.19 13:03:21.613,1.8281,1.8285,2.62,1.00
2017.04.19 13:03:21.714,1.82811,1.82852,1.37,1.00
2017.04.19 13:03:23.686,1.8281,1.82851,2.96,1.50
2017.04.19 13:03:24.281,1.82814,1.82851,1.87,1.50
2017.04.19 13:03:24.889,1.82814,1.82852,1.87,1.00
2017.04.19 13:03:26.469,1.82816,1.82852,1.87,1.00
2017.04.19 13:03:27.004,1.82814,1.82852,1.46,1.00
2017.04.19 13:03:27.761,1.82813,1.82853,2.96,1.00
2017.04.19 13:03:28.294,1.82813,1.82851,2.21,1.00
2017.04.19 13:03:30.674,1.82813,1.82854,2.21,1.00
2017.04.19 13:03:31.075,1.82813,1.82851,2.21,1.00
2017.04.19 13:03:31.380,1.82813,1.82853,2.21,1.00
2017.04.19 13:03:33.788,1.82813,1.82854,2.96,1.00
2017.04.19 13:03:40.797,1.82815,1.82855,1.71,1.00
2017.04.19 13:03:40.984,1.82817,1.8286,2.21,1.87
2017.04.19 13:03:41.035,1.8282,1.8286,1.34,1.12
2017.04.19 13:03:41.567,1.8282,1.8286,1.46,1.37
2017.04.19 13:03:41.902,1.82825,1.82866,1.34,1.87
2017.04.19 13:03:42.205,1.8283,1.82871,3.71,1.00
2017.04.19 13:03:42.507,1.82836,1.82873,1.09,1.00
2017.04.19 13:03:42.681,1.82836,1.82873,1.34,1.00
2017.04.19 13:03:43.056,1.82836,1.82873,1.09,1.00
2017.04.19 13:03:44.144,1.82836,1.82873,1.34,1.00
2017.04.19 13:03:44.490,1.8284,1.82879,1.00,2.62
2017.04.19 13:03:46.314,1.8284,1.82879,1.34,2.62
2017.04.19 13:03:46.415,1.82841,1.82879,1.34,1.00
2017.04.19 13:03:46.516,1.82843,1.8288,1.46,1.00
2017.04.19 13:03:46.719,1.82847,1.82883,1.00,1.00
2017.04.19 13:03:46.991,1.82847,1.82885,1.00,1.00
2017.04.19 13:03:47.654,1.82846,1.82885,1.12,1.00
2017.04.19 13:03:48.496,1.82851,1.82885,1.00,1.00
2017.04.19 13:03:48.597,1.82851,1.82891,1.00,1.87
2017.04.19 13:03:49.106,1.8285,1.82889,1.00,1.37
2017.04.19 13:03:51.137,1.8285,1.82889,1.00,1.37
2017.04.19 13:03:51.474,1.8285,1.82889,1.00,1.37
2017.04.19 13:03:52.936,1.82847,1.82888,1.00,1.37
2017.04.19 13:03:52.987,1.82847,1.82888,1.00,1.37
2017.04.19 13:03:53.311,1.82851,1.82894,1.84,3.37
2017.04.19 13:03:54.275,1.82855,1.82894,1.00,2.62
2017.04.19 13:03:55.717,1.82855,1.82893,1.34,1.37
2017.04.19 13:03:55.819,1.82859,1.82899,1.00,1.37
2017.04.19 13:03:56.122,1.82861,1.82902,1.00,2.62
2017.04.19 13:03:57.208,1.82861,1.82902,1.00,1.87
2017.04.19 13:03:57.480,1.82861,1.82901,1.00,1.37
2017.04.19 13:03:57.904,1.82861,1.82902,1.50,1.37
2017.04.19 13:03:58.239,1.82859,1.829,1.50,2.62
2017.04.19 13:03:59.768,1.8286,1.829,1.00,1.87
2017.04.19 13:04:00.392,1.82859,1.829,1.50,1.87
2017.04.19 13:04:01.861,1.82861,1.829,1.00,1.87
2017.04.19 13:04:02.609,1.82859,1.829,1.50,1.87
2017.04.19 13:04:03.306,1.82861,1.829,1.00,1.87
2017.04.19 13:04:04.176,1.8286,1.82901,1.00,1.37
2017.04.19 13:04:04.712,1.82864,1.82902,1.00,1.37
2017.04.19 13:04:05.249,1.82866,1.82902,1.00,1.37
2017.04.19 13:04:06.114,1.82864,1.82899,1.00,1.37
2017.04.19 13:04:06.165,1.82861,1.82899,1.00,1.71
2017.04.19 13:04:06.216,1.82856,1.82892,1.00,1.37
2017.04.19 13:04:06.267,1.82852,1.82892,1.00,1.37
2017.04.19 13:04:06.609,1.82857,1.82895,1.00,1.37
2017.04.19 13:04:06.660,1.82855,1.82893,1.00,1.37
2017.04.19 13:04:06.761,1.82852,1.82893,1.00,1.37
2017.04.19 13:04:06.862,1.82858,1.82892,1.00,1.00
2017.04.19 13:04:06.913,1.82856,1.82892,1.12,1.00
2017.04.19 13:04:06.964,1.82856,1.82897,1.00,1.37
2017.04.19 13:04:07.116,1.82854,1.82895,1.00,1.37
2017.04.19 13:04:07.318,1.82854,1.82892,1.00,1.00
2017.04.19 13:04:07.521,1.82861,1.82901,1.00,2.62
2017.04.19 13:04:08.502,1.82862,1.82902,1.00,1.37
2017.04.19 13:04:09.317,1.82863,1.82904,1.00,1.37
2017.04.19 13:04:10.840,1.82862,1.82903,1.00,2.62
2017.04.19 13:04:11.366,1.82862,1.82903,1.00,1.37
2017.04.19 13:04:11.885,1.82864,1.82903,1.00,1.37
2017.04.19 13:04:13.202,1.82863,1.82898,1.00,1.00
2017.04.19 13:04:13.433,1.82848,1.82889,1.00,1.37
2017.04.19 13:04:14.042,1.82848,1.82889,1.00,1.37
2017.04.19 13:04:14.351,1.82852,1.82891,1.00,1.37
2017.04.19 13:04:14.402,1.82854,1.82891,1.00,1.37
2017.04.19 13:04:14.952,1.82854,1.82894,1.00,1.12
2017.04.19 13:04:15.002,1.82856,1.82894,1.00,1.00
2017.04.19 13:04:15.343,1.82851,1.82891,1.00,1.37
2017.04.19 13:04:15.545,1.82849,1.82889,1.12,1.00
2017.04.19 13:04:15.596,1.82858,1.82889,1.00,1.00
2017.04.19 13:04:15.899,1.82865,1.82892,1.00,1.00
2017.04.19 13:04:15.950,1.82868,1.82898,1.00,1.00
2017.04.19 13:04:16.001,1.82868,1.82899,1.00,1.37
2017.04.19 13:04:16.052,1.82866,1.82899,1.00,1.37
2017.04.19 13:04:16.323,1.82869,1.82899,1.00,1.00
2017.04.19 13:04:16.477,1.82869,1.82902,1.50,1.37
2017.04.19 13:04:17.039,1.8287,1.82902,1.50,1.37
2017.04.19 13:04:17.432,1.8287,1.829,1.00,1.37
2017.04.19 13:04:17.823,1.82868,1.829,1.00,1.37
2017.04.19 13:04:18.352,1.82869,1.82898,1.50,1.37
2017.04.19 13:04:19.014,1.8287,1.829,1.50,1.37
2017.04.19 13:04:19.385,1.82872,1.829,1.00,1.37
2017.04.19 13:04:21.378,1.82872,1.82903,1.00,1.87
2017.04.19 13:04:21.819,1.82869,1.82899,1.00,1.87
2017.04.19 13:04:21.870,1.82861,1.82894,1.00,1.37
2017.04.19 13:04:21.921,1.82861,1.82894,1.00,1.37
2017.04.19 13:04:21.972,1.82859,1.82894,1.00,1.37
2017.04.19 13:04:22.022,1.82858,1.82892,1.50,2.62
2017.04.19 13:04:22.528,1.82857,1.8289,1.50,1.37
2017.04.19 13:04:23.279,1.82857,1.8289,1.50,1.37
2017.04.19 13:04:23.788,1.82854,1.8289,1.00,1.37
2017.04.19 13:04:26.425,1.82853,1.82889,1.00,1.37
2017.04.19 13:04:26.942,1.82852,1.82885,1.00,1.37
2017.04.19 13:04:27.506,1.82851,1.82885,1.50,1.37
2017.04.19 13:04:27.658,1.82857,1.82888,1.00,1.37
2017.04.19 13:04:27.708,1.8286,1.82888,1.00,1.12
2017.04.19 13:04:28.011,1.82864,1.82895,1.00,1.37
2017.04.19 13:04:28.213,1.82861,1.82895,1.50,1.37
2017.04.19 13:04:28.400,1.82861,1.82895,1.50,1.37
2017.04.19 13:04:28.504,1.82861,1.82895,1.50,1.37
2017.04.19 13:04:29.069,1.8286,1.82895,1.00,1.37
2017.04.19 13:04:29.912,1.82859,1.82888,1.00,1.37
2017.04.19 13:04:30.013,1.82854,1.82888,1.00,1.37
2017.04.19 13:04:30.537,1.82853,1.82888,1.00,1.37
2017.04.19 13:04:31.560,1.82853,1.82888,1.00,1.12
2017.04.19 13:04:32.157,1.82854,1.82889,1.00,1.37
2017.04.19 13:04:32.259,1.82852,1.82888,1.00,1.37
2017.04.19 13:04:32.360,1.82852,1.82887,1.00,1.37
2017.04.19 13:04:32.462,1.82847,1.82888,1.00,1.37
2017.04.19 13:04:32.513,1.82847,1.82888,1.84,1.00
2017.04.19 13:04:32.563,1.82855,1.82889,1.00,1.12
2017.04.19 13:04:32.867,1.82859,1.82895,1.00,1.87
2017.04.19 13:04:33.115,1.8286,1.82895,1.00,1.87
2017.04.19 13:04:33.433,1.82863,1.82895,1.00,1.00
2017.04.19 13:04:33.485,1.82867,1.829,1.00,1.87
2017.04.19 13:04:33.587,1.8287,1.82902,1.00,1.12
2017.04.19 13:04:33.891,1.82874,1.82906,1.00,1.37
2017.04.19 13:04:34.772,1.82874,1.82908,1.00,1.37
2017.04.19 13:04:35.427,1.82873,1.82909,1.00,1.37
2017.04.19 13:04:35.529,1.82873,1.82909,1.00,1.37
2017.04.19 13:04:35.614,1.82873,1.82911,1.00,1.37
2017.04.19 13:04:35.664,1.82878,1.82912,1.00,1.00
2017.04.19 13:04:35.970,1.82883,1.8292,1.00,1.87
2017.04.19 13:04:36.296,1.82885,1.82921,1.00,1.37
2017.04.19 13:04:36.650,1.82887,1.82919,1.00,1.37
2017.04.19 13:04:36.955,1.82881,1.8291,1.00,1.37
2017.04.19 13:04:37.157,1.82873,1.82907,1.00,1.37
2017.04.19 13:04:37.208,1.82873,1.82908,1.00,1.37
2017.04.19 13:04:37.259,1.82871,1.82908,1.00,1.37
2017.04.19 13:04:37.499,1.82871,1.8291,1.00,1.37
2017.04.19 13:04:37.550,1.82874,1.82913,1.00,1.37
2017.04.19 13:04:37.602,1.82874,1.82916,1.34,1.37
2017.04.19 13:04:37.655,1.82882,1.82916,1.00,1.12
2017.04.19 13:04:37.911,1.82887,1.82928,1.00,1.87
2017.04.19 13:04:37.963,1.82887,1.82925,1.00,1.37
2017.04.19 13:04:38.114,1.82884,1.82925,1.84,1.87
2017.04.19 13:04:38.165,1.82884,1.82924,1.84,1.37
2017.04.19 13:04:38.556,1.82883,1.82913,1.34,1.37
2017.04.19 13:04:38.607,1.82882,1.82914,1.00,1.37
2017.04.19 13:04:38.658,1.82879,1.82914,1.00,1.87
2017.04.19 13:04:39.164,1.8288,1.82913,1.00,1.87
2017.04.19 13:04:39.918,1.82882,1.82912,1.00,1.37
2017.04.19 13:04:40.297,1.82878,1.82912,1.00,1.37
2017.04.19 13:04:40.362,1.82878,1.82914,1.00,1.87
2017.04.19 13:04:40.463,1.82876,1.82912,1.00,1.37
2017.04.19 13:04:40.665,1.82876,1.82912,1.00,1.37
2017.04.19 13:04:41.212,1.82876,1.82913,1.00,1.37
2017.04.19 13:04:41.862,1.82877,1.82913,1.00,1.37
2017.04.19 13:04:43.209,1.82877,1.82913,1.00,1.37
2017.04.19 13:04:43.840,1.82879,1.82913,1.00,1.37
2017.04.19 13:04:44.042,1.82876,1.82915,1.00,1.87
2017.04.19 13:04:44.220,1.82874,1.82915,1.00,1.87
2017.04.19 13:04:44.324,1.82878,1.82915,1.00,1.87
2017.04.19 13:04:45.361,1.82878,1.82914,1.00,1.37
2017.04.19 13:04:45.412,1.82878,1.82916,1.34,1.37
2017.04.19 13:04:45.463,1.8288,1.82918,1.34,1.37
2017.04.19 13:04:45.564,1.8289,1.82924,1.00,1.37
2017.04.19 13:04:45.752,1.82893,1.82928,1.00,1.37
2017.04.19 13:04:46.297,1.82893,1.82928,1.00,1.37
2017.04.19 13:04:46.348,1.82895,1.82928,1.00,1.37
2017.04.19 13:04:46.651,1.82904,1.82936,1.00,1.37
2017.04.19 13:04:46.769,1.82901,1.82936,1.00,1.37
2017.04.19 13:04:47.316,1.82901,1.82937,1.00,1.37
2017.04.19 13:04:47.826,1.82902,1.82937,1.00,1.37
2017.04.19 13:04:47.877,1.82902,1.82931,1.00,1.37
2017.04.19 13:04:47.928,1.82894,1.82931,1.00,1.37
2017.04.19 13:04:48.029,1.82895,1.82932,1.00,1.37
2017.04.19 13:04:48.130,1.82891,1.82931,1.50,1.37
2017.04.19 13:04:48.634,1.82891,1.82931,1.50,1.37
2017.04.19 13:04:48.685,1.82891,1.82929,1.00,1.37
2017.04.19 13:04:49.310,1.8289,1.82927,1.00,1.37
2017.04.19 13:04:49.960,1.8289,1.82926,1.00,1.37
2017.04.19 13:04:50.366,1.82892,1.82925,1.00,1.37
2017.04.19 13:04:50.700,1.82892,1.82925,1.00,1.37
2017.04.19 13:04:50.751,1.82889,1.82924,1.00,1.37
2017.04.19 13:04:50.802,1.82889,1.82915,1.00,1.00
2017.04.19 13:04:50.852,1.82885,1.82918,1.50,1.00
2017.04.19 13:04:50.903,1.82885,1.82914,1.50,1.00
2017.04.19 13:04:51.055,1.82881,1.82917,1.00,1.37
2017.04.19 13:04:51.106,1.82881,1.82916,1.00,1.37
2017.04.19 13:04:51.258,1.82878,1.82916,1.00,1.87
2017.04.19 13:04:51.645,1.8288,1.82914,1.00,1.37
2017.04.19 13:04:51.848,1.82876,1.82913,1.00,1.37
2017.04.19 13:04:51.899,1.82876,1.82913,1.00,1.37
2017.04.19 13:04:52.215,1.82876,1.82911,1.00,1.37
2017.04.19 13:04:52.417,1.82876,1.82912,1.00,1.37
2017.04.19 13:04:52.468,1.82878,1.82913,1.00,1.37
2017.04.19 13:04:52.770,1.8288,1.82907,1.00,1.37
2017.04.19 13:04:52.872,1.82872,1.82906,1.00,1.37
2017.04.19 13:04:52.923,1.8287,1.82905,1.00,1.37
2017.04.19 13:04:53.024,1.8287,1.82905,1.00,1.87
2017.04.19 13:04:53.125,1.8287,1.82905,1.00,1.87
2017.04.19 13:04:53.176,1.82873,1.82904,1.00,1.37
2017.04.19 13:04:53.378,1.82871,1.82904,1.00,1.37
2017.04.19 13:04:53.559,1.8288,1.82907,1.00,1.37
2017.04.19 13:04:53.612,1.8288,1.8291,1.00,1.37
2017.04.19 13:04:54.011,1.82879,1.82905,1.00,1.37
2017.04.19 13:04:54.062,1.82874,1.82903,1.00,1.37
2017.04.19 13:04:54.113,1.82874,1.82904,1.00,1.87
2017.04.19 13:04:54.164,1.82871,1.82904,1.00,1.87
2017.04.19 13:04:54.215,1.82871,1.82904,1.00,1.87
2017.04.19 13:04:54.350,1.82869,1.82903,1.00,1.87
2017.04.19 13:04:54.653,1.82868,1.82901,1.00,1.87
2017.04.19 13:04:55.065,1.82867,1.82899,1.00,1.87
2017.04.19 13:04:55.216,1.82867,1.82899,1.00,1.87
2017.04.19 13:04:55.267,1.82864,1.82899,1.00,1.37
2017.04.19 13:04:55.318,1.82864,1.82902,1.00,1.37
2017.04.19 13:04:55.369,1.82866,1.82902,1.00,1.37
2017.04.19 13:04:55.672,1.82871,1.82907,1.00,1.87
2017.04.19 13:04:55.824,1.82871,1.82907,1.00,1.37
2017.04.19 13:04:55.925,1.82872,1.82905,1.00,1.37
2017.04.19 13:04:56.077,1.82869,1.82901,1.00,1.37
2017.04.19 13:04:56.371,1.82867,1.82901,1.00,1.37
2017.04.19 13:04:57.570,1.82866,1.82901,1.00,1.37
2017.04.19 13:04:58.138,1.82867,1.82901,1.00,1.37
2017.04.19 13:04:58.668,1.82863,1.829,1.00,1.37
2017.04.19 13:04:58.769,1.82863,1.829,1.00,1.37
2017.04.19 13:04:59.616,1.82864,1.82898,1.00,1.37
2017.04.19 13:04:59.935,1.82864,1.82893,1.00,1.37
2017.04.19 13:04:59.985,1.8286,1.82891,1.00,1.37
2017.04.19 13:05:00.086,1.82857,1.82891,1.00,1.37
2017.04.19 13:05:00.436,1.82855,1.82891,1.00,1.37
2017.04.19 13:05:01.047,1.82855,1.8289,1.00,1.37
2017.04.19 13:05:01.942,1.82853,1.82889,1.00,1.37
2017.04.19 13:05:02.443,1.82855,1.82889,1.00,1.37
2017.04.19 13:05:02.494,1.82855,1.82889,1.00,1.37
2017.04.19 13:05:03.071,1.82857,1.82889,1.00,1.37
2017.04.19 13:05:05.189,1.82856,1.82888,1.00,1.37
2017.04.19 13:05:05.290,1.82853,1.82887,1.00,1.37
2017.04.19 13:05:05.675,1.82853,1.82886,1.00,1.37
2017.04.19 13:05:05.879,1.82851,1.82886,1.00,1.37
2017.04.19 13:05:06.548,1.82853,1.82886,1.00,1.37
2017.04.19 13:05:06.599,1.82853,1.82884,1.00,1.37
2017.04.19 13:05:06.754,1.8285,1.82883,1.00,1.37
2017.04.19 13:05:07.154,1.82848,1.82883,1.00,1.37
2017.04.19 13:05:07.349,1.8285,1.82883,1.00,1.37
2017.04.19 13:05:07.981,1.8285,1.82883,1.00,1.37
2017.04.19 13:05:08.361,1.8285,1.82883,1.00,1.37
2017.04.19 13:05:09.615,1.82851,1.82883,1.00,1.37
2017.04.19 13:05:11.428,1.8285,1.82891,1.00,1.37
2017.04.19 13:05:12.108,1.82851,1.82892,1.00,1.37
2017.04.19 13:05:12.210,1.82851,1.82892,1.50,1.37
2017.04.19 13:05:12.261,1.82852,1.82891,1.00,1.37
2017.04.19 13:05:12.362,1.82852,1.82891,1.00,1.37
2017.04.19 13:05:12.565,1.8285,1.82892,1.00,1.37
2017.04.19 13:05:15.224,1.82852,1.82893,1.00,1.37
2017.04.19 13:05:15.857,1.82851,1.82893,1.00,1.87
2017.04.19 13:05:16.077,1.82849,1.82888,1.00,1.37
2017.04.19 13:05:17.208,1.82849,1.82885,1.00,1.37
2017.04.19 13:05:17.962,1.82848,1.82883,1.00,1.37
2017.04.19 13:05:18.544,1.82848,1.82882,1.00,1.37
2017.04.19 13:05:18.863,1.82845,1.82881,1.00,1.37
2017.04.19 13:05:20.823,1.82845,1.82877,1.00,1.37
2017.04.19 13:05:21.127,1.8284,1.82875,1.00,1.37
2017.04.19 13:05:21.302,1.8284,1.82879,1.00,1.87
2017.04.19 13:05:21.403,1.82842,1.82878,1.00,1.37
2017.04.19 13:05:21.706,1.82844,1.82882,1.00,1.87
2017.04.19 13:05:22.316,1.82845,1.82882,1.00,1.87
2017.04.19 13:05:23.305,1.82845,1.82878,1.00,1.37
2017.04.19 13:05:23.507,1.82834,1.82866,1.00,1.37
2017.04.19 13:05:23.608,1.82829,1.82867,1.00,1.37
2017.04.19 13:05:23.942,1.82829,1.82867,1.00,1.87
2017.04.19 13:05:24.094,1.82829,1.82863,1.00,1.37
2017.04.19 13:05:24.195,1.82825,1.82863,1.50,1.37
2017.04.19 13:05:24.397,1.82829,1.82863,1.00,1.37
2017.04.19 13:05:25.385,1.82827,1.82864,1.00,1.87
2017.04.19 13:05:25.486,1.8283,1.82863,1.00,1.37
2017.04.19 13:05:25.587,1.82828,1.82864,1.00,1.37
2017.04.19 13:05:25.890,1.82825,1.82865,1.00,1.87
2017.04.19 13:05:30.098,1.82828,1.82864,1.00,1.37
2017.04.19 13:05:33.096,1.82831,1.82866,1.00,1.37
2017.04.19 13:05:33.479,1.82834,1.82868,1.00,1.37
2017.04.19 13:05:37.346,1.82831,1.8286,1.00,1.37
2017.04.19 13:05:37.397,1.82829,1.8286,1.00,1.37
2017.04.19 13:05:37.724,1.82825,1.82858,1.00,1.37
2017.04.19 13:05:38.404,1.82824,1.82858,1.00,1.37
2017.04.19 13:05:39.375,1.82824,1.82858,1.00,1.37
2017.04.19 13:05:39.629,1.82826,1.8286,1.00,1.37
2017.04.19 13:05:40.155,1.82827,1.82862,1.00,1.37
2017.04.19 13:05:41.090,1.82829,1.82861,1.00,1.37
2017.04.19 13:05:44.107,1.82829,1.82861,1.00,1.87
2017.04.19 13:05:46.199,1.82829,1.8286,1.00,1.37
2017.04.19 13:05:46.250,1.82829,1.8286,1.00,1.37
2017.04.19 13:05:46.783,1.82828,1.8286,1.00,1.37
2017.04.19 13:05:46.973,1.82828,1.82858,1.00,1.37
2017.04.19 13:05:47.024,1.82826,1.82856,1.00,1.12
2017.04.19 13:05:53.287,1.82826,1.82858,1.00,1.87
2017.04.19 13:05:53.810,1.82827,1.82859,1.00,1.87
2017.04.19 13:05:55.102,1.82827,1.82857,1.00,1.37
2017.04.19 13:05:55.254,1.82823,1.82857,1.00,1.37
2017.04.19 13:05:55.334,1.82823,1.82857,1.00,1.37
2017.04.19 13:05:55.536,1.8282,1.82857,1.00,1.87
2017.04.19 13:05:56.095,1.8282,1.82857,1.34,1.87
2017.04.19 13:05:56.146,1.82823,1.82857,1.00,1.87
2017.04.19 13:05:59.345,1.82823,1.82859,1.00,1.37
2017.04.19 13:06:01.890,1.82823,1.82862,1.00,1.37
2017.04.19 13:06:02.846,1.82824,1.82863,1.00,1.37
2017.04.19 13:06:03.792,1.82824,1.82856,1.00,1.37
2017.04.19 13:06:03.842,1.82818,1.82856,1.00,1.37
2017.04.19 13:06:03.944,1.82817,1.82853,1.00,1.37
2017.04.19 13:06:04.045,1.82814,1.82853,1.00,1.37
2017.04.19 13:06:04.096,1.82814,1.82852,1.00,1.37
2017.04.19 13:06:04.248,1.82811,1.82851,1.34,1.37
2017.04.19 13:06:04.727,1.82814,1.82852,1.00,1.37
2017.04.19 13:06:05.618,1.82813,1.82852,1.00,1.37
2017.04.19 13:06:06.133,1.82814,1.8285,1.00,1.37
2017.04.19 13:06:06.318,1.82812,1.8285,1.09,1.37
2017.04.19 13:06:10.172,1.82812,1.82851,1.00,1.37
2017.04.19 13:06:12.015,1.82812,1.82851,1.00,1.37
2017.04.19 13:06:12.661,1.82811,1.82851,1.00,1.37
2017.04.19 13:06:13.805,1.82811,1.82852,1.09,1.87
2017.04.19 13:06:13.964,1.82817,1.82856,1.00,1.37
2017.04.19 13:06:14.015,1.82819,1.82856,1.00,1.37
2017.04.19 13:06:14.066,1.82821,1.82856,1.00,1.37
2017.04.19 13:06:14.369,1.82824,1.82865,2.25,1.37
2017.04.19 13:06:14.672,1.82821,1.8286,1.00,1.37
2017.04.19 13:06:15.210,1.82822,1.82858,1.00,1.37
2017.04.19 13:06:16.848,1.82819,1.82858,1.00,1.37
2017.04.19 13:06:16.949,1.82817,1.82858,1.00,1.37
2017.04.19 13:06:17.454,1.82818,1.82855,1.00,1.37
2017.04.19 13:06:19.124,1.82818,1.82858,1.00,1.46
2017.04.19 13:06:20.605,1.82817,1.82858,1.00,1.37
2017.04.19 13:06:20.656,1.82819,1.82858,1.00,1.37
2017.04.19 13:06:22.870,1.82821,1.82858,1.00,1.37
2017.04.19 13:06:23.074,1.82821,1.82858,1.50,1.37
2017.04.19 13:06:25.627,1.82824,1.82859,1.00,1.46
2017.04.19 13:06:26.150,1.82823,1.82859,1.00,1.37
2017.04.19 13:06:26.488,1.82817,1.82846,1.00,1.37
2017.04.19 13:06:26.539,1.82816,1.82846,1.00,1.37
2017.04.19 13:06:26.590,1.82819,1.82851,1.00,1.37
2017.04.19 13:06:26.830,1.82818,1.82851,1.00,1.37
2017.04.19 13:06:27.032,1.8282,1.82852,1.00,1.37
2017.04.19 13:06:27.366,1.8282,1.82855,1.00,1.37
2017.04.19 13:06:28.071,1.82819,1.82854,1.50,1.37
2017.04.19 13:06:28.121,1.82819,1.82854,1.00,1.37
2017.04.19 13:06:28.323,1.82819,1.82852,1.00,1.37
2017.04.19 13:06:28.751,1.82828,1.82858,1.00,1.37
2017.04.19 13:06:28.802,1.82828,1.82858,1.00,1.37
2017.04.19 13:06:28.853,1.82828,1.82864,1.00,1.37
2017.04.19 13:06:28.904,1.82834,1.82864,1.00,1.00
2017.04.19 13:06:29.034,1.82839,1.82864,1.00,1.00
2017.04.19 13:06:29.338,1.82841,1.82879,1.00,2.25
2017.04.19 13:06:29.735,1.82839,1.82879,1.00,2.25
2017.04.19 13:06:30.326,1.82838,1.82875,1.00,1.37
2017.04.19 13:06:30.835,1.82836,1.82875,1.00,1.46
2017.04.19 13:06:30.937,1.82836,1.82872,1.50,1.37
2017.04.19 13:06:31.271,1.82838,1.8287,1.00,1.37
2017.04.19 13:06:31.574,1.82841,1.82873,1.00,1.37
2017.04.19 13:06:31.625,1.82841,1.82873,1.00,1.37
2017.04.19 13:06:32.153,1.82842,1.82876,1.50,1.37
2017.04.19 13:06:33.612,1.82851,1.82876,1.00,1.37
2017.04.19 13:06:33.713,1.82852,1.82879,1.00,1.12
2017.04.19 13:06:33.764,1.82852,1.82887,1.00,1.37
2017.04.19 13:06:33.815,1.82857,1.82887,1.00,1.37
2017.04.19 13:06:33.865,1.82864,1.82887,1.00,1.00
2017.04.19 13:06:33.917,1.82862,1.82887,1.00,1.37
2017.04.19 13:06:34.018,1.82859,1.82891,1.00,1.37
2017.04.19 13:06:34.069,1.82862,1.82896,1.50,1.37
2017.04.19 13:06:34.363,1.82856,1.8289,1.00,1.37
2017.04.19 13:06:35.257,1.82855,1.82889,1.00,1.37
2017.04.19 13:06:35.799,1.82856,1.82892,1.00,1.71
2017.04.19 13:06:35.900,1.82854,1.82892,1.00,1.71
2017.04.19 13:06:36.639,1.82854,1.82891,1.00,1.37
2017.04.19 13:06:37.054,1.82856,1.82893,1.00,1.37
2017.04.19 13:06:37.426,1.82853,1.8289,1.00,1.87
2017.04.19 13:06:37.528,1.82851,1.82886,1.00,2.21
2017.04.19 13:06:37.578,1.82844,1.8288,1.00,1.37
2017.04.19 13:06:37.885,1.82842,1.82877,1.00,1.37
2017.04.19 13:06:38.414,1.82841,1.82876,1.00,1.37
2017.04.19 13:06:40.045,1.82837,1.82876,1.00,1.71
2017.04.19 13:06:40.197,1.82834,1.82874,1.00,3.71
2017.04.19 13:06:40.298,1.82826,1.82866,1.50,1.71
2017.04.19 13:06:40.857,1.82833,1.82859,1.00,1.00
2017.04.19 13:06:41.009,1.82836,1.8287,1.00,1.37
2017.04.19 13:06:41.060,1.82838,1.82873,1.00,1.37
2017.04.19 13:06:41.212,1.82839,1.82871,1.00,1.37
2017.04.19 13:06:41.717,1.82839,1.82876,1.00,1.46
2017.04.19 13:06:41.818,1.82837,1.82876,1.00,1.37
2017.04.19 13:06:41.919,1.82836,1.82873,1.00,1.71
2017.04.19 13:06:41.970,1.82833,1.82868,1.00,1.37
2017.04.19 13:06:42.669,1.82832,1.82866,1.00,1.37
2017.04.19 13:06:43.744,1.82831,1.82866,1.00,1.37
2017.04.19 13:06:44.100,1.8283,1.82866,1.00,1.37
2017.04.19 13:06:44.151,1.82828,1.82866,1.00,1.46
2017.04.19 13:06:44.202,1.82827,1.82864,1.00,1.37
2017.04.19 13:06:44.726,1.82826,1.82862,1.00,1.37
2017.04.19 13:06:54.289,1.82827,1.82862,1.00,1.37
2017.04.19 13:06:54.390,1.82828,1.82865,1.00,1.37
2017.04.19 13:06:54.491,1.8283,1.82868,1.00,1.87
2017.04.19 13:06:54.592,1.8283,1.82868,1.00,1.87
2017.04.19 13:06:55.305,1.8283,1.82868,1.00,1.37
2017.04.19 13:06:57.159,1.82831,1.82868,1.00,1.37
2017.04.19 13:06:58.443,1.8283,1.82868,1.00,1.37
2017.04.19 13:06:58.494,1.82832,1.82868,1.00,1.37
2017.04.19 13:06:58.937,1.82834,1.82868,1.00,1.37
2017.04.19 13:06:59.038,1.82835,1.8287,1.00,1.37
2017.04.19 13:06:59.559,1.82836,1.82872,1.50,1.37
2017.04.19 13:07:01.324,1.82842,1.82876,1.00,1.37
2017.04.19 13:07:01.628,1.82847,1.82883,1.00,1.37
2017.04.19 13:07:01.933,1.82857,1.82891,1.00,2.21
2017.04.19 13:07:02.237,1.82857,1.82888,1.50,2.21
2017.04.19 13:07:02.288,1.82857,1.82889,1.00,2.21
2017.04.19 13:07:03.233,1.82857,1.82891,1.00,2.21
2017.04.19 13:07:04.069,1.82857,1.82892,1.00,2.21
2017.04.19 13:07:04.120,1.82857,1.82892,1.00,1.37
2017.04.19 13:07:04.544,1.82855,1.82895,1.00,1.71
2017.04.19 13:07:04.645,1.82857,1.82895,1.00,1.37
2017.04.19 13:07:04.961,1.82868,1.82895,1.00,1.37
2017.04.19 13:07:05.012,1.8287,1.82897,1.00,1.37
2017.04.19 13:07:05.123,1.82866,1.82899,1.50,1.37
2017.04.19 13:07:05.174,1.82866,1.82899,1.09,1.00
2017.04.19 13:07:05.225,1.8287,1.82905,1.00,1.00
2017.04.19 13:07:05.276,1.8287,1.82909,1.00,1.37
2017.04.19 13:07:05.328,1.82869,1.82906,1.37,1.00
2017.04.19 13:07:05.458,1.82872,1.82909,1.00,1.00
2017.04.19 13:07:05.510,1.82862,1.82904,1.84,1.87
2017.04.19 13:07:05.560,1.82863,1.82906,1.71,2.62
2017.04.19 13:07:05.662,1.82866,1.82906,1.12,1.00
2017.04.19 13:07:05.712,1.82868,1.82907,1.00,1.00
2017.04.19 13:07:06.266,1.82869,1.8291,1.12,1.37
2017.04.19 13:07:07.153,1.82869,1.8291,1.00,1.37
2017.04.19 13:07:07.956,1.82872,1.82908,1.00,1.37
2017.04.19 13:07:08.609,1.82871,1.82909,1.00,1.37
2017.04.19 13:07:08.710,1.82873,1.8291,1.87,1.00
2017.04.19 13:07:08.912,1.82873,1.82909,1.00,1.37
2017.04.19 13:07:09.014,1.82871,1.82908,1.00,1.12
2017.04.19 13:07:09.416,1.82871,1.82906,1.00,1.00
2017.04.19 13:07:09.997,1.82871,1.82907,1.00,1.00
2017.04.19 13:07:10.098,1.82869,1.82907,1.00,1.37
2017.04.19 13:07:10.410,1.82869,1.82904,1.00,1.00
2017.04.19 13:07:10.916,1.82868,1.82903,1.00,1.00
2017.04.19 13:07:11.726,1.82865,1.82905,1.50,1.37
2017.04.19 13:07:13.537,1.82865,1.82903,1.00,1.37
2017.04.19 13:07:13.638,1.82864,1.82901,1.00,2.62
2017.04.19 13:07:13.740,1.82862,1.82901,1.00,2.62
2017.04.19 13:07:13.841,1.82863,1.82899,1.00,1.87
2017.04.19 13:07:14.746,1.82861,1.82898,1.50,1.37
2017.04.19 13:07:15.157,1.82859,1.82898,1.50,1.37
2017.04.19 13:07:15.617,1.82865,1.82901,1.34,1.00
2017.04.19 13:07:15.719,1.82869,1.82905,1.00,1.00
2017.04.19 13:07:15.820,1.82869,1.82909,1.00,1.37
2017.04.19 13:07:15.871,1.82873,1.82909,1.00,1.12
2017.04.19 13:07:16.492,1.82872,1.82913,1.00,1.37
2017.04.19 13:07:17.036,1.82873,1.82908,1.00,1.00
2017.04.19 13:07:18.000,1.82874,1.82911,1.00,1.37
2017.04.19 13:07:20.520,1.82871,1.82911,1.00,1.37
2017.04.19 13:07:20.704,1.8287,1.8291,1.00,1.87
2017.04.19 13:07:20.755,1.82867,1.82907,1.12,1.37
2017.04.19 13:07:20.806,1.82867,1.829,1.00,1.87
2017.04.19 13:07:20.907,1.82858,1.82898,1.00,1.37
2017.04.19 13:07:21.008,1.82854,1.82892,1.00,1.12
2017.04.19 13:07:21.059,1.82854,1.82892,1.00,1.37
2017.04.19 13:07:21.458,1.82852,1.82891,1.00,1.37
2017.04.19 13:07:22.204,1.82852,1.82889,1.00,1.00
2017.04.19 13:07:22.430,1.8285,1.82889,1.12,1.00
2017.04.19 13:07:23.037,1.82853,1.82889,1.00,1.00
2017.04.19 13:07:24.859,1.82854,1.82889,1.00,1.00
2017.04.19 13:07:25.213,1.82853,1.82887,1.00,1.00
2017.04.19 13:07:25.503,1.82848,1.82887,1.12,1.00
2017.04.19 13:07:25.555,1.82847,1.82885,1.00,1.12
2017.04.19 13:07:25.885,1.8285,1.82885,1.00,1.12
2017.04.19 13:07:27.395,1.82853,1.82885,1.00,1.00
2017.04.19 13:07:27.445,1.82853,1.82888,1.00,1.12
2017.04.19 13:07:31.072,1.82856,1.82888,1.00,1.12
2017.04.19 13:07:31.719,1.82859,1.8289,1.00,1.00
2017.04.19 13:07:31.821,1.82862,1.82895,1.00,1.00
2017.04.19 13:07:31.872,1.82864,1.82895,1.00,1.00
2017.04.19 13:07:31.923,1.82864,1.82898,1.50,1.00
2017.04.19 13:07:31.974,1.82867,1.82898,1.00,1.00
2017.04.19 13:07:32.227,1.82864,1.82898,1.50,1.00
2017.04.19 13:07:32.429,1.82863,1.82897,1.50,1.37
2017.04.19 13:07:32.752,1.82861,1.82896,1.00,1.37
2017.04.19 13:07:34.006,1.82862,1.82896,1.00,1.00
2017.04.19 13:07:34.523,1.82861,1.82896,1.00,1.37
2017.04.19 13:07:35.559,1.82862,1.82896,1.00,1.00
2017.04.19 13:07:36.085,1.82863,1.82896,1.00,1.00
2017.04.19 13:07:36.230,1.82863,1.82898,1.00,1.00
2017.04.19 13:07:37.286,1.82865,1.82898,1.50,1.00
2017.04.19 13:07:37.590,1.82877,1.82911,1.00,1.37
2017.04.19 13:07:37.893,1.82889,1.82918,1.00,1.00
2017.04.19 13:07:37.944,1.82891,1.82925,1.00,1.12
2017.04.19 13:07:38.176,1.82891,1.82923,1.50,1.00
2017.04.19 13:07:38.328,1.82891,1.82925,1.50,1.12
2017.04.19 13:07:38.429,1.82893,1.82925,1.00,1.00
2017.04.19 13:07:38.631,1.82891,1.82925,1.50,1.37
2017.04.19 13:07:39.165,1.82892,1.82925,1.00,1.37
2017.04.19 13:07:39.266,1.82899,1.82925,1.00,1.00
2017.04.19 13:07:39.367,1.82903,1.82934,1.00,1.00
2017.04.19 13:07:39.469,1.82905,1.82938,1.00,1.00
2017.04.19 13:07:39.721,1.82907,1.82939,1.00,1.00
2017.04.19 13:07:40.263,1.82905,1.82935,1.00,1.00
2017.04.19 13:07:40.834,1.82904,1.82936,1.50,1.00
2017.04.19 13:07:41.166,1.82913,1.82939,1.00,1.00
2017.04.19 13:07:41.268,1.82914,1.82945,1.00,1.00
2017.04.19 13:07:41.419,1.82912,1.82945,1.00,1.37
2017.04.19 13:07:41.471,1.8291,1.82942,1.00,1.37
2017.04.19 13:07:41.522,1.82907,1.82942,1.00,1.37
2017.04.19 13:07:41.687,1.82905,1.82939,1.00,1.00
2017.04.19 13:07:41.738,1.82905,1.82937,1.00,1.00
2017.04.19 13:07:42.049,1.82905,1.82935,1.00,1.00
2017.04.19 13:07:42.726,1.82907,1.82935,1.00,1.00
2017.04.19 13:07:42.777,1.82905,1.82938,1.50,1.00
2017.04.19 13:07:42.879,1.82911,1.82938,1.00,1.00
2017.04.19 13:07:42.980,1.8291,1.82941,1.00,1.00
2017.04.19 13:07:43.031,1.82909,1.82941,1.00,1.37
2017.04.19 13:07:43.233,1.82903,1.82935,1.00,1.37
2017.04.19 13:07:43.742,1.82902,1.82935,1.00,1.37
2017.04.19 13:07:44.022,1.82902,1.82935,1.00,1.37
2017.04.19 13:07:44.225,1.82907,1.8294,1.00,1.37
2017.04.19 13:07:44.275,1.82909,1.8294,1.00,1.12
2017.04.19 13:07:44.377,1.82911,1.82943,1.00,1.00
2017.04.19 13:07:44.927,1.82912,1.82945,1.00,1.37
2017.04.19 13:07:45.376,1.82908,1.82944,1.00,1.87
2017.04.19 13:07:48.113,1.82908,1.8294,1.00,1.87
2017.04.19 13:07:48.164,1.82903,1.8294,1.00,1.87
2017.04.19 13:07:48.214,1.82903,1.82933,1.00,1.87
2017.04.19 13:07:48.265,1.829,1.82932,1.00,1.87
2017.04.19 13:07:48.366,1.82896,1.82928,1.00,1.37
2017.04.19 13:07:48.635,1.82895,1.8293,1.00,1.00
2017.04.19 13:07:48.686,1.82895,1.82928,1.00,1.00
2017.04.19 13:07:49.208,1.82896,1.82928,1.50,1.00
2017.04.19 13:07:49.643,1.829,1.82933,1.50,1.12
2017.04.19 13:07:50.160,1.82899,1.82933,1.50,1.12
2017.04.19 13:07:50.261,1.82898,1.8293,1.50,1.00
2017.04.19 13:07:50.644,1.829,1.8293,1.00,1.00
2017.04.19 13:07:51.596,1.829,1.8293,1.50,1.37
2017.04.19 13:07:52.099,1.82901,1.82933,1.50,2.62
2017.04.19 13:07:53.257,1.82901,1.82933,1.50,1.37
2017.04.19 13:07:54.866,1.82901,1.82933,1.00,1.87
2017.04.19 13:07:57.997,1.82901,1.82933,1.00,1.12
2017.04.19 13:07:58.590,1.829,1.82933,1.50,1.00
2017.04.19 13:08:00.252,1.829,1.82934,1.50,1.12
2017.04.19 13:08:00.780,1.82901,1.82933,1.00,1.00
2017.04.19 13:08:02.062,1.82902,1.82933,1.00,1.00
2017.04.19 13:08:02.677,1.82902,1.82935,1.00,1.37
2017.04.19 13:08:03.356,1.82903,1.82933,1.00,1.00
2017.04.19 13:08:04.062,1.82902,1.82935,1.00,1.37
2017.04.19 13:08:04.933,1.82902,1.82936,1.50,1.37
2017.04.19 13:08:04.984,1.82893,1.82932,1.00,1.87
2017.04.19 13:08:05.034,1.82893,1.82924,1.00,1.87
2017.04.19 13:08:05.085,1.82888,1.82923,1.00,1.37
2017.04.19 13:08:05.186,1.82888,1.82923,1.00,1.37
2017.04.19 13:08:05.237,1.82888,1.82923,1.50,1.37
2017.04.19 13:08:06.936,1.82887,1.82924,1.00,1.87
2017.04.19 13:08:07.461,1.82888,1.82925,1.00,1.37
2017.04.19 13:08:07.511,1.82886,1.82924,1.50,1.87
2017.04.19 13:08:07.815,1.82888,1.82927,1.00,1.87
2017.04.19 13:08:08.925,1.82888,1.82924,1.50,1.87
2017.04.19 13:08:09.026,1.82888,1.82926,1.00,1.37
2017.04.19 13:08:09.581,1.82889,1.82929,1.00,2.62
2017.04.19 13:08:10.672,1.82889,1.82929,1.00,1.37
2017.04.19 13:08:10.722,1.82891,1.82929,1.50,1.37
2017.04.19 13:08:10.925,1.82889,1.82929,1.00,1.37
2017.04.19 13:08:10.976,1.82893,1.82929,1.00,1.37
2017.04.19 13:08:11.128,1.82889,1.82929,1.50,1.37
2017.04.19 13:08:11.180,1.82899,1.82931,1.00,2.62
2017.04.19 13:08:11.281,1.82896,1.82931,1.00,2.62
2017.04.19 13:08:11.332,1.82895,1.82931,1.00,1.37
2017.04.19 13:08:11.383,1.82898,1.82934,1.00,2.62
2017.04.19 13:08:11.434,1.82899,1.82934,1.00,1.37
2017.04.19 13:08:11.961,1.82898,1.82937,1.00,1.87
2017.04.19 13:08:13.381,1.82897,1.82937,1.00,1.87
2017.04.19 13:08:13.483,1.82897,1.82934,1.00,1.87
2017.04.19 13:08:14.026,1.82898,1.82933,1.50,1.37
2017.04.19 13:08:14.128,1.829,1.82935,1.00,1.37
2017.04.19 13:08:14.179,1.82902,1.82938,1.00,1.37
2017.04.19 13:08:14.482,1.82901,1.82937,1.00,1.87
2017.04.19 13:08:14.862,1.82899,1.82937,1.00,1.87
2017.04.19 13:08:14.992,1.829,1.82935,1.00,1.37
2017.04.19 13:08:15.395,1.829,1.82936,1.00,1.87
2017.04.19 13:08:15.549,1.829,1.82937,1.00,1.37
2017.04.19 13:08:15.886,1.829,1.82936,1.50,1.87
2017.04.19 13:08:16.038,1.829,1.82937,1.50,1.37
2017.04.19 13:08:16.621,1.829,1.82938,1.00,1.87
2017.04.19 13:08:16.912,1.829,1.8293,1.00,1.87
2017.04.19 13:08:16.963,1.82893,1.82924,1.00,1.87
2017.04.19 13:08:17.014,1.8289,1.82924,1.00,1.87
2017.04.19 13:08:17.065,1.82887,1.82921,1.00,1.87
2017.04.19 13:08:17.318,1.82885,1.82921,1.00,1.87
2017.04.19 13:08:17.676,1.82885,1.82922,1.00,1.37
2017.04.19 13:08:18.479,1.82886,1.82922,1.50,1.37
2017.04.19 13:08:18.530,1.82887,1.82922,1.50,1.37
2017.04.19 13:08:18.601,1.82889,1.82922,1.00,1.37
2017.04.19 13:08:18.905,1.82905,1.82938,1.00,1.00
2017.04.19 13:08:18.955,1.82914,1.8294,1.00,1.00
2017.04.19 13:08:19.006,1.8291,1.82943,1.00,1.00
2017.04.19 13:08:19.108,1.82917,1.82948,1.00,1.37
2017.04.19 13:08:19.260,1.8292,1.82953,1.00,1.00
2017.04.19 13:08:19.361,1.8292,1.82955,1.00,1.00
2017.04.19 13:08:19.664,1.82917,1.82957,1.50,1.75
2017.04.19 13:08:20.060,1.82919,1.82955,1.00,1.12
2017.04.19 13:08:20.404,1.82918,1.82951,1.50,1.00
2017.04.19 13:08:20.989,1.82918,1.82953,1.00,1.37
2017.04.19 13:08:21.501,1.82921,1.82953,1.00,1.00
2017.04.19 13:08:21.944,1.82925,1.82956,1.00,1.00
2017.04.19 13:08:22.128,1.82921,1.82956,1.50,1.00
2017.04.19 13:08:22.229,1.82921,1.82954,1.50,1.00
2017.04.19 13:08:23.911,1.8292,1.82954,1.50,1.00
2017.04.19 13:08:24.327,1.8292,1.82954,1.50,1.37
2017.04.19 13:08:24.479,1.82918,1.82954,1.00,1.37
2017.04.19 13:08:24.530,1.82917,1.82945,1.00,2.21
2017.04.19 13:08:24.631,1.82905,1.82934,1.00,1.37
2017.04.19 13:08:24.732,1.82901,1.82933,1.00,1.37
2017.04.19 13:08:24.834,1.82901,1.8293,1.00,1.87
2017.04.19 13:08:25.036,1.8289,1.82924,1.00,1.00
2017.04.19 13:08:25.790,1.82891,1.82923,1.00,1.12
2017.04.19 13:08:26.962,1.82889,1.82923,1.50,1.00
2017.04.19 13:08:27.013,1.82889,1.82921,1.50,1.00
2017.04.19 13:08:27.559,1.82884,1.8292,1.00,1.00
2017.04.19 13:08:27.609,1.82883,1.82918,1.00,1.37
2017.04.19 13:08:27.660,1.82879,1.82918,1.50,1.37
2017.04.19 13:08:27.711,1.8288,1.82911,1.00,1.00
2017.04.19 13:08:28.423,1.82879,1.82911,1.00,1.00
2017.04.19 13:08:28.726,1.82884,1.82917,1.00,1.00
2017.04.19 13:08:29.131,1.82882,1.82916,1.00,1.00
2017.04.19 13:08:29.678,1.82882,1.82915,1.50,1.00
2017.04.19 13:08:31.095,1.82883,1.82915,1.00,1.00
2017.04.19 13:08:31.688,1.82882,1.82915,1.50,1.00
2017.04.19 13:08:32.103,1.82883,1.82917,1.00,1.00
2017.04.19 13:08:32.643,1.82882,1.82917,1.00,1.00
2017.04.19 13:08:33.147,1.82883,1.82917,1.00,1.00
2017.04.19 13:08:33.651,1.82884,1.82918,1.00,1.00
2017.04.19 13:08:34.984,1.82878,1.82915,1.00,2.21
2017.04.19 13:08:35.086,1.82873,1.8291,1.00,1.87
2017.04.19 13:08:35.137,1.8287,1.82908,1.50,1.12
2017.04.19 13:08:35.188,1.82876,1.82908,1.00,1.37
2017.04.19 13:08:35.240,1.82872,1.82904,1.12,1.00
2017.04.19 13:08:35.341,1.82872,1.8291,1.12,1.00
2017.04.19 13:08:35.392,1.82874,1.8291,1.00,1.00
2017.04.19 13:08:35.996,1.82874,1.82909,1.00,1.00
2017.04.19 13:08:36.198,1.82874,1.82911,1.00,1.00
2017.04.19 13:08:36.450,1.82876,1.82911,1.00,1.00
2017.04.19 13:08:36.703,1.82877,1.82914,1.00,1.00
2017.04.19 13:08:40.695,1.82879,1.82914,1.00,1.00
2017.04.19 13:08:41.273,1.8288,1.82914,1.00,1.00
2017.04.19 13:08:42.134,1.82878,1.82914,1.00,1.00
2017.04.19 13:08:42.342,1.82884,1.82917,1.12,1.00
2017.04.19 13:08:42.444,1.82885,1.8292,1.00,1.00
2017.04.19 13:08:42.495,1.82879,1.8292,1.87,1.09
2017.04.19 13:08:42.546,1.8288,1.82915,1.00,1.00
2017.04.19 13:08:42.848,1.82885,1.82918,1.00,1.00
2017.04.19 13:08:43.151,1.82886,1.82923,1.50,1.12
2017.04.19 13:08:43.303,1.8289,1.82923,1.00,1.00
2017.04.19 13:08:43.353,1.8289,1.82926,1.50,1.00
2017.04.19 13:08:43.455,1.82892,1.82928,1.00,1.87
2017.04.19 13:08:43.758,1.82895,1.8293,1.00,1.12
2017.04.19 13:08:44.621,1.82896,1.82932,1.00,1.37
2017.04.19 13:08:45.285,1.82895,1.82931,1.00,1.12
2017.04.19 13:08:45.725,1.82894,1.82931,1.00,1.37
2017.04.19 13:08:45.776,1.82888,1.8293,1.50,1.87
2017.04.19 13:08:45.877,1.82892,1.82924,1.00,1.00
2017.04.19 13:08:46.163,1.82895,1.82931,1.00,1.37
2017.04.19 13:08:46.707,1.82896,1.82931,1.00,1.37
2017.04.19 13:08:47.270,1.82896,1.82933,1.00,1.37
2017.04.19 13:08:47.818,1.82896,1.82935,1.00,1.37
2017.04.19 13:08:48.442,1.82897,1.82935,1.50,1.37
2017.04.19 13:08:50.062,1.82892,1.82934,2.25,1.87
2017.04.19 13:08:50.113,1.82894,1.82926,1.50,1.00
2017.04.19 13:08:50.265,1.82889,1.82925,1.00,1.00
2017.04.19 13:08:50.315,1.82891,1.82926,1.00,1.37
2017.04.19 13:08:50.467,1.82888,1.82926,1.00,1.37
2017.04.19 13:08:50.620,1.82888,1.82926,1.00,1.37
2017.04.19 13:08:50.671,1.82885,1.82924,1.50,1.37
2017.04.19 13:08:51.498,1.82885,1.82924,1.50,1.87
2017.04.19 13:08:51.766,1.82885,1.82927,1.00,1.46
2017.04.19 13:08:52.282,1.82884,1.82926,1.50,1.37
2017.04.19 13:08:52.333,1.82884,1.82921,1.50,1.00
2017.04.19 13:08:55.600,1.82883,1.82921,1.50,1.00
2017.04.19 13:08:56.004,1.8289,1.82926,1.37,1.00
2017.04.19 13:08:56.307,1.82891,1.82926,1.37,1.00
2017.04.19 13:08:56.632,1.82891,1.82924,1.37,1.00
2017.04.19 13:08:57.291,1.82891,1.82925,1.37,1.00
2017.04.19 13:08:58.723,1.82892,1.82929,1.37,1.00
2017.04.19 13:09:00.322,1.82892,1.82929,1.37,1.00
2017.04.19 13:09:00.373,1.82892,1.82926,1.37,1.00
2017.04.19 13:09:01.624,1.82892,1.82928,1.37,1.00
2017.04.19 13:09:02.082,1.82892,1.82926,1.37,1.00
2017.04.19 13:09:02.326,1.82892,1.82929,1.37,1.00
2017.04.19 13:09:02.637,1.82891,1.82925,1.87,1.00
2017.04.19 13:09:04.231,1.82903,1.82929,1.00,1.00
2017.04.19 13:09:04.282,1.82901,1.82929,1.00,1.00
2017.04.19 13:09:04.333,1.82901,1.82937,1.00,1.00
2017.04.19 13:09:04.434,1.82903,1.82937,1.37,1.00
2017.04.19 13:09:05.591,1.82905,1.82937,1.37,1.00
2017.04.19 13:09:05.744,1.82907,1.82939,1.00,1.00
2017.04.19 13:09:06.260,1.82908,1.8294,1.00,1.00
2017.04.19 13:09:09.732,1.82907,1.8294,1.50,1.00
2017.04.19 13:09:10.865,1.82907,1.82938,1.00,1.00
2017.04.19 13:09:11.444,1.82907,1.8294,1.00,1.00
2017.04.19 13:09:13.385,1.82909,1.8294,1.00,1.00
2017.04.19 13:09:13.486,1.82909,1.82942,1.00,1.00
2017.04.19 13:09:14.029,1.82908,1.82942,1.00,1.00
2017.04.19 13:09:14.238,1.82908,1.82939,1.00,1.00
2017.04.19 13:09:15.346,1.82909,1.82942,1.00,1.00
2017.04.19 13:09:15.762,1.82909,1.82939,1.00,1.00
2017.04.19 13:09:16.477,1.82909,1.82943,1.50,1.00
2017.04.19 13:09:20.850,1.8291,1.82946,1.00,1.00
2017.04.19 13:09:22.800,1.82911,1.82946,1.00,1.00
2017.04.19 13:09:22.851,1.82909,1.82943,1.00,1.00
2017.04.19 13:09:23.154,1.82908,1.82939,1.00,1.00
2017.04.19 13:09:23.812,1.82907,1.82939,1.00,1.00
2017.04.19 13:09:24.176,1.8291,1.82939,1.00,1.00
2017.04.19 13:09:24.277,1.8291,1.82942,1.00,1.00
2017.04.19 13:09:25.851,1.8291,1.82944,1.00,1.00
2017.04.19 13:09:27.253,1.8291,1.82943,1.00,1.00
2017.04.19 13:09:30.393,1.82911,1.82943,1.00,1.00
2017.04.19 13:09:30.746,1.82908,1.82943,1.50,1.00
2017.04.19 13:09:30.949,1.82906,1.82942,1.00,1.00
2017.04.19 13:09:30.999,1.82907,1.82939,1.00,1.00
2017.04.19 13:09:31.050,1.82905,1.82939,1.00,1.00
2017.04.19 13:09:31.101,1.82908,1.82933,1.00,1.00
2017.04.19 13:09:31.203,1.82909,1.82938,1.12,1.00
2017.04.19 13:09:31.304,1.82908,1.82942,1.37,1.00
2017.04.19 13:09:31.607,1.82909,1.8294,1.50,1.00
2017.04.19 13:09:32.108,1.82909,1.82941,1.00,1.00
2017.04.19 13:09:32.260,1.82909,1.82943,1.00,1.00
2017.04.19 13:09:33.334,1.82908,1.82943,1.00,1.00
2017.04.19 13:09:33.385,1.82908,1.82943,1.50,1.37
2017.04.19 13:09:33.588,1.82905,1.82939,1.00,1.00
2017.04.19 13:09:33.792,1.82904,1.82935,1.00,1.00
2017.04.19 13:09:33.944,1.82893,1.82931,1.00,1.37
2017.04.19 13:09:34.465,1.82893,1.82927,1.00,1.00
2017.04.19 13:09:35.288,1.82891,1.82927,1.50,1.00
2017.04.19 13:09:35.764,1.82891,1.82925,1.50,1.00
2017.04.19 13:09:36.298,1.82892,1.82926,1.87,1.00
2017.04.19 13:09:36.601,1.82892,1.82924,1.87,1.00
2017.04.19 13:09:36.904,1.82906,1.82939,1.00,1.00
2017.04.19 13:09:37.206,1.82906,1.82942,1.50,1.12
2017.04.19 13:09:37.753,1.82907,1.82943,1.00,1.00
2017.04.19 13:09:39.959,1.82902,1.82943,1.50,1.87
2017.04.19 13:09:40.010,1.82905,1.82943,1.00,1.37
2017.04.19 13:09:40.061,1.82902,1.82943,1.50,2.21
2017.04.19 13:09:40.112,1.829,1.82933,1.00,1.00
2017.04.19 13:09:40.295,1.82895,1.82932,1.87,1.00
2017.04.19 13:09:41.044,1.82899,1.82932,1.00,1.00
2017.04.19 13:09:41.844,1.82897,1.82932,1.12,1.00
2017.04.19 13:09:42.085,1.82895,1.82929,1.87,1.00
2017.04.19 13:09:44.644,1.82896,1.82929,1.00,1.00
2017.04.19 13:09:44.973,1.82893,1.82926,1.87,1.00
2017.04.19 13:09:46.757,1.82893,1.82926,1.87,1.00
2017.04.19 13:09:47.648,1.82893,1.82928,1.37,1.00
2017.04.19 13:09:49.636,1.82895,1.8293,1.37,1.00
2017.04.19 13:09:50.507,1.82895,1.82928,1.87,1.00
2017.04.19 13:09:51.096,1.82895,1.82929,1.12,1.00
2017.04.19 13:09:52.128,1.82895,1.82929,1.37,1.00
2017.04.19 13:09:53.551,1.82895,1.82927,1.37,1.00
2017.04.19 13:09:54.367,1.82894,1.82927,1.37,1.00
2017.04.19 13:09:55.620,1.82894,1.82927,1.37,1.00
2017.04.19 13:09:56.970,1.82893,1.82926,1.37,1.00
2017.04.19 13:09:58.330,1.82894,1.82926,1.00,1.00
2017.04.19 13:09:59.181,1.82893,1.82926,1.87,1.00
2017.04.19 13:09:59.484,1.82903,1.82926,1.00,1.00
2017.04.19 13:09:59.534,1.82901,1.82933,1.12,1.00
2017.04.19 13:09:59.636,1.82902,1.82935,1.00,1.00
2017.04.19 13:09:59.850,1.82903,1.8294,1.00,1.12
2017.04.19 13:09:59.901,1.8291,1.82944,1.00,1.00
2017.04.19 13:10:00.254,1.82911,1.82949,1.50,1.00
2017.04.19 13:10:00.355,1.82914,1.82947,1.00,1.00
2017.04.19 13:10:00.910,1.82914,1.82947,1.00,1.37
2017.04.19 13:10:01.345,1.82913,1.82943,1.12,1.00
2017.04.19 13:10:01.624,1.82914,1.82946,1.00,1.00
2017.04.19 13:10:01.726,1.82914,1.82948,1.00,1.00
2017.04.19 13:10:02.264,1.82914,1.82947,1.12,1.00
2017.04.19 13:10:02.765,1.82915,1.82946,1.00,1.00
2017.04.19 13:10:03.219,1.82917,1.82949,1.00,1.00
2017.04.19 13:10:03.321,1.82915,1.8295,1.00,1.00
2017.04.19 13:10:03.423,1.82915,1.82948,1.50,1.00
2017.04.19 13:10:04.026,1.82916,1.82948,1.00,1.00
2017.04.19 13:10:04.109,1.82916,1.8295,1.50,1.00
2017.04.19 13:10:04.362,1.82916,1.82948,1.00,1.00
2017.04.19 13:10:04.513,1.82916,1.82951,1.00,1.00
2017.04.19 13:10:05.144,1.82916,1.82948,1.00,1.00
2017.04.19 13:10:05.415,1.82916,1.8295,1.00,1.00
2017.04.19 13:10:05.788,1.82927,1.82956,1.37,1.00
2017.04.19 13:10:05.839,1.82928,1.82964,1.12,1.00
2017.04.19 13:10:05.890,1.8293,1.82964,1.00,1.00
2017.04.19 13:10:06.391,1.82929,1.82963,1.00,1.00
2017.04.19 13:10:07.203,1.82929,1.8296,1.00,1.00
2017.04.19 13:10:07.254,1.82925,1.8296,1.00,1.12
2017.04.19 13:10:08.322,1.82925,1.8296,1.00,1.37
2017.04.19 13:10:08.605,1.82925,1.8296,1.00,1.37
2017.04.19 13:10:10.117,1.82924,1.82955,1.50,1.00
2017.04.19 13:10:13.029,1.82918,1.82954,1.00,1.87
2017.04.19 13:10:13.204,1.82914,1.82949,1.00,1.37
2017.04.19 13:10:13.255,1.82914,1.82946,1.00,1.37
2017.04.19 13:10:13.558,1.82917,1.82948,1.00,1.37
2017.04.19 13:10:14.062,1.82918,1.82948,1.00,1.37
2017.04.19 13:10:14.127,1.82918,1.82948,1.00,1.37
2017.04.19 13:10:14.537,1.82918,1.82949,1.00,1.12
2017.04.19 13:10:14.930,1.82921,1.82952,1.00,1.37
2017.04.19 13:10:15.233,1.82924,1.82956,1.00,1.37
2017.04.19 13:10:15.946,1.82923,1.82956,1.00,1.37
2017.04.19 13:10:15.997,1.8292,1.82956,1.00,1.37
2017.04.19 13:10:18.139,1.82921,1.82952,1.50,1.37
2017.04.19 13:10:18.189,1.82924,1.82952,1.00,1.12
2017.04.19 13:10:18.240,1.82922,1.82957,1.50,1.37
2017.04.19 13:10:18.644,1.82924,1.82959,1.00,1.37
2017.04.19 13:10:18.852,1.82927,1.82959,1.50,1.37
2017.04.19 13:10:19.968,1.82927,1.82959,1.50,1.00
2017.04.19 13:10:21.049,1.82925,1.82959,1.00,1.00
2017.04.19 13:10:21.250,1.82918,1.82952,1.46,1.00
2017.04.19 13:10:21.452,1.82901,1.82938,1.00,1.12
2017.04.19 13:10:21.503,1.82903,1.82938,1.00,1.12
2017.04.19 13:10:22.185,1.82902,1.82938,1.46,1.00
2017.04.19 13:10:22.438,1.82905,1.82946,1.00,1.37
2017.04.19 13:10:22.489,1.82906,1.82946,1.00,1.37
2017.04.19 13:10:22.795,1.82903,1.82937,1.00,1.00
2017.04.19 13:10:23.604,1.82902,1.82937,1.00,1.12
2017.04.19 13:10:24.255,1.82902,1.82937,1.00,1.37
2017.04.19 13:10:24.408,1.82897,1.82937,1.00,1.12
2017.04.19 13:10:24.459,1.82897,1.82934,1.00,1.37
2017.04.19 13:10:24.510,1.82895,1.82934,1.00,1.71
2017.04.19 13:10:24.561,1.82892,1.82933,1.00,1.87
2017.04.19 13:10:24.662,1.82889,1.82928,1.00,1.37
2017.04.19 13:10:24.713,1.82889,1.82928,1.00,1.87
2017.04.19 13:10:24.765,1.82886,1.82923,1.00,1.37
2017.04.19 13:10:25.018,1.82883,1.82919,1.00,1.37
2017.04.19 13:10:25.069,1.8288,1.82917,1.50,1.37
2017.04.19 13:10:27.473,1.8288,1.82917,1.37,1.50
2017.04.19 13:10:29.011,1.8288,1.82917,1.71,1.00
2017.04.19 13:10:29.112,1.8288,1.82919,1.71,1.00
2017.04.19 13:10:29.163,1.8288,1.8292,2.96,1.50
2017.04.19 13:10:29.264,1.82883,1.82923,1.71,1.00
2017.04.19 13:10:29.366,1.82887,1.82927,1.46,1.00
2017.04.19 13:10:30.488,1.82886,1.82927,1.00,1.84
2017.04.19 13:10:30.668,1.82875,1.82912,1.37,1.00
2017.04.19 13:10:31.015,1.8287,1.82909,1.37,1.00
2017.04.19 13:10:33.260,1.82869,1.82909,2.96,1.00
2017.04.19 13:10:33.672,1.82869,1.82912,2.96,1.50
2017.04.19 13:10:33.916,1.82871,1.82912,1.09,1.37
2017.04.19 13:10:34.225,1.82871,1.82913,1.34,1.37
2017.04.19 13:10:34.428,1.82871,1.82913,1.00,1.37
2017.04.19 13:10:34.529,1.82871,1.82913,1.00,1.37
2017.04.19 13:10:35.060,1.82872,1.82914,1.00,1.37
2017.04.19 13:10:35.564,1.82872,1.82914,1.00,1.37
2017.04.19 13:10:35.665,1.82875,1.82914,1.00,1.37
2017.04.19 13:10:36.337,1.82872,1.82914,1.00,1.37
2017.04.19 13:10:37.195,1.82871,1.82912,1.00,1.37
2017.04.19 13:10:37.456,1.82871,1.82908,1.00,1.37
2017.04.19 13:10:37.558,1.82866,1.82907,1.00,1.37
2017.04.19 13:10:37.760,1.82864,1.82904,1.00,1.37
2017.04.19 13:10:37.811,1.82864,1.82902,1.00,1.37
2017.04.19 13:10:38.914,1.82864,1.82902,1.00,1.37
2017.04.19 13:10:39.720,1.82864,1.82902,1.00,1.87
2017.04.19 13:10:40.223,1.82863,1.82899,1.00,1.12
2017.04.19 13:10:45.625,1.82862,1.82901,1.00,1.37
2017.04.19 13:10:48.824,1.82865,1.82902,1.00,1.37
2017.04.19 13:10:50.386,1.82864,1.82903,1.00,1.37
2017.04.19 13:10:51.194,1.82863,1.82903,1.50,1.37
2017.04.19 13:10:53.963,1.82863,1.82903,1.50,1.37
2017.04.19 13:10:54.757,1.82865,1.82903,1.00,1.37
2017.04.19 13:10:55.959,1.82866,1.82903,1.50,1.12
2017.04.19 13:10:56.010,1.82867,1.82903,1.34,1.00
2017.04.19 13:10:56.162,1.82875,1.82911,1.00,1.00
2017.04.19 13:10:56.263,1.82878,1.82917,1.00,1.37
2017.04.19 13:10:56.832,1.82877,1.82915,1.00,1.37
2017.04.19 13:10:59.017,1.82879,1.8292,1.00,1.37
2017.04.19 13:10:59.118,1.82879,1.82918,1.00,1.37
2017.04.19 13:10:59.964,1.82879,1.8292,1.00,1.37
2017.04.19 13:11:00.158,1.82877,1.82916,1.00,1.37
2017.04.19 13:11:00.208,1.82877,1.82916,2.62,1.00
2017.04.19 13:11:01.495,1.82876,1.82915,2.62,1.00
2017.04.19 13:11:01.797,1.82875,1.82913,2.62,1.00
2017.04.19 13:11:02.169,1.82876,1.82915,2.62,1.00
2017.04.19 13:11:02.270,1.82878,1.82918,1.37,1.00
2017.04.19 13:11:02.728,1.82878,1.82917,2.62,1.00
2017.04.19 13:11:02.880,1.8288,1.82921,3.37,1.00
2017.04.19 13:11:02.981,1.82882,1.82924,1.37,1.50
2017.04.19 13:11:03.083,1.82882,1.8292,1.37,1.00
2017.04.19 13:11:03.310,1.82888,1.82927,1.37,1.00
2017.04.19 13:11:03.536,1.82889,1.82925,1.37,1.00
2017.04.19 13:11:03.587,1.82889,1.8293,1.37,1.00
2017.04.19 13:11:03.638,1.82889,1.82925,1.00,1.00
2017.04.19 13:11:04.180,1.82885,1.82925,2.62,1.00
2017.04.19 13:11:04.700,1.82885,1.82925,1.37,1.00
2017.04.19 13:11:05.269,1.82886,1.82926,1.37,1.00
2017.04.19 13:11:05.975,1.82886,1.82925,1.37,1.00
2017.04.19 13:11:06.026,1.82885,1.82922,1.37,1.00
2017.04.19 13:11:07.454,1.82883,1.82923,2.21,1.00
2017.04.19 13:11:07.994,1.82883,1.82924,2.62,1.00
2017.04.19 13:11:08.729,1.82881,1.82922,1.00,1.00
2017.04.19 13:11:08.780,1.82879,1.82916,1.37,1.00
2017.04.19 13:11:09.083,1.82875,1.82912,1.87,1.00
2017.04.19 13:11:09.285,1.82875,1.82916,2.21,1.00
2017.04.19 13:11:09.336,1.82877,1.82916,2.21,1.00
2017.04.19 13:11:09.695,1.82878,1.82919,1.71,1.00
2017.04.19 13:11:09.846,1.82883,1.82919,2.96,1.00
2017.04.19 13:11:09.897,1.82883,1.82923,2.96,1.00
2017.04.19 13:11:09.948,1.82886,1.82923,2.96,1.00
2017.04.19 13:11:09.999,1.82886,1.82926,2.96,1.00
2017.04.19 13:11:10.301,1.82886,1.82929,2.96,1.00
2017.04.19 13:11:10.666,1.82888,1.82929,2.21,1.00
2017.04.19 13:11:10.717,1.82888,1.82931,2.96,1.50
2017.04.19 13:11:10.767,1.8289,1.82931,1.87,1.00
2017.04.19 13:11:10.818,1.82891,1.82933,1.37,1.00
2017.04.19 13:11:11.021,1.8289,1.82931,1.87,1.00
2017.04.19 13:11:11.566,1.82889,1.82931,1.71,1.00
2017.04.19 13:11:11.617,1.82888,1.82929,1.37,1.50
2017.04.19 13:11:11.931,1.82887,1.82926,1.87,1.00
2017.04.19 13:11:12.378,1.82887,1.82924,1.87,1.00
2017.04.19 13:11:12.578,1.82887,1.82926,1.87,1.50
2017.04.19 13:11:13.847,1.82887,1.82925,1.87,1.00
2017.04.19 13:11:13.897,1.82882,1.82918,3.37,1.00
2017.04.19 13:11:13.948,1.82882,1.82917,1.00,1.00
2017.04.19 13:11:13.999,1.82874,1.82914,1.75,1.37
2017.04.19 13:11:14.050,1.82874,1.82914,1.00,1.12
2017.04.19 13:11:14.570,1.82875,1.82917,1.00,1.37
2017.04.19 13:11:14.671,1.82877,1.82916,1.00,1.37
2017.04.19 13:11:15.172,1.82877,1.8292,1.50,1.37
2017.04.19 13:11:17.932,1.82877,1.82915,1.00,1.37
2017.04.19 13:11:18.085,1.82873,1.82913,1.50,1.12
2017.04.19 13:11:18.287,1.82873,1.82913,1.00,1.37
2017.04.19 13:11:18.337,1.82871,1.82913,1.00,1.37
2017.04.19 13:11:18.388,1.82872,1.82913,1.00,1.37
2017.04.19 13:11:18.439,1.82874,1.82909,1.87,1.00
2017.04.19 13:11:18.490,1.82872,1.82912,1.37,1.50
2017.04.19 13:11:18.591,1.82868,1.82902,1.37,1.00
2017.04.19 13:11:18.642,1.82866,1.82902,1.71,1.00
2017.04.19 13:11:18.693,1.82865,1.82905,2.21,1.00
2017.04.19 13:11:18.794,1.82865,1.82902,3.71,1.00
2017.04.19 13:11:18.895,1.82866,1.82907,2.96,1.00
2017.04.19 13:11:19.098,1.82869,1.8291,1.87,1.00
2017.04.19 13:11:19.401,1.82874,1.82912,1.87,1.00
2017.04.19 13:11:19.560,1.82874,1.82916,1.87,1.50
2017.04.19 13:11:19.713,1.82874,1.82914,1.87,1.00
2017.04.19 13:11:19.905,1.82873,1.82914,1.37,1.00
2017.04.19 13:11:20.438,1.82873,1.82913,1.37,1.00
2017.04.19 13:11:20.687,1.82874,1.82915,1.37,1.50
2017.04.19 13:11:21.102,1.82872,1.82913,2.62,1.00
2017.04.19 13:11:21.923,1.82872,1.82913,1.87,1.00
2017.04.19 13:11:21.974,1.82872,1.8291,1.71,1.00
2017.04.19 13:11:22.024,1.82871,1.82912,1.37,1.00
2017.04.19 13:11:22.126,1.8287,1.82908,1.87,1.00
2017.04.19 13:11:22.227,1.82867,1.82906,1.87,1.00
2017.04.19 13:11:22.328,1.82865,1.82903,1.87,1.00
2017.04.19 13:11:22.430,1.82862,1.82902,3.37,1.00
2017.04.19 13:11:22.847,1.82864,1.82902,1.87,1.00
2017.04.19 13:11:23.151,1.82872,1.8291,2.96,1.00
2017.04.19 13:11:23.202,1.82872,1.82912,1.71,1.00
2017.04.19 13:11:23.303,1.82875,1.82916,1.00,1.00
2017.04.19 13:11:23.528,1.82876,1.82913,1.09,1.00
2017.04.19 13:11:23.630,1.82873,1.82913,1.71,1.00
2017.04.19 13:11:23.832,1.8287,1.82906,1.71,1.00
2017.04.19 13:11:24.135,1.82875,1.82907,1.00,1.00
2017.04.19 13:11:24.803,1.82873,1.82907,1.00,1.00
2017.04.19 13:11:25.305,1.82874,1.82905,1.00,1.00
2017.04.19 13:11:26.066,1.82866,1.82905,1.37,1.00
2017.04.19 13:11:27.895,1.82866,1.82906,1.37,1.00
2017.04.19 13:11:28.532,1.82866,1.82905,1.71,1.00
2017.04.19 13:11:28.633,1.82866,1.82907,2.21,1.00
2017.04.19 13:11:29.604,1.82868,1.82907,1.00,1.37
2017.04.19 13:11:30.546,1.82867,1.82907,1.00,1.37
2017.04.19 13:11:31.179,1.82866,1.82905,1.09,1.37
2017.04.19 13:11:31.503,1.82866,1.82905,1.34,1.37
2017.04.19 13:11:33.562,1.82867,1.82905,1.00,1.37
2017.04.19 13:11:34.580,1.82867,1.82905,1.09,1.37
2017.04.19 13:11:35.413,1.82864,1.82899,1.00,1.12
2017.04.19 13:11:35.961,1.82865,1.82902,1.00,1.37
2017.04.19 13:11:37.592,1.82866,1.82905,1.00,1.37
2017.04.19 13:11:38.106,1.82865,1.82902,1.09,1.37
2017.04.19 13:11:38.611,1.82865,1.82902,1.71,1.00
2017.04.19 13:11:38.915,1.82876,1.82908,1.37,1.00
2017.04.19 13:11:39.016,1.82876,1.82912,1.37,1.00
2017.04.19 13:11:39.117,1.82878,1.82916,1.37,1.00
2017.04.19 13:11:39.708,1.82878,1.82915,1.37,1.00
2017.04.19 13:11:40.258,1.82876,1.82917,1.71,1.00
2017.04.19 13:11:41.210,1.82874,1.82915,3.71,1.00
2017.04.19 13:11:41.911,1.82874,1.82914,2.96,1.00
2017.04.19 13:11:42.111,1.82874,1.82916,2.96,1.00
2017.04.19 13:11:43.065,1.82878,1.82917,1.37,1.00
2017.04.19 13:11:43.312,1.82878,1.82919,1.87,1.00
2017.04.19 13:11:43.830,1.8288,1.8292,1.00,1.12
2017.04.19 13:11:44.129,1.8288,1.82917,1.00,1.00
2017.04.19 13:11:45.214,1.8288,1.82919,1.00,1.00
2017.04.19 13:11:45.715,1.8288,1.82916,1.00,1.00
2017.04.19 13:11:46.094,1.8288,1.82918,1.00,1.00
2017.04.19 13:11:46.145,1.8288,1.8292,1.12,1.12
2017.04.19 13:11:46.689,1.82881,1.8292,1.00,1.12
2017.04.19 13:11:47.309,1.82881,1.8292,1.34,1.12
2017.04.19 13:11:47.612,1.82889,1.82926,1.46,1.00
2017.04.19 13:11:48.061,1.82882,1.8292,1.00,1.00
2017.04.19 13:11:48.212,1.82883,1.8292,1.34,1.00
2017.04.19 13:11:48.901,1.82883,1.82921,1.09,1.00
2017.04.19 13:11:49.219,1.82883,1.82923,1.09,1.00
2017.04.19 13:11:49.529,1.82885,1.82923,1.00,1.00
2017.04.19 13:11:49.731,1.82887,1.82929,1.34,1.37
2017.04.19 13:11:49.899,1.82887,1.82929,1.34,1.12
2017.04.19 13:11:49.949,1.82887,1.82926,1.34,1.00
2017.04.19 13:11:50.269,1.82889,1.82928,1.34,1.00
2017.04.19 13:11:50.821,1.82891,1.8293,1.09,1.12
2017.04.19 13:11:51.041,1.82891,1.82928,1.09,1.00
2017.04.19 13:11:52.160,1.82891,1.8293,1.09,1.12
2017.04.19 13:11:52.681,1.82891,1.82929,1.46,1.00
2017.04.19 13:11:53.301,1.82891,1.8293,1.46,1.00
2017.04.19 13:11:55.026,1.82891,1.82929,1.46,1.00
2017.04.19 13:11:58.293,1.82888,1.82929,2.21,1.00
2017.04.19 13:11:58.819,1.82891,1.82929,1.00,1.00
2017.04.19 13:12:01.517,1.82891,1.82929,1.00,1.37
2017.04.19 13:12:01.568,1.82885,1.82929,1.46,1.87
2017.04.19 13:12:01.637,1.82882,1.82922,1.12,1.00
2017.04.19 13:12:01.739,1.82878,1.82916,1.46,1.00
2017.04.19 13:12:02.042,1.82876,1.82913,1.71,1.00
2017.04.19 13:12:02.808,1.82876,1.82913,1.71,1.00
2017.04.19 13:12:02.960,1.82877,1.82916,1.37,1.00
2017.04.19 13:12:04.563,1.82877,1.82913,1.37,1.00
2017.04.19 13:12:05.437,1.82877,1.82916,1.37,1.00
2017.04.19 13:12:07.139,1.82877,1.82917,1.37,1.00
2017.04.19 13:12:07.885,1.82879,1.82917,1.12,1.00
2017.04.19 13:12:08.081,1.82879,1.8292,1.00,2.62
2017.04.19 13:12:08.132,1.82876,1.82918,1.87,1.37
2017.04.19 13:12:10.502,1.82877,1.82919,1.00,1.37
2017.04.19 13:12:11.766,1.82875,1.82916,2.21,1.37
2017.04.19 13:12:13.254,1.82875,1.82916,2.21,1.00
2017.04.19 13:12:13.546,1.82877,1.82919,1.37,1.12
2017.04.19 13:12:15.769,1.82877,1.82919,1.12,1.37
2017.04.19 13:12:15.941,1.82877,1.82917,1.37,1.00
2017.04.19 13:12:16.871,1.82877,1.82917,1.46,1.00
2017.04.19 13:12:18.728,1.82879,1.82917,1.00,1.00
2017.04.19 13:12:19.593,1.82879,1.8292,1.50,1.12
2017.04.19 13:12:20.161,1.8288,1.82921,1.50,1.12
2017.04.19 13:12:20.762,1.8288,1.82921,1.12,1.37
2017.04.19 13:12:21.409,1.82879,1.8292,1.46,1.00
2017.04.19 13:12:21.642,1.82879,1.8292,1.84,1.37
2017.04.19 13:12:21.971,1.82875,1.82916,1.00,1.71
2017.04.19 13:12:22.074,1.8287,1.82912,1.84,1.37
2017.04.19 13:12:22.383,1.8287,1.8291,1.00,1.37
2017.04.19 13:12:22.501,1.82868,1.82906,1.00,1.00
2017.04.19 13:12:22.602,1.82866,1.82907,1.09,1.37
2017.04.19 13:12:22.653,1.82866,1.82907,1.34,1.37
2017.04.19 13:12:22.905,1.82869,1.8291,2.21,1.00
2017.04.19 13:12:23.007,1.82872,1.8291,1.37,1.00
2017.04.19 13:12:23.238,1.82875,1.82914,1.46,1.00
2017.04.19 13:12:23.289,1.82875,1.82916,1.46,1.00
2017.04.19 13:12:23.942,1.82876,1.82917,1.46,1.37
2017.04.19 13:12:31.047,1.82877,1.82918,1.09,1.00
2017.04.19 13:12:31.467,1.82877,1.8292,1.00,1.87
2017.04.19 13:12:33.508,1.82877,1.8292,1.34,1.87
2017.04.19 13:12:33.660,1.82876,1.82918,1.00,1.37
2017.04.19 13:12:34.250,1.82873,1.82915,1.71,1.00
2017.04.19 13:12:34.682,1.82875,1.82916,1.46,1.12
2017.04.19 13:12:34.783,1.82877,1.82918,1.00,1.87
2017.04.19 13:12:36.138,1.82879,1.8292,1.00,1.87
2017.04.19 13:12:36.372,1.82876,1.82919,1.46,1.00
2017.04.19 13:12:36.881,1.82876,1.82919,1.46,1.00
2017.04.19 13:12:38.181,1.82878,1.8292,1.00,1.12
2017.04.19 13:12:38.528,1.8288,1.8292,1.00,1.12
2017.04.19 13:12:39.502,1.82879,1.8292,1.00,1.87
2017.04.19 13:12:40.206,1.82879,1.82919,1.12,1.00
2017.04.19 13:12:40.767,1.82879,1.8292,1.12,1.87
2017.04.19 13:12:41.991,1.82879,1.8292,1.00,1.87
2017.04.19 13:12:42.509,1.82879,1.82916,1.00,1.00
2017.04.19 13:12:42.835,1.82876,1.82914,1.00,1.37
2017.04.19 13:12:43.781,1.82877,1.82914,1.00,1.37
2017.04.19 13:12:45.221,1.82877,1.82914,1.37,1.00
2017.04.19 13:12:46.014,1.82877,1.82914,1.37,1.00
2017.04.19 13:12:48.516,1.82877,1.82915,1.37,1.00
2017.04.19 13:12:51.251,1.82876,1.82915,1.37,1.00
2017.04.19 13:12:52.310,1.82876,1.82914,1.37,1.00
2017.04.19 13:12:53.908,1.82875,1.82908,1.37,1.00
2017.04.19 13:12:53.959,1.82875,1.82905,1.00,1.00
2017.04.19 13:12:54.010,1.82873,1.82903,1.12,1.00
2017.04.19 13:12:54.332,1.82863,1.82902,1.71,1.00
2017.04.19 13:12:54.484,1.82866,1.829,1.37,1.00
2017.04.19 13:12:55.378,1.82863,1.829,1.71,1.00
2017.04.19 13:12:56.793,1.82863,1.82899,1.71,1.00
2017.04.19 13:12:57.267,1.82863,1.82899,1.37,1.00
2017.04.19 13:12:57.918,1.82862,1.82899,1.46,1.00
2017.04.19 13:12:58.216,1.82862,1.82901,1.46,1.00
2017.04.19 13:12:58.418,1.82865,1.82902,1.37,1.00
2017.04.19 13:12:59.492,1.82864,1.82903,1.46,1.00
2017.04.19 13:13:00.187,1.82864,1.82902,1.37,1.00
2017.04.19 13:13:00.238,1.82864,1.82902,1.37,1.00
2017.04.19 13:13:00.314,1.82864,1.82902,1.37,1.00
2017.04.19 13:13:03.502,1.82865,1.82903,1.46,1.00
2017.04.19 13:13:03.859,1.82865,1.82903,1.37,1.00
2017.04.19 13:13:05.321,1.82866,1.82904,1.37,1.00
2017.04.19 13:13:05.372,1.82866,1.82903,1.37,1.00
2017.04.19 13:13:05.817,1.82869,1.82909,1.37,1.00
2017.04.19 13:13:06.330,1.82868,1.8291,1.37,1.34
2017.04.19 13:13:06.600,1.82869,1.8291,1.87,1.50
2017.04.19 13:13:07.117,1.8287,1.82909,1.37,1.00
2017.04.19 13:13:12.906,1.82869,1.82909,1.87,1.00
2017.04.19 13:13:13.191,1.82868,1.82909,1.87,2.59
2017.04.19 13:13:13.241,1.82868,1.82906,1.12,1.34
2017.04.19 13:13:13.292,1.82868,1.82906,1.00,1.34
2017.04.19 13:13:13.343,1.82868,1.82904,1.00,1.09
2017.04.19 13:13:13.394,1.82868,1.82904,1.37,1.00
2017.04.19 13:13:13.546,1.82865,1.82907,1.37,1.50
2017.04.19 13:13:13.647,1.82865,1.82907,1.87,1.50
2017.04.19 13:13:14.198,1.82865,1.82907,1.87,1.50
2017.04.19 13:13:14.927,1.82867,1.82908,1.37,1.09
2017.04.19 13:13:15.370,1.82867,1.82908,1.37,1.34
2017.04.19 13:13:15.673,1.82865,1.82907,1.87,1.34
2017.04.19 13:13:15.926,1.82866,1.82907,1.37,1.34
2017.04.19 13:13:16.078,1.82865,1.82906,1.37,1.00
2017.04.19 13:13:16.384,1.82865,1.82903,1.37,1.00
2017.04.19 13:13:16.685,1.82863,1.82901,1.37,1.00
2017.04.19 13:13:17.538,1.82864,1.82902,1.37,1.00
2017.04.19 13:13:18.263,1.82866,1.82905,1.37,1.34
2017.04.19 13:13:19.009,1.82866,1.82905,1.37,1.34
2017.04.19 13:13:19.177,1.82865,1.82901,1.37,1.00
2017.04.19 13:13:19.515,1.82864,1.82899,1.37,1.00
2017.04.19 13:13:21.975,1.82865,1.82902,1.37,1.00
2017.04.19 13:13:27.608,1.82865,1.82902,1.00,1.37
2017.04.19 13:13:27.709,1.82865,1.82902,1.37,1.00
2017.04.19 13:13:30.210,1.82865,1.82901,1.00,1.00
2017.04.19 13:13:32.368,1.82865,1.82901,1.00,1.37
2017.04.19 13:13:33.269,1.82865,1.82901,1.00,1.37
2017.04.19 13:13:33.522,1.82862,1.82899,1.00,1.37
2017.04.19 13:13:33.721,1.8286,1.82899,1.50,1.46
2017.04.19 13:13:33.772,1.82858,1.82899,1.50,1.46
2017.04.19 13:13:35.090,1.82858,1.82898,1.00,1.37
2017.04.19 13:13:35.709,1.82859,1.82896,1.00,1.00
2017.04.19 13:13:35.832,1.82857,1.82896,1.50,1.00
2017.04.19 13:13:35.883,1.82857,1.82893,1.50,1.00
2017.04.19 13:13:36.868,1.82859,1.82893,1.50,1.00
2017.04.19 13:13:37.565,1.82859,1.82893,1.50,1.37
2017.04.19 13:13:38.942,1.82859,1.82893,1.00,1.00
2017.04.19 13:13:39.448,1.82862,1.82893,1.00,1.12
2017.04.19 13:13:39.499,1.82862,1.82895,1.00,1.46
2017.04.19 13:13:39.903,1.82859,1.82895,1.00,1.09
2017.04.19 13:13:40.232,1.82861,1.82895,1.00,1.00
2017.04.19 13:13:40.779,1.8286,1.82895,1.87,1.00
2017.04.19 13:13:41.204,1.8286,1.82895,1.87,1.00
2017.04.19 13:13:42.564,1.8286,1.82895,1.87,1.00
2017.04.19 13:13:44.055,1.82861,1.82895,1.50,1.00
2017.04.19 13:13:45.792,1.82861,1.82898,1.50,1.34
2017.04.19 13:13:46.468,1.82861,1.82898,1.50,1.71
2017.04.19 13:13:47.043,1.82861,1.82895,1.50,1.00
2017.04.19 13:13:48.062,1.8286,1.82895,1.50,1.00
2017.04.19 13:13:48.595,1.82861,1.82896,1.50,1.46
2017.04.19 13:13:49.101,1.82861,1.82896,1.50,1.46
2017.04.19 13:13:49.253,1.82863,1.82896,1.00,1.00
2017.04.19 13:13:49.555,1.82861,1.82896,1.00,1.71
2017.04.19 13:13:49.839,1.82851,1.82889,1.00,1.71
2017.04.19 13:13:50.434,1.8285,1.82887,1.00,1.71
2017.04.19 13:13:50.945,1.82847,1.82887,1.50,1.46
2017.04.19 13:13:51.669,1.82849,1.82886,1.00,1.12
2017.04.19 13:13:52.007,1.82848,1.82886,1.00,1.37
2017.04.19 13:13:52.315,1.82849,1.82882,1.00,1.12
2017.04.19 13:13:52.880,1.82847,1.82883,1.00,1.37
2017.04.19 13:13:53.570,1.82848,1.82882,1.00,1.12
2017.04.19 13:13:53.722,1.82846,1.82881,1.00,1.00
2017.04.19 13:13:54.224,1.82845,1.82881,1.50,1.00
2017.04.19 13:13:54.274,1.82845,1.82879,1.50,1.00
2017.04.19 13:13:54.472,1.82845,1.82882,1.50,1.46
2017.04.19 13:13:54.909,1.82845,1.82882,1.50,1.46
2017.04.19 13:13:55.574,1.82845,1.82882,1.50,1.46
2017.04.19 13:13:56.008,1.82847,1.82882,1.50,1.46
2017.04.19 13:13:56.690,1.82847,1.82882,1.50,1.46
2017.04.19 13:13:57.247,1.82847,1.82882,1.50,1.12
2017.04.19 13:13:59.788,1.82847,1.82884,1.50,1.46
2017.04.19 13:14:00.425,1.82847,1.82882,1.50,1.00
2017.04.19 13:14:01.079,1.82847,1.82884,1.50,1.46
2017.04.19 13:14:01.870,1.82847,1.82884,1.50,1.46
2017.04.19 13:14:02.380,1.82848,1.82885,1.50,1.37
2017.04.19 13:14:04.459,1.8285,1.82886,1.00,1.37
2017.04.19 13:14:04.984,1.82851,1.82888,1.00,1.37
2017.04.19 13:14:05.035,1.82858,1.82888,1.00,1.00
2017.04.19 13:14:05.086,1.82858,1.8289,1.00,1.00
2017.04.19 13:14:05.137,1.82859,1.82895,1.00,1.12
2017.04.19 13:14:05.539,1.82861,1.82897,1.87,1.00
2017.04.19 13:14:05.590,1.82862,1.82899,1.12,1.00
2017.04.19 13:14:05.641,1.82864,1.82899,1.00,1.00
2017.04.19 13:14:05.691,1.82864,1.82901,1.00,1.00
2017.04.19 13:14:06.305,1.82864,1.82902,1.50,1.00
2017.04.19 13:14:07.322,1.82866,1.82902,1.00,1.00
2017.04.19 13:14:07.991,1.82866,1.82903,1.00,1.00
2017.04.19 13:14:08.582,1.82867,1.82905,1.00,1.46
2017.04.19 13:14:08.828,1.82863,1.82903,1.37,1.00
2017.04.19 13:14:09.537,1.82863,1.82903,1.37,1.34
2017.04.19 13:14:11.017,1.82863,1.82903,1.00,1.71
2017.04.19 13:14:11.068,1.82863,1.82903,1.12,1.34
2017.04.19 13:14:11.681,1.82863,1.82905,1.12,1.34
2017.04.19 13:14:12.291,1.82863,1.82904,1.87,1.34
2017.04.19 13:14:12.401,1.82863,1.82904,1.87,1.00
2017.04.19 13:14:12.452,1.82865,1.82904,1.00,1.00
2017.04.19 13:14:15.025,1.82867,1.82904,1.00,1.00
2017.04.19 13:14:17.373,1.82867,1.82904,1.00,1.37
2017.04.19 13:14:17.898,1.82866,1.82905,1.00,1.37
2017.04.19 13:14:18.206,1.82869,1.82908,1.00,1.46
2017.04.19 13:14:18.880,1.82869,1.82908,1.00,1.71
2017.04.19 13:14:18.981,1.82867,1.82909,1.50,2.96
2017.04.19 13:14:24.984,1.82869,1.82906,1.00,1.46
2017.04.19 13:14:27.357,1.82868,1.82906,1.00,1.37
2017.04.19 13:14:27.745,1.82865,1.82902,1.00,1.37
2017.04.19 13:14:28.049,1.82867,1.82908,1.50,2.21
2017.04.19 13:14:28.553,1.82868,1.82905,1.50,1.37
2017.04.19 13:14:36.673,1.82868,1.82907,1.50,1.37
2017.04.19 13:14:36.724,1.8287,1.82909,1.00,1.87
2017.04.19 13:14:37.957,1.82871,1.82909,1.00,1.87
2017.04.19 13:14:38.130,1.82869,1.82909,2.25,2.21
2017.04.19 13:14:38.906,1.82869,1.82906,1.50,1.87
2017.04.19 13:14:39.420,1.82868,1.82906,1.50,1.87
2017.04.19 13:14:39.865,1.82871,1.82908,1.00,1.37
2017.04.19 13:14:40.067,1.82869,1.82908,1.00,2.96
2017.04.19 13:14:40.610,1.8287,1.82907,1.00,1.87
2017.04.19 13:14:41.498,1.82869,1.82906,1.50,1.71
2017.04.19 13:14:41.698,1.82869,1.82906,1.00,1.71
2017.04.19 13:14:41.955,1.82868,1.82906,1.50,1.46
2017.04.19 13:14:42.329,1.82868,1.82906,1.50,2.96
2017.04.19 13:14:42.863,1.8288,1.82906,1.00,1.00
2017.04.19 13:14:42.964,1.82883,1.8292,1.00,1.37
2017.04.19 13:14:43.065,1.82884,1.8292,1.00,1.87
2017.04.19 13:14:43.368,1.82882,1.82917,1.00,1.87
2017.04.19 13:14:45.522,1.82881,1.82917,1.50,1.87
2017.04.19 13:14:46.219,1.82881,1.82918,1.00,1.87
2017.04.19 13:14:51.801,1.8288,1.82918,1.00,2.96
2017.04.19 13:14:52.135,1.82878,1.82916,1.00,2.21
2017.04.19 13:14:52.236,1.8287,1.82908,1.00,1.37
2017.04.19 13:14:52.287,1.8287,1.82908,1.00,1.37
2017.04.19 13:14:52.438,1.82869,1.82904,1.00,1.00
2017.04.19 13:14:53.159,1.82869,1.82906,1.00,1.37
2017.04.19 13:14:53.494,1.82869,1.82906,1.50,1.37
2017.04.19 13:14:53.550,1.82871,1.82906,1.00,1.00
2017.04.19 13:14:54.236,1.82871,1.82904,1.00,1.00
2017.04.19 13:14:56.939,1.82871,1.82906,1.00,1.12
2017.04.19 13:15:00.400,1.82872,1.82906,1.00,1.37
2017.04.19 13:15:01.080,1.82871,1.82907,1.50,1.37
2017.04.19 13:15:01.809,1.82871,1.82904,1.00,1.00
2017.04.19 13:15:02.557,1.82872,1.82904,1.00,1.00
2017.04.19 13:15:02.659,1.82873,1.82908,1.00,1.00
2017.04.19 13:15:03.046,1.82875,1.8291,1.00,1.00
2017.04.19 13:15:03.250,1.8288,1.82916,1.00,1.00
2017.04.19 13:15:03.301,1.82883,1.82916,1.00,1.00
2017.04.19 13:15:03.453,1.82887,1.82925,1.00,1.37
2017.04.19 13:15:03.504,1.82885,1.82924,1.00,1.87
2017.04.19 13:15:03.606,1.82889,1.82926,1.00,1.37
2017.04.19 13:15:03.707,1.82891,1.82926,1.00,1.00
2017.04.19 13:15:03.909,1.82892,1.82929,1.00,1.37
2017.04.19 13:15:04.106,1.82892,1.82929,1.00,1.87
2017.04.19 13:15:04.510,1.82892,1.82926,1.00,1.00
2017.04.19 13:15:04.815,1.82893,1.82933,1.00,2.21
2017.04.19 13:15:05.169,1.82894,1.82934,1.50,1.46
2017.04.19 13:15:05.363,1.829,1.82936,1.00,1.37
2017.04.19 13:15:06.424,1.82901,1.82939,1.00,2.62
2017.04.19 13:15:07.001,1.829,1.82941,2.25,1.87
2017.04.19 13:15:07.287,1.82895,1.82934,1.00,2.21
2017.04.19 13:15:07.602,1.82893,1.82931,1.00,1.37
2017.04.19 13:15:07.704,1.82892,1.82931,1.00,1.71
2017.04.19 13:15:07.843,1.82892,1.82932,1.50,2.96
2017.04.19 13:15:08.445,1.8289,1.82928,1.00,2.96
2017.04.19 13:15:08.765,1.82887,1.82926,1.00,1.87
2017.04.19 13:15:10.125,1.82889,1.82926,1.00,1.87
2017.04.19 13:15:13.308,1.8289,1.82926,1.00,1.87
2017.04.19 13:15:13.515,1.8289,1.82929,1.00,1.87
2017.04.19 13:15:14.114,1.8289,1.82928,1.00,1.87
2017.04.19 13:15:14.898,1.82889,1.82928,1.50,1.87
2017.04.19 13:15:15.438,1.8289,1.82928,1.00,1.87
2017.04.19 13:15:17.063,1.82891,1.82928,1.00,1.87
2017.04.19 13:15:18.286,1.8289,1.82928,1.00,2.21
2017.04.19 13:15:18.659,1.82887,1.82928,1.00,2.21
2017.04.19 13:15:20.045,1.82888,1.82928,1.00,2.21
2017.04.19 13:15:23.657,1.82887,1.82928,1.00,2.21
2017.04.19 13:15:23.809,1.82893,1.82928,1.00,1.87
2017.04.19 13:15:23.860,1.82894,1.82928,1.00,1.00
2017.04.19 13:15:24.012,1.82891,1.82928,1.50,1.00
2017.04.19 13:15:24.214,1.82892,1.82935,1.12,1.71
2017.04.19 13:15:24.769,1.82891,1.82933,1.12,1.71
2017.04.19 13:15:25.281,1.82894,1.82933,1.00,1.46
2017.04.19 13:15:25.787,1.82894,1.82932,1.00,1.12
2017.04.19 13:15:26.387,1.82895,1.82932,1.00,1.12
2017.04.19 13:15:26.922,1.82896,1.82933,1.50,1.37
2017.04.19 13:15:31.075,1.82896,1.82931,1.00,1.00
2017.04.19 13:15:31.768,1.82894,1.82931,1.50,1.00
2017.04.19 13:15:33.720,1.82895,1.82931,1.00,1.00
2017.04.19 13:15:34.579,1.82896,1.82931,1.00,1.00
2017.04.19 13:15:35.210,1.82897,1.82931,1.00,1.00
2017.04.19 13:15:35.261,1.82905,1.82934,1.00,1.00
2017.04.19 13:15:35.312,1.82903,1.82934,1.00,1.00
2017.04.19 13:15:35.363,1.82903,1.82937,1.00,1.00
2017.04.19 13:15:35.414,1.82905,1.82937,1.00,1.00
2017.04.19 13:15:35.464,1.82906,1.82939,1.00,1.00
2017.04.19 13:15:35.565,1.82905,1.82942,1.50,1.12
2017.04.19 13:15:35.616,1.82905,1.82942,1.50,1.37
2017.04.19 13:15:35.791,1.82899,1.8294,1.00,1.87
2017.04.19 13:15:35.841,1.82898,1.82937,2.25,1.87
2017.04.19 13:15:35.892,1.82898,1.82934,1.00,1.00
2017.04.19 13:15:36.045,1.82903,1.82934,1.00,1.37
2017.04.19 13:15:36.183,1.82905,1.8294,1.00,1.37
2017.04.19 13:15:36.234,1.82902,1.8294,1.00,1.71
2017.04.19 13:15:36.284,1.829,1.82937,1.00,1.71
2017.04.19 13:15:36.436,1.82901,1.82934,1.00,1.34
2017.04.19 13:15:36.537,1.82897,1.82934,1.00,1.71
2017.04.19 13:15:37.902,1.82897,1.82933,1.50,1.34
2017.04.19 13:15:39.563,1.82897,1.82933,1.50,1.34
2017.04.19 13:15:40.142,1.82897,1.82933,1.50,1.34
2017.04.19 13:15:40.553,1.82897,1.82933,1.50,1.34
2017.04.19 13:15:41.376,1.82896,1.82933,1.00,1.34
2017.04.19 13:15:41.538,1.82896,1.82933,1.50,1.09
2017.04.19 13:15:43.300,1.82896,1.82931,1.50,1.00
2017.04.19 13:15:44.406,1.82896,1.82932,1.50,1.00
2017.04.19 13:15:44.922,1.82896,1.82931,1.50,1.00
2017.04.19 13:15:45.074,1.82896,1.82933,1.50,1.00
2017.04.19 13:15:45.362,1.82897,1.82936,1.00,1.71
2017.04.19 13:15:45.546,1.82897,1.82936,1.50,1.71
2017.04.19 13:15:46.023,1.82897,1.82936,1.87,1.46
2017.04.19 13:15:46.564,1.82898,1.82937,1.50,1.46
2017.04.19 13:15:46.952,1.829,1.82937,1.00,1.00
2017.04.19 13:15:47.500,1.82901,1.8294,1.50,1.34
2017.04.19 13:15:47.551,1.82904,1.8294,1.00,1.09
2017.04.19 13:15:47.602,1.82902,1.82943,1.00,1.46
2017.04.19 13:15:47.653,1.82905,1.82943,1.00,1.34
2017.04.19 13:15:47.704,1.82905,1.82943,1.50,1.00
2017.04.19 13:15:47.805,1.82907,1.82944,1.00,1.00
2017.04.19 13:15:48.307,1.82907,1.82945,1.00,1.00
2017.04.19 13:15:48.358,1.82903,1.82945,1.00,1.37
2017.04.19 13:15:48.415,1.82905,1.82945,1.00,4.46
2017.04.19 13:15:48.466,1.82903,1.82945,1.50,4.46
2017.04.19 13:15:48.567,1.82901,1.82939,1.00,1.46
2017.04.19 13:15:48.618,1.82899,1.82937,1.50,1.00
2017.04.19 13:15:49.198,1.829,1.82936,1.00,1.00
2017.04.19 13:15:49.534,1.82897,1.82936,1.50,1.71
2017.04.19 13:15:50.070,1.82896,1.82932,1.50,1.00
2017.04.19 13:15:53.561,1.82896,1.82932,1.87,1.00
2017.04.19 13:15:53.713,1.82899,1.82935,1.00,1.37
2017.04.19 13:15:54.358,1.82895,1.82935,1.00,1.37
2017.04.19 13:15:54.409,1.82898,1.82938,1.50,3.71
2017.04.19 13:15:54.783,1.82901,1.82934,1.00,1.37
2017.04.19 13:15:58.690,1.82902,1.82934,1.00,1.37
2017.04.19 13:15:58.995,1.82902,1.82938,1.50,1.34
2017.04.19 13:15:59.507,1.82901,1.82938,1.50,1.34
2017.04.19 13:15:59.659,1.82902,1.82938,1.00,1.09
2017.04.19 13:16:00.690,1.82902,1.82939,1.00,1.34
2017.04.19 13:16:01.006,1.82906,1.82939,1.00,1.00
2017.04.19 13:16:01.056,1.82906,1.82942,1.00,1.46
2017.04.19 13:16:01.414,1.82909,1.82942,1.00,1.00
2017.04.19 13:16:01.876,1.82907,1.82945,1.50,1.37
2017.04.19 13:16:05.534,1.82908,1.82943,1.00,1.37
2017.04.19 13:16:05.686,1.82906,1.82943,1.00,1.46
2017.04.19 13:16:06.298,1.82905,1.82942,1.50,1.12
2017.04.19 13:16:09.123,1.82915,1.82942,1.00,1.00
2017.04.19 13:16:09.224,1.82913,1.82942,1.50,1.00
2017.04.19 13:16:09.325,1.82912,1.82949,1.50,1.12
2017.04.19 13:16:09.426,1.82915,1.82948,1.00,1.37
2017.04.19 13:16:09.477,1.82913,1.82948,1.00,1.71
2017.04.19 13:16:09.528,1.82911,1.82943,1.00,1.00
2017.04.19 13:16:09.579,1.82907,1.82943,1.50,1.00
2017.04.19 13:16:10.107,1.82907,1.82943,1.00,1.37
2017.04.19 13:16:10.694,1.82907,1.82943,1.00,1.00
2017.04.19 13:16:10.745,1.82907,1.82941,1.00,1.00
2017.04.19 13:16:10.947,1.82907,1.82945,1.50,1.37
2017.04.19 13:16:11.422,1.82907,1.82939,1.00,1.37
2017.04.19 13:16:11.523,1.82905,1.82939,1.00,1.71
2017.04.19 13:16:11.858,1.82911,1.82939,1.00,1.00
2017.04.19 13:16:12.178,1.82927,1.82955,1.00,1.00
2017.04.19 13:16:12.330,1.82926,1.82957,1.50,1.12
2017.04.19 13:16:12.442,1.82924,1.82957,1.00,1.12
2017.04.19 13:16:13.789,1.82924,1.82963,1.00,1.37
2017.04.19 13:16:13.890,1.82924,1.82963,1.00,1.00
2017.04.19 13:16:13.941,1.82926,1.8296,1.00,1.00
2017.04.19 13:16:14.042,1.82927,1.82963,1.00,1.37
2017.04.19 13:16:14.344,1.82929,1.82963,1.00,1.37
2017.04.19 13:16:15.997,1.82928,1.82964,1.50,1.37
2017.04.19 13:16:16.522,1.82929,1.82965,1.50,1.37
2017.04.19 13:16:17.461,1.82929,1.82965,1.50,2.62
2017.04.19 13:16:19.223,1.82929,1.82963,1.00,1.87
2017.04.19 13:16:19.375,1.82924,1.8296,1.00,1.87
2017.04.19 13:16:19.425,1.82923,1.82953,1.00,2.21
2017.04.19 13:16:19.527,1.82918,1.82953,1.50,2.62
2017.04.19 13:16:20.000,1.82918,1.82953,1.00,1.37
2017.04.19 13:16:20.152,1.82918,1.82953,1.50,2.62
2017.04.19 13:16:20.423,1.82918,1.82953,1.00,1.37
2017.04.19 13:16:20.842,1.82918,1.82954,1.00,2.62
2017.04.19 13:16:20.994,1.82918,1.82953,1.50,1.37
2017.04.19 13:16:22.068,1.82918,1.82954,1.00,1.37
2017.04.19 13:16:22.514,1.82918,1.82954,1.00,2.62
2017.04.19 13:16:23.015,1.82917,1.82953,1.00,1.37
2017.04.19 13:16:23.623,1.82917,1.82953,1.00,2.62
2017.04.19 13:16:30.111,1.82917,1.82951,1.00,1.37
2017.04.19 13:16:31.059,1.82916,1.82952,1.00,1.87
2017.04.19 13:16:31.606,1.82915,1.82951,1.00,1.37
2017.04.19 13:16:31.813,1.82915,1.82951,1.00,1.37
2017.04.19 13:16:32.435,1.82915,1.82951,1.00,1.37
2017.04.19 13:16:34.450,1.82916,1.82951,1.00,1.37
2017.04.19 13:16:34.551,1.82917,1.82951,1.00,1.12
2017.04.19 13:16:38.518,1.82923,1.82951,1.00,1.00
2017.04.19 13:16:38.568,1.82924,1.82957,1.00,1.00
2017.04.19 13:16:38.619,1.82927,1.82957,1.00,1.00
2017.04.19 13:16:38.670,1.82927,1.82964,1.00,1.37
2017.04.19 13:16:38.873,1.82926,1.82958,1.00,1.00
2017.04.19 13:16:39.075,1.82926,1.82961,1.00,1.37
2017.04.19 13:16:39.177,1.82928,1.82963,1.00,1.37
2017.04.19 13:16:39.228,1.82928,1.82963,1.00,1.00
2017.04.19 13:16:39.481,1.8293,1.82963,1.00,1.00
2017.04.19 13:16:39.683,1.8293,1.82965,1.00,1.00
2017.04.19 13:16:39.784,1.8293,1.82963,1.00,1.00
2017.04.19 13:16:40.277,1.82928,1.82961,1.00,1.00
2017.04.19 13:16:40.480,1.82929,1.82964,1.50,1.00
2017.04.19 13:16:40.531,1.82931,1.82964,1.00,1.00
2017.04.19 13:16:41.657,1.82931,1.82966,1.50,1.00
2017.04.19 13:16:42.016,1.82933,1.82969,1.00,1.37
2017.04.19 13:16:45.429,1.82925,1.82962,1.00,2.21
2017.04.19 13:16:45.531,1.8292,1.82961,2.25,1.71
2017.04.19 13:16:45.582,1.8292,1.82955,1.50,1.00
2017.04.19 13:16:46.230,1.8292,1.82954,1.50,1.00
2017.04.19 13:16:46.369,1.8292,1.82956,1.50,1.00
2017.04.19 13:16:46.420,1.82922,1.82956,1.00,1.00
2017.04.19 13:16:50.543,1.82923,1.82956,1.00,1.00
2017.04.19 13:16:51.520,1.82922,1.82956,1.00,1.00
2017.04.19 13:16:52.170,1.82921,1.82956,1.50,1.00
2017.04.19 13:16:52.482,1.82921,1.82954,1.50,1.00
2017.04.19 13:16:52.729,1.82921,1.82956,1.50,1.00
2017.04.19 13:16:56.183,1.82921,1.82958,1.50,1.00
2017.04.19 13:16:56.847,1.82922,1.82958,1.12,1.00
2017.04.19 13:16:57.049,1.82924,1.82957,1.00,1.00
2017.04.19 13:16:57.200,1.82924,1.82961,1.00,1.00
2017.04.19 13:16:57.356,1.82924,1.82959,1.00,1.00
2017.04.19 13:16:58.344,1.82923,1.82959,1.00,1.00
2017.04.19 13:16:58.496,1.82923,1.82962,1.00,1.12
2017.04.19 13:16:58.772,1.82922,1.82958,1.50,1.00
2017.04.19 13:16:59.108,1.82929,1.82958,1.00,1.00
2017.04.19 13:16:59.159,1.82931,1.82965,1.12,1.00
2017.04.19 13:16:59.210,1.82933,1.82965,1.12,1.00
2017.04.19 13:16:59.261,1.82933,1.82968,1.87,1.00
2017.04.19 13:17:00.191,1.82933,1.82971,1.12,1.00
2017.04.19 13:17:00.746,1.82931,1.82971,1.50,1.37
2017.04.19 13:17:00.797,1.82932,1.82971,1.00,1.37
2017.04.19 13:17:01.161,1.82931,1.82964,1.00,1.00
2017.04.19 13:17:01.211,1.82927,1.82964,1.50,1.00
2017.04.19 13:17:01.519,1.82929,1.82965,1.00,1.00
2017.04.19 13:17:02.029,1.82928,1.82964,1.50,1.00
2017.04.19 13:17:02.324,1.82926,1.82964,1.12,1.00
2017.04.19 13:17:03.069,1.82928,1.82964,1.00,1.00
2017.04.19 13:17:03.120,1.82926,1.82964,1.00,1.12
2017.04.19 13:17:03.221,1.82923,1.82959,1.50,2.62
2017.04.19 13:17:03.322,1.82919,1.82958,1.00,1.37
2017.04.19 13:17:04.112,1.82919,1.82955,1.00,1.37
2017.04.19 13:17:04.463,1.82919,1.82955,1.00,2.62
2017.04.19 13:17:05.271,1.82918,1.82955,1.00,2.62
2017.04.19 13:17:05.758,1.82919,1.82957,1.00,1.37
2017.04.19 13:17:06.317,1.8292,1.82959,1.00,1.37
2017.04.19 13:17:06.867,1.82921,1.82959,1.50,1.37
2017.04.19 13:17:07.124,1.82927,1.82957,1.00,1.87
2017.04.19 13:17:07.691,1.8293,1.82964,1.50,1.37
2017.04.19 13:17:07.843,1.8293,1.82965,1.50,1.37
2017.04.19 13:17:07.894,1.82932,1.82965,1.00,1.37
2017.04.19 13:17:08.197,1.82931,1.8296,1.00,1.00
2017.04.19 13:17:08.248,1.82931,1.82965,1.50,1.37
2017.04.19 13:17:09.397,1.82931,1.82965,1.50,1.37
2017.04.19 13:17:09.591,1.82931,1.82965,1.87,1.00
2017.04.19 13:17:09.642,1.82933,1.82967,1.12,1.00
2017.04.19 13:17:09.743,1.82934,1.82968,1.37,1.00
2017.04.19 13:17:09.844,1.82936,1.82973,1.00,1.00
2017.04.19 13:17:09.996,1.82934,1.82973,1.12,1.00
2017.04.19 13:17:10.047,1.82934,1.8297,1.87,1.00
2017.04.19 13:17:10.395,1.82938,1.82971,1.37,1.00
2017.04.19 13:17:10.446,1.82938,1.82971,1.37,1.00
2017.04.19 13:17:10.598,1.82937,1.82971,1.00,1.00
2017.04.19 13:17:10.648,1.82937,1.82969,1.00,1.34
2017.04.19 13:17:10.800,1.82933,1.82967,1.00,1.00
2017.04.19 13:17:10.852,1.82931,1.82961,1.00,1.00
2017.04.19 13:17:11.155,1.82928,1.82963,1.37,1.00
2017.04.19 13:17:11.349,1.82928,1.82961,1.37,1.00
2017.04.19 13:17:11.891,1.82929,1.82961,1.37,1.00
2017.04.19 13:17:12.058,1.82929,1.82961,1.37,1.00
2017.04.19 13:17:12.117,1.82929,1.82963,1.37,1.00
2017.04.19 13:17:12.319,1.82929,1.8296,1.37,1.00
2017.04.19 13:17:12.521,1.82929,1.82963,1.37,1.00
2017.04.19 13:17:13.063,1.82929,1.82963,1.37,1.00
2017.04.19 13:17:13.115,1.82929,1.82963,1.37,1.00
2017.04.19 13:17:13.368,1.82941,1.82973,1.37,1.00
2017.04.19 13:17:13.775,1.82938,1.82971,1.87,1.00
2017.04.19 13:17:13.926,1.82939,1.82974,1.37,1.00
2017.04.19 13:17:14.128,1.82942,1.82976,1.37,1.00
2017.04.19 13:17:14.431,1.82942,1.82974,1.00,1.00
2017.04.19 13:17:14.533,1.82941,1.82971,1.87,1.00
2017.04.19 13:17:14.634,1.82941,1.82973,1.37,1.00
2017.04.19 13:17:14.752,1.82941,1.8297,1.00,1.00
2017.04.19 13:17:14.803,1.82939,1.8297,1.00,1.00
2017.04.19 13:17:14.854,1.82931,1.82968,1.87,1.00
2017.04.19 13:17:14.905,1.82936,1.82968,1.37,1.00
2017.04.19 13:17:15.141,1.82936,1.8297,1.87,1.00
2017.04.19 13:17:15.644,1.82944,1.82974,1.37,1.00
2017.04.19 13:17:15.745,1.82947,1.82981,1.37,1.00
2017.04.19 13:17:16.158,1.82947,1.82982,1.12,1.00
2017.04.19 13:17:16.432,1.82942,1.82978,1.00,1.09
2017.04.19 13:17:16.533,1.82942,1.82972,1.37,1.00
2017.04.19 13:17:16.692,1.82941,1.82978,1.37,1.00
2017.04.19 13:17:16.954,1.82945,1.8298,1.12,1.00
2017.04.19 13:17:17.535,1.82946,1.8298,1.50,1.00
2017.04.19 13:17:17.636,1.82946,1.82983,1.00,1.00
2017.04.19 13:17:17.853,1.82946,1.82979,1.00,1.00
2017.04.19 13:17:17.904,1.82942,1.82979,1.50,1.00
2017.04.19 13:17:18.055,1.82942,1.82977,1.00,1.84
2017.04.19 13:17:18.156,1.82942,1.82974,1.00,1.00
2017.04.19 13:17:18.257,1.82942,1.82972,1.00,1.00
2017.04.19 13:17:18.308,1.82936,1.82972,1.37,1.00
2017.04.19 13:17:18.490,1.82937,1.82974,1.37,1.00
2017.04.19 13:17:18.942,1.82937,1.82971,1.37,1.00
2017.04.19 13:17:19.055,1.82937,1.82973,1.37,1.00
2017.04.19 13:17:19.561,1.82939,1.82971,1.00,1.00
2017.04.19 13:17:19.663,1.82939,1.82975,1.00,1.34
2017.04.19 13:17:19.764,1.82937,1.82972,1.37,1.00
2017.04.19 13:17:20.287,1.82938,1.82973,1.12,1.00
2017.04.19 13:17:20.656,1.82938,1.8297,1.12,1.00
2017.04.19 13:17:21.122,1.82939,1.8297,1.37,1.00
2017.04.19 13:17:21.194,1.82939,1.82972,1.37,1.00
2017.04.19 13:17:21.558,1.82937,1.82972,1.87,1.00
2017.04.19 13:17:21.659,1.82932,1.82974,1.87,1.09
2017.04.19 13:17:21.710,1.82934,1.82974,1.37,1.50
2017.04.19 13:17:22.013,1.82933,1.82968,1.37,1.00
2017.04.19 13:17:22.064,1.82932,1.82968,1.12,1.00
2017.04.19 13:17:22.770,1.82931,1.82967,1.87,1.00
2017.04.19 13:17:24.459,1.82942,1.82967,1.00,1.00
2017.04.19 13:17:24.510,1.82938,1.82967,1.12,1.00
2017.04.19 13:17:24.561,1.82941,1.82974,1.37,1.00
2017.04.19 13:17:24.662,1.82941,1.82977,1.87,1.00
2017.04.19 13:17:25.371,1.8294,1.82977,1.37,1.00
2017.04.19 13:17:25.422,1.8294,1.82977,1.87,1.34
2017.04.19 13:17:25.523,1.82938,1.82976,1.87,1.09
2017.04.19 13:17:25.749,1.82937,1.82973,1.37,1.00
2017.04.19 13:17:26.128,1.82937,1.82971,1.37,1.00
2017.04.19 13:17:26.510,1.82937,1.82969,1.37,1.00
2017.04.19 13:17:26.826,1.82937,1.82969,1.87,1.00
2017.04.19 13:17:26.877,1.8294,1.82972,1.37,1.00
2017.04.19 13:17:27.570,1.82937,1.82972,1.37,1.00
2017.04.19 13:17:27.671,1.82931,1.82959,1.00,1.00
2017.04.19 13:17:27.721,1.82926,1.82961,1.37,1.00
2017.04.19 13:17:28.734,1.82923,1.82956,1.37,1.00
2017.04.19 13:17:28.835,1.82923,1.82959,1.37,1.00
2017.04.19 13:17:30.341,1.82923,1.82959,1.37,1.00
2017.04.19 13:17:30.442,1.8292,1.82954,1.37,1.00
2017.04.19 13:17:30.543,1.82914,1.82949,1.37,1.00
2017.04.19 13:17:30.644,1.82911,1.82949,1.84,1.00
2017.04.19 13:17:31.347,1.82911,1.8295,1.37,1.00
2017.04.19 13:17:31.977,1.82911,1.82949,1.37,1.00
2017.04.19 13:17:32.377,1.82911,1.82949,1.37,1.00
2017.04.19 13:17:34.063,1.82911,1.82949,1.37,1.00
2017.04.19 13:17:34.536,1.82916,1.82952,1.37,1.00
2017.04.19 13:17:34.587,1.82913,1.82952,2.21,1.00
2017.04.19 13:17:34.817,1.82921,1.82959,1.46,1.00
2017.04.19 13:17:35.120,1.82921,1.82962,1.37,1.00
2017.04.19 13:17:36.329,1.82923,1.82963,1.37,1.00
2017.04.19 13:17:37.245,1.82923,1.82961,1.37,1.00
2017.04.19 13:17:37.397,1.8292,1.8296,1.37,1.00
2017.04.19 13:17:39.660,1.8292,1.82958,1.37,1.00
2017.04.19 13:17:39.734,1.8292,1.82954,1.37,1.00
2017.04.19 13:17:40.078,1.82913,1.82953,2.25,1.00
2017.04.19 13:17:40.280,1.82917,1.82955,1.37,1.00
2017.04.19 13:17:40.900,1.82917,1.82956,1.37,1.00
2017.04.19 13:17:41.002,1.82917,1.82956,1.37,1.00
2017.04.19 13:17:41.053,1.82917,1.82949,1.37,1.00
2017.04.19 13:17:41.103,1.82917,1.82949,1.37,1.00
2017.04.19 13:17:41.154,1.82909,1.82945,1.75,1.50
2017.04.19 13:17:41.205,1.82909,1.82943,1.75,1.00
2017.04.19 13:17:41.548,1.82909,1.82943,1.71,1.00
2017.04.19 13:17:41.599,1.82915,1.82954,1.37,1.00
2017.04.19 13:17:42.120,1.82915,1.82954,1.87,1.00
2017.04.19 13:17:42.626,1.82915,1.82953,1.87,1.00
2017.04.19 13:17:43.178,1.82915,1.82953,1.87,1.00
2017.04.19 13:17:43.702,1.82915,1.82952,1.87,1.00
2017.04.19 13:17:43.803,1.82915,1.82954,1.37,1.00
2017.04.19 13:17:44.508,1.82915,1.82954,1.37,1.00
2017.04.19 13:17:45.042,1.82915,1.82955,1.37,1.00
2017.04.19 13:17:45.333,1.82915,1.82954,1.37,1.00
2017.04.19 13:17:45.384,1.82915,1.82952,1.37,1.00
2017.04.19 13:17:46.260,1.82913,1.82953,1.37,1.00
2017.04.19 13:17:46.563,1.82907,1.82945,1.71,1.00
2017.04.19 13:17:46.614,1.82907,1.82945,1.37,1.00
2017.04.19 13:17:46.698,1.82907,1.8294,1.37,1.00
2017.04.19 13:17:46.749,1.82904,1.82938,1.37,1.00
2017.04.19 13:17:47.130,1.82902,1.82938,2.21,1.00
2017.04.19 13:17:47.181,1.82906,1.82947,1.71,1.50
2017.04.19 13:17:47.232,1.82909,1.82949,2.21,1.00
2017.04.19 13:17:47.657,1.82911,1.82951,1.37,1.00
2017.04.19 13:17:48.383,1.82911,1.82951,1.37,1.00
2017.04.19 13:17:48.534,1.82911,1.82945,1.37,1.00
2017.04.19 13:17:48.585,1.82907,1.82947,1.37,1.50
2017.04.19 13:17:48.636,1.82907,1.8294,1.37,1.00
2017.04.19 13:17:48.687,1.82902,1.82939,1.37,1.00
2017.04.19 13:17:48.990,1.82901,1.82938,1.37,1.00
2017.04.19 13:17:49.141,1.82901,1.82938,1.37,1.00
2017.04.19 13:17:49.344,1.82901,1.82941,1.37,1.50
2017.04.19 13:17:49.546,1.82901,1.82938,1.37,1.00
2017.04.19 13:17:50.191,1.82901,1.82939,1.37,1.00
2017.04.19 13:17:51.310,1.82901,1.82939,1.37,1.00
2017.04.19 13:17:51.906,1.82901,1.82939,1.37,1.00
2017.04.19 13:17:52.288,1.82901,1.82937,1.37,1.00
2017.04.19 13:17:53.342,1.82901,1.82937,1.37,1.00
2017.04.19 13:17:56.857,1.82901,1.82938,1.37,1.50
2017.04.19 13:17:58.138,1.82901,1.8294,1.37,1.50
2017.04.19 13:17:58.239,1.82901,1.82941,2.62,1.00
2017.04.19 13:17:58.616,1.82906,1.82942,1.37,1.00
2017.04.19 13:17:58.667,1.82906,1.82939,1.37,1.00
2017.04.19 13:17:59.622,1.82901,1.8294,1.37,1.00
2017.04.19 13:18:00.129,1.82901,1.82941,1.37,1.00
2017.04.19 13:18:00.824,1.82904,1.82941,1.37,1.00
2017.04.19 13:18:01.545,1.82904,1.8294,1.37,1.00
2017.04.19 13:18:02.561,1.82901,1.8294,1.37,1.00
2017.04.19 13:18:04.216,1.82903,1.82942,1.87,1.50
2017.04.19 13:18:04.688,1.82904,1.82942,1.37,1.00
2017.04.19 13:18:05.228,1.82905,1.82943,1.37,1.00
2017.04.19 13:18:05.671,1.82903,1.82943,1.87,1.00
2017.04.19 13:18:05.823,1.82903,1.82942,1.87,1.00
2017.04.19 13:18:06.793,1.82905,1.82944,1.37,1.00
2017.04.19 13:18:06.895,1.82907,1.82945,1.37,1.00
2017.04.19 13:18:06.996,1.82911,1.82951,1.37,1.00
2017.04.19 13:18:07.097,1.82914,1.82953,1.37,1.00
2017.04.19 13:18:07.610,1.82914,1.82954,1.37,1.00
2017.04.19 13:18:08.112,1.82914,1.82955,1.37,1.50
2017.04.19 13:18:09.810,1.82921,1.82955,1.00,1.00
2017.04.19 13:18:11.308,1.82923,1.82955,1.00,1.00
2017.04.19 13:18:11.603,1.82923,1.82959,1.50,1.00
2017.04.19 13:18:12.119,1.82923,1.82956,1.50,1.00
2017.04.19 13:18:12.465,1.82923,1.82955,1.37,1.00
2017.04.19 13:18:13.208,1.82923,1.82956,1.37,1.00
2017.04.19 13:18:13.259,1.82918,1.82956,1.37,1.00
2017.04.19 13:18:13.310,1.8292,1.82954,1.00,1.00
2017.04.19 13:18:13.361,1.82918,1.82954,1.12,1.00
2017.04.19 13:18:13.554,1.8292,1.82955,1.00,1.00
2017.04.19 13:18:13.924,1.8292,1.82955,1.37,1.00
2017.04.19 13:18:14.076,1.82922,1.82955,1.12,1.00
2017.04.19 13:18:14.228,1.82922,1.82955,1.37,1.00
2017.04.19 13:18:14.774,1.82922,1.82954,1.37,1.00
2017.04.19 13:18:14.825,1.82922,1.82958,1.37,1.00
2017.04.19 13:18:14.876,1.82922,1.82958,1.87,1.00
2017.04.19 13:18:15.636,1.82922,1.82957,1.87,1.00
2017.04.19 13:18:15.909,1.8292,1.82957,1.00,1.12
2017.04.19 13:18:15.960,1.8292,1.82952,1.00,1.00
2017.04.19 13:18:16.011,1.82918,1.82952,1.00,1.00
2017.04.19 13:18:16.062,1.82914,1.82949,1.00,1.00
2017.04.19 13:18:16.113,1.82912,1.82945,1.50,1.00
2017.04.19 13:18:16.462,1.82911,1.82945,1.87,1.00
2017.04.19 13:18:17.514,1.82911,1.82943,1.37,1.00
2017.04.19 13:18:17.915,1.82911,1.82946,1.37,1.00
2017.04.19 13:18:18.558,1.8291,1.82944,1.87,1.00
2017.04.19 13:18:19.084,1.8291,1.82943,1.37,1.00
2017.04.19 13:18:19.236,1.8291,1.82946,1.87,1.00
2017.04.19 13:18:21.113,1.8291,1.82946,1.87,1.00
2017.04.19 13:18:22.287,1.8291,1.82946,1.87,1.00
2017.04.19 13:18:22.338,1.8291,1.82943,1.87,1.00
2017.04.19 13:18:24.764,1.8291,1.82943,1.37,1.00
2017.04.19 13:18:28.153,1.82909,1.82941,1.37,1.00
2017.04.19 13:18:28.809,1.82909,1.82939,1.37,1.00
2017.04.19 13:18:29.138,1.82901,1.82939,1.00,1.34
2017.04.19 13:18:29.240,1.82899,1.82926,1.37,1.00
2017.04.19 13:18:29.290,1.82899,1.82926,1.00,1.00
2017.04.19 13:18:29.643,1.82893,1.82928,1.87,1.00
2017.04.19 13:18:30.181,1.82893,1.82928,1.37,1.00
2017.04.19 13:18:30.987,1.82893,1.82928,1.37,1.00
2017.04.19 13:18:31.189,1.82893,1.82929,1.87,1.00
2017.04.19 13:18:33.569,1.82893,1.82929,1.87,1.00
2017.04.19 13:18:35.059,1.82893,1.82929,1.87,1.00
2017.04.19 13:18:35.160,1.82894,1.82929,1.00,1.00
2017.04.19 13:18:35.766,1.82893,1.82929,1.50,1.37
2017.04.19 13:18:37.445,1.82893,1.82929,1.50,1.12
2017.04.19 13:18:38.312,1.82893,1.8293,1.50,1.37
2017.04.19 13:18:39.330,1.82894,1.8293,1.00,1.37
2017.04.19 13:18:39.531,1.82894,1.8293,1.00,1.00
2017.04.19 13:18:39.583,1.82897,1.8293,1.00,1.00
2017.04.19 13:18:39.886,1.82898,1.82933,1.00,1.00
2017.04.19 13:18:39.987,1.82898,1.8293,1.00,1.00
2017.04.19 13:18:40.140,1.82898,1.82932,1.00,1.00
2017.04.19 13:18:40.650,1.82897,1.82932,1.50,1.12
2017.04.19 13:18:42.543,1.82899,1.82932,1.50,1.12
2017.04.19 13:18:45.141,1.82899,1.82934,1.87,1.09
2017.04.19 13:18:49.240,1.82899,1.82934,1.37,1.00
2017.04.19 13:18:50.901,1.82899,1.82934,1.37,1.00
2017.04.19 13:18:54.196,1.82899,1.82933,1.87,1.00
2017.04.19 13:18:54.464,1.82899,1.82933,1.50,1.12
2017.04.19 13:18:55.008,1.829,1.82934,1.00,1.37
2017.04.19 13:18:55.598,1.829,1.82934,1.00,1.37
2017.04.19 13:18:56.104,1.82899,1.82934,1.50,1.37
2017.04.19 13:18:57.226,1.829,1.82934,1.00,1.37
2017.04.19 13:18:57.744,1.82899,1.82931,1.00,1.00
2017.04.19 13:18:57.895,1.82899,1.82933,1.00,1.12
2017.04.19 13:18:59.141,1.829,1.82933,1.00,1.12
2017.04.19 13:18:59.258,1.82898,1.82933,1.50,1.12
2017.04.19 13:19:00.014,1.82901,1.82933,1.00,1.37
2017.04.19 13:19:00.347,1.82906,1.82937,1.00,1.37
2017.04.19 13:19:00.650,1.82911,1.8294,1.00,1.00
2017.04.19 13:19:00.701,1.82912,1.82946,1.00,1.37
2017.04.19 13:19:00.751,1.82914,1.82946,1.00,1.37
2017.04.19 13:19:00.802,1.82916,1.82946,1.00,1.12
2017.04.19 13:19:02.163,1.82916,1.82952,1.50,2.21
2017.04.19 13:19:02.635,1.82918,1.82952,1.00,1.46
2017.04.19 13:19:03.175,1.8292,1.82954,1.00,2.62
2017.04.19 13:19:03.781,1.82919,1.82954,1.50,2.62
2017.04.19 13:19:03.883,1.82917,1.82953,1.50,1.87
2017.04.19 13:19:03.934,1.82916,1.82951,1.50,1.87
2017.04.19 13:19:04.035,1.82914,1.82953,1.00,2.96
2017.04.19 13:19:04.086,1.82914,1.82951,1.00,1.87
2017.04.19 13:19:04.389,1.82915,1.82949,1.50,1.87
2017.04.19 13:19:06.322,1.82919,1.8295,1.00,1.00
2017.04.19 13:19:06.373,1.82919,1.82953,1.00,1.00
2017.04.19 13:19:06.424,1.82921,1.82953,1.00,1.00
2017.04.19 13:19:06.475,1.82923,1.82958,1.00,1.37
2017.04.19 13:19:06.526,1.82928,1.82958,1.00,1.37
2017.04.19 13:19:06.577,1.82933,1.82963,1.00,1.37
2017.04.19 13:19:06.678,1.82935,1.82968,1.00,1.00
2017.04.19 13:19:06.729,1.82939,1.82968,1.00,1.00
2017.04.19 13:19:06.780,1.82939,1.82975,1.00,2.21
2017.04.19 13:19:06.983,1.82941,1.82975,1.50,1.87
2017.04.19 13:19:07.209,1.82939,1.82975,1.50,1.87
2017.04.19 13:19:08.050,1.8294,1.82975,1.00,1.87
2017.04.19 13:19:08.258,1.8294,1.82973,1.00,1.87
2017.04.19 13:19:08.392,1.8294,1.82976,1.00,3.37
2017.04.19 13:19:08.443,1.82946,1.82976,1.00,2.62
2017.04.19 13:19:08.494,1.82949,1.82978,1.00,1.12
2017.04.19 13:19:08.689,1.82949,1.8298,1.00,1.00
2017.04.19 13:19:08.740,1.82951,1.82987,1.50,1.87
2017.04.19 13:19:08.993,1.82941,1.82978,1.00,2.21
2017.04.19 13:19:09.297,1.82943,1.82978,1.00,1.87
2017.04.19 13:19:09.590,1.82944,1.82976,1.50,1.37
2017.04.19 13:19:11.904,1.82945,1.82979,1.00,1.37
2017.04.19 13:19:12.056,1.82948,1.82981,1.00,1.87
2017.04.19 13:19:12.581,1.82945,1.8298,1.00,1.87
2017.04.19 13:19:12.785,1.82943,1.82979,1.00,1.87
2017.04.19 13:19:13.203,1.82941,1.82976,1.50,1.37
2017.04.19 13:19:13.532,1.82931,1.82963,1.00,1.37
2017.04.19 13:19:13.583,1.82927,1.82961,1.50,1.37
2017.04.19 13:19:14.130,1.82927,1.82961,1.00,1.37
2017.04.19 13:19:14.634,1.82926,1.82959,1.00,1.37
2017.04.19 13:19:14.836,1.82926,1.8296,1.00,1.54
2017.04.19 13:19:15.038,1.82927,1.82958,1.00,1.00
2017.04.19 13:19:15.342,1.82925,1.82957,1.50,1.07
2017.04.19 13:19:16.283,1.82925,1.82955,1.50,1.07
2017.04.19 13:19:16.561,1.82925,1.82957,1.50,1.00
2017.04.19 13:19:16.946,1.82935,1.82958,1.00,1.00
2017.04.19 13:19:16.997,1.82937,1.82963,1.00,1.00
2017.04.19 13:19:17.099,1.82936,1.82967,1.50,1.37
2017.04.19 13:19:17.621,1.82935,1.82964,1.00,1.87
2017.04.19 13:19:17.926,1.82935,1.82955,1.00,1.00
2017.04.19 13:19:18.106,1.82919,1.82955,1.37,1.00
2017.04.19 13:19:18.157,1.82923,1.8296,1.00,1.12
2017.04.19 13:19:18.801,1.82925,1.8296,1.00,1.00
2017.04.19 13:19:18.902,1.82925,1.82962,1.50,1.00
2017.04.19 13:19:19.067,1.82927,1.82962,1.00,1.00
2017.04.19 13:19:19.568,1.82927,1.82961,1.00,1.00
2017.04.19 13:19:19.876,1.82924,1.82955,1.00,1.00
2017.04.19 13:19:20.389,1.82923,1.82956,1.50,1.00
2017.04.19 13:19:20.890,1.82923,1.82955,1.50,1.00
2017.04.19 13:19:21.462,1.82922,1.82955,1.00,1.00
2017.04.19 13:19:21.988,1.82922,1.82954,1.00,1.00
2017.04.19 13:19:22.039,1.82926,1.82959,1.00,1.00
2017.04.19 13:19:22.241,1.82928,1.82956,1.00,1.00
2017.04.19 13:19:22.342,1.82924,1.82956,1.00,1.00
2017.04.19 13:19:22.393,1.82924,1.82958,1.00,1.00
2017.04.19 13:19:22.656,1.82924,1.82955,1.00,1.00
2017.04.19 13:19:22.858,1.82917,1.82951,1.37,1.00
2017.04.19 13:19:23.418,1.82914,1.82952,2.21,1.00
2017.04.19 13:19:23.519,1.82914,1.82958,2.21,1.50
2017.04.19 13:19:23.772,1.82914,1.82958,3.71,1.50
2017.04.19 13:19:24.246,1.82918,1.82956,1.37,1.00
2017.04.19 13:19:24.347,1.8292,1.82959,1.37,1.00
2017.04.19 13:19:24.629,1.8292,1.82957,1.87,1.00
2017.04.19 13:19:25.058,1.82919,1.82952,1.37,1.00
2017.04.19 13:19:25.418,1.82919,1.82955,1.37,1.00
2017.04.19 13:19:25.717,1.82919,1.82955,1.37,1.00
2017.04.19 13:19:26.030,1.82919,1.82952,1.37,1.00
2017.04.19 13:19:26.132,1.82919,1.82954,1.37,1.00
2017.04.19 13:19:26.716,1.82919,1.82952,1.37,1.00
2017.04.19 13:19:26.908,1.82919,1.82956,1.37,1.00
2017.04.19 13:19:27.130,1.82919,1.82953,1.37,1.00
2017.04.19 13:19:27.231,1.82919,1.82955,1.37,1.00
2017.04.19 13:19:28.059,1.82919,1.82955,1.37,1.00
2017.04.19 13:19:28.664,1.82919,1.82955,1.37,1.00
2017.04.19 13:19:29.197,1.8292,1.82956,1.37,1.00
2017.04.19 13:19:31.180,1.82921,1.82956,1.37,1.00
2017.04.19 13:19:31.332,1.82927,1.8296,1.37,1.00
2017.04.19 13:19:31.382,1.8293,1.8296,1.12,1.00
2017.04.19 13:19:31.534,1.82929,1.82963,1.12,1.50
2017.04.19 13:19:31.635,1.82929,1.82963,1.37,1.00
2017.04.19 13:19:31.686,1.82929,1.82963,1.37,1.00
2017.04.19 13:19:31.787,1.8293,1.82963,1.37,1.00
2017.04.19 13:19:32.090,1.82933,1.82965,1.00,1.00
2017.04.19 13:19:32.141,1.82929,1.82965,1.50,1.00
2017.04.19 13:19:32.192,1.82929,1.82966,1.37,1.00
2017.04.19 13:19:32.511,1.82929,1.82961,1.00,1.00
2017.04.19 13:19:32.691,1.82942,1.82976,1.00,1.00
2017.04.19 13:19:32.742,1.8295,1.82974,1.37,1.00
2017.04.19 13:19:32.793,1.8295,1.82974,1.00,1.00
2017.04.19 13:19:32.844,1.8295,1.82981,1.00,1.37
2017.04.19 13:19:32.995,1.82942,1.82982,1.00,1.37
2017.04.19 13:19:33.248,1.8294,1.82978,1.00,1.00
2017.04.19 13:19:33.649,1.8294,1.82977,1.00,1.37
2017.04.19 13:19:34.562,1.82941,1.82977,1.00,1.37
2017.04.19 13:19:34.711,1.82941,1.82977,1.00,1.37
2017.04.19 13:19:34.762,1.82939,1.82977,1.00,1.37
2017.04.19 13:19:35.034,1.82941,1.82977,1.00,1.37
2017.04.19 13:19:35.261,1.82936,1.82977,1.00,1.37
2017.04.19 13:19:35.312,1.82933,1.82969,1.50,1.37
2017.04.19 13:19:35.615,1.82934,1.82969,1.00,1.37
2017.04.19 13:19:35.767,1.82931,1.82969,1.00,1.37
2017.04.19 13:19:37.774,1.82933,1.82969,1.00,1.37
2017.04.19 13:19:38.763,1.82934,1.82969,1.00,1.12
2017.04.19 13:19:43.055,1.82934,1.82969,1.00,1.37
2017.04.19 13:19:47.525,1.82934,1.82966,1.00,1.00
2017.04.19 13:19:47.728,1.82932,1.82966,1.00,1.00
2017.04.19 13:19:47.829,1.82932,1.82969,1.00,1.37
2017.04.19 13:19:49.132,1.82932,1.82969,1.00,1.37
2017.04.19 13:19:49.705,1.82931,1.82967,1.00,1.12
2017.04.19 13:19:49.756,1.82931,1.82967,1.00,1.37
2017.04.19 13:19:50.297,1.82927,1.82967,1.00,1.87
2017.04.19 13:19:50.925,1.82926,1.82967,1.00,1.87
2017.04.19 13:19:51.326,1.82926,1.82963,1.00,1.00
2017.04.19 13:19:51.663,1.82917,1.82955,1.37,1.00
2017.04.19 13:19:51.714,1.82917,1.82957,1.37,1.00
2017.04.19 13:19:51.765,1.82915,1.82956,2.62,1.00
2017.04.19 13:19:51.866,1.82917,1.82959,1.37,1.50
2017.04.19 13:19:53.528,1.82917,1.82958,1.37,1.00
2017.04.19 13:19:54.144,1.82917,1.82958,1.37,1.00
2017.04.19 13:19:54.972,1.82916,1.82958,1.87,1.50
2017.04.19 13:19:55.073,1.82914,1.82957,1.37,1.50
2017.04.19 13:19:55.386,1.82914,1.82955,1.37,1.00
2017.04.19 13:19:55.755,1.82914,1.82957,1.87,1.50
2017.04.19 13:19:56.299,1.82914,1.82956,1.37,1.12
2017.04.19 13:19:56.816,1.82915,1.82957,1.37,1.00
2017.04.19 13:19:56.967,1.82922,1.82957,1.37,1.00
2017.04.19 13:19:57.068,1.82922,1.82963,1.37,1.12
2017.04.19 13:19:57.119,1.82922,1.82963,1.12,1.12
2017.04.19 13:19:57.315,1.82924,1.82965,1.37,1.12
2017.04.19 13:19:57.618,1.82924,1.82967,1.87,1.50
2017.04.19 13:19:57.922,1.8293,1.8297,1.87,1.00
2017.04.19 13:19:58.300,1.82932,1.82972,1.00,1.00
2017.04.19 13:19:58.835,1.82933,1.82972,1.00,1.00
2017.04.19 13:19:59.317,1.82932,1.82971,1.00,1.37
2017.04.19 13:19:59.468,1.8293,1.8297,1.00,1.37
2017.04.19 13:20:00.056,1.8293,1.8297,1.50,1.12
2017.04.19 13:20:00.486,1.8293,1.8297,1.87,1.00
2017.04.19 13:20:00.537,1.8293,1.82972,1.87,1.00
2017.04.19 13:20:00.588,1.82932,1.82972,1.87,1.00
2017.04.19 13:20:00.639,1.82933,1.82973,1.37,1.00
2017.04.19 13:20:00.741,1.8293,1.82964,1.00,1.00
2017.04.19 13:20:00.791,1.8293,1.82966,1.00,1.00
2017.04.19 13:20:00.843,1.82925,1.82963,1.50,1.00
2017.04.19 13:20:01.233,1.82923,1.82961,1.37,1.00
2017.04.19 13:20:01.536,1.82929,1.8297,3.71,1.00
2017.04.19 13:20:01.587,1.82935,1.82974,1.00,1.00
2017.04.19 13:20:01.689,1.82939,1.82973,1.00,1.12
2017.04.19 13:20:01.840,1.82928,1.82965,1.50,1.00
2017.04.19 13:20:01.891,1.82928,1.82965,1.00,1.00
2017.04.19 13:20:01.942,1.82927,1.82963,1.12,1.00
2017.04.19 13:20:02.248,1.82927,1.82966,1.37,1.00
2017.04.19 13:20:02.349,1.82927,1.82968,1.37,1.50
2017.04.19 13:20:02.652,1.82927,1.82965,1.37,1.00
2017.04.19 13:20:02.946,1.82927,1.82965,1.37,1.00
2017.04.19 13:20:02.997,1.82927,1.82967,1.71,1.00
2017.04.19 13:20:03.300,1.8294,1.82975,1.00,1.00
2017.04.19 13:20:03.402,1.82937,1.82978,1.87,1.50
2017.04.19 13:20:03.553,1.8294,1.82979,2.62,1.00
2017.04.19 13:20:04.127,1.82944,1.8298,1.37,1.00
2017.04.19 13:20:04.679,1.8294,1.8298,1.37,1.00
2017.04.19 13:20:04.982,1.82938,1.82977,2.62,1.00
2017.04.19 13:20:05.558,1.82939,1.82977,1.87,1.00
2017.04.19 13:20:05.814,1.82937,1.82977,1.37,1.00
2017.04.19 13:20:05.865,1.82937,1.82974,1.37,1.00
2017.04.19 13:20:06.149,1.82935,1.82973,1.50,1.37
2017.04.19 13:20:06.714,1.82935,1.82971,1.50,1.00
2017.04.19 13:20:07.285,1.82936,1.82972,1.00,1.00
2017.04.19 13:20:07.386,1.82938,1.82971,1.00,1.00
2017.04.19 13:20:07.538,1.82938,1.82973,1.00,1.00
2017.04.19 13:20:07.589,1.82936,1.82974,1.00,1.12
2017.04.19 13:20:07.640,1.82936,1.82972,1.00,1.00
2017.04.19 13:20:08.154,1.82935,1.82973,1.87,1.00
2017.04.19 13:20:08.205,1.82935,1.82975,1.87,1.12
2017.04.19 13:20:08.306,1.82935,1.82975,1.87,1.12
2017.04.19 13:20:08.638,1.8294,1.82973,1.00,1.00
2017.04.19 13:20:08.756,1.82938,1.82972,1.00,1.00
2017.04.19 13:20:08.863,1.82936,1.82972,1.00,1.00
2017.04.19 13:20:09.376,1.82938,1.82972,1.00,1.00
2017.04.19 13:20:10.320,1.82938,1.82973,1.00,1.12
2017.04.19 13:20:10.686,1.82938,1.8296,1.00,1.00
2017.04.19 13:20:10.788,1.82927,1.82959,1.00,1.37
2017.04.19 13:20:10.839,1.82922,1.82947,1.12,1.00
2017.04.19 13:20:10.890,1.82917,1.82946,1.00,1.00
2017.04.19 13:20:10.941,1.82916,1.82944,1.00,1.00
2017.04.19 13:20:10.992,1.82909,1.82944,1.37,1.00
2017.04.19 13:20:11.194,1.82907,1.82945,2.25,1.00
2017.04.19 13:20:11.396,1.82907,1.82945,1.37,1.50
2017.04.19 13:20:11.700,1.82914,1.82946,1.37,1.00
2017.04.19 13:20:11.953,1.82917,1.82949,1.00,1.00
2017.04.19 13:20:12.054,1.82915,1.82949,1.00,1.00
2017.04.19 13:20:12.105,1.82913,1.82949,1.12,1.00
2017.04.19 13:20:12.497,1.82913,1.82947,1.12,1.00
2017.04.19 13:20:12.648,1.8291,1.82945,1.12,1.00
2017.04.19 13:20:13.250,1.82907,1.82946,1.75,1.50
2017.04.19 13:20:13.503,1.8291,1.82946,1.37,1.00
2017.04.19 13:20:13.554,1.8291,1.82949,1.37,1.00
2017.04.19 13:20:13.605,1.82912,1.8295,1.37,1.00
2017.04.19 13:20:13.706,1.82915,1.82954,1.12,1.00
2017.04.19 13:20:13.809,1.82917,1.82954,1.00,1.00
2017.04.19 13:20:14.134,1.82929,1.82966,1.00,1.12
2017.04.19 13:20:14.440,1.82932,1.82969,1.00,1.75
2017.04.19 13:20:14.492,1.82929,1.82969,1.00,1.75
2017.04.19 13:20:14.596,1.82931,1.82969,1.00,1.37
2017.04.19 13:20:15.039,1.82932,1.82962,1.00,1.00
2017.04.19 13:20:15.090,1.82925,1.82961,1.00,1.00
2017.04.19 13:20:15.191,1.82923,1.82958,1.00,1.00
2017.04.19 13:20:15.343,1.82919,1.82959,1.37,1.37
2017.04.19 13:20:15.445,1.82919,1.82954,1.00,1.00
2017.04.19 13:20:15.496,1.82917,1.82955,1.00,1.50
2017.04.19 13:20:15.597,1.8292,1.82947,1.00,1.00
2017.04.19 13:20:15.698,1.8291,1.8295,1.00,1.37
2017.04.19 13:20:16.203,1.8291,1.8295,1.37,1.00
2017.04.19 13:20:16.971,1.82909,1.8295,1.87,1.00
2017.04.19 13:20:17.519,1.82909,1.82949,1.87,1.00
2017.04.19 13:20:18.052,1.82909,1.82947,1.37,1.00
2017.04.19 13:20:18.103,1.8291,1.82951,1.37,1.00
2017.04.19 13:20:18.154,1.82912,1.82952,1.37,1.00
2017.04.19 13:20:18.204,1.82914,1.82955,1.87,1.00
2017.04.19 13:20:18.306,1.82918,1.82957,1.12,1.00
2017.04.19 13:20:18.620,1.82918,1.82952,1.00,1.00
2017.04.19 13:20:18.671,1.82914,1.82952,1.37,1.00
2017.04.19 13:20:18.722,1.82914,1.82954,1.00,1.00
2017.04.19 13:20:18.773,1.8291,1.82951,1.12,1.00
2017.04.19 13:20:18.824,1.8291,1.82951,1.37,1.00
2017.04.19 13:20:18.975,1.82909,1.82949,1.12,1.00
2017.04.19 13:20:19.076,1.82914,1.8295,1.00,1.00
2017.04.19 13:20:19.177,1.82916,1.82957,1.00,1.37
2017.04.19 13:20:19.279,1.82918,1.82959,1.00,2.62
2017.04.19 13:20:19.718,1.82918,1.82959,1.00,1.37
2017.04.19 13:20:21.618,1.82918,1.8296,1.50,1.12
2017.04.19 13:20:21.669,1.82922,1.82961,1.00,1.00
2017.04.19 13:20:21.978,1.82922,1.82959,1.12,1.00
2017.04.19 13:20:22.387,1.82921,1.82964,1.50,1.71
2017.04.19 13:20:22.627,1.82921,1.82962,1.00,1.37
2017.04.19 13:20:23.058,1.82921,1.82964,1.00,1.87
2017.04.19 13:20:24.106,1.8292,1.82962,1.87,1.37
2017.04.19 13:20:24.804,1.8292,1.8296,1.12,1.00
2017.04.19 13:20:25.324,1.8292,1.82961,1.12,1.12
2017.04.19 13:20:25.474,1.8292,1.82959,1.12,1.00
2017.04.19 13:20:25.775,1.8292,1.82961,1.12,1.12
2017.04.19 13:20:25.881,1.8292,1.82957,1.37,1.00
2017.04.19 13:20:26.184,1.82923,1.82957,1.00,1.00
2017.04.19 13:20:26.285,1.82923,1.82961,1.00,1.00
2017.04.19 13:20:26.812,1.82923,1.82963,1.00,1.37
2017.04.19 13:20:27.542,1.82923,1.82961,1.00,1.00
2017.04.19 13:20:27.695,1.82924,1.82964,1.00,1.46
2017.04.19 13:20:28.089,1.82923,1.82961,1.00,1.00
2017.04.19 13:20:28.429,1.82922,1.82958,1.12,1.00
2017.04.19 13:20:30.139,1.82922,1.8296,1.12,1.00
2017.04.19 13:20:30.190,1.82922,1.82962,1.12,1.00
2017.04.19 13:20:33.360,1.82922,1.82962,1.12,1.37
2017.04.19 13:20:33.692,1.82917,1.82958,1.00,2.21
2017.04.19 13:20:33.793,1.82912,1.82951,1.00,1.37
2017.04.19 13:20:33.844,1.82911,1.82951,1.37,1.00
2017.04.19 13:20:34.184,1.82911,1.82949,1.37,1.00
2017.04.19 13:20:34.309,1.82911,1.82949,1.12,1.00
2017.04.19 13:20:34.469,1.8291,1.82947,1.00,1.00
2017.04.19 13:20:35.136,1.82912,1.82947,1.00,1.00
2017.04.19 13:20:35.536,1.82912,1.82947,1.37,1.00
2017.04.19 13:20:35.638,1.82917,1.82949,1.37,1.00
2017.04.19 13:20:35.739,1.82919,1.82954,1.37,1.00
2017.04.19 13:20:35.789,1.82919,1.82957,1.37,1.00
2017.04.19 13:20:36.118,1.82919,1.82961,1.37,1.00
2017.04.19 13:20:36.812,1.82919,1.82959,1.37,1.00
2017.04.19 13:20:36.863,1.82917,1.82959,1.87,1.09
2017.04.19 13:20:36.914,1.82914,1.82957,1.37,1.09
2017.04.19 13:20:37.224,1.82912,1.82951,1.37,1.00
2017.04.19 13:20:37.793,1.82911,1.82951,1.37,1.09
2017.04.19 13:20:37.844,1.82908,1.82945,1.37,1.00
2017.04.19 13:20:37.945,1.82908,1.82947,1.37,1.00
2017.04.19 13:20:38.638,1.82907,1.82947,1.37,1.00
2017.04.19 13:20:38.789,1.82909,1.82947,1.37,1.00
2017.04.19 13:20:39.015,1.82915,1.82953,1.37,1.00
2017.04.19 13:20:39.441,1.82918,1.82955,1.37,1.00
2017.04.19 13:20:40.089,1.82921,1.82955,1.37,1.00
2017.04.19 13:20:40.593,1.82922,1.82955,1.37,1.00
2017.04.19 13:20:41.135,1.82923,1.82956,1.37,1.00
2017.04.19 13:20:41.463,1.82923,1.82957,1.37,1.00
2017.04.19 13:20:41.615,1.82921,1.82957,1.37,1.00
2017.04.19 13:20:41.851,1.82929,1.82956,1.00,1.00
2017.04.19 13:20:41.902,1.8293,1.82962,1.00,1.00
2017.04.19 13:20:42.357,1.82925,1.82962,1.87,1.34
2017.04.19 13:20:44.023,1.82918,1.82959,1.37,1.09
2017.04.19 13:20:44.225,1.82919,1.82955,1.37,1.00
2017.04.19 13:20:44.605,1.82917,1.82955,1.37,1.00
2017.04.19 13:20:44.656,1.82917,1.82955,1.37,1.00
2017.04.19 13:20:45.231,1.82919,1.82957,1.37,1.00
2017.04.19 13:20:46.107,1.82915,1.82955,1.37,1.00
2017.04.19 13:20:47.828,1.82914,1.82952,1.87,1.00
2017.04.19 13:20:48.131,1.82925,1.82959,1.37,1.00
2017.04.19 13:20:48.333,1.82927,1.82964,1.37,1.00
2017.04.19 13:20:48.636,1.82926,1.82965,1.37,1.12
2017.04.19 13:20:49.404,1.82928,1.82965,1.37,1.12
2017.04.19 13:20:49.850,1.82928,1.82967,1.37,1.00
2017.04.19 13:20:50.317,1.82927,1.82965,1.37,1.00
2017.04.19 13:20:52.535,1.82928,1.82965,1.37,1.00
2017.04.19 13:20:52.587,1.82931,1.82965,1.37,1.00
2017.04.19 13:20:52.638,1.82933,1.82969,1.37,1.00
2017.04.19 13:20:52.739,1.82933,1.82974,1.37,1.00
2017.04.19 13:20:53.151,1.82934,1.82971,1.37,1.00
2017.04.19 13:20:55.315,1.82934,1.82971,1.37,1.00
2017.04.19 13:20:57.374,1.82934,1.82973,1.37,1.00
2017.04.19 13:20:57.892,1.82927,1.82968,1.37,1.34
2017.04.19 13:20:58.195,1.82918,1.82958,1.87,1.00
2017.04.19 13:20:58.448,1.82921,1.82962,1.37,1.00
2017.04.19 13:20:58.549,1.82927,1.82962,1.37,1.00
2017.04.19 13:20:59.140,1.82927,1.82962,1.87,1.00
2017.04.19 13:20:59.865,1.8293,1.8296,1.12,1.00
2017.04.19 13:20:59.967,1.82931,1.82963,1.37,1.00
2017.04.19 13:21:00.119,1.82934,1.82963,1.00,1.00
2017.04.19 13:21:00.321,1.82939,1.82969,1.50,1.00
2017.04.19 13:21:00.422,1.8294,1.82974,1.00,1.00
2017.04.19 13:21:00.524,1.82942,1.82975,1.37,1.00
2017.04.19 13:21:01.538,1.82943,1.82973,1.00,1.00
2017.04.19 13:21:01.823,1.82943,1.82975,1.50,1.00
2017.04.19 13:21:02.364,1.82943,1.82976,1.50,1.00
2017.04.19 13:21:02.524,1.82943,1.82974,1.50,1.00
2017.04.19 13:21:03.233,1.82943,1.82975,1.50,1.00
2017.04.19 13:21:04.226,1.82943,1.82973,1.50,1.00
2017.04.19 13:21:04.438,1.82943,1.82975,1.00,1.00
2017.04.19 13:21:04.814,1.82945,1.82976,1.00,1.00
2017.04.19 13:21:05.367,1.82945,1.82978,1.00,1.00
2017.04.19 13:21:05.597,1.82947,1.82978,1.00,1.00
2017.04.19 13:21:05.648,1.82945,1.82978,1.50,1.00
2017.04.19 13:21:08.931,1.82945,1.82977,1.00,1.00
2017.04.19 13:21:09.528,1.82945,1.82978,1.00,1.00
2017.04.19 13:21:10.080,1.82946,1.82977,1.87,1.00
2017.04.19 13:21:10.629,1.82947,1.82978,1.00,1.00
2017.04.19 13:21:10.780,1.82947,1.8298,1.00,1.00
2017.04.19 13:21:10.932,1.82946,1.8298,1.37,1.00
2017.04.19 13:21:11.135,1.82952,1.82985,1.00,1.50
2017.04.19 13:21:11.338,1.8295,1.82985,1.00,1.00
2017.04.19 13:21:11.389,1.82952,1.82985,1.00,1.00
2017.04.19 13:21:11.703,1.82954,1.82985,1.00,1.00
2017.04.19 13:21:11.854,1.82952,1.82986,1.50,1.37
2017.04.19 13:21:11.905,1.82952,1.82982,1.50,1.00
2017.04.19 13:21:12.244,1.82951,1.82984,1.50,1.00
2017.04.19 13:21:14.145,1.82952,1.82984,1.00,1.00
2017.04.19 13:21:16.298,1.82953,1.82984,1.00,1.00
2017.04.19 13:21:16.797,1.82952,1.82984,1.37,1.00
2017.04.19 13:21:16.847,1.82953,1.82985,1.00,1.00
2017.04.19 13:21:17.534,1.82952,1.82986,1.00,1.12
2017.04.19 13:21:19.314,1.82951,1.82986,1.87,1.12
2017.04.19 13:21:20.053,1.8295,1.82985,1.00,1.00
2017.04.19 13:21:20.640,1.8295,1.82984,1.50,1.00
2017.04.19 13:21:20.866,1.82952,1.82987,1.00,1.50
2017.04.19 13:21:20.967,1.82952,1.82981,1.50,1.00
2017.04.19 13:21:21.273,1.82954,1.82983,1.87,1.00
2017.04.19 13:21:21.961,1.82954,1.82982,1.37,1.00
2017.04.19 13:21:23.084,1.82955,1.82983,1.37,1.00
2017.04.19 13:21:23.185,1.82956,1.82987,1.37,1.00
2017.04.19 13:21:25.308,1.82956,1.82988,1.37,1.00
2017.04.19 13:21:25.474,1.82955,1.82988,1.37,1.00
2017.04.19 13:21:25.526,1.82954,1.82988,1.00,1.00
2017.04.19 13:21:25.627,1.82953,1.82983,1.50,1.00
2017.04.19 13:21:27.553,1.82953,1.82983,1.87,1.00
2017.04.19 13:21:27.889,1.8296,1.82986,1.12,1.00
2017.04.19 13:21:28.192,1.82966,1.82992,1.00,1.00
2017.04.19 13:21:28.243,1.82966,1.82996,1.00,1.00
2017.04.19 13:21:28.848,1.82965,1.82996,1.50,1.00
2017.04.19 13:21:29.852,1.82966,1.82996,1.00,1.00
2017.04.19 13:21:32.857,1.82964,1.82996,1.00,1.00
2017.04.19 13:21:33.017,1.82964,1.82998,1.00,1.00
2017.04.19 13:21:33.496,1.82967,1.82998,1.00,1.00
2017.04.19 13:21:34.076,1.82966,1.82999,1.00,1.00
2017.04.19 13:21:34.583,1.82967,1.82999,1.00,1.00
2017.04.19 13:21:34.879,1.82965,1.82999,1.00,1.00
2017.04.19 13:21:35.195,1.82957,1.82999,1.00,4.09
2017.04.19 13:21:35.245,1.82955,1.82988,1.87,1.00
2017.04.19 13:21:35.447,1.82958,1.82993,1.00,1.00
2017.04.19 13:21:35.549,1.82958,1.82989,1.00,1.00
2017.04.19 13:21:35.821,1.82958,1.82992,1.50,1.00
2017.04.19 13:21:36.515,1.82958,1.82991,1.00,1.00
2017.04.19 13:21:36.616,1.82961,1.82991,1.00,1.00
2017.04.19 13:21:36.667,1.82961,1.82995,1.00,1.00
2017.04.19 13:21:37.024,1.82962,1.82998,1.00,1.00
2017.04.19 13:21:37.869,1.82963,1.82998,1.00,1.00
2017.04.19 13:21:38.324,1.82962,1.82996,1.50,1.00
2017.04.19 13:21:38.556,1.82962,1.82999,1.50,1.00
2017.04.19 13:21:39.070,1.82963,1.83,1.00,1.00
2017.04.19 13:21:40.226,1.82963,1.82998,1.50,1.00
2017.04.19 13:21:40.699,1.82965,1.82998,1.00,1.00
2017.04.19 13:21:41.164,1.82965,1.83001,1.50,1.00
2017.04.19 13:21:43.368,1.82965,1.83,1.50,1.00
2017.04.19 13:21:43.529,1.82965,1.83002,1.50,1.00
2017.04.19 13:21:44.230,1.82965,1.83001,1.50,1.00
2017.04.19 13:21:44.831,1.82965,1.83003,1.50,1.00
2017.04.19 13:21:45.566,1.82965,1.83002,1.50,1.00
2017.04.19 13:21:45.757,1.82964,1.83,1.50,1.09
2017.04.19 13:21:47.103,1.82964,1.82998,1.50,1.00
2017.04.19 13:21:47.634,1.82958,1.82998,1.37,1.00
2017.04.19 13:21:47.886,1.82961,1.82998,1.00,1.00
2017.04.19 13:21:48.065,1.82959,1.82999,1.12,1.50
2017.04.19 13:21:48.217,1.8296,1.82999,1.37,1.00
2017.04.19 13:21:48.369,1.82959,1.82999,1.12,1.00
2017.04.19 13:21:48.890,1.8296,1.82999,1.00,1.00
2017.04.19 13:21:49.536,1.8296,1.82998,1.37,1.00
2017.04.19 13:21:49.637,1.8296,1.83,1.37,1.00
2017.04.19 13:21:49.688,1.8296,1.83,1.12,1.00
2017.04.19 13:21:49.844,1.8296,1.82998,1.12,1.00
2017.04.19 13:21:50.122,1.82958,1.82998,1.12,1.50
2017.04.19 13:21:50.438,1.82958,1.82995,1.12,1.00
2017.04.19 13:21:50.741,1.8296,1.82999,1.12,1.84
2017.04.19 13:21:51.159,1.8296,1.82997,1.00,1.00
2017.04.19 13:21:52.948,1.82961,1.82997,1.00,1.00
2017.04.19 13:21:53.200,1.82959,1.82996,1.00,1.00
2017.04.19 13:21:53.251,1.82957,1.82993,1.00,1.00
2017.04.19 13:21:53.553,1.82956,1.82991,1.00,1.00
2017.04.19 13:21:53.856,1.82953,1.82988,1.00,1.50
2017.04.19 13:21:54.258,1.82953,1.82986,1.00,1.00
2017.04.19 13:21:54.443,1.82953,1.82988,1.50,1.50
2017.04.19 13:21:54.944,1.82953,1.82987,1.50,1.00
2017.04.19 13:21:55.757,1.82953,1.82986,1.50,1.00
2017.04.19 13:21:56.374,1.82954,1.82986,1.00,1.00
2017.04.19 13:21:56.746,1.82954,1.8299,1.50,1.00
2017.04.19 13:21:57.920,1.82954,1.8299,1.50,1.37
2017.04.19 13:21:58.022,1.82955,1.8299,1.00,1.00
2017.04.19 13:21:58.123,1.82959,1.8299,1.00,1.00
2017.04.19 13:21:58.174,1.82958,1.82993,1.00,1.00
2017.04.19 13:21:58.225,1.82957,1.82993,1.00,1.37
2017.04.19 13:21:58.276,1.82955,1.8299,1.00,1.37
2017.04.19 13:21:58.859,1.82955,1.8299,1.00,2.62
2017.04.19 13:21:58.909,1.82951,1.82989,1.50,1.87
2017.04.19 13:21:59.112,1.8295,1.82984,1.00,1.87
2017.04.19 13:21:59.163,1.8295,1.82986,1.00,1.37
2017.04.19 13:21:59.214,1.82947,1.82988,1.00,1.37
2017.04.19 13:21:59.381,1.82945,1.82986,2.25,1.37
2017.04.19 13:21:59.432,1.82946,1.82984,1.00,1.87
2017.04.19 13:21:59.858,1.82949,1.82984,1.00,1.87
2017.04.19 13:21:59.909,1.82949,1.82985,1.00,1.37
2017.04.19 13:22:00.414,1.8295,1.82983,1.00,1.00
2017.04.19 13:22:00.515,1.8295,1.82985,1.00,1.12
2017.04.19 13:22:01.209,1.82949,1.82985,1.00,1.12
2017.04.19 13:22:01.561,1.82949,1.82983,1.00,1.00
2017.04.19 13:22:01.763,1.82949,1.82986,1.50,1.37
2017.04.19 13:22:02.307,1.82949,1.82987,1.87,1.00
2017.04.19 13:22:02.646,1.82951,1.82988,1.00,1.00
2017.04.19 13:22:02.970,1.82954,1.8299,1.50,1.37
2017.04.19 13:22:04.009,1.82955,1.82991,1.00,1.37
2017.04.19 13:22:04.613,1.82954,1.82991,1.50,1.37
2017.04.19 13:22:05.103,1.82954,1.8299,1.50,1.87
2017.04.19 13:22:05.228,1.82954,1.82991,1.50,1.37
2017.04.19 13:22:06.699,1.82954,1.82991,1.00,1.87
2017.04.19 13:22:06.801,1.82951,1.82987,1.00,1.37
2017.04.19 13:22:07.067,1.82958,1.82991,1.00,1.37
2017.04.19 13:22:07.118,1.82958,1.82991,1.00,1.00
2017.04.19 13:22:07.169,1.82963,1.82994,1.00,1.12
2017.04.19 13:22:07.220,1.8296,1.82994,1.00,1.46
2017.04.19 13:22:07.270,1.8296,1.82987,1.00,1.00
2017.04.19 13:22:07.372,1.82955,1.82983,1.00,1.00
2017.04.19 13:22:07.473,1.82951,1.82985,1.00,1.00
2017.04.19 13:22:07.574,1.82951,1.82987,1.00,1.12
2017.04.19 13:22:08.109,1.8295,1.82987,1.50,1.12
2017.04.19 13:22:08.610,1.82951,1.82987,1.50,1.00
2017.04.19 13:22:08.661,1.82951,1.82987,1.87,1.00
2017.04.19 13:22:08.964,1.82951,1.82989,1.87,1.00
2017.04.19 13:22:09.577,1.82951,1.82989,1.87,1.00
2017.04.19 13:22:09.880,1.82951,1.82983,1.00,1.46
2017.04.19 13:22:10.114,1.82938,1.82972,1.87,1.00
2017.04.19 13:22:10.367,1.82939,1.8297,1.00,1.37
2017.04.19 13:22:10.670,1.82925,1.82954,1.00,1.00
2017.04.19 13:22:10.973,1.82925,1.8294,1.00,1.00
2017.04.19 13:22:11.299,1.82901,1.82942,2.62,1.00
2017.04.19 13:22:11.350,1.82901,1.82942,1.37,1.00
2017.04.19 13:22:11.502,1.82898,1.82938,2.62,1.00
2017.04.19 13:22:12.007,1.82897,1.82937,1.37,1.00
2017.04.19 13:22:12.108,1.82895,1.82932,1.00,1.00
2017.04.19 13:22:12.362,1.82887,1.82928,1.37,1.00
2017.04.19 13:22:12.948,1.82885,1.82926,1.37,1.00
2017.04.19 13:22:13.283,1.82885,1.82926,1.37,1.00
2017.04.19 13:22:13.334,1.82885,1.82926,1.37,1.00
2017.04.19 13:22:13.859,1.82887,1.82925,1.37,1.00
2017.04.19 13:22:15.161,1.82888,1.82925,1.00,1.00
2017.04.19 13:22:15.213,1.82886,1.82925,1.50,1.00
2017.04.19 13:22:15.314,1.82882,1.82919,1.00,1.00
2017.04.19 13:22:15.617,1.82882,1.82914,1.00,1.00
2017.04.19 13:22:16.240,1.82884,1.82922,1.00,1.09
2017.04.19 13:22:16.290,1.82891,1.82922,1.37,1.00
2017.04.19 13:22:16.341,1.82891,1.82925,1.37,1.00
2017.04.19 13:22:16.860,1.82891,1.82926,1.37,1.00
2017.04.19 13:22:17.349,1.82891,1.82926,1.00,1.00
2017.04.19 13:22:17.451,1.82887,1.82923,1.37,1.00
2017.04.19 13:22:17.792,1.82889,1.82921,1.50,1.00
2017.04.19 13:22:17.946,1.82891,1.82925,1.50,1.00
2017.04.19 13:22:17.997,1.82892,1.82925,1.37,1.00
2017.04.19 13:22:18.048,1.82892,1.82928,1.37,1.00
2017.04.19 13:22:18.470,1.82892,1.82927,1.50,1.00
2017.04.19 13:22:18.520,1.82892,1.82924,1.00,1.00
2017.04.19 13:22:18.622,1.82892,1.82927,1.00,1.00
2017.04.19 13:22:19.685,1.82892,1.82925,1.50,1.00
2017.04.19 13:22:19.736,1.82894,1.8293,1.12,1.00
2017.04.19 13:22:20.345,1.82894,1.8293,1.37,1.00
2017.04.19 13:22:21.004,1.82894,1.82929,1.50,1.00
2017.04.19 13:22:26.276,1.82891,1.82926,1.50,1.00
2017.04.19 13:22:26.792,1.82892,1.82927,1.00,1.00
2017.04.19 13:22:27.145,1.82892,1.82929,1.87,1.00
2017.04.19 13:22:28.659,1.82894,1.82929,1.00,1.00
2017.04.19 13:22:29.560,1.82894,1.82929,1.37,1.00
2017.04.19 13:22:29.847,1.82894,1.82929,1.00,1.00
2017.04.19 13:22:30.686,1.82894,1.82929,1.87,1.00
2017.04.19 13:22:32.083,1.82896,1.82929,1.00,1.00
2017.04.19 13:22:32.386,1.82893,1.82929,1.37,1.00
2017.04.19 13:22:32.565,1.82897,1.8293,1.12,1.00
2017.04.19 13:22:32.666,1.82897,1.82933,1.12,1.00
2017.04.19 13:22:33.731,1.82897,1.82935,1.12,1.00
2017.04.19 13:22:34.655,1.82897,1.82934,1.12,1.00
2017.04.19 13:22:34.706,1.82899,1.82934,1.50,1.00
2017.04.19 13:22:35.091,1.82902,1.82934,1.37,1.00
2017.04.19 13:22:35.142,1.82907,1.82941,1.00,1.00
2017.04.19 13:22:35.244,1.82909,1.82945,1.37,1.00
2017.04.19 13:22:35.446,1.8291,1.82947,1.12,1.00
2017.04.19 13:22:35.649,1.82909,1.82945,1.87,1.00
2017.04.19 13:22:35.750,1.82912,1.8295,1.37,1.00
2017.04.19 13:22:37.310,1.82915,1.8295,1.37,1.00
2017.04.19 13:22:37.361,1.82917,1.82953,1.37,1.00
2017.04.19 13:22:37.412,1.82921,1.82953,1.12,1.00
2017.04.19 13:22:37.463,1.82921,1.82957,1.87,1.00
2017.04.19 13:22:37.514,1.82923,1.82957,1.00,1.00
2017.04.19 13:22:37.766,1.82925,1.82962,1.00,1.00
2017.04.19 13:22:38.289,1.82924,1.82962,1.87,1.00
2017.04.19 13:22:38.605,1.82926,1.82962,1.00,1.00
2017.04.19 13:22:39.065,1.82924,1.82962,1.12,1.34
2017.04.19 13:22:39.369,1.82909,1.8294,1.37,1.00
2017.04.19 13:22:39.470,1.82909,1.82944,1.37,1.00
2017.04.19 13:22:39.631,1.82908,1.82944,1.50,1.00
2017.04.19 13:22:39.793,1.82908,1.82942,1.50,1.00
2017.04.19 13:22:40.299,1.82907,1.82941,1.87,1.00
2017.04.19 13:22:40.680,1.82908,1.82944,1.50,1.00
2017.04.19 13:22:44.041,1.82909,1.82944,1.00,1.00
2017.04.19 13:22:44.445,1.82909,1.82942,1.00,1.00
2017.04.19 13:22:45.645,1.82909,1.82941,1.00,1.00
2017.04.19 13:22:46.491,1.82909,1.82942,1.00,1.00
2017.04.19 13:22:48.171,1.82908,1.82942,1.50,1.00
2017.04.19 13:22:50.666,1.82907,1.82942,1.12,1.00
2017.04.19 13:22:54.369,1.82907,1.82941,1.00,1.00
2017.04.19 13:22:54.935,1.82906,1.82941,1.00,1.00
2017.04.19 13:22:55.510,1.82905,1.82941,1.00,1.00
2017.04.19 13:22:56.067,1.82906,1.82942,1.00,1.00
2017.04.19 13:22:56.896,1.82906,1.82941,1.50,1.00
2017.04.19 13:23:00.011,1.82905,1.82941,1.00,1.00
2017.04.19 13:23:00.062,1.82903,1.82941,1.50,1.00
2017.04.19 13:23:00.353,1.82904,1.82941,1.87,1.00
2017.04.19 13:23:00.691,1.82906,1.82936,1.00,1.00
2017.04.19 13:23:00.742,1.82904,1.82936,1.00,1.00
2017.04.19 13:23:00.793,1.82904,1.82939,1.00,1.00
2017.04.19 13:23:01.308,1.82904,1.82941,1.50,1.00
2017.04.19 13:23:02.340,1.82905,1.82941,1.00,1.00
2017.04.19 13:23:07.871,1.82905,1.82942,1.00,1.00
2017.04.19 13:23:08.620,1.82904,1.82941,1.50,1.00
2017.04.19 13:23:08.923,1.82908,1.82939,1.00,1.00
2017.04.19 13:23:08.973,1.82906,1.82941,1.00,1.00
2017.04.19 13:23:09.537,1.82905,1.82941,1.50,1.00
2017.04.19 13:23:09.588,1.82905,1.82939,1.50,1.00
2017.04.19 13:23:10.674,1.82903,1.82939,1.50,1.00
2017.04.19 13:23:10.725,1.82903,1.82939,1.00,2.96
2017.04.19 13:23:11.028,1.82899,1.82925,1.00,1.00
2017.04.19 13:23:11.079,1.82889,1.82925,1.00,1.00
2017.04.19 13:23:11.181,1.82889,1.82922,1.00,1.00
2017.04.19 13:23:11.816,1.82888,1.82922,1.00,1.00
2017.04.19 13:23:12.097,1.8289,1.82926,1.00,1.00
2017.04.19 13:23:12.148,1.8289,1.82926,1.87,1.00
2017.04.19 13:23:12.199,1.82892,1.82928,1.12,1.00
2017.04.19 13:23:12.351,1.82895,1.82928,1.00,1.00
2017.04.19 13:23:12.402,1.82896,1.82933,1.00,1.00
2017.04.19 13:23:12.503,1.82894,1.82933,1.50,1.00
2017.04.19 13:23:13.031,1.82895,1.82933,1.00,1.00
2017.04.19 13:23:15.710,1.82894,1.82933,1.50,1.00
2017.04.19 13:23:16.010,1.82894,1.82931,1.50,1.12
2017.04.19 13:23:16.213,1.82892,1.8293,1.50,1.00
2017.04.19 13:23:16.790,1.82892,1.82931,1.87,1.00
2017.04.19 13:23:16.999,1.82894,1.82931,1.00,1.00
2017.04.19 13:23:17.303,1.8291,1.82947,1.00,1.12
2017.04.19 13:23:17.404,1.82908,1.82948,1.00,1.12
2017.04.19 13:23:17.455,1.8291,1.82948,1.12,1.00
2017.04.19 13:23:17.810,1.82908,1.82948,1.87,1.09
2017.04.19 13:23:18.012,1.82913,1.82948,1.00,1.12
2017.04.19 13:23:18.113,1.82915,1.82952,1.00,1.00
2017.04.19 13:23:18.416,1.82913,1.82954,1.00,2.21
2017.04.19 13:23:18.568,1.8291,1.82949,1.50,1.46
2017.04.19 13:23:19.080,1.8291,1.82948,1.00,1.46
2017.04.19 13:23:19.398,1.82912,1.82949,1.00,1.00
2017.04.19 13:23:19.655,1.82914,1.82953,1.50,1.00
2017.04.19 13:23:20.027,1.82914,1.82949,1.00,1.00
2017.04.19 13:23:20.611,1.82914,1.82951,1.00,1.00
2017.04.19 13:23:20.964,1.82912,1.82952,1.50,1.37
2017.04.19 13:23:21.015,1.82912,1.82949,1.50,1.00
2017.04.19 13:23:21.635,1.82912,1.82948,1.50,1.00
2017.04.19 13:23:21.736,1.8291,1.82948,1.50,1.00
2017.04.19 13:23:21.787,1.82908,1.82948,1.50,1.00
2017.04.19 13:23:22.008,1.82908,1.82945,1.12,1.00
2017.04.19 13:23:22.362,1.82913,1.82945,1.00,1.00
2017.04.19 13:23:22.514,1.82914,1.82949,1.50,1.00
2017.04.19 13:23:22.716,1.82914,1.82951,1.00,1.00
2017.04.19 13:23:23.020,1.82914,1.82949,1.50,1.00
2017.04.19 13:23:23.542,1.82913,1.82952,1.87,1.00
2017.04.19 13:23:23.795,1.82913,1.8295,1.87,1.00
2017.04.19 13:23:23.896,1.82913,1.82953,1.37,1.00
2017.04.19 13:23:24.272,1.82922,1.82956,1.37,1.00
2017.04.19 13:23:24.322,1.82923,1.82963,1.12,1.00
2017.04.19 13:23:24.424,1.82924,1.82961,1.00,1.00
2017.04.19 13:23:24.727,1.82934,1.82971,1.12,1.00
2017.04.19 13:23:25.809,1.82932,1.82971,1.87,1.12
2017.04.19 13:23:25.860,1.82932,1.82971,1.50,1.37
2017.04.19 13:23:26.178,1.82926,1.82954,1.00,1.37
2017.04.19 13:23:26.229,1.82926,1.82952,1.00,1.00
2017.04.19 13:23:26.330,1.82913,1.82952,1.00,1.00
2017.04.19 13:23:26.431,1.82913,1.8295,1.00,1.00
2017.04.19 13:23:26.758,1.82913,1.82948,1.00,1.00
2017.04.19 13:23:27.124,1.82913,1.82951,1.00,1.00
2017.04.19 13:23:27.396,1.82914,1.82949,1.00,1.00
2017.04.19 13:23:28.160,1.82914,1.8295,1.00,1.00
2017.04.19 13:23:28.813,1.82913,1.8295,1.00,1.00
2017.04.19 13:23:28.995,1.82911,1.82951,1.50,1.00
2017.04.19 13:23:29.147,1.82913,1.82953,1.00,1.37
2017.04.19 13:23:29.598,1.82913,1.8295,1.00,1.00
2017.04.19 13:23:29.899,1.82913,1.82952,1.00,1.12
2017.04.19 13:23:30.677,1.82912,1.82952,1.50,1.12
2017.04.19 13:23:30.778,1.82915,1.82952,1.00,1.00
2017.04.19 13:23:31.000,1.82915,1.82954,1.50,1.00
2017.04.19 13:23:31.624,1.82916,1.82954,1.00,1.12
2017.04.19 13:23:32.024,1.82916,1.82952,1.00,1.00
2017.04.19 13:23:33.416,1.82913,1.82949,1.00,1.00
2017.04.19 13:23:34.304,1.82913,1.8295,1.00,1.00
2017.04.19 13:23:34.747,1.82912,1.82938,1.00,1.87
2017.04.19 13:23:34.798,1.82908,1.82935,1.00,2.21
2017.04.19 13:23:34.849,1.82896,1.82931,1.00,1.00
2017.04.19 13:23:35.017,1.82896,1.82927,1.00,1.00
2017.04.19 13:23:35.324,1.82895,1.82929,1.00,1.00
2017.04.19 13:23:36.243,1.82895,1.82927,1.50,1.00
2017.04.19 13:23:36.406,1.82895,1.82929,1.50,1.00
2017.04.19 13:23:37.106,1.82896,1.82929,1.00,1.00
2017.04.19 13:23:37.545,1.82898,1.82928,1.00,1.00
2017.04.19 13:23:37.595,1.82894,1.82928,1.87,1.00
2017.04.19 13:23:37.837,1.82894,1.8293,1.87,1.00
2017.04.19 13:23:38.360,1.82894,1.8293,1.50,1.00
2017.04.19 13:23:38.511,1.82894,1.82929,1.87,1.00
2017.04.19 13:23:38.562,1.82894,1.82929,1.50,1.00
2017.04.19 13:23:38.613,1.82895,1.82932,1.00,1.00
2017.04.19 13:23:38.714,1.82894,1.8293,1.00,1.00
2017.04.19 13:23:39.223,1.82894,1.82931,1.00,1.00
2017.04.19 13:23:39.549,1.82894,1.82929,1.50,1.00
2017.04.19 13:23:40.138,1.82893,1.8293,1.87,1.00
2017.04.19 13:23:40.974,1.82895,1.8293,1.00,1.00
2017.04.19 13:23:41.227,1.82893,1.8293,1.00,1.00
2017.04.19 13:23:41.812,1.82893,1.82927,1.00,1.00
2017.04.19 13:23:42.008,1.82891,1.82927,1.50,1.00
2017.04.19 13:23:42.617,1.82891,1.82928,1.50,1.00
2017.04.19 13:23:42.718,1.82891,1.82926,1.50,1.00
2017.04.19 13:23:43.062,1.82892,1.82929,1.00,1.00
2017.04.19 13:23:43.566,1.8289,1.82929,1.00,1.00
2017.04.19 13:23:43.769,1.82891,1.82922,1.00,1.00
2017.04.19 13:23:43.823,1.82883,1.82921,1.87,1.00
2017.04.19 13:23:44.589,1.82883,1.82921,1.87,1.00
2017.04.19 13:23:45.333,1.82881,1.82921,1.87,1.00
2017.04.19 13:23:46.714,1.82884,1.82921,1.00,1.00
2017.04.19 13:23:46.815,1.82881,1.82921,1.50,1.00
2017.04.19 13:23:47.191,1.82883,1.82921,1.00,1.00
2017.04.19 13:23:47.817,1.82883,1.8292,1.87,1.00
2017.04.19 13:23:48.631,1.82882,1.8292,1.12,1.00
2017.04.19 13:23:49.240,1.82883,1.82919,1.00,1.00
2017.04.19 13:23:50.019,1.82881,1.82919,1.12,1.00
2017.04.19 13:23:50.069,1.82884,1.8292,1.00,1.00
2017.04.19 13:23:50.681,1.82883,1.8292,1.50,1.00
2017.04.19 13:23:51.456,1.82882,1.82919,1.00,1.00
2017.04.19 13:23:52.109,1.82884,1.82919,1.00,1.00
2017.04.19 13:23:52.160,1.82882,1.82923,1.50,1.37
2017.04.19 13:23:52.262,1.82883,1.8292,1.00,1.00
2017.04.19 13:23:52.714,1.82881,1.8292,1.87,1.00
2017.04.19 13:23:52.765,1.82883,1.8292,1.00,1.00
2017.04.19 13:23:53.059,1.82883,1.82923,1.00,1.37
2017.04.19 13:23:53.161,1.82882,1.8292,1.00,1.00
2017.04.19 13:23:53.693,1.82883,1.8292,1.00,1.00
2017.04.19 13:23:54.024,1.82881,1.82919,1.87,1.00
2017.04.19 13:23:54.132,1.82883,1.82919,1.00,1.00
2017.04.19 13:23:54.240,1.82881,1.82919,1.87,1.00
2017.04.19 13:23:54.291,1.82884,1.82919,1.00,1.00
2017.04.19 13:23:54.341,1.82882,1.82919,1.00,1.00
2017.04.19 13:23:54.746,1.82884,1.82919,1.00,1.00
2017.04.19 13:23:54.796,1.82882,1.82919,1.00,1.00
2017.04.19 13:23:54.998,1.82884,1.8292,1.00,1.00
2017.04.19 13:23:55.100,1.82882,1.82921,1.50,1.00
2017.04.19 13:23:55.245,1.82884,1.82921,1.00,1.12
2017.04.19 13:23:55.831,1.82883,1.82922,1.50,1.12
2017.04.19 13:23:56.134,1.82882,1.82919,1.00,1.00
2017.04.19 13:23:56.236,1.82883,1.82921,1.12,1.00
2017.04.19 13:23:56.650,1.82883,1.82918,1.12,1.00
2017.04.19 13:23:56.877,1.8288,1.8292,1.87,1.00
2017.04.19 13:23:56.978,1.82882,1.8292,1.37,1.00
2017.04.19 13:23:57.130,1.82882,1.8292,1.12,1.00
2017.04.19 13:23:57.231,1.82882,1.82918,1.12,1.00
2017.04.19 13:23:57.785,1.82882,1.82918,1.37,1.00
2017.04.19 13:23:57.836,1.82882,1.8292,1.37,1.00
2017.04.19 13:23:58.267,1.82884,1.82922,1.37,1.00
2017.04.19 13:23:58.331,1.82884,1.8292,1.37,1.00
2017.04.19 13:23:58.832,1.82884,1.82921,1.37,1.00
2017.04.19 13:23:59.766,1.82885,1.82919,1.87,1.00
2017.04.19 13:24:00.272,1.82885,1.8292,1.50,1.00
2017.04.19 13:24:00.466,1.8288,1.8292,1.37,1.00
2017.04.19 13:24:02.245,1.82884,1.8292,1.00,1.00
2017.04.19 13:24:02.360,1.82884,1.8292,1.37,1.00
2017.04.19 13:24:05.762,1.82896,1.8292,1.00,1.00
2017.04.19 13:24:05.863,1.82895,1.82929,1.37,1.00
2017.04.19 13:24:05.965,1.82898,1.82935,1.00,1.00
2017.04.19 13:24:06.539,1.82894,1.82937,3.37,1.00
2017.04.19 13:24:07.186,1.82894,1.82936,2.62,1.00
2017.04.19 13:24:07.962,1.82894,1.82935,3.37,1.00
2017.04.19 13:24:08.157,1.82894,1.82932,2.62,1.00
2017.04.19 13:24:08.839,1.82894,1.82934,2.62,1.00
2017.04.19 13:24:09.757,1.82895,1.82923,1.00,1.00
2017.04.19 13:24:09.808,1.82895,1.82927,1.00,1.37
2017.04.19 13:24:09.859,1.82886,1.82922,1.00,1.37
2017.04.19 13:24:09.960,1.82881,1.82918,1.00,1.00
2017.04.19 13:24:10.112,1.82879,1.82919,3.37,1.00
2017.04.19 13:24:10.474,1.82882,1.82919,1.00,1.00
2017.04.19 13:24:11.858,1.82882,1.82918,1.00,1.00
2017.04.19 13:24:12.544,1.82884,1.82918,1.00,1.00
2017.04.19 13:24:12.927,1.82881,1.82919,1.00,1.00
2017.04.19 13:24:13.129,1.82881,1.82919,1.37,1.00
2017.04.19 13:24:13.331,1.82881,1.82919,1.00,1.00
2017.04.19 13:24:14.896,1.82881,1.82919,1.00,1.46
2017.04.19 13:24:15.075,1.82876,1.82912,1.37,1.00
2017.04.19 13:24:15.963,1.82875,1.82912,1.00,1.00
2017.04.19 13:24:17.691,1.82877,1.82912,1.00,1.00
2017.04.19 13:24:17.988,1.82875,1.82912,1.12,1.00
2017.04.19 13:24:18.190,1.82872,1.82912,1.50,1.46
2017.04.19 13:24:18.242,1.82876,1.82912,1.00,1.12
2017.04.19 13:24:18.546,1.82875,1.82906,1.00,1.00
2017.04.19 13:24:18.731,1.82869,1.82906,1.37,1.00
2017.04.19 13:24:19.177,1.82867,1.82904,1.37,1.00
2017.04.19 13:24:19.584,1.82869,1.82906,1.37,1.00
2017.04.19 13:24:19.635,1.82867,1.82906,1.12,1.00
2017.04.19 13:24:19.786,1.82867,1.82903,1.12,1.00
2017.04.19 13:24:20.113,1.82869,1.82903,1.00,1.00
2017.04.19 13:24:25.015,1.8287,1.82903,1.00,1.00
2017.04.19 13:24:28.994,1.82871,1.82903,1.00,1.00
2017.04.19 13:24:31.611,1.8287,1.82903,1.00,1.00
2017.04.19 13:24:32.944,1.8287,1.82903,1.00,1.34
2017.04.19 13:24:33.447,1.8287,1.82903,1.00,1.00
2017.04.19 13:24:34.193,1.82868,1.82903,1.00,1.00
2017.04.19 13:24:34.244,1.82867,1.82902,1.00,1.34
2017.04.19 13:24:34.924,1.82867,1.82902,1.00,1.34
2017.04.19 13:24:35.389,1.82867,1.82902,1.00,1.34
2017.04.19 13:24:35.772,1.82867,1.82903,1.00,1.09
2017.04.19 13:24:35.823,1.82863,1.82903,1.37,1.09
2017.04.19 13:24:36.356,1.82863,1.82899,1.37,1.00
2017.04.19 13:24:36.407,1.82863,1.82899,1.37,1.00
2017.04.19 13:24:36.458,1.82861,1.82899,1.00,1.00
2017.04.19 13:24:36.610,1.82858,1.82895,1.87,1.00
2017.04.19 13:24:36.913,1.82863,1.82895,1.00,1.00
2017.04.19 13:24:37.115,1.82863,1.82898,1.12,1.00
2017.04.19 13:24:37.166,1.82863,1.82898,1.37,1.00
2017.04.19 13:24:37.248,1.82862,1.82898,1.37,1.00
2017.04.19 13:24:37.400,1.8286,1.82898,1.00,2.96
2017.04.19 13:24:37.749,1.82863,1.8289,1.00,1.34
2017.04.19 13:24:37.800,1.82854,1.82888,1.37,1.00
2017.04.19 13:24:37.901,1.82856,1.8289,1.37,1.00
2017.04.19 13:24:38.002,1.82852,1.82887,3.37,1.00
2017.04.19 13:24:38.326,1.82852,1.82885,3.37,1.00
2017.04.19 13:24:38.897,1.82852,1.82885,1.87,1.00
2017.04.19 13:24:38.948,1.82852,1.82885,1.50,1.00
2017.04.19 13:24:39.049,1.82851,1.82887,1.00,1.00
2017.04.19 13:24:39.100,1.82857,1.82881,1.00,1.00
2017.04.19 13:24:39.365,1.82851,1.82888,1.00,1.00
2017.04.19 13:24:39.416,1.82853,1.82888,1.00,1.00
2017.04.19 13:24:39.973,1.82853,1.82887,1.00,1.00
2017.04.19 13:24:40.089,1.82853,1.8289,1.00,1.09
2017.04.19 13:24:40.140,1.82855,1.8289,1.00,1.00
2017.04.19 13:24:40.190,1.82853,1.8289,1.50,1.00
2017.04.19 13:24:40.613,1.82853,1.82887,1.37,1.00
2017.04.19 13:24:40.916,1.82853,1.82889,1.37,1.00
2017.04.19 13:24:41.327,1.82852,1.82889,1.00,1.00
2017.04.19 13:24:43.121,1.82852,1.82889,1.37,1.00
2017.04.19 13:24:44.758,1.82852,1.82889,1.37,1.34
2017.04.19 13:24:44.809,1.82851,1.82889,1.00,1.34
2017.04.19 13:24:44.860,1.8285,1.82889,1.12,1.00
2017.04.19 13:24:44.911,1.82847,1.82886,1.37,1.00
2017.04.19 13:24:44.962,1.82845,1.82886,2.62,1.00
2017.04.19 13:24:45.012,1.82845,1.82881,1.87,1.00
2017.04.19 13:24:45.316,1.82843,1.82881,1.37,1.00
2017.04.19 13:24:45.558,1.82842,1.82881,1.87,1.00
2017.04.19 13:24:45.661,1.82843,1.82881,1.87,1.00
2017.04.19 13:24:45.812,1.82842,1.82881,1.87,1.09
2017.04.19 13:24:45.863,1.82843,1.82881,1.37,1.00
2017.04.19 13:24:46.087,1.82842,1.82881,1.87,1.34
2017.04.19 13:24:46.199,1.82841,1.82878,1.87,1.00
2017.04.19 13:24:46.834,1.82842,1.82878,1.87,1.00
2017.04.19 13:24:49.899,1.82842,1.82881,1.87,1.00
2017.04.19 13:24:51.460,1.82843,1.82881,1.12,1.00
2017.04.19 13:24:51.714,1.82842,1.82879,1.87,1.00
2017.04.19 13:24:52.829,1.8285,1.82879,1.12,1.00
2017.04.19 13:24:53.058,1.8285,1.82886,1.37,1.00
2017.04.19 13:24:53.262,1.8285,1.82886,1.37,1.00
2017.04.19 13:24:53.313,1.8285,1.82886,1.37,1.00
2017.04.19 13:24:53.414,1.8285,1.82888,1.87,1.00
2017.04.19 13:24:53.649,1.82849,1.82888,1.87,1.00
2017.04.19 13:24:53.700,1.82846,1.82883,1.37,1.00
2017.04.19 13:24:53.751,1.82845,1.82883,1.87,1.00
2017.04.19 13:24:54.287,1.82845,1.82882,1.87,1.34
2017.04.19 13:24:54.389,1.82842,1.82881,1.12,1.00
2017.04.19 13:24:54.439,1.8284,1.82877,1.12,1.00
2017.04.19 13:24:54.832,1.82838,1.82872,1.37,1.00
2017.04.19 13:24:55.648,1.82837,1.82872,1.87,1.00
2017.04.19 13:25:00.209,1.82841,1.82872,1.00,1.00
2017.04.19 13:25:00.800,1.82841,1.82873,1.00,1.00
2017.04.19 13:25:01.335,1.82841,1.82873,1.37,1.00
2017.04.19 13:25:01.436,1.82841,1.82875,1.37,1.00
2017.04.19 13:25:02.218,1.82841,1.82876,1.87,1.00
2017.04.19 13:25:02.420,1.82841,1.82873,1.37,1.00
2017.04.19 13:25:02.892,1.82841,1.82873,1.37,1.00
2017.04.19 13:25:02.942,1.82843,1.82876,1.37,1.00
2017.04.19 13:25:05.506,1.82843,1.82873,1.37,1.00
2017.04.19 13:25:05.801,1.82841,1.82877,1.87,1.00
2017.04.19 13:25:07.590,1.82845,1.82877,1.37,1.00
2017.04.19 13:25:07.641,1.82846,1.8288,1.12,1.00
2017.04.19 13:25:07.692,1.82848,1.8288,1.00,1.00
2017.04.19 13:25:07.743,1.82848,1.82883,1.00,1.00
2017.04.19 13:25:08.245,1.82847,1.82883,1.50,1.00
2017.04.19 13:25:08.347,1.8285,1.82879,1.00,1.00
2017.04.19 13:25:08.448,1.8285,1.82883,1.50,1.00
2017.04.19 13:25:08.672,1.82848,1.82883,1.00,1.00
2017.04.19 13:25:08.957,1.82846,1.8288,1.12,1.00
2017.04.19 13:25:09.305,1.82849,1.82882,1.00,1.00
2017.04.19 13:25:09.609,1.82854,1.82886,1.50,1.00
2017.04.19 13:25:09.710,1.82856,1.82892,1.37,1.00
2017.04.19 13:25:09.812,1.82863,1.82897,1.71,1.00
2017.04.19 13:25:09.913,1.82868,1.82903,1.37,1.00
2017.04.19 13:25:10.014,1.8287,1.82907,1.37,1.00
2017.04.19 13:25:11.245,1.82873,1.82907,1.00,1.00
2017.04.19 13:25:11.880,1.82874,1.82907,1.00,1.00
2017.04.19 13:25:12.295,1.82872,1.82907,1.12,1.00
2017.04.19 13:25:12.554,1.82874,1.82907,1.00,1.00
2017.04.19 13:25:12.761,1.82872,1.82907,1.87,1.00
2017.04.19 13:25:13.310,1.82871,1.82907,1.50,1.00
2017.04.19 13:25:14.815,1.82872,1.82907,1.00,1.00
2017.04.19 13:25:18.052,1.82872,1.82907,1.00,1.71
2017.04.19 13:25:18.154,1.82868,1.82901,1.00,1.09
2017.04.19 13:25:18.256,1.82865,1.829,1.00,1.00
2017.04.19 13:25:18.633,1.82865,1.82898,1.50,1.00
2017.04.19 13:25:19.164,1.82866,1.82898,1.00,1.00
2017.04.19 13:25:19.959,1.82865,1.82898,1.00,1.00
2017.04.19 13:25:20.161,1.82862,1.82896,1.00,1.00
2017.04.19 13:25:20.709,1.82863,1.82896,1.00,1.00
2017.04.19 13:25:22.923,1.8286,1.82896,1.87,1.00
2017.04.19 13:25:23.671,1.82864,1.82896,1.00,1.00
2017.04.19 13:25:23.722,1.82864,1.82898,1.87,1.00
2017.04.19 13:25:23.823,1.82864,1.829,1.12,1.00
2017.04.19 13:25:23.925,1.82863,1.82897,1.37,1.00
2017.04.19 13:25:24.435,1.82861,1.82897,1.87,1.00
2017.04.19 13:25:24.994,1.82861,1.82898,1.87,1.00
2017.04.19 13:25:27.410,1.82861,1.82895,1.87,1.00
2017.04.19 13:25:27.713,1.82857,1.82893,1.37,1.00
2017.04.19 13:25:28.228,1.82857,1.82891,1.37,1.00
2017.04.19 13:25:28.820,1.82856,1.82891,1.37,1.00
2017.04.19 13:25:29.462,1.82856,1.82894,1.37,1.00
2017.04.19 13:25:30.459,1.82859,1.82894,1.87,1.00
2017.04.19 13:25:30.560,1.82862,1.82899,2.96,1.00
2017.04.19 13:25:30.662,1.82866,1.82906,1.37,1.00
2017.04.19 13:25:31.735,1.82871,1.82912,1.87,1.00
2017.04.19 13:25:33.030,1.82871,1.82911,1.37,1.00
2017.04.19 13:25:33.753,1.82873,1.82914,1.37,1.00
2017.04.19 13:25:34.079,1.82873,1.82914,1.37,1.00
2017.04.19 13:25:36.145,1.82874,1.82916,1.37,1.09
2017.04.19 13:25:36.506,1.82875,1.82916,1.37,1.00
2017.04.19 13:25:36.658,1.8288,1.82923,1.87,1.00
2017.04.19 13:25:36.759,1.82883,1.82923,1.37,1.00
2017.04.19 13:25:36.911,1.82883,1.82923,1.87,1.00
2017.04.19 13:25:36.962,1.82883,1.82926,1.87,1.09
2017.04.19 13:25:37.588,1.82885,1.82927,1.37,1.09
2017.04.19 13:25:37.793,1.82885,1.82923,1.00,1.00
2017.04.19 13:25:37.844,1.82885,1.82927,1.37,1.09
2017.04.19 13:25:38.036,1.82884,1.82925,1.87,1.00
2017.04.19 13:25:39.732,1.82884,1.82925,1.37,1.34
2017.04.19 13:25:39.783,1.82881,1.82923,1.87,1.34
2017.04.19 13:25:39.834,1.82881,1.82922,1.37,1.34
2017.04.19 13:25:39.884,1.82879,1.82921,1.37,1.09
2017.04.19 13:25:40.185,1.82878,1.82918,1.37,1.00
2017.04.19 13:25:40.664,1.82878,1.8292,1.87,1.00
2017.04.19 13:25:41.196,1.82878,1.82919,1.37,1.00
2017.04.19 13:25:41.348,1.82877,1.82919,1.87,1.00
2017.04.19 13:25:41.956,1.82878,1.8292,1.37,1.00
2017.04.19 13:25:42.473,1.82879,1.8292,1.37,1.00
2017.04.19 13:25:42.746,1.82887,1.82928,1.37,2.59
2017.04.19 13:25:42.797,1.82887,1.82928,1.00,1.84
2017.04.19 13:25:43.100,1.82885,1.82925,1.37,1.00
2017.04.19 13:25:43.201,1.82883,1.82924,1.87,1.00
2017.04.19 13:25:43.516,1.82882,1.82924,1.37,1.00
2017.04.19 13:25:43.699,1.82883,1.82926,1.87,1.00
2017.04.19 13:25:44.242,1.82883,1.82923,1.37,1.00
2017.04.19 13:25:44.688,1.82882,1.82923,1.37,1.00
2017.04.19 13:25:45.330,1.82882,1.82923,1.37,1.00
2017.04.19 13:25:46.869,1.82882,1.82922,1.37,1.00
2017.04.19 13:25:49.970,1.8288,1.82922,1.37,1.34
2017.04.19 13:25:50.022,1.82879,1.82922,1.37,1.34
2017.04.19 13:25:50.073,1.82877,1.82917,1.37,1.00
2017.04.19 13:25:50.395,1.8288,1.82917,1.37,1.00
2017.04.19 13:25:50.960,1.8288,1.82918,1.87,1.00
2017.04.19 13:25:51.868,1.8288,1.82918,1.87,1.00
2017.04.19 13:25:51.970,1.8288,1.82921,2.62,1.00
2017.04.19 13:25:54.261,1.8288,1.82921,2.62,1.00
2017.04.19 13:25:54.716,1.8288,1.82921,1.87,1.00
2017.04.19 13:25:54.767,1.82879,1.82919,1.87,1.00
2017.04.19 13:25:54.868,1.8288,1.82921,1.87,1.00
2017.04.19 13:25:55.573,1.82879,1.82922,1.87,1.00
2017.04.19 13:25:56.659,1.82879,1.82922,1.37,1.00
2017.04.19 13:25:57.056,1.82879,1.8292,1.37,1.00
2017.04.19 13:25:57.715,1.82879,1.8292,1.37,1.00
2017.04.19 13:25:58.257,1.8288,1.82922,1.37,1.00
2017.04.19 13:25:59.350,1.82881,1.82922,1.37,1.00
2017.04.19 13:25:59.772,1.82882,1.82925,1.37,1.34
2017.04.19 13:26:00.285,1.8288,1.82923,1.37,1.34
2017.04.19 13:26:00.743,1.8288,1.8292,1.37,1.00
2017.04.19 13:26:01.407,1.82879,1.8292,1.37,1.00
2017.04.19 13:26:03.576,1.82879,1.8292,1.37,1.34
2017.04.19 13:26:03.678,1.82878,1.82918,1.37,1.34
2017.04.19 13:26:04.196,1.82877,1.82918,1.37,1.34
2017.04.19 13:26:05.134,1.82876,1.82918,1.37,1.34
2017.04.19 13:26:09.652,1.82874,1.82918,1.37,1.34
2017.04.19 13:26:10.260,1.82874,1.82918,1.37,1.34
2017.04.19 13:26:12.451,1.82872,1.82916,1.37,1.34
2017.04.19 13:26:12.502,1.8287,1.82915,1.87,1.34
2017.04.19 13:26:17.588,1.82873,1.82915,1.37,1.34
2017.04.19 13:26:17.820,1.82873,1.82909,1.37,1.84
2017.04.19 13:26:17.872,1.82873,1.82912,1.37,1.84
2017.04.19 13:26:17.973,1.82873,1.82915,1.37,1.34
2017.04.19 13:26:18.024,1.82873,1.82915,1.37,1.34
2017.04.19 13:26:18.125,1.82873,1.82915,1.37,1.34
2017.04.19 13:26:18.327,1.8287,1.82911,1.37,1.00
2017.04.19 13:26:19.046,1.8287,1.82912,1.37,1.00
2017.04.19 13:26:19.182,1.82871,1.82915,1.37,1.09
2017.04.19 13:26:20.205,1.82871,1.82915,1.37,1.37
2017.04.19 13:26:20.391,1.82871,1.82915,1.71,1.00
2017.04.19 13:26:20.442,1.82881,1.82915,1.00,1.00
2017.04.19 13:26:20.493,1.82881,1.82921,1.37,1.00
2017.04.19 13:26:20.544,1.82879,1.82921,1.12,1.12
2017.04.19 13:26:20.696,1.82883,1.82926,1.00,2.96
2017.04.19 13:26:20.999,1.82885,1.82927,1.00,2.21
2017.04.19 13:26:21.230,1.82883,1.82924,1.00,1.46
2017.04.19 13:26:21.332,1.82883,1.82924,1.00,2.96
2017.04.19 13:26:21.614,1.82869,1.82909,1.00,1.71
2017.04.19 13:26:21.666,1.82866,1.82909,1.50,1.71
2017.04.19 13:26:21.768,1.82866,1.82908,1.00,2.21
2017.04.19 13:26:21.971,1.82858,1.82901,1.37,1.71
2017.04.19 13:26:22.122,1.82858,1.82898,1.37,1.00
2017.04.19 13:26:22.388,1.82858,1.82901,1.37,1.12
2017.04.19 13:26:23.313,1.82858,1.82901,1.37,1.12
2017.04.19 13:26:23.616,1.82862,1.82901,1.37,1.00
2017.04.19 13:26:23.790,1.82862,1.82903,1.37,1.00
2017.04.19 13:26:23.942,1.82863,1.82903,2.62,1.00
2017.04.19 13:26:24.117,1.82864,1.82905,1.37,1.00
2017.04.19 13:26:25.113,1.82863,1.82901,2.62,1.00
2017.04.19 13:26:25.164,1.82859,1.82901,1.12,1.37
2017.04.19 13:26:25.378,1.82859,1.82901,1.00,1.46
2017.04.19 13:26:26.423,1.82857,1.82901,1.50,1.46
2017.04.19 13:26:27.023,1.82857,1.82899,1.50,1.87
2017.04.19 13:26:27.653,1.82855,1.82898,1.87,1.71
2017.04.19 13:26:28.207,1.82854,1.82894,1.37,1.46
2017.04.19 13:26:28.911,1.82854,1.82894,1.37,1.34
2017.04.19 13:26:29.565,1.82854,1.82894,1.37,1.34
2017.04.19 13:26:30.064,1.82854,1.82894,1.37,1.34
2017.04.19 13:26:30.216,1.82851,1.82894,1.87,1.34
2017.04.19 13:26:30.653,1.82849,1.82884,1.00,1.84
2017.04.19 13:26:30.703,1.82846,1.82883,1.50,1.84
2017.04.19 13:26:30.754,1.82844,1.82887,1.12,1.71
2017.04.19 13:26:30.805,1.82846,1.82888,1.00,2.21
2017.04.19 13:26:30.906,1.82843,1.82881,1.00,1.00
2017.04.19 13:26:31.414,1.82839,1.8288,1.37,1.00
2017.04.19 13:26:31.515,1.82839,1.8288,1.37,1.09
2017.04.19 13:26:32.028,1.82839,1.82882,1.87,1.46
2017.04.19 13:26:32.555,1.82837,1.8288,1.37,1.34
2017.04.19 13:26:33.113,1.82837,1.8288,1.37,1.46
2017.04.19 13:26:33.631,1.82839,1.8288,1.00,1.46
2017.04.19 13:26:34.274,1.82837,1.82879,1.87,1.00
2017.04.19 13:26:34.458,1.82837,1.82879,1.00,2.96
2017.04.19 13:26:34.509,1.82834,1.82874,1.00,1.12
2017.04.19 13:26:35.044,1.82832,1.82875,1.87,1.12
2017.04.19 13:26:35.658,1.82833,1.82874,1.37,1.00
2017.04.19 13:26:36.205,1.82832,1.82873,1.87,1.00
2017.04.19 13:26:37.313,1.82833,1.82874,1.37,1.00
2017.04.19 13:26:37.547,1.82835,1.82876,1.00,1.00
2017.04.19 13:26:38.109,1.82836,1.82877,1.00,1.12
2017.04.19 13:26:38.211,1.82834,1.82877,1.87,1.00
2017.04.19 13:26:38.554,1.82836,1.82877,1.00,1.00
2017.04.19 13:26:39.851,1.82834,1.82877,1.87,1.00
2017.04.19 13:26:40.414,1.82835,1.82878,1.00,1.12
2017.04.19 13:26:41.115,1.82835,1.82876,1.00,1.00
2017.04.19 13:26:42.701,1.82835,1.82876,1.87,1.00
2017.04.19 13:26:43.315,1.82835,1.82876,1.50,1.00
2017.04.19 13:26:44.116,1.82836,1.82876,1.12,1.00
2017.04.19 13:26:44.267,1.82837,1.82876,1.37,1.00
2017.04.19 13:26:44.823,1.82837,1.82876,1.37,1.00
2017.04.19 13:26:45.394,1.82835,1.82876,1.37,1.00
2017.04.19 13:26:45.445,1.82832,1.82859,1.00,1.00
2017.04.19 13:26:45.547,1.82821,1.82859,1.50,1.12
2017.04.19 13:26:45.598,1.82821,1.82847,1.50,1.00
2017.04.19 13:26:45.699,1.82811,1.82847,1.87,1.00
2017.04.19 13:26:45.750,1.82811,1.82847,1.37,1.00
2017.04.19 13:26:46.055,1.82812,1.82848,1.37,1.00
2017.04.19 13:26:46.557,1.82812,1.82847,1.37,1.00
2017.04.19 13:26:47.058,1.82808,1.82836,1.37,1.00
2017.04.19 13:26:47.115,1.82808,1.82835,1.00,1.00
2017.04.19 13:26:47.166,1.82801,1.82838,1.00,1.00
2017.04.19 13:26:47.270,1.82802,1.82838,1.37,1.00
2017.04.19 13:26:47.517,1.82803,1.82842,1.00,1.87
2017.04.19 13:26:47.740,1.82807,1.82842,1.00,1.12
2017.04.19 13:26:47.791,1.828,1.82841,1.37,1.00
2017.04.19 13:26:47.843,1.82803,1.82844,1.37,1.00
2017.04.19 13:26:48.045,1.82807,1.82845,1.00,1.12
2017.04.19 13:26:48.146,1.82807,1.82848,1.12,1.87
2017.04.19 13:26:48.247,1.82812,1.82849,1.00,1.37
2017.04.19 13:26:48.298,1.82812,1.82849,1.00,1.00
2017.04.19 13:26:48.349,1.82812,1.82851,1.50,1.00
2017.04.19 13:26:48.828,1.82812,1.82845,1.50,1.00
2017.04.19 13:26:49.003,1.82809,1.82846,1.00,1.00
2017.04.19 13:26:49.055,1.82807,1.82843,1.00,1.12
2017.04.19 13:26:49.156,1.82801,1.82842,1.00,1.37
2017.04.19 13:26:49.568,1.82801,1.82837,1.00,1.00
2017.04.19 13:26:49.669,1.82801,1.82842,1.71,1.00
2017.04.19 13:26:49.720,1.82801,1.82842,2.96,1.00
2017.04.19 13:26:50.259,1.82805,1.82843,2.96,1.00
2017.04.19 13:26:50.362,1.82811,1.82845,1.00,1.50
2017.04.19 13:26:51.314,1.82808,1.82845,1.00,1.00
2017.04.19 13:26:51.959,1.82808,1.82845,1.00,1.37
2017.04.19 13:26:52.264,1.82791,1.82828,1.00,1.37
2017.04.19 13:26:52.797,1.82792,1.82827,1.00,1.12
2017.04.19 13:26:53.323,1.82791,1.82828,1.00,1.37
2017.04.19 13:26:54.034,1.82791,1.82833,1.50,1.37
2017.04.19 13:26:54.200,1.82792,1.82834,1.00,1.37
2017.04.19 13:26:54.352,1.82791,1.82834,2.25,1.37
2017.04.19 13:26:55.063,1.82792,1.82834,1.00,1.37
2017.04.19 13:26:55.411,1.82791,1.82834,2.62,1.37
2017.04.19 13:26:56.172,1.82791,1.82834,1.87,1.37
2017.04.19 13:26:56.727,1.82794,1.82835,1.00,1.37
2017.04.19 13:26:56.778,1.82794,1.82835,1.00,1.37
2017.04.19 13:26:56.828,1.82794,1.82835,1.37,1.00
2017.04.19 13:26:57.171,1.82796,1.82838,1.37,1.37
2017.04.19 13:26:57.222,1.82796,1.82838,1.00,1.75
2017.04.19 13:26:57.332,1.82796,1.82838,1.37,1.37
2017.04.19 13:26:57.453,1.82796,1.82837,1.12,1.00
2017.04.19 13:26:57.513,1.82796,1.82838,1.37,1.37
2017.04.19 13:26:58.035,1.82796,1.82838,1.37,1.00
2017.04.19 13:26:58.699,1.82796,1.82838,1.12,1.37
2017.04.19 13:26:59.154,1.82796,1.82838,1.37,1.50
2017.04.19 13:26:59.679,1.82796,1.82838,1.12,1.37
2017.04.19 13:27:00.147,1.82796,1.82831,1.00,1.37
2017.04.19 13:27:00.299,1.82792,1.82831,1.12,1.12
2017.04.19 13:27:00.401,1.82793,1.82831,1.00,1.37
2017.04.19 13:27:00.452,1.82788,1.82827,1.50,1.37
2017.04.19 13:27:00.553,1.8279,1.82832,1.00,3.00
2017.04.19 13:27:00.707,1.82788,1.8283,1.00,1.37
2017.04.19 13:27:00.860,1.82788,1.82828,1.00,1.87
2017.04.19 13:27:01.113,1.82788,1.8283,1.00,1.87
2017.04.19 13:27:01.164,1.8279,1.8283,1.00,1.37
2017.04.19 13:27:01.316,1.82792,1.82831,1.00,1.87
2017.04.19 13:27:01.700,1.82791,1.82831,1.00,1.37
2017.04.19 13:27:01.801,1.82791,1.82831,1.00,1.37
2017.04.19 13:27:02.173,1.82793,1.82833,1.00,1.75
2017.04.19 13:27:02.330,1.82795,1.82834,1.37,1.00
2017.04.19 13:27:02.381,1.82799,1.82838,1.37,1.00
2017.04.19 13:27:02.482,1.82805,1.82847,1.00,1.12
2017.04.19 13:27:03.002,1.82806,1.82848,1.00,3.75
2017.04.19 13:27:03.322,1.82805,1.82846,1.00,1.87
2017.04.19 13:27:03.372,1.82808,1.82847,1.00,1.00
2017.04.19 13:27:03.423,1.82808,1.8285,1.00,3.75
2017.04.19 13:27:03.805,1.82806,1.82849,1.00,2.25
2017.04.19 13:27:03.856,1.82806,1.82848,1.00,3.00
2017.04.19 13:27:04.093,1.82804,1.82845,1.00,1.37
2017.04.19 13:27:05.796,1.82804,1.82845,1.12,1.12
2017.04.19 13:27:05.847,1.82808,1.8285,1.50,1.37
2017.04.19 13:27:06.005,1.82809,1.82852,1.00,1.75
2017.04.19 13:27:06.389,1.82809,1.82851,1.00,1.50
2017.04.19 13:27:06.693,1.82807,1.82848,1.00,1.37
2017.04.19 13:27:06.794,1.82805,1.82848,1.00,1.37
2017.04.19 13:27:06.988,1.82803,1.82846,1.12,1.12
2017.04.19 13:27:07.232,1.82806,1.82846,1.00,1.12
2017.04.19 13:27:07.657,1.82807,1.82848,1.50,1.37
2017.04.19 13:27:07.960,1.82821,1.82861,1.00,2.25
2017.04.19 13:27:08.061,1.82821,1.82861,1.00,1.75
2017.04.19 13:27:08.466,1.82823,1.82861,1.00,1.75
2017.04.19 13:27:08.517,1.82824,1.82861,1.00,1.75
2017.04.19 13:27:08.616,1.82827,1.82862,1.00,1.75
2017.04.19 13:27:08.953,1.82833,1.8287,1.00,1.37
2017.04.19 13:27:10.874,1.82833,1.82869,1.00,1.37
2017.04.19 13:27:11.402,1.82833,1.82869,1.00,1.37
2017.04.19 13:27:11.925,1.82833,1.82869,1.00,1.12
2017.04.19 13:27:12.384,1.82832,1.8287,1.50,2.62
2017.04.19 13:27:12.956,1.82832,1.8287,1.00,1.37
2017.04.19 13:27:13.571,1.82833,1.8287,1.00,1.37
2017.04.19 13:27:14.147,1.82832,1.8287,1.00,1.37
2017.04.19 13:27:14.981,1.82831,1.82866,1.00,1.00
2017.04.19 13:27:17.562,1.82831,1.82867,1.00,1.00
2017.04.19 13:27:18.794,1.82829,1.82867,1.00,1.00
2017.04.19 13:27:19.316,1.82829,1.82869,1.00,1.87
2017.04.19 13:27:20.238,1.82829,1.82867,1.00,1.00
2017.04.19 13:27:20.390,1.82827,1.82867,1.00,1.37
2017.04.19 13:27:20.791,1.82824,1.82863,1.00,1.37
2017.04.19 13:27:20.892,1.82821,1.82862,1.00,1.37
2017.04.19 13:27:21.097,1.82821,1.8286,1.00,1.00
2017.04.19 13:27:21.250,1.82823,1.82861,1.00,1.00
2017.04.19 13:27:21.757,1.82822,1.82861,1.00,1.00
2017.04.19 13:27:21.909,1.82816,1.82857,1.00,1.12
2017.04.19 13:27:21.960,1.82816,1.82857,1.00,1.87
2017.04.19 13:27:22.213,1.82814,1.82856,1.12,1.87
2017.04.19 13:27:22.667,1.82816,1.82856,1.00,1.37
2017.04.19 13:27:23.292,1.82815,1.82856,1.37,1.00
2017.04.19 13:27:25.292,1.82817,1.82858,1.12,1.37
2017.04.19 13:27:25.859,1.82815,1.82857,1.00,1.37
2017.04.19 13:27:26.162,1.82803,1.82844,1.00,1.37
2017.04.19 13:27:26.213,1.82803,1.82844,1.37,1.00
2017.04.19 13:27:26.415,1.82802,1.82845,1.87,1.37
2017.04.19 13:27:26.568,1.82804,1.82845,1.00,1.37
2017.04.19 13:27:26.719,1.82804,1.82845,1.00,1.00
2017.04.19 13:27:26.991,1.8281,1.82847,1.00,1.00
2017.04.19 13:27:27.143,1.82807,1.82848,1.00,1.37
2017.04.19 13:27:27.369,1.82804,1.82846,1.12,1.37
2017.04.19 13:27:27.420,1.82804,1.82846,1.00,1.37
2017.04.19 13:27:27.592,1.82802,1.82845,1.12,1.37
2017.04.19 13:27:28.173,1.82801,1.8284,1.50,1.12
2017.04.19 13:27:28.678,1.82799,1.82842,1.87,1.37
2017.04.19 13:27:29.152,1.82799,1.82842,1.50,1.50
2017.04.19 13:27:29.484,1.82803,1.82844,1.00,1.75
2017.04.19 13:27:30.016,1.82804,1.82846,1.37,1.50
2017.04.19 13:27:30.117,1.82805,1.82846,1.00,1.12
2017.04.19 13:27:30.168,1.82808,1.82846,1.00,1.12
2017.04.19 13:27:30.321,1.82812,1.82853,1.87,1.00
2017.04.19 13:27:30.422,1.82819,1.8285,1.00,1.87
2017.04.19 13:27:30.523,1.82809,1.8285,1.00,3.37
2017.04.19 13:27:30.624,1.82806,1.82846,1.00,1.37
2017.04.19 13:27:30.726,1.82811,1.82845,1.00,1.12
2017.04.19 13:27:30.777,1.82802,1.82845,1.87,1.12
2017.04.19 13:27:30.828,1.82807,1.82845,1.00,1.00
2017.04.19 13:27:31.047,1.82805,1.82848,1.12,1.37
2017.04.19 13:27:31.316,1.82807,1.82848,1.00,1.37
2017.04.19 13:27:31.518,1.82805,1.82848,1.12,1.37
2017.04.19 13:27:31.821,1.82807,1.82848,1.00,1.37
2017.04.19 13:27:32.108,1.82805,1.82848,1.50,1.37
2017.04.19 13:27:32.310,1.82808,1.82849,1.00,1.37
2017.04.19 13:27:32.616,1.82807,1.82849,1.00,2.21
2017.04.19 13:27:32.819,1.82805,1.82848,1.00,1.71
2017.04.19 13:27:33.024,1.82805,1.82841,1.00,2.21
2017.04.19 13:27:33.125,1.82798,1.82836,1.00,1.87
2017.04.19 13:27:33.176,1.82796,1.82838,1.00,1.37
2017.04.19 13:27:33.227,1.82799,1.82837,1.00,1.37
2017.04.19 13:27:33.328,1.82796,1.82837,1.00,1.37
2017.04.19 13:27:33.430,1.82797,1.82838,1.00,1.37
2017.04.19 13:27:33.646,1.82798,1.82838,1.00,1.37
2017.04.19 13:27:34.178,1.82799,1.82842,1.00,2.62
2017.04.19 13:27:35.283,1.82798,1.82841,1.12,1.50
2017.04.19 13:27:35.486,1.828,1.82841,1.00,1.50
2017.04.19 13:27:35.690,1.82796,1.82839,1.00,1.37
2017.04.19 13:27:35.742,1.82796,1.82838,1.00,1.87
2017.04.19 13:27:35.792,1.82796,1.82839,1.00,1.37
2017.04.19 13:27:35.843,1.82799,1.82839,1.00,1.37
2017.04.19 13:27:35.945,1.82799,1.82839,1.00,1.37
2017.04.19 13:27:36.151,1.82801,1.82843,1.00,1.75
2017.04.19 13:27:36.785,1.82802,1.82844,1.50,2.25
2017.04.19 13:27:37.116,1.82802,1.82841,1.50,1.00
2017.04.19 13:27:37.858,1.82802,1.82844,1.00,1.12
2017.04.19 13:27:38.541,1.82803,1.82844,1.00,1.12
2017.04.19 13:27:39.059,1.82803,1.82844,1.00,1.37
2017.04.19 13:27:39.425,1.82802,1.82841,1.00,1.87
2017.04.19 13:27:39.738,1.82802,1.82843,1.00,1.87
2017.04.19 13:27:39.950,1.82813,1.82844,1.00,1.37
2017.04.19 13:27:40.001,1.82811,1.82851,1.00,2.21
2017.04.19 13:27:40.052,1.8281,1.82851,1.50,2.96
2017.04.19 13:27:40.102,1.82807,1.82849,1.00,1.71
2017.04.19 13:27:40.204,1.82807,1.82849,1.00,2.96
2017.04.19 13:27:40.519,1.82807,1.82849,1.00,1.46
2017.04.19 13:27:40.569,1.82807,1.82848,1.00,2.21
2017.04.19 13:27:40.620,1.82805,1.82846,1.50,2.21
2017.04.19 13:27:40.950,1.82808,1.82845,1.00,1.37
2017.04.19 13:27:41.454,1.82807,1.82848,1.00,1.71
2017.04.19 13:27:41.950,1.82807,1.82848,1.00,1.37
2017.04.19 13:27:42.152,1.82808,1.82847,1.50,1.87
2017.04.19 13:27:43.024,1.82811,1.82847,1.00,1.87
2017.04.19 13:27:43.075,1.82815,1.82852,1.00,1.37
2017.04.19 13:27:43.130,1.82817,1.82856,1.00,2.62
2017.04.19 13:27:43.951,1.82817,1.82858,1.00,1.75
2017.04.19 13:27:44.001,1.82822,1.82862,1.00,2.62
2017.04.19 13:27:44.334,1.8281,1.82851,1.00,1.37
2017.04.19 13:27:44.435,1.82808,1.82848,1.00,1.75
2017.04.19 13:27:44.638,1.82805,1.82845,1.00,1.37
2017.04.19 13:27:45.880,1.82807,1.82845,1.00,1.37
2017.04.19 13:27:46.183,1.82809,1.82848,1.00,1.75
2017.04.19 13:27:46.547,1.82807,1.82848,1.00,1.75
2017.04.19 13:27:46.699,1.82805,1.82846,1.00,1.37
2017.04.19 13:27:46.749,1.82805,1.82846,1.00,1.37
2017.04.19 13:27:47.049,1.82804,1.82846,1.00,1.37
2017.04.19 13:27:47.404,1.82807,1.82846,1.00,1.37
2017.04.19 13:27:48.007,1.82806,1.82845,1.00,1.37
2017.04.19 13:27:50.587,1.82806,1.82845,1.00,1.37
2017.04.19 13:27:50.840,1.82792,1.82828,1.00,1.37
2017.04.19 13:27:50.891,1.8279,1.82828,1.00,1.37
2017.04.19 13:27:51.143,1.8279,1.82828,1.00,1.37
2017.04.19 13:27:52.148,1.82792,1.82828,1.00,1.37
2017.04.19 13:27:52.626,1.82791,1.82826,1.00,2.21
2017.04.19 13:27:52.676,1.82785,1.82824,1.00,2.21
2017.04.19 13:27:52.727,1.82783,1.8282,1.00,1.37
2017.04.19 13:27:52.778,1.82785,1.8282,1.00,1.37
2017.04.19 13:27:52.829,1.82785,1.82821,1.00,1.37
2017.04.19 13:27:52.881,1.82785,1.82821,1.00,1.37
2017.04.19 13:27:52.982,1.82786,1.82821,1.00,1.37
2017.04.19 13:27:53.285,1.82785,1.82821,1.00,1.37
2017.04.19 13:27:53.752,1.82783,1.82819,1.00,1.37
2017.04.19 13:27:54.632,1.82792,1.82819,1.00,1.00
2017.04.19 13:27:54.733,1.82789,1.82824,1.00,1.37
2017.04.19 13:27:54.784,1.82785,1.82824,1.00,1.37
2017.04.19 13:27:54.835,1.82786,1.82824,1.00,1.37
2017.04.19 13:27:54.936,1.82784,1.82821,1.00,1.37
2017.04.19 13:27:54.987,1.82786,1.82821,1.00,1.37
2017.04.19 13:27:55.038,1.82784,1.82821,1.00,1.37
2017.04.19 13:27:55.088,1.82786,1.82821,1.00,1.37
2017.04.19 13:27:55.392,1.82786,1.8282,1.00,1.37
2017.04.19 13:27:59.541,1.82786,1.8282,1.00,1.12
2017.04.19 13:28:00.215,1.82816,1.82825,1.00,1.00
2017.04.19 13:28:00.266,1.82809,1.82825,1.00,1.00
2017.04.19 13:28:00.317,1.82802,1.82841,1.50,1.71
2017.04.19 13:28:00.368,1.82815,1.82841,1.00,1.37
2017.04.19 13:28:00.671,1.82815,1.82839,1.00,1.37
2017.04.19 13:28:00.722,1.82799,1.82837,1.50,1.37
2017.04.19 13:28:01.278,1.82798,1.82835,1.00,1.37
2017.04.19 13:28:01.380,1.82798,1.82835,1.00,1.37
2017.04.19 13:28:01.532,1.82798,1.82835,1.00,1.37
2017.04.19 13:28:02.322,1.82802,1.82836,1.00,1.37
2017.04.19 13:28:02.424,1.82802,1.82831,1.00,1.71
2017.04.19 13:28:02.475,1.82795,1.82831,1.00,2.96
2017.04.19 13:28:02.525,1.82797,1.82833,1.00,1.71
2017.04.19 13:28:02.627,1.82796,1.82833,1.00,1.37
2017.04.19 13:28:02.798,1.82796,1.82831,1.00,1.37
2017.04.19 13:28:02.851,1.82791,1.82827,1.00,1.37
2017.04.19 13:28:03.003,1.82789,1.82827,1.00,1.37
2017.04.19 13:28:03.628,1.8279,1.82827,1.00,1.37
2017.04.19 13:28:03.931,1.82788,1.82827,1.50,1.37
2017.04.19 13:28:03.982,1.82788,1.82827,1.50,1.37
2017.04.19 13:28:04.184,1.82786,1.82827,1.50,1.46
2017.04.19 13:28:04.472,1.82788,1.82826,1.00,1.37
2017.04.19 13:28:04.826,1.82792,1.82829,1.00,1.87
2017.04.19 13:28:05.576,1.82792,1.82829,1.50,1.87
2017.04.19 13:28:06.164,1.82793,1.82829,1.00,1.87
2017.04.19 13:28:06.468,1.82782,1.82819,1.00,1.37
2017.04.19 13:28:06.570,1.82776,1.82813,1.00,1.37
2017.04.19 13:28:06.620,1.82775,1.82813,1.00,1.37
2017.04.19 13:28:06.782,1.82773,1.82813,1.50,1.37
2017.04.19 13:28:07.983,1.82775,1.82811,1.00,1.37
2017.04.19 13:28:08.136,1.82776,1.82811,1.00,1.00
2017.04.19 13:28:08.804,1.82777,1.82811,1.00,1.00
2017.04.19 13:28:08.855,1.82776,1.82813,1.12,1.00
2017.04.19 13:28:08.956,1.82778,1.82813,1.00,1.12
2017.04.19 13:28:09.121,1.82776,1.82812,1.00,1.12
2017.04.19 13:28:09.642,1.82776,1.82813,1.00,1.12
2017.04.19 13:28:12.489,1.82773,1.82812,1.50,1.46
2017.04.19 13:28:12.878,1.82773,1.82812,1.50,1.12
2017.04.19 13:28:12.929,1.82776,1.82812,1.50,1.00
2017.04.19 13:28:13.351,1.82779,1.82813,1.00,1.00
2017.04.19 13:28:14.128,1.82776,1.82813,1.00,1.71
2017.04.19 13:28:14.179,1.82774,1.82813,1.00,1.71
2017.04.19 13:28:14.689,1.82773,1.82812,1.00,1.46
2017.04.19 13:28:14.740,1.82771,1.82812,1.37,1.46
2017.04.19 13:28:15.749,1.82772,1.82812,1.12,1.12
2017.04.19 13:28:15.850,1.82776,1.82813,1.50,1.12
2017.04.19 13:28:16.159,1.82783,1.82813,1.00,1.00
2017.04.19 13:28:16.261,1.82782,1.82817,1.00,1.37
2017.04.19 13:28:16.513,1.82784,1.82817,1.00,1.00
2017.04.19 13:28:16.565,1.82785,1.82819,1.00,1.50
2017.04.19 13:28:17.108,1.82786,1.8282,1.00,1.37
2017.04.19 13:28:17.637,1.82787,1.8282,1.50,1.00
2017.04.19 13:28:17.964,1.82786,1.82823,1.50,1.37
2017.04.19 13:28:18.218,1.82786,1.82823,1.00,1.37
2017.04.19 13:28:18.584,1.82787,1.82823,1.00,1.37
2017.04.19 13:28:19.096,1.82787,1.82823,1.00,1.12
2017.04.19 13:28:20.189,1.82787,1.82825,1.37,1.00
2017.04.19 13:28:20.542,1.82798,1.82828,1.37,1.00
2017.04.19 13:28:20.644,1.82798,1.8283,1.87,1.00
2017.04.19 13:28:20.859,1.82798,1.8283,1.37,1.00
2017.04.19 13:28:21.061,1.8279,1.82827,1.37,1.00
2017.04.19 13:28:21.162,1.8279,1.82827,1.37,1.09
2017.04.19 13:28:21.263,1.8279,1.82825,1.87,1.00
2017.04.19 13:28:21.741,1.8279,1.82827,1.37,1.00
2017.04.19 13:28:22.062,1.8279,1.82827,1.37,1.09
2017.04.19 13:28:22.477,1.8279,1.82826,1.37,1.09
2017.04.19 13:28:23.083,1.82787,1.82824,1.87,1.00
2017.04.19 13:28:24.312,1.82787,1.82824,1.87,1.00
2017.04.19 13:28:24.414,1.82787,1.82824,1.37,1.34
2017.04.19 13:28:24.717,1.82794,1.82829,1.37,1.00
2017.04.19 13:28:24.768,1.82795,1.82831,1.37,1.00
2017.04.19 13:28:25.351,1.8279,1.82831,1.87,1.34
2017.04.19 13:28:27.000,1.82791,1.8283,1.37,1.34
2017.04.19 13:28:27.690,1.82791,1.8283,1.37,1.09
2017.04.19 13:28:28.450,1.82791,1.8283,1.37,1.34
2017.04.19 13:28:29.008,1.82791,1.8283,1.37,1.00
2017.04.19 13:28:29.858,1.82791,1.82829,1.37,1.34
2017.04.19 13:28:29.909,1.82791,1.82826,1.37,1.34
2017.04.19 13:28:29.960,1.82785,1.82817,1.00,1.00
2017.04.19 13:28:30.011,1.82782,1.82817,1.00,1.00
2017.04.19 13:28:30.062,1.8278,1.82815,1.37,1.00
2017.04.19 13:28:30.365,1.82777,1.82815,1.87,1.00
2017.04.19 13:28:30.906,1.82775,1.82814,1.37,1.34
2017.04.19 13:28:31.123,1.82773,1.82811,1.87,1.00
2017.04.19 13:28:31.676,1.82773,1.8281,1.37,1.00
2017.04.19 13:28:32.312,1.82773,1.8281,1.37,1.00
2017.04.19 13:28:34.275,1.82773,1.8281,1.37,1.00
2017.04.19 13:28:34.578,1.82787,1.82821,1.37,1.00
2017.04.19 13:28:34.679,1.8279,1.82831,1.37,1.37
2017.04.19 13:28:34.730,1.8279,1.82831,1.37,1.09
2017.04.19 13:28:34.781,1.82786,1.82822,1.37,1.00
2017.04.19 13:28:34.832,1.82786,1.82821,1.37,1.00
2017.04.19 13:28:35.116,1.82786,1.82822,1.37,1.00
2017.04.19 13:28:35.167,1.82785,1.82826,1.12,1.46
2017.04.19 13:28:35.300,1.82785,1.82823,1.37,1.00
2017.04.19 13:28:35.351,1.82785,1.82826,1.37,1.84
2017.04.19 13:28:35.452,1.82783,1.82823,1.37,1.00
2017.04.19 13:28:35.986,1.82783,1.82823,1.37,1.34
2017.04.19 13:28:36.338,1.82783,1.82825,1.37,1.71
2017.04.19 13:28:36.490,1.82782,1.82822,1.37,1.09
2017.04.19 13:28:37.005,1.82783,1.82824,1.37,2.21
2017.04.19 13:28:38.263,1.82783,1.82822,1.37,1.00
2017.04.19 13:28:38.579,1.82778,1.82813,1.37,1.00
2017.04.19 13:28:38.975,1.82785,1.82818,1.37,1.00
2017.04.19 13:28:39.076,1.82786,1.82821,1.37,1.00
2017.04.19 13:28:39.796,1.82786,1.82821,1.37,1.00
2017.04.19 13:28:39.846,1.82786,1.82821,1.37,1.00
2017.04.19 13:28:40.263,1.82787,1.82821,1.37,1.00
2017.04.19 13:28:40.364,1.82781,1.82819,1.37,1.00
2017.04.19 13:28:40.415,1.82784,1.82819,1.00,1.37
2017.04.19 13:28:40.466,1.82783,1.82813,1.00,1.00
2017.04.19 13:28:40.568,1.82782,1.82816,1.00,1.00
2017.04.19 13:28:40.719,1.82782,1.82816,1.00,1.46
2017.04.19 13:28:40.871,1.82779,1.82816,1.00,1.71
2017.04.19 13:28:40.923,1.82775,1.82816,1.00,1.46
2017.04.19 13:28:41.735,1.82777,1.82814,1.00,1.46
2017.04.19 13:28:42.649,1.82778,1.82814,1.00,1.37
2017.04.19 13:28:42.974,1.82784,1.82816,1.00,1.00
2017.04.19 13:28:43.025,1.82782,1.82816,1.00,1.00
2017.04.19 13:28:43.309,1.8278,1.82816,1.00,1.37
2017.04.19 13:28:43.810,1.82779,1.82814,1.00,1.37
2017.04.19 13:28:44.320,1.82779,1.82814,1.00,1.37
2017.04.19 13:28:44.671,1.82783,1.82817,1.00,1.37
2017.04.19 13:28:45.358,1.82783,1.82817,1.00,1.37
2017.04.19 13:28:46.520,1.82783,1.82817,1.00,1.00
2017.04.19 13:28:50.697,1.82779,1.82817,1.00,1.37
2017.04.19 13:28:50.748,1.8278,1.82817,1.00,1.37
2017.04.19 13:28:50.815,1.8278,1.82817,1.00,1.37
2017.04.19 13:28:51.942,1.8278,1.82814,1.50,1.00
2017.04.19 13:28:54.268,1.82782,1.82814,1.00,1.00
2017.04.19 13:28:55.812,1.82781,1.82814,1.50,1.00
2017.04.19 13:28:56.973,1.82779,1.82814,1.00,1.00
2017.04.19 13:28:57.186,1.82776,1.82813,1.00,1.46
2017.04.19 13:28:59.134,1.82778,1.82813,1.00,1.71
2017.04.19 13:28:59.637,1.82778,1.82814,1.00,1.37
2017.04.19 13:29:00.245,1.82777,1.82814,1.00,1.46
2017.04.19 13:29:00.949,1.82777,1.82814,1.00,1.71
2017.04.19 13:29:01.051,1.82775,1.82814,1.00,1.46
2017.04.19 13:29:01.555,1.82776,1.82813,1.00,1.37
2017.04.19 13:29:03.006,1.82777,1.82813,1.00,1.37
2017.04.19 13:29:03.107,1.82777,1.82814,1.00,1.37
2017.04.19 13:29:04.129,1.82783,1.82814,1.00,1.00
2017.04.19 13:29:04.230,1.82783,1.82817,1.00,1.00
2017.04.19 13:29:06.942,1.82783,1.82819,1.00,1.00
2017.04.19 13:29:07.043,1.82783,1.82819,1.00,1.37
2017.04.19 13:29:07.681,1.82782,1.82818,1.50,1.37
2017.04.19 13:29:09.217,1.82777,1.82815,1.00,1.71
2017.04.19 13:29:09.369,1.82777,1.82815,1.00,2.96
2017.04.19 13:29:09.521,1.82774,1.82811,1.50,1.37
2017.04.19 13:29:09.785,1.82776,1.82812,1.00,1.37
2017.04.19 13:29:10.038,1.82777,1.82815,1.50,1.12
2017.04.19 13:29:10.088,1.82779,1.82815,1.00,1.12
2017.04.19 13:29:10.449,1.82779,1.82816,1.00,1.37
2017.04.19 13:29:10.998,1.82777,1.82815,1.00,1.37
2017.04.19 13:29:11.310,1.82779,1.82816,1.00,1.37
2017.04.19 13:29:13.408,1.82781,1.82816,1.00,1.37
2017.04.19 13:29:13.510,1.82785,1.82824,1.00,3.00
2017.04.19 13:29:14.127,1.82786,1.82824,1.00,3.00
2017.04.19 13:29:14.701,1.82786,1.82824,1.00,1.50
2017.04.19 13:29:15.422,1.82786,1.82824,1.00,1.50
2017.04.19 13:29:15.770,1.82785,1.82824,1.00,1.50
2017.04.19 13:29:17.359,1.82785,1.82824,1.00,2.96
2017.04.19 13:29:17.662,1.82784,1.82813,1.00,1.87
2017.04.19 13:29:17.885,1.82777,1.82812,1.00,1.87
2017.04.19 13:29:17.937,1.82775,1.82813,1.00,2.62
2017.04.19 13:29:18.148,1.82775,1.82812,1.00,1.37
2017.04.19 13:29:19.158,1.82775,1.82812,1.00,1.37
2017.04.19 13:29:19.209,1.82775,1.82812,1.00,1.37
2017.04.19 13:29:19.260,1.82778,1.82815,1.00,1.50
2017.04.19 13:29:20.008,1.82779,1.82816,1.00,1.75
2017.04.19 13:29:20.205,1.82779,1.82816,1.37,1.37
2017.04.19 13:29:20.739,1.82779,1.82816,1.37,1.00
2017.04.19 13:29:21.008,1.82779,1.82816,1.12,2.59
2017.04.19 13:29:21.059,1.82779,1.82815,1.12,1.34
2017.04.19 13:29:21.110,1.82779,1.82815,1.12,1.34
2017.04.19 13:29:21.217,1.82779,1.82815,1.12,1.34
2017.04.19 13:29:21.409,1.82779,1.82813,1.37,1.34
2017.04.19 13:29:21.743,1.82776,1.82813,1.37,1.00
2017.04.19 13:29:21.793,1.82776,1.82813,1.00,1.00
2017.04.19 13:29:21.844,1.82776,1.82816,1.00,1.46
2017.04.19 13:29:21.895,1.82776,1.82816,1.00,1.71
2017.04.19 13:29:22.414,1.82775,1.82814,1.50,1.12
2017.04.19 13:29:22.807,1.82778,1.82814,1.00,1.00
2017.04.19 13:29:23.434,1.82779,1.82814,1.00,1.00
2017.04.19 13:29:23.535,1.82776,1.82814,1.50,1.00
2017.04.19 13:29:23.740,1.82776,1.82812,1.50,1.00
2017.04.19 13:29:24.068,1.82778,1.82814,1.50,1.37
2017.04.19 13:29:25.177,1.82777,1.82815,1.50,1.37
2017.04.19 13:29:26.759,1.82777,1.82815,1.50,1.00
2017.04.19 13:29:29.862,1.82778,1.82815,1.00,1.00
2017.04.19 13:29:30.129,1.82778,1.82818,1.00,1.50
2017.04.19 13:29:31.898,1.82778,1.82818,1.50,1.46
2017.04.19 13:29:31.999,1.82781,1.82819,1.00,1.46
2017.04.19 13:29:32.403,1.82782,1.82821,1.50,1.09
2017.04.19 13:29:32.504,1.82782,1.8282,2.25,1.00
2017.04.19 13:29:32.555,1.82784,1.82822,1.00,1.37
2017.04.19 13:29:32.858,1.82788,1.82826,1.00,1.84
2017.04.19 13:29:34.904,1.82788,1.82827,1.50,1.37
2017.04.19 13:29:35.430,1.82788,1.82829,1.50,1.50
2017.04.19 13:29:37.623,1.8279,1.82829,1.00,1.84
2017.04.19 13:29:37.926,1.82792,1.8283,1.50,1.87
2017.04.19 13:29:38.453,1.82791,1.82828,1.50,1.37
2017.04.19 13:29:38.505,1.82792,1.82831,1.00,3.34
2017.04.19 13:29:39.417,1.82794,1.82831,1.00,1.50
2017.04.19 13:29:40.122,1.82794,1.82831,1.00,1.00
2017.04.19 13:29:40.623,1.82794,1.82834,1.00,1.09
2017.04.19 13:29:43.127,1.82794,1.82833,1.00,1.87
2017.04.19 13:29:43.861,1.82794,1.82833,1.00,1.50
2017.04.19 13:29:45.409,1.82794,1.82833,1.00,1.50
2017.04.19 13:29:45.561,1.82793,1.82826,1.00,2.21
2017.04.19 13:29:45.744,1.82785,1.82823,1.00,2.21
2017.04.19 13:29:45.997,1.82782,1.82823,1.00,1.71
2017.04.19 13:29:46.098,1.82784,1.82823,1.00,1.71
2017.04.19 13:29:46.199,1.82782,1.82823,1.00,1.71
2017.04.19 13:29:46.793,1.82782,1.82823,1.00,1.46
2017.04.19 13:29:47.207,1.82785,1.82823,1.50,1.46
2017.04.19 13:29:47.711,1.82784,1.82823,1.00,1.46
2017.04.19 13:29:48.812,1.82784,1.82823,1.37,1.34
2017.04.19 13:29:49.300,1.82787,1.82825,1.37,1.00
2017.04.19 13:29:49.350,1.82791,1.82825,1.37,1.00
2017.04.19 13:29:49.703,1.82782,1.8282,1.37,1.34
2017.04.19 13:29:49.754,1.82784,1.82822,1.37,1.34
2017.04.19 13:29:50.534,1.82784,1.82822,1.87,1.00
2017.04.19 13:29:50.585,1.82785,1.82825,1.37,1.34
2017.04.19 13:29:52.953,1.82785,1.82826,1.87,1.34
2017.04.19 13:29:53.059,1.82785,1.82826,1.87,1.34
2017.04.19 13:29:53.211,1.82785,1.82826,1.87,1.34
2017.04.19 13:29:53.984,1.82787,1.82826,1.87,1.34
2017.04.19 13:29:54.035,1.82787,1.82826,1.87,1.34
2017.04.19 13:29:54.583,1.82788,1.82826,1.37,1.34
2017.04.19 13:29:55.906,1.82785,1.82827,1.12,1.71
2017.04.19 13:29:56.008,1.82785,1.82827,1.87,1.34
2017.04.19 13:29:56.311,1.82788,1.82826,1.00,1.34
2017.04.19 13:29:56.610,1.82789,1.82827,1.50,1.71
2017.04.19 13:29:56.711,1.82786,1.82827,1.50,1.71
2017.04.19 13:29:57.147,1.82788,1.82826,1.00,1.46
2017.04.19 13:29:57.478,1.82788,1.82826,1.50,1.46
2017.04.19 13:29:57.866,1.8279,1.82826,1.50,1.34
2017.04.19 13:29:58.189,1.8279,1.82826,1.50,1.09
2017.04.19 13:29:58.341,1.82793,1.82826,1.00,1.71
2017.04.19 13:29:58.694,1.82786,1.82825,1.50,1.46
2017.04.19 13:29:58.745,1.82788,1.82825,1.00,1.46
2017.04.19 13:29:59.124,1.82794,1.82825,1.00,1.00
2017.04.19 13:29:59.207,1.82792,1.82825,1.00,1.12
2017.04.19 13:29:59.575,1.8279,1.82825,1.00,1.46
2017.04.19 13:29:59.625,1.82792,1.82825,1.00,1.71
2017.04.19 13:29:59.677,1.8279,1.82825,1.50,1.71
2017.04.19 13:30:00.210,1.82791,1.82825,1.00,1.37
2017.04.19 13:30:00.437,1.82791,1.82826,1.00,1.00
2017.04.19 13:30:00.690,1.82792,1.82828,1.00,1.00
2017.04.19 13:30:00.741,1.82788,1.82828,1.00,1.46
2017.04.19 13:30:00.791,1.82792,1.82829,1.00,1.71
2017.04.19 13:30:00.893,1.82787,1.82825,1.00,1.37
2017.04.19 13:30:01.095,1.8279,1.82825,1.00,1.71
2017.04.19 13:30:01.341,1.82788,1.82827,1.50,1.71
2017.04.19 13:30:01.392,1.82797,1.82827,1.00,1.37
2017.04.19 13:30:01.443,1.82791,1.82827,1.00,1.00
2017.04.19 13:30:01.545,1.82788,1.82827,1.00,1.00
2017.04.19 13:30:01.625,1.82794,1.82827,1.00,1.00
2017.04.19 13:30:01.676,1.82791,1.8283,1.00,1.37
2017.04.19 13:30:01.777,1.82795,1.8283,1.00,1.00
2017.04.19 13:30:01.827,1.82793,1.8283,1.00,1.00
2017.04.19 13:30:01.878,1.82791,1.8283,1.50,1.37
2017.04.19 13:30:01.979,1.82793,1.8283,1.00,1.71
2017.04.19 13:30:02.030,1.8279,1.8283,1.00,1.71
2017.04.19 13:30:02.266,1.82796,1.82832,1.37,1.09
2017.04.19 13:30:02.573,1.82791,1.82826,1.37,1.00
2017.04.19 13:30:02.674,1.82792,1.82828,1.37,1.09
2017.04.19 13:30:02.934,1.82792,1.82828,1.37,1.00
2017.04.19 13:30:03.238,1.82798,1.82826,1.12,1.09
2017.04.19 13:30:03.495,1.82795,1.82832,1.37,1.00
2017.04.19 13:30:03.596,1.82798,1.82833,1.37,1.00
2017.04.19 13:30:03.748,1.82797,1.82835,1.37,1.00
2017.04.19 13:30:03.799,1.82796,1.82836,1.37,1.00
2017.04.19 13:30:03.900,1.8279,1.82827,1.37,1.00
2017.04.19 13:30:04.443,1.82788,1.82827,1.37,1.00
2017.04.19 13:30:04.834,1.8279,1.82827,1.37,1.00
2017.04.19 13:30:05.364,1.82788,1.82827,1.37,1.00
2017.04.19 13:30:06.311,1.82787,1.82827,1.37,1.09
2017.04.19 13:30:08.978,1.82785,1.82827,1.37,1.00
2017.04.19 13:30:09.892,1.82784,1.82827,2.62,1.00
2017.04.19 13:30:11.318,1.82784,1.82826,1.37,1.00
2017.04.19 13:30:11.955,1.82784,1.82827,1.87,1.00
2017.04.19 13:30:12.262,1.82793,1.82827,1.37,1.00
2017.04.19 13:30:12.565,1.82795,1.82837,1.37,1.75
2017.04.19 13:30:12.717,1.82795,1.82837,1.37,1.00
2017.04.19 13:30:12.932,1.82795,1.82837,1.37,1.00
2017.04.19 13:30:14.608,1.82799,1.82839,1.37,1.00
2017.04.19 13:30:14.709,1.82799,1.82839,1.37,1.00
2017.04.19 13:30:14.760,1.82799,1.82839,1.87,1.00
2017.04.19 13:30:14.811,1.82799,1.82838,1.37,1.34
2017.04.19 13:30:15.018,1.828,1.82839,1.37,1.00
2017.04.19 13:30:15.962,1.82801,1.82839,1.37,1.00
2017.04.19 13:30:16.546,1.82801,1.82836,1.37,1.00
2017.04.19 13:30:16.969,1.828,1.82836,1.37,1.00
2017.04.19 13:30:17.221,1.82798,1.82832,1.87,1.00
2017.04.19 13:30:18.373,1.82796,1.82832,1.87,1.34
2017.04.19 13:30:18.424,1.82796,1.82832,1.00,1.34
2017.04.19 13:30:18.525,1.82796,1.8282,1.12,1.00
2017.04.19 13:30:18.626,1.82787,1.82822,1.87,1.00
2017.04.19 13:30:18.728,1.82787,1.82822,1.50,1.37
2017.04.19 13:30:19.617,1.82787,1.82825,1.00,1.12
2017.04.19 13:30:19.920,1.82793,1.82828,1.00,1.12
2017.04.19 13:30:20.223,1.82793,1.8283,1.00,1.00
2017.04.19 13:30:20.274,1.82796,1.8283,1.00,1.00
2017.04.19 13:30:20.553,1.82796,1.82833,1.00,1.37
2017.04.19 13:30:20.910,1.82796,1.8283,1.00,1.00
2017.04.19 13:30:21.210,1.82796,1.82833,1.00,1.37
2017.04.19 13:30:21.505,1.82794,1.82834,1.00,1.37
2017.04.19 13:30:22.111,1.82793,1.82832,1.00,1.37
2017.04.19 13:30:22.623,1.82794,1.82832,1.00,1.12
2017.04.19 13:30:23.764,1.82796,1.82834,1.00,1.37
2017.04.19 13:30:23.930,1.82794,1.82834,1.00,1.37
2017.04.19 13:30:24.001,1.82798,1.82834,1.00,1.37
2017.04.19 13:30:24.052,1.82798,1.82837,1.00,1.84
2017.04.19 13:30:24.506,1.82799,1.82837,1.37,1.00
2017.04.19 13:30:24.607,1.82797,1.82837,1.00,1.00
2017.04.19 13:30:26.959,1.82797,1.82839,1.00,1.12
2017.04.19 13:30:27.424,1.82797,1.82839,1.00,1.37
2017.04.19 13:30:27.935,1.82797,1.82836,1.00,1.00
2017.04.19 13:30:28.573,1.82796,1.82836,1.12,1.00
2017.04.19 13:30:29.260,1.82796,1.82834,1.12,1.00
2017.04.19 13:30:29.564,1.82794,1.82833,1.00,1.00
2017.04.19 13:30:29.666,1.8279,1.82829,1.12,1.00
2017.04.19 13:30:29.970,1.82791,1.82826,1.87,1.00
2017.04.19 13:30:30.071,1.82791,1.82831,1.71,1.00
2017.04.19 13:30:30.143,1.82792,1.82834,1.37,1.00
2017.04.19 13:30:30.743,1.82794,1.82835,1.00,1.50
2017.04.19 13:30:31.433,1.82795,1.82836,1.00,1.50
2017.04.19 13:30:32.503,1.82797,1.82836,1.00,1.00
2017.04.19 13:30:32.856,1.82797,1.82837,1.71,1.00
2017.04.19 13:30:33.227,1.82798,1.82839,1.37,1.00
2017.04.19 13:30:33.766,1.82798,1.82839,1.12,1.00
2017.04.19 13:30:34.382,1.82797,1.82839,1.37,1.00
2017.04.19 13:30:38.257,1.82797,1.8284,1.37,1.00
2017.04.19 13:30:39.080,1.82797,1.82839,1.37,1.00
2017.04.19 13:30:39.811,1.82796,1.82838,1.37,1.00
2017.04.19 13:30:40.075,1.82796,1.82838,1.12,1.00
2017.04.19 13:30:40.613,1.82797,1.82838,1.00,1.00
2017.04.19 13:30:41.138,1.828,1.82841,1.00,1.37
2017.04.19 13:30:41.239,1.82797,1.8284,1.00,1.37
2017.04.19 13:30:42.121,1.82798,1.82841,1.50,1.87
2017.04.19 13:30:42.479,1.828,1.82841,1.00,1.37
2017.04.19 13:30:43.805,1.828,1.82841,1.00,2.96
2017.04.19 13:30:43.856,1.82798,1.82841,2.25,2.96
2017.04.19 13:30:43.962,1.82798,1.82841,2.25,1.71
2017.04.19 13:30:44.497,1.82798,1.82841,1.50,1.71
2017.04.19 13:30:45.039,1.82798,1.82841,1.50,1.71
2017.04.19 13:30:46.312,1.82798,1.82841,1.50,1.71
2017.04.19 13:30:48.213,1.828,1.82839,1.00,1.12
2017.04.19 13:30:48.726,1.82801,1.82839,1.00,1.12
2017.04.19 13:30:49.029,1.82798,1.82839,1.50,1.12
2017.04.19 13:30:49.613,1.82798,1.82839,1.87,1.00
2017.04.19 13:30:50.450,1.82797,1.82838,1.37,1.00
2017.04.19 13:30:51.461,1.82798,1.82839,1.37,1.00
2017.04.19 13:30:51.756,1.82798,1.82838,1.00,1.37
2017.04.19 13:30:52.414,1.82798,1.82838,1.00,1.00
2017.04.19 13:30:52.952,1.82798,1.82837,1.00,1.12
2017.04.19 13:30:54.603,1.82798,1.82836,1.00,1.37
2017.04.19 13:30:54.737,1.82795,1.82836,1.00,1.87
2017.04.19 13:30:56.349,1.82795,1.82836,1.71,1.00
2017.04.19 13:30:56.611,1.82808,1.82846,1.00,1.00
2017.04.19 13:30:56.662,1.82807,1.82848,1.50,1.12
2017.04.19 13:30:57.223,1.82808,1.82848,1.00,1.12
2017.04.19 13:30:57.730,1.82807,1.82848,1.50,1.12
2017.04.19 13:30:58.595,1.82808,1.82848,1.00,1.00
2017.04.19 13:30:59.256,1.82807,1.82849,1.87,1.12
2017.04.19 13:30:59.307,1.82809,1.82849,1.00,1.37
2017.04.19 13:31:00.163,1.82809,1.82847,1.00,1.37
2017.04.19 13:31:00.520,1.82807,1.82847,1.00,1.37
2017.04.19 13:31:01.960,1.82812,1.82845,1.00,1.12
2017.04.19 13:31:02.112,1.82811,1.82851,1.12,1.12
2017.04.19 13:31:02.213,1.82811,1.82852,2.25,1.46
2017.04.19 13:31:02.415,1.82811,1.82851,1.00,1.00
2017.04.19 13:31:03.116,1.82811,1.82851,1.37,1.00
2017.04.19 13:31:03.268,1.82811,1.82853,1.37,1.12
2017.04.19 13:31:03.419,1.82814,1.82853,1.00,1.00
2017.04.19 13:31:03.723,1.82816,1.82855,1.00,1.71
2017.04.19 13:31:03.908,1.82811,1.82852,2.25,1.37
2017.04.19 13:31:04.010,1.82811,1.82852,2.25,1.71
2017.04.19 13:31:04.353,1.82814,1.82852,1.00,1.71
2017.04.19 13:31:04.410,1.82814,1.82852,1.00,1.71
2017.04.19 13:31:05.018,1.82813,1.82849,1.00,1.12
2017.04.19 13:31:05.586,1.82813,1.82849,1.00,1.46
2017.04.19 13:31:05.687,1.82814,1.82849,1.50,1.00
2017.04.19 13:31:05.789,1.82814,1.82852,1.00,1.71
2017.04.19 13:31:06.539,1.82814,1.82852,1.00,1.46
2017.04.19 13:31:06.842,1.82811,1.82852,1.00,1.37
2017.04.19 13:31:06.943,1.82811,1.82852,1.00,1.46
2017.04.19 13:31:07.408,1.82811,1.82852,1.50,1.37
2017.04.19 13:31:07.985,1.82812,1.82852,1.00,1.71
2017.04.19 13:31:08.591,1.82814,1.82854,1.00,2.21
2017.04.19 13:31:09.334,1.82811,1.82852,1.50,1.71
2017.04.19 13:31:10.144,1.82812,1.82852,1.00,1.71
2017.04.19 13:31:11.137,1.82812,1.82855,1.00,2.96
2017.04.19 13:31:11.187,1.82812,1.82855,1.00,2.96
2017.04.19 13:31:12.135,1.82812,1.82852,1.50,1.71
2017.04.19 13:31:13.865,1.82821,1.82855,1.00,1.71
2017.04.19 13:31:13.916,1.82812,1.82855,1.50,1.71
2017.04.19 13:31:14.111,1.82821,1.82855,1.00,1.71
2017.04.19 13:31:14.682,1.82821,1.82858,1.00,2.21
2017.04.19 13:31:15.275,1.82821,1.82858,1.00,2.21
2017.04.19 13:31:15.845,1.82821,1.82857,1.00,2.21
2017.04.19 13:31:16.377,1.82821,1.82856,1.00,1.71
2017.04.19 13:31:16.553,1.82821,1.82856,1.00,1.71
2017.04.19 13:31:16.664,1.82817,1.82857,1.00,1.46
2017.04.19 13:31:16.766,1.82817,1.82858,1.00,1.46
2017.04.19 13:31:16.917,1.82822,1.8286,1.00,1.37
2017.04.19 13:31:17.019,1.82826,1.82864,1.12,1.12
2017.04.19 13:31:17.120,1.82835,1.8287,1.00,2.25
2017.04.19 13:31:17.744,1.82835,1.82873,1.50,1.37
2017.04.19 13:31:19.042,1.82834,1.82873,1.00,1.71
2017.04.19 13:31:19.098,1.82832,1.82873,1.50,1.71
2017.04.19 13:31:19.405,1.82833,1.82867,1.00,1.84
2017.04.19 13:31:19.608,1.82824,1.82858,1.00,2.21
2017.04.19 13:31:19.658,1.82831,1.82858,1.00,3.71
2017.04.19 13:31:19.709,1.82824,1.82858,1.00,2.21
2017.04.19 13:31:19.760,1.82819,1.8286,1.00,2.96
2017.04.19 13:31:19.962,1.82817,1.82857,1.00,2.96
2017.04.19 13:31:20.521,1.82817,1.82857,1.00,1.71
2017.04.19 13:31:21.037,1.82817,1.82857,1.00,1.71
2017.04.19 13:31:21.138,1.82818,1.82857,1.00,1.34
2017.04.19 13:31:21.641,1.82817,1.82857,1.00,1.71
2017.04.19 13:31:21.955,1.82819,1.82857,1.00,1.46
2017.04.19 13:31:22.496,1.82816,1.82855,1.87,1.34
2017.04.19 13:31:23.142,1.82816,1.82855,1.87,1.34
2017.04.19 13:31:23.994,1.82816,1.82854,1.87,1.34
2017.04.19 13:31:24.560,1.82816,1.82854,1.37,1.09
2017.04.19 13:31:25.096,1.82816,1.82855,1.87,1.00
2017.04.19 13:31:26.490,1.82816,1.82855,1.87,1.34
2017.04.19 13:31:27.026,1.82816,1.82855,1.37,1.09
2017.04.19 13:31:27.614,1.82816,1.82855,1.37,1.09
2017.04.19 13:31:27.766,1.82824,1.82855,1.00,1.00
2017.04.19 13:31:27.816,1.82822,1.82855,1.12,1.00
2017.04.19 13:31:27.918,1.82822,1.8286,1.37,1.00
2017.04.19 13:31:28.019,1.82826,1.82863,1.37,1.00
2017.04.19 13:31:28.120,1.82828,1.82866,1.87,1.00
2017.04.19 13:31:28.221,1.82828,1.82866,1.87,1.00
2017.04.19 13:31:29.441,1.82832,1.8287,1.12,1.00
2017.04.19 13:31:29.492,1.82833,1.8287,2.62,1.00
2017.04.19 13:31:29.543,1.82835,1.82873,1.87,1.00
2017.04.19 13:31:29.644,1.82832,1.82869,1.12,1.00
2017.04.19 13:31:30.129,1.82828,1.82869,1.12,1.09
2017.04.19 13:31:30.181,1.82828,1.82869,1.37,1.09
2017.04.19 13:31:30.485,1.82829,1.82869,1.37,1.34
2017.04.19 13:31:30.688,1.82829,1.82868,1.00,1.71
2017.04.19 13:31:31.042,1.82829,1.82865,1.00,1.37
2017.04.19 13:31:31.253,1.82827,1.82865,1.00,1.12
2017.04.19 13:31:31.355,1.82827,1.82864,1.00,1.37
2017.04.19 13:31:31.804,1.82827,1.82861,1.00,1.00
2017.04.19 13:31:33.402,1.82828,1.82861,1.00,1.00
2017.04.19 13:31:33.453,1.82828,1.82864,1.00,1.37
2017.04.19 13:31:33.656,1.82825,1.82866,1.87,1.37
2017.04.19 13:31:33.707,1.82829,1.82866,1.12,1.00
2017.04.19 13:31:34.088,1.82831,1.82865,2.62,1.00
2017.04.19 13:31:34.139,1.82831,1.82865,1.37,1.00
2017.04.19 13:31:34.189,1.82834,1.82865,1.37,1.00
2017.04.19 13:31:34.241,1.82834,1.82867,1.00,1.00
2017.04.19 13:31:34.292,1.82834,1.82867,1.37,1.00
2017.04.19 13:31:34.819,1.82831,1.82867,3.37,1.00
2017.04.19 13:31:35.103,1.82831,1.82867,1.87,1.00
2017.04.19 13:31:35.264,1.82838,1.82867,1.00,1.00
2017.04.19 13:31:35.498,1.82835,1.82868,1.00,1.00
2017.04.19 13:31:35.599,1.82831,1.82868,1.87,1.00
2017.04.19 13:31:35.650,1.82831,1.82868,1.87,1.00
2017.04.19 13:31:36.155,1.82829,1.82867,1.37,1.00
2017.04.19 13:31:36.271,1.82829,1.82869,1.37,1.00
2017.04.19 13:31:36.587,1.82836,1.82876,1.12,1.12
2017.04.19 13:31:36.638,1.82839,1.82876,1.37,1.00
2017.04.19 13:31:36.975,1.82841,1.82879,1.37,1.09
2017.04.19 13:31:37.557,1.82842,1.8288,1.37,1.00
2017.04.19 13:31:39.270,1.82842,1.8288,1.37,1.00
2017.04.19 13:31:39.759,1.82842,1.8288,1.87,1.00
2017.04.19 13:31:41.094,1.82842,1.8288,1.87,1.00
2017.04.19 13:31:41.156,1.82842,1.8288,3.37,1.00
2017.04.19 13:31:41.262,1.82842,1.8288,1.87,1.00
2017.04.19 13:31:42.197,1.82843,1.8288,1.00,1.00
2017.04.19 13:31:43.000,1.82843,1.8288,1.87,1.00
2017.04.19 13:31:43.502,1.82844,1.8288,1.12,1.00
2017.04.19 13:31:44.058,1.82845,1.8288,1.00,1.00
2017.04.19 13:31:45.759,1.82846,1.8288,1.00,1.00
2017.04.19 13:31:46.273,1.82845,1.8288,1.50,1.00
2017.04.19 13:31:46.874,1.82846,1.8288,1.00,1.00
2017.04.19 13:31:47.805,1.82846,1.82882,1.00,1.00
2017.04.19 13:31:48.641,1.82846,1.82879,1.00,1.00
2017.04.19 13:31:48.760,1.82846,1.82882,1.00,1.00
2017.04.19 13:31:49.315,1.82846,1.82879,1.00,1.00
2017.04.19 13:31:49.367,1.82844,1.82879,1.50,1.00
2017.04.19 13:31:49.543,1.82844,1.82876,1.00,1.00
2017.04.19 13:31:50.174,1.82844,1.82878,1.00,1.00
2017.04.19 13:31:50.969,1.82846,1.82878,1.00,1.00
2017.04.19 13:31:51.070,1.82851,1.82884,1.00,1.00
2017.04.19 13:31:51.171,1.8285,1.82884,1.00,1.37
2017.04.19 13:31:51.222,1.8285,1.82884,1.00,1.00
2017.04.19 13:31:51.323,1.82853,1.82886,1.00,1.37
2017.04.19 13:31:51.655,1.82853,1.82886,1.00,1.87
2017.04.19 13:31:51.705,1.82851,1.82886,1.00,1.87
2017.04.19 13:31:51.807,1.82851,1.82888,1.00,1.37
2017.04.19 13:31:51.908,1.82848,1.82887,1.00,1.37
2017.04.19 13:31:51.959,1.82846,1.82887,1.50,1.37
2017.04.19 13:31:52.523,1.82847,1.82887,1.00,1.37
2017.04.19 13:31:53.054,1.82848,1.82887,1.00,1.37
2017.04.19 13:31:54.572,1.8285,1.82887,1.00,1.37
2017.04.19 13:31:55.033,1.82856,1.82887,1.00,1.12
2017.04.19 13:31:55.585,1.82857,1.82893,1.00,1.87
2017.04.19 13:31:56.225,1.82857,1.82896,1.00,2.62
2017.04.19 13:31:56.409,1.82859,1.82894,1.00,1.37
2017.04.19 13:31:57.724,1.8286,1.82896,1.00,1.87
2017.04.19 13:31:58.736,1.82858,1.82895,1.50,1.37
2017.04.19 13:31:59.907,1.82859,1.82896,1.00,1.87
2017.04.19 13:32:00.450,1.8286,1.82894,1.00,1.87
2017.04.19 13:32:01.008,1.8286,1.82895,1.00,1.87
2017.04.19 13:32:01.058,1.82858,1.82895,1.50,1.87
2017.04.19 13:32:01.109,1.82858,1.8289,1.00,1.87
2017.04.19 13:32:01.160,1.82852,1.82886,1.00,1.37
2017.04.19 13:32:01.211,1.82849,1.82886,1.00,1.37
2017.04.19 13:32:01.363,1.82851,1.82888,1.00,1.37
2017.04.19 13:32:01.414,1.82848,1.82888,1.00,1.37
2017.04.19 13:32:01.515,1.82846,1.82883,1.50,1.00
2017.04.19 13:32:01.680,1.82846,1.82883,1.50,1.37
2017.04.19 13:32:01.945,1.82844,1.82883,1.00,1.37
2017.04.19 13:32:02.064,1.82845,1.82883,1.00,1.12
2017.04.19 13:32:02.317,1.82848,1.82883,1.00,1.00
2017.04.19 13:32:02.469,1.82848,1.82886,1.50,1.00
2017.04.19 13:32:02.618,1.82848,1.82886,1.50,1.37
2017.04.19 13:32:03.340,1.82849,1.82886,1.00,1.37
2017.04.19 13:32:03.984,1.82848,1.82886,1.00,1.37
2017.04.19 13:32:04.870,1.82848,1.82886,1.50,1.00
2017.04.19 13:32:04.971,1.82847,1.82884,1.00,1.00
2017.04.19 13:32:05.123,1.82845,1.82884,1.00,1.00
2017.04.19 13:32:05.174,1.82845,1.82882,1.00,1.00
2017.04.19 13:32:05.829,1.82845,1.82882,1.50,1.37
2017.04.19 13:32:06.135,1.82845,1.82882,1.50,2.62
2017.04.19 13:32:06.916,1.82845,1.82882,1.50,1.37
2017.04.19 13:32:08.053,1.82845,1.82882,1.00,1.37
2017.04.19 13:32:08.155,1.82845,1.82882,1.00,1.37
2017.04.19 13:32:08.307,1.82845,1.82882,1.50,1.37
2017.04.19 13:32:08.652,1.82845,1.82882,1.50,1.37
2017.04.19 13:32:09.165,1.82845,1.82882,1.00,1.37
2017.04.19 13:32:09.244,1.82845,1.82882,1.00,1.12
2017.04.19 13:32:09.446,1.82848,1.82882,1.00,1.00
2017.04.19 13:32:09.497,1.8285,1.82888,1.00,1.37
2017.04.19 13:32:09.548,1.82853,1.82888,1.00,1.37
2017.04.19 13:32:09.599,1.8285,1.82887,1.00,1.37
2017.04.19 13:32:09.649,1.82849,1.82887,1.00,1.37
2017.04.19 13:32:12.146,1.8285,1.82888,1.00,1.87
2017.04.19 13:32:12.736,1.82849,1.82885,1.00,1.37
2017.04.19 13:32:12.938,1.82846,1.82883,1.00,1.37
2017.04.19 13:32:12.989,1.82851,1.82884,1.00,1.37
2017.04.19 13:32:13.039,1.82848,1.82884,1.00,1.12
2017.04.19 13:32:13.090,1.82846,1.82886,1.00,1.37
2017.04.19 13:32:13.141,1.82848,1.82886,1.00,1.37
2017.04.19 13:32:13.360,1.82841,1.8288,1.00,1.12
2017.04.19 13:32:13.411,1.82841,1.8288,1.00,2.62
2017.04.19 13:32:13.512,1.82839,1.82877,1.00,1.37
2017.04.19 13:32:13.876,1.82844,1.82879,1.00,1.37
2017.04.19 13:32:13.927,1.82839,1.82879,1.12,1.12
2017.04.19 13:32:13.978,1.82844,1.82874,1.00,1.12
2017.04.19 13:32:14.029,1.82842,1.82874,1.00,1.00
2017.04.19 13:32:14.191,1.82838,1.82874,1.00,1.00
2017.04.19 13:32:14.293,1.82838,1.82873,1.00,1.37
2017.04.19 13:32:14.495,1.82835,1.82872,1.00,1.00
2017.04.19 13:32:14.596,1.82835,1.82869,1.00,1.00
2017.04.19 13:32:14.647,1.82833,1.82869,1.50,1.00
2017.04.19 13:32:14.989,1.8284,1.82869,1.00,1.00
2017.04.19 13:32:15.091,1.82841,1.82876,1.00,1.50
2017.04.19 13:32:15.142,1.82841,1.82876,1.00,1.50
2017.04.19 13:32:15.244,1.82836,1.8287,1.00,1.00
2017.04.19 13:32:15.830,1.82843,1.8287,1.00,1.00
2017.04.19 13:32:15.881,1.82843,1.82879,1.00,1.75
2017.04.19 13:32:15.934,1.82841,1.82877,1.00,1.37
2017.04.19 13:32:16.086,1.82843,1.82877,1.00,1.50
2017.04.19 13:32:16.390,1.8284,1.82873,1.00,1.00
2017.04.19 13:32:16.491,1.82836,1.82873,1.00,1.37
2017.04.19 13:32:16.542,1.82836,1.82866,1.00,1.00
2017.04.19 13:32:16.694,1.82832,1.82866,1.00,1.00
2017.04.19 13:32:16.853,1.82834,1.82866,1.00,1.00
2017.04.19 13:32:16.955,1.82832,1.82865,1.00,1.00
2017.04.19 13:32:17.056,1.82834,1.82864,1.00,1.00
2017.04.19 13:32:17.277,1.82834,1.82867,1.00,1.00
2017.04.19 13:32:17.634,1.82835,1.8287,1.00,1.00
2017.04.19 13:32:17.805,1.82833,1.82874,1.00,1.37
2017.04.19 13:32:18.070,1.82833,1.82874,1.00,1.00
2017.04.19 13:32:18.121,1.82843,1.82878,1.00,1.50
2017.04.19 13:32:18.222,1.82837,1.82878,1.00,1.37
2017.04.19 13:32:18.273,1.82836,1.82877,1.50,1.87
2017.04.19 13:32:18.611,1.82836,1.8287,1.50,1.00
2017.04.19 13:32:18.662,1.82837,1.82873,1.00,1.12
2017.04.19 13:32:18.763,1.82842,1.82874,1.00,1.00
2017.04.19 13:32:18.864,1.82843,1.8288,1.00,1.75
2017.04.19 13:32:19.382,1.82842,1.8288,1.00,1.75
2017.04.19 13:32:19.433,1.82838,1.8288,1.00,1.75
2017.04.19 13:32:19.584,1.82838,1.82877,1.00,1.87
2017.04.19 13:32:19.715,1.82835,1.82873,1.00,1.37
2017.04.19 13:32:19.766,1.82832,1.82873,2.25,1.37
2017.04.19 13:32:19.867,1.82834,1.82873,1.00,1.37
2017.04.19 13:32:20.207,1.82833,1.8287,1.00,1.37
2017.04.19 13:32:20.517,1.82835,1.82873,1.00,1.87
2017.04.19 13:32:20.973,1.82839,1.82873,1.00,1.37
2017.04.19 13:32:21.504,1.82838,1.82877,1.50,1.37
2017.04.19 13:32:21.914,1.82838,1.82874,1.50,1.37
2017.04.19 13:32:25.243,1.82839,1.82873,1.00,1.37
2017.04.19 13:32:25.640,1.82838,1.82874,1.00,1.37
2017.04.19 13:32:25.792,1.82835,1.82873,1.50,1.37
2017.04.19 13:32:25.843,1.82835,1.82873,1.00,1.37
2017.04.19 13:32:26.338,1.82835,1.82869,1.50,1.37
2017.04.19 13:32:26.840,1.82836,1.82872,1.00,1.37
2017.04.19 13:32:27.077,1.82832,1.82872,1.00,1.37
2017.04.19 13:32:27.963,1.82832,1.82871,1.50,1.37
2017.04.19 13:32:28.199,1.82832,1.82874,1.00,1.37
2017.04.19 13:32:28.250,1.82833,1.82874,1.00,1.37
2017.04.19 13:32:29.322,1.82833,1.82874,1.00,1.37
2017.04.19 13:32:29.824,1.82834,1.82874,1.00,1.37
2017.04.19 13:32:30.424,1.82833,1.82874,1.50,1.37
2017.04.19 13:32:30.525,1.82836,1.82877,1.00,1.37
2017.04.19 13:32:30.677,1.82844,1.82878,1.00,1.37
2017.04.19 13:32:33.349,1.82845,1.82885,1.00,1.37
2017.04.19 13:32:36.463,1.82845,1.82886,2.25,1.37
2017.04.19 13:32:36.564,1.82847,1.82886,1.00,1.37
2017.04.19 13:32:37.203,1.82847,1.82887,1.00,1.37
2017.04.19 13:32:38.888,1.82847,1.82888,1.00,2.62
2017.04.19 13:32:39.056,1.82845,1.82882,1.00,1.00
2017.04.19 13:32:39.632,1.82844,1.82882,1.00,1.00
2017.04.19 13:32:40.287,1.82845,1.82882,1.00,1.00
2017.04.19 13:32:40.801,1.82845,1.82881,1.00,1.00
2017.04.19 13:32:40.853,1.82845,1.82879,1.37,1.00
2017.04.19 13:32:40.954,1.82845,1.82882,1.37,1.00
2017.04.19 13:32:41.006,1.82845,1.82882,1.37,1.00
2017.04.19 13:32:41.423,1.8285,1.82884,1.12,1.00
2017.04.19 13:32:42.034,1.8285,1.82883,1.12,1.00
2017.04.19 13:32:42.460,1.82847,1.82883,1.37,1.50
2017.04.19 13:32:42.959,1.82845,1.82879,1.00,1.00
2017.04.19 13:32:43.160,1.82842,1.82879,1.87,1.00
2017.04.19 13:32:43.211,1.82845,1.82878,1.87,1.00
2017.04.19 13:32:43.262,1.82852,1.82885,1.00,1.00
2017.04.19 13:32:43.453,1.82846,1.82882,1.37,1.00
2017.04.19 13:32:43.508,1.82841,1.82875,1.00,1.00
2017.04.19 13:32:43.559,1.82841,1.82873,1.00,1.00
2017.04.19 13:32:43.610,1.82841,1.82877,1.00,1.00
2017.04.19 13:32:43.711,1.82838,1.82877,1.00,1.00
2017.04.19 13:32:43.761,1.82841,1.82877,1.00,1.00
2017.04.19 13:32:44.064,1.82842,1.82875,1.00,1.00
2017.04.19 13:32:44.115,1.82842,1.82877,1.00,1.00
2017.04.19 13:32:44.166,1.82842,1.82878,1.87,1.50
2017.04.19 13:32:44.269,1.82842,1.82877,1.12,1.50
2017.04.19 13:32:44.598,1.82842,1.82875,1.00,1.00
2017.04.19 13:32:45.012,1.82841,1.82877,1.50,1.50
2017.04.19 13:32:45.471,1.82842,1.82875,1.00,1.00
2017.04.19 13:32:46.052,1.82842,1.82876,1.00,1.00
2017.04.19 13:32:46.390,1.82842,1.82878,1.00,1.00
2017.04.19 13:32:46.734,1.82842,1.82879,1.37,1.50
2017.04.19 13:32:46.986,1.82842,1.82878,1.50,1.00
2017.04.19 13:32:47.495,1.82842,1.82877,1.50,1.00
2017.04.19 13:32:47.546,1.82842,1.82877,1.87,1.00
2017.04.19 13:32:47.604,1.82842,1.82877,1.50,1.00
2017.04.19 13:32:48.127,1.82843,1.82877,1.00,1.00
2017.04.19 13:32:48.416,1.82843,1.82878,1.37,1.00
2017.04.19 13:32:48.945,1.82845,1.8288,1.12,1.50
2017.04.19 13:32:49.048,1.82845,1.82878,1.12,1.00
2017.04.19 13:32:49.673,1.82847,1.82878,1.00,1.50
2017.04.19 13:32:50.811,1.82842,1.82878,1.87,1.50
2017.04.19 13:32:50.862,1.8284,1.8287,1.00,1.00
2017.04.19 13:32:51.013,1.82841,1.82873,1.00,1.00
2017.04.19 13:32:51.065,1.82841,1.82876,1.00,1.50
2017.04.19 13:32:51.356,1.82844,1.82876,1.00,1.50
2017.04.19 13:32:51.660,1.8284,1.8287,1.00,1.50
2017.04.19 13:32:52.009,1.82841,1.82874,1.00,1.37
2017.04.19 13:32:52.812,1.82841,1.82875,1.00,1.37
2017.04.19 13:32:52.913,1.82841,1.82878,1.00,1.37
2017.04.19 13:32:53.266,1.82845,1.82878,1.00,1.37
2017.04.19 13:32:53.741,1.82846,1.82878,1.00,1.87
2017.04.19 13:32:53.842,1.82846,1.82875,1.00,1.37
2017.04.19 13:32:54.280,1.82842,1.82874,1.00,1.87
2017.04.19 13:32:54.460,1.8284,1.82874,1.00,1.87
2017.04.19 13:32:54.513,1.8284,1.82874,1.00,1.87
2017.04.19 13:32:54.792,1.82838,1.82872,1.00,1.87
2017.04.19 13:32:55.205,1.82838,1.82872,1.00,1.87
2017.04.19 13:32:55.720,1.82839,1.8287,1.00,1.87
2017.04.19 13:32:55.770,1.82837,1.8287,1.00,1.87
2017.04.19 13:32:56.120,1.82837,1.8287,1.00,1.37
2017.04.19 13:32:57.179,1.82837,1.8287,1.00,1.87
2017.04.19 13:32:57.280,1.82839,1.8287,1.00,1.87
2017.04.19 13:32:57.331,1.82839,1.8287,1.00,1.37
2017.04.19 13:32:57.486,1.82843,1.8287,1.00,1.37
2017.04.19 13:32:58.176,1.82843,1.82874,1.00,1.87
2017.04.19 13:32:58.277,1.82836,1.82866,1.00,1.37
2017.04.19 13:32:58.793,1.82838,1.82867,1.00,1.37
2017.04.19 13:32:59.125,1.82844,1.82869,1.00,1.12
2017.04.19 13:32:59.176,1.82835,1.82864,1.00,1.37
2017.04.19 13:32:59.278,1.82828,1.82861,1.00,1.00
2017.04.19 13:32:59.329,1.82826,1.82861,1.00,1.00
2017.04.19 13:32:59.379,1.82829,1.82861,1.00,1.00
2017.04.19 13:32:59.834,1.82828,1.82865,1.00,1.87
2017.04.19 13:33:00.269,1.82831,1.82865,1.00,1.50
2017.04.19 13:33:00.805,1.82832,1.82865,1.00,1.00
2017.04.19 13:33:01.522,1.82832,1.82866,1.00,1.87
2017.04.19 13:33:01.850,1.82832,1.82864,1.00,1.00
2017.04.19 13:33:02.473,1.82832,1.82863,1.00,1.00
2017.04.19 13:33:02.786,1.82828,1.82863,1.00,1.12
2017.04.19 13:33:02.836,1.82828,1.8286,1.00,1.37
2017.04.19 13:33:02.887,1.82826,1.8286,1.00,1.37
2017.04.19 13:33:02.988,1.82823,1.82859,1.00,1.12
2017.04.19 13:33:03.516,1.82823,1.8286,1.00,1.00
2017.04.19 13:33:03.572,1.82823,1.82862,1.00,1.12
2017.04.19 13:33:03.623,1.82821,1.82858,2.25,1.00
2017.04.19 13:33:03.964,1.82831,1.82864,1.00,1.37
2017.04.19 13:33:04.066,1.82828,1.82863,1.00,1.37
2017.04.19 13:33:04.117,1.82826,1.82863,1.00,1.37
2017.04.19 13:33:04.369,1.82828,1.82862,1.00,1.37
2017.04.19 13:33:04.682,1.82832,1.8287,1.00,1.75
2017.04.19 13:33:05.528,1.82831,1.82868,1.50,1.37
2017.04.19 13:33:05.818,1.82832,1.8287,1.00,1.37
2017.04.19 13:33:05.977,1.82835,1.8287,1.00,1.37
2017.04.19 13:33:06.359,1.82835,1.8287,1.00,1.37
2017.04.19 13:33:06.700,1.82841,1.82872,1.00,1.37
2017.04.19 13:33:06.802,1.82834,1.8287,1.00,1.37
2017.04.19 13:33:07.004,1.82831,1.82868,1.00,1.37
2017.04.19 13:33:07.206,1.82831,1.82868,1.00,1.87
2017.04.19 13:33:07.412,1.82836,1.82868,1.00,1.37
2017.04.19 13:33:07.756,1.82836,1.82869,1.00,1.37
2017.04.19 13:33:07.808,1.82836,1.82869,1.00,1.37
2017.04.19 13:33:07.859,1.82836,1.82869,1.00,1.37
2017.04.19 13:33:07.910,1.82844,1.82875,1.00,1.37
2017.04.19 13:33:08.112,1.82834,1.82869,1.00,1.87
2017.04.19 13:33:08.163,1.82832,1.82869,1.00,1.87
2017.04.19 13:33:08.317,1.82838,1.82874,1.00,2.62
2017.04.19 13:33:08.418,1.82833,1.82871,1.00,1.37
2017.04.19 13:33:08.519,1.82831,1.82869,1.00,1.37
2017.04.19 13:33:08.621,1.82834,1.82869,1.00,1.87
2017.04.19 13:33:09.365,1.82837,1.82868,1.00,1.37
2017.04.19 13:33:09.416,1.82839,1.82877,1.00,1.37
2017.04.19 13:33:09.719,1.82835,1.82869,1.00,1.37
2017.04.19 13:33:09.831,1.82835,1.82869,1.00,1.37
2017.04.19 13:33:09.932,1.82836,1.82869,1.00,1.37
2017.04.19 13:33:09.983,1.82831,1.82872,1.50,1.37
2017.04.19 13:33:10.185,1.82834,1.82869,1.00,1.37
2017.04.19 13:33:10.561,1.82833,1.82869,1.00,1.37
2017.04.19 13:33:10.965,1.82834,1.82869,1.00,1.37
2017.04.19 13:33:11.016,1.82838,1.82871,1.00,1.37
2017.04.19 13:33:11.067,1.82838,1.82872,1.00,1.37
2017.04.19 13:33:11.117,1.8284,1.82875,1.00,1.37
2017.04.19 13:33:11.615,1.82838,1.82875,1.00,1.37
2017.04.19 13:33:11.886,1.82832,1.82875,1.67,1.37
2017.04.19 13:33:11.987,1.82831,1.82875,1.67,1.37
2017.04.19 13:33:12.325,1.82831,1.82874,1.67,1.37
2017.04.19 13:33:12.950,1.82835,1.82874,1.50,1.37
2017.04.19 13:33:13.001,1.82835,1.82874,1.50,1.37
2017.04.19 13:33:13.203,1.82839,1.82874,1.00,1.37
2017.04.19 13:33:13.733,1.82841,1.82875,1.00,1.87
2017.04.19 13:33:14.327,1.82841,1.82875,1.00,1.37
2017.04.19 13:33:16.292,1.82838,1.82873,1.00,1.37
2017.04.19 13:33:16.800,1.82839,1.82874,1.00,1.37
2017.04.19 13:33:16.902,1.82841,1.82874,1.00,1.37
2017.04.19 13:33:17.206,1.8284,1.82873,1.00,1.87
2017.04.19 13:33:17.723,1.8284,1.82873,1.00,1.37
2017.04.19 13:33:18.242,1.8284,1.82874,1.00,1.37
2017.04.19 13:33:19.920,1.8284,1.82874,1.00,1.37
2017.04.19 13:33:20.333,1.82841,1.82876,1.00,1.87
2017.04.19 13:33:20.878,1.8284,1.82873,1.00,1.37
2017.04.19 13:33:21.198,1.82837,1.82873,1.00,1.87
2017.04.19 13:33:21.925,1.82841,1.82875,1.00,1.87
2017.04.19 13:33:22.621,1.8284,1.82875,1.00,1.87
2017.04.19 13:33:24.930,1.8284,1.82874,1.00,1.37
2017.04.19 13:33:25.250,1.82838,1.82874,1.00,1.87
2017.04.19 13:33:26.105,1.82837,1.82874,1.00,1.37
2017.04.19 13:33:26.405,1.82839,1.82874,1.00,1.87
2017.04.19 13:33:26.940,1.82839,1.82874,1.00,1.37
2017.04.19 13:33:26.990,1.82839,1.82876,1.00,1.37
2017.04.19 13:33:27.041,1.82842,1.82876,1.00,1.37
2017.04.19 13:33:27.202,1.82845,1.82878,1.00,1.37
2017.04.19 13:33:28.008,1.82841,1.82877,1.00,1.37
2017.04.19 13:33:28.937,1.82838,1.82877,1.00,1.37
2017.04.19 13:33:30.210,1.82842,1.82877,1.00,1.37
2017.04.19 13:33:31.026,1.82842,1.82877,1.00,1.37
2017.04.19 13:33:31.329,1.8284,1.82877,1.00,1.37
2017.04.19 13:33:31.463,1.82842,1.82877,1.00,1.37
2017.04.19 13:33:31.715,1.82844,1.82879,1.00,1.37
2017.04.19 13:33:31.917,1.82843,1.82879,1.00,1.87
2017.04.19 13:33:32.452,1.82843,1.82878,1.00,1.87
2017.04.19 13:33:33.625,1.82843,1.82877,1.00,1.37
2017.04.19 13:33:33.938,1.82838,1.82864,1.00,1.37
2017.04.19 13:33:33.989,1.82831,1.82866,1.00,1.37
2017.04.19 13:33:34.090,1.82828,1.82867,1.00,1.37
2017.04.19 13:33:34.141,1.8283,1.82867,1.00,1.37
2017.04.19 13:33:34.834,1.82831,1.82868,1.00,1.37
2017.04.19 13:33:35.338,1.82832,1.82866,1.00,1.37
2017.04.19 13:33:35.650,1.82828,1.82864,1.00,1.37
2017.04.19 13:33:35.802,1.82828,1.82864,1.00,1.87
2017.04.19 13:33:35.852,1.82826,1.82864,1.00,1.37
2017.04.19 13:33:35.928,1.82828,1.82866,1.00,1.87
2017.04.19 13:33:35.979,1.82828,1.82866,1.00,1.87
2017.04.19 13:33:36.506,1.82829,1.82866,1.00,1.37
2017.04.19 13:33:37.061,1.82829,1.82866,1.00,1.37
2017.04.19 13:33:37.443,1.82827,1.82864,1.00,1.37
2017.04.19 13:33:37.992,1.82829,1.82865,1.00,1.37
2017.04.19 13:33:38.318,1.82829,1.82865,1.00,1.37
2017.04.19 13:33:38.832,1.82829,1.82866,1.00,1.37
2017.04.19 13:33:39.484,1.82829,1.82861,1.00,1.37
2017.04.19 13:33:39.535,1.82827,1.82861,1.00,1.37
2017.04.19 13:33:39.637,1.82827,1.82861,1.00,1.37
2017.04.19 13:33:39.688,1.82827,1.82861,1.00,1.37
2017.04.19 13:33:40.158,1.82831,1.82861,1.00,1.37
2017.04.19 13:33:40.260,1.82826,1.82864,1.00,1.37
2017.04.19 13:33:40.789,1.82816,1.82851,1.00,1.37
2017.04.19 13:33:40.840,1.82813,1.82851,1.00,1.87
2017.04.19 13:33:40.941,1.82818,1.8285,1.00,1.87
2017.04.19 13:33:40.992,1.82818,1.8285,1.00,1.37
2017.04.19 13:33:41.143,1.82818,1.82852,1.00,1.37
2017.04.19 13:33:41.194,1.82818,1.82852,1.00,1.12
2017.04.19 13:33:41.245,1.82823,1.82852,1.00,1.12
2017.04.19 13:33:41.447,1.82821,1.82857,1.00,1.37
2017.04.19 13:33:42.031,1.82821,1.82863,1.00,1.37
2017.04.19 13:33:42.536,1.82821,1.82855,1.00,1.37
2017.04.19 13:33:42.964,1.8282,1.82842,1.00,1.37
2017.04.19 13:33:43.134,1.828,1.82841,1.37,1.87
2017.04.19 13:33:43.186,1.828,1.82839,1.00,1.37
2017.04.19 13:33:43.730,1.82803,1.82839,1.00,1.37
2017.04.19 13:33:44.032,1.82805,1.82842,1.00,1.87
2017.04.19 13:33:44.636,1.82805,1.82841,1.00,1.37
2017.04.19 13:33:45.335,1.82804,1.8284,1.00,1.37
2017.04.19 13:33:45.671,1.82802,1.82837,1.00,1.37
2017.04.19 13:33:46.013,1.82802,1.82837,1.00,1.87
2017.04.19 13:33:46.233,1.82799,1.82835,1.00,1.37
2017.04.19 13:33:46.416,1.82799,1.82834,1.00,1.37
2017.04.19 13:33:46.467,1.82795,1.82832,1.00,1.37
2017.04.19 13:33:46.920,1.82795,1.82829,1.00,1.37
2017.04.19 13:33:47.421,1.82794,1.82828,1.00,1.37
2017.04.19 13:33:48.137,1.82794,1.82828,1.00,1.00
2017.04.19 13:33:48.983,1.82794,1.82829,1.00,1.12
2017.04.19 13:33:50.630,1.82794,1.82827,1.00,1.00
2017.04.19 13:33:50.782,1.82792,1.82827,1.00,1.00
2017.04.19 13:33:52.616,1.82792,1.82828,1.00,1.50
2017.04.19 13:33:53.737,1.82792,1.82827,1.00,1.00
2017.04.19 13:33:54.181,1.82794,1.82828,1.00,1.50
2017.04.19 13:33:54.621,1.82792,1.82826,1.00,1.50
2017.04.19 13:33:54.843,1.82789,1.82825,1.00,1.00
2017.04.19 13:33:55.354,1.82789,1.82826,1.00,1.00
2017.04.19 13:33:55.976,1.82789,1.82827,1.00,1.00
2017.04.19 13:33:56.487,1.82789,1.82826,1.00,1.00
2017.04.19 13:33:57.139,1.82789,1.82827,1.00,1.50
2017.04.19 13:33:57.464,1.82791,1.82827,1.00,1.50
2017.04.19 13:33:58.004,1.82791,1.82826,1.00,1.50
2017.04.19 13:33:58.619,1.82791,1.82827,1.00,1.00
2017.04.19 13:33:59.867,1.82791,1.82828,1.00,1.87
2017.04.19 13:34:01.711,1.82791,1.82827,1.00,1.00
2017.04.19 13:34:02.221,1.8279,1.82826,1.00,1.00
2017.04.19 13:34:02.790,1.8279,1.82825,1.00,1.00
2017.04.19 13:34:02.912,1.82787,1.82825,1.00,1.00
2017.04.19 13:34:03.165,1.82787,1.82821,1.00,1.00
2017.04.19 13:34:03.317,1.82783,1.82823,1.00,1.87
2017.04.19 13:34:03.368,1.82783,1.82818,1.00,1.37
2017.04.19 13:34:03.419,1.8278,1.82816,1.00,1.12
2017.04.19 13:34:03.520,1.82777,1.82816,1.00,1.37
2017.04.19 13:34:03.722,1.82777,1.82815,1.37,1.00
2017.04.19 13:34:04.270,1.82781,1.82815,1.00,1.00
2017.04.19 13:34:04.321,1.82781,1.82818,1.00,1.00
2017.04.19 13:34:04.464,1.82783,1.82818,1.00,1.00
2017.04.19 13:34:04.566,1.82785,1.82822,1.00,1.00
2017.04.19 13:34:05.366,1.82785,1.82822,1.37,1.00
2017.04.19 13:34:05.417,1.82785,1.82822,1.00,1.00
2017.04.19 13:34:05.470,1.82785,1.82822,1.37,1.00
2017.04.19 13:34:05.607,1.82785,1.82823,1.12,1.00
2017.04.19 13:34:05.658,1.82785,1.82823,1.37,1.00
2017.04.19 13:34:05.709,1.82785,1.82826,2.62,1.50
2017.04.19 13:34:05.760,1.82787,1.82826,1.87,1.50
2017.04.19 13:34:05.861,1.82795,1.82831,1.00,1.00
2017.04.19 13:34:06.368,1.82796,1.82831,1.00,1.00
2017.04.19 13:34:06.922,1.82796,1.82832,1.00,1.00
2017.04.19 13:34:07.283,1.82796,1.82834,1.00,1.00
2017.04.19 13:34:07.384,1.82797,1.82832,1.00,1.00
2017.04.19 13:34:07.920,1.82796,1.82832,1.00,1.00
2017.04.19 13:34:08.223,1.82791,1.82823,1.00,1.84
2017.04.19 13:34:08.474,1.82771,1.82812,1.37,1.46
2017.04.19 13:34:08.525,1.82771,1.82805,1.00,1.37
2017.04.19 13:34:08.677,1.82767,1.82809,1.00,1.37
2017.04.19 13:34:08.728,1.82772,1.82804,1.00,1.37
2017.04.19 13:34:09.049,1.82774,1.8281,1.00,1.37
2017.04.19 13:34:09.649,1.82775,1.82811,1.00,1.37
2017.04.19 13:34:09.736,1.82775,1.82812,1.00,1.37
2017.04.19 13:34:09.787,1.82775,1.82812,1.00,1.37
2017.04.19 13:34:10.266,1.82775,1.82811,1.00,1.50
2017.04.19 13:34:11.325,1.82771,1.82811,1.00,1.50
2017.04.19 13:34:11.527,1.82777,1.8281,1.00,1.00
2017.04.19 13:34:11.629,1.82777,1.82813,1.00,1.37
2017.04.19 13:34:11.932,1.82775,1.82814,1.00,1.37
2017.04.19 13:34:12.264,1.82775,1.82814,1.00,1.00
2017.04.19 13:34:12.858,1.82776,1.82815,1.00,1.50
2017.04.19 13:34:12.959,1.82776,1.82814,1.37,1.00
2017.04.19 13:34:13.010,1.82776,1.82816,1.37,1.00
2017.04.19 13:34:13.552,1.82774,1.82815,1.37,1.00
2017.04.19 13:34:14.074,1.82776,1.82814,1.00,1.00
2017.04.19 13:34:14.176,1.82778,1.82814,1.00,1.00
2017.04.19 13:34:14.657,1.82777,1.82816,1.00,1.87
2017.04.19 13:34:14.828,1.82777,1.82815,1.37,1.00
2017.04.19 13:34:15.166,1.82781,1.82815,1.00,1.00
2017.04.19 13:34:15.703,1.82781,1.82817,1.00,1.87
2017.04.19 13:34:16.581,1.82781,1.82816,1.00,1.00
2017.04.19 13:34:16.632,1.82781,1.82804,1.00,1.00
2017.04.19 13:34:16.682,1.82779,1.82804,1.00,1.00
2017.04.19 13:34:16.733,1.82771,1.82804,1.00,1.00
2017.04.19 13:34:16.784,1.82771,1.82812,1.12,1.00
2017.04.19 13:34:16.835,1.82772,1.82806,1.00,1.00
2017.04.19 13:34:17.138,1.82766,1.82802,1.37,1.00
2017.04.19 13:34:17.240,1.82763,1.82802,1.00,1.00
2017.04.19 13:34:17.341,1.82766,1.82802,1.00,1.00
2017.04.19 13:34:17.698,1.82765,1.82799,1.00,1.00
2017.04.19 13:34:18.211,1.82765,1.828,1.00,1.50
2017.04.19 13:34:18.657,1.82762,1.82799,1.00,1.00
2017.04.19 13:34:19.201,1.82762,1.82798,1.00,1.00
2017.04.19 13:34:19.725,1.8276,1.82798,1.37,1.00
2017.04.19 13:34:20.976,1.8276,1.82799,1.37,1.50
2017.04.19 13:34:21.583,1.8276,1.82798,1.37,1.00
2017.04.19 13:34:22.154,1.82761,1.82799,1.37,1.50
2017.04.19 13:34:22.771,1.82761,1.82798,1.37,1.00
2017.04.19 13:34:22.822,1.82761,1.82798,2.62,1.00
2017.04.19 13:34:23.423,1.82762,1.828,1.37,1.00
2017.04.19 13:34:23.883,1.82764,1.82802,1.37,1.50
2017.04.19 13:34:23.984,1.82764,1.82801,1.37,1.00
2017.04.19 13:34:24.201,1.82766,1.82804,1.37,1.00
2017.04.19 13:34:24.303,1.82766,1.82805,1.37,1.00
2017.04.19 13:34:24.607,1.82771,1.82812,1.87,1.00
2017.04.19 13:34:24.934,1.82771,1.82809,1.37,1.00
2017.04.19 13:34:25.237,1.82772,1.82811,1.87,1.00
2017.04.19 13:34:25.288,1.82771,1.82811,1.37,1.50
2017.04.19 13:34:25.513,1.82773,1.82812,1.87,1.00
2017.04.19 13:34:25.817,1.82776,1.82813,2.62,1.00
2017.04.19 13:34:25.969,1.82781,1.82815,1.37,1.00
2017.04.19 13:34:26.602,1.82777,1.82817,2.62,1.37
2017.04.19 13:34:27.137,1.82778,1.82815,1.37,1.00
2017.04.19 13:34:27.931,1.82778,1.82814,1.37,1.50
2017.04.19 13:34:28.036,1.82778,1.82813,1.00,1.00
2017.04.19 13:34:28.279,1.82774,1.82812,1.37,1.00
2017.04.19 13:34:31.276,1.82778,1.82813,1.37,1.00
2017.04.19 13:34:31.579,1.82778,1.82814,1.87,1.00
2017.04.19 13:34:31.829,1.82777,1.82815,1.37,1.50
2017.04.19 13:34:32.360,1.82778,1.82815,1.37,1.00
2017.04.19 13:34:32.938,1.82779,1.82815,1.87,1.00
2017.04.19 13:34:32.989,1.82777,1.82815,1.87,1.00
2017.04.19 13:34:33.040,1.82779,1.82814,1.87,1.00
2017.04.19 13:34:33.242,1.82778,1.82816,1.87,1.50
2017.04.19 13:34:34.827,1.82782,1.8282,1.37,1.00
2017.04.19 13:34:34.878,1.82782,1.82818,1.37,1.00
2017.04.19 13:34:35.402,1.82782,1.82817,1.00,1.50
2017.04.19 13:34:35.706,1.82782,1.82818,1.37,1.00
2017.04.19 13:34:35.756,1.82782,1.8282,1.37,1.00
2017.04.19 13:34:35.807,1.82782,1.82822,1.37,1.00
2017.04.19 13:34:36.009,1.82784,1.8282,1.37,1.00
2017.04.19 13:34:36.135,1.82782,1.8282,1.12,1.00
2017.04.19 13:34:36.187,1.82782,1.82818,1.12,1.00
2017.04.19 13:34:38.086,1.82781,1.82819,1.37,1.00
2017.04.19 13:34:38.393,1.82781,1.82817,1.12,1.00
2017.04.19 13:34:39.840,1.82781,1.82817,1.37,1.50
2017.04.19 13:34:39.992,1.82781,1.8282,1.37,1.50
2017.04.19 13:34:40.194,1.82783,1.82818,1.37,1.00
2017.04.19 13:34:40.511,1.82781,1.82816,1.12,1.00
2017.04.19 13:34:40.562,1.82781,1.82818,1.12,1.50
2017.04.19 13:34:41.331,1.82782,1.82818,1.00,1.50
2017.04.19 13:34:41.868,1.82781,1.82818,1.12,1.50
2017.04.19 13:34:42.716,1.82781,1.82818,1.87,1.50
2017.04.19 13:34:43.298,1.82784,1.82819,1.37,1.00
2017.04.19 13:34:43.784,1.82782,1.82819,1.12,1.00
2017.04.19 13:34:44.137,1.8278,1.82817,1.37,1.00
2017.04.19 13:34:44.603,1.82783,1.8282,1.12,1.50
2017.04.19 13:34:45.108,1.82781,1.82819,1.37,1.50
2017.04.19 13:34:45.733,1.8278,1.82818,1.37,1.00
2017.04.19 13:34:46.293,1.8278,1.82819,1.37,1.00
2017.04.19 13:34:50.582,1.82783,1.8282,1.37,1.50
2017.04.19 13:34:52.635,1.82784,1.82823,1.34,1.50
2017.04.19 13:34:52.830,1.82787,1.82827,1.34,1.37
2017.04.19 13:34:52.932,1.82793,1.8283,1.00,2.62
2017.04.19 13:34:53.523,1.82793,1.8283,1.00,1.37
2017.04.19 13:34:54.039,1.82791,1.8283,1.00,1.87
2017.04.19 13:34:57.729,1.82791,1.8283,1.00,1.37
2017.04.19 13:34:59.516,1.82791,1.82828,1.00,1.37
2017.04.19 13:35:00.810,1.8279,1.82828,1.00,1.37
2017.04.19 13:35:01.599,1.82791,1.82828,1.00,1.37
2017.04.19 13:35:02.819,1.82793,1.8283,1.00,3.37
2017.04.19 13:35:03.309,1.82791,1.8283,1.00,3.37
2017.04.19 13:35:03.842,1.82791,1.82828,1.00,1.37
2017.04.19 13:35:05.939,1.82794,1.82828,1.00,1.37
2017.04.19 13:35:06.040,1.82792,1.82828,1.00,1.87
2017.04.19 13:35:07.914,1.8279,1.82827,1.00,1.37
2017.04.19 13:35:08.253,1.82793,1.82828,1.00,1.37
2017.04.19 13:35:08.848,1.82792,1.82828,1.00,1.37
2017.04.19 13:35:09.976,1.82792,1.82828,1.37,1.00
2017.04.19 13:35:10.128,1.82792,1.8283,1.37,1.50
2017.04.19 13:35:10.567,1.82794,1.82828,1.00,1.00
2017.04.19 13:35:11.406,1.82792,1.82828,1.37,1.00
2017.04.19 13:35:12.089,1.82791,1.82828,1.37,1.00
2017.04.19 13:35:12.427,1.82795,1.8283,1.12,1.50
2017.04.19 13:35:13.084,1.82793,1.8283,1.37,1.50
2017.04.19 13:35:14.442,1.82794,1.82831,1.12,1.00
2017.04.19 13:35:15.012,1.82794,1.8283,1.12,1.00
2017.04.19 13:35:16.424,1.82795,1.8283,1.00,1.00
2017.04.19 13:35:17.340,1.82797,1.82831,1.34,1.00
2017.04.19 13:35:17.391,1.82797,1.82836,1.37,1.00
2017.04.19 13:35:17.644,1.82803,1.82837,1.37,1.12
2017.04.19 13:35:18.742,1.82802,1.82838,1.37,1.50
2017.04.19 13:35:20.208,1.82802,1.82838,1.00,1.87
2017.04.19 13:35:20.813,1.82802,1.82838,1.00,1.87
2017.04.19 13:35:21.139,1.82804,1.82838,1.00,1.87
2017.04.19 13:35:21.461,1.82794,1.82814,1.00,1.00
2017.04.19 13:35:21.635,1.82777,1.82808,1.00,1.37
2017.04.19 13:35:22.111,1.82777,1.8281,1.00,1.00
2017.04.19 13:35:22.307,1.82772,1.82808,1.00,1.00
2017.04.19 13:35:22.657,1.82774,1.82808,1.00,1.00
2017.04.19 13:35:23.665,1.82774,1.82809,1.00,1.00
2017.04.19 13:35:27.360,1.82777,1.82809,1.00,1.00
2017.04.19 13:35:27.411,1.82777,1.82814,1.00,1.87
2017.04.19 13:35:27.512,1.82776,1.82813,1.00,1.37
2017.04.19 13:35:28.675,1.82776,1.82812,1.00,1.50
2017.04.19 13:35:28.776,1.82774,1.82812,1.00,1.50
2017.04.19 13:35:29.676,1.82774,1.8281,1.00,1.00
2017.04.19 13:35:30.050,1.82771,1.8281,1.00,1.00
2017.04.19 13:35:30.244,1.82773,1.8281,1.00,1.50
2017.04.19 13:35:30.963,1.82773,1.82805,1.00,1.00
2017.04.19 13:35:31.115,1.82768,1.82804,1.37,1.00
2017.04.19 13:35:32.031,1.82767,1.82805,1.37,1.50
2017.04.19 13:35:32.132,1.82767,1.82807,1.71,1.00
2017.04.19 13:35:32.183,1.82771,1.8281,1.00,1.50
2017.04.19 13:35:33.827,1.82771,1.82811,1.00,1.12
2017.04.19 13:35:33.906,1.82774,1.82811,1.00,1.12
2017.04.19 13:35:34.146,1.82771,1.82811,1.00,1.12
2017.04.19 13:35:34.647,1.82772,1.82812,1.00,1.87
2017.04.19 13:35:34.898,1.82772,1.82813,1.37,1.87
2017.04.19 13:35:35.192,1.82774,1.82813,1.37,1.50
2017.04.19 13:35:35.495,1.82781,1.82818,1.37,1.50
2017.04.19 13:35:36.577,1.82781,1.82817,1.37,1.00
2017.04.19 13:35:36.729,1.8278,1.82817,1.12,1.00
2017.04.19 13:35:36.780,1.82785,1.82817,1.00,1.00
2017.04.19 13:35:36.881,1.82786,1.82823,1.00,1.00
2017.04.19 13:35:37.196,1.82786,1.82821,1.00,1.00
2017.04.19 13:35:38.213,1.82786,1.82822,1.12,1.50
2017.04.19 13:35:38.735,1.82789,1.82821,1.00,1.50
2017.04.19 13:35:38.966,1.82786,1.82821,1.37,1.00
2017.04.19 13:35:40.391,1.82786,1.82822,1.12,1.00
2017.04.19 13:35:40.442,1.82786,1.82822,1.37,1.00
2017.04.19 13:35:40.543,1.82786,1.82822,1.00,1.00
2017.04.19 13:35:40.880,1.82786,1.8282,1.00,1.00
2017.04.19 13:35:41.338,1.82782,1.82822,1.37,1.50
2017.04.19 13:35:42.083,1.82785,1.8282,1.12,1.00
2017.04.19 13:35:42.592,1.82786,1.82821,1.00,1.00
2017.04.19 13:35:42.987,1.82786,1.82813,1.00,1.00
2017.04.19 13:35:43.089,1.82778,1.82814,1.00,1.00
2017.04.19 13:35:43.140,1.82778,1.82812,1.00,1.00
2017.04.19 13:35:43.191,1.82775,1.82812,1.87,1.00
2017.04.19 13:35:43.242,1.82775,1.82812,1.37,1.50
2017.04.19 13:35:43.560,1.82779,1.82817,1.00,1.37
2017.04.19 13:35:43.967,1.82782,1.82816,1.00,1.37
2017.04.19 13:35:44.118,1.82782,1.82815,1.00,1.12
2017.04.19 13:35:44.360,1.8278,1.82815,1.00,1.87
2017.04.19 13:35:44.696,1.82782,1.82815,1.00,1.87
2017.04.19 13:35:45.041,1.82787,1.82821,1.00,1.00
2017.04.19 13:35:45.092,1.82787,1.82825,1.00,1.12
2017.04.19 13:35:45.194,1.82795,1.82824,1.00,1.00
2017.04.19 13:35:45.473,1.82795,1.82827,1.00,1.00
2017.04.19 13:35:45.645,1.82795,1.82825,1.00,1.00
2017.04.19 13:35:45.746,1.82791,1.82824,1.00,1.37
2017.04.19 13:35:45.797,1.82789,1.82821,1.00,1.00
2017.04.19 13:35:46.067,1.82795,1.82821,1.00,1.00
2017.04.19 13:35:46.220,1.82795,1.8283,1.00,1.87
2017.04.19 13:35:46.371,1.82798,1.8283,1.00,1.87
2017.04.19 13:35:46.680,1.82795,1.82829,1.00,1.87
2017.04.19 13:35:48.125,1.82795,1.82829,1.00,1.87
2017.04.19 13:35:49.896,1.82794,1.82829,1.00,1.87
2017.04.19 13:35:50.673,1.82795,1.82829,1.00,1.87
2017.04.19 13:35:50.875,1.82795,1.82827,1.00,1.00
2017.04.19 13:35:50.926,1.82795,1.8283,1.00,1.87
2017.04.19 13:35:52.322,1.82795,1.8283,1.00,1.00
2017.04.19 13:35:52.675,1.82793,1.82832,1.00,1.37
2017.04.19 13:35:53.481,1.82793,1.82832,1.00,1.37
2017.04.19 13:35:53.688,1.82793,1.82832,1.00,1.12
2017.04.19 13:35:54.189,1.82793,1.82832,1.00,1.37
2017.04.19 13:35:54.699,1.82794,1.82832,1.00,1.37
2017.04.19 13:35:54.916,1.82797,1.82834,1.00,1.37
2017.04.19 13:35:56.233,1.82803,1.82836,1.00,1.37
2017.04.19 13:35:56.289,1.82805,1.82837,1.00,1.00
2017.04.19 13:35:56.497,1.82806,1.82842,1.00,1.37
2017.04.19 13:35:56.599,1.82804,1.82841,1.00,1.12
2017.04.19 13:35:57.325,1.82804,1.82843,1.00,1.12
2017.04.19 13:35:57.376,1.82804,1.8284,1.00,1.00
2017.04.19 13:35:57.690,1.82803,1.8284,1.00,1.37
2017.04.19 13:35:57.928,1.828,1.8284,1.00,1.37
2017.04.19 13:35:58.216,1.828,1.8284,1.00,1.37
2017.04.19 13:35:58.317,1.828,1.82841,1.00,1.12
2017.04.19 13:35:58.418,1.82804,1.82845,1.00,1.37
2017.04.19 13:35:58.519,1.82804,1.82845,1.00,1.87
2017.04.19 13:35:58.860,1.82806,1.82837,1.00,1.00
2017.04.19 13:35:58.913,1.82801,1.82836,1.00,1.71
2017.04.19 13:35:58.964,1.82801,1.82836,1.00,1.71
2017.04.19 13:35:59.015,1.82796,1.82834,1.00,1.37
2017.04.19 13:35:59.116,1.82793,1.82833,1.00,1.37
2017.04.19 13:35:59.910,1.82791,1.82833,1.00,1.37
2017.04.19 13:36:00.119,1.82796,1.82835,1.00,1.37
2017.04.19 13:36:00.171,1.82795,1.82836,1.12,1.09
2017.04.19 13:36:00.312,1.82807,1.82838,1.00,1.46
2017.04.19 13:36:00.616,1.82848,1.82875,1.00,1.12
2017.04.19 13:36:00.666,1.82848,1.82877,1.00,1.12
2017.04.19 13:36:00.717,1.82845,1.8288,1.00,1.37
2017.04.19 13:36:00.768,1.82845,1.8288,1.00,1.37
2017.04.19 13:36:00.819,1.8284,1.82878,1.00,1.37
2017.04.19 13:36:01.415,1.82839,1.8288,1.00,1.37
2017.04.19 13:36:01.469,1.82836,1.82877,1.50,1.37
2017.04.19 13:36:01.520,1.82836,1.82876,1.00,1.37
2017.04.19 13:36:01.621,1.82835,1.82877,1.00,1.37
2017.04.19 13:36:02.148,1.82834,1.82875,1.00,1.37
2017.04.19 13:36:04.481,1.82834,1.82877,1.00,1.37
2017.04.19 13:36:05.858,1.8283,1.82866,1.00,1.46
2017.04.19 13:36:05.909,1.82826,1.82865,1.00,1.37
2017.04.19 13:36:06.011,1.82822,1.82863,1.00,1.37
2017.04.19 13:36:06.528,1.82821,1.82861,1.00,1.12
2017.04.19 13:36:07.307,1.82822,1.82861,1.00,1.37
2017.04.19 13:36:07.610,1.8282,1.82861,1.00,1.37
2017.04.19 13:36:07.982,1.8282,1.82858,1.00,1.00
2017.04.19 13:36:08.231,1.82818,1.82859,1.00,1.00
2017.04.19 13:36:09.118,1.82818,1.8286,1.00,1.12
2017.04.19 13:36:09.441,1.82818,1.82859,1.00,1.37
2017.04.19 13:36:09.780,1.82818,1.82858,1.00,1.37
2017.04.19 13:36:10.337,1.82819,1.82858,1.00,1.37
2017.04.19 13:36:10.867,1.82818,1.82861,1.00,2.62
2017.04.19 13:36:11.197,1.82821,1.82861,1.00,1.87
2017.04.19 13:36:11.525,1.82822,1.82855,1.00,1.37
2017.04.19 13:36:11.626,1.82816,1.82853,1.00,1.87
2017.04.19 13:36:11.677,1.82816,1.82853,1.00,1.37
2017.04.19 13:36:11.728,1.82818,1.82852,1.00,1.37
2017.04.19 13:36:11.829,1.82812,1.82851,1.00,1.37
2017.04.19 13:36:12.011,1.82811,1.82851,1.00,1.37
2017.04.19 13:36:12.114,1.82807,1.82846,1.00,1.37
2017.04.19 13:36:13.489,1.82807,1.82846,1.00,1.87
2017.04.19 13:36:13.540,1.82804,1.82846,1.00,1.87
2017.04.19 13:36:13.816,1.82807,1.82846,1.00,1.87
2017.04.19 13:36:13.867,1.82807,1.82846,1.37,1.50
2017.04.19 13:36:13.968,1.82809,1.82847,1.37,1.00
2017.04.19 13:36:14.120,1.82816,1.82855,1.37,1.00
2017.04.19 13:36:14.171,1.82816,1.82857,1.37,1.00
2017.04.19 13:36:14.425,1.82821,1.82858,1.00,1.00
2017.04.19 13:36:14.798,1.82825,1.82858,1.00,1.00
2017.04.19 13:36:15.051,1.82826,1.8286,1.00,1.00
2017.04.19 13:36:15.102,1.82826,1.82862,1.00,1.50
2017.04.19 13:36:15.619,1.82826,1.82863,1.00,1.00
2017.04.19 13:36:16.109,1.82829,1.82863,1.00,1.00
2017.04.19 13:36:16.359,1.82829,1.82865,1.00,1.00
2017.04.19 13:36:17.304,1.82828,1.82865,1.00,1.50
2017.04.19 13:36:17.805,1.82826,1.82865,1.00,1.50
2017.04.19 13:36:18.506,1.82831,1.82868,1.00,1.00
2017.04.19 13:36:18.809,1.82834,1.82871,1.00,1.00
2017.04.19 13:36:21.516,1.82834,1.82872,1.00,1.00
2017.04.19 13:36:21.834,1.82837,1.82871,1.00,1.00
2017.04.19 13:36:23.328,1.82834,1.82872,1.00,1.00
2017.04.19 13:36:23.707,1.82834,1.82872,1.37,1.00
2017.04.19 13:36:24.460,1.82837,1.82873,1.00,1.00
2017.04.19 13:36:26.675,1.82837,1.82872,1.00,1.50
2017.04.19 13:36:27.183,1.82838,1.82876,1.00,1.00
2017.04.19 13:36:27.234,1.8284,1.82879,1.37,1.00
2017.04.19 13:36:27.285,1.8284,1.82881,1.71,1.00
2017.04.19 13:36:27.336,1.82844,1.82885,1.37,1.00
2017.04.19 13:36:27.387,1.82844,1.82887,1.87,1.50
2017.04.19 13:36:27.539,1.82852,1.82889,1.00,1.00
2017.04.19 13:36:28.028,1.8285,1.82886,1.00,1.00
2017.04.19 13:36:28.337,1.8285,1.82888,1.00,1.50
2017.04.19 13:36:30.634,1.8285,1.82886,1.00,1.00
2017.04.19 13:36:30.735,1.8285,1.82888,1.00,1.50
2017.04.19 13:36:30.786,1.8285,1.82886,1.00,1.00
2017.04.19 13:36:31.035,1.82838,1.82876,1.00,1.00
2017.04.19 13:36:31.187,1.82837,1.82874,1.00,1.00
2017.04.19 13:36:31.884,1.82834,1.82874,1.37,1.50
2017.04.19 13:36:32.660,1.82834,1.82873,1.37,1.00
2017.04.19 13:36:32.862,1.82835,1.82873,1.37,1.00
2017.04.19 13:36:33.377,1.82834,1.82871,1.37,1.00
2017.04.19 13:36:33.809,1.82835,1.82872,1.87,1.00
2017.04.19 13:36:34.088,1.82834,1.82872,1.37,1.00
2017.04.19 13:36:34.846,1.82834,1.82872,1.37,1.00
2017.04.19 13:36:34.897,1.82834,1.82872,1.71,1.00
2017.04.19 13:36:35.099,1.82846,1.82883,1.37,1.00
2017.04.19 13:36:35.150,1.82852,1.82883,1.00,1.00
2017.04.19 13:36:35.545,1.82853,1.82887,1.00,1.00
2017.04.19 13:36:35.667,1.82855,1.8289,1.00,1.50
2017.04.19 13:36:36.021,1.82855,1.82888,1.00,1.00
2017.04.19 13:36:36.339,1.82855,1.8289,1.00,1.00
2017.04.19 13:36:36.859,1.82855,1.82889,1.00,1.00
2017.04.19 13:36:37.288,1.82855,1.82892,1.00,1.87
2017.04.19 13:36:37.868,1.82856,1.82892,1.00,1.00
2017.04.19 13:36:38.450,1.82859,1.82893,1.00,1.00
2017.04.19 13:36:38.941,1.82857,1.82892,1.00,1.00
2017.04.19 13:36:39.549,1.82858,1.82892,1.00,1.00
2017.04.19 13:36:40.049,1.82856,1.8289,1.00,1.00
2017.04.19 13:36:40.614,1.82856,1.82889,1.00,1.00
2017.04.19 13:36:40.913,1.82856,1.82891,1.00,1.50
2017.04.19 13:36:41.651,1.82856,1.82889,1.00,1.50
2017.04.19 13:36:42.613,1.82856,1.8289,1.00,1.50
2017.04.19 13:36:43.554,1.82856,1.82891,1.00,1.50
2017.04.19 13:36:44.566,1.82855,1.82891,1.00,1.50
2017.04.19 13:36:45.978,1.82854,1.82892,1.00,1.00
2017.04.19 13:36:46.291,1.82857,1.82893,1.00,1.12
2017.04.19 13:36:46.867,1.82859,1.82893,1.00,1.87
2017.04.19 13:36:47.396,1.82859,1.82892,1.00,1.00
2017.04.19 13:36:47.576,1.82856,1.82892,1.00,1.00
2017.04.19 13:36:48.158,1.82855,1.82891,1.00,1.50
2017.04.19 13:36:48.827,1.82855,1.8289,1.00,1.00
2017.04.19 13:36:50.432,1.82855,1.82893,1.00,1.50
2017.04.19 13:36:50.483,1.82859,1.82895,2.96,1.00
2017.04.19 13:36:50.534,1.8286,1.829,2.62,1.00
2017.04.19 13:36:50.585,1.82869,1.82901,1.00,1.09
2017.04.19 13:36:50.671,1.82862,1.82895,1.00,1.00
2017.04.19 13:36:50.723,1.82864,1.82894,1.00,1.00
2017.04.19 13:36:50.774,1.82861,1.82893,1.12,1.00
2017.04.19 13:36:50.825,1.82861,1.82896,1.12,1.00
2017.04.19 13:36:50.894,1.82859,1.82896,1.00,1.12
2017.04.19 13:36:50.944,1.82859,1.82893,1.00,1.00
2017.04.19 13:36:51.096,1.82859,1.82895,1.00,1.00
2017.04.19 13:36:52.350,1.82858,1.82896,1.00,1.87
2017.04.19 13:36:53.808,1.82858,1.82894,1.00,1.00
2017.04.19 13:36:53.959,1.8286,1.82894,1.00,1.00
2017.04.19 13:36:54.786,1.82861,1.82894,1.00,1.00
2017.04.19 13:36:55.288,1.8286,1.82894,1.00,1.12
2017.04.19 13:36:55.695,1.82858,1.82893,1.00,1.12
2017.04.19 13:36:55.796,1.82858,1.82891,1.00,1.00
2017.04.19 13:36:56.103,1.8286,1.8289,1.00,1.00
2017.04.19 13:36:56.722,1.8286,1.82889,1.00,1.00
2017.04.19 13:36:56.959,1.82857,1.82889,1.00,1.00
2017.04.19 13:36:58.368,1.82857,1.8289,1.00,1.00
2017.04.19 13:36:59.959,1.82856,1.8289,1.00,1.00
2017.04.19 13:37:00.473,1.82855,1.82889,1.00,1.50
2017.04.19 13:37:00.575,1.82855,1.82891,1.00,1.50
2017.04.19 13:37:00.960,1.82852,1.82891,1.00,1.00
2017.04.19 13:37:01.459,1.82852,1.82891,1.00,1.37
2017.04.19 13:37:02.238,1.82852,1.82881,1.00,1.00
2017.04.19 13:37:02.289,1.82846,1.82879,1.00,1.00
2017.04.19 13:37:02.464,1.82837,1.82877,1.37,1.37
2017.04.19 13:37:02.516,1.82837,1.82875,1.00,1.00
2017.04.19 13:37:02.668,1.82835,1.82875,1.12,1.00
2017.04.19 13:37:03.214,1.82835,1.82875,1.37,1.00
2017.04.19 13:37:03.265,1.82839,1.82876,1.00,1.50
2017.04.19 13:37:03.770,1.82839,1.82875,1.00,1.00
2017.04.19 13:37:04.321,1.82839,1.82876,1.00,1.50
2017.04.19 13:37:08.159,1.82839,1.82872,1.00,1.00
2017.04.19 13:37:08.311,1.8283,1.82867,1.50,1.00
2017.04.19 13:37:08.412,1.82832,1.82868,1.00,1.00
2017.04.19 13:37:08.557,1.82832,1.82874,1.34,1.87
2017.04.19 13:37:08.736,1.82837,1.82875,1.00,1.00
2017.04.19 13:37:09.059,1.82841,1.82876,1.00,1.00
2017.04.19 13:37:10.553,1.82841,1.82873,1.00,1.00
2017.04.19 13:37:10.603,1.82836,1.82873,1.00,1.37
2017.04.19 13:37:10.705,1.82835,1.8287,1.00,1.00
2017.04.19 13:37:11.409,1.82835,1.82868,1.00,1.00
2017.04.19 13:37:11.510,1.82835,1.8287,1.00,1.50
2017.04.19 13:37:11.611,1.82835,1.82868,1.00,1.00
2017.04.19 13:37:11.809,1.82829,1.82868,1.37,1.00
2017.04.19 13:37:11.859,1.82829,1.82866,1.37,1.00
2017.04.19 13:37:11.910,1.82829,1.82866,1.00,1.00
2017.04.19 13:37:12.429,1.82829,1.82865,1.00,1.00
2017.04.19 13:37:13.031,1.82829,1.82866,1.00,1.50
2017.04.19 13:37:13.800,1.82827,1.82866,1.37,1.50
2017.04.19 13:37:14.350,1.82829,1.82866,1.00,1.50
2017.04.19 13:37:15.018,1.82829,1.82864,1.00,1.00
2017.04.19 13:37:15.569,1.8283,1.82864,1.00,1.50
2017.04.19 13:37:16.270,1.8283,1.82864,1.37,1.00
2017.04.19 13:37:16.573,1.8283,1.82861,1.00,1.00
2017.04.19 13:37:16.725,1.82819,1.82856,1.00,1.00
2017.04.19 13:37:17.028,1.82817,1.82856,1.12,1.00
2017.04.19 13:37:17.130,1.8282,1.82856,1.00,1.00
2017.04.19 13:37:17.762,1.8282,1.82859,1.00,1.37
2017.04.19 13:37:18.309,1.8282,1.82857,1.00,1.00
2017.04.19 13:37:18.701,1.82822,1.82857,1.00,1.00
2017.04.19 13:37:19.060,1.8282,1.82857,1.00,1.00
2017.04.19 13:37:19.518,1.8282,1.8286,1.00,1.12
2017.04.19 13:37:19.620,1.82822,1.82859,1.00,1.12
2017.04.19 13:37:20.213,1.8282,1.82859,1.00,1.12
2017.04.19 13:37:20.501,1.82824,1.82863,1.00,1.37
2017.04.19 13:37:20.703,1.8282,1.82861,1.12,1.37
2017.04.19 13:37:20.754,1.8282,1.82861,1.00,1.37
2017.04.19 13:37:21.080,1.82823,1.82859,1.00,1.37
2017.04.19 13:37:21.232,1.82821,1.82862,1.00,1.87
2017.04.19 13:37:21.333,1.82821,1.82856,1.00,1.00
2017.04.19 13:37:22.362,1.82821,1.82853,1.00,1.00
2017.04.19 13:37:22.413,1.82818,1.82853,1.37,1.00
2017.04.19 13:37:22.616,1.82816,1.82852,1.00,1.00
2017.04.19 13:37:22.818,1.82815,1.82854,1.12,1.00
2017.04.19 13:37:22.869,1.82815,1.82852,1.12,1.00
2017.04.19 13:37:23.022,1.82815,1.82854,1.12,1.00
2017.04.19 13:37:23.225,1.82815,1.82852,1.12,1.00
2017.04.19 13:37:23.379,1.82815,1.82854,1.12,1.00
2017.04.19 13:37:23.814,1.82815,1.82853,1.37,1.00
2017.04.19 13:37:23.915,1.82815,1.82853,1.12,1.00
2017.04.19 13:37:23.966,1.82816,1.82856,1.87,1.00
2017.04.19 13:37:24.269,1.82828,1.82864,1.00,1.00
2017.04.19 13:37:24.808,1.82825,1.82863,1.37,1.00
2017.04.19 13:37:25.842,1.82825,1.82863,1.00,1.00
2017.04.19 13:37:26.477,1.82825,1.82864,1.00,1.50
2017.04.19 13:37:27.128,1.82826,1.82864,1.00,1.00
2017.04.19 13:37:27.217,1.82826,1.82862,1.00,1.00
2017.04.19 13:37:27.267,1.82826,1.82864,1.00,1.00
2017.04.19 13:37:27.534,1.82829,1.82866,1.50,1.00
2017.04.19 13:37:27.584,1.82829,1.82868,1.87,1.00
2017.04.19 13:37:27.635,1.82832,1.82871,1.00,1.00
2017.04.19 13:37:28.173,1.82833,1.8287,1.00,1.00
2017.04.19 13:37:29.990,1.82833,1.82872,1.00,1.87
2017.04.19 13:37:30.142,1.82835,1.82872,1.00,1.12
2017.04.19 13:37:31.404,1.82837,1.82872,1.00,1.12
2017.04.19 13:37:31.685,1.82831,1.82868,1.00,1.37
2017.04.19 13:37:31.735,1.82831,1.82865,1.00,1.00
2017.04.19 13:37:31.786,1.82826,1.82865,2.25,1.00
2017.04.19 13:37:31.837,1.8283,1.82865,1.00,1.00
2017.04.19 13:37:32.089,1.82833,1.82871,1.00,1.37
2017.04.19 13:37:32.342,1.82833,1.82872,1.00,1.12
2017.04.19 13:37:32.423,1.82833,1.82872,1.00,1.37
2017.04.19 13:37:32.474,1.82833,1.82874,1.00,1.37
2017.04.19 13:37:32.922,1.82834,1.82875,1.00,1.50
2017.04.19 13:37:33.074,1.82834,1.82874,1.00,1.37
2017.04.19 13:37:33.910,1.82837,1.82873,1.00,1.00
2017.04.19 13:37:34.239,1.8284,1.82873,1.00,1.37
2017.04.19 13:37:34.341,1.82838,1.82872,1.00,1.87
2017.04.19 13:37:36.325,1.82838,1.8287,1.00,1.00
2017.04.19 13:37:36.880,1.82837,1.82871,1.00,1.50
2017.04.19 13:37:37.758,1.82834,1.82871,1.00,1.87
2017.04.19 13:37:38.309,1.82834,1.8287,1.00,1.00
2017.04.19 13:37:39.763,1.82833,1.8287,1.00,1.00
2017.04.19 13:37:39.817,1.82833,1.8286,1.00,1.00
2017.04.19 13:37:39.918,1.82823,1.82859,1.50,1.37
2017.04.19 13:37:40.019,1.82823,1.82856,1.00,1.00
2017.04.19 13:37:40.070,1.82821,1.82856,1.00,1.00
2017.04.19 13:37:40.510,1.82817,1.82857,1.00,1.12
2017.04.19 13:37:43.729,1.8282,1.82857,1.00,1.50
2017.04.19 13:37:44.815,1.82818,1.82857,1.00,1.50
2017.04.19 13:37:45.409,1.82818,1.82858,1.00,1.50
2017.04.19 13:37:45.460,1.8282,1.82858,1.00,1.00
2017.04.19 13:37:46.425,1.8282,1.82859,1.00,1.00
2017.04.19 13:37:47.459,1.8282,1.82857,1.00,1.00
2017.04.19 13:37:48.007,1.8282,1.82858,1.00,1.00
2017.04.19 13:37:51.059,1.8282,1.82857,1.37,1.00
2017.04.19 13:37:51.767,1.82824,1.82858,1.00,1.00
2017.04.19 13:37:53.069,1.82824,1.82859,1.00,1.50
2017.04.19 13:37:53.170,1.82824,1.82861,1.00,1.50
2017.04.19 13:37:54.016,1.82824,1.8286,1.00,1.00
2017.04.19 13:37:54.463,1.82824,1.82858,1.00,1.00
2017.04.19 13:37:54.514,1.82824,1.8286,1.00,1.00
2017.04.19 13:37:55.022,1.82824,1.82859,1.00,1.00
2017.04.19 13:37:56.542,1.82824,1.8286,1.00,1.50
2017.04.19 13:37:58.610,1.82824,1.8286,1.37,1.00
2017.04.19 13:37:58.813,1.82828,1.82864,1.00,1.12
2017.04.19 13:37:59.371,1.82827,1.82865,1.12,1.87
2017.04.19 13:38:02.959,1.82827,1.82864,1.00,2.62
2017.04.19 13:38:03.161,1.82825,1.82863,1.00,2.62
2017.04.19 13:38:03.344,1.82823,1.82863,1.00,2.62
2017.04.19 13:38:03.836,1.82825,1.82862,1.00,1.37
2017.04.19 13:38:06.414,1.82827,1.82852,1.00,1.00
2017.04.19 13:38:06.465,1.8282,1.82852,1.00,1.00
2017.04.19 13:38:06.567,1.82815,1.82851,1.00,1.12
2017.04.19 13:38:06.618,1.82812,1.82851,1.12,2.62
2017.04.19 13:38:06.821,1.82812,1.8285,1.00,1.12
2017.04.19 13:38:07.176,1.82815,1.82853,1.00,1.37
2017.04.19 13:38:07.411,1.82813,1.82853,1.00,1.37
2017.04.19 13:38:07.620,1.82816,1.82854,1.00,1.87
2017.04.19 13:38:08.043,1.82813,1.82852,1.00,1.37
2017.04.19 13:38:09.357,1.82813,1.82852,1.00,1.12
2017.04.19 13:38:09.905,1.82813,1.82851,1.00,1.00
2017.04.19 13:38:09.956,1.82811,1.82851,1.00,1.00
2017.04.19 13:38:10.788,1.8281,1.82851,1.12,1.12
2017.04.19 13:38:11.940,1.8281,1.82849,1.00,1.12
2017.04.19 13:38:12.491,1.8281,1.82848,1.00,1.12
2017.04.19 13:38:13.038,1.8281,1.82848,1.00,1.37
2017.04.19 13:38:13.913,1.8281,1.82848,1.00,1.12
2017.04.19 13:38:15.952,1.82808,1.82848,1.00,1.12
2017.04.19 13:38:17.774,1.82808,1.82846,1.00,1.00
2017.04.19 13:38:18.077,1.828,1.82837,1.00,1.12
2017.04.19 13:38:18.279,1.82797,1.82836,1.12,1.00
2017.04.19 13:38:18.818,1.82797,1.82834,1.12,1.00
2017.04.19 13:38:20.119,1.82797,1.82834,1.00,1.37
2017.04.19 13:38:20.170,1.82795,1.82837,1.00,1.37
2017.04.19 13:38:22.603,1.82795,1.82831,1.00,1.00
2017.04.19 13:38:22.906,1.82784,1.82823,1.00,1.37
2017.04.19 13:38:23.161,1.82782,1.82823,1.00,1.87
2017.04.19 13:38:23.370,1.82782,1.82823,1.00,1.87
2017.04.19 13:38:23.561,1.82782,1.82823,1.00,1.87
2017.04.19 13:38:23.946,1.82782,1.82823,1.00,1.37
2017.04.19 13:38:23.997,1.82783,1.82824,1.09,2.62
2017.04.19 13:38:24.048,1.82787,1.82824,1.00,1.00
2017.04.19 13:38:24.200,1.8279,1.82825,1.00,1.00
2017.04.19 13:38:24.508,1.82792,1.82829,1.00,1.37
2017.04.19 13:38:25.211,1.82792,1.8283,1.00,1.12
2017.04.19 13:38:26.091,1.82792,1.82829,1.00,1.00
2017.04.19 13:38:26.513,1.82792,1.82829,1.00,1.37
2017.04.19 13:38:26.614,1.8279,1.82829,1.00,1.37
2017.04.19 13:38:26.666,1.8279,1.82829,1.00,1.00
2017.04.19 13:38:27.127,1.8279,1.82829,1.00,1.37
2017.04.19 13:38:27.360,1.8279,1.82829,1.00,1.12
2017.04.19 13:38:27.562,1.8279,1.82827,1.00,1.00
2017.04.19 13:38:27.613,1.8279,1.82831,1.12,1.50
2017.04.19 13:38:27.786,1.82794,1.82831,1.00,1.00
2017.04.19 13:38:27.942,1.82794,1.82833,1.00,1.12
2017.04.19 13:38:28.768,1.82796,1.82833,1.00,1.12
2017.04.19 13:38:31.372,1.82799,1.82833,1.00,1.12
2017.04.19 13:38:31.572,1.82796,1.82833,1.00,1.12
2017.04.19 13:38:36.422,1.82799,1.82834,1.00,1.37
2017.04.19 13:38:36.678,1.82796,1.82834,1.00,1.37
2017.04.19 13:38:36.878,1.82798,1.82834,1.00,1.37
2017.04.19 13:38:36.978,1.82795,1.82834,1.00,1.37
2017.04.19 13:38:37.222,1.82797,1.82834,1.00,1.37
2017.04.19 13:38:37.856,1.82796,1.82834,1.00,1.37
2017.04.19 13:38:38.390,1.82796,1.82834,1.00,1.00
2017.04.19 13:38:38.835,1.82796,1.82831,1.00,1.00
2017.04.19 13:38:39.138,1.82795,1.8283,1.00,1.87
2017.04.19 13:38:39.189,1.8279,1.82829,1.00,1.12
2017.04.19 13:38:39.407,1.82793,1.82828,1.00,1.00
2017.04.19 13:38:39.489,1.82794,1.8283,1.00,1.12
2017.04.19 13:38:39.641,1.82794,1.82832,1.00,1.00
2017.04.19 13:38:40.171,1.82795,1.82834,1.00,1.87
2017.04.19 13:38:40.716,1.82796,1.82834,1.00,1.87
2017.04.19 13:38:41.286,1.82794,1.8283,1.00,1.00
2017.04.19 13:38:41.337,1.82794,1.82833,1.00,1.12
2017.04.19 13:38:41.438,1.82794,1.82831,1.00,1.37
2017.04.19 13:38:41.489,1.82792,1.82831,1.00,1.37
2017.04.19 13:38:42.073,1.82792,1.8283,1.00,1.00
2017.04.19 13:38:42.326,1.82795,1.8283,1.00,1.00
2017.04.19 13:38:42.477,1.82795,1.82833,1.00,1.87
2017.04.19 13:38:42.792,1.82792,1.82832,1.00,1.00
2017.04.19 13:38:42.994,1.82795,1.82832,1.00,1.12
2017.04.19 13:38:43.293,1.82792,1.82831,1.00,1.00
2017.04.19 13:38:43.606,1.82792,1.82829,1.00,1.00
2017.04.19 13:38:43.758,1.82789,1.82828,1.00,1.00
2017.04.19 13:38:44.010,1.82788,1.82825,1.00,1.00
2017.04.19 13:38:44.212,1.82784,1.82823,1.00,1.12
2017.04.19 13:38:44.616,1.82789,1.82824,1.00,1.00
2017.04.19 13:38:45.207,1.82789,1.82825,1.00,1.00
2017.04.19 13:38:45.710,1.8279,1.82825,1.00,1.00
2017.04.19 13:38:45.960,1.82788,1.82825,1.00,1.00
2017.04.19 13:38:46.448,1.82787,1.82821,1.00,1.00
2017.04.19 13:38:46.550,1.82785,1.82821,1.00,1.00
2017.04.19 13:38:46.746,1.82785,1.82823,1.34,1.12
2017.04.19 13:38:46.798,1.82785,1.82823,1.00,1.00
2017.04.19 13:38:46.849,1.82789,1.82823,1.00,1.50
2017.04.19 13:38:46.951,1.82787,1.82823,1.00,1.50
2017.04.19 13:38:47.157,1.82787,1.82825,1.00,1.50
2017.04.19 13:38:47.259,1.8279,1.82825,1.00,1.50
2017.04.19 13:38:48.332,1.82788,1.82825,1.00,1.00
2017.04.19 13:38:49.069,1.82789,1.82825,1.00,1.00
2017.04.19 13:38:49.415,1.82791,1.82825,1.00,1.00
2017.04.19 13:38:49.715,1.82789,1.82825,1.00,1.00
2017.04.19 13:38:50.208,1.82789,1.82827,1.00,1.00
2017.04.19 13:38:50.259,1.82793,1.82827,1.00,1.00
2017.04.19 13:38:50.785,1.82792,1.82827,1.00,1.00
2017.04.19 13:38:51.167,1.82784,1.82822,1.00,1.00
2017.04.19 13:38:51.226,1.82779,1.82818,1.00,1.37
2017.04.19 13:38:51.428,1.82779,1.82817,1.00,1.37
2017.04.19 13:38:51.530,1.82781,1.82817,1.00,1.00
2017.04.19 13:38:51.631,1.82781,1.82822,1.00,1.37
2017.04.19 13:38:51.833,1.82783,1.82822,1.00,1.37
2017.04.19 13:38:52.136,1.82785,1.82818,1.00,1.00
2017.04.19 13:38:52.300,1.82781,1.82818,1.00,1.00
2017.04.19 13:38:52.756,1.82783,1.82824,1.00,3.37
2017.04.19 13:38:54.114,1.82783,1.82821,1.00,1.87
2017.04.19 13:38:54.422,1.82785,1.82821,1.00,1.87
2017.04.19 13:38:55.155,1.82785,1.82821,1.00,1.12
2017.04.19 13:38:55.671,1.82786,1.82822,1.00,1.12
2017.04.19 13:38:56.184,1.82785,1.82822,1.00,1.12
2017.04.19 13:38:56.521,1.82784,1.82819,1.00,1.37
2017.04.19 13:38:57.138,1.82785,1.82821,1.00,1.37
2017.04.19 13:38:57.898,1.82785,1.82821,1.00,1.37
2017.04.19 13:38:58.450,1.82786,1.8282,1.00,1.37
2017.04.19 13:38:59.360,1.82785,1.8282,1.00,1.37
2017.04.19 13:39:00.027,1.82784,1.8282,1.00,1.12
2017.04.19 13:39:00.150,1.82784,1.82815,1.00,1.00
2017.04.19 13:39:00.201,1.82784,1.82817,1.00,1.87
2017.04.19 13:39:00.252,1.8278,1.82815,1.00,1.37
2017.04.19 13:39:00.303,1.8278,1.82815,1.00,1.37
2017.04.19 13:39:00.354,1.82776,1.82812,1.00,1.00
2017.04.19 13:39:00.404,1.82776,1.82811,1.00,1.37
2017.04.19 13:39:00.455,1.82773,1.82808,1.00,1.00
2017.04.19 13:39:01.303,1.82773,1.8281,1.00,1.00
2017.04.19 13:39:01.506,1.82771,1.8281,1.00,1.00
2017.04.19 13:39:02.180,1.82771,1.82791,1.00,1.87
2017.04.19 13:39:02.231,1.82771,1.82789,1.00,1.00
2017.04.19 13:39:02.282,1.82767,1.82793,1.00,1.00
2017.04.19 13:39:02.333,1.82767,1.82785,1.00,1.00
2017.04.19 13:39:02.525,1.82762,1.82793,1.37,1.00
2017.04.19 13:39:02.626,1.82765,1.82793,1.37,1.00
2017.04.19 13:39:02.929,1.82778,1.82811,1.00,1.00
2017.04.19 13:39:02.980,1.82773,1.82811,1.87,1.00
2017.04.19 13:39:03.233,1.82773,1.82809,1.00,1.00
2017.04.19 13:39:03.781,1.8277,1.82808,1.37,1.00
2017.04.19 13:39:04.084,1.82769,1.82804,1.37,1.00
2017.04.19 13:39:04.455,1.82764,1.82797,1.50,1.00
2017.04.19 13:39:04.506,1.82764,1.82799,1.12,1.34
2017.04.19 13:39:04.608,1.82758,1.82799,2.21,1.00
2017.04.19 13:39:04.659,1.82758,1.82801,2.21,1.00
2017.04.19 13:39:04.710,1.82758,1.828,1.71,1.00
2017.04.19 13:39:05.009,1.82768,1.82807,1.37,1.00
2017.04.19 13:39:05.311,1.82767,1.82805,1.37,1.00
2017.04.19 13:39:05.729,1.82767,1.82805,1.37,1.00
2017.04.19 13:39:06.506,1.82767,1.82804,1.37,1.00
2017.04.19 13:39:06.818,1.8277,1.82805,1.87,1.00
2017.04.19 13:39:06.868,1.8277,1.82807,2.62,1.00
2017.04.19 13:39:06.919,1.8277,1.8281,2.62,1.00
2017.04.19 13:39:07.431,1.82772,1.8281,1.37,1.50
2017.04.19 13:39:07.482,1.82773,1.82813,1.37,1.00
2017.04.19 13:39:07.533,1.82774,1.82814,1.87,1.00
2017.04.19 13:39:07.684,1.82775,1.82815,1.87,1.50
2017.04.19 13:39:07.785,1.82776,1.82816,1.37,1.00
2017.04.19 13:39:08.100,1.82779,1.82811,1.37,1.00
2017.04.19 13:39:08.151,1.82774,1.82812,2.62,1.00
2017.04.19 13:39:08.303,1.82774,1.82814,1.87,1.00
2017.04.19 13:39:08.922,1.82776,1.82816,1.37,1.50
2017.04.19 13:39:10.801,1.82778,1.82816,1.37,1.00
2017.04.19 13:39:10.851,1.82779,1.82818,1.37,1.50
2017.04.19 13:39:11.562,1.82781,1.82819,1.37,1.00
2017.04.19 13:39:11.613,1.82781,1.82817,1.37,1.00
2017.04.19 13:39:12.212,1.82781,1.82818,1.37,1.00
2017.04.19 13:39:13.015,1.82781,1.82819,1.37,1.00
2017.04.19 13:39:13.681,1.8278,1.82819,1.87,1.00
2017.04.19 13:39:14.045,1.82783,1.8282,1.37,1.50
2017.04.19 13:39:14.592,1.82783,1.82819,1.37,1.00
2017.04.19 13:39:15.199,1.8278,1.82819,1.87,1.00
2017.04.19 13:39:17.687,1.82781,1.82819,1.37,1.50
2017.04.19 13:39:17.839,1.82781,1.82816,1.37,1.00
2017.04.19 13:39:19.516,1.8278,1.82816,1.37,1.00
2017.04.19 13:39:19.567,1.8278,1.82818,1.37,1.50
2017.04.19 13:39:19.785,1.8278,1.82817,1.87,1.00
2017.04.19 13:39:19.948,1.8278,1.82817,1.87,1.00
2017.04.19 13:39:20.421,1.8278,1.82818,1.87,1.09
2017.04.19 13:39:20.475,1.8278,1.82816,1.87,1.00
2017.04.19 13:39:20.778,1.82776,1.82809,1.50,1.00
2017.04.19 13:39:20.829,1.82776,1.82811,1.37,1.00
2017.04.19 13:39:20.880,1.82776,1.82811,1.37,1.00
2017.04.19 13:39:20.931,1.82772,1.8281,1.37,1.00
2017.04.19 13:39:21.032,1.82769,1.82812,1.37,1.50
2017.04.19 13:39:21.133,1.82769,1.82812,1.37,1.50
2017.04.19 13:39:21.436,1.82772,1.82814,1.37,1.50
2017.04.19 13:39:21.938,1.82774,1.82814,1.37,1.00
2017.04.19 13:39:22.460,1.82772,1.82813,1.37,1.00
2017.04.19 13:39:23.257,1.82773,1.82814,1.37,1.00
2017.04.19 13:39:23.656,1.82773,1.82814,1.37,1.00
2017.04.19 13:39:24.507,1.82772,1.82813,1.37,1.00
2017.04.19 13:39:25.071,1.82772,1.82813,1.87,1.00
2017.04.19 13:39:26.194,1.82772,1.82813,3.37,1.00
2017.04.19 13:39:26.394,1.82775,1.82817,1.37,1.00
2017.04.19 13:39:27.756,1.82775,1.82817,1.37,1.00
2017.04.19 13:39:27.974,1.82775,1.82817,1.37,1.00
2017.04.19 13:39:28.651,1.82773,1.82815,1.37,1.00
2017.04.19 13:39:28.858,1.82773,1.82815,1.37,1.00
2017.04.19 13:39:29.120,1.82776,1.82817,1.87,1.00
2017.04.19 13:39:29.221,1.82779,1.82818,1.37,1.00
2017.04.19 13:39:30.760,1.82775,1.82817,1.87,1.00
2017.04.19 13:39:33.082,1.82775,1.82815,1.87,1.00
2017.04.19 13:39:33.233,1.82775,1.82816,1.37,1.00
2017.04.19 13:39:33.633,1.82773,1.82814,1.87,1.00
2017.04.19 13:39:34.058,1.82773,1.82816,1.37,1.00
2017.04.19 13:39:34.210,1.82773,1.82816,3.71,1.00
2017.04.19 13:39:34.866,1.82773,1.82816,1.87,1.00
2017.04.19 13:39:35.380,1.82773,1.82816,3.37,1.00
2017.04.19 13:39:35.711,1.82777,1.82816,1.87,1.00
2017.04.19 13:39:35.762,1.82775,1.82816,1.37,1.00
2017.04.19 13:39:36.620,1.82774,1.82816,1.87,1.00
2017.04.19 13:39:36.887,1.82774,1.82815,1.37,1.00
2017.04.19 13:39:37.409,1.82773,1.82814,1.37,1.00
2017.04.19 13:39:37.656,1.82773,1.82814,2.62,1.00
2017.04.19 13:39:37.808,1.82774,1.82817,1.37,1.50
2017.04.19 13:39:37.982,1.82776,1.82817,1.87,1.50
2017.04.19 13:39:38.033,1.82773,1.82817,2.62,1.50
2017.04.19 13:39:38.730,1.82773,1.82816,1.37,1.00
2017.04.19 13:39:38.968,1.82776,1.82817,1.37,1.50
2017.04.19 13:39:39.019,1.82776,1.82817,1.37,1.00
2017.04.19 13:39:39.561,1.82774,1.82816,1.37,1.50
2017.04.19 13:39:40.134,1.82774,1.82816,1.37,1.50
2017.04.19 13:39:40.649,1.82774,1.82816,1.37,1.50
2017.04.19 13:39:42.902,1.82781,1.82817,1.71,1.00
2017.04.19 13:39:43.054,1.82783,1.82825,1.37,1.00
2017.04.19 13:39:43.105,1.82783,1.82826,2.62,1.00
2017.04.19 13:39:43.609,1.82783,1.82827,2.62,1.50
2017.04.19 13:39:43.660,1.82783,1.82822,1.37,1.00
2017.04.19 13:39:43.761,1.82779,1.82816,1.46,1.00
2017.04.19 13:39:43.862,1.82773,1.82814,1.37,1.00
2017.04.19 13:39:44.776,1.82772,1.82813,2.62,1.00
2017.04.19 13:39:45.350,1.82772,1.82813,2.96,1.00
2017.04.19 13:39:48.345,1.82772,1.82811,1.37,1.00
2017.04.19 13:39:48.648,1.8277,1.82808,1.37,1.00
2017.04.19 13:39:48.699,1.8277,1.8281,1.37,1.00
2017.04.19 13:39:48.749,1.82767,1.82808,1.75,1.00
2017.04.19 13:39:49.241,1.82765,1.82804,1.37,1.00
2017.04.19 13:39:49.746,1.82762,1.82803,1.87,1.00
2017.04.19 13:39:50.253,1.8276,1.82803,1.37,1.00
2017.04.19 13:39:50.405,1.8276,1.82801,1.37,1.00
2017.04.19 13:39:53.364,1.8276,1.828,1.37,1.00
2017.04.19 13:39:56.571,1.82758,1.828,1.87,1.50
2017.04.19 13:39:59.413,1.8276,1.828,1.87,1.00
2017.04.19 13:39:59.525,1.82759,1.828,1.87,1.00
2017.04.19 13:39:59.859,1.8276,1.828,1.37,1.00
2017.04.19 13:39:59.960,1.8276,1.82798,1.37,1.00
2017.04.19 13:40:00.307,1.82759,1.828,1.37,1.00
2017.04.19 13:40:02.529,1.82759,1.828,2.62,1.00
2017.04.19 13:40:02.681,1.82759,1.828,1.37,1.00
2017.04.19 13:40:02.732,1.82759,1.82785,1.37,1.00
2017.04.19 13:40:02.783,1.82755,1.82785,1.00,1.00
2017.04.19 13:40:02.834,1.82754,1.82787,1.00,1.50
2017.04.19 13:40:02.884,1.82747,1.82782,1.37,1.00
2017.04.19 13:40:03.461,1.82749,1.82782,1.12,1.00
2017.04.19 13:40:03.672,1.82745,1.82782,1.37,1.00
2017.04.19 13:40:03.999,1.82745,1.82782,1.37,1.00
2017.04.19 13:40:04.100,1.82745,1.82784,1.37,1.00
2017.04.19 13:40:04.856,1.82749,1.82784,1.37,1.00
2017.04.19 13:40:05.237,1.82748,1.82788,1.87,1.00
2017.04.19 13:40:05.288,1.82753,1.82793,1.37,1.00
2017.04.19 13:40:05.541,1.82752,1.82793,1.87,1.00
2017.04.19 13:40:05.592,1.82754,1.82796,1.37,1.00
2017.04.19 13:40:05.643,1.82754,1.82796,1.37,1.09
2017.04.19 13:40:05.693,1.82754,1.82796,1.37,1.00
2017.04.19 13:40:06.025,1.82751,1.82792,1.37,1.00
2017.04.19 13:40:13.258,1.82751,1.82792,1.37,1.34
2017.04.19 13:40:13.636,1.82751,1.82792,1.37,1.09
2017.04.19 13:40:14.143,1.82752,1.82792,1.37,1.00
2017.04.19 13:40:14.731,1.8275,1.82792,1.37,1.00
2017.04.19 13:40:14.924,1.82757,1.82798,1.37,1.00
2017.04.19 13:40:14.987,1.8276,1.82802,1.37,1.34
2017.04.19 13:40:15.138,1.8276,1.82802,1.37,1.34
2017.04.19 13:40:15.451,1.82761,1.82803,1.37,1.00
2017.04.19 13:40:15.552,1.8276,1.82803,1.37,1.84
2017.04.19 13:40:15.654,1.8276,1.828,1.37,1.34
2017.04.19 13:40:15.973,1.8276,1.82797,1.37,1.34
2017.04.19 13:40:16.296,1.82757,1.82796,1.37,1.34
2017.04.19 13:40:16.992,1.82756,1.82793,1.37,1.34
2017.04.19 13:40:17.307,1.82754,1.82791,1.87,1.00
2017.04.19 13:40:17.680,1.82756,1.82793,1.37,1.00
2017.04.19 13:40:17.932,1.82759,1.82793,1.37,1.00
2017.04.19 13:40:18.111,1.82761,1.82798,1.37,1.00
2017.04.19 13:40:18.213,1.82766,1.82799,1.37,1.00
2017.04.19 13:40:18.314,1.82766,1.82803,1.37,1.00
2017.04.19 13:40:18.791,1.82765,1.82802,1.87,1.00
2017.04.19 13:40:18.892,1.82765,1.82802,1.37,1.00
2017.04.19 13:40:19.501,1.8276,1.82803,1.37,1.50
2017.04.19 13:40:21.729,1.8276,1.82803,3.37,1.50
2017.04.19 13:40:21.830,1.8276,1.82803,1.87,1.84
2017.04.19 13:40:21.881,1.8276,1.82794,1.37,1.34
2017.04.19 13:40:21.932,1.82757,1.82794,1.37,1.34
2017.04.19 13:40:22.033,1.8275,1.82791,1.37,1.50
2017.04.19 13:40:22.134,1.8275,1.82791,1.37,1.50
2017.04.19 13:40:22.437,1.82748,1.82788,1.87,1.00
2017.04.19 13:40:22.488,1.82747,1.82788,1.37,1.00
2017.04.19 13:40:23.509,1.82747,1.82788,1.37,1.00
2017.04.19 13:40:24.215,1.82748,1.82788,1.87,1.00
2017.04.19 13:40:24.637,1.82748,1.82786,1.87,1.00
2017.04.19 13:40:25.085,1.82744,1.82786,3.37,1.00
2017.04.19 13:40:25.237,1.82744,1.82784,2.62,1.00
2017.04.19 13:40:26.038,1.82744,1.82782,2.62,1.00
2017.04.19 13:40:27.460,1.82742,1.82782,2.96,1.00
2017.04.19 13:40:27.511,1.82741,1.82778,1.46,1.00
2017.04.19 13:40:27.858,1.82744,1.82778,1.87,1.00
2017.04.19 13:40:28.730,1.82739,1.82778,1.37,1.84
2017.04.19 13:40:28.832,1.82734,1.82771,1.87,1.00
2017.04.19 13:40:29.126,1.82734,1.82774,2.62,1.00
2017.04.19 13:40:29.227,1.82737,1.82774,1.87,1.00
2017.04.19 13:40:29.748,1.82736,1.82774,2.62,1.00
2017.04.19 13:40:29.799,1.82737,1.82777,1.71,1.00
2017.04.19 13:40:30.218,1.82753,1.82782,2.21,1.00
2017.04.19 13:40:30.322,1.82747,1.82788,2.21,1.00
2017.04.19 13:40:30.424,1.82748,1.82789,1.37,1.00
2017.04.19 13:40:30.526,1.82744,1.82782,2.21,1.00
2017.04.19 13:40:31.096,1.82742,1.82781,1.37,1.00
2017.04.19 13:40:31.913,1.82742,1.8278,1.37,1.00
2017.04.19 13:40:33.220,1.82747,1.82782,1.37,1.00
2017.04.19 13:40:33.271,1.82749,1.82782,1.87,1.00
2017.04.19 13:40:33.322,1.82751,1.82786,1.37,1.00
2017.04.19 13:40:33.500,1.82751,1.82791,1.37,1.00
2017.04.19 13:40:33.601,1.82751,1.82789,1.37,1.00
2017.04.19 13:40:34.107,1.82748,1.82788,2.96,1.00
2017.04.19 13:40:34.427,1.82748,1.82787,1.46,1.00
2017.04.19 13:40:34.600,1.82748,1.82785,1.37,1.00
2017.04.19 13:40:34.903,1.82745,1.82779,1.37,1.00
2017.04.19 13:40:35.240,1.8275,1.82782,1.37,1.00
2017.04.19 13:40:35.291,1.8275,1.82788,1.37,1.00
2017.04.19 13:40:36.564,1.82748,1.82788,2.62,1.50
2017.04.19 13:40:38.064,1.82751,1.8279,1.37,1.50
2017.04.19 13:40:38.480,1.8275,1.82787,1.37,1.00
2017.04.19 13:40:38.860,1.8275,1.82787,1.37,1.00
2017.04.19 13:40:38.911,1.8275,1.82787,1.37,1.50
2017.04.19 13:40:39.214,1.82752,1.8279,1.37,1.00
2017.04.19 13:40:39.970,1.8275,1.82787,1.87,1.00
2017.04.19 13:40:40.021,1.8275,1.82787,1.87,1.00
2017.04.19 13:40:40.324,1.8275,1.82787,1.37,1.00
2017.04.19 13:40:40.376,1.8275,1.82787,1.37,1.00
2017.04.19 13:40:40.427,1.8275,1.82787,1.37,1.00
2017.04.19 13:40:40.768,1.8275,1.82789,1.37,1.50
2017.04.19 13:40:41.362,1.82748,1.82788,2.62,1.00
2017.04.19 13:40:42.836,1.82748,1.82789,2.62,2.25
2017.04.19 13:40:44.819,1.82757,1.82789,1.87,1.00
2017.04.19 13:40:44.870,1.82757,1.82793,1.87,1.00
2017.04.19 13:40:44.921,1.82756,1.82794,1.87,1.50
2017.04.19 13:40:45.022,1.82758,1.82796,1.37,1.00
2017.04.19 13:40:45.123,1.82761,1.82799,1.37,1.00
2017.04.19 13:40:45.518,1.82762,1.828,1.37,1.00
2017.04.19 13:40:45.716,1.82762,1.82801,1.37,1.50
2017.04.19 13:40:45.879,1.82764,1.82802,1.37,1.50
2017.04.19 13:40:46.031,1.82764,1.82801,1.37,1.00
2017.04.19 13:40:46.082,1.82764,1.82801,1.37,1.00
2017.04.19 13:40:46.132,1.82765,1.82803,1.37,1.50
2017.04.19 13:40:46.351,1.82765,1.82803,1.37,1.00
2017.04.19 13:40:47.112,1.82765,1.82802,1.37,1.00
2017.04.19 13:40:47.527,1.82765,1.82802,1.37,1.00
2017.04.19 13:40:47.830,1.82765,1.82805,1.37,1.50
2017.04.19 13:40:48.084,1.82765,1.82803,1.37,1.00
2017.04.19 13:40:48.807,1.82766,1.82804,1.46,1.50
2017.04.19 13:40:49.387,1.82766,1.82803,1.37,1.50
2017.04.19 13:40:50.767,1.82766,1.82803,1.37,1.50
2017.04.19 13:40:51.679,1.82766,1.82804,1.37,1.50
2017.04.19 13:40:51.841,1.82766,1.82806,1.37,1.50
2017.04.19 13:40:52.123,1.82766,1.82803,1.37,1.00
2017.04.19 13:40:52.618,1.82766,1.82802,1.37,1.00
2017.04.19 13:40:52.669,1.82766,1.82799,1.37,1.00
2017.04.19 13:40:52.987,1.82759,1.82795,1.37,1.50
2017.04.19 13:40:53.241,1.82759,1.82794,1.37,1.00
2017.04.19 13:40:53.392,1.82762,1.82794,1.37,1.00
2017.04.19 13:40:53.914,1.82762,1.82795,1.37,1.00
2017.04.19 13:40:53.965,1.82762,1.82794,1.37,1.00
2017.04.19 13:40:54.016,1.82762,1.82794,1.12,1.00
2017.04.19 13:40:54.260,1.82766,1.82794,1.12,1.00
2017.04.19 13:40:54.483,1.82766,1.828,1.37,1.00
2017.04.19 13:40:54.539,1.82766,1.82804,1.37,1.09
2017.04.19 13:40:54.749,1.82766,1.82801,1.37,1.00
2017.04.19 13:40:55.260,1.82765,1.828,1.87,1.00
2017.04.19 13:40:55.860,1.82773,1.82805,1.37,1.00
2017.04.19 13:40:56.437,1.82769,1.82805,1.87,1.00
2017.04.19 13:40:56.790,1.82769,1.82807,1.87,1.00
2017.04.19 13:40:57.384,1.82769,1.82806,1.87,1.00
2017.04.19 13:40:57.697,1.8277,1.82806,1.37,1.00
2017.04.19 13:40:57.748,1.82772,1.82808,1.12,1.00
2017.04.19 13:40:57.849,1.82775,1.82808,1.00,1.00
2017.04.19 13:40:58.354,1.82774,1.82808,1.00,1.00
2017.04.19 13:40:58.870,1.82775,1.82808,1.00,1.00
2017.04.19 13:40:58.921,1.82773,1.82808,1.00,1.50
2017.04.19 13:40:59.022,1.82769,1.82807,1.37,1.00
2017.04.19 13:40:59.124,1.82769,1.82806,1.37,1.00
2017.04.19 13:40:59.378,1.82772,1.82808,1.50,1.00
2017.04.19 13:40:59.705,1.82774,1.82808,1.37,1.00
2017.04.19 13:41:00.638,1.82774,1.82808,1.50,1.00
2017.04.19 13:41:01.280,1.82774,1.82809,1.00,1.00
2017.04.19 13:41:01.842,1.82773,1.82808,1.12,1.00
2017.04.19 13:41:02.458,1.82774,1.82808,1.87,1.00
2017.04.19 13:41:03.265,1.82774,1.82808,1.87,1.00
2017.04.19 13:41:03.366,1.82774,1.82808,1.37,1.09
2017.04.19 13:41:03.631,1.82773,1.82808,1.12,1.34
2017.04.19 13:41:03.732,1.8277,1.82808,1.37,1.09
2017.04.19 13:41:03.909,1.8277,1.82804,1.37,1.34
2017.04.19 13:41:03.960,1.82768,1.82804,1.87,1.09
2017.04.19 13:41:04.011,1.82768,1.82804,1.87,1.09
2017.04.19 13:41:04.213,1.82768,1.82804,1.87,1.34
2017.04.19 13:41:04.314,1.82769,1.82804,1.37,1.09
2017.04.19 13:41:04.516,1.82768,1.82804,1.37,1.34
2017.04.19 13:41:04.617,1.82768,1.82804,1.37,1.09
2017.04.19 13:41:04.799,1.8277,1.82804,1.37,1.00
2017.04.19 13:41:04.900,1.82772,1.82807,1.37,1.00
2017.04.19 13:41:05.052,1.82776,1.82808,1.37,1.00
2017.04.19 13:41:05.335,1.82775,1.82808,1.12,1.00
2017.04.19 13:41:05.386,1.82774,1.82805,1.00,1.00
2017.04.19 13:41:05.689,1.82777,1.82804,1.37,1.00
2017.04.19 13:41:05.790,1.8278,1.8281,1.00,1.00
2017.04.19 13:41:05.891,1.8278,1.82812,1.00,1.00
2017.04.19 13:41:06.433,1.82779,1.8281,1.00,1.00
2017.04.19 13:41:06.620,1.82777,1.8281,1.87,1.00
2017.04.19 13:41:07.755,1.82777,1.82811,1.12,1.00
2017.04.19 13:41:08.209,1.82777,1.82809,1.87,1.00
2017.04.19 13:41:08.657,1.82777,1.82811,1.12,1.00
2017.04.19 13:41:09.108,1.82778,1.82812,1.87,1.00
2017.04.19 13:41:09.462,1.8278,1.82815,1.37,1.00
2017.04.19 13:41:09.564,1.8278,1.82813,1.37,1.00
2017.04.19 13:41:10.122,1.82782,1.82816,1.37,1.00
2017.04.19 13:41:10.526,1.82783,1.82816,1.37,1.00
2017.04.19 13:41:10.759,1.82782,1.82818,1.37,1.00
2017.04.19 13:41:10.913,1.82782,1.82818,1.37,1.37
2017.04.19 13:41:12.216,1.82783,1.82816,1.00,1.46
2017.04.19 13:41:12.267,1.8278,1.82815,1.00,1.34
2017.04.19 13:41:12.318,1.8278,1.82814,1.00,1.09
2017.04.19 13:41:12.851,1.82779,1.82816,1.87,2.21
2017.04.19 13:41:13.269,1.82781,1.82816,1.37,1.12
2017.04.19 13:41:13.320,1.82781,1.82816,1.37,1.46
2017.04.19 13:41:13.371,1.82781,1.82816,1.00,1.12
2017.04.19 13:41:13.422,1.8278,1.82816,1.00,2.21
2017.04.19 13:41:13.473,1.8278,1.82816,1.00,1.87
2017.04.19 13:41:13.524,1.82781,1.82816,1.00,2.21
2017.04.19 13:41:13.676,1.82782,1.82817,1.37,1.46
2017.04.19 13:41:14.218,1.8278,1.82817,1.37,1.71
2017.04.19 13:41:14.406,1.8278,1.82817,1.00,1.37
2017.04.19 13:41:14.456,1.82782,1.82817,1.00,1.37
2017.04.19 13:41:14.821,1.82782,1.82813,1.00,1.00
2017.04.19 13:41:15.332,1.82781,1.82814,1.50,1.12
2017.04.19 13:41:15.658,1.82781,1.82812,1.00,1.09
2017.04.19 13:41:15.911,1.82773,1.82806,1.87,1.00
2017.04.19 13:41:15.962,1.82777,1.82806,1.00,1.00
2017.04.19 13:41:16.118,1.82777,1.82808,1.00,1.00
2017.04.19 13:41:16.171,1.82774,1.8281,1.00,1.00
2017.04.19 13:41:16.421,1.82776,1.82811,1.00,1.50
2017.04.19 13:41:17.206,1.82777,1.82812,1.00,1.37
2017.04.19 13:41:18.617,1.82775,1.82812,1.87,1.46
2017.04.19 13:41:18.718,1.82775,1.82809,1.50,1.00
2017.04.19 13:41:19.418,1.82774,1.82808,1.87,1.00
2017.04.19 13:41:19.770,1.82776,1.82808,1.00,1.00
2017.04.19 13:41:20.071,1.82776,1.8281,1.00,1.00
2017.04.19 13:41:20.579,1.82775,1.82811,1.37,1.12
2017.04.19 13:41:20.630,1.82777,1.82811,1.37,1.12
2017.04.19 13:41:20.962,1.82784,1.82818,1.00,1.00
2017.04.19 13:41:21.245,1.82784,1.82822,1.00,1.34
2017.04.19 13:41:21.397,1.82785,1.82821,1.87,1.09
2017.04.19 13:41:21.498,1.82788,1.82823,1.00,1.00
2017.04.19 13:41:21.649,1.82791,1.82822,1.00,1.00
2017.04.19 13:41:21.700,1.82791,1.82825,1.00,1.87
2017.04.19 13:41:22.174,1.82791,1.82823,1.00,1.00
2017.04.19 13:41:22.624,1.82789,1.82823,1.50,1.00
2017.04.19 13:41:23.130,1.82789,1.82824,1.50,1.50
2017.04.19 13:41:23.181,1.82791,1.82824,1.00,1.00
2017.04.19 13:41:23.778,1.82791,1.82822,1.00,1.00
2017.04.19 13:41:24.861,1.8279,1.82822,1.50,1.00
2017.04.19 13:41:25.678,1.8279,1.82823,1.00,1.00
2017.04.19 13:41:26.503,1.82789,1.82823,1.00,2.59
2017.04.19 13:41:26.554,1.82784,1.82823,1.50,1.34
2017.04.19 13:41:26.706,1.82782,1.82815,1.37,1.00
2017.04.19 13:41:27.233,1.82782,1.82815,1.12,1.00
2017.04.19 13:41:27.588,1.82782,1.82815,1.37,1.00
2017.04.19 13:41:27.689,1.82782,1.82818,1.37,1.00
2017.04.19 13:41:28.023,1.82782,1.82815,1.00,1.00
2017.04.19 13:41:28.588,1.82781,1.82815,1.00,1.00
2017.04.19 13:41:28.893,1.82784,1.82819,1.37,1.00
2017.04.19 13:41:29.254,1.82784,1.82822,1.37,1.34
2017.04.19 13:41:29.305,1.82784,1.82822,1.12,1.00
2017.04.19 13:41:29.419,1.82784,1.8282,1.37,1.00
2017.04.19 13:41:29.521,1.82784,1.8282,1.12,1.00
2017.04.19 13:41:29.723,1.82784,1.82822,1.12,1.00
2017.04.19 13:41:29.824,1.82784,1.82822,1.37,1.00
2017.04.19 13:41:29.925,1.82784,1.82822,1.12,1.00
2017.04.19 13:41:30.027,1.82784,1.82821,1.37,1.00
2017.04.19 13:41:30.331,1.82781,1.82815,1.00,1.84
2017.04.19 13:41:30.484,1.82774,1.82807,1.12,1.00
2017.04.19 13:41:30.585,1.82773,1.82807,1.37,1.00
2017.04.19 13:41:30.889,1.82777,1.82813,1.37,1.00
2017.04.19 13:41:31.430,1.82778,1.82813,1.37,1.00
2017.04.19 13:41:31.738,1.82779,1.82813,1.37,1.00
2017.04.19 13:41:31.840,1.82782,1.82816,1.37,1.00
2017.04.19 13:41:31.891,1.82782,1.82816,1.37,1.00
2017.04.19 13:41:31.941,1.82781,1.82816,1.37,1.00
2017.04.19 13:41:31.992,1.82781,1.8282,1.37,1.34
2017.04.19 13:41:32.144,1.82781,1.8282,1.37,1.34
2017.04.19 13:41:32.568,1.82784,1.82818,1.37,1.00
2017.04.19 13:41:32.619,1.82784,1.82821,1.37,1.00
2017.04.19 13:41:33.772,1.82785,1.82821,1.37,1.00
2017.04.19 13:41:33.924,1.82785,1.82821,1.37,1.00
2017.04.19 13:41:34.439,1.82785,1.82819,1.00,1.09
2017.04.19 13:41:34.850,1.82785,1.82811,1.00,1.00
2017.04.19 13:41:34.902,1.82774,1.82811,1.37,1.00
2017.04.19 13:41:36.122,1.82775,1.82811,1.87,1.00
2017.04.19 13:41:37.293,1.82775,1.82814,1.87,1.00
2017.04.19 13:41:38.503,1.82775,1.82814,1.87,1.00
2017.04.19 13:41:38.853,1.82777,1.82815,1.37,1.00
2017.04.19 13:41:39.133,1.82777,1.82815,1.37,1.00
2017.04.19 13:41:39.303,1.82778,1.82815,1.37,1.00
2017.04.19 13:41:39.509,1.82778,1.82818,1.37,1.00
2017.04.19 13:41:40.585,1.82779,1.82818,1.37,1.00
2017.04.19 13:41:40.908,1.82778,1.82818,1.37,1.00
2017.04.19 13:41:40.959,1.82777,1.82816,1.37,1.34
2017.04.19 13:41:41.310,1.82775,1.82815,1.37,1.00
2017.04.19 13:41:41.361,1.82774,1.82807,1.37,1.00
2017.04.19 13:41:41.959,1.82772,1.82807,1.37,1.00
2017.04.19 13:41:42.010,1.82766,1.82807,1.87,1.00
2017.04.19 13:41:42.061,1.82765,1.82804,1.87,1.00
2017.04.19 13:41:42.692,1.82767,1.82804,1.37,1.00
2017.04.19 13:41:43.004,1.82782,1.82804,1.37,1.00
2017.04.19 13:41:43.055,1.82782,1.82812,1.37,1.00
2017.04.19 13:41:43.105,1.82787,1.82812,1.37,1.00
2017.04.19 13:41:43.157,1.8279,1.82824,1.37,1.00
2017.04.19 13:41:43.208,1.82792,1.82825,1.37,1.00
2017.04.19 13:41:43.259,1.82792,1.8283,1.37,1.50
2017.04.19 13:41:45.224,1.82792,1.8283,1.71,1.00
2017.04.19 13:41:45.325,1.82797,1.82837,1.37,1.00
2017.04.19 13:41:45.426,1.828,1.8284,1.37,1.00
2017.04.19 13:41:46.062,1.82803,1.8284,1.37,1.00
2017.04.19 13:41:46.213,1.82801,1.8284,1.37,1.00
2017.04.19 13:41:46.638,1.82803,1.8284,1.37,1.00
2017.04.19 13:41:46.956,1.82806,1.82841,1.87,1.00
2017.04.19 13:41:47.525,1.82807,1.82841,1.37,1.00
2017.04.19 13:41:50.955,1.82807,1.8284,1.37,1.00
2017.04.19 13:41:51.167,1.82807,1.8284,1.37,1.00
2017.04.19 13:41:51.443,1.82807,1.82841,1.37,1.00
2017.04.19 13:41:52.160,1.82807,1.82841,1.37,1.00
2017.04.19 13:41:52.363,1.82807,1.82843,1.87,1.00
2017.04.19 13:41:52.666,1.82807,1.82847,1.87,1.00
2017.04.19 13:41:52.963,1.82808,1.82845,1.37,1.00
2017.04.19 13:41:53.726,1.82808,1.82844,1.37,1.00
2017.04.19 13:41:54.228,1.82807,1.82845,1.37,1.00
2017.04.19 13:41:55.344,1.82808,1.82843,1.37,1.00
2017.04.19 13:41:56.186,1.82808,1.82844,1.87,1.00
2017.04.19 13:41:56.708,1.82809,1.82844,1.37,1.00
2017.04.19 13:41:58.501,1.82814,1.82844,1.37,1.00
2017.04.19 13:41:58.551,1.82812,1.82851,1.37,1.00
2017.04.19 13:41:58.602,1.82815,1.82851,1.37,1.00
2017.04.19 13:41:58.854,1.82816,1.82854,1.37,1.00
2017.04.19 13:41:58.965,1.82816,1.82854,1.37,1.00
2017.04.19 13:41:59.497,1.82817,1.82853,1.37,1.00
2017.04.19 13:41:59.951,1.82819,1.82856,1.87,1.00
2017.04.19 13:42:00.277,1.8282,1.82857,1.37,1.00
2017.04.19 13:42:00.807,1.8282,1.82857,1.37,1.00
2017.04.19 13:42:01.164,1.82822,1.82859,1.37,1.00
2017.04.19 13:42:01.675,1.82822,1.82859,1.37,1.00
2017.04.19 13:42:01.777,1.82823,1.82857,1.37,1.00
2017.04.19 13:42:01.970,1.82823,1.82859,1.37,1.00
2017.04.19 13:42:02.342,1.82823,1.82857,1.87,1.00
2017.04.19 13:42:02.494,1.82822,1.82857,1.12,1.00
2017.04.19 13:42:02.710,1.82821,1.82852,1.37,1.00
2017.04.19 13:42:03.297,1.82816,1.82852,1.87,1.00
2017.04.19 13:42:03.348,1.82817,1.82852,1.37,1.00
2017.04.19 13:42:03.450,1.82815,1.8285,1.37,1.00
2017.04.19 13:42:03.753,1.82807,1.82842,1.87,1.00
2017.04.19 13:42:03.935,1.82807,1.82842,1.87,1.00
2017.04.19 13:42:04.466,1.82808,1.82842,1.37,1.00
2017.04.19 13:42:04.819,1.82808,1.82843,1.00,1.34
2017.04.19 13:42:04.870,1.82803,1.82839,1.37,1.00
2017.04.19 13:42:04.973,1.82803,1.82839,1.37,1.00
2017.04.19 13:42:05.343,1.82803,1.82833,1.37,1.00
2017.04.19 13:42:05.395,1.82799,1.82832,1.37,1.00
2017.04.19 13:42:05.496,1.82799,1.82832,1.37,1.00
2017.04.19 13:42:05.813,1.82803,1.82836,1.87,1.00
2017.04.19 13:42:06.042,1.82803,1.82839,1.87,1.00
2017.04.19 13:42:06.359,1.82804,1.82839,1.37,1.00
2017.04.19 13:42:06.410,1.828,1.82839,1.37,1.00
2017.04.19 13:42:06.461,1.82802,1.82831,1.37,1.00
2017.04.19 13:42:06.562,1.82801,1.82835,1.37,1.00
2017.04.19 13:42:06.663,1.82803,1.82837,1.37,1.00
2017.04.19 13:42:06.875,1.82802,1.82839,1.87,1.00
2017.04.19 13:42:07.380,1.82805,1.82836,1.37,1.00
2017.04.19 13:42:07.544,1.82805,1.82838,1.37,1.00
2017.04.19 13:42:08.531,1.82805,1.82838,1.37,1.00
2017.04.19 13:42:08.869,1.82807,1.82838,1.37,1.00
2017.04.19 13:42:08.970,1.82807,1.8284,1.87,1.00
2017.04.19 13:42:09.156,1.82809,1.82843,1.37,1.00
2017.04.19 13:42:09.845,1.8281,1.82843,1.37,1.00
2017.04.19 13:42:09.895,1.82811,1.82843,1.37,1.00
2017.04.19 13:42:09.946,1.82813,1.82843,1.37,1.00
2017.04.19 13:42:10.048,1.82817,1.8285,1.37,1.00
2017.04.19 13:42:10.250,1.82818,1.82852,1.37,1.00
2017.04.19 13:42:10.351,1.82818,1.82845,1.00,1.00
2017.04.19 13:42:10.589,1.82816,1.8285,1.37,1.00
2017.04.19 13:42:11.109,1.82817,1.8285,1.87,1.00
2017.04.19 13:42:11.260,1.82814,1.82844,1.00,1.00
2017.04.19 13:42:11.462,1.82815,1.82852,1.87,1.00
2017.04.19 13:42:12.710,1.82816,1.82852,1.37,1.00
2017.04.19 13:42:13.234,1.82818,1.82852,1.12,1.00
2017.04.19 13:42:14.954,1.82816,1.82853,1.87,1.00
2017.04.19 13:42:15.005,1.82816,1.82853,1.87,1.00
2017.04.19 13:42:15.351,1.8282,1.82854,1.37,1.00
2017.04.19 13:42:15.655,1.8282,1.82857,1.37,1.00
2017.04.19 13:42:16.188,1.8282,1.82857,1.87,1.00
2017.04.19 13:42:18.470,1.82821,1.82858,1.37,1.00
2017.04.19 13:42:18.820,1.82821,1.82858,1.37,1.00
2017.04.19 13:42:18.972,1.82821,1.82854,1.12,1.00
2017.04.19 13:42:19.325,1.82819,1.82855,1.00,1.34
2017.04.19 13:42:19.376,1.82813,1.82849,1.37,1.00
2017.04.19 13:42:19.801,1.82817,1.82852,1.37,1.00
2017.04.19 13:42:19.854,1.82815,1.82852,1.37,1.00
2017.04.19 13:42:20.006,1.82815,1.82854,1.37,1.00
2017.04.19 13:42:20.532,1.82821,1.82854,1.37,1.00
2017.04.19 13:42:20.583,1.82821,1.8286,1.87,1.00
2017.04.19 13:42:20.684,1.82823,1.82862,1.87,1.00
2017.04.19 13:42:20.789,1.82823,1.82862,1.12,1.00
2017.04.19 13:42:20.839,1.82821,1.8286,1.00,1.00
2017.04.19 13:42:20.890,1.82818,1.8286,1.37,1.50
2017.04.19 13:42:20.941,1.82817,1.82857,1.37,1.00
2017.04.19 13:42:21.266,1.82815,1.82852,1.37,1.00
2017.04.19 13:42:21.804,1.82814,1.82852,1.37,1.00
2017.04.19 13:42:22.107,1.8282,1.8285,1.37,1.00
2017.04.19 13:42:22.208,1.8282,1.82853,1.37,1.00
2017.04.19 13:42:22.543,1.8282,1.82853,1.37,1.00
2017.04.19 13:42:22.594,1.82819,1.82855,1.37,1.00
2017.04.19 13:42:22.796,1.82826,1.82863,1.37,1.00
2017.04.19 13:42:22.897,1.82827,1.82862,1.12,1.00
2017.04.19 13:42:23.140,1.82822,1.82858,1.37,1.00
2017.04.19 13:42:23.443,1.82821,1.82856,1.37,1.00
2017.04.19 13:42:24.003,1.8282,1.82857,1.87,1.00
2017.04.19 13:42:28.918,1.82823,1.82856,1.87,1.00
2017.04.19 13:42:29.221,1.82821,1.82844,1.00,1.00
2017.04.19 13:42:29.373,1.82821,1.82846,1.00,1.00
2017.04.19 13:42:29.424,1.82812,1.82846,1.37,1.00
2017.04.19 13:42:29.525,1.8281,1.82846,1.37,1.00
2017.04.19 13:42:29.576,1.82813,1.8285,1.37,1.00
2017.04.19 13:42:29.677,1.82814,1.82848,1.12,1.00
2017.04.19 13:42:30.104,1.82806,1.82848,1.87,1.34
2017.04.19 13:42:30.155,1.82806,1.82848,1.87,1.34
2017.04.19 13:42:30.206,1.82804,1.8284,1.37,1.00
2017.04.19 13:42:30.510,1.82808,1.8284,1.37,1.00
2017.04.19 13:42:30.611,1.82811,1.82843,1.37,1.00
2017.04.19 13:42:30.713,1.82812,1.82845,1.12,1.00
2017.04.19 13:42:30.764,1.82812,1.82845,1.37,1.00
2017.04.19 13:42:30.814,1.82812,1.82847,1.37,1.00
2017.04.19 13:42:31.075,1.82814,1.82849,1.87,1.00
2017.04.19 13:42:31.619,1.82814,1.8285,1.37,1.00
2017.04.19 13:42:31.670,1.82814,1.8285,1.12,1.00
2017.04.19 13:42:31.721,1.82816,1.8285,1.00,1.00
2017.04.19 13:42:31.922,1.82815,1.82853,1.00,1.00
2017.04.19 13:42:32.176,1.82814,1.8285,1.50,1.00
2017.04.19 13:42:32.277,1.82815,1.82853,1.50,1.00
2017.04.19 13:42:32.648,1.82817,1.82853,1.00,1.00
2017.04.19 13:42:32.971,1.82821,1.82855,1.37,1.00
2017.04.19 13:42:33.022,1.82822,1.82856,1.00,1.00
2017.04.19 13:42:33.224,1.82822,1.82854,1.00,1.00
2017.04.19 13:42:33.276,1.8282,1.82854,1.12,1.00
2017.04.19 13:42:33.327,1.8281,1.82852,1.87,1.00
2017.04.19 13:42:33.579,1.82813,1.8285,1.37,1.00
2017.04.19 13:42:33.781,1.82815,1.82853,1.37,1.00
2017.04.19 13:42:34.395,1.82816,1.82853,1.37,1.00
2017.04.19 13:42:35.028,1.82816,1.82854,1.37,1.00
2017.04.19 13:42:36.112,1.82816,1.82854,1.37,1.00
2017.04.19 13:42:36.294,1.82812,1.82854,1.37,1.00
2017.04.19 13:42:36.345,1.82807,1.82843,1.87,1.00
2017.04.19 13:42:36.855,1.82808,1.82842,1.37,1.00
2017.04.19 13:42:36.956,1.82809,1.82844,1.37,1.00
2017.04.19 13:42:37.007,1.82809,1.82843,1.87,1.00
2017.04.19 13:42:37.718,1.82811,1.82845,1.37,1.00
2017.04.19 13:42:38.155,1.8281,1.82845,1.37,1.00
2017.04.19 13:42:38.706,1.82812,1.82844,1.37,1.00
2017.04.19 13:42:39.336,1.82813,1.82844,1.12,1.00
2017.04.19 13:42:39.864,1.82813,1.82844,1.37,1.00
2017.04.19 13:42:40.387,1.82811,1.82844,1.87,1.00
2017.04.19 13:42:41.939,1.82811,1.82844,1.37,1.00
2017.04.19 13:42:42.040,1.82812,1.82847,1.00,1.00
2017.04.19 13:42:42.091,1.82811,1.82841,1.00,1.00
2017.04.19 13:42:42.141,1.82805,1.82841,1.37,1.00
2017.04.19 13:42:42.192,1.82805,1.82833,1.00,1.00
2017.04.19 13:42:42.538,1.82797,1.82831,1.37,1.00
2017.04.19 13:42:43.092,1.82797,1.8283,1.37,1.00
2017.04.19 13:42:44.619,1.82799,1.82833,1.37,1.00
2017.04.19 13:42:45.312,1.82797,1.8283,1.37,1.00
2017.04.19 13:42:45.585,1.82795,1.8283,1.37,1.00
2017.04.19 13:42:46.117,1.82798,1.82831,1.87,1.00
2017.04.19 13:42:49.913,1.82799,1.82833,1.37,1.00
2017.04.19 13:42:50.163,1.828,1.82833,1.37,1.00
2017.04.19 13:42:50.599,1.82798,1.82833,1.87,1.00
2017.04.19 13:42:50.933,1.82807,1.82834,1.37,1.00
2017.04.19 13:42:50.986,1.82808,1.8284,1.37,1.00
2017.04.19 13:42:51.037,1.82808,1.8284,1.37,1.00
2017.04.19 13:42:51.138,1.8281,1.82843,1.37,1.00
2017.04.19 13:42:52.431,1.8281,1.82844,1.87,1.00
2017.04.19 13:42:52.690,1.8281,1.82842,1.87,1.00
2017.04.19 13:42:52.893,1.82809,1.82841,1.37,1.00
2017.04.19 13:42:53.415,1.82806,1.8284,1.87,1.00
2017.04.19 13:42:54.177,1.82807,1.8284,1.37,1.00
2017.04.19 13:43:00.632,1.82807,1.82841,1.87,1.00
2017.04.19 13:43:01.419,1.82808,1.82841,1.37,1.00
2017.04.19 13:43:01.513,1.82808,1.82841,1.37,1.00
2017.04.19 13:43:01.614,1.82807,1.82839,1.87,1.00
2017.04.19 13:43:02.784,1.82807,1.82839,1.87,1.00
2017.04.19 13:43:04.797,1.82809,1.82839,1.37,1.00
2017.04.19 13:43:04.979,1.82809,1.82842,1.37,1.00
2017.04.19 13:43:05.738,1.82808,1.82839,1.37,1.00
2017.04.19 13:43:06.246,1.82807,1.8284,1.37,1.00
2017.04.19 13:43:06.379,1.82807,1.8284,1.12,1.00
2017.04.19 13:43:08.920,1.82807,1.82839,1.12,1.00
2017.04.19 13:43:09.965,1.82807,1.8284,1.12,1.00
2017.04.19 13:43:10.167,1.82807,1.82837,1.00,1.00
2017.04.19 13:43:10.217,1.82804,1.82837,1.00,1.00
2017.04.19 13:43:10.268,1.82801,1.82831,1.37,1.00
2017.04.19 13:43:11.130,1.82796,1.8283,1.37,1.00
2017.04.19 13:43:11.443,1.82797,1.82832,1.37,1.00
2017.04.19 13:43:12.749,1.82796,1.8283,1.87,1.00
2017.04.19 13:43:13.316,1.82797,1.82829,1.37,1.00
2017.04.19 13:43:13.367,1.82804,1.82835,1.37,1.00
2017.04.19 13:43:13.771,1.82804,1.82836,1.37,1.00
2017.04.19 13:43:14.113,1.82803,1.82836,1.37,1.00
2017.04.19 13:43:14.164,1.82803,1.82839,1.37,1.00
2017.04.19 13:43:14.265,1.82803,1.82837,1.37,1.00
2017.04.19 13:43:16.137,1.82802,1.82835,1.37,1.00
2017.04.19 13:43:17.064,1.82802,1.82835,1.37,1.00
2017.04.19 13:43:17.115,1.82801,1.82835,1.37,1.00
2017.04.19 13:43:17.166,1.82798,1.8283,1.37,1.00
2017.04.19 13:43:17.217,1.82798,1.8283,1.37,1.00
2017.04.19 13:43:17.268,1.82796,1.82828,1.37,1.00
2017.04.19 13:43:17.571,1.82794,1.82828,1.87,1.00
2017.04.19 13:43:18.095,1.82794,1.82828,1.87,1.00
2017.04.19 13:43:18.147,1.82796,1.8283,1.37,1.00
2017.04.19 13:43:18.349,1.82795,1.82827,1.87,1.00
2017.04.19 13:43:18.551,1.82797,1.82831,1.37,1.00
2017.04.19 13:43:18.854,1.82796,1.82831,1.87,1.00
2017.04.19 13:43:19.145,1.82796,1.82828,1.37,1.00
2017.04.19 13:43:19.297,1.82794,1.82828,1.37,1.00
2017.04.19 13:43:19.348,1.82794,1.82826,1.37,1.00
2017.04.19 13:43:19.673,1.82791,1.82824,1.37,1.00
2017.04.19 13:43:19.774,1.82784,1.82819,1.87,1.00
2017.04.19 13:43:19.825,1.82781,1.82819,1.37,1.00
2017.04.19 13:43:19.876,1.82781,1.82815,1.37,1.00
2017.04.19 13:43:19.927,1.8278,1.82815,1.00,1.00
2017.04.19 13:43:19.977,1.8278,1.82811,1.00,1.00
2017.04.19 13:43:20.129,1.82772,1.82811,1.37,1.00
2017.04.19 13:43:20.281,1.82772,1.82807,1.37,1.00
2017.04.19 13:43:20.864,1.82773,1.8281,1.37,1.00
2017.04.19 13:43:20.915,1.82775,1.8281,1.87,1.00
2017.04.19 13:43:20.965,1.82776,1.82813,1.37,1.00
2017.04.19 13:43:21.067,1.82776,1.82813,1.12,1.00
2017.04.19 13:43:21.168,1.82771,1.82807,1.37,1.00
2017.04.19 13:43:21.370,1.82772,1.82809,1.37,1.00
2017.04.19 13:43:21.421,1.82772,1.82809,1.37,1.00
2017.04.19 13:43:21.522,1.8277,1.82809,1.37,1.00
2017.04.19 13:43:21.574,1.8277,1.82806,1.37,1.00
2017.04.19 13:43:21.925,1.82767,1.82802,1.87,1.00
2017.04.19 13:43:22.353,1.82767,1.828,1.87,1.00
2017.04.19 13:43:22.676,1.82766,1.82798,1.87,1.00
2017.04.19 13:43:22.777,1.82766,1.82798,1.37,1.00
2017.04.19 13:43:22.979,1.82764,1.82795,1.37,1.00
2017.04.19 13:43:23.159,1.82763,1.82795,1.37,1.00
2017.04.19 13:43:23.815,1.82764,1.82796,1.37,1.00
2017.04.19 13:43:24.140,1.82763,1.82794,1.37,1.00
2017.04.19 13:43:24.740,1.82764,1.82797,1.37,1.00
2017.04.19 13:43:25.367,1.82766,1.82797,1.37,1.00
2017.04.19 13:43:25.418,1.82766,1.82799,1.87,1.00
2017.04.19 13:43:25.468,1.82767,1.82799,1.37,1.00
2017.04.19 13:43:25.570,1.82766,1.828,1.37,1.00
2017.04.19 13:43:25.974,1.82765,1.82798,1.37,1.00
2017.04.19 13:43:26.373,1.82765,1.82797,1.37,1.00
2017.04.19 13:43:26.475,1.82764,1.82801,1.37,1.00
2017.04.19 13:43:26.576,1.82764,1.82799,1.37,1.00
2017.04.19 13:43:27.160,1.82763,1.82799,1.87,1.00
2017.04.19 13:43:27.600,1.8277,1.82803,1.37,1.00
2017.04.19 13:43:27.803,1.82774,1.82811,1.37,1.00
2017.04.19 13:43:28.379,1.82775,1.82811,1.87,1.00
2017.04.19 13:43:29.108,1.82776,1.82814,1.87,1.00
2017.04.19 13:43:29.264,1.82778,1.82811,1.00,1.00
2017.04.19 13:43:29.806,1.82777,1.82814,1.12,1.00
2017.04.19 13:43:30.206,1.82778,1.82809,1.37,1.00
2017.04.19 13:43:30.386,1.82775,1.82811,1.37,1.00
2017.04.19 13:43:30.639,1.82777,1.82811,1.37,1.00
2017.04.19 13:43:31.055,1.82777,1.82811,1.37,1.00
2017.04.19 13:43:31.206,1.82779,1.82813,1.37,1.00
2017.04.19 13:43:31.358,1.82779,1.82813,1.37,1.00
2017.04.19 13:43:31.680,1.82782,1.82819,1.37,1.00
2017.04.19 13:43:32.338,1.82783,1.82819,1.37,1.00
2017.04.19 13:43:32.641,1.82783,1.82816,1.37,1.00
2017.04.19 13:43:32.875,1.82779,1.82816,1.37,1.00
2017.04.19 13:43:33.871,1.82782,1.82818,1.00,1.00
2017.04.19 13:43:34.845,1.82782,1.82818,1.37,1.00
2017.04.19 13:43:35.199,1.82782,1.82818,1.37,1.00
2017.04.19 13:43:35.300,1.82782,1.82818,1.00,1.09
2017.04.19 13:43:35.401,1.82782,1.82812,1.00,1.00
2017.04.19 13:43:35.604,1.82777,1.82815,1.37,1.00
2017.04.19 13:43:36.015,1.82779,1.82813,1.37,1.00
2017.04.19 13:43:36.318,1.8278,1.82815,1.87,1.00
2017.04.19 13:43:37.617,1.8278,1.82811,1.00,1.00
2017.04.19 13:43:37.668,1.82777,1.82811,1.00,1.00
2017.04.19 13:43:37.719,1.82773,1.82808,1.00,1.00
2017.04.19 13:43:37.821,1.82773,1.82806,1.12,1.00
2017.04.19 13:43:38.178,1.82767,1.82809,1.87,1.00
2017.04.19 13:43:38.302,1.82768,1.82807,1.37,1.00
2017.04.19 13:43:38.706,1.8277,1.82807,1.37,1.00
2017.04.19 13:43:39.823,1.82768,1.82807,1.87,1.00
2017.04.19 13:43:40.104,1.82771,1.8281,1.37,1.00
2017.04.19 13:43:40.306,1.82774,1.82813,1.37,1.00
2017.04.19 13:43:40.808,1.82775,1.82813,1.87,1.00
2017.04.19 13:43:41.313,1.82776,1.82812,1.37,1.00
2017.04.19 13:43:41.785,1.82779,1.82815,1.37,1.00
2017.04.19 13:43:41.886,1.82777,1.82817,1.87,1.00
2017.04.19 13:43:42.088,1.82777,1.82813,1.37,1.00
2017.04.19 13:43:42.190,1.82777,1.82813,1.00,1.00
2017.04.19 13:43:42.241,1.82773,1.82813,1.37,1.00
2017.04.19 13:43:42.626,1.82772,1.8281,1.37,1.00
2017.04.19 13:43:43.162,1.82777,1.82811,1.37,1.00
2017.04.19 13:43:43.383,1.82777,1.82815,1.37,1.00
2017.04.19 13:43:43.484,1.82778,1.82818,1.37,1.00
2017.04.19 13:43:43.885,1.82778,1.82814,1.87,1.00
2017.04.19 13:43:44.292,1.82779,1.82818,1.37,1.00
2017.04.19 13:43:44.796,1.82779,1.82818,1.87,1.00
2017.04.19 13:43:45.018,1.82779,1.82816,1.87,1.00
2017.04.19 13:43:45.332,1.8278,1.82816,1.37,1.00
2017.04.19 13:43:45.987,1.8278,1.82816,1.50,1.12
2017.04.19 13:43:46.038,1.82774,1.82807,1.00,1.00
2017.04.19 13:43:46.190,1.82771,1.82807,1.12,1.50
2017.04.19 13:43:46.291,1.82771,1.82805,1.12,1.00
2017.04.19 13:43:46.815,1.82771,1.82806,1.12,1.00
2017.04.19 13:43:47.889,1.82773,1.82806,1.00,1.00
2017.04.19 13:43:48.389,1.82771,1.82807,1.12,1.00
2017.04.19 13:43:48.690,1.82773,1.82807,1.00,1.00
2017.04.19 13:43:49.190,1.82771,1.82807,1.12,1.00
2017.04.19 13:43:49.723,1.82771,1.82806,1.12,1.00
2017.04.19 13:43:49.936,1.82769,1.82803,1.37,1.00
2017.04.19 13:43:50.274,1.82777,1.82809,1.37,1.00
2017.04.19 13:43:50.375,1.82777,1.82813,1.37,1.00
2017.04.19 13:43:50.476,1.8278,1.82811,1.37,1.00
2017.04.19 13:43:51.038,1.82776,1.8281,1.37,1.00
2017.04.19 13:43:52.257,1.82779,1.82812,1.37,1.00
2017.04.19 13:43:52.858,1.82779,1.82811,1.37,1.00
2017.04.19 13:43:54.469,1.8278,1.82813,1.37,1.50
2017.04.19 13:43:55.012,1.8278,1.82812,1.00,1.00
2017.04.19 13:43:55.723,1.8278,1.82811,1.00,1.00
2017.04.19 13:43:56.445,1.82777,1.82811,1.37,1.00
2017.04.19 13:43:56.496,1.82777,1.82807,1.37,1.00
2017.04.19 13:43:56.800,1.82772,1.82804,1.37,1.00
2017.04.19 13:43:57.332,1.82772,1.82805,1.37,1.50
2017.04.19 13:43:57.595,1.82772,1.82804,1.37,1.00
2017.04.19 13:43:57.676,1.82772,1.82802,1.37,1.00
2017.04.19 13:43:58.394,1.82767,1.82801,1.37,1.00
2017.04.19 13:43:58.700,1.82767,1.82801,2.62,1.00
2017.04.19 13:43:59.151,1.82775,1.82812,1.37,1.00
2017.04.19 13:43:59.202,1.82775,1.82809,1.37,1.00
2017.04.19 13:44:00.552,1.82775,1.8281,1.37,1.00
2017.04.19 13:44:03.425,1.82776,1.8281,1.12,1.00
2017.04.19 13:44:03.563,1.82771,1.8281,1.87,1.00
2017.04.19 13:44:03.877,1.82772,1.82808,1.71,1.00
2017.04.19 13:44:03.978,1.82773,1.82815,2.21,1.00
2017.04.19 13:44:04.029,1.82777,1.82817,1.37,1.00
2017.04.19 13:44:04.551,1.8278,1.82817,1.71,1.00
2017.04.19 13:44:04.922,1.82781,1.82819,1.46,1.00
2017.04.19 13:44:05.225,1.82785,1.8282,1.71,1.00
2017.04.19 13:44:05.275,1.82785,1.82822,1.71,1.50
2017.04.19 13:44:05.326,1.82786,1.82822,1.37,1.50
2017.04.19 13:44:05.832,1.82788,1.82821,1.37,1.00
2017.04.19 13:44:06.351,1.82789,1.82822,1.37,1.00
2017.04.19 13:44:06.584,1.82789,1.82824,1.37,1.50
2017.04.19 13:44:07.685,1.82791,1.82825,1.37,1.00
2017.04.19 13:44:08.030,1.82791,1.82825,1.37,1.00
2017.04.19 13:44:08.560,1.82791,1.82825,1.37,1.00
2017.04.19 13:44:08.863,1.82793,1.82828,1.37,1.00
2017.04.19 13:44:09.407,1.82792,1.82827,1.37,1.00
2017.04.19 13:44:09.947,1.82792,1.82826,1.37,1.00
2017.04.19 13:44:10.636,1.8279,1.82825,2.62,1.00
2017.04.19 13:44:11.048,1.82789,1.82824,1.46,1.00
2017.04.19 13:44:11.621,1.82787,1.82823,1.87,1.00
2017.04.19 13:44:12.259,1.82786,1.82823,1.46,1.00
2017.04.19 13:44:12.823,1.82789,1.82824,1.37,1.00
2017.04.19 13:44:13.537,1.82789,1.82826,1.71,1.50
2017.04.19 13:44:13.688,1.828,1.82834,1.37,1.00
2017.04.19 13:44:14.131,1.82803,1.82838,1.00,1.00
2017.04.19 13:44:14.681,1.82803,1.82839,1.00,1.00
2017.04.19 13:44:15.243,1.82806,1.82839,1.00,1.00
2017.04.19 13:44:15.496,1.82806,1.82842,1.00,1.00
2017.04.19 13:44:15.681,1.82809,1.82841,1.00,1.00
2017.04.19 13:44:16.089,1.82809,1.82843,1.00,1.50
2017.04.19 13:44:16.426,1.82807,1.82842,1.00,1.50
2017.04.19 13:44:16.885,1.82807,1.82838,1.00,1.00
2017.04.19 13:44:16.936,1.82802,1.82838,1.37,1.00
2017.04.19 13:44:17.556,1.82806,1.82838,1.00,1.00
2017.04.19 13:44:18.519,1.82806,1.82839,1.00,1.00
2017.04.19 13:44:18.569,1.82803,1.82839,1.00,1.00
2017.04.19 13:44:19.631,1.82802,1.82839,1.12,1.00
2017.04.19 13:44:19.995,1.82802,1.8284,1.46,1.00
2017.04.19 13:44:20.147,1.82811,1.82849,1.37,1.50
2017.04.19 13:44:20.248,1.82811,1.82849,1.12,1.00
2017.04.19 13:44:20.349,1.82813,1.8285,1.00,1.50
2017.04.19 13:44:21.181,1.82813,1.82848,1.12,1.00
2017.04.19 13:44:21.282,1.8281,1.82848,1.12,1.50
2017.04.19 13:44:21.498,1.8281,1.82846,1.12,1.00
2017.04.19 13:44:22.032,1.82806,1.82845,2.21,1.00
2017.04.19 13:44:22.542,1.82806,1.82845,2.21,1.50
2017.04.19 13:44:22.986,1.82806,1.82843,2.21,1.00
2017.04.19 13:44:23.087,1.82806,1.82843,1.37,1.50
2017.04.19 13:44:23.239,1.82801,1.82838,1.71,1.00
2017.04.19 13:44:23.441,1.82802,1.82841,1.37,1.00
2017.04.19 13:44:24.230,1.82804,1.82841,1.37,1.50
2017.04.19 13:44:28.026,1.82804,1.82841,1.37,1.00
2017.04.19 13:44:28.329,1.82805,1.82838,1.37,1.00
2017.04.19 13:44:28.532,1.82801,1.82838,1.37,1.00
2017.04.19 13:44:28.734,1.82801,1.8284,1.37,1.50
2017.04.19 13:44:28.835,1.82805,1.82842,1.37,1.50
2017.04.19 13:44:29.788,1.828,1.82832,1.37,1.00
2017.04.19 13:44:30.799,1.828,1.82832,1.37,1.00
2017.04.19 13:44:30.850,1.828,1.8283,1.37,1.00
2017.04.19 13:44:31.166,1.82796,1.82832,1.37,1.50
2017.04.19 13:44:31.698,1.82796,1.82831,1.37,1.00
2017.04.19 13:44:31.800,1.82796,1.82829,1.37,1.00
2017.04.19 13:44:35.399,1.82794,1.82829,1.37,1.50
2017.04.19 13:44:35.924,1.82794,1.82828,1.37,1.00
2017.04.19 13:44:37.224,1.82794,1.82827,1.37,1.00
2017.04.19 13:44:40.125,1.82793,1.82828,1.46,1.00
2017.04.19 13:44:40.176,1.82793,1.8283,1.71,1.50
2017.04.19 13:44:40.429,1.82796,1.82828,1.37,1.00
2017.04.19 13:44:41.407,1.82794,1.8283,1.37,1.50
2017.04.19 13:44:43.578,1.82797,1.82831,1.37,1.00
2017.04.19 13:44:43.629,1.82797,1.82827,1.37,1.00
2017.04.19 13:44:43.730,1.82792,1.82828,1.37,1.00
2017.04.19 13:44:43.832,1.82794,1.82828,1.37,1.50
2017.04.19 13:44:43.933,1.82794,1.82828,1.37,1.50
2017.04.19 13:44:43.984,1.82794,1.82828,1.37,1.50
2017.04.19 13:44:44.231,1.82792,1.82828,1.37,1.00
2017.04.19 13:44:46.070,1.8279,1.82828,1.37,1.00
2017.04.19 13:44:46.120,1.8279,1.82828,1.37,1.00
2017.04.19 13:44:46.713,1.82792,1.82829,1.37,1.00
2017.04.19 13:44:48.260,1.82791,1.82829,2.21,1.00
2017.04.19 13:44:53.383,1.8279,1.82829,1.37,1.50
2017.04.19 13:44:53.914,1.82789,1.82828,2.62,1.00
2017.04.19 13:44:54.116,1.8279,1.82827,1.37,1.00
2017.04.19 13:44:54.634,1.82788,1.82828,2.62,1.50
2017.04.19 13:44:55.391,1.82788,1.82828,1.37,1.50
2017.04.19 13:44:57.027,1.82788,1.82827,1.37,1.00
2017.04.19 13:44:58.403,1.8279,1.82827,1.37,1.00
2017.04.19 13:44:59.867,1.82789,1.82827,1.37,1.00
2017.04.19 13:45:00.450,1.82789,1.82827,1.37,1.00
2017.04.19 13:45:00.502,1.8279,1.82827,1.37,1.00
2017.04.19 13:45:00.603,1.82787,1.82826,1.37,1.00
2017.04.19 13:45:00.705,1.82787,1.82826,1.37,1.00
2017.04.19 13:45:00.806,1.82789,1.82826,1.37,1.00
2017.04.19 13:45:00.907,1.82789,1.82826,1.46,1.00
2017.04.19 13:45:01.726,1.82789,1.82827,1.37,1.00
2017.04.19 13:45:02.236,1.82791,1.82828,1.37,1.50
2017.04.19 13:45:02.802,1.82788,1.82827,1.37,1.50
2017.04.19 13:45:03.106,1.82798,1.82833,1.37,1.00
2017.04.19 13:45:03.157,1.82798,1.82836,1.37,1.00
2017.04.19 13:45:03.208,1.82797,1.82836,1.71,1.00
2017.04.19 13:45:03.462,1.82802,1.82838,1.37,1.00
2017.04.19 13:45:03.513,1.82802,1.8284,1.37,1.50
2017.04.19 13:45:04.144,1.82802,1.8284,1.37,1.50
2017.04.19 13:45:05.293,1.82801,1.8284,1.37,1.50
2017.04.19 13:45:05.344,1.82801,1.82842,1.37,1.50
2017.04.19 13:45:05.553,1.82801,1.82842,1.37,1.50
2017.04.19 13:45:06.260,1.82801,1.82842,1.37,1.50
2017.04.19 13:45:07.035,1.82802,1.82843,1.37,1.50
2017.04.19 13:45:07.540,1.82804,1.82843,1.37,1.00
2017.04.19 13:45:08.221,1.82804,1.82843,1.37,1.00
2017.04.19 13:45:09.739,1.82802,1.82843,1.37,1.00
2017.04.19 13:45:11.475,1.82803,1.82843,1.37,1.00
2017.04.19 13:45:11.980,1.82803,1.82844,1.37,1.50
2017.04.19 13:45:12.599,1.82803,1.82843,1.37,1.00
2017.04.19 13:45:13.148,1.82801,1.82843,1.87,1.00
2017.04.19 13:45:13.265,1.82801,1.82841,1.87,1.00
2017.04.19 13:45:13.773,1.82802,1.82842,1.37,1.00
2017.04.19 13:45:14.129,1.82802,1.82841,1.37,1.09
2017.04.19 13:45:14.230,1.82801,1.82835,1.37,1.00
2017.04.19 13:45:14.281,1.82799,1.82838,1.37,1.00
2017.04.19 13:45:14.382,1.82799,1.82836,1.37,1.00
2017.04.19 13:45:14.816,1.82798,1.82836,1.37,1.00
2017.04.19 13:45:14.867,1.82798,1.82836,1.37,1.00
2017.04.19 13:45:15.248,1.82798,1.82836,1.37,1.00
2017.04.19 13:45:15.719,1.82803,1.82841,1.37,1.00
2017.04.19 13:45:15.822,1.82803,1.82844,1.37,1.00
2017.04.19 13:45:16.025,1.82803,1.8284,1.37,1.00
2017.04.19 13:45:17.038,1.8281,1.82842,1.37,1.00
2017.04.19 13:45:17.089,1.82809,1.82842,1.00,1.00
2017.04.19 13:45:17.140,1.82807,1.82845,1.87,1.00
2017.04.19 13:45:17.191,1.82809,1.82845,1.37,1.00
2017.04.19 13:45:17.503,1.82809,1.82847,1.37,1.00
2017.04.19 13:45:18.023,1.82811,1.82851,1.37,1.00
2017.04.19 13:45:18.334,1.82812,1.82851,1.37,1.00
2017.04.19 13:45:18.807,1.82812,1.82852,1.37,1.00
2017.04.19 13:45:18.984,1.82812,1.82852,1.37,1.00
2017.04.19 13:45:19.160,1.82811,1.82851,1.37,1.00
2017.04.19 13:45:19.688,1.82811,1.8285,1.37,1.00
2017.04.19 13:45:19.991,1.82811,1.82851,1.37,1.00
2017.04.19 13:45:20.243,1.82812,1.82853,1.37,1.00
2017.04.19 13:45:20.345,1.82813,1.82853,1.37,1.00
2017.04.19 13:45:20.395,1.82813,1.82853,1.37,1.00
2017.04.19 13:45:20.699,1.82809,1.82849,1.37,1.00
2017.04.19 13:45:21.025,1.82816,1.82856,1.37,1.00
2017.04.19 13:45:21.214,1.82812,1.82856,1.87,1.00
2017.04.19 13:45:21.265,1.82817,1.82852,1.37,1.00
2017.04.19 13:45:21.409,1.82817,1.82856,1.37,1.00
2017.04.19 13:45:21.631,1.8282,1.82856,1.37,1.00
2017.04.19 13:45:21.732,1.8282,1.82861,1.37,1.00
2017.04.19 13:45:21.842,1.82822,1.82859,1.37,1.00
2017.04.19 13:45:22.196,1.8282,1.82859,1.37,1.00
2017.04.19 13:45:22.411,1.82819,1.82859,1.37,1.00
2017.04.19 13:45:23.013,1.82819,1.82859,1.37,1.00
2017.04.19 13:45:23.367,1.82828,1.8286,1.37,1.00
2017.04.19 13:45:23.418,1.8283,1.82869,1.37,1.00
2017.04.19 13:45:23.519,1.82831,1.82869,1.37,1.00
2017.04.19 13:45:23.620,1.82831,1.82867,1.37,1.00
2017.04.19 13:45:23.759,1.82831,1.82869,1.37,1.00
2017.04.19 13:45:24.313,1.82831,1.82871,1.37,1.00
2017.04.19 13:45:24.836,1.82832,1.8287,1.37,1.00
2017.04.19 13:45:25.000,1.82832,1.8287,1.37,1.00
2017.04.19 13:45:26.121,1.82833,1.8287,1.37,1.00
2017.04.19 13:45:26.223,1.82837,1.8288,1.87,1.00
2017.04.19 13:45:26.324,1.82838,1.82881,1.37,1.00
2017.04.19 13:45:26.734,1.82843,1.82885,1.37,1.00
2017.04.19 13:45:26.836,1.82844,1.82882,1.37,1.00
2017.04.19 13:45:27.608,1.82844,1.82882,1.37,1.00
2017.04.19 13:45:27.912,1.82844,1.82882,1.37,1.00
2017.04.19 13:45:28.014,1.82844,1.82882,1.37,1.00
2017.04.19 13:45:28.565,1.82844,1.82882,1.37,1.00
2017.04.19 13:45:29.612,1.82849,1.82885,1.37,1.00
2017.04.19 13:45:29.920,1.82851,1.82889,1.37,1.00
2017.04.19 13:45:30.334,1.82853,1.82889,1.37,1.00
2017.04.19 13:45:30.732,1.82856,1.82889,1.37,1.00
2017.04.19 13:45:30.934,1.82858,1.82895,1.37,1.00
2017.04.19 13:45:30.985,1.82859,1.82895,1.37,1.00
2017.04.19 13:45:31.137,1.82859,1.82901,1.37,1.00
2017.04.19 13:45:31.401,1.82863,1.82901,1.37,1.00
2017.04.19 13:45:31.452,1.82865,1.82901,1.37,1.00
2017.04.19 13:45:31.579,1.82865,1.82901,1.37,1.00
2017.04.19 13:45:31.882,1.82867,1.82901,1.37,1.00
2017.04.19 13:45:32.142,1.82868,1.82903,1.37,1.00
2017.04.19 13:45:32.445,1.82867,1.829,1.37,1.00
2017.04.19 13:45:32.838,1.82873,1.82903,1.00,1.00
2017.04.19 13:45:32.940,1.82871,1.82905,1.37,1.00
2017.04.19 13:45:33.041,1.82873,1.82902,1.00,1.00
2017.04.19 13:45:33.250,1.8287,1.82907,1.00,1.50
2017.04.19 13:45:33.553,1.82864,1.82894,1.37,1.00
2017.04.19 13:45:33.604,1.82864,1.82892,1.00,1.00
2017.04.19 13:45:33.655,1.82856,1.82894,1.37,1.00
2017.04.19 13:45:33.706,1.82856,1.82897,1.87,1.00
2017.04.19 13:45:33.758,1.82857,1.82893,1.37,1.00
2017.04.19 13:45:33.809,1.82857,1.82896,1.37,1.00
2017.04.19 13:45:33.860,1.82858,1.82898,1.37,1.00
2017.04.19 13:45:34.163,1.8286,1.82902,1.37,1.00
2017.04.19 13:45:34.496,1.82863,1.82902,1.37,1.00
2017.04.19 13:45:34.547,1.82864,1.82907,1.37,1.00
2017.04.19 13:45:34.750,1.82864,1.82905,1.37,1.00
2017.04.19 13:45:34.801,1.82864,1.82907,1.87,1.50
2017.04.19 13:45:34.851,1.82864,1.82905,1.37,1.00
2017.04.19 13:45:35.155,1.82865,1.82903,1.37,1.00
2017.04.19 13:45:36.806,1.82863,1.82906,1.37,1.50
2017.04.19 13:45:37.346,1.82867,1.82906,1.37,1.00
2017.04.19 13:45:37.448,1.82865,1.82907,1.37,1.00
2017.04.19 13:45:37.595,1.82865,1.82909,1.87,1.50
2017.04.19 13:45:37.668,1.82868,1.82909,1.37,1.00
2017.04.19 13:45:37.719,1.82865,1.82905,1.37,1.00
2017.04.19 13:45:37.770,1.82862,1.82903,1.87,1.00
2017.04.19 13:45:38.074,1.82865,1.82909,1.87,1.00
2017.04.19 13:45:38.377,1.8287,1.82911,1.37,1.00
2017.04.19 13:45:38.636,1.8287,1.8291,1.37,1.34
2017.04.19 13:45:38.687,1.8287,1.82902,1.00,1.00
2017.04.19 13:45:38.817,1.82861,1.829,1.37,1.00
2017.04.19 13:45:38.918,1.82854,1.82895,1.37,1.00
2017.04.19 13:45:38.969,1.82853,1.82893,1.37,1.00
2017.04.19 13:45:39.938,1.8285,1.82894,1.37,1.50
2017.04.19 13:45:40.500,1.8285,1.82894,1.37,1.50
2017.04.19 13:45:40.803,1.8285,1.82891,1.37,1.00
2017.04.19 13:45:41.106,1.82853,1.82895,1.37,1.00
2017.04.19 13:45:42.300,1.82853,1.82892,1.37,1.00
2017.04.19 13:45:42.402,1.82854,1.82895,1.37,1.00
2017.04.19 13:45:42.453,1.82856,1.82895,1.37,1.00
2017.04.19 13:45:42.504,1.82857,1.82898,1.37,1.00
2017.04.19 13:45:42.554,1.82857,1.82898,1.37,1.00
2017.04.19 13:45:42.605,1.82859,1.82899,1.37,1.00
2017.04.19 13:45:42.656,1.82859,1.82896,1.37,1.00
2017.04.19 13:45:42.707,1.82854,1.82895,1.87,1.00
2017.04.19 13:45:42.758,1.82854,1.82895,1.87,1.00
2017.04.19 13:45:43.102,1.82853,1.82894,1.87,1.00
2017.04.19 13:45:43.625,1.82853,1.82894,1.87,1.00
2017.04.19 13:45:43.869,1.82862,1.82898,1.37,1.00
2017.04.19 13:45:43.920,1.82862,1.82898,1.37,1.00
2017.04.19 13:45:44.072,1.82865,1.82906,1.37,1.00
2017.04.19 13:45:44.123,1.82865,1.82906,1.37,1.00
2017.04.19 13:45:44.524,1.82865,1.82904,1.37,1.00
2017.04.19 13:45:44.575,1.82864,1.82903,1.37,1.00
2017.04.19 13:45:44.777,1.82864,1.82905,1.37,1.00
2017.04.19 13:45:45.242,1.82864,1.82905,1.37,1.00
2017.04.19 13:45:45.293,1.82864,1.82902,1.37,1.00
2017.04.19 13:45:45.597,1.82882,1.82914,1.37,1.00
2017.04.19 13:45:45.937,1.82889,1.82921,1.37,1.00
2017.04.19 13:45:46.038,1.82885,1.82921,1.50,1.00
2017.04.19 13:45:46.089,1.82885,1.82921,1.87,1.00
2017.04.19 13:45:46.141,1.82885,1.82921,1.50,1.00
2017.04.19 13:45:46.192,1.82885,1.82923,1.37,1.00
2017.04.19 13:45:46.243,1.82885,1.82924,1.00,1.12
2017.04.19 13:45:46.294,1.82888,1.82919,1.12,1.00
2017.04.19 13:45:46.396,1.82886,1.82922,1.37,1.00
2017.04.19 13:45:46.548,1.82897,1.82922,1.00,1.00
2017.04.19 13:45:46.599,1.82901,1.8293,1.12,1.50
2017.04.19 13:45:46.650,1.82894,1.8293,1.37,1.50
2017.04.19 13:45:46.933,1.82899,1.82934,1.37,1.00
2017.04.19 13:45:47.113,1.82904,1.82943,1.37,1.50
2017.04.19 13:45:47.165,1.82904,1.82943,1.37,1.00
2017.04.19 13:45:47.481,1.82924,1.82948,1.00,1.00
2017.04.19 13:45:47.532,1.82924,1.82952,1.37,1.00
2017.04.19 13:45:47.583,1.82922,1.82956,1.37,1.50
2017.04.19 13:45:47.684,1.8294,1.82956,1.00,1.00
2017.04.19 13:45:47.735,1.82927,1.82956,1.37,1.00
2017.04.19 13:45:47.786,1.82933,1.82956,1.37,1.00
2017.04.19 13:45:48.016,1.82941,1.82972,1.00,1.00
2017.04.19 13:45:48.067,1.82928,1.82963,1.37,1.00
2017.04.19 13:45:48.117,1.82926,1.82963,1.37,1.00
2017.04.19 13:45:48.168,1.82928,1.82963,1.37,1.00
2017.04.19 13:45:48.421,1.82933,1.8297,1.00,1.00
2017.04.19 13:45:48.471,1.82928,1.82964,1.37,1.00
2017.04.19 13:45:48.774,1.82927,1.8296,1.37,1.00
2017.04.19 13:45:48.918,1.82927,1.82962,1.37,1.00
2017.04.19 13:45:48.969,1.82924,1.82962,1.37,1.00
2017.04.19 13:45:49.019,1.82924,1.82963,1.37,1.00
2017.04.19 13:45:49.121,1.82922,1.82961,1.37,1.00
2017.04.19 13:45:49.171,1.82921,1.82949,1.37,1.00
2017.04.19 13:45:49.222,1.82921,1.8295,1.37,1.00
2017.04.19 13:45:49.273,1.8291,1.82948,1.37,1.50
2017.04.19 13:45:49.525,1.82907,1.82948,1.37,1.50
2017.04.19 13:45:49.576,1.82905,1.82946,1.37,1.00
2017.04.19 13:45:49.627,1.82905,1.82935,1.37,1.00
2017.04.19 13:45:49.680,1.82901,1.82927,1.00,1.00
2017.04.19 13:45:49.989,1.82885,1.82923,1.37,1.00
2017.04.19 13:45:50.041,1.82871,1.82895,1.00,1.00
2017.04.19 13:45:50.092,1.82866,1.82893,1.12,1.00
2017.04.19 13:45:50.143,1.8286,1.82891,1.37,1.00
2017.04.19 13:45:50.195,1.8286,1.82891,1.37,1.00
2017.04.19 13:45:50.299,1.8286,1.82891,1.37,1.00
2017.04.19 13:45:50.502,1.82869,1.82903,1.37,1.00
2017.04.19 13:45:50.554,1.82869,1.82905,1.37,1.00
2017.04.19 13:45:50.605,1.8287,1.82911,1.37,1.00
2017.04.19 13:45:50.706,1.82875,1.82911,1.37,1.00
2017.04.19 13:45:50.981,1.82884,1.82925,1.37,1.12
2017.04.19 13:45:51.183,1.82887,1.82925,1.37,1.00
2017.04.19 13:45:51.284,1.82886,1.82928,1.37,1.00
2017.04.19 13:45:51.486,1.82885,1.82925,1.37,1.00
2017.04.19 13:45:51.842,1.82887,1.82924,1.37,1.00
2017.04.19 13:45:51.893,1.8289,1.82927,1.37,1.00
2017.04.19 13:45:51.994,1.82886,1.82927,2.62,1.00
2017.04.19 13:45:52.142,1.82886,1.82927,1.37,1.00
2017.04.19 13:45:52.193,1.82883,1.82925,1.87,1.00
2017.04.19 13:45:52.245,1.82884,1.82925,1.37,1.00
2017.04.19 13:45:52.296,1.82884,1.82923,1.37,1.00
2017.04.19 13:45:52.397,1.82885,1.82926,1.37,1.00
2017.04.19 13:45:52.549,1.82883,1.82923,1.37,1.00
2017.04.19 13:45:52.902,1.82882,1.82923,1.37,1.50
2017.04.19 13:45:53.004,1.82881,1.82922,1.37,1.00
2017.04.19 13:45:53.105,1.82881,1.82924,1.37,1.50
2017.04.19 13:45:53.156,1.82881,1.82922,1.37,1.00
2017.04.19 13:45:53.500,1.82872,1.82913,1.37,1.00
2017.04.19 13:45:53.853,1.82872,1.82914,1.37,1.00
2017.04.19 13:45:53.903,1.82871,1.82914,1.87,1.00
2017.04.19 13:45:53.954,1.82871,1.82914,1.87,1.00
2017.04.19 13:45:54.207,1.82871,1.82912,1.00,1.87
2017.04.19 13:45:54.513,1.82879,1.82916,1.37,1.00
2017.04.19 13:45:54.732,1.82893,1.82934,1.12,1.00
2017.04.19 13:45:54.934,1.82891,1.8293,1.00,1.37
2017.04.19 13:45:54.985,1.82886,1.82924,1.00,1.00
2017.04.19 13:45:55.036,1.82882,1.82924,1.00,1.00
2017.04.19 13:45:55.087,1.82887,1.82922,1.00,1.00
2017.04.19 13:45:55.391,1.82889,1.82917,1.00,1.00
2017.04.19 13:45:55.700,1.82889,1.82919,1.00,1.00
2017.04.19 13:45:56.186,1.82889,1.82921,1.00,1.00
2017.04.19 13:45:56.688,1.82889,1.82922,1.37,1.00
2017.04.19 13:45:57.094,1.82889,1.82922,1.37,1.00
2017.04.19 13:45:57.408,1.82896,1.8293,1.37,1.00
2017.04.19 13:45:57.509,1.82895,1.82926,1.37,1.00
2017.04.19 13:45:57.835,1.82891,1.82926,1.37,1.00
2017.04.19 13:45:58.258,1.82891,1.82926,1.37,1.00
2017.04.19 13:45:58.309,1.82891,1.82926,1.37,1.00
2017.04.19 13:45:58.916,1.82888,1.82925,1.37,1.00
2017.04.19 13:45:58.967,1.82884,1.82925,1.87,1.00
2017.04.19 13:45:59.429,1.82883,1.82925,1.37,1.00
2017.04.19 13:46:00.089,1.82882,1.82926,1.87,1.00
2017.04.19 13:46:00.594,1.82882,1.82926,1.37,1.50
2017.04.19 13:46:01.124,1.82882,1.82926,1.37,1.50
2017.04.19 13:46:01.501,1.82889,1.82933,1.87,1.00
2017.04.19 13:46:01.683,1.82888,1.82931,1.87,1.00
2017.04.19 13:46:01.986,1.82889,1.82927,1.37,1.00
2017.04.19 13:46:02.289,1.82892,1.82928,1.37,1.00
2017.04.19 13:46:02.390,1.82896,1.82937,1.87,1.00
2017.04.19 13:46:02.738,1.82899,1.82937,1.37,1.00
2017.04.19 13:46:03.085,1.82897,1.82934,1.37,1.00
2017.04.19 13:46:03.136,1.82898,1.82937,1.37,1.00
2017.04.19 13:46:03.187,1.82898,1.82936,1.37,1.00
2017.04.19 13:46:03.338,1.829,1.82932,1.37,1.00
2017.04.19 13:46:03.389,1.82899,1.82935,1.37,1.00
2017.04.19 13:46:03.693,1.82896,1.82938,1.37,1.00
2017.04.19 13:46:03.845,1.829,1.82942,1.37,1.50
2017.04.19 13:46:03.896,1.829,1.82939,1.37,1.00
2017.04.19 13:46:03.990,1.82898,1.82941,1.87,1.50
2017.04.19 13:46:04.201,1.82899,1.8294,1.37,1.50
2017.04.19 13:46:04.253,1.82898,1.8294,1.37,1.00
2017.04.19 13:46:04.354,1.82896,1.82937,1.87,1.00
2017.04.19 13:46:04.456,1.82898,1.8294,1.37,1.00
2017.04.19 13:46:04.971,1.82897,1.82939,1.87,1.00
2017.04.19 13:46:05.306,1.82897,1.8294,1.87,1.50
2017.04.19 13:46:05.357,1.82897,1.8294,1.87,1.50
2017.04.19 13:46:05.549,1.82897,1.82937,1.37,1.00
2017.04.19 13:46:05.893,1.82896,1.82936,1.37,1.00
2017.04.19 13:46:06.196,1.82908,1.82947,1.37,1.00
2017.04.19 13:46:06.247,1.82911,1.82949,1.37,1.00
2017.04.19 13:46:06.298,1.82909,1.82949,1.37,1.00
2017.04.19 13:46:06.348,1.82908,1.82951,1.87,1.00
2017.04.19 13:46:06.601,1.82907,1.8295,1.87,1.50
2017.04.19 13:46:08.313,1.82912,1.82953,1.37,1.00
2017.04.19 13:46:08.814,1.82915,1.82955,1.37,1.00
2017.04.19 13:46:08.966,1.82915,1.82955,1.37,1.00
2017.04.19 13:46:09.945,1.82911,1.8295,1.37,1.00
2017.04.19 13:46:10.235,1.82908,1.82947,1.37,1.00
2017.04.19 13:46:10.611,1.82908,1.82947,1.37,1.00
2017.04.19 13:46:10.914,1.8291,1.82948,1.37,1.00
2017.04.19 13:46:11.447,1.8291,1.8295,1.37,1.00
2017.04.19 13:46:11.972,1.8291,1.82949,1.37,1.00
2017.04.19 13:46:12.023,1.8291,1.82952,1.37,1.50
2017.04.19 13:46:12.529,1.82911,1.82952,1.37,1.00
2017.04.19 13:46:12.692,1.8291,1.82951,1.37,1.00
2017.04.19 13:46:12.744,1.8291,1.82951,2.62,1.00
2017.04.19 13:46:12.911,1.8291,1.82948,1.37,1.00
2017.04.19 13:46:12.963,1.82909,1.82948,2.62,1.00
2017.04.19 13:46:13.152,1.82908,1.82949,1.87,1.50
2017.04.19 13:46:13.703,1.82908,1.82949,1.87,1.50
2017.04.19 13:46:14.103,1.82908,1.82941,1.87,1.00
2017.04.19 13:46:14.407,1.82902,1.82943,1.37,1.00
2017.04.19 13:46:14.711,1.82904,1.82947,1.87,1.50
2017.04.19 13:46:15.217,1.82905,1.82946,1.87,1.00
2017.04.19 13:46:15.565,1.82904,1.82939,1.87,1.00
2017.04.19 13:46:15.616,1.82903,1.8294,1.37,1.00
2017.04.19 13:46:15.717,1.82902,1.82943,1.37,1.00
2017.04.19 13:46:16.234,1.82902,1.82939,1.37,1.00
2017.04.19 13:46:16.335,1.82902,1.82942,1.87,1.00
2017.04.19 13:46:16.437,1.82901,1.82942,1.87,1.00
2017.04.19 13:46:16.488,1.829,1.8294,1.87,1.00
2017.04.19 13:46:16.539,1.829,1.82939,1.37,1.00
2017.04.19 13:46:17.228,1.82899,1.82936,1.37,1.00
2017.04.19 13:46:17.587,1.82897,1.82934,1.37,1.00
2017.04.19 13:46:17.638,1.82895,1.82932,1.12,1.00
2017.04.19 13:46:17.790,1.82894,1.82925,1.00,1.00
2017.04.19 13:46:17.841,1.82892,1.82925,1.00,1.00
2017.04.19 13:46:17.993,1.82891,1.82923,1.00,1.12
2017.04.19 13:46:18.045,1.82884,1.82919,1.00,1.00
2017.04.19 13:46:18.115,1.82881,1.82922,1.71,1.00
2017.04.19 13:46:18.166,1.82885,1.82919,1.00,1.50
2017.04.19 13:46:18.268,1.82881,1.82919,1.00,1.00
2017.04.19 13:46:18.628,1.82877,1.82912,1.37,1.00
2017.04.19 13:46:18.679,1.82877,1.82911,1.00,1.00
2017.04.19 13:46:18.730,1.8287,1.82912,1.50,1.50
2017.04.19 13:46:18.780,1.8287,1.8291,1.00,1.00
2017.04.19 13:46:19.121,1.82875,1.82914,1.00,1.00
2017.04.19 13:46:19.425,1.82873,1.82904,1.00,1.00
2017.04.19 13:46:19.476,1.82865,1.82902,1.00,1.00
2017.04.19 13:46:19.829,1.82873,1.82903,1.34,1.00
2017.04.19 13:46:19.880,1.82875,1.82912,1.34,1.00
2017.04.19 13:46:19.931,1.82877,1.82918,1.87,1.00
2017.04.19 13:46:19.983,1.82877,1.8292,1.87,1.50
2017.04.19 13:46:20.427,1.82864,1.82904,1.37,1.00
2017.04.19 13:46:20.529,1.82864,1.82904,1.37,1.00
2017.04.19 13:46:20.630,1.82864,1.82901,1.37,1.00
2017.04.19 13:46:20.731,1.82865,1.82903,1.37,1.00
2017.04.19 13:46:21.160,1.82863,1.82897,1.00,1.00
2017.04.19 13:46:21.261,1.82858,1.82894,1.00,1.37
2017.04.19 13:46:21.312,1.82858,1.82895,1.00,1.00
2017.04.19 13:46:21.400,1.82854,1.82891,1.37,1.00
2017.04.19 13:46:21.576,1.82854,1.82893,1.37,1.00
2017.04.19 13:46:21.643,1.82849,1.82888,1.87,1.00
2017.04.19 13:46:21.946,1.82848,1.82888,1.37,1.00
2017.04.19 13:46:22.350,1.82847,1.82889,1.12,1.50
2017.04.19 13:46:22.502,1.82847,1.82889,1.37,1.50
2017.04.19 13:46:22.704,1.82847,1.82889,1.00,1.50
2017.04.19 13:46:23.238,1.82848,1.8289,1.12,1.00
2017.04.19 13:46:24.035,1.82848,1.82889,1.12,1.00
2017.04.19 13:46:24.620,1.82847,1.82887,1.87,1.00
2017.04.19 13:46:25.240,1.82847,1.8289,2.62,1.00
2017.04.19 13:46:25.291,1.82847,1.8289,2.62,1.00
2017.04.19 13:46:25.442,1.82853,1.82894,1.12,1.00
2017.04.19 13:46:25.493,1.82854,1.82894,1.37,1.00
2017.04.19 13:46:25.807,1.82854,1.82892,1.37,1.00
2017.04.19 13:46:26.125,1.82857,1.82893,1.00,1.00
2017.04.19 13:46:26.674,1.8286,1.82895,1.00,1.00
2017.04.19 13:46:27.003,1.82862,1.82904,1.50,1.37
2017.04.19 13:46:27.053,1.8286,1.82902,1.00,1.37
2017.04.19 13:46:27.155,1.82856,1.82899,1.87,1.87
2017.04.19 13:46:28.353,1.82856,1.82896,1.00,1.00
2017.04.19 13:46:28.704,1.8286,1.82896,1.00,1.00
2017.04.19 13:46:28.754,1.82858,1.82895,1.00,1.00
2017.04.19 13:46:29.284,1.82857,1.82896,1.00,1.00
2017.04.19 13:46:30.910,1.82857,1.82894,1.00,1.00
2017.04.19 13:46:31.064,1.82857,1.82898,1.00,1.87
2017.04.19 13:46:31.590,1.82856,1.82897,1.00,1.00
2017.04.19 13:46:32.344,1.82857,1.82897,1.37,1.00
2017.04.19 13:46:32.597,1.82856,1.82897,1.12,1.00
2017.04.19 13:46:33.258,1.82856,1.82892,1.00,1.00
2017.04.19 13:46:33.309,1.82856,1.82895,1.00,1.00
2017.04.19 13:46:33.360,1.8285,1.82892,1.00,1.12
2017.04.19 13:46:33.411,1.82849,1.82888,1.00,1.00
2017.04.19 13:46:33.610,1.82845,1.82886,1.00,1.00
2017.04.19 13:46:33.661,1.82851,1.8289,1.37,1.00
2017.04.19 13:46:33.813,1.82857,1.82896,1.00,1.00
2017.04.19 13:46:33.864,1.82857,1.82898,1.00,1.00
2017.04.19 13:46:34.070,1.82855,1.82898,1.00,1.00
2017.04.19 13:46:34.172,1.82854,1.82896,1.12,1.00
2017.04.19 13:46:34.556,1.82853,1.82894,1.87,1.00
2017.04.19 13:46:34.658,1.82856,1.82897,1.00,1.00
2017.04.19 13:46:35.289,1.82857,1.82898,1.00,1.50
2017.04.19 13:46:35.705,1.82856,1.82897,1.87,1.00
2017.04.19 13:46:36.224,1.82856,1.82897,1.37,1.00
2017.04.19 13:46:36.284,1.82856,1.82898,1.37,1.00
2017.04.19 13:46:36.811,1.82856,1.82897,1.37,1.00
2017.04.19 13:46:37.413,1.82856,1.82897,1.37,1.00
2017.04.19 13:46:38.000,1.82856,1.82896,1.37,1.00
2017.04.19 13:46:38.342,1.82857,1.82897,1.00,1.37
2017.04.19 13:46:38.443,1.82856,1.82894,1.00,1.12
2017.04.19 13:46:38.746,1.82843,1.82885,1.37,1.00
2017.04.19 13:46:39.436,1.82844,1.82885,1.37,1.00
2017.04.19 13:46:40.038,1.82843,1.82885,1.37,1.34
2017.04.19 13:46:40.089,1.82836,1.82876,1.87,1.00
2017.04.19 13:46:40.391,1.82834,1.82874,1.37,1.00
2017.04.19 13:46:40.716,1.82833,1.82871,1.37,1.00
2017.04.19 13:46:41.598,1.82833,1.82871,2.62,1.00
2017.04.19 13:46:41.762,1.82838,1.82876,1.37,1.00
2017.04.19 13:46:41.864,1.82838,1.82879,1.37,1.00
2017.04.19 13:46:42.402,1.82848,1.82889,1.37,2.62
2017.04.19 13:46:42.503,1.82852,1.8289,1.00,1.00
2017.04.19 13:46:42.554,1.82852,1.82893,1.00,1.87
2017.04.19 13:46:42.859,1.82851,1.82893,1.37,1.00
2017.04.19 13:46:42.960,1.82851,1.82891,1.37,1.00
2017.04.19 13:46:43.061,1.82851,1.82891,1.37,1.00
2017.04.19 13:46:43.377,1.82851,1.82894,1.87,1.00
2017.04.19 13:46:44.044,1.82851,1.82893,1.37,1.00
2017.04.19 13:46:44.558,1.82852,1.82894,1.37,1.00
2017.04.19 13:46:44.666,1.82852,1.82896,1.87,1.00
2017.04.19 13:46:45.084,1.82852,1.82896,1.87,1.37
2017.04.19 13:46:45.471,1.82861,1.82902,1.00,1.37
2017.04.19 13:46:45.573,1.82857,1.82896,1.12,1.00
2017.04.19 13:46:45.775,1.82852,1.82893,1.87,1.50
2017.04.19 13:46:45.826,1.82851,1.8289,1.12,1.00
2017.04.19 13:46:45.927,1.82851,1.82889,1.37,1.00
2017.04.19 13:46:46.420,1.82853,1.82892,1.12,1.00
2017.04.19 13:46:46.521,1.82849,1.82892,1.37,1.12
2017.04.19 13:46:46.622,1.82854,1.82892,1.87,1.00
2017.04.19 13:46:46.723,1.8285,1.82893,3.37,1.50
2017.04.19 13:46:47.563,1.82854,1.82894,1.37,1.12
2017.04.19 13:46:47.614,1.82852,1.82892,1.37,1.00
2017.04.19 13:46:47.665,1.82852,1.82892,1.37,1.12
2017.04.19 13:46:47.909,1.82852,1.82893,1.37,1.50
2017.04.19 13:46:49.530,1.82854,1.82893,1.00,1.12
2017.04.19 13:46:49.874,1.82851,1.82892,1.37,1.00
2017.04.19 13:46:49.925,1.82851,1.82886,1.00,1.00
2017.04.19 13:46:50.076,1.82845,1.82883,1.50,1.50
2017.04.19 13:46:50.228,1.82842,1.82882,1.50,1.00
2017.04.19 13:46:50.443,1.82841,1.82883,2.25,1.00
2017.04.19 13:46:50.760,1.82842,1.82882,1.50,1.00
2017.04.19 13:46:50.962,1.82841,1.82884,2.59,1.00
2017.04.19 13:46:51.976,1.82843,1.82883,1.12,1.00
2017.04.19 13:46:52.323,1.82843,1.82884,1.50,1.00
2017.04.19 13:46:53.071,1.82843,1.82882,2.25,1.00
2017.04.19 13:46:53.909,1.82843,1.82884,3.00,1.50
2017.04.19 13:46:54.427,1.82842,1.8288,1.87,1.37
2017.04.19 13:46:54.629,1.82836,1.82877,1.12,1.00
2017.04.19 13:46:54.680,1.82836,1.82877,1.37,1.00
2017.04.19 13:46:54.882,1.82833,1.82876,1.87,1.12
2017.04.19 13:46:54.933,1.82833,1.82875,1.12,1.12
2017.04.19 13:46:54.984,1.8284,1.82877,1.37,1.00
2017.04.19 13:46:55.315,1.82848,1.82888,1.87,1.00
2017.04.19 13:46:55.521,1.82849,1.82888,1.12,1.00
2017.04.19 13:46:55.723,1.82848,1.82888,1.37,1.00
2017.04.19 13:46:56.026,1.82849,1.82888,2.62,1.00
2017.04.19 13:46:56.686,1.82849,1.82888,1.37,1.00
2017.04.19 13:46:56.737,1.82847,1.82888,1.12,1.00
2017.04.19 13:46:56.788,1.82847,1.82884,1.00,1.00
2017.04.19 13:46:57.132,1.82849,1.82888,1.37,1.00
2017.04.19 13:46:57.284,1.82852,1.82892,1.37,1.00
2017.04.19 13:46:57.335,1.82852,1.82892,1.12,1.12
2017.04.19 13:46:57.436,1.82851,1.82892,2.62,1.00
2017.04.19 13:46:57.785,1.82852,1.82894,1.37,1.00
2017.04.19 13:46:58.192,1.82852,1.82891,1.37,1.00
2017.04.19 13:46:58.386,1.82852,1.82893,1.87,1.00
2017.04.19 13:46:58.804,1.82852,1.82891,1.37,1.00
2017.04.19 13:46:59.173,1.82856,1.82891,1.37,1.00
2017.04.19 13:46:59.224,1.82858,1.82898,1.37,1.00
2017.04.19 13:46:59.763,1.82858,1.82899,1.00,1.37
2017.04.19 13:46:59.813,1.82857,1.82898,1.00,1.87
2017.04.19 13:47:00.351,1.82858,1.82898,1.00,2.62
2017.04.19 13:47:00.452,1.82855,1.82894,1.00,1.71
2017.04.19 13:47:00.503,1.82852,1.82886,1.00,1.37
2017.04.19 13:47:00.605,1.82843,1.82886,2.25,1.37
2017.04.19 13:47:01.238,1.82843,1.82885,1.00,1.12
2017.04.19 13:47:01.289,1.82849,1.82887,1.00,1.37
2017.04.19 13:47:01.340,1.82853,1.82892,1.00,1.12
2017.04.19 13:47:02.053,1.82853,1.82894,1.37,1.00
2017.04.19 13:47:02.673,1.82856,1.82895,1.00,1.37
2017.04.19 13:47:03.210,1.82856,1.82895,1.00,1.37
2017.04.19 13:47:03.542,1.82828,1.82867,1.75,1.00
2017.04.19 13:47:03.593,1.82824,1.82854,1.00,1.00
2017.04.19 13:47:03.694,1.82824,1.82849,1.00,1.12
2017.04.19 13:47:03.846,1.8281,1.82845,1.84,1.00
2017.04.19 13:47:04.132,1.8281,1.82833,1.84,1.00
2017.04.19 13:47:04.183,1.82805,1.82834,1.00,1.00
2017.04.19 13:47:04.234,1.82798,1.82834,1.50,1.00
2017.04.19 13:47:04.285,1.82798,1.8283,1.12,1.00
2017.04.19 13:47:04.436,1.82791,1.82827,1.87,1.00
2017.04.19 13:47:04.832,1.82785,1.82822,1.87,1.00
2017.04.19 13:47:04.933,1.82789,1.82827,1.00,1.00
2017.04.19 13:47:05.034,1.82787,1.82827,1.12,1.00
2017.04.19 13:47:05.458,1.82787,1.82828,3.71,1.00
2017.04.19 13:47:05.509,1.82792,1.8283,1.12,1.00
2017.04.19 13:47:05.559,1.82792,1.82832,1.37,1.00
2017.04.19 13:47:05.864,1.82792,1.82832,1.87,1.00
2017.04.19 13:47:06.253,1.82796,1.82835,1.87,1.00
2017.04.19 13:47:06.405,1.82801,1.82838,1.12,1.00
2017.04.19 13:47:06.506,1.82801,1.82842,1.37,2.62
2017.04.19 13:47:06.607,1.82804,1.82841,1.00,1.12
2017.04.19 13:47:06.658,1.82804,1.82845,1.37,1.87
2017.04.19 13:47:06.861,1.82804,1.82844,1.00,1.37
2017.04.19 13:47:07.204,1.82803,1.82845,1.87,1.00
2017.04.19 13:47:07.255,1.82803,1.82845,1.00,1.37
2017.04.19 13:47:07.553,1.82805,1.82845,1.00,1.37
2017.04.19 13:47:08.061,1.82805,1.82845,1.00,1.00
2017.04.19 13:47:08.165,1.82813,1.82845,1.37,1.00
2017.04.19 13:47:08.347,1.82814,1.8285,1.00,1.00
2017.04.19 13:47:08.882,1.82814,1.82851,1.00,1.00
2017.04.19 13:47:09.114,1.82814,1.82851,1.00,1.37
2017.04.19 13:47:09.165,1.82812,1.82851,1.50,1.37
2017.04.19 13:47:09.643,1.82808,1.82847,1.00,1.00
2017.04.19 13:47:09.798,1.82811,1.82847,1.00,1.00
2017.04.19 13:47:10.234,1.82811,1.82851,1.00,1.37
2017.04.19 13:47:10.610,1.82811,1.82848,1.00,1.00
2017.04.19 13:47:10.661,1.82808,1.82848,1.00,1.00
2017.04.19 13:47:11.238,1.82805,1.82846,1.00,1.87
2017.04.19 13:47:11.569,1.82802,1.82842,1.37,1.00
2017.04.19 13:47:12.321,1.82803,1.82843,1.37,1.00
2017.04.19 13:47:12.729,1.82806,1.82843,1.00,1.00
2017.04.19 13:47:12.988,1.82803,1.82845,1.87,1.00
2017.04.19 13:47:13.040,1.82803,1.82843,1.00,1.37
2017.04.19 13:47:13.466,1.82802,1.82843,1.50,1.37
2017.04.19 13:47:14.135,1.82804,1.82838,1.00,1.00
2017.04.19 13:47:14.337,1.82804,1.8284,1.00,1.00
2017.04.19 13:47:14.438,1.82806,1.8284,1.00,1.00
2017.04.19 13:47:14.985,1.82807,1.8284,1.00,1.00
2017.04.19 13:47:15.036,1.82808,1.82846,1.00,1.00
2017.04.19 13:47:15.238,1.82807,1.82844,1.37,1.00
2017.04.19 13:47:15.288,1.82806,1.82844,1.12,1.00
2017.04.19 13:47:15.339,1.82806,1.82843,1.00,1.37
2017.04.19 13:47:15.684,1.82804,1.8284,1.00,1.00
2017.04.19 13:47:15.736,1.82804,1.82842,1.00,1.00
2017.04.19 13:47:16.041,1.82807,1.82842,1.00,1.00
2017.04.19 13:47:16.402,1.82812,1.82842,1.00,1.00
2017.04.19 13:47:16.453,1.82804,1.82843,1.00,1.37
2017.04.19 13:47:16.504,1.82807,1.82843,1.00,1.37
2017.04.19 13:47:16.807,1.8281,1.82841,1.00,1.37
2017.04.19 13:47:16.858,1.82803,1.82841,1.00,1.37
2017.04.19 13:47:17.358,1.82802,1.82838,1.87,1.00
2017.04.19 13:47:18.418,1.82801,1.82839,1.37,1.00
2017.04.19 13:47:18.659,1.82806,1.82845,1.37,1.00
2017.04.19 13:47:18.710,1.82806,1.82845,1.00,1.00
2017.04.19 13:47:19.063,1.82806,1.82841,1.00,1.00
2017.04.19 13:47:19.718,1.82806,1.82843,1.00,1.00
2017.04.19 13:47:19.950,1.82806,1.82841,1.00,1.00
2017.04.19 13:47:20.443,1.82806,1.82844,1.00,1.00
2017.04.19 13:47:20.545,1.82818,1.82844,1.00,1.00
2017.04.19 13:47:20.646,1.82817,1.82852,1.12,1.00
2017.04.19 13:47:20.697,1.82817,1.82855,1.00,1.00
2017.04.19 13:47:20.748,1.8282,1.82858,1.00,1.37
2017.04.19 13:47:20.849,1.82819,1.82858,1.00,1.12
2017.04.19 13:47:21.295,1.82819,1.82858,1.87,1.00
2017.04.19 13:47:21.991,1.8282,1.82859,1.87,1.00
2017.04.19 13:47:22.752,1.82821,1.82861,1.12,1.37
2017.04.19 13:47:23.362,1.82821,1.82859,1.87,1.00
2017.04.19 13:47:23.615,1.82819,1.82858,1.00,1.12
2017.04.19 13:47:24.295,1.82821,1.82861,1.00,1.46
2017.04.19 13:47:24.662,1.82821,1.82862,1.37,1.00
2017.04.19 13:47:24.977,1.82821,1.8286,1.37,1.00
2017.04.19 13:47:25.626,1.82821,1.82862,1.37,1.00
2017.04.19 13:47:26.357,1.82821,1.82861,1.87,1.00
2017.04.19 13:47:26.888,1.8282,1.82861,1.37,1.00
2017.04.19 13:47:27.040,1.82829,1.82865,1.37,1.00
2017.04.19 13:47:27.141,1.82829,1.82865,1.37,1.00
2017.04.19 13:47:27.192,1.82825,1.82865,1.87,1.00
2017.04.19 13:47:27.293,1.82825,1.82865,1.37,1.00
2017.04.19 13:47:27.641,1.82824,1.82863,1.37,1.00
2017.04.19 13:47:27.971,1.82824,1.82865,1.37,1.00
2017.04.19 13:47:28.203,1.82825,1.82864,1.37,1.00
2017.04.19 13:47:28.456,1.82827,1.82866,1.37,1.00
2017.04.19 13:47:28.983,1.82827,1.82865,1.87,1.00
2017.04.19 13:47:29.458,1.82829,1.82868,1.37,1.00
2017.04.19 13:47:29.675,1.82829,1.82866,1.37,1.00
2017.04.19 13:47:29.928,1.82828,1.82865,1.37,1.00
2017.04.19 13:47:29.979,1.82828,1.82867,1.37,1.00
2017.04.19 13:47:30.358,1.82828,1.82864,1.37,1.00
2017.04.19 13:47:31.063,1.82828,1.82866,1.37,1.00
2017.04.19 13:47:31.648,1.82826,1.82865,1.37,1.00
2017.04.19 13:47:32.186,1.82826,1.82866,1.37,1.00
2017.04.19 13:47:33.314,1.82826,1.82865,1.37,1.00
2017.04.19 13:47:33.415,1.82825,1.82865,1.37,1.00
2017.04.19 13:47:33.466,1.82825,1.82864,1.00,1.34
2017.04.19 13:47:33.769,1.82818,1.82855,1.37,1.00
2017.04.19 13:47:34.642,1.82819,1.82856,1.37,1.00
2017.04.19 13:47:35.041,1.82819,1.82854,1.37,1.00
2017.04.19 13:47:35.640,1.82819,1.82855,1.37,1.00
2017.04.19 13:47:36.742,1.82819,1.82854,1.37,1.00
2017.04.19 13:47:37.264,1.82818,1.82853,1.37,1.00
2017.04.19 13:47:37.788,1.82818,1.82854,1.37,1.00
2017.04.19 13:47:38.297,1.82818,1.82855,1.37,1.00
2017.04.19 13:47:38.643,1.82819,1.82853,1.37,1.00
2017.04.19 13:47:38.708,1.82819,1.82856,1.37,1.00
2017.04.19 13:47:38.853,1.82819,1.82856,1.37,1.00
2017.04.19 13:47:39.056,1.82819,1.82854,1.37,1.00
2017.04.19 13:47:39.157,1.82817,1.82852,1.37,1.00
2017.04.19 13:47:39.460,1.82811,1.82847,1.37,1.00
2017.04.19 13:47:40.010,1.8281,1.82847,1.87,1.00
2017.04.19 13:47:40.174,1.8281,1.82847,1.37,1.00
2017.04.19 13:47:40.225,1.82811,1.82846,1.37,1.00
2017.04.19 13:47:40.580,1.82813,1.82851,1.37,1.00
2017.04.19 13:47:40.632,1.82814,1.82851,1.37,1.00
2017.04.19 13:47:40.683,1.82815,1.82851,1.37,1.00
2017.04.19 13:47:41.036,1.82813,1.82851,1.37,1.00
2017.04.19 13:47:41.188,1.82813,1.82848,1.37,1.00
2017.04.19 13:47:42.761,1.82815,1.82849,1.37,1.00
2017.04.19 13:47:43.251,1.8281,1.82847,1.37,1.00
2017.04.19 13:47:43.302,1.8281,1.82847,1.37,1.00
2017.04.19 13:47:43.455,1.8281,1.82849,1.37,1.00
2017.04.19 13:47:43.960,1.82812,1.82848,1.37,1.00
2017.04.19 13:47:44.599,1.82812,1.82847,1.37,1.00
2017.04.19 13:47:45.873,1.82812,1.82847,1.37,1.00
2017.04.19 13:47:46.024,1.82812,1.82847,1.37,1.00
2017.04.19 13:47:46.075,1.8282,1.82849,1.37,1.00
2017.04.19 13:47:46.126,1.82818,1.82849,1.37,1.00
2017.04.19 13:47:46.177,1.8282,1.82856,1.37,1.00
2017.04.19 13:47:46.279,1.82817,1.82855,1.37,1.00
2017.04.19 13:47:46.427,1.82817,1.82854,1.37,1.00
2017.04.19 13:47:46.478,1.82817,1.82855,1.37,1.00
2017.04.19 13:47:46.782,1.82818,1.82855,1.37,1.00
2017.04.19 13:47:47.085,1.82821,1.82858,1.37,1.00
2017.04.19 13:47:47.187,1.82819,1.82854,1.37,1.00
2017.04.19 13:47:47.288,1.82818,1.82858,1.87,1.00
2017.04.19 13:47:47.389,1.82818,1.82854,1.37,1.00
2017.04.19 13:47:47.561,1.82819,1.82858,1.37,1.00
2017.04.19 13:47:47.662,1.82819,1.82855,1.37,1.00
2017.04.19 13:47:47.764,1.8282,1.82858,1.37,1.00
2017.04.19 13:47:48.273,1.82821,1.82857,1.37,1.00
2017.04.19 13:47:48.642,1.82821,1.82857,1.37,1.00
2017.04.19 13:47:50.412,1.82821,1.82857,1.37,1.00
2017.04.19 13:47:50.564,1.82821,1.82859,1.37,1.00
2017.04.19 13:47:50.665,1.82826,1.82859,1.37,1.00
2017.04.19 13:47:50.766,1.82829,1.82864,1.37,1.00
2017.04.19 13:47:50.818,1.82828,1.82864,1.37,1.00
2017.04.19 13:47:50.919,1.82831,1.82864,1.37,1.00
2017.04.19 13:47:50.970,1.8283,1.82865,1.37,1.00
2017.04.19 13:47:51.021,1.8283,1.82865,1.37,1.00
2017.04.19 13:47:51.173,1.82824,1.82861,1.37,1.00
2017.04.19 13:47:51.572,1.82831,1.82866,1.37,1.00
2017.04.19 13:47:51.624,1.82832,1.82866,1.37,1.00
2017.04.19 13:47:51.675,1.82833,1.82869,1.37,1.12
2017.04.19 13:47:51.725,1.82833,1.82869,1.37,1.00
2017.04.19 13:47:52.262,1.82833,1.8287,1.37,1.00
2017.04.19 13:47:52.522,1.82833,1.82869,1.37,1.00
2017.04.19 13:47:52.573,1.82835,1.82871,1.37,1.00
2017.04.19 13:47:52.624,1.82837,1.82871,1.37,1.00
2017.04.19 13:47:52.675,1.82837,1.82874,1.37,1.00
2017.04.19 13:47:52.905,1.82839,1.82874,1.37,1.00
2017.04.19 13:47:53.007,1.82841,1.82878,1.37,1.00
2017.04.19 13:47:53.310,1.8284,1.82875,1.37,1.00
2017.04.19 13:47:53.832,1.82837,1.82876,1.87,1.00
2017.04.19 13:47:54.087,1.82837,1.82878,1.87,1.00
2017.04.19 13:47:55.221,1.8284,1.82878,1.37,1.00
2017.04.19 13:47:55.566,1.8284,1.82876,1.37,1.00
2017.04.19 13:47:55.667,1.8284,1.82878,1.37,1.00
2017.04.19 13:47:55.819,1.82843,1.82878,1.37,1.00
2017.04.19 13:47:55.920,1.8284,1.82879,1.37,1.00
2017.04.19 13:47:56.173,1.82838,1.82877,1.37,1.00
2017.04.19 13:47:56.515,1.8285,1.8288,1.37,1.00
2017.04.19 13:47:56.566,1.82849,1.8288,1.37,1.00
2017.04.19 13:47:56.617,1.82849,1.82882,1.87,1.00
2017.04.19 13:47:56.718,1.82852,1.82888,1.37,1.00
2017.04.19 13:47:57.069,1.82852,1.82891,1.87,1.09
2017.04.19 13:47:58.235,1.82853,1.82891,1.37,1.00
2017.04.19 13:47:58.387,1.82854,1.82892,1.37,1.00
2017.04.19 13:47:58.488,1.82854,1.82892,1.37,1.00
2017.04.19 13:48:00.514,1.82852,1.82892,1.87,1.00
2017.04.19 13:48:00.917,1.82855,1.82895,1.37,1.00
2017.04.19 13:48:01.122,1.82855,1.82891,1.12,1.34
2017.04.19 13:48:01.425,1.82855,1.82878,1.00,1.00
2017.04.19 13:48:01.476,1.82845,1.82878,1.37,1.00
2017.04.19 13:48:01.528,1.82849,1.82881,1.37,1.00
2017.04.19 13:48:01.578,1.82852,1.82886,1.37,1.00
2017.04.19 13:48:01.680,1.82852,1.82889,1.37,1.00
2017.04.19 13:48:01.731,1.82853,1.82889,1.37,1.00
2017.04.19 13:48:01.885,1.82853,1.82891,1.87,1.09
2017.04.19 13:48:02.129,1.82856,1.82891,1.87,1.00
2017.04.19 13:48:02.681,1.82854,1.82891,1.87,1.00
2017.04.19 13:48:03.034,1.82853,1.82891,1.37,1.34
2017.04.19 13:48:03.085,1.82849,1.82886,1.37,1.00
2017.04.19 13:48:03.144,1.8285,1.82886,1.37,1.00
2017.04.19 13:48:03.220,1.82851,1.82888,1.37,1.00
2017.04.19 13:48:03.474,1.82852,1.82888,1.37,1.00
2017.04.19 13:48:03.777,1.82856,1.8289,1.37,1.00
2017.04.19 13:48:04.298,1.82856,1.82891,1.37,1.00
2017.04.19 13:48:04.542,1.82856,1.82891,1.37,1.00
2017.04.19 13:48:06.186,1.82853,1.8289,1.37,1.00
2017.04.19 13:48:06.483,1.82852,1.82894,1.37,1.00
2017.04.19 13:48:06.887,1.82852,1.82891,1.37,1.00
2017.04.19 13:48:07.185,1.82853,1.82891,1.37,1.00
2017.04.19 13:48:07.236,1.82847,1.82888,1.37,1.34
2017.04.19 13:48:07.286,1.82849,1.8288,1.37,1.00
2017.04.19 13:48:07.590,1.82847,1.82879,1.37,1.00
2017.04.19 13:48:07.691,1.82849,1.82885,1.37,1.00
2017.04.19 13:48:07.792,1.8285,1.82889,1.37,1.00
2017.04.19 13:48:07.893,1.82851,1.82889,1.37,1.00
2017.04.19 13:48:07.994,1.82851,1.82891,1.37,1.00
2017.04.19 13:48:08.045,1.82848,1.82891,1.37,1.50
2017.04.19 13:48:08.097,1.82846,1.82886,1.37,1.00
2017.04.19 13:48:08.514,1.82842,1.82884,1.87,1.00
2017.04.19 13:48:08.616,1.82842,1.82882,1.37,1.00
2017.04.19 13:48:08.717,1.82841,1.82882,1.87,1.00
2017.04.19 13:48:08.919,1.8284,1.8288,1.37,1.00
2017.04.19 13:48:09.393,1.82846,1.82882,1.37,1.00
2017.04.19 13:48:11.941,1.82843,1.82881,1.37,1.00
2017.04.19 13:48:12.457,1.82844,1.82882,1.37,1.00
2017.04.19 13:48:13.119,1.82844,1.82882,1.37,1.00
2017.04.19 13:48:13.264,1.82841,1.82879,1.87,1.00
2017.04.19 13:48:13.919,1.82838,1.82876,1.37,1.00
2017.04.19 13:48:15.671,1.82847,1.82876,1.37,1.00
2017.04.19 13:48:15.722,1.82847,1.82882,1.37,1.00
2017.04.19 13:48:15.924,1.82847,1.82884,1.37,1.00
2017.04.19 13:48:16.360,1.82847,1.82886,1.37,1.00
2017.04.19 13:48:17.449,1.82849,1.82887,1.37,1.00
2017.04.19 13:48:18.030,1.8285,1.82886,1.37,1.00
2017.04.19 13:48:18.634,1.82855,1.82888,1.37,1.00
2017.04.19 13:48:18.735,1.82856,1.82888,1.37,1.00
2017.04.19 13:48:18.786,1.82856,1.82888,1.37,1.00
2017.04.19 13:48:18.887,1.82856,1.82888,1.87,1.00
2017.04.19 13:48:19.036,1.82856,1.82892,1.87,1.00
2017.04.19 13:48:19.087,1.82856,1.82892,1.87,1.00
2017.04.19 13:48:19.501,1.82857,1.82892,1.87,1.00
2017.04.19 13:48:19.653,1.82857,1.82892,1.87,1.00
2017.04.19 13:48:19.704,1.82857,1.82892,1.37,1.00
2017.04.19 13:48:20.036,1.82858,1.82892,1.37,1.00
2017.04.19 13:48:20.215,1.82857,1.82896,1.37,1.00
2017.04.19 13:48:20.765,1.8286,1.82897,1.37,1.00
2017.04.19 13:48:20.992,1.82869,1.82901,1.12,1.00
2017.04.19 13:48:21.094,1.82869,1.82906,1.87,1.00
2017.04.19 13:48:21.632,1.82871,1.82908,1.00,1.00
2017.04.19 13:48:22.121,1.82872,1.82908,1.37,1.50
2017.04.19 13:48:22.657,1.82875,1.82908,1.00,1.00
2017.04.19 13:48:22.759,1.82875,1.82911,1.00,1.50
2017.04.19 13:48:22.863,1.82875,1.82911,1.37,1.50
2017.04.19 13:48:23.166,1.82874,1.82908,1.87,1.00
2017.04.19 13:48:23.693,1.82874,1.82909,1.37,1.00
2017.04.19 13:48:24.244,1.82874,1.82913,1.37,1.00
2017.04.19 13:48:24.436,1.82874,1.82911,1.37,1.00
2017.04.19 13:48:25.022,1.82874,1.82909,1.37,1.00
2017.04.19 13:48:25.427,1.82875,1.82914,1.87,1.00
2017.04.19 13:48:25.733,1.82875,1.82912,1.37,1.00
2017.04.19 13:48:25.935,1.82887,1.82918,1.37,1.00
2017.04.19 13:48:25.986,1.82887,1.82918,1.37,1.00
2017.04.19 13:48:26.037,1.82888,1.82923,1.37,1.00
2017.04.19 13:48:26.087,1.82888,1.82923,1.37,1.00
2017.04.19 13:48:26.138,1.82891,1.82928,1.37,1.00
2017.04.19 13:48:26.189,1.82893,1.82928,1.37,1.00
2017.04.19 13:48:26.442,1.82894,1.8293,1.87,1.00
2017.04.19 13:48:26.493,1.82895,1.8293,1.37,1.00
2017.04.19 13:48:26.814,1.82894,1.8293,1.00,1.00
2017.04.19 13:48:26.865,1.82894,1.82927,1.00,1.00
2017.04.19 13:48:26.916,1.82887,1.82927,1.87,1.00
2017.04.19 13:48:26.966,1.82888,1.82924,1.37,1.00
2017.04.19 13:48:27.641,1.82887,1.82923,1.12,1.00
2017.04.19 13:48:27.691,1.82886,1.82922,1.37,1.00
2017.04.19 13:48:28.673,1.82888,1.82921,1.87,1.00
2017.04.19 13:48:28.774,1.82889,1.82923,1.12,1.00
2017.04.19 13:48:29.528,1.82889,1.82921,1.12,1.00
2017.04.19 13:48:29.831,1.82882,1.82915,1.37,1.00
2017.04.19 13:48:30.033,1.82881,1.82915,1.87,1.00
2017.04.19 13:48:30.248,1.82881,1.82905,1.00,1.00
2017.04.19 13:48:30.299,1.82873,1.82905,1.00,1.00
2017.04.19 13:48:30.350,1.82869,1.82904,1.37,1.00
2017.04.19 13:48:30.857,1.82866,1.82903,1.37,1.00
2017.04.19 13:48:30.908,1.82866,1.82903,1.37,1.00
2017.04.19 13:48:31.211,1.82865,1.829,1.37,1.00
2017.04.19 13:48:31.508,1.82865,1.82902,1.37,1.00
2017.04.19 13:48:31.642,1.82866,1.829,1.37,1.00
2017.04.19 13:48:32.147,1.82866,1.82901,1.87,1.00
2017.04.19 13:48:32.198,1.82867,1.82901,1.37,1.00
2017.04.19 13:48:32.581,1.82865,1.829,1.37,1.00
2017.04.19 13:48:32.753,1.82865,1.829,1.37,1.00
2017.04.19 13:48:32.804,1.82866,1.829,1.37,1.00
2017.04.19 13:48:32.854,1.82868,1.82904,1.37,1.00
2017.04.19 13:48:33.006,1.82869,1.82904,1.37,1.00
2017.04.19 13:48:33.057,1.82869,1.8291,1.87,1.50
2017.04.19 13:48:33.158,1.8287,1.82905,1.87,1.00
2017.04.19 13:48:33.475,1.82872,1.82905,1.37,1.00
2017.04.19 13:48:33.759,1.82871,1.82907,1.37,1.00
2017.04.19 13:48:34.330,1.82872,1.82907,1.50,1.00
2017.04.19 13:48:34.850,1.82872,1.82908,1.37,1.00
2017.04.19 13:48:35.237,1.82872,1.82905,1.37,1.00
2017.04.19 13:48:35.691,1.82873,1.82905,1.37,1.00
2017.04.19 13:48:35.742,1.82873,1.82907,1.37,1.09
2017.04.19 13:48:35.843,1.8287,1.82898,1.37,1.00
2017.04.19 13:48:35.995,1.82867,1.82898,1.00,1.00
2017.04.19 13:48:36.046,1.82863,1.82897,1.37,1.00
2017.04.19 13:48:36.198,1.82864,1.82897,1.87,1.00
2017.04.19 13:48:36.349,1.82865,1.829,1.87,1.00
2017.04.19 13:48:36.674,1.82867,1.829,1.37,1.00
2017.04.19 13:48:36.775,1.82869,1.82904,1.37,1.00
2017.04.19 13:48:37.011,1.82867,1.82897,1.37,1.00
2017.04.19 13:48:37.314,1.82867,1.82903,1.37,1.00
2017.04.19 13:48:37.818,1.82871,1.82903,1.37,1.00
2017.04.19 13:48:37.869,1.82872,1.82907,1.37,1.00
2017.04.19 13:48:37.920,1.82872,1.82907,1.87,1.00
2017.04.19 13:48:38.422,1.82872,1.82907,1.37,1.00
2017.04.19 13:48:38.844,1.82873,1.82911,1.87,1.00
2017.04.19 13:48:39.043,1.82873,1.82909,1.87,1.00
2017.04.19 13:48:39.094,1.82873,1.82909,1.37,1.00
2017.04.19 13:48:39.144,1.82866,1.82902,1.37,1.00
2017.04.19 13:48:39.470,1.82865,1.82898,1.37,1.00
2017.04.19 13:48:39.725,1.82861,1.82897,1.37,1.00
2017.04.19 13:48:40.222,1.82861,1.82897,1.87,1.00
2017.04.19 13:48:40.864,1.82864,1.82899,1.87,1.00
2017.04.19 13:48:40.965,1.82864,1.82897,1.87,1.00
2017.04.19 13:48:42.647,1.82864,1.82899,1.87,1.00
2017.04.19 13:48:42.848,1.82864,1.82897,1.87,1.00
2017.04.19 13:48:43.648,1.82865,1.82899,1.37,1.00
2017.04.19 13:48:44.009,1.82865,1.82897,1.37,1.00
2017.04.19 13:48:44.494,1.82865,1.82899,1.37,1.00
2017.04.19 13:48:44.550,1.82865,1.82902,1.37,1.00
2017.04.19 13:48:44.850,1.82865,1.82899,1.37,1.00
2017.04.19 13:48:45.803,1.82861,1.82899,1.37,1.00
2017.04.19 13:48:45.854,1.82861,1.82897,1.37,1.00
2017.04.19 13:48:46.561,1.82862,1.82897,1.37,1.00
2017.04.19 13:48:47.551,1.82862,1.82897,1.37,1.09
2017.04.19 13:48:47.602,1.8286,1.82897,1.37,1.00
2017.04.19 13:48:48.122,1.8286,1.82896,1.37,1.00
2017.04.19 13:48:51.763,1.82857,1.82895,1.37,1.09
2017.04.19 13:48:51.814,1.82856,1.82892,1.00,1.00
2017.04.19 13:48:51.864,1.82847,1.82884,1.37,1.00
2017.04.19 13:48:52.168,1.82847,1.82886,1.37,1.00
2017.04.19 13:48:52.421,1.82847,1.82886,1.37,1.00
2017.04.19 13:48:52.728,1.82847,1.82886,1.37,1.00
2017.04.19 13:48:52.967,1.82846,1.82878,1.37,1.00
2017.04.19 13:48:53.018,1.82844,1.82878,1.37,1.00
2017.04.19 13:48:53.069,1.8284,1.82874,1.87,1.00
2017.04.19 13:48:53.170,1.8284,1.82878,1.87,1.00
2017.04.19 13:48:53.271,1.82838,1.82874,1.37,1.00
2017.04.19 13:48:53.322,1.82838,1.82874,1.37,1.00
2017.04.19 13:48:53.726,1.82837,1.82875,2.62,1.00
2017.04.19 13:48:54.161,1.82837,1.82877,2.62,1.00
2017.04.19 13:48:54.578,1.82836,1.82874,1.87,1.00
2017.04.19 13:48:54.629,1.82834,1.82874,1.37,1.00
2017.04.19 13:48:54.859,1.82834,1.82875,1.87,1.00
2017.04.19 13:48:55.313,1.82834,1.82874,1.87,1.50
2017.04.19 13:48:55.894,1.82834,1.82875,1.87,1.50
2017.04.19 13:48:57.190,1.82835,1.82875,1.37,1.00
2017.04.19 13:48:57.698,1.82832,1.82874,1.37,1.00
2017.04.19 13:48:57.799,1.82831,1.82867,1.87,1.00
2017.04.19 13:48:57.951,1.8283,1.82867,1.37,1.00
2017.04.19 13:48:58.002,1.8283,1.82871,1.37,1.00
2017.04.19 13:48:58.534,1.8283,1.82871,1.37,1.00
2017.04.19 13:48:59.959,1.8283,1.82871,1.37,1.00
2017.04.19 13:49:00.230,1.82825,1.82861,1.87,1.00
2017.04.19 13:49:00.281,1.82824,1.82857,1.37,1.00
2017.04.19 13:49:00.332,1.82824,1.82857,1.37,1.00
2017.04.19 13:49:00.483,1.82821,1.8286,1.37,1.00
2017.04.19 13:49:00.584,1.82818,1.82856,1.87,1.00
2017.04.19 13:49:00.685,1.8282,1.82859,1.37,1.00
2017.04.19 13:49:00.837,1.8282,1.8286,1.37,1.00
2017.04.19 13:49:00.888,1.8282,1.82857,1.37,1.00
2017.04.19 13:49:00.989,1.8282,1.82859,1.37,1.00
2017.04.19 13:49:01.090,1.8282,1.82857,1.37,1.00
2017.04.19 13:49:01.624,1.8282,1.82861,1.37,1.00
2017.04.19 13:49:01.917,1.82818,1.82859,1.87,1.00
2017.04.19 13:49:02.242,1.82817,1.82857,1.37,1.00
2017.04.19 13:49:02.821,1.82814,1.82856,1.87,1.50
2017.04.19 13:49:03.972,1.82818,1.82856,1.87,1.00
2017.04.19 13:49:04.023,1.82818,1.82858,1.87,1.00
2017.04.19 13:49:04.225,1.82817,1.82858,1.37,1.00
2017.04.19 13:49:04.276,1.82815,1.82855,1.37,1.00
2017.04.19 13:49:04.578,1.82818,1.82857,1.37,1.00
2017.04.19 13:49:04.629,1.82816,1.82857,1.87,1.00
2017.04.19 13:49:04.680,1.82816,1.82855,1.37,1.00
2017.04.19 13:49:05.069,1.82817,1.82855,1.87,1.00
2017.04.19 13:49:05.120,1.82817,1.82856,1.37,1.00
2017.04.19 13:49:05.222,1.82819,1.82859,1.37,1.00
2017.04.19 13:49:05.526,1.82819,1.82857,1.37,1.00
2017.04.19 13:49:05.829,1.82821,1.82857,1.87,1.00
2017.04.19 13:49:05.880,1.82821,1.82859,1.87,1.00
2017.04.19 13:49:06.031,1.8282,1.82859,1.37,1.00
2017.04.19 13:49:06.082,1.82822,1.82861,1.37,1.00
2017.04.19 13:49:06.572,1.82819,1.8286,1.37,1.00
2017.04.19 13:49:07.100,1.82819,1.82861,1.37,1.00
2017.04.19 13:49:07.648,1.82819,1.8286,1.37,1.00
2017.04.19 13:49:07.959,1.82819,1.82857,1.37,1.00
2017.04.19 13:49:08.012,1.82819,1.82857,1.37,1.00
2017.04.19 13:49:08.214,1.82819,1.82856,1.37,1.00
2017.04.19 13:49:08.366,1.82819,1.82856,1.87,1.00
2017.04.19 13:49:08.880,1.82819,1.82855,1.37,1.00
2017.04.19 13:49:09.422,1.82819,1.82854,1.37,1.00
2017.04.19 13:49:09.524,1.82819,1.82857,1.37,1.00
2017.04.19 13:49:09.883,1.82817,1.82853,1.37,1.00
2017.04.19 13:49:10.110,1.82818,1.82855,1.37,1.00
2017.04.19 13:49:10.923,1.82817,1.82857,1.37,1.00
2017.04.19 13:49:11.075,1.82819,1.82857,1.87,1.00
2017.04.19 13:49:11.329,1.82817,1.82855,1.37,1.00
2017.04.19 13:49:11.384,1.82817,1.82857,1.37,1.00
2017.04.19 13:49:11.489,1.82816,1.82855,1.37,1.00
2017.04.19 13:49:11.692,1.82816,1.82857,1.37,1.00
2017.04.19 13:49:12.589,1.82818,1.82859,1.37,1.00
2017.04.19 13:49:12.934,1.82817,1.82856,1.12,1.12
2017.04.19 13:49:13.289,1.82816,1.82856,1.00,1.37
2017.04.19 13:49:13.876,1.82815,1.82854,1.50,1.37
2017.04.19 13:49:14.752,1.82815,1.82855,1.00,1.37
2017.04.19 13:49:15.290,1.82815,1.82855,1.00,1.12
2017.04.19 13:49:15.911,1.82813,1.82856,1.50,2.62
2017.04.19 13:49:16.113,1.82811,1.82851,1.12,1.12
2017.04.19 13:49:16.525,1.82814,1.82852,1.00,1.37
2017.04.19 13:49:17.164,1.8281,1.82852,1.12,1.37
2017.04.19 13:49:17.425,1.82813,1.82852,1.00,1.37
2017.04.19 13:49:17.809,1.82811,1.82852,1.00,1.12
2017.04.19 13:49:17.860,1.82811,1.82852,1.00,1.37
2017.04.19 13:49:18.011,1.82802,1.82841,1.00,1.00
2017.04.19 13:49:18.550,1.82803,1.82843,1.00,1.46
2017.04.19 13:49:18.726,1.82799,1.8284,1.37,1.00
2017.04.19 13:49:19.235,1.82799,1.82842,1.37,1.37
2017.04.19 13:49:19.714,1.82803,1.82842,1.00,1.37
2017.04.19 13:49:19.897,1.82801,1.82842,1.12,1.37
2017.04.19 13:49:20.497,1.82802,1.82844,1.00,1.46
2017.04.19 13:49:21.005,1.828,1.82842,1.87,1.00
2017.04.19 13:49:21.106,1.82804,1.82843,1.12,1.00
2017.04.19 13:49:21.783,1.82803,1.82843,1.37,1.00
2017.04.19 13:49:22.093,1.82808,1.82843,1.00,1.00
2017.04.19 13:49:22.780,1.82809,1.82843,1.00,1.00
2017.04.19 13:49:23.134,1.82811,1.82844,1.00,1.00
2017.04.19 13:49:23.279,1.82811,1.82847,1.00,1.00
2017.04.19 13:49:23.987,1.82811,1.82847,1.50,1.37
2017.04.19 13:49:24.544,1.82812,1.82846,1.00,1.00
2017.04.19 13:49:24.880,1.82814,1.82849,1.00,1.00
2017.04.19 13:49:25.484,1.82813,1.82849,1.00,1.00
2017.04.19 13:49:25.926,1.82812,1.82847,1.00,1.37
2017.04.19 13:49:25.978,1.8281,1.82847,1.00,1.00
2017.04.19 13:49:26.131,1.82811,1.82851,1.00,1.71
2017.04.19 13:49:27.640,1.8281,1.82849,1.50,1.00
2017.04.19 13:49:28.170,1.8281,1.82848,1.50,1.00
2017.04.19 13:49:28.408,1.8281,1.8285,1.50,1.46
2017.04.19 13:49:28.860,1.8281,1.8285,1.50,1.37
2017.04.19 13:49:29.112,1.82812,1.82851,1.00,1.12
2017.04.19 13:49:29.382,1.82819,1.82852,1.00,1.00
2017.04.19 13:49:29.433,1.82819,1.82858,1.00,1.37
2017.04.19 13:49:29.485,1.82823,1.82858,1.00,1.37
2017.04.19 13:49:29.637,1.82825,1.82861,1.00,1.12
2017.04.19 13:49:30.071,1.82827,1.82865,1.00,1.71
2017.04.19 13:49:30.172,1.82828,1.82865,1.00,1.00
2017.04.19 13:49:30.223,1.82828,1.82868,1.00,1.00
2017.04.19 13:49:30.859,1.82828,1.82869,1.00,1.00
2017.04.19 13:49:31.412,1.82828,1.82867,1.00,1.00
2017.04.19 13:49:32.070,1.82829,1.82867,1.12,1.00
2017.04.19 13:49:32.271,1.82827,1.82867,1.87,1.00
2017.04.19 13:49:32.535,1.82827,1.82865,1.12,1.00
2017.04.19 13:49:32.815,1.82828,1.82868,1.00,1.00
2017.04.19 13:49:33.434,1.82829,1.82869,1.00,1.00
2017.04.19 13:49:33.893,1.82828,1.82869,1.12,1.46
2017.04.19 13:49:34.545,1.82826,1.82866,1.37,1.00
2017.04.19 13:49:34.651,1.82826,1.82866,1.00,1.00
2017.04.19 13:49:34.900,1.82826,1.82866,1.00,1.37
2017.04.19 13:49:34.950,1.82823,1.82866,3.00,1.87
2017.04.19 13:49:35.263,1.82823,1.82862,1.50,1.37
2017.04.19 13:49:35.364,1.8282,1.82861,1.37,1.37
2017.04.19 13:49:35.466,1.8282,1.82861,1.37,1.71
2017.04.19 13:49:35.567,1.82814,1.82855,1.12,1.00
2017.04.19 13:49:36.081,1.82812,1.82854,1.37,1.50
2017.04.19 13:49:36.613,1.82812,1.82854,1.37,1.50
2017.04.19 13:49:36.815,1.82812,1.82853,1.00,1.37
2017.04.19 13:49:36.916,1.82814,1.82855,1.12,1.00
2017.04.19 13:49:36.967,1.82816,1.82858,1.37,1.12
2017.04.19 13:49:37.404,1.82816,1.82858,1.12,1.37
2017.04.19 13:49:37.951,1.82816,1.82853,1.12,1.00
2017.04.19 13:49:38.727,1.82815,1.82853,1.00,1.12
2017.04.19 13:49:39.520,1.82815,1.82855,1.00,1.87
2017.04.19 13:49:39.831,1.82817,1.82855,1.00,1.87
2017.04.19 13:49:39.882,1.82817,1.82856,1.00,1.00
2017.04.19 13:49:39.983,1.82817,1.82858,1.00,3.37
2017.04.19 13:49:40.135,1.8281,1.82852,1.00,2.62
2017.04.19 13:49:40.769,1.82809,1.8285,1.12,1.37
2017.04.19 13:49:41.093,1.82809,1.8285,1.37,1.00
2017.04.19 13:49:41.347,1.82807,1.82849,1.00,1.37
2017.04.19 13:49:41.449,1.82807,1.82849,1.12,1.37
2017.04.19 13:49:41.814,1.8281,1.82847,1.00,1.37
2017.04.19 13:49:42.144,1.82811,1.82851,1.00,1.37
2017.04.19 13:49:42.346,1.8281,1.82842,1.00,1.00
2017.04.19 13:49:42.397,1.82808,1.82842,1.00,1.00
2017.04.19 13:49:42.448,1.82804,1.82842,1.87,1.00
2017.04.19 13:49:42.614,1.82804,1.82844,1.87,1.12
2017.04.19 13:49:43.611,1.82806,1.82848,1.12,1.37
2017.04.19 13:49:44.247,1.82807,1.82849,1.00,1.37
2017.04.19 13:49:44.458,1.82807,1.82849,1.37,1.00
2017.04.19 13:49:44.963,1.82811,1.82854,1.00,1.87
2017.04.19 13:49:45.447,1.82811,1.82854,1.12,1.87
2017.04.19 13:49:46.034,1.82811,1.82851,1.12,1.00
2017.04.19 13:49:46.414,1.82814,1.82851,1.12,1.00
2017.04.19 13:49:46.465,1.82815,1.82855,1.37,1.00
2017.04.19 13:49:46.617,1.82819,1.82856,1.00,1.00
2017.04.19 13:49:46.932,1.82821,1.82857,1.00,1.00
2017.04.19 13:49:47.276,1.82823,1.82859,1.00,1.00
2017.04.19 13:49:47.802,1.82822,1.82859,1.00,1.37
2017.04.19 13:49:47.853,1.8282,1.82859,1.00,1.37
2017.04.19 13:49:48.128,1.82823,1.82858,1.00,1.00
2017.04.19 13:49:48.285,1.82824,1.82861,1.00,1.37
2017.04.19 13:49:48.913,1.82823,1.82861,1.00,1.37
2017.04.19 13:49:49.843,1.82819,1.8286,2.62,1.12
2017.04.19 13:49:50.441,1.82819,1.8286,1.50,1.87
2017.04.19 13:49:52.982,1.82819,1.8286,1.87,1.12
2017.04.19 13:49:53.366,1.82819,1.8286,1.50,2.21
2017.04.19 13:49:53.417,1.82809,1.8285,1.00,1.37
2017.04.19 13:49:53.569,1.82806,1.8285,1.87,1.37
2017.04.19 13:49:54.321,1.82806,1.8285,1.87,1.37
2017.04.19 13:49:54.670,1.82811,1.82852,1.87,1.00
2017.04.19 13:49:55.027,1.82814,1.82855,1.00,1.37
2017.04.19 13:49:55.373,1.82819,1.82861,1.37,2.62
2017.04.19 13:49:55.676,1.82823,1.82862,1.00,1.37
2017.04.19 13:49:56.185,1.82817,1.82858,1.00,1.37
2017.04.19 13:49:56.236,1.82817,1.82857,1.00,1.87
2017.04.19 13:49:56.439,1.82817,1.82858,1.37,1.00
2017.04.19 13:49:56.692,1.8282,1.82863,1.37,1.87
2017.04.19 13:49:56.743,1.8282,1.82863,1.37,1.00
2017.04.19 13:49:56.895,1.82825,1.82863,1.00,1.00
2017.04.19 13:49:57.199,1.82827,1.82865,1.00,1.37
2017.04.19 13:49:57.981,1.82826,1.82865,1.00,2.62
2017.04.19 13:49:58.083,1.82826,1.82863,1.00,1.37
2017.04.19 13:49:59.321,1.82826,1.82865,1.00,2.62
2017.04.19 13:49:59.372,1.82826,1.82862,1.00,1.00
2017.04.19 13:49:59.588,1.82824,1.82862,1.00,1.00
2017.04.19 13:49:59.642,1.82824,1.82863,1.00,1.37
2017.04.19 13:50:00.147,1.82823,1.82861,1.00,1.37
2017.04.19 13:50:00.249,1.82823,1.82861,1.00,1.12
2017.04.19 13:50:00.759,1.82822,1.82862,1.12,1.00
2017.04.19 13:50:00.861,1.82822,1.8286,1.37,1.00
2017.04.19 13:50:03.814,1.8282,1.8286,1.12,1.00
2017.04.19 13:50:04.450,1.82819,1.8286,1.50,1.37
2017.04.19 13:50:04.602,1.82822,1.82863,1.12,1.37
2017.04.19 13:50:04.653,1.82821,1.82863,1.87,1.00
2017.04.19 13:50:04.813,1.82826,1.82865,1.00,1.37
2017.04.19 13:50:05.251,1.82829,1.8287,1.00,1.37
2017.04.19 13:50:05.593,1.82822,1.82863,1.00,1.87
2017.04.19 13:50:05.695,1.8282,1.82863,1.00,2.62
2017.04.19 13:50:06.200,1.82819,1.8286,1.12,1.37
2017.04.19 13:50:08.429,1.82817,1.8286,1.00,1.87
2017.04.19 13:50:08.480,1.82823,1.82864,1.00,2.21
2017.04.19 13:50:08.812,1.82819,1.82862,1.87,1.37
2017.04.19 13:50:09.325,1.82821,1.82863,1.00,1.37
2017.04.19 13:50:10.102,1.82823,1.82863,1.00,1.37
2017.04.19 13:50:10.153,1.82823,1.82863,1.00,1.37
2017.04.19 13:50:10.305,1.8283,1.82863,1.00,1.37
2017.04.19 13:50:10.356,1.82834,1.82871,1.00,1.00
2017.04.19 13:50:10.710,1.82836,1.82873,1.00,1.37
2017.04.19 13:50:11.026,1.82833,1.82873,1.00,1.37
2017.04.19 13:50:11.433,1.8283,1.82867,1.50,1.00
2017.04.19 13:50:11.771,1.82832,1.8287,1.00,1.00
2017.04.19 13:50:11.822,1.82834,1.8287,1.00,1.00
2017.04.19 13:50:12.195,1.82832,1.82872,1.50,1.37
2017.04.19 13:50:13.901,1.82832,1.82871,1.00,1.37
2017.04.19 13:50:13.952,1.82828,1.82871,1.87,1.37
2017.04.19 13:50:14.599,1.82826,1.82866,1.37,1.00
2017.04.19 13:50:15.105,1.82822,1.82865,1.87,1.50
2017.04.19 13:50:15.641,1.82827,1.82865,1.00,1.12
2017.04.19 13:50:16.175,1.82827,1.82864,1.37,1.00
2017.04.19 13:50:16.276,1.82827,1.82866,1.87,1.00
2017.04.19 13:50:16.615,1.82829,1.82864,1.00,1.00
2017.04.19 13:50:16.717,1.82831,1.82869,1.00,1.00
2017.04.19 13:50:17.242,1.82829,1.8287,1.87,1.12
2017.04.19 13:50:17.752,1.82831,1.82872,1.00,1.37
2017.04.19 13:50:18.015,1.82832,1.82872,1.37,1.00
2017.04.19 13:50:18.116,1.82835,1.82876,1.00,1.87
2017.04.19 13:50:18.375,1.82833,1.82875,1.87,1.37
2017.04.19 13:50:19.164,1.82834,1.82875,1.00,1.00
2017.04.19 13:50:19.505,1.82834,1.82875,1.12,1.37
2017.04.19 13:50:19.859,1.82831,1.82868,1.00,1.87
2017.04.19 13:50:19.910,1.82829,1.82869,1.00,1.37
2017.04.19 13:50:20.011,1.82829,1.82869,1.37,1.00
2017.04.19 13:50:20.517,1.8283,1.82869,1.00,1.12
2017.04.19 13:50:20.618,1.8283,1.82869,1.37,1.00
2017.04.19 13:50:20.719,1.82832,1.82872,1.37,1.00
2017.04.19 13:50:20.871,1.82831,1.82872,1.87,1.00
2017.04.19 13:50:20.972,1.82839,1.82871,1.37,1.00
2017.04.19 13:50:21.023,1.8284,1.82875,1.00,1.00
2017.04.19 13:50:21.124,1.82836,1.82875,1.37,1.00
2017.04.19 13:50:21.300,1.82838,1.82877,1.00,1.00
2017.04.19 13:50:21.351,1.82834,1.82877,1.87,1.87
2017.04.19 13:50:21.402,1.82833,1.82873,1.37,1.00
2017.04.19 13:50:21.503,1.82832,1.82873,1.12,1.00
2017.04.19 13:50:22.636,1.82831,1.82873,1.37,1.37
2017.04.19 13:50:23.183,1.82831,1.82871,1.37,1.00
2017.04.19 13:50:23.284,1.82832,1.82874,1.12,1.12
2017.04.19 13:50:23.637,1.82836,1.82874,1.00,1.12
2017.04.19 13:50:23.965,1.82841,1.82876,1.00,1.00
2017.04.19 13:50:24.016,1.82841,1.82879,1.00,1.00
2017.04.19 13:50:24.582,1.8284,1.82879,1.00,1.12
2017.04.19 13:50:25.103,1.82839,1.82879,1.00,1.12
2017.04.19 13:50:25.154,1.82839,1.82878,1.00,1.37
2017.04.19 13:50:25.608,1.82841,1.82878,1.12,1.00
2017.04.19 13:50:25.912,1.82845,1.82884,1.00,1.37
2017.04.19 13:50:26.446,1.82845,1.82884,1.00,1.37
2017.04.19 13:50:26.755,1.82847,1.82884,1.00,1.37
2017.04.19 13:50:27.410,1.82847,1.82887,1.00,1.37
2017.04.19 13:50:28.136,1.82847,1.82887,1.00,1.12
2017.04.19 13:50:28.187,1.82849,1.82887,1.12,1.00
2017.04.19 13:50:28.440,1.82852,1.82892,1.00,1.50
2017.04.19 13:50:28.542,1.82853,1.82892,1.50,1.37
2017.04.19 13:50:28.846,1.82839,1.82878,1.00,1.37
2017.04.19 13:50:29.217,1.82841,1.8288,1.00,1.37
2017.04.19 13:50:29.406,1.82839,1.8288,1.50,1.37
2017.04.19 13:50:30.102,1.82839,1.82877,1.00,1.00
2017.04.19 13:50:30.360,1.82837,1.82877,1.12,1.37
2017.04.19 13:50:31.696,1.82833,1.82875,1.37,1.12
2017.04.19 13:50:31.797,1.82833,1.82873,1.00,1.37
2017.04.19 13:50:32.002,1.82831,1.82873,1.12,1.37
2017.04.19 13:50:32.597,1.82831,1.82871,1.12,1.00
2017.04.19 13:50:33.328,1.82831,1.82872,1.12,1.12
2017.04.19 13:50:33.497,1.82831,1.8287,1.12,1.00
2017.04.19 13:50:33.831,1.82834,1.82873,1.00,1.37
2017.04.19 13:50:35.000,1.82834,1.82871,1.00,1.00
2017.04.19 13:50:35.554,1.82834,1.82873,1.00,1.37
2017.04.19 13:50:35.724,1.82832,1.82873,1.00,1.37
2017.04.19 13:50:35.876,1.82832,1.82871,1.00,1.37
2017.04.19 13:50:36.179,1.82829,1.82859,1.00,1.37
2017.04.19 13:50:36.555,1.82813,1.82856,1.71,1.00
2017.04.19 13:50:36.733,1.82819,1.82856,1.00,1.00
2017.04.19 13:50:36.885,1.82819,1.8286,1.00,1.87
2017.04.19 13:50:37.363,1.82824,1.82862,1.00,1.37
2017.04.19 13:50:37.414,1.8282,1.82862,1.12,1.37
2017.04.19 13:50:37.465,1.82821,1.82864,1.87,1.37
2017.04.19 13:50:37.991,1.82822,1.82865,1.37,1.37
2017.04.19 13:50:38.279,1.82825,1.82866,1.00,1.87
2017.04.19 13:50:38.473,1.82823,1.82864,1.12,1.37
2017.04.19 13:50:39.058,1.82823,1.82864,1.12,1.37
2017.04.19 13:50:39.109,1.82823,1.82863,1.00,1.71
2017.04.19 13:50:39.160,1.8282,1.8286,1.12,1.46
2017.04.19 13:50:39.652,1.82818,1.82859,1.37,1.34
2017.04.19 13:50:40.401,1.82818,1.82859,1.00,1.46
2017.04.19 13:50:40.503,1.82818,1.82859,1.00,2.62
2017.04.19 13:50:40.554,1.82815,1.82856,1.00,1.37
2017.04.19 13:50:40.865,1.82815,1.82856,1.12,1.12
2017.04.19 13:50:41.384,1.82816,1.8286,1.50,1.37
2017.04.19 13:50:41.766,1.82818,1.82858,1.00,1.87
2017.04.19 13:50:41.817,1.82816,1.82858,1.50,1.87
2017.04.19 13:50:42.328,1.82815,1.82853,1.00,1.12
2017.04.19 13:50:42.492,1.82818,1.82853,1.00,1.12
2017.04.19 13:50:42.947,1.82821,1.82855,1.00,1.37
2017.04.19 13:50:43.048,1.82819,1.82856,1.50,1.00
2017.04.19 13:50:43.202,1.82818,1.82856,1.00,1.37
2017.04.19 13:50:43.333,1.82816,1.82856,1.00,1.37
2017.04.19 13:50:43.569,1.82819,1.82856,1.00,1.12
2017.04.19 13:50:44.076,1.82819,1.82857,1.00,1.12
2017.04.19 13:50:44.582,1.82819,1.8286,1.87,1.12
2017.04.19 13:50:44.684,1.82821,1.82858,1.12,1.00
2017.04.19 13:50:44.936,1.82822,1.8286,1.00,1.12
2017.04.19 13:50:45.430,1.8282,1.8286,1.50,1.00
2017.04.19 13:50:45.632,1.82822,1.8286,1.00,1.00
2017.04.19 13:50:46.224,1.82823,1.8286,1.00,1.00
2017.04.19 13:50:46.441,1.82823,1.82864,1.00,1.37
2017.04.19 13:50:46.592,1.82822,1.82859,1.00,1.00
2017.04.19 13:50:47.117,1.82823,1.82859,1.00,1.00
2017.04.19 13:50:47.703,1.82822,1.82859,1.50,1.00
2017.04.19 13:50:48.013,1.82824,1.8286,1.50,1.00
2017.04.19 13:50:48.317,1.82826,1.82861,1.50,1.00
2017.04.19 13:50:48.368,1.82826,1.82865,1.50,1.37
2017.04.19 13:50:48.899,1.82826,1.82865,1.00,1.37
2017.04.19 13:50:49.202,1.82828,1.82865,1.00,1.00
2017.04.19 13:50:49.505,1.82831,1.82871,1.50,1.37
2017.04.19 13:50:50.098,1.82831,1.8287,1.00,1.37
2017.04.19 13:50:50.401,1.82828,1.82869,1.00,1.46
2017.04.19 13:50:50.452,1.82828,1.82869,1.00,1.37
2017.04.19 13:50:50.503,1.8283,1.82869,1.00,1.00
2017.04.19 13:50:50.697,1.82834,1.82869,1.00,1.00
2017.04.19 13:50:51.024,1.82836,1.82875,1.00,1.87
2017.04.19 13:50:51.564,1.82837,1.82875,1.00,1.87
2017.04.19 13:50:52.414,1.82837,1.82877,1.00,1.37
2017.04.19 13:50:52.667,1.82839,1.8288,1.50,1.87
2017.04.19 13:50:52.718,1.8284,1.82882,1.50,2.62
2017.04.19 13:50:53.361,1.8284,1.82878,1.00,1.37
2017.04.19 13:50:54.420,1.82839,1.82878,1.50,1.37
2017.04.19 13:50:56.112,1.82839,1.82878,1.50,1.37
2017.04.19 13:50:57.214,1.82839,1.8288,1.50,1.87
2017.04.19 13:50:57.766,1.82839,1.8288,1.00,1.37
2017.04.19 13:50:58.349,1.8284,1.82881,1.00,1.87
2017.04.19 13:50:59.055,1.8284,1.82882,1.00,2.62
2017.04.19 13:50:59.358,1.82838,1.82878,1.50,1.12
2017.04.19 13:50:59.459,1.82835,1.82878,2.62,1.12
2017.04.19 13:51:00.157,1.82836,1.82878,1.37,1.37
2017.04.19 13:51:00.471,1.82844,1.82879,1.00,1.12
2017.04.19 13:51:00.522,1.82844,1.82882,1.00,1.12
2017.04.19 13:51:01.027,1.82845,1.82882,1.00,1.12
2017.04.19 13:51:01.544,1.82845,1.82884,1.50,1.12
2017.04.19 13:51:01.594,1.82845,1.82883,1.50,1.87
2017.04.19 13:51:01.847,1.82844,1.82884,1.50,1.87
2017.04.19 13:51:01.999,1.82845,1.82883,1.50,1.87
2017.04.19 13:51:02.050,1.82845,1.82884,1.00,1.37
2017.04.19 13:51:02.202,1.82847,1.82884,1.00,1.37
2017.04.19 13:51:02.535,1.82845,1.82882,1.50,1.37
2017.04.19 13:51:02.687,1.82847,1.82882,1.00,1.37
2017.04.19 13:51:03.007,1.82845,1.82882,1.00,1.37
2017.04.19 13:51:03.092,1.82843,1.82883,1.00,1.37
2017.04.19 13:51:03.193,1.82845,1.82883,1.00,1.37
2017.04.19 13:51:03.614,1.82845,1.82883,1.00,2.62
2017.04.19 13:51:05.420,1.82845,1.82882,1.00,1.12
2017.04.19 13:51:06.437,1.82845,1.82884,1.00,1.37
2017.04.19 13:51:06.978,1.82846,1.82882,1.00,1.00
2017.04.19 13:51:07.778,1.82844,1.82882,1.50,1.00
2017.04.19 13:51:08.331,1.82844,1.82884,1.37,1.00
2017.04.19 13:51:08.817,1.82844,1.82885,1.87,1.00
2017.04.19 13:51:09.021,1.82845,1.82884,1.37,1.00
2017.04.19 13:51:09.125,1.82841,1.82882,1.87,1.00
2017.04.19 13:51:09.723,1.82841,1.82883,1.37,1.00
2017.04.19 13:51:10.044,1.82843,1.82884,1.37,1.00
2017.04.19 13:51:10.414,1.82847,1.82888,1.37,1.00
2017.04.19 13:51:10.516,1.82847,1.82888,1.37,1.00
2017.04.19 13:51:10.668,1.82847,1.82887,1.37,1.00
2017.04.19 13:51:10.719,1.82846,1.82885,1.37,1.00
2017.04.19 13:51:10.820,1.82842,1.82881,1.37,1.00
2017.04.19 13:51:10.871,1.8284,1.82878,1.37,1.00
2017.04.19 13:51:11.124,1.82835,1.82877,1.37,1.00
2017.04.19 13:51:11.333,1.82835,1.82874,1.37,1.00
2017.04.19 13:51:11.589,1.82835,1.82876,1.37,1.00
2017.04.19 13:51:11.640,1.82837,1.82878,1.37,2.25
2017.04.19 13:51:11.690,1.82837,1.82878,1.37,2.25
2017.04.19 13:51:12.032,1.82835,1.82876,1.87,1.00
2017.04.19 13:51:12.083,1.82835,1.82876,1.37,1.00
2017.04.19 13:51:12.184,1.82835,1.82876,1.37,1.00
2017.04.19 13:51:12.286,1.82835,1.82876,1.37,1.00
2017.04.19 13:51:12.664,1.82835,1.82876,1.37,1.00
2017.04.19 13:51:13.190,1.82835,1.82876,1.37,1.00
2017.04.19 13:51:13.342,1.82835,1.82878,1.37,1.00
2017.04.19 13:51:14.430,1.82836,1.82879,1.37,1.50
2017.04.19 13:51:14.635,1.82835,1.82877,1.87,1.00
2017.04.19 13:51:15.181,1.82837,1.82878,1.37,1.00
2017.04.19 13:51:15.632,1.82835,1.82874,1.37,1.00
2017.04.19 13:51:16.284,1.82836,1.82874,1.37,1.00
2017.04.19 13:51:16.617,1.82838,1.82878,1.37,1.00
2017.04.19 13:51:17.283,1.82838,1.82878,1.37,1.00
2017.04.19 13:51:17.935,1.82838,1.82879,1.87,1.00
2017.04.19 13:51:18.107,1.82838,1.82879,1.87,1.00
2017.04.19 13:51:18.648,1.82838,1.82878,1.37,1.00
2017.04.19 13:51:19.164,1.82838,1.82879,1.37,1.00
2017.04.19 13:51:19.365,1.82836,1.82877,1.37,1.00
2017.04.19 13:51:19.466,1.82838,1.82879,1.37,1.00
2017.04.19 13:51:19.864,1.82836,1.82877,1.37,1.00
2017.04.19 13:51:20.369,1.82836,1.82878,1.37,1.00
2017.04.19 13:51:21.115,1.82837,1.82877,1.37,1.00
2017.04.19 13:51:21.422,1.82837,1.82877,1.37,1.00
2017.04.19 13:51:21.847,1.8284,1.82879,1.37,1.00
2017.04.19 13:51:21.898,1.82841,1.82884,1.37,1.84
2017.04.19 13:51:22.050,1.82841,1.82884,1.37,1.84
2017.04.19 13:51:22.555,1.82843,1.82884,1.87,1.00
2017.04.19 13:51:22.865,1.82843,1.82884,1.37,1.00
2017.04.19 13:51:23.067,1.82845,1.82888,1.87,1.50
2017.04.19 13:51:23.219,1.82845,1.82888,1.87,1.50
2017.04.19 13:51:23.270,1.82845,1.82885,1.37,1.00
2017.04.19 13:51:23.808,1.82844,1.82884,1.37,1.00
2017.04.19 13:51:24.112,1.82841,1.8288,1.00,1.34
2017.04.19 13:51:24.163,1.82838,1.82875,1.37,1.00
2017.04.19 13:51:24.264,1.82836,1.82874,1.00,1.00
2017.04.19 13:51:24.366,1.82834,1.8287,1.00,1.00
2017.04.19 13:51:24.688,1.82834,1.82862,1.00,1.00
2017.04.19 13:51:24.738,1.82823,1.82862,1.37,1.00
2017.04.19 13:51:24.985,1.82823,1.82864,1.37,1.12
2017.04.19 13:51:25.259,1.82821,1.82862,1.37,1.00
2017.04.19 13:51:26.772,1.8282,1.82863,1.87,1.50
2017.04.19 13:51:27.551,1.8282,1.82862,1.37,1.00
2017.04.19 13:51:27.602,1.8282,1.82862,1.37,1.12
2017.04.19 13:51:28.334,1.82819,1.82862,1.50,3.71
2017.04.19 13:51:28.637,1.82814,1.82851,1.37,1.00
2017.04.19 13:51:28.688,1.82815,1.82856,1.37,1.00
2017.04.19 13:51:29.331,1.82814,1.82856,1.37,1.37
2017.04.19 13:51:30.692,1.82814,1.82856,1.37,1.37
2017.04.19 13:51:30.743,1.82813,1.82856,2.62,1.12
2017.04.19 13:51:30.794,1.82813,1.82855,1.37,1.12
2017.04.19 13:51:30.895,1.82812,1.82852,1.37,1.00
2017.04.19 13:51:31.212,1.82811,1.82848,2.62,1.00
2017.04.19 13:51:32.220,1.82811,1.82844,1.00,1.37
2017.04.19 13:51:32.321,1.82804,1.82841,1.12,1.00
2017.04.19 13:51:32.372,1.82804,1.82838,1.12,1.00
2017.04.19 13:51:32.423,1.82802,1.82838,1.37,1.00
2017.04.19 13:51:32.793,1.82807,1.82842,1.12,1.00
2017.04.19 13:51:32.995,1.82807,1.82846,1.12,1.00
2017.04.19 13:51:33.046,1.82807,1.82846,1.37,1.00
2017.04.19 13:51:33.459,1.82809,1.82848,1.37,1.00
2017.04.19 13:51:33.510,1.82811,1.82848,1.37,1.00
2017.04.19 13:51:33.560,1.82812,1.8285,1.37,1.00
2017.04.19 13:51:33.712,1.82811,1.82845,1.37,1.00
2017.04.19 13:51:34.048,1.82807,1.82843,1.87,1.00
2017.04.19 13:51:34.346,1.82806,1.82841,1.37,1.00
2017.04.19 13:51:34.397,1.82804,1.82841,1.87,1.00
2017.04.19 13:51:34.448,1.82804,1.82839,1.00,1.00
2017.04.19 13:51:34.751,1.82789,1.82821,2.25,1.00
2017.04.19 13:51:34.802,1.82791,1.82828,1.87,1.50
2017.04.19 13:51:34.852,1.82791,1.82819,1.87,1.00
2017.04.19 13:51:34.903,1.82794,1.82827,1.12,1.00
2017.04.19 13:51:34.954,1.82794,1.82829,2.62,1.00
2017.04.19 13:51:35.005,1.82795,1.82832,2.62,1.00
2017.04.19 13:51:35.156,1.82798,1.82832,1.87,1.00
2017.04.19 13:51:35.308,1.82798,1.82834,1.37,1.50
2017.04.19 13:51:35.510,1.82797,1.82829,1.00,1.00
2017.04.19 13:51:35.561,1.82792,1.82829,1.87,1.00
2017.04.19 13:51:36.084,1.82792,1.82829,1.37,1.50
2017.04.19 13:51:37.306,1.82792,1.8283,1.37,1.50
2017.04.19 13:51:38.065,1.82792,1.82831,1.87,1.00
2017.04.19 13:51:38.372,1.82792,1.82829,1.87,1.00
2017.04.19 13:51:38.991,1.82792,1.8283,1.87,1.00
2017.04.19 13:51:39.289,1.82793,1.82832,1.37,1.00
2017.04.19 13:51:40.600,1.82793,1.82834,1.37,1.87
2017.04.19 13:51:41.470,1.82793,1.82834,1.37,1.00
2017.04.19 13:51:41.820,1.82792,1.82832,1.37,1.00
2017.04.19 13:51:43.155,1.82794,1.82832,1.87,1.00
2017.04.19 13:51:43.256,1.82796,1.82835,1.87,1.50
2017.04.19 13:51:43.307,1.82797,1.82837,1.37,1.50
2017.04.19 13:51:43.795,1.82798,1.82839,1.37,1.00
2017.04.19 13:51:43.846,1.82797,1.82834,1.37,1.00
2017.04.19 13:51:43.897,1.82797,1.82839,1.37,1.00
2017.04.19 13:51:43.999,1.82795,1.82833,1.37,1.00
2017.04.19 13:51:44.152,1.82795,1.82836,1.37,1.00
2017.04.19 13:51:44.683,1.82794,1.82837,1.87,1.00
2017.04.19 13:51:45.611,1.82794,1.82835,1.37,1.00
2017.04.19 13:51:46.734,1.82799,1.82835,1.37,1.00
2017.04.19 13:51:47.811,1.82799,1.82836,1.87,1.00
2017.04.19 13:51:48.357,1.82799,1.82837,1.37,1.00
2017.04.19 13:51:48.774,1.82801,1.82837,1.37,1.00
2017.04.19 13:51:49.010,1.828,1.82837,1.37,1.00
2017.04.19 13:51:49.330,1.82802,1.82842,1.37,1.00
2017.04.19 13:51:49.381,1.828,1.82842,3.37,1.50
2017.04.19 13:51:49.684,1.82798,1.8284,3.37,1.00
2017.04.19 13:51:49.735,1.82801,1.82843,1.37,1.00
2017.04.19 13:51:49.837,1.82798,1.82838,1.37,1.00
2017.04.19 13:51:50.169,1.82801,1.8284,1.37,1.00
2017.04.19 13:51:50.825,1.82801,1.82838,1.37,1.00
2017.04.19 13:51:51.217,1.82801,1.8284,1.37,1.00
2017.04.19 13:51:51.318,1.82801,1.82838,1.37,1.00
2017.04.19 13:51:51.970,1.82801,1.82837,1.37,1.00
2017.04.19 13:51:52.627,1.82801,1.82838,1.37,1.00
2017.04.19 13:51:53.012,1.82801,1.82838,1.37,1.00
2017.04.19 13:51:53.712,1.82801,1.82838,1.37,1.00
2017.04.19 13:51:53.920,1.82801,1.82842,1.37,1.00
2017.04.19 13:51:54.021,1.82801,1.8284,1.37,1.00
2017.04.19 13:51:54.349,1.82801,1.82838,1.37,1.00
2017.04.19 13:51:54.450,1.82808,1.82846,1.37,1.00
2017.04.19 13:51:54.501,1.82809,1.82846,1.37,1.00
2017.04.19 13:51:54.552,1.82812,1.8285,1.37,1.00
2017.04.19 13:51:54.603,1.82812,1.8285,1.37,1.00
2017.04.19 13:51:54.654,1.82812,1.82852,1.37,1.00
2017.04.19 13:51:54.907,1.82812,1.82852,1.37,1.00
2017.04.19 13:51:55.240,1.82812,1.82852,1.37,1.00
2017.04.19 13:51:55.647,1.82813,1.82852,1.37,1.00
2017.04.19 13:51:55.873,1.82822,1.82862,1.46,1.00
2017.04.19 13:51:55.925,1.82824,1.82864,1.37,1.00
2017.04.19 13:51:56.027,1.82822,1.82861,1.87,1.00
2017.04.19 13:51:57.426,1.82825,1.82862,1.37,1.00
2017.04.19 13:51:58.062,1.82825,1.82862,1.37,1.00
2017.04.19 13:51:58.981,1.82825,1.82865,1.37,1.00
2017.04.19 13:51:59.289,1.82827,1.82863,1.37,1.00
2017.04.19 13:51:59.929,1.82826,1.82865,1.37,1.00
2017.04.19 13:52:00.258,1.82826,1.82863,1.37,1.00
2017.04.19 13:52:00.776,1.82821,1.82861,1.37,1.00
2017.04.19 13:52:01.088,1.82822,1.82865,1.37,1.00
2017.04.19 13:52:01.240,1.82822,1.82865,1.37,1.00
2017.04.19 13:52:01.341,1.82821,1.82862,1.87,1.00
2017.04.19 13:52:01.661,1.82822,1.82862,1.37,1.00
2017.04.19 13:52:01.952,1.82823,1.82864,1.37,1.00
2017.04.19 13:52:02.925,1.82823,1.82863,1.37,1.00
2017.04.19 13:52:03.278,1.8282,1.82861,1.37,1.00
2017.04.19 13:52:03.785,1.8282,1.82861,2.62,1.00
2017.04.19 13:52:04.138,1.82819,1.82861,1.37,1.00
2017.04.19 13:52:04.240,1.8282,1.82861,1.87,1.00
2017.04.19 13:52:04.442,1.8282,1.82864,3.71,1.50
2017.04.19 13:52:04.644,1.8282,1.82864,1.37,1.50
2017.04.19 13:52:04.745,1.82819,1.82862,3.37,1.00
2017.04.19 13:52:04.846,1.82819,1.82862,2.21,1.00
2017.04.19 13:52:05.419,1.82818,1.82861,1.87,1.00
2017.04.19 13:52:05.913,1.82818,1.82852,1.37,1.00
2017.04.19 13:52:06.014,1.82811,1.82851,1.37,1.00
2017.04.19 13:52:06.065,1.82807,1.82845,1.37,1.00
2017.04.19 13:52:06.223,1.82807,1.82848,1.37,1.00
2017.04.19 13:52:06.375,1.82811,1.82848,1.37,1.00
2017.04.19 13:52:06.894,1.82811,1.82849,1.87,1.00
2017.04.19 13:52:06.996,1.82811,1.8285,1.87,1.00
2017.04.19 13:52:07.047,1.82811,1.82848,1.37,1.00
2017.04.19 13:52:07.430,1.82812,1.82851,1.37,1.00
2017.04.19 13:52:07.531,1.82812,1.82847,1.37,1.00
2017.04.19 13:52:08.035,1.82812,1.82848,1.37,1.00
2017.04.19 13:52:08.346,1.82809,1.82845,1.37,1.00
2017.04.19 13:52:08.858,1.8281,1.82846,1.87,1.00
2017.04.19 13:52:09.010,1.82809,1.82846,1.37,1.00
2017.04.19 13:52:09.112,1.8281,1.82845,1.37,1.00
2017.04.19 13:52:09.163,1.8281,1.82849,1.37,1.00
2017.04.19 13:52:09.569,1.82814,1.8285,1.37,1.00
2017.04.19 13:52:09.721,1.82816,1.82855,1.37,1.00
2017.04.19 13:52:09.923,1.82813,1.82851,1.37,1.00
2017.04.19 13:52:10.258,1.8281,1.82842,1.37,1.00
2017.04.19 13:52:10.359,1.8281,1.82842,1.37,1.00
2017.04.19 13:52:10.461,1.82811,1.82842,1.37,1.00
2017.04.19 13:52:10.511,1.82811,1.82842,1.37,1.00
2017.04.19 13:52:10.613,1.82808,1.8284,1.37,1.00
2017.04.19 13:52:10.764,1.82807,1.82841,1.37,1.50
2017.04.19 13:52:10.815,1.82807,1.82839,1.37,1.50
2017.04.19 13:52:10.917,1.82807,1.82839,1.37,1.00
2017.04.19 13:52:10.968,1.82807,1.82841,1.37,1.50
2017.04.19 13:52:11.069,1.82807,1.82839,1.37,1.00
2017.04.19 13:52:11.759,1.82807,1.82838,1.37,1.00
2017.04.19 13:52:12.062,1.82807,1.82839,1.87,1.00
2017.04.19 13:52:12.456,1.82807,1.82841,1.87,1.50
2017.04.19 13:52:13.011,1.8281,1.82841,1.37,1.50
2017.04.19 13:52:13.501,1.82808,1.82839,1.37,1.00
2017.04.19 13:52:14.037,1.82809,1.82839,1.37,1.50
2017.04.19 13:52:14.088,1.82809,1.82839,1.37,1.50
2017.04.19 13:52:14.190,1.82807,1.8284,1.87,1.50
2017.04.19 13:52:14.764,1.82807,1.82839,1.87,1.00
2017.04.19 13:52:16.115,1.82808,1.8284,1.37,1.50
2017.04.19 13:52:16.320,1.82808,1.82838,1.37,1.00
2017.04.19 13:52:16.695,1.82808,1.82838,1.37,1.00
2017.04.19 13:52:16.998,1.82808,1.8284,1.37,1.50
2017.04.19 13:52:17.336,1.82807,1.82841,1.87,1.50
2017.04.19 13:52:17.438,1.82807,1.82841,1.87,1.00
2017.04.19 13:52:17.905,1.8281,1.82842,1.87,1.00
2017.04.19 13:52:17.955,1.8281,1.82845,1.87,1.00
2017.04.19 13:52:18.576,1.82811,1.82846,1.37,1.00
2017.04.19 13:52:19.559,1.82809,1.82848,1.87,1.00
2017.04.19 13:52:19.860,1.8281,1.82848,1.37,1.00
2017.04.19 13:52:20.012,1.8281,1.82847,1.37,1.00
2017.04.19 13:52:20.234,1.82809,1.82845,1.37,1.00
2017.04.19 13:52:21.779,1.82807,1.8284,1.37,1.00
2017.04.19 13:52:21.831,1.82804,1.82838,1.37,1.00
2017.04.19 13:52:22.509,1.82798,1.82837,1.87,1.00
2017.04.19 13:52:23.745,1.82799,1.82837,1.37,1.00
2017.04.19 13:52:23.846,1.82799,1.82837,1.37,1.00
2017.04.19 13:52:24.427,1.82799,1.82838,1.37,1.50
2017.04.19 13:52:25.499,1.82798,1.82836,1.37,1.00
2017.04.19 13:52:25.550,1.82797,1.82836,2.62,1.00
2017.04.19 13:52:25.651,1.82799,1.8284,1.87,2.25
2017.04.19 13:52:25.752,1.82797,1.8284,2.21,1.50
2017.04.19 13:52:25.904,1.82801,1.82838,1.37,1.00
2017.04.19 13:52:26.490,1.82805,1.82838,1.46,1.00
2017.04.19 13:52:26.799,1.82808,1.82846,1.37,1.00
2017.04.19 13:52:27.388,1.82809,1.82847,2.21,1.00
2017.04.19 13:52:27.439,1.8281,1.82849,1.37,1.00
2017.04.19 13:52:27.541,1.82811,1.82849,1.37,1.00
2017.04.19 13:52:27.592,1.82811,1.82849,1.37,1.50
2017.04.19 13:52:27.643,1.8281,1.82849,1.37,1.00
2017.04.19 13:52:27.795,1.8281,1.82847,1.37,1.00
2017.04.19 13:52:28.101,1.82809,1.82848,1.37,1.50
2017.04.19 13:52:28.202,1.82809,1.82847,1.37,1.00
2017.04.19 13:52:28.773,1.8281,1.82846,1.37,1.00
2017.04.19 13:52:29.099,1.82808,1.82844,1.37,1.50
2017.04.19 13:52:29.388,1.82811,1.82844,1.71,1.00
2017.04.19 13:52:29.439,1.82811,1.82846,1.71,1.00
2017.04.19 13:52:29.540,1.82814,1.82847,1.37,1.50
2017.04.19 13:52:29.591,1.82814,1.82847,1.37,1.50
2017.04.19 13:52:29.743,1.82814,1.82849,1.37,1.50
2017.04.19 13:52:29.992,1.82814,1.82849,1.37,1.50
2017.04.19 13:52:30.396,1.82815,1.82848,1.37,1.00
2017.04.19 13:52:30.447,1.8282,1.8285,1.37,1.00
2017.04.19 13:52:30.498,1.8282,1.82851,1.37,1.00
2017.04.19 13:52:30.549,1.82823,1.82858,1.37,1.00
2017.04.19 13:52:30.650,1.82823,1.8286,1.37,1.00
2017.04.19 13:52:30.852,1.82823,1.82861,1.37,1.50
2017.04.19 13:52:31.091,1.82823,1.82859,1.37,1.00
2017.04.19 13:52:31.421,1.8282,1.8286,1.71,1.00
2017.04.19 13:52:31.674,1.82823,1.82863,1.37,1.50
2017.04.19 13:52:31.775,1.82823,1.82863,1.37,1.00
2017.04.19 13:52:31.826,1.82823,1.82861,1.37,1.00
2017.04.19 13:52:32.366,1.82821,1.8286,1.37,1.00
2017.04.19 13:52:33.184,1.82821,1.82857,1.37,1.00
2017.04.19 13:52:35.059,1.8282,1.82857,1.37,1.00
2017.04.19 13:52:35.336,1.8282,1.82859,1.37,1.00
2017.04.19 13:52:36.320,1.82823,1.8286,1.37,1.00
2017.04.19 13:52:37.713,1.82824,1.8286,1.37,1.00
2017.04.19 13:52:38.533,1.82821,1.8286,1.37,1.00
2017.04.19 13:52:38.702,1.82821,1.82858,1.37,1.00
2017.04.19 13:52:41.153,1.82819,1.82858,1.37,1.00
2017.04.19 13:52:41.405,1.82819,1.8286,1.37,1.00
2017.04.19 13:52:41.456,1.82819,1.82858,1.37,1.00
2017.04.19 13:52:41.666,1.82819,1.82861,1.37,1.00
2017.04.19 13:52:41.864,1.82819,1.82859,1.37,1.00
2017.04.19 13:52:42.356,1.82819,1.82857,1.37,1.00
2017.04.19 13:52:42.657,1.82819,1.82859,1.37,1.00
2017.04.19 13:52:43.259,1.82819,1.82858,1.37,1.00
2017.04.19 13:52:44.259,1.82821,1.82859,1.37,1.00
2017.04.19 13:52:44.491,1.82819,1.82856,1.37,1.09
2017.04.19 13:52:44.541,1.82817,1.82856,1.87,1.34
2017.04.19 13:52:44.592,1.82819,1.82854,1.12,1.84
2017.04.19 13:52:44.643,1.82817,1.82855,1.37,1.34
2017.04.19 13:52:44.745,1.82813,1.82855,1.37,1.34
2017.04.19 13:52:44.795,1.8281,1.82851,1.37,1.09
2017.04.19 13:52:44.899,1.82809,1.82849,1.87,1.00
2017.04.19 13:52:45.000,1.82809,1.82846,1.87,1.00
2017.04.19 13:52:45.061,1.82809,1.82849,1.87,1.00
2017.04.19 13:52:45.183,1.82815,1.82849,1.37,1.00
2017.04.19 13:52:45.630,1.82813,1.82848,1.37,1.84
2017.04.19 13:52:45.680,1.82815,1.82845,1.37,1.34
2017.04.19 13:52:45.883,1.82809,1.82843,1.87,1.00
2017.04.19 13:52:45.933,1.82814,1.82843,1.37,1.00
2017.04.19 13:52:45.984,1.82814,1.82845,1.37,1.00
2017.04.19 13:52:46.085,1.82816,1.82846,1.37,1.00
2017.04.19 13:52:46.136,1.82815,1.82846,1.37,1.00
2017.04.19 13:52:46.187,1.82814,1.82849,1.87,1.00
2017.04.19 13:52:46.513,1.82816,1.82848,1.37,1.00
2017.04.19 13:52:46.564,1.82816,1.82851,1.37,1.00
2017.04.19 13:52:46.615,1.82819,1.82851,1.37,1.00
2017.04.19 13:52:46.666,1.82819,1.82857,1.37,1.00
2017.04.19 13:52:47.172,1.82819,1.82856,1.37,1.00
2017.04.19 13:52:47.511,1.8282,1.82856,1.87,1.00
2017.04.19 13:52:48.024,1.82821,1.82856,1.37,1.00
2017.04.19 13:52:48.074,1.82821,1.82858,1.37,1.00
2017.04.19 13:52:48.282,1.82821,1.82856,1.37,1.00
2017.04.19 13:52:48.623,1.82821,1.82858,1.37,1.00
2017.04.19 13:52:49.117,1.82821,1.82858,1.37,1.34
2017.04.19 13:52:49.420,1.82815,1.82852,1.37,1.34
2017.04.19 13:52:50.108,1.82813,1.82852,1.87,1.34
2017.04.19 13:52:50.275,1.82814,1.82855,1.37,1.34
2017.04.19 13:52:50.376,1.82818,1.82855,1.37,1.09
2017.04.19 13:52:50.709,1.82821,1.82853,1.37,1.00
2017.04.19 13:52:50.759,1.82821,1.82853,1.37,1.09
2017.04.19 13:52:50.810,1.82821,1.82851,1.00,1.00
2017.04.19 13:52:51.063,1.82812,1.82853,1.37,1.34
2017.04.19 13:52:51.559,1.82812,1.82851,1.37,1.00
2017.04.19 13:52:51.610,1.82812,1.82849,1.37,1.00
2017.04.19 13:52:52.071,1.82812,1.82851,1.37,1.00
2017.04.19 13:52:52.611,1.82812,1.82849,1.37,1.00
2017.04.19 13:52:52.912,1.82812,1.82851,1.37,1.00
2017.04.19 13:52:53.781,1.82812,1.8285,1.37,1.00
2017.04.19 13:52:55.075,1.82812,1.82852,1.37,1.00
2017.04.19 13:52:55.268,1.82819,1.82852,1.37,1.00
2017.04.19 13:52:55.319,1.82817,1.82857,1.87,1.34
2017.04.19 13:52:55.420,1.82812,1.8285,1.37,1.00
2017.04.19 13:52:55.925,1.82811,1.82849,1.87,1.00
2017.04.19 13:52:56.277,1.82813,1.82849,1.37,1.00
2017.04.19 13:52:56.579,1.82812,1.8285,1.87,1.00
2017.04.19 13:52:57.058,1.82813,1.82849,1.37,1.00
2017.04.19 13:52:57.229,1.82813,1.8285,1.37,1.00
2017.04.19 13:52:57.690,1.82812,1.82848,1.87,1.00
2017.04.19 13:52:58.324,1.82821,1.82848,1.37,1.00
2017.04.19 13:52:58.425,1.82823,1.82854,1.37,1.00
2017.04.19 13:52:58.476,1.82826,1.82854,1.37,1.00
2017.04.19 13:52:58.527,1.82827,1.8286,1.37,1.00
2017.04.19 13:52:58.628,1.8283,1.82864,1.37,1.00
2017.04.19 13:52:58.730,1.82829,1.82862,1.87,1.00
2017.04.19 13:52:58.881,1.82829,1.82865,1.87,1.00
2017.04.19 13:52:59.081,1.82829,1.82863,1.87,1.00
2017.04.19 13:52:59.617,1.82829,1.82862,1.87,1.00
2017.04.19 13:53:00.137,1.82828,1.82862,1.87,1.00
2017.04.19 13:53:00.188,1.82829,1.82865,1.37,1.00
2017.04.19 13:53:00.409,1.82829,1.82862,1.37,1.00
2017.04.19 13:53:00.512,1.82829,1.82862,1.37,1.00
2017.04.19 13:53:00.613,1.8283,1.82865,1.37,1.00
2017.04.19 13:53:00.765,1.82838,1.82865,1.12,1.00
2017.04.19 13:53:00.815,1.82838,1.82869,1.37,1.00
2017.04.19 13:53:00.866,1.82834,1.82869,1.37,1.09
2017.04.19 13:53:01.020,1.82834,1.82866,1.37,1.00
2017.04.19 13:53:01.519,1.82836,1.8287,1.37,1.00
2017.04.19 13:53:01.722,1.82844,1.82878,1.37,1.00
2017.04.19 13:53:01.974,1.8284,1.82878,1.37,1.00
2017.04.19 13:53:02.025,1.82839,1.82875,1.37,1.00
2017.04.19 13:53:02.448,1.82873,1.82902,1.37,1.00
2017.04.19 13:53:02.752,1.82912,1.82918,1.00,1.00
2017.04.19 13:53:02.853,1.82906,1.82935,1.00,2.50
2017.04.19 13:53:02.904,1.82914,1.82931,1.00,2.50
2017.04.19 13:53:03.106,1.82908,1.82918,1.50,1.00
2017.04.19 13:53:03.157,1.82908,1.8292,1.37,1.00
2017.04.19 13:53:03.208,1.82905,1.82918,1.00,1.00
2017.04.19 13:53:03.392,1.82904,1.82922,1.50,1.00
2017.04.19 13:53:03.645,1.82904,1.82922,1.37,1.00
2017.04.19 13:53:03.746,1.82904,1.82922,1.37,1.00
2017.04.19 13:53:03.797,1.82907,1.82922,1.37,1.00
2017.04.19 13:53:03.899,1.82935,1.82949,1.00,1.00
2017.04.19 13:53:03.950,1.82935,1.82955,1.00,1.00
2017.04.19 13:53:04.101,1.82935,1.82953,1.00,1.00
2017.04.19 13:53:04.203,1.82913,1.82953,1.37,1.00
2017.04.19 13:53:04.421,1.8291,1.8295,1.37,1.00
2017.04.19 13:53:04.725,1.82907,1.82945,1.37,1.00
2017.04.19 13:53:04.951,1.82907,1.82945,1.37,1.00
2017.04.19 13:53:05.002,1.82905,1.82942,1.37,1.00
2017.04.19 13:53:05.053,1.82906,1.82942,1.37,1.00
2017.04.19 13:53:05.104,1.82904,1.82938,1.87,1.00
2017.04.19 13:53:05.407,1.82902,1.82941,1.37,1.00
2017.04.19 13:53:05.459,1.82902,1.82941,1.37,1.00
2017.04.19 13:53:06.106,1.82902,1.82941,1.37,1.00
2017.04.19 13:53:06.722,1.82904,1.82941,1.37,1.00
2017.04.19 13:53:06.823,1.82903,1.8294,1.00,1.00
2017.04.19 13:53:06.925,1.82901,1.82928,1.00,1.00
2017.04.19 13:53:06.975,1.82893,1.82928,1.37,1.00
2017.04.19 13:53:07.307,1.82892,1.82928,1.37,1.00
2017.04.19 13:53:07.610,1.82904,1.82941,1.37,1.00
2017.04.19 13:53:07.661,1.82906,1.82941,1.37,1.00
2017.04.19 13:53:07.711,1.8291,1.82945,1.37,1.00
2017.04.19 13:53:07.762,1.8291,1.82945,1.37,1.00
2017.04.19 13:53:07.813,1.8291,1.82948,1.87,1.00
2017.04.19 13:53:07.864,1.82911,1.82948,1.37,1.00
2017.04.19 13:53:07.915,1.82911,1.8295,1.87,1.00
2017.04.19 13:53:08.016,1.82913,1.8295,1.37,1.00
2017.04.19 13:53:08.136,1.82913,1.82948,1.37,1.00
2017.04.19 13:53:08.338,1.82912,1.82951,1.87,1.00
2017.04.19 13:53:08.627,1.82913,1.82949,1.37,1.00
2017.04.19 13:53:09.305,1.82912,1.82949,1.37,1.00
2017.04.19 13:53:09.406,1.82913,1.82949,1.37,1.00
2017.04.19 13:53:09.608,1.82919,1.82952,1.37,1.00
2017.04.19 13:53:09.710,1.82923,1.82962,1.37,1.00
2017.04.19 13:53:09.761,1.82923,1.82962,1.37,1.00
2017.04.19 13:53:09.812,1.82923,1.82964,1.37,1.00
2017.04.19 13:53:10.031,1.82923,1.82956,1.00,1.00
2017.04.19 13:53:10.487,1.82921,1.82955,1.37,1.00
2017.04.19 13:53:10.538,1.82919,1.82958,1.37,1.00
2017.04.19 13:53:10.589,1.82919,1.82955,1.37,1.00
2017.04.19 13:53:10.691,1.82914,1.82955,1.37,1.00
2017.04.19 13:53:10.742,1.82913,1.82953,1.37,1.00
2017.04.19 13:53:11.046,1.8291,1.8295,1.87,1.00
2017.04.19 13:53:11.433,1.82908,1.82946,1.87,1.00
2017.04.19 13:53:12.075,1.82908,1.82946,1.37,1.00
2017.04.19 13:53:12.339,1.82905,1.82942,1.87,1.00
2017.04.19 13:53:12.390,1.82905,1.82942,1.37,1.00
2017.04.19 13:53:12.738,1.82896,1.82935,1.87,1.00
2017.04.19 13:53:13.074,1.82894,1.82935,1.87,1.00
2017.04.19 13:53:13.126,1.82893,1.82933,1.37,1.00
2017.04.19 13:53:13.704,1.82889,1.82928,1.37,1.00
2017.04.19 13:53:13.755,1.82886,1.82925,1.87,1.00
2017.04.19 13:53:13.955,1.82879,1.82917,1.37,1.00
2017.04.19 13:53:14.508,1.82878,1.82917,1.37,1.00
2017.04.19 13:53:14.986,1.82879,1.82918,1.37,1.00
2017.04.19 13:53:15.138,1.82877,1.82916,1.37,1.00
2017.04.19 13:53:15.239,1.82877,1.82914,1.37,1.00
2017.04.19 13:53:15.290,1.82872,1.82914,1.37,1.00
2017.04.19 13:53:15.594,1.8287,1.82905,1.87,1.00
2017.04.19 13:53:15.897,1.82877,1.82912,1.37,1.00
2017.04.19 13:53:16.358,1.82888,1.82924,1.37,1.00
2017.04.19 13:53:16.941,1.82889,1.82927,1.37,1.00
2017.04.19 13:53:17.308,1.82889,1.82925,1.37,1.00
2017.04.19 13:53:17.780,1.82889,1.82923,1.37,1.00
2017.04.19 13:53:18.330,1.82887,1.82923,1.37,1.00
2017.04.19 13:53:19.330,1.82885,1.82923,1.37,1.00
2017.04.19 13:53:19.568,1.82883,1.8292,1.87,1.00
2017.04.19 13:53:19.756,1.82882,1.82918,1.37,1.00
2017.04.19 13:53:19.857,1.8288,1.82918,1.37,1.00
2017.04.19 13:53:19.958,1.82876,1.82912,1.87,1.00
2017.04.19 13:53:20.161,1.82874,1.82912,1.37,1.00
2017.04.19 13:53:20.312,1.82874,1.82912,1.37,1.00
2017.04.19 13:53:20.615,1.82876,1.82914,1.37,1.00
2017.04.19 13:53:20.818,1.82874,1.82913,1.37,1.00
2017.04.19 13:53:20.919,1.82872,1.8291,1.37,1.34
2017.04.19 13:53:20.970,1.8287,1.82907,1.37,1.00
2017.04.19 13:53:21.021,1.82865,1.82896,1.37,1.00
2017.04.19 13:53:21.357,1.8286,1.82896,1.37,1.00
2017.04.19 13:53:21.458,1.82859,1.829,2.62,1.00
2017.04.19 13:53:21.618,1.82859,1.82897,2.62,1.00
2017.04.19 13:53:21.954,1.82863,1.82903,1.37,1.00
2017.04.19 13:53:22.005,1.82864,1.82903,1.87,1.00
2017.04.19 13:53:22.056,1.82863,1.82903,1.37,1.00
2017.04.19 13:53:22.157,1.82863,1.82903,2.62,1.00
2017.04.19 13:53:22.208,1.82863,1.82903,1.37,1.00
2017.04.19 13:53:22.361,1.82865,1.82903,1.37,1.00
2017.04.19 13:53:22.411,1.82865,1.82903,1.37,1.00
2017.04.19 13:53:22.513,1.82863,1.82903,2.62,1.00
2017.04.19 13:53:22.583,1.82864,1.82905,1.37,1.00
2017.04.19 13:53:22.634,1.82863,1.82903,1.87,1.00
2017.04.19 13:53:22.869,1.82862,1.82903,2.62,1.00
2017.04.19 13:53:22.974,1.82861,1.82903,1.87,1.00
2017.04.19 13:53:23.125,1.82862,1.82903,1.87,1.00
2017.04.19 13:53:23.333,1.82861,1.82902,1.87,1.00
2017.04.19 13:53:24.085,1.82862,1.82902,1.37,1.00
2017.04.19 13:53:24.722,1.82862,1.82903,1.37,1.00
2017.04.19 13:53:25.621,1.82862,1.82902,1.37,1.00
2017.04.19 13:53:26.333,1.82862,1.82903,1.37,1.00
2017.04.19 13:53:27.021,1.82862,1.82902,1.37,1.00
2017.04.19 13:53:27.319,1.82862,1.82904,1.37,1.00
2017.04.19 13:53:28.664,1.8286,1.82901,1.37,1.00
2017.04.19 13:53:28.776,1.8286,1.82901,1.37,1.00
2017.04.19 13:53:28.827,1.82854,1.82896,1.87,1.00
2017.04.19 13:53:29.148,1.82855,1.82894,1.37,1.00
2017.04.19 13:53:29.616,1.82856,1.82894,1.37,1.00
2017.04.19 13:53:29.919,1.82859,1.82897,1.37,1.00
2017.04.19 13:53:29.970,1.82856,1.82897,1.37,1.00
2017.04.19 13:53:30.123,1.82858,1.82895,1.37,1.00
2017.04.19 13:53:30.334,1.82856,1.82895,1.37,1.00
2017.04.19 13:53:30.385,1.82856,1.82895,1.37,1.00
2017.04.19 13:53:30.587,1.82855,1.82897,1.37,1.00
2017.04.19 13:53:31.162,1.82854,1.82896,1.37,1.00
2017.04.19 13:53:32.476,1.82854,1.82896,1.37,1.00
2017.04.19 13:53:32.628,1.82857,1.82898,1.37,1.00
2017.04.19 13:53:32.734,1.8286,1.82899,1.87,1.00
2017.04.19 13:53:33.725,1.82859,1.82899,2.62,1.00
2017.04.19 13:53:33.987,1.82858,1.82899,1.87,1.00
2017.04.19 13:53:34.139,1.82859,1.82899,1.37,1.00
2017.04.19 13:53:34.450,1.82859,1.82899,1.37,1.00
2017.04.19 13:53:34.551,1.82857,1.82899,1.37,1.00
2017.04.19 13:53:34.653,1.82858,1.82899,1.37,1.00
2017.04.19 13:53:34.703,1.82858,1.82899,1.37,1.00
2017.04.19 13:53:34.754,1.82858,1.82899,1.37,1.00
2017.04.19 13:53:35.229,1.82857,1.82898,1.87,1.00
2017.04.19 13:53:35.380,1.82857,1.82898,1.87,1.00
2017.04.19 13:53:35.515,1.82857,1.82898,1.87,1.00
2017.04.19 13:53:36.107,1.82858,1.82898,1.37,1.00
2017.04.19 13:53:36.366,1.82854,1.82898,1.87,1.00
2017.04.19 13:53:36.740,1.82854,1.82893,1.37,1.00
2017.04.19 13:53:36.791,1.82854,1.82893,1.37,1.00
2017.04.19 13:53:36.942,1.82854,1.82896,1.37,1.00
2017.04.19 13:53:37.238,1.82854,1.82896,1.37,1.00
2017.04.19 13:53:37.780,1.82854,1.82896,1.37,1.00
2017.04.19 13:53:37.882,1.82855,1.82896,1.37,1.00
2017.04.19 13:53:38.132,1.82857,1.82898,1.37,1.00
2017.04.19 13:53:39.425,1.82857,1.82898,1.37,1.00
2017.04.19 13:53:39.526,1.82857,1.82898,1.37,1.00
2017.04.19 13:53:39.829,1.82858,1.82897,1.37,1.00
2017.04.19 13:53:40.047,1.82859,1.82899,1.37,1.00
2017.04.19 13:53:40.567,1.82858,1.82898,1.37,1.00
2017.04.19 13:53:40.870,1.82858,1.82898,1.12,1.00
2017.04.19 13:53:40.921,1.82861,1.82898,1.00,1.00
2017.04.19 13:53:41.382,1.82859,1.82897,1.12,1.00
2017.04.19 13:53:41.433,1.82864,1.82897,1.00,1.00
2017.04.19 13:53:41.484,1.82864,1.82902,1.00,1.37
2017.04.19 13:53:41.988,1.82864,1.82902,1.00,1.37
2017.04.19 13:53:42.190,1.82864,1.82902,1.87,1.12
2017.04.19 13:53:42.866,1.82864,1.82903,1.87,1.00
2017.04.19 13:53:43.410,1.82864,1.82903,1.87,1.37
2017.04.19 13:53:43.460,1.82864,1.82903,1.50,2.62
2017.04.19 13:53:43.690,1.82864,1.82903,1.00,1.87
2017.04.19 13:53:44.259,1.82863,1.82903,1.00,1.37
2017.04.19 13:53:44.763,1.82862,1.82903,1.00,1.37
2017.04.19 13:53:45.855,1.82862,1.82903,1.00,1.37
2017.04.19 13:53:45.997,1.82862,1.82903,1.87,1.37
2017.04.19 13:53:46.214,1.82862,1.82903,1.50,1.37
2017.04.19 13:53:47.625,1.82862,1.82902,1.50,1.87
2017.04.19 13:53:47.777,1.82851,1.82889,1.00,1.37
2017.04.19 13:53:47.828,1.82849,1.82889,1.00,1.37
2017.04.19 13:53:47.878,1.82848,1.82889,2.25,2.62
2017.04.19 13:53:48.134,1.82847,1.82886,1.00,1.12
2017.04.19 13:53:48.239,1.8285,1.82889,1.12,1.12
2017.04.19 13:53:48.602,1.82851,1.82889,1.00,1.37
2017.04.19 13:53:49.381,1.8285,1.82889,1.00,1.37
2017.04.19 13:53:49.805,1.82849,1.82889,1.37,1.12
2017.04.19 13:53:49.856,1.82849,1.82886,1.37,1.00
2017.04.19 13:53:50.129,1.82851,1.82888,1.50,1.00
2017.04.19 13:53:50.608,1.82848,1.82888,1.00,1.37
2017.04.19 13:53:50.659,1.82846,1.82887,1.12,1.37
2017.04.19 13:53:50.710,1.82844,1.82885,1.50,1.12
2017.04.19 13:53:50.761,1.82844,1.82885,1.87,1.37
2017.04.19 13:53:51.265,1.82845,1.82882,1.00,1.00
2017.04.19 13:53:51.367,1.82844,1.82886,1.37,1.37
2017.04.19 13:53:51.417,1.82845,1.82881,1.12,1.00
2017.04.19 13:53:51.518,1.82845,1.82886,1.12,1.37
2017.04.19 13:53:51.569,1.82847,1.82886,1.00,1.37
2017.04.19 13:53:51.804,1.82844,1.82882,1.12,1.12
2017.04.19 13:53:52.314,1.82845,1.82882,1.00,1.00
2017.04.19 13:53:52.365,1.82844,1.82882,1.00,1.37
2017.04.19 13:53:52.718,1.82845,1.82882,1.00,1.12
2017.04.19 13:53:52.819,1.82843,1.82882,1.50,1.37
2017.04.19 13:53:52.870,1.82845,1.82882,1.00,1.37
2017.04.19 13:53:53.090,1.82845,1.82883,1.12,1.00
2017.04.19 13:53:53.142,1.82846,1.82886,1.00,1.00
2017.04.19 13:53:53.654,1.82846,1.82886,1.37,1.00
2017.04.19 13:53:53.705,1.82853,1.82886,1.00,1.00
2017.04.19 13:53:53.806,1.82851,1.82887,1.12,1.00
2017.04.19 13:53:53.857,1.8285,1.82889,1.37,1.00
2017.04.19 13:53:54.060,1.82853,1.82888,1.37,1.00
2017.04.19 13:53:54.312,1.82853,1.82888,1.12,1.00
2017.04.19 13:53:54.363,1.82855,1.82888,1.00,1.00
2017.04.19 13:53:54.465,1.82858,1.82899,1.37,1.75
2017.04.19 13:53:54.516,1.82857,1.82894,1.37,1.00
2017.04.19 13:53:54.566,1.82857,1.82894,1.00,1.37
2017.04.19 13:53:54.617,1.82857,1.82888,1.00,1.00
2017.04.19 13:53:54.668,1.82853,1.82888,1.00,1.00
2017.04.19 13:53:54.719,1.82851,1.82888,1.12,1.00
2017.04.19 13:53:54.870,1.82853,1.82888,1.37,1.00
2017.04.19 13:53:55.123,1.82853,1.82892,1.37,1.37
2017.04.19 13:53:55.629,1.82853,1.82892,1.00,1.37
2017.04.19 13:53:56.131,1.82852,1.82892,1.50,1.37
2017.04.19 13:53:59.403,1.82851,1.82892,1.00,1.37
2017.04.19 13:54:00.031,1.82852,1.82893,1.12,1.37
2017.04.19 13:54:01.743,1.82851,1.82893,1.87,1.37
2017.04.19 13:54:03.280,1.82854,1.82893,1.12,1.37
2017.04.19 13:54:04.471,1.82854,1.82893,1.12,1.00
2017.04.19 13:54:04.826,1.82856,1.82894,1.00,1.00
2017.04.19 13:54:05.342,1.82856,1.82893,1.00,1.00
2017.04.19 13:54:06.042,1.82854,1.82893,1.50,1.12
2017.04.19 13:54:06.582,1.82854,1.82892,1.50,1.00
2017.04.19 13:54:07.093,1.82854,1.82892,1.87,1.00
2017.04.19 13:54:08.782,1.82856,1.82892,1.50,1.00
2017.04.19 13:54:11.591,1.82854,1.82892,1.00,1.12
2017.04.19 13:54:13.558,1.82852,1.82892,1.00,1.37
2017.04.19 13:54:14.135,1.82853,1.82888,1.00,1.00
2017.04.19 13:54:14.488,1.82856,1.82891,1.00,1.00
2017.04.19 13:54:14.654,1.82856,1.82893,1.00,1.12
2017.04.19 13:54:15.163,1.82856,1.82893,1.00,1.37
2017.04.19 13:54:15.808,1.82855,1.82892,1.00,1.12
2017.04.19 13:54:16.239,1.82856,1.82893,1.37,1.00
2017.04.19 13:54:16.833,1.82855,1.82892,1.37,1.00
2017.04.19 13:54:17.657,1.82855,1.82892,1.00,1.12
2017.04.19 13:54:17.708,1.82852,1.82892,1.00,1.37
2017.04.19 13:54:18.011,1.8285,1.82884,1.87,1.00
2017.04.19 13:54:18.284,1.82851,1.82886,1.37,1.00
2017.04.19 13:54:18.619,1.8285,1.82886,1.00,1.37
2017.04.19 13:54:19.214,1.82851,1.82886,1.50,1.37
2017.04.19 13:54:20.092,1.82852,1.82886,1.00,1.37
2017.04.19 13:54:20.143,1.8285,1.82886,1.50,1.37
2017.04.19 13:54:20.997,1.8285,1.82884,1.50,1.00
2017.04.19 13:54:21.499,1.82851,1.82884,1.00,1.00
2017.04.19 13:54:22.498,1.82852,1.82884,1.00,1.00
2017.04.19 13:54:23.964,1.82845,1.8288,1.12,1.00
2017.04.19 13:54:24.015,1.8284,1.82879,1.50,1.50
2017.04.19 13:54:25.146,1.8284,1.82879,1.00,1.00
2017.04.19 13:54:25.198,1.8284,1.82876,1.00,1.00
2017.04.19 13:54:25.350,1.82835,1.82875,1.37,1.00
2017.04.19 13:54:25.400,1.82835,1.82873,1.37,1.00
2017.04.19 13:54:26.043,1.82836,1.82874,1.37,1.00
2017.04.19 13:54:28.277,1.82834,1.82874,1.37,1.00
2017.04.19 13:54:28.958,1.82834,1.82873,1.37,1.00
2017.04.19 13:54:29.865,1.82834,1.82873,1.00,1.37
2017.04.19 13:54:29.916,1.82834,1.82872,1.00,1.37
2017.04.19 13:54:30.119,1.82824,1.82863,1.00,1.00
2017.04.19 13:54:30.170,1.82822,1.82863,1.00,1.00
2017.04.19 13:54:30.221,1.8283,1.82867,1.00,1.87
2017.04.19 13:54:30.273,1.82825,1.82864,1.37,1.00
2017.04.19 13:54:30.324,1.82826,1.82862,1.00,1.00
2017.04.19 13:54:30.425,1.82823,1.8286,1.50,1.00
2017.04.19 13:54:30.996,1.82823,1.82859,1.50,1.00
2017.04.19 13:54:31.279,1.82823,1.82861,1.00,1.50
2017.04.19 13:54:32.136,1.82826,1.82863,1.00,1.12
2017.04.19 13:54:32.702,1.82827,1.82865,1.00,1.37
2017.04.19 13:54:33.056,1.82829,1.82865,1.00,1.37
2017.04.19 13:54:33.208,1.82827,1.82865,1.00,1.37
2017.04.19 13:54:33.720,1.82828,1.82864,1.00,1.12
2017.04.19 13:54:34.021,1.8283,1.82864,1.00,1.12
2017.04.19 13:54:34.349,1.82835,1.82867,1.00,1.12
2017.04.19 13:54:34.669,1.82832,1.82867,1.00,1.12
2017.04.19 13:54:34.720,1.82834,1.82867,1.00,1.12
2017.04.19 13:54:35.023,1.82832,1.82868,1.00,1.37
2017.04.19 13:54:35.074,1.82834,1.82868,1.00,1.12
2017.04.19 13:54:35.391,1.82833,1.82866,1.00,1.00
2017.04.19 13:54:35.569,1.82833,1.82868,1.00,1.00
2017.04.19 13:54:35.620,1.82832,1.82866,1.00,1.00
2017.04.19 13:54:36.122,1.82831,1.82866,1.50,1.00
2017.04.19 13:54:36.325,1.82832,1.82869,1.00,1.37
2017.04.19 13:54:37.175,1.82832,1.82869,1.00,1.37
2017.04.19 13:54:37.723,1.82832,1.82866,1.00,1.12
2017.04.19 13:54:37.868,1.82829,1.82866,1.00,1.12
2017.04.19 13:54:37.919,1.82827,1.82866,1.00,1.00
2017.04.19 13:54:38.070,1.82831,1.82866,1.00,1.37
2017.04.19 13:54:40.258,1.82831,1.82866,1.00,1.37
2017.04.19 13:54:40.309,1.82831,1.82866,1.00,1.12
2017.04.19 13:54:40.811,1.82831,1.82867,1.00,1.00
2017.04.19 13:54:40.862,1.82832,1.82871,1.00,1.37
2017.04.19 13:54:41.165,1.82832,1.82867,1.00,1.00
2017.04.19 13:54:41.471,1.82832,1.82867,1.00,1.37
2017.04.19 13:54:41.623,1.82826,1.82868,1.00,1.37
2017.04.19 13:54:41.674,1.82825,1.82861,1.00,1.00
2017.04.19 13:54:41.725,1.82821,1.82861,1.87,1.00
2017.04.19 13:54:41.776,1.82821,1.82858,1.87,1.00
2017.04.19 13:54:42.028,1.82822,1.8286,1.12,1.00
2017.04.19 13:54:42.129,1.82824,1.82861,1.00,1.00
2017.04.19 13:54:42.296,1.82823,1.82863,1.12,1.00
2017.04.19 13:54:42.451,1.82822,1.82861,1.00,1.00
2017.04.19 13:54:42.984,1.82821,1.8286,1.50,1.00
2017.04.19 13:54:43.499,1.82821,1.82859,1.50,1.00
2017.04.19 13:54:43.660,1.82821,1.82861,1.50,1.00
2017.04.19 13:54:44.367,1.82821,1.82863,1.00,1.37
2017.04.19 13:54:44.811,1.82824,1.82862,1.00,1.12
2017.04.19 13:54:44.862,1.82825,1.82865,1.12,1.12
2017.04.19 13:54:44.914,1.82823,1.82865,1.00,1.37
2017.04.19 13:54:45.066,1.82821,1.82862,1.12,1.37
2017.04.19 13:54:45.774,1.82822,1.82865,1.00,1.87
2017.04.19 13:54:45.880,1.82822,1.82865,1.12,1.37
2017.04.19 13:54:46.109,1.82826,1.82865,1.12,1.00
2017.04.19 13:54:46.708,1.82826,1.82868,1.00,1.37
2017.04.19 13:54:46.759,1.82826,1.82868,1.37,1.37
2017.04.19 13:54:47.266,1.82826,1.82868,1.00,1.37
2017.04.19 13:54:47.450,1.82826,1.82868,1.00,1.37
2017.04.19 13:54:47.502,1.82824,1.82868,1.37,1.71
2017.04.19 13:54:47.604,1.82824,1.82866,1.00,1.37
2017.04.19 13:54:47.654,1.82822,1.82865,1.12,1.37
2017.04.19 13:54:47.705,1.82827,1.82865,1.00,1.00
2017.04.19 13:54:47.756,1.82827,1.82869,1.12,1.00
2017.04.19 13:54:47.857,1.82832,1.82872,1.00,1.37
2017.04.19 13:54:48.009,1.82832,1.82873,1.12,1.12
2017.04.19 13:54:48.060,1.82832,1.82873,1.00,1.37
2017.04.19 13:54:48.610,1.82833,1.82875,1.00,1.37
2017.04.19 13:54:48.913,1.82833,1.82876,1.00,1.87
2017.04.19 13:54:48.965,1.82833,1.82875,1.00,2.62
2017.04.19 13:54:49.616,1.82832,1.82875,1.50,1.87
2017.04.19 13:54:51.157,1.82832,1.82873,1.00,1.37
2017.04.19 13:54:51.488,1.82823,1.82865,1.00,1.37
2017.04.19 13:54:52.207,1.82822,1.82863,1.12,1.87
2017.04.19 13:54:52.547,1.82822,1.82863,1.00,1.87
2017.04.19 13:54:53.108,1.8282,1.82861,1.50,1.87
2017.04.19 13:54:53.965,1.8282,1.8286,1.12,1.37
2017.04.19 13:54:54.016,1.8282,1.8286,1.50,1.37
2017.04.19 13:54:55.258,1.82817,1.82857,1.37,1.00
2017.04.19 13:54:59.124,1.82817,1.82858,1.37,1.00
2017.04.19 13:55:00.159,1.82817,1.82858,1.12,1.37
2017.04.19 13:55:00.261,1.82817,1.82858,1.37,1.00
2017.04.19 13:55:00.563,1.8282,1.82861,1.12,1.12
2017.04.19 13:55:00.614,1.8282,1.82861,1.37,1.00
2017.04.19 13:55:00.665,1.82823,1.82864,1.12,1.87
2017.04.19 13:55:00.817,1.82824,1.82865,1.37,1.37
2017.04.19 13:55:01.349,1.82824,1.82865,1.00,1.87
2017.04.19 13:55:01.400,1.82822,1.82863,1.12,1.12
2017.04.19 13:55:03.260,1.82822,1.82863,1.00,1.37
2017.04.19 13:55:03.564,1.82818,1.82856,1.12,1.37
2017.04.19 13:55:05.044,1.82818,1.82857,1.00,1.37
2017.04.19 13:55:05.563,1.82818,1.82854,1.00,1.00
2017.04.19 13:55:06.651,1.82818,1.82855,1.00,1.12
2017.04.19 13:55:08.375,1.82818,1.82858,1.00,1.37
2017.04.19 13:55:09.279,1.8282,1.82859,1.00,1.37
2017.04.19 13:55:09.583,1.82827,1.82864,1.87,1.00
2017.04.19 13:55:09.685,1.82828,1.82868,1.37,1.00
2017.04.19 13:55:10.210,1.8283,1.82868,1.00,1.37
2017.04.19 13:55:10.718,1.8283,1.82868,1.37,1.50
2017.04.19 13:55:10.819,1.82827,1.82869,1.37,1.12
2017.04.19 13:55:10.920,1.82826,1.82868,1.12,1.12
2017.04.19 13:55:11.022,1.82824,1.82865,1.12,1.12
2017.04.19 13:55:11.585,1.82822,1.82857,1.00,1.00
2017.04.19 13:55:11.736,1.82812,1.82854,1.50,1.37
2017.04.19 13:55:11.787,1.82814,1.82854,1.87,1.00
2017.04.19 13:55:12.090,1.82815,1.82853,1.00,1.37
2017.04.19 13:55:12.292,1.82816,1.82853,1.37,1.00
2017.04.19 13:55:12.802,1.82816,1.82858,1.50,1.87
2017.04.19 13:55:14.361,1.82815,1.82855,1.00,1.71
2017.04.19 13:55:14.412,1.82814,1.82851,1.00,1.46
2017.04.19 13:55:14.463,1.82809,1.82849,1.00,2.21
2017.04.19 13:55:14.514,1.82807,1.82849,1.00,2.21
2017.04.19 13:55:14.565,1.82806,1.82846,1.00,1.87
2017.04.19 13:55:14.616,1.82806,1.82846,1.00,1.37
2017.04.19 13:55:14.933,1.82806,1.82846,1.87,1.00
2017.04.19 13:55:15.431,1.82806,1.82847,1.87,1.00
2017.04.19 13:55:15.633,1.82807,1.82848,1.00,1.12
2017.04.19 13:55:15.886,1.82812,1.82848,1.00,1.00
2017.04.19 13:55:15.937,1.82809,1.82852,1.87,1.87
2017.04.19 13:55:16.241,1.82809,1.82852,1.50,1.87
2017.04.19 13:55:16.586,1.82802,1.82829,1.00,1.00
2017.04.19 13:55:16.637,1.82802,1.82833,1.00,1.00
2017.04.19 13:55:16.738,1.82802,1.82838,1.00,1.12
2017.04.19 13:55:16.961,1.82799,1.82838,1.37,1.00
2017.04.19 13:55:17.063,1.828,1.82838,1.37,1.00
2017.04.19 13:55:17.383,1.82811,1.8284,1.00,1.00
2017.04.19 13:55:17.434,1.82812,1.82845,1.00,1.00
2017.04.19 13:55:17.637,1.82814,1.82846,1.00,1.00
2017.04.19 13:55:17.738,1.82814,1.82849,1.00,1.12
2017.04.19 13:55:17.946,1.82811,1.82849,1.00,1.00
2017.04.19 13:55:18.098,1.82813,1.82848,1.00,1.00
2017.04.19 13:55:18.148,1.82814,1.82851,1.00,1.00
2017.04.19 13:55:18.250,1.82816,1.82853,1.00,1.00
2017.04.19 13:55:18.584,1.82814,1.82855,1.87,1.12
2017.04.19 13:55:18.635,1.82814,1.82852,1.37,1.00
2017.04.19 13:55:18.888,1.8282,1.82858,1.00,1.00
2017.04.19 13:55:19.078,1.82818,1.82855,1.12,1.00
2017.04.19 13:55:19.233,1.82823,1.82864,1.00,1.37
2017.04.19 13:55:19.284,1.82829,1.82864,1.37,1.00
2017.04.19 13:55:19.335,1.82827,1.82867,1.00,1.87
2017.04.19 13:55:19.386,1.82829,1.82867,1.00,1.87
2017.04.19 13:55:19.437,1.8283,1.8287,1.00,1.37
2017.04.19 13:55:19.617,1.82832,1.8287,1.00,1.87
2017.04.19 13:55:19.871,1.82825,1.82863,1.00,1.00
2017.04.19 13:55:19.972,1.82825,1.82865,1.00,1.12
2017.04.19 13:55:20.073,1.82827,1.82865,1.00,1.12
2017.04.19 13:55:20.376,1.82829,1.82863,1.00,1.37
2017.04.19 13:55:20.575,1.82824,1.82863,1.00,1.37
2017.04.19 13:55:20.626,1.82824,1.82863,1.00,1.37
2017.04.19 13:55:20.828,1.82818,1.82859,1.00,1.87
2017.04.19 13:55:21.333,1.82818,1.82857,1.12,1.00
2017.04.19 13:55:21.484,1.82818,1.82859,1.37,1.50
2017.04.19 13:55:21.678,1.8283,1.82862,1.00,1.50
2017.04.19 13:55:21.728,1.82826,1.82862,1.00,1.50
2017.04.19 13:55:22.293,1.82825,1.82862,1.12,1.00
2017.04.19 13:55:22.873,1.82826,1.82862,1.00,1.00
2017.04.19 13:55:23.566,1.82826,1.82864,1.00,1.00
2017.04.19 13:55:23.717,1.82825,1.82866,1.37,1.00
2017.04.19 13:55:24.020,1.82831,1.82869,1.37,1.50
2017.04.19 13:55:24.355,1.82833,1.82869,1.37,1.00
2017.04.19 13:55:24.658,1.82839,1.82876,1.00,1.00
2017.04.19 13:55:24.759,1.82841,1.82876,1.00,1.00
2017.04.19 13:55:25.217,1.82841,1.82878,1.37,1.00
2017.04.19 13:55:25.521,1.8286,1.82879,1.00,1.00
2017.04.19 13:55:25.622,1.82864,1.82901,1.00,1.46
2017.04.19 13:55:25.724,1.82864,1.82899,1.00,1.37
2017.04.19 13:55:25.978,1.82862,1.82899,1.00,1.37
2017.04.19 13:55:26.221,1.8286,1.82898,1.00,1.37
2017.04.19 13:55:26.323,1.8286,1.82901,1.00,1.37
2017.04.19 13:55:26.424,1.8286,1.82899,1.00,1.46
2017.04.19 13:55:26.475,1.82858,1.82899,1.00,1.46
2017.04.19 13:55:26.627,1.82858,1.829,1.12,1.46
2017.04.19 13:55:26.677,1.82862,1.82902,1.00,1.71
2017.04.19 13:55:26.981,1.82856,1.82894,1.00,1.46
2017.04.19 13:55:27.033,1.82856,1.82894,1.00,1.46
2017.04.19 13:55:27.394,1.82856,1.82892,1.00,1.00
2017.04.19 13:55:28.572,1.82855,1.82892,1.00,1.00
2017.04.19 13:55:29.040,1.82854,1.82895,1.00,1.37
2017.04.19 13:55:30.035,1.82856,1.82895,1.00,1.37
2017.04.19 13:55:30.320,1.82856,1.82897,1.12,1.00
2017.04.19 13:55:30.370,1.8286,1.82897,1.00,1.00
2017.04.19 13:55:30.674,1.82868,1.82906,1.00,1.37
2017.04.19 13:55:31.434,1.82868,1.82907,1.00,1.37
2017.04.19 13:55:31.737,1.82867,1.82906,1.00,1.37
2017.04.19 13:55:32.260,1.82866,1.82906,1.50,1.37
2017.04.19 13:55:33.120,1.82866,1.82906,1.50,2.62
2017.04.19 13:55:33.323,1.82866,1.82906,1.00,1.37
2017.04.19 13:55:33.425,1.82866,1.82904,1.00,1.37
2017.04.19 13:55:33.627,1.82861,1.82904,1.50,2.21
2017.04.19 13:55:33.964,1.82861,1.82897,1.50,1.00
2017.04.19 13:55:34.368,1.82862,1.82895,1.00,1.00
2017.04.19 13:55:34.469,1.82863,1.829,1.00,1.00
2017.04.19 13:55:34.570,1.82863,1.829,1.00,1.37
2017.04.19 13:55:34.621,1.82863,1.829,1.00,1.00
2017.04.19 13:55:34.672,1.82865,1.82902,1.00,1.37
2017.04.19 13:55:35.588,1.82861,1.829,1.50,2.21
2017.04.19 13:55:35.740,1.82857,1.82896,1.12,1.37
2017.04.19 13:55:36.260,1.82858,1.82895,1.00,1.37
2017.04.19 13:55:36.759,1.82856,1.82895,1.00,1.37
2017.04.19 13:55:36.860,1.82856,1.82892,1.00,1.00
2017.04.19 13:55:37.254,1.82858,1.82898,1.00,1.37
2017.04.19 13:55:37.305,1.8286,1.82898,1.00,1.37
2017.04.19 13:55:37.406,1.82858,1.82896,1.00,1.37
2017.04.19 13:55:37.853,1.82858,1.82893,1.00,1.00
2017.04.19 13:55:38.512,1.8286,1.82893,1.00,1.00
2017.04.19 13:55:38.564,1.82855,1.82891,1.00,1.12
2017.04.19 13:55:38.743,1.82854,1.82886,1.00,1.00
2017.04.19 13:55:38.897,1.82852,1.82886,1.00,1.00
2017.04.19 13:55:38.948,1.82846,1.82886,1.37,1.00
2017.04.19 13:55:39.005,1.82849,1.82882,1.37,1.00
2017.04.19 13:55:39.209,1.82847,1.82882,1.00,1.00
2017.04.19 13:55:39.260,1.82847,1.82886,1.00,1.00
2017.04.19 13:55:39.463,1.82848,1.82886,1.37,1.00
2017.04.19 13:55:39.791,1.82845,1.82883,2.62,1.00
2017.04.19 13:55:39.893,1.82848,1.82888,1.37,1.00
2017.04.19 13:55:40.095,1.82847,1.8289,1.37,1.50
2017.04.19 13:55:40.146,1.82847,1.82888,1.37,1.00
2017.04.19 13:55:40.197,1.82846,1.82886,1.37,1.00
2017.04.19 13:55:40.248,1.82845,1.82885,1.00,1.37
2017.04.19 13:55:40.299,1.82842,1.82883,1.37,1.00
2017.04.19 13:55:40.401,1.8284,1.82881,1.37,1.00
2017.04.19 13:55:40.956,1.8284,1.82881,2.62,1.00
2017.04.19 13:55:41.210,1.82845,1.82884,1.37,1.00
2017.04.19 13:55:41.689,1.82843,1.82882,1.37,1.00
2017.04.19 13:55:41.841,1.8284,1.82882,1.87,1.50
2017.04.19 13:55:41.893,1.82839,1.82879,1.87,1.00
2017.04.19 13:55:42.203,1.82839,1.82876,1.37,1.00
2017.04.19 13:55:42.304,1.82839,1.82879,1.87,1.00
2017.04.19 13:55:42.406,1.82839,1.82881,1.37,1.00
2017.04.19 13:55:43.429,1.82839,1.82881,1.37,1.00
2017.04.19 13:55:43.764,1.82837,1.82875,1.50,1.00
2017.04.19 13:55:44.067,1.82832,1.82864,1.00,1.00
2017.04.19 13:55:44.118,1.82826,1.82864,1.75,1.00
2017.04.19 13:55:44.276,1.82826,1.82862,1.37,1.00
2017.04.19 13:55:44.627,1.82826,1.82862,1.12,1.00
2017.04.19 13:55:44.728,1.82826,1.82862,1.37,1.00
2017.04.19 13:55:45.081,1.82826,1.82862,1.00,1.00
2017.04.19 13:55:45.839,1.82826,1.82863,1.00,1.00
2017.04.19 13:55:46.406,1.82826,1.82862,1.00,1.00
2017.04.19 13:55:46.580,1.82826,1.82865,1.87,1.00
2017.04.19 13:55:46.631,1.82828,1.82865,1.37,1.00
2017.04.19 13:55:46.836,1.82829,1.82872,1.37,1.00
2017.04.19 13:55:46.937,1.82831,1.82873,1.37,1.00
2017.04.19 13:55:47.240,1.82836,1.82877,1.37,1.00
2017.04.19 13:55:47.459,1.82836,1.82877,1.00,1.50
2017.04.19 13:55:48.132,1.82836,1.82875,1.00,1.50
2017.04.19 13:55:48.831,1.82836,1.82876,1.12,1.00
2017.04.19 13:55:49.365,1.82836,1.82875,1.12,1.12
2017.04.19 13:55:49.991,1.82836,1.82874,1.12,1.00
2017.04.19 13:55:51.041,1.82836,1.82875,1.12,1.00
2017.04.19 13:55:51.621,1.82836,1.82876,1.12,1.00
2017.04.19 13:55:52.358,1.82836,1.82877,1.87,1.12
2017.04.19 13:55:52.912,1.82836,1.82876,1.87,1.00
2017.04.19 13:55:53.352,1.82836,1.82873,1.87,1.00
2017.04.19 13:55:53.505,1.82828,1.82866,1.37,1.00
2017.04.19 13:55:54.017,1.82828,1.82866,1.12,1.00
2017.04.19 13:55:54.370,1.82825,1.82869,1.87,1.87
2017.04.19 13:55:54.421,1.82825,1.82867,1.87,1.00
2017.04.19 13:55:54.573,1.82823,1.82864,1.12,1.12
2017.04.19 13:55:54.881,1.82822,1.82863,1.37,1.00
2017.04.19 13:55:55.407,1.82821,1.82862,2.25,1.00
2017.04.19 13:55:56.049,1.82821,1.82862,1.87,1.00
2017.04.19 13:55:56.432,1.82822,1.82863,1.37,1.00
2017.04.19 13:55:56.685,1.82825,1.82865,1.00,1.12
2017.04.19 13:55:56.735,1.82825,1.82866,1.37,1.12
2017.04.19 13:55:57.172,1.82827,1.82868,1.00,1.37
2017.04.19 13:55:57.223,1.82827,1.82866,1.12,1.12
2017.04.19 13:55:57.576,1.82827,1.82864,1.00,1.00
2017.04.19 13:55:58.133,1.82826,1.82864,1.00,1.00
2017.04.19 13:55:58.510,1.82826,1.82862,1.00,1.00
2017.04.19 13:55:59.749,1.82826,1.82864,1.12,1.00
2017.04.19 13:55:59.969,1.82826,1.82867,1.12,1.12
2017.04.19 13:56:01.729,1.82827,1.82867,1.12,1.00
2017.04.19 13:56:01.931,1.82828,1.8287,1.37,1.37
2017.04.19 13:56:02.469,1.82828,1.82869,1.12,1.00
2017.04.19 13:56:03.113,1.82828,1.82869,1.37,1.00
2017.04.19 13:56:03.215,1.8283,1.82869,1.37,1.00
2017.04.19 13:56:03.317,1.82834,1.82875,1.37,1.50
2017.04.19 13:56:03.368,1.82834,1.82875,1.00,1.37
2017.04.19 13:56:03.469,1.82832,1.82874,1.50,1.37
2017.04.19 13:56:03.958,1.82832,1.82871,1.00,1.00
2017.04.19 13:56:04.316,1.82832,1.82869,1.00,1.00
2017.04.19 13:56:05.281,1.82832,1.8287,1.00,1.00
2017.04.19 13:56:05.723,1.82827,1.82867,1.12,1.00
2017.04.19 13:56:05.825,1.82826,1.82867,1.37,1.00
2017.04.19 13:56:06.440,1.82827,1.82867,1.37,1.00
2017.04.19 13:56:07.729,1.82834,1.82867,1.00,1.00
2017.04.19 13:56:07.830,1.82836,1.8287,1.12,1.00
2017.04.19 13:56:07.931,1.82837,1.82879,1.50,1.37
2017.04.19 13:56:08.184,1.82837,1.82877,1.50,1.37
2017.04.19 13:56:08.234,1.82838,1.82877,1.12,1.00
2017.04.19 13:56:08.336,1.82838,1.8288,1.12,1.37
2017.04.19 13:56:10.186,1.82838,1.8288,1.37,1.00
2017.04.19 13:56:10.781,1.82841,1.8288,1.37,1.00
2017.04.19 13:56:10.934,1.82846,1.82888,1.37,1.50
2017.04.19 13:56:11.035,1.82848,1.82888,1.37,1.00
2017.04.19 13:56:11.949,1.8285,1.8289,1.37,1.00
2017.04.19 13:56:12.647,1.8285,1.8289,1.37,1.00
2017.04.19 13:56:13.608,1.8285,1.82891,1.87,1.00
2017.04.19 13:56:15.288,1.8285,1.82891,1.87,1.00
2017.04.19 13:56:17.243,1.82849,1.82892,1.37,1.00
2017.04.19 13:56:17.822,1.8285,1.82891,1.37,1.00
2017.04.19 13:56:18.327,1.82849,1.8289,1.37,1.50
2017.04.19 13:56:19.349,1.82849,1.82887,1.37,1.00
2017.04.19 13:56:19.450,1.82849,1.82889,1.37,1.00
2017.04.19 13:56:19.754,1.82851,1.82891,1.37,1.00
2017.04.19 13:56:19.805,1.82851,1.82889,1.37,1.00
2017.04.19 13:56:20.142,1.82848,1.82889,1.37,1.00
2017.04.19 13:56:20.323,1.82845,1.82884,1.00,1.37
2017.04.19 13:56:20.425,1.82839,1.82881,1.75,1.87
2017.04.19 13:56:20.526,1.8284,1.82881,1.00,1.12
2017.04.19 13:56:21.260,1.8284,1.8288,1.00,1.37
2017.04.19 13:56:21.423,1.8284,1.8288,1.00,1.00
2017.04.19 13:56:22.147,1.8284,1.82877,1.12,1.00
2017.04.19 13:56:22.248,1.82838,1.82877,1.00,1.00
2017.04.19 13:56:22.555,1.82837,1.82876,1.00,1.37
2017.04.19 13:56:22.656,1.82834,1.82875,1.37,1.12
2017.04.19 13:56:22.997,1.82834,1.82868,1.00,1.00
2017.04.19 13:56:23.048,1.82832,1.82868,1.00,1.00
2017.04.19 13:56:23.098,1.82828,1.82868,1.50,1.12
2017.04.19 13:56:23.149,1.82828,1.82865,1.00,1.00
2017.04.19 13:56:23.351,1.82824,1.82863,1.37,1.00
2017.04.19 13:56:23.930,1.82823,1.82864,1.37,1.00
2017.04.19 13:56:24.614,1.82826,1.82866,1.00,1.00
2017.04.19 13:56:24.665,1.82831,1.82866,1.00,1.00
2017.04.19 13:56:25.319,1.82831,1.82865,1.00,1.00
2017.04.19 13:56:25.948,1.82831,1.82864,1.00,1.00
2017.04.19 13:56:26.515,1.82831,1.82865,1.00,1.00
2017.04.19 13:56:26.824,1.82833,1.82866,1.00,1.00
2017.04.19 13:56:27.148,1.82835,1.82866,1.00,1.00
2017.04.19 13:56:27.951,1.82835,1.82867,1.00,1.00
2017.04.19 13:56:28.573,1.82834,1.82867,1.50,1.00
2017.04.19 13:56:29.302,1.82835,1.82867,1.00,1.00
2017.04.19 13:56:31.027,1.82835,1.82866,1.00,1.00
2017.04.19 13:56:31.528,1.82835,1.82867,1.00,1.00
2017.04.19 13:56:32.304,1.82836,1.82867,1.00,1.00
2017.04.19 13:56:32.859,1.82836,1.82867,1.37,1.00
2017.04.19 13:56:32.960,1.82839,1.82873,1.00,1.00
2017.04.19 13:56:33.012,1.82837,1.82873,1.00,1.00
2017.04.19 13:56:33.163,1.8284,1.82873,1.00,1.00
2017.04.19 13:56:33.230,1.8284,1.82877,1.00,1.37
2017.04.19 13:56:33.762,1.82841,1.82876,1.00,1.12
2017.04.19 13:56:34.307,1.8284,1.82875,1.00,1.37
2017.04.19 13:56:34.840,1.82839,1.82875,1.00,1.37
2017.04.19 13:56:35.026,1.82835,1.82875,1.00,1.37
2017.04.19 13:56:35.077,1.82833,1.82875,1.12,1.37
2017.04.19 13:56:35.662,1.82832,1.82866,1.00,1.37
2017.04.19 13:56:35.713,1.82831,1.82868,1.00,1.12
2017.04.19 13:56:35.764,1.82828,1.82868,1.09,1.12
2017.04.19 13:56:35.865,1.8283,1.82871,1.00,1.37
2017.04.19 13:56:36.168,1.82826,1.82865,1.00,1.87
2017.04.19 13:56:36.370,1.82824,1.82865,1.00,2.62
2017.04.19 13:56:36.750,1.82826,1.82865,1.00,1.87
2017.04.19 13:56:37.859,1.82824,1.82863,1.00,1.87
2017.04.19 13:56:37.909,1.82824,1.82861,1.00,1.37
2017.04.19 13:56:38.590,1.82823,1.82861,1.00,1.37
2017.04.19 13:56:39.390,1.82823,1.82862,1.00,1.37
2017.04.19 13:56:40.002,1.82823,1.82858,1.00,1.87
2017.04.19 13:56:40.053,1.82823,1.82861,1.00,1.37
2017.04.19 13:56:40.155,1.8282,1.8286,1.00,1.37
2017.04.19 13:56:40.979,1.8282,1.82857,1.00,1.87
2017.04.19 13:56:41.080,1.82816,1.82857,1.37,1.87
2017.04.19 13:56:42.172,1.82816,1.82859,1.37,1.37
2017.04.19 13:56:42.686,1.82816,1.8286,1.00,2.62
2017.04.19 13:56:44.350,1.82819,1.8286,1.00,1.87
2017.04.19 13:56:44.890,1.82819,1.82859,1.00,1.00
2017.04.19 13:56:45.426,1.82819,1.8286,1.00,1.00
2017.04.19 13:56:46.870,1.82815,1.82848,1.00,1.34
2017.04.19 13:56:46.972,1.82805,1.82844,1.50,1.00
2017.04.19 13:56:47.159,1.82803,1.82846,1.50,1.00
2017.04.19 13:56:47.210,1.82805,1.82847,1.00,1.50
2017.04.19 13:56:47.615,1.82807,1.82847,1.00,1.00
2017.04.19 13:56:48.379,1.8281,1.82847,1.00,1.00
2017.04.19 13:56:48.430,1.82811,1.82854,1.00,1.09
2017.04.19 13:56:48.533,1.82814,1.82854,1.00,1.00
2017.04.19 13:56:48.584,1.82815,1.82856,1.00,1.00
2017.04.19 13:56:48.635,1.82819,1.82856,1.00,1.00
2017.04.19 13:56:49.069,1.82821,1.82857,1.12,1.00
2017.04.19 13:56:49.372,1.82827,1.82857,1.00,1.00
2017.04.19 13:56:49.423,1.82826,1.82869,1.50,1.50
2017.04.19 13:56:49.628,1.82828,1.82864,1.00,1.00
2017.04.19 13:56:49.780,1.82827,1.82869,1.00,1.00
2017.04.19 13:56:50.054,1.82831,1.82872,1.00,1.00
2017.04.19 13:56:50.397,1.82831,1.8287,1.00,1.00
2017.04.19 13:56:51.326,1.82832,1.82871,1.00,1.00
2017.04.19 13:56:51.528,1.82831,1.82873,1.00,1.00
2017.04.19 13:56:51.630,1.82839,1.82874,1.00,1.00
2017.04.19 13:56:51.680,1.82834,1.82877,1.00,1.50
2017.04.19 13:56:51.731,1.82834,1.82874,1.00,1.00
2017.04.19 13:56:51.933,1.82831,1.82875,1.87,1.00
2017.04.19 13:56:51.984,1.82834,1.82875,1.00,1.00
2017.04.19 13:56:52.280,1.8283,1.82872,1.00,1.00
2017.04.19 13:56:52.331,1.8283,1.8287,1.00,1.00
2017.04.19 13:56:52.635,1.82827,1.82867,1.00,1.00
2017.04.19 13:56:52.787,1.82827,1.82871,1.50,1.00
2017.04.19 13:56:52.889,1.82827,1.82869,1.00,1.00
2017.04.19 13:56:53.285,1.82827,1.82871,1.50,1.00
2017.04.19 13:56:53.387,1.82826,1.82867,1.00,1.00
2017.04.19 13:56:53.691,1.82823,1.82862,1.00,1.50
2017.04.19 13:56:53.792,1.82819,1.82862,1.50,1.50
2017.04.19 13:56:53.894,1.82819,1.82859,1.00,1.00
2017.04.19 13:56:54.462,1.82819,1.82856,1.50,1.00
2017.04.19 13:56:54.808,1.82818,1.82858,1.00,1.00
2017.04.19 13:56:54.909,1.82818,1.82854,1.00,1.00
2017.04.19 13:56:55.409,1.82818,1.82858,1.00,1.00
2017.04.19 13:56:55.459,1.8282,1.82858,1.00,1.00
2017.04.19 13:56:55.762,1.82823,1.82857,1.00,1.50
2017.04.19 13:56:55.813,1.82822,1.8286,1.00,1.00
2017.04.19 13:56:55.965,1.82828,1.82861,1.00,1.00
2017.04.19 13:56:56.015,1.82828,1.82865,1.00,1.00
2017.04.19 13:56:56.299,1.8283,1.82865,1.00,1.00
2017.04.19 13:56:56.652,1.82828,1.82865,1.00,1.00
2017.04.19 13:56:56.753,1.82824,1.82865,1.50,1.00
2017.04.19 13:56:56.804,1.8282,1.82858,1.00,1.09
2017.04.19 13:56:57.172,1.82822,1.82857,1.00,1.09
2017.04.19 13:56:57.228,1.82818,1.82857,1.00,1.34
2017.04.19 13:56:57.329,1.82816,1.82857,1.00,1.00
2017.04.19 13:56:57.380,1.82818,1.82857,1.00,1.00
2017.04.19 13:56:57.430,1.82815,1.82857,1.00,1.00
2017.04.19 13:56:57.481,1.82815,1.82854,1.00,1.00
2017.04.19 13:56:57.784,1.82819,1.82852,1.00,1.00
2017.04.19 13:56:57.834,1.82816,1.82852,1.00,1.00
2017.04.19 13:56:57.988,1.82816,1.82854,1.50,1.00
2017.04.19 13:56:58.275,1.82816,1.82852,1.00,1.00
2017.04.19 13:56:58.622,1.82818,1.8285,1.00,1.00
2017.04.19 13:56:58.773,1.82818,1.82853,1.00,1.00
2017.04.19 13:56:59.241,1.8282,1.82853,1.00,1.00
2017.04.19 13:56:59.456,1.82823,1.82858,1.00,1.00
2017.04.19 13:56:59.557,1.82821,1.82857,1.00,1.37
2017.04.19 13:56:59.659,1.82819,1.82856,1.00,1.00
2017.04.19 13:57:00.097,1.8282,1.82854,1.00,1.00
2017.04.19 13:57:00.148,1.82818,1.82854,1.00,1.00
2017.04.19 13:57:00.249,1.82815,1.82853,1.87,1.00
2017.04.19 13:57:00.300,1.82815,1.82855,1.12,1.00
2017.04.19 13:57:00.562,1.82816,1.8285,1.00,1.00
2017.04.19 13:57:00.916,1.82812,1.82848,1.37,1.00
2017.04.19 13:57:01.324,1.8281,1.82849,1.37,1.00
2017.04.19 13:57:01.618,1.8281,1.82848,1.87,1.00
2017.04.19 13:57:01.857,1.8281,1.8285,1.37,1.00
2017.04.19 13:57:02.368,1.8281,1.82851,1.37,1.00
2017.04.19 13:57:02.491,1.8281,1.82851,1.37,1.00
2017.04.19 13:57:03.283,1.8281,1.82851,1.12,1.00
2017.04.19 13:57:03.862,1.82808,1.8285,1.37,1.00
2017.04.19 13:57:03.913,1.82812,1.82853,1.87,1.00
2017.04.19 13:57:04.280,1.82821,1.82859,1.00,2.62
2017.04.19 13:57:04.331,1.82819,1.82859,1.37,1.12
2017.04.19 13:57:04.533,1.82819,1.82859,1.00,1.37
2017.04.19 13:57:05.001,1.82818,1.82857,1.00,1.87
2017.04.19 13:57:05.255,1.82818,1.82858,1.00,1.37
2017.04.19 13:57:05.530,1.8282,1.82858,1.50,1.37
2017.04.19 13:57:05.854,1.82822,1.8286,1.00,1.37
2017.04.19 13:57:06.056,1.8282,1.82859,1.50,1.87
2017.04.19 13:57:06.158,1.8282,1.82861,1.50,1.87
2017.04.19 13:57:06.209,1.8282,1.8286,1.50,1.37
2017.04.19 13:57:06.310,1.82816,1.82858,1.37,1.37
2017.04.19 13:57:06.512,1.8282,1.82857,1.37,1.00
2017.04.19 13:57:06.818,1.82819,1.8286,1.37,1.00
2017.04.19 13:57:07.092,1.8282,1.8286,1.37,1.00
2017.04.19 13:57:07.193,1.8282,1.82859,1.37,1.00
2017.04.19 13:57:07.701,1.8282,1.8286,1.37,1.00
2017.04.19 13:57:08.452,1.8282,1.8286,1.00,1.00
2017.04.19 13:57:08.506,1.82819,1.82856,1.50,1.87
2017.04.19 13:57:08.628,1.82816,1.82854,1.12,1.87
2017.04.19 13:57:09.176,1.82815,1.82853,1.00,1.37
2017.04.19 13:57:09.744,1.82815,1.82853,1.50,1.37
2017.04.19 13:57:10.720,1.82818,1.82855,1.00,2.62
2017.04.19 13:57:11.065,1.8282,1.82857,1.00,1.87
2017.04.19 13:57:11.589,1.8282,1.82857,1.00,1.87
2017.04.19 13:57:12.020,1.82817,1.82856,1.00,1.87
2017.04.19 13:57:12.430,1.82818,1.82854,1.00,1.00
2017.04.19 13:57:13.189,1.82818,1.82856,1.12,1.00
2017.04.19 13:57:14.345,1.82821,1.82856,1.00,1.00
2017.04.19 13:57:14.396,1.82819,1.82859,1.00,1.12
2017.04.19 13:57:14.497,1.82819,1.82856,1.00,1.00
2017.04.19 13:57:15.313,1.82819,1.82855,1.50,1.00
2017.04.19 13:57:15.850,1.82819,1.82856,1.50,1.12
2017.04.19 13:57:16.246,1.82823,1.82856,1.00,1.00
2017.04.19 13:57:16.520,1.82821,1.82855,1.00,1.00
2017.04.19 13:57:16.908,1.82823,1.82856,1.00,1.00
2017.04.19 13:57:17.416,1.82824,1.82856,1.00,1.00
2017.04.19 13:57:17.729,1.82826,1.82862,1.00,1.12
2017.04.19 13:57:18.234,1.82826,1.8286,1.00,1.00
2017.04.19 13:57:18.335,1.82828,1.82863,1.00,1.00
2017.04.19 13:57:19.287,1.8283,1.82863,1.00,1.00
2017.04.19 13:57:19.590,1.82834,1.82864,1.00,1.00
2017.04.19 13:57:19.641,1.82834,1.82868,1.00,1.00
2017.04.19 13:57:19.843,1.82834,1.82871,1.00,1.09
2017.04.19 13:57:20.204,1.82834,1.82868,1.00,1.00
2017.04.19 13:57:20.306,1.82833,1.82872,1.50,1.09
2017.04.19 13:57:20.407,1.82833,1.8287,1.00,1.00
2017.04.19 13:57:20.559,1.82831,1.8287,1.00,1.00
2017.04.19 13:57:20.610,1.82831,1.82868,1.00,1.00
2017.04.19 13:57:20.913,1.82831,1.82865,1.00,1.00
2017.04.19 13:57:21.211,1.82831,1.82867,1.00,1.00
2017.04.19 13:57:21.262,1.82829,1.82867,1.00,1.00
2017.04.19 13:57:21.313,1.82831,1.82867,1.00,1.00
2017.04.19 13:57:21.616,1.82833,1.82868,1.00,1.00
2017.04.19 13:57:22.155,1.82835,1.82869,1.00,1.00
2017.04.19 13:57:22.340,1.82833,1.82868,1.00,1.50
2017.04.19 13:57:22.492,1.8283,1.82868,1.50,1.00
2017.04.19 13:57:22.544,1.82833,1.82866,1.00,1.00
2017.04.19 13:57:22.747,1.82834,1.82868,1.00,1.00
2017.04.19 13:57:23.076,1.82834,1.8287,1.00,1.00
2017.04.19 13:57:23.229,1.82832,1.8287,1.50,1.00
2017.04.19 13:57:23.281,1.82834,1.8287,1.00,1.00
2017.04.19 13:57:23.331,1.82831,1.82868,1.00,1.00
2017.04.19 13:57:23.383,1.82831,1.8287,1.00,1.00
2017.04.19 13:57:23.433,1.8283,1.82864,1.00,1.00
2017.04.19 13:57:23.688,1.82828,1.82865,1.00,1.00
2017.04.19 13:57:24.009,1.82828,1.82867,1.00,1.00
2017.04.19 13:57:24.221,1.8283,1.82867,1.00,1.00
2017.04.19 13:57:24.524,1.82836,1.82867,1.00,1.00
2017.04.19 13:57:24.575,1.82834,1.82867,1.00,1.00
2017.04.19 13:57:24.740,1.82834,1.82869,1.50,1.00
2017.04.19 13:57:24.843,1.82836,1.82869,1.00,1.00
2017.04.19 13:57:25.221,1.82836,1.82872,1.00,1.00
2017.04.19 13:57:25.272,1.82838,1.82872,1.00,1.00
2017.04.19 13:57:26.548,1.82836,1.82872,1.00,1.00
2017.04.19 13:57:26.599,1.82834,1.82872,1.50,1.00
2017.04.19 13:57:26.650,1.82834,1.8287,1.00,1.00
2017.04.19 13:57:26.953,1.82833,1.82868,1.00,1.00
2017.04.19 13:57:27.389,1.82831,1.82868,1.00,1.00
2017.04.19 13:57:27.776,1.82833,1.82868,1.00,1.00
2017.04.19 13:57:27.877,1.82834,1.8287,1.00,1.00
2017.04.19 13:57:28.079,1.82836,1.8287,1.00,1.00
2017.04.19 13:57:28.616,1.82836,1.82871,1.00,1.00
2017.04.19 13:57:28.982,1.82834,1.82869,1.00,1.00
2017.04.19 13:57:29.033,1.8283,1.82869,1.50,1.00
2017.04.19 13:57:29.084,1.82827,1.82869,1.00,1.00
2017.04.19 13:57:29.135,1.82826,1.82863,1.00,1.00
2017.04.19 13:57:29.438,1.82858,1.82883,1.00,1.00
2017.04.19 13:57:29.488,1.82859,1.82886,1.00,1.00
2017.04.19 13:57:29.590,1.82856,1.82897,1.00,2.25
2017.04.19 13:57:29.691,1.82854,1.82895,1.50,1.75
2017.04.19 13:57:29.742,1.82857,1.82894,1.00,1.50
2017.04.19 13:57:29.981,1.82859,1.82898,1.00,1.50
2017.04.19 13:57:30.083,1.82855,1.82898,1.00,1.50
2017.04.19 13:57:30.134,1.82856,1.82895,1.00,1.00
2017.04.19 13:57:30.235,1.82851,1.82893,1.00,1.00
2017.04.19 13:57:30.337,1.82853,1.8289,1.00,1.00
2017.04.19 13:57:30.387,1.82851,1.8289,1.00,1.00
2017.04.19 13:57:30.438,1.82851,1.82892,1.00,1.00
2017.04.19 13:57:30.539,1.82853,1.82893,1.00,1.00
2017.04.19 13:57:30.641,1.82853,1.82895,1.00,1.00
2017.04.19 13:57:30.691,1.82855,1.82895,1.00,1.00
2017.04.19 13:57:31.134,1.82856,1.82892,1.00,1.00
2017.04.19 13:57:31.437,1.82854,1.82893,1.00,1.09
2017.04.19 13:57:31.639,1.82854,1.82891,1.00,1.00
2017.04.19 13:57:31.967,1.82856,1.82891,1.00,1.00
2017.04.19 13:57:32.266,1.82854,1.82891,1.50,1.09
2017.04.19 13:57:32.316,1.82856,1.82891,1.00,1.09
2017.04.19 13:57:32.479,1.82854,1.82893,1.50,1.34
2017.04.19 13:57:32.583,1.82857,1.8289,1.00,1.00
2017.04.19 13:57:32.684,1.82858,1.82893,1.00,1.00
2017.04.19 13:57:33.037,1.82857,1.8289,1.50,1.00
2017.04.19 13:57:33.680,1.82871,1.82899,1.00,1.00
2017.04.19 13:57:33.731,1.82879,1.82908,1.00,1.00
2017.04.19 13:57:33.833,1.82882,1.82908,1.00,1.00
2017.04.19 13:57:33.984,1.82881,1.82916,1.00,1.37
2017.04.19 13:57:34.288,1.82882,1.82917,1.00,1.00
2017.04.19 13:57:34.833,1.82883,1.82917,1.00,1.00
2017.04.19 13:57:35.402,1.82884,1.82917,1.00,1.00
2017.04.19 13:57:35.556,1.82884,1.8292,1.00,1.00
2017.04.19 13:57:35.607,1.82881,1.8292,1.50,1.00
2017.04.19 13:57:35.658,1.82881,1.82923,1.00,1.00
2017.04.19 13:57:35.845,1.82879,1.82923,1.50,1.00
2017.04.19 13:57:35.896,1.82879,1.82917,1.00,1.00
2017.04.19 13:57:36.135,1.82879,1.82919,1.00,1.00
2017.04.19 13:57:36.490,1.82878,1.82915,1.12,1.00
2017.04.19 13:57:36.541,1.82874,1.82915,1.00,1.00
2017.04.19 13:57:36.642,1.82877,1.82908,1.00,1.00
2017.04.19 13:57:36.693,1.82873,1.82908,1.12,1.00
2017.04.19 13:57:36.854,1.82873,1.82905,1.12,1.00
2017.04.19 13:57:36.905,1.82866,1.82905,1.00,1.00
2017.04.19 13:57:37.057,1.82864,1.82904,1.00,1.00
2017.04.19 13:57:37.567,1.82865,1.82906,1.00,2.25
2017.04.19 13:57:37.719,1.82865,1.82903,1.00,1.00
2017.04.19 13:57:38.053,1.82864,1.82901,1.00,1.50
2017.04.19 13:57:38.154,1.82857,1.82899,1.87,1.00
2017.04.19 13:57:38.255,1.82855,1.82895,1.50,1.00
2017.04.19 13:57:38.357,1.82852,1.82894,1.87,1.00
2017.04.19 13:57:38.458,1.82858,1.82889,1.00,1.00
2017.04.19 13:57:38.509,1.8285,1.82889,1.00,1.50
2017.04.19 13:57:38.559,1.8285,1.82883,1.50,1.00
2017.04.19 13:57:38.661,1.8285,1.82888,1.00,1.00
2017.04.19 13:57:38.712,1.82852,1.82888,1.00,1.00
2017.04.19 13:57:39.022,1.82861,1.82897,1.00,1.00
2017.04.19 13:57:39.123,1.82862,1.82901,1.00,1.00
2017.04.19 13:57:39.174,1.82862,1.82898,1.50,1.00
2017.04.19 13:57:39.478,1.82863,1.82901,1.00,1.00
2017.04.19 13:57:39.630,1.82865,1.82901,1.00,1.00
2017.04.19 13:57:39.782,1.82867,1.82907,1.00,1.00
2017.04.19 13:57:39.833,1.82864,1.82907,1.50,1.00
2017.04.19 13:57:40.162,1.82863,1.82899,1.50,1.00
2017.04.19 13:57:40.264,1.82861,1.82899,1.00,1.00
2017.04.19 13:57:40.315,1.82863,1.82898,1.00,1.00
2017.04.19 13:57:40.517,1.82861,1.82898,1.00,1.00
2017.04.19 13:57:40.947,1.82861,1.82902,1.00,1.00
2017.04.19 13:57:41.212,1.82859,1.82898,1.00,1.00
2017.04.19 13:57:41.263,1.82859,1.82901,1.00,1.46
2017.04.19 13:57:41.314,1.82859,1.82902,1.00,1.50
2017.04.19 13:57:41.416,1.82859,1.82901,1.00,1.46
2017.04.19 13:57:41.568,1.82855,1.82896,1.12,1.09
2017.04.19 13:57:41.619,1.82855,1.82895,1.00,1.71
2017.04.19 13:57:41.937,1.82848,1.82885,1.00,1.00
2017.04.19 13:57:41.988,1.82846,1.82885,1.00,1.00
2017.04.19 13:57:42.240,1.82843,1.82883,1.50,1.09
2017.04.19 13:57:42.493,1.82846,1.82884,1.00,1.00
2017.04.19 13:57:42.695,1.82841,1.8288,1.50,1.00
2017.04.19 13:57:42.746,1.82842,1.82878,1.00,1.00
2017.04.19 13:57:43.094,1.82839,1.82878,1.50,1.50
2017.04.19 13:57:43.283,1.82838,1.82876,1.00,1.00
2017.04.19 13:57:43.487,1.82836,1.82877,1.00,1.00
2017.04.19 13:57:43.891,1.82838,1.82879,1.00,1.50
2017.04.19 13:57:44.216,1.8284,1.82879,1.00,1.00
2017.04.19 13:57:44.368,1.82842,1.82882,1.00,1.00
2017.04.19 13:57:44.470,1.82842,1.82884,1.50,1.00
2017.04.19 13:57:44.520,1.82844,1.82884,1.00,1.00
2017.04.19 13:57:44.571,1.82842,1.82884,1.00,1.00
2017.04.19 13:57:44.622,1.82842,1.82878,1.00,1.00
2017.04.19 13:57:44.925,1.82841,1.82876,1.00,1.00
2017.04.19 13:57:45.446,1.82839,1.82876,1.00,1.00
2017.04.19 13:57:45.497,1.82839,1.82874,1.00,1.00
2017.04.19 13:57:45.548,1.82835,1.82874,1.37,1.00
2017.04.19 13:57:45.599,1.82835,1.8287,1.00,1.00
2017.04.19 13:57:45.650,1.82831,1.82867,1.00,1.00
2017.04.19 13:57:45.701,1.82831,1.82865,1.00,1.00
2017.04.19 13:57:46.004,1.82834,1.82866,1.00,1.00
2017.04.19 13:57:46.056,1.82831,1.82866,1.00,1.00
2017.04.19 13:57:46.297,1.82831,1.82872,1.12,1.50
2017.04.19 13:57:46.348,1.82839,1.82872,1.00,1.00
2017.04.19 13:57:46.399,1.82839,1.82874,1.00,1.00
2017.04.19 13:57:46.653,1.82846,1.82873,2.21,1.00
2017.04.19 13:57:46.855,1.82875,1.829,1.37,1.00
2017.04.19 13:57:46.906,1.82875,1.8291,1.37,1.00
2017.04.19 13:57:47.097,1.8288,1.82912,1.00,1.00
2017.04.19 13:57:47.148,1.82879,1.82897,1.00,1.00
2017.04.19 13:57:47.199,1.82872,1.82903,1.00,1.00
2017.04.19 13:57:47.250,1.82871,1.82901,1.00,1.00
2017.04.19 13:57:47.553,1.82861,1.82893,1.00,1.00
2017.04.19 13:57:47.655,1.82861,1.82891,1.00,1.00
2017.04.19 13:57:47.893,1.82857,1.82892,1.12,1.00
2017.04.19 13:57:48.096,1.82857,1.82888,1.50,1.00
2017.04.19 13:57:48.197,1.82857,1.8289,1.12,1.00
2017.04.19 13:57:48.551,1.82857,1.82887,1.00,1.00
2017.04.19 13:57:48.602,1.82855,1.82887,1.00,1.00
2017.04.19 13:57:49.151,1.82855,1.82886,1.00,1.00
2017.04.19 13:57:49.549,1.82855,1.82888,1.00,1.00
2017.04.19 13:57:49.650,1.82855,1.8289,1.00,1.00
2017.04.19 13:57:49.802,1.8286,1.82894,1.00,1.00
2017.04.19 13:57:49.853,1.8286,1.82897,1.50,1.00
2017.04.19 13:57:49.904,1.8286,1.82894,1.50,1.00
2017.04.19 13:57:50.289,1.82862,1.82894,1.00,1.00
2017.04.19 13:57:50.492,1.82856,1.82893,2.25,1.00
2017.04.19 13:57:50.694,1.82855,1.82892,1.00,1.00
2017.04.19 13:57:51.065,1.82857,1.82893,1.00,1.00
2017.04.19 13:57:51.613,1.82857,1.82888,1.00,1.00
2017.04.19 13:57:51.664,1.82853,1.82888,1.00,1.00
2017.04.19 13:57:51.765,1.82853,1.82885,1.00,1.00
2017.04.19 13:57:51.866,1.82851,1.82885,1.00,1.00
2017.04.19 13:57:52.171,1.82848,1.82884,1.00,1.00
2017.04.19 13:57:52.222,1.82848,1.82888,1.00,1.00
2017.04.19 13:57:52.273,1.82852,1.82888,1.00,1.00
2017.04.19 13:57:52.324,1.82852,1.8289,1.00,1.00
2017.04.19 13:57:52.425,1.82854,1.82892,1.00,1.00
2017.04.19 13:57:52.742,1.82852,1.82892,1.00,1.00
2017.04.19 13:57:52.793,1.82859,1.82889,1.00,1.00
2017.04.19 13:57:52.844,1.82859,1.82892,1.00,1.50
2017.04.19 13:57:52.895,1.82855,1.82891,1.00,1.00
2017.04.19 13:57:53.147,1.82855,1.82888,1.00,1.00
2017.04.19 13:57:53.198,1.82853,1.82888,1.00,1.00
2017.04.19 13:57:53.299,1.82853,1.82894,1.00,1.00
2017.04.19 13:57:53.350,1.82853,1.82896,1.50,1.00
2017.04.19 13:57:53.401,1.82855,1.82896,1.00,1.00
2017.04.19 13:57:53.751,1.82853,1.82891,1.00,1.00
2017.04.19 13:57:53.903,1.82853,1.82895,1.00,1.00
2017.04.19 13:57:53.954,1.82856,1.82895,1.00,1.00
2017.04.19 13:57:54.105,1.82859,1.829,1.00,1.00
2017.04.19 13:57:54.207,1.82863,1.829,1.00,1.00
2017.04.19 13:57:54.308,1.82863,1.82902,1.00,1.00
2017.04.19 13:57:54.409,1.82863,1.82905,1.00,1.00
2017.04.19 13:57:54.510,1.82866,1.82907,1.00,1.50
2017.04.19 13:57:54.870,1.82866,1.82909,1.00,1.50
2017.04.19 13:57:54.972,1.82863,1.82904,1.00,1.00
2017.04.19 13:57:55.510,1.82863,1.829,1.00,1.00
2017.04.19 13:57:55.712,1.82859,1.82899,1.50,1.00
2017.04.19 13:57:55.813,1.82859,1.82898,1.00,1.37
2017.04.19 13:57:55.914,1.82857,1.82897,1.00,1.00
2017.04.19 13:57:56.110,1.82854,1.82896,1.00,1.00
2017.04.19 13:57:56.262,1.82854,1.82896,1.00,1.37
2017.04.19 13:57:56.812,1.82849,1.82889,1.00,1.87
2017.04.19 13:57:56.913,1.82845,1.82887,1.00,1.87
2017.04.19 13:57:57.065,1.82844,1.82884,1.50,1.12
2017.04.19 13:57:57.388,1.82846,1.82884,1.00,1.12
2017.04.19 13:57:57.606,1.82847,1.82888,1.12,1.37
2017.04.19 13:57:57.707,1.82847,1.82888,1.00,1.87
2017.04.19 13:57:57.809,1.82844,1.82888,2.25,1.87
2017.04.19 13:57:58.072,1.82844,1.82888,2.62,1.87
2017.04.19 13:57:58.123,1.82847,1.82888,1.00,1.37
2017.04.19 13:57:58.442,1.82848,1.82885,1.00,1.00
2017.04.19 13:57:58.544,1.82846,1.82885,1.00,1.12
2017.04.19 13:57:58.868,1.82846,1.82883,1.00,1.00
2017.04.19 13:57:59.373,1.82847,1.82886,1.12,1.00
2017.04.19 13:57:59.424,1.82847,1.82886,1.37,1.00
2017.04.19 13:57:59.576,1.82851,1.8289,1.00,1.00
2017.04.19 13:57:59.934,1.8285,1.82888,1.12,1.00
2017.04.19 13:58:00.087,1.82849,1.8289,1.37,1.00
2017.04.19 13:58:00.139,1.82848,1.8289,1.12,1.12
2017.04.19 13:58:00.292,1.82848,1.82889,1.00,1.37
2017.04.19 13:58:00.444,1.82847,1.82887,1.00,1.12
2017.04.19 13:58:00.546,1.82847,1.82889,1.37,1.00
2017.04.19 13:58:00.850,1.82858,1.82898,1.37,2.25
2017.04.19 13:58:01.162,1.82861,1.82902,1.37,1.00
2017.04.19 13:58:01.707,1.8286,1.82903,1.37,1.12
2017.04.19 13:58:01.757,1.82859,1.82896,1.00,1.37
2017.04.19 13:58:01.859,1.82859,1.82896,1.00,1.12
2017.04.19 13:58:01.910,1.82852,1.82893,1.50,1.00
2017.04.19 13:58:02.459,1.82852,1.82893,1.12,1.00
2017.04.19 13:58:02.510,1.82855,1.82895,1.00,1.37
2017.04.19 13:58:02.813,1.82854,1.82893,1.37,1.00
2017.04.19 13:58:02.914,1.82855,1.82897,1.37,1.37
2017.04.19 13:58:02.965,1.82854,1.82897,1.37,1.50
2017.04.19 13:58:03.016,1.82855,1.82897,1.00,1.37
2017.04.19 13:58:03.366,1.82853,1.82892,1.37,1.00
2017.04.19 13:58:03.673,1.8286,1.82901,1.00,1.37
2017.04.19 13:58:03.976,1.82857,1.82895,1.00,1.00
2017.04.19 13:58:04.115,1.82857,1.82897,1.00,1.00
2017.04.19 13:58:04.346,1.8286,1.82899,1.00,1.00
2017.04.19 13:58:04.668,1.82855,1.82896,1.00,1.37
2017.04.19 13:58:04.719,1.82853,1.82892,1.00,1.37
2017.04.19 13:58:04.770,1.82851,1.82892,1.50,1.37
2017.04.19 13:58:04.821,1.82851,1.82889,1.12,1.00
2017.04.19 13:58:05.371,1.8285,1.8289,1.37,1.00
2017.04.19 13:58:06.152,1.82852,1.8289,1.37,1.00
2017.04.19 13:58:06.909,1.8285,1.82886,1.37,1.00
2017.04.19 13:58:07.262,1.8285,1.82888,1.00,1.12
2017.04.19 13:58:07.314,1.82853,1.82889,1.00,1.00
2017.04.19 13:58:07.415,1.82851,1.82889,1.12,1.00
2017.04.19 13:58:07.466,1.82851,1.82889,1.37,1.00
2017.04.19 13:58:07.517,1.82852,1.82891,1.37,1.00
2017.04.19 13:58:08.057,1.82854,1.8289,1.37,1.00
2017.04.19 13:58:08.108,1.82851,1.82889,1.12,1.00
2017.04.19 13:58:08.158,1.82853,1.82889,1.12,1.00
2017.04.19 13:58:08.663,1.8285,1.82889,1.00,1.00
2017.04.19 13:58:08.764,1.82847,1.82889,1.37,1.37
2017.04.19 13:58:08.815,1.82847,1.82882,1.37,1.00
2017.04.19 13:58:08.916,1.82848,1.82885,1.37,1.00
2017.04.19 13:58:09.500,1.82848,1.82887,1.37,1.00
2017.04.19 13:58:09.624,1.82848,1.8289,1.37,1.37
2017.04.19 13:58:10.027,1.82854,1.8289,1.37,1.00
2017.04.19 13:58:10.128,1.8286,1.82897,1.87,1.00
2017.04.19 13:58:10.330,1.82861,1.82901,1.12,1.00
2017.04.19 13:58:10.546,1.82861,1.82904,1.87,1.37
2017.04.19 13:58:10.759,1.82864,1.82904,1.00,1.37
2017.04.19 13:58:11.069,1.82862,1.829,1.00,1.12
2017.04.19 13:58:11.839,1.82862,1.82903,1.00,1.37
2017.04.19 13:58:12.186,1.8286,1.82899,3.37,1.00
2017.04.19 13:58:12.288,1.8286,1.82903,3.37,1.37
2017.04.19 13:58:12.479,1.8286,1.82899,1.87,1.00
2017.04.19 13:58:13.039,1.8286,1.82899,1.00,1.37
2017.04.19 13:58:13.565,1.82856,1.82892,1.87,1.87
2017.04.19 13:58:13.666,1.82851,1.8289,1.00,1.37
2017.04.19 13:58:13.717,1.82849,1.82886,1.00,1.87
2017.04.19 13:58:13.970,1.82841,1.82879,1.00,1.37
2017.04.19 13:58:14.392,1.82842,1.82875,1.00,1.00
2017.04.19 13:58:14.443,1.8284,1.82875,1.00,1.00
2017.04.19 13:58:14.697,1.8284,1.82879,1.12,1.00
2017.04.19 13:58:14.901,1.8284,1.82876,1.00,1.00
2017.04.19 13:58:15.204,1.82838,1.82875,1.00,1.00
2017.04.19 13:58:15.305,1.82836,1.82875,1.00,1.37
2017.04.19 13:58:15.637,1.8284,1.82873,1.12,1.00
2017.04.19 13:58:16.271,1.8284,1.82874,1.00,1.00
2017.04.19 13:58:16.731,1.82837,1.82869,1.00,1.37
2017.04.19 13:58:16.788,1.82828,1.82865,1.00,1.00
2017.04.19 13:58:16.839,1.82824,1.82863,1.87,1.00
2017.04.19 13:58:17.142,1.82825,1.8286,1.00,1.00
2017.04.19 13:58:17.193,1.82821,1.8286,1.00,1.00
2017.04.19 13:58:17.446,1.82825,1.82861,1.00,1.00
2017.04.19 13:58:17.547,1.82825,1.82864,1.00,1.00
2017.04.19 13:58:17.775,1.82826,1.82867,1.00,1.00
2017.04.19 13:58:17.826,1.82826,1.82863,1.00,1.00
2017.04.19 13:58:18.724,1.82824,1.82863,1.00,1.00
2017.04.19 13:58:19.113,1.82822,1.82863,1.00,1.00
2017.04.19 13:58:19.369,1.8282,1.82859,1.00,1.37
2017.04.19 13:58:19.419,1.82817,1.82858,1.87,1.00
2017.04.19 13:58:19.470,1.82819,1.82858,1.00,1.50
2017.04.19 13:58:19.622,1.8282,1.82862,1.00,1.00
2017.04.19 13:58:20.150,1.82821,1.82859,1.00,1.00
2017.04.19 13:58:20.425,1.82822,1.82862,1.00,1.00
2017.04.19 13:58:20.775,1.82822,1.82859,1.00,1.00
2017.04.19 13:58:20.826,1.82819,1.82859,1.00,1.00
2017.04.19 13:58:21.408,1.82818,1.82859,1.00,1.00
2017.04.19 13:58:21.733,1.82817,1.82857,1.00,1.00
2017.04.19 13:58:22.106,1.82819,1.82857,1.00,1.00
2017.04.19 13:58:22.156,1.82819,1.82859,1.00,1.00
2017.04.19 13:58:22.258,1.82821,1.82859,1.00,1.00
2017.04.19 13:58:22.308,1.82816,1.82859,1.50,1.00
2017.04.19 13:58:22.850,1.82821,1.82859,1.00,1.00
2017.04.19 13:58:25.013,1.82821,1.82859,1.50,1.37
2017.04.19 13:58:25.371,1.8282,1.82859,1.00,2.62
2017.04.19 13:58:25.541,1.82816,1.82858,1.50,1.37
2017.04.19 13:58:25.592,1.82814,1.82853,1.00,1.00
2017.04.19 13:58:25.642,1.82814,1.82854,1.00,1.37
2017.04.19 13:58:25.744,1.82817,1.82857,1.12,1.37
2017.04.19 13:58:25.794,1.8282,1.82857,1.00,1.00
2017.04.19 13:58:26.098,1.82818,1.82852,1.37,1.00
2017.04.19 13:58:26.149,1.82816,1.82856,1.37,1.00
2017.04.19 13:58:26.200,1.82817,1.82856,1.00,1.00
2017.04.19 13:58:26.275,1.82817,1.82853,1.00,1.00
2017.04.19 13:58:26.818,1.82811,1.82849,1.37,1.00
2017.04.19 13:58:26.869,1.82811,1.82849,1.87,1.00
2017.04.19 13:58:26.920,1.82814,1.8285,1.37,1.00
2017.04.19 13:58:27.223,1.82816,1.82851,1.37,1.00
2017.04.19 13:58:27.274,1.82814,1.82851,1.50,1.00
2017.04.19 13:58:27.627,1.82817,1.82849,1.00,1.00
2017.04.19 13:58:27.930,1.8282,1.82852,1.00,1.00
2017.04.19 13:58:28.250,1.82815,1.82852,1.37,1.00
2017.04.19 13:58:28.454,1.82815,1.8285,1.50,1.00
2017.04.19 13:58:28.657,1.82815,1.82853,1.00,1.37
2017.04.19 13:58:28.773,1.82817,1.82853,1.00,1.00
2017.04.19 13:58:28.975,1.82815,1.82853,1.12,1.00
2017.04.19 13:58:29.126,1.82815,1.8285,1.37,1.00
2017.04.19 13:58:29.352,1.82815,1.82853,1.00,1.00
2017.04.19 13:58:29.822,1.82818,1.82853,1.00,1.00
2017.04.19 13:58:30.234,1.82816,1.82853,1.00,1.00
2017.04.19 13:58:30.335,1.82817,1.8285,1.00,1.00
2017.04.19 13:58:30.537,1.82817,1.82852,1.00,1.00
2017.04.19 13:58:30.905,1.82815,1.82852,1.50,1.12
2017.04.19 13:58:31.057,1.82815,1.82849,1.00,1.00
2017.04.19 13:58:31.513,1.82813,1.82849,1.12,1.00
2017.04.19 13:58:32.613,1.82808,1.82849,1.37,1.00
2017.04.19 13:58:32.664,1.82805,1.82847,1.37,1.12
2017.04.19 13:58:32.715,1.82804,1.82847,1.87,1.37
2017.04.19 13:58:33.017,1.82804,1.82841,1.37,1.00
2017.04.19 13:58:33.853,1.82804,1.82839,1.37,1.00
2017.04.19 13:58:34.381,1.82806,1.8284,1.37,1.00
2017.04.19 13:58:34.914,1.82806,1.8284,1.37,1.00
2017.04.19 13:58:35.518,1.82808,1.8284,1.00,1.00
2017.04.19 13:58:36.023,1.82808,1.82841,1.12,1.00
2017.04.19 13:58:36.731,1.82806,1.8284,1.87,1.00
2017.04.19 13:58:37.278,1.82808,1.82839,1.12,1.00
2017.04.19 13:58:38.334,1.82808,1.82839,1.37,1.00
2017.04.19 13:58:38.436,1.82808,1.82843,2.62,1.00
2017.04.19 13:58:38.833,1.82809,1.82844,1.37,1.00
2017.04.19 13:58:38.884,1.82809,1.82844,1.37,1.00
2017.04.19 13:58:39.037,1.82808,1.82844,1.37,1.00
2017.04.19 13:58:40.825,1.8281,1.82842,1.37,1.00
2017.04.19 13:58:41.346,1.8281,1.82843,1.37,1.00
2017.04.19 13:58:41.877,1.8281,1.82843,1.37,1.00
2017.04.19 13:58:42.159,1.8281,1.82843,1.00,1.00
2017.04.19 13:58:42.740,1.82809,1.82843,1.00,1.00
2017.04.19 13:58:43.273,1.82808,1.82843,1.00,1.00
2017.04.19 13:58:43.475,1.8281,1.82843,1.00,1.00
2017.04.19 13:58:43.815,1.82812,1.82844,1.00,1.00
2017.04.19 13:58:44.118,1.82813,1.82846,1.00,1.00
2017.04.19 13:58:44.642,1.82813,1.82847,1.00,1.00
2017.04.19 13:58:44.743,1.82816,1.82851,1.00,1.00
2017.04.19 13:58:44.989,1.82818,1.82854,1.00,1.00
2017.04.19 13:58:45.527,1.82818,1.82855,1.00,1.12
2017.04.19 13:58:46.060,1.82819,1.82855,1.00,1.12
2017.04.19 13:58:46.111,1.82817,1.82855,1.00,1.12
2017.04.19 13:58:46.287,1.82816,1.8285,1.00,1.00
2017.04.19 13:58:46.388,1.82814,1.8285,1.00,1.00
2017.04.19 13:58:46.620,1.82814,1.82852,1.00,1.12
2017.04.19 13:58:46.923,1.82813,1.82847,1.12,1.00
2017.04.19 13:58:47.816,1.82814,1.82847,1.00,1.00
2017.04.19 13:58:47.867,1.82814,1.8285,1.00,1.00
2017.04.19 13:58:48.609,1.82815,1.8285,1.00,1.00
2017.04.19 13:58:50.176,1.82816,1.8285,1.00,1.00
2017.04.19 13:58:50.227,1.82814,1.8285,1.12,1.00
2017.04.19 13:58:52.610,1.82815,1.8285,1.00,1.00
2017.04.19 13:58:52.838,1.82817,1.82854,1.00,1.00
2017.04.19 13:58:52.889,1.82819,1.82854,1.00,1.00
2017.04.19 13:58:52.990,1.82821,1.82859,1.00,1.37
2017.04.19 13:58:53.142,1.82822,1.8286,1.00,1.12
2017.04.19 13:58:53.344,1.82824,1.82862,1.12,1.00
2017.04.19 13:58:53.710,1.82824,1.82863,1.00,1.37
2017.04.19 13:58:53.761,1.82822,1.8286,1.00,1.37
2017.04.19 13:58:54.287,1.8282,1.8286,1.87,1.00
2017.04.19 13:58:54.390,1.82824,1.8286,1.00,1.00
2017.04.19 13:58:55.346,1.82826,1.82864,1.00,1.00
2017.04.19 13:58:56.187,1.82825,1.82864,1.00,1.00
2017.04.19 13:58:56.238,1.82824,1.82866,1.00,1.00
2017.04.19 13:58:56.444,1.82824,1.82864,1.00,1.00
2017.04.19 13:58:56.495,1.82822,1.82864,1.50,1.00
2017.04.19 13:58:56.647,1.82821,1.82861,1.00,1.00
2017.04.19 13:58:56.956,1.82819,1.82857,1.50,1.00
2017.04.19 13:58:57.108,1.82817,1.82857,1.00,1.00
2017.04.19 13:58:57.159,1.82818,1.82855,1.00,1.00
2017.04.19 13:58:57.379,1.82816,1.82855,1.00,1.00
2017.04.19 13:58:57.531,1.82814,1.82855,1.00,1.00
2017.04.19 13:58:57.760,1.82814,1.82853,1.00,1.00
2017.04.19 13:58:58.063,1.82815,1.82856,1.00,1.00
2017.04.19 13:58:58.114,1.82817,1.82856,1.00,1.00
2017.04.19 13:58:58.165,1.82815,1.82856,1.00,1.00
2017.04.19 13:58:58.216,1.82813,1.82856,1.50,1.00
2017.04.19 13:58:58.317,1.82817,1.82856,1.00,1.00
2017.04.19 13:58:58.368,1.82814,1.82856,1.50,1.00
2017.04.19 13:58:58.491,1.82815,1.82853,1.00,1.00
2017.04.19 13:58:59.028,1.82814,1.82853,1.00,1.00
2017.04.19 13:59:00.182,1.82816,1.82853,1.00,1.00
2017.04.19 13:59:00.709,1.82817,1.82853,1.00,1.00
2017.04.19 13:59:00.911,1.82815,1.82853,1.50,1.00
2017.04.19 13:59:00.962,1.82817,1.82853,1.00,1.00
2017.04.19 13:59:01.012,1.82815,1.82853,1.12,1.00
2017.04.19 13:59:01.239,1.82815,1.82856,1.12,1.00
2017.04.19 13:59:01.711,1.82817,1.82856,1.00,1.00
2017.04.19 13:59:02.015,1.82823,1.82862,1.00,1.00
2017.04.19 13:59:02.318,1.82825,1.82862,1.00,1.00
2017.04.19 13:59:02.922,1.82827,1.82862,1.00,1.00
2017.04.19 13:59:03.568,1.82826,1.82863,1.00,1.00
2017.04.19 13:59:04.340,1.82828,1.82863,1.37,1.00
2017.04.19 13:59:04.391,1.82828,1.82868,1.12,1.00
2017.04.19 13:59:04.442,1.8283,1.82868,1.12,1.00
2017.04.19 13:59:04.722,1.82835,1.82876,1.00,1.87
2017.04.19 13:59:05.330,1.82837,1.82876,1.00,1.37
2017.04.19 13:59:06.023,1.82836,1.82875,1.00,1.37
2017.04.19 13:59:06.585,1.82838,1.82877,1.00,1.00
2017.04.19 13:59:06.636,1.82839,1.82877,1.37,1.00
2017.04.19 13:59:06.687,1.82841,1.82879,1.37,1.00
2017.04.19 13:59:06.738,1.82845,1.82879,1.37,1.00
2017.04.19 13:59:07.070,1.82855,1.82891,1.12,1.00
2017.04.19 13:59:07.222,1.82855,1.82895,1.12,1.00
2017.04.19 13:59:07.324,1.82857,1.82895,1.37,1.00
2017.04.19 13:59:07.375,1.82857,1.82898,1.37,1.50
2017.04.19 13:59:07.426,1.82863,1.82898,1.00,1.00
2017.04.19 13:59:08.009,1.82862,1.82898,1.00,1.00
2017.04.19 13:59:08.060,1.82863,1.82901,1.12,1.00
2017.04.19 13:59:08.262,1.82862,1.82901,1.00,1.37
2017.04.19 13:59:08.515,1.82854,1.82894,1.50,1.37
2017.04.19 13:59:08.565,1.82853,1.82892,1.00,1.87
2017.04.19 13:59:08.868,1.82852,1.82888,1.50,1.37
2017.04.19 13:59:08.919,1.82853,1.82888,1.00,1.00
2017.04.19 13:59:08.970,1.82855,1.82891,1.12,1.00
2017.04.19 13:59:09.190,1.82857,1.82897,1.00,2.62
2017.04.19 13:59:09.240,1.82857,1.82897,1.12,1.37
2017.04.19 13:59:09.393,1.8286,1.829,1.00,1.37
2017.04.19 13:59:09.494,1.82857,1.82898,1.87,1.37
2017.04.19 13:59:09.596,1.82857,1.82889,1.00,1.00
2017.04.19 13:59:09.748,1.82852,1.82885,1.50,1.00
2017.04.19 13:59:10.296,1.82852,1.82884,1.50,1.00
2017.04.19 13:59:10.821,1.82852,1.82885,1.50,1.00
2017.04.19 13:59:11.263,1.82852,1.82874,1.00,1.00
2017.04.19 13:59:11.577,1.8284,1.82862,1.00,1.00
2017.04.19 13:59:11.629,1.82825,1.8286,2.62,1.00
2017.04.19 13:59:11.985,1.82825,1.8286,1.50,1.00
2017.04.19 13:59:12.187,1.82825,1.82856,1.00,1.00
2017.04.19 13:59:12.238,1.82821,1.82856,1.50,1.12
2017.04.19 13:59:12.339,1.82821,1.82847,1.00,1.00
2017.04.19 13:59:12.441,1.82816,1.82846,1.00,1.00
2017.04.19 13:59:12.673,1.82813,1.82846,1.12,1.00
2017.04.19 13:59:12.724,1.8281,1.82848,1.00,1.50
2017.04.19 13:59:12.825,1.82812,1.82848,1.00,1.12
2017.04.19 13:59:12.876,1.82812,1.82852,1.00,1.37
2017.04.19 13:59:12.926,1.82815,1.82852,1.00,1.37
2017.04.19 13:59:13.128,1.82813,1.82853,1.00,1.37
2017.04.19 13:59:13.361,1.82811,1.82852,1.46,1.12
2017.04.19 13:59:13.513,1.82816,1.82856,1.00,1.37
2017.04.19 13:59:13.795,1.8282,1.82862,1.00,1.37
2017.04.19 13:59:13.896,1.82821,1.82863,1.00,1.12
2017.04.19 13:59:13.947,1.82823,1.82864,1.00,1.87
2017.04.19 13:59:14.099,1.82826,1.82868,1.00,1.37
2017.04.19 13:59:14.201,1.82826,1.82869,1.50,2.62
2017.04.19 13:59:14.252,1.82827,1.82871,1.00,1.87
2017.04.19 13:59:14.303,1.82827,1.82868,1.00,1.87
2017.04.19 13:59:14.404,1.82827,1.8287,1.00,1.37
2017.04.19 13:59:14.455,1.82827,1.82868,1.00,1.37
2017.04.19 13:59:14.758,1.82827,1.82863,1.00,1.37
2017.04.19 13:59:14.841,1.8282,1.82863,1.50,1.87
2017.04.19 13:59:14.892,1.8282,1.82862,1.00,2.62
2017.04.19 13:59:15.332,1.82819,1.8286,1.00,1.87
2017.04.19 13:59:15.586,1.82818,1.8286,1.00,1.87
2017.04.19 13:59:15.860,1.82817,1.82858,1.50,1.37
2017.04.19 13:59:16.259,1.82825,1.82858,1.00,1.37
2017.04.19 13:59:16.432,1.8283,1.82864,1.00,1.50
2017.04.19 13:59:16.536,1.82825,1.82864,1.37,1.00
2017.04.19 13:59:16.586,1.82825,1.82864,1.00,1.37
2017.04.19 13:59:16.688,1.82821,1.82862,1.00,1.87
2017.04.19 13:59:16.940,1.82821,1.82862,1.37,1.00
2017.04.19 13:59:17.244,1.82821,1.82863,1.37,1.00
2017.04.19 13:59:17.577,1.8282,1.82863,1.00,1.37
2017.04.19 13:59:17.628,1.82821,1.82863,1.37,1.00
2017.04.19 13:59:17.813,1.82818,1.8286,2.25,1.00
2017.04.19 13:59:17.863,1.82817,1.82858,1.37,1.12
2017.04.19 13:59:18.315,1.82821,1.82862,1.00,1.37
2017.04.19 13:59:18.373,1.82825,1.82862,1.00,1.37
2017.04.19 13:59:18.841,1.82826,1.82862,1.00,1.00
2017.04.19 13:59:19.077,1.82831,1.82866,1.00,1.00
2017.04.19 13:59:19.128,1.82832,1.82871,1.00,1.37
2017.04.19 13:59:19.229,1.82834,1.82871,1.00,1.12
2017.04.19 13:59:19.534,1.82843,1.8288,1.00,1.87
2017.04.19 13:59:19.636,1.82845,1.82884,1.00,2.25
2017.04.19 13:59:19.687,1.82846,1.82884,1.00,1.50
2017.04.19 13:59:19.839,1.82848,1.82887,1.00,2.25
2017.04.19 13:59:19.991,1.82849,1.82888,1.50,1.37
2017.04.19 13:59:20.041,1.82858,1.8289,1.00,1.00
2017.04.19 13:59:20.384,1.82848,1.82873,1.00,2.21
2017.04.19 13:59:20.486,1.82836,1.82862,1.00,1.00
2017.04.19 13:59:20.537,1.82835,1.82869,1.00,1.37
2017.04.19 13:59:20.588,1.82831,1.82869,1.87,1.37
2017.04.19 13:59:20.941,1.82833,1.82872,1.12,1.37
2017.04.19 13:59:21.194,1.82831,1.82872,1.87,1.37
2017.04.19 13:59:21.385,1.82837,1.82872,1.00,1.37
2017.04.19 13:59:21.577,1.82835,1.82876,1.00,2.62
2017.04.19 13:59:21.628,1.82835,1.82876,1.00,1.37
2017.04.19 13:59:21.678,1.82837,1.82876,1.00,1.37
2017.04.19 13:59:22.186,1.82837,1.82877,1.50,1.12
2017.04.19 13:59:22.594,1.8284,1.82879,1.00,1.37
2017.04.19 13:59:22.696,1.8284,1.82879,1.00,1.37
2017.04.19 13:59:23.434,1.82837,1.82878,1.87,1.87
2017.04.19 13:59:24.040,1.82837,1.82878,2.25,1.00
2017.04.19 13:59:24.091,1.82837,1.82878,3.75,1.50
2017.04.19 13:59:24.482,1.82839,1.82878,1.87,1.00
2017.04.19 13:59:24.842,1.82839,1.82882,2.62,1.87
2017.04.19 13:59:25.133,1.82845,1.82885,1.12,1.37
2017.04.19 13:59:25.491,1.82848,1.82887,1.00,1.37
2017.04.19 13:59:25.685,1.82848,1.82889,1.37,1.00
2017.04.19 13:59:25.837,1.8285,1.82891,3.37,1.00
2017.04.19 13:59:26.090,1.82849,1.82886,1.00,1.12
2017.04.19 13:59:26.242,1.82849,1.82885,1.00,2.62
2017.04.19 13:59:26.292,1.82849,1.82885,1.00,1.37
2017.04.19 13:59:27.154,1.82849,1.82884,1.00,1.37
2017.04.19 13:59:27.356,1.82844,1.82882,1.37,1.00
2017.04.19 13:59:27.407,1.82844,1.82882,1.12,1.00
2017.04.19 13:59:27.578,1.82845,1.82884,1.12,1.12
2017.04.19 13:59:28.632,1.82846,1.82884,1.12,1.00
2017.04.19 13:59:28.934,1.82845,1.82886,1.37,1.12
2017.04.19 13:59:29.267,1.82837,1.82872,1.00,1.00
2017.04.19 13:59:29.369,1.82831,1.8287,1.12,1.00
2017.04.19 13:59:29.521,1.82831,1.8287,1.00,2.62
2017.04.19 13:59:29.572,1.82827,1.82865,1.00,1.12
2017.04.19 13:59:30.073,1.82825,1.82865,1.37,1.00
2017.04.19 13:59:30.225,1.82827,1.82866,1.87,1.00
2017.04.19 13:59:30.377,1.8283,1.82871,1.87,1.00
2017.04.19 13:59:30.479,1.82835,1.82871,1.37,1.00
2017.04.19 13:59:30.650,1.82831,1.82871,1.87,1.00
2017.04.19 13:59:30.853,1.8283,1.82868,1.87,1.00
2017.04.19 13:59:31.188,1.8283,1.82871,1.87,1.00
2017.04.19 13:59:31.772,1.82834,1.82872,1.37,1.00
2017.04.19 13:59:32.274,1.82836,1.82872,1.12,1.00
2017.04.19 13:59:32.439,1.82836,1.82869,1.12,1.00
2017.04.19 13:59:32.692,1.82833,1.82868,1.00,1.00
2017.04.19 13:59:32.742,1.82836,1.82867,1.00,1.00
2017.04.19 13:59:32.844,1.82835,1.8287,1.00,1.00
2017.04.19 13:59:33.255,1.82836,1.8287,1.37,1.00
2017.04.19 13:59:33.356,1.82837,1.82872,1.12,1.00
2017.04.19 13:59:33.457,1.82837,1.82872,1.00,1.37
2017.04.19 13:59:33.508,1.82831,1.82872,1.00,2.62
2017.04.19 13:59:33.559,1.82833,1.82863,1.00,1.00
2017.04.19 13:59:33.660,1.82833,1.82866,1.00,1.00
2017.04.19 13:59:33.711,1.82831,1.82866,1.87,1.00
2017.04.19 13:59:33.761,1.82833,1.82866,1.37,1.00
2017.04.19 13:59:33.863,1.82837,1.82869,1.00,1.00
2017.04.19 13:59:33.964,1.82837,1.82872,1.37,1.00
2017.04.19 13:59:34.065,1.82835,1.82876,1.87,1.00
2017.04.19 13:59:34.382,1.82835,1.82876,1.87,1.12
2017.04.19 13:59:34.764,1.82841,1.82879,1.00,1.37
2017.04.19 13:59:34.865,1.82838,1.82876,1.00,1.00
2017.04.19 13:59:35.067,1.82841,1.82877,1.00,1.12
2017.04.19 13:59:35.270,1.82833,1.82872,1.12,1.00
2017.04.19 13:59:35.559,1.82832,1.82868,1.37,1.00
2017.04.19 13:59:35.762,1.82828,1.82866,1.87,1.00
2017.04.19 13:59:36.064,1.82828,1.82862,1.37,1.00
2017.04.19 13:59:36.166,1.82826,1.82864,1.37,1.00
2017.04.19 13:59:36.216,1.82826,1.82864,2.62,1.50
2017.04.19 13:59:36.566,1.8283,1.82864,2.62,1.00
2017.04.19 13:59:36.626,1.8283,1.82867,1.37,1.00
2017.04.19 13:59:36.958,1.82831,1.82869,1.37,1.00
2017.04.19 13:59:37.059,1.82836,1.82868,1.87,1.00
2017.04.19 13:59:37.160,1.82837,1.8287,1.87,1.00
2017.04.19 13:59:37.262,1.82837,1.82872,1.87,1.00
2017.04.19 13:59:37.414,1.8284,1.82873,1.87,1.00
2017.04.19 13:59:37.565,1.8284,1.82875,1.87,1.50
2017.04.19 13:59:38.078,1.8284,1.82876,1.87,1.00
2017.04.19 13:59:38.391,1.82843,1.82877,1.87,1.50
2017.04.19 13:59:38.593,1.82844,1.82879,1.87,1.00
2017.04.19 13:59:38.694,1.82844,1.82882,1.87,1.50
2017.04.19 13:59:38.796,1.82843,1.8288,2.62,1.00
2017.04.19 13:59:39.112,1.82839,1.82876,1.87,1.50
2017.04.19 13:59:39.643,1.82839,1.82877,1.87,1.00
2017.04.19 13:59:39.947,1.82842,1.82877,1.87,1.50
2017.04.19 13:59:40.410,1.82842,1.82874,1.87,1.00
2017.04.19 13:59:40.512,1.82841,1.82874,1.37,1.50
2017.04.19 13:59:40.886,1.8284,1.82877,1.37,1.00
2017.04.19 13:59:41.410,1.82841,1.82876,1.37,1.00
2017.04.19 13:59:41.978,1.82841,1.82877,1.37,1.50
2017.04.19 13:59:42.509,1.82843,1.82877,1.87,1.00
2017.04.19 13:59:42.711,1.82844,1.8288,1.87,1.00
2017.04.19 13:59:42.763,1.82848,1.8288,1.37,1.00
2017.04.19 13:59:42.965,1.82847,1.8288,1.12,1.00
2017.04.19 13:59:43.066,1.8285,1.82884,1.00,1.00
2017.04.19 13:59:43.117,1.8285,1.82885,1.37,1.00
2017.04.19 13:59:43.464,1.82863,1.82884,1.37,1.00
2017.04.19 13:59:43.566,1.82865,1.82899,1.00,1.00
2017.04.19 13:59:43.667,1.82865,1.82903,1.00,1.00
2017.04.19 13:59:43.718,1.82865,1.82903,1.37,1.00
2017.04.19 13:59:43.819,1.82865,1.82905,1.37,1.00
2017.04.19 13:59:43.920,1.82865,1.82904,1.00,1.00
2017.04.19 13:59:44.071,1.82865,1.82901,1.12,1.00
2017.04.19 13:59:44.375,1.82867,1.82902,1.37,1.50
2017.04.19 13:59:46.042,1.82864,1.829,1.37,1.00
2017.04.19 13:59:46.093,1.82864,1.82902,1.37,1.00
2017.04.19 13:59:46.143,1.82864,1.82897,1.37,1.00
2017.04.19 13:59:46.194,1.82864,1.82901,1.37,1.00
2017.04.19 13:59:46.295,1.82864,1.82902,2.62,1.00
2017.04.19 13:59:46.598,1.82864,1.82897,1.12,1.00
2017.04.19 13:59:46.649,1.82864,1.82902,1.37,1.50
2017.04.19 13:59:46.700,1.82864,1.82902,1.37,1.00
2017.04.19 13:59:46.932,1.82866,1.82906,1.37,1.00
2017.04.19 13:59:46.983,1.8287,1.82908,1.87,1.00
2017.04.19 13:59:47.044,1.8287,1.82911,1.87,1.00
2017.04.19 13:59:47.110,1.82872,1.82912,1.87,1.00
2017.04.19 13:59:47.413,1.82881,1.8292,1.37,1.00
2017.04.19 13:59:47.515,1.82881,1.82917,1.12,1.00
2017.04.19 13:59:47.566,1.82881,1.8292,1.37,1.00
2017.04.19 13:59:48.014,1.82891,1.82917,1.00,1.00
2017.04.19 13:59:48.065,1.8289,1.82928,1.00,1.00
2017.04.19 13:59:48.116,1.8289,1.82926,1.12,1.00
2017.04.19 13:59:48.167,1.8289,1.8293,1.37,1.00
2017.04.19 13:59:48.218,1.8289,1.82925,1.00,1.00
2017.04.19 13:59:48.472,1.82883,1.8292,1.37,1.00
2017.04.19 13:59:48.573,1.82878,1.82918,1.75,1.00
2017.04.19 13:59:48.826,1.82879,1.82915,1.37,1.00
2017.04.19 13:59:49.213,1.82881,1.82914,1.37,1.00
2017.04.19 13:59:49.264,1.82881,1.82918,1.37,1.00
2017.04.19 13:59:49.668,1.82879,1.82916,1.87,1.00
2017.04.19 13:59:49.719,1.82879,1.82918,1.87,1.50
2017.04.19 13:59:49.770,1.82881,1.82916,1.37,1.00
2017.04.19 13:59:50.174,1.8288,1.82918,2.62,1.00
2017.04.19 13:59:50.692,1.8288,1.82918,1.37,1.50
2017.04.19 13:59:50.997,1.8288,1.82918,1.37,2.25
2017.04.19 13:59:51.452,1.82882,1.82919,1.87,1.00
2017.04.19 13:59:51.747,1.82882,1.82923,1.37,1.00
2017.04.19 13:59:51.798,1.82882,1.82921,1.37,1.00
2017.04.19 13:59:52.365,1.82883,1.82922,1.37,1.00
2017.04.19 13:59:52.669,1.82898,1.82932,1.00,1.00
2017.04.19 13:59:53.009,1.82894,1.8291,1.00,1.00
2017.04.19 13:59:53.312,1.82876,1.82913,2.02,1.00
2017.04.19 13:59:53.363,1.82878,1.82913,1.00,1.00
2017.04.19 13:59:53.615,1.82878,1.82904,1.00,1.00
2017.04.19 13:59:53.868,1.82867,1.82904,1.37,1.50
2017.04.19 13:59:54.070,1.82867,1.82904,1.00,1.50
2017.04.19 13:59:54.314,1.8287,1.82904,1.00,1.50
2017.04.19 13:59:54.634,1.82866,1.82903,1.87,1.00
2017.04.19 13:59:54.867,1.82866,1.82903,1.87,1.00
2017.04.19 13:59:55.069,1.82869,1.82905,1.37,1.50
2017.04.19 13:59:55.170,1.82869,1.82905,1.87,1.50
2017.04.19 13:59:55.516,1.82871,1.82904,1.00,1.00
2017.04.19 13:59:55.618,1.82879,1.82914,1.00,1.00
2017.04.19 13:59:55.720,1.82877,1.82915,1.00,1.50
2017.04.19 13:59:55.844,1.82882,1.82915,1.00,1.50
2017.04.19 13:59:55.945,1.82882,1.82917,1.00,1.00
2017.04.19 13:59:56.147,1.82891,1.82927,1.12,1.00
2017.04.19 13:59:56.248,1.82896,1.82928,1.37,1.00
2017.04.19 13:59:56.299,1.82896,1.82928,1.00,1.00
2017.04.19 13:59:56.350,1.82896,1.8293,1.00,1.00
2017.04.19 13:59:56.451,1.82896,1.8293,2.62,1.00
2017.04.19 13:59:56.552,1.82897,1.82931,1.12,1.00
2017.04.19 13:59:56.777,1.8289,1.82921,1.00,1.00
2017.04.19 13:59:57.080,1.8288,1.82915,1.87,1.00
2017.04.19 13:59:57.131,1.82879,1.82915,1.50,1.00
2017.04.19 13:59:57.232,1.82877,1.8291,2.25,1.00
2017.04.19 13:59:57.417,1.82877,1.82912,1.87,1.00
2017.04.19 13:59:57.941,1.82877,1.82913,1.87,1.00
2017.04.19 13:59:58.121,1.82888,1.82916,1.00,1.00
2017.04.19 13:59:58.223,1.82883,1.82919,1.12,1.00
2017.04.19 13:59:58.324,1.82884,1.82917,1.00,1.00
2017.04.19 13:59:58.375,1.82884,1.82919,1.00,1.00
2017.04.19 13:59:58.426,1.82889,1.82919,1.00,1.00
2017.04.19 13:59:58.527,1.82887,1.82919,1.00,1.00
2017.04.19 13:59:59.049,1.82883,1.82919,1.37,1.50
2017.04.19 13:59:59.100,1.82883,1.82912,1.00,1.00
2017.04.19 13:59:59.279,1.82878,1.82913,1.37,1.00
2017.04.19 13:59:59.330,1.82883,1.82912,1.00,1.00
2017.04.19 13:59:59.634,1.82884,1.82917,1.37,1.00
2017.04.19 13:59:59.735,1.82883,1.82921,1.37,1.00
2017.04.19 13:59:59.786,1.82883,1.82917,1.37,1.00
2017.04.19 13:59:59.837,1.82883,1.82919,1.37,1.00
2017.04.19 13:59:59.888,1.82883,1.82914,1.37,1.00
