2015.12.17 11:00:00.784,2.20921,2.21016,1.75,1.50
2015.12.17 11:00:00.835,2.20921,2.21016,1.75,1.50
2015.12.17 11:00:02.961,2.20924,2.21022,1.75,1.37
2015.12.17 11:00:03.063,2.20931,2.21026,1.75,1.37
2015.12.17 11:00:03.840,2.20936,2.21027,1.37,1.75
2015.12.17 11:00:03.891,2.20924,2.21023,1.75,1.75
2015.12.17 11:00:10.487,2.20924,2.21017,1.75,1.37
2015.12.17 11:00:10.538,2.20936,2.21016,1.75,1.00
2015.12.17 11:00:10.588,2.20936,2.21016,1.75,1.00
2015.12.17 11:00:10.639,2.20935,2.21031,1.75,1.00
2015.12.17 11:00:10.741,2.20935,2.21033,2.25,1.00
2015.12.17 11:00:11.269,2.20941,2.21035,1.75,2.25
2015.12.17 11:00:17.106,2.20954,2.21044,1.00,1.75
2015.12.17 11:00:17.409,2.2097,2.21066,1.37,1.75
2015.12.17 11:00:17.459,2.20976,2.21066,1.00,1.75
2015.12.17 11:00:17.661,2.20976,2.21071,1.75,2.25
2015.12.17 11:00:23.366,2.20974,2.21062,1.75,1.00
2015.12.17 11:00:23.467,2.20973,2.21062,1.00,1.75
2015.12.17 11:00:24.160,2.20962,2.21056,1.75,1.37
2015.12.17 11:00:24.537,2.20962,2.21056,1.37,1.75
2015.12.17 11:00:24.588,2.20962,2.21056,1.12,1.75
2015.12.17 11:00:25.090,2.20953,2.21045,1.75,1.00
2015.12.17 11:00:25.241,2.20953,2.21045,1.37,1.37
2015.12.17 11:00:25.545,2.20954,2.21045,1.00,1.75
2015.12.17 11:00:27.909,2.20953,2.21045,1.12,1.75
2015.12.17 11:00:31.045,2.20951,2.21045,1.75,1.87
2015.12.17 11:00:31.096,2.20964,2.21045,1.00,1.00
2015.12.17 11:00:32.444,2.20963,2.21045,1.00,1.00
2015.12.17 11:00:32.987,2.20964,2.21046,1.00,1.12
2015.12.17 11:00:36.169,2.20954,2.21042,1.37,1.37
2015.12.17 11:00:36.219,2.20954,2.21042,1.00,1.75
2015.12.17 11:00:36.371,2.20943,2.21036,2.25,1.12
2015.12.17 11:00:38.336,2.20954,2.21042,1.00,1.75
2015.12.17 11:00:42.185,2.20947,2.21037,1.75,1.50
2015.12.17 11:00:43.946,2.20954,2.21043,1.00,1.75
2015.12.17 11:00:44.327,2.20964,2.21056,1.75,2.25
2015.12.17 11:00:53.391,2.20963,2.2105,1.75,1.00
2015.12.17 11:00:53.700,2.20953,2.21045,2.25,1.75
2015.12.17 11:00:55.665,2.20954,2.21036,1.75,1.00
2015.12.17 11:00:56.817,2.20963,2.21049,1.50,1.75
2015.12.17 11:00:57.150,2.20973,2.21056,1.00,1.50
2015.12.17 11:00:57.201,2.20973,2.21057,1.00,1.37
2015.12.17 11:00:57.628,2.20984,2.21069,1.00,1.75
2015.12.17 11:00:57.678,2.20984,2.21069,1.00,1.75
2015.12.17 11:01:01.601,2.20994,2.21083,1.75,1.00
2015.12.17 11:01:01.753,2.20996,2.21086,1.75,1.37
2015.12.17 11:01:03.309,2.21003,2.21088,1.00,1.75
2015.12.17 11:01:03.611,2.21005,2.21097,1.75,1.50
2015.12.17 11:01:03.662,2.21013,2.21102,1.75,1.50
2015.12.17 11:01:10.025,2.21013,2.21093,1.75,1.00
2015.12.17 11:01:10.277,2.20999,2.21087,1.75,1.37
2015.12.17 11:01:11.776,2.20994,2.21076,1.75,1.00
2015.12.17 11:01:12.292,2.20994,2.21076,1.37,1.00
2015.12.17 11:01:12.443,2.20994,2.21076,1.37,1.37
2015.12.17 11:01:12.790,2.20994,2.21076,1.00,1.75
2015.12.17 11:01:14.416,2.20983,2.21077,2.25,1.75
2015.12.17 11:01:17.580,2.20984,2.21066,1.50,1.00
2015.12.17 11:01:19.160,2.20983,2.21076,2.25,1.75
2015.12.17 11:01:22.496,2.20984,2.21066,1.50,1.00
2015.12.17 11:01:25.645,2.20977,2.21056,1.75,1.00
2015.12.17 11:01:25.747,2.20977,2.21056,1.00,1.00
2015.12.17 11:01:27.240,2.20972,2.21056,1.75,1.00
2015.12.17 11:01:31.653,2.20973,2.21066,1.75,1.75
2015.12.17 11:01:34.010,2.20974,2.21056,1.75,1.00
2015.12.17 11:01:34.552,2.20974,2.21051,1.00,1.75
2015.12.17 11:01:34.603,2.20958,2.21047,1.75,1.00
2015.12.17 11:01:35.415,2.20952,2.21036,1.75,1.00
2015.12.17 11:01:35.516,2.20948,2.21036,1.75,1.00
2015.12.17 11:01:35.617,2.20944,2.21029,1.75,1.00
2015.12.17 11:01:35.667,2.20939,2.21027,1.75,1.00
2015.12.17 11:01:35.719,2.20933,2.21025,1.75,1.37
2015.12.17 11:01:35.770,2.20933,2.21025,1.75,1.75
2015.12.17 11:01:35.871,2.20927,2.21016,1.75,1.00
2015.12.17 11:01:36.439,2.20933,2.2102,1.75,1.12
2015.12.17 11:01:38.426,2.20931,2.21016,1.75,1.00
2015.12.17 11:01:38.735,2.20937,2.21027,1.75,1.00
2015.12.17 11:01:43.115,2.20944,2.21036,1.75,1.75
2015.12.17 11:01:43.937,2.20942,2.21027,1.00,1.75
2015.12.17 11:01:44.097,2.20921,2.21006,1.75,1.00
2015.12.17 11:01:44.450,2.20914,2.20996,2.25,1.00
2015.12.17 11:01:45.375,2.20914,2.21006,2.25,1.00
2015.12.17 11:01:46.779,2.20913,2.21007,2.25,1.87
2015.12.17 11:01:48.478,2.20923,2.21007,1.37,1.00
2015.12.17 11:01:51.994,2.2092,2.21006,2.25,1.00
2015.12.17 11:01:52.794,2.20925,2.21016,1.75,1.00
2015.12.17 11:01:53.157,2.20925,2.21007,1.75,1.00
2015.12.17 11:01:53.459,2.20916,2.20996,1.75,1.00
2015.12.17 11:01:53.510,2.20916,2.20996,1.75,1.00
2015.12.17 11:01:53.796,2.20924,2.21006,1.12,1.12
2015.12.17 11:02:09.984,2.20919,2.21007,1.75,1.12
2015.12.17 11:02:11.338,2.20926,2.21007,1.00,1.12
2015.12.17 11:02:11.735,2.20933,2.21026,1.75,1.75
2015.12.17 11:02:11.786,2.20942,2.21027,1.00,1.75
2015.12.17 11:02:11.887,2.20943,2.21035,1.75,1.12
2015.12.17 11:02:12.639,2.20943,2.21035,1.37,1.37
2015.12.17 11:02:12.690,2.20943,2.21035,1.00,1.75
2015.12.17 11:02:12.741,2.20934,2.21027,1.50,1.75
2015.12.17 11:02:13.031,2.20934,2.21017,1.50,1.00
2015.12.17 11:02:15.495,2.20935,2.21026,1.37,1.75
2015.12.17 11:02:16.004,2.20943,2.21027,1.00,1.75
2015.12.17 11:02:16.105,2.20943,2.21027,1.75,1.00
2015.12.17 11:02:16.728,2.2094,2.21026,1.75,1.00
2015.12.17 11:02:19.304,2.20943,2.21035,1.75,1.75
2015.12.17 11:02:21.543,2.2094,2.21027,1.75,1.00
2015.12.17 11:02:23.597,2.20944,2.21036,1.75,1.75
2015.12.17 11:02:23.960,2.20933,2.21013,2.25,1.00
2015.12.17 11:02:24.111,2.20919,2.21007,1.75,1.37
2015.12.17 11:02:24.263,2.20916,2.20997,1.75,1.00
2015.12.17 11:02:25.744,2.20913,2.20997,1.00,1.75
2015.12.17 11:02:25.796,2.20907,2.20987,1.75,1.00
2015.12.17 11:02:26.345,2.20903,2.20997,1.75,1.75
2015.12.17 11:02:29.489,2.20905,2.20997,1.75,1.37
2015.12.17 11:02:29.795,2.20913,2.20997,1.75,1.00
2015.12.17 11:02:30.557,2.20913,2.20997,1.37,2.25
2015.12.17 11:02:30.658,2.20905,2.20982,1.00,1.75
2015.12.17 11:02:30.759,2.20891,2.20977,1.75,1.00
2015.12.17 11:02:31.053,2.20885,2.20975,1.75,1.00
2015.12.17 11:02:31.356,2.20885,2.20966,1.37,1.00
2015.12.17 11:02:32.299,2.20884,2.20976,1.50,1.75
2015.12.17 11:02:33.181,2.20881,2.20966,2.25,1.50
2015.12.17 11:02:33.483,2.20871,2.20957,1.75,1.00
2015.12.17 11:02:33.648,2.20873,2.20965,1.75,1.00
2015.12.17 11:02:35.096,2.20873,2.20954,1.75,1.00
2015.12.17 11:02:35.147,2.20874,2.20954,1.12,1.00
2015.12.17 11:02:35.198,2.20874,2.20951,1.12,1.00
2015.12.17 11:02:35.353,2.20866,2.20947,1.00,1.00
2015.12.17 11:02:35.644,2.20855,2.20936,1.75,1.00
2015.12.17 11:02:35.702,2.20854,2.20944,1.75,1.00
2015.12.17 11:02:35.803,2.20858,2.20946,1.12,1.00
2015.12.17 11:02:36.056,2.20863,2.20955,1.00,1.00
2015.12.17 11:02:36.262,2.20858,2.20946,1.12,1.00
2015.12.17 11:02:36.464,2.20863,2.20955,1.00,1.00
2015.12.17 11:02:36.771,2.20863,2.20957,1.50,1.00
2015.12.17 11:02:38.229,2.20866,2.20957,1.00,1.00
2015.12.17 11:02:38.929,2.20869,2.20957,1.00,1.00
2015.12.17 11:02:39.232,2.20864,2.20946,1.00,1.00
2015.12.17 11:02:39.551,2.20866,2.20946,1.00,1.00
2015.12.17 11:02:39.804,2.20873,2.20957,1.00,1.37
2015.12.17 11:02:40.006,2.20866,2.20957,1.00,1.00
2015.12.17 11:02:40.208,2.20873,2.20957,1.00,1.00
2015.12.17 11:02:41.224,2.20868,2.20956,1.00,1.00
2015.12.17 11:02:41.325,2.2087,2.20956,1.00,1.00
2015.12.17 11:02:41.628,2.20874,2.20957,1.00,1.00
2015.12.17 11:02:41.930,2.20872,2.20957,1.00,1.00
2015.12.17 11:02:42.081,2.20874,2.20956,1.00,1.00
2015.12.17 11:02:42.478,2.20872,2.20957,1.00,1.00
2015.12.17 11:02:42.579,2.20873,2.20965,1.00,1.12
2015.12.17 11:02:42.780,2.20867,2.20956,1.00,1.00
2015.12.17 11:02:42.882,2.20873,2.20965,1.00,1.12
2015.12.17 11:02:43.385,2.20874,2.20966,1.00,1.37
2015.12.17 11:02:44.247,2.20873,2.20967,1.00,1.87
2015.12.17 11:02:45.298,2.20873,2.20967,1.37,1.50
2015.12.17 11:02:45.351,2.20882,2.20967,1.00,1.50
2015.12.17 11:02:45.901,2.20883,2.20967,1.00,1.00
2015.12.17 11:02:48.610,2.20883,2.20972,1.00,1.00
2015.12.17 11:02:49.268,2.20881,2.20966,1.00,1.00
2015.12.17 11:02:50.164,2.20876,2.20966,1.00,1.00
2015.12.17 11:02:50.834,2.20874,2.20966,1.12,1.00
2015.12.17 11:02:51.238,2.20874,2.20964,1.00,1.00
2015.12.17 11:02:51.548,2.20872,2.20956,1.00,1.00
2015.12.17 11:02:51.598,2.20866,2.20956,1.00,1.00
2015.12.17 11:02:51.649,2.20864,2.20956,1.12,1.00
2015.12.17 11:02:51.800,2.20863,2.20947,1.00,1.00
2015.12.17 11:02:54.173,2.20856,2.20947,1.00,1.00
2015.12.17 11:02:54.526,2.20854,2.20945,1.50,1.00
2015.12.17 11:02:54.829,2.20824,2.20916,1.75,1.37
2015.12.17 11:02:55.146,2.20819,2.20906,1.75,1.00
2015.12.17 11:02:55.979,2.20823,2.20917,1.75,2.25
2015.12.17 11:02:56.478,2.20834,2.20921,1.75,1.00
2015.12.17 11:02:56.529,2.20834,2.20926,1.75,1.75
2015.12.17 11:02:57.986,2.20837,2.20927,2.25,1.37
2015.12.17 11:02:58.037,2.20839,2.20927,1.75,1.00
2015.12.17 11:02:58.490,2.20845,2.20936,1.75,1.75
2015.12.17 11:02:58.592,2.20843,2.20926,1.75,1.00
2015.12.17 11:02:58.894,2.20842,2.20916,1.75,1.00
2015.12.17 11:02:59.198,2.20842,2.20935,1.75,1.50
2015.12.17 11:03:00.546,2.20843,2.20926,1.75,1.00
2015.12.17 11:03:01.007,2.20845,2.20936,1.75,1.75
2015.12.17 11:03:02.568,2.20841,2.20926,1.75,1.00
2015.12.17 11:03:02.669,2.20834,2.20915,2.25,1.12
2015.12.17 11:03:02.770,2.20833,2.20907,1.00,1.00
2015.12.17 11:03:02.973,2.2083,2.20917,2.25,1.00
2015.12.17 11:03:03.548,2.20839,2.20927,1.75,1.00
2015.12.17 11:03:05.088,2.20844,2.20936,2.25,1.50
2015.12.17 11:03:05.942,2.20845,2.20936,2.25,1.00
2015.12.17 11:03:08.384,2.20854,2.20946,2.25,1.75
2015.12.17 11:03:08.535,2.20859,2.20946,1.75,1.37
2015.12.17 11:03:08.586,2.20859,2.20946,1.75,1.00
2015.12.17 11:03:09.494,2.2086,2.20947,1.75,1.00
2015.12.17 11:03:11.776,2.20863,2.20946,1.75,1.00
2015.12.17 11:03:11.878,2.2086,2.20914,1.75,1.00
2015.12.17 11:03:11.979,2.20855,2.2092,1.00,1.75
2015.12.17 11:03:12.131,2.2083,2.20917,1.87,1.00
2015.12.17 11:03:12.435,2.20822,2.20906,1.75,1.00
2015.12.17 11:03:12.890,2.20831,2.20916,1.00,1.75
2015.12.17 11:03:13.193,2.20831,2.20917,1.75,1.00
2015.12.17 11:03:14.200,2.20831,2.20916,2.25,1.00
2015.12.17 11:03:14.965,2.20825,2.20902,1.75,1.00
2015.12.17 11:03:15.066,2.20823,2.20897,1.00,1.00
2015.12.17 11:03:15.373,2.20823,2.20887,1.00,1.00
2015.12.17 11:03:15.425,2.20793,2.20876,1.75,1.00
2015.12.17 11:03:15.628,2.20785,2.20866,1.75,1.00
2015.12.17 11:03:16.093,2.20793,2.20886,1.75,1.75
2015.12.17 11:03:16.462,2.20801,2.20886,1.00,1.75
2015.12.17 11:03:16.513,2.20799,2.20893,1.75,1.37
2015.12.17 11:03:16.615,2.20798,2.20887,2.25,1.00
2015.12.17 11:03:16.666,2.20798,2.20887,2.25,1.00
2015.12.17 11:03:16.868,2.20809,2.20896,1.00,1.00
2015.12.17 11:03:17.070,2.20809,2.20906,1.75,2.25
2015.12.17 11:03:17.839,2.20813,2.20897,1.75,1.00
2015.12.17 11:03:17.940,2.20813,2.20907,1.75,1.75
2015.12.17 11:03:19.698,2.20823,2.20916,1.75,1.75
2015.12.17 11:03:20.304,2.20827,2.20917,1.75,1.00
2015.12.17 11:03:20.930,2.20833,2.20916,1.75,1.00
2015.12.17 11:03:21.083,2.20824,2.20916,1.00,2.25
2015.12.17 11:03:21.184,2.20819,2.20907,1.75,1.75
2015.12.17 11:03:21.487,2.20824,2.20916,1.00,1.75
2015.12.17 11:03:22.190,2.20824,2.20916,1.75,1.50
2015.12.17 11:03:24.213,2.20824,2.20907,1.75,1.00
2015.12.17 11:03:24.515,2.20824,2.20897,1.75,1.00
2015.12.17 11:03:24.642,2.20824,2.20907,1.75,1.00
2015.12.17 11:03:25.342,2.20817,2.20906,1.75,1.00
2015.12.17 11:03:26.103,2.20822,2.20907,1.75,1.00
2015.12.17 11:03:26.670,2.20827,2.20922,1.75,1.75
2015.12.17 11:03:26.721,2.20831,2.20926,1.75,1.50
2015.12.17 11:03:27.603,2.20824,2.20904,1.50,1.87
2015.12.17 11:03:27.704,2.20824,2.20888,1.00,1.00
2015.12.17 11:03:28.399,2.20789,2.20866,1.00,1.00
2015.12.17 11:03:28.450,2.20781,2.20866,1.75,1.00
2015.12.17 11:03:28.602,2.20782,2.20871,1.75,1.50
2015.12.17 11:03:28.863,2.20782,2.20866,1.75,1.00
2015.12.17 11:03:28.964,2.20782,2.20871,1.75,1.50
2015.12.17 11:03:29.267,2.20786,2.20867,1.37,1.00
2015.12.17 11:03:29.966,2.20784,2.20871,1.75,1.50
2015.12.17 11:03:31.235,2.20792,2.20876,1.00,2.25
2015.12.17 11:03:31.790,2.20784,2.20876,1.75,1.75
2015.12.17 11:03:32.437,2.20791,2.20876,1.00,1.75
2015.12.17 11:03:33.565,2.20792,2.20876,1.00,1.75
2015.12.17 11:03:34.553,2.20792,2.20867,1.00,1.00
2015.12.17 11:03:34.654,2.20778,2.20867,1.75,1.00
2015.12.17 11:03:34.705,2.20773,2.20863,1.75,1.75
2015.12.17 11:03:35.058,2.20771,2.20856,1.75,1.00
2015.12.17 11:03:40.616,2.20774,2.20866,2.25,1.75
2015.12.17 11:03:40.718,2.20783,2.20874,1.75,1.75
2015.12.17 11:03:41.102,2.20783,2.20877,2.25,1.37
2015.12.17 11:03:41.153,2.20783,2.20877,2.25,1.00
2015.12.17 11:03:42.062,2.20783,2.20877,1.75,1.75
2015.12.17 11:03:42.566,2.20773,2.20867,1.75,1.00
2015.12.17 11:03:42.931,2.20773,2.20857,1.75,1.00
2015.12.17 11:03:42.982,2.20773,2.20867,2.25,1.00
2015.12.17 11:03:47.473,2.20776,2.20866,1.75,1.00
2015.12.17 11:03:47.865,2.20777,2.20857,1.75,1.00
2015.12.17 11:03:48.849,2.20777,2.20866,1.75,1.00
2015.12.17 11:03:50.981,2.20776,2.20867,1.75,1.00
2015.12.17 11:03:51.147,2.20776,2.20856,1.75,1.00
2015.12.17 11:03:51.719,2.20798,2.20856,1.00,1.00
2015.12.17 11:03:51.770,2.20792,2.20856,1.50,1.00
2015.12.17 11:03:51.871,2.20799,2.20886,1.00,1.75
2015.12.17 11:03:51.921,2.20799,2.20886,1.37,1.37
2015.12.17 11:03:51.972,2.20794,2.20887,1.75,1.00
2015.12.17 11:03:52.073,2.20793,2.20884,1.75,1.00
2015.12.17 11:03:52.174,2.20789,2.20877,1.37,1.75
2015.12.17 11:03:56.474,2.20785,2.20857,1.75,1.00
2015.12.17 11:03:56.524,2.20771,2.20857,1.75,1.00
2015.12.17 11:03:56.575,2.20768,2.20846,1.37,1.00
2015.12.17 11:03:58.702,2.20757,2.20847,2.25,1.00
2015.12.17 11:04:00.094,2.20772,2.20847,1.00,1.00
2015.12.17 11:04:00.296,2.20784,2.20875,1.75,1.87
2015.12.17 11:04:00.555,2.20773,2.20857,1.75,1.00
2015.12.17 11:04:00.959,2.20777,2.20866,1.75,1.50
2015.12.17 11:04:01.983,2.20777,2.20866,1.75,1.00
2015.12.17 11:04:02.488,2.20777,2.20867,1.75,1.00
2015.12.17 11:04:03.048,2.20783,2.20877,1.75,1.75
2015.12.17 11:04:07.192,2.20792,2.20876,1.00,1.75
2015.12.17 11:04:07.744,2.20788,2.20876,1.75,1.75
2015.12.17 11:04:08.125,2.20794,2.20883,1.00,1.75
2015.12.17 11:04:09.422,2.20792,2.20876,1.00,1.75
2015.12.17 11:04:10.724,2.20784,2.20876,2.25,1.75
2015.12.17 11:04:10.774,2.20783,2.20876,1.00,1.75
2015.12.17 11:04:11.293,2.20782,2.20867,1.00,1.75
2015.12.17 11:04:11.595,2.20769,2.20856,1.50,1.75
2015.12.17 11:04:11.898,2.20774,2.20864,1.00,1.75
2015.12.17 11:04:15.979,2.20774,2.20855,1.00,1.75
2015.12.17 11:04:16.033,2.20763,2.20855,1.00,1.75
2015.12.17 11:04:17.667,2.20762,2.20847,1.00,1.75
2015.12.17 11:04:19.218,2.20761,2.20847,1.12,1.75
2015.12.17 11:04:20.896,2.20753,2.20844,1.00,1.75
2015.12.17 11:04:21.411,2.20752,2.20836,1.00,1.75
2015.12.17 11:04:21.836,2.20762,2.20836,1.00,1.75
2015.12.17 11:04:22.371,2.20751,2.20836,1.00,1.75
2015.12.17 11:04:22.703,2.20762,2.20836,1.00,1.75
2015.12.17 11:04:22.928,2.20752,2.20836,1.00,1.75
2015.12.17 11:04:25.560,2.20751,2.20836,1.00,1.75
2015.12.17 11:04:25.843,2.20754,2.20844,1.37,1.75
2015.12.17 11:04:25.944,2.20754,2.20844,1.75,1.75
2015.12.17 11:04:30.672,2.20747,2.20836,1.75,1.00
2015.12.17 11:04:37.061,2.20744,2.20836,2.25,1.37
2015.12.17 11:04:37.162,2.20744,2.20836,2.25,1.75
2015.12.17 11:04:37.724,2.20749,2.20836,1.00,1.75
2015.12.17 11:04:37.775,2.20752,2.20836,1.37,1.37
2015.12.17 11:04:37.826,2.20752,2.20836,1.75,1.00
2015.12.17 11:04:38.121,2.20754,2.20843,1.75,1.75
2015.12.17 11:04:42.223,2.20754,2.20836,1.75,1.00
2015.12.17 11:04:42.885,2.20748,2.20827,1.75,1.00
2015.12.17 11:04:42.986,2.20748,2.20837,1.75,1.00
2015.12.17 11:04:44.068,2.20751,2.20826,1.75,1.00
2015.12.17 11:04:44.751,2.20743,2.20827,1.75,1.00
2015.12.17 11:04:45.881,2.20748,2.20826,1.75,1.00
2015.12.17 11:04:45.934,2.20748,2.20837,1.75,1.00
2015.12.17 11:04:51.342,2.20753,2.20836,1.75,1.00
2015.12.17 11:04:53.713,2.2075,2.20836,1.75,1.00
2015.12.17 11:04:56.380,2.20752,2.20837,1.75,1.00
2015.12.17 11:04:56.924,2.20752,2.20836,1.75,1.00
2015.12.17 11:05:06.199,2.20748,2.20837,1.75,1.00
2015.12.17 11:05:08.628,2.20752,2.20827,1.75,1.00
2015.12.17 11:05:08.931,2.20748,2.20826,1.75,1.00
2015.12.17 11:05:11.967,2.2075,2.20827,1.75,1.00
2015.12.17 11:05:15.901,2.20744,2.20817,1.75,1.00
2015.12.17 11:05:16.658,2.20747,2.20826,1.75,1.00
2015.12.17 11:05:17.839,2.20751,2.20827,1.75,1.00
2015.12.17 11:05:20.252,2.20751,2.20826,1.75,1.00
2015.12.17 11:05:20.454,2.20745,2.20826,1.75,1.00
2015.12.17 11:05:20.505,2.20746,2.20816,1.75,1.00
2015.12.17 11:05:21.183,2.20735,2.20817,1.75,1.00
2015.12.17 11:05:22.524,2.20745,2.20826,2.25,1.00
2015.12.17 11:05:25.483,2.20749,2.20826,1.37,1.00
2015.12.17 11:05:27.966,2.20749,2.20827,1.75,1.00
2015.12.17 11:05:32.927,2.20751,2.20836,1.75,1.00
2015.12.17 11:05:33.257,2.20751,2.20827,1.75,1.00
2015.12.17 11:05:35.033,2.20752,2.20826,1.75,1.00
2015.12.17 11:05:35.583,2.20752,2.20827,1.75,1.00
2015.12.17 11:05:38.866,2.20757,2.20837,1.75,1.00
2015.12.17 11:05:40.903,2.20761,2.20837,1.75,1.00
2015.12.17 11:05:43.587,2.20762,2.20847,1.75,1.00
2015.12.17 11:05:45.917,2.20774,2.20847,1.37,1.00
2015.12.17 11:05:46.350,2.20773,2.20856,1.75,1.00
2015.12.17 11:05:46.882,2.20781,2.20857,1.37,1.00
2015.12.17 11:05:46.992,2.20781,2.20847,1.37,1.00
2015.12.17 11:05:48.050,2.20771,2.20847,1.00,1.00
2015.12.17 11:05:48.722,2.20781,2.20847,1.00,1.00
2015.12.17 11:05:50.530,2.20771,2.20847,1.00,1.00
2015.12.17 11:05:50.937,2.20771,2.20847,1.00,1.37
2015.12.17 11:05:51.039,2.20755,2.20847,1.37,1.75
2015.12.17 11:05:51.089,2.20752,2.20826,1.00,1.00
2015.12.17 11:05:51.392,2.20735,2.20806,1.50,1.00
2015.12.17 11:05:51.543,2.20722,2.20806,2.25,1.00
2015.12.17 11:05:51.594,2.20722,2.20806,1.75,1.00
2015.12.17 11:05:52.096,2.20722,2.20807,1.75,1.00
2015.12.17 11:05:52.197,2.20722,2.20796,1.75,1.00
2015.12.17 11:05:52.500,2.20711,2.20786,2.25,1.00
2015.12.17 11:05:52.601,2.20711,2.20786,1.00,1.00
2015.12.17 11:05:58.861,2.20711,2.20787,1.00,1.00
2015.12.17 11:05:59.464,2.20711,2.20786,1.00,1.00
2015.12.17 11:06:00.052,2.20712,2.20786,1.00,1.00
2015.12.17 11:06:00.562,2.20711,2.20786,1.37,1.00
2015.12.17 11:06:01.100,2.20721,2.20797,1.00,1.00
2015.12.17 11:06:01.302,2.20722,2.20807,1.75,1.00
2015.12.17 11:06:01.705,2.20728,2.20806,2.25,1.00
2015.12.17 11:06:01.857,2.20733,2.20817,1.75,1.00
2015.12.17 11:06:02.744,2.20733,2.20816,1.75,1.00
2015.12.17 11:06:06.028,2.20733,2.20806,1.75,1.00
2015.12.17 11:06:06.466,2.20733,2.20817,1.75,1.00
2015.12.17 11:06:06.996,2.20733,2.20816,1.75,1.00
2015.12.17 11:06:07.784,2.20733,2.20817,1.75,1.00
2015.12.17 11:06:08.133,2.20726,2.20807,1.75,1.00
2015.12.17 11:06:08.637,2.20726,2.20806,1.75,1.00
2015.12.17 11:06:09.800,2.20721,2.20797,1.75,1.00
2015.12.17 11:06:09.850,2.20722,2.20797,1.75,1.00
2015.12.17 11:06:09.901,2.20722,2.20797,1.37,1.00
2015.12.17 11:06:10.403,2.20722,2.20797,1.00,1.00
2015.12.17 11:06:11.491,2.20711,2.20797,2.25,1.00
2015.12.17 11:06:12.015,2.20714,2.20796,1.50,1.00
2015.12.17 11:06:12.831,2.20723,2.20807,1.37,1.87
2015.12.17 11:06:12.882,2.20725,2.20807,1.50,1.00
2015.12.17 11:06:13.383,2.20732,2.20807,1.00,1.00
2015.12.17 11:06:13.815,2.20732,2.20807,1.37,1.00
2015.12.17 11:06:15.999,2.20732,2.20807,1.75,1.00
2015.12.17 11:06:16.320,2.20753,2.20836,1.75,1.00
2015.12.17 11:06:16.603,2.20754,2.20846,1.75,1.37
2015.12.17 11:06:16.804,2.20753,2.20836,1.75,1.00
2015.12.17 11:06:17.006,2.20749,2.20836,1.00,1.75
2015.12.17 11:06:17.157,2.20744,2.20835,1.37,1.75
2015.12.17 11:06:17.208,2.20744,2.20835,1.00,2.25
2015.12.17 11:06:17.259,2.20738,2.20817,1.37,1.00
2015.12.17 11:06:17.788,2.20743,2.20827,1.00,1.75
2015.12.17 11:06:17.840,2.20743,2.20827,1.75,1.00
2015.12.17 11:06:19.916,2.20744,2.20836,1.75,1.00
2015.12.17 11:06:20.442,2.20748,2.20837,1.75,1.12
2015.12.17 11:06:25.273,2.20749,2.20836,1.75,1.00
2015.12.17 11:06:25.780,2.2075,2.20837,2.25,1.12
2015.12.17 11:06:26.683,2.20755,2.20837,1.50,1.12
2015.12.17 11:06:26.952,2.20761,2.20847,1.75,1.12
2015.12.17 11:06:29.166,2.20761,2.20846,1.75,1.00
2015.12.17 11:06:29.267,2.20754,2.20836,1.37,1.00
2015.12.17 11:06:29.318,2.20754,2.20836,1.00,1.12
2015.12.17 11:06:29.469,2.20749,2.20827,1.75,1.00
2015.12.17 11:06:30.154,2.20744,2.20826,1.75,1.00
2015.12.17 11:06:31.652,2.20742,2.20827,2.25,1.00
2015.12.17 11:06:32.737,2.20742,2.20826,2.25,1.00
2015.12.17 11:06:37.156,2.20739,2.20827,1.75,1.50
2015.12.17 11:06:37.527,2.20739,2.20827,1.75,1.00
2015.12.17 11:06:37.628,2.20744,2.20836,1.75,1.12
2015.12.17 11:06:45.864,2.20741,2.20826,1.75,1.00
2015.12.17 11:06:46.471,2.20742,2.20827,1.75,1.00
2015.12.17 11:06:47.168,2.20741,2.20816,1.75,1.00
2015.12.17 11:06:47.269,2.20735,2.20826,1.75,1.00
2015.12.17 11:06:47.798,2.20735,2.20827,1.75,1.00
2015.12.17 11:06:53.773,2.20737,2.20827,1.75,1.00
2015.12.17 11:06:54.334,2.20737,2.20826,1.75,1.00
2015.12.17 11:06:57.736,2.20753,2.20846,1.37,1.75
2015.12.17 11:06:57.787,2.20753,2.20847,1.75,2.25
2015.12.17 11:06:58.081,2.20753,2.20847,2.25,1.00
2015.12.17 11:07:00.932,2.20772,2.20856,1.00,1.75
2015.12.17 11:07:02.055,2.20771,2.20856,1.00,1.75
2015.12.17 11:07:02.421,2.20781,2.20856,1.00,1.75
2015.12.17 11:07:02.573,2.20782,2.20867,1.50,1.12
2015.12.17 11:07:03.320,2.20782,2.20866,1.50,1.00
2015.12.17 11:07:03.421,2.20773,2.20861,1.75,1.00
2015.12.17 11:07:03.573,2.20782,2.20867,1.50,1.12
2015.12.17 11:07:03.725,2.20773,2.20853,1.75,1.00
2015.12.17 11:07:03.826,2.20772,2.20857,2.25,1.00
2015.12.17 11:07:03.877,2.20772,2.20848,1.75,1.00
2015.12.17 11:07:03.979,2.20761,2.20839,1.00,1.00
2015.12.17 11:07:04.030,2.20761,2.20847,1.00,1.75
2015.12.17 11:07:04.081,2.20751,2.20847,2.25,1.00
2015.12.17 11:07:04.132,2.20751,2.20836,2.25,1.00
2015.12.17 11:07:04.467,2.20756,2.20847,1.75,1.00
2015.12.17 11:07:04.985,2.20763,2.20857,1.75,1.75
2015.12.17 11:07:05.270,2.20767,2.20856,1.37,1.37
2015.12.17 11:07:05.321,2.20767,2.20856,1.75,1.00
2015.12.17 11:07:05.814,2.20772,2.20857,1.75,1.00
2015.12.17 11:07:06.164,2.20772,2.20857,1.75,1.00
2015.12.17 11:07:06.290,2.20773,2.20867,1.75,1.00
2015.12.17 11:07:06.768,2.20773,2.20867,2.25,1.37
2015.12.17 11:07:06.819,2.20773,2.20867,2.25,1.75
2015.12.17 11:07:06.869,2.20773,2.20856,1.75,1.00
2015.12.17 11:07:07.202,2.20764,2.20847,2.25,1.00
2015.12.17 11:07:09.596,2.20773,2.2086,1.00,1.75
2015.12.17 11:07:09.697,2.20773,2.20867,1.75,1.75
2015.12.17 11:07:10.953,2.20773,2.20857,1.75,1.00
2015.12.17 11:07:11.105,2.20763,2.20857,1.37,2.25
2015.12.17 11:07:11.156,2.20761,2.20847,2.25,1.00
2015.12.17 11:07:13.035,2.2076,2.20847,1.37,1.37
2015.12.17 11:07:13.086,2.20751,2.20836,1.75,1.00
2015.12.17 11:07:13.612,2.20744,2.2084,2.25,1.75
2015.12.17 11:07:14.059,2.20744,2.20837,1.12,1.75
2015.12.17 11:07:15.741,2.20735,2.20827,1.75,1.00
2015.12.17 11:07:17.751,2.20739,2.20826,1.75,1.00
2015.12.17 11:07:17.953,2.20743,2.20837,1.37,2.25
2015.12.17 11:07:18.105,2.20743,2.20833,1.75,1.00
2015.12.17 11:07:18.671,2.20735,2.20807,1.87,1.00
2015.12.17 11:07:18.721,2.20729,2.20817,1.75,1.00
2015.12.17 11:07:18.772,2.20731,2.20815,1.75,1.00
2015.12.17 11:07:18.873,2.2073,2.20817,1.75,1.00
2015.12.17 11:07:19.766,2.20732,2.20816,1.75,1.00
2015.12.17 11:07:20.273,2.2073,2.20807,1.75,1.00
2015.12.17 11:07:21.936,2.20731,2.20815,1.75,1.00
2015.12.17 11:07:22.810,2.20731,2.20806,1.75,1.00
2015.12.17 11:07:23.924,2.20731,2.20815,1.75,1.00
2015.12.17 11:07:24.025,2.20731,2.20817,1.75,1.00
2015.12.17 11:07:24.075,2.20731,2.20815,1.75,1.00
2015.12.17 11:07:24.618,2.20734,2.20816,1.37,1.00
2015.12.17 11:07:25.430,2.20733,2.20827,2.25,2.25
2015.12.17 11:07:25.481,2.20742,2.20827,1.00,1.75
2015.12.17 11:07:25.531,2.20742,2.20827,1.75,1.00
2015.12.17 11:07:25.582,2.20743,2.20836,1.75,1.75
2015.12.17 11:07:26.686,2.20737,2.20826,1.75,1.00
2015.12.17 11:07:27.677,2.20734,2.20826,1.75,1.75
2015.12.17 11:07:27.728,2.20734,2.20816,1.75,1.00
2015.12.17 11:07:28.031,2.20742,2.20826,1.00,1.75
2015.12.17 11:07:28.419,2.20744,2.20826,1.00,1.75
2015.12.17 11:07:29.610,2.20742,2.20826,1.00,1.75
2015.12.17 11:07:30.259,2.20741,2.20827,1.00,1.75
2015.12.17 11:07:31.619,2.20741,2.20817,1.00,1.00
2015.12.17 11:07:31.770,2.20732,2.20817,1.00,1.75
2015.12.17 11:07:32.775,2.20732,2.20806,1.00,1.00
2015.12.17 11:07:32.876,2.20722,2.20806,1.75,1.00
2015.12.17 11:07:35.292,2.20731,2.20806,1.00,1.00
2015.12.17 11:07:36.371,2.20732,2.20806,1.00,1.00
2015.12.17 11:07:37.026,2.20732,2.20807,1.00,1.00
2015.12.17 11:07:42.169,2.20732,2.20806,1.00,1.00
2015.12.17 11:07:43.741,2.20724,2.20806,1.75,1.00
2015.12.17 11:07:52.275,2.20725,2.20806,1.37,1.00
2015.12.17 11:07:52.326,2.2073,2.20806,1.00,1.00
2015.12.17 11:07:52.620,2.20731,2.20816,1.00,1.75
2015.12.17 11:07:52.671,2.20731,2.20816,1.75,1.00
2015.12.17 11:07:54.474,2.20735,2.20825,1.12,1.75
2015.12.17 11:07:57.234,2.20734,2.20816,1.37,1.00
2015.12.17 11:07:59.167,2.20742,2.20816,1.00,1.00
2015.12.17 11:07:59.987,2.20742,2.20816,1.50,1.00
2015.12.17 11:08:00.239,2.20745,2.20827,1.12,1.12
2015.12.17 11:08:00.290,2.20745,2.20827,1.75,1.00
2015.12.17 11:08:00.341,2.20754,2.20836,1.75,1.00
2015.12.17 11:08:00.854,2.20752,2.20837,2.25,1.00
2015.12.17 11:08:03.354,2.20752,2.20836,3.37,1.00
2015.12.17 11:08:03.969,2.20757,2.20837,1.75,1.00
2015.12.17 11:08:05.600,2.20757,2.20837,1.75,1.00
2015.12.17 11:08:06.202,2.20762,2.20837,1.00,1.00
2015.12.17 11:08:13.290,2.20762,2.20836,1.00,1.00
2015.12.17 11:08:14.239,2.20762,2.20847,1.00,1.75
2015.12.17 11:08:14.540,2.20762,2.20847,1.75,1.00
2015.12.17 11:08:16.344,2.20762,2.20846,1.75,1.00
2015.12.17 11:08:17.759,2.20761,2.20837,1.75,1.00
2015.12.17 11:08:20.067,2.20761,2.20846,1.75,1.00
2015.12.17 11:08:20.597,2.20761,2.20837,1.75,1.00
2015.12.17 11:08:20.688,2.20761,2.20847,1.75,1.00
2015.12.17 11:08:23.702,2.20761,2.20837,1.75,1.00
2015.12.17 11:08:24.651,2.20762,2.20846,1.75,1.00
2015.12.17 11:08:26.700,2.20766,2.20847,1.75,1.00
2015.12.17 11:08:26.961,2.20772,2.20857,1.75,1.00
2015.12.17 11:08:27.113,2.2078,2.20867,1.37,1.75
2015.12.17 11:08:27.522,2.2078,2.20867,1.75,1.00
2015.12.17 11:08:28.822,2.2078,2.20864,1.75,1.00
2015.12.17 11:08:29.125,2.20772,2.20847,1.75,1.00
2015.12.17 11:08:29.381,2.20772,2.20847,1.37,1.00
2015.12.17 11:08:29.500,2.20762,2.20847,1.75,1.00
2015.12.17 11:08:31.806,2.20762,2.20836,1.75,1.00
2015.12.17 11:08:35.366,2.20761,2.20836,1.00,1.00
2015.12.17 11:08:35.882,2.20751,2.20826,1.00,1.00
2015.12.17 11:08:36.169,2.20742,2.20826,1.75,1.00
2015.12.17 11:08:36.572,2.20741,2.20826,1.12,1.75
2015.12.17 11:08:38.320,2.20741,2.20816,1.12,1.00
2015.12.17 11:08:38.866,2.20742,2.20816,1.00,1.00
2015.12.17 11:08:40.062,2.20742,2.20817,1.00,1.00
2015.12.17 11:08:40.360,2.20732,2.20817,1.12,1.75
2015.12.17 11:08:41.417,2.20732,2.20806,1.12,1.00
2015.12.17 11:08:44.025,2.20732,2.20816,1.12,1.75
2015.12.17 11:08:46.349,2.20732,2.20806,1.12,1.00
2015.12.17 11:08:46.885,2.20721,2.20807,2.25,1.00
2015.12.17 11:08:47.167,2.20721,2.20806,2.25,1.75
2015.12.17 11:08:47.218,2.20722,2.20796,1.12,1.00
2015.12.17 11:08:47.420,2.20721,2.20806,1.50,1.75
2015.12.17 11:08:48.704,2.20721,2.20796,1.50,1.00
2015.12.17 11:08:49.552,2.20722,2.20807,1.12,1.75
2015.12.17 11:08:49.753,2.20713,2.20797,1.75,1.00
2015.12.17 11:08:52.884,2.20721,2.20797,1.75,1.00
2015.12.17 11:08:53.036,2.20721,2.20807,2.25,1.00
2015.12.17 11:08:54.373,2.20722,2.20806,1.75,1.00
2015.12.17 11:08:57.184,2.20722,2.20806,2.25,1.12
2015.12.17 11:08:57.235,2.20732,2.20806,1.00,1.12
2015.12.17 11:08:57.336,2.20732,2.20797,1.00,1.00
2015.12.17 11:08:57.809,2.2074,2.20824,2.62,1.50
2015.12.17 11:08:57.860,2.2074,2.20826,3.00,1.00
2015.12.17 11:09:00.566,2.20751,2.20826,1.00,1.00
2015.12.17 11:09:01.207,2.20752,2.20826,1.00,1.00
2015.12.17 11:09:05.359,2.20751,2.20826,1.00,1.00
2015.12.17 11:09:06.293,2.20752,2.20826,1.00,1.00
2015.12.17 11:09:07.890,2.20751,2.20826,1.00,1.00
2015.12.17 11:09:08.598,2.20752,2.20826,1.00,1.00
2015.12.17 11:09:10.308,2.20751,2.20826,1.00,1.00
2015.12.17 11:09:15.137,2.20751,2.20837,1.00,1.75
2015.12.17 11:09:17.275,2.20746,2.20837,1.75,1.75
2015.12.17 11:09:17.376,2.20752,2.20837,1.00,1.75
2015.12.17 11:09:18.026,2.20742,2.20826,2.25,1.00
2015.12.17 11:09:18.331,2.20748,2.20826,1.87,1.00
2015.12.17 11:09:19.887,2.20748,2.20827,1.87,1.00
2015.12.17 11:09:20.567,2.20748,2.20836,1.87,1.00
2015.12.17 11:09:21.342,2.20748,2.20826,1.87,1.00
2015.12.17 11:09:21.844,2.20748,2.20827,1.87,1.00
2015.12.17 11:09:22.450,2.20748,2.20826,1.87,1.00
2015.12.17 11:09:23.538,2.20748,2.20836,1.87,1.00
2015.12.17 11:09:24.249,2.20762,2.20836,2.62,1.00
2015.12.17 11:09:24.451,2.20756,2.20837,2.25,1.00
2015.12.17 11:09:25.071,2.20757,2.20836,1.75,1.00
2015.12.17 11:09:26.838,2.20762,2.20836,1.00,1.00
2015.12.17 11:09:26.948,2.20752,2.20836,1.75,1.00
2015.12.17 11:09:29.576,2.20752,2.20826,1.75,1.00
2015.12.17 11:09:30.236,2.20752,2.20827,1.75,1.00
2015.12.17 11:09:32.182,2.20751,2.20827,1.00,1.00
2015.12.17 11:09:32.232,2.20751,2.20816,1.00,1.00
2015.12.17 11:09:32.734,2.20752,2.20816,1.00,1.00
2015.12.17 11:09:36.597,2.20752,2.20827,1.00,1.00
2015.12.17 11:09:37.292,2.20751,2.20826,1.00,1.00
2015.12.17 11:09:37.601,2.20752,2.20816,1.00,1.00
2015.12.17 11:09:38.427,2.20751,2.20816,1.00,1.00
2015.12.17 11:09:38.809,2.20742,2.20816,1.75,1.00
2015.12.17 11:09:41.872,2.20743,2.20827,1.75,1.00
2015.12.17 11:09:45.641,2.20741,2.20817,1.75,1.00
2015.12.17 11:09:45.893,2.20741,2.20816,1.00,1.00
2015.12.17 11:09:46.438,2.20742,2.20816,1.00,1.00
2015.12.17 11:09:48.165,2.20741,2.20816,1.00,1.00
2015.12.17 11:09:48.266,2.20742,2.20807,1.00,1.00
2015.12.17 11:09:48.924,2.20742,2.20806,1.00,1.00
2015.12.17 11:09:50.127,2.20741,2.20806,1.00,1.00
2015.12.17 11:09:51.692,2.20741,2.20816,1.00,1.00
2015.12.17 11:09:52.241,2.20741,2.20817,1.00,1.00
2015.12.17 11:09:52.618,2.20741,2.20816,1.00,1.75
2015.12.17 11:09:52.997,2.20742,2.20806,1.00,1.00
2015.12.17 11:09:53.097,2.20732,2.20806,1.00,1.00
2015.12.17 11:09:58.157,2.20731,2.20806,1.00,1.00
2015.12.17 11:10:04.478,2.20722,2.20806,1.00,1.75
2015.12.17 11:10:05.544,2.20732,2.20806,1.00,1.75
2015.12.17 11:10:11.768,2.20732,2.20806,1.00,1.00
2015.12.17 11:10:12.270,2.20731,2.20806,1.00,1.00
2015.12.17 11:10:13.231,2.20732,2.20806,1.00,1.00
2015.12.17 11:10:13.582,2.20725,2.20806,1.75,1.00
2015.12.17 11:10:14.099,2.20725,2.20807,1.75,1.00
2015.12.17 11:10:15.123,2.20725,2.20815,1.75,1.75
2015.12.17 11:10:19.019,2.20732,2.20817,1.00,1.75
2015.12.17 11:10:19.532,2.20732,2.20816,1.75,1.00
2015.12.17 11:10:20.038,2.20732,2.20817,1.75,1.00
2015.12.17 11:10:21.531,2.2074,2.20817,1.75,1.00
2015.12.17 11:10:21.839,2.20742,2.20816,1.75,1.00
2015.12.17 11:10:21.991,2.20742,2.20816,1.00,1.00
2015.12.17 11:10:22.142,2.20731,2.20817,1.37,1.50
2015.12.17 11:10:22.454,2.20731,2.20817,1.12,1.75
2015.12.17 11:10:23.138,2.20731,2.20817,1.50,1.37
2015.12.17 11:10:23.188,2.20731,2.20817,1.75,1.00
2015.12.17 11:10:25.462,2.20741,2.20817,1.00,1.00
2015.12.17 11:10:26.003,2.20741,2.20817,1.75,1.00
2015.12.17 11:10:26.106,2.20762,2.20827,1.00,1.00
2015.12.17 11:10:26.208,2.20762,2.20834,1.00,1.75
2015.12.17 11:10:26.369,2.20762,2.20829,1.00,1.37
2015.12.17 11:10:26.470,2.20742,2.20816,1.00,1.00
2015.12.17 11:10:27.000,2.20742,2.20817,1.00,1.00
2015.12.17 11:10:27.434,2.20732,2.20816,1.75,1.00
2015.12.17 11:10:27.485,2.20732,2.20816,1.37,1.37
2015.12.17 11:10:27.787,2.20741,2.20817,1.00,1.75
2015.12.17 11:10:28.998,2.20731,2.20817,1.12,1.75
2015.12.17 11:10:29.539,2.20732,2.20817,1.00,1.75
2015.12.17 11:10:30.515,2.20733,2.20817,1.00,1.75
2015.12.17 11:10:30.566,2.20742,2.20817,1.37,1.37
2015.12.17 11:10:30.617,2.20742,2.20817,1.75,1.00
2015.12.17 11:10:30.718,2.20742,2.20826,1.75,1.37
2015.12.17 11:10:31.032,2.20752,2.20835,1.00,1.75
2015.12.17 11:10:33.697,2.20752,2.20826,1.00,2.25
2015.12.17 11:10:33.748,2.20741,2.20826,1.00,2.25
2015.12.17 11:10:33.850,2.20731,2.20817,1.75,1.37
2015.12.17 11:10:34.002,2.20731,2.20816,1.37,1.50
2015.12.17 11:10:34.052,2.20731,2.20806,1.00,1.12
2015.12.17 11:10:34.887,2.20732,2.20816,1.00,2.25
2015.12.17 11:10:35.425,2.20731,2.20816,1.00,2.25
2015.12.17 11:10:35.966,2.20732,2.20816,1.00,2.25
2015.12.17 11:10:38.297,2.20731,2.20806,1.00,1.12
2015.12.17 11:10:40.120,2.20732,2.20806,1.00,1.12
2015.12.17 11:10:40.532,2.20724,2.20806,1.75,1.12
2015.12.17 11:10:40.583,2.20732,2.20806,1.00,1.12
2015.12.17 11:10:41.047,2.20721,2.20806,1.75,1.12
2015.12.17 11:10:42.209,2.20731,2.20806,1.00,1.12
2015.12.17 11:10:44.208,2.20732,2.20806,1.00,1.12
2015.12.17 11:10:46.059,2.20731,2.20806,1.00,1.12
2015.12.17 11:10:46.568,2.20731,2.20797,1.00,1.00
2015.12.17 11:10:46.619,2.20721,2.20797,1.75,1.00
2015.12.17 11:10:46.770,2.20722,2.20797,1.37,1.37
2015.12.17 11:10:46.822,2.20722,2.20797,1.00,1.37
2015.12.17 11:10:47.325,2.20721,2.20797,1.00,1.37
2015.12.17 11:10:49.939,2.20722,2.20805,1.00,1.75
2015.12.17 11:10:50.461,2.20721,2.20797,1.00,1.37
2015.12.17 11:10:52.996,2.20722,2.20796,1.00,1.12
2015.12.17 11:10:53.547,2.20721,2.20796,1.00,1.12
2015.12.17 11:10:54.090,2.20714,2.20796,1.75,1.12
2015.12.17 11:10:54.678,2.20722,2.20796,1.00,1.12
2015.12.17 11:10:54.779,2.20714,2.20796,2.25,1.12
2015.12.17 11:10:55.738,2.20722,2.20796,1.00,1.12
2015.12.17 11:10:56.961,2.20711,2.20796,1.00,1.75
2015.12.17 11:10:57.264,2.20722,2.20793,1.00,2.25
2015.12.17 11:10:57.761,2.20711,2.20793,1.00,1.75
2015.12.17 11:10:58.230,2.20721,2.20793,1.00,1.75
2015.12.17 11:10:58.613,2.20712,2.20793,1.00,1.75
2015.12.17 11:11:01.278,2.20711,2.20793,1.00,1.75
2015.12.17 11:11:05.539,2.20722,2.20796,1.00,2.25
2015.12.17 11:11:07.179,2.20711,2.20795,1.00,1.75
2015.12.17 11:11:07.877,2.20712,2.20793,1.00,1.75
2015.12.17 11:11:08.167,2.20721,2.20794,1.00,1.75
2015.12.17 11:11:09.748,2.20721,2.2079,1.00,1.87
2015.12.17 11:11:09.849,2.20703,2.20783,1.00,1.75
2015.12.17 11:11:09.900,2.20701,2.20776,1.00,1.75
2015.12.17 11:11:10.001,2.20691,2.20776,1.75,1.75
2015.12.17 11:11:12.022,2.2071,2.20776,1.00,1.75
2015.12.17 11:11:12.487,2.20711,2.20796,1.87,1.00
2015.12.17 11:11:12.539,2.2071,2.20796,1.87,1.37
2015.12.17 11:11:12.590,2.20704,2.20796,1.75,1.75
2015.12.17 11:11:12.641,2.207,2.20786,1.75,1.00
2015.12.17 11:11:12.893,2.20695,2.20787,1.75,1.75
2015.12.17 11:11:13.420,2.20689,2.20777,1.75,1.00
2015.12.17 11:11:14.858,2.20694,2.20785,1.75,1.75
2015.12.17 11:11:14.959,2.20694,2.20776,1.75,1.00
2015.12.17 11:11:18.384,2.20693,2.20786,1.75,1.75
2015.12.17 11:11:19.585,2.20692,2.20777,1.75,1.00
2015.12.17 11:11:20.338,2.20685,2.20777,1.75,1.37
2015.12.17 11:11:20.389,2.20685,2.20777,1.75,1.75
2015.12.17 11:11:20.682,2.20683,2.20771,1.00,1.87
2015.12.17 11:11:20.798,2.20664,2.20746,1.00,1.75
2015.12.17 11:11:25.198,2.20658,2.20747,1.75,1.75
2015.12.17 11:11:31.294,2.2065,2.20736,2.25,1.00
2015.12.17 11:11:31.828,2.2065,2.20737,2.25,1.12
2015.12.17 11:11:37.909,2.20652,2.20737,1.75,1.37
2015.12.17 11:11:37.964,2.20653,2.20742,1.75,1.75
2015.12.17 11:11:41.261,2.2065,2.20736,1.37,1.75
2015.12.17 11:11:41.311,2.20649,2.20736,1.12,1.75
2015.12.17 11:11:41.849,2.20633,2.20723,1.75,1.00
2015.12.17 11:11:41.899,2.20632,2.20716,1.87,1.00
2015.12.17 11:11:42.687,2.20646,2.20727,1.75,1.75
2015.12.17 11:11:42.788,2.20652,2.20727,1.87,1.37
2015.12.17 11:11:42.838,2.20652,2.20727,2.25,1.00
2015.12.17 11:11:42.889,2.20656,2.20746,1.75,1.75
2015.12.17 11:11:42.990,2.20656,2.20746,1.75,1.75
2015.12.17 11:11:43.041,2.20656,2.20746,1.75,1.50
2015.12.17 11:11:45.197,2.20662,2.20736,1.75,1.00
2015.12.17 11:11:48.489,2.20656,2.20737,1.75,1.00
2015.12.17 11:11:48.839,2.20656,2.20726,1.75,1.00
2015.12.17 11:11:51.782,2.20656,2.20726,1.75,1.00
2015.12.17 11:11:51.833,2.20652,2.20726,1.75,1.00
2015.12.17 11:11:52.707,2.20657,2.20726,1.75,1.00
2015.12.17 11:11:52.978,2.20662,2.20737,1.75,1.00
2015.12.17 11:11:54.856,2.20657,2.20736,1.75,1.00
2015.12.17 11:11:59.846,2.20656,2.20747,1.75,1.75
2015.12.17 11:11:59.947,2.20654,2.20726,1.87,1.00
2015.12.17 11:11:59.998,2.20652,2.20726,2.62,1.00
2015.12.17 11:12:00.099,2.20648,2.20726,1.75,1.00
2015.12.17 11:12:00.840,2.20648,2.20727,1.75,1.00
2015.12.17 11:12:01.387,2.20648,2.20726,1.75,1.00
2015.12.17 11:12:01.690,2.20657,2.20737,1.75,1.75
2015.12.17 11:12:01.741,2.20663,2.20737,1.00,1.75
2015.12.17 11:12:02.094,2.20663,2.20747,1.75,1.00
2015.12.17 11:12:04.021,2.20669,2.20747,1.87,1.00
2015.12.17 11:12:04.681,2.20671,2.20756,1.75,1.00
2015.12.17 11:12:05.521,2.20671,2.20747,1.75,1.00
2015.12.17 11:12:08.315,2.20671,2.20756,1.75,1.00
2015.12.17 11:12:09.602,2.20671,2.20757,2.25,1.00
2015.12.17 11:12:09.754,2.20688,2.20757,1.00,1.00
2015.12.17 11:12:09.855,2.20688,2.20767,2.25,1.00
2015.12.17 11:12:10.317,2.20691,2.20769,1.75,1.00
2015.12.17 11:12:10.430,2.20691,2.20775,1.75,1.75
2015.12.17 11:12:22.161,2.20691,2.20767,1.75,1.00
2015.12.17 11:12:30.802,2.20693,2.20776,1.75,1.75
2015.12.17 11:12:31.736,2.20693,2.20776,1.75,1.37
2015.12.17 11:12:31.787,2.20697,2.20776,1.75,1.00
2015.12.17 11:12:32.291,2.20697,2.20777,1.75,1.00
2015.12.17 11:12:33.044,2.20697,2.20786,2.25,1.75
2015.12.17 11:12:33.095,2.20707,2.20786,1.00,1.75
2015.12.17 11:12:33.246,2.20707,2.20796,1.75,1.75
2015.12.17 11:12:33.347,2.20714,2.20796,3.00,1.37
2015.12.17 11:12:33.398,2.20715,2.20797,1.75,1.12
2015.12.17 11:12:34.700,2.20713,2.20787,1.75,1.00
2015.12.17 11:12:34.902,2.2071,2.20787,1.75,1.00
2015.12.17 11:12:36.878,2.2071,2.20796,1.75,1.75
2015.12.17 11:12:41.256,2.20708,2.20786,1.75,1.00
2015.12.17 11:12:44.038,2.2071,2.20796,1.75,1.37
2015.12.17 11:12:44.139,2.20714,2.20796,1.75,1.00
2015.12.17 11:12:48.467,2.20715,2.20797,2.25,1.00
2015.12.17 11:12:50.296,2.20716,2.20805,1.75,1.75
2015.12.17 11:12:53.296,2.20734,2.20809,1.37,1.37
2015.12.17 11:12:53.447,2.20762,2.20826,1.50,1.00
2015.12.17 11:12:53.498,2.20764,2.20849,1.37,1.37
2015.12.17 11:12:53.803,2.20774,2.20849,2.25,1.00
2015.12.17 11:12:53.854,2.20775,2.20859,1.75,1.00
2015.12.17 11:12:54.264,2.20793,2.20873,1.00,2.25
2015.12.17 11:12:56.026,2.20783,2.20868,1.75,1.75
2015.12.17 11:13:06.028,2.20784,2.20873,1.75,2.25
2015.12.17 11:13:06.079,2.20784,2.20873,1.75,2.25
2015.12.17 11:13:06.396,2.20793,2.20873,1.00,1.75
2015.12.17 11:13:08.824,2.20794,2.20872,1.00,1.75
2015.12.17 11:13:12.262,2.20784,2.20869,1.75,1.75
2015.12.17 11:13:14.828,2.20794,2.20872,1.00,1.75
2015.12.17 11:13:15.402,2.20794,2.20877,1.75,1.75
2015.12.17 11:13:16.256,2.20793,2.20871,1.75,1.00
2015.12.17 11:13:16.604,2.20784,2.20867,1.75,1.00
2015.12.17 11:13:20.695,2.20784,2.20869,1.75,1.00
2015.12.17 11:13:21.958,2.20793,2.20871,1.75,1.00
2015.12.17 11:13:22.009,2.20793,2.20878,1.75,2.25
2015.12.17 11:13:28.504,2.20803,2.20878,1.00,1.75
2015.12.17 11:13:28.656,2.20808,2.20888,1.75,1.12
2015.12.17 11:13:28.807,2.20824,2.20901,1.00,1.75
2015.12.17 11:13:28.958,2.20824,2.20903,1.37,1.37
2015.12.17 11:13:29.110,2.20824,2.20898,1.37,1.00
2015.12.17 11:13:33.717,2.20824,2.20899,1.37,1.00
2015.12.17 11:13:34.243,2.20813,2.20898,1.75,1.00
2015.12.17 11:13:34.844,2.20813,2.20889,1.75,1.00
2015.12.17 11:13:36.793,2.20813,2.20899,1.75,1.00
2015.12.17 11:13:38.410,2.20813,2.20898,1.75,1.00
2015.12.17 11:13:40.055,2.20813,2.20899,1.75,1.50
2015.12.17 11:13:41.960,2.20824,2.20889,1.37,1.00
2015.12.17 11:13:42.162,2.20814,2.20888,1.00,1.12
2015.12.17 11:13:42.263,2.20808,2.20894,1.75,1.75
2015.12.17 11:13:42.464,2.20814,2.20893,1.00,1.75
2015.12.17 11:13:44.532,2.20834,2.20898,1.00,2.25
2015.12.17 11:13:44.683,2.20813,2.20889,1.00,1.37
2015.12.17 11:13:45.188,2.20803,2.20887,1.75,1.00
2015.12.17 11:13:45.847,2.20803,2.20888,1.75,1.87
2015.12.17 11:13:47.057,2.20803,2.20887,1.75,1.00
2015.12.17 11:13:47.559,2.20804,2.20888,1.75,1.12
2015.12.17 11:13:49.846,2.20814,2.2089,1.00,1.50
2015.12.17 11:13:50.508,2.20814,2.20899,1.75,3.00
2015.12.17 11:14:04.588,2.20824,2.20898,1.00,1.37
2015.12.17 11:14:06.196,2.20824,2.20899,1.37,1.37
2015.12.17 11:14:06.247,2.20824,2.20906,1.75,2.25
2015.12.17 11:14:17.583,2.20829,2.20906,1.00,1.50
2015.12.17 11:14:17.684,2.2084,2.20917,1.37,1.75
2015.12.17 11:14:17.735,2.2084,2.20917,1.37,1.50
2015.12.17 11:14:17.785,2.2084,2.20926,1.37,1.37
2015.12.17 11:14:17.836,2.2084,2.20926,1.75,1.00
2015.12.17 11:14:17.987,2.20853,2.20929,1.37,1.37
2015.12.17 11:14:30.231,2.20854,2.20914,1.12,1.50
2015.12.17 11:14:30.382,2.20823,2.20909,1.37,2.25
2015.12.17 11:14:30.584,2.20813,2.20904,2.25,1.75
2015.12.17 11:14:30.685,2.20813,2.20898,1.50,1.75
2015.12.17 11:14:31.428,2.20804,2.20869,1.37,1.37
2015.12.17 11:14:31.479,2.20784,2.20867,1.00,1.75
2015.12.17 11:14:32.483,2.20774,2.20857,1.75,1.75
2015.12.17 11:14:32.584,2.20774,2.20857,1.37,1.75
2015.12.17 11:14:32.883,2.20774,2.20857,1.00,1.75
2015.12.17 11:14:35.453,2.20773,2.20858,1.00,1.75
2015.12.17 11:14:37.514,2.20784,2.20863,1.37,1.87
2015.12.17 11:14:37.565,2.20784,2.20868,1.37,1.75
2015.12.17 11:14:37.869,2.20804,2.20875,1.00,1.75
2015.12.17 11:14:37.972,2.20805,2.20891,1.37,1.75
2015.12.17 11:14:38.023,2.20813,2.20894,1.00,1.75
2015.12.17 11:14:38.347,2.20823,2.20899,1.00,1.87
2015.12.17 11:14:39.242,2.20813,2.20901,1.75,1.75
2015.12.17 11:14:39.344,2.20813,2.20897,1.37,1.75
2015.12.17 11:14:39.873,2.20813,2.20893,1.00,1.75
2015.12.17 11:14:40.425,2.20814,2.20893,1.00,1.75
2015.12.17 11:14:41.040,2.20813,2.20897,1.75,1.75
2015.12.17 11:14:44.913,2.20823,2.20897,1.00,1.75
2015.12.17 11:14:45.918,2.20823,2.20902,1.37,1.50
2015.12.17 11:14:46.019,2.20824,2.20907,1.50,1.75
2015.12.17 11:14:47.376,2.20834,2.20915,1.00,1.75
2015.12.17 11:14:49.766,2.20833,2.20916,1.00,1.75
2015.12.17 11:14:51.094,2.20834,2.20915,1.00,1.75
2015.12.17 11:14:51.525,2.20825,2.20915,1.37,1.75
2015.12.17 11:14:51.677,2.20825,2.20916,1.37,2.25
2015.12.17 11:14:51.728,2.20825,2.20916,1.75,2.25
2015.12.17 11:14:54.922,2.20854,2.20922,1.00,1.75
2015.12.17 11:14:55.225,2.20853,2.20931,1.75,1.00
2015.12.17 11:14:55.276,2.20853,2.20943,1.75,1.75
2015.12.17 11:14:55.377,2.20864,2.20947,1.00,1.75
2015.12.17 11:14:55.680,2.20864,2.20948,1.37,2.25
2015.12.17 11:14:55.730,2.20864,2.20948,1.75,1.87
2015.12.17 11:14:56.439,2.20873,2.20948,1.00,1.37
2015.12.17 11:14:56.691,2.20873,2.20958,1.37,1.75
2015.12.17 11:14:56.742,2.20873,2.20962,1.75,1.75
2015.12.17 11:14:56.944,2.20883,2.2097,1.00,1.75
2015.12.17 11:14:57.600,2.20884,2.2097,1.00,1.75
2015.12.17 11:14:58.104,2.20883,2.20964,1.00,1.75
2015.12.17 11:14:58.154,2.20873,2.20964,1.75,1.75
2015.12.17 11:15:05.283,2.20883,2.20966,1.00,1.75
2015.12.17 11:15:05.384,2.20874,2.20966,1.75,2.25
2015.12.17 11:15:07.779,2.20874,2.20962,1.37,1.75
2015.12.17 11:15:07.880,2.20874,2.20954,1.00,1.75
2015.12.17 11:15:09.441,2.20864,2.20955,1.75,1.75
2015.12.17 11:15:12.942,2.20859,2.20947,1.75,3.00
2015.12.17 11:15:12.993,2.20853,2.20947,1.75,2.25
2015.12.17 11:15:15.195,2.20864,2.20951,1.00,2.25
2015.12.17 11:15:17.430,2.20864,2.20949,1.37,1.37
2015.12.17 11:15:17.481,2.20864,2.20949,1.75,1.00
2015.12.17 11:15:17.582,2.20866,2.20952,2.25,1.00
2015.12.17 11:15:18.332,2.20866,2.20953,1.75,1.00
2015.12.17 11:15:18.894,2.20865,2.20952,1.75,1.00
2015.12.17 11:15:19.790,2.20865,2.20953,1.75,1.00
2015.12.17 11:15:20.362,2.20865,2.20952,1.75,1.00
2015.12.17 11:15:20.885,2.20874,2.20953,1.50,1.00
2015.12.17 11:15:21.389,2.20874,2.20952,1.50,1.00
2015.12.17 11:15:22.055,2.20874,2.20951,1.12,1.37
2015.12.17 11:15:22.751,2.20865,2.20953,1.37,1.75
2015.12.17 11:15:24.964,2.20874,2.20952,1.00,1.75
2015.12.17 11:15:26.288,2.20873,2.20952,1.00,1.75
2015.12.17 11:15:26.440,2.20873,2.20964,1.75,1.75
2015.12.17 11:15:26.641,2.20883,2.20967,1.00,2.25
2015.12.17 11:15:27.044,2.20883,2.20967,1.75,1.75
2015.12.17 11:15:29.250,2.20894,2.20974,1.00,1.75
2015.12.17 11:15:31.448,2.20883,2.20973,1.75,1.75
2015.12.17 11:15:32.903,2.20883,2.20966,1.37,1.75
2015.12.17 11:15:32.954,2.20883,2.20958,1.00,1.75
2015.12.17 11:15:33.005,2.20873,2.20958,1.75,1.75
2015.12.17 11:15:33.235,2.20867,2.20946,1.37,1.37
2015.12.17 11:15:33.286,2.20864,2.20946,1.00,1.75
2015.12.17 11:15:37.411,2.20854,2.20936,1.00,1.75
2015.12.17 11:15:37.723,2.20863,2.20941,1.00,1.75
2015.12.17 11:15:38.226,2.20864,2.20948,1.00,1.75
2015.12.17 11:15:42.479,2.20854,2.20938,1.00,1.75
2015.12.17 11:15:42.580,2.20844,2.20936,1.75,1.75
2015.12.17 11:15:44.421,2.20854,2.20938,1.00,1.75
2015.12.17 11:15:47.513,2.20843,2.20937,1.75,1.75
2015.12.17 11:15:48.931,2.20853,2.20936,1.00,1.75
2015.12.17 11:15:54.542,2.20854,2.20936,1.00,1.75
2015.12.17 11:15:54.743,2.20854,2.2093,1.00,1.37
2015.12.17 11:15:54.895,2.20843,2.20924,1.75,1.50
2015.12.17 11:15:54.946,2.20843,2.20924,1.37,1.87
2015.12.17 11:15:54.997,2.20834,2.20924,1.75,2.25
2015.12.17 11:15:58.524,2.20843,2.20923,1.00,1.75
2015.12.17 11:16:00.732,2.20843,2.2093,1.37,2.25
2015.12.17 11:16:00.783,2.20843,2.2093,1.75,1.75
2015.12.17 11:16:00.836,2.20853,2.20931,1.37,1.37
2015.12.17 11:16:00.887,2.20853,2.20933,1.75,1.50
2015.12.17 11:16:00.938,2.20864,2.20939,1.00,1.75
2015.12.17 11:16:04.450,2.20854,2.20946,1.75,1.75
2015.12.17 11:16:05.752,2.20854,2.20938,1.37,2.25
2015.12.17 11:16:05.803,2.20844,2.20936,1.37,1.75
2015.12.17 11:16:06.772,2.20854,2.20933,1.00,1.75
2015.12.17 11:16:08.675,2.20854,2.20936,1.37,1.75
2015.12.17 11:16:08.735,2.20854,2.20936,1.37,1.75
2015.12.17 11:16:15.577,2.20843,2.20926,1.75,1.00
2015.12.17 11:16:15.678,2.20843,2.20928,1.00,1.75
2015.12.17 11:16:15.779,2.20833,2.20926,1.75,1.75
2015.12.17 11:16:15.830,2.20833,2.20924,1.37,1.75
2015.12.17 11:16:15.880,2.20833,2.20924,1.00,1.75
2015.12.17 11:16:16.401,2.20834,2.20924,1.00,1.75
2015.12.17 11:16:18.800,2.20833,2.20918,1.00,1.75
2015.12.17 11:16:20.086,2.20834,2.2092,1.00,2.25
2015.12.17 11:16:20.739,2.20833,2.20915,1.00,1.75
2015.12.17 11:16:20.941,2.20824,2.20915,1.37,2.25
2015.12.17 11:16:20.991,2.20824,2.20915,1.00,2.25
2015.12.17 11:16:21.614,2.20814,2.20906,1.75,2.25
2015.12.17 11:16:29.128,2.20824,2.20906,1.00,1.50
2015.12.17 11:16:29.553,2.20813,2.20906,1.00,1.00
2015.12.17 11:16:32.741,2.20814,2.20906,1.00,1.50
2015.12.17 11:16:35.130,2.20824,2.20906,1.00,1.50
2015.12.17 11:16:36.620,2.20814,2.20906,1.00,1.50
2015.12.17 11:16:44.771,2.20814,2.20903,1.00,1.37
2015.12.17 11:16:45.373,2.20806,2.20897,1.00,1.00
2015.12.17 11:16:45.423,2.20803,2.20884,1.00,1.00
2015.12.17 11:16:45.625,2.20794,2.2088,1.00,1.50
2015.12.17 11:16:45.940,2.20784,2.20866,1.00,1.00
2015.12.17 11:16:48.236,2.20783,2.20874,1.00,1.75
2015.12.17 11:16:51.228,2.20784,2.20873,1.00,1.75
2015.12.17 11:16:51.463,2.20784,2.20873,1.00,1.37
2015.12.17 11:16:51.514,2.20784,2.20876,1.50,1.00
2015.12.17 11:16:52.289,2.20793,2.20877,1.00,1.00
2015.12.17 11:16:55.920,2.20793,2.20883,1.00,1.75
2015.12.17 11:16:56.446,2.20794,2.20883,1.00,1.75
2015.12.17 11:16:58.862,2.20813,2.20888,1.00,1.75
2015.12.17 11:16:58.913,2.20814,2.20898,1.00,1.75
2015.12.17 11:16:59.014,2.20814,2.20898,1.00,1.75
2015.12.17 11:16:59.115,2.20823,2.20903,1.00,1.75
2015.12.17 11:17:00.669,2.20808,2.20897,1.75,1.75
2015.12.17 11:17:00.821,2.20804,2.20897,1.00,2.25
2015.12.17 11:17:01.373,2.20803,2.20892,1.00,1.75
2015.12.17 11:17:03.399,2.20814,2.20892,1.00,1.75
2015.12.17 11:17:04.547,2.20803,2.20892,1.50,1.75
2015.12.17 11:17:05.020,2.20803,2.20897,1.87,1.75
2015.12.17 11:17:05.070,2.20803,2.20897,2.25,1.75
2015.12.17 11:17:06.479,2.20824,2.20898,1.00,1.75
2015.12.17 11:17:06.604,2.20814,2.20898,1.00,1.75
2015.12.17 11:17:10.423,2.20814,2.2089,1.00,1.37
2015.12.17 11:17:10.930,2.20796,2.20887,1.50,1.75
2015.12.17 11:17:11.233,2.20796,2.20887,1.37,1.75
2015.12.17 11:17:11.284,2.20796,2.20887,1.75,1.75
2015.12.17 11:17:11.656,2.20811,2.20889,1.00,1.75
2015.12.17 11:17:12.271,2.20823,2.20904,1.37,1.50
2015.12.17 11:17:12.323,2.20823,2.20915,2.25,1.75
2015.12.17 11:17:12.778,2.20827,2.20917,1.00,1.75
2015.12.17 11:17:13.311,2.20826,2.20917,1.00,1.75
2015.12.17 11:17:13.862,2.20824,2.20915,1.37,1.75
2015.12.17 11:17:15.125,2.20824,2.20916,1.00,1.50
2015.12.17 11:17:15.176,2.20833,2.2092,1.00,1.50
2015.12.17 11:17:15.378,2.20833,2.20926,1.00,1.00
2015.12.17 11:17:15.680,2.20833,2.2092,1.00,1.50
2015.12.17 11:17:16.761,2.20833,2.20921,1.00,1.00
2015.12.17 11:17:17.097,2.20834,2.20921,1.00,1.75
2015.12.17 11:17:17.947,2.20828,2.20917,1.00,1.12
2015.12.17 11:17:18.048,2.20824,2.20917,1.00,1.87
2015.12.17 11:17:18.469,2.20833,2.20917,1.00,1.87
2015.12.17 11:17:19.609,2.20834,2.20918,1.00,1.37
2015.12.17 11:17:22.106,2.20833,2.20917,1.00,1.12
2015.12.17 11:17:23.671,2.20834,2.20926,1.00,1.87
2015.12.17 11:17:23.822,2.20834,2.20926,1.37,1.00
2015.12.17 11:17:24.352,2.20844,2.20926,1.00,1.00
2015.12.17 11:17:24.786,2.20844,2.20933,1.00,1.50
2015.12.17 11:17:27.556,2.20845,2.20936,1.00,1.00
2015.12.17 11:17:27.820,2.2085,2.20936,1.50,1.00
2015.12.17 11:17:27.871,2.20854,2.20945,1.00,1.50
2015.12.17 11:17:28.153,2.20854,2.20947,1.00,1.00
2015.12.17 11:17:28.675,2.20855,2.20946,1.00,1.00
2015.12.17 11:17:28.726,2.20864,2.20946,1.00,1.00
2015.12.17 11:17:29.747,2.20872,2.20946,1.00,1.00
2015.12.17 11:17:29.849,2.20872,2.20957,1.00,1.00
2015.12.17 11:17:29.899,2.20877,2.20957,1.00,1.00
2015.12.17 11:17:29.950,2.20883,2.20969,1.00,1.00
2015.12.17 11:17:30.719,2.20875,2.20967,1.75,1.00
2015.12.17 11:17:30.770,2.20873,2.20951,1.00,1.00
2015.12.17 11:17:30.921,2.20864,2.20951,1.87,1.00
2015.12.17 11:17:30.972,2.20864,2.20948,1.00,1.00
2015.12.17 11:17:32.514,2.20864,2.20947,1.00,1.00
2015.12.17 11:17:33.426,2.20863,2.20947,1.00,1.00
2015.12.17 11:17:35.348,2.20864,2.20947,1.00,1.00
2015.12.17 11:17:37.324,2.20864,2.20948,1.00,1.00
2015.12.17 11:17:39.064,2.20864,2.20949,1.00,1.00
2015.12.17 11:17:39.609,2.20863,2.20949,1.00,1.00
2015.12.17 11:17:42.445,2.20863,2.20951,1.00,1.87
2015.12.17 11:17:47.001,2.20864,2.20946,1.00,1.00
2015.12.17 11:17:48.246,2.20854,2.20947,1.00,1.00
2015.12.17 11:17:48.298,2.20854,2.20946,2.25,1.75
2015.12.17 11:17:50.808,2.20863,2.20947,1.00,1.75
2015.12.17 11:17:55.978,2.20864,2.20948,1.00,2.25
2015.12.17 11:17:57.372,2.20853,2.20947,1.75,1.75
2015.12.17 11:17:59.108,2.20863,2.20954,1.00,1.75
2015.12.17 11:18:01.276,2.20864,2.20953,1.37,1.75
2015.12.17 11:18:01.327,2.20864,2.20954,1.75,1.75
2015.12.17 11:18:01.428,2.20872,2.20956,1.00,1.75
2015.12.17 11:18:01.629,2.20874,2.20966,1.75,1.00
2015.12.17 11:18:01.680,2.20874,2.20966,1.00,2.25
2015.12.17 11:18:04.130,2.20873,2.20967,1.12,2.25
2015.12.17 11:18:05.742,2.20874,2.20961,1.00,1.75
2015.12.17 11:18:06.276,2.20866,2.20956,1.75,1.37
2015.12.17 11:18:06.377,2.20866,2.20956,1.37,1.75
2015.12.17 11:18:06.429,2.20864,2.20955,1.50,1.75
2015.12.17 11:18:09.733,2.20853,2.20941,1.75,1.00
2015.12.17 11:18:10.064,2.20853,2.20941,1.00,1.75
2015.12.17 11:18:10.708,2.20845,2.20936,1.75,1.75
2015.12.17 11:18:14.039,2.20854,2.20936,1.00,1.75
2015.12.17 11:18:15.895,2.20845,2.20936,1.75,1.75
2015.12.17 11:18:16.648,2.20844,2.20928,1.75,1.00
2015.12.17 11:18:17.142,2.20833,2.20906,1.00,1.37
2015.12.17 11:18:17.192,2.20813,2.20897,1.75,1.00
2015.12.17 11:18:21.878,2.20813,2.20907,1.75,2.25
2015.12.17 11:18:34.059,2.20823,2.20908,1.00,2.25
2015.12.17 11:18:34.659,2.20833,2.20913,1.00,2.25
2015.12.17 11:18:36.128,2.20824,2.20913,1.00,2.25
2015.12.17 11:18:43.956,2.20813,2.20907,2.25,2.25
2015.12.17 11:18:44.668,2.20813,2.20899,1.75,1.00
2015.12.17 11:18:44.870,2.20813,2.20899,1.00,1.75
2015.12.17 11:18:45.022,2.20813,2.20889,1.00,1.00
2015.12.17 11:18:46.687,2.20806,2.20889,1.75,1.00
2015.12.17 11:18:48.966,2.20806,2.20896,1.75,1.75
2015.12.17 11:18:49.427,2.20804,2.20889,1.75,1.00
2015.12.17 11:18:49.489,2.20804,2.20896,1.75,1.75
2015.12.17 11:18:58.128,2.20804,2.20885,1.75,1.00
2015.12.17 11:18:58.179,2.20804,2.20885,1.00,1.75
2015.12.17 11:18:58.652,2.20784,2.20876,1.75,1.75
2015.12.17 11:19:00.289,2.20784,2.20869,1.75,1.00
2015.12.17 11:19:00.794,2.20786,2.20868,1.75,1.00
2015.12.17 11:19:00.895,2.20794,2.20868,1.00,1.00
2015.12.17 11:19:00.946,2.20794,2.20879,1.00,1.75
2015.12.17 11:19:03.187,2.20793,2.20879,1.00,1.75
2015.12.17 11:19:03.933,2.20794,2.20876,1.00,1.75
2015.12.17 11:19:04.691,2.20793,2.20879,1.00,1.75
2015.12.17 11:19:06.024,2.20793,2.20877,1.75,1.00
2015.12.17 11:19:06.427,2.20798,2.20887,1.75,1.75
2015.12.17 11:19:07.941,2.20804,2.20889,1.00,1.75
2015.12.17 11:19:08.444,2.20803,2.20892,1.00,1.75
2015.12.17 11:19:10.592,2.20804,2.20892,1.00,1.75
2015.12.17 11:19:13.900,2.20795,2.20886,1.37,1.75
2015.12.17 11:19:13.950,2.20795,2.20878,1.00,1.75
2015.12.17 11:19:14.608,2.20794,2.20878,1.00,1.75
2015.12.17 11:19:15.415,2.20783,2.20872,1.00,1.87
2015.12.17 11:19:15.516,2.20775,2.20863,1.12,1.75
2015.12.17 11:19:15.827,2.20774,2.20863,1.00,1.87
2015.12.17 11:19:16.167,2.2077,2.20857,1.00,1.75
2015.12.17 11:19:18.002,2.20765,2.20857,1.50,1.75
2015.12.17 11:19:18.204,2.20759,2.20847,1.37,2.25
2015.12.17 11:19:18.255,2.20759,2.20847,1.00,2.25
2015.12.17 11:19:18.306,2.20754,2.20847,1.12,2.25
2015.12.17 11:19:18.507,2.20753,2.2084,1.12,1.87
2015.12.17 11:19:19.643,2.20743,2.20827,1.00,1.75
2015.12.17 11:19:23.992,2.20744,2.20829,1.00,1.75
2015.12.17 11:19:24.294,2.20748,2.20826,1.00,1.75
2015.12.17 11:19:24.671,2.20754,2.20841,1.00,1.75
2015.12.17 11:19:24.772,2.20763,2.20845,1.00,1.75
2015.12.17 11:19:26.489,2.20765,2.20847,1.00,1.75
2015.12.17 11:19:26.540,2.20765,2.20855,1.12,1.75
2015.12.17 11:19:30.986,2.20769,2.20856,1.00,2.25
2015.12.17 11:19:32.189,2.2077,2.20856,1.00,1.75
2015.12.17 11:19:32.491,2.20774,2.20857,1.37,1.75
2015.12.17 11:19:35.352,2.20773,2.20862,1.12,3.37
2015.12.17 11:19:35.453,2.20765,2.20855,1.12,1.75
2015.12.17 11:19:35.654,2.20765,2.20852,1.00,1.87
2015.12.17 11:19:37.329,2.2076,2.20847,1.00,1.75
2015.12.17 11:19:37.430,2.20755,2.20846,1.12,1.75
2015.12.17 11:19:37.481,2.20753,2.2084,1.50,1.87
2015.12.17 11:19:37.532,2.20748,2.20836,1.00,2.25
2015.12.17 11:19:37.633,2.20744,2.20836,2.25,2.25
2015.12.17 11:19:37.684,2.20744,2.2083,1.50,1.87
2015.12.17 11:19:41.274,2.20745,2.2083,1.00,1.75
2015.12.17 11:19:41.325,2.20753,2.2083,1.00,1.75
2015.12.17 11:19:43.035,2.20744,2.20831,1.00,2.25
2015.12.17 11:19:45.313,2.20744,2.20821,1.00,1.00
2015.12.17 11:19:45.363,2.20734,2.20821,1.37,1.37
2015.12.17 11:19:45.414,2.20734,2.20821,1.00,1.75
2015.12.17 11:19:46.065,2.2073,2.20817,1.00,1.75
2015.12.17 11:19:46.121,2.20733,2.20818,1.00,1.75
2015.12.17 11:19:48.151,2.20738,2.20818,1.00,1.75
2015.12.17 11:19:48.303,2.20744,2.20831,1.00,2.25
2015.12.17 11:19:48.826,2.20743,2.2083,1.00,1.75
2015.12.17 11:19:54.116,2.20744,2.20832,1.00,1.75
2015.12.17 11:19:57.857,2.20743,2.20832,1.00,1.75
2015.12.17 11:19:59.322,2.20734,2.20817,1.75,1.00
2015.12.17 11:19:59.373,2.20733,2.20817,1.00,1.75
2015.12.17 11:20:00.866,2.20728,2.20817,1.37,1.75
2015.12.17 11:20:02.171,2.20728,2.20817,1.37,1.75
2015.12.17 11:20:02.222,2.20718,2.20807,1.37,1.75
2015.12.17 11:20:02.323,2.20713,2.20803,1.00,1.87
2015.12.17 11:20:04.582,2.20714,2.20796,1.00,1.75
2015.12.17 11:20:08.480,2.20713,2.20803,1.00,1.87
2015.12.17 11:20:15.700,2.20713,2.20801,1.37,1.75
2015.12.17 11:20:15.751,2.20713,2.20801,1.75,1.75
2015.12.17 11:20:22.606,2.20723,2.20803,1.00,1.75
2015.12.17 11:20:22.717,2.20713,2.20803,1.75,1.75
2015.12.17 11:20:22.768,2.20713,2.20803,1.37,1.75
2015.12.17 11:20:23.070,2.20713,2.20803,1.00,1.75
2015.12.17 11:20:27.894,2.20714,2.20803,1.00,1.75
2015.12.17 11:20:27.945,2.20714,2.20803,1.12,1.75
2015.12.17 11:20:30.586,2.20715,2.20807,1.00,2.25
2015.12.17 11:20:30.637,2.20724,2.20806,1.00,1.75
2015.12.17 11:20:31.406,2.20723,2.20807,1.00,1.75
2015.12.17 11:20:32.128,2.20724,2.20807,1.37,1.12
2015.12.17 11:20:39.460,2.20724,2.20806,1.37,1.00
2015.12.17 11:20:40.222,2.20723,2.2081,1.37,1.50
2015.12.17 11:20:40.928,2.20726,2.20817,1.00,2.25
2015.12.17 11:20:41.029,2.20728,2.20817,1.37,1.37
2015.12.17 11:20:41.080,2.20728,2.20817,1.75,1.37
2015.12.17 11:20:43.012,2.20724,2.20815,1.37,1.37
2015.12.17 11:20:43.114,2.20724,2.20809,1.00,1.75
2015.12.17 11:20:48.596,2.20717,2.20807,2.25,1.12
2015.12.17 11:20:54.616,2.20724,2.20806,1.00,1.00
2015.12.17 11:20:57.276,2.20718,2.20806,2.25,1.00
2015.12.17 11:21:00.233,2.20718,2.20806,2.25,1.00
2015.12.17 11:21:00.537,2.20718,2.20806,2.25,1.00
2015.12.17 11:21:01.173,2.20726,2.20816,1.75,1.87
2015.12.17 11:21:01.224,2.20726,2.20816,1.75,1.50
2015.12.17 11:21:01.476,2.20733,2.20827,2.25,2.25
2015.12.17 11:21:02.065,2.20739,2.20827,1.37,1.37
2015.12.17 11:21:02.426,2.20744,2.20836,2.25,1.00
2015.12.17 11:21:05.091,2.20754,2.20838,1.37,1.00
2015.12.17 11:21:05.702,2.20754,2.20843,1.37,1.75
2015.12.17 11:21:06.394,2.20754,2.20843,1.75,1.37
2015.12.17 11:21:06.988,2.20754,2.20843,1.75,1.00
2015.12.17 11:21:08.540,2.20754,2.20836,1.75,1.00
2015.12.17 11:21:08.641,2.20753,2.20837,1.50,1.00
2015.12.17 11:21:10.654,2.20747,2.20836,1.75,1.00
2015.12.17 11:21:15.299,2.20754,2.20837,1.37,1.00
2015.12.17 11:21:15.701,2.20744,2.20831,1.37,1.37
2015.12.17 11:21:15.752,2.20743,2.20827,1.37,1.00
2015.12.17 11:21:15.903,2.20733,2.20821,1.50,1.37
2015.12.17 11:21:15.954,2.20733,2.20821,1.50,1.75
2015.12.17 11:21:16.105,2.20733,2.20817,1.37,2.25
2015.12.17 11:21:16.206,2.20724,2.20812,1.37,1.75
2015.12.17 11:21:16.408,2.20713,2.20801,1.75,1.00
2015.12.17 11:21:18.490,2.20714,2.20802,1.75,1.00
2015.12.17 11:21:18.642,2.20704,2.20796,2.25,1.87
2015.12.17 11:21:18.894,2.20704,2.20792,1.75,1.00
2015.12.17 11:21:19.984,2.20704,2.2079,1.37,1.37
2015.12.17 11:21:20.085,2.20696,2.20783,1.75,1.00
2015.12.17 11:21:20.136,2.20693,2.20781,1.75,1.00
2015.12.17 11:21:20.237,2.20693,2.20777,1.00,1.75
2015.12.17 11:21:22.116,2.20692,2.20777,1.00,1.75
2015.12.17 11:21:22.167,2.20685,2.20777,1.75,1.75
2015.12.17 11:21:22.486,2.20675,2.20766,1.75,1.00
2015.12.17 11:21:22.787,2.20674,2.20762,1.75,1.00
2015.12.17 11:21:24.267,2.20674,2.20762,1.75,1.50
2015.12.17 11:21:33.723,2.20679,2.20767,1.50,1.37
2015.12.17 11:21:33.773,2.20679,2.20767,1.75,1.00
2015.12.17 11:21:34.217,2.20684,2.20777,1.75,1.87
2015.12.17 11:21:34.268,2.20684,2.20777,1.75,1.50
2015.12.17 11:21:34.791,2.20684,2.20776,2.25,1.00
2015.12.17 11:21:34.942,2.20684,2.20776,2.25,1.37
2015.12.17 11:21:34.993,2.20684,2.20776,2.25,1.75
2015.12.17 11:21:36.676,2.20684,2.20767,1.75,1.00
2015.12.17 11:21:37.853,2.20684,2.20772,1.75,1.50
2015.12.17 11:21:39.325,2.20684,2.20766,1.75,1.00
2015.12.17 11:21:41.263,2.20683,2.2077,1.75,1.12
2015.12.17 11:21:42.565,2.20683,2.20766,1.75,1.00
2015.12.17 11:21:43.437,2.20683,2.20765,1.75,1.00
2015.12.17 11:21:44.375,2.20684,2.20766,1.75,1.50
2015.12.17 11:21:45.774,2.20684,2.20766,1.75,1.00
2015.12.17 11:21:45.824,2.20703,2.20791,1.00,1.75
2015.12.17 11:21:45.930,2.20703,2.20791,1.37,1.37
2015.12.17 11:21:45.981,2.20703,2.20791,1.75,1.12
2015.12.17 11:21:46.531,2.20704,2.2079,1.75,1.00
2015.12.17 11:21:47.246,2.20704,2.20795,1.75,1.75
2015.12.17 11:21:47.656,2.20713,2.20806,1.37,1.75
2015.12.17 11:21:47.706,2.20713,2.20806,1.75,1.75
2015.12.17 11:21:49.619,2.20723,2.20809,1.00,1.75
2015.12.17 11:21:50.866,2.20717,2.20806,1.12,1.75
2015.12.17 11:21:50.967,2.20723,2.20809,1.00,1.75
2015.12.17 11:21:52.345,2.20723,2.20809,1.37,1.37
2015.12.17 11:21:52.396,2.20723,2.20809,1.75,1.00
2015.12.17 11:21:52.476,2.20717,2.20806,1.75,1.00
2015.12.17 11:21:52.631,2.20723,2.20809,1.75,1.00
2015.12.17 11:21:53.142,2.20723,2.2081,1.75,1.12
2015.12.17 11:21:55.118,2.20724,2.20806,1.50,1.00
2015.12.17 11:21:56.181,2.20724,2.20815,1.50,1.75
2015.12.17 11:21:57.645,2.20721,2.20806,1.75,1.00
2015.12.17 11:22:03.965,2.20733,2.20817,1.75,1.00
2015.12.17 11:22:06.315,2.20729,2.20816,1.75,1.00
2015.12.17 11:22:06.466,2.20725,2.20816,1.37,1.87
2015.12.17 11:22:06.567,2.20719,2.20806,1.75,1.00
2015.12.17 11:22:08.863,2.20725,2.20806,1.75,1.00
2015.12.17 11:22:09.337,2.20744,2.20816,1.75,1.00
2015.12.17 11:22:09.388,2.20744,2.20834,1.75,1.00
2015.12.17 11:22:10.318,2.20744,2.20833,1.75,1.00
2015.12.17 11:22:11.915,2.20743,2.20834,1.75,1.00
2015.12.17 11:22:12.709,2.20743,2.20833,1.75,1.00
2015.12.17 11:22:14.604,2.20744,2.20835,1.75,1.12
2015.12.17 11:22:14.654,2.20744,2.20828,1.75,1.00
2015.12.17 11:22:14.990,2.20744,2.20835,1.75,1.12
2015.12.17 11:22:16.101,2.2076,2.20837,1.00,1.50
2015.12.17 11:22:16.304,2.20761,2.20846,1.75,1.00
2015.12.17 11:22:17.315,2.20753,2.20841,1.75,1.00
2015.12.17 11:22:17.417,2.20753,2.20839,1.37,2.25
2015.12.17 11:22:17.719,2.20744,2.20829,1.75,1.00
2015.12.17 11:22:18.227,2.20744,2.20828,1.75,1.00
2015.12.17 11:22:20.686,2.20744,2.20834,1.75,1.00
2015.12.17 11:22:21.238,2.20744,2.20835,2.25,1.00
2015.12.17 11:22:21.743,2.20744,2.20834,1.75,1.00
2015.12.17 11:22:22.513,2.20744,2.20833,1.75,1.00
2015.12.17 11:22:23.284,2.20743,2.20827,1.75,1.00
2015.12.17 11:22:23.987,2.20743,2.20827,1.75,1.00
2015.12.17 11:22:24.038,2.20743,2.20827,1.50,1.00
2015.12.17 11:22:28.804,2.20744,2.20828,1.37,1.12
2015.12.17 11:22:30.408,2.20744,2.20816,1.00,1.00
2015.12.17 11:22:30.660,2.20714,2.20796,2.25,1.00
2015.12.17 11:22:30.922,2.20714,2.20796,1.50,1.37
2015.12.17 11:22:32.202,2.20708,2.20796,1.75,1.37
2015.12.17 11:22:35.802,2.20713,2.20797,1.37,1.00
2015.12.17 11:22:36.696,2.20708,2.20796,1.75,1.00
2015.12.17 11:22:36.747,2.20704,2.20796,1.75,1.87
2015.12.17 11:22:39.205,2.20714,2.20795,1.00,1.12
2015.12.17 11:22:52.674,2.20713,2.20797,1.00,1.50
2015.12.17 11:22:54.697,2.20713,2.20796,1.00,1.75
2015.12.17 11:22:55.903,2.20704,2.20796,2.25,2.25
2015.12.17 11:22:56.385,2.20704,2.20783,1.00,1.75
2015.12.17 11:22:56.536,2.20693,2.20783,1.37,1.75
2015.12.17 11:22:57.229,2.20693,2.20777,1.37,1.00
2015.12.17 11:22:57.758,2.20693,2.20783,1.37,1.75
2015.12.17 11:22:59.315,2.20693,2.20773,1.37,1.00
2015.12.17 11:22:59.517,2.20675,2.20767,1.75,2.25
2015.12.17 11:23:02.598,2.20674,2.20756,1.75,1.00
2015.12.17 11:23:08.662,2.20682,2.20756,1.75,1.00
2015.12.17 11:23:08.764,2.20682,2.20766,1.75,1.00
2015.12.17 11:23:08.865,2.20683,2.20773,1.75,1.50
2015.12.17 11:23:11.904,2.20683,2.20773,1.00,1.75
2015.12.17 11:23:13.903,2.20681,2.20766,1.00,1.75
2015.12.17 11:23:20.178,2.20682,2.20766,1.00,1.75
2015.12.17 11:23:20.330,2.20681,2.20756,1.00,1.00
2015.12.17 11:23:20.512,2.20671,2.20757,1.75,1.00
2015.12.17 11:23:20.663,2.20674,2.20766,1.75,1.75
2015.12.17 11:23:23.474,2.20672,2.20757,1.75,1.00
2015.12.17 11:23:23.998,2.20671,2.20757,1.37,1.37
2015.12.17 11:23:24.049,2.20671,2.20757,1.00,1.75
2015.12.17 11:23:24.398,2.20663,2.20756,2.25,1.75
2015.12.17 11:23:24.693,2.20673,2.20757,1.00,1.75
2015.12.17 11:23:32.273,2.20664,2.20756,1.75,2.25
2015.12.17 11:23:32.714,2.20673,2.20753,1.00,1.50
2015.12.17 11:23:32.967,2.20674,2.20764,1.75,1.50
2015.12.17 11:23:33.489,2.20674,2.20766,1.00,2.25
2015.12.17 11:23:33.540,2.20663,2.20757,1.75,1.75
2015.12.17 11:23:33.791,2.20674,2.20756,1.00,1.75
2015.12.17 11:23:33.842,2.20664,2.20756,1.75,1.75
2015.12.17 11:23:42.184,2.20661,2.20747,1.75,1.00
2015.12.17 11:23:45.837,2.20664,2.20746,1.75,1.00
2015.12.17 11:23:47.672,2.20663,2.20756,1.75,1.75
2015.12.17 11:23:48.855,2.20659,2.20739,1.75,1.00
2015.12.17 11:23:49.258,2.20653,2.20739,1.00,1.75
2015.12.17 11:23:49.790,2.20648,2.20736,1.75,1.12
2015.12.17 11:23:51.632,2.20648,2.20728,1.75,1.00
2015.12.17 11:23:52.288,2.20648,2.20737,1.75,1.50
2015.12.17 11:23:57.245,2.20643,2.20729,2.25,1.00
2015.12.17 11:23:57.397,2.20644,2.20737,2.25,1.50
2015.12.17 11:24:04.902,2.20645,2.20736,1.75,1.00
2015.12.17 11:24:07.279,2.20644,2.20728,3.00,1.00
2015.12.17 11:24:07.582,2.20655,2.20738,1.75,1.00
2015.12.17 11:24:07.884,2.20654,2.20736,1.75,1.00
2015.12.17 11:24:07.934,2.20654,2.20739,1.75,1.00
2015.12.17 11:24:10.442,2.20657,2.20746,1.75,1.12
2015.12.17 11:24:10.582,2.20657,2.20738,1.75,1.00
2015.12.17 11:24:14.843,2.20657,2.20739,1.75,1.00
2015.12.17 11:24:15.837,2.20659,2.20738,1.75,1.00
2015.12.17 11:24:15.987,2.20659,2.20746,1.75,1.12
2015.12.17 11:24:18.492,2.20653,2.20742,2.25,1.00
2015.12.17 11:24:18.593,2.20653,2.20743,1.50,1.75
2015.12.17 11:24:19.248,2.20649,2.20728,1.75,1.00
2015.12.17 11:24:19.501,2.20644,2.20728,1.37,1.37
2015.12.17 11:24:20.139,2.20644,2.20715,1.37,1.00
2015.12.17 11:24:20.190,2.20624,2.20706,1.75,1.00
2015.12.17 11:24:20.241,2.20624,2.20696,1.00,1.00
2015.12.17 11:24:20.543,2.20603,2.20687,1.75,1.00
2015.12.17 11:24:20.594,2.20603,2.20694,1.75,1.00
2015.12.17 11:24:21.677,2.20603,2.20694,1.75,1.37
2015.12.17 11:24:21.727,2.20603,2.20695,1.75,1.75
2015.12.17 11:24:23.612,2.2061,2.20696,1.00,1.75
2015.12.17 11:24:23.714,2.20614,2.20699,1.75,1.00
2015.12.17 11:24:24.632,2.20614,2.20704,1.75,1.37
2015.12.17 11:24:24.757,2.20614,2.20699,1.75,1.00
2015.12.17 11:24:24.858,2.20614,2.20704,1.75,1.37
2015.12.17 11:24:25.975,2.20614,2.20698,1.75,1.00
2015.12.17 11:24:26.517,2.20614,2.20699,1.75,1.00
2015.12.17 11:24:27.807,2.20614,2.20699,1.37,1.37
2015.12.17 11:24:27.857,2.20614,2.20699,1.00,1.75
2015.12.17 11:24:30.131,2.20614,2.20689,1.00,1.00
2015.12.17 11:24:30.434,2.20614,2.20687,1.00,1.00
2015.12.17 11:24:31.148,2.20614,2.20697,1.00,1.75
2015.12.17 11:24:31.562,2.20604,2.20696,1.75,1.75
2015.12.17 11:24:32.481,2.20604,2.20689,1.75,1.00
2015.12.17 11:24:33.872,2.20604,2.20696,1.75,1.75
2015.12.17 11:24:39.811,2.20603,2.20689,1.75,1.00
2015.12.17 11:24:42.452,2.20603,2.20688,1.75,1.00
2015.12.17 11:24:42.963,2.20614,2.20688,1.50,1.00
2015.12.17 11:24:43.273,2.20615,2.20698,2.25,1.00
2015.12.17 11:24:43.821,2.20619,2.20699,1.75,1.00
2015.12.17 11:24:44.311,2.20624,2.20706,1.50,1.00
2015.12.17 11:24:44.464,2.20624,2.20699,1.50,1.00
2015.12.17 11:24:45.012,2.20624,2.20706,1.50,1.00
2015.12.17 11:24:45.401,2.20624,2.20699,1.50,1.00
2015.12.17 11:24:45.690,2.20624,2.20706,1.50,1.00
2015.12.17 11:24:45.865,2.20624,2.20699,1.50,1.00
2015.12.17 11:24:46.863,2.20624,2.20706,1.50,1.00
2015.12.17 11:24:47.148,2.20624,2.20699,1.50,1.00
2015.12.17 11:24:47.672,2.20624,2.20698,1.50,1.00
2015.12.17 11:24:50.639,2.20614,2.20696,1.75,1.00
2015.12.17 11:24:50.690,2.20614,2.20696,1.37,1.00
2015.12.17 11:24:50.842,2.20605,2.20689,3.00,1.00
2015.12.17 11:24:51.141,2.20606,2.20696,1.75,1.00
2015.12.17 11:24:51.712,2.20606,2.20688,1.75,1.00
2015.12.17 11:24:51.763,2.20606,2.20688,1.00,1.12
2015.12.17 11:24:51.813,2.20604,2.20686,1.12,1.00
2015.12.17 11:24:52.144,2.20604,2.20686,1.00,1.75
2015.12.17 11:24:52.447,2.20604,2.20668,1.00,1.00
2015.12.17 11:24:52.696,2.20604,2.20678,1.00,1.75
2015.12.17 11:24:53.211,2.20604,2.20668,1.00,1.00
2015.12.17 11:24:53.262,2.20585,2.20668,1.75,1.00
2015.12.17 11:24:53.677,2.20594,2.20668,1.00,1.00
2015.12.17 11:24:53.728,2.20594,2.20676,1.00,1.50
2015.12.17 11:24:55.006,2.20589,2.20676,1.75,1.50
2015.12.17 11:24:55.412,2.20574,2.20666,1.75,1.37
2015.12.17 11:24:55.463,2.20574,2.20666,1.75,1.37
2015.12.17 11:25:04.815,2.20583,2.20668,1.00,1.75
2015.12.17 11:25:05.395,2.20584,2.20677,1.00,1.75
2015.12.17 11:25:08.480,2.20579,2.20666,1.50,1.37
2015.12.17 11:25:10.167,2.20575,2.20666,1.37,1.37
2015.12.17 11:25:10.218,2.20584,2.20668,1.00,1.37
2015.12.17 11:25:10.627,2.20594,2.20675,1.12,1.00
2015.12.17 11:25:11.131,2.20594,2.20674,1.12,1.00
2015.12.17 11:25:12.667,2.20594,2.20675,1.12,1.00
2015.12.17 11:25:13.211,2.20594,2.20679,1.12,1.75
2015.12.17 11:25:16.247,2.20603,2.20687,1.00,1.75
2015.12.17 11:25:16.650,2.20604,2.20688,1.37,1.37
2015.12.17 11:25:17.765,2.20604,2.20686,1.37,1.00
2015.12.17 11:25:19.112,2.20604,2.20697,1.37,1.75
2015.12.17 11:25:21.827,2.20599,2.20678,2.25,1.00
2015.12.17 11:25:22.807,2.20595,2.20687,2.25,1.12
2015.12.17 11:25:28.637,2.20594,2.20685,1.75,1.00
2015.12.17 11:25:29.130,2.20595,2.20685,1.37,1.37
2015.12.17 11:25:29.180,2.20593,2.20685,1.12,1.75
2015.12.17 11:25:29.693,2.20594,2.20685,1.00,2.25
2015.12.17 11:25:33.325,2.20593,2.20686,1.12,1.75
2015.12.17 11:25:35.856,2.20593,2.20687,1.50,1.37
2015.12.17 11:25:35.907,2.20593,2.20687,1.75,1.00
2015.12.17 11:25:36.275,2.20604,2.20689,1.75,1.12
2015.12.17 11:25:37.331,2.20604,2.20688,1.75,1.00
2015.12.17 11:25:37.387,2.20604,2.20686,1.75,1.00
2015.12.17 11:25:45.210,2.20596,2.20687,1.75,1.00
2015.12.17 11:25:45.526,2.20604,2.20689,1.75,1.12
2015.12.17 11:25:55.498,2.20606,2.20695,1.75,1.87
2015.12.17 11:25:55.549,2.20606,2.20695,1.75,1.50
2015.12.17 11:25:56.424,2.20604,2.20689,2.25,1.00
2015.12.17 11:25:56.475,2.20604,2.20695,2.25,1.50
2015.12.17 11:25:56.751,2.20604,2.20689,1.75,1.00
2015.12.17 11:25:56.853,2.20604,2.20689,1.00,2.25
2015.12.17 11:25:57.539,2.20603,2.20687,1.12,1.12
2015.12.17 11:25:59.827,2.20597,2.20686,1.75,1.00
2015.12.17 11:26:02.439,2.20603,2.20689,1.12,1.50
2015.12.17 11:26:05.522,2.20604,2.20686,1.00,1.00
2015.12.17 11:26:05.924,2.20604,2.20678,1.00,1.00
2015.12.17 11:26:06.406,2.20594,2.20676,1.75,1.00
2015.12.17 11:26:06.507,2.20594,2.20675,1.12,1.00
2015.12.17 11:26:06.659,2.20586,2.20675,1.50,1.75
2015.12.17 11:26:07.202,2.20585,2.20669,1.12,1.37
2015.12.17 11:26:07.404,2.20585,2.20666,1.12,1.00
2015.12.17 11:26:07.505,2.20585,2.20668,1.12,1.12
2015.12.17 11:26:08.095,2.20588,2.20669,1.00,1.37
2015.12.17 11:26:08.422,2.20593,2.20669,1.75,1.00
2015.12.17 11:26:08.685,2.20575,2.20656,1.00,1.00
2015.12.17 11:26:09.246,2.20575,2.20659,1.00,1.75
2015.12.17 11:26:09.297,2.20578,2.20659,1.00,1.75
2015.12.17 11:26:09.499,2.20574,2.20659,1.12,1.75
2015.12.17 11:26:09.808,2.20577,2.20665,1.00,1.75
2015.12.17 11:26:09.909,2.2057,2.20657,1.75,1.12
2015.12.17 11:26:11.678,2.20575,2.20657,1.00,1.12
2015.12.17 11:26:11.780,2.20575,2.20658,1.37,1.12
2015.12.17 11:26:12.207,2.20574,2.20648,1.75,1.00
2015.12.17 11:26:12.258,2.20569,2.20649,2.25,1.00
2015.12.17 11:26:12.545,2.20569,2.20647,1.75,1.00
2015.12.17 11:26:13.033,2.20569,2.20656,2.25,1.00
2015.12.17 11:26:13.605,2.20573,2.20659,1.75,1.50
2015.12.17 11:26:16.539,2.20574,2.20658,1.50,1.00
2015.12.17 11:26:17.049,2.20574,2.20657,1.50,1.00
2015.12.17 11:26:18.121,2.20569,2.20657,1.37,1.37
2015.12.17 11:26:18.172,2.20569,2.20657,1.00,1.75
2015.12.17 11:26:18.223,2.20569,2.20657,1.37,1.50
2015.12.17 11:26:18.274,2.20569,2.20657,1.75,1.12
2015.12.17 11:26:23.118,2.20574,2.20658,2.25,1.00
2015.12.17 11:26:24.665,2.20574,2.20659,2.25,1.00
2015.12.17 11:26:25.027,2.20573,2.20657,1.75,1.00
2015.12.17 11:26:27.461,2.20574,2.20659,1.75,1.00
2015.12.17 11:26:28.322,2.20574,2.20658,2.25,1.00
2015.12.17 11:26:29.196,2.20578,2.20666,1.75,1.00
2015.12.17 11:26:29.348,2.20579,2.20666,1.75,1.00
2015.12.17 11:26:29.852,2.20584,2.20667,1.75,1.00
2015.12.17 11:26:40.065,2.20584,2.20658,1.75,1.00
2015.12.17 11:26:40.333,2.20582,2.20667,1.75,1.00
2015.12.17 11:26:40.434,2.20586,2.20676,1.75,2.62
2015.12.17 11:26:40.791,2.20597,2.20686,1.00,2.25
2015.12.17 11:26:40.954,2.20597,2.20686,1.75,1.00
2015.12.17 11:26:41.465,2.20606,2.20687,1.00,1.12
2015.12.17 11:26:41.617,2.20606,2.20695,1.37,1.37
2015.12.17 11:26:41.667,2.20606,2.20695,1.75,1.00
2015.12.17 11:26:42.755,2.2061,2.20696,1.75,1.00
2015.12.17 11:26:42.907,2.20615,2.20696,1.37,1.00
2015.12.17 11:26:43.058,2.20623,2.20709,1.50,1.50
2015.12.17 11:26:45.985,2.20626,2.20716,1.00,1.75
2015.12.17 11:26:46.036,2.20626,2.20716,1.37,1.37
2015.12.17 11:26:46.086,2.20628,2.20716,1.75,1.00
2015.12.17 11:26:46.872,2.20635,2.20726,1.12,1.75
2015.12.17 11:26:47.336,2.20643,2.20726,1.00,1.75
2015.12.17 11:26:48.973,2.20635,2.20726,1.12,2.25
2015.12.17 11:26:51.340,2.20635,2.20687,1.00,1.37
2015.12.17 11:26:51.399,2.20598,2.20686,1.75,1.87
2015.12.17 11:26:51.501,2.20594,2.20682,1.75,1.00
2015.12.17 11:26:51.654,2.20584,2.20676,1.75,1.50
2015.12.17 11:26:51.755,2.20583,2.20667,1.37,1.37
2015.12.17 11:26:51.806,2.20583,2.20667,1.00,1.75
2015.12.17 11:26:52.888,2.20583,2.2066,1.00,1.00
2015.12.17 11:26:53.090,2.20565,2.20657,1.75,2.25
2015.12.17 11:26:58.338,2.20573,2.20656,1.00,1.75
2015.12.17 11:26:58.490,2.20584,2.20666,1.37,1.00
2015.12.17 11:26:58.995,2.20593,2.20673,1.00,1.75
2015.12.17 11:27:01.862,2.20594,2.20678,1.00,1.75
2015.12.17 11:27:01.993,2.20587,2.20677,1.00,1.75
2015.12.17 11:27:02.302,2.20583,2.20674,1.50,1.75
2015.12.17 11:27:03.794,2.20583,2.20674,1.00,1.75
2015.12.17 11:27:04.135,2.20574,2.20662,1.00,1.75
2015.12.17 11:27:04.186,2.20571,2.20656,1.00,1.75
2015.12.17 11:27:04.287,2.20566,2.20656,1.37,1.75
2015.12.17 11:27:06.818,2.20573,2.20657,1.00,1.75
2015.12.17 11:27:07.142,2.20565,2.20654,1.37,1.75
2015.12.17 11:27:07.243,2.2056,2.20647,1.75,1.00
2015.12.17 11:27:07.345,2.20556,2.20647,1.37,1.75
2015.12.17 11:27:09.737,2.20561,2.20647,1.00,1.75
2015.12.17 11:27:09.938,2.20565,2.20657,1.75,1.37
2015.12.17 11:27:09.989,2.20565,2.20646,1.75,1.00
2015.12.17 11:27:10.139,2.20565,2.20656,2.25,1.12
2015.12.17 11:27:10.297,2.20582,2.20656,1.00,1.12
2015.12.17 11:27:10.548,2.20585,2.20675,1.50,1.75
2015.12.17 11:27:11.304,2.20584,2.20676,1.75,1.87
2015.12.17 11:27:11.355,2.20589,2.20676,1.75,1.00
2015.12.17 11:27:13.085,2.20593,2.20677,1.75,1.00
2015.12.17 11:27:14.696,2.20593,2.20677,1.37,1.37
2015.12.17 11:27:14.975,2.20588,2.20666,1.00,1.37
2015.12.17 11:27:15.026,2.20584,2.20661,1.00,1.00
2015.12.17 11:27:15.475,2.20584,2.20661,1.00,1.75
2015.12.17 11:27:17.176,2.20574,2.20661,1.00,1.75
2015.12.17 11:27:17.377,2.20568,2.20657,1.75,2.25
2015.12.17 11:27:23.842,2.20574,2.20658,1.00,1.75
2015.12.17 11:27:27.472,2.20568,2.20656,1.75,1.75
2015.12.17 11:27:30.261,2.20564,2.20653,2.25,1.00
2015.12.17 11:27:31.478,2.20564,2.20654,1.75,1.00
2015.12.17 11:27:31.809,2.20564,2.20649,1.75,1.00
2015.12.17 11:27:32.344,2.20564,2.20648,1.75,1.00
2015.12.17 11:27:32.895,2.20564,2.20654,1.75,1.00
2015.12.17 11:27:39.882,2.20564,2.20648,1.75,1.00
2015.12.17 11:27:41.312,2.20564,2.20654,1.75,1.00
2015.12.17 11:27:41.817,2.20564,2.20653,1.75,1.00
2015.12.17 11:27:45.171,2.20563,2.20655,1.75,1.12
2015.12.17 11:27:45.533,2.20563,2.20648,1.75,1.00
2015.12.17 11:27:45.634,2.20563,2.20655,1.75,1.12
2015.12.17 11:27:49.502,2.20563,2.20648,1.75,1.12
2015.12.17 11:27:49.553,2.20563,2.20648,1.75,1.12
2015.12.17 11:27:54.022,2.20564,2.20649,1.37,1.37
2015.12.17 11:27:54.123,2.20554,2.20643,1.75,1.50
2015.12.17 11:27:54.224,2.20554,2.2064,1.00,1.75
2015.12.17 11:27:54.327,2.20551,2.2063,1.00,1.12
2015.12.17 11:27:54.667,2.20543,2.20626,1.37,1.37
2015.12.17 11:27:54.719,2.20544,2.20626,1.00,2.25
2015.12.17 11:27:54.871,2.20531,2.20616,1.75,1.00
2015.12.17 11:27:55.192,2.20525,2.20615,1.75,1.37
2015.12.17 11:27:55.243,2.20525,2.20615,1.75,1.75
2015.12.17 11:27:57.704,2.20531,2.20616,1.00,2.25
2015.12.17 11:27:59.586,2.20528,2.20616,1.12,2.25
2015.12.17 11:27:59.838,2.20533,2.20621,1.37,1.50
2015.12.17 11:27:59.889,2.20533,2.20621,1.75,1.12
2015.12.17 11:28:04.371,2.20531,2.20616,1.75,1.00
2015.12.17 11:28:04.573,2.20534,2.20622,1.75,1.50
2015.12.17 11:28:05.890,2.20553,2.20627,1.00,1.75
2015.12.17 11:28:06.041,2.20557,2.20635,1.00,1.75
2015.12.17 11:28:06.092,2.20557,2.20627,1.00,1.00
2015.12.17 11:28:06.193,2.20564,2.20649,1.37,1.37
2015.12.17 11:28:06.294,2.20564,2.20649,1.75,1.00
2015.12.17 11:28:06.451,2.20573,2.20654,1.00,1.75
2015.12.17 11:28:07.322,2.20564,2.20654,1.75,1.75
2015.12.17 11:28:12.950,2.20564,2.20649,1.75,1.00
2015.12.17 11:28:13.051,2.20559,2.20646,1.75,1.00
2015.12.17 11:28:13.404,2.20553,2.20645,1.75,1.37
2015.12.17 11:28:13.454,2.20553,2.20645,1.75,1.75
2015.12.17 11:28:14.273,2.20558,2.20647,1.00,1.75
2015.12.17 11:28:14.783,2.20559,2.20646,1.00,1.75
2015.12.17 11:28:16.099,2.20558,2.20646,1.00,1.75
2015.12.17 11:28:16.250,2.20558,2.20647,1.75,1.00
2015.12.17 11:28:18.072,2.20563,2.20652,1.50,1.75
2015.12.17 11:28:19.487,2.20563,2.20644,1.50,1.00
2015.12.17 11:28:19.837,2.20553,2.20635,1.75,1.50
2015.12.17 11:28:20.061,2.20544,2.20625,1.00,1.75
2015.12.17 11:28:20.414,2.20534,2.20625,1.50,1.75
2015.12.17 11:28:20.515,2.20533,2.20621,1.37,1.75
2015.12.17 11:28:20.821,2.20531,2.20617,1.00,1.75
2015.12.17 11:28:23.711,2.20534,2.20619,1.00,1.75
2015.12.17 11:28:24.281,2.20533,2.20619,1.00,1.75
2015.12.17 11:28:25.223,2.20528,2.20617,1.00,1.75
2015.12.17 11:28:26.015,2.20524,2.20607,1.50,1.00
2015.12.17 11:28:26.682,2.20524,2.20614,1.50,1.75
2015.12.17 11:28:27.339,2.20528,2.20617,1.00,1.75
2015.12.17 11:28:27.391,2.20533,2.20617,1.00,1.75
2015.12.17 11:28:28.934,2.20543,2.20629,1.37,2.62
2015.12.17 11:28:28.985,2.20543,2.20629,1.75,1.12
2015.12.17 11:28:29.086,2.20543,2.20627,1.75,1.00
2015.12.17 11:28:29.389,2.20543,2.20621,1.00,1.75
2015.12.17 11:28:29.439,2.20529,2.20616,1.75,1.00
2015.12.17 11:28:29.845,2.20524,2.20616,1.87,1.87
2015.12.17 11:28:29.896,2.20524,2.20616,1.87,2.25
2015.12.17 11:28:32.882,2.20529,2.20617,1.00,1.75
2015.12.17 11:28:32.983,2.20535,2.20617,1.37,1.00
2015.12.17 11:28:33.263,2.20535,2.20617,1.87,1.00
2015.12.17 11:28:33.314,2.20535,2.20624,2.25,1.00
2015.12.17 11:28:33.822,2.20533,2.20621,1.37,1.37
2015.12.17 11:28:33.873,2.20533,2.20621,1.37,1.75
2015.12.17 11:28:42.308,2.20533,2.20617,1.37,1.00
2015.12.17 11:28:44.487,2.20518,2.20607,1.00,1.75
2015.12.17 11:28:45.021,2.20518,2.20597,1.00,1.00
2015.12.17 11:28:45.123,2.20524,2.20606,1.37,1.00
2015.12.17 11:28:45.719,2.20523,2.20607,1.50,1.00
2015.12.17 11:28:47.032,2.20523,2.20613,2.25,1.75
2015.12.17 11:28:47.734,2.20523,2.20607,1.50,1.00
2015.12.17 11:28:48.143,2.20523,2.20607,1.37,1.37
2015.12.17 11:28:48.244,2.20517,2.20607,1.12,1.75
2015.12.17 11:28:48.345,2.20517,2.20596,1.12,1.00
2015.12.17 11:28:49.984,2.20514,2.20603,1.75,1.75
2015.12.17 11:28:50.899,2.20523,2.20609,1.00,1.75
2015.12.17 11:28:53.366,2.20516,2.20607,1.37,1.75
2015.12.17 11:28:56.063,2.20519,2.20606,1.00,1.75
2015.12.17 11:28:56.722,2.20514,2.20606,2.25,1.75
2015.12.17 11:28:57.072,2.20515,2.20597,1.00,1.75
2015.12.17 11:28:57.123,2.2051,2.20596,1.00,1.75
2015.12.17 11:28:57.224,2.20504,2.20596,1.50,1.75
2015.12.17 11:29:00.903,2.20503,2.20587,1.75,1.00
2015.12.17 11:29:01.417,2.20504,2.20586,1.50,1.00
2015.12.17 11:29:04.381,2.20503,2.20595,2.25,1.75
2015.12.17 11:29:04.482,2.20508,2.20597,1.37,1.37
2015.12.17 11:29:04.533,2.20513,2.20602,1.37,1.75
2015.12.17 11:29:04.801,2.20517,2.20607,1.00,1.75
2015.12.17 11:29:05.053,2.20524,2.20614,1.75,1.75
2015.12.17 11:29:10.571,2.20534,2.20616,1.00,1.75
2015.12.17 11:29:10.773,2.20526,2.20617,1.37,1.75
2015.12.17 11:29:11.004,2.20533,2.20617,1.00,1.75
2015.12.17 11:29:11.278,2.20533,2.20617,1.75,1.00
2015.12.17 11:29:11.378,2.20536,2.20626,1.50,1.75
2015.12.17 11:29:11.479,2.20536,2.20626,1.75,1.37
2015.12.17 11:29:11.580,2.20536,2.20626,1.75,1.00
2015.12.17 11:29:11.681,2.20535,2.20626,1.50,1.87
2015.12.17 11:29:11.976,2.20533,2.20624,1.75,1.75
2015.12.17 11:29:12.329,2.20531,2.20617,1.75,1.00
2015.12.17 11:29:17.730,2.20534,2.20623,1.75,2.25
2015.12.17 11:29:18.347,2.20542,2.20627,1.75,1.00
2015.12.17 11:29:18.398,2.20544,2.20633,1.75,1.75
2015.12.17 11:29:22.217,2.20543,2.20627,1.75,1.00
2015.12.17 11:29:26.504,2.20535,2.20626,1.75,1.00
2015.12.17 11:29:30.357,2.20535,2.20627,1.75,1.50
2015.12.17 11:29:30.910,2.20535,2.20626,1.75,1.00
2015.12.17 11:29:34.023,2.20534,2.20626,1.75,1.37
2015.12.17 11:29:34.074,2.20534,2.20626,1.75,1.75
2015.12.17 11:29:37.031,2.20535,2.20619,1.75,1.00
2015.12.17 11:29:37.182,2.20535,2.20626,1.75,1.75
2015.12.17 11:29:38.289,2.20534,2.20616,1.75,1.00
2015.12.17 11:29:38.490,2.20524,2.20606,1.75,1.00
2015.12.17 11:29:39.032,2.20523,2.20607,1.75,1.00
2015.12.17 11:29:40.651,2.20523,2.20614,1.75,1.75
2015.12.17 11:29:40.707,2.20523,2.20607,1.75,1.00
2015.12.17 11:29:41.122,2.20534,2.20614,1.00,1.75
2015.12.17 11:29:41.273,2.20534,2.20616,1.75,1.00
2015.12.17 11:29:42.663,2.20532,2.20617,1.75,1.00
2015.12.17 11:29:42.815,2.20533,2.20624,1.75,1.75
2015.12.17 11:29:43.242,2.20542,2.20624,1.00,1.75
2015.12.17 11:29:43.343,2.20533,2.20624,1.75,1.75
2015.12.17 11:29:43.883,2.20538,2.20627,1.00,1.75
2015.12.17 11:29:45.114,2.20533,2.20621,1.75,1.12
2015.12.17 11:29:46.649,2.20543,2.20627,1.00,1.75
2015.12.17 11:29:46.750,2.20544,2.20636,1.75,1.75
2015.12.17 11:29:47.204,2.20553,2.20636,1.00,1.75
2015.12.17 11:29:50.069,2.20554,2.20642,1.00,1.75
2015.12.17 11:29:51.104,2.20553,2.20642,1.75,1.00
2015.12.17 11:29:52.426,2.20553,2.20642,1.00,1.75
2015.12.17 11:29:55.105,2.20553,2.20641,1.00,2.62
2015.12.17 11:29:55.357,2.20553,2.20631,1.00,1.12
2015.12.17 11:30:00.344,2.20543,2.20636,1.75,1.75
2015.12.17 11:30:00.852,2.20542,2.20626,1.75,1.00
2015.12.17 11:30:01.004,2.20542,2.20626,1.00,1.75
2015.12.17 11:30:01.055,2.20534,2.20626,1.75,1.75
2015.12.17 11:30:02.961,2.20528,2.20617,1.75,1.00
2015.12.17 11:30:04.348,2.20533,2.20622,1.75,1.37
2015.12.17 11:30:06.413,2.20533,2.20618,1.75,1.00
2015.12.17 11:30:09.102,2.20544,2.20629,1.75,1.50
2015.12.17 11:30:10.910,2.20544,2.20628,1.75,1.00
2015.12.17 11:30:11.584,2.20543,2.20629,2.25,1.00
2015.12.17 11:30:12.304,2.20543,2.20627,2.25,1.00
2015.12.17 11:30:12.406,2.20543,2.20629,2.25,1.00
2015.12.17 11:30:12.959,2.20543,2.20627,1.75,1.00
2015.12.17 11:30:14.047,2.20543,2.20628,1.75,1.00
2015.12.17 11:30:14.870,2.20543,2.20629,1.75,1.00
2015.12.17 11:30:15.424,2.20554,2.20639,1.75,1.00
2015.12.17 11:30:15.576,2.20564,2.20646,1.00,1.75
2015.12.17 11:30:15.727,2.20563,2.20648,2.25,1.00
2015.12.17 11:30:16.129,2.20563,2.20648,1.00,1.75
2015.12.17 11:30:16.254,2.20558,2.20646,1.12,1.75
2015.12.17 11:30:18.624,2.20553,2.20637,1.75,1.00
2015.12.17 11:30:19.722,2.20553,2.20637,1.37,1.87
2015.12.17 11:30:19.773,2.20553,2.20637,1.00,2.25
2015.12.17 11:30:19.879,2.20545,2.20636,1.75,1.75
2015.12.17 11:30:20.173,2.20553,2.20634,1.00,1.75
2015.12.17 11:30:20.223,2.20543,2.20628,1.75,1.00
2015.12.17 11:30:20.528,2.20535,2.20626,1.75,1.00
2015.12.17 11:30:20.775,2.20543,2.20628,1.75,1.00
2015.12.17 11:30:22.531,2.20543,2.20628,1.00,1.75
2015.12.17 11:30:22.733,2.20535,2.20627,1.50,1.75
2015.12.17 11:30:22.985,2.20543,2.20624,1.00,1.75
2015.12.17 11:30:23.036,2.20543,2.20628,1.75,1.00
2015.12.17 11:30:23.086,2.20536,2.20626,1.75,1.00
2015.12.17 11:30:24.381,2.20544,2.2063,1.75,1.00
2015.12.17 11:30:24.941,2.20544,2.20634,1.75,1.75
2015.12.17 11:30:35.278,2.20553,2.20638,1.00,1.75
2015.12.17 11:30:38.593,2.20554,2.20639,1.00,1.75
2015.12.17 11:30:38.795,2.20554,2.20636,1.00,1.37
2015.12.17 11:30:42.466,2.20544,2.20633,1.75,1.00
2015.12.17 11:30:42.567,2.20543,2.20633,1.37,1.37
2015.12.17 11:30:42.838,2.20535,2.20627,1.75,1.75
2015.12.17 11:30:43.368,2.20534,2.20624,1.75,1.00
2015.12.17 11:30:44.133,2.20541,2.20626,1.12,1.50
2015.12.17 11:30:44.184,2.20543,2.20633,1.00,1.75
2015.12.17 11:30:44.509,2.20543,2.20633,1.75,1.00
2015.12.17 11:30:45.011,2.20545,2.20637,1.75,1.75
2015.12.17 11:30:45.779,2.20554,2.20636,1.00,1.50
2015.12.17 11:30:47.385,2.20554,2.20636,1.00,1.75
2015.12.17 11:30:47.438,2.20539,2.20626,1.50,1.37
2015.12.17 11:30:47.624,2.20535,2.20616,1.75,1.00
2015.12.17 11:30:48.129,2.20533,2.20617,1.75,1.00
2015.12.17 11:30:51.038,2.20533,2.20616,1.75,1.00
2015.12.17 11:30:51.240,2.2052,2.20606,2.25,1.00
2015.12.17 11:30:51.492,2.20519,2.20606,1.37,1.37
2015.12.17 11:30:51.542,2.20519,2.20606,1.00,1.75
2015.12.17 11:30:56.118,2.20519,2.20598,1.00,1.00
2015.12.17 11:30:57.549,2.20517,2.20598,1.50,1.00
2015.12.17 11:30:59.400,2.20524,2.20607,1.37,1.37
2015.12.17 11:30:59.452,2.20533,2.20607,1.00,1.00
2015.12.17 11:30:59.502,2.20533,2.20607,1.37,1.00
2015.12.17 11:30:59.704,2.20543,2.20626,1.50,1.00
2015.12.17 11:31:00.241,2.20543,2.20629,1.50,1.50
2015.12.17 11:31:03.455,2.20544,2.20626,1.37,1.00
2015.12.17 11:31:04.342,2.20544,2.20632,1.37,1.75
2015.12.17 11:31:06.060,2.20547,2.20636,1.00,1.75
2015.12.17 11:31:06.390,2.20554,2.20638,1.00,1.50
2015.12.17 11:31:06.957,2.20563,2.20638,1.00,1.50
2015.12.17 11:31:07.163,2.20563,2.20646,1.12,1.37
2015.12.17 11:31:09.736,2.20564,2.20646,1.00,1.37
2015.12.17 11:31:10.279,2.20554,2.20638,2.25,1.00
2015.12.17 11:31:10.380,2.20554,2.20638,1.00,1.50
2015.12.17 11:31:14.004,2.20553,2.20639,1.12,1.75
2015.12.17 11:31:14.105,2.20563,2.20638,1.00,1.50
2015.12.17 11:31:14.206,2.20563,2.20647,1.75,1.00
2015.12.17 11:31:14.872,2.20584,2.20658,1.00,1.12
2015.12.17 11:31:15.204,2.20574,2.20656,1.50,1.00
2015.12.17 11:31:15.557,2.20584,2.20658,1.00,1.12
2015.12.17 11:31:23.913,2.20573,2.20658,1.75,1.12
2015.12.17 11:31:25.031,2.20551,2.20636,1.75,1.37
2015.12.17 11:31:25.082,2.20551,2.20636,1.37,1.37
2015.12.17 11:31:25.246,2.20554,2.20636,1.00,1.37
2015.12.17 11:31:25.366,2.20547,2.20636,1.75,1.37
2015.12.17 11:31:25.477,2.20547,2.20619,1.75,1.00
2015.12.17 11:31:25.578,2.20544,2.20626,1.00,1.75
2015.12.17 11:31:25.680,2.20535,2.20617,1.75,1.00
2015.12.17 11:31:26.196,2.20534,2.20616,1.75,1.00
2015.12.17 11:31:26.358,2.20524,2.20616,1.75,1.50
2015.12.17 11:31:26.711,2.20524,2.20608,1.75,1.00
2015.12.17 11:31:27.013,2.20524,2.20606,1.75,1.00
2015.12.17 11:31:27.064,2.20524,2.20606,1.00,1.75
2015.12.17 11:31:27.344,2.20533,2.20608,1.00,1.00
2015.12.17 11:31:27.395,2.20533,2.20617,1.00,1.75
2015.12.17 11:31:28.767,2.20544,2.20636,1.00,1.75
2015.12.17 11:31:29.156,2.20544,2.20636,1.75,1.37
2015.12.17 11:31:30.754,2.20554,2.20638,1.00,1.50
2015.12.17 11:31:30.907,2.20557,2.20647,1.00,1.75
2015.12.17 11:31:31.008,2.20557,2.20647,1.75,1.50
2015.12.17 11:31:33.457,2.20564,2.20646,1.00,1.37
2015.12.17 11:31:35.261,2.20556,2.20646,1.75,1.37
2015.12.17 11:31:42.957,2.20564,2.20648,1.00,1.75
2015.12.17 11:31:45.134,2.20554,2.20647,2.25,2.25
2015.12.17 11:31:45.235,2.20555,2.20643,1.75,1.00
2015.12.17 11:31:45.598,2.20554,2.20641,1.75,1.00
2015.12.17 11:31:45.850,2.20553,2.20637,1.37,1.37
2015.12.17 11:31:46.867,2.20562,2.20636,1.00,1.12
2015.12.17 11:31:46.968,2.20558,2.20637,1.00,1.37
2015.12.17 11:31:47.019,2.20558,2.20637,1.37,1.37
2015.12.17 11:31:47.120,2.20573,2.20651,1.00,1.75
2015.12.17 11:31:51.558,2.20563,2.20655,1.75,2.25
2015.12.17 11:31:53.862,2.20567,2.20657,1.00,1.75
2015.12.17 11:31:54.048,2.20573,2.20657,1.00,1.75
2015.12.17 11:31:54.603,2.20573,2.20657,1.37,1.37
2015.12.17 11:31:54.654,2.20573,2.20657,1.75,1.00
2015.12.17 11:31:54.755,2.20573,2.20642,1.75,1.00
2015.12.17 11:31:54.957,2.20554,2.20629,1.00,1.00
2015.12.17 11:31:55.058,2.20544,2.20626,1.75,1.00
2015.12.17 11:31:56.601,2.20544,2.20626,1.37,1.37
2015.12.17 11:31:56.703,2.20537,2.20626,1.50,1.75
2015.12.17 11:31:57.169,2.20544,2.20628,1.00,1.75
2015.12.17 11:31:58.222,2.20538,2.20627,1.12,1.75
2015.12.17 11:31:58.504,2.20538,2.20616,1.12,1.37
2015.12.17 11:31:58.555,2.20523,2.20617,2.25,2.25
2015.12.17 11:31:58.706,2.20523,2.20611,1.37,2.25
2015.12.17 11:31:58.807,2.20518,2.20606,1.00,1.75
2015.12.17 11:31:58.858,2.20514,2.20606,1.12,1.75
2015.12.17 11:32:05.869,2.20515,2.20607,1.00,1.75
2015.12.17 11:32:06.373,2.20516,2.20607,1.00,1.75
2015.12.17 11:32:06.780,2.20514,2.20591,1.12,1.00
2015.12.17 11:32:07.033,2.20513,2.20605,1.75,1.75
2015.12.17 11:32:09.426,2.20523,2.20612,1.00,1.75
2015.12.17 11:32:11.385,2.20523,2.20611,1.87,1.37
2015.12.17 11:32:11.436,2.20523,2.20612,1.75,1.00
2015.12.17 11:32:11.578,2.20523,2.20615,1.75,1.00
2015.12.17 11:32:12.113,2.20534,2.20616,1.00,1.87
2015.12.17 11:32:12.318,2.20523,2.20616,1.75,1.12
2015.12.17 11:32:13.996,2.20523,2.20609,1.75,1.00
2015.12.17 11:32:15.288,2.20526,2.20617,1.75,1.87
2015.12.17 11:32:16.840,2.20527,2.20608,1.75,1.00
2015.12.17 11:32:17.260,2.20527,2.20616,1.75,1.12
2015.12.17 11:32:18.247,2.20533,2.20617,1.00,1.37
2015.12.17 11:32:19.028,2.20529,2.20616,1.75,1.12
2015.12.17 11:32:22.314,2.2053,2.20609,1.50,1.00
2015.12.17 11:32:23.563,2.20527,2.20616,1.75,1.12
2015.12.17 11:32:24.105,2.20527,2.20609,1.75,1.00
2015.12.17 11:32:24.307,2.20527,2.20616,1.75,1.12
2015.12.17 11:32:25.644,2.20527,2.20609,1.75,1.00
2015.12.17 11:32:25.998,2.20527,2.20617,1.75,1.37
2015.12.17 11:32:26.617,2.20527,2.20609,1.75,1.00
2015.12.17 11:32:27.360,2.20527,2.20609,1.75,1.00
2015.12.17 11:32:27.708,2.20527,2.20609,1.75,1.00
2015.12.17 11:32:27.759,2.20527,2.20617,1.75,1.00
2015.12.17 11:32:28.791,2.20534,2.20616,1.75,1.00
2015.12.17 11:32:39.092,2.2053,2.20608,1.75,1.00
2015.12.17 11:32:39.437,2.20525,2.20606,1.75,1.00
2015.12.17 11:32:39.739,2.20524,2.20606,1.75,1.00
2015.12.17 11:32:40.263,2.20521,2.20607,1.75,1.00
2015.12.17 11:32:40.805,2.20515,2.20598,1.75,1.00
2015.12.17 11:32:41.297,2.20515,2.20598,1.75,1.00
2015.12.17 11:32:41.934,2.20516,2.20607,1.75,1.37
2015.12.17 11:32:41.994,2.20516,2.20607,1.75,1.75
2015.12.17 11:32:45.597,2.20515,2.20607,3.00,1.00
2015.12.17 11:32:55.097,2.20519,2.20606,1.75,1.00
2015.12.17 11:32:56.935,2.20519,2.20607,1.75,1.00
2015.12.17 11:32:59.015,2.20513,2.20599,1.75,1.00
2015.12.17 11:32:59.068,2.20505,2.20596,1.75,1.00
2015.12.17 11:32:59.371,2.20504,2.20586,1.75,1.00
2015.12.17 11:33:02.638,2.20504,2.20595,1.75,1.75
2015.12.17 11:33:04.364,2.20503,2.20587,1.75,1.00
2015.12.17 11:33:08.502,2.20496,2.20586,1.75,1.00
2015.12.17 11:33:08.704,2.20496,2.20586,1.75,1.75
2015.12.17 11:33:10.933,2.20499,2.20576,1.87,1.00
2015.12.17 11:33:11.034,2.20504,2.20596,1.00,1.75
2015.12.17 11:33:11.085,2.20504,2.20596,1.75,1.00
2015.12.17 11:33:11.672,2.20513,2.20597,1.75,1.00
2015.12.17 11:33:16.386,2.20503,2.20587,2.25,1.00
2015.12.17 11:33:16.436,2.20504,2.20596,1.75,1.00
2015.12.17 11:33:17.321,2.20502,2.20587,2.25,1.00
2015.12.17 11:33:18.050,2.20502,2.20587,1.37,1.37
2015.12.17 11:33:20.431,2.20493,2.20583,1.50,1.37
2015.12.17 11:33:20.481,2.20493,2.20577,1.12,1.12
2015.12.17 11:33:22.486,2.20488,2.20566,1.75,1.00
2015.12.17 11:33:25.877,2.20478,2.20566,1.75,1.12
2015.12.17 11:33:25.928,2.20478,2.20566,1.75,1.12
2015.12.17 11:33:34.023,2.20483,2.20568,1.75,1.00
2015.12.17 11:33:34.074,2.20485,2.20577,1.75,1.37
2015.12.17 11:33:34.578,2.20494,2.20578,1.00,1.50
2015.12.17 11:33:38.186,2.20494,2.20576,1.37,1.00
2015.12.17 11:33:38.639,2.20504,2.20586,1.00,1.00
2015.12.17 11:33:38.690,2.20504,2.20586,1.37,1.00
2015.12.17 11:33:39.705,2.20514,2.20606,1.50,1.75
2015.12.17 11:33:41.861,2.20514,2.20596,1.50,1.00
2015.12.17 11:33:45.576,2.20509,2.20597,1.75,1.00
2015.12.17 11:33:46.011,2.20514,2.20607,1.50,1.75
2015.12.17 11:33:46.263,2.20508,2.20596,1.75,1.00
2015.12.17 11:33:46.784,2.20508,2.20597,1.75,1.00
2015.12.17 11:33:48.543,2.20513,2.20596,1.75,1.00
2015.12.17 11:33:50.083,2.20513,2.20605,1.75,2.25
2015.12.17 11:33:50.452,2.20509,2.20597,2.25,1.00
2015.12.17 11:33:50.553,2.20513,2.20605,1.75,1.75
2015.12.17 11:33:50.755,2.20514,2.20598,1.37,1.37
2015.12.17 11:33:50.856,2.20503,2.20587,1.75,1.00
2015.12.17 11:33:52.383,2.20504,2.20588,1.75,1.00
2015.12.17 11:33:53.525,2.20504,2.20593,1.75,1.50
2015.12.17 11:33:53.676,2.20504,2.20588,1.75,1.00
2015.12.17 11:33:53.735,2.20504,2.20593,1.75,1.50
2015.12.17 11:33:54.385,2.20504,2.20589,1.75,1.00
2015.12.17 11:33:54.943,2.20504,2.20588,1.75,1.00
2015.12.17 11:33:54.994,2.20504,2.20594,1.75,1.75
2015.12.17 11:33:55.145,2.20503,2.20587,1.37,1.37
2015.12.17 11:33:55.246,2.20493,2.20587,2.25,1.75
2015.12.17 11:33:57.653,2.20493,2.20577,1.75,1.00
2015.12.17 11:33:58.090,2.20485,2.20577,1.50,1.37
2015.12.17 11:33:58.140,2.20485,2.20577,1.50,1.75
2015.12.17 11:34:01.478,2.20485,2.20577,1.75,1.37
2015.12.17 11:34:01.798,2.20493,2.20577,1.50,1.00
2015.12.17 11:34:02.000,2.20494,2.20586,1.75,1.37
2015.12.17 11:34:02.050,2.20494,2.20586,1.75,1.00
2015.12.17 11:34:02.585,2.20504,2.20594,1.50,1.75
2015.12.17 11:34:04.817,2.20504,2.20596,1.75,1.00
2015.12.17 11:34:07.114,2.20503,2.20597,1.75,1.12
2015.12.17 11:34:08.023,2.20503,2.20595,1.75,1.00
2015.12.17 11:34:08.378,2.20503,2.20596,1.37,1.75
2015.12.17 11:34:08.680,2.20513,2.20597,1.75,1.00
2015.12.17 11:34:09.406,2.20513,2.20596,1.75,1.00
2015.12.17 11:34:09.912,2.20513,2.20597,1.75,1.00
2015.12.17 11:34:10.781,2.20514,2.20598,1.75,1.00
2015.12.17 11:34:10.834,2.20514,2.206,1.75,1.00
2015.12.17 11:34:11.386,2.20514,2.20604,1.75,1.75
2015.12.17 11:34:15.609,2.20514,2.20598,1.75,1.00
2015.12.17 11:34:15.764,2.20514,2.20604,1.75,1.75
2015.12.17 11:34:16.954,2.20513,2.20596,1.75,1.00
2015.12.17 11:34:19.025,2.20513,2.20597,1.75,1.00
2015.12.17 11:34:19.227,2.20513,2.20605,1.75,1.75
2015.12.17 11:34:19.429,2.20519,2.20605,1.00,1.75
2015.12.17 11:34:19.747,2.20533,2.20617,1.75,1.00
2015.12.17 11:34:20.161,2.20533,2.2061,1.75,1.00
2015.12.17 11:34:20.212,2.20523,2.2061,1.75,1.00
2015.12.17 11:34:20.666,2.20533,2.20616,1.00,1.75
2015.12.17 11:34:20.767,2.20524,2.20616,1.75,1.75
2015.12.17 11:34:21.039,2.20518,2.20606,1.75,1.00
2015.12.17 11:34:21.570,2.20518,2.20607,1.75,1.00
2015.12.17 11:34:21.771,2.20524,2.20616,2.25,1.75
2015.12.17 11:34:22.342,2.20524,2.20607,1.75,1.00
2015.12.17 11:34:22.544,2.20524,2.20615,2.25,1.75
2015.12.17 11:34:22.995,2.20524,2.20608,2.25,1.00
2015.12.17 11:34:23.304,2.20524,2.20615,2.25,2.25
2015.12.17 11:34:24.067,2.20524,2.20606,2.25,1.00
2015.12.17 11:34:25.615,2.20523,2.20607,1.75,1.00
2015.12.17 11:34:26.145,2.20523,2.20615,1.75,2.25
2015.12.17 11:34:26.397,2.20523,2.20608,1.75,1.00
2015.12.17 11:34:26.858,2.20524,2.20606,1.75,1.00
2015.12.17 11:34:27.751,2.20514,2.20599,2.25,1.00
2015.12.17 11:34:27.964,2.20515,2.20606,1.75,1.00
2015.12.17 11:34:28.015,2.20515,2.20596,1.75,1.00
2015.12.17 11:34:28.274,2.20515,2.20596,1.75,1.00
2015.12.17 11:34:28.906,2.20515,2.20597,2.25,1.00
2015.12.17 11:34:29.774,2.20515,2.20607,1.75,1.75
2015.12.17 11:34:30.905,2.20513,2.20599,1.75,1.00
2015.12.17 11:34:31.227,2.20514,2.20596,1.75,1.00
2015.12.17 11:34:31.429,2.20503,2.20596,1.37,1.75
2015.12.17 11:34:31.530,2.20503,2.20589,1.00,1.75
2015.12.17 11:34:31.581,2.20494,2.20583,1.37,1.75
2015.12.17 11:34:31.682,2.20493,2.20568,1.50,1.00
2015.12.17 11:34:31.733,2.20493,2.20568,1.00,1.12
2015.12.17 11:34:31.884,2.20484,2.20568,1.37,1.12
2015.12.17 11:34:32.430,2.20473,2.20567,1.50,1.75
2015.12.17 11:34:32.532,2.20474,2.20556,1.37,1.00
2015.12.17 11:34:32.781,2.20474,2.20562,1.37,1.75
2015.12.17 11:34:37.338,2.20473,2.20555,1.00,1.75
2015.12.17 11:34:37.389,2.20463,2.20556,1.37,2.25
2015.12.17 11:34:38.248,2.2046,2.20536,1.75,1.00
2015.12.17 11:34:38.349,2.20454,2.20536,1.50,1.37
2015.12.17 11:34:40.454,2.20453,2.20537,1.00,1.50
2015.12.17 11:34:43.441,2.20444,2.20536,2.25,1.37
2015.12.17 11:34:43.754,2.20441,2.20527,1.75,1.00
2015.12.17 11:34:43.856,2.20441,2.20527,1.00,1.75
2015.12.17 11:34:43.957,2.20437,2.20527,1.37,1.75
2015.12.17 11:34:45.954,2.20444,2.20526,1.00,1.75
2015.12.17 11:34:46.609,2.20433,2.20526,1.75,1.75
2015.12.17 11:34:47.471,2.20434,2.2052,1.00,1.75
2015.12.17 11:34:47.623,2.20423,2.20515,1.75,1.75
2015.12.17 11:34:47.928,2.20423,2.20515,1.37,1.75
2015.12.17 11:34:48.216,2.20423,2.20515,1.00,1.75
2015.12.17 11:34:52.344,2.20414,2.20505,1.75,1.75
2015.12.17 11:34:52.445,2.20413,2.20497,1.75,1.00
2015.12.17 11:34:53.481,2.20404,2.20496,3.00,1.00
2015.12.17 11:34:53.532,2.20404,2.20496,3.00,1.75
2015.12.17 11:34:56.348,2.20394,2.20487,1.00,1.00
2015.12.17 11:34:56.552,2.20403,2.20486,1.00,1.00
2015.12.17 11:34:57.208,2.20404,2.20486,1.00,1.00
2015.12.17 11:34:57.562,2.20423,2.20511,1.00,1.00
2015.12.17 11:34:57.714,2.20424,2.20516,1.00,1.37
2015.12.17 11:34:57.843,2.20424,2.20516,1.12,1.00
2015.12.17 11:35:02.313,2.20411,2.20487,1.00,1.00
2015.12.17 11:35:02.363,2.20403,2.20487,1.00,1.00
2015.12.17 11:35:04.204,2.20403,2.20496,1.00,1.00
2015.12.17 11:35:05.521,2.20404,2.20486,1.00,1.00
2015.12.17 11:35:06.568,2.20405,2.20486,1.50,1.00
2015.12.17 11:35:06.669,2.20413,2.20505,1.50,1.75
2015.12.17 11:35:06.770,2.20416,2.20507,1.00,1.00
2015.12.17 11:35:06.871,2.20416,2.20507,1.50,1.00
2015.12.17 11:35:07.182,2.20421,2.20507,1.00,1.00
2015.12.17 11:35:07.232,2.20424,2.20516,1.00,1.00
2015.12.17 11:35:07.535,2.20424,2.20506,1.00,1.00
2015.12.17 11:35:11.840,2.20423,2.20517,1.00,1.00
2015.12.17 11:35:14.011,2.20423,2.20507,1.50,1.00
2015.12.17 11:35:17.074,2.20424,2.20506,1.00,1.00
2015.12.17 11:35:17.844,2.20423,2.20506,1.00,1.00
2015.12.17 11:35:18.828,2.20421,2.20506,1.00,1.00
2015.12.17 11:35:18.979,2.20424,2.20506,1.00,1.00
2015.12.17 11:35:19.616,2.20424,2.20516,1.00,1.50
2015.12.17 11:35:20.298,2.20423,2.20507,1.00,1.00
2015.12.17 11:35:20.924,2.20421,2.20506,1.00,1.00
2015.12.17 11:35:23.829,2.20423,2.20507,1.00,1.00
2015.12.17 11:35:27.414,2.20421,2.20507,1.00,1.00
2015.12.17 11:35:28.528,2.20421,2.20506,1.00,1.00
2015.12.17 11:35:28.780,2.20419,2.20506,1.00,1.00
2015.12.17 11:35:31.389,2.20424,2.20507,1.00,1.00
2015.12.17 11:35:37.754,2.20425,2.20507,1.00,1.00
2015.12.17 11:35:39.452,2.20425,2.20517,1.50,1.00
2015.12.17 11:35:40.063,2.20433,2.20517,1.00,1.00
2015.12.17 11:35:40.608,2.2043,2.20506,1.00,1.00
2015.12.17 11:35:40.658,2.20423,2.20506,1.00,1.00
2015.12.17 11:35:41.604,2.20423,2.20517,1.50,1.00
2015.12.17 11:35:42.326,2.20427,2.20517,1.00,1.00
2015.12.17 11:35:42.629,2.20444,2.20536,1.50,1.00
2015.12.17 11:35:42.831,2.20449,2.20536,1.00,1.00
2015.12.17 11:35:43.134,2.20453,2.20537,1.00,1.00
2015.12.17 11:35:43.601,2.20448,2.20536,1.00,1.00
2015.12.17 11:35:43.905,2.20444,2.20527,1.00,1.00
2015.12.17 11:35:43.957,2.20439,2.20526,1.00,1.00
2015.12.17 11:35:44.008,2.20442,2.20526,1.00,1.00
2015.12.17 11:35:44.159,2.20447,2.20537,1.00,1.00
2015.12.17 11:35:44.210,2.20451,2.20537,1.00,1.00
2015.12.17 11:35:44.702,2.20453,2.2054,1.00,1.00
2015.12.17 11:35:46.004,2.20453,2.20547,1.00,1.37
2015.12.17 11:35:46.474,2.20453,2.2054,1.00,1.00
2015.12.17 11:35:47.792,2.20454,2.20536,1.00,1.00
2015.12.17 11:35:48.381,2.20452,2.20537,1.00,1.00
2015.12.17 11:35:48.648,2.20454,2.20536,1.00,1.00
2015.12.17 11:35:49.303,2.20454,2.20546,1.00,1.87
2015.12.17 11:35:50.203,2.20454,2.20544,1.00,1.00
2015.12.17 11:35:50.519,2.20453,2.20537,1.00,1.00
2015.12.17 11:35:51.084,2.20453,2.20543,1.00,1.00
2015.12.17 11:35:51.715,2.20453,2.20547,1.50,1.37
2015.12.17 11:35:54.144,2.20454,2.20546,1.00,1.12
2015.12.17 11:35:54.893,2.20454,2.20545,1.00,1.00
2015.12.17 11:35:55.434,2.20454,2.20546,1.50,1.87
2015.12.17 11:35:55.586,2.20454,2.20546,1.75,1.00
2015.12.17 11:35:56.624,2.20458,2.20545,1.75,1.00
2015.12.17 11:35:56.825,2.20457,2.20547,1.75,1.12
2015.12.17 11:35:57.835,2.20466,2.20547,1.00,1.12
2015.12.17 11:35:58.212,2.2047,2.20556,1.37,1.37
2015.12.17 11:35:58.263,2.20468,2.20556,1.75,1.00
2015.12.17 11:36:00.445,2.20473,2.20566,1.75,1.75
2015.12.17 11:36:02.604,2.20477,2.20566,1.75,1.00
2015.12.17 11:36:03.394,2.20483,2.2057,1.75,1.12
2015.12.17 11:36:03.495,2.20487,2.20577,1.37,1.37
2015.12.17 11:36:03.546,2.20487,2.20577,1.75,1.00
2015.12.17 11:36:03.647,2.20494,2.20583,1.75,1.50
2015.12.17 11:36:04.610,2.20492,2.20577,1.75,1.00
2015.12.17 11:36:04.711,2.20486,2.20577,1.75,1.75
2015.12.17 11:36:04.813,2.20487,2.20567,1.75,1.00
2015.12.17 11:36:06.144,2.20492,2.20576,2.25,1.00
2015.12.17 11:36:06.245,2.20493,2.20585,1.75,1.00
2015.12.17 11:36:06.775,2.20503,2.20587,1.37,1.12
2015.12.17 11:36:06.826,2.20503,2.20587,1.75,1.00
2015.12.17 11:36:07.136,2.20513,2.20597,1.75,1.00
2015.12.17 11:36:07.545,2.20507,2.20577,1.75,1.00
2015.12.17 11:36:07.775,2.20507,2.20597,1.75,1.00
2015.12.17 11:36:07.927,2.20512,2.20597,1.75,1.00
2015.12.17 11:36:08.536,2.20516,2.20597,1.37,1.00
2015.12.17 11:36:10.394,2.20518,2.20607,1.00,1.00
2015.12.17 11:36:10.503,2.20523,2.20607,1.00,1.00
2015.12.17 11:36:16.265,2.20524,2.20607,1.37,1.00
2015.12.17 11:36:16.316,2.20524,2.20616,1.87,1.00
2015.12.17 11:36:16.467,2.20523,2.20607,3.00,1.00
2015.12.17 11:36:16.669,2.20523,2.20607,1.50,1.00
2015.12.17 11:36:17.260,2.20519,2.20606,1.50,1.00
2015.12.17 11:36:19.526,2.20519,2.20607,1.50,1.00
2015.12.17 11:36:22.019,2.20523,2.20607,1.00,1.00
2015.12.17 11:36:22.552,2.20523,2.20604,1.00,1.00
2015.12.17 11:36:22.855,2.20484,2.20566,1.00,1.00
2015.12.17 11:36:22.956,2.20479,2.20566,1.50,1.00
2015.12.17 11:36:23.058,2.20473,2.20557,1.12,1.00
2015.12.17 11:36:23.374,2.20464,2.20553,1.75,1.00
2015.12.17 11:36:23.527,2.20455,2.20537,1.00,1.00
2015.12.17 11:36:24.206,2.20453,2.20537,1.00,1.00
2015.12.17 11:36:27.939,2.20454,2.20537,1.00,1.00
2015.12.17 11:36:28.219,2.20454,2.20547,1.00,1.12
2015.12.17 11:36:28.274,2.2046,2.20547,1.00,1.00
2015.12.17 11:36:28.610,2.20464,2.20549,1.00,1.00
2015.12.17 11:36:28.962,2.20464,2.20546,1.00,1.00
2015.12.17 11:36:30.851,2.20473,2.20557,1.00,1.12
2015.12.17 11:36:30.952,2.2047,2.20556,1.00,1.00
2015.12.17 11:36:31.272,2.20474,2.20564,1.00,1.00
2015.12.17 11:36:31.801,2.20474,2.20566,1.00,1.12
2015.12.17 11:36:32.054,2.20493,2.20568,1.00,1.50
2015.12.17 11:36:32.375,2.20474,2.20566,1.50,1.12
2015.12.17 11:36:32.526,2.20483,2.20568,1.00,1.50
2015.12.17 11:36:37.917,2.20484,2.20566,1.00,1.12
2015.12.17 11:36:38.739,2.20474,2.20566,1.50,1.12
2015.12.17 11:36:44.274,2.20473,2.20567,1.50,1.37
2015.12.17 11:36:44.527,2.20475,2.20567,1.75,1.00
2015.12.17 11:36:45.161,2.20474,2.20566,2.25,1.00
2015.12.17 11:36:52.949,2.20475,2.20567,1.75,1.00
2015.12.17 11:36:55.818,2.20484,2.20566,1.00,1.00
2015.12.17 11:36:59.849,2.20483,2.20567,1.00,1.00
2015.12.17 11:37:07.461,2.20478,2.20566,1.50,1.00
2015.12.17 11:37:07.970,2.20478,2.20567,1.50,1.00
2015.12.17 11:37:10.212,2.20478,2.20557,1.50,1.00
2015.12.17 11:37:10.760,2.20474,2.20566,1.75,1.00
2015.12.17 11:37:11.298,2.20486,2.20566,1.00,1.00
2015.12.17 11:37:11.551,2.20494,2.20585,1.00,1.00
2015.12.17 11:37:11.652,2.20495,2.20584,1.75,1.00
2015.12.17 11:37:11.703,2.20494,2.20586,2.25,1.00
2015.12.17 11:37:12.012,2.20504,2.20586,1.00,1.00
2015.12.17 11:37:13.001,2.20505,2.20586,1.00,1.00
2015.12.17 11:37:14.742,2.20505,2.20594,1.00,1.00
2015.12.17 11:37:19.534,2.20504,2.20597,1.00,1.00
2015.12.17 11:37:21.431,2.20504,2.20596,1.50,1.00
2015.12.17 11:37:22.201,2.20505,2.20596,1.00,1.00
2015.12.17 11:37:22.252,2.20514,2.20599,1.00,1.37
2015.12.17 11:37:22.353,2.20514,2.20604,1.00,1.37
2015.12.17 11:37:22.404,2.20514,2.20604,1.00,1.00
2015.12.17 11:37:22.908,2.20513,2.20604,1.00,1.00
2015.12.17 11:37:24.600,2.20513,2.20598,1.00,1.00
2015.12.17 11:37:24.853,2.20504,2.20593,1.00,1.00
2015.12.17 11:37:25.004,2.20504,2.20591,1.00,1.00
2015.12.17 11:37:25.336,2.20504,2.20586,1.00,1.00
2015.12.17 11:37:25.437,2.20503,2.20597,1.50,2.25
2015.12.17 11:37:25.638,2.20513,2.20597,1.00,1.50
2015.12.17 11:37:26.176,2.20514,2.20596,1.00,1.37
2015.12.17 11:37:29.817,2.20504,2.20586,1.00,1.00
2015.12.17 11:37:29.868,2.20504,2.20586,1.00,1.50
2015.12.17 11:37:29.919,2.20495,2.20576,1.00,1.00
2015.12.17 11:37:30.464,2.20494,2.20576,1.00,1.00
2015.12.17 11:37:32.431,2.20493,2.20577,1.00,1.00
2015.12.17 11:37:33.342,2.20493,2.20585,1.00,1.37
2015.12.17 11:37:33.844,2.20494,2.20587,1.00,1.75
2015.12.17 11:37:36.318,2.20503,2.20587,1.00,1.75
2015.12.17 11:37:38.200,2.20493,2.20585,1.00,1.37
2015.12.17 11:37:38.401,2.20493,2.2058,1.00,1.00
2015.12.17 11:37:39.036,2.20493,2.20581,1.00,1.00
2015.12.17 11:37:39.728,2.20493,2.2058,1.00,1.00
2015.12.17 11:37:40.282,2.20493,2.20581,1.00,1.37
2015.12.17 11:37:42.991,2.20494,2.2058,1.00,1.75
2015.12.17 11:37:55.441,2.20494,2.20585,1.00,1.50
2015.12.17 11:37:56.300,2.20493,2.20585,1.00,1.50
2015.12.17 11:37:57.426,2.20493,2.20587,1.87,1.37
2015.12.17 11:37:57.476,2.20493,2.20587,2.25,1.00
2015.12.17 11:37:57.527,2.20503,2.20588,1.00,1.00
2015.12.17 11:37:58.524,2.20503,2.20589,1.00,1.00
2015.12.17 11:37:58.575,2.20503,2.20591,1.00,1.00
2015.12.17 11:38:00.107,2.20503,2.2059,1.00,1.00
2015.12.17 11:38:08.602,2.20504,2.20597,1.00,1.50
2015.12.17 11:38:08.754,2.20514,2.20596,1.00,1.37
2015.12.17 11:38:09.289,2.20513,2.20597,1.00,1.50
2015.12.17 11:38:09.604,2.20514,2.20591,1.00,1.00
2015.12.17 11:38:10.605,2.20514,2.2059,1.00,1.00
2015.12.17 11:38:10.713,2.20503,2.20587,1.00,1.37
2015.12.17 11:38:12.722,2.20493,2.20586,1.00,1.12
2015.12.17 11:38:14.217,2.20493,2.20585,1.00,1.50
2015.12.17 11:38:14.268,2.20493,2.20585,1.00,2.25
2015.12.17 11:38:19.323,2.20483,2.20567,1.00,1.12
2015.12.17 11:38:19.425,2.20474,2.20566,1.00,1.00
2015.12.17 11:38:19.476,2.20474,2.20566,1.00,1.75
2015.12.17 11:38:19.779,2.20474,2.20556,1.00,1.00
2015.12.17 11:38:19.882,2.20463,2.20557,1.37,1.00
2015.12.17 11:38:20.608,2.20465,2.20557,1.00,1.50
2015.12.17 11:38:24.471,2.20473,2.20557,1.00,1.50
2015.12.17 11:38:26.783,2.20464,2.20556,1.12,1.00
2015.12.17 11:38:27.683,2.20474,2.20556,1.00,1.00
2015.12.17 11:38:34.396,2.20473,2.20565,1.75,1.00
2015.12.17 11:38:34.548,2.20476,2.20567,1.37,1.00
2015.12.17 11:38:34.699,2.20483,2.20567,1.00,1.00
2015.12.17 11:38:35.091,2.20493,2.20583,1.75,1.00
2015.12.17 11:38:35.252,2.20493,2.20587,1.75,1.00
2015.12.17 11:38:37.777,2.20503,2.20587,1.00,1.50
2015.12.17 11:38:42.281,2.20504,2.20588,1.00,1.00
2015.12.17 11:38:42.499,2.20495,2.20586,1.50,1.00
2015.12.17 11:38:43.313,2.20494,2.20587,1.75,1.00
2015.12.17 11:38:44.037,2.20495,2.20585,1.50,1.00
2015.12.17 11:38:44.594,2.20493,2.20577,1.75,1.00
2015.12.17 11:38:45.140,2.20493,2.20584,1.75,1.00
2015.12.17 11:38:45.740,2.20493,2.20585,1.75,1.00
2015.12.17 11:38:47.449,2.20494,2.20576,1.75,1.00
2015.12.17 11:38:51.813,2.20494,2.20576,1.75,1.00
2015.12.17 11:38:51.863,2.20494,2.20585,1.50,1.00
2015.12.17 11:38:52.755,2.20504,2.20585,1.00,1.00
2015.12.17 11:38:52.966,2.20504,2.2059,1.00,1.50
2015.12.17 11:38:53.167,2.20504,2.20584,1.00,1.00
2015.12.17 11:38:53.420,2.20493,2.2058,1.37,1.37
2015.12.17 11:38:53.964,2.20493,2.2058,1.00,1.37
2015.12.17 11:38:58.381,2.20494,2.20581,1.00,1.50
2015.12.17 11:39:09.464,2.20507,2.20587,1.37,1.00
2015.12.17 11:39:09.565,2.20513,2.20595,1.00,1.00
2015.12.17 11:39:09.716,2.20514,2.20602,1.00,1.00
2015.12.17 11:39:09.817,2.20524,2.20606,1.00,1.37
2015.12.17 11:39:10.019,2.20524,2.20612,1.00,1.00
2015.12.17 11:39:10.122,2.20533,2.20611,1.00,1.00
2015.12.17 11:39:12.226,2.20524,2.20611,1.00,1.00
2015.12.17 11:39:14.880,2.20524,2.20612,1.00,1.00
2015.12.17 11:39:15.299,2.20523,2.20608,1.00,1.00
2015.12.17 11:39:15.602,2.20524,2.20604,1.00,1.00
2015.12.17 11:39:16.114,2.2052,2.20606,1.00,1.12
2015.12.17 11:39:16.265,2.20521,2.20607,1.87,1.12
2015.12.17 11:39:16.316,2.20534,2.20613,1.00,1.00
2015.12.17 11:39:16.417,2.20523,2.20608,1.00,1.00
2015.12.17 11:39:16.568,2.20523,2.20607,1.00,1.37
2015.12.17 11:39:17.401,2.20514,2.20603,1.00,1.12
2015.12.17 11:39:19.247,2.20513,2.20603,1.37,1.00
2015.12.17 11:39:19.559,2.20524,2.20603,1.00,1.00
2015.12.17 11:39:19.610,2.20513,2.20603,1.75,1.00
2015.12.17 11:39:19.711,2.20514,2.20605,1.75,1.00
2015.12.17 11:39:21.221,2.20518,2.20607,1.00,1.00
2015.12.17 11:39:21.373,2.20524,2.20608,1.00,1.00
2015.12.17 11:39:21.881,2.20523,2.20607,1.00,1.00
2015.12.17 11:39:23.020,2.20523,2.20611,1.00,1.12
2015.12.17 11:39:23.222,2.20523,2.20608,1.00,1.00
2015.12.17 11:39:23.765,2.20523,2.20607,1.00,1.00
2015.12.17 11:39:23.866,2.20519,2.20607,1.00,1.00
2015.12.17 11:39:24.316,2.20523,2.20608,1.00,1.00
2015.12.17 11:39:25.397,2.20523,2.20606,1.00,1.00
2015.12.17 11:39:25.620,2.20514,2.20602,1.75,1.00
2015.12.17 11:39:25.719,2.20514,2.20599,1.75,1.00
2015.12.17 11:39:29.462,2.20514,2.20605,2.25,1.50
2015.12.17 11:39:29.970,2.20514,2.20598,1.00,1.00
2015.12.17 11:39:30.135,2.20514,2.20601,1.00,1.00
2015.12.17 11:39:30.449,2.20514,2.20598,1.00,1.00
2015.12.17 11:39:30.955,2.20514,2.20599,1.00,1.00
2015.12.17 11:39:35.592,2.20513,2.20599,1.00,1.00
2015.12.17 11:39:35.966,2.20513,2.20597,1.00,1.00
2015.12.17 11:39:41.041,2.20513,2.20597,1.37,1.00
2015.12.17 11:39:41.108,2.20534,2.20617,1.00,1.00
2015.12.17 11:39:44.568,2.20533,2.20617,1.00,1.00
2015.12.17 11:39:48.079,2.20533,2.20619,1.00,1.00
2015.12.17 11:39:48.629,2.20534,2.20619,1.00,1.00
2015.12.17 11:39:49.888,2.20534,2.20625,1.00,1.00
2015.12.17 11:39:52.270,2.20544,2.20629,1.00,2.25
2015.12.17 11:39:52.580,2.20553,2.20634,1.00,1.12
2015.12.17 11:39:52.961,2.20544,2.20621,1.00,1.00
2015.12.17 11:39:53.013,2.20534,2.20618,1.00,1.50
2015.12.17 11:39:53.387,2.20544,2.20618,1.00,1.50
2015.12.17 11:39:53.703,2.20534,2.20614,1.00,1.00
2015.12.17 11:39:53.755,2.20534,2.20609,1.00,1.00
2015.12.17 11:39:54.290,2.20534,2.20608,1.00,1.00
2015.12.17 11:39:54.593,2.20543,2.20618,1.00,2.25
2015.12.17 11:39:57.678,2.20544,2.20618,1.00,2.25
2015.12.17 11:39:57.981,2.20533,2.20618,1.00,2.25
2015.12.17 11:40:00.382,2.20526,2.20616,1.75,2.25
2015.12.17 11:40:00.635,2.20533,2.20616,1.00,1.75
2015.12.17 11:40:02.279,2.20533,2.20616,1.75,1.00
2015.12.17 11:40:04.500,2.20533,2.20617,1.75,1.12
2015.12.17 11:40:04.934,2.20544,2.20616,1.00,1.00
2015.12.17 11:40:05.491,2.20544,2.20618,1.00,1.87
2015.12.17 11:40:05.906,2.20534,2.20618,1.75,1.87
2015.12.17 11:40:06.357,2.20544,2.20618,1.00,1.87
2015.12.17 11:40:06.885,2.20543,2.20616,1.00,1.00
2015.12.17 11:40:06.986,2.20534,2.20616,1.75,1.50
2015.12.17 11:40:07.513,2.20534,2.20615,1.75,1.00
2015.12.17 11:40:08.115,2.20534,2.20616,1.75,1.50
2015.12.17 11:40:09.625,2.20533,2.20618,1.75,1.87
2015.12.17 11:40:10.537,2.20564,2.20618,1.00,1.00
2015.12.17 11:40:10.588,2.20564,2.20652,1.00,1.00
2015.12.17 11:40:10.639,2.20573,2.20652,1.00,1.00
2015.12.17 11:40:10.690,2.20573,2.20657,1.00,1.37
2015.12.17 11:40:10.947,2.20584,2.20665,1.00,1.75
2015.12.17 11:40:10.998,2.20584,2.20665,1.00,1.50
2015.12.17 11:40:11.300,2.20573,2.20665,1.87,1.50
2015.12.17 11:40:11.502,2.20583,2.20665,1.00,1.50
2015.12.17 11:40:11.889,2.20573,2.2066,1.12,1.50
2015.12.17 11:40:11.940,2.20583,2.2066,1.00,1.50
2015.12.17 11:40:13.710,2.20593,2.2066,1.00,1.50
2015.12.17 11:40:13.815,2.20584,2.2066,1.00,1.50
2015.12.17 11:40:15.815,2.20583,2.2066,1.00,1.50
2015.12.17 11:40:16.016,2.20574,2.2066,1.00,1.00
2015.12.17 11:40:16.395,2.20574,2.20653,1.00,1.00
2015.12.17 11:40:16.723,2.20563,2.20634,1.00,1.00
2015.12.17 11:40:16.925,2.20554,2.20631,1.00,1.00
2015.12.17 11:40:17.177,2.20554,2.20629,1.00,1.00
2015.12.17 11:40:17.486,2.20554,2.20626,1.00,1.50
2015.12.17 11:40:19.315,2.20543,2.20626,1.00,1.50
2015.12.17 11:40:19.898,2.20544,2.20626,1.00,1.50
2015.12.17 11:40:20.428,2.20543,2.20626,1.00,1.50
2015.12.17 11:40:22.451,2.20543,2.20621,1.00,1.00
2015.12.17 11:40:23.661,2.20544,2.20621,1.00,1.00
2015.12.17 11:40:23.717,2.20533,2.20621,1.00,1.00
2015.12.17 11:40:24.373,2.20544,2.20621,1.00,1.00
2015.12.17 11:40:24.735,2.20544,2.20626,1.00,1.50
2015.12.17 11:40:24.937,2.20554,2.20632,1.00,1.00
2015.12.17 11:40:25.138,2.20544,2.20626,1.00,1.00
2015.12.17 11:40:27.888,2.20543,2.20626,1.00,1.00
2015.12.17 11:40:31.639,2.20543,2.20629,1.00,1.00
2015.12.17 11:40:35.053,2.20544,2.20629,1.00,1.00
2015.12.17 11:40:37.392,2.20544,2.20627,1.00,1.00
2015.12.17 11:40:37.939,2.20543,2.20627,1.00,1.50
2015.12.17 11:40:41.629,2.20543,2.20626,1.00,1.00
2015.12.17 11:40:41.950,2.20534,2.20616,1.00,1.00
2015.12.17 11:40:42.443,2.20534,2.20622,1.00,1.50
2015.12.17 11:40:42.530,2.20534,2.20615,1.00,1.00
2015.12.17 11:40:43.283,2.20534,2.20616,1.00,1.00
2015.12.17 11:40:43.911,2.20534,2.20615,1.00,1.00
2015.12.17 11:40:44.440,2.20534,2.20621,1.00,1.00
2015.12.17 11:40:45.547,2.20534,2.2062,1.00,1.00
2015.12.17 11:40:46.154,2.20533,2.2062,1.00,1.00
2015.12.17 11:40:47.662,2.20533,2.20621,1.00,1.00
2015.12.17 11:40:48.526,2.20533,2.2062,1.00,1.00
2015.12.17 11:40:49.124,2.20534,2.2062,1.00,1.00
2015.12.17 11:40:51.418,2.20533,2.2062,1.00,1.00
2015.12.17 11:40:54.622,2.20534,2.2062,1.00,1.00
2015.12.17 11:40:54.819,2.20534,2.20622,1.00,1.00
2015.12.17 11:40:55.680,2.20534,2.20623,1.00,1.12
2015.12.17 11:40:58.439,2.20534,2.2062,1.00,1.00
2015.12.17 11:40:58.540,2.20534,2.20623,1.00,1.12
2015.12.17 11:40:59.156,2.20533,2.20623,1.00,1.12
2015.12.17 11:40:59.261,2.20544,2.20623,1.00,1.12
2015.12.17 11:40:59.681,2.20553,2.20623,1.00,1.12
2015.12.17 11:41:00.728,2.20544,2.20623,1.00,1.12
2015.12.17 11:41:00.780,2.20545,2.20636,1.37,1.37
2015.12.17 11:41:00.831,2.20555,2.20636,1.00,1.37
2015.12.17 11:41:01.134,2.20563,2.20651,1.00,1.75
2015.12.17 11:41:01.639,2.20564,2.20645,1.00,1.50
2015.12.17 11:41:08.360,2.20563,2.20648,1.00,1.75
2015.12.17 11:41:08.411,2.20563,2.20648,1.00,1.00
2015.12.17 11:41:12.076,2.20563,2.20654,1.00,1.37
2015.12.17 11:41:13.709,2.20573,2.20654,1.00,1.37
2015.12.17 11:41:14.333,2.20574,2.20654,1.00,1.37
2015.12.17 11:41:15.034,2.20574,2.20658,1.00,1.00
2015.12.17 11:41:15.186,2.20584,2.20658,1.00,1.00
2015.12.17 11:41:15.821,2.20573,2.20658,1.00,1.00
2015.12.17 11:41:18.314,2.20573,2.2066,1.00,1.00
2015.12.17 11:41:18.640,2.20573,2.20658,1.00,1.00
2015.12.17 11:41:20.458,2.20566,2.20658,1.75,1.00
2015.12.17 11:41:21.055,2.20574,2.20658,1.00,1.00
2015.12.17 11:41:21.315,2.20573,2.2066,1.00,1.00
2015.12.17 11:41:21.817,2.20573,2.20659,1.00,1.00
2015.12.17 11:41:23.038,2.20573,2.2066,1.00,1.00
2015.12.17 11:41:24.969,2.20573,2.20657,1.00,1.00
2015.12.17 11:41:27.422,2.20573,2.20652,1.00,1.00
2015.12.17 11:41:27.476,2.20564,2.20645,1.00,1.00
2015.12.17 11:41:27.627,2.20553,2.20645,1.50,1.50
2015.12.17 11:41:28.148,2.20557,2.20647,1.00,1.75
2015.12.17 11:41:28.350,2.20557,2.20647,1.50,1.00
2015.12.17 11:41:28.955,2.20557,2.20646,1.50,1.00
2015.12.17 11:41:29.056,2.20563,2.20656,1.00,1.50
2015.12.17 11:41:29.779,2.20563,2.2065,1.00,1.00
2015.12.17 11:41:34.403,2.20564,2.20646,1.00,1.00
2015.12.17 11:41:36.976,2.20563,2.20647,1.00,1.00
2015.12.17 11:41:37.077,2.20564,2.2065,1.00,1.50
2015.12.17 11:41:38.828,2.20555,2.20647,1.75,1.00
2015.12.17 11:41:40.660,2.20563,2.20647,1.00,1.00
2015.12.17 11:41:40.711,2.20555,2.20647,1.75,1.00
2015.12.17 11:41:42.499,2.20564,2.2065,1.00,1.00
2015.12.17 11:41:43.008,2.20556,2.20646,1.75,1.00
2015.12.17 11:41:44.789,2.20556,2.20646,1.00,1.00
2015.12.17 11:41:45.582,2.20556,2.20647,1.00,1.00
2015.12.17 11:41:47.166,2.20557,2.20647,1.00,1.00
2015.12.17 11:41:49.720,2.20564,2.20652,1.00,1.75
2015.12.17 11:41:49.973,2.20557,2.20647,1.00,1.00
2015.12.17 11:41:50.075,2.20553,2.20647,1.37,1.00
2015.12.17 11:41:51.027,2.20554,2.20646,1.87,1.00
2015.12.17 11:41:52.784,2.20555,2.20647,1.12,1.50
2015.12.17 11:41:54.486,2.20558,2.20647,1.75,1.00
2015.12.17 11:41:54.824,2.20564,2.20656,1.00,1.00
2015.12.17 11:41:58.298,2.20563,2.20657,1.87,1.50
2015.12.17 11:41:58.973,2.20563,2.20656,1.87,1.00
2015.12.17 11:41:59.525,2.20563,2.20655,1.87,1.00
2015.12.17 11:42:00.107,2.20563,2.20656,1.87,1.00
2015.12.17 11:42:01.087,2.20564,2.20655,1.00,1.50
2015.12.17 11:42:03.410,2.20564,2.20648,1.00,1.00
2015.12.17 11:42:03.957,2.20564,2.20649,1.00,1.00
2015.12.17 11:42:05.676,2.20563,2.20649,1.12,1.00
2015.12.17 11:42:09.260,2.20563,2.20655,1.12,1.00
2015.12.17 11:42:14.203,2.20563,2.20648,1.12,1.00
2015.12.17 11:42:15.744,2.20563,2.20655,1.12,1.00
2015.12.17 11:42:15.795,2.20564,2.20646,1.00,1.00
2015.12.17 11:42:16.438,2.20571,2.20646,1.75,1.00
2015.12.17 11:42:16.672,2.20586,2.20676,1.75,1.00
2015.12.17 11:42:17.125,2.20593,2.20685,1.00,1.00
2015.12.17 11:42:17.564,2.20595,2.20687,1.00,1.37
2015.12.17 11:42:17.979,2.20595,2.20687,1.75,1.00
2015.12.17 11:42:18.280,2.20593,2.20685,1.75,1.00
2015.12.17 11:42:18.888,2.20593,2.20677,1.75,1.00
2015.12.17 11:42:19.651,2.20593,2.20685,1.75,1.00
2015.12.17 11:42:21.409,2.20604,2.20685,1.00,1.00
2015.12.17 11:42:22.324,2.20594,2.20686,2.25,1.00
2015.12.17 11:42:23.347,2.20594,2.20685,2.25,1.00
2015.12.17 11:42:23.949,2.20594,2.20685,1.50,1.00
2015.12.17 11:42:24.500,2.20594,2.20686,1.00,1.50
2015.12.17 11:42:25.002,2.20594,2.20685,1.00,1.00
2015.12.17 11:42:25.507,2.20593,2.20684,1.00,1.00
2015.12.17 11:42:26.035,2.20594,2.20684,1.00,1.00
2015.12.17 11:42:26.559,2.20594,2.20685,1.00,1.00
2015.12.17 11:42:26.994,2.20589,2.20677,1.50,1.00
2015.12.17 11:42:27.047,2.20593,2.20685,1.00,1.00
2015.12.17 11:42:28.989,2.20593,2.20674,1.00,1.00
2015.12.17 11:42:29.140,2.20584,2.20669,1.00,1.00
2015.12.17 11:42:29.191,2.20584,2.20665,1.00,1.00
2015.12.17 11:42:29.242,2.20574,2.20665,1.75,1.00
2015.12.17 11:42:29.343,2.20573,2.20665,1.00,1.00
2015.12.17 11:42:29.393,2.20573,2.20665,1.75,1.00
2015.12.17 11:42:30.042,2.20574,2.20664,1.75,1.00
2015.12.17 11:42:32.279,2.20576,2.20666,1.37,1.00
2015.12.17 11:42:32.430,2.20583,2.20667,1.00,1.00
2015.12.17 11:42:34.419,2.20584,2.20669,1.00,1.00
2015.12.17 11:42:35.641,2.20583,2.20669,1.00,1.00
2015.12.17 11:42:35.792,2.20583,2.20675,1.00,1.12
2015.12.17 11:42:37.797,2.20584,2.20675,1.00,1.12
2015.12.17 11:42:39.486,2.20586,2.20676,1.75,1.00
2015.12.17 11:42:40.007,2.20594,2.20676,1.00,1.00
2015.12.17 11:42:40.520,2.20595,2.20676,1.00,1.00
2015.12.17 11:42:40.570,2.20595,2.20686,1.00,1.00
2015.12.17 11:42:40.772,2.20595,2.20686,1.75,1.00
2015.12.17 11:42:43.290,2.206,2.20687,1.50,1.00
2015.12.17 11:42:53.548,2.20599,2.20686,1.75,1.00
2015.12.17 11:42:53.897,2.20593,2.20677,1.75,1.00
2015.12.17 11:42:54.099,2.20584,2.20676,1.75,1.50
2015.12.17 11:42:54.648,2.20586,2.20677,1.75,1.00
2015.12.17 11:42:55.201,2.20586,2.20676,1.75,1.00
2015.12.17 11:42:57.185,2.20598,2.20676,1.50,1.00
2015.12.17 11:42:57.488,2.20614,2.20691,1.00,1.00
2015.12.17 11:42:57.539,2.20614,2.20696,1.00,1.00
2015.12.17 11:42:59.133,2.20614,2.20699,1.00,1.00
2015.12.17 11:42:59.317,2.20614,2.20703,1.00,1.00
2015.12.17 11:43:00.152,2.20614,2.207,1.00,1.00
2015.12.17 11:43:00.762,2.20614,2.20699,1.00,1.00
2015.12.17 11:43:01.272,2.20613,2.20699,1.00,1.00
2015.12.17 11:43:02.326,2.20614,2.20696,1.00,1.00
2015.12.17 11:43:02.536,2.20614,2.20699,1.00,1.00
2015.12.17 11:43:03.637,2.20613,2.20697,1.00,1.00
2015.12.17 11:43:04.212,2.20604,2.20696,2.25,1.00
2015.12.17 11:43:05.281,2.20604,2.20696,1.00,1.50
2015.12.17 11:43:05.433,2.20604,2.20686,1.00,1.00
2015.12.17 11:43:05.941,2.20603,2.20686,1.00,1.00
2015.12.17 11:43:05.992,2.20596,2.20686,1.75,1.00
2015.12.17 11:43:06.497,2.20596,2.20687,1.75,1.00
2015.12.17 11:43:07.035,2.20596,2.20687,1.00,1.00
2015.12.17 11:43:07.136,2.20593,2.20683,1.00,1.00
2015.12.17 11:43:07.338,2.20583,2.20677,1.50,1.00
2015.12.17 11:43:08.345,2.20584,2.20666,1.00,1.00
2015.12.17 11:43:09.637,2.20589,2.20666,1.50,1.00
2015.12.17 11:43:09.688,2.20593,2.20683,1.00,1.00
2015.12.17 11:43:10.313,2.20594,2.20686,1.50,1.00
2015.12.17 11:43:10.364,2.206,2.20686,1.00,1.00
2015.12.17 11:43:12.015,2.206,2.20686,1.75,1.00
2015.12.17 11:43:17.082,2.20603,2.20687,1.12,1.00
2015.12.17 11:43:20.179,2.20604,2.20696,1.00,1.00
2015.12.17 11:43:21.111,2.20602,2.20686,1.37,1.00
2015.12.17 11:43:22.011,2.20603,2.20687,1.12,1.00
2015.12.17 11:43:22.415,2.20603,2.20697,2.25,1.75
2015.12.17 11:43:25.216,2.20613,2.20697,1.00,1.75
2015.12.17 11:43:25.753,2.20614,2.20698,1.00,1.75
2015.12.17 11:43:26.057,2.20604,2.20686,1.00,1.75
2015.12.17 11:43:26.208,2.20593,2.20677,1.75,1.00
2015.12.17 11:43:26.814,2.20593,2.20678,1.75,1.12
2015.12.17 11:43:28.319,2.20593,2.20677,1.75,1.00
2015.12.17 11:43:30.604,2.20584,2.20676,1.75,1.00
2015.12.17 11:43:38.396,2.20593,2.20677,1.75,1.00
2015.12.17 11:43:38.849,2.20604,2.20687,1.00,1.75
2015.12.17 11:43:39.102,2.20624,2.20706,1.00,1.75
2015.12.17 11:43:39.633,2.20623,2.20711,1.00,1.75
2015.12.17 11:43:39.684,2.20623,2.20711,1.75,1.00
2015.12.17 11:43:40.410,2.20623,2.20717,1.75,2.25
2015.12.17 11:43:41.476,2.20634,2.20716,1.00,1.75
2015.12.17 11:43:43.895,2.20624,2.20716,1.75,1.75
2015.12.17 11:43:58.818,2.20625,2.20716,1.75,1.00
2015.12.17 11:44:03.736,2.20624,2.20715,1.75,1.00
2015.12.17 11:44:04.736,2.20624,2.20715,1.75,1.75
2015.12.17 11:44:09.890,2.20634,2.20716,1.00,1.75
2015.12.17 11:44:14.267,2.20627,2.20716,1.12,1.75
2015.12.17 11:44:17.451,2.20626,2.20716,1.50,1.75
2015.12.17 11:44:17.502,2.20626,2.20716,1.75,1.50
2015.12.17 11:44:23.260,2.20633,2.20713,1.75,1.00
2015.12.17 11:44:30.610,2.20623,2.20714,1.75,1.00
2015.12.17 11:44:33.786,2.20624,2.20714,1.75,1.37
2015.12.17 11:44:33.837,2.20623,2.20707,1.75,1.12
2015.12.17 11:44:41.812,2.20633,2.20717,1.00,1.75
2015.12.17 11:44:42.421,2.20627,2.20717,1.12,1.75
2015.12.17 11:44:49.960,2.20623,2.20715,2.25,1.50
2015.12.17 11:44:55.099,2.20634,2.2072,1.50,1.37
2015.12.17 11:44:55.150,2.20634,2.20725,1.75,1.75
2015.12.17 11:45:03.743,2.20635,2.20719,1.75,1.00
2015.12.17 11:45:04.086,2.20635,2.20725,1.75,1.75
2015.12.17 11:45:08.609,2.20635,2.20716,1.75,1.00
2015.12.17 11:45:10.206,2.20636,2.20716,1.75,1.00
2015.12.17 11:45:10.257,2.20636,2.20726,1.75,1.87
2015.12.17 11:45:12.020,2.20636,2.20716,1.75,1.00
2015.12.17 11:45:13.170,2.20633,2.20717,1.75,1.00
2015.12.17 11:45:13.780,2.20634,2.20716,1.75,1.00
2015.12.17 11:45:15.738,2.20633,2.20722,1.75,1.00
2015.12.17 11:45:15.789,2.20652,2.20726,1.00,1.37
2015.12.17 11:45:15.940,2.20654,2.20742,1.75,1.50
2015.12.17 11:45:16.093,2.20657,2.20745,1.75,1.00
2015.12.17 11:45:24.317,2.20654,2.20746,3.00,1.12
2015.12.17 11:45:24.418,2.20654,2.20742,1.75,1.00
2015.12.17 11:45:24.973,2.20653,2.20716,1.75,1.00
2015.12.17 11:45:25.024,2.20629,2.20716,1.75,2.25
2015.12.17 11:45:26.592,2.20624,2.20716,2.25,1.37
2015.12.17 11:45:26.642,2.20624,2.20711,1.75,1.75
2015.12.17 11:45:27.204,2.20624,2.20708,1.75,1.00
2015.12.17 11:45:29.244,2.20615,2.20707,1.75,1.00
2015.12.17 11:45:30.854,2.20613,2.20702,1.75,1.00
2015.12.17 11:45:37.321,2.20614,2.207,1.75,1.50
2015.12.17 11:45:37.850,2.20624,2.20709,1.75,1.00
2015.12.17 11:45:39.030,2.20624,2.20706,1.75,1.00
2015.12.17 11:45:39.766,2.20623,2.20705,2.25,1.00
2015.12.17 11:45:40.069,2.20634,2.20721,1.75,1.00
2015.12.17 11:45:40.170,2.20638,2.20725,1.75,1.00
2015.12.17 11:45:41.316,2.20638,2.2072,1.75,1.00
2015.12.17 11:45:45.949,2.20634,2.20715,1.75,1.00
2015.12.17 11:45:46.000,2.20626,2.20715,2.25,1.00
2015.12.17 11:45:50.594,2.20626,2.2071,1.75,1.00
2015.12.17 11:45:55.309,2.20626,2.20707,1.75,1.00
2015.12.17 11:45:55.410,2.20624,2.20706,1.75,1.50
2015.12.17 11:46:15.427,2.20624,2.20702,1.75,1.00
2015.12.17 11:46:15.477,2.20615,2.20702,2.25,1.00
2015.12.17 11:46:15.578,2.20613,2.20697,2.25,1.00
2015.12.17 11:46:15.881,2.20613,2.20696,2.25,1.50
2015.12.17 11:46:16.033,2.20613,2.20693,1.75,1.00
2015.12.17 11:46:16.345,2.20603,2.20687,1.75,1.00
2015.12.17 11:46:17.009,2.20604,2.20691,1.75,1.00
2015.12.17 11:46:17.724,2.20612,2.20696,1.75,2.25
2015.12.17 11:46:17.826,2.20613,2.20697,1.75,1.87
2015.12.17 11:46:18.144,2.20613,2.20697,1.75,1.50
2015.12.17 11:46:19.975,2.20614,2.20698,1.75,1.00
2015.12.17 11:46:20.924,2.20614,2.20701,1.75,1.37
2015.12.17 11:46:22.915,2.2062,2.20698,1.75,1.00
2015.12.17 11:46:23.217,2.20613,2.20688,1.75,1.00
2015.12.17 11:46:23.657,2.20608,2.20687,1.75,1.37
2015.12.17 11:46:27.544,2.20596,2.20679,1.87,1.00
2015.12.17 11:46:27.902,2.20596,2.20682,1.87,1.00
2015.12.17 11:46:28.403,2.20596,2.20678,1.87,1.00
2015.12.17 11:46:31.214,2.20596,2.20676,1.87,1.00
2015.12.17 11:46:31.944,2.20596,2.20668,1.87,1.00
2015.12.17 11:46:32.045,2.20585,2.20667,1.87,1.00
2015.12.17 11:46:32.246,2.20578,2.20667,1.75,1.87
2015.12.17 11:46:32.505,2.20575,2.20663,1.87,1.00
2015.12.17 11:46:37.231,2.20579,2.20666,1.75,1.87
2015.12.17 11:46:39.166,2.20593,2.20677,1.75,1.50
2015.12.17 11:46:39.474,2.20614,2.2068,1.00,1.75
2015.12.17 11:46:39.525,2.20622,2.20706,1.75,1.75
2015.12.17 11:46:39.756,2.20632,2.20716,1.75,1.75
2015.12.17 11:46:40.059,2.20638,2.20727,1.75,2.25
2015.12.17 11:46:41.954,2.20638,2.20716,1.75,1.00
2015.12.17 11:46:42.472,2.20638,2.20717,1.75,1.00
2015.12.17 11:46:42.998,2.2063,2.20715,1.50,1.00
2015.12.17 11:46:43.049,2.20629,2.20715,1.50,1.00
2015.12.17 11:46:44.185,2.20634,2.20715,1.00,1.00
2015.12.17 11:46:46.274,2.20634,2.20712,1.00,1.00
2015.12.17 11:46:46.582,2.2062,2.20706,1.00,1.00
2015.12.17 11:46:48.954,2.20625,2.20706,1.50,1.00
2015.12.17 11:46:49.256,2.20634,2.20714,1.00,1.00
2015.12.17 11:46:49.559,2.20634,2.20714,1.75,1.50
2015.12.17 11:46:51.987,2.20624,2.2071,1.75,1.00
2015.12.17 11:46:52.340,2.20624,2.2071,2.25,1.37
2015.12.17 11:46:52.391,2.20623,2.20711,2.25,1.75
2015.12.17 11:46:52.492,2.20623,2.20699,1.75,1.00
2015.12.17 11:46:52.745,2.20613,2.20695,1.12,1.75
2015.12.17 11:46:53.050,2.20604,2.20685,1.00,1.75
2015.12.17 11:46:53.403,2.20589,2.20676,1.75,1.00
2015.12.17 11:46:53.454,2.20589,2.20676,1.50,1.75
2015.12.17 11:46:53.656,2.20593,2.20672,1.00,1.75
2015.12.17 11:46:56.892,2.20589,2.20676,1.50,1.75
2015.12.17 11:46:58.800,2.20596,2.20683,1.37,1.87
2015.12.17 11:46:58.850,2.20596,2.20685,1.75,1.75
2015.12.17 11:46:59.003,2.20603,2.20685,1.00,1.75
2015.12.17 11:46:59.158,2.20596,2.20685,1.75,1.75
2015.12.17 11:47:00.645,2.206,2.20686,1.37,1.75
2015.12.17 11:47:00.696,2.206,2.20686,1.75,1.50
2015.12.17 11:47:08.792,2.20594,2.20681,2.25,1.00
2015.12.17 11:47:09.177,2.20604,2.20686,1.75,1.37
2015.12.17 11:47:09.580,2.20605,2.20689,2.62,1.00
2015.12.17 11:47:09.631,2.20614,2.20697,1.75,1.50
2015.12.17 11:47:09.682,2.20624,2.20704,1.00,1.75
2015.12.17 11:47:09.920,2.20614,2.20704,2.25,1.75
2015.12.17 11:47:10.408,2.20624,2.20706,1.00,1.75
2015.12.17 11:47:10.874,2.20624,2.20706,1.37,1.75
2015.12.17 11:47:10.925,2.20624,2.20706,1.75,1.75
2015.12.17 11:47:12.126,2.20627,2.20706,1.75,1.37
2015.12.17 11:47:12.681,2.20627,2.20706,1.75,1.00
2015.12.17 11:47:13.694,2.20634,2.20716,1.75,1.75
2015.12.17 11:47:15.854,2.20624,2.20712,1.75,1.75
2015.12.17 11:47:17.709,2.20624,2.20694,1.00,1.75
2015.12.17 11:47:17.861,2.20604,2.20694,1.75,1.75
2015.12.17 11:47:20.386,2.20614,2.20695,1.00,1.75
2015.12.17 11:47:20.919,2.20604,2.20695,2.25,2.25
2015.12.17 11:47:26.531,2.20594,2.20676,1.75,1.00
2015.12.17 11:47:27.091,2.20594,2.20677,1.75,1.00
2015.12.17 11:47:30.509,2.20594,2.20687,1.75,2.25
2015.12.17 11:47:32.595,2.20593,2.20676,1.75,1.37
2015.12.17 11:47:32.647,2.20589,2.20676,1.75,1.75
2015.12.17 11:47:33.051,2.20588,2.20677,2.62,1.37
2015.12.17 11:47:33.152,2.20603,2.20685,1.75,1.75
2015.12.17 11:47:35.633,2.20614,2.20696,1.00,1.75
2015.12.17 11:47:36.095,2.20613,2.20701,1.37,1.75
2015.12.17 11:47:36.348,2.20616,2.20707,2.62,1.50
2015.12.17 11:47:40.622,2.20616,2.20697,2.62,1.00
2015.12.17 11:47:40.673,2.20616,2.20697,1.75,1.37
2015.12.17 11:47:40.774,2.20615,2.20697,1.75,1.50
2015.12.17 11:47:50.532,2.20617,2.20696,2.62,1.00
2015.12.17 11:47:50.735,2.20621,2.20706,1.75,1.00
2015.12.17 11:47:51.551,2.20628,2.20706,1.75,1.00
2015.12.17 11:47:52.268,2.20629,2.20716,1.75,1.00
2015.12.17 11:47:52.581,2.20634,2.20724,1.75,1.75
2015.12.17 11:47:54.910,2.20634,2.20719,1.75,1.00
2015.12.17 11:47:55.638,2.20634,2.20724,1.75,1.75
2015.12.17 11:47:55.689,2.20632,2.20716,1.75,1.00
2015.12.17 11:47:56.248,2.20638,2.20716,2.62,1.00
2015.12.17 11:47:56.787,2.20638,2.20717,1.87,1.00
2015.12.17 11:47:57.309,2.20638,2.20716,1.87,1.00
2015.12.17 11:47:59.174,2.20644,2.20726,1.75,1.00
2015.12.17 11:48:01.385,2.20647,2.20736,1.75,1.75
2015.12.17 11:48:02.930,2.20652,2.20736,1.87,1.37
2015.12.17 11:48:02.981,2.20652,2.20736,1.87,1.00
2015.12.17 11:48:03.606,2.2067,2.20736,1.37,1.00
2015.12.17 11:48:03.657,2.20669,2.20757,1.75,1.87
2015.12.17 11:48:06.395,2.20674,2.2075,1.75,1.50
2015.12.17 11:48:06.701,2.20653,2.20735,1.75,1.00
2015.12.17 11:48:06.903,2.20648,2.20727,1.75,1.00
2015.12.17 11:48:07.580,2.20654,2.20736,1.75,1.00
2015.12.17 11:48:07.782,2.20663,2.20747,1.75,1.00
2015.12.17 11:48:08.239,2.20657,2.20736,1.75,1.00
2015.12.17 11:48:08.567,2.20646,2.20727,3.37,1.00
2015.12.17 11:48:09.191,2.20646,2.20736,3.37,1.00
2015.12.17 11:48:09.598,2.20652,2.20736,1.87,1.00
2015.12.17 11:48:09.918,2.20658,2.20736,1.75,1.00
2015.12.17 11:48:11.619,2.20654,2.20737,1.87,1.00
2015.12.17 11:48:17.551,2.20654,2.20744,2.62,1.00
2015.12.17 11:48:18.214,2.20656,2.20746,1.75,1.37
2015.12.17 11:48:19.533,2.20656,2.20737,1.75,1.00
2015.12.17 11:48:21.961,2.2066,2.20747,1.75,1.37
2015.12.17 11:48:22.013,2.2066,2.20747,2.62,1.00
2015.12.17 11:48:22.482,2.20658,2.20747,1.87,1.37
2015.12.17 11:48:22.533,2.20657,2.20737,1.75,1.00
2015.12.17 11:48:23.811,2.20658,2.20736,1.75,1.00
2015.12.17 11:48:26.897,2.20657,2.20746,1.75,1.50
2015.12.17 11:48:29.182,2.2067,2.20757,1.37,1.37
2015.12.17 11:48:29.233,2.20674,2.20756,1.75,1.00
2015.12.17 11:48:29.384,2.2068,2.20756,1.75,1.00
2015.12.17 11:48:29.712,2.20686,2.20776,1.75,1.37
2015.12.17 11:48:30.417,2.20686,2.20766,1.75,1.00
2015.12.17 11:48:30.580,2.20684,2.20766,1.75,1.12
2015.12.17 11:48:30.631,2.20684,2.20766,1.75,1.12
2015.12.17 11:48:31.455,2.20674,2.20756,1.75,1.00
2015.12.17 11:48:31.989,2.20673,2.20757,1.75,1.00
2015.12.17 11:48:34.740,2.20673,2.2076,1.75,1.00
2015.12.17 11:48:34.893,2.20673,2.20759,1.75,1.37
2015.12.17 11:48:34.994,2.20661,2.20746,1.75,1.37
2015.12.17 11:48:35.221,2.20655,2.20746,1.75,1.50
2015.12.17 11:48:35.273,2.20655,2.20736,1.75,1.00
2015.12.17 11:48:36.804,2.20654,2.20739,1.75,1.50
2015.12.17 11:48:39.529,2.20654,2.2074,1.75,1.00
2015.12.17 11:48:41.069,2.20654,2.20738,1.75,1.00
2015.12.17 11:48:42.202,2.20654,2.20738,1.75,1.37
2015.12.17 11:48:42.253,2.20654,2.20738,1.50,1.75
2015.12.17 11:48:45.727,2.20653,2.20728,1.75,1.00
2015.12.17 11:48:45.916,2.20653,2.20736,1.75,1.37
2015.12.17 11:48:48.352,2.2066,2.20739,1.87,1.37
2015.12.17 11:48:48.453,2.20673,2.20757,1.37,1.37
2015.12.17 11:48:48.554,2.20673,2.20757,1.75,1.00
2015.12.17 11:48:49.058,2.20666,2.20756,1.75,1.00
2015.12.17 11:48:49.373,2.20664,2.20753,1.75,1.00
2015.12.17 11:48:50.914,2.20664,2.20752,1.75,1.00
2015.12.17 11:48:54.192,2.20665,2.20756,2.25,1.00
2015.12.17 11:48:54.394,2.20662,2.20747,1.87,1.00
2015.12.17 11:48:54.753,2.20662,2.20744,1.87,1.00
2015.12.17 11:48:54.804,2.20651,2.20736,2.25,1.00
2015.12.17 11:48:58.352,2.20659,2.20746,1.75,1.50
2015.12.17 11:48:58.705,2.20663,2.20752,1.75,1.37
2015.12.17 11:48:58.756,2.20663,2.20752,1.75,1.00
2015.12.17 11:48:58.907,2.20663,2.20757,2.25,1.75
2015.12.17 11:48:59.059,2.20663,2.20747,2.25,1.00
2015.12.17 11:48:59.230,2.20663,2.20757,2.25,1.75
2015.12.17 11:49:03.307,2.20674,2.20756,1.75,1.37
2015.12.17 11:49:03.458,2.20674,2.20766,1.75,1.87
2015.12.17 11:49:04.840,2.20681,2.20757,1.75,1.00
2015.12.17 11:49:05.092,2.20674,2.20756,1.50,1.37
2015.12.17 11:49:06.533,2.20672,2.20747,1.75,1.00
2015.12.17 11:49:06.734,2.20672,2.20756,1.75,1.37
2015.12.17 11:49:07.123,2.20671,2.20751,1.75,1.00
2015.12.17 11:49:07.487,2.20664,2.20752,1.50,1.75
2015.12.17 11:49:07.740,2.20657,2.20736,1.75,1.00
2015.12.17 11:49:07.891,2.20651,2.20736,1.75,1.50
2015.12.17 11:49:08.043,2.20663,2.20746,1.00,1.75
2015.12.17 11:49:08.194,2.20667,2.20746,1.75,1.00
2015.12.17 11:49:08.295,2.20672,2.20755,1.00,1.75
2015.12.17 11:49:09.043,2.20671,2.20756,1.12,2.25
2015.12.17 11:49:12.808,2.20672,2.20752,1.00,1.75
2015.12.17 11:49:13.591,2.20664,2.20753,1.75,1.75
2015.12.17 11:49:13.761,2.20664,2.20746,1.75,1.00
2015.12.17 11:49:15.698,2.20672,2.20746,1.00,1.00
2015.12.17 11:49:16.028,2.20672,2.20756,1.00,1.75
2015.12.17 11:49:16.528,2.20672,2.20756,1.37,1.37
2015.12.17 11:49:16.580,2.20672,2.20756,1.75,1.00
2015.12.17 11:49:16.851,2.20673,2.20758,1.75,1.00
2015.12.17 11:49:16.952,2.20683,2.20766,1.00,1.75
2015.12.17 11:49:17.154,2.20684,2.20767,1.37,1.37
2015.12.17 11:49:17.465,2.20693,2.20777,1.75,1.00
2015.12.17 11:49:19.708,2.20693,2.20785,2.25,1.50
2015.12.17 11:49:19.759,2.20693,2.20786,1.75,1.37
2015.12.17 11:49:19.810,2.20693,2.20786,1.75,1.75
2015.12.17 11:49:21.890,2.20693,2.20776,1.75,1.00
2015.12.17 11:49:28.436,2.20683,2.20767,1.75,1.00
2015.12.17 11:49:28.537,2.20683,2.20776,1.75,1.75
2015.12.17 11:49:28.892,2.20692,2.20777,1.37,1.50
2015.12.17 11:49:28.943,2.20703,2.20779,1.00,1.75
2015.12.17 11:49:28.994,2.20703,2.20785,1.37,1.37
2015.12.17 11:49:29.044,2.20703,2.20785,1.75,1.12
2015.12.17 11:49:30.549,2.20703,2.20785,1.37,1.50
2015.12.17 11:49:30.602,2.20703,2.20785,1.00,1.75
2015.12.17 11:49:31.607,2.20693,2.20786,1.75,2.25
2015.12.17 11:49:31.996,2.20693,2.2078,1.00,1.75
2015.12.17 11:49:32.303,2.20683,2.20775,1.75,2.25
2015.12.17 11:49:33.008,2.20694,2.20776,1.00,1.75
2015.12.17 11:49:33.109,2.20693,2.20777,1.75,1.75
2015.12.17 11:49:34.362,2.20694,2.20776,1.37,1.75
2015.12.17 11:49:34.680,2.20694,2.20773,1.00,1.75
2015.12.17 11:49:34.782,2.20683,2.20773,1.75,1.75
2015.12.17 11:49:38.292,2.20694,2.20773,1.00,1.75
2015.12.17 11:49:38.393,2.20685,2.20773,1.37,1.75
2015.12.17 11:49:42.155,2.20693,2.20777,1.00,1.75
2015.12.17 11:49:42.671,2.20694,2.20778,1.00,2.25
2015.12.17 11:49:43.340,2.20684,2.20776,2.25,1.75
2015.12.17 11:49:43.895,2.20693,2.20777,1.00,1.75
2015.12.17 11:49:44.464,2.20683,2.20777,2.25,3.00
2015.12.17 11:49:45.480,2.20693,2.20777,1.00,1.75
2015.12.17 11:49:47.873,2.20684,2.20776,2.25,1.75
2015.12.17 11:49:49.390,2.20693,2.20777,1.00,1.75
2015.12.17 11:49:49.541,2.20693,2.20777,1.12,1.75
2015.12.17 11:49:55.466,2.20694,2.20776,1.00,1.75
2015.12.17 11:49:56.297,2.20694,2.20784,1.37,1.37
2015.12.17 11:49:56.348,2.20694,2.20784,1.75,1.00
2015.12.17 11:49:56.870,2.20694,2.20786,2.25,1.37
2015.12.17 11:50:01.715,2.20703,2.20783,1.75,1.00
2015.12.17 11:50:02.078,2.20703,2.20784,1.00,1.75
2015.12.17 11:50:02.130,2.20694,2.20784,1.37,1.75
2015.12.17 11:50:02.383,2.20694,2.20776,1.00,1.75
2015.12.17 11:50:02.485,2.20683,2.20773,1.37,1.75
2015.12.17 11:50:05.165,2.20692,2.20776,1.00,2.25
2015.12.17 11:50:05.216,2.20692,2.20776,1.50,2.25
2015.12.17 11:50:05.367,2.20704,2.20782,1.00,1.75
2015.12.17 11:50:05.670,2.20704,2.20786,1.37,2.25
2015.12.17 11:50:05.720,2.20704,2.20786,1.75,1.87
2015.12.17 11:50:10.504,2.20704,2.20786,1.37,1.37
2015.12.17 11:50:10.555,2.20694,2.20786,1.75,1.75
2015.12.17 11:50:10.656,2.20702,2.20786,1.00,1.75
2015.12.17 11:50:11.673,2.20694,2.20785,1.75,1.75
2015.12.17 11:50:12.978,2.20704,2.20783,1.00,1.75
2015.12.17 11:50:15.140,2.20694,2.20783,1.75,1.75
2015.12.17 11:50:18.208,2.20694,2.20774,1.75,1.00
2015.12.17 11:50:18.726,2.20694,2.20777,1.75,1.50
2015.12.17 11:50:23.850,2.20702,2.20782,1.00,1.75
2015.12.17 11:50:24.842,2.20701,2.20781,1.00,1.75
2015.12.17 11:50:25.725,2.20693,2.20781,1.75,1.75
2015.12.17 11:50:26.654,2.20692,2.20775,1.37,1.50
2015.12.17 11:50:26.705,2.20692,2.20775,1.00,1.75
2015.12.17 11:50:26.756,2.20684,2.20775,1.37,1.75
2015.12.17 11:50:26.807,2.20683,2.20767,1.00,1.75
2015.12.17 11:50:26.908,2.20677,2.20756,1.50,1.00
2015.12.17 11:50:27.160,2.20667,2.20756,1.75,1.75
2015.12.17 11:50:28.729,2.20666,2.20756,1.75,1.37
2015.12.17 11:50:28.780,2.20673,2.20759,1.75,1.00
2015.12.17 11:50:28.931,2.20676,2.20756,2.25,1.00
2015.12.17 11:50:29.133,2.20693,2.20776,1.75,1.00
2015.12.17 11:50:29.853,2.20684,2.20775,1.75,1.00
2015.12.17 11:50:31.918,2.20684,2.20776,1.75,2.25
2015.12.17 11:50:38.036,2.20684,2.20773,1.75,1.00
2015.12.17 11:50:38.238,2.20682,2.20766,1.50,1.12
2015.12.17 11:50:43.739,2.20693,2.20776,1.00,1.75
2015.12.17 11:50:44.042,2.20693,2.20781,1.75,1.87
2015.12.17 11:50:47.626,2.20693,2.2078,1.75,1.00
2015.12.17 11:50:47.828,2.20693,2.20776,1.75,1.00
2015.12.17 11:50:48.513,2.20693,2.20777,1.75,1.50
2015.12.17 11:50:49.329,2.20693,2.20776,1.75,1.00
2015.12.17 11:50:50.133,2.20693,2.20775,1.75,1.00
2015.12.17 11:50:50.436,2.20692,2.2077,1.75,1.00
2015.12.17 11:50:50.537,2.20692,2.2077,1.00,1.37
2015.12.17 11:50:50.839,2.20684,2.20769,1.75,1.12
2015.12.17 11:50:51.671,2.20684,2.20768,1.75,1.00
2015.12.17 11:50:52.979,2.20683,2.20767,1.75,1.00
2015.12.17 11:50:53.484,2.20683,2.20766,1.75,1.00
2015.12.17 11:50:55.337,2.20683,2.20765,1.75,1.00
2015.12.17 11:50:55.846,2.20684,2.20766,1.75,1.00
2015.12.17 11:50:56.002,2.20684,2.20766,1.37,1.37
2015.12.17 11:50:56.052,2.20682,2.20763,1.00,1.50
2015.12.17 11:50:56.304,2.20672,2.20756,1.37,1.37
2015.12.17 11:50:56.355,2.20672,2.20756,1.00,1.75
2015.12.17 11:50:56.804,2.20672,2.20748,1.00,1.00
2015.12.17 11:50:57.106,2.20664,2.20746,1.00,1.75
2015.12.17 11:50:57.308,2.20664,2.20746,1.37,1.37
2015.12.17 11:50:57.359,2.20664,2.20746,1.50,1.00
2015.12.17 11:50:57.460,2.20663,2.20753,1.75,1.75
2015.12.17 11:50:57.510,2.20672,2.20753,1.00,1.75
2015.12.17 11:50:59.152,2.20664,2.20736,1.50,1.00
2015.12.17 11:50:59.253,2.20651,2.20736,1.50,1.50
2015.12.17 11:51:00.011,2.20642,2.20723,1.37,1.00
2015.12.17 11:51:00.315,2.20641,2.20723,1.00,1.75
2015.12.17 11:51:00.607,2.20633,2.20723,1.00,1.75
2015.12.17 11:51:07.282,2.20642,2.20719,1.00,1.75
2015.12.17 11:51:08.382,2.20634,2.20719,1.00,1.75
2015.12.17 11:51:09.823,2.20642,2.20723,1.00,1.75
2015.12.17 11:51:11.797,2.20633,2.20723,1.00,1.75
2015.12.17 11:51:11.901,2.20641,2.20723,1.00,1.75
2015.12.17 11:51:12.573,2.20641,2.20727,1.50,1.75
2015.12.17 11:51:12.868,2.20644,2.20736,1.00,1.75
2015.12.17 11:51:13.170,2.20653,2.20737,1.00,1.75
2015.12.17 11:51:13.372,2.20653,2.20737,1.00,1.50
2015.12.17 11:51:16.781,2.20662,2.20746,1.00,1.75
2015.12.17 11:51:16.882,2.20664,2.20746,1.75,1.00
2015.12.17 11:51:17.061,2.20674,2.20752,1.00,1.37
2015.12.17 11:51:18.953,2.20664,2.20753,1.75,1.50
2015.12.17 11:51:19.357,2.20664,2.20753,1.37,1.50
2015.12.17 11:51:19.408,2.20664,2.20753,1.00,1.75
2015.12.17 11:51:19.509,2.20661,2.20742,1.00,1.75
2015.12.17 11:51:19.610,2.20643,2.20737,1.75,1.00
2015.12.17 11:51:19.661,2.20643,2.20737,1.75,1.37
2015.12.17 11:51:19.712,2.20643,2.20737,1.75,1.75
2015.12.17 11:51:23.121,2.20644,2.20726,1.50,1.00
2015.12.17 11:51:23.424,2.20634,2.20726,1.00,3.00
2015.12.17 11:51:23.802,2.20623,2.2071,1.12,1.75
2015.12.17 11:51:23.954,2.20624,2.20717,1.37,1.75
2015.12.17 11:51:24.004,2.20624,2.20716,2.25,1.50
2015.12.17 11:51:24.109,2.20634,2.20721,1.00,1.75
2015.12.17 11:51:24.626,2.20633,2.20725,1.00,1.75
2015.12.17 11:51:24.828,2.20643,2.20727,1.75,1.12
2015.12.17 11:51:25.260,2.20651,2.20736,1.00,1.75
2015.12.17 11:51:25.765,2.20644,2.20736,2.25,1.75
2015.12.17 11:51:27.295,2.20654,2.20736,1.00,1.75
2015.12.17 11:51:28.769,2.20663,2.20742,1.00,1.75
2015.12.17 11:51:29.173,2.20664,2.20746,1.37,1.37
2015.12.17 11:51:29.224,2.20664,2.20746,1.75,1.00
2015.12.17 11:51:29.526,2.20664,2.2075,1.75,1.37
2015.12.17 11:51:30.317,2.20664,2.20746,1.75,1.00
2015.12.17 11:51:30.714,2.20664,2.20749,1.75,1.12
2015.12.17 11:51:30.815,2.20664,2.20747,1.75,1.00
2015.12.17 11:51:31.230,2.20664,2.2075,1.75,1.87
2015.12.17 11:51:31.381,2.20661,2.20747,1.75,1.00
2015.12.17 11:51:31.731,2.20654,2.20747,1.75,1.75
2015.12.17 11:51:31.933,2.20655,2.20737,1.75,1.00
2015.12.17 11:51:33.523,2.20654,2.20746,1.75,2.25
2015.12.17 11:51:36.382,2.20654,2.20741,1.37,1.87
2015.12.17 11:51:36.433,2.20654,2.20736,1.00,1.75
2015.12.17 11:51:36.687,2.20644,2.20726,1.37,1.37
2015.12.17 11:51:36.738,2.20644,2.20726,1.00,1.75
2015.12.17 11:51:39.629,2.20643,2.20727,1.00,1.75
2015.12.17 11:51:43.065,2.20652,2.20727,1.00,1.75
2015.12.17 11:51:47.582,2.20651,2.20729,1.00,1.75
2015.12.17 11:51:47.947,2.20644,2.20729,1.00,1.75
2015.12.17 11:51:49.766,2.20643,2.20727,1.00,2.25
2015.12.17 11:51:51.820,2.20633,2.20723,1.75,1.37
2015.12.17 11:51:55.641,2.20633,2.20723,1.75,1.75
2015.12.17 11:51:56.362,2.20631,2.20707,1.00,1.00
2015.12.17 11:51:56.463,2.20623,2.20707,1.75,1.00
2015.12.17 11:51:56.968,2.20624,2.20706,1.75,1.00
2015.12.17 11:51:57.521,2.20624,2.20706,1.37,1.37
2015.12.17 11:51:57.572,2.20624,2.20706,1.00,1.75
2015.12.17 11:51:58.836,2.20622,2.20706,1.00,1.75
2015.12.17 11:51:59.535,2.20623,2.20707,1.00,1.75
2015.12.17 11:51:59.838,2.20623,2.20712,1.75,1.75
2015.12.17 11:51:59.889,2.20634,2.20716,1.00,2.25
2015.12.17 11:52:00.494,2.20633,2.20716,1.00,1.75
2015.12.17 11:52:01.279,2.20631,2.20716,1.00,2.25
2015.12.17 11:52:01.935,2.20632,2.20716,1.00,2.25
2015.12.17 11:52:02.570,2.20631,2.20716,1.00,2.25
2015.12.17 11:52:04.090,2.20624,2.20712,1.50,2.25
2015.12.17 11:52:06.506,2.20634,2.20718,1.00,1.75
2015.12.17 11:52:07.471,2.20633,2.20722,1.75,1.75
2015.12.17 11:52:08.390,2.20631,2.20716,2.25,1.00
2015.12.17 11:52:08.897,2.20634,2.20726,1.75,2.25
2015.12.17 11:52:09.862,2.20643,2.20726,1.00,1.75
2015.12.17 11:52:10.014,2.20634,2.20726,1.75,2.25
2015.12.17 11:52:10.467,2.20634,2.20716,1.37,1.37
2015.12.17 11:52:10.569,2.20634,2.20714,1.00,1.75
2015.12.17 11:52:10.670,2.20624,2.2071,1.50,1.75
2015.12.17 11:52:27.582,2.20623,2.20709,1.00,1.75
2015.12.17 11:52:29.440,2.20634,2.20712,1.00,1.75
2015.12.17 11:52:29.811,2.20633,2.20712,1.00,1.00
2015.12.17 11:52:29.912,2.20624,2.20716,1.75,1.12
2015.12.17 11:52:30.300,2.20644,2.20723,1.00,1.75
2015.12.17 11:52:30.351,2.20644,2.20731,1.37,1.50
2015.12.17 11:52:30.452,2.20654,2.20736,1.50,1.00
2015.12.17 11:52:30.957,2.20653,2.20737,1.75,1.50
2015.12.17 11:52:32.765,2.20653,2.20744,1.75,1.75
2015.12.17 11:52:34.332,2.20653,2.20734,1.75,1.00
2015.12.17 11:52:37.250,2.20651,2.20735,1.75,1.00
2015.12.17 11:52:37.765,2.20651,2.20734,1.75,1.00
2015.12.17 11:52:38.468,2.20651,2.20735,1.75,1.00
2015.12.17 11:52:39.459,2.20652,2.20731,1.00,1.75
2015.12.17 11:52:39.872,2.20643,2.20727,1.12,1.12
2015.12.17 11:52:39.923,2.20633,2.20717,1.12,1.12
2015.12.17 11:52:44.418,2.20634,2.20721,1.00,1.75
2015.12.17 11:52:45.121,2.20633,2.20724,1.12,1.75
2015.12.17 11:52:46.534,2.2063,2.20716,1.75,1.00
2015.12.17 11:52:47.089,2.20624,2.20713,1.75,1.00
2015.12.17 11:52:47.846,2.2062,2.20707,2.25,1.00
2015.12.17 11:52:48.689,2.20624,2.20706,1.75,1.00
2015.12.17 11:52:52.454,2.20623,2.20715,1.75,1.00
2015.12.17 11:52:57.926,2.20634,2.20716,1.75,1.00
2015.12.17 11:52:58.230,2.20641,2.20726,1.75,1.00
2015.12.17 11:53:00.018,2.20643,2.20731,1.75,1.50
2015.12.17 11:53:03.334,2.20651,2.20736,1.00,2.25
2015.12.17 11:53:03.669,2.20653,2.20737,1.12,1.87
2015.12.17 11:53:03.720,2.20653,2.20737,1.50,1.00
2015.12.17 11:53:04.029,2.20654,2.20746,1.37,3.00
2015.12.17 11:53:04.332,2.20663,2.20745,1.00,1.75
2015.12.17 11:53:04.533,2.20663,2.20747,1.75,1.00
2015.12.17 11:53:05.978,2.20663,2.20747,1.75,1.00
2015.12.17 11:53:06.129,2.20673,2.20757,1.75,1.50
2015.12.17 11:53:06.815,2.20684,2.20774,1.75,1.37
2015.12.17 11:53:07.333,2.20683,2.20771,1.75,1.00
2015.12.17 11:53:08.331,2.20683,2.20774,1.75,1.37
2015.12.17 11:53:09.188,2.20683,2.2077,1.75,1.00
2015.12.17 11:53:09.629,2.20682,2.20766,1.75,1.00
2015.12.17 11:53:10.039,2.20683,2.20773,1.75,1.12
2015.12.17 11:53:13.089,2.20683,2.20768,1.75,1.00
2015.12.17 11:53:13.798,2.20683,2.20773,1.75,1.12
2015.12.17 11:53:15.005,2.20683,2.20771,1.37,1.37
2015.12.17 11:53:15.056,2.20673,2.20757,1.50,1.00
2015.12.17 11:53:15.566,2.20674,2.20756,1.37,1.50
2015.12.17 11:53:16.517,2.20677,2.20756,1.75,1.00
2015.12.17 11:53:16.568,2.20684,2.2077,1.50,1.37
2015.12.17 11:53:16.820,2.20685,2.20776,2.25,1.00
2015.12.17 11:53:23.697,2.20693,2.20781,1.75,1.00
2015.12.17 11:53:26.912,2.20693,2.2078,1.75,1.00
2015.12.17 11:53:27.740,2.20693,2.20779,1.75,1.00
2015.12.17 11:53:28.852,2.20693,2.20782,1.75,1.00
2015.12.17 11:53:30.078,2.20693,2.20777,1.75,1.00
2015.12.17 11:53:31.432,2.20694,2.20782,1.75,1.00
2015.12.17 11:53:31.533,2.20694,2.20783,1.75,1.12
2015.12.17 11:53:31.852,2.20694,2.20786,1.75,1.00
2015.12.17 11:53:33.622,2.20694,2.20784,1.75,1.00
2015.12.17 11:53:34.323,2.20694,2.20786,1.75,2.25
2015.12.17 11:53:39.134,2.20694,2.20782,1.50,1.37
2015.12.17 11:53:39.185,2.20694,2.20782,1.50,1.75
2015.12.17 11:53:39.954,2.20694,2.20775,1.12,1.37
2015.12.17 11:53:40.005,2.20684,2.20766,1.75,1.00
2015.12.17 11:53:48.561,2.20684,2.20772,1.75,2.25
2015.12.17 11:53:48.667,2.20683,2.20767,1.75,1.00
2015.12.17 11:53:51.201,2.20683,2.20767,1.37,1.37
2015.12.17 11:53:51.252,2.20683,2.20767,1.00,1.75
2015.12.17 11:53:51.353,2.20674,2.20763,1.75,1.75
2015.12.17 11:53:51.869,2.2067,2.20756,1.75,1.00
2015.12.17 11:53:52.071,2.20676,2.20766,1.75,1.00
2015.12.17 11:53:52.122,2.20684,2.20768,1.50,1.00
2015.12.17 11:53:52.661,2.20686,2.20776,1.12,1.75
2015.12.17 11:53:54.697,2.20691,2.20776,1.00,1.75
2015.12.17 11:53:55.392,2.20693,2.20777,1.00,1.75
2015.12.17 11:53:57.306,2.20691,2.20774,1.00,1.75
2015.12.17 11:53:57.407,2.20683,2.20774,1.75,1.75
2015.12.17 11:54:01.755,2.20681,2.20765,1.37,1.37
2015.12.17 11:54:01.813,2.20674,2.20765,1.00,1.75
2015.12.17 11:54:01.879,2.20674,2.20765,1.37,1.75
2015.12.17 11:54:01.945,2.20674,2.20765,1.75,1.37
2015.12.17 11:54:02.857,2.20683,2.20765,1.00,1.37
2015.12.17 11:54:03.449,2.20684,2.20767,1.75,1.00
2015.12.17 11:54:03.746,2.20684,2.20776,2.25,1.00
2015.12.17 11:54:04.283,2.20694,2.20785,1.12,1.75
2015.12.17 11:54:06.158,2.20694,2.20776,1.12,1.00
2015.12.17 11:54:06.870,2.20694,2.20787,1.12,1.75
2015.12.17 11:54:06.920,2.20702,2.20787,1.00,1.75
2015.12.17 11:54:07.175,2.20694,2.20787,1.12,1.75
2015.12.17 11:54:20.107,2.20702,2.20785,1.00,1.75
2015.12.17 11:54:20.311,2.20702,2.20786,1.00,1.75
2015.12.17 11:54:20.412,2.20702,2.20786,1.00,1.75
2015.12.17 11:54:26.991,2.20692,2.20772,1.00,1.75
2015.12.17 11:54:27.268,2.20684,2.20766,1.37,1.00
2015.12.17 11:54:27.319,2.20674,2.20757,1.75,1.00
2015.12.17 11:54:27.621,2.20671,2.20746,1.50,1.00
2015.12.17 11:54:28.948,2.20671,2.20755,1.50,1.00
2015.12.17 11:54:30.053,2.20671,2.20752,1.50,1.00
2015.12.17 11:54:30.369,2.20662,2.20743,1.37,1.00
2015.12.17 11:54:30.722,2.20654,2.20736,1.75,1.00
2015.12.17 11:54:30.772,2.20654,2.20736,1.75,1.00
2015.12.17 11:54:30.823,2.20654,2.20736,1.37,1.00
2015.12.17 11:54:35.976,2.20663,2.20743,1.00,1.75
2015.12.17 11:54:36.326,2.20653,2.20743,1.50,1.75
2015.12.17 11:54:36.437,2.20663,2.20743,1.00,1.75
2015.12.17 11:54:37.148,2.20664,2.20743,1.00,1.75
2015.12.17 11:54:37.586,2.20664,2.20743,1.12,1.00
2015.12.17 11:54:38.233,2.20664,2.20746,1.12,1.12
2015.12.17 11:54:40.138,2.20664,2.20746,1.50,1.12
2015.12.17 11:54:40.390,2.20673,2.20757,1.00,1.50
2015.12.17 11:54:40.788,2.20673,2.20757,2.25,1.00
2015.12.17 11:54:42.478,2.20682,2.20765,1.75,1.00
2015.12.17 11:54:43.000,2.20681,2.20766,1.75,1.00
2015.12.17 11:54:43.778,2.20682,2.20765,1.00,1.75
2015.12.17 11:54:46.285,2.20674,2.20765,1.37,1.75
2015.12.17 11:54:47.097,2.20683,2.20765,1.00,1.75
2015.12.17 11:54:47.431,2.20693,2.2077,1.00,1.75
2015.12.17 11:54:47.582,2.20693,2.20774,1.00,1.75
2015.12.17 11:54:47.632,2.20684,2.20774,1.75,1.37
2015.12.17 11:54:47.683,2.20684,2.20776,3.00,1.00
2015.12.17 11:54:48.339,2.20692,2.20776,1.37,1.37
2015.12.17 11:54:48.389,2.20692,2.20776,1.00,1.75
2015.12.17 11:54:48.641,2.20691,2.20767,1.00,1.00
2015.12.17 11:54:48.793,2.20675,2.20756,1.75,1.00
2015.12.17 11:54:50.486,2.20674,2.20764,1.75,1.50
2015.12.17 11:54:52.728,2.20684,2.20766,1.00,1.75
2015.12.17 11:54:52.829,2.20674,2.20766,2.25,1.75
2015.12.17 11:54:54.794,2.20674,2.20757,1.75,1.00
2015.12.17 11:54:56.889,2.20674,2.20766,2.25,1.75
2015.12.17 11:54:57.091,2.20674,2.20756,1.75,1.00
2015.12.17 11:54:57.780,2.20663,2.20747,1.75,1.00
2015.12.17 11:54:57.831,2.20663,2.20747,1.37,1.37
2015.12.17 11:55:01.558,2.20653,2.20746,1.37,1.50
2015.12.17 11:55:01.609,2.20653,2.20737,1.00,1.75
2015.12.17 11:55:01.710,2.20652,2.20732,1.00,1.00
2015.12.17 11:55:01.812,2.20652,2.20736,1.00,2.25
2015.12.17 11:55:02.334,2.20653,2.20742,1.00,1.75
2015.12.17 11:55:02.876,2.20654,2.20736,1.00,1.50
2015.12.17 11:55:02.927,2.20643,2.20727,1.75,1.00
2015.12.17 11:55:03.129,2.20643,2.20727,1.00,1.75
2015.12.17 11:55:05.911,2.20635,2.20727,1.75,3.00
2015.12.17 11:55:06.698,2.20634,2.20723,1.37,1.50
2015.12.17 11:55:06.749,2.20634,2.20723,1.00,1.75
2015.12.17 11:55:07.450,2.20633,2.20717,1.00,1.75
2015.12.17 11:55:08.244,2.20634,2.20723,1.00,1.75
2015.12.17 11:55:08.396,2.20634,2.20726,1.87,1.75
2015.12.17 11:55:08.699,2.20634,2.20716,1.37,1.00
2015.12.17 11:55:08.750,2.20634,2.20716,1.00,1.12
2015.12.17 11:55:08.901,2.20629,2.20717,1.75,1.50
2015.12.17 11:55:10.327,2.20643,2.20727,1.00,2.25
2015.12.17 11:55:10.428,2.20643,2.20727,1.50,1.12
2015.12.17 11:55:10.932,2.20643,2.20722,1.00,1.75
2015.12.17 11:55:10.983,2.20634,2.20722,1.37,1.75
2015.12.17 11:55:12.642,2.20643,2.20722,1.00,1.75
2015.12.17 11:55:12.744,2.20634,2.20724,1.37,1.75
2015.12.17 11:55:12.845,2.20641,2.20724,1.00,1.75
2015.12.17 11:55:13.047,2.20634,2.20724,1.37,1.75
2015.12.17 11:55:15.798,2.2063,2.20716,1.75,1.00
2015.12.17 11:55:15.950,2.20625,2.20716,2.25,1.75
2015.12.17 11:55:16.152,2.20629,2.20717,1.00,1.75
2015.12.17 11:55:16.253,2.20634,2.20724,1.75,1.75
2015.12.17 11:55:16.726,2.20624,2.20716,1.87,1.75
2015.12.17 11:55:18.019,2.20633,2.20713,1.00,1.75
2015.12.17 11:55:18.170,2.20639,2.20727,1.00,1.75
2015.12.17 11:55:18.221,2.20643,2.2073,1.00,1.75
2015.12.17 11:55:18.523,2.20651,2.20734,1.00,1.75
2015.12.17 11:55:18.675,2.20643,2.20734,1.00,1.75
2015.12.17 11:55:19.506,2.20644,2.20734,1.00,1.75
2015.12.17 11:55:21.177,2.20653,2.20735,1.00,1.75
2015.12.17 11:55:21.228,2.20655,2.20737,1.00,1.75
2015.12.17 11:55:21.279,2.20662,2.20737,1.00,1.75
2015.12.17 11:55:21.431,2.20664,2.2075,1.12,1.75
2015.12.17 11:55:23.260,2.20663,2.20744,1.37,1.00
2015.12.17 11:55:27.140,2.20662,2.20747,2.25,1.37
2015.12.17 11:55:27.241,2.20672,2.20747,1.37,1.00
2015.12.17 11:55:27.443,2.20667,2.20751,1.37,1.75
2015.12.17 11:55:27.494,2.20673,2.20751,1.00,1.37
2015.12.17 11:55:27.595,2.20664,2.20756,1.75,2.25
2015.12.17 11:55:28.507,2.20661,2.20743,1.37,1.37
2015.12.17 11:55:28.558,2.20661,2.20743,1.00,1.75
2015.12.17 11:55:28.896,2.20654,2.20743,1.37,1.75
2015.12.17 11:55:28.946,2.20654,2.20737,1.37,1.00
2015.12.17 11:55:29.249,2.20644,2.20726,1.00,1.75
2015.12.17 11:55:29.551,2.20664,2.20743,1.00,1.75
2015.12.17 11:55:29.925,2.20661,2.20743,1.00,1.75
2015.12.17 11:55:30.432,2.20653,2.20743,1.37,1.75
2015.12.17 11:55:30.837,2.20662,2.20743,1.00,1.75
2015.12.17 11:55:31.428,2.20661,2.20743,1.00,1.75
2015.12.17 11:55:33.765,2.20664,2.20746,1.00,1.75
2015.12.17 11:55:34.328,2.20654,2.20741,1.12,1.75
2015.12.17 11:55:38.244,2.20663,2.20741,1.00,1.75
2015.12.17 11:55:38.497,2.20663,2.20751,1.75,1.37
2015.12.17 11:55:39.899,2.20671,2.20755,1.75,1.00
2015.12.17 11:55:40.000,2.20674,2.20758,1.75,1.00
2015.12.17 11:55:40.252,2.20683,2.20766,1.00,1.75
2015.12.17 11:55:40.354,2.20673,2.20766,1.75,1.75
2015.12.17 11:55:41.766,2.20684,2.20776,1.37,3.00
2015.12.17 11:55:41.818,2.20684,2.20776,1.50,2.25
2015.12.17 11:55:41.969,2.20694,2.20776,1.00,1.75
2015.12.17 11:55:42.121,2.20694,2.2078,1.37,1.37
2015.12.17 11:55:42.323,2.20694,2.20776,1.37,1.00
2015.12.17 11:55:42.723,2.20693,2.2078,1.50,1.37
2015.12.17 11:55:44.516,2.20692,2.20777,1.75,1.00
2015.12.17 11:55:44.667,2.20683,2.20777,1.75,1.87
2015.12.17 11:55:44.718,2.20682,2.20766,1.37,1.12
2015.12.17 11:55:44.971,2.20673,2.2076,1.75,1.00
2015.12.17 11:55:45.122,2.20674,2.20766,1.00,2.25
2015.12.17 11:55:45.386,2.20674,2.20766,1.37,1.37
2015.12.17 11:55:45.437,2.20683,2.20767,1.75,1.00
2015.12.17 11:55:45.639,2.20684,2.20774,1.75,1.75
2015.12.17 11:55:48.390,2.20693,2.20776,1.75,1.00
2015.12.17 11:55:48.692,2.20693,2.20787,2.25,1.75
2015.12.17 11:55:48.916,2.20694,2.20787,1.87,1.00
2015.12.17 11:55:49.840,2.20714,2.208,1.00,1.75
2015.12.17 11:55:49.891,2.20703,2.20797,3.37,1.37
2015.12.17 11:55:50.541,2.20709,2.20797,1.75,1.00
2015.12.17 11:55:51.350,2.20724,2.20804,1.00,1.37
2015.12.17 11:55:51.401,2.20728,2.20808,1.37,1.37
2015.12.17 11:55:51.451,2.20728,2.20814,1.75,1.00
2015.12.17 11:55:51.502,2.20731,2.20816,1.75,1.00
2015.12.17 11:55:51.662,2.20734,2.20826,1.75,2.25
2015.12.17 11:55:55.688,2.20734,2.20816,1.75,1.00
2015.12.17 11:55:55.790,2.20734,2.20816,1.75,1.00
2015.12.17 11:55:56.490,2.20724,2.20815,1.75,1.00
2015.12.17 11:55:56.541,2.20724,2.20813,2.25,1.00
2015.12.17 11:55:57.728,2.20724,2.20807,1.75,1.00
2015.12.17 11:55:58.251,2.20724,2.20811,2.25,1.00
2015.12.17 11:55:58.402,2.20724,2.20807,1.75,1.00
2015.12.17 11:55:58.806,2.20724,2.20809,1.75,1.00
2015.12.17 11:55:59.015,2.20716,2.20806,1.75,1.00
2015.12.17 11:55:59.439,2.20716,2.20804,1.75,1.00
2015.12.17 11:55:59.758,2.20716,2.20797,1.75,1.00
2015.12.17 11:56:01.765,2.20714,2.20799,1.75,1.00
2015.12.17 11:56:02.611,2.20714,2.20798,1.75,1.00
2015.12.17 11:56:06.136,2.20714,2.208,1.75,1.00
2015.12.17 11:56:06.318,2.20714,2.20804,1.75,1.00
2015.12.17 11:56:07.567,2.20714,2.20802,1.75,1.00
2015.12.17 11:56:07.668,2.20714,2.20804,1.75,1.00
2015.12.17 11:56:09.423,2.20714,2.20802,1.75,1.00
2015.12.17 11:56:09.849,2.20714,2.20796,1.75,1.00
2015.12.17 11:56:11.116,2.20713,2.20802,2.62,1.00
2015.12.17 11:56:11.854,2.20721,2.20803,1.75,1.00
2015.12.17 11:56:12.373,2.20721,2.20802,1.75,1.00
2015.12.17 11:56:12.424,2.20713,2.20802,1.75,1.00
2015.12.17 11:56:13.530,2.20713,2.20803,1.75,1.12
2015.12.17 11:56:13.948,2.20713,2.20803,3.37,1.00
2015.12.17 11:56:14.679,2.20714,2.20802,1.75,1.00
2015.12.17 11:56:15.347,2.20714,2.20803,1.75,1.00
2015.12.17 11:56:17.336,2.20726,2.20805,1.75,1.00
2015.12.17 11:56:17.437,2.20733,2.20807,1.00,1.00
2015.12.17 11:56:17.741,2.20754,2.20828,1.75,1.00
2015.12.17 11:56:18.468,2.20743,2.2083,1.75,1.50
2015.12.17 11:56:20.248,2.20744,2.20831,1.75,1.00
2015.12.17 11:56:20.678,2.20744,2.20833,1.75,1.00
2015.12.17 11:56:22.444,2.20744,2.20834,1.75,1.00
2015.12.17 11:56:24.046,2.20744,2.20835,1.75,1.00
2015.12.17 11:56:27.052,2.20754,2.20836,1.75,1.50
2015.12.17 11:56:27.408,2.20772,2.20837,1.00,1.00
2015.12.17 11:56:27.459,2.20772,2.20846,1.00,2.25
2015.12.17 11:56:27.611,2.20772,2.20846,1.37,1.00
2015.12.17 11:56:27.661,2.20774,2.2086,1.37,1.37
2015.12.17 11:56:27.712,2.20774,2.2086,1.75,1.00
2015.12.17 11:56:28.066,2.20775,2.20863,1.75,1.00
2015.12.17 11:56:28.612,2.20775,2.20865,1.75,1.87
2015.12.17 11:56:31.864,2.20773,2.20861,1.75,1.00
2015.12.17 11:56:32.450,2.20773,2.2086,1.75,1.00
2015.12.17 11:56:32.551,2.20773,2.20862,1.75,1.00
2015.12.17 11:56:33.797,2.20784,2.20862,1.00,1.00
2015.12.17 11:56:36.954,2.20774,2.20862,1.75,1.00
2015.12.17 11:56:37.005,2.20774,2.2086,1.75,1.00
2015.12.17 11:56:37.416,2.20774,2.20853,1.75,1.00
2015.12.17 11:56:37.467,2.20793,2.20874,1.00,1.00
2015.12.17 11:56:38.017,2.20793,2.20873,1.00,1.00
2015.12.17 11:56:38.521,2.20803,2.20874,1.00,1.00
2015.12.17 11:56:38.572,2.20803,2.20879,1.00,1.00
2015.12.17 11:56:39.075,2.20803,2.20878,1.00,1.00
2015.12.17 11:56:39.506,2.20803,2.20883,1.00,1.12
2015.12.17 11:56:40.050,2.20804,2.20883,1.00,1.12
2015.12.17 11:56:40.912,2.20814,2.20886,1.00,1.75
2015.12.17 11:56:41.013,2.20814,2.20885,1.00,1.00
2015.12.17 11:56:41.335,2.20814,2.2088,1.00,1.00
2015.12.17 11:56:41.386,2.20803,2.2088,1.75,1.00
2015.12.17 11:56:41.487,2.20794,2.20875,1.00,1.37
2015.12.17 11:56:41.790,2.20803,2.20884,1.00,2.25
2015.12.17 11:56:41.840,2.20803,2.20884,1.00,1.00
2015.12.17 11:56:42.707,2.20794,2.20884,2.25,1.00
2015.12.17 11:56:42.808,2.20794,2.2088,1.75,1.50
2015.12.17 11:56:44.260,2.20794,2.2088,2.62,1.50
2015.12.17 11:56:44.311,2.20814,2.20891,1.00,1.00
2015.12.17 11:56:44.394,2.20814,2.20895,1.00,1.12
2015.12.17 11:56:44.927,2.20813,2.20897,1.12,1.50
2015.12.17 11:56:45.126,2.20824,2.20898,1.00,1.75
2015.12.17 11:56:45.195,2.20814,2.20896,1.00,1.37
2015.12.17 11:56:45.761,2.20809,2.20896,1.75,1.37
2015.12.17 11:56:48.165,2.20814,2.20896,1.00,1.37
2015.12.17 11:56:49.167,2.20813,2.20896,1.12,1.87
2015.12.17 11:56:49.515,2.20803,2.20892,1.75,1.00
2015.12.17 11:56:49.566,2.20803,2.20892,1.37,1.75
2015.12.17 11:56:55.778,2.20813,2.20895,1.00,2.25
2015.12.17 11:56:56.567,2.20804,2.20895,1.12,1.75
2015.12.17 11:56:58.746,2.20805,2.20896,1.00,1.75
2015.12.17 11:56:59.648,2.20814,2.20896,1.00,2.25
2015.12.17 11:56:59.750,2.20814,2.20896,1.00,1.50
2015.12.17 11:57:02.468,2.20805,2.20896,1.75,1.00
2015.12.17 11:57:03.091,2.20805,2.20887,1.75,1.00
2015.12.17 11:57:03.142,2.20806,2.20887,1.00,1.50
2015.12.17 11:57:03.729,2.20804,2.20887,1.00,1.50
2015.12.17 11:57:04.230,2.20803,2.20887,1.87,1.50
2015.12.17 11:57:04.756,2.20804,2.20896,1.50,2.25
2015.12.17 11:57:08.680,2.20802,2.20884,1.50,1.00
2015.12.17 11:57:08.983,2.20794,2.20882,1.37,2.25
2015.12.17 11:57:10.054,2.20794,2.20876,1.37,1.00
2015.12.17 11:57:11.247,2.20803,2.20877,1.37,1.00
2015.12.17 11:57:11.305,2.20813,2.20892,1.00,1.75
2015.12.17 11:57:11.827,2.20813,2.20901,1.50,1.75
2015.12.17 11:57:12.272,2.20821,2.20906,1.00,1.75
2015.12.17 11:57:13.888,2.20821,2.20907,1.75,1.50
2015.12.17 11:57:14.428,2.20824,2.20906,1.00,1.12
2015.12.17 11:57:20.073,2.20821,2.20906,1.75,1.12
2015.12.17 11:57:20.124,2.20821,2.20906,1.37,1.37
2015.12.17 11:57:20.494,2.20814,2.20898,1.37,1.37
2015.12.17 11:57:20.595,2.20814,2.20898,1.00,1.37
2015.12.17 11:57:22.072,2.20813,2.20897,1.00,1.75
2015.12.17 11:57:22.594,2.20822,2.20897,1.00,1.75
2015.12.17 11:57:22.646,2.20822,2.20906,1.00,1.75
2015.12.17 11:57:23.158,2.20823,2.20907,1.00,1.75
2015.12.17 11:57:24.904,2.20824,2.20909,1.00,1.75
2015.12.17 11:57:25.723,2.20823,2.20907,1.00,1.75
2015.12.17 11:57:27.427,2.20831,2.20907,1.00,1.75
2015.12.17 11:57:27.735,2.20834,2.20914,1.00,1.50
2015.12.17 11:57:29.762,2.20834,2.20923,1.75,1.50
2015.12.17 11:57:30.988,2.20833,2.20919,1.75,1.00
2015.12.17 11:57:31.090,2.20833,2.20919,1.37,1.37
2015.12.17 11:57:31.141,2.20833,2.20919,1.00,1.75
2015.12.17 11:57:31.192,2.20826,2.20917,1.00,1.75
2015.12.17 11:57:31.925,2.20834,2.20916,1.75,1.00
2015.12.17 11:57:32.076,2.20834,2.20923,1.75,1.75
2015.12.17 11:57:32.980,2.20834,2.20922,1.37,1.75
2015.12.17 11:57:33.031,2.20834,2.20922,1.00,1.75
2015.12.17 11:57:33.557,2.20824,2.20913,1.00,1.75
2015.12.17 11:57:33.708,2.20819,2.20907,1.00,1.75
2015.12.17 11:57:34.035,2.2083,2.20907,1.00,1.75
2015.12.17 11:57:34.136,2.2083,2.20907,1.00,1.00
2015.12.17 11:57:34.186,2.20836,2.20907,1.00,1.00
2015.12.17 11:57:34.490,2.20838,2.20927,1.75,3.00
2015.12.17 11:57:34.591,2.20843,2.20926,1.00,1.75
2015.12.17 11:57:35.244,2.2084,2.20926,1.12,1.75
2015.12.17 11:57:35.485,2.20843,2.20927,1.50,1.75
2015.12.17 11:57:35.794,2.20851,2.20932,1.00,1.75
2015.12.17 11:57:36.504,2.20854,2.20935,1.00,1.75
2015.12.17 11:57:36.806,2.20851,2.20935,1.00,1.75
2015.12.17 11:57:40.359,2.20851,2.20935,1.00,1.37
2015.12.17 11:57:40.847,2.20851,2.20929,1.00,1.00
2015.12.17 11:57:41.049,2.20848,2.20932,1.50,1.00
2015.12.17 11:57:41.399,2.20844,2.20926,2.25,1.00
2015.12.17 11:57:42.508,2.20844,2.20928,2.25,1.00
2015.12.17 11:57:43.320,2.20844,2.20925,2.25,1.00
2015.12.17 11:57:43.821,2.20847,2.20926,1.75,1.00
2015.12.17 11:57:43.872,2.20848,2.20932,1.50,1.00
2015.12.17 11:57:43.973,2.2085,2.20935,1.12,1.37
2015.12.17 11:57:45.369,2.20853,2.20934,1.00,1.12
2015.12.17 11:57:45.650,2.20848,2.20934,1.50,1.12
2015.12.17 11:57:45.702,2.20848,2.2093,1.50,1.00
2015.12.17 11:57:46.515,2.20848,2.20929,1.50,1.00
2015.12.17 11:57:47.828,2.20847,2.2093,1.75,1.00
2015.12.17 11:57:50.648,2.20848,2.20933,1.50,1.50
2015.12.17 11:57:51.193,2.2085,2.20932,1.12,1.00
2015.12.17 11:57:51.756,2.20845,2.20932,1.37,1.37
2015.12.17 11:57:51.813,2.20845,2.20932,1.00,1.75
2015.12.17 11:57:52.405,2.20847,2.20927,1.00,1.75
2015.12.17 11:57:52.920,2.20844,2.20927,1.00,1.75
2015.12.17 11:57:54.141,2.20836,2.2092,1.37,1.37
2015.12.17 11:57:54.192,2.20836,2.2092,1.00,1.75
2015.12.17 11:57:54.532,2.20834,2.20918,1.00,1.75
2015.12.17 11:57:54.973,2.20831,2.20917,1.12,1.75
2015.12.17 11:57:55.683,2.20833,2.20917,1.00,1.75
2015.12.17 11:57:56.231,2.20834,2.20913,1.00,1.12
2015.12.17 11:57:57.292,2.20837,2.20918,1.00,1.75
2015.12.17 11:57:57.444,2.20836,2.20918,1.75,1.00
2015.12.17 11:58:00.552,2.2084,2.2092,1.37,1.00
2015.12.17 11:58:03.370,2.2084,2.20924,1.37,1.37
2015.12.17 11:58:04.223,2.20844,2.20926,1.00,1.50
2015.12.17 11:58:05.104,2.20845,2.20927,1.00,1.75
2015.12.17 11:58:05.550,2.20843,2.20927,1.00,1.75
2015.12.17 11:58:05.754,2.20854,2.20932,1.37,1.37
2015.12.17 11:58:05.805,2.20854,2.20932,1.50,1.00
2015.12.17 11:58:05.957,2.20843,2.20927,1.75,1.00
2015.12.17 11:58:06.203,2.20851,2.20932,1.75,1.00
2015.12.17 11:58:06.355,2.20854,2.20932,2.62,1.00
2015.12.17 11:58:06.406,2.20867,2.20945,1.75,1.00
2015.12.17 11:58:06.932,2.20865,2.20947,1.75,1.00
2015.12.17 11:58:07.184,2.20866,2.20945,1.75,1.00
2015.12.17 11:58:08.763,2.20868,2.20951,1.75,1.00
2015.12.17 11:58:10.600,2.20872,2.20947,1.12,1.00
2015.12.17 11:58:11.170,2.20873,2.20947,1.00,1.00
2015.12.17 11:58:13.207,2.20874,2.20947,1.00,1.00
2015.12.17 11:58:14.697,2.20871,2.20947,1.37,1.00
2015.12.17 11:58:16.155,2.20871,2.20956,1.37,1.37
2015.12.17 11:58:16.206,2.20866,2.20949,1.75,1.00
2015.12.17 11:58:16.514,2.20867,2.20946,1.75,1.00
2015.12.17 11:58:18.304,2.20872,2.20949,1.12,1.00
2015.12.17 11:58:18.508,2.20871,2.20947,1.37,1.00
2015.12.17 11:58:20.672,2.20864,2.20946,2.25,1.00
2015.12.17 11:58:22.180,2.20854,2.20933,2.62,1.00
2015.12.17 11:58:22.231,2.20844,2.20927,1.75,1.00
2015.12.17 11:58:22.829,2.20839,2.20926,1.75,1.00
2015.12.17 11:58:24.214,2.20838,2.20924,1.75,1.00
2015.12.17 11:58:24.335,2.20838,2.20924,1.37,1.75
2015.12.17 11:58:25.107,2.20836,2.20919,1.75,1.00
2015.12.17 11:58:25.411,2.20832,2.20916,2.25,1.00
2015.12.17 11:58:28.042,2.20834,2.20918,2.25,1.00
2015.12.17 11:58:30.919,2.20834,2.20919,1.75,1.00
2015.12.17 11:58:34.164,2.20834,2.2092,1.75,1.00
2015.12.17 11:58:34.642,2.20841,2.20924,1.00,1.75
2015.12.17 11:58:35.634,2.20839,2.20924,1.12,1.75
2015.12.17 11:58:37.722,2.20841,2.20924,1.00,1.75
2015.12.17 11:58:38.273,2.2084,2.20924,1.00,1.75
2015.12.17 11:58:39.275,2.20837,2.20924,1.50,1.75
2015.12.17 11:58:39.924,2.2084,2.20924,1.00,1.75
2015.12.17 11:58:40.582,2.2084,2.20924,1.75,1.00
2015.12.17 11:58:43.374,2.20844,2.20924,1.00,1.00
2015.12.17 11:58:45.071,2.20844,2.20925,1.50,1.00
2015.12.17 11:58:45.722,2.20845,2.20925,1.00,1.00
2015.12.17 11:58:47.078,2.20844,2.20925,1.00,1.00
2015.12.17 11:58:47.588,2.20843,2.20925,1.12,1.00
2015.12.17 11:58:48.392,2.20848,2.20925,1.00,1.00
2015.12.17 11:58:48.442,2.20849,2.20927,1.00,1.12
2015.12.17 11:58:48.493,2.20849,2.20927,1.75,1.00
2015.12.17 11:58:48.544,2.20861,2.20936,1.00,1.00
2015.12.17 11:58:48.594,2.20861,2.20936,1.75,1.00
2015.12.17 11:58:48.746,2.20867,2.20946,1.75,1.00
2015.12.17 11:58:48.847,2.20867,2.20953,1.75,1.00
2015.12.17 11:58:49.228,2.20874,2.20956,1.00,1.87
2015.12.17 11:58:49.756,2.20869,2.20956,1.50,1.37
2015.12.17 11:58:52.957,2.20865,2.20953,1.75,1.00
2015.12.17 11:58:54.002,2.20865,2.20947,1.75,1.00
2015.12.17 11:58:56.223,2.20864,2.20946,2.25,1.00
2015.12.17 11:58:56.831,2.20833,2.20915,1.75,1.00
2015.12.17 11:58:57.134,2.20834,2.2092,2.25,1.00
2015.12.17 11:58:57.436,2.20842,2.2092,1.00,1.00
2015.12.17 11:58:57.743,2.20842,2.20925,1.00,1.50
2015.12.17 11:58:58.127,2.20842,2.20925,1.75,1.00
2015.12.17 11:59:02.573,2.20839,2.20926,1.75,1.00
2015.12.17 11:59:06.384,2.20834,2.20916,1.12,1.87
2015.12.17 11:59:10.191,2.20836,2.20925,1.00,1.75
2015.12.17 11:59:10.343,2.20836,2.20925,1.75,1.00
2015.12.17 11:59:10.919,2.20839,2.20926,1.75,1.12
2015.12.17 11:59:26.097,2.20842,2.20927,1.75,1.00
2015.12.17 11:59:28.234,2.20846,2.20933,1.12,1.75
2015.12.17 11:59:32.924,2.20844,2.20928,1.75,1.00
2015.12.17 11:59:33.792,2.20844,2.20925,1.75,1.00
2015.12.17 11:59:35.492,2.20844,2.20925,1.37,1.37
2015.12.17 11:59:35.543,2.20842,2.20925,1.00,1.75
2015.12.17 11:59:36.144,2.20841,2.20925,1.00,1.75
2015.12.17 11:59:37.022,2.20836,2.20924,1.50,1.75
2015.12.17 11:59:38.571,2.20836,2.20916,1.50,1.00
2015.12.17 11:59:38.672,2.20836,2.20924,1.50,1.75
2015.12.17 11:59:43.203,2.20836,2.20925,1.12,1.75
2015.12.17 11:59:43.506,2.20821,2.20896,1.00,1.37
2015.12.17 11:59:44.043,2.20822,2.20895,1.00,1.75
2015.12.17 11:59:44.828,2.20804,2.20881,1.00,1.75
2015.12.17 11:59:44.879,2.20797,2.20881,1.00,1.75
2015.12.17 11:59:44.980,2.20797,2.20881,1.00,1.75
2015.12.17 11:59:45.081,2.20795,2.20881,1.00,1.75
2015.12.17 11:59:45.570,2.20797,2.20886,1.00,2.25
2015.12.17 11:59:45.968,2.20803,2.20887,1.00,1.75
2015.12.17 11:59:47.385,2.20796,2.20884,1.00,1.75
2015.12.17 11:59:50.597,2.20799,2.20887,1.00,1.75
2015.12.17 11:59:52.584,2.20794,2.20868,1.00,1.12
2015.12.17 11:59:53.087,2.20781,2.20866,1.75,1.00
2015.12.17 11:59:53.924,2.20781,2.20866,1.75,1.00
2015.12.17 11:59:54.288,2.20781,2.20856,1.75,1.00
2015.12.17 11:59:54.490,2.20783,2.20863,1.75,1.00
2015.12.17 11:59:55.500,2.20781,2.20863,1.37,1.37
2015.12.17 11:59:55.551,2.20781,2.20863,1.00,1.75
2015.12.17 11:59:55.803,2.20782,2.20856,1.00,1.00
2015.12.17 11:59:55.905,2.20773,2.20856,1.75,1.00
2015.12.17 11:59:56.508,2.20771,2.20855,1.75,1.00
2015.12.17 11:59:57.533,2.20771,2.20855,1.37,1.37
2015.12.17 11:59:57.584,2.20771,2.20855,1.00,1.75
2015.12.17 11:59:58.191,2.20764,2.2084,1.50,1.00
2015.12.17 11:59:58.393,2.20753,2.20831,1.00,1.50
2015.12.17 11:59:59.320,2.20744,2.20831,1.37,1.50
2015.12.17 11:59:59.423,2.20744,2.20825,1.37,1.00
2015.12.17 11:59:59.727,2.20744,2.20825,1.00,1.75
2015.12.17 11:59:59.778,2.20734,2.20825,1.50,1.75
