2010.06.24 23:00:02.041,2.10605,2.10735,1.00,1.00
2010.06.24 23:00:02.481,2.10615,2.1074,1.00,1.60
2010.06.24 23:00:03.371,2.10605,2.10735,1.00,1.00
2010.06.24 23:00:05.673,2.10615,2.1074,1.00,1.60
2010.06.24 23:00:07.873,2.10605,2.10735,1.00,1.00
2010.06.24 23:00:10.842,2.10615,2.1074,1.00,1.00
2010.06.24 23:00:10.939,2.10615,2.10745,1.00,1.80
2010.06.24 23:00:11.039,2.10615,2.10745,1.00,1.00
2010.06.24 23:00:12.241,2.10615,2.10745,1.00,1.00
2010.06.24 23:00:12.898,2.10615,2.10755,1.00,1.80
2010.06.24 23:00:13.151,2.10605,2.10745,1.00,1.00
2010.06.24 23:00:13.640,2.10605,2.10735,1.00,1.00
2010.06.24 23:00:16.501,2.10595,2.10735,1.00,1.00
2010.06.24 23:00:16.601,2.10595,2.10735,1.00,1.00
2010.06.24 23:00:22.170,2.10595,2.10735,1.20,1.00
2010.06.24 23:00:22.490,2.10595,2.10785,1.80,1.80
2010.06.24 23:00:23.416,2.10605,2.10785,1.00,1.80
2010.06.24 23:00:24.100,2.10595,2.10785,1.80,1.80
2010.06.24 23:00:25.114,2.10605,2.10785,1.00,1.80
2010.06.24 23:00:25.453,2.10615,2.10785,1.00,1.60
2010.06.24 23:00:25.642,2.1063,2.10785,1.00,1.10
2010.06.24 23:00:26.275,2.10635,2.10815,1.10,1.20
2010.06.24 23:00:26.469,2.10615,2.1081,1.00,1.60
2010.06.24 23:00:26.992,2.10615,2.10825,1.60,1.80
2010.06.24 23:00:28.322,2.10615,2.1081,1.60,1.00
2010.06.24 23:00:28.524,2.10615,2.1081,1.00,1.60
2010.06.24 23:00:29.172,2.10615,2.10805,1.00,1.00
2010.06.24 23:00:29.481,2.10615,2.1081,1.00,1.60
2010.06.24 23:00:29.640,2.10615,2.10805,1.00,1.00
2010.06.24 23:00:29.981,2.10615,2.10805,1.00,1.00
2010.06.24 23:00:32.139,2.10605,2.10805,1.00,1.00
2010.06.24 23:00:32.259,2.1061,2.10805,1.00,1.00
2010.06.24 23:00:32.680,2.1061,2.10805,1.00,1.00
2010.06.24 23:00:32.799,2.1061,2.10805,1.60,1.00
2010.06.24 23:00:34.554,2.10615,2.108,1.00,1.60
2010.06.24 23:00:36.443,2.10615,2.10795,1.00,1.00
2010.06.24 23:00:40.461,2.10615,2.108,1.00,1.60
2010.06.24 23:00:58.319,2.10615,2.10795,1.00,1.00
2010.06.24 23:01:03.541,2.10615,2.108,1.00,1.60
2010.06.24 23:01:03.980,2.1061,2.10795,1.10,1.00
2010.06.24 23:01:04.664,2.10605,2.10775,1.80,1.10
2010.06.24 23:01:04.792,2.1068,2.1079,1.00,1.00
2010.06.24 23:01:04.921,2.1071,2.1081,1.00,1.10
2010.06.24 23:01:05.191,2.1071,2.10815,1.00,1.00
2010.06.24 23:01:05.620,2.10715,2.1084,1.00,1.10
2010.06.24 23:01:06.022,2.10715,2.10845,1.00,1.00
2010.06.24 23:01:08.140,2.10715,2.10845,1.00,1.00
2010.06.24 23:01:08.280,2.10755,2.10855,1.00,1.10
2010.06.24 23:01:08.419,2.10755,2.10865,1.00,1.00
2010.06.24 23:01:09.420,2.10755,2.10865,1.00,1.00
2010.06.24 23:01:11.241,2.10755,2.10865,1.00,1.00
2010.06.24 23:01:11.411,2.1074,2.1085,1.00,1.00
2010.06.24 23:01:12.860,2.10715,2.10845,1.00,1.00
2010.06.24 23:01:13.463,2.10715,2.10845,1.00,1.00
2010.06.24 23:01:20.343,2.10715,2.10845,1.00,1.00
2010.06.24 23:01:20.509,2.1071,2.1082,1.00,1.00
2010.06.24 23:01:29.531,2.10695,2.10805,1.00,1.00
2010.06.24 23:01:58.827,2.1071,2.10815,1.00,1.00
2010.06.24 23:01:58.919,2.1071,2.1082,1.00,1.00
2010.06.24 23:02:08.690,2.10695,2.10815,1.00,1.00
2010.06.24 23:02:09.627,2.1071,2.1082,1.00,1.00
2010.06.24 23:02:09.751,2.10695,2.10815,1.00,1.00
2010.06.24 23:02:09.990,2.1071,2.10815,1.00,1.00
2010.06.24 23:02:10.111,2.1071,2.1082,1.00,1.00
2010.06.24 23:02:16.521,2.10695,2.10815,1.00,1.00
2010.06.24 23:02:21.218,2.1071,2.1082,1.00,1.00
2010.06.24 23:02:25.810,2.10705,2.10815,1.00,1.00
2010.06.24 23:02:25.981,2.10695,2.10815,1.00,1.00
2010.06.24 23:02:27.701,2.10695,2.10815,1.00,1.00
2010.06.24 23:02:28.181,2.1071,2.1082,1.00,1.00
2010.06.24 23:02:28.690,2.10705,2.1081,1.00,1.00
2010.06.24 23:02:57.930,2.1071,2.1082,1.00,1.00
2010.06.24 23:03:03.160,2.10715,2.1084,1.00,1.10
2010.06.24 23:03:03.341,2.10715,2.10845,1.00,1.00
2010.06.24 23:03:04.410,2.10715,2.10845,1.00,1.00
2010.06.24 23:03:13.900,2.10715,2.10845,1.00,1.00
2010.06.24 23:03:13.980,2.1074,2.1085,1.00,1.00
2010.06.24 23:03:17.450,2.10725,2.10845,1.00,1.00
2010.06.24 23:03:18.232,2.1074,2.1085,1.00,1.00
2010.06.24 23:03:54.181,2.10755,2.10865,1.00,1.00
2010.06.24 23:04:03.207,2.10755,2.10865,1.00,1.00
2010.06.24 23:04:03.293,2.10755,2.10865,1.00,1.00
2010.06.24 23:04:07.411,2.10755,2.10865,1.00,1.00
2010.06.24 23:04:07.438,2.1074,2.1086,1.00,1.00
2010.06.24 23:04:07.811,2.10755,2.10865,1.00,1.00
2010.06.24 23:04:19.660,2.10755,2.10865,1.00,1.00
2010.06.24 23:04:19.861,2.1077,2.10875,1.00,1.00
2010.06.24 23:04:22.711,2.10785,2.1089,1.00,1.00
2010.06.24 23:04:25.493,2.108,2.10935,1.00,1.00
2010.06.24 23:04:25.663,2.1081,2.10945,1.00,1.10
2010.06.24 23:04:25.835,2.1081,2.1096,1.60,1.60
2010.06.24 23:04:26.577,2.1081,2.10955,1.60,1.00
2010.06.24 23:04:26.922,2.10835,2.10985,1.60,1.00
2010.06.24 23:04:27.266,2.10805,2.1096,1.80,1.60
2010.06.24 23:04:27.604,2.10805,2.1096,1.60,1.60
2010.06.24 23:04:28.570,2.1081,2.10965,1.60,1.00
2010.06.24 23:04:28.914,2.1079,2.10905,1.00,1.00
2010.06.24 23:04:29.960,2.1079,2.1091,1.00,1.00
2010.06.24 23:04:30.141,2.1079,2.10905,1.00,1.00
2010.06.24 23:04:31.634,2.1079,2.1091,1.00,1.00
2010.06.24 23:04:36.055,2.10805,2.1092,1.00,1.00
2010.06.24 23:04:36.573,2.1081,2.10945,1.00,1.10
2010.06.24 23:04:36.721,2.10815,2.10965,1.10,1.00
2010.06.24 23:04:38.601,2.1084,2.10975,1.00,1.00
2010.06.24 23:04:39.022,2.10835,2.10975,1.00,1.00
2010.06.24 23:04:40.213,2.10835,2.10975,1.00,1.00
2010.06.24 23:04:40.555,2.108,2.1093,1.00,1.00
2010.06.24 23:04:43.852,2.10805,2.1093,1.00,1.00
2010.06.24 23:04:44.511,2.1086,2.10955,1.00,1.10
2010.06.24 23:04:44.736,2.1084,2.1099,1.00,1.00
2010.06.24 23:04:44.953,2.1084,2.1099,1.60,1.00
2010.06.24 23:04:45.174,2.10845,2.1099,1.00,1.00
2010.06.24 23:04:46.006,2.10845,2.1097,1.00,1.10
2010.06.24 23:04:46.307,2.10825,2.1095,1.00,1.00
2010.06.24 23:04:46.606,2.10825,2.1095,1.00,1.00
2010.06.24 23:04:47.497,2.10845,2.10965,1.00,1.00
2010.06.24 23:04:47.846,2.1085,2.10975,1.00,1.00
2010.06.24 23:04:49.532,2.1085,2.10975,1.00,1.00
2010.06.24 23:04:50.432,2.1085,2.10975,1.00,1.00
2010.06.24 23:04:59.372,2.10865,2.11015,1.00,1.80
2010.06.24 23:04:59.634,2.10865,2.11015,1.00,1.00
2010.06.24 23:05:00.882,2.10865,2.11015,1.00,1.00
2010.06.24 23:05:01.862,2.1089,2.1102,1.00,1.00
2010.06.24 23:05:02.541,2.10895,2.11045,1.00,1.80
2010.06.24 23:05:02.651,2.10895,2.11045,1.00,1.00
2010.06.24 23:05:03.832,2.10885,2.1102,1.10,1.00
2010.06.24 23:05:03.983,2.10865,2.11015,1.00,1.00
2010.06.24 23:05:04.321,2.10875,2.1102,1.00,1.00
2010.06.24 23:05:04.461,2.10875,2.1103,1.00,1.10
2010.06.24 23:05:04.612,2.1087,2.11025,1.60,1.00
2010.06.24 23:05:04.901,2.10865,2.1102,1.00,1.00
2010.06.24 23:05:06.444,2.1089,2.1102,1.00,1.00
2010.06.24 23:05:07.561,2.10895,2.11045,1.00,1.80
2010.06.24 23:05:08.349,2.10895,2.11045,1.00,1.00
2010.06.24 23:05:08.474,2.10895,2.11045,1.00,1.00
2010.06.24 23:05:11.871,2.10895,2.11035,1.00,1.00
2010.06.24 23:05:12.012,2.10885,2.11005,1.10,1.00
2010.06.24 23:05:12.753,2.1088,2.11005,1.00,1.00
2010.06.24 23:05:12.765,2.10895,2.1103,1.00,1.10
2010.06.24 23:05:12.926,2.10895,2.11035,1.00,1.00
2010.06.24 23:05:14.592,2.10895,2.11045,1.00,1.00
2010.06.24 23:05:14.856,2.10895,2.11045,1.00,1.00
2010.06.24 23:05:15.324,2.10895,2.1103,1.00,1.10
2010.06.24 23:05:16.079,2.10895,2.1103,1.00,1.10
2010.06.24 23:05:16.377,2.10895,2.11045,1.00,1.00
2010.06.24 23:05:16.562,2.10895,2.11045,1.00,1.00
2010.06.24 23:05:17.270,2.10895,2.1104,1.00,1.00
2010.06.24 23:05:17.452,2.10895,2.11045,1.00,1.00
2010.06.24 23:05:18.491,2.10895,2.1103,1.00,1.00
2010.06.24 23:05:18.735,2.1089,2.1102,1.00,1.00
2010.06.24 23:05:18.972,2.10885,2.11005,1.00,1.00
2010.06.24 23:05:26.021,2.1087,2.11005,1.10,1.00
2010.06.24 23:05:26.191,2.10865,2.11005,1.00,1.00
2010.06.24 23:05:27.231,2.10875,2.11015,1.00,1.00
2010.06.24 23:05:29.512,2.1089,2.1102,1.00,1.00
2010.06.24 23:05:31.351,2.10875,2.1102,1.00,1.00
2010.06.24 23:05:31.622,2.10865,2.11015,1.00,1.10
2010.06.24 23:05:31.763,2.10865,2.1099,1.00,1.00
2010.06.24 23:05:33.151,2.10875,2.11005,1.00,1.00
2010.06.24 23:05:33.692,2.10875,2.11005,1.00,1.00
2010.06.24 23:05:34.002,2.1089,2.1102,1.00,1.00
2010.06.24 23:05:36.481,2.1089,2.11015,1.00,1.00
2010.06.24 23:05:36.633,2.1087,2.11015,1.10,1.00
2010.06.24 23:05:36.782,2.10865,2.1099,1.00,1.00
2010.06.24 23:05:36.931,2.1086,2.1099,1.00,1.00
2010.06.24 23:05:37.952,2.10865,2.11015,1.00,1.80
2010.06.24 23:05:38.021,2.10865,2.11005,1.00,1.00
2010.06.24 23:05:38.091,2.1086,2.1099,1.00,1.00
2010.06.24 23:05:38.921,2.10865,2.1099,1.00,1.00
2010.06.24 23:05:39.585,2.10865,2.11015,1.00,1.80
2010.06.24 23:05:39.721,2.10865,2.11015,1.00,1.00
2010.06.24 23:05:40.346,2.10875,2.11015,1.00,1.00
2010.06.24 23:05:49.801,2.10875,2.11015,1.00,1.00
2010.06.24 23:05:49.942,2.1089,2.1102,1.00,1.00
2010.06.24 23:05:50.231,2.10905,2.11025,1.00,1.00
2010.06.24 23:05:50.551,2.109,2.1102,1.00,1.00
2010.06.24 23:05:52.001,2.10905,2.11035,1.00,1.00
2010.06.24 23:05:53.251,2.109,2.1102,1.00,1.00
2010.06.24 23:05:59.206,2.10905,2.1102,1.00,1.00
2010.06.24 23:05:59.391,2.10905,2.1102,1.00,1.00
2010.06.24 23:06:00.205,2.10905,2.11045,1.00,1.00
2010.06.24 23:06:26.731,2.109,2.1102,1.00,1.00
2010.06.24 23:06:34.732,2.1092,2.11045,1.00,1.00
2010.06.24 23:06:34.901,2.10915,2.11035,1.00,1.00
2010.06.24 23:06:36.329,2.10915,2.11035,1.00,1.00
2010.06.24 23:06:39.842,2.1092,2.11035,1.00,1.00
2010.06.24 23:06:40.021,2.10915,2.11035,1.00,1.00
2010.06.24 23:06:47.665,2.10915,2.11035,1.00,1.00
2010.06.24 23:06:48.653,2.10915,2.11035,1.00,1.00
2010.06.24 23:07:00.811,2.10905,2.11035,1.00,1.00
2010.06.24 23:07:01.131,2.10905,2.11035,1.00,1.00
2010.06.24 23:07:01.410,2.1092,2.11045,1.00,1.00
2010.06.24 23:07:01.651,2.10915,2.11035,1.00,1.00
2010.06.24 23:07:01.891,2.10915,2.11035,1.00,1.00
2010.06.24 23:07:02.131,2.10905,2.11035,1.00,1.00
2010.06.24 23:07:02.371,2.10915,2.11035,1.00,1.00
2010.06.24 23:07:02.612,2.1092,2.11035,1.00,1.00
2010.06.24 23:07:03.582,2.10915,2.11035,1.00,1.00
2010.06.24 23:07:08.521,2.10905,2.11035,1.00,1.00
2010.06.24 23:07:09.313,2.1092,2.11045,1.00,1.00
2010.06.24 23:07:19.711,2.1092,2.11035,1.00,1.00
2010.06.24 23:07:19.930,2.10915,2.11035,1.00,1.00
2010.06.24 23:07:24.597,2.1092,2.11035,1.00,1.00
2010.06.24 23:07:27.793,2.1092,2.11045,1.00,1.00
2010.06.24 23:07:38.563,2.1091,2.11015,1.00,1.00
2010.06.24 23:07:39.295,2.1091,2.11015,1.00,1.00
2010.06.24 23:07:39.591,2.109,2.1101,1.00,1.00
2010.06.24 23:07:39.771,2.1091,2.11015,1.00,1.00
2010.06.24 23:07:39.951,2.109,2.1101,1.00,1.00
2010.06.24 23:07:43.792,2.10905,2.11035,1.00,1.00
2010.06.24 23:07:44.101,2.1092,2.11035,1.00,1.00
2010.06.24 23:07:50.234,2.1092,2.11045,1.00,1.00
2010.06.24 23:07:51.223,2.1092,2.11035,1.00,1.00
2010.06.24 23:07:51.441,2.1092,2.11045,1.00,1.00
2010.06.24 23:07:53.337,2.1092,2.11035,1.00,1.00
2010.06.24 23:07:54.450,2.10915,2.11035,1.00,1.00
2010.06.24 23:08:17.041,2.10915,2.11035,1.00,1.00
2010.06.24 23:08:17.774,2.1089,2.1103,1.00,1.00
2010.06.24 23:08:18.413,2.1089,2.11025,1.00,1.00
2010.06.24 23:08:22.733,2.10895,2.11025,1.00,1.00
2010.06.24 23:08:26.043,2.10895,2.11035,1.00,1.00
2010.06.24 23:08:26.401,2.10895,2.11045,1.00,1.00
2010.06.24 23:08:28.394,2.10905,2.11045,1.00,1.00
2010.06.24 23:08:40.861,2.10905,2.11045,1.00,1.00
2010.06.24 23:08:41.281,2.10915,2.11045,1.00,1.00
2010.06.24 23:08:42.212,2.10905,2.11045,1.00,1.00
2010.06.24 23:08:47.877,2.10905,2.11035,1.00,1.00
2010.06.24 23:08:48.051,2.10905,2.11045,1.00,1.00
2010.06.24 23:08:53.547,2.10905,2.11045,1.00,1.00
2010.06.24 23:08:53.861,2.10905,2.11035,1.00,1.00
2010.06.24 23:08:54.101,2.10905,2.11045,1.00,1.00
2010.06.24 23:08:55.432,2.10905,2.11035,1.00,1.00
2010.06.24 23:08:59.381,2.10905,2.11035,1.60,1.00
2010.06.24 23:09:00.164,2.10915,2.11035,1.00,1.00
2010.06.24 23:09:01.452,2.1091,2.11025,1.00,1.00
2010.06.24 23:09:03.410,2.1091,2.11025,1.00,1.00
2010.06.24 23:09:09.361,2.1091,2.11015,1.00,1.20
2010.06.24 23:09:09.481,2.1086,2.11015,1.60,1.80
2010.06.24 23:09:09.601,2.1086,2.11005,1.60,1.00
2010.06.24 23:09:09.731,2.10835,2.10985,1.10,1.60
2010.06.24 23:09:11.584,2.10835,2.10975,1.10,1.00
2010.06.24 23:09:12.437,2.10835,2.10965,1.10,1.00
2010.06.24 23:09:43.571,2.1082,2.10965,1.60,1.00
2010.06.24 23:09:43.833,2.10835,2.10965,1.10,1.00
2010.06.24 23:09:51.256,2.1082,2.10965,1.60,1.00
2010.06.24 23:09:51.432,2.10835,2.10965,1.10,1.00
2010.06.24 23:09:51.792,2.1082,2.10965,1.60,1.00
2010.06.24 23:09:51.972,2.10835,2.10965,1.10,1.00
2010.06.24 23:09:52.734,2.1082,2.10965,1.60,1.00
2010.06.24 23:09:52.984,2.1083,2.10965,1.00,1.00
2010.06.24 23:09:53.234,2.1082,2.10965,1.60,1.00
2010.06.24 23:09:53.482,2.10835,2.10965,1.10,1.00
2010.06.24 23:10:03.041,2.1083,2.10965,1.00,1.00
2010.06.24 23:10:03.181,2.1082,2.10965,1.60,1.00
2010.06.24 23:10:03.322,2.10835,2.10965,1.10,1.00
2010.06.24 23:10:03.701,2.1083,2.10965,1.00,1.00
2010.06.24 23:10:03.941,2.1082,2.10965,1.60,1.00
2010.06.24 23:10:04.572,2.10835,2.10965,1.10,1.00
2010.06.24 23:10:10.674,2.10815,2.1096,1.10,1.10
2010.06.24 23:10:11.194,2.10815,2.10955,1.10,1.00
2010.06.24 23:10:11.401,2.1081,2.10955,1.00,1.00
2010.06.24 23:10:11.802,2.10815,2.10945,1.10,1.00
2010.06.24 23:10:12.881,2.1081,2.10945,1.00,1.00
2010.06.24 23:10:13.031,2.10805,2.10945,1.20,1.00
2010.06.24 23:10:13.182,2.10815,2.10945,1.10,1.00
2010.06.24 23:10:13.482,2.1081,2.10945,1.00,1.00
2010.06.24 23:10:13.631,2.10815,2.10945,1.10,1.00
2010.06.24 23:10:15.083,2.10805,2.10945,1.20,1.00
2010.06.24 23:10:16.546,2.1081,2.10945,1.00,1.00
2010.06.24 23:10:17.001,2.10815,2.10945,1.10,1.00
2010.06.24 23:10:17.231,2.10805,2.10945,1.20,1.00
2010.06.24 23:10:21.873,2.10805,2.10945,1.10,1.00
2010.06.24 23:10:22.608,2.10805,2.10945,1.20,1.00
2010.06.24 23:10:41.934,2.10805,2.10945,1.10,1.00
2010.06.24 23:10:43.347,2.10805,2.10945,1.20,1.00
2010.06.24 23:10:55.903,2.10805,2.10945,1.10,1.00
2010.06.24 23:10:56.121,2.10805,2.10945,1.20,1.00
2010.06.24 23:11:08.345,2.10805,2.10945,1.10,1.00
2010.06.24 23:11:08.524,2.10805,2.10945,1.20,1.00
2010.06.24 23:11:08.674,2.10805,2.1095,1.20,1.60
2010.06.24 23:11:08.841,2.10825,2.1095,1.00,1.60
2010.06.24 23:11:09.082,2.10825,2.10955,1.00,1.00
2010.06.24 23:11:11.294,2.10825,2.1096,1.00,1.00
2010.06.24 23:11:11.402,2.1085,2.10965,1.00,2.30
2010.06.24 23:11:11.513,2.1085,2.10965,1.00,1.00
2010.06.24 23:11:12.182,2.1085,2.10965,1.00,1.00
2010.06.24 23:11:12.913,2.1085,2.10965,1.60,1.00
2010.06.24 23:11:13.052,2.10855,2.10985,1.00,1.00
2010.06.24 23:11:13.678,2.10855,2.10985,1.00,1.00
2010.06.24 23:11:13.831,2.10855,2.10985,1.00,1.00
2010.06.24 23:11:13.984,2.10855,2.10985,1.00,1.00
2010.06.24 23:11:14.133,2.10855,2.10985,1.00,1.00
2010.06.24 23:11:14.985,2.10855,2.1099,1.00,1.00
2010.06.24 23:11:15.353,2.1088,2.10995,1.00,1.00
2010.06.24 23:11:21.222,2.1088,2.10995,1.00,1.00
2010.06.24 23:11:30.441,2.1088,2.10995,1.00,1.00
2010.06.24 23:11:30.593,2.1088,2.10995,1.00,1.00
2010.06.24 23:11:33.309,2.1088,2.10995,1.00,1.00
2010.06.24 23:11:33.509,2.1088,2.10995,1.00,1.00
2010.06.24 23:11:33.707,2.1088,2.10995,1.00,1.00
2010.06.24 23:11:35.515,2.1088,2.10995,1.00,1.00
2010.06.24 23:11:35.879,2.1088,2.10995,1.00,1.00
2010.06.24 23:11:36.151,2.1088,2.10995,1.00,1.00
2010.06.24 23:11:38.581,2.1088,2.10995,1.00,1.00
2010.06.24 23:11:40.675,2.1088,2.10995,1.00,1.00
2010.06.24 23:11:50.062,2.1088,2.10995,1.00,1.00
2010.06.24 23:11:50.293,2.1088,2.10995,1.00,1.00
2010.06.24 23:11:50.440,2.1088,2.10995,1.00,1.00
2010.06.24 23:11:59.869,2.1088,2.10995,1.00,1.00
2010.06.24 23:12:02.289,2.1088,2.10995,1.00,1.00
2010.06.24 23:12:11.975,2.1088,2.10995,1.00,1.00
2010.06.24 23:12:14.645,2.1088,2.10995,1.00,1.00
2010.06.24 23:12:22.202,2.1088,2.10995,1.00,1.00
2010.06.24 23:12:22.312,2.1088,2.10995,1.00,1.00
2010.06.24 23:12:22.421,2.1088,2.10995,1.00,1.00
2010.06.24 23:12:22.571,2.1088,2.10995,1.00,1.00
2010.06.24 23:12:38.581,2.1088,2.10995,1.00,1.00
2010.06.24 23:12:38.642,2.10865,2.1098,1.00,1.00
2010.06.24 23:12:45.384,2.10865,2.1098,1.00,1.00
2010.06.24 23:13:05.734,2.10865,2.10975,1.00,1.00
2010.06.24 23:13:06.082,2.10865,2.1098,1.00,1.00
2010.06.24 23:13:27.848,2.10865,2.10975,1.00,1.00
2010.06.24 23:13:27.969,2.10865,2.1098,1.00,1.00
2010.06.24 23:14:03.967,2.10865,2.10975,1.00,1.00
2010.06.24 23:14:05.992,2.10865,2.1098,1.00,1.00
2010.06.24 23:14:06.373,2.10865,2.1098,1.00,1.00
2010.06.24 23:14:10.001,2.10865,2.1098,1.00,1.00
2010.06.24 23:14:10.304,2.10865,2.1098,1.00,1.00
2010.06.24 23:14:10.514,2.1089,2.11005,1.00,1.00
2010.06.24 23:14:11.207,2.1089,2.11005,2.10,1.00
2010.06.24 23:14:11.418,2.1086,2.11,2.10,1.00
2010.06.24 23:14:12.221,2.10865,2.10995,1.00,1.00
2010.06.24 23:14:14.092,2.1086,2.10995,2.10,1.00
2010.06.24 23:14:14.184,2.1087,2.10985,1.00,1.00
2010.06.24 23:14:14.693,2.1086,2.10985,2.10,1.00
2010.06.24 23:14:16.127,2.1086,2.10985,1.00,1.00
2010.06.24 23:14:25.373,2.1087,2.11,1.10,1.60
2010.06.24 23:14:25.482,2.1087,2.11005,1.10,1.70
2010.06.24 23:14:25.544,2.1087,2.11005,1.10,1.00
2010.06.24 23:14:25.687,2.1087,2.11,1.10,1.60
2010.06.24 23:14:25.744,2.10865,2.11,1.00,1.60
2010.06.24 23:14:25.937,2.10865,2.11,1.00,2.10
2010.06.24 23:14:28.069,2.1086,2.10995,1.00,1.00
2010.06.24 23:14:28.243,2.1086,2.10995,1.00,1.00
2010.06.24 23:14:28.412,2.1086,2.10985,1.00,1.00
2010.06.24 23:14:31.899,2.1087,2.1098,1.60,1.60
2010.06.24 23:14:32.002,2.10875,2.10975,1.60,1.60
2010.06.24 23:14:34.602,2.1087,2.10975,1.60,3.20
2010.06.24 23:14:34.735,2.10875,2.10975,1.60,1.60
2010.06.24 23:14:38.332,2.1087,2.10975,1.60,3.20
2010.06.24 23:14:39.444,2.10875,2.10975,1.60,1.60
2010.06.24 23:14:59.334,2.1087,2.1096,1.60,1.60
2010.06.24 23:15:00.124,2.1086,2.1096,2.10,1.60
2010.06.24 23:15:02.288,2.10845,2.10945,2.10,1.60
2010.06.24 23:15:06.018,2.1086,2.1096,2.10,2.00
2010.06.24 23:15:06.664,2.10845,2.10945,2.10,1.60
2010.06.24 23:15:07.474,2.10845,2.10945,2.30,1.60
2010.06.24 23:15:07.683,2.10845,2.10945,2.20,1.60
2010.06.24 23:15:07.894,2.10845,2.10945,2.20,2.00
2010.06.24 23:15:46.884,2.10845,2.1094,1.00,2.00
2010.06.24 23:16:02.138,2.10845,2.1094,1.00,2.00
2010.06.24 23:16:03.087,2.10835,2.1094,3.90,2.00
2010.06.24 23:16:07.273,2.10835,2.1094,3.90,1.60
2010.06.24 23:16:07.473,2.1085,2.1094,1.00,1.60
2010.06.24 23:16:07.674,2.1085,2.1095,2.10,1.00
2010.06.24 23:16:08.469,2.1085,2.1095,1.60,1.00
2010.06.24 23:16:08.660,2.1085,2.1095,2.10,1.00
2010.06.24 23:16:09.046,2.1085,2.10945,1.60,1.00
2010.06.24 23:16:09.235,2.10835,2.1094,3.90,1.60
2010.06.24 23:16:10.383,2.10835,2.1094,3.90,2.00
2010.06.24 23:16:11.381,2.10835,2.1094,3.80,2.00
2010.06.24 23:16:11.464,2.10835,2.1094,3.90,2.00
2010.06.24 23:16:13.542,2.10835,2.1094,3.90,1.60
2010.06.24 23:16:13.762,2.10835,2.1094,3.90,2.00
2010.06.24 23:16:16.785,2.10835,2.1094,3.70,2.00
2010.06.24 23:16:17.083,2.10835,2.1094,3.70,1.60
2010.06.24 23:16:17.495,2.10835,2.10935,1.00,3.20
2010.06.24 23:16:29.843,2.10835,2.1093,1.00,1.00
2010.06.24 23:16:29.973,2.10835,2.1092,1.00,3.20
2010.06.24 23:16:30.223,2.1082,2.1092,1.00,3.20
2010.06.24 23:16:30.519,2.10825,2.1092,1.00,3.20
2010.06.24 23:16:32.396,2.1082,2.1092,1.00,3.20
2010.06.24 23:16:38.550,2.10845,2.1095,1.60,3.20
2010.06.24 23:16:40.425,2.10845,2.1095,1.70,3.20
2010.06.24 23:16:43.205,2.10855,2.1095,1.60,1.60
2010.06.24 23:16:43.414,2.1086,2.10965,1.60,3.20
2010.06.24 23:17:13.234,2.1086,2.10965,3.20,3.20
2010.06.24 23:17:13.397,2.10875,2.1098,1.60,3.20
2010.06.24 23:17:13.557,2.1087,2.1097,1.60,1.60
2010.06.24 23:17:13.715,2.10865,2.1097,3.20,1.60
2010.06.24 23:17:14.474,2.1088,2.1098,1.60,1.60
2010.06.24 23:17:14.655,2.1088,2.10985,1.60,1.60
2010.06.24 23:17:39.442,2.10875,2.1098,1.60,3.20
2010.06.24 23:17:50.283,2.10865,2.1097,3.20,1.60
2010.06.24 23:17:50.635,2.10855,2.10955,1.60,1.60
2010.06.24 23:17:59.813,2.1086,2.10965,1.60,3.20
2010.06.24 23:18:00.976,2.1086,2.10965,1.60,3.30
2010.06.24 23:18:01.214,2.1086,2.10965,1.60,3.20
2010.06.24 23:18:01.454,2.10855,2.10955,1.60,1.60
2010.06.24 23:18:03.495,2.10855,2.10945,1.60,1.60
2010.06.24 23:18:04.274,2.1084,2.10945,1.60,3.20
2010.06.24 23:18:09.743,2.10845,2.1095,3.20,1.60
2010.06.24 23:18:10.255,2.10845,2.10945,1.60,1.60
2010.06.24 23:18:10.425,2.1084,2.10945,1.60,3.20
2010.06.24 23:18:10.595,2.10845,2.10945,1.60,1.60
2010.06.24 23:18:10.766,2.10845,2.1095,3.20,1.60
2010.06.24 23:18:10.933,2.1084,2.10945,1.60,3.20
2010.06.24 23:18:17.923,2.1083,2.10935,1.60,1.60
2010.06.24 23:19:05.536,2.10815,2.1092,3.30,1.60
2010.06.24 23:19:06.435,2.10825,2.1092,1.00,1.60
2010.06.24 23:19:06.695,2.10815,2.1092,3.30,1.60
2010.06.24 23:19:11.723,2.10825,2.10925,1.60,1.60
2010.06.24 23:19:12.481,2.10825,2.1093,1.70,3.20
2010.06.24 23:19:12.678,2.1083,2.10935,1.60,1.60
2010.06.24 23:19:28.508,2.108,2.10905,3.20,1.60
2010.06.24 23:19:30.896,2.1081,2.1091,1.60,1.60
2010.06.24 23:19:31.499,2.1081,2.10915,1.60,3.20
2010.06.24 23:19:32.334,2.10815,2.1092,3.20,1.60
2010.06.24 23:19:33.776,2.10825,2.1093,1.60,3.20
2010.06.24 23:19:38.042,2.10815,2.1092,3.20,1.60
2010.06.24 23:20:00.508,2.1082,2.1092,1.60,1.60
2010.06.24 23:20:00.859,2.10815,2.1092,3.20,1.60
2010.06.24 23:20:01.544,2.1083,2.1093,1.60,1.60
2010.06.24 23:20:02.262,2.1083,2.10935,1.60,1.70
2010.06.24 23:20:02.610,2.10825,2.10925,1.60,1.00
2010.06.24 23:20:03.763,2.10825,2.1092,1.60,1.00
2010.06.24 23:20:03.788,2.10825,2.10925,1.60,1.00
2010.06.24 23:20:04.138,2.1081,2.10915,1.60,3.20
2010.06.24 23:20:04.486,2.10825,2.10925,1.60,1.00
2010.06.24 23:20:04.826,2.10815,2.1092,3.20,1.60
2010.06.24 23:20:05.167,2.1081,2.10915,1.60,3.20
2010.06.24 23:20:06.236,2.1081,2.10915,1.60,3.30
2010.06.24 23:20:06.764,2.1081,2.1091,1.60,1.00
2010.06.24 23:20:06.904,2.1081,2.10915,1.60,3.30
2010.06.24 23:20:07.697,2.1079,2.1089,1.60,1.60
2010.06.24 23:20:33.655,2.1078,2.10885,1.60,1.60
2010.06.24 23:20:33.844,2.10775,2.1088,1.60,3.20
2010.06.24 23:20:40.436,2.1079,2.10895,1.60,3.70
2010.06.24 23:20:41.235,2.1079,2.10895,1.60,3.20
2010.06.24 23:20:49.724,2.1079,2.10895,2.10,3.20
2010.06.24 23:20:49.929,2.10795,2.109,3.20,1.60
2010.06.24 23:20:50.424,2.10795,2.10895,3.20,1.00
2010.06.24 23:20:52.744,2.10795,2.109,3.20,2.10
2010.06.24 23:20:52.822,2.10795,2.109,3.20,1.60
2010.06.24 23:20:59.260,2.1078,2.10885,3.20,1.60
2010.06.24 23:21:00.325,2.1078,2.10885,3.20,1.70
2010.06.24 23:21:03.455,2.10795,2.109,3.20,2.10
2010.06.24 23:21:03.753,2.10795,2.10895,3.20,1.00
2010.06.24 23:21:04.054,2.10795,2.109,3.20,2.10
2010.06.24 23:21:05.004,2.10795,2.109,3.20,1.60
2010.06.24 23:21:12.783,2.10795,2.10895,1.60,1.60
2010.06.24 23:21:13.478,2.1079,2.10895,1.60,3.20
2010.06.24 23:21:22.252,2.1079,2.1089,1.60,1.00
2010.06.24 23:21:22.374,2.1079,2.10895,1.60,3.20
2010.06.24 23:21:23.347,2.10795,2.109,3.20,1.60
2010.06.24 23:21:36.395,2.10805,2.10905,1.60,1.60
2010.06.24 23:21:36.753,2.1081,2.10905,1.00,1.60
2010.06.24 23:21:36.934,2.10815,2.1092,3.20,1.60
2010.06.24 23:21:37.024,2.1082,2.1092,1.60,1.60
2010.06.24 23:21:37.113,2.10825,2.10925,1.60,1.00
2010.06.24 23:21:37.204,2.10825,2.1093,1.60,3.20
2010.06.24 23:21:37.964,2.10815,2.1092,3.20,1.60
2010.06.24 23:21:38.896,2.10825,2.1093,1.60,3.20
2010.06.24 23:21:39.223,2.10815,2.1092,3.20,1.60
2010.06.24 23:21:42.992,2.10815,2.1092,3.20,2.10
2010.06.24 23:21:43.233,2.10815,2.1092,1.60,3.20
2010.06.24 23:21:43.352,2.10815,2.1092,3.20,1.60
2010.06.24 23:21:48.783,2.10815,2.1092,3.20,2.10
2010.06.24 23:21:49.516,2.1081,2.10915,1.60,3.20
2010.06.24 23:22:34.195,2.1081,2.10915,1.60,3.70
2010.06.24 23:22:34.293,2.1081,2.10915,1.60,3.20
2010.06.24 23:22:41.280,2.10815,2.10915,1.00,3.20
2010.06.24 23:22:42.118,2.10815,2.10905,1.00,1.60
2010.06.24 23:22:42.464,2.10815,2.10915,1.00,3.20
2010.06.24 23:22:42.643,2.10815,2.10905,1.00,1.60
2010.06.24 23:22:42.823,2.10815,2.1091,1.00,1.60
2010.06.24 23:22:43.003,2.10815,2.10915,1.00,3.20
2010.06.24 23:22:49.493,2.10815,2.10905,1.00,1.60
2010.06.24 23:22:49.672,2.10815,2.10915,1.00,3.20
2010.06.24 23:22:49.844,2.10815,2.10905,1.00,1.60
2010.06.24 23:22:51.313,2.10815,2.10915,1.00,3.20
2010.06.24 23:22:51.483,2.10815,2.10905,1.00,1.60
2010.06.24 23:22:51.823,2.10815,2.1091,1.00,1.60
2010.06.24 23:22:51.993,2.10815,2.10905,1.00,1.60
2010.06.24 23:22:52.333,2.10815,2.10915,1.00,3.20
2010.06.24 23:22:52.572,2.10815,2.1091,1.00,1.60
2010.06.24 23:22:52.813,2.10815,2.10915,1.00,3.20
2010.06.24 23:22:55.803,2.10815,2.10905,1.00,1.60
2010.06.24 23:23:05.413,2.1081,2.10905,1.00,1.60
2010.06.24 23:23:07.381,2.10815,2.10905,1.00,1.60
2010.06.24 23:23:08.961,2.1081,2.10905,1.00,1.60
2010.06.24 23:23:12.943,2.1082,2.10905,1.00,1.60
2010.06.24 23:23:13.024,2.1082,2.1091,1.00,1.60
2010.06.24 23:23:13.104,2.1082,2.10915,1.00,3.20
2010.06.24 23:23:14.005,2.10815,2.10915,1.00,3.20
2010.06.24 23:23:14.348,2.1082,2.10915,1.00,3.20
2010.06.24 23:23:21.963,2.10825,2.1093,1.60,3.20
2010.06.24 23:23:34.415,2.1082,2.1092,1.60,1.60
2010.06.24 23:23:34.574,2.1082,2.10925,3.70,1.60
2010.06.24 23:23:39.113,2.10825,2.10925,1.00,1.60
2010.06.24 23:23:39.265,2.10825,2.1093,1.70,3.20
2010.06.24 23:23:39.415,2.1083,2.10935,1.60,1.60
2010.06.24 23:23:44.144,2.1083,2.10935,1.60,1.70
2010.06.24 23:23:44.945,2.10825,2.1093,1.60,3.20
2010.06.24 23:23:49.833,2.10825,2.1092,1.60,1.60
2010.06.24 23:23:49.953,2.1082,2.10915,1.00,1.60
2010.06.24 23:23:50.696,2.1081,2.10905,1.00,1.60
2010.06.24 23:23:54.605,2.10815,2.1092,3.30,1.60
2010.06.24 23:23:55.255,2.10815,2.10915,1.70,1.60
2010.06.24 23:23:55.375,2.10825,2.1092,1.00,1.60
2010.06.24 23:23:56.352,2.10825,2.1092,1.00,1.60
2010.06.24 23:23:58.094,2.10815,2.10905,1.70,1.60
2010.06.24 23:23:58.203,2.10815,2.10905,1.00,1.60
2010.06.24 23:23:59.325,2.10815,2.10905,1.00,1.60
2010.06.24 23:23:59.535,2.10815,2.10905,1.00,1.60
2010.06.24 23:24:00.315,2.1081,2.10905,1.00,1.60
2010.06.24 23:24:00.513,2.10825,2.10905,1.00,1.60
2010.06.24 23:24:01.507,2.10825,2.1092,1.00,1.60
2010.06.24 23:24:02.405,2.10825,2.1092,1.00,1.60
2010.06.24 23:24:26.944,2.10835,2.1092,1.00,1.60
2010.06.24 23:24:27.807,2.1084,2.1093,1.00,3.20
2010.06.24 23:24:27.903,2.1085,2.1095,1.00,1.60
2010.06.24 23:24:28.231,2.1086,2.10965,1.60,3.20
2010.06.24 23:24:28.545,2.10855,2.10955,2.10,1.60
2010.06.24 23:24:30.164,2.10855,2.10955,2.30,1.60
2010.06.24 23:24:30.406,2.10855,2.10955,2.10,1.60
2010.06.24 23:24:30.514,2.10855,2.10955,1.60,1.60
2010.06.24 23:24:30.625,2.1084,2.1094,1.60,1.60
2010.06.24 23:24:30.734,2.1084,2.1093,1.60,1.60
2010.06.24 23:24:30.844,2.10825,2.10925,2.30,1.60
2010.06.24 23:24:31.565,2.1084,2.1094,1.60,1.60
2010.06.24 23:24:33.184,2.1083,2.10935,1.60,1.60
2010.06.24 23:24:36.005,2.1084,2.1094,1.60,3.20
2010.06.24 23:24:36.213,2.1084,2.1094,1.60,1.60
2010.06.24 23:24:38.783,2.10835,2.1091,1.60,1.60
2010.06.24 23:24:38.904,2.10815,2.1091,1.00,1.60
2010.06.24 23:24:39.144,2.10805,2.1091,3.30,1.60
2010.06.24 23:24:39.383,2.10805,2.10905,1.00,1.60
2010.06.24 23:24:43.182,2.10795,2.1089,1.00,1.60
2010.06.24 23:24:43.387,2.10795,2.109,1.70,3.20
2010.06.24 23:24:51.458,2.10795,2.1089,1.00,1.60
2010.06.24 23:24:51.663,2.10795,2.109,1.70,3.20
2010.06.24 23:24:52.153,2.10795,2.1089,1.00,1.60
2010.06.24 23:24:52.404,2.10805,2.1089,1.00,1.60
2010.06.24 23:24:54.649,2.10795,2.1089,1.00,1.60
2010.06.24 23:25:01.122,2.10805,2.1089,1.00,1.60
2010.06.24 23:25:01.623,2.10805,2.10895,1.00,1.60
2010.06.24 23:25:01.852,2.10805,2.109,1.00,3.20
2010.06.24 23:25:02.915,2.10805,2.10895,1.00,1.60
2010.06.24 23:25:03.025,2.10805,2.109,1.00,3.20
2010.06.24 23:25:03.464,2.10805,2.1089,1.00,1.60
2010.06.24 23:25:04.169,2.10805,2.10895,1.00,1.60
2010.06.24 23:25:04.488,2.10805,2.109,1.00,3.20
2010.06.24 23:25:04.806,2.10805,2.109,1.00,1.60
2010.06.24 23:25:05.113,2.10815,2.109,1.00,1.60
2010.06.24 23:25:11.963,2.10815,2.10905,1.00,1.60
2010.06.24 23:25:12.915,2.10795,2.109,1.70,3.20
2010.06.24 23:25:14.373,2.10795,2.1089,1.00,1.60
2010.06.24 23:25:15.363,2.10795,2.10895,1.70,1.60
2010.06.24 23:25:15.506,2.10795,2.109,1.60,3.20
2010.06.24 23:25:15.645,2.10795,2.109,1.70,3.20
2010.06.24 23:25:15.784,2.10805,2.109,1.00,3.20
2010.06.24 23:25:26.893,2.10795,2.109,1.70,3.20
2010.06.24 23:25:27.043,2.10795,2.1089,1.00,1.60
2010.06.24 23:26:06.534,2.10795,2.10895,1.00,3.20
2010.06.24 23:26:11.524,2.10795,2.10895,1.00,1.60
2010.06.24 23:26:11.627,2.10795,2.1089,1.00,1.60
2010.06.24 23:26:11.826,2.108,2.1089,1.60,1.60
2010.06.24 23:26:12.027,2.10795,2.109,1.60,3.20
2010.06.24 23:26:19.223,2.1082,2.109,1.60,1.60
2010.06.24 23:26:19.314,2.10825,2.1093,1.60,3.20
2010.06.24 23:26:19.484,2.1082,2.1092,2.10,1.60
2010.06.24 23:26:19.574,2.1082,2.1092,1.60,1.60
2010.06.24 23:26:20.890,2.1082,2.10925,1.60,3.70
2010.06.24 23:26:21.235,2.1082,2.1092,1.60,1.60
2010.06.24 23:26:26.099,2.10815,2.109,1.00,1.60
2010.06.24 23:26:26.290,2.10805,2.10905,1.60,1.60
2010.06.24 23:26:27.144,2.10805,2.10905,1.60,2.10
2010.06.24 23:26:27.444,2.10795,2.109,3.20,1.60
2010.06.24 23:26:27.744,2.108,2.109,1.60,1.60
2010.06.24 23:26:29.123,2.1079,2.1089,2.00,1.60
2010.06.24 23:26:33.856,2.10795,2.10895,1.60,1.60
2010.06.24 23:26:35.595,2.1079,2.10895,2.00,3.20
2010.06.24 23:26:51.483,2.1079,2.1089,2.00,1.60
2010.06.24 23:26:54.024,2.10795,2.1089,1.00,1.60
2010.06.24 23:27:04.252,2.1079,2.1089,2.00,1.60
2010.06.24 23:27:08.982,2.10785,2.10885,1.00,1.60
2010.06.24 23:27:09.586,2.10795,2.109,1.60,3.70
2010.06.24 23:27:09.785,2.10805,2.109,1.00,3.20
2010.06.24 23:27:10.645,2.10805,2.10905,1.00,1.60
2010.06.24 23:27:10.887,2.1081,2.10915,1.60,3.20
2010.06.24 23:27:11.126,2.10805,2.10905,1.00,1.60
2010.06.24 23:27:15.043,2.10805,2.109,1.00,1.60
2010.06.24 23:27:15.150,2.10805,2.109,1.00,3.20
2010.06.24 23:27:15.356,2.10795,2.109,2.00,3.20
2010.06.24 23:27:15.457,2.10795,2.109,3.60,1.60
2010.06.24 23:27:15.556,2.108,2.10905,3.20,1.60
2010.06.24 23:27:15.755,2.10805,2.10905,1.00,1.60
2010.06.24 23:27:16.485,2.1081,2.10915,1.60,3.20
2010.06.24 23:27:17.240,2.1081,2.1091,1.60,1.60
2010.06.24 23:27:17.334,2.10805,2.10905,1.00,1.60
2010.06.24 23:27:21.276,2.108,2.10905,3.20,1.60
2010.06.24 23:27:21.424,2.10795,2.109,3.60,1.60
2010.06.24 23:27:21.714,2.10795,2.109,2.00,3.20
2010.06.24 23:27:22.521,2.1083,2.10905,1.00,1.60
2010.06.24 23:27:22.867,2.10825,2.1093,1.60,3.20
2010.06.24 23:27:23.206,2.10815,2.1092,3.60,1.60
2010.06.24 23:27:28.665,2.10815,2.10915,1.00,3.20
2010.06.24 23:27:28.773,2.1081,2.10915,2.00,3.20
2010.06.24 23:27:29.452,2.10815,2.10915,1.60,1.60
2010.06.24 23:27:29.769,2.1082,2.1092,1.00,1.60
2010.06.24 23:27:35.428,2.1082,2.10915,1.00,3.20
2010.06.24 23:27:35.935,2.1081,2.10915,1.60,3.20
2010.06.24 23:27:37.813,2.10785,2.10885,1.00,1.60
2010.06.24 23:27:37.916,2.1079,2.1089,1.60,1.60
2010.06.24 23:27:38.015,2.1079,2.1089,2.00,1.60
2010.06.24 23:27:38.114,2.1079,2.10885,1.00,1.60
2010.06.24 23:27:39.095,2.10785,2.10885,1.00,1.60
2010.06.24 23:27:39.679,2.1079,2.10885,1.00,1.60
2010.06.24 23:27:43.550,2.10785,2.10885,1.00,1.60
2010.06.24 23:27:47.792,2.1078,2.10885,1.60,1.60
2010.06.24 23:27:49.415,2.10785,2.10885,1.00,1.60
2010.06.24 23:27:51.386,2.10785,2.1088,1.00,3.20
2010.06.24 23:27:52.024,2.10785,2.1088,1.00,1.60
2010.06.24 23:27:52.743,2.1078,2.10885,1.60,1.60
2010.06.24 23:27:52.979,2.1079,2.10885,1.00,1.60
2010.06.24 23:27:55.141,2.1079,2.1089,2.00,1.60
2010.06.24 23:27:55.864,2.1079,2.1089,1.60,1.60
2010.06.24 23:27:55.985,2.1077,2.10865,1.00,3.20
2010.06.24 23:27:56.324,2.1076,2.10865,1.60,3.70
2010.06.24 23:27:58.156,2.1076,2.10865,1.60,3.20
2010.06.24 23:27:58.906,2.1075,2.10855,2.00,1.60
2010.06.24 23:28:01.223,2.1076,2.1086,1.60,1.60
2010.06.24 23:28:01.385,2.1076,2.10865,1.60,3.20
2010.06.24 23:28:10.088,2.1075,2.10855,2.00,1.60
2010.06.24 23:28:10.245,2.10755,2.10855,1.60,1.60
2010.06.24 23:28:18.054,2.1076,2.10865,1.60,3.70
2010.06.24 23:28:18.245,2.1076,2.10865,1.60,3.20
2010.06.24 23:28:20.464,2.10755,2.1086,1.60,3.20
2010.06.24 23:28:20.654,2.1076,2.10865,1.60,3.70
2010.06.24 23:28:20.843,2.1076,2.10865,1.60,3.20
2010.06.24 23:28:26.383,2.10765,2.1087,3.20,2.10
2010.06.24 23:28:26.550,2.10765,2.10865,1.60,1.60
2010.06.24 23:28:26.747,2.1076,2.10865,1.60,3.20
2010.06.24 23:28:27.126,2.10775,2.10875,1.60,1.60
2010.06.24 23:28:27.995,2.10775,2.1088,1.60,3.20
2010.06.24 23:28:29.929,2.10775,2.10875,1.60,1.00
2010.06.24 23:28:30.024,2.10775,2.10875,1.60,2.10
2010.06.24 23:28:30.514,2.10775,2.10875,1.60,2.30
2010.06.24 23:28:32.669,2.10765,2.1087,3.20,1.60
2010.06.24 23:28:32.764,2.1076,2.10865,1.60,3.20
2010.06.24 23:28:38.335,2.10765,2.1087,3.60,1.60
2010.06.24 23:28:40.094,2.10765,2.10865,1.60,1.60
2010.06.24 23:28:40.414,2.1076,2.10865,1.60,3.20
2010.06.24 23:28:56.844,2.10785,2.10865,1.60,1.60
2010.06.24 23:28:57.094,2.10785,2.1089,1.60,3.20
2010.06.24 23:28:57.583,2.1079,2.1089,1.60,1.60
2010.06.24 23:29:08.114,2.1079,2.10885,1.60,1.00
2010.06.24 23:29:10.924,2.1079,2.1089,1.60,1.60
2010.06.24 23:29:12.041,2.1079,2.10885,1.60,1.00
2010.06.24 23:29:12.300,2.1078,2.10875,1.60,1.60
2010.06.24 23:29:12.560,2.1077,2.10875,3.20,1.60
2010.06.24 23:29:13.420,2.10775,2.1088,1.60,3.70
2010.06.24 23:29:13.731,2.1076,2.10865,1.60,3.20
2010.06.24 23:29:14.335,2.10755,2.10855,1.60,1.60
2010.06.24 23:29:19.746,2.1075,2.1085,1.60,1.60
2010.06.24 23:29:19.995,2.10755,2.10855,1.60,1.60
2010.06.24 23:29:20.246,2.10745,2.1085,3.20,1.60
2010.06.24 23:29:21.355,2.1076,2.10855,1.60,1.60
2010.06.24 23:29:21.543,2.1076,2.10865,1.60,3.20
2010.06.24 23:29:23.696,2.1077,2.10875,1.60,1.00
2010.06.24 23:29:24.744,2.1076,2.10865,1.60,3.20
2010.06.24 23:29:29.184,2.10775,2.10865,1.60,1.60
2010.06.24 23:29:29.254,2.1078,2.10885,1.60,1.60
2010.06.24 23:29:29.324,2.1078,2.10885,1.60,1.70
2010.06.24 23:29:29.397,2.1078,2.1086,1.60,1.60
2010.06.24 23:29:29.465,2.1077,2.10855,1.10,1.60
2010.06.24 23:29:29.534,2.1075,2.10855,1.60,3.20
2010.06.24 23:29:30.168,2.10745,2.1085,3.20,1.60
2010.06.24 23:29:30.516,2.10765,2.1087,3.20,1.60
2010.06.24 23:29:30.858,2.10775,2.10865,1.60,1.60
2010.06.24 23:29:31.577,2.1078,2.10885,1.60,3.20
2010.06.24 23:29:31.916,2.1078,2.10885,1.60,1.60
2010.06.24 23:29:48.757,2.1079,2.1089,1.60,1.60
2010.06.24 23:29:48.895,2.1078,2.10885,1.60,1.60
2010.06.24 23:29:49.164,2.1079,2.1089,1.60,1.60
2010.06.24 23:29:51.305,2.1078,2.10885,1.60,1.60
2010.06.24 23:29:51.635,2.10785,2.10885,1.60,1.60
2010.06.24 23:29:51.805,2.1079,2.1089,1.60,1.60
2010.06.24 23:29:53.905,2.1081,2.10915,1.60,3.30
2010.06.24 23:29:54.025,2.10815,2.10915,1.60,1.60
2010.06.24 23:29:54.204,2.10815,2.1092,3.20,1.60
2010.06.24 23:29:54.384,2.1081,2.10915,1.60,3.20
2010.06.24 23:29:56.328,2.1081,2.10915,1.60,3.20
2010.06.24 23:29:56.427,2.108,2.10905,3.20,1.60
2010.06.24 23:29:57.350,2.10775,2.1088,1.60,3.20
2010.06.24 23:29:58.036,2.1078,2.10885,1.60,1.60
2010.06.24 23:30:23.195,2.10785,2.10885,1.60,1.60
2010.06.24 23:30:23.255,2.1079,2.1089,1.60,1.60
2010.06.24 23:30:23.375,2.1079,2.1089,3.20,1.60
2010.06.24 23:30:23.454,2.10795,2.109,1.60,3.20
2010.06.24 23:30:23.674,2.108,2.109,1.60,1.60
2010.06.24 23:30:24.286,2.108,2.10905,3.20,1.60
2010.06.24 23:31:23.767,2.108,2.10905,1.60,1.60
2010.06.24 23:31:24.637,2.1079,2.10925,1.00,1.80
2010.06.24 23:31:26.009,2.1079,2.10925,1.00,1.60
2010.06.24 23:31:29.544,2.10785,2.10915,1.60,1.00
2010.06.24 23:31:29.694,2.1079,2.109,1.60,1.60
2010.06.24 23:31:29.845,2.10795,2.109,1.60,3.20
2010.06.24 23:32:30.476,2.10785,2.10915,1.00,1.80
2010.06.24 23:32:35.996,2.1081,2.10915,1.60,3.90
2010.06.24 23:32:36.694,2.1081,2.10915,1.60,3.70
2010.06.24 23:32:37.125,2.1081,2.10915,1.60,3.20
2010.06.24 23:32:45.004,2.1081,2.10915,1.60,3.30
2010.06.24 23:32:45.164,2.10805,2.109,2.10,1.60
2010.06.24 23:32:45.335,2.10805,2.109,1.00,3.20
2010.06.24 23:32:45.505,2.1079,2.10885,1.00,3.20
2010.06.24 23:32:45.674,2.1078,2.10885,1.60,3.20
2010.06.24 23:33:02.295,2.10795,2.109,1.60,4.30
2010.06.24 23:33:02.433,2.10795,2.109,1.60,3.20
2010.06.24 23:33:30.425,2.108,2.10905,3.20,1.60
2010.06.24 23:34:10.375,2.1083,2.10935,3.20,1.60
2010.06.24 23:34:36.469,2.1083,2.1093,3.20,1.00
2010.06.24 23:34:36.560,2.108,2.10905,3.20,1.60
2010.06.24 23:34:42.705,2.1079,2.1089,1.60,1.60
2010.06.24 23:34:45.309,2.108,2.10905,3.20,1.60
2010.06.24 23:34:55.712,2.1079,2.1089,1.60,1.60
2010.06.24 23:34:58.216,2.10795,2.109,3.20,1.60
2010.06.24 23:34:59.560,2.10795,2.109,3.70,1.60
2010.06.24 23:35:02.305,2.10795,2.109,2.10,3.20
2010.06.24 23:35:02.777,2.10795,2.109,1.60,3.20
2010.06.24 23:35:17.017,2.10795,2.109,1.70,3.20
2010.06.24 23:35:19.359,2.10795,2.109,1.60,3.20
2010.06.24 23:35:19.482,2.10795,2.109,2.10,3.20
2010.06.24 23:35:19.734,2.10795,2.109,2.30,3.20
2010.06.24 23:35:20.669,2.10825,2.10925,1.60,1.60
2010.06.24 23:35:20.795,2.10835,2.10925,1.00,1.60
2010.06.24 23:35:20.926,2.10835,2.1094,3.70,1.60
2010.06.24 23:35:21.056,2.1084,2.1094,1.60,1.60
2010.06.24 23:35:21.185,2.10845,2.1095,1.60,3.70
2010.06.24 23:35:21.316,2.10845,2.1095,1.60,3.20
2010.06.24 23:35:30.935,2.1086,2.10965,1.60,3.20
2010.06.24 23:35:31.086,2.1086,2.10945,1.60,1.00
2010.06.24 23:35:31.235,2.1083,2.10935,1.60,3.20
2010.06.24 23:35:33.985,2.10835,2.10935,1.00,3.20
2010.06.24 23:35:34.104,2.1084,2.10935,1.00,3.20
2010.06.24 23:35:34.765,2.10855,2.1095,3.20,1.60
2010.06.24 23:35:34.943,2.1083,2.10935,1.60,1.60
2010.06.24 23:35:38.291,2.10835,2.10935,1.00,1.60
2010.06.24 23:35:38.544,2.1083,2.10935,1.60,1.60
2010.06.24 23:35:39.464,2.10835,2.10935,1.00,1.60
2010.06.24 23:35:40.944,2.1083,2.10935,1.60,1.60
2010.06.24 23:35:48.542,2.1089,2.10995,1.60,3.20
2010.06.24 23:35:48.745,2.10875,2.1098,1.60,3.20
2010.06.24 23:36:00.684,2.1089,2.1098,1.10,3.20
2010.06.24 23:36:00.754,2.1089,2.1098,1.60,3.20
2010.06.24 23:36:00.837,2.10935,2.1102,3.20,1.00
2010.06.24 23:36:00.915,2.10935,2.1104,3.20,1.60
2010.06.24 23:36:00.995,2.1094,2.11045,1.60,3.20
2010.06.24 23:36:02.104,2.10975,2.1108,1.60,3.20
2010.06.24 23:36:02.446,2.10965,2.1107,3.20,1.60
2010.06.24 23:36:04.995,2.1096,2.11065,3.20,1.60
2010.06.24 23:36:07.278,2.10965,2.1107,3.20,1.60
2010.06.24 23:36:07.440,2.10975,2.11075,1.60,1.60
2010.06.24 23:36:07.596,2.10965,2.1107,3.20,1.60
2010.06.24 23:36:09.145,2.1096,2.11065,1.60,3.20
2010.06.24 23:36:11.155,2.10955,2.11055,1.60,1.60
2010.06.24 23:36:14.365,2.1095,2.1105,1.60,1.60
2010.06.24 23:36:14.464,2.10945,2.1105,3.20,1.60
2010.06.24 23:36:16.175,2.1094,2.11045,1.60,3.20
2010.06.24 23:36:17.057,2.1094,2.11035,1.60,1.00
2010.06.24 23:36:21.293,2.1094,2.1102,1.60,1.60
2010.06.24 23:36:21.391,2.1092,2.1102,1.60,1.60
2010.06.24 23:36:24.037,2.10925,2.11025,1.60,1.60
2010.06.24 23:36:24.155,2.10925,2.1103,1.60,3.20
2010.06.24 23:36:26.525,2.1092,2.1102,1.60,1.60
2010.06.24 23:36:26.886,2.10895,2.11,4.30,1.60
2010.06.24 23:36:27.679,2.109,2.1099,1.60,1.60
2010.06.24 23:36:28.018,2.1089,2.1099,1.60,1.60
2010.06.24 23:36:40.701,2.10875,2.1098,1.60,3.20
2010.06.24 23:36:42.305,2.10865,2.1097,3.20,1.60
2010.06.24 23:36:42.486,2.1086,2.10965,1.60,3.20
2010.06.24 23:36:43.472,2.10855,2.10955,1.60,1.60
2010.06.24 23:36:46.337,2.10855,2.10955,1.70,1.60
2010.06.24 23:36:46.456,2.10855,2.10955,1.60,1.60
2010.06.24 23:36:51.257,2.10855,2.10955,1.70,1.60
2010.06.24 23:36:51.375,2.10855,2.10955,1.60,1.60
2010.06.24 23:36:52.119,2.10855,2.10955,1.70,1.60
2010.06.24 23:36:52.456,2.10855,2.10955,1.60,1.60
2010.06.24 23:36:53.137,2.1086,2.10965,1.60,3.20
2010.06.24 23:36:56.885,2.10855,2.10955,1.60,1.60
2010.06.24 23:36:57.045,2.10845,2.1095,3.20,1.60
2010.06.24 23:36:57.918,2.1084,2.10945,1.60,3.20
2010.06.24 23:36:58.082,2.10845,2.10945,1.00,3.20
2010.06.24 23:36:58.685,2.1084,2.10945,1.60,3.20
2010.06.24 23:36:58.896,2.1083,2.10935,1.60,1.60
2010.06.24 23:37:00.771,2.10825,2.1093,1.60,3.20
2010.06.24 23:37:02.019,2.1081,2.10915,1.60,1.60
2010.06.24 23:37:04.716,2.1081,2.10915,1.60,3.20
2010.06.24 23:37:17.466,2.10825,2.1093,1.60,3.20
2010.06.24 23:37:18.313,2.10795,2.109,1.70,3.20
2010.06.24 23:37:18.815,2.10795,2.109,1.60,3.20
2010.06.24 23:37:34.157,2.1079,2.1089,1.60,1.60
2010.06.24 23:37:45.705,2.108,2.109,3.20,1.00
2010.06.24 23:37:45.906,2.10815,2.1092,3.20,1.60
2010.06.24 23:37:46.106,2.1079,2.10875,1.60,1.60
2010.06.24 23:37:46.306,2.10775,2.10875,1.70,1.60
2010.06.24 23:37:46.506,2.108,2.10905,1.60,3.20
2010.06.24 23:37:46.706,2.10815,2.1092,3.20,1.60
2010.06.24 23:37:47.851,2.10845,2.1095,3.20,1.60
2010.06.24 23:37:52.633,2.1084,2.10945,1.60,3.20
2010.06.24 23:37:52.910,2.10825,2.1093,3.20,1.60
2010.06.24 23:37:53.198,2.1082,2.10925,1.60,3.20
2010.06.24 23:38:06.659,2.10805,2.1091,1.70,3.20
2010.06.24 23:38:17.256,2.10805,2.10895,1.60,1.60
2010.06.24 23:38:17.495,2.10795,2.10895,1.00,3.20
2010.06.24 23:38:26.694,2.10805,2.10895,1.00,3.20
2010.06.24 23:38:27.814,2.10805,2.10895,1.00,1.60
2010.06.24 23:38:27.898,2.1085,2.10955,2.10,3.20
2010.06.24 23:38:27.986,2.1085,2.1095,1.60,1.00
2010.06.24 23:38:28.075,2.10845,2.1094,1.60,1.60
2010.06.24 23:38:28.167,2.10835,2.1094,2.10,3.20
2010.06.24 23:38:28.415,2.10835,2.1091,1.00,3.20
2010.06.24 23:38:29.196,2.10805,2.1091,1.70,3.20
2010.06.24 23:38:34.596,2.1081,2.10915,3.20,1.60
2010.06.24 23:38:42.325,2.1081,2.1089,3.20,1.00
2010.06.24 23:38:42.546,2.10795,2.10885,1.20,1.60
2010.06.24 23:38:42.766,2.1081,2.10915,1.60,3.20
2010.06.24 23:38:42.937,2.1081,2.10915,3.20,1.60
2010.06.24 23:38:46.380,2.10805,2.109,1.00,1.60
2010.06.24 23:38:48.076,2.108,2.10895,1.60,1.00
2010.06.24 23:38:48.297,2.10795,2.1087,1.00,1.60
2010.06.24 23:38:48.515,2.10795,2.109,1.70,3.20
2010.06.24 23:38:48.665,2.108,2.109,1.60,1.60
2010.06.24 23:38:50.406,2.10805,2.109,1.00,1.60
2010.06.24 23:38:50.557,2.1082,2.1091,1.60,1.60
2010.06.24 23:38:50.696,2.1082,2.10925,1.60,3.20
2010.06.24 23:38:50.976,2.10825,2.1093,3.20,1.60
2010.06.24 23:38:51.115,2.10825,2.10925,1.60,1.60
2010.06.24 23:38:51.256,2.1082,2.10925,1.60,3.20
2010.06.24 23:38:58.191,2.10815,2.1091,1.00,3.20
2010.06.24 23:38:58.348,2.1081,2.10915,3.20,1.60
2010.06.24 23:38:58.705,2.1082,2.10925,1.60,3.20
2010.06.24 23:38:59.245,2.1081,2.10915,3.20,1.60
2010.06.24 23:38:59.475,2.10815,2.10915,1.00,1.60
2010.06.24 23:39:03.065,2.1081,2.10915,3.20,1.60
2010.06.24 23:39:03.205,2.1081,2.1087,1.60,1.60
2010.06.24 23:39:03.386,2.1081,2.10875,1.60,1.60
2010.06.24 23:39:03.566,2.1081,2.10915,3.20,1.60
2010.06.24 23:39:05.616,2.108,2.109,1.60,1.60
2010.06.24 23:39:05.767,2.10805,2.109,1.00,1.60
2010.06.24 23:39:05.916,2.1081,2.109,1.10,1.60
2010.06.24 23:39:06.066,2.10815,2.10915,2.10,1.60
2010.06.24 23:39:07.465,2.10815,2.10915,2.30,1.60
2010.06.24 23:39:08.382,2.10825,2.10915,1.00,1.60
2010.06.24 23:39:12.368,2.10825,2.1092,1.70,1.60
2010.06.24 23:39:12.545,2.10825,2.1093,3.90,1.60
2010.06.24 23:39:13.725,2.10825,2.1093,3.30,1.60
2010.06.24 23:39:13.775,2.10825,2.10915,1.00,1.60
2010.06.24 23:39:14.596,2.10825,2.10925,1.00,3.20
2010.06.24 23:39:18.205,2.10825,2.10925,1.60,1.60
2010.06.24 23:39:18.993,2.10825,2.1093,3.90,1.60
2010.06.24 23:39:19.110,2.10825,2.10925,1.00,3.20
2010.06.24 23:39:24.541,2.1083,2.1093,1.00,1.60
2010.06.24 23:39:25.308,2.10835,2.1093,1.00,1.60
2010.06.24 23:39:28.905,2.1083,2.1093,1.00,1.60
2010.06.24 23:39:29.005,2.10825,2.1093,3.90,1.60
2010.06.24 23:39:29.674,2.10825,2.10925,2.30,1.60
2010.06.24 23:39:29.769,2.10825,2.10925,1.00,3.20
2010.06.24 23:39:45.945,2.10835,2.10925,1.10,3.20
2010.06.24 23:39:46.014,2.1084,2.10925,1.00,3.20
2010.06.24 23:39:46.216,2.10835,2.10925,1.60,3.20
2010.06.24 23:39:46.286,2.10835,2.10925,1.80,3.20
2010.06.24 23:39:47.231,2.10825,2.10925,1.60,1.60
2010.06.24 23:39:47.580,2.10815,2.10915,2.30,1.60
2010.06.24 23:39:48.207,2.10825,2.10915,1.00,1.60
2010.06.24 23:39:51.515,2.10815,2.10915,2.30,1.60
2010.06.24 23:39:51.696,2.10815,2.1091,1.00,1.60
2010.06.24 23:39:52.923,2.10805,2.1089,1.00,1.60
2010.06.24 23:39:53.215,2.1081,2.109,1.00,1.60
2010.06.24 23:39:53.367,2.1081,2.109,1.60,1.60
2010.06.24 23:39:53.519,2.10815,2.1091,1.00,1.60
2010.06.24 23:39:53.666,2.1081,2.109,1.00,1.60
2010.06.24 23:39:55.022,2.10815,2.109,1.00,1.60
2010.06.24 23:40:03.113,2.1081,2.109,1.00,1.60
2010.06.24 23:40:08.270,2.10815,2.109,1.00,1.60
2010.06.24 23:40:08.404,2.10815,2.10905,1.70,1.60
2010.06.24 23:40:08.545,2.10815,2.10915,3.40,1.60
2010.06.24 23:40:09.712,2.10825,2.10915,1.00,1.60
2010.06.24 23:40:12.284,2.10835,2.10915,1.60,1.60
2010.06.24 23:40:12.300,2.1084,2.10945,1.60,3.20
2010.06.24 23:40:12.621,2.10895,2.1099,1.10,1.60
2010.06.24 23:40:12.766,2.109,2.1099,1.00,1.60
2010.06.24 23:40:15.412,2.10905,2.1099,1.00,1.60
2010.06.24 23:40:18.628,2.10895,2.1099,1.10,1.60
2010.06.24 23:40:18.817,2.1089,2.1099,2.10,1.60
2010.06.24 23:40:37.904,2.10895,2.1099,1.00,1.60
2010.06.24 23:40:38.157,2.10915,2.1099,1.00,1.60
2010.06.24 23:40:39.064,2.10915,2.1101,1.60,1.60
2010.06.24 23:40:39.271,2.10915,2.1102,5.00,1.60
2010.06.24 23:40:40.086,2.1092,2.1102,1.00,1.60
2010.06.24 23:40:40.789,2.10925,2.1102,1.00,1.60
2010.06.24 23:40:46.541,2.10925,2.11025,1.70,3.20
2010.06.24 23:40:47.165,2.10925,2.11025,1.70,1.60
2010.06.24 23:40:50.156,2.10925,2.11025,1.60,1.60
2010.06.24 23:40:51.006,2.1092,2.11015,2.10,1.60
2010.06.24 23:40:51.132,2.10915,2.11015,1.00,3.20
2010.06.24 23:40:51.268,2.10915,2.11015,1.00,3.20
2010.06.24 23:40:51.385,2.10915,2.11015,1.00,3.20
2010.06.24 23:40:51.956,2.10915,2.11015,1.00,3.20
2010.06.24 23:40:53.044,2.10925,2.11025,1.00,1.60
2010.06.24 23:40:55.269,2.1092,2.11025,3.70,1.60
2010.06.24 23:40:55.688,2.1092,2.11025,3.20,1.60
2010.06.24 23:40:56.125,2.1092,2.11025,1.60,3.20
2010.06.24 23:40:57.481,2.10925,2.11025,1.00,1.60
2010.06.24 23:40:57.626,2.1092,2.11025,3.20,1.60
2010.06.24 23:40:58.652,2.1092,2.11025,1.60,3.20
2010.06.24 23:40:58.960,2.1092,2.11015,1.60,2.70
2010.06.24 23:40:59.259,2.10905,2.11005,1.60,1.60
2010.06.24 23:40:59.560,2.10905,2.1101,3.20,1.60
2010.06.24 23:40:59.870,2.10905,2.1101,2.10,3.20
2010.06.24 23:41:00.587,2.10905,2.11005,1.00,1.60
2010.06.24 23:41:02.357,2.10905,2.11005,1.00,1.60
2010.06.24 23:41:02.965,2.10905,2.11,1.00,3.20
2010.06.24 23:41:03.744,2.10905,2.11,1.00,3.20
2010.06.24 23:41:03.905,2.1091,2.11015,1.60,3.20
2010.06.24 23:41:04.247,2.109,2.11,1.00,3.20
2010.06.24 23:41:04.658,2.1091,2.11015,1.60,3.20
2010.06.24 23:41:07.446,2.10915,2.11015,2.10,1.60
2010.06.24 23:41:07.705,2.10915,2.1102,3.70,1.60
2010.06.24 23:41:17.715,2.10915,2.11015,1.60,1.60
2010.06.24 23:41:18.438,2.1092,2.11015,1.00,3.20
2010.06.24 23:41:18.611,2.10925,2.11025,1.60,1.60
2010.06.24 23:41:40.586,2.1091,2.11015,1.60,3.20
2010.06.24 23:41:41.376,2.1093,2.11035,1.60,3.20
2010.06.24 23:42:23.768,2.1093,2.1103,1.60,1.60
2010.06.24 23:42:23.891,2.10915,2.1102,2.30,3.20
2010.06.24 23:42:33.655,2.10925,2.1102,1.00,3.20
2010.06.24 23:42:33.785,2.10925,2.1102,2.10,1.60
2010.06.24 23:42:33.925,2.1093,2.11035,1.60,3.20
2010.06.24 23:42:34.066,2.1093,2.11005,1.60,1.60
2010.06.24 23:42:34.205,2.109,2.11005,2.10,3.20
2010.06.24 23:42:35.484,2.10925,2.11005,1.60,1.60
2010.06.24 23:42:35.740,2.1093,2.11035,1.60,3.20
2010.06.24 23:42:44.846,2.10925,2.1102,1.60,1.60
2010.06.24 23:42:44.915,2.10915,2.1102,2.30,3.20
2010.06.24 23:42:47.357,2.10915,2.1102,2.20,3.20
2010.06.24 23:42:47.605,2.10915,2.1102,2.30,3.20
2010.06.24 23:42:56.014,2.1093,2.11035,1.60,3.20
2010.06.24 23:42:56.314,2.10885,2.1099,3.30,1.60
2010.06.24 23:42:57.856,2.10895,2.1099,1.00,1.60
2010.06.24 23:42:58.186,2.10895,2.10995,1.70,1.60
2010.06.24 23:43:02.037,2.10895,2.1099,1.00,1.60
2010.06.24 23:43:03.905,2.10905,2.1099,1.00,1.60
2010.06.24 23:43:04.814,2.10885,2.10975,1.00,1.60
2010.06.24 23:43:06.387,2.10875,2.10975,1.00,1.60
2010.06.24 23:43:11.101,2.1087,2.10975,1.60,1.60
2010.06.24 23:43:11.940,2.10875,2.10975,1.00,1.60
2010.06.24 23:43:12.059,2.1087,2.10975,1.60,1.60
2010.06.24 23:43:14.866,2.10875,2.10975,1.00,1.60
2010.06.24 23:43:15.078,2.1087,2.10975,1.60,1.60
2010.06.24 23:43:15.206,2.10885,2.10975,1.00,1.60
2010.06.24 23:43:15.649,2.109,2.11005,1.60,3.20
2010.06.24 23:43:16.323,2.10915,2.1102,1.60,3.20
2010.06.24 23:43:16.442,2.10885,2.1099,3.20,1.60
2010.06.24 23:43:16.557,2.10885,2.1099,3.30,1.60
2010.06.24 23:43:18.003,2.10895,2.1099,1.00,1.60
2010.06.24 23:43:19.298,2.10885,2.1099,3.30,1.60
2010.06.24 23:43:23.585,2.10885,2.1098,1.00,1.60
2010.06.24 23:43:23.766,2.10895,2.10995,1.60,1.60
2010.06.24 23:43:23.946,2.10895,2.10995,1.70,1.60
2010.06.24 23:43:24.317,2.109,2.11005,1.60,3.20
2010.06.24 23:43:24.696,2.10905,2.1101,3.20,1.60
2010.06.24 23:43:25.895,2.10905,2.1101,3.30,1.60
2010.06.24 23:43:26.116,2.10915,2.1102,1.60,3.20
2010.06.24 23:43:27.375,2.10915,2.1102,1.70,3.20
2010.06.24 23:43:29.440,2.1095,2.1102,1.60,1.60
2010.06.24 23:43:29.548,2.1095,2.11055,1.60,1.60
2010.06.24 23:43:39.230,2.10965,2.1107,1.60,3.20
2010.06.24 23:43:39.372,2.1096,2.1106,1.60,1.60
2010.06.24 23:43:39.520,2.10965,2.1107,1.60,3.20
2010.06.24 23:43:39.798,2.1096,2.1106,1.60,1.60
2010.06.24 23:43:40.510,2.1095,2.11055,1.60,1.60
2010.06.24 23:44:03.746,2.10945,2.1105,1.60,3.20
2010.06.24 23:44:04.816,2.10945,2.1103,1.60,1.10
2010.06.24 23:44:04.986,2.10915,2.1102,1.60,3.20
2010.06.24 23:44:13.746,2.10905,2.1101,3.30,1.60
2010.06.24 23:44:22.598,2.10905,2.1101,3.20,1.60
2010.06.24 23:44:23.138,2.109,2.11005,1.60,3.20
2010.06.24 23:44:24.575,2.10905,2.1101,3.20,1.60
2010.06.24 23:44:29.837,2.10895,2.10995,1.10,1.60
2010.06.24 23:44:29.928,2.10905,2.1101,3.20,1.60
2010.06.24 23:44:32.726,2.10905,2.11,1.60,1.60
2010.06.24 23:44:32.946,2.10905,2.10995,1.60,1.60
2010.06.24 23:44:33.166,2.10905,2.1101,3.20,1.60
2010.06.24 23:44:40.295,2.109,2.11005,1.60,3.20
2010.06.24 23:44:40.696,2.10895,2.10995,1.60,1.60
2010.06.24 23:44:48.466,2.10895,2.10995,1.70,1.60
2010.06.24 23:44:49.449,2.109,2.11005,1.60,3.20
2010.06.24 23:44:53.905,2.10895,2.10995,1.60,1.60
2010.06.24 23:44:54.505,2.109,2.11005,1.60,3.20
2010.06.24 23:44:57.046,2.1089,2.1099,1.00,3.20
2010.06.24 23:44:57.395,2.10885,2.1099,1.70,3.20
2010.06.24 23:44:59.737,2.10885,2.1099,1.60,3.20
2010.06.24 23:44:59.976,2.1088,2.1098,1.60,1.60
2010.06.24 23:45:00.458,2.10885,2.1099,1.60,3.20
2010.06.24 23:45:01.282,2.10885,2.1099,1.70,3.20
2010.06.24 23:45:05.106,2.10885,2.1099,1.60,3.20
2010.06.24 23:45:05.449,2.10885,2.1099,1.70,3.20
2010.06.24 23:45:05.746,2.10885,2.1099,1.60,3.20
2010.06.24 23:45:06.564,2.10885,2.1099,2.70,3.20
2010.06.24 23:45:06.710,2.10885,2.1099,1.70,3.20
2010.06.24 23:45:07.686,2.109,2.11005,1.60,3.20
2010.06.24 23:45:08.027,2.10875,2.10975,1.00,3.20
2010.06.24 23:45:10.811,2.10875,2.1097,1.00,1.60
2010.06.24 23:45:10.831,2.10865,2.1096,1.60,1.60
2010.06.24 23:45:10.907,2.10855,2.1096,2.80,3.20
2010.06.24 23:45:10.968,2.10855,2.1096,1.70,3.20
2010.06.24 23:45:15.176,2.10855,2.1095,1.00,1.60
2010.06.24 23:45:15.738,2.10855,2.1096,1.70,3.20
2010.06.24 23:45:17.300,2.1087,2.1096,1.60,1.60
2010.06.24 23:45:17.431,2.1087,2.10975,1.60,3.20
2010.06.24 23:45:18.141,2.10875,2.10975,1.00,3.20
2010.06.24 23:45:18.647,2.10875,2.10965,1.00,1.60
2010.06.24 23:45:19.977,2.10875,2.1096,1.00,1.60
2010.06.24 23:45:20.354,2.10865,2.1096,1.00,1.60
2010.06.24 23:45:24.875,2.10875,2.1096,1.00,1.60
2010.06.24 23:45:25.051,2.10865,2.1096,1.00,1.60
2010.06.24 23:45:25.918,2.10875,2.1096,1.00,1.60
2010.06.24 23:45:26.065,2.10865,2.1096,1.00,1.60
2010.06.24 23:45:33.009,2.10865,2.1096,1.20,1.60
2010.06.24 23:45:33.222,2.10915,2.1102,1.60,3.20
2010.06.24 23:45:35.388,2.10915,2.1102,1.70,3.20
2010.06.24 23:45:38.364,2.10925,2.11025,1.60,1.60
2010.06.24 23:45:38.596,2.1092,2.11025,3.20,1.60
2010.06.24 23:45:40.578,2.1092,2.11025,4.00,1.60
2010.06.24 23:45:40.646,2.10955,2.11025,1.00,1.60
2010.06.24 23:45:40.847,2.10965,2.1107,3.20,1.60
2010.06.24 23:45:41.639,2.10945,2.1104,1.10,1.60
2010.06.24 23:45:41.710,2.10935,2.1104,3.20,1.60
2010.06.24 23:45:41.777,2.1092,2.11025,3.70,1.60
2010.06.24 23:45:41.847,2.1092,2.11025,3.20,1.60
2010.06.24 23:45:45.535,2.10935,2.11025,1.60,1.60
2010.06.24 23:45:46.218,2.10935,2.1104,3.20,1.60
2010.06.24 23:45:48.455,2.10935,2.1104,3.30,1.60
2010.06.24 23:45:50.595,2.10935,2.1104,3.20,1.60
2010.06.24 23:45:50.755,2.10935,2.11025,1.60,1.60
2010.06.24 23:45:50.915,2.1092,2.11025,3.20,1.60
2010.06.24 23:45:54.786,2.1093,2.1103,1.60,1.60
2010.06.24 23:45:54.898,2.1093,2.11035,1.60,3.20
2010.06.24 23:45:56.739,2.10935,2.1104,3.20,1.60
2010.06.24 23:45:56.987,2.10945,2.1105,1.60,3.20
2010.06.24 23:45:58.136,2.1095,2.1105,1.60,1.60
2010.06.24 23:45:58.418,2.1096,2.1106,1.60,1.60
2010.06.24 23:46:05.020,2.10965,2.1107,1.60,3.20
2010.06.24 23:46:05.417,2.1097,2.11075,3.20,1.60
2010.06.24 23:46:05.848,2.10985,2.1109,3.20,1.60
2010.06.24 23:46:06.892,2.10995,2.11095,1.60,1.60
2010.06.24 23:46:09.310,2.11015,2.11105,1.60,1.60
2010.06.24 23:46:09.586,2.11,2.11105,1.60,3.20
2010.06.24 23:46:11.333,2.10995,2.11095,1.60,1.60
2010.06.24 23:46:13.560,2.10965,2.1107,1.70,3.20
2010.06.24 23:46:14.598,2.10965,2.1107,1.60,3.20
2010.06.24 23:46:14.846,2.10965,2.1107,1.70,3.20
2010.06.24 23:46:15.096,2.1097,2.1107,1.60,1.60
2010.06.24 23:46:15.347,2.1098,2.11085,1.60,3.20
2010.06.24 23:46:15.597,2.10985,2.1109,3.20,1.60
2010.06.24 23:46:19.305,2.10985,2.11085,3.20,1.10
2010.06.24 23:46:19.456,2.1096,2.1106,1.60,1.60
2010.06.24 23:46:20.137,2.1095,2.11055,1.60,1.60
2010.06.24 23:46:52.083,2.10945,2.1105,3.30,1.60
2010.06.24 23:46:52.220,2.10945,2.1105,1.70,3.20
2010.06.24 23:47:04.057,2.10955,2.1105,1.00,3.20
2010.06.24 23:47:04.186,2.10955,2.1105,1.00,3.20
2010.06.24 23:47:04.315,2.10955,2.1105,1.00,1.60
2010.06.24 23:47:04.447,2.1095,2.11055,1.60,1.60
2010.06.24 23:47:04.597,2.1097,2.11075,3.20,1.60
2010.06.24 23:47:04.897,2.10965,2.1107,1.60,3.20
2010.06.24 23:47:05.727,2.1096,2.1104,1.60,1.60
2010.06.24 23:47:05.943,2.1092,2.11025,2.10,3.20
2010.06.24 23:47:06.146,2.1092,2.11025,1.60,3.20
2010.06.24 23:47:22.728,2.10925,2.11025,1.60,1.60
2010.06.24 23:47:22.888,2.10925,2.1103,3.20,1.60
2010.06.24 23:47:40.197,2.1091,2.11015,3.20,1.60
2010.06.24 23:47:42.547,2.10915,2.11015,1.00,1.60
2010.06.24 23:47:44.688,2.10925,2.1103,3.20,1.60
2010.06.24 23:48:20.135,2.10925,2.1103,3.30,1.60
2010.06.24 23:48:20.216,2.10925,2.1103,3.90,1.60
2010.06.24 23:48:20.377,2.1094,2.11045,3.20,1.60
2010.06.24 23:48:22.431,2.10945,2.11045,1.00,1.60
2010.06.24 23:48:23.419,2.1094,2.11045,3.20,1.60
2010.06.24 23:48:23.636,2.10955,2.1106,3.20,1.60
2010.06.24 23:48:25.346,2.1094,2.1103,3.20,1.60
2010.06.24 23:48:26.137,2.10945,2.1104,1.60,1.00
2010.06.24 23:48:26.280,2.10955,2.1106,3.20,1.60
2010.06.24 23:48:27.446,2.10955,2.1103,1.60,1.60
2010.06.24 23:48:27.658,2.10955,2.1105,1.60,1.60
2010.06.24 23:48:27.867,2.10955,2.1106,3.20,1.60
2010.06.24 23:48:28.076,2.10955,2.11055,3.20,1.60
2010.06.24 23:48:28.768,2.10955,2.11035,1.60,1.60
2010.06.24 23:48:29.027,2.10925,2.1103,3.20,1.60
2010.06.24 23:48:35.716,2.1091,2.11015,3.20,1.60
2010.06.24 23:48:36.668,2.10915,2.11015,1.00,1.60
2010.06.24 23:48:37.126,2.10925,2.1103,3.20,1.60
2010.06.24 23:48:38.318,2.10925,2.1103,3.20,1.60
2010.06.24 23:48:38.505,2.10925,2.1103,3.30,1.60
2010.06.24 23:48:46.285,2.10925,2.1103,3.20,1.60
2010.06.24 23:48:46.366,2.10925,2.1103,3.20,3.20
2010.06.24 23:48:46.537,2.10905,2.10985,1.00,1.60
2010.06.24 23:48:47.718,2.1094,2.1104,3.20,1.60
2010.06.24 23:48:48.392,2.1094,2.11045,3.20,1.60
2010.06.24 23:48:48.817,2.10955,2.1106,3.20,1.60
2010.06.24 23:48:51.299,2.10955,2.1106,3.30,1.60
2010.06.24 23:48:51.555,2.10955,2.1106,3.20,1.60
2010.06.24 23:48:51.736,2.1094,2.11045,3.20,1.60
2010.06.24 23:48:54.118,2.10925,2.1103,3.70,1.60
2010.06.24 23:48:54.936,2.10925,2.1103,3.20,1.60
2010.06.24 23:48:56.956,2.10925,2.1103,3.90,1.60
2010.06.24 23:48:57.901,2.1094,2.11045,3.20,1.60
2010.06.24 23:49:00.526,2.10945,2.11045,1.00,1.60
2010.06.24 23:49:09.597,2.10935,2.1104,1.70,3.20
2010.06.24 23:49:17.187,2.10945,2.1104,1.00,3.20
2010.06.24 23:49:17.405,2.10945,2.1104,1.00,1.60
2010.06.24 23:49:17.586,2.10945,2.11045,1.00,1.60
2010.06.24 23:49:27.164,2.10945,2.11045,1.00,1.60
2010.06.24 23:49:27.646,2.1094,2.11045,3.20,1.60
2010.06.24 23:49:41.340,2.10945,2.11045,1.00,1.60
2010.06.24 23:49:41.529,2.10955,2.1106,3.20,1.60
2010.06.24 23:49:42.431,2.10955,2.1106,3.30,1.60
2010.06.24 23:50:03.788,2.10955,2.11055,1.60,1.60
2010.06.24 23:50:03.979,2.1095,2.11055,1.60,3.20
2010.06.24 23:50:42.768,2.10945,2.11045,1.60,1.60
2010.06.24 23:50:42.929,2.10945,2.11045,1.60,3.20
2010.06.24 23:50:43.682,2.10935,2.11035,1.60,1.60
2010.06.24 23:50:43.879,2.10935,2.11035,1.00,3.20
2010.06.24 23:50:47.625,2.1093,2.11035,1.60,3.20
2010.06.24 23:50:49.427,2.10925,2.11025,1.00,1.60
2010.06.24 23:50:57.787,2.1092,2.11025,3.20,1.60
2010.06.24 23:50:58.680,2.10925,2.1102,1.00,1.60
2010.06.24 23:50:58.808,2.10925,2.1102,1.60,1.60
2010.06.24 23:50:58.928,2.1093,2.11035,1.60,3.20
2010.06.24 23:50:59.653,2.1093,2.11015,1.60,1.60
2010.06.24 23:51:00.004,2.10885,2.10975,1.00,1.60
2010.06.24 23:51:00.987,2.109,2.10975,1.60,1.60
2010.06.24 23:51:01.300,2.1089,2.10995,1.60,1.60
2010.06.24 23:51:03.361,2.109,2.11005,1.60,4.30
2010.06.24 23:51:04.096,2.10895,2.11,1.60,3.20
2010.06.24 23:51:05.474,2.10895,2.11,1.70,3.20
2010.06.24 23:51:05.610,2.109,2.11005,1.60,4.30
2010.06.24 23:51:10.011,2.109,2.11,1.60,1.60
2010.06.24 23:51:10.358,2.1089,2.10995,1.60,1.60
2010.06.24 23:51:11.887,2.10895,2.10995,1.00,1.60
2010.06.24 23:51:12.116,2.10895,2.11,1.70,4.30
2010.06.24 23:51:12.349,2.10895,2.11,1.70,3.20
2010.06.24 23:51:12.578,2.10895,2.11,1.60,3.20
2010.06.24 23:51:12.918,2.109,2.11005,3.20,1.60
2010.06.24 23:51:14.257,2.10905,2.11005,1.00,1.60
2010.06.24 23:51:14.527,2.10915,2.1102,3.20,1.60
2010.06.24 23:51:14.827,2.1092,2.1102,1.10,1.60
2010.06.24 23:51:15.128,2.1093,2.11035,1.60,3.20
2010.06.24 23:51:17.208,2.10935,2.1104,3.20,1.60
2010.06.24 23:51:23.216,2.10935,2.11035,1.60,1.60
2010.06.24 23:51:24.067,2.1093,2.11035,1.60,3.20
2010.06.24 23:51:26.501,2.1093,2.11035,2.70,3.20
2010.06.24 23:51:27.356,2.1096,2.11065,1.60,3.30
2010.06.24 23:51:27.430,2.1096,2.11065,1.60,3.20
2010.06.24 23:51:28.354,2.10965,2.11065,1.60,1.60
2010.06.24 23:51:28.428,2.10965,2.1107,3.20,1.60
2010.06.24 23:51:33.529,2.10975,2.11075,1.60,1.60
2010.06.24 23:51:34.526,2.1097,2.1107,1.60,1.60
2010.06.24 23:51:34.698,2.10965,2.1107,3.20,1.60
2010.06.24 23:51:37.206,2.10965,2.11065,1.60,1.60
2010.06.24 23:51:37.306,2.1096,2.11065,1.60,3.20
2010.06.24 23:51:39.288,2.10945,2.1105,1.60,3.20
2010.06.24 23:51:56.762,2.10915,2.11005,1.60,1.60
2010.06.24 23:51:57.112,2.109,2.11005,1.60,3.20
2010.06.24 23:52:00.087,2.109,2.1099,1.60,1.60
2010.06.24 23:52:00.241,2.10885,2.1099,1.70,3.20
2010.06.24 23:52:01.057,2.10885,2.1099,1.60,3.20
2010.06.24 23:52:03.517,2.1087,2.1097,1.60,1.60
2010.06.24 23:52:05.193,2.1087,2.10975,1.60,3.20
2010.06.24 23:52:08.976,2.1088,2.10975,1.60,3.20
2010.06.24 23:52:09.228,2.109,2.1097,1.60,1.60
2010.06.24 23:52:09.480,2.10855,2.1096,1.60,3.20
2010.06.24 23:52:10.494,2.10915,2.1102,1.60,3.20
2010.06.24 23:52:10.710,2.1093,2.11035,1.60,3.20
2010.06.24 23:52:17.600,2.1092,2.11025,3.20,1.60
2010.06.24 23:52:20.534,2.10935,2.1104,3.20,1.60
2010.06.24 23:52:25.456,2.10935,2.1104,3.30,1.60
2010.06.24 23:52:25.606,2.10945,2.1105,1.60,3.20
2010.06.24 23:52:31.611,2.1095,2.1105,1.60,1.60
2010.06.24 23:52:31.779,2.1095,2.11055,1.60,3.20
2010.06.24 23:52:36.184,2.10945,2.11045,3.20,1.60
2010.06.24 23:52:36.291,2.10945,2.11045,1.60,1.60
2010.06.24 23:52:39.357,2.1093,2.1103,1.60,1.60
2010.06.24 23:52:50.408,2.1088,2.1098,1.60,1.60
2010.06.24 23:52:51.140,2.1092,2.11025,3.20,1.60
2010.06.24 23:52:53.217,2.10935,2.1104,3.20,3.20
2010.06.24 23:52:53.900,2.10935,2.1104,3.20,2.70
2010.06.24 23:52:54.088,2.10935,2.1104,3.20,1.60
2010.06.24 23:52:54.660,2.10935,2.1104,3.20,2.10
2010.06.24 23:52:54.847,2.10925,2.11025,1.10,1.60
2010.06.24 23:52:55.039,2.10935,2.1104,3.20,1.60
2010.06.24 23:52:56.698,2.10935,2.1104,3.20,3.20
2010.06.24 23:52:56.817,2.1092,2.11025,3.20,1.60
2010.06.24 23:52:59.711,2.1093,2.1103,1.60,3.20
2010.06.24 23:52:59.855,2.1093,2.1103,1.60,1.60
2010.06.24 23:53:00.240,2.10925,2.11025,1.60,1.60
2010.06.24 23:53:00.378,2.1092,2.11025,3.20,1.60
2010.06.24 23:53:00.516,2.10925,2.11025,1.10,1.60
2010.06.24 23:53:01.248,2.10935,2.1104,3.20,1.60
2010.06.24 23:53:01.531,2.10945,2.11045,1.60,1.60
2010.06.24 23:53:02.929,2.10945,2.1104,1.60,1.00
2010.06.24 23:53:03.140,2.1093,2.1103,1.60,1.60
2010.06.24 23:53:22.457,2.1093,2.11025,1.60,1.10
2010.06.24 23:53:22.598,2.10915,2.11015,1.60,1.60
2010.06.24 23:53:22.867,2.109,2.11,1.60,1.60
2010.06.24 23:53:30.838,2.10905,2.11005,1.60,1.60
2010.06.24 23:53:30.887,2.10905,2.1101,1.60,3.20
2010.06.24 23:53:33.580,2.1092,2.1101,1.60,1.60
2010.06.24 23:53:34.351,2.1092,2.11025,1.60,1.60
2010.06.24 23:53:34.553,2.1095,2.11055,1.60,3.20
2010.06.24 23:53:35.018,2.1094,2.11045,3.20,1.60
2010.06.24 23:53:45.877,2.1095,2.11055,1.60,3.20
2010.06.24 23:53:49.788,2.1094,2.1104,1.60,1.60
2010.06.24 23:53:49.997,2.10935,2.1104,1.60,3.20
2010.06.24 23:54:49.998,2.10915,2.11055,1.20,1.00
2010.06.24 23:55:14.056,2.1092,2.11025,1.60,3.20
2010.06.24 23:55:18.679,2.1089,2.10995,1.60,3.20
2010.06.24 23:55:24.656,2.10895,2.10995,1.00,3.20
2010.06.24 23:55:24.836,2.1089,2.10995,1.60,3.20
2010.06.24 23:55:25.450,2.10905,2.10995,1.60,1.60
2010.06.24 23:55:26.144,2.1089,2.10995,1.60,3.20
2010.06.24 23:55:37.197,2.1089,2.1099,1.60,1.10
2010.06.24 23:55:38.019,2.10875,2.1098,1.70,3.20
2010.06.24 23:55:51.409,2.1089,2.10995,1.60,3.20
2010.06.24 23:56:00.522,2.1088,2.10985,3.20,1.60
2010.06.24 23:56:00.998,2.1088,2.1098,1.60,1.60
2010.06.24 23:56:01.836,2.10875,2.1098,1.70,3.20
2010.06.24 23:56:22.357,2.1088,2.10985,3.20,1.60
2010.06.24 23:56:23.067,2.1088,2.1098,1.60,1.60
2010.06.24 23:56:23.180,2.10875,2.1098,1.70,3.20
2010.06.24 23:56:24.334,2.1089,2.1098,1.00,3.20
2010.06.24 23:56:24.480,2.10935,2.1098,1.60,1.60
2010.06.24 23:56:24.618,2.10935,2.1103,1.60,1.60
2010.06.24 23:56:24.761,2.1093,2.10995,1.60,1.60
2010.06.24 23:56:25.385,2.10925,2.10995,1.10,3.20
2010.06.24 23:56:25.620,2.10905,2.1101,1.60,3.20
2010.06.24 23:56:26.077,2.10905,2.1101,2.10,3.20
2010.06.24 23:56:26.308,2.1091,2.1101,1.10,3.20
2010.06.24 23:56:26.537,2.1092,2.11025,1.60,3.20
2010.06.24 23:56:37.670,2.1089,2.1099,1.60,1.10
2010.06.24 23:56:37.871,2.1089,2.1098,1.60,1.60
2010.06.24 23:56:38.027,2.10875,2.1098,1.70,3.20
2010.06.24 23:56:41.346,2.1088,2.1098,1.10,3.20
2010.06.24 23:56:41.487,2.1089,2.10995,1.60,3.70
2010.06.24 23:56:41.626,2.1089,2.10995,1.60,3.20
2010.06.24 23:56:41.767,2.1091,2.1101,1.10,3.20
2010.06.24 23:56:42.494,2.1092,2.11025,1.60,3.20
2010.06.24 23:56:48.897,2.10925,2.11025,1.60,3.20
2010.06.24 23:56:49.013,2.1095,2.11055,1.60,3.20
2010.06.24 23:56:58.620,2.1095,2.11055,2.40,3.20
2010.06.24 23:56:58.746,2.10955,2.11055,1.00,3.20
2010.06.24 23:56:59.481,2.10995,2.11075,1.60,1.60
2010.06.24 23:56:59.594,2.10965,2.11055,1.60,1.60
2010.06.24 23:56:59.698,2.10965,2.1107,1.60,3.20
2010.06.24 23:57:00.282,2.10965,2.1107,1.70,3.20
2010.06.24 23:57:01.287,2.1098,2.1107,2.10,3.20
2010.06.24 23:57:01.610,2.10995,2.111,1.60,3.20
2010.06.24 23:57:01.930,2.10965,2.1107,1.70,3.20
2010.06.24 23:57:04.047,2.1098,2.1107,1.60,3.20
2010.06.24 23:57:04.822,2.10995,2.111,1.60,3.20
2010.06.24 23:57:05.659,2.10995,2.11095,1.60,1.60
2010.06.24 23:57:05.828,2.1098,2.11085,1.60,3.20
2010.06.24 23:57:07.526,2.1098,2.11085,1.60,3.30
2010.06.24 23:57:07.607,2.10975,2.1104,1.60,1.60
2010.06.24 23:57:07.697,2.1097,2.1104,1.10,3.20
2010.06.24 23:57:07.787,2.10955,2.1104,1.20,3.20
2010.06.24 23:57:07.958,2.1096,2.11045,2.10,1.60
2010.06.24 23:57:09.026,2.1096,2.1105,1.00,1.60
2010.06.24 23:57:09.362,2.10955,2.1106,3.20,1.60
2010.06.24 23:57:10.747,2.10985,2.1106,1.60,1.60
2010.06.24 23:57:11.404,2.10985,2.11075,3.20,1.10
2010.06.24 23:57:11.488,2.11,2.11105,3.20,1.60
2010.06.24 23:57:12.800,2.11015,2.11105,1.60,1.60
2010.06.24 23:57:13.028,2.11015,2.1112,3.20,1.60
2010.06.24 23:57:13.835,2.11015,2.1111,1.60,1.60
2010.06.24 23:57:13.992,2.11015,2.1112,3.20,2.70
2010.06.24 23:57:14.147,2.11015,2.1112,3.20,1.60
2010.06.24 23:57:14.977,2.11015,2.1112,3.20,2.10
2010.06.24 23:57:15.206,2.11015,2.1112,3.20,3.20
2010.06.24 23:57:15.657,2.11015,2.1112,3.20,2.10
2010.06.24 23:57:15.887,2.11015,2.11105,1.60,1.60
2010.06.24 23:57:15.987,2.11015,2.1112,3.20,1.60
2010.06.24 23:57:17.558,2.11015,2.1112,3.20,2.70
2010.06.24 23:57:17.687,2.11015,2.1112,3.20,3.20
2010.06.24 23:57:17.817,2.11,2.11105,3.20,1.60
2010.06.24 23:57:21.241,2.10985,2.1109,3.20,1.60
2010.06.24 23:57:22.858,2.1097,2.11075,3.20,1.60
2010.06.24 23:57:25.131,2.10985,2.1109,3.20,1.60
2010.06.24 23:57:25.997,2.11,2.1109,1.60,1.60
2010.06.24 23:57:26.324,2.10985,2.1109,3.20,1.60
2010.06.24 23:57:28.667,2.1099,2.1109,1.00,1.60
2010.06.24 23:57:29.558,2.11,2.11105,3.20,1.60
2010.06.24 23:57:32.341,2.11005,2.11105,1.00,1.60
2010.06.24 23:57:32.463,2.11015,2.1112,3.20,1.60
2010.06.24 23:57:33.237,2.11015,2.11105,1.60,1.60
2010.06.24 23:57:33.357,2.11,2.11105,3.20,1.60
2010.06.24 23:57:37.386,2.11005,2.11105,1.00,1.60
2010.06.24 23:57:37.436,2.1103,2.1111,1.60,1.60
2010.06.24 23:57:37.489,2.1103,2.1113,1.60,1.60
2010.06.24 23:57:37.807,2.1102,2.1112,1.10,1.60
2010.06.24 23:57:37.967,2.11015,2.1112,3.20,1.60
2010.06.24 23:57:40.427,2.11015,2.11115,3.20,1.60
2010.06.24 23:57:40.456,2.11015,2.11115,3.20,2.70
2010.06.24 23:57:40.571,2.11015,2.1111,1.60,1.60
2010.06.24 23:57:40.596,2.11,2.11105,1.60,1.60
2010.06.24 23:57:41.895,2.1101,2.1111,1.60,3.20
2010.06.24 23:57:42.708,2.1101,2.1111,1.60,1.60
2010.06.24 23:58:06.027,2.11,2.11105,1.60,1.60
2010.06.24 23:58:07.089,2.10995,2.111,3.20,1.60
2010.06.24 23:58:07.417,2.10995,2.111,1.60,3.20
2010.06.24 23:58:07.748,2.10985,2.1109,3.20,1.60
2010.06.24 23:58:08.814,2.1097,2.11075,3.20,1.60
2010.06.24 23:58:12.827,2.10985,2.11075,1.10,1.60
2010.06.24 23:58:13.017,2.11,2.11105,3.20,1.60
2010.06.24 23:58:14.208,2.11,2.1109,3.20,1.00
2010.06.24 23:58:14.448,2.1097,2.1106,1.60,1.60
2010.06.24 23:58:15.131,2.10955,2.1106,3.20,1.60
2010.06.24 23:58:22.062,2.10955,2.1106,3.30,1.60
2010.06.24 23:58:22.193,2.10965,2.11065,1.60,1.60
2010.06.24 23:58:22.236,2.10965,2.1107,1.60,3.20
2010.06.24 23:58:22.318,2.1097,2.1107,1.60,1.60
2010.06.24 23:58:22.337,2.1097,2.11075,1.60,3.20
2010.06.24 23:58:22.591,2.10975,2.11075,1.60,1.60
2010.06.24 23:58:23.559,2.1097,2.11075,1.60,1.60
2010.06.24 23:58:26.971,2.10975,2.11075,1.60,1.60
2010.06.24 23:58:28.550,2.1097,2.11075,3.20,1.60
2010.06.24 23:58:28.646,2.1097,2.11075,1.60,1.60
2010.06.24 23:58:31.868,2.1097,2.11075,1.60,1.70
2010.06.24 23:58:32.572,2.1094,2.11045,1.60,1.60
2010.06.24 23:58:34.396,2.10945,2.11045,1.60,1.60
2010.06.24 23:58:34.877,2.1094,2.11045,1.60,1.60
2010.06.24 23:59:07.893,2.1094,2.1104,1.60,1.60
2010.06.24 23:59:08.457,2.1094,2.11045,1.60,1.60
2010.06.24 23:59:21.665,2.11025,2.11045,1.00,1.60
2010.06.24 23:59:22.009,2.11035,2.11045,1.60,1.60
2010.06.24 23:59:22.699,2.1104,2.11145,3.20,1.60
2010.06.24 23:59:23.044,2.11015,2.1112,3.20,1.60
2010.06.24 23:59:24.352,2.11,2.11095,1.60,1.60
2010.06.24 23:59:24.693,2.11,2.11105,3.20,1.60
2010.06.24 23:59:28.638,2.11,2.11105,3.20,2.70
2010.06.24 23:59:28.721,2.10995,2.1109,1.00,1.60
2010.06.24 23:59:28.797,2.10985,2.1109,3.30,1.60
2010.06.24 23:59:30.789,2.10985,2.1109,3.20,1.60
2010.06.24 23:59:31.506,2.10985,2.11075,1.60,1.60
2010.06.24 23:59:31.622,2.1097,2.11075,1.60,1.60
2010.06.24 23:59:38.337,2.10975,2.11075,1.60,1.60
2010.06.24 23:59:39.426,2.1097,2.11075,1.60,1.60
2010.06.24 23:59:45.523,2.10975,2.11075,1.00,1.60
2010.06.24 23:59:46.097,2.1098,2.1108,1.60,1.60
2010.06.24 23:59:46.786,2.10985,2.1109,1.60,3.20
2010.06.24 23:59:47.113,2.1099,2.11095,3.20,1.60
2010.06.24 23:59:49.005,2.10995,2.11095,1.00,1.60
2010.06.24 23:59:49.118,2.1099,2.11095,3.20,1.60
2010.06.24 23:59:50.499,2.10995,2.11095,1.00,1.60
2010.06.24 23:59:50.617,2.1099,2.11095,3.20,1.60
2010.06.24 23:59:55.340,2.10985,2.1109,1.60,3.20
2010.06.24 23:59:56.758,2.1098,2.1108,1.60,1.60
2010.06.24 23:59:57.568,2.10995,2.11095,1.60,1.60
