2010.06.23 07:00:00.158,2.1042,2.10515,1.00,1.00
2010.06.23 07:00:00.781,2.1042,2.10515,1.00,1.30
2010.06.23 07:00:01.037,2.10325,2.1041,1.00,1.00
2010.06.23 07:00:01.761,2.10325,2.1042,1.00,1.60
2010.06.23 07:00:02.787,2.10325,2.1042,1.00,1.00
2010.06.23 07:00:03.552,2.1037,2.10485,1.00,2.10
2010.06.23 07:00:03.846,2.104,2.105,1.00,1.00
2010.06.23 07:00:05.224,2.10435,2.10515,1.00,1.00
2010.06.23 07:00:05.467,2.1041,2.10505,1.00,1.00
2010.06.23 07:00:05.706,2.10415,2.10515,1.00,1.00
2010.06.23 07:00:07.416,2.1041,2.10505,1.00,1.00
2010.06.23 07:00:09.910,2.10415,2.1052,1.00,1.00
2010.06.23 07:00:10.577,2.10415,2.10515,1.00,1.00
2010.06.23 07:00:11.341,2.10415,2.10515,1.30,1.00
2010.06.23 07:00:11.679,2.10415,2.10515,1.00,1.00
2010.06.23 07:00:12.017,2.10415,2.10515,1.30,1.00
2010.06.23 07:00:13.294,2.1041,2.1044,1.00,1.00
2010.06.23 07:00:13.551,2.10355,2.1043,1.60,1.00
2010.06.23 07:00:14.260,2.1034,2.1043,1.00,1.30
2010.06.23 07:00:14.620,2.1035,2.1042,1.00,1.60
2010.06.23 07:00:14.968,2.1035,2.1041,1.00,1.00
2010.06.23 07:00:15.310,2.1034,2.1042,1.00,1.00
2010.06.23 07:00:16.022,2.1035,2.10425,1.00,1.00
2010.06.23 07:00:16.318,2.1035,2.1042,1.00,1.00
2010.06.23 07:00:17.604,2.1035,2.10425,1.00,1.60
2010.06.23 07:00:17.780,2.1035,2.10425,1.00,1.00
2010.06.23 07:00:18.246,2.1035,2.1043,1.00,3.20
2010.06.23 07:00:19.143,2.1035,2.1042,1.00,1.00
2010.06.23 07:00:19.713,2.1035,2.10425,1.00,1.00
2010.06.23 07:00:20.686,2.1035,2.1043,1.00,3.20
2010.06.23 07:00:20.889,2.1035,2.1043,1.00,1.60
2010.06.23 07:00:22.884,2.10315,2.1032,3.50,1.00
2010.06.23 07:00:23.051,2.10205,2.1029,1.00,1.00
2010.06.23 07:00:23.210,2.1022,2.1032,1.00,1.00
2010.06.23 07:00:26.097,2.1023,2.10315,1.00,1.00
2010.06.23 07:00:26.192,2.10245,2.10335,1.00,1.00
2010.06.23 07:00:27.121,2.10245,2.10345,1.00,1.00
2010.06.23 07:00:27.469,2.1025,2.10355,1.00,1.60
2010.06.23 07:00:28.277,2.10245,2.10345,1.00,1.00
2010.06.23 07:00:28.617,2.10265,2.1036,1.00,1.00
2010.06.23 07:00:28.955,2.1027,2.10355,1.00,1.60
2010.06.23 07:00:29.528,2.10275,2.1036,1.00,1.00
2010.06.23 07:00:29.847,2.10275,2.1037,1.00,1.60
2010.06.23 07:00:30.475,2.10275,2.1038,1.00,2.90
2010.06.23 07:00:31.269,2.103,2.1038,1.00,1.60
2010.06.23 07:00:32.937,2.10305,2.104,1.00,1.00
2010.06.23 07:00:33.134,2.10305,2.10395,1.00,1.60
2010.06.23 07:00:33.535,2.10305,2.10405,1.00,2.30
2010.06.23 07:00:33.735,2.10305,2.10405,1.00,1.60
2010.06.23 07:00:34.075,2.1035,2.10425,1.00,1.10
2010.06.23 07:00:34.704,2.1035,2.1043,1.00,1.00
2010.06.23 07:00:35.051,2.10335,2.10435,1.00,1.00
2010.06.23 07:00:35.765,2.10335,2.1043,1.00,1.60
2010.06.23 07:00:36.020,2.1033,2.1042,1.00,1.30
2010.06.23 07:00:37.340,2.10335,2.1043,1.00,2.90
2010.06.23 07:00:37.557,2.10345,2.1043,1.00,1.00
2010.06.23 07:00:38.395,2.1035,2.1044,1.00,1.60
2010.06.23 07:00:38.735,2.10335,2.1043,1.00,1.00
2010.06.23 07:00:39.538,2.1038,2.1047,1.00,1.60
2010.06.23 07:00:39.828,2.1038,2.10465,1.00,1.00
2010.06.23 07:00:39.974,2.1036,2.10445,1.10,1.00
2010.06.23 07:00:40.647,2.10355,2.1044,1.10,1.00
2010.06.23 07:00:40.987,2.1033,2.10425,1.30,1.00
2010.06.23 07:00:41.818,2.10345,2.1044,1.00,1.00
2010.06.23 07:00:43.029,2.1034,2.1043,1.00,1.00
2010.06.23 07:00:43.616,2.10335,2.10435,1.00,1.00
2010.06.23 07:00:43.907,2.1033,2.10425,1.00,1.00
2010.06.23 07:00:44.679,2.1032,2.1043,1.00,1.60
2010.06.23 07:00:44.957,2.1032,2.1042,1.00,1.00
2010.06.23 07:00:45.239,2.10325,2.1043,1.00,1.00
2010.06.23 07:00:45.519,2.10335,2.1043,1.00,1.00
2010.06.23 07:00:46.208,2.10325,2.10415,1.00,1.00
2010.06.23 07:00:46.529,2.10335,2.10435,1.00,1.30
2010.06.23 07:00:50.006,2.1035,2.10445,1.00,1.60
2010.06.23 07:00:50.974,2.10365,2.10445,1.00,1.00
2010.06.23 07:00:51.729,2.1037,2.1045,1.00,2.40
2010.06.23 07:00:51.987,2.1035,2.1045,1.00,2.10
2010.06.23 07:00:52.274,2.1036,2.1045,1.00,1.00
2010.06.23 07:00:53.205,2.10365,2.1045,1.00,1.00
2010.06.23 07:00:53.974,2.10365,2.10455,1.00,2.10
2010.06.23 07:00:56.814,2.10365,2.10455,1.00,1.60
2010.06.23 07:00:58.973,2.10365,2.10455,1.00,2.10
2010.06.23 07:00:59.948,2.1037,2.1046,1.00,2.40
2010.06.23 07:01:00.485,2.1037,2.1046,1.00,1.60
2010.06.23 07:01:01.860,2.1038,2.1047,1.00,2.00
2010.06.23 07:01:02.538,2.1039,2.10485,1.00,2.10
2010.06.23 07:01:02.719,2.10395,2.10495,1.00,4.50
2010.06.23 07:01:02.907,2.10395,2.10495,1.00,5.30
2010.06.23 07:01:03.504,2.10395,2.1049,1.00,1.00
2010.06.23 07:01:03.851,2.10405,2.10485,1.00,1.00
2010.06.23 07:01:04.663,2.10405,2.1049,1.00,1.60
2010.06.23 07:01:06.356,2.10405,2.10485,1.00,1.60
2010.06.23 07:01:07.065,2.1039,2.1048,1.00,1.60
2010.06.23 07:01:07.320,2.10375,2.10465,1.00,1.00
2010.06.23 07:01:07.764,2.10375,2.10465,1.00,1.30
2010.06.23 07:01:07.994,2.10375,2.1046,1.00,1.00
2010.06.23 07:01:09.158,2.10375,2.10465,1.00,1.00
2010.06.23 07:01:10.255,2.10375,2.10465,1.00,2.10
2010.06.23 07:01:10.533,2.10375,2.10465,1.00,1.30
2010.06.23 07:01:11.633,2.1039,2.10475,1.00,2.40
2010.06.23 07:01:11.919,2.1039,2.1048,1.00,2.00
2010.06.23 07:01:12.206,2.1039,2.10485,1.00,3.70
2010.06.23 07:01:12.494,2.1039,2.10475,1.00,1.00
2010.06.23 07:01:13.516,2.1039,2.1048,1.00,2.10
2010.06.23 07:01:14.315,2.10375,2.10465,1.00,1.00
2010.06.23 07:01:15.030,2.1038,2.10475,1.00,1.30
2010.06.23 07:01:15.280,2.1038,2.1047,1.00,1.60
2010.06.23 07:01:15.528,2.1039,2.1047,1.00,1.60
2010.06.23 07:01:16.198,2.1038,2.10475,1.00,1.00
2010.06.23 07:01:16.510,2.1039,2.1048,1.00,2.10
2010.06.23 07:01:16.785,2.1039,2.1048,1.00,1.00
2010.06.23 07:01:18.703,2.1039,2.1048,1.30,1.00
2010.06.23 07:01:19.505,2.1039,2.1048,1.00,1.00
2010.06.23 07:01:19.847,2.1039,2.1048,1.30,1.00
2010.06.23 07:01:20.021,2.1039,2.10485,1.00,1.00
2010.06.23 07:01:21.114,2.1039,2.1049,1.00,1.00
2010.06.23 07:01:21.375,2.10395,2.1048,1.50,1.00
2010.06.23 07:01:21.635,2.10395,2.1048,1.00,1.00
2010.06.23 07:01:22.508,2.1039,2.1049,1.00,1.00
2010.06.23 07:01:23.024,2.1039,2.1049,1.30,1.00
2010.06.23 07:01:24.568,2.10405,2.10495,1.00,1.00
2010.06.23 07:01:25.046,2.10405,2.10495,1.00,1.30
2010.06.23 07:01:26.293,2.10405,2.10495,1.00,1.00
2010.06.23 07:01:26.621,2.104,2.1049,1.00,1.00
2010.06.23 07:01:26.737,2.10405,2.10495,1.00,1.30
2010.06.23 07:01:26.848,2.10405,2.10495,1.00,1.00
2010.06.23 07:01:27.527,2.1041,2.10505,1.00,1.50
2010.06.23 07:01:27.642,2.1041,2.10505,1.00,1.30
2010.06.23 07:01:27.991,2.1042,2.105,1.00,1.00
2010.06.23 07:01:28.339,2.1039,2.1049,1.00,1.00
2010.06.23 07:01:29.129,2.10405,2.10495,1.00,1.00
2010.06.23 07:01:30.816,2.10375,2.10465,1.00,1.00
2010.06.23 07:01:31.125,2.1038,2.10465,1.60,1.00
2010.06.23 07:01:31.445,2.10375,2.10465,1.00,1.00
2010.06.23 07:01:32.210,2.1039,2.1048,1.00,1.00
2010.06.23 07:01:32.527,2.10395,2.10495,1.00,1.30
2010.06.23 07:01:33.104,2.10395,2.1049,1.00,1.00
2010.06.23 07:01:33.861,2.104,2.1049,1.00,1.00
2010.06.23 07:01:35.025,2.10395,2.1049,1.00,1.00
2010.06.23 07:01:35.276,2.10395,2.105,1.00,1.00
2010.06.23 07:01:35.766,2.10395,2.10485,1.00,1.00
2010.06.23 07:01:36.016,2.1039,2.1048,1.00,1.00
2010.06.23 07:01:36.838,2.1039,2.1048,1.00,1.30
2010.06.23 07:01:38.044,2.10395,2.1048,1.00,1.00
2010.06.23 07:01:40.825,2.10395,2.1048,1.00,2.40
2010.06.23 07:01:42.758,2.10395,2.1048,1.00,1.60
2010.06.23 07:01:42.863,2.10395,2.1048,1.00,1.00
2010.06.23 07:01:43.988,2.10395,2.1048,1.00,2.40
2010.06.23 07:01:44.266,2.10385,2.10475,1.00,1.00
2010.06.23 07:01:44.546,2.1039,2.1048,1.00,1.00
2010.06.23 07:01:45.296,2.1039,2.1048,1.00,2.10
2010.06.23 07:01:45.631,2.10375,2.1047,1.00,1.00
2010.06.23 07:01:45.959,2.1037,2.10465,1.00,1.00
2010.06.23 07:01:47.039,2.10365,2.10455,1.00,1.00
2010.06.23 07:01:47.326,2.1036,2.10455,1.00,1.00
2010.06.23 07:01:48.374,2.1035,2.1044,1.00,1.00
2010.06.23 07:01:48.650,2.10335,2.10435,1.00,1.00
2010.06.23 07:01:48.917,2.10335,2.1044,1.00,2.10
2010.06.23 07:01:49.998,2.1035,2.1045,1.00,2.10
2010.06.23 07:01:51.116,2.1035,2.1045,1.00,1.00
2010.06.23 07:01:51.695,2.1035,2.10445,1.00,1.00
2010.06.23 07:01:52.796,2.1035,2.1044,1.00,1.60
2010.06.23 07:01:53.072,2.1035,2.1044,1.00,1.00
2010.06.23 07:01:53.348,2.1035,2.1045,1.00,1.60
2010.06.23 07:01:54.055,2.10355,2.1046,1.00,1.00
2010.06.23 07:01:54.736,2.10355,2.10455,1.00,1.00
2010.06.23 07:01:54.934,2.10355,2.1045,1.00,1.00
2010.06.23 07:01:55.135,2.10355,2.1044,1.00,1.60
2010.06.23 07:01:55.637,2.1035,2.1044,1.00,1.60
2010.06.23 07:01:56.132,2.10335,2.1043,1.00,1.60
2010.06.23 07:01:56.339,2.10335,2.1042,1.00,1.00
2010.06.23 07:01:57.075,2.10335,2.1042,1.00,1.60
2010.06.23 07:01:58.069,2.10335,2.1042,1.00,1.00
2010.06.23 07:01:58.529,2.10335,2.10415,1.00,1.00
2010.06.23 07:01:59.315,2.1032,2.10405,1.00,1.00
2010.06.23 07:02:00.674,2.1032,2.10395,1.00,1.00
2010.06.23 07:02:00.985,2.1032,2.104,1.00,1.00
2010.06.23 07:02:01.507,2.1032,2.10405,1.00,1.60
2010.06.23 07:02:03.634,2.1032,2.1041,1.00,1.00
2010.06.23 07:02:03.884,2.1032,2.10415,1.00,2.40
2010.06.23 07:02:06.223,2.1032,2.10415,1.00,1.00
2010.06.23 07:02:10.066,2.1032,2.1041,1.00,1.60
2010.06.23 07:02:10.344,2.1032,2.1041,1.00,1.00
2010.06.23 07:02:10.755,2.1032,2.10415,1.00,2.40
2010.06.23 07:02:11.134,2.1032,2.1041,1.00,1.00
2010.06.23 07:02:12.486,2.1032,2.1042,1.00,2.10
2010.06.23 07:02:14.327,2.1032,2.10415,1.00,1.00
2010.06.23 07:02:14.601,2.1032,2.1042,1.00,2.90
2010.06.23 07:02:14.732,2.1032,2.1042,1.00,2.10
2010.06.23 07:02:15.123,2.1032,2.1042,1.00,1.30
2010.06.23 07:02:16.196,2.1032,2.1042,1.00,1.00
2010.06.23 07:02:19.728,2.1031,2.10405,1.30,1.00
2010.06.23 07:02:20.034,2.1031,2.10405,1.00,1.00
2010.06.23 07:02:20.344,2.1031,2.10405,1.30,1.00
2010.06.23 07:02:21.628,2.1031,2.10405,1.00,1.00
2010.06.23 07:02:21.924,2.1031,2.10405,1.30,1.00
2010.06.23 07:02:23.883,2.1031,2.10405,1.00,1.00
2010.06.23 07:02:24.013,2.10305,2.10395,1.00,1.00
2010.06.23 07:02:24.145,2.10295,2.10395,1.30,1.00
2010.06.23 07:02:25.064,2.10295,2.10395,1.00,1.00
2010.06.23 07:02:26.658,2.1029,2.1038,1.00,1.00
2010.06.23 07:02:26.985,2.10295,2.10395,1.00,1.00
2010.06.23 07:02:27.945,2.1029,2.1038,1.00,1.00
2010.06.23 07:02:30.743,2.1029,2.1038,2.10,1.00
2010.06.23 07:02:31.054,2.1029,2.1038,1.30,1.00
2010.06.23 07:02:31.363,2.10285,2.10375,1.00,1.00
2010.06.23 07:02:32.031,2.10295,2.10385,1.00,1.00
2010.06.23 07:02:32.302,2.10315,2.104,1.00,1.00
2010.06.23 07:02:33.004,2.10325,2.1041,1.00,1.00
2010.06.23 07:02:33.346,2.10335,2.1043,1.00,1.00
2010.06.23 07:02:34.486,2.1034,2.1044,1.00,1.00
2010.06.23 07:02:34.827,2.10325,2.10425,1.60,1.00
2010.06.23 07:02:35.414,2.1031,2.10425,1.00,1.00
2010.06.23 07:02:37.218,2.10315,2.1043,1.00,1.90
2010.06.23 07:02:37.556,2.1031,2.10425,1.00,1.00
2010.06.23 07:02:38.038,2.1031,2.1039,1.00,1.10
2010.06.23 07:02:38.582,2.10305,2.1037,1.00,1.00
2010.06.23 07:02:38.886,2.1031,2.10425,1.00,1.30
2010.06.23 07:02:39.195,2.1034,2.10425,1.00,1.00
2010.06.23 07:02:40.048,2.10335,2.1043,1.00,1.00
2010.06.23 07:02:40.387,2.10335,2.10425,1.00,1.00
2010.06.23 07:02:41.242,2.10355,2.1044,1.60,1.00
2010.06.23 07:02:41.593,2.1037,2.10455,1.00,1.00
2010.06.23 07:02:42.098,2.1037,2.1046,1.00,1.00
2010.06.23 07:02:42.360,2.10365,2.1046,1.00,1.30
2010.06.23 07:02:42.630,2.10365,2.1046,1.00,2.10
2010.06.23 07:02:42.896,2.10365,2.10455,1.00,1.00
2010.06.23 07:02:43.438,2.10345,2.104,2.70,1.00
2010.06.23 07:02:43.740,2.1034,2.10455,1.00,1.00
2010.06.23 07:02:44.047,2.10335,2.10445,1.00,1.00
2010.06.23 07:02:45.366,2.10345,2.1045,1.00,1.00
2010.06.23 07:02:45.705,2.10345,2.10455,1.00,1.60
2010.06.23 07:02:46.482,2.10345,2.10425,1.00,1.60
2010.06.23 07:02:46.741,2.10355,2.1045,1.60,1.60
2010.06.23 07:02:46.988,2.1038,2.10455,1.00,1.00
2010.06.23 07:02:47.237,2.1038,2.10445,1.00,1.60
2010.06.23 07:02:47.847,2.10365,2.10445,1.00,2.40
2010.06.23 07:02:48.073,2.10365,2.10445,1.00,1.60
2010.06.23 07:02:50.175,2.10385,2.1046,1.00,1.60
2010.06.23 07:02:50.385,2.10365,2.10455,1.10,1.00
2010.06.23 07:02:51.109,2.1034,2.1043,1.00,1.00
2010.06.23 07:02:51.381,2.10345,2.1044,1.00,1.00
2010.06.23 07:02:51.651,2.1033,2.10425,1.30,1.00
2010.06.23 07:02:52.112,2.1033,2.10425,1.00,1.00
2010.06.23 07:02:52.395,2.10335,2.10435,1.00,2.10
2010.06.23 07:02:52.684,2.10335,2.10435,1.00,2.30
2010.06.23 07:02:54.255,2.10335,2.10425,1.00,1.00
2010.06.23 07:02:54.473,2.10335,2.10425,1.00,1.00
2010.06.23 07:02:54.685,2.10335,2.10425,1.00,1.60
2010.06.23 07:02:54.904,2.1032,2.1042,1.00,1.00
2010.06.23 07:02:55.835,2.1032,2.10415,1.00,1.00
2010.06.23 07:02:58.374,2.1033,2.10415,1.00,1.00
2010.06.23 07:03:01.626,2.1033,2.10425,1.00,1.00
2010.06.23 07:03:01.966,2.1033,2.10425,1.00,1.00
2010.06.23 07:03:02.724,2.1033,2.10425,1.00,1.00
2010.06.23 07:03:03.825,2.1033,2.1042,1.00,1.60
2010.06.23 07:03:04.140,2.10325,2.10415,1.00,1.00
2010.06.23 07:03:05.535,2.10325,2.10415,1.00,1.00
2010.06.23 07:03:11.295,2.10315,2.1041,1.00,1.00
2010.06.23 07:03:11.635,2.10295,2.10405,1.00,1.00
2010.06.23 07:03:11.974,2.10305,2.10405,1.00,1.00
2010.06.23 07:03:12.174,2.10305,2.10405,1.00,1.00
2010.06.23 07:03:12.790,2.10305,2.10405,1.00,1.00
2010.06.23 07:03:13.220,2.10305,2.10405,1.90,1.00
2010.06.23 07:03:13.448,2.1032,2.10415,1.00,1.70
2010.06.23 07:03:13.677,2.10315,2.1041,1.00,1.00
2010.06.23 07:03:15.260,2.1032,2.10415,1.00,1.00
2010.06.23 07:03:15.810,2.10315,2.1041,1.00,1.00
2010.06.23 07:03:18.983,2.10315,2.1041,1.30,1.00
2010.06.23 07:03:19.368,2.1032,2.1042,1.00,1.00
2010.06.23 07:03:20.422,2.10315,2.1041,1.00,1.00
2010.06.23 07:03:22.372,2.103,2.10395,1.00,1.00
2010.06.23 07:03:22.805,2.10305,2.104,1.00,1.00
2010.06.23 07:03:23.657,2.1029,2.10385,1.00,1.00
2010.06.23 07:03:24.336,2.10295,2.10395,1.00,2.10
2010.06.23 07:03:24.645,2.10295,2.1039,1.00,1.60
2010.06.23 07:03:25.150,2.10295,2.10385,1.00,1.00
2010.06.23 07:03:25.459,2.10295,2.1039,1.00,1.60
2010.06.23 07:03:27.524,2.1026,2.1035,1.00,1.00
2010.06.23 07:03:27.694,2.1025,2.1035,1.00,1.30
2010.06.23 07:03:27.868,2.10245,2.1034,1.00,1.00
2010.06.23 07:03:28.378,2.10255,2.1034,1.60,1.00
2010.06.23 07:03:28.552,2.1029,2.10375,1.00,1.60
2010.06.23 07:03:29.216,2.1029,2.1038,1.00,1.60
2010.06.23 07:03:29.562,2.1029,2.10385,1.00,2.10
2010.06.23 07:03:29.905,2.1029,2.1036,1.00,1.10
2010.06.23 07:03:30.656,2.10245,2.1034,2.10,1.00
2010.06.23 07:03:32.623,2.10245,2.1034,1.30,1.00
2010.06.23 07:03:32.853,2.10245,2.1034,1.00,1.00
2010.06.23 07:03:34.144,2.1025,2.1035,1.00,1.00
2010.06.23 07:03:34.481,2.10245,2.10325,1.00,1.00
2010.06.23 07:03:35.287,2.10245,2.1034,2.10,1.00
2010.06.23 07:03:36.711,2.1025,2.1035,1.00,1.00
2010.06.23 07:03:37.559,2.10245,2.10335,1.00,1.00
2010.06.23 07:03:40.570,2.10265,2.10365,1.00,1.00
2010.06.23 07:03:42.706,2.10265,2.10365,2.10,1.00
2010.06.23 07:03:42.855,2.1028,2.1038,1.00,1.00
2010.06.23 07:03:44.792,2.1027,2.1036,1.00,1.00
2010.06.23 07:03:45.140,2.1029,2.10375,1.00,2.40
2010.06.23 07:03:45.945,2.1025,2.1034,2.10,1.00
2010.06.23 07:03:46.222,2.1026,2.1035,1.00,1.00
2010.06.23 07:03:47.213,2.1026,2.1035,1.30,1.00
2010.06.23 07:03:48.459,2.10265,2.1035,1.00,1.00
2010.06.23 07:03:49.749,2.10275,2.1035,1.00,1.00
2010.06.23 07:03:50.090,2.1027,2.1035,1.00,1.00
2010.06.23 07:03:51.106,2.10275,2.10365,1.00,1.00
2010.06.23 07:03:51.445,2.10275,2.10365,1.30,1.00
2010.06.23 07:03:53.018,2.1028,2.10365,1.60,1.00
2010.06.23 07:03:53.109,2.1028,2.10365,1.00,1.00
2010.06.23 07:03:53.196,2.10275,2.10365,1.30,1.00
2010.06.23 07:03:53.879,2.1029,2.10365,1.00,1.00
2010.06.23 07:03:54.045,2.10275,2.10365,1.30,1.00
2010.06.23 07:03:54.728,2.10275,2.10375,1.00,1.00
2010.06.23 07:03:55.407,2.1029,2.1039,1.00,1.00
2010.06.23 07:03:56.808,2.10305,2.104,1.00,1.00
2010.06.23 07:04:01.817,2.10305,2.10405,1.00,1.00
2010.06.23 07:04:01.958,2.10305,2.10395,1.00,1.60
2010.06.23 07:04:02.464,2.103,2.1039,1.00,1.00
2010.06.23 07:04:02.741,2.10275,2.10375,2.10,1.00
2010.06.23 07:04:04.427,2.1028,2.10375,1.00,1.00
2010.06.23 07:04:04.767,2.10295,2.10385,1.00,1.00
2010.06.23 07:04:05.993,2.103,2.10395,1.00,1.00
2010.06.23 07:04:09.974,2.1028,2.10365,1.10,1.00
2010.06.23 07:04:10.668,2.10275,2.10355,1.60,1.00
2010.06.23 07:04:10.947,2.1029,2.10385,1.30,1.00
2010.06.23 07:04:11.227,2.1029,2.10385,2.10,1.00
2010.06.23 07:04:11.507,2.1031,2.10385,1.00,1.00
2010.06.23 07:04:12.045,2.1031,2.10415,1.50,1.00
2010.06.23 07:04:12.716,2.1031,2.10405,1.00,1.10
2010.06.23 07:04:12.867,2.10295,2.1039,1.00,1.10
2010.06.23 07:04:13.015,2.10275,2.10385,1.50,1.00
2010.06.23 07:04:13.626,2.1027,2.10385,1.00,1.00
2010.06.23 07:04:13.786,2.1027,2.10385,1.00,1.00
2010.06.23 07:04:14.529,2.1027,2.10385,1.00,1.00
2010.06.23 07:04:15.774,2.10265,2.10385,2.10,1.00
2010.06.23 07:04:16.030,2.1029,2.10385,1.00,1.00
2010.06.23 07:04:17.410,2.103,2.10395,1.00,1.00
2010.06.23 07:04:18.857,2.1029,2.10385,1.00,1.00
2010.06.23 07:04:20.196,2.103,2.10395,1.00,1.00
2010.06.23 07:04:21.017,2.103,2.10395,1.30,1.00
2010.06.23 07:04:22.365,2.103,2.10395,1.30,1.00
2010.06.23 07:04:23.003,2.10295,2.10385,1.00,1.00
2010.06.23 07:04:23.158,2.103,2.1039,1.00,1.00
2010.06.23 07:04:23.756,2.10295,2.1039,1.00,1.00
2010.06.23 07:04:23.925,2.1029,2.1039,1.00,1.00
2010.06.23 07:04:25.775,2.1029,2.1038,1.00,1.00
2010.06.23 07:04:26.618,2.10275,2.10375,1.30,1.00
2010.06.23 07:04:28.764,2.10275,2.1037,1.30,1.00
2010.06.23 07:04:34.573,2.10275,2.1037,2.10,1.00
2010.06.23 07:04:37.314,2.1028,2.1037,1.00,1.00
2010.06.23 07:04:38.785,2.10275,2.1037,1.00,1.00
2010.06.23 07:04:39.093,2.1027,2.1036,2.10,1.00
2010.06.23 07:04:40.199,2.1026,2.10355,1.30,1.00
2010.06.23 07:04:40.549,2.1027,2.1036,1.00,1.00
2010.06.23 07:04:41.376,2.103,2.1042,1.00,1.00
2010.06.23 07:04:41.717,2.10295,2.1041,1.00,1.10
2010.06.23 07:04:42.566,2.10275,2.10405,1.00,2.70
2010.06.23 07:04:43.509,2.10275,2.10405,2.40,1.60
2010.06.23 07:04:43.818,2.1029,2.10415,1.10,1.60
2010.06.23 07:04:45.329,2.10305,2.10415,1.10,1.00
2010.06.23 07:04:45.638,2.1029,2.10415,1.90,1.60
2010.06.23 07:04:46.635,2.1029,2.10415,2.40,1.60
2010.06.23 07:04:47.715,2.10315,2.1043,1.00,1.00
2010.06.23 07:04:48.045,2.10305,2.1043,1.00,1.00
2010.06.23 07:04:48.374,2.103,2.1043,1.00,1.00
2010.06.23 07:04:48.842,2.10295,2.1039,1.00,1.00
2010.06.23 07:04:49.193,2.10285,2.1038,1.00,1.00
2010.06.23 07:04:50.950,2.1028,2.1037,1.00,1.00
2010.06.23 07:04:51.336,2.1028,2.10375,1.00,1.00
2010.06.23 07:04:51.527,2.1028,2.10365,1.00,1.00
2010.06.23 07:04:52.035,2.1027,2.10365,1.00,1.00
2010.06.23 07:04:52.329,2.10265,2.10345,1.00,1.00
2010.06.23 07:04:52.620,2.1025,2.10345,1.00,1.00
2010.06.23 07:04:53.511,2.10265,2.1036,1.00,1.00
2010.06.23 07:04:55.306,2.1028,2.1037,1.00,1.00
2010.06.23 07:04:55.649,2.1028,2.1035,1.00,1.60
2010.06.23 07:04:55.999,2.10265,2.1035,1.00,1.00
2010.06.23 07:04:56.710,2.10265,2.1036,1.00,1.00
2010.06.23 07:04:57.264,2.10255,2.1035,1.00,1.00
2010.06.23 07:04:57.902,2.1026,2.1035,1.00,1.00
2010.06.23 07:04:59.302,2.1026,2.10355,1.00,1.00
2010.06.23 07:04:59.651,2.10265,2.10365,1.00,1.00
2010.06.23 07:05:00.447,2.10265,2.10365,1.00,1.00
2010.06.23 07:05:02.506,2.1026,2.10355,1.00,1.00
2010.06.23 07:05:03.365,2.1026,2.1035,1.00,1.00
2010.06.23 07:05:04.157,2.1025,2.1035,1.00,1.00
2010.06.23 07:05:05.176,2.10245,2.1034,1.00,1.00
2010.06.23 07:05:05.786,2.1025,2.10355,1.00,1.00
2010.06.23 07:05:06.527,2.1026,2.10355,1.00,1.00
2010.06.23 07:05:07.209,2.10265,2.10365,1.00,1.00
2010.06.23 07:05:08.727,2.10265,2.10365,1.00,1.00
2010.06.23 07:05:09.208,2.10265,2.10365,1.00,1.50
2010.06.23 07:05:10.098,2.10265,2.10365,1.00,1.00
2010.06.23 07:05:12.174,2.10275,2.10365,1.00,1.00
2010.06.23 07:05:12.367,2.1026,2.10355,1.00,1.00
2010.06.23 07:05:13.479,2.1026,2.10355,1.00,1.00
2010.06.23 07:05:13.660,2.1027,2.1036,1.00,1.00
2010.06.23 07:05:15.216,2.10275,2.1036,1.00,2.70
2010.06.23 07:05:15.883,2.1026,2.10355,1.00,1.00
2010.06.23 07:05:16.232,2.1027,2.1036,1.00,1.00
2010.06.23 07:05:17.038,2.1028,2.1036,1.00,1.00
2010.06.23 07:05:19.350,2.1027,2.1036,1.00,1.00
2010.06.23 07:05:23.107,2.10275,2.1037,1.00,1.00
2010.06.23 07:05:26.405,2.1028,2.1036,1.60,1.00
2010.06.23 07:05:26.689,2.1028,2.1036,1.00,1.00
2010.06.23 07:05:27.294,2.1028,2.1036,1.60,1.00
2010.06.23 07:05:27.640,2.1028,2.1036,1.00,1.00
2010.06.23 07:05:27.988,2.1028,2.1037,1.60,1.00
2010.06.23 07:05:28.328,2.1028,2.1037,1.00,1.00
2010.06.23 07:05:29.371,2.1029,2.10385,1.00,1.00
2010.06.23 07:05:30.466,2.10265,2.1036,1.00,1.00
2010.06.23 07:05:31.297,2.10265,2.1036,1.00,1.00
2010.06.23 07:05:32.325,2.10265,2.1036,1.00,2.10
2010.06.23 07:05:32.580,2.10265,2.10345,1.00,1.00
2010.06.23 07:05:32.848,2.1027,2.10355,1.00,1.00
2010.06.23 07:05:33.580,2.1028,2.10355,1.00,1.00
2010.06.23 07:05:33.924,2.1029,2.1036,1.00,1.00
2010.06.23 07:05:37.584,2.1028,2.1036,1.60,1.00
2010.06.23 07:05:37.883,2.10285,2.1036,1.00,1.00
2010.06.23 07:05:39.975,2.1027,2.1036,1.00,1.00
2010.06.23 07:05:41.694,2.1029,2.1036,1.00,1.00
2010.06.23 07:05:41.815,2.10285,2.1036,1.60,1.00
2010.06.23 07:05:41.936,2.10285,2.1036,1.00,1.00
2010.06.23 07:05:42.661,2.1032,2.10415,1.00,1.30
2010.06.23 07:05:42.853,2.103,2.10375,1.00,1.30
2010.06.23 07:05:43.376,2.10285,2.10375,1.00,1.30
2010.06.23 07:05:43.582,2.103,2.1039,1.00,1.00
2010.06.23 07:05:45.815,2.10305,2.10405,1.00,1.00
2010.06.23 07:05:46.236,2.1031,2.10415,2.30,1.00
2010.06.23 07:05:46.923,2.1033,2.10415,1.00,1.00
2010.06.23 07:05:48.626,2.10305,2.1041,1.00,3.50
2010.06.23 07:05:48.855,2.103,2.1039,1.00,1.00
2010.06.23 07:05:50.062,2.10335,2.1041,1.60,1.10
2010.06.23 07:05:50.409,2.10345,2.10445,1.00,1.00
2010.06.23 07:05:51.352,2.1032,2.10445,1.30,1.00
2010.06.23 07:05:51.701,2.10315,2.1044,1.50,1.30
2010.06.23 07:05:52.330,2.10325,2.1044,1.00,1.00
2010.06.23 07:05:52.680,2.1032,2.1043,1.00,1.00
2010.06.23 07:05:52.976,2.1032,2.1043,1.00,1.30
2010.06.23 07:05:53.576,2.10315,2.10425,1.00,1.60
2010.06.23 07:05:54.508,2.1032,2.10425,1.00,1.60
2010.06.23 07:05:54.768,2.10325,2.10425,1.00,1.00
2010.06.23 07:05:55.026,2.1032,2.1043,1.00,1.60
2010.06.23 07:05:55.802,2.1031,2.1043,1.90,1.00
2010.06.23 07:05:56.138,2.1032,2.10435,1.00,1.00
2010.06.23 07:05:57.269,2.1032,2.1044,1.60,1.00
2010.06.23 07:05:57.631,2.10325,2.1043,1.00,1.00
2010.06.23 07:05:57.784,2.1033,2.1043,1.00,1.00
2010.06.23 07:05:58.587,2.1032,2.1043,1.00,1.30
2010.06.23 07:05:59.226,2.10375,2.1043,1.00,1.00
2010.06.23 07:05:59.567,2.10375,2.10425,1.00,1.60
2010.06.23 07:06:00.233,2.1033,2.1042,1.00,1.00
2010.06.23 07:06:02.017,2.1032,2.1042,1.00,1.00
2010.06.23 07:06:05.458,2.1033,2.1042,1.00,1.00
2010.06.23 07:06:07.358,2.1033,2.10415,1.00,1.00
2010.06.23 07:06:07.615,2.1033,2.1042,1.00,2.10
2010.06.23 07:06:08.202,2.1033,2.1042,1.00,1.00
2010.06.23 07:06:08.805,2.10345,2.10435,1.00,1.00
2010.06.23 07:06:11.151,2.10345,2.1044,1.00,1.00
2010.06.23 07:06:11.487,2.10335,2.10435,1.00,1.00
2010.06.23 07:06:14.361,2.1032,2.1042,1.00,1.00
2010.06.23 07:06:14.608,2.1033,2.1042,1.00,1.00
2010.06.23 07:06:15.518,2.10335,2.1043,1.00,1.00
2010.06.23 07:06:15.836,2.1032,2.10405,1.00,1.00
2010.06.23 07:06:16.424,2.10315,2.10405,1.00,1.00
2010.06.23 07:06:16.769,2.1032,2.1041,1.00,1.60
2010.06.23 07:06:17.644,2.1032,2.10415,1.00,1.60
2010.06.23 07:06:18.283,2.1032,2.1041,1.00,1.00
2010.06.23 07:06:18.465,2.1032,2.1041,1.00,1.60
2010.06.23 07:06:19.138,2.1032,2.10415,1.00,1.60
2010.06.23 07:06:19.794,2.1032,2.1041,1.00,1.60
2010.06.23 07:06:20.018,2.1032,2.10405,1.00,1.00
2010.06.23 07:06:20.354,2.1032,2.10405,1.00,1.60
2010.06.23 07:06:20.694,2.1032,2.1041,1.00,1.00
2010.06.23 07:06:21.035,2.1032,2.10415,1.00,1.00
2010.06.23 07:06:23.063,2.1032,2.10415,1.00,1.60
2010.06.23 07:06:23.316,2.1032,2.1042,1.30,1.30
2010.06.23 07:06:23.576,2.10335,2.10435,1.00,1.00
2010.06.23 07:06:29.275,2.1033,2.1042,1.00,1.00
2010.06.23 07:06:31.318,2.10335,2.10435,1.00,1.30
2010.06.23 07:06:31.613,2.10335,2.10435,1.00,1.00
2010.06.23 07:06:32.178,2.1033,2.1042,1.00,1.00
2010.06.23 07:06:32.681,2.10335,2.10435,1.00,1.50
2010.06.23 07:06:32.956,2.10335,2.10435,1.00,1.00
2010.06.23 07:06:40.505,2.10365,2.10445,1.00,1.00
2010.06.23 07:06:41.196,2.1033,2.1042,1.60,1.00
2010.06.23 07:06:41.209,2.10325,2.1042,1.00,1.00
2010.06.23 07:06:41.447,2.1032,2.1042,1.00,1.00
2010.06.23 07:06:48.184,2.1032,2.1042,1.00,1.30
2010.06.23 07:06:48.593,2.1032,2.1042,1.00,1.00
2010.06.23 07:06:49.469,2.1032,2.1042,1.00,1.30
2010.06.23 07:06:49.802,2.1033,2.1041,1.00,1.00
2010.06.23 07:06:50.057,2.1033,2.10415,1.00,1.00
2010.06.23 07:06:53.035,2.1033,2.1042,1.00,1.30
2010.06.23 07:06:53.258,2.10345,2.10435,1.00,2.10
2010.06.23 07:06:53.488,2.10345,2.10435,1.00,1.30
2010.06.23 07:06:54.370,2.1034,2.10435,1.00,1.30
2010.06.23 07:06:54.718,2.1034,2.10435,1.00,2.10
2010.06.23 07:06:55.486,2.1034,2.10435,1.00,1.30
2010.06.23 07:06:55.778,2.1034,2.10435,1.00,1.00
2010.06.23 07:06:56.443,2.10345,2.10435,1.00,1.30
2010.06.23 07:06:57.205,2.10345,2.10435,1.00,2.10
2010.06.23 07:06:57.529,2.10335,2.10435,1.00,1.30
2010.06.23 07:06:57.845,2.10335,2.10435,1.00,1.00
2010.06.23 07:07:01.009,2.10385,2.10445,1.00,1.00
2010.06.23 07:07:01.210,2.10385,2.1049,1.00,1.00
2010.06.23 07:07:02.030,2.10405,2.10505,1.00,1.60
2010.06.23 07:07:04.079,2.1036,2.1045,2.70,1.00
2010.06.23 07:07:04.284,2.10375,2.10465,1.00,1.00
2010.06.23 07:07:05.458,2.1038,2.10465,1.00,1.00
2010.06.23 07:07:06.645,2.1038,2.1045,1.00,1.00
2010.06.23 07:07:07.309,2.1036,2.10435,1.00,1.00
2010.06.23 07:07:08.088,2.10375,2.1045,1.00,1.00
2010.06.23 07:07:08.360,2.1035,2.10435,2.00,1.00
2010.06.23 07:07:09.068,2.1035,2.1043,1.60,1.00
2010.06.23 07:07:09.411,2.1033,2.1042,1.00,1.00
2010.06.23 07:07:09.872,2.1033,2.1041,1.00,1.00
2010.06.23 07:07:10.369,2.1034,2.1042,1.00,1.00
2010.06.23 07:07:10.630,2.1033,2.1042,1.00,1.00
2010.06.23 07:07:11.658,2.10335,2.10415,1.00,1.00
2010.06.23 07:07:11.976,2.1034,2.1041,1.00,1.00
2010.06.23 07:07:12.847,2.1034,2.1042,1.00,1.00
2010.06.23 07:07:13.102,2.1034,2.10425,1.00,1.00
2010.06.23 07:07:13.346,2.1035,2.10425,1.00,1.00
2010.06.23 07:07:13.596,2.1036,2.10425,1.00,1.00
2010.06.23 07:07:13.845,2.1036,2.1043,1.00,1.00
2010.06.23 07:07:35.877,2.1036,2.10435,1.00,1.00
2010.06.23 07:07:36.499,2.1037,2.10435,1.00,1.00
2010.06.23 07:07:36.615,2.1037,2.10445,1.00,1.00
2010.06.23 07:07:37.464,2.10385,2.10445,1.00,1.00
2010.06.23 07:07:37.809,2.1037,2.10445,1.00,1.00
2010.06.23 07:07:40.037,2.1037,2.10445,1.00,1.00
2010.06.23 07:07:40.458,2.1037,2.1045,1.00,1.00
2010.06.23 07:07:42.136,2.1036,2.10445,1.00,1.00
2010.06.23 07:07:42.327,2.1037,2.1046,1.00,1.00
2010.06.23 07:07:43.057,2.10375,2.1046,1.00,1.00
2010.06.23 07:07:43.935,2.10375,2.10465,1.00,1.00
2010.06.23 07:07:46.875,2.10375,2.10465,2.00,1.00
2010.06.23 07:07:47.364,2.10375,2.1046,2.00,1.00
2010.06.23 07:07:48.291,2.10385,2.1045,1.00,1.00
2010.06.23 07:07:48.530,2.10365,2.10435,1.00,1.00
2010.06.23 07:07:49.225,2.1037,2.10435,1.60,1.00
2010.06.23 07:07:49.479,2.10375,2.10435,1.00,1.00
2010.06.23 07:07:50.171,2.10365,2.10435,1.00,1.00
2010.06.23 07:07:52.827,2.1038,2.10455,1.00,1.00
2010.06.23 07:07:53.325,2.1039,2.10465,1.00,1.00
2010.06.23 07:07:54.173,2.10385,2.10465,1.00,1.00
2010.06.23 07:07:56.221,2.10375,2.1048,1.60,2.70
2010.06.23 07:07:56.332,2.10405,2.1048,1.00,1.00
2010.06.23 07:07:56.438,2.104,2.1048,1.60,1.00
2010.06.23 07:07:56.546,2.1039,2.1048,1.00,1.00
2010.06.23 07:07:57.104,2.1039,2.1047,1.00,1.00
2010.06.23 07:07:57.242,2.1039,2.1048,1.00,1.00
2010.06.23 07:07:59.196,2.104,2.1048,1.00,1.00
2010.06.23 07:07:59.937,2.1039,2.1048,1.00,1.00
2010.06.23 07:08:00.497,2.104,2.10485,1.00,1.00
2010.06.23 07:08:01.227,2.1041,2.105,1.00,2.90
2010.06.23 07:08:01.571,2.104,2.1049,1.00,1.00
2010.06.23 07:08:02.543,2.10405,2.105,1.00,1.30
2010.06.23 07:08:02.769,2.10405,2.1049,1.00,1.00
2010.06.23 07:08:03.817,2.1041,2.10495,1.00,1.00
2010.06.23 07:08:04.821,2.10415,2.10495,1.60,1.00
2010.06.23 07:08:05.091,2.1037,2.10445,1.00,1.00
2010.06.23 07:08:09.035,2.1036,2.1044,2.00,1.00
2010.06.23 07:08:09.165,2.1036,2.1044,1.00,1.00
2010.06.23 07:08:10.106,2.1036,2.1044,1.00,1.30
2010.06.23 07:08:10.456,2.1036,2.1044,1.00,1.00
2010.06.23 07:08:11.271,2.1035,2.10425,1.60,1.30
2010.06.23 07:08:11.624,2.10325,2.1041,1.00,1.00
2010.06.23 07:08:12.723,2.10345,2.1041,1.00,1.00
2010.06.23 07:08:13.063,2.10345,2.10415,1.00,1.00
2010.06.23 07:08:13.983,2.1034,2.1041,1.00,1.00
2010.06.23 07:08:14.201,2.10355,2.1041,1.00,1.00
2010.06.23 07:08:15.022,2.1034,2.10415,1.00,1.00
2010.06.23 07:08:15.371,2.1035,2.1043,1.00,1.00
2010.06.23 07:08:16.386,2.1035,2.10435,1.00,1.30
2010.06.23 07:08:19.877,2.10355,2.1044,1.00,2.10
2010.06.23 07:08:21.083,2.10355,2.1044,1.00,1.30
2010.06.23 07:08:21.370,2.1036,2.1044,1.00,2.10
2010.06.23 07:08:21.649,2.1036,2.10435,1.00,1.00
2010.06.23 07:08:22.958,2.1036,2.10435,1.00,1.30
2010.06.23 07:08:23.255,2.1036,2.10435,1.00,1.00
2010.06.23 07:08:24.222,2.1036,2.1044,1.00,2.10
2010.06.23 07:08:24.330,2.1036,2.10435,1.00,1.00
2010.06.23 07:08:24.679,2.1036,2.10435,1.00,1.30
2010.06.23 07:08:25.821,2.1035,2.1042,1.00,1.00
2010.06.23 07:08:27.167,2.10345,2.1042,1.00,1.00
2010.06.23 07:08:27.500,2.1034,2.1042,1.00,1.00
2010.06.23 07:08:28.624,2.10345,2.10425,1.00,1.00
2010.06.23 07:08:29.412,2.1034,2.1042,1.00,1.00
2010.06.23 07:08:29.619,2.1033,2.1042,1.00,1.00
2010.06.23 07:08:30.497,2.10335,2.10425,1.00,1.00
2010.06.23 07:08:31.475,2.1033,2.1042,1.00,1.00
2010.06.23 07:08:32.159,2.1034,2.1042,1.00,1.00
2010.06.23 07:08:32.499,2.1034,2.10435,1.00,1.00
2010.06.23 07:08:33.320,2.10385,2.10455,1.00,1.00
2010.06.23 07:08:33.598,2.10375,2.1045,1.00,1.00
2010.06.23 07:08:33.897,2.10405,2.10465,1.00,1.10
2010.06.23 07:08:34.197,2.1042,2.1048,1.00,1.00
2010.06.23 07:08:34.980,2.10425,2.10495,1.00,1.00
2010.06.23 07:08:35.280,2.1042,2.10485,1.00,1.60
2010.06.23 07:08:35.581,2.1041,2.1048,1.60,1.00
2010.06.23 07:08:35.879,2.10395,2.10475,1.00,1.00
2010.06.23 07:08:36.679,2.10385,2.10435,3.20,1.00
2010.06.23 07:08:37.023,2.1036,2.10435,1.00,1.00
2010.06.23 07:08:38.912,2.1037,2.10445,1.00,1.00
2010.06.23 07:08:39.059,2.1036,2.10435,2.00,1.00
2010.06.23 07:08:39.289,2.10365,2.1044,1.00,1.00
2010.06.23 07:08:39.508,2.10365,2.1044,1.20,1.00
2010.06.23 07:08:39.729,2.10365,2.10435,1.00,1.00
2010.06.23 07:08:40.164,2.1036,2.10435,2.00,1.00
2010.06.23 07:08:40.919,2.1036,2.10435,1.20,1.00
2010.06.23 07:08:41.217,2.10385,2.1045,1.60,1.00
2010.06.23 07:08:41.516,2.10375,2.1045,1.00,1.00
2010.06.23 07:08:42.635,2.1037,2.10435,1.60,1.00
2010.06.23 07:08:43.243,2.10365,2.1044,1.00,1.00
2010.06.23 07:08:46.374,2.1038,2.10455,1.00,1.00
2010.06.23 07:08:46.555,2.1038,2.10455,2.00,1.00
2010.06.23 07:08:47.474,2.10395,2.1047,1.00,1.00
2010.06.23 07:08:47.602,2.10385,2.10465,1.00,1.00
2010.06.23 07:08:47.727,2.10385,2.1046,1.00,1.00
2010.06.23 07:08:49.725,2.10375,2.1045,2.00,1.00
2010.06.23 07:08:49.916,2.10385,2.1045,1.00,1.00
2010.06.23 07:08:50.295,2.10385,2.1046,1.00,1.00
2010.06.23 07:08:51.232,2.10385,2.1046,1.00,1.60
2010.06.23 07:08:51.580,2.10385,2.1046,1.00,1.00
2010.06.23 07:08:51.808,2.10375,2.1046,1.00,1.00
2010.06.23 07:08:52.025,2.10375,2.1045,1.00,1.00
2010.06.23 07:08:52.246,2.10385,2.1046,1.00,1.00
2010.06.23 07:08:53.058,2.10375,2.1045,3.60,1.00
2010.06.23 07:08:53.206,2.10375,2.1045,2.00,1.00
2010.06.23 07:08:55.126,2.10385,2.1046,1.00,1.00
2010.06.23 07:08:56.307,2.10365,2.10415,1.60,1.00
2010.06.23 07:08:57.044,2.10345,2.10415,1.00,1.00
2010.06.23 07:08:57.818,2.10335,2.10415,2.00,1.00
2010.06.23 07:08:58.158,2.10335,2.10415,1.00,1.00
2010.06.23 07:08:58.791,2.10325,2.10385,1.60,1.10
2010.06.23 07:08:58.961,2.10305,2.10385,1.00,1.60
2010.06.23 07:08:59.583,2.10305,2.10385,1.00,1.00
2010.06.23 07:08:59.749,2.10305,2.1039,1.00,1.00
2010.06.23 07:09:00.100,2.10315,2.1039,1.00,1.00
2010.06.23 07:09:00.917,2.1033,2.1039,1.00,1.00
2010.06.23 07:09:01.135,2.1033,2.10405,1.00,1.00
2010.06.23 07:09:02.513,2.1032,2.1039,2.00,1.00
2010.06.23 07:09:02.796,2.1032,2.1039,1.00,1.00
2010.06.23 07:09:04.819,2.1031,2.10385,1.60,2.10
2010.06.23 07:09:05.459,2.1031,2.10385,1.60,1.00
2010.06.23 07:09:05.798,2.103,2.10375,1.00,1.00
2010.06.23 07:09:06.088,2.1031,2.10385,1.00,1.00
2010.06.23 07:09:07.002,2.103,2.10375,1.00,1.00
2010.06.23 07:09:07.367,2.1031,2.10385,1.00,1.00
2010.06.23 07:09:08.757,2.10305,2.10385,1.00,1.00
2010.06.23 07:09:09.667,2.1029,2.1038,1.00,1.00
2010.06.23 07:09:11.163,2.1029,2.10385,1.00,1.00
2010.06.23 07:09:11.606,2.1029,2.1038,1.00,1.00
2010.06.23 07:09:12.827,2.1029,2.10385,1.00,1.00
2010.06.23 07:09:13.085,2.103,2.10375,1.00,1.00
2010.06.23 07:09:13.803,2.1032,2.10385,1.00,1.00
2010.06.23 07:09:14.103,2.103,2.10375,1.00,1.00
2010.06.23 07:09:17.002,2.1033,2.10425,1.00,1.00
2010.06.23 07:09:17.849,2.10345,2.1043,1.00,1.00
2010.06.23 07:09:18.633,2.1033,2.10425,1.00,1.00
2010.06.23 07:09:22.653,2.1032,2.10425,1.00,1.00
2010.06.23 07:09:22.975,2.10315,2.1042,1.00,1.00
2010.06.23 07:09:24.311,2.1033,2.1042,1.00,1.00
2010.06.23 07:09:25.801,2.10325,2.10415,1.00,1.00
2010.06.23 07:09:27.566,2.10325,2.10415,1.00,1.00
2010.06.23 07:09:28.885,2.10305,2.10425,1.00,1.30
2010.06.23 07:09:29.097,2.10305,2.10415,1.00,1.00
2010.06.23 07:09:32.131,2.10305,2.1042,1.00,1.60
2010.06.23 07:09:33.211,2.10295,2.10385,1.50,1.00
2010.06.23 07:09:33.557,2.10295,2.10385,1.00,1.00
2010.06.23 07:09:34.532,2.1028,2.10375,1.00,1.00
2010.06.23 07:09:35.166,2.10285,2.10385,1.00,1.00
2010.06.23 07:09:36.997,2.1027,2.1037,1.00,1.00
2010.06.23 07:09:38.269,2.1028,2.10375,1.00,1.00
2010.06.23 07:09:45.586,2.10265,2.1036,1.30,1.00
2010.06.23 07:09:47.474,2.10265,2.1036,2.10,1.00
2010.06.23 07:09:47.740,2.10275,2.1036,1.00,1.00
2010.06.23 07:09:48.436,2.1028,2.1037,1.30,1.00
2010.06.23 07:09:49.330,2.1028,2.1037,1.00,1.00
2010.06.23 07:09:49.825,2.1028,2.1037,1.00,1.30
2010.06.23 07:09:52.299,2.10285,2.10365,1.00,1.00
2010.06.23 07:09:52.787,2.10255,2.10355,1.00,1.00
2010.06.23 07:09:53.037,2.10265,2.1035,1.00,1.00
2010.06.23 07:09:53.746,2.1026,2.1035,1.00,2.90
2010.06.23 07:09:53.968,2.1026,2.1035,1.00,1.30
2010.06.23 07:09:54.186,2.1026,2.10315,1.00,1.60
2010.06.23 07:09:54.679,2.1024,2.1031,1.00,1.00
2010.06.23 07:09:55.034,2.1026,2.10345,1.00,3.20
2010.06.23 07:09:56.159,2.1025,2.1033,1.00,1.60
2010.06.23 07:09:56.499,2.1024,2.1033,1.00,2.10
2010.06.23 07:09:56.848,2.10245,2.1033,1.00,1.60
2010.06.23 07:09:58.296,2.10245,2.1033,1.00,3.20
2010.06.23 07:10:00.855,2.10245,2.10325,1.00,1.00
2010.06.23 07:10:01.824,2.1028,2.10355,1.00,1.00
2010.06.23 07:10:02.578,2.10275,2.1035,1.00,1.60
2010.06.23 07:10:03.139,2.1028,2.1035,1.00,1.60
2010.06.23 07:10:03.409,2.10275,2.10355,1.00,1.60
2010.06.23 07:10:03.682,2.10275,2.1035,1.00,1.60
2010.06.23 07:10:03.988,2.10275,2.10335,1.00,2.40
2010.06.23 07:10:04.087,2.1025,2.10335,1.00,2.40
2010.06.23 07:10:04.618,2.1025,2.1031,1.00,1.00
2010.06.23 07:10:04.957,2.10265,2.10345,1.10,1.00
2010.06.23 07:10:05.300,2.10275,2.10365,1.00,1.60
2010.06.23 07:10:05.648,2.10285,2.10375,1.00,1.00
2010.06.23 07:10:06.196,2.103,2.10385,1.00,2.40
2010.06.23 07:10:06.515,2.1032,2.1041,1.00,1.00
2010.06.23 07:10:06.823,2.10315,2.10415,1.00,1.60
2010.06.23 07:10:07.321,2.10315,2.1042,1.00,1.60
2010.06.23 07:10:07.635,2.10335,2.10415,1.00,1.60
2010.06.23 07:10:07.942,2.1032,2.10415,1.00,1.60
2010.06.23 07:10:08.952,2.10335,2.1043,1.00,1.60
2010.06.23 07:10:09.539,2.10335,2.10395,1.00,1.60
2010.06.23 07:10:10.319,2.103,2.10385,1.00,1.60
2010.06.23 07:10:10.618,2.103,2.10395,1.00,1.60
2010.06.23 07:10:10.920,2.10315,2.1041,1.00,1.00
2010.06.23 07:10:11.727,2.1032,2.10385,1.00,1.60
2010.06.23 07:10:12.067,2.1033,2.10385,1.60,1.60
2010.06.23 07:10:12.860,2.1033,2.1042,1.00,1.60
2010.06.23 07:10:13.101,2.10365,2.1043,1.00,1.60
2010.06.23 07:10:13.338,2.10365,2.10445,1.00,1.60
2010.06.23 07:10:14.048,2.10365,2.1043,1.00,1.60
2010.06.23 07:10:14.388,2.10365,2.10445,1.00,3.20
2010.06.23 07:10:14.726,2.10365,2.10445,1.00,1.00
2010.06.23 07:10:15.242,2.10365,2.1045,1.00,1.60
2010.06.23 07:10:15.559,2.10365,2.10455,1.00,3.20
2010.06.23 07:10:15.875,2.10375,2.1045,1.00,1.00
2010.06.23 07:10:16.198,2.1039,2.1046,1.00,1.00
2010.06.23 07:10:16.999,2.1038,2.10455,1.00,2.40
2010.06.23 07:10:17.292,2.1038,2.10435,1.00,1.60
2010.06.23 07:10:17.991,2.1038,2.1046,1.00,1.00
2010.06.23 07:10:18.247,2.10385,2.1047,1.00,1.60
2010.06.23 07:10:18.510,2.1038,2.10465,2.00,1.60
2010.06.23 07:10:18.770,2.104,2.1047,1.00,1.60
2010.06.23 07:10:19.241,2.1041,2.1047,1.00,1.60
2010.06.23 07:10:19.572,2.1043,2.10505,1.00,1.10
2010.06.23 07:10:20.251,2.1043,2.1052,1.00,2.70
2010.06.23 07:10:20.599,2.1044,2.10525,1.00,1.00
2010.06.23 07:10:22.126,2.10415,2.10515,2.30,1.60
2010.06.23 07:10:22.310,2.1043,2.10515,1.00,1.60
2010.06.23 07:10:23.198,2.10445,2.1054,1.00,1.00
2010.06.23 07:10:24.892,2.10375,2.10445,2.00,1.60
2010.06.23 07:10:25.172,2.10375,2.10445,1.00,1.60
2010.06.23 07:10:25.668,2.1037,2.10445,1.00,1.60
2010.06.23 07:10:26.007,2.10365,2.10445,1.00,1.60
2010.06.23 07:10:28.267,2.1038,2.1047,1.00,1.00
2010.06.23 07:10:28.540,2.104,2.10495,1.00,1.30
2010.06.23 07:10:28.806,2.104,2.1047,1.00,1.00
2010.06.23 07:10:29.602,2.1041,2.1049,1.00,1.60
2010.06.23 07:10:29.948,2.1041,2.105,1.00,1.60
2010.06.23 07:10:30.979,2.1042,2.10515,1.00,1.00
2010.06.23 07:10:31.308,2.1042,2.1052,1.00,1.00
2010.06.23 07:10:32.514,2.1042,2.10515,1.00,1.00
2010.06.23 07:10:32.860,2.1042,2.105,1.00,1.00
2010.06.23 07:10:33.523,2.1042,2.1051,1.00,1.30
2010.06.23 07:10:33.751,2.1042,2.1051,1.00,1.00
2010.06.23 07:10:35.048,2.1042,2.105,1.00,1.00
2010.06.23 07:10:35.300,2.10435,2.1051,1.00,1.00
2010.06.23 07:10:36.247,2.10475,2.10565,1.00,1.00
2010.06.23 07:10:36.585,2.10475,2.10565,1.00,1.00
2010.06.23 07:10:37.498,2.10505,2.10585,1.00,1.00
2010.06.23 07:10:38.862,2.1049,2.10575,1.00,1.60
2010.06.23 07:10:40.183,2.10475,2.10575,1.00,2.10
2010.06.23 07:10:41.014,2.10475,2.10545,1.00,1.60
2010.06.23 07:10:41.375,2.10465,2.10545,1.00,1.60
2010.06.23 07:10:42.060,2.10465,2.1055,1.00,1.00
2010.06.23 07:10:42.900,2.1048,2.1057,1.00,1.00
2010.06.23 07:10:43.252,2.10465,2.10545,1.00,1.60
2010.06.23 07:10:44.226,2.1046,2.10545,1.00,1.60
2010.06.23 07:10:44.517,2.10465,2.10555,1.00,1.00
2010.06.23 07:10:44.805,2.10465,2.1056,1.00,2.10
2010.06.23 07:10:45.095,2.10465,2.1056,1.00,1.00
2010.06.23 07:10:45.779,2.1046,2.10545,1.00,1.60
2010.06.23 07:10:46.136,2.10465,2.1056,1.00,2.10
2010.06.23 07:10:46.474,2.10445,2.10515,1.00,1.60
2010.06.23 07:10:46.964,2.10445,2.10515,1.30,1.60
2010.06.23 07:10:47.211,2.1046,2.1053,1.00,1.60
2010.06.23 07:10:47.449,2.1044,2.1053,1.20,1.60
2010.06.23 07:10:48.290,2.10425,2.10525,1.00,1.00
2010.06.23 07:10:48.639,2.1041,2.1052,1.00,1.00
2010.06.23 07:10:49.321,2.1041,2.1052,1.00,1.20
2010.06.23 07:10:49.559,2.1041,2.10515,1.00,1.00
2010.06.23 07:10:49.801,2.10405,2.1051,1.00,1.00
2010.06.23 07:10:50.147,2.10405,2.1051,1.00,1.30
2010.06.23 07:10:51.100,2.10405,2.1051,1.00,1.00
2010.06.23 07:10:51.304,2.1041,2.10515,1.00,1.00
2010.06.23 07:10:52.364,2.10425,2.10525,1.00,1.30
2010.06.23 07:10:52.666,2.10425,2.10525,1.00,1.00
2010.06.23 07:10:52.956,2.10425,2.10525,1.00,1.00
2010.06.23 07:10:53.538,2.10425,2.10525,1.00,1.00
2010.06.23 07:10:53.716,2.10415,2.10525,1.00,1.00
2010.06.23 07:10:54.381,2.10405,2.10515,1.50,2.10
2010.06.23 07:10:55.052,2.10405,2.1051,1.00,1.00
2010.06.23 07:10:55.405,2.10405,2.1051,1.00,1.30
2010.06.23 07:10:55.751,2.1041,2.10515,1.00,1.00
2010.06.23 07:10:56.605,2.104,2.10495,1.00,1.00
2010.06.23 07:10:58.516,2.104,2.1049,1.00,1.60
2010.06.23 07:10:58.626,2.1039,2.10485,1.00,1.00
2010.06.23 07:10:59.578,2.1039,2.1048,1.00,1.00
2010.06.23 07:10:59.915,2.1039,2.10485,1.00,1.00
2010.06.23 07:11:00.597,2.1039,2.10485,1.00,1.00
2010.06.23 07:11:01.421,2.10395,2.1049,1.00,1.60
2010.06.23 07:11:01.565,2.10395,2.10495,1.00,1.00
2010.06.23 07:11:02.828,2.10405,2.10495,1.00,1.00
2010.06.23 07:11:03.000,2.10405,2.10505,1.00,1.00
2010.06.23 07:11:03.457,2.10405,2.10505,1.00,1.00
2010.06.23 07:11:03.624,2.10405,2.10505,1.00,1.00
2010.06.23 07:11:03.795,2.1041,2.10505,1.00,1.00
2010.06.23 07:11:05.106,2.1041,2.10505,1.00,1.00
2010.06.23 07:11:05.459,2.104,2.1046,1.00,1.60
2010.06.23 07:11:05.585,2.10375,2.1046,1.60,2.10
2010.06.23 07:11:06.187,2.1033,2.10445,1.00,1.10
2010.06.23 07:11:06.536,2.1031,2.1042,1.00,1.00
2010.06.23 07:11:07.630,2.10315,2.1042,1.50,1.00
2010.06.23 07:11:14.608,2.103,2.10405,1.50,1.00
2010.06.23 07:11:15.675,2.103,2.10415,2.10,1.60
2010.06.23 07:11:15.963,2.10315,2.1043,1.00,1.00
2010.06.23 07:11:16.722,2.10315,2.10435,1.30,1.00
2010.06.23 07:11:16.747,2.10315,2.10435,2.10,1.00
2010.06.23 07:11:17.082,2.1032,2.10435,1.00,1.00
2010.06.23 07:11:17.429,2.1032,2.10435,1.00,1.00
2010.06.23 07:11:18.241,2.1033,2.1044,1.00,1.00
2010.06.23 07:11:19.227,2.1033,2.10445,1.00,1.60
2010.06.23 07:11:19.560,2.1032,2.1044,1.00,1.30
2010.06.23 07:11:19.897,2.1032,2.1043,1.00,1.00
2010.06.23 07:11:20.676,2.1032,2.1043,1.00,1.60
2010.06.23 07:11:21.035,2.1031,2.1042,1.00,1.00
2010.06.23 07:11:21.379,2.10315,2.10425,1.00,1.60
2010.06.23 07:11:22.511,2.1033,2.1043,1.00,1.00
2010.06.23 07:11:23.669,2.1033,2.10445,1.00,1.00
2010.06.23 07:11:23.886,2.10345,2.10455,1.10,1.20
2010.06.23 07:11:24.105,2.10355,2.10465,1.00,1.00
2010.06.23 07:11:25.031,2.10355,2.1047,1.00,2.10
2010.06.23 07:11:25.386,2.10355,2.1047,1.00,1.00
2010.06.23 07:11:25.730,2.1036,2.1047,1.00,1.00
2010.06.23 07:11:26.538,2.1036,2.10475,1.00,1.00
2010.06.23 07:11:26.811,2.10345,2.10465,1.50,1.00
2010.06.23 07:11:27.079,2.10345,2.10465,1.00,1.00
2010.06.23 07:11:27.563,2.10345,2.10465,1.50,1.00
2010.06.23 07:11:27.911,2.10345,2.10465,1.00,1.60
2010.06.23 07:11:28.259,2.10345,2.10465,1.00,2.10
2010.06.23 07:11:28.985,2.10345,2.10455,1.00,1.00
2010.06.23 07:11:29.192,2.10325,2.1044,1.00,1.30
2010.06.23 07:11:29.877,2.10325,2.1044,1.00,1.30
2010.06.23 07:11:30.080,2.1033,2.1045,1.00,2.10
2010.06.23 07:11:30.429,2.10325,2.1044,1.00,1.00
2010.06.23 07:11:31.217,2.1033,2.10445,1.00,1.60
2010.06.23 07:11:32.473,2.10325,2.1043,1.00,2.10
2010.06.23 07:11:32.811,2.10335,2.1043,1.00,1.60
2010.06.23 07:11:33.478,2.10345,2.1043,1.00,1.60
2010.06.23 07:11:34.295,2.1037,2.10445,1.00,1.60
2010.06.23 07:11:35.825,2.10345,2.1043,1.00,1.60
2010.06.23 07:11:38.292,2.10315,2.1042,1.00,1.00
2010.06.23 07:11:38.758,2.1031,2.1041,1.00,1.00
2010.06.23 07:11:39.358,2.1028,2.10385,1.00,2.10
2010.06.23 07:11:39.647,2.10255,2.10365,1.50,1.00
2010.06.23 07:11:41.945,2.10255,2.10365,1.50,1.00
2010.06.23 07:11:42.100,2.10255,2.10365,1.00,1.00
2010.06.23 07:11:42.204,2.1025,2.10365,1.30,1.00
2010.06.23 07:11:45.864,2.10265,2.10365,1.60,1.00
2010.06.23 07:11:46.477,2.1029,2.1037,1.00,1.10
2010.06.23 07:11:46.700,2.10295,2.1039,1.00,1.00
2010.06.23 07:11:46.921,2.10305,2.10395,1.00,1.00
2010.06.23 07:11:47.573,2.10305,2.10395,1.00,1.00
2010.06.23 07:11:47.909,2.1031,2.10395,1.00,1.00
2010.06.23 07:11:48.241,2.1032,2.104,1.00,1.60
2010.06.23 07:11:49.050,2.10335,2.10415,1.00,1.60
2010.06.23 07:11:49.350,2.1032,2.10415,1.00,1.60
2010.06.23 07:11:50.407,2.10325,2.1041,1.00,2.10
2010.06.23 07:11:50.752,2.10335,2.10415,1.00,1.60
2010.06.23 07:11:52.294,2.10335,2.1041,1.00,1.60
2010.06.23 07:11:52.438,2.1031,2.10405,1.00,1.00
2010.06.23 07:11:52.988,2.1032,2.10415,1.30,1.60
2010.06.23 07:11:53.142,2.1032,2.10415,2.10,1.60
2010.06.23 07:11:54.255,2.1032,2.10415,1.30,1.60
2010.06.23 07:11:54.610,2.1032,2.10405,1.00,1.00
2010.06.23 07:11:54.897,2.10305,2.10405,2.10,1.00
2010.06.23 07:11:56.471,2.1032,2.10415,1.00,1.60
2010.06.23 07:11:57.937,2.10335,2.10415,1.00,1.60
2010.06.23 07:11:59.958,2.10345,2.1043,1.00,1.60
2010.06.23 07:12:00.228,2.10345,2.10415,1.00,1.60
2010.06.23 07:12:00.366,2.1033,2.10415,1.50,1.60
2010.06.23 07:12:00.989,2.10335,2.10425,1.00,1.00
2010.06.23 07:12:02.265,2.10335,2.1043,1.00,1.60
2010.06.23 07:12:05.008,2.10335,2.1043,1.30,1.60
2010.06.23 07:12:05.272,2.1034,2.10445,1.00,1.70
2010.06.23 07:12:05.529,2.1035,2.10445,1.00,1.70
2010.06.23 07:12:06.015,2.1035,2.10445,1.30,1.70
2010.06.23 07:12:06.300,2.10345,2.1043,1.30,1.60
2010.06.23 07:12:06.591,2.1035,2.1043,1.00,1.60
2010.06.23 07:12:07.613,2.1035,2.1043,1.00,1.60
2010.06.23 07:12:07.947,2.10345,2.1043,2.10,1.60
2010.06.23 07:12:09.072,2.10335,2.1043,2.90,1.60
2010.06.23 07:12:09.323,2.10335,2.10415,1.00,1.60
2010.06.23 07:12:11.019,2.10325,2.10415,1.00,1.60
2010.06.23 07:12:11.188,2.1035,2.10465,1.00,2.30
2010.06.23 07:12:11.724,2.1035,2.10465,1.00,1.00
2010.06.23 07:12:11.891,2.1035,2.1044,1.00,1.00
2010.06.23 07:12:12.241,2.1037,2.10445,1.00,1.60
2010.06.23 07:12:13.075,2.1035,2.1044,1.00,1.00
2010.06.23 07:12:13.343,2.1035,2.1045,1.00,1.00
2010.06.23 07:12:15.656,2.1035,2.1044,1.00,1.00
2010.06.23 07:12:16.119,2.10335,2.10415,1.00,1.60
2010.06.23 07:12:17.165,2.10335,2.10425,1.00,1.00
2010.06.23 07:12:17.346,2.10335,2.1043,1.00,1.60
2010.06.23 07:12:18.825,2.10335,2.10415,1.00,1.60
2010.06.23 07:12:19.691,2.10335,2.1043,1.00,1.60
2010.06.23 07:12:21.727,2.10335,2.10415,1.00,1.60
2010.06.23 07:12:23.056,2.10325,2.1041,1.00,1.60
2010.06.23 07:12:23.399,2.10305,2.10405,1.00,1.00
2010.06.23 07:12:24.157,2.1031,2.10405,1.00,1.00
2010.06.23 07:12:24.564,2.10305,2.10405,2.10,1.00
2010.06.23 07:12:25.220,2.10325,2.10405,1.00,1.00
2010.06.23 07:12:25.569,2.10325,2.10435,2.10,1.00
2010.06.23 07:12:26.037,2.10325,2.10435,1.30,1.00
2010.06.23 07:12:26.588,2.1032,2.10435,1.00,1.00
2010.06.23 07:12:26.831,2.1033,2.10435,1.00,1.00
2010.06.23 07:12:27.078,2.1032,2.10435,1.00,1.00
2010.06.23 07:12:28.228,2.1032,2.10425,1.00,1.00
2010.06.23 07:12:30.116,2.1035,2.10445,1.00,2.10
2010.06.23 07:12:30.462,2.10335,2.1043,1.00,1.00
2010.06.23 07:12:31.797,2.1034,2.1044,1.00,1.30
2010.06.23 07:12:32.817,2.1034,2.10435,1.00,1.00
2010.06.23 07:12:33.058,2.10315,2.10435,2.10,1.00
2010.06.23 07:12:33.573,2.10315,2.10425,2.10,1.00
2010.06.23 07:12:34.268,2.10315,2.10425,2.10,1.00
2010.06.23 07:12:34.500,2.10315,2.10425,1.50,1.00
2010.06.23 07:12:34.944,2.1031,2.10425,2.10,1.00
2010.06.23 07:12:35.806,2.1031,2.10425,2.10,1.00
2010.06.23 07:12:36.126,2.10315,2.10435,1.00,1.50
2010.06.23 07:12:36.765,2.10315,2.10435,1.60,1.50
2010.06.23 07:12:37.006,2.10315,2.10435,1.60,1.30
2010.06.23 07:12:37.686,2.10325,2.10435,1.00,1.30
2010.06.23 07:12:37.842,2.10325,2.10445,1.00,1.70
2010.06.23 07:12:37.996,2.10325,2.1044,1.00,1.10
2010.06.23 07:12:38.148,2.10315,2.10435,2.10,1.00
2010.06.23 07:12:38.296,2.10315,2.10435,1.30,1.00
2010.06.23 07:12:38.913,2.10315,2.10435,1.30,1.00
2010.06.23 07:12:39.911,2.1032,2.10435,1.00,1.00
2010.06.23 07:12:40.571,2.10325,2.10435,1.00,1.00
2010.06.23 07:12:40.924,2.1033,2.10445,1.00,1.00
2010.06.23 07:12:42.418,2.1033,2.1045,1.30,1.00
2010.06.23 07:12:42.659,2.1034,2.10455,1.30,1.00
2010.06.23 07:12:42.899,2.1034,2.10455,1.30,1.00
2010.06.23 07:12:43.140,2.1035,2.10455,1.30,1.00
2010.06.23 07:12:43.386,2.1035,2.10455,1.00,1.00
2010.06.23 07:12:44.138,2.1035,2.10445,1.00,1.00
2010.06.23 07:12:44.697,2.10345,2.10445,1.00,1.00
2010.06.23 07:12:47.270,2.1033,2.10445,1.00,1.00
2010.06.23 07:12:47.607,2.10315,2.10435,2.10,1.00
2010.06.23 07:12:48.456,2.10315,2.10435,2.10,1.00
2010.06.23 07:12:50.080,2.10315,2.10425,2.10,1.00
2010.06.23 07:12:50.418,2.10355,2.1044,1.00,1.90
2010.06.23 07:12:50.721,2.1037,2.1044,1.00,1.00
2010.06.23 07:12:51.215,2.1037,2.10455,1.00,1.60
2010.06.23 07:12:51.522,2.10365,2.10445,1.00,1.60
2010.06.23 07:12:51.801,2.1037,2.10445,1.00,1.00
2010.06.23 07:12:52.081,2.1037,2.10455,1.00,1.00
2010.06.23 07:12:52.840,2.1037,2.1046,1.00,1.60
2010.06.23 07:12:53.960,2.1037,2.1046,1.00,2.40
2010.06.23 07:12:54.191,2.10385,2.10475,1.00,2.40
2010.06.23 07:12:54.420,2.10395,2.10475,1.00,2.40
2010.06.23 07:12:55.131,2.10395,2.10475,1.00,1.60
2010.06.23 07:12:57.505,2.1038,2.10475,1.00,2.40
2010.06.23 07:12:58.456,2.1039,2.10475,1.00,2.40
2010.06.23 07:12:58.615,2.1039,2.10475,1.00,1.60
2010.06.23 07:12:59.056,2.10405,2.10475,1.00,1.60
2010.06.23 07:12:59.708,2.10405,2.10485,1.00,1.60
2010.06.23 07:13:00.655,2.1038,2.10485,1.10,1.60
2010.06.23 07:13:01.661,2.1037,2.10475,1.00,1.60
2010.06.23 07:13:02.245,2.10375,2.10475,1.00,1.60
2010.06.23 07:13:04.660,2.10365,2.10475,1.20,1.60
2010.06.23 07:13:04.838,2.10365,2.10475,1.10,1.60
2010.06.23 07:13:05.352,2.10365,2.1047,1.10,1.00
2010.06.23 07:13:05.628,2.1034,2.10445,1.00,1.00
2010.06.23 07:13:05.906,2.10335,2.10435,1.10,1.30
2010.06.23 07:13:06.431,2.1033,2.1043,1.00,1.00
2010.06.23 07:13:06.731,2.10325,2.1043,1.00,1.00
2010.06.23 07:13:07.027,2.10325,2.1044,1.00,3.20
2010.06.23 07:13:07.798,2.10315,2.1043,1.00,1.00
2010.06.23 07:13:08.101,2.1032,2.1043,1.60,1.00
2010.06.23 07:13:08.690,2.1032,2.10435,1.00,1.00
2010.06.23 07:13:09.329,2.10325,2.1044,1.00,3.20
2010.06.23 07:13:09.660,2.1033,2.1044,1.90,1.60
2010.06.23 07:13:09.998,2.10335,2.1044,1.00,1.60
2010.06.23 07:13:10.771,2.1034,2.10445,1.00,1.60
2010.06.23 07:13:11.112,2.10345,2.1045,1.00,1.60
2010.06.23 07:13:11.535,2.10345,2.1045,1.60,1.60
2010.06.23 07:13:12.059,2.10345,2.1045,1.70,1.60
2010.06.23 07:13:12.381,2.10345,2.1045,1.00,1.60
2010.06.23 07:13:12.699,2.10345,2.1045,1.00,1.60
2010.06.23 07:13:13.457,2.10335,2.10435,1.10,2.10
2010.06.23 07:13:13.737,2.1033,2.10435,1.00,2.10
2010.06.23 07:13:14.847,2.10335,2.10435,1.60,2.30
2010.06.23 07:13:15.186,2.1034,2.10435,1.00,2.10
2010.06.23 07:13:15.527,2.10345,2.10435,1.00,1.00
2010.06.23 07:13:16.007,2.10345,2.10445,1.00,3.40
2010.06.23 07:13:16.352,2.1035,2.10445,1.00,1.70
2010.06.23 07:13:18.026,2.10335,2.10435,1.00,1.10
2010.06.23 07:13:18.176,2.10335,2.10435,1.00,1.60
2010.06.23 07:13:18.999,2.1034,2.10425,1.00,1.00
2010.06.23 07:13:19.985,2.1034,2.10435,1.00,1.80
2010.06.23 07:13:20.928,2.10335,2.10425,1.00,1.00
2010.06.23 07:13:21.264,2.10335,2.10435,1.00,1.80
2010.06.23 07:13:21.855,2.10335,2.10425,1.00,1.00
2010.06.23 07:13:22.008,2.10335,2.10445,1.50,2.30
2010.06.23 07:13:22.352,2.10335,2.10445,2.30,3.40
2010.06.23 07:13:22.696,2.10335,2.10445,1.00,3.40
2010.06.23 07:13:23.177,2.10335,2.1044,1.00,1.10
2010.06.23 07:13:23.481,2.10335,2.10435,1.00,2.30
2010.06.23 07:13:23.789,2.10325,2.10435,1.00,2.30
2010.06.23 07:13:24.088,2.1033,2.10435,1.60,2.30
2010.06.23 07:13:24.388,2.10325,2.10435,1.00,2.30
2010.06.23 07:13:25.179,2.10325,2.10435,2.30,2.30
2010.06.23 07:13:25.518,2.1033,2.10425,1.00,1.00
2010.06.23 07:13:26.575,2.10325,2.10425,1.50,1.00
2010.06.23 07:13:27.100,2.10325,2.10435,1.50,2.30
2010.06.23 07:13:27.935,2.1033,2.10435,1.00,2.30
2010.06.23 07:13:28.436,2.1033,2.10435,1.00,2.20
2010.06.23 07:13:29.064,2.1033,2.1043,1.00,1.00
2010.06.23 07:13:31.120,2.1033,2.10425,1.00,1.00
2010.06.23 07:13:32.264,2.1033,2.10425,1.60,1.00
2010.06.23 07:13:32.610,2.1033,2.10425,1.00,1.00
2010.06.23 07:13:32.820,2.1033,2.10425,1.00,1.00
2010.06.23 07:13:33.578,2.1033,2.10425,1.00,1.00
2010.06.23 07:13:34.067,2.1033,2.1043,1.00,1.00
2010.06.23 07:13:34.782,2.1033,2.10435,1.60,3.30
2010.06.23 07:13:35.032,2.1033,2.10435,1.00,2.20
2010.06.23 07:13:35.817,2.1033,2.1043,1.00,1.10
2010.06.23 07:13:36.169,2.10315,2.10405,1.00,1.60
2010.06.23 07:13:36.519,2.10305,2.10405,1.60,1.60
2010.06.23 07:13:37.206,2.103,2.10405,1.60,1.60
2010.06.23 07:13:37.512,2.1029,2.1039,1.00,1.10
2010.06.23 07:13:37.809,2.1029,2.10385,1.00,1.00
2010.06.23 07:13:38.108,2.10305,2.104,1.60,1.00
2010.06.23 07:13:39.060,2.103,2.10395,1.60,1.00
2010.06.23 07:13:39.281,2.10295,2.1039,1.00,1.60
2010.06.23 07:13:40.229,2.103,2.1039,1.00,1.60
2010.06.23 07:13:42.249,2.103,2.10385,1.00,1.10
2010.06.23 07:13:42.846,2.10295,2.10385,1.60,1.10
2010.06.23 07:13:43.051,2.103,2.10385,1.00,1.10
2010.06.23 07:13:43.851,2.10295,2.10385,1.00,1.60
2010.06.23 07:13:44.177,2.10295,2.1039,1.00,1.10
2010.06.23 07:13:44.396,2.103,2.1039,1.00,1.10
2010.06.23 07:13:45.350,2.103,2.1039,1.60,1.10
2010.06.23 07:13:46.031,2.10305,2.10405,1.60,1.20
2010.06.23 07:13:47.600,2.103,2.104,1.60,1.10
2010.06.23 07:13:48.099,2.10305,2.104,1.60,1.10
2010.06.23 07:13:50.094,2.103,2.104,1.00,1.10
2010.06.23 07:13:50.419,2.10285,2.10385,3.10,1.10
2010.06.23 07:13:50.676,2.1029,2.10385,1.00,1.10
2010.06.23 07:13:52.517,2.1029,2.10385,1.00,1.20
2010.06.23 07:13:53.866,2.1029,2.10385,1.00,1.10
2010.06.23 07:13:54.453,2.10285,2.10385,3.10,1.10
2010.06.23 07:13:54.650,2.10285,2.1038,1.50,1.10
2010.06.23 07:13:54.989,2.10285,2.10385,1.50,1.20
2010.06.23 07:13:55.810,2.10285,2.10385,2.30,1.10
2010.06.23 07:13:56.148,2.1029,2.10385,1.60,1.20
2010.06.23 07:13:56.740,2.1029,2.10385,1.60,1.00
2010.06.23 07:13:57.090,2.10285,2.10385,2.30,1.20
2010.06.23 07:13:57.435,2.10285,2.10385,2.30,1.10
2010.06.23 07:13:57.964,2.10285,2.10385,2.30,1.20
2010.06.23 07:13:59.173,2.10285,2.10385,2.30,1.10
2010.06.23 07:13:59.355,2.1029,2.10385,1.00,1.10
2010.06.23 07:13:59.394,2.1029,2.10385,1.00,1.20
2010.06.23 07:13:59.508,2.1029,2.10385,1.00,1.20
2010.06.23 07:14:00.894,2.10285,2.10385,3.10,1.20
2010.06.23 07:14:01.236,2.103,2.1039,1.00,1.10
2010.06.23 07:14:01.546,2.10295,2.10385,1.00,1.10
2010.06.23 07:14:02.057,2.10295,2.1039,1.00,1.10
2010.06.23 07:14:02.375,2.1029,2.1039,1.00,1.10
2010.06.23 07:14:02.603,2.1029,2.1039,1.50,1.10
2010.06.23 07:14:03.266,2.1029,2.10385,1.50,1.10
2010.06.23 07:14:03.506,2.10305,2.104,1.60,1.10
2010.06.23 07:14:06.285,2.1031,2.104,1.00,1.10
2010.06.23 07:14:06.589,2.10305,2.104,1.60,1.10
2010.06.23 07:14:07.177,2.103,2.104,1.60,1.10
2010.06.23 07:14:07.818,2.10305,2.104,1.00,1.10
2010.06.23 07:14:08.159,2.103,2.104,1.60,1.10
2010.06.23 07:14:08.684,2.10305,2.104,1.00,1.10
2010.06.23 07:14:09.803,2.10315,2.1041,1.00,1.10
2010.06.23 07:14:09.976,2.10315,2.1041,1.60,1.10
2010.06.23 07:14:10.973,2.10325,2.1041,1.60,1.10
2010.06.23 07:14:11.319,2.10315,2.1041,1.60,1.10
2010.06.23 07:14:12.006,2.1033,2.1041,1.00,1.10
2010.06.23 07:14:12.617,2.10315,2.1041,1.60,1.10
2010.06.23 07:14:13.746,2.10315,2.1039,1.60,1.10
2010.06.23 07:14:14.460,2.1031,2.1041,1.60,1.10
2010.06.23 07:14:14.687,2.10315,2.10405,1.00,1.10
2010.06.23 07:14:14.916,2.1031,2.10405,1.00,1.10
2010.06.23 07:14:15.972,2.1031,2.10405,1.60,1.10
2010.06.23 07:14:19.432,2.1031,2.1042,1.60,3.20
2010.06.23 07:14:19.681,2.10305,2.10405,1.60,1.10
2010.06.23 07:14:19.926,2.1031,2.10405,1.00,1.10
2010.06.23 07:14:21.875,2.10315,2.10405,1.00,1.10
2010.06.23 07:14:22.546,2.1029,2.10405,1.60,1.10
2010.06.23 07:14:23.378,2.1029,2.10405,3.20,1.10
2010.06.23 07:14:23.719,2.103,2.10405,1.00,1.10
2010.06.23 07:14:23.962,2.103,2.1041,2.30,1.00
2010.06.23 07:14:24.200,2.10295,2.10405,2.80,1.00
2010.06.23 07:14:24.909,2.1032,2.10435,1.50,1.10
2010.06.23 07:14:25.247,2.10325,2.10435,1.00,1.10
2010.06.23 07:14:26.037,2.1032,2.1042,1.00,1.10
2010.06.23 07:14:26.387,2.10325,2.1043,1.60,1.10
2010.06.23 07:14:26.635,2.10325,2.1043,1.00,1.10
2010.06.23 07:14:27.949,2.10345,2.10435,1.00,1.10
2010.06.23 07:14:28.287,2.10345,2.10445,1.60,1.10
2010.06.23 07:14:29.200,2.1035,2.10445,1.00,1.10
2010.06.23 07:14:29.410,2.10345,2.1045,1.60,1.10
2010.06.23 07:14:30.225,2.1035,2.10445,1.60,1.10
2010.06.23 07:14:30.586,2.1035,2.10445,1.00,1.10
2010.06.23 07:14:30.881,2.1035,2.10445,1.60,1.10
2010.06.23 07:14:31.986,2.1035,2.10455,1.60,1.30
2010.06.23 07:14:32.313,2.1037,2.1045,1.00,1.10
2010.06.23 07:14:33.073,2.10365,2.1046,1.00,1.00
2010.06.23 07:14:33.387,2.10335,2.1045,1.50,1.10
2010.06.23 07:14:33.691,2.10345,2.1045,1.60,1.10
2010.06.23 07:14:36.545,2.10345,2.1045,1.00,1.10
2010.06.23 07:14:37.856,2.1036,2.1045,1.00,1.10
2010.06.23 07:14:38.067,2.1036,2.1044,1.00,1.10
2010.06.23 07:14:38.281,2.1036,2.1045,1.60,1.10
2010.06.23 07:14:38.500,2.10355,2.1045,1.00,1.10
2010.06.23 07:14:40.166,2.1035,2.1045,1.60,1.10
2010.06.23 07:14:40.507,2.10335,2.10435,1.60,1.10
2010.06.23 07:14:41.618,2.1033,2.10435,1.00,1.20
2010.06.23 07:14:42.180,2.10315,2.10435,1.50,1.20
2010.06.23 07:14:42.689,2.10315,2.10435,1.00,1.90
2010.06.23 07:14:42.990,2.1031,2.10425,1.00,1.10
2010.06.23 07:14:43.489,2.1031,2.10425,1.50,1.10
2010.06.23 07:14:43.806,2.10315,2.1043,1.00,1.00
2010.06.23 07:14:44.248,2.10315,2.10435,1.00,3.50
2010.06.23 07:14:44.935,2.10315,2.10435,3.30,1.10
2010.06.23 07:14:45.280,2.10315,2.10435,2.30,1.10
2010.06.23 07:14:47.749,2.1032,2.1044,3.10,2.70
2010.06.23 07:14:48.766,2.10325,2.1044,1.00,2.70
2010.06.23 07:14:49.479,2.10325,2.1044,1.00,1.90
2010.06.23 07:14:51.688,2.1032,2.1044,3.10,2.70
2010.06.23 07:14:51.835,2.1032,2.10435,3.10,1.00
2010.06.23 07:14:51.886,2.1032,2.10435,3.10,1.10
2010.06.23 07:14:52.501,2.1031,2.10425,1.50,1.10
2010.06.23 07:14:52.558,2.1031,2.10425,2.30,1.10
2010.06.23 07:14:52.685,2.10315,2.10425,1.00,1.10
2010.06.23 07:14:53.847,2.10315,2.10425,1.60,1.10
2010.06.23 07:14:54.739,2.10325,2.10425,1.60,1.10
2010.06.23 07:14:55.517,2.10325,2.10425,1.00,1.10
2010.06.23 07:14:57.544,2.1033,2.10425,1.00,1.10
2010.06.23 07:14:59.844,2.1033,2.1042,1.00,1.10
2010.06.23 07:15:00.295,2.1035,2.1042,1.60,1.10
2010.06.23 07:15:00.445,2.1033,2.1042,1.00,1.10
2010.06.23 07:15:01.178,2.1033,2.10425,1.00,1.10
2010.06.23 07:15:01.906,2.1033,2.10425,1.60,1.10
2010.06.23 07:15:02.480,2.10335,2.10425,1.00,1.10
2010.06.23 07:15:02.761,2.1032,2.10425,1.00,1.20
2010.06.23 07:15:04.174,2.10315,2.10425,1.00,1.20
2010.06.23 07:15:04.846,2.10315,2.10425,1.00,1.10
2010.06.23 07:15:05.406,2.10315,2.1042,1.00,1.10
2010.06.23 07:15:06.017,2.1031,2.1042,2.30,1.10
2010.06.23 07:15:06.166,2.1031,2.1042,1.50,1.10
2010.06.23 07:15:06.324,2.10315,2.10425,1.00,1.10
2010.06.23 07:15:07.261,2.1032,2.10425,1.00,1.10
2010.06.23 07:15:09.105,2.10325,2.10435,2.30,1.00
2010.06.23 07:15:09.644,2.10335,2.10445,1.60,1.10
2010.06.23 07:15:09.716,2.10325,2.10435,1.00,1.60
2010.06.23 07:15:09.786,2.10325,2.10435,1.00,1.10
2010.06.23 07:15:09.855,2.1032,2.10435,1.00,1.10
2010.06.23 07:15:10.034,2.1032,2.10435,1.00,1.20
2010.06.23 07:15:10.935,2.1032,2.10435,1.00,1.10
2010.06.23 07:15:11.427,2.1032,2.10435,1.00,1.20
2010.06.23 07:15:11.529,2.1032,2.10435,1.00,1.10
2010.06.23 07:15:11.726,2.10315,2.10435,1.50,1.10
2010.06.23 07:15:12.404,2.1031,2.10425,1.00,1.60
2010.06.23 07:15:12.746,2.1032,2.1041,1.00,1.00
2010.06.23 07:15:15.493,2.1032,2.1041,1.30,1.00
2010.06.23 07:15:15.833,2.10335,2.1041,1.00,1.00
2010.06.23 07:15:16.009,2.10335,2.1041,1.60,1.00
2010.06.23 07:15:16.178,2.1034,2.1041,1.00,1.00
2010.06.23 07:15:16.347,2.10335,2.1041,1.60,1.00
2010.06.23 07:15:16.958,2.10335,2.1041,1.00,1.00
2010.06.23 07:15:17.576,2.10335,2.1042,1.00,1.00
2010.06.23 07:15:17.887,2.10335,2.1042,1.60,1.00
2010.06.23 07:15:18.930,2.1034,2.1042,1.00,1.00
2010.06.23 07:15:20.305,2.1034,2.1042,1.60,1.00
2010.06.23 07:15:20.630,2.10345,2.10425,1.00,1.00
2010.06.23 07:15:20.949,2.1033,2.10395,1.00,1.00
2010.06.23 07:15:21.898,2.10305,2.10385,3.10,1.00
2010.06.23 07:15:23.063,2.1029,2.1038,2.10,1.00
2010.06.23 07:15:24.220,2.1029,2.1038,2.90,1.00
2010.06.23 07:15:24.571,2.10295,2.1039,1.00,1.00
2010.06.23 07:15:24.915,2.1029,2.1039,2.10,1.00
2010.06.23 07:15:26.216,2.1029,2.1038,2.90,1.00
2010.06.23 07:15:27.015,2.1029,2.1038,2.10,1.00
2010.06.23 07:15:27.226,2.1029,2.1037,2.40,1.00
2010.06.23 07:15:27.635,2.1029,2.1037,1.60,1.00
2010.06.23 07:15:27.845,2.1029,2.10375,1.60,1.00
2010.06.23 07:15:28.451,2.1029,2.1038,2.10,1.00
2010.06.23 07:15:30.361,2.1029,2.1038,2.90,1.00
2010.06.23 07:15:30.693,2.1029,2.1039,2.10,1.00
2010.06.23 07:15:31.816,2.1029,2.10375,1.60,1.00
2010.06.23 07:15:32.496,2.10285,2.10375,1.30,1.00
2010.06.23 07:15:33.012,2.10285,2.10375,1.00,1.00
2010.06.23 07:15:33.222,2.1027,2.10355,1.50,1.00
2010.06.23 07:15:33.430,2.1028,2.10355,1.00,1.00
2010.06.23 07:15:34.104,2.1029,2.10355,1.00,1.00
2010.06.23 07:15:34.453,2.10285,2.10355,1.00,1.00
2010.06.23 07:15:35.197,2.1027,2.1034,1.00,1.00
2010.06.23 07:15:36.556,2.10265,2.1034,1.60,1.00
2010.06.23 07:15:37.424,2.10265,2.10345,1.00,1.00
2010.06.23 07:15:37.582,2.10265,2.10335,1.00,1.00
2010.06.23 07:15:37.738,2.1026,2.10335,1.00,1.00
2010.06.23 07:15:37.898,2.1025,2.10325,1.60,1.00
2010.06.23 07:15:38.549,2.1025,2.1034,1.50,1.60
2010.06.23 07:15:38.891,2.10265,2.1034,1.00,1.00
2010.06.23 07:15:41.309,2.1026,2.1034,1.60,1.00
2010.06.23 07:15:42.299,2.1026,2.1035,1.60,1.00
2010.06.23 07:15:42.482,2.1025,2.10335,1.50,1.00
2010.06.23 07:15:43.338,2.10245,2.10335,1.00,1.00
2010.06.23 07:15:43.599,2.10245,2.10335,1.60,1.00
2010.06.23 07:15:43.860,2.1024,2.10325,2.30,1.00
2010.06.23 07:15:44.604,2.10235,2.1032,1.60,1.00
2010.06.23 07:15:44.899,2.10245,2.10325,1.00,1.00
2010.06.23 07:15:45.672,2.10235,2.1031,1.00,1.00
2010.06.23 07:15:45.998,2.10255,2.10325,1.00,1.00
2010.06.23 07:15:46.883,2.1025,2.10345,1.00,1.00
2010.06.23 07:15:47.229,2.1026,2.10335,1.00,1.00
2010.06.23 07:15:48.066,2.1026,2.1034,1.60,1.00
2010.06.23 07:15:48.534,2.1026,2.1034,1.00,1.00
2010.06.23 07:15:48.802,2.10265,2.1035,1.00,1.00
2010.06.23 07:15:50.285,2.1026,2.1033,2.30,1.00
2010.06.23 07:15:50.580,2.1026,2.1033,1.00,1.00
2010.06.23 07:15:51.160,2.10255,2.10325,1.60,1.00
2010.06.23 07:15:51.932,2.10255,2.10325,1.00,1.00
2010.06.23 07:15:52.886,2.1026,2.10325,1.00,1.00
2010.06.23 07:15:53.095,2.10255,2.10325,1.60,1.00
2010.06.23 07:15:53.305,2.10255,2.10325,1.00,1.00
2010.06.23 07:15:53.967,2.1025,2.10325,2.30,1.00
2010.06.23 07:15:54.079,2.1025,2.10325,1.50,1.00
2010.06.23 07:15:54.197,2.1025,2.10325,1.00,1.00
2010.06.23 07:15:55.874,2.1025,2.10325,1.50,1.00
2010.06.23 07:15:56.962,2.10255,2.10325,1.50,1.00
2010.06.23 07:15:57.099,2.1025,2.10325,1.50,1.00
2010.06.23 07:15:57.385,2.1025,2.10325,2.30,1.00
2010.06.23 07:15:57.967,2.10255,2.10325,1.00,1.00
2010.06.23 07:15:58.289,2.1025,2.10325,2.30,1.00
2010.06.23 07:15:58.606,2.1025,2.10325,1.00,1.00
2010.06.23 07:15:59.861,2.10255,2.10345,1.60,2.80
2010.06.23 07:16:00.207,2.10255,2.10325,1.00,1.00
2010.06.23 07:16:01.147,2.1025,2.10325,1.00,1.00
2010.06.23 07:16:01.177,2.1025,2.10325,1.60,1.00
2010.06.23 07:16:01.439,2.1025,2.10325,1.00,1.00
2010.06.23 07:16:03.469,2.10245,2.10325,1.50,1.00
2010.06.23 07:16:03.759,2.10235,2.1032,1.00,1.00
2010.06.23 07:16:04.095,2.1024,2.1032,1.00,1.00
2010.06.23 07:16:04.582,2.10235,2.1032,1.00,1.00
2010.06.23 07:16:04.879,2.10235,2.1031,1.00,1.00
2010.06.23 07:16:05.163,2.1024,2.1032,1.00,1.00
2010.06.23 07:16:05.908,2.1023,2.1032,1.00,1.00
2010.06.23 07:16:06.246,2.10225,2.1031,1.50,1.00
2010.06.23 07:16:06.581,2.1023,2.1031,1.00,1.00
2010.06.23 07:16:07.370,2.10235,2.1031,1.00,1.00
2010.06.23 07:16:08.050,2.1023,2.1031,1.00,1.00
2010.06.23 07:16:10.705,2.10225,2.1031,1.60,1.00
2010.06.23 07:16:11.356,2.1023,2.1031,1.00,1.00
2010.06.23 07:16:11.676,2.1023,2.103,1.00,1.00
2010.06.23 07:16:12.639,2.1022,2.103,2.30,1.00
2010.06.23 07:16:13.182,2.10225,2.103,2.30,1.00
2010.06.23 07:16:13.833,2.10225,2.103,1.50,1.00
2010.06.23 07:16:14.715,2.10225,2.103,3.10,1.00
2010.06.23 07:16:15.526,2.10225,2.1031,3.10,1.00
2010.06.23 07:16:15.870,2.1023,2.1031,1.00,1.00
2010.06.23 07:16:16.221,2.10225,2.103,1.00,1.00
2010.06.23 07:16:16.941,2.1022,2.10305,1.00,1.00
2010.06.23 07:16:17.250,2.10225,2.10305,2.30,1.00
2010.06.23 07:16:19.126,2.10225,2.10305,3.10,1.00
2010.06.23 07:16:19.271,2.10225,2.10305,2.30,1.00
2010.06.23 07:16:19.415,2.10225,2.10305,1.60,1.00
2010.06.23 07:16:20.722,2.10225,2.10305,1.00,1.00
2010.06.23 07:16:20.979,2.10225,2.10305,1.60,1.00
2010.06.23 07:16:22.919,2.1023,2.10305,1.00,1.00
2010.06.23 07:16:23.057,2.10225,2.10305,1.50,1.00
2010.06.23 07:16:23.195,2.10225,2.10305,1.00,1.00
2010.06.23 07:16:23.337,2.10225,2.10305,1.60,1.00
2010.06.23 07:16:23.606,2.10225,2.103,1.60,1.00
2010.06.23 07:16:23.876,2.10225,2.103,1.00,1.00
2010.06.23 07:16:25.356,2.1022,2.103,1.60,1.00
2010.06.23 07:16:25.526,2.10225,2.103,1.00,1.00
2010.06.23 07:16:27.817,2.10225,2.10295,1.60,1.00
2010.06.23 07:16:27.986,2.1022,2.10295,1.60,1.00
2010.06.23 07:16:28.659,2.10215,2.10295,1.00,1.00
2010.06.23 07:16:30.308,2.1022,2.10295,1.00,1.00
2010.06.23 07:16:30.637,2.10225,2.10295,1.00,1.00
2010.06.23 07:16:31.917,2.10225,2.103,1.00,1.00
2010.06.23 07:16:32.018,2.1022,2.103,1.60,1.00
2010.06.23 07:16:32.216,2.10225,2.103,1.60,1.00
2010.06.23 07:16:32.938,2.10225,2.103,1.00,1.00
2010.06.23 07:16:36.906,2.1022,2.10295,1.00,1.00
2010.06.23 07:16:37.167,2.10215,2.10295,3.10,1.00
2010.06.23 07:16:37.803,2.1022,2.10295,1.00,1.00
2010.06.23 07:16:38.722,2.10225,2.10295,1.00,1.00
2010.06.23 07:16:39.427,2.1022,2.10295,1.00,1.00
2010.06.23 07:16:39.805,2.10225,2.10295,1.00,1.00
2010.06.23 07:16:39.984,2.1022,2.10295,1.00,1.00
2010.06.23 07:16:40.156,2.10215,2.10295,3.10,1.00
2010.06.23 07:16:41.068,2.1021,2.10275,1.00,1.00
2010.06.23 07:16:41.357,2.10215,2.10295,2.30,1.00
2010.06.23 07:16:42.100,2.10215,2.10295,1.00,1.00
2010.06.23 07:16:42.276,2.10215,2.10295,1.60,1.00
2010.06.23 07:16:47.055,2.10215,2.1029,1.60,1.00
2010.06.23 07:16:47.768,2.1021,2.1029,1.00,1.00
2010.06.23 07:16:48.105,2.1021,2.1029,1.50,1.00
2010.06.23 07:16:48.915,2.1021,2.1029,1.00,1.00
2010.06.23 07:16:51.164,2.1021,2.1028,1.00,1.00
2010.06.23 07:16:51.523,2.102,2.1028,1.00,1.00
2010.06.23 07:16:51.587,2.10205,2.1028,1.00,1.00
2010.06.23 07:16:52.281,2.10205,2.1028,1.60,1.00
2010.06.23 07:16:52.849,2.1021,2.1028,1.00,1.00
2010.06.23 07:16:54.019,2.10215,2.1028,1.60,1.00
2010.06.23 07:16:54.189,2.10215,2.1028,1.00,1.00
2010.06.23 07:16:55.082,2.1021,2.1028,1.50,1.00
2010.06.23 07:16:55.388,2.1021,2.10295,1.50,1.00
2010.06.23 07:16:55.689,2.10215,2.10305,1.30,1.00
2010.06.23 07:16:56.569,2.10215,2.10295,1.00,1.00
2010.06.23 07:17:00.821,2.1021,2.103,1.60,1.00
2010.06.23 07:17:02.937,2.1022,2.103,1.00,1.00
2010.06.23 07:17:03.977,2.1024,2.10325,1.60,1.00
2010.06.23 07:17:04.240,2.1024,2.10325,1.00,1.00
2010.06.23 07:17:04.449,2.1023,2.10325,1.00,1.00
2010.06.23 07:17:04.954,2.10225,2.10325,3.10,1.00
2010.06.23 07:17:05.160,2.10225,2.10325,2.30,1.00
2010.06.23 07:17:06.781,2.10225,2.10325,3.10,1.00
2010.06.23 07:17:06.984,2.10265,2.1036,1.00,1.00
2010.06.23 07:17:10.110,2.1028,2.1037,1.00,1.00
2010.06.23 07:17:10.358,2.10295,2.10375,1.00,1.00
2010.06.23 07:17:11.147,2.1031,2.1039,1.00,1.00
2010.06.23 07:17:11.488,2.10325,2.1039,1.00,1.00
2010.06.23 07:17:12.452,2.1037,2.1039,1.00,1.00
2010.06.23 07:17:12.790,2.10345,2.10445,1.00,1.00
2010.06.23 07:17:13.111,2.1034,2.1044,1.00,1.00
2010.06.23 07:17:13.837,2.10355,2.1046,1.00,1.60
2010.06.23 07:17:14.082,2.10355,2.10455,1.00,1.00
2010.06.23 07:17:14.904,2.1036,2.10465,1.00,1.00
2010.06.23 07:17:15.248,2.1037,2.10465,1.00,1.00
2010.06.23 07:17:16.230,2.10355,2.10465,1.00,1.30
2010.06.23 07:17:16.516,2.1033,2.10455,1.30,1.00
2010.06.23 07:17:18.147,2.1034,2.10455,1.00,1.00
2010.06.23 07:17:18.447,2.10345,2.10455,1.10,1.00
2010.06.23 07:17:18.666,2.10365,2.1046,1.00,3.20
2010.06.23 07:17:18.887,2.1034,2.10455,1.00,1.00
2010.06.23 07:17:20.652,2.1034,2.1045,1.00,1.00
2010.06.23 07:17:22.238,2.1035,2.10455,1.00,1.00
2010.06.23 07:17:23.416,2.10345,2.1045,1.60,1.00
2010.06.23 07:17:23.530,2.1036,2.10465,1.00,1.00
2010.06.23 07:17:24.308,2.1036,2.1047,1.00,1.00
2010.06.23 07:17:26.660,2.10375,2.10485,1.00,1.00
2010.06.23 07:17:26.796,2.10375,2.10495,1.00,1.00
2010.06.23 07:17:27.077,2.10375,2.10485,1.00,1.00
2010.06.23 07:17:27.218,2.1037,2.10485,1.00,1.00
2010.06.23 07:17:27.768,2.1036,2.10485,1.30,1.00
2010.06.23 07:17:28.042,2.1035,2.1048,2.10,1.00
2010.06.23 07:17:28.320,2.10345,2.1047,1.50,1.60
2010.06.23 07:17:28.599,2.1034,2.1046,1.00,1.60
2010.06.23 07:17:29.305,2.10335,2.1046,1.00,1.60
2010.06.23 07:17:29.554,2.10335,2.10455,1.00,1.60
2010.06.23 07:17:30.740,2.1035,2.10465,1.00,1.00
2010.06.23 07:17:31.080,2.1033,2.1045,1.00,1.60
2010.06.23 07:17:31.416,2.10335,2.1045,1.00,1.60
2010.06.23 07:17:31.757,2.10325,2.1045,1.00,1.60
2010.06.23 07:17:32.555,2.10325,2.1045,1.00,1.60
2010.06.23 07:17:33.895,2.1032,2.10435,1.30,1.60
2010.06.23 07:17:34.047,2.10315,2.10435,1.60,1.60
2010.06.23 07:17:34.658,2.1032,2.1044,1.00,1.00
2010.06.23 07:17:34.808,2.1032,2.10445,2.10,1.00
2010.06.23 07:17:35.536,2.10325,2.10445,1.00,1.00
2010.06.23 07:17:36.706,2.1032,2.10445,2.10,1.00
2010.06.23 07:17:37.425,2.1032,2.1044,1.00,1.00
2010.06.23 07:17:37.765,2.10315,2.1044,2.30,1.00
2010.06.23 07:17:39.856,2.1033,2.1044,1.00,1.00
2010.06.23 07:17:40.602,2.1034,2.1046,1.00,1.60
2010.06.23 07:17:40.928,2.1033,2.10455,1.00,1.00
2010.06.23 07:17:41.247,2.1032,2.1045,2.10,1.00
2010.06.23 07:17:41.565,2.1032,2.10445,2.10,1.00
2010.06.23 07:17:42.494,2.10335,2.10445,1.00,1.00
2010.06.23 07:17:43.508,2.10345,2.10445,1.00,1.00
2010.06.23 07:17:44.518,2.10355,2.10445,1.00,1.00
2010.06.23 07:17:45.226,2.10345,2.10445,1.00,1.00
2010.06.23 07:17:48.513,2.10345,2.1045,1.00,1.00
2010.06.23 07:17:48.679,2.10345,2.10455,1.00,1.00
2010.06.23 07:17:49.019,2.1035,2.10465,1.00,1.00
2010.06.23 07:17:49.619,2.1035,2.10475,1.00,1.70
2010.06.23 07:17:49.961,2.10355,2.10475,1.00,1.70
2010.06.23 07:17:50.447,2.1036,2.10475,1.00,1.60
2010.06.23 07:17:50.927,2.1036,2.1048,1.00,1.00
2010.06.23 07:17:51.629,2.1037,2.10485,1.00,1.00
2010.06.23 07:17:51.941,2.10375,2.10495,1.00,1.60
2010.06.23 07:17:52.726,2.10375,2.10495,1.30,1.00
2010.06.23 07:17:52.967,2.10375,2.105,1.30,1.60
2010.06.23 07:17:53.658,2.10375,2.105,1.50,1.60
2010.06.23 07:17:53.837,2.1038,2.10505,1.00,1.70
2010.06.23 07:17:54.038,2.10385,2.10505,1.00,1.60
2010.06.23 07:17:54.246,2.1039,2.10505,1.00,1.60
2010.06.23 07:17:55.523,2.104,2.10505,1.10,1.00
2010.06.23 07:17:55.858,2.1041,2.10525,1.00,1.00
2010.06.23 07:17:56.188,2.10415,2.10525,1.00,1.00
2010.06.23 07:17:56.959,2.1041,2.10525,1.00,1.60
2010.06.23 07:17:57.698,2.1041,2.1052,1.00,1.60
2010.06.23 07:17:57.834,2.104,2.1052,1.60,1.60
2010.06.23 07:17:57.975,2.104,2.1052,1.00,1.60
2010.06.23 07:17:58.116,2.10395,2.1051,1.00,1.00
2010.06.23 07:17:58.656,2.10395,2.10505,1.00,1.00
2010.06.23 07:17:58.871,2.10405,2.105,1.00,1.00
2010.06.23 07:17:59.476,2.10405,2.105,1.00,1.00
2010.06.23 07:18:00.162,2.1044,2.1053,1.00,1.00
2010.06.23 07:18:00.512,2.10445,2.10545,1.00,1.60
2010.06.23 07:18:00.862,2.10455,2.1055,1.00,1.00
2010.06.23 07:18:01.672,2.10445,2.10545,1.00,1.60
2010.06.23 07:18:01.998,2.10445,2.10535,1.00,1.00
2010.06.23 07:18:02.755,2.10435,2.10535,1.00,1.00
2010.06.23 07:18:03.070,2.10405,2.10515,1.00,1.00
2010.06.23 07:18:03.288,2.10395,2.10515,1.00,1.00
2010.06.23 07:18:03.508,2.10405,2.10515,1.00,1.00
2010.06.23 07:18:04.017,2.10395,2.10515,1.00,1.00
2010.06.23 07:18:04.251,2.10405,2.1053,1.50,1.60
2010.06.23 07:18:04.500,2.1041,2.1053,1.00,1.60
2010.06.23 07:18:05.231,2.10425,2.1052,1.00,1.60
2010.06.23 07:18:05.580,2.1042,2.10535,1.00,1.00
2010.06.23 07:18:06.726,2.1042,2.1053,1.00,1.00
2010.06.23 07:18:07.031,2.10415,2.1053,1.00,1.00
2010.06.23 07:18:07.339,2.10415,2.1053,1.00,1.00
2010.06.23 07:18:07.878,2.10415,2.1053,1.00,1.00
2010.06.23 07:18:08.614,2.10425,2.1053,1.00,1.00
2010.06.23 07:18:08.752,2.1045,2.10545,1.00,1.60
2010.06.23 07:18:09.148,2.1045,2.1055,1.00,1.60
2010.06.23 07:18:10.576,2.1045,2.10535,1.00,1.60
2010.06.23 07:18:10.888,2.1045,2.10545,1.00,1.60
2010.06.23 07:18:11.408,2.1045,2.10545,1.00,1.00
2010.06.23 07:18:11.753,2.10435,2.1054,1.00,1.00
2010.06.23 07:18:12.097,2.10435,2.10535,1.00,1.60
2010.06.23 07:18:12.650,2.1044,2.10535,1.10,1.60
2010.06.23 07:18:12.978,2.1047,2.10555,1.00,1.00
2010.06.23 07:18:14.652,2.1047,2.1056,1.00,2.40
2010.06.23 07:18:14.809,2.1048,2.1056,1.00,2.40
2010.06.23 07:18:14.967,2.10485,2.1056,1.00,1.60
2010.06.23 07:18:15.587,2.10485,2.10565,1.00,1.60
2010.06.23 07:18:15.751,2.10495,2.1057,1.00,1.00
2010.06.23 07:18:16.096,2.10495,2.10575,1.00,2.40
2010.06.23 07:18:16.439,2.10495,2.1058,1.00,1.00
2010.06.23 07:18:17.216,2.10495,2.1059,1.00,2.10
2010.06.23 07:18:18.032,2.1048,2.1057,1.00,1.00
2010.06.23 07:18:18.260,2.1048,2.1057,1.00,2.90
2010.06.23 07:18:18.378,2.10475,2.1057,1.00,2.90
2010.06.23 07:18:18.498,2.10475,2.1056,1.00,1.00
2010.06.23 07:18:18.617,2.10475,2.1056,1.00,2.40
2010.06.23 07:18:19.218,2.1047,2.1056,1.00,2.40
2010.06.23 07:18:20.535,2.1047,2.1056,1.00,1.00
2010.06.23 07:18:20.859,2.10485,2.1057,1.00,2.40
2010.06.23 07:18:21.167,2.1048,2.1057,1.00,2.90
2010.06.23 07:18:21.478,2.1048,2.10565,1.00,1.00
2010.06.23 07:18:21.788,2.1048,2.1056,1.00,2.40
2010.06.23 07:18:22.553,2.1047,2.1056,1.00,1.60
2010.06.23 07:18:22.890,2.1047,2.1056,1.00,3.20
2010.06.23 07:18:24.339,2.1047,2.10555,1.00,1.00
2010.06.23 07:18:24.528,2.1047,2.10555,1.00,1.60
2010.06.23 07:18:29.312,2.1047,2.1055,1.00,1.00
2010.06.23 07:18:29.423,2.10455,2.10515,1.00,1.60
2010.06.23 07:18:29.536,2.1044,2.10515,1.00,1.60
2010.06.23 07:18:29.638,2.10415,2.10495,1.10,1.60
2010.06.23 07:18:29.735,2.1041,2.10495,1.00,1.60
2010.06.23 07:18:30.036,2.1041,2.1051,1.00,1.00
2010.06.23 07:18:30.237,2.10425,2.10515,1.00,1.60
2010.06.23 07:18:31.404,2.1042,2.105,1.00,1.60
2010.06.23 07:18:34.386,2.10405,2.10495,1.00,1.60
2010.06.23 07:18:35.086,2.10405,2.1047,1.00,1.00
2010.06.23 07:18:35.203,2.10405,2.10465,1.00,1.60
2010.06.23 07:18:35.308,2.10405,2.1046,1.00,1.60
2010.06.23 07:18:35.878,2.1036,2.10455,1.00,1.00
2010.06.23 07:18:35.998,2.10395,2.10445,1.00,1.60
2010.06.23 07:18:36.341,2.1038,2.1048,1.00,1.00
2010.06.23 07:18:36.689,2.1039,2.1048,1.00,1.00
2010.06.23 07:18:37.999,2.10385,2.1047,1.00,1.60
2010.06.23 07:18:39.206,2.10365,2.10465,3.70,1.00
2010.06.23 07:18:39.395,2.1038,2.1047,1.00,2.10
2010.06.23 07:18:39.700,2.10375,2.1047,1.30,2.10
2010.06.23 07:18:39.846,2.10375,2.1047,1.00,2.10
2010.06.23 07:18:45.575,2.1038,2.1047,1.00,2.10
2010.06.23 07:18:47.481,2.10355,2.10465,1.00,1.30
2010.06.23 07:18:47.747,2.1035,2.1046,1.00,2.40
2010.06.23 07:18:47.878,2.1035,2.1045,1.00,1.00
2010.06.23 07:18:48.471,2.10355,2.1046,1.00,1.00
2010.06.23 07:18:48.800,2.1035,2.1045,1.00,1.00
2010.06.23 07:18:49.129,2.10355,2.10465,1.00,1.00
2010.06.23 07:18:50.501,2.1036,2.10465,1.00,1.00
2010.06.23 07:18:50.713,2.10375,2.1047,1.00,2.10
2010.06.23 07:18:52.791,2.10385,2.1047,1.00,1.60
2010.06.23 07:18:55.666,2.1037,2.1046,1.00,1.00
2010.06.23 07:18:56.556,2.1036,2.10455,1.30,1.00
2010.06.23 07:18:56.900,2.10365,2.10455,1.00,1.00
2010.06.23 07:18:57.134,2.1036,2.10455,2.10,1.00
2010.06.23 07:18:57.495,2.10365,2.10455,1.00,1.00
2010.06.23 07:18:57.683,2.1036,2.10455,2.10,1.00
2010.06.23 07:18:58.782,2.1035,2.1045,1.00,1.00
2010.06.23 07:18:59.072,2.1034,2.10435,1.00,1.00
2010.06.23 07:18:59.811,2.10335,2.1043,1.00,2.10
2010.06.23 07:19:00.042,2.1033,2.1042,1.00,1.00
2010.06.23 07:19:00.721,2.10325,2.1042,1.00,1.00
2010.06.23 07:19:01.082,2.1035,2.1042,1.00,1.00
2010.06.23 07:19:01.294,2.10355,2.10445,1.00,1.00
2010.06.23 07:19:01.501,2.10345,2.1044,1.60,1.00
2010.06.23 07:19:01.976,2.1035,2.10455,2.10,1.00
2010.06.23 07:19:02.178,2.1035,2.10455,1.30,1.00
2010.06.23 07:19:02.517,2.1035,2.10455,1.30,1.00
2010.06.23 07:19:02.857,2.10355,2.1045,1.00,1.00
2010.06.23 07:19:03.197,2.10365,2.10455,1.60,1.00
2010.06.23 07:19:03.858,2.1037,2.1046,1.30,1.00
2010.06.23 07:19:04.898,2.10375,2.10455,1.00,1.00
2010.06.23 07:19:05.422,2.10375,2.10465,1.00,1.00
2010.06.23 07:19:05.771,2.10365,2.10465,2.90,1.00
2010.06.23 07:19:08.377,2.10365,2.10445,1.00,1.00
2010.06.23 07:19:08.568,2.1036,2.10445,1.00,1.00
2010.06.23 07:19:09.168,2.1037,2.1046,1.30,1.00
2010.06.23 07:19:09.332,2.10375,2.10465,1.00,1.00
2010.06.23 07:19:14.508,2.10365,2.10465,1.00,1.00
2010.06.23 07:19:18.369,2.10365,2.10465,1.30,1.00
2010.06.23 07:19:18.526,2.10385,2.10475,1.00,1.00
2010.06.23 07:19:18.686,2.10385,2.1048,1.00,1.00
2010.06.23 07:19:19.449,2.10425,2.105,1.00,1.60
2010.06.23 07:19:19.707,2.10425,2.10515,1.00,1.60
2010.06.23 07:19:20.576,2.1042,2.10515,1.00,1.60
2010.06.23 07:19:22.047,2.10505,2.10585,1.00,1.60
2010.06.23 07:19:22.213,2.10505,2.10595,1.00,1.00
2010.06.23 07:19:22.739,2.1051,2.10595,1.00,1.00
2010.06.23 07:19:22.910,2.1048,2.10555,1.10,1.00
2010.06.23 07:19:23.900,2.10465,2.10555,1.00,1.00
2010.06.23 07:19:24.814,2.1046,2.1055,1.00,1.00
2010.06.23 07:19:25.242,2.1046,2.10555,1.00,1.00
2010.06.23 07:19:25.561,2.1047,2.1056,1.00,1.00
2010.06.23 07:19:26.341,2.1048,2.1058,1.00,1.00
2010.06.23 07:19:27.848,2.10485,2.1058,1.00,1.00
2010.06.23 07:19:28.119,2.10515,2.1062,1.00,1.00
2010.06.23 07:19:28.382,2.1051,2.1062,1.30,1.00
2010.06.23 07:19:29.038,2.1052,2.1062,1.00,1.00
2010.06.23 07:19:29.267,2.1052,2.1062,1.30,1.00
2010.06.23 07:19:30.402,2.10525,2.1062,1.60,1.00
2010.06.23 07:19:30.752,2.1053,2.10625,1.00,1.00
2010.06.23 07:19:31.617,2.10535,2.10635,1.00,1.00
2010.06.23 07:19:31.861,2.10545,2.1064,1.00,1.00
2010.06.23 07:19:33.470,2.10545,2.10635,1.30,1.00
2010.06.23 07:19:33.952,2.10545,2.10635,1.00,1.00
2010.06.23 07:19:34.218,2.10525,2.1063,1.00,1.00
2010.06.23 07:19:35.191,2.1051,2.1061,1.00,1.00
2010.06.23 07:19:35.473,2.1051,2.1061,1.00,1.00
2010.06.23 07:19:36.746,2.10505,2.10605,1.00,1.00
2010.06.23 07:19:37.093,2.10505,2.10595,1.00,1.00
2010.06.23 07:19:37.442,2.10505,2.10585,1.00,1.60
2010.06.23 07:19:37.712,2.10485,2.10575,1.00,1.00
2010.06.23 07:19:38.443,2.1047,2.10565,1.00,1.00
2010.06.23 07:19:38.709,2.1047,2.1058,1.50,1.00
2010.06.23 07:19:39.218,2.1047,2.10575,1.50,1.10
2010.06.23 07:19:39.500,2.10475,2.10565,1.00,1.00
2010.06.23 07:19:39.822,2.10475,2.1057,1.00,1.00
2010.06.23 07:19:40.628,2.10475,2.10565,1.00,1.00
2010.06.23 07:19:41.308,2.10465,2.1057,1.30,2.40
2010.06.23 07:19:42.019,2.10475,2.1056,1.00,1.00
2010.06.23 07:19:42.222,2.1047,2.1056,1.30,1.00
2010.06.23 07:19:43.239,2.1047,2.10555,1.00,1.00
2010.06.23 07:19:44.255,2.1046,2.10555,2.10,1.00
2010.06.23 07:19:44.814,2.10465,2.10555,1.50,1.00
2010.06.23 07:19:45.140,2.1048,2.106,1.00,1.10
2010.06.23 07:19:45.323,2.1049,2.106,1.00,1.10
2010.06.23 07:19:45.974,2.1049,2.106,1.00,1.60
2010.06.23 07:19:46.152,2.1047,2.10595,2.40,1.00
2010.06.23 07:19:46.838,2.1047,2.10595,1.30,1.00
2010.06.23 07:19:47.661,2.1047,2.10595,1.00,1.00
2010.06.23 07:19:47.960,2.1049,2.10595,1.00,1.00
2010.06.23 07:19:48.261,2.1049,2.1061,1.00,1.90
2010.06.23 07:19:48.388,2.1048,2.1061,1.30,1.30
2010.06.23 07:19:48.635,2.1048,2.1061,1.00,1.00
2010.06.23 07:19:50.146,2.1047,2.10595,1.00,3.20
2010.06.23 07:19:50.807,2.1048,2.10605,1.00,1.60
2010.06.23 07:19:51.146,2.10485,2.10605,1.10,1.60
2010.06.23 07:19:51.488,2.10485,2.10595,1.90,1.00
2010.06.23 07:19:51.829,2.10475,2.1057,1.00,1.00
2010.06.23 07:19:52.608,2.10475,2.1057,1.30,1.00
2010.06.23 07:19:53.568,2.10475,2.1056,1.00,1.00
2010.06.23 07:19:54.381,2.10485,2.10575,1.00,1.00
2010.06.23 07:20:01.822,2.10475,2.1057,1.00,1.00
2010.06.23 07:20:04.526,2.10475,2.1057,2.10,1.00
2010.06.23 07:20:04.866,2.10485,2.1057,1.00,1.00
2010.06.23 07:20:05.214,2.1048,2.1058,2.10,1.00
2010.06.23 07:20:05.724,2.1048,2.1058,2.90,1.00
2010.06.23 07:20:06.064,2.10485,2.1058,1.00,1.00
2010.06.23 07:20:06.398,2.1049,2.1058,1.30,1.00
2010.06.23 07:20:06.677,2.10495,2.1058,1.00,1.00
2010.06.23 07:20:07.228,2.105,2.1058,1.00,1.00
2010.06.23 07:20:08.198,2.1049,2.1058,2.90,1.00
2010.06.23 07:20:08.407,2.105,2.1058,1.00,1.00
2010.06.23 07:20:09.136,2.105,2.1057,1.00,1.00
2010.06.23 07:20:09.256,2.105,2.1058,1.00,1.00
2010.06.23 07:20:09.822,2.10505,2.1058,1.00,1.00
2010.06.23 07:20:09.992,2.105,2.1058,1.60,1.00
2010.06.23 07:20:10.157,2.10495,2.1058,1.60,1.00
2010.06.23 07:20:10.326,2.105,2.1058,1.00,1.00
2010.06.23 07:20:13.961,2.10495,2.1058,1.00,1.00
2010.06.23 07:20:14.268,2.1049,2.1058,1.30,1.00
2010.06.23 07:20:16.407,2.1052,2.1061,1.00,1.00
2010.06.23 07:20:17.362,2.10505,2.10605,1.00,1.00
2010.06.23 07:20:18.731,2.10505,2.10605,1.00,1.00
2010.06.23 07:20:18.989,2.10505,2.10605,1.00,1.00
2010.06.23 07:20:20.067,2.10505,2.106,1.00,1.00
2010.06.23 07:20:20.651,2.10515,2.10605,1.00,1.00
2010.06.23 07:20:21.986,2.10515,2.10605,1.00,1.00
2010.06.23 07:20:25.836,2.10515,2.10605,1.00,1.00
2010.06.23 07:20:27.295,2.1051,2.10605,1.30,1.00
2010.06.23 07:20:28.528,2.10515,2.10605,1.00,1.00
2010.06.23 07:20:28.610,2.1052,2.106,1.00,1.60
2010.06.23 07:20:28.686,2.10505,2.10595,1.00,1.00
2010.06.23 07:20:28.906,2.1051,2.10605,1.00,1.00
2010.06.23 07:20:29.057,2.1052,2.1061,1.00,1.00
2010.06.23 07:20:29.277,2.1051,2.1061,1.00,1.00
2010.06.23 07:20:30.130,2.1051,2.106,1.00,1.60
2010.06.23 07:20:30.382,2.10505,2.106,1.00,2.10
2010.06.23 07:20:30.640,2.10505,2.10605,1.00,1.00
2010.06.23 07:20:32.034,2.10505,2.10605,1.30,1.00
2010.06.23 07:20:33.036,2.1051,2.10605,1.00,1.00
2010.06.23 07:20:35.098,2.10505,2.10605,1.30,1.00
2010.06.23 07:20:35.886,2.1051,2.10605,1.00,1.00
2010.06.23 07:20:38.703,2.10505,2.10605,1.30,1.00
2010.06.23 07:20:38.923,2.1051,2.10605,1.00,1.00
2010.06.23 07:20:39.141,2.1052,2.106,1.00,1.60
2010.06.23 07:20:39.359,2.1052,2.1061,1.00,1.00
2010.06.23 07:20:40.610,2.1051,2.10605,1.00,1.00
2010.06.23 07:20:40.943,2.1052,2.1061,1.00,1.00
2010.06.23 07:20:44.512,2.10515,2.10605,1.00,1.00
2010.06.23 07:20:44.837,2.10515,2.10605,1.00,1.00
2010.06.23 07:20:44.999,2.1052,2.1061,1.00,1.00
2010.06.23 07:20:46.880,2.10525,2.10625,1.00,2.40
2010.06.23 07:20:47.573,2.1052,2.1061,1.00,1.00
2010.06.23 07:20:48.733,2.10505,2.10605,1.30,1.00
2010.06.23 07:20:48.956,2.10495,2.10595,2.10,1.00
2010.06.23 07:20:49.170,2.10495,2.10595,1.00,1.00
2010.06.23 07:20:49.880,2.1051,2.106,1.00,1.00
2010.06.23 07:20:50.222,2.10495,2.1059,2.10,1.00
2010.06.23 07:20:51.041,2.1049,2.10575,1.60,1.00
2010.06.23 07:20:51.381,2.10495,2.106,1.00,1.00
2010.06.23 07:20:51.727,2.10495,2.10595,1.00,1.00
2010.06.23 07:20:52.870,2.10505,2.106,1.00,1.00
2010.06.23 07:20:53.210,2.10495,2.106,3.10,1.60
2010.06.23 07:20:53.378,2.10505,2.106,1.00,2.10
2010.06.23 07:20:54.011,2.10505,2.10595,1.00,1.00
2010.06.23 07:20:56.038,2.10505,2.106,1.00,2.10
2010.06.23 07:20:56.763,2.1051,2.10615,1.00,1.00
2010.06.23 07:20:57.100,2.1051,2.10615,1.00,1.00
2010.06.23 07:20:57.968,2.1051,2.10615,1.00,1.00
2010.06.23 07:20:58.622,2.10505,2.106,1.60,1.00
2010.06.23 07:20:58.949,2.105,2.10605,2.90,1.00
2010.06.23 07:20:59.278,2.105,2.106,1.00,1.00
2010.06.23 07:21:00.538,2.10495,2.106,2.30,1.00
2010.06.23 07:21:01.531,2.10495,2.10595,1.60,1.00
2010.06.23 07:21:02.338,2.10495,2.10595,1.00,1.00
2010.06.23 07:21:02.626,2.10485,2.10595,1.00,1.00
2010.06.23 07:21:03.737,2.10485,2.10595,1.50,1.00
2010.06.23 07:21:04.314,2.10485,2.10595,1.70,1.00
2010.06.23 07:21:04.659,2.10485,2.106,4.20,1.00
2010.06.23 07:21:05.001,2.1049,2.1061,1.60,1.00
2010.06.23 07:21:05.558,2.105,2.10615,1.00,1.30
2010.06.23 07:21:05.869,2.105,2.10615,1.00,1.00
2010.06.23 07:21:15.303,2.1047,2.10595,1.00,2.70
2010.06.23 07:21:18.096,2.1047,2.1059,1.00,1.00
2010.06.23 07:21:18.286,2.10465,2.1059,1.00,1.60
2010.06.23 07:21:19.140,2.10455,2.10535,1.60,1.60
2010.06.23 07:21:19.239,2.10445,2.10535,1.50,1.60
2010.06.23 07:21:19.781,2.10445,2.10545,1.00,1.60
2010.06.23 07:21:19.899,2.10445,2.1055,1.00,2.10
2010.06.23 07:21:20.659,2.10445,2.10535,1.60,1.00
2010.06.23 07:21:20.998,2.10425,2.1054,1.00,1.10
2010.06.23 07:21:22.352,2.1041,2.10535,1.50,1.60
2010.06.23 07:21:23.495,2.10415,2.10535,1.00,1.60
2010.06.23 07:21:25.409,2.1042,2.1054,1.00,1.10
2010.06.23 07:21:25.679,2.1041,2.10535,1.50,3.50
2010.06.23 07:21:25.859,2.1041,2.10535,1.00,4.00
2010.06.23 07:21:26.039,2.10415,2.10535,1.00,2.90
2010.06.23 07:21:26.221,2.10415,2.1054,1.70,1.10
2010.06.23 07:21:27.157,2.1042,2.10545,1.50,1.00
2010.06.23 07:21:27.974,2.1043,2.10545,1.00,1.00
2010.06.23 07:21:28.248,2.10415,2.1053,1.10,1.00
2010.06.23 07:21:28.526,2.10415,2.1054,1.50,1.90
2010.06.23 07:21:28.808,2.1042,2.1054,1.60,1.00
2010.06.23 07:21:29.565,2.1043,2.10555,1.50,1.60
2010.06.23 07:21:29.830,2.1044,2.10565,1.10,1.00
2010.06.23 07:21:30.089,2.10445,2.10565,1.50,1.00
2010.06.23 07:21:31.434,2.10445,2.10565,1.90,1.00
2010.06.23 07:21:31.583,2.10445,2.1057,1.50,1.50
2010.06.23 07:21:32.008,2.1045,2.1057,1.50,1.50
2010.06.23 07:21:32.598,2.1045,2.1056,1.00,1.10
2010.06.23 07:21:32.941,2.1045,2.1057,1.00,1.50
2010.06.23 07:21:33.606,2.1045,2.1056,1.00,1.10
2010.06.23 07:21:33.807,2.1044,2.1056,1.00,1.10
2010.06.23 07:21:34.401,2.10455,2.1056,1.00,1.10
2010.06.23 07:21:34.605,2.10475,2.10575,1.00,1.00
2010.06.23 07:21:35.050,2.1048,2.10585,3.10,1.10
2010.06.23 07:21:35.731,2.10485,2.10595,1.00,1.00
2010.06.23 07:21:36.011,2.10485,2.10585,3.10,1.00
2010.06.23 07:21:36.281,2.10485,2.10585,1.00,1.00
2010.06.23 07:21:37.067,2.10485,2.1059,1.00,1.00
2010.06.23 07:21:37.746,2.10485,2.1059,1.50,1.00
2010.06.23 07:21:38.085,2.10485,2.10595,1.50,2.30
2010.06.23 07:21:38.911,2.10495,2.106,2.30,2.10
2010.06.23 07:21:39.066,2.10495,2.106,1.00,2.10
2010.06.23 07:21:40.460,2.10495,2.10605,2.70,1.00
2010.06.23 07:21:40.606,2.105,2.10605,1.00,1.00
2010.06.23 07:21:40.759,2.105,2.1061,1.00,2.10
2010.06.23 07:21:40.908,2.10535,2.1061,1.00,2.10
2010.06.23 07:21:41.485,2.10535,2.1063,1.00,1.60
2010.06.23 07:21:41.829,2.10525,2.10625,1.00,1.00
2010.06.23 07:21:42.167,2.1052,2.10625,3.10,1.00
2010.06.23 07:21:43.003,2.1053,2.10625,1.00,1.00
2010.06.23 07:21:43.322,2.10525,2.10625,2.30,1.00
2010.06.23 07:21:44.083,2.10515,2.10615,1.00,1.00
2010.06.23 07:21:44.293,2.10515,2.10615,1.00,1.00
2010.06.23 07:21:44.496,2.10515,2.10605,1.00,1.00
2010.06.23 07:21:44.708,2.10515,2.1061,1.50,1.00
2010.06.23 07:21:45.397,2.1054,2.1061,1.00,1.00
2010.06.23 07:21:45.672,2.10525,2.10615,2.30,1.00
2010.06.23 07:21:45.941,2.10525,2.10615,1.00,1.00
2010.06.23 07:21:46.592,2.1052,2.10615,1.00,1.00
2010.06.23 07:21:46.933,2.1053,2.10625,1.00,1.00
2010.06.23 07:21:47.281,2.1053,2.10635,1.00,1.20
2010.06.23 07:21:48.017,2.1053,2.10635,1.00,1.00
2010.06.23 07:21:48.284,2.10515,2.1062,3.10,1.00
2010.06.23 07:21:48.547,2.10515,2.1062,2.30,1.00
2010.06.23 07:21:49.279,2.10515,2.1061,2.30,1.00
2010.06.23 07:21:49.617,2.10515,2.1062,2.30,1.00
2010.06.23 07:21:49.957,2.10515,2.1062,1.50,1.00
2010.06.23 07:21:50.297,2.10515,2.10605,3.10,1.00
2010.06.23 07:21:50.806,2.10515,2.10605,2.40,1.00
2010.06.23 07:21:51.113,2.10575,2.10675,1.00,1.60
2010.06.23 07:21:51.561,2.10575,2.10675,1.00,1.00
2010.06.23 07:21:52.965,2.10575,2.1067,1.00,1.60
2010.06.23 07:21:53.221,2.1057,2.1067,1.00,3.20
2010.06.23 07:21:53.482,2.10575,2.10665,1.00,1.00
2010.06.23 07:21:53.597,2.10565,2.10665,1.00,1.00
2010.06.23 07:21:53.706,2.10565,2.1067,1.00,1.00
2010.06.23 07:21:53.816,2.10565,2.1066,1.00,1.00
2010.06.23 07:21:53.926,2.10565,2.10655,1.00,1.00
2010.06.23 07:21:54.639,2.10565,2.10655,1.00,1.00
2010.06.23 07:21:54.807,2.10565,2.10655,1.00,1.60
2010.06.23 07:21:54.976,2.1057,2.1068,1.10,1.00
2010.06.23 07:21:55.147,2.1058,2.10685,1.00,1.60
2010.06.23 07:21:55.318,2.1057,2.1067,1.00,1.00
2010.06.23 07:21:55.971,2.10555,2.10655,1.00,1.00
2010.06.23 07:21:56.679,2.1056,2.1065,1.00,1.00
2010.06.23 07:21:57.512,2.1056,2.10655,1.00,1.60
2010.06.23 07:21:57.867,2.1056,2.1065,1.00,1.00
2010.06.23 07:22:01.607,2.1056,2.1065,1.00,1.00
2010.06.23 07:22:01.787,2.1056,2.10655,1.00,1.00
2010.06.23 07:22:01.967,2.1056,2.10655,1.00,1.60
2010.06.23 07:22:02.318,2.1056,2.10655,1.00,1.00
2010.06.23 07:22:02.838,2.1056,2.1066,1.10,1.00
2010.06.23 07:22:03.091,2.1056,2.10655,1.00,1.60
2010.06.23 07:22:03.343,2.1056,2.1066,1.00,1.00
2010.06.23 07:22:04.021,2.1056,2.10655,1.00,1.60
2010.06.23 07:22:06.265,2.1054,2.10655,1.10,1.60
2010.06.23 07:22:06.526,2.10515,2.1064,1.00,1.00
2010.06.23 07:22:06.795,2.10505,2.1064,3.10,1.00
2010.06.23 07:22:07.448,2.10505,2.1062,1.90,1.00
2010.06.23 07:22:07.645,2.10475,2.1058,1.50,1.00
2010.06.23 07:22:09.279,2.10465,2.10575,1.00,1.00
2010.06.23 07:22:10.315,2.1047,2.10575,1.00,1.00
2010.06.23 07:22:10.542,2.10465,2.10565,1.50,1.00
2010.06.23 07:22:10.771,2.10465,2.10565,1.00,1.00
2010.06.23 07:22:11.929,2.10465,2.10565,1.00,1.00
2010.06.23 07:22:12.587,2.1046,2.10565,1.00,1.00
2010.06.23 07:22:12.807,2.1045,2.10555,1.00,1.00
2010.06.23 07:22:13.030,2.10455,2.10555,1.50,1.00
2010.06.23 07:22:13.279,2.10455,2.10565,1.90,1.00
2010.06.23 07:22:14.032,2.10465,2.10565,1.00,1.00
2010.06.23 07:22:14.173,2.1047,2.10575,1.00,1.00
2010.06.23 07:22:14.307,2.1047,2.10575,1.00,1.00
2010.06.23 07:22:14.436,2.1047,2.10575,1.00,1.00
2010.06.23 07:22:15.027,2.1047,2.10575,1.00,1.00
2010.06.23 07:22:15.290,2.1047,2.10575,1.00,1.00
2010.06.23 07:22:16.501,2.1047,2.10575,1.00,1.80
2010.06.23 07:22:16.850,2.1047,2.1057,1.00,1.60
2010.06.23 07:22:17.187,2.10465,2.10565,1.00,1.00
2010.06.23 07:22:18.300,2.10465,2.1056,1.00,1.00
2010.06.23 07:22:18.630,2.10465,2.1055,1.00,1.00
2010.06.23 07:22:18.958,2.1046,2.1056,1.00,1.00
2010.06.23 07:22:19.541,2.1045,2.1056,1.00,1.00
2010.06.23 07:22:19.817,2.10455,2.1056,1.50,1.00
2010.06.23 07:22:20.357,2.10455,2.1056,1.90,1.00
2010.06.23 07:22:20.627,2.1046,2.1056,1.50,1.00
2010.06.23 07:22:23.577,2.10465,2.1057,2.30,1.00
2010.06.23 07:22:27.026,2.10465,2.10565,2.30,1.00
2010.06.23 07:22:27.367,2.1046,2.10575,2.90,1.00
2010.06.23 07:22:27.706,2.10465,2.10575,1.00,1.00
2010.06.23 07:22:28.936,2.10465,2.10575,1.00,1.00
2010.06.23 07:22:30.045,2.10465,2.10575,1.00,1.00
2010.06.23 07:22:30.887,2.1046,2.10565,1.00,1.00
2010.06.23 07:22:31.348,2.1046,2.10565,1.60,1.00
2010.06.23 07:22:31.515,2.1046,2.10565,2.30,1.00
2010.06.23 07:22:32.178,2.10465,2.1057,1.00,1.00
2010.06.23 07:22:32.336,2.1047,2.1057,1.00,1.00
2010.06.23 07:22:32.496,2.1047,2.1057,1.50,1.00
2010.06.23 07:22:32.617,2.10475,2.10585,1.00,1.00
2010.06.23 07:22:32.738,2.1048,2.10585,1.00,1.00
2010.06.23 07:22:32.857,2.10485,2.10585,1.00,1.00
2010.06.23 07:22:34.159,2.1049,2.10585,1.00,1.00
2010.06.23 07:22:35.606,2.10485,2.10575,1.00,1.00
2010.06.23 07:22:37.591,2.10495,2.10575,1.00,1.00
2010.06.23 07:22:38.141,2.10495,2.10585,1.00,1.80
2010.06.23 07:22:38.472,2.10485,2.10575,1.00,1.00
2010.06.23 07:22:43.066,2.10495,2.10585,1.00,1.00
2010.06.23 07:22:43.390,2.10495,2.10585,1.00,1.00
2010.06.23 07:22:44.270,2.10495,2.10585,1.00,1.00
2010.06.23 07:22:44.479,2.10485,2.10575,1.00,1.00
2010.06.23 07:22:46.467,2.105,2.1059,1.00,1.00
2010.06.23 07:22:46.798,2.10495,2.10585,1.00,1.00
2010.06.23 07:22:47.148,2.10495,2.10575,1.00,1.60
2010.06.23 07:22:47.327,2.1048,2.1057,1.00,1.00
2010.06.23 07:22:47.965,2.1048,2.10565,1.00,1.10
2010.06.23 07:22:48.179,2.1048,2.1057,1.00,1.00
2010.06.23 07:22:48.598,2.1049,2.10575,1.00,1.00
2010.06.23 07:22:49.378,2.1049,2.10585,1.00,1.50
2010.06.23 07:22:51.906,2.1049,2.10585,1.00,2.30
2010.06.23 07:22:52.198,2.1049,2.10585,1.00,3.10
2010.06.23 07:22:52.476,2.1049,2.10585,1.00,2.30
2010.06.23 07:22:52.645,2.1049,2.10585,1.00,1.50
2010.06.23 07:22:52.810,2.1049,2.1058,1.00,1.60
2010.06.23 07:22:52.977,2.1048,2.10575,1.00,2.10
2010.06.23 07:22:53.149,2.10465,2.1056,1.00,1.00
2010.06.23 07:22:53.775,2.10465,2.10555,1.00,1.00
2010.06.23 07:22:53.961,2.1046,2.10555,1.00,1.30
2010.06.23 07:22:54.147,2.1046,2.10555,1.00,2.10
2010.06.23 07:22:54.326,2.1046,2.10555,1.00,1.30
2010.06.23 07:22:55.107,2.1046,2.10555,1.00,2.10
2010.06.23 07:22:56.949,2.1046,2.1055,1.00,1.00
2010.06.23 07:22:57.290,2.10455,2.1055,1.00,1.00
2010.06.23 07:22:58.408,2.10455,2.10545,1.00,1.00
2010.06.23 07:22:59.428,2.10455,2.1055,1.00,2.40
2010.06.23 07:22:59.535,2.10455,2.1055,1.00,1.60
2010.06.23 07:22:59.757,2.10465,2.1054,1.00,1.00
2010.06.23 07:22:59.866,2.10465,2.10545,1.00,1.60
2010.06.23 07:23:00.788,2.10465,2.10545,1.00,1.00
2010.06.23 07:23:01.117,2.10465,2.1055,1.00,1.60
2010.06.23 07:23:01.448,2.1045,2.1054,1.00,1.30
2010.06.23 07:23:01.779,2.10435,2.10525,1.00,1.00
2010.06.23 07:23:02.266,2.10435,2.10525,1.00,1.30
2010.06.23 07:23:02.948,2.10435,2.1052,1.00,1.00
2010.06.23 07:23:03.349,2.1044,2.10525,1.00,1.00
2010.06.23 07:23:03.550,2.10435,2.10525,1.00,1.30
2010.06.23 07:23:03.747,2.10435,2.10525,1.00,2.10
2010.06.23 07:23:04.218,2.10435,2.1052,1.00,1.00
2010.06.23 07:23:04.496,2.1043,2.1052,1.00,1.30
2010.06.23 07:23:04.769,2.10435,2.1052,1.00,1.00
2010.06.23 07:23:07.710,2.10425,2.10515,1.00,1.00
2010.06.23 07:23:07.820,2.1043,2.10515,1.00,1.00
2010.06.23 07:23:08.037,2.10435,2.10525,1.00,1.00
2010.06.23 07:23:08.317,2.1044,2.10525,1.00,1.00
2010.06.23 07:23:08.597,2.1044,2.10525,1.00,1.40
2010.06.23 07:23:08.877,2.1044,2.10525,1.00,1.60
2010.06.23 07:23:09.159,2.1044,2.10525,1.00,1.00
2010.06.23 07:23:09.751,2.1044,2.1053,1.00,1.60
2010.06.23 07:23:10.345,2.1044,2.10525,1.00,1.10
2010.06.23 07:23:10.608,2.1044,2.1052,1.00,1.00
2010.06.23 07:23:10.867,2.1044,2.1053,1.00,1.60
2010.06.23 07:23:11.900,2.1044,2.1053,1.00,2.10
2010.06.23 07:23:12.117,2.1044,2.1053,1.00,1.60
2010.06.23 07:23:12.338,2.1044,2.1053,1.00,2.10
2010.06.23 07:23:12.559,2.1044,2.1052,1.00,1.00
2010.06.23 07:23:13.570,2.1044,2.1053,1.00,1.60
2010.06.23 07:23:14.097,2.1045,2.1053,1.00,1.60
2010.06.23 07:23:15.054,2.1043,2.10525,1.00,1.60
2010.06.23 07:23:15.321,2.1045,2.1053,1.00,1.00
2010.06.23 07:23:15.589,2.1045,2.10535,1.00,1.00
2010.06.23 07:23:16.321,2.1045,2.1053,1.00,1.00
2010.06.23 07:23:17.080,2.10445,2.1053,1.00,1.00
2010.06.23 07:23:18.946,2.1044,2.1053,1.00,1.30
2010.06.23 07:23:19.107,2.1044,2.1053,1.00,2.10
2010.06.23 07:23:19.766,2.10435,2.10525,1.00,1.30
2010.06.23 07:23:19.929,2.10435,2.10525,1.00,1.00
2010.06.23 07:23:20.697,2.10435,2.1052,1.00,1.00
2010.06.23 07:23:22.480,2.1044,2.1052,1.00,1.00
2010.06.23 07:23:22.761,2.1045,2.10525,1.00,1.00
2010.06.23 07:23:23.555,2.1045,2.10535,1.00,1.00
2010.06.23 07:23:24.449,2.1045,2.10535,1.00,1.60
2010.06.23 07:23:25.207,2.1045,2.1053,1.00,1.00
2010.06.23 07:23:26.488,2.10425,2.1053,1.00,1.00
2010.06.23 07:23:27.120,2.1043,2.10535,1.00,1.00
2010.06.23 07:23:27.317,2.1044,2.10535,1.00,1.00
2010.06.23 07:23:27.527,2.1044,2.1054,1.00,1.00
2010.06.23 07:23:28.262,2.1044,2.10545,1.00,1.00
2010.06.23 07:23:28.617,2.1045,2.1055,1.00,1.00
2010.06.23 07:23:28.958,2.10455,2.10555,1.00,1.00
2010.06.23 07:23:30.386,2.10455,2.1055,1.00,1.00
2010.06.23 07:23:30.642,2.10445,2.1055,1.00,1.00
2010.06.23 07:23:31.389,2.1044,2.10545,1.00,1.60
2010.06.23 07:23:32.326,2.10445,2.10545,1.00,1.60
2010.06.23 07:23:34.342,2.1044,2.10545,1.00,4.30
2010.06.23 07:23:34.447,2.10425,2.1053,1.00,1.00
2010.06.23 07:23:34.937,2.1042,2.10525,1.00,1.00
2010.06.23 07:23:42.297,2.10415,2.1052,1.00,1.00
2010.06.23 07:23:43.645,2.10415,2.10525,1.00,1.50
2010.06.23 07:23:46.116,2.10415,2.10525,1.00,1.30
2010.06.23 07:23:47.168,2.1043,2.1053,1.00,1.10
2010.06.23 07:23:47.510,2.1043,2.1054,1.00,2.90
2010.06.23 07:23:48.132,2.1042,2.1053,1.00,1.00
2010.06.23 07:23:48.471,2.10445,2.10555,1.00,1.00
2010.06.23 07:23:49.271,2.10445,2.1055,1.00,1.60
2010.06.23 07:23:49.576,2.10425,2.1054,1.00,1.00
2010.06.23 07:23:49.871,2.10445,2.1055,1.00,1.60
2010.06.23 07:23:50.850,2.10445,2.1055,1.00,2.10
2010.06.23 07:23:52.855,2.1045,2.10555,1.00,1.00
2010.06.23 07:23:53.072,2.1045,2.10555,1.00,1.30
2010.06.23 07:23:53.291,2.1044,2.1055,1.00,2.10
2010.06.23 07:23:53.998,2.1044,2.10545,1.00,1.60
2010.06.23 07:23:54.338,2.1045,2.10545,1.00,1.60
2010.06.23 07:23:54.677,2.1044,2.10545,1.00,1.60
2010.06.23 07:23:55.018,2.10445,2.1055,1.00,1.60
2010.06.23 07:23:55.776,2.10455,2.10555,1.00,1.60
2010.06.23 07:23:57.000,2.1045,2.10555,1.00,1.60
2010.06.23 07:23:57.339,2.1045,2.10555,1.00,1.00
2010.06.23 07:23:57.528,2.10445,2.10555,1.00,1.00
2010.06.23 07:23:57.720,2.10445,2.10545,1.00,1.60
2010.06.23 07:23:57.907,2.10425,2.10535,1.00,1.10
2010.06.23 07:23:58.098,2.1042,2.1053,1.00,1.00
2010.06.23 07:23:58.919,2.1042,2.10535,1.00,1.00
2010.06.23 07:23:59.257,2.1042,2.1053,1.00,1.00
2010.06.23 07:23:59.378,2.1042,2.10535,1.00,1.10
2010.06.23 07:23:59.499,2.1042,2.10545,1.00,2.70
2010.06.23 07:24:00.113,2.1042,2.1053,1.00,1.10
2010.06.23 07:24:00.243,2.1042,2.10525,1.00,1.00
2010.06.23 07:24:00.927,2.10415,2.10525,1.00,1.00
2010.06.23 07:24:01.683,2.1041,2.1051,1.00,1.00
2010.06.23 07:24:02.030,2.1039,2.1051,1.00,1.00
2010.06.23 07:24:02.370,2.1039,2.10505,1.00,1.00
2010.06.23 07:24:02.567,2.1039,2.1051,1.00,3.70
2010.06.23 07:24:02.686,2.1039,2.1051,1.00,2.90
2010.06.23 07:24:06.976,2.1039,2.10505,1.00,1.00
2010.06.23 07:24:07.155,2.1039,2.10505,1.00,1.60
2010.06.23 07:24:07.326,2.1039,2.10505,1.00,1.00
2010.06.23 07:24:07.936,2.1039,2.10505,1.00,1.60
2010.06.23 07:24:08.459,2.1039,2.105,1.00,1.00
2010.06.23 07:24:08.627,2.1039,2.10505,1.00,1.60
2010.06.23 07:24:08.977,2.1039,2.105,1.00,1.00
2010.06.23 07:24:09.336,2.1039,2.10505,1.00,1.60
2010.06.23 07:24:09.475,2.1039,2.10505,1.00,1.70
2010.06.23 07:24:10.121,2.10365,2.1048,1.00,1.00
2010.06.23 07:24:10.388,2.1039,2.1049,1.00,1.00
2010.06.23 07:24:10.656,2.10395,2.1051,1.00,1.00
2010.06.23 07:24:11.394,2.10395,2.10505,1.00,2.40
2010.06.23 07:24:11.730,2.1038,2.10495,1.00,1.00
2010.06.23 07:24:12.066,2.1038,2.10485,1.00,1.00
2010.06.23 07:24:12.411,2.10325,2.1042,1.50,1.00
2010.06.23 07:24:12.672,2.10375,2.1048,1.90,1.00
2010.06.23 07:24:13.344,2.10385,2.10475,1.00,1.10
2010.06.23 07:24:13.606,2.10355,2.10465,1.00,1.00
2010.06.23 07:24:13.942,2.10355,2.1047,1.00,1.30
2010.06.23 07:24:15.317,2.1034,2.1044,1.00,1.00
2010.06.23 07:24:15.561,2.10325,2.1044,2.30,1.00
2010.06.23 07:24:16.263,2.1036,2.1047,3.50,1.30
2010.06.23 07:24:16.612,2.1034,2.10435,1.00,1.00
2010.06.23 07:24:16.961,2.1033,2.10435,1.00,1.90
2010.06.23 07:24:17.687,2.10365,2.10475,1.10,1.00
2010.06.23 07:24:17.921,2.1037,2.10495,1.00,1.60
2010.06.23 07:24:19.184,2.10365,2.10465,1.10,1.60
2010.06.23 07:24:19.329,2.10385,2.10495,1.00,1.00
2010.06.23 07:24:19.479,2.10385,2.10485,1.00,1.00
2010.06.23 07:24:19.629,2.1036,2.10485,1.50,1.90
2010.06.23 07:24:19.780,2.1036,2.10475,2.10,1.00
2010.06.23 07:24:22.287,2.1038,2.10475,1.10,1.00
2010.06.23 07:24:22.634,2.10355,2.10465,2.30,1.00
2010.06.23 07:24:22.797,2.10355,2.10465,1.50,1.00
2010.06.23 07:24:22.967,2.1036,2.10465,1.00,1.00
2010.06.23 07:24:23.137,2.1035,2.1046,2.30,1.00
2010.06.23 07:24:23.466,2.1035,2.1046,1.50,1.00
2010.06.23 07:24:25.707,2.1035,2.1046,2.30,1.00
2010.06.23 07:24:25.955,2.1035,2.1046,3.10,1.00
2010.06.23 07:24:27.578,2.10365,2.1046,1.00,1.00
2010.06.23 07:24:27.706,2.10365,2.1046,1.60,1.00
2010.06.23 07:24:27.837,2.1037,2.1046,1.00,1.00
2010.06.23 07:24:28.880,2.1035,2.10445,2.30,1.00
2010.06.23 07:24:29.220,2.1036,2.1047,2.30,1.60
2010.06.23 07:24:29.558,2.10365,2.1046,1.00,1.00
2010.06.23 07:24:29.898,2.1036,2.1045,1.00,1.00
2010.06.23 07:24:34.135,2.1036,2.10445,1.00,1.00
2010.06.23 07:24:36.637,2.1035,2.1043,1.00,1.00
2010.06.23 07:24:36.927,2.1036,2.1046,1.50,1.00
2010.06.23 07:24:37.707,2.1036,2.1046,1.00,1.00
2010.06.23 07:24:38.286,2.1035,2.10455,1.00,1.00
2010.06.23 07:24:38.487,2.10335,2.1043,1.60,1.00
2010.06.23 07:24:38.777,2.10325,2.1043,2.50,1.00
2010.06.23 07:24:39.649,2.10325,2.10435,2.30,1.00
2010.06.23 07:24:40.427,2.10325,2.10435,2.30,1.00
2010.06.23 07:24:40.587,2.10325,2.10435,2.30,1.00
2010.06.23 07:24:40.839,2.10325,2.1043,1.00,1.00
2010.06.23 07:24:41.336,2.1032,2.1043,1.00,1.00
2010.06.23 07:24:41.592,2.10355,2.1044,1.00,1.00
2010.06.23 07:24:41.942,2.10335,2.1043,2.00,1.00
2010.06.23 07:24:42.763,2.10325,2.10425,1.20,1.00
2010.06.23 07:24:42.982,2.1032,2.1041,1.00,1.00
2010.06.23 07:24:43.200,2.1032,2.10415,1.00,1.00
2010.06.23 07:24:43.847,2.1031,2.10415,1.00,1.00
2010.06.23 07:24:44.531,2.1031,2.10415,1.00,1.60
2010.06.23 07:24:44.880,2.1031,2.10415,1.00,1.00
2010.06.23 07:24:45.142,2.1031,2.10415,1.20,1.00
2010.06.23 07:24:45.962,2.10305,2.10415,1.60,1.00
2010.06.23 07:24:46.141,2.10305,2.104,1.60,1.00
2010.06.23 07:24:46.500,2.1031,2.1041,1.00,1.00
2010.06.23 07:24:46.845,2.1031,2.1041,1.00,1.30
2010.06.23 07:24:47.028,2.1031,2.10405,1.00,1.00
2010.06.23 07:24:47.357,2.10305,2.10395,2.00,1.00
2010.06.23 07:24:48.250,2.10305,2.10405,1.00,2.10
2010.06.23 07:24:48.847,2.10305,2.10405,2.00,2.10
2010.06.23 07:24:49.368,2.10305,2.104,2.00,1.00
2010.06.23 07:24:49.667,2.10305,2.10405,1.00,2.70
2010.06.23 07:24:49.967,2.10305,2.104,2.00,1.60
2010.06.23 07:24:50.651,2.10305,2.10395,1.00,1.00
2010.06.23 07:24:50.875,2.10295,2.1039,1.60,1.00
2010.06.23 07:24:52.197,2.1029,2.10375,1.00,1.00
2010.06.23 07:24:52.721,2.1029,2.10375,1.00,1.30
2010.06.23 07:24:52.773,2.10295,2.1039,1.60,2.40
2010.06.23 07:24:52.817,2.1029,2.1039,2.00,2.40
2010.06.23 07:24:52.857,2.1029,2.1039,2.00,2.90
2010.06.23 07:24:53.017,2.1029,2.10375,1.00,1.60
2010.06.23 07:24:53.059,2.1027,2.10375,1.00,2.70
2010.06.23 07:24:53.228,2.10275,2.10365,1.00,1.00
2010.06.23 07:24:53.750,2.1028,2.10375,1.00,1.00
2010.06.23 07:24:54.086,2.10275,2.10375,2.00,1.00
2010.06.23 07:24:56.951,2.10285,2.10375,1.00,1.00
2010.06.23 07:24:57.665,2.1029,2.1038,1.00,1.00
2010.06.23 07:24:58.211,2.10295,2.1038,1.00,1.00
2010.06.23 07:24:59.790,2.10305,2.10395,1.00,1.00
2010.06.23 07:25:01.672,2.103,2.10395,1.60,1.00
2010.06.23 07:25:01.836,2.103,2.10395,1.00,1.00
2010.06.23 07:25:03.012,2.103,2.10395,1.60,1.00
2010.06.23 07:25:03.802,2.103,2.10395,1.60,2.10
2010.06.23 07:25:03.973,2.10295,2.10395,1.00,3.40
2010.06.23 07:25:04.240,2.1029,2.10395,2.00,3.40
2010.06.23 07:25:04.497,2.1029,2.10395,1.20,3.20
2010.06.23 07:25:05.145,2.103,2.10385,1.20,1.00
2010.06.23 07:25:05.393,2.10285,2.1038,1.60,1.00
2010.06.23 07:25:05.639,2.10285,2.10375,1.60,1.00
2010.06.23 07:25:07.905,2.10285,2.10375,1.00,1.00
2010.06.23 07:25:08.212,2.1028,2.10375,2.00,1.00
2010.06.23 07:25:08.708,2.10285,2.10375,1.00,1.00
2010.06.23 07:25:09.433,2.1028,2.10375,2.00,1.00
2010.06.23 07:25:09.970,2.10285,2.1039,1.00,1.00
2010.06.23 07:25:10.703,2.10285,2.1039,1.20,1.00
2010.06.23 07:25:10.960,2.10285,2.1039,2.00,1.00
2010.06.23 07:25:11.465,2.1029,2.1039,1.00,1.00
2010.06.23 07:25:11.815,2.10275,2.10375,2.00,1.00
2010.06.23 07:25:12.157,2.10275,2.10375,1.20,1.00
2010.06.23 07:25:13.311,2.1029,2.1039,1.00,1.00
2010.06.23 07:25:14.772,2.1027,2.10365,1.00,1.00
2010.06.23 07:25:15.003,2.1025,2.1036,2.70,1.00
2010.06.23 07:25:15.482,2.1025,2.1036,1.90,1.00
2010.06.23 07:25:15.711,2.10255,2.1036,1.60,1.00
2010.06.23 07:25:16.277,2.1025,2.1036,1.90,1.00
2010.06.23 07:25:17.027,2.10255,2.1036,1.00,1.00
2010.06.23 07:25:17.188,2.10265,2.1037,1.00,2.70
2010.06.23 07:25:17.350,2.10265,2.10375,1.20,1.00
2010.06.23 07:25:17.669,2.10285,2.10385,1.00,1.10
2010.06.23 07:25:18.311,2.10295,2.1041,1.00,1.00
2010.06.23 07:25:18.661,2.103,2.1042,1.10,1.00
2010.06.23 07:25:19.465,2.10325,2.1043,1.10,1.30
2010.06.23 07:25:19.778,2.1033,2.10435,1.00,1.60
2010.06.23 07:25:21.214,2.10335,2.10435,1.00,1.60
2010.06.23 07:25:21.618,2.1033,2.10435,1.00,1.60
2010.06.23 07:25:21.906,2.10335,2.10435,1.00,1.60
2010.06.23 07:25:23.076,2.10365,2.10445,1.00,1.00
2010.06.23 07:25:23.200,2.10365,2.10455,1.00,1.00
2010.06.23 07:25:23.323,2.1035,2.10465,1.00,1.00
2010.06.23 07:25:23.921,2.10365,2.10475,1.00,1.60
2010.06.23 07:25:24.037,2.10365,2.1048,1.00,2.90
2010.06.23 07:25:24.381,2.1036,2.10475,1.30,1.00
2010.06.23 07:25:25.243,2.1036,2.1047,1.00,1.00
2010.06.23 07:25:25.471,2.10365,2.1047,1.00,1.30
2010.06.23 07:25:26.337,2.10355,2.1047,1.50,1.30
2010.06.23 07:25:26.676,2.10365,2.1047,1.00,1.30
2010.06.23 07:25:27.215,2.10365,2.1047,1.00,1.00
2010.06.23 07:25:27.563,2.10375,2.1048,2.30,1.60
2010.06.23 07:25:27.849,2.10375,2.1048,1.00,1.60
2010.06.23 07:25:28.575,2.10385,2.1048,1.00,1.60
2010.06.23 07:25:28.886,2.1037,2.1047,1.00,1.00
2010.06.23 07:25:29.192,2.10365,2.10475,1.00,1.00
2010.06.23 07:25:30.576,2.1037,2.10485,1.00,2.10
2010.06.23 07:25:30.898,2.1037,2.10485,1.00,1.00
2010.06.23 07:25:31.754,2.104,2.105,1.00,1.00
2010.06.23 07:25:32.097,2.10405,2.1052,1.00,2.90
2010.06.23 07:25:32.923,2.1038,2.1049,1.00,1.00
2010.06.23 07:25:33.236,2.10375,2.1049,1.00,1.30
2010.06.23 07:25:34.090,2.10375,2.1049,1.00,2.10
2010.06.23 07:25:34.429,2.10375,2.1049,1.00,2.10
2010.06.23 07:25:34.866,2.10375,2.1049,1.00,2.90
2010.06.23 07:25:35.492,2.10375,2.10485,1.00,1.30
2010.06.23 07:25:35.948,2.10365,2.10475,1.00,1.00
2010.06.23 07:25:36.107,2.10365,2.1047,1.00,1.00
2010.06.23 07:25:36.749,2.1036,2.10465,1.00,1.00
2010.06.23 07:25:37.088,2.10375,2.10475,1.00,1.90
2010.06.23 07:25:37.920,2.10375,2.1049,1.00,1.10
2010.06.23 07:25:38.258,2.1038,2.1049,1.60,1.10
2010.06.23 07:25:39.060,2.1039,2.10505,1.00,1.60
2010.06.23 07:25:39.296,2.1039,2.10505,1.00,1.30
2010.06.23 07:25:39.536,2.1039,2.105,1.00,1.00
2010.06.23 07:25:39.770,2.1039,2.1051,1.00,2.10
2010.06.23 07:25:40.470,2.1038,2.10495,1.50,1.00
2010.06.23 07:25:40.782,2.10375,2.10495,1.90,1.30
2010.06.23 07:25:41.099,2.1038,2.105,1.00,1.00
2010.06.23 07:25:41.577,2.1038,2.105,1.00,1.30
2010.06.23 07:25:41.923,2.1039,2.10505,1.30,1.00
2010.06.23 07:25:42.268,2.1039,2.105,1.00,1.00
2010.06.23 07:25:43.437,2.1037,2.1048,1.00,1.00
2010.06.23 07:25:43.784,2.10365,2.1048,2.00,1.00
2010.06.23 07:25:44.293,2.10365,2.1048,2.80,1.00
2010.06.23 07:25:44.587,2.10425,2.1051,1.00,1.60
2010.06.23 07:25:44.866,2.1041,2.1051,1.00,1.00
2010.06.23 07:25:45.680,2.1042,2.10535,1.10,1.00
2010.06.23 07:25:46.017,2.10435,2.10535,1.10,1.00
2010.06.23 07:25:46.359,2.1043,2.1054,1.00,1.00
2010.06.23 07:25:46.881,2.10435,2.10545,1.10,1.60
2010.06.23 07:25:47.225,2.10435,2.10545,1.10,1.00
2010.06.23 07:25:47.481,2.10435,2.10545,1.20,1.00
2010.06.23 07:25:47.742,2.10445,2.10545,1.10,1.00
2010.06.23 07:25:48.239,2.1042,2.10545,1.00,1.60
2010.06.23 07:25:48.582,2.10405,2.10515,1.90,1.00
2010.06.23 07:25:48.929,2.1041,2.10525,1.00,1.60
2010.06.23 07:25:49.789,2.1041,2.1053,1.30,2.10
2010.06.23 07:25:50.469,2.1041,2.1053,1.30,1.00
2010.06.23 07:25:51.495,2.1041,2.1052,1.00,1.00
2010.06.23 07:25:51.899,2.10415,2.1052,1.00,1.00
2010.06.23 07:25:52.572,2.10405,2.10515,1.00,1.00
2010.06.23 07:25:52.925,2.10395,2.10515,1.50,1.00
2010.06.23 07:25:53.723,2.10395,2.10505,1.00,1.00
2010.06.23 07:25:54.071,2.10385,2.10495,1.00,1.00
2010.06.23 07:25:54.421,2.10375,2.10495,3.10,1.00
2010.06.23 07:25:54.771,2.10375,2.10485,1.00,1.00
2010.06.23 07:25:55.497,2.10385,2.10485,1.00,1.00
2010.06.23 07:25:55.768,2.10375,2.10485,1.00,1.00
2010.06.23 07:25:57.006,2.104,2.10505,1.00,1.00
2010.06.23 07:25:58.769,2.10405,2.10505,1.00,1.00
2010.06.23 07:25:58.974,2.10405,2.10515,1.00,2.10
2010.06.23 07:25:59.172,2.10405,2.1051,1.00,1.00
2010.06.23 07:25:59.499,2.10405,2.1051,1.00,4.50
2010.06.23 07:26:00.254,2.10395,2.1051,1.00,6.40
2010.06.23 07:26:00.415,2.10395,2.105,1.00,1.00
2010.06.23 07:26:00.731,2.10385,2.10495,1.00,1.00
2010.06.23 07:26:01.707,2.10385,2.1049,1.00,1.00
2010.06.23 07:26:02.047,2.10385,2.10495,1.00,1.00
2010.06.23 07:26:02.563,2.10385,2.10495,1.70,1.00
2010.06.23 07:26:02.790,2.1039,2.10505,2.10,1.00
2010.06.23 07:26:03.477,2.10395,2.10505,1.00,1.00
2010.06.23 07:26:03.708,2.1039,2.10495,1.00,1.00
2010.06.23 07:26:04.571,2.1039,2.10505,1.30,1.00
2010.06.23 07:26:04.911,2.1039,2.10505,2.10,1.00
2010.06.23 07:26:05.594,2.10395,2.10505,1.00,1.30
2010.06.23 07:26:05.882,2.10395,2.105,1.00,1.00
2010.06.23 07:26:06.168,2.10395,2.10505,1.00,2.90
2010.06.23 07:26:06.448,2.10395,2.10505,1.00,2.10
2010.06.23 07:26:07.404,2.10415,2.1051,1.00,1.60
2010.06.23 07:26:07.660,2.1041,2.1052,1.10,1.30
2010.06.23 07:26:07.918,2.10415,2.1052,1.60,1.30
2010.06.23 07:26:08.754,2.10415,2.1052,1.00,1.00
2010.06.23 07:26:09.103,2.1041,2.10525,1.30,1.00
2010.06.23 07:26:10.017,2.10415,2.10525,1.00,1.00
2010.06.23 07:26:10.361,2.1042,2.10535,1.00,1.00
2010.06.23 07:26:10.711,2.10415,2.1053,3.40,1.00
2010.06.23 07:26:11.416,2.10415,2.10535,2.30,2.90
2010.06.23 07:26:11.650,2.10425,2.1053,1.00,1.00
2010.06.23 07:26:11.990,2.10425,2.1053,1.00,1.30
2010.06.23 07:26:12.781,2.10415,2.10525,1.00,2.10
2010.06.23 07:26:12.988,2.10415,2.10525,1.00,1.00
2010.06.23 07:26:13.789,2.10415,2.10525,1.70,1.00
2010.06.23 07:26:14.126,2.10415,2.10535,2.30,2.10
2010.06.23 07:26:15.279,2.1043,2.1053,1.00,1.00
2010.06.23 07:26:15.603,2.10435,2.1053,1.00,1.00
2010.06.23 07:26:15.921,2.10435,2.10545,1.00,1.00
2010.06.23 07:26:16.223,2.1045,2.1052,2.10,1.00
2010.06.23 07:26:16.720,2.1045,2.1052,1.00,1.00
2010.06.23 07:26:17.033,2.10435,2.10525,1.00,1.00
2010.06.23 07:26:17.321,2.10425,2.1053,1.00,1.00
2010.06.23 07:26:18.041,2.10455,2.1054,1.00,1.00
2010.06.23 07:26:18.317,2.1044,2.1054,1.00,1.60
2010.06.23 07:26:18.591,2.10435,2.10545,2.30,1.00
2010.06.23 07:26:18.860,2.1044,2.1054,1.00,1.00
2010.06.23 07:26:19.569,2.1044,2.10545,1.00,1.60
2010.06.23 07:26:19.903,2.10445,2.1055,1.00,1.00
2010.06.23 07:26:20.228,2.10445,2.1056,1.00,1.30
2010.06.23 07:26:20.397,2.10445,2.1056,1.00,2.90
2010.06.23 07:26:20.569,2.10445,2.10555,1.00,1.30
2010.06.23 07:26:20.737,2.10445,2.10555,1.00,1.00
2010.06.23 07:26:21.328,2.10445,2.1055,1.00,1.00
2010.06.23 07:26:21.628,2.10445,2.1056,1.00,1.30
2010.06.23 07:26:22.905,2.1046,2.1056,1.00,1.30
2010.06.23 07:26:23.086,2.10465,2.10555,1.00,1.00
2010.06.23 07:26:24.112,2.10475,2.1057,1.00,1.00
2010.06.23 07:26:24.882,2.10485,2.10595,1.60,1.30
2010.06.23 07:26:25.230,2.1049,2.10595,1.00,1.30
2010.06.23 07:26:29.876,2.1049,2.1059,1.00,1.90
2010.06.23 07:26:30.155,2.10485,2.10585,2.10,1.00
2010.06.23 07:26:30.331,2.1049,2.10585,1.00,1.00
2010.06.23 07:26:31.013,2.10485,2.10595,1.00,1.00
2010.06.23 07:26:34.853,2.10485,2.10595,1.00,1.60
2010.06.23 07:26:35.396,2.10485,2.1059,1.00,1.00
2010.06.23 07:26:35.916,2.10485,2.1059,1.00,1.00
2010.06.23 07:26:36.086,2.10475,2.1059,1.80,1.30
2010.06.23 07:26:36.641,2.10475,2.1059,1.00,1.30
2010.06.23 07:26:36.909,2.10485,2.10585,1.00,1.00
2010.06.23 07:26:37.456,2.10485,2.1059,1.00,1.00
2010.06.23 07:26:38.869,2.1049,2.1059,1.00,1.60
2010.06.23 07:26:39.166,2.1049,2.1059,1.00,1.00
2010.06.23 07:26:39.466,2.1049,2.10595,1.00,2.40
2010.06.23 07:26:39.618,2.1049,2.10595,1.00,1.00
2010.06.23 07:26:39.769,2.1049,2.10595,1.00,1.60
2010.06.23 07:26:39.922,2.1049,2.106,1.00,1.00
2010.06.23 07:26:40.398,2.1049,2.10605,1.00,1.00
2010.06.23 07:26:40.644,2.1049,2.1061,1.00,1.30
2010.06.23 07:26:41.087,2.1049,2.10605,1.00,2.40
2010.06.23 07:26:41.646,2.1049,2.10605,1.00,1.60
2010.06.23 07:26:41.987,2.10495,2.10605,1.00,2.40
2010.06.23 07:26:42.938,2.105,2.10605,1.60,1.60
2010.06.23 07:26:43.103,2.105,2.10605,1.60,1.00
2010.06.23 07:26:43.379,2.105,2.1061,3.20,1.00
2010.06.23 07:26:44.005,2.10505,2.10615,1.00,1.00
2010.06.23 07:26:44.279,2.10505,2.10615,1.00,1.00
2010.06.23 07:26:45.228,2.1051,2.1061,1.00,1.60
2010.06.23 07:26:45.847,2.1061,2.10655,1.60,1.00
2010.06.23 07:26:46.031,2.1053,2.10645,1.60,1.60
2010.06.23 07:26:46.211,2.1053,2.10645,1.60,3.20
2010.06.23 07:26:47.082,2.10515,2.1063,1.10,1.60
2010.06.23 07:26:47.429,2.10495,2.10615,1.00,1.00
2010.06.23 07:26:48.231,2.10475,2.10585,1.10,1.00
2010.06.23 07:26:48.568,2.10475,2.10585,1.00,1.00
2010.06.23 07:26:49.641,2.1048,2.10585,1.00,1.00
2010.06.23 07:26:49.952,2.10475,2.10585,1.00,1.00
2010.06.23 07:26:51.890,2.10475,2.10585,1.00,1.30
2010.06.23 07:26:52.297,2.1047,2.10585,1.00,2.90
2010.06.23 07:26:52.506,2.1047,2.1058,1.00,1.00
2010.06.23 07:26:54.443,2.1046,2.10575,1.00,1.00
2010.06.23 07:26:54.544,2.10475,2.10575,1.00,1.00
2010.06.23 07:26:55.137,2.10485,2.1058,2.40,1.00
2010.06.23 07:26:55.480,2.1049,2.10585,1.00,1.00
2010.06.23 07:26:55.820,2.10465,2.10575,1.00,1.00
2010.06.23 07:26:56.316,2.10465,2.10575,1.00,1.30
2010.06.23 07:26:56.728,2.10465,2.1057,1.00,1.00
2010.06.23 07:26:57.049,2.10465,2.10575,1.00,2.10
2010.06.23 07:26:57.794,2.10475,2.10575,1.00,1.30
2010.06.23 07:26:58.142,2.10475,2.10575,1.00,2.10
2010.06.23 07:26:58.768,2.10465,2.10575,1.00,2.10
2010.06.23 07:27:00.037,2.10475,2.10575,1.00,2.10
2010.06.23 07:27:00.157,2.10475,2.10575,1.00,1.30
2010.06.23 07:27:00.787,2.10475,2.10575,1.00,1.00
2010.06.23 07:27:01.584,2.10465,2.1057,1.00,1.00
2010.06.23 07:27:01.934,2.10465,2.10575,1.00,1.00
2010.06.23 07:27:06.019,2.1046,2.10575,1.30,1.30
2010.06.23 07:27:06.174,2.10445,2.10555,1.00,1.00
2010.06.23 07:27:06.324,2.10455,2.10555,1.00,1.00
2010.06.23 07:27:06.469,2.10455,2.1056,1.00,1.00
2010.06.23 07:27:07.291,2.1048,2.1058,2.40,1.00
2010.06.23 07:27:07.628,2.10495,2.1058,1.00,1.00
2010.06.23 07:27:09.678,2.1049,2.1058,1.00,1.00
2010.06.23 07:27:09.817,2.1049,2.1056,1.00,2.70
2010.06.23 07:27:09.896,2.1049,2.1055,1.00,1.00
2010.06.23 07:27:10.038,2.1049,2.1055,1.60,1.00
2010.06.23 07:27:10.598,2.10435,2.10545,1.00,2.10
2010.06.23 07:27:10.667,2.10435,2.10545,1.00,1.00
2010.06.23 07:27:11.009,2.1043,2.10545,1.00,1.00
2010.06.23 07:27:11.352,2.1043,2.1055,2.10,1.00
2010.06.23 07:27:12.160,2.1044,2.10555,1.00,1.30
2010.06.23 07:27:13.568,2.10435,2.1055,1.00,1.00
2010.06.23 07:27:13.870,2.1043,2.1054,1.00,1.00
2010.06.23 07:27:14.169,2.10435,2.10545,1.00,1.00
2010.06.23 07:27:14.960,2.10425,2.10545,2.30,1.00
2010.06.23 07:27:15.589,2.10435,2.10545,1.00,1.00
2010.06.23 07:27:16.132,2.1044,2.1055,1.00,1.00
2010.06.23 07:27:16.422,2.10435,2.10535,3.30,1.00
2010.06.23 07:27:16.711,2.10445,2.1056,1.00,1.00
2010.06.23 07:27:17.460,2.1044,2.10555,1.30,1.00
2010.06.23 07:27:17.748,2.10445,2.10555,1.00,1.00
2010.06.23 07:27:18.068,2.10445,2.1055,1.00,1.00
2010.06.23 07:27:18.387,2.10445,2.10555,1.00,1.30
2010.06.23 07:27:20.133,2.10445,2.10555,1.00,1.00
2010.06.23 07:27:20.188,2.10445,2.1056,1.00,2.10
2010.06.23 07:27:20.236,2.10445,2.1056,1.00,1.30
2010.06.23 07:27:20.346,2.10445,2.1056,1.00,1.30
2010.06.23 07:27:21.042,2.1044,2.10555,1.60,1.00
2010.06.23 07:27:21.105,2.10445,2.10555,1.00,1.00
2010.06.23 07:27:21.450,2.1044,2.10555,1.00,1.00
2010.06.23 07:27:21.808,2.10435,2.10535,1.00,1.60
2010.06.23 07:27:22.316,2.10435,2.10535,1.00,1.00
2010.06.23 07:27:22.667,2.1043,2.10545,1.00,1.00
2010.06.23 07:27:23.643,2.1047,2.1058,1.00,2.40
2010.06.23 07:27:23.987,2.1047,2.1058,1.00,1.60
2010.06.23 07:27:24.861,2.1046,2.1058,1.00,2.10
2010.06.23 07:27:26.087,2.1047,2.1058,1.00,1.60
2010.06.23 07:27:26.331,2.1047,2.1058,1.00,2.40
2010.06.23 07:27:26.585,2.1047,2.1058,1.00,1.00
2010.06.23 07:27:27.366,2.1047,2.10585,1.00,2.10
2010.06.23 07:27:27.716,2.1047,2.10575,1.00,1.00
2010.06.23 07:27:28.723,2.1046,2.10575,1.10,1.00
2010.06.23 07:27:29.054,2.1046,2.10565,1.00,1.60
2010.06.23 07:27:29.383,2.10445,2.10555,1.00,1.00
2010.06.23 07:27:29.710,2.10455,2.10555,1.00,1.60
2010.06.23 07:27:30.554,2.1045,2.10565,1.00,1.00
2010.06.23 07:27:30.901,2.1045,2.10565,1.30,1.00
2010.06.23 07:27:31.151,2.10455,2.10565,1.00,1.00
2010.06.23 07:27:31.868,2.1045,2.10565,1.00,1.50
2010.06.23 07:27:32.458,2.1045,2.1056,1.00,1.00
2010.06.23 07:27:32.796,2.1045,2.10565,1.00,2.30
2010.06.23 07:27:33.456,2.1045,2.10565,1.30,1.00
2010.06.23 07:27:34.544,2.1045,2.10565,1.30,1.00
2010.06.23 07:27:35.129,2.1045,2.10565,1.30,1.00
2010.06.23 07:27:35.848,2.1046,2.1057,1.00,1.00
2010.06.23 07:27:36.599,2.10455,2.1057,2.30,1.00
2010.06.23 07:27:37.289,2.10455,2.1057,2.10,1.00
2010.06.23 07:27:37.536,2.1046,2.1057,1.60,1.00
2010.06.23 07:27:38.271,2.1047,2.1057,1.00,1.00
2010.06.23 07:27:38.465,2.1047,2.10585,1.30,1.00
2010.06.23 07:27:41.166,2.10485,2.1059,1.00,1.00
2010.06.23 07:27:41.433,2.10475,2.10585,1.10,1.00
2010.06.23 07:27:41.703,2.1047,2.10585,1.30,1.00
2010.06.23 07:27:44.917,2.1048,2.10585,2.40,1.00
2010.06.23 07:27:45.110,2.1051,2.106,1.00,1.60
2010.06.23 07:27:45.802,2.10475,2.1058,1.00,1.10
2010.06.23 07:27:46.094,2.10445,2.1056,1.00,1.00
2010.06.23 07:27:46.840,2.10435,2.1055,2.10,1.00
2010.06.23 07:27:47.183,2.10435,2.1056,1.00,3.20
2010.06.23 07:27:47.995,2.1043,2.1054,1.60,1.10
2010.06.23 07:27:48.331,2.10425,2.1053,1.60,2.10
2010.06.23 07:27:48.666,2.10435,2.1052,1.00,1.30
2010.06.23 07:27:49.446,2.10405,2.1052,1.00,1.30
2010.06.23 07:27:49.791,2.104,2.1051,1.60,1.30
2010.06.23 07:27:51.604,2.104,2.1051,1.60,2.90
2010.06.23 07:27:54.181,2.104,2.10505,1.60,1.00
2010.06.23 07:27:55.829,2.104,2.1051,1.60,1.30
2010.06.23 07:27:56.114,2.10405,2.1051,1.00,1.00
2010.06.23 07:27:57.297,2.104,2.1051,1.60,1.00
2010.06.23 07:27:57.792,2.104,2.10495,1.60,1.00
2010.06.23 07:27:58.825,2.104,2.10505,1.60,1.30
2010.06.23 07:28:00.508,2.104,2.10505,3.10,1.00
2010.06.23 07:28:03.761,2.104,2.105,1.60,1.00
2010.06.23 07:28:04.940,2.104,2.10495,1.60,1.00
2010.06.23 07:28:05.647,2.104,2.10505,1.60,1.30
2010.06.23 07:28:06.639,2.104,2.10505,1.60,1.00
2010.06.23 07:28:06.930,2.1042,2.10505,1.60,1.00
2010.06.23 07:28:07.710,2.10435,2.1052,1.60,1.00
2010.06.23 07:28:08.388,2.1042,2.1052,1.60,1.30
2010.06.23 07:28:08.878,2.1043,2.1052,1.60,1.30
2010.06.23 07:28:09.160,2.1043,2.10525,1.60,2.10
2010.06.23 07:28:09.718,2.10435,2.10535,1.60,1.60
2010.06.23 07:28:09.997,2.1045,2.10535,1.60,1.00
2010.06.23 07:28:10.536,2.1045,2.1054,1.60,1.30
2010.06.23 07:28:10.874,2.1045,2.1054,1.60,1.00
2010.06.23 07:28:12.721,2.1045,2.1055,1.60,2.10
2010.06.23 07:28:12.928,2.10455,2.1055,1.60,2.10
2010.06.23 07:28:13.572,2.10455,2.10545,1.60,1.00
2010.06.23 07:28:15.641,2.10475,2.1058,1.00,1.60
2010.06.23 07:28:15.742,2.10475,2.10585,2.10,1.00
2010.06.23 07:28:15.838,2.10475,2.10585,1.50,1.00
2010.06.23 07:28:16.028,2.10475,2.10585,2.30,1.00
2010.06.23 07:28:16.511,2.1048,2.10585,1.00,1.00
2010.06.23 07:28:16.628,2.10485,2.106,1.30,1.00
2010.06.23 07:28:16.728,2.1049,2.106,1.00,1.00
2010.06.23 07:28:17.415,2.1049,2.106,1.50,1.00
2010.06.23 07:28:17.758,2.10495,2.106,1.00,1.00
2010.06.23 07:28:18.887,2.10495,2.106,1.50,1.00
2010.06.23 07:28:19.963,2.10495,2.10605,1.50,1.60
2010.06.23 07:28:20.110,2.1048,2.1058,1.00,1.00
2010.06.23 07:28:20.239,2.1048,2.10585,1.00,1.00
2010.06.23 07:28:21.302,2.10475,2.10585,1.00,1.00
2010.06.23 07:28:21.989,2.10505,2.10595,1.60,1.10
2010.06.23 07:28:22.307,2.10485,2.10615,1.90,1.00
2010.06.23 07:28:23.202,2.1049,2.1061,1.90,1.00
2010.06.23 07:28:23.410,2.1049,2.1062,1.90,1.00
2010.06.23 07:28:23.619,2.105,2.1062,1.00,1.00
2010.06.23 07:28:23.827,2.105,2.10625,1.00,1.80
2010.06.23 07:28:24.038,2.105,2.10625,1.90,1.00
2010.06.23 07:28:24.247,2.105,2.1063,1.90,1.60
2010.06.23 07:28:24.954,2.1051,2.10635,1.00,1.00
2010.06.23 07:28:25.232,2.1051,2.10625,1.00,1.80
2010.06.23 07:28:25.562,2.1051,2.10625,1.00,1.60
2010.06.23 07:28:26.118,2.1051,2.10625,1.00,1.80
2010.06.23 07:28:27.019,2.1051,2.10625,1.00,1.60
2010.06.23 07:28:27.768,2.1051,2.10625,1.00,1.80
2010.06.23 07:28:28.367,2.1049,2.10615,1.90,1.20
2010.06.23 07:28:28.872,2.1049,2.10585,1.10,1.00
2010.06.23 07:28:29.092,2.10485,2.1061,1.90,1.60
2010.06.23 07:28:29.309,2.10475,2.1061,2.00,2.70
2010.06.23 07:28:29.529,2.1049,2.1061,1.10,1.60
2010.06.23 07:28:30.055,2.1049,2.10605,1.10,1.00
2010.06.23 07:28:30.404,2.10475,2.10605,2.40,3.20
2010.06.23 07:28:30.752,2.1046,2.1058,1.00,1.00
2010.06.23 07:28:31.612,2.1044,2.10555,2.10,1.30
2010.06.23 07:28:32.221,2.1045,2.10555,1.00,1.00
2010.06.23 07:28:32.985,2.1045,2.10555,1.00,1.60
2010.06.23 07:28:34.705,2.1045,2.1055,1.00,1.00
2010.06.23 07:28:35.105,2.1045,2.10555,1.00,1.00
2010.06.23 07:28:35.720,2.10445,2.10555,1.20,1.60
2010.06.23 07:28:36.064,2.1045,2.1055,1.00,1.00
2010.06.23 07:28:36.404,2.1044,2.10525,1.00,1.00
2010.06.23 07:28:36.904,2.1044,2.10525,1.00,1.60
2010.06.23 07:28:37.256,2.1043,2.10545,1.00,2.40
2010.06.23 07:28:37.603,2.10415,2.10535,3.10,1.00
2010.06.23 07:28:38.413,2.10425,2.10535,1.00,1.00
2010.06.23 07:28:38.759,2.10425,2.1054,1.00,2.10
2010.06.23 07:28:39.429,2.10425,2.1054,1.00,1.00
2010.06.23 07:28:40.241,2.10415,2.10505,1.00,1.00
2010.06.23 07:28:40.420,2.10415,2.1053,4.50,1.00
2010.06.23 07:28:40.600,2.1044,2.10555,1.10,1.00
2010.06.23 07:28:40.777,2.10455,2.1056,1.10,1.00
2010.06.23 07:28:41.421,2.10455,2.10575,1.10,2.40
2010.06.23 07:28:43.718,2.10455,2.1058,2.80,1.00
2010.06.23 07:28:45.308,2.10455,2.1058,2.00,1.60
2010.06.23 07:28:45.590,2.10455,2.1058,1.90,2.40
2010.06.23 07:28:46.390,2.1046,2.10585,1.00,2.40
2010.06.23 07:28:46.554,2.1047,2.1059,1.10,1.60
2010.06.23 07:28:47.889,2.10475,2.1059,1.00,1.60
2010.06.23 07:28:48.227,2.10475,2.1059,1.00,3.20
2010.06.23 07:28:48.909,2.10485,2.1059,1.00,2.40
2010.06.23 07:28:49.117,2.10475,2.1059,1.00,2.40
2010.06.23 07:28:50.897,2.10475,2.10585,1.00,1.00
2010.06.23 07:28:51.047,2.10475,2.10585,1.00,1.60
2010.06.23 07:28:51.202,2.1047,2.10585,1.10,1.60
2010.06.23 07:28:51.817,2.10455,2.1057,1.10,1.00
2010.06.23 07:28:52.981,2.10445,2.1057,1.00,1.00
2010.06.23 07:28:53.194,2.1044,2.10555,1.90,1.00
2010.06.23 07:28:53.400,2.1043,2.1055,1.30,1.00
2010.06.23 07:28:53.614,2.1043,2.10545,1.30,1.60
2010.06.23 07:28:54.279,2.1043,2.1053,1.30,1.60
2010.06.23 07:28:54.492,2.1043,2.1053,1.00,1.60
2010.06.23 07:28:56.687,2.1043,2.1055,1.30,1.00
2010.06.23 07:28:57.246,2.10435,2.1055,1.00,1.00
2010.06.23 07:29:00.787,2.1044,2.1055,1.60,1.00
2010.06.23 07:29:01.359,2.1044,2.1055,4.30,1.00
2010.06.23 07:29:01.693,2.1045,2.10565,1.00,1.00
2010.06.23 07:29:03.531,2.1045,2.10555,1.00,1.00
2010.06.23 07:29:05.687,2.1045,2.10565,1.00,1.00
2010.06.23 07:29:07.498,2.10445,2.10565,1.30,1.50
2010.06.23 07:29:07.829,2.1044,2.10555,1.00,1.30
2010.06.23 07:29:09.978,2.10445,2.10555,1.00,1.00
2010.06.23 07:29:10.897,2.10445,2.10555,1.00,1.00
2010.06.23 07:29:10.995,2.10445,2.10555,1.00,1.00
2010.06.23 07:29:11.252,2.1044,2.1055,1.00,1.00
2010.06.23 07:29:11.510,2.1044,2.10545,1.00,1.00
2010.06.23 07:29:12.279,2.10435,2.10545,1.00,1.00
2010.06.23 07:29:12.856,2.1043,2.10545,1.00,1.00
2010.06.23 07:29:13.685,2.10435,2.10545,1.00,1.00
2010.06.23 07:29:14.032,2.10445,2.10555,1.00,1.00
2010.06.23 07:29:15.145,2.10445,2.10555,1.30,1.00
2010.06.23 07:29:15.378,2.10445,2.10555,2.10,1.00
2010.06.23 07:29:16.867,2.10445,2.10555,1.50,1.00
2010.06.23 07:29:17.551,2.1045,2.1055,1.00,1.00
2010.06.23 07:29:18.391,2.10445,2.1055,1.00,1.00
2010.06.23 07:29:19.757,2.10445,2.10555,1.50,1.00
2010.06.23 07:29:19.927,2.1045,2.10555,1.00,1.00
2010.06.23 07:29:20.467,2.1045,2.10565,1.00,1.80
2010.06.23 07:29:20.642,2.1046,2.10565,1.00,1.00
2010.06.23 07:29:20.830,2.1046,2.1057,1.00,1.00
2010.06.23 07:29:23.634,2.10465,2.1058,1.30,1.60
2010.06.23 07:29:23.901,2.10465,2.10585,2.10,1.00
2010.06.23 07:29:24.158,2.10465,2.10585,2.30,1.00
2010.06.23 07:29:24.675,2.10465,2.10585,1.50,1.30
2010.06.23 07:29:24.990,2.10465,2.10585,1.00,2.90
2010.06.23 07:29:25.309,2.10465,2.10585,1.00,3.70
2010.06.23 07:29:26.099,2.1047,2.10585,1.00,1.00
2010.06.23 07:29:26.620,2.1047,2.1058,1.00,1.00
2010.06.23 07:29:27.759,2.10475,2.1058,1.90,1.00
2010.06.23 07:29:28.098,2.10475,2.1058,1.00,1.00
2010.06.23 07:29:29.542,2.10485,2.1059,1.00,1.00
2010.06.23 07:29:29.720,2.10485,2.10595,2.30,1.00
2010.06.23 07:29:29.898,2.10495,2.10605,1.00,1.00
2010.06.23 07:29:30.551,2.10495,2.10605,1.00,1.00
2010.06.23 07:29:30.862,2.10485,2.1059,2.10,1.60
2010.06.23 07:29:31.182,2.10475,2.1059,2.10,1.00
2010.06.23 07:29:31.500,2.10475,2.1059,1.00,1.60
2010.06.23 07:29:31.995,2.10475,2.1059,1.00,2.40
2010.06.23 07:29:32.344,2.10475,2.1059,1.00,1.30
2010.06.23 07:29:32.691,2.10475,2.1059,1.00,1.00
2010.06.23 07:29:33.870,2.1049,2.106,1.00,1.00
2010.06.23 07:29:34.484,2.1049,2.106,1.00,1.60
2010.06.23 07:29:36.640,2.10495,2.106,1.00,1.60
2010.06.23 07:29:36.927,2.1049,2.106,1.00,1.60
2010.06.23 07:29:37.217,2.105,2.10605,1.00,3.20
2010.06.23 07:29:37.842,2.105,2.1059,1.00,1.60
2010.06.23 07:29:38.118,2.105,2.10605,1.00,3.20
2010.06.23 07:29:40.121,2.105,2.106,1.00,1.00
2010.06.23 07:29:40.208,2.105,2.10605,1.00,2.40
2010.06.23 07:29:40.935,2.105,2.10605,1.00,1.00
2010.06.23 07:29:41.034,2.10505,2.1061,1.00,1.00
2010.06.23 07:29:41.132,2.10505,2.10595,1.00,1.00
2010.06.23 07:29:41.486,2.1051,2.1062,2.10,1.60
2010.06.23 07:29:41.998,2.1051,2.1062,1.00,1.60
2010.06.23 07:29:42.349,2.1051,2.10615,1.00,1.60
2010.06.23 07:29:42.672,2.10505,2.1062,1.00,2.40
2010.06.23 07:29:43.000,2.10505,2.1059,1.00,1.10
2010.06.23 07:29:43.815,2.1045,2.10545,1.60,1.00
2010.06.23 07:29:44.050,2.1045,2.10555,1.00,1.00
2010.06.23 07:29:45.118,2.1045,2.10555,1.00,1.60
2010.06.23 07:29:45.457,2.1045,2.1055,1.00,1.00
2010.06.23 07:29:45.802,2.10465,2.10565,1.00,1.60
2010.06.23 07:29:46.031,2.10465,2.10565,1.00,1.00
2010.06.23 07:29:46.744,2.10465,2.1057,1.00,1.00
2010.06.23 07:29:46.970,2.1046,2.1057,1.00,1.00
2010.06.23 07:29:47.309,2.10455,2.1057,1.60,1.30
2010.06.23 07:29:48.496,2.1046,2.1057,1.00,1.60
2010.06.23 07:29:48.692,2.1046,2.1057,1.00,3.20
2010.06.23 07:29:49.341,2.1044,2.10535,1.60,1.00
2010.06.23 07:29:49.683,2.10435,2.1053,1.00,1.60
2010.06.23 07:29:50.028,2.1043,2.1054,1.00,1.60
2010.06.23 07:29:53.018,2.1044,2.10555,1.00,2.10
2010.06.23 07:29:53.297,2.10445,2.1056,1.00,2.10
2010.06.23 07:29:53.868,2.10415,2.1051,1.60,1.00
2010.06.23 07:29:54.617,2.10405,2.1051,1.60,1.00
2010.06.23 07:30:00.475,2.104,2.1051,1.00,1.00
2010.06.23 07:30:00.535,2.10395,2.10505,1.60,1.00
2010.06.23 07:30:00.658,2.10395,2.10505,1.60,1.30
2010.06.23 07:30:00.726,2.104,2.10505,1.00,1.00
2010.06.23 07:30:01.675,2.1041,2.10515,1.60,1.30
2010.06.23 07:30:02.024,2.10415,2.10525,2.10,1.70
2010.06.23 07:30:03.517,2.10425,2.10525,1.60,1.70
2010.06.23 07:30:03.668,2.10425,2.1053,1.60,1.00
2010.06.23 07:30:03.817,2.1045,2.10535,1.00,1.00
2010.06.23 07:30:03.967,2.1045,2.10555,1.00,1.00
2010.06.23 07:30:04.615,2.1041,2.10535,1.00,2.40
2010.06.23 07:30:04.958,2.10415,2.1053,1.90,1.00
2010.06.23 07:30:05.298,2.1041,2.1053,1.00,1.00
2010.06.23 07:30:06.029,2.1039,2.105,1.00,1.60
2010.06.23 07:30:06.318,2.1038,2.10495,2.10,1.00
2010.06.23 07:30:06.608,2.1038,2.10495,2.10,2.10
2010.06.23 07:30:07.586,2.10395,2.10495,1.00,1.00
2010.06.23 07:30:08.186,2.10395,2.105,1.00,1.00
2010.06.23 07:30:08.405,2.1038,2.10495,2.10,1.00
2010.06.23 07:30:09.000,2.1038,2.10495,2.10,1.00
2010.06.23 07:30:09.752,2.1038,2.10495,2.10,1.80
2010.06.23 07:30:10.000,2.1038,2.10485,1.60,1.00
2010.06.23 07:30:10.241,2.10385,2.10495,2.10,1.90
2010.06.23 07:30:10.889,2.10385,2.10495,1.00,1.00
2010.06.23 07:30:11.171,2.1039,2.10515,1.00,1.60
2010.06.23 07:30:12.131,2.1039,2.10515,1.00,1.80
2010.06.23 07:30:14.636,2.1039,2.10515,1.50,1.20
2010.06.23 07:30:15.253,2.10395,2.10515,1.00,1.20
2010.06.23 07:30:15.626,2.10395,2.10515,1.00,1.80
2010.06.23 07:30:15.831,2.10395,2.1051,1.00,1.10
2010.06.23 07:30:16.039,2.10395,2.10415,1.00,1.00
2010.06.23 07:30:16.535,2.10355,2.10375,3.10,4.00
2010.06.23 07:30:16.742,2.10235,2.1035,1.60,1.10
2010.06.23 07:30:16.977,2.10235,2.10345,1.60,1.10
2010.06.23 07:30:17.218,2.10235,2.10335,1.00,1.10
2010.06.23 07:30:17.740,2.10225,2.10335,1.00,1.10
2010.06.23 07:30:18.074,2.10245,2.10345,1.00,1.10
2010.06.23 07:30:18.863,2.1024,2.10345,1.00,1.20
2010.06.23 07:30:19.200,2.10235,2.10335,1.00,1.00
2010.06.23 07:30:19.865,2.10295,2.1038,1.60,1.60
2010.06.23 07:30:20.330,2.10295,2.10375,1.60,1.00
2010.06.23 07:30:20.674,2.1027,2.1039,1.00,1.10
2010.06.23 07:30:21.017,2.1026,2.1039,1.90,1.10
2010.06.23 07:30:21.847,2.1026,2.1039,1.10,1.10
2010.06.23 07:30:22.071,2.1026,2.10385,1.10,1.00
2010.06.23 07:30:22.407,2.1026,2.1039,1.10,1.10
2010.06.23 07:30:22.751,2.1026,2.10385,1.10,1.00
2010.06.23 07:30:23.089,2.1026,2.10375,1.10,1.00
2010.06.23 07:30:23.668,2.1026,2.10385,1.10,1.00
2010.06.23 07:30:23.912,2.1026,2.10375,1.10,1.00
2010.06.23 07:30:25.485,2.10285,2.10375,1.60,1.00
2010.06.23 07:30:25.621,2.103,2.10405,1.10,1.00
2010.06.23 07:30:25.761,2.1031,2.10425,1.00,1.00
2010.06.23 07:30:25.898,2.103,2.10405,1.60,1.00
2010.06.23 07:30:26.042,2.1026,2.10395,2.30,1.20
2010.06.23 07:30:26.539,2.1026,2.10395,1.00,1.20
2010.06.23 07:30:26.682,2.10235,2.10365,1.60,1.60
2010.06.23 07:30:27.032,2.1022,2.10355,1.10,1.90
2010.06.23 07:30:27.378,2.10235,2.10355,1.60,1.00
2010.06.23 07:30:28.165,2.10235,2.1035,1.60,1.60
2010.06.23 07:30:31.160,2.10235,2.1035,3.20,1.60
2010.06.23 07:30:31.202,2.1025,2.1035,1.10,1.60
2010.06.23 07:30:31.248,2.1025,2.1035,1.10,1.00
2010.06.23 07:30:31.272,2.1026,2.1035,1.00,1.00
2010.06.23 07:30:31.341,2.1026,2.1036,1.00,1.60
2010.06.23 07:30:31.941,2.1026,2.10355,1.00,1.00
2010.06.23 07:30:31.965,2.10255,2.10355,1.10,1.00
2010.06.23 07:30:31.990,2.10265,2.1036,1.00,1.00
2010.06.23 07:30:32.426,2.10245,2.1036,1.10,1.00
2010.06.23 07:30:32.941,2.1025,2.1036,1.60,1.00
2010.06.23 07:30:33.282,2.10275,2.10375,1.00,1.60
2010.06.23 07:30:33.569,2.1025,2.10365,1.60,1.00
2010.06.23 07:30:34.336,2.1026,2.10365,1.00,1.00
2010.06.23 07:30:34.683,2.102,2.103,1.00,2.40
2010.06.23 07:30:35.028,2.102,2.103,1.00,1.00
2010.06.23 07:30:36.152,2.10205,2.10315,1.60,1.00
2010.06.23 07:30:36.405,2.10215,2.1032,1.00,2.10
2010.06.23 07:30:36.651,2.1022,2.1032,1.60,2.10
2010.06.23 07:30:36.918,2.1022,2.1032,1.60,1.30
2010.06.23 07:30:37.635,2.10215,2.10325,1.00,3.40
2010.06.23 07:30:37.913,2.10225,2.10315,1.00,1.00
2010.06.23 07:30:38.175,2.10215,2.10315,1.00,1.00
2010.06.23 07:30:38.666,2.10215,2.1032,1.00,1.30
2010.06.23 07:30:39.020,2.1023,2.10345,1.00,1.60
2010.06.23 07:30:39.363,2.1025,2.10345,1.00,2.70
2010.06.23 07:30:40.170,2.1024,2.10345,1.00,1.00
2010.06.23 07:30:41.570,2.1023,2.10345,1.60,1.00
2010.06.23 07:30:42.671,2.1023,2.1034,1.60,1.00
2010.06.23 07:30:43.011,2.1023,2.1034,1.60,1.60
2010.06.23 07:30:43.362,2.1023,2.1034,1.10,1.60
2010.06.23 07:30:44.430,2.1023,2.1034,1.60,1.60
2010.06.23 07:30:46.433,2.1023,2.1035,1.60,1.60
2010.06.23 07:30:47.612,2.1027,2.1039,1.60,2.70
2010.06.23 07:30:47.961,2.10285,2.10395,1.30,1.00
2010.06.23 07:30:48.208,2.10285,2.10395,1.00,1.00
2010.06.23 07:30:48.458,2.10285,2.10395,1.00,2.40
2010.06.23 07:30:49.183,2.10265,2.1039,1.00,1.10
2010.06.23 07:30:49.463,2.10265,2.1039,1.00,2.70
2010.06.23 07:30:49.745,2.10285,2.104,1.60,1.00
2010.06.23 07:30:50.224,2.10285,2.10405,1.60,1.60
2010.06.23 07:30:50.530,2.1028,2.10405,2.40,1.00
2010.06.23 07:30:51.603,2.1028,2.10405,2.40,1.00
2010.06.23 07:30:53.239,2.1029,2.10405,1.60,1.00
2010.06.23 07:30:54.651,2.1029,2.10405,1.60,1.00
2010.06.23 07:30:55.039,2.1029,2.10405,1.60,1.00
2010.06.23 07:30:55.908,2.103,2.10405,1.60,1.00
2010.06.23 07:30:56.498,2.103,2.1042,2.40,1.60
2010.06.23 07:30:56.640,2.103,2.1042,1.60,1.60
2010.06.23 07:30:56.963,2.103,2.10415,1.60,1.00
2010.06.23 07:30:57.292,2.10325,2.10425,1.00,2.50
2010.06.23 07:30:58.067,2.10325,2.10425,1.60,1.00
2010.06.23 07:30:58.332,2.10325,2.10445,1.00,1.00
2010.06.23 07:30:58.588,2.10325,2.10445,1.30,1.00
2010.06.23 07:30:58.848,2.1033,2.10445,1.00,1.00
2010.06.23 07:30:59.107,2.1033,2.10445,1.30,1.00
2010.06.23 07:30:59.951,2.10355,2.10455,1.00,1.00
2010.06.23 07:31:01.531,2.10355,2.1046,1.00,1.00
2010.06.23 07:31:01.763,2.1035,2.10455,1.00,1.00
2010.06.23 07:31:01.991,2.10355,2.10455,1.00,1.00
2010.06.23 07:31:02.790,2.10355,2.10455,1.00,1.00
2010.06.23 07:31:03.128,2.1039,2.1049,1.00,1.00
2010.06.23 07:31:03.784,2.104,2.1049,1.00,1.00
2010.06.23 07:31:05.316,2.10415,2.1049,1.00,1.00
2010.06.23 07:31:05.635,2.10445,2.1052,1.00,1.00
2010.06.23 07:31:05.949,2.10445,2.10525,1.00,1.00
2010.06.23 07:31:06.137,2.10445,2.10525,1.00,1.00
2010.06.23 07:31:10.439,2.10435,2.10525,1.00,1.00
2010.06.23 07:31:10.957,2.10445,2.10525,1.00,1.00
2010.06.23 07:31:12.607,2.10435,2.10525,1.00,1.00
2010.06.23 07:31:16.749,2.10445,2.10525,1.00,1.00
2010.06.23 07:31:18.672,2.1045,2.10525,1.00,1.00
2010.06.23 07:31:20.158,2.1045,2.10535,1.00,1.60
2010.06.23 07:31:25.058,2.10455,2.10535,1.10,1.60
2010.06.23 07:31:25.956,2.1045,2.10535,1.00,1.60
2010.06.23 07:31:26.899,2.1045,2.10535,1.00,1.00
2010.06.23 07:31:27.245,2.10455,2.10545,1.00,1.60
2010.06.23 07:31:27.593,2.10455,2.10545,1.00,1.00
2010.06.23 07:31:28.368,2.10455,2.10535,1.00,1.00
2010.06.23 07:31:28.662,2.1046,2.10535,1.00,1.00
2010.06.23 07:31:30.269,2.1047,2.10535,1.00,1.00
2010.06.23 07:31:30.589,2.1046,2.10545,1.00,1.60
2010.06.23 07:31:30.911,2.1047,2.10545,1.00,1.00
2010.06.23 07:31:31.679,2.1047,2.1055,1.00,1.00
2010.06.23 07:31:32.328,2.10475,2.1055,1.10,1.00
2010.06.23 07:31:32.999,2.1047,2.1055,1.00,1.00
2010.06.23 07:31:33.348,2.1048,2.10565,1.00,1.00
2010.06.23 07:31:33.690,2.10475,2.10565,1.60,1.00
2010.06.23 07:31:33.981,2.10475,2.1056,1.00,1.00
2010.06.23 07:31:34.776,2.1047,2.10555,1.00,1.00
2010.06.23 07:31:34.950,2.1047,2.1055,1.00,1.00
2010.06.23 07:31:36.307,2.1047,2.10555,1.00,2.40
2010.06.23 07:31:36.519,2.1047,2.1055,1.00,1.00
2010.06.23 07:31:37.257,2.1047,2.1055,1.00,1.60
2010.06.23 07:31:37.518,2.1047,2.10545,1.00,1.00
2010.06.23 07:31:39.136,2.1046,2.10545,1.00,1.00
2010.06.23 07:31:39.340,2.1046,2.1054,1.00,1.00
2010.06.23 07:31:40.393,2.1046,2.1055,1.00,2.40
2010.06.23 07:31:41.919,2.1046,2.1055,1.00,1.60
2010.06.23 07:31:43.286,2.1046,2.10565,1.00,2.40
2010.06.23 07:31:43.450,2.1045,2.10535,1.00,1.60
2010.06.23 07:31:43.603,2.1046,2.10565,1.00,2.40
2010.06.23 07:31:45.085,2.1047,2.10565,1.00,2.40
2010.06.23 07:31:45.647,2.1047,2.10565,1.00,2.50
2010.06.23 07:31:45.969,2.1047,2.10565,1.00,2.40
2010.06.23 07:31:46.590,2.105,2.10575,1.00,1.00
2010.06.23 07:31:46.767,2.10505,2.10605,1.00,2.50
2010.06.23 07:31:47.082,2.1051,2.10605,1.00,1.00
2010.06.23 07:31:47.692,2.10515,2.10585,1.00,1.60
2010.06.23 07:31:48.016,2.1047,2.10565,1.00,1.60
2010.06.23 07:31:48.856,2.105,2.10575,1.00,1.60
2010.06.23 07:31:49.205,2.10485,2.10575,1.00,1.00
2010.06.23 07:31:49.553,2.1048,2.1058,1.00,2.40
2010.06.23 07:31:50.283,2.10485,2.1058,1.00,2.40
2010.06.23 07:31:50.626,2.1049,2.10585,1.00,1.00
2010.06.23 07:31:50.828,2.10485,2.1058,1.00,1.60
2010.06.23 07:31:51.978,2.1048,2.10575,1.00,2.40
2010.06.23 07:31:53.632,2.10475,2.10565,1.00,1.60
2010.06.23 07:31:53.975,2.1045,2.10555,1.00,1.60
2010.06.23 07:31:54.161,2.1045,2.10555,1.00,2.40
2010.06.23 07:31:54.829,2.1045,2.10555,1.00,3.20
2010.06.23 07:31:55.540,2.1045,2.10555,1.00,3.30
2010.06.23 07:31:56.179,2.1045,2.10555,1.00,3.20
2010.06.23 07:31:56.330,2.1045,2.10555,1.30,3.30
2010.06.23 07:31:56.694,2.1045,2.10555,1.30,2.40
2010.06.23 07:31:56.840,2.1046,2.10555,1.00,1.60
2010.06.23 07:31:57.270,2.1046,2.10555,1.00,1.60
2010.06.23 07:31:57.825,2.1045,2.10555,1.00,1.60
2010.06.23 07:31:58.172,2.1045,2.10555,1.30,3.20
2010.06.23 07:31:58.524,2.10445,2.1055,1.60,1.60
2010.06.23 07:31:59.574,2.10445,2.1055,1.00,1.60
2010.06.23 07:31:59.819,2.1044,2.10545,2.10,1.00
2010.06.23 07:32:01.338,2.1044,2.10535,1.30,1.00
2010.06.23 07:32:01.616,2.10435,2.10535,1.00,1.00
2010.06.23 07:32:02.581,2.10435,2.10525,1.00,1.60
2010.06.23 07:32:02.616,2.10435,2.10525,1.00,2.40
2010.06.23 07:32:02.963,2.10425,2.10515,1.00,1.60
2010.06.23 07:32:04.783,2.1043,2.1052,1.00,1.00
2010.06.23 07:32:05.318,2.1043,2.1052,1.00,1.60
2010.06.23 07:32:05.597,2.10435,2.10525,1.00,1.00
2010.06.23 07:32:05.872,2.10435,2.1052,1.00,1.00
2010.06.23 07:32:06.355,2.10435,2.10515,1.00,1.00
2010.06.23 07:32:06.721,2.10395,2.105,1.00,1.00
2010.06.23 07:32:07.074,2.1039,2.10495,1.30,1.60
2010.06.23 07:32:07.553,2.10395,2.10495,1.00,1.60
2010.06.23 07:32:07.885,2.1039,2.10495,1.30,1.60
2010.06.23 07:32:08.202,2.1039,2.10485,1.00,1.00
2010.06.23 07:32:09.270,2.1039,2.10485,1.30,1.00
2010.06.23 07:32:09.588,2.1039,2.10495,1.30,2.50
2010.06.23 07:32:09.908,2.10395,2.10495,2.10,1.00
2010.06.23 07:32:10.227,2.10395,2.10495,1.30,1.00
2010.06.23 07:32:11.008,2.10395,2.10495,1.00,1.00
2010.06.23 07:32:11.187,2.1039,2.10495,1.00,2.50
2010.06.23 07:32:11.539,2.1039,2.1049,1.00,1.00
2010.06.23 07:32:12.757,2.10395,2.1049,1.60,1.00
2010.06.23 07:32:13.099,2.10405,2.1049,1.00,1.00
2010.06.23 07:32:13.762,2.10395,2.10505,4.80,1.70
2010.06.23 07:32:14.032,2.104,2.10505,1.00,1.70
2010.06.23 07:32:14.638,2.104,2.10495,1.00,1.00
2010.06.23 07:32:15.365,2.10405,2.10505,1.00,1.70
2010.06.23 07:32:15.524,2.10405,2.10505,1.30,1.00
2010.06.23 07:32:15.679,2.10405,2.1051,1.30,1.60
2010.06.23 07:32:15.828,2.1041,2.10515,1.00,1.00
2010.06.23 07:32:15.979,2.1042,2.10515,1.00,1.00
2010.06.23 07:32:17.108,2.1042,2.10525,1.00,3.20
2010.06.23 07:32:17.438,2.1042,2.10525,1.30,3.20
2010.06.23 07:32:17.787,2.10425,2.1053,2.10,1.60
2010.06.23 07:32:18.493,2.10425,2.10525,2.10,1.00
2010.06.23 07:32:18.665,2.1038,2.1048,1.10,1.60
2010.06.23 07:32:18.832,2.1039,2.10495,1.00,1.60
2010.06.23 07:32:19.001,2.10375,2.10465,1.00,1.60
2010.06.23 07:32:19.595,2.1037,2.10465,1.00,1.60
2010.06.23 07:32:22.257,2.1038,2.1048,1.00,2.40
2010.06.23 07:32:22.428,2.1038,2.1048,1.00,1.60
2010.06.23 07:32:22.598,2.1038,2.10485,1.00,1.00
2010.06.23 07:32:22.768,2.10385,2.10485,1.00,1.00
2010.06.23 07:32:22.958,2.1038,2.1048,1.00,1.60
2010.06.23 07:32:28.125,2.1037,2.10465,1.00,1.60
2010.06.23 07:32:28.321,2.1037,2.10465,1.00,1.70
2010.06.23 07:32:28.512,2.10375,2.10465,1.00,1.00
2010.06.23 07:32:30.367,2.1037,2.10465,1.00,1.70
2010.06.23 07:32:31.185,2.1037,2.10465,1.00,1.60
2010.06.23 07:32:31.347,2.10375,2.10465,1.10,1.60
2010.06.23 07:32:31.822,2.10375,2.10475,1.10,1.00
2010.06.23 07:32:32.120,2.1037,2.10465,1.00,1.60
2010.06.23 07:32:33.758,2.10375,2.10475,1.00,1.00
2010.06.23 07:32:35.128,2.10375,2.10465,1.00,1.60
2010.06.23 07:32:35.481,2.1037,2.10465,1.00,1.60
2010.06.23 07:32:36.865,2.10355,2.1045,1.00,1.60
2010.06.23 07:32:44.578,2.1037,2.1045,1.00,1.60
2010.06.23 07:32:44.717,2.1037,2.10455,1.00,1.60
2010.06.23 07:32:44.999,2.10375,2.10465,1.00,1.60
2010.06.23 07:32:47.257,2.1039,2.10465,1.00,1.60
2010.06.23 07:32:47.725,2.1039,2.1048,1.00,1.00
2010.06.23 07:32:48.071,2.10375,2.10465,1.00,1.60
2010.06.23 07:32:52.358,2.1037,2.10465,1.00,1.60
2010.06.23 07:32:53.661,2.10365,2.10465,1.00,1.60
2010.06.23 07:32:55.667,2.10375,2.10465,1.00,1.60
2010.06.23 07:32:59.070,2.10385,2.1048,1.00,1.60
2010.06.23 07:33:02.130,2.1039,2.10495,1.00,1.70
2010.06.23 07:33:04.452,2.10375,2.1048,1.00,1.60
2010.06.23 07:33:04.731,2.1037,2.10475,1.00,1.00
2010.06.23 07:33:04.868,2.1037,2.10465,1.00,1.60
2010.06.23 07:33:08.809,2.10365,2.10475,1.60,1.00
2010.06.23 07:33:09.614,2.10375,2.1048,1.00,1.60
2010.06.23 07:33:13.797,2.10365,2.10465,2.40,1.60
2010.06.23 07:33:13.927,2.10365,2.10465,3.20,1.60
2010.06.23 07:33:14.063,2.10365,2.10465,2.10,1.60
2010.06.23 07:33:14.197,2.10365,2.10465,1.30,1.60
2010.06.23 07:33:14.326,2.10365,2.10465,1.00,1.60
2010.06.23 07:33:15.410,2.10365,2.10465,1.30,1.60
2010.06.23 07:33:17.287,2.10375,2.1048,1.00,1.60
2010.06.23 07:33:17.975,2.10365,2.10465,1.30,1.60
2010.06.23 07:33:18.184,2.10365,2.10465,2.10,1.60
2010.06.23 07:33:18.390,2.10365,2.10465,1.60,1.60
2010.06.23 07:33:19.049,2.1036,2.10465,1.00,1.60
2010.06.23 07:33:19.388,2.1036,2.10465,1.00,1.70
2010.06.23 07:33:19.727,2.1036,2.10465,1.00,1.00
2010.06.23 07:33:20.069,2.1037,2.10475,1.00,1.00
2010.06.23 07:33:20.553,2.1037,2.10465,1.00,1.60
2010.06.23 07:33:20.864,2.10385,2.1048,1.00,1.60
2010.06.23 07:33:21.172,2.1039,2.10485,1.00,1.00
2010.06.23 07:33:21.993,2.10385,2.1048,1.30,1.60
2010.06.23 07:33:24.458,2.10385,2.1048,1.00,1.60
2010.06.23 07:33:26.058,2.10405,2.10515,1.00,1.00
2010.06.23 07:33:26.222,2.10425,2.10525,1.00,1.70
2010.06.23 07:33:26.784,2.1042,2.10525,1.00,1.60
2010.06.23 07:33:27.133,2.10415,2.1053,1.00,1.00
2010.06.23 07:33:28.211,2.10405,2.10515,1.00,1.00
2010.06.23 07:33:28.555,2.1042,2.10525,1.00,3.30
2010.06.23 07:33:29.353,2.1042,2.10525,1.00,2.50
2010.06.23 07:33:29.695,2.10405,2.10525,1.00,3.10
2010.06.23 07:33:30.589,2.10405,2.10505,1.00,1.00
2010.06.23 07:33:32.297,2.10405,2.10515,1.00,1.00
2010.06.23 07:33:33.760,2.10405,2.10505,1.00,1.00
2010.06.23 07:33:34.546,2.10405,2.10515,1.00,1.00
2010.06.23 07:33:35.349,2.10405,2.10515,1.30,1.00
2010.06.23 07:33:35.879,2.10405,2.10505,1.30,1.00
2010.06.23 07:33:36.347,2.10415,2.10505,1.00,1.00
2010.06.23 07:33:36.489,2.10415,2.10515,1.00,1.00
2010.06.23 07:33:37.169,2.10415,2.10515,1.30,1.00
2010.06.23 07:33:37.511,2.10415,2.10515,1.00,1.00
2010.06.23 07:33:38.531,2.10415,2.10515,1.30,1.00
2010.06.23 07:33:38.829,2.10415,2.10525,1.30,1.00
2010.06.23 07:33:39.127,2.10415,2.10525,1.00,1.00
2010.06.23 07:33:41.317,2.10415,2.10525,1.30,1.00
2010.06.23 07:33:43.238,2.10415,2.10525,2.10,1.00
2010.06.23 07:33:43.927,2.1042,2.10535,1.90,1.50
2010.06.23 07:33:44.174,2.10445,2.1051,1.00,1.60
2010.06.23 07:33:44.991,2.1038,2.10495,1.00,1.30
2010.06.23 07:33:45.331,2.10405,2.10505,1.10,1.00
2010.06.23 07:33:45.668,2.10415,2.1051,1.10,1.00
2010.06.23 07:33:46.184,2.10415,2.1053,1.10,1.00
2010.06.23 07:33:46.394,2.10425,2.1053,1.00,1.00
2010.06.23 07:33:46.800,2.1042,2.1053,1.00,1.00
2010.06.23 07:33:47.774,2.1042,2.10525,1.00,1.00
2010.06.23 07:33:48.460,2.1041,2.10525,1.00,1.50
2010.06.23 07:33:48.761,2.1042,2.10525,1.00,1.00
2010.06.23 07:33:49.540,2.1042,2.10525,1.00,1.70
2010.06.23 07:33:50.079,2.1042,2.10525,1.00,1.00
2010.06.23 07:33:50.347,2.1042,2.1053,1.00,1.60
2010.06.23 07:33:53.827,2.10425,2.1053,1.00,1.60
2010.06.23 07:33:54.703,2.1042,2.1052,1.00,1.00
2010.06.23 07:33:55.708,2.10425,2.1052,1.00,1.00
2010.06.23 07:33:55.897,2.10425,2.1053,1.60,1.00
2010.06.23 07:33:56.235,2.1041,2.10525,1.30,1.00
2010.06.23 07:33:57.645,2.1043,2.10535,1.00,1.00
2010.06.23 07:33:57.925,2.1043,2.10545,1.60,1.70
2010.06.23 07:33:58.822,2.1043,2.10545,1.60,1.60
2010.06.23 07:33:59.080,2.10425,2.1054,1.00,1.30
2010.06.23 07:33:59.811,2.1043,2.10535,1.00,1.60
2010.06.23 07:34:00.156,2.10425,2.10525,1.00,1.60
2010.06.23 07:34:00.502,2.10405,2.1052,1.50,1.30
2010.06.23 07:34:00.852,2.104,2.10505,1.00,1.60
2010.06.23 07:34:01.611,2.1041,2.1052,1.00,3.20
2010.06.23 07:34:03.362,2.104,2.1052,1.00,3.70
2010.06.23 07:34:03.642,2.1042,2.1052,1.00,3.20
2010.06.23 07:34:03.921,2.1042,2.1052,1.00,1.60
2010.06.23 07:34:04.965,2.1042,2.10515,1.00,1.60
2010.06.23 07:34:06.077,2.1041,2.10515,1.00,1.60
2010.06.23 07:34:06.621,2.1041,2.10515,1.00,1.00
2010.06.23 07:34:06.822,2.1041,2.1052,1.00,2.40
2010.06.23 07:34:08.089,2.1041,2.1052,1.60,1.00
2010.06.23 07:34:08.718,2.1042,2.10525,1.00,2.40
2010.06.23 07:34:08.914,2.10425,2.10535,1.00,4.90
2010.06.23 07:34:10.690,2.10425,2.10535,1.00,3.30
2010.06.23 07:34:13.321,2.10425,2.10535,1.00,4.00
2010.06.23 07:34:13.664,2.1042,2.10525,1.00,1.70
2010.06.23 07:34:14.333,2.10425,2.10535,1.00,4.10
2010.06.23 07:34:14.641,2.10425,2.10535,1.00,4.90
2010.06.23 07:34:14.939,2.10425,2.10535,1.00,4.80
2010.06.23 07:34:15.904,2.10425,2.10535,1.00,4.00
2010.06.23 07:34:16.122,2.10415,2.10525,1.00,2.50
2010.06.23 07:34:16.838,2.10425,2.10525,1.00,1.00
2010.06.23 07:34:17.048,2.10425,2.1053,1.00,1.60
2010.06.23 07:34:17.850,2.10425,2.1053,1.00,1.00
2010.06.23 07:34:20.497,2.10425,2.10525,1.00,1.00
2010.06.23 07:34:20.918,2.10425,2.10515,1.00,3.20
2010.06.23 07:34:21.059,2.10425,2.10505,1.00,1.60
2010.06.23 07:34:21.197,2.10405,2.10505,1.00,1.60
2010.06.23 07:34:21.789,2.10405,2.10505,1.00,2.40
2010.06.23 07:34:21.940,2.1039,2.105,1.00,1.60
2010.06.23 07:34:24.488,2.1039,2.10485,1.00,1.00
2010.06.23 07:34:25.016,2.1039,2.10485,1.00,1.60
2010.06.23 07:34:25.124,2.1037,2.10475,1.00,1.00
2010.06.23 07:34:26.842,2.10375,2.10475,1.00,1.00
2010.06.23 07:34:27.087,2.1037,2.10475,1.00,1.00
2010.06.23 07:34:28.931,2.10365,2.10475,1.70,1.60
2010.06.23 07:34:29.082,2.10375,2.1048,1.00,1.60
2010.06.23 07:34:29.230,2.10375,2.10485,1.00,1.60
2010.06.23 07:34:29.688,2.1039,2.10495,1.00,1.60
2010.06.23 07:34:29.918,2.104,2.10495,1.00,1.00
2010.06.23 07:34:30.150,2.10395,2.10505,1.10,3.90
2010.06.23 07:34:30.378,2.1039,2.10505,1.60,2.30
2010.06.23 07:34:30.842,2.1039,2.10505,1.60,1.50
2010.06.23 07:34:31.040,2.104,2.1051,1.00,1.60
2010.06.23 07:34:33.471,2.1039,2.105,1.00,1.60
2010.06.23 07:34:34.077,2.10395,2.105,1.00,1.60
2010.06.23 07:34:35.098,2.104,2.105,1.00,1.60
2010.06.23 07:34:35.418,2.104,2.10505,1.00,1.00
2010.06.23 07:34:40.551,2.10405,2.10505,1.00,1.00
2010.06.23 07:34:40.887,2.10405,2.10515,1.00,1.70
2010.06.23 07:34:43.524,2.104,2.10515,1.00,1.70
2010.06.23 07:34:43.591,2.10405,2.10515,1.00,1.70
2010.06.23 07:34:45.342,2.10405,2.10515,1.60,1.70
2010.06.23 07:34:45.711,2.10405,2.1053,3.20,1.00
2010.06.23 07:34:46.312,2.1041,2.10535,1.10,2.40
2010.06.23 07:34:46.430,2.1042,2.10525,1.00,1.60
2010.06.23 07:34:46.541,2.104,2.10515,1.00,2.10
2010.06.23 07:34:48.074,2.10385,2.105,1.60,1.00
2010.06.23 07:34:48.628,2.10385,2.105,1.00,1.00
2010.06.23 07:34:48.945,2.10385,2.10505,1.00,3.90
2010.06.23 07:34:50.237,2.10385,2.10495,1.00,1.00
2010.06.23 07:34:50.477,2.10385,2.10495,1.00,1.70
2010.06.23 07:34:51.766,2.1039,2.10495,1.00,1.60
2010.06.23 07:34:52.046,2.104,2.10495,1.00,1.70
2010.06.23 07:34:52.794,2.10395,2.105,1.00,1.60
2010.06.23 07:34:53.484,2.1041,2.10505,1.00,1.00
2010.06.23 07:34:54.305,2.104,2.10505,1.60,2.40
2010.06.23 07:34:54.656,2.104,2.10505,1.00,1.60
2010.06.23 07:34:55.458,2.1038,2.1049,1.00,1.60
2010.06.23 07:34:56.063,2.10375,2.1049,1.00,2.90
2010.06.23 07:34:56.906,2.10375,2.10475,1.00,1.60
2010.06.23 07:34:57.098,2.10375,2.1048,1.00,1.00
2010.06.23 07:34:57.703,2.1038,2.1049,1.00,1.00
2010.06.23 07:34:58.507,2.104,2.1051,1.00,1.00
2010.06.23 07:34:58.778,2.10415,2.10515,1.00,1.60
2010.06.23 07:34:59.511,2.10405,2.10515,1.10,2.90
2010.06.23 07:34:59.813,2.104,2.10515,1.00,2.10
2010.06.23 07:35:00.119,2.104,2.10515,1.00,2.30
2010.06.23 07:35:02.138,2.104,2.10515,1.30,2.30
2010.06.23 07:35:02.982,2.104,2.10515,1.30,1.70
2010.06.23 07:35:04.183,2.104,2.10515,1.30,2.30
2010.06.23 07:35:04.533,2.1041,2.10505,1.00,1.60
2010.06.23 07:35:04.883,2.10415,2.1052,1.00,1.60
2010.06.23 07:35:05.230,2.1041,2.1051,1.00,1.60
2010.06.23 07:35:05.827,2.10405,2.1051,1.00,1.60
2010.06.23 07:35:06.127,2.10415,2.1053,1.00,1.60
2010.06.23 07:35:06.896,2.1041,2.1052,1.00,2.40
2010.06.23 07:35:07.173,2.10405,2.1052,1.00,2.90
2010.06.23 07:35:08.253,2.1041,2.1052,1.00,2.40
2010.06.23 07:35:08.606,2.1042,2.1053,1.00,1.00
2010.06.23 07:35:09.701,2.10425,2.1053,1.00,1.00
2010.06.23 07:35:10.042,2.1043,2.1053,1.00,1.00
2010.06.23 07:35:12.437,2.1042,2.1053,1.00,1.00
2010.06.23 07:35:12.697,2.1042,2.10525,1.00,1.00
2010.06.23 07:35:13.298,2.1042,2.1052,1.00,2.40
2010.06.23 07:35:13.577,2.104,2.10505,1.00,1.60
2010.06.23 07:35:13.849,2.104,2.10515,1.00,1.70
2010.06.23 07:35:14.414,2.104,2.10505,1.00,1.60
2010.06.23 07:35:14.741,2.1039,2.10505,1.00,2.10
2010.06.23 07:35:15.069,2.1039,2.105,1.00,1.00
2010.06.23 07:35:17.160,2.1039,2.10495,1.00,1.00
2010.06.23 07:35:18.709,2.10395,2.10495,1.00,1.00
2010.06.23 07:35:19.399,2.1039,2.10495,1.00,1.00
2010.06.23 07:35:20.187,2.1039,2.1049,1.00,1.00
2010.06.23 07:35:20.507,2.1038,2.10485,1.00,1.00
2010.06.23 07:35:21.700,2.10395,2.10505,1.00,2.50
2010.06.23 07:35:21.901,2.10405,2.10505,1.00,1.00
2010.06.23 07:35:24.225,2.1042,2.1051,1.00,1.00
2010.06.23 07:35:24.562,2.10445,2.10535,1.00,1.00
2010.06.23 07:35:24.903,2.1044,2.10555,1.00,1.60
2010.06.23 07:35:25.964,2.1045,2.10555,1.10,1.30
2010.06.23 07:35:26.291,2.1045,2.1056,1.00,1.60
2010.06.23 07:35:28.758,2.1046,2.10565,1.00,3.30
2010.06.23 07:35:28.983,2.1044,2.1055,1.00,2.40
2010.06.23 07:35:30.309,2.1044,2.1055,1.30,2.40
2010.06.23 07:35:30.449,2.1044,2.1055,1.00,2.40
2010.06.23 07:35:34.235,2.1044,2.10545,1.00,1.60
2010.06.23 07:35:36.301,2.1044,2.10545,1.00,1.00
2010.06.23 07:35:36.587,2.1044,2.1055,1.00,1.60
2010.06.23 07:35:38.713,2.10465,2.1055,1.00,1.60
2010.06.23 07:35:39.019,2.10445,2.1055,1.00,2.40
2010.06.23 07:35:39.168,2.1044,2.1055,1.00,2.40
2010.06.23 07:35:41.091,2.10455,2.1055,1.30,1.60
2010.06.23 07:35:41.309,2.1044,2.1055,1.30,1.60
2010.06.23 07:35:42.698,2.1044,2.10545,1.30,1.00
2010.06.23 07:35:45.397,2.1044,2.1055,1.30,1.60
2010.06.23 07:35:45.728,2.1044,2.10545,1.30,1.00
2010.06.23 07:35:49.577,2.10445,2.1055,1.00,1.60
2010.06.23 07:35:49.680,2.10445,2.1055,1.30,1.60
2010.06.23 07:35:50.460,2.10445,2.10545,1.00,1.00
2010.06.23 07:35:50.768,2.10445,2.10545,1.00,1.00
2010.06.23 07:35:51.078,2.10445,2.1055,1.00,1.60
2010.06.23 07:35:51.627,2.10445,2.10545,1.00,1.00
2010.06.23 07:35:52.424,2.10435,2.10545,1.00,1.00
2010.06.23 07:36:06.563,2.10435,2.10535,1.00,1.00
2010.06.23 07:36:06.780,2.10425,2.1052,1.10,1.60
2010.06.23 07:36:07.303,2.10425,2.1051,1.10,1.00
2010.06.23 07:36:07.372,2.10385,2.1051,1.50,1.00
2010.06.23 07:36:08.020,2.10385,2.10505,1.60,1.00
2010.06.23 07:36:08.358,2.10385,2.1051,2.40,1.00
2010.06.23 07:36:09.133,2.10385,2.1051,3.20,1.00
2010.06.23 07:36:09.545,2.10385,2.10505,3.20,1.00
2010.06.23 07:36:12.018,2.10395,2.10505,1.50,1.00
2010.06.23 07:36:13.233,2.10395,2.10505,1.00,1.00
2010.06.23 07:36:13.606,2.10385,2.10505,1.00,1.00
2010.06.23 07:36:13.954,2.104,2.1051,1.00,1.60
2010.06.23 07:36:14.573,2.10395,2.1051,1.00,1.60
2010.06.23 07:36:14.740,2.1039,2.10505,1.00,1.30
2010.06.23 07:36:14.922,2.10405,2.10515,1.10,1.00
2010.06.23 07:36:15.845,2.10405,2.1051,1.00,1.00
2010.06.23 07:36:17.884,2.10405,2.10505,1.00,1.00
2010.06.23 07:36:17.952,2.10405,2.10505,1.10,1.00
2010.06.23 07:36:18.529,2.10405,2.1052,1.10,1.60
2010.06.23 07:36:18.607,2.10415,2.1051,1.00,1.00
2010.06.23 07:36:19.185,2.10415,2.10505,1.00,2.40
2010.06.23 07:36:19.536,2.1039,2.10495,1.60,1.00
2010.06.23 07:36:20.087,2.1039,2.10495,1.00,1.00
2010.06.23 07:36:20.433,2.1039,2.10515,1.00,1.00
2010.06.23 07:36:20.782,2.1039,2.1051,1.10,1.60
2010.06.23 07:36:21.594,2.1038,2.10505,2.40,1.00
2010.06.23 07:36:21.838,2.1039,2.10505,1.60,1.00
2010.06.23 07:36:22.082,2.1039,2.10495,1.60,1.60
2010.06.23 07:36:22.639,2.1039,2.10495,1.00,1.60
2010.06.23 07:36:22.874,2.1041,2.10515,1.00,1.00
2010.06.23 07:36:24.044,2.1042,2.1051,1.00,2.40
2010.06.23 07:36:24.872,2.1042,2.10515,1.00,1.00
2010.06.23 07:36:25.228,2.1042,2.10525,1.00,1.60
2010.06.23 07:36:25.991,2.10415,2.10525,1.00,1.60
2010.06.23 07:36:26.308,2.10405,2.1052,1.60,1.00
2010.06.23 07:36:26.629,2.10395,2.10505,1.00,1.00
2010.06.23 07:36:27.464,2.1041,2.1051,1.00,1.60
2010.06.23 07:36:27.811,2.1041,2.10515,1.00,1.00
2010.06.23 07:36:28.338,2.10405,2.10515,1.00,1.00
2010.06.23 07:36:28.690,2.1043,2.1052,1.00,1.00
2010.06.23 07:36:29.034,2.10435,2.1054,1.00,1.00
2010.06.23 07:36:29.831,2.10435,2.1056,2.40,1.60
2010.06.23 07:36:30.175,2.10465,2.10565,1.00,1.00
2010.06.23 07:36:30.522,2.10465,2.10575,1.00,1.70
2010.06.23 07:36:31.221,2.10465,2.10565,1.00,1.00
2010.06.23 07:36:31.473,2.1044,2.10555,3.20,1.00
2010.06.23 07:36:31.725,2.10435,2.1054,1.50,1.00
2010.06.23 07:36:32.478,2.10435,2.1055,1.00,4.80
2010.06.23 07:36:32.764,2.1044,2.10555,2.40,1.00
2010.06.23 07:36:33.111,2.10435,2.1055,1.30,1.00
2010.06.23 07:36:33.807,2.10435,2.10545,1.30,1.00
2010.06.23 07:36:34.727,2.10435,2.10535,1.30,1.00
2010.06.23 07:36:38.149,2.1044,2.10555,1.30,1.60
2010.06.23 07:36:38.486,2.1044,2.1055,1.00,1.30
2010.06.23 07:36:39.317,2.10455,2.1056,1.00,1.00
2010.06.23 07:36:39.627,2.1046,2.1056,1.00,1.00
2010.06.23 07:36:45.241,2.1046,2.10555,1.00,1.00
2010.06.23 07:36:47.840,2.10455,2.1055,1.00,1.00
2010.06.23 07:36:48.099,2.10475,2.10545,1.00,1.60
2010.06.23 07:36:48.361,2.1047,2.10565,1.00,1.00
2010.06.23 07:36:48.620,2.1046,2.1056,1.00,2.40
2010.06.23 07:36:48.880,2.1046,2.10555,1.00,1.60
2010.06.23 07:36:49.562,2.10465,2.1056,2.00,1.60
2010.06.23 07:36:49.893,2.1047,2.10565,1.00,2.40
2010.06.23 07:36:50.389,2.1047,2.10565,1.00,3.20
2010.06.23 07:36:51.450,2.1047,2.1057,1.00,2.40
2010.06.23 07:36:52.648,2.10465,2.1057,1.60,1.60
2010.06.23 07:36:52.989,2.10475,2.1058,1.00,1.60
2010.06.23 07:36:53.738,2.1048,2.10585,1.00,1.00
2010.06.23 07:36:54.055,2.10485,2.10585,1.00,1.00
2010.06.23 07:36:54.368,2.10485,2.1056,1.00,2.40
2010.06.23 07:36:55.143,2.10465,2.1057,1.00,1.00
2010.06.23 07:36:57.380,2.10465,2.10565,1.00,1.00
2010.06.23 07:36:57.993,2.10465,2.1055,1.00,1.00
2010.06.23 07:36:58.759,2.1046,2.1055,1.00,1.60
2010.06.23 07:36:59.553,2.1046,2.1055,1.00,1.00
2010.06.23 07:36:59.777,2.10455,2.10545,1.00,1.60
2010.06.23 07:37:00.008,2.1045,2.10545,1.00,1.00
2010.06.23 07:37:00.238,2.1046,2.1055,1.00,1.60
2010.06.23 07:37:01.092,2.1046,2.1055,1.00,2.40
2010.06.23 07:37:03.160,2.1046,2.1054,1.00,1.60
2010.06.23 07:37:04.532,2.1046,2.10535,1.00,1.00
2010.06.23 07:37:04.886,2.1045,2.1053,1.00,1.60
2010.06.23 07:37:05.233,2.1045,2.10535,1.00,1.00
2010.06.23 07:37:05.985,2.1045,2.1055,1.00,1.00
2010.06.23 07:37:06.299,2.1045,2.1055,1.00,2.40
2010.06.23 07:37:08.148,2.1045,2.1053,1.00,1.00
2010.06.23 07:37:08.348,2.10445,2.10525,1.00,1.00
2010.06.23 07:37:08.879,2.1045,2.10525,1.00,1.00
2010.06.23 07:37:09.033,2.1046,2.1054,1.00,1.00
2010.06.23 07:37:09.179,2.1045,2.1054,1.60,1.00
2010.06.23 07:37:09.329,2.1045,2.1053,1.00,1.00
2010.06.23 07:37:09.758,2.1045,2.10535,1.00,1.60
2010.06.23 07:37:09.908,2.1045,2.1054,1.00,2.40
2010.06.23 07:37:10.058,2.1045,2.10535,1.00,1.00
2010.06.23 07:37:10.864,2.10445,2.1053,1.00,2.40
2010.06.23 07:37:11.229,2.10445,2.10525,1.00,1.00
2010.06.23 07:37:11.329,2.10445,2.1052,1.00,1.60
2010.06.23 07:37:12.183,2.10445,2.10525,1.00,1.60
2010.06.23 07:37:12.775,2.10445,2.10525,1.00,1.00
2010.06.23 07:37:13.124,2.10455,2.10535,1.00,1.00
2010.06.23 07:37:13.924,2.10455,2.10545,1.00,1.00
2010.06.23 07:37:14.514,2.10455,2.10545,1.00,2.40
2010.06.23 07:37:15.369,2.10455,2.1054,1.00,1.60
2010.06.23 07:37:15.714,2.10435,2.1052,1.00,1.00
2010.06.23 07:37:15.931,2.1043,2.1052,1.00,1.00
2010.06.23 07:37:16.613,2.10445,2.1054,1.00,1.00
2010.06.23 07:37:17.651,2.10445,2.1053,1.00,1.00
2010.06.23 07:37:17.992,2.10445,2.10545,1.00,2.40
2010.06.23 07:37:18.343,2.10465,2.1055,1.00,1.00
2010.06.23 07:37:19.163,2.1047,2.1058,1.00,1.60
2010.06.23 07:37:22.248,2.10465,2.10575,1.00,1.00
2010.06.23 07:37:22.410,2.10455,2.10565,1.00,1.60
2010.06.23 07:37:24.068,2.10455,2.10565,1.00,1.00
2010.06.23 07:37:24.409,2.1045,2.10565,1.00,3.10
2010.06.23 07:37:25.454,2.10455,2.10565,1.00,2.40
2010.06.23 07:37:25.642,2.10465,2.10565,1.00,1.00
2010.06.23 07:37:25.831,2.10465,2.10575,1.00,3.30
2010.06.23 07:37:26.492,2.10465,2.10565,1.00,1.60
2010.06.23 07:37:26.800,2.10465,2.10565,1.00,1.70
2010.06.23 07:37:27.111,2.10455,2.10565,1.00,2.50
2010.06.23 07:37:27.418,2.10455,2.10565,1.00,1.00
2010.06.23 07:37:27.931,2.10455,2.10565,1.00,1.00
2010.06.23 07:37:28.181,2.10445,2.1056,1.00,1.30
2010.06.23 07:37:28.681,2.10435,2.1055,1.30,1.00
2010.06.23 07:37:29.462,2.1045,2.10555,1.00,1.00
2010.06.23 07:37:31.031,2.1045,2.10555,1.00,1.00
2010.06.23 07:37:31.669,2.1045,2.10555,1.00,1.00
2010.06.23 07:37:32.181,2.1045,2.10555,1.00,1.00
2010.06.23 07:37:32.283,2.1045,2.1056,1.00,1.00
2010.06.23 07:37:33.169,2.10435,2.1055,1.00,1.00
2010.06.23 07:37:33.774,2.10435,2.1055,2.10,1.00
2010.06.23 07:37:33.956,2.1044,2.10545,1.00,1.00
2010.06.23 07:37:34.610,2.1044,2.10545,1.00,1.00
2010.06.23 07:37:35.674,2.1044,2.10535,1.00,1.00
2010.06.23 07:37:39.433,2.10445,2.10555,1.00,3.10
2010.06.23 07:37:39.488,2.10445,2.10545,1.00,1.00
2010.06.23 07:37:39.748,2.1044,2.10545,1.60,1.00
2010.06.23 07:37:40.285,2.1044,2.10545,1.00,1.00
2010.06.23 07:37:42.451,2.10445,2.10555,1.00,1.00
2010.06.23 07:37:42.641,2.10445,2.10555,1.30,1.70
2010.06.23 07:37:42.828,2.10445,2.10555,1.00,1.70
2010.06.23 07:37:43.017,2.1044,2.10555,1.30,2.50
2010.06.23 07:37:46.809,2.1044,2.10555,1.30,1.00
2010.06.23 07:37:46.939,2.10445,2.10555,1.00,2.50
2010.06.23 07:37:47.869,2.1045,2.10555,1.00,2.50
2010.06.23 07:37:48.211,2.1045,2.10555,1.00,2.40
2010.06.23 07:37:48.553,2.1046,2.10575,1.30,2.50
2010.06.23 07:37:49.349,2.1046,2.10575,2.10,1.70
2010.06.23 07:37:49.583,2.10465,2.10565,1.00,1.00
2010.06.23 07:37:50.246,2.10465,2.10575,1.00,1.70
2010.06.23 07:37:50.613,2.10465,2.10565,1.00,1.00
2010.06.23 07:37:51.494,2.10455,2.10565,1.30,1.70
2010.06.23 07:37:51.670,2.10455,2.10565,2.10,1.70
2010.06.23 07:37:52.826,2.10455,2.10565,2.10,2.50
2010.06.23 07:37:53.908,2.10455,2.10565,2.10,1.60
2010.06.23 07:37:54.068,2.1046,2.10565,1.30,1.70
2010.06.23 07:37:54.618,2.10465,2.10565,1.60,1.00
2010.06.23 07:37:54.853,2.1048,2.10585,1.00,1.00
2010.06.23 07:37:55.079,2.10485,2.1059,1.00,1.00
2010.06.23 07:37:55.308,2.10485,2.1059,1.60,1.00
2010.06.23 07:37:56.090,2.105,2.10595,1.30,1.60
2010.06.23 07:37:57.313,2.1049,2.10595,1.00,1.60
2010.06.23 07:37:57.940,2.1049,2.10595,1.00,3.20
2010.06.23 07:37:59.757,2.1049,2.10595,1.00,4.00
2010.06.23 07:38:00.380,2.1049,2.10595,1.00,3.20
2010.06.23 07:38:02.678,2.10485,2.10595,1.00,4.00
2010.06.23 07:38:02.960,2.10485,2.1059,1.00,1.60
2010.06.23 07:38:03.190,2.10485,2.10585,1.00,1.00
2010.06.23 07:38:03.860,2.1049,2.10585,1.00,1.00
2010.06.23 07:38:04.099,2.10485,2.1058,1.00,1.00
2010.06.23 07:38:04.328,2.10485,2.10585,1.00,1.00
2010.06.23 07:38:05.820,2.1046,2.1057,1.00,1.00
2010.06.23 07:38:06.162,2.10455,2.1057,1.00,1.60
2010.06.23 07:38:06.588,2.10455,2.10565,1.00,1.00
2010.06.23 07:38:09.280,2.10455,2.10565,1.00,1.60
2010.06.23 07:38:10.669,2.10435,2.1055,1.50,1.00
2010.06.23 07:38:10.888,2.10435,2.1055,1.00,2.90
2010.06.23 07:38:11.108,2.1044,2.1055,1.00,1.60
2010.06.23 07:38:11.329,2.10445,2.1055,1.00,1.00
2010.06.23 07:38:12.012,2.1045,2.10555,1.00,1.00
2010.06.23 07:38:12.169,2.1045,2.1056,1.00,1.00
2010.06.23 07:38:13.420,2.10445,2.1056,1.00,1.30
2010.06.23 07:38:13.759,2.10435,2.10555,1.50,1.00
2010.06.23 07:38:14.328,2.10435,2.10555,1.50,1.30
2010.06.23 07:38:14.597,2.10425,2.10535,1.00,1.00
2010.06.23 07:38:14.867,2.1042,2.10535,1.00,1.00
2010.06.23 07:38:15.632,2.1045,2.10545,1.00,1.00
2010.06.23 07:38:15.981,2.1044,2.1056,1.60,1.30
2010.06.23 07:38:16.571,2.1045,2.1056,1.00,1.00
2010.06.23 07:38:17.808,2.1044,2.1056,1.00,1.30
2010.06.23 07:38:21.308,2.1044,2.10555,1.00,1.00
2010.06.23 07:38:38.849,2.1045,2.10555,1.60,1.00
2010.06.23 07:38:39.029,2.1046,2.10565,1.00,1.00
2010.06.23 07:38:39.639,2.10465,2.10565,1.60,1.00
2010.06.23 07:38:39.822,2.10465,2.1058,1.60,1.30
2010.06.23 07:38:40.169,2.1046,2.1058,1.00,1.30
2010.06.23 07:38:40.512,2.10465,2.1058,1.60,1.30
2010.06.23 07:38:41.300,2.1047,2.1058,1.00,1.00
2010.06.23 07:38:41.519,2.1046,2.1058,1.00,1.30
2010.06.23 07:38:41.993,2.10465,2.1058,1.00,1.30
2010.06.23 07:38:42.665,2.10495,2.10585,1.60,1.00
2010.06.23 07:38:42.860,2.10495,2.1057,1.60,1.00
2010.06.23 07:38:43.052,2.10465,2.1056,1.60,1.60
2010.06.23 07:38:43.896,2.1043,2.10535,1.60,1.30
2010.06.23 07:38:44.243,2.10425,2.10535,2.10,3.20
2010.06.23 07:38:45.013,2.10425,2.1053,1.60,1.00
2010.06.23 07:38:45.312,2.10425,2.1054,2.80,1.30
2010.06.23 07:38:45.859,2.10435,2.10545,1.00,1.60
2010.06.23 07:38:46.211,2.10435,2.10545,1.00,1.60
2010.06.23 07:38:46.552,2.10435,2.10545,1.00,2.40
2010.06.23 07:38:47.331,2.1044,2.1054,1.00,1.00
2010.06.23 07:38:49.887,2.10445,2.1054,1.00,1.00
2010.06.23 07:38:50.038,2.10445,2.10545,1.00,3.20
2010.06.23 07:38:50.921,2.10445,2.10545,1.00,3.20
2010.06.23 07:38:52.965,2.10445,2.1054,1.00,1.00
2010.06.23 07:38:53.183,2.10445,2.10545,1.00,3.20
2010.06.23 07:38:53.550,2.10455,2.10545,1.00,1.60
2010.06.23 07:38:54.538,2.10455,2.1055,1.00,1.60
2010.06.23 07:38:54.883,2.10455,2.1055,3.20,2.40
2010.06.23 07:38:55.680,2.10455,2.10545,1.80,1.00
2010.06.23 07:38:56.025,2.1046,2.1055,1.00,1.00
2010.06.23 07:38:56.372,2.1046,2.10545,1.00,1.00
2010.06.23 07:39:00.588,2.10455,2.10545,1.10,1.00
2010.06.23 07:39:01.080,2.10455,2.10545,2.70,1.00
2010.06.23 07:39:01.314,2.1046,2.10545,1.00,1.00
2010.06.23 07:39:01.549,2.10455,2.1055,1.00,1.60
2010.06.23 07:39:01.781,2.10455,2.1055,1.00,1.00
2010.06.23 07:39:04.928,2.10455,2.1056,1.80,3.20
2010.06.23 07:39:05.595,2.1046,2.10555,1.00,1.60
2010.06.23 07:39:05.812,2.10455,2.10555,2.30,2.40
2010.06.23 07:39:06.020,2.1046,2.10555,1.00,1.60
2010.06.23 07:39:07.731,2.10465,2.1056,1.00,1.60
2010.06.23 07:39:09.098,2.1046,2.1056,1.00,1.60
2010.06.23 07:39:09.278,2.10455,2.1056,2.80,1.60
2010.06.23 07:39:09.548,2.1046,2.1056,1.00,1.60
2010.06.23 07:39:10.308,2.1046,2.1056,1.00,1.00
2010.06.23 07:39:11.662,2.10475,2.10575,1.00,2.40
2010.06.23 07:39:11.870,2.10475,2.10575,1.00,1.60
2010.06.23 07:39:13.907,2.10475,2.10575,1.00,2.40
2010.06.23 07:39:14.168,2.10475,2.10585,1.00,1.00
2010.06.23 07:39:14.805,2.10465,2.1058,1.00,1.00
2010.06.23 07:39:15.259,2.10465,2.1057,1.00,1.00
2010.06.23 07:39:15.538,2.10465,2.10565,1.00,1.00
2010.06.23 07:39:16.970,2.10475,2.1057,1.00,1.00
2010.06.23 07:39:17.298,2.10475,2.1058,1.00,3.20
2010.06.23 07:39:17.957,2.10475,2.10575,1.00,1.00
2010.06.23 07:39:18.264,2.1047,2.1058,1.00,3.20
2010.06.23 07:39:19.368,2.10475,2.10575,1.00,1.60
2010.06.23 07:39:19.917,2.10475,2.10575,1.00,1.00
2010.06.23 07:39:20.709,2.10475,2.10585,1.00,1.00
2010.06.23 07:39:20.889,2.10475,2.10575,1.00,1.00
2010.06.23 07:39:21.407,2.10475,2.1058,1.00,1.00
2010.06.23 07:39:21.587,2.10475,2.1058,1.00,1.00
2010.06.23 07:39:23.097,2.10475,2.1058,1.00,1.60
2010.06.23 07:39:23.441,2.10475,2.1058,1.00,1.00
2010.06.23 07:39:24.019,2.1048,2.10585,1.00,1.00
2010.06.23 07:39:24.280,2.10475,2.1058,1.00,1.60
2010.06.23 07:39:24.538,2.10475,2.1058,1.00,2.40
2010.06.23 07:39:25.258,2.10535,2.1058,1.00,1.00
2010.06.23 07:39:25.549,2.10535,2.10625,1.00,1.60
2010.06.23 07:39:26.110,2.10525,2.10625,1.00,1.60
2010.06.23 07:39:26.404,2.10505,2.10615,1.00,1.00
2010.06.23 07:39:26.592,2.10505,2.10615,1.00,1.60
2010.06.23 07:39:27.431,2.10505,2.1062,1.00,3.70
2010.06.23 07:39:28.697,2.10505,2.106,1.00,2.70
2010.06.23 07:39:28.858,2.1048,2.1059,2.30,1.00
2010.06.23 07:39:30.748,2.1052,2.10605,1.00,1.60
2010.06.23 07:39:30.968,2.10545,2.10625,1.00,1.60
2010.06.23 07:39:31.158,2.1054,2.10645,1.00,1.00
2010.06.23 07:39:31.348,2.10535,2.10645,1.00,1.00
2010.06.23 07:39:32.235,2.1053,2.10645,1.60,1.00
2010.06.23 07:39:32.400,2.10525,2.10625,1.00,1.00
2010.06.23 07:39:32.559,2.10525,2.10625,1.60,1.00
2010.06.23 07:39:32.717,2.10525,2.10635,1.00,1.30
2010.06.23 07:39:32.877,2.10515,2.10635,1.00,1.30
2010.06.23 07:39:33.841,2.1051,2.1062,3.50,1.00
2010.06.23 07:39:34.180,2.1051,2.10625,1.00,1.00
2010.06.23 07:39:34.860,2.10515,2.10635,1.00,2.40
2010.06.23 07:39:35.620,2.1051,2.10625,1.00,1.00
2010.06.23 07:39:36.128,2.10515,2.10625,1.10,1.00
2010.06.23 07:39:36.388,2.10525,2.1063,1.00,1.60
2010.06.23 07:39:36.899,2.10525,2.1063,1.00,1.00
2010.06.23 07:39:37.380,2.10525,2.10635,1.00,1.00
2010.06.23 07:39:37.654,2.1052,2.10635,1.00,1.30
2010.06.23 07:39:37.933,2.10525,2.10635,1.00,1.00
2010.06.23 07:39:38.167,2.10525,2.10635,1.00,1.00
2010.06.23 07:39:39.098,2.1054,2.1064,1.00,2.40
2010.06.23 07:39:39.324,2.1054,2.1064,1.00,1.60
2010.06.23 07:39:40.028,2.1054,2.1064,1.00,2.10
2010.06.23 07:39:40.247,2.10535,2.1064,1.00,2.10
2010.06.23 07:39:40.807,2.1053,2.1064,1.00,2.10
2010.06.23 07:39:42.066,2.10535,2.1064,1.50,2.10
2010.06.23 07:39:42.145,2.1054,2.1065,1.30,1.10
2010.06.23 07:39:42.221,2.1054,2.10645,1.00,1.00
2010.06.23 07:39:42.459,2.1054,2.1065,1.00,1.00
2010.06.23 07:39:42.699,2.1056,2.10655,1.00,1.60
2010.06.23 07:39:42.938,2.10555,2.10655,1.60,1.60
2010.06.23 07:39:43.668,2.1056,2.10655,1.00,1.60
2010.06.23 07:39:44.643,2.1056,2.1066,1.00,1.00
2010.06.23 07:39:44.681,2.1055,2.1066,1.50,1.00
2010.06.23 07:39:45.464,2.1055,2.1066,1.00,1.00
2010.06.23 07:39:45.637,2.10545,2.1066,1.50,1.30
2010.06.23 07:39:48.630,2.10545,2.1064,1.00,1.60
2010.06.23 07:39:48.895,2.10535,2.1064,1.50,1.60
2010.06.23 07:39:49.251,2.1054,2.1064,1.00,1.60
2010.06.23 07:39:49.428,2.10535,2.1064,1.50,1.60
2010.06.23 07:39:51.411,2.1054,2.1064,1.00,1.60
2010.06.23 07:39:51.542,2.10545,2.10655,1.00,3.20
2010.06.23 07:39:52.037,2.10545,2.10655,1.00,2.40
2010.06.23 07:39:52.174,2.10545,2.10655,1.00,3.20
2010.06.23 07:39:55.389,2.10545,2.10655,1.00,3.20
2010.06.23 07:39:55.517,2.1055,2.10655,1.00,3.20
2010.06.23 07:39:55.678,2.1055,2.10645,1.00,1.60
2010.06.23 07:39:55.989,2.1055,2.10645,1.00,1.00
2010.06.23 07:39:56.148,2.1055,2.1065,1.60,1.60
2010.06.23 07:39:56.632,2.10555,2.1065,1.00,1.60
2010.06.23 07:39:56.831,2.10565,2.1065,1.00,1.00
2010.06.23 07:39:57.028,2.10565,2.10655,1.00,1.60
2010.06.23 07:39:58.018,2.10565,2.1065,1.00,1.00
2010.06.23 07:39:58.338,2.10555,2.1066,1.00,1.00
2010.06.23 07:40:00.241,2.10555,2.1066,1.80,1.00
2010.06.23 07:40:00.477,2.10565,2.1066,1.00,1.00
2010.06.23 07:40:01.397,2.1056,2.1067,1.00,2.10
2010.06.23 07:40:02.233,2.10565,2.1067,2.10,1.60
2010.06.23 07:40:02.349,2.10575,2.1067,1.00,1.60
2010.06.23 07:40:02.899,2.1057,2.1067,1.60,1.60
2010.06.23 07:40:03.007,2.1057,2.1067,1.00,1.60
2010.06.23 07:40:03.118,2.10575,2.1067,1.00,1.60
2010.06.23 07:40:04.429,2.1057,2.1067,1.60,1.60
2010.06.23 07:40:04.459,2.1057,2.1067,1.00,1.60
2010.06.23 07:40:04.631,2.10565,2.1067,2.30,1.60
2010.06.23 07:40:04.777,2.10565,2.1067,2.10,1.60
2010.06.23 07:40:04.840,2.10565,2.1067,1.30,1.60
2010.06.23 07:40:06.273,2.1057,2.1067,1.00,1.60
2010.06.23 07:40:07.411,2.10575,2.1067,1.00,1.60
2010.06.23 07:40:08.140,2.1058,2.1068,1.50,1.00
2010.06.23 07:40:08.767,2.1058,2.10695,2.10,1.00
2010.06.23 07:40:08.908,2.1058,2.10695,1.30,1.00
2010.06.23 07:40:09.190,2.10585,2.10695,1.00,1.00
2010.06.23 07:40:11.668,2.10585,2.10695,1.70,1.00
2010.06.23 07:40:12.231,2.1059,2.107,1.00,3.50
2010.06.23 07:40:12.284,2.106,2.10685,1.00,1.60
2010.06.23 07:40:12.615,2.106,2.10695,1.00,1.60
2010.06.23 07:40:12.945,2.10595,2.1069,1.60,1.00
2010.06.23 07:40:13.756,2.1059,2.1068,1.60,1.00
2010.06.23 07:40:14.101,2.10585,2.10675,1.60,1.00
2010.06.23 07:40:14.929,2.1061,2.10725,1.00,1.00
2010.06.23 07:40:15.234,2.10625,2.10725,1.10,1.00
2010.06.23 07:40:15.530,2.1064,2.1075,1.00,1.60
2010.06.23 07:40:16.562,2.1064,2.10755,1.30,1.00
2010.06.23 07:40:17.549,2.1065,2.10765,1.00,3.20
2010.06.23 07:40:18.112,2.1065,2.10765,1.00,2.10
2010.06.23 07:40:18.424,2.10655,2.1075,1.60,1.00
2010.06.23 07:40:18.741,2.1064,2.1073,1.00,1.10
2010.06.23 07:40:19.521,2.10635,2.1073,1.00,1.10
2010.06.23 07:40:19.815,2.1061,2.1071,1.00,1.00
2010.06.23 07:40:20.689,2.10605,2.1071,1.50,1.00
2010.06.23 07:40:21.715,2.10595,2.1071,1.50,1.00
2010.06.23 07:40:21.831,2.10595,2.1071,1.00,1.00
2010.06.23 07:40:22.377,2.10595,2.1071,1.00,1.30
2010.06.23 07:40:22.930,2.10595,2.1071,1.00,3.20
2010.06.23 07:40:23.274,2.10585,2.107,1.00,1.00
2010.06.23 07:40:23.623,2.1058,2.10695,1.00,1.30
2010.06.23 07:40:24.751,2.10585,2.10695,1.00,1.30
2010.06.23 07:40:25.868,2.10585,2.1069,1.00,1.00
2010.06.23 07:40:26.079,2.10585,2.10685,1.00,1.60
2010.06.23 07:40:26.882,2.106,2.1069,1.00,1.00
2010.06.23 07:40:27.011,2.1057,2.1069,1.30,1.30
2010.06.23 07:40:27.141,2.1057,2.10685,1.30,1.00
2010.06.23 07:40:27.956,2.10565,2.1068,1.00,1.00
2010.06.23 07:40:28.311,2.1057,2.1068,1.00,1.00
2010.06.23 07:40:28.579,2.10575,2.1068,1.00,1.00
2010.06.23 07:40:29.310,2.106,2.10685,1.00,1.00
2010.06.23 07:40:29.515,2.1057,2.1069,1.00,1.00
2010.06.23 07:40:30.549,2.1057,2.1069,2.10,1.00
2010.06.23 07:40:30.895,2.1057,2.1069,1.60,1.00
2010.06.23 07:40:31.241,2.1057,2.1069,1.00,1.00
2010.06.23 07:40:32.027,2.1057,2.1069,2.10,1.00
2010.06.23 07:40:32.329,2.1058,2.1069,1.00,1.00
2010.06.23 07:40:33.280,2.10575,2.1069,1.50,3.20
2010.06.23 07:40:33.939,2.10575,2.1068,1.00,1.00
2010.06.23 07:40:34.138,2.10575,2.1069,1.00,1.00
2010.06.23 07:40:36.459,2.10575,2.1068,1.00,1.00
2010.06.23 07:40:39.261,2.10575,2.1069,1.00,1.60
2010.06.23 07:40:39.568,2.10575,2.10695,1.00,3.20
2010.06.23 07:40:40.049,2.10575,2.10695,1.00,3.40
2010.06.23 07:40:40.364,2.1057,2.1068,1.00,1.00
2010.06.23 07:40:42.484,2.10565,2.1068,1.50,1.00
2010.06.23 07:40:42.578,2.10565,2.1068,1.00,1.30
2010.06.23 07:40:42.758,2.10565,2.1068,1.00,1.30
2010.06.23 07:40:43.308,2.10565,2.1068,1.00,1.30
2010.06.23 07:40:45.043,2.10565,2.1068,1.00,2.10
2010.06.23 07:40:46.451,2.10565,2.1068,1.00,2.10
2010.06.23 07:40:46.609,2.10565,2.1068,1.00,2.10
2010.06.23 07:40:47.291,2.10565,2.1068,1.00,2.10
2010.06.23 07:40:48.407,2.10565,2.1068,1.00,2.10
2010.06.23 07:40:48.939,2.10565,2.1068,1.00,2.10
2010.06.23 07:40:49.112,2.1057,2.10685,1.00,1.60
2010.06.23 07:40:49.282,2.1057,2.1069,1.00,1.30
2010.06.23 07:40:51.430,2.10565,2.1067,1.00,1.00
2010.06.23 07:40:51.529,2.10565,2.10675,1.00,1.00
2010.06.23 07:40:51.629,2.10565,2.10675,1.00,1.00
2010.06.23 07:40:52.370,2.1056,2.10675,1.00,1.30
2010.06.23 07:40:52.563,2.10545,2.1066,3.50,1.00
2010.06.23 07:40:52.745,2.1055,2.10665,1.00,1.00
2010.06.23 07:40:53.385,2.1055,2.10665,1.00,1.60
2010.06.23 07:40:53.736,2.10545,2.1065,1.00,1.00
2010.06.23 07:40:54.083,2.10545,2.1065,2.30,1.00
2010.06.23 07:40:54.899,2.1055,2.1065,1.00,1.00
2010.06.23 07:40:57.102,2.10545,2.1065,1.00,1.00
2010.06.23 07:40:57.199,2.1054,2.1065,1.00,1.00
2010.06.23 07:40:58.485,2.10535,2.10645,1.30,1.00
2010.06.23 07:40:59.817,2.10525,2.10645,2.30,1.00
2010.06.23 07:41:00.067,2.10535,2.10645,1.00,1.00
2010.06.23 07:41:00.313,2.10535,2.10645,1.30,1.00
2010.06.23 07:41:01.024,2.1054,2.10645,1.00,1.00
2010.06.23 07:41:01.262,2.10545,2.10655,1.60,1.00
2010.06.23 07:41:01.502,2.10545,2.1066,2.30,1.00
2010.06.23 07:41:01.742,2.10555,2.1066,1.60,1.00
2010.06.23 07:41:02.692,2.1057,2.1067,1.50,1.00
2010.06.23 07:41:02.950,2.1057,2.10675,2.30,1.00
2010.06.23 07:41:03.206,2.10575,2.10675,1.60,1.00
2010.06.23 07:41:03.895,2.10575,2.10675,3.10,1.00
2010.06.23 07:41:04.214,2.10595,2.10695,1.60,1.60
2010.06.23 07:41:04.633,2.10595,2.1069,1.60,1.60
2010.06.23 07:41:05.776,2.10575,2.10675,1.00,1.10
2010.06.23 07:41:06.127,2.10585,2.1068,1.00,1.00
2010.06.23 07:41:06.314,2.1058,2.10685,1.00,1.00
2010.06.23 07:41:06.984,2.1057,2.10675,1.00,1.00
2010.06.23 07:41:07.170,2.10565,2.10675,1.00,1.00
2010.06.23 07:41:07.508,2.1056,2.10675,2.30,1.00
2010.06.23 07:41:08.791,2.10565,2.10675,1.00,1.00
2010.06.23 07:41:09.218,2.10575,2.10675,1.60,1.00
2010.06.23 07:41:09.439,2.1058,2.1068,1.00,1.00
2010.06.23 07:41:09.657,2.10575,2.1068,1.60,1.00
2010.06.23 07:41:10.310,2.10575,2.10675,1.60,1.60
2010.06.23 07:41:10.659,2.10555,2.10665,1.50,1.00
2010.06.23 07:41:11.541,2.10555,2.10665,1.70,1.00
2010.06.23 07:41:12.193,2.10555,2.10665,1.50,1.00
2010.06.23 07:41:12.540,2.10565,2.10665,1.00,1.00
2010.06.23 07:41:12.898,2.10565,2.10665,1.50,1.00
2010.06.23 07:41:13.712,2.10565,2.1067,1.50,1.60
2010.06.23 07:41:14.062,2.10565,2.1067,1.50,1.00
2010.06.23 07:41:14.400,2.10565,2.10675,1.50,1.00
2010.06.23 07:41:17.728,2.10565,2.10675,1.70,1.00
2010.06.23 07:41:17.867,2.1059,2.1069,1.00,1.00
2010.06.23 07:41:17.998,2.1059,2.107,1.00,1.00
2010.06.23 07:41:18.268,2.1059,2.10685,1.00,1.60
2010.06.23 07:41:18.989,2.1058,2.10675,1.30,1.60
2010.06.23 07:41:20.382,2.10545,2.10655,2.40,1.00
2010.06.23 07:41:21.385,2.10545,2.1065,1.60,1.00
2010.06.23 07:41:21.706,2.10545,2.10655,1.60,3.20
2010.06.23 07:41:22.022,2.10535,2.10645,2.30,1.00
2010.06.23 07:41:22.784,2.10535,2.10645,2.50,1.00
2010.06.23 07:41:23.437,2.10535,2.10645,2.30,1.00
2010.06.23 07:41:24.136,2.10535,2.10645,1.00,1.00
2010.06.23 07:41:24.820,2.10535,2.1064,1.00,1.00
2010.06.23 07:41:25.791,2.1053,2.10635,2.30,1.00
2010.06.23 07:41:27.153,2.1053,2.10635,1.60,1.00
2010.06.23 07:41:28.429,2.10525,2.1063,1.00,3.20
2010.06.23 07:41:28.558,2.10505,2.10625,1.50,1.00
2010.06.23 07:41:28.689,2.10505,2.10615,1.00,1.00
2010.06.23 07:41:29.371,2.105,2.10605,2.40,1.00
2010.06.23 07:41:30.865,2.1052,2.10605,1.00,1.00
2010.06.23 07:41:31.589,2.1052,2.1061,1.00,1.00
2010.06.23 07:41:32.561,2.1052,2.1062,2.30,1.10
2010.06.23 07:41:32.758,2.10525,2.10625,1.00,1.00
2010.06.23 07:41:34.009,2.10525,2.1062,1.00,1.00
2010.06.23 07:41:34.781,2.10525,2.10625,1.00,1.00
2010.06.23 07:41:34.902,2.10525,2.10625,1.60,1.00
2010.06.23 07:41:36.128,2.10525,2.10625,1.00,1.00
2010.06.23 07:41:38.929,2.10525,2.10625,2.30,1.00
2010.06.23 07:41:40.795,2.10525,2.10625,2.30,1.00
2010.06.23 07:41:41.142,2.10525,2.10625,2.30,1.00
2010.06.23 07:41:42.223,2.1053,2.10625,1.00,1.00
2010.06.23 07:41:42.442,2.1053,2.1063,1.50,1.00
2010.06.23 07:41:43.890,2.10535,2.1064,2.30,1.00
2010.06.23 07:41:44.932,2.10535,2.10635,2.30,1.00
2010.06.23 07:41:45.240,2.10535,2.10635,1.50,1.00
2010.06.23 07:41:45.549,2.10535,2.1064,1.50,1.00
2010.06.23 07:41:46.545,2.10535,2.1063,1.50,1.00
2010.06.23 07:41:47.429,2.10535,2.10635,1.50,1.00
2010.06.23 07:41:49.006,2.10535,2.10635,1.00,1.00
2010.06.23 07:41:49.448,2.10545,2.10635,1.00,1.00
2010.06.23 07:41:49.662,2.10535,2.1064,3.10,1.00
2010.06.23 07:41:49.771,2.1054,2.1064,1.50,1.00
2010.06.23 07:41:49.879,2.1054,2.10645,1.50,1.60
2010.06.23 07:41:50.499,2.1055,2.10655,1.60,1.00
2010.06.23 07:41:50.840,2.10555,2.10655,1.00,1.00
2010.06.23 07:41:51.650,2.10545,2.1064,2.30,1.00
2010.06.23 07:41:51.891,2.1054,2.10645,2.30,1.00
2010.06.23 07:41:52.358,2.1054,2.10645,1.50,1.00
2010.06.23 07:41:53.659,2.1054,2.1064,1.50,1.00
2010.06.23 07:41:54.788,2.1054,2.1064,1.00,1.00
2010.06.23 07:41:55.623,2.10545,2.10655,3.70,1.00
2010.06.23 07:41:56.237,2.10545,2.1066,3.70,1.00
2010.06.23 07:41:57.475,2.1053,2.1064,2.10,1.10
2010.06.23 07:41:57.503,2.10545,2.10645,1.00,1.00
2010.06.23 07:41:57.603,2.10545,2.1064,1.00,1.00
2010.06.23 07:41:58.068,2.10545,2.10635,1.00,1.00
2010.06.23 07:41:58.781,2.1054,2.1064,1.60,1.00
2010.06.23 07:41:59.659,2.1054,2.10635,1.60,1.00
2010.06.23 07:42:00.002,2.1054,2.10635,1.00,1.00
2010.06.23 07:42:00.836,2.10545,2.10625,1.00,1.00
2010.06.23 07:42:01.184,2.1053,2.10625,1.60,1.00
2010.06.23 07:42:02.005,2.1053,2.1064,1.60,1.00
2010.06.23 07:42:02.278,2.1052,2.1064,1.60,1.00
2010.06.23 07:42:02.552,2.10505,2.1063,1.80,1.00
2010.06.23 07:42:03.411,2.10505,2.10625,1.60,1.00
2010.06.23 07:42:04.945,2.105,2.1062,1.00,1.00
2010.06.23 07:42:06.279,2.10505,2.1062,1.60,1.00
2010.06.23 07:42:06.948,2.10525,2.1062,1.00,1.00
2010.06.23 07:42:07.218,2.1053,2.1063,1.00,1.00
2010.06.23 07:42:07.562,2.10525,2.1063,1.00,1.00
2010.06.23 07:42:09.476,2.1053,2.10645,1.00,1.80
2010.06.23 07:42:09.822,2.1053,2.1064,1.00,1.00
2010.06.23 07:42:10.164,2.10525,2.10635,1.00,1.10
2010.06.23 07:42:10.686,2.10525,2.10635,1.00,1.20
2010.06.23 07:42:11.041,2.1051,2.10625,1.00,1.00
2010.06.23 07:42:11.385,2.10505,2.10615,1.00,1.00
2010.06.23 07:42:11.632,2.10505,2.10615,1.60,1.00
2010.06.23 07:42:12.342,2.10505,2.10615,2.30,1.00
2010.06.23 07:42:12.600,2.10505,2.1062,3.70,1.00
2010.06.23 07:42:13.024,2.10505,2.10605,2.30,1.00
2010.06.23 07:42:13.233,2.10505,2.10615,1.00,1.00
2010.06.23 07:42:13.915,2.10505,2.10615,1.50,1.00
2010.06.23 07:42:14.260,2.10505,2.1062,2.10,1.00
2010.06.23 07:42:15.425,2.105,2.106,1.00,1.00
2010.06.23 07:42:15.744,2.10495,2.106,1.50,1.00
2010.06.23 07:42:16.219,2.10495,2.106,1.70,1.00
2010.06.23 07:42:16.565,2.10515,2.1063,1.50,1.60
2010.06.23 07:42:17.384,2.10515,2.1062,1.50,1.10
2010.06.23 07:42:17.633,2.10515,2.1064,1.50,1.90
2010.06.23 07:42:17.882,2.10535,2.1065,1.00,2.70
2010.06.23 07:42:18.130,2.10535,2.10655,1.50,1.60
2010.06.23 07:42:18.857,2.10545,2.10655,1.00,1.00
2010.06.23 07:42:19.202,2.10545,2.1066,1.00,1.60
2010.06.23 07:42:19.880,2.10545,2.10655,1.00,1.00
2010.06.23 07:42:20.738,2.1054,2.10655,1.00,1.80
2010.06.23 07:42:21.602,2.1054,2.10645,1.00,1.00
2010.06.23 07:42:22.084,2.1054,2.10655,1.00,1.80
2010.06.23 07:42:22.236,2.10525,2.10635,1.00,1.10
2010.06.23 07:42:23.155,2.10525,2.10635,1.50,1.10
2010.06.23 07:42:23.504,2.1053,2.10645,1.00,1.60
2010.06.23 07:42:25.189,2.10535,2.1064,1.30,1.10
2010.06.23 07:42:25.478,2.10535,2.1065,1.00,1.00
2010.06.23 07:42:26.184,2.1054,2.1066,2.40,1.00
2010.06.23 07:42:26.342,2.1055,2.10665,1.30,1.00
2010.06.23 07:42:27.695,2.1055,2.10665,2.10,1.00
2010.06.23 07:42:27.970,2.10555,2.10665,2.30,1.00
2010.06.23 07:42:28.237,2.10565,2.10675,1.60,2.10
2010.06.23 07:42:28.481,2.1056,2.1068,2.90,1.00
2010.06.23 07:42:29.184,2.10565,2.10675,1.00,1.00
2010.06.23 07:42:29.450,2.1057,2.10675,1.00,1.00
2010.06.23 07:42:30.013,2.1057,2.10665,1.00,1.00
2010.06.23 07:42:30.762,2.10555,2.1066,1.00,1.00
2010.06.23 07:42:31.106,2.1055,2.1067,2.90,1.00
2010.06.23 07:42:31.616,2.1055,2.10665,3.70,1.00
2010.06.23 07:42:31.886,2.1056,2.10665,1.00,1.00
2010.06.23 07:42:33.693,2.1056,2.1066,1.00,1.00
2010.06.23 07:42:33.931,2.10555,2.1066,1.60,1.00
2010.06.23 07:42:34.051,2.10555,2.1066,1.00,1.00
2010.06.23 07:42:34.813,2.1054,2.10655,1.00,1.00
2010.06.23 07:42:35.152,2.1054,2.1066,1.30,1.00
2010.06.23 07:42:35.496,2.1055,2.1066,1.60,1.00
2010.06.23 07:42:36.195,2.1055,2.10665,2.10,1.00
2010.06.23 07:42:36.546,2.10565,2.10675,1.00,1.00
2010.06.23 07:42:36.895,2.1056,2.1067,1.00,1.00
2010.06.23 07:42:37.065,2.10565,2.1068,1.00,2.40
2010.06.23 07:42:37.601,2.10565,2.1068,1.00,1.60
2010.06.23 07:42:37.776,2.10575,2.10685,3.90,1.00
2010.06.23 07:42:37.944,2.10585,2.107,2.10,1.30
2010.06.23 07:42:38.720,2.106,2.107,1.00,1.00
2010.06.23 07:42:40.523,2.106,2.10695,1.00,1.00
2010.06.23 07:42:40.772,2.10595,2.107,1.60,1.00
2010.06.23 07:42:41.437,2.10585,2.10695,1.30,1.00
2010.06.23 07:42:41.685,2.1055,2.1067,1.00,1.60
2010.06.23 07:42:42.031,2.10555,2.1067,1.60,1.10
2010.06.23 07:42:42.830,2.10555,2.1067,1.50,1.10
2010.06.23 07:42:43.662,2.10555,2.1067,1.00,1.10
2010.06.23 07:42:44.341,2.10555,2.1067,1.50,1.10
2010.06.23 07:42:45.545,2.10555,2.10665,1.50,1.00
2010.06.23 07:42:45.892,2.10555,2.10665,1.00,1.00
2010.06.23 07:42:46.597,2.1056,2.10665,1.50,1.00
2010.06.23 07:42:46.858,2.1056,2.1067,1.00,1.10
2010.06.23 07:42:47.984,2.1056,2.10675,1.00,1.00
2010.06.23 07:42:48.265,2.1057,2.10675,1.00,1.00
2010.06.23 07:42:48.542,2.1057,2.1068,1.00,1.60
2010.06.23 07:42:49.383,2.10575,2.107,1.00,1.60
2010.06.23 07:42:49.731,2.10575,2.10695,1.00,1.10
2010.06.23 07:42:50.574,2.10575,2.10695,1.00,1.90
2010.06.23 07:42:50.924,2.1057,2.1069,1.00,1.10
2010.06.23 07:42:52.419,2.1057,2.10685,1.00,1.00
2010.06.23 07:42:53.541,2.10565,2.10685,1.50,1.00
2010.06.23 07:42:53.811,2.10575,2.10695,1.00,2.80
2010.06.23 07:42:54.078,2.10575,2.10695,1.00,1.20
2010.06.23 07:42:54.609,2.10575,2.10695,1.00,2.80
2010.06.23 07:42:55.735,2.10615,2.10705,1.00,1.00
2010.06.23 07:42:55.941,2.10615,2.1071,1.00,1.00
2010.06.23 07:42:56.142,2.106,2.1071,1.00,2.40
2010.06.23 07:42:56.340,2.106,2.1071,1.00,2.70
2010.06.23 07:42:56.543,2.1058,2.1071,1.00,3.20
2010.06.23 07:42:57.185,2.1059,2.1071,1.00,1.60
2010.06.23 07:42:57.480,2.10615,2.10715,1.00,1.00
2010.06.23 07:42:59.030,2.1056,2.10655,3.10,1.00
2010.06.23 07:42:59.248,2.1056,2.10655,2.30,1.00
2010.06.23 07:42:59.468,2.1057,2.10655,1.00,1.00
2010.06.23 07:43:01.292,2.10565,2.10655,1.60,1.00
2010.06.23 07:43:02.287,2.10565,2.10655,1.60,1.00
2010.06.23 07:43:05.618,2.1057,2.10655,1.00,1.00
2010.06.23 07:43:08.599,2.1057,2.10665,1.00,1.10
2010.06.23 07:43:08.900,2.1058,2.10695,1.00,1.10
2010.06.23 07:43:09.108,2.1058,2.10705,1.00,1.00
2010.06.23 07:43:09.777,2.10595,2.1071,1.00,1.60
2010.06.23 07:43:10.036,2.106,2.10715,1.00,1.00
2010.06.23 07:43:10.550,2.10605,2.10725,1.00,2.60
2010.06.23 07:43:11.271,2.106,2.10715,1.30,1.00
2010.06.23 07:43:11.606,2.1058,2.10685,3.90,1.00
2010.06.23 07:43:12.361,2.10585,2.10695,1.00,1.00
2010.06.23 07:43:12.615,2.1059,2.10705,2.10,1.00
2010.06.23 07:43:13.329,2.10605,2.10705,1.60,1.00
2010.06.23 07:43:13.586,2.1062,2.10705,1.00,1.00
2010.06.23 07:43:13.932,2.1062,2.107,1.00,1.00
2010.06.23 07:43:15.121,2.106,2.10715,1.00,1.00
2010.06.23 07:43:15.395,2.1061,2.10725,1.60,1.00
2010.06.23 07:43:16.058,2.10615,2.1073,1.00,1.00
2010.06.23 07:43:16.405,2.1059,2.1071,3.20,1.60
2010.06.23 07:43:16.760,2.1061,2.10715,1.00,1.00
2010.06.23 07:43:17.538,2.10615,2.1072,1.00,2.70
2010.06.23 07:43:17.840,2.1061,2.10715,1.00,1.10
2010.06.23 07:43:18.603,2.10585,2.10705,1.90,1.00
2010.06.23 07:43:19.430,2.10585,2.1068,1.00,1.00
2010.06.23 07:43:19.778,2.1058,2.10685,1.00,1.60
2010.06.23 07:43:20.572,2.1055,2.10665,3.20,1.10
2010.06.23 07:43:20.922,2.10555,2.10665,1.00,1.90
2010.06.23 07:43:21.264,2.10555,2.10675,1.30,1.00
2010.06.23 07:43:22.024,2.1056,2.10675,1.00,1.00
2010.06.23 07:43:22.249,2.10565,2.10675,1.00,1.00
2010.06.23 07:43:27.784,2.10565,2.10675,1.00,1.80
2010.06.23 07:43:28.081,2.1054,2.1065,1.00,1.00
2010.06.23 07:43:28.225,2.10535,2.1064,1.50,1.00
2010.06.23 07:43:28.975,2.1054,2.1064,1.00,1.00
2010.06.23 07:43:29.109,2.1055,2.1064,1.60,1.00
2010.06.23 07:43:29.821,2.10555,2.1065,1.00,1.10
2010.06.23 07:43:30.166,2.106,2.107,1.00,1.00
2010.06.23 07:43:31.197,2.10595,2.10695,1.00,1.00
2010.06.23 07:43:31.420,2.1059,2.10695,1.00,1.00
2010.06.23 07:43:32.782,2.1058,2.1068,1.00,1.00
2010.06.23 07:43:33.019,2.10575,2.1068,1.00,1.00
2010.06.23 07:43:33.258,2.10575,2.1068,1.60,1.00
2010.06.23 07:43:33.501,2.10585,2.1068,1.00,1.00
2010.06.23 07:43:34.058,2.10585,2.10685,1.00,1.00
2010.06.23 07:43:34.419,2.1059,2.10695,1.00,2.10
2010.06.23 07:43:34.764,2.1059,2.10695,1.00,1.00
2010.06.23 07:43:35.024,2.1059,2.107,1.00,1.00
2010.06.23 07:43:35.740,2.10605,2.107,1.00,1.00
2010.06.23 07:43:36.070,2.10595,2.10695,1.00,1.00
2010.06.23 07:43:36.400,2.1059,2.107,1.60,1.00
2010.06.23 07:43:36.729,2.1058,2.1068,1.50,1.00
2010.06.23 07:43:37.471,2.10575,2.1069,3.10,1.00
2010.06.23 07:43:37.728,2.10575,2.1069,2.30,1.00
2010.06.23 07:43:39.619,2.10575,2.10685,1.00,1.00
2010.06.23 07:43:42.327,2.1057,2.10685,1.30,1.00
2010.06.23 07:43:43.462,2.10575,2.1067,1.00,1.10
2010.06.23 07:43:43.801,2.1057,2.10675,1.00,1.00
2010.06.23 07:43:44.143,2.10555,2.1068,1.00,4.80
2010.06.23 07:43:44.491,2.1056,2.10665,1.00,1.00
2010.06.23 07:43:44.799,2.1056,2.1068,2.70,1.00
2010.06.23 07:43:46.440,2.10565,2.1068,1.00,1.00
2010.06.23 07:43:48.129,2.1056,2.10675,1.20,1.10
2010.06.23 07:43:48.627,2.10555,2.10675,1.00,1.60
2010.06.23 07:43:48.862,2.10565,2.10685,2.10,2.10
2010.06.23 07:43:49.318,2.10565,2.10685,2.10,1.00
2010.06.23 07:43:49.549,2.10565,2.10685,2.90,1.00
2010.06.23 07:43:50.552,2.10565,2.10685,3.10,1.00
2010.06.23 07:43:55.149,2.1057,2.10685,1.50,1.00
2010.06.23 07:43:55.946,2.10585,2.10695,1.00,1.00
2010.06.23 07:43:57.103,2.106,2.10695,1.00,1.00
2010.06.23 07:43:57.359,2.1058,2.1068,1.00,1.00
2010.06.23 07:43:57.608,2.10575,2.1069,1.50,1.00
2010.06.23 07:43:57.859,2.10575,2.10675,1.00,1.00
2010.06.23 07:43:58.581,2.1057,2.10675,1.00,1.00
2010.06.23 07:43:58.861,2.1057,2.10675,1.50,1.00
2010.06.23 07:44:02.538,2.1057,2.10675,1.00,1.00
2010.06.23 07:44:04.738,2.10565,2.10675,1.50,1.00
2010.06.23 07:44:04.847,2.10565,2.10675,1.00,1.00
2010.06.23 07:44:04.958,2.10565,2.10675,1.00,1.00
2010.06.23 07:44:05.130,2.10565,2.10675,1.70,1.00
2010.06.23 07:44:05.298,2.1057,2.10675,1.60,1.00
2010.06.23 07:44:06.307,2.10575,2.10675,1.00,1.00
2010.06.23 07:44:06.454,2.1059,2.10655,1.00,1.00
2010.06.23 07:44:06.600,2.1055,2.10655,1.00,1.00
2010.06.23 07:44:06.739,2.1054,2.10645,1.00,1.00
2010.06.23 07:44:06.878,2.10545,2.1066,1.00,1.00
2010.06.23 07:44:07.019,2.1055,2.1066,1.10,1.00
2010.06.23 07:44:07.158,2.1056,2.1067,1.00,1.60
2010.06.23 07:44:08.172,2.1062,2.1067,1.00,1.60
2010.06.23 07:44:08.436,2.106,2.10675,1.00,1.00
2010.06.23 07:44:09.146,2.1056,2.10675,1.00,2.10
2010.06.23 07:44:10.174,2.10565,2.1068,1.60,1.00
2010.06.23 07:44:10.452,2.10565,2.1068,1.80,1.00
2010.06.23 07:44:10.731,2.10565,2.10685,1.80,1.00
2010.06.23 07:44:11.620,2.10565,2.1069,1.60,1.00
2010.06.23 07:44:12.029,2.10565,2.1069,2.40,1.00
2010.06.23 07:44:12.238,2.10565,2.1068,1.00,1.00
2010.06.23 07:44:12.900,2.10565,2.1068,1.00,1.00
2010.06.23 07:44:15.033,2.10585,2.1069,1.60,1.00
2010.06.23 07:44:15.280,2.1059,2.1069,1.00,1.00
2010.06.23 07:44:16.889,2.10615,2.10695,1.00,1.00
2010.06.23 07:44:17.461,2.10615,2.10695,1.60,1.00
2010.06.23 07:44:17.530,2.10615,2.107,1.60,1.00
2010.06.23 07:44:18.229,2.10615,2.10695,1.60,1.60
2010.06.23 07:44:18.521,2.1061,2.1068,1.00,1.00
2010.06.23 07:44:18.811,2.10585,2.10695,1.00,1.00
2010.06.23 07:44:19.562,2.1058,2.10695,1.00,1.00
2010.06.23 07:44:22.087,2.10575,2.10695,3.50,1.30
2010.06.23 07:44:23.516,2.10575,2.10685,1.00,1.00
2010.06.23 07:44:23.671,2.10565,2.10675,3.20,1.00
2010.06.23 07:44:23.815,2.1058,2.10675,1.00,1.00
2010.06.23 07:44:24.399,2.1058,2.1068,1.00,1.00
2010.06.23 07:44:24.541,2.10575,2.1067,1.00,1.00
2010.06.23 07:44:24.880,2.10555,2.1067,2.50,1.00
2010.06.23 07:44:25.218,2.10565,2.1067,1.00,1.00
2010.06.23 07:44:25.558,2.10565,2.1067,1.00,1.00
2010.06.23 07:44:26.660,2.10565,2.10665,1.60,1.00
2010.06.23 07:44:27.368,2.10555,2.10665,2.40,1.00
2010.06.23 07:44:27.474,2.10555,2.1067,1.60,2.10
2010.06.23 07:44:27.658,2.10555,2.1067,1.60,1.30
2010.06.23 07:44:28.374,2.10555,2.1067,1.60,2.10
2010.06.23 07:44:28.725,2.10565,2.1067,1.60,2.40
2010.06.23 07:44:29.002,2.10565,2.10665,1.60,1.00
2010.06.23 07:44:30.072,2.10535,2.10635,1.60,1.00
2010.06.23 07:44:30.819,2.1053,2.1064,1.00,1.00
2010.06.23 07:44:31.154,2.10525,2.1065,1.00,2.70
2010.06.23 07:44:31.498,2.10525,2.1065,1.00,3.20
2010.06.23 07:44:32.502,2.10525,2.1065,1.50,2.40
2010.06.23 07:44:32.768,2.1053,2.1065,1.00,1.60
2010.06.23 07:44:34.236,2.1053,2.10645,1.00,1.10
2010.06.23 07:44:35.380,2.1053,2.10645,1.00,1.60
2010.06.23 07:44:35.681,2.1053,2.1064,1.00,1.00
2010.06.23 07:44:35.989,2.1053,2.10635,1.00,1.00
2010.06.23 07:44:37.168,2.1052,2.10635,1.00,1.00
2010.06.23 07:44:37.620,2.1052,2.1064,1.00,2.40
2010.06.23 07:44:38.324,2.10515,2.10635,1.00,1.60
2010.06.23 07:44:38.673,2.10515,2.10635,1.00,3.40
2010.06.23 07:44:39.022,2.105,2.10625,1.00,1.00
2010.06.23 07:44:39.917,2.1051,2.10625,1.10,1.00
2010.06.23 07:44:40.156,2.1051,2.10625,1.60,1.00
2010.06.23 07:44:40.643,2.10515,2.10625,1.00,1.00
2010.06.23 07:44:40.880,2.1051,2.10625,1.60,1.00
2010.06.23 07:44:41.633,2.10515,2.10625,1.00,1.00
2010.06.23 07:44:46.848,2.10515,2.10625,1.20,1.00
2010.06.23 07:44:48.301,2.1052,2.10625,1.10,1.00
2010.06.23 07:44:48.941,2.1052,2.10635,3.50,1.00
2010.06.23 07:44:49.103,2.10535,2.10655,1.10,1.60
2010.06.23 07:44:49.269,2.10535,2.10655,1.80,1.60
2010.06.23 07:44:50.619,2.10545,2.10655,1.00,1.60
2010.06.23 07:44:53.068,2.10535,2.10655,1.80,1.60
2010.06.23 07:44:53.349,2.10535,2.10655,1.00,1.60
2010.06.23 07:44:54.079,2.10515,2.10635,1.00,1.60
2010.06.23 07:44:54.363,2.1051,2.10635,1.60,1.60
2010.06.23 07:44:54.640,2.1051,2.10625,1.60,1.00
2010.06.23 07:44:55.126,2.1051,2.10625,1.60,1.60
2010.06.23 07:44:55.471,2.1051,2.10625,1.60,1.00
2010.06.23 07:45:03.356,2.1052,2.10635,1.10,1.60
2010.06.23 07:45:03.483,2.10525,2.10635,1.00,1.60
2010.06.23 07:45:04.062,2.10525,2.1064,1.00,1.00
2010.06.23 07:45:04.189,2.10525,2.1064,1.00,1.00
2010.06.23 07:45:04.658,2.10525,2.1064,1.00,1.00
2010.06.23 07:45:04.998,2.10525,2.1064,1.00,1.00
2010.06.23 07:45:05.859,2.10525,2.10645,1.00,1.00
2010.06.23 07:45:06.558,2.10535,2.10645,1.00,1.00
2010.06.23 07:45:06.798,2.10535,2.1065,1.00,1.00
2010.06.23 07:45:07.040,2.10535,2.1065,1.00,1.00
2010.06.23 07:45:07.642,2.10535,2.10655,1.80,1.60
2010.06.23 07:45:07.771,2.10535,2.1066,1.30,1.90
2010.06.23 07:45:07.899,2.10535,2.1066,3.20,1.00
2010.06.23 07:45:08.028,2.1054,2.1066,1.00,1.00
2010.06.23 07:45:08.670,2.10545,2.1066,1.00,1.00
2010.06.23 07:45:09.016,2.1055,2.1067,1.60,1.60
2010.06.23 07:45:10.903,2.10545,2.10665,1.50,1.00
2010.06.23 07:45:12.090,2.10545,2.10665,1.30,1.00
2010.06.23 07:45:12.278,2.10545,2.10665,1.50,1.00
2010.06.23 07:45:18.048,2.10545,2.10665,1.00,3.70
2010.06.23 07:45:18.229,2.10545,2.10655,1.00,1.10
2010.06.23 07:45:18.408,2.10545,2.10655,1.00,1.00
2010.06.23 07:45:18.769,2.10545,2.1066,1.00,1.00
2010.06.23 07:45:18.949,2.10545,2.10665,1.00,2.10
2010.06.23 07:45:20.520,2.1055,2.10665,1.00,1.30
2010.06.23 07:45:20.608,2.1055,2.10665,1.30,1.00
2010.06.23 07:45:20.700,2.1055,2.1067,2.10,1.10
2010.06.23 07:45:21.224,2.1055,2.10675,3.20,1.00
2010.06.23 07:45:21.316,2.1055,2.1067,2.10,1.10
2010.06.23 07:45:21.661,2.10545,2.10665,1.50,1.00
2010.06.23 07:45:22.679,2.10545,2.1066,1.00,1.00
2010.06.23 07:45:23.289,2.10545,2.1065,1.00,1.00
2010.06.23 07:45:23.453,2.10525,2.1065,1.70,1.00
2010.06.23 07:45:23.713,2.10525,2.10645,1.00,1.00
2010.06.23 07:45:24.462,2.1053,2.10645,1.10,1.00
2010.06.23 07:45:25.085,2.1053,2.10645,1.60,1.00
2010.06.23 07:45:25.631,2.1053,2.10645,1.10,1.00
2010.06.23 07:45:25.881,2.1053,2.10645,1.60,1.00
2010.06.23 07:45:26.850,2.10525,2.10645,1.00,1.00
2010.06.23 07:45:35.098,2.10535,2.10645,1.00,1.00
2010.06.23 07:45:35.630,2.10545,2.10645,1.00,1.00
2010.06.23 07:45:35.833,2.10545,2.10655,1.00,1.00
2010.06.23 07:45:37.431,2.10545,2.10655,1.00,1.00
2010.06.23 07:45:39.380,2.10545,2.10655,1.00,1.00
2010.06.23 07:45:40.377,2.10545,2.10655,1.00,1.00
2010.06.23 07:45:40.629,2.10545,2.10665,1.30,1.30
2010.06.23 07:45:40.968,2.10545,2.10665,1.00,1.30
2010.06.23 07:45:46.768,2.10555,2.10665,1.50,1.00
2010.06.23 07:45:47.209,2.10565,2.10675,1.00,1.00
2010.06.23 07:45:47.804,2.10555,2.1067,2.10,1.00
2010.06.23 07:45:48.678,2.10555,2.1067,2.30,1.00
2010.06.23 07:45:49.198,2.1056,2.10675,1.00,1.00
2010.06.23 07:45:49.709,2.1056,2.10665,1.00,1.60
2010.06.23 07:45:50.691,2.10565,2.10665,1.00,1.60
2010.06.23 07:45:54.410,2.10565,2.1067,1.00,1.60
2010.06.23 07:45:54.699,2.10565,2.10675,1.00,2.10
2010.06.23 07:45:59.018,2.1056,2.10675,1.00,2.30
2010.06.23 07:45:59.318,2.10555,2.1067,1.00,1.00
2010.06.23 07:46:03.659,2.10565,2.10675,1.00,2.10
2010.06.23 07:46:04.315,2.1056,2.10675,1.00,1.70
2010.06.23 07:46:04.602,2.10565,2.1068,1.00,1.30
2010.06.23 07:46:05.935,2.1056,2.1068,1.00,1.30
2010.06.23 07:46:06.205,2.1057,2.10685,1.00,1.00
2010.06.23 07:46:06.434,2.1058,2.1069,1.00,2.70
2010.06.23 07:46:07.137,2.1058,2.107,1.00,1.30
2010.06.23 07:46:07.367,2.1058,2.107,2.10,1.30
2010.06.23 07:46:07.655,2.10575,2.1069,1.00,1.10
2010.06.23 07:46:08.167,2.1057,2.1069,1.00,1.10
2010.06.23 07:46:08.462,2.1056,2.10675,1.00,1.00
2010.06.23 07:46:08.791,2.10575,2.10685,1.00,1.10
2010.06.23 07:46:09.122,2.10565,2.10685,1.00,1.00
2010.06.23 07:46:09.880,2.1056,2.10675,1.30,1.00
2010.06.23 07:46:10.095,2.10565,2.10675,1.00,1.00
2010.06.23 07:46:11.000,2.1056,2.10675,1.30,1.00
2010.06.23 07:46:11.911,2.10565,2.10675,1.00,1.00
2010.06.23 07:46:12.228,2.10565,2.10685,1.00,1.30
2010.06.23 07:46:13.228,2.10565,2.10685,1.00,1.30
2010.06.23 07:46:14.174,2.1055,2.1067,1.00,1.00
2010.06.23 07:46:14.480,2.1056,2.10675,1.00,1.30
2010.06.23 07:46:14.781,2.1056,2.10675,1.00,2.40
2010.06.23 07:46:15.571,2.10555,2.1067,1.30,1.00
2010.06.23 07:46:18.510,2.10555,2.1066,1.30,1.00
2010.06.23 07:46:19.358,2.10555,2.1066,1.30,1.60
2010.06.23 07:46:19.706,2.1056,2.1066,1.00,1.60
2010.06.23 07:46:19.872,2.10555,2.1066,1.30,1.60
2010.06.23 07:46:20.224,2.10555,2.1066,1.00,1.60
2010.06.23 07:46:20.390,2.10555,2.1066,1.00,1.60
2010.06.23 07:46:20.561,2.1055,2.1066,1.00,2.10
2010.06.23 07:46:21.177,2.10555,2.10655,1.00,1.60
2010.06.23 07:46:21.525,2.10545,2.10665,1.00,2.90
2010.06.23 07:46:21.870,2.10545,2.10655,1.00,1.00
2010.06.23 07:46:22.618,2.10545,2.10645,1.00,1.00
2010.06.23 07:46:23.220,2.1053,2.1064,1.00,1.60
2010.06.23 07:46:23.354,2.1053,2.10645,1.00,1.00
2010.06.23 07:46:23.619,2.1053,2.10645,1.00,1.60
2010.06.23 07:46:23.879,2.10535,2.10645,1.00,1.60
2010.06.23 07:46:25.657,2.10535,2.1065,1.00,2.10
2010.06.23 07:46:26.277,2.1053,2.1065,1.00,2.10
2010.06.23 07:46:26.859,2.10525,2.1064,1.00,1.00
2010.06.23 07:46:27.268,2.10525,2.1064,1.00,1.00
2010.06.23 07:46:28.502,2.10525,2.1064,1.00,1.00
2010.06.23 07:46:29.165,2.1056,2.1065,1.00,1.00
2010.06.23 07:46:29.384,2.1056,2.10675,1.00,1.00
2010.06.23 07:46:29.998,2.1054,2.10655,1.00,1.00
2010.06.23 07:46:30.318,2.10525,2.1061,1.00,1.00
2010.06.23 07:46:31.457,2.1055,2.1061,1.10,1.00
2010.06.23 07:46:31.771,2.1054,2.10625,1.00,1.00
2010.06.23 07:46:32.090,2.10545,2.1064,1.00,1.20
2010.06.23 07:46:32.920,2.1056,2.10645,1.00,1.00
2010.06.23 07:46:33.243,2.1056,2.1065,1.00,1.00
2010.06.23 07:46:33.563,2.1056,2.1066,1.00,1.00
2010.06.23 07:46:34.220,2.1056,2.1066,1.00,1.20
2010.06.23 07:46:34.705,2.1056,2.1065,1.00,1.00
2010.06.23 07:46:34.879,2.1056,2.10655,1.00,1.00
2010.06.23 07:46:35.060,2.1056,2.1065,1.00,1.00
2010.06.23 07:46:35.410,2.1056,2.1065,1.00,2.00
2010.06.23 07:46:36.932,2.1056,2.1065,1.00,1.20
2010.06.23 07:46:37.039,2.1056,2.1065,1.00,1.00
2010.06.23 07:46:41.049,2.10555,2.1064,1.00,1.00
2010.06.23 07:46:41.264,2.10545,2.1063,1.00,1.00
2010.06.23 07:46:42.240,2.10545,2.1063,1.00,1.00
2010.06.23 07:46:42.419,2.1055,2.1064,1.10,2.80
2010.06.23 07:46:42.600,2.1056,2.1064,1.00,1.00
2010.06.23 07:46:43.136,2.1054,2.1062,1.30,1.00
2010.06.23 07:46:43.271,2.1054,2.1062,1.00,1.00
2010.06.23 07:46:43.921,2.1056,2.1063,1.00,1.60
2010.06.23 07:46:44.151,2.1056,2.10635,1.00,1.00
2010.06.23 07:46:44.382,2.1054,2.1062,1.00,1.00
2010.06.23 07:46:45.308,2.1053,2.10615,1.00,1.00
2010.06.23 07:46:45.565,2.10545,2.10625,1.00,1.60
2010.06.23 07:46:45.825,2.10525,2.1061,1.00,1.00
2010.06.23 07:46:46.647,2.1053,2.10615,1.00,1.00
2010.06.23 07:46:47.310,2.10545,2.1063,1.00,2.00
2010.06.23 07:46:47.489,2.10545,2.10635,1.00,1.20
2010.06.23 07:46:48.906,2.10545,2.10635,1.00,1.00
2010.06.23 07:46:49.551,2.10545,2.10635,1.00,1.00
2010.06.23 07:46:50.088,2.10545,2.10635,1.00,1.20
2010.06.23 07:46:50.579,2.10545,2.10635,1.00,1.20
2010.06.23 07:46:50.748,2.1054,2.10635,1.60,1.20
2010.06.23 07:46:50.920,2.10545,2.10635,1.00,1.20
2010.06.23 07:46:51.537,2.10545,2.10635,1.00,1.00
2010.06.23 07:46:51.769,2.10545,2.10635,1.00,1.20
2010.06.23 07:46:53.660,2.10545,2.10635,1.00,1.20
2010.06.23 07:46:54.747,2.10545,2.10635,1.00,1.20
2010.06.23 07:46:54.932,2.10545,2.10635,1.00,1.00
2010.06.23 07:46:55.114,2.1054,2.1063,1.00,1.00
2010.06.23 07:46:56.751,2.1053,2.1063,2.40,1.00
2010.06.23 07:46:57.658,2.10525,2.1061,1.00,1.00
2010.06.23 07:46:57.834,2.10515,2.106,1.00,1.00
2010.06.23 07:46:58.496,2.10515,2.106,1.00,1.20
2010.06.23 07:46:58.670,2.1051,2.106,1.00,1.20
2010.06.23 07:47:00.138,2.10515,2.106,1.00,1.00
2010.06.23 07:47:00.414,2.10515,2.10605,1.00,1.00
2010.06.23 07:47:05.353,2.10515,2.10605,1.00,1.00
2010.06.23 07:47:05.491,2.10545,2.1062,1.00,1.00
2010.06.23 07:47:05.629,2.10545,2.1062,1.90,1.00
2010.06.23 07:47:06.241,2.10555,2.1065,1.00,1.00
2010.06.23 07:47:06.383,2.10555,2.10645,1.00,1.00
2010.06.23 07:47:07.557,2.10555,2.10645,1.30,1.00
2010.06.23 07:47:07.741,2.10565,2.1065,1.50,1.00
2010.06.23 07:47:08.509,2.10565,2.1066,1.50,1.00
2010.06.23 07:47:09.022,2.10565,2.1066,1.00,1.00
2010.06.23 07:47:10.640,2.10565,2.10675,2.30,1.00
2010.06.23 07:47:11.304,2.10595,2.10685,1.00,1.00
2010.06.23 07:47:11.506,2.1059,2.10675,1.00,1.00
2010.06.23 07:47:11.704,2.10595,2.10675,1.00,1.00
2010.06.23 07:47:12.344,2.10595,2.10675,1.50,1.00
2010.06.23 07:47:12.675,2.1059,2.1069,1.30,1.00
2010.06.23 07:47:13.003,2.1059,2.1068,1.00,1.00
2010.06.23 07:47:18.492,2.10595,2.1068,1.10,1.00
2010.06.23 07:47:18.582,2.10595,2.10675,1.10,1.00
2010.06.23 07:47:18.759,2.1059,2.10675,1.00,1.00
2010.06.23 07:47:20.223,2.1059,2.10685,1.30,1.00
2010.06.23 07:47:20.725,2.1059,2.107,1.30,2.00
2010.06.23 07:47:21.022,2.1059,2.1069,1.00,1.00
2010.06.23 07:47:22.507,2.1059,2.1069,1.00,2.00
2010.06.23 07:47:22.734,2.1059,2.1069,1.00,1.00
2010.06.23 07:47:22.961,2.1059,2.10635,1.00,1.00
2010.06.23 07:47:23.184,2.1055,2.10635,1.00,1.00
2010.06.23 07:47:23.451,2.10555,2.10635,1.00,1.00
2010.06.23 07:47:24.168,2.10565,2.1066,1.10,1.00
2010.06.23 07:47:24.413,2.10565,2.10675,1.60,1.00
2010.06.23 07:47:24.892,2.10565,2.10675,2.40,1.00
2010.06.23 07:47:25.578,2.1059,2.1068,1.00,1.00
2010.06.23 07:47:25.912,2.1059,2.10685,1.00,1.00
2010.06.23 07:47:26.571,2.10575,2.1068,1.00,1.00
2010.06.23 07:47:27.202,2.1058,2.1068,1.10,2.00
2010.06.23 07:47:27.548,2.1059,2.1068,1.00,1.00
2010.06.23 07:47:27.890,2.10575,2.1068,1.00,1.20
2010.06.23 07:47:30.039,2.10575,2.1068,1.00,1.00
2010.06.23 07:47:30.899,2.10565,2.1067,1.10,1.00
2010.06.23 07:47:31.078,2.1056,2.1067,1.00,1.00
2010.06.23 07:47:35.828,2.1056,2.10665,1.00,1.00
2010.06.23 07:47:35.959,2.10555,2.10665,1.00,1.00
2010.06.23 07:47:36.230,2.1056,2.10665,1.10,1.00
2010.06.23 07:47:36.368,2.1056,2.1067,1.10,2.00
2010.06.23 07:47:36.638,2.1056,2.1067,1.10,1.20
2010.06.23 07:47:37.058,2.10555,2.1067,1.00,1.20
2010.06.23 07:47:37.288,2.10555,2.10665,1.00,1.00
2010.06.23 07:47:37.970,2.1056,2.1067,1.10,2.00
2010.06.23 07:47:38.518,2.1056,2.1067,1.10,1.20
2010.06.23 07:47:40.410,2.1056,2.1066,1.10,1.00
2010.06.23 07:47:40.568,2.1056,2.10655,1.10,1.00
2010.06.23 07:47:40.741,2.1056,2.1066,1.10,1.60
2010.06.23 07:47:41.262,2.10555,2.1066,1.00,1.00
2010.06.23 07:47:41.343,2.10555,2.1066,1.00,1.00
2010.06.23 07:47:41.691,2.10555,2.10665,1.00,2.00
2010.06.23 07:47:42.031,2.10555,2.1066,1.00,1.60
2010.06.23 07:47:42.372,2.10555,2.10655,1.00,1.60
2010.06.23 07:47:45.158,2.10555,2.10655,1.00,1.00
2010.06.23 07:47:45.701,2.10555,2.1066,1.00,1.60
2010.06.23 07:47:45.929,2.10555,2.10655,1.00,1.00
2010.06.23 07:47:46.159,2.10555,2.10655,1.00,1.60
2010.06.23 07:47:46.389,2.10555,2.10655,1.00,1.00
2010.06.23 07:47:47.223,2.10555,2.1066,1.00,1.60
2010.06.23 07:47:47.543,2.10555,2.10655,1.00,1.00
2010.06.23 07:47:47.860,2.10555,2.1066,1.00,1.00
2010.06.23 07:47:48.849,2.10555,2.10665,1.00,1.00
2010.06.23 07:47:49.193,2.10555,2.1066,1.00,1.60
2010.06.23 07:47:49.530,2.10555,2.10655,1.00,1.00
2010.06.23 07:47:50.588,2.10555,2.1066,1.00,1.00
2010.06.23 07:47:51.956,2.10555,2.10665,1.00,2.00
2010.06.23 07:47:52.101,2.10555,2.1066,1.00,1.00
2010.06.23 07:47:54.328,2.10555,2.1066,1.00,1.20
2010.06.23 07:47:54.888,2.10555,2.1066,1.00,2.00
2010.06.23 07:47:55.229,2.10555,2.1066,1.00,1.00
2010.06.23 07:47:56.248,2.10555,2.1066,1.00,2.00
2010.06.23 07:47:57.511,2.10555,2.1066,1.00,1.20
2010.06.23 07:47:57.618,2.10555,2.10655,1.00,1.00
2010.06.23 07:47:58.661,2.10585,2.10655,1.00,1.00
2010.06.23 07:47:59.263,2.10585,2.1067,1.00,1.00
2010.06.23 07:48:00.843,2.10585,2.10665,1.00,1.60
2010.06.23 07:48:01.400,2.10585,2.10665,1.00,1.60
2010.06.23 07:48:01.508,2.10585,2.10665,1.00,1.00
2010.06.23 07:48:02.058,2.10585,2.1067,1.00,1.60
2010.06.23 07:48:02.340,2.10585,2.10665,1.00,1.60
2010.06.23 07:48:02.619,2.10585,2.1067,1.00,1.60
2010.06.23 07:48:04.349,2.10585,2.10675,1.00,1.60
2010.06.23 07:48:05.090,2.10585,2.1068,1.00,1.60
2010.06.23 07:48:07.240,2.10585,2.1067,1.00,1.00
2010.06.23 07:48:08.227,2.10585,2.10675,1.00,1.60
2010.06.23 07:48:09.737,2.10585,2.1067,1.00,1.00
2010.06.23 07:48:11.429,2.10585,2.10675,1.00,1.00
2010.06.23 07:48:12.644,2.10585,2.10675,1.00,1.00
2010.06.23 07:48:13.651,2.10585,2.10675,1.00,1.60
2010.06.23 07:48:16.998,2.10585,2.10675,1.00,1.00
2010.06.23 07:48:17.248,2.10585,2.10675,1.00,1.60
2010.06.23 07:48:17.508,2.10575,2.10675,1.00,1.00
2010.06.23 07:48:18.360,2.10575,2.1067,1.00,1.00
2010.06.23 07:48:20.079,2.10575,2.10675,1.00,1.60
2010.06.23 07:48:21.072,2.1057,2.10655,1.10,1.00
2010.06.23 07:48:21.295,2.1054,2.10655,1.00,1.00
2010.06.23 07:48:22.587,2.1054,2.10655,1.30,1.00
2010.06.23 07:48:22.794,2.1055,2.1067,1.30,1.30
2010.06.23 07:48:23.213,2.10565,2.1068,1.00,1.60
2010.06.23 07:48:23.709,2.10565,2.1068,1.00,1.00
2010.06.23 07:48:24.050,2.10575,2.10685,1.00,1.00
2010.06.23 07:48:24.390,2.10565,2.10685,1.30,1.00
2010.06.23 07:48:24.729,2.10565,2.10685,1.30,1.00
2010.06.23 07:48:26.031,2.10565,2.10685,1.30,1.00
2010.06.23 07:48:26.263,2.10565,2.10675,1.00,1.00
2010.06.23 07:48:26.491,2.1056,2.10675,1.30,1.00
2010.06.23 07:48:26.720,2.1056,2.1066,1.00,1.60
2010.06.23 07:48:27.467,2.1056,2.1066,1.00,1.00
2010.06.23 07:48:29.059,2.1056,2.10665,1.00,1.60
2010.06.23 07:48:29.492,2.1056,2.1066,1.00,1.00
2010.06.23 07:48:30.224,2.1056,2.1066,1.00,1.60
2010.06.23 07:48:30.573,2.1055,2.10645,1.00,1.00
2010.06.23 07:48:30.910,2.10545,2.10645,1.00,1.00
2010.06.23 07:48:33.460,2.10535,2.10625,1.00,1.00
2010.06.23 07:48:33.698,2.10535,2.10625,1.00,1.60
2010.06.23 07:48:33.937,2.10535,2.1062,1.00,1.00
2010.06.23 07:48:34.441,2.10535,2.1062,1.00,1.60
2010.06.23 07:48:34.788,2.1051,2.1062,1.00,1.00
2010.06.23 07:48:35.135,2.1051,2.10605,1.00,1.60
2010.06.23 07:48:35.823,2.1051,2.10605,1.00,1.00
2010.06.23 07:48:36.154,2.1051,2.10615,1.00,1.60
2010.06.23 07:48:36.474,2.1051,2.1061,1.00,1.00
2010.06.23 07:48:37.014,2.10515,2.106,1.00,1.00
2010.06.23 07:48:37.365,2.105,2.106,1.00,1.00
2010.06.23 07:48:37.714,2.10495,2.1061,1.00,4.00
2010.06.23 07:48:38.520,2.1049,2.1059,1.00,1.30
2010.06.23 07:48:38.824,2.105,2.10625,3.20,1.60
2010.06.23 07:48:39.121,2.10525,2.10635,1.00,1.00
2010.06.23 07:48:39.390,2.10525,2.1064,1.00,1.00
2010.06.23 07:48:40.522,2.10525,2.1063,1.00,1.00
2010.06.23 07:48:40.681,2.10525,2.1064,1.00,1.00
2010.06.23 07:48:40.840,2.10525,2.10625,1.00,1.00
2010.06.23 07:48:41.559,2.10525,2.1063,1.00,1.60
2010.06.23 07:48:42.360,2.10525,2.10625,1.00,1.00
2010.06.23 07:48:42.705,2.10535,2.10645,1.00,1.00
2010.06.23 07:48:42.769,2.10535,2.10645,1.60,1.00
2010.06.23 07:48:42.840,2.10545,2.1065,1.00,1.00
2010.06.23 07:48:42.909,2.10545,2.1065,1.00,1.60
2010.06.23 07:48:44.847,2.10525,2.1063,1.00,1.00
2010.06.23 07:48:44.950,2.10525,2.1062,1.00,1.60
2010.06.23 07:48:45.170,2.10525,2.10615,1.00,1.00
2010.06.23 07:48:48.091,2.10505,2.10615,1.50,1.00
2010.06.23 07:48:48.267,2.10505,2.1063,1.50,1.00
2010.06.23 07:48:48.765,2.10495,2.10605,1.10,1.60
2010.06.23 07:48:50.980,2.10495,2.1059,1.00,1.00
2010.06.23 07:48:51.231,2.10495,2.10585,1.00,1.00
2010.06.23 07:48:51.824,2.10495,2.1059,1.00,1.00
2010.06.23 07:48:52.040,2.10495,2.106,1.00,1.60
2010.06.23 07:48:52.249,2.10495,2.106,1.00,1.00
2010.06.23 07:48:53.031,2.105,2.106,1.00,1.60
2010.06.23 07:48:53.302,2.105,2.106,1.00,1.00
2010.06.23 07:48:57.609,2.10515,2.106,1.00,1.00
2010.06.23 07:48:57.779,2.10515,2.106,1.00,1.60
2010.06.23 07:48:58.119,2.10505,2.10605,1.00,1.60
2010.06.23 07:48:58.697,2.10515,2.10605,1.00,1.60
2010.06.23 07:48:58.994,2.1052,2.10605,1.00,1.00
2010.06.23 07:48:59.283,2.1052,2.10615,1.00,1.60
2010.06.23 07:49:00.989,2.1052,2.1061,1.00,1.00
2010.06.23 07:49:01.723,2.1052,2.10615,1.00,1.60
2010.06.23 07:49:02.453,2.10525,2.10615,1.00,1.60
2010.06.23 07:49:02.580,2.10525,2.1061,1.00,1.00
2010.06.23 07:49:03.140,2.10525,2.10605,1.00,1.00
2010.06.23 07:49:04.724,2.10515,2.10605,1.00,1.00
2010.06.23 07:49:05.149,2.10515,2.10605,1.00,1.00
2010.06.23 07:49:05.413,2.1052,2.10605,1.00,1.00
2010.06.23 07:49:06.141,2.10525,2.1061,1.00,1.60
2010.06.23 07:49:06.460,2.10525,2.10605,1.00,1.00
2010.06.23 07:49:07.400,2.10535,2.10605,1.00,1.00
2010.06.23 07:49:07.619,2.10535,2.10605,1.00,1.00
2010.06.23 07:49:08.127,2.10525,2.10605,1.00,1.00
2010.06.23 07:49:08.524,2.1052,2.10605,1.00,1.00
2010.06.23 07:49:08.710,2.1052,2.1061,1.00,1.60
2010.06.23 07:49:08.892,2.10515,2.10595,1.00,1.60
2010.06.23 07:49:09.536,2.10505,2.1059,1.00,1.00
2010.06.23 07:49:09.812,2.10505,2.1059,1.00,1.60
2010.06.23 07:49:10.350,2.10505,2.10585,1.00,1.00
2010.06.23 07:49:10.621,2.10505,2.10585,1.00,1.00
2010.06.23 07:49:11.464,2.105,2.1058,1.00,1.00
2010.06.23 07:49:12.559,2.105,2.1059,1.00,1.00
2010.06.23 07:49:12.851,2.10505,2.10585,1.00,1.00
2010.06.23 07:49:13.549,2.10505,2.1059,1.00,1.60
2010.06.23 07:49:13.778,2.10505,2.10585,1.00,1.00
2010.06.23 07:49:14.721,2.10505,2.1059,1.00,1.00
2010.06.23 07:49:15.380,2.10505,2.10585,1.00,1.00
2010.06.23 07:49:15.699,2.10505,2.1059,1.00,1.00
2010.06.23 07:49:15.891,2.10505,2.10595,1.00,1.60
2010.06.23 07:49:16.048,2.10505,2.10595,1.00,1.00
2010.06.23 07:49:17.378,2.10505,2.106,1.00,1.00
2010.06.23 07:49:19.598,2.10505,2.106,1.00,1.60
2010.06.23 07:49:21.919,2.10505,2.106,1.00,1.00
2010.06.23 07:49:22.160,2.10505,2.10605,1.00,1.60
2010.06.23 07:49:25.580,2.10505,2.10585,1.00,1.00
2010.06.23 07:49:25.772,2.10505,2.1059,1.00,1.60
2010.06.23 07:49:26.620,2.10505,2.1059,1.00,1.00
2010.06.23 07:49:26.959,2.10505,2.1059,1.00,1.60
2010.06.23 07:49:28.775,2.10505,2.1059,1.00,1.00
2010.06.23 07:49:28.894,2.10505,2.10595,1.00,1.60
2010.06.23 07:49:29.010,2.10505,2.106,1.00,1.60
2010.06.23 07:49:29.708,2.10505,2.10585,1.00,1.00
2010.06.23 07:49:30.054,2.10505,2.106,1.00,1.00
2010.06.23 07:49:31.281,2.10505,2.106,1.00,1.00
2010.06.23 07:49:33.161,2.10505,2.106,1.00,1.00
2010.06.23 07:49:33.319,2.10505,2.106,1.00,1.60
2010.06.23 07:49:33.483,2.10505,2.10595,1.00,1.00
2010.06.23 07:49:33.644,2.10505,2.10585,1.00,1.00
2010.06.23 07:49:34.273,2.10505,2.1059,1.00,1.00
2010.06.23 07:49:34.612,2.10505,2.10595,1.00,1.60
2010.06.23 07:49:36.870,2.10505,2.10595,1.00,1.00
2010.06.23 07:49:39.068,2.10505,2.106,1.00,1.00
2010.06.23 07:49:39.238,2.10505,2.1062,1.00,1.60
2010.06.23 07:49:40.193,2.10505,2.10615,1.00,1.00
2010.06.23 07:49:40.719,2.10505,2.10615,1.00,1.00
2010.06.23 07:49:41.003,2.10505,2.1062,1.30,1.00
2010.06.23 07:49:42.475,2.10505,2.1062,1.50,1.00
2010.06.23 07:49:44.215,2.10515,2.1062,1.00,1.00
2010.06.23 07:49:44.507,2.10535,2.10635,1.00,1.00
2010.06.23 07:49:45.285,2.1053,2.1064,1.00,1.60
2010.06.23 07:49:45.615,2.10495,2.10595,1.00,1.60
2010.06.23 07:49:45.960,2.10495,2.1059,1.00,1.60
2010.06.23 07:49:46.784,2.10495,2.10585,1.00,1.00
2010.06.23 07:49:47.135,2.10495,2.10585,1.00,1.00
2010.06.23 07:49:47.482,2.105,2.10585,1.00,1.00
2010.06.23 07:49:48.594,2.1051,2.1059,1.00,1.00
2010.06.23 07:49:49.352,2.1051,2.1059,1.00,1.60
2010.06.23 07:49:49.637,2.10495,2.1059,1.00,1.60
2010.06.23 07:49:51.150,2.10495,2.1059,1.00,1.00
2010.06.23 07:49:51.421,2.10495,2.1059,1.00,1.60
2010.06.23 07:49:51.960,2.10495,2.1059,1.00,1.60
2010.06.23 07:49:52.799,2.10495,2.1059,1.00,1.60
2010.06.23 07:49:53.128,2.1049,2.1059,1.60,1.60
2010.06.23 07:49:53.450,2.1049,2.106,1.00,1.60
2010.06.23 07:49:53.689,2.10495,2.106,1.00,1.60
2010.06.23 07:49:53.810,2.10495,2.1059,1.00,1.00
2010.06.23 07:49:53.929,2.10495,2.1059,1.00,1.60
2010.06.23 07:49:54.050,2.10495,2.1058,1.00,1.00
2010.06.23 07:49:54.574,2.10495,2.10585,1.00,1.60
2010.06.23 07:49:54.845,2.10495,2.1058,1.00,1.00
2010.06.23 07:49:55.658,2.10495,2.10585,1.00,1.60
2010.06.23 07:49:56.544,2.10495,2.1058,1.00,1.00
2010.06.23 07:49:57.470,2.10485,2.1058,1.00,1.00
2010.06.23 07:49:57.689,2.10485,2.1058,1.80,1.00
2010.06.23 07:49:57.899,2.10495,2.1058,1.00,1.00
2010.06.23 07:49:58.299,2.10495,2.10585,1.00,1.00
2010.06.23 07:49:58.489,2.10495,2.1059,1.00,1.60
2010.06.23 07:49:59.141,2.10495,2.1058,1.00,1.00
2010.06.23 07:49:59.374,2.10485,2.1058,1.00,1.00
2010.06.23 07:50:01.241,2.10485,2.10575,1.00,1.00
2010.06.23 07:50:03.471,2.10485,2.1057,1.00,1.00
2010.06.23 07:50:04.744,2.10485,2.1056,1.00,1.00
2010.06.23 07:50:06.123,2.10475,2.1056,1.00,1.60
2010.06.23 07:50:06.461,2.10475,2.1055,1.00,1.00
2010.06.23 07:50:06.803,2.10465,2.1055,1.00,1.00
2010.06.23 07:50:07.745,2.10455,2.1053,1.00,1.60
2010.06.23 07:50:09.471,2.10455,2.1053,1.00,1.00
2010.06.23 07:50:09.680,2.10465,2.10535,1.00,1.00
2010.06.23 07:50:09.889,2.10465,2.10535,1.00,1.60
2010.06.23 07:50:10.859,2.10465,2.1055,1.00,1.00
2010.06.23 07:50:11.504,2.10465,2.1055,1.00,1.00
2010.06.23 07:50:11.823,2.10465,2.10555,1.00,1.60
2010.06.23 07:50:15.235,2.10455,2.10555,1.00,1.60
2010.06.23 07:50:15.799,2.10465,2.10545,1.00,1.00
2010.06.23 07:50:16.407,2.10465,2.1055,1.00,1.60
2010.06.23 07:50:16.761,2.10455,2.1055,1.00,1.60
2010.06.23 07:50:17.105,2.10455,2.10555,1.00,1.00
2010.06.23 07:50:17.230,2.10455,2.10565,1.00,1.30
2010.06.23 07:50:17.815,2.1046,2.10565,1.00,1.30
2010.06.23 07:50:17.945,2.10475,2.1058,1.00,1.00
2010.06.23 07:50:18.071,2.10475,2.10585,1.00,1.60
2010.06.23 07:50:18.201,2.10475,2.10585,1.00,1.00
2010.06.23 07:50:19.007,2.10485,2.10585,1.00,1.00
2010.06.23 07:50:19.353,2.1047,2.1059,2.10,1.30
2010.06.23 07:50:22.591,2.1047,2.10575,1.30,1.00
2010.06.23 07:50:22.838,2.1047,2.1057,1.00,1.00
2010.06.23 07:50:22.980,2.1047,2.10585,1.00,1.00
2010.06.23 07:50:23.121,2.1047,2.10585,1.00,1.30
2010.06.23 07:50:23.399,2.1047,2.10585,1.00,2.10
2010.06.23 07:50:23.540,2.10465,2.10575,1.00,1.00
2010.06.23 07:50:23.680,2.1046,2.10575,2.40,1.00
2010.06.23 07:50:23.819,2.10465,2.1058,1.00,1.00
2010.06.23 07:50:24.282,2.10465,2.1058,1.00,2.10
2010.06.23 07:50:24.621,2.1046,2.10575,1.00,1.00
2010.06.23 07:50:25.531,2.10465,2.1056,1.10,1.00
2010.06.23 07:50:25.721,2.1044,2.1054,1.30,1.60
2010.06.23 07:50:26.369,2.10445,2.10545,1.00,1.00
2010.06.23 07:50:26.711,2.1044,2.1055,1.30,1.60
2010.06.23 07:50:27.055,2.10435,2.1054,1.50,1.00
2010.06.23 07:50:27.401,2.1043,2.1054,1.00,1.00
2010.06.23 07:50:30.680,2.10425,2.1054,1.50,1.00
2010.06.23 07:50:30.828,2.10425,2.10535,1.00,1.00
2010.06.23 07:50:35.749,2.10425,2.10535,1.00,1.00
2010.06.23 07:50:36.401,2.10425,2.1053,1.00,1.00
2010.06.23 07:50:36.529,2.10425,2.10525,1.00,1.00
2010.06.23 07:50:36.788,2.10425,2.1052,1.00,1.00
2010.06.23 07:50:38.900,2.10425,2.10525,1.00,1.00
2010.06.23 07:50:39.002,2.10425,2.10525,1.00,1.00
2010.06.23 07:50:39.100,2.10425,2.1053,1.00,1.60
2010.06.23 07:50:39.202,2.10425,2.1053,1.00,1.00
2010.06.23 07:50:40.093,2.10425,2.1053,1.00,1.00
2010.06.23 07:50:40.439,2.10425,2.1054,1.00,1.30
2010.06.23 07:50:40.778,2.10425,2.1054,1.00,1.00
2010.06.23 07:50:41.478,2.10425,2.1054,1.00,1.00
2010.06.23 07:50:45.212,2.10425,2.1054,1.80,1.00
2010.06.23 07:50:45.398,2.1043,2.10545,1.00,2.90
2010.06.23 07:50:45.590,2.1043,2.10535,1.00,1.00
2010.06.23 07:50:45.779,2.10435,2.10535,1.00,1.00
2010.06.23 07:50:45.969,2.10435,2.1055,1.00,2.10
2010.06.23 07:50:46.538,2.10435,2.1055,1.00,2.10
2010.06.23 07:50:50.263,2.10435,2.10545,1.00,1.00
2010.06.23 07:50:50.892,2.1043,2.10545,1.00,2.10
2010.06.23 07:50:51.230,2.1043,2.1054,1.00,1.00
2010.06.23 07:50:51.570,2.10435,2.1054,1.00,1.00
2010.06.23 07:50:52.520,2.10435,2.1054,1.00,1.60
2010.06.23 07:50:52.858,2.1043,2.10545,1.00,2.10
2010.06.23 07:50:53.199,2.1043,2.1054,2.40,1.60
2010.06.23 07:50:53.358,2.1043,2.1054,2.40,1.00
2010.06.23 07:50:53.838,2.1043,2.10545,2.40,1.60
2010.06.23 07:50:54.381,2.1043,2.10545,1.30,1.60
2010.06.23 07:50:54.657,2.1046,2.1055,1.50,1.60
2010.06.23 07:50:54.921,2.1046,2.1056,1.00,1.00
2010.06.23 07:50:55.882,2.10465,2.1059,1.90,1.00
2010.06.23 07:50:56.542,2.10485,2.1059,1.00,1.00
2010.06.23 07:50:57.531,2.10485,2.10595,1.00,1.00
2010.06.23 07:50:57.870,2.10485,2.1059,1.00,1.00
2010.06.23 07:50:58.109,2.10485,2.1059,1.00,1.60
2010.06.23 07:50:58.849,2.1047,2.10575,1.00,1.60
2010.06.23 07:50:59.104,2.1047,2.1057,1.00,1.00
2010.06.23 07:50:59.320,2.1046,2.1057,2.40,1.00
2010.06.23 07:50:59.947,2.1046,2.1057,1.30,1.00
2010.06.23 07:51:00.171,2.10455,2.1057,1.00,1.30
2010.06.23 07:51:00.484,2.10455,2.10565,1.00,1.60
2010.06.23 07:51:00.794,2.1045,2.10555,1.00,1.60
2010.06.23 07:51:01.629,2.10445,2.10555,1.00,2.40
2010.06.23 07:51:01.971,2.1044,2.1055,1.60,1.00
2010.06.23 07:51:02.312,2.1044,2.1055,1.00,1.00
2010.06.23 07:51:03.483,2.1043,2.10545,1.00,1.00
2010.06.23 07:51:03.632,2.1043,2.10545,1.00,1.30
2010.06.23 07:51:04.286,2.10435,2.10545,1.00,1.00
2010.06.23 07:51:04.781,2.10435,2.1054,1.00,1.60
2010.06.23 07:51:05.380,2.10435,2.1054,1.00,1.00
2010.06.23 07:51:05.741,2.10445,2.1054,1.10,2.40
2010.06.23 07:51:05.973,2.1045,2.10545,1.00,1.60
2010.06.23 07:51:06.657,2.1045,2.10545,1.00,1.00
2010.06.23 07:51:07.481,2.10455,2.10545,1.00,1.00
2010.06.23 07:51:08.161,2.10455,2.10555,1.00,1.00
2010.06.23 07:51:09.270,2.10455,2.1056,1.00,2.40
2010.06.23 07:51:12.013,2.10455,2.10555,1.00,1.60
2010.06.23 07:51:12.253,2.10455,2.10555,1.00,1.60
2010.06.23 07:51:13.471,2.10455,2.1055,1.00,1.00
2010.06.23 07:51:13.744,2.10465,2.1055,1.00,1.00
2010.06.23 07:51:14.020,2.10465,2.10555,1.00,1.00
2010.06.23 07:51:15.439,2.10465,2.1056,1.00,2.40
2010.06.23 07:51:16.835,2.10455,2.1056,1.00,2.40
2010.06.23 07:51:17.069,2.10455,2.1056,1.00,2.40
2010.06.23 07:51:17.566,2.10455,2.10555,1.00,1.00
2010.06.23 07:51:17.802,2.10465,2.10555,1.00,1.00
2010.06.23 07:51:18.756,2.10455,2.1056,1.00,1.60
2010.06.23 07:51:19.084,2.1047,2.1056,1.00,1.00
2010.06.23 07:51:19.333,2.1047,2.1056,1.00,1.60
2010.06.23 07:51:19.582,2.1047,2.1056,1.00,1.00
2010.06.23 07:51:20.103,2.1047,2.10565,1.00,1.00
2010.06.23 07:51:20.354,2.10475,2.1057,1.00,1.00
2010.06.23 07:51:20.652,2.10475,2.1057,1.00,1.60
2010.06.23 07:51:20.933,2.10475,2.1057,1.00,1.60
2010.06.23 07:51:21.433,2.10475,2.1057,1.00,1.00
2010.06.23 07:51:22.252,2.10475,2.1057,1.00,1.00
2010.06.23 07:51:23.547,2.1049,2.1058,1.00,1.60
2010.06.23 07:51:23.796,2.105,2.106,1.00,1.00
2010.06.23 07:51:24.615,2.105,2.10605,1.00,1.00
2010.06.23 07:51:24.960,2.10505,2.1061,1.00,1.00
2010.06.23 07:51:25.299,2.10505,2.1061,1.00,1.60
2010.06.23 07:51:25.921,2.10505,2.10605,1.00,1.00
2010.06.23 07:51:26.201,2.10505,2.1061,1.00,1.00
2010.06.23 07:51:26.812,2.10505,2.10615,1.00,2.40
2010.06.23 07:51:26.964,2.105,2.106,1.00,1.00
2010.06.23 07:51:27.402,2.1049,2.106,1.00,1.00
2010.06.23 07:51:27.555,2.10485,2.10595,1.80,1.00
2010.06.23 07:51:28.193,2.10485,2.1059,1.00,1.00
2010.06.23 07:51:28.479,2.10485,2.10585,1.00,1.00
2010.06.23 07:51:28.770,2.10485,2.1059,1.00,1.60
2010.06.23 07:51:29.421,2.10485,2.1059,1.00,1.00
2010.06.23 07:51:34.345,2.1049,2.1059,1.00,1.00
2010.06.23 07:51:34.495,2.10495,2.10595,1.00,1.60
2010.06.23 07:51:34.643,2.10495,2.10595,1.00,1.00
2010.06.23 07:51:34.944,2.1048,2.10585,1.00,1.00
2010.06.23 07:51:35.253,2.1048,2.1057,1.00,1.00
2010.06.23 07:51:36.042,2.10475,2.1057,1.00,1.60
2010.06.23 07:51:36.499,2.10475,2.1057,1.00,1.00
2010.06.23 07:51:36.729,2.10475,2.10575,1.00,1.00
2010.06.23 07:51:36.959,2.10475,2.1057,1.00,1.00
2010.06.23 07:51:37.170,2.10475,2.10575,1.00,1.00
2010.06.23 07:51:37.380,2.10475,2.1057,1.00,1.00
2010.06.23 07:51:38.032,2.10465,2.1057,1.70,1.00
2010.06.23 07:51:38.153,2.10465,2.1057,1.00,1.00
2010.06.23 07:51:38.302,2.10465,2.1056,1.00,1.00
2010.06.23 07:51:38.419,2.10465,2.1056,1.00,1.60
2010.06.23 07:51:38.849,2.10465,2.1056,1.00,1.00
2010.06.23 07:51:40.026,2.1047,2.10555,1.00,1.00
2010.06.23 07:51:40.323,2.10455,2.10555,1.00,1.00
2010.06.23 07:51:40.613,2.10455,2.1055,1.00,1.00
2010.06.23 07:51:41.114,2.10455,2.1055,1.00,1.00
2010.06.23 07:51:41.377,2.1046,2.1055,1.00,1.60
2010.06.23 07:51:41.634,2.10465,2.1055,1.00,1.00
2010.06.23 07:51:42.377,2.10465,2.10555,1.00,1.60
2010.06.23 07:51:42.713,2.10465,2.10555,1.00,1.00
2010.06.23 07:51:43.052,2.10465,2.10555,1.00,1.00
2010.06.23 07:51:44.808,2.10465,2.1055,1.00,1.00
2010.06.23 07:51:45.948,2.10455,2.1055,1.10,1.00
2010.06.23 07:51:46.269,2.1045,2.10565,1.00,1.30
2010.06.23 07:51:51.340,2.1045,2.10565,1.00,2.10
2010.06.23 07:51:51.472,2.1045,2.1055,1.00,1.60
2010.06.23 07:51:54.238,2.1045,2.1055,1.00,1.00
2010.06.23 07:51:58.353,2.10445,2.1055,1.00,2.40
2010.06.23 07:52:00.750,2.10455,2.1055,1.00,1.00
2010.06.23 07:52:00.969,2.1046,2.1056,1.00,2.40
2010.06.23 07:52:01.182,2.1047,2.1056,1.00,1.00
2010.06.23 07:52:01.849,2.1047,2.1057,1.00,1.00
2010.06.23 07:52:02.106,2.1047,2.1058,1.00,1.60
2010.06.23 07:52:02.360,2.1047,2.10575,1.00,1.00
2010.06.23 07:52:05.010,2.10475,2.10575,1.00,1.00
2010.06.23 07:52:05.218,2.1048,2.10575,1.00,1.00
2010.06.23 07:52:05.620,2.10485,2.1058,1.60,1.00
2010.06.23 07:52:05.830,2.10485,2.1059,1.00,1.60
2010.06.23 07:52:06.533,2.1049,2.10595,1.00,1.00
2010.06.23 07:52:07.651,2.10495,2.10595,1.00,1.00
2010.06.23 07:52:07.979,2.10505,2.10595,1.00,1.00
2010.06.23 07:52:09.838,2.10505,2.10595,1.00,1.60
2010.06.23 07:52:09.958,2.10505,2.10595,1.00,1.00
2010.06.23 07:52:11.322,2.10495,2.106,1.00,1.00
2010.06.23 07:52:11.605,2.10485,2.1059,1.00,1.30
2010.06.23 07:52:12.054,2.10475,2.1059,1.00,1.30
2010.06.23 07:52:12.832,2.10475,2.1059,2.30,1.00
2010.06.23 07:52:13.336,2.10485,2.1059,1.00,1.00
2010.06.23 07:52:14.130,2.10485,2.10595,1.00,1.60
2010.06.23 07:52:14.910,2.1048,2.10595,1.00,1.60
2010.06.23 07:52:15.648,2.1049,2.106,1.10,1.00
2010.06.23 07:52:15.997,2.10485,2.1061,1.00,1.60
2010.06.23 07:52:16.343,2.10485,2.10605,1.00,1.60
2010.06.23 07:52:17.095,2.10495,2.1061,1.00,2.10
2010.06.23 07:52:17.446,2.10495,2.1061,1.00,1.30
2010.06.23 07:52:18.510,2.10495,2.1061,1.00,1.30
2010.06.23 07:52:20.979,2.10505,2.1061,1.00,1.30
2010.06.23 07:52:21.685,2.10505,2.1061,1.00,1.00
2010.06.23 07:52:22.613,2.10505,2.10605,1.00,1.00
2010.06.23 07:52:23.500,2.10515,2.10605,1.00,1.00
2010.06.23 07:52:24.102,2.10515,2.10615,1.00,1.60
2010.06.23 07:52:24.767,2.10515,2.1062,1.00,1.00
2010.06.23 07:52:25.014,2.1057,2.10655,1.00,1.00
2010.06.23 07:52:25.841,2.10555,2.1066,2.40,1.60
2010.06.23 07:52:26.184,2.10555,2.1066,1.00,1.60
2010.06.23 07:52:26.754,2.1057,2.1066,1.00,1.60
2010.06.23 07:52:27.107,2.106,2.107,1.00,1.60
2010.06.23 07:52:27.899,2.106,2.1071,1.00,1.60
2010.06.23 07:52:28.255,2.106,2.10715,1.00,3.20
2010.06.23 07:52:28.444,2.1059,2.10695,1.30,1.10
2010.06.23 07:52:29.077,2.1059,2.1068,1.00,1.00
2010.06.23 07:52:29.266,2.1054,2.1065,1.00,1.00
2010.06.23 07:52:29.613,2.1055,2.10655,1.00,1.60
2010.06.23 07:52:30.435,2.10525,2.10645,1.00,1.30
2010.06.23 07:52:30.752,2.10525,2.1064,1.00,2.40
2010.06.23 07:52:31.074,2.10525,2.10635,1.00,2.40
2010.06.23 07:52:31.551,2.10525,2.10635,1.00,1.60
2010.06.23 07:52:31.865,2.1052,2.10625,1.00,1.00
2010.06.23 07:52:33.007,2.10495,2.1062,3.40,1.60
2010.06.23 07:52:33.356,2.10515,2.10625,1.10,1.00
2010.06.23 07:52:33.561,2.1051,2.10625,1.00,1.00
2010.06.23 07:52:34.965,2.10525,2.1063,1.00,1.60
2010.06.23 07:52:35.583,2.10535,2.1063,1.00,1.60
2010.06.23 07:52:36.258,2.10525,2.1063,1.00,1.00
2010.06.23 07:52:36.571,2.1052,2.1063,1.00,1.00
2010.06.23 07:52:36.814,2.1052,2.10625,1.00,1.00
2010.06.23 07:52:37.875,2.10525,2.1063,1.00,1.60
2010.06.23 07:52:38.190,2.10525,2.10625,1.00,1.60
2010.06.23 07:52:38.503,2.1052,2.10625,1.00,1.00
2010.06.23 07:52:38.812,2.1052,2.1063,1.00,3.20
2010.06.23 07:52:38.981,2.1052,2.10625,1.00,1.00
2010.06.23 07:52:39.920,2.1052,2.10615,1.00,1.10
2010.06.23 07:52:40.193,2.1049,2.10595,1.30,1.00
2010.06.23 07:52:40.462,2.1048,2.1059,1.50,1.00
2010.06.23 07:52:41.883,2.10465,2.10585,1.00,1.90
2010.06.23 07:52:42.049,2.10465,2.10575,1.00,1.00
2010.06.23 07:52:42.988,2.1048,2.1058,1.00,1.10
2010.06.23 07:52:43.326,2.10485,2.10585,1.00,1.00
2010.06.23 07:52:43.660,2.1048,2.10585,1.00,1.00
2010.06.23 07:52:45.521,2.1048,2.10585,1.50,1.00
2010.06.23 07:52:48.490,2.1048,2.10585,2.30,1.00
2010.06.23 07:52:48.661,2.10485,2.10585,1.00,1.00
2010.06.23 07:52:48.833,2.1049,2.1059,1.00,1.00
2010.06.23 07:52:49.686,2.105,2.106,1.00,1.60
2010.06.23 07:52:50.495,2.10505,2.1062,2.30,1.00
2010.06.23 07:52:50.845,2.10525,2.10635,1.30,1.60
2010.06.23 07:52:51.193,2.10525,2.1063,1.00,1.00
2010.06.23 07:52:51.698,2.10525,2.1063,1.00,1.60
2010.06.23 07:52:52.383,2.10525,2.1063,1.00,1.60
2010.06.23 07:52:53.516,2.10535,2.10645,1.00,2.40
2010.06.23 07:52:53.713,2.10535,2.1064,1.00,1.00
2010.06.23 07:52:54.274,2.10535,2.1064,1.00,1.60
2010.06.23 07:52:55.293,2.10525,2.1063,1.50,1.60
2010.06.23 07:52:56.548,2.10555,2.1063,1.30,1.00
2010.06.23 07:52:56.657,2.10555,2.1066,1.00,1.00
2010.06.23 07:52:57.411,2.1055,2.10655,1.00,1.00
2010.06.23 07:52:57.590,2.1055,2.10645,1.00,1.00
2010.06.23 07:52:57.944,2.1053,2.1063,1.00,1.00
2010.06.23 07:52:58.434,2.1053,2.1063,1.00,1.30
2010.06.23 07:52:58.781,2.10505,2.1062,1.00,1.00
2010.06.23 07:52:59.031,2.10505,2.10615,1.00,1.00
2010.06.23 07:52:59.284,2.10515,2.1062,2.10,1.00
2010.06.23 07:53:00.018,2.10515,2.1063,2.10,1.00
2010.06.23 07:53:00.366,2.10515,2.1062,1.00,1.00
2010.06.23 07:53:00.948,2.1051,2.1062,1.00,1.00
2010.06.23 07:53:01.287,2.1051,2.10625,1.00,1.30
2010.06.23 07:53:01.624,2.10505,2.10615,1.00,1.30
2010.06.23 07:53:02.152,2.105,2.10615,1.00,1.30
2010.06.23 07:53:02.477,2.10485,2.106,1.00,1.30
2010.06.23 07:53:03.584,2.1048,2.10595,1.00,1.00
2010.06.23 07:53:03.814,2.10475,2.1059,1.00,1.30
2010.06.23 07:53:04.041,2.10475,2.1059,1.00,1.00
2010.06.23 07:53:05.284,2.10475,2.1059,1.00,1.00
2010.06.23 07:53:05.633,2.10475,2.10585,1.00,1.00
2010.06.23 07:53:05.978,2.1047,2.1058,1.00,1.30
2010.06.23 07:53:06.291,2.1047,2.1058,1.00,2.10
2010.06.23 07:53:06.852,2.1047,2.10575,1.00,1.00
2010.06.23 07:53:07.163,2.1046,2.1056,1.30,1.60
2010.06.23 07:53:07.749,2.10455,2.1056,1.50,1.60
2010.06.23 07:53:07.910,2.10455,2.1056,1.00,2.10
2010.06.23 07:53:08.069,2.1045,2.1056,1.00,2.10
2010.06.23 07:53:08.584,2.1045,2.1056,1.00,1.30
2010.06.23 07:53:08.754,2.1045,2.1056,1.00,2.10
2010.06.23 07:53:09.031,2.1045,2.10555,1.00,1.00
2010.06.23 07:53:09.959,2.1044,2.10545,1.90,1.00
2010.06.23 07:53:10.279,2.1044,2.10545,1.00,1.00
2010.06.23 07:53:12.070,2.1043,2.1051,1.00,1.60
2010.06.23 07:53:12.240,2.10395,2.10485,1.60,1.00
2010.06.23 07:53:12.410,2.1042,2.1049,1.00,1.00
2010.06.23 07:53:12.580,2.10425,2.10515,1.00,1.00
2010.06.23 07:53:13.126,2.1041,2.1051,1.10,1.00
2010.06.23 07:53:13.350,2.10405,2.10525,1.30,1.00
2010.06.23 07:53:13.572,2.10405,2.10515,1.00,1.00
2010.06.23 07:53:13.790,2.10405,2.10515,1.90,1.00
2010.06.23 07:53:14.012,2.1041,2.10515,1.00,1.00
2010.06.23 07:53:14.622,2.1041,2.10535,1.00,1.00
2010.06.23 07:53:14.960,2.10415,2.1054,1.50,1.30
2010.06.23 07:53:15.301,2.10415,2.1053,1.50,1.00
2010.06.23 07:53:15.490,2.10415,2.1053,1.50,1.60
2010.06.23 07:53:16.123,2.10415,2.1054,1.50,1.90
2010.06.23 07:53:16.316,2.1043,2.10555,1.00,1.70
2010.06.23 07:53:17.481,2.1043,2.10555,1.00,1.60
2010.06.23 07:53:17.683,2.1043,2.1055,1.00,1.60
2010.06.23 07:53:17.879,2.1043,2.10545,1.00,1.60
2010.06.23 07:53:18.088,2.10425,2.10535,1.00,1.00
2010.06.23 07:53:18.728,2.10425,2.10535,1.00,1.60
2010.06.23 07:53:19.021,2.10415,2.1052,1.00,1.00
2010.06.23 07:53:19.313,2.1041,2.10525,1.00,1.00
2010.06.23 07:53:20.025,2.10405,2.1052,2.10,1.00
2010.06.23 07:53:20.372,2.10405,2.10515,1.50,1.00
2010.06.23 07:53:21.857,2.10395,2.1051,1.00,1.10
2010.06.23 07:53:22.206,2.1041,2.10525,1.00,1.00
2010.06.23 07:53:22.467,2.1041,2.1052,1.00,1.00
2010.06.23 07:53:22.961,2.10405,2.1052,1.00,1.00
2010.06.23 07:53:23.226,2.1041,2.10515,1.00,1.00
2010.06.23 07:53:25.831,2.1041,2.10525,1.00,1.00
2010.06.23 07:53:26.820,2.10415,2.10535,1.00,2.60
2010.06.23 07:53:27.175,2.10425,2.10545,1.00,2.60
2010.06.23 07:53:27.778,2.10425,2.10535,1.00,1.00
2010.06.23 07:53:28.065,2.1042,2.1052,1.50,1.00
2010.06.23 07:53:32.589,2.1042,2.1052,1.00,1.00
2010.06.23 07:53:33.054,2.1042,2.10515,1.00,1.10
2010.06.23 07:53:33.092,2.10415,2.10505,1.00,1.00
2010.06.23 07:53:33.200,2.10415,2.10515,1.00,1.00
2010.06.23 07:53:33.381,2.10415,2.1052,1.00,1.00
2010.06.23 07:53:38.997,2.10415,2.10515,1.00,1.00
2010.06.23 07:53:40.504,2.10415,2.10525,1.00,1.00
2010.06.23 07:53:40.734,2.10415,2.10525,1.00,1.00
2010.06.23 07:53:43.441,2.10415,2.1053,1.00,1.00
2010.06.23 07:53:43.570,2.10415,2.1053,1.30,1.00
2010.06.23 07:53:44.332,2.10405,2.10525,1.50,1.00
2010.06.23 07:53:44.583,2.10405,2.10525,1.50,1.00
2010.06.23 07:53:44.831,2.10405,2.10525,1.50,1.00
2010.06.23 07:53:46.329,2.10405,2.1052,1.50,1.00
2010.06.23 07:53:46.954,2.10405,2.1052,1.50,1.60
2010.06.23 07:53:47.909,2.10405,2.1052,1.70,1.60
2010.06.23 07:53:48.010,2.10415,2.1052,1.00,1.60
2010.06.23 07:53:48.110,2.10415,2.10525,1.00,1.00
2010.06.23 07:53:48.816,2.1042,2.10525,1.00,1.00
2010.06.23 07:53:49.933,2.1042,2.1053,1.00,1.00
2010.06.23 07:53:50.275,2.10405,2.10515,1.00,1.00
2010.06.23 07:53:50.621,2.104,2.10515,1.00,1.00
2010.06.23 07:53:51.492,2.104,2.1051,1.00,1.00
2010.06.23 07:53:51.834,2.10395,2.10505,1.00,1.00
2010.06.23 07:53:55.618,2.10395,2.10505,1.00,1.00
2010.06.23 07:53:56.039,2.10395,2.1051,1.50,1.00
2010.06.23 07:53:56.679,2.10395,2.1051,1.00,1.00
2010.06.23 07:53:57.243,2.10395,2.10505,1.00,1.00
2010.06.23 07:53:57.474,2.10395,2.1051,1.50,1.00
2010.06.23 07:53:57.700,2.10395,2.1051,1.30,1.00
2010.06.23 07:54:00.771,2.104,2.1052,1.00,3.20
2010.06.23 07:54:00.880,2.104,2.1052,1.30,1.60
2010.06.23 07:54:00.991,2.104,2.1052,1.30,1.00
2010.06.23 07:54:01.562,2.1041,2.10525,1.00,1.00
2010.06.23 07:54:01.900,2.1041,2.10525,1.30,1.00
2010.06.23 07:54:02.241,2.10415,2.10535,1.30,1.00
2010.06.23 07:54:02.580,2.10415,2.10525,1.00,1.00
2010.06.23 07:54:04.031,2.10415,2.10535,1.30,1.00
2010.06.23 07:54:04.163,2.1042,2.10535,1.00,1.00
2010.06.23 07:54:05.543,2.1042,2.10525,1.00,1.00
2010.06.23 07:54:06.804,2.1042,2.10515,1.10,1.00
2010.06.23 07:54:07.157,2.1042,2.10515,1.00,1.00
2010.06.23 07:54:07.654,2.1043,2.10515,1.10,1.00
2010.06.23 07:54:08.007,2.10455,2.1057,1.00,1.30
2010.06.23 07:54:08.295,2.1044,2.10555,2.10,1.00
2010.06.23 07:54:08.809,2.1044,2.10555,1.30,1.00
2010.06.23 07:54:09.104,2.10445,2.10555,1.00,1.00
2010.06.23 07:54:10.598,2.10445,2.1056,1.00,1.00
2010.06.23 07:54:10.942,2.10445,2.10555,1.00,1.00
2010.06.23 07:54:13.865,2.10435,2.1054,1.00,1.00
2010.06.23 07:54:14.065,2.10435,2.1055,1.00,1.00
2010.06.23 07:54:14.263,2.10455,2.1057,1.00,1.00
2010.06.23 07:54:14.973,2.10475,2.1059,1.00,1.00
2010.06.23 07:54:15.314,2.10475,2.1059,1.60,1.00
2010.06.23 07:54:15.951,2.10475,2.10585,1.10,1.00
2010.06.23 07:54:16.307,2.10485,2.10585,1.00,1.00
2010.06.23 07:54:17.127,2.10475,2.10575,1.00,1.00
2010.06.23 07:54:17.451,2.10455,2.1057,3.10,1.00
2010.06.23 07:54:17.760,2.10465,2.10555,1.60,1.00
2010.06.23 07:54:19.204,2.1047,2.10555,1.00,1.00
2010.06.23 07:54:19.629,2.1046,2.10555,1.00,1.00
2010.06.23 07:54:20.050,2.1044,2.10555,2.10,1.00
2010.06.23 07:54:20.925,2.1044,2.10555,1.00,2.10
2010.06.23 07:54:22.503,2.10435,2.10555,1.30,2.10
2010.06.23 07:54:23.177,2.10435,2.10555,2.40,2.30
2010.06.23 07:54:23.395,2.10445,2.10555,1.60,1.00
2010.06.23 07:54:23.610,2.10445,2.10555,1.00,1.00
2010.06.23 07:54:28.163,2.1046,2.10575,1.30,1.00
2010.06.23 07:54:28.361,2.10465,2.10585,1.30,2.10
2010.06.23 07:54:28.866,2.10465,2.10585,2.10,2.10
2010.06.23 07:54:29.065,2.10485,2.10595,1.30,1.00
2010.06.23 07:54:29.412,2.10485,2.10595,1.00,1.00
2010.06.23 07:54:29.753,2.10485,2.10585,1.00,1.00
2010.06.23 07:54:30.502,2.1045,2.10565,1.30,1.00
2010.06.23 07:54:30.772,2.1045,2.1056,1.00,1.00
2010.06.23 07:54:31.040,2.10445,2.10565,1.50,1.30
2010.06.23 07:54:31.810,2.10445,2.1056,1.00,1.00
2010.06.23 07:54:33.378,2.10455,2.10565,1.00,1.00
2010.06.23 07:54:34.217,2.10465,2.1057,1.00,1.00
2010.06.23 07:54:34.454,2.10475,2.10575,1.00,1.00
2010.06.23 07:54:34.697,2.10465,2.1057,1.60,1.00
2010.06.23 07:54:35.189,2.10455,2.1057,1.60,1.00
2010.06.23 07:54:35.536,2.1045,2.1056,1.60,1.00
2010.06.23 07:54:36.380,2.10455,2.1056,1.00,1.00
2010.06.23 07:54:36.726,2.1045,2.1056,1.60,1.00
2010.06.23 07:54:37.074,2.1045,2.1056,1.00,1.00
2010.06.23 07:54:37.415,2.1045,2.10555,1.00,1.00
2010.06.23 07:54:37.905,2.1045,2.10555,1.00,1.60
2010.06.23 07:54:38.194,2.1043,2.1054,1.00,1.00
2010.06.23 07:54:38.472,2.1043,2.1054,1.50,1.00
2010.06.23 07:54:39.631,2.1043,2.10535,1.00,1.00
2010.06.23 07:54:41.150,2.1043,2.1054,1.00,1.30
2010.06.23 07:54:41.398,2.1042,2.1053,1.00,1.30
2010.06.23 07:54:41.632,2.10415,2.10525,1.00,1.60
2010.06.23 07:54:42.145,2.1041,2.1052,1.50,1.00
2010.06.23 07:54:42.492,2.10415,2.1053,1.00,1.60
2010.06.23 07:54:42.832,2.1044,2.1054,1.00,1.00
2010.06.23 07:54:43.462,2.1044,2.1054,1.00,1.60
2010.06.23 07:54:43.716,2.10445,2.1056,1.30,1.00
2010.06.23 07:54:43.963,2.1045,2.1057,1.00,2.90
2010.06.23 07:54:44.476,2.10455,2.1057,1.10,1.30
2010.06.23 07:54:44.826,2.10465,2.1058,1.30,1.00
2010.06.23 07:54:45.627,2.10465,2.1057,1.00,1.00
2010.06.23 07:54:45.965,2.10445,2.1055,1.50,1.00
2010.06.23 07:54:46.305,2.10445,2.1055,1.00,1.00
2010.06.23 07:54:47.111,2.10445,2.10555,1.00,1.30
2010.06.23 07:54:47.452,2.1044,2.1055,1.00,1.60
2010.06.23 07:54:47.790,2.10445,2.1055,1.00,1.00
2010.06.23 07:54:48.109,2.10455,2.10555,1.00,2.40
2010.06.23 07:54:48.270,2.10455,2.10555,1.00,1.60
2010.06.23 07:54:49.107,2.10455,2.10555,1.00,1.00
2010.06.23 07:54:49.298,2.1048,2.10595,1.00,1.50
2010.06.23 07:54:49.484,2.1047,2.10585,1.30,1.00
2010.06.23 07:54:50.172,2.10465,2.1058,2.10,1.00
2010.06.23 07:54:50.507,2.10445,2.1056,1.30,1.00
2010.06.23 07:54:51.309,2.1046,2.10565,1.00,1.00
2010.06.23 07:54:51.654,2.10465,2.10575,1.00,1.00
2010.06.23 07:54:52.003,2.10465,2.10575,1.30,1.00
2010.06.23 07:54:52.768,2.10465,2.1058,1.30,1.00
2010.06.23 07:54:53.031,2.10475,2.1059,1.00,2.90
2010.06.23 07:54:53.301,2.10475,2.1059,1.30,1.00
2010.06.23 07:54:53.569,2.1048,2.10595,1.00,2.10
2010.06.23 07:54:54.089,2.1048,2.10595,1.00,1.30
2010.06.23 07:54:54.823,2.1048,2.10595,1.00,1.50
2010.06.23 07:54:55.044,2.1048,2.10595,1.00,2.30
2010.06.23 07:54:55.273,2.10475,2.10595,1.30,2.30
2010.06.23 07:54:55.493,2.10475,2.10585,1.00,1.00
2010.06.23 07:54:55.710,2.1047,2.10585,1.00,1.30
2010.06.23 07:54:55.933,2.1047,2.10575,1.00,1.00
2010.06.23 07:54:56.756,2.10455,2.1057,1.00,1.00
2010.06.23 07:55:00.052,2.10455,2.1057,1.00,1.30
2010.06.23 07:55:00.393,2.10455,2.1057,1.00,2.10
2010.06.23 07:55:00.732,2.1047,2.1058,1.00,1.60
2010.06.23 07:55:01.545,2.10485,2.1059,1.00,1.00
2010.06.23 07:55:02.650,2.10475,2.1059,2.10,1.30
2010.06.23 07:55:02.841,2.10485,2.1059,1.00,1.00
2010.06.23 07:55:03.031,2.10485,2.1059,1.00,1.60
2010.06.23 07:55:03.735,2.1048,2.1059,1.00,1.00
2010.06.23 07:55:03.962,2.10495,2.10595,1.00,1.60
2010.06.23 07:55:05.021,2.10495,2.106,1.00,1.60
2010.06.23 07:55:05.354,2.10485,2.10605,1.00,1.30
2010.06.23 07:55:05.641,2.10485,2.10605,1.00,1.30
2010.06.23 07:55:06.402,2.10485,2.10605,1.30,1.30
2010.06.23 07:55:06.619,2.1049,2.10605,1.00,1.30
2010.06.23 07:55:07.199,2.10485,2.10605,1.00,2.40
2010.06.23 07:55:07.799,2.10485,2.10595,1.00,1.00
2010.06.23 07:55:08.021,2.10475,2.10585,1.00,1.00
2010.06.23 07:55:08.441,2.10475,2.10585,1.00,1.00
2010.06.23 07:55:09.307,2.10475,2.1058,1.00,1.00
2010.06.23 07:55:09.971,2.10465,2.1058,1.00,1.00
2010.06.23 07:55:10.698,2.10465,2.1057,1.00,1.00
2010.06.23 07:55:10.989,2.1046,2.1058,1.00,1.60
2010.06.23 07:55:12.140,2.1046,2.10585,1.00,1.00
2010.06.23 07:55:12.781,2.10465,2.10585,1.00,1.00
2010.06.23 07:55:13.616,2.10465,2.10595,3.20,1.00
2010.06.23 07:55:14.119,2.10465,2.10595,3.40,1.00
2010.06.23 07:55:14.900,2.1047,2.10595,1.50,1.00
2010.06.23 07:55:15.220,2.10465,2.1059,3.40,1.00
2010.06.23 07:55:15.851,2.10475,2.10595,1.00,1.00
2010.06.23 07:55:16.120,2.1048,2.106,1.10,1.00
2010.06.23 07:55:16.391,2.1048,2.106,1.60,1.00
2010.06.23 07:55:17.118,2.10485,2.10605,1.00,1.00
2010.06.23 07:55:17.389,2.10485,2.10605,1.00,1.00
2010.06.23 07:55:18.879,2.10485,2.10605,1.00,2.00
2010.06.23 07:55:19.101,2.10485,2.10605,1.00,1.30
2010.06.23 07:55:19.320,2.10485,2.10605,1.00,1.00
2010.06.23 07:55:19.969,2.10485,2.10605,1.00,1.00
2010.06.23 07:55:20.620,2.10485,2.10605,1.00,1.00
2010.06.23 07:55:20.791,2.10485,2.10605,1.00,1.00
2010.06.23 07:55:20.961,2.10485,2.10605,1.00,1.00
2010.06.23 07:55:21.132,2.10485,2.10605,1.00,1.00
2010.06.23 07:55:21.302,2.1049,2.10605,1.00,1.00
2010.06.23 07:55:21.900,2.105,2.10605,1.00,1.00
2010.06.23 07:55:22.248,2.10485,2.10605,1.50,1.00
2010.06.23 07:55:22.592,2.1049,2.10605,1.00,1.00
2010.06.23 07:55:23.416,2.105,2.10615,1.30,1.00
2010.06.23 07:55:23.670,2.10505,2.1062,1.30,1.00
2010.06.23 07:55:24.357,2.105,2.10615,1.00,1.00
2010.06.23 07:55:24.656,2.1048,2.10595,1.00,1.00
2010.06.23 07:55:28.983,2.1048,2.10595,1.00,1.00
2010.06.23 07:55:30.415,2.1048,2.10595,1.00,1.00
2010.06.23 07:55:31.358,2.10485,2.10595,1.00,1.00
2010.06.23 07:55:31.603,2.1051,2.1061,1.00,1.00
2010.06.23 07:55:34.099,2.10505,2.1061,1.60,1.00
2010.06.23 07:55:34.980,2.1051,2.1062,1.00,1.00
2010.06.23 07:55:35.289,2.1051,2.1062,1.60,1.00
2010.06.23 07:55:37.732,2.1052,2.1061,1.00,1.00
2010.06.23 07:55:38.502,2.10525,2.1062,1.00,1.00
2010.06.23 07:55:38.609,2.10525,2.10625,1.60,1.80
2010.06.23 07:55:39.161,2.10525,2.1062,1.60,1.00
2010.06.23 07:55:39.268,2.10525,2.10625,1.60,1.00
2010.06.23 07:55:39.616,2.1052,2.10625,1.50,1.00
2010.06.23 07:55:41.930,2.1052,2.10625,2.10,1.00
2010.06.23 07:55:42.449,2.1052,2.10625,2.90,1.00
2010.06.23 07:55:43.371,2.1052,2.10635,2.90,1.00
2010.06.23 07:55:43.664,2.10525,2.10635,1.00,1.00
2010.06.23 07:55:43.910,2.10525,2.1064,2.10,1.00
2010.06.23 07:55:44.089,2.10525,2.1064,1.30,1.00
2010.06.23 07:55:44.718,2.1053,2.1064,1.00,1.00
2010.06.23 07:55:44.981,2.10545,2.1064,1.00,1.00
2010.06.23 07:55:45.240,2.10545,2.10645,1.00,1.00
2010.06.23 07:55:46.550,2.10545,2.10645,1.60,1.00
2010.06.23 07:55:47.071,2.10545,2.1065,1.60,1.00
2010.06.23 07:55:48.065,2.1054,2.1065,1.60,1.00
2010.06.23 07:55:48.310,2.1054,2.1064,1.60,1.00
2010.06.23 07:55:48.894,2.1054,2.10645,1.60,1.00
2010.06.23 07:55:49.020,2.1054,2.10645,1.00,1.00
2010.06.23 07:55:49.551,2.1054,2.1064,1.60,1.00
2010.06.23 07:55:49.830,2.10545,2.1064,1.00,1.00
2010.06.23 07:55:53.042,2.1055,2.1064,1.00,1.00
2010.06.23 07:55:53.752,2.10545,2.10635,1.00,1.00
2010.06.23 07:55:54.032,2.1052,2.1063,1.60,1.00
2010.06.23 07:55:55.437,2.10495,2.1061,1.30,1.00
2010.06.23 07:55:55.631,2.10495,2.1061,1.00,1.30
2010.06.23 07:55:56.340,2.10495,2.106,1.00,1.00
2010.06.23 07:55:56.686,2.10485,2.106,1.30,1.30
2010.06.23 07:55:57.032,2.10485,2.106,1.00,1.00
2010.06.23 07:55:57.760,2.10485,2.106,1.00,1.30
2010.06.23 07:55:58.020,2.10495,2.10605,1.00,2.40
2010.06.23 07:55:58.282,2.10495,2.1061,1.10,1.30
2010.06.23 07:55:58.541,2.1049,2.106,1.00,1.60
2010.06.23 07:55:59.065,2.1049,2.106,1.00,2.40
2010.06.23 07:55:59.357,2.10455,2.10575,1.30,1.00
2010.06.23 07:56:00.093,2.1045,2.10565,1.30,1.00
2010.06.23 07:56:00.774,2.1045,2.10565,1.00,1.00
2010.06.23 07:56:01.572,2.10455,2.10575,2.60,1.00
2010.06.23 07:56:01.866,2.1047,2.1059,1.00,1.30
2010.06.23 07:56:02.661,2.10475,2.10595,1.00,1.30
2010.06.23 07:56:03.001,2.1051,2.10625,1.00,1.00
2010.06.23 07:56:03.192,2.1052,2.1064,1.00,1.30
2010.06.23 07:56:03.381,2.1052,2.10635,1.60,1.00
2010.06.23 07:56:04.083,2.1052,2.1063,1.00,1.00
2010.06.23 07:56:04.763,2.1052,2.10635,1.00,1.00
2010.06.23 07:56:05.670,2.10525,2.1064,1.00,1.30
2010.06.23 07:56:06.260,2.10525,2.1064,1.00,1.30
2010.06.23 07:56:06.747,2.10525,2.1064,1.00,2.40
2010.06.23 07:56:07.035,2.10515,2.1063,2.10,1.00
2010.06.23 07:56:07.331,2.10525,2.1063,1.00,1.00
2010.06.23 07:56:08.054,2.10545,2.1065,1.00,1.60
2010.06.23 07:56:08.342,2.10545,2.1065,1.00,2.40
2010.06.23 07:56:09.951,2.10545,2.1065,1.00,2.40
2010.06.23 07:56:10.251,2.1055,2.10655,1.00,1.00
2010.06.23 07:56:10.554,2.10545,2.10655,1.00,1.00
2010.06.23 07:56:11.231,2.1055,2.10655,1.10,1.00
2010.06.23 07:56:11.381,2.1055,2.1066,1.10,1.00
2010.06.23 07:56:11.722,2.1056,2.10665,1.00,1.60
2010.06.23 07:56:12.892,2.1056,2.10665,1.00,3.20
2010.06.23 07:56:13.130,2.1056,2.10665,1.00,2.40
2010.06.23 07:56:13.780,2.10565,2.10665,1.00,2.40
2010.06.23 07:56:14.057,2.1056,2.1066,1.10,1.00
2010.06.23 07:56:14.331,2.10545,2.1066,1.00,1.00
2010.06.23 07:56:14.849,2.1055,2.10665,1.00,2.40
2010.06.23 07:56:15.185,2.10535,2.1065,1.00,1.00
2010.06.23 07:56:15.515,2.10535,2.1064,1.00,1.00
2010.06.23 07:56:16.296,2.10545,2.1064,1.00,1.00
2010.06.23 07:56:16.617,2.1055,2.1065,1.00,1.00
2010.06.23 07:56:16.930,2.10555,2.1065,1.00,1.60
2010.06.23 07:56:17.249,2.10555,2.1065,1.00,1.00
2010.06.23 07:56:17.569,2.1056,2.1065,1.00,1.00
2010.06.23 07:56:18.393,2.10545,2.1066,1.00,2.10
2010.06.23 07:56:19.900,2.10545,2.1066,1.00,2.10
2010.06.23 07:56:20.639,2.10545,2.10655,1.00,2.10
2010.06.23 07:56:20.817,2.10545,2.1066,1.00,1.00
2010.06.23 07:56:20.984,2.10545,2.1066,1.00,1.00
2010.06.23 07:56:22.366,2.10555,2.1067,1.00,1.30
2010.06.23 07:56:22.676,2.10565,2.1067,1.00,1.00
2010.06.23 07:56:24.320,2.10555,2.1067,1.00,1.00
2010.06.23 07:56:31.129,2.10555,2.1067,1.00,1.00
2010.06.23 07:56:31.380,2.10545,2.1066,2.30,1.00
2010.06.23 07:56:32.116,2.10545,2.1066,1.50,1.00
2010.06.23 07:56:32.468,2.10545,2.1066,1.00,1.00
2010.06.23 07:56:33.523,2.1055,2.10665,1.00,1.00
2010.06.23 07:56:35.374,2.10555,2.10665,1.00,1.00
2010.06.23 07:56:36.055,2.10545,2.1066,1.00,1.00
2010.06.23 07:56:36.647,2.10545,2.1066,1.50,1.00
2010.06.23 07:56:36.794,2.1056,2.1066,1.00,1.00
2010.06.23 07:56:37.140,2.1056,2.10665,1.00,1.00
2010.06.23 07:56:37.931,2.10565,2.1067,1.00,1.60
2010.06.23 07:56:38.152,2.10565,2.1067,1.00,1.00
2010.06.23 07:56:38.372,2.10565,2.1067,1.00,1.00
2010.06.23 07:56:39.213,2.1057,2.1067,1.00,1.60
2010.06.23 07:56:39.484,2.10565,2.1066,1.00,1.00
2010.06.23 07:56:39.752,2.1056,2.1066,1.00,1.00
2010.06.23 07:56:40.242,2.10565,2.1066,1.00,1.00
2010.06.23 07:56:40.584,2.10565,2.1066,1.00,1.60
2010.06.23 07:56:42.750,2.10555,2.1066,1.00,1.60
2010.06.23 07:56:43.248,2.10555,2.1066,1.80,1.60
2010.06.23 07:56:43.427,2.10565,2.1066,1.00,1.60
2010.06.23 07:56:43.671,2.10565,2.10665,1.00,1.60
2010.06.23 07:56:44.153,2.10565,2.1067,1.00,1.60
2010.06.23 07:56:44.947,2.10555,2.10665,1.00,1.60
2010.06.23 07:56:45.250,2.10555,2.10665,1.00,2.40
2010.06.23 07:56:45.564,2.1056,2.10665,1.00,1.00
2010.06.23 07:56:46.306,2.10565,2.10665,1.00,1.00
2010.06.23 07:56:46.653,2.10565,2.1067,1.00,1.60
2010.06.23 07:56:46.990,2.10565,2.1067,1.00,1.00
2010.06.23 07:56:50.232,2.1057,2.1067,1.00,1.00
2010.06.23 07:56:51.471,2.10565,2.1067,1.00,1.00
2010.06.23 07:56:52.045,2.10565,2.10675,1.00,2.40
2010.06.23 07:56:52.192,2.10565,2.10675,1.00,1.60
2010.06.23 07:56:53.853,2.10565,2.10675,1.00,1.00
2010.06.23 07:56:54.471,2.1057,2.10675,1.00,1.00
2010.06.23 07:56:54.606,2.1058,2.10685,1.00,1.60
2010.06.23 07:56:54.948,2.1056,2.1065,1.00,1.00
2010.06.23 07:56:58.078,2.1055,2.10665,1.30,2.30
2010.06.23 07:56:58.383,2.1055,2.10665,1.00,2.10
2010.06.23 07:56:58.821,2.10555,2.10665,1.00,2.10
2010.06.23 07:57:00.530,2.1055,2.10665,1.00,2.10
2010.06.23 07:57:01.238,2.10555,2.10665,1.00,2.10
2010.06.23 07:57:01.647,2.10565,2.10665,1.00,1.60
2010.06.23 07:57:01.791,2.1055,2.10665,1.00,2.10
2010.06.23 07:57:04.962,2.10545,2.1066,1.00,1.00
2010.06.23 07:57:05.201,2.10555,2.1067,1.00,2.40
2010.06.23 07:57:05.435,2.10555,2.10665,1.00,1.00
2010.06.23 07:57:05.673,2.10555,2.1066,1.00,1.60
2010.06.23 07:57:06.489,2.10555,2.1066,1.00,1.00
2010.06.23 07:57:06.833,2.10565,2.1067,1.00,3.20
2010.06.23 07:57:07.170,2.10565,2.1066,1.00,1.00
2010.06.23 07:57:07.973,2.10565,2.1067,1.00,1.00
2010.06.23 07:57:08.284,2.10565,2.10675,1.00,3.20
2010.06.23 07:57:08.452,2.10565,2.1067,1.00,1.00
2010.06.23 07:57:09.912,2.10565,2.10675,1.00,2.40
2010.06.23 07:57:10.808,2.10565,2.10675,1.00,3.20
2010.06.23 07:57:11.009,2.10565,2.1067,1.00,1.00
2010.06.23 07:57:11.208,2.10565,2.10675,1.00,3.20
2010.06.23 07:57:11.810,2.1057,2.10675,1.00,3.20
2010.06.23 07:57:12.667,2.10575,2.10675,1.00,3.20
2010.06.23 07:57:12.940,2.1057,2.10675,1.00,3.20
2010.06.23 07:57:13.190,2.10555,2.1067,1.00,1.00
2010.06.23 07:57:14.182,2.10585,2.1069,1.00,1.90
2010.06.23 07:57:14.312,2.10565,2.1068,1.00,1.00
2010.06.23 07:57:15.075,2.10565,2.1067,1.00,1.00
2010.06.23 07:57:15.434,2.10555,2.1067,1.00,1.00
2010.06.23 07:57:15.788,2.1057,2.1067,1.10,1.60
2010.06.23 07:57:16.620,2.1058,2.10665,1.00,1.00
2010.06.23 07:57:16.963,2.1057,2.1067,1.00,1.00
2010.06.23 07:57:17.798,2.10575,2.1066,1.00,1.00
2010.06.23 07:57:18.112,2.10585,2.10665,1.00,1.60
2010.06.23 07:57:18.433,2.10595,2.10665,1.00,1.60
2010.06.23 07:57:19.242,2.10565,2.1068,1.00,2.10
2010.06.23 07:57:19.460,2.10565,2.1068,1.00,2.10
2010.06.23 07:57:20.300,2.10565,2.1068,1.00,2.10
2010.06.23 07:57:20.627,2.10555,2.10665,1.00,1.00
2010.06.23 07:57:20.942,2.10555,2.1066,1.00,1.00
2010.06.23 07:57:21.263,2.10545,2.1066,1.00,1.00
2010.06.23 07:57:21.900,2.10545,2.10655,1.00,1.00
2010.06.23 07:57:22.250,2.10555,2.1067,1.00,1.30
2010.06.23 07:57:24.261,2.10555,2.1067,1.00,2.10
2010.06.23 07:57:24.925,2.10535,2.10655,1.50,1.00
2010.06.23 07:57:25.192,2.10555,2.10665,1.00,1.60
2010.06.23 07:57:26.261,2.10555,2.1067,1.00,1.60
2010.06.23 07:57:26.600,2.10555,2.1067,1.00,1.60
2010.06.23 07:57:26.939,2.10555,2.1067,1.00,1.60
2010.06.23 07:57:28.090,2.10565,2.1067,1.00,1.60
2010.06.23 07:57:28.531,2.10565,2.1067,1.00,1.60
2010.06.23 07:57:29.410,2.10555,2.1067,1.80,1.60
2010.06.23 07:57:29.691,2.10565,2.1067,1.00,1.00
2010.06.23 07:57:29.971,2.10565,2.10675,1.00,1.00
2010.06.23 07:57:30.803,2.1056,2.10675,1.60,1.60
2010.06.23 07:57:31.145,2.10565,2.1068,1.00,1.30
2010.06.23 07:57:31.994,2.1055,2.10665,1.00,1.30
2010.06.23 07:57:33.194,2.10555,2.10665,1.00,1.30
2010.06.23 07:57:34.423,2.10565,2.10665,1.00,1.30
2010.06.23 07:57:36.875,2.10565,2.10665,1.00,1.00
2010.06.23 07:57:37.223,2.10565,2.10675,1.00,2.10
2010.06.23 07:57:39.190,2.10565,2.10675,1.00,1.30
2010.06.23 07:57:40.174,2.10585,2.10675,1.00,1.00
2010.06.23 07:57:40.454,2.10585,2.10645,1.00,1.00
2010.06.23 07:57:40.631,2.1057,2.1066,1.00,1.00
2010.06.23 07:57:40.801,2.1057,2.10665,1.00,1.00
2010.06.23 07:57:44.521,2.10575,2.10665,1.00,1.00
2010.06.23 07:57:44.662,2.10575,2.1068,1.00,1.00
2010.06.23 07:57:44.931,2.1057,2.1069,2.10,1.30
2010.06.23 07:57:45.705,2.10575,2.10685,1.00,1.00
2010.06.23 07:57:46.052,2.10575,2.10685,1.00,1.00
2010.06.23 07:57:47.319,2.10575,2.1068,1.00,1.00
2010.06.23 07:57:48.134,2.10575,2.1067,1.00,1.00
2010.06.23 07:57:48.721,2.10575,2.1068,1.00,1.60
2010.06.23 07:57:48.816,2.10575,2.10685,1.00,1.00
2010.06.23 07:57:48.913,2.10585,2.10685,1.00,1.00
2010.06.23 07:57:50.669,2.1057,2.10685,1.00,1.00
2010.06.23 07:57:50.990,2.10565,2.1068,3.70,1.00
2010.06.23 07:57:51.551,2.1056,2.10675,1.00,1.00
2010.06.23 07:57:51.828,2.10555,2.10665,2.50,1.00
2010.06.23 07:57:52.093,2.10555,2.10675,2.30,1.00
2010.06.23 07:57:52.331,2.10555,2.10665,1.70,1.00
2010.06.23 07:57:52.571,2.10555,2.10665,2.50,1.00
2010.06.23 07:57:52.810,2.10555,2.10675,2.30,1.00
2010.06.23 07:57:53.050,2.10555,2.10665,1.70,1.00
2010.06.23 07:57:53.529,2.10555,2.10665,2.50,1.00
2010.06.23 07:57:54.708,2.10555,2.10665,1.70,1.00
2010.06.23 07:57:54.949,2.10555,2.10665,1.00,1.00
2010.06.23 07:57:55.261,2.10555,2.10665,1.00,1.00
2010.06.23 07:57:55.509,2.1055,2.10665,2.90,1.00
2010.06.23 07:57:56.211,2.1055,2.10655,1.00,1.00
2010.06.23 07:57:56.229,2.1055,2.10655,1.50,1.00
2010.06.23 07:57:56.426,2.1054,2.10655,1.50,1.00
2010.06.23 07:57:56.821,2.1054,2.10655,1.00,1.00
2010.06.23 07:57:58.501,2.10555,2.1066,1.00,2.40
2010.06.23 07:57:59.164,2.10545,2.1066,1.30,1.00
2010.06.23 07:57:59.412,2.1054,2.10655,1.50,1.00
2010.06.23 07:58:00.467,2.1055,2.1066,1.00,1.00
2010.06.23 07:58:00.815,2.1055,2.1066,1.30,1.00
2010.06.23 07:58:01.631,2.1056,2.10675,2.40,1.30
2010.06.23 07:58:01.977,2.10565,2.10685,1.50,4.00
2010.06.23 07:58:02.322,2.10565,2.10685,2.30,3.70
2010.06.23 07:58:02.820,2.10565,2.10675,1.70,1.00
2010.06.23 07:58:03.175,2.1057,2.10675,1.00,1.00
2010.06.23 07:58:03.523,2.10565,2.10675,1.70,1.00
2010.06.23 07:58:03.775,2.1057,2.10675,1.00,1.00
2010.06.23 07:58:04.791,2.1058,2.10685,1.00,1.00
2010.06.23 07:58:05.042,2.10585,2.1068,1.00,1.00
2010.06.23 07:58:05.785,2.1056,2.1067,1.00,1.00
2010.06.23 07:58:06.134,2.1056,2.10675,1.00,1.00
2010.06.23 07:58:06.734,2.1056,2.1067,1.00,1.10
2010.06.23 07:58:07.086,2.10555,2.1066,1.50,1.00
2010.06.23 07:58:08.226,2.10555,2.1067,2.10,1.10
2010.06.23 07:58:08.580,2.10575,2.10675,1.60,1.00
2010.06.23 07:58:09.805,2.1058,2.10675,1.00,1.00
2010.06.23 07:58:10.302,2.1058,2.1069,1.00,1.00
2010.06.23 07:58:10.569,2.1058,2.1069,1.00,1.30
2010.06.23 07:58:11.061,2.10585,2.1069,1.00,1.00
2010.06.23 07:58:11.354,2.10585,2.10685,1.00,1.60
2010.06.23 07:58:11.932,2.1057,2.1069,1.00,2.90
2010.06.23 07:58:14.494,2.1057,2.10675,1.00,1.00
2010.06.23 07:58:15.097,2.10565,2.10665,1.10,1.30
2010.06.23 07:58:15.267,2.1056,2.1066,1.00,1.00
2010.06.23 07:58:15.435,2.1056,2.10665,1.00,1.00
2010.06.23 07:58:15.931,2.1056,2.1067,1.00,1.60
2010.06.23 07:58:16.278,2.10555,2.10665,1.00,1.60
2010.06.23 07:58:19.481,2.10555,2.10665,1.00,2.40
2010.06.23 07:58:20.062,2.10555,2.10655,1.00,1.00
2010.06.23 07:58:20.224,2.10555,2.10655,1.00,1.00
2010.06.23 07:58:20.572,2.10555,2.10655,1.00,1.00
2010.06.23 07:58:21.663,2.10565,2.10655,1.00,1.00
2010.06.23 07:58:23.686,2.10545,2.10655,1.00,1.00
2010.06.23 07:58:23.800,2.10545,2.10655,1.00,1.30
2010.06.23 07:58:23.920,2.10535,2.10655,1.70,1.30
2010.06.23 07:58:24.041,2.1054,2.10655,1.00,1.00
2010.06.23 07:58:25.414,2.10545,2.10655,1.10,1.00
2010.06.23 07:58:25.643,2.1054,2.10655,1.00,1.00
2010.06.23 07:58:27.422,2.1056,2.10655,1.00,1.00
2010.06.23 07:58:27.762,2.1054,2.1067,1.00,2.40
2010.06.23 07:58:29.164,2.10545,2.1067,1.00,2.40
2010.06.23 07:58:29.319,2.10555,2.10665,1.00,3.20
2010.06.23 07:58:29.470,2.10545,2.10655,1.00,1.00
2010.06.23 07:58:30.111,2.10545,2.1065,1.00,1.00
2010.06.23 07:58:30.263,2.10535,2.1065,1.00,1.00
2010.06.23 07:58:30.601,2.10535,2.10645,1.00,1.00
2010.06.23 07:58:30.941,2.10535,2.10645,1.00,1.60
2010.06.23 07:58:32.122,2.10525,2.10645,1.20,1.60
2010.06.23 07:58:32.444,2.10545,2.10645,1.00,1.60
2010.06.23 07:58:33.381,2.10545,2.10655,1.00,1.00
2010.06.23 07:58:33.638,2.10545,2.10655,1.00,1.00
2010.06.23 07:58:34.793,2.10555,2.10655,1.00,1.00
2010.06.23 07:58:42.994,2.10545,2.1064,1.00,2.90
2010.06.23 07:58:43.076,2.10545,2.10635,1.00,1.00
2010.06.23 07:58:43.151,2.10535,2.10635,1.00,1.00
2010.06.23 07:58:43.231,2.10535,2.10635,1.00,2.40
2010.06.23 07:58:44.280,2.10535,2.10635,1.00,1.60
2010.06.23 07:58:45.118,2.10535,2.1064,1.00,1.60
2010.06.23 07:58:50.450,2.10525,2.1064,1.00,2.10
2010.06.23 07:58:51.079,2.1052,2.10635,1.00,1.00
2010.06.23 07:58:51.324,2.10515,2.1063,1.00,1.00
2010.06.23 07:58:51.849,2.10515,2.1063,1.00,1.00
2010.06.23 07:58:52.630,2.10515,2.1063,1.00,1.00
2010.06.23 07:58:52.940,2.1052,2.1063,1.10,1.00
2010.06.23 07:58:53.607,2.10535,2.10635,1.00,1.60
2010.06.23 07:58:53.673,2.1053,2.1064,1.00,1.60
2010.06.23 07:58:53.800,2.10525,2.1064,1.00,2.10
2010.06.23 07:58:55.361,2.10535,2.1064,1.10,2.10
2010.06.23 07:58:55.515,2.10545,2.1064,1.00,1.60
2010.06.23 07:58:55.672,2.10535,2.1064,1.00,1.60
2010.06.23 07:58:55.823,2.10535,2.10645,1.00,2.10
2010.06.23 07:58:56.420,2.1053,2.10645,1.00,2.10
2010.06.23 07:58:57.031,2.1053,2.10645,1.00,2.90
2010.06.23 07:58:57.375,2.10535,2.1064,1.20,2.10
2010.06.23 07:58:57.724,2.10545,2.1064,1.00,1.60
2010.06.23 07:58:57.963,2.10525,2.1064,1.00,2.10
2010.06.23 07:58:59.183,2.10525,2.1064,1.00,2.90
2010.06.23 07:58:59.391,2.10525,2.10635,1.00,1.60
2010.06.23 07:58:59.600,2.10515,2.10635,1.80,2.10
2010.06.23 07:59:00.156,2.10515,2.10635,1.00,2.10
2010.06.23 07:59:00.483,2.1051,2.10625,1.00,1.30
2010.06.23 07:59:00.803,2.1051,2.1062,1.00,1.00
2010.06.23 07:59:01.931,2.105,2.10615,1.00,1.60
2010.06.23 07:59:05.391,2.10495,2.1061,1.00,2.90
2010.06.23 07:59:06.036,2.10495,2.10605,1.00,1.00
2010.06.23 07:59:06.292,2.10495,2.10605,1.00,2.40
2010.06.23 07:59:06.543,2.10495,2.1061,1.80,2.10
2010.06.23 07:59:06.793,2.105,2.1061,1.60,1.00
2010.06.23 07:59:07.044,2.1051,2.10615,1.00,1.00
2010.06.23 07:59:08.913,2.1051,2.1062,1.00,1.00
2010.06.23 07:59:12.150,2.105,2.1062,1.60,1.30
2010.06.23 07:59:12.711,2.105,2.1062,1.00,1.30
2010.06.23 07:59:14.070,2.1051,2.1062,1.00,1.00
2010.06.23 07:59:26.943,2.10515,2.10625,1.00,1.00
2010.06.23 07:59:27.287,2.10515,2.1063,1.00,1.00
2010.06.23 07:59:27.804,2.10515,2.1063,1.60,1.00
2010.06.23 07:59:28.165,2.1052,2.1064,1.00,1.00
2010.06.23 07:59:29.720,2.1052,2.10635,1.00,1.00
2010.06.23 07:59:29.947,2.10515,2.1063,1.00,1.00
2010.06.23 07:59:30.492,2.1052,2.10635,1.00,1.00
2010.06.23 07:59:30.854,2.10515,2.1063,1.60,1.00
2010.06.23 07:59:31.357,2.10515,2.1063,1.00,1.00
2010.06.23 07:59:31.675,2.10525,2.10635,1.00,1.00
2010.06.23 07:59:31.992,2.1052,2.10635,1.00,1.00
2010.06.23 07:59:32.799,2.1051,2.10625,1.00,1.00
2010.06.23 07:59:33.140,2.10515,2.10625,1.00,1.00
2010.06.23 07:59:33.483,2.1051,2.10625,1.00,1.00
2010.06.23 07:59:34.345,2.10515,2.1063,1.00,1.00
2010.06.23 07:59:34.586,2.10515,2.1063,1.00,1.00
2010.06.23 07:59:35.698,2.10515,2.1063,1.00,1.00
2010.06.23 07:59:35.956,2.10525,2.1064,1.00,1.00
2010.06.23 07:59:36.215,2.1057,2.10655,1.00,1.60
2010.06.23 07:59:36.972,2.1057,2.10655,1.00,1.00
2010.06.23 07:59:37.318,2.10585,2.1067,1.00,1.00
2010.06.23 07:59:37.660,2.10585,2.10675,1.00,2.10
2010.06.23 07:59:38.323,2.10585,2.10675,1.00,1.30
2010.06.23 07:59:38.584,2.10565,2.10675,1.00,1.30
2010.06.23 07:59:38.842,2.1057,2.1067,1.00,1.00
2010.06.23 07:59:40.619,2.1057,2.10675,1.00,1.30
2010.06.23 07:59:41.380,2.1057,2.1067,1.00,1.00
2010.06.23 07:59:42.295,2.10555,2.1066,1.00,1.00
2010.06.23 07:59:42.594,2.10545,2.10645,1.00,1.00
2010.06.23 07:59:43.660,2.10545,2.10655,1.00,2.10
2010.06.23 07:59:44.241,2.10545,2.1064,1.00,1.00
2010.06.23 07:59:44.543,2.10545,2.10645,1.00,1.00
2010.06.23 07:59:44.695,2.10555,2.10655,1.00,1.60
2010.06.23 07:59:45.525,2.10555,2.1065,1.00,1.00
2010.06.23 07:59:46.729,2.10525,2.1064,1.00,1.60
2010.06.23 07:59:48.237,2.10525,2.1064,1.50,1.60
2010.06.23 07:59:49.963,2.10525,2.1064,1.60,1.60
2010.06.23 07:59:50.219,2.10525,2.1064,2.00,1.60
2010.06.23 07:59:50.480,2.1053,2.10645,1.10,1.60
2010.06.23 07:59:50.781,2.10535,2.10645,1.00,1.60
2010.06.23 07:59:51.350,2.10525,2.10635,1.10,1.60
2010.06.23 07:59:51.586,2.10525,2.1064,1.00,1.00
2010.06.23 07:59:51.821,2.10515,2.1063,1.00,1.00
2010.06.23 07:59:52.510,2.1051,2.10625,1.10,1.00
2010.06.23 07:59:53.492,2.10515,2.10625,1.00,1.00
2010.06.23 07:59:53.550,2.10505,2.1062,1.10,1.60
2010.06.23 07:59:53.851,2.10505,2.1061,1.10,1.00
2010.06.23 07:59:54.448,2.1049,2.1061,1.90,1.00
2010.06.23 07:59:55.770,2.1049,2.1061,1.00,1.00
2010.06.23 07:59:56.417,2.1048,2.10585,1.00,1.00
2010.06.23 07:59:57.194,2.1049,2.106,1.00,1.00
2010.06.23 07:59:58.014,2.1049,2.10605,1.30,1.00
2010.06.23 07:59:59.025,2.1047,2.10585,1.30,1.00
2010.06.23 07:59:59.375,2.10455,2.10565,1.50,1.60
