2012.05.09 11:00:00.244,2.05341,2.05405,2.25,1.50
2012.05.09 11:00:00.372,2.05342,2.05407,1.09,1.50
2012.05.09 11:00:00.441,2.05347,2.05409,2.25,1.13
2012.05.09 11:00:00.571,2.05347,2.05412,2.25,1.50
2012.05.09 11:00:01.805,2.05366,2.05412,1.13,1.50
2012.05.09 11:00:02.052,2.05368,2.05419,1.13,1.50
2012.05.09 11:00:02.166,2.05368,2.05411,1.13,1.50
2012.05.09 11:00:02.481,2.05373,2.05418,1.13,1.13
2012.05.09 11:00:02.551,2.05373,2.05418,1.13,1.88
2012.05.09 11:00:02.860,2.05379,2.05416,1.13,1.50
2012.05.09 11:00:03.023,2.05372,2.05416,1.13,1.50
2012.05.09 11:00:03.210,2.05379,2.05416,1.13,1.50
2012.05.09 11:00:03.353,2.05379,2.05419,1.13,1.50
2012.05.09 11:00:03.494,2.0536,2.05414,1.13,1.13
2012.05.09 11:00:03.701,2.0536,2.05402,1.13,1.50
2012.05.09 11:00:03.831,2.05353,2.05398,1.13,2.63
2012.05.09 11:00:04.226,2.05346,2.05393,1.13,1.13
2012.05.09 11:00:04.814,2.05342,2.05389,1.13,1.13
2012.05.09 11:00:05.002,2.05329,2.05383,1.13,1.13
2012.05.09 11:00:05.192,2.05334,2.05379,1.13,1.13
2012.05.09 11:00:05.623,2.05328,2.05373,1.13,1.13
2012.05.09 11:00:06.489,2.05335,2.05388,1.13,2.25
2012.05.09 11:00:06.972,2.05335,2.05388,1.13,1.50
2012.05.09 11:00:07.863,2.05335,2.05389,1.13,1.13
2012.05.09 11:00:09.672,2.05338,2.05392,1.13,1.13
2012.05.09 11:00:11.769,2.05335,2.05389,1.13,1.13
2012.05.09 11:00:12.112,2.05357,2.05396,1.13,1.50
2012.05.09 11:00:12.363,2.05354,2.05399,1.13,1.88
2012.05.09 11:00:12.432,2.05354,2.05399,1.13,1.13
2012.05.09 11:00:15.175,2.05357,2.05399,1.50,1.13
2012.05.09 11:00:16.166,2.05354,2.05399,1.13,1.13
2012.05.09 11:00:18.901,2.05351,2.05394,1.50,1.13
2012.05.09 11:00:19.313,2.05358,2.054,1.50,1.13
2012.05.09 11:00:19.502,2.05353,2.054,2.63,1.13
2012.05.09 11:00:19.632,2.05355,2.054,1.13,1.13
2012.05.09 11:00:19.843,2.05356,2.05402,1.13,1.13
2012.05.09 11:00:21.610,2.05358,2.05405,1.13,1.13
2012.05.09 11:00:21.763,2.05354,2.05399,1.13,1.13
2012.05.09 11:00:25.770,2.05354,2.05395,1.13,1.50
2012.05.09 11:00:26.534,2.05354,2.05399,1.13,2.63
2012.05.09 11:00:28.851,2.0536,2.05402,1.13,1.50
2012.05.09 11:00:29.042,2.05353,2.05402,1.13,2.63
2012.05.09 11:00:29.111,2.05348,2.05395,1.13,1.13
2012.05.09 11:00:29.586,2.05353,2.05402,1.13,3.38
2012.05.09 11:00:30.953,2.05361,2.05407,1.13,1.88
2012.05.09 11:00:31.081,2.05361,2.05407,1.13,1.88
2012.05.09 11:00:31.141,2.05361,2.05407,1.13,1.88
2012.05.09 11:00:31.411,2.05359,2.05404,1.13,1.88
2012.05.09 11:00:31.973,2.05359,2.05404,1.13,1.13
2012.05.09 11:00:33.134,2.05366,2.05413,1.13,1.13
2012.05.09 11:00:35.691,2.05364,2.05409,1.13,1.13
2012.05.09 11:00:36.533,2.05363,2.05408,1.13,1.13
2012.05.09 11:00:36.971,2.05357,2.05401,1.13,1.13
2012.05.09 11:00:41.191,2.05362,2.05409,1.13,1.13
2012.05.09 11:00:43.030,2.05362,2.05406,1.13,1.13
2012.05.09 11:00:43.172,2.05362,2.05409,1.13,1.13
2012.05.09 11:00:43.250,2.05364,2.05409,1.13,1.13
2012.05.09 11:00:45.890,2.05366,2.05413,1.13,1.13
2012.05.09 11:00:48.087,2.05364,2.05411,1.13,1.13
2012.05.09 11:00:48.382,2.05363,2.05408,1.13,1.13
2012.05.09 11:00:58.742,2.05363,2.05408,1.13,1.88
2012.05.09 11:00:59.069,2.0536,2.05405,1.13,1.88
2012.05.09 11:00:59.133,2.05363,2.05408,1.13,1.13
2012.05.09 11:00:59.840,2.05367,2.05412,1.13,1.13
2012.05.09 11:01:00.303,2.05372,2.05419,1.13,1.13
2012.05.09 11:01:04.858,2.05369,2.05411,1.50,1.13
2012.05.09 11:01:05.110,2.05373,2.05418,1.13,1.13
2012.05.09 11:01:05.659,2.05367,2.05412,1.13,1.13
2012.05.09 11:01:06.850,2.05373,2.05418,1.13,1.13
2012.05.09 11:01:07.492,2.05367,2.05412,1.13,1.13
2012.05.09 11:01:09.693,2.05368,2.05413,1.13,1.13
2012.05.09 11:01:10.240,2.05369,2.05414,1.13,1.88
2012.05.09 11:01:10.529,2.05363,2.0541,1.13,1.13
2012.05.09 11:01:11.221,2.05362,2.05409,2.63,1.13
2012.05.09 11:01:17.211,2.05364,2.05409,1.50,1.13
2012.05.09 11:01:17.271,2.05362,2.05409,1.13,1.13
2012.05.09 11:01:21.719,2.05362,2.05409,1.13,1.88
2012.05.09 11:01:21.872,2.05362,2.05409,1.13,1.13
2012.05.09 11:01:21.941,2.05358,2.05403,1.13,1.13
2012.05.09 11:01:22.465,2.05362,2.05409,1.13,1.13
2012.05.09 11:01:23.479,2.05362,2.05409,1.13,1.88
2012.05.09 11:01:25.633,2.05362,2.05409,1.13,1.13
2012.05.09 11:01:26.061,2.05362,2.05409,1.13,1.88
2012.05.09 11:01:26.443,2.05359,2.05406,1.13,1.13
2012.05.09 11:01:26.582,2.05359,2.05406,1.13,1.88
2012.05.09 11:01:27.533,2.05361,2.05407,1.13,1.88
2012.05.09 11:01:28.860,2.05361,2.05407,1.13,1.88
2012.05.09 11:01:29.164,2.05343,2.05397,1.13,3.38
2012.05.09 11:01:29.291,2.05334,2.05381,2.63,1.13
2012.05.09 11:01:30.892,2.05337,2.05382,1.13,1.13
2012.05.09 11:01:31.824,2.05341,2.05385,1.13,1.13
2012.05.09 11:01:31.951,2.05337,2.05382,1.13,1.13
2012.05.09 11:01:34.693,2.05334,2.05375,1.50,1.13
2012.05.09 11:01:35.083,2.05336,2.05383,1.13,1.13
2012.05.09 11:01:35.152,2.05334,2.05374,1.50,1.13
2012.05.09 11:01:35.221,2.05341,2.05389,1.50,1.13
2012.05.09 11:01:35.318,2.05343,2.05399,1.13,1.13
2012.05.09 11:01:35.427,2.05341,2.05389,1.50,1.13
2012.05.09 11:01:35.518,2.05336,2.05389,1.50,1.13
2012.05.09 11:01:36.038,2.0534,2.05389,1.50,1.13
2012.05.09 11:01:36.343,2.05362,2.05409,1.13,1.73
2012.05.09 11:01:36.473,2.05362,2.05409,1.13,1.13
2012.05.09 11:01:36.542,2.05354,2.05398,1.50,1.13
2012.05.09 11:01:36.731,2.0535,2.05398,1.50,1.13
2012.05.09 11:01:36.911,2.05362,2.05409,1.13,1.13
2012.05.09 11:01:37.250,2.05371,2.05418,1.13,1.88
2012.05.09 11:01:37.680,2.05367,2.05412,1.13,1.13
2012.05.09 11:01:38.982,2.0536,2.05405,1.13,1.13
2012.05.09 11:01:39.411,2.05354,2.05399,1.13,1.13
2012.05.09 11:01:49.746,2.05351,2.05395,1.50,1.13
2012.05.09 11:01:49.871,2.05354,2.05399,1.13,1.13
2012.05.09 11:01:50.628,2.05357,2.05399,1.50,1.13
2012.05.09 11:01:51.991,2.0535,2.05393,1.50,1.13
2012.05.09 11:01:52.244,2.05353,2.054,1.13,1.13
2012.05.09 11:01:52.371,2.05358,2.054,1.50,1.13
2012.05.09 11:01:52.692,2.05354,2.05393,1.50,1.13
2012.05.09 11:01:53.693,2.05353,2.05393,1.50,1.13
2012.05.09 11:01:56.260,2.05347,2.05393,1.13,1.13
2012.05.09 11:01:59.611,2.05351,2.05393,1.50,1.13
2012.05.09 11:02:00.889,2.05348,2.05393,1.50,1.13
2012.05.09 11:02:01.616,2.05347,2.05393,1.13,1.13
2012.05.09 11:02:01.763,2.05354,2.05399,1.13,1.13
2012.05.09 11:02:02.238,2.05348,2.05392,1.13,1.13
2012.05.09 11:02:03.010,2.05354,2.05399,1.13,1.13
2012.05.09 11:02:04.901,2.05347,2.05393,1.13,1.13
2012.05.09 11:02:16.031,2.05353,2.054,1.13,1.13
2012.05.09 11:02:16.213,2.05357,2.05401,1.13,1.13
2012.05.09 11:02:18.385,2.05353,2.054,1.13,1.13
2012.05.09 11:02:18.511,2.05354,2.05398,1.50,1.13
2012.05.09 11:02:19.320,2.05353,2.05398,1.13,1.13
2012.05.09 11:02:19.977,2.05346,2.05391,2.63,1.13
2012.05.09 11:02:32.471,2.05352,2.05399,1.13,1.13
2012.05.09 11:02:39.874,2.05353,2.05398,1.13,1.13
2012.05.09 11:02:41.301,2.05351,2.05396,1.13,1.13
2012.05.09 11:02:41.985,2.0535,2.05395,1.13,1.13
2012.05.09 11:02:45.950,2.05345,2.05392,2.63,1.13
2012.05.09 11:02:46.920,2.05333,2.05379,1.13,1.13
2012.05.09 11:02:47.754,2.05335,2.05379,1.50,1.13
2012.05.09 11:02:48.154,2.05339,2.05379,1.50,1.13
2012.05.09 11:02:48.221,2.05334,2.05379,1.50,1.13
2012.05.09 11:02:49.331,2.05334,2.05373,1.50,1.13
2012.05.09 11:02:50.859,2.05334,2.05379,1.50,1.13
2012.05.09 11:02:51.417,2.05336,2.05379,1.50,1.13
2012.05.09 11:02:51.767,2.0534,2.05379,1.50,1.13
2012.05.09 11:02:52.098,2.05347,2.05379,1.50,1.13
2012.05.09 11:02:52.162,2.0534,2.05379,1.50,1.13
2012.05.09 11:02:52.639,2.0534,2.05379,1.84,1.13
2012.05.09 11:02:52.943,2.05362,2.05379,1.50,1.13
2012.05.09 11:02:53.012,2.05362,2.05407,1.50,1.28
2012.05.09 11:02:53.141,2.05357,2.05407,2.25,1.28
2012.05.09 11:02:53.443,2.05373,2.05421,1.50,1.13
2012.05.09 11:02:53.712,2.05367,2.05421,1.13,1.13
2012.05.09 11:02:56.461,2.05386,2.05428,1.13,1.50
2012.05.09 11:02:56.713,2.0537,2.05428,1.13,1.50
2012.05.09 11:02:56.781,2.05376,2.05442,1.50,1.50
2012.05.09 11:02:56.852,2.05376,2.05442,1.50,2.25
2012.05.09 11:02:57.175,2.05371,2.05422,1.50,1.13
2012.05.09 11:02:57.243,2.05366,2.05422,1.13,1.13
2012.05.09 11:02:57.312,2.0537,2.05422,1.50,1.13
2012.05.09 11:02:57.718,2.05377,2.05422,1.50,1.13
2012.05.09 11:02:58.323,2.05377,2.05431,1.50,1.13
2012.05.09 11:02:58.448,2.05377,2.05421,1.50,1.13
2012.05.09 11:02:58.722,2.05377,2.05428,1.50,1.13
2012.05.09 11:02:59.687,2.05385,2.05428,1.50,1.13
2012.05.09 11:03:01.222,2.05379,2.05428,1.50,1.13
2012.05.09 11:03:01.726,2.05379,2.05421,1.50,1.13
2012.05.09 11:03:04.644,2.05371,2.05421,1.50,1.13
2012.05.09 11:03:04.711,2.05371,2.05406,1.50,1.13
2012.05.09 11:03:04.782,2.05364,2.05406,1.50,1.13
2012.05.09 11:03:04.854,2.05359,2.05406,1.36,1.13
2012.05.09 11:03:05.161,2.05366,2.05422,1.13,1.13
2012.05.09 11:03:05.294,2.05359,2.05406,2.63,1.13
2012.05.09 11:03:10.623,2.05366,2.05411,1.13,1.13
2012.05.09 11:03:10.734,2.05359,2.05406,1.13,1.13
2012.05.09 11:03:11.241,2.05362,2.05406,1.50,1.13
2012.05.09 11:03:12.830,2.05363,2.05406,1.84,1.13
2012.05.09 11:03:13.157,2.05379,2.05406,2.25,1.13
2012.05.09 11:03:13.219,2.05398,2.05444,1.13,2.25
2012.05.09 11:03:13.873,2.05411,2.05444,1.13,1.50
2012.05.09 11:03:14.060,2.05398,2.05444,1.13,1.50
2012.05.09 11:03:14.723,2.05398,2.05445,1.13,1.13
2012.05.09 11:03:14.853,2.05409,2.05453,1.13,1.50
2012.05.09 11:03:15.226,2.05417,2.05453,1.13,1.50
2012.05.09 11:03:17.912,2.05416,2.05453,1.13,1.50
2012.05.09 11:03:18.221,2.05425,2.05459,1.13,2.25
2012.05.09 11:03:24.051,2.05414,2.05463,1.13,1.88
2012.05.09 11:03:24.110,2.05407,2.05461,1.13,1.13
2012.05.09 11:03:24.234,2.05407,2.05459,1.13,1.50
2012.05.09 11:03:24.722,2.0541,2.05457,1.13,1.13
2012.05.09 11:03:25.038,2.05424,2.05459,1.13,1.50
2012.05.09 11:03:25.682,2.05424,2.05463,1.13,1.50
2012.05.09 11:03:26.328,2.05424,2.05464,1.13,1.50
2012.05.09 11:03:27.640,2.05424,2.05458,1.13,1.50
2012.05.09 11:03:27.699,2.05407,2.05458,1.13,1.50
2012.05.09 11:03:27.973,2.05407,2.05451,1.13,1.50
2012.05.09 11:03:28.279,2.05411,2.05451,1.13,1.50
2012.05.09 11:03:28.920,2.05406,2.05451,1.13,2.63
2012.05.09 11:03:29.040,2.05411,2.05451,1.13,1.50
2012.05.09 11:03:34.900,2.05406,2.05451,1.13,2.63
2012.05.09 11:03:35.241,2.05406,2.05442,1.13,1.50
2012.05.09 11:03:35.302,2.05392,2.05438,1.13,1.13
2012.05.09 11:03:41.816,2.05391,2.05436,1.13,1.13
2012.05.09 11:03:42.671,2.05393,2.05437,1.13,1.13
2012.05.09 11:03:45.224,2.0539,2.05437,1.13,1.13
2012.05.09 11:03:50.160,2.05404,2.05442,1.13,1.50
2012.05.09 11:03:50.220,2.05404,2.05447,1.13,1.50
2012.05.09 11:03:50.399,2.05404,2.05447,1.13,2.25
2012.05.09 11:03:50.583,2.0539,2.05437,1.13,1.88
2012.05.09 11:03:50.710,2.05404,2.05449,1.13,1.88
2012.05.09 11:03:52.192,2.05404,2.05449,1.13,1.13
2012.05.09 11:03:56.670,2.0541,2.05453,1.13,1.50
2012.05.09 11:03:56.972,2.05398,2.05445,1.13,1.88
2012.05.09 11:03:57.221,2.05411,2.05462,1.13,1.50
2012.05.09 11:03:57.361,2.05411,2.05467,1.13,1.88
2012.05.09 11:03:57.420,2.05431,2.05469,1.13,1.13
2012.05.09 11:03:57.482,2.05411,2.05465,1.13,2.25
2012.05.09 11:03:57.552,2.05413,2.05465,1.13,2.25
2012.05.09 11:03:57.680,2.05413,2.05467,1.13,1.13
2012.05.09 11:03:57.747,2.05418,2.05465,1.13,1.13
2012.05.09 11:03:58.051,2.05432,2.05477,1.13,1.88
2012.05.09 11:03:58.363,2.0547,2.05492,1.13,1.50
2012.05.09 11:03:58.740,2.05442,2.05487,1.13,1.13
2012.05.09 11:03:58.808,2.05433,2.05475,1.50,1.13
2012.05.09 11:03:58.873,2.05431,2.05475,1.50,1.13
2012.05.09 11:03:59.432,2.05425,2.05468,1.50,1.13
2012.05.09 11:03:59.562,2.05428,2.05475,1.13,1.13
2012.05.09 11:03:59.993,2.05425,2.05469,1.50,1.13
2012.05.09 11:04:00.423,2.05422,2.05469,1.13,1.13
2012.05.09 11:04:11.873,2.05424,2.05469,1.50,1.13
2012.05.09 11:04:15.013,2.05423,2.05468,1.13,1.13
2012.05.09 11:04:15.321,2.05418,2.05449,1.50,1.13
2012.05.09 11:04:15.382,2.05413,2.05449,1.50,1.13
2012.05.09 11:04:15.452,2.05414,2.05468,1.13,1.13
2012.05.09 11:04:17.192,2.05413,2.05466,1.50,1.13
2012.05.09 11:04:17.420,2.05409,2.05466,1.50,1.13
2012.05.09 11:04:17.483,2.05406,2.05466,1.50,1.13
2012.05.09 11:04:18.274,2.05413,2.05466,1.50,1.13
2012.05.09 11:04:18.975,2.054,2.05454,2.63,1.13
2012.05.09 11:04:19.057,2.05402,2.05465,1.13,1.13
2012.05.09 11:04:19.611,2.05403,2.05464,1.13,1.13
2012.05.09 11:04:19.711,2.05407,2.05464,1.50,1.13
2012.05.09 11:04:20.286,2.05413,2.05466,1.50,1.13
2012.05.09 11:04:20.416,2.05407,2.05466,1.50,1.13
2012.05.09 11:04:20.821,2.05415,2.05466,1.50,1.13
2012.05.09 11:04:21.434,2.05415,2.05465,1.50,1.88
2012.05.09 11:04:21.682,2.05411,2.05464,1.50,1.13
2012.05.09 11:04:21.822,2.05408,2.05456,1.50,1.13
2012.05.09 11:04:22.153,2.05414,2.05456,1.50,1.13
2012.05.09 11:04:22.744,2.0541,2.05456,1.50,1.13
2012.05.09 11:04:22.816,2.05407,2.05456,1.50,1.13
2012.05.09 11:04:23.749,2.05412,2.05456,1.50,1.13
2012.05.09 11:04:24.285,2.05416,2.05456,1.50,1.13
2012.05.09 11:04:24.473,2.05408,2.05456,1.50,1.13
2012.05.09 11:04:25.399,2.05408,2.05457,1.50,1.13
2012.05.09 11:04:25.468,2.05401,2.05457,1.13,1.13
2012.05.09 11:04:25.533,2.05402,2.05438,1.50,1.13
2012.05.09 11:04:26.296,2.05402,2.05437,1.50,1.13
2012.05.09 11:04:26.622,2.05402,2.05439,1.50,1.13
2012.05.09 11:04:26.728,2.05402,2.05441,1.50,1.13
2012.05.09 11:04:28.002,2.05399,2.05441,1.50,1.13
2012.05.09 11:04:28.078,2.05397,2.05442,1.13,1.13
2012.05.09 11:04:28.202,2.05404,2.05442,1.50,1.13
2012.05.09 11:04:28.273,2.05398,2.05442,1.50,1.13
2012.05.09 11:04:28.341,2.05403,2.0545,1.13,1.88
2012.05.09 11:04:28.524,2.05403,2.0545,1.13,1.13
2012.05.09 11:04:28.655,2.05405,2.05452,1.13,1.13
2012.05.09 11:04:29.157,2.05404,2.05451,1.13,1.13
2012.05.09 11:04:29.767,2.05407,2.05453,1.13,1.13
2012.05.09 11:04:29.890,2.05405,2.05452,1.13,1.13
2012.05.09 11:04:30.686,2.05399,2.05442,1.50,1.13
2012.05.09 11:04:30.811,2.05391,2.05442,1.50,1.13
2012.05.09 11:04:30.871,2.05404,2.05449,1.13,1.88
2012.05.09 11:04:31.372,2.05405,2.0545,1.50,1.88
2012.05.09 11:04:31.442,2.05403,2.0545,1.13,1.88
2012.05.09 11:04:35.199,2.05403,2.0545,1.13,1.13
2012.05.09 11:04:35.264,2.05408,2.05452,1.13,1.13
2012.05.09 11:04:36.407,2.05408,2.05452,1.13,1.88
2012.05.09 11:04:36.588,2.05403,2.0545,1.13,1.88
2012.05.09 11:04:42.776,2.05403,2.05444,1.13,1.50
2012.05.09 11:04:42.902,2.05391,2.05436,1.13,1.13
2012.05.09 11:04:43.203,2.05391,2.05436,1.13,1.88
2012.05.09 11:04:43.692,2.05381,2.05433,1.13,1.13
2012.05.09 11:04:44.203,2.05381,2.05432,1.13,1.13
2012.05.09 11:04:44.587,2.0538,2.05426,1.13,1.13
2012.05.09 11:04:45.132,2.0538,2.05433,1.13,1.50
2012.05.09 11:04:45.261,2.0538,2.05433,1.13,2.25
2012.05.09 11:04:45.473,2.05371,2.0542,1.13,1.13
2012.05.09 11:04:46.298,2.05371,2.05421,1.13,1.13
2012.05.09 11:04:46.382,2.05377,2.05412,1.13,1.50
2012.05.09 11:04:46.453,2.05377,2.05417,1.13,1.50
2012.05.09 11:04:46.523,2.05371,2.05414,1.13,1.50
2012.05.09 11:04:46.593,2.05358,2.05409,1.13,1.13
2012.05.09 11:04:46.921,2.05364,2.0541,1.13,2.63
2012.05.09 11:04:48.784,2.05377,2.05418,1.13,1.50
2012.05.09 11:04:49.672,2.05377,2.05418,1.13,2.25
2012.05.09 11:04:49.803,2.0537,2.05418,1.13,1.50
2012.05.09 11:04:49.872,2.0537,2.05418,1.13,2.25
2012.05.09 11:04:49.997,2.05367,2.05418,1.13,2.25
2012.05.09 11:04:50.515,2.05368,2.05418,1.13,2.25
2012.05.09 11:04:52.902,2.05365,2.05413,1.13,1.13
2012.05.09 11:04:54.103,2.05366,2.05414,1.13,1.88
2012.05.09 11:04:54.721,2.05366,2.05418,1.13,2.63
2012.05.09 11:04:54.790,2.05366,2.05418,1.13,1.88
2012.05.09 11:04:55.339,2.05366,2.05418,1.13,1.13
2012.05.09 11:04:55.622,2.05371,2.05418,1.13,1.13
2012.05.09 11:04:57.114,2.05371,2.05418,1.13,1.88
2012.05.09 11:04:57.374,2.05373,2.05421,1.13,1.13
2012.05.09 11:04:57.444,2.05375,2.05422,1.13,1.13
2012.05.09 11:04:57.841,2.05378,2.05422,1.13,1.88
2012.05.09 11:04:57.907,2.05368,2.05417,1.13,1.50
2012.05.09 11:04:58.213,2.05379,2.05425,1.13,1.50
2012.05.09 11:04:58.552,2.05379,2.05429,1.13,2.63
2012.05.09 11:04:59.966,2.05379,2.05429,1.13,3.38
2012.05.09 11:05:00.951,2.05378,2.05422,1.13,1.13
2012.05.09 11:05:01.252,2.05367,2.05422,1.13,1.88
2012.05.09 11:05:02.838,2.05367,2.05415,1.13,1.13
2012.05.09 11:05:03.701,2.05365,2.0541,1.13,1.13
2012.05.09 11:05:10.853,2.05366,2.05411,1.13,1.13
2012.05.09 11:05:11.515,2.05365,2.0541,1.13,1.13
2012.05.09 11:05:12.239,2.05383,2.0541,1.84,1.13
2012.05.09 11:05:12.543,2.05405,2.0545,2.25,1.88
2012.05.09 11:05:12.672,2.05403,2.0545,1.13,1.88
2012.05.09 11:05:12.745,2.05398,2.0543,1.50,1.13
2012.05.09 11:05:12.815,2.05383,2.0543,1.50,1.13
2012.05.09 11:05:12.883,2.05374,2.0543,3.38,1.13
2012.05.09 11:05:12.952,2.05391,2.05432,1.13,1.50
2012.05.09 11:05:13.935,2.05391,2.05436,1.13,1.13
2012.05.09 11:05:17.581,2.05375,2.05429,1.13,1.13
2012.05.09 11:05:18.162,2.05375,2.05424,1.13,1.50
2012.05.09 11:05:20.231,2.05375,2.05429,1.13,1.13
2012.05.09 11:05:22.186,2.05375,2.05425,1.13,1.50
2012.05.09 11:05:24.102,2.05375,2.05429,1.13,1.13
2012.05.09 11:05:26.042,2.05375,2.05426,1.13,1.50
2012.05.09 11:05:26.979,2.05375,2.05429,1.13,2.63
2012.05.09 11:05:27.421,2.05391,2.05436,1.13,1.13
2012.05.09 11:05:28.513,2.05394,2.05445,1.13,1.50
2012.05.09 11:05:29.062,2.05394,2.05447,1.13,1.88
2012.05.09 11:05:36.861,2.05394,2.05446,1.13,1.13
2012.05.09 11:05:37.461,2.05404,2.05454,1.13,1.50
2012.05.09 11:05:37.785,2.05404,2.0545,1.13,1.50
2012.05.09 11:05:38.435,2.05402,2.0545,1.13,1.50
2012.05.09 11:05:39.331,2.05404,2.0545,1.13,1.50
2012.05.09 11:05:39.982,2.05404,2.05456,1.13,2.25
2012.05.09 11:05:40.192,2.05404,2.05462,1.13,1.50
2012.05.09 11:05:40.322,2.05406,2.05447,1.50,1.13
2012.05.09 11:05:40.450,2.05406,2.05449,1.50,1.13
2012.05.09 11:05:41.416,2.05406,2.05457,2.63,1.13
2012.05.09 11:05:43.932,2.05406,2.05457,1.13,1.88
2012.05.09 11:05:44.287,2.05399,2.05447,1.50,1.13
2012.05.09 11:05:45.363,2.05399,2.05445,1.50,1.13
2012.05.09 11:05:46.171,2.05395,2.05445,1.50,1.88
2012.05.09 11:05:46.291,2.05394,2.05436,1.50,1.13
2012.05.09 11:05:49.952,2.05389,2.05436,3.00,1.13
2012.05.09 11:05:50.140,2.05399,2.05446,1.13,1.50
2012.05.09 11:05:50.282,2.05399,2.05451,1.13,1.50
2012.05.09 11:05:50.352,2.05399,2.05455,1.13,1.13
2012.05.09 11:05:52.389,2.05399,2.05455,1.50,1.13
2012.05.09 11:05:52.593,2.05402,2.05455,1.50,1.13
2012.05.09 11:05:52.842,2.05403,2.05464,1.13,1.13
2012.05.09 11:05:53.092,2.05404,2.05466,1.13,1.13
2012.05.09 11:05:55.793,2.05409,2.05466,1.50,1.13
2012.05.09 11:05:56.142,2.05413,2.05469,1.13,1.13
2012.05.09 11:05:56.210,2.05416,2.05474,1.13,1.50
2012.05.09 11:06:03.645,2.05417,2.05474,1.13,1.50
2012.05.09 11:06:04.444,2.05417,2.05479,1.13,1.13
2012.05.09 11:06:04.516,2.05417,2.05472,1.13,1.50
2012.05.09 11:06:05.329,2.05417,2.0547,1.13,1.50
2012.05.09 11:06:05.431,2.05417,2.05472,1.13,1.50
2012.05.09 11:06:05.841,2.05417,2.05461,1.13,1.50
2012.05.09 11:06:05.961,2.05407,2.05461,1.13,2.63
2012.05.09 11:06:06.259,2.05413,2.0546,1.13,1.50
2012.05.09 11:06:06.592,2.05413,2.05467,1.13,2.25
2012.05.09 11:06:08.402,2.05413,2.05467,1.13,2.25
2012.05.09 11:06:08.472,2.0541,2.05464,1.13,1.88
2012.05.09 11:06:08.606,2.0541,2.05464,1.13,1.88
2012.05.09 11:06:08.758,2.05414,2.05467,1.13,2.25
2012.05.09 11:06:18.436,2.05416,2.05467,1.13,2.25
2012.05.09 11:06:18.765,2.05413,2.05467,1.13,2.25
2012.05.09 11:06:21.255,2.05413,2.05467,1.13,1.50
2012.05.09 11:06:22.621,2.05404,2.05449,1.13,1.13
2012.05.09 11:06:28.602,2.05402,2.05448,1.50,1.13
2012.05.09 11:06:28.963,2.05404,2.05449,1.13,1.13
2012.05.09 11:06:29.038,2.05413,2.05467,1.13,2.25
2012.05.09 11:06:29.232,2.05413,2.05454,1.13,1.50
2012.05.09 11:06:29.372,2.05413,2.05462,1.13,1.50
2012.05.09 11:06:30.803,2.05413,2.05469,1.13,3.38
2012.05.09 11:06:31.552,2.05413,2.05469,1.13,3.38
2012.05.09 11:06:33.755,2.05413,2.05462,1.13,1.50
2012.05.09 11:06:34.684,2.05413,2.05462,1.13,2.25
2012.05.09 11:06:34.877,2.05413,2.05462,1.13,1.50
2012.05.09 11:06:35.078,2.05413,2.05462,1.13,2.25
2012.05.09 11:06:36.234,2.05404,2.05449,1.13,1.13
2012.05.09 11:06:51.901,2.05404,2.05449,1.13,1.88
2012.05.09 11:06:52.242,2.05394,2.05434,1.50,1.13
2012.05.09 11:06:52.522,2.05396,2.05443,1.13,1.13
2012.05.09 11:06:52.711,2.05394,2.05437,1.50,1.13
2012.05.09 11:06:54.188,2.054,2.05437,1.50,1.13
2012.05.09 11:06:55.578,2.05393,2.05437,1.50,1.13
2012.05.09 11:06:58.348,2.05395,2.05437,1.50,1.13
2012.05.09 11:06:58.987,2.05394,2.05437,1.50,1.13
2012.05.09 11:07:01.536,2.05394,2.05448,1.50,1.13
2012.05.09 11:07:01.725,2.05399,2.05448,1.50,1.13
2012.05.09 11:07:02.364,2.05403,2.05464,1.13,1.13
2012.05.09 11:07:02.645,2.05403,2.05456,1.13,2.25
2012.05.09 11:07:02.711,2.05403,2.0546,1.13,2.25
2012.05.09 11:07:03.143,2.05403,2.05462,1.13,2.25
2012.05.09 11:07:03.576,2.05402,2.05454,1.13,2.25
2012.05.09 11:07:04.107,2.05403,2.05459,1.13,2.25
2012.05.09 11:07:05.760,2.05396,2.05448,1.50,1.13
2012.05.09 11:07:05.866,2.05393,2.05448,1.13,1.13
2012.05.09 11:07:05.992,2.05395,2.05448,1.50,1.13
2012.05.09 11:07:06.546,2.05395,2.05448,1.50,1.88
2012.05.09 11:07:06.665,2.05395,2.05448,1.50,1.13
2012.05.09 11:07:07.101,2.05403,2.05453,1.13,1.50
2012.05.09 11:07:07.844,2.05403,2.05457,1.13,2.25
2012.05.09 11:07:08.534,2.05403,2.05453,1.13,1.50
2012.05.09 11:07:09.735,2.05403,2.05453,1.13,2.25
2012.05.09 11:07:09.958,2.05403,2.05453,1.13,1.50
2012.05.09 11:07:10.322,2.05403,2.05453,1.13,2.25
2012.05.09 11:07:10.865,2.05396,2.05447,1.50,1.88
2012.05.09 11:07:10.933,2.05404,2.05449,1.13,1.88
2012.05.09 11:07:11.956,2.05404,2.05449,1.13,1.13
2012.05.09 11:07:12.356,2.0541,2.05449,1.50,1.13
2012.05.09 11:07:12.482,2.05406,2.05449,1.50,1.13
2012.05.09 11:07:12.551,2.05404,2.05449,1.13,1.13
2012.05.09 11:07:12.612,2.05414,2.05466,1.13,2.25
2012.05.09 11:07:12.743,2.05414,2.05459,1.13,1.50
2012.05.09 11:07:13.141,2.0541,2.05459,1.13,1.50
2012.05.09 11:07:14.991,2.0541,2.05464,1.13,1.50
2012.05.09 11:07:15.051,2.0541,2.05466,1.13,2.63
2012.05.09 11:07:22.817,2.0541,2.05466,1.13,3.38
2012.05.09 11:07:23.134,2.05401,2.05446,1.13,1.13
2012.05.09 11:07:24.332,2.05401,2.05446,1.13,1.88
2012.05.09 11:07:24.495,2.05388,2.0544,1.50,1.13
2012.05.09 11:07:27.802,2.05378,2.0542,1.50,1.13
2012.05.09 11:07:27.942,2.05379,2.05433,1.50,1.13
2012.05.09 11:07:28.060,2.05383,2.05433,1.50,1.13
2012.05.09 11:07:28.246,2.05389,2.0544,1.50,1.13
2012.05.09 11:07:28.845,2.05389,2.0544,1.50,1.88
2012.05.09 11:07:30.557,2.05389,2.05438,1.50,1.13
2012.05.09 11:07:31.315,2.05391,2.05438,1.50,1.13
2012.05.09 11:07:32.083,2.05395,2.05438,1.50,1.13
2012.05.09 11:07:32.413,2.05395,2.0544,1.50,1.13
2012.05.09 11:07:35.772,2.05387,2.0544,1.50,1.13
2012.05.09 11:07:35.841,2.05392,2.0544,1.50,1.13
2012.05.09 11:07:36.425,2.05392,2.05446,1.50,1.13
2012.05.09 11:07:36.817,2.05399,2.05446,1.50,1.13
2012.05.09 11:07:37.241,2.05408,2.05446,1.50,1.13
2012.05.09 11:07:37.485,2.05408,2.05453,1.50,1.13
2012.05.09 11:07:38.005,2.05407,2.05453,1.13,1.13
2012.05.09 11:07:38.911,2.05409,2.05453,1.50,1.13
2012.05.09 11:07:41.000,2.05407,2.05453,1.13,1.13
2012.05.09 11:07:41.505,2.0541,2.05453,1.50,1.13
2012.05.09 11:07:44.121,2.05407,2.05453,1.13,1.13
2012.05.09 11:07:46.283,2.05414,2.05453,1.50,1.13
2012.05.09 11:07:49.334,2.0541,2.05453,1.50,1.13
2012.05.09 11:07:49.400,2.05407,2.05453,1.13,1.13
2012.05.09 11:07:54.892,2.05409,2.05453,1.50,1.13
2012.05.09 11:07:55.282,2.05413,2.05453,1.50,1.13
2012.05.09 11:07:56.233,2.05407,2.05453,1.13,1.13
2012.05.09 11:07:56.360,2.05413,2.05452,1.50,1.13
2012.05.09 11:08:01.903,2.05408,2.05452,2.63,1.13
2012.05.09 11:08:01.972,2.05408,2.05441,1.50,1.13
2012.05.09 11:08:02.031,2.05403,2.05441,1.50,1.13
2012.05.09 11:08:02.575,2.05396,2.05441,1.50,1.13
2012.05.09 11:08:02.763,2.05396,2.05439,1.50,1.13
2012.05.09 11:08:03.318,2.05396,2.05434,1.50,1.13
2012.05.09 11:08:03.885,2.05392,2.05434,1.50,1.13
2012.05.09 11:08:03.951,2.0539,2.05434,1.50,1.13
2012.05.09 11:08:04.012,2.05398,2.05452,1.13,1.13
2012.05.09 11:08:06.129,2.05398,2.05452,1.13,1.88
2012.05.09 11:08:07.194,2.05398,2.05452,1.13,1.88
2012.05.09 11:08:08.666,2.05398,2.05452,1.13,1.13
2012.05.09 11:08:16.880,2.05399,2.05459,1.13,1.88
2012.05.09 11:08:16.942,2.05408,2.05459,1.50,1.88
2012.05.09 11:08:17.071,2.05401,2.05459,1.50,1.88
2012.05.09 11:08:24.296,2.05399,2.05459,1.13,3.38
2012.05.09 11:08:24.360,2.05399,2.05459,1.13,3.38
2012.05.09 11:08:24.563,2.05399,2.05459,1.13,2.63
2012.05.09 11:08:25.290,2.05399,2.05458,1.13,1.13
2012.05.09 11:08:27.401,2.054,2.05457,1.13,1.13
2012.05.09 11:08:27.925,2.054,2.05458,1.13,1.13
2012.05.09 11:08:28.163,2.05395,2.05447,1.50,1.13
2012.05.09 11:08:28.592,2.05395,2.05449,1.50,1.13
2012.05.09 11:08:29.031,2.05393,2.05449,1.13,1.13
2012.05.09 11:08:29.360,2.05392,2.05446,1.13,1.13
2012.05.09 11:08:29.835,2.05401,2.05451,1.50,1.13
2012.05.09 11:08:30.198,2.05401,2.05453,1.50,1.13
2012.05.09 11:08:30.964,2.05397,2.05453,2.63,1.13
2012.05.09 11:08:31.242,2.054,2.05453,1.50,1.13
2012.05.09 11:08:32.420,2.054,2.05449,1.50,1.13
2012.05.09 11:08:32.541,2.054,2.05452,1.50,1.13
2012.05.09 11:08:34.740,2.054,2.05451,1.50,1.13
2012.05.09 11:08:35.371,2.05397,2.05451,1.13,1.13
2012.05.09 11:08:35.906,2.054,2.05451,1.50,1.13
2012.05.09 11:08:37.424,2.05397,2.05451,1.13,1.13
2012.05.09 11:08:38.343,2.05398,2.05451,1.50,1.13
2012.05.09 11:08:38.757,2.05398,2.05451,1.50,1.88
2012.05.09 11:08:38.975,2.05398,2.05451,1.50,1.13
2012.05.09 11:08:39.623,2.05403,2.05449,1.50,1.13
2012.05.09 11:08:39.923,2.05398,2.05449,1.50,1.88
2012.05.09 11:08:39.992,2.05395,2.05449,1.50,1.88
2012.05.09 11:08:40.679,2.05397,2.05451,1.13,1.88
2012.05.09 11:08:42.113,2.05402,2.05451,1.50,1.88
2012.05.09 11:08:42.613,2.05397,2.05451,1.13,1.88
2012.05.09 11:08:42.693,2.05397,2.05451,1.50,1.13
2012.05.09 11:08:42.762,2.05413,2.05458,1.13,1.13
2012.05.09 11:08:43.224,2.05413,2.05454,1.13,1.50
2012.05.09 11:08:43.291,2.05413,2.05458,1.13,2.63
2012.05.09 11:08:43.952,2.0541,2.05457,1.13,1.13
2012.05.09 11:08:44.025,2.0541,2.05451,1.13,1.50
2012.05.09 11:08:44.592,2.05411,2.05451,1.13,1.50
2012.05.09 11:08:45.761,2.05411,2.05456,1.13,1.13
2012.05.09 11:08:47.221,2.0541,2.05454,1.13,1.13
2012.05.09 11:08:47.747,2.05414,2.05457,1.13,1.50
2012.05.09 11:08:48.650,2.05411,2.05456,1.13,1.13
2012.05.09 11:08:48.824,2.05415,2.05457,1.13,1.50
2012.05.09 11:08:51.243,2.05412,2.05459,1.13,1.13
2012.05.09 11:08:51.962,2.05412,2.05459,1.13,1.88
2012.05.09 11:08:56.752,2.05412,2.05459,1.13,1.13
2012.05.09 11:08:56.814,2.05415,2.0546,1.13,1.13
2012.05.09 11:08:57.122,2.05397,2.05444,1.50,1.13
2012.05.09 11:08:57.312,2.05409,2.05456,1.13,1.88
2012.05.09 11:08:57.613,2.05409,2.05456,1.13,1.88
2012.05.09 11:08:59.703,2.05412,2.05459,1.13,1.88
2012.05.09 11:08:59.964,2.054,2.05445,2.63,1.88
2012.05.09 11:09:00.333,2.054,2.05447,1.13,1.13
2012.05.09 11:09:00.582,2.05401,2.05444,1.13,1.50
2012.05.09 11:09:00.978,2.05401,2.05442,1.13,1.50
2012.05.09 11:09:01.065,2.05401,2.05445,1.13,1.50
2012.05.09 11:09:01.132,2.05389,2.05439,1.13,1.13
2012.05.09 11:09:02.508,2.05391,2.05444,1.13,1.13
2012.05.09 11:09:02.606,2.05391,2.05439,1.13,1.50
2012.05.09 11:09:02.814,2.05391,2.05442,1.13,1.50
2012.05.09 11:09:02.912,2.05391,2.05444,1.13,1.13
2012.05.09 11:09:03.412,2.05388,2.05433,1.13,1.13
2012.05.09 11:09:03.991,2.05398,2.05433,1.50,1.13
2012.05.09 11:09:04.168,2.05398,2.05439,1.50,1.13
2012.05.09 11:09:04.247,2.05394,2.05439,1.50,1.13
2012.05.09 11:09:04.372,2.0539,2.05439,1.50,1.13
2012.05.09 11:09:04.482,2.0539,2.05437,2.63,1.13
2012.05.09 11:09:05.102,2.0539,2.05436,2.63,1.13
2012.05.09 11:09:05.451,2.05399,2.05436,1.50,1.13
2012.05.09 11:09:07.145,2.05399,2.05439,1.50,1.13
2012.05.09 11:09:07.271,2.05399,2.05442,1.50,1.13
2012.05.09 11:09:07.393,2.05399,2.0544,1.50,1.13
2012.05.09 11:09:07.862,2.05399,2.05438,1.50,1.13
2012.05.09 11:09:07.922,2.05392,2.05438,1.50,1.13
2012.05.09 11:09:08.105,2.05392,2.05436,1.50,1.13
2012.05.09 11:09:08.623,2.05399,2.05436,1.50,1.13
2012.05.09 11:09:08.697,2.05401,2.05446,1.13,1.13
2012.05.09 11:09:09.793,2.05404,2.05446,1.50,1.13
2012.05.09 11:09:13.591,2.05404,2.05444,1.50,1.13
2012.05.09 11:09:13.714,2.05398,2.05444,1.50,1.13
2012.05.09 11:09:15.525,2.05394,2.05444,1.50,1.13
2012.05.09 11:09:15.592,2.05392,2.05444,1.50,1.13
2012.05.09 11:09:16.224,2.05398,2.05444,1.50,1.13
2012.05.09 11:09:16.533,2.05398,2.05429,1.50,1.13
2012.05.09 11:09:18.154,2.05394,2.05429,1.50,1.13
2012.05.09 11:09:18.226,2.05393,2.05447,1.13,1.88
2012.05.09 11:09:20.435,2.05398,2.05452,1.13,1.88
2012.05.09 11:09:20.636,2.05393,2.05447,1.13,1.88
2012.05.09 11:09:21.519,2.05395,2.05447,1.50,1.88
2012.05.09 11:09:21.955,2.05407,2.05448,1.50,1.88
2012.05.09 11:09:22.296,2.05403,2.05428,1.50,1.13
2012.05.09 11:09:22.742,2.05392,2.05448,1.13,1.13
2012.05.09 11:09:23.925,2.05392,2.05445,1.13,1.13
2012.05.09 11:09:24.053,2.05383,2.05445,1.50,1.13
2012.05.09 11:09:24.122,2.05383,2.05445,1.50,1.13
2012.05.09 11:09:24.195,2.05376,2.05443,1.50,2.25
2012.05.09 11:09:24.263,2.05391,2.05443,1.13,2.25
2012.05.09 11:09:24.393,2.05379,2.05431,1.13,2.25
2012.05.09 11:09:24.491,2.0537,2.05427,1.13,1.88
2012.05.09 11:09:24.734,2.05372,2.05428,1.13,1.88
2012.05.09 11:09:25.152,2.05365,2.05414,1.50,1.13
2012.05.09 11:09:25.546,2.0537,2.05414,1.50,1.13
2012.05.09 11:09:25.618,2.0537,2.05425,1.50,1.88
2012.05.09 11:09:25.743,2.05376,2.05421,1.50,1.13
2012.05.09 11:09:25.811,2.05376,2.05428,1.50,1.13
2012.05.09 11:09:26.212,2.05376,2.05428,1.50,1.88
2012.05.09 11:09:26.513,2.05376,2.05428,1.50,1.13
2012.05.09 11:09:26.782,2.05376,2.05427,1.50,1.88
2012.05.09 11:09:27.284,2.05376,2.05428,1.50,1.13
2012.05.09 11:09:27.793,2.05376,2.05427,1.50,1.13
2012.05.09 11:09:28.224,2.05378,2.05434,1.13,1.13
2012.05.09 11:09:28.374,2.05378,2.05432,1.13,1.13
2012.05.09 11:09:29.111,2.05383,2.05432,1.50,1.13
2012.05.09 11:09:29.643,2.05383,2.05423,1.50,1.13
2012.05.09 11:09:29.713,2.05377,2.05423,1.50,1.13
2012.05.09 11:09:31.169,2.05391,2.05423,1.50,1.13
2012.05.09 11:09:31.791,2.05387,2.05413,1.50,1.13
2012.05.09 11:09:32.093,2.05395,2.05413,1.50,1.13
2012.05.09 11:09:32.444,2.05395,2.05419,1.50,1.13
2012.05.09 11:09:32.691,2.05396,2.05416,1.50,1.13
2012.05.09 11:09:32.815,2.05396,2.05441,2.63,1.13
2012.05.09 11:09:33.497,2.05397,2.05442,1.13,1.13
2012.05.09 11:09:33.701,2.05396,2.05435,1.50,1.13
2012.05.09 11:09:33.764,2.05396,2.05437,1.50,1.13
2012.05.09 11:09:34.042,2.05401,2.05448,1.13,1.13
2012.05.09 11:09:34.774,2.05401,2.05447,1.13,1.88
2012.05.09 11:09:35.292,2.05401,2.05448,1.13,1.28
2012.05.09 11:09:35.553,2.05392,2.05434,1.50,1.13
2012.05.09 11:09:38.178,2.05389,2.05434,1.13,1.13
2012.05.09 11:09:38.312,2.05384,2.05424,1.50,1.13
2012.05.09 11:09:38.399,2.05384,2.05426,1.50,1.13
2012.05.09 11:09:38.937,2.05387,2.05431,1.13,1.13
2012.05.09 11:09:39.155,2.05392,2.05431,1.50,1.13
2012.05.09 11:09:39.462,2.05397,2.05442,1.13,1.13
2012.05.09 11:09:39.833,2.05396,2.05434,1.50,1.13
2012.05.09 11:09:40.023,2.05392,2.05434,1.50,1.13
2012.05.09 11:09:40.152,2.054,2.05434,1.50,1.13
2012.05.09 11:09:41.077,2.05396,2.05438,1.50,1.13
2012.05.09 11:09:41.270,2.05396,2.05441,2.63,1.13
2012.05.09 11:09:41.644,2.05396,2.05437,1.50,1.13
2012.05.09 11:09:41.891,2.05403,2.05445,1.50,1.13
2012.05.09 11:09:42.083,2.05391,2.05445,1.50,1.13
2012.05.09 11:09:42.153,2.05391,2.0543,1.50,1.13
2012.05.09 11:09:42.653,2.05391,2.05424,2.25,1.13
2012.05.09 11:09:42.724,2.05406,2.05453,1.88,1.13
2012.05.09 11:09:42.972,2.05396,2.05451,2.25,1.13
2012.05.09 11:09:43.045,2.05396,2.05451,1.50,1.13
2012.05.09 11:09:43.483,2.05396,2.0545,2.25,1.13
2012.05.09 11:09:43.555,2.05405,2.05452,1.88,1.13
2012.05.09 11:09:43.803,2.05405,2.0545,1.88,1.13
2012.05.09 11:09:44.120,2.054,2.05448,2.25,1.13
2012.05.09 11:09:44.183,2.05404,2.05451,1.88,1.13
2012.05.09 11:09:44.373,2.05404,2.05451,1.13,1.13
2012.05.09 11:09:44.623,2.054,2.05445,1.50,1.13
2012.05.09 11:09:44.694,2.05398,2.05445,1.13,1.13
2012.05.09 11:09:44.762,2.05395,2.05437,1.50,1.13
2012.05.09 11:09:45.014,2.054,2.05445,1.50,1.13
2012.05.09 11:09:45.143,2.05409,2.05445,1.50,1.13
2012.05.09 11:09:45.423,2.05395,2.05435,1.50,1.13
2012.05.09 11:09:45.494,2.05405,2.05435,1.50,1.13
2012.05.09 11:09:45.562,2.0539,2.05435,1.13,1.13
2012.05.09 11:09:45.631,2.05395,2.05435,1.50,1.13
2012.05.09 11:09:46.184,2.05403,2.05438,1.50,1.13
2012.05.09 11:09:46.644,2.054,2.05438,1.50,1.88
2012.05.09 11:09:46.716,2.05397,2.05438,1.50,1.13
2012.05.09 11:09:46.783,2.05402,2.05422,1.50,1.13
2012.05.09 11:09:46.916,2.05398,2.05422,1.50,1.13
2012.05.09 11:09:47.045,2.05403,2.05422,1.50,1.13
2012.05.09 11:09:47.112,2.05403,2.05428,1.50,1.13
2012.05.09 11:09:47.359,2.05403,2.05429,2.25,1.13
2012.05.09 11:09:47.426,2.05403,2.05456,2.25,1.13
2012.05.09 11:09:47.493,2.0541,2.05455,1.50,1.13
2012.05.09 11:09:48.116,2.05417,2.05449,1.50,1.13
2012.05.09 11:09:48.241,2.05408,2.05446,1.50,1.13
2012.05.09 11:09:48.366,2.05402,2.05446,1.50,1.13
2012.05.09 11:09:48.952,2.05402,2.05442,1.50,1.13
2012.05.09 11:09:49.263,2.05402,2.05426,1.50,1.13
2012.05.09 11:09:49.566,2.05402,2.05423,1.50,1.13
2012.05.09 11:09:49.688,2.05402,2.05426,1.50,1.13
2012.05.09 11:09:49.910,2.05402,2.05423,1.50,1.13
2012.05.09 11:09:50.627,2.05402,2.0542,1.50,1.13
2012.05.09 11:09:50.698,2.05391,2.0542,2.25,1.13
2012.05.09 11:09:50.823,2.05396,2.05425,2.25,1.13
2012.05.09 11:09:51.284,2.0539,2.05422,2.25,1.13
2012.05.09 11:09:51.354,2.0539,2.05425,2.25,1.13
2012.05.09 11:09:51.655,2.0539,2.05422,2.25,1.13
2012.05.09 11:09:51.726,2.05384,2.05414,2.25,1.13
2012.05.09 11:09:51.795,2.05376,2.0541,2.25,1.13
2012.05.09 11:09:52.021,2.05373,2.05401,1.50,1.13
2012.05.09 11:09:52.086,2.0537,2.05401,2.25,1.13
2012.05.09 11:09:52.215,2.0537,2.05418,2.25,1.13
2012.05.09 11:09:52.653,2.05383,2.0542,1.50,1.13
2012.05.09 11:09:53.123,2.05383,2.05429,2.25,1.13
2012.05.09 11:09:53.254,2.05391,2.05429,1.50,1.13
2012.05.09 11:09:53.572,2.05397,2.05419,1.50,1.13
2012.05.09 11:09:53.633,2.05397,2.05424,1.50,1.13
2012.05.09 11:09:53.762,2.05397,2.05432,1.50,1.13
2012.05.09 11:09:54.192,2.05397,2.05424,1.50,1.13
2012.05.09 11:09:54.314,2.05391,2.05424,1.50,1.13
2012.05.09 11:09:54.602,2.05391,2.05432,1.50,1.13
2012.05.09 11:09:55.217,2.05399,2.05437,1.50,1.13
2012.05.09 11:09:55.563,2.05399,2.05431,1.50,1.13
2012.05.09 11:09:55.633,2.05392,2.05431,1.50,1.13
2012.05.09 11:09:56.206,2.05392,2.05427,1.50,1.13
2012.05.09 11:09:56.392,2.05388,2.05426,1.50,1.13
2012.05.09 11:09:56.586,2.05388,2.05424,1.50,1.13
2012.05.09 11:09:56.903,2.05396,2.05424,1.50,1.13
2012.05.09 11:09:56.973,2.05396,2.05438,1.50,1.13
2012.05.09 11:09:57.165,2.05396,2.05438,1.50,1.88
2012.05.09 11:09:57.671,2.05396,2.05432,1.50,1.13
2012.05.09 11:09:57.852,2.05388,2.05429,1.50,1.13
2012.05.09 11:09:58.074,2.05388,2.05429,2.25,1.13
2012.05.09 11:09:58.204,2.05388,2.05429,1.50,1.13
2012.05.09 11:09:58.276,2.05388,2.05429,2.25,1.13
2012.05.09 11:09:58.364,2.05388,2.05429,1.50,1.13
2012.05.09 11:09:59.304,2.05388,2.05429,2.25,1.13
2012.05.09 11:09:59.583,2.05394,2.05432,2.25,1.13
2012.05.09 11:10:01.163,2.05394,2.05432,2.25,1.13
2012.05.09 11:10:01.232,2.05394,2.05442,2.25,1.13
2012.05.09 11:10:01.822,2.05407,2.05442,2.25,1.13
2012.05.09 11:10:01.892,2.05407,2.05445,2.25,1.13
2012.05.09 11:10:02.173,2.05407,2.05445,1.50,1.13
2012.05.09 11:10:02.666,2.05399,2.05445,2.25,1.13
2012.05.09 11:10:03.176,2.05406,2.05445,1.50,1.13
2012.05.09 11:10:04.853,2.05399,2.05445,2.25,1.13
2012.05.09 11:10:05.871,2.05405,2.05445,2.25,1.13
2012.05.09 11:10:06.172,2.05444,2.05474,1.13,1.27
2012.05.09 11:10:06.403,2.05444,2.05487,1.13,1.50
2012.05.09 11:10:06.713,2.05444,2.05491,1.13,1.13
2012.05.09 11:10:06.783,2.05432,2.05477,1.13,1.13
2012.05.09 11:10:07.398,2.05431,2.05478,1.13,1.13
2012.05.09 11:10:08.159,2.05431,2.05474,1.50,1.13
2012.05.09 11:10:08.623,2.05429,2.05474,1.13,1.13
2012.05.09 11:10:09.110,2.05432,2.05477,1.13,1.13
2012.05.09 11:10:09.659,2.05429,2.05474,1.13,1.13
2012.05.09 11:10:10.002,2.05428,2.05471,1.50,1.13
2012.05.09 11:10:10.679,2.05429,2.05464,1.50,1.13
2012.05.09 11:10:10.804,2.05422,2.05464,1.50,1.13
2012.05.09 11:10:10.995,2.05422,2.05462,1.50,1.13
2012.05.09 11:10:12.852,2.05422,2.05464,1.50,1.13
2012.05.09 11:10:13.374,2.05418,2.05465,2.63,1.13
2012.05.09 11:10:13.603,2.05416,2.05461,1.13,1.13
2012.05.09 11:10:13.931,2.05418,2.05465,1.13,1.13
2012.05.09 11:10:14.278,2.05413,2.0546,3.38,1.13
2012.05.09 11:10:14.341,2.05413,2.0546,2.63,1.13
2012.05.09 11:10:14.683,2.05413,2.05457,1.50,1.13
2012.05.09 11:10:15.042,2.05413,2.05449,1.50,1.13
2012.05.09 11:10:15.213,2.05414,2.05459,1.13,1.13
2012.05.09 11:10:16.142,2.05415,2.05462,1.88,1.13
2012.05.09 11:10:16.213,2.05415,2.05462,1.88,1.13
2012.05.09 11:10:16.378,2.05415,2.05462,1.88,1.13
2012.05.09 11:10:16.502,2.05415,2.05462,1.88,1.13
2012.05.09 11:10:18.253,2.05415,2.05462,1.88,1.13
2012.05.09 11:10:18.452,2.05414,2.05459,1.88,1.13
2012.05.09 11:10:18.923,2.05414,2.05459,1.88,1.13
2012.05.09 11:10:19.443,2.05414,2.05459,1.88,1.13
2012.05.09 11:10:20.718,2.05415,2.05462,1.88,1.13
2012.05.09 11:10:22.065,2.05414,2.05459,1.13,1.13
2012.05.09 11:10:22.486,2.05415,2.05462,1.13,1.13
2012.05.09 11:10:22.955,2.05423,2.05468,1.13,1.13
2012.05.09 11:10:23.487,2.05423,2.05468,1.88,1.13
2012.05.09 11:10:23.876,2.0542,2.05465,1.88,1.13
2012.05.09 11:10:24.237,2.05407,2.05446,2.25,1.13
2012.05.09 11:10:26.012,2.05399,2.05435,2.25,1.13
2012.05.09 11:10:26.078,2.05399,2.05438,2.25,1.13
2012.05.09 11:10:26.142,2.05399,2.05438,2.25,1.13
2012.05.09 11:10:26.331,2.05399,2.05439,1.50,1.13
2012.05.09 11:10:26.453,2.05393,2.05439,2.25,1.13
2012.05.09 11:10:26.582,2.05393,2.05428,2.25,1.13
2012.05.09 11:10:26.893,2.054,2.05436,2.25,1.13
2012.05.09 11:10:26.963,2.054,2.05436,1.50,1.13
2012.05.09 11:10:27.045,2.05396,2.05436,2.25,1.13
2012.05.09 11:10:27.113,2.05396,2.05431,2.25,1.13
2012.05.09 11:10:27.242,2.05392,2.05431,2.25,1.13
2012.05.09 11:10:27.711,2.05392,2.05436,2.25,1.13
2012.05.09 11:10:27.900,2.05392,2.05436,2.25,1.13
2012.05.09 11:10:28.341,2.05392,2.05437,2.25,1.13
2012.05.09 11:10:28.595,2.05392,2.05429,2.25,1.13
2012.05.09 11:10:29.766,2.05384,2.05429,1.50,1.13
2012.05.09 11:10:32.715,2.05384,2.05425,1.50,1.13
2012.05.09 11:10:33.035,2.05384,2.05419,1.50,1.13
2012.05.09 11:10:33.342,2.05394,2.05431,1.50,1.13
2012.05.09 11:10:33.781,2.05394,2.05435,1.50,1.13
2012.05.09 11:10:33.866,2.05391,2.05435,1.13,1.13
2012.05.09 11:10:35.741,2.05391,2.05435,1.88,1.13
2012.05.09 11:10:36.084,2.05388,2.05433,1.50,1.13
2012.05.09 11:10:36.367,2.05386,2.05433,1.13,1.13
2012.05.09 11:10:36.552,2.05379,2.05426,2.25,1.13
2012.05.09 11:10:36.623,2.05374,2.05421,2.25,1.13
2012.05.09 11:10:36.752,2.05371,2.05421,2.25,1.13
2012.05.09 11:10:36.871,2.05371,2.05424,2.25,1.13
2012.05.09 11:10:37.182,2.0537,2.05424,1.13,1.13
2012.05.09 11:10:37.254,2.05366,2.05406,1.50,1.13
2012.05.09 11:10:37.987,2.05368,2.05412,1.13,1.13
2012.05.09 11:10:41.050,2.05367,2.05413,1.13,1.13
2012.05.09 11:10:41.718,2.05367,2.05413,1.88,1.13
2012.05.09 11:10:41.844,2.05367,2.05413,1.13,1.13
2012.05.09 11:10:41.973,2.05372,2.05413,2.25,1.13
2012.05.09 11:10:42.107,2.05374,2.05419,1.88,1.13
2012.05.09 11:10:42.173,2.05374,2.05419,1.13,1.13
2012.05.09 11:10:42.301,2.05374,2.05416,1.13,1.50
2012.05.09 11:10:42.628,2.05365,2.05416,1.88,1.50
2012.05.09 11:10:43.193,2.05366,2.05416,1.13,1.50
2012.05.09 11:10:43.715,2.05367,2.05416,1.13,1.50
2012.05.09 11:10:45.034,2.05367,2.05417,1.13,1.50
2012.05.09 11:10:45.475,2.05367,2.05423,1.13,1.50
2012.05.09 11:10:46.477,2.05364,2.05418,1.13,1.13
2012.05.09 11:10:49.309,2.05367,2.05421,1.13,1.13
2012.05.09 11:10:49.637,2.05363,2.05419,1.13,1.13
2012.05.09 11:10:50.781,2.0536,2.05418,1.13,1.13
2012.05.09 11:10:50.962,2.05363,2.05418,1.13,1.50
2012.05.09 11:10:51.537,2.05363,2.05419,1.13,1.13
2012.05.09 11:10:52.624,2.05363,2.05417,1.13,1.50
2012.05.09 11:10:53.546,2.05366,2.05423,1.13,1.50
2012.05.09 11:10:57.253,2.05365,2.05423,1.13,1.50
2012.05.09 11:10:57.834,2.05366,2.05423,1.13,1.50
2012.05.09 11:10:58.329,2.05365,2.05426,3.38,1.13
2012.05.09 11:10:58.393,2.05366,2.0543,1.13,1.13
2012.05.09 11:10:58.888,2.05366,2.05424,1.13,1.50
2012.05.09 11:10:59.443,2.05367,2.05428,2.25,1.50
2012.05.09 11:10:59.993,2.05367,2.05429,1.88,1.13
2012.05.09 11:11:00.515,2.05367,2.05427,1.88,1.50
2012.05.09 11:11:00.584,2.05367,2.05429,1.13,2.63
2012.05.09 11:11:00.690,2.05367,2.05429,1.88,2.63
2012.05.09 11:11:01.573,2.05367,2.05429,1.13,2.63
2012.05.09 11:11:02.118,2.05367,2.05429,1.88,2.63
2012.05.09 11:11:03.124,2.05371,2.05429,1.50,1.13
2012.05.09 11:11:03.196,2.05367,2.05429,1.13,1.13
2012.05.09 11:11:05.689,2.05367,2.05429,1.88,1.13
2012.05.09 11:11:07.473,2.05367,2.05429,1.13,1.13
2012.05.09 11:11:07.576,2.05367,2.05429,1.88,1.13
2012.05.09 11:11:07.909,2.05363,2.05419,3.38,1.13
2012.05.09 11:11:08.617,2.05363,2.05419,2.63,1.13
2012.05.09 11:11:08.822,2.05363,2.05419,3.38,1.13
2012.05.09 11:11:08.937,2.05363,2.05419,2.63,1.13
2012.05.09 11:11:09.003,2.05363,2.05419,3.38,1.13
2012.05.09 11:11:09.671,2.05371,2.0543,1.50,1.13
2012.05.09 11:11:10.032,2.05371,2.0543,2.25,1.13
2012.05.09 11:11:10.106,2.05371,2.0543,1.50,1.13
2012.05.09 11:11:10.353,2.05377,2.05431,1.13,1.13
2012.05.09 11:11:10.663,2.0538,2.05431,1.50,1.13
2012.05.09 11:11:11.012,2.05386,2.05431,2.25,1.13
2012.05.09 11:11:11.073,2.05388,2.05445,1.13,1.13
2012.05.09 11:11:14.334,2.05388,2.05445,1.88,1.13
2012.05.09 11:11:14.895,2.05389,2.05444,1.88,1.13
2012.05.09 11:11:17.312,2.05396,2.05444,1.50,1.13
2012.05.09 11:11:17.732,2.054,2.05444,1.50,1.13
2012.05.09 11:11:17.987,2.05393,2.05444,1.50,1.13
2012.05.09 11:11:18.233,2.05393,2.05425,1.50,1.13
2012.05.09 11:11:18.422,2.05398,2.05445,1.50,1.13
2012.05.09 11:11:18.705,2.05403,2.05445,1.50,1.13
2012.05.09 11:11:19.011,2.05406,2.05445,1.50,1.13
2012.05.09 11:11:19.073,2.05406,2.05451,2.63,1.13
2012.05.09 11:11:19.775,2.05419,2.05464,1.13,1.13
2012.05.09 11:11:20.083,2.05414,2.05452,1.50,1.13
2012.05.09 11:11:20.214,2.05419,2.05464,1.13,1.13
2012.05.09 11:11:21.924,2.05419,2.05464,1.88,1.13
2012.05.09 11:11:22.421,2.05415,2.0546,1.88,1.13
2012.05.09 11:11:22.558,2.05419,2.05464,1.13,1.13
2012.05.09 11:11:22.624,2.05419,2.05464,1.88,1.13
2012.05.09 11:11:22.952,2.05419,2.05464,1.13,1.13
2012.05.09 11:11:23.131,2.05419,2.05464,1.88,1.13
2012.05.09 11:11:23.793,2.05419,2.05464,1.13,1.13
2012.05.09 11:11:24.006,2.05415,2.0546,1.88,1.13
2012.05.09 11:11:24.361,2.05419,2.05464,1.13,1.13
2012.05.09 11:11:24.756,2.05414,2.0546,2.25,1.13
2012.05.09 11:11:25.674,2.05414,2.05458,2.25,1.13
2012.05.09 11:11:26.318,2.05415,2.0546,1.88,1.13
2012.05.09 11:11:27.242,2.0542,2.0546,1.50,1.13
2012.05.09 11:11:29.168,2.05413,2.0546,3.38,1.13
2012.05.09 11:11:30.825,2.05414,2.05459,1.88,1.13
2012.05.09 11:11:30.952,2.05414,2.05461,1.88,1.13
2012.05.09 11:11:31.196,2.0542,2.05461,1.50,1.13
2012.05.09 11:11:31.522,2.0542,2.05466,2.63,1.13
2012.05.09 11:11:31.641,2.0542,2.05456,1.50,1.13
2012.05.09 11:11:32.495,2.05415,2.05456,2.25,1.13
2012.05.09 11:11:32.805,2.05415,2.0546,2.25,1.13
2012.05.09 11:11:32.996,2.05419,2.05464,1.13,1.13
2012.05.09 11:11:34.754,2.05415,2.05455,1.50,1.13
2012.05.09 11:11:35.191,2.05425,2.05455,1.50,1.13
2012.05.09 11:11:35.255,2.0542,2.05455,1.50,1.13
2012.05.09 11:11:35.454,2.05424,2.05455,1.50,1.13
2012.05.09 11:11:35.641,2.05421,2.05454,1.50,1.13
2012.05.09 11:11:35.701,2.05419,2.05467,1.13,1.13
2012.05.09 11:11:35.893,2.05427,2.05467,1.50,1.13
2012.05.09 11:11:36.202,2.05428,2.05456,1.50,1.13
2012.05.09 11:11:36.262,2.05428,2.05469,1.50,1.13
2012.05.09 11:11:36.381,2.05428,2.05457,1.50,1.13
2012.05.09 11:11:36.692,2.05428,2.0547,1.50,1.13
2012.05.09 11:11:36.752,2.05424,2.0547,1.50,1.13
2012.05.09 11:11:36.917,2.0542,2.0547,2.63,1.13
2012.05.09 11:11:37.103,2.05427,2.0547,1.50,1.13
2012.05.09 11:11:37.335,2.05427,2.05475,1.50,1.13
2012.05.09 11:11:37.402,2.05427,2.05472,1.50,1.13
2012.05.09 11:11:38.062,2.05427,2.0547,1.50,1.13
2012.05.09 11:11:38.406,2.05427,2.0547,2.25,1.13
2012.05.09 11:11:38.742,2.05449,2.05484,1.50,1.13
2012.05.09 11:11:39.997,2.05449,2.05487,1.50,1.13
2012.05.09 11:11:40.205,2.05449,2.05484,1.50,1.13
2012.05.09 11:11:40.664,2.05442,2.05484,1.50,1.13
2012.05.09 11:11:40.793,2.05442,2.05488,1.50,1.13
2012.05.09 11:11:40.867,2.05442,2.05485,1.50,1.13
2012.05.09 11:11:41.084,2.05442,2.05487,1.50,1.13
2012.05.09 11:11:41.536,2.05442,2.05489,1.50,1.13
2012.05.09 11:11:42.234,2.05445,2.05489,1.50,1.13
2012.05.09 11:11:42.547,2.0545,2.05489,1.50,1.13
2012.05.09 11:11:42.612,2.05445,2.05489,1.50,1.13
2012.05.09 11:11:43.381,2.0545,2.05489,1.50,1.13
2012.05.09 11:11:43.904,2.0545,2.0549,1.50,1.13
2012.05.09 11:11:44.293,2.05448,2.05501,1.13,1.13
2012.05.09 11:11:44.422,2.05447,2.05492,1.50,1.13
2012.05.09 11:11:44.732,2.05459,2.0549,1.50,1.13
2012.05.09 11:11:45.022,2.05454,2.0549,1.50,1.13
2012.05.09 11:11:48.120,2.05449,2.0549,1.50,1.13
2012.05.09 11:11:48.182,2.05446,2.0549,2.25,1.13
2012.05.09 11:11:50.447,2.05454,2.0549,1.50,1.13
2012.05.09 11:11:50.793,2.05459,2.0549,1.50,1.13
2012.05.09 11:11:50.922,2.05454,2.0549,1.50,1.13
2012.05.09 11:11:50.981,2.05451,2.05491,1.50,1.13
2012.05.09 11:11:54.068,2.05444,2.05491,1.13,1.13
2012.05.09 11:11:54.750,2.05444,2.05491,1.88,1.13
2012.05.09 11:11:55.405,2.05449,2.05491,1.50,1.13
2012.05.09 11:11:55.483,2.05444,2.05491,1.13,1.13
2012.05.09 11:11:55.889,2.05449,2.05491,1.50,1.13
2012.05.09 11:11:56.013,2.05443,2.05487,1.50,1.13
2012.05.09 11:11:56.459,2.05445,2.0549,1.13,1.13
2012.05.09 11:12:00.205,2.05425,2.05463,2.49,1.13
2012.05.09 11:12:00.767,2.05428,2.05463,1.50,1.13
2012.05.09 11:12:00.837,2.0543,2.05491,1.13,2.63
2012.05.09 11:12:01.701,2.05432,2.05491,1.50,1.13
2012.05.09 11:12:02.898,2.05432,2.05489,1.50,1.13
2012.05.09 11:12:03.204,2.05437,2.05487,2.25,1.13
2012.05.09 11:12:03.333,2.05437,2.0548,1.50,1.13
2012.05.09 11:12:03.404,2.05444,2.0548,1.50,1.13
2012.05.09 11:12:03.863,2.05446,2.05497,1.13,1.13
2012.05.09 11:12:03.940,2.05459,2.05495,1.50,1.13
2012.05.09 11:12:04.003,2.05451,2.05495,1.50,1.13
2012.05.09 11:12:04.142,2.05451,2.05499,1.50,1.13
2012.05.09 11:12:04.934,2.05451,2.05495,1.50,1.13
2012.05.09 11:12:05.304,2.05445,2.05494,1.50,1.13
2012.05.09 11:12:05.863,2.0545,2.05494,1.50,1.13
2012.05.09 11:12:06.367,2.05454,2.05494,1.50,1.13
2012.05.09 11:12:06.894,2.05458,2.05494,1.50,1.13
2012.05.09 11:12:08.062,2.05452,2.05494,1.50,1.13
2012.05.09 11:12:10.392,2.05453,2.05494,1.50,1.13
2012.05.09 11:12:10.452,2.05458,2.05494,1.50,1.13
2012.05.09 11:12:12.415,2.05451,2.05494,1.50,1.13
2012.05.09 11:12:12.545,2.05446,2.05494,1.50,1.13
2012.05.09 11:12:12.765,2.05451,2.05494,1.50,1.13
2012.05.09 11:12:12.954,2.05449,2.05494,1.50,1.13
2012.05.09 11:12:13.025,2.05449,2.05498,1.50,1.13
2012.05.09 11:12:13.482,2.05449,2.05491,1.50,1.13
2012.05.09 11:12:13.665,2.05449,2.05499,1.50,1.13
2012.05.09 11:12:14.992,2.05449,2.05488,1.50,1.13
2012.05.09 11:12:17.985,2.05455,2.05488,1.50,1.13
2012.05.09 11:12:18.262,2.05449,2.05488,1.50,1.13
2012.05.09 11:12:18.482,2.05443,2.05488,2.25,1.13
2012.05.09 11:12:18.614,2.05448,2.05488,1.50,1.13
2012.05.09 11:12:18.923,2.05453,2.05486,1.50,1.13
2012.05.09 11:12:19.236,2.05453,2.05486,2.25,1.13
2012.05.09 11:12:20.179,2.05447,2.05486,1.50,1.13
2012.05.09 11:12:20.935,2.05445,2.05486,2.25,1.13
2012.05.09 11:12:21.660,2.05445,2.05487,2.25,1.13
2012.05.09 11:12:21.761,2.05445,2.05485,2.25,1.13
2012.05.09 11:12:22.382,2.05445,2.05484,2.25,1.13
2012.05.09 11:12:22.632,2.05445,2.05486,2.25,1.13
2012.05.09 11:12:23.901,2.05445,2.05486,2.25,1.13
2012.05.09 11:12:24.804,2.05454,2.05486,1.50,1.13
2012.05.09 11:12:24.879,2.05445,2.05482,2.25,1.13
2012.05.09 11:12:25.003,2.05443,2.05485,2.25,1.13
2012.05.09 11:12:25.258,2.05443,2.05487,2.25,1.13
2012.05.09 11:12:25.486,2.0545,2.05487,1.50,1.13
2012.05.09 11:12:26.035,2.05442,2.05487,3.38,1.13
2012.05.09 11:12:28.702,2.05442,2.05485,2.25,1.13
2012.05.09 11:12:29.214,2.05442,2.05483,2.25,1.13
2012.05.09 11:12:31.120,2.05442,2.05483,2.25,1.13
2012.05.09 11:12:31.402,2.05444,2.05483,2.25,1.13
2012.05.09 11:12:31.472,2.05449,2.05483,1.50,1.13
2012.05.09 11:12:31.914,2.05439,2.05483,2.25,1.13
2012.05.09 11:12:32.172,2.05438,2.05483,1.13,1.13
2012.05.09 11:12:32.292,2.05431,2.05474,1.50,1.13
2012.05.09 11:12:32.423,2.05424,2.05474,2.25,1.13
2012.05.09 11:12:32.713,2.05419,2.05474,1.36,1.13
2012.05.09 11:12:32.783,2.05417,2.05461,1.50,1.13
2012.05.09 11:12:33.053,2.05417,2.05463,1.50,1.13
2012.05.09 11:12:33.552,2.05417,2.0546,1.50,1.13
2012.05.09 11:12:33.864,2.05411,2.05457,1.50,1.13
2012.05.09 11:12:34.670,2.05411,2.0546,1.50,1.13
2012.05.09 11:12:34.734,2.05411,2.05458,2.25,1.13
2012.05.09 11:12:34.860,2.05418,2.05461,1.50,1.13
2012.05.09 11:12:34.925,2.05418,2.05457,1.50,1.13
2012.05.09 11:12:35.053,2.05412,2.05457,2.25,1.13
2012.05.09 11:12:35.145,2.05412,2.0546,2.25,1.13
2012.05.09 11:12:35.365,2.05412,2.05457,2.25,1.13
2012.05.09 11:12:35.702,2.05412,2.05461,2.25,1.13
2012.05.09 11:12:35.934,2.05412,2.05458,2.25,1.13
2012.05.09 11:12:36.330,2.05412,2.0546,2.25,1.13
2012.05.09 11:12:36.546,2.05412,2.05458,2.25,1.13
2012.05.09 11:12:37.775,2.05418,2.05471,1.13,1.13
2012.05.09 11:12:37.842,2.0542,2.05471,1.50,1.13
2012.05.09 11:12:37.911,2.05418,2.05471,1.13,1.13
2012.05.09 11:12:38.033,2.05417,2.05462,1.13,1.13
2012.05.09 11:12:38.857,2.05417,2.05462,1.88,1.13
2012.05.09 11:12:39.163,2.05413,2.0545,1.50,1.13
2012.05.09 11:12:39.503,2.05407,2.0545,1.50,1.13
2012.05.09 11:12:39.843,2.05412,2.0545,1.50,1.13
2012.05.09 11:12:41.121,2.05414,2.05467,2.25,1.13
2012.05.09 11:12:41.513,2.0542,2.05467,1.50,1.13
2012.05.09 11:12:41.862,2.05427,2.05467,1.50,1.13
2012.05.09 11:12:42.201,2.05432,2.05467,1.50,1.13
2012.05.09 11:12:42.803,2.05429,2.05467,1.50,1.13
2012.05.09 11:12:42.873,2.05427,2.05467,1.50,1.13
2012.05.09 11:12:43.114,2.05433,2.05467,1.50,1.13
2012.05.09 11:12:43.674,2.05432,2.05467,1.50,1.13
2012.05.09 11:12:43.854,2.05425,2.05467,2.25,1.13
2012.05.09 11:12:45.055,2.05425,2.05467,1.50,1.13
2012.05.09 11:12:45.565,2.05425,2.05468,2.25,1.13
2012.05.09 11:12:45.755,2.0543,2.05468,1.50,1.13
2012.05.09 11:12:46.288,2.0543,2.05479,2.25,1.13
2012.05.09 11:12:46.360,2.05418,2.05479,1.50,1.13
2012.05.09 11:12:46.425,2.05418,2.05479,1.50,1.88
2012.05.09 11:12:46.732,2.05417,2.05466,1.13,1.50
2012.05.09 11:12:47.054,2.0542,2.05465,1.13,1.13
2012.05.09 11:12:47.392,2.05417,2.05462,1.13,1.13
2012.05.09 11:12:47.606,2.05415,2.05465,1.13,1.13
2012.05.09 11:12:47.859,2.05411,2.05463,1.13,1.13
2012.05.09 11:12:47.983,2.05409,2.05464,1.13,1.13
2012.05.09 11:12:48.077,2.05408,2.0546,1.13,1.13
2012.05.09 11:12:48.570,2.05411,2.05459,1.13,1.13
2012.05.09 11:12:48.842,2.0541,2.05463,1.13,1.13
2012.05.09 11:12:50.098,2.05409,2.05457,1.13,1.13
2012.05.09 11:12:50.613,2.0541,2.05463,1.13,1.13
2012.05.09 11:12:50.683,2.05408,2.05458,1.13,1.13
2012.05.09 11:12:51.218,2.05409,2.05454,1.13,1.13
2012.05.09 11:12:51.440,2.05401,2.05447,1.50,1.13
2012.05.09 11:12:51.503,2.054,2.05447,1.88,1.13
2012.05.09 11:12:51.813,2.05408,2.05453,1.88,1.13
2012.05.09 11:12:52.121,2.05409,2.05457,1.88,1.13
2012.05.09 11:12:54.059,2.05409,2.05457,1.88,1.13
2012.05.09 11:12:54.191,2.05407,2.05454,1.88,1.13
2012.05.09 11:12:55.041,2.05407,2.05452,1.88,1.13
2012.05.09 11:12:55.103,2.05407,2.05454,1.88,1.13
2012.05.09 11:12:55.544,2.05406,2.05451,1.88,1.13
2012.05.09 11:12:55.764,2.05411,2.05458,1.88,1.13
2012.05.09 11:12:55.833,2.05411,2.05458,1.88,1.13
2012.05.09 11:12:57.000,2.05414,2.05458,1.88,1.13
2012.05.09 11:12:57.202,2.05403,2.05448,1.88,1.13
2012.05.09 11:12:59.033,2.05404,2.05451,1.88,1.13
2012.05.09 11:12:59.143,2.05404,2.05451,1.13,1.13
2012.05.09 11:12:59.393,2.05389,2.05435,2.25,1.13
2012.05.09 11:12:59.653,2.05401,2.05448,1.88,1.13
2012.05.09 11:12:59.880,2.05396,2.05441,1.88,1.13
2012.05.09 11:13:01.174,2.05397,2.0545,1.88,1.13
2012.05.09 11:13:01.242,2.05407,2.05454,1.88,1.13
2012.05.09 11:13:01.653,2.05407,2.05454,1.88,1.13
2012.05.09 11:13:02.065,2.05407,2.05454,1.88,1.13
2012.05.09 11:13:02.169,2.05407,2.05454,1.88,1.13
2012.05.09 11:13:02.291,2.05407,2.05454,1.88,1.13
2012.05.09 11:13:02.466,2.05407,2.05452,1.88,1.13
2012.05.09 11:13:03.445,2.05405,2.0545,1.88,1.13
2012.05.09 11:13:03.994,2.05406,2.05451,1.88,1.13
2012.05.09 11:13:04.305,2.05412,2.05457,2.25,1.13
2012.05.09 11:13:04.433,2.05412,2.05458,2.25,1.13
2012.05.09 11:13:04.711,2.05414,2.05461,1.88,1.13
2012.05.09 11:13:05.248,2.05414,2.05458,1.88,1.13
2012.05.09 11:13:05.465,2.0541,2.05463,1.88,1.13
2012.05.09 11:13:05.582,2.0541,2.05463,1.88,1.13
2012.05.09 11:13:06.055,2.0542,2.05465,1.13,1.13
2012.05.09 11:13:06.555,2.05424,2.05465,1.50,1.13
2012.05.09 11:13:06.629,2.0542,2.05465,1.13,1.13
2012.05.09 11:13:07.353,2.0542,2.05465,1.88,1.13
2012.05.09 11:13:07.504,2.05422,2.05466,1.13,1.13
2012.05.09 11:13:07.575,2.05422,2.05466,1.88,1.13
2012.05.09 11:13:07.823,2.05422,2.05466,1.13,1.13
2012.05.09 11:13:07.954,2.05422,2.05466,1.88,1.13
2012.05.09 11:13:08.225,2.05424,2.05476,1.88,1.13
2012.05.09 11:13:08.435,2.05422,2.05474,1.88,1.13
2012.05.09 11:13:09.134,2.05421,2.05462,2.25,1.13
2012.05.09 11:13:09.320,2.05421,2.05462,2.25,1.13
2012.05.09 11:13:10.733,2.05421,2.05481,1.88,2.18
2012.05.09 11:13:11.278,2.05424,2.05487,2.25,2.40
2012.05.09 11:13:12.034,2.0542,2.05482,1.88,2.25
2012.05.09 11:13:12.917,2.05423,2.05474,1.88,1.13
2012.05.09 11:13:13.165,2.05431,2.05475,1.13,1.13
2012.05.09 11:13:13.547,2.05431,2.05475,1.88,1.13
2012.05.09 11:13:13.822,2.05432,2.05487,1.88,1.13
2012.05.09 11:13:14.123,2.05432,2.05487,1.88,1.13
2012.05.09 11:13:14.374,2.05431,2.05475,1.88,1.13
2012.05.09 11:13:22.335,2.05433,2.05475,2.25,1.13
2012.05.09 11:13:22.665,2.05433,2.05475,2.25,1.13
2012.05.09 11:13:22.926,2.05431,2.05475,1.88,1.13
2012.05.09 11:13:23.053,2.05434,2.05477,2.25,1.13
2012.05.09 11:13:23.219,2.05437,2.05482,1.88,1.13
2012.05.09 11:13:23.613,2.05443,2.05488,1.88,1.13
2012.05.09 11:13:24.973,2.05443,2.05488,1.88,1.13
2012.05.09 11:13:25.192,2.05443,2.05488,1.88,1.13
2012.05.09 11:13:25.694,2.05442,2.05489,1.88,1.13
2012.05.09 11:13:25.998,2.05446,2.05495,1.88,1.50
2012.05.09 11:13:26.457,2.05433,2.05486,1.88,1.13
2012.05.09 11:13:26.856,2.05444,2.0549,1.88,1.13
2012.05.09 11:13:27.233,2.05448,2.05496,1.88,1.50
2012.05.09 11:13:27.366,2.05448,2.05493,1.88,1.50
2012.05.09 11:13:27.675,2.05448,2.05493,1.88,1.50
2012.05.09 11:13:27.940,2.05448,2.05501,1.88,1.13
2012.05.09 11:13:28.103,2.05448,2.05496,1.88,1.50
2012.05.09 11:13:28.692,2.05447,2.05502,1.88,1.13
2012.05.09 11:13:29.315,2.05447,2.05502,1.88,1.13
2012.05.09 11:13:29.397,2.05447,2.055,1.88,1.50
2012.05.09 11:13:29.688,2.05447,2.05502,1.88,1.13
2012.05.09 11:13:30.625,2.05447,2.05502,1.13,1.13
2012.05.09 11:13:31.054,2.05447,2.055,1.88,1.50
2012.05.09 11:13:31.125,2.05447,2.055,1.13,1.50
2012.05.09 11:13:31.694,2.05447,2.05502,1.88,1.13
2012.05.09 11:13:32.249,2.05447,2.05499,1.88,1.50
2012.05.09 11:13:32.402,2.05447,2.05499,1.13,1.50
2012.05.09 11:13:32.472,2.05438,2.05485,1.88,1.13
2012.05.09 11:13:32.775,2.05452,2.05497,1.88,1.13
2012.05.09 11:13:32.842,2.05452,2.05497,1.13,1.13
2012.05.09 11:13:33.034,2.05445,2.0549,1.88,1.13
2012.05.09 11:13:33.342,2.05447,2.05499,1.88,1.50
2012.05.09 11:13:33.472,2.05447,2.05502,1.88,1.13
2012.05.09 11:13:34.280,2.05449,2.05503,1.88,1.13
2012.05.09 11:13:34.344,2.05449,2.05493,1.88,1.50
2012.05.09 11:13:34.591,2.05447,2.05487,1.13,1.50
2012.05.09 11:13:34.651,2.05434,2.05487,1.88,1.50
2012.05.09 11:13:34.755,2.05434,2.05487,1.88,1.50
2012.05.09 11:13:34.824,2.05434,2.05489,1.88,1.13
2012.05.09 11:13:34.895,2.05434,2.05487,1.88,1.50
2012.05.09 11:13:35.202,2.05422,2.05473,1.88,1.50
2012.05.09 11:13:35.583,2.05428,2.05475,1.88,1.50
2012.05.09 11:13:36.208,2.05421,2.05468,1.88,1.50
2012.05.09 11:13:36.280,2.05421,2.05476,1.88,1.13
2012.05.09 11:13:36.402,2.05418,2.05469,2.25,1.13
2012.05.09 11:13:36.473,2.05418,2.05469,1.50,1.13
2012.05.09 11:13:37.014,2.05412,2.05468,2.25,1.13
2012.05.09 11:13:37.538,2.05407,2.05468,2.25,1.13
2012.05.09 11:13:37.983,2.05406,2.05465,1.88,1.50
2012.05.09 11:13:39.606,2.05406,2.05468,3.38,1.13
2012.05.09 11:13:40.797,2.05407,2.05469,1.88,1.13
2012.05.09 11:13:41.585,2.05406,2.05468,3.38,1.13
2012.05.09 11:13:41.656,2.05416,2.0547,1.13,1.13
2012.05.09 11:13:41.813,2.05415,2.05465,1.88,1.50
2012.05.09 11:13:41.943,2.05403,2.05458,1.13,1.50
2012.05.09 11:13:42.072,2.05403,2.05449,1.13,1.50
2012.05.09 11:13:42.194,2.05402,2.05454,1.88,1.50
2012.05.09 11:13:42.263,2.05402,2.05462,1.88,2.63
2012.05.09 11:13:42.332,2.05397,2.05451,2.63,1.13
2012.05.09 11:13:42.666,2.05403,2.05458,2.25,1.13
2012.05.09 11:13:42.926,2.05411,2.05465,1.88,1.13
2012.05.09 11:13:42.996,2.05407,2.05463,1.88,1.13
2012.05.09 11:13:43.477,2.05403,2.05457,3.38,1.13
2012.05.09 11:13:44.088,2.05403,2.05438,1.50,1.13
2012.05.09 11:13:44.160,2.05396,2.05452,1.88,1.13
2012.05.09 11:13:44.282,2.05389,2.05445,1.88,1.13
2012.05.09 11:13:44.831,2.05392,2.05454,1.88,1.50
2012.05.09 11:13:45.002,2.05394,2.05456,2.25,1.13
2012.05.09 11:13:45.534,2.05394,2.05444,2.25,1.13
2012.05.09 11:13:45.762,2.05411,2.0546,1.13,1.50
2012.05.09 11:13:45.893,2.05411,2.05464,1.13,2.63
2012.05.09 11:13:46.263,2.05411,2.05458,1.88,1.50
2012.05.09 11:13:46.762,2.05412,2.05464,1.88,1.50
2012.05.09 11:13:48.106,2.05412,2.05464,1.13,1.50
2012.05.09 11:13:48.232,2.05412,2.05464,1.88,1.50
2012.05.09 11:13:48.353,2.05412,2.05464,1.13,1.50
2012.05.09 11:13:48.663,2.05412,2.05466,1.13,1.13
2012.05.09 11:13:48.976,2.05412,2.05466,1.88,1.13
2012.05.09 11:13:49.522,2.05412,2.05462,1.88,1.50
2012.05.09 11:13:49.688,2.05412,2.05462,1.13,1.50
2012.05.09 11:13:49.849,2.05412,2.05462,1.88,1.50
2012.05.09 11:13:49.972,2.05412,2.05466,1.88,1.13
2012.05.09 11:13:50.413,2.05413,2.05463,1.88,1.50
2012.05.09 11:13:50.604,2.05417,2.05467,1.13,1.13
2012.05.09 11:13:50.900,2.05417,2.05462,1.13,1.50
2012.05.09 11:13:50.995,2.05413,2.05462,1.88,1.50
2012.05.09 11:13:51.076,2.05413,2.05462,1.88,1.50
2012.05.09 11:13:51.144,2.05413,2.05466,1.88,1.13
2012.05.09 11:13:51.426,2.05413,2.05464,1.88,1.50
2012.05.09 11:13:51.920,2.05422,2.05461,1.88,1.50
2012.05.09 11:13:52.044,2.05421,2.05467,1.88,1.13
2012.05.09 11:13:52.589,2.05413,2.05466,2.25,1.13
2012.05.09 11:13:53.004,2.05437,2.05478,1.13,1.50
2012.05.09 11:13:53.253,2.05437,2.05485,1.13,1.50
2012.05.09 11:13:53.656,2.05437,2.0548,1.13,1.50
2012.05.09 11:13:54.414,2.05437,2.05484,1.13,1.50
2012.05.09 11:13:54.487,2.05437,2.0548,1.13,1.50
2012.05.09 11:13:54.892,2.05437,2.05486,1.13,1.50
2012.05.09 11:13:56.214,2.05437,2.0548,1.13,1.50
2012.05.09 11:13:56.283,2.05434,2.05479,1.88,1.13
2012.05.09 11:13:56.415,2.05424,2.05482,2.25,1.13
2012.05.09 11:13:56.637,2.05424,2.05482,2.25,1.13
2012.05.09 11:13:57.103,2.05418,2.05482,1.13,1.13
2012.05.09 11:13:59.312,2.05417,2.05465,1.50,1.13
2012.05.09 11:13:59.525,2.05418,2.05482,1.13,1.13
2012.05.09 11:13:59.634,2.05417,2.05465,1.50,1.13
2012.05.09 11:13:59.995,2.05422,2.05467,1.13,1.13
2012.05.09 11:14:00.494,2.05399,2.05448,2.49,1.13
2012.05.09 11:14:00.570,2.05398,2.05448,1.88,1.13
2012.05.09 11:14:00.873,2.05398,2.05448,1.13,1.13
2012.05.09 11:14:01.074,2.05385,2.0544,1.88,1.13
2012.05.09 11:14:01.391,2.05379,2.05426,2.25,1.13
2012.05.09 11:14:01.743,2.05379,2.05426,2.25,1.13
2012.05.09 11:14:01.815,2.05379,2.05426,2.25,1.13
2012.05.09 11:14:02.792,2.05379,2.05422,2.25,1.13
2012.05.09 11:14:03.314,2.05379,2.05415,2.25,1.13
2012.05.09 11:14:06.593,2.05373,2.05422,2.25,1.13
2012.05.09 11:14:06.664,2.05381,2.05415,2.25,1.13
2012.05.09 11:14:09.857,2.0538,2.05415,1.50,1.13
2012.05.09 11:14:09.921,2.0538,2.05415,2.25,1.13
2012.05.09 11:14:10.273,2.0538,2.05413,2.25,1.13
2012.05.09 11:14:10.344,2.0538,2.05413,2.25,1.13
2012.05.09 11:14:10.473,2.05387,2.05413,2.25,1.13
2012.05.09 11:14:10.542,2.05388,2.05413,1.50,1.13
2012.05.09 11:14:10.601,2.05393,2.05413,1.50,1.13
2012.05.09 11:14:10.724,2.05393,2.05439,1.50,1.13
2012.05.09 11:14:16.513,2.05386,2.05439,2.63,1.13
2012.05.09 11:14:16.641,2.05386,2.05426,1.50,1.13
2012.05.09 11:14:16.715,2.05386,2.05436,1.50,1.13
2012.05.09 11:14:16.903,2.0539,2.05436,1.50,1.13
2012.05.09 11:14:16.976,2.05393,2.05455,3.38,1.13
2012.05.09 11:14:18.269,2.054,2.05455,1.50,1.13
2012.05.09 11:14:18.696,2.054,2.05455,2.25,1.13
2012.05.09 11:14:25.485,2.05393,2.05455,3.38,1.13
2012.05.09 11:14:25.803,2.05397,2.05456,1.50,1.13
2012.05.09 11:14:26.248,2.05402,2.05458,1.13,1.13
2012.05.09 11:14:26.552,2.05406,2.05458,1.50,1.13
2012.05.09 11:14:26.613,2.05413,2.05469,1.13,1.13
2012.05.09 11:14:26.846,2.05415,2.05471,1.13,1.13
2012.05.09 11:14:28.048,2.05416,2.0547,1.13,1.13
2012.05.09 11:14:28.371,2.05408,2.05453,1.13,1.13
2012.05.09 11:14:29.405,2.05405,2.05452,1.88,1.13
2012.05.09 11:14:29.914,2.05408,2.05463,1.13,1.13
2012.05.09 11:14:30.025,2.05408,2.05454,1.13,1.13
2012.05.09 11:14:30.597,2.05408,2.05454,1.88,1.13
2012.05.09 11:14:31.064,2.05408,2.05454,1.13,1.13
2012.05.09 11:14:31.315,2.05407,2.05451,1.13,1.50
2012.05.09 11:14:31.622,2.05418,2.05451,1.13,1.50
2012.05.09 11:14:31.684,2.05411,2.05451,1.13,1.50
2012.05.09 11:14:31.753,2.05411,2.05455,1.13,1.50
2012.05.09 11:14:31.824,2.05411,2.05457,1.13,1.50
2012.05.09 11:14:31.895,2.0539,2.05452,3.38,1.13
2012.05.09 11:14:31.965,2.0539,2.05437,2.25,1.13
2012.05.09 11:14:32.266,2.0539,2.05434,2.25,1.13
2012.05.09 11:14:32.334,2.0539,2.0545,3.38,1.13
2012.05.09 11:14:32.522,2.0539,2.05433,2.25,1.13
2012.05.09 11:14:32.644,2.0539,2.05436,2.25,1.13
2012.05.09 11:14:32.772,2.0539,2.05453,2.25,1.13
2012.05.09 11:14:32.953,2.05392,2.05437,1.88,1.13
2012.05.09 11:14:33.335,2.05398,2.05437,1.50,1.13
2012.05.09 11:14:33.408,2.054,2.05454,1.13,1.13
2012.05.09 11:14:34.182,2.05392,2.05437,1.88,1.13
2012.05.09 11:14:34.735,2.05399,2.05444,1.13,1.13
2012.05.09 11:14:35.045,2.05395,2.05444,1.88,1.13
2012.05.09 11:14:35.174,2.05404,2.05449,1.88,1.13
2012.05.09 11:14:35.362,2.05404,2.05449,1.13,1.13
2012.05.09 11:14:35.613,2.05394,2.05446,1.88,1.13
2012.05.09 11:14:36.328,2.05394,2.05446,1.88,1.13
2012.05.09 11:14:36.452,2.05407,2.05459,1.13,2.63
2012.05.09 11:14:38.466,2.05407,2.0546,1.13,1.13
2012.05.09 11:14:38.668,2.05408,2.05458,1.13,1.13
2012.05.09 11:14:39.078,2.05408,2.05458,1.88,1.13
2012.05.09 11:14:40.955,2.05408,2.05458,1.13,1.13
2012.05.09 11:14:41.453,2.05406,2.05455,1.88,1.13
2012.05.09 11:14:41.773,2.05407,2.05453,1.88,1.13
2012.05.09 11:14:41.954,2.05409,2.05461,1.88,1.13
2012.05.09 11:14:42.056,2.05409,2.05461,1.13,1.13
2012.05.09 11:14:42.495,2.05409,2.05461,1.88,1.13
2012.05.09 11:14:42.827,2.05421,2.05465,1.13,1.50
2012.05.09 11:14:42.892,2.05417,2.05462,1.13,1.13
2012.05.09 11:14:43.809,2.05417,2.05462,1.88,1.13
2012.05.09 11:14:43.877,2.05405,2.0545,2.25,1.13
2012.05.09 11:14:43.957,2.05405,2.0545,2.25,1.13
2012.05.09 11:14:44.022,2.05407,2.0546,1.88,1.13
2012.05.09 11:14:44.143,2.05407,2.0546,1.13,1.13
2012.05.09 11:14:44.411,2.05405,2.0545,2.25,1.13
2012.05.09 11:14:45.933,2.05405,2.0545,2.25,1.13
2012.05.09 11:14:46.254,2.05412,2.05466,1.88,1.13
2012.05.09 11:14:47.805,2.05412,2.05466,1.13,1.13
2012.05.09 11:14:49.784,2.05413,2.05466,1.50,1.13
2012.05.09 11:14:50.923,2.05413,2.0545,1.50,1.13
2012.05.09 11:14:50.993,2.05405,2.0545,1.88,1.13
2012.05.09 11:14:55.574,2.05406,2.0545,2.25,1.13
2012.05.09 11:14:55.880,2.05423,2.0547,1.88,1.13
2012.05.09 11:14:55.940,2.05423,2.0547,1.13,1.13
2012.05.09 11:14:56.120,2.05418,2.05474,2.63,1.13
2012.05.09 11:14:57.191,2.05418,2.05474,1.88,1.13
2012.05.09 11:14:57.453,2.05423,2.05474,1.50,1.13
2012.05.09 11:14:57.793,2.05418,2.05474,2.63,1.13
2012.05.09 11:15:01.077,2.05418,2.05474,1.88,1.13
2012.05.09 11:15:01.682,2.05418,2.05474,1.13,1.13
2012.05.09 11:15:01.872,2.05416,2.05466,1.50,1.13
2012.05.09 11:15:05.591,2.05416,2.05466,2.25,1.13
2012.05.09 11:15:06.684,2.05416,2.05466,1.50,1.13
2012.05.09 11:15:07.497,2.05417,2.05466,1.50,1.13
2012.05.09 11:15:07.562,2.05422,2.05466,1.50,1.13
2012.05.09 11:15:07.923,2.05415,2.05466,2.25,1.13
2012.05.09 11:15:08.594,2.05417,2.05466,1.50,1.13
2012.05.09 11:15:08.662,2.05421,2.05466,1.50,1.13
2012.05.09 11:15:09.057,2.05421,2.05466,2.25,1.13
2012.05.09 11:15:09.125,2.05412,2.05466,1.13,1.13
2012.05.09 11:15:09.193,2.05421,2.05466,1.50,1.13
2012.05.09 11:15:09.321,2.05412,2.05466,1.13,1.13
2012.05.09 11:15:09.393,2.05411,2.05451,1.50,1.13
2012.05.09 11:15:09.462,2.05421,2.05476,1.13,1.50
2012.05.09 11:15:09.533,2.05421,2.05471,1.13,1.50
2012.05.09 11:15:09.602,2.05418,2.05471,1.13,1.50
2012.05.09 11:15:09.673,2.05418,2.05478,1.13,1.13
2012.05.09 11:15:09.742,2.05414,2.05478,3.38,1.13
2012.05.09 11:15:10.382,2.0542,2.05466,2.25,1.13
2012.05.09 11:15:10.452,2.0542,2.05466,1.50,1.13
2012.05.09 11:15:10.522,2.05422,2.05466,1.50,1.13
2012.05.09 11:15:10.972,2.05432,2.05466,1.50,1.13
2012.05.09 11:15:11.048,2.05429,2.05467,1.50,1.13
2012.05.09 11:15:11.171,2.05421,2.05467,1.50,1.13
2012.05.09 11:15:11.434,2.05421,2.05467,2.25,1.13
2012.05.09 11:15:11.845,2.05425,2.0548,2.25,1.13
2012.05.09 11:15:11.913,2.05433,2.0548,2.25,1.13
2012.05.09 11:15:11.982,2.05433,2.0548,1.50,1.13
2012.05.09 11:15:12.053,2.05439,2.0548,1.50,1.13
2012.05.09 11:15:12.362,2.05432,2.0548,2.25,1.13
2012.05.09 11:15:12.432,2.05432,2.05478,2.25,1.13
2012.05.09 11:15:12.622,2.05432,2.05478,2.25,1.13
2012.05.09 11:15:12.690,2.05432,2.0549,2.25,1.13
2012.05.09 11:15:13.043,2.05438,2.0549,1.50,1.13
2012.05.09 11:15:13.710,2.05438,2.0549,2.25,1.13
2012.05.09 11:15:15.135,2.05438,2.0549,1.50,1.13
2012.05.09 11:15:15.301,2.05438,2.05492,1.50,1.13
2012.05.09 11:15:15.521,2.05435,2.05492,1.50,1.13
2012.05.09 11:15:15.585,2.05437,2.05493,1.13,1.13
2012.05.09 11:15:15.853,2.05433,2.05492,1.50,1.13
2012.05.09 11:15:15.923,2.05437,2.05491,1.13,1.50
2012.05.09 11:15:16.460,2.0545,2.05491,1.88,1.50
2012.05.09 11:15:16.535,2.05442,2.05489,1.88,1.13
2012.05.09 11:15:18.604,2.05442,2.05489,2.63,1.13
2012.05.09 11:15:18.670,2.05442,2.05484,1.50,1.13
2012.05.09 11:15:19.357,2.05454,2.05499,1.50,1.13
2012.05.09 11:15:19.425,2.05452,2.05498,1.50,1.13
2012.05.09 11:15:19.562,2.05452,2.05518,1.50,2.40
2012.05.09 11:15:19.630,2.05459,2.05521,1.50,3.83
2012.05.09 11:15:19.952,2.05468,2.05513,1.13,1.13
2012.05.09 11:15:20.037,2.05462,2.05509,1.13,1.13
2012.05.09 11:15:20.102,2.05469,2.05518,1.13,1.65
2012.05.09 11:15:20.266,2.05452,2.05498,2.25,1.13
2012.05.09 11:15:23.464,2.05445,2.05488,2.25,1.13
2012.05.09 11:15:23.530,2.05445,2.05499,2.25,1.13
2012.05.09 11:15:27.413,2.05445,2.05499,2.25,1.13
2012.05.09 11:15:27.533,2.0545,2.05506,1.88,1.13
2012.05.09 11:15:27.781,2.05453,2.05511,2.25,1.13
2012.05.09 11:15:27.911,2.05453,2.05511,1.50,1.13
2012.05.09 11:15:27.980,2.05455,2.05513,1.13,1.13
2012.05.09 11:15:28.444,2.05453,2.05508,1.50,1.13
2012.05.09 11:15:29.514,2.05453,2.05508,2.25,1.13
2012.05.09 11:15:29.582,2.05453,2.05506,1.50,1.13
2012.05.09 11:15:29.650,2.05453,2.05506,2.25,1.13
2012.05.09 11:15:29.713,2.05453,2.05506,1.50,1.13
2012.05.09 11:15:29.854,2.0546,2.05506,1.50,1.13
2012.05.09 11:15:30.207,2.05467,2.05506,1.50,1.13
2012.05.09 11:15:30.393,2.05462,2.05526,2.25,1.50
2012.05.09 11:15:30.461,2.0547,2.05529,1.50,1.13
2012.05.09 11:15:30.836,2.05477,2.0553,1.13,1.50
2012.05.09 11:15:30.903,2.05469,2.05526,1.13,1.13
2012.05.09 11:15:31.031,2.05471,2.05526,1.50,1.13
2012.05.09 11:15:31.999,2.05471,2.05527,2.63,1.13
2012.05.09 11:15:33.783,2.05471,2.05519,1.50,1.13
2012.05.09 11:15:34.221,2.05471,2.05514,1.50,1.13
2012.05.09 11:15:34.405,2.05471,2.0552,1.50,1.13
2012.05.09 11:15:35.482,2.05477,2.0552,1.50,1.13
2012.05.09 11:15:36.191,2.05483,2.0553,1.13,1.13
2012.05.09 11:15:36.532,2.0547,2.05519,1.50,1.13
2012.05.09 11:15:36.603,2.05474,2.05519,1.50,1.13
2012.05.09 11:15:36.932,2.05484,2.05529,1.13,1.13
2012.05.09 11:15:38.090,2.05471,2.05522,1.50,1.13
2012.05.09 11:15:38.271,2.05468,2.05522,1.13,1.13
2012.05.09 11:15:38.391,2.05465,2.05519,1.13,1.13
2012.05.09 11:15:38.580,2.05453,2.05515,1.50,1.13
2012.05.09 11:15:38.766,2.05458,2.05515,1.50,1.13
2012.05.09 11:15:39.113,2.05464,2.0552,1.13,1.13
2012.05.09 11:15:39.477,2.05464,2.05518,1.13,1.50
2012.05.09 11:15:40.260,2.05464,2.0552,1.13,1.13
2012.05.09 11:15:40.845,2.05464,2.05518,1.13,1.50
2012.05.09 11:15:41.329,2.05467,2.05522,1.13,1.50
2012.05.09 11:15:41.393,2.05467,2.05525,1.13,2.25
2012.05.09 11:15:41.463,2.05469,2.05525,1.13,2.25
2012.05.09 11:15:41.777,2.05464,2.0552,1.13,1.13
2012.05.09 11:15:41.840,2.05468,2.05525,1.13,3.38
2012.05.09 11:15:43.007,2.05469,2.05525,1.13,2.25
2012.05.09 11:15:43.523,2.05468,2.05525,1.13,2.25
2012.05.09 11:15:44.455,2.05469,2.05531,1.13,2.25
2012.05.09 11:15:46.402,2.05469,2.05531,1.13,1.50
2012.05.09 11:15:46.553,2.05479,2.05531,1.13,1.50
2012.05.09 11:15:46.740,2.05479,2.05533,1.13,1.13
2012.05.09 11:15:46.801,2.05479,2.05531,1.13,1.50
2012.05.09 11:15:47.523,2.05479,2.05524,1.13,1.50
2012.05.09 11:15:47.875,2.05472,2.05517,1.13,1.13
2012.05.09 11:15:50.952,2.05467,2.05512,1.13,1.13
2012.05.09 11:15:53.991,2.05449,2.05503,1.50,1.13
2012.05.09 11:15:54.120,2.05451,2.05503,1.50,1.13
2012.05.09 11:15:54.451,2.05466,2.05513,1.13,1.13
2012.05.09 11:15:55.991,2.05468,2.05513,1.13,1.13
2012.05.09 11:15:56.443,2.05455,2.05503,1.50,1.13
2012.05.09 11:15:56.873,2.05455,2.05507,2.25,1.13
2012.05.09 11:15:56.944,2.05472,2.05517,1.13,1.13
2012.05.09 11:15:57.462,2.05471,2.05514,1.13,1.50
2012.05.09 11:15:57.594,2.05458,2.05505,1.13,1.13
2012.05.09 11:15:57.843,2.05452,2.05506,1.88,1.13
2012.05.09 11:15:57.914,2.05452,2.05506,1.88,1.13
2012.05.09 11:15:57.982,2.05473,2.05518,1.13,1.13
2012.05.09 11:15:58.506,2.05473,2.05514,1.13,1.50
2012.05.09 11:15:58.577,2.05473,2.05518,1.13,1.13
2012.05.09 11:16:00.962,2.05461,2.05506,1.50,1.13
2012.05.09 11:16:01.506,2.05473,2.05518,1.13,1.13
2012.05.09 11:16:01.943,2.05473,2.05514,1.13,1.50
2012.05.09 11:16:02.701,2.05453,2.0551,1.88,1.13
2012.05.09 11:16:03.744,2.05454,2.05509,1.88,1.13
2012.05.09 11:16:08.761,2.05452,2.05508,1.88,1.13
2012.05.09 11:16:09.251,2.05472,2.05513,1.13,1.50
2012.05.09 11:16:09.580,2.05472,2.05517,1.13,1.13
2012.05.09 11:16:09.642,2.05454,2.05508,2.25,1.13
2012.05.09 11:16:10.340,2.05452,2.05508,1.88,1.13
2012.05.09 11:16:10.530,2.0546,2.05512,1.88,1.50
2012.05.09 11:16:10.591,2.0546,2.05514,1.88,1.13
2012.05.09 11:16:10.661,2.0546,2.05514,1.13,1.13
2012.05.09 11:16:11.015,2.05452,2.05508,1.88,1.13
2012.05.09 11:16:13.775,2.05454,2.05509,1.88,1.13
2012.05.09 11:16:20.154,2.05454,2.05509,1.13,1.13
2012.05.09 11:16:20.342,2.05461,2.05517,1.13,1.50
2012.05.09 11:16:20.412,2.05469,2.05519,1.13,1.50
2012.05.09 11:16:20.542,2.05469,2.05525,1.13,2.63
2012.05.09 11:16:20.616,2.05469,2.05523,1.13,1.50
2012.05.09 11:16:20.949,2.05469,2.05517,1.13,1.50
2012.05.09 11:16:21.263,2.05469,2.05511,1.13,1.50
2012.05.09 11:16:21.332,2.05466,2.05511,1.13,1.50
2012.05.09 11:16:26.940,2.05466,2.05517,1.13,1.50
2012.05.09 11:16:29.575,2.05466,2.05511,1.13,1.50
2012.05.09 11:16:31.922,2.05462,2.05511,1.13,1.50
2012.05.09 11:16:32.091,2.05462,2.05518,1.13,1.50
2012.05.09 11:16:32.484,2.05462,2.05504,1.13,1.50
2012.05.09 11:16:32.790,2.05462,2.05498,1.13,1.50
2012.05.09 11:16:33.104,2.05453,2.05498,1.88,1.50
2012.05.09 11:16:33.176,2.05453,2.05504,1.88,1.13
2012.05.09 11:16:34.261,2.05453,2.05501,1.88,1.50
2012.05.09 11:16:34.395,2.05453,2.05501,1.13,1.50
2012.05.09 11:16:35.043,2.05453,2.05494,1.13,1.50
2012.05.09 11:16:35.320,2.05453,2.055,1.13,1.50
2012.05.09 11:16:35.441,2.0544,2.05491,1.13,1.13
2012.05.09 11:16:38.349,2.0544,2.0549,1.13,1.50
2012.05.09 11:16:38.625,2.0544,2.05486,1.13,1.50
2012.05.09 11:16:38.752,2.05415,2.05467,2.25,1.13
2012.05.09 11:16:38.941,2.05428,2.05476,1.13,1.50
2012.05.09 11:16:39.451,2.05428,2.05477,1.13,1.13
2012.05.09 11:16:39.864,2.05428,2.05475,1.13,1.50
2012.05.09 11:16:40.052,2.05428,2.05477,1.13,1.13
2012.05.09 11:16:42.895,2.05432,2.05477,1.50,1.13
2012.05.09 11:16:43.256,2.05438,2.05483,1.13,1.13
2012.05.09 11:16:43.645,2.05432,2.05473,2.25,1.13
2012.05.09 11:16:43.713,2.05435,2.05482,1.13,1.13
2012.05.09 11:16:43.780,2.05432,2.05478,1.50,1.13
2012.05.09 11:16:44.340,2.05434,2.05494,1.13,1.13
2012.05.09 11:16:44.723,2.05438,2.05494,1.50,1.13
2012.05.09 11:16:46.732,2.05453,2.05504,1.88,3.38
2012.05.09 11:16:46.924,2.05453,2.05504,1.13,3.38
2012.05.09 11:16:46.992,2.05438,2.05493,1.50,1.13
2012.05.09 11:16:47.062,2.0544,2.05493,1.50,1.13
2012.05.09 11:16:47.200,2.05436,2.05493,2.25,1.13
2012.05.09 11:16:47.530,2.05439,2.05493,1.50,1.13
2012.05.09 11:16:50.232,2.05446,2.05493,1.50,1.13
2012.05.09 11:16:50.540,2.05453,2.05504,1.13,1.13
2012.05.09 11:16:51.204,2.05463,2.0551,1.13,1.13
2012.05.09 11:16:51.643,2.05453,2.05504,1.13,1.13
2012.05.09 11:16:52.225,2.05453,2.05504,3.38,1.13
2012.05.09 11:16:52.649,2.05453,2.05503,1.50,1.13
2012.05.09 11:16:52.712,2.05446,2.05492,1.50,1.13
2012.05.09 11:16:53.021,2.05452,2.05493,1.50,1.13
2012.05.09 11:16:53.080,2.05456,2.05504,1.13,1.13
2012.05.09 11:16:53.202,2.05463,2.05517,1.13,1.43
2012.05.09 11:16:53.538,2.05457,2.05503,1.13,1.13
2012.05.09 11:16:54.555,2.05456,2.05504,1.13,1.13
2012.05.09 11:16:55.064,2.0546,2.05505,1.13,1.13
2012.05.09 11:16:55.181,2.05454,2.05503,1.13,1.13
2012.05.09 11:16:55.606,2.05452,2.05504,1.13,1.13
2012.05.09 11:16:55.731,2.05448,2.05503,1.13,1.13
2012.05.09 11:16:55.952,2.05451,2.05498,1.13,1.13
2012.05.09 11:16:56.394,2.05453,2.05504,1.13,1.13
2012.05.09 11:16:59.324,2.05458,2.05503,1.13,1.13
2012.05.09 11:16:59.710,2.0546,2.05505,1.13,2.63
2012.05.09 11:17:00.713,2.0546,2.05499,1.13,1.50
2012.05.09 11:17:00.975,2.05457,2.05499,1.13,1.50
2012.05.09 11:17:01.042,2.0546,2.05499,1.13,1.50
2012.05.09 11:17:01.393,2.05463,2.05499,1.13,1.50
2012.05.09 11:17:05.894,2.0546,2.05499,1.13,1.50
2012.05.09 11:17:05.962,2.05462,2.05499,1.13,1.50
2012.05.09 11:17:06.280,2.05464,2.05499,1.13,1.50
2012.05.09 11:17:07.435,2.0546,2.05499,1.13,1.50
2012.05.09 11:17:07.660,2.0546,2.05499,1.88,1.50
2012.05.09 11:17:07.721,2.0546,2.05505,1.88,1.13
2012.05.09 11:17:08.134,2.0546,2.05505,1.13,1.13
2012.05.09 11:17:08.650,2.05466,2.05506,1.13,1.50
2012.05.09 11:17:08.992,2.05466,2.05503,1.13,1.50
2012.05.09 11:17:09.061,2.05466,2.05506,1.13,1.50
2012.05.09 11:17:09.322,2.05472,2.05506,1.13,1.50
2012.05.09 11:17:09.392,2.05472,2.0551,1.13,1.50
2012.05.09 11:17:09.462,2.05472,2.05518,1.13,1.50
2012.05.09 11:17:09.745,2.05472,2.05513,1.13,1.50
2012.05.09 11:17:10.514,2.05472,2.05517,1.13,1.50
2012.05.09 11:17:11.265,2.05472,2.05518,1.13,1.50
2012.05.09 11:17:12.163,2.05479,2.05518,1.13,1.50
2012.05.09 11:17:14.634,2.05479,2.05522,1.13,1.50
2012.05.09 11:17:14.702,2.05479,2.05524,1.13,2.63
2012.05.09 11:17:15.176,2.05488,2.05533,1.13,1.13
2012.05.09 11:17:15.517,2.05485,2.05529,1.13,2.25
2012.05.09 11:17:15.701,2.05449,2.05491,1.50,1.13
2012.05.09 11:17:16.144,2.05446,2.05491,1.13,1.13
2012.05.09 11:17:16.215,2.05466,2.0551,1.13,1.50
2012.05.09 11:17:16.341,2.05466,2.05514,1.13,1.50
2012.05.09 11:17:16.749,2.05466,2.0552,1.13,1.50
2012.05.09 11:17:18.631,2.05466,2.05515,1.13,1.50
2012.05.09 11:17:18.690,2.05459,2.05515,1.13,2.63
2012.05.09 11:17:18.843,2.05459,2.05508,1.13,1.50
2012.05.09 11:17:18.927,2.05459,2.05512,1.13,1.50
2012.05.09 11:17:18.993,2.05459,2.05515,1.13,1.13
2012.05.09 11:17:23.080,2.05462,2.05517,1.13,1.50
2012.05.09 11:17:23.435,2.05459,2.05515,1.13,1.13
2012.05.09 11:17:28.929,2.05459,2.0551,1.13,1.50
2012.05.09 11:17:37.390,2.05459,2.05515,1.13,1.13
2012.05.09 11:17:43.914,2.05467,2.05516,1.13,1.50
2012.05.09 11:17:45.856,2.0546,2.05514,1.13,1.13
2012.05.09 11:17:48.784,2.05452,2.05504,1.50,1.13
2012.05.09 11:17:49.350,2.05456,2.05504,1.50,1.13
2012.05.09 11:17:49.671,2.05469,2.05516,1.13,1.13
2012.05.09 11:17:49.822,2.05463,2.05513,2.25,1.13
2012.05.09 11:17:50.047,2.05463,2.05506,2.25,1.13
2012.05.09 11:17:50.181,2.05472,2.05519,1.88,1.13
2012.05.09 11:17:50.571,2.05472,2.05519,1.13,1.13
2012.05.09 11:17:50.814,2.05463,2.05515,2.25,1.13
2012.05.09 11:17:53.710,2.05463,2.05506,2.25,1.13
2012.05.09 11:17:53.923,2.05463,2.05506,1.50,1.13
2012.05.09 11:17:55.041,2.05463,2.05516,1.50,1.13
2012.05.09 11:17:55.100,2.05461,2.05516,1.13,1.13
2012.05.09 11:17:55.307,2.05461,2.05516,1.88,1.13
2012.05.09 11:17:55.893,2.05461,2.05516,1.88,1.13
2012.05.09 11:17:56.142,2.05474,2.05529,1.13,1.13
2012.05.09 11:17:56.362,2.05484,2.0553,1.13,1.13
2012.05.09 11:17:56.683,2.05486,2.05531,1.13,2.63
2012.05.09 11:17:56.985,2.05487,2.05521,1.50,1.13
2012.05.09 11:17:57.053,2.05478,2.05521,1.50,1.13
2012.05.09 11:17:57.240,2.05469,2.05521,1.50,1.13
2012.05.09 11:17:57.525,2.05467,2.05521,1.13,1.13
2012.05.09 11:17:58.192,2.05472,2.05521,1.50,1.13
2012.05.09 11:17:59.700,2.05472,2.05531,1.50,1.13
2012.05.09 11:17:59.762,2.05469,2.05531,1.88,2.63
2012.05.09 11:18:00.237,2.05469,2.05529,1.88,1.13
2012.05.09 11:18:00.415,2.05469,2.05529,1.13,1.13
2012.05.09 11:18:00.483,2.05468,2.05531,1.13,1.50
2012.05.09 11:18:00.713,2.05471,2.05532,1.50,1.13
2012.05.09 11:18:01.461,2.05471,2.05532,2.25,1.13
2012.05.09 11:18:01.783,2.05471,2.05529,2.25,1.13
2012.05.09 11:18:02.002,2.05471,2.05529,2.25,1.13
2012.05.09 11:18:02.444,2.05471,2.05529,2.25,1.13
2012.05.09 11:18:04.376,2.05471,2.05529,1.50,1.13
2012.05.09 11:18:04.517,2.05471,2.05531,1.50,1.13
2012.05.09 11:18:05.215,2.05465,2.05527,1.50,1.13
2012.05.09 11:18:05.421,2.05473,2.05531,1.50,1.13
2012.05.09 11:18:05.724,2.05469,2.05531,1.13,1.13
2012.05.09 11:18:08.463,2.05461,2.05516,2.63,1.13
2012.05.09 11:18:09.092,2.05469,2.05516,1.50,1.13
2012.05.09 11:18:09.305,2.05469,2.05532,1.50,1.13
2012.05.09 11:18:09.732,2.05469,2.05532,1.50,1.88
2012.05.09 11:18:10.911,2.05468,2.05528,1.13,2.25
2012.05.09 11:18:11.246,2.05462,2.05515,1.13,1.13
2012.05.09 11:18:17.040,2.05469,2.05522,1.13,1.50
2012.05.09 11:18:17.250,2.05469,2.05531,1.13,2.63
2012.05.09 11:18:20.810,2.05469,2.05524,1.13,1.50
2012.05.09 11:18:21.253,2.05462,2.05515,1.13,1.13
2012.05.09 11:18:24.613,2.05462,2.05512,1.13,1.50
2012.05.09 11:18:24.924,2.05446,2.05493,2.63,1.13
2012.05.09 11:18:25.051,2.0546,2.05513,1.13,1.50
2012.05.09 11:18:25.301,2.05453,2.05502,1.50,1.13
2012.05.09 11:18:25.431,2.05459,2.05519,1.50,2.33
2012.05.09 11:18:25.490,2.05455,2.05519,4.13,3.83
2012.05.09 11:18:25.762,2.05459,2.05519,1.50,2.33
2012.05.09 11:18:26.268,2.05459,2.05519,1.50,1.58
2012.05.09 11:18:26.336,2.05459,2.05519,1.50,1.88
2012.05.09 11:18:26.751,2.05455,2.05519,3.38,3.38
2012.05.09 11:18:28.498,2.05466,2.05519,1.13,1.50
2012.05.09 11:18:28.622,2.05466,2.05522,1.88,1.13
2012.05.09 11:18:28.911,2.05461,2.05517,1.50,1.13
2012.05.09 11:18:29.008,2.05456,2.05517,1.50,1.13
2012.05.09 11:18:29.072,2.05454,2.05517,1.50,1.13
2012.05.09 11:18:29.142,2.0546,2.05505,1.13,1.13
2012.05.09 11:18:30.460,2.05467,2.05518,1.13,1.50
2012.05.09 11:18:30.771,2.05467,2.05521,1.13,1.13
2012.05.09 11:18:31.293,2.05459,2.05506,1.13,1.13
2012.05.09 11:18:31.501,2.05466,2.05522,1.13,1.13
2012.05.09 11:18:37.680,2.05476,2.05522,1.50,1.13
2012.05.09 11:18:38.075,2.05483,2.05522,1.50,1.13
2012.05.09 11:18:38.202,2.05485,2.05532,1.13,1.13
2012.05.09 11:18:38.664,2.0549,2.05532,1.50,1.13
2012.05.09 11:18:42.078,2.05484,2.05528,1.50,1.13
2012.05.09 11:18:42.373,2.0549,2.05528,1.50,1.13
2012.05.09 11:18:42.443,2.0549,2.05545,1.50,1.88
2012.05.09 11:18:45.702,2.0549,2.05536,1.50,1.13
2012.05.09 11:18:46.344,2.05485,2.05536,1.50,1.13
2012.05.09 11:18:46.410,2.05483,2.05536,1.50,1.13
2012.05.09 11:18:46.903,2.0548,2.05536,1.13,1.13
2012.05.09 11:18:47.225,2.05485,2.05536,1.50,1.13
2012.05.09 11:18:48.190,2.0548,2.05536,2.63,1.13
2012.05.09 11:18:49.442,2.05481,2.05536,1.50,1.13
2012.05.09 11:18:49.511,2.05485,2.05536,1.50,1.13
2012.05.09 11:18:49.633,2.0548,2.05536,1.13,1.13
2012.05.09 11:18:49.907,2.0548,2.05536,1.88,1.13
2012.05.09 11:18:50.270,2.0548,2.05536,1.13,1.13
2012.05.09 11:18:50.749,2.05483,2.05536,1.50,1.13
2012.05.09 11:18:51.152,2.05483,2.05528,1.50,1.13
2012.05.09 11:18:51.370,2.05476,2.05528,2.25,1.13
2012.05.09 11:18:51.455,2.05476,2.05528,2.25,1.13
2012.05.09 11:19:03.866,2.05493,2.05528,1.50,1.13
2012.05.09 11:19:03.930,2.05493,2.05551,1.50,1.43
2012.05.09 11:19:04.050,2.05493,2.05539,1.50,1.13
2012.05.09 11:19:04.360,2.05499,2.05556,1.13,1.73
2012.05.09 11:19:04.481,2.055,2.05556,1.50,1.28
2012.05.09 11:19:04.543,2.055,2.05556,1.50,1.13
2012.05.09 11:19:04.672,2.055,2.05556,2.25,1.13
2012.05.09 11:19:05.041,2.05504,2.05555,1.50,1.13
2012.05.09 11:19:07.576,2.055,2.05555,2.63,1.13
2012.05.09 11:19:07.881,2.05497,2.05539,1.50,1.13
2012.05.09 11:19:07.941,2.05492,2.05539,2.63,1.13
2012.05.09 11:19:08.419,2.05496,2.05539,1.50,1.13
2012.05.09 11:19:08.831,2.05503,2.05539,1.50,1.13
2012.05.09 11:19:09.342,2.05497,2.05539,1.50,1.13
2012.05.09 11:19:09.853,2.05503,2.05539,1.50,1.13
2012.05.09 11:19:10.181,2.05499,2.05539,1.50,1.13
2012.05.09 11:19:10.303,2.05492,2.05539,2.63,1.13
2012.05.09 11:19:11.384,2.05499,2.05546,1.13,1.13
2012.05.09 11:19:18.742,2.05499,2.05545,1.13,1.50
2012.05.09 11:19:19.114,2.05499,2.05539,1.13,1.50
2012.05.09 11:19:19.726,2.05499,2.05535,1.13,1.50
2012.05.09 11:19:19.803,2.05501,2.05547,1.13,1.50
2012.05.09 11:19:22.020,2.05505,2.05547,1.13,1.50
2012.05.09 11:19:22.211,2.05505,2.0555,1.13,1.13
2012.05.09 11:19:22.270,2.05502,2.05547,1.13,1.13
2012.05.09 11:19:22.613,2.05505,2.0555,1.88,1.13
2012.05.09 11:19:23.303,2.05507,2.05558,1.13,1.50
2012.05.09 11:19:23.371,2.05509,2.05553,1.13,1.13
2012.05.09 11:19:24.009,2.05502,2.05547,1.13,1.13
2012.05.09 11:19:24.903,2.05492,2.05536,1.50,1.13
2012.05.09 11:19:25.213,2.05499,2.05539,1.50,1.13
2012.05.09 11:19:25.768,2.05499,2.0553,1.50,1.13
2012.05.09 11:19:25.834,2.05486,2.05533,2.63,1.13
2012.05.09 11:19:25.902,2.05515,2.0555,1.13,1.50
2012.05.09 11:19:25.972,2.05497,2.0555,1.13,1.50
2012.05.09 11:19:26.578,2.05497,2.05551,1.13,2.63
2012.05.09 11:19:27.774,2.0549,2.05544,1.13,1.13
2012.05.09 11:19:29.164,2.0548,2.05533,2.25,1.13
2012.05.09 11:19:29.592,2.05476,2.05523,1.88,1.13
2012.05.09 11:19:29.723,2.05483,2.05534,1.88,1.50
2012.05.09 11:19:29.851,2.05483,2.05534,1.88,1.50
2012.05.09 11:19:29.928,2.05483,2.05534,1.13,1.50
2012.05.09 11:19:32.251,2.05482,2.05534,1.13,1.50
2012.05.09 11:19:32.355,2.05484,2.05534,1.13,1.50
2012.05.09 11:19:35.132,2.05484,2.05534,1.88,1.50
2012.05.09 11:19:35.202,2.05484,2.05538,1.88,2.63
2012.05.09 11:19:35.453,2.05503,2.05538,1.13,1.50
2012.05.09 11:19:35.583,2.0549,2.0554,1.13,1.50
2012.05.09 11:19:36.202,2.05497,2.0554,1.13,1.50
2012.05.09 11:19:38.890,2.05497,2.05551,1.13,2.63
2012.05.09 11:19:44.498,2.05497,2.0555,1.13,1.50
2012.05.09 11:19:45.696,2.05497,2.05551,1.13,1.13
2012.05.09 11:19:51.270,2.05498,2.05554,1.13,1.13
2012.05.09 11:19:51.332,2.05496,2.05552,1.13,1.13
2012.05.09 11:19:54.681,2.05501,2.05552,1.50,1.13
2012.05.09 11:19:54.752,2.05501,2.05561,1.50,1.13
2012.05.09 11:19:55.272,2.05502,2.05561,1.13,1.13
2012.05.09 11:19:56.852,2.05503,2.05561,1.50,1.13
2012.05.09 11:20:06.326,2.05502,2.05561,1.13,1.13
2012.05.09 11:20:07.101,2.05502,2.05561,1.88,1.13
2012.05.09 11:20:07.412,2.05509,2.05563,1.13,1.13
2012.05.09 11:20:07.784,2.05509,2.05561,1.13,1.50
2012.05.09 11:20:08.251,2.05509,2.05563,1.13,1.13
2012.05.09 11:20:08.312,2.05509,2.05561,1.13,1.50
2012.05.09 11:20:08.643,2.05509,2.05563,1.13,1.13
2012.05.09 11:20:09.692,2.05508,2.05562,1.13,1.13
2012.05.09 11:20:09.766,2.05508,2.0556,1.13,1.50
2012.05.09 11:20:10.091,2.05509,2.05555,1.13,1.50
2012.05.09 11:20:10.275,2.05509,2.05557,1.13,1.50
2012.05.09 11:20:10.345,2.05491,2.05544,1.13,1.13
2012.05.09 11:20:10.413,2.05495,2.05546,1.13,1.13
2012.05.09 11:20:10.750,2.05497,2.05542,1.13,1.50
2012.05.09 11:20:11.053,2.05502,2.05547,1.13,2.63
2012.05.09 11:20:11.700,2.05502,2.05543,1.13,1.50
2012.05.09 11:20:13.248,2.05502,2.05547,1.13,2.63
2012.05.09 11:20:14.251,2.05502,2.05543,1.13,1.50
2012.05.09 11:20:14.444,2.05502,2.05547,1.13,2.63
2012.05.09 11:20:15.290,2.05503,2.05548,1.13,1.13
2012.05.09 11:20:15.353,2.05501,2.05548,1.13,1.13
2012.05.09 11:20:23.178,2.05508,2.05558,1.13,1.50
2012.05.09 11:20:25.278,2.05511,2.05558,1.13,1.50
2012.05.09 11:20:25.511,2.05509,2.05558,1.13,1.50
2012.05.09 11:20:26.181,2.05502,2.05547,1.13,1.13
2012.05.09 11:20:38.061,2.05505,2.0555,1.13,1.13
2012.05.09 11:20:38.393,2.05503,2.05548,1.13,1.13
2012.05.09 11:20:38.755,2.05501,2.05544,1.13,1.50
2012.05.09 11:20:39.771,2.05501,2.05548,1.13,1.13
2012.05.09 11:20:43.883,2.05503,2.05548,1.50,1.13
2012.05.09 11:20:44.183,2.0551,2.05548,1.50,1.13
2012.05.09 11:20:45.550,2.05502,2.05548,1.50,1.13
2012.05.09 11:20:46.601,2.05504,2.05548,1.50,1.13
2012.05.09 11:20:46.950,2.05508,2.05548,1.50,1.13
2012.05.09 11:20:47.491,2.05502,2.05548,1.50,1.13
2012.05.09 11:20:48.012,2.05501,2.05548,1.13,1.13
2012.05.09 11:20:49.132,2.05502,2.05548,1.50,1.13
2012.05.09 11:20:53.290,2.05509,2.05548,1.50,1.13
2012.05.09 11:20:53.500,2.05502,2.05548,1.50,1.13
2012.05.09 11:20:54.272,2.05501,2.05548,1.13,1.13
2012.05.09 11:20:54.910,2.05504,2.05548,1.50,1.13
2012.05.09 11:20:55.241,2.05504,2.05546,1.50,1.13
2012.05.09 11:20:55.301,2.055,2.05546,1.50,1.13
2012.05.09 11:20:55.362,2.05497,2.05535,1.50,1.13
2012.05.09 11:20:55.505,2.05493,2.05535,1.50,1.13
2012.05.09 11:20:55.570,2.05488,2.05535,2.63,1.13
2012.05.09 11:20:55.975,2.05491,2.05535,1.50,1.13
2012.05.09 11:20:56.340,2.05496,2.05552,1.13,2.63
2012.05.09 11:20:56.460,2.05496,2.05545,1.13,1.50
2012.05.09 11:20:56.782,2.05496,2.05552,1.13,1.13
2012.05.09 11:20:57.440,2.05489,2.05545,2.63,1.13
2012.05.09 11:21:00.410,2.05495,2.05545,1.50,1.13
2012.05.09 11:21:00.472,2.05497,2.05551,1.13,1.13
2012.05.09 11:21:02.024,2.05499,2.05551,1.50,1.13
2012.05.09 11:21:02.362,2.05516,2.05561,2.63,1.13
2012.05.09 11:21:06.700,2.05521,2.05568,1.13,1.13
2012.05.09 11:21:13.604,2.05508,2.05555,1.13,1.13
2012.05.09 11:21:13.935,2.05515,2.05562,1.13,1.13
2012.05.09 11:21:14.381,2.05521,2.05568,1.13,1.13
2012.05.09 11:21:19.052,2.05517,2.05555,1.50,1.13
2012.05.09 11:21:19.188,2.05509,2.05555,1.50,1.13
2012.05.09 11:21:19.264,2.05509,2.05549,1.50,1.13
2012.05.09 11:21:19.573,2.05509,2.05545,1.50,1.13
2012.05.09 11:21:19.644,2.05503,2.05545,1.50,1.13
2012.05.09 11:21:19.831,2.05498,2.05545,1.50,1.13
2012.05.09 11:21:19.950,2.05502,2.05545,1.50,1.13
2012.05.09 11:21:20.759,2.05499,2.05545,1.50,1.13
2012.05.09 11:21:21.252,2.05493,2.05545,2.63,1.13
2012.05.09 11:21:21.321,2.05493,2.05542,2.63,1.13
2012.05.09 11:21:21.639,2.05497,2.05545,1.50,1.13
2012.05.09 11:21:22.294,2.05497,2.05546,1.50,1.13
2012.05.09 11:21:23.712,2.05503,2.05546,1.50,1.13
2012.05.09 11:21:24.311,2.05503,2.05545,1.50,1.13
2012.05.09 11:21:25.057,2.05502,2.05545,1.50,1.13
2012.05.09 11:21:30.451,2.05496,2.05545,1.50,1.13
2012.05.09 11:21:30.513,2.05502,2.05545,1.50,1.13
2012.05.09 11:21:30.597,2.05504,2.05559,1.13,1.28
2012.05.09 11:21:30.663,2.05514,2.05561,1.13,1.43
2012.05.09 11:21:30.733,2.05514,2.05561,1.13,1.28
2012.05.09 11:21:30.863,2.05504,2.05559,1.13,1.13
2012.05.09 11:21:31.012,2.05514,2.05559,1.13,1.13
2012.05.09 11:21:31.399,2.05516,2.05561,1.13,1.13
2012.05.09 11:21:34.842,2.05509,2.05556,1.13,1.13
2012.05.09 11:21:35.763,2.05501,2.05541,2.25,1.13
2012.05.09 11:21:36.101,2.05501,2.05548,1.88,1.13
2012.05.09 11:21:38.110,2.05503,2.05548,2.25,1.13
2012.05.09 11:21:39.309,2.05503,2.05544,2.25,1.13
2012.05.09 11:21:39.429,2.05503,2.05544,2.25,1.13
2012.05.09 11:21:39.881,2.05503,2.05544,2.25,1.13
2012.05.09 11:21:40.003,2.05506,2.0555,1.88,1.13
2012.05.09 11:21:40.134,2.05506,2.0555,1.13,1.13
2012.05.09 11:21:44.836,2.05506,2.0555,1.88,1.13
2012.05.09 11:21:46.579,2.05506,2.0555,1.13,1.13
2012.05.09 11:21:47.751,2.05507,2.05552,1.13,1.13
2012.05.09 11:21:48.133,2.05505,2.05551,1.13,1.13
2012.05.09 11:21:53.966,2.05505,2.05549,1.13,1.50
2012.05.09 11:21:54.183,2.05505,2.05551,1.13,1.13
2012.05.09 11:21:59.350,2.05499,2.05544,2.63,1.13
2012.05.09 11:21:59.472,2.05505,2.05551,1.13,1.13
2012.05.09 11:22:03.961,2.05512,2.05564,1.13,1.50
2012.05.09 11:22:04.021,2.05512,2.05568,1.13,1.13
2012.05.09 11:22:06.544,2.05512,2.05565,1.13,1.50
2012.05.09 11:22:06.821,2.05512,2.05568,1.13,2.63
2012.05.09 11:22:09.262,2.05512,2.05567,1.13,1.50
2012.05.09 11:22:09.668,2.05512,2.05559,1.13,1.50
2012.05.09 11:22:10.363,2.05512,2.05565,1.13,1.50
2012.05.09 11:22:18.996,2.05512,2.05557,1.13,1.50
2012.05.09 11:22:19.124,2.05512,2.05567,1.13,1.50
2012.05.09 11:22:19.254,2.05519,2.05567,1.13,1.50
2012.05.09 11:22:19.587,2.05514,2.05571,1.13,1.50
2012.05.09 11:22:19.715,2.05514,2.05567,1.13,1.50
2012.05.09 11:22:20.135,2.05514,2.05574,1.13,1.50
2012.05.09 11:22:20.206,2.05514,2.05568,1.13,1.50
2012.05.09 11:22:20.621,2.05514,2.05572,1.13,1.50
2012.05.09 11:22:20.682,2.05514,2.05575,1.13,2.25
2012.05.09 11:22:21.233,2.05515,2.05578,1.50,2.03
2012.05.09 11:22:22.267,2.05514,2.05576,1.13,2.40
2012.05.09 11:22:22.838,2.05526,2.05576,1.13,1.50
2012.05.09 11:22:23.366,2.05527,2.05576,1.13,1.50
2012.05.09 11:22:25.673,2.05527,2.05579,1.13,1.50
2012.05.09 11:22:25.741,2.05527,2.05584,1.13,2.25
2012.05.09 11:22:25.995,2.05527,2.05575,1.13,1.50
2012.05.09 11:22:26.120,2.05527,2.05579,1.13,1.50
2012.05.09 11:22:26.631,2.05527,2.0558,1.13,1.50
2012.05.09 11:22:26.700,2.05525,2.0558,1.13,1.50
2012.05.09 11:22:27.211,2.05525,2.05575,1.13,1.50
2012.05.09 11:22:31.007,2.05525,2.05578,1.13,1.50
2012.05.09 11:22:31.098,2.05525,2.0558,1.13,1.50
2012.05.09 11:22:31.161,2.05525,2.05575,1.13,1.50
2012.05.09 11:22:34.981,2.05526,2.0558,1.50,1.50
2012.05.09 11:22:35.746,2.05526,2.05581,1.50,1.13
2012.05.09 11:22:36.279,2.05528,2.05581,1.50,1.13
2012.05.09 11:22:38.274,2.05525,2.05581,1.13,1.13
2012.05.09 11:22:38.512,2.05529,2.05589,1.13,2.25
2012.05.09 11:22:38.824,2.05557,2.05598,1.13,2.25
2012.05.09 11:22:38.954,2.05546,2.05596,1.13,2.25
2012.05.09 11:22:39.022,2.05546,2.05592,1.13,1.50
2012.05.09 11:22:39.415,2.05546,2.05595,1.13,2.25
2012.05.09 11:22:40.642,2.05544,2.05585,1.13,2.25
2012.05.09 11:22:41.991,2.05544,2.0559,1.13,1.13
2012.05.09 11:22:42.515,2.05553,2.05591,1.13,1.50
2012.05.09 11:22:42.642,2.05544,2.0559,1.13,1.13
2012.05.09 11:22:42.710,2.05544,2.05588,1.13,1.50
2012.05.09 11:22:43.030,2.05544,2.05585,1.13,2.25
2012.05.09 11:22:45.218,2.05545,2.05585,1.13,1.50
2012.05.09 11:22:46.162,2.05545,2.05588,1.13,1.50
2012.05.09 11:22:46.231,2.05545,2.05591,1.13,1.50
2012.05.09 11:22:47.137,2.05545,2.05591,1.13,2.25
2012.05.09 11:22:47.268,2.05545,2.05591,1.13,1.50
2012.05.09 11:22:52.932,2.05538,2.05583,1.13,1.13
2012.05.09 11:22:53.242,2.05545,2.05582,1.13,1.50
2012.05.09 11:22:53.301,2.05545,2.05589,1.13,2.63
2012.05.09 11:22:53.421,2.05545,2.05587,1.13,1.50
2012.05.09 11:22:53.890,2.05546,2.05585,1.13,2.25
2012.05.09 11:22:54.173,2.05546,2.05589,1.13,1.50
2012.05.09 11:22:58.373,2.05546,2.05585,1.13,1.50
2012.05.09 11:23:02.461,2.05546,2.05589,1.13,1.50
2012.05.09 11:23:05.890,2.05532,2.05587,1.13,1.13
2012.05.09 11:23:06.291,2.05532,2.05585,1.13,1.50
2012.05.09 11:23:06.759,2.05532,2.05583,1.13,1.50
2012.05.09 11:23:07.111,2.0553,2.05577,1.13,1.13
2012.05.09 11:23:12.792,2.0553,2.05577,1.13,1.88
2012.05.09 11:23:13.206,2.0553,2.05577,1.13,1.13
2012.05.09 11:23:14.712,2.05524,2.05571,1.13,1.13
2012.05.09 11:23:15.361,2.05518,2.05565,1.13,1.13
2012.05.09 11:23:17.774,2.05524,2.05569,1.13,1.13
2012.05.09 11:23:18.544,2.0552,2.05567,1.13,1.13
2012.05.09 11:23:18.912,2.05518,2.05565,1.13,1.13
2012.05.09 11:23:30.419,2.05523,2.0557,1.13,1.13
2012.05.09 11:23:30.950,2.05519,2.05564,1.13,1.13
2012.05.09 11:23:31.181,2.05516,2.05562,2.63,1.13
2012.05.09 11:23:36.781,2.05525,2.05572,1.13,1.13
2012.05.09 11:23:36.902,2.05522,2.05568,1.13,1.13
2012.05.09 11:23:39.217,2.05522,2.05568,1.13,1.88
2012.05.09 11:23:41.262,2.05522,2.05567,1.13,1.50
2012.05.09 11:23:41.325,2.05518,2.05565,1.13,1.13
2012.05.09 11:23:41.642,2.05523,2.05567,1.13,1.13
2012.05.09 11:23:41.950,2.05536,2.05577,1.13,1.95
2012.05.09 11:23:42.010,2.05536,2.05577,1.13,1.50
2012.05.09 11:23:43.163,2.05536,2.05575,1.13,1.50
2012.05.09 11:23:43.641,2.05536,2.05579,1.13,1.50
2012.05.09 11:23:43.846,2.05536,2.05572,1.13,1.50
2012.05.09 11:23:44.443,2.05536,2.05572,1.13,2.25
2012.05.09 11:23:44.885,2.05522,2.05567,1.13,2.25
2012.05.09 11:23:45.786,2.0552,2.05567,1.13,3.38
2012.05.09 11:23:45.953,2.0552,2.05567,1.13,2.63
2012.05.09 11:23:46.386,2.05532,2.05577,1.13,1.88
2012.05.09 11:23:48.171,2.05532,2.05577,1.13,1.13
2012.05.09 11:23:48.291,2.05537,2.05579,1.13,1.50
2012.05.09 11:23:48.634,2.05531,2.05578,1.13,1.88
2012.05.09 11:23:48.822,2.05531,2.05573,1.13,1.50
2012.05.09 11:23:51.436,2.05531,2.05571,1.13,1.50
2012.05.09 11:23:51.837,2.05531,2.05567,1.13,1.50
2012.05.09 11:23:52.571,2.05531,2.05572,1.13,1.50
2012.05.09 11:23:58.951,2.05531,2.05572,1.13,2.25
2012.05.09 11:23:59.194,2.05531,2.05572,1.13,1.50
2012.05.09 11:23:59.261,2.05531,2.05572,1.13,2.25
2012.05.09 11:23:59.381,2.05531,2.05572,1.13,1.50
2012.05.09 11:23:59.502,2.05518,2.05565,1.13,1.13
2012.05.09 11:23:59.771,2.0552,2.05572,1.13,1.50
2012.05.09 11:24:00.361,2.0552,2.05573,1.13,1.13
2012.05.09 11:24:02.862,2.0553,2.05577,1.13,1.13
2012.05.09 11:24:14.433,2.0553,2.05573,1.13,1.50
2012.05.09 11:24:25.765,2.0553,2.05577,1.13,1.13
2012.05.09 11:24:28.941,2.05538,2.05581,1.13,1.50
2012.05.09 11:24:29.182,2.0553,2.05577,1.13,1.13
2012.05.09 11:24:29.602,2.05537,2.05581,1.13,1.50
2012.05.09 11:24:30.043,2.0553,2.05577,1.13,1.13
2012.05.09 11:24:30.170,2.0553,2.05574,1.13,1.50
2012.05.09 11:24:30.351,2.05525,2.0557,1.13,1.13
2012.05.09 11:24:31.645,2.05525,2.0557,1.13,1.50
2012.05.09 11:24:31.713,2.05525,2.05569,1.13,1.13
2012.05.09 11:24:31.904,2.05525,2.05567,1.13,2.25
2012.05.09 11:24:32.263,2.05519,2.05564,1.13,1.88
2012.05.09 11:24:32.692,2.05525,2.0557,1.13,1.88
2012.05.09 11:24:33.142,2.05531,2.05576,1.13,2.25
2012.05.09 11:24:33.610,2.05531,2.05576,1.13,1.50
2012.05.09 11:24:33.725,2.05531,2.05578,1.13,1.13
2012.05.09 11:24:36.893,2.05544,2.05576,1.13,1.50
2012.05.09 11:24:37.269,2.05518,2.05565,1.13,1.13
2012.05.09 11:24:37.335,2.05531,2.05576,1.13,1.50
2012.05.09 11:24:37.462,2.05518,2.05565,1.13,1.13
2012.05.09 11:24:37.801,2.0551,2.0555,1.50,1.13
2012.05.09 11:24:38.113,2.05516,2.0555,1.50,1.13
2012.05.09 11:24:38.381,2.0551,2.0555,1.50,1.13
2012.05.09 11:24:39.096,2.05513,2.05566,1.13,1.13
2012.05.09 11:24:39.283,2.05517,2.05567,1.50,1.28
2012.05.09 11:24:39.793,2.0552,2.05572,1.13,1.20
2012.05.09 11:24:39.984,2.0552,2.05575,1.13,1.88
2012.05.09 11:24:40.373,2.05518,2.05565,1.50,1.13
2012.05.09 11:24:40.447,2.05521,2.05574,1.13,1.13
2012.05.09 11:24:42.014,2.05545,2.05586,1.13,1.65
2012.05.09 11:24:42.201,2.05545,2.0559,1.13,2.63
2012.05.09 11:24:42.517,2.05545,2.05587,1.13,1.50
2012.05.09 11:24:43.844,2.05545,2.0559,1.13,1.50
2012.05.09 11:24:43.912,2.05545,2.0559,1.13,2.25
2012.05.09 11:24:44.279,2.05545,2.05583,1.13,1.50
2012.05.09 11:24:44.613,2.05532,2.05577,1.13,1.13
2012.05.09 11:24:52.102,2.05532,2.05577,1.13,1.50
2012.05.09 11:24:52.174,2.05532,2.05576,1.13,1.13
2012.05.09 11:24:52.420,2.05518,2.05565,1.13,1.13
2012.05.09 11:24:52.861,2.05521,2.05574,1.13,1.13
2012.05.09 11:24:59.627,2.05531,2.05578,1.13,1.13
2012.05.09 11:25:05.400,2.05521,2.05574,1.13,1.13
2012.05.09 11:25:13.313,2.05532,2.05577,1.13,1.88
2012.05.09 11:25:19.624,2.05532,2.05571,1.13,1.50
2012.05.09 11:25:19.901,2.05518,2.05565,1.13,1.13
2012.05.09 11:25:20.263,2.05511,2.05558,1.13,1.13
2012.05.09 11:25:20.572,2.05517,2.05564,1.13,1.13
2012.05.09 11:25:22.743,2.05506,2.05553,1.88,1.13
2012.05.09 11:25:22.871,2.05517,2.05563,1.13,1.50
2012.05.09 11:25:23.123,2.05507,2.0556,1.88,1.13
2012.05.09 11:25:23.192,2.05507,2.0556,1.13,1.13
2012.05.09 11:25:23.442,2.05514,2.05567,1.13,1.50
2012.05.09 11:25:23.744,2.05495,2.05549,1.13,1.13
2012.05.09 11:25:23.873,2.05494,2.05547,1.88,1.13
2012.05.09 11:25:24.005,2.05508,2.05547,1.88,1.13
2012.05.09 11:25:24.074,2.05534,2.05577,1.13,1.05
2012.05.09 11:25:24.204,2.05534,2.05586,1.13,3.38
2012.05.09 11:25:24.676,2.05534,2.05579,1.13,1.50
2012.05.09 11:25:25.086,2.05515,2.05578,1.50,1.13
2012.05.09 11:25:27.092,2.05515,2.05578,2.25,1.13
2012.05.09 11:25:27.643,2.05515,2.05577,2.25,1.13
2012.05.09 11:25:28.537,2.05515,2.05574,2.25,1.13
2012.05.09 11:25:28.604,2.05515,2.05578,2.25,1.13
2012.05.09 11:25:30.696,2.05515,2.05568,2.25,1.13
2012.05.09 11:25:31.216,2.05515,2.05568,2.25,1.13
2012.05.09 11:25:31.402,2.05515,2.05574,2.25,1.13
2012.05.09 11:25:35.507,2.05515,2.05578,2.25,1.13
2012.05.09 11:25:37.769,2.05521,2.05578,1.50,1.13
2012.05.09 11:25:39.871,2.05521,2.05578,1.50,1.88
2012.05.09 11:25:40.202,2.05517,2.05561,1.50,1.13
2012.05.09 11:25:40.262,2.05506,2.05561,1.88,1.13
2012.05.09 11:25:40.763,2.05515,2.05563,1.13,1.50
2012.05.09 11:25:41.343,2.05515,2.05571,1.13,1.50
2012.05.09 11:25:41.914,2.05515,2.05561,1.13,1.50
2012.05.09 11:25:41.984,2.05513,2.05561,1.13,1.50
2012.05.09 11:25:42.441,2.05514,2.05568,1.13,1.50
2012.05.09 11:25:42.564,2.05513,2.05577,2.63,1.13
2012.05.09 11:25:42.751,2.05533,2.05578,1.13,1.50
2012.05.09 11:25:44.348,2.05533,2.05582,1.13,1.50
2012.05.09 11:25:44.471,2.05534,2.05585,1.13,2.25
2012.05.09 11:25:46.096,2.05534,2.05585,1.13,1.50
2012.05.09 11:25:48.626,2.05534,2.05585,1.13,2.25
2012.05.09 11:25:48.882,2.05534,2.0558,1.13,1.50
2012.05.09 11:25:49.005,2.0552,2.05573,1.13,1.13
2012.05.09 11:25:49.494,2.05534,2.0558,1.13,1.50
2012.05.09 11:25:49.651,2.05519,2.05574,1.13,1.13
2012.05.09 11:25:49.857,2.05534,2.0558,1.13,1.50
2012.05.09 11:25:51.591,2.05534,2.05584,1.13,2.25
2012.05.09 11:25:53.001,2.05545,2.05584,1.13,2.25
2012.05.09 11:25:53.181,2.0553,2.05577,1.13,1.13
2012.05.09 11:25:57.941,2.0552,2.05573,1.13,2.63
2012.05.09 11:25:58.534,2.05518,2.05568,1.13,1.13
2012.05.09 11:25:59.003,2.05518,2.05568,1.13,1.88
2012.05.09 11:25:59.133,2.05518,2.05568,1.13,1.13
2012.05.09 11:25:59.382,2.05514,2.05561,1.50,1.13
2012.05.09 11:25:59.513,2.05519,2.05568,1.13,1.13
2012.05.09 11:26:01.152,2.05519,2.05564,1.13,1.13
2012.05.09 11:26:01.719,2.05507,2.05562,1.13,1.13
2012.05.09 11:26:06.402,2.05507,2.05562,1.13,1.88
2012.05.09 11:26:06.689,2.05507,2.05562,1.13,1.13
2012.05.09 11:26:07.595,2.05507,2.05562,1.13,1.88
2012.05.09 11:26:15.690,2.05518,2.0556,1.13,1.50
2012.05.09 11:26:15.756,2.05518,2.05565,1.13,1.88
2012.05.09 11:26:15.824,2.05518,2.05552,1.13,1.50
2012.05.09 11:26:16.262,2.05518,2.05555,1.13,1.50
2012.05.09 11:26:16.333,2.05518,2.05558,1.13,1.50
2012.05.09 11:26:16.436,2.05518,2.0556,1.13,1.50
2012.05.09 11:26:16.502,2.05518,2.05557,1.13,2.25
2012.05.09 11:26:16.572,2.05506,2.0555,1.13,1.13
2012.05.09 11:26:17.241,2.05497,2.05547,1.50,1.13
2012.05.09 11:26:17.303,2.05495,2.05547,2.63,1.13
2012.05.09 11:26:20.124,2.05495,2.05547,1.13,1.50
2012.05.09 11:26:20.193,2.05495,2.05546,1.13,1.13
2012.05.09 11:26:20.571,2.05518,2.05553,1.13,1.50
2012.05.09 11:26:20.911,2.05518,2.05561,1.13,1.50
2012.05.09 11:26:21.228,2.05518,2.05559,1.13,1.50
2012.05.09 11:26:21.717,2.05505,2.05551,1.13,1.88
2012.05.09 11:26:21.787,2.05505,2.05551,1.13,1.13
2012.05.09 11:26:25.403,2.05504,2.05549,1.13,1.13
2012.05.09 11:26:25.532,2.05502,2.05549,1.13,1.13
2012.05.09 11:26:25.627,2.05499,2.05548,1.13,1.13
2012.05.09 11:26:25.873,2.05497,2.05543,1.13,1.13
2012.05.09 11:26:28.212,2.05499,2.05549,1.13,1.13
2012.05.09 11:26:29.012,2.05505,2.05551,1.13,1.13
2012.05.09 11:26:29.293,2.05499,2.05549,1.13,1.13
2012.05.09 11:26:34.872,2.05495,2.05547,1.13,1.13
2012.05.09 11:26:35.247,2.05494,2.05542,1.13,1.13
2012.05.09 11:26:35.484,2.05497,2.05547,1.50,1.13
2012.05.09 11:26:36.940,2.05495,2.05547,1.13,1.13
2012.05.09 11:26:37.061,2.05489,2.05542,1.13,1.13
2012.05.09 11:26:37.896,2.05494,2.05544,1.13,1.13
2012.05.09 11:26:38.784,2.05499,2.05546,1.13,1.88
2012.05.09 11:26:39.031,2.05473,2.0552,2.63,1.13
2012.05.09 11:26:41.414,2.05487,2.05532,1.13,1.13
2012.05.09 11:26:44.284,2.05486,2.05533,1.13,1.13
2012.05.09 11:26:45.724,2.05488,2.05534,1.13,1.13
2012.05.09 11:26:46.492,2.05478,2.05521,1.50,1.13
2012.05.09 11:26:46.763,2.05474,2.05521,1.13,1.13
2012.05.09 11:26:46.913,2.05474,2.05521,1.88,1.13
2012.05.09 11:26:47.558,2.05479,2.05524,1.13,1.13
2012.05.09 11:26:47.862,2.05479,2.05517,1.13,1.50
2012.05.09 11:26:47.921,2.05473,2.05517,1.13,1.50
2012.05.09 11:26:48.162,2.05473,2.05514,1.13,1.50
2012.05.09 11:26:48.647,2.05473,2.05511,1.13,1.50
2012.05.09 11:26:48.772,2.05473,2.05517,1.13,1.50
2012.05.09 11:26:50.209,2.05472,2.05517,1.13,1.50
2012.05.09 11:26:50.662,2.05472,2.05519,1.13,1.13
2012.05.09 11:26:51.954,2.05472,2.05519,1.13,1.88
2012.05.09 11:26:52.305,2.05477,2.05521,1.13,2.25
2012.05.09 11:26:52.384,2.05472,2.05519,1.13,1.88
2012.05.09 11:26:53.683,2.05472,2.05514,1.13,1.50
2012.05.09 11:26:56.124,2.0547,2.05514,1.13,1.50
2012.05.09 11:26:56.639,2.0547,2.05515,1.13,1.13
2012.05.09 11:27:01.756,2.05456,2.05503,1.13,1.13
2012.05.09 11:27:02.075,2.0546,2.05503,1.50,1.13
2012.05.09 11:27:05.745,2.0547,2.05515,1.13,1.13
2012.05.09 11:27:05.813,2.05472,2.05515,1.50,1.13
2012.05.09 11:27:05.944,2.0547,2.05515,1.13,1.13
2012.05.09 11:27:06.599,2.05471,2.05516,1.50,1.13
2012.05.09 11:27:08.044,2.05483,2.0553,1.13,1.13
2012.05.09 11:27:08.353,2.05493,2.0554,1.13,1.50
2012.05.09 11:27:08.693,2.05484,2.05521,1.50,1.13
2012.05.09 11:27:08.931,2.05479,2.05521,1.50,1.13
2012.05.09 11:27:09.035,2.05477,2.05521,1.50,1.13
2012.05.09 11:27:11.501,2.05471,2.05521,1.50,1.13
2012.05.09 11:27:11.561,2.05467,2.05521,1.50,1.13
2012.05.09 11:27:12.002,2.0546,2.05521,1.50,2.25
2012.05.09 11:27:12.376,2.0546,2.05502,1.50,1.13
2012.05.09 11:27:12.761,2.05466,2.05502,1.50,1.13
2012.05.09 11:27:12.821,2.0546,2.05502,1.50,1.13
2012.05.09 11:27:13.367,2.05456,2.05502,1.50,1.13
2012.05.09 11:27:13.434,2.05456,2.05499,1.50,1.13
2012.05.09 11:27:13.562,2.05453,2.05499,1.50,1.13
2012.05.09 11:27:13.645,2.05453,2.05501,1.50,1.13
2012.05.09 11:27:16.236,2.05459,2.05501,1.50,1.13
2012.05.09 11:27:16.912,2.05467,2.05501,1.50,1.13
2012.05.09 11:27:16.980,2.05467,2.05515,1.50,1.13
2012.05.09 11:27:17.205,2.05474,2.05515,1.50,1.13
2012.05.09 11:27:17.755,2.0547,2.05515,1.50,1.13
2012.05.09 11:27:17.822,2.05468,2.05515,1.50,1.13
2012.05.09 11:27:18.224,2.05473,2.05515,1.50,1.13
2012.05.09 11:27:19.736,2.0547,2.05515,1.50,1.13
2012.05.09 11:27:19.801,2.05468,2.05515,1.50,1.13
2012.05.09 11:27:20.223,2.05475,2.05515,1.50,1.13
2012.05.09 11:27:22.112,2.05471,2.05515,1.50,1.13
2012.05.09 11:27:22.181,2.05469,2.05515,1.50,1.13
2012.05.09 11:27:22.441,2.05469,2.05508,1.50,1.13
2012.05.09 11:27:22.504,2.05464,2.05508,1.50,1.13
2012.05.09 11:27:31.695,2.05464,2.05508,1.50,1.88
2012.05.09 11:27:31.821,2.05458,2.05508,1.50,1.88
2012.05.09 11:27:32.992,2.05462,2.05508,1.50,1.88
2012.05.09 11:27:33.442,2.05457,2.05508,1.50,1.13
2012.05.09 11:27:33.761,2.05462,2.05509,1.50,1.13
2012.05.09 11:27:34.123,2.05458,2.05507,1.50,1.13
2012.05.09 11:27:34.191,2.05458,2.05509,1.50,1.13
2012.05.09 11:27:34.772,2.05455,2.05509,1.13,1.13
2012.05.09 11:27:36.853,2.05457,2.05509,1.50,1.13
2012.05.09 11:27:37.043,2.05455,2.05509,1.13,1.13
2012.05.09 11:27:43.961,2.0545,2.05491,1.50,1.13
2012.05.09 11:27:44.158,2.05446,2.05491,1.50,1.13
2012.05.09 11:27:44.222,2.05444,2.05491,1.13,1.13
2012.05.09 11:27:50.774,2.05447,2.05491,1.50,1.13
2012.05.09 11:27:50.845,2.05448,2.05501,1.13,1.13
2012.05.09 11:27:51.042,2.05458,2.05502,1.13,1.13
2012.05.09 11:27:51.541,2.05454,2.05501,1.50,1.13
2012.05.09 11:27:51.605,2.0546,2.05511,1.13,1.50
2012.05.09 11:27:51.672,2.05446,2.05501,1.13,1.13
2012.05.09 11:27:52.002,2.0544,2.05487,1.50,1.13
2012.05.09 11:27:52.062,2.05434,2.05487,1.88,1.13
2012.05.09 11:27:52.122,2.05434,2.05487,1.13,1.13
2012.05.09 11:27:52.872,2.05432,2.0548,1.50,1.13
2012.05.09 11:27:52.992,2.05434,2.05487,1.13,1.13
2012.05.09 11:27:53.633,2.05433,2.05487,1.13,1.13
2012.05.09 11:27:55.424,2.05433,2.05487,1.88,1.13
2012.05.09 11:27:55.753,2.05433,2.05481,1.88,1.13
2012.05.09 11:27:55.894,2.05433,2.05481,1.13,1.13
2012.05.09 11:27:55.963,2.05433,2.05487,1.13,1.13
2012.05.09 11:27:56.387,2.05434,2.05485,1.13,1.13
2012.05.09 11:27:56.595,2.05433,2.05488,1.13,1.13
2012.05.09 11:27:57.135,2.05434,2.05485,1.13,1.13
2012.05.09 11:27:58.861,2.05434,2.05485,1.88,1.13
2012.05.09 11:27:59.103,2.05446,2.05498,1.13,1.50
2012.05.09 11:27:59.403,2.05442,2.05489,1.13,1.13
2012.05.09 11:28:00.349,2.05446,2.05493,1.13,1.13
2012.05.09 11:28:03.318,2.05445,2.05495,1.13,1.13
2012.05.09 11:28:03.981,2.05446,2.05498,1.13,1.50
2012.05.09 11:28:06.475,2.05447,2.05498,1.13,1.50
2012.05.09 11:28:06.603,2.05447,2.05492,1.13,1.50
2012.05.09 11:28:12.874,2.05447,2.05482,1.13,1.50
2012.05.09 11:28:13.195,2.05433,2.05482,1.13,1.50
2012.05.09 11:28:13.712,2.05433,2.05475,1.13,1.50
2012.05.09 11:28:14.412,2.0543,2.05475,1.13,1.50
2012.05.09 11:28:14.572,2.0543,2.05472,1.13,1.50
2012.05.09 11:28:14.816,2.05422,2.05469,1.13,1.50
2012.05.09 11:28:14.901,2.05422,2.05465,1.13,1.50
2012.05.09 11:28:15.377,2.05422,2.05461,1.13,1.50
2012.05.09 11:28:15.511,2.05422,2.05467,1.13,1.50
2012.05.09 11:28:16.141,2.05422,2.05471,1.13,1.50
2012.05.09 11:28:16.201,2.05422,2.05474,1.13,1.88
2012.05.09 11:28:16.692,2.05409,2.05461,1.50,1.13
2012.05.09 11:28:17.379,2.05397,2.05448,1.50,1.13
2012.05.09 11:28:17.687,2.05401,2.05448,1.50,1.13
2012.05.09 11:28:17.942,2.05407,2.05468,1.50,1.13
2012.05.09 11:28:18.071,2.05413,2.05468,1.50,1.13
2012.05.09 11:28:18.872,2.05405,2.05466,1.50,1.13
2012.05.09 11:28:19.135,2.05408,2.05461,1.13,1.13
2012.05.09 11:28:19.912,2.05421,2.05469,1.13,1.50
2012.05.09 11:28:20.042,2.05421,2.05475,1.13,2.63
2012.05.09 11:28:20.773,2.05421,2.05474,1.13,1.50
2012.05.09 11:28:22.657,2.05421,2.05475,1.13,1.88
2012.05.09 11:28:22.785,2.05424,2.05475,1.50,1.88
2012.05.09 11:28:24.107,2.05424,2.05474,1.50,1.13
2012.05.09 11:28:26.871,2.05432,2.05474,1.50,1.13
2012.05.09 11:28:26.950,2.0543,2.05477,1.13,1.13
2012.05.09 11:28:29.463,2.05421,2.05475,1.13,1.13
2012.05.09 11:28:40.592,2.05419,2.05466,1.13,1.13
2012.05.09 11:28:41.047,2.05422,2.05474,1.13,1.13
2012.05.09 11:28:45.492,2.05415,2.05462,1.50,1.13
2012.05.09 11:28:45.551,2.05408,2.05462,1.50,1.13
2012.05.09 11:28:45.805,2.05408,2.05462,2.25,1.13
2012.05.09 11:28:46.132,2.05409,2.05462,1.13,1.13
2012.05.09 11:28:46.313,2.05425,2.05469,1.88,1.13
2012.05.09 11:28:46.442,2.0542,2.05457,1.50,1.13
2012.05.09 11:28:46.502,2.05415,2.05457,2.25,1.13
2012.05.09 11:28:46.683,2.0541,2.05451,1.50,1.13
2012.05.09 11:28:46.993,2.05404,2.05451,1.88,1.13
2012.05.09 11:28:48.330,2.05407,2.05451,1.50,1.13
2012.05.09 11:28:49.443,2.05404,2.05451,1.88,1.13
2012.05.09 11:28:49.511,2.05397,2.05431,2.25,1.13
2012.05.09 11:28:49.632,2.05397,2.05431,1.50,1.13
2012.05.09 11:28:49.701,2.05397,2.05439,1.50,1.13
2012.05.09 11:28:51.622,2.05397,2.05439,2.25,1.13
2012.05.09 11:28:51.753,2.05402,2.05444,2.25,1.13
2012.05.09 11:28:51.942,2.05402,2.05444,1.50,1.13
2012.05.09 11:28:52.014,2.05399,2.05444,1.13,1.13
2012.05.09 11:28:52.483,2.05404,2.05444,2.25,1.13
2012.05.09 11:28:57.507,2.05404,2.05444,2.25,1.13
2012.05.09 11:28:57.774,2.05412,2.05457,2.63,1.13
2012.05.09 11:28:58.179,2.05404,2.05445,1.50,1.13
2012.05.09 11:28:58.394,2.05411,2.05458,1.13,1.13
2012.05.09 11:28:58.526,2.05415,2.05458,1.50,1.13
2012.05.09 11:28:58.833,2.05427,2.05457,1.50,1.13
2012.05.09 11:28:58.963,2.05434,2.05476,1.50,1.13
2012.05.09 11:28:59.094,2.05441,2.05495,1.13,1.50
2012.05.09 11:28:59.163,2.05441,2.05497,1.13,1.88
2012.05.09 11:29:02.731,2.05439,2.05493,1.13,1.13
2012.05.09 11:29:08.993,2.05433,2.05487,1.13,1.13
2012.05.09 11:29:09.084,2.05438,2.05494,1.13,1.13
2012.05.09 11:29:10.201,2.05435,2.0549,1.13,1.13
2012.05.09 11:29:10.661,2.05435,2.0549,1.13,1.88
2012.05.09 11:29:10.721,2.05429,2.05483,1.13,1.13
2012.05.09 11:29:12.655,2.05435,2.0549,1.13,1.13
2012.05.09 11:29:14.422,2.05437,2.0549,1.50,1.13
2012.05.09 11:29:14.542,2.05435,2.0549,1.13,1.13
2012.05.09 11:29:18.622,2.0543,2.05471,1.50,1.13
2012.05.09 11:29:18.682,2.05426,2.05471,1.13,1.13
2012.05.09 11:29:19.583,2.05429,2.05471,1.50,1.13
2012.05.09 11:29:19.973,2.05426,2.05471,1.13,1.13
2012.05.09 11:29:20.043,2.05428,2.05483,1.13,1.50
2012.05.09 11:29:20.664,2.05428,2.05484,1.13,1.13
2012.05.09 11:29:23.122,2.05417,2.05477,2.63,1.13
2012.05.09 11:29:23.314,2.05419,2.05481,1.13,1.13
2012.05.09 11:29:23.521,2.05418,2.05476,1.13,1.13
2012.05.09 11:29:24.381,2.05418,2.05476,1.13,1.88
2012.05.09 11:29:24.623,2.05418,2.05477,1.13,1.13
2012.05.09 11:29:25.301,2.05417,2.05477,2.63,1.13
2012.05.09 11:29:25.421,2.05417,2.05477,2.63,1.88
2012.05.09 11:29:27.014,2.05413,2.05467,1.13,1.13
2012.05.09 11:29:27.473,2.05413,2.05467,1.88,1.13
2012.05.09 11:29:27.693,2.05419,2.05477,1.13,2.25
2012.05.09 11:29:27.763,2.05419,2.05477,1.13,1.50
2012.05.09 11:29:30.072,2.05419,2.05477,1.13,2.25
2012.05.09 11:29:31.896,2.05418,2.05477,1.13,2.25
2012.05.09 11:29:31.960,2.05418,2.05477,1.13,1.50
2012.05.09 11:29:32.383,2.05411,2.05465,1.88,1.13
2012.05.09 11:29:32.728,2.05411,2.05465,1.13,1.13
2012.05.09 11:29:32.796,2.05413,2.05467,1.13,1.13
2012.05.09 11:29:33.123,2.0541,2.05464,1.13,1.13
2012.05.09 11:29:33.522,2.0541,2.05466,1.13,1.13
2012.05.09 11:29:33.888,2.0541,2.05464,1.13,1.13
2012.05.09 11:29:34.568,2.0541,2.05466,1.13,1.13
2012.05.09 11:29:35.921,2.0541,2.05465,1.13,1.50
2012.05.09 11:29:37.433,2.0541,2.05464,1.13,1.13
2012.05.09 11:29:38.093,2.05417,2.05464,1.50,1.13
2012.05.09 11:29:38.420,2.05423,2.05459,1.50,1.13
2012.05.09 11:29:38.761,2.05416,2.05441,1.50,1.13
2012.05.09 11:29:38.823,2.0541,2.05441,1.50,1.13
2012.05.09 11:29:38.956,2.05418,2.05441,1.50,1.13
2012.05.09 11:29:39.917,2.0541,2.05441,1.50,1.13
2012.05.09 11:29:39.988,2.05404,2.05451,1.88,1.13
2012.05.09 11:29:40.279,2.05403,2.0544,1.50,1.13
2012.05.09 11:29:42.673,2.054,2.0544,2.25,1.13
2012.05.09 11:29:43.084,2.05404,2.05451,1.88,1.13
2012.05.09 11:29:43.275,2.05402,2.05449,1.13,1.13
2012.05.09 11:29:43.688,2.0539,2.0544,2.25,1.13
2012.05.09 11:29:43.757,2.05386,2.0544,2.63,1.13
2012.05.09 11:29:43.821,2.05386,2.0544,3.38,1.13
2012.05.09 11:29:43.941,2.05386,2.0544,2.63,1.13
2012.05.09 11:29:44.363,2.05382,2.05433,1.50,1.13
2012.05.09 11:29:44.714,2.05385,2.05412,2.25,1.13
2012.05.09 11:29:44.966,2.05389,2.05443,1.88,1.13
2012.05.09 11:29:45.092,2.05389,2.05443,1.13,1.13
2012.05.09 11:29:45.222,2.05389,2.05443,1.88,1.13
2012.05.09 11:29:45.433,2.05387,2.0544,1.50,1.13
2012.05.09 11:29:45.615,2.05389,2.05443,1.13,1.13
2012.05.09 11:29:45.684,2.05387,2.05441,1.50,1.13
2012.05.09 11:29:46.534,2.05387,2.0544,1.50,1.13
2012.05.09 11:29:47.050,2.05387,2.05441,2.25,1.13
2012.05.09 11:29:48.502,2.05387,2.05441,1.50,1.13
2012.05.09 11:29:49.452,2.05387,2.05441,2.25,1.13
2012.05.09 11:29:49.644,2.05389,2.05445,1.88,1.13
2012.05.09 11:29:52.195,2.05389,2.05445,1.13,1.13
2012.05.09 11:29:57.133,2.05385,2.05441,1.88,1.13
2012.05.09 11:29:57.863,2.05389,2.05445,1.13,1.13
2012.05.09 11:30:00.643,2.05389,2.05445,1.88,1.13
2012.05.09 11:30:00.952,2.05389,2.05445,1.13,1.13
2012.05.09 11:30:01.059,2.05389,2.05445,1.88,1.13
2012.05.09 11:30:01.972,2.05389,2.05443,1.13,1.13
2012.05.09 11:30:02.097,2.05393,2.05443,2.25,1.13
2012.05.09 11:30:02.402,2.05404,2.05451,1.88,1.13
2012.05.09 11:30:02.748,2.05402,2.05449,1.88,1.13
2012.05.09 11:30:03.366,2.05405,2.0545,1.88,1.13
2012.05.09 11:30:07.824,2.05411,2.0545,1.50,1.13
2012.05.09 11:30:08.374,2.05411,2.05451,1.50,1.13
2012.05.09 11:30:09.578,2.05411,2.05453,1.50,1.13
2012.05.09 11:30:11.551,2.05411,2.05451,1.50,1.13
2012.05.09 11:30:17.167,2.05411,2.05453,1.50,1.13
2012.05.09 11:30:20.440,2.05408,2.05453,2.63,1.13
2012.05.09 11:30:21.210,2.05411,2.05453,1.50,1.13
2012.05.09 11:30:28.892,2.05408,2.05453,1.13,1.13
2012.05.09 11:30:29.133,2.05405,2.05451,2.25,1.13
2012.05.09 11:30:29.563,2.05411,2.05451,1.50,1.13
2012.05.09 11:30:33.891,2.05412,2.05468,1.13,1.13
2012.05.09 11:30:37.258,2.05416,2.05469,1.88,1.50
2012.05.09 11:30:37.444,2.05409,2.05465,1.13,1.13
2012.05.09 11:30:37.664,2.05404,2.0546,1.13,1.13
2012.05.09 11:30:38.288,2.05405,2.05461,1.13,1.13
2012.05.09 11:30:38.615,2.05407,2.05461,1.13,1.13
2012.05.09 11:30:39.749,2.05413,2.05467,1.13,1.13
2012.05.09 11:30:41.735,2.05413,2.05467,1.13,1.88
2012.05.09 11:30:42.944,2.05407,2.05444,1.50,1.13
2012.05.09 11:30:43.134,2.05413,2.05451,1.50,1.13
2012.05.09 11:30:43.325,2.05405,2.05451,1.50,1.13
2012.05.09 11:30:43.589,2.05405,2.05442,1.50,1.13
2012.05.09 11:30:44.138,2.05405,2.05441,1.50,1.13
2012.05.09 11:30:44.684,2.05405,2.05448,1.50,1.13
2012.05.09 11:30:44.873,2.05412,2.05448,1.50,1.13
2012.05.09 11:30:45.647,2.05406,2.0545,1.50,1.13
2012.05.09 11:30:47.435,2.05406,2.05448,1.50,1.13
2012.05.09 11:30:57.903,2.05403,2.05448,1.13,1.13
2012.05.09 11:30:58.371,2.05403,2.05448,1.88,1.13
2012.05.09 11:30:58.854,2.05408,2.05455,1.13,1.13
2012.05.09 11:31:00.066,2.05408,2.05453,1.13,1.13
2012.05.09 11:31:00.851,2.05413,2.05453,1.50,1.13
2012.05.09 11:31:00.919,2.05408,2.05453,1.13,1.13
2012.05.09 11:31:01.442,2.05408,2.05455,1.13,1.13
2012.05.09 11:31:01.662,2.05412,2.05455,1.50,1.13
2012.05.09 11:31:02.042,2.05408,2.05455,3.38,1.13
2012.05.09 11:31:02.113,2.05408,2.05455,2.63,1.13
2012.05.09 11:31:08.382,2.05408,2.05455,3.38,1.13
2012.05.09 11:31:08.731,2.05416,2.0546,1.88,1.13
2012.05.09 11:31:08.912,2.05421,2.05468,1.88,1.13
2012.05.09 11:31:10.333,2.05418,2.05465,1.88,1.13
2012.05.09 11:31:11.132,2.05418,2.05465,1.13,1.13
2012.05.09 11:31:11.383,2.05418,2.05465,1.88,1.13
2012.05.09 11:31:11.502,2.05429,2.05482,1.13,1.50
2012.05.09 11:31:11.717,2.05429,2.05482,1.50,1.50
2012.05.09 11:31:12.026,2.05458,2.05496,1.13,2.25
2012.05.09 11:31:12.218,2.05426,2.05464,1.13,1.13
2012.05.09 11:31:12.284,2.05444,2.05489,1.13,1.50
2012.05.09 11:31:12.473,2.05429,2.05484,2.25,1.13
2012.05.09 11:31:14.123,2.05435,2.05484,3.00,1.13
2012.05.09 11:31:14.192,2.05454,2.05502,1.13,1.50
2012.05.09 11:31:14.264,2.05454,2.05509,1.13,2.48
2012.05.09 11:31:14.752,2.05453,2.05509,1.13,1.13
2012.05.09 11:31:14.963,2.0545,2.05503,1.50,1.13
2012.05.09 11:31:15.623,2.05455,2.05503,1.50,1.13
2012.05.09 11:31:15.803,2.05455,2.05509,2.63,1.13
2012.05.09 11:31:16.632,2.05455,2.05507,1.13,1.50
2012.05.09 11:31:18.712,2.05455,2.05509,1.13,1.13
2012.05.09 11:31:18.931,2.05455,2.05506,1.13,1.50
2012.05.09 11:31:19.094,2.05455,2.05509,1.13,1.13
2012.05.09 11:31:19.222,2.05455,2.05507,1.13,1.50
2012.05.09 11:31:19.692,2.05455,2.05509,1.13,1.13
2012.05.09 11:31:24.951,2.05448,2.05493,2.63,1.13
2012.05.09 11:31:25.904,2.05448,2.05491,1.50,1.13
2012.05.09 11:31:27.240,2.05451,2.05504,1.13,1.13
2012.05.09 11:31:27.711,2.05455,2.05504,1.50,1.13
2012.05.09 11:31:28.502,2.05451,2.05504,1.13,1.13
2012.05.09 11:31:28.572,2.05465,2.05513,1.13,1.05
2012.05.09 11:31:29.005,2.05465,2.05517,1.13,1.13
2012.05.09 11:31:30.874,2.05477,2.05519,1.13,1.50
2012.05.09 11:31:31.084,2.05477,2.05526,1.13,1.50
2012.05.09 11:31:31.889,2.05477,2.05523,1.13,1.50
2012.05.09 11:31:32.262,2.05477,2.0552,1.13,1.50
2012.05.09 11:31:33.365,2.05477,2.05532,1.13,1.13
2012.05.09 11:31:34.892,2.05477,2.05532,1.88,1.13
2012.05.09 11:31:35.745,2.05487,2.05532,1.13,1.13
2012.05.09 11:31:36.364,2.0549,2.05535,1.13,1.35
2012.05.09 11:31:36.802,2.05487,2.05532,1.13,1.13
2012.05.09 11:31:38.082,2.05487,2.05532,1.88,1.13
2012.05.09 11:31:38.231,2.05489,2.05536,1.88,1.13
2012.05.09 11:31:38.672,2.05489,2.05536,1.13,1.13
2012.05.09 11:31:38.731,2.05487,2.05532,1.13,1.13
2012.05.09 11:31:40.291,2.05487,2.05532,1.88,1.13
2012.05.09 11:31:40.975,2.05499,2.05544,1.13,1.50
2012.05.09 11:31:41.105,2.05499,2.05544,1.88,1.50
2012.05.09 11:31:41.479,2.05499,2.05546,1.88,1.13
2012.05.09 11:31:43.756,2.05499,2.05537,1.88,1.50
2012.05.09 11:31:43.943,2.05499,2.05537,1.13,1.50
2012.05.09 11:31:44.073,2.05481,2.05532,1.88,1.50
2012.05.09 11:31:44.142,2.05481,2.05532,1.13,1.50
2012.05.09 11:31:44.203,2.05481,2.05523,1.13,1.50
2012.05.09 11:31:44.351,2.05481,2.05528,1.13,1.50
2012.05.09 11:31:44.415,2.05465,2.0551,2.25,1.13
2012.05.09 11:31:44.789,2.0546,2.0551,2.25,1.13
2012.05.09 11:31:57.367,2.05464,2.0551,2.25,1.13
2012.05.09 11:31:57.494,2.05474,2.05519,1.13,1.13
2012.05.09 11:31:58.091,2.05481,2.05526,1.13,1.13
2012.05.09 11:32:01.151,2.05471,2.05517,1.50,1.13
2012.05.09 11:32:01.281,2.05469,2.05517,1.50,1.13
2012.05.09 11:32:01.542,2.05469,2.05517,2.25,1.13
2012.05.09 11:32:02.102,2.05469,2.05517,1.50,1.13
2012.05.09 11:32:04.620,2.05469,2.05517,2.25,1.13
2012.05.09 11:32:05.034,2.05473,2.05517,1.88,1.13
2012.05.09 11:32:05.101,2.05488,2.05538,1.13,1.95
2012.05.09 11:32:05.352,2.0548,2.05537,1.13,1.13
2012.05.09 11:32:05.483,2.05485,2.05537,2.25,1.13
2012.05.09 11:32:05.972,2.055,2.05545,1.13,1.13
2012.05.09 11:32:06.223,2.05484,2.05537,2.25,1.13
2012.05.09 11:32:06.431,2.05484,2.05537,1.50,1.13
2012.05.09 11:32:06.644,2.0548,2.05537,2.63,1.13
2012.05.09 11:32:07.714,2.05486,2.05542,1.13,1.13
2012.05.09 11:32:08.471,2.05486,2.05536,1.13,1.50
2012.05.09 11:32:09.202,2.05479,2.05525,1.13,1.13
2012.05.09 11:32:09.270,2.05473,2.0552,1.13,1.13
2012.05.09 11:32:12.932,2.05473,2.0552,1.88,1.13
2012.05.09 11:32:13.062,2.05465,2.05517,2.25,1.13
2012.05.09 11:32:13.264,2.05462,2.05517,1.50,1.13
2012.05.09 11:32:13.392,2.05462,2.05517,2.25,2.63
2012.05.09 11:32:13.702,2.05445,2.05511,3.38,1.50
2012.05.09 11:32:13.832,2.05454,2.05509,1.13,1.50
2012.05.09 11:32:14.142,2.0546,2.05498,1.13,1.50
2012.05.09 11:32:14.211,2.0546,2.05505,1.13,1.50
2012.05.09 11:32:14.272,2.05441,2.05497,1.36,1.13
2012.05.09 11:32:14.462,2.05434,2.05481,2.86,1.13
2012.05.09 11:32:15.082,2.05442,2.05493,1.13,1.50
2012.05.09 11:32:15.151,2.05442,2.05496,1.13,1.13
2012.05.09 11:32:16.189,2.05442,2.05498,1.13,1.13
2012.05.09 11:32:16.863,2.05442,2.05496,1.13,1.13
2012.05.09 11:32:17.981,2.0546,2.05499,1.13,1.50
2012.05.09 11:32:18.356,2.0546,2.05504,1.13,3.00
2012.05.09 11:32:18.421,2.05441,2.05497,1.88,1.13
2012.05.09 11:32:19.591,2.05461,2.05504,1.13,1.50
2012.05.09 11:32:19.841,2.05468,2.05519,1.13,1.50
2012.05.09 11:32:20.653,2.05468,2.0552,1.13,1.50
2012.05.09 11:32:21.988,2.05468,2.05522,1.13,1.13
2012.05.09 11:32:27.121,2.0546,2.05521,1.50,1.13
2012.05.09 11:32:27.781,2.05457,2.05518,1.13,1.50
2012.05.09 11:32:30.701,2.05458,2.05518,1.13,1.50
2012.05.09 11:32:31.368,2.05454,2.0551,1.88,1.13
2012.05.09 11:32:31.791,2.05454,2.0551,1.13,1.88
2012.05.09 11:32:32.401,2.05454,2.0551,1.13,1.88
2012.05.09 11:32:32.462,2.05454,2.0551,1.13,1.88
2012.05.09 11:32:34.600,2.05454,2.05507,1.13,1.50
2012.05.09 11:32:34.912,2.05459,2.05502,1.13,1.50
2012.05.09 11:32:34.990,2.05459,2.05507,1.13,3.00
2012.05.09 11:32:35.053,2.05461,2.05507,1.13,1.50
2012.05.09 11:32:35.332,2.05454,2.05507,1.13,1.50
2012.05.09 11:32:36.164,2.05454,2.05502,1.13,1.50
2012.05.09 11:32:37.635,2.05461,2.05502,1.13,1.50
2012.05.09 11:32:37.803,2.05461,2.05506,1.13,1.50
2012.05.09 11:32:38.656,2.05461,2.05507,1.13,1.50
2012.05.09 11:32:39.325,2.05461,2.05507,1.13,2.25
2012.05.09 11:32:39.513,2.05449,2.055,1.13,1.50
2012.05.09 11:32:39.661,2.05449,2.055,1.13,2.25
2012.05.09 11:32:40.232,2.05449,2.05495,1.13,1.50
2012.05.09 11:32:40.683,2.05458,2.05495,1.13,2.25
2012.05.09 11:32:40.753,2.0545,2.05495,1.13,3.00
2012.05.09 11:32:40.825,2.0545,2.05489,1.13,1.50
2012.05.09 11:32:41.373,2.05438,2.05482,1.13,1.13
2012.05.09 11:32:41.503,2.05424,2.05469,1.13,1.13
2012.05.09 11:32:46.186,2.05426,2.05471,1.13,1.13
2012.05.09 11:32:48.951,2.05434,2.05481,1.13,3.38
2012.05.09 11:32:49.341,2.05437,2.05482,1.13,1.88
2012.05.09 11:32:49.742,2.05437,2.05482,1.13,1.88
2012.05.09 11:32:50.123,2.0543,2.05479,1.13,1.13
2012.05.09 11:32:50.273,2.0543,2.05479,1.13,1.88
2012.05.09 11:32:50.583,2.05435,2.0548,1.13,1.88
2012.05.09 11:32:50.654,2.05435,2.0548,1.13,1.13
2012.05.09 11:32:52.364,2.05437,2.05484,1.13,1.88
2012.05.09 11:32:52.622,2.05439,2.05486,1.13,1.88
2012.05.09 11:32:52.752,2.05434,2.05481,1.13,1.13
2012.05.09 11:32:53.962,2.05431,2.05474,1.50,1.13
2012.05.09 11:32:54.355,2.05427,2.05474,2.63,1.13
2012.05.09 11:32:55.062,2.05427,2.05474,1.13,2.63
2012.05.09 11:32:55.573,2.05426,2.05471,1.13,1.88
2012.05.09 11:32:56.093,2.05426,2.05471,1.13,1.88
2012.05.09 11:32:56.350,2.05423,2.05468,1.13,1.13
2012.05.09 11:32:57.013,2.05423,2.05467,1.50,1.13
2012.05.09 11:32:59.094,2.05425,2.05472,1.13,1.88
2012.05.09 11:32:59.452,2.05423,2.05468,1.13,1.13
2012.05.09 11:32:59.983,2.05426,2.05471,1.13,1.88
2012.05.09 11:33:00.052,2.05426,2.05471,1.13,1.13
2012.05.09 11:33:00.190,2.05423,2.0547,1.13,1.13
2012.05.09 11:33:00.315,2.05422,2.05467,1.13,1.13
2012.05.09 11:33:05.710,2.05426,2.05471,1.13,1.88
2012.05.09 11:33:05.913,2.05421,2.05468,1.13,1.13
2012.05.09 11:33:06.563,2.05425,2.05476,1.13,2.25
2012.05.09 11:33:06.691,2.05411,2.05468,1.50,1.88
2012.05.09 11:33:06.751,2.05407,2.05468,1.50,1.88
2012.05.09 11:33:06.821,2.05407,2.05459,1.50,1.50
2012.05.09 11:33:07.033,2.05394,2.05459,2.25,1.50
2012.05.09 11:33:07.164,2.05388,2.05454,1.65,1.50
2012.05.09 11:33:07.499,2.05393,2.05438,1.50,1.13
2012.05.09 11:33:07.682,2.05378,2.05438,2.63,1.13
2012.05.09 11:33:08.407,2.05386,2.05442,1.50,1.88
2012.05.09 11:33:08.714,2.05396,2.05441,1.13,1.88
2012.05.09 11:33:08.784,2.05394,2.05454,1.50,1.88
2012.05.09 11:33:08.913,2.05391,2.05454,1.50,1.88
2012.05.09 11:33:09.134,2.05391,2.05454,2.25,1.88
2012.05.09 11:33:09.443,2.05403,2.0545,1.13,2.25
2012.05.09 11:33:09.753,2.05397,2.05451,1.13,1.13
2012.05.09 11:33:10.900,2.05402,2.05454,1.13,2.25
2012.05.09 11:33:12.263,2.05402,2.05458,1.88,1.88
2012.05.09 11:33:14.102,2.05404,2.05458,2.25,1.88
2012.05.09 11:33:14.466,2.05402,2.05458,1.13,1.88
2012.05.09 11:33:14.720,2.05396,2.05452,1.13,3.38
2012.05.09 11:33:15.384,2.05396,2.05447,1.13,1.50
2012.05.09 11:33:15.887,2.05396,2.05451,1.13,2.25
2012.05.09 11:33:16.911,2.0539,2.05444,1.13,1.13
2012.05.09 11:33:18.103,2.05387,2.05428,1.50,1.13
2012.05.09 11:33:18.501,2.05389,2.05428,1.50,1.88
2012.05.09 11:33:18.620,2.05383,2.05428,1.88,1.88
2012.05.09 11:33:19.947,2.05389,2.05445,1.13,1.88
2012.05.09 11:33:21.611,2.05387,2.05428,1.50,1.88
2012.05.09 11:33:21.672,2.05383,2.05428,1.13,1.88
2012.05.09 11:33:22.584,2.05389,2.05444,1.13,1.50
2012.05.09 11:33:23.543,2.05389,2.05445,1.13,1.88
2012.05.09 11:33:24.316,2.0539,2.05446,1.13,3.38
2012.05.09 11:33:29.072,2.05389,2.05445,1.13,1.88
2012.05.09 11:33:30.401,2.05389,2.05445,1.13,1.88
2012.05.09 11:33:32.005,2.05389,2.05445,1.13,1.88
2012.05.09 11:33:32.864,2.05389,2.05445,1.13,1.88
2012.05.09 11:33:33.172,2.05386,2.0544,1.13,1.13
2012.05.09 11:33:33.424,2.05389,2.05445,1.13,1.88
2012.05.09 11:33:34.413,2.05389,2.05445,1.13,1.88
2012.05.09 11:33:34.721,2.05389,2.05443,1.13,1.50
2012.05.09 11:33:35.063,2.05386,2.0544,1.13,1.13
2012.05.09 11:33:35.385,2.05383,2.05436,1.09,1.13
2012.05.09 11:33:35.692,2.05412,2.05453,1.50,1.20
2012.05.09 11:33:35.763,2.05408,2.05453,1.13,1.20
2012.05.09 11:33:35.954,2.05408,2.05464,1.13,1.13
2012.05.09 11:33:36.152,2.05408,2.0546,1.13,1.50
2012.05.09 11:33:36.461,2.05404,2.05454,1.13,1.50
2012.05.09 11:33:36.522,2.05404,2.05458,1.13,1.13
2012.05.09 11:33:40.204,2.05404,2.05458,3.38,1.13
2012.05.09 11:33:40.682,2.05422,2.05468,1.13,1.88
2012.05.09 11:33:41.014,2.05407,2.05457,1.50,1.13
2012.05.09 11:33:41.202,2.05422,2.05468,1.13,1.88
2012.05.09 11:33:41.511,2.05414,2.05467,1.50,1.88
2012.05.09 11:33:41.691,2.05412,2.05467,1.13,1.88
2012.05.09 11:33:44.082,2.05412,2.05467,1.13,1.88
2012.05.09 11:33:44.938,2.05412,2.05467,1.13,1.88
2012.05.09 11:33:45.593,2.05408,2.05454,1.13,1.13
2012.05.09 11:33:46.060,2.05413,2.05465,1.13,1.50
2012.05.09 11:33:46.121,2.05413,2.05465,1.13,2.25
2012.05.09 11:33:46.480,2.05398,2.05457,1.50,1.13
2012.05.09 11:33:46.601,2.05395,2.05455,1.50,1.50
2012.05.09 11:33:46.661,2.05393,2.05455,1.13,1.50
2012.05.09 11:33:47.787,2.05394,2.05457,1.50,1.13
2012.05.09 11:33:47.852,2.05394,2.05457,1.50,1.88
2012.05.09 11:33:48.172,2.05387,2.0544,2.63,1.13
2012.05.09 11:33:48.702,2.05399,2.05457,1.50,1.88
2012.05.09 11:33:49.183,2.05393,2.05446,1.50,1.88
2012.05.09 11:33:51.093,2.0539,2.05446,2.63,1.88
2012.05.09 11:33:51.331,2.05388,2.05439,1.50,1.13
2012.05.09 11:33:51.453,2.0539,2.05446,1.13,1.88
2012.05.09 11:33:51.962,2.0539,2.05446,1.13,1.88
2012.05.09 11:33:52.534,2.0539,2.05446,1.13,1.88
2012.05.09 11:33:52.961,2.05392,2.05446,1.50,1.88
2012.05.09 11:33:53.533,2.05392,2.05439,1.50,1.13
2012.05.09 11:33:53.907,2.05388,2.05439,1.50,1.13
2012.05.09 11:33:54.092,2.054,2.05439,1.50,1.13
2012.05.09 11:33:54.403,2.05405,2.05437,1.50,1.13
2012.05.09 11:33:54.605,2.05405,2.05442,1.50,1.88
2012.05.09 11:33:54.733,2.05405,2.05458,1.50,1.58
2012.05.09 11:33:54.811,2.05405,2.05458,1.50,1.13
2012.05.09 11:33:55.477,2.05399,2.05458,1.50,1.13
2012.05.09 11:33:56.411,2.05403,2.05459,1.13,1.88
2012.05.09 11:33:57.073,2.05406,2.05459,1.50,1.88
2012.05.09 11:33:58.344,2.05403,2.05459,1.13,1.88
2012.05.09 11:33:59.069,2.05403,2.05457,1.13,1.50
2012.05.09 11:33:59.343,2.05386,2.0544,1.13,1.13
2012.05.09 11:33:59.412,2.05386,2.0544,1.88,1.13
2012.05.09 11:33:59.483,2.05397,2.0545,1.13,1.50
2012.05.09 11:33:59.791,2.05394,2.05455,1.88,1.50
2012.05.09 11:34:01.852,2.05396,2.05458,2.25,2.10
2012.05.09 11:34:03.356,2.05394,2.05454,1.88,1.50
2012.05.09 11:34:03.813,2.05396,2.05458,2.25,2.10
2012.05.09 11:34:04.335,2.05394,2.05448,1.88,1.50
2012.05.09 11:34:04.642,2.05392,2.05441,1.13,1.50
2012.05.09 11:34:07.543,2.05392,2.05446,1.13,1.13
2012.05.09 11:34:08.106,2.05392,2.05445,1.13,1.50
2012.05.09 11:34:08.724,2.05391,2.05436,1.13,1.13
2012.05.09 11:34:09.062,2.05397,2.0544,1.13,1.50
2012.05.09 11:34:09.132,2.05397,2.05442,1.13,1.13
2012.05.09 11:34:10.647,2.05397,2.05441,1.13,1.50
2012.05.09 11:34:11.592,2.05397,2.05442,1.13,1.13
2012.05.09 11:34:12.054,2.0538,2.05432,1.50,1.13
2012.05.09 11:34:12.303,2.05378,2.05432,1.13,1.88
2012.05.09 11:34:12.612,2.0537,2.05417,1.13,1.13
2012.05.09 11:34:15.145,2.0537,2.05417,1.13,1.88
2012.05.09 11:34:15.713,2.05376,2.05423,1.13,1.88
2012.05.09 11:34:15.784,2.0537,2.05416,1.13,1.88
2012.05.09 11:34:15.912,2.05376,2.05427,1.13,2.25
2012.05.09 11:34:16.397,2.0536,2.05413,1.88,1.88
2012.05.09 11:34:16.854,2.05359,2.054,2.25,1.13
2012.05.09 11:34:16.938,2.05359,2.05403,2.25,1.13
2012.05.09 11:34:17.062,2.05369,2.05403,1.50,1.13
2012.05.09 11:34:17.375,2.0538,2.05414,1.50,1.88
2012.05.09 11:34:17.684,2.05376,2.05417,2.25,1.88
2012.05.09 11:34:17.993,2.05384,2.05429,1.88,1.13
2012.05.09 11:34:18.064,2.05384,2.05429,1.88,1.13
2012.05.09 11:34:18.437,2.05384,2.05431,1.88,1.13
2012.05.09 11:34:18.507,2.05396,2.05441,1.13,1.88
2012.05.09 11:34:19.356,2.05389,2.05441,1.13,1.88
2012.05.09 11:34:19.468,2.05386,2.05441,1.88,1.88
2012.05.09 11:34:21.502,2.05395,2.05441,1.13,1.88
2012.05.09 11:34:21.969,2.0539,2.0544,1.13,2.25
2012.05.09 11:34:22.033,2.05387,2.05428,1.50,1.13
2012.05.09 11:34:22.286,2.05377,2.05428,1.50,1.13
2012.05.09 11:34:22.475,2.05382,2.05429,1.13,1.13
2012.05.09 11:34:22.805,2.05372,2.05427,1.88,1.13
2012.05.09 11:34:23.242,2.05382,2.05429,1.13,1.13
2012.05.09 11:34:23.562,2.05373,2.05426,1.88,2.63
2012.05.09 11:34:23.954,2.05373,2.05419,1.88,1.50
2012.05.09 11:34:24.265,2.05373,2.05416,1.88,1.50
2012.05.09 11:34:24.650,2.05373,2.05418,1.88,1.50
2012.05.09 11:34:25.196,2.05373,2.05419,1.88,1.50
2012.05.09 11:34:25.427,2.05373,2.05419,1.88,2.25
2012.05.09 11:34:26.881,2.05373,2.05419,1.13,2.25
2012.05.09 11:34:26.942,2.05373,2.05411,1.13,1.50
2012.05.09 11:34:27.013,2.05359,2.05408,1.13,1.50
2012.05.09 11:34:27.082,2.05359,2.05408,1.13,2.25
2012.05.09 11:34:27.393,2.05364,2.05395,1.13,2.25
2012.05.09 11:34:27.764,2.0535,2.05397,1.88,1.88
2012.05.09 11:34:28.032,2.0535,2.05397,1.88,1.88
2012.05.09 11:34:28.400,2.0535,2.05397,1.13,1.88
2012.05.09 11:34:29.019,2.05345,2.05392,1.13,1.13
2012.05.09 11:34:29.083,2.05357,2.05402,1.13,1.88
2012.05.09 11:34:29.152,2.05357,2.05402,1.13,1.88
2012.05.09 11:34:29.280,2.05357,2.05402,1.13,1.88
2012.05.09 11:34:29.583,2.05357,2.05402,1.13,1.13
2012.05.09 11:34:29.711,2.0535,2.05401,1.13,1.13
2012.05.09 11:34:29.829,2.0535,2.05401,1.88,1.13
2012.05.09 11:34:29.952,2.05356,2.05403,1.88,1.13
2012.05.09 11:34:33.583,2.05356,2.05403,1.88,1.13
2012.05.09 11:34:35.334,2.05356,2.05403,1.88,1.13
2012.05.09 11:34:35.760,2.05363,2.05411,1.13,1.50
2012.05.09 11:34:35.822,2.05363,2.05414,1.13,1.13
2012.05.09 11:34:36.371,2.05364,2.05414,1.13,1.13
2012.05.09 11:34:37.184,2.05362,2.05415,1.13,1.13
2012.05.09 11:34:37.313,2.05359,2.05411,1.13,1.50
2012.05.09 11:34:37.622,2.05363,2.05411,1.13,1.50
2012.05.09 11:34:37.694,2.0536,2.05411,1.13,1.50
2012.05.09 11:34:38.422,2.0536,2.05411,1.88,1.50
2012.05.09 11:34:38.518,2.0536,2.05411,1.88,1.50
2012.05.09 11:34:38.682,2.0536,2.05411,1.88,1.50
2012.05.09 11:34:38.751,2.0536,2.05411,1.88,1.50
2012.05.09 11:34:40.394,2.0536,2.05411,1.88,1.50
2012.05.09 11:34:40.573,2.0536,2.05413,1.88,1.13
2012.05.09 11:34:41.338,2.0536,2.05413,1.88,1.13
2012.05.09 11:34:41.597,2.05359,2.05413,1.88,1.13
2012.05.09 11:34:45.431,2.05359,2.05412,1.88,1.13
2012.05.09 11:34:45.843,2.05359,2.05412,1.88,1.13
2012.05.09 11:34:48.083,2.05357,2.05402,1.88,1.13
2012.05.09 11:34:48.681,2.05363,2.05402,1.13,1.13
2012.05.09 11:34:48.752,2.05383,2.05418,1.13,2.25
2012.05.09 11:34:49.003,2.05391,2.0543,1.13,1.20
2012.05.09 11:34:49.632,2.05391,2.05443,1.13,1.50
2012.05.09 11:34:49.698,2.05391,2.05445,1.13,1.13
2012.05.09 11:34:51.076,2.05391,2.05445,1.88,1.13
2012.05.09 11:34:51.325,2.05391,2.05445,1.13,1.13
2012.05.09 11:34:51.511,2.05396,2.05448,1.13,1.50
2012.05.09 11:34:51.814,2.05393,2.05445,1.13,1.50
2012.05.09 11:34:51.881,2.05393,2.05451,1.13,1.50
2012.05.09 11:34:51.953,2.05387,2.0544,1.13,1.13
2012.05.09 11:34:52.532,2.05393,2.0544,1.50,1.13
2012.05.09 11:34:53.561,2.05387,2.0544,2.63,1.13
2012.05.09 11:34:58.850,2.05387,2.0544,2.63,1.47
2012.05.09 11:34:59.151,2.05352,2.054,2.40,1.13
2012.05.09 11:34:59.818,2.05352,2.054,2.40,1.13
2012.05.09 11:35:00.416,2.05352,2.054,1.50,1.13
2012.05.09 11:35:00.711,2.05347,2.054,2.63,1.13
2012.05.09 11:35:00.783,2.05347,2.05389,1.50,1.13
2012.05.09 11:35:01.684,2.05347,2.05377,1.50,1.13
2012.05.09 11:35:02.042,2.05347,2.0539,1.50,1.13
2012.05.09 11:35:02.112,2.05347,2.05377,1.50,1.13
2012.05.09 11:35:02.433,2.05347,2.0539,1.50,1.13
2012.05.09 11:35:03.530,2.05347,2.0539,2.25,1.13
2012.05.09 11:35:03.853,2.05342,2.05389,1.88,1.13
2012.05.09 11:35:03.925,2.05344,2.05384,1.13,1.13
2012.05.09 11:35:04.234,2.05358,2.054,1.88,2.48
2012.05.09 11:35:04.429,2.0538,2.0542,1.50,1.13
2012.05.09 11:35:04.520,2.05376,2.0542,1.50,1.13
2012.05.09 11:35:04.583,2.05371,2.0542,1.50,1.13
2012.05.09 11:35:04.653,2.05383,2.0543,1.13,1.35
2012.05.09 11:35:04.841,2.05383,2.0543,1.13,1.13
2012.05.09 11:35:06.143,2.05388,2.0543,1.50,1.13
2012.05.09 11:35:06.395,2.05377,2.05422,1.13,1.13
2012.05.09 11:35:06.464,2.05383,2.05409,1.50,1.13
2012.05.09 11:35:06.533,2.0539,2.05435,1.13,1.35
2012.05.09 11:35:06.602,2.0539,2.05435,1.13,1.13
2012.05.09 11:35:06.671,2.05394,2.05435,1.88,1.13
2012.05.09 11:35:06.792,2.05411,2.05456,1.13,1.20
2012.05.09 11:35:06.862,2.05411,2.05465,1.13,1.13
2012.05.09 11:35:06.932,2.05411,2.05458,1.13,1.50
2012.05.09 11:35:07.251,2.05411,2.05455,1.13,1.50
2012.05.09 11:35:07.311,2.05411,2.05461,1.13,1.50
2012.05.09 11:35:07.432,2.05397,2.05457,1.50,1.50
2012.05.09 11:35:07.561,2.05388,2.05452,1.50,1.50
2012.05.09 11:35:07.801,2.05393,2.05458,1.50,2.25
2012.05.09 11:35:08.261,2.05388,2.05452,1.50,1.50
2012.05.09 11:35:08.657,2.05392,2.05457,1.50,2.25
2012.05.09 11:35:10.112,2.05392,2.0544,1.50,1.13
2012.05.09 11:35:10.428,2.054,2.05445,1.50,1.13
2012.05.09 11:35:10.953,2.05393,2.05445,1.50,1.88
2012.05.09 11:35:11.243,2.05393,2.0544,1.50,1.13
2012.05.09 11:35:11.313,2.05387,2.0544,1.13,1.13
2012.05.09 11:35:11.504,2.05382,2.05431,1.50,1.13
2012.05.09 11:35:12.104,2.05386,2.05441,1.13,1.13
2012.05.09 11:35:12.171,2.05385,2.05439,1.13,1.13
2012.05.09 11:35:12.479,2.05387,2.0544,1.13,1.13
2012.05.09 11:35:12.992,2.05387,2.05436,1.13,1.50
2012.05.09 11:35:13.475,2.05387,2.05428,1.13,1.50
2012.05.09 11:35:13.742,2.05387,2.05434,1.13,1.50
2012.05.09 11:35:14.023,2.05395,2.05434,1.13,1.50
2012.05.09 11:35:14.301,2.05395,2.05441,1.13,1.50
2012.05.09 11:35:15.397,2.05395,2.05439,1.13,1.50
2012.05.09 11:35:15.521,2.05368,2.05435,2.25,2.25
2012.05.09 11:35:15.616,2.05368,2.05435,2.25,1.50
2012.05.09 11:35:15.683,2.05368,2.05435,1.88,1.50
2012.05.09 11:35:15.753,2.05369,2.05425,1.88,1.13
2012.05.09 11:35:16.062,2.0539,2.05435,1.13,1.13
2012.05.09 11:35:16.434,2.05395,2.05439,1.13,1.50
2012.05.09 11:35:16.561,2.05395,2.05442,1.13,2.63
2012.05.09 11:35:16.665,2.05395,2.05436,1.13,1.50
2012.05.09 11:35:17.049,2.05395,2.05429,1.13,1.50
2012.05.09 11:35:17.564,2.05377,2.05429,1.13,1.50
2012.05.09 11:35:18.002,2.05371,2.05425,1.88,1.13
2012.05.09 11:35:18.075,2.05371,2.05425,1.13,1.13
2012.05.09 11:35:18.423,2.05376,2.05425,1.50,1.13
2012.05.09 11:35:18.855,2.05383,2.05425,1.50,1.13
2012.05.09 11:35:18.981,2.05391,2.05436,1.50,1.13
2012.05.09 11:35:25.172,2.05389,2.05436,1.13,1.13
2012.05.09 11:35:27.846,2.05388,2.05435,1.13,1.13
2012.05.09 11:35:28.495,2.05392,2.05435,1.50,1.13
2012.05.09 11:35:28.683,2.05389,2.05436,1.13,1.13
2012.05.09 11:35:28.874,2.05385,2.05439,1.50,1.13
2012.05.09 11:35:28.942,2.05385,2.05439,2.25,1.13
2012.05.09 11:35:29.015,2.05385,2.05439,1.50,1.13
2012.05.09 11:35:29.741,2.0539,2.05446,1.13,1.13
2012.05.09 11:35:30.393,2.05392,2.05446,1.50,1.13
2012.05.09 11:35:34.282,2.0539,2.05446,1.13,1.13
2012.05.09 11:35:34.614,2.05385,2.05433,2.25,1.13
2012.05.09 11:35:34.805,2.05389,2.05445,1.13,1.13
2012.05.09 11:35:34.871,2.05391,2.05445,1.13,1.13
2012.05.09 11:35:35.764,2.05392,2.05445,1.50,1.13
2012.05.09 11:35:36.459,2.05391,2.05445,1.13,1.13
2012.05.09 11:35:36.897,2.05388,2.05442,1.88,1.13
2012.05.09 11:35:37.971,2.05388,2.05442,1.13,1.13
2012.05.09 11:35:38.033,2.05391,2.05445,1.13,1.13
2012.05.09 11:35:38.392,2.05393,2.05445,1.50,1.13
2012.05.09 11:35:39.585,2.05393,2.05445,2.25,1.13
2012.05.09 11:35:39.893,2.05404,2.05445,1.50,1.13
2012.05.09 11:35:40.144,2.05411,2.05465,1.13,1.13
2012.05.09 11:35:40.272,2.05415,2.05465,1.50,1.13
2012.05.09 11:35:40.401,2.05411,2.05465,1.13,1.13
2012.05.09 11:35:40.462,2.05409,2.05458,1.50,1.13
2012.05.09 11:35:40.534,2.05405,2.05458,1.50,1.13
2012.05.09 11:35:41.071,2.05406,2.05458,1.50,1.13
2012.05.09 11:35:42.466,2.05418,2.05459,1.50,1.13
2012.05.09 11:35:43.501,2.05422,2.05469,1.13,1.13
2012.05.09 11:35:44.354,2.05424,2.05469,1.50,1.13
2012.05.09 11:35:44.601,2.05422,2.05469,1.13,1.13
2012.05.09 11:35:45.117,2.05422,2.05468,1.13,1.50
2012.05.09 11:35:45.600,2.05418,2.05463,1.13,1.13
2012.05.09 11:35:45.663,2.0541,2.05456,1.13,1.13
2012.05.09 11:35:45.827,2.05412,2.05459,1.13,1.13
2012.05.09 11:35:45.951,2.0542,2.05461,1.13,1.50
2012.05.09 11:35:46.062,2.05413,2.05461,1.13,1.50
2012.05.09 11:35:46.254,2.05413,2.05467,1.13,2.63
2012.05.09 11:35:46.495,2.05413,2.05465,1.13,1.13
2012.05.09 11:35:46.982,2.05413,2.05462,1.13,1.50
2012.05.09 11:35:48.163,2.05413,2.05462,1.88,1.50
2012.05.09 11:35:48.311,2.05413,2.05465,1.88,1.13
2012.05.09 11:35:49.046,2.05413,2.05465,1.13,1.13
2012.05.09 11:35:49.206,2.05412,2.05458,1.13,1.13
2012.05.09 11:35:49.901,2.05411,2.0546,1.88,1.13
2012.05.09 11:35:50.137,2.05411,2.0546,1.13,1.13
2012.05.09 11:35:51.361,2.05413,2.05462,1.13,1.50
2012.05.09 11:35:52.903,2.05413,2.05462,1.88,1.50
2012.05.09 11:35:53.461,2.05413,2.05461,1.88,1.50
2012.05.09 11:35:53.893,2.05413,2.05461,1.13,1.50
2012.05.09 11:35:54.228,2.05413,2.05466,1.13,1.50
2012.05.09 11:35:54.453,2.05401,2.05458,2.25,1.13
2012.05.09 11:35:54.829,2.05413,2.05463,1.13,1.50
2012.05.09 11:35:55.294,2.05413,2.05457,1.13,1.50
2012.05.09 11:35:55.421,2.05395,2.05457,1.13,2.63
2012.05.09 11:35:55.481,2.05395,2.05455,1.13,1.50
2012.05.09 11:35:55.857,2.05392,2.05446,1.13,1.13
2012.05.09 11:35:56.192,2.05386,2.05444,1.50,1.13
2012.05.09 11:35:57.084,2.05382,2.05444,1.13,1.13
2012.05.09 11:35:57.511,2.05382,2.05436,1.13,1.50
2012.05.09 11:35:57.697,2.05378,2.05434,1.13,1.13
2012.05.09 11:35:58.361,2.05382,2.05444,1.13,2.63
2012.05.09 11:35:59.655,2.05383,2.05444,1.50,1.13
2012.05.09 11:36:00.314,2.05382,2.05444,1.13,2.63
2012.05.09 11:36:01.921,2.05382,2.05444,1.88,2.63
2012.05.09 11:36:02.233,2.05391,2.05447,1.13,1.88
2012.05.09 11:36:08.399,2.05391,2.05443,1.13,1.50
2012.05.09 11:36:12.659,2.05391,2.05443,1.13,2.25
2012.05.09 11:36:12.845,2.05365,2.05419,1.13,1.13
2012.05.09 11:36:13.031,2.05368,2.05422,1.13,1.50
2012.05.09 11:36:19.022,2.05368,2.05417,1.13,1.50
2012.05.09 11:36:19.091,2.0536,2.05415,1.13,1.13
2012.05.09 11:36:19.214,2.0536,2.05415,1.88,1.13
2012.05.09 11:36:19.523,2.05374,2.05417,1.13,1.50
2012.05.09 11:36:19.714,2.05361,2.05414,1.13,1.13
2012.05.09 11:36:20.013,2.05361,2.05409,1.13,1.50
2012.05.09 11:36:20.410,2.05371,2.05408,1.13,1.50
2012.05.09 11:36:20.933,2.05371,2.05409,1.13,1.50
2012.05.09 11:36:21.006,2.05371,2.05415,1.13,1.50
2012.05.09 11:36:21.950,2.05369,2.05415,1.13,1.13
2012.05.09 11:36:22.564,2.05367,2.05412,1.13,1.13
2012.05.09 11:36:22.989,2.05371,2.05416,1.13,1.13
2012.05.09 11:36:23.854,2.05356,2.05416,2.25,1.50
2012.05.09 11:36:23.921,2.05356,2.05416,1.50,1.50
2012.05.09 11:36:24.052,2.05354,2.05413,1.13,1.50
2012.05.09 11:36:24.371,2.05354,2.05413,1.88,1.50
2012.05.09 11:36:26.022,2.05354,2.05418,3.38,1.13
2012.05.09 11:36:26.219,2.05363,2.05418,1.50,1.13
2012.05.09 11:36:27.254,2.05368,2.05418,1.50,1.13
2012.05.09 11:36:27.322,2.05368,2.0542,1.50,1.88
2012.05.09 11:36:29.054,2.05365,2.0542,1.50,1.13
2012.05.09 11:36:29.133,2.05368,2.0542,1.50,1.13
2012.05.09 11:36:29.261,2.05364,2.0542,1.13,1.13
2012.05.09 11:36:29.503,2.05364,2.05418,1.88,1.50
2012.05.09 11:36:29.902,2.05366,2.0542,1.13,1.13
2012.05.09 11:36:30.346,2.05366,2.05409,1.13,1.50
2012.05.09 11:36:30.942,2.0535,2.05409,1.13,1.50
2012.05.09 11:36:31.075,2.05367,2.05409,1.13,1.50
2012.05.09 11:36:31.263,2.05367,2.0542,1.13,1.50
2012.05.09 11:36:31.330,2.05365,2.05413,1.13,1.50
2012.05.09 11:36:35.372,2.0537,2.05413,1.13,1.50
2012.05.09 11:36:35.432,2.05366,2.05413,1.13,1.50
2012.05.09 11:36:35.552,2.05366,2.05416,1.13,1.50
2012.05.09 11:36:35.769,2.05366,2.0542,1.13,1.13
2012.05.09 11:36:42.292,2.05359,2.05415,1.13,1.13
2012.05.09 11:36:43.896,2.05359,2.05415,1.88,1.13
2012.05.09 11:36:44.244,2.05363,2.05415,1.50,1.13
2012.05.09 11:36:44.314,2.05363,2.05413,2.25,1.13
2012.05.09 11:36:44.790,2.05368,2.05413,1.50,1.13
2012.05.09 11:36:45.136,2.05377,2.05422,1.13,1.13
2012.05.09 11:36:47.013,2.05371,2.05418,1.13,1.13
2012.05.09 11:36:47.261,2.05384,2.05431,1.13,1.13
2012.05.09 11:36:50.165,2.05383,2.0543,1.13,1.13
2012.05.09 11:36:56.372,2.05377,2.05423,1.13,1.13
2012.05.09 11:36:56.763,2.05389,2.05427,1.13,1.50
2012.05.09 11:36:57.159,2.05377,2.05423,1.13,1.13
2012.05.09 11:36:57.225,2.05384,2.05429,1.13,1.13
2012.05.09 11:36:57.545,2.05378,2.05422,1.13,1.13
2012.05.09 11:37:00.721,2.05384,2.05429,1.13,1.13
2012.05.09 11:37:01.474,2.05377,2.05423,1.13,1.13
2012.05.09 11:37:03.231,2.0539,2.05433,1.13,1.50
2012.05.09 11:37:06.501,2.0539,2.05431,1.13,1.50
2012.05.09 11:37:06.565,2.05371,2.05427,1.13,2.63
2012.05.09 11:37:09.173,2.05378,2.05432,1.13,1.13
2012.05.09 11:37:09.482,2.05371,2.05427,1.13,1.13
2012.05.09 11:37:09.861,2.05377,2.05433,1.13,1.13
2012.05.09 11:37:10.837,2.05377,2.05433,1.88,1.13
2012.05.09 11:37:11.022,2.05409,2.05452,1.13,1.50
2012.05.09 11:37:11.083,2.05409,2.05452,1.13,2.25
2012.05.09 11:37:11.332,2.05379,2.05417,1.50,1.13
2012.05.09 11:37:11.391,2.0537,2.05417,1.88,1.13
2012.05.09 11:37:11.743,2.05377,2.05427,1.13,1.50
2012.05.09 11:37:12.072,2.05377,2.05433,1.13,2.63
2012.05.09 11:37:19.542,2.05377,2.05431,1.13,1.13
2012.05.09 11:37:19.715,2.05377,2.05433,1.13,2.63
2012.05.09 11:37:24.773,2.05377,2.05433,1.88,1.13
2012.05.09 11:37:24.862,2.05377,2.05433,1.13,1.13
2012.05.09 11:37:25.087,2.05377,2.05431,1.13,1.13
2012.05.09 11:37:25.597,2.05369,2.05425,1.88,1.13
2012.05.09 11:37:26.324,2.05372,2.05426,1.88,1.13
2012.05.09 11:37:28.211,2.05377,2.05431,1.88,1.13
2012.05.09 11:37:36.429,2.05377,2.05431,1.13,1.13
2012.05.09 11:37:36.659,2.05372,2.05428,1.88,1.13
2012.05.09 11:37:36.878,2.05376,2.05432,1.88,1.13
2012.05.09 11:37:37.080,2.05376,2.05432,1.88,1.13
2012.05.09 11:37:37.200,2.05376,2.05432,1.13,1.13
2012.05.09 11:37:37.843,2.05376,2.05432,1.88,1.13
2012.05.09 11:37:40.815,2.05376,2.05432,1.13,1.13
2012.05.09 11:37:41.552,2.05376,2.05426,1.13,1.50
2012.05.09 11:37:42.694,2.05375,2.05426,1.13,1.50
2012.05.09 11:37:43.896,2.05376,2.05426,1.13,1.50
2012.05.09 11:37:44.020,2.05372,2.05426,1.13,2.63
2012.05.09 11:37:47.701,2.05372,2.05425,1.88,1.50
2012.05.09 11:37:48.481,2.05372,2.05426,1.88,1.13
2012.05.09 11:37:49.620,2.05372,2.05424,2.25,1.13
2012.05.09 11:37:49.930,2.05384,2.05424,1.13,1.13
2012.05.09 11:37:50.111,2.05396,2.05443,1.13,1.27
2012.05.09 11:37:50.232,2.05396,2.05452,1.13,1.88
2012.05.09 11:37:51.753,2.05396,2.05452,1.13,1.13
2012.05.09 11:37:54.951,2.05396,2.05446,1.13,1.50
2012.05.09 11:37:55.192,2.05396,2.05451,1.13,1.50
2012.05.09 11:37:56.524,2.05396,2.05452,1.13,1.13
2012.05.09 11:38:00.681,2.05396,2.05446,1.13,1.50
2012.05.09 11:38:00.740,2.0539,2.05444,1.13,1.13
2012.05.09 11:38:04.045,2.05383,2.05437,1.13,1.13
2012.05.09 11:38:04.173,2.05385,2.05441,1.13,1.13
2012.05.09 11:38:04.503,2.05385,2.05437,1.13,1.50
2012.05.09 11:38:05.026,2.0538,2.05434,1.13,1.13
2012.05.09 11:38:07.217,2.05378,2.05432,1.13,1.13
2012.05.09 11:38:07.882,2.05372,2.05426,1.13,1.13
2012.05.09 11:38:08.191,2.05375,2.05431,1.13,1.13
2012.05.09 11:38:08.373,2.05378,2.05432,1.13,1.13
2012.05.09 11:38:10.915,2.05375,2.05431,1.13,1.13
2012.05.09 11:38:12.487,2.05378,2.05432,1.13,1.13
2012.05.09 11:38:13.755,2.05375,2.05431,1.13,1.13
2012.05.09 11:38:13.825,2.05371,2.05425,1.13,1.13
2012.05.09 11:38:15.752,2.05376,2.0543,1.13,1.13
2012.05.09 11:38:17.112,2.05377,2.05433,1.13,1.13
2012.05.09 11:38:18.004,2.0538,2.05434,1.13,1.13
2012.05.09 11:38:18.124,2.05389,2.05445,1.13,1.88
2012.05.09 11:38:18.253,2.05392,2.05447,1.13,3.00
2012.05.09 11:38:19.412,2.05391,2.05446,1.13,1.50
2012.05.09 11:38:20.594,2.05391,2.05441,1.13,1.50
2012.05.09 11:38:21.167,2.05391,2.05442,1.13,1.50
2012.05.09 11:38:21.295,2.05386,2.0544,1.13,1.13
2012.05.09 11:38:21.485,2.05386,2.05436,1.13,1.50
2012.05.09 11:38:21.615,2.0538,2.05434,1.13,1.13
2012.05.09 11:38:21.710,2.05378,2.05432,1.13,1.13
2012.05.09 11:38:23.172,2.0538,2.05434,1.13,1.13
2012.05.09 11:38:24.282,2.05379,2.05435,1.13,1.13
2012.05.09 11:38:24.353,2.05378,2.05437,1.50,1.13
2012.05.09 11:38:24.603,2.05386,2.05436,1.13,1.50
2012.05.09 11:38:24.791,2.0538,2.05434,1.13,1.13
2012.05.09 11:38:24.913,2.05386,2.05436,1.13,1.50
2012.05.09 11:38:25.254,2.0538,2.05434,1.13,1.13
2012.05.09 11:38:26.081,2.0538,2.0543,1.13,1.50
2012.05.09 11:38:27.862,2.05386,2.0543,1.13,1.50
2012.05.09 11:38:28.458,2.05386,2.05434,1.13,1.50
2012.05.09 11:38:28.523,2.05386,2.05437,1.13,1.50
2012.05.09 11:38:29.432,2.05379,2.05435,1.13,1.13
2012.05.09 11:38:30.022,2.05379,2.05431,1.13,1.50
2012.05.09 11:38:30.866,2.05375,2.05431,1.88,1.13
2012.05.09 11:38:31.147,2.05378,2.05432,1.13,1.13
2012.05.09 11:38:31.455,2.0538,2.05431,1.13,1.50
2012.05.09 11:38:32.272,2.0538,2.0543,1.13,1.50
2012.05.09 11:38:33.354,2.0538,2.05428,1.13,1.50
2012.05.09 11:38:33.545,2.05374,2.05424,1.13,1.50
2012.05.09 11:38:33.766,2.0538,2.05424,1.13,1.50
2012.05.09 11:38:34.095,2.05373,2.05424,1.13,1.50
2012.05.09 11:38:34.341,2.05379,2.05424,1.13,1.50
2012.05.09 11:38:35.561,2.05379,2.05431,1.13,1.50
2012.05.09 11:38:36.655,2.05375,2.05431,1.13,1.13
2012.05.09 11:38:37.635,2.05374,2.05428,1.88,1.13
2012.05.09 11:38:38.101,2.05393,2.05431,1.13,1.50
2012.05.09 11:38:38.254,2.05393,2.05435,1.13,1.50
2012.05.09 11:38:38.325,2.05393,2.05437,1.13,1.50
2012.05.09 11:38:39.942,2.05393,2.05436,1.13,1.50
2012.05.09 11:38:40.011,2.05393,2.05432,1.13,1.50
2012.05.09 11:38:41.851,2.05393,2.05436,1.13,1.50
2012.05.09 11:38:43.018,2.05393,2.05438,1.13,1.13
2012.05.09 11:38:43.083,2.05385,2.05428,1.50,1.13
2012.05.09 11:38:43.155,2.05386,2.05431,1.13,1.13
2012.05.09 11:38:45.626,2.05392,2.05439,1.13,1.13
2012.05.09 11:38:46.331,2.05398,2.05445,1.13,1.13
2012.05.09 11:38:46.766,2.05392,2.05439,1.13,1.13
2012.05.09 11:38:51.265,2.05385,2.05432,1.88,1.13
2012.05.09 11:38:53.203,2.05385,2.05432,1.13,1.13
2012.05.09 11:38:54.701,2.05389,2.05432,1.50,1.13
2012.05.09 11:38:54.823,2.05386,2.05432,1.50,1.13
2012.05.09 11:38:54.952,2.05393,2.05438,1.13,1.13
2012.05.09 11:38:57.911,2.05398,2.05445,1.13,1.13
2012.05.09 11:39:03.452,2.05398,2.05444,1.13,1.50
2012.05.09 11:39:03.512,2.05379,2.05435,2.63,1.13
2012.05.09 11:39:03.572,2.05379,2.05432,1.13,1.50
2012.05.09 11:39:03.942,2.05365,2.05431,2.25,1.13
2012.05.09 11:39:04.193,2.05379,2.05432,1.13,1.50
2012.05.09 11:39:04.463,2.05379,2.05435,1.13,1.13
2012.05.09 11:39:06.789,2.05379,2.05425,1.13,1.50
2012.05.09 11:39:06.855,2.05379,2.05432,1.13,1.50
2012.05.09 11:39:06.925,2.05379,2.05432,1.13,2.25
2012.05.09 11:39:07.115,2.05354,2.05408,1.88,1.13
2012.05.09 11:39:07.184,2.05354,2.05404,1.13,1.50
2012.05.09 11:39:07.533,2.05354,2.05408,1.13,1.13
2012.05.09 11:39:08.040,2.05354,2.05407,1.13,1.50
2012.05.09 11:39:08.102,2.05354,2.05404,1.13,1.50
2012.05.09 11:39:08.437,2.05346,2.05393,1.13,1.13
2012.05.09 11:39:09.014,2.05346,2.05392,1.13,1.50
2012.05.09 11:39:09.331,2.05328,2.05382,1.88,2.63
2012.05.09 11:39:09.657,2.05328,2.05382,1.13,3.38
2012.05.09 11:39:10.012,2.05319,2.05366,1.13,1.13
2012.05.09 11:39:10.281,2.05322,2.05366,1.50,1.13
2012.05.09 11:39:10.461,2.05319,2.05366,1.13,1.13
2012.05.09 11:39:12.973,2.05315,2.0536,1.88,1.13
2012.05.09 11:39:16.232,2.05319,2.0536,1.50,1.13
2012.05.09 11:39:16.650,2.05326,2.0536,1.50,1.13
2012.05.09 11:39:16.984,2.05321,2.0536,1.50,1.13
2012.05.09 11:39:17.930,2.0532,2.0536,1.50,1.13
2012.05.09 11:39:21.201,2.0532,2.0536,2.25,1.13
2012.05.09 11:39:21.264,2.05322,2.05378,1.88,1.13
2012.05.09 11:39:21.452,2.05332,2.05386,1.88,1.13
2012.05.09 11:39:22.431,2.05332,2.05388,1.88,1.13
2012.05.09 11:39:28.123,2.05331,2.05387,3.38,1.13
2012.05.09 11:39:28.590,2.05326,2.05378,2.25,1.13
2012.05.09 11:39:28.653,2.05326,2.05378,1.50,1.13
2012.05.09 11:39:29.218,2.05319,2.05377,1.88,1.13
2012.05.09 11:39:29.282,2.05332,2.05387,1.50,1.13
2012.05.09 11:39:30.211,2.05334,2.05388,1.88,1.13
2012.05.09 11:39:34.921,2.05326,2.05379,2.25,1.13
2012.05.09 11:39:35.243,2.05326,2.05375,2.25,1.13
2012.05.09 11:39:35.722,2.05334,2.05385,1.88,1.50
2012.05.09 11:39:35.791,2.05334,2.05388,1.88,1.13
2012.05.09 11:39:42.701,2.05334,2.05388,1.13,1.13
2012.05.09 11:39:43.031,2.05334,2.05386,1.13,1.50
2012.05.09 11:39:43.373,2.05327,2.05372,1.13,1.13
2012.05.09 11:39:43.502,2.05333,2.05386,1.13,1.50
2012.05.09 11:39:44.809,2.05333,2.05389,1.13,2.63
2012.05.09 11:39:46.151,2.05333,2.05386,1.13,1.50
2012.05.09 11:39:46.524,2.05327,2.05372,1.13,1.13
2012.05.09 11:39:48.302,2.05322,2.05367,1.88,1.13
2012.05.09 11:39:49.789,2.05319,2.05365,2.25,1.13
2012.05.09 11:39:50.533,2.05326,2.05365,1.50,1.13
2012.05.09 11:39:51.053,2.05322,2.05365,2.25,1.13
2012.05.09 11:39:55.181,2.05327,2.05365,1.50,1.13
2012.05.09 11:39:55.685,2.05329,2.05383,1.13,1.13
2012.05.09 11:39:56.829,2.05327,2.0538,1.50,1.13
2012.05.09 11:39:57.055,2.05328,2.05384,1.13,1.13
2012.05.09 11:39:57.906,2.05332,2.05384,1.50,1.13
2012.05.09 11:39:57.971,2.05329,2.05384,1.50,1.13
2012.05.09 11:39:58.914,2.05328,2.05384,1.88,1.13
2012.05.09 11:39:59.556,2.05326,2.0538,1.88,1.13
2012.05.09 11:39:59.662,2.05329,2.05383,1.88,1.13
2012.05.09 11:40:01.082,2.05333,2.05383,2.25,1.13
2012.05.09 11:40:01.155,2.05329,2.05381,2.25,1.13
2012.05.09 11:40:01.453,2.05332,2.05382,1.50,1.13
2012.05.09 11:40:01.581,2.05332,2.05375,1.50,1.13
2012.05.09 11:40:01.697,2.05327,2.05375,1.50,1.13
2012.05.09 11:40:01.770,2.05324,2.05375,2.25,1.13
2012.05.09 11:40:03.337,2.05329,2.05375,1.50,1.13
2012.05.09 11:40:03.879,2.05322,2.05376,3.38,1.13
2012.05.09 11:40:03.944,2.05322,2.05376,3.38,1.13
2012.05.09 11:40:05.083,2.05322,2.05376,3.38,1.13
2012.05.09 11:40:05.595,2.05322,2.05376,3.38,1.13
2012.05.09 11:40:05.959,2.05322,2.05374,2.25,1.13
2012.05.09 11:40:08.334,2.05322,2.05374,2.25,1.13
2012.05.09 11:40:08.471,2.05322,2.05376,3.38,1.13
2012.05.09 11:40:08.618,2.05322,2.05376,3.38,1.13
2012.05.09 11:40:11.714,2.05328,2.05376,1.50,1.13
2012.05.09 11:40:11.933,2.05323,2.05376,2.25,1.13
2012.05.09 11:40:13.932,2.05322,2.05376,1.13,1.13
2012.05.09 11:40:14.325,2.05321,2.05365,1.50,1.13
2012.05.09 11:40:14.394,2.0531,2.05365,2.25,1.13
2012.05.09 11:40:15.802,2.05315,2.05363,2.25,1.13
2012.05.09 11:40:16.332,2.05315,2.05363,2.25,1.13
2012.05.09 11:40:16.643,2.05328,2.05355,1.50,1.13
2012.05.09 11:40:17.182,2.05328,2.05357,1.50,1.13
2012.05.09 11:40:17.252,2.05328,2.05361,1.50,1.13
2012.05.09 11:40:17.311,2.05328,2.05358,1.50,1.13
2012.05.09 11:40:17.617,2.05328,2.0536,1.50,1.13
2012.05.09 11:40:18.609,2.05328,2.05359,1.50,1.13
2012.05.09 11:40:18.922,2.05328,2.05357,1.50,1.13
2012.05.09 11:40:19.124,2.05328,2.05361,1.50,1.13
2012.05.09 11:40:19.332,2.05321,2.05361,2.25,1.13
2012.05.09 11:40:19.396,2.05328,2.05361,1.50,1.13
2012.05.09 11:40:20.063,2.05334,2.05361,1.50,1.13
2012.05.09 11:40:20.138,2.05332,2.05384,1.50,1.13
2012.05.09 11:40:20.442,2.05332,2.05385,2.25,1.13
2012.05.09 11:40:20.752,2.05338,2.05386,1.50,1.13
2012.05.09 11:40:21.468,2.05338,2.05387,1.50,1.13
2012.05.09 11:40:22.866,2.05338,2.05386,1.50,1.13
2012.05.09 11:40:23.459,2.05338,2.05381,1.50,1.13
2012.05.09 11:40:23.996,2.05338,2.05385,1.50,1.13
2012.05.09 11:40:25.424,2.05338,2.0539,1.50,1.13
2012.05.09 11:40:25.741,2.05336,2.0539,1.88,1.13
2012.05.09 11:40:26.353,2.05335,2.05389,1.13,1.13
2012.05.09 11:40:26.423,2.05331,2.05385,1.50,1.13
2012.05.09 11:40:26.583,2.05329,2.05385,1.13,1.13
2012.05.09 11:40:26.651,2.05335,2.05389,1.13,2.63
2012.05.09 11:40:27.269,2.05333,2.05387,1.13,1.13
2012.05.09 11:40:29.246,2.05335,2.05389,1.13,1.13
2012.05.09 11:40:29.826,2.05336,2.0539,1.13,1.13
2012.05.09 11:40:30.500,2.05335,2.05389,1.13,1.13
2012.05.09 11:40:30.841,2.05335,2.05391,1.13,1.13
2012.05.09 11:40:31.743,2.05334,2.0539,1.13,1.13
2012.05.09 11:40:33.128,2.05335,2.05391,1.13,1.13
2012.05.09 11:40:34.422,2.0534,2.05396,1.13,1.13
2012.05.09 11:40:35.107,2.05339,2.05395,1.13,1.13
2012.05.09 11:40:35.509,2.0534,2.05391,1.13,1.50
2012.05.09 11:40:44.461,2.05325,2.05391,2.25,1.50
2012.05.09 11:40:45.125,2.0534,2.05391,1.13,1.50
2012.05.09 11:40:46.304,2.0534,2.05388,1.13,1.50
2012.05.09 11:40:46.783,2.05348,2.05394,1.13,1.50
2012.05.09 11:40:47.035,2.05341,2.0539,1.13,1.50
2012.05.09 11:40:47.222,2.05341,2.05384,1.13,1.50
2012.05.09 11:40:47.347,2.0533,2.05377,1.13,1.13
2012.05.09 11:40:47.475,2.05321,2.05375,1.88,1.13
2012.05.09 11:40:47.785,2.05316,2.05371,1.13,1.50
2012.05.09 11:40:48.313,2.05317,2.05371,1.13,1.50
2012.05.09 11:40:48.382,2.05317,2.05377,1.13,1.50
2012.05.09 11:40:52.432,2.0531,2.05374,1.13,1.13
2012.05.09 11:40:53.150,2.05315,2.05374,1.13,1.13
2012.05.09 11:40:53.367,2.0531,2.05374,1.13,1.13
2012.05.09 11:40:54.043,2.05311,2.05373,1.13,1.13
2012.05.09 11:40:55.324,2.05312,2.05375,1.13,1.13
2012.05.09 11:40:55.392,2.05312,2.05375,1.88,1.13
2012.05.09 11:40:56.113,2.05315,2.05374,1.88,1.13
2012.05.09 11:40:56.876,2.05312,2.05374,2.25,1.13
2012.05.09 11:41:00.662,2.0531,2.05374,1.88,1.13
2012.05.09 11:41:01.172,2.05322,2.05376,1.13,2.63
2012.05.09 11:41:01.815,2.05321,2.05375,1.13,1.13
2012.05.09 11:41:02.705,2.0531,2.05357,1.13,1.13
2012.05.09 11:41:03.013,2.05313,2.05355,1.13,1.50
2012.05.09 11:41:03.323,2.05318,2.05336,1.13,1.50
2012.05.09 11:41:03.393,2.053,2.05336,1.13,1.50
2012.05.09 11:41:03.892,2.05283,2.05324,1.13,1.13
2012.05.09 11:41:03.964,2.05298,2.05336,1.13,1.50
2012.05.09 11:41:06.631,2.05298,2.05336,1.88,1.50
2012.05.09 11:41:06.734,2.05298,2.05336,1.13,1.50
2012.05.09 11:41:07.943,2.05298,2.0534,1.13,1.50
2012.05.09 11:41:08.013,2.05298,2.05342,1.13,1.50
2012.05.09 11:41:09.620,2.05298,2.05342,1.88,1.50
2012.05.09 11:41:12.283,2.05298,2.05342,1.13,1.50
2012.05.09 11:41:12.724,2.05298,2.05345,1.13,1.13
2012.05.09 11:41:13.446,2.05298,2.0534,1.13,1.50
2012.05.09 11:41:13.513,2.05293,2.05338,1.88,1.13
2012.05.09 11:41:13.642,2.05293,2.05338,1.13,1.13
2012.05.09 11:41:13.702,2.05293,2.05338,1.88,1.13
2012.05.09 11:41:13.984,2.05299,2.05344,1.13,2.63
2012.05.09 11:41:15.566,2.05299,2.05344,1.88,1.13
2012.05.09 11:41:15.632,2.05299,2.05344,1.13,1.13
2012.05.09 11:41:26.604,2.05303,2.05348,1.13,1.13
2012.05.09 11:41:26.793,2.05305,2.05351,1.13,1.13
2012.05.09 11:41:27.428,2.05305,2.05346,1.88,1.50
2012.05.09 11:41:27.810,2.05305,2.05348,1.88,1.50
2012.05.09 11:41:27.930,2.05305,2.05343,1.88,1.50
2012.05.09 11:41:28.453,2.05299,2.05343,1.13,1.50
2012.05.09 11:41:29.408,2.05299,2.05344,1.13,1.13
2012.05.09 11:41:42.925,2.05303,2.05349,1.13,1.50
2012.05.09 11:41:44.109,2.05303,2.0535,1.13,1.13
2012.05.09 11:41:45.165,2.05303,2.05348,1.13,1.50
2012.05.09 11:41:45.575,2.05299,2.05344,1.13,1.13
2012.05.09 11:41:45.915,2.05299,2.05336,1.13,1.50
2012.05.09 11:41:46.043,2.05292,2.05336,1.13,1.50
2012.05.09 11:41:46.175,2.05292,2.05339,1.13,1.13
2012.05.09 11:41:46.362,2.05298,2.0534,1.13,1.50
2012.05.09 11:41:46.501,2.05298,2.05345,1.13,1.13
2012.05.09 11:41:49.242,2.05306,2.05348,1.13,1.50
2012.05.09 11:41:49.311,2.05306,2.05352,1.13,1.50
2012.05.09 11:41:49.500,2.05306,2.05349,1.13,1.50
2012.05.09 11:41:49.626,2.05298,2.05345,1.13,1.13
2012.05.09 11:41:53.022,2.05292,2.05339,1.13,1.13
2012.05.09 11:42:01.064,2.05292,2.05337,1.13,1.50
2012.05.09 11:42:01.194,2.05292,2.05339,1.13,1.13
2012.05.09 11:42:01.784,2.05299,2.05344,1.13,2.63
2012.05.09 11:42:03.813,2.053,2.05345,1.13,1.13
2012.05.09 11:42:04.752,2.05308,2.0535,1.13,1.50
2012.05.09 11:42:05.268,2.05308,2.05343,1.13,1.50
2012.05.09 11:42:05.392,2.05308,2.0535,1.13,1.50
2012.05.09 11:42:05.763,2.05304,2.05349,1.13,1.13
2012.05.09 11:42:05.833,2.05299,2.05344,1.13,1.13
2012.05.09 11:42:06.148,2.05294,2.05339,1.13,1.13
2012.05.09 11:42:06.503,2.05306,2.0535,1.13,2.63
2012.05.09 11:42:08.395,2.05287,2.05331,1.50,1.13
2012.05.09 11:42:08.705,2.05286,2.05331,1.88,1.13
2012.05.09 11:42:09.304,2.05286,2.05331,1.13,1.13
2012.05.09 11:42:10.043,2.05288,2.05337,1.13,1.50
2012.05.09 11:42:10.256,2.05273,2.05328,1.88,1.13
2012.05.09 11:42:10.725,2.0527,2.05332,3.38,1.13
2012.05.09 11:42:10.910,2.0527,2.05332,3.38,1.13
2012.05.09 11:42:11.130,2.0527,2.05332,3.38,1.13
2012.05.09 11:42:11.239,2.0527,2.05328,3.38,1.13
2012.05.09 11:42:11.665,2.0527,2.05323,2.25,1.13
2012.05.09 11:42:12.274,2.05277,2.05323,1.50,1.13
2012.05.09 11:42:14.117,2.05277,2.0533,1.50,1.13
2012.05.09 11:42:14.183,2.05276,2.0533,1.88,1.13
2012.05.09 11:42:14.453,2.05279,2.05335,1.88,1.13
2012.05.09 11:42:14.521,2.05287,2.05335,1.50,1.13
2012.05.09 11:42:14.762,2.0528,2.05334,1.50,1.13
2012.05.09 11:42:14.943,2.05275,2.05334,1.50,1.13
2012.05.09 11:42:15.014,2.05273,2.05334,1.50,1.13
2012.05.09 11:42:15.104,2.05273,2.05334,2.25,1.13
2012.05.09 11:42:15.432,2.05278,2.05334,2.25,1.13
2012.05.09 11:42:16.850,2.05278,2.05334,2.25,1.13
2012.05.09 11:42:17.493,2.0528,2.05324,1.50,1.13
2012.05.09 11:42:17.621,2.0528,2.05324,2.25,1.13
2012.05.09 11:42:17.823,2.05275,2.05333,2.25,1.13
2012.05.09 11:42:18.652,2.05288,2.0534,1.13,2.63
2012.05.09 11:42:18.953,2.05279,2.05334,2.25,1.13
2012.05.09 11:42:19.206,2.05287,2.05341,1.13,1.13
2012.05.09 11:42:19.274,2.05287,2.05341,1.88,1.13
2012.05.09 11:42:19.584,2.05284,2.05326,2.25,1.13
2012.05.09 11:42:19.654,2.05284,2.05338,2.25,1.13
2012.05.09 11:42:19.729,2.05284,2.05338,2.25,1.13
2012.05.09 11:42:20.089,2.05293,2.05331,2.25,1.13
2012.05.09 11:42:20.433,2.05294,2.05325,1.50,1.13
2012.05.09 11:42:21.653,2.05289,2.05337,2.25,1.13
2012.05.09 11:42:21.983,2.05289,2.05334,2.25,1.13
2012.05.09 11:42:22.943,2.05295,2.05334,1.50,1.13
2012.05.09 11:42:23.093,2.05295,2.05338,1.50,1.13
2012.05.09 11:42:23.542,2.05302,2.05341,1.50,1.13
2012.05.09 11:42:24.337,2.05302,2.0534,1.50,1.13
2012.05.09 11:42:26.642,2.05302,2.05347,1.50,1.13
2012.05.09 11:42:26.769,2.05302,2.05339,1.50,1.13
2012.05.09 11:42:27.074,2.05303,2.05336,1.50,1.13
2012.05.09 11:42:27.408,2.05307,2.05336,1.50,1.13
2012.05.09 11:42:29.009,2.05302,2.05336,1.50,1.13
2012.05.09 11:42:29.233,2.05295,2.05336,2.25,1.13
2012.05.09 11:42:30.044,2.05295,2.05335,2.25,1.13
2012.05.09 11:42:31.074,2.05295,2.05336,2.25,1.13
2012.05.09 11:42:31.721,2.05295,2.05331,1.50,1.13
2012.05.09 11:42:31.784,2.05278,2.05331,2.25,1.13
2012.05.09 11:42:32.342,2.05288,2.05328,1.50,1.13
2012.05.09 11:42:32.654,2.05293,2.05317,1.50,1.13
2012.05.09 11:42:32.727,2.05293,2.05337,1.50,1.13
2012.05.09 11:42:33.015,2.05293,2.05345,1.50,1.13
2012.05.09 11:42:33.085,2.05293,2.05345,2.25,1.13
2012.05.09 11:42:33.568,2.05299,2.05345,1.50,1.13
2012.05.09 11:42:34.438,2.05299,2.05338,1.50,1.13
2012.05.09 11:42:36.127,2.05296,2.05338,1.50,1.13
2012.05.09 11:42:36.193,2.05294,2.05338,1.50,1.13
2012.05.09 11:42:38.145,2.05294,2.05338,2.25,1.13
2012.05.09 11:42:38.215,2.05294,2.05338,1.50,1.13
2012.05.09 11:42:38.813,2.05294,2.05345,1.50,1.13
2012.05.09 11:42:38.886,2.05299,2.05351,1.50,1.13
2012.05.09 11:42:38.951,2.05306,2.05351,1.50,1.13
2012.05.09 11:42:39.114,2.053,2.05351,1.50,1.13
2012.05.09 11:42:42.773,2.05295,2.05351,1.13,1.13
2012.05.09 11:42:42.841,2.05292,2.05331,1.50,1.13
2012.05.09 11:42:43.181,2.05281,2.05331,2.25,1.13
2012.05.09 11:42:43.395,2.05293,2.05338,1.88,1.13
2012.05.09 11:42:43.972,2.05294,2.05341,1.88,1.13
2012.05.09 11:42:44.692,2.05297,2.05342,1.13,1.13
2012.05.09 11:42:48.678,2.05294,2.05341,1.13,1.13
2012.05.09 11:42:51.353,2.05293,2.0534,1.13,1.13
2012.05.09 11:42:53.516,2.05295,2.0534,1.13,1.13
2012.05.09 11:42:54.141,2.05294,2.05339,1.88,1.13
2012.05.09 11:42:54.378,2.05294,2.05339,1.13,1.13
2012.05.09 11:42:54.514,2.05285,2.05342,2.63,1.13
2012.05.09 11:42:54.591,2.05286,2.05342,1.13,1.13
2012.05.09 11:42:54.992,2.05292,2.05336,1.88,1.13
2012.05.09 11:42:56.411,2.05292,2.05336,1.13,1.13
2012.05.09 11:42:56.569,2.05292,2.05336,1.88,1.13
2012.05.09 11:42:56.633,2.05279,2.05343,3.75,1.13
2012.05.09 11:42:56.703,2.05279,2.05331,2.63,1.13
2012.05.09 11:42:56.906,2.05293,2.0534,1.88,1.13
2012.05.09 11:42:57.033,2.05292,2.05336,1.88,1.13
2012.05.09 11:42:57.183,2.05294,2.05339,1.88,1.13
2012.05.09 11:42:57.503,2.05294,2.05339,1.13,1.13
2012.05.09 11:42:57.572,2.05291,2.05337,1.13,1.13
2012.05.09 11:42:57.811,2.05279,2.05332,2.25,1.13
2012.05.09 11:42:59.106,2.05272,2.05324,1.50,1.13
2012.05.09 11:42:59.756,2.05276,2.05324,1.50,1.13
2012.05.09 11:43:09.738,2.05273,2.05324,1.50,1.13
2012.05.09 11:43:09.801,2.05268,2.05324,2.63,1.13
2012.05.09 11:43:11.833,2.05268,2.05317,1.50,1.13
2012.05.09 11:43:12.808,2.05269,2.05323,1.13,1.13
2012.05.09 11:43:15.031,2.05275,2.05323,1.50,1.13
2012.05.09 11:43:17.893,2.05275,2.05316,1.50,1.13
2012.05.09 11:43:20.492,2.05275,2.0531,2.25,1.13
2012.05.09 11:43:20.565,2.05267,2.05312,2.25,1.13
2012.05.09 11:43:20.747,2.05267,2.05316,2.25,1.13
2012.05.09 11:43:21.410,2.05268,2.05318,2.25,1.13
2012.05.09 11:43:21.576,2.05268,2.05318,1.50,1.13
2012.05.09 11:43:21.645,2.05274,2.0532,1.50,1.13
2012.05.09 11:43:21.817,2.05274,2.05325,1.50,1.13
2012.05.09 11:43:22.064,2.05274,2.05313,2.25,1.13
2012.05.09 11:43:22.872,2.05274,2.05314,2.25,1.13
2012.05.09 11:43:23.484,2.05274,2.05311,2.25,1.13
2012.05.09 11:43:23.906,2.05274,2.05313,1.50,1.13
2012.05.09 11:43:24.617,2.05274,2.05312,1.50,1.13
2012.05.09 11:43:24.688,2.05274,2.05319,1.50,1.13
2012.05.09 11:43:24.927,2.05274,2.05325,1.50,1.13
2012.05.09 11:43:25.035,2.05274,2.05323,1.50,1.13
2012.05.09 11:43:25.677,2.05274,2.05318,1.50,1.13
2012.05.09 11:43:25.912,2.05274,2.0532,1.50,1.13
2012.05.09 11:43:26.024,2.05274,2.05318,1.50,1.13
2012.05.09 11:43:26.685,2.05274,2.05325,1.50,1.13
2012.05.09 11:43:26.793,2.05274,2.05321,1.50,1.13
2012.05.09 11:43:27.230,2.05274,2.05325,1.50,1.13
2012.05.09 11:43:27.760,2.05274,2.05325,2.25,1.13
2012.05.09 11:43:31.304,2.05276,2.05325,1.50,1.13
2012.05.09 11:43:31.375,2.0528,2.05325,1.50,1.13
2012.05.09 11:43:31.720,2.0528,2.05328,2.25,1.13
2012.05.09 11:43:31.842,2.0528,2.05325,1.50,1.13
2012.05.09 11:43:33.843,2.05274,2.05325,1.50,1.13
2012.05.09 11:43:33.916,2.05274,2.05325,2.25,1.13
2012.05.09 11:43:34.149,2.05274,2.05328,2.25,1.13
2012.05.09 11:43:34.213,2.05281,2.05328,1.50,1.13
2012.05.09 11:43:34.423,2.05281,2.05333,2.25,1.13
2012.05.09 11:43:34.635,2.05289,2.05333,1.50,1.13
2012.05.09 11:43:38.703,2.05285,2.05333,3.75,1.13
2012.05.09 11:43:38.894,2.05291,2.05347,1.13,1.35
2012.05.09 11:43:39.516,2.05291,2.05347,2.63,1.13
2012.05.09 11:43:48.198,2.05293,2.05347,1.50,1.13
2012.05.09 11:43:48.546,2.05297,2.05347,1.50,1.13
2012.05.09 11:43:48.613,2.05298,2.05352,1.13,1.13
2012.05.09 11:43:54.549,2.05303,2.05352,1.50,1.13
2012.05.09 11:43:55.276,2.05303,2.05352,2.25,1.13
2012.05.09 11:43:55.440,2.05303,2.05352,1.50,1.13
2012.05.09 11:43:57.753,2.05298,2.05352,2.63,1.13
2012.05.09 11:43:57.822,2.05298,2.0535,1.50,1.13
2012.05.09 11:43:58.277,2.05293,2.0535,1.50,1.13
2012.05.09 11:43:58.342,2.05289,2.0535,1.50,1.13
2012.05.09 11:43:58.827,2.05295,2.0535,1.50,1.13
2012.05.09 11:43:59.972,2.0529,2.0535,1.50,1.13
2012.05.09 11:44:01.643,2.0529,2.0535,2.25,1.13
2012.05.09 11:44:01.975,2.0529,2.0534,2.25,1.13
2012.05.09 11:44:04.236,2.05297,2.0534,1.50,1.13
2012.05.09 11:44:05.954,2.05297,2.05327,1.50,1.13
2012.05.09 11:44:06.205,2.05288,2.05327,2.25,1.13
2012.05.09 11:44:06.272,2.05288,2.05327,1.50,1.13
2012.05.09 11:44:06.333,2.05304,2.05327,1.50,1.13
2012.05.09 11:44:06.405,2.05304,2.05353,2.25,1.13
2012.05.09 11:44:06.536,2.05323,2.05353,1.50,1.13
2012.05.09 11:44:06.665,2.05323,2.05361,1.50,1.13
2012.05.09 11:44:06.854,2.05329,2.05372,1.50,1.05
2012.05.09 11:44:07.274,2.05329,2.0538,1.50,1.13
2012.05.09 11:44:07.343,2.05329,2.05377,1.50,1.13
2012.05.09 11:44:07.818,2.05325,2.05377,1.50,1.13
2012.05.09 11:44:07.883,2.05323,2.05377,1.50,1.13
2012.05.09 11:44:08.117,2.05323,2.05373,1.50,1.13
2012.05.09 11:44:08.675,2.0533,2.05373,1.50,1.13
2012.05.09 11:44:09.023,2.0533,2.05369,1.50,1.13
2012.05.09 11:44:09.459,2.0533,2.05362,1.50,1.13
2012.05.09 11:44:09.585,2.05322,2.05364,1.50,1.13
2012.05.09 11:44:09.723,2.05324,2.05364,1.50,1.13
2012.05.09 11:44:09.802,2.05324,2.05367,1.50,1.13
2012.05.09 11:44:09.864,2.05328,2.05367,1.50,1.13
2012.05.09 11:44:12.866,2.05328,2.05362,1.50,1.13
2012.05.09 11:44:13.002,2.05322,2.05362,1.50,1.13
2012.05.09 11:44:13.079,2.05322,2.05366,1.50,1.13
2012.05.09 11:44:14.331,2.05322,2.05373,1.50,1.13
2012.05.09 11:44:15.596,2.05322,2.05371,1.50,1.13
2012.05.09 11:44:16.842,2.05316,2.05371,1.50,1.13
2012.05.09 11:44:17.222,2.05318,2.05371,1.50,1.13
2012.05.09 11:44:17.860,2.05321,2.05371,1.50,1.13
2012.05.09 11:44:18.634,2.05328,2.05373,1.50,1.13
2012.05.09 11:44:18.703,2.05328,2.05379,1.50,1.13
2012.05.09 11:44:19.943,2.05328,2.05389,1.50,1.13
2012.05.09 11:44:20.015,2.05334,2.05389,1.50,1.13
2012.05.09 11:44:20.209,2.05329,2.05387,1.50,1.13
2012.05.09 11:44:20.271,2.05329,2.05379,1.50,1.13
2012.05.09 11:44:21.425,2.05329,2.05373,1.50,1.13
2012.05.09 11:44:21.735,2.05329,2.05367,1.50,1.13
2012.05.09 11:44:22.761,2.05329,2.05372,1.50,1.13
2012.05.09 11:44:23.043,2.05324,2.05372,1.50,1.13
2012.05.09 11:44:23.112,2.05322,2.05372,1.50,1.13
2012.05.09 11:44:23.307,2.05322,2.05367,1.50,1.13
2012.05.09 11:44:26.498,2.05322,2.05366,1.50,1.13
2012.05.09 11:44:28.033,2.05322,2.05367,1.50,1.13
2012.05.09 11:44:28.472,2.05322,2.05376,1.50,1.13
2012.05.09 11:44:28.536,2.05329,2.0538,1.50,1.13
2012.05.09 11:44:28.844,2.05333,2.0538,1.88,1.13
2012.05.09 11:44:29.034,2.05343,2.05399,1.13,1.13
2012.05.09 11:44:29.164,2.05334,2.0538,2.25,1.13
2012.05.09 11:44:29.473,2.05341,2.0538,1.50,1.13
2012.05.09 11:44:29.544,2.05336,2.0538,2.25,1.13
2012.05.09 11:44:29.812,2.05329,2.05373,1.50,1.13
2012.05.09 11:44:30.821,2.05328,2.05373,1.13,1.13
2012.05.09 11:44:31.262,2.05324,2.05371,1.88,1.13
2012.05.09 11:44:31.562,2.05328,2.05373,1.13,1.13
2012.05.09 11:44:31.923,2.05319,2.0537,2.25,1.13
2012.05.09 11:44:33.012,2.05328,2.05373,1.13,1.13
2012.05.09 11:44:33.377,2.05328,2.05373,1.88,1.13
2012.05.09 11:44:38.377,2.0533,2.05373,2.25,1.13
2012.05.09 11:44:38.623,2.05337,2.05393,1.13,1.13
2012.05.09 11:44:41.016,2.05337,2.05393,1.88,1.13
2012.05.09 11:44:41.082,2.05337,2.05393,1.13,1.13
2012.05.09 11:44:41.217,2.05336,2.05389,1.50,1.13
2012.05.09 11:44:41.524,2.0534,2.05389,1.50,1.13
2012.05.09 11:44:41.713,2.05343,2.05393,1.13,1.13
2012.05.09 11:44:41.877,2.05347,2.05393,1.50,1.13
2012.05.09 11:44:42.003,2.05343,2.05393,2.63,1.13
2012.05.09 11:44:42.571,2.05345,2.05387,1.50,1.13
2012.05.09 11:44:43.186,2.0535,2.05387,1.50,1.13
2012.05.09 11:44:43.433,2.05357,2.05405,1.50,1.13
2012.05.09 11:44:43.736,2.05364,2.05405,1.50,1.13
2012.05.09 11:44:44.293,2.0536,2.05405,1.50,1.13
2012.05.09 11:44:44.364,2.05358,2.05405,1.50,1.13
2012.05.09 11:44:46.609,2.05358,2.05399,1.50,1.13
2012.05.09 11:44:46.673,2.05358,2.05402,1.50,1.13
2012.05.09 11:44:46.742,2.05352,2.05402,1.50,1.13
2012.05.09 11:44:48.784,2.05348,2.05402,1.50,1.13
2012.05.09 11:44:48.854,2.05344,2.05392,1.50,1.13
2012.05.09 11:44:48.988,2.0534,2.05392,1.50,1.13
2012.05.09 11:44:49.053,2.05338,2.05392,1.13,1.13
2012.05.09 11:44:49.592,2.05337,2.05391,2.63,1.13
2012.05.09 11:44:49.853,2.05343,2.05391,1.50,1.13
2012.05.09 11:44:49.923,2.05343,2.05393,1.50,1.13
2012.05.09 11:44:50.296,2.05347,2.05401,1.13,1.13
2012.05.09 11:44:50.370,2.05348,2.05395,1.50,1.13
2012.05.09 11:44:50.674,2.05348,2.05391,1.50,1.13
2012.05.09 11:44:50.924,2.05348,2.05399,1.50,1.13
2012.05.09 11:44:51.198,2.0535,2.05404,1.13,1.13
2012.05.09 11:44:51.433,2.05354,2.05404,1.50,1.13
2012.05.09 11:44:51.916,2.0535,2.05404,2.63,1.13
2012.05.09 11:44:52.005,2.0535,2.05395,1.50,1.13
2012.05.09 11:44:52.074,2.05347,2.05395,1.50,1.13
2012.05.09 11:44:52.263,2.05347,2.054,1.50,1.13
2012.05.09 11:44:52.394,2.05347,2.05394,1.50,1.13
2012.05.09 11:44:53.262,2.05339,2.05394,2.63,1.13
2012.05.09 11:44:54.204,2.05339,2.05391,1.50,1.13
2012.05.09 11:44:56.818,2.05339,2.05391,2.25,1.13
2012.05.09 11:44:57.353,2.05339,2.05392,2.25,1.13
2012.05.09 11:44:57.807,2.05339,2.05392,1.50,1.13
2012.05.09 11:44:58.905,2.05346,2.05392,1.50,1.13
2012.05.09 11:44:58.974,2.05346,2.05403,1.50,1.13
2012.05.09 11:44:59.236,2.0535,2.05406,1.13,1.13
2012.05.09 11:44:59.794,2.05353,2.05406,1.50,1.13
2012.05.09 11:45:00.605,2.0535,2.05406,1.13,1.13
2012.05.09 11:45:00.733,2.05346,2.05404,1.50,1.13
2012.05.09 11:45:00.863,2.05346,2.05402,1.50,1.13
2012.05.09 11:45:01.174,2.05346,2.054,1.50,1.13
2012.05.09 11:45:01.490,2.05346,2.05395,1.50,1.13
2012.05.09 11:45:02.013,2.05346,2.05399,1.50,1.13
2012.05.09 11:45:02.082,2.0534,2.05399,1.13,1.13
2012.05.09 11:45:02.238,2.05339,2.05401,2.63,1.13
2012.05.09 11:45:03.336,2.0534,2.05402,1.13,1.13
2012.05.09 11:45:05.288,2.05339,2.05398,1.50,1.13
2012.05.09 11:45:05.625,2.05339,2.05394,2.63,1.13
2012.05.09 11:45:06.192,2.0534,2.054,1.13,1.13
2012.05.09 11:45:06.520,2.05339,2.05403,2.63,1.13
2012.05.09 11:45:09.192,2.05339,2.05401,2.63,1.13
2012.05.09 11:45:09.794,2.0534,2.05402,1.13,1.13
2012.05.09 11:45:10.318,2.0534,2.054,1.13,1.13
2012.05.09 11:45:10.632,2.0535,2.05404,1.13,1.13
2012.05.09 11:45:11.193,2.05349,2.05403,1.13,1.13
2012.05.09 11:45:11.524,2.05352,2.05401,1.50,1.13
2012.05.09 11:45:11.962,2.05347,2.05401,1.50,1.13
2012.05.09 11:45:12.291,2.05352,2.05401,1.50,1.13
2012.05.09 11:45:12.685,2.05352,2.05404,1.50,1.13
2012.05.09 11:45:12.753,2.05348,2.05404,2.63,1.13
2012.05.09 11:45:12.824,2.0535,2.05406,1.13,1.13
2012.05.09 11:45:13.346,2.05351,2.05405,1.13,1.13
2012.05.09 11:45:13.963,2.0535,2.05404,1.13,1.13
2012.05.09 11:45:14.443,2.0535,2.05406,1.13,1.13
2012.05.09 11:45:14.551,2.0535,2.05404,1.13,1.13
2012.05.09 11:45:15.142,2.05353,2.05404,1.50,1.13
2012.05.09 11:45:15.732,2.0535,2.05404,1.13,1.13
2012.05.09 11:45:17.575,2.05351,2.05405,1.13,1.13
2012.05.09 11:45:20.262,2.05341,2.05386,2.63,1.13
2012.05.09 11:45:20.381,2.05351,2.05405,1.13,1.13
2012.05.09 11:45:20.802,2.0534,2.05387,2.63,1.13
2012.05.09 11:45:21.163,2.0535,2.05406,1.13,2.63
2012.05.09 11:45:21.233,2.05341,2.05387,1.50,1.13
2012.05.09 11:45:21.361,2.0535,2.05406,1.13,2.63
2012.05.09 11:45:21.733,2.05341,2.05386,2.63,1.13
2012.05.09 11:45:28.835,2.05343,2.05396,1.13,1.13
2012.05.09 11:45:30.204,2.05354,2.05399,1.13,1.13
2012.05.09 11:45:30.276,2.05357,2.05405,1.13,1.50
2012.05.09 11:45:30.343,2.0535,2.05405,1.13,1.50
2012.05.09 11:45:32.138,2.05348,2.05402,1.13,1.13
2012.05.09 11:45:32.323,2.05341,2.05399,1.50,1.13
2012.05.09 11:45:32.393,2.05341,2.05402,1.50,1.13
2012.05.09 11:45:32.525,2.05345,2.05402,1.50,1.13
2012.05.09 11:45:32.986,2.05351,2.05404,1.13,2.25
2012.05.09 11:45:34.226,2.05347,2.05401,1.13,1.13
2012.05.09 11:45:34.563,2.05347,2.05398,1.13,1.50
2012.05.09 11:45:34.882,2.05347,2.05401,1.13,1.13
2012.05.09 11:45:38.235,2.05351,2.05405,1.13,1.13
2012.05.09 11:45:38.703,2.05356,2.05406,1.13,1.50
2012.05.09 11:45:38.773,2.05356,2.05412,1.13,1.13
2012.05.09 11:45:45.453,2.05356,2.05408,1.13,1.50
2012.05.09 11:45:45.652,2.05347,2.05401,1.13,1.13
2012.05.09 11:45:45.713,2.0535,2.05401,1.50,1.13
2012.05.09 11:45:45.782,2.05351,2.05405,1.13,1.13
2012.05.09 11:45:52.903,2.05349,2.05402,2.25,1.13
2012.05.09 11:45:53.253,2.0536,2.05405,1.13,1.13
2012.05.09 11:45:53.382,2.05364,2.05418,1.13,1.13
2012.05.09 11:45:54.242,2.05367,2.05418,1.50,1.13
2012.05.09 11:45:54.763,2.0538,2.05425,1.13,1.13
2012.05.09 11:45:57.383,2.05386,2.05425,1.50,1.13
2012.05.09 11:45:57.884,2.05386,2.05424,1.50,1.13
2012.05.09 11:45:58.065,2.05387,2.05443,1.13,1.13
2012.05.09 11:45:58.192,2.05386,2.0544,2.63,1.13
2012.05.09 11:45:58.712,2.05391,2.0544,1.50,1.13
2012.05.09 11:45:58.775,2.05391,2.05443,1.50,1.13
2012.05.09 11:45:59.094,2.05393,2.05449,1.13,1.13
2012.05.09 11:46:00.445,2.054,2.05449,1.50,1.13
2012.05.09 11:46:00.694,2.05392,2.05448,3.38,1.13
2012.05.09 11:46:00.764,2.05398,2.05452,1.13,1.50
2012.05.09 11:46:00.835,2.05388,2.05435,1.13,1.13
2012.05.09 11:46:01.024,2.05376,2.05429,2.25,1.13
2012.05.09 11:46:01.154,2.05377,2.05431,1.13,1.13
2012.05.09 11:46:03.565,2.05376,2.05429,1.50,1.13
2012.05.09 11:46:04.102,2.05373,2.05429,1.13,1.13
2012.05.09 11:46:04.167,2.05376,2.05432,1.13,1.13
2012.05.09 11:46:04.673,2.05377,2.05432,1.50,1.13
2012.05.09 11:46:06.474,2.05376,2.05432,1.88,1.13
2012.05.09 11:46:08.495,2.05374,2.05428,1.88,1.13
2012.05.09 11:46:12.155,2.05375,2.05428,1.50,1.13
2012.05.09 11:46:12.501,2.0537,2.05422,1.50,1.13
2012.05.09 11:46:13.424,2.05368,2.05422,1.13,1.13
2012.05.09 11:46:13.494,2.05363,2.05408,1.13,1.50
2012.05.09 11:46:13.807,2.05363,2.0541,1.13,1.13
2012.05.09 11:46:13.874,2.05354,2.05402,1.50,1.13
2012.05.09 11:46:13.945,2.05348,2.05402,1.13,1.13
2012.05.09 11:46:14.133,2.05347,2.05398,1.50,1.13
2012.05.09 11:46:14.443,2.05355,2.05398,1.50,1.13
2012.05.09 11:46:14.513,2.05349,2.05403,1.50,1.13
2012.05.09 11:46:15.416,2.05351,2.05403,1.50,1.13
2012.05.09 11:46:15.861,2.05355,2.05403,1.50,1.13
2012.05.09 11:46:16.244,2.05351,2.05403,1.50,1.13
2012.05.09 11:46:16.637,2.05349,2.05403,1.50,1.13
2012.05.09 11:46:16.706,2.05349,2.054,2.25,1.13
2012.05.09 11:46:16.835,2.05361,2.05408,1.13,1.13
2012.05.09 11:46:16.904,2.05355,2.054,2.25,1.13
2012.05.09 11:46:17.033,2.05355,2.05403,2.25,1.13
2012.05.09 11:46:17.225,2.05349,2.05403,1.50,1.13
2012.05.09 11:46:24.467,2.05347,2.05403,1.13,1.13
2012.05.09 11:46:24.868,2.0535,2.05398,1.50,1.13
2012.05.09 11:46:24.939,2.0535,2.05403,1.50,1.13
2012.05.09 11:46:25.097,2.05347,2.05403,1.13,1.13
2012.05.09 11:46:25.252,2.05354,2.05408,1.13,1.13
2012.05.09 11:46:25.576,2.05346,2.05389,2.25,1.13
2012.05.09 11:46:25.704,2.05352,2.05401,1.88,1.13
2012.05.09 11:46:27.901,2.05361,2.05406,1.88,1.13
2012.05.09 11:46:28.442,2.0536,2.05405,1.88,1.13
2012.05.09 11:46:28.774,2.05361,2.05408,1.88,1.13
2012.05.09 11:46:29.597,2.05361,2.05408,1.13,1.13
2012.05.09 11:46:29.993,2.05363,2.0541,1.13,1.13
2012.05.09 11:46:30.552,2.05363,2.05411,1.13,1.13
2012.05.09 11:46:32.807,2.05361,2.05408,2.63,1.13
2012.05.09 11:46:35.015,2.05365,2.05416,1.13,1.13
2012.05.09 11:46:35.544,2.05364,2.05416,1.88,1.13
2012.05.09 11:46:35.673,2.05364,2.05416,1.13,1.13
2012.05.09 11:46:35.741,2.05363,2.0541,1.13,1.13
2012.05.09 11:46:37.322,2.05361,2.05406,1.13,1.13
2012.05.09 11:46:38.234,2.05364,2.05409,1.13,1.13
2012.05.09 11:46:39.212,2.05364,2.05409,1.88,1.13
2012.05.09 11:46:39.455,2.05368,2.05422,1.50,1.13
2012.05.09 11:46:39.583,2.05366,2.05422,1.13,1.13
2012.05.09 11:46:39.712,2.05371,2.05422,1.50,1.13
2012.05.09 11:46:41.012,2.05366,2.05422,1.13,1.13
2012.05.09 11:46:43.335,2.05373,2.05427,1.13,1.13
2012.05.09 11:46:44.177,2.05373,2.05427,3.38,1.13
2012.05.09 11:46:44.304,2.05373,2.05427,2.63,1.13
2012.05.09 11:46:44.522,2.05374,2.05433,1.13,1.13
2012.05.09 11:46:44.705,2.05379,2.05433,1.50,1.13
2012.05.09 11:46:44.901,2.05379,2.05435,1.50,1.88
2012.05.09 11:46:46.569,2.05375,2.05435,1.13,1.13
2012.05.09 11:46:51.622,2.05375,2.05435,1.50,1.13
2012.05.09 11:46:51.752,2.05384,2.05439,1.13,1.50
2012.05.09 11:46:52.301,2.05384,2.0544,1.13,1.13
2012.05.09 11:46:58.865,2.05379,2.05435,1.50,1.13
2012.05.09 11:46:59.423,2.05376,2.05435,1.50,1.13
2012.05.09 11:46:59.551,2.05374,2.05435,1.13,1.13
2012.05.09 11:46:59.922,2.05379,2.05435,1.50,1.13
2012.05.09 11:47:00.545,2.05383,2.05439,1.13,1.13
2012.05.09 11:47:01.197,2.05385,2.05441,1.13,1.13
2012.05.09 11:47:01.745,2.05385,2.05438,1.13,1.50
2012.05.09 11:47:02.064,2.05385,2.05441,1.13,1.13
2012.05.09 11:47:08.232,2.05385,2.05428,1.13,1.50
2012.05.09 11:47:08.484,2.05385,2.05434,1.13,1.50
2012.05.09 11:47:08.671,2.05376,2.05421,1.13,1.13
2012.05.09 11:47:15.343,2.05375,2.05422,1.13,1.13
2012.05.09 11:47:15.674,2.05375,2.0542,1.13,1.50
2012.05.09 11:47:15.924,2.05362,2.05409,1.13,1.13
2012.05.09 11:47:16.904,2.05366,2.05413,1.13,1.13
2012.05.09 11:47:17.253,2.05362,2.05409,1.13,1.13
2012.05.09 11:47:20.902,2.05362,2.05401,1.50,1.13
2012.05.09 11:47:21.023,2.05357,2.05401,1.13,1.13
2012.05.09 11:47:30.894,2.05347,2.05389,1.50,1.13
2012.05.09 11:47:30.963,2.05342,2.05389,1.13,1.13
2012.05.09 11:47:31.032,2.0534,2.05376,1.50,1.13
2012.05.09 11:47:35.734,2.05335,2.05376,1.50,1.13
2012.05.09 11:47:36.370,2.05334,2.05376,1.50,1.13
2012.05.09 11:47:40.144,2.05337,2.05382,1.13,1.13
2012.05.09 11:47:40.224,2.05341,2.05382,1.50,1.13
2012.05.09 11:47:41.318,2.05342,2.05389,1.13,1.13
2012.05.09 11:47:45.863,2.0533,2.05375,3.38,1.13
2012.05.09 11:47:45.927,2.0533,2.05375,1.13,1.13
2012.05.09 11:47:46.053,2.05326,2.05363,2.25,1.13
2012.05.09 11:47:53.463,2.05325,2.05361,2.25,1.13
2012.05.09 11:47:53.975,2.05316,2.05361,3.38,1.13
2012.05.09 11:47:54.043,2.05316,2.05361,1.88,1.13
2012.05.09 11:47:54.115,2.0531,2.05354,2.25,1.13
2012.05.09 11:47:54.691,2.05317,2.05354,2.25,1.13
2012.05.09 11:47:55.244,2.05317,2.05355,2.25,1.13
2012.05.09 11:47:55.553,2.05317,2.05355,2.25,1.13
2012.05.09 11:47:55.623,2.05322,2.05367,1.88,1.13
2012.05.09 11:47:57.718,2.05325,2.05369,2.25,1.13
2012.05.09 11:47:57.985,2.05325,2.05369,2.25,1.13
2012.05.09 11:47:58.354,2.05317,2.05354,2.25,1.13
2012.05.09 11:47:58.665,2.05311,2.05354,2.25,1.13
2012.05.09 11:47:58.734,2.05311,2.05353,2.25,1.13
2012.05.09 11:47:59.529,2.05323,2.05365,1.50,1.13
2012.05.09 11:47:59.892,2.05323,2.05362,1.50,1.13
2012.05.09 11:47:59.953,2.0532,2.05362,1.50,1.13
2012.05.09 11:48:00.012,2.0532,2.05365,2.63,1.13
2012.05.09 11:48:00.673,2.0532,2.05365,1.88,1.13
2012.05.09 11:48:00.915,2.05323,2.05368,2.25,1.13
2012.05.09 11:48:01.103,2.05329,2.05376,1.13,1.13
2012.05.09 11:48:01.234,2.05332,2.05379,1.13,1.13
2012.05.09 11:48:02.744,2.0534,2.05394,1.13,1.13
2012.05.09 11:48:03.225,2.05336,2.05385,1.50,1.13
2012.05.09 11:48:03.766,2.05336,2.05387,1.50,1.13
2012.05.09 11:48:04.325,2.05347,2.05388,1.50,1.13
2012.05.09 11:48:04.634,2.0535,2.05395,1.13,1.13
2012.05.09 11:48:05.795,2.05353,2.05395,1.50,1.13
2012.05.09 11:48:06.142,2.05357,2.05395,1.50,1.13
2012.05.09 11:48:06.412,2.0536,2.05414,1.13,1.13
2012.05.09 11:48:06.592,2.05357,2.05396,1.50,1.13
2012.05.09 11:48:06.712,2.05353,2.05396,1.50,1.13
2012.05.09 11:48:07.189,2.05357,2.05396,1.50,1.13
2012.05.09 11:48:07.794,2.05364,2.05396,1.50,1.13
2012.05.09 11:48:08.042,2.05357,2.05396,1.50,1.13
2012.05.09 11:48:08.263,2.05349,2.05396,2.63,1.13
2012.05.09 11:48:08.573,2.05344,2.05389,1.50,1.13
2012.05.09 11:48:08.765,2.05341,2.05389,1.50,1.13
2012.05.09 11:48:08.833,2.05338,2.05389,1.50,1.13
2012.05.09 11:48:09.944,2.0534,2.05389,1.50,1.13
2012.05.09 11:48:10.878,2.05344,2.05389,1.50,1.13
2012.05.09 11:48:11.597,2.05344,2.05385,1.50,1.13
2012.05.09 11:48:12.407,2.05344,2.05383,1.50,1.13
2012.05.09 11:48:12.595,2.05336,2.05383,1.50,1.13
2012.05.09 11:48:13.194,2.05341,2.05383,1.50,1.13
2012.05.09 11:48:13.635,2.05344,2.05383,1.50,1.13
2012.05.09 11:48:13.962,2.05351,2.05383,1.50,1.13
2012.05.09 11:48:15.702,2.05347,2.05383,1.50,1.13
2012.05.09 11:48:15.823,2.05343,2.05383,1.50,1.13
2012.05.09 11:48:21.355,2.05343,2.05381,1.50,1.13
2012.05.09 11:48:21.775,2.05327,2.05375,1.50,1.13
2012.05.09 11:48:21.884,2.05329,2.05375,1.50,1.13
2012.05.09 11:48:22.584,2.05332,2.05375,1.50,1.13
2012.05.09 11:48:22.825,2.05327,2.05375,1.50,1.13
2012.05.09 11:48:22.928,2.05331,2.05375,1.50,1.13
2012.05.09 11:48:23.373,2.05331,2.05375,2.25,1.13
2012.05.09 11:48:23.563,2.05331,2.05381,2.25,1.13
2012.05.09 11:48:23.744,2.05337,2.05386,1.50,1.13
2012.05.09 11:48:24.641,2.05341,2.05386,1.50,1.13
2012.05.09 11:48:24.995,2.05349,2.05386,1.50,1.13
2012.05.09 11:48:25.123,2.05353,2.05396,1.50,1.13
2012.05.09 11:48:25.194,2.05353,2.054,1.50,1.13
2012.05.09 11:48:25.263,2.05348,2.054,1.50,1.35
2012.05.09 11:48:25.454,2.05356,2.05404,1.50,1.35
2012.05.09 11:48:26.085,2.05356,2.05401,1.50,1.13
2012.05.09 11:48:26.719,2.05356,2.054,1.50,1.13
2012.05.09 11:48:28.135,2.05356,2.05398,1.50,1.13
2012.05.09 11:48:28.811,2.05356,2.054,1.50,1.13
2012.05.09 11:48:29.403,2.05356,2.05401,1.50,1.13
2012.05.09 11:48:30.651,2.05352,2.05401,1.50,1.13
2012.05.09 11:48:30.711,2.0535,2.05401,1.50,1.13
2012.05.09 11:48:34.573,2.0535,2.05403,1.50,1.13
2012.05.09 11:48:37.008,2.0535,2.05398,1.50,1.13
2012.05.09 11:48:37.278,2.05345,2.05398,1.50,1.13
2012.05.09 11:48:37.402,2.05343,2.05397,2.63,1.13
2012.05.09 11:48:37.887,2.05349,2.05397,1.50,1.13
2012.05.09 11:48:38.148,2.05346,2.05397,1.50,1.13
2012.05.09 11:48:38.212,2.05343,2.05397,2.63,1.13
2012.05.09 11:48:39.101,2.05345,2.05397,1.50,1.13
2012.05.09 11:48:39.414,2.05352,2.05406,1.13,1.13
2012.05.09 11:48:39.543,2.05346,2.05391,1.13,1.13
2012.05.09 11:48:40.193,2.05348,2.05393,1.13,1.13
2012.05.09 11:48:40.383,2.05346,2.05393,1.13,1.13
2012.05.09 11:48:41.003,2.05345,2.05392,1.13,1.13
2012.05.09 11:48:41.797,2.05342,2.05386,1.50,1.13
2012.05.09 11:48:42.104,2.05342,2.05385,2.25,1.13
2012.05.09 11:48:42.455,2.05342,2.0538,2.25,1.13
2012.05.09 11:48:42.524,2.05346,2.05401,1.13,1.50
2012.05.09 11:48:42.783,2.05352,2.05408,1.13,1.13
2012.05.09 11:48:42.904,2.05346,2.05402,1.13,1.13
2012.05.09 11:48:46.093,2.05341,2.05395,1.50,1.13
2012.05.09 11:48:47.356,2.05346,2.05395,1.50,1.13
2012.05.09 11:48:49.411,2.05346,2.05402,2.63,1.13
2012.05.09 11:48:53.498,2.05346,2.05395,1.50,1.13
2012.05.09 11:48:53.896,2.05349,2.05405,1.13,1.13
2012.05.09 11:48:54.055,2.05351,2.05405,1.50,1.13
2012.05.09 11:48:54.383,2.05351,2.05402,1.50,1.13
2012.05.09 11:48:54.793,2.05346,2.05402,1.88,1.13
2012.05.09 11:48:55.296,2.05346,2.05402,2.25,1.13
2012.05.09 11:48:55.722,2.05362,2.05409,1.13,1.13
2012.05.09 11:48:56.904,2.05363,2.05409,1.50,1.13
2012.05.09 11:48:57.453,2.05362,2.05409,1.13,1.13
2012.05.09 11:48:57.893,2.05362,2.05404,1.50,1.13
2012.05.09 11:48:57.961,2.05362,2.05407,2.63,1.13
2012.05.09 11:48:58.070,2.05362,2.05396,1.50,1.13
2012.05.09 11:48:59.021,2.05362,2.05394,1.50,1.13
2012.05.09 11:48:59.084,2.05362,2.05396,1.50,1.13
2012.05.09 11:48:59.153,2.05362,2.05399,1.50,1.13
2012.05.09 11:48:59.652,2.05357,2.05399,1.50,1.13
2012.05.09 11:49:00.064,2.05362,2.05409,1.13,1.13
2012.05.09 11:49:00.363,2.05362,2.05407,1.13,1.13
2012.05.09 11:49:00.713,2.05358,2.05403,2.63,1.13
2012.05.09 11:49:01.244,2.05356,2.05402,1.13,1.13
2012.05.09 11:49:02.341,2.05354,2.05401,1.13,1.13
2012.05.09 11:49:02.578,2.05356,2.05402,1.13,1.13
2012.05.09 11:49:03.436,2.05355,2.054,1.13,1.13
2012.05.09 11:49:04.335,2.05355,2.054,1.88,1.13
2012.05.09 11:49:04.667,2.05349,2.0539,1.50,1.13
2012.05.09 11:49:04.733,2.05344,2.0539,1.50,1.13
2012.05.09 11:49:05.277,2.05344,2.0539,2.25,1.13
2012.05.09 11:49:05.438,2.05342,2.05388,1.13,1.13
2012.05.09 11:49:05.843,2.05344,2.05389,1.13,1.13
2012.05.09 11:49:06.412,2.05344,2.05389,1.88,1.13
2012.05.09 11:49:06.540,2.05348,2.05395,1.13,1.13
2012.05.09 11:49:06.660,2.0535,2.05395,1.13,1.13
2012.05.09 11:49:06.981,2.05345,2.0539,1.13,1.13
2012.05.09 11:49:07.307,2.0535,2.05395,1.13,1.13
2012.05.09 11:49:08.892,2.05344,2.05389,1.13,1.13
2012.05.09 11:49:09.212,2.05343,2.05387,1.13,1.13
2012.05.09 11:49:09.341,2.05343,2.0539,1.13,1.13
2012.05.09 11:49:09.840,2.05341,2.05386,1.13,1.13
2012.05.09 11:49:11.014,2.05344,2.05389,1.13,1.13
2012.05.09 11:49:11.145,2.05347,2.05394,1.13,1.13
2012.05.09 11:49:11.493,2.05341,2.05386,1.13,1.13
2012.05.09 11:49:11.975,2.05348,2.05393,1.13,1.13
2012.05.09 11:49:12.562,2.05349,2.05394,1.13,1.13
2012.05.09 11:49:12.662,2.05347,2.05394,1.13,1.13
2012.05.09 11:49:13.094,2.05349,2.05394,1.13,1.13
2012.05.09 11:49:13.783,2.05337,2.05382,1.50,1.13
2012.05.09 11:49:13.905,2.05345,2.05392,1.13,1.13
2012.05.09 11:49:14.146,2.05349,2.05394,1.13,1.13
2012.05.09 11:49:15.140,2.05348,2.05393,1.13,1.13
2012.05.09 11:49:15.392,2.05348,2.05395,1.13,1.13
2012.05.09 11:49:15.462,2.05346,2.05391,1.13,1.13
2012.05.09 11:49:15.793,2.05336,2.05389,2.25,1.13
2012.05.09 11:49:16.101,2.0533,2.0537,1.50,1.13
2012.05.09 11:49:16.161,2.05325,2.0537,1.50,1.13
2012.05.09 11:49:16.461,2.0532,2.05364,2.25,1.13
2012.05.09 11:49:16.762,2.05326,2.05369,1.50,1.13
2012.05.09 11:49:16.893,2.05326,2.05369,2.25,1.13
2012.05.09 11:49:16.962,2.05326,2.05369,1.50,1.13
2012.05.09 11:49:17.031,2.05333,2.05387,1.13,1.13
2012.05.09 11:49:17.223,2.05335,2.05387,1.50,1.13
2012.05.09 11:49:18.183,2.05335,2.05385,1.50,1.13
2012.05.09 11:49:18.859,2.05335,2.05388,1.50,1.13
2012.05.09 11:49:20.126,2.05335,2.05389,1.50,1.13
2012.05.09 11:49:21.058,2.05335,2.05388,1.50,1.13
2012.05.09 11:49:21.506,2.05332,2.05388,1.13,1.13
2012.05.09 11:49:22.030,2.05328,2.05382,1.50,1.13
2012.05.09 11:49:22.095,2.05326,2.05382,1.13,1.13
2012.05.09 11:49:23.192,2.05325,2.05381,1.13,1.13
2012.05.09 11:49:23.399,2.05326,2.0538,1.88,1.50
2012.05.09 11:49:23.549,2.05326,2.0538,1.13,2.63
2012.05.09 11:49:23.614,2.05315,2.0537,2.25,1.13
2012.05.09 11:49:23.861,2.05315,2.05367,1.50,1.13
2012.05.09 11:49:23.921,2.05315,2.0537,1.50,1.13
2012.05.09 11:49:24.134,2.0532,2.05374,1.88,1.13
2012.05.09 11:49:24.203,2.0532,2.05374,1.13,1.13
2012.05.09 11:49:24.840,2.05321,2.05375,1.13,1.13
2012.05.09 11:49:24.910,2.05315,2.0537,2.25,1.13
2012.05.09 11:49:25.215,2.05317,2.05367,2.63,1.13
2012.05.09 11:49:25.284,2.05331,2.05376,1.13,1.13
2012.05.09 11:49:25.473,2.05321,2.05372,2.25,1.13
2012.05.09 11:49:25.834,2.05321,2.05373,1.50,1.13
2012.05.09 11:49:25.923,2.05321,2.05373,2.25,1.13
2012.05.09 11:49:26.231,2.05321,2.05369,2.25,1.13
2012.05.09 11:49:27.128,2.05321,2.05369,1.50,1.13
2012.05.09 11:49:27.517,2.05321,2.05369,2.25,1.13
2012.05.09 11:49:27.832,2.0532,2.05368,1.50,1.13
2012.05.09 11:49:27.904,2.05317,2.05368,1.13,1.13
2012.05.09 11:49:28.252,2.05329,2.05376,3.38,1.13
2012.05.09 11:49:28.383,2.05329,2.05376,1.13,1.13
2012.05.09 11:49:28.527,2.05326,2.05372,1.50,1.13
2012.05.09 11:49:28.651,2.05326,2.05376,1.50,1.13
2012.05.09 11:49:29.951,2.05326,2.05375,1.50,1.13
2012.05.09 11:49:30.478,2.05321,2.05375,2.25,1.13
2012.05.09 11:49:30.694,2.05321,2.05375,2.25,1.13
2012.05.09 11:49:30.951,2.05335,2.05382,1.88,1.13
2012.05.09 11:49:31.746,2.05335,2.05382,1.13,1.13
2012.05.09 11:49:33.472,2.05324,2.05374,2.25,1.13
2012.05.09 11:49:33.911,2.05326,2.0538,1.13,1.13
2012.05.09 11:49:33.973,2.05326,2.0538,1.88,1.13
2012.05.09 11:49:34.415,2.05331,2.0538,1.50,1.13
2012.05.09 11:49:34.802,2.05327,2.05375,1.50,1.13
2012.05.09 11:49:35.006,2.05327,2.0538,1.50,1.13
2012.05.09 11:49:35.130,2.05331,2.0538,1.50,1.13
2012.05.09 11:49:36.353,2.05331,2.0538,2.25,1.13
2012.05.09 11:49:36.484,2.05337,2.05393,1.13,1.13
2012.05.09 11:49:37.581,2.05338,2.05394,1.13,1.13
2012.05.09 11:49:37.702,2.05337,2.05381,1.50,1.13
2012.05.09 11:49:37.944,2.05337,2.05388,1.50,1.13
2012.05.09 11:49:39.349,2.0534,2.05394,1.88,1.13
2012.05.09 11:49:39.683,2.0534,2.05394,1.13,1.13
2012.05.09 11:49:39.756,2.05344,2.05394,1.50,1.13
2012.05.09 11:49:40.223,2.05349,2.05394,1.13,1.13
2012.05.09 11:49:40.294,2.05352,2.05399,1.13,1.13
2012.05.09 11:49:40.362,2.05349,2.05394,1.13,1.13
2012.05.09 11:49:41.328,2.05344,2.05388,1.50,1.13
2012.05.09 11:49:41.393,2.05337,2.05388,1.50,1.13
2012.05.09 11:49:45.480,2.05337,2.05384,1.50,1.13
2012.05.09 11:49:47.899,2.05337,2.05387,1.50,1.13
2012.05.09 11:49:47.962,2.05333,2.05387,1.13,1.13
2012.05.09 11:49:48.563,2.05333,2.05387,1.88,1.13
2012.05.09 11:49:48.780,2.05333,2.05387,1.13,1.13
2012.05.09 11:49:49.330,2.05333,2.05387,1.88,1.13
2012.05.09 11:49:49.483,2.05332,2.05385,1.50,1.13
2012.05.09 11:49:49.824,2.05337,2.05385,1.50,1.13
2012.05.09 11:49:50.502,2.05332,2.05385,1.50,1.13
2012.05.09 11:49:51.118,2.05336,2.05385,1.50,1.13
2012.05.09 11:49:51.243,2.05336,2.05388,1.50,1.13
2012.05.09 11:49:51.313,2.05341,2.05388,1.50,1.13
2012.05.09 11:49:51.721,2.05336,2.05388,1.50,1.13
2012.05.09 11:50:01.016,2.05332,2.05388,1.13,1.13
2012.05.09 11:50:02.291,2.05335,2.05388,1.50,1.13
2012.05.09 11:50:02.412,2.05335,2.0539,1.50,1.13
2012.05.09 11:50:02.521,2.05335,2.05387,1.50,1.13
2012.05.09 11:50:04.718,2.05335,2.05385,1.50,1.13
2012.05.09 11:50:05.064,2.05335,2.05381,2.25,1.13
2012.05.09 11:50:05.134,2.05342,2.05388,1.13,1.13
2012.05.09 11:50:05.261,2.05345,2.05388,1.50,1.13
2012.05.09 11:50:06.811,2.05348,2.05388,1.50,1.13
2012.05.09 11:50:07.474,2.05346,2.05388,1.50,1.13
2012.05.09 11:50:12.034,2.05352,2.05388,1.50,1.13
2012.05.09 11:50:12.585,2.05348,2.05388,1.50,1.13
2012.05.09 11:50:12.653,2.05345,2.05388,1.50,1.13
2012.05.09 11:50:13.024,2.05345,2.05381,1.50,1.13
2012.05.09 11:50:13.242,2.05341,2.0538,1.50,1.13
2012.05.09 11:50:13.612,2.05334,2.0538,1.50,1.13
2012.05.09 11:50:14.003,2.0534,2.0538,1.50,1.13
2012.05.09 11:50:15.123,2.0534,2.05381,1.50,1.13
2012.05.09 11:50:15.833,2.0534,2.05379,1.50,1.13
2012.05.09 11:50:16.142,2.05334,2.05379,1.50,1.13
2012.05.09 11:50:16.202,2.05327,2.05379,1.50,1.13
2012.05.09 11:50:16.532,2.05324,2.05373,2.25,1.13
2012.05.09 11:50:16.896,2.05319,2.05373,1.50,1.13
2012.05.09 11:50:17.083,2.05319,2.05375,2.63,1.13
2012.05.09 11:50:17.213,2.05319,2.05355,1.50,1.13
2012.05.09 11:50:17.283,2.05314,2.05355,1.50,1.13
2012.05.09 11:50:17.412,2.05319,2.05355,1.50,1.13
2012.05.09 11:50:17.485,2.05314,2.05356,1.50,1.13
2012.05.09 11:50:17.673,2.05314,2.05356,2.25,1.13
2012.05.09 11:50:17.742,2.05315,2.05362,1.88,1.13
2012.05.09 11:50:18.116,2.05319,2.05362,1.50,1.13
2012.05.09 11:50:18.183,2.05323,2.05368,1.13,1.13
2012.05.09 11:50:18.311,2.05323,2.05368,1.88,1.13
2012.05.09 11:50:18.487,2.05323,2.05368,1.13,1.13
2012.05.09 11:50:30.400,2.05323,2.05368,1.88,1.13
2012.05.09 11:50:30.832,2.05328,2.05375,1.13,1.13
2012.05.09 11:50:33.483,2.05336,2.0538,1.13,1.13
2012.05.09 11:50:33.792,2.0534,2.0538,1.50,1.13
2012.05.09 11:50:34.205,2.0535,2.05394,1.13,1.13
2012.05.09 11:50:35.093,2.05351,2.05396,1.13,1.13
2012.05.09 11:50:37.810,2.0535,2.05394,1.13,1.13
2012.05.09 11:50:39.700,2.0535,2.05396,1.13,1.50
2012.05.09 11:50:39.920,2.0535,2.05394,1.13,1.13
2012.05.09 11:50:40.243,2.05351,2.05396,1.13,2.63
2012.05.09 11:50:40.359,2.05349,2.05395,1.13,1.13
2012.05.09 11:50:40.910,2.0535,2.05394,1.13,1.13
2012.05.09 11:50:41.260,2.05351,2.05396,1.13,1.13
2012.05.09 11:50:41.811,2.0535,2.05397,1.13,1.13
2012.05.09 11:50:47.412,2.05338,2.05383,1.13,1.13
2012.05.09 11:50:47.777,2.05325,2.05369,1.13,1.13
2012.05.09 11:50:48.170,2.05319,2.05363,1.50,1.13
2012.05.09 11:50:48.621,2.05309,2.05363,2.25,1.13
2012.05.09 11:50:49.211,2.0531,2.05364,1.88,1.13
2012.05.09 11:50:49.272,2.05309,2.05345,1.50,1.13
2012.05.09 11:50:49.403,2.05309,2.05365,3.38,1.13
2012.05.09 11:50:51.754,2.05316,2.05365,1.13,1.13
2012.05.09 11:50:51.941,2.05315,2.05368,1.13,1.13
2012.05.09 11:50:52.063,2.0533,2.05373,1.13,1.50
2012.05.09 11:50:53.752,2.0533,2.05375,1.13,1.13
2012.05.09 11:50:56.082,2.05314,2.05367,2.25,1.13
2012.05.09 11:50:56.151,2.05314,2.05367,1.50,1.13
2012.05.09 11:50:58.239,2.05313,2.05367,1.13,1.13
2012.05.09 11:51:00.371,2.05313,2.05367,3.38,1.13
2012.05.09 11:51:00.432,2.05323,2.0538,1.13,1.50
2012.05.09 11:51:00.654,2.05316,2.0537,1.13,1.13
2012.05.09 11:51:00.781,2.05319,2.05375,1.13,1.13
2012.05.09 11:51:07.782,2.05326,2.05378,1.13,1.50
2012.05.09 11:51:08.243,2.05326,2.0538,1.13,1.13
2012.05.09 11:51:11.701,2.05327,2.0538,1.50,1.13
2012.05.09 11:51:12.069,2.05331,2.0538,1.50,1.13
2012.05.09 11:51:12.468,2.05331,2.0538,2.25,1.13
2012.05.09 11:51:12.533,2.05327,2.0538,1.50,1.13
2012.05.09 11:51:13.882,2.05327,2.05379,1.50,1.13
2012.05.09 11:51:16.107,2.05327,2.05361,1.50,1.13
2012.05.09 11:51:16.177,2.05317,2.05361,1.50,1.13
2012.05.09 11:51:16.244,2.05314,2.05361,1.13,1.13
2012.05.09 11:51:16.444,2.05305,2.05354,1.50,1.13
2012.05.09 11:51:17.282,2.05302,2.05354,2.25,1.13
2012.05.09 11:51:17.802,2.05302,2.05354,1.50,1.13
2012.05.09 11:51:18.751,2.05298,2.05354,1.13,1.13
2012.05.09 11:51:20.570,2.05299,2.05354,1.50,1.13
2012.05.09 11:51:20.632,2.05302,2.05354,1.50,1.13
2012.05.09 11:51:20.950,2.05298,2.05354,1.13,1.13
2012.05.09 11:51:21.883,2.05298,2.05354,1.50,1.13
2012.05.09 11:51:22.232,2.05314,2.05361,1.13,1.13
2012.05.09 11:51:29.895,2.05314,2.05361,1.88,1.13
2012.05.09 11:51:29.962,2.05327,2.05366,1.13,2.25
2012.05.09 11:51:30.125,2.05325,2.0537,1.13,2.25
2012.05.09 11:51:30.194,2.05312,2.05366,1.88,1.13
2012.05.09 11:51:30.484,2.0531,2.05366,1.13,1.13
2012.05.09 11:51:31.025,2.0531,2.05362,1.13,1.50
2012.05.09 11:51:32.215,2.0531,2.05366,1.13,1.13
2012.05.09 11:51:32.815,2.0531,2.05365,1.13,1.50
2012.05.09 11:51:34.573,2.0531,2.05366,1.13,1.13
2012.05.09 11:51:34.642,2.05311,2.05354,1.50,1.13
2012.05.09 11:51:35.025,2.05315,2.05354,1.50,1.13
2012.05.09 11:51:35.355,2.05319,2.05354,1.50,1.13
2012.05.09 11:51:35.422,2.05311,2.05354,1.50,1.13
2012.05.09 11:51:37.561,2.05311,2.05361,1.50,1.13
2012.05.09 11:51:37.702,2.05316,2.05361,1.50,1.13
2012.05.09 11:51:38.052,2.05316,2.05354,1.50,1.13
2012.05.09 11:51:38.246,2.05316,2.05362,1.50,1.13
2012.05.09 11:51:38.435,2.05311,2.05354,1.50,1.13
2012.05.09 11:51:38.744,2.05307,2.05348,1.88,1.13
2012.05.09 11:51:38.814,2.05309,2.05355,1.50,1.13
2012.05.09 11:51:38.921,2.05309,2.05355,2.25,1.13
2012.05.09 11:51:41.025,2.05307,2.05349,1.50,1.13
2012.05.09 11:51:41.781,2.05307,2.05349,2.25,1.13
2012.05.09 11:51:41.955,2.05307,2.05349,1.50,1.13
2012.05.09 11:51:42.023,2.05307,2.05349,2.25,1.13
2012.05.09 11:51:42.880,2.05307,2.05349,1.50,1.13
2012.05.09 11:51:45.821,2.05309,2.05349,1.50,1.13
2012.05.09 11:51:46.149,2.05313,2.05349,1.50,1.13
2012.05.09 11:51:46.210,2.05307,2.05349,1.50,1.13
2012.05.09 11:51:47.026,2.05314,2.05349,1.50,1.13
2012.05.09 11:51:47.532,2.05307,2.05349,1.50,1.13
2012.05.09 11:51:47.604,2.0531,2.05349,2.63,1.13
2012.05.09 11:51:47.863,2.0531,2.05356,2.63,1.13
2012.05.09 11:51:51.086,2.05317,2.05356,1.50,1.13
2012.05.09 11:51:51.152,2.05317,2.05358,1.50,1.13
2012.05.09 11:51:51.477,2.05317,2.05355,1.50,1.13
2012.05.09 11:51:53.109,2.05317,2.05355,2.25,1.13
2012.05.09 11:51:53.232,2.05317,2.05361,3.38,1.13
2012.05.09 11:51:54.901,2.05322,2.05369,2.25,1.13
2012.05.09 11:51:56.975,2.05323,2.05361,2.25,1.13
2012.05.09 11:51:57.642,2.05328,2.05375,1.13,1.13
2012.05.09 11:51:57.883,2.05329,2.05375,1.13,1.13
2012.05.09 11:51:59.824,2.05323,2.05369,2.25,1.13
2012.05.09 11:52:07.143,2.05323,2.05369,1.50,1.13
2012.05.09 11:52:09.742,2.05317,2.05362,1.50,1.13
2012.05.09 11:52:10.055,2.05319,2.05362,1.50,1.13
2012.05.09 11:52:10.366,2.05319,2.05367,2.25,1.13
2012.05.09 11:52:13.814,2.05325,2.05367,1.50,1.13
2012.05.09 11:52:13.953,2.05325,2.05371,1.50,1.13
2012.05.09 11:52:14.143,2.05318,2.05367,2.25,1.13
2012.05.09 11:52:15.017,2.05324,2.0537,2.25,1.13
2012.05.09 11:52:15.224,2.05324,2.05367,2.25,1.13
2012.05.09 11:52:15.741,2.05319,2.05367,2.25,1.13
2012.05.09 11:52:15.803,2.05319,2.05367,2.25,1.13
2012.05.09 11:52:15.933,2.05321,2.05367,1.13,1.13
2012.05.09 11:52:16.003,2.05323,2.05377,2.25,1.13
2012.05.09 11:52:16.074,2.05323,2.05377,2.25,1.13
2012.05.09 11:52:16.144,2.05323,2.05377,1.50,1.13
2012.05.09 11:52:16.214,2.05325,2.05379,1.13,1.13
2012.05.09 11:52:16.860,2.0531,2.05354,1.88,1.13
2012.05.09 11:52:17.203,2.053,2.05322,1.05,1.13
2012.05.09 11:52:17.439,2.05278,2.05322,1.50,1.13
2012.05.09 11:52:18.519,2.05278,2.05316,1.50,1.13
2012.05.09 11:52:18.644,2.05273,2.0532,1.50,1.13
2012.05.09 11:52:18.713,2.05273,2.0532,2.25,1.13
2012.05.09 11:52:18.843,2.0528,2.05327,3.38,1.13
2012.05.09 11:52:18.915,2.05283,2.05328,1.88,1.13
2012.05.09 11:52:19.432,2.05285,2.05328,2.25,1.13
2012.05.09 11:52:19.491,2.05285,2.05328,2.25,1.13
2012.05.09 11:52:21.077,2.05293,2.05328,1.50,1.13
2012.05.09 11:52:21.283,2.05293,2.05328,2.25,1.13
2012.05.09 11:52:21.395,2.05293,2.05328,2.25,1.13
2012.05.09 11:52:22.464,2.05285,2.05326,2.25,1.13
2012.05.09 11:52:22.685,2.05285,2.05329,2.25,1.13
2012.05.09 11:52:23.987,2.05299,2.05329,2.25,1.13
2012.05.09 11:52:24.349,2.05309,2.05348,1.50,1.13
2012.05.09 11:52:24.473,2.05303,2.05348,1.50,1.13
2012.05.09 11:52:24.543,2.05313,2.05348,1.50,1.13
2012.05.09 11:52:24.967,2.05313,2.05342,1.50,1.13
2012.05.09 11:52:25.172,2.05309,2.05342,1.50,1.13
2012.05.09 11:52:25.303,2.05313,2.05342,1.50,1.13
2012.05.09 11:52:26.331,2.05307,2.05342,1.50,1.13
2012.05.09 11:52:27.052,2.05314,2.05342,1.50,1.13
2012.05.09 11:52:27.353,2.05323,2.0534,1.50,1.13
2012.05.09 11:52:27.439,2.05323,2.05349,1.50,1.13
2012.05.09 11:52:27.572,2.05326,2.05349,1.50,1.13
2012.05.09 11:52:27.812,2.05331,2.05362,1.50,1.13
2012.05.09 11:52:27.886,2.05322,2.05362,1.50,1.13
2012.05.09 11:52:28.334,2.05317,2.05342,1.50,1.13
2012.05.09 11:52:30.726,2.05323,2.05342,1.50,1.13
2012.05.09 11:52:30.973,2.05325,2.05362,1.50,1.13
2012.05.09 11:52:31.470,2.05314,2.05359,1.50,1.13
2012.05.09 11:52:31.533,2.05322,2.05359,1.50,1.13
2012.05.09 11:52:31.776,2.05322,2.05368,1.50,1.13
2012.05.09 11:52:35.931,2.05322,2.05368,2.25,1.13
2012.05.09 11:52:36.443,2.05324,2.05368,1.50,1.13
2012.05.09 11:52:36.512,2.05328,2.05368,1.50,1.13
2012.05.09 11:52:37.063,2.05322,2.05368,1.50,1.13
2012.05.09 11:52:37.132,2.05322,2.05368,2.25,1.13
2012.05.09 11:52:37.202,2.05322,2.05373,2.25,1.13
2012.05.09 11:52:37.412,2.05322,2.05368,2.25,1.13
2012.05.09 11:52:37.483,2.05322,2.05368,1.50,1.13
2012.05.09 11:52:37.673,2.05315,2.05349,1.50,1.13
2012.05.09 11:52:38.726,2.05319,2.05349,1.50,1.13
2012.05.09 11:52:41.743,2.05319,2.05362,1.50,1.13
2012.05.09 11:52:41.933,2.05311,2.05362,1.50,1.13
2012.05.09 11:52:42.060,2.05311,2.05342,1.50,1.13
2012.05.09 11:52:42.606,2.05311,2.05343,1.50,1.13
2012.05.09 11:52:43.701,2.05311,2.05339,1.50,1.13
2012.05.09 11:52:44.353,2.05305,2.05339,2.25,1.13
2012.05.09 11:52:44.752,2.0531,2.05339,1.50,1.13
2012.05.09 11:52:44.936,2.0531,2.05359,1.50,1.13
2012.05.09 11:52:45.064,2.0531,2.05349,1.50,1.13
2012.05.09 11:52:45.457,2.0531,2.05356,1.50,1.13
2012.05.09 11:52:45.995,2.0531,2.05358,1.50,1.13
2012.05.09 11:52:46.276,2.05317,2.05358,1.50,1.13
2012.05.09 11:52:47.654,2.05311,2.05358,1.50,1.13
2012.05.09 11:52:48.276,2.05313,2.05358,1.50,1.13
2012.05.09 11:52:49.253,2.05317,2.05358,1.50,1.13
2012.05.09 11:52:49.843,2.05323,2.05358,1.50,1.13
2012.05.09 11:52:49.914,2.05323,2.05366,1.50,1.13
2012.05.09 11:52:50.043,2.05329,2.05366,1.50,1.13
2012.05.09 11:52:52.518,2.05316,2.05361,1.50,1.13
2012.05.09 11:52:52.663,2.05323,2.05361,1.50,1.13
2012.05.09 11:52:57.396,2.05318,2.05361,1.50,1.13
2012.05.09 11:52:58.432,2.05317,2.05361,1.50,1.13
2012.05.09 11:52:59.058,2.05322,2.05361,1.50,1.13
2012.05.09 11:52:59.432,2.05316,2.05361,2.25,1.13
2012.05.09 11:53:00.694,2.05303,2.05343,2.25,1.13
2012.05.09 11:53:00.763,2.05303,2.05343,2.25,1.13
2012.05.09 11:53:00.833,2.05303,2.05335,2.25,1.13
2012.05.09 11:53:01.221,2.05303,2.05345,1.50,1.13
2012.05.09 11:53:01.289,2.05294,2.05345,2.25,1.13
2012.05.09 11:53:01.353,2.053,2.05345,1.50,1.13
2012.05.09 11:53:01.482,2.05295,2.05345,2.25,1.13
2012.05.09 11:53:01.773,2.05297,2.05344,1.50,1.13
2012.05.09 11:53:02.099,2.05302,2.05344,1.50,1.13
2012.05.09 11:53:03.302,2.05297,2.05344,1.50,1.13
2012.05.09 11:53:03.376,2.05294,2.05344,2.25,1.13
2012.05.09 11:53:08.173,2.05288,2.05326,1.50,1.13
2012.05.09 11:53:08.874,2.05282,2.05326,1.50,1.13
2012.05.09 11:53:09.227,2.05282,2.05326,2.25,1.13
2012.05.09 11:53:09.293,2.05282,2.05326,1.50,1.13
2012.05.09 11:53:11.147,2.05282,2.05317,1.50,1.13
2012.05.09 11:53:11.464,2.0527,2.05296,1.50,1.13
2012.05.09 11:53:11.653,2.05262,2.05291,1.50,1.13
2012.05.09 11:53:12.381,2.05258,2.05291,1.50,1.13
2012.05.09 11:53:12.724,2.05253,2.05291,1.50,1.13
2012.05.09 11:53:13.244,2.05255,2.05291,1.50,1.13
2012.05.09 11:53:14.022,2.0526,2.05291,1.50,1.13
2012.05.09 11:53:14.153,2.05254,2.05291,1.50,1.13
2012.05.09 11:53:14.773,2.05257,2.05291,1.50,1.13
2012.05.09 11:53:15.085,2.0526,2.05297,2.25,1.13
2012.05.09 11:53:15.153,2.0526,2.05297,1.50,1.13
2012.05.09 11:53:15.283,2.05266,2.05297,1.50,1.13
2012.05.09 11:53:15.493,2.05259,2.05297,1.50,1.13
2012.05.09 11:53:15.821,2.05259,2.05307,1.50,1.13
2012.05.09 11:53:16.222,2.05267,2.05307,1.50,1.13
2012.05.09 11:53:16.636,2.05271,2.05307,1.50,1.13
2012.05.09 11:53:17.098,2.05271,2.05309,1.50,1.13
2012.05.09 11:53:17.969,2.05273,2.05309,1.50,1.13
2012.05.09 11:53:19.164,2.05275,2.05309,1.50,1.13
2012.05.09 11:53:19.493,2.05279,2.05309,1.50,1.13
2012.05.09 11:53:19.894,2.05274,2.05309,1.50,1.13
2012.05.09 11:53:19.966,2.05274,2.05309,2.25,1.13
2012.05.09 11:53:20.292,2.05274,2.05309,3.75,1.13
2012.05.09 11:53:20.352,2.05279,2.05316,2.25,1.13
2012.05.09 11:53:20.423,2.05279,2.0532,2.25,1.13
2012.05.09 11:53:20.503,2.05279,2.0532,1.50,1.13
2012.05.09 11:53:21.961,2.05274,2.0532,2.25,1.13
2012.05.09 11:53:22.154,2.05274,2.0532,1.50,1.13
2012.05.09 11:53:22.771,2.05278,2.0532,1.50,1.13
2012.05.09 11:53:25.018,2.05274,2.0532,1.50,1.13
2012.05.09 11:53:29.511,2.05279,2.0532,1.50,1.13
2012.05.09 11:53:33.038,2.05275,2.0532,1.50,1.13
2012.05.09 11:53:33.107,2.05273,2.0532,1.50,1.13
2012.05.09 11:53:33.720,2.05279,2.0532,1.50,1.13
2012.05.09 11:53:36.679,2.05279,2.05322,1.50,1.13
2012.05.09 11:53:36.804,2.05275,2.05322,1.50,1.13
2012.05.09 11:53:37.974,2.05274,2.05322,1.50,1.13
2012.05.09 11:53:38.047,2.05279,2.05322,1.50,1.13
2012.05.09 11:53:39.924,2.05284,2.05322,1.50,1.13
2012.05.09 11:53:40.143,2.0528,2.05322,1.50,1.13
2012.05.09 11:53:41.308,2.05279,2.05322,1.50,1.13
2012.05.09 11:53:42.965,2.05275,2.05322,1.50,1.13
2012.05.09 11:53:43.032,2.0527,2.05322,1.50,1.13
2012.05.09 11:53:43.274,2.05277,2.05322,1.50,1.13
2012.05.09 11:53:44.059,2.05277,2.05323,1.50,1.13
2012.05.09 11:53:44.497,2.05277,2.05315,1.50,1.13
2012.05.09 11:53:45.551,2.05272,2.05315,1.50,1.13
2012.05.09 11:53:47.513,2.05272,2.05315,2.25,1.13
2012.05.09 11:53:47.583,2.05272,2.05322,2.25,1.13
2012.05.09 11:53:47.835,2.05278,2.05315,2.25,1.13
2012.05.09 11:53:48.041,2.05278,2.05323,3.38,1.13
2012.05.09 11:53:48.677,2.05278,2.05323,1.13,1.13
2012.05.09 11:53:48.899,2.05278,2.05323,1.88,1.13
2012.05.09 11:53:49.599,2.05278,2.05323,1.13,1.13
2012.05.09 11:53:50.621,2.05278,2.05323,1.88,1.13
2012.05.09 11:53:50.833,2.05283,2.0533,1.50,1.13
2012.05.09 11:53:54.524,2.05284,2.0533,1.13,1.13
2012.05.09 11:53:55.409,2.05283,2.0533,1.50,1.13
2012.05.09 11:53:56.142,2.0529,2.05342,1.13,1.13
2012.05.09 11:53:56.207,2.05286,2.05335,2.25,1.13
2012.05.09 11:53:56.272,2.05286,2.05335,1.50,1.13
2012.05.09 11:53:56.343,2.05286,2.05317,1.50,1.13
2012.05.09 11:53:56.413,2.05284,2.05317,1.50,1.13
2012.05.09 11:53:57.742,2.05284,2.05323,1.50,1.13
2012.05.09 11:53:57.871,2.05277,2.05323,1.50,1.13
2012.05.09 11:53:58.037,2.05279,2.05323,1.50,1.13
2012.05.09 11:53:58.332,2.05277,2.05323,1.50,1.13
2012.05.09 11:53:58.402,2.05277,2.05323,2.25,1.13
2012.05.09 11:53:59.174,2.05271,2.05319,2.25,1.13
2012.05.09 11:53:59.613,2.05268,2.05316,2.25,1.13
2012.05.09 11:54:00.512,2.05277,2.05316,1.50,1.13
2012.05.09 11:54:00.843,2.05277,2.05308,1.50,1.13
2012.05.09 11:54:01.152,2.05271,2.05308,1.50,1.13
2012.05.09 11:54:01.282,2.05271,2.05305,1.50,1.13
2012.05.09 11:54:03.559,2.05266,2.05305,1.50,1.13
2012.05.09 11:54:03.926,2.05254,2.05305,2.25,1.13
2012.05.09 11:54:04.424,2.05254,2.05305,2.25,1.13
2012.05.09 11:54:04.733,2.05258,2.05305,2.25,1.13
2012.05.09 11:54:04.801,2.05258,2.05305,2.25,1.13
2012.05.09 11:54:04.863,2.05258,2.05305,2.25,1.13
2012.05.09 11:54:04.934,2.05258,2.05309,2.25,1.13
2012.05.09 11:54:10.126,2.05265,2.05309,2.25,1.13
2012.05.09 11:54:11.158,2.0526,2.05306,2.25,1.13
2012.05.09 11:54:11.936,2.05252,2.05288,1.50,1.13
2012.05.09 11:54:12.003,2.05246,2.05288,1.50,1.13
2012.05.09 11:54:12.173,2.05241,2.05288,1.88,1.13
2012.05.09 11:54:16.352,2.05256,2.05288,1.13,1.13
2012.05.09 11:54:16.472,2.05256,2.05307,1.13,1.13
2012.05.09 11:54:16.722,2.05259,2.05307,2.25,1.13
2012.05.09 11:54:17.194,2.05261,2.05307,1.50,1.13
2012.05.09 11:54:17.263,2.05261,2.05309,1.50,1.13
2012.05.09 11:54:17.334,2.05261,2.05309,2.25,1.13
2012.05.09 11:54:20.194,2.05253,2.05309,1.13,1.13
2012.05.09 11:54:20.263,2.05253,2.05306,1.13,1.50
2012.05.09 11:54:20.591,2.05244,2.0529,1.50,1.13
2012.05.09 11:54:20.946,2.05237,2.05282,1.50,1.13
2012.05.09 11:54:21.305,2.05228,2.05282,3.38,1.13
2012.05.09 11:54:21.374,2.05228,2.05282,3.38,1.13
2012.05.09 11:54:21.512,2.05228,2.05279,2.25,1.13
2012.05.09 11:54:21.764,2.05231,2.05282,1.13,1.13
2012.05.09 11:54:21.896,2.05231,2.05282,1.13,1.13
2012.05.09 11:54:23.064,2.05244,2.0529,1.88,1.13
2012.05.09 11:54:23.437,2.05235,2.05282,2.25,1.13
2012.05.09 11:54:23.506,2.05245,2.05289,1.88,1.13
2012.05.09 11:54:23.722,2.05235,2.05279,3.00,1.13
2012.05.09 11:54:24.160,2.05241,2.05279,1.13,1.13
2012.05.09 11:54:24.227,2.05244,2.0529,1.88,1.13
2012.05.09 11:54:25.893,2.05244,2.0529,1.88,1.13
2012.05.09 11:54:25.983,2.05244,2.0529,1.88,1.13
2012.05.09 11:54:26.432,2.05243,2.05287,1.13,1.13
2012.05.09 11:54:26.505,2.05246,2.0529,2.25,1.13
2012.05.09 11:54:30.325,2.05255,2.0529,1.13,1.13
2012.05.09 11:54:30.392,2.05257,2.0529,2.25,1.13
2012.05.09 11:54:30.633,2.05262,2.05309,2.25,1.13
2012.05.09 11:54:30.702,2.05268,2.05309,1.50,1.13
2012.05.09 11:54:31.019,2.05271,2.05309,1.50,1.13
2012.05.09 11:54:31.082,2.05266,2.05309,1.50,1.13
2012.05.09 11:54:31.201,2.05259,2.05309,1.50,1.13
2012.05.09 11:54:31.265,2.05253,2.05309,1.13,1.13
2012.05.09 11:54:31.334,2.0525,2.0529,1.50,1.13
2012.05.09 11:54:34.691,2.0525,2.05287,1.50,1.13
2012.05.09 11:54:42.584,2.0525,2.05287,2.25,1.13
2012.05.09 11:54:46.433,2.05245,2.05287,1.50,1.13
2012.05.09 11:54:46.503,2.05242,2.05287,1.50,1.13
2012.05.09 11:54:46.631,2.05245,2.05287,1.50,1.13
2012.05.09 11:54:46.887,2.05238,2.05281,1.50,1.13
2012.05.09 11:54:49.395,2.05238,2.05281,2.25,1.13
2012.05.09 11:54:52.824,2.05231,2.05281,2.25,1.13
2012.05.09 11:54:53.197,2.05231,2.05283,2.25,1.13
2012.05.09 11:54:54.332,2.05231,2.05283,1.50,1.13
2012.05.09 11:54:54.765,2.05227,2.05283,1.13,1.13
2012.05.09 11:54:54.834,2.05224,2.05263,2.25,1.13
2012.05.09 11:54:55.411,2.05219,2.05258,2.25,1.13
2012.05.09 11:54:59.862,2.05218,2.05258,1.50,1.13
2012.05.09 11:54:59.934,2.05218,2.05231,1.50,1.13
2012.05.09 11:55:00.063,2.0521,2.05231,1.50,1.13
2012.05.09 11:55:00.314,2.05196,2.05231,1.50,1.13
2012.05.09 11:55:00.384,2.05196,2.05238,1.50,1.13
2012.05.09 11:55:00.452,2.05199,2.05238,1.50,1.13
2012.05.09 11:55:00.761,2.05202,2.05238,1.50,1.13
2012.05.09 11:55:01.006,2.05199,2.05238,1.50,1.13
2012.05.09 11:55:01.194,2.05199,2.05238,2.25,1.13
2012.05.09 11:55:01.384,2.05193,2.05231,2.25,1.13
2012.05.09 11:55:03.683,2.05193,2.05236,2.25,1.13
2012.05.09 11:55:03.753,2.05193,2.05236,2.25,1.13
2012.05.09 11:55:05.483,2.05189,2.05236,1.50,1.13
2012.05.09 11:55:05.624,2.05181,2.05218,2.25,1.13
2012.05.09 11:55:06.317,2.05187,2.05218,1.50,1.13
2012.05.09 11:55:06.972,2.05181,2.05218,2.25,1.13
2012.05.09 11:55:07.494,2.05171,2.05218,1.88,1.13
2012.05.09 11:55:07.625,2.05168,2.05211,2.25,1.13
2012.05.09 11:55:07.694,2.05168,2.05211,1.50,1.13
2012.05.09 11:55:07.763,2.05164,2.05211,1.50,1.13
2012.05.09 11:55:07.865,2.05164,2.05211,2.25,1.13
2012.05.09 11:55:08.384,2.05167,2.05211,1.50,1.13
2012.05.09 11:55:08.691,2.05172,2.05217,2.25,1.13
2012.05.09 11:55:10.243,2.05186,2.05217,1.50,1.13
2012.05.09 11:55:10.732,2.05191,2.05217,1.50,1.13
2012.05.09 11:55:11.074,2.05191,2.05238,2.63,1.13
2012.05.09 11:55:11.145,2.05197,2.05238,1.50,1.13
2012.05.09 11:55:11.451,2.05194,2.05236,1.50,1.13
2012.05.09 11:55:11.512,2.05192,2.05236,1.50,1.13
2012.05.09 11:55:12.651,2.05198,2.05237,1.50,1.13
2012.05.09 11:55:14.961,2.05198,2.05237,2.25,1.13
2012.05.09 11:55:15.773,2.05207,2.05237,1.50,1.13
2012.05.09 11:55:16.883,2.05202,2.05237,2.25,1.13
2012.05.09 11:55:26.603,2.05198,2.05237,1.50,1.13
2012.05.09 11:55:26.804,2.05205,2.05237,1.50,1.13
2012.05.09 11:55:27.254,2.052,2.05237,1.50,1.13
2012.05.09 11:55:27.382,2.05199,2.05237,2.25,1.13
2012.05.09 11:55:29.704,2.05205,2.05237,2.25,1.13
2012.05.09 11:55:29.891,2.05205,2.05237,2.25,1.13
2012.05.09 11:55:30.671,2.05207,2.05237,1.50,1.13
2012.05.09 11:55:30.732,2.0521,2.05237,1.50,1.13
2012.05.09 11:55:31.111,2.0521,2.05237,2.25,1.13
2012.05.09 11:55:31.172,2.0521,2.05243,2.25,1.13
2012.05.09 11:55:37.582,2.0521,2.05237,1.50,1.13
2012.05.09 11:55:37.894,2.05226,2.05256,1.50,1.13
2012.05.09 11:55:41.242,2.05219,2.05256,2.25,1.13
2012.05.09 11:55:41.328,2.05219,2.05256,1.50,1.13
2012.05.09 11:55:41.454,2.05217,2.05256,1.50,1.13
2012.05.09 11:55:41.524,2.05217,2.05238,1.50,1.13
2012.05.09 11:55:41.655,2.05202,2.05238,1.50,1.13
2012.05.09 11:55:47.104,2.05208,2.05238,1.50,1.13
2012.05.09 11:55:47.653,2.05204,2.05238,2.25,1.13
2012.05.09 11:55:49.187,2.05202,2.05238,1.50,1.13
2012.05.09 11:55:49.492,2.05195,2.05238,2.25,1.13
2012.05.09 11:55:49.923,2.05195,2.05238,2.25,1.13
2012.05.09 11:55:50.571,2.05202,2.05238,2.25,1.13
2012.05.09 11:55:50.631,2.05202,2.05244,2.25,1.13
2012.05.09 11:56:01.814,2.05208,2.05244,1.50,1.13
2012.05.09 11:56:02.002,2.05208,2.05238,1.50,1.13
2012.05.09 11:56:02.413,2.052,2.05238,2.25,1.13
2012.05.09 11:56:04.052,2.05206,2.05238,1.50,1.13
2012.05.09 11:56:04.722,2.05206,2.05243,2.25,1.13
2012.05.09 11:56:12.597,2.05206,2.05243,2.25,1.13
2012.05.09 11:56:24.682,2.05198,2.05243,1.13,1.13
2012.05.09 11:56:24.861,2.05194,2.05237,2.25,1.13
2012.05.09 11:56:25.041,2.05198,2.05243,2.25,1.13
2012.05.09 11:56:29.173,2.05198,2.05237,1.13,1.13
2012.05.09 11:56:29.243,2.05194,2.05237,2.25,1.13
2012.05.09 11:56:30.690,2.05197,2.05237,1.50,1.13
2012.05.09 11:56:31.103,2.05203,2.05237,2.25,1.13
2012.05.09 11:56:31.836,2.05218,2.05263,1.50,1.13
2012.05.09 11:56:31.906,2.05219,2.05263,1.13,1.13
2012.05.09 11:56:32.561,2.05218,2.05263,1.50,1.13
2012.05.09 11:56:33.326,2.05219,2.05263,1.13,1.13
2012.05.09 11:56:33.444,2.05218,2.05263,1.50,1.13
2012.05.09 11:56:34.023,2.05219,2.05263,1.13,1.13
2012.05.09 11:56:34.097,2.05218,2.05263,1.50,1.13
2012.05.09 11:56:34.265,2.05221,2.05263,1.50,1.13
2012.05.09 11:56:35.012,2.05221,2.05264,1.50,1.13
2012.05.09 11:56:36.364,2.05221,2.05264,2.25,1.13
2012.05.09 11:56:36.466,2.05221,2.05264,1.50,1.13
2012.05.09 11:56:36.533,2.05228,2.05264,1.50,1.13
2012.05.09 11:56:36.753,2.05244,2.05282,1.50,1.13
2012.05.09 11:56:36.899,2.05251,2.05282,1.50,1.13
2012.05.09 11:56:37.334,2.05251,2.0529,1.50,1.13
2012.05.09 11:56:37.674,2.05254,2.0529,1.50,1.13
2012.05.09 11:56:38.012,2.05257,2.0529,1.50,1.13
2012.05.09 11:56:38.207,2.05254,2.0529,1.50,1.13
2012.05.09 11:56:38.288,2.05251,2.0529,1.50,1.13
2012.05.09 11:56:41.061,2.05245,2.0529,1.13,1.13
2012.05.09 11:56:41.121,2.05248,2.0529,1.50,1.13
2012.05.09 11:56:41.656,2.05257,2.0529,1.50,1.13
2012.05.09 11:56:41.722,2.05251,2.0529,1.50,1.13
2012.05.09 11:56:41.823,2.05251,2.05285,1.50,1.13
2012.05.09 11:56:42.144,2.05251,2.05283,2.25,1.13
2012.05.09 11:56:42.273,2.05251,2.0529,2.25,1.13
2012.05.09 11:56:42.631,2.05251,2.0529,2.25,1.13
2012.05.09 11:56:42.694,2.05256,2.0529,2.25,1.13
2012.05.09 11:56:42.762,2.05256,2.0529,2.25,1.13
2012.05.09 11:56:43.074,2.05256,2.0529,1.50,1.13
2012.05.09 11:56:43.296,2.05256,2.0529,2.25,1.13
2012.05.09 11:56:43.784,2.05256,2.05295,2.25,1.13
2012.05.09 11:56:45.075,2.05251,2.05295,1.50,1.13
2012.05.09 11:56:45.235,2.05251,2.05288,1.50,1.13
2012.05.09 11:56:45.995,2.05253,2.05288,1.50,1.13
2012.05.09 11:56:46.127,2.05248,2.05288,1.50,1.13
2012.05.09 11:56:46.192,2.05246,2.05288,1.50,1.13
2012.05.09 11:56:47.124,2.05246,2.05269,1.50,1.13
2012.05.09 11:56:47.219,2.05242,2.05269,1.50,1.13
2012.05.09 11:56:47.283,2.0524,2.05269,1.50,1.13
2012.05.09 11:56:47.658,2.05249,2.05269,1.50,1.13
2012.05.09 11:56:48.197,2.05244,2.05269,1.50,1.13
2012.05.09 11:56:48.416,2.05248,2.05269,1.50,1.13
2012.05.09 11:56:48.754,2.05245,2.05269,1.50,1.13
2012.05.09 11:56:48.822,2.05243,2.05269,1.50,1.13
2012.05.09 11:56:48.968,2.05249,2.05269,1.50,1.13
2012.05.09 11:56:50.494,2.05246,2.05269,1.50,1.13
2012.05.09 11:56:50.561,2.05243,2.05269,1.50,1.13
2012.05.09 11:56:57.681,2.05238,2.05262,1.50,1.13
2012.05.09 11:56:57.802,2.05238,2.05268,1.50,1.13
2012.05.09 11:56:57.914,2.0524,2.05268,1.50,1.13
2012.05.09 11:56:58.512,2.05243,2.05268,1.50,1.13
2012.05.09 11:56:58.702,2.0524,2.05268,1.50,1.13
2012.05.09 11:56:58.773,2.05235,2.05268,2.25,1.13
2012.05.09 11:57:01.003,2.05244,2.05268,1.50,1.13
2012.05.09 11:57:01.182,2.0524,2.05268,1.50,1.13
2012.05.09 11:57:01.274,2.05237,2.05268,1.50,1.13
2012.05.09 11:57:01.383,2.05237,2.05281,1.50,1.13
2012.05.09 11:57:02.153,2.05249,2.05281,1.50,1.13
2012.05.09 11:57:02.708,2.05262,2.05307,1.13,1.13
2012.05.09 11:57:13.204,2.05252,2.05303,1.50,1.13
2012.05.09 11:57:13.334,2.0526,2.05307,1.50,1.13
2012.05.09 11:57:13.941,2.05251,2.05307,1.13,1.13
2012.05.09 11:57:14.443,2.05257,2.05307,1.50,1.13
2012.05.09 11:57:14.783,2.05268,2.05314,1.13,1.13
2012.05.09 11:57:17.673,2.05257,2.05307,1.50,1.13
2012.05.09 11:57:17.903,2.05257,2.05288,1.50,1.13
2012.05.09 11:57:18.034,2.05252,2.05288,1.50,1.13
2012.05.09 11:57:18.162,2.05254,2.05288,1.50,1.13
2012.05.09 11:57:18.342,2.05252,2.05306,1.13,1.13
2012.05.09 11:57:18.990,2.05253,2.05306,1.50,1.13
2012.05.09 11:57:21.864,2.05269,2.05313,1.13,1.13
2012.05.09 11:57:25.202,2.05253,2.05306,1.50,1.13
2012.05.09 11:57:26.982,2.05252,2.05306,1.13,1.13
2012.05.09 11:57:29.675,2.05256,2.05306,1.50,1.13
2012.05.09 11:57:30.003,2.05268,2.05314,1.13,1.13
2012.05.09 11:57:30.656,2.05257,2.05306,1.50,1.13
2012.05.09 11:57:30.723,2.05263,2.05306,1.50,1.13
2012.05.09 11:57:30.865,2.05268,2.05314,1.13,1.88
2012.05.09 11:57:38.250,2.05261,2.053,1.50,1.13
2012.05.09 11:57:38.433,2.05256,2.053,1.13,1.13
2012.05.09 11:57:47.752,2.05261,2.05308,1.13,1.13
2012.05.09 11:57:48.663,2.05262,2.05308,1.50,1.13
2012.05.09 11:57:48.722,2.05274,2.05321,1.13,1.13
2012.05.09 11:57:48.904,2.05265,2.05318,1.13,1.13
2012.05.09 11:57:51.693,2.05276,2.05326,1.13,2.63
2012.05.09 11:57:54.214,2.05284,2.05329,1.13,1.13
2012.05.09 11:57:59.483,2.05275,2.05322,1.13,1.13
2012.05.09 11:57:59.700,2.05277,2.05323,1.13,1.13
2012.05.09 11:57:59.907,2.05278,2.05325,1.13,1.13
2012.05.09 11:58:00.297,2.05284,2.05329,1.13,1.13
2012.05.09 11:58:02.822,2.05267,2.05323,2.63,1.13
2012.05.09 11:58:04.654,2.05265,2.05315,2.25,1.13
2012.05.09 11:58:04.883,2.05271,2.05325,1.13,1.13
2012.05.09 11:58:15.634,2.05271,2.05319,1.13,1.50
2012.05.09 11:58:15.943,2.05267,2.05314,1.13,1.13
2012.05.09 11:58:16.767,2.05274,2.05316,1.13,1.50
2012.05.09 11:58:22.784,2.05281,2.05316,1.13,1.50
2012.05.09 11:58:22.993,2.05281,2.05323,1.13,1.50
2012.05.09 11:58:24.675,2.05281,2.05317,1.13,1.50
2012.05.09 11:58:24.864,2.05255,2.05299,2.25,1.13
2012.05.09 11:58:25.053,2.05255,2.05299,1.13,2.63
2012.05.09 11:58:25.242,2.0524,2.05287,1.88,1.13
2012.05.09 11:58:25.740,2.0524,2.05287,1.13,1.13
2012.05.09 11:58:27.121,2.05234,2.05274,1.50,1.13
2012.05.09 11:58:27.424,2.05228,2.05274,1.50,1.13
2012.05.09 11:58:29.551,2.0524,2.05287,1.13,1.13
2012.05.09 11:58:34.450,2.05255,2.05299,1.13,2.63
2012.05.09 11:58:36.632,2.05267,2.05313,1.13,1.13
2012.05.09 11:58:45.941,2.05267,2.05312,1.13,1.50
2012.05.09 11:58:46.574,2.05267,2.05313,1.13,1.13
2012.05.09 11:58:47.102,2.05267,2.05313,1.13,3.38
2012.05.09 11:58:47.507,2.05241,2.05286,1.13,1.13
2012.05.09 11:58:54.587,2.05241,2.05286,1.88,1.13
2012.05.09 11:58:54.653,2.05242,2.05289,1.88,1.13
2012.05.09 11:58:54.783,2.0524,2.05287,1.13,1.13
2012.05.09 11:58:55.054,2.0524,2.05279,1.13,1.50
2012.05.09 11:58:55.204,2.05222,2.05269,1.51,1.13
2012.05.09 11:58:55.573,2.05216,2.05263,2.41,1.13
2012.05.09 11:58:55.764,2.05216,2.05263,1.13,1.13
2012.05.09 11:58:56.013,2.05204,2.05249,1.13,1.13
2012.05.09 11:58:56.672,2.05204,2.05249,1.88,1.13
2012.05.09 11:58:56.853,2.05206,2.05261,1.88,1.13
2012.05.09 11:58:57.736,2.05209,2.05261,1.50,1.13
2012.05.09 11:58:58.056,2.05209,2.05249,1.50,1.13
2012.05.09 11:58:58.244,2.05209,2.05256,1.50,1.13
2012.05.09 11:58:58.315,2.05211,2.05256,1.50,1.13
2012.05.09 11:58:58.624,2.05229,2.05263,1.50,1.13
2012.05.09 11:58:58.986,2.05225,2.05263,1.50,1.13
2012.05.09 11:58:59.052,2.05222,2.05263,1.50,1.13
2012.05.09 11:58:59.526,2.05232,2.05263,1.50,1.13
2012.05.09 11:58:59.933,2.05232,2.05282,1.50,1.13
2012.05.09 11:59:00.195,2.0524,2.05282,1.50,1.13
2012.05.09 11:59:00.424,2.0524,2.05293,1.50,1.13
2012.05.09 11:59:00.942,2.0524,2.05294,1.50,1.13
2012.05.09 11:59:01.003,2.05237,2.05288,1.50,1.50
2012.05.09 11:59:01.073,2.05233,2.05288,1.13,1.50
2012.05.09 11:59:01.145,2.05233,2.05283,1.13,1.09
2012.05.09 11:59:01.454,2.05208,2.05235,2.11,1.13
2012.05.09 11:59:01.523,2.05224,2.05274,1.13,1.13
2012.05.09 11:59:01.713,2.0522,2.0526,1.50,1.13
2012.05.09 11:59:01.843,2.05216,2.0526,1.50,1.13
2012.05.09 11:59:01.963,2.05222,2.0526,1.50,1.13
2012.05.09 11:59:02.153,2.05222,2.05267,1.50,1.13
2012.05.09 11:59:02.715,2.05221,2.05275,1.50,1.13
2012.05.09 11:59:02.783,2.05219,2.05275,1.13,1.13
2012.05.09 11:59:02.912,2.05216,2.05256,1.50,1.13
2012.05.09 11:59:04.803,2.05221,2.05256,1.50,1.13
2012.05.09 11:59:04.931,2.05221,2.05262,1.50,1.13
2012.05.09 11:59:07.426,2.05225,2.05262,1.50,1.13
2012.05.09 11:59:07.893,2.05228,2.05262,1.50,1.13
2012.05.09 11:59:10.804,2.05228,2.05255,1.50,1.13
2012.05.09 11:59:13.922,2.05221,2.05255,1.50,1.13
2012.05.09 11:59:14.306,2.05226,2.05255,1.50,1.13
2012.05.09 11:59:14.372,2.05229,2.05275,1.50,1.13
2012.05.09 11:59:15.045,2.05225,2.05275,1.50,1.13
2012.05.09 11:59:16.215,2.05225,2.05256,1.50,1.13
2012.05.09 11:59:16.402,2.05225,2.05274,1.50,1.13
2012.05.09 11:59:18.336,2.05216,2.05256,2.25,1.13
2012.05.09 11:59:22.252,2.05221,2.05256,1.50,1.13
2012.05.09 11:59:23.668,2.05221,2.05256,2.25,1.13
2012.05.09 11:59:23.785,2.05221,2.05256,1.50,1.13
2012.05.09 11:59:24.291,2.05216,2.05256,1.50,1.13
2012.05.09 11:59:24.649,2.05216,2.05249,1.50,1.13
2012.05.09 11:59:24.954,2.05236,2.05249,1.50,1.13
2012.05.09 11:59:25.022,2.05236,2.05276,1.50,1.13
2012.05.09 11:59:25.213,2.05239,2.0529,1.13,1.05
2012.05.09 11:59:25.283,2.0525,2.0529,1.50,1.05
2012.05.09 11:59:25.472,2.0525,2.05295,1.50,1.13
2012.05.09 11:59:26.261,2.05246,2.05295,1.50,1.13
2012.05.09 11:59:31.142,2.05246,2.05293,1.50,1.13
2012.05.09 11:59:31.492,2.05246,2.05282,2.25,1.13
2012.05.09 11:59:31.564,2.05246,2.05288,2.25,1.13
2012.05.09 11:59:32.352,2.05246,2.0529,1.50,1.13
2012.05.09 11:59:39.132,2.05246,2.05289,2.25,1.13
2012.05.09 11:59:40.691,2.05246,2.05269,1.50,1.13
2012.05.09 11:59:40.913,2.05241,2.05269,1.50,1.13
2012.05.09 11:59:40.982,2.05233,2.05269,1.50,1.13
2012.05.09 11:59:42.394,2.05233,2.05271,1.50,1.13
2012.05.09 11:59:42.465,2.05231,2.05271,1.50,1.13
2012.05.09 11:59:42.534,2.05231,2.05269,2.25,1.13
2012.05.09 11:59:42.924,2.05231,2.05269,1.50,1.13
2012.05.09 11:59:42.993,2.05237,2.05269,1.50,1.13
2012.05.09 11:59:43.712,2.05237,2.05276,1.50,1.13
2012.05.09 11:59:43.832,2.05237,2.05274,1.50,1.13
2012.05.09 11:59:44.011,2.05237,2.05276,1.50,1.13
2012.05.09 11:59:44.663,2.05237,2.05263,1.50,1.13
2012.05.09 11:59:44.734,2.05217,2.05263,1.50,1.13
2012.05.09 11:59:44.982,2.05212,2.0525,3.00,1.13
2012.05.09 11:59:45.367,2.05217,2.05254,2.25,1.13
2012.05.09 11:59:45.432,2.05221,2.05268,1.88,1.13
2012.05.09 11:59:45.656,2.05217,2.05255,2.25,1.13
2012.05.09 11:59:46.021,2.05217,2.05255,2.25,1.13
2012.05.09 11:59:46.187,2.05217,2.05255,1.50,1.13
2012.05.09 11:59:46.875,2.05217,2.05253,1.50,1.13
2012.05.09 11:59:46.946,2.0521,2.05253,1.50,1.13
2012.05.09 11:59:47.172,2.0521,2.05253,2.25,1.13
2012.05.09 11:59:47.491,2.0522,2.05267,1.88,1.13
2012.05.09 11:59:48.941,2.05221,2.05268,1.88,1.13
2012.05.09 11:59:50.071,2.05221,2.05268,1.13,1.13
2012.05.09 11:59:50.404,2.05216,2.05264,1.50,1.13
2012.05.09 11:59:50.531,2.05216,2.05253,2.25,1.13
2012.05.09 11:59:50.834,2.05217,2.05254,2.25,1.13
2012.05.09 11:59:50.902,2.05217,2.05254,1.50,1.13
2012.05.09 11:59:51.513,2.05217,2.05255,1.50,1.13
2012.05.09 11:59:51.960,2.05217,2.05255,2.25,1.13
2012.05.09 11:59:52.506,2.05217,2.05255,1.50,1.13
2012.05.09 11:59:52.589,2.0522,2.05267,1.13,1.13
2012.05.09 11:59:54.567,2.05221,2.05266,1.13,1.13
2012.05.09 11:59:54.638,2.05226,2.05267,1.50,1.13
2012.05.09 11:59:54.834,2.05222,2.05267,1.13,1.13
2012.05.09 11:59:55.481,2.05226,2.05267,1.50,1.13
2012.05.09 11:59:55.802,2.05226,2.05267,2.25,1.13
2012.05.09 11:59:55.878,2.05226,2.05267,1.50,1.13
2012.05.09 11:59:56.243,2.05226,2.05267,2.25,1.13
2012.05.09 11:59:56.573,2.05233,2.05274,2.25,1.13
2012.05.09 11:59:57.712,2.0524,2.05274,1.50,1.13
2012.05.09 11:59:57.773,2.0524,2.05277,1.50,1.13
2012.05.09 11:59:57.843,2.05234,2.05277,2.25,1.13
2012.05.09 11:59:57.913,2.05234,2.05264,2.25,1.13
2012.05.09 11:59:58.103,2.05234,2.05264,1.50,1.13
2012.05.09 11:59:58.714,2.05234,2.05264,2.25,1.13
2012.05.09 11:59:58.844,2.05234,2.05277,2.25,1.13
2012.05.09 11:59:58.916,2.05234,2.05279,3.38,1.13
2012.05.09 11:59:59.781,2.0524,2.05278,2.25,1.13
