2012.05.18 12:00:00.049,2.08202,2.0825,1.05,1.05
2012.05.18 12:00:00.397,2.08204,2.0825,1.50,1.05
2012.05.18 12:00:00.529,2.08202,2.0825,1.05,1.05
2012.05.18 12:00:01.167,2.08207,2.0825,1.50,1.05
2012.05.18 12:00:01.241,2.08217,2.08273,1.05,1.95
2012.05.18 12:00:01.307,2.08233,2.08274,1.05,1.65
2012.05.18 12:00:01.499,2.08211,2.08252,1.50,1.05
2012.05.18 12:00:01.629,2.08211,2.08257,1.50,1.05
2012.05.18 12:00:01.769,2.08217,2.08273,1.05,1.80
2012.05.18 12:00:01.839,2.08217,2.08261,1.05,1.50
2012.05.18 12:00:02.147,2.08217,2.08255,1.05,1.50
2012.05.18 12:00:02.276,2.08217,2.08267,1.05,1.50
2012.05.18 12:00:06.446,2.08223,2.08267,1.05,1.50
2012.05.18 12:00:06.696,2.08223,2.08272,1.05,1.50
2012.05.18 12:00:06.768,2.08223,2.08275,1.05,2.63
2012.05.18 12:00:06.838,2.08217,2.08268,1.05,1.50
2012.05.18 12:00:07.027,2.08209,2.08267,1.05,2.18
2012.05.18 12:00:10.939,2.08209,2.08267,1.05,1.05
2012.05.18 12:00:11.069,2.08223,2.08273,1.05,1.50
2012.05.18 12:00:11.195,2.08223,2.08278,1.05,1.50
2012.05.18 12:00:11.406,2.08223,2.0828,1.05,1.05
2012.05.18 12:00:12.279,2.08223,2.08279,1.05,1.50
2012.05.18 12:00:12.919,2.08223,2.0828,1.05,1.05
2012.05.18 12:00:14.710,2.08223,2.08246,1.05,1.50
2012.05.18 12:00:14.898,2.08229,2.0828,1.50,1.05
2012.05.18 12:00:15.592,2.08232,2.0828,1.50,1.05
2012.05.18 12:00:15.915,2.08237,2.0828,1.50,1.80
2012.05.18 12:00:15.988,2.08237,2.0828,1.50,1.05
2012.05.18 12:00:16.059,2.08238,2.0828,1.50,1.80
2012.05.18 12:00:16.537,2.08242,2.08293,1.50,1.80
2012.05.18 12:00:16.612,2.08242,2.08284,1.50,1.80
2012.05.18 12:00:16.735,2.08234,2.0828,1.50,1.80
2012.05.18 12:00:16.930,2.08234,2.0828,1.50,1.05
2012.05.18 12:00:17.000,2.08236,2.08284,1.05,1.50
2012.05.18 12:00:17.068,2.08233,2.08284,1.05,1.50
2012.05.18 12:00:17.261,2.08233,2.08289,1.05,1.88
2012.05.18 12:00:17.328,2.08226,2.08285,1.05,1.80
2012.05.18 12:00:17.399,2.08229,2.08285,1.05,2.25
2012.05.18 12:00:17.716,2.08232,2.08285,1.05,1.50
2012.05.18 12:00:18.439,2.08232,2.08285,1.05,2.25
2012.05.18 12:00:18.508,2.08229,2.08287,1.05,1.80
2012.05.18 12:00:23.921,2.08229,2.08286,1.05,2.25
2012.05.18 12:00:24.856,2.08229,2.08274,1.05,1.50
2012.05.18 12:00:27.099,2.08229,2.08274,1.05,2.25
2012.05.18 12:00:27.284,2.0822,2.08274,1.05,2.25
2012.05.18 12:00:27.537,2.08222,2.08274,1.05,2.25
2012.05.18 12:00:27.676,2.08222,2.08274,1.05,1.50
2012.05.18 12:00:27.746,2.08236,2.08274,1.05,1.50
2012.05.18 12:00:28.668,2.08236,2.08278,1.05,2.25
2012.05.18 12:00:28.810,2.08229,2.08282,1.05,2.25
2012.05.18 12:00:28.877,2.08229,2.08282,1.05,1.50
2012.05.18 12:00:29.031,2.08237,2.08282,1.05,1.50
2012.05.18 12:00:29.872,2.08237,2.08276,1.05,1.50
2012.05.18 12:00:31.402,2.08237,2.08276,1.05,2.25
2012.05.18 12:00:31.467,2.08233,2.08276,1.05,2.25
2012.05.18 12:00:31.800,2.08236,2.08276,1.05,2.25
2012.05.18 12:00:33.386,2.08236,2.0827,1.05,1.50
2012.05.18 12:00:33.716,2.08236,2.08282,1.05,2.25
2012.05.18 12:00:33.851,2.08234,2.08282,1.05,2.25
2012.05.18 12:00:33.975,2.08234,2.0828,1.05,1.13
2012.05.18 12:00:34.108,2.08222,2.0828,1.05,1.13
2012.05.18 12:00:34.676,2.08222,2.08278,1.05,1.50
2012.05.18 12:00:34.806,2.08225,2.08278,1.05,1.50
2012.05.18 12:00:35.223,2.08222,2.08276,1.05,2.25
2012.05.18 12:00:36.716,2.08222,2.08271,1.05,1.50
2012.05.18 12:00:36.787,2.08222,2.08276,1.05,1.50
2012.05.18 12:00:39.527,2.0823,2.08276,1.05,1.50
2012.05.18 12:00:39.837,2.08236,2.08279,1.05,2.25
2012.05.18 12:00:40.157,2.08236,2.0827,1.05,1.50
2012.05.18 12:00:42.957,2.08236,2.08275,1.05,2.25
2012.05.18 12:00:43.087,2.08229,2.08276,1.05,1.80
2012.05.18 12:00:43.220,2.08229,2.08266,1.05,1.13
2012.05.18 12:00:43.291,2.08209,2.08265,1.05,1.80
2012.05.18 12:00:44.276,2.08216,2.08254,1.05,2.25
2012.05.18 12:00:44.468,2.08208,2.08262,1.05,2.25
2012.05.18 12:00:44.698,2.08221,2.08262,1.05,1.50
2012.05.18 12:00:45.339,2.08221,2.08262,1.05,2.25
2012.05.18 12:00:45.657,2.08215,2.08262,1.05,2.25
2012.05.18 12:00:47.548,2.08215,2.08268,1.05,1.50
2012.05.18 12:00:49.059,2.08215,2.08268,1.05,2.25
2012.05.18 12:00:53.230,2.08215,2.08263,1.05,1.50
2012.05.18 12:00:54.214,2.08215,2.08266,1.05,1.50
2012.05.18 12:00:54.285,2.08215,2.08268,1.05,1.50
2012.05.18 12:00:54.449,2.08215,2.0826,1.05,1.50
2012.05.18 12:00:54.756,2.08236,2.08275,1.05,2.25
2012.05.18 12:00:55.363,2.08236,2.08272,1.05,1.50
2012.05.18 12:00:56.443,2.08236,2.08267,1.05,1.50
2012.05.18 12:00:56.649,2.08236,2.08274,1.05,1.50
2012.05.18 12:00:56.780,2.08228,2.08277,1.05,2.55
2012.05.18 12:00:56.970,2.08228,2.08274,1.05,1.50
2012.05.18 12:00:57.157,2.08228,2.08277,1.05,1.05
2012.05.18 12:00:57.227,2.08237,2.08285,1.05,1.50
2012.05.18 12:00:57.357,2.08237,2.08293,1.05,2.55
2012.05.18 12:00:57.427,2.08229,2.08276,1.05,1.05
2012.05.18 12:00:58.431,2.08229,2.08276,1.05,1.80
2012.05.18 12:00:58.678,2.08229,2.08276,1.05,1.05
2012.05.18 12:00:58.750,2.08225,2.08281,1.50,1.05
2012.05.18 12:00:58.819,2.08222,2.08281,1.05,1.05
2012.05.18 12:00:58.887,2.08222,2.08281,1.05,1.80
2012.05.18 12:00:59.197,2.0823,2.08286,1.05,1.05
2012.05.18 12:00:59.953,2.0823,2.08275,1.05,1.13
2012.05.18 12:01:00.520,2.0823,2.08282,1.05,1.50
2012.05.18 12:01:00.901,2.08236,2.08282,1.05,1.50
2012.05.18 12:01:01.258,2.08236,2.08268,1.05,1.50
2012.05.18 12:01:01.401,2.08221,2.0827,1.05,1.05
2012.05.18 12:01:01.530,2.08224,2.08267,1.05,1.50
2012.05.18 12:01:01.598,2.08224,2.0827,1.05,1.50
2012.05.18 12:01:01.668,2.08224,2.08273,1.05,1.50
2012.05.18 12:01:02.360,2.08225,2.08273,1.05,1.50
2012.05.18 12:01:08.787,2.08221,2.08266,1.05,1.50
2012.05.18 12:01:12.915,2.08215,2.08263,1.05,1.05
2012.05.18 12:01:13.117,2.08222,2.08266,1.05,1.50
2012.05.18 12:01:14.159,2.08222,2.08259,1.05,1.50
2012.05.18 12:01:14.650,2.08222,2.08251,1.05,1.50
2012.05.18 12:01:14.715,2.08203,2.08251,1.05,1.50
2012.05.18 12:01:15.230,2.08203,2.08247,1.05,1.13
2012.05.18 12:01:15.480,2.08195,2.08242,1.05,1.05
2012.05.18 12:01:15.807,2.08208,2.08244,1.05,1.50
2012.05.18 12:01:16.178,2.08192,2.08241,1.05,1.80
2012.05.18 12:01:16.311,2.08192,2.08228,1.05,1.50
2012.05.18 12:01:16.570,2.08181,2.08227,1.05,1.05
2012.05.18 12:01:16.641,2.08181,2.08222,1.05,1.50
2012.05.18 12:01:16.893,2.08181,2.08226,1.05,2.25
2012.05.18 12:01:16.958,2.08181,2.08224,1.05,1.50
2012.05.18 12:01:17.032,2.08167,2.08214,1.05,1.05
2012.05.18 12:01:19.627,2.0818,2.08221,1.05,1.50
2012.05.18 12:01:20.229,2.0818,2.08226,1.05,1.50
2012.05.18 12:01:20.827,2.0818,2.08221,1.05,1.50
2012.05.18 12:01:22.358,2.0818,2.08224,1.05,1.50
2012.05.18 12:01:22.426,2.0818,2.08228,1.05,1.05
2012.05.18 12:01:22.686,2.0818,2.08217,1.05,1.50
2012.05.18 12:01:23.247,2.08178,2.08217,1.05,1.50
2012.05.18 12:01:24.498,2.0818,2.08217,1.05,1.50
2012.05.18 12:01:25.068,2.08179,2.08217,1.05,1.50
2012.05.18 12:01:25.376,2.08167,2.08215,1.05,1.05
2012.05.18 12:01:25.802,2.08167,2.08211,1.05,1.50
2012.05.18 12:01:26.110,2.08181,2.08219,1.05,1.50
2012.05.18 12:01:26.177,2.08181,2.08222,1.05,1.50
2012.05.18 12:01:27.036,2.08181,2.08228,1.05,3.30
2012.05.18 12:01:27.167,2.08195,2.08226,1.05,1.50
2012.05.18 12:01:27.296,2.08195,2.08228,1.05,1.50
2012.05.18 12:01:27.367,2.08195,2.08233,1.05,1.50
2012.05.18 12:01:27.501,2.08195,2.08226,1.05,1.50
2012.05.18 12:01:27.745,2.08195,2.08233,1.05,1.50
2012.05.18 12:01:28.646,2.08195,2.0823,1.05,1.50
2012.05.18 12:01:28.717,2.08174,2.08226,1.05,1.50
2012.05.18 12:01:30.469,2.08174,2.08232,1.05,1.05
2012.05.18 12:01:30.718,2.08195,2.08234,1.05,1.50
2012.05.18 12:01:30.799,2.08195,2.08238,1.05,1.50
2012.05.18 12:01:30.869,2.08195,2.0824,1.05,1.50
2012.05.18 12:01:31.318,2.08203,2.0824,1.05,1.50
2012.05.18 12:01:33.532,2.08203,2.08246,1.05,1.50
2012.05.18 12:01:33.686,2.08203,2.08244,1.05,1.50
2012.05.18 12:01:34.000,2.08203,2.0824,1.05,1.50
2012.05.18 12:01:35.296,2.08208,2.08248,1.05,1.50
2012.05.18 12:01:35.529,2.08195,2.08248,1.05,1.50
2012.05.18 12:01:35.717,2.08202,2.08248,1.05,1.50
2012.05.18 12:01:36.276,2.08202,2.08254,1.05,1.50
2012.05.18 12:01:37.842,2.08202,2.08258,1.05,1.50
2012.05.18 12:01:37.912,2.08195,2.08251,1.50,1.05
2012.05.18 12:01:38.289,2.08198,2.08251,1.50,1.05
2012.05.18 12:01:38.940,2.08202,2.08251,1.50,1.05
2012.05.18 12:01:39.006,2.08196,2.08251,1.50,1.05
2012.05.18 12:01:40.673,2.08199,2.08251,1.50,1.05
2012.05.18 12:01:41.133,2.08209,2.08251,1.50,1.05
2012.05.18 12:01:41.508,2.08201,2.08251,1.50,1.05
2012.05.18 12:01:43.287,2.08194,2.08251,1.50,1.05
2012.05.18 12:01:44.812,2.08193,2.08251,1.05,1.80
2012.05.18 12:01:44.940,2.08195,2.08251,1.50,2.93
2012.05.18 12:01:45.009,2.08195,2.0825,1.50,1.05
2012.05.18 12:01:45.079,2.08199,2.0825,1.50,1.05
2012.05.18 12:01:45.587,2.08198,2.0825,1.50,1.05
2012.05.18 12:01:45.823,2.08195,2.0825,1.50,1.05
2012.05.18 12:01:46.249,2.08198,2.0825,1.50,1.05
2012.05.18 12:01:47.737,2.08194,2.0825,2.55,1.05
2012.05.18 12:01:48.658,2.08194,2.0825,1.05,1.80
2012.05.18 12:01:48.928,2.08183,2.08233,1.50,1.05
2012.05.18 12:01:49.000,2.08179,2.08233,1.50,1.05
2012.05.18 12:01:49.068,2.08179,2.08237,1.50,1.05
2012.05.18 12:01:49.197,2.08174,2.08237,1.50,1.05
2012.05.18 12:01:49.388,2.08173,2.08234,1.50,1.13
2012.05.18 12:01:49.695,2.08169,2.08225,1.05,1.05
2012.05.18 12:01:51.099,2.08168,2.08224,1.05,1.05
2012.05.18 12:01:51.796,2.08167,2.08225,1.05,1.05
2012.05.18 12:01:52.121,2.08188,2.08234,1.05,1.88
2012.05.18 12:01:52.246,2.08177,2.08224,1.50,1.05
2012.05.18 12:01:52.677,2.08171,2.08224,1.50,1.05
2012.05.18 12:01:52.925,2.08171,2.08236,2.55,1.05
2012.05.18 12:01:53.859,2.08171,2.08236,3.30,1.05
2012.05.18 12:01:54.167,2.08187,2.08245,1.05,1.05
2012.05.18 12:01:54.486,2.08182,2.08237,1.50,1.05
2012.05.18 12:01:54.997,2.08181,2.08237,2.55,1.05
2012.05.18 12:01:56.266,2.08187,2.08237,1.50,1.05
2012.05.18 12:01:56.396,2.08188,2.08244,1.05,1.05
2012.05.18 12:02:00.667,2.08183,2.08237,1.50,1.05
2012.05.18 12:02:00.740,2.08184,2.08249,1.05,1.05
2012.05.18 12:02:01.126,2.08184,2.08249,1.05,1.80
2012.05.18 12:02:01.316,2.08176,2.08236,1.50,1.05
2012.05.18 12:02:03.544,2.08182,2.08236,1.50,1.05
2012.05.18 12:02:03.917,2.08185,2.08236,1.50,1.05
2012.05.18 12:02:04.267,2.08179,2.08236,1.50,1.05
2012.05.18 12:02:04.338,2.0819,2.08247,1.05,2.55
2012.05.18 12:02:04.649,2.08208,2.08254,1.05,1.05
2012.05.18 12:02:04.836,2.08214,2.08261,1.05,1.05
2012.05.18 12:02:10.947,2.08214,2.08259,1.05,1.50
2012.05.18 12:02:11.397,2.08193,2.08251,1.05,1.05
2012.05.18 12:02:11.467,2.08197,2.08251,1.50,1.05
2012.05.18 12:02:12.050,2.08193,2.08251,1.05,1.05
2012.05.18 12:02:14.048,2.08197,2.08251,1.50,1.05
2012.05.18 12:02:14.259,2.08193,2.08251,1.05,1.05
2012.05.18 12:02:18.297,2.08194,2.08251,1.50,1.05
2012.05.18 12:02:18.367,2.08194,2.08245,1.50,1.05
2012.05.18 12:02:18.497,2.08184,2.0824,1.05,1.05
2012.05.18 12:02:18.687,2.0818,2.08238,2.55,1.05
2012.05.18 12:02:18.820,2.08177,2.08238,1.05,1.05
2012.05.18 12:02:18.890,2.08174,2.08237,1.50,1.05
2012.05.18 12:02:21.228,2.08182,2.08237,1.50,1.05
2012.05.18 12:02:21.370,2.08187,2.08245,1.05,2.55
2012.05.18 12:02:21.438,2.08187,2.08242,1.05,1.50
2012.05.18 12:02:27.129,2.08187,2.08217,1.05,1.50
2012.05.18 12:02:29.218,2.08187,2.08243,1.05,1.50
2012.05.18 12:02:29.512,2.08187,2.08237,1.05,1.50
2012.05.18 12:02:29.817,2.0818,2.08227,1.05,1.05
2012.05.18 12:02:30.009,2.08168,2.08217,1.50,1.05
2012.05.18 12:02:30.276,2.08159,2.08217,1.05,1.05
2012.05.18 12:02:30.349,2.0818,2.08221,1.05,1.50
2012.05.18 12:02:30.539,2.0818,2.08226,1.05,1.50
2012.05.18 12:02:30.837,2.0818,2.08222,1.05,1.50
2012.05.18 12:02:34.957,2.0818,2.08227,1.05,1.05
2012.05.18 12:02:35.028,2.0818,2.08225,1.05,1.50
2012.05.18 12:02:35.252,2.0816,2.08216,1.05,1.05
2012.05.18 12:02:35.841,2.0816,2.08215,1.05,1.50
2012.05.18 12:02:35.968,2.08167,2.08215,1.05,1.50
2012.05.18 12:02:36.280,2.08158,2.08203,1.05,1.50
2012.05.18 12:02:36.597,2.08162,2.08203,1.05,1.50
2012.05.18 12:02:36.727,2.08162,2.08208,1.05,1.50
2012.05.18 12:02:38.798,2.08161,2.08208,1.05,1.50
2012.05.18 12:02:40.686,2.08143,2.08207,1.05,1.05
2012.05.18 12:02:40.888,2.08143,2.08203,1.05,1.50
2012.05.18 12:02:41.301,2.08143,2.082,1.05,1.50
2012.05.18 12:02:45.647,2.08143,2.08207,1.05,2.55
2012.05.18 12:02:45.716,2.08152,2.08207,1.05,1.50
2012.05.18 12:02:46.417,2.08152,2.08206,1.05,1.50
2012.05.18 12:02:52.028,2.08159,2.08206,1.05,1.50
2012.05.18 12:02:52.700,2.08152,2.08206,1.05,1.50
2012.05.18 12:02:54.638,2.08152,2.08206,1.05,1.88
2012.05.18 12:02:54.839,2.08138,2.08197,1.05,1.05
2012.05.18 12:02:55.286,2.08159,2.082,1.05,1.50
2012.05.18 12:02:55.538,2.08139,2.08196,1.05,1.05
2012.05.18 12:02:58.906,2.08159,2.08202,1.05,1.50
2012.05.18 12:03:00.867,2.08159,2.08197,1.05,1.50
2012.05.18 12:03:01.393,2.08159,2.082,1.05,1.50
2012.05.18 12:03:01.460,2.08159,2.08203,1.05,1.50
2012.05.18 12:03:01.532,2.08159,2.08206,1.05,1.05
2012.05.18 12:03:01.659,2.08159,2.08201,1.05,1.50
2012.05.18 12:03:01.790,2.08138,2.08197,1.43,1.05
2012.05.18 12:03:01.862,2.08159,2.08203,1.05,1.50
2012.05.18 12:03:02.168,2.08153,2.08194,1.05,1.50
2012.05.18 12:03:02.239,2.08144,2.08193,1.05,1.05
2012.05.18 12:03:02.571,2.08153,2.08197,1.05,1.50
2012.05.18 12:03:02.766,2.08144,2.0819,1.05,1.50
2012.05.18 12:03:02.837,2.08144,2.08193,1.05,1.05
2012.05.18 12:03:03.389,2.08144,2.08193,1.05,1.43
2012.05.18 12:03:03.457,2.08132,2.08179,1.05,1.05
2012.05.18 12:03:05.407,2.08145,2.08185,1.05,1.50
2012.05.18 12:03:05.478,2.08145,2.08193,1.05,2.55
2012.05.18 12:03:06.052,2.08145,2.08193,1.05,2.93
2012.05.18 12:03:06.359,2.08145,2.08186,1.05,1.50
2012.05.18 12:03:06.430,2.08132,2.08179,1.05,1.05
2012.05.18 12:03:11.859,2.08139,2.08196,1.05,1.05
2012.05.18 12:03:12.239,2.08139,2.08193,1.05,1.50
2012.05.18 12:03:15.126,2.08141,2.08193,1.05,1.50
2012.05.18 12:03:15.495,2.08141,2.08187,1.05,1.50
2012.05.18 12:03:15.697,2.08135,2.08183,1.05,1.05
2012.05.18 12:03:15.867,2.08132,2.08179,1.05,1.05
2012.05.18 12:03:17.347,2.08135,2.08181,1.05,1.05
2012.05.18 12:03:17.510,2.08132,2.08181,1.05,1.05
2012.05.18 12:03:19.172,2.08131,2.0818,1.05,1.05
2012.05.18 12:03:24.937,2.08128,2.08177,1.05,1.05
2012.05.18 12:03:25.247,2.08146,2.08188,1.05,1.50
2012.05.18 12:03:25.462,2.08132,2.08179,1.05,1.05
2012.05.18 12:03:26.410,2.08145,2.08193,1.05,1.05
2012.05.18 12:03:27.181,2.08158,2.08202,1.05,2.25
2012.05.18 12:03:27.590,2.08158,2.08207,1.05,1.05
2012.05.18 12:03:27.749,2.08161,2.08207,1.05,1.05
2012.05.18 12:03:28.076,2.08159,2.08205,1.05,1.50
2012.05.18 12:03:28.602,2.08159,2.08201,1.05,1.50
2012.05.18 12:03:29.261,2.08165,2.08201,1.05,1.50
2012.05.18 12:03:29.386,2.08158,2.08201,1.05,1.50
2012.05.18 12:03:29.747,2.08158,2.08195,1.05,1.50
2012.05.18 12:03:29.939,2.08154,2.08195,1.05,1.50
2012.05.18 12:03:30.070,2.0816,2.08195,1.05,1.50
2012.05.18 12:03:30.202,2.08158,2.08202,1.05,1.50
2012.05.18 12:03:31.804,2.0816,2.08202,1.05,1.50
2012.05.18 12:03:31.929,2.08158,2.08202,1.05,1.50
2012.05.18 12:03:33.332,2.0816,2.08202,1.05,1.50
2012.05.18 12:03:34.027,2.0816,2.08205,1.05,2.25
2012.05.18 12:03:34.246,2.0816,2.08202,1.05,1.50
2012.05.18 12:03:35.880,2.08167,2.08202,1.05,1.50
2012.05.18 12:03:36.191,2.0817,2.08201,1.05,1.50
2012.05.18 12:03:36.725,2.0817,2.08192,1.05,1.50
2012.05.18 12:03:36.804,2.08141,2.08197,1.05,1.05
2012.05.18 12:03:36.867,2.08141,2.08197,1.05,1.80
2012.05.18 12:03:36.936,2.08138,2.08195,1.05,1.13
2012.05.18 12:03:37.136,2.08138,2.08197,1.05,1.80
2012.05.18 12:03:37.456,2.0814,2.08196,1.50,1.80
2012.05.18 12:03:38.017,2.08139,2.08196,1.05,1.05
2012.05.18 12:03:38.864,2.08142,2.08198,1.05,1.05
2012.05.18 12:03:40.236,2.08142,2.08198,1.05,1.80
2012.05.18 12:03:40.915,2.08142,2.08198,1.05,1.80
2012.05.18 12:03:41.195,2.08136,2.08191,1.05,1.50
2012.05.18 12:03:41.265,2.08145,2.08191,1.05,1.50
2012.05.18 12:03:41.727,2.08145,2.08203,1.05,1.80
2012.05.18 12:03:41.795,2.08145,2.08203,1.05,1.05
2012.05.18 12:03:41.925,2.08141,2.08199,1.05,1.05
2012.05.18 12:03:42.251,2.08139,2.08196,1.05,1.05
2012.05.18 12:03:42.556,2.08148,2.08202,1.05,1.50
2012.05.18 12:03:43.382,2.08148,2.08202,1.05,1.88
2012.05.18 12:03:43.718,2.08141,2.08191,1.05,1.05
2012.05.18 12:03:44.098,2.08141,2.08191,1.05,1.80
2012.05.18 12:03:44.830,2.08144,2.0819,1.05,2.25
2012.05.18 12:03:44.959,2.08132,2.08181,1.05,1.05
2012.05.18 12:03:45.041,2.08132,2.08176,1.05,1.50
2012.05.18 12:03:45.111,2.08132,2.08181,1.05,1.05
2012.05.18 12:03:45.240,2.08138,2.08182,1.05,1.50
2012.05.18 12:03:45.548,2.08145,2.08176,1.05,1.50
2012.05.18 12:03:45.739,2.08145,2.08181,1.05,1.50
2012.05.18 12:03:46.007,2.08145,2.08181,1.05,2.25
2012.05.18 12:03:46.077,2.08145,2.08181,1.05,1.50
2012.05.18 12:03:46.152,2.08128,2.0817,1.05,1.50
2012.05.18 12:03:46.220,2.08128,2.08167,1.05,1.50
2012.05.18 12:03:46.527,2.08126,2.08164,1.05,1.50
2012.05.18 12:03:46.599,2.08119,2.08164,1.05,1.50
2012.05.18 12:03:46.667,2.081,2.08157,1.05,1.05
2012.05.18 12:03:46.739,2.08095,2.0814,1.50,1.05
2012.05.18 12:03:47.590,2.08102,2.08152,1.05,1.50
2012.05.18 12:03:47.868,2.08102,2.08152,1.05,1.88
2012.05.18 12:03:48.177,2.08074,2.08122,1.29,1.50
2012.05.18 12:03:48.488,2.08094,2.08104,1.05,1.50
2012.05.18 12:03:48.559,2.08094,2.08121,1.05,1.50
2012.05.18 12:03:48.632,2.08092,2.08121,1.05,1.50
2012.05.18 12:03:48.774,2.08064,2.0809,1.80,1.50
2012.05.18 12:03:48.837,2.08065,2.0809,1.80,1.50
2012.05.18 12:03:48.968,2.08082,2.08113,1.50,1.05
2012.05.18 12:03:49.038,2.08082,2.08123,1.50,1.05
2012.05.18 12:03:49.248,2.08091,2.08139,1.05,1.95
2012.05.18 12:03:49.556,2.08102,2.08139,1.50,1.05
2012.05.18 12:03:50.122,2.08102,2.08138,1.50,1.05
2012.05.18 12:03:50.738,2.08111,2.08138,1.50,1.05
2012.05.18 12:03:50.927,2.08103,2.08146,1.05,1.50
2012.05.18 12:03:50.996,2.0809,2.08137,1.05,1.05
2012.05.18 12:03:51.258,2.0809,2.08134,1.05,1.50
2012.05.18 12:03:51.653,2.08097,2.08134,1.05,1.50
2012.05.18 12:03:52.280,2.08111,2.08138,1.05,1.50
2012.05.18 12:03:52.352,2.08107,2.08156,1.05,1.50
2012.05.18 12:03:52.559,2.08107,2.0816,1.05,1.50
2012.05.18 12:03:52.627,2.08107,2.08164,1.05,1.05
2012.05.18 12:03:53.431,2.08122,2.08171,1.05,1.50
2012.05.18 12:03:53.695,2.0812,2.08171,1.05,1.50
2012.05.18 12:03:54.619,2.08131,2.08171,1.05,1.50
2012.05.18 12:03:55.107,2.08129,2.08171,1.05,1.50
2012.05.18 12:03:55.297,2.0812,2.08171,1.05,1.50
2012.05.18 12:03:55.939,2.08137,2.08171,1.05,1.50
2012.05.18 12:03:56.010,2.08118,2.08165,1.05,1.05
2012.05.18 12:03:56.295,2.08119,2.08167,1.05,1.05
2012.05.18 12:03:56.513,2.08117,2.08164,1.05,1.05
2012.05.18 12:03:57.154,2.08123,2.0817,1.05,3.30
2012.05.18 12:03:57.221,2.08105,2.08151,1.05,1.05
2012.05.18 12:03:57.290,2.08123,2.0816,1.05,1.50
2012.05.18 12:03:57.626,2.08105,2.08153,1.05,1.05
2012.05.18 12:03:57.760,2.08118,2.0816,1.05,1.50
2012.05.18 12:03:58.307,2.08108,2.0816,1.05,1.50
2012.05.18 12:03:58.765,2.08111,2.0816,1.05,1.50
2012.05.18 12:03:59.157,2.08118,2.0816,1.05,1.50
2012.05.18 12:03:59.328,2.08118,2.08164,1.05,1.05
2012.05.18 12:04:00.076,2.08123,2.08166,1.05,1.50
2012.05.18 12:04:00.997,2.08123,2.08172,1.05,1.05
2012.05.18 12:04:01.156,2.08138,2.08175,1.05,1.50
2012.05.18 12:04:01.446,2.08133,2.08175,1.05,2.25
2012.05.18 12:04:01.937,2.08133,2.0817,1.05,1.50
2012.05.18 12:04:02.728,2.08122,2.0817,1.05,1.50
2012.05.18 12:04:03.062,2.0812,2.0817,1.05,1.50
2012.05.18 12:04:03.128,2.0812,2.0817,1.05,2.25
2012.05.18 12:04:03.259,2.081,2.08149,1.50,1.05
2012.05.18 12:04:03.326,2.08094,2.08149,1.05,2.55
2012.05.18 12:04:03.456,2.08107,2.08149,1.05,1.50
2012.05.18 12:04:03.527,2.08107,2.08156,1.05,1.50
2012.05.18 12:04:04.497,2.08107,2.08153,1.05,1.50
2012.05.18 12:04:05.125,2.08107,2.0815,1.05,1.50
2012.05.18 12:04:05.257,2.08107,2.08155,1.05,1.50
2012.05.18 12:04:05.534,2.08112,2.08155,1.05,1.50
2012.05.18 12:04:05.860,2.08121,2.08156,1.05,1.50
2012.05.18 12:04:06.168,2.08126,2.08156,1.05,1.50
2012.05.18 12:04:06.545,2.0811,2.08156,1.05,2.25
2012.05.18 12:04:06.798,2.08096,2.08144,1.05,1.05
2012.05.18 12:04:08.439,2.08092,2.08138,1.50,1.05
2012.05.18 12:04:08.797,2.08096,2.08138,1.50,1.05
2012.05.18 12:04:08.988,2.08099,2.08154,1.50,1.05
2012.05.18 12:04:09.284,2.08106,2.08154,1.50,1.05
2012.05.18 12:04:09.406,2.08103,2.08154,1.50,1.05
2012.05.18 12:04:09.477,2.081,2.08154,1.50,1.05
2012.05.18 12:04:10.367,2.08098,2.08154,1.05,1.05
2012.05.18 12:04:10.501,2.08095,2.08153,1.50,1.05
2012.05.18 12:04:10.900,2.081,2.08154,1.50,1.05
2012.05.18 12:04:11.872,2.08102,2.08154,1.50,1.05
2012.05.18 12:04:12.398,2.08101,2.08155,1.50,1.05
2012.05.18 12:04:14.195,2.08096,2.08155,1.50,1.05
2012.05.18 12:04:14.328,2.08095,2.08148,1.05,1.50
2012.05.18 12:04:14.639,2.08095,2.08116,1.05,2.25
2012.05.18 12:04:14.711,2.08055,2.08095,1.65,1.05
2012.05.18 12:04:14.780,2.08047,2.08095,2.55,1.05
2012.05.18 12:04:14.909,2.08052,2.08095,1.50,1.05
2012.05.18 12:04:15.039,2.08052,2.08109,2.55,1.05
2012.05.18 12:04:15.169,2.08052,2.08094,1.50,1.05
2012.05.18 12:04:15.428,2.08048,2.08094,1.50,1.05
2012.05.18 12:04:15.859,2.08064,2.08111,1.05,1.05
2012.05.18 12:04:16.171,2.08057,2.0811,1.05,1.05
2012.05.18 12:04:16.298,2.08057,2.08089,1.05,1.50
2012.05.18 12:04:17.382,2.0806,2.08089,1.05,1.50
2012.05.18 12:04:17.877,2.08057,2.08089,1.05,1.50
2012.05.18 12:04:18.269,2.08056,2.08105,1.05,1.13
2012.05.18 12:04:18.338,2.08047,2.08096,1.50,1.05
2012.05.18 12:04:18.478,2.08043,2.08088,1.50,1.05
2012.05.18 12:04:18.550,2.08039,2.0809,1.50,1.05
2012.05.18 12:04:18.748,2.08051,2.0809,1.50,1.05
2012.05.18 12:04:18.950,2.08042,2.0809,1.50,1.05
2012.05.18 12:04:19.139,2.08054,2.081,1.05,1.05
2012.05.18 12:04:19.451,2.08042,2.08064,1.50,1.05
2012.05.18 12:04:19.771,2.08038,2.08064,1.50,1.05
2012.05.18 12:04:19.899,2.08043,2.08092,1.05,1.80
2012.05.18 12:04:20.197,2.08043,2.08092,1.05,1.05
2012.05.18 12:04:20.267,2.08058,2.08096,1.05,1.50
2012.05.18 12:04:20.338,2.08058,2.08104,1.05,1.05
2012.05.18 12:04:20.409,2.08058,2.08104,1.05,1.43
2012.05.18 12:04:20.537,2.08044,2.08091,1.05,1.05
2012.05.18 12:04:20.668,2.08044,2.08091,1.05,1.43
2012.05.18 12:04:20.798,2.08031,2.08077,1.50,1.05
2012.05.18 12:04:20.988,2.08043,2.08092,1.05,1.05
2012.05.18 12:04:21.846,2.08043,2.08092,1.05,1.39
2012.05.18 12:04:22.272,2.0803,2.08077,1.05,1.05
2012.05.18 12:04:22.981,2.08029,2.08078,1.05,1.05
2012.05.18 12:04:23.288,2.08036,2.08082,1.05,1.50
2012.05.18 12:04:23.729,2.08036,2.08084,1.05,1.05
2012.05.18 12:04:24.059,2.08039,2.08086,1.05,1.05
2012.05.18 12:04:24.528,2.08036,2.08084,1.05,1.05
2012.05.18 12:04:25.736,2.08037,2.08083,1.05,1.05
2012.05.18 12:04:28.028,2.0803,2.08077,1.05,1.05
2012.05.18 12:04:28.608,2.08023,2.08071,1.05,1.05
2012.05.18 12:04:28.681,2.08026,2.08071,1.50,1.05
2012.05.18 12:04:28.809,2.08023,2.08071,1.05,1.05
2012.05.18 12:04:28.938,2.08025,2.08074,1.05,1.05
2012.05.18 12:04:29.023,2.08023,2.08071,1.05,1.05
2012.05.18 12:04:29.389,2.08035,2.08083,1.05,1.05
2012.05.18 12:04:30.112,2.08036,2.08084,1.05,1.05
2012.05.18 12:04:31.708,2.08031,2.08079,1.05,1.05
2012.05.18 12:04:32.084,2.08028,2.08074,1.05,1.05
2012.05.18 12:04:32.149,2.08025,2.08074,1.05,1.05
2012.05.18 12:04:32.301,2.08029,2.08076,1.05,1.05
2012.05.18 12:04:32.368,2.08029,2.08078,1.05,1.05
2012.05.18 12:04:32.442,2.08023,2.08071,1.05,1.05
2012.05.18 12:04:32.848,2.08029,2.08071,1.50,1.05
2012.05.18 12:04:33.202,2.08033,2.08071,1.50,1.05
2012.05.18 12:04:33.328,2.08036,2.08085,1.05,1.05
2012.05.18 12:04:33.859,2.08051,2.08098,1.05,1.43
2012.05.18 12:04:34.049,2.08036,2.08085,1.05,1.05
2012.05.18 12:04:34.240,2.0805,2.08099,1.05,1.05
2012.05.18 12:04:34.578,2.0805,2.08097,1.05,1.88
2012.05.18 12:04:34.929,2.08065,2.08106,1.05,2.25
2012.05.18 12:04:35.179,2.08065,2.08111,1.05,1.05
2012.05.18 12:04:35.684,2.08077,2.08108,1.05,1.50
2012.05.18 12:04:35.752,2.08077,2.08118,1.05,1.50
2012.05.18 12:04:35.997,2.08077,2.08111,1.05,1.50
2012.05.18 12:04:36.069,2.08059,2.08111,1.05,1.50
2012.05.18 12:04:36.255,2.08059,2.08115,1.05,1.05
2012.05.18 12:04:37.260,2.08059,2.08111,1.05,1.50
2012.05.18 12:04:37.329,2.08054,2.08111,1.05,1.50
2012.05.18 12:04:37.517,2.08054,2.08102,1.05,1.50
2012.05.18 12:04:37.887,2.08054,2.08108,1.05,1.50
2012.05.18 12:04:37.958,2.0805,2.08108,1.05,2.55
2012.05.18 12:04:38.086,2.08055,2.08108,1.05,1.50
2012.05.18 12:04:38.157,2.08053,2.08108,1.05,1.50
2012.05.18 12:04:38.948,2.08053,2.08103,1.05,1.50
2012.05.18 12:04:39.258,2.08053,2.08094,1.05,1.50
2012.05.18 12:04:39.386,2.08045,2.08093,1.05,1.05
2012.05.18 12:04:41.659,2.08048,2.08089,1.05,1.50
2012.05.18 12:04:41.996,2.08062,2.08098,1.05,1.50
2012.05.18 12:04:42.127,2.08048,2.08095,1.05,1.05
2012.05.18 12:04:42.258,2.08046,2.08088,1.05,1.50
2012.05.18 12:04:43.127,2.08045,2.08088,1.05,1.50
2012.05.18 12:04:43.552,2.08048,2.08088,1.05,1.50
2012.05.18 12:04:43.653,2.08046,2.08088,1.05,1.50
2012.05.18 12:04:43.870,2.08027,2.08083,1.05,1.05
2012.05.18 12:04:44.126,2.08021,2.08078,1.50,1.05
2012.05.18 12:04:44.677,2.0802,2.08078,1.05,1.05
2012.05.18 12:04:44.762,2.08028,2.08081,1.05,1.50
2012.05.18 12:04:44.868,2.08025,2.08081,1.05,1.50
2012.05.18 12:04:47.259,2.08021,2.08077,1.05,1.05
2012.05.18 12:04:47.851,2.08025,2.08081,1.05,2.55
2012.05.18 12:04:49.381,2.08026,2.08081,1.05,1.50
2012.05.18 12:04:50.677,2.08018,2.08077,1.05,1.05
2012.05.18 12:04:50.925,2.08024,2.08081,1.05,1.50
2012.05.18 12:04:51.476,2.08026,2.08081,1.05,1.50
2012.05.18 12:04:53.317,2.08031,2.08081,1.05,1.50
2012.05.18 12:04:53.816,2.08031,2.08081,1.05,2.25
2012.05.18 12:04:54.127,2.08,2.08057,1.80,1.50
2012.05.18 12:04:54.257,2.0801,2.08059,1.05,1.50
2012.05.18 12:04:54.447,2.0801,2.08067,1.05,1.50
2012.05.18 12:04:54.517,2.08005,2.08061,1.05,1.05
2012.05.18 12:04:54.952,2.08005,2.08058,1.05,1.50
2012.05.18 12:05:01.155,2.08011,2.08058,1.05,1.50
2012.05.18 12:05:01.648,2.08011,2.08068,1.05,1.05
2012.05.18 12:05:02.154,2.08018,2.08065,1.05,1.50
2012.05.18 12:05:02.637,2.08037,2.08065,1.05,1.50
2012.05.18 12:05:02.708,2.0804,2.08075,1.05,1.50
2012.05.18 12:05:03.146,2.0804,2.08083,1.05,1.50
2012.05.18 12:05:03.288,2.0804,2.08095,1.05,1.05
2012.05.18 12:05:03.498,2.08052,2.08097,1.05,1.50
2012.05.18 12:05:03.688,2.08052,2.08106,1.05,2.25
2012.05.18 12:05:03.757,2.08051,2.08098,1.05,1.05
2012.05.18 12:05:04.091,2.08051,2.08091,1.05,1.50
2012.05.18 12:05:04.367,2.08049,2.08091,1.05,1.50
2012.05.18 12:05:04.496,2.08049,2.08097,1.05,1.05
2012.05.18 12:05:04.957,2.08048,2.08095,1.05,1.05
2012.05.18 12:05:05.478,2.0806,2.08103,1.05,1.50
2012.05.18 12:05:05.783,2.08065,2.08106,1.05,1.50
2012.05.18 12:05:05.848,2.08065,2.08111,1.05,1.05
2012.05.18 12:05:06.466,2.08065,2.08109,1.05,1.50
2012.05.18 12:05:11.378,2.08065,2.08111,1.05,1.05
2012.05.18 12:05:11.447,2.08065,2.08109,1.05,1.50
2012.05.18 12:05:11.578,2.08062,2.08111,1.05,1.05
2012.05.18 12:05:11.742,2.08065,2.08111,1.05,1.05
2012.05.18 12:05:12.826,2.0806,2.08108,1.05,1.05
2012.05.18 12:05:13.729,2.08062,2.08108,1.05,1.50
2012.05.18 12:05:14.179,2.08065,2.08108,1.05,1.50
2012.05.18 12:05:16.506,2.08065,2.08097,1.05,1.50
2012.05.18 12:05:16.838,2.08024,2.08066,1.35,1.50
2012.05.18 12:05:16.906,2.0802,2.08058,1.05,1.05
2012.05.18 12:05:16.977,2.08015,2.08058,1.50,1.05
2012.05.18 12:05:17.106,2.08037,2.08081,1.05,1.05
2012.05.18 12:05:17.479,2.08035,2.08081,1.05,1.05
2012.05.18 12:05:17.608,2.08041,2.08087,1.05,1.05
2012.05.18 12:05:17.802,2.08037,2.08085,1.05,1.05
2012.05.18 12:05:18.059,2.08032,2.08079,1.50,1.05
2012.05.18 12:05:18.189,2.0803,2.08079,1.05,1.05
2012.05.18 12:05:18.750,2.08031,2.08078,1.05,1.05
2012.05.18 12:05:21.247,2.08044,2.08091,1.05,1.05
2012.05.18 12:05:24.357,2.08046,2.08095,1.05,1.05
2012.05.18 12:05:29.120,2.08044,2.08091,1.05,1.05
2012.05.18 12:05:36.238,2.0805,2.08099,1.05,1.05
2012.05.18 12:05:36.428,2.0805,2.08095,1.05,1.50
2012.05.18 12:05:36.558,2.08043,2.08092,1.05,1.05
2012.05.18 12:05:36.627,2.08043,2.08089,1.05,1.50
2012.05.18 12:05:38.729,2.08043,2.08092,1.05,2.55
2012.05.18 12:05:49.902,2.08043,2.08089,1.05,1.50
2012.05.18 12:05:51.368,2.08043,2.08092,1.05,1.05
2012.05.18 12:06:05.936,2.08038,2.08084,1.05,1.05
2012.05.18 12:06:07.147,2.08043,2.08092,1.05,1.05
2012.05.18 12:06:09.358,2.08043,2.08092,1.05,1.80
2012.05.18 12:06:09.429,2.08024,2.08064,1.50,1.05
2012.05.18 12:06:09.737,2.08017,2.08064,2.55,1.05
2012.05.18 12:06:15.797,2.08024,2.08079,1.05,1.50
2012.05.18 12:06:16.048,2.08044,2.08091,1.05,1.05
2012.05.18 12:06:18.361,2.08044,2.08091,1.05,1.43
2012.05.18 12:06:18.431,2.08027,2.08082,1.50,1.05
2012.05.18 12:06:36.907,2.08035,2.08082,1.50,1.05
2012.05.18 12:06:36.977,2.08031,2.08082,1.50,1.05
2012.05.18 12:06:37.049,2.08029,2.08082,1.50,1.05
2012.05.18 12:06:37.176,2.08043,2.08092,1.05,1.05
2012.05.18 12:06:38.752,2.08043,2.08091,1.05,1.50
2012.05.18 12:06:39.797,2.08043,2.08092,1.05,1.05
2012.05.18 12:06:40.480,2.08043,2.08091,1.05,1.50
2012.05.18 12:06:43.405,2.08072,2.08095,1.05,1.50
2012.05.18 12:06:43.562,2.08072,2.081,1.05,1.50
2012.05.18 12:06:43.687,2.0806,2.081,1.13,1.50
2012.05.18 12:06:43.817,2.08079,2.081,1.05,1.50
2012.05.18 12:06:43.887,2.08079,2.08105,1.05,1.50
2012.05.18 12:06:44.019,2.08079,2.08132,1.05,1.50
2012.05.18 12:06:44.087,2.08079,2.08135,1.05,2.25
2012.05.18 12:06:44.314,2.08079,2.08128,1.05,1.50
2012.05.18 12:06:44.640,2.08079,2.08133,1.05,1.50
2012.05.18 12:06:44.768,2.08079,2.08135,1.05,1.50
2012.05.18 12:06:45.900,2.08079,2.08136,1.05,1.05
2012.05.18 12:06:46.739,2.08085,2.08136,1.50,1.05
2012.05.18 12:06:47.079,2.08099,2.08121,1.05,1.50
2012.05.18 12:06:47.410,2.08099,2.08115,1.05,1.50
2012.05.18 12:06:47.479,2.08093,2.08115,1.05,1.50
2012.05.18 12:06:47.549,2.08086,2.08115,1.05,1.50
2012.05.18 12:06:48.523,2.08088,2.0811,1.05,1.50
2012.05.18 12:06:48.861,2.08087,2.08132,1.05,1.50
2012.05.18 12:06:48.930,2.08087,2.0814,1.05,1.50
2012.05.18 12:06:49.191,2.08087,2.08147,1.05,2.25
2012.05.18 12:06:49.258,2.08087,2.08147,1.05,1.50
2012.05.18 12:06:49.799,2.08088,2.08147,1.05,2.25
2012.05.18 12:06:50.059,2.08088,2.08147,1.05,1.50
2012.05.18 12:06:50.616,2.08088,2.08141,1.05,1.50
2012.05.18 12:06:50.686,2.08088,2.08148,1.05,2.25
2012.05.18 12:06:50.817,2.08087,2.0814,1.05,1.50
2012.05.18 12:06:51.258,2.08087,2.08133,1.05,1.50
2012.05.18 12:06:51.986,2.08087,2.08125,1.05,1.50
2012.05.18 12:06:52.301,2.08054,2.08086,1.05,1.05
2012.05.18 12:06:52.428,2.08037,2.08086,1.29,1.05
2012.05.18 12:06:52.497,2.08052,2.08096,1.05,1.50
2012.05.18 12:06:53.166,2.08052,2.08089,1.05,1.50
2012.05.18 12:06:53.252,2.08024,2.08072,1.05,1.05
2012.05.18 12:06:56.258,2.0803,2.08079,1.05,1.05
2012.05.18 12:06:56.771,2.0803,2.0807,1.50,1.05
2012.05.18 12:06:56.899,2.08031,2.08078,1.05,1.05
2012.05.18 12:06:57.029,2.08038,2.08084,1.05,1.05
2012.05.18 12:06:59.521,2.08036,2.08084,1.05,1.05
2012.05.18 12:06:59.881,2.08043,2.08097,1.05,1.80
2012.05.18 12:07:00.009,2.08036,2.08084,1.05,1.05
2012.05.18 12:07:00.196,2.08043,2.08097,1.05,1.65
2012.05.18 12:07:00.265,2.08043,2.08097,1.05,1.50
2012.05.18 12:07:00.458,2.08036,2.08084,1.05,1.05
2012.05.18 12:07:01.519,2.08038,2.08084,1.05,1.05
2012.05.18 12:07:05.070,2.08045,2.08099,1.05,1.50
2012.05.18 12:07:05.138,2.08045,2.08096,1.05,1.50
2012.05.18 12:07:05.488,2.08045,2.08089,1.80,1.50
2012.05.18 12:07:05.768,2.08045,2.08098,1.80,1.50
2012.05.18 12:07:06.118,2.08053,2.08098,1.05,1.50
2012.05.18 12:07:06.467,2.08056,2.08093,1.50,1.50
2012.05.18 12:07:06.537,2.08061,2.08113,1.50,1.43
2012.05.18 12:07:06.856,2.08055,2.0811,1.50,1.43
2012.05.18 12:07:07.419,2.08055,2.0811,2.25,1.05
2012.05.18 12:07:07.489,2.08073,2.08119,1.05,1.27
2012.05.18 12:07:07.751,2.08067,2.08115,1.50,1.80
2012.05.18 12:07:08.597,2.08066,2.08115,1.05,1.05
2012.05.18 12:07:10.644,2.08073,2.08117,1.05,1.50
2012.05.18 12:07:13.748,2.08066,2.08115,1.05,1.80
2012.05.18 12:07:13.821,2.08066,2.08112,1.05,1.50
2012.05.18 12:07:14.145,2.08066,2.08114,1.05,1.50
2012.05.18 12:07:23.413,2.08074,2.08114,1.05,1.50
2012.05.18 12:07:23.760,2.08059,2.081,1.05,1.50
2012.05.18 12:07:23.830,2.08059,2.08106,1.05,1.50
2012.05.18 12:07:23.898,2.08059,2.08106,1.05,2.25
2012.05.18 12:07:24.181,2.08046,2.08093,1.05,1.05
2012.05.18 12:07:24.735,2.08048,2.08099,1.05,1.88
2012.05.18 12:07:24.867,2.08048,2.08099,1.05,1.50
2012.05.18 12:07:25.007,2.08048,2.08103,1.05,1.43
2012.05.18 12:07:25.567,2.08048,2.081,1.05,1.50
2012.05.18 12:07:25.768,2.08048,2.08103,1.05,1.43
2012.05.18 12:07:26.216,2.08048,2.08099,1.05,1.50
2012.05.18 12:07:26.896,2.08048,2.08099,1.05,1.88
2012.05.18 12:07:27.040,2.08045,2.08094,1.05,1.05
2012.05.18 12:07:29.838,2.08045,2.08092,1.05,1.50
2012.05.18 12:07:30.755,2.08045,2.08086,1.05,1.50
2012.05.18 12:07:30.999,2.08045,2.0809,1.05,1.50
2012.05.18 12:07:33.495,2.08045,2.08087,1.05,1.50
2012.05.18 12:07:33.798,2.08045,2.0809,1.05,1.50
2012.05.18 12:07:33.868,2.08045,2.08094,1.05,1.05
2012.05.18 12:07:33.938,2.08048,2.08095,1.05,1.88
2012.05.18 12:07:35.769,2.08048,2.08088,1.05,1.50
2012.05.18 12:07:48.389,2.08048,2.08096,1.05,1.43
2012.05.18 12:07:48.484,2.08048,2.08091,1.05,1.50
2012.05.18 12:07:48.953,2.08049,2.08084,1.05,1.50
2012.05.18 12:07:53.716,2.08052,2.08084,1.05,1.50
2012.05.18 12:07:53.788,2.08052,2.08087,1.05,1.50
2012.05.18 12:07:53.857,2.08052,2.0809,1.05,1.50
2012.05.18 12:07:54.987,2.08052,2.081,1.05,1.05
2012.05.18 12:07:55.118,2.08066,2.08101,1.05,1.09
2012.05.18 12:07:55.248,2.08031,2.08073,1.50,1.05
2012.05.18 12:07:55.440,2.08025,2.08073,1.50,1.05
2012.05.18 12:07:55.698,2.08038,2.08092,1.05,1.80
2012.05.18 12:07:55.799,2.08038,2.08092,1.05,1.50
2012.05.18 12:07:55.928,2.08059,2.08092,1.05,1.50
2012.05.18 12:07:56.371,2.08039,2.0808,1.05,1.50
2012.05.18 12:07:57.313,2.08041,2.08096,1.50,1.05
2012.05.18 12:07:57.382,2.08072,2.08097,1.05,1.09
2012.05.18 12:07:57.448,2.08041,2.08079,1.50,1.05
2012.05.18 12:07:57.518,2.08033,2.08079,1.50,1.05
2012.05.18 12:07:57.587,2.08031,2.08079,1.05,1.05
2012.05.18 12:07:57.718,2.08031,2.08075,1.05,1.50
2012.05.18 12:07:58.027,2.08059,2.0808,1.05,1.50
2012.05.18 12:07:58.217,2.08016,2.0808,1.05,1.50
2012.05.18 12:07:58.348,2.08016,2.08074,1.05,1.50
2012.05.18 12:07:58.661,2.08039,2.08074,1.05,1.50
2012.05.18 12:07:58.728,2.08039,2.08081,1.05,1.50
2012.05.18 12:07:59.657,2.08031,2.08079,1.05,1.05
2012.05.18 12:07:59.798,2.08031,2.08074,1.05,1.50
2012.05.18 12:08:00.423,2.08031,2.08079,1.05,2.55
2012.05.18 12:08:05.931,2.08059,2.08099,1.05,2.25
2012.05.18 12:08:07.668,2.08059,2.08092,1.05,1.50
2012.05.18 12:08:11.456,2.08059,2.08098,1.05,1.50
2012.05.18 12:08:12.388,2.08059,2.08097,1.05,1.50
2012.05.18 12:08:12.458,2.08059,2.08092,1.05,1.50
2012.05.18 12:08:12.660,2.08059,2.08097,1.05,1.50
2012.05.18 12:08:12.847,2.08059,2.08101,1.05,1.50
2012.05.18 12:08:13.379,2.08053,2.08099,1.05,1.05
2012.05.18 12:08:13.747,2.0806,2.08112,1.05,2.25
2012.05.18 12:08:14.287,2.0806,2.08116,1.05,1.05
2012.05.18 12:08:14.592,2.0806,2.08111,1.05,1.50
2012.05.18 12:08:15.039,2.0806,2.08115,1.05,1.50
2012.05.18 12:08:15.844,2.0806,2.08116,1.05,1.05
2012.05.18 12:08:16.654,2.0806,2.08115,1.05,1.50
2012.05.18 12:08:16.717,2.0806,2.08111,1.05,1.50
2012.05.18 12:08:17.168,2.0806,2.08116,1.05,1.05
2012.05.18 12:08:22.640,2.0806,2.08113,1.05,1.50
2012.05.18 12:08:23.840,2.0806,2.08109,1.05,1.50
2012.05.18 12:08:24.147,2.08094,2.08109,1.05,1.50
2012.05.18 12:08:24.217,2.08094,2.08125,1.05,1.95
2012.05.18 12:08:24.347,2.08094,2.08128,1.05,2.25
2012.05.18 12:08:24.477,2.0806,2.08116,1.05,1.05
2012.05.18 12:08:24.546,2.0806,2.08113,1.05,1.50
2012.05.18 12:08:24.858,2.08066,2.0811,1.05,1.50
2012.05.18 12:08:25.251,2.08052,2.081,1.05,1.05
2012.05.18 12:08:39.046,2.08052,2.08097,1.05,1.50
2012.05.18 12:08:39.408,2.08052,2.08092,1.05,1.50
2012.05.18 12:08:43.049,2.08052,2.081,1.05,2.55
2012.05.18 12:08:47.975,2.08052,2.08097,1.05,1.50
2012.05.18 12:08:48.376,2.08052,2.08093,1.05,1.50
2012.05.18 12:08:48.456,2.08052,2.08099,1.05,1.50
2012.05.18 12:08:50.236,2.08052,2.081,1.05,1.05
2012.05.18 12:08:52.403,2.08053,2.081,1.50,1.05
2012.05.18 12:08:53.140,2.08052,2.081,1.05,1.05
2012.05.18 12:09:02.466,2.08051,2.08098,1.05,1.05
2012.05.18 12:09:08.704,2.08058,2.08088,1.05,1.88
2012.05.18 12:09:08.767,2.08031,2.08078,1.50,1.05
2012.05.18 12:09:09.231,2.08038,2.08084,1.05,1.50
2012.05.18 12:09:09.538,2.08057,2.08079,1.05,1.50
2012.05.18 12:09:09.759,2.08043,2.08087,1.05,1.50
2012.05.18 12:09:09.969,2.08031,2.08077,1.05,1.05
2012.05.18 12:09:10.809,2.08031,2.08073,1.05,1.50
2012.05.18 12:09:18.218,2.08044,2.08073,1.05,1.50
2012.05.18 12:09:18.289,2.08044,2.0808,1.05,1.50
2012.05.18 12:09:20.069,2.08031,2.08077,1.05,1.05
2012.05.18 12:09:20.256,2.08031,2.08074,1.05,1.50
2012.05.18 12:09:21.966,2.08044,2.08074,1.05,1.50
2012.05.18 12:09:22.157,2.08044,2.08078,1.05,1.50
2012.05.18 12:09:22.225,2.08044,2.08082,1.05,1.50
2012.05.18 12:09:24.470,2.08046,2.08082,1.05,1.50
2012.05.18 12:09:31.477,2.08046,2.08089,1.05,1.50
2012.05.18 12:09:31.855,2.08046,2.08085,1.05,1.50
2012.05.18 12:09:32.260,2.08046,2.0808,1.05,1.50
2012.05.18 12:09:35.090,2.08059,2.0808,1.05,1.50
2012.05.18 12:09:35.220,2.08059,2.08085,1.05,1.50
2012.05.18 12:09:35.288,2.08053,2.08085,1.05,1.50
2012.05.18 12:09:35.417,2.08053,2.08088,1.05,1.50
2012.05.18 12:09:35.646,2.08053,2.08082,1.05,1.50
2012.05.18 12:09:37.828,2.08059,2.08082,1.05,1.50
2012.05.18 12:09:38.018,2.08045,2.08076,1.05,1.50
2012.05.18 12:09:38.635,2.08045,2.08079,1.05,1.50
2012.05.18 12:09:38.699,2.08032,2.08078,1.05,1.05
2012.05.18 12:09:38.767,2.08032,2.0807,1.05,1.50
2012.05.18 12:09:39.086,2.08032,2.08062,1.05,1.50
2012.05.18 12:09:39.218,2.08032,2.08069,1.05,1.50
2012.05.18 12:09:39.953,2.08032,2.08062,1.05,1.50
2012.05.18 12:09:44.781,2.08032,2.08067,1.05,1.50
2012.05.18 12:09:44.906,2.08032,2.08069,1.05,1.50
2012.05.18 12:09:50.980,2.08032,2.08061,1.05,1.50
2012.05.18 12:09:51.556,2.08031,2.08062,1.05,1.50
2012.05.18 12:09:51.632,2.08018,2.08062,1.05,1.50
2012.05.18 12:09:52.522,2.08018,2.08063,1.05,1.50
2012.05.18 12:09:52.660,2.08038,2.08065,1.50,1.05
2012.05.18 12:09:52.787,2.08046,2.08085,1.05,1.13
2012.05.18 12:09:52.917,2.0804,2.08065,1.50,1.05
2012.05.18 12:09:52.987,2.08018,2.08065,1.05,1.05
2012.05.18 12:09:53.909,2.08032,2.08075,1.05,2.25
2012.05.18 12:09:54.037,2.08036,2.08078,1.50,1.80
2012.05.18 12:09:54.597,2.08036,2.08071,1.50,1.50
2012.05.18 12:09:54.667,2.08017,2.08066,1.05,1.05
2012.05.18 12:09:54.978,2.08022,2.08066,1.50,1.05
2012.05.18 12:09:55.108,2.08022,2.08068,1.50,1.05
2012.05.18 12:09:55.177,2.08031,2.08068,1.50,1.05
2012.05.18 12:09:55.246,2.08031,2.08079,2.55,1.80
2012.05.18 12:09:55.319,2.08034,2.08079,1.50,1.05
2012.05.18 12:09:56.740,2.08031,2.08079,1.05,1.05
2012.05.18 12:09:56.868,2.08045,2.08082,1.05,1.88
2012.05.18 12:09:56.999,2.08032,2.08073,1.05,1.50
2012.05.18 12:09:57.067,2.08032,2.08066,1.05,1.50
2012.05.18 12:09:58.696,2.08032,2.08072,1.05,1.88
2012.05.18 12:09:58.769,2.08017,2.08066,1.05,1.05
2012.05.18 12:09:58.957,2.08032,2.08062,1.05,1.50
2012.05.18 12:09:59.028,2.08036,2.08078,1.50,1.05
2012.05.18 12:09:59.216,2.08045,2.0809,1.05,1.80
2012.05.18 12:09:59.746,2.08045,2.08084,1.05,1.13
2012.05.18 12:10:00.080,2.08043,2.08078,1.50,1.05
2012.05.18 12:10:00.391,2.08036,2.08078,1.50,1.43
2012.05.18 12:10:00.716,2.08036,2.08082,1.50,1.43
2012.05.18 12:10:00.847,2.08039,2.08082,1.50,1.43
2012.05.18 12:10:01.049,2.08034,2.08082,1.05,1.05
2012.05.18 12:10:01.176,2.08047,2.08084,1.05,1.13
2012.05.18 12:10:01.668,2.08035,2.0807,1.05,1.50
2012.05.18 12:10:02.832,2.08035,2.0807,1.05,1.88
2012.05.18 12:10:03.139,2.08021,2.08067,1.05,1.43
2012.05.18 12:10:04.234,2.08034,2.08075,1.05,2.25
2012.05.18 12:10:04.539,2.08034,2.08079,1.05,1.50
2012.05.18 12:10:04.607,2.08034,2.08082,1.05,1.43
2012.05.18 12:10:04.682,2.08047,2.08087,1.05,1.20
2012.05.18 12:10:04.808,2.08047,2.08091,1.05,1.05
2012.05.18 12:10:04.936,2.08042,2.08091,1.05,1.05
2012.05.18 12:10:05.067,2.08042,2.08094,1.05,2.25
2012.05.18 12:10:05.198,2.08042,2.08094,1.05,1.50
2012.05.18 12:10:05.442,2.08062,2.08094,1.05,1.50
2012.05.18 12:10:05.747,2.08062,2.08099,1.05,1.50
2012.05.18 12:10:05.938,2.08062,2.08096,1.05,1.50
2012.05.18 12:10:06.331,2.08062,2.08093,1.05,1.50
2012.05.18 12:10:06.947,2.08062,2.08108,1.05,1.80
2012.05.18 12:10:09.009,2.08062,2.08097,1.05,1.50
2012.05.18 12:10:11.332,2.08062,2.08097,1.05,1.88
2012.05.18 12:10:11.638,2.08062,2.08095,1.05,1.13
2012.05.18 12:10:11.708,2.08047,2.08085,1.05,1.13
2012.05.18 12:10:11.777,2.08035,2.08081,1.05,1.43
2012.05.18 12:10:12.217,2.08062,2.08096,1.05,1.05
2012.05.18 12:10:12.287,2.08062,2.08097,1.05,1.65
2012.05.18 12:10:12.410,2.08062,2.08097,1.05,1.50
2012.05.18 12:10:14.155,2.08062,2.08103,1.05,1.50
2012.05.18 12:10:22.918,2.08062,2.08103,1.05,2.25
2012.05.18 12:10:27.736,2.08042,2.08095,1.05,1.13
2012.05.18 12:10:28.194,2.08042,2.08098,1.05,1.80
2012.05.18 12:10:28.260,2.08042,2.08091,1.05,1.50
2012.05.18 12:10:28.608,2.08048,2.08091,1.05,1.50
2012.05.18 12:10:28.678,2.08048,2.08097,1.05,2.25
2012.05.18 12:10:33.640,2.08048,2.08097,1.05,1.50
2012.05.18 12:10:33.730,2.08048,2.08102,1.05,1.88
2012.05.18 12:10:34.292,2.08048,2.08098,1.05,1.50
2012.05.18 12:10:37.821,2.08048,2.08098,1.05,2.25
2012.05.18 12:10:38.427,2.08041,2.08096,1.05,1.13
2012.05.18 12:10:38.871,2.08041,2.08098,1.05,1.88
2012.05.18 12:10:40.657,2.08042,2.08099,1.50,1.43
2012.05.18 12:10:40.899,2.08041,2.08099,1.05,1.05
2012.05.18 12:10:40.969,2.08061,2.08102,1.05,1.50
2012.05.18 12:10:48.307,2.08061,2.08108,1.05,1.13
2012.05.18 12:10:48.377,2.08061,2.08103,1.05,1.50
2012.05.18 12:10:48.648,2.08039,2.08096,1.05,1.43
2012.05.18 12:10:51.160,2.08039,2.08096,1.05,1.05
2012.05.18 12:10:51.230,2.08046,2.08102,1.05,1.43
2012.05.18 12:10:51.560,2.08046,2.08102,1.05,1.80
2012.05.18 12:10:51.630,2.08042,2.08098,1.05,1.43
2012.05.18 12:10:52.060,2.08045,2.08103,1.05,1.43
2012.05.18 12:10:52.714,2.08045,2.08103,1.05,1.43
2012.05.18 12:10:53.048,2.0805,2.08096,1.50,1.43
2012.05.18 12:10:53.426,2.08059,2.08106,1.05,1.80
2012.05.18 12:10:53.669,2.08059,2.08106,1.05,1.43
2012.05.18 12:10:53.737,2.08053,2.08099,2.55,1.05
2012.05.18 12:10:57.400,2.08055,2.08102,1.05,1.05
2012.05.18 12:10:57.863,2.08054,2.08099,1.50,1.05
2012.05.18 12:10:57.930,2.08058,2.08107,1.05,1.05
2012.05.18 12:11:08.587,2.08062,2.08108,1.05,1.43
2012.05.18 12:11:11.487,2.08075,2.08121,1.05,2.25
2012.05.18 12:11:11.717,2.08062,2.08108,1.05,1.05
2012.05.18 12:11:12.610,2.08059,2.08106,1.05,1.05
2012.05.18 12:11:13.916,2.08061,2.08109,1.05,1.05
2012.05.18 12:11:14.048,2.08082,2.08118,1.05,1.50
2012.05.18 12:11:14.120,2.08082,2.08122,1.05,2.25
2012.05.18 12:11:14.248,2.08082,2.08126,1.05,1.50
2012.05.18 12:11:14.469,2.08088,2.08127,1.05,1.09
2012.05.18 12:11:14.599,2.08082,2.08127,1.05,1.09
2012.05.18 12:11:15.151,2.08082,2.08125,1.05,1.50
2012.05.18 12:11:15.362,2.08067,2.08116,1.05,1.43
2012.05.18 12:11:18.526,2.08067,2.08116,1.05,2.18
2012.05.18 12:11:18.751,2.08067,2.08116,1.05,1.43
2012.05.18 12:11:20.710,2.0806,2.08107,1.05,1.05
2012.05.18 12:11:22.459,2.08067,2.08113,1.05,1.05
2012.05.18 12:11:24.937,2.08073,2.0812,1.05,1.05
2012.05.18 12:11:25.918,2.08066,2.08114,1.05,1.05
2012.05.18 12:11:41.176,2.08074,2.08125,1.05,1.13
2012.05.18 12:11:41.252,2.08074,2.08127,1.05,2.25
2012.05.18 12:11:41.447,2.08074,2.08125,1.05,1.13
2012.05.18 12:11:41.832,2.08068,2.08115,1.05,1.80
2012.05.18 12:11:41.959,2.08066,2.08114,1.05,1.80
2012.05.18 12:11:42.087,2.08066,2.08112,1.05,1.50
2012.05.18 12:11:42.707,2.08066,2.08114,1.05,1.80
2012.05.18 12:11:53.396,2.08068,2.08115,1.05,1.05
2012.05.18 12:11:54.647,2.08068,2.08117,1.05,1.05
2012.05.18 12:11:54.778,2.08067,2.08113,1.05,1.05
2012.05.18 12:11:56.319,2.08069,2.08116,1.05,1.05
2012.05.18 12:11:56.388,2.08075,2.08121,1.05,1.05
2012.05.18 12:11:56.821,2.08067,2.08113,1.05,1.05
2012.05.18 12:11:57.132,2.08068,2.08105,1.05,2.25
2012.05.18 12:11:57.272,2.08054,2.08105,1.05,2.25
2012.05.18 12:11:58.051,2.08054,2.081,1.05,1.50
2012.05.18 12:11:58.660,2.08054,2.08104,1.05,2.25
2012.05.18 12:11:59.047,2.08054,2.08098,1.05,1.50
2012.05.18 12:11:59.178,2.08045,2.08094,1.05,1.05
2012.05.18 12:11:59.381,2.08045,2.08094,1.05,1.80
2012.05.18 12:11:59.630,2.08027,2.08068,1.50,1.05
2012.05.18 12:11:59.700,2.08023,2.08068,1.50,1.05
2012.05.18 12:12:00.013,2.08031,2.08079,1.05,1.05
2012.05.18 12:12:00.161,2.08031,2.08079,1.05,1.80
2012.05.18 12:12:00.290,2.08023,2.08067,1.50,1.05
2012.05.18 12:12:00.358,2.08023,2.08065,1.50,1.05
2012.05.18 12:12:00.495,2.0802,2.08065,1.50,1.05
2012.05.18 12:12:00.898,2.08019,2.08064,1.05,1.13
2012.05.18 12:12:00.967,2.08009,2.08055,1.50,1.05
2012.05.18 12:12:01.106,2.08006,2.08055,1.50,1.05
2012.05.18 12:12:01.238,2.08008,2.08055,1.50,1.05
2012.05.18 12:12:01.308,2.08008,2.08059,1.50,1.05
2012.05.18 12:12:01.380,2.08016,2.08059,1.50,1.05
2012.05.18 12:12:01.450,2.0802,2.08067,1.05,1.05
2012.05.18 12:12:01.894,2.08027,2.08071,1.05,1.09
2012.05.18 12:12:02.142,2.08019,2.08065,1.05,1.05
2012.05.18 12:12:02.871,2.08019,2.08065,1.05,1.80
2012.05.18 12:12:04.283,2.08019,2.08062,1.05,1.50
2012.05.18 12:12:06.959,2.08019,2.08062,1.05,2.25
2012.05.18 12:12:07.089,2.08025,2.08062,1.05,1.50
2012.05.18 12:12:07.162,2.08005,2.08062,1.05,2.89
2012.05.18 12:12:07.233,2.08005,2.08057,1.05,1.09
2012.05.18 12:12:07.540,2.08004,2.08054,1.05,1.50
2012.05.18 12:12:07.609,2.08004,2.08051,1.05,1.50
2012.05.18 12:12:07.921,2.08004,2.08049,1.05,1.50
2012.05.18 12:12:08.047,2.08008,2.08055,1.05,1.50
2012.05.18 12:12:08.238,2.08005,2.08055,1.05,1.50
2012.05.18 12:12:09.029,2.08011,2.08055,1.05,2.25
2012.05.18 12:12:09.679,2.08005,2.08055,1.05,1.50
2012.05.18 12:12:11.956,2.08012,2.08055,1.05,1.50
2012.05.18 12:12:12.086,2.08012,2.08059,1.05,1.50
2012.05.18 12:12:12.163,2.08012,2.08061,1.05,1.50
2012.05.18 12:12:12.406,2.08018,2.08061,1.05,1.50
2012.05.18 12:12:12.521,2.08018,2.08064,1.05,1.50
2012.05.18 12:12:12.701,2.08018,2.08066,1.05,1.50
2012.05.18 12:12:12.929,2.08018,2.08066,1.05,2.25
2012.05.18 12:12:13.162,2.08018,2.08066,1.05,1.50
2012.05.18 12:12:14.691,2.08018,2.08063,1.05,1.50
2012.05.18 12:12:14.939,2.08011,2.0806,1.05,1.50
2012.05.18 12:12:15.386,2.08011,2.08056,1.05,1.50
2012.05.18 12:12:15.467,2.08005,2.08051,1.05,1.50
2012.05.18 12:12:15.539,2.08007,2.08051,1.05,1.50
2012.05.18 12:12:15.793,2.08007,2.08055,1.05,1.50
2012.05.18 12:12:15.858,2.0801,2.08057,1.05,1.50
2012.05.18 12:12:16.094,2.08008,2.08057,1.05,1.50
2012.05.18 12:12:16.290,2.08008,2.08049,1.05,1.50
2012.05.18 12:12:16.858,2.08004,2.08049,1.05,1.50
2012.05.18 12:12:17.500,2.08004,2.08042,1.05,1.50
2012.05.18 12:12:17.638,2.08004,2.08047,1.05,1.50
2012.05.18 12:12:17.867,2.08004,2.08049,1.05,1.50
2012.05.18 12:12:18.003,2.08004,2.08044,1.05,1.50
2012.05.18 12:12:18.353,2.08004,2.08049,1.05,1.50
2012.05.18 12:12:18.791,2.08004,2.08044,1.05,1.50
2012.05.18 12:12:18.917,2.08004,2.08049,1.05,1.50
2012.05.18 12:12:19.560,2.08004,2.08053,2.55,1.50
2012.05.18 12:12:19.632,2.08004,2.08063,2.55,1.05
2012.05.18 12:12:19.978,2.08008,2.08063,1.50,1.05
2012.05.18 12:12:20.313,2.08025,2.08072,1.05,1.05
2012.05.18 12:12:20.629,2.08025,2.08072,1.05,1.80
2012.05.18 12:12:21.023,2.08046,2.08086,1.05,1.50
2012.05.18 12:12:21.090,2.08046,2.08093,1.05,1.80
2012.05.18 12:12:21.161,2.08046,2.08093,1.05,1.05
2012.05.18 12:12:21.235,2.08046,2.08068,1.05,1.50
2012.05.18 12:12:21.949,2.08053,2.08068,1.05,1.50
2012.05.18 12:12:22.159,2.08053,2.08071,1.05,1.50
2012.05.18 12:12:22.230,2.08053,2.08074,1.05,1.50
2012.05.18 12:12:22.746,2.08053,2.08079,1.05,1.50
2012.05.18 12:12:22.938,2.08053,2.08086,1.05,1.50
2012.05.18 12:12:23.346,2.08053,2.08083,1.05,1.50
2012.05.18 12:12:23.759,2.08053,2.08079,1.05,1.50
2012.05.18 12:12:24.800,2.08053,2.08083,1.05,1.50
2012.05.18 12:12:24.869,2.08053,2.08087,1.05,1.50
2012.05.18 12:12:25.125,2.08053,2.08084,1.05,1.50
2012.05.18 12:12:25.726,2.08053,2.08088,1.05,1.50
2012.05.18 12:12:29.047,2.08053,2.08092,1.05,1.50
2012.05.18 12:12:29.117,2.08053,2.08095,1.05,1.50
2012.05.18 12:12:29.664,2.08059,2.08089,1.05,1.50
2012.05.18 12:12:29.975,2.08075,2.08089,1.05,1.50
2012.05.18 12:12:30.041,2.08045,2.08089,1.05,1.50
2012.05.18 12:12:30.231,2.08045,2.08093,1.05,1.13
2012.05.18 12:12:30.419,2.08045,2.08094,1.05,1.13
2012.05.18 12:12:30.489,2.08045,2.0809,1.05,1.50
2012.05.18 12:12:30.560,2.08037,2.08086,1.20,1.05
2012.05.18 12:12:30.628,2.08037,2.08086,1.05,1.05
2012.05.18 12:12:30.699,2.08045,2.0809,1.05,2.25
2012.05.18 12:12:30.898,2.08037,2.08086,1.05,1.80
2012.05.18 12:12:30.968,2.08037,2.08085,1.05,1.50
2012.05.18 12:12:31.098,2.08019,2.08075,1.05,1.05
2012.05.18 12:12:31.350,2.08024,2.08072,1.05,1.05
2012.05.18 12:12:31.701,2.08022,2.08064,1.50,1.05
2012.05.18 12:12:31.770,2.08018,2.08064,1.05,1.05
2012.05.18 12:12:31.901,2.08024,2.08082,1.05,1.80
2012.05.18 12:12:32.030,2.08045,2.08077,1.05,1.50
2012.05.18 12:12:32.099,2.08045,2.08088,1.05,1.50
2012.05.18 12:12:32.459,2.08045,2.08083,1.05,1.50
2012.05.18 12:12:32.634,2.08034,2.08081,1.05,1.05
2012.05.18 12:12:32.701,2.08034,2.08076,1.05,1.50
2012.05.18 12:12:32.770,2.08021,2.0808,1.50,1.05
2012.05.18 12:12:32.908,2.08021,2.0808,1.88,1.05
2012.05.18 12:12:33.482,2.08051,2.08082,1.05,1.50
2012.05.18 12:12:33.820,2.08059,2.0809,1.05,1.50
2012.05.18 12:12:34.202,2.08059,2.08086,1.05,1.50
2012.05.18 12:12:35.058,2.08061,2.08086,1.05,1.50
2012.05.18 12:12:35.253,2.08061,2.08089,1.05,1.50
2012.05.18 12:12:35.318,2.08059,2.08089,1.05,1.50
2012.05.18 12:12:35.389,2.08059,2.08092,1.05,1.50
2012.05.18 12:12:35.641,2.08032,2.08085,1.20,1.50
2012.05.18 12:12:35.731,2.08032,2.08085,1.05,1.50
2012.05.18 12:12:36.158,2.08032,2.08089,1.05,1.50
2012.05.18 12:12:36.475,2.08032,2.08084,1.05,1.50
2012.05.18 12:12:36.802,2.08032,2.08088,1.05,1.50
2012.05.18 12:12:36.874,2.08038,2.08088,1.05,1.50
2012.05.18 12:12:36.939,2.08038,2.08093,1.05,1.50
2012.05.18 12:12:37.999,2.08045,2.08093,1.05,1.50
2012.05.18 12:12:38.526,2.08045,2.081,1.05,1.50
2012.05.18 12:12:39.152,2.08045,2.08099,1.05,1.50
2012.05.18 12:12:39.216,2.08045,2.08095,1.05,1.50
2012.05.18 12:12:46.414,2.08056,2.08095,1.05,1.50
2012.05.18 12:12:46.769,2.08054,2.08099,1.05,1.50
2012.05.18 12:12:46.968,2.08054,2.08101,1.05,1.05
2012.05.18 12:12:47.628,2.08051,2.08099,1.05,1.05
2012.05.18 12:12:47.962,2.08055,2.081,1.05,1.50
2012.05.18 12:12:48.151,2.08057,2.08103,1.05,1.05
2012.05.18 12:12:48.403,2.08052,2.08098,1.05,1.05
2012.05.18 12:12:48.511,2.08053,2.08102,1.05,1.05
2012.05.18 12:12:49.069,2.08057,2.08106,1.05,3.30
2012.05.18 12:12:49.732,2.08057,2.08099,1.05,1.50
2012.05.18 12:12:50.047,2.08071,2.08112,1.05,2.25
2012.05.18 12:12:50.179,2.08058,2.08105,1.05,1.80
2012.05.18 12:12:50.309,2.08058,2.081,1.05,1.50
2012.05.18 12:12:51.250,2.08058,2.08099,1.05,1.50
2012.05.18 12:12:51.449,2.08052,2.08094,1.05,1.50
2012.05.18 12:12:52.629,2.08056,2.08094,1.05,1.50
2012.05.18 12:12:52.940,2.08056,2.08081,1.05,1.50
2012.05.18 12:12:53.279,2.08037,2.08081,1.05,1.50
2012.05.18 12:12:54.240,2.08037,2.0808,1.05,1.50
2012.05.18 12:12:54.316,2.08034,2.0808,1.05,1.50
2012.05.18 12:12:54.509,2.08031,2.08089,1.05,1.80
2012.05.18 12:12:56.660,2.08031,2.08085,1.05,2.25
2012.05.18 12:12:56.850,2.08019,2.08074,1.05,1.50
2012.05.18 12:12:58.776,2.08019,2.08075,1.05,1.05
2012.05.18 12:12:59.352,2.08058,2.08086,1.05,1.50
2012.05.18 12:12:59.479,2.08025,2.08081,1.05,1.43
2012.05.18 12:12:59.671,2.0802,2.08078,1.05,1.05
2012.05.18 12:12:59.799,2.08032,2.0806,1.05,1.50
2012.05.18 12:13:00.050,2.0802,2.08075,1.50,1.05
2012.05.18 12:13:00.429,2.0803,2.08075,1.13,1.05
2012.05.18 12:13:00.561,2.08037,2.08089,1.05,1.50
2012.05.18 12:13:00.690,2.08057,2.08089,1.05,1.50
2012.05.18 12:13:01.001,2.08052,2.08089,1.05,1.50
2012.05.18 12:13:01.280,2.08052,2.08095,1.05,1.50
2012.05.18 12:13:01.869,2.08052,2.08098,1.05,1.05
2012.05.18 12:13:01.998,2.08065,2.08106,1.05,1.50
2012.05.18 12:13:03.099,2.08072,2.08106,1.05,1.50
2012.05.18 12:13:03.350,2.08066,2.08109,1.05,1.50
2012.05.18 12:13:03.727,2.08066,2.08113,1.05,1.50
2012.05.18 12:13:03.805,2.08078,2.0812,1.05,1.50
2012.05.18 12:13:04.176,2.08078,2.08117,1.05,1.50
2012.05.18 12:13:04.689,2.08078,2.08113,1.05,1.50
2012.05.18 12:13:05.378,2.0808,2.08113,1.05,1.50
2012.05.18 12:13:05.928,2.08081,2.08113,1.05,1.50
2012.05.18 12:13:06.240,2.08085,2.08114,1.05,1.50
2012.05.18 12:13:06.429,2.08085,2.08118,1.05,1.50
2012.05.18 12:13:06.628,2.08085,2.08122,1.05,1.50
2012.05.18 12:13:06.700,2.08085,2.08108,1.05,1.50
2012.05.18 12:13:06.888,2.08071,2.08108,1.05,1.50
2012.05.18 12:13:06.957,2.08071,2.08113,1.05,1.50
2012.05.18 12:13:07.218,2.08071,2.08107,1.05,1.50
2012.05.18 12:13:07.289,2.08064,2.08107,1.05,1.50
2012.05.18 12:13:07.619,2.08064,2.08095,1.05,1.50
2012.05.18 12:13:08.758,2.08064,2.08102,1.05,1.50
2012.05.18 12:13:08.830,2.08051,2.08098,1.05,1.05
2012.05.18 12:13:08.960,2.08045,2.08097,1.05,1.50
2012.05.18 12:13:09.639,2.08045,2.08101,1.05,1.05
2012.05.18 12:13:09.947,2.08065,2.08111,1.05,1.05
2012.05.18 12:13:10.812,2.08065,2.08108,1.05,1.50
2012.05.18 12:13:11.401,2.08065,2.08102,1.05,1.50
2012.05.18 12:13:12.241,2.08065,2.08096,1.05,1.50
2012.05.18 12:13:13.238,2.08057,2.0809,1.05,1.50
2012.05.18 12:13:13.660,2.08064,2.0809,1.05,1.50
2012.05.18 12:13:14.153,2.08064,2.08096,1.05,1.50
2012.05.18 12:13:14.631,2.08064,2.08107,1.05,1.50
2012.05.18 12:13:14.713,2.08064,2.08111,1.05,1.50
2012.05.18 12:13:14.817,2.08064,2.08108,1.05,1.50
2012.05.18 12:13:15.129,2.08064,2.08105,1.05,1.50
2012.05.18 12:13:15.756,2.08065,2.08105,1.05,1.50
2012.05.18 12:13:15.829,2.08065,2.0811,1.05,1.50
2012.05.18 12:13:15.898,2.08069,2.0811,1.05,1.50
2012.05.18 12:13:16.466,2.08062,2.08103,1.05,1.50
2012.05.18 12:13:17.052,2.08067,2.08103,1.05,1.50
2012.05.18 12:13:18.038,2.08067,2.08101,1.05,1.50
2012.05.18 12:13:18.457,2.0807,2.08096,1.05,1.50
2012.05.18 12:13:18.591,2.08043,2.08089,1.05,1.05
2012.05.18 12:13:19.974,2.08044,2.08089,1.05,1.50
2012.05.18 12:13:20.871,2.08045,2.08089,1.05,1.50
2012.05.18 12:13:20.989,2.08045,2.08082,1.05,1.50
2012.05.18 12:13:21.219,2.08039,2.08082,1.05,1.50
2012.05.18 12:13:21.359,2.08044,2.08082,1.05,1.50
2012.05.18 12:13:21.567,2.08044,2.08089,1.05,1.50
2012.05.18 12:13:22.157,2.08039,2.08088,1.05,1.05
2012.05.18 12:13:22.498,2.08039,2.08084,1.05,1.50
2012.05.18 12:13:22.941,2.08035,2.08084,1.05,2.55
2012.05.18 12:13:23.386,2.08039,2.08088,1.05,2.55
2012.05.18 12:13:23.824,2.08036,2.08085,1.05,1.05
2012.05.18 12:13:26.020,2.08036,2.08081,1.05,1.50
2012.05.18 12:13:26.258,2.08036,2.08085,1.05,1.05
2012.05.18 12:13:27.517,2.08036,2.08083,1.05,1.50
2012.05.18 12:13:28.243,2.08036,2.08073,1.05,1.50
2012.05.18 12:13:28.329,2.08007,2.08073,1.43,1.50
2012.05.18 12:13:28.399,2.08009,2.08073,1.13,1.50
2012.05.18 12:13:28.473,2.0801,2.08079,2.25,1.43
2012.05.18 12:13:28.540,2.0801,2.08077,2.25,1.50
2012.05.18 12:13:29.138,2.08031,2.08073,1.80,1.50
2012.05.18 12:13:29.330,2.08051,2.08094,1.05,1.50
2012.05.18 12:13:29.583,2.08037,2.08085,1.05,1.05
2012.05.18 12:13:30.220,2.08052,2.08098,1.05,1.05
2012.05.18 12:13:30.349,2.08054,2.08101,1.05,1.05
2012.05.18 12:13:30.477,2.08051,2.08099,1.05,1.05
2012.05.18 12:13:30.728,2.08053,2.08102,1.05,1.05
2012.05.18 12:13:30.797,2.08052,2.08098,1.05,1.05
2012.05.18 12:13:31.020,2.08053,2.08102,1.05,1.05
2012.05.18 12:13:31.754,2.08054,2.08101,1.05,1.05
2012.05.18 12:13:31.818,2.08052,2.08098,1.05,1.05
2012.05.18 12:13:32.021,2.08053,2.08102,1.05,1.05
2012.05.18 12:13:32.717,2.08057,2.08106,1.05,1.05
2012.05.18 12:13:33.413,2.08065,2.08111,1.05,2.10
2012.05.18 12:13:33.537,2.08065,2.08111,1.05,1.05
2012.05.18 12:13:33.609,2.08057,2.08106,1.05,1.05
2012.05.18 12:13:35.649,2.08065,2.08111,1.05,1.05
2012.05.18 12:13:36.838,2.08068,2.08116,1.05,1.05
2012.05.18 12:13:43.132,2.08065,2.08111,1.05,1.05
2012.05.18 12:13:43.398,2.08068,2.08116,1.05,1.05
2012.05.18 12:13:43.708,2.08076,2.08131,1.05,1.80
2012.05.18 12:13:43.840,2.08076,2.08132,2.55,1.80
2012.05.18 12:13:44.219,2.08076,2.08132,1.05,1.05
2012.05.18 12:13:44.801,2.08072,2.08128,1.05,1.05
2012.05.18 12:13:45.122,2.08076,2.08132,1.05,1.05
2012.05.18 12:13:45.215,2.08071,2.08129,1.05,1.05
2012.05.18 12:13:45.597,2.08075,2.08129,1.05,1.50
2012.05.18 12:13:45.939,2.08084,2.08129,1.05,1.50
2012.05.18 12:13:46.307,2.08078,2.08124,1.05,1.05
2012.05.18 12:13:47.246,2.08079,2.08126,1.05,1.05
2012.05.18 12:13:49.091,2.08086,2.08126,1.50,1.05
2012.05.18 12:13:49.399,2.08106,2.08152,1.05,2.55
2012.05.18 12:13:49.778,2.08106,2.08148,1.05,1.50
2012.05.18 12:13:50.109,2.08107,2.08153,1.05,1.50
2012.05.18 12:13:50.544,2.08103,2.08152,1.05,1.05
2012.05.18 12:13:51.196,2.08103,2.08151,1.05,1.50
2012.05.18 12:13:52.197,2.08103,2.08152,1.05,2.55
2012.05.18 12:13:54.988,2.08107,2.08156,1.05,1.05
2012.05.18 12:13:55.310,2.0811,2.08155,1.05,1.50
2012.05.18 12:13:57.236,2.08109,2.08155,1.05,1.50
2012.05.18 12:13:57.822,2.08109,2.08156,1.05,1.05
2012.05.18 12:13:59.921,2.08103,2.08152,1.05,1.05
2012.05.18 12:14:00.383,2.08097,2.08145,1.05,1.05
2012.05.18 12:14:00.451,2.08098,2.08147,1.05,1.05
2012.05.18 12:14:00.521,2.08098,2.08144,1.05,1.05
2012.05.18 12:14:00.652,2.08112,2.08168,1.05,1.35
2012.05.18 12:14:01.191,2.08115,2.08171,1.05,1.54
2012.05.18 12:14:01.532,2.08108,2.08155,1.05,1.80
2012.05.18 12:14:01.659,2.08104,2.08151,1.05,1.05
2012.05.18 12:14:01.937,2.08107,2.08156,1.05,1.05
2012.05.18 12:14:02.153,2.08106,2.08152,1.05,1.05
2012.05.18 12:14:03.277,2.08108,2.08155,1.05,1.05
2012.05.18 12:14:03.588,2.0811,2.08158,1.05,1.05
2012.05.18 12:14:04.357,2.08117,2.08175,1.05,1.80
2012.05.18 12:14:04.912,2.08118,2.08174,1.05,1.05
2012.05.18 12:14:06.308,2.08119,2.08174,1.50,1.05
2012.05.18 12:14:06.845,2.08118,2.08174,1.05,1.05
2012.05.18 12:14:08.168,2.08121,2.08176,1.05,1.50
2012.05.18 12:14:08.482,2.08127,2.08176,1.05,1.50
2012.05.18 12:14:08.649,2.08127,2.08182,1.05,1.50
2012.05.18 12:14:08.777,2.08127,2.08185,1.05,2.14
2012.05.18 12:14:09.790,2.08127,2.08181,1.05,1.50
2012.05.18 12:14:10.110,2.08119,2.08168,1.05,1.05
2012.05.18 12:14:11.418,2.0812,2.08168,1.50,1.05
2012.05.18 12:14:11.947,2.08119,2.08168,1.05,1.05
2012.05.18 12:14:12.715,2.08117,2.08164,1.05,1.05
2012.05.18 12:14:14.799,2.08115,2.08164,1.05,1.05
2012.05.18 12:14:14.867,2.08117,2.08164,1.05,1.05
2012.05.18 12:14:16.238,2.0811,2.08158,1.05,1.05
2012.05.18 12:14:16.888,2.08114,2.08158,1.50,1.05
2012.05.18 12:14:17.079,2.08111,2.08158,1.50,1.05
2012.05.18 12:14:17.147,2.08117,2.08175,1.05,1.80
2012.05.18 12:14:18.378,2.08123,2.08175,1.50,1.05
2012.05.18 12:14:18.687,2.08131,2.08181,1.05,1.88
2012.05.18 12:14:18.881,2.08118,2.08174,1.05,1.05
2012.05.18 12:14:19.681,2.08108,2.08164,1.05,1.05
2012.05.18 12:14:19.929,2.08113,2.08172,1.05,1.05
2012.05.18 12:14:20.248,2.08117,2.08176,1.05,1.50
2012.05.18 12:14:20.621,2.08113,2.08172,1.05,1.05
2012.05.18 12:14:21.568,2.08117,2.08175,1.05,1.05
2012.05.18 12:14:21.915,2.08117,2.08169,1.05,1.88
2012.05.18 12:14:22.330,2.08109,2.08161,1.50,1.05
2012.05.18 12:14:22.519,2.08109,2.08165,1.50,1.05
2012.05.18 12:14:22.769,2.08102,2.08171,2.25,2.55
2012.05.18 12:14:22.899,2.08107,2.08171,2.25,1.43
2012.05.18 12:14:22.967,2.08107,2.08164,2.25,1.05
2012.05.18 12:14:23.508,2.08107,2.08169,2.25,1.43
2012.05.18 12:14:23.637,2.08107,2.08165,2.55,1.05
2012.05.18 12:14:23.769,2.08105,2.08161,1.05,1.05
2012.05.18 12:14:24.271,2.08108,2.08162,1.50,1.05
2012.05.18 12:14:24.672,2.08146,2.0819,1.05,1.50
2012.05.18 12:14:24.743,2.08145,2.08191,1.05,2.25
2012.05.18 12:14:24.871,2.0814,2.08189,1.05,1.05
2012.05.18 12:14:24.942,2.0814,2.08181,1.05,1.50
2012.05.18 12:14:25.283,2.08151,2.08186,1.05,1.50
2012.05.18 12:14:25.669,2.08151,2.08181,1.05,1.50
2012.05.18 12:14:25.980,2.08155,2.08181,1.05,1.50
2012.05.18 12:14:26.112,2.08152,2.08187,1.05,1.50
2012.05.18 12:14:26.256,2.08152,2.08181,1.05,1.50
2012.05.18 12:14:26.510,2.08152,2.08188,1.05,2.25
2012.05.18 12:14:26.672,2.08155,2.08188,1.05,2.25
2012.05.18 12:14:27.172,2.08134,2.08192,1.05,1.80
2012.05.18 12:14:27.240,2.08134,2.08189,1.05,2.25
2012.05.18 12:14:27.310,2.08133,2.08189,1.05,3.30
2012.05.18 12:14:27.382,2.08133,2.08182,1.05,1.50
2012.05.18 12:14:27.689,2.08119,2.08165,1.05,1.50
2012.05.18 12:14:28.132,2.08119,2.08158,1.05,1.50
2012.05.18 12:14:28.448,2.0813,2.08158,1.05,3.00
2012.05.18 12:14:28.518,2.08125,2.08154,1.05,1.50
2012.05.18 12:14:28.587,2.08125,2.08162,1.05,1.50
2012.05.18 12:14:28.721,2.08131,2.08162,1.05,1.50
2012.05.18 12:14:28.881,2.08135,2.08174,1.05,1.50
2012.05.18 12:14:29.020,2.08135,2.08183,1.05,1.05
2012.05.18 12:14:29.088,2.08133,2.08179,1.05,1.05
2012.05.18 12:14:29.409,2.08161,2.08186,1.05,1.50
2012.05.18 12:14:29.481,2.08161,2.08193,1.05,1.50
2012.05.18 12:14:29.631,2.08161,2.08204,1.05,1.50
2012.05.18 12:14:29.761,2.08161,2.08196,1.05,1.50
2012.05.18 12:14:29.948,2.08159,2.08196,1.05,1.50
2012.05.18 12:14:30.498,2.08159,2.082,1.05,1.50
2012.05.18 12:14:30.569,2.08174,2.08211,1.05,2.25
2012.05.18 12:14:30.829,2.0816,2.08197,1.05,1.50
2012.05.18 12:14:30.898,2.08147,2.08193,1.05,1.05
2012.05.18 12:14:30.969,2.08147,2.0819,1.05,1.50
2012.05.18 12:14:31.278,2.0816,2.0819,1.05,1.50
2012.05.18 12:14:32.965,2.08146,2.0819,1.05,1.50
2012.05.18 12:14:33.033,2.08132,2.08174,1.05,1.50
2012.05.18 12:14:33.219,2.08106,2.08152,1.05,1.05
2012.05.18 12:14:33.588,2.08103,2.08152,1.05,2.55
2012.05.18 12:14:34.208,2.08103,2.08147,1.05,1.50
2012.05.18 12:14:34.522,2.08103,2.08152,1.05,2.55
2012.05.18 12:14:34.648,2.08102,2.08149,1.05,1.05
2012.05.18 12:14:35.082,2.08102,2.08143,1.05,1.50
2012.05.18 12:14:35.151,2.08102,2.08147,1.05,1.50
2012.05.18 12:14:35.219,2.08129,2.08147,1.05,1.50
2012.05.18 12:14:35.294,2.08123,2.08167,1.05,1.13
2012.05.18 12:14:35.359,2.08123,2.08155,1.05,1.50
2012.05.18 12:14:35.550,2.08093,2.08139,1.05,1.43
2012.05.18 12:14:35.999,2.08093,2.08137,1.05,1.50
2012.05.18 12:14:36.430,2.08093,2.08139,1.05,1.05
2012.05.18 12:14:36.708,2.08106,2.08144,1.05,1.50
2012.05.18 12:14:37.210,2.081,2.08152,1.05,1.50
2012.05.18 12:14:37.279,2.08093,2.08139,1.05,1.05
2012.05.18 12:14:37.588,2.08119,2.08145,1.05,1.50
2012.05.18 12:14:37.718,2.08106,2.08145,1.05,1.50
2012.05.18 12:14:37.788,2.08106,2.08148,1.05,1.50
2012.05.18 12:14:37.859,2.08106,2.08153,1.05,2.55
2012.05.18 12:14:38.251,2.0812,2.08153,1.05,1.50
2012.05.18 12:14:38.500,2.0812,2.08156,1.05,1.50
2012.05.18 12:14:38.570,2.08112,2.08153,1.05,1.50
2012.05.18 12:14:38.701,2.08112,2.0815,1.05,1.50
2012.05.18 12:14:38.827,2.08108,2.0815,1.05,1.50
2012.05.18 12:14:38.930,2.08106,2.0815,1.05,1.50
2012.05.18 12:14:39.147,2.08104,2.0815,1.05,1.50
2012.05.18 12:14:39.219,2.08104,2.0815,1.80,1.50
2012.05.18 12:14:39.533,2.08105,2.08156,1.05,1.50
2012.05.18 12:14:39.722,2.08097,2.08156,1.50,1.50
2012.05.18 12:14:39.789,2.08102,2.0816,1.50,1.80
2012.05.18 12:14:40.312,2.08098,2.08149,2.55,1.05
2012.05.18 12:14:41.868,2.08102,2.08149,1.50,1.05
2012.05.18 12:14:42.014,2.08121,2.08171,1.05,1.50
2012.05.18 12:14:42.082,2.08122,2.08173,1.05,1.50
2012.05.18 12:14:42.154,2.08122,2.08174,1.05,1.50
2012.05.18 12:14:42.314,2.0811,2.08165,1.50,1.05
2012.05.18 12:14:42.997,2.08104,2.08165,1.50,1.05
2012.05.18 12:14:43.581,2.08104,2.08165,2.25,1.05
2012.05.18 12:14:43.838,2.08119,2.08166,1.05,1.50
2012.05.18 12:14:43.970,2.08119,2.08171,1.05,1.50
2012.05.18 12:14:44.169,2.08119,2.08176,1.05,3.30
2012.05.18 12:14:44.898,2.08119,2.08176,1.05,1.05
2012.05.18 12:14:45.093,2.08131,2.08179,1.05,1.05
2012.05.18 12:14:45.418,2.08144,2.08181,1.05,1.50
2012.05.18 12:14:45.489,2.08131,2.08179,1.05,1.05
2012.05.18 12:14:45.619,2.08131,2.08174,1.05,1.50
2012.05.18 12:14:45.768,2.08131,2.08179,1.05,1.05
2012.05.18 12:14:45.838,2.08131,2.08171,1.05,1.50
2012.05.18 12:14:46.178,2.08131,2.08178,1.05,1.50
2012.05.18 12:14:46.473,2.08131,2.0817,1.05,1.50
2012.05.18 12:14:46.603,2.08131,2.08179,1.05,1.05
2012.05.18 12:14:46.670,2.08119,2.08175,1.05,1.05
2012.05.18 12:14:47.102,2.08135,2.08181,1.05,1.50
2012.05.18 12:14:47.165,2.08124,2.08176,1.05,1.05
2012.05.18 12:14:47.669,2.08136,2.08177,1.05,1.50
2012.05.18 12:14:47.798,2.08136,2.08185,1.05,1.88
2012.05.18 12:14:48.330,2.08137,2.08185,1.05,1.50
2012.05.18 12:14:48.461,2.0815,2.08185,1.05,1.50
2012.05.18 12:14:48.533,2.0815,2.082,2.55,1.13
2012.05.18 12:14:48.661,2.0815,2.08205,1.05,2.55
2012.05.18 12:14:48.790,2.08145,2.0819,1.50,1.05
2012.05.18 12:14:49.480,2.08141,2.08161,1.50,1.50
2012.05.18 12:14:49.609,2.08149,2.08186,1.05,1.50
2012.05.18 12:14:50.070,2.08163,2.08186,1.05,1.50
2012.05.18 12:14:51.585,2.08162,2.08186,1.05,1.50
2012.05.18 12:14:51.654,2.08162,2.08212,1.05,1.50
2012.05.18 12:14:51.776,2.08162,2.08208,1.05,1.50
2012.05.18 12:14:52.340,2.08162,2.08208,1.05,2.25
2012.05.18 12:14:52.448,2.08162,2.08208,1.05,1.50
2012.05.18 12:14:52.785,2.08179,2.08187,1.05,1.50
2012.05.18 12:14:52.983,2.08179,2.08208,1.05,2.25
2012.05.18 12:14:53.052,2.08179,2.08208,1.05,2.25
2012.05.18 12:14:53.121,2.08179,2.08205,1.05,1.50
2012.05.18 12:14:53.193,2.08179,2.08205,1.05,2.25
2012.05.18 12:14:53.263,2.08179,2.08201,1.05,1.50
2012.05.18 12:14:53.467,2.08178,2.0821,1.05,1.13
2012.05.18 12:14:53.538,2.08147,2.08193,1.50,1.05
2012.05.18 12:14:53.730,2.08158,2.08205,1.05,1.05
2012.05.18 12:14:53.917,2.08156,2.08202,1.05,1.05
2012.05.18 12:14:54.233,2.08156,2.08189,1.05,1.50
2012.05.18 12:14:55.173,2.08146,2.08189,1.05,1.50
2012.05.18 12:14:55.838,2.08126,2.08173,1.05,1.05
2012.05.18 12:14:55.911,2.08133,2.08185,1.05,1.50
2012.05.18 12:14:55.978,2.08133,2.08185,1.05,1.88
2012.05.18 12:14:56.290,2.08125,2.08172,1.05,1.05
2012.05.18 12:14:56.541,2.08132,2.08184,1.05,1.50
2012.05.18 12:14:56.668,2.08132,2.08189,1.05,1.05
2012.05.18 12:14:57.679,2.08132,2.08189,1.05,1.43
2012.05.18 12:14:57.998,2.08132,2.08178,1.05,1.05
2012.05.18 12:14:58.519,2.08144,2.08187,1.05,1.50
2012.05.18 12:14:58.588,2.08144,2.08189,1.05,1.50
2012.05.18 12:14:58.719,2.08144,2.08193,1.05,2.55
2012.05.18 12:14:59.180,2.08158,2.08198,1.05,1.50
2012.05.18 12:14:59.893,2.08156,2.08198,1.05,1.50
2012.05.18 12:14:59.964,2.08156,2.0819,1.05,1.50
2012.05.18 12:15:00.270,2.08174,2.0819,1.05,1.50
2012.05.18 12:15:00.530,2.08174,2.08195,1.05,2.63
2012.05.18 12:15:00.667,2.08178,2.08195,1.05,1.13
2012.05.18 12:15:00.861,2.08161,2.08186,1.05,2.25
2012.05.18 12:15:01.063,2.08161,2.08179,1.05,1.50
2012.05.18 12:15:01.131,2.08136,2.08179,1.05,1.50
2012.05.18 12:15:01.201,2.08131,2.08179,1.05,1.50
2012.05.18 12:15:01.341,2.08131,2.08179,1.29,1.50
2012.05.18 12:15:01.470,2.08133,2.08184,1.29,1.50
2012.05.18 12:15:01.660,2.08125,2.08183,1.29,1.05
2012.05.18 12:15:02.091,2.08125,2.0818,1.05,1.50
2012.05.18 12:15:02.465,2.08146,2.0818,1.05,1.50
2012.05.18 12:15:02.661,2.08146,2.08185,1.05,1.50
2012.05.18 12:15:02.730,2.08146,2.08187,1.05,1.50
2012.05.18 12:15:03.098,2.08146,2.0819,1.05,1.50
2012.05.18 12:15:03.505,2.08146,2.08192,1.05,1.05
2012.05.18 12:15:03.881,2.08146,2.08194,1.05,1.50
2012.05.18 12:15:03.948,2.08163,2.08194,1.05,1.50
2012.05.18 12:15:04.259,2.08151,2.08195,1.05,1.50
2012.05.18 12:15:04.332,2.08151,2.08198,1.05,1.50
2012.05.18 12:15:04.402,2.08151,2.082,1.05,1.05
2012.05.18 12:15:04.531,2.08151,2.08196,1.05,1.50
2012.05.18 12:15:04.840,2.08158,2.08202,1.05,1.50
2012.05.18 12:15:05.210,2.08158,2.08196,1.05,1.50
2012.05.18 12:15:05.817,2.08163,2.08196,1.05,1.50
2012.05.18 12:15:06.227,2.0816,2.08196,1.05,1.50
2012.05.18 12:15:06.300,2.0816,2.08204,1.05,1.50
2012.05.18 12:15:06.369,2.08161,2.08197,1.05,1.50
2012.05.18 12:15:06.719,2.08163,2.08197,1.05,1.50
2012.05.18 12:15:06.890,2.08161,2.08197,1.05,1.50
2012.05.18 12:15:07.239,2.08163,2.08204,1.05,1.50
2012.05.18 12:15:08.021,2.08163,2.08208,1.05,1.50
2012.05.18 12:15:08.096,2.08186,2.08204,1.05,1.50
2012.05.18 12:15:08.232,2.08162,2.08205,1.05,1.50
2012.05.18 12:15:08.448,2.08159,2.08205,1.05,1.50
2012.05.18 12:15:08.953,2.08158,2.08203,1.05,1.50
2012.05.18 12:15:09.258,2.08161,2.08203,1.05,1.50
2012.05.18 12:15:09.580,2.08184,2.08202,1.05,1.50
2012.05.18 12:15:09.651,2.08174,2.08202,1.05,1.50
2012.05.18 12:15:09.844,2.08174,2.08222,1.05,1.50
2012.05.18 12:15:09.913,2.08174,2.08222,1.05,2.25
2012.05.18 12:15:09.984,2.08174,2.08222,1.05,1.50
2012.05.18 12:15:10.114,2.08174,2.08217,1.05,2.25
2012.05.18 12:15:10.445,2.08174,2.08208,1.05,2.25
2012.05.18 12:15:10.511,2.08164,2.08208,1.05,2.25
2012.05.18 12:15:10.638,2.08161,2.08208,1.05,2.55
2012.05.18 12:15:10.771,2.08169,2.08208,1.05,1.50
2012.05.18 12:15:11.150,2.08161,2.08208,1.05,2.55
2012.05.18 12:15:11.221,2.08161,2.08208,1.05,3.30
2012.05.18 12:15:11.531,2.08166,2.082,1.05,1.50
2012.05.18 12:15:11.853,2.08171,2.082,1.05,1.50
2012.05.18 12:15:11.925,2.08171,2.08206,1.05,1.50
2012.05.18 12:15:11.990,2.08164,2.08206,1.05,1.50
2012.05.18 12:15:12.181,2.08171,2.08206,1.05,1.50
2012.05.18 12:15:12.641,2.08173,2.08206,1.05,1.50
2012.05.18 12:15:12.831,2.08143,2.0821,2.25,1.65
2012.05.18 12:15:13.244,2.08143,2.0821,2.25,1.65
2012.05.18 12:15:13.495,2.08139,2.08198,1.13,1.50
2012.05.18 12:15:13.729,2.0813,2.08189,1.50,1.50
2012.05.18 12:15:13.814,2.0813,2.08193,1.50,1.50
2012.05.18 12:15:13.887,2.0813,2.08195,1.50,1.05
2012.05.18 12:15:14.394,2.08154,2.08197,1.05,1.50
2012.05.18 12:15:14.916,2.08154,2.08203,1.05,1.05
2012.05.18 12:15:15.008,2.08154,2.08196,1.05,1.50
2012.05.18 12:15:15.318,2.08157,2.08188,1.05,1.50
2012.05.18 12:15:15.787,2.08163,2.08188,1.05,1.50
2012.05.18 12:15:16.109,2.08156,2.08188,1.05,1.50
2012.05.18 12:15:16.312,2.08164,2.08188,1.05,1.50
2012.05.18 12:15:16.437,2.08148,2.08188,1.05,1.50
2012.05.18 12:15:16.509,2.08148,2.08193,1.05,1.50
2012.05.18 12:15:16.579,2.08148,2.08187,1.05,1.50
2012.05.18 12:15:16.897,2.08156,2.08184,1.05,1.50
2012.05.18 12:15:17.270,2.08156,2.08196,1.05,1.50
2012.05.18 12:15:17.342,2.08156,2.08192,1.05,1.50
2012.05.18 12:15:17.881,2.08165,2.08185,1.05,1.50
2012.05.18 12:15:17.951,2.08157,2.08189,1.05,1.50
2012.05.18 12:15:18.021,2.08164,2.08189,1.05,1.50
2012.05.18 12:15:18.149,2.08165,2.08191,1.05,1.50
2012.05.18 12:15:18.999,2.08157,2.08191,1.05,1.50
2012.05.18 12:15:19.500,2.08156,2.08191,1.05,1.50
2012.05.18 12:15:20.263,2.08156,2.08196,1.05,1.50
2012.05.18 12:15:20.812,2.08155,2.08197,1.05,1.50
2012.05.18 12:15:20.881,2.08143,2.08197,1.05,1.50
2012.05.18 12:15:21.130,2.08143,2.08194,1.05,1.05
2012.05.18 12:15:21.700,2.08141,2.08191,1.05,2.55
2012.05.18 12:15:22.152,2.08172,2.08191,1.05,1.50
2012.05.18 12:15:22.232,2.08164,2.08204,1.05,1.50
2012.05.18 12:15:22.360,2.08157,2.08204,1.05,1.50
2012.05.18 12:15:22.489,2.08161,2.08204,1.05,1.50
2012.05.18 12:15:23.277,2.08161,2.0819,1.05,1.50
2012.05.18 12:15:23.410,2.08161,2.08197,1.05,1.50
2012.05.18 12:15:23.541,2.08161,2.08203,1.05,1.50
2012.05.18 12:15:24.299,2.0817,2.08203,1.05,1.50
2012.05.18 12:15:24.742,2.08171,2.08197,1.05,1.50
2012.05.18 12:15:24.871,2.08171,2.08202,1.05,1.50
2012.05.18 12:15:24.940,2.08171,2.08209,1.05,1.50
2012.05.18 12:15:25.300,2.08188,2.08214,1.05,1.50
2012.05.18 12:15:25.368,2.08188,2.08216,1.05,1.50
2012.05.18 12:15:25.442,2.08186,2.08216,1.05,1.50
2012.05.18 12:15:25.629,2.08196,2.08216,1.05,1.50
2012.05.18 12:15:25.820,2.08196,2.08219,1.05,1.50
2012.05.18 12:15:25.889,2.08196,2.08222,1.05,1.50
2012.05.18 12:15:26.080,2.08196,2.08232,1.05,2.25
2012.05.18 12:15:26.532,2.08183,2.08224,1.05,1.50
2012.05.18 12:15:26.600,2.08187,2.08224,1.05,1.50
2012.05.18 12:15:26.928,2.08178,2.08205,1.05,1.50
2012.05.18 12:15:27.000,2.08173,2.08205,1.05,1.50
2012.05.18 12:15:27.070,2.08173,2.08211,1.05,1.50
2012.05.18 12:15:27.141,2.08152,2.0821,1.05,1.05
2012.05.18 12:15:27.212,2.08152,2.08206,1.05,1.50
2012.05.18 12:15:28.071,2.08152,2.08203,1.05,1.50
2012.05.18 12:15:28.272,2.08152,2.0821,1.05,1.05
2012.05.18 12:15:28.341,2.08148,2.08206,1.05,2.55
2012.05.18 12:15:28.915,2.08149,2.08205,1.05,1.05
2012.05.18 12:15:29.222,2.08152,2.0821,1.05,1.05
2012.05.18 12:15:29.579,2.08152,2.08206,1.05,1.50
2012.05.18 12:15:29.769,2.08152,2.0821,1.05,1.05
2012.05.18 12:15:29.898,2.08155,2.08211,1.05,1.05
2012.05.18 12:15:30.446,2.08153,2.08205,1.05,1.50
2012.05.18 12:15:33.176,2.08149,2.08205,1.05,2.55
2012.05.18 12:15:33.641,2.08149,2.08203,1.05,1.50
2012.05.18 12:15:33.989,2.08149,2.08194,1.05,1.50
2012.05.18 12:15:34.251,2.08152,2.08199,1.05,1.50
2012.05.18 12:15:34.619,2.08146,2.08199,1.05,1.50
2012.05.18 12:15:34.689,2.08146,2.08192,1.05,1.50
2012.05.18 12:15:34.760,2.08142,2.08192,1.05,1.50
2012.05.18 12:15:34.949,2.08145,2.08192,1.05,1.50
2012.05.18 12:15:35.383,2.08152,2.08192,1.05,1.50
2012.05.18 12:15:36.139,2.08152,2.08195,1.05,1.50
2012.05.18 12:15:36.209,2.08145,2.08193,1.05,1.50
2012.05.18 12:15:38.244,2.08153,2.08193,1.05,1.50
2012.05.18 12:15:38.737,2.08153,2.08197,1.05,1.50
2012.05.18 12:15:39.024,2.08153,2.082,1.05,1.50
2012.05.18 12:15:39.227,2.08148,2.082,1.05,1.50
2012.05.18 12:15:39.459,2.08152,2.082,1.05,1.50
2012.05.18 12:15:39.968,2.08153,2.08209,1.05,2.55
2012.05.18 12:15:40.040,2.08148,2.08206,1.05,1.05
2012.05.18 12:15:40.443,2.08152,2.08204,1.05,1.50
2012.05.18 12:15:40.869,2.08154,2.08204,1.05,1.50
2012.05.18 12:15:41.069,2.08154,2.08209,1.05,1.50
2012.05.18 12:15:41.337,2.08153,2.08201,1.05,1.50
2012.05.18 12:15:41.657,2.08155,2.08201,1.05,1.50
2012.05.18 12:15:41.887,2.08155,2.08205,1.05,1.50
2012.05.18 12:15:41.959,2.08155,2.08208,1.05,1.50
2012.05.18 12:15:43.379,2.08149,2.08205,1.05,1.05
2012.05.18 12:15:45.629,2.08154,2.08208,1.05,1.50
2012.05.18 12:15:47.068,2.08161,2.08208,1.05,1.50
2012.05.18 12:15:47.828,2.08167,2.08216,1.05,1.50
2012.05.18 12:15:47.897,2.08167,2.08209,1.05,1.50
2012.05.18 12:15:48.029,2.08162,2.08209,1.05,1.50
2012.05.18 12:15:49.171,2.08158,2.08209,1.05,1.50
2012.05.18 12:15:49.504,2.08156,2.08209,1.05,1.50
2012.05.18 12:15:50.628,2.08163,2.08209,1.05,1.50
2012.05.18 12:15:51.373,2.08155,2.08209,1.05,1.50
2012.05.18 12:15:51.812,2.08158,2.08209,1.05,1.50
2012.05.18 12:15:52.363,2.08165,2.08209,1.05,1.50
2012.05.18 12:15:52.808,2.08158,2.08209,1.05,1.50
2012.05.18 12:15:53.167,2.08153,2.0821,1.05,1.50
2012.05.18 12:15:53.666,2.08153,2.08215,1.05,2.55
2012.05.18 12:15:54.349,2.08157,2.08209,1.05,1.50
2012.05.18 12:15:55.543,2.08165,2.08209,1.05,1.50
2012.05.18 12:15:55.787,2.08157,2.08203,1.05,1.50
2012.05.18 12:15:55.858,2.08165,2.08203,1.05,1.50
2012.05.18 12:15:57.273,2.08165,2.08192,1.05,1.50
2012.05.18 12:15:57.773,2.08158,2.08202,1.05,1.50
2012.05.18 12:15:57.840,2.08158,2.08191,1.05,1.50
2012.05.18 12:15:58.350,2.08158,2.0819,1.05,1.50
2012.05.18 12:15:59.901,2.0815,2.0819,1.05,1.50
2012.05.18 12:16:00.207,2.08145,2.0819,1.05,1.50
2012.05.18 12:16:01.854,2.08144,2.0819,1.05,1.50
2012.05.18 12:16:01.974,2.0814,2.0819,1.05,2.55
2012.05.18 12:16:02.189,2.08145,2.0819,1.05,1.50
2012.05.18 12:16:02.523,2.08142,2.0819,1.05,1.50
2012.05.18 12:16:02.720,2.08142,2.08184,1.05,1.50
2012.05.18 12:16:03.612,2.08144,2.08184,1.05,1.50
2012.05.18 12:16:03.739,2.08144,2.0819,1.05,1.50
2012.05.18 12:16:03.950,2.08141,2.08189,1.05,1.05
2012.05.18 12:16:04.323,2.0814,2.08201,1.50,1.05
2012.05.18 12:16:04.447,2.08137,2.08199,1.05,1.50
2012.05.18 12:16:04.523,2.08137,2.08201,1.80,1.05
2012.05.18 12:16:04.829,2.0815,2.08204,1.05,1.50
2012.05.18 12:16:04.959,2.08148,2.08206,1.05,1.05
2012.05.18 12:16:05.148,2.08143,2.08204,2.55,1.05
2012.05.18 12:16:06.132,2.08143,2.08203,1.05,1.05
2012.05.18 12:16:06.335,2.08149,2.08204,1.05,1.50
2012.05.18 12:16:06.709,2.08149,2.08207,1.05,1.05
2012.05.18 12:16:08.636,2.08155,2.0821,1.05,1.50
2012.05.18 12:16:09.008,2.08155,2.08214,1.05,1.05
2012.05.18 12:16:09.079,2.08149,2.08207,1.05,1.05
2012.05.18 12:16:10.394,2.08155,2.08217,1.05,2.55
2012.05.18 12:16:10.968,2.08153,2.08216,1.05,1.05
2012.05.18 12:16:11.516,2.08153,2.08209,1.05,1.50
2012.05.18 12:16:11.838,2.08158,2.08209,1.05,1.50
2012.05.18 12:16:12.410,2.08154,2.08209,1.05,1.50
2012.05.18 12:16:12.496,2.08163,2.08209,1.05,1.50
2012.05.18 12:16:12.710,2.08153,2.08209,1.05,1.50
2012.05.18 12:16:16.147,2.08153,2.08203,1.05,1.50
2012.05.18 12:16:16.339,2.08142,2.08199,1.05,1.50
2012.05.18 12:16:16.890,2.08142,2.08198,1.05,1.05
2012.05.18 12:16:17.248,2.08139,2.08196,1.05,1.05
2012.05.18 12:16:17.889,2.08141,2.08197,1.05,1.05
2012.05.18 12:16:18.276,2.08138,2.08197,1.05,1.05
2012.05.18 12:16:18.498,2.08138,2.08192,1.05,1.50
2012.05.18 12:16:19.369,2.08138,2.08197,1.05,2.55
2012.05.18 12:16:19.508,2.08138,2.08192,1.05,1.50
2012.05.18 12:16:20.490,2.08166,2.08197,1.50,1.80
2012.05.18 12:16:20.799,2.08162,2.08207,1.50,1.80
2012.05.18 12:16:20.930,2.08159,2.08207,1.50,1.05
2012.05.18 12:16:21.033,2.08158,2.08172,1.05,1.50
2012.05.18 12:16:21.217,2.08155,2.08172,1.05,1.50
2012.05.18 12:16:21.488,2.08155,2.08176,1.05,1.50
2012.05.18 12:16:21.560,2.08155,2.08185,1.05,1.50
2012.05.18 12:16:21.628,2.08162,2.08185,1.05,1.50
2012.05.18 12:16:21.874,2.08156,2.08185,1.05,1.50
2012.05.18 12:16:22.377,2.08155,2.08185,1.05,1.50
2012.05.18 12:16:22.650,2.08173,2.08195,1.05,2.25
2012.05.18 12:16:22.958,2.08173,2.08182,1.05,1.50
2012.05.18 12:16:23.088,2.08155,2.08201,1.05,2.25
2012.05.18 12:16:23.597,2.08155,2.08201,1.05,2.25
2012.05.18 12:16:23.911,2.08162,2.08201,1.05,2.25
2012.05.18 12:16:24.755,2.08167,2.08209,1.05,2.25
2012.05.18 12:16:25.384,2.08167,2.0821,1.05,2.25
2012.05.18 12:16:25.510,2.08167,2.08204,1.05,1.50
2012.05.18 12:16:25.761,2.08167,2.0821,1.05,1.50
2012.05.18 12:16:25.889,2.08159,2.08206,1.05,1.05
2012.05.18 12:16:28.258,2.08159,2.08205,1.05,1.50
2012.05.18 12:16:29.002,2.08159,2.08206,1.05,1.05
2012.05.18 12:16:29.611,2.08166,2.08211,1.05,1.50
2012.05.18 12:16:30.174,2.08158,2.08199,1.05,1.50
2012.05.18 12:16:30.299,2.08139,2.08193,1.05,1.50
2012.05.18 12:16:30.369,2.08139,2.08185,1.05,1.50
2012.05.18 12:16:30.978,2.08139,2.08194,1.05,2.25
2012.05.18 12:16:31.768,2.08139,2.08194,1.05,2.25
2012.05.18 12:16:32.362,2.08139,2.08188,1.05,1.50
2012.05.18 12:16:35.048,2.08139,2.08182,1.05,1.50
2012.05.18 12:16:35.267,2.08139,2.08188,1.05,2.25
2012.05.18 12:16:39.968,2.08137,2.08193,1.05,3.30
2012.05.18 12:16:40.508,2.08142,2.08193,1.05,2.25
2012.05.18 12:16:40.745,2.08136,2.08193,1.05,2.25
2012.05.18 12:16:41.648,2.08136,2.08185,1.05,1.50
2012.05.18 12:16:42.107,2.08136,2.0818,1.05,1.50
2012.05.18 12:16:42.239,2.08136,2.08182,1.05,1.50
2012.05.18 12:16:42.372,2.08134,2.08182,1.05,1.50
2012.05.18 12:16:42.752,2.08134,2.08182,1.05,2.25
2012.05.18 12:16:43.422,2.08135,2.08188,1.05,2.25
2012.05.18 12:16:44.188,2.08126,2.08188,1.05,2.25
2012.05.18 12:16:44.509,2.08137,2.08188,1.05,2.25
2012.05.18 12:16:44.972,2.08134,2.08188,1.05,2.25
2012.05.18 12:16:45.460,2.08136,2.08188,1.05,2.25
2012.05.18 12:16:45.767,2.08138,2.0819,1.05,2.25
2012.05.18 12:16:45.936,2.08135,2.0819,1.05,2.25
2012.05.18 12:16:46.472,2.08136,2.0819,1.05,2.25
2012.05.18 12:16:46.980,2.08135,2.0819,1.05,2.25
2012.05.18 12:16:47.278,2.08125,2.08189,1.05,1.80
2012.05.18 12:16:47.876,2.08134,2.08191,1.05,2.25
2012.05.18 12:16:48.021,2.08126,2.08189,1.05,1.80
2012.05.18 12:16:48.515,2.08126,2.08178,1.05,1.50
2012.05.18 12:16:49.126,2.08126,2.08184,1.05,2.25
2012.05.18 12:16:49.682,2.08125,2.08184,1.05,2.25
2012.05.18 12:16:50.376,2.08124,2.08184,1.80,2.25
2012.05.18 12:16:50.998,2.08129,2.08189,1.50,1.80
2012.05.18 12:16:51.595,2.08129,2.08189,1.50,1.80
2012.05.18 12:16:52.099,2.08125,2.08189,2.25,1.80
2012.05.18 12:16:52.168,2.08125,2.08189,1.80,1.80
2012.05.18 12:16:52.806,2.08125,2.08189,1.80,1.80
2012.05.18 12:16:53.183,2.08134,2.08192,1.05,2.25
2012.05.18 12:16:53.950,2.08126,2.0819,1.05,1.80
2012.05.18 12:16:54.406,2.0813,2.0819,1.50,1.80
2012.05.18 12:16:54.718,2.08144,2.0819,1.05,2.25
2012.05.18 12:16:55.157,2.08138,2.08189,1.50,1.80
2012.05.18 12:16:56.069,2.08128,2.08189,1.50,1.80
2012.05.18 12:16:57.999,2.08128,2.08189,1.50,1.80
2012.05.18 12:16:58.908,2.08128,2.0819,1.50,1.80
2012.05.18 12:16:59.365,2.08123,2.08181,1.05,1.05
2012.05.18 12:17:01.601,2.08129,2.08181,1.50,1.05
2012.05.18 12:17:01.948,2.08129,2.08181,2.25,1.05
2012.05.18 12:17:02.267,2.08143,2.08204,1.50,1.80
2012.05.18 12:17:02.608,2.08127,2.08157,1.05,1.50
2012.05.18 12:17:03.362,2.08123,2.08144,1.05,1.50
2012.05.18 12:17:03.485,2.0813,2.08181,1.50,1.80
2012.05.18 12:17:04.694,2.08142,2.08191,1.05,1.80
2012.05.18 12:17:05.096,2.0813,2.08181,1.50,1.80
2012.05.18 12:17:05.167,2.0814,2.08181,1.50,1.80
2012.05.18 12:17:05.487,2.08144,2.0818,1.50,2.25
2012.05.18 12:17:05.556,2.08142,2.08176,1.05,1.50
2012.05.18 12:17:05.687,2.0814,2.08176,1.05,1.50
2012.05.18 12:17:05.998,2.0812,2.08176,1.05,1.05
2012.05.18 12:17:06.067,2.08115,2.08173,1.05,1.05
2012.05.18 12:17:06.315,2.08114,2.08171,1.05,1.05
2012.05.18 12:17:06.667,2.08115,2.08173,1.80,1.80
2012.05.18 12:17:07.628,2.08113,2.08172,1.80,1.80
2012.05.18 12:17:09.418,2.08134,2.08172,1.05,2.25
2012.05.18 12:17:09.549,2.08114,2.08171,1.05,1.80
2012.05.18 12:17:10.065,2.08114,2.08167,1.05,2.25
2012.05.18 12:17:12.231,2.08121,2.08173,1.05,2.25
2012.05.18 12:17:13.335,2.08121,2.08173,1.05,2.25
2012.05.18 12:17:13.405,2.08121,2.08166,1.05,1.50
2012.05.18 12:17:14.917,2.08116,2.08166,1.05,1.50
2012.05.18 12:17:15.045,2.08116,2.08172,1.05,1.80
2012.05.18 12:17:15.535,2.08116,2.08168,1.05,1.50
2012.05.18 12:17:15.694,2.08116,2.08171,1.05,1.50
2012.05.18 12:17:16.415,2.08135,2.08174,1.05,2.25
2012.05.18 12:17:16.678,2.08117,2.0817,1.05,1.50
2012.05.18 12:17:16.808,2.08117,2.08168,1.05,1.50
2012.05.18 12:17:17.208,2.08117,2.0816,1.05,1.50
2012.05.18 12:17:17.748,2.08117,2.08164,1.05,1.50
2012.05.18 12:17:19.427,2.08109,2.08156,1.05,1.05
2012.05.18 12:17:19.737,2.08119,2.08149,1.05,1.50
2012.05.18 12:17:20.068,2.08119,2.08135,1.05,1.50
2012.05.18 12:17:20.136,2.08119,2.08145,1.05,1.50
2012.05.18 12:17:20.218,2.08119,2.08149,1.05,1.50
2012.05.18 12:17:20.289,2.08119,2.08151,1.05,1.50
2012.05.18 12:17:20.356,2.08098,2.08145,1.05,1.50
2012.05.18 12:17:20.486,2.08098,2.08149,1.05,1.50
2012.05.18 12:17:20.622,2.08095,2.08149,1.05,1.50
2012.05.18 12:17:20.688,2.08095,2.08152,1.05,1.80
2012.05.18 12:17:20.953,2.08099,2.08155,1.05,3.30
2012.05.18 12:17:21.630,2.08099,2.08155,1.05,3.30
2012.05.18 12:17:21.986,2.08099,2.08149,1.05,1.50
2012.05.18 12:17:22.238,2.08099,2.08154,1.05,2.25
2012.05.18 12:17:22.426,2.08099,2.08154,1.80,2.25
2012.05.18 12:17:22.735,2.08111,2.08161,1.05,2.25
2012.05.18 12:17:23.088,2.08111,2.08161,1.80,2.25
2012.05.18 12:17:23.458,2.08112,2.08166,1.05,2.25
2012.05.18 12:17:23.527,2.08112,2.08166,1.05,1.50
2012.05.18 12:17:23.717,2.08109,2.08166,1.05,2.55
2012.05.18 12:17:23.831,2.08112,2.08166,1.05,1.50
2012.05.18 12:17:24.489,2.08111,2.08166,1.05,1.50
2012.05.18 12:17:24.944,2.08111,2.08169,1.05,1.80
2012.05.18 12:17:25.076,2.08111,2.08167,1.05,1.50
2012.05.18 12:17:25.268,2.08108,2.08167,1.05,2.55
2012.05.18 12:17:25.472,2.0812,2.08167,1.05,1.50
2012.05.18 12:17:25.582,2.08109,2.08166,1.05,1.05
2012.05.18 12:17:26.232,2.08115,2.08167,1.05,1.50
2012.05.18 12:17:27.771,2.08116,2.08167,1.05,1.50
2012.05.18 12:17:28.342,2.08114,2.08167,1.05,1.50
2012.05.18 12:17:29.552,2.08116,2.08167,1.05,1.50
2012.05.18 12:17:31.311,2.08119,2.08167,1.05,1.50
2012.05.18 12:17:31.618,2.08128,2.08168,1.05,1.50
2012.05.18 12:17:31.932,2.08131,2.08174,1.05,2.25
2012.05.18 12:17:32.000,2.08126,2.08167,1.05,1.50
2012.05.18 12:17:32.130,2.08121,2.08167,1.05,1.50
2012.05.18 12:17:32.198,2.08121,2.08162,1.05,1.50
2012.05.18 12:17:32.385,2.08121,2.08165,1.05,1.50
2012.05.18 12:17:32.459,2.08121,2.08167,1.05,1.50
2012.05.18 12:17:32.945,2.08121,2.08162,1.05,1.50
2012.05.18 12:17:33.250,2.0813,2.08162,1.05,1.50
2012.05.18 12:17:33.560,2.08136,2.08162,1.05,1.50
2012.05.18 12:17:33.686,2.08133,2.08162,1.05,1.50
2012.05.18 12:17:33.825,2.08133,2.08165,1.05,1.50
2012.05.18 12:17:33.899,2.08131,2.08165,1.05,1.50
2012.05.18 12:17:34.554,2.08131,2.08163,1.05,1.50
2012.05.18 12:17:34.847,2.08131,2.08166,1.05,1.50
2012.05.18 12:17:35.102,2.08122,2.08166,1.05,2.25
2012.05.18 12:17:35.203,2.08127,2.08166,1.05,2.25
2012.05.18 12:17:35.768,2.08127,2.08161,1.05,1.50
2012.05.18 12:17:36.194,2.08127,2.08166,1.05,2.25
2012.05.18 12:17:36.658,2.08127,2.08164,1.05,1.50
2012.05.18 12:17:36.908,2.0812,2.08164,1.05,1.50
2012.05.18 12:17:36.980,2.08127,2.08164,1.05,1.50
2012.05.18 12:17:39.829,2.08127,2.08169,1.05,2.25
2012.05.18 12:17:40.267,2.08127,2.08165,1.05,1.50
2012.05.18 12:17:40.822,2.0813,2.08165,1.05,1.50
2012.05.18 12:17:41.963,2.08131,2.08165,1.05,1.50
2012.05.18 12:17:42.380,2.08131,2.0817,1.05,2.25
2012.05.18 12:17:42.508,2.08127,2.08172,1.05,2.25
2012.05.18 12:17:42.743,2.08127,2.08164,1.05,1.50
2012.05.18 12:17:43.068,2.08127,2.08173,1.05,1.80
2012.05.18 12:17:43.473,2.08127,2.08173,1.05,1.80
2012.05.18 12:17:43.868,2.08138,2.08188,1.05,2.25
2012.05.18 12:17:45.021,2.08138,2.08181,1.05,2.25
2012.05.18 12:17:46.115,2.08157,2.08181,1.05,2.25
2012.05.18 12:17:46.974,2.08157,2.08189,1.05,2.25
2012.05.18 12:17:50.530,2.08153,2.08189,1.05,2.25
2012.05.18 12:17:54.899,2.08153,2.08187,1.05,2.25
2012.05.18 12:17:54.967,2.08153,2.08179,1.05,1.50
2012.05.18 12:17:56.623,2.08152,2.08179,1.05,1.50
2012.05.18 12:17:56.925,2.08146,2.08179,1.05,1.50
2012.05.18 12:17:56.998,2.08146,2.08174,1.05,1.50
2012.05.18 12:17:57.311,2.08146,2.08171,1.05,1.50
2012.05.18 12:17:57.551,2.0814,2.08171,1.05,1.50
2012.05.18 12:17:57.791,2.08137,2.08171,1.05,1.50
2012.05.18 12:17:57.989,2.0814,2.08171,1.05,1.50
2012.05.18 12:17:59.508,2.08136,2.08171,1.05,1.50
2012.05.18 12:17:59.579,2.08129,2.08171,1.05,1.50
2012.05.18 12:17:59.827,2.08128,2.08171,1.05,2.25
2012.05.18 12:18:00.280,2.08128,2.08158,1.05,1.50
2012.05.18 12:18:00.349,2.08121,2.08153,1.05,1.50
2012.05.18 12:18:03.795,2.08121,2.08157,1.05,2.25
2012.05.18 12:18:04.647,2.08127,2.08165,1.05,2.25
2012.05.18 12:18:05.204,2.08129,2.08165,1.05,2.25
2012.05.18 12:18:05.520,2.08131,2.08165,1.05,2.25
2012.05.18 12:18:05.830,2.08135,2.08168,1.05,2.25
2012.05.18 12:18:06.176,2.08134,2.08174,1.05,2.25
2012.05.18 12:18:06.383,2.08141,2.08174,1.05,2.25
2012.05.18 12:18:07.256,2.08141,2.08182,1.05,2.25
2012.05.18 12:18:08.828,2.08144,2.08182,1.05,2.25
2012.05.18 12:18:09.010,2.0814,2.08182,1.05,2.25
2012.05.18 12:18:09.285,2.08145,2.08182,1.05,2.25
2012.05.18 12:18:10.247,2.08143,2.08182,1.05,2.25
2012.05.18 12:18:14.628,2.08141,2.08182,1.05,2.25
2012.05.18 12:18:14.794,2.08141,2.08182,1.05,2.25
2012.05.18 12:18:14.868,2.08141,2.08176,1.05,1.50
2012.05.18 12:18:15.689,2.0814,2.08176,1.05,1.50
2012.05.18 12:18:16.006,2.08148,2.08176,1.05,1.50
2012.05.18 12:18:16.638,2.08133,2.08175,1.05,1.50
2012.05.18 12:18:16.769,2.08133,2.08181,1.05,3.30
2012.05.18 12:18:16.838,2.08147,2.08181,1.05,2.25
2012.05.18 12:18:19.211,2.08147,2.08188,1.05,2.25
2012.05.18 12:18:21.505,2.08147,2.08188,1.05,2.25
2012.05.18 12:18:24.712,2.08147,2.08189,1.05,2.25
2012.05.18 12:18:25.021,2.08147,2.08189,1.05,1.50
2012.05.18 12:18:27.588,2.08156,2.08189,1.05,1.50
2012.05.18 12:18:27.818,2.08148,2.08189,1.05,1.50
2012.05.18 12:18:30.097,2.08148,2.08194,1.05,1.80
2012.05.18 12:18:31.905,2.08148,2.0819,1.05,1.50
2012.05.18 12:18:31.974,2.08148,2.08187,1.05,1.50
2012.05.18 12:18:32.944,2.08148,2.08192,1.05,2.25
2012.05.18 12:18:33.252,2.08148,2.08186,1.05,1.50
2012.05.18 12:18:33.638,2.08145,2.08179,1.05,1.50
2012.05.18 12:18:34.102,2.08147,2.08179,1.05,1.50
2012.05.18 12:18:34.651,2.08147,2.08178,1.05,1.50
2012.05.18 12:18:35.005,2.08147,2.08168,1.05,1.50
2012.05.18 12:18:35.761,2.08147,2.08167,1.05,1.50
2012.05.18 12:18:36.095,2.0812,2.08167,1.05,2.55
2012.05.18 12:18:36.739,2.08127,2.08174,1.05,1.50
2012.05.18 12:18:36.870,2.08119,2.08168,1.05,1.05
2012.05.18 12:18:37.907,2.08119,2.08165,1.05,1.50
2012.05.18 12:18:38.215,2.08127,2.08172,1.05,1.50
2012.05.18 12:18:38.407,2.08125,2.08172,1.05,1.50
2012.05.18 12:18:38.607,2.08125,2.08175,1.05,1.50
2012.05.18 12:18:38.676,2.08125,2.08184,1.05,1.80
2012.05.18 12:18:38.808,2.08128,2.08184,1.05,1.80
2012.05.18 12:18:40.876,2.08128,2.08171,1.05,1.50
2012.05.18 12:18:42.888,2.08128,2.08175,1.05,1.50
2012.05.18 12:18:42.955,2.08128,2.08178,1.05,2.25
2012.05.18 12:18:43.237,2.08128,2.08174,1.05,1.50
2012.05.18 12:18:43.872,2.08128,2.08171,1.05,1.50
2012.05.18 12:18:43.949,2.0812,2.08167,1.05,1.05
2012.05.18 12:18:44.283,2.0812,2.08164,1.05,1.50
2012.05.18 12:18:44.576,2.0812,2.08167,1.05,1.05
2012.05.18 12:18:46.707,2.08127,2.08173,1.05,1.80
2012.05.18 12:18:47.021,2.08137,2.08184,1.05,1.80
2012.05.18 12:18:47.212,2.08144,2.08192,1.05,2.25
2012.05.18 12:18:47.515,2.08139,2.08188,1.05,1.80
2012.05.18 12:18:47.586,2.08145,2.08192,1.05,3.30
2012.05.18 12:18:48.231,2.08143,2.08189,1.05,1.80
2012.05.18 12:18:49.045,2.08143,2.08189,1.05,1.80
2012.05.18 12:18:49.348,2.08147,2.08195,1.05,1.80
2012.05.18 12:18:49.932,2.08143,2.08189,1.05,1.80
2012.05.18 12:18:50.118,2.08139,2.08188,1.05,1.05
2012.05.18 12:18:50.248,2.08139,2.08176,1.05,1.50
2012.05.18 12:18:50.320,2.08139,2.08181,1.05,1.50
2012.05.18 12:18:50.389,2.08139,2.08183,1.05,1.50
2012.05.18 12:18:50.458,2.08133,2.0818,1.05,1.05
2012.05.18 12:18:50.897,2.08129,2.08183,1.05,1.50
2012.05.18 12:18:51.068,2.08139,2.08183,1.05,1.50
2012.05.18 12:18:52.486,2.08139,2.08185,1.05,1.05
2012.05.18 12:18:52.849,2.08145,2.08185,1.05,1.50
2012.05.18 12:18:53.189,2.0814,2.08185,1.05,1.50
2012.05.18 12:18:53.437,2.0814,2.08188,1.05,1.50
2012.05.18 12:18:53.627,2.08133,2.08188,1.05,1.50
2012.05.18 12:18:53.697,2.08133,2.08183,1.05,1.50
2012.05.18 12:18:54.307,2.08133,2.08182,1.05,1.50
2012.05.18 12:18:54.380,2.08127,2.08182,1.05,1.50
2012.05.18 12:18:54.581,2.08134,2.08182,1.05,1.50
2012.05.18 12:18:54.828,2.08127,2.08176,1.05,1.50
2012.05.18 12:18:54.977,2.08133,2.08176,1.05,1.50
2012.05.18 12:18:55.344,2.08123,2.08176,1.05,1.50
2012.05.18 12:18:55.987,2.08133,2.08176,1.05,1.50
2012.05.18 12:18:56.558,2.08112,2.08161,1.05,1.05
2012.05.18 12:18:56.630,2.08112,2.08161,1.80,1.05
2012.05.18 12:18:56.956,2.08134,2.08176,1.05,1.50
2012.05.18 12:18:57.027,2.08134,2.08179,1.05,2.25
2012.05.18 12:18:57.592,2.08134,2.08184,1.05,2.25
2012.05.18 12:18:57.718,2.08115,2.08161,1.50,1.05
2012.05.18 12:18:58.220,2.08112,2.08161,1.05,1.05
2012.05.18 12:18:59.155,2.08112,2.08161,1.80,1.05
2012.05.18 12:18:59.405,2.08113,2.08165,1.80,1.05
2012.05.18 12:19:00.126,2.08113,2.08165,1.05,1.05
2012.05.18 12:19:00.197,2.08113,2.08163,1.05,1.50
2012.05.18 12:19:00.326,2.08113,2.08165,1.05,1.05
2012.05.18 12:19:00.397,2.08106,2.08154,2.55,1.05
2012.05.18 12:19:03.101,2.08106,2.08154,3.30,1.05
2012.05.18 12:19:03.167,2.0812,2.08166,1.05,1.05
2012.05.18 12:19:03.686,2.08132,2.08173,1.05,1.50
2012.05.18 12:19:04.039,2.08106,2.08152,1.05,1.50
2012.05.18 12:19:04.107,2.08106,2.08153,1.80,1.05
2012.05.18 12:19:04.357,2.08132,2.08181,1.05,1.80
2012.05.18 12:19:04.489,2.0811,2.08164,1.50,1.05
2012.05.18 12:19:04.676,2.08134,2.08169,1.05,1.50
2012.05.18 12:19:04.808,2.08134,2.08174,1.05,2.25
2012.05.18 12:19:04.997,2.08116,2.08182,1.50,2.25
2012.05.18 12:19:05.621,2.08112,2.08176,1.50,2.25
2012.05.18 12:19:05.726,2.0811,2.08176,1.05,2.25
2012.05.18 12:19:06.496,2.08108,2.08175,1.50,1.50
2012.05.18 12:19:06.714,2.08105,2.08169,2.55,1.50
2012.05.18 12:19:07.656,2.08128,2.08169,1.05,1.50
2012.05.18 12:19:07.913,2.08128,2.08179,1.05,2.25
2012.05.18 12:19:08.501,2.08128,2.08168,1.05,1.50
2012.05.18 12:19:08.756,2.08123,2.08165,1.05,1.50
2012.05.18 12:19:08.932,2.0812,2.08165,1.05,1.50
2012.05.18 12:19:09.306,2.0812,2.08163,1.05,1.50
2012.05.18 12:19:09.702,2.08118,2.08159,1.05,1.50
2012.05.18 12:19:10.148,2.08114,2.08159,1.05,1.50
2012.05.18 12:19:10.462,2.08114,2.08156,1.05,1.50
2012.05.18 12:19:10.817,2.08114,2.08153,1.05,1.50
2012.05.18 12:19:11.047,2.08108,2.08153,1.05,1.50
2012.05.18 12:19:11.420,2.08089,2.08147,1.05,1.05
2012.05.18 12:19:11.549,2.08097,2.08155,1.05,1.80
2012.05.18 12:19:11.858,2.08094,2.0815,1.05,1.05
2012.05.18 12:19:12.169,2.08109,2.0815,1.05,1.50
2012.05.18 12:19:12.239,2.08107,2.08153,1.05,2.55
2012.05.18 12:19:12.488,2.08107,2.08149,1.05,1.50
2012.05.18 12:19:13.041,2.08106,2.08149,1.05,1.50
2012.05.18 12:19:13.386,2.08106,2.08144,1.05,1.50
2012.05.18 12:19:13.576,2.08099,2.08141,1.05,1.50
2012.05.18 12:19:14.081,2.08099,2.08146,1.05,1.05
2012.05.18 12:19:14.988,2.08105,2.08154,1.05,3.30
2012.05.18 12:19:15.540,2.08113,2.08143,1.05,1.50
2012.05.18 12:19:15.847,2.08085,2.08115,1.05,1.50
2012.05.18 12:19:15.976,2.08064,2.08115,1.05,1.50
2012.05.18 12:19:16.047,2.08064,2.08108,1.05,1.50
2012.05.18 12:19:17.747,2.08064,2.08111,1.05,3.00
2012.05.18 12:19:18.000,2.08064,2.08118,1.80,1.50
2012.05.18 12:19:18.069,2.08064,2.08123,1.80,1.05
2012.05.18 12:19:19.386,2.08064,2.08115,1.80,1.50
2012.05.18 12:19:19.750,2.08084,2.08115,1.05,1.50
2012.05.18 12:19:20.027,2.08084,2.0812,1.05,1.50
2012.05.18 12:19:20.345,2.08084,2.08126,1.05,1.50
2012.05.18 12:19:20.853,2.08084,2.08133,1.05,1.80
2012.05.18 12:19:21.218,2.08084,2.08133,1.05,1.05
2012.05.18 12:19:21.349,2.08078,2.08126,1.05,1.05
2012.05.18 12:19:21.655,2.08091,2.08139,1.05,1.05
2012.05.18 12:19:22.102,2.08093,2.0814,1.05,1.50
2012.05.18 12:19:22.424,2.08093,2.08137,1.05,1.50
2012.05.18 12:19:23.150,2.08093,2.08133,1.05,1.50
2012.05.18 12:19:23.668,2.08093,2.0814,1.05,1.50
2012.05.18 12:19:23.738,2.08093,2.08134,1.05,1.50
2012.05.18 12:19:23.870,2.08093,2.08138,1.05,1.50
2012.05.18 12:19:23.996,2.08093,2.08143,1.05,1.50
2012.05.18 12:19:24.071,2.08093,2.08149,1.05,3.30
2012.05.18 12:19:24.326,2.08093,2.08141,1.05,1.50
2012.05.18 12:19:25.146,2.08085,2.08141,1.05,1.50
2012.05.18 12:19:25.390,2.08085,2.08133,1.05,1.50
2012.05.18 12:19:25.700,2.08093,2.08133,1.05,1.50
2012.05.18 12:19:26.170,2.08093,2.08138,1.05,1.50
2012.05.18 12:19:26.509,2.08093,2.0814,1.05,1.50
2012.05.18 12:19:28.087,2.08093,2.08149,1.05,2.55
2012.05.18 12:19:31.175,2.08093,2.08142,1.05,1.50
2012.05.18 12:19:31.524,2.08093,2.08147,1.05,1.50
2012.05.18 12:19:32.041,2.08093,2.08143,1.05,1.50
2012.05.18 12:19:32.106,2.08086,2.08139,1.05,1.50
2012.05.18 12:19:32.181,2.08086,2.08131,1.05,1.50
2012.05.18 12:19:32.247,2.0808,2.08126,1.05,1.05
2012.05.18 12:19:33.427,2.08081,2.08128,1.05,1.05
2012.05.18 12:19:33.641,2.08081,2.0813,1.05,1.05
2012.05.18 12:19:34.019,2.08075,2.08123,1.05,1.05
2012.05.18 12:19:34.441,2.08082,2.0812,1.05,1.50
2012.05.18 12:19:34.509,2.08082,2.08126,1.05,1.50
2012.05.18 12:19:34.636,2.08084,2.08126,1.05,1.50
2012.05.18 12:19:35.965,2.08084,2.08133,1.05,1.05
2012.05.18 12:19:37.726,2.08084,2.08133,1.05,1.80
2012.05.18 12:19:37.915,2.08059,2.08104,1.50,1.05
2012.05.18 12:19:38.441,2.08038,2.08087,1.50,1.05
2012.05.18 12:19:38.511,2.0805,2.08099,1.05,1.05
2012.05.18 12:19:38.816,2.08064,2.08106,1.05,1.50
2012.05.18 12:19:39.050,2.08063,2.08109,1.05,1.05
2012.05.18 12:19:39.176,2.08059,2.08106,1.05,1.05
2012.05.18 12:19:39.608,2.08059,2.08101,1.05,1.50
2012.05.18 12:19:40.188,2.08066,2.08112,1.05,1.50
2012.05.18 12:19:40.811,2.08065,2.08112,1.05,1.50
2012.05.18 12:19:40.903,2.08067,2.08112,1.05,1.50
2012.05.18 12:19:41.409,2.08067,2.08113,1.05,1.05
2012.05.18 12:19:41.767,2.08067,2.08102,1.05,1.50
2012.05.18 12:19:41.836,2.08047,2.08103,1.05,1.05
2012.05.18 12:19:42.194,2.08068,2.08102,1.05,1.50
2012.05.18 12:19:43.777,2.08067,2.08102,1.05,1.50
2012.05.18 12:19:44.814,2.08067,2.08106,1.05,1.50
2012.05.18 12:19:44.999,2.08066,2.08109,1.05,1.50
2012.05.18 12:19:45.070,2.08072,2.08103,1.05,1.50
2012.05.18 12:19:45.277,2.08072,2.08116,1.05,1.50
2012.05.18 12:19:45.409,2.08072,2.08119,1.05,1.05
2012.05.18 12:19:45.689,2.08072,2.08101,1.05,1.50
2012.05.18 12:19:46.142,2.08072,2.08097,1.05,1.50
2012.05.18 12:19:47.766,2.08072,2.08101,1.05,1.50
2012.05.18 12:19:48.018,2.08072,2.08108,1.05,1.50
2012.05.18 12:19:51.368,2.08065,2.08108,1.05,1.50
2012.05.18 12:19:52.920,2.08065,2.08112,1.05,1.50
2012.05.18 12:19:53.030,2.0807,2.08112,1.05,1.50
2012.05.18 12:19:53.101,2.0807,2.08116,1.05,1.50
2012.05.18 12:19:53.506,2.08066,2.08112,1.05,1.05
2012.05.18 12:19:53.770,2.08066,2.08114,1.05,1.05
2012.05.18 12:19:54.379,2.08071,2.08117,1.05,1.05
2012.05.18 12:19:54.869,2.08065,2.08111,1.05,1.50
2012.05.18 12:19:54.946,2.08065,2.08113,1.05,1.05
2012.05.18 12:19:55.752,2.08065,2.08108,1.05,1.50
2012.05.18 12:19:55.913,2.08067,2.08112,1.05,1.50
2012.05.18 12:19:56.040,2.08067,2.08107,1.05,1.50
2012.05.18 12:19:56.320,2.08065,2.08107,1.05,1.50
2012.05.18 12:20:00.104,2.08065,2.08112,1.05,1.50
2012.05.18 12:20:00.741,2.08065,2.08111,1.05,1.50
2012.05.18 12:20:00.931,2.08065,2.08113,1.05,1.05
2012.05.18 12:20:01.281,2.08065,2.08108,1.05,1.50
2012.05.18 12:20:01.752,2.08067,2.08113,1.05,2.55
2012.05.18 12:20:01.874,2.08065,2.08113,1.05,1.05
2012.05.18 12:20:02.299,2.08067,2.08113,1.05,1.05
2012.05.18 12:20:02.547,2.08069,2.08116,1.05,1.05
2012.05.18 12:20:02.752,2.08066,2.08114,1.05,1.05
2012.05.18 12:20:03.527,2.08068,2.08115,1.05,1.05
2012.05.18 12:20:04.554,2.08068,2.08114,1.05,1.50
2012.05.18 12:20:05.764,2.08068,2.08115,1.05,2.55
2012.05.18 12:20:06.456,2.08068,2.0811,1.05,1.50
2012.05.18 12:20:06.618,2.08068,2.08115,1.05,1.05
2012.05.18 12:20:08.582,2.08063,2.08112,2.55,1.05
2012.05.18 12:20:08.738,2.08063,2.0811,1.50,1.05
2012.05.18 12:20:08.807,2.08063,2.08112,2.55,1.05
2012.05.18 12:20:09.580,2.08069,2.08128,1.05,1.05
2012.05.18 12:20:09.651,2.08096,2.08142,1.05,1.35
2012.05.18 12:20:09.716,2.08096,2.08142,1.05,1.05
2012.05.18 12:20:10.030,2.08108,2.08157,1.05,1.05
2012.05.18 12:20:10.358,2.08108,2.08151,1.05,1.50
2012.05.18 12:20:11.641,2.08108,2.08145,1.05,1.50
2012.05.18 12:20:12.005,2.08122,2.08153,1.05,1.50
2012.05.18 12:20:12.401,2.08122,2.08145,1.05,1.50
2012.05.18 12:20:12.627,2.08122,2.08151,1.05,1.50
2012.05.18 12:20:12.757,2.08122,2.08145,1.05,1.50
2012.05.18 12:20:13.381,2.0812,2.08145,1.05,1.50
2012.05.18 12:20:13.768,2.08116,2.08145,1.05,1.50
2012.05.18 12:20:14.066,2.08116,2.08152,1.05,1.50
2012.05.18 12:20:14.628,2.08119,2.08157,1.05,1.50
2012.05.18 12:20:15.571,2.08119,2.0815,1.05,1.50
2012.05.18 12:20:15.756,2.08116,2.0815,1.05,1.50
2012.05.18 12:20:17.484,2.08116,2.08154,1.05,1.50
2012.05.18 12:20:17.558,2.08116,2.08158,1.05,1.50
2012.05.18 12:20:17.746,2.08103,2.08149,1.05,1.05
2012.05.18 12:20:18.395,2.08115,2.08159,1.05,1.50
2012.05.18 12:20:18.467,2.08115,2.08164,1.05,1.05
2012.05.18 12:20:19.490,2.08118,2.08164,1.50,1.05
2012.05.18 12:20:19.617,2.08115,2.08164,1.05,1.05
2012.05.18 12:20:19.746,2.08118,2.08164,1.50,1.05
2012.05.18 12:20:19.937,2.08115,2.08164,1.05,1.05
2012.05.18 12:20:22.746,2.08115,2.08163,1.05,1.50
2012.05.18 12:20:22.815,2.08115,2.0816,1.05,1.50
2012.05.18 12:20:26.909,2.08115,2.08163,1.05,1.50
2012.05.18 12:20:27.592,2.08115,2.08164,1.05,1.05
2012.05.18 12:20:29.567,2.08124,2.08164,1.50,1.05
2012.05.18 12:20:30.282,2.08121,2.08164,1.50,1.05
2012.05.18 12:20:30.348,2.08118,2.08164,1.50,1.05
2012.05.18 12:20:30.722,2.08115,2.08161,1.05,1.50
2012.05.18 12:20:30.846,2.08115,2.08164,1.05,1.05
2012.05.18 12:20:30.975,2.08115,2.0816,1.05,1.50
2012.05.18 12:20:31.375,2.08102,2.0815,1.05,1.05
2012.05.18 12:20:31.967,2.08115,2.08156,1.05,1.50
2012.05.18 12:20:32.217,2.08115,2.08163,1.05,1.50
2012.05.18 12:20:32.683,2.08114,2.0816,1.05,1.05
2012.05.18 12:20:34.676,2.08099,2.08153,1.50,1.05
2012.05.18 12:20:35.009,2.08106,2.08155,1.05,1.05
2012.05.18 12:20:35.259,2.08116,2.08167,1.05,1.50
2012.05.18 12:20:35.469,2.08116,2.08172,1.05,1.50
2012.05.18 12:20:35.597,2.08119,2.08174,1.50,1.05
2012.05.18 12:20:35.947,2.08124,2.08168,2.25,1.05
2012.05.18 12:20:36.016,2.08139,2.08191,1.05,1.05
2012.05.18 12:20:36.309,2.08139,2.08192,1.05,1.50
2012.05.18 12:20:36.375,2.08141,2.08192,1.05,1.50
2012.05.18 12:20:36.603,2.08141,2.08197,1.05,1.05
2012.05.18 12:20:36.665,2.08141,2.08193,1.05,1.50
2012.05.18 12:20:37.071,2.08137,2.08193,1.05,1.50
2012.05.18 12:20:37.426,2.08137,2.08187,1.05,1.50
2012.05.18 12:20:37.979,2.0814,2.08187,1.05,1.50
2012.05.18 12:20:38.190,2.08134,2.08187,1.05,1.50
2012.05.18 12:20:38.338,2.08132,2.08187,1.05,1.50
2012.05.18 12:20:38.635,2.08132,2.08183,1.05,1.50
2012.05.18 12:20:38.950,2.08127,2.08183,1.05,1.50
2012.05.18 12:20:40.153,2.0814,2.08183,1.05,1.50
2012.05.18 12:20:40.219,2.08138,2.0819,1.05,1.50
2012.05.18 12:20:40.286,2.08138,2.08184,1.05,1.50
2012.05.18 12:20:40.491,2.08132,2.08184,1.05,1.50
2012.05.18 12:20:40.619,2.08132,2.0819,1.05,2.55
2012.05.18 12:20:40.856,2.08137,2.0819,1.05,1.50
2012.05.18 12:20:41.219,2.08145,2.0819,1.05,1.50
2012.05.18 12:20:41.428,2.08145,2.08194,1.05,1.50
2012.05.18 12:20:42.189,2.08145,2.0819,1.05,1.50
2012.05.18 12:20:42.319,2.08138,2.0819,1.05,1.50
2012.05.18 12:20:42.389,2.08138,2.08195,1.05,1.50
2012.05.18 12:20:43.527,2.08141,2.08195,1.05,1.50
2012.05.18 12:20:43.849,2.08145,2.08189,1.05,1.50
2012.05.18 12:20:44.826,2.08145,2.08198,1.05,1.50
2012.05.18 12:20:45.350,2.08145,2.08199,1.05,1.50
2012.05.18 12:20:48.207,2.08145,2.08192,1.05,1.50
2012.05.18 12:20:48.536,2.08137,2.08184,1.05,1.05
2012.05.18 12:20:48.865,2.08143,2.08186,1.05,1.50
2012.05.18 12:20:51.097,2.08133,2.08182,1.05,1.05
2012.05.18 12:20:51.950,2.0814,2.08186,1.05,1.50
2012.05.18 12:20:52.019,2.0814,2.08189,1.05,1.05
2012.05.18 12:20:52.306,2.08124,2.0818,1.50,1.05
2012.05.18 12:20:52.411,2.08132,2.08181,1.05,1.05
2012.05.18 12:20:53.852,2.0814,2.08189,1.05,1.05
2012.05.18 12:20:54.938,2.0814,2.0818,1.05,1.50
2012.05.18 12:20:55.247,2.0814,2.08174,1.05,1.50
2012.05.18 12:20:55.556,2.0814,2.08172,1.05,1.50
2012.05.18 12:20:55.628,2.08117,2.08173,1.05,1.05
2012.05.18 12:20:55.697,2.08111,2.08167,1.05,1.05
2012.05.18 12:20:56.291,2.08108,2.08167,1.05,1.05
2012.05.18 12:20:57.250,2.08103,2.08154,1.50,1.05
2012.05.18 12:20:57.558,2.08103,2.08152,2.25,1.05
2012.05.18 12:20:57.627,2.08113,2.0816,1.05,1.05
2012.05.18 12:20:57.999,2.08118,2.08173,1.05,1.50
2012.05.18 12:20:58.127,2.08125,2.08173,1.05,1.50
2012.05.18 12:20:58.440,2.08116,2.08163,1.05,1.05
2012.05.18 12:20:59.051,2.08115,2.08161,1.05,1.05
2012.05.18 12:20:59.368,2.08123,2.08169,1.05,1.05
2012.05.18 12:21:00.350,2.08112,2.08161,1.05,1.05
2012.05.18 12:21:00.919,2.08115,2.08161,1.05,1.05
2012.05.18 12:21:01.381,2.08116,2.08165,1.05,1.05
2012.05.18 12:21:01.529,2.08116,2.08163,1.05,1.05
2012.05.18 12:21:01.596,2.08116,2.08165,1.05,1.05
2012.05.18 12:21:02.069,2.08116,2.08158,1.05,1.50
2012.05.18 12:21:03.179,2.08116,2.08163,1.05,1.50
2012.05.18 12:21:03.306,2.08116,2.08158,1.05,1.50
2012.05.18 12:21:03.489,2.08099,2.08154,1.05,1.05
2012.05.18 12:21:03.608,2.08108,2.08155,1.05,1.05
2012.05.18 12:21:03.738,2.08099,2.08154,1.05,1.05
2012.05.18 12:21:03.831,2.08117,2.08164,1.05,2.55
2012.05.18 12:21:05.046,2.08117,2.08162,1.05,1.50
2012.05.18 12:21:05.237,2.08117,2.08164,1.05,1.05
2012.05.18 12:21:07.091,2.08117,2.08162,1.05,1.50
2012.05.18 12:21:08.169,2.08123,2.08162,1.05,1.50
2012.05.18 12:21:08.237,2.08123,2.08168,1.05,1.50
2012.05.18 12:21:08.760,2.08124,2.08168,1.05,1.50
2012.05.18 12:21:10.203,2.08125,2.08168,1.05,1.50
2012.05.18 12:21:11.474,2.08126,2.08168,1.05,1.50
2012.05.18 12:21:11.648,2.0812,2.08168,1.05,1.50
2012.05.18 12:21:11.779,2.08125,2.08174,1.05,1.50
2012.05.18 12:21:12.598,2.08134,2.08177,1.50,1.50
2012.05.18 12:21:13.094,2.08152,2.08203,1.05,1.50
2012.05.18 12:21:14.968,2.08152,2.08207,1.05,2.55
2012.05.18 12:21:15.259,2.08152,2.08204,1.05,1.05
2012.05.18 12:21:16.808,2.08151,2.08198,1.05,1.05
2012.05.18 12:21:17.257,2.08153,2.08198,1.50,1.05
2012.05.18 12:21:17.507,2.08158,2.08214,1.05,1.05
2012.05.18 12:21:17.635,2.08161,2.08214,1.50,1.05
2012.05.18 12:21:17.829,2.08168,2.08235,1.50,2.25
2012.05.18 12:21:17.897,2.08168,2.08231,1.50,1.50
2012.05.18 12:21:17.966,2.08162,2.08228,1.05,1.50
2012.05.18 12:21:18.038,2.08184,2.08228,1.05,1.50
2012.05.18 12:21:18.225,2.08176,2.08225,1.05,1.80
2012.05.18 12:21:18.734,2.08191,2.08238,1.05,1.05
2012.05.18 12:21:19.046,2.08209,2.08244,1.05,2.25
2012.05.18 12:21:19.117,2.08177,2.08219,1.50,1.05
2012.05.18 12:21:19.308,2.08165,2.08219,1.50,1.05
2012.05.18 12:21:19.579,2.08169,2.08219,1.50,1.05
2012.05.18 12:21:20.158,2.08172,2.08219,1.50,1.05
2012.05.18 12:21:21.201,2.08172,2.08218,1.50,1.05
2012.05.18 12:21:21.538,2.08172,2.0822,1.50,1.05
2012.05.18 12:21:22.457,2.08181,2.0822,1.50,1.05
2012.05.18 12:21:24.397,2.08177,2.0822,1.50,1.05
2012.05.18 12:21:24.467,2.08169,2.0822,1.50,1.05
2012.05.18 12:21:24.656,2.08169,2.08222,1.50,1.05
2012.05.18 12:21:24.788,2.08165,2.08221,1.50,1.05
2012.05.18 12:21:24.987,2.08164,2.08215,1.50,1.05
2012.05.18 12:21:25.634,2.08164,2.08213,1.50,1.05
2012.05.18 12:21:26.038,2.08164,2.08209,1.50,1.05
2012.05.18 12:21:26.110,2.08157,2.08209,1.50,1.05
2012.05.18 12:21:26.748,2.08171,2.0822,1.05,1.05
2012.05.18 12:21:27.727,2.08179,2.08234,1.05,1.50
2012.05.18 12:21:29.307,2.08179,2.08223,1.05,1.50
2012.05.18 12:21:29.989,2.08179,2.08229,1.05,1.50
2012.05.18 12:21:30.117,2.08172,2.08229,1.05,1.50
2012.05.18 12:21:30.771,2.0817,2.08227,1.05,1.05
2012.05.18 12:21:31.558,2.08174,2.08227,1.50,1.05
2012.05.18 12:21:31.873,2.0818,2.08225,1.50,1.05
2012.05.18 12:21:32.059,2.08177,2.08225,1.50,1.05
2012.05.18 12:21:32.129,2.08197,2.08246,1.05,1.50
2012.05.18 12:21:32.199,2.08188,2.08237,1.05,1.05
2012.05.18 12:21:33.161,2.08196,2.08243,1.05,1.50
2012.05.18 12:21:33.913,2.08198,2.08245,1.05,1.80
2012.05.18 12:21:34.638,2.08198,2.08243,1.05,1.50
2012.05.18 12:21:35.510,2.08199,2.08243,1.05,1.50
2012.05.18 12:21:35.711,2.08197,2.08243,1.05,1.50
2012.05.18 12:21:36.465,2.08197,2.08244,1.05,1.80
2012.05.18 12:21:37.285,2.08197,2.08242,1.05,1.50
2012.05.18 12:21:38.726,2.08197,2.08244,1.05,1.05
2012.05.18 12:21:39.040,2.08188,2.08237,1.05,1.05
2012.05.18 12:21:39.288,2.08192,2.08241,1.05,1.05
2012.05.18 12:21:39.647,2.08187,2.08235,1.05,1.05
2012.05.18 12:21:41.399,2.08193,2.0824,1.05,1.05
2012.05.18 12:21:41.701,2.08196,2.08242,1.05,1.05
2012.05.18 12:21:41.848,2.08202,2.08249,1.05,1.05
2012.05.18 12:21:45.258,2.08196,2.08245,1.05,1.05
2012.05.18 12:21:45.829,2.08197,2.08246,1.05,1.05
2012.05.18 12:21:46.006,2.082,2.08248,1.05,1.05
2012.05.18 12:21:46.868,2.08201,2.0825,1.05,1.05
2012.05.18 12:21:46.964,2.08201,2.08246,1.05,1.50
2012.05.18 12:21:47.629,2.08179,2.08221,1.50,1.05
2012.05.18 12:21:47.960,2.0817,2.0818,1.05,1.50
2012.05.18 12:21:48.150,2.0815,2.0818,1.05,1.50
2012.05.18 12:21:48.217,2.0815,2.08185,1.05,1.50
2012.05.18 12:21:48.288,2.08157,2.08185,1.05,1.50
2012.05.18 12:21:49.407,2.08158,2.08185,1.50,1.50
2012.05.18 12:21:49.476,2.08163,2.08215,1.50,1.05
2012.05.18 12:21:49.719,2.08158,2.08215,1.50,1.05
2012.05.18 12:21:50.318,2.08157,2.08215,2.55,1.05
2012.05.18 12:21:51.275,2.08162,2.08215,1.50,1.05
2012.05.18 12:21:52.490,2.08172,2.08218,1.50,1.05
2012.05.18 12:21:53.429,2.08178,2.08218,1.50,1.05
2012.05.18 12:21:53.757,2.08173,2.08218,1.50,1.05
2012.05.18 12:21:53.887,2.08173,2.08221,1.50,1.05
2012.05.18 12:21:54.118,2.08178,2.08227,1.50,1.05
2012.05.18 12:21:54.429,2.08178,2.08232,1.50,1.05
2012.05.18 12:21:54.557,2.08183,2.08232,1.50,1.05
2012.05.18 12:21:55.557,2.08183,2.08233,1.50,1.05
2012.05.18 12:21:56.286,2.08183,2.08234,1.50,1.05
2012.05.18 12:21:57.077,2.08177,2.08234,1.50,1.05
2012.05.18 12:21:57.957,2.08178,2.08234,1.50,1.05
2012.05.18 12:21:58.300,2.08185,2.08234,1.50,1.05
2012.05.18 12:21:59.243,2.08205,2.08258,1.05,1.50
2012.05.18 12:21:59.517,2.08205,2.08253,1.05,1.50
2012.05.18 12:21:59.838,2.08205,2.08258,1.05,1.50
2012.05.18 12:22:01.267,2.08215,2.08258,1.50,1.50
2012.05.18 12:22:02.087,2.08219,2.08261,1.50,1.05
2012.05.18 12:22:02.336,2.08215,2.08259,1.50,1.05
2012.05.18 12:22:02.406,2.08213,2.08259,1.50,1.05
2012.05.18 12:22:02.549,2.08213,2.08262,1.50,1.05
2012.05.18 12:22:02.737,2.08213,2.08258,1.50,1.05
2012.05.18 12:22:03.297,2.08193,2.08254,1.05,1.50
2012.05.18 12:22:03.827,2.08214,2.08258,1.50,2.55
2012.05.18 12:22:04.351,2.08214,2.08259,1.50,1.05
2012.05.18 12:22:04.662,2.0822,2.08262,1.50,1.05
2012.05.18 12:22:05.083,2.0822,2.08258,1.50,1.05
2012.05.18 12:22:05.222,2.08226,2.08268,1.50,1.05
2012.05.18 12:22:05.408,2.08226,2.08268,1.50,1.80
2012.05.18 12:22:05.939,2.08204,2.08258,1.05,1.50
2012.05.18 12:22:06.053,2.08214,2.08258,1.05,1.50
2012.05.18 12:22:06.359,2.08214,2.08269,1.05,2.25
2012.05.18 12:22:06.628,2.08191,2.08245,1.50,1.05
2012.05.18 12:22:07.446,2.08196,2.08245,1.50,1.05
2012.05.18 12:22:07.667,2.08193,2.08245,1.50,1.05
2012.05.18 12:22:07.736,2.0819,2.08245,1.50,1.05
2012.05.18 12:22:07.807,2.08187,2.08245,1.05,1.05
2012.05.18 12:22:07.877,2.08208,2.08251,1.05,1.50
2012.05.18 12:22:08.068,2.08208,2.08254,1.05,1.05
2012.05.18 12:22:08.197,2.08196,2.08244,1.50,1.05
2012.05.18 12:22:08.268,2.08208,2.08254,1.05,1.05
2012.05.18 12:22:16.248,2.0821,2.08257,1.05,1.05
2012.05.18 12:22:16.316,2.08213,2.08258,1.05,1.50
2012.05.18 12:22:16.719,2.08213,2.08261,1.05,1.50
2012.05.18 12:22:17.726,2.08213,2.08262,1.05,1.05
2012.05.18 12:22:18.277,2.08213,2.08261,1.05,1.50
2012.05.18 12:22:23.614,2.08213,2.0826,1.05,1.50
2012.05.18 12:22:23.686,2.08213,2.08256,1.05,1.50
2012.05.18 12:22:24.251,2.08194,2.08251,1.05,1.05
2012.05.18 12:22:24.818,2.082,2.08258,1.05,1.05
2012.05.18 12:22:29.710,2.082,2.0825,1.05,1.50
2012.05.18 12:22:30.027,2.08203,2.08247,1.05,1.50
2012.05.18 12:22:30.418,2.08201,2.08247,1.05,1.50
2012.05.18 12:22:30.738,2.08193,2.0824,1.05,1.05
2012.05.18 12:22:33.682,2.08193,2.08239,1.05,1.50
2012.05.18 12:22:34.600,2.08191,2.08239,1.05,1.50
2012.05.18 12:22:35.157,2.08191,2.0824,1.05,1.05
2012.05.18 12:22:36.969,2.08188,2.08235,1.05,1.05
2012.05.18 12:22:37.147,2.0819,2.08238,1.05,1.05
2012.05.18 12:22:37.250,2.0819,2.08236,1.05,1.05
2012.05.18 12:22:37.472,2.08192,2.08241,1.05,1.05
2012.05.18 12:22:46.086,2.08192,2.0824,1.05,1.50
2012.05.18 12:22:47.378,2.08192,2.08229,1.05,1.50
2012.05.18 12:22:47.757,2.08204,2.08232,1.05,1.50
2012.05.18 12:22:47.968,2.08204,2.08245,1.05,3.00
2012.05.18 12:22:48.036,2.08204,2.08235,1.05,1.50
2012.05.18 12:22:48.105,2.08204,2.08245,1.05,1.50
2012.05.18 12:22:48.556,2.08169,2.08238,2.25,1.50
2012.05.18 12:22:50.517,2.08192,2.08241,1.05,1.05
2012.05.18 12:22:50.646,2.08199,2.08243,1.05,1.50
2012.05.18 12:22:53.817,2.08207,2.0825,1.05,1.50
2012.05.18 12:22:54.251,2.0821,2.0825,1.05,1.50
2012.05.18 12:22:56.237,2.08217,2.08253,1.05,1.50
2012.05.18 12:22:56.307,2.08217,2.08263,1.05,1.50
2012.05.18 12:22:56.567,2.08217,2.08252,1.05,1.50
2012.05.18 12:22:57.010,2.08217,2.08245,1.05,1.50
2012.05.18 12:22:57.258,2.08217,2.08253,1.05,1.50
2012.05.18 12:22:57.327,2.08196,2.08245,1.05,1.05
2012.05.18 12:22:57.855,2.08196,2.08228,1.05,1.50
2012.05.18 12:22:57.928,2.08196,2.08231,1.05,1.50
2012.05.18 12:22:58.059,2.08176,2.08224,1.05,1.05
2012.05.18 12:22:58.128,2.08176,2.08216,1.05,1.50
2012.05.18 12:22:58.930,2.08176,2.08212,1.05,1.50
2012.05.18 12:22:59.473,2.08176,2.08209,1.05,1.50
2012.05.18 12:22:59.540,2.08176,2.08215,1.05,1.50
2012.05.18 12:23:00.459,2.08176,2.08209,1.05,1.50
2012.05.18 12:23:01.146,2.08176,2.08214,1.05,1.50
2012.05.18 12:23:01.788,2.08176,2.08222,1.05,1.50
2012.05.18 12:23:01.928,2.08183,2.08222,1.05,1.50
2012.05.18 12:23:02.630,2.08183,2.08218,1.05,1.50
2012.05.18 12:23:03.282,2.08183,2.08206,1.05,1.50
2012.05.18 12:23:05.168,2.08162,2.08206,1.05,1.50
2012.05.18 12:23:05.523,2.08162,2.082,1.05,1.50
2012.05.18 12:23:07.939,2.08165,2.082,1.05,1.50
2012.05.18 12:23:08.501,2.08163,2.08206,1.05,1.50
2012.05.18 12:23:08.627,2.08156,2.08202,1.05,1.05
2012.05.18 12:23:08.698,2.08156,2.08198,1.05,1.50
2012.05.18 12:23:10.957,2.08149,2.08193,1.05,1.50
2012.05.18 12:23:11.028,2.08149,2.08186,1.05,1.50
2012.05.18 12:23:11.356,2.08149,2.08183,1.05,1.50
2012.05.18 12:23:11.686,2.08149,2.0818,1.05,1.50
2012.05.18 12:23:13.228,2.08135,2.08182,1.05,1.50
2012.05.18 12:23:14.471,2.08135,2.08175,1.05,1.50
2012.05.18 12:23:14.794,2.08135,2.0818,1.05,1.50
2012.05.18 12:23:15.163,2.08135,2.08183,1.05,1.05
2012.05.18 12:23:15.234,2.08135,2.08179,1.05,1.50
2012.05.18 12:23:15.342,2.08135,2.08182,1.05,1.50
2012.05.18 12:23:15.891,2.08135,2.08179,1.05,1.50
2012.05.18 12:23:17.209,2.08135,2.08182,1.05,1.50
2012.05.18 12:23:17.337,2.08135,2.08171,1.05,1.50
2012.05.18 12:23:17.409,2.08122,2.08168,1.05,1.05
2012.05.18 12:23:20.408,2.08115,2.08162,1.05,1.05
2012.05.18 12:23:20.597,2.08098,2.08152,1.50,1.05
2012.05.18 12:23:20.671,2.08095,2.08152,1.80,1.05
2012.05.18 12:23:20.740,2.08121,2.08163,1.05,1.50
2012.05.18 12:23:20.928,2.08102,2.08158,1.05,1.05
2012.05.18 12:23:21.460,2.08102,2.08158,1.80,1.05
2012.05.18 12:23:21.534,2.08094,2.08153,1.80,1.05
2012.05.18 12:23:21.908,2.08115,2.08162,1.05,1.05
2012.05.18 12:23:26.578,2.08122,2.08168,1.05,1.05
2012.05.18 12:23:26.827,2.08115,2.08162,1.05,1.05
2012.05.18 12:23:27.019,2.08123,2.08179,1.05,1.80
2012.05.18 12:23:27.645,2.08123,2.08179,1.05,1.80
2012.05.18 12:23:29.932,2.08123,2.08175,1.05,2.25
2012.05.18 12:23:30.009,2.08123,2.08173,1.05,1.50
2012.05.18 12:23:30.351,2.08123,2.08169,1.05,1.50
2012.05.18 12:23:32.265,2.08123,2.08178,1.05,2.25
2012.05.18 12:23:32.426,2.08123,2.08172,1.05,1.50
2012.05.18 12:23:32.615,2.08123,2.08177,1.05,2.25
2012.05.18 12:23:33.197,2.08123,2.08173,1.05,1.50
2012.05.18 12:23:33.265,2.08123,2.08168,1.05,1.50
2012.05.18 12:23:33.765,2.08123,2.08173,1.05,1.50
2012.05.18 12:23:34.640,2.08123,2.08176,1.05,2.25
2012.05.18 12:23:35.206,2.08123,2.08176,1.05,1.50
2012.05.18 12:23:35.278,2.08123,2.08179,1.05,1.05
2012.05.18 12:23:36.037,2.08116,2.08172,1.05,1.05
2012.05.18 12:23:48.628,2.08105,2.0817,1.80,1.05
2012.05.18 12:23:48.931,2.08105,2.0817,1.80,1.05
2012.05.18 12:23:49.469,2.08104,2.0817,1.80,1.05
2012.05.18 12:23:49.537,2.08096,2.08153,1.80,1.05
2012.05.18 12:23:49.854,2.08094,2.0815,1.80,1.05
2012.05.18 12:23:51.419,2.08094,2.0815,1.80,1.05
2012.05.18 12:23:51.708,2.08096,2.08153,1.05,1.80
2012.05.18 12:23:51.898,2.08103,2.08159,1.05,1.80
2012.05.18 12:23:52.442,2.08103,2.08159,1.05,1.80
2012.05.18 12:23:52.987,2.08103,2.08159,1.80,1.80
2012.05.18 12:23:53.794,2.08105,2.08169,1.80,1.80
2012.05.18 12:23:54.989,2.08102,2.0816,1.80,1.05
2012.05.18 12:23:58.217,2.08106,2.08162,1.80,1.05
2012.05.18 12:23:58.606,2.08106,2.08162,1.05,1.05
2012.05.18 12:24:00.026,2.08106,2.08162,1.80,1.05
2012.05.18 12:24:02.054,2.08102,2.0816,1.80,1.05
2012.05.18 12:24:06.589,2.08102,2.0816,1.80,1.05
2012.05.18 12:24:06.658,2.08102,2.0816,1.80,1.05
2012.05.18 12:24:07.450,2.08102,2.08146,1.80,1.50
2012.05.18 12:24:07.626,2.08102,2.08143,1.05,1.50
2012.05.18 12:24:07.878,2.08095,2.08143,1.80,2.55
2012.05.18 12:24:16.936,2.08088,2.08137,1.80,1.05
2012.05.18 12:24:22.438,2.08085,2.08134,1.80,1.05
2012.05.18 12:24:22.827,2.08089,2.08136,1.80,1.05
2012.05.18 12:24:23.367,2.08089,2.08136,1.80,1.05
2012.05.18 12:24:23.617,2.08096,2.08149,1.80,2.25
2012.05.18 12:24:24.126,2.08096,2.08153,1.80,1.80
2012.05.18 12:24:24.606,2.08093,2.08149,1.05,1.80
2012.05.18 12:24:24.738,2.08093,2.08149,1.80,1.80
2012.05.18 12:24:25.127,2.08096,2.08153,1.80,1.05
2012.05.18 12:24:29.122,2.08099,2.08155,1.80,1.05
2012.05.18 12:24:29.531,2.08096,2.08153,1.80,1.05
2012.05.18 12:24:29.599,2.08103,2.08159,1.80,1.80
2012.05.18 12:24:34.993,2.08098,2.08156,1.80,1.80
2012.05.18 12:24:35.397,2.08098,2.08156,1.80,1.05
2012.05.18 12:24:35.633,2.08106,2.08161,1.80,1.50
2012.05.18 12:24:37.785,2.08106,2.08162,1.80,1.05
2012.05.18 12:24:37.917,2.08106,2.08162,1.05,1.05
2012.05.18 12:24:37.988,2.08106,2.08164,1.05,1.05
2012.05.18 12:24:38.210,2.08109,2.08167,1.05,1.80
2012.05.18 12:24:38.340,2.08102,2.0816,1.05,1.05
2012.05.18 12:24:38.406,2.08109,2.08167,1.05,1.80
2012.05.18 12:24:38.738,2.08109,2.08146,1.05,1.50
2012.05.18 12:24:38.809,2.08127,2.08167,1.50,1.80
2012.05.18 12:24:38.940,2.08138,2.08167,1.50,2.25
2012.05.18 12:24:39.067,2.08138,2.08177,1.50,1.05
2012.05.18 12:24:39.198,2.08138,2.0817,1.50,1.05
2012.05.18 12:24:39.715,2.08138,2.08177,1.50,1.05
2012.05.18 12:24:40.471,2.08138,2.08173,1.50,1.05
2012.05.18 12:24:40.868,2.08127,2.08158,1.05,1.50
2012.05.18 12:24:41.059,2.08112,2.08151,1.05,1.50
2012.05.18 12:24:41.308,2.08114,2.08143,1.50,1.05
2012.05.18 12:24:41.617,2.08114,2.08146,1.50,1.05
2012.05.18 12:24:41.687,2.08127,2.08146,1.50,1.05
2012.05.18 12:24:41.827,2.08127,2.08163,1.50,1.05
2012.05.18 12:24:42.021,2.08127,2.08172,1.50,1.05
2012.05.18 12:24:42.678,2.08127,2.08172,1.50,1.43
2012.05.18 12:24:42.986,2.08127,2.08163,1.50,1.05
2012.05.18 12:24:43.239,2.08105,2.08153,1.80,1.50
2012.05.18 12:24:43.391,2.08127,2.08153,1.05,1.50
2012.05.18 12:24:43.729,2.08106,2.08153,1.80,1.50
2012.05.18 12:24:43.976,2.08103,2.08154,1.05,1.50
2012.05.18 12:24:44.047,2.08103,2.08147,1.05,1.50
2012.05.18 12:24:44.597,2.08106,2.08147,1.80,1.50
2012.05.18 12:24:44.810,2.08102,2.08152,1.80,1.50
2012.05.18 12:24:45.281,2.08102,2.08152,1.05,1.50
2012.05.18 12:24:45.741,2.08102,2.08149,1.05,1.50
2012.05.18 12:24:45.967,2.08096,2.08146,1.80,1.50
2012.05.18 12:24:46.188,2.08096,2.08139,1.80,1.50
2012.05.18 12:24:46.258,2.0809,2.08146,1.80,1.05
2012.05.18 12:24:46.447,2.0809,2.08141,1.80,1.50
2012.05.18 12:24:46.521,2.0809,2.08141,1.05,1.50
2012.05.18 12:24:46.798,2.0809,2.08146,1.05,1.05
2012.05.18 12:24:46.896,2.0809,2.08146,1.80,1.05
2012.05.18 12:24:47.109,2.08096,2.08153,1.05,1.05
2012.05.18 12:24:47.236,2.08089,2.08147,1.05,1.05
2012.05.18 12:24:51.052,2.08089,2.08143,1.05,1.50
2012.05.18 12:24:51.587,2.08089,2.08147,1.05,1.05
2012.05.18 12:24:52.619,2.08096,2.08152,1.05,1.50
2012.05.18 12:24:53.169,2.08089,2.08147,1.05,1.05
2012.05.18 12:24:57.925,2.08095,2.08152,1.05,1.50
2012.05.18 12:24:58.217,2.08089,2.08147,1.05,1.05
2012.05.18 12:24:59.598,2.08089,2.08147,1.80,1.05
2012.05.18 12:25:00.458,2.08089,2.08141,1.80,1.50
2012.05.18 12:25:00.647,2.08109,2.08157,1.05,2.55
2012.05.18 12:25:01.017,2.08106,2.08152,1.05,1.05
2012.05.18 12:25:01.356,2.0811,2.08156,1.05,1.05
2012.05.18 12:25:02.183,2.0811,2.08152,1.05,1.50
2012.05.18 12:25:02.307,2.0811,2.08156,1.05,2.55
2012.05.18 12:25:03.506,2.0811,2.08155,1.05,1.50
2012.05.18 12:25:04.262,2.0811,2.08156,1.05,1.05
2012.05.18 12:25:04.418,2.08114,2.0816,1.05,2.55
2012.05.18 12:25:07.080,2.08116,2.0816,1.05,1.50
2012.05.18 12:25:07.194,2.08114,2.0816,1.05,2.55
2012.05.18 12:25:11.176,2.08115,2.08162,1.05,1.05
2012.05.18 12:25:11.367,2.08122,2.08167,1.05,1.50
2012.05.18 12:25:11.680,2.08138,2.08183,1.50,1.05
2012.05.18 12:25:11.877,2.08151,2.082,1.05,1.05
2012.05.18 12:25:11.948,2.08151,2.08204,1.05,1.50
2012.05.18 12:25:12.018,2.0817,2.082,1.05,1.50
2012.05.18 12:25:12.269,2.0817,2.08204,1.05,1.50
2012.05.18 12:25:12.342,2.0817,2.08207,1.05,1.50
2012.05.18 12:25:12.856,2.0817,2.08215,1.05,1.50
2012.05.18 12:25:12.930,2.08166,2.08212,1.05,1.05
2012.05.18 12:25:13.248,2.08184,2.08226,1.05,3.75
2012.05.18 12:25:13.378,2.08184,2.08232,1.05,1.05
2012.05.18 12:25:13.507,2.08197,2.08234,1.05,1.50
2012.05.18 12:25:16.275,2.08197,2.08246,1.05,1.80
2012.05.18 12:25:16.466,2.08196,2.0824,1.50,1.05
2012.05.18 12:25:16.722,2.08197,2.08246,1.05,1.05
2012.05.18 12:25:16.849,2.08211,2.0826,2.55,1.05
2012.05.18 12:25:17.169,2.08207,2.08245,1.50,1.05
2012.05.18 12:25:17.321,2.08203,2.08245,1.50,1.05
2012.05.18 12:25:17.387,2.08203,2.08236,1.50,1.05
2012.05.18 12:25:17.522,2.08206,2.08262,1.05,1.05
2012.05.18 12:25:19.891,2.08206,2.08262,1.05,1.80
2012.05.18 12:25:20.019,2.08193,2.08249,1.05,1.05
2012.05.18 12:25:20.326,2.08205,2.08263,1.05,1.05
2012.05.18 12:25:20.396,2.08205,2.08263,1.05,1.80
2012.05.18 12:25:20.468,2.08198,2.08257,1.05,1.80
2012.05.18 12:25:20.879,2.08198,2.08257,1.05,1.05
2012.05.18 12:25:22.120,2.08205,2.08263,1.05,1.05
2012.05.18 12:25:23.199,2.08197,2.08246,1.05,1.05
2012.05.18 12:25:26.048,2.08178,2.08236,1.05,1.05
2012.05.18 12:25:28.656,2.08177,2.08225,1.05,1.05
2012.05.18 12:25:29.606,2.08171,2.08218,1.05,1.05
2012.05.18 12:25:31.067,2.08178,2.08224,1.05,1.05
2012.05.18 12:25:31.476,2.08179,2.08226,1.05,1.05
2012.05.18 12:25:31.695,2.08186,2.08244,1.05,1.05
2012.05.18 12:25:32.936,2.08192,2.08248,1.05,1.05
2012.05.18 12:25:33.455,2.08192,2.0825,1.05,1.05
2012.05.18 12:25:34.355,2.08191,2.08249,1.05,1.05
2012.05.18 12:25:34.488,2.08212,2.08257,1.05,1.50
2012.05.18 12:25:35.074,2.08212,2.08258,1.05,1.05
2012.05.18 12:25:35.316,2.08224,2.08272,1.05,2.55
2012.05.18 12:25:35.388,2.08224,2.08268,1.05,1.50
2012.05.18 12:25:35.516,2.08212,2.08258,1.05,1.05
2012.05.18 12:25:35.646,2.08212,2.08261,1.05,1.05
2012.05.18 12:25:35.776,2.08219,2.08267,1.05,1.05
2012.05.18 12:25:36.557,2.08219,2.08267,1.05,1.43
2012.05.18 12:25:36.687,2.08205,2.08253,1.05,1.05
2012.05.18 12:25:41.108,2.08204,2.08252,1.05,1.05
2012.05.18 12:25:42.680,2.08208,2.08255,1.05,1.05
2012.05.18 12:25:44.801,2.08205,2.08253,1.05,1.05
2012.05.18 12:25:44.910,2.08207,2.08256,1.05,1.05
2012.05.18 12:25:45.277,2.08209,2.08257,1.05,1.05
2012.05.18 12:25:45.442,2.08207,2.08256,1.05,1.05
2012.05.18 12:25:46.828,2.08207,2.08256,1.05,1.43
2012.05.18 12:25:47.087,2.08194,2.08242,1.05,2.55
2012.05.18 12:25:47.156,2.08194,2.08242,1.05,2.93
2012.05.18 12:25:47.240,2.08175,2.08231,1.05,1.05
2012.05.18 12:25:47.758,2.08178,2.08234,1.05,1.05
2012.05.18 12:25:48.367,2.08177,2.08235,1.05,1.05
2012.05.18 12:25:49.189,2.08172,2.08227,1.50,1.05
2012.05.18 12:25:49.832,2.08171,2.08227,1.05,1.05
2012.05.18 12:25:50.439,2.08182,2.08233,1.05,1.50
2012.05.18 12:25:50.566,2.08177,2.08233,1.05,1.50
2012.05.18 12:25:50.820,2.08171,2.08227,1.05,1.05
2012.05.18 12:25:51.416,2.08172,2.08227,1.50,1.05
2012.05.18 12:25:53.861,2.08171,2.08227,1.05,1.05
2012.05.18 12:25:54.187,2.08171,2.08227,1.80,1.05
2012.05.18 12:25:54.319,2.08178,2.08234,1.05,2.55
2012.05.18 12:25:54.389,2.08197,2.08234,1.05,1.50
2012.05.18 12:25:54.518,2.0819,2.08234,1.05,1.50
2012.05.18 12:25:54.587,2.0819,2.08238,1.05,1.05
2012.05.18 12:25:54.658,2.08201,2.08239,1.05,1.50
2012.05.18 12:25:54.787,2.08191,2.08232,1.05,1.50
2012.05.18 12:25:57.666,2.08191,2.08237,1.05,1.05
2012.05.18 12:25:59.143,2.08195,2.08238,1.05,1.50
2012.05.18 12:26:00.572,2.08191,2.08237,1.05,1.05
2012.05.18 12:26:02.221,2.08188,2.08235,1.05,1.05
2012.05.18 12:26:02.347,2.08186,2.08234,2.55,1.05
2012.05.18 12:26:02.490,2.08191,2.08237,1.05,1.05
2012.05.18 12:26:02.969,2.08186,2.08227,1.50,1.05
2012.05.18 12:26:03.044,2.08192,2.0824,1.05,1.05
2012.05.18 12:26:03.347,2.08206,2.08252,1.05,1.50
2012.05.18 12:26:03.867,2.08206,2.08253,1.05,1.05
2012.05.18 12:26:04.742,2.08208,2.08254,1.05,1.05
2012.05.18 12:26:05.221,2.08224,2.08254,1.50,1.05
2012.05.18 12:26:05.529,2.08224,2.08269,1.50,1.05
2012.05.18 12:26:05.998,2.0825,2.0828,1.50,1.05
2012.05.18 12:26:06.248,2.08236,2.08279,1.05,1.13
2012.05.18 12:26:06.320,2.08226,2.0827,1.50,1.05
2012.05.18 12:26:06.448,2.08251,2.0827,1.50,1.05
2012.05.18 12:26:06.518,2.08251,2.08284,1.50,2.55
2012.05.18 12:26:06.707,2.08247,2.08284,1.50,2.18
2012.05.18 12:26:06.776,2.08247,2.0828,1.50,1.13
2012.05.18 12:26:06.908,2.08227,2.08269,1.50,1.05
2012.05.18 12:26:06.982,2.08249,2.08284,1.50,1.05
2012.05.18 12:26:07.290,2.08235,2.08265,1.05,1.50
2012.05.18 12:26:07.419,2.08217,2.08265,1.05,1.88
2012.05.18 12:26:07.871,2.08209,2.08256,1.05,1.05
2012.05.18 12:26:10.273,2.08208,2.08254,1.05,1.05
2012.05.18 12:26:10.398,2.08208,2.08257,1.05,1.05
2012.05.18 12:26:10.531,2.0821,2.08257,1.50,1.05
2012.05.18 12:26:10.858,2.08215,2.08257,1.50,1.05
2012.05.18 12:26:11.279,2.08212,2.08257,1.50,1.05
2012.05.18 12:26:11.525,2.08208,2.08257,2.55,1.05
2012.05.18 12:26:12.199,2.08215,2.08257,1.50,1.05
2012.05.18 12:26:12.536,2.08223,2.08255,1.50,1.05
2012.05.18 12:26:13.505,2.08217,2.08255,1.50,1.05
2012.05.18 12:26:14.427,2.08212,2.08255,1.50,1.05
2012.05.18 12:26:14.496,2.0821,2.08255,1.50,1.05
2012.05.18 12:26:15.227,2.0821,2.08256,1.50,1.05
2012.05.18 12:26:16.316,2.08209,2.08256,1.05,1.05
2012.05.18 12:26:16.968,2.0821,2.08256,1.50,1.05
2012.05.18 12:26:17.038,2.0821,2.08253,1.50,1.05
2012.05.18 12:26:17.575,2.08208,2.08254,1.05,1.05
2012.05.18 12:26:18.548,2.08206,2.08253,1.05,1.05
2012.05.18 12:26:18.739,2.08207,2.08255,1.05,1.05
2012.05.18 12:26:19.987,2.08204,2.08249,1.50,1.05
2012.05.18 12:26:20.377,2.08208,2.08254,1.05,1.05
2012.05.18 12:26:21.140,2.08205,2.08254,1.05,1.05
2012.05.18 12:26:22.117,2.0821,2.08254,1.50,1.05
2012.05.18 12:26:22.994,2.0821,2.08255,1.50,1.05
2012.05.18 12:26:23.452,2.0821,2.08257,2.55,1.05
2012.05.18 12:26:26.519,2.08218,2.08264,1.05,1.50
2012.05.18 12:26:26.848,2.08205,2.08252,1.05,1.05
2012.05.18 12:26:26.961,2.08202,2.08249,1.05,1.05
2012.05.18 12:26:27.493,2.08203,2.08251,1.05,1.05
2012.05.18 12:26:30.000,2.08205,2.08251,1.50,1.05
2012.05.18 12:26:30.477,2.08209,2.08251,1.50,1.05
2012.05.18 12:26:31.008,2.08206,2.08251,1.50,1.05
2012.05.18 12:26:31.079,2.08204,2.08251,1.50,1.05
2012.05.18 12:26:31.148,2.08204,2.08249,1.50,1.05
2012.05.18 12:26:31.978,2.08205,2.08249,1.50,1.05
2012.05.18 12:26:32.524,2.08204,2.08249,1.50,1.05
2012.05.18 12:26:39.236,2.08212,2.08249,1.50,1.05
2012.05.18 12:26:40.185,2.08207,2.08249,1.50,1.05
2012.05.18 12:26:40.257,2.08204,2.08249,1.50,1.05
2012.05.18 12:26:40.549,2.08208,2.08249,1.50,1.05
2012.05.18 12:26:40.776,2.08205,2.08249,1.50,1.05
2012.05.18 12:26:42.109,2.0821,2.08249,1.50,1.05
2012.05.18 12:26:43.199,2.08205,2.08249,1.50,1.05
2012.05.18 12:26:43.267,2.08212,2.08249,1.50,1.05
2012.05.18 12:26:44.186,2.08215,2.08249,1.50,1.05
2012.05.18 12:26:44.261,2.08215,2.08257,1.50,1.05
2012.05.18 12:26:45.318,2.08208,2.08257,1.05,1.05
2012.05.18 12:26:50.069,2.08212,2.08258,1.05,1.05
2012.05.18 12:26:50.200,2.08209,2.08256,1.05,1.05
2012.05.18 12:26:51.976,2.08213,2.0825,1.50,1.05
2012.05.18 12:26:56.696,2.08204,2.0825,1.50,1.05
2012.05.18 12:26:58.666,2.08201,2.0825,2.55,1.05
2012.05.18 12:27:00.473,2.08205,2.0825,1.50,1.05
2012.05.18 12:27:01.389,2.08201,2.0825,2.55,1.05
2012.05.18 12:27:03.099,2.08206,2.0825,1.50,1.05
2012.05.18 12:27:03.287,2.08204,2.0825,1.50,1.05
2012.05.18 12:27:03.360,2.08215,2.08263,1.05,1.05
2012.05.18 12:27:05.593,2.08218,2.08265,1.05,1.05
2012.05.18 12:27:05.718,2.08215,2.08263,1.05,1.05
2012.05.18 12:27:06.532,2.08217,2.08263,1.50,1.05
2012.05.18 12:27:07.010,2.0822,2.08268,2.55,1.05
2012.05.18 12:27:07.791,2.0822,2.08263,1.50,1.05
2012.05.18 12:27:07.863,2.08215,2.08263,1.05,1.05
2012.05.18 12:27:09.088,2.08217,2.08266,1.05,1.05
2012.05.18 12:27:10.113,2.08225,2.08271,1.05,1.05
2012.05.18 12:27:10.588,2.08228,2.08274,1.05,1.50
2012.05.18 12:27:10.658,2.08226,2.08273,1.05,1.05
2012.05.18 12:27:10.917,2.08229,2.08274,1.05,1.50
2012.05.18 12:27:11.067,2.08221,2.0827,1.05,1.05
2012.05.18 12:27:12.348,2.08215,2.08263,1.05,1.05
2012.05.18 12:27:14.500,2.08226,2.08273,1.05,1.05
2012.05.18 12:27:14.983,2.08215,2.08263,1.05,1.05
2012.05.18 12:27:16.519,2.08216,2.08263,1.50,1.05
2012.05.18 12:27:18.933,2.08225,2.08263,1.50,1.05
2012.05.18 12:27:19.187,2.08221,2.08263,1.50,1.05
2012.05.18 12:27:19.342,2.08217,2.08263,1.50,1.05
2012.05.18 12:27:20.988,2.08215,2.08263,1.05,1.05
2012.05.18 12:27:21.569,2.08217,2.08266,1.05,1.05
2012.05.18 12:27:23.979,2.08215,2.08263,1.05,1.05
2012.05.18 12:27:25.751,2.08217,2.08263,1.50,1.05
2012.05.18 12:27:27.025,2.08223,2.0827,1.05,1.05
2012.05.18 12:27:27.288,2.08217,2.08262,1.50,1.05
2012.05.18 12:27:27.843,2.08216,2.08262,1.05,1.05
2012.05.18 12:27:30.089,2.0822,2.08268,1.05,1.05
2012.05.18 12:27:30.410,2.0822,2.08268,1.05,1.80
2012.05.18 12:27:30.598,2.08216,2.08262,1.05,1.05
2012.05.18 12:27:38.506,2.0822,2.08262,1.50,1.05
2012.05.18 12:27:38.817,2.0822,2.08246,1.50,1.05
2012.05.18 12:27:38.887,2.08215,2.08246,1.50,1.05
2012.05.18 12:27:39.199,2.08215,2.08256,1.50,1.05
2012.05.18 12:27:39.266,2.08215,2.0825,1.50,1.05
2012.05.18 12:27:39.701,2.08221,2.0825,1.50,1.05
2012.05.18 12:27:40.368,2.08221,2.0826,1.50,1.05
2012.05.18 12:27:40.608,2.08216,2.0826,3.00,1.05
2012.05.18 12:27:40.737,2.08222,2.0826,1.50,1.05
2012.05.18 12:27:41.238,2.08222,2.08263,1.50,1.05
2012.05.18 12:27:41.365,2.08222,2.08265,1.50,1.05
2012.05.18 12:27:41.444,2.08228,2.08265,1.50,1.05
2012.05.18 12:27:42.328,2.08228,2.08273,1.50,1.05
2012.05.18 12:27:42.455,2.08228,2.08266,1.50,1.05
2012.05.18 12:27:43.527,2.08221,2.08266,1.50,1.05
2012.05.18 12:27:44.367,2.08217,2.08266,2.55,1.05
2012.05.18 12:27:45.436,2.08221,2.08266,1.50,1.05
2012.05.18 12:27:45.984,2.08225,2.08262,1.50,1.05
2012.05.18 12:27:46.522,2.08225,2.08263,1.50,1.05
2012.05.18 12:27:46.643,2.08225,2.08267,1.50,1.05
2012.05.18 12:27:49.207,2.08225,2.08262,1.50,1.05
2012.05.18 12:27:49.423,2.08225,2.08266,1.50,1.05
2012.05.18 12:27:49.486,2.08225,2.08262,1.50,1.05
2012.05.18 12:27:49.558,2.08225,2.08267,1.50,1.05
2012.05.18 12:27:50.093,2.08225,2.08263,1.50,1.05
2012.05.18 12:27:54.347,2.08218,2.08263,1.50,1.05
2012.05.18 12:27:57.138,2.08223,2.0827,1.05,1.05
2012.05.18 12:27:57.269,2.08218,2.08263,1.50,1.05
2012.05.18 12:28:00.332,2.08215,2.08263,1.05,1.05
2012.05.18 12:28:00.620,2.08219,2.08263,1.50,1.05
2012.05.18 12:28:02.427,2.08216,2.08263,1.50,1.05
2012.05.18 12:28:02.758,2.08218,2.08263,1.50,1.05
2012.05.18 12:28:03.654,2.08225,2.08263,1.50,1.05
2012.05.18 12:28:04.516,2.08222,2.0828,1.80,1.05
2012.05.18 12:28:04.592,2.08228,2.0828,1.50,1.05
2012.05.18 12:28:04.917,2.08222,2.0828,1.80,1.05
2012.05.18 12:28:05.264,2.08226,2.08282,1.80,1.05
2012.05.18 12:28:05.369,2.08223,2.08279,1.80,1.05
2012.05.18 12:28:07.647,2.08223,2.08279,1.05,1.05
2012.05.18 12:28:07.749,2.08223,2.08279,1.80,1.05
2012.05.18 12:28:08.347,2.08222,2.08278,1.80,1.05
2012.05.18 12:28:09.610,2.08223,2.08279,1.80,1.43
2012.05.18 12:28:09.677,2.08223,2.08279,1.05,1.43
2012.05.18 12:28:09.748,2.08221,2.08263,1.50,1.05
2012.05.18 12:28:10.301,2.08215,2.08263,1.05,1.05
2012.05.18 12:28:10.717,2.08217,2.08256,1.50,1.05
2012.05.18 12:28:13.140,2.08212,2.08256,1.50,1.05
2012.05.18 12:28:13.340,2.08216,2.08262,1.05,1.05
2012.05.18 12:28:13.471,2.08219,2.08262,1.50,1.05
2012.05.18 12:28:13.827,2.08225,2.08262,1.50,1.05
2012.05.18 12:28:15.298,2.08221,2.08262,1.50,1.05
2012.05.18 12:28:15.367,2.08218,2.08262,1.50,1.05
2012.05.18 12:28:22.653,2.08216,2.08244,1.05,1.50
2012.05.18 12:28:23.278,2.08216,2.08251,1.05,1.50
2012.05.18 12:28:23.426,2.08216,2.08254,1.05,1.50
2012.05.18 12:28:23.497,2.08221,2.08257,1.05,1.50
2012.05.18 12:28:24.556,2.08221,2.08254,1.05,1.50
2012.05.18 12:28:24.748,2.08221,2.0827,1.05,1.05
2012.05.18 12:28:25.248,2.08216,2.08262,1.05,1.05
2012.05.18 12:28:25.499,2.08217,2.08266,1.05,1.05
2012.05.18 12:28:26.207,2.08221,2.0827,1.05,1.05
2012.05.18 12:28:28.897,2.08221,2.0827,1.05,1.39
2012.05.18 12:28:29.257,2.08221,2.08258,1.05,1.50
2012.05.18 12:28:29.757,2.08202,2.08258,1.05,2.55
2012.05.18 12:28:29.828,2.0821,2.08258,1.50,1.05
2012.05.18 12:28:30.168,2.08203,2.08258,1.50,1.05
2012.05.18 12:28:30.298,2.0821,2.08258,1.50,1.05
2012.05.18 12:28:30.798,2.08221,2.0827,1.05,1.05
2012.05.18 12:28:32.382,2.08224,2.08272,1.05,1.05
2012.05.18 12:28:32.730,2.08222,2.08269,1.05,1.05
2012.05.18 12:28:32.989,2.08229,2.08281,1.05,1.05
2012.05.18 12:28:33.119,2.08221,2.0827,1.05,1.05
2012.05.18 12:28:33.551,2.08225,2.08271,1.05,1.05
2012.05.18 12:28:33.796,2.08221,2.0827,1.05,1.05
2012.05.18 12:28:37.900,2.08227,2.08274,1.05,1.05
2012.05.18 12:28:38.026,2.08228,2.08276,1.05,1.05
2012.05.18 12:28:39.181,2.08233,2.08276,1.50,1.05
2012.05.18 12:28:39.953,2.08236,2.08276,1.50,1.05
2012.05.18 12:28:42.167,2.08229,2.08276,1.50,1.05
2012.05.18 12:28:42.237,2.08229,2.0827,1.50,1.05
2012.05.18 12:28:42.527,2.08229,2.08275,2.55,1.05
2012.05.18 12:28:54.482,2.08234,2.08283,1.05,1.05
2012.05.18 12:28:54.741,2.08241,2.08287,1.05,1.50
2012.05.18 12:28:55.567,2.08242,2.08289,1.50,1.05
2012.05.18 12:28:56.092,2.08241,2.08289,2.55,1.05
2012.05.18 12:28:56.501,2.08241,2.08283,1.50,1.05
2012.05.18 12:28:57.258,2.08247,2.08283,1.50,1.05
2012.05.18 12:28:57.476,2.08244,2.08283,1.50,1.05
2012.05.18 12:28:57.547,2.08234,2.08283,1.05,1.05
2012.05.18 12:28:59.009,2.08234,2.08277,1.05,1.50
2012.05.18 12:29:00.167,2.08234,2.08277,1.05,2.25
2012.05.18 12:29:00.397,2.08229,2.08275,1.05,1.80
2012.05.18 12:29:03.569,2.08229,2.08275,1.05,1.80
2012.05.18 12:29:04.121,2.08229,2.08275,1.05,1.05
2012.05.18 12:29:04.326,2.08234,2.08283,1.05,1.05
2012.05.18 12:29:04.455,2.08241,2.08284,1.05,1.50
2012.05.18 12:29:05.176,2.08241,2.08289,1.05,1.80
2012.05.18 12:29:07.037,2.08241,2.08283,1.05,1.50
2012.05.18 12:29:12.167,2.08241,2.08282,1.05,1.13
2012.05.18 12:29:12.236,2.08216,2.08262,1.50,1.05
2012.05.18 12:29:12.486,2.08221,2.08279,1.05,1.05
2012.05.18 12:29:13.151,2.08226,2.08279,1.50,1.05
2012.05.18 12:29:13.913,2.08221,2.08279,2.55,1.05
2012.05.18 12:29:14.253,2.08221,2.08279,2.55,1.80
2012.05.18 12:29:14.578,2.08224,2.0828,1.05,2.25
2012.05.18 12:29:14.711,2.08222,2.08274,1.05,2.25
2012.05.18 12:29:14.840,2.08222,2.08266,1.05,1.50
2012.05.18 12:29:14.977,2.08213,2.08262,1.05,1.05
2012.05.18 12:29:15.503,2.08213,2.0826,1.05,1.50
2012.05.18 12:29:16.106,2.08214,2.08261,1.05,1.05
2012.05.18 12:29:22.649,2.08204,2.08251,1.50,1.05
2012.05.18 12:29:23.109,2.08214,2.08261,1.05,1.05
2012.05.18 12:29:23.743,2.08217,2.08264,1.05,1.05
2012.05.18 12:29:24.969,2.08219,2.08267,1.05,1.05
2012.05.18 12:29:25.174,2.08217,2.08264,1.05,1.05
2012.05.18 12:29:32.418,2.08217,2.08252,1.05,1.50
2012.05.18 12:29:32.728,2.08235,2.08267,1.50,1.05
2012.05.18 12:29:32.922,2.08235,2.08281,1.50,1.05
2012.05.18 12:29:33.051,2.08264,2.08294,1.50,1.50
2012.05.18 12:29:33.189,2.08264,2.08295,1.50,1.80
2012.05.18 12:29:33.491,2.0826,2.08279,1.50,1.50
2012.05.18 12:29:33.559,2.08246,2.08279,1.05,1.50
2012.05.18 12:29:34.107,2.08245,2.08279,1.05,1.50
2012.05.18 12:29:34.639,2.08245,2.08262,1.05,1.50
2012.05.18 12:29:34.713,2.08224,2.08277,1.05,1.50
2012.05.18 12:29:34.776,2.08245,2.08277,1.05,1.50
2012.05.18 12:29:35.138,2.08231,2.08277,1.05,2.55
2012.05.18 12:29:35.664,2.08245,2.08285,1.05,1.50
2012.05.18 12:29:36.887,2.08245,2.08288,1.05,1.50
2012.05.18 12:29:36.960,2.08245,2.0829,1.05,1.50
2012.05.18 12:29:37.027,2.08245,2.08285,1.05,1.50
2012.05.18 12:29:37.098,2.08231,2.08277,1.05,1.05
2012.05.18 12:29:37.225,2.08244,2.08285,1.05,1.50
2012.05.18 12:29:37.950,2.08244,2.0829,1.05,1.50
2012.05.18 12:29:38.016,2.08244,2.08284,1.05,1.50
2012.05.18 12:29:38.268,2.08246,2.08291,1.05,1.50
2012.05.18 12:29:38.337,2.08244,2.08291,1.05,1.50
2012.05.18 12:29:38.415,2.08231,2.08277,1.05,1.05
2012.05.18 12:29:38.768,2.08245,2.08285,1.05,1.50
2012.05.18 12:29:39.301,2.08245,2.08291,1.05,2.55
2012.05.18 12:29:39.369,2.08245,2.08285,1.05,1.50
2012.05.18 12:29:39.906,2.08251,2.08285,1.05,1.50
2012.05.18 12:29:40.186,2.08236,2.08285,1.05,2.55
2012.05.18 12:29:40.876,2.08236,2.08284,1.05,2.25
2012.05.18 12:29:42.087,2.08236,2.08283,1.05,1.05
2012.05.18 12:29:42.278,2.08244,2.08284,1.05,1.50
2012.05.18 12:29:42.410,2.08244,2.08292,1.05,1.05
2012.05.18 12:29:42.661,2.08231,2.08277,1.05,1.05
2012.05.18 12:29:42.978,2.08245,2.08291,1.05,1.05
2012.05.18 12:29:46.978,2.0825,2.08296,1.05,2.55
2012.05.18 12:29:47.310,2.0825,2.08296,1.05,3.30
2012.05.18 12:29:47.388,2.08247,2.08294,1.05,1.80
2012.05.18 12:29:47.608,2.08245,2.08293,1.05,1.05
2012.05.18 12:29:50.699,2.08247,2.08294,1.05,1.80
2012.05.18 12:29:52.374,2.08258,2.083,1.05,1.50
2012.05.18 12:29:52.689,2.08219,2.08266,1.05,1.05
2012.05.18 12:29:52.760,2.08219,2.08266,1.05,1.43
2012.05.18 12:29:53.147,2.08208,2.08249,1.50,1.05
2012.05.18 12:29:53.468,2.08214,2.08249,1.50,1.05
2012.05.18 12:29:53.658,2.08214,2.08267,1.50,1.05
2012.05.18 12:29:53.788,2.0823,2.08276,1.05,1.50
2012.05.18 12:29:54.938,2.0823,2.08277,1.05,2.55
2012.05.18 12:29:55.259,2.08232,2.08277,1.05,1.88
2012.05.18 12:29:55.407,2.08212,2.0827,1.05,1.05
2012.05.18 12:29:56.212,2.08212,2.08268,1.05,1.50
2012.05.18 12:29:56.547,2.08212,2.08264,1.05,1.50
2012.05.18 12:29:57.076,2.08212,2.0827,1.05,1.05
2012.05.18 12:29:57.994,2.08216,2.08271,1.05,1.50
2012.05.18 12:29:59.848,2.08216,2.08272,1.05,2.55
2012.05.18 12:29:59.979,2.08212,2.0827,1.05,1.05
2012.05.18 12:30:00.639,2.08213,2.08271,1.05,1.50
2012.05.18 12:30:00.840,2.08212,2.08253,1.05,1.50
2012.05.18 12:30:01.168,2.08212,2.08232,1.05,1.50
2012.05.18 12:30:01.241,2.08185,2.08233,1.05,1.50
2012.05.18 12:30:01.372,2.08185,2.08226,1.05,1.50
2012.05.18 12:30:01.907,2.08159,2.08222,1.50,1.05
2012.05.18 12:30:01.981,2.08159,2.08215,1.50,1.50
2012.05.18 12:30:02.484,2.08157,2.08211,1.05,1.50
2012.05.18 12:30:03.088,2.08157,2.08207,1.05,1.50
2012.05.18 12:30:04.352,2.08165,2.08207,1.05,1.50
2012.05.18 12:30:04.700,2.0816,2.08207,1.05,1.50
2012.05.18 12:30:04.944,2.0816,2.08213,1.05,1.50
2012.05.18 12:30:05.118,2.0816,2.08211,1.05,1.50
2012.05.18 12:30:05.466,2.08155,2.08207,1.80,1.50
2012.05.18 12:30:06.737,2.08155,2.08213,1.80,1.05
2012.05.18 12:30:07.474,2.08155,2.08213,1.80,1.05
2012.05.18 12:30:07.629,2.08153,2.08205,2.25,1.05
2012.05.18 12:30:07.940,2.0817,2.08216,2.25,1.05
2012.05.18 12:30:08.066,2.08176,2.08233,3.30,1.05
2012.05.18 12:30:08.198,2.08182,2.08233,1.50,1.05
2012.05.18 12:30:08.505,2.08182,2.0824,2.55,1.05
2012.05.18 12:30:08.725,2.08182,2.08233,1.50,1.05
2012.05.18 12:30:09.045,2.08189,2.08233,1.50,1.05
2012.05.18 12:30:09.175,2.08189,2.0824,1.50,1.05
2012.05.18 12:30:09.465,2.08189,2.08257,1.50,1.50
2012.05.18 12:30:09.594,2.08194,2.08263,1.50,2.55
2012.05.18 12:30:10.706,2.08194,2.08263,2.25,2.55
2012.05.18 12:30:11.196,2.08209,2.08266,1.05,1.50
2012.05.18 12:30:11.271,2.08209,2.08268,1.05,1.05
2012.05.18 12:30:11.404,2.08209,2.08264,1.05,1.50
2012.05.18 12:30:12.258,2.08209,2.08268,1.05,2.55
2012.05.18 12:30:13.336,2.08204,2.0826,1.05,1.05
2012.05.18 12:30:13.700,2.08204,2.0826,1.80,1.05
2012.05.18 12:30:13.770,2.08204,2.0826,1.05,1.05
2012.05.18 12:30:13.840,2.08216,2.0826,1.50,1.05
2012.05.18 12:30:14.091,2.08223,2.08271,1.05,1.05
2012.05.18 12:30:14.159,2.08225,2.08281,1.05,1.43
2012.05.18 12:30:14.228,2.08218,2.08265,1.05,1.05
2012.05.18 12:30:14.537,2.0823,2.08265,1.50,1.05
2012.05.18 12:30:15.172,2.0823,2.08264,1.50,1.05
2012.05.18 12:30:15.999,2.08217,2.08264,1.05,1.05
2012.05.18 12:30:16.883,2.08219,2.08267,1.05,1.05
2012.05.18 12:30:17.646,2.08221,2.0827,1.05,1.05
2012.05.18 12:30:18.380,2.08221,2.08266,1.05,1.50
2012.05.18 12:30:18.967,2.08224,2.08266,1.05,1.50
2012.05.18 12:30:19.515,2.08224,2.08265,1.05,1.13
2012.05.18 12:30:19.650,2.08205,2.08259,1.05,2.25
2012.05.18 12:30:19.716,2.08205,2.08251,1.05,1.50
2012.05.18 12:30:20.077,2.08197,2.08245,1.05,1.05
2012.05.18 12:30:20.149,2.08197,2.08243,1.05,1.50
2012.05.18 12:30:20.549,2.08205,2.08243,1.05,1.50
2012.05.18 12:30:20.629,2.08198,2.08244,1.05,1.05
2012.05.18 12:30:21.028,2.08206,2.08251,1.05,1.50
2012.05.18 12:30:21.964,2.08206,2.08252,1.05,1.05
2012.05.18 12:30:22.270,2.08206,2.08252,1.05,1.43
2012.05.18 12:30:22.530,2.08185,2.08243,1.05,1.05
2012.05.18 12:30:22.600,2.08185,2.08237,1.05,1.50
2012.05.18 12:30:22.668,2.08185,2.08243,1.05,2.55
2012.05.18 12:30:22.858,2.08179,2.08235,1.05,1.05
2012.05.18 12:30:23.166,2.08186,2.08242,1.05,1.80
2012.05.18 12:30:23.360,2.08177,2.08244,2.55,1.88
2012.05.18 12:30:23.429,2.08176,2.08236,1.05,1.50
2012.05.18 12:30:23.498,2.08173,2.08236,1.05,1.50
2012.05.18 12:30:23.630,2.08175,2.0824,1.50,2.55
2012.05.18 12:30:24.889,2.08175,2.0824,1.50,1.43
2012.05.18 12:30:25.533,2.08165,2.08223,1.05,1.05
2012.05.18 12:30:25.897,2.08168,2.08223,1.50,1.05
2012.05.18 12:30:26.440,2.08168,2.082,1.50,1.50
2012.05.18 12:30:26.509,2.08165,2.082,1.05,1.50
2012.05.18 12:30:28.536,2.08168,2.08204,1.50,1.50
2012.05.18 12:30:28.607,2.08168,2.08223,1.50,1.05
2012.05.18 12:30:29.327,2.08165,2.08223,1.05,1.05
2012.05.18 12:30:29.488,2.08169,2.08225,1.05,1.05
2012.05.18 12:30:29.897,2.08175,2.08228,1.05,1.50
2012.05.18 12:30:29.969,2.08175,2.08231,1.05,1.43
2012.05.18 12:30:30.220,2.08168,2.08226,1.05,1.05
2012.05.18 12:30:31.395,2.08174,2.08232,1.05,1.05
2012.05.18 12:30:31.750,2.08185,2.08232,1.50,1.05
2012.05.18 12:30:32.325,2.08185,2.08235,1.50,1.05
2012.05.18 12:30:32.617,2.08179,2.08235,1.50,1.05
2012.05.18 12:30:32.809,2.08187,2.08241,1.50,1.80
2012.05.18 12:30:32.999,2.08192,2.08242,1.50,1.05
2012.05.18 12:30:33.968,2.08192,2.08235,1.50,1.05
2012.05.18 12:30:34.216,2.08198,2.08247,1.05,1.05
2012.05.18 12:30:35.769,2.08205,2.08253,1.05,1.05
2012.05.18 12:30:36.199,2.08204,2.08261,1.05,1.05
2012.05.18 12:30:36.329,2.08216,2.08269,1.05,1.05
2012.05.18 12:30:36.979,2.08209,2.08256,1.05,2.55
2012.05.18 12:30:37.054,2.08209,2.08229,1.05,1.50
2012.05.18 12:30:37.177,2.08195,2.08217,1.05,1.50
2012.05.18 12:30:37.246,2.08195,2.08229,1.05,1.50
2012.05.18 12:30:37.316,2.08195,2.08217,1.05,1.50
2012.05.18 12:30:37.569,2.08195,2.08224,1.05,1.50
2012.05.18 12:30:37.959,2.08189,2.08224,1.05,1.50
2012.05.18 12:30:38.559,2.08189,2.08217,1.05,1.50
2012.05.18 12:30:38.628,2.08189,2.0822,1.05,1.50
2012.05.18 12:30:38.697,2.08189,2.08237,1.05,1.05
2012.05.18 12:30:39.700,2.08189,2.0822,1.05,1.50
2012.05.18 12:30:40.428,2.08189,2.08216,1.05,1.50
2012.05.18 12:30:41.718,2.08189,2.0823,1.05,1.50
2012.05.18 12:30:42.318,2.0817,2.08226,1.05,1.05
2012.05.18 12:30:42.946,2.08172,2.0823,1.05,1.50
2012.05.18 12:30:43.299,2.08169,2.08227,1.05,1.05
2012.05.18 12:30:43.717,2.08171,2.08236,1.05,1.50
2012.05.18 12:30:44.336,2.08171,2.0823,1.05,1.50
2012.05.18 12:30:44.468,2.08171,2.08236,1.05,1.50
2012.05.18 12:30:44.639,2.08171,2.0823,1.05,1.50
2012.05.18 12:30:45.467,2.08169,2.08227,1.05,1.05
2012.05.18 12:30:45.849,2.08169,2.08223,1.05,1.50
2012.05.18 12:30:46.240,2.08175,2.08223,1.05,1.50
2012.05.18 12:30:46.609,2.08175,2.0823,1.05,1.50
2012.05.18 12:30:46.806,2.0817,2.08226,1.05,1.05
2012.05.18 12:30:48.399,2.0817,2.08226,1.05,1.80
2012.05.18 12:30:48.950,2.0817,2.08223,1.05,1.50
2012.05.18 12:30:49.076,2.08163,2.08219,1.05,1.05
2012.05.18 12:30:49.207,2.08169,2.08223,1.05,1.50
2012.05.18 12:30:50.738,2.08176,2.08223,1.05,1.50
2012.05.18 12:30:50.809,2.08176,2.08228,1.05,1.50
2012.05.18 12:30:51.946,2.08176,2.08225,1.05,1.50
2012.05.18 12:30:52.268,2.0817,2.08214,1.05,1.50
2012.05.18 12:30:52.337,2.08164,2.0821,1.05,1.05
2012.05.18 12:30:52.757,2.08144,2.082,1.05,1.05
2012.05.18 12:30:54.227,2.08144,2.082,3.68,1.05
2012.05.18 12:30:54.358,2.08162,2.08217,1.05,1.50
2012.05.18 12:30:54.885,2.08162,2.08218,1.05,1.05
2012.05.18 12:31:01.808,2.08182,2.08225,1.05,1.50
2012.05.18 12:31:03.867,2.08182,2.08229,1.05,3.30
2012.05.18 12:31:03.936,2.08165,2.08218,1.50,1.05
2012.05.18 12:31:04.009,2.08173,2.08218,1.50,1.05
2012.05.18 12:31:04.078,2.08169,2.08218,1.50,1.05
2012.05.18 12:31:04.146,2.08167,2.08218,1.50,1.05
2012.05.18 12:31:04.268,2.08163,2.08218,1.50,1.05
2012.05.18 12:31:05.137,2.08162,2.08218,1.05,1.05
2012.05.18 12:31:08.979,2.08158,2.08212,1.50,1.05
2012.05.18 12:31:09.335,2.0815,2.08205,1.50,1.05
2012.05.18 12:31:09.529,2.08152,2.08205,1.50,1.05
2012.05.18 12:31:09.600,2.08156,2.08213,1.50,1.05
2012.05.18 12:31:09.668,2.08156,2.0821,1.50,1.43
2012.05.18 12:31:13.594,2.08152,2.0821,1.50,1.05
2012.05.18 12:31:13.664,2.08145,2.0821,1.50,1.05
2012.05.18 12:31:13.909,2.08156,2.08212,1.05,1.05
2012.05.18 12:31:14.701,2.08159,2.08212,1.50,1.05
2012.05.18 12:31:14.830,2.08156,2.08212,3.30,1.05
2012.05.18 12:31:15.013,2.08164,2.08212,1.50,1.05
2012.05.18 12:31:15.381,2.0816,2.08206,1.50,1.05
2012.05.18 12:31:15.569,2.08151,2.08206,1.50,1.05
2012.05.18 12:31:15.638,2.08161,2.0821,1.05,1.05
2012.05.18 12:31:16.947,2.08161,2.0821,1.80,1.05
2012.05.18 12:31:17.138,2.08182,2.08226,1.05,2.25
2012.05.18 12:31:17.387,2.08169,2.08215,1.05,1.05
2012.05.18 12:31:18.277,2.08175,2.08217,1.05,1.50
2012.05.18 12:31:19.203,2.08175,2.08217,1.80,1.50
2012.05.18 12:31:19.273,2.08182,2.08229,1.05,1.80
2012.05.18 12:31:19.461,2.08169,2.08215,1.05,1.05
2012.05.18 12:31:19.529,2.08169,2.08215,1.80,1.05
2012.05.18 12:31:20.560,2.08171,2.08219,1.80,1.05
2012.05.18 12:31:20.664,2.08181,2.0823,1.05,3.30
2012.05.18 12:31:21.862,2.08181,2.0823,1.05,3.30
2012.05.18 12:31:23.499,2.08181,2.0823,1.05,1.05
2012.05.18 12:31:23.686,2.08181,2.0823,1.80,1.05
2012.05.18 12:31:23.878,2.08189,2.08244,1.05,1.50
2012.05.18 12:31:25.432,2.08189,2.08241,1.05,1.50
2012.05.18 12:31:25.771,2.08189,2.08236,1.05,1.50
2012.05.18 12:31:26.189,2.08181,2.0823,1.05,1.05
2012.05.18 12:31:27.407,2.08176,2.08222,1.05,1.05
2012.05.18 12:31:27.844,2.08169,2.08215,1.05,1.05
2012.05.18 12:31:29.926,2.08182,2.08229,1.05,2.55
2012.05.18 12:31:30.179,2.08182,2.08229,1.05,1.80
2012.05.18 12:31:30.307,2.08162,2.08209,1.05,1.05
2012.05.18 12:31:32.516,2.08169,2.08218,1.05,1.50
2012.05.18 12:31:32.591,2.08169,2.08222,1.05,1.50
2012.05.18 12:31:32.659,2.08169,2.08227,1.05,2.55
2012.05.18 12:31:32.939,2.08169,2.08225,1.05,1.88
2012.05.18 12:31:33.388,2.08169,2.08226,1.05,1.50
2012.05.18 12:31:33.680,2.08169,2.08224,1.05,1.50
2012.05.18 12:31:34.869,2.08169,2.08227,1.05,1.05
2012.05.18 12:31:35.539,2.08179,2.08227,1.50,1.05
2012.05.18 12:31:35.667,2.08179,2.08236,1.50,1.05
2012.05.18 12:31:40.716,2.08179,2.08226,1.50,1.05
2012.05.18 12:31:41.237,2.08172,2.08226,1.50,1.05
2012.05.18 12:31:42.248,2.08173,2.08229,1.05,1.05
2012.05.18 12:31:42.357,2.08172,2.08227,1.50,1.05
2012.05.18 12:31:43.528,2.08169,2.08227,1.05,1.05
2012.05.18 12:31:45.836,2.08172,2.08227,1.50,1.05
2012.05.18 12:31:46.916,2.08169,2.08227,2.55,1.05
2012.05.18 12:31:48.261,2.08169,2.08224,1.50,1.05
2012.05.18 12:31:49.729,2.08169,2.08227,2.55,1.05
2012.05.18 12:31:50.966,2.08176,2.08227,1.50,1.05
2012.05.18 12:31:52.179,2.08183,2.08227,1.50,1.05
2012.05.18 12:31:53.619,2.08175,2.08227,1.50,1.05
2012.05.18 12:31:54.367,2.0817,2.08227,1.50,1.05
2012.05.18 12:31:54.856,2.08172,2.08227,1.50,1.05
2012.05.18 12:31:55.331,2.08176,2.08227,2.25,1.05
2012.05.18 12:31:55.642,2.08191,2.08218,1.50,1.05
2012.05.18 12:31:55.951,2.08196,2.08254,1.05,2.55
2012.05.18 12:32:01.216,2.08197,2.08254,1.50,1.05
2012.05.18 12:32:01.286,2.082,2.08254,1.50,1.05
2012.05.18 12:32:01.977,2.08196,2.08254,1.05,1.05
2012.05.18 12:32:03.279,2.08196,2.08253,1.80,1.50
2012.05.18 12:32:03.466,2.08217,2.08259,1.05,1.50
2012.05.18 12:32:03.729,2.08217,2.08264,1.05,1.05
2012.05.18 12:32:03.979,2.08216,2.08262,1.05,1.05
2012.05.18 12:32:04.159,2.08217,2.08264,1.05,1.05
2012.05.18 12:32:04.350,2.08224,2.08271,1.05,1.50
2012.05.18 12:32:04.550,2.08216,2.08265,1.05,1.05
2012.05.18 12:32:06.398,2.0821,2.08258,1.05,1.05
2012.05.18 12:32:06.639,2.08217,2.08266,1.05,1.05
2012.05.18 12:32:07.108,2.0821,2.08258,1.05,1.05
2012.05.18 12:32:07.449,2.08217,2.08264,1.05,1.05
2012.05.18 12:32:07.767,2.08211,2.08257,1.05,1.05
2012.05.18 12:32:08.077,2.08216,2.08265,1.05,1.05
2012.05.18 12:32:08.530,2.08221,2.08265,1.50,1.05
2012.05.18 12:32:09.159,2.08216,2.08265,1.05,1.05
2012.05.18 12:32:09.406,2.08219,2.08265,1.50,1.05
2012.05.18 12:32:10.109,2.08216,2.08262,1.05,1.05
2012.05.18 12:32:10.420,2.08216,2.08265,1.05,1.05
2012.05.18 12:32:11.572,2.08213,2.08262,1.05,1.05
2012.05.18 12:32:14.706,2.08221,2.08268,1.05,1.05
2012.05.18 12:32:16.240,2.08233,2.08279,1.05,1.05
2012.05.18 12:32:16.549,2.0822,2.08261,1.05,3.00
2012.05.18 12:32:16.851,2.0822,2.08257,1.05,1.50
2012.05.18 12:32:18.567,2.0822,2.0826,1.05,1.50
2012.05.18 12:32:18.660,2.0822,2.08266,1.05,1.05
2012.05.18 12:32:22.799,2.0822,2.08264,1.05,1.50
2012.05.18 12:32:23.048,2.08207,2.08259,1.50,1.05
2012.05.18 12:32:23.251,2.08195,2.08264,1.65,1.50
2012.05.18 12:32:23.378,2.08195,2.08259,1.65,1.50
2012.05.18 12:32:23.695,2.08196,2.08235,1.50,1.05
2012.05.18 12:32:23.880,2.08188,2.08235,1.50,1.05
2012.05.18 12:32:24.307,2.08191,2.08235,1.50,1.05
2012.05.18 12:32:24.628,2.08195,2.08235,1.50,1.05
2012.05.18 12:32:24.938,2.08181,2.08218,1.50,1.05
2012.05.18 12:32:25.569,2.08177,2.08218,1.50,1.05
2012.05.18 12:32:25.637,2.08174,2.08218,1.50,1.05
2012.05.18 12:32:26.189,2.08174,2.08219,1.50,1.05
2012.05.18 12:32:27.197,2.08173,2.08219,1.05,1.05
2012.05.18 12:32:27.981,2.08173,2.08219,1.80,1.05
2012.05.18 12:32:28.360,2.0819,2.08219,1.50,1.05
2012.05.18 12:32:29.927,2.08184,2.08219,1.50,1.05
2012.05.18 12:32:30.259,2.0818,2.08238,1.50,1.05
2012.05.18 12:32:30.327,2.08184,2.08238,1.50,1.05
2012.05.18 12:32:30.459,2.08181,2.08238,1.50,1.05
2012.05.18 12:32:30.528,2.08199,2.08248,1.05,2.55
2012.05.18 12:32:31.559,2.08202,2.08248,1.50,1.80
2012.05.18 12:32:31.889,2.08207,2.08265,1.05,1.95
2012.05.18 12:32:31.960,2.08207,2.08265,1.05,1.20
2012.05.18 12:32:32.675,2.08207,2.08265,1.05,1.05
2012.05.18 12:32:34.266,2.08203,2.08258,1.50,1.05
2012.05.18 12:32:34.519,2.08208,2.08264,1.05,1.05
2012.05.18 12:32:35.909,2.08203,2.08258,1.50,1.05
2012.05.18 12:32:36.407,2.082,2.08258,1.05,1.05
2012.05.18 12:32:37.041,2.08202,2.08258,1.50,1.05
2012.05.18 12:32:38.803,2.082,2.08258,1.05,1.05
2012.05.18 12:32:38.986,2.08196,2.08251,1.50,1.05
2012.05.18 12:32:39.380,2.08196,2.08249,1.50,1.05
2012.05.18 12:32:40.550,2.08191,2.08249,1.50,1.05
2012.05.18 12:32:40.839,2.08189,2.08249,1.50,1.05
2012.05.18 12:32:43.250,2.08195,2.08249,1.50,1.05
2012.05.18 12:32:44.470,2.08195,2.08248,1.50,1.05
2012.05.18 12:32:45.701,2.08196,2.08248,1.50,1.05
2012.05.18 12:32:45.827,2.08196,2.08252,1.50,1.05
2012.05.18 12:32:49.737,2.08204,2.08262,1.05,1.05
2012.05.18 12:32:50.562,2.08207,2.08264,1.05,1.50
2012.05.18 12:32:51.092,2.08207,2.08265,1.05,2.55
2012.05.18 12:32:51.930,2.08207,2.08263,1.05,1.50
2012.05.18 12:32:55.516,2.08213,2.08263,1.05,1.50
2012.05.18 12:33:01.147,2.0822,2.08272,1.05,1.50
2012.05.18 12:33:01.363,2.08223,2.08272,1.05,1.50
2012.05.18 12:33:01.709,2.08233,2.08272,1.05,1.50
2012.05.18 12:33:01.838,2.08221,2.08272,1.05,1.50
2012.05.18 12:33:02.061,2.08213,2.0826,1.05,1.05
2012.05.18 12:33:03.314,2.082,2.08246,1.05,1.05
2012.05.18 12:33:03.689,2.08194,2.0825,1.05,1.05
2012.05.18 12:33:04.136,2.082,2.0825,1.50,1.05
2012.05.18 12:33:04.439,2.08194,2.0825,1.05,1.05
2012.05.18 12:33:08.613,2.082,2.08253,1.05,1.50
2012.05.18 12:33:09.212,2.08192,2.0824,1.05,1.05
2012.05.18 12:33:09.295,2.08179,2.08235,1.05,1.05
2012.05.18 12:33:09.589,2.08198,2.08247,1.05,1.05
2012.05.18 12:33:09.920,2.08198,2.08239,1.05,1.50
2012.05.18 12:33:10.171,2.08181,2.08225,1.05,1.50
2012.05.18 12:33:10.362,2.08174,2.08219,1.05,1.50
2012.05.18 12:33:10.490,2.0816,2.08216,2.04,1.05
2012.05.18 12:33:10.750,2.0816,2.08216,1.05,1.05
2012.05.18 12:33:11.287,2.08159,2.08216,1.05,1.05
2012.05.18 12:33:11.549,2.08157,2.08206,1.05,1.05
2012.05.18 12:33:13.312,2.08171,2.08206,1.05,1.50
2012.05.18 12:33:13.437,2.08158,2.08205,1.05,1.05
2012.05.18 12:33:13.627,2.08172,2.08215,1.05,1.50
2012.05.18 12:33:15.077,2.08172,2.08218,1.05,1.05
2012.05.18 12:33:15.527,2.08175,2.08218,1.50,1.05
2012.05.18 12:33:15.727,2.08172,2.08218,1.05,1.05
2012.05.18 12:33:16.508,2.08176,2.08218,1.50,1.05
2012.05.18 12:33:16.849,2.08176,2.08215,1.50,1.05
2012.05.18 12:33:16.921,2.08172,2.08215,1.50,1.05
2012.05.18 12:33:16.988,2.08172,2.08206,1.50,1.05
2012.05.18 12:33:17.060,2.08165,2.08223,1.05,1.05
2012.05.18 12:33:17.129,2.08165,2.08214,1.05,1.50
2012.05.18 12:33:17.447,2.08159,2.08205,1.05,1.05
2012.05.18 12:33:17.688,2.08165,2.08216,1.05,1.50
2012.05.18 12:33:18.611,2.08165,2.08215,1.05,1.50
2012.05.18 12:33:18.947,2.08165,2.08213,1.05,1.50
2012.05.18 12:33:19.261,2.08165,2.0821,1.05,2.25
2012.05.18 12:33:19.823,2.08151,2.082,1.05,1.05
2012.05.18 12:33:19.890,2.08159,2.08204,1.05,1.50
2012.05.18 12:33:19.957,2.08159,2.08212,1.05,1.50
2012.05.18 12:33:21.147,2.08159,2.08212,1.05,2.25
2012.05.18 12:33:21.431,2.08151,2.082,1.05,1.05
2012.05.18 12:33:21.859,2.0816,2.082,1.05,1.50
2012.05.18 12:33:21.988,2.0816,2.08206,1.05,2.25
2012.05.18 12:33:23.888,2.0816,2.08216,1.05,1.05
2012.05.18 12:33:24.067,2.08163,2.08216,1.50,1.05
2012.05.18 12:33:25.279,2.0816,2.08212,1.05,1.50
2012.05.18 12:33:25.628,2.08173,2.08212,1.05,1.50
2012.05.18 12:33:25.697,2.08159,2.08212,1.05,1.50
2012.05.18 12:33:25.831,2.08159,2.08216,1.05,1.50
2012.05.18 12:33:25.900,2.08166,2.08213,1.05,1.50
2012.05.18 12:33:26.447,2.08166,2.08212,1.05,1.50
2012.05.18 12:33:26.806,2.08166,2.08217,1.05,1.50
2012.05.18 12:33:28.319,2.08166,2.08222,1.05,1.05
2012.05.18 12:33:28.389,2.08172,2.08223,1.05,1.50
2012.05.18 12:33:28.711,2.0817,2.08223,1.05,2.25
2012.05.18 12:33:29.138,2.0817,2.08223,1.05,1.50
2012.05.18 12:33:29.208,2.08172,2.08223,1.05,1.50
2012.05.18 12:33:31.556,2.08172,2.08223,1.05,2.25
2012.05.18 12:33:31.686,2.08172,2.08217,1.05,1.50
2012.05.18 12:33:31.818,2.08172,2.08217,1.05,2.25
2012.05.18 12:33:31.946,2.08166,2.08217,1.05,2.25
2012.05.18 12:33:32.217,2.08166,2.08217,1.05,1.50
2012.05.18 12:33:33.008,2.08166,2.08221,1.05,1.50
2012.05.18 12:33:33.197,2.08174,2.08223,1.05,1.50
2012.05.18 12:33:33.553,2.08169,2.08223,1.05,1.50
2012.05.18 12:33:43.428,2.08169,2.08226,1.05,1.50
2012.05.18 12:33:44.038,2.08169,2.08227,1.05,1.05
2012.05.18 12:33:45.150,2.08172,2.08228,1.05,1.50
2012.05.18 12:33:45.527,2.08175,2.08228,1.05,1.50
2012.05.18 12:33:45.598,2.0817,2.08226,1.05,1.05
2012.05.18 12:33:45.728,2.08172,2.08228,1.05,1.50
2012.05.18 12:33:46.290,2.0817,2.08226,1.05,1.05
2012.05.18 12:33:46.972,2.0817,2.08226,1.05,1.80
2012.05.18 12:33:47.234,2.08165,2.08223,1.05,1.05
2012.05.18 12:33:48.297,2.0817,2.08223,1.50,1.05
2012.05.18 12:33:48.938,2.08165,2.08223,1.05,1.05
2012.05.18 12:33:49.246,2.08172,2.0823,1.05,1.05
2012.05.18 12:33:50.805,2.08174,2.0823,1.50,1.05
2012.05.18 12:33:51.200,2.08174,2.08227,1.50,1.05
2012.05.18 12:33:51.559,2.08186,2.08233,1.05,1.05
2012.05.18 12:33:51.967,2.08186,2.08231,1.05,1.50
2012.05.18 12:33:52.097,2.08186,2.08233,1.05,1.05
2012.05.18 12:33:52.831,2.08194,2.08243,1.05,2.55
2012.05.18 12:33:53.271,2.08194,2.08239,1.05,1.50
2012.05.18 12:33:53.407,2.08185,2.08234,1.05,1.05
2012.05.18 12:34:00.177,2.08185,2.08227,1.05,1.50
2012.05.18 12:34:00.307,2.08185,2.08234,1.05,1.80
2012.05.18 12:34:00.438,2.08167,2.08223,1.50,1.05
2012.05.18 12:34:00.628,2.08165,2.08223,1.05,1.05
2012.05.18 12:34:04.706,2.08159,2.08217,1.05,1.05
2012.05.18 12:34:05.239,2.08172,2.08225,1.05,2.25
2012.05.18 12:34:05.313,2.0816,2.08216,1.05,1.80
2012.05.18 12:34:05.518,2.0816,2.08216,1.05,1.80
2012.05.18 12:34:05.648,2.0816,2.08216,1.05,1.80
2012.05.18 12:34:05.836,2.08162,2.08216,1.05,1.13
2012.05.18 12:34:06.147,2.08162,2.08201,1.05,1.50
2012.05.18 12:34:06.457,2.08162,2.08201,1.05,2.25
2012.05.18 12:34:06.528,2.08152,2.08199,1.05,1.80
2012.05.18 12:34:06.945,2.08152,2.08199,1.05,1.05
2012.05.18 12:34:07.017,2.0816,2.08205,1.05,1.50
2012.05.18 12:34:07.226,2.0816,2.08209,1.05,1.50
2012.05.18 12:34:07.427,2.0816,2.08215,1.05,2.25
2012.05.18 12:34:07.559,2.08165,2.08215,1.05,2.25
2012.05.18 12:34:08.270,2.08165,2.08215,1.05,2.25
2012.05.18 12:34:08.639,2.08159,2.08205,1.05,1.80
2012.05.18 12:34:08.708,2.08159,2.08204,1.05,2.25
2012.05.18 12:34:08.777,2.08152,2.08198,1.05,1.80
2012.05.18 12:34:09.497,2.08157,2.08199,1.05,2.25
2012.05.18 12:34:09.718,2.08157,2.08199,1.05,1.50
2012.05.18 12:34:09.788,2.08157,2.08191,1.05,1.50
2012.05.18 12:34:10.099,2.08157,2.08175,1.05,1.50
2012.05.18 12:34:10.417,2.08152,2.08164,1.05,2.25
2012.05.18 12:34:10.489,2.08118,2.08151,2.25,1.05
2012.05.18 12:34:10.748,2.08111,2.08151,1.50,1.05
2012.05.18 12:34:11.079,2.08113,2.08151,1.50,1.05
2012.05.18 12:34:11.148,2.08117,2.08157,1.50,1.05
2012.05.18 12:34:11.277,2.08117,2.08134,1.50,1.50
2012.05.18 12:34:11.350,2.08108,2.0813,1.05,1.50
2012.05.18 12:34:11.418,2.08104,2.0813,1.05,1.50
2012.05.18 12:34:11.486,2.08084,2.0813,1.05,1.50
2012.05.18 12:34:12.047,2.08103,2.0813,1.05,1.50
2012.05.18 12:34:12.370,2.08103,2.08126,1.05,1.50
2012.05.18 12:34:12.497,2.0809,2.08126,1.05,1.50
2012.05.18 12:34:12.931,2.0809,2.08097,1.05,1.50
2012.05.18 12:34:13.002,2.0809,2.08128,1.05,1.50
2012.05.18 12:34:13.128,2.0809,2.08133,1.05,1.50
2012.05.18 12:34:13.198,2.0809,2.08137,1.05,1.05
2012.05.18 12:34:13.445,2.08104,2.08146,1.05,1.50
2012.05.18 12:34:14.117,2.08104,2.08137,1.05,1.50
2012.05.18 12:34:14.756,2.08089,2.08137,1.05,1.50
2012.05.18 12:34:15.826,2.08088,2.08134,1.05,1.05
2012.05.18 12:34:16.376,2.08103,2.08143,1.05,1.50
2012.05.18 12:34:16.998,2.08103,2.08151,1.05,1.05
2012.05.18 12:34:17.139,2.0812,2.08161,1.05,2.25
2012.05.18 12:34:17.207,2.0812,2.08161,1.05,1.50
2012.05.18 12:34:17.276,2.08109,2.08158,1.05,1.05
2012.05.18 12:34:17.347,2.08109,2.08153,1.05,1.50
2012.05.18 12:34:17.935,2.08117,2.08153,1.05,1.50
2012.05.18 12:34:18.529,2.08117,2.08161,1.05,1.50
2012.05.18 12:34:20.786,2.08117,2.08157,1.05,1.50
2012.05.18 12:34:21.099,2.08117,2.08153,1.05,1.50
2012.05.18 12:34:21.288,2.08117,2.08159,1.05,1.50
2012.05.18 12:34:21.646,2.08109,2.08158,1.05,1.05
2012.05.18 12:34:21.976,2.08117,2.08159,1.05,1.50
2012.05.18 12:34:23.278,2.08116,2.08159,1.05,1.50
2012.05.18 12:34:23.940,2.08117,2.08159,1.05,1.50
2012.05.18 12:34:27.197,2.08117,2.08164,1.05,1.05
2012.05.18 12:34:27.747,2.08117,2.0816,1.05,1.50
2012.05.18 12:34:29.689,2.08117,2.08163,1.05,1.50
2012.05.18 12:34:30.676,2.08117,2.08164,1.05,2.55
2012.05.18 12:34:30.746,2.08117,2.0816,1.05,1.50
2012.05.18 12:34:32.452,2.08117,2.08164,1.05,1.05
2012.05.18 12:34:32.915,2.08117,2.08159,1.05,1.50
2012.05.18 12:34:33.676,2.08116,2.08159,1.05,1.50
2012.05.18 12:34:33.952,2.08116,2.08162,1.05,1.05
2012.05.18 12:34:34.019,2.08144,2.08165,1.05,1.50
2012.05.18 12:34:34.087,2.08144,2.08191,1.05,2.55
2012.05.18 12:34:34.396,2.08144,2.08191,1.05,1.05
2012.05.18 12:34:34.469,2.08131,2.08181,1.50,1.05
2012.05.18 12:34:35.745,2.08125,2.08181,1.05,1.05
2012.05.18 12:34:36.799,2.08129,2.08181,1.50,1.05
2012.05.18 12:34:37.160,2.08138,2.08181,1.50,1.05
2012.05.18 12:34:37.349,2.08151,2.08205,1.05,3.75
2012.05.18 12:34:37.480,2.08171,2.08205,1.05,2.25
2012.05.18 12:34:37.787,2.08171,2.0821,1.05,1.50
2012.05.18 12:34:38.186,2.08171,2.08203,1.05,1.50
2012.05.18 12:34:38.264,2.08152,2.08203,1.05,1.50
2012.05.18 12:34:38.458,2.08136,2.08203,1.50,1.50
2012.05.18 12:34:38.526,2.08142,2.08204,1.50,1.80
2012.05.18 12:34:44.757,2.08142,2.08204,1.50,1.80
2012.05.18 12:34:44.886,2.08142,2.08207,1.50,1.13
2012.05.18 12:34:45.209,2.08142,2.08207,1.50,1.13
2012.05.18 12:34:45.608,2.08142,2.08205,1.50,1.80
2012.05.18 12:34:45.681,2.08136,2.08203,1.50,2.25
2012.05.18 12:34:45.749,2.08136,2.08203,1.50,2.25
2012.05.18 12:34:45.906,2.08136,2.08203,1.50,1.50
2012.05.18 12:34:46.085,2.0814,2.08205,1.50,1.80
2012.05.18 12:34:46.666,2.08136,2.08203,1.50,1.50
2012.05.18 12:34:47.617,2.08142,2.08207,1.50,3.68
2012.05.18 12:34:48.297,2.08137,2.08203,1.50,1.50
2012.05.18 12:34:48.990,2.08136,2.08203,1.50,1.50
2012.05.18 12:34:54.343,2.08137,2.08203,1.05,1.50
2012.05.18 12:34:54.858,2.08136,2.08203,1.50,1.50
2012.05.18 12:34:55.295,2.08141,2.08207,1.50,2.18
2012.05.18 12:34:55.527,2.08135,2.08204,1.50,1.50
2012.05.18 12:34:57.248,2.08135,2.08204,1.50,3.30
2012.05.18 12:34:57.527,2.08129,2.08199,2.55,2.25
2012.05.18 12:34:57.716,2.0813,2.08193,1.05,1.50
2012.05.18 12:34:57.787,2.08129,2.08193,1.05,2.25
2012.05.18 12:34:57.972,2.08125,2.08181,1.05,1.05
2012.05.18 12:34:58.616,2.08125,2.0818,1.05,1.50
2012.05.18 12:34:58.687,2.08125,2.08179,1.05,2.25
2012.05.18 12:34:59.035,2.08117,2.08164,1.05,1.80
2012.05.18 12:34:59.789,2.08129,2.08172,1.05,1.50
2012.05.18 12:34:59.916,2.08129,2.08178,1.05,1.80
2012.05.18 12:35:00.418,2.08109,2.08167,1.05,1.05
2012.05.18 12:35:01.008,2.08109,2.0816,1.05,2.25
2012.05.18 12:35:01.429,2.08109,2.0816,1.05,1.50
2012.05.18 12:35:01.735,2.08109,2.08167,1.05,3.30
2012.05.18 12:35:02.087,2.08109,2.08161,1.05,2.25
2012.05.18 12:35:02.395,2.08105,2.0814,1.50,1.05
2012.05.18 12:35:02.839,2.08118,2.0815,1.50,1.05
2012.05.18 12:35:03.207,2.08118,2.08163,1.50,1.80
2012.05.18 12:35:03.277,2.08118,2.08149,1.50,1.05
2012.05.18 12:35:03.869,2.08118,2.08138,1.50,1.50
2012.05.18 12:35:03.935,2.08103,2.08135,1.05,1.50
2012.05.18 12:35:04.506,2.08089,2.08135,1.05,1.50
2012.05.18 12:35:04.697,2.08076,2.08122,1.05,1.05
2012.05.18 12:35:05.006,2.08089,2.08133,1.05,1.50
2012.05.18 12:35:05.615,2.08102,2.08133,1.05,1.50
2012.05.18 12:35:05.865,2.08102,2.0815,1.05,1.80
2012.05.18 12:35:08.024,2.08096,2.08143,1.05,1.80
2012.05.18 12:35:08.477,2.08104,2.08156,1.05,2.25
2012.05.18 12:35:08.666,2.08104,2.0816,1.05,1.80
2012.05.18 12:35:09.216,2.08104,2.0816,1.05,1.80
2012.05.18 12:35:09.347,2.08124,2.08169,1.05,2.25
2012.05.18 12:35:09.677,2.08103,2.08161,1.05,1.80
2012.05.18 12:35:10.188,2.08103,2.08161,1.05,1.80
2012.05.18 12:35:10.257,2.08109,2.08161,1.50,1.80
2012.05.18 12:35:10.612,2.08106,2.08161,1.50,1.80
2012.05.18 12:35:10.675,2.08103,2.08161,1.05,1.80
2012.05.18 12:35:10.835,2.08103,2.08131,1.05,1.50
2012.05.18 12:35:12.028,2.08096,2.08131,1.80,1.50
2012.05.18 12:35:12.100,2.08096,2.08126,1.80,1.50
2012.05.18 12:35:12.288,2.08111,2.08154,1.50,1.05
2012.05.18 12:35:12.477,2.08126,2.08164,1.50,1.80
2012.05.18 12:35:12.789,2.08143,2.08191,1.05,1.80
2012.05.18 12:35:12.861,2.08152,2.08191,1.50,1.80
2012.05.18 12:35:13.367,2.08142,2.08181,1.50,1.80
2012.05.18 12:35:14.098,2.08142,2.08181,1.50,1.80
2012.05.18 12:35:14.226,2.08137,2.08181,1.50,1.80
2012.05.18 12:35:14.299,2.08125,2.08181,1.05,1.80
2012.05.18 12:35:15.517,2.08144,2.0819,1.05,2.25
2012.05.18 12:35:16.026,2.08144,2.08191,1.05,1.80
2012.05.18 12:35:16.493,2.08151,2.08198,1.05,1.80
2012.05.18 12:35:16.799,2.08158,2.08204,1.05,1.80
2012.05.18 12:35:16.926,2.08151,2.08204,1.05,1.50
2012.05.18 12:35:17.186,2.08151,2.08196,1.05,1.50
2012.05.18 12:35:17.362,2.08151,2.08199,1.05,1.50
2012.05.18 12:35:18.018,2.08151,2.082,1.05,2.25
2012.05.18 12:35:18.089,2.08151,2.08195,1.05,1.50
2012.05.18 12:35:18.407,2.08151,2.082,1.05,2.25
2012.05.18 12:35:18.478,2.08144,2.08191,1.05,1.05
2012.05.18 12:35:18.839,2.08152,2.08195,1.05,1.50
2012.05.18 12:35:19.239,2.08152,2.08198,1.05,1.50
2012.05.18 12:35:23.537,2.08152,2.08193,1.05,1.50
2012.05.18 12:35:24.079,2.08152,2.08188,1.05,1.50
2012.05.18 12:35:24.228,2.08152,2.08202,1.05,2.25
2012.05.18 12:35:25.211,2.08152,2.08208,1.05,3.30
2012.05.18 12:35:25.335,2.08152,2.08208,1.05,3.30
2012.05.18 12:35:26.326,2.08152,2.08197,1.05,1.50
2012.05.18 12:35:26.860,2.08152,2.08196,1.05,1.50
2012.05.18 12:35:27.018,2.08152,2.08199,1.05,2.25
2012.05.18 12:35:27.165,2.08152,2.08195,1.05,1.50
2012.05.18 12:35:28.465,2.08152,2.08202,1.05,2.25
2012.05.18 12:35:32.651,2.08147,2.08203,1.05,1.80
2012.05.18 12:35:32.829,2.08152,2.08208,1.05,1.80
2012.05.18 12:35:33.340,2.08153,2.08208,1.50,1.80
2012.05.18 12:35:34.426,2.08152,2.08208,1.05,1.80
2012.05.18 12:35:34.917,2.08146,2.08206,2.55,1.80
2012.05.18 12:35:35.225,2.08142,2.08199,1.50,1.80
2012.05.18 12:35:35.300,2.08142,2.08199,1.50,1.80
2012.05.18 12:35:35.428,2.08139,2.08195,1.05,1.80
2012.05.18 12:35:36.062,2.08139,2.08195,1.05,1.80
2012.05.18 12:35:37.947,2.08136,2.08189,1.50,1.05
2012.05.18 12:35:38.622,2.08143,2.08189,1.50,1.05
2012.05.18 12:35:40.028,2.08137,2.08189,1.50,1.05
2012.05.18 12:35:40.798,2.08139,2.08189,1.50,1.05
2012.05.18 12:35:41.057,2.08136,2.08189,1.50,1.05
2012.05.18 12:35:41.456,2.08136,2.08175,1.50,1.05
2012.05.18 12:35:41.936,2.08125,2.08175,1.50,1.05
2012.05.18 12:35:42.155,2.0813,2.08175,1.50,1.05
2012.05.18 12:35:43.214,2.08126,2.08175,1.50,1.05
2012.05.18 12:35:43.982,2.08132,2.08189,2.25,1.05
2012.05.18 12:35:44.108,2.08133,2.08182,2.25,1.05
2012.05.18 12:35:44.739,2.08137,2.08182,1.50,1.05
2012.05.18 12:35:45.953,2.08133,2.08182,2.25,1.05
2012.05.18 12:35:46.306,2.08132,2.08188,1.80,1.05
2012.05.18 12:35:47.156,2.08131,2.08183,2.25,1.05
2012.05.18 12:35:47.406,2.08133,2.08183,1.50,1.05
2012.05.18 12:35:47.476,2.08133,2.0818,1.50,1.05
2012.05.18 12:35:47.546,2.08126,2.0818,1.50,1.05
2012.05.18 12:35:48.046,2.08126,2.0817,1.50,1.05
2012.05.18 12:35:49.625,2.08126,2.0817,2.25,1.05
2012.05.18 12:35:49.697,2.08131,2.08189,1.80,1.05
2012.05.18 12:35:49.947,2.08128,2.08183,2.25,1.05
2012.05.18 12:35:50.194,2.08128,2.08183,1.50,1.05
2012.05.18 12:35:50.268,2.08128,2.0818,1.50,1.05
2012.05.18 12:35:50.561,2.08124,2.0818,2.25,1.05
2012.05.18 12:35:50.925,2.08123,2.0818,2.25,1.05
2012.05.18 12:35:50.996,2.08126,2.08182,1.80,1.05
2012.05.18 12:35:51.950,2.08132,2.08188,1.80,1.05
2012.05.18 12:35:52.285,2.08138,2.08188,1.50,1.05
2012.05.18 12:35:54.022,2.08133,2.08188,2.25,1.05
2012.05.18 12:35:54.928,2.08137,2.08188,1.50,1.05
2012.05.18 12:35:57.575,2.08133,2.08188,2.25,1.05
2012.05.18 12:35:59.886,2.08133,2.08188,2.25,1.05
2012.05.18 12:36:00.178,2.08139,2.08195,1.80,1.05
2012.05.18 12:36:00.834,2.08139,2.08195,1.05,1.05
2012.05.18 12:36:00.965,2.08133,2.08188,2.25,1.05
2012.05.18 12:36:01.583,2.08133,2.08188,1.50,1.05
2012.05.18 12:36:02.256,2.08132,2.08188,1.05,1.05
2012.05.18 12:36:10.496,2.08131,2.08183,1.50,1.05
2012.05.18 12:36:12.647,2.08131,2.08189,2.55,1.05
2012.05.18 12:36:12.715,2.08134,2.08189,1.50,1.05
2012.05.18 12:36:13.057,2.08139,2.08189,1.50,1.05
2012.05.18 12:36:15.023,2.08141,2.08189,1.50,1.05
2012.05.18 12:36:15.471,2.08144,2.08189,1.50,1.05
2012.05.18 12:36:18.716,2.08145,2.08202,1.05,1.05
2012.05.18 12:36:20.945,2.08144,2.08188,1.50,1.05
2012.05.18 12:36:21.268,2.08144,2.08203,2.55,1.05
2012.05.18 12:36:21.456,2.08144,2.08196,1.50,1.05
2012.05.18 12:36:25.386,2.08144,2.08193,1.50,1.50
2012.05.18 12:36:25.455,2.08138,2.08189,1.05,1.50
2012.05.18 12:36:26.125,2.08138,2.08189,2.18,1.50
2012.05.18 12:36:26.436,2.08158,2.08189,1.05,1.50
2012.05.18 12:36:27.268,2.08158,2.082,1.05,1.50
2012.05.18 12:36:27.986,2.08158,2.08206,1.05,1.05
2012.05.18 12:36:28.968,2.08158,2.08201,1.05,1.50
2012.05.18 12:36:29.497,2.08152,2.08199,1.05,1.05
2012.05.18 12:36:31.593,2.08165,2.08201,1.05,1.50
2012.05.18 12:36:31.658,2.08165,2.08207,1.05,1.50
2012.05.18 12:36:31.727,2.08159,2.08205,1.05,1.05
2012.05.18 12:36:31.797,2.08159,2.08201,1.05,1.50
2012.05.18 12:36:33.728,2.08159,2.08205,1.05,1.05
2012.05.18 12:36:33.795,2.08165,2.08212,1.05,1.05
2012.05.18 12:36:34.228,2.08165,2.0821,1.05,1.50
2012.05.18 12:36:34.687,2.08165,2.08206,1.05,1.50
2012.05.18 12:36:34.938,2.08165,2.08212,1.05,1.05
2012.05.18 12:36:35.066,2.08165,2.08207,1.05,1.50
2012.05.18 12:36:35.199,2.08158,2.08206,1.05,1.05
2012.05.18 12:36:36.704,2.08151,2.082,1.05,1.05
2012.05.18 12:36:40.038,2.08147,2.08193,1.50,1.05
2012.05.18 12:36:40.248,2.08145,2.08193,1.05,1.05
2012.05.18 12:36:40.996,2.08146,2.08193,1.50,1.05
2012.05.18 12:36:41.068,2.08147,2.08202,1.05,1.05
2012.05.18 12:36:41.389,2.08151,2.08202,1.50,1.05
2012.05.18 12:36:41.712,2.08155,2.08202,3.00,1.05
2012.05.18 12:36:42.015,2.08161,2.08216,1.05,1.05
2012.05.18 12:36:42.087,2.08174,2.08217,1.05,1.50
2012.05.18 12:36:42.216,2.08174,2.08227,1.05,1.50
2012.05.18 12:36:42.953,2.08185,2.08227,1.05,1.50
2012.05.18 12:36:43.402,2.08185,2.08225,1.05,1.50
2012.05.18 12:36:43.755,2.08185,2.08227,1.05,1.50
2012.05.18 12:36:45.008,2.08191,2.08227,1.50,1.50
2012.05.18 12:36:45.341,2.08194,2.08215,1.50,1.50
2012.05.18 12:36:45.409,2.08185,2.0821,1.05,1.50
2012.05.18 12:36:47.378,2.08185,2.08229,1.05,1.50
2012.05.18 12:36:47.511,2.08165,2.08213,1.05,1.05
2012.05.18 12:36:47.578,2.08176,2.08213,1.50,1.05
2012.05.18 12:36:47.649,2.0818,2.08227,1.50,1.05
2012.05.18 12:36:47.838,2.08192,2.08241,1.05,2.55
2012.05.18 12:36:48.171,2.08206,2.08254,1.05,2.55
2012.05.18 12:36:48.355,2.08206,2.08254,1.05,1.80
2012.05.18 12:36:48.717,2.08198,2.08243,1.50,1.05
2012.05.18 12:36:49.156,2.08207,2.08253,1.05,1.05
2012.05.18 12:36:49.482,2.08196,2.08243,1.50,1.05
2012.05.18 12:36:49.549,2.08187,2.08243,1.05,1.05
2012.05.18 12:36:50.640,2.0819,2.08243,1.50,1.05
2012.05.18 12:36:50.978,2.08206,2.08254,1.05,1.80
2012.05.18 12:36:51.655,2.08198,2.08244,1.50,1.05
2012.05.18 12:36:51.985,2.08191,2.08244,1.50,1.05
2012.05.18 12:36:52.545,2.08192,2.08244,1.50,1.05
2012.05.18 12:36:52.686,2.08192,2.08259,1.50,2.25
2012.05.18 12:36:53.068,2.08206,2.08254,1.05,1.80
2012.05.18 12:36:56.330,2.0821,2.08258,1.05,1.05
2012.05.18 12:36:56.993,2.08206,2.08254,1.05,1.80
2012.05.18 12:36:57.235,2.08187,2.08239,1.50,1.05
2012.05.18 12:36:57.367,2.08192,2.08239,1.50,1.05
2012.05.18 12:36:57.499,2.08184,2.08239,1.50,1.05
2012.05.18 12:36:58.298,2.08184,2.08238,1.50,1.05
2012.05.18 12:36:59.188,2.0819,2.08238,1.50,1.05
2012.05.18 12:36:59.987,2.0819,2.08244,1.50,1.05
2012.05.18 12:37:02.926,2.08201,2.08244,1.50,1.05
2012.05.18 12:37:03.056,2.08195,2.08244,1.50,1.05
2012.05.18 12:37:03.716,2.08195,2.08238,1.50,1.05
2012.05.18 12:37:03.845,2.08195,2.08243,1.50,1.05
2012.05.18 12:37:04.037,2.082,2.08243,1.50,1.05
2012.05.18 12:37:04.227,2.08195,2.08239,1.50,1.05
2012.05.18 12:37:04.298,2.08192,2.08244,1.50,1.05
2012.05.18 12:37:06.827,2.08187,2.08244,1.50,1.05
2012.05.18 12:37:07.589,2.08186,2.08244,1.05,1.05
2012.05.18 12:37:07.656,2.08207,2.08253,1.05,1.05
2012.05.18 12:37:09.029,2.08212,2.08255,1.05,1.50
2012.05.18 12:37:09.513,2.08211,2.08255,1.05,2.25
2012.05.18 12:37:10.172,2.08206,2.08252,1.05,1.80
2012.05.18 12:37:10.440,2.08206,2.08252,1.05,1.05
2012.05.18 12:37:10.578,2.08206,2.08249,1.05,1.50
2012.05.18 12:37:13.392,2.08198,2.08247,1.05,1.05
2012.05.18 12:37:13.519,2.08198,2.08247,1.05,1.80
2012.05.18 12:37:15.690,2.08198,2.08244,1.05,1.50
2012.05.18 12:37:16.086,2.08192,2.08239,1.05,1.05
2012.05.18 12:37:16.278,2.08197,2.08244,1.05,1.50
2012.05.18 12:37:16.526,2.08191,2.0824,1.05,1.05
2012.05.18 12:37:18.420,2.08191,2.08236,1.05,1.50
2012.05.18 12:37:19.406,2.08191,2.0824,1.05,1.05
2012.05.18 12:37:19.945,2.08191,2.08238,1.05,1.50
2012.05.18 12:37:20.936,2.08191,2.0824,1.05,1.05
2012.05.18 12:37:21.129,2.08206,2.08248,1.05,1.50
2012.05.18 12:37:21.197,2.08206,2.08252,1.05,1.05
2012.05.18 12:37:21.268,2.08186,2.08244,1.50,1.80
2012.05.18 12:37:21.647,2.08183,2.08244,1.05,1.80
2012.05.18 12:37:21.781,2.08198,2.08247,1.05,1.80
2012.05.18 12:37:22.186,2.08198,2.08241,1.05,1.50
2012.05.18 12:37:22.794,2.08198,2.08237,1.05,1.50
2012.05.18 12:37:22.858,2.08191,2.08232,1.05,1.50
2012.05.18 12:37:23.210,2.08191,2.08237,1.05,1.50
2012.05.18 12:37:23.275,2.08191,2.08239,1.05,1.50
2012.05.18 12:37:23.646,2.08205,2.08243,1.05,1.50
2012.05.18 12:37:23.717,2.08205,2.08251,1.05,1.50
2012.05.18 12:37:23.786,2.08205,2.08244,1.05,1.50
2012.05.18 12:37:23.855,2.08185,2.08232,1.05,1.05
2012.05.18 12:37:24.807,2.08185,2.08225,1.05,1.50
2012.05.18 12:37:25.070,2.08172,2.08218,1.05,1.05
2012.05.18 12:37:27.500,2.08165,2.08214,1.05,1.05
2012.05.18 12:37:27.568,2.08172,2.08214,1.50,1.05
2012.05.18 12:37:28.087,2.08172,2.0823,2.55,1.05
2012.05.18 12:37:28.916,2.08172,2.08229,1.05,1.50
2012.05.18 12:37:29.539,2.08172,2.0823,1.05,1.05
2012.05.18 12:37:29.918,2.08169,2.08227,1.05,1.05
2012.05.18 12:37:30.497,2.08173,2.08229,1.05,1.05
2012.05.18 12:37:31.066,2.08174,2.08229,1.50,1.05
2012.05.18 12:37:31.378,2.08174,2.08219,1.50,1.05
2012.05.18 12:37:31.807,2.08171,2.08219,1.50,1.05
2012.05.18 12:37:31.970,2.08179,2.08219,1.50,1.05
2012.05.18 12:37:32.609,2.08175,2.08216,1.50,1.05
2012.05.18 12:37:32.677,2.08172,2.08216,1.50,1.05
2012.05.18 12:37:32.748,2.0817,2.08216,1.50,1.05
2012.05.18 12:37:33.216,2.0817,2.08209,1.50,1.05
2012.05.18 12:37:33.435,2.08167,2.08209,1.50,1.05
2012.05.18 12:37:33.509,2.08164,2.08209,1.50,1.05
2012.05.18 12:37:34.789,2.0816,2.0821,1.50,1.05
2012.05.18 12:37:34.979,2.08173,2.08222,1.05,1.50
2012.05.18 12:37:35.447,2.08173,2.08226,1.05,1.50
2012.05.18 12:37:35.745,2.08173,2.08229,1.05,2.55
2012.05.18 12:37:37.481,2.08173,2.08228,1.05,1.50
2012.05.18 12:37:37.665,2.08173,2.08229,1.05,1.05
2012.05.18 12:37:38.377,2.08173,2.08229,1.05,1.80
2012.05.18 12:37:38.507,2.08173,2.08229,1.05,2.55
2012.05.18 12:37:38.611,2.08173,2.08229,1.05,3.30
2012.05.18 12:37:38.928,2.08165,2.08212,1.05,1.05
2012.05.18 12:37:39.458,2.08168,2.08212,1.50,1.05
2012.05.18 12:37:43.444,2.08165,2.08212,1.05,1.05
2012.05.18 12:37:50.224,2.08165,2.08214,1.05,1.05
2012.05.18 12:37:50.784,2.08152,2.08209,1.50,1.05
2012.05.18 12:37:50.863,2.08161,2.08209,1.50,1.05
2012.05.18 12:37:51.750,2.08168,2.08209,1.50,1.05
2012.05.18 12:37:51.878,2.08161,2.08209,1.50,1.05
2012.05.18 12:37:51.946,2.08155,2.08209,1.50,1.05
2012.05.18 12:37:52.015,2.08171,2.08219,1.05,1.05
2012.05.18 12:37:52.325,2.08161,2.08209,1.50,1.05
2012.05.18 12:37:52.749,2.08152,2.08209,1.50,1.05
2012.05.18 12:37:52.816,2.08161,2.08209,1.50,1.05
2012.05.18 12:37:53.062,2.08161,2.08213,1.50,1.05
2012.05.18 12:37:54.145,2.08157,2.08213,1.05,1.05
2012.05.18 12:37:54.215,2.08162,2.08213,1.50,1.05
2012.05.18 12:37:54.435,2.08157,2.08213,2.55,1.05
2012.05.18 12:37:55.002,2.0816,2.08213,1.50,1.05
2012.05.18 12:37:55.356,2.08167,2.08213,1.50,1.05
2012.05.18 12:37:55.627,2.08167,2.08221,1.50,1.05
2012.05.18 12:37:56.197,2.08163,2.08221,1.05,1.05
2012.05.18 12:37:56.823,2.0816,2.08213,1.50,1.05
2012.05.18 12:37:57.151,2.08177,2.08224,1.05,1.05
2012.05.18 12:37:57.503,2.08188,2.08224,1.50,1.05
2012.05.18 12:37:57.685,2.08183,2.08224,1.50,1.05
2012.05.18 12:37:57.757,2.08184,2.08242,1.05,1.80
2012.05.18 12:37:58.237,2.08185,2.08242,1.50,1.05
2012.05.18 12:37:58.899,2.08184,2.08242,1.05,1.05
2012.05.18 12:37:59.410,2.08184,2.0824,1.05,1.50
2012.05.18 12:37:59.619,2.08184,2.08242,1.05,1.05
2012.05.18 12:38:07.877,2.08184,2.08241,1.05,1.50
2012.05.18 12:38:07.951,2.08178,2.08234,1.05,1.05
2012.05.18 12:38:10.379,2.0818,2.08234,1.50,1.05
2012.05.18 12:38:10.688,2.08198,2.08244,1.05,1.05
2012.05.18 12:38:11.304,2.08199,2.08244,1.50,1.05
2012.05.18 12:38:12.229,2.08205,2.08262,1.05,1.80
2012.05.18 12:38:12.477,2.08205,2.08262,1.05,1.05
2012.05.18 12:38:12.683,2.08225,2.08268,1.05,1.50
2012.05.18 12:38:12.865,2.08225,2.08272,1.05,3.30
2012.05.18 12:38:12.936,2.08225,2.08272,1.05,2.93
2012.05.18 12:38:13.006,2.08212,2.08258,1.05,1.05
2012.05.18 12:38:13.588,2.08232,2.0828,1.05,1.50
2012.05.18 12:38:13.662,2.08225,2.08272,1.05,1.05
2012.05.18 12:38:13.915,2.08225,2.08272,1.05,1.80
2012.05.18 12:38:14.029,2.08225,2.08272,1.05,1.05
2012.05.18 12:38:22.239,2.08225,2.0826,1.05,1.50
2012.05.18 12:38:23.331,2.08225,2.08257,1.05,1.50
2012.05.18 12:38:23.396,2.08212,2.08257,1.05,1.50
2012.05.18 12:38:23.468,2.08212,2.08254,1.05,1.50
2012.05.18 12:38:23.887,2.08212,2.0825,1.05,1.50
2012.05.18 12:38:23.957,2.08212,2.08259,1.05,1.05
2012.05.18 12:38:25.938,2.08219,2.08265,1.05,1.05
2012.05.18 12:38:27.801,2.08226,2.08275,1.05,2.25
2012.05.18 12:38:27.947,2.08226,2.08275,1.05,3.00
2012.05.18 12:38:28.033,2.08218,2.08266,1.05,1.80
2012.05.18 12:38:28.457,2.08221,2.08268,1.05,1.80
2012.05.18 12:38:28.681,2.08218,2.08266,1.05,1.80
2012.05.18 12:38:31.658,2.08218,2.08264,1.05,1.50
2012.05.18 12:38:31.726,2.08218,2.08261,1.05,1.50
2012.05.18 12:38:32.882,2.08218,2.08256,1.05,1.50
2012.05.18 12:38:33.201,2.08218,2.0826,1.05,3.00
2012.05.18 12:38:33.420,2.08218,2.08264,1.05,1.50
2012.05.18 12:38:34.361,2.08218,2.08266,1.05,2.55
2012.05.18 12:38:35.030,2.08218,2.08266,1.05,3.30
2012.05.18 12:38:36.435,2.08218,2.08266,1.05,1.80
2012.05.18 12:38:36.649,2.08211,2.0826,1.05,1.80
2012.05.18 12:38:38.600,2.08211,2.08257,1.05,1.50
2012.05.18 12:38:38.786,2.08206,2.08252,1.05,1.80
2012.05.18 12:38:40.385,2.08206,2.08252,1.05,1.05
2012.05.18 12:38:40.556,2.08212,2.08259,1.05,1.80
2012.05.18 12:38:40.878,2.08194,2.08251,1.05,1.80
2012.05.18 12:38:41.330,2.08194,2.08251,1.05,1.05
2012.05.18 12:38:42.945,2.08195,2.08251,1.50,1.05
2012.05.18 12:38:43.135,2.08211,2.0826,1.05,1.80
2012.05.18 12:38:43.567,2.08211,2.08257,1.05,1.50
2012.05.18 12:38:43.848,2.08195,2.0825,2.55,1.05
2012.05.18 12:38:44.619,2.08199,2.08252,1.05,1.05
2012.05.18 12:38:44.928,2.08206,2.08244,1.05,1.50
2012.05.18 12:38:44.998,2.08206,2.08252,1.05,2.55
2012.05.18 12:38:45.489,2.08206,2.08247,1.05,1.50
2012.05.18 12:38:45.862,2.08206,2.08247,1.05,2.25
2012.05.18 12:38:46.998,2.08209,2.08252,1.50,1.80
2012.05.18 12:38:47.319,2.08211,2.08252,1.50,1.80
2012.05.18 12:38:47.597,2.08216,2.08252,1.50,1.05
2012.05.18 12:38:50.056,2.08208,2.08252,1.50,1.05
2012.05.18 12:38:50.627,2.08211,2.08252,1.50,1.05
2012.05.18 12:38:51.378,2.08215,2.08252,1.50,1.05
2012.05.18 12:38:53.517,2.08206,2.0824,1.05,1.50
2012.05.18 12:38:55.138,2.0821,2.0824,1.50,1.50
2012.05.18 12:38:55.206,2.08215,2.08252,1.50,1.05
2012.05.18 12:38:58.415,2.0821,2.08252,1.50,1.05
2012.05.18 12:38:58.485,2.08208,2.08252,1.50,1.05
2012.05.18 12:39:00.225,2.08215,2.08252,1.50,1.05
2012.05.18 12:39:00.845,2.08219,2.08252,1.50,1.05
2012.05.18 12:39:00.916,2.08211,2.08252,1.50,1.05
2012.05.18 12:39:00.989,2.08225,2.08252,1.50,1.05
2012.05.18 12:39:01.058,2.08225,2.0827,1.50,1.80
2012.05.18 12:39:01.560,2.0823,2.0827,1.50,1.80
2012.05.18 12:39:01.868,2.08233,2.08275,1.05,1.65
2012.05.18 12:39:01.937,2.08233,2.08279,1.05,1.80
2012.05.18 12:39:02.385,2.08233,2.08279,1.05,1.05
2012.05.18 12:39:03.517,2.08222,2.08267,1.50,1.05
2012.05.18 12:39:04.456,2.08233,2.08279,1.05,1.05
2012.05.18 12:39:08.153,2.08245,2.08279,1.50,1.05
2012.05.18 12:39:09.755,2.0825,2.08279,1.50,1.05
2012.05.18 12:39:10.154,2.08245,2.08279,1.50,1.05
2012.05.18 12:39:10.218,2.08233,2.08279,1.05,1.05
2012.05.18 12:39:10.928,2.08219,2.08261,1.50,1.05
2012.05.18 12:39:11.343,2.08222,2.08261,1.50,1.05
2012.05.18 12:39:11.600,2.08218,2.08261,1.50,1.05
2012.05.18 12:39:12.009,2.08218,2.08258,1.50,1.05
2012.05.18 12:39:14.191,2.08224,2.08272,1.05,1.05
2012.05.18 12:39:14.521,2.08232,2.0828,1.05,1.05
2012.05.18 12:39:14.897,2.08234,2.0828,1.50,1.05
2012.05.18 12:39:15.492,2.08229,2.08275,1.05,1.05
2012.05.18 12:39:15.556,2.08229,2.08283,1.05,1.05
2012.05.18 12:39:15.757,2.0823,2.0828,1.05,1.05
2012.05.18 12:39:17.549,2.08232,2.0828,1.50,1.05
2012.05.18 12:39:17.958,2.08229,2.08275,1.05,1.05
2012.05.18 12:39:18.281,2.08229,2.08281,1.05,1.05
2012.05.18 12:39:23.911,2.0823,2.08286,1.05,1.05
2012.05.18 12:39:24.340,2.08229,2.08281,1.05,1.05
2012.05.18 12:39:24.408,2.0823,2.08284,1.05,1.05
2012.05.18 12:39:24.615,2.0823,2.08281,1.05,1.05
2012.05.18 12:39:24.970,2.08225,2.08271,2.55,1.05
2012.05.18 12:39:25.039,2.08227,2.08274,1.05,1.05
2012.05.18 12:39:27.310,2.08227,2.08267,1.05,1.50
2012.05.18 12:39:27.619,2.08227,2.08265,1.05,1.13
2012.05.18 12:39:27.807,2.08203,2.08252,1.05,1.05
2012.05.18 12:39:27.997,2.08209,2.08264,1.05,1.13
2012.05.18 12:39:28.067,2.08199,2.08248,2.55,1.05
2012.05.18 12:39:30.038,2.08203,2.08248,1.50,1.05
2012.05.18 12:39:30.706,2.08199,2.08248,1.05,1.05
2012.05.18 12:39:31.736,2.08181,2.08237,1.50,1.05
2012.05.18 12:39:31.930,2.08186,2.08237,1.50,1.05
2012.05.18 12:39:31.997,2.08179,2.08237,1.05,1.05
2012.05.18 12:39:32.187,2.08182,2.08237,1.50,1.05
2012.05.18 12:39:32.499,2.08199,2.08245,1.05,1.50
2012.05.18 12:39:32.569,2.08199,2.08248,1.05,1.05
2012.05.18 12:39:33.038,2.08199,2.08246,1.05,1.50
2012.05.18 12:39:34.085,2.08199,2.08238,1.05,1.50
2012.05.18 12:39:34.398,2.08175,2.08212,2.25,1.05
2012.05.18 12:39:34.657,2.08168,2.08212,1.50,1.05
2012.05.18 12:39:35.231,2.08179,2.08226,1.05,1.05
2012.05.18 12:39:35.360,2.08179,2.08226,1.05,1.80
2012.05.18 12:39:35.666,2.08167,2.08198,1.50,1.05
2012.05.18 12:39:35.738,2.08162,2.08198,1.50,1.05
2012.05.18 12:39:37.239,2.08161,2.08198,1.50,1.05
2012.05.18 12:39:37.908,2.08159,2.08198,1.50,1.05
2012.05.18 12:39:38.099,2.08159,2.08206,1.50,1.05
2012.05.18 12:39:38.324,2.08167,2.08206,1.50,1.05
2012.05.18 12:39:40.099,2.08169,2.08206,1.50,1.05
2012.05.18 12:39:40.227,2.08157,2.08206,3.30,1.05
2012.05.18 12:39:40.298,2.08185,2.08227,1.05,1.50
2012.05.18 12:39:40.368,2.08185,2.08232,1.05,1.50
2012.05.18 12:39:40.617,2.08193,2.08238,1.05,1.05
2012.05.18 12:39:40.959,2.08193,2.08249,1.05,1.05
2012.05.18 12:39:43.036,2.08189,2.08243,1.50,1.05
2012.05.18 12:39:43.165,2.08187,2.08243,1.05,1.05
2012.05.18 12:39:43.319,2.08193,2.08249,1.05,1.05
2012.05.18 12:39:43.567,2.08198,2.08256,1.05,1.05
2012.05.18 12:39:43.669,2.08193,2.08249,1.05,1.05
2012.05.18 12:39:44.037,2.08187,2.08243,1.05,1.05
2012.05.18 12:39:44.425,2.08193,2.08249,1.05,1.05
2012.05.18 12:39:52.458,2.08195,2.08249,1.50,1.05
2012.05.18 12:39:53.647,2.08193,2.08235,1.05,1.50
2012.05.18 12:39:54.471,2.08194,2.08249,1.50,1.05
2012.05.18 12:39:56.571,2.08193,2.08249,1.05,1.05
2012.05.18 12:39:59.067,2.08187,2.08243,1.05,1.05
2012.05.18 12:40:02.297,2.08187,2.08239,1.05,1.50
2012.05.18 12:40:02.366,2.08179,2.08237,1.05,1.05
2012.05.18 12:40:03.208,2.08176,2.08232,1.05,1.05
2012.05.18 12:40:03.930,2.0818,2.08236,1.05,1.05
2012.05.18 12:40:09.993,2.0818,2.08225,1.05,1.50
2012.05.18 12:40:10.323,2.0818,2.08228,1.05,1.50
2012.05.18 12:40:10.590,2.08187,2.08228,1.05,1.50
2012.05.18 12:40:10.658,2.08187,2.08231,1.05,1.50
2012.05.18 12:40:10.729,2.08178,2.08227,1.05,1.05
2012.05.18 12:40:10.976,2.08171,2.08216,1.50,1.05
2012.05.18 12:40:11.130,2.08164,2.08216,1.50,1.05
2012.05.18 12:40:11.440,2.08159,2.08216,1.05,1.05
2012.05.18 12:40:11.508,2.08165,2.08223,1.05,1.05
2012.05.18 12:40:12.055,2.08185,2.08216,1.05,2.25
2012.05.18 12:40:12.128,2.08185,2.08225,1.05,1.50
2012.05.18 12:40:12.199,2.08185,2.08225,1.05,1.13
2012.05.18 12:40:12.267,2.08167,2.08205,1.50,1.05
2012.05.18 12:40:12.397,2.08167,2.08222,1.50,1.05
2012.05.18 12:40:12.993,2.08166,2.08222,1.05,1.05
2012.05.18 12:40:13.979,2.08166,2.08216,1.05,1.50
2012.05.18 12:40:15.386,2.08162,2.08216,1.05,1.50
2012.05.18 12:40:15.537,2.08162,2.08218,1.05,1.05
2012.05.18 12:40:15.806,2.08162,2.08212,1.05,1.50
2012.05.18 12:40:16.118,2.08166,2.08205,1.05,1.50
2012.05.18 12:40:16.188,2.08158,2.08205,1.05,2.55
2012.05.18 12:40:16.318,2.08158,2.08191,1.05,1.50
2012.05.18 12:40:16.388,2.08139,2.08191,1.05,1.50
2012.05.18 12:40:17.070,2.08139,2.08194,1.05,1.50
2012.05.18 12:40:17.269,2.08139,2.0819,1.05,1.50
2012.05.18 12:40:17.337,2.08134,2.0819,1.05,1.50
2012.05.18 12:40:18.199,2.08138,2.0819,1.05,1.50
2012.05.18 12:40:18.920,2.08138,2.08194,1.05,1.50
2012.05.18 12:40:18.989,2.08138,2.08196,1.05,1.05
2012.05.18 12:40:19.311,2.08135,2.08191,1.05,1.05
2012.05.18 12:40:19.669,2.08135,2.08184,1.05,1.50
2012.05.18 12:40:19.737,2.08135,2.08189,1.05,1.50
2012.05.18 12:40:20.197,2.08138,2.08189,1.05,1.50
2012.05.18 12:40:21.017,2.08138,2.08195,1.05,1.50
2012.05.18 12:40:23.207,2.08138,2.08196,1.05,1.05
2012.05.18 12:40:25.275,2.08138,2.08195,1.05,1.50
2012.05.18 12:40:25.497,2.08138,2.08195,1.05,2.25
2012.05.18 12:40:26.465,2.08135,2.08191,1.05,1.05
2012.05.18 12:40:26.598,2.08139,2.08189,1.05,1.50
2012.05.18 12:40:26.938,2.08139,2.08193,1.05,2.25
2012.05.18 12:40:27.592,2.08135,2.08191,1.05,1.05
2012.05.18 12:40:28.371,2.08138,2.08194,1.05,2.25
2012.05.18 12:40:29.991,2.08138,2.08194,1.05,2.25
2012.05.18 12:40:30.419,2.08138,2.08192,1.05,1.13
2012.05.18 12:40:30.608,2.08122,2.08176,1.50,1.05
2012.05.18 12:40:30.738,2.08139,2.08181,1.05,1.50
2012.05.18 12:40:31.269,2.08119,2.08175,1.05,1.05
2012.05.18 12:40:31.577,2.08132,2.08179,1.05,1.80
2012.05.18 12:40:32.054,2.08132,2.08166,1.05,1.50
2012.05.18 12:40:33.758,2.08132,2.08173,1.05,1.50
2012.05.18 12:40:36.246,2.08132,2.08179,1.05,1.05
2012.05.18 12:40:37.328,2.08139,2.08187,1.05,2.25
2012.05.18 12:40:37.854,2.08139,2.08187,1.05,2.25
2012.05.18 12:40:38.107,2.08131,2.0818,1.05,1.80
2012.05.18 12:40:40.536,2.08139,2.08185,1.05,1.80
2012.05.18 12:40:40.727,2.08132,2.08179,1.05,1.05
2012.05.18 12:40:41.696,2.08139,2.08185,1.05,1.80
2012.05.18 12:40:41.946,2.08139,2.08185,1.05,1.05
2012.05.18 12:40:46.070,2.08139,2.08175,1.05,1.50
2012.05.18 12:40:47.372,2.08139,2.08171,1.05,1.50
2012.05.18 12:40:47.866,2.08139,2.08165,1.05,1.50
2012.05.18 12:40:48.068,2.08139,2.08181,1.05,1.50
2012.05.18 12:40:48.135,2.08132,2.08179,1.05,1.05
2012.05.18 12:40:51.498,2.08133,2.08179,1.50,1.05
2012.05.18 12:40:51.756,2.0814,2.08196,1.05,1.05
2012.05.18 12:40:52.339,2.0814,2.08195,1.05,1.50
2012.05.18 12:40:52.907,2.0814,2.08192,1.05,1.50
2012.05.18 12:40:53.364,2.0814,2.08188,1.05,1.50
2012.05.18 12:40:53.708,2.08132,2.08188,1.05,1.50
2012.05.18 12:40:54.016,2.0814,2.08188,1.05,1.50
2012.05.18 12:40:58.237,2.08119,2.08175,1.05,1.50
2012.05.18 12:40:58.369,2.08119,2.08177,1.05,1.05
2012.05.18 12:40:58.559,2.08119,2.08175,1.05,1.50
2012.05.18 12:40:58.888,2.08125,2.08175,1.05,1.50
2012.05.18 12:40:59.523,2.08112,2.0817,1.05,1.05
2012.05.18 12:41:00.823,2.08115,2.08173,1.05,1.05
2012.05.18 12:41:01.491,2.08126,2.08175,1.05,1.50
2012.05.18 12:41:01.806,2.08119,2.08166,1.05,1.05
2012.05.18 12:41:02.403,2.08119,2.08161,1.05,1.50
2012.05.18 12:41:02.696,2.08098,2.08156,1.05,1.05
2012.05.18 12:41:02.946,2.08098,2.08153,1.43,1.50
2012.05.18 12:41:03.328,2.08119,2.08166,1.05,1.05
2012.05.18 12:41:03.669,2.08119,2.08164,1.05,1.50
2012.05.18 12:41:04.458,2.08126,2.08164,1.05,1.50
2012.05.18 12:41:04.869,2.08126,2.08168,1.05,1.50
2012.05.18 12:41:05.187,2.08126,2.08172,1.05,1.05
2012.05.18 12:41:05.256,2.08127,2.08176,1.05,1.05
2012.05.18 12:41:06.174,2.08127,2.08173,1.05,1.50
2012.05.18 12:41:06.305,2.08127,2.08176,1.05,2.55
2012.05.18 12:41:06.397,2.08131,2.08176,1.05,1.50
2012.05.18 12:41:07.226,2.08131,2.0818,1.05,1.05
2012.05.18 12:41:08.698,2.08131,2.08178,1.05,1.50
2012.05.18 12:41:09.195,2.08131,2.08173,1.05,1.50
2012.05.18 12:41:09.266,2.08131,2.0818,1.05,2.55
2012.05.18 12:41:10.355,2.08131,2.08173,1.05,1.50
2012.05.18 12:41:12.092,2.08131,2.08165,1.05,1.50
2012.05.18 12:41:12.288,2.08122,2.08165,1.05,1.50
2012.05.18 12:41:12.909,2.08121,2.08165,1.05,1.50
2012.05.18 12:41:13.001,2.08121,2.08171,1.05,1.50
2012.05.18 12:41:13.127,2.08121,2.08165,1.05,1.50
2012.05.18 12:41:13.260,2.08121,2.08173,1.05,1.50
2012.05.18 12:41:13.700,2.08119,2.08166,1.05,1.05
2012.05.18 12:41:14.904,2.08112,2.08159,1.05,1.05
2012.05.18 12:41:20.048,2.08122,2.08159,1.50,1.05
2012.05.18 12:41:20.177,2.08116,2.08159,1.50,1.05
2012.05.18 12:41:20.317,2.08125,2.08174,1.05,1.05
2012.05.18 12:41:21.008,2.08132,2.0818,1.05,1.05
2012.05.18 12:41:30.221,2.08134,2.0818,1.50,1.05
2012.05.18 12:41:30.466,2.08132,2.0818,1.05,1.05
2012.05.18 12:41:30.597,2.08146,2.08193,1.05,1.05
2012.05.18 12:41:30.987,2.08148,2.08193,1.50,1.05
2012.05.18 12:41:32.537,2.08148,2.08195,1.50,1.05
2012.05.18 12:41:34.977,2.08147,2.08195,1.05,1.05
2012.05.18 12:41:35.108,2.08154,2.08201,1.05,2.55
2012.05.18 12:41:35.419,2.08159,2.08194,1.05,1.50
2012.05.18 12:41:35.546,2.08159,2.08202,1.05,1.50
2012.05.18 12:41:35.928,2.08146,2.08192,1.05,1.05
2012.05.18 12:41:36.648,2.08143,2.08192,1.05,2.55
2012.05.18 12:41:36.868,2.08131,2.08177,1.05,1.05
2012.05.18 12:41:36.996,2.08132,2.08179,1.05,1.05
2012.05.18 12:41:37.187,2.08127,2.08173,2.55,1.05
2012.05.18 12:41:37.528,2.08135,2.08168,1.50,1.05
2012.05.18 12:41:37.720,2.08127,2.08164,1.50,1.05
2012.05.18 12:41:37.790,2.08136,2.08164,1.50,1.05
2012.05.18 12:41:38.250,2.08138,2.08187,1.05,1.05
2012.05.18 12:41:39.066,2.08132,2.0818,1.05,1.05
2012.05.18 12:41:39.518,2.08133,2.08182,1.05,1.05
2012.05.18 12:41:46.778,2.08145,2.08194,1.05,1.05
2012.05.18 12:41:47.087,2.08151,2.08194,1.50,1.05
2012.05.18 12:41:47.491,2.08158,2.08194,1.50,1.05
2012.05.18 12:41:47.961,2.08153,2.08194,1.50,1.05
2012.05.18 12:41:49.758,2.08149,2.08194,1.50,1.05
2012.05.18 12:41:49.947,2.08146,2.08191,1.50,1.05
2012.05.18 12:41:50.351,2.08146,2.08182,1.50,1.05
2012.05.18 12:41:59.815,2.0814,2.08182,1.50,1.05
2012.05.18 12:42:01.282,2.08143,2.08182,1.50,1.05
2012.05.18 12:42:01.607,2.08147,2.08182,1.50,1.05
2012.05.18 12:42:02.076,2.08147,2.08189,1.50,1.05
2012.05.18 12:42:02.251,2.0814,2.08189,1.05,1.05
2012.05.18 12:42:03.032,2.08146,2.08189,1.50,1.05
2012.05.18 12:42:03.607,2.08146,2.08193,1.50,1.05
2012.05.18 12:42:04.698,2.08146,2.0819,1.50,1.05
2012.05.18 12:42:04.773,2.0814,2.08185,1.50,1.05
2012.05.18 12:42:04.927,2.08136,2.08185,1.05,1.05
2012.05.18 12:42:04.997,2.08144,2.0819,1.05,1.05
2012.05.18 12:42:05.189,2.08142,2.08189,1.05,1.05
2012.05.18 12:42:05.497,2.08141,2.08186,1.05,1.50
2012.05.18 12:42:06.947,2.08141,2.08188,1.05,1.05
2012.05.18 12:42:08.148,2.08141,2.08187,1.05,1.50
2012.05.18 12:42:08.336,2.08132,2.08181,1.05,1.05
2012.05.18 12:42:10.480,2.08132,2.08174,1.05,1.50
2012.05.18 12:42:11.646,2.08132,2.08178,1.05,1.50
2012.05.18 12:42:11.715,2.08132,2.08181,1.05,2.55
2012.05.18 12:42:12.118,2.08136,2.08181,1.50,1.05
2012.05.18 12:42:12.423,2.08136,2.08179,1.50,1.05
2012.05.18 12:42:12.730,2.08142,2.08184,1.50,1.05
2012.05.18 12:42:13.038,2.08142,2.08168,1.50,1.05
2012.05.18 12:42:13.167,2.08142,2.08174,1.50,1.05
2012.05.18 12:42:13.367,2.08142,2.08191,1.50,1.05
2012.05.18 12:42:13.438,2.08149,2.08191,1.50,1.05
2012.05.18 12:42:13.798,2.08158,2.08207,1.05,1.43
2012.05.18 12:42:14.311,2.08158,2.08207,1.05,1.05
2012.05.18 12:42:15.388,2.0816,2.08208,1.05,1.05
2012.05.18 12:42:16.526,2.0816,2.08207,1.05,1.50
2012.05.18 12:42:17.517,2.0816,2.08208,1.05,1.05
2012.05.18 12:42:22.708,2.08167,2.08214,1.05,1.05
2012.05.18 12:42:23.718,2.08161,2.08207,1.05,1.05
2012.05.18 12:42:24.069,2.08153,2.08202,2.55,1.05
2012.05.18 12:42:24.438,2.08161,2.08207,1.05,1.05
2012.05.18 12:42:25.968,2.08165,2.08207,1.50,1.05
2012.05.18 12:42:26.180,2.08161,2.08207,1.05,1.05
2012.05.18 12:42:30.035,2.08157,2.08204,1.50,1.05
2012.05.18 12:42:30.168,2.08161,2.08207,1.05,1.05
2012.05.18 12:42:34.052,2.08158,2.08207,1.05,1.05
2012.05.18 12:42:34.116,2.0816,2.08208,1.05,1.05
2012.05.18 12:42:34.987,2.0815,2.08198,1.50,1.05
2012.05.18 12:42:35.176,2.08147,2.08198,1.50,1.05
2012.05.18 12:42:35.430,2.0814,2.08198,1.05,1.05
2012.05.18 12:42:35.709,2.08144,2.08198,1.50,1.05
2012.05.18 12:42:36.018,2.08144,2.0818,1.50,1.05
2012.05.18 12:42:39.302,2.0814,2.0818,1.50,1.05
2012.05.18 12:42:39.366,2.08136,2.0818,1.50,1.05
2012.05.18 12:42:39.969,2.08136,2.08168,1.50,1.05
2012.05.18 12:42:40.097,2.08132,2.08168,1.50,1.05
2012.05.18 12:42:40.168,2.08127,2.08168,1.50,1.05
2012.05.18 12:42:40.296,2.08127,2.08161,1.50,1.05
2012.05.18 12:42:40.426,2.08127,2.08168,1.50,1.05
2012.05.18 12:42:40.616,2.08132,2.08168,1.50,1.05
2012.05.18 12:42:40.746,2.08128,2.08168,1.50,1.05
2012.05.18 12:42:40.877,2.08127,2.08173,2.55,1.05
2012.05.18 12:42:40.947,2.08133,2.08173,1.50,1.05
2012.05.18 12:42:43.492,2.08142,2.08165,1.50,1.05
2012.05.18 12:42:43.619,2.08138,2.08165,1.50,1.05
2012.05.18 12:42:43.690,2.08135,2.08165,1.50,1.05
2012.05.18 12:42:43.817,2.08141,2.08183,1.50,1.05
2012.05.18 12:42:44.467,2.08145,2.08194,1.05,1.05
2012.05.18 12:42:44.728,2.08154,2.08194,1.50,1.05
2012.05.18 12:42:44.919,2.08149,2.08194,1.50,1.05
2012.05.18 12:42:45.129,2.08155,2.08194,1.50,1.05
2012.05.18 12:42:45.517,2.0816,2.08194,1.50,1.05
2012.05.18 12:42:46.009,2.08157,2.08195,1.50,1.05
2012.05.18 12:42:46.077,2.08155,2.08195,1.50,1.05
2012.05.18 12:42:47.311,2.0816,2.08209,1.05,1.05
2012.05.18 12:42:47.489,2.08164,2.08209,1.50,1.05
2012.05.18 12:42:47.680,2.0816,2.08209,2.55,1.05
2012.05.18 12:42:48.349,2.08161,2.08208,1.05,1.05
2012.05.18 12:42:48.989,2.08147,2.08194,1.05,1.05
2012.05.18 12:42:49.291,2.08162,2.08194,1.50,1.05
2012.05.18 12:42:50.744,2.08162,2.08198,1.50,1.05
2012.05.18 12:42:51.217,2.08162,2.08202,1.50,1.05
2012.05.18 12:42:51.349,2.08153,2.08202,2.55,1.05
2012.05.18 12:42:51.784,2.08162,2.08202,1.50,1.05
2012.05.18 12:42:56.229,2.08162,2.08203,1.50,1.05
2012.05.18 12:42:57.096,2.08162,2.08202,1.50,1.05
2012.05.18 12:42:58.823,2.08157,2.08202,1.50,1.05
2012.05.18 12:42:58.949,2.08154,2.08202,1.50,1.05
2012.05.18 12:42:59.018,2.0816,2.08208,1.05,1.05
2012.05.18 12:42:59.603,2.08154,2.08194,1.50,1.05
2012.05.18 12:42:59.674,2.08141,2.08197,1.05,1.05
2012.05.18 12:42:59.796,2.08147,2.08193,1.05,1.05
2012.05.18 12:43:00.178,2.08146,2.08181,1.50,1.05
2012.05.18 12:43:00.587,2.08137,2.08181,1.50,1.05
2012.05.18 12:43:01.354,2.08137,2.08183,1.50,1.05
2012.05.18 12:43:01.461,2.08137,2.08181,1.50,1.05
2012.05.18 12:43:01.957,2.08147,2.08181,1.50,1.05
2012.05.18 12:43:03.213,2.08143,2.08181,1.50,1.05
2012.05.18 12:43:03.446,2.08141,2.08181,1.50,1.05
2012.05.18 12:43:04.086,2.08146,2.08181,1.50,1.05
2012.05.18 12:43:05.078,2.0814,2.08181,1.50,1.05
2012.05.18 12:43:06.653,2.08145,2.08181,1.50,1.05
2012.05.18 12:43:11.986,2.08139,2.08181,1.50,1.05
2012.05.18 12:43:13.247,2.08139,2.08178,1.50,1.05
2012.05.18 12:43:13.337,2.08139,2.0818,1.50,1.05
2012.05.18 12:43:16.458,2.08143,2.0818,1.50,1.05
2012.05.18 12:43:16.648,2.08148,2.08186,1.50,1.05
2012.05.18 12:43:17.069,2.08148,2.08181,1.50,1.05
2012.05.18 12:43:17.577,2.08143,2.08181,1.50,1.05
2012.05.18 12:43:17.648,2.08141,2.08181,1.50,1.05
2012.05.18 12:43:17.995,2.08141,2.08185,1.50,1.05
2012.05.18 12:43:24.818,2.08141,2.08186,1.50,1.05
2012.05.18 12:43:25.065,2.08146,2.08193,1.05,1.05
2012.05.18 12:43:25.290,2.08146,2.08191,1.05,1.50
2012.05.18 12:43:25.630,2.08152,2.08191,1.05,1.50
2012.05.18 12:43:25.758,2.08152,2.08198,1.05,1.50
2012.05.18 12:43:25.828,2.08158,2.08205,1.05,1.50
2012.05.18 12:43:25.957,2.08158,2.08207,1.05,1.05
2012.05.18 12:43:26.028,2.08142,2.08197,1.50,1.05
2012.05.18 12:43:26.169,2.08139,2.08197,1.05,1.05
2012.05.18 12:43:26.490,2.08139,2.0819,1.05,1.50
2012.05.18 12:43:26.752,2.08141,2.08197,1.05,1.05
2012.05.18 12:43:26.879,2.08134,2.0818,1.50,1.05
2012.05.18 12:43:27.366,2.08132,2.08181,1.05,1.05
2012.05.18 12:43:27.799,2.08132,2.08179,1.05,1.05
2012.05.18 12:43:28.459,2.08123,2.08169,1.50,1.05
2012.05.18 12:43:28.718,2.08121,2.08169,1.05,1.05
2012.05.18 12:43:28.788,2.08129,2.08183,1.05,1.50
2012.05.18 12:43:29.100,2.08126,2.08174,1.05,1.05
2012.05.18 12:43:29.908,2.08122,2.08169,1.50,1.05
2012.05.18 12:43:30.263,2.08118,2.08167,1.05,1.05
2012.05.18 12:43:32.272,2.08123,2.08167,1.50,1.05
2012.05.18 12:43:33.309,2.08118,2.08167,2.55,1.05
2012.05.18 12:43:33.658,2.08117,2.08165,1.05,1.05
2012.05.18 12:43:34.280,2.08118,2.08167,1.05,1.05
2012.05.18 12:43:37.933,2.08117,2.08163,1.50,1.05
2012.05.18 12:43:37.998,2.08117,2.08176,1.50,1.05
2012.05.18 12:43:38.196,2.08116,2.08181,1.05,2.55
2012.05.18 12:43:38.564,2.08125,2.08181,1.05,1.50
2012.05.18 12:43:38.628,2.08115,2.08181,1.05,1.50
2012.05.18 12:43:38.757,2.08115,2.08176,1.05,1.50
2012.05.18 12:43:39.047,2.08115,2.08182,1.05,2.55
2012.05.18 12:43:39.373,2.08124,2.08182,1.05,1.50
2012.05.18 12:43:39.747,2.08124,2.08176,1.05,1.50
2012.05.18 12:43:40.060,2.08118,2.08165,1.05,1.05
2012.05.18 12:43:40.509,2.08122,2.08165,1.50,1.05
2012.05.18 12:43:40.576,2.08122,2.08167,1.50,1.05
2012.05.18 12:43:43.938,2.08128,2.08167,1.50,1.05
2012.05.18 12:43:45.091,2.08146,2.08193,1.05,2.55
2012.05.18 12:43:45.156,2.08146,2.08188,1.05,1.50
2012.05.18 12:43:45.249,2.08146,2.08191,1.05,1.50
2012.05.18 12:43:45.557,2.08146,2.08193,1.05,1.05
2012.05.18 12:43:45.627,2.08149,2.082,1.05,1.05
2012.05.18 12:43:50.485,2.08149,2.08196,1.05,1.50
2012.05.18 12:43:51.643,2.08149,2.082,1.05,2.55
2012.05.18 12:43:52.406,2.08148,2.08199,1.05,1.05
2012.05.18 12:43:52.659,2.0814,2.08196,1.05,1.05
2012.05.18 12:43:52.791,2.0814,2.08189,1.05,1.50
2012.05.18 12:43:53.329,2.08129,2.08189,1.05,1.50
2012.05.18 12:43:53.690,2.08129,2.08187,1.05,1.50
2012.05.18 12:43:54.114,2.08129,2.08191,1.05,1.50
2012.05.18 12:43:56.926,2.08129,2.08185,1.05,1.50
2012.05.18 12:43:57.332,2.08129,2.08189,1.05,1.50
2012.05.18 12:43:57.395,2.08129,2.08191,1.05,1.50
2012.05.18 12:44:00.448,2.08124,2.08177,1.50,1.05
2012.05.18 12:44:02.397,2.08119,2.08177,1.05,1.05
2012.05.18 12:44:02.476,2.0812,2.08175,1.50,1.05
2012.05.18 12:44:02.790,2.08132,2.08181,2.55,1.05
2012.05.18 12:44:03.575,2.0814,2.08181,1.50,1.05
2012.05.18 12:44:03.858,2.08133,2.08181,1.50,1.05
2012.05.18 12:44:04.656,2.08135,2.08181,1.50,1.05
2012.05.18 12:44:05.336,2.08138,2.08181,1.50,1.05
2012.05.18 12:44:05.860,2.08141,2.08181,1.50,1.05
2012.05.18 12:44:06.493,2.08145,2.08182,1.50,1.05
2012.05.18 12:44:08.301,2.08145,2.08181,1.50,1.05
2012.05.18 12:44:09.403,2.08145,2.08182,1.50,1.05
2012.05.18 12:44:09.517,2.08145,2.08186,1.50,1.05
2012.05.18 12:44:11.167,2.08145,2.08182,1.50,1.05
2012.05.18 12:44:12.609,2.08147,2.08182,1.50,1.05
2012.05.18 12:44:12.972,2.08151,2.08182,1.50,1.05
2012.05.18 12:44:15.990,2.08151,2.08186,1.50,1.05
2012.05.18 12:44:22.043,2.08151,2.08181,1.50,1.05
2012.05.18 12:44:22.569,2.0815,2.08181,1.50,1.05
2012.05.18 12:44:22.644,2.08156,2.08198,1.50,1.05
2012.05.18 12:44:22.768,2.08162,2.08198,1.50,1.05
2012.05.18 12:44:22.840,2.08162,2.08207,1.50,1.05
2012.05.18 12:44:23.254,2.08174,2.08221,1.05,1.80
2012.05.18 12:44:23.322,2.08177,2.08221,1.50,1.05
2012.05.18 12:44:23.518,2.08174,2.08221,1.05,1.05
2012.05.18 12:44:26.156,2.08169,2.08213,1.50,1.05
2012.05.18 12:44:26.759,2.0817,2.08217,1.05,1.05
2012.05.18 12:44:26.891,2.08171,2.08221,1.05,1.05
2012.05.18 12:44:27.015,2.08169,2.08218,2.55,1.05
2012.05.18 12:44:29.618,2.08169,2.08221,2.55,1.05
2012.05.18 12:44:33.429,2.08179,2.08227,1.05,1.05
2012.05.18 12:44:33.739,2.08181,2.08225,1.05,1.13
2012.05.18 12:44:33.870,2.08162,2.08207,1.50,1.05
2012.05.18 12:44:34.466,2.08161,2.08207,1.05,1.05
2012.05.18 12:44:43.260,2.08169,2.08207,1.50,1.05
2012.05.18 12:44:43.446,2.08179,2.08226,1.05,1.05
2012.05.18 12:44:43.989,2.0818,2.08227,1.05,1.05
2012.05.18 12:44:46.599,2.08181,2.08227,1.50,1.05
2012.05.18 12:44:47.207,2.0818,2.08227,1.05,1.05
2012.05.18 12:44:49.473,2.08194,2.08241,1.05,1.05
2012.05.18 12:44:51.708,2.08186,2.08235,1.05,1.05
2012.05.18 12:44:52.052,2.08186,2.08233,1.05,1.05
2012.05.18 12:44:52.162,2.08179,2.08227,1.05,1.05
2012.05.18 12:44:52.666,2.0818,2.08228,1.05,1.05
2012.05.18 12:44:54.309,2.08173,2.08222,1.05,1.05
2012.05.18 12:44:58.132,2.08175,2.08222,1.50,1.05
2012.05.18 12:44:58.670,2.08173,2.08222,1.05,1.05
2012.05.18 12:45:00.747,2.08163,2.0822,1.05,1.05
2012.05.18 12:45:00.820,2.08169,2.0822,1.50,1.05
2012.05.18 12:45:01.173,2.08155,2.08202,1.50,1.05
2012.05.18 12:45:01.497,2.08161,2.08208,1.05,1.05
2012.05.18 12:45:01.629,2.08164,2.08219,1.05,1.05
2012.05.18 12:45:02.627,2.08173,2.08222,1.05,1.05
2012.05.18 12:45:03.714,2.08173,2.0822,1.05,1.05
2012.05.18 12:45:03.840,2.08168,2.08217,1.05,1.05
2012.05.18 12:45:04.041,2.08175,2.08218,1.50,1.05
2012.05.18 12:45:04.108,2.08175,2.08221,1.50,1.05
2012.05.18 12:45:04.181,2.08181,2.08221,1.50,1.05
2012.05.18 12:45:04.407,2.08176,2.08221,1.50,1.05
2012.05.18 12:45:04.478,2.08174,2.08221,1.05,1.05
2012.05.18 12:45:06.517,2.0818,2.08228,1.05,1.05
2012.05.18 12:45:08.806,2.08174,2.08221,1.05,1.05
2012.05.18 12:45:09.117,2.08181,2.08227,1.05,1.05
2012.05.18 12:45:15.270,2.08183,2.08227,1.50,1.05
2012.05.18 12:45:16.214,2.08181,2.08227,1.05,2.55
2012.05.18 12:45:16.767,2.08181,2.08198,1.05,1.50
2012.05.18 12:45:16.839,2.08167,2.08198,1.05,1.50
2012.05.18 12:45:16.907,2.08184,2.08214,1.50,1.05
2012.05.18 12:45:17.093,2.08181,2.08214,1.50,1.05
2012.05.18 12:45:17.156,2.08169,2.08214,1.50,1.05
2012.05.18 12:45:17.406,2.08169,2.08203,1.50,1.05
2012.05.18 12:45:18.785,2.08185,2.08214,1.50,1.05
2012.05.18 12:45:18.938,2.08185,2.08227,1.50,1.05
2012.05.18 12:45:19.189,2.08181,2.08227,1.05,1.05
2012.05.18 12:45:19.497,2.08174,2.08214,1.50,1.05
2012.05.18 12:45:20.488,2.08173,2.08214,1.50,1.05
2012.05.18 12:45:21.038,2.08181,2.08227,1.05,1.05
2012.05.18 12:45:21.498,2.08166,2.08215,2.55,1.05
2012.05.18 12:45:22.862,2.08172,2.08215,1.50,1.05
2012.05.18 12:45:23.077,2.0818,2.08228,1.05,1.05
2012.05.18 12:45:23.469,2.08168,2.08214,1.50,1.05
2012.05.18 12:45:24.077,2.08175,2.08214,1.50,1.05
2012.05.18 12:45:24.842,2.08171,2.08214,3.00,1.05
2012.05.18 12:45:24.908,2.0818,2.08228,1.05,1.05
2012.05.18 12:45:25.179,2.08182,2.08228,1.50,1.05
2012.05.18 12:45:25.427,2.0818,2.08228,1.05,1.05
2012.05.18 12:45:25.676,2.08171,2.08215,1.50,1.05
2012.05.18 12:45:26.472,2.08176,2.08215,1.50,1.05
2012.05.18 12:45:27.157,2.08177,2.08215,1.50,1.05
2012.05.18 12:45:27.227,2.0818,2.08228,1.05,1.05
2012.05.18 12:45:27.746,2.08171,2.08214,1.50,1.05
2012.05.18 12:45:29.502,2.0818,2.08228,1.05,1.05
2012.05.18 12:45:29.571,2.0818,2.08226,1.05,1.05
2012.05.18 12:45:31.800,2.08181,2.08227,1.05,1.05
2012.05.18 12:45:34.088,2.08191,2.08237,1.05,1.05
2012.05.18 12:45:34.218,2.08184,2.08232,1.50,1.05
2012.05.18 12:45:34.289,2.08187,2.08229,1.50,1.05
2012.05.18 12:45:34.363,2.08183,2.08229,1.05,1.05
2012.05.18 12:45:34.491,2.08173,2.08214,2.25,1.05
2012.05.18 12:45:34.559,2.08173,2.08217,2.25,1.05
2012.05.18 12:45:34.628,2.08173,2.08222,3.30,1.05
2012.05.18 12:45:34.698,2.08173,2.08222,2.55,1.05
2012.05.18 12:45:34.767,2.08173,2.08215,1.50,1.05
2012.05.18 12:45:34.899,2.08167,2.08215,1.05,1.05
2012.05.18 12:45:34.967,2.08166,2.08209,1.50,1.05
2012.05.18 12:45:35.322,2.08173,2.08209,1.50,1.05
2012.05.18 12:45:37.478,2.08173,2.08209,2.25,1.05
2012.05.18 12:45:37.689,2.08174,2.08222,1.80,1.05
2012.05.18 12:45:38.123,2.08161,2.08208,1.80,1.05
2012.05.18 12:45:38.275,2.08182,2.08208,1.50,1.05
2012.05.18 12:45:38.351,2.08179,2.08208,1.50,1.05
2012.05.18 12:45:38.418,2.08161,2.08208,1.80,1.05
2012.05.18 12:45:39.438,2.08174,2.08222,1.05,1.05
2012.05.18 12:45:39.509,2.08178,2.08222,1.50,1.05
2012.05.18 12:45:39.896,2.08178,2.08209,1.50,1.05
2012.05.18 12:45:40.108,2.08188,2.08235,1.05,1.05
2012.05.18 12:45:40.436,2.08202,2.08249,1.05,1.05
2012.05.18 12:45:41.067,2.08192,2.08239,1.50,1.05
2012.05.18 12:45:41.367,2.08186,2.08239,1.50,1.05
2012.05.18 12:45:42.008,2.08193,2.08239,1.50,1.05
2012.05.18 12:45:42.318,2.08202,2.08262,1.50,1.05
2012.05.18 12:45:42.390,2.08207,2.08262,1.50,1.05
2012.05.18 12:45:42.730,2.08209,2.08267,1.05,1.80
2012.05.18 12:45:42.858,2.08209,2.08267,1.05,1.05
2012.05.18 12:45:43.149,2.08215,2.08267,1.50,1.43
2012.05.18 12:45:43.218,2.08209,2.08266,1.05,1.13
2012.05.18 12:45:43.285,2.08208,2.08249,1.50,1.05
2012.05.18 12:45:43.921,2.08206,2.08249,1.50,1.05
2012.05.18 12:45:47.007,2.08202,2.08249,1.05,1.05
2012.05.18 12:45:55.203,2.08199,2.08247,1.05,1.05
2012.05.18 12:45:56.601,2.082,2.08246,1.05,1.05
2012.05.18 12:45:56.730,2.08194,2.08243,1.50,1.05
2012.05.18 12:45:57.283,2.08196,2.08249,1.05,1.05
2012.05.18 12:46:03.349,2.08196,2.08224,1.05,1.50
2012.05.18 12:46:05.093,2.08207,2.08224,1.50,1.50
2012.05.18 12:46:05.156,2.08212,2.08249,1.50,1.80
2012.05.18 12:46:05.227,2.08212,2.08249,1.50,1.05
2012.05.18 12:46:05.425,2.08212,2.08263,1.50,1.80
2012.05.18 12:46:05.928,2.08239,2.08274,1.50,1.13
2012.05.18 12:46:06.000,2.08218,2.08266,1.05,1.80
2012.05.18 12:46:06.083,2.08214,2.08253,1.50,1.05
2012.05.18 12:46:06.467,2.08214,2.08256,1.50,1.80
2012.05.18 12:46:07.070,2.08214,2.08264,1.50,1.80
2012.05.18 12:46:07.170,2.08211,2.0826,1.05,1.50
2012.05.18 12:46:07.509,2.08196,2.08251,1.05,1.80
2012.05.18 12:46:07.639,2.08196,2.08251,1.05,1.05
2012.05.18 12:46:07.770,2.0821,2.0826,1.05,1.50
2012.05.18 12:46:07.959,2.08184,2.08239,1.05,1.05
2012.05.18 12:46:08.738,2.08187,2.08239,1.50,1.05
2012.05.18 12:46:09.098,2.08198,2.08252,1.05,1.80
2012.05.18 12:46:09.257,2.08197,2.08251,1.05,1.05
2012.05.18 12:46:09.811,2.08197,2.0825,1.05,1.05
2012.05.18 12:46:11.500,2.08197,2.08249,1.05,1.50
2012.05.18 12:46:12.017,2.08197,2.0825,1.05,1.05
2012.05.18 12:46:13.390,2.08198,2.08252,1.05,1.05
2012.05.18 12:46:13.623,2.08198,2.08252,1.05,1.80
2012.05.18 12:46:13.959,2.08189,2.08236,2.55,1.05
2012.05.18 12:46:14.915,2.08195,2.08243,1.05,1.05
2012.05.18 12:46:18.384,2.08196,2.08242,1.05,1.05
2012.05.18 12:46:20.438,2.08237,2.08255,1.05,1.13
2012.05.18 12:46:20.629,2.08237,2.0826,1.05,1.50
2012.05.18 12:46:20.819,2.08237,2.08284,1.05,1.05
2012.05.18 12:46:20.888,2.08223,2.0827,1.05,1.05
2012.05.18 12:46:21.198,2.08231,2.0828,1.05,2.25
2012.05.18 12:46:21.510,2.08237,2.0828,1.50,1.05
2012.05.18 12:46:21.977,2.08234,2.0828,1.50,1.05
2012.05.18 12:46:22.047,2.08231,2.0828,1.50,1.05
2012.05.18 12:46:22.646,2.08227,2.0828,1.88,1.05
2012.05.18 12:46:22.838,2.08256,2.08293,1.05,2.25
2012.05.18 12:46:23.036,2.08264,2.08297,1.05,1.50
2012.05.18 12:46:23.168,2.08252,2.08297,1.05,2.25
2012.05.18 12:46:23.298,2.08243,2.08292,1.05,1.80
2012.05.18 12:46:23.923,2.08223,2.08281,1.05,1.05
2012.05.18 12:46:23.993,2.08232,2.08287,1.09,1.05
2012.05.18 12:46:24.319,2.08264,2.083,1.05,1.50
2012.05.18 12:46:24.709,2.08264,2.083,1.05,2.25
2012.05.18 12:46:25.578,2.08264,2.08302,1.05,1.50
2012.05.18 12:46:25.708,2.0827,2.08302,1.05,1.50
2012.05.18 12:46:25.968,2.0827,2.08313,1.05,2.25
2012.05.18 12:46:26.902,2.0827,2.08313,1.05,1.50
2012.05.18 12:46:26.968,2.0827,2.08319,1.05,1.80
2012.05.18 12:46:27.036,2.0827,2.08301,1.05,1.50
2012.05.18 12:46:27.348,2.08284,2.08302,1.05,1.50
2012.05.18 12:46:27.477,2.08271,2.08302,1.05,1.50
2012.05.18 12:46:27.923,2.08271,2.08306,1.05,1.50
2012.05.18 12:46:27.987,2.08271,2.08318,1.05,1.80
2012.05.18 12:46:28.058,2.08271,2.08305,1.05,1.50
2012.05.18 12:46:28.506,2.08263,2.08305,1.05,2.25
2012.05.18 12:46:30.068,2.08263,2.08312,2.55,1.05
2012.05.18 12:46:30.196,2.08263,2.08312,2.55,1.80
2012.05.18 12:46:30.977,2.08258,2.08305,1.50,1.80
2012.05.18 12:46:31.167,2.08271,2.08318,1.05,1.80
2012.05.18 12:46:31.479,2.08258,2.08304,1.05,1.80
2012.05.18 12:46:31.547,2.08258,2.08299,1.05,1.50
2012.05.18 12:46:31.879,2.08269,2.08299,1.05,1.50
2012.05.18 12:46:31.946,2.08255,2.08299,1.05,1.50
2012.05.18 12:46:32.018,2.08255,2.08302,1.05,1.50
2012.05.18 12:46:32.146,2.08255,2.08298,1.05,1.50
2012.05.18 12:46:32.408,2.08256,2.08303,1.05,1.05
2012.05.18 12:46:32.656,2.08256,2.08301,1.05,1.50
2012.05.18 12:46:32.986,2.08255,2.08298,1.05,1.50
2012.05.18 12:46:33.358,2.08263,2.08298,1.05,1.50
2012.05.18 12:46:33.938,2.08263,2.08303,1.05,1.50
2012.05.18 12:46:34.126,2.08276,2.08302,1.05,1.50
2012.05.18 12:46:35.347,2.08276,2.08296,1.05,1.50
2012.05.18 12:46:35.887,2.0827,2.08296,1.05,1.50
2012.05.18 12:46:36.016,2.0827,2.08289,1.05,1.50
2012.05.18 12:46:37.701,2.0827,2.08294,1.05,1.50
2012.05.18 12:46:37.765,2.0827,2.08296,1.05,1.50
2012.05.18 12:46:40.797,2.0827,2.08298,1.05,1.50
2012.05.18 12:46:40.866,2.08255,2.08298,1.05,1.50
2012.05.18 12:46:41.406,2.08255,2.08292,1.05,1.50
2012.05.18 12:46:41.808,2.08263,2.08292,1.05,1.50
2012.05.18 12:46:42.319,2.08263,2.08278,1.05,1.50
2012.05.18 12:46:42.391,2.08229,2.08278,1.05,1.50
2012.05.18 12:46:42.516,2.08229,2.08273,1.05,1.50
2012.05.18 12:46:42.846,2.08229,2.08278,1.05,3.00
2012.05.18 12:46:45.476,2.08247,2.08282,1.50,1.50
2012.05.18 12:46:45.546,2.08247,2.08286,1.50,1.80
2012.05.18 12:46:45.616,2.08247,2.08284,1.50,1.13
2012.05.18 12:46:45.927,2.08221,2.08247,1.05,1.50
2012.05.18 12:46:46.116,2.08201,2.08247,1.05,1.50
2012.05.18 12:46:46.247,2.08222,2.08248,1.05,1.50
2012.05.18 12:46:47.637,2.08222,2.08252,1.05,1.50
2012.05.18 12:46:47.708,2.08222,2.08269,1.05,1.05
2012.05.18 12:46:47.899,2.08228,2.08283,1.05,1.50
2012.05.18 12:46:47.966,2.08228,2.08287,1.05,1.05
2012.05.18 12:46:49.114,2.08228,2.08287,1.05,1.80
2012.05.18 12:46:49.568,2.08228,2.08283,1.05,1.50
2012.05.18 12:46:50.277,2.08236,2.08283,1.05,1.50
2012.05.18 12:46:51.681,2.08228,2.08283,1.05,1.50
2012.05.18 12:46:57.218,2.08232,2.08283,1.05,1.50
2012.05.18 12:46:57.540,2.08242,2.08291,1.05,1.50
2012.05.18 12:46:57.851,2.08247,2.08294,1.05,2.25
2012.05.18 12:46:58.190,2.08247,2.08282,1.05,1.50
2012.05.18 12:47:01.018,2.08247,2.08288,1.05,1.50
2012.05.18 12:47:01.099,2.08254,2.08288,1.05,1.50
2012.05.18 12:47:01.986,2.08254,2.08293,1.05,1.50
2012.05.18 12:47:02.455,2.08254,2.08299,1.05,1.50
2012.05.18 12:47:03.120,2.08254,2.083,1.05,1.05
2012.05.18 12:47:04.617,2.08247,2.08294,1.05,1.05
2012.05.18 12:47:06.269,2.08261,2.08303,1.05,1.88
2012.05.18 12:47:08.426,2.08261,2.08303,1.05,1.50
2012.05.18 12:47:08.616,2.08267,2.08303,1.05,1.50
2012.05.18 12:47:10.117,2.08267,2.08302,1.05,1.09
2012.05.18 12:47:10.490,2.08248,2.08294,1.05,1.80
2012.05.18 12:47:10.558,2.08248,2.0829,1.05,1.50
2012.05.18 12:47:10.639,2.08248,2.08294,1.05,1.05
2012.05.18 12:47:10.710,2.08253,2.08299,1.05,1.88
2012.05.18 12:47:10.867,2.0825,2.08297,1.05,1.43
2012.05.18 12:47:10.942,2.08254,2.08299,1.05,1.88
2012.05.18 12:47:11.250,2.08247,2.08292,1.05,1.88
2012.05.18 12:47:14.152,2.08247,2.08301,1.05,1.80
2012.05.18 12:47:14.401,2.08251,2.08302,1.05,2.03
2012.05.18 12:47:14.588,2.0825,2.08306,1.05,1.05
2012.05.18 12:47:14.661,2.08256,2.08306,1.05,1.05
2012.05.18 12:47:15.017,2.08262,2.08312,1.05,2.25
2012.05.18 12:47:15.362,2.08262,2.08324,1.05,1.13
2012.05.18 12:47:15.897,2.08262,2.08315,1.05,1.50
2012.05.18 12:47:16.149,2.0825,2.08297,1.05,1.05
2012.05.18 12:47:16.277,2.08262,2.08313,1.05,2.25
2012.05.18 12:47:16.410,2.08264,2.08321,1.05,1.88
2012.05.18 12:47:16.658,2.08269,2.08324,1.50,1.13
2012.05.18 12:47:17.279,2.08266,2.08324,1.05,1.13
2012.05.18 12:47:17.353,2.08266,2.08321,1.05,1.13
2012.05.18 12:47:18.929,2.08261,2.08314,1.05,1.50
2012.05.18 12:47:23.595,2.08261,2.08314,1.05,1.50
2012.05.18 12:47:23.727,2.08255,2.08305,1.05,1.13
2012.05.18 12:47:30.398,2.08249,2.08305,2.55,2.55
2012.05.18 12:47:33.356,2.08249,2.08305,1.05,2.55
2012.05.18 12:47:33.547,2.08249,2.08302,1.05,1.50
2012.05.18 12:47:33.858,2.0825,2.08305,1.50,3.30
2012.05.18 12:47:34.478,2.08249,2.08304,1.05,2.25
2012.05.18 12:47:41.970,2.08255,2.08305,1.05,1.13
2012.05.18 12:47:42.280,2.08255,2.08299,1.05,2.25
2012.05.18 12:47:42.787,2.08254,2.08294,1.05,1.88
2012.05.18 12:47:43.938,2.08249,2.08295,1.05,1.50
2012.05.18 12:47:44.310,2.08242,2.08292,1.05,1.43
2012.05.18 12:47:44.413,2.08244,2.08295,1.05,2.25
2012.05.18 12:47:49.031,2.08238,2.08291,1.05,1.88
2012.05.18 12:47:52.318,2.08238,2.08285,1.05,1.50
2012.05.18 12:47:52.839,2.08239,2.08285,1.05,1.50
2012.05.18 12:47:53.416,2.08239,2.08289,1.05,1.88
2012.05.18 12:47:58.337,2.08239,2.08295,1.05,2.55
2012.05.18 12:47:58.547,2.08235,2.08283,1.05,1.43
2012.05.18 12:47:58.809,2.08243,2.08293,1.05,2.25
2012.05.18 12:47:58.949,2.08243,2.08293,1.05,1.50
2012.05.18 12:47:59.523,2.08243,2.08299,1.05,1.80
2012.05.18 12:48:01.649,2.08243,2.08299,1.05,1.05
2012.05.18 12:48:01.837,2.0825,2.08301,1.05,1.88
2012.05.18 12:48:02.417,2.0825,2.08301,1.05,2.25
2012.05.18 12:48:02.589,2.08242,2.083,1.05,1.80
2012.05.18 12:48:03.586,2.08242,2.083,1.05,2.93
2012.05.18 12:48:03.680,2.08249,2.08296,1.05,1.05
2012.05.18 12:48:04.611,2.08249,2.08289,1.05,1.50
2012.05.18 12:48:04.927,2.08263,2.08299,1.05,1.50
2012.05.18 12:48:05.070,2.08263,2.0831,1.05,1.43
2012.05.18 12:48:05.490,2.08277,2.08315,1.05,1.65
2012.05.18 12:48:05.557,2.08277,2.08315,1.05,1.50
2012.05.18 12:48:05.628,2.08277,2.08315,1.05,2.25
2012.05.18 12:48:05.758,2.08263,2.0831,1.05,1.43
2012.05.18 12:48:05.948,2.08263,2.08304,1.05,1.50
2012.05.18 12:48:06.259,2.08263,2.08306,1.05,1.50
2012.05.18 12:48:06.450,2.0827,2.08306,1.05,1.50
2012.05.18 12:48:07.343,2.0827,2.08307,1.05,2.25
2012.05.18 12:48:07.412,2.0827,2.08307,1.05,1.50
2012.05.18 12:48:10.880,2.0827,2.08306,1.05,1.50
2012.05.18 12:48:10.959,2.0827,2.08302,1.05,1.50
2012.05.18 12:48:11.326,2.0827,2.08307,1.05,1.50
2012.05.18 12:48:12.514,2.0827,2.08299,1.05,1.50
2012.05.18 12:48:14.916,2.0827,2.08294,1.05,1.50
2012.05.18 12:48:15.251,2.0827,2.08288,1.05,1.50
2012.05.18 12:48:17.508,2.0827,2.08293,1.05,1.50
2012.05.18 12:48:17.576,2.0827,2.083,1.05,1.50
2012.05.18 12:48:17.999,2.0827,2.083,1.05,2.25
2012.05.18 12:48:18.382,2.0827,2.083,1.05,1.50
2012.05.18 12:48:19.140,2.0827,2.08305,1.05,2.25
2012.05.18 12:48:19.587,2.0827,2.08301,1.05,1.50
2012.05.18 12:48:21.196,2.08264,2.08301,1.05,1.50
2012.05.18 12:48:25.308,2.08264,2.08306,1.05,2.25
2012.05.18 12:48:27.022,2.08264,2.08306,1.05,1.50
2012.05.18 12:48:27.236,2.08264,2.0831,1.05,1.43
2012.05.18 12:48:28.121,2.08264,2.08307,1.05,2.25
2012.05.18 12:48:29.420,2.08264,2.08302,1.05,1.50
2012.05.18 12:48:30.591,2.08264,2.08302,1.05,2.25
2012.05.18 12:48:30.893,2.08264,2.08291,1.05,1.50
2012.05.18 12:48:30.959,2.08256,2.08291,1.05,1.50
2012.05.18 12:48:32.126,2.0825,2.08291,1.05,1.50
2012.05.18 12:48:32.196,2.0825,2.08291,1.05,2.25
2012.05.18 12:48:46.909,2.0825,2.08292,1.05,1.50
2012.05.18 12:48:46.979,2.08252,2.08292,1.05,1.50
2012.05.18 12:48:47.513,2.08252,2.08289,1.05,1.50
2012.05.18 12:48:47.817,2.0825,2.08285,1.05,2.25
2012.05.18 12:48:48.440,2.0825,2.08292,1.05,1.50
2012.05.18 12:48:48.508,2.08256,2.08292,1.05,1.50
2012.05.18 12:48:48.828,2.08249,2.08292,1.05,2.25
2012.05.18 12:48:50.060,2.08249,2.08294,1.05,1.50
2012.05.18 12:48:50.407,2.08257,2.08294,1.05,1.50
2012.05.18 12:48:52.362,2.08257,2.08288,1.05,1.50
2012.05.18 12:48:52.668,2.08249,2.08279,1.05,1.50
2012.05.18 12:48:52.940,2.08243,2.08279,1.05,1.50
2012.05.18 12:48:53.201,2.08243,2.08279,1.05,2.25
2012.05.18 12:48:53.387,2.08236,2.08272,1.05,1.50
2012.05.18 12:48:54.697,2.08236,2.08279,1.05,2.25
2012.05.18 12:48:55.247,2.08236,2.08271,1.05,1.50
2012.05.18 12:48:58.149,2.08236,2.08276,1.05,2.25
2012.05.18 12:48:58.466,2.08236,2.08284,1.05,2.25
2012.05.18 12:48:58.538,2.08243,2.08284,1.05,2.25
2012.05.18 12:48:59.719,2.08243,2.08283,1.05,1.50
2012.05.18 12:49:01.309,2.08243,2.08287,1.05,2.25
2012.05.18 12:49:03.177,2.08243,2.08285,1.05,1.50
2012.05.18 12:49:03.602,2.08258,2.08278,1.05,1.50
2012.05.18 12:49:04.266,2.08258,2.08276,1.05,1.50
2012.05.18 12:49:04.468,2.08258,2.08278,1.05,1.50
2012.05.18 12:49:04.929,2.08258,2.08272,1.05,1.50
2012.05.18 12:49:05.307,2.08255,2.08272,1.05,1.50
2012.05.18 12:49:05.383,2.08257,2.08274,1.05,2.25
2012.05.18 12:49:05.449,2.0825,2.08274,1.05,2.25
2012.05.18 12:49:05.687,2.0825,2.08279,1.05,1.50
2012.05.18 12:49:05.758,2.0825,2.08283,1.05,1.50
2012.05.18 12:49:06.040,2.08258,2.08283,1.05,1.50
2012.05.18 12:49:06.558,2.08258,2.08281,1.05,1.50
2012.05.18 12:49:06.881,2.08258,2.08277,1.05,1.50
2012.05.18 12:49:07.197,2.0825,2.08273,1.05,1.50
2012.05.18 12:49:07.272,2.0825,2.08269,1.05,1.50
2012.05.18 12:49:07.337,2.0825,2.08273,1.05,1.50
2012.05.18 12:49:08.005,2.0825,2.08272,1.05,1.50
2012.05.18 12:49:08.068,2.0825,2.08268,1.05,1.50
2012.05.18 12:49:08.207,2.0825,2.08272,1.05,1.50
2012.05.18 12:49:08.282,2.0825,2.08274,1.05,1.50
2012.05.18 12:49:08.469,2.08243,2.08277,1.05,1.50
2012.05.18 12:49:08.539,2.08243,2.08279,1.05,1.50
2012.05.18 12:49:08.844,2.08243,2.08284,1.05,1.50
2012.05.18 12:49:08.908,2.08243,2.08287,1.05,1.50
2012.05.18 12:49:08.978,2.08243,2.08284,1.05,1.13
2012.05.18 12:49:09.228,2.08238,2.08284,1.05,2.18
2012.05.18 12:49:09.426,2.08244,2.08288,1.05,1.50
2012.05.18 12:49:12.956,2.08244,2.08281,1.05,1.50
2012.05.18 12:49:14.425,2.08244,2.08287,1.05,1.50
2012.05.18 12:49:14.937,2.08244,2.08288,1.05,1.50
2012.05.18 12:49:15.126,2.08258,2.08288,1.05,1.50
2012.05.18 12:49:15.196,2.08258,2.08294,1.05,2.25
2012.05.18 12:49:15.387,2.08258,2.08286,1.05,2.25
2012.05.18 12:49:15.457,2.0825,2.08286,1.05,2.25
2012.05.18 12:49:15.709,2.0825,2.08293,1.05,1.50
2012.05.18 12:49:15.811,2.0825,2.08287,1.05,1.50
2012.05.18 12:49:16.116,2.0825,2.08284,1.05,1.50
2012.05.18 12:49:16.440,2.08269,2.08288,1.05,1.50
2012.05.18 12:49:16.508,2.08269,2.08295,1.05,1.13
2012.05.18 12:49:16.580,2.08257,2.08295,1.05,1.50
2012.05.18 12:49:16.648,2.08244,2.08291,1.05,1.43
2012.05.18 12:49:17.426,2.08241,2.08289,1.05,1.88
2012.05.18 12:49:17.698,2.0825,2.08296,1.05,1.88
2012.05.18 12:49:19.568,2.0825,2.08299,1.05,1.05
2012.05.18 12:49:19.848,2.08258,2.08301,1.05,1.50
2012.05.18 12:49:22.737,2.08258,2.08304,1.05,2.18
2012.05.18 12:49:24.905,2.08258,2.08304,1.05,1.80
2012.05.18 12:49:24.976,2.0827,2.08307,1.05,2.25
2012.05.18 12:49:25.231,2.0827,2.08315,1.05,2.55
2012.05.18 12:49:26.014,2.0827,2.08315,1.05,1.80
2012.05.18 12:49:28.669,2.0827,2.08308,1.05,1.50
2012.05.18 12:49:29.309,2.08265,2.08308,1.05,1.50
2012.05.18 12:49:30.147,2.08265,2.08308,1.05,2.25
2012.05.18 12:49:30.217,2.08257,2.08304,1.05,1.13
2012.05.18 12:49:30.407,2.08257,2.08306,1.05,1.05
2012.05.18 12:49:30.648,2.08265,2.08308,1.05,1.50
2012.05.18 12:49:42.090,2.08265,2.08308,1.05,2.25
2012.05.18 12:49:42.217,2.08257,2.08302,1.05,1.50
2012.05.18 12:49:42.347,2.08257,2.08302,1.05,1.88
2012.05.18 12:49:42.619,2.0825,2.08299,1.05,1.43
2012.05.18 12:49:42.951,2.08257,2.08302,1.05,1.88
2012.05.18 12:49:43.392,2.0825,2.08299,1.05,1.43
2012.05.18 12:49:45.820,2.08253,2.08302,1.05,2.93
2012.05.18 12:49:45.947,2.08251,2.08298,1.05,1.43
2012.05.18 12:49:46.676,2.08251,2.08294,1.05,1.50
2012.05.18 12:49:47.657,2.08251,2.08292,1.05,1.50
2012.05.18 12:49:47.845,2.08251,2.08295,1.05,1.50
2012.05.18 12:49:48.966,2.08265,2.08295,1.05,1.50
2012.05.18 12:49:49.581,2.08265,2.08296,1.05,1.50
2012.05.18 12:49:49.990,2.08265,2.08303,1.05,1.50
2012.05.18 12:49:50.061,2.08262,2.08303,1.05,1.50
2012.05.18 12:49:50.190,2.08262,2.0831,1.05,1.50
2012.05.18 12:49:50.318,2.08278,2.0831,1.05,1.50
2012.05.18 12:49:50.451,2.08278,2.0832,1.05,1.80
2012.05.18 12:49:50.519,2.08278,2.08323,1.05,1.13
2012.05.18 12:49:50.850,2.08286,2.08324,1.05,2.25
2012.05.18 12:49:51.044,2.08278,2.08325,1.05,2.18
2012.05.18 12:49:51.229,2.08278,2.08321,1.05,1.50
2012.05.18 12:49:51.419,2.08278,2.08325,1.05,2.18
2012.05.18 12:49:51.489,2.08276,2.08325,1.05,1.80
2012.05.18 12:49:51.737,2.08285,2.08325,1.05,2.25
2012.05.18 12:49:52.066,2.08285,2.08318,1.05,1.50
2012.05.18 12:49:52.622,2.08285,2.08323,1.05,1.50
2012.05.18 12:49:52.689,2.08285,2.08325,1.05,2.25
2012.05.18 12:49:53.174,2.08285,2.08325,1.05,2.25
2012.05.18 12:49:53.358,2.08278,2.08323,1.05,1.13
2012.05.18 12:49:55.280,2.08277,2.08323,1.05,1.13
2012.05.18 12:50:00.745,2.08277,2.08317,1.05,2.25
2012.05.18 12:50:00.882,2.08277,2.08317,1.05,1.50
2012.05.18 12:50:00.950,2.08264,2.08313,1.05,1.05
2012.05.18 12:50:01.017,2.08268,2.08314,1.05,1.05
2012.05.18 12:50:01.329,2.08269,2.08309,1.05,1.50
2012.05.18 12:50:01.656,2.08278,2.08309,1.05,1.50
2012.05.18 12:50:02.134,2.08278,2.08314,1.05,1.50
2012.05.18 12:50:02.198,2.08278,2.08325,1.05,3.68
2012.05.18 12:50:02.758,2.08276,2.08323,1.05,1.88
2012.05.18 12:50:02.979,2.08278,2.08323,1.05,1.88
2012.05.18 12:50:04.260,2.08278,2.08323,1.05,2.63
2012.05.18 12:50:04.391,2.08278,2.08318,1.05,1.50
2012.05.18 12:50:08.839,2.08278,2.08325,1.05,2.18
2012.05.18 12:50:09.340,2.08275,2.08323,1.05,1.43
2012.05.18 12:50:11.600,2.08275,2.08281,1.05,1.50
2012.05.18 12:50:12.189,2.08275,2.08285,1.05,1.50
2012.05.18 12:50:12.293,2.08275,2.08323,1.05,1.43
2012.05.18 12:50:12.387,2.08277,2.08324,1.05,1.43
2012.05.18 12:50:13.812,2.08277,2.08324,1.05,1.05
2012.05.18 12:50:14.166,2.08291,2.08333,1.05,2.25
2012.05.18 12:50:21.862,2.08291,2.08333,1.05,2.25
2012.05.18 12:50:22.170,2.08277,2.08307,1.05,1.50
2012.05.18 12:50:22.307,2.08277,2.08301,1.05,1.50
2012.05.18 12:50:23.174,2.08278,2.08301,1.05,1.50
2012.05.18 12:50:23.671,2.08279,2.08308,1.05,2.25
2012.05.18 12:50:24.058,2.08257,2.08314,1.05,1.13
2012.05.18 12:50:24.340,2.08257,2.08316,1.05,3.30
2012.05.18 12:50:24.407,2.08257,2.08316,1.05,2.55
2012.05.18 12:50:24.596,2.08262,2.08316,1.05,1.50
2012.05.18 12:50:25.098,2.08262,2.08314,1.05,1.50
2012.05.18 12:50:25.487,2.08262,2.08304,1.05,1.50
2012.05.18 12:50:25.617,2.08262,2.08312,1.05,1.50
2012.05.18 12:50:26.044,2.08262,2.08306,1.05,1.50
2012.05.18 12:50:27.917,2.08262,2.08306,1.05,2.25
2012.05.18 12:50:28.729,2.08262,2.08306,1.05,1.50
2012.05.18 12:50:29.200,2.08262,2.08311,1.05,1.50
2012.05.18 12:50:29.827,2.08262,2.08315,1.05,1.50
2012.05.18 12:50:29.897,2.08262,2.08318,1.05,1.88
2012.05.18 12:50:30.151,2.08262,2.0831,1.05,1.50
2012.05.18 12:50:30.709,2.08271,2.0831,1.05,1.50
2012.05.18 12:50:31.458,2.08291,2.0832,1.05,1.50
2012.05.18 12:50:32.287,2.08284,2.08327,1.05,1.50
2012.05.18 12:50:32.650,2.08284,2.08327,1.05,2.25
2012.05.18 12:50:32.960,2.08287,2.08307,1.05,1.50
2012.05.18 12:50:33.029,2.08264,2.08307,1.05,1.50
2012.05.18 12:50:33.131,2.08264,2.083,1.05,1.50
2012.05.18 12:50:33.534,2.08264,2.08296,1.05,1.50
2012.05.18 12:50:33.859,2.08264,2.08301,1.05,1.50
2012.05.18 12:50:34.399,2.08264,2.08307,1.05,1.50
2012.05.18 12:50:36.600,2.08264,2.08307,1.05,2.25
2012.05.18 12:50:37.051,2.08264,2.08301,1.05,1.50
2012.05.18 12:50:37.180,2.08258,2.08301,1.05,1.50
2012.05.18 12:50:37.247,2.08258,2.08304,1.05,1.43
2012.05.18 12:50:38.094,2.08258,2.08294,1.05,1.50
2012.05.18 12:50:39.050,2.08258,2.08287,1.05,1.50
2012.05.18 12:50:39.177,2.08254,2.08292,1.05,1.50
2012.05.18 12:50:39.247,2.08254,2.08297,1.05,1.50
2012.05.18 12:50:39.318,2.08261,2.08297,1.05,1.50
2012.05.18 12:50:39.627,2.08255,2.08294,1.05,1.50
2012.05.18 12:50:39.697,2.08255,2.08302,1.05,3.30
2012.05.18 12:50:42.441,2.08253,2.08301,1.05,1.80
2012.05.18 12:50:43.931,2.08258,2.08303,1.05,2.25
2012.05.18 12:50:44.056,2.0825,2.08299,1.05,1.43
2012.05.18 12:50:44.320,2.0825,2.08295,1.05,1.09
2012.05.18 12:50:44.649,2.08236,2.08271,1.50,1.43
2012.05.18 12:50:44.737,2.08223,2.08271,1.05,1.43
2012.05.18 12:50:45.158,2.08223,2.08271,1.05,1.05
2012.05.18 12:50:45.254,2.08226,2.08275,1.05,2.25
2012.05.18 12:50:45.833,2.08225,2.08273,1.05,1.05
2012.05.18 12:50:46.156,2.08223,2.0827,1.05,1.88
2012.05.18 12:50:54.494,2.08223,2.08263,1.05,1.50
2012.05.18 12:50:55.416,2.08223,2.08271,1.05,2.93
2012.05.18 12:51:00.638,2.08223,2.08271,1.05,1.05
2012.05.18 12:51:00.968,2.08251,2.08282,1.05,1.50
2012.05.18 12:51:01.096,2.08251,2.08288,1.05,1.50
2012.05.18 12:51:01.409,2.08246,2.08288,1.05,1.50
2012.05.18 12:51:01.539,2.08244,2.08288,1.05,1.50
2012.05.18 12:51:01.667,2.08242,2.08288,1.05,1.50
2012.05.18 12:51:01.738,2.08236,2.08283,1.05,1.05
2012.05.18 12:51:01.870,2.08239,2.08288,1.05,1.05
2012.05.18 12:51:02.248,2.08239,2.08286,1.05,1.50
2012.05.18 12:51:02.591,2.08241,2.08286,1.05,1.50
2012.05.18 12:51:02.669,2.08241,2.08292,1.05,1.88
2012.05.18 12:51:04.330,2.08241,2.08284,1.05,1.50
2012.05.18 12:51:04.470,2.08241,2.0829,1.05,1.88
2012.05.18 12:51:04.886,2.08241,2.08284,1.05,1.50
2012.05.18 12:51:07.455,2.08241,2.08289,1.05,1.88
2012.05.18 12:51:08.144,2.0824,2.08289,1.05,1.13
2012.05.18 12:51:08.419,2.08239,2.08287,1.05,1.05
2012.05.18 12:51:12.490,2.08238,2.08289,1.05,1.05
2012.05.18 12:51:12.617,2.0825,2.08288,1.05,1.50
2012.05.18 12:51:13.000,2.0825,2.08282,1.05,1.50
2012.05.18 12:51:13.743,2.0825,2.08288,1.05,1.50
2012.05.18 12:51:15.109,2.0825,2.08288,1.05,1.88
2012.05.18 12:51:15.242,2.0825,2.08287,1.05,1.13
2012.05.18 12:51:15.309,2.08236,2.08285,1.05,1.80
2012.05.18 12:51:15.379,2.08236,2.08285,1.05,2.55
2012.05.18 12:51:15.509,2.08223,2.08271,1.05,1.05
2012.05.18 12:51:16.220,2.08223,2.08271,1.05,1.43
2012.05.18 12:51:20.147,2.08221,2.08268,1.05,1.05
2012.05.18 12:51:20.585,2.08221,2.0827,1.05,1.43
2012.05.18 12:51:20.692,2.08223,2.08271,1.05,1.43
2012.05.18 12:51:22.161,2.08221,2.08268,1.05,1.05
2012.05.18 12:51:22.501,2.08245,2.08274,1.05,1.50
2012.05.18 12:51:22.870,2.08239,2.08274,1.05,1.50
2012.05.18 12:51:23.010,2.08239,2.08278,1.05,1.50
2012.05.18 12:51:23.083,2.08249,2.08278,1.05,1.50
2012.05.18 12:51:23.208,2.08249,2.0828,1.05,1.50
2012.05.18 12:51:23.276,2.08249,2.08288,1.05,1.50
2012.05.18 12:51:23.347,2.08249,2.08297,1.05,1.77
2012.05.18 12:51:24.300,2.0825,2.08299,1.05,1.43
2012.05.18 12:51:24.713,2.0825,2.08295,1.05,1.50
2012.05.18 12:51:24.932,2.0825,2.08299,1.05,2.55
2012.05.18 12:51:24.998,2.08257,2.08301,1.05,1.88
2012.05.18 12:51:25.189,2.08257,2.08304,1.05,1.13
2012.05.18 12:51:31.271,2.08257,2.08302,1.05,1.50
2012.05.18 12:51:31.341,2.08242,2.08292,1.05,1.05
2012.05.18 12:51:31.622,2.08246,2.08292,1.05,1.05
2012.05.18 12:51:31.688,2.0824,2.08287,1.05,1.05
2012.05.18 12:51:31.870,2.0825,2.08296,1.05,1.05
2012.05.18 12:51:32.172,2.08241,2.08296,1.05,1.80
2012.05.18 12:51:32.417,2.08241,2.08296,1.05,1.05
2012.05.18 12:51:32.669,2.08267,2.08304,1.05,2.25
2012.05.18 12:51:32.997,2.08267,2.0831,1.05,1.50
2012.05.18 12:51:33.541,2.08267,2.08306,1.05,1.50
2012.05.18 12:51:34.583,2.08268,2.08302,1.05,1.50
2012.05.18 12:51:34.991,2.08268,2.08308,1.05,1.50
2012.05.18 12:51:35.057,2.08264,2.08308,1.05,1.50
2012.05.18 12:51:35.282,2.08264,2.08311,1.05,1.05
2012.05.18 12:51:35.725,2.08267,2.08314,1.05,1.50
2012.05.18 12:51:36.057,2.08267,2.08307,1.05,1.50
2012.05.18 12:51:36.802,2.08267,2.08307,1.05,2.25
2012.05.18 12:51:37.122,2.08247,2.08307,1.05,1.88
2012.05.18 12:51:37.190,2.08247,2.08299,1.05,1.50
2012.05.18 12:51:37.520,2.08248,2.08286,1.05,1.50
2012.05.18 12:51:37.622,2.08248,2.08291,1.05,1.50
2012.05.18 12:51:38.666,2.08247,2.08291,1.05,1.50
2012.05.18 12:51:41.237,2.08247,2.08297,1.05,1.50
2012.05.18 12:51:42.523,2.08243,2.08297,1.05,1.50
2012.05.18 12:51:42.732,2.08247,2.08297,1.05,1.50
2012.05.18 12:51:42.918,2.08248,2.08301,1.05,1.50
2012.05.18 12:51:43.100,2.08248,2.08303,1.05,1.88
2012.05.18 12:51:48.609,2.08242,2.083,1.05,1.05
2012.05.18 12:51:48.741,2.08242,2.08298,1.05,1.50
2012.05.18 12:51:49.199,2.08261,2.08298,1.05,1.50
2012.05.18 12:51:49.274,2.08256,2.0831,1.05,1.80
2012.05.18 12:51:49.871,2.08254,2.08306,1.05,1.43
2012.05.18 12:51:50.137,2.08254,2.08306,1.05,1.05
2012.05.18 12:51:50.208,2.08267,2.08312,1.05,1.50
2012.05.18 12:51:50.724,2.08267,2.08313,1.05,1.50
2012.05.18 12:51:53.625,2.08268,2.08313,1.05,1.50
2012.05.18 12:51:54.208,2.08268,2.08313,1.05,2.25
2012.05.18 12:51:54.280,2.08254,2.08311,1.05,1.80
2012.05.18 12:51:54.712,2.08254,2.08311,1.05,1.43
2012.05.18 12:51:54.780,2.08256,2.0831,1.05,1.05
2012.05.18 12:51:55.162,2.08256,2.08305,1.05,2.25
2012.05.18 12:51:55.526,2.08264,2.08311,1.05,1.13
2012.05.18 12:51:57.064,2.08264,2.08304,1.05,1.50
2012.05.18 12:51:57.189,2.08253,2.08303,1.50,1.80
2012.05.18 12:51:57.321,2.08244,2.08303,1.05,1.80
2012.05.18 12:52:01.618,2.08244,2.083,1.05,1.05
2012.05.18 12:52:01.928,2.08263,2.08302,1.05,1.50
2012.05.18 12:52:01.999,2.08263,2.08306,1.05,1.50
2012.05.18 12:52:02.274,2.08263,2.08302,1.05,1.50
2012.05.18 12:52:03.637,2.08263,2.08299,1.05,1.50
2012.05.18 12:52:04.072,2.08263,2.08295,1.05,1.50
2012.05.18 12:52:04.136,2.08263,2.08302,1.05,1.50
2012.05.18 12:52:04.267,2.08263,2.0831,1.05,1.50
2012.05.18 12:52:05.799,2.08265,2.0831,1.05,1.50
2012.05.18 12:52:06.160,2.08265,2.08307,1.05,1.50
2012.05.18 12:52:06.656,2.08264,2.08304,1.05,1.50
2012.05.18 12:52:07.108,2.08267,2.08304,1.05,1.50
2012.05.18 12:52:07.230,2.08267,2.08307,1.05,1.50
2012.05.18 12:52:07.296,2.08267,2.0831,1.05,1.50
2012.05.18 12:52:07.430,2.08265,2.0831,1.05,1.50
2012.05.18 12:52:09.242,2.08265,2.08303,1.05,1.50
2012.05.18 12:52:09.800,2.08278,2.08311,1.05,2.25
2012.05.18 12:52:09.999,2.08252,2.08292,1.05,1.50
2012.05.18 12:52:10.130,2.08251,2.08295,1.05,1.50
2012.05.18 12:52:10.273,2.08251,2.08289,1.05,1.50
2012.05.18 12:52:10.581,2.08249,2.08289,1.05,1.50
2012.05.18 12:52:10.989,2.08242,2.08289,1.05,1.50
2012.05.18 12:52:12.599,2.08239,2.0829,1.05,1.43
2012.05.18 12:52:13.120,2.08248,2.0829,1.50,2.55
2012.05.18 12:52:13.367,2.08252,2.08306,1.50,1.43
2012.05.18 12:52:13.437,2.08252,2.08306,1.50,1.05
2012.05.18 12:52:13.508,2.08262,2.08306,1.50,1.05
2012.05.18 12:52:13.818,2.08295,2.08344,1.05,1.80
2012.05.18 12:52:14.132,2.08308,2.08355,1.05,2.63
2012.05.18 12:52:15.092,2.08308,2.08333,1.05,1.50
2012.05.18 12:52:16.240,2.08308,2.08328,1.05,1.50
2012.05.18 12:52:18.508,2.08304,2.08328,1.05,1.50
2012.05.18 12:52:22.545,2.08308,2.08328,1.05,1.50
2012.05.18 12:52:22.608,2.08308,2.08337,1.05,1.50
2012.05.18 12:52:22.738,2.08308,2.08347,1.05,2.25
2012.05.18 12:52:23.541,2.08309,2.08347,1.05,2.25
2012.05.18 12:52:23.707,2.08309,2.08347,1.05,1.50
2012.05.18 12:52:24.438,2.08308,2.08347,1.05,1.50
2012.05.18 12:52:24.607,2.08308,2.08342,1.05,1.50
2012.05.18 12:52:24.987,2.08308,2.08338,1.05,1.50
2012.05.18 12:52:26.289,2.08317,2.08338,1.05,1.50
2012.05.18 12:52:29.915,2.08317,2.08344,1.05,1.50
2012.05.18 12:52:31.486,2.08317,2.08347,1.05,1.50
2012.05.18 12:52:31.917,2.08317,2.08345,1.05,1.50
2012.05.18 12:52:33.123,2.0832,2.08345,1.05,1.50
2012.05.18 12:52:33.441,2.08317,2.08345,1.05,1.50
2012.05.18 12:52:33.539,2.0832,2.08345,1.05,1.50
2012.05.18 12:52:33.744,2.0832,2.08347,1.05,1.50
2012.05.18 12:52:34.928,2.0832,2.08345,1.05,1.50
2012.05.18 12:52:35.610,2.0831,2.08345,1.05,1.50
2012.05.18 12:52:35.708,2.08308,2.08345,1.05,1.50
2012.05.18 12:52:36.879,2.08308,2.08345,1.05,2.25
2012.05.18 12:52:37.617,2.08308,2.08345,1.05,1.50
2012.05.18 12:52:39.377,2.08317,2.08345,1.05,1.50
2012.05.18 12:52:41.250,2.08317,2.08349,1.05,1.50
2012.05.18 12:52:41.449,2.08319,2.0835,1.05,1.50
2012.05.18 12:52:45.508,2.08319,2.0835,1.05,2.25
2012.05.18 12:52:46.579,2.08319,2.08343,1.05,1.50
2012.05.18 12:52:49.477,2.08319,2.08349,1.05,1.50
2012.05.18 12:52:50.351,2.08319,2.08357,1.05,2.25
2012.05.18 12:52:52.257,2.08319,2.08353,1.05,1.50
2012.05.18 12:52:55.092,2.08319,2.08353,1.05,1.88
2012.05.18 12:52:55.398,2.08306,2.08352,1.05,1.43
2012.05.18 12:52:56.394,2.08306,2.08352,1.05,1.05
2012.05.18 12:52:56.518,2.08318,2.0836,1.05,2.25
2012.05.18 12:52:57.222,2.08318,2.08366,1.05,1.88
2012.05.18 12:52:57.349,2.08318,2.08361,1.05,1.50
2012.05.18 12:52:58.251,2.08318,2.08358,1.05,1.50
2012.05.18 12:52:58.558,2.08318,2.0834,1.05,1.50
2012.05.18 12:52:59.390,2.08318,2.08345,1.05,1.50
2012.05.18 12:52:59.518,2.08318,2.0835,1.05,1.50
2012.05.18 12:52:59.648,2.08318,2.08347,1.05,1.50
2012.05.18 12:53:00.852,2.08318,2.08342,1.05,1.50
2012.05.18 12:53:01.169,2.08318,2.08344,1.05,2.25
2012.05.18 12:53:01.240,2.08292,2.08338,1.05,1.43
2012.05.18 12:53:01.310,2.08303,2.08338,1.50,1.43
2012.05.18 12:53:01.835,2.08299,2.08308,1.05,1.50
2012.05.18 12:53:01.917,2.08272,2.08295,1.05,1.50
2012.05.18 12:53:01.990,2.08276,2.08295,1.05,1.50
2012.05.18 12:53:02.355,2.08276,2.08299,1.05,1.50
2012.05.18 12:53:02.418,2.08276,2.08307,1.05,1.50
2012.05.18 12:53:02.969,2.08276,2.08303,1.05,1.50
2012.05.18 12:53:03.289,2.08276,2.08288,1.05,1.50
2012.05.18 12:53:03.360,2.08272,2.08288,1.05,1.50
2012.05.18 12:53:03.434,2.08272,2.08324,1.05,1.88
2012.05.18 12:53:03.697,2.08272,2.08328,1.05,1.05
2012.05.18 12:53:03.768,2.08275,2.0832,1.05,1.50
2012.05.18 12:53:03.900,2.08275,2.08327,1.05,1.50
2012.05.18 12:53:04.217,2.08275,2.08333,1.05,1.50
2012.05.18 12:53:07.228,2.08275,2.08331,1.05,1.50
2012.05.18 12:53:09.167,2.08275,2.08328,1.05,1.50
2012.05.18 12:53:11.923,2.08275,2.08331,1.05,1.50
2012.05.18 12:53:11.988,2.08275,2.08334,1.05,1.50
2012.05.18 12:53:12.192,2.08275,2.08334,1.05,2.25
2012.05.18 12:53:13.040,2.08276,2.08334,1.05,2.25
2012.05.18 12:53:17.691,2.08276,2.08334,1.05,1.50
2012.05.18 12:53:17.783,2.08276,2.08338,1.05,1.88
2012.05.18 12:53:19.132,2.08276,2.08339,1.05,1.50
2012.05.18 12:53:19.479,2.08306,2.08339,1.05,1.50
2012.05.18 12:53:19.787,2.08298,2.08339,1.05,1.50
2012.05.18 12:53:19.859,2.08298,2.08329,1.05,1.50
2012.05.18 12:53:20.073,2.08298,2.08334,1.05,1.50
2012.05.18 12:53:20.297,2.08298,2.08329,1.05,1.50
2012.05.18 12:53:20.497,2.08298,2.08333,1.05,1.50
2012.05.18 12:53:20.571,2.08298,2.08335,1.05,1.50
2012.05.18 12:53:20.702,2.08298,2.08345,1.05,1.50
2012.05.18 12:53:20.769,2.08298,2.08339,1.05,1.50
2012.05.18 12:53:20.840,2.08298,2.08343,1.05,1.50
2012.05.18 12:53:20.908,2.08319,2.08343,1.05,1.50
2012.05.18 12:53:21.048,2.08319,2.08347,1.05,1.50
2012.05.18 12:53:21.120,2.08319,2.08351,1.05,1.50
2012.05.18 12:53:21.188,2.08319,2.08349,1.05,1.50
2012.05.18 12:53:22.361,2.08319,2.08348,1.05,1.50
2012.05.18 12:53:22.488,2.08319,2.08357,1.05,1.50
2012.05.18 12:53:22.689,2.08319,2.08357,1.05,2.25
2012.05.18 12:53:23.142,2.08319,2.08357,1.05,1.50
2012.05.18 12:53:23.331,2.08319,2.08354,1.05,1.50
2012.05.18 12:53:23.818,2.08319,2.08349,1.05,1.50
2012.05.18 12:53:23.948,2.08319,2.08354,1.05,1.50
2012.05.18 12:53:25.085,2.08319,2.08347,1.05,1.50
2012.05.18 12:53:25.533,2.08319,2.08352,1.05,1.50
2012.05.18 12:53:26.485,2.08319,2.08353,1.05,1.50
2012.05.18 12:53:29.228,2.08319,2.08349,1.05,1.50
2012.05.18 12:53:31.098,2.08319,2.08354,1.05,2.25
2012.05.18 12:53:31.598,2.08319,2.08354,1.05,1.88
2012.05.18 12:53:31.669,2.08307,2.08355,1.05,1.13
2012.05.18 12:53:35.177,2.08307,2.08356,1.05,1.05
2012.05.18 12:53:35.429,2.08321,2.08363,1.05,1.88
2012.05.18 12:53:35.972,2.08318,2.08363,1.05,1.88
2012.05.18 12:53:36.471,2.08318,2.08361,1.05,1.50
2012.05.18 12:53:36.798,2.0832,2.08361,1.05,1.50
2012.05.18 12:53:37.170,2.08318,2.08361,1.05,1.50
2012.05.18 12:53:38.374,2.08318,2.08361,1.05,1.88
2012.05.18 12:53:38.439,2.08316,2.08361,1.05,1.88
2012.05.18 12:53:38.508,2.08313,2.0836,1.05,1.43
2012.05.18 12:53:38.779,2.08326,2.08361,1.05,1.50
2012.05.18 12:53:38.970,2.08326,2.08366,1.05,2.25
2012.05.18 12:53:39.555,2.08326,2.08366,1.05,1.50
2012.05.18 12:53:39.847,2.08326,2.08366,1.05,2.25
2012.05.18 12:53:40.167,2.08312,2.08348,1.05,1.50
2012.05.18 12:53:40.720,2.08312,2.08353,1.05,1.50
2012.05.18 12:53:41.835,2.08326,2.08353,1.05,1.50
2012.05.18 12:53:42.129,2.08326,2.08365,1.05,1.50
2012.05.18 12:53:42.205,2.08326,2.08362,1.05,1.50
2012.05.18 12:53:42.514,2.08326,2.08359,1.05,1.50
2012.05.18 12:53:42.700,2.08324,2.08366,1.05,2.25
2012.05.18 12:53:42.828,2.08319,2.08366,1.05,2.25
2012.05.18 12:53:42.900,2.08319,2.08366,1.05,1.88
2012.05.18 12:53:43.032,2.08319,2.08354,1.05,1.50
2012.05.18 12:53:43.580,2.08323,2.08354,1.05,1.50
2012.05.18 12:53:43.651,2.08323,2.08358,1.05,1.50
2012.05.18 12:53:43.720,2.0832,2.08359,1.05,1.50
2012.05.18 12:53:44.798,2.0832,2.08364,1.05,3.00
2012.05.18 12:53:45.017,2.0832,2.0836,1.05,1.50
2012.05.18 12:53:45.840,2.0832,2.08363,1.05,1.50
2012.05.18 12:53:45.913,2.08318,2.08365,1.05,1.50
2012.05.18 12:53:46.122,2.08327,2.08373,1.05,2.22
2012.05.18 12:53:46.362,2.08307,2.08354,1.05,1.43
2012.05.18 12:53:46.822,2.083,2.08333,1.50,1.50
2012.05.18 12:53:46.891,2.08292,2.08333,1.05,1.50
2012.05.18 12:53:47.169,2.08292,2.08341,2.55,1.05
2012.05.18 12:53:47.239,2.08306,2.08352,1.05,1.28
2012.05.18 12:53:48.468,2.08306,2.08355,1.05,1.73
2012.05.18 12:53:49.338,2.08306,2.08355,1.05,1.05
2012.05.18 12:53:49.409,2.08321,2.08359,1.05,1.50
2012.05.18 12:53:50.387,2.08314,2.08359,1.05,1.50
2012.05.18 12:53:57.785,2.08321,2.0836,1.05,1.50
2012.05.18 12:53:57.850,2.08321,2.08367,1.05,2.93
2012.05.18 12:53:59.009,2.08327,2.08367,1.05,1.50
2012.05.18 12:54:00.537,2.08327,2.08374,1.05,2.18
2012.05.18 12:54:00.794,2.08324,2.08372,1.05,1.05
2012.05.18 12:54:02.217,2.08324,2.08361,1.05,1.50
2012.05.18 12:54:02.530,2.08324,2.08357,1.05,1.50
2012.05.18 12:54:02.599,2.08318,2.08357,1.05,1.50
2012.05.18 12:54:02.671,2.08318,2.08355,1.05,1.50
2012.05.18 12:54:03.000,2.08318,2.08351,1.05,1.50
2012.05.18 12:54:03.899,2.08311,2.08351,1.05,1.50
2012.05.18 12:54:05.080,2.08311,2.08355,1.05,1.50
2012.05.18 12:54:06.618,2.08311,2.08355,1.05,3.00
2012.05.18 12:54:06.759,2.08297,2.08345,1.05,1.43
2012.05.18 12:54:07.066,2.08297,2.08341,1.05,1.50
2012.05.18 12:54:11.191,2.08297,2.08344,1.05,1.50
2012.05.18 12:54:12.234,2.08297,2.08345,1.05,1.43
2012.05.18 12:54:13.161,2.08297,2.0834,1.05,1.50
2012.05.18 12:54:13.490,2.08297,2.08344,1.05,1.50
2012.05.18 12:54:13.888,2.08304,2.08349,1.05,1.50
2012.05.18 12:54:14.216,2.08338,2.08349,1.05,1.50
2012.05.18 12:54:14.659,2.08309,2.08349,1.05,1.50
2012.05.18 12:54:14.848,2.08309,2.08358,1.05,1.50
2012.05.18 12:54:14.918,2.08309,2.08355,1.05,1.50
2012.05.18 12:54:15.444,2.08305,2.08361,1.05,1.43
2012.05.18 12:54:15.789,2.08305,2.08354,1.05,1.50
2012.05.18 12:54:17.458,2.08325,2.08352,1.05,1.50
2012.05.18 12:54:17.729,2.08325,2.08363,1.05,1.88
2012.05.18 12:54:17.859,2.08305,2.08361,1.05,1.43
2012.05.18 12:54:18.218,2.08305,2.08352,1.05,1.50
2012.05.18 12:54:18.291,2.08305,2.08356,1.05,1.50
2012.05.18 12:54:18.359,2.08305,2.08359,1.05,1.88
2012.05.18 12:54:19.230,2.08305,2.08356,1.05,1.50
2012.05.18 12:54:19.947,2.08312,2.08356,1.05,1.50
2012.05.18 12:54:20.758,2.08305,2.08356,1.05,1.50
2012.05.18 12:54:21.980,2.08305,2.0835,1.05,1.50
2012.05.18 12:54:22.527,2.08305,2.08355,1.05,1.50
2012.05.18 12:54:23.048,2.08304,2.08356,1.05,1.50
2012.05.18 12:54:23.187,2.08311,2.08356,1.05,1.50
2012.05.18 12:54:23.259,2.08311,2.0836,1.05,1.50
2012.05.18 12:54:23.329,2.08311,2.08362,1.05,1.50
2012.05.18 12:54:23.517,2.08318,2.08362,1.05,1.50
2012.05.18 12:54:24.406,2.08318,2.08367,1.05,1.88
2012.05.18 12:54:24.598,2.08318,2.08368,1.05,1.50
2012.05.18 12:54:24.668,2.08312,2.08363,1.05,1.50
2012.05.18 12:54:24.738,2.08312,2.08367,1.05,3.00
2012.05.18 12:54:24.928,2.08317,2.08367,1.05,1.88
2012.05.18 12:54:24.998,2.08312,2.08367,1.05,1.88
2012.05.18 12:54:25.329,2.08324,2.08372,1.05,1.50
2012.05.18 12:54:25.465,2.08318,2.08374,1.05,1.13
2012.05.18 12:54:25.711,2.08324,2.08377,1.05,1.50
2012.05.18 12:54:26.101,2.08324,2.08366,1.05,1.50
2012.05.18 12:54:26.604,2.08324,2.08363,1.05,1.50
2012.05.18 12:54:27.745,2.08324,2.08372,1.05,1.50
2012.05.18 12:54:28.793,2.08324,2.08366,1.05,1.50
2012.05.18 12:54:28.918,2.08324,2.0837,1.05,1.50
2012.05.18 12:54:28.992,2.08324,2.08372,1.05,1.50
2012.05.18 12:54:29.723,2.08324,2.08365,1.05,1.50
2012.05.18 12:54:30.029,2.08332,2.0835,1.05,1.50
2012.05.18 12:54:30.266,2.08325,2.0835,1.05,1.50
2012.05.18 12:54:31.200,2.08325,2.08353,1.05,1.50
2012.05.18 12:54:31.739,2.08325,2.08347,1.05,1.50
2012.05.18 12:54:32.298,2.08325,2.08353,1.05,1.50
2012.05.18 12:54:32.834,2.08325,2.08358,1.05,1.50
2012.05.18 12:54:32.905,2.08325,2.08362,1.05,1.50
2012.05.18 12:54:32.970,2.08318,2.08362,1.05,1.88
2012.05.18 12:54:33.041,2.08311,2.08357,1.05,1.05
2012.05.18 12:54:33.230,2.08316,2.08357,1.05,1.50
2012.05.18 12:54:33.297,2.08316,2.08365,1.05,2.55
2012.05.18 12:54:33.594,2.08316,2.08365,1.05,3.30
2012.05.18 12:54:33.904,2.08311,2.08348,1.05,1.50
2012.05.18 12:54:34.479,2.08316,2.08348,1.05,1.50
2012.05.18 12:54:34.609,2.08311,2.08348,1.05,1.50
2012.05.18 12:54:34.739,2.08317,2.08348,1.05,1.50
2012.05.18 12:54:35.072,2.08324,2.08348,1.05,1.50
2012.05.18 12:54:35.469,2.08316,2.08349,1.05,1.50
2012.05.18 12:54:35.602,2.08325,2.08349,1.05,1.50
2012.05.18 12:54:35.729,2.08325,2.08354,1.05,1.50
2012.05.18 12:54:35.798,2.08325,2.08363,1.05,1.50
2012.05.18 12:54:35.927,2.08317,2.08363,1.05,1.50
2012.05.18 12:54:36.180,2.08317,2.08356,1.05,1.50
2012.05.18 12:54:36.646,2.08317,2.08361,1.05,1.50
2012.05.18 12:54:42.212,2.08317,2.08361,1.05,2.25
2012.05.18 12:54:42.429,2.08317,2.08361,1.05,1.50
2012.05.18 12:54:42.649,2.08317,2.08355,1.05,1.50
2012.05.18 12:54:55.460,2.08317,2.08354,1.05,1.50
2012.05.18 12:54:55.649,2.0831,2.08349,1.05,3.00
2012.05.18 12:54:55.718,2.0831,2.08344,1.05,1.50
2012.05.18 12:54:56.207,2.08303,2.08344,1.05,1.50
2012.05.18 12:54:57.436,2.08306,2.08344,1.05,1.50
2012.05.18 12:54:57.810,2.08306,2.08349,1.05,1.50
2012.05.18 12:54:58.398,2.08306,2.0835,1.05,1.50
2012.05.18 12:54:58.978,2.08304,2.0835,1.05,1.50
2012.05.18 12:54:59.052,2.08304,2.08345,1.05,1.50
2012.05.18 12:54:59.378,2.08317,2.08345,1.05,1.50
2012.05.18 12:54:59.789,2.08317,2.08349,1.05,1.50
2012.05.18 12:55:01.670,2.08317,2.0835,1.05,1.50
2012.05.18 12:55:02.448,2.08317,2.08356,1.05,1.50
2012.05.18 12:55:02.967,2.08317,2.08364,1.05,2.55
2012.05.18 12:55:04.482,2.08315,2.08361,1.05,1.05
2012.05.18 12:55:04.722,2.08316,2.08364,1.05,1.50
2012.05.18 12:55:06.400,2.08328,2.08359,1.05,1.50
2012.05.18 12:55:06.731,2.0832,2.0835,1.05,1.50
2012.05.18 12:55:07.219,2.08326,2.08348,1.05,1.50
2012.05.18 12:55:07.629,2.08326,2.08352,1.05,1.50
2012.05.18 12:55:07.698,2.08303,2.08354,1.05,1.50
2012.05.18 12:55:07.989,2.08303,2.08346,1.05,1.50
2012.05.18 12:55:10.898,2.083,2.08346,1.05,1.50
2012.05.18 12:55:11.448,2.083,2.08335,1.05,1.50
2012.05.18 12:55:12.448,2.08291,2.08344,1.05,1.13
2012.05.18 12:55:12.520,2.08291,2.0834,1.05,1.50
2012.05.18 12:55:13.427,2.08301,2.0834,1.05,1.50
2012.05.18 12:55:13.757,2.08301,2.08333,1.05,1.50
2012.05.18 12:55:15.797,2.08302,2.08333,1.05,1.50
2012.05.18 12:55:16.190,2.08302,2.0834,1.05,1.50
2012.05.18 12:55:16.261,2.08302,2.0833,1.05,1.50
2012.05.18 12:55:16.694,2.08302,2.08326,1.05,1.50
2012.05.18 12:55:16.949,2.08302,2.08331,1.05,1.50
2012.05.18 12:55:17.081,2.08302,2.08339,1.05,1.50
2012.05.18 12:55:17.149,2.08266,2.08333,2.63,1.50
2012.05.18 12:55:17.497,2.0827,2.0834,2.25,1.50
2012.05.18 12:55:17.628,2.08276,2.08345,2.25,1.50
2012.05.18 12:55:18.250,2.08302,2.08349,1.05,1.50
2012.05.18 12:55:18.317,2.08305,2.08349,1.05,1.50
2012.05.18 12:55:18.531,2.08305,2.08353,1.05,2.93
2012.05.18 12:55:18.888,2.0831,2.08353,1.05,1.88
2012.05.18 12:55:19.562,2.0831,2.08353,1.05,1.50
2012.05.18 12:55:20.217,2.08314,2.08353,1.05,1.50
2012.05.18 12:55:20.854,2.08316,2.08353,1.05,1.50
2012.05.18 12:55:21.376,2.08316,2.08352,1.05,1.50
2012.05.18 12:55:21.693,2.08319,2.08347,1.05,1.50
2012.05.18 12:55:21.760,2.08304,2.08347,1.05,1.50
2012.05.18 12:55:21.829,2.08304,2.08332,1.05,1.50
2012.05.18 12:55:22.158,2.08324,2.08336,1.05,1.50
2012.05.18 12:55:22.229,2.0832,2.08336,1.50,2.55
2012.05.18 12:55:22.301,2.08324,2.08336,1.50,1.80
2012.05.18 12:55:22.370,2.08319,2.08336,1.50,1.80
2012.05.18 12:55:22.439,2.08285,2.08334,1.05,1.50
2012.05.18 12:55:22.509,2.08296,2.08336,1.50,1.05
2012.05.18 12:55:22.580,2.083,2.08346,1.05,1.13
2012.05.18 12:55:24.093,2.083,2.08348,1.05,2.32
2012.05.18 12:55:24.157,2.08314,2.08348,1.05,1.27
2012.05.18 12:55:24.228,2.08314,2.08354,1.05,1.13
2012.05.18 12:55:24.300,2.08314,2.08344,1.05,1.50
2012.05.18 12:55:24.607,2.083,2.08323,1.05,1.50
2012.05.18 12:55:27.680,2.08301,2.08323,1.05,1.50
2012.05.18 12:55:29.451,2.08293,2.08323,1.05,1.50
2012.05.18 12:55:29.622,2.08293,2.08327,1.05,1.50
2012.05.18 12:55:29.689,2.08293,2.08324,1.05,1.50
2012.05.18 12:55:29.758,2.08291,2.08324,1.05,1.50
2012.05.18 12:55:29.829,2.08291,2.08334,1.05,1.50
2012.05.18 12:55:29.897,2.08288,2.08334,1.05,1.50
2012.05.18 12:55:30.341,2.08296,2.08334,1.05,1.50
2012.05.18 12:55:30.409,2.08296,2.0834,1.05,1.50
2012.05.18 12:55:30.481,2.08296,2.08344,1.05,1.50
2012.05.18 12:55:30.550,2.08296,2.08349,1.05,1.50
2012.05.18 12:55:32.183,2.08297,2.08349,1.05,1.50
2012.05.18 12:55:32.248,2.08297,2.08342,1.05,1.50
2012.05.18 12:55:32.891,2.08296,2.08345,1.05,1.50
2012.05.18 12:55:32.967,2.0829,2.08348,1.05,1.05
2012.05.18 12:55:33.042,2.08308,2.08349,1.05,1.50
2012.05.18 12:55:33.241,2.08308,2.08355,1.05,2.55
2012.05.18 12:55:33.308,2.08308,2.08348,1.05,1.50
2012.05.18 12:55:33.503,2.08291,2.08347,1.05,2.55
2012.05.18 12:55:33.571,2.08291,2.08343,1.05,1.50
2012.05.18 12:55:34.443,2.08286,2.08343,1.05,1.50
2012.05.18 12:55:34.981,2.0829,2.08343,1.05,1.50
2012.05.18 12:55:35.049,2.0829,2.08346,1.05,1.05
2012.05.18 12:55:35.423,2.0829,2.08339,1.05,1.50
2012.05.18 12:55:35.734,2.0829,2.08335,1.05,1.50
2012.05.18 12:55:35.880,2.0829,2.08338,1.05,1.50
2012.05.18 12:55:37.778,2.08293,2.08338,1.05,1.50
2012.05.18 12:55:38.717,2.08294,2.08338,1.05,1.50
2012.05.18 12:55:40.714,2.08293,2.08338,1.05,1.50
2012.05.18 12:55:41.621,2.08293,2.08346,1.05,1.50
2012.05.18 12:55:41.820,2.08291,2.08346,1.05,1.50
2012.05.18 12:55:42.013,2.08291,2.08334,1.05,1.50
2012.05.18 12:55:42.384,2.0831,2.08345,1.05,1.50
2012.05.18 12:55:42.909,2.0831,2.08355,1.05,1.50
2012.05.18 12:55:43.289,2.0831,2.0835,1.05,1.50
2012.05.18 12:55:44.357,2.0831,2.08346,1.05,1.50
2012.05.18 12:55:45.504,2.0831,2.08343,1.05,1.50
2012.05.18 12:55:45.954,2.0831,2.08346,1.05,1.50
2012.05.18 12:55:46.018,2.0831,2.0835,1.05,1.50
2012.05.18 12:55:47.451,2.0831,2.08347,1.05,1.50
2012.05.18 12:55:47.882,2.08313,2.08343,1.05,1.50
2012.05.18 12:55:48.339,2.08285,2.0834,1.05,1.05
2012.05.18 12:55:48.470,2.08285,2.08338,1.05,1.50
2012.05.18 12:55:48.856,2.08285,2.08331,1.05,1.50
2012.05.18 12:55:49.175,2.08285,2.08338,1.05,1.50
2012.05.18 12:55:50.509,2.08285,2.08335,1.05,1.50
2012.05.18 12:55:51.144,2.08285,2.0833,1.05,1.50
2012.05.18 12:55:51.497,2.08296,2.0833,1.05,1.50
2012.05.18 12:55:51.990,2.08296,2.08332,1.05,1.50
2012.05.18 12:55:52.788,2.08296,2.0833,1.05,1.50
2012.05.18 12:55:53.930,2.08296,2.08331,1.05,1.50
2012.05.18 12:55:55.389,2.08296,2.08334,1.05,1.50
2012.05.18 12:55:55.598,2.08296,2.08345,1.05,2.55
2012.05.18 12:55:55.988,2.08296,2.08342,1.05,1.50
2012.05.18 12:55:57.791,2.08283,2.0833,1.80,1.05
2012.05.18 12:55:58.623,2.08283,2.0833,1.05,1.05
2012.05.18 12:55:59.539,2.08285,2.0834,1.05,1.05
2012.05.18 12:55:59.688,2.08287,2.08341,1.05,1.05
2012.05.18 12:56:04.852,2.0829,2.08341,1.05,1.05
2012.05.18 12:56:08.054,2.08288,2.0834,1.05,1.05
2012.05.18 12:56:08.126,2.08285,2.08338,1.05,1.05
2012.05.18 12:56:08.479,2.08283,2.0833,1.05,1.05
2012.05.18 12:56:09.165,2.08283,2.0833,1.80,1.05
2012.05.18 12:56:15.989,2.08283,2.0833,1.05,1.05
2012.05.18 12:56:16.990,2.08286,2.08339,1.05,1.50
2012.05.18 12:56:17.807,2.08285,2.08339,1.05,1.50
2012.05.18 12:56:19.514,2.08287,2.08339,1.05,1.50
2012.05.18 12:56:20.192,2.08286,2.08339,1.05,2.55
2012.05.18 12:56:21.390,2.08283,2.0833,1.05,1.05
2012.05.18 12:56:21.819,2.08285,2.08331,1.05,1.05
2012.05.18 12:56:22.189,2.08282,2.08331,1.05,1.05
2012.05.18 12:56:23.967,2.08282,2.08324,1.05,1.50
2012.05.18 12:56:24.839,2.08278,2.08324,1.05,1.50
2012.05.18 12:56:24.909,2.08266,2.08313,1.05,1.05
2012.05.18 12:56:25.347,2.08283,2.08324,1.05,1.50
2012.05.18 12:56:25.477,2.08276,2.08322,1.05,1.50
2012.05.18 12:56:25.551,2.08276,2.08324,1.05,1.05
2012.05.18 12:56:25.738,2.08269,2.08318,1.05,1.05
2012.05.18 12:56:27.436,2.08277,2.08323,1.05,1.05
2012.05.18 12:56:27.748,2.08264,2.0831,1.05,1.05
2012.05.18 12:56:28.510,2.08264,2.08308,1.05,1.50
2012.05.18 12:56:28.924,2.08269,2.08304,1.05,1.50
2012.05.18 12:56:29.192,2.08269,2.08308,1.05,1.50
2012.05.18 12:56:29.261,2.08269,2.08318,1.05,1.05
2012.05.18 12:56:29.778,2.08265,2.08316,1.50,1.05
2012.05.18 12:56:30.318,2.08266,2.08317,1.05,1.05
2012.05.18 12:56:30.449,2.08268,2.08318,1.05,1.05
2012.05.18 12:56:30.790,2.08268,2.08316,1.05,1.05
2012.05.18 12:56:31.109,2.0827,2.08317,1.05,1.05
2012.05.18 12:56:31.479,2.08272,2.08321,1.05,1.05
2012.05.18 12:56:31.581,2.08279,2.08323,1.05,1.50
2012.05.18 12:56:31.834,2.08273,2.0832,1.05,1.05
2012.05.18 12:56:35.303,2.08278,2.08325,1.05,1.50
2012.05.18 12:56:38.129,2.08278,2.08322,1.05,1.50
2012.05.18 12:56:38.448,2.08278,2.08317,1.05,1.50
2012.05.18 12:56:40.000,2.08278,2.08325,1.05,1.50
2012.05.18 12:56:41.431,2.08278,2.08327,1.05,1.05
2012.05.18 12:56:43.142,2.08275,2.08323,1.80,1.05
2012.05.18 12:56:43.600,2.08278,2.08327,1.05,1.05
2012.05.18 12:56:53.729,2.08278,2.08324,1.05,1.50
2012.05.18 12:56:53.800,2.08278,2.08327,1.05,1.05
2012.05.18 12:56:53.927,2.08292,2.08329,1.05,1.50
2012.05.18 12:56:54.499,2.08292,2.08336,1.05,1.50
2012.05.18 12:56:54.718,2.08292,2.08339,1.05,1.50
2012.05.18 12:56:54.787,2.08279,2.08326,1.05,1.05
2012.05.18 12:56:59.347,2.08279,2.08325,1.05,1.50
2012.05.18 12:56:59.897,2.08279,2.08326,1.05,1.05
2012.05.18 12:57:01.230,2.08279,2.08319,1.05,1.50
2012.05.18 12:57:09.274,2.08279,2.08323,1.05,1.50
2012.05.18 12:57:09.581,2.08279,2.08326,1.05,1.05
2012.05.18 12:57:15.230,2.08293,2.08334,1.05,1.50
2012.05.18 12:57:15.360,2.08288,2.08334,1.05,1.50
2012.05.18 12:57:15.429,2.08288,2.08336,1.05,1.05
2012.05.18 12:57:15.938,2.08299,2.08339,1.05,1.50
2012.05.18 12:57:16.348,2.08299,2.08346,1.05,1.05
2012.05.18 12:57:17.717,2.08299,2.08346,1.05,1.80
2012.05.18 12:57:17.908,2.08293,2.08339,1.05,1.05
2012.05.18 12:57:19.119,2.08286,2.08333,1.05,1.05
2012.05.18 12:57:20.610,2.08292,2.0834,1.05,1.05
2012.05.18 12:57:26.060,2.08306,2.08341,1.05,1.50
2012.05.18 12:57:26.589,2.08299,2.08341,1.05,1.50
2012.05.18 12:57:27.768,2.08299,2.08346,1.05,2.55
2012.05.18 12:57:28.937,2.08299,2.08342,1.05,1.50
2012.05.18 12:57:30.891,2.08299,2.08346,1.05,4.05
2012.05.18 12:57:31.461,2.08299,2.08346,1.05,3.30
2012.05.18 12:57:31.609,2.08293,2.08339,1.05,1.05
2012.05.18 12:57:35.685,2.08293,2.08339,1.05,3.30
2012.05.18 12:57:35.796,2.08293,2.08339,1.05,2.55
2012.05.18 12:57:35.930,2.08293,2.08339,1.05,3.30
2012.05.18 12:57:36.602,2.08293,2.08334,1.05,1.50
2012.05.18 12:57:37.087,2.08293,2.08329,1.05,1.50
2012.05.18 12:57:43.608,2.08293,2.08335,1.05,1.50
2012.05.18 12:57:43.886,2.0829,2.08335,1.05,1.50
2012.05.18 12:57:44.102,2.0829,2.08331,1.05,1.50
2012.05.18 12:57:45.431,2.08293,2.08334,1.05,1.50
2012.05.18 12:57:45.989,2.08293,2.08328,1.05,1.50
2012.05.18 12:57:53.290,2.08293,2.08329,1.05,1.50
2012.05.18 12:57:55.681,2.08293,2.08335,1.05,2.25
2012.05.18 12:57:55.812,2.08293,2.08322,1.05,1.50
2012.05.18 12:57:55.941,2.08279,2.08314,1.05,1.50
2012.05.18 12:57:56.010,2.08279,2.08326,1.05,1.05
2012.05.18 12:57:56.107,2.08293,2.08335,1.05,2.25
2012.05.18 12:57:56.531,2.08293,2.08335,1.05,3.00
2012.05.18 12:57:56.600,2.08268,2.08313,1.50,1.05
2012.05.18 12:57:56.990,2.08271,2.08313,1.50,1.05
2012.05.18 12:57:57.068,2.08277,2.08326,1.05,1.05
2012.05.18 12:57:57.141,2.08284,2.08326,1.50,1.05
2012.05.18 12:57:57.270,2.08285,2.08332,1.05,1.05
2012.05.18 12:57:57.402,2.08285,2.08332,1.05,1.80
2012.05.18 12:57:57.959,2.08284,2.0833,1.50,1.05
2012.05.18 12:57:58.402,2.08279,2.08324,1.50,1.50
2012.05.18 12:57:58.470,2.08276,2.08324,1.05,1.50
2012.05.18 12:57:59.869,2.08271,2.08319,1.05,1.05
2012.05.18 12:58:00.333,2.08272,2.08321,1.05,1.05
2012.05.18 12:58:00.461,2.08278,2.08324,1.05,1.50
2012.05.18 12:58:01.811,2.08278,2.08317,1.05,1.50
2012.05.18 12:58:02.093,2.08272,2.08317,1.05,1.50
2012.05.18 12:58:03.477,2.08272,2.08318,1.05,1.05
2012.05.18 12:58:04.647,2.08277,2.08324,1.05,1.50
2012.05.18 12:58:06.147,2.08285,2.08324,1.05,1.50
2012.05.18 12:58:06.590,2.08278,2.08324,1.05,1.50
2012.05.18 12:58:06.718,2.08285,2.08324,1.05,1.50
2012.05.18 12:58:07.816,2.0828,2.08324,1.05,2.25
2012.05.18 12:58:07.917,2.08285,2.08324,1.05,2.25
2012.05.18 12:58:08.673,2.08277,2.08324,1.05,2.25
2012.05.18 12:58:14.657,2.08284,2.08324,1.05,1.50
2012.05.18 12:58:19.750,2.08284,2.08331,1.05,1.50
2012.05.18 12:58:19.818,2.08277,2.08326,1.05,1.05
2012.05.18 12:58:20.796,2.08277,2.08325,1.05,1.50
2012.05.18 12:58:21.301,2.08277,2.08326,1.05,1.05
2012.05.18 12:58:23.889,2.08276,2.08325,1.05,1.05
2012.05.18 12:58:24.280,2.08272,2.08318,1.43,1.05
2012.05.18 12:58:24.410,2.08278,2.08326,1.05,1.50
2012.05.18 12:58:24.729,2.08305,2.08326,1.05,1.50
2012.05.18 12:58:24.952,2.08305,2.08331,1.05,1.50
2012.05.18 12:58:25.081,2.08305,2.08339,1.05,1.50
2012.05.18 12:58:25.641,2.08305,2.08353,1.05,1.50
2012.05.18 12:58:25.770,2.08305,2.08348,1.05,1.50
2012.05.18 12:58:29.108,2.08304,2.08348,1.05,1.50
2012.05.18 12:58:30.921,2.08305,2.08348,1.05,1.50
2012.05.18 12:58:33.108,2.08305,2.08353,1.05,3.00
2012.05.18 12:58:33.239,2.08305,2.08348,1.05,1.50
2012.05.18 12:58:36.388,2.08305,2.08352,1.05,1.50
2012.05.18 12:58:36.457,2.08305,2.08354,1.05,2.55
2012.05.18 12:58:37.860,2.08305,2.08351,1.05,1.50
2012.05.18 12:58:38.112,2.08305,2.08353,1.05,1.50
2012.05.18 12:58:38.182,2.08292,2.08341,1.05,1.05
2012.05.18 12:58:38.591,2.08295,2.08341,1.50,1.05
2012.05.18 12:58:38.910,2.08298,2.08341,1.50,1.05
2012.05.18 12:58:39.158,2.08296,2.08342,1.05,1.05
2012.05.18 12:58:40.181,2.08292,2.08341,2.55,1.05
2012.05.18 12:58:40.957,2.08297,2.08341,1.50,1.05
2012.05.18 12:58:42.103,2.08301,2.08341,1.50,1.05
2012.05.18 12:58:44.302,2.08309,2.08341,1.50,1.05
2012.05.18 12:58:44.432,2.08309,2.08357,1.50,1.05
2012.05.18 12:58:44.506,2.08321,2.08357,1.50,1.05
2012.05.18 12:58:47.048,2.08325,2.08357,1.50,1.05
2012.05.18 12:58:47.178,2.08325,2.0837,1.50,1.05
2012.05.18 12:58:47.249,2.08325,2.08358,1.50,1.05
2012.05.18 12:58:48.177,2.08325,2.08362,1.50,1.05
2012.05.18 12:58:49.450,2.08321,2.08362,1.50,1.05
2012.05.18 12:58:49.521,2.08315,2.08362,1.50,1.05
2012.05.18 12:58:50.118,2.0832,2.08362,1.50,1.05
2012.05.18 12:58:51.023,2.08321,2.08362,1.50,1.05
2012.05.18 12:58:52.892,2.08321,2.08354,1.50,1.05
2012.05.18 12:58:53.223,2.08321,2.08346,1.50,1.05
2012.05.18 12:58:53.291,2.08321,2.08367,2.55,1.05
2012.05.18 12:58:53.359,2.08334,2.08381,1.05,1.80
2012.05.18 12:58:53.701,2.08355,2.08401,1.05,1.05
2012.05.18 12:58:54.091,2.08346,2.08392,1.50,1.05
2012.05.18 12:58:54.223,2.08334,2.08392,2.55,1.05
2012.05.18 12:58:54.718,2.08335,2.08387,1.50,1.05
2012.05.18 12:58:55.112,2.0833,2.08357,1.50,1.50
2012.05.18 12:58:55.179,2.08311,2.08357,1.05,1.50
2012.05.18 12:58:55.248,2.08311,2.08345,1.05,1.50
2012.05.18 12:58:55.318,2.08307,2.08345,1.05,1.50
2012.05.18 12:58:55.387,2.08307,2.08345,1.80,1.50
2012.05.18 12:58:55.457,2.08307,2.08349,1.80,1.50
2012.05.18 12:58:55.528,2.08307,2.08364,1.80,1.05
2012.05.18 12:58:55.659,2.08334,2.08372,1.05,1.50
2012.05.18 12:58:55.973,2.08327,2.08372,1.05,1.50
2012.05.18 12:58:56.045,2.08327,2.08358,1.05,1.50
2012.05.18 12:58:56.288,2.08307,2.08341,1.05,1.50
2012.05.18 12:58:56.420,2.08307,2.08357,1.05,1.50
2012.05.18 12:58:56.492,2.08312,2.08357,1.05,1.50
2012.05.18 12:58:56.799,2.08326,2.08357,1.05,1.50
2012.05.18 12:58:56.988,2.08335,2.08368,1.05,1.50
2012.05.18 12:58:57.596,2.08335,2.08391,1.05,1.05
2012.05.18 12:58:58.138,2.08335,2.0839,1.05,1.50
2012.05.18 12:58:58.660,2.08335,2.08391,1.05,1.05
2012.05.18 12:58:58.912,2.08355,2.08401,1.05,1.05
2012.05.18 12:58:59.860,2.08341,2.08388,1.05,1.05
2012.05.18 12:59:04.148,2.08348,2.08388,1.50,1.05
2012.05.18 12:59:04.218,2.08348,2.08394,1.50,1.05
2012.05.18 12:59:04.774,2.08347,2.08394,1.05,1.05
2012.05.18 12:59:05.289,2.08342,2.08388,1.50,1.05
2012.05.18 12:59:07.288,2.08341,2.08382,1.05,1.50
2012.05.18 12:59:09.307,2.08341,2.08388,1.05,1.05
2012.05.18 12:59:09.497,2.08355,2.08401,1.05,1.05
2012.05.18 12:59:10.009,2.08346,2.08394,1.05,1.05
2012.05.18 12:59:10.229,2.08352,2.08399,1.05,1.05
2012.05.18 12:59:10.435,2.0835,2.08398,1.05,1.05
2012.05.18 12:59:13.533,2.08354,2.08402,1.05,1.05
2012.05.18 12:59:16.245,2.08354,2.08396,1.05,1.50
2012.05.18 12:59:16.790,2.08354,2.08391,1.05,1.50
2012.05.18 12:59:18.902,2.08352,2.08391,1.05,1.50
2012.05.18 12:59:19.703,2.08351,2.08391,1.05,1.50
2012.05.18 12:59:20.318,2.08351,2.08397,1.05,1.05
2012.05.18 12:59:21.518,2.08351,2.08394,1.05,1.50
2012.05.18 12:59:28.319,2.08348,2.08394,1.05,1.50
2012.05.18 12:59:29.383,2.08348,2.08391,1.05,1.50
2012.05.18 12:59:29.989,2.08348,2.08392,1.05,1.50
2012.05.18 12:59:30.703,2.08351,2.08392,1.05,1.50
2012.05.18 12:59:31.055,2.08355,2.08395,1.05,1.50
2012.05.18 12:59:31.422,2.08355,2.084,1.05,1.50
2012.05.18 12:59:31.495,2.08355,2.08391,1.05,1.50
2012.05.18 12:59:31.694,2.08355,2.08396,1.05,3.00
2012.05.18 12:59:31.932,2.08355,2.08391,1.05,1.50
2012.05.18 12:59:33.693,2.08347,2.08391,1.05,1.50
2012.05.18 12:59:34.040,2.08355,2.08391,1.05,1.50
2012.05.18 12:59:34.109,2.08355,2.08401,1.05,1.05
2012.05.18 12:59:37.192,2.08356,2.08402,1.05,1.50
2012.05.18 12:59:37.621,2.08354,2.08402,1.05,2.55
2012.05.18 12:59:38.256,2.08354,2.08393,1.05,1.50
2012.05.18 12:59:38.330,2.08351,2.08393,1.05,1.50
2012.05.18 12:59:38.459,2.08351,2.08397,1.05,1.05
2012.05.18 12:59:38.527,2.08354,2.084,1.05,1.50
2012.05.18 12:59:39.048,2.08354,2.08402,1.05,1.05
2012.05.18 12:59:39.271,2.08356,2.08403,1.05,1.05
2012.05.18 12:59:41.921,2.08355,2.08401,1.05,1.05
2012.05.18 12:59:42.668,2.08361,2.08401,1.50,1.05
2012.05.18 12:59:43.029,2.08356,2.08401,1.50,1.05
2012.05.18 12:59:43.656,2.08355,2.08401,1.05,1.05
2012.05.18 12:59:46.018,2.08338,2.08384,1.05,1.05
2012.05.18 12:59:46.352,2.08345,2.08392,1.05,1.05
2012.05.18 12:59:46.602,2.08335,2.08382,1.05,1.05
2012.05.18 12:59:46.939,2.0833,2.08376,1.05,1.05
2012.05.18 12:59:47.188,2.08348,2.08401,1.05,1.05
2012.05.18 12:59:47.902,2.08351,2.08401,1.05,1.05
2012.05.18 12:59:48.354,2.08351,2.08399,1.05,1.50
2012.05.18 12:59:48.422,2.08351,2.08401,1.05,1.05
2012.05.18 12:59:48.759,2.08351,2.08398,1.05,1.50
2012.05.18 12:59:49.269,2.08351,2.08395,1.05,1.50
2012.05.18 12:59:49.337,2.08351,2.08401,1.05,1.05
2012.05.18 12:59:49.857,2.08351,2.08401,1.05,1.80
2012.05.18 12:59:49.988,2.08326,2.08375,1.50,1.05
2012.05.18 12:59:50.118,2.08322,2.08375,1.05,1.05
2012.05.18 12:59:51.199,2.08326,2.08374,1.05,1.05
2012.05.18 12:59:52.499,2.08327,2.08374,1.05,1.05
2012.05.18 12:59:53.231,2.08326,2.08374,1.05,1.05
2012.05.18 12:59:53.549,2.08326,2.08372,1.05,1.50
2012.05.18 12:59:53.861,2.08291,2.08339,1.50,1.05
2012.05.18 12:59:54.349,2.08304,2.08352,1.05,1.05
2012.05.18 12:59:54.669,2.08307,2.08352,1.50,1.05
2012.05.18 12:59:55.082,2.08316,2.08359,1.50,1.05
2012.05.18 12:59:55.220,2.08338,2.08386,1.05,1.80
2012.05.18 12:59:55.288,2.08328,2.08376,1.50,1.05
2012.05.18 12:59:55.597,2.08339,2.08385,1.05,1.05
2012.05.18 12:59:57.368,2.08332,2.08379,1.05,1.05
2012.05.18 12:59:58.378,2.08336,2.08379,1.50,1.05
2012.05.18 12:59:58.698,2.08347,2.08379,1.50,1.05
2012.05.18 12:59:59.031,2.08349,2.08379,1.50,1.05
2012.05.18 12:59:59.160,2.08354,2.08385,1.50,1.05
2012.05.18 12:59:59.290,2.08339,2.08385,1.05,1.05
2012.05.18 12:59:59.358,2.08336,2.08372,1.50,1.05
2012.05.18 12:59:59.688,2.08331,2.08366,1.50,1.05
